.code32
.section d078c000,"dw"
.byte 0x47, 0x10, 0x5a, 0x3f, 0x02, 0x24, 0x5a, 0x3f, 0xb7, 0x37, 0x5a, 0x3f, 0x66, 0x4b, 0x5a, 0x3f
.byte 0x0f, 0x5f, 0x5a, 0x3f, 0xb2, 0x72, 0x5a, 0x3f, 0x4f, 0x86, 0x5a, 0x3f, 0xe6, 0x99, 0x5a, 0x3f
.byte 0x77, 0xad, 0x5a, 0x3f, 0x03, 0xc1, 0x5a, 0x3f, 0x88, 0xd4, 0x5a, 0x3f, 0x07, 0xe8, 0x5a, 0x3f
.byte 0x81, 0xfb, 0x5a, 0x3f, 0xf4, 0x0e, 0x5b, 0x3f, 0x62, 0x22, 0x5b, 0x3f, 0xc9, 0x35, 0x5b, 0x3f
.byte 0x2b, 0x49, 0x5b, 0x3f, 0x87, 0x5c, 0x5b, 0x3f, 0xdc, 0x6f, 0x5b, 0x3f, 0x2c, 0x83, 0x5b, 0x3f
.byte 0x76, 0x96, 0x5b, 0x3f, 0xba, 0xa9, 0x5b, 0x3f, 0xf8, 0xbc, 0x5b, 0x3f, 0x2f, 0xd0, 0x5b, 0x3f
.byte 0x61, 0xe3, 0x5b, 0x3f, 0x8d, 0xf6, 0x5b, 0x3f, 0xb3, 0x09, 0x5c, 0x3f, 0xd4, 0x1c, 0x5c, 0x3f
.byte 0xee, 0x2f, 0x5c, 0x3f, 0x02, 0x43, 0x5c, 0x3f, 0x10, 0x56, 0x5c, 0x3f, 0x18, 0x69, 0x5c, 0x3f
.byte 0x1a, 0x7c, 0x5c, 0x3f, 0x17, 0x8f, 0x5c, 0x3f, 0x0d, 0xa2, 0x5c, 0x3f, 0xfd, 0xb4, 0x5c, 0x3f
.byte 0xe8, 0xc7, 0x5c, 0x3f, 0xcc, 0xda, 0x5c, 0x3f, 0xab, 0xed, 0x5c, 0x3f, 0x83, 0x00, 0x5d, 0x3f
.byte 0x56, 0x13, 0x5d, 0x3f, 0x22, 0x26, 0x5d, 0x3f, 0xe9, 0x38, 0x5d, 0x3f, 0xa9, 0x4b, 0x5d, 0x3f
.byte 0x64, 0x5e, 0x5d, 0x3f, 0x18, 0x71, 0x5d, 0x3f, 0xc7, 0x83, 0x5d, 0x3f, 0x70, 0x96, 0x5d, 0x3f
.byte 0x12, 0xa9, 0x5d, 0x3f, 0xaf, 0xbb, 0x5d, 0x3f, 0x46, 0xce, 0x5d, 0x3f, 0xd7, 0xe0, 0x5d, 0x3f
.byte 0x61, 0xf3, 0x5d, 0x3f, 0xe6, 0x05, 0x5e, 0x3f, 0x65, 0x18, 0x5e, 0x3f, 0xde, 0x2a, 0x5e, 0x3f
.byte 0x51, 0x3d, 0x5e, 0x3f, 0xbe, 0x4f, 0x5e, 0x3f, 0x24, 0x62, 0x5e, 0x3f, 0x85, 0x74, 0x5e, 0x3f
.byte 0xe0, 0x86, 0x5e, 0x3f, 0x35, 0x99, 0x5e, 0x3f, 0x84, 0xab, 0x5e, 0x3f, 0xcd, 0xbd, 0x5e, 0x3f
.byte 0x10, 0xd0, 0x5e, 0x3f, 0x4d, 0xe2, 0x5e, 0x3f, 0x84, 0xf4, 0x5e, 0x3f, 0xb5, 0x06, 0x5f, 0x3f
.byte 0xe0, 0x18, 0x5f, 0x3f, 0x05, 0x2b, 0x5f, 0x3f, 0x24, 0x3d, 0x5f, 0x3f, 0x3d, 0x4f, 0x5f, 0x3f
.byte 0x50, 0x61, 0x5f, 0x3f, 0x5d, 0x73, 0x5f, 0x3f, 0x65, 0x85, 0x5f, 0x3f, 0x66, 0x97, 0x5f, 0x3f
.byte 0x61, 0xa9, 0x5f, 0x3f, 0x56, 0xbb, 0x5f, 0x3f, 0x45, 0xcd, 0x5f, 0x3f, 0x2e, 0xdf, 0x5f, 0x3f
.byte 0x12, 0xf1, 0x5f, 0x3f, 0xef, 0x02, 0x60, 0x3f, 0xc6, 0x14, 0x60, 0x3f, 0x97, 0x26, 0x60, 0x3f
.byte 0x62, 0x38, 0x60, 0x3f, 0x28, 0x4a, 0x60, 0x3f, 0xe7, 0x5b, 0x60, 0x3f, 0xa0, 0x6d, 0x60, 0x3f
.byte 0x54, 0x7f, 0x60, 0x3f, 0x01, 0x91, 0x60, 0x3f, 0xa8, 0xa2, 0x60, 0x3f, 0x49, 0xb4, 0x60, 0x3f
.byte 0xe5, 0xc5, 0x60, 0x3f, 0x7a, 0xd7, 0x60, 0x3f, 0x0a, 0xe9, 0x60, 0x3f, 0x93, 0xfa, 0x60, 0x3f
.byte 0x16, 0x0c, 0x61, 0x3f, 0x94, 0x1d, 0x61, 0x3f, 0x0b, 0x2f, 0x61, 0x3f, 0x7d, 0x40, 0x61, 0x3f
.byte 0xe8, 0x51, 0x61, 0x3f, 0x4d, 0x63, 0x61, 0x3f, 0xad, 0x74, 0x61, 0x3f, 0x06, 0x86, 0x61, 0x3f
.byte 0x5a, 0x97, 0x61, 0x3f, 0xa7, 0xa8, 0x61, 0x3f, 0xef, 0xb9, 0x61, 0x3f, 0x30, 0xcb, 0x61, 0x3f
.byte 0x6c, 0xdc, 0x61, 0x3f, 0xa2, 0xed, 0x61, 0x3f, 0xd1, 0xfe, 0x61, 0x3f, 0xfb, 0x0f, 0x62, 0x3f
.byte 0x1e, 0x21, 0x62, 0x3f, 0x3c, 0x32, 0x62, 0x3f, 0x54, 0x43, 0x62, 0x3f, 0x65, 0x54, 0x62, 0x3f
.byte 0x71, 0x65, 0x62, 0x3f, 0x77, 0x76, 0x62, 0x3f, 0x77, 0x87, 0x62, 0x3f, 0x70, 0x98, 0x62, 0x3f
.byte 0x64, 0xa9, 0x62, 0x3f, 0x52, 0xba, 0x62, 0x3f, 0x3a, 0xcb, 0x62, 0x3f, 0x1c, 0xdc, 0x62, 0x3f
.byte 0xf7, 0xec, 0x62, 0x3f, 0xcd, 0xfd, 0x62, 0x3f, 0x9d, 0x0e, 0x63, 0x3f, 0x67, 0x1f, 0x63, 0x3f
.byte 0x2b, 0x30, 0x63, 0x3f, 0xe9, 0x40, 0x63, 0x3f, 0xa1, 0x51, 0x63, 0x3f, 0x53, 0x62, 0x63, 0x3f
.byte 0xff, 0x72, 0x63, 0x3f, 0xa5, 0x83, 0x63, 0x3f, 0x45, 0x94, 0x63, 0x3f, 0xe0, 0xa4, 0x63, 0x3f
.byte 0x74, 0xb5, 0x63, 0x3f, 0x02, 0xc6, 0x63, 0x3f, 0x8a, 0xd6, 0x63, 0x3f, 0x0d, 0xe7, 0x63, 0x3f
.byte 0x89, 0xf7, 0x63, 0x3f, 0xff, 0x07, 0x64, 0x3f, 0x70, 0x18, 0x64, 0x3f, 0xda, 0x28, 0x64, 0x3f
.byte 0x3e, 0x39, 0x64, 0x3f, 0x9d, 0x49, 0x64, 0x3f, 0xf6, 0x59, 0x64, 0x3f, 0x48, 0x6a, 0x64, 0x3f
.byte 0x95, 0x7a, 0x64, 0x3f, 0xdb, 0x8a, 0x64, 0x3f, 0x1c, 0x9b, 0x64, 0x3f, 0x57, 0xab, 0x64, 0x3f
.byte 0x8c, 0xbb, 0x64, 0x3f, 0xba, 0xcb, 0x64, 0x3f, 0xe3, 0xdb, 0x64, 0x3f, 0x06, 0xec, 0x64, 0x3f
.byte 0x23, 0xfc, 0x64, 0x3f, 0x3a, 0x0c, 0x65, 0x3f, 0x4b, 0x1c, 0x65, 0x3f, 0x56, 0x2c, 0x65, 0x3f
.byte 0x5b, 0x3c, 0x65, 0x3f, 0x5b, 0x4c, 0x65, 0x3f, 0x54, 0x5c, 0x65, 0x3f, 0x47, 0x6c, 0x65, 0x3f
.byte 0x35, 0x7c, 0x65, 0x3f, 0x1c, 0x8c, 0x65, 0x3f, 0xfe, 0x9b, 0x65, 0x3f, 0xd9, 0xab, 0x65, 0x3f
.byte 0xaf, 0xbb, 0x65, 0x3f, 0x7e, 0xcb, 0x65, 0x3f, 0x48, 0xdb, 0x65, 0x3f, 0x0c, 0xeb, 0x65, 0x3f
.byte 0xca, 0xfa, 0x65, 0x3f, 0x82, 0x0a, 0x66, 0x3f, 0x34, 0x1a, 0x66, 0x3f, 0xe0, 0x29, 0x66, 0x3f
.byte 0x86, 0x39, 0x66, 0x3f, 0x26, 0x49, 0x66, 0x3f, 0xc1, 0x58, 0x66, 0x3f, 0x55, 0x68, 0x66, 0x3f
.byte 0xe3, 0x77, 0x66, 0x3f, 0x6c, 0x87, 0x66, 0x3f, 0xee, 0x96, 0x66, 0x3f, 0x6b, 0xa6, 0x66, 0x3f
.byte 0xe2, 0xb5, 0x66, 0x3f, 0x53, 0xc5, 0x66, 0x3f, 0xbe, 0xd4, 0x66, 0x3f, 0x23, 0xe4, 0x66, 0x3f
.byte 0x82, 0xf3, 0x66, 0x3f, 0xdb, 0x02, 0x67, 0x3f, 0x2e, 0x12, 0x67, 0x3f, 0x7c, 0x21, 0x67, 0x3f
.byte 0xc3, 0x30, 0x67, 0x3f, 0x05, 0x40, 0x67, 0x3f, 0x40, 0x4f, 0x67, 0x3f, 0x76, 0x5e, 0x67, 0x3f
.byte 0xa6, 0x6d, 0x67, 0x3f, 0xd0, 0x7c, 0x67, 0x3f, 0xf4, 0x8b, 0x67, 0x3f, 0x12, 0x9b, 0x67, 0x3f
.byte 0x2a, 0xaa, 0x67, 0x3f, 0x3d, 0xb9, 0x67, 0x3f, 0x49, 0xc8, 0x67, 0x3f, 0x50, 0xd7, 0x67, 0x3f
.byte 0x50, 0xe6, 0x67, 0x3f, 0x4b, 0xf5, 0x67, 0x3f, 0x40, 0x04, 0x68, 0x3f, 0x2f, 0x13, 0x68, 0x3f
.byte 0x18, 0x22, 0x68, 0x3f, 0xfb, 0x30, 0x68, 0x3f, 0xd9, 0x3f, 0x68, 0x3f, 0xb0, 0x4e, 0x68, 0x3f
.byte 0x82, 0x5d, 0x68, 0x3f, 0x4e, 0x6c, 0x68, 0x3f, 0x14, 0x7b, 0x68, 0x3f, 0xd4, 0x89, 0x68, 0x3f
.byte 0x8e, 0x98, 0x68, 0x3f, 0x42, 0xa7, 0x68, 0x3f, 0xf0, 0xb5, 0x68, 0x3f, 0x99, 0xc4, 0x68, 0x3f
.byte 0x3c, 0xd3, 0x68, 0x3f, 0xd9, 0xe1, 0x68, 0x3f, 0x70, 0xf0, 0x68, 0x3f, 0x01, 0xff, 0x68, 0x3f
.byte 0x8c, 0x0d, 0x69, 0x3f, 0x11, 0x1c, 0x69, 0x3f, 0x91, 0x2a, 0x69, 0x3f, 0x0b, 0x39, 0x69, 0x3f
.byte 0x7f, 0x47, 0x69, 0x3f, 0xed, 0x55, 0x69, 0x3f, 0x55, 0x64, 0x69, 0x3f, 0xb7, 0x72, 0x69, 0x3f
.byte 0x14, 0x81, 0x69, 0x3f, 0x6a, 0x8f, 0x69, 0x3f, 0xbb, 0x9d, 0x69, 0x3f, 0x06, 0xac, 0x69, 0x3f
.byte 0x4b, 0xba, 0x69, 0x3f, 0x8b, 0xc8, 0x69, 0x3f, 0xc4, 0xd6, 0x69, 0x3f, 0xf8, 0xe4, 0x69, 0x3f
.byte 0x26, 0xf3, 0x69, 0x3f, 0x4e, 0x01, 0x6a, 0x3f, 0x70, 0x0f, 0x6a, 0x3f, 0x8d, 0x1d, 0x6a, 0x3f
.byte 0xa3, 0x2b, 0x6a, 0x3f, 0xb4, 0x39, 0x6a, 0x3f, 0xbf, 0x47, 0x6a, 0x3f, 0xc4, 0x55, 0x6a, 0x3f
.byte 0xc4, 0x63, 0x6a, 0x3f, 0xbd, 0x71, 0x6a, 0x3f, 0xb1, 0x7f, 0x6a, 0x3f, 0x9f, 0x8d, 0x6a, 0x3f
.byte 0x87, 0x9b, 0x6a, 0x3f, 0x6a, 0xa9, 0x6a, 0x3f, 0x46, 0xb7, 0x6a, 0x3f, 0x1d, 0xc5, 0x6a, 0x3f
.byte 0xee, 0xd2, 0x6a, 0x3f, 0xba, 0xe0, 0x6a, 0x3f, 0x7f, 0xee, 0x6a, 0x3f, 0x3f, 0xfc, 0x6a, 0x3f
.byte 0xf9, 0x09, 0x6b, 0x3f, 0xad, 0x17, 0x6b, 0x3f, 0x5b, 0x25, 0x6b, 0x3f, 0x04, 0x33, 0x6b, 0x3f
.byte 0xa7, 0x40, 0x6b, 0x3f, 0x44, 0x4e, 0x6b, 0x3f, 0xdb, 0x5b, 0x6b, 0x3f, 0x6d, 0x69, 0x6b, 0x3f
.byte 0xf9, 0x76, 0x6b, 0x3f, 0x7f, 0x84, 0x6b, 0x3f, 0xff, 0x91, 0x6b, 0x3f, 0x7a, 0x9f, 0x6b, 0x3f
.byte 0xee, 0xac, 0x6b, 0x3f, 0x5e, 0xba, 0x6b, 0x3f, 0xc7, 0xc7, 0x6b, 0x3f, 0x2a, 0xd5, 0x6b, 0x3f
.byte 0x88, 0xe2, 0x6b, 0x3f, 0xe0, 0xef, 0x6b, 0x3f, 0x33, 0xfd, 0x6b, 0x3f, 0x80, 0x0a, 0x6c, 0x3f
.byte 0xc6, 0x17, 0x6c, 0x3f, 0x08, 0x25, 0x6c, 0x3f, 0x43, 0x32, 0x6c, 0x3f, 0x79, 0x3f, 0x6c, 0x3f
.byte 0xa9, 0x4c, 0x6c, 0x3f, 0xd3, 0x59, 0x6c, 0x3f, 0xf8, 0x66, 0x6c, 0x3f, 0x17, 0x74, 0x6c, 0x3f
.byte 0x30, 0x81, 0x6c, 0x3f, 0x44, 0x8e, 0x6c, 0x3f, 0x52, 0x9b, 0x6c, 0x3f, 0x5a, 0xa8, 0x6c, 0x3f
.byte 0x5c, 0xb5, 0x6c, 0x3f, 0x59, 0xc2, 0x6c, 0x3f, 0x50, 0xcf, 0x6c, 0x3f, 0x41, 0xdc, 0x6c, 0x3f
.byte 0x2d, 0xe9, 0x6c, 0x3f, 0x13, 0xf6, 0x6c, 0x3f, 0xf3, 0x02, 0x6d, 0x3f, 0xce, 0x0f, 0x6d, 0x3f
.byte 0xa3, 0x1c, 0x6d, 0x3f, 0x72, 0x29, 0x6d, 0x3f, 0x3c, 0x36, 0x6d, 0x3f, 0x00, 0x43, 0x6d, 0x3f
.byte 0xbe, 0x4f, 0x6d, 0x3f, 0x77, 0x5c, 0x6d, 0x3f, 0x2a, 0x69, 0x6d, 0x3f, 0xd7, 0x75, 0x6d, 0x3f
.byte 0x7f, 0x82, 0x6d, 0x3f, 0x21, 0x8f, 0x6d, 0x3f, 0xbd, 0x9b, 0x6d, 0x3f, 0x54, 0xa8, 0x6d, 0x3f
.byte 0xe5, 0xb4, 0x6d, 0x3f, 0x71, 0xc1, 0x6d, 0x3f, 0xf7, 0xcd, 0x6d, 0x3f, 0x77, 0xda, 0x6d, 0x3f
.byte 0xf2, 0xe6, 0x6d, 0x3f, 0x67, 0xf3, 0x6d, 0x3f, 0xd6, 0xff, 0x6d, 0x3f, 0x40, 0x0c, 0x6e, 0x3f
.byte 0xa4, 0x18, 0x6e, 0x3f, 0x03, 0x25, 0x6e, 0x3f, 0x5b, 0x31, 0x6e, 0x3f, 0xaf, 0x3d, 0x6e, 0x3f
.byte 0xfd, 0x49, 0x6e, 0x3f, 0x45, 0x56, 0x6e, 0x3f, 0x87, 0x62, 0x6e, 0x3f, 0xc4, 0x6e, 0x6e, 0x3f
.byte 0xfc, 0x7a, 0x6e, 0x3f, 0x2d, 0x87, 0x6e, 0x3f, 0x5a, 0x93, 0x6e, 0x3f, 0x80, 0x9f, 0x6e, 0x3f
.byte 0xa1, 0xab, 0x6e, 0x3f, 0xbd, 0xb7, 0x6e, 0x3f, 0xd3, 0xc3, 0x6e, 0x3f, 0xe3, 0xcf, 0x6e, 0x3f
.byte 0xee, 0xdb, 0x6e, 0x3f, 0xf3, 0xe7, 0x6e, 0x3f, 0xf3, 0xf3, 0x6e, 0x3f, 0xed, 0xff, 0x6e, 0x3f
.byte 0xe2, 0x0b, 0x6f, 0x3f, 0xd1, 0x17, 0x6f, 0x3f, 0xba, 0x23, 0x6f, 0x3f, 0x9e, 0x2f, 0x6f, 0x3f
.byte 0x7d, 0x3b, 0x6f, 0x3f, 0x55, 0x47, 0x6f, 0x3f, 0x29, 0x53, 0x6f, 0x3f, 0xf7, 0x5e, 0x6f, 0x3f
.byte 0xbf, 0x6a, 0x6f, 0x3f, 0x82, 0x76, 0x6f, 0x3f, 0x3f, 0x82, 0x6f, 0x3f, 0xf7, 0x8d, 0x6f, 0x3f
.byte 0xa9, 0x99, 0x6f, 0x3f, 0x56, 0xa5, 0x6f, 0x3f, 0xfd, 0xb0, 0x6f, 0x3f, 0x9f, 0xbc, 0x6f, 0x3f
.byte 0x3b, 0xc8, 0x6f, 0x3f, 0xd2, 0xd3, 0x6f, 0x3f, 0x63, 0xdf, 0x6f, 0x3f, 0xef, 0xea, 0x6f, 0x3f
.byte 0x75, 0xf6, 0x6f, 0x3f, 0xf6, 0x01, 0x70, 0x3f, 0x72, 0x0d, 0x70, 0x3f, 0xe7, 0x18, 0x70, 0x3f
.byte 0x58, 0x24, 0x70, 0x3f, 0xc3, 0x2f, 0x70, 0x3f, 0x28, 0x3b, 0x70, 0x3f, 0x89, 0x46, 0x70, 0x3f
.byte 0xe3, 0x51, 0x70, 0x3f, 0x38, 0x5d, 0x70, 0x3f, 0x88, 0x68, 0x70, 0x3f, 0xd2, 0x73, 0x70, 0x3f
.byte 0x17, 0x7f, 0x70, 0x3f, 0x57, 0x8a, 0x70, 0x3f, 0x91, 0x95, 0x70, 0x3f, 0xc5, 0xa0, 0x70, 0x3f
.byte 0xf4, 0xab, 0x70, 0x3f, 0x1e, 0xb7, 0x70, 0x3f, 0x42, 0xc2, 0x70, 0x3f, 0x61, 0xcd, 0x70, 0x3f
.byte 0x7b, 0xd8, 0x70, 0x3f, 0x8f, 0xe3, 0x70, 0x3f, 0x9d, 0xee, 0x70, 0x3f, 0xa7, 0xf9, 0x70, 0x3f
.byte 0xab, 0x04, 0x71, 0x3f, 0xa9, 0x0f, 0x71, 0x3f, 0xa2, 0x1a, 0x71, 0x3f, 0x96, 0x25, 0x71, 0x3f
.byte 0x84, 0x30, 0x71, 0x3f, 0x6d, 0x3b, 0x71, 0x3f, 0x51, 0x46, 0x71, 0x3f, 0x2f, 0x51, 0x71, 0x3f
.byte 0x08, 0x5c, 0x71, 0x3f, 0xdb, 0x66, 0x71, 0x3f, 0xaa, 0x71, 0x71, 0x3f, 0x72, 0x7c, 0x71, 0x3f
.byte 0x36, 0x87, 0x71, 0x3f, 0xf4, 0x91, 0x71, 0x3f, 0xad, 0x9c, 0x71, 0x3f, 0x60, 0xa7, 0x71, 0x3f
.byte 0x0e, 0xb2, 0x71, 0x3f, 0xb7, 0xbc, 0x71, 0x3f, 0x5b, 0xc7, 0x71, 0x3f, 0xf9, 0xd1, 0x71, 0x3f
.byte 0x92, 0xdc, 0x71, 0x3f, 0x25, 0xe7, 0x71, 0x3f, 0xb3, 0xf1, 0x71, 0x3f, 0x3c, 0xfc, 0x71, 0x3f
.byte 0xc0, 0x06, 0x72, 0x3f, 0x3e, 0x11, 0x72, 0x3f, 0xb7, 0x1b, 0x72, 0x3f, 0x2b, 0x26, 0x72, 0x3f
.byte 0x9a, 0x30, 0x72, 0x3f, 0x03, 0x3b, 0x72, 0x3f, 0x67, 0x45, 0x72, 0x3f, 0xc5, 0x4f, 0x72, 0x3f
.byte 0x1f, 0x5a, 0x72, 0x3f, 0x73, 0x64, 0x72, 0x3f, 0xc2, 0x6e, 0x72, 0x3f, 0x0b, 0x79, 0x72, 0x3f
.byte 0x4f, 0x83, 0x72, 0x3f, 0x8f, 0x8d, 0x72, 0x3f, 0xc8, 0x97, 0x72, 0x3f, 0xfd, 0xa1, 0x72, 0x3f
.byte 0x2c, 0xac, 0x72, 0x3f, 0x57, 0xb6, 0x72, 0x3f, 0x7b, 0xc0, 0x72, 0x3f, 0x9b, 0xca, 0x72, 0x3f
.byte 0xb6, 0xd4, 0x72, 0x3f, 0xcb, 0xde, 0x72, 0x3f, 0xdb, 0xe8, 0x72, 0x3f, 0xe6, 0xf2, 0x72, 0x3f
.byte 0xeb, 0xfc, 0x72, 0x3f, 0xec, 0x06, 0x73, 0x3f, 0xe7, 0x10, 0x73, 0x3f, 0xdd, 0x1a, 0x73, 0x3f
.byte 0xce, 0x24, 0x73, 0x3f, 0xba, 0x2e, 0x73, 0x3f, 0xa0, 0x38, 0x73, 0x3f, 0x82, 0x42, 0x73, 0x3f
.byte 0x5e, 0x4c, 0x73, 0x3f, 0x35, 0x56, 0x73, 0x3f, 0x07, 0x60, 0x73, 0x3f, 0xd4, 0x69, 0x73, 0x3f
.byte 0x9b, 0x73, 0x73, 0x3f, 0x5e, 0x7d, 0x73, 0x3f, 0x1b, 0x87, 0x73, 0x3f, 0xd3, 0x90, 0x73, 0x3f
.byte 0x86, 0x9a, 0x73, 0x3f, 0x34, 0xa4, 0x73, 0x3f, 0xdd, 0xad, 0x73, 0x3f, 0x80, 0xb7, 0x73, 0x3f
.byte 0x1f, 0xc1, 0x73, 0x3f, 0xb8, 0xca, 0x73, 0x3f, 0x4d, 0xd4, 0x73, 0x3f, 0xdc, 0xdd, 0x73, 0x3f
.byte 0x66, 0xe7, 0x73, 0x3f, 0xeb, 0xf0, 0x73, 0x3f, 0x6b, 0xfa, 0x73, 0x3f, 0xe6, 0x03, 0x74, 0x3f
.byte 0x5c, 0x0d, 0x74, 0x3f, 0xcc, 0x16, 0x74, 0x3f, 0x38, 0x20, 0x74, 0x3f, 0x9f, 0x29, 0x74, 0x3f
.byte 0x00, 0x33, 0x74, 0x3f, 0x5d, 0x3c, 0x74, 0x3f, 0xb4, 0x45, 0x74, 0x3f, 0x06, 0x4f, 0x74, 0x3f
.byte 0x54, 0x58, 0x74, 0x3f, 0x9c, 0x61, 0x74, 0x3f, 0xdf, 0x6a, 0x74, 0x3f, 0x1d, 0x74, 0x74, 0x3f
.byte 0x57, 0x7d, 0x74, 0x3f, 0x8b, 0x86, 0x74, 0x3f, 0xba, 0x8f, 0x74, 0x3f, 0xe4, 0x98, 0x74, 0x3f
.byte 0x09, 0xa2, 0x74, 0x3f, 0x29, 0xab, 0x74, 0x3f, 0x44, 0xb4, 0x74, 0x3f, 0x5b, 0xbd, 0x74, 0x3f
.byte 0x6c, 0xc6, 0x74, 0x3f, 0x78, 0xcf, 0x74, 0x3f, 0x7f, 0xd8, 0x74, 0x3f, 0x81, 0xe1, 0x74, 0x3f
.byte 0x7f, 0xea, 0x74, 0x3f, 0x77, 0xf3, 0x74, 0x3f, 0x6a, 0xfc, 0x74, 0x3f, 0x59, 0x05, 0x75, 0x3f
.byte 0x42, 0x0e, 0x75, 0x3f, 0x26, 0x17, 0x75, 0x3f, 0x06, 0x20, 0x75, 0x3f, 0xe1, 0x28, 0x75, 0x3f
.byte 0xb6, 0x31, 0x75, 0x3f, 0x87, 0x3a, 0x75, 0x3f, 0x53, 0x43, 0x75, 0x3f, 0x1a, 0x4c, 0x75, 0x3f
.byte 0xdc, 0x54, 0x75, 0x3f, 0x99, 0x5d, 0x75, 0x3f, 0x51, 0x66, 0x75, 0x3f, 0x04, 0x6f, 0x75, 0x3f
.byte 0xb3, 0x77, 0x75, 0x3f, 0x5c, 0x80, 0x75, 0x3f, 0x01, 0x89, 0x75, 0x3f, 0xa0, 0x91, 0x75, 0x3f
.byte 0x3b, 0x9a, 0x75, 0x3f, 0xd1, 0xa2, 0x75, 0x3f, 0x62, 0xab, 0x75, 0x3f, 0xef, 0xb3, 0x75, 0x3f
.byte 0x76, 0xbc, 0x75, 0x3f, 0xf9, 0xc4, 0x75, 0x3f, 0x76, 0xcd, 0x75, 0x3f, 0xef, 0xd5, 0x75, 0x3f
.byte 0x63, 0xde, 0x75, 0x3f, 0xd2, 0xe6, 0x75, 0x3f, 0x3d, 0xef, 0x75, 0x3f, 0xa2, 0xf7, 0x75, 0x3f
.byte 0x03, 0x00, 0x76, 0x3f, 0x5f, 0x08, 0x76, 0x3f, 0xb6, 0x10, 0x76, 0x3f, 0x08, 0x19, 0x76, 0x3f
.byte 0x56, 0x21, 0x76, 0x3f, 0x9f, 0x29, 0x76, 0x3f, 0xe3, 0x31, 0x76, 0x3f, 0x22, 0x3a, 0x76, 0x3f
.byte 0x5c, 0x42, 0x76, 0x3f, 0x92, 0x4a, 0x76, 0x3f, 0xc3, 0x52, 0x76, 0x3f, 0xef, 0x5a, 0x76, 0x3f
.byte 0x16, 0x63, 0x76, 0x3f, 0x39, 0x6b, 0x76, 0x3f, 0x56, 0x73, 0x76, 0x3f, 0x70, 0x7b, 0x76, 0x3f
.byte 0x84, 0x83, 0x76, 0x3f, 0x94, 0x8b, 0x76, 0x3f, 0x9e, 0x93, 0x76, 0x3f, 0xa5, 0x9b, 0x76, 0x3f
.byte 0xa6, 0xa3, 0x76, 0x3f, 0xa3, 0xab, 0x76, 0x3f, 0x9b, 0xb3, 0x76, 0x3f, 0x8e, 0xbb, 0x76, 0x3f
.byte 0x7d, 0xc3, 0x76, 0x3f, 0x67, 0xcb, 0x76, 0x3f, 0x4c, 0xd3, 0x76, 0x3f, 0x2d, 0xdb, 0x76, 0x3f
.byte 0x09, 0xe3, 0x76, 0x3f, 0xe0, 0xea, 0x76, 0x3f, 0xb2, 0xf2, 0x76, 0x3f, 0x80, 0xfa, 0x76, 0x3f
.byte 0x4a, 0x02, 0x77, 0x3f, 0x0e, 0x0a, 0x77, 0x3f, 0xce, 0x11, 0x77, 0x3f, 0x89, 0x19, 0x77, 0x3f
.byte 0x40, 0x21, 0x77, 0x3f, 0xf2, 0x28, 0x77, 0x3f, 0xa0, 0x30, 0x77, 0x3f, 0x48, 0x38, 0x77, 0x3f
.byte 0xed, 0x3f, 0x77, 0x3f, 0x8c, 0x47, 0x77, 0x3f, 0x27, 0x4f, 0x77, 0x3f, 0xbe, 0x56, 0x77, 0x3f
.byte 0x4f, 0x5e, 0x77, 0x3f, 0xdc, 0x65, 0x77, 0x3f, 0x65, 0x6d, 0x77, 0x3f, 0xe9, 0x74, 0x77, 0x3f
.byte 0x69, 0x7c, 0x77, 0x3f, 0xe4, 0x83, 0x77, 0x3f, 0x5a, 0x8b, 0x77, 0x3f, 0xcc, 0x92, 0x77, 0x3f
.byte 0x39, 0x9a, 0x77, 0x3f, 0xa2, 0xa1, 0x77, 0x3f, 0x06, 0xa9, 0x77, 0x3f, 0x65, 0xb0, 0x77, 0x3f
.byte 0xc0, 0xb7, 0x77, 0x3f, 0x17, 0xbf, 0x77, 0x3f, 0x69, 0xc6, 0x77, 0x3f, 0xb6, 0xcd, 0x77, 0x3f
.byte 0xff, 0xd4, 0x77, 0x3f, 0x44, 0xdc, 0x77, 0x3f, 0x84, 0xe3, 0x77, 0x3f, 0xbf, 0xea, 0x77, 0x3f
.byte 0xf6, 0xf1, 0x77, 0x3f, 0x29, 0xf9, 0x77, 0x3f, 0x57, 0x00, 0x78, 0x3f, 0x81, 0x07, 0x78, 0x3f
.byte 0xa6, 0x0e, 0x78, 0x3f, 0xc6, 0x15, 0x78, 0x3f, 0xe3, 0x1c, 0x78, 0x3f, 0xfa, 0x23, 0x78, 0x3f
.byte 0x0e, 0x2b, 0x78, 0x3f, 0x1c, 0x32, 0x78, 0x3f, 0x27, 0x39, 0x78, 0x3f, 0x2d, 0x40, 0x78, 0x3f
.byte 0x2e, 0x47, 0x78, 0x3f, 0x2c, 0x4e, 0x78, 0x3f, 0x24, 0x55, 0x78, 0x3f, 0x19, 0x5c, 0x78, 0x3f
.byte 0x09, 0x63, 0x78, 0x3f, 0xf4, 0x69, 0x78, 0x3f, 0xdb, 0x70, 0x78, 0x3f, 0xbe, 0x77, 0x78, 0x3f
.byte 0x9c, 0x7e, 0x78, 0x3f, 0x76, 0x85, 0x78, 0x3f, 0x4c, 0x8c, 0x78, 0x3f, 0x1d, 0x93, 0x78, 0x3f
.byte 0xea, 0x99, 0x78, 0x3f, 0xb3, 0xa0, 0x78, 0x3f, 0x77, 0xa7, 0x78, 0x3f, 0x37, 0xae, 0x78, 0x3f
.byte 0xf2, 0xb4, 0x78, 0x3f, 0xa9, 0xbb, 0x78, 0x3f, 0x5c, 0xc2, 0x78, 0x3f, 0x0b, 0xc9, 0x78, 0x3f
.byte 0xb5, 0xcf, 0x78, 0x3f, 0x5b, 0xd6, 0x78, 0x3f, 0xfc, 0xdc, 0x78, 0x3f, 0x9a, 0xe3, 0x78, 0x3f
.byte 0x33, 0xea, 0x78, 0x3f, 0xc7, 0xf0, 0x78, 0x3f, 0x58, 0xf7, 0x78, 0x3f, 0xe4, 0xfd, 0x78, 0x3f
.byte 0x6c, 0x04, 0x79, 0x3f, 0xf0, 0x0a, 0x79, 0x3f, 0x6f, 0x11, 0x79, 0x3f, 0xea, 0x17, 0x79, 0x3f
.byte 0x61, 0x1e, 0x79, 0x3f, 0xd3, 0x24, 0x79, 0x3f, 0x42, 0x2b, 0x79, 0x3f, 0xac, 0x31, 0x79, 0x3f
.byte 0x12, 0x38, 0x79, 0x3f, 0x74, 0x3e, 0x79, 0x3f, 0xd1, 0x44, 0x79, 0x3f, 0x2a, 0x4b, 0x79, 0x3f
.byte 0x7f, 0x51, 0x79, 0x3f, 0xd0, 0x57, 0x79, 0x3f, 0x1d, 0x5e, 0x79, 0x3f, 0x65, 0x64, 0x79, 0x3f
.byte 0xaa, 0x6a, 0x79, 0x3f, 0xea, 0x70, 0x79, 0x3f, 0x26, 0x77, 0x79, 0x3f, 0x5d, 0x7d, 0x79, 0x3f
.byte 0x91, 0x83, 0x79, 0x3f, 0xc1, 0x89, 0x79, 0x3f, 0xec, 0x8f, 0x79, 0x3f, 0x13, 0x96, 0x79, 0x3f
.byte 0x36, 0x9c, 0x79, 0x3f, 0x55, 0xa2, 0x79, 0x3f, 0x70, 0xa8, 0x79, 0x3f, 0x86, 0xae, 0x79, 0x3f
.byte 0x99, 0xb4, 0x79, 0x3f, 0xa7, 0xba, 0x79, 0x3f, 0xb2, 0xc0, 0x79, 0x3f, 0xb8, 0xc6, 0x79, 0x3f
.byte 0xba, 0xcc, 0x79, 0x3f, 0xb8, 0xd2, 0x79, 0x3f, 0xb2, 0xd8, 0x79, 0x3f, 0xa8, 0xde, 0x79, 0x3f
.byte 0x9a, 0xe4, 0x79, 0x3f, 0x87, 0xea, 0x79, 0x3f, 0x71, 0xf0, 0x79, 0x3f, 0x57, 0xf6, 0x79, 0x3f
.byte 0x38, 0xfc, 0x79, 0x3f, 0x16, 0x02, 0x7a, 0x3f, 0xef, 0x07, 0x7a, 0x3f, 0xc5, 0x0d, 0x7a, 0x3f
.byte 0x96, 0x13, 0x7a, 0x3f, 0x64, 0x19, 0x7a, 0x3f, 0x2d, 0x1f, 0x7a, 0x3f, 0xf3, 0x24, 0x7a, 0x3f
.byte 0xb4, 0x2a, 0x7a, 0x3f, 0x71, 0x30, 0x7a, 0x3f, 0x2b, 0x36, 0x7a, 0x3f, 0xe0, 0x3b, 0x7a, 0x3f
.byte 0x92, 0x41, 0x7a, 0x3f, 0x3f, 0x47, 0x7a, 0x3f, 0xe9, 0x4c, 0x7a, 0x3f, 0x8e, 0x52, 0x7a, 0x3f
.byte 0x30, 0x58, 0x7a, 0x3f, 0xce, 0x5d, 0x7a, 0x3f, 0x67, 0x63, 0x7a, 0x3f, 0xfd, 0x68, 0x7a, 0x3f
.byte 0x8f, 0x6e, 0x7a, 0x3f, 0x1d, 0x74, 0x7a, 0x3f, 0xa7, 0x79, 0x7a, 0x3f, 0x2d, 0x7f, 0x7a, 0x3f
.byte 0xaf, 0x84, 0x7a, 0x3f, 0x2d, 0x8a, 0x7a, 0x3f, 0xa8, 0x8f, 0x7a, 0x3f, 0x1e, 0x95, 0x7a, 0x3f
.byte 0x91, 0x9a, 0x7a, 0x3f, 0xff, 0x9f, 0x7a, 0x3f, 0x6a, 0xa5, 0x7a, 0x3f, 0xd1, 0xaa, 0x7a, 0x3f
.byte 0x34, 0xb0, 0x7a, 0x3f, 0x93, 0xb5, 0x7a, 0x3f, 0xef, 0xba, 0x7a, 0x3f, 0x46, 0xc0, 0x7a, 0x3f
.byte 0x9a, 0xc5, 0x7a, 0x3f, 0xea, 0xca, 0x7a, 0x3f, 0x36, 0xd0, 0x7a, 0x3f, 0x7e, 0xd5, 0x7a, 0x3f
.byte 0xc2, 0xda, 0x7a, 0x3f, 0x03, 0xe0, 0x7a, 0x3f, 0x40, 0xe5, 0x7a, 0x3f, 0x79, 0xea, 0x7a, 0x3f
.byte 0xae, 0xef, 0x7a, 0x3f, 0xdf, 0xf4, 0x7a, 0x3f, 0x0d, 0xfa, 0x7a, 0x3f, 0x37, 0xff, 0x7a, 0x3f
.byte 0x5d, 0x04, 0x7b, 0x3f, 0x7f, 0x09, 0x7b, 0x3f, 0x9d, 0x0e, 0x7b, 0x3f, 0xb8, 0x13, 0x7b, 0x3f
.byte 0xcf, 0x18, 0x7b, 0x3f, 0xe3, 0x1d, 0x7b, 0x3f, 0xf2, 0x22, 0x7b, 0x3f, 0xfe, 0x27, 0x7b, 0x3f
.byte 0x06, 0x2d, 0x7b, 0x3f, 0x0a, 0x32, 0x7b, 0x3f, 0x0b, 0x37, 0x7b, 0x3f, 0x08, 0x3c, 0x7b, 0x3f
.byte 0x01, 0x41, 0x7b, 0x3f, 0xf7, 0x45, 0x7b, 0x3f, 0xe9, 0x4a, 0x7b, 0x3f, 0xd7, 0x4f, 0x7b, 0x3f
.byte 0xc1, 0x54, 0x7b, 0x3f, 0xa8, 0x59, 0x7b, 0x3f, 0x8b, 0x5e, 0x7b, 0x3f, 0x6b, 0x63, 0x7b, 0x3f
.byte 0x47, 0x68, 0x7b, 0x3f, 0x1f, 0x6d, 0x7b, 0x3f, 0xf3, 0x71, 0x7b, 0x3f, 0xc4, 0x76, 0x7b, 0x3f
.byte 0x92, 0x7b, 0x7b, 0x3f, 0x5b, 0x80, 0x7b, 0x3f, 0x21, 0x85, 0x7b, 0x3f, 0xe4, 0x89, 0x7b, 0x3f
.byte 0xa3, 0x8e, 0x7b, 0x3f, 0x5e, 0x93, 0x7b, 0x3f, 0x16, 0x98, 0x7b, 0x3f, 0xca, 0x9c, 0x7b, 0x3f
.byte 0x7a, 0xa1, 0x7b, 0x3f, 0x27, 0xa6, 0x7b, 0x3f, 0xd0, 0xaa, 0x7b, 0x3f, 0x76, 0xaf, 0x7b, 0x3f
.byte 0x18, 0xb4, 0x7b, 0x3f, 0xb7, 0xb8, 0x7b, 0x3f, 0x52, 0xbd, 0x7b, 0x3f, 0xe9, 0xc1, 0x7b, 0x3f
.byte 0x7d, 0xc6, 0x7b, 0x3f, 0x0e, 0xcb, 0x7b, 0x3f, 0x9b, 0xcf, 0x7b, 0x3f, 0x24, 0xd4, 0x7b, 0x3f
.byte 0xaa, 0xd8, 0x7b, 0x3f, 0x2d, 0xdd, 0x7b, 0x3f, 0xac, 0xe1, 0x7b, 0x3f, 0x27, 0xe6, 0x7b, 0x3f
.byte 0x9f, 0xea, 0x7b, 0x3f, 0x13, 0xef, 0x7b, 0x3f, 0x84, 0xf3, 0x7b, 0x3f, 0xf2, 0xf7, 0x7b, 0x3f
.byte 0x5c, 0xfc, 0x7b, 0x3f, 0xc3, 0x00, 0x7c, 0x3f, 0x26, 0x05, 0x7c, 0x3f, 0x85, 0x09, 0x7c, 0x3f
.byte 0xe2, 0x0d, 0x7c, 0x3f, 0x3a, 0x12, 0x7c, 0x3f, 0x90, 0x16, 0x7c, 0x3f, 0xe2, 0x1a, 0x7c, 0x3f
.byte 0x30, 0x1f, 0x7c, 0x3f, 0x7b, 0x23, 0x7c, 0x3f, 0xc3, 0x27, 0x7c, 0x3f, 0x07, 0x2c, 0x7c, 0x3f
.byte 0x48, 0x30, 0x7c, 0x3f, 0x86, 0x34, 0x7c, 0x3f, 0xc0, 0x38, 0x7c, 0x3f, 0xf7, 0x3c, 0x7c, 0x3f
.byte 0x2a, 0x41, 0x7c, 0x3f, 0x5a, 0x45, 0x7c, 0x3f, 0x87, 0x49, 0x7c, 0x3f, 0xb0, 0x4d, 0x7c, 0x3f
.byte 0xd6, 0x51, 0x7c, 0x3f, 0xf9, 0x55, 0x7c, 0x3f, 0x18, 0x5a, 0x7c, 0x3f, 0x34, 0x5e, 0x7c, 0x3f
.byte 0x4d, 0x62, 0x7c, 0x3f, 0x62, 0x66, 0x7c, 0x3f, 0x74, 0x6a, 0x7c, 0x3f, 0x83, 0x6e, 0x7c, 0x3f
.byte 0x8e, 0x72, 0x7c, 0x3f, 0x96, 0x76, 0x7c, 0x3f, 0x9b, 0x7a, 0x7c, 0x3f, 0x9d, 0x7e, 0x7c, 0x3f
.byte 0x9b, 0x82, 0x7c, 0x3f, 0x96, 0x86, 0x7c, 0x3f, 0x8e, 0x8a, 0x7c, 0x3f, 0x82, 0x8e, 0x7c, 0x3f
.byte 0x74, 0x92, 0x7c, 0x3f, 0x62, 0x96, 0x7c, 0x3f, 0x4d, 0x9a, 0x7c, 0x3f, 0x34, 0x9e, 0x7c, 0x3f
.byte 0x18, 0xa2, 0x7c, 0x3f, 0xf9, 0xa5, 0x7c, 0x3f, 0xd7, 0xa9, 0x7c, 0x3f, 0xb2, 0xad, 0x7c, 0x3f
.byte 0x89, 0xb1, 0x7c, 0x3f, 0x5e, 0xb5, 0x7c, 0x3f, 0x2f, 0xb9, 0x7c, 0x3f, 0xfd, 0xbc, 0x7c, 0x3f
.byte 0xc7, 0xc0, 0x7c, 0x3f, 0x8f, 0xc4, 0x7c, 0x3f, 0x53, 0xc8, 0x7c, 0x3f, 0x14, 0xcc, 0x7c, 0x3f
.byte 0xd3, 0xcf, 0x7c, 0x3f, 0x8d, 0xd3, 0x7c, 0x3f, 0x45, 0xd7, 0x7c, 0x3f, 0xfa, 0xda, 0x7c, 0x3f
.byte 0xab, 0xde, 0x7c, 0x3f, 0x5a, 0xe2, 0x7c, 0x3f, 0x05, 0xe6, 0x7c, 0x3f, 0xad, 0xe9, 0x7c, 0x3f
.byte 0x52, 0xed, 0x7c, 0x3f, 0xf4, 0xf0, 0x7c, 0x3f, 0x93, 0xf4, 0x7c, 0x3f, 0x2e, 0xf8, 0x7c, 0x3f
.byte 0xc7, 0xfb, 0x7c, 0x3f, 0x5d, 0xff, 0x7c, 0x3f, 0xef, 0x02, 0x7d, 0x3f, 0x7f, 0x06, 0x7d, 0x3f
.byte 0x0b, 0x0a, 0x7d, 0x3f, 0x94, 0x0d, 0x7d, 0x3f, 0x1b, 0x11, 0x7d, 0x3f, 0x9e, 0x14, 0x7d, 0x3f
.byte 0x1e, 0x18, 0x7d, 0x3f, 0x9b, 0x1b, 0x7d, 0x3f, 0x15, 0x1f, 0x7d, 0x3f, 0x8c, 0x22, 0x7d, 0x3f
.byte 0x00, 0x26, 0x7d, 0x3f, 0x72, 0x29, 0x7d, 0x3f, 0xe0, 0x2c, 0x7d, 0x3f, 0x4b, 0x30, 0x7d, 0x3f
.byte 0xb3, 0x33, 0x7d, 0x3f, 0x18, 0x37, 0x7d, 0x3f, 0x7a, 0x3a, 0x7d, 0x3f, 0xd9, 0x3d, 0x7d, 0x3f
.byte 0x36, 0x41, 0x7d, 0x3f, 0x8f, 0x44, 0x7d, 0x3f, 0xe5, 0x47, 0x7d, 0x3f, 0x38, 0x4b, 0x7d, 0x3f
.byte 0x89, 0x4e, 0x7d, 0x3f, 0xd6, 0x51, 0x7d, 0x3f, 0x21, 0x55, 0x7d, 0x3f, 0x68, 0x58, 0x7d, 0x3f
.byte 0xad, 0x5b, 0x7d, 0x3f, 0xef, 0x5e, 0x7d, 0x3f, 0x2e, 0x62, 0x7d, 0x3f, 0x6a, 0x65, 0x7d, 0x3f
.byte 0xa3, 0x68, 0x7d, 0x3f, 0xd9, 0x6b, 0x7d, 0x3f, 0x0c, 0x6f, 0x7d, 0x3f, 0x3d, 0x72, 0x7d, 0x3f
.byte 0x6a, 0x75, 0x7d, 0x3f, 0x95, 0x78, 0x7d, 0x3f, 0xbd, 0x7b, 0x7d, 0x3f, 0xe2, 0x7e, 0x7d, 0x3f
.byte 0x04, 0x82, 0x7d, 0x3f, 0x24, 0x85, 0x7d, 0x3f, 0x40, 0x88, 0x7d, 0x3f, 0x5a, 0x8b, 0x7d, 0x3f
.byte 0x70, 0x8e, 0x7d, 0x3f, 0x85, 0x91, 0x7d, 0x3f, 0x96, 0x94, 0x7d, 0x3f, 0xa4, 0x97, 0x7d, 0x3f
.byte 0xb0, 0x9a, 0x7d, 0x3f, 0xb9, 0x9d, 0x7d, 0x3f, 0xbf, 0xa0, 0x7d, 0x3f, 0xc2, 0xa3, 0x7d, 0x3f
.byte 0xc2, 0xa6, 0x7d, 0x3f, 0xc0, 0xa9, 0x7d, 0x3f, 0xbb, 0xac, 0x7d, 0x3f, 0xb3, 0xaf, 0x7d, 0x3f
.byte 0xa8, 0xb2, 0x7d, 0x3f, 0x9b, 0xb5, 0x7d, 0x3f, 0x8b, 0xb8, 0x7d, 0x3f, 0x78, 0xbb, 0x7d, 0x3f
.byte 0x63, 0xbe, 0x7d, 0x3f, 0x4a, 0xc1, 0x7d, 0x3f, 0x30, 0xc4, 0x7d, 0x3f, 0x12, 0xc7, 0x7d, 0x3f
.byte 0xf1, 0xc9, 0x7d, 0x3f, 0xce, 0xcc, 0x7d, 0x3f, 0xa9, 0xcf, 0x7d, 0x3f, 0x80, 0xd2, 0x7d, 0x3f
.byte 0x55, 0xd5, 0x7d, 0x3f, 0x27, 0xd8, 0x7d, 0x3f, 0xf7, 0xda, 0x7d, 0x3f, 0xc4, 0xdd, 0x7d, 0x3f
.byte 0x8e, 0xe0, 0x7d, 0x3f, 0x55, 0xe3, 0x7d, 0x3f, 0x1a, 0xe6, 0x7d, 0x3f, 0xdc, 0xe8, 0x7d, 0x3f
.byte 0x9c, 0xeb, 0x7d, 0x3f, 0x59, 0xee, 0x7d, 0x3f, 0x13, 0xf1, 0x7d, 0x3f, 0xcb, 0xf3, 0x7d, 0x3f
.byte 0x80, 0xf6, 0x7d, 0x3f, 0x33, 0xf9, 0x7d, 0x3f, 0xe3, 0xfb, 0x7d, 0x3f, 0x90, 0xfe, 0x7d, 0x3f
.byte 0x3b, 0x01, 0x7e, 0x3f, 0xe3, 0x03, 0x7e, 0x3f, 0x89, 0x06, 0x7e, 0x3f, 0x2c, 0x09, 0x7e, 0x3f
.byte 0xcc, 0x0b, 0x7e, 0x3f, 0x6a, 0x0e, 0x7e, 0x3f, 0x06, 0x11, 0x7e, 0x3f, 0x9e, 0x13, 0x7e, 0x3f
.byte 0x35, 0x16, 0x7e, 0x3f, 0xc8, 0x18, 0x7e, 0x3f, 0x5a, 0x1b, 0x7e, 0x3f, 0xe8, 0x1d, 0x7e, 0x3f
.byte 0x74, 0x20, 0x7e, 0x3f, 0xfe, 0x22, 0x7e, 0x3f, 0x85, 0x25, 0x7e, 0x3f, 0x0a, 0x28, 0x7e, 0x3f
.byte 0x8c, 0x2a, 0x7e, 0x3f, 0x0c, 0x2d, 0x7e, 0x3f, 0x89, 0x2f, 0x7e, 0x3f, 0x04, 0x32, 0x7e, 0x3f
.byte 0x7c, 0x34, 0x7e, 0x3f, 0xf2, 0x36, 0x7e, 0x3f, 0x65, 0x39, 0x7e, 0x3f, 0xd6, 0x3b, 0x7e, 0x3f
.byte 0x44, 0x3e, 0x7e, 0x3f, 0xb0, 0x40, 0x7e, 0x3f, 0x1a, 0x43, 0x7e, 0x3f, 0x81, 0x45, 0x7e, 0x3f
.byte 0xe6, 0x47, 0x7e, 0x3f, 0x48, 0x4a, 0x7e, 0x3f, 0xa8, 0x4c, 0x7e, 0x3f, 0x05, 0x4f, 0x7e, 0x3f
.byte 0x60, 0x51, 0x7e, 0x3f, 0xb9, 0x53, 0x7e, 0x3f, 0x0f, 0x56, 0x7e, 0x3f, 0x63, 0x58, 0x7e, 0x3f
.byte 0xb5, 0x5a, 0x7e, 0x3f, 0x04, 0x5d, 0x7e, 0x3f, 0x51, 0x5f, 0x7e, 0x3f, 0x9b, 0x61, 0x7e, 0x3f
.byte 0xe3, 0x63, 0x7e, 0x3f, 0x29, 0x66, 0x7e, 0x3f, 0x6c, 0x68, 0x7e, 0x3f, 0xad, 0x6a, 0x7e, 0x3f
.byte 0xec, 0x6c, 0x7e, 0x3f, 0x28, 0x6f, 0x7e, 0x3f, 0x62, 0x71, 0x7e, 0x3f, 0x9a, 0x73, 0x7e, 0x3f
.byte 0xd0, 0x75, 0x7e, 0x3f, 0x03, 0x78, 0x7e, 0x3f, 0x33, 0x7a, 0x7e, 0x3f, 0x62, 0x7c, 0x7e, 0x3f
.byte 0x8e, 0x7e, 0x7e, 0x3f, 0xb8, 0x80, 0x7e, 0x3f, 0xe0, 0x82, 0x7e, 0x3f, 0x05, 0x85, 0x7e, 0x3f
.byte 0x28, 0x87, 0x7e, 0x3f, 0x49, 0x89, 0x7e, 0x3f, 0x68, 0x8b, 0x7e, 0x3f, 0x84, 0x8d, 0x7e, 0x3f
.byte 0x9f, 0x8f, 0x7e, 0x3f, 0xb7, 0x91, 0x7e, 0x3f, 0xcc, 0x93, 0x7e, 0x3f, 0xe0, 0x95, 0x7e, 0x3f
.byte 0xf1, 0x97, 0x7e, 0x3f, 0x00, 0x9a, 0x7e, 0x3f, 0x0d, 0x9c, 0x7e, 0x3f, 0x18, 0x9e, 0x7e, 0x3f
.byte 0x20, 0xa0, 0x7e, 0x3f, 0x26, 0xa2, 0x7e, 0x3f, 0x2a, 0xa4, 0x7e, 0x3f, 0x2c, 0xa6, 0x7e, 0x3f
.byte 0x2c, 0xa8, 0x7e, 0x3f, 0x29, 0xaa, 0x7e, 0x3f, 0x25, 0xac, 0x7e, 0x3f, 0x1e, 0xae, 0x7e, 0x3f
.byte 0x15, 0xb0, 0x7e, 0x3f, 0x0a, 0xb2, 0x7e, 0x3f, 0xfd, 0xb3, 0x7e, 0x3f, 0xee, 0xb5, 0x7e, 0x3f
.byte 0xdc, 0xb7, 0x7e, 0x3f, 0xc9, 0xb9, 0x7e, 0x3f, 0xb3, 0xbb, 0x7e, 0x3f, 0x9b, 0xbd, 0x7e, 0x3f
.byte 0x81, 0xbf, 0x7e, 0x3f, 0x65, 0xc1, 0x7e, 0x3f, 0x47, 0xc3, 0x7e, 0x3f, 0x27, 0xc5, 0x7e, 0x3f
.byte 0x05, 0xc7, 0x7e, 0x3f, 0xe0, 0xc8, 0x7e, 0x3f, 0xba, 0xca, 0x7e, 0x3f, 0x91, 0xcc, 0x7e, 0x3f
.byte 0x67, 0xce, 0x7e, 0x3f, 0x3a, 0xd0, 0x7e, 0x3f, 0x0c, 0xd2, 0x7e, 0x3f, 0xdb, 0xd3, 0x7e, 0x3f
.byte 0xa8, 0xd5, 0x7e, 0x3f, 0x73, 0xd7, 0x7e, 0x3f, 0x3d, 0xd9, 0x7e, 0x3f, 0x04, 0xdb, 0x7e, 0x3f
.byte 0xc9, 0xdc, 0x7e, 0x3f, 0x8c, 0xde, 0x7e, 0x3f, 0x4d, 0xe0, 0x7e, 0x3f, 0x0c, 0xe2, 0x7e, 0x3f
.byte 0xca, 0xe3, 0x7e, 0x3f, 0x85, 0xe5, 0x7e, 0x3f, 0x3e, 0xe7, 0x7e, 0x3f, 0xf5, 0xe8, 0x7e, 0x3f
.byte 0xaa, 0xea, 0x7e, 0x3f, 0x5e, 0xec, 0x7e, 0x3f, 0x0f, 0xee, 0x7e, 0x3f, 0xbe, 0xef, 0x7e, 0x3f
.byte 0x6c, 0xf1, 0x7e, 0x3f, 0x17, 0xf3, 0x7e, 0x3f, 0xc1, 0xf4, 0x7e, 0x3f, 0x68, 0xf6, 0x7e, 0x3f
.byte 0x0e, 0xf8, 0x7e, 0x3f, 0xb2, 0xf9, 0x7e, 0x3f, 0x54, 0xfb, 0x7e, 0x3f, 0xf3, 0xfc, 0x7e, 0x3f
.byte 0x91, 0xfe, 0x7e, 0x3f, 0x2e, 0x00, 0x7f, 0x3f, 0xc8, 0x01, 0x7f, 0x3f, 0x60, 0x03, 0x7f, 0x3f
.byte 0xf7, 0x04, 0x7f, 0x3f, 0x8b, 0x06, 0x7f, 0x3f, 0x1e, 0x08, 0x7f, 0x3f, 0xaf, 0x09, 0x7f, 0x3f
.byte 0x3e, 0x0b, 0x7f, 0x3f, 0xcb, 0x0c, 0x7f, 0x3f, 0x56, 0x0e, 0x7f, 0x3f, 0xdf, 0x0f, 0x7f, 0x3f
.byte 0x67, 0x11, 0x7f, 0x3f, 0xed, 0x12, 0x7f, 0x3f, 0x70, 0x14, 0x7f, 0x3f, 0xf2, 0x15, 0x7f, 0x3f
.byte 0x73, 0x17, 0x7f, 0x3f, 0xf1, 0x18, 0x7f, 0x3f, 0x6e, 0x1a, 0x7f, 0x3f, 0xe9, 0x1b, 0x7f, 0x3f
.byte 0x62, 0x1d, 0x7f, 0x3f, 0xd9, 0x1e, 0x7f, 0x3f, 0x4e, 0x20, 0x7f, 0x3f, 0xc2, 0x21, 0x7f, 0x3f
.byte 0x34, 0x23, 0x7f, 0x3f, 0xa4, 0x24, 0x7f, 0x3f, 0x12, 0x26, 0x7f, 0x3f, 0x7f, 0x27, 0x7f, 0x3f
.byte 0xea, 0x28, 0x7f, 0x3f, 0x53, 0x2a, 0x7f, 0x3f, 0xba, 0x2b, 0x7f, 0x3f, 0x20, 0x2d, 0x7f, 0x3f
.byte 0x83, 0x2e, 0x7f, 0x3f, 0xe6, 0x2f, 0x7f, 0x3f, 0x46, 0x31, 0x7f, 0x3f, 0xa5, 0x32, 0x7f, 0x3f
.byte 0x02, 0x34, 0x7f, 0x3f, 0x5d, 0x35, 0x7f, 0x3f, 0xb6, 0x36, 0x7f, 0x3f, 0x0e, 0x38, 0x7f, 0x3f
.byte 0x64, 0x39, 0x7f, 0x3f, 0xb9, 0x3a, 0x7f, 0x3f, 0x0c, 0x3c, 0x7f, 0x3f, 0x5d, 0x3d, 0x7f, 0x3f
.byte 0xac, 0x3e, 0x7f, 0x3f, 0xfa, 0x3f, 0x7f, 0x3f, 0x46, 0x41, 0x7f, 0x3f, 0x91, 0x42, 0x7f, 0x3f
.byte 0xd9, 0x43, 0x7f, 0x3f, 0x21, 0x45, 0x7f, 0x3f, 0x66, 0x46, 0x7f, 0x3f, 0xaa, 0x47, 0x7f, 0x3f
.byte 0xec, 0x48, 0x7f, 0x3f, 0x2d, 0x4a, 0x7f, 0x3f, 0x6c, 0x4b, 0x7f, 0x3f, 0xa9, 0x4c, 0x7f, 0x3f
.byte 0xe5, 0x4d, 0x7f, 0x3f, 0x1f, 0x4f, 0x7f, 0x3f, 0x58, 0x50, 0x7f, 0x3f, 0x8f, 0x51, 0x7f, 0x3f
.byte 0xc4, 0x52, 0x7f, 0x3f, 0xf8, 0x53, 0x7f, 0x3f, 0x2a, 0x55, 0x7f, 0x3f, 0x5b, 0x56, 0x7f, 0x3f
.byte 0x8a, 0x57, 0x7f, 0x3f, 0xb8, 0x58, 0x7f, 0x3f, 0xe4, 0x59, 0x7f, 0x3f, 0x0e, 0x5b, 0x7f, 0x3f
.byte 0x37, 0x5c, 0x7f, 0x3f, 0x5e, 0x5d, 0x7f, 0x3f, 0x84, 0x5e, 0x7f, 0x3f, 0xa9, 0x5f, 0x7f, 0x3f
.byte 0xcb, 0x60, 0x7f, 0x3f, 0xed, 0x61, 0x7f, 0x3f, 0x0c, 0x63, 0x7f, 0x3f, 0x2a, 0x64, 0x7f, 0x3f
.byte 0x47, 0x65, 0x7f, 0x3f, 0x62, 0x66, 0x7f, 0x3f, 0x7c, 0x67, 0x7f, 0x3f, 0x94, 0x68, 0x7f, 0x3f
.byte 0xab, 0x69, 0x7f, 0x3f, 0xc0, 0x6a, 0x7f, 0x3f, 0xd4, 0x6b, 0x7f, 0x3f, 0xe6, 0x6c, 0x7f, 0x3f
.byte 0xf7, 0x6d, 0x7f, 0x3f, 0x06, 0x6f, 0x7f, 0x3f, 0x14, 0x70, 0x7f, 0x3f, 0x21, 0x71, 0x7f, 0x3f
.byte 0x2c, 0x72, 0x7f, 0x3f, 0x35, 0x73, 0x7f, 0x3f, 0x3d, 0x74, 0x7f, 0x3f, 0x44, 0x75, 0x7f, 0x3f
.byte 0x49, 0x76, 0x7f, 0x3f, 0x4d, 0x77, 0x7f, 0x3f, 0x4f, 0x78, 0x7f, 0x3f, 0x50, 0x79, 0x7f, 0x3f
.byte 0x50, 0x7a, 0x7f, 0x3f, 0x4e, 0x7b, 0x7f, 0x3f, 0x4b, 0x7c, 0x7f, 0x3f, 0x46, 0x7d, 0x7f, 0x3f
.byte 0x40, 0x7e, 0x7f, 0x3f, 0x39, 0x7f, 0x7f, 0x3f, 0x30, 0x80, 0x7f, 0x3f, 0x26, 0x81, 0x7f, 0x3f
.byte 0x1b, 0x82, 0x7f, 0x3f, 0x0e, 0x83, 0x7f, 0x3f, 0x00, 0x84, 0x7f, 0x3f, 0xf0, 0x84, 0x7f, 0x3f
.byte 0xdf, 0x85, 0x7f, 0x3f, 0xcd, 0x86, 0x7f, 0x3f, 0xb9, 0x87, 0x7f, 0x3f, 0xa4, 0x88, 0x7f, 0x3f
.byte 0x8e, 0x89, 0x7f, 0x3f, 0x76, 0x8a, 0x7f, 0x3f, 0x5d, 0x8b, 0x7f, 0x3f, 0x43, 0x8c, 0x7f, 0x3f
.byte 0x28, 0x8d, 0x7f, 0x3f, 0x0b, 0x8e, 0x7f, 0x3f, 0xed, 0x8e, 0x7f, 0x3f, 0xcd, 0x8f, 0x7f, 0x3f
.byte 0xad, 0x90, 0x7f, 0x3f, 0x8b, 0x91, 0x7f, 0x3f, 0x67, 0x92, 0x7f, 0x3f, 0x43, 0x93, 0x7f, 0x3f
.byte 0x1d, 0x94, 0x7f, 0x3f, 0xf6, 0x94, 0x7f, 0x3f, 0xcd, 0x95, 0x7f, 0x3f, 0xa4, 0x96, 0x7f, 0x3f
.byte 0x79, 0x97, 0x7f, 0x3f, 0x4d, 0x98, 0x7f, 0x3f, 0x1f, 0x99, 0x7f, 0x3f, 0xf1, 0x99, 0x7f, 0x3f
.byte 0xc1, 0x9a, 0x7f, 0x3f, 0x90, 0x9b, 0x7f, 0x3f, 0x5d, 0x9c, 0x7f, 0x3f, 0x2a, 0x9d, 0x7f, 0x3f
.byte 0xf5, 0x9d, 0x7f, 0x3f, 0xbf, 0x9e, 0x7f, 0x3f, 0x88, 0x9f, 0x7f, 0x3f, 0x4f, 0xa0, 0x7f, 0x3f
.byte 0x16, 0xa1, 0x7f, 0x3f, 0xdb, 0xa1, 0x7f, 0x3f, 0x9f, 0xa2, 0x7f, 0x3f, 0x62, 0xa3, 0x7f, 0x3f
.byte 0x24, 0xa4, 0x7f, 0x3f, 0xe4, 0xa4, 0x7f, 0x3f, 0xa3, 0xa5, 0x7f, 0x3f, 0x62, 0xa6, 0x7f, 0x3f
.byte 0x1f, 0xa7, 0x7f, 0x3f, 0xdb, 0xa7, 0x7f, 0x3f, 0x95, 0xa8, 0x7f, 0x3f, 0x4f, 0xa9, 0x7f, 0x3f
.byte 0x07, 0xaa, 0x7f, 0x3f, 0xbe, 0xaa, 0x7f, 0x3f, 0x75, 0xab, 0x7f, 0x3f, 0x2a, 0xac, 0x7f, 0x3f
.byte 0xdd, 0xac, 0x7f, 0x3f, 0x90, 0xad, 0x7f, 0x3f, 0x42, 0xae, 0x7f, 0x3f, 0xf2, 0xae, 0x7f, 0x3f
.byte 0xa2, 0xaf, 0x7f, 0x3f, 0x50, 0xb0, 0x7f, 0x3f, 0xfd, 0xb0, 0x7f, 0x3f, 0xa9, 0xb1, 0x7f, 0x3f
.byte 0x55, 0xb2, 0x7f, 0x3f, 0xfe, 0xb2, 0x7f, 0x3f, 0xa7, 0xb3, 0x7f, 0x3f, 0x4f, 0xb4, 0x7f, 0x3f
.byte 0xf6, 0xb4, 0x7f, 0x3f, 0x9c, 0xb5, 0x7f, 0x3f, 0x40, 0xb6, 0x7f, 0x3f, 0xe4, 0xb6, 0x7f, 0x3f
.byte 0x86, 0xb7, 0x7f, 0x3f, 0x28, 0xb8, 0x7f, 0x3f, 0xc8, 0xb8, 0x7f, 0x3f, 0x67, 0xb9, 0x7f, 0x3f
.byte 0x06, 0xba, 0x7f, 0x3f, 0xa3, 0xba, 0x7f, 0x3f, 0x3f, 0xbb, 0x7f, 0x3f, 0xdb, 0xbb, 0x7f, 0x3f
.byte 0x75, 0xbc, 0x7f, 0x3f, 0x0e, 0xbd, 0x7f, 0x3f, 0xa6, 0xbd, 0x7f, 0x3f, 0x3d, 0xbe, 0x7f, 0x3f
.byte 0xd4, 0xbe, 0x7f, 0x3f, 0x69, 0xbf, 0x7f, 0x3f, 0xfd, 0xbf, 0x7f, 0x3f, 0x90, 0xc0, 0x7f, 0x3f
.byte 0x22, 0xc1, 0x7f, 0x3f, 0xb4, 0xc1, 0x7f, 0x3f, 0x44, 0xc2, 0x7f, 0x3f, 0xd3, 0xc2, 0x7f, 0x3f
.byte 0x62, 0xc3, 0x7f, 0x3f, 0xef, 0xc3, 0x7f, 0x3f, 0x7b, 0xc4, 0x7f, 0x3f, 0x07, 0xc5, 0x7f, 0x3f
.byte 0x91, 0xc5, 0x7f, 0x3f, 0x1b, 0xc6, 0x7f, 0x3f, 0xa3, 0xc6, 0x7f, 0x3f, 0x2b, 0xc7, 0x7f, 0x3f
.byte 0xb2, 0xc7, 0x7f, 0x3f, 0x38, 0xc8, 0x7f, 0x3f, 0xbd, 0xc8, 0x7f, 0x3f, 0x41, 0xc9, 0x7f, 0x3f
.byte 0xc4, 0xc9, 0x7f, 0x3f, 0x46, 0xca, 0x7f, 0x3f, 0xc7, 0xca, 0x7f, 0x3f, 0x47, 0xcb, 0x7f, 0x3f
.byte 0xc7, 0xcb, 0x7f, 0x3f, 0x45, 0xcc, 0x7f, 0x3f, 0xc3, 0xcc, 0x7f, 0x3f, 0x40, 0xcd, 0x7f, 0x3f
.byte 0xbb, 0xcd, 0x7f, 0x3f, 0x36, 0xce, 0x7f, 0x3f, 0xb1, 0xce, 0x7f, 0x3f, 0x2a, 0xcf, 0x7f, 0x3f
.byte 0xa2, 0xcf, 0x7f, 0x3f, 0x1a, 0xd0, 0x7f, 0x3f, 0x90, 0xd0, 0x7f, 0x3f, 0x06, 0xd1, 0x7f, 0x3f
.byte 0x7b, 0xd1, 0x7f, 0x3f, 0xef, 0xd1, 0x7f, 0x3f, 0x62, 0xd2, 0x7f, 0x3f, 0xd5, 0xd2, 0x7f, 0x3f
.byte 0x46, 0xd3, 0x7f, 0x3f, 0xb7, 0xd3, 0x7f, 0x3f, 0x27, 0xd4, 0x7f, 0x3f, 0x96, 0xd4, 0x7f, 0x3f
.byte 0x04, 0xd5, 0x7f, 0x3f, 0x72, 0xd5, 0x7f, 0x3f, 0xde, 0xd5, 0x7f, 0x3f, 0x4a, 0xd6, 0x7f, 0x3f
.byte 0xb5, 0xd6, 0x7f, 0x3f, 0x20, 0xd7, 0x7f, 0x3f, 0x89, 0xd7, 0x7f, 0x3f, 0xf2, 0xd7, 0x7f, 0x3f
.byte 0x59, 0xd8, 0x7f, 0x3f, 0xc0, 0xd8, 0x7f, 0x3f, 0x27, 0xd9, 0x7f, 0x3f, 0x8c, 0xd9, 0x7f, 0x3f
.byte 0xf1, 0xd9, 0x7f, 0x3f, 0x55, 0xda, 0x7f, 0x3f, 0xb8, 0xda, 0x7f, 0x3f, 0x1b, 0xdb, 0x7f, 0x3f
.byte 0x7c, 0xdb, 0x7f, 0x3f, 0xdd, 0xdb, 0x7f, 0x3f, 0x3d, 0xdc, 0x7f, 0x3f, 0x9d, 0xdc, 0x7f, 0x3f
.byte 0xfb, 0xdc, 0x7f, 0x3f, 0x59, 0xdd, 0x7f, 0x3f, 0xb7, 0xdd, 0x7f, 0x3f, 0x13, 0xde, 0x7f, 0x3f
.byte 0x6f, 0xde, 0x7f, 0x3f, 0xca, 0xde, 0x7f, 0x3f, 0x24, 0xdf, 0x7f, 0x3f, 0x7e, 0xdf, 0x7f, 0x3f
.byte 0xd7, 0xdf, 0x7f, 0x3f, 0x2f, 0xe0, 0x7f, 0x3f, 0x86, 0xe0, 0x7f, 0x3f, 0xdd, 0xe0, 0x7f, 0x3f
.byte 0x33, 0xe1, 0x7f, 0x3f, 0x89, 0xe1, 0x7f, 0x3f, 0xdd, 0xe1, 0x7f, 0x3f, 0x31, 0xe2, 0x7f, 0x3f
.byte 0x85, 0xe2, 0x7f, 0x3f, 0xd7, 0xe2, 0x7f, 0x3f, 0x29, 0xe3, 0x7f, 0x3f, 0x7a, 0xe3, 0x7f, 0x3f
.byte 0xcb, 0xe3, 0x7f, 0x3f, 0x1b, 0xe4, 0x7f, 0x3f, 0x6a, 0xe4, 0x7f, 0x3f, 0xb9, 0xe4, 0x7f, 0x3f
.byte 0x07, 0xe5, 0x7f, 0x3f, 0x54, 0xe5, 0x7f, 0x3f, 0xa1, 0xe5, 0x7f, 0x3f, 0xed, 0xe5, 0x7f, 0x3f
.byte 0x38, 0xe6, 0x7f, 0x3f, 0x83, 0xe6, 0x7f, 0x3f, 0xcd, 0xe6, 0x7f, 0x3f, 0x17, 0xe7, 0x7f, 0x3f
.byte 0x60, 0xe7, 0x7f, 0x3f, 0xa8, 0xe7, 0x7f, 0x3f, 0xef, 0xe7, 0x7f, 0x3f, 0x36, 0xe8, 0x7f, 0x3f
.byte 0x7d, 0xe8, 0x7f, 0x3f, 0xc3, 0xe8, 0x7f, 0x3f, 0x08, 0xe9, 0x7f, 0x3f, 0x4c, 0xe9, 0x7f, 0x3f
.byte 0x90, 0xe9, 0x7f, 0x3f, 0xd4, 0xe9, 0x7f, 0x3f, 0x17, 0xea, 0x7f, 0x3f, 0x59, 0xea, 0x7f, 0x3f
.byte 0x9a, 0xea, 0x7f, 0x3f, 0xdb, 0xea, 0x7f, 0x3f, 0x1c, 0xeb, 0x7f, 0x3f, 0x5c, 0xeb, 0x7f, 0x3f
.byte 0x9b, 0xeb, 0x7f, 0x3f, 0xda, 0xeb, 0x7f, 0x3f, 0x18, 0xec, 0x7f, 0x3f, 0x56, 0xec, 0x7f, 0x3f
.byte 0x93, 0xec, 0x7f, 0x3f, 0xcf, 0xec, 0x7f, 0x3f, 0x0b, 0xed, 0x7f, 0x3f, 0x47, 0xed, 0x7f, 0x3f
.byte 0x82, 0xed, 0x7f, 0x3f, 0xbc, 0xed, 0x7f, 0x3f, 0xf6, 0xed, 0x7f, 0x3f, 0x2f, 0xee, 0x7f, 0x3f
.byte 0x68, 0xee, 0x7f, 0x3f, 0xa0, 0xee, 0x7f, 0x3f, 0xd8, 0xee, 0x7f, 0x3f, 0x0f, 0xef, 0x7f, 0x3f
.byte 0x45, 0xef, 0x7f, 0x3f, 0x7b, 0xef, 0x7f, 0x3f, 0xb1, 0xef, 0x7f, 0x3f, 0xe6, 0xef, 0x7f, 0x3f
.byte 0x1b, 0xf0, 0x7f, 0x3f, 0x4f, 0xf0, 0x7f, 0x3f, 0x82, 0xf0, 0x7f, 0x3f, 0xb6, 0xf0, 0x7f, 0x3f
.byte 0xe8, 0xf0, 0x7f, 0x3f, 0x1a, 0xf1, 0x7f, 0x3f, 0x4c, 0xf1, 0x7f, 0x3f, 0x7d, 0xf1, 0x7f, 0x3f
.byte 0xae, 0xf1, 0x7f, 0x3f, 0xde, 0xf1, 0x7f, 0x3f, 0x0e, 0xf2, 0x7f, 0x3f, 0x3d, 0xf2, 0x7f, 0x3f
.byte 0x6c, 0xf2, 0x7f, 0x3f, 0x9a, 0xf2, 0x7f, 0x3f, 0xc8, 0xf2, 0x7f, 0x3f, 0xf5, 0xf2, 0x7f, 0x3f
.byte 0x22, 0xf3, 0x7f, 0x3f, 0x4f, 0xf3, 0x7f, 0x3f, 0x7b, 0xf3, 0x7f, 0x3f, 0xa6, 0xf3, 0x7f, 0x3f
.byte 0xd1, 0xf3, 0x7f, 0x3f, 0xfc, 0xf3, 0x7f, 0x3f, 0x26, 0xf4, 0x7f, 0x3f, 0x50, 0xf4, 0x7f, 0x3f
.byte 0x79, 0xf4, 0x7f, 0x3f, 0xa2, 0xf4, 0x7f, 0x3f, 0xcb, 0xf4, 0x7f, 0x3f, 0xf3, 0xf4, 0x7f, 0x3f
.byte 0x1b, 0xf5, 0x7f, 0x3f, 0x42, 0xf5, 0x7f, 0x3f, 0x69, 0xf5, 0x7f, 0x3f, 0x8f, 0xf5, 0x7f, 0x3f
.byte 0xb5, 0xf5, 0x7f, 0x3f, 0xdb, 0xf5, 0x7f, 0x3f, 0x00, 0xf6, 0x7f, 0x3f, 0x25, 0xf6, 0x7f, 0x3f
.byte 0x49, 0xf6, 0x7f, 0x3f, 0x6d, 0xf6, 0x7f, 0x3f, 0x91, 0xf6, 0x7f, 0x3f, 0xb4, 0xf6, 0x7f, 0x3f
.byte 0xd7, 0xf6, 0x7f, 0x3f, 0xfa, 0xf6, 0x7f, 0x3f, 0x1c, 0xf7, 0x7f, 0x3f, 0x3e, 0xf7, 0x7f, 0x3f
.byte 0x5f, 0xf7, 0x7f, 0x3f, 0x80, 0xf7, 0x7f, 0x3f, 0xa0, 0xf7, 0x7f, 0x3f, 0xc1, 0xf7, 0x7f, 0x3f
.byte 0xe1, 0xf7, 0x7f, 0x3f, 0x00, 0xf8, 0x7f, 0x3f, 0x1f, 0xf8, 0x7f, 0x3f, 0x3e, 0xf8, 0x7f, 0x3f
.byte 0x5d, 0xf8, 0x7f, 0x3f, 0x7b, 0xf8, 0x7f, 0x3f, 0x98, 0xf8, 0x7f, 0x3f, 0xb6, 0xf8, 0x7f, 0x3f
.byte 0xd3, 0xf8, 0x7f, 0x3f, 0xf0, 0xf8, 0x7f, 0x3f, 0x0c, 0xf9, 0x7f, 0x3f, 0x28, 0xf9, 0x7f, 0x3f
.byte 0x44, 0xf9, 0x7f, 0x3f, 0x5f, 0xf9, 0x7f, 0x3f, 0x7a, 0xf9, 0x7f, 0x3f, 0x95, 0xf9, 0x7f, 0x3f
.byte 0xaf, 0xf9, 0x7f, 0x3f, 0xca, 0xf9, 0x7f, 0x3f, 0xe3, 0xf9, 0x7f, 0x3f, 0xfd, 0xf9, 0x7f, 0x3f
.byte 0x16, 0xfa, 0x7f, 0x3f, 0x2f, 0xfa, 0x7f, 0x3f, 0x47, 0xfa, 0x7f, 0x3f, 0x60, 0xfa, 0x7f, 0x3f
.byte 0x78, 0xfa, 0x7f, 0x3f, 0x8f, 0xfa, 0x7f, 0x3f, 0xa6, 0xfa, 0x7f, 0x3f, 0xbe, 0xfa, 0x7f, 0x3f
.byte 0xd4, 0xfa, 0x7f, 0x3f, 0xeb, 0xfa, 0x7f, 0x3f, 0x01, 0xfb, 0x7f, 0x3f, 0x17, 0xfb, 0x7f, 0x3f
.byte 0x2c, 0xfb, 0x7f, 0x3f, 0x42, 0xfb, 0x7f, 0x3f, 0x57, 0xfb, 0x7f, 0x3f, 0x6c, 0xfb, 0x7f, 0x3f
.byte 0x80, 0xfb, 0x7f, 0x3f, 0x94, 0xfb, 0x7f, 0x3f, 0xa8, 0xfb, 0x7f, 0x3f, 0xbc, 0xfb, 0x7f, 0x3f
.byte 0xd0, 0xfb, 0x7f, 0x3f, 0xe3, 0xfb, 0x7f, 0x3f, 0xf6, 0xfb, 0x7f, 0x3f, 0x08, 0xfc, 0x7f, 0x3f
.byte 0x1b, 0xfc, 0x7f, 0x3f, 0x2d, 0xfc, 0x7f, 0x3f, 0x3f, 0xfc, 0x7f, 0x3f, 0x51, 0xfc, 0x7f, 0x3f
.byte 0x62, 0xfc, 0x7f, 0x3f, 0x73, 0xfc, 0x7f, 0x3f, 0x84, 0xfc, 0x7f, 0x3f, 0x95, 0xfc, 0x7f, 0x3f
.byte 0xa5, 0xfc, 0x7f, 0x3f, 0xb6, 0xfc, 0x7f, 0x3f, 0xc6, 0xfc, 0x7f, 0x3f, 0xd5, 0xfc, 0x7f, 0x3f
.byte 0xe5, 0xfc, 0x7f, 0x3f, 0xf4, 0xfc, 0x7f, 0x3f, 0x03, 0xfd, 0x7f, 0x3f, 0x12, 0xfd, 0x7f, 0x3f
.byte 0x21, 0xfd, 0x7f, 0x3f, 0x2f, 0xfd, 0x7f, 0x3f, 0x3e, 0xfd, 0x7f, 0x3f, 0x4c, 0xfd, 0x7f, 0x3f
.byte 0x59, 0xfd, 0x7f, 0x3f, 0x67, 0xfd, 0x7f, 0x3f, 0x74, 0xfd, 0x7f, 0x3f, 0x82, 0xfd, 0x7f, 0x3f
.byte 0x8f, 0xfd, 0x7f, 0x3f, 0x9b, 0xfd, 0x7f, 0x3f, 0xa8, 0xfd, 0x7f, 0x3f, 0xb5, 0xfd, 0x7f, 0x3f
.byte 0xc1, 0xfd, 0x7f, 0x3f, 0xcd, 0xfd, 0x7f, 0x3f, 0xd9, 0xfd, 0x7f, 0x3f, 0xe4, 0xfd, 0x7f, 0x3f
.byte 0xf0, 0xfd, 0x7f, 0x3f, 0xfb, 0xfd, 0x7f, 0x3f, 0x06, 0xfe, 0x7f, 0x3f, 0x11, 0xfe, 0x7f, 0x3f
.byte 0x1c, 0xfe, 0x7f, 0x3f, 0x26, 0xfe, 0x7f, 0x3f, 0x31, 0xfe, 0x7f, 0x3f, 0x3b, 0xfe, 0x7f, 0x3f
.byte 0x45, 0xfe, 0x7f, 0x3f, 0x4f, 0xfe, 0x7f, 0x3f, 0x59, 0xfe, 0x7f, 0x3f, 0x62, 0xfe, 0x7f, 0x3f
.byte 0x6c, 0xfe, 0x7f, 0x3f, 0x75, 0xfe, 0x7f, 0x3f, 0x7e, 0xfe, 0x7f, 0x3f, 0x87, 0xfe, 0x7f, 0x3f
.byte 0x90, 0xfe, 0x7f, 0x3f, 0x98, 0xfe, 0x7f, 0x3f, 0xa1, 0xfe, 0x7f, 0x3f, 0xa9, 0xfe, 0x7f, 0x3f
.byte 0xb1, 0xfe, 0x7f, 0x3f, 0xb9, 0xfe, 0x7f, 0x3f, 0xc1, 0xfe, 0x7f, 0x3f, 0xc9, 0xfe, 0x7f, 0x3f
.byte 0xd0, 0xfe, 0x7f, 0x3f, 0xd8, 0xfe, 0x7f, 0x3f, 0xdf, 0xfe, 0x7f, 0x3f, 0xe6, 0xfe, 0x7f, 0x3f
.byte 0xed, 0xfe, 0x7f, 0x3f, 0xf4, 0xfe, 0x7f, 0x3f, 0xfb, 0xfe, 0x7f, 0x3f, 0x02, 0xff, 0x7f, 0x3f
.byte 0x08, 0xff, 0x7f, 0x3f, 0x0e, 0xff, 0x7f, 0x3f, 0x15, 0xff, 0x7f, 0x3f, 0x1b, 0xff, 0x7f, 0x3f
.byte 0x21, 0xff, 0x7f, 0x3f, 0x27, 0xff, 0x7f, 0x3f, 0x2d, 0xff, 0x7f, 0x3f, 0x32, 0xff, 0x7f, 0x3f
.byte 0x38, 0xff, 0x7f, 0x3f, 0x3d, 0xff, 0x7f, 0x3f, 0x43, 0xff, 0x7f, 0x3f, 0x48, 0xff, 0x7f, 0x3f
.byte 0x4d, 0xff, 0x7f, 0x3f, 0x52, 0xff, 0x7f, 0x3f, 0x57, 0xff, 0x7f, 0x3f, 0x5c, 0xff, 0x7f, 0x3f
.byte 0x60, 0xff, 0x7f, 0x3f, 0x65, 0xff, 0x7f, 0x3f, 0x69, 0xff, 0x7f, 0x3f, 0x6e, 0xff, 0x7f, 0x3f
.byte 0x72, 0xff, 0x7f, 0x3f, 0x76, 0xff, 0x7f, 0x3f, 0x7a, 0xff, 0x7f, 0x3f, 0x7e, 0xff, 0x7f, 0x3f
.byte 0x82, 0xff, 0x7f, 0x3f, 0x86, 0xff, 0x7f, 0x3f, 0x8a, 0xff, 0x7f, 0x3f, 0x8e, 0xff, 0x7f, 0x3f
.byte 0x91, 0xff, 0x7f, 0x3f, 0x95, 0xff, 0x7f, 0x3f, 0x98, 0xff, 0x7f, 0x3f, 0x9b, 0xff, 0x7f, 0x3f
.byte 0x9f, 0xff, 0x7f, 0x3f, 0xa2, 0xff, 0x7f, 0x3f, 0xa5, 0xff, 0x7f, 0x3f, 0xa8, 0xff, 0x7f, 0x3f
.byte 0xab, 0xff, 0x7f, 0x3f, 0xae, 0xff, 0x7f, 0x3f, 0xb0, 0xff, 0x7f, 0x3f, 0xb3, 0xff, 0x7f, 0x3f
.byte 0xb6, 0xff, 0x7f, 0x3f, 0xb8, 0xff, 0x7f, 0x3f, 0xbb, 0xff, 0x7f, 0x3f, 0xbd, 0xff, 0x7f, 0x3f
.byte 0xc0, 0xff, 0x7f, 0x3f, 0xc2, 0xff, 0x7f, 0x3f, 0xc4, 0xff, 0x7f, 0x3f, 0xc6, 0xff, 0x7f, 0x3f
.byte 0xc9, 0xff, 0x7f, 0x3f, 0xcb, 0xff, 0x7f, 0x3f, 0xcd, 0xff, 0x7f, 0x3f, 0xcf, 0xff, 0x7f, 0x3f
.byte 0xd1, 0xff, 0x7f, 0x3f, 0xd2, 0xff, 0x7f, 0x3f, 0xd4, 0xff, 0x7f, 0x3f, 0xd6, 0xff, 0x7f, 0x3f
.byte 0xd8, 0xff, 0x7f, 0x3f, 0xd9, 0xff, 0x7f, 0x3f, 0xdb, 0xff, 0x7f, 0x3f, 0xdc, 0xff, 0x7f, 0x3f
.byte 0xde, 0xff, 0x7f, 0x3f, 0xdf, 0xff, 0x7f, 0x3f, 0xe1, 0xff, 0x7f, 0x3f, 0xe2, 0xff, 0x7f, 0x3f
.byte 0xe3, 0xff, 0x7f, 0x3f, 0xe5, 0xff, 0x7f, 0x3f, 0xe6, 0xff, 0x7f, 0x3f, 0xe7, 0xff, 0x7f, 0x3f
.byte 0xe8, 0xff, 0x7f, 0x3f, 0xe9, 0xff, 0x7f, 0x3f, 0xea, 0xff, 0x7f, 0x3f, 0xeb, 0xff, 0x7f, 0x3f
.byte 0xec, 0xff, 0x7f, 0x3f, 0xed, 0xff, 0x7f, 0x3f, 0xee, 0xff, 0x7f, 0x3f, 0xef, 0xff, 0x7f, 0x3f
.byte 0xf0, 0xff, 0x7f, 0x3f, 0xf1, 0xff, 0x7f, 0x3f, 0xf1, 0xff, 0x7f, 0x3f, 0xf2, 0xff, 0x7f, 0x3f
.byte 0xf3, 0xff, 0x7f, 0x3f, 0xf4, 0xff, 0x7f, 0x3f, 0xf4, 0xff, 0x7f, 0x3f, 0xf5, 0xff, 0x7f, 0x3f
.byte 0xf6, 0xff, 0x7f, 0x3f, 0xf6, 0xff, 0x7f, 0x3f, 0xf7, 0xff, 0x7f, 0x3f, 0xf7, 0xff, 0x7f, 0x3f
.byte 0xf8, 0xff, 0x7f, 0x3f, 0xf8, 0xff, 0x7f, 0x3f, 0xf9, 0xff, 0x7f, 0x3f, 0xf9, 0xff, 0x7f, 0x3f
.byte 0xfa, 0xff, 0x7f, 0x3f, 0xfa, 0xff, 0x7f, 0x3f, 0xfa, 0xff, 0x7f, 0x3f, 0xfb, 0xff, 0x7f, 0x3f
.byte 0xfb, 0xff, 0x7f, 0x3f, 0xfb, 0xff, 0x7f, 0x3f, 0xfc, 0xff, 0x7f, 0x3f, 0xfc, 0xff, 0x7f, 0x3f
.byte 0xfc, 0xff, 0x7f, 0x3f, 0xfd, 0xff, 0x7f, 0x3f, 0xfd, 0xff, 0x7f, 0x3f, 0xfd, 0xff, 0x7f, 0x3f
.byte 0xfd, 0xff, 0x7f, 0x3f, 0xfe, 0xff, 0x7f, 0x3f, 0xfe, 0xff, 0x7f, 0x3f, 0xfe, 0xff, 0x7f, 0x3f
.byte 0xfe, 0xff, 0x7f, 0x3f, 0xfe, 0xff, 0x7f, 0x3f, 0xfe, 0xff, 0x7f, 0x3f, 0xff, 0xff, 0x7f, 0x3f
.byte 0xff, 0xff, 0x7f, 0x3f, 0xff, 0xff, 0x7f, 0x3f, 0xff, 0xff, 0x7f, 0x3f, 0xff, 0xff, 0x7f, 0x3f
.byte 0xff, 0xff, 0x7f, 0x3f, 0xff, 0xff, 0x7f, 0x3f, 0xff, 0xff, 0x7f, 0x3f, 0xff, 0xff, 0x7f, 0x3f
.byte 0xff, 0xff, 0x7f, 0x3f, 0x00, 0x00, 0x80, 0x3f, 0x00, 0x00, 0x80, 0x3f, 0x00, 0x00, 0x80, 0x3f
.byte 0x00, 0x00, 0x80, 0x3f, 0x00, 0x00, 0x80, 0x3f, 0x00, 0x00, 0x80, 0x3f, 0x00, 0x00, 0x80, 0x3f
.byte 0x00, 0x00, 0x80, 0x3f, 0x00, 0x00, 0x80, 0x3f, 0x00, 0x00, 0x80, 0x3f, 0x00, 0x00, 0x80, 0x3f
.byte 0x00, 0x00, 0x80, 0x3f, 0x00, 0x00, 0x80, 0x3f, 0x00, 0x00, 0x80, 0x3f, 0x00, 0x00, 0x80, 0x3f
.byte 0x00, 0x00, 0x80, 0x3f, 0x00, 0x00, 0x80, 0x3f, 0x00, 0x00, 0x80, 0x3f, 0x00, 0x00, 0x80, 0x3f
.byte 0x00, 0x00, 0x80, 0x3f, 0x00, 0x00, 0x80, 0x3f, 0x00, 0x00, 0x80, 0x3f, 0x00, 0x00, 0x80, 0x3f
.byte 0x00, 0x00, 0x80, 0x3f, 0x00, 0x00, 0x80, 0x3f, 0x00, 0x00, 0x80, 0x3f, 0x00, 0x00, 0x80, 0x3f
.byte 0x00, 0x00, 0x80, 0x3f, 0x00, 0x00, 0x80, 0x3f, 0x00, 0x00, 0x80, 0x3f, 0x00, 0x00, 0x80, 0x3f
.byte 0x00, 0x00, 0x80, 0x3f, 0x00, 0x00, 0x80, 0x3f
.globl _sym_00b8d9d8
_sym_00b8d9d8:
.byte 0x05, 0x0c, 0x78, 0x38, 0x32, 0x83, 0x0b, 0x3a, 0x76, 0xba, 0xc1, 0x3a, 0xe2, 0xcb, 0x3d, 0x3b
.byte 0x26, 0xcf, 0x9c, 0x3b, 0x8b, 0x20, 0xea, 0x3b, 0xf5, 0x66, 0x23, 0x3c, 0x3f, 0x64, 0x59, 0x3c
.byte 0xb8, 0x7f, 0x8b, 0x3c, 0x3b, 0x17, 0xae, 0x3c, 0xef, 0x72, 0xd4, 0x3c, 0x60, 0x8c, 0xfe, 0x3c
.byte 0x2d, 0x2e, 0x16, 0x3d, 0x72, 0xed, 0x2e, 0x3d, 0x9b, 0x7f, 0x49, 0x3d, 0xdc, 0xdf, 0x65, 0x3d
.byte 0x7b, 0x04, 0x82, 0x3d, 0x9f, 0xfa, 0x91, 0x3d, 0x47, 0xcf, 0xa2, 0x3d, 0x26, 0x7f, 0xb4, 0x3d
.byte 0xad, 0x06, 0xc7, 0x3d, 0x10, 0x62, 0xda, 0x3d, 0x3f, 0x8d, 0xee, 0x3d, 0xf4, 0xc1, 0x01, 0x3e
.byte 0xb9, 0xa0, 0x0c, 0x3e, 0x80, 0xe0, 0x17, 0x3e, 0xb6, 0x7e, 0x23, 0x3e, 0xa6, 0x78, 0x2f, 0x3e
.byte 0x74, 0xcb, 0x3b, 0x3e, 0x22, 0x74, 0x48, 0x3e, 0x8d, 0x6f, 0x55, 0x3e, 0x6b, 0xba, 0x62, 0x3e
.byte 0x53, 0x51, 0x70, 0x3e, 0xb4, 0x30, 0x7e, 0x3e, 0x6e, 0x2a, 0x86, 0x3e, 0xfc, 0x5c, 0x8d, 0x3e
.byte 0x09, 0xae, 0x94, 0x3e, 0x8a, 0x1b, 0x9c, 0x3e, 0x64, 0xa3, 0xa3, 0x3e, 0x70, 0x43, 0xab, 0x3e
.byte 0x77, 0xf9, 0xb2, 0x3e, 0x36, 0xc3, 0xba, 0x3e, 0x5d, 0x9e, 0xc2, 0x3e, 0x93, 0x88, 0xca, 0x3e
.byte 0x76, 0x7f, 0xd2, 0x3e, 0x9a, 0x80, 0xda, 0x3e, 0x8e, 0x89, 0xe2, 0x3e, 0xd9, 0x97, 0xea, 0x3e
.byte 0x02, 0xa9, 0xf2, 0x3e, 0x8b, 0xba, 0xfa, 0x3e, 0xfb, 0x64, 0x01, 0x3f, 0x63, 0x6a, 0x05, 0x3f
.byte 0x41, 0x6c, 0x09, 0x3f, 0x59, 0x69, 0x0d, 0x3f, 0x74, 0x60, 0x11, 0x3f, 0x5e, 0x50, 0x15, 0x3f
.byte 0xe7, 0x37, 0x19, 0x3f, 0xe7, 0x15, 0x1d, 0x3f, 0x3a, 0xe9, 0x20, 0x3f, 0xc5, 0xb0, 0x24, 0x3f
.byte 0x74, 0x6b, 0x28, 0x3f, 0x3e, 0x18, 0x2c, 0x3f, 0x23, 0xb6, 0x2f, 0x3f, 0x2b, 0x44, 0x33, 0x3f
.byte 0x6d, 0xc1, 0x36, 0x3f, 0x0a, 0x2d, 0x3a, 0x3f, 0x30, 0x86, 0x3d, 0x3f, 0x1a, 0xcc, 0x40, 0x3f
.byte 0x11, 0xfe, 0x43, 0x3f, 0x6b, 0x1b, 0x47, 0x3f, 0x8e, 0x23, 0x4a, 0x3f, 0xee, 0x15, 0x4d, 0x3f
.byte 0x0f, 0xf2, 0x4f, 0x3f, 0x84, 0xb7, 0x52, 0x3f, 0xef, 0x65, 0x55, 0x3f, 0x03, 0xfd, 0x57, 0x3f
.byte 0x81, 0x7c, 0x5a, 0x3f, 0x3c, 0xe4, 0x5c, 0x3f, 0x15, 0x34, 0x5f, 0x3f, 0xfe, 0x6b, 0x61, 0x3f
.byte 0xf6, 0x8b, 0x63, 0x3f, 0x0e, 0x94, 0x65, 0x3f, 0x62, 0x84, 0x67, 0x3f, 0x21, 0x5d, 0x69, 0x3f
.byte 0x85, 0x1e, 0x6b, 0x3f, 0xd5, 0xc8, 0x6c, 0x3f, 0x67, 0x5c, 0x6e, 0x3f, 0x9b, 0xd9, 0x6f, 0x3f
.byte 0xe0, 0x40, 0x71, 0x3f, 0xac, 0x92, 0x72, 0x3f, 0x83, 0xcf, 0x73, 0x3f, 0xf1, 0xf7, 0x74, 0x3f
.byte 0x8b, 0x0c, 0x76, 0x3f, 0xef, 0x0d, 0x77, 0x3f, 0xc1, 0xfc, 0x77, 0x3f, 0xac, 0xd9, 0x78, 0x3f
.byte 0x63, 0xa5, 0x79, 0x3f, 0x9b, 0x60, 0x7a, 0x3f, 0x0f, 0x0c, 0x7b, 0x3f, 0x7c, 0xa8, 0x7b, 0x3f
.byte 0xa3, 0x36, 0x7c, 0x3f, 0x47, 0xb7, 0x7c, 0x3f, 0x29, 0x2b, 0x7d, 0x3f, 0x0d, 0x93, 0x7d, 0x3f
.byte 0xb7, 0xef, 0x7d, 0x3f, 0xe5, 0x41, 0x7e, 0x3f, 0x59, 0x8a, 0x7e, 0x3f, 0xcd, 0xc9, 0x7e, 0x3f
.byte 0xfb, 0x00, 0x7f, 0x3f, 0x96, 0x30, 0x7f, 0x3f, 0x4e, 0x59, 0x7f, 0x3f, 0xcd, 0x7b, 0x7f, 0x3f
.byte 0xb6, 0x98, 0x7f, 0x3f, 0xa7, 0xb0, 0x7f, 0x3f, 0x35, 0xc4, 0x7f, 0x3f, 0xef, 0xd3, 0x7f, 0x3f
.byte 0x5b, 0xe0, 0x7f, 0x3f, 0xf5, 0xe9, 0x7f, 0x3f, 0x33, 0xf1, 0x7f, 0x3f, 0x7f, 0xf6, 0x7f, 0x3f
.byte 0x3b, 0xfa, 0x7f, 0x3f, 0xbe, 0xfc, 0x7f, 0x3f, 0x54, 0xfe, 0x7f, 0x3f, 0x40, 0xff, 0x7f, 0x3f
.byte 0xba, 0xff, 0x7f, 0x3f, 0xee, 0xff, 0x7f, 0x3f, 0xfe, 0xff, 0x7f, 0x3f, 0x00, 0x00, 0x80, 0x3f
.globl _sym_00b8dbd8
_sym_00b8dbd8:
.byte 0xab, 0x0f, 0x78, 0x35, 0x18, 0x87, 0x0b, 0x37, 0xe1, 0xc9, 0xc1, 0x37, 0x6b, 0xe9, 0x3d, 0x38
.byte 0x80, 0xf7, 0x9c, 0x38, 0xbb, 0x7a, 0xea, 0x38, 0x18, 0xbf, 0x23, 0x39, 0xd5, 0x00, 0x5a, 0x39
.byte 0x38, 0x01, 0x8c, 0x39, 0xe5, 0xe1, 0xae, 0x39, 0x58, 0xa2, 0xd5, 0x39, 0x3c, 0x21, 0x00, 0x3a
.byte 0x18, 0x61, 0x17, 0x3a, 0xaf, 0x90, 0x30, 0x3a, 0xf3, 0xaf, 0x4b, 0x3a, 0xd4, 0xbe, 0x68, 0x3a
.byte 0x9f, 0xde, 0x83, 0x3a, 0x8f, 0x55, 0x94, 0x3a, 0x30, 0xc4, 0xa5, 0x3a, 0x77, 0x2a, 0xb8, 0x3a
.byte 0x5a, 0x88, 0xcb, 0x3a, 0xcc, 0xdd, 0xdf, 0x3a, 0xbf, 0x2a, 0xf5, 0x3a, 0x94, 0xb7, 0x05, 0x3b
.byte 0x7c, 0x55, 0x11, 0x3b, 0x10, 0x6f, 0x1d, 0x3b, 0x49, 0x04, 0x2a, 0x3b, 0x1f, 0x15, 0x37, 0x3b
.byte 0x8a, 0xa1, 0x44, 0x3b, 0x81, 0xa9, 0x52, 0x3b, 0xfc, 0x2c, 0x61, 0x3b, 0xf1, 0x2b, 0x70, 0x3b
.byte 0x58, 0xa6, 0x7f, 0x3b, 0x13, 0xce, 0x87, 0x3b, 0xa9, 0x06, 0x90, 0x3b, 0xe9, 0x7c, 0x98, 0x3b
.byte 0xcc, 0x30, 0xa1, 0x3b, 0x4f, 0x22, 0xaa, 0x3b, 0x6a, 0x51, 0xb3, 0x3b, 0x1a, 0xbe, 0xbc, 0x3b
.byte 0x56, 0x68, 0xc6, 0x3b, 0x1a, 0x50, 0xd0, 0x3b, 0x5f, 0x75, 0xda, 0x3b, 0x1f, 0xd8, 0xe4, 0x3b
.byte 0x53, 0x78, 0xef, 0x3b, 0xf4, 0x55, 0xfa, 0x3b, 0x7e, 0xb8, 0x02, 0x3c, 0xb1, 0x64, 0x08, 0x3c
.byte 0x91, 0x2f, 0x0e, 0x3c, 0x19, 0x19, 0x14, 0x3c, 0x46, 0x21, 0x1a, 0x3c, 0x13, 0x48, 0x20, 0x3c
.byte 0x7e, 0x8d, 0x26, 0x3c, 0x81, 0xf1, 0x2c, 0x3c, 0x19, 0x74, 0x33, 0x3c, 0x41, 0x15, 0x3a, 0x3c
.byte 0xf6, 0xd4, 0x40, 0x3c, 0x32, 0xb3, 0x47, 0x3c, 0xf3, 0xaf, 0x4e, 0x3c, 0x32, 0xcb, 0x55, 0x3c
.byte 0xeb, 0x04, 0x5d, 0x3c, 0x1a, 0x5d, 0x64, 0x3c, 0xba, 0xd3, 0x6b, 0x3c, 0xc6, 0x68, 0x73, 0x3c
.byte 0x3a, 0x1c, 0x7b, 0x3c, 0x07, 0x77, 0x81, 0x3c, 0x21, 0x6f, 0x85, 0x3c, 0x66, 0x76, 0x89, 0x3c
.byte 0xd4, 0x8c, 0x8d, 0x3c, 0x69, 0xb2, 0x91, 0x3c, 0x21, 0xe7, 0x95, 0x3c, 0xfb, 0x2a, 0x9a, 0x3c
.byte 0xf3, 0x7d, 0x9e, 0x3c, 0x06, 0xe0, 0xa2, 0x3c, 0x32, 0x51, 0xa7, 0x3c, 0x73, 0xd1, 0xab, 0x3c
.byte 0xc7, 0x60, 0xb0, 0x3c, 0x2b, 0xff, 0xb4, 0x3c, 0x9a, 0xac, 0xb9, 0x3c, 0x13, 0x69, 0xbe, 0x3c
.byte 0x92, 0x34, 0xc3, 0x3c, 0x14, 0x0f, 0xc8, 0x3c, 0x95, 0xf8, 0xcc, 0x3c, 0x13, 0xf1, 0xd1, 0x3c
.byte 0x89, 0xf8, 0xd6, 0x3c, 0xf5, 0x0e, 0xdc, 0x3c, 0x53, 0x34, 0xe1, 0x3c, 0xa0, 0x68, 0xe6, 0x3c
.byte 0xd7, 0xab, 0xeb, 0x3c, 0xf6, 0xfd, 0xf0, 0x3c, 0xf9, 0x5e, 0xf6, 0x3c, 0xdc, 0xce, 0xfb, 0x3c
.byte 0xcd, 0xa6, 0x00, 0x3d, 0x99, 0x6d, 0x03, 0x3d, 0xcf, 0x3b, 0x06, 0x3d, 0x6d, 0x11, 0x09, 0x3d
.byte 0x72, 0xee, 0x0b, 0x3d, 0xdc, 0xd2, 0x0e, 0x3d, 0xa7, 0xbe, 0x11, 0x3d, 0xd3, 0xb1, 0x14, 0x3d
.byte 0x5e, 0xac, 0x17, 0x3d, 0x44, 0xae, 0x1a, 0x3d, 0x85, 0xb7, 0x1d, 0x3d, 0x1e, 0xc8, 0x20, 0x3d
.byte 0x0c, 0xe0, 0x23, 0x3d, 0x4e, 0xff, 0x26, 0x3d, 0xe1, 0x25, 0x2a, 0x3d, 0xc4, 0x53, 0x2d, 0x3d
.byte 0xf3, 0x88, 0x30, 0x3d, 0x6d, 0xc5, 0x33, 0x3d, 0x2f, 0x09, 0x37, 0x3d, 0x37, 0x54, 0x3a, 0x3d
.byte 0x82, 0xa6, 0x3d, 0x3d, 0x0f, 0x00, 0x41, 0x3d, 0xda, 0x60, 0x44, 0x3d, 0xe2, 0xc8, 0x47, 0x3d
.byte 0x23, 0x38, 0x4b, 0x3d, 0x9c, 0xae, 0x4e, 0x3d, 0x49, 0x2c, 0x52, 0x3d, 0x28, 0xb1, 0x55, 0x3d
.byte 0x37, 0x3d, 0x59, 0x3d, 0x73, 0xd0, 0x5c, 0x3d, 0xd9, 0x6a, 0x60, 0x3d, 0x67, 0x0c, 0x64, 0x3d
.byte 0x19, 0xb5, 0x67, 0x3d, 0xee, 0x64, 0x6b, 0x3d, 0xe3, 0x1b, 0x6f, 0x3d, 0xf4, 0xd9, 0x72, 0x3d
.byte 0x1e, 0x9f, 0x76, 0x3d, 0x60, 0x6b, 0x7a, 0x3d, 0xb6, 0x3e, 0x7e, 0x3d, 0x8f, 0x0c, 0x81, 0x3d
.byte 0x49, 0xfd, 0x82, 0x3d, 0x8a, 0xf1, 0x84, 0x3d, 0x4f, 0xe9, 0x86, 0x3d, 0x96, 0xe4, 0x88, 0x3d
.byte 0x5e, 0xe3, 0x8a, 0x3d, 0xa7, 0xe5, 0x8c, 0x3d, 0x6d, 0xeb, 0x8e, 0x3d, 0xaf, 0xf4, 0x90, 0x3d
.byte 0x6d, 0x01, 0x93, 0x3d, 0xa4, 0x11, 0x95, 0x3d, 0x53, 0x25, 0x97, 0x3d, 0x78, 0x3c, 0x99, 0x3d
.byte 0x11, 0x57, 0x9b, 0x3d, 0x1e, 0x75, 0x9d, 0x3d, 0x9b, 0x96, 0x9f, 0x3d, 0x88, 0xbb, 0xa1, 0x3d
.byte 0xe2, 0xe3, 0xa3, 0x3d, 0xa9, 0x0f, 0xa6, 0x3d, 0xda, 0x3e, 0xa8, 0x3d, 0x74, 0x71, 0xaa, 0x3d
.byte 0x74, 0xa7, 0xac, 0x3d, 0xda, 0xe0, 0xae, 0x3d, 0xa2, 0x1d, 0xb1, 0x3d, 0xcd, 0x5d, 0xb3, 0x3d
.byte 0x57, 0xa1, 0xb5, 0x3d, 0x3e, 0xe8, 0xb7, 0x3d, 0x82, 0x32, 0xba, 0x3d, 0x20, 0x80, 0xbc, 0x3d
.byte 0x16, 0xd1, 0xbe, 0x3d, 0x62, 0x25, 0xc1, 0x3d, 0x02, 0x7d, 0xc3, 0x3d, 0xf5, 0xd7, 0xc5, 0x3d
.byte 0x39, 0x36, 0xc8, 0x3d, 0xcb, 0x97, 0xca, 0x3d, 0xa9, 0xfc, 0xcc, 0x3d, 0xd3, 0x64, 0xcf, 0x3d
.byte 0x44, 0xd0, 0xd1, 0x3d, 0xfc, 0x3e, 0xd4, 0x3d, 0xf9, 0xb0, 0xd6, 0x3d, 0x38, 0x26, 0xd9, 0x3d
.byte 0xb8, 0x9e, 0xdb, 0x3d, 0x75, 0x1a, 0xde, 0x3d, 0x6f, 0x99, 0xe0, 0x3d, 0xa3, 0x1b, 0xe3, 0x3d
.byte 0x0e, 0xa1, 0xe5, 0x3d, 0xaf, 0x29, 0xe8, 0x3d, 0x84, 0xb5, 0xea, 0x3d, 0x8a, 0x44, 0xed, 0x3d
.byte 0xbf, 0xd6, 0xef, 0x3d, 0x21, 0x6c, 0xf2, 0x3d, 0xae, 0x04, 0xf5, 0x3d, 0x63, 0xa0, 0xf7, 0x3d
.byte 0x3e, 0x3f, 0xfa, 0x3d, 0x3d, 0xe1, 0xfc, 0x3d, 0x5d, 0x86, 0xff, 0x3d, 0x4e, 0x17, 0x01, 0x3e
.byte 0xfc, 0x6c, 0x02, 0x3e, 0x38, 0xc4, 0x03, 0x3e, 0xff, 0x1c, 0x05, 0x3e, 0x51, 0x77, 0x06, 0x3e
.byte 0x2d, 0xd3, 0x07, 0x3e, 0x91, 0x30, 0x09, 0x3e, 0x7d, 0x8f, 0x0a, 0x3e, 0xee, 0xef, 0x0b, 0x3e
.byte 0xe4, 0x51, 0x0d, 0x3e, 0x5e, 0xb5, 0x0e, 0x3e, 0x59, 0x1a, 0x10, 0x3e, 0xd6, 0x80, 0x11, 0x3e
.byte 0xd2, 0xe8, 0x12, 0x3e, 0x4d, 0x52, 0x14, 0x3e, 0x45, 0xbd, 0x15, 0x3e, 0xb8, 0x29, 0x17, 0x3e
.byte 0xa6, 0x97, 0x18, 0x3e, 0x0d, 0x07, 0x1a, 0x3e, 0xec, 0x77, 0x1b, 0x3e, 0x41, 0xea, 0x1c, 0x3e
.byte 0x0b, 0x5e, 0x1e, 0x3e, 0x49, 0xd3, 0x1f, 0x3e, 0xfa, 0x49, 0x21, 0x3e, 0x1c, 0xc2, 0x22, 0x3e
.byte 0xad, 0x3b, 0x24, 0x3e, 0xac, 0xb6, 0x25, 0x3e, 0x18, 0x33, 0x27, 0x3e, 0xf0, 0xb0, 0x28, 0x3e
.byte 0x32, 0x30, 0x2a, 0x3e, 0xdc, 0xb0, 0x2b, 0x3e, 0xee, 0x32, 0x2d, 0x3e, 0x65, 0xb6, 0x2e, 0x3e
.byte 0x40, 0x3b, 0x30, 0x3e, 0x7e, 0xc1, 0x31, 0x3e, 0x1e, 0x49, 0x33, 0x3e, 0x1d, 0xd2, 0x34, 0x3e
.byte 0x7b, 0x5c, 0x36, 0x3e, 0x36, 0xe8, 0x37, 0x3e, 0x4c, 0x75, 0x39, 0x3e, 0xbb, 0x03, 0x3b, 0x3e
.byte 0x83, 0x93, 0x3c, 0x3e, 0xa2, 0x24, 0x3e, 0x3e, 0x16, 0xb7, 0x3f, 0x3e, 0xde, 0x4a, 0x41, 0x3e
.byte 0xf8, 0xdf, 0x42, 0x3e, 0x62, 0x76, 0x44, 0x3e, 0x1c, 0x0e, 0x46, 0x3e, 0x23, 0xa7, 0x47, 0x3e
.byte 0x75, 0x41, 0x49, 0x3e, 0x12, 0xdd, 0x4a, 0x3e, 0xf7, 0x79, 0x4c, 0x3e, 0x23, 0x18, 0x4e, 0x3e
.byte 0x95, 0xb7, 0x4f, 0x3e, 0x4a, 0x58, 0x51, 0x3e, 0x42, 0xfa, 0x52, 0x3e, 0x79, 0x9d, 0x54, 0x3e
.byte 0xf0, 0x41, 0x56, 0x3e, 0xa3, 0xe7, 0x57, 0x3e, 0x92, 0x8e, 0x59, 0x3e, 0xba, 0x36, 0x5b, 0x3e
.byte 0x1a, 0xe0, 0x5c, 0x3e, 0xb1, 0x8a, 0x5e, 0x3e, 0x7c, 0x36, 0x60, 0x3e, 0x7a, 0xe3, 0x61, 0x3e
.byte 0xa9, 0x91, 0x63, 0x3e, 0x07, 0x41, 0x65, 0x3e, 0x93, 0xf1, 0x66, 0x3e, 0x4b, 0xa3, 0x68, 0x3e
.byte 0x2c, 0x56, 0x6a, 0x3e, 0x36, 0x0a, 0x6c, 0x3e, 0x66, 0xbf, 0x6d, 0x3e, 0xbb, 0x75, 0x6f, 0x3e
.byte 0x33, 0x2d, 0x71, 0x3e, 0xcc, 0xe5, 0x72, 0x3e, 0x84, 0x9f, 0x74, 0x3e, 0x5a, 0x5a, 0x76, 0x3e
.byte 0x4b, 0x16, 0x78, 0x3e, 0x55, 0xd3, 0x79, 0x3e, 0x78, 0x91, 0x7b, 0x3e, 0xb0, 0x50, 0x7d, 0x3e
.byte 0xfd, 0x10, 0x7f, 0x3e, 0x2e, 0x69, 0x80, 0x3e, 0x65, 0x4a, 0x81, 0x3e, 0x24, 0x2c, 0x82, 0x3e
.byte 0x69, 0x0e, 0x83, 0x3e, 0x34, 0xf1, 0x83, 0x3e, 0x82, 0xd4, 0x84, 0x3e, 0x54, 0xb8, 0x85, 0x3e
.byte 0xa9, 0x9c, 0x86, 0x3e, 0x7f, 0x81, 0x87, 0x3e, 0xd5, 0x66, 0x88, 0x3e, 0xab, 0x4c, 0x89, 0x3e
.byte 0xff, 0x32, 0x8a, 0x3e, 0xd1, 0x19, 0x8b, 0x3e, 0x20, 0x01, 0x8c, 0x3e, 0xe9, 0xe8, 0x8c, 0x3e
.byte 0x2e, 0xd1, 0x8d, 0x3e, 0xec, 0xb9, 0x8e, 0x3e, 0x22, 0xa3, 0x8f, 0x3e, 0xd0, 0x8c, 0x90, 0x3e
.byte 0xf4, 0x76, 0x91, 0x3e, 0x8e, 0x61, 0x92, 0x3e, 0x9c, 0x4c, 0x93, 0x3e, 0x1d, 0x38, 0x94, 0x3e
.byte 0x11, 0x24, 0x95, 0x3e, 0x76, 0x10, 0x96, 0x3e, 0x4c, 0xfd, 0x96, 0x3e, 0x90, 0xea, 0x97, 0x3e
.byte 0x43, 0xd8, 0x98, 0x3e, 0x63, 0xc6, 0x99, 0x3e, 0xef, 0xb4, 0x9a, 0x3e, 0xe6, 0xa3, 0x9b, 0x3e
.byte 0x47, 0x93, 0x9c, 0x3e, 0x11, 0x83, 0x9d, 0x3e, 0x43, 0x73, 0x9e, 0x3e, 0xdb, 0x63, 0x9f, 0x3e
.byte 0xda, 0x54, 0xa0, 0x3e, 0x3c, 0x46, 0xa1, 0x3e, 0x03, 0x38, 0xa2, 0x3e, 0x2b, 0x2a, 0xa3, 0x3e
.byte 0xb5, 0x1c, 0xa4, 0x3e, 0xa0, 0x0f, 0xa5, 0x3e, 0xe9, 0x02, 0xa6, 0x3e, 0x91, 0xf6, 0xa6, 0x3e
.byte 0x95, 0xea, 0xa7, 0x3e, 0xf5, 0xde, 0xa8, 0x3e, 0xb0, 0xd3, 0xa9, 0x3e, 0xc5, 0xc8, 0xaa, 0x3e
.byte 0x32, 0xbe, 0xab, 0x3e, 0xf6, 0xb3, 0xac, 0x3e, 0x11, 0xaa, 0xad, 0x3e, 0x81, 0xa0, 0xae, 0x3e
.byte 0x45, 0x97, 0xaf, 0x3e, 0x5b, 0x8e, 0xb0, 0x3e, 0xc4, 0x85, 0xb1, 0x3e, 0x7d, 0x7d, 0xb2, 0x3e
.byte 0x85, 0x75, 0xb3, 0x3e, 0xdc, 0x6d, 0xb4, 0x3e, 0x80, 0x66, 0xb5, 0x3e, 0x70, 0x5f, 0xb6, 0x3e
.byte 0xab, 0x58, 0xb7, 0x3e, 0x2f, 0x52, 0xb8, 0x3e, 0xfc, 0x4b, 0xb9, 0x3e, 0x11, 0x46, 0xba, 0x3e
.byte 0x6c, 0x40, 0xbb, 0x3e, 0x0b, 0x3b, 0xbc, 0x3e, 0xef, 0x35, 0xbd, 0x3e, 0x16, 0x31, 0xbe, 0x3e
.byte 0x7e, 0x2c, 0xbf, 0x3e, 0x26, 0x28, 0xc0, 0x3e, 0x0d, 0x24, 0xc1, 0x3e, 0x33, 0x20, 0xc2, 0x3e
.byte 0x96, 0x1c, 0xc3, 0x3e, 0x34, 0x19, 0xc4, 0x3e, 0x0c, 0x16, 0xc5, 0x3e, 0x1e, 0x13, 0xc6, 0x3e
.byte 0x68, 0x10, 0xc7, 0x3e, 0xe9, 0x0d, 0xc8, 0x3e, 0x9f, 0x0b, 0xc9, 0x3e, 0x8a, 0x09, 0xca, 0x3e
.byte 0xa9, 0x07, 0xcb, 0x3e, 0xf9, 0x05, 0xcc, 0x3e, 0x7b, 0x04, 0xcd, 0x3e, 0x2c, 0x03, 0xce, 0x3e
.byte 0x0b, 0x02, 0xcf, 0x3e, 0x18, 0x01, 0xd0, 0x3e, 0x51, 0x00, 0xd1, 0x3e, 0xb5, 0xff, 0xd1, 0x3e
.byte 0x42, 0xff, 0xd2, 0x3e, 0xf8, 0xfe, 0xd3, 0x3e, 0xd5, 0xfe, 0xd4, 0x3e, 0xd8, 0xfe, 0xd5, 0x3e
.byte 0xff, 0xfe, 0xd6, 0x3e, 0x4b, 0xff, 0xd7, 0x3e, 0xb8, 0xff, 0xd8, 0x3e, 0x47, 0x00, 0xda, 0x3e
.byte 0xf5, 0x00, 0xdb, 0x3e, 0xc3, 0x01, 0xdc, 0x3e, 0xad, 0x02, 0xdd, 0x3e, 0xb4, 0x03, 0xde, 0x3e
.byte 0xd6, 0x04, 0xdf, 0x3e, 0x11, 0x06, 0xe0, 0x3e, 0x65, 0x07, 0xe1, 0x3e, 0xd0, 0x08, 0xe2, 0x3e
.byte 0x51, 0x0a, 0xe3, 0x3e, 0xe7, 0x0b, 0xe4, 0x3e, 0x90, 0x0d, 0xe5, 0x3e, 0x4c, 0x0f, 0xe6, 0x3e
.byte 0x19, 0x11, 0xe7, 0x3e, 0xf5, 0x12, 0xe8, 0x3e, 0xe0, 0x14, 0xe9, 0x3e, 0xd9, 0x16, 0xea, 0x3e
.byte 0xdd, 0x18, 0xeb, 0x3e, 0xec, 0x1a, 0xec, 0x3e, 0x05, 0x1d, 0xed, 0x3e, 0x27, 0x1f, 0xee, 0x3e
.byte 0x4f, 0x21, 0xef, 0x3e, 0x7d, 0x23, 0xf0, 0x3e, 0xb0, 0x25, 0xf1, 0x3e, 0xe6, 0x27, 0xf2, 0x3e
.byte 0x1f, 0x2a, 0xf3, 0x3e, 0x58, 0x2c, 0xf4, 0x3e, 0x91, 0x2e, 0xf5, 0x3e, 0xc8, 0x30, 0xf6, 0x3e
.byte 0xfd, 0x32, 0xf7, 0x3e, 0x2d, 0x35, 0xf8, 0x3e, 0x58, 0x37, 0xf9, 0x3e, 0x7c, 0x39, 0xfa, 0x3e
.byte 0x99, 0x3b, 0xfb, 0x3e, 0xac, 0x3d, 0xfc, 0x3e, 0xb5, 0x3f, 0xfd, 0x3e, 0xb3, 0x41, 0xfe, 0x3e
.byte 0xa3, 0x43, 0xff, 0x3e, 0xc3, 0x22, 0x00, 0x3f, 0xad, 0xa3, 0x00, 0x3f, 0x8e, 0x24, 0x01, 0x3f
.byte 0x66, 0xa5, 0x01, 0x3f, 0x35, 0x26, 0x02, 0x3f, 0xfa, 0xa6, 0x02, 0x3f, 0xb4, 0x27, 0x03, 0x3f
.byte 0x63, 0xa8, 0x03, 0x3f, 0x05, 0x29, 0x04, 0x3f, 0x9b, 0xa9, 0x04, 0x3f, 0x24, 0x2a, 0x05, 0x3f
.byte 0x9f, 0xaa, 0x05, 0x3f, 0x0c, 0x2b, 0x06, 0x3f, 0x69, 0xab, 0x06, 0x3f, 0xb7, 0x2b, 0x07, 0x3f
.byte 0xf4, 0xab, 0x07, 0x3f, 0x20, 0x2c, 0x08, 0x3f, 0x3b, 0xac, 0x08, 0x3f, 0x44, 0x2c, 0x09, 0x3f
.byte 0x3a, 0xac, 0x09, 0x3f, 0x1c, 0x2c, 0x0a, 0x3f, 0xeb, 0xab, 0x0a, 0x3f, 0xa4, 0x2b, 0x0b, 0x3f
.byte 0x49, 0xab, 0x0b, 0x3f, 0xd8, 0x2a, 0x0c, 0x3f, 0x50, 0xaa, 0x0c, 0x3f, 0xb1, 0x29, 0x0d, 0x3f
.byte 0xfb, 0xa8, 0x0d, 0x3f, 0x2c, 0x28, 0x0e, 0x3f, 0x45, 0xa7, 0x0e, 0x3f, 0x44, 0x26, 0x0f, 0x3f
.byte 0x29, 0xa5, 0x0f, 0x3f, 0xf3, 0x23, 0x10, 0x3f, 0xa2, 0xa2, 0x10, 0x3f, 0x35, 0x21, 0x11, 0x3f
.byte 0xac, 0x9f, 0x11, 0x3f, 0x05, 0x1e, 0x12, 0x3f, 0x41, 0x9c, 0x12, 0x3f, 0x5f, 0x1a, 0x13, 0x3f
.byte 0x5e, 0x98, 0x13, 0x3f, 0x3d, 0x16, 0x14, 0x3f, 0xfc, 0x93, 0x14, 0x3f, 0x9b, 0x11, 0x15, 0x3f
.byte 0x18, 0x8f, 0x15, 0x3f, 0x74, 0x0c, 0x16, 0x3f, 0xad, 0x89, 0x16, 0x3f, 0xc3, 0x06, 0x17, 0x3f
.byte 0xb6, 0x83, 0x17, 0x3f, 0x85, 0x00, 0x18, 0x3f, 0x2e, 0x7d, 0x18, 0x3f, 0xb3, 0xf9, 0x18, 0x3f
.byte 0x12, 0x76, 0x19, 0x3f, 0x4a, 0xf2, 0x19, 0x3f, 0x5b, 0x6e, 0x1a, 0x3f, 0x45, 0xea, 0x1a, 0x3f
.byte 0x06, 0x66, 0x1b, 0x3f, 0x9f, 0xe1, 0x1b, 0x3f, 0x0e, 0x5d, 0x1c, 0x3f, 0x54, 0xd8, 0x1c, 0x3f
.byte 0x6f, 0x53, 0x1d, 0x3f, 0x5f, 0xce, 0x1d, 0x3f, 0x24, 0x49, 0x1e, 0x3f, 0xbc, 0xc3, 0x1e, 0x3f
.byte 0x28, 0x3e, 0x1f, 0x3f, 0x66, 0xb8, 0x1f, 0x3f, 0x77, 0x32, 0x20, 0x3f, 0x5a, 0xac, 0x20, 0x3f
.byte 0x0e, 0x26, 0x21, 0x3f, 0x92, 0x9f, 0x21, 0x3f, 0xe6, 0x18, 0x22, 0x3f, 0x0a, 0x92, 0x22, 0x3f
.byte 0xfd, 0x0a, 0x23, 0x3f, 0xbe, 0x83, 0x23, 0x3f, 0x4d, 0xfc, 0x23, 0x3f, 0xa9, 0x74, 0x24, 0x3f
.byte 0xd3, 0xec, 0x24, 0x3f, 0xc8, 0x64, 0x25, 0x3f, 0x8a, 0xdc, 0x25, 0x3f, 0x16, 0x54, 0x26, 0x3f
.byte 0x6e, 0xcb, 0x26, 0x3f, 0x8f, 0x42, 0x27, 0x3f, 0x7a, 0xb9, 0x27, 0x3f, 0x2f, 0x30, 0x28, 0x3f
.byte 0xac, 0xa6, 0x28, 0x3f, 0xf1, 0x1c, 0x29, 0x3f, 0xfe, 0x92, 0x29, 0x3f, 0xd2, 0x08, 0x2a, 0x3f
.byte 0x6c, 0x7e, 0x2a, 0x3f, 0xcd, 0xf3, 0x2a, 0x3f, 0xf3, 0x68, 0x2b, 0x3f, 0xdf, 0xdd, 0x2b, 0x3f
.byte 0x8f, 0x52, 0x2c, 0x3f, 0x03, 0xc7, 0x2c, 0x3f, 0x3b, 0x3b, 0x2d, 0x3f, 0x36, 0xaf, 0x2d, 0x3f
.byte 0xf4, 0x22, 0x2e, 0x3f, 0x74, 0x96, 0x2e, 0x3f, 0xb6, 0x09, 0x2f, 0x3f, 0xb9, 0x7c, 0x2f, 0x3f
.byte 0x7d, 0xef, 0x2f, 0x3f, 0x01, 0x62, 0x30, 0x3f, 0x45, 0xd4, 0x30, 0x3f, 0x48, 0x46, 0x31, 0x3f
.byte 0x0a, 0xb8, 0x31, 0x3f, 0x8b, 0x29, 0x32, 0x3f, 0xca, 0x9a, 0x32, 0x3f, 0xc6, 0x0b, 0x33, 0x3f
.byte 0x7f, 0x7c, 0x33, 0x3f, 0xf6, 0xec, 0x33, 0x3f, 0x28, 0x5d, 0x34, 0x3f, 0x16, 0xcd, 0x34, 0x3f
.byte 0xbf, 0x3c, 0x35, 0x3f, 0x24, 0xac, 0x35, 0x3f, 0x42, 0x1b, 0x36, 0x3f, 0x1b, 0x8a, 0x36, 0x3f
.byte 0xae, 0xf8, 0x36, 0x3f, 0xf9, 0x66, 0x37, 0x3f, 0xfe, 0xd4, 0x37, 0x3f, 0xbb, 0x42, 0x38, 0x3f
.byte 0x2f, 0xb0, 0x38, 0x3f, 0x5b, 0x1d, 0x39, 0x3f, 0x3f, 0x8a, 0x39, 0x3f, 0xd9, 0xf6, 0x39, 0x3f
.byte 0x29, 0x63, 0x3a, 0x3f, 0x30, 0xcf, 0x3a, 0x3f, 0xec, 0x3a, 0x3b, 0x3f, 0x5d, 0xa6, 0x3b, 0x3f
.byte 0x82, 0x11, 0x3c, 0x3f, 0x5d, 0x7c, 0x3c, 0x3f, 0xeb, 0xe6, 0x3c, 0x3f, 0x2c, 0x51, 0x3d, 0x3f
.byte 0x21, 0xbb, 0x3d, 0x3f, 0xc9, 0x24, 0x3e, 0x3f, 0x23, 0x8e, 0x3e, 0x3f, 0x30, 0xf7, 0x3e, 0x3f
.byte 0xee, 0x5f, 0x3f, 0x3f, 0x5e, 0xc8, 0x3f, 0x3f, 0x7e, 0x30, 0x40, 0x3f, 0x50, 0x98, 0x40, 0x3f
.byte 0xd1, 0xff, 0x40, 0x3f, 0x03, 0x67, 0x41, 0x3f, 0xe4, 0xcd, 0x41, 0x3f, 0x75, 0x34, 0x42, 0x3f
.byte 0xb5, 0x9a, 0x42, 0x3f, 0xa3, 0x00, 0x43, 0x3f, 0x40, 0x66, 0x43, 0x3f, 0x8b, 0xcb, 0x43, 0x3f
.byte 0x83, 0x30, 0x44, 0x3f, 0x29, 0x95, 0x44, 0x3f, 0x7c, 0xf9, 0x44, 0x3f, 0x7b, 0x5d, 0x45, 0x3f
.byte 0x27, 0xc1, 0x45, 0x3f, 0x7f, 0x24, 0x46, 0x3f, 0x84, 0x87, 0x46, 0x3f, 0x33, 0xea, 0x46, 0x3f
.byte 0x8e, 0x4c, 0x47, 0x3f, 0x94, 0xae, 0x47, 0x3f, 0x44, 0x10, 0x48, 0x3f, 0x9f, 0x71, 0x48, 0x3f
.byte 0xa4, 0xd2, 0x48, 0x3f, 0x53, 0x33, 0x49, 0x3f, 0xac, 0x93, 0x49, 0x3f, 0xae, 0xf3, 0x49, 0x3f
.byte 0x59, 0x53, 0x4a, 0x3f, 0xad, 0xb2, 0x4a, 0x3f, 0xa9, 0x11, 0x4b, 0x3f, 0x4d, 0x70, 0x4b, 0x3f
.byte 0x9a, 0xce, 0x4b, 0x3f, 0x8f, 0x2c, 0x4c, 0x3f, 0x2b, 0x8a, 0x4c, 0x3f, 0x6e, 0xe7, 0x4c, 0x3f
.byte 0x59, 0x44, 0x4d, 0x3f, 0xea, 0xa0, 0x4d, 0x3f, 0x22, 0xfd, 0x4d, 0x3f, 0x00, 0x59, 0x4e, 0x3f
.byte 0x85, 0xb4, 0x4e, 0x3f, 0xb0, 0x0f, 0x4f, 0x3f, 0x80, 0x6a, 0x4f, 0x3f, 0xf6, 0xc4, 0x4f, 0x3f
.byte 0x12, 0x1f, 0x50, 0x3f, 0xd2, 0x78, 0x50, 0x3f, 0x38, 0xd2, 0x50, 0x3f, 0x42, 0x2b, 0x51, 0x3f
.byte 0xf2, 0x83, 0x51, 0x3f, 0x45, 0xdc, 0x51, 0x3f, 0x3d, 0x34, 0x52, 0x3f, 0xd9, 0x8b, 0x52, 0x3f
.byte 0x18, 0xe3, 0x52, 0x3f, 0xfc, 0x39, 0x53, 0x3f, 0x83, 0x90, 0x53, 0x3f, 0xae, 0xe6, 0x53, 0x3f
.byte 0x7b, 0x3c, 0x54, 0x3f, 0xec, 0x91, 0x54, 0x3f, 0x00, 0xe7, 0x54, 0x3f, 0xb7, 0x3b, 0x55, 0x3f
.byte 0x10, 0x90, 0x55, 0x3f, 0x0c, 0xe4, 0x55, 0x3f, 0xaa, 0x37, 0x56, 0x3f, 0xeb, 0x8a, 0x56, 0x3f
.byte 0xce, 0xdd, 0x56, 0x3f, 0x53, 0x30, 0x57, 0x3f, 0x79, 0x82, 0x57, 0x3f, 0x42, 0xd4, 0x57, 0x3f
.byte 0xac, 0x25, 0x58, 0x3f, 0xb8, 0x76, 0x58, 0x3f, 0x65, 0xc7, 0x58, 0x3f, 0xb4, 0x17, 0x59, 0x3f
.byte 0xa4, 0x67, 0x59, 0x3f, 0x35, 0xb7, 0x59, 0x3f, 0x68, 0x06, 0x5a, 0x3f, 0x3b, 0x55, 0x5a, 0x3f
.byte 0xaf, 0xa3, 0x5a, 0x3f, 0xc5, 0xf1, 0x5a, 0x3f, 0x7b, 0x3f, 0x5b, 0x3f, 0xd2, 0x8c, 0x5b, 0x3f
.byte 0xc9, 0xd9, 0x5b, 0x3f, 0x61, 0x26, 0x5c, 0x3f, 0x9a, 0x72, 0x5c, 0x3f, 0x73, 0xbe, 0x5c, 0x3f
.byte 0xed, 0x09, 0x5d, 0x3f, 0x07, 0x55, 0x5d, 0x3f, 0xc2, 0x9f, 0x5d, 0x3f, 0x1d, 0xea, 0x5d, 0x3f
.byte 0x18, 0x34, 0x5e, 0x3f, 0xb3, 0x7d, 0x5e, 0x3f, 0xef, 0xc6, 0x5e, 0x3f, 0xcb, 0x0f, 0x5f, 0x3f
.byte 0x48, 0x58, 0x5f, 0x3f, 0x64, 0xa0, 0x5f, 0x3f, 0x21, 0xe8, 0x5f, 0x3f, 0x7e, 0x2f, 0x60, 0x3f
.byte 0x7b, 0x76, 0x60, 0x3f, 0x18, 0xbd, 0x60, 0x3f, 0x55, 0x03, 0x61, 0x3f, 0x33, 0x49, 0x61, 0x3f
.byte 0xb1, 0x8e, 0x61, 0x3f, 0xcf, 0xd3, 0x61, 0x3f, 0x8d, 0x18, 0x62, 0x3f, 0xec, 0x5c, 0x62, 0x3f
.byte 0xeb, 0xa0, 0x62, 0x3f, 0x8a, 0xe4, 0x62, 0x3f, 0xca, 0x27, 0x63, 0x3f, 0xaa, 0x6a, 0x63, 0x3f
.byte 0x2a, 0xad, 0x63, 0x3f, 0x4b, 0xef, 0x63, 0x3f, 0x0d, 0x31, 0x64, 0x3f, 0x6f, 0x72, 0x64, 0x3f
.byte 0x72, 0xb3, 0x64, 0x3f, 0x15, 0xf4, 0x64, 0x3f, 0x5a, 0x34, 0x65, 0x3f, 0x3f, 0x74, 0x65, 0x3f
.byte 0xc5, 0xb3, 0x65, 0x3f, 0xec, 0xf2, 0x65, 0x3f, 0xb4, 0x31, 0x66, 0x3f, 0x1d, 0x70, 0x66, 0x3f
.byte 0x27, 0xae, 0x66, 0x3f, 0xd3, 0xeb, 0x66, 0x3f, 0x20, 0x29, 0x67, 0x3f, 0x0f, 0x66, 0x67, 0x3f
.byte 0x9f, 0xa2, 0x67, 0x3f, 0xd1, 0xde, 0x67, 0x3f, 0xa4, 0x1a, 0x68, 0x3f, 0x1a, 0x56, 0x68, 0x3f
.byte 0x31, 0x91, 0x68, 0x3f, 0xeb, 0xcb, 0x68, 0x3f, 0x47, 0x06, 0x69, 0x3f, 0x45, 0x40, 0x69, 0x3f
.byte 0xe6, 0x79, 0x69, 0x3f, 0x2a, 0xb3, 0x69, 0x3f, 0x10, 0xec, 0x69, 0x3f, 0x99, 0x24, 0x6a, 0x3f
.byte 0xc5, 0x5c, 0x6a, 0x3f, 0x94, 0x94, 0x6a, 0x3f, 0x07, 0xcc, 0x6a, 0x3f, 0x1d, 0x03, 0x6b, 0x3f
.byte 0xd6, 0x39, 0x6b, 0x3f, 0x34, 0x70, 0x6b, 0x3f, 0x35, 0xa6, 0x6b, 0x3f, 0xda, 0xdb, 0x6b, 0x3f
.byte 0x24, 0x11, 0x6c, 0x3f, 0x12, 0x46, 0x6c, 0x3f, 0xa4, 0x7a, 0x6c, 0x3f, 0xdc, 0xae, 0x6c, 0x3f
.byte 0xb8, 0xe2, 0x6c, 0x3f, 0x39, 0x16, 0x6d, 0x3f, 0x60, 0x49, 0x6d, 0x3f, 0x2c, 0x7c, 0x6d, 0x3f
.byte 0x9d, 0xae, 0x6d, 0x3f, 0xb5, 0xe0, 0x6d, 0x3f, 0x73, 0x12, 0x6e, 0x3f, 0xd6, 0x43, 0x6e, 0x3f
.byte 0xe1, 0x74, 0x6e, 0x3f, 0x92, 0xa5, 0x6e, 0x3f, 0xe9, 0xd5, 0x6e, 0x3f, 0xe8, 0x05, 0x6f, 0x3f
.byte 0x8e, 0x35, 0x6f, 0x3f, 0xdb, 0x64, 0x6f, 0x3f, 0xd1, 0x93, 0x6f, 0x3f, 0x6e, 0xc2, 0x6f, 0x3f
.byte 0xb3, 0xf0, 0x6f, 0x3f, 0xa0, 0x1e, 0x70, 0x3f, 0x36, 0x4c, 0x70, 0x3f, 0x75, 0x79, 0x70, 0x3f
.byte 0x5d, 0xa6, 0x70, 0x3f, 0xef, 0xd2, 0x70, 0x3f, 0x29, 0xff, 0x70, 0x3f, 0x0e, 0x2b, 0x71, 0x3f
.byte 0x9c, 0x56, 0x71, 0x3f, 0xd5, 0x81, 0x71, 0x3f, 0xb8, 0xac, 0x71, 0x3f, 0x46, 0xd7, 0x71, 0x3f
.byte 0x7f, 0x01, 0x72, 0x3f, 0x63, 0x2b, 0x72, 0x3f, 0xf3, 0x54, 0x72, 0x3f, 0x2e, 0x7e, 0x72, 0x3f
.byte 0x15, 0xa7, 0x72, 0x3f, 0xa9, 0xcf, 0x72, 0x3f, 0xe9, 0xf7, 0x72, 0x3f, 0xd6, 0x1f, 0x73, 0x3f
.byte 0x71, 0x47, 0x73, 0x3f, 0xb8, 0x6e, 0x73, 0x3f, 0xad, 0x95, 0x73, 0x3f, 0x50, 0xbc, 0x73, 0x3f
.byte 0xa2, 0xe2, 0x73, 0x3f, 0xa1, 0x08, 0x74, 0x3f, 0x50, 0x2e, 0x74, 0x3f, 0xae, 0x53, 0x74, 0x3f
.byte 0xbb, 0x78, 0x74, 0x3f, 0x77, 0x9d, 0x74, 0x3f, 0xe4, 0xc1, 0x74, 0x3f, 0x01, 0xe6, 0x74, 0x3f
.byte 0xce, 0x09, 0x75, 0x3f, 0x4c, 0x2d, 0x75, 0x3f, 0x7b, 0x50, 0x75, 0x3f, 0x5c, 0x73, 0x75, 0x3f
.byte 0xee, 0x95, 0x75, 0x3f, 0x33, 0xb8, 0x75, 0x3f, 0x2a, 0xda, 0x75, 0x3f, 0xd3, 0xfb, 0x75, 0x3f
.byte 0x30, 0x1d, 0x76, 0x3f, 0x40, 0x3e, 0x76, 0x3f, 0x03, 0x5f, 0x76, 0x3f, 0x7a, 0x7f, 0x76, 0x3f
.byte 0xa6, 0x9f, 0x76, 0x3f, 0x86, 0xbf, 0x76, 0x3f, 0x1b, 0xdf, 0x76, 0x3f, 0x65, 0xfe, 0x76, 0x3f
.byte 0x65, 0x1d, 0x77, 0x3f, 0x1b, 0x3c, 0x77, 0x3f, 0x87, 0x5a, 0x77, 0x3f, 0xa9, 0x78, 0x77, 0x3f
.byte 0x83, 0x96, 0x77, 0x3f, 0x13, 0xb4, 0x77, 0x3f, 0x5b, 0xd1, 0x77, 0x3f, 0x5b, 0xee, 0x77, 0x3f
.byte 0x14, 0x0b, 0x78, 0x3f, 0x84, 0x27, 0x78, 0x3f, 0xae, 0x43, 0x78, 0x3f, 0x91, 0x5f, 0x78, 0x3f
.byte 0x2e, 0x7b, 0x78, 0x3f, 0x84, 0x96, 0x78, 0x3f, 0x95, 0xb1, 0x78, 0x3f, 0x60, 0xcc, 0x78, 0x3f
.byte 0xe7, 0xe6, 0x78, 0x3f, 0x29, 0x01, 0x79, 0x3f, 0x26, 0x1b, 0x79, 0x3f, 0xdf, 0x34, 0x79, 0x3f
.byte 0x55, 0x4e, 0x79, 0x3f, 0x88, 0x67, 0x79, 0x3f, 0x78, 0x80, 0x79, 0x3f, 0x25, 0x99, 0x79, 0x3f
.byte 0x90, 0xb1, 0x79, 0x3f, 0xb9, 0xc9, 0x79, 0x3f, 0xa1, 0xe1, 0x79, 0x3f, 0x48, 0xf9, 0x79, 0x3f
.byte 0xae, 0x10, 0x7a, 0x3f, 0xd4, 0x27, 0x7a, 0x3f, 0xb9, 0x3e, 0x7a, 0x3f, 0x60, 0x55, 0x7a, 0x3f
.byte 0xc6, 0x6b, 0x7a, 0x3f, 0xee, 0x81, 0x7a, 0x3f, 0xd8, 0x97, 0x7a, 0x3f, 0x83, 0xad, 0x7a, 0x3f
.byte 0xf1, 0xc2, 0x7a, 0x3f, 0x21, 0xd8, 0x7a, 0x3f, 0x14, 0xed, 0x7a, 0x3f, 0xca, 0x01, 0x7b, 0x3f
.byte 0x44, 0x16, 0x7b, 0x3f, 0x82, 0x2a, 0x7b, 0x3f, 0x85, 0x3e, 0x7b, 0x3f, 0x4d, 0x52, 0x7b, 0x3f
.byte 0xd9, 0x65, 0x7b, 0x3f, 0x2b, 0x79, 0x7b, 0x3f, 0x44, 0x8c, 0x7b, 0x3f, 0x22, 0x9f, 0x7b, 0x3f
.byte 0xc8, 0xb1, 0x7b, 0x3f, 0x34, 0xc4, 0x7b, 0x3f, 0x68, 0xd6, 0x7b, 0x3f, 0x63, 0xe8, 0x7b, 0x3f
.byte 0x27, 0xfa, 0x7b, 0x3f, 0xb4, 0x0b, 0x7c, 0x3f, 0x09, 0x1d, 0x7c, 0x3f, 0x28, 0x2e, 0x7c, 0x3f
.byte 0x11, 0x3f, 0x7c, 0x3f, 0xc4, 0x4f, 0x7c, 0x3f, 0x41, 0x60, 0x7c, 0x3f, 0x89, 0x70, 0x7c, 0x3f
.byte 0x9c, 0x80, 0x7c, 0x3f, 0x7c, 0x90, 0x7c, 0x3f, 0x27, 0xa0, 0x7c, 0x3f, 0x9e, 0xaf, 0x7c, 0x3f
.byte 0xe2, 0xbe, 0x7c, 0x3f, 0xf4, 0xcd, 0x7c, 0x3f, 0xd3, 0xdc, 0x7c, 0x3f, 0x80, 0xeb, 0x7c, 0x3f
.byte 0xfb, 0xf9, 0x7c, 0x3f, 0x45, 0x08, 0x7d, 0x3f, 0x5e, 0x16, 0x7d, 0x3f, 0x47, 0x24, 0x7d, 0x3f
.byte 0xff, 0x31, 0x7d, 0x3f, 0x88, 0x3f, 0x7d, 0x3f, 0xe1, 0x4c, 0x7d, 0x3f, 0x0b, 0x5a, 0x7d, 0x3f
.byte 0x07, 0x67, 0x7d, 0x3f, 0xd4, 0x73, 0x7d, 0x3f, 0x73, 0x80, 0x7d, 0x3f, 0xe5, 0x8c, 0x7d, 0x3f
.byte 0x2a, 0x99, 0x7d, 0x3f, 0x42, 0xa5, 0x7d, 0x3f, 0x2e, 0xb1, 0x7d, 0x3f, 0xee, 0xbc, 0x7d, 0x3f
.byte 0x82, 0xc8, 0x7d, 0x3f, 0xeb, 0xd3, 0x7d, 0x3f, 0x29, 0xdf, 0x7d, 0x3f, 0x3d, 0xea, 0x7d, 0x3f
.byte 0x26, 0xf5, 0x7d, 0x3f, 0xe6, 0xff, 0x7d, 0x3f, 0x7c, 0x0a, 0x7e, 0x3f, 0xea, 0x14, 0x7e, 0x3f
.byte 0x2f, 0x1f, 0x7e, 0x3f, 0x4b, 0x29, 0x7e, 0x3f, 0x40, 0x33, 0x7e, 0x3f, 0x0d, 0x3d, 0x7e, 0x3f
.byte 0xb4, 0x46, 0x7e, 0x3f, 0x33, 0x50, 0x7e, 0x3f, 0x8c, 0x59, 0x7e, 0x3f, 0xbf, 0x62, 0x7e, 0x3f
.byte 0xcd, 0x6b, 0x7e, 0x3f, 0xb5, 0x74, 0x7e, 0x3f, 0x78, 0x7d, 0x7e, 0x3f, 0x17, 0x86, 0x7e, 0x3f
.byte 0x92, 0x8e, 0x7e, 0x3f, 0xe9, 0x96, 0x7e, 0x3f, 0x1c, 0x9f, 0x7e, 0x3f, 0x2c, 0xa7, 0x7e, 0x3f
.byte 0x1a, 0xaf, 0x7e, 0x3f, 0xe5, 0xb6, 0x7e, 0x3f, 0x8e, 0xbe, 0x7e, 0x3f, 0x16, 0xc6, 0x7e, 0x3f
.byte 0x7c, 0xcd, 0x7e, 0x3f, 0xc2, 0xd4, 0x7e, 0x3f, 0xe7, 0xdb, 0x7e, 0x3f, 0xeb, 0xe2, 0x7e, 0x3f
.byte 0xd0, 0xe9, 0x7e, 0x3f, 0x95, 0xf0, 0x7e, 0x3f, 0x3b, 0xf7, 0x7e, 0x3f, 0xc3, 0xfd, 0x7e, 0x3f
.byte 0x2c, 0x04, 0x7f, 0x3f, 0x76, 0x0a, 0x7f, 0x3f, 0xa3, 0x10, 0x7f, 0x3f, 0xb3, 0x16, 0x7f, 0x3f
.byte 0xa5, 0x1c, 0x7f, 0x3f, 0x7b, 0x22, 0x7f, 0x3f, 0x34, 0x28, 0x7f, 0x3f, 0xd2, 0x2d, 0x7f, 0x3f
.byte 0x53, 0x33, 0x7f, 0x3f, 0xba, 0x38, 0x7f, 0x3f, 0x05, 0x3e, 0x7f, 0x3f, 0x35, 0x43, 0x7f, 0x3f
.byte 0x4b, 0x48, 0x7f, 0x3f, 0x48, 0x4d, 0x7f, 0x3f, 0x2a, 0x52, 0x7f, 0x3f, 0xf3, 0x56, 0x7f, 0x3f
.byte 0xa3, 0x5b, 0x7f, 0x3f, 0x3a, 0x60, 0x7f, 0x3f, 0xb9, 0x64, 0x7f, 0x3f, 0x20, 0x69, 0x7f, 0x3f
.byte 0x6f, 0x6d, 0x7f, 0x3f, 0xa6, 0x71, 0x7f, 0x3f, 0xc7, 0x75, 0x7f, 0x3f, 0xd0, 0x79, 0x7f, 0x3f
.byte 0xc4, 0x7d, 0x7f, 0x3f, 0xa1, 0x81, 0x7f, 0x3f, 0x68, 0x85, 0x7f, 0x3f, 0x19, 0x89, 0x7f, 0x3f
.byte 0xb6, 0x8c, 0x7f, 0x3f, 0x3d, 0x90, 0x7f, 0x3f, 0xb0, 0x93, 0x7f, 0x3f, 0x0e, 0x97, 0x7f, 0x3f
.byte 0x59, 0x9a, 0x7f, 0x3f, 0x8f, 0x9d, 0x7f, 0x3f, 0xb3, 0xa0, 0x7f, 0x3f, 0xc3, 0xa3, 0x7f, 0x3f
.byte 0xc0, 0xa6, 0x7f, 0x3f, 0xab, 0xa9, 0x7f, 0x3f, 0x84, 0xac, 0x7f, 0x3f, 0x4a, 0xaf, 0x7f, 0x3f
.byte 0xff, 0xb1, 0x7f, 0x3f, 0xa3, 0xb4, 0x7f, 0x3f, 0x35, 0xb7, 0x7f, 0x3f, 0xb7, 0xb9, 0x7f, 0x3f
.byte 0x28, 0xbc, 0x7f, 0x3f, 0x89, 0xbe, 0x7f, 0x3f, 0xd9, 0xc0, 0x7f, 0x3f, 0x1a, 0xc3, 0x7f, 0x3f
.byte 0x4c, 0xc5, 0x7f, 0x3f, 0x6f, 0xc7, 0x7f, 0x3f, 0x82, 0xc9, 0x7f, 0x3f, 0x87, 0xcb, 0x7f, 0x3f
.byte 0x7e, 0xcd, 0x7f, 0x3f, 0x66, 0xcf, 0x7f, 0x3f, 0x41, 0xd1, 0x7f, 0x3f, 0x0e, 0xd3, 0x7f, 0x3f
.byte 0xcd, 0xd4, 0x7f, 0x3f, 0x80, 0xd6, 0x7f, 0x3f, 0x26, 0xd8, 0x7f, 0x3f, 0xbf, 0xd9, 0x7f, 0x3f
.byte 0x4c, 0xdb, 0x7f, 0x3f, 0xcc, 0xdc, 0x7f, 0x3f, 0x41, 0xde, 0x7f, 0x3f, 0xaa, 0xdf, 0x7f, 0x3f
.byte 0x08, 0xe1, 0x7f, 0x3f, 0x5b, 0xe2, 0x7f, 0x3f, 0xa3, 0xe3, 0x7f, 0x3f, 0xe0, 0xe4, 0x7f, 0x3f
.byte 0x13, 0xe6, 0x7f, 0x3f, 0x3b, 0xe7, 0x7f, 0x3f, 0x5a, 0xe8, 0x7f, 0x3f, 0x6e, 0xe9, 0x7f, 0x3f
.byte 0x7a, 0xea, 0x7f, 0x3f, 0x7c, 0xeb, 0x7f, 0x3f, 0x74, 0xec, 0x7f, 0x3f, 0x64, 0xed, 0x7f, 0x3f
.byte 0x4b, 0xee, 0x7f, 0x3f, 0x2a, 0xef, 0x7f, 0x3f, 0x01, 0xf0, 0x7f, 0x3f, 0xcf, 0xf0, 0x7f, 0x3f
.byte 0x95, 0xf1, 0x7f, 0x3f, 0x54, 0xf2, 0x7f, 0x3f, 0x0c, 0xf3, 0x7f, 0x3f, 0xbc, 0xf3, 0x7f, 0x3f
.byte 0x65, 0xf4, 0x7f, 0x3f, 0x07, 0xf5, 0x7f, 0x3f, 0xa2, 0xf5, 0x7f, 0x3f, 0x37, 0xf6, 0x7f, 0x3f
.byte 0xc6, 0xf6, 0x7f, 0x3f, 0x4e, 0xf7, 0x7f, 0x3f, 0xd1, 0xf7, 0x7f, 0x3f, 0x4d, 0xf8, 0x7f, 0x3f
.byte 0xc4, 0xf8, 0x7f, 0x3f, 0x36, 0xf9, 0x7f, 0x3f, 0xa2, 0xf9, 0x7f, 0x3f, 0x09, 0xfa, 0x7f, 0x3f
.byte 0x6c, 0xfa, 0x7f, 0x3f, 0xc9, 0xfa, 0x7f, 0x3f, 0x22, 0xfb, 0x7f, 0x3f, 0x76, 0xfb, 0x7f, 0x3f
.byte 0xc6, 0xfb, 0x7f, 0x3f, 0x12, 0xfc, 0x7f, 0x3f, 0x59, 0xfc, 0x7f, 0x3f, 0x9d, 0xfc, 0x7f, 0x3f
.byte 0xdd, 0xfc, 0x7f, 0x3f, 0x1a, 0xfd, 0x7f, 0x3f, 0x53, 0xfd, 0x7f, 0x3f, 0x88, 0xfd, 0x7f, 0x3f
.byte 0xbb, 0xfd, 0x7f, 0x3f, 0xea, 0xfd, 0x7f, 0x3f, 0x16, 0xfe, 0x7f, 0x3f, 0x40, 0xfe, 0x7f, 0x3f
.byte 0x67, 0xfe, 0x7f, 0x3f, 0x8b, 0xfe, 0x7f, 0x3f, 0xad, 0xfe, 0x7f, 0x3f, 0xcc, 0xfe, 0x7f, 0x3f
.byte 0xea, 0xfe, 0x7f, 0x3f, 0x05, 0xff, 0x7f, 0x3f, 0x1e, 0xff, 0x7f, 0x3f, 0x35, 0xff, 0x7f, 0x3f
.byte 0x4a, 0xff, 0x7f, 0x3f, 0x5e, 0xff, 0x7f, 0x3f, 0x70, 0xff, 0x7f, 0x3f, 0x80, 0xff, 0x7f, 0x3f
.byte 0x8f, 0xff, 0x7f, 0x3f, 0x9d, 0xff, 0x7f, 0x3f, 0xa9, 0xff, 0x7f, 0x3f, 0xb4, 0xff, 0x7f, 0x3f
.byte 0xbf, 0xff, 0x7f, 0x3f, 0xc8, 0xff, 0x7f, 0x3f, 0xd0, 0xff, 0x7f, 0x3f, 0xd7, 0xff, 0x7f, 0x3f
.byte 0xdd, 0xff, 0x7f, 0x3f, 0xe3, 0xff, 0x7f, 0x3f, 0xe8, 0xff, 0x7f, 0x3f, 0xec, 0xff, 0x7f, 0x3f
.byte 0xef, 0xff, 0x7f, 0x3f, 0xf3, 0xff, 0x7f, 0x3f, 0xf5, 0xff, 0x7f, 0x3f, 0xf8, 0xff, 0x7f, 0x3f
.byte 0xf9, 0xff, 0x7f, 0x3f, 0xfb, 0xff, 0x7f, 0x3f, 0xfc, 0xff, 0x7f, 0x3f, 0xfd, 0xff, 0x7f, 0x3f
.byte 0xfe, 0xff, 0x7f, 0x3f, 0xff, 0xff, 0x7f, 0x3f, 0xff, 0xff, 0x7f, 0x3f, 0xff, 0xff, 0x7f, 0x3f
.byte 0x00, 0x00, 0x80, 0x3f, 0x00, 0x00, 0x80, 0x3f, 0x00, 0x00, 0x80, 0x3f, 0x00, 0x00, 0x80, 0x3f
.byte 0x00, 0x00, 0x80, 0x3f, 0x00, 0x00, 0x80, 0x3f, 0x00, 0x00, 0x80, 0x3f, 0x00, 0x00, 0x80, 0x3f
.globl _sym_00b8ebd8
_sym_00b8ebd8:
.byte 0xa9, 0x0c, 0x78, 0x37, 0x36, 0x86, 0x0b, 0x39, 0x26, 0xc6, 0xc1, 0x39, 0x5e, 0xe2, 0x3d, 0x3a
.byte 0xea, 0xed, 0x9c, 0x3a, 0x55, 0x65, 0xea, 0x3a, 0x38, 0xaa, 0x23, 0x3b, 0xcf, 0xdb, 0x59, 0x3b
.byte 0xa9, 0xe2, 0x8b, 0x3b, 0x2a, 0xb2, 0xae, 0x3b, 0x0d, 0x5b, 0xd5, 0x3b, 0xcc, 0xdb, 0xff, 0x3b
.byte 0x5b, 0x19, 0x17, 0x3c, 0xfa, 0x2e, 0x30, 0x3c, 0xc2, 0x2d, 0x4b, 0x3c, 0x9c, 0x14, 0x68, 0x3c
.byte 0x2e, 0x71, 0x83, 0x3c, 0xe1, 0xca, 0x93, 0x3c, 0xb9, 0x16, 0xa5, 0x3c, 0x01, 0x54, 0xb7, 0x3c
.byte 0xf5, 0x81, 0xca, 0x3c, 0xc6, 0x9f, 0xde, 0x3c, 0x9b, 0xac, 0xf3, 0x3c, 0xc7, 0xd3, 0x04, 0x3d
.byte 0xd5, 0x47, 0x10, 0x3d, 0xfa, 0x31, 0x1c, 0x3d, 0xae, 0x91, 0x28, 0x3d, 0x65, 0x66, 0x35, 0x3d
.byte 0x8d, 0xaf, 0x42, 0x3d, 0x8c, 0x6c, 0x50, 0x3d, 0xc1, 0x9c, 0x5e, 0x3d, 0x85, 0x3f, 0x6d, 0x3d
.byte 0x29, 0x54, 0x7c, 0x3d, 0xfc, 0xec, 0x85, 0x3d, 0x1a, 0xe8, 0x8d, 0x3d, 0x0d, 0x1b, 0x96, 0x3d
.byte 0x6e, 0x85, 0x9e, 0x3d, 0xd4, 0x26, 0xa7, 0x3d, 0xd2, 0xfe, 0xaf, 0x3d, 0xf5, 0x0c, 0xb9, 0x3d
.byte 0xc8, 0x50, 0xc2, 0x3d, 0xd1, 0xc9, 0xcb, 0x3d, 0x92, 0x77, 0xd5, 0x3d, 0x8b, 0x59, 0xdf, 0x3d
.byte 0x33, 0x6f, 0xe9, 0x3d, 0x02, 0xb8, 0xf3, 0x3d, 0x69, 0x33, 0xfe, 0x3d, 0x6a, 0x70, 0x04, 0x3e
.byte 0xd6, 0xdf, 0x09, 0x3e, 0xab, 0x67, 0x0f, 0x3e, 0x99, 0x07, 0x15, 0x3e, 0x4d, 0xbf, 0x1a, 0x3e
.byte 0x74, 0x8e, 0x20, 0x3e, 0xb5, 0x74, 0x26, 0x3e, 0xb8, 0x71, 0x2c, 0x3e, 0x22, 0x85, 0x32, 0x3e
.byte 0x95, 0xae, 0x38, 0x3e, 0xb2, 0xed, 0x3e, 0x3e, 0x15, 0x42, 0x45, 0x3e, 0x5c, 0xab, 0x4b, 0x3e
.byte 0x1e, 0x29, 0x52, 0x3e, 0xf3, 0xba, 0x58, 0x3e, 0x70, 0x60, 0x5f, 0x3e, 0x28, 0x19, 0x66, 0x3e
.byte 0xaa, 0xe4, 0x6c, 0x3e, 0x84, 0xc2, 0x73, 0x3e, 0x44, 0xb2, 0x7a, 0x3e, 0xb9, 0xd9, 0x80, 0x3e
.byte 0xcb, 0x62, 0x84, 0x3e, 0x1a, 0xf4, 0x87, 0x3e, 0x69, 0x8d, 0x8b, 0x3e, 0x78, 0x2e, 0x8f, 0x3e
.byte 0x06, 0xd7, 0x92, 0x3e, 0xd3, 0x86, 0x96, 0x3e, 0x9c, 0x3d, 0x9a, 0x3e, 0x1d, 0xfb, 0x9d, 0x3e
.byte 0x13, 0xbf, 0xa1, 0x3e, 0x39, 0x89, 0xa5, 0x3e, 0x47, 0x59, 0xa9, 0x3e, 0xf9, 0x2e, 0xad, 0x3e
.byte 0x05, 0x0a, 0xb1, 0x3e, 0x24, 0xea, 0xb4, 0x3e, 0x0d, 0xcf, 0xb8, 0x3e, 0x75, 0xb8, 0xbc, 0x3e
.byte 0x12, 0xa6, 0xc0, 0x3e, 0x99, 0x97, 0xc4, 0x3e, 0xbe, 0x8c, 0xc8, 0x3e, 0x34, 0x85, 0xcc, 0x3e
.byte 0xaf, 0x80, 0xd0, 0x3e, 0xe1, 0x7e, 0xd4, 0x3e, 0x7d, 0x7f, 0xd8, 0x3e, 0x34, 0x82, 0xdc, 0x3e
.byte 0xb8, 0x86, 0xe0, 0x3e, 0xb9, 0x8c, 0xe4, 0x3e, 0xe9, 0x93, 0xe8, 0x3e, 0xf8, 0x9b, 0xec, 0x3e
.byte 0x96, 0xa4, 0xf0, 0x3e, 0x75, 0xad, 0xf4, 0x3e, 0x43, 0xb6, 0xf8, 0x3e, 0xb2, 0xbe, 0xfc, 0x3e
.byte 0x39, 0x63, 0x00, 0x3f, 0x99, 0x66, 0x02, 0x3f, 0x52, 0x69, 0x04, 0x3f, 0x3c, 0x6b, 0x06, 0x3f
.byte 0x30, 0x6c, 0x08, 0x3f, 0x06, 0x6c, 0x0a, 0x3f, 0x97, 0x6a, 0x0c, 0x3f, 0xbc, 0x67, 0x0e, 0x3f
.byte 0x4e, 0x63, 0x10, 0x3f, 0x27, 0x5d, 0x12, 0x3f, 0x21, 0x55, 0x14, 0x3f, 0x15, 0x4b, 0x16, 0x3f
.byte 0xde, 0x3e, 0x18, 0x3f, 0x57, 0x30, 0x1a, 0x3f, 0x5c, 0x1f, 0x1c, 0x3f, 0xc7, 0x0b, 0x1e, 0x3f
.byte 0x75, 0xf5, 0x1f, 0x3f, 0x42, 0xdc, 0x21, 0x3f, 0x0c, 0xc0, 0x23, 0x3f, 0xb0, 0xa0, 0x25, 0x3f
.byte 0x0c, 0x7e, 0x27, 0x3f, 0xfe, 0x57, 0x29, 0x3f, 0x68, 0x2e, 0x2b, 0x3f, 0x27, 0x01, 0x2d, 0x3f
.byte 0x1d, 0xd0, 0x2e, 0x3f, 0x2b, 0x9b, 0x30, 0x3f, 0x33, 0x62, 0x32, 0x3f, 0x17, 0x25, 0x34, 0x3f
.byte 0xbc, 0xe3, 0x35, 0x3f, 0x04, 0x9e, 0x37, 0x3f, 0xd6, 0x53, 0x39, 0x3f, 0x17, 0x05, 0x3b, 0x3f
.byte 0xad, 0xb1, 0x3c, 0x3f, 0x80, 0x59, 0x3e, 0x3f, 0x78, 0xfc, 0x3f, 0x3f, 0x7e, 0x9a, 0x41, 0x3f
.byte 0x7c, 0x33, 0x43, 0x3f, 0x5d, 0xc7, 0x44, 0x3f, 0x0c, 0x56, 0x46, 0x3f, 0x77, 0xdf, 0x47, 0x3f
.byte 0x8a, 0x63, 0x49, 0x3f, 0x36, 0xe2, 0x4a, 0x3f, 0x68, 0x5b, 0x4c, 0x3f, 0x11, 0xcf, 0x4d, 0x3f
.byte 0x23, 0x3d, 0x4f, 0x3f, 0x91, 0xa5, 0x50, 0x3f, 0x4c, 0x08, 0x52, 0x3f, 0x4b, 0x65, 0x53, 0x3f
.byte 0x82, 0xbc, 0x54, 0x3f, 0xe7, 0x0d, 0x56, 0x3f, 0x72, 0x59, 0x57, 0x3f, 0x1a, 0x9f, 0x58, 0x3f
.byte 0xda, 0xde, 0x59, 0x3f, 0xac, 0x18, 0x5b, 0x3f, 0x8a, 0x4c, 0x5c, 0x3f, 0x71, 0x7a, 0x5d, 0x3f
.byte 0x5d, 0xa2, 0x5e, 0x3f, 0x4e, 0xc4, 0x5f, 0x3f, 0x43, 0xe0, 0x60, 0x3f, 0x3a, 0xf6, 0x61, 0x3f
.byte 0x36, 0x06, 0x63, 0x3f, 0x38, 0x10, 0x64, 0x3f, 0x43, 0x14, 0x65, 0x3f, 0x5c, 0x12, 0x66, 0x3f
.byte 0x85, 0x0a, 0x67, 0x3f, 0xc6, 0xfc, 0x67, 0x3f, 0x25, 0xe9, 0x68, 0x3f, 0xa8, 0xcf, 0x69, 0x3f
.byte 0x59, 0xb0, 0x6a, 0x3f, 0x40, 0x8b, 0x6b, 0x3f, 0x66, 0x60, 0x6c, 0x3f, 0xd8, 0x2f, 0x6d, 0x3f
.byte 0x9f, 0xf9, 0x6d, 0x3f, 0xc9, 0xbd, 0x6e, 0x3f, 0x61, 0x7c, 0x6f, 0x3f, 0x76, 0x35, 0x70, 0x3f
.byte 0x17, 0xe9, 0x70, 0x3f, 0x51, 0x97, 0x71, 0x3f, 0x35, 0x40, 0x72, 0x3f, 0xd4, 0xe3, 0x72, 0x3f
.byte 0x3d, 0x82, 0x73, 0x3f, 0x83, 0x1b, 0x74, 0x3f, 0xb8, 0xaf, 0x74, 0x3f, 0xee, 0x3e, 0x75, 0x3f
.byte 0x38, 0xc9, 0x75, 0x3f, 0xab, 0x4e, 0x76, 0x3f, 0x5a, 0xcf, 0x76, 0x3f, 0x5a, 0x4b, 0x77, 0x3f
.byte 0xc0, 0xc2, 0x77, 0x3f, 0xa2, 0x35, 0x78, 0x3f, 0x15, 0xa4, 0x78, 0x3f, 0x30, 0x0e, 0x79, 0x3f
.byte 0x08, 0x74, 0x79, 0x3f, 0xb6, 0xd5, 0x79, 0x3f, 0x4f, 0x33, 0x7a, 0x3f, 0xeb, 0x8c, 0x7a, 0x3f
.byte 0xa2, 0xe2, 0x7a, 0x3f, 0x8b, 0x34, 0x7b, 0x3f, 0xbf, 0x82, 0x7b, 0x3f, 0x55, 0xcd, 0x7b, 0x3f
.byte 0x66, 0x14, 0x7c, 0x3f, 0x09, 0x58, 0x7c, 0x3f, 0x58, 0x98, 0x7c, 0x3f, 0x6a, 0xd5, 0x7c, 0x3f
.byte 0x58, 0x0f, 0x7d, 0x3f, 0x3a, 0x46, 0x7d, 0x3f, 0x29, 0x7a, 0x7d, 0x3f, 0x3e, 0xab, 0x7d, 0x3f
.byte 0x8f, 0xd9, 0x7d, 0x3f, 0x36, 0x05, 0x7e, 0x3f, 0x4b, 0x2e, 0x7e, 0x3f, 0xe4, 0x54, 0x7e, 0x3f
.byte 0x1b, 0x79, 0x7e, 0x3f, 0x07, 0x9b, 0x7e, 0x3f, 0xbe, 0xba, 0x7e, 0x3f, 0x58, 0xd8, 0x7e, 0x3f
.byte 0xec, 0xf3, 0x7e, 0x3f, 0x90, 0x0d, 0x7f, 0x3f, 0x5b, 0x25, 0x7f, 0x3f, 0x63, 0x3b, 0x7f, 0x3f
.byte 0xbc, 0x4f, 0x7f, 0x3f, 0x7d, 0x62, 0x7f, 0x3f, 0xb9, 0x73, 0x7f, 0x3f, 0x87, 0x83, 0x7f, 0x3f
.byte 0xf9, 0x91, 0x7f, 0x3f, 0x24, 0x9f, 0x7f, 0x3f, 0x1a, 0xab, 0x7f, 0x3f, 0xee, 0xb5, 0x7f, 0x3f
.byte 0xb3, 0xbf, 0x7f, 0x3f, 0x7a, 0xc8, 0x7f, 0x3f, 0x55, 0xd0, 0x7f, 0x3f, 0x54, 0xd7, 0x7f, 0x3f
.byte 0x88, 0xdd, 0x7f, 0x3f, 0x00, 0xe3, 0x7f, 0x3f, 0xcc, 0xe7, 0x7f, 0x3f, 0xf9, 0xeb, 0x7f, 0x3f
.byte 0x96, 0xef, 0x7f, 0x3f, 0xb1, 0xf2, 0x7f, 0x3f, 0x55, 0xf5, 0x7f, 0x3f, 0x90, 0xf7, 0x7f, 0x3f
.byte 0x6d, 0xf9, 0x7f, 0x3f, 0xf6, 0xfa, 0x7f, 0x3f, 0x36, 0xfc, 0x7f, 0x3f, 0x37, 0xfd, 0x7f, 0x3f
.byte 0x01, 0xfe, 0x7f, 0x3f, 0x9c, 0xfe, 0x7f, 0x3f, 0x12, 0xff, 0x7f, 0x3f, 0x67, 0xff, 0x7f, 0x3f
.byte 0xa3, 0xff, 0x7f, 0x3f, 0xcc, 0xff, 0x7f, 0x3f, 0xe5, 0xff, 0x7f, 0x3f, 0xf4, 0xff, 0x7f, 0x3f
.byte 0xfc, 0xff, 0x7f, 0x3f, 0xff, 0xff, 0x7f, 0x3f, 0x00, 0x00, 0x80, 0x3f, 0x00, 0x00, 0x80, 0x3f
.globl _sym_00b8efd8
_sym_00b8efd8:
.long _sym_00aa02c0
.long _sym_00aa00f0
.long _sym_00a9fea0
.long _sym_00aa0450
.long _sym_00aa03d0
.long _sym_00a9eb80
.long _sym_00a9ea70
.long _sym_00a9e8d0
.globl _sym_00b8eff8
_sym_00b8eff8:
.long _sym_00aa02c0
.long _sym_00aa00f0
.long _sym_00a9fea0
.long _sym_00aa0450
.long _sym_00aa03d0
.long _sym_00a9edf0
.long _sym_00a9f070
.long _sym_00a9ed90
.globl _sym_00b8f018
_sym_00b8f018:
.byte 0x00, 0x00, 0x00, 0x00
.long _sym_00aa00f0
.long _sym_00a9fea0
.long _sym_00aa0450
.long _sym_00aa03d0
.byte 0x00, 0x00, 0x00, 0x00, 0x00, 0x00, 0x00, 0x00
.long _sym_00a9f0d0
.globl _sym_00b8f038
_sym_00b8f038:
.long _sym_00aa1830
.long _sym_00aa15f0
.long _sym_00aa19a0
.long _sym_00aa0790
.long _sym_00aa0480
.globl _sym_00b8f04c
_sym_00b8f04c:
.long _sym_00aa2d80
.long _sym_00aa2a00
.long _sym_00aa2700
.long _sym_00aa2f70
.long _sym_00aa2f40
.long _sym_00aa1b90
.long _sym_00aa19d0
.globl _sym_00b8f068
_sym_00b8f068:
.byte 0x3e, 0xb4, 0xe4, 0x33, 0x09, 0x91, 0xf3, 0x33, 0x8b, 0xb2, 0x01, 0x34, 0x3c, 0x20, 0x0a, 0x34
.byte 0x23, 0x1a, 0x13, 0x34, 0x60, 0xa9, 0x1c, 0x34, 0xa7, 0xd7, 0x26, 0x34, 0x4b, 0xaf, 0x31, 0x34
.byte 0x50, 0x3b, 0x3d, 0x34, 0x70, 0x87, 0x49, 0x34, 0x23, 0xa0, 0x56, 0x34, 0xb8, 0x92, 0x64, 0x34
.byte 0x55, 0x6d, 0x73, 0x34, 0x88, 0x9f, 0x81, 0x34, 0xfc, 0x0b, 0x8a, 0x34, 0x93, 0x04, 0x93, 0x34
.byte 0x69, 0x92, 0x9c, 0x34, 0x32, 0xbf, 0xa6, 0x34, 0x3f, 0x95, 0xb1, 0x34, 0x93, 0x1f, 0xbd, 0x34
.byte 0xe4, 0x69, 0xc9, 0x34, 0xad, 0x80, 0xd6, 0x34, 0x36, 0x71, 0xe4, 0x34, 0xa6, 0x49, 0xf3, 0x34
.byte 0x88, 0x8c, 0x01, 0x35, 0xc0, 0xf7, 0x09, 0x35, 0x06, 0xef, 0x12, 0x35, 0x76, 0x7b, 0x1c, 0x35
.byte 0xc0, 0xa6, 0x26, 0x35, 0x37, 0x7b, 0x31, 0x35, 0xda, 0x03, 0x3d, 0x35, 0x5e, 0x4c, 0x49, 0x35
.byte 0x3b, 0x61, 0x56, 0x35, 0xb9, 0x4f, 0x64, 0x35, 0xfc, 0x25, 0x73, 0x35, 0x8a, 0x79, 0x81, 0x35
.byte 0x86, 0xe3, 0x89, 0x35, 0x7c, 0xd9, 0x92, 0x35, 0x85, 0x64, 0x9c, 0x35, 0x52, 0x8e, 0xa6, 0x35
.byte 0x33, 0x61, 0xb1, 0x35, 0x25, 0xe8, 0xbc, 0x35, 0xdc, 0x2e, 0xc9, 0x35, 0xce, 0x41, 0xd6, 0x35
.byte 0x41, 0x2e, 0xe4, 0x35, 0x57, 0x02, 0xf3, 0x35, 0x8f, 0x66, 0x01, 0x36, 0x4f, 0xcf, 0x09, 0x36
.byte 0xf5, 0xc3, 0x12, 0x36, 0x98, 0x4d, 0x1c, 0x36, 0xe8, 0x75, 0x26, 0x36, 0x32, 0x47, 0x31, 0x36
.byte 0x74, 0xcc, 0x3c, 0x36, 0x5e, 0x11, 0x49, 0x36, 0x65, 0x22, 0x56, 0x36, 0xce, 0x0c, 0x64, 0x36
.byte 0xb8, 0xde, 0x72, 0x36, 0x97, 0x53, 0x81, 0x36, 0x1c, 0xbb, 0x89, 0x36, 0x72, 0xae, 0x92, 0x36
.byte 0xaf, 0x36, 0x9c, 0x36, 0x81, 0x5d, 0xa6, 0x36, 0x35, 0x2d, 0xb1, 0x36, 0xc7, 0xb0, 0xbc, 0x36
.byte 0xe4, 0xf3, 0xc8, 0x36, 0x01, 0x03, 0xd6, 0x36, 0x60, 0xeb, 0xe3, 0x36, 0x1e, 0xbb, 0xf2, 0x36
.byte 0xa2, 0x40, 0x01, 0x37, 0xeb, 0xa6, 0x09, 0x37, 0xf1, 0x98, 0x12, 0x37, 0xc9, 0x1f, 0x1c, 0x37
.byte 0x1e, 0x45, 0x26, 0x37, 0x3d, 0x13, 0x31, 0x37, 0x1e, 0x95, 0x3c, 0x37, 0x6f, 0xd6, 0x48, 0x37
.byte 0xa2, 0xe3, 0x55, 0x37, 0xf7, 0xc9, 0x63, 0x37, 0x89, 0x97, 0x72, 0x37, 0xaf, 0x2d, 0x81, 0x37
.byte 0xbe, 0x92, 0x89, 0x37, 0x74, 0x83, 0x92, 0x37, 0xe6, 0x08, 0x9c, 0x37, 0xbe, 0x2c, 0xa6, 0x37
.byte 0x47, 0xf9, 0xb0, 0x37, 0x79, 0x79, 0xbc, 0x37, 0xfe, 0xb8, 0xc8, 0x37, 0x47, 0xc4, 0xd5, 0x37
.byte 0x92, 0xa8, 0xe3, 0x37, 0xf8, 0x73, 0xf2, 0x37, 0xc0, 0x1a, 0x01, 0x38, 0x93, 0x7e, 0x09, 0x38
.byte 0xf9, 0x6d, 0x12, 0x38, 0x06, 0xf2, 0x1b, 0x38, 0x62, 0x14, 0x26, 0x38, 0x56, 0xdf, 0x30, 0x38
.byte 0xd8, 0x5d, 0x3c, 0x38, 0x92, 0x9b, 0x48, 0x38, 0xf2, 0xa4, 0x55, 0x38, 0x33, 0x87, 0x63, 0x38
.byte 0x6e, 0x50, 0x72, 0x38, 0xd3, 0x07, 0x81, 0x38, 0x6b, 0x6a, 0x89, 0x38, 0x82, 0x58, 0x92, 0x38
.byte 0x2a, 0xdb, 0x9b, 0x38, 0x09, 0xfc, 0xa5, 0x38, 0x68, 0xc5, 0xb0, 0x38, 0x3b, 0x42, 0xbc, 0x38
.byte 0x29, 0x7e, 0xc8, 0x38, 0xa0, 0x85, 0xd5, 0x38, 0xd9, 0x65, 0xe3, 0x38, 0xe8, 0x2c, 0xf2, 0x38
.byte 0xe9, 0xf4, 0x00, 0x39, 0x46, 0x56, 0x09, 0x39, 0x0e, 0x43, 0x12, 0x39, 0x51, 0xc4, 0x1b, 0x39
.byte 0xb5, 0xe3, 0x25, 0x39, 0x7f, 0xab, 0x30, 0x39, 0xa2, 0x26, 0x3c, 0x39, 0xc5, 0x60, 0x48, 0x39
.byte 0x53, 0x66, 0x55, 0x39, 0x83, 0x44, 0x63, 0x39, 0x68, 0x09, 0x72, 0x39, 0x01, 0xe2, 0x80, 0x39
.byte 0x24, 0x42, 0x89, 0x39, 0x9d, 0x2d, 0x92, 0x39, 0x7b, 0xad, 0x9b, 0x39, 0x63, 0xcb, 0xa5, 0x39
.byte 0x99, 0x91, 0xb0, 0x39, 0x0d, 0x0b, 0xbc, 0x39, 0x66, 0x43, 0xc8, 0x39, 0x0b, 0x47, 0xd5, 0x39
.byte 0x32, 0x23, 0xe3, 0x39, 0xed, 0xe5, 0xf1, 0x39, 0x1d, 0xcf, 0x00, 0x3a, 0x05, 0x2e, 0x09, 0x3a
.byte 0x30, 0x18, 0x12, 0x3a, 0xa9, 0x96, 0x1b, 0x3a, 0x15, 0xb3, 0x25, 0x3a, 0xb7, 0x77, 0x30, 0x3a
.byte 0x7c, 0xef, 0x3b, 0x3a, 0x0a, 0x26, 0x48, 0x3a, 0xc7, 0x27, 0x55, 0x3a, 0xe6, 0x01, 0x63, 0x3a
.byte 0x78, 0xc2, 0x71, 0x3a, 0x3b, 0xbc, 0x80, 0x3a, 0xe9, 0x19, 0x89, 0x3a, 0xc6, 0x02, 0x92, 0x3a
.byte 0xdb, 0x7f, 0x9b, 0x3a, 0xcb, 0x9a, 0xa5, 0x3a, 0xd8, 0x5d, 0xb0, 0x3a, 0xef, 0xd3, 0xbb, 0x3a
.byte 0xb3, 0x08, 0xc8, 0x3a, 0x88, 0x08, 0xd5, 0x3a, 0x9f, 0xe0, 0xe2, 0x3a, 0x07, 0x9f, 0xf1, 0x3a
.byte 0x5c, 0xa9, 0x00, 0x3b, 0xd0, 0x05, 0x09, 0x3b, 0x5e, 0xed, 0x11, 0x3b, 0x0f, 0x69, 0x1b, 0x3b
.byte 0x84, 0x82, 0x25, 0x3b, 0xfd, 0x43, 0x30, 0x3b, 0x67, 0xb8, 0x3b, 0x3b, 0x61, 0xeb, 0x47, 0x3b
.byte 0x4d, 0xe9, 0x54, 0x3b, 0x5d, 0xbf, 0x62, 0x3b, 0x9c, 0x7b, 0x71, 0x3b, 0x7f, 0x96, 0x80, 0x3b
.byte 0xba, 0xf1, 0x88, 0x3b, 0xf9, 0xd7, 0x91, 0x3b, 0x47, 0x52, 0x9b, 0x3b, 0x41, 0x6a, 0xa5, 0x3b
.byte 0x27, 0x2a, 0xb0, 0x3b, 0xe2, 0x9c, 0xbb, 0x3b, 0x12, 0xce, 0xc7, 0x3b, 0x17, 0xca, 0xd4, 0x3b
.byte 0x20, 0x9e, 0xe2, 0x3b, 0x35, 0x58, 0xf1, 0x3b, 0xa6, 0x83, 0x00, 0x3c, 0xa7, 0xdd, 0x08, 0x3c
.byte 0x98, 0xc2, 0x11, 0x3c, 0x82, 0x3b, 0x1b, 0x3c, 0x01, 0x52, 0x25, 0x3c, 0x54, 0x10, 0x30, 0x3c
.byte 0x61, 0x81, 0x3b, 0x3c, 0xc8, 0xb0, 0x47, 0x3c, 0xe5, 0xaa, 0x54, 0x3c, 0xe8, 0x7c, 0x62, 0x3c
.byte 0xd4, 0x34, 0x71, 0x3c, 0xcf, 0x70, 0x80, 0x3c, 0x96, 0xc9, 0x88, 0x3c, 0x3a, 0xad, 0x91, 0x3c
.byte 0xc0, 0x24, 0x9b, 0x3c, 0xc5, 0x39, 0xa5, 0x3c, 0x85, 0xf6, 0xaf, 0x3c, 0xe5, 0x65, 0xbb, 0x3c
.byte 0x82, 0x93, 0xc7, 0x3c, 0xb9, 0x8b, 0xd4, 0x3c, 0xb4, 0x5b, 0xe2, 0x3c, 0x79, 0x11, 0xf1, 0x3c
.byte 0xfb, 0x5d, 0x00, 0x3d, 0x89, 0xb5, 0x08, 0x3d, 0xdf, 0x97, 0x11, 0x3d, 0x02, 0x0e, 0x1b, 0x3d
.byte 0x8d, 0x21, 0x25, 0x3d, 0xb9, 0xdc, 0x2f, 0x3d, 0x6d, 0x4a, 0x3b, 0x3d, 0x40, 0x76, 0x47, 0x3d
.byte 0x91, 0x6c, 0x54, 0x3d, 0x85, 0x3a, 0x62, 0x3d, 0x22, 0xee, 0x70, 0x3d, 0x2a, 0x4b, 0x80, 0x3d
.byte 0x7f, 0xa1, 0x88, 0x3d, 0x88, 0x82, 0x91, 0x3d, 0x48, 0xf7, 0x9a, 0x3d, 0x58, 0x09, 0xa5, 0x3d
.byte 0xf2, 0xc2, 0xaf, 0x3d, 0xf8, 0x2e, 0xbb, 0x3d, 0x03, 0x59, 0xc7, 0x3d, 0x6d, 0x4d, 0xd4, 0x3d
.byte 0x5c, 0x19, 0xe2, 0x3d, 0xd1, 0xca, 0xf0, 0x3d, 0x5b, 0x38, 0x00, 0x3e, 0x77, 0x8d, 0x08, 0x3e
.byte 0x33, 0x6d, 0x11, 0x3e, 0x90, 0xe0, 0x1a, 0x3e, 0x27, 0xf1, 0x24, 0x3e, 0x2e, 0xa9, 0x2f, 0x3e
.byte 0x87, 0x13, 0x3b, 0x3e, 0xca, 0x3b, 0x47, 0x3e, 0x4d, 0x2e, 0x54, 0x3e, 0x37, 0xf8, 0x61, 0x3e
.byte 0x84, 0xa7, 0x70, 0x3e, 0x8f, 0x25, 0x80, 0x3e, 0x73, 0x79, 0x88, 0x3e, 0xe2, 0x57, 0x91, 0x3e
.byte 0xdc, 0xc9, 0x9a, 0x3e, 0xf9, 0xd8, 0xa4, 0x3e, 0x6d, 0x8f, 0xaf, 0x3e, 0x1b, 0xf8, 0xba, 0x3e
.byte 0x95, 0x1e, 0xc7, 0x3e, 0x33, 0x0f, 0xd4, 0x3e, 0x17, 0xd7, 0xe1, 0x3e, 0x3d, 0x84, 0xf0, 0x3e
.byte 0xc6, 0x12, 0x00, 0x3f, 0x72, 0x65, 0x08, 0x3f, 0x93, 0x42, 0x11, 0x3f, 0x2b, 0xb3, 0x1a, 0x3f
.byte 0xce, 0xc0, 0x24, 0x3f, 0xb1, 0x75, 0x2f, 0x3f, 0xb2, 0xdc, 0x3a, 0x3f, 0x65, 0x01, 0x47, 0x3f
.byte 0x1d, 0xf0, 0x53, 0x3f, 0xfb, 0xb5, 0x61, 0x3f, 0xfb, 0x60, 0x70, 0x3f, 0x00, 0x00, 0x80, 0x3f
.globl _sym_00b8f468
_sym_00b8f468:
.byte 0x00, 0x00, 0x00, 0x00
.long _sym_00aa4090
.long _sym_00aa3e50
.long _sym_00aa4200
.long _sym_00aa4190
.long _sym_00aa3d10
.long _sym_00aa3c80
.globl _sym_00b8f484
_sym_00b8f484:
.byte 0x00, 0x00, 0x00, 0x00, 0x80, 0x00, 0x00, 0x00, 0xc0, 0x00, 0x00, 0x00, 0xe0, 0x00, 0x00, 0x00
.byte 0xf0, 0x00, 0x00, 0x00, 0xf8, 0x00, 0x00, 0x00, 0xfc, 0x00, 0x00, 0x00, 0xfe, 0x00, 0x00, 0x00
.byte 0xff, 0x00, 0x00, 0x00
.globl _sym_00b8f4a8
_sym_00b8f4a8:
.byte 0x00, 0x00, 0x00, 0x00, 0x01, 0x00, 0x00, 0x00, 0x03, 0x00, 0x00, 0x00, 0x07, 0x00, 0x00, 0x00
.byte 0x0f, 0x00, 0x00, 0x00, 0x1f, 0x00, 0x00, 0x00, 0x3f, 0x00, 0x00, 0x00, 0x7f, 0x00, 0x00, 0x00
.byte 0xff, 0x00, 0x00, 0x00, 0xff, 0x01, 0x00, 0x00, 0xff, 0x03, 0x00, 0x00, 0xff, 0x07, 0x00, 0x00
.byte 0xff, 0x0f, 0x00, 0x00, 0xff, 0x1f, 0x00, 0x00, 0xff, 0x3f, 0x00, 0x00, 0xff, 0x7f, 0x00, 0x00
.byte 0xff, 0xff, 0x00, 0x00, 0xff, 0xff, 0x01, 0x00, 0xff, 0xff, 0x03, 0x00, 0xff, 0xff, 0x07, 0x00
.byte 0xff, 0xff, 0x0f, 0x00, 0xff, 0xff, 0x1f, 0x00, 0xff, 0xff, 0x3f, 0x00, 0xff, 0xff, 0x7f, 0x00
.byte 0xff, 0xff, 0xff, 0x00, 0xff, 0xff, 0xff, 0x01, 0xff, 0xff, 0xff, 0x03, 0xff, 0xff, 0xff, 0x07
.byte 0xff, 0xff, 0xff, 0x0f, 0xff, 0xff, 0xff, 0x1f, 0xff, 0xff, 0xff, 0x3f, 0xff, 0xff, 0xff, 0x7f
.byte 0xff, 0xff, 0xff, 0xff
.globl _sym_00b8f52c
_sym_00b8f52c:
.byte 0x00, 0x00, 0x00, 0x00, 0x58, 0x00, 0x00, 0x00, 0x3f, 0x00, 0x00, 0x00, 0x09, 0x00, 0x00, 0x00
.byte 0x20, 0x00, 0x00, 0x00, 0x01, 0x01, 0x00, 0x00, 0x10, 0x00, 0x00, 0x00, 0x03, 0xfc, 0xff, 0xff
.byte 0x01, 0x00, 0x00, 0x00, 0x00, 0x00, 0x00, 0x00, 0x01, 0x00, 0x00, 0x00, 0x08, 0x00, 0x00, 0x00
.byte 0x1f, 0x00, 0x00, 0x00, 0x00, 0x00, 0x00, 0x00, 0x04, 0x00, 0x00, 0x00, 0x01, 0x00, 0x00, 0x00
.byte 0x26, 0x00, 0x00, 0x00, 0x00, 0x00, 0x00, 0x00, 0x00, 0x01, 0x00, 0x00, 0x00, 0x00, 0x00, 0x00
.byte 0x01, 0x00, 0x00, 0x00, 0x00, 0x00, 0x00, 0x00, 0x00, 0x00, 0x00, 0x00, 0xff, 0xff, 0xff, 0xff
.byte 0x10, 0x00, 0x00, 0x00, 0x0f, 0x00, 0x00, 0x00, 0x00, 0x00, 0x00, 0x00, 0x00, 0x00, 0x00, 0x00
.byte 0x0f, 0x00, 0x00, 0x00, 0x07, 0x00, 0x00, 0x00, 0x18, 0x00, 0x00, 0x00, 0x00, 0x00, 0x00, 0x00
.byte 0x01, 0x00, 0x00, 0x00, 0x20, 0x00, 0x00, 0x00, 0x01, 0x00, 0x00, 0x00, 0x00, 0x0e, 0x00, 0x00
.byte 0x00, 0x04, 0x00, 0x00, 0x12, 0x00, 0x00, 0x00, 0x00, 0x80, 0x00, 0x00, 0x00, 0x00, 0x00, 0x00
.byte 0x40, 0x00, 0x00, 0x00, 0x09, 0x00, 0x00, 0x00, 0x01, 0x00, 0x01, 0x00, 0x00, 0x00, 0x00, 0x00
.byte 0x01, 0x00, 0x00, 0x00, 0x20, 0x00, 0x00, 0x00, 0x01, 0x00, 0x00, 0x00, 0x01, 0x00, 0x00, 0x00
.byte 0x01, 0x00, 0x00, 0x00, 0x10, 0x00, 0x00, 0x00, 0x00, 0x00, 0x00, 0x00, 0xc0, 0x01, 0x00, 0x00
.byte 0x34, 0x01, 0x00, 0x00, 0x04, 0x00, 0x00, 0x00, 0x09, 0x00, 0x00, 0x00, 0x00, 0x00, 0x00, 0x00
.byte 0x01, 0x00, 0x00, 0x00, 0x00, 0x00, 0x00, 0x00, 0x00, 0x00, 0x00, 0x00, 0x1f, 0x00, 0x00, 0x00
.byte 0x00, 0x00, 0x00, 0x00, 0x00, 0x00, 0x00, 0x00, 0xcd, 0xfe, 0xff, 0xff, 0x02, 0x00, 0x00, 0x00
.byte 0x00, 0x00, 0x00, 0x00, 0x09, 0x00, 0x00, 0x00, 0x04, 0x00, 0x00, 0x00, 0x02, 0x00, 0x00, 0x00
.byte 0x00, 0x04, 0x00, 0x00, 0x00, 0x08, 0x00, 0x00, 0x08, 0x00, 0x00, 0x00, 0x10, 0x00, 0x00, 0x00
.byte 0x01, 0x00, 0x00, 0x00, 0x00, 0x00, 0x00, 0x00, 0xdb, 0xff, 0xff, 0xff, 0x03, 0xfc, 0xff, 0xff
.byte 0x01, 0x00, 0x00, 0x00, 0x83, 0xff, 0xff, 0xff, 0x00, 0x00, 0x00, 0x00, 0x00, 0x00, 0x00, 0x00
.byte 0x00, 0x00, 0x00, 0x00, 0x02, 0x00, 0x00, 0x00, 0x01, 0x00, 0x00, 0x00, 0x80, 0x00, 0x00, 0x00
.byte 0x13, 0x00, 0x00, 0x00, 0x01, 0x00, 0x00, 0x00, 0x02, 0x00, 0x00, 0x00, 0x06, 0x00, 0x00, 0x00
.byte 0x40, 0x00, 0x00, 0x00, 0x01, 0x00, 0x00, 0x00, 0x02, 0x00, 0x00, 0x00, 0x01, 0x01, 0x00, 0x00
.byte 0x80, 0x00, 0x00, 0x00, 0x35, 0x00, 0x00, 0x00, 0x10, 0x00, 0x00, 0x00, 0x02, 0x00, 0x00, 0x00
.byte 0x11, 0x00, 0x00, 0x00, 0x00, 0x04, 0x00, 0x00, 0x00, 0x00, 0x00, 0x00, 0x02, 0x00, 0x00, 0x00
.byte 0x34, 0x01, 0x00, 0x00, 0x00, 0x00, 0x00, 0x00, 0x07, 0x00, 0x00, 0x00, 0x02, 0x00, 0x00, 0x00
.byte 0x01, 0x00, 0x00, 0x00, 0x00, 0x01, 0x00, 0x00, 0x00, 0x00, 0x00, 0x00, 0x00, 0x00, 0x00, 0x00
.byte 0x00, 0x40, 0x00, 0x00, 0x04, 0x00, 0x00, 0x00, 0x08, 0x00, 0x00, 0x00, 0x00, 0x00, 0x00, 0x00
.byte 0x3f, 0x00, 0x00, 0x00, 0x20, 0x00, 0x00, 0x00, 0x08, 0x00, 0x00, 0x00, 0x35, 0x00, 0x00, 0x00
.byte 0x02, 0x00, 0x00, 0x00, 0x80, 0x00, 0x00, 0x00, 0x01, 0x00, 0x00, 0x00, 0x01, 0x00, 0x00, 0x00
.byte 0x01, 0x00, 0x00, 0x00, 0x01, 0x00, 0x00, 0x00, 0x11, 0x00, 0x00, 0x00, 0x00, 0x00, 0x00, 0x00
.byte 0x00, 0x00, 0x00, 0x00, 0x10, 0x00, 0x00, 0x00, 0x04, 0x00, 0x00, 0x00, 0x00, 0x01, 0x00, 0x00
.byte 0x01, 0x00, 0x00, 0x00, 0x00, 0x30, 0x00, 0x00, 0x20, 0x00, 0x00, 0x00, 0x00, 0x00, 0x00, 0x00
.byte 0x00, 0x20, 0x00, 0x00, 0x04, 0x00, 0x00, 0x00, 0x00, 0x00, 0x00, 0x00, 0x00, 0x00, 0x00, 0x00
.byte 0x00, 0x30, 0x00, 0x00, 0xcd, 0xfe, 0xff, 0xff, 0x40, 0x00, 0x00, 0x00, 0x00, 0x10, 0x00, 0x00
.byte 0x01, 0x00, 0x00, 0x00, 0x04, 0x00, 0x00, 0x00, 0x00, 0x00, 0x00, 0x00, 0x0f, 0x00, 0x00, 0x00
.byte 0x00, 0x02, 0x00, 0x00, 0x02, 0x00, 0x00, 0x00, 0x00, 0x00, 0x00, 0x00, 0x09, 0x00, 0x00, 0x00
.long _sym_00bc6b70
.globl _sym_00b8f780
_sym_00b8f780:
.long _sym_00405a83
.long _sym_00405a5f
.long _sym_0094a778
.globl _sym_00b8f78c
_sym_00b8f78c:
.byte 0x00, 0x00, 0x00, 0x00, 0x60, 0x00, 0x00, 0x00
.globl _sym_00b8f794
_sym_00b8f794:
.byte 0x43, 0x00, 0x00, 0x00
.globl _sym_00b8f798
_sym_00b8f798:
.byte 0x41, 0x00, 0x00, 0x00
.globl _sym_00b8f79c
_sym_00b8f79c:
.byte 0x42, 0x00, 0x00, 0x00
.globl _sym_00b8f7a0
_sym_00b8f7a0:
.byte 0x44, 0x00, 0x00, 0x00
.globl _sym_00b8f7a4
_sym_00b8f7a4:
.byte 0x45, 0x00, 0x00, 0x00
.globl _sym_00b8f7a8
_sym_00b8f7a8:
.byte 0x46, 0x00, 0x00, 0x00
.globl _sym_00b8f7ac
_sym_00b8f7ac:
.byte 0x47, 0x00, 0x00, 0x00
.globl _sym_00b8f7b0
_sym_00b8f7b0:
.byte 0x48, 0x00, 0x00, 0x00
.globl _sym_00b8f7b4
_sym_00b8f7b4:
.byte 0x49, 0x00, 0x00, 0x00
.globl _sym_00b8f7b8
_sym_00b8f7b8:
.byte 0x4a, 0x00, 0x00, 0x00
.globl _sym_00b8f7bc
_sym_00b8f7bc:
.byte 0x4b, 0x00, 0x00, 0x00
.globl _sym_00b8f7c0
_sym_00b8f7c0:
.byte 0x4c, 0x00, 0x00, 0x00
.globl _sym_00b8f7c4
_sym_00b8f7c4:
.byte 0x4d, 0x00, 0x00, 0x00
.globl _sym_00b8f7c8
_sym_00b8f7c8:
.byte 0x4e, 0x00, 0x00, 0x00
.globl _sym_00b8f7cc
_sym_00b8f7cc:
.byte 0x4f, 0x00, 0x00, 0x00
.globl _sym_00b8f7d0
_sym_00b8f7d0:
.byte 0x50, 0x00, 0x00, 0x00
.globl _sym_00b8f7d4
_sym_00b8f7d4:
.byte 0x51, 0x00, 0x00, 0x00
.globl _sym_00b8f7d8
_sym_00b8f7d8:
.byte 0x52, 0x00, 0x00, 0x00
.globl _sym_00b8f7dc
_sym_00b8f7dc:
.byte 0x53, 0x00, 0x00, 0x00
.globl _sym_00b8f7e0
_sym_00b8f7e0:
.byte 0x54, 0x00, 0x00, 0x00
.globl _sym_00b8f7e4
_sym_00b8f7e4:
.byte 0x55, 0x00, 0x00, 0x00
.globl _sym_00b8f7e8
_sym_00b8f7e8:
.byte 0x56, 0x00, 0x00, 0x00
.globl _sym_00b8f7ec
_sym_00b8f7ec:
.byte 0x57, 0x00, 0x00, 0x00
.globl _sym_00b8f7f0
_sym_00b8f7f0:
.byte 0x58, 0x00, 0x00, 0x00
.globl _sym_00b8f7f4
_sym_00b8f7f4:
.byte 0x59, 0x00, 0x00, 0x00
.globl _sym_00b8f7f8
_sym_00b8f7f8:
.byte 0x5a, 0x00, 0x00, 0x00
.globl _sym_00b8f7fc
_sym_00b8f7fc:
.byte 0x35, 0x00, 0x00, 0x00
.globl _sym_00b8f800
_sym_00b8f800:
.byte 0x36, 0x00, 0x00, 0x00
.globl _sym_00b8f804
_sym_00b8f804:
.byte 0x37, 0x00, 0x00, 0x00
.globl _sym_00b8f808
_sym_00b8f808:
.byte 0x39, 0x00, 0x00, 0x00
.globl _sym_00b8f80c
_sym_00b8f80c:
.byte 0x45, 0x73, 0x63, 0x00
.globl _sym_00b8f810
_sym_00b8f810:
.byte 0x46, 0x31, 0x00, 0x00
.globl _sym_00b8f814
_sym_00b8f814:
.byte 0x46, 0x32, 0x00, 0x00
.globl _sym_00b8f818
_sym_00b8f818:
.byte 0x46, 0x33, 0x00, 0x00
.globl _sym_00b8f81c
_sym_00b8f81c:
.byte 0x46, 0x34, 0x00, 0x00
.globl _sym_00b8f820
_sym_00b8f820:
.byte 0x46, 0x35, 0x00, 0x00
.globl _sym_00b8f824
_sym_00b8f824:
.byte 0x46, 0x36, 0x00, 0x00
.globl _sym_00b8f828
_sym_00b8f828:
.byte 0x46, 0x37, 0x00, 0x00
.globl _sym_00b8f82c
_sym_00b8f82c:
.byte 0x46, 0x38, 0x00, 0x00
.globl _sym_00b8f830
_sym_00b8f830:
.byte 0x46, 0x39, 0x00, 0x00
.globl _sym_00b8f834
_sym_00b8f834:
.byte 0x46, 0x31, 0x30, 0x00
.globl _sym_00b8f838
_sym_00b8f838:
.byte 0x46, 0x31, 0x31, 0x00
.globl _sym_00b8f83c
_sym_00b8f83c:
.byte 0x46, 0x31, 0x32, 0x00
.globl _sym_00b8f840
_sym_00b8f840:
.byte 0x45, 0x6e, 0x74, 0x65, 0x72, 0x00, 0x00, 0x00
.globl _sym_00b8f848
_sym_00b8f848:
.byte 0x42, 0x61, 0x63, 0x6b, 0x73, 0x70, 0x61, 0x63, 0x65, 0x00, 0x00, 0x00
.globl _sym_00b8f854
_sym_00b8f854:
.byte 0x54, 0x61, 0x62, 0x00
.globl _sym_00b8f858
_sym_00b8f858:
.byte 0x53, 0x70, 0x61, 0x63, 0x65, 0x00, 0x00, 0x00
.globl _sym_00b8f860
_sym_00b8f860:
.byte 0x2d, 0x00, 0x00, 0x00
.globl _sym_00b8f864
_sym_00b8f864:
.byte 0x5b, 0x00, 0x00, 0x00
.globl _sym_00b8f868
_sym_00b8f868:
.byte 0x5d, 0x00, 0x00, 0x00
.globl _sym_00b8f86c
_sym_00b8f86c:
.byte 0x5c, 0x00, 0x00, 0x00
.globl _sym_00b8f870
_sym_00b8f870:
.byte 0x3b, 0x00, 0x00, 0x00
.globl _sym_00b8f874
_sym_00b8f874:
.byte 0x2c, 0x00, 0x00, 0x00
.globl _sym_00b8f878
_sym_00b8f878:
.byte 0x2e, 0x00, 0x00, 0x00
.globl _sym_00b8f87c
_sym_00b8f87c:
.byte 0x2f, 0x00, 0x00, 0x00
.globl _sym_00b8f880
_sym_00b8f880:
.byte 0x4c, 0x65, 0x66, 0x74, 0x00, 0x00, 0x00, 0x00
.globl _sym_00b8f888
_sym_00b8f888:
.byte 0x52, 0x69, 0x67, 0x68, 0x74, 0x00, 0x00, 0x00
.globl _sym_00b8f890
_sym_00b8f890:
.byte 0x55, 0x70, 0x00, 0x00
.globl _sym_00b8f894
_sym_00b8f894:
.byte 0x44, 0x6f, 0x77, 0x6e, 0x00, 0x00, 0x00, 0x00
.globl _sym_00b8f89c
_sym_00b8f89c:
.byte 0x48, 0x6f, 0x6d, 0x65, 0x00, 0x00, 0x00, 0x00
.globl _sym_00b8f8a4
_sym_00b8f8a4:
.byte 0x45, 0x6e, 0x64, 0x00
.globl _sym_00b8f8a8
_sym_00b8f8a8:
.byte 0x50, 0x61, 0x67, 0x65, 0x55, 0x70, 0x00, 0x00
.globl _sym_00b8f8b0
_sym_00b8f8b0:
.byte 0x50, 0x61, 0x67, 0x65, 0x44, 0x6f, 0x77, 0x6e, 0x00, 0x00, 0x00, 0x00
.globl _sym_00b8f8bc
_sym_00b8f8bc:
.byte 0x49, 0x6e, 0x73, 0x65, 0x72, 0x74, 0x00, 0x00
.globl _sym_00b8f8c4
_sym_00b8f8c4:
.byte 0x44, 0x65, 0x6c, 0x65, 0x74, 0x65, 0x00, 0x00
.globl _sym_00b8f8cc
_sym_00b8f8cc:
.byte 0x4e, 0x75, 0x6d, 0x70, 0x61, 0x64, 0x20, 0x31, 0x00, 0x00, 0x00, 0x00
.globl _sym_00b8f8d8
_sym_00b8f8d8:
.byte 0x4e, 0x75, 0x6d, 0x70, 0x61, 0x64, 0x20, 0x32, 0x00, 0x00, 0x00, 0x00
.globl _sym_00b8f8e4
_sym_00b8f8e4:
.byte 0x4e, 0x75, 0x6d, 0x70, 0x61, 0x64, 0x20, 0x33, 0x00, 0x00, 0x00, 0x00
.globl _sym_00b8f8f0
_sym_00b8f8f0:
.byte 0x4e, 0x75, 0x6d, 0x70, 0x61, 0x64, 0x20, 0x34, 0x00, 0x00, 0x00, 0x00
.globl _sym_00b8f8fc
_sym_00b8f8fc:
.byte 0x4e, 0x75, 0x6d, 0x70, 0x61, 0x64, 0x20, 0x35, 0x00, 0x00, 0x00, 0x00
.globl _sym_00b8f908
_sym_00b8f908:
.byte 0x4e, 0x75, 0x6d, 0x70, 0x61, 0x64, 0x20, 0x36, 0x00, 0x00, 0x00, 0x00
.globl _sym_00b8f914
_sym_00b8f914:
.byte 0x4e, 0x75, 0x6d, 0x70, 0x61, 0x64, 0x20, 0x37, 0x00, 0x00, 0x00, 0x00
.globl _sym_00b8f920
_sym_00b8f920:
.byte 0x4e, 0x75, 0x6d, 0x70, 0x61, 0x64, 0x20, 0x38, 0x00, 0x00, 0x00, 0x00
.globl _sym_00b8f92c
_sym_00b8f92c:
.byte 0x4e, 0x75, 0x6d, 0x70, 0x61, 0x64, 0x20, 0x39, 0x00, 0x00, 0x00, 0x00
.globl _sym_00b8f938
_sym_00b8f938:
.byte 0x4e, 0x75, 0x6d, 0x70, 0x61, 0x64, 0x20, 0x30, 0x00, 0x00, 0x00, 0x00
.globl _sym_00b8f944
_sym_00b8f944:
.byte 0x4e, 0x75, 0x6d, 0x70, 0x61, 0x64, 0x20, 0x2f, 0x00, 0x00, 0x00, 0x00
.globl _sym_00b8f950
_sym_00b8f950:
.byte 0x4e, 0x75, 0x6d, 0x70, 0x61, 0x64, 0x20, 0x2a, 0x00, 0x00, 0x00, 0x00
.globl _sym_00b8f95c
_sym_00b8f95c:
.byte 0x4e, 0x75, 0x6d, 0x70, 0x61, 0x64, 0x20, 0x2d, 0x00, 0x00, 0x00, 0x00
.globl _sym_00b8f968
_sym_00b8f968:
.byte 0x4e, 0x75, 0x6d, 0x70, 0x61, 0x64, 0x20, 0x2b, 0x00, 0x00, 0x00, 0x00
.globl _sym_00b8f974
_sym_00b8f974:
.byte 0x4e, 0x75, 0x6d, 0x70, 0x61, 0x64, 0x20, 0x2e, 0x00, 0x00, 0x00, 0x00
.globl _sym_00b8f980
_sym_00b8f980:
.byte 0x43, 0x6f, 0x6e, 0x74, 0x72, 0x6f, 0x6c, 0x00
.globl _sym_00b8f988
_sym_00b8f988:
.byte 0x53, 0x68, 0x69, 0x66, 0x74, 0x00, 0x00, 0x00
.globl _sym_00b8f990
_sym_00b8f990:
.byte 0x41, 0x6c, 0x74, 0x00
.globl _sym_00b8f994
_sym_00b8f994:
.byte 0x4c, 0x42, 0x00, 0x00
.globl _sym_00b8f998
_sym_00b8f998:
.byte 0x52, 0x42, 0x00, 0x00
.globl _sym_00b8f99c
_sym_00b8f99c:
.byte 0x4c, 0x54, 0x00, 0x00
.globl _sym_00b8f9a0
_sym_00b8f9a0:
.byte 0x52, 0x54, 0x00, 0x00
.globl _sym_00b8f9a4
_sym_00b8f9a4:
.byte 0x42, 0x61, 0x63, 0x6b, 0x00, 0x00, 0x00, 0x00
.globl _sym_00b8f9ac
_sym_00b8f9ac:
.byte 0x53, 0x74, 0x61, 0x72, 0x74, 0x00, 0x00, 0x00
.globl _sym_00b8f9b4
_sym_00b8f9b4:
.byte 0x4c, 0x53, 0x00, 0x00
.globl _sym_00b8f9b8
_sym_00b8f9b8:
.byte 0x52, 0x53, 0x00, 0x00
.globl _sym_00b8f9bc
_sym_00b8f9bc:
.byte 0x54, 0x6f, 0x75, 0x63, 0x68, 0x50, 0x61, 0x64, 0x00, 0x00, 0x00, 0x00
.globl _sym_00b8f9c8
_sym_00b8f9c8:
.byte 0x4c, 0x61, 0x73, 0x74, 0x00, 0x00, 0x00, 0x00
.globl _sym_00b8f9d0
_sym_00b8f9d0:
.byte 0x31, 0x2e, 0x32, 0x2e, 0x38, 0x00, 0x00, 0x00
.globl _sym_00b8f9d8
_sym_00b8f9d8:
.byte 0x69, 0x6e, 0x63, 0x6f, 0x72, 0x72, 0x65, 0x63, 0x74, 0x20, 0x68, 0x65, 0x61, 0x64, 0x65, 0x72
.byte 0x20, 0x63, 0x68, 0x65, 0x63, 0x6b, 0x00, 0x00
.globl _sym_00b8f9f0
_sym_00b8f9f0:
.byte 0x75, 0x6e, 0x6b, 0x6e, 0x6f, 0x77, 0x6e, 0x20, 0x63, 0x6f, 0x6d, 0x70, 0x72, 0x65, 0x73, 0x73
.byte 0x69, 0x6f, 0x6e, 0x20, 0x6d, 0x65, 0x74, 0x68, 0x6f, 0x64, 0x00, 0x00
.globl _sym_00b8fa0c
_sym_00b8fa0c:
.byte 0x69, 0x6e, 0x76, 0x61, 0x6c, 0x69, 0x64, 0x20, 0x77, 0x69, 0x6e, 0x64, 0x6f, 0x77, 0x20, 0x73
.byte 0x69, 0x7a, 0x65, 0x00
.globl _sym_00b8fa20
_sym_00b8fa20:
.byte 0x75, 0x6e, 0x6b, 0x6e, 0x6f, 0x77, 0x6e, 0x20, 0x68, 0x65, 0x61, 0x64, 0x65, 0x72, 0x20, 0x66
.byte 0x6c, 0x61, 0x67, 0x73, 0x20, 0x73, 0x65, 0x74, 0x00, 0x00, 0x00, 0x00
.globl _sym_00b8fa3c
_sym_00b8fa3c:
.byte 0x68, 0x65, 0x61, 0x64, 0x65, 0x72, 0x20, 0x63, 0x72, 0x63, 0x20, 0x6d, 0x69, 0x73, 0x6d, 0x61
.byte 0x74, 0x63, 0x68, 0x00
.globl _sym_00b8fa50
_sym_00b8fa50:
.byte 0x69, 0x6e, 0x76, 0x61, 0x6c, 0x69, 0x64, 0x20, 0x62, 0x6c, 0x6f, 0x63, 0x6b, 0x20, 0x74, 0x79
.byte 0x70, 0x65, 0x00, 0x00
.globl _sym_00b8fa64
_sym_00b8fa64:
.byte 0x69, 0x6e, 0x76, 0x61, 0x6c, 0x69, 0x64, 0x20, 0x73, 0x74, 0x6f, 0x72, 0x65, 0x64, 0x20, 0x62
.byte 0x6c, 0x6f, 0x63, 0x6b, 0x20, 0x6c, 0x65, 0x6e, 0x67, 0x74, 0x68, 0x73, 0x00, 0x00, 0x00, 0x00
.globl _sym_00b8fa84
_sym_00b8fa84:
.byte 0x74, 0x6f, 0x6f, 0x20, 0x6d, 0x61, 0x6e, 0x79, 0x20, 0x6c, 0x65, 0x6e, 0x67, 0x74, 0x68, 0x20
.byte 0x6f, 0x72, 0x20, 0x64, 0x69, 0x73, 0x74, 0x61, 0x6e, 0x63, 0x65, 0x20, 0x73, 0x79, 0x6d, 0x62
.byte 0x6f, 0x6c, 0x73, 0x00
.globl _sym_00b8faa8
_sym_00b8faa8:
.byte 0x69, 0x6e, 0x76, 0x61, 0x6c, 0x69, 0x64, 0x20, 0x63, 0x6f, 0x64, 0x65, 0x20, 0x6c, 0x65, 0x6e
.byte 0x67, 0x74, 0x68, 0x73, 0x20, 0x73, 0x65, 0x74, 0x00, 0x00, 0x00, 0x00
.globl _sym_00b8fac4
_sym_00b8fac4:
.byte 0x69, 0x6e, 0x76, 0x61, 0x6c, 0x69, 0x64, 0x20, 0x62, 0x69, 0x74, 0x20, 0x6c, 0x65, 0x6e, 0x67
.byte 0x74, 0x68, 0x20, 0x72, 0x65, 0x70, 0x65, 0x61, 0x74, 0x00, 0x00, 0x00
.globl _sym_00b8fae0
_sym_00b8fae0:
.byte 0x69, 0x6e, 0x76, 0x61, 0x6c, 0x69, 0x64, 0x20, 0x63, 0x6f, 0x64, 0x65, 0x20, 0x2d, 0x2d, 0x20
.byte 0x6d, 0x69, 0x73, 0x73, 0x69, 0x6e, 0x67, 0x20, 0x65, 0x6e, 0x64, 0x2d, 0x6f, 0x66, 0x2d, 0x62
.byte 0x6c, 0x6f, 0x63, 0x6b, 0x00, 0x00, 0x00, 0x00
.globl _sym_00b8fb08
_sym_00b8fb08:
.byte 0x69, 0x6e, 0x76, 0x61, 0x6c, 0x69, 0x64, 0x20, 0x6c, 0x69, 0x74, 0x65, 0x72, 0x61, 0x6c, 0x2f
.byte 0x6c, 0x65, 0x6e, 0x67, 0x74, 0x68, 0x73, 0x20, 0x73, 0x65, 0x74, 0x00
.globl _sym_00b8fb24
_sym_00b8fb24:
.byte 0x69, 0x6e, 0x76, 0x61, 0x6c, 0x69, 0x64, 0x20, 0x64, 0x69, 0x73, 0x74, 0x61, 0x6e, 0x63, 0x65
.byte 0x73, 0x20, 0x73, 0x65, 0x74, 0x00, 0x00, 0x00
.globl _sym_00b8fb3c
_sym_00b8fb3c:
.byte 0x69, 0x6e, 0x76, 0x61, 0x6c, 0x69, 0x64, 0x20, 0x6c, 0x69, 0x74, 0x65, 0x72, 0x61, 0x6c, 0x2f
.byte 0x6c, 0x65, 0x6e, 0x67, 0x74, 0x68, 0x20, 0x63, 0x6f, 0x64, 0x65, 0x00
.globl _sym_00b8fb58
_sym_00b8fb58:
.byte 0x69, 0x6e, 0x76, 0x61, 0x6c, 0x69, 0x64, 0x20, 0x64, 0x69, 0x73, 0x74, 0x61, 0x6e, 0x63, 0x65
.byte 0x20, 0x63, 0x6f, 0x64, 0x65, 0x00, 0x00, 0x00
.globl _sym_00b8fb70
_sym_00b8fb70:
.byte 0x69, 0x6e, 0x76, 0x61, 0x6c, 0x69, 0x64, 0x20, 0x64, 0x69, 0x73, 0x74, 0x61, 0x6e, 0x63, 0x65
.byte 0x20, 0x74, 0x6f, 0x6f, 0x20, 0x66, 0x61, 0x72, 0x20, 0x62, 0x61, 0x63, 0x6b, 0x00, 0x00, 0x00
.globl _sym_00b8fb90
_sym_00b8fb90:
.byte 0x69, 0x6e, 0x63, 0x6f, 0x72, 0x72, 0x65, 0x63, 0x74, 0x20, 0x64, 0x61, 0x74, 0x61, 0x20, 0x63
.byte 0x68, 0x65, 0x63, 0x6b, 0x00, 0x00, 0x00, 0x00
.globl _sym_00b8fba8
_sym_00b8fba8:
.byte 0x69, 0x6e, 0x63, 0x6f, 0x72, 0x72, 0x65, 0x63, 0x74, 0x20, 0x6c, 0x65, 0x6e, 0x67, 0x74, 0x68
.byte 0x20, 0x63, 0x68, 0x65, 0x63, 0x6b, 0x00, 0x00
.globl _sym_00b8fbc0
_sym_00b8fbc0:
.byte 0x6e, 0x65, 0x65, 0x64, 0x20, 0x64, 0x69, 0x63, 0x74, 0x69, 0x6f, 0x6e, 0x61, 0x72, 0x79, 0x00
.globl _sym_00b8fbd0
_sym_00b8fbd0:
.byte 0x73, 0x74, 0x72, 0x65, 0x61, 0x6d, 0x20, 0x65, 0x6e, 0x64, 0x00
.globl _sym_00b8fbdb
_sym_00b8fbdb:
.byte 0x00
.globl _sym_00b8fbdc
_sym_00b8fbdc:
.byte 0x66, 0x69, 0x6c, 0x65, 0x20, 0x65, 0x72, 0x72, 0x6f, 0x72, 0x00, 0x00
.globl _sym_00b8fbe8
_sym_00b8fbe8:
.byte 0x73, 0x74, 0x72, 0x65, 0x61, 0x6d, 0x20, 0x65, 0x72, 0x72, 0x6f, 0x72, 0x00, 0x00, 0x00, 0x00
.globl _sym_00b8fbf8
_sym_00b8fbf8:
.byte 0x64, 0x61, 0x74, 0x61, 0x20, 0x65, 0x72, 0x72, 0x6f, 0x72, 0x00, 0x00
.globl _sym_00b8fc04
_sym_00b8fc04:
.byte 0x69, 0x6e, 0x73, 0x75, 0x66, 0x66, 0x69, 0x63, 0x69, 0x65, 0x6e, 0x74, 0x20, 0x6d, 0x65, 0x6d
.byte 0x6f, 0x72, 0x79, 0x00
.globl _sym_00b8fc18
_sym_00b8fc18:
.byte 0x62, 0x75, 0x66, 0x66, 0x65, 0x72, 0x20, 0x65, 0x72, 0x72, 0x6f, 0x72, 0x00, 0x00, 0x00, 0x00
.globl _sym_00b8fc28
_sym_00b8fc28:
.byte 0x69, 0x6e, 0x63, 0x6f, 0x6d, 0x70, 0x61, 0x74, 0x69, 0x62, 0x6c, 0x65, 0x20, 0x76, 0x65, 0x72
.byte 0x73, 0x69, 0x6f, 0x6e, 0x00, 0x00, 0x00, 0x00
.globl _sym_00b8fc40
_sym_00b8fc40:
.byte 0x76, 0x31, 0x2e, 0x34, 0x2e, 0x30, 0x00, 0x00
.globl _sym_00b8fc48
_sym_00b8fc48:
.byte 0x3c, 0x69, 0x6e, 0x76, 0x61, 0x6c, 0x69, 0x64, 0x20, 0x69, 0x6e, 0x74, 0x65, 0x72, 0x66, 0x61
.byte 0x63, 0x65, 0x3e, 0x00
.globl _sym_00b8fc5c
_sym_00b8fc5c:
.byte 0x53, 0x75, 0x63, 0x63, 0x65, 0x73, 0x73, 0x00
.globl _sym_00b8fc64
_sym_00b8fc64:
.byte 0x55, 0x6e, 0x73, 0x70, 0x65, 0x63, 0x69, 0x66, 0x69, 0x65, 0x64, 0x20, 0x69, 0x6e, 0x74, 0x65
.byte 0x72, 0x6e, 0x61, 0x6c, 0x20, 0x65, 0x72, 0x72, 0x6f, 0x72, 0x00, 0x00
.globl _sym_00b8fc80
_sym_00b8fc80:
.byte 0x4d, 0x65, 0x6d, 0x6f, 0x72, 0x79, 0x20, 0x61, 0x6c, 0x6c, 0x6f, 0x63, 0x61, 0x74, 0x69, 0x6f
.byte 0x6e, 0x20, 0x65, 0x72, 0x72, 0x6f, 0x72, 0x00
.globl _sym_00b8fc98
_sym_00b8fc98:
.byte 0x41, 0x42, 0x49, 0x20, 0x76, 0x65, 0x72, 0x73, 0x69, 0x6f, 0x6e, 0x20, 0x6d, 0x69, 0x73, 0x6d
.byte 0x61, 0x74, 0x63, 0x68, 0x00, 0x00, 0x00, 0x00
.globl _sym_00b8fcb0
_sym_00b8fcb0:
.byte 0x43, 0x6f, 0x64, 0x65, 0x63, 0x20, 0x64, 0x6f, 0x65, 0x73, 0x20, 0x6e, 0x6f, 0x74, 0x20, 0x69
.byte 0x6d, 0x70, 0x6c, 0x65, 0x6d, 0x65, 0x6e, 0x74, 0x20, 0x72, 0x65, 0x71, 0x75, 0x65, 0x73, 0x74
.byte 0x65, 0x64, 0x20, 0x63, 0x61, 0x70, 0x61, 0x62, 0x69, 0x6c, 0x69, 0x74, 0x79, 0x00, 0x00, 0x00
.globl _sym_00b8fce0
_sym_00b8fce0:
.byte 0x42, 0x69, 0x74, 0x73, 0x74, 0x72, 0x65, 0x61, 0x6d, 0x20, 0x6e, 0x6f, 0x74, 0x20, 0x73, 0x75
.byte 0x70, 0x70, 0x6f, 0x72, 0x74, 0x65, 0x64, 0x20, 0x62, 0x79, 0x20, 0x74, 0x68, 0x69, 0x73, 0x20
.byte 0x64, 0x65, 0x63, 0x6f, 0x64, 0x65, 0x72, 0x00
.globl _sym_00b8fd08
_sym_00b8fd08:
.byte 0x42, 0x69, 0x74, 0x73, 0x74, 0x72, 0x65, 0x61, 0x6d, 0x20, 0x72, 0x65, 0x71, 0x75, 0x69, 0x72
.byte 0x65, 0x64, 0x20, 0x66, 0x65, 0x61, 0x74, 0x75, 0x72, 0x65, 0x20, 0x6e, 0x6f, 0x74, 0x20, 0x73
.byte 0x75, 0x70, 0x70, 0x6f, 0x72, 0x74, 0x65, 0x64, 0x20, 0x62, 0x79, 0x20, 0x74, 0x68, 0x69, 0x73
.byte 0x20, 0x64, 0x65, 0x63, 0x6f, 0x64, 0x65, 0x72, 0x00, 0x00, 0x00, 0x00
.globl _sym_00b8fd44
_sym_00b8fd44:
.byte 0x43, 0x6f, 0x72, 0x72, 0x75, 0x70, 0x74, 0x20, 0x66, 0x72, 0x61, 0x6d, 0x65, 0x20, 0x64, 0x65
.byte 0x74, 0x65, 0x63, 0x74, 0x65, 0x64, 0x00, 0x00
.globl _sym_00b8fd5c
_sym_00b8fd5c:
.byte 0x49, 0x6e, 0x76, 0x61, 0x6c, 0x69, 0x64, 0x20, 0x70, 0x61, 0x72, 0x61, 0x6d, 0x65, 0x74, 0x65
.byte 0x72, 0x00, 0x00, 0x00
.globl _sym_00b8fd70
_sym_00b8fd70:
.byte 0x45, 0x6e, 0x64, 0x20, 0x6f, 0x66, 0x20, 0x69, 0x74, 0x65, 0x72, 0x61, 0x74, 0x65, 0x64, 0x20
.byte 0x6c, 0x69, 0x73, 0x74, 0x00, 0x00, 0x00, 0x00
.globl _sym_00b8fd88
_sym_00b8fd88:
.byte 0x55, 0x6e, 0x72, 0x65, 0x63, 0x6f, 0x67, 0x6e, 0x69, 0x7a, 0x65, 0x64, 0x20, 0x65, 0x72, 0x72
.byte 0x6f, 0x72, 0x20, 0x63, 0x6f, 0x64, 0x65, 0x00
.globl _sym_00b8fda0
_sym_00b8fda0:
.byte 0x49, 0x6e, 0x76, 0x61, 0x6c, 0x69, 0x64, 0x20, 0x66, 0x72, 0x61, 0x6d, 0x65, 0x20, 0x77, 0x69
.byte 0x64, 0x74, 0x68, 0x00
.globl _sym_00b8fdb4
_sym_00b8fdb4:
.byte 0x49, 0x6e, 0x76, 0x61, 0x6c, 0x69, 0x64, 0x20, 0x66, 0x72, 0x61, 0x6d, 0x65, 0x20, 0x68, 0x65
.byte 0x69, 0x67, 0x68, 0x74, 0x00, 0x00, 0x00, 0x00
.globl _sym_00b8fdcc
_sym_00b8fdcc:
.byte 0x46, 0x61, 0x69, 0x6c, 0x65, 0x64, 0x20, 0x74, 0x6f, 0x20, 0x61, 0x6c, 0x6c, 0x6f, 0x63, 0x61
.byte 0x74, 0x65, 0x20, 0x66, 0x72, 0x61, 0x6d, 0x65, 0x20, 0x62, 0x75, 0x66, 0x66, 0x65, 0x72, 0x73
.byte 0x00, 0x00, 0x00, 0x00
.globl _sym_00b8fdf0
_sym_00b8fdf0:
.byte 0x57, 0x65, 0x62, 0x4d, 0x20, 0x50, 0x72, 0x6f, 0x6a, 0x65, 0x63, 0x74, 0x20, 0x56, 0x50, 0x38
.byte 0x20, 0x44, 0x65, 0x63, 0x6f, 0x64, 0x65, 0x72, 0x20, 0x76, 0x31, 0x2e, 0x34, 0x2e, 0x30, 0x00
.globl _sym_00b8fe10
_sym_00b8fe10:
.byte 0x49, 0x6e, 0x76, 0x61, 0x6c, 0x69, 0x64, 0x20, 0x72, 0x65, 0x66, 0x65, 0x72, 0x65, 0x6e, 0x63
.byte 0x65, 0x20, 0x66, 0x72, 0x61, 0x6d, 0x65, 0x00
.globl _sym_00b8fe28
_sym_00b8fe28:
.byte 0x49, 0x6e, 0x63, 0x6f, 0x72, 0x72, 0x65, 0x63, 0x74, 0x20, 0x62, 0x75, 0x66, 0x66, 0x65, 0x72
.byte 0x20, 0x64, 0x69, 0x6d, 0x65, 0x6e, 0x73, 0x69, 0x6f, 0x6e, 0x73, 0x00
.globl _sym_00b8fe44
_sym_00b8fe44:
.byte 0x46, 0x61, 0x69, 0x6c, 0x65, 0x64, 0x20, 0x74, 0x6f, 0x20, 0x61, 0x6c, 0x6c, 0x6f, 0x63, 0x61
.byte 0x74, 0x65, 0x20, 0x28, 0x70, 0x62, 0x69, 0x2d, 0x3e, 0x68, 0x5f, 0x64, 0x65, 0x63, 0x6f, 0x64
.byte 0x69, 0x6e, 0x67, 0x5f, 0x74, 0x68, 0x72, 0x65, 0x61, 0x64, 0x29, 0x00
.globl _sym_00b8fe70
_sym_00b8fe70:
.byte 0x46, 0x61, 0x69, 0x6c, 0x65, 0x64, 0x20, 0x74, 0x6f, 0x20, 0x61, 0x6c, 0x6c, 0x6f, 0x63, 0x61
.byte 0x74, 0x65, 0x20, 0x28, 0x70, 0x62, 0x69, 0x2d, 0x3e, 0x68, 0x5f, 0x65, 0x76, 0x65, 0x6e, 0x74
.byte 0x5f, 0x73, 0x74, 0x61, 0x72, 0x74, 0x5f, 0x64, 0x65, 0x63, 0x6f, 0x64, 0x69, 0x6e, 0x67, 0x29
.byte 0x00, 0x00, 0x00, 0x00
.globl _sym_00b8fea4
_sym_00b8fea4:
.byte 0x46, 0x61, 0x69, 0x6c, 0x65, 0x64, 0x20, 0x74, 0x6f, 0x20, 0x61, 0x6c, 0x6c, 0x6f, 0x63, 0x61
.byte 0x74, 0x65, 0x20, 0x28, 0x70, 0x62, 0x69, 0x2d, 0x3e, 0x6d, 0x62, 0x5f, 0x72, 0x6f, 0x77, 0x5f
.byte 0x64, 0x69, 0x29, 0x00
.globl _sym_00b8fec8
_sym_00b8fec8:
.byte 0x46, 0x61, 0x69, 0x6c, 0x65, 0x64, 0x20, 0x74, 0x6f, 0x20, 0x61, 0x6c, 0x6c, 0x6f, 0x63, 0x61
.byte 0x74, 0x65, 0x20, 0x28, 0x70, 0x62, 0x69, 0x2d, 0x3e, 0x64, 0x65, 0x5f, 0x74, 0x68, 0x72, 0x65
.byte 0x61, 0x64, 0x5f, 0x64, 0x61, 0x74, 0x61, 0x29, 0x00, 0x00, 0x00, 0x00
.globl _sym_00b8fef4
_sym_00b8fef4:
.byte 0x46, 0x61, 0x69, 0x6c, 0x65, 0x64, 0x20, 0x74, 0x6f, 0x20, 0x61, 0x6c, 0x6c, 0x6f, 0x63, 0x61
.byte 0x74, 0x65, 0x20, 0x28, 0x70, 0x62, 0x69, 0x2d, 0x3e, 0x6d, 0x74, 0x5f, 0x63, 0x75, 0x72, 0x72
.byte 0x65, 0x6e, 0x74, 0x5f, 0x6d, 0x62, 0x5f, 0x63, 0x6f, 0x6c, 0x29, 0x00
.globl _sym_00b8ff20
_sym_00b8ff20:
.byte 0x46, 0x61, 0x69, 0x6c, 0x65, 0x64, 0x20, 0x74, 0x6f, 0x20, 0x61, 0x6c, 0x6c, 0x6f, 0x63, 0x61
.byte 0x74, 0x65, 0x20, 0x28, 0x70, 0x62, 0x69, 0x2d, 0x3e, 0x6d, 0x74, 0x5f, 0x79, 0x61, 0x62, 0x6f
.byte 0x76, 0x65, 0x5f, 0x72, 0x6f, 0x77, 0x29, 0x00
.globl _sym_00b8ff48
_sym_00b8ff48:
.byte 0x46, 0x61, 0x69, 0x6c, 0x65, 0x64, 0x20, 0x74, 0x6f, 0x20, 0x61, 0x6c, 0x6c, 0x6f, 0x63, 0x61
.byte 0x74, 0x65, 0x20, 0x70, 0x62, 0x69, 0x2d, 0x3e, 0x6d, 0x74, 0x5f, 0x79, 0x61, 0x62, 0x6f, 0x76
.byte 0x65, 0x5f, 0x72, 0x6f, 0x77, 0x5b, 0x69, 0x5d, 0x00, 0x00, 0x00, 0x00
.globl _sym_00b8ff74
_sym_00b8ff74:
.byte 0x46, 0x61, 0x69, 0x6c, 0x65, 0x64, 0x20, 0x74, 0x6f, 0x20, 0x61, 0x6c, 0x6c, 0x6f, 0x63, 0x61
.byte 0x74, 0x65, 0x20, 0x28, 0x70, 0x62, 0x69, 0x2d, 0x3e, 0x6d, 0x74, 0x5f, 0x75, 0x61, 0x62, 0x6f
.byte 0x76, 0x65, 0x5f, 0x72, 0x6f, 0x77, 0x29, 0x00
.globl _sym_00b8ff9c
_sym_00b8ff9c:
.byte 0x46, 0x61, 0x69, 0x6c, 0x65, 0x64, 0x20, 0x74, 0x6f, 0x20, 0x61, 0x6c, 0x6c, 0x6f, 0x63, 0x61
.byte 0x74, 0x65, 0x20, 0x70, 0x62, 0x69, 0x2d, 0x3e, 0x6d, 0x74, 0x5f, 0x75, 0x61, 0x62, 0x6f, 0x76
.byte 0x65, 0x5f, 0x72, 0x6f, 0x77, 0x5b, 0x69, 0x5d, 0x00, 0x00, 0x00, 0x00
.globl _sym_00b8ffc8
_sym_00b8ffc8:
.byte 0x46, 0x61, 0x69, 0x6c, 0x65, 0x64, 0x20, 0x74, 0x6f, 0x20, 0x61, 0x6c, 0x6c, 0x6f, 0x63, 0x61
.byte 0x74, 0x65, 0x20, 0x28, 0x70, 0x62, 0x69, 0x2d, 0x3e, 0x6d, 0x74, 0x5f, 0x76, 0x61, 0x62, 0x6f
.byte 0x76, 0x65, 0x5f, 0x72, 0x6f, 0x77, 0x29, 0x00
.globl _sym_00b8fff0
_sym_00b8fff0:
.byte 0x46, 0x61, 0x69, 0x6c, 0x65, 0x64, 0x20, 0x74, 0x6f, 0x20, 0x61, 0x6c, 0x6c, 0x6f, 0x63, 0x61
.byte 0x74, 0x65, 0x20, 0x70, 0x62, 0x69, 0x2d, 0x3e, 0x6d, 0x74, 0x5f, 0x76, 0x61, 0x62, 0x6f, 0x76
.byte 0x65, 0x5f, 0x72, 0x6f, 0x77, 0x5b, 0x69, 0x5d, 0x00, 0x00, 0x00, 0x00
.globl _sym_00b9001c
_sym_00b9001c:
.byte 0x46, 0x61, 0x69, 0x6c, 0x65, 0x64, 0x20, 0x74, 0x6f, 0x20, 0x61, 0x6c, 0x6c, 0x6f, 0x63, 0x61
.byte 0x74, 0x65, 0x20, 0x28, 0x70, 0x62, 0x69, 0x2d, 0x3e, 0x6d, 0x74, 0x5f, 0x79, 0x6c, 0x65, 0x66
.byte 0x74, 0x5f, 0x63, 0x6f, 0x6c, 0x29, 0x00, 0x00
.globl _sym_00b90044
_sym_00b90044:
.byte 0x46, 0x61, 0x69, 0x6c, 0x65, 0x64, 0x20, 0x74, 0x6f, 0x20, 0x61, 0x6c, 0x6c, 0x6f, 0x63, 0x61
.byte 0x74, 0x65, 0x20, 0x70, 0x62, 0x69, 0x2d, 0x3e, 0x6d, 0x74, 0x5f, 0x79, 0x6c, 0x65, 0x66, 0x74
.byte 0x5f, 0x63, 0x6f, 0x6c, 0x5b, 0x69, 0x5d, 0x00
.globl _sym_00b9006c
_sym_00b9006c:
.byte 0x46, 0x61, 0x69, 0x6c, 0x65, 0x64, 0x20, 0x74, 0x6f, 0x20, 0x61, 0x6c, 0x6c, 0x6f, 0x63, 0x61
.byte 0x74, 0x65, 0x20, 0x28, 0x70, 0x62, 0x69, 0x2d, 0x3e, 0x6d, 0x74, 0x5f, 0x75, 0x6c, 0x65, 0x66
.byte 0x74, 0x5f, 0x63, 0x6f, 0x6c, 0x29, 0x00, 0x00
.globl _sym_00b90094
_sym_00b90094:
.byte 0x46, 0x61, 0x69, 0x6c, 0x65, 0x64, 0x20, 0x74, 0x6f, 0x20, 0x61, 0x6c, 0x6c, 0x6f, 0x63, 0x61
.byte 0x74, 0x65, 0x20, 0x70, 0x62, 0x69, 0x2d, 0x3e, 0x6d, 0x74, 0x5f, 0x75, 0x6c, 0x65, 0x66, 0x74
.byte 0x5f, 0x63, 0x6f, 0x6c, 0x5b, 0x69, 0x5d, 0x00
.globl _sym_00b900bc
_sym_00b900bc:
.byte 0x46, 0x61, 0x69, 0x6c, 0x65, 0x64, 0x20, 0x74, 0x6f, 0x20, 0x61, 0x6c, 0x6c, 0x6f, 0x63, 0x61
.byte 0x74, 0x65, 0x20, 0x28, 0x70, 0x62, 0x69, 0x2d, 0x3e, 0x6d, 0x74, 0x5f, 0x76, 0x6c, 0x65, 0x66
.byte 0x74, 0x5f, 0x63, 0x6f, 0x6c, 0x29, 0x00, 0x00
.globl _sym_00b900e4
_sym_00b900e4:
.byte 0x46, 0x61, 0x69, 0x6c, 0x65, 0x64, 0x20, 0x74, 0x6f, 0x20, 0x61, 0x6c, 0x6c, 0x6f, 0x63, 0x61
.byte 0x74, 0x65, 0x20, 0x70, 0x62, 0x69, 0x2d, 0x3e, 0x6d, 0x74, 0x5f, 0x76, 0x6c, 0x65, 0x66, 0x74
.byte 0x5f, 0x63, 0x6f, 0x6c, 0x5b, 0x69, 0x5d, 0x00
.globl _sym_00b9010c
_sym_00b9010c:
.byte 0x56, 0x50, 0x58, 0x5f, 0x53, 0x49, 0x4d, 0x44, 0x5f, 0x43, 0x41, 0x50, 0x53, 0x00, 0x00, 0x00
.globl _sym_00b9011c
_sym_00b9011c:
.byte 0x56, 0x50, 0x58, 0x5f, 0x53, 0x49, 0x4d, 0x44, 0x5f, 0x43, 0x41, 0x50, 0x53, 0x5f, 0x4d, 0x41
.byte 0x53, 0x4b, 0x00, 0x00
.globl _sym_00b90130
_sym_00b90130:
.byte 0x54, 0x72, 0x75, 0x6e, 0x63, 0x61, 0x74, 0x65, 0x64, 0x20, 0x70, 0x61, 0x72, 0x74, 0x69, 0x74
.byte 0x69, 0x6f, 0x6e, 0x20, 0x73, 0x69, 0x7a, 0x65, 0x20, 0x64, 0x61, 0x74, 0x61, 0x00, 0x00, 0x00
.globl _sym_00b90150
_sym_00b90150:
.byte 0x54, 0x72, 0x75, 0x6e, 0x63, 0x61, 0x74, 0x65, 0x64, 0x20, 0x70, 0x61, 0x63, 0x6b, 0x65, 0x74
.byte 0x20, 0x6f, 0x72, 0x20, 0x63, 0x6f, 0x72, 0x72, 0x75, 0x70, 0x74, 0x20, 0x70, 0x61, 0x72, 0x74
.byte 0x69, 0x74, 0x69, 0x6f, 0x6e, 0x20, 0x25, 0x64, 0x20, 0x6c, 0x65, 0x6e, 0x67, 0x74, 0x68, 0x00
.globl _sym_00b90180
_sym_00b90180:
.byte 0x46, 0x61, 0x69, 0x6c, 0x65, 0x64, 0x20, 0x74, 0x6f, 0x20, 0x61, 0x6c, 0x6c, 0x6f, 0x63, 0x61
.byte 0x74, 0x65, 0x20, 0x62, 0x6f, 0x6f, 0x6c, 0x20, 0x64, 0x65, 0x63, 0x6f, 0x64, 0x65, 0x72, 0x20
.byte 0x25, 0x64, 0x00, 0x00
.globl _sym_00b901a4
_sym_00b901a4:
.byte 0x54, 0x72, 0x75, 0x6e, 0x63, 0x61, 0x74, 0x65, 0x64, 0x20, 0x70, 0x61, 0x63, 0x6b, 0x65, 0x74
.byte 0x00, 0x00, 0x00, 0x00
.globl _sym_00b901b8
_sym_00b901b8:
.byte 0x54, 0x72, 0x75, 0x6e, 0x63, 0x61, 0x74, 0x65, 0x64, 0x20, 0x70, 0x61, 0x63, 0x6b, 0x65, 0x74
.byte 0x20, 0x6f, 0x72, 0x20, 0x63, 0x6f, 0x72, 0x72, 0x75, 0x70, 0x74, 0x20, 0x70, 0x61, 0x72, 0x74
.byte 0x69, 0x74, 0x69, 0x6f, 0x6e, 0x20, 0x30, 0x20, 0x6c, 0x65, 0x6e, 0x67, 0x74, 0x68, 0x00, 0x00
.globl _sym_00b901e8
_sym_00b901e8:
.byte 0x49, 0x6e, 0x76, 0x61, 0x6c, 0x69, 0x64, 0x20, 0x66, 0x72, 0x61, 0x6d, 0x65, 0x20, 0x73, 0x79
.byte 0x6e, 0x63, 0x20, 0x63, 0x6f, 0x64, 0x65, 0x00
.globl _sym_00b90200
_sym_00b90200:
.byte 0x46, 0x61, 0x69, 0x6c, 0x65, 0x64, 0x20, 0x74, 0x6f, 0x20, 0x61, 0x6c, 0x6c, 0x6f, 0x63, 0x61
.byte 0x74, 0x65, 0x20, 0x62, 0x6f, 0x6f, 0x6c, 0x20, 0x64, 0x65, 0x63, 0x6f, 0x64, 0x65, 0x72, 0x20
.byte 0x30, 0x00, 0x00, 0x00
.globl _sym_00b90224
_sym_00b90224:
.byte 0x61, 0x00, 0x00, 0x00, 0x64, 0x65, 0x63, 0x6f, 0x64, 0x65, 0x73, 0x74, 0x61, 0x74, 0x73, 0x2e
.byte 0x73, 0x74, 0x74, 0x00, 0x25, 0x36, 0x64, 0x20, 0x46, 0x3a, 0x25, 0x64, 0x2c, 0x47, 0x3a, 0x25
.byte 0x64, 0x2c, 0x41, 0x3a, 0x25, 0x64, 0x2c, 0x4c, 0x3a, 0x25, 0x64, 0x2c, 0x51, 0x3a, 0x25, 0x64
.byte 0x0a, 0x00, 0x00, 0x00
.globl _sym_00b90258
_sym_00b90258:
.byte 0x41, 0x20, 0x73, 0x74, 0x72, 0x65, 0x61, 0x6d, 0x20, 0x6d, 0x75, 0x73, 0x74, 0x20, 0x73, 0x74
.byte 0x61, 0x72, 0x74, 0x20, 0x77, 0x69, 0x74, 0x68, 0x20, 0x61, 0x20, 0x63, 0x6f, 0x6d, 0x70, 0x6c
.byte 0x65, 0x74, 0x65, 0x20, 0x6b, 0x65, 0x79, 0x20, 0x66, 0x72, 0x61, 0x6d, 0x65, 0x00, 0x00, 0x00
.globl _sym_00b90288
_sym_00b90288:
.byte 0x46, 0x61, 0x69, 0x6c, 0x65, 0x64, 0x20, 0x74, 0x6f, 0x20, 0x61, 0x6c, 0x6c, 0x6f, 0x63, 0x61
.byte 0x74, 0x65, 0x20, 0x4d, 0x46, 0x51, 0x45, 0x20, 0x66, 0x72, 0x61, 0x6d, 0x65, 0x62, 0x75, 0x66
.byte 0x66, 0x65, 0x72, 0x00
.globl _sym_00b902ac
_sym_00b902ac:
.byte 0x47, 0x65, 0x74, 0x4e, 0x61, 0x74, 0x69, 0x76, 0x65, 0x53, 0x79, 0x73, 0x74, 0x65, 0x6d, 0x49
.byte 0x6e, 0x66, 0x6f, 0x00
.globl _sym_00b902c0
_sym_00b902c0:
.byte 0x6b, 0x00, 0x65, 0x00, 0x72, 0x00, 0x6e, 0x00, 0x65, 0x00, 0x6c, 0x00, 0x33, 0x00, 0x32, 0x00
.byte 0x2e, 0x00, 0x64, 0x00, 0x6c, 0x00, 0x6c, 0x00, 0x00, 0x00, 0x00, 0x00, 0x00, 0x00, 0x00, 0x00
.globl _sym_00b902e0
_sym_00b902e0:
.byte 0x2e, 0x00, 0x2e, 0x00, 0x5c, 0x00, 0x74, 0x00, 0x68, 0x00, 0x69, 0x00, 0x72, 0x00, 0x64, 0x00
.byte 0x5f, 0x00, 0x70, 0x00, 0x61, 0x00, 0x72, 0x00, 0x74, 0x00, 0x79, 0x00, 0x5c, 0x00, 0x6c, 0x00
.byte 0x69, 0x00, 0x62, 0x00, 0x77, 0x00, 0x65, 0x00, 0x62, 0x00, 0x6d, 0x00, 0x5c, 0x00, 0x6d, 0x00
.byte 0x6b, 0x00, 0x76, 0x00, 0x70, 0x00, 0x61, 0x00, 0x72, 0x00, 0x73, 0x00, 0x65, 0x00, 0x72, 0x00
.byte 0x2e, 0x00, 0x63, 0x00, 0x70, 0x00, 0x70, 0x00, 0x00, 0x00, 0x00, 0x00
.globl _sym_00b9032c
_sym_00b9032c:
.byte 0x70, 0x00, 0x52, 0x00, 0x65, 0x00, 0x61, 0x00, 0x64, 0x00, 0x65, 0x00, 0x72, 0x00, 0x00, 0x00
.globl _sym_00b9033c
_sym_00b9033c:
.byte 0x70, 0x00, 0x6f, 0x00, 0x73, 0x00, 0x20, 0x00, 0x3e, 0x00, 0x3d, 0x00, 0x20, 0x00, 0x30, 0x00
.byte 0x00, 0x00, 0x00, 0x00
.globl _sym_00b90350
_sym_00b90350:
.byte 0x73, 0x00, 0x74, 0x00, 0x61, 0x00, 0x74, 0x00, 0x75, 0x00, 0x73, 0x00, 0x20, 0x00, 0x3e, 0x00
.byte 0x3d, 0x00, 0x20, 0x00, 0x30, 0x00, 0x00, 0x00
.globl _sym_00b90368
_sym_00b90368:
.byte 0x28, 0x00, 0x74, 0x00, 0x6f, 0x00, 0x74, 0x00, 0x61, 0x00, 0x6c, 0x00, 0x20, 0x00, 0x3c, 0x00
.byte 0x20, 0x00, 0x30, 0x00, 0x29, 0x00, 0x20, 0x00, 0x7c, 0x00, 0x7c, 0x00, 0x20, 0x00, 0x28, 0x00
.byte 0x61, 0x00, 0x76, 0x00, 0x61, 0x00, 0x69, 0x00, 0x6c, 0x00, 0x61, 0x00, 0x62, 0x00, 0x6c, 0x00
.byte 0x65, 0x00, 0x20, 0x00, 0x3c, 0x00, 0x3d, 0x00, 0x20, 0x00, 0x74, 0x00, 0x6f, 0x00, 0x74, 0x00
.byte 0x61, 0x00, 0x6c, 0x00, 0x29, 0x00, 0x00, 0x00
.globl _sym_00b903b0
_sym_00b903b0:
.byte 0x73, 0x00, 0x74, 0x00, 0x61, 0x00, 0x74, 0x00, 0x75, 0x00, 0x73, 0x00, 0x20, 0x00, 0x3d, 0x00
.byte 0x3d, 0x00, 0x20, 0x00, 0x30, 0x00, 0x00, 0x00
.globl _sym_00b903c8
_sym_00b903c8:
.byte 0x73, 0x00, 0x69, 0x00, 0x7a, 0x00, 0x65, 0x00, 0x20, 0x00, 0x3d, 0x00, 0x3d, 0x00, 0x20, 0x00
.byte 0x38, 0x00, 0x00, 0x00
.globl _sym_00b903dc
_sym_00b903dc:
.byte 0x73, 0x00, 0x69, 0x00, 0x7a, 0x00, 0x65, 0x00, 0x20, 0x00, 0x3e, 0x00, 0x20, 0x00, 0x30, 0x00
.byte 0x00, 0x00, 0x00, 0x00
.globl _sym_00b903f0
_sym_00b903f0:
.byte 0x73, 0x00, 0x69, 0x00, 0x7a, 0x00, 0x65, 0x00, 0x20, 0x00, 0x3c, 0x00, 0x3d, 0x00, 0x20, 0x00
.byte 0x38, 0x00, 0x00, 0x00
.globl _sym_00b90404
_sym_00b90404:
.byte 0x69, 0x00, 0x64, 0x00, 0x20, 0x00, 0x3e, 0x00, 0x3d, 0x00, 0x20, 0x00, 0x30, 0x00, 0x00, 0x00
.globl _sym_00b90414
_sym_00b90414:
.byte 0x6c, 0x00, 0x65, 0x00, 0x6e, 0x00, 0x20, 0x00, 0x3e, 0x00, 0x20, 0x00, 0x30, 0x00, 0x00, 0x00
.globl _sym_00b90424
_sym_00b90424:
.byte 0x6c, 0x00, 0x65, 0x00, 0x6e, 0x00, 0x20, 0x00, 0x3c, 0x00, 0x3d, 0x00, 0x20, 0x00, 0x38, 0x00
.byte 0x00, 0x00, 0x00, 0x00
.globl _sym_00b90438
_sym_00b90438:
.byte 0x28, 0x00, 0x70, 0x00, 0x6f, 0x00, 0x73, 0x00, 0x20, 0x00, 0x2b, 0x00, 0x20, 0x00, 0x6c, 0x00
.byte 0x65, 0x00, 0x6e, 0x00, 0x29, 0x00, 0x20, 0x00, 0x3c, 0x00, 0x3d, 0x00, 0x20, 0x00, 0x61, 0x00
.byte 0x76, 0x00, 0x61, 0x00, 0x69, 0x00, 0x6c, 0x00, 0x61, 0x00, 0x62, 0x00, 0x6c, 0x00, 0x65, 0x00
.byte 0x00, 0x00, 0x00, 0x00
.globl _sym_00b9046c
_sym_00b9046c:
.byte 0x73, 0x00, 0x69, 0x00, 0x7a, 0x00, 0x65, 0x00, 0x20, 0x00, 0x3e, 0x00, 0x3d, 0x00, 0x20, 0x00
.byte 0x30, 0x00, 0x00, 0x00
.globl _sym_00b90480
_sym_00b90480:
.byte 0x76, 0x00, 0x61, 0x00, 0x6c, 0x00, 0x20, 0x00, 0x3e, 0x00, 0x3d, 0x00, 0x20, 0x00, 0x30, 0x00
.byte 0x00, 0x00, 0x00, 0x00
.globl _sym_00b90494
_sym_00b90494:
.byte 0x73, 0x00, 0x69, 0x00, 0x7a, 0x00, 0x65, 0x00, 0x5f, 0x00, 0x20, 0x00, 0x3e, 0x00, 0x3d, 0x00
.byte 0x20, 0x00, 0x30, 0x00, 0x00, 0x00, 0x00, 0x00
.globl _sym_00b904ac
_sym_00b904ac:
.byte 0x28, 0x00, 0x70, 0x00, 0x6f, 0x00, 0x73, 0x00, 0x20, 0x00, 0x2b, 0x00, 0x20, 0x00, 0x73, 0x00
.byte 0x69, 0x00, 0x7a, 0x00, 0x65, 0x00, 0x5f, 0x00, 0x29, 0x00, 0x20, 0x00, 0x3c, 0x00, 0x3d, 0x00
.byte 0x20, 0x00, 0x61, 0x00, 0x76, 0x00, 0x61, 0x00, 0x69, 0x00, 0x6c, 0x00, 0x61, 0x00, 0x62, 0x00
.byte 0x6c, 0x00, 0x65, 0x00, 0x00, 0x00, 0x00, 0x00
.globl _sym_00b904e4
_sym_00b904e4:
.byte 0x62, 0x00, 0x75, 0x00, 0x66, 0x00, 0x00, 0x00
.globl _sym_00b904ec
_sym_00b904ec:
.byte 0x70, 0x00, 0x6f, 0x00, 0x73, 0x00, 0x20, 0x00, 0x3d, 0x00, 0x3d, 0x00, 0x20, 0x00, 0x65, 0x00
.byte 0x6e, 0x00, 0x64, 0x00, 0x00, 0x00, 0x00, 0x00
.globl _sym_00b90504
_sym_00b90504:
.byte 0x70, 0x00, 0x00, 0x00
.globl _sym_00b90508
_sym_00b90508:
.byte 0x28, 0x00, 0x73, 0x00, 0x65, 0x00, 0x67, 0x00, 0x6d, 0x00, 0x65, 0x00, 0x6e, 0x00, 0x74, 0x00
.byte 0x5f, 0x00, 0x73, 0x00, 0x74, 0x00, 0x6f, 0x00, 0x70, 0x00, 0x20, 0x00, 0x3c, 0x00, 0x20, 0x00
.byte 0x30, 0x00, 0x29, 0x00, 0x20, 0x00, 0x7c, 0x00, 0x7c, 0x00, 0x20, 0x00, 0x28, 0x00, 0x74, 0x00
.byte 0x6f, 0x00, 0x74, 0x00, 0x61, 0x00, 0x6c, 0x00, 0x20, 0x00, 0x3c, 0x00, 0x20, 0x00, 0x30, 0x00
.byte 0x29, 0x00, 0x20, 0x00, 0x7c, 0x00, 0x7c, 0x00, 0x20, 0x00, 0x28, 0x00, 0x73, 0x00, 0x65, 0x00
.byte 0x67, 0x00, 0x6d, 0x00, 0x65, 0x00, 0x6e, 0x00, 0x74, 0x00, 0x5f, 0x00, 0x73, 0x00, 0x74, 0x00
.byte 0x6f, 0x00, 0x70, 0x00, 0x20, 0x00, 0x3c, 0x00, 0x3d, 0x00, 0x20, 0x00, 0x74, 0x00, 0x6f, 0x00
.byte 0x74, 0x00, 0x61, 0x00, 0x6c, 0x00, 0x29, 0x00, 0x00, 0x00, 0x00, 0x00, 0x00, 0x00, 0x00, 0x00
.globl _sym_00b90588
_sym_00b90588:
.byte 0x28, 0x00, 0x73, 0x00, 0x65, 0x00, 0x67, 0x00, 0x6d, 0x00, 0x65, 0x00, 0x6e, 0x00, 0x74, 0x00
.byte 0x5f, 0x00, 0x73, 0x00, 0x74, 0x00, 0x6f, 0x00, 0x70, 0x00, 0x20, 0x00, 0x3c, 0x00, 0x20, 0x00
.byte 0x30, 0x00, 0x29, 0x00, 0x20, 0x00, 0x7c, 0x00, 0x7c, 0x00, 0x20, 0x00, 0x28, 0x00, 0x6d, 0x00
.byte 0x5f, 0x00, 0x70, 0x00, 0x6f, 0x00, 0x73, 0x00, 0x20, 0x00, 0x3c, 0x00, 0x3d, 0x00, 0x20, 0x00
.byte 0x73, 0x00, 0x65, 0x00, 0x67, 0x00, 0x6d, 0x00, 0x65, 0x00, 0x6e, 0x00, 0x74, 0x00, 0x5f, 0x00
.byte 0x73, 0x00, 0x74, 0x00, 0x6f, 0x00, 0x70, 0x00, 0x29, 0x00, 0x00, 0x00, 0x00, 0x00, 0x00, 0x00
.globl _sym_00b905e8
_sym_00b905e8:
.byte 0x28, 0x00, 0x74, 0x00, 0x6f, 0x00, 0x74, 0x00, 0x61, 0x00, 0x6c, 0x00, 0x20, 0x00, 0x3c, 0x00
.byte 0x20, 0x00, 0x30, 0x00, 0x29, 0x00, 0x20, 0x00, 0x7c, 0x00, 0x7c, 0x00, 0x20, 0x00, 0x28, 0x00
.byte 0x61, 0x00, 0x76, 0x00, 0x61, 0x00, 0x69, 0x00, 0x6c, 0x00, 0x20, 0x00, 0x3c, 0x00, 0x3d, 0x00
.byte 0x20, 0x00, 0x74, 0x00, 0x6f, 0x00, 0x74, 0x00, 0x61, 0x00, 0x6c, 0x00, 0x29, 0x00, 0x00, 0x00
.globl _sym_00b90628
_sym_00b90628:
.byte 0x6d, 0x00, 0x5f, 0x00, 0x70, 0x00, 0x43, 0x00, 0x75, 0x00, 0x65, 0x00, 0x73, 0x00, 0x00, 0x00
.globl _sym_00b90638
_sym_00b90638:
.byte 0x63, 0x00, 0x6c, 0x00, 0x75, 0x00, 0x73, 0x00, 0x74, 0x00, 0x65, 0x00, 0x72, 0x00, 0x5f, 0x00
.byte 0x6f, 0x00, 0x66, 0x00, 0x66, 0x00, 0x20, 0x00, 0x3e, 0x00, 0x3d, 0x00, 0x20, 0x00, 0x30, 0x00
.byte 0x00, 0x00, 0x00, 0x00
.globl _sym_00b9065c
_sym_00b9065c:
.byte 0x69, 0x00, 0x64, 0x00, 0x78, 0x00, 0x20, 0x00, 0x3c, 0x00, 0x20, 0x00, 0x6d, 0x00, 0x5f, 0x00
.byte 0x63, 0x00, 0x6c, 0x00, 0x75, 0x00, 0x73, 0x00, 0x74, 0x00, 0x65, 0x00, 0x72, 0x00, 0x53, 0x00
.byte 0x69, 0x00, 0x7a, 0x00, 0x65, 0x00, 0x00, 0x00
.globl _sym_00b90684
_sym_00b90684:
.byte 0x70, 0x00, 0x43, 0x00, 0x6c, 0x00, 0x75, 0x00, 0x73, 0x00, 0x74, 0x00, 0x65, 0x00, 0x72, 0x00
.byte 0x00, 0x00, 0x00, 0x00
.globl _sym_00b90698
_sym_00b90698:
.byte 0x70, 0x00, 0x43, 0x00, 0x6c, 0x00, 0x75, 0x00, 0x73, 0x00, 0x74, 0x00, 0x65, 0x00, 0x72, 0x00
.byte 0x2d, 0x00, 0x3e, 0x00, 0x6d, 0x00, 0x5f, 0x00, 0x69, 0x00, 0x6e, 0x00, 0x64, 0x00, 0x65, 0x00
.byte 0x78, 0x00, 0x20, 0x00, 0x3c, 0x00, 0x20, 0x00, 0x30, 0x00, 0x00, 0x00
.globl _sym_00b906c4
_sym_00b906c4:
.byte 0x6f, 0x00, 0x66, 0x00, 0x66, 0x00, 0x20, 0x00, 0x3e, 0x00, 0x3d, 0x00, 0x20, 0x00, 0x30, 0x00
.byte 0x00, 0x00, 0x00, 0x00
.globl _sym_00b906d8
_sym_00b906d8:
.byte 0x6d, 0x00, 0x5f, 0x00, 0x63, 0x00, 0x6c, 0x00, 0x75, 0x00, 0x73, 0x00, 0x74, 0x00, 0x65, 0x00
.byte 0x72, 0x00, 0x73, 0x00, 0x00, 0x00, 0x00, 0x00
.globl _sym_00b906f0
_sym_00b906f0:
.byte 0x6d, 0x00, 0x5f, 0x00, 0x63, 0x00, 0x6c, 0x00, 0x75, 0x00, 0x73, 0x00, 0x74, 0x00, 0x65, 0x00
.byte 0x72, 0x00, 0x73, 0x00, 0x5b, 0x00, 0x69, 0x00, 0x64, 0x00, 0x78, 0x00, 0x5d, 0x00, 0x20, 0x00
.byte 0x3d, 0x00, 0x3d, 0x00, 0x20, 0x00, 0x70, 0x00, 0x43, 0x00, 0x6c, 0x00, 0x75, 0x00, 0x73, 0x00
.byte 0x74, 0x00, 0x65, 0x00, 0x72, 0x00, 0x00, 0x00
.globl _sym_00b90728
_sym_00b90728:
.byte 0x6d, 0x00, 0x5f, 0x00, 0x70, 0x00, 0x6f, 0x00, 0x73, 0x00, 0x20, 0x00, 0x3c, 0x00, 0x20, 0x00
.byte 0x30, 0x00, 0x00, 0x00
.globl _sym_00b9073c
_sym_00b9073c:
.byte 0x6d, 0x00, 0x5f, 0x00, 0x70, 0x00, 0x55, 0x00, 0x6e, 0x00, 0x6b, 0x00, 0x6e, 0x00, 0x6f, 0x00
.byte 0x77, 0x00, 0x6e, 0x00, 0x53, 0x00, 0x69, 0x00, 0x7a, 0x00, 0x65, 0x00, 0x00, 0x00, 0x00, 0x00
.globl _sym_00b9075c
_sym_00b9075c:
.byte 0x73, 0x00, 0x74, 0x00, 0x61, 0x00, 0x74, 0x00, 0x75, 0x00, 0x73, 0x00, 0x20, 0x00, 0x3e, 0x00
.byte 0x20, 0x00, 0x30, 0x00, 0x00, 0x00, 0x00, 0x00
.globl _sym_00b90774
_sym_00b90774:
.byte 0x70, 0x00, 0x43, 0x00, 0x6c, 0x00, 0x75, 0x00, 0x73, 0x00, 0x74, 0x00, 0x65, 0x00, 0x72, 0x00
.byte 0x2d, 0x00, 0x3e, 0x00, 0x6d, 0x00, 0x5f, 0x00, 0x69, 0x00, 0x6e, 0x00, 0x64, 0x00, 0x65, 0x00
.byte 0x78, 0x00, 0x20, 0x00, 0x3e, 0x00, 0x3d, 0x00, 0x20, 0x00, 0x30, 0x00, 0x00, 0x00, 0x00, 0x00
.globl _sym_00b907a4
_sym_00b907a4:
.byte 0x73, 0x00, 0x69, 0x00, 0x7a, 0x00, 0x65, 0x00, 0x20, 0x00, 0x3e, 0x00, 0x3d, 0x00, 0x20, 0x00
.byte 0x63, 0x00, 0x6f, 0x00, 0x75, 0x00, 0x6e, 0x00, 0x74, 0x00, 0x00, 0x00
.globl _sym_00b907c0
_sym_00b907c0:
.byte 0x69, 0x00, 0x64, 0x00, 0x78, 0x00, 0x20, 0x00, 0x3d, 0x00, 0x3d, 0x00, 0x20, 0x00, 0x6d, 0x00
.byte 0x5f, 0x00, 0x63, 0x00, 0x6c, 0x00, 0x75, 0x00, 0x73, 0x00, 0x74, 0x00, 0x65, 0x00, 0x72, 0x00
.byte 0x43, 0x00, 0x6f, 0x00, 0x75, 0x00, 0x6e, 0x00, 0x74, 0x00, 0x00, 0x00
.globl _sym_00b907ec
_sym_00b907ec:
.byte 0x2a, 0x00, 0x70, 0x00, 0x00, 0x00, 0x00, 0x00
.globl _sym_00b907f4
_sym_00b907f4:
.byte 0x28, 0x00, 0x2a, 0x00, 0x70, 0x00, 0x29, 0x00, 0x2d, 0x00, 0x3e, 0x00, 0x6d, 0x00, 0x5f, 0x00
.byte 0x69, 0x00, 0x6e, 0x00, 0x64, 0x00, 0x65, 0x00, 0x78, 0x00, 0x20, 0x00, 0x3c, 0x00, 0x20, 0x00
.byte 0x30, 0x00, 0x00, 0x00
.globl _sym_00b90818
_sym_00b90818:
.byte 0x71, 0x00, 0x20, 0x00, 0x3c, 0x00, 0x20, 0x00, 0x28, 0x00, 0x6d, 0x00, 0x5f, 0x00, 0x63, 0x00
.byte 0x6c, 0x00, 0x75, 0x00, 0x73, 0x00, 0x74, 0x00, 0x65, 0x00, 0x72, 0x00, 0x73, 0x00, 0x20, 0x00
.byte 0x2b, 0x00, 0x20, 0x00, 0x73, 0x00, 0x69, 0x00, 0x7a, 0x00, 0x65, 0x00, 0x29, 0x00, 0x00, 0x00
.globl _sym_00b90848
_sym_00b90848:
.byte 0x28, 0x00, 0x2a, 0x00, 0x71, 0x00, 0x71, 0x00, 0x29, 0x00, 0x2d, 0x00, 0x3e, 0x00, 0x6d, 0x00
.byte 0x5f, 0x00, 0x69, 0x00, 0x6e, 0x00, 0x64, 0x00, 0x65, 0x00, 0x78, 0x00, 0x20, 0x00, 0x3c, 0x00
.byte 0x20, 0x00, 0x30, 0x00, 0x00, 0x00, 0x00, 0x00
.globl _sym_00b90870
_sym_00b90870:
.byte 0x69, 0x00, 0x64, 0x00, 0x78, 0x00, 0x20, 0x00, 0x3e, 0x00, 0x3d, 0x00, 0x20, 0x00, 0x6d, 0x00
.byte 0x5f, 0x00, 0x63, 0x00, 0x6c, 0x00, 0x75, 0x00, 0x73, 0x00, 0x74, 0x00, 0x65, 0x00, 0x72, 0x00
.byte 0x43, 0x00, 0x6f, 0x00, 0x75, 0x00, 0x6e, 0x00, 0x74, 0x00, 0x00, 0x00
.globl _sym_00b9089c
_sym_00b9089c:
.byte 0x71, 0x00, 0x20, 0x00, 0x3e, 0x00, 0x3d, 0x00, 0x20, 0x00, 0x70, 0x00, 0x00, 0x00, 0x00, 0x00
.globl _sym_00b908ac
_sym_00b908ac:
.byte 0x6d, 0x00, 0x5f, 0x00, 0x63, 0x00, 0x6c, 0x00, 0x75, 0x00, 0x73, 0x00, 0x74, 0x00, 0x65, 0x00
.byte 0x72, 0x00, 0x73, 0x00, 0x20, 0x00, 0x3d, 0x00, 0x3d, 0x00, 0x20, 0x00, 0x4e, 0x00, 0x55, 0x00
.byte 0x4c, 0x00, 0x4c, 0x00, 0x00, 0x00, 0x00, 0x00
.globl _sym_00b908d4
_sym_00b908d4:
.byte 0x6d, 0x00, 0x5f, 0x00, 0x63, 0x00, 0x6c, 0x00, 0x75, 0x00, 0x73, 0x00, 0x74, 0x00, 0x65, 0x00
.byte 0x72, 0x00, 0x53, 0x00, 0x69, 0x00, 0x7a, 0x00, 0x65, 0x00, 0x20, 0x00, 0x3d, 0x00, 0x3d, 0x00
.byte 0x20, 0x00, 0x30, 0x00, 0x00, 0x00, 0x00, 0x00
.globl _sym_00b908fc
_sym_00b908fc:
.byte 0x6d, 0x00, 0x5f, 0x00, 0x63, 0x00, 0x6c, 0x00, 0x75, 0x00, 0x73, 0x00, 0x74, 0x00, 0x65, 0x00
.byte 0x72, 0x00, 0x43, 0x00, 0x6f, 0x00, 0x75, 0x00, 0x6e, 0x00, 0x74, 0x00, 0x20, 0x00, 0x3d, 0x00
.byte 0x3d, 0x00, 0x20, 0x00, 0x30, 0x00, 0x00, 0x00
.globl _sym_00b90924
_sym_00b90924:
.byte 0x6d, 0x00, 0x5f, 0x00, 0x70, 0x00, 0x49, 0x00, 0x6e, 0x00, 0x66, 0x00, 0x6f, 0x00, 0x00, 0x00
.globl _sym_00b90934
_sym_00b90934:
.byte 0x6d, 0x00, 0x5f, 0x00, 0x70, 0x00, 0x54, 0x00, 0x72, 0x00, 0x61, 0x00, 0x63, 0x00, 0x6b, 0x00
.byte 0x73, 0x00, 0x00, 0x00
.globl _sym_00b90948
_sym_00b90948:
.byte 0x70, 0x00, 0x6f, 0x00, 0x73, 0x00, 0x20, 0x00, 0x3c, 0x00, 0x3d, 0x00, 0x20, 0x00, 0x73, 0x00
.byte 0x74, 0x00, 0x6f, 0x00, 0x70, 0x00, 0x00, 0x00
.globl _sym_00b90960
_sym_00b90960:
.byte 0x70, 0x00, 0x6f, 0x00, 0x73, 0x00, 0x20, 0x00, 0x3d, 0x00, 0x3d, 0x00, 0x20, 0x00, 0x73, 0x00
.byte 0x74, 0x00, 0x6f, 0x00, 0x70, 0x00, 0x00, 0x00
.globl _sym_00b90978
_sym_00b90978:
.byte 0x63, 0x00, 0x6f, 0x00, 0x75, 0x00, 0x6e, 0x00, 0x74, 0x00, 0x5f, 0x00, 0x20, 0x00, 0x3e, 0x00
.byte 0x3d, 0x00, 0x20, 0x00, 0x30, 0x00, 0x00, 0x00
.globl _sym_00b90990
_sym_00b90990:
.byte 0x63, 0x00, 0x6f, 0x00, 0x75, 0x00, 0x6e, 0x00, 0x74, 0x00, 0x5f, 0x00, 0x20, 0x00, 0x3c, 0x00
.byte 0x3d, 0x00, 0x20, 0x00, 0x65, 0x00, 0x6e, 0x00, 0x74, 0x00, 0x72, 0x00, 0x79, 0x00, 0x5f, 0x00
.byte 0x63, 0x00, 0x6f, 0x00, 0x75, 0x00, 0x6e, 0x00, 0x74, 0x00, 0x00, 0x00
.globl _sym_00b909bc
_sym_00b909bc:
.byte 0x63, 0x00, 0x6f, 0x00, 0x75, 0x00, 0x6e, 0x00, 0x74, 0x00, 0x5f, 0x00, 0x20, 0x00, 0x3c, 0x00
.byte 0x3d, 0x00, 0x20, 0x00, 0x76, 0x00, 0x6f, 0x00, 0x69, 0x00, 0x64, 0x00, 0x5f, 0x00, 0x65, 0x00
.byte 0x6c, 0x00, 0x65, 0x00, 0x6d, 0x00, 0x65, 0x00, 0x6e, 0x00, 0x74, 0x00, 0x5f, 0x00, 0x63, 0x00
.byte 0x6f, 0x00, 0x75, 0x00, 0x6e, 0x00, 0x74, 0x00, 0x00, 0x00, 0x00, 0x00
.globl _sym_00b909f8
_sym_00b909f8:
.byte 0x28, 0x00, 0x73, 0x00, 0x65, 0x00, 0x67, 0x00, 0x6d, 0x00, 0x65, 0x00, 0x6e, 0x00, 0x74, 0x00
.byte 0x5f, 0x00, 0x73, 0x00, 0x74, 0x00, 0x6f, 0x00, 0x70, 0x00, 0x20, 0x00, 0x3c, 0x00, 0x20, 0x00
.byte 0x30, 0x00, 0x29, 0x00, 0x20, 0x00, 0x7c, 0x00, 0x7c, 0x00, 0x20, 0x00, 0x28, 0x00, 0x70, 0x00
.byte 0x6f, 0x00, 0x73, 0x00, 0x20, 0x00, 0x3c, 0x00, 0x3d, 0x00, 0x20, 0x00, 0x73, 0x00, 0x65, 0x00
.byte 0x67, 0x00, 0x6d, 0x00, 0x65, 0x00, 0x6e, 0x00, 0x74, 0x00, 0x5f, 0x00, 0x73, 0x00, 0x74, 0x00
.byte 0x6f, 0x00, 0x70, 0x00, 0x29, 0x00, 0x00, 0x00
.globl _sym_00b90a50
_sym_00b90a50:
.byte 0x70, 0x00, 0x43, 0x00, 0x50, 0x00, 0x00, 0x00
.globl _sym_00b90a58
_sym_00b90a58:
.byte 0x6d, 0x00, 0x5f, 0x00, 0x63, 0x00, 0x6f, 0x00, 0x75, 0x00, 0x6e, 0x00, 0x74, 0x00, 0x20, 0x00
.byte 0x3d, 0x00, 0x3d, 0x00, 0x20, 0x00, 0x30, 0x00, 0x00, 0x00, 0x00, 0x00
.globl _sym_00b90a74
_sym_00b90a74:
.byte 0x6d, 0x00, 0x5f, 0x00, 0x70, 0x00, 0x72, 0x00, 0x65, 0x00, 0x6c, 0x00, 0x6f, 0x00, 0x61, 0x00
.byte 0x64, 0x00, 0x5f, 0x00, 0x63, 0x00, 0x6f, 0x00, 0x75, 0x00, 0x6e, 0x00, 0x74, 0x00, 0x20, 0x00
.byte 0x3d, 0x00, 0x3d, 0x00, 0x20, 0x00, 0x30, 0x00, 0x00, 0x00, 0x00, 0x00
.globl _sym_00b90aa0
_sym_00b90aa0:
.byte 0x28, 0x00, 0x70, 0x00, 0x6f, 0x00, 0x73, 0x00, 0x20, 0x00, 0x2b, 0x00, 0x20, 0x00, 0x6c, 0x00
.byte 0x65, 0x00, 0x6e, 0x00, 0x29, 0x00, 0x20, 0x00, 0x3c, 0x00, 0x3d, 0x00, 0x20, 0x00, 0x73, 0x00
.byte 0x74, 0x00, 0x6f, 0x00, 0x70, 0x00, 0x00, 0x00
.globl _sym_00b90ac8
_sym_00b90ac8:
.byte 0x28, 0x00, 0x70, 0x00, 0x6f, 0x00, 0x73, 0x00, 0x20, 0x00, 0x2b, 0x00, 0x20, 0x00, 0x73, 0x00
.byte 0x69, 0x00, 0x7a, 0x00, 0x65, 0x00, 0x29, 0x00, 0x20, 0x00, 0x3c, 0x00, 0x3d, 0x00, 0x20, 0x00
.byte 0x73, 0x00, 0x74, 0x00, 0x6f, 0x00, 0x70, 0x00, 0x00, 0x00, 0x00, 0x00
.globl _sym_00b90af4
_sym_00b90af4:
.byte 0x28, 0x00, 0x6d, 0x00, 0x5f, 0x00, 0x70, 0x00, 0x6f, 0x00, 0x73, 0x00, 0x20, 0x00, 0x2b, 0x00
.byte 0x20, 0x00, 0x6c, 0x00, 0x65, 0x00, 0x6e, 0x00, 0x29, 0x00, 0x20, 0x00, 0x3c, 0x00, 0x3d, 0x00
.byte 0x20, 0x00, 0x73, 0x00, 0x74, 0x00, 0x6f, 0x00, 0x70, 0x00, 0x00, 0x00
.globl _sym_00b90b20
_sym_00b90b20:
.byte 0x28, 0x00, 0x6d, 0x00, 0x5f, 0x00, 0x70, 0x00, 0x6f, 0x00, 0x73, 0x00, 0x20, 0x00, 0x2b, 0x00
.byte 0x20, 0x00, 0x73, 0x00, 0x69, 0x00, 0x7a, 0x00, 0x65, 0x00, 0x29, 0x00, 0x20, 0x00, 0x3c, 0x00
.byte 0x3d, 0x00, 0x20, 0x00, 0x73, 0x00, 0x74, 0x00, 0x6f, 0x00, 0x70, 0x00, 0x00, 0x00, 0x00, 0x00
.globl _sym_00b90b50
_sym_00b90b50:
.byte 0x6d, 0x00, 0x5f, 0x00, 0x70, 0x00, 0x6f, 0x00, 0x73, 0x00, 0x20, 0x00, 0x3c, 0x00, 0x3d, 0x00
.byte 0x20, 0x00, 0x73, 0x00, 0x74, 0x00, 0x6f, 0x00, 0x70, 0x00, 0x00, 0x00
.globl _sym_00b90b6c
_sym_00b90b6c:
.byte 0x6d, 0x00, 0x5f, 0x00, 0x70, 0x00, 0x72, 0x00, 0x65, 0x00, 0x6c, 0x00, 0x6f, 0x00, 0x61, 0x00
.byte 0x64, 0x00, 0x5f, 0x00, 0x63, 0x00, 0x6f, 0x00, 0x75, 0x00, 0x6e, 0x00, 0x74, 0x00, 0x20, 0x00
.byte 0x3e, 0x00, 0x20, 0x00, 0x30, 0x00, 0x00, 0x00, 0x00, 0x00, 0x00, 0x00
.globl _sym_00b90b98
_sym_00b90b98:
.byte 0x28, 0x00, 0x70, 0x00, 0x43, 0x00, 0x50, 0x00, 0x2d, 0x00, 0x3e, 0x00, 0x47, 0x00, 0x65, 0x00
.byte 0x74, 0x00, 0x54, 0x00, 0x69, 0x00, 0x6d, 0x00, 0x65, 0x00, 0x43, 0x00, 0x6f, 0x00, 0x64, 0x00
.byte 0x65, 0x00, 0x28, 0x00, 0x29, 0x00, 0x20, 0x00, 0x3e, 0x00, 0x3d, 0x00, 0x20, 0x00, 0x30, 0x00
.byte 0x29, 0x00, 0x20, 0x00, 0x7c, 0x00, 0x7c, 0x00, 0x20, 0x00, 0x28, 0x00, 0x2d, 0x00, 0x70, 0x00
.byte 0x43, 0x00, 0x50, 0x00, 0x2d, 0x00, 0x3e, 0x00, 0x47, 0x00, 0x65, 0x00, 0x74, 0x00, 0x54, 0x00
.byte 0x69, 0x00, 0x6d, 0x00, 0x65, 0x00, 0x43, 0x00, 0x6f, 0x00, 0x64, 0x00, 0x65, 0x00, 0x28, 0x00
.byte 0x29, 0x00, 0x20, 0x00, 0x3d, 0x00, 0x3d, 0x00, 0x20, 0x00, 0x69, 0x00, 0x64, 0x00, 0x70, 0x00
.byte 0x6f, 0x00, 0x73, 0x00, 0x29, 0x00, 0x00, 0x00
.globl _sym_00b90c10
_sym_00b90c10:
.byte 0x74, 0x00, 0x69, 0x00, 0x6d, 0x00, 0x65, 0x00, 0x5f, 0x00, 0x6e, 0x00, 0x73, 0x00, 0x20, 0x00
.byte 0x3e, 0x00, 0x3d, 0x00, 0x20, 0x00, 0x30, 0x00, 0x00, 0x00, 0x00, 0x00
.globl _sym_00b90c2c
_sym_00b90c2c:
.byte 0x70, 0x00, 0x54, 0x00, 0x72, 0x00, 0x61, 0x00, 0x63, 0x00, 0x6b, 0x00, 0x00, 0x00, 0x00, 0x00
.globl _sym_00b90c3c
_sym_00b90c3c:
.byte 0x6b, 0x00, 0x20, 0x00, 0x3c, 0x00, 0x20, 0x00, 0x6a, 0x00, 0x6a, 0x00, 0x00, 0x00, 0x00, 0x00
.globl _sym_00b90c4c
_sym_00b90c4c:
.byte 0x69, 0x00, 0x20, 0x00, 0x3c, 0x00, 0x3d, 0x00, 0x20, 0x00, 0x6a, 0x00, 0x00, 0x00, 0x00, 0x00
.globl _sym_00b90c5c
_sym_00b90c5c:
.byte 0x69, 0x00, 0x20, 0x00, 0x3d, 0x00, 0x3d, 0x00, 0x20, 0x00, 0x6a, 0x00, 0x00, 0x00, 0x00, 0x00
.globl _sym_00b90c6c
_sym_00b90c6c:
.byte 0x69, 0x00, 0x20, 0x00, 0x3c, 0x00, 0x3d, 0x00, 0x20, 0x00, 0x6a, 0x00, 0x6a, 0x00, 0x00, 0x00
.globl _sym_00b90c7c
_sym_00b90c7c:
.byte 0x69, 0x00, 0x20, 0x00, 0x3e, 0x00, 0x20, 0x00, 0x69, 0x00, 0x69, 0x00, 0x00, 0x00, 0x00, 0x00
.byte 0x00, 0x00, 0x00, 0x00
.globl _sym_00b90c90
_sym_00b90c90:
.byte 0x70, 0x00, 0x43, 0x00, 0x50, 0x00, 0x2d, 0x00, 0x3e, 0x00, 0x47, 0x00, 0x65, 0x00, 0x74, 0x00
.byte 0x54, 0x00, 0x69, 0x00, 0x6d, 0x00, 0x65, 0x00, 0x28, 0x00, 0x6d, 0x00, 0x5f, 0x00, 0x70, 0x00
.byte 0x53, 0x00, 0x65, 0x00, 0x67, 0x00, 0x6d, 0x00, 0x65, 0x00, 0x6e, 0x00, 0x74, 0x00, 0x29, 0x00
.byte 0x20, 0x00, 0x3c, 0x00, 0x3d, 0x00, 0x20, 0x00, 0x74, 0x00, 0x69, 0x00, 0x6d, 0x00, 0x65, 0x00
.byte 0x5f, 0x00, 0x6e, 0x00, 0x73, 0x00, 0x00, 0x00
.globl _sym_00b90cd8
_sym_00b90cd8:
.byte 0x70, 0x00, 0x70, 0x00, 0x00, 0x00, 0x00, 0x00
.globl _sym_00b90ce0
_sym_00b90ce0:
.byte 0x70, 0x00, 0x43, 0x00, 0x50, 0x00, 0x2d, 0x00, 0x3e, 0x00, 0x47, 0x00, 0x65, 0x00, 0x74, 0x00
.byte 0x54, 0x00, 0x69, 0x00, 0x6d, 0x00, 0x65, 0x00, 0x43, 0x00, 0x6f, 0x00, 0x64, 0x00, 0x65, 0x00
.byte 0x28, 0x00, 0x29, 0x00, 0x20, 0x00, 0x3e, 0x00, 0x3d, 0x00, 0x20, 0x00, 0x30, 0x00, 0x00, 0x00
.globl _sym_00b90d10
_sym_00b90d10:
.byte 0x70, 0x00, 0x43, 0x00, 0x75, 0x00, 0x72, 0x00, 0x72, 0x00, 0x2d, 0x00, 0x3e, 0x00, 0x47, 0x00
.byte 0x65, 0x00, 0x74, 0x00, 0x54, 0x00, 0x69, 0x00, 0x6d, 0x00, 0x65, 0x00, 0x43, 0x00, 0x6f, 0x00
.byte 0x64, 0x00, 0x65, 0x00, 0x28, 0x00, 0x29, 0x00, 0x20, 0x00, 0x3e, 0x00, 0x3d, 0x00, 0x20, 0x00
.byte 0x30, 0x00, 0x00, 0x00
.globl _sym_00b90d44
_sym_00b90d44:
.byte 0x6d, 0x00, 0x5f, 0x00, 0x63, 0x00, 0x75, 0x00, 0x65, 0x00, 0x5f, 0x00, 0x70, 0x00, 0x6f, 0x00
.byte 0x69, 0x00, 0x6e, 0x00, 0x74, 0x00, 0x73, 0x00, 0x00, 0x00, 0x00, 0x00
.globl _sym_00b90d60
_sym_00b90d60:
.byte 0x6d, 0x00, 0x5f, 0x00, 0x63, 0x00, 0x6f, 0x00, 0x75, 0x00, 0x6e, 0x00, 0x74, 0x00, 0x20, 0x00
.byte 0x3e, 0x00, 0x3d, 0x00, 0x20, 0x00, 0x31, 0x00, 0x00, 0x00, 0x00, 0x00
.globl _sym_00b90d7c
_sym_00b90d7c:
.byte 0x69, 0x00, 0x6e, 0x00, 0x64, 0x00, 0x65, 0x00, 0x78, 0x00, 0x20, 0x00, 0x3c, 0x00, 0x20, 0x00
.byte 0x6d, 0x00, 0x5f, 0x00, 0x63, 0x00, 0x6f, 0x00, 0x75, 0x00, 0x6e, 0x00, 0x74, 0x00, 0x00, 0x00
.globl _sym_00b90d9c
_sym_00b90d9c:
.byte 0x70, 0x00, 0x70, 0x00, 0x5b, 0x00, 0x69, 0x00, 0x6e, 0x00, 0x64, 0x00, 0x65, 0x00, 0x78, 0x00
.byte 0x5d, 0x00, 0x20, 0x00, 0x3d, 0x00, 0x3d, 0x00, 0x20, 0x00, 0x70, 0x00, 0x43, 0x00, 0x75, 0x00
.byte 0x72, 0x00, 0x72, 0x00, 0x00, 0x00, 0x00, 0x00
.globl _sym_00b90dc4
_sym_00b90dc4:
.byte 0x70, 0x00, 0x4e, 0x00, 0x65, 0x00, 0x78, 0x00, 0x74, 0x00, 0x00, 0x00
.globl _sym_00b90dd0
_sym_00b90dd0:
.byte 0x70, 0x00, 0x4e, 0x00, 0x65, 0x00, 0x78, 0x00, 0x74, 0x00, 0x2d, 0x00, 0x3e, 0x00, 0x47, 0x00
.byte 0x65, 0x00, 0x74, 0x00, 0x54, 0x00, 0x69, 0x00, 0x6d, 0x00, 0x65, 0x00, 0x43, 0x00, 0x6f, 0x00
.byte 0x64, 0x00, 0x65, 0x00, 0x28, 0x00, 0x29, 0x00, 0x20, 0x00, 0x3e, 0x00, 0x3d, 0x00, 0x20, 0x00
.byte 0x30, 0x00, 0x00, 0x00
.globl _sym_00b90e04
_sym_00b90e04:
.byte 0x6d, 0x00, 0x5f, 0x00, 0x63, 0x00, 0x6c, 0x00, 0x75, 0x00, 0x73, 0x00, 0x74, 0x00, 0x65, 0x00
.byte 0x72, 0x00, 0x50, 0x00, 0x72, 0x00, 0x65, 0x00, 0x6c, 0x00, 0x6f, 0x00, 0x61, 0x00, 0x64, 0x00
.byte 0x43, 0x00, 0x6f, 0x00, 0x75, 0x00, 0x6e, 0x00, 0x74, 0x00, 0x20, 0x00, 0x3e, 0x00, 0x20, 0x00
.byte 0x30, 0x00, 0x00, 0x00
.globl _sym_00b90e38
_sym_00b90e38:
.byte 0x70, 0x00, 0x6f, 0x00, 0x73, 0x00, 0x20, 0x00, 0x3e, 0x00, 0x20, 0x00, 0x30, 0x00, 0x00, 0x00
.globl _sym_00b90e48
_sym_00b90e48:
.byte 0x6d, 0x00, 0x5f, 0x00, 0x74, 0x00, 0x72, 0x00, 0x61, 0x00, 0x63, 0x00, 0x6b, 0x00, 0x5f, 0x00
.byte 0x70, 0x00, 0x6f, 0x00, 0x73, 0x00, 0x69, 0x00, 0x74, 0x00, 0x69, 0x00, 0x6f, 0x00, 0x6e, 0x00
.byte 0x73, 0x00, 0x20, 0x00, 0x3d, 0x00, 0x3d, 0x00, 0x20, 0x00, 0x4e, 0x00, 0x55, 0x00, 0x4c, 0x00
.byte 0x4c, 0x00, 0x00, 0x00
.globl _sym_00b90e7c
_sym_00b90e7c:
.byte 0x6d, 0x00, 0x5f, 0x00, 0x74, 0x00, 0x72, 0x00, 0x61, 0x00, 0x63, 0x00, 0x6b, 0x00, 0x5f, 0x00
.byte 0x70, 0x00, 0x6f, 0x00, 0x73, 0x00, 0x69, 0x00, 0x74, 0x00, 0x69, 0x00, 0x6f, 0x00, 0x6e, 0x00
.byte 0x73, 0x00, 0x5f, 0x00, 0x63, 0x00, 0x6f, 0x00, 0x75, 0x00, 0x6e, 0x00, 0x74, 0x00, 0x20, 0x00
.byte 0x3d, 0x00, 0x3d, 0x00, 0x20, 0x00, 0x30, 0x00, 0x00, 0x00, 0x00, 0x00
.globl _sym_00b90eb8
_sym_00b90eb8:
.byte 0x69, 0x00, 0x64, 0x00, 0x20, 0x00, 0x3d, 0x00, 0x3d, 0x00, 0x20, 0x00, 0x30, 0x00, 0x78, 0x00
.byte 0x33, 0x00, 0x42, 0x00, 0x00, 0x00, 0x00, 0x00
.globl _sym_00b90ed0
_sym_00b90ed0:
.byte 0x6d, 0x00, 0x5f, 0x00, 0x74, 0x00, 0x69, 0x00, 0x6d, 0x00, 0x65, 0x00, 0x63, 0x00, 0x6f, 0x00
.byte 0x64, 0x00, 0x65, 0x00, 0x20, 0x00, 0x3e, 0x00, 0x3d, 0x00, 0x20, 0x00, 0x30, 0x00, 0x00, 0x00
.globl _sym_00b90ef0
_sym_00b90ef0:
.byte 0x6d, 0x00, 0x5f, 0x00, 0x74, 0x00, 0x72, 0x00, 0x61, 0x00, 0x63, 0x00, 0x6b, 0x00, 0x5f, 0x00
.byte 0x70, 0x00, 0x6f, 0x00, 0x73, 0x00, 0x69, 0x00, 0x74, 0x00, 0x69, 0x00, 0x6f, 0x00, 0x6e, 0x00
.byte 0x73, 0x00, 0x5f, 0x00, 0x63, 0x00, 0x6f, 0x00, 0x75, 0x00, 0x6e, 0x00, 0x74, 0x00, 0x20, 0x00
.byte 0x3e, 0x00, 0x20, 0x00, 0x30, 0x00, 0x00, 0x00
.globl _sym_00b90f28
_sym_00b90f28:
.byte 0x73, 0x00, 0x69, 0x00, 0x7a, 0x00, 0x65, 0x00, 0x5f, 0x00, 0x74, 0x00, 0x28, 0x00, 0x70, 0x00
.byte 0x20, 0x00, 0x2d, 0x00, 0x20, 0x00, 0x6d, 0x00, 0x5f, 0x00, 0x74, 0x00, 0x72, 0x00, 0x61, 0x00
.byte 0x63, 0x00, 0x6b, 0x00, 0x5f, 0x00, 0x70, 0x00, 0x6f, 0x00, 0x73, 0x00, 0x69, 0x00, 0x74, 0x00
.byte 0x69, 0x00, 0x6f, 0x00, 0x6e, 0x00, 0x73, 0x00, 0x29, 0x00, 0x20, 0x00, 0x3d, 0x00, 0x3d, 0x00
.byte 0x20, 0x00, 0x6d, 0x00, 0x5f, 0x00, 0x74, 0x00, 0x72, 0x00, 0x61, 0x00, 0x63, 0x00, 0x6b, 0x00
.byte 0x5f, 0x00, 0x70, 0x00, 0x6f, 0x00, 0x73, 0x00, 0x69, 0x00, 0x74, 0x00, 0x69, 0x00, 0x6f, 0x00
.byte 0x6e, 0x00, 0x73, 0x00, 0x5f, 0x00, 0x63, 0x00, 0x6f, 0x00, 0x75, 0x00, 0x6e, 0x00, 0x74, 0x00
.byte 0x00, 0x00, 0x00, 0x00
.globl _sym_00b90f9c
_sym_00b90f9c:
.byte 0x6d, 0x00, 0x5f, 0x00, 0x70, 0x00, 0x6f, 0x00, 0x73, 0x00, 0x20, 0x00, 0x3e, 0x00, 0x3d, 0x00
.byte 0x20, 0x00, 0x30, 0x00, 0x00, 0x00, 0x00, 0x00
.globl _sym_00b90fb4
_sym_00b90fb4:
.byte 0x6d, 0x00, 0x5f, 0x00, 0x74, 0x00, 0x72, 0x00, 0x61, 0x00, 0x63, 0x00, 0x6b, 0x00, 0x20, 0x00
.byte 0x3e, 0x00, 0x20, 0x00, 0x30, 0x00, 0x00, 0x00
.globl _sym_00b90fcc
_sym_00b90fcc:
.byte 0x70, 0x00, 0x53, 0x00, 0x65, 0x00, 0x67, 0x00, 0x6d, 0x00, 0x65, 0x00, 0x6e, 0x00, 0x74, 0x00
.byte 0x00, 0x00, 0x00, 0x00
.globl _sym_00b90fe0
_sym_00b90fe0:
.byte 0x70, 0x00, 0x49, 0x00, 0x6e, 0x00, 0x66, 0x00, 0x6f, 0x00, 0x00, 0x00
.globl _sym_00b90fec
_sym_00b90fec:
.byte 0x73, 0x00, 0x63, 0x00, 0x61, 0x00, 0x6c, 0x00, 0x65, 0x00, 0x20, 0x00, 0x3e, 0x00, 0x3d, 0x00
.byte 0x20, 0x00, 0x31, 0x00, 0x00, 0x00, 0x00, 0x00
.globl _sym_00b91004
_sym_00b91004:
.byte 0x70, 0x00, 0x43, 0x00, 0x75, 0x00, 0x72, 0x00, 0x72, 0x00, 0x00, 0x00
.globl _sym_00b91010
_sym_00b91010:
.byte 0x70, 0x00, 0x43, 0x00, 0x75, 0x00, 0x72, 0x00, 0x72, 0x00, 0x20, 0x00, 0x21, 0x00, 0x3d, 0x00
.byte 0x20, 0x00, 0x26, 0x00, 0x6d, 0x00, 0x5f, 0x00, 0x65, 0x00, 0x6f, 0x00, 0x73, 0x00, 0x00, 0x00
.globl _sym_00b91030
_sym_00b91030:
.byte 0x6d, 0x00, 0x5f, 0x00, 0x63, 0x00, 0x6c, 0x00, 0x75, 0x00, 0x73, 0x00, 0x74, 0x00, 0x65, 0x00
.byte 0x72, 0x00, 0x43, 0x00, 0x6f, 0x00, 0x75, 0x00, 0x6e, 0x00, 0x74, 0x00, 0x20, 0x00, 0x3e, 0x00
.byte 0x20, 0x00, 0x30, 0x00, 0x00, 0x00, 0x00, 0x00
.globl _sym_00b91058
_sym_00b91058:
.byte 0x69, 0x00, 0x64, 0x00, 0x78, 0x00, 0x20, 0x00, 0x3c, 0x00, 0x20, 0x00, 0x6d, 0x00, 0x5f, 0x00
.byte 0x63, 0x00, 0x6c, 0x00, 0x75, 0x00, 0x73, 0x00, 0x74, 0x00, 0x65, 0x00, 0x72, 0x00, 0x43, 0x00
.byte 0x6f, 0x00, 0x75, 0x00, 0x6e, 0x00, 0x74, 0x00, 0x00, 0x00, 0x00, 0x00
.globl _sym_00b91084
_sym_00b91084:
.byte 0x70, 0x00, 0x43, 0x00, 0x75, 0x00, 0x72, 0x00, 0x72, 0x00, 0x20, 0x00, 0x3d, 0x00, 0x3d, 0x00
.byte 0x20, 0x00, 0x6d, 0x00, 0x5f, 0x00, 0x63, 0x00, 0x6c, 0x00, 0x75, 0x00, 0x73, 0x00, 0x74, 0x00
.byte 0x65, 0x00, 0x72, 0x00, 0x73, 0x00, 0x5b, 0x00, 0x69, 0x00, 0x64, 0x00, 0x78, 0x00, 0x5d, 0x00
.byte 0x00, 0x00, 0x00, 0x00
.globl _sym_00b910b8
_sym_00b910b8:
.byte 0x70, 0x00, 0x4e, 0x00, 0x65, 0x00, 0x78, 0x00, 0x74, 0x00, 0x2d, 0x00, 0x3e, 0x00, 0x6d, 0x00
.byte 0x5f, 0x00, 0x69, 0x00, 0x6e, 0x00, 0x64, 0x00, 0x65, 0x00, 0x78, 0x00, 0x20, 0x00, 0x3e, 0x00
.byte 0x3d, 0x00, 0x20, 0x00, 0x30, 0x00, 0x00, 0x00
.globl _sym_00b910e0
_sym_00b910e0:
.byte 0x70, 0x00, 0x4e, 0x00, 0x65, 0x00, 0x78, 0x00, 0x74, 0x00, 0x2d, 0x00, 0x3e, 0x00, 0x6d, 0x00
.byte 0x5f, 0x00, 0x69, 0x00, 0x6e, 0x00, 0x64, 0x00, 0x65, 0x00, 0x78, 0x00, 0x20, 0x00, 0x3d, 0x00
.byte 0x3d, 0x00, 0x20, 0x00, 0x69, 0x00, 0x64, 0x00, 0x78, 0x00, 0x00, 0x00
.globl _sym_00b9110c
_sym_00b9110c:
.byte 0x6d, 0x00, 0x5f, 0x00, 0x73, 0x00, 0x69, 0x00, 0x7a, 0x00, 0x65, 0x00, 0x20, 0x00, 0x3e, 0x00
.byte 0x3d, 0x00, 0x20, 0x00, 0x30, 0x00, 0x00, 0x00
.globl _sym_00b91124
_sym_00b91124:
.byte 0x72, 0x00, 0x65, 0x00, 0x73, 0x00, 0x75, 0x00, 0x6c, 0x00, 0x74, 0x00, 0x20, 0x00, 0x3d, 0x00
.byte 0x3d, 0x00, 0x20, 0x00, 0x30, 0x00, 0x00, 0x00
.globl _sym_00b9113c
_sym_00b9113c:
.byte 0x69, 0x00, 0x64, 0x00, 0x20, 0x00, 0x3d, 0x00, 0x3d, 0x00, 0x20, 0x00, 0x30, 0x00, 0x78, 0x00
.byte 0x30, 0x00, 0x46, 0x00, 0x34, 0x00, 0x33, 0x00, 0x42, 0x00, 0x36, 0x00, 0x37, 0x00, 0x35, 0x00
.byte 0x00, 0x00, 0x00, 0x00
.globl _sym_00b91160
_sym_00b91160:
.byte 0x69, 0x00, 0x64, 0x00, 0x20, 0x00, 0x3e, 0x00, 0x20, 0x00, 0x30, 0x00, 0x00, 0x00, 0x00, 0x00
.globl _sym_00b91170
_sym_00b91170:
.byte 0x70, 0x00, 0x4e, 0x00, 0x65, 0x00, 0x78, 0x00, 0x74, 0x00, 0x2d, 0x00, 0x3e, 0x00, 0x6d, 0x00
.byte 0x5f, 0x00, 0x69, 0x00, 0x6e, 0x00, 0x64, 0x00, 0x65, 0x00, 0x78, 0x00, 0x20, 0x00, 0x3c, 0x00
.byte 0x20, 0x00, 0x30, 0x00, 0x00, 0x00, 0x00, 0x00
.globl _sym_00b91198
_sym_00b91198:
.byte 0x69, 0x00, 0x64, 0x00, 0x78, 0x00, 0x5f, 0x00, 0x6e, 0x00, 0x65, 0x00, 0x78, 0x00, 0x74, 0x00
.byte 0x20, 0x00, 0x3c, 0x00, 0x20, 0x00, 0x6d, 0x00, 0x5f, 0x00, 0x63, 0x00, 0x6c, 0x00, 0x75, 0x00
.byte 0x73, 0x00, 0x74, 0x00, 0x65, 0x00, 0x72, 0x00, 0x53, 0x00, 0x69, 0x00, 0x7a, 0x00, 0x65, 0x00
.byte 0x00, 0x00, 0x00, 0x00
.globl _sym_00b911cc
_sym_00b911cc:
.byte 0x6d, 0x00, 0x5f, 0x00, 0x63, 0x00, 0x6c, 0x00, 0x75, 0x00, 0x73, 0x00, 0x74, 0x00, 0x65, 0x00
.byte 0x72, 0x00, 0x73, 0x00, 0x5b, 0x00, 0x69, 0x00, 0x64, 0x00, 0x78, 0x00, 0x5f, 0x00, 0x6e, 0x00
.byte 0x65, 0x00, 0x78, 0x00, 0x74, 0x00, 0x5d, 0x00, 0x20, 0x00, 0x3d, 0x00, 0x3d, 0x00, 0x20, 0x00
.byte 0x70, 0x00, 0x4e, 0x00, 0x65, 0x00, 0x78, 0x00, 0x74, 0x00, 0x00, 0x00
.globl _sym_00b91208
_sym_00b91208:
.byte 0x21, 0x00, 0x70, 0x00, 0x43, 0x00, 0x75, 0x00, 0x72, 0x00, 0x72, 0x00, 0x2d, 0x00, 0x3e, 0x00
.byte 0x45, 0x00, 0x4f, 0x00, 0x53, 0x00, 0x28, 0x00, 0x29, 0x00, 0x00, 0x00, 0x00, 0x00, 0x00, 0x00
.globl _sym_00b91228
_sym_00b91228:
.byte 0x6d, 0x00, 0x5f, 0x00, 0x63, 0x00, 0x6c, 0x00, 0x75, 0x00, 0x73, 0x00, 0x74, 0x00, 0x65, 0x00
.byte 0x72, 0x00, 0x73, 0x00, 0x5b, 0x00, 0x70, 0x00, 0x43, 0x00, 0x75, 0x00, 0x72, 0x00, 0x72, 0x00
.byte 0x2d, 0x00, 0x3e, 0x00, 0x6d, 0x00, 0x5f, 0x00, 0x69, 0x00, 0x6e, 0x00, 0x64, 0x00, 0x65, 0x00
.byte 0x78, 0x00, 0x5d, 0x00, 0x20, 0x00, 0x3d, 0x00, 0x3d, 0x00, 0x20, 0x00, 0x70, 0x00, 0x43, 0x00
.byte 0x75, 0x00, 0x72, 0x00, 0x72, 0x00, 0x00, 0x00
.globl _sym_00b91270
_sym_00b91270:
.byte 0x6d, 0x00, 0x5f, 0x00, 0x70, 0x00, 0x6f, 0x00, 0x73, 0x00, 0x20, 0x00, 0x3e, 0x00, 0x20, 0x00
.byte 0x30, 0x00, 0x00, 0x00
.globl _sym_00b91284
_sym_00b91284:
.byte 0x6f, 0x00, 0x66, 0x00, 0x66, 0x00, 0x5f, 0x00, 0x6e, 0x00, 0x65, 0x00, 0x78, 0x00, 0x74, 0x00
.byte 0x20, 0x00, 0x3e, 0x00, 0x20, 0x00, 0x30, 0x00, 0x00, 0x00, 0x00, 0x00
.globl _sym_00b912a0
_sym_00b912a0:
.byte 0x63, 0x00, 0x6c, 0x00, 0x75, 0x00, 0x73, 0x00, 0x74, 0x00, 0x65, 0x00, 0x72, 0x00, 0x5f, 0x00
.byte 0x73, 0x00, 0x69, 0x00, 0x7a, 0x00, 0x65, 0x00, 0x20, 0x00, 0x3e, 0x00, 0x3d, 0x00, 0x20, 0x00
.byte 0x30, 0x00, 0x00, 0x00
.globl _sym_00b912c4
_sym_00b912c4:
.byte 0x70, 0x00, 0x43, 0x00, 0x6c, 0x00, 0x75, 0x00, 0x73, 0x00, 0x74, 0x00, 0x65, 0x00, 0x72, 0x00
.byte 0x2d, 0x00, 0x3e, 0x00, 0x6d, 0x00, 0x5f, 0x00, 0x69, 0x00, 0x6e, 0x00, 0x64, 0x00, 0x65, 0x00
.byte 0x78, 0x00, 0x20, 0x00, 0x3d, 0x00, 0x3d, 0x00, 0x20, 0x00, 0x30, 0x00, 0x00, 0x00, 0x00, 0x00
.globl _sym_00b912f4
_sym_00b912f4:
.byte 0x6b, 0x00, 0x20, 0x00, 0x3c, 0x00, 0x20, 0x00, 0x6d, 0x00, 0x5f, 0x00, 0x63, 0x00, 0x6c, 0x00
.byte 0x75, 0x00, 0x73, 0x00, 0x74, 0x00, 0x65, 0x00, 0x72, 0x00, 0x43, 0x00, 0x6f, 0x00, 0x75, 0x00
.byte 0x6e, 0x00, 0x74, 0x00, 0x00, 0x00, 0x00, 0x00
.globl _sym_00b9131c
_sym_00b9131c:
.byte 0x70, 0x00, 0x43, 0x00, 0x6c, 0x00, 0x75, 0x00, 0x73, 0x00, 0x74, 0x00, 0x65, 0x00, 0x72, 0x00
.byte 0x2d, 0x00, 0x3e, 0x00, 0x6d, 0x00, 0x5f, 0x00, 0x69, 0x00, 0x6e, 0x00, 0x64, 0x00, 0x65, 0x00
.byte 0x78, 0x00, 0x20, 0x00, 0x3d, 0x00, 0x3d, 0x00, 0x20, 0x00, 0x6b, 0x00, 0x00, 0x00, 0x00, 0x00
.globl _sym_00b9134c
_sym_00b9134c:
.byte 0x69, 0x00, 0x20, 0x00, 0x3e, 0x00, 0x20, 0x00, 0x30, 0x00, 0x00, 0x00
.globl _sym_00b91358
_sym_00b91358:
.byte 0x69, 0x00, 0x20, 0x00, 0x3c, 0x00, 0x3d, 0x00, 0x20, 0x00, 0x6d, 0x00, 0x5f, 0x00, 0x63, 0x00
.byte 0x6c, 0x00, 0x75, 0x00, 0x73, 0x00, 0x74, 0x00, 0x65, 0x00, 0x72, 0x00, 0x43, 0x00, 0x6f, 0x00
.byte 0x75, 0x00, 0x6e, 0x00, 0x74, 0x00, 0x00, 0x00
.globl _sym_00b91380
_sym_00b91380:
.byte 0x70, 0x00, 0x43, 0x00, 0x6c, 0x00, 0x75, 0x00, 0x73, 0x00, 0x74, 0x00, 0x65, 0x00, 0x72, 0x00
.byte 0x2d, 0x00, 0x3e, 0x00, 0x47, 0x00, 0x65, 0x00, 0x74, 0x00, 0x54, 0x00, 0x69, 0x00, 0x6d, 0x00
.byte 0x65, 0x00, 0x28, 0x00, 0x29, 0x00, 0x20, 0x00, 0x3c, 0x00, 0x3d, 0x00, 0x20, 0x00, 0x74, 0x00
.byte 0x69, 0x00, 0x6d, 0x00, 0x65, 0x00, 0x5f, 0x00, 0x6e, 0x00, 0x73, 0x00, 0x00, 0x00, 0x00, 0x00
.globl _sym_00b913c0
_sym_00b913c0:
.byte 0x6d, 0x00, 0x5f, 0x00, 0x70, 0x00, 0x4d, 0x00, 0x75, 0x00, 0x78, 0x00, 0x69, 0x00, 0x6e, 0x00
.byte 0x67, 0x00, 0x41, 0x00, 0x70, 0x00, 0x70, 0x00, 0x41, 0x00, 0x73, 0x00, 0x55, 0x00, 0x54, 0x00
.byte 0x46, 0x00, 0x38, 0x00, 0x20, 0x00, 0x3d, 0x00, 0x3d, 0x00, 0x20, 0x00, 0x4e, 0x00, 0x55, 0x00
.byte 0x4c, 0x00, 0x4c, 0x00, 0x00, 0x00, 0x00, 0x00
.globl _sym_00b913f8
_sym_00b913f8:
.byte 0x6d, 0x00, 0x5f, 0x00, 0x70, 0x00, 0x57, 0x00, 0x72, 0x00, 0x69, 0x00, 0x74, 0x00, 0x69, 0x00
.byte 0x6e, 0x00, 0x67, 0x00, 0x41, 0x00, 0x70, 0x00, 0x70, 0x00, 0x41, 0x00, 0x73, 0x00, 0x55, 0x00
.byte 0x54, 0x00, 0x46, 0x00, 0x38, 0x00, 0x20, 0x00, 0x3d, 0x00, 0x3d, 0x00, 0x20, 0x00, 0x4e, 0x00
.byte 0x55, 0x00, 0x4c, 0x00, 0x4c, 0x00, 0x00, 0x00
.globl _sym_00b91430
_sym_00b91430:
.byte 0x6d, 0x00, 0x5f, 0x00, 0x70, 0x00, 0x54, 0x00, 0x69, 0x00, 0x74, 0x00, 0x6c, 0x00, 0x65, 0x00
.byte 0x41, 0x00, 0x73, 0x00, 0x55, 0x00, 0x54, 0x00, 0x46, 0x00, 0x38, 0x00, 0x20, 0x00, 0x3d, 0x00
.byte 0x3d, 0x00, 0x20, 0x00, 0x4e, 0x00, 0x55, 0x00, 0x4c, 0x00, 0x4c, 0x00, 0x00, 0x00, 0x00, 0x00
.globl _sym_00b91460
_sym_00b91460:
.byte 0x6d, 0x00, 0x5f, 0x00, 0x74, 0x00, 0x69, 0x00, 0x6d, 0x00, 0x65, 0x00, 0x63, 0x00, 0x6f, 0x00
.byte 0x64, 0x00, 0x65, 0x00, 0x53, 0x00, 0x63, 0x00, 0x61, 0x00, 0x6c, 0x00, 0x65, 0x00, 0x20, 0x00
.byte 0x3e, 0x00, 0x3d, 0x00, 0x20, 0x00, 0x31, 0x00, 0x00, 0x00, 0x00, 0x00
.globl _sym_00b9148c
_sym_00b9148c:
.byte 0x63, 0x00, 0x6f, 0x00, 0x75, 0x00, 0x6e, 0x00, 0x74, 0x00, 0x20, 0x00, 0x3e, 0x00, 0x3d, 0x00
.byte 0x20, 0x00, 0x30, 0x00, 0x00, 0x00, 0x00, 0x00
.globl _sym_00b914a4
_sym_00b914a4:
.byte 0x61, 0x00, 0x65, 0x00, 0x73, 0x00, 0x00, 0x00
.globl _sym_00b914ac
_sym_00b914ac:
.byte 0x63, 0x00, 0x6f, 0x00, 0x6d, 0x00, 0x70, 0x00, 0x72, 0x00, 0x65, 0x00, 0x73, 0x00, 0x73, 0x00
.byte 0x69, 0x00, 0x6f, 0x00, 0x6e, 0x00, 0x00, 0x00
.globl _sym_00b914c4
_sym_00b914c4:
.byte 0x65, 0x00, 0x6e, 0x00, 0x63, 0x00, 0x72, 0x00, 0x79, 0x00, 0x70, 0x00, 0x74, 0x00, 0x69, 0x00
.byte 0x6f, 0x00, 0x6e, 0x00, 0x00, 0x00, 0x00, 0x00
.globl _sym_00b914dc
_sym_00b914dc:
.byte 0x70, 0x00, 0x42, 0x00, 0x6c, 0x00, 0x6f, 0x00, 0x63, 0x00, 0x6b, 0x00, 0x00, 0x00, 0x00, 0x00
.globl _sym_00b914ec
_sym_00b914ec:
.byte 0x70, 0x00, 0x43, 0x00, 0x75, 0x00, 0x72, 0x00, 0x72, 0x00, 0x45, 0x00, 0x6e, 0x00, 0x74, 0x00
.byte 0x72, 0x00, 0x79, 0x00, 0x00, 0x00, 0x00, 0x00
.globl _sym_00b91504
_sym_00b91504:
.byte 0x21, 0x00, 0x70, 0x00, 0x43, 0x00, 0x75, 0x00, 0x72, 0x00, 0x72, 0x00, 0x45, 0x00, 0x6e, 0x00
.byte 0x74, 0x00, 0x72, 0x00, 0x79, 0x00, 0x2d, 0x00, 0x3e, 0x00, 0x45, 0x00, 0x4f, 0x00, 0x53, 0x00
.byte 0x28, 0x00, 0x29, 0x00, 0x00, 0x00, 0x00, 0x00, 0x00, 0x00, 0x00, 0x00
.globl _sym_00b91530
_sym_00b91530:
.byte 0x70, 0x00, 0x43, 0x00, 0x75, 0x00, 0x72, 0x00, 0x72, 0x00, 0x42, 0x00, 0x6c, 0x00, 0x6f, 0x00
.byte 0x63, 0x00, 0x6b, 0x00, 0x20, 0x00, 0x26, 0x00, 0x26, 0x00, 0x20, 0x00, 0x70, 0x00, 0x43, 0x00
.byte 0x75, 0x00, 0x72, 0x00, 0x72, 0x00, 0x42, 0x00, 0x6c, 0x00, 0x6f, 0x00, 0x63, 0x00, 0x6b, 0x00
.byte 0x2d, 0x00, 0x3e, 0x00, 0x47, 0x00, 0x65, 0x00, 0x74, 0x00, 0x54, 0x00, 0x72, 0x00, 0x61, 0x00
.byte 0x63, 0x00, 0x6b, 0x00, 0x4e, 0x00, 0x75, 0x00, 0x6d, 0x00, 0x62, 0x00, 0x65, 0x00, 0x72, 0x00
.byte 0x28, 0x00, 0x29, 0x00, 0x20, 0x00, 0x3d, 0x00, 0x3d, 0x00, 0x20, 0x00, 0x6d, 0x00, 0x5f, 0x00
.byte 0x69, 0x00, 0x6e, 0x00, 0x66, 0x00, 0x6f, 0x00, 0x2e, 0x00, 0x6e, 0x00, 0x75, 0x00, 0x6d, 0x00
.byte 0x62, 0x00, 0x65, 0x00, 0x72, 0x00, 0x00, 0x00
.globl _sym_00b915a8
_sym_00b915a8:
.byte 0x21, 0x00, 0x70, 0x00, 0x43, 0x00, 0x6c, 0x00, 0x75, 0x00, 0x73, 0x00, 0x74, 0x00, 0x65, 0x00
.byte 0x72, 0x00, 0x2d, 0x00, 0x3e, 0x00, 0x45, 0x00, 0x4f, 0x00, 0x53, 0x00, 0x28, 0x00, 0x29, 0x00
.byte 0x00, 0x00, 0x00, 0x00
.globl _sym_00b915cc
_sym_00b915cc:
.byte 0x70, 0x00, 0x4e, 0x00, 0x65, 0x00, 0x78, 0x00, 0x74, 0x00, 0x42, 0x00, 0x6c, 0x00, 0x6f, 0x00
.byte 0x63, 0x00, 0x6b, 0x00, 0x00, 0x00, 0x00, 0x00
.globl _sym_00b915e4
_sym_00b915e4:
.byte 0x70, 0x00, 0x42, 0x00, 0x6c, 0x00, 0x6f, 0x00, 0x63, 0x00, 0x6b, 0x00, 0x45, 0x00, 0x6e, 0x00
.byte 0x74, 0x00, 0x72, 0x00, 0x79, 0x00, 0x00, 0x00, 0x00, 0x00, 0x00, 0x00
.globl _sym_00b91600
_sym_00b91600:
.byte 0x70, 0x00, 0x42, 0x00, 0x6c, 0x00, 0x6f, 0x00, 0x63, 0x00, 0x6b, 0x00, 0x2d, 0x00, 0x3e, 0x00
.byte 0x47, 0x00, 0x65, 0x00, 0x74, 0x00, 0x54, 0x00, 0x72, 0x00, 0x61, 0x00, 0x63, 0x00, 0x6b, 0x00
.byte 0x4e, 0x00, 0x75, 0x00, 0x6d, 0x00, 0x62, 0x00, 0x65, 0x00, 0x72, 0x00, 0x28, 0x00, 0x29, 0x00
.byte 0x20, 0x00, 0x3d, 0x00, 0x3d, 0x00, 0x20, 0x00, 0x6d, 0x00, 0x5f, 0x00, 0x69, 0x00, 0x6e, 0x00
.byte 0x66, 0x00, 0x6f, 0x00, 0x2e, 0x00, 0x6e, 0x00, 0x75, 0x00, 0x6d, 0x00, 0x62, 0x00, 0x65, 0x00
.byte 0x72, 0x00, 0x00, 0x00
.globl _sym_00b91654
_sym_00b91654:
.byte 0x70, 0x00, 0x52, 0x00, 0x65, 0x00, 0x73, 0x00, 0x75, 0x00, 0x6c, 0x00, 0x74, 0x00, 0x00, 0x00
.globl _sym_00b91664
_sym_00b91664:
.byte 0x70, 0x00, 0x43, 0x00, 0x6c, 0x00, 0x75, 0x00, 0x73, 0x00, 0x74, 0x00, 0x65, 0x00, 0x72, 0x00
.byte 0x2d, 0x00, 0x3e, 0x00, 0x47, 0x00, 0x65, 0x00, 0x74, 0x00, 0x49, 0x00, 0x6e, 0x00, 0x64, 0x00
.byte 0x65, 0x00, 0x78, 0x00, 0x28, 0x00, 0x29, 0x00, 0x20, 0x00, 0x3e, 0x00, 0x3d, 0x00, 0x20, 0x00
.byte 0x30, 0x00, 0x00, 0x00
.globl _sym_00b91698
_sym_00b91698:
.byte 0x63, 0x00, 0x6c, 0x00, 0x75, 0x00, 0x73, 0x00, 0x74, 0x00, 0x65, 0x00, 0x72, 0x00, 0x73, 0x00
.byte 0x00, 0x00, 0x00, 0x00
.globl _sym_00b916ac
_sym_00b916ac:
.byte 0x63, 0x00, 0x6f, 0x00, 0x75, 0x00, 0x6e, 0x00, 0x74, 0x00, 0x20, 0x00, 0x3e, 0x00, 0x20, 0x00
.byte 0x30, 0x00, 0x00, 0x00
.globl _sym_00b916c0
_sym_00b916c0:
.byte 0x69, 0x00, 0x00, 0x00
.globl _sym_00b916c4
_sym_00b916c4:
.byte 0x2a, 0x00, 0x69, 0x00, 0x20, 0x00, 0x3d, 0x00, 0x3d, 0x00, 0x20, 0x00, 0x70, 0x00, 0x43, 0x00
.byte 0x6c, 0x00, 0x75, 0x00, 0x73, 0x00, 0x74, 0x00, 0x65, 0x00, 0x72, 0x00, 0x00, 0x00, 0x00, 0x00
.globl _sym_00b916e4
_sym_00b916e4:
.byte 0x6d, 0x00, 0x69, 0x00, 0x64, 0x00, 0x20, 0x00, 0x3c, 0x00, 0x20, 0x00, 0x68, 0x00, 0x69, 0x00
.byte 0x00, 0x00, 0x00, 0x00
.globl _sym_00b916f8
_sym_00b916f8:
.byte 0x70, 0x00, 0x43, 0x00, 0x6c, 0x00, 0x75, 0x00, 0x73, 0x00, 0x74, 0x00, 0x65, 0x00, 0x72, 0x00
.byte 0x2d, 0x00, 0x3e, 0x00, 0x47, 0x00, 0x65, 0x00, 0x74, 0x00, 0x49, 0x00, 0x6e, 0x00, 0x64, 0x00
.byte 0x65, 0x00, 0x78, 0x00, 0x28, 0x00, 0x29, 0x00, 0x20, 0x00, 0x3d, 0x00, 0x3d, 0x00, 0x20, 0x00
.byte 0x6c, 0x00, 0x6f, 0x00, 0x6e, 0x00, 0x67, 0x00, 0x28, 0x00, 0x6d, 0x00, 0x69, 0x00, 0x64, 0x00
.byte 0x20, 0x00, 0x2d, 0x00, 0x20, 0x00, 0x6d, 0x00, 0x5f, 0x00, 0x70, 0x00, 0x53, 0x00, 0x65, 0x00
.byte 0x67, 0x00, 0x6d, 0x00, 0x65, 0x00, 0x6e, 0x00, 0x74, 0x00, 0x2d, 0x00, 0x3e, 0x00, 0x6d, 0x00
.byte 0x5f, 0x00, 0x63, 0x00, 0x6c, 0x00, 0x75, 0x00, 0x73, 0x00, 0x74, 0x00, 0x65, 0x00, 0x72, 0x00
.byte 0x73, 0x00, 0x29, 0x00, 0x00, 0x00, 0x00, 0x00
.globl _sym_00b91770
_sym_00b91770:
.byte 0x6c, 0x00, 0x6f, 0x00, 0x20, 0x00, 0x3c, 0x00, 0x3d, 0x00, 0x20, 0x00, 0x68, 0x00, 0x69, 0x00
.byte 0x00, 0x00, 0x00, 0x00
.globl _sym_00b91784
_sym_00b91784:
.byte 0x6c, 0x00, 0x6f, 0x00, 0x20, 0x00, 0x3d, 0x00, 0x3d, 0x00, 0x20, 0x00, 0x68, 0x00, 0x69, 0x00
.byte 0x00, 0x00, 0x00, 0x00
.globl _sym_00b91798
_sym_00b91798:
.byte 0x6c, 0x00, 0x6f, 0x00, 0x20, 0x00, 0x3e, 0x00, 0x20, 0x00, 0x69, 0x00, 0x00, 0x00, 0x00, 0x00
.globl _sym_00b917a8
_sym_00b917a8:
.byte 0x6c, 0x00, 0x6f, 0x00, 0x20, 0x00, 0x3c, 0x00, 0x3d, 0x00, 0x20, 0x00, 0x6a, 0x00, 0x00, 0x00
.globl _sym_00b917b8
_sym_00b917b8:
.byte 0x73, 0x00, 0x2e, 0x00, 0x73, 0x00, 0x74, 0x00, 0x61, 0x00, 0x72, 0x00, 0x74, 0x00, 0x20, 0x00
.byte 0x3e, 0x00, 0x3d, 0x00, 0x20, 0x00, 0x30, 0x00, 0x00, 0x00, 0x00, 0x00
.globl _sym_00b917d4
_sym_00b917d4:
.byte 0x73, 0x00, 0x2e, 0x00, 0x73, 0x00, 0x69, 0x00, 0x7a, 0x00, 0x65, 0x00, 0x20, 0x00, 0x3e, 0x00
.byte 0x3d, 0x00, 0x20, 0x00, 0x30, 0x00, 0x00, 0x00
.globl _sym_00b917ec
_sym_00b917ec:
.byte 0x6d, 0x00, 0x5f, 0x00, 0x74, 0x00, 0x72, 0x00, 0x61, 0x00, 0x63, 0x00, 0x6b, 0x00, 0x45, 0x00
.byte 0x6e, 0x00, 0x74, 0x00, 0x72, 0x00, 0x69, 0x00, 0x65, 0x00, 0x73, 0x00, 0x20, 0x00, 0x3d, 0x00
.byte 0x3d, 0x00, 0x20, 0x00, 0x4e, 0x00, 0x55, 0x00, 0x4c, 0x00, 0x4c, 0x00, 0x00, 0x00, 0x00, 0x00
.globl _sym_00b9181c
_sym_00b9181c:
.byte 0x6d, 0x00, 0x5f, 0x00, 0x74, 0x00, 0x72, 0x00, 0x61, 0x00, 0x63, 0x00, 0x6b, 0x00, 0x45, 0x00
.byte 0x6e, 0x00, 0x74, 0x00, 0x72, 0x00, 0x69, 0x00, 0x65, 0x00, 0x73, 0x00, 0x45, 0x00, 0x6e, 0x00
.byte 0x64, 0x00, 0x20, 0x00, 0x3d, 0x00, 0x3d, 0x00, 0x20, 0x00, 0x4e, 0x00, 0x55, 0x00, 0x4c, 0x00
.byte 0x4c, 0x00, 0x00, 0x00
.globl _sym_00b91850
_sym_00b91850:
.byte 0x70, 0x00, 0x61, 0x00, 0x79, 0x00, 0x6c, 0x00, 0x6f, 0x00, 0x61, 0x00, 0x64, 0x00, 0x5f, 0x00
.byte 0x73, 0x00, 0x74, 0x00, 0x6f, 0x00, 0x70, 0x00, 0x20, 0x00, 0x3c, 0x00, 0x3d, 0x00, 0x20, 0x00
.byte 0x73, 0x00, 0x74, 0x00, 0x6f, 0x00, 0x70, 0x00, 0x00, 0x00, 0x00, 0x00
.globl _sym_00b9187c
_sym_00b9187c:
.byte 0x72, 0x00, 0x65, 0x00, 0x73, 0x00, 0x75, 0x00, 0x6c, 0x00, 0x74, 0x00, 0x20, 0x00, 0x3e, 0x00
.byte 0x3d, 0x00, 0x20, 0x00, 0x30, 0x00, 0x00, 0x00
.globl _sym_00b91894
_sym_00b91894:
.byte 0x70, 0x00, 0x6f, 0x00, 0x73, 0x00, 0x20, 0x00, 0x3c, 0x00, 0x3d, 0x00, 0x20, 0x00, 0x74, 0x00
.byte 0x72, 0x00, 0x61, 0x00, 0x63, 0x00, 0x6b, 0x00, 0x5f, 0x00, 0x73, 0x00, 0x74, 0x00, 0x6f, 0x00
.byte 0x70, 0x00, 0x00, 0x00
.globl _sym_00b918b8
_sym_00b918b8:
.byte 0x70, 0x00, 0x6f, 0x00, 0x73, 0x00, 0x20, 0x00, 0x3d, 0x00, 0x3d, 0x00, 0x20, 0x00, 0x74, 0x00
.byte 0x72, 0x00, 0x61, 0x00, 0x63, 0x00, 0x6b, 0x00, 0x5f, 0x00, 0x73, 0x00, 0x74, 0x00, 0x6f, 0x00
.byte 0x70, 0x00, 0x00, 0x00
.globl _sym_00b918dc
_sym_00b918dc:
.byte 0x6d, 0x00, 0x5f, 0x00, 0x70, 0x00, 0x53, 0x00, 0x65, 0x00, 0x67, 0x00, 0x6d, 0x00, 0x65, 0x00
.byte 0x6e, 0x00, 0x74, 0x00, 0x00, 0x00, 0x00, 0x00
.globl _sym_00b918f4
_sym_00b918f4:
.byte 0x6d, 0x00, 0x5f, 0x00, 0x70, 0x00, 0x6f, 0x00, 0x73, 0x00, 0x20, 0x00, 0x3e, 0x00, 0x3d, 0x00
.byte 0x20, 0x00, 0x6d, 0x00, 0x5f, 0x00, 0x65, 0x00, 0x6c, 0x00, 0x65, 0x00, 0x6d, 0x00, 0x65, 0x00
.byte 0x6e, 0x00, 0x74, 0x00, 0x5f, 0x00, 0x73, 0x00, 0x74, 0x00, 0x61, 0x00, 0x72, 0x00, 0x74, 0x00
.byte 0x00, 0x00, 0x00, 0x00
.globl _sym_00b91928
_sym_00b91928:
.byte 0x6d, 0x00, 0x5f, 0x00, 0x70, 0x00, 0x6f, 0x00, 0x73, 0x00, 0x20, 0x00, 0x3d, 0x00, 0x3d, 0x00
.byte 0x20, 0x00, 0x6d, 0x00, 0x5f, 0x00, 0x65, 0x00, 0x6c, 0x00, 0x65, 0x00, 0x6d, 0x00, 0x65, 0x00
.byte 0x6e, 0x00, 0x74, 0x00, 0x5f, 0x00, 0x73, 0x00, 0x74, 0x00, 0x61, 0x00, 0x72, 0x00, 0x74, 0x00
.byte 0x00, 0x00, 0x00, 0x00
.globl _sym_00b9195c
_sym_00b9195c:
.byte 0x6d, 0x00, 0x5f, 0x00, 0x65, 0x00, 0x6c, 0x00, 0x65, 0x00, 0x6d, 0x00, 0x65, 0x00, 0x6e, 0x00
.byte 0x74, 0x00, 0x5f, 0x00, 0x73, 0x00, 0x69, 0x00, 0x7a, 0x00, 0x65, 0x00, 0x20, 0x00, 0x3c, 0x00
.byte 0x20, 0x00, 0x30, 0x00, 0x00, 0x00, 0x00, 0x00, 0x00, 0x00, 0x00, 0x00
.globl _sym_00b91988
_sym_00b91988:
.byte 0x28, 0x00, 0x74, 0x00, 0x6f, 0x00, 0x74, 0x00, 0x61, 0x00, 0x6c, 0x00, 0x20, 0x00, 0x3c, 0x00
.byte 0x20, 0x00, 0x30, 0x00, 0x29, 0x00, 0x20, 0x00, 0x7c, 0x00, 0x7c, 0x00, 0x20, 0x00, 0x28, 0x00
.byte 0x6d, 0x00, 0x5f, 0x00, 0x70, 0x00, 0x6f, 0x00, 0x73, 0x00, 0x20, 0x00, 0x3c, 0x00, 0x3d, 0x00
.byte 0x20, 0x00, 0x74, 0x00, 0x6f, 0x00, 0x74, 0x00, 0x61, 0x00, 0x6c, 0x00, 0x29, 0x00, 0x00, 0x00
.globl _sym_00b919c8
_sym_00b919c8:
.byte 0x28, 0x00, 0x63, 0x00, 0x6c, 0x00, 0x75, 0x00, 0x73, 0x00, 0x74, 0x00, 0x65, 0x00, 0x72, 0x00
.byte 0x5f, 0x00, 0x73, 0x00, 0x74, 0x00, 0x6f, 0x00, 0x70, 0x00, 0x20, 0x00, 0x3c, 0x00, 0x20, 0x00
.byte 0x30, 0x00, 0x29, 0x00, 0x20, 0x00, 0x7c, 0x00, 0x7c, 0x00, 0x20, 0x00, 0x28, 0x00, 0x70, 0x00
.byte 0x6f, 0x00, 0x73, 0x00, 0x20, 0x00, 0x3c, 0x00, 0x3d, 0x00, 0x20, 0x00, 0x63, 0x00, 0x6c, 0x00
.byte 0x75, 0x00, 0x73, 0x00, 0x74, 0x00, 0x65, 0x00, 0x72, 0x00, 0x5f, 0x00, 0x73, 0x00, 0x74, 0x00
.byte 0x6f, 0x00, 0x70, 0x00, 0x29, 0x00, 0x00, 0x00
.globl _sym_00b91a20
_sym_00b91a20:
.byte 0x6d, 0x00, 0x5f, 0x00, 0x65, 0x00, 0x6c, 0x00, 0x65, 0x00, 0x6d, 0x00, 0x65, 0x00, 0x6e, 0x00
.byte 0x74, 0x00, 0x5f, 0x00, 0x73, 0x00, 0x69, 0x00, 0x7a, 0x00, 0x65, 0x00, 0x20, 0x00, 0x3e, 0x00
.byte 0x20, 0x00, 0x30, 0x00, 0x00, 0x00, 0x00, 0x00
.globl _sym_00b91a48
_sym_00b91a48:
.byte 0x28, 0x00, 0x63, 0x00, 0x6c, 0x00, 0x75, 0x00, 0x73, 0x00, 0x74, 0x00, 0x65, 0x00, 0x72, 0x00
.byte 0x5f, 0x00, 0x73, 0x00, 0x74, 0x00, 0x6f, 0x00, 0x70, 0x00, 0x20, 0x00, 0x3c, 0x00, 0x20, 0x00
.byte 0x30, 0x00, 0x29, 0x00, 0x20, 0x00, 0x7c, 0x00, 0x7c, 0x00, 0x20, 0x00, 0x28, 0x00, 0x6d, 0x00
.byte 0x5f, 0x00, 0x70, 0x00, 0x6f, 0x00, 0x73, 0x00, 0x20, 0x00, 0x3c, 0x00, 0x3d, 0x00, 0x20, 0x00
.byte 0x63, 0x00, 0x6c, 0x00, 0x75, 0x00, 0x73, 0x00, 0x74, 0x00, 0x65, 0x00, 0x72, 0x00, 0x5f, 0x00
.byte 0x73, 0x00, 0x74, 0x00, 0x6f, 0x00, 0x70, 0x00, 0x29, 0x00, 0x00, 0x00
.globl _sym_00b91aa4
_sym_00b91aa4:
.byte 0x70, 0x00, 0x4c, 0x00, 0x61, 0x00, 0x73, 0x00, 0x74, 0x00, 0x00, 0x00
.globl _sym_00b91ab0
_sym_00b91ab0:
.byte 0x28, 0x00, 0x63, 0x00, 0x6c, 0x00, 0x75, 0x00, 0x73, 0x00, 0x74, 0x00, 0x65, 0x00, 0x72, 0x00
.byte 0x5f, 0x00, 0x73, 0x00, 0x74, 0x00, 0x6f, 0x00, 0x70, 0x00, 0x20, 0x00, 0x3c, 0x00, 0x20, 0x00
.byte 0x30, 0x00, 0x29, 0x00, 0x20, 0x00, 0x7c, 0x00, 0x7c, 0x00, 0x20, 0x00, 0x28, 0x00, 0x73, 0x00
.byte 0x74, 0x00, 0x6f, 0x00, 0x70, 0x00, 0x20, 0x00, 0x3c, 0x00, 0x3d, 0x00, 0x20, 0x00, 0x63, 0x00
.byte 0x6c, 0x00, 0x75, 0x00, 0x73, 0x00, 0x74, 0x00, 0x65, 0x00, 0x72, 0x00, 0x5f, 0x00, 0x73, 0x00
.byte 0x74, 0x00, 0x6f, 0x00, 0x70, 0x00, 0x29, 0x00, 0x00, 0x00, 0x00, 0x00
.globl _sym_00b91b0c
_sym_00b91b0c:
.byte 0x70, 0x00, 0x6f, 0x00, 0x73, 0x00, 0x20, 0x00, 0x3c, 0x00, 0x3d, 0x00, 0x20, 0x00, 0x61, 0x00
.byte 0x76, 0x00, 0x61, 0x00, 0x69, 0x00, 0x6c, 0x00, 0x00, 0x00, 0x00, 0x00, 0x70, 0x00, 0x6f, 0x00
.byte 0x73, 0x00, 0x20, 0x00, 0x3c, 0x00, 0x3d, 0x00, 0x20, 0x00, 0x70, 0x00, 0x61, 0x00, 0x79, 0x00
.byte 0x6c, 0x00, 0x6f, 0x00, 0x61, 0x00, 0x64, 0x00, 0x5f, 0x00, 0x73, 0x00, 0x74, 0x00, 0x6f, 0x00
.byte 0x70, 0x00, 0x00, 0x00
.globl _sym_00b91b50
_sym_00b91b50:
.byte 0x70, 0x00, 0x6f, 0x00, 0x73, 0x00, 0x20, 0x00, 0x3d, 0x00, 0x3d, 0x00, 0x20, 0x00, 0x70, 0x00
.byte 0x61, 0x00, 0x79, 0x00, 0x6c, 0x00, 0x6f, 0x00, 0x61, 0x00, 0x64, 0x00, 0x5f, 0x00, 0x73, 0x00
.byte 0x74, 0x00, 0x6f, 0x00, 0x70, 0x00, 0x00, 0x00
.globl _sym_00b91b78
_sym_00b91b78:
.byte 0x6d, 0x00, 0x5f, 0x00, 0x65, 0x00, 0x6e, 0x00, 0x74, 0x00, 0x72, 0x00, 0x69, 0x00, 0x65, 0x00
.byte 0x73, 0x00, 0x00, 0x00
.globl _sym_00b91b8c
_sym_00b91b8c:
.byte 0x6d, 0x00, 0x5f, 0x00, 0x65, 0x00, 0x6e, 0x00, 0x74, 0x00, 0x72, 0x00, 0x69, 0x00, 0x65, 0x00
.byte 0x73, 0x00, 0x5f, 0x00, 0x73, 0x00, 0x69, 0x00, 0x7a, 0x00, 0x65, 0x00, 0x20, 0x00, 0x3e, 0x00
.byte 0x20, 0x00, 0x30, 0x00, 0x00, 0x00, 0x00, 0x00, 0x00, 0x00, 0x00, 0x00
.globl _sym_00b91bb8
_sym_00b91bb8:
.byte 0x6d, 0x00, 0x5f, 0x00, 0x65, 0x00, 0x6e, 0x00, 0x74, 0x00, 0x72, 0x00, 0x69, 0x00, 0x65, 0x00
.byte 0x73, 0x00, 0x5f, 0x00, 0x63, 0x00, 0x6f, 0x00, 0x75, 0x00, 0x6e, 0x00, 0x74, 0x00, 0x20, 0x00
.byte 0x3c, 0x00, 0x3d, 0x00, 0x20, 0x00, 0x6d, 0x00, 0x5f, 0x00, 0x65, 0x00, 0x6e, 0x00, 0x74, 0x00
.byte 0x72, 0x00, 0x69, 0x00, 0x65, 0x00, 0x73, 0x00, 0x5f, 0x00, 0x73, 0x00, 0x69, 0x00, 0x7a, 0x00
.byte 0x65, 0x00, 0x00, 0x00
.globl _sym_00b91bfc
_sym_00b91bfc:
.byte 0x70, 0x00, 0x45, 0x00, 0x6e, 0x00, 0x74, 0x00, 0x72, 0x00, 0x79, 0x00, 0x00, 0x00, 0x00, 0x00
.globl _sym_00b91c0c
_sym_00b91c0c:
.byte 0x63, 0x00, 0x6c, 0x00, 0x75, 0x00, 0x73, 0x00, 0x74, 0x00, 0x65, 0x00, 0x72, 0x00, 0x5f, 0x00
.byte 0x73, 0x00, 0x74, 0x00, 0x6f, 0x00, 0x70, 0x00, 0x20, 0x00, 0x3e, 0x00, 0x3d, 0x00, 0x20, 0x00
.byte 0x30, 0x00, 0x00, 0x00
.globl _sym_00b91c30
_sym_00b91c30:
.byte 0x28, 0x00, 0x69, 0x00, 0x64, 0x00, 0x20, 0x00, 0x3d, 0x00, 0x3d, 0x00, 0x20, 0x00, 0x30, 0x00
.byte 0x78, 0x00, 0x32, 0x00, 0x30, 0x00, 0x29, 0x00, 0x20, 0x00, 0x7c, 0x00, 0x7c, 0x00, 0x20, 0x00
.byte 0x28, 0x00, 0x69, 0x00, 0x64, 0x00, 0x20, 0x00, 0x3d, 0x00, 0x3d, 0x00, 0x20, 0x00, 0x30, 0x00
.byte 0x78, 0x00, 0x32, 0x00, 0x33, 0x00, 0x29, 0x00, 0x00, 0x00, 0x00, 0x00
.globl _sym_00b91c6c
_sym_00b91c6c:
.byte 0x6d, 0x00, 0x5f, 0x00, 0x65, 0x00, 0x6e, 0x00, 0x74, 0x00, 0x72, 0x00, 0x69, 0x00, 0x65, 0x00
.byte 0x73, 0x00, 0x20, 0x00, 0x3d, 0x00, 0x3d, 0x00, 0x20, 0x00, 0x4e, 0x00, 0x55, 0x00, 0x4c, 0x00
.byte 0x4c, 0x00, 0x00, 0x00
.globl _sym_00b91c90
_sym_00b91c90:
.byte 0x6d, 0x00, 0x5f, 0x00, 0x65, 0x00, 0x6e, 0x00, 0x74, 0x00, 0x72, 0x00, 0x69, 0x00, 0x65, 0x00
.byte 0x73, 0x00, 0x5f, 0x00, 0x73, 0x00, 0x69, 0x00, 0x7a, 0x00, 0x65, 0x00, 0x20, 0x00, 0x3d, 0x00
.byte 0x3d, 0x00, 0x20, 0x00, 0x30, 0x00, 0x00, 0x00
.globl _sym_00b91cb8
_sym_00b91cb8:
.byte 0x65, 0x00, 0x6e, 0x00, 0x74, 0x00, 0x72, 0x00, 0x69, 0x00, 0x65, 0x00, 0x73, 0x00, 0x00, 0x00
.globl _sym_00b91cc8
_sym_00b91cc8:
.byte 0x6d, 0x00, 0x5f, 0x00, 0x65, 0x00, 0x6e, 0x00, 0x74, 0x00, 0x72, 0x00, 0x69, 0x00, 0x65, 0x00
.byte 0x73, 0x00, 0x5f, 0x00, 0x63, 0x00, 0x6f, 0x00, 0x75, 0x00, 0x6e, 0x00, 0x74, 0x00, 0x20, 0x00
.byte 0x3e, 0x00, 0x3d, 0x00, 0x20, 0x00, 0x30, 0x00, 0x00, 0x00, 0x00, 0x00, 0x00, 0x00, 0x00, 0x00
.globl _sym_00b91cf8
_sym_00b91cf8:
.byte 0x6d, 0x00, 0x5f, 0x00, 0x65, 0x00, 0x6e, 0x00, 0x74, 0x00, 0x72, 0x00, 0x69, 0x00, 0x65, 0x00
.byte 0x73, 0x00, 0x5f, 0x00, 0x63, 0x00, 0x6f, 0x00, 0x75, 0x00, 0x6e, 0x00, 0x74, 0x00, 0x20, 0x00
.byte 0x3c, 0x00, 0x20, 0x00, 0x6d, 0x00, 0x5f, 0x00, 0x65, 0x00, 0x6e, 0x00, 0x74, 0x00, 0x72, 0x00
.byte 0x69, 0x00, 0x65, 0x00, 0x73, 0x00, 0x5f, 0x00, 0x73, 0x00, 0x69, 0x00, 0x7a, 0x00, 0x65, 0x00
.byte 0x00, 0x00, 0x00, 0x00
.globl _sym_00b91d3c
_sym_00b91d3c:
.byte 0x64, 0x00, 0x75, 0x00, 0x72, 0x00, 0x61, 0x00, 0x74, 0x00, 0x69, 0x00, 0x6f, 0x00, 0x6e, 0x00
.byte 0x20, 0x00, 0x3e, 0x00, 0x3d, 0x00, 0x20, 0x00, 0x30, 0x00, 0x00, 0x00
.globl _sym_00b91d58
_sym_00b91d58:
.byte 0x62, 0x00, 0x70, 0x00, 0x6f, 0x00, 0x73, 0x00, 0x20, 0x00, 0x3e, 0x00, 0x3d, 0x00, 0x20, 0x00
.byte 0x30, 0x00, 0x00, 0x00
.globl _sym_00b91d6c
_sym_00b91d6c:
.byte 0x62, 0x00, 0x73, 0x00, 0x69, 0x00, 0x7a, 0x00, 0x65, 0x00, 0x20, 0x00, 0x3e, 0x00, 0x3d, 0x00
.byte 0x20, 0x00, 0x30, 0x00, 0x00, 0x00, 0x00, 0x00
.globl _sym_00b91d84
_sym_00b91d84:
.byte 0x70, 0x00, 0x46, 0x00, 0x69, 0x00, 0x72, 0x00, 0x73, 0x00, 0x74, 0x00, 0x00, 0x00, 0x00, 0x00
.globl _sym_00b91d94
_sym_00b91d94:
.byte 0x6d, 0x00, 0x5f, 0x00, 0x65, 0x00, 0x6e, 0x00, 0x74, 0x00, 0x72, 0x00, 0x69, 0x00, 0x65, 0x00
.byte 0x73, 0x00, 0x5f, 0x00, 0x63, 0x00, 0x6f, 0x00, 0x75, 0x00, 0x6e, 0x00, 0x74, 0x00, 0x20, 0x00
.byte 0x3e, 0x00, 0x20, 0x00, 0x30, 0x00, 0x00, 0x00
.globl _sym_00b91dbc
_sym_00b91dbc:
.byte 0x69, 0x00, 0x64, 0x00, 0x78, 0x00, 0x20, 0x00, 0x3c, 0x00, 0x20, 0x00, 0x73, 0x00, 0x69, 0x00
.byte 0x7a, 0x00, 0x65, 0x00, 0x5f, 0x00, 0x74, 0x00, 0x28, 0x00, 0x6d, 0x00, 0x5f, 0x00, 0x65, 0x00
.byte 0x6e, 0x00, 0x74, 0x00, 0x72, 0x00, 0x69, 0x00, 0x65, 0x00, 0x73, 0x00, 0x5f, 0x00, 0x63, 0x00
.byte 0x6f, 0x00, 0x75, 0x00, 0x6e, 0x00, 0x74, 0x00, 0x29, 0x00, 0x00, 0x00
.globl _sym_00b91df8
_sym_00b91df8:
.byte 0x6d, 0x00, 0x5f, 0x00, 0x65, 0x00, 0x6e, 0x00, 0x74, 0x00, 0x72, 0x00, 0x69, 0x00, 0x65, 0x00
.byte 0x73, 0x00, 0x5b, 0x00, 0x69, 0x00, 0x64, 0x00, 0x78, 0x00, 0x5d, 0x00, 0x20, 0x00, 0x3d, 0x00
.byte 0x3d, 0x00, 0x20, 0x00, 0x70, 0x00, 0x43, 0x00, 0x75, 0x00, 0x72, 0x00, 0x72, 0x00, 0x00, 0x00
.globl _sym_00b91e28
_sym_00b91e28:
.byte 0x69, 0x00, 0x6e, 0x00, 0x64, 0x00, 0x65, 0x00, 0x78, 0x00, 0x20, 0x00, 0x3c, 0x00, 0x20, 0x00
.byte 0x6d, 0x00, 0x5f, 0x00, 0x65, 0x00, 0x6e, 0x00, 0x74, 0x00, 0x72, 0x00, 0x69, 0x00, 0x65, 0x00
.byte 0x73, 0x00, 0x5f, 0x00, 0x63, 0x00, 0x6f, 0x00, 0x75, 0x00, 0x6e, 0x00, 0x74, 0x00, 0x00, 0x00
.globl _sym_00b91e58
_sym_00b91e58:
.byte 0x21, 0x00, 0x70, 0x00, 0x45, 0x00, 0x6e, 0x00, 0x74, 0x00, 0x72, 0x00, 0x79, 0x00, 0x2d, 0x00
.byte 0x3e, 0x00, 0x45, 0x00, 0x4f, 0x00, 0x53, 0x00, 0x28, 0x00, 0x29, 0x00, 0x00, 0x00, 0x00, 0x00
.globl _sym_00b91e78
_sym_00b91e78:
.byte 0x70, 0x00, 0x54, 0x00, 0x72, 0x00, 0x61, 0x00, 0x63, 0x00, 0x6b, 0x00, 0x73, 0x00, 0x00, 0x00
.globl _sym_00b91e88
_sym_00b91e88:
.byte 0x6d, 0x00, 0x5f, 0x00, 0x73, 0x00, 0x74, 0x00, 0x61, 0x00, 0x72, 0x00, 0x74, 0x00, 0x20, 0x00
.byte 0x3e, 0x00, 0x3d, 0x00, 0x20, 0x00, 0x30, 0x00, 0x00, 0x00, 0x00, 0x00
.globl _sym_00b91ea4
_sym_00b91ea4:
.byte 0x6d, 0x00, 0x5f, 0x00, 0x74, 0x00, 0x72, 0x00, 0x61, 0x00, 0x63, 0x00, 0x6b, 0x00, 0x20, 0x00
.byte 0x3c, 0x00, 0x3d, 0x00, 0x20, 0x00, 0x30, 0x00, 0x00, 0x00, 0x00, 0x00
.globl _sym_00b91ec0
_sym_00b91ec0:
.byte 0x6d, 0x00, 0x5f, 0x00, 0x66, 0x00, 0x72, 0x00, 0x61, 0x00, 0x6d, 0x00, 0x65, 0x00, 0x73, 0x00
.byte 0x20, 0x00, 0x3d, 0x00, 0x3d, 0x00, 0x20, 0x00, 0x4e, 0x00, 0x55, 0x00, 0x4c, 0x00, 0x4c, 0x00
.byte 0x00, 0x00, 0x00, 0x00
.globl _sym_00b91ee4
_sym_00b91ee4:
.byte 0x6d, 0x00, 0x5f, 0x00, 0x66, 0x00, 0x72, 0x00, 0x61, 0x00, 0x6d, 0x00, 0x65, 0x00, 0x5f, 0x00
.byte 0x63, 0x00, 0x6f, 0x00, 0x75, 0x00, 0x6e, 0x00, 0x74, 0x00, 0x20, 0x00, 0x3c, 0x00, 0x3d, 0x00
.byte 0x20, 0x00, 0x30, 0x00, 0x00, 0x00, 0x00, 0x00
.globl _sym_00b91f0c
_sym_00b91f0c:
.byte 0x6d, 0x00, 0x5f, 0x00, 0x66, 0x00, 0x72, 0x00, 0x61, 0x00, 0x6d, 0x00, 0x65, 0x00, 0x73, 0x00
.byte 0x00, 0x00, 0x00, 0x00
.globl _sym_00b91f20
_sym_00b91f20:
.byte 0x70, 0x00, 0x66, 0x00, 0x20, 0x00, 0x3c, 0x00, 0x20, 0x00, 0x70, 0x00, 0x66, 0x00, 0x5f, 0x00
.byte 0x65, 0x00, 0x6e, 0x00, 0x64, 0x00, 0x00, 0x00
.globl _sym_00b91f38
_sym_00b91f38:
.byte 0x28, 0x00, 0x70, 0x00, 0x6f, 0x00, 0x73, 0x00, 0x20, 0x00, 0x2b, 0x00, 0x20, 0x00, 0x66, 0x00
.byte 0x2e, 0x00, 0x6c, 0x00, 0x65, 0x00, 0x6e, 0x00, 0x29, 0x00, 0x20, 0x00, 0x3c, 0x00, 0x3d, 0x00
.byte 0x20, 0x00, 0x73, 0x00, 0x74, 0x00, 0x6f, 0x00, 0x70, 0x00, 0x00, 0x00
.globl _sym_00b91f64
_sym_00b91f64:
.byte 0x28, 0x00, 0x70, 0x00, 0x6f, 0x00, 0x73, 0x00, 0x20, 0x00, 0x2b, 0x00, 0x20, 0x00, 0x66, 0x00
.byte 0x72, 0x00, 0x61, 0x00, 0x6d, 0x00, 0x65, 0x00, 0x5f, 0x00, 0x73, 0x00, 0x69, 0x00, 0x7a, 0x00
.byte 0x65, 0x00, 0x29, 0x00, 0x20, 0x00, 0x3c, 0x00, 0x3d, 0x00, 0x20, 0x00, 0x73, 0x00, 0x74, 0x00
.byte 0x6f, 0x00, 0x70, 0x00, 0x00, 0x00, 0x00, 0x00
.globl _sym_00b91f9c
_sym_00b91f9c:
.byte 0x6c, 0x00, 0x61, 0x00, 0x63, 0x00, 0x69, 0x00, 0x6e, 0x00, 0x67, 0x00, 0x20, 0x00, 0x3d, 0x00
.byte 0x3d, 0x00, 0x20, 0x00, 0x33, 0x00, 0x00, 0x00
.globl _sym_00b91fb4
_sym_00b91fb4:
.byte 0x70, 0x00, 0x72, 0x00, 0x65, 0x00, 0x76, 0x00, 0x2e, 0x00, 0x6c, 0x00, 0x65, 0x00, 0x6e, 0x00
.byte 0x20, 0x00, 0x3d, 0x00, 0x3d, 0x00, 0x20, 0x00, 0x66, 0x00, 0x72, 0x00, 0x61, 0x00, 0x6d, 0x00
.byte 0x65, 0x00, 0x5f, 0x00, 0x73, 0x00, 0x69, 0x00, 0x7a, 0x00, 0x65, 0x00, 0x00, 0x00, 0x00, 0x00
.globl _sym_00b91fe4
_sym_00b91fe4:
.byte 0x70, 0x00, 0x66, 0x00, 0x20, 0x00, 0x3d, 0x00, 0x3d, 0x00, 0x20, 0x00, 0x70, 0x00, 0x66, 0x00
.byte 0x5f, 0x00, 0x65, 0x00, 0x6e, 0x00, 0x64, 0x00, 0x00, 0x00, 0x00, 0x00
.globl _sym_00b92000
_sym_00b92000:
.byte 0x74, 0x00, 0x63, 0x00, 0x30, 0x00, 0x20, 0x00, 0x3e, 0x00, 0x3d, 0x00, 0x20, 0x00, 0x30, 0x00
.byte 0x00, 0x00, 0x00, 0x00
.globl _sym_00b92014
_sym_00b92014:
.byte 0x69, 0x00, 0x64, 0x00, 0x78, 0x00, 0x20, 0x00, 0x3e, 0x00, 0x3d, 0x00, 0x20, 0x00, 0x30, 0x00
.byte 0x00, 0x00, 0x00, 0x00
.globl _sym_00b92028
_sym_00b92028:
.byte 0x69, 0x00, 0x64, 0x00, 0x78, 0x00, 0x20, 0x00, 0x3c, 0x00, 0x20, 0x00, 0x6d, 0x00, 0x5f, 0x00
.byte 0x66, 0x00, 0x72, 0x00, 0x61, 0x00, 0x6d, 0x00, 0x65, 0x00, 0x5f, 0x00, 0x63, 0x00, 0x6f, 0x00
.byte 0x75, 0x00, 0x6e, 0x00, 0x74, 0x00, 0x00, 0x00
.globl _sym_00b92050
_sym_00b92050:
.byte 0x66, 0x00, 0x2e, 0x00, 0x70, 0x00, 0x6f, 0x00, 0x73, 0x00, 0x20, 0x00, 0x3e, 0x00, 0x20, 0x00
.byte 0x30, 0x00, 0x00, 0x00
.globl _sym_00b92064
_sym_00b92064:
.byte 0x66, 0x00, 0x2e, 0x00, 0x6c, 0x00, 0x65, 0x00, 0x6e, 0x00, 0x20, 0x00, 0x3e, 0x00, 0x20, 0x00
.byte 0x30, 0x00, 0x00, 0x00
.long _sym_00bc6d1c
.globl _sym_00b9207c
_sym_00b9207c:
.long _sym_004286c0
.long _sym_004289d0
.long _sym_00428a00
.long _sym_00bc6e30
.globl _sym_00b9208c
_sym_00b9208c:
.long _sym_00428e50
.long _sym_00427f00
.long _sym_00427f90
.long _sym_00bc6d60
.globl _sym_00b9209c
_sym_00b9209c:
.long _sym_0042d290
.long _sym_0042d3d0
.long _sym_0042d3c0
.long _sym_00bc6e04
.globl _sym_00b920ac
_sym_00b920ac:
.long _sym_00428600
.long _sym_00428640
.long _sym_00428630
.long _sym_00bc6df0
.globl _sym_00b920bc
_sym_00b920bc:
.long _sym_0042d0f0
.long _sym_0042d1f0
.long _sym_0042d1e0
.long _sym_00bc6e60
.globl _sym_00b920cc
_sym_00b920cc:
.long _sym_0042d010
.long _sym_00949120
.long _sym_00949120
.long _sym_00bc6d30
.globl _sym_00b920dc
_sym_00b920dc:
.long _sym_00427650
.long _sym_00427f00
.long _sym_00427f90
.globl _sym_00b920e8
_sym_00b920e8:
.byte 0x76, 0x6f, 0x72, 0x62, 0x69, 0x73, 0x00, 0x00
.globl _sym_00b920f0
_sym_00b920f0:
.byte 0x58, 0x69, 0x70, 0x68, 0x2e, 0x4f, 0x72, 0x67, 0x20, 0x6c, 0x69, 0x62, 0x56, 0x6f, 0x72, 0x62
.byte 0x69, 0x73, 0x20, 0x49, 0x20, 0x32, 0x30, 0x31, 0x35, 0x30, 0x31, 0x30, 0x35, 0x20, 0x28, 0xe2
.byte 0x9b, 0x84, 0xe2, 0x9b, 0x84, 0xe2, 0x9b, 0x84, 0xe2, 0x9b, 0x84, 0x29, 0x00, 0x00, 0x00, 0x00
.globl _sym_00b92120
_sym_00b92120:
.byte 0x58, 0x69, 0x70, 0x68, 0x2e, 0x4f, 0x72, 0x67, 0x20, 0x6c, 0x69, 0x62, 0x56, 0x6f, 0x72, 0x62
.byte 0x69, 0x73, 0x20, 0x31, 0x2e, 0x33, 0x2e, 0x35, 0x00, 0x00, 0x00, 0x00
.globl _sym_00b9213c
_sym_00b9213c:
.byte 0xee, 0xe9, 0x9e, 0x32
.globl _sym_00b92140
_sym_00b92140:
.byte 0xc1, 0xa8, 0x40, 0x35
.globl _sym_00b92144
_sym_00b92144:
.byte 0x17, 0xb7, 0xd1, 0x38
.globl _sym_00b92148
_sym_00b92148:
.byte 0x8f, 0xfc, 0x41, 0x3a, 0x00, 0x00, 0x00, 0x00
.globl _sym_00b92150
_sym_00b92150:
.byte 0x23, 0x42, 0x92, 0x0c, 0xa1, 0x9c, 0xc7, 0x3b
.globl _sym_00b92158
_sym_00b92158:
.byte 0x95, 0x64, 0x79, 0xe1, 0x7f, 0xfd, 0xa5, 0x3d
.globl _sym_00b92160
_sym_00b92160:
.byte 0xbb, 0xbd, 0xd7, 0xd9, 0xdf, 0x7c, 0xdb, 0x3d
.globl _sym_00b92168
_sym_00b92168:
.byte 0x95, 0xd6, 0x26, 0xe8, 0x0b, 0x2e, 0x11, 0x3e
.globl _sym_00b92170
_sym_00b92170:
.byte 0x00, 0x00, 0x80, 0x3e, 0x00, 0x00, 0x00, 0x00
.globl _sym_00b92178
_sym_00b92178:
.byte 0x8d, 0xed, 0xb5, 0xa0, 0xf7, 0xc6, 0xb0, 0x3e
.globl _sym_00b92180
_sym_00b92180:
.byte 0x15, 0xef, 0xc3, 0x3e
.globl _sym_00b92184
_sym_00b92184:
.byte 0x00, 0x00, 0x00, 0x3f
.globl _sym_00b92188
_sym_00b92188:
.byte 0x69, 0x1d, 0x55, 0x4d, 0x10, 0x75, 0x0f, 0x3f
.globl _sym_00b92190
_sym_00b92190:
.byte 0x61, 0x32, 0x55, 0x30, 0x2a, 0xa9, 0x33, 0x3f
.globl _sym_00b92198
_sym_00b92198:
.byte 0xf3, 0x04, 0x35, 0x3f, 0x00, 0x00, 0x00, 0x00
.globl _sym_00b921a0
_sym_00b921a0:
.byte 0xfc, 0xa9, 0xf1, 0xd2, 0x4d, 0x62, 0x50, 0x3f
.globl _sym_00b921a8
_sym_00b921a8:
.byte 0xd7, 0xb3, 0x5d, 0x3f
.globl _sym_00b921ac
_sym_00b921ac:
.byte 0x5e, 0x83, 0x6c, 0x3f
.globl _sym_00b921b0
_sym_00b921b0:
.byte 0x7b, 0x14, 0xae, 0x47, 0xe1, 0x7a, 0x74, 0x3f
.globl _sym_00b921b8
_sym_00b921b8:
.byte 0x39, 0xb4, 0xc8, 0x76, 0xbe, 0x9f, 0x7a, 0x3f
.globl _sym_00b921c0
_sym_00b921c0:
.byte 0x53, 0x96, 0x21, 0x8e, 0x75, 0x71, 0x7b, 0x3f
.globl _sym_00b921c8
_sym_00b921c8:
.byte 0x00, 0x00, 0x80, 0x3f, 0x00, 0x00, 0x00, 0x00
.globl _sym_00b921d0
_sym_00b921d0:
.byte 0x00, 0x00, 0x00, 0x00, 0x00, 0x00, 0xb0, 0x3f
.globl _sym_00b921d8
_sym_00b921d8:
.byte 0xf3, 0x04, 0xb5, 0x3f, 0x00, 0x00, 0x00, 0x00
.globl _sym_00b921e0
_sym_00b921e0:
.byte 0x00, 0x00, 0x00, 0xa0, 0x99, 0x99, 0xb9, 0x3f
.globl _sym_00b921e8
_sym_00b921e8:
.byte 0x00, 0x00, 0x00, 0x40, 0x1c, 0x79, 0xbd, 0x3f
.globl _sym_00b921f0
_sym_00b921f0:
.byte 0x00, 0x00, 0x00, 0x00, 0x00, 0x00, 0xc0, 0x3f
.globl _sym_00b921f8
_sym_00b921f8:
.byte 0x9a, 0x99, 0x99, 0x99, 0x99, 0x99, 0xc9, 0x3f
.globl _sym_00b92200
_sym_00b92200:
.byte 0x2f, 0xdd, 0x24, 0x06, 0x81, 0x95, 0xd3, 0x3f
.globl _sym_00b92208
_sym_00b92208:
.byte 0x14, 0xae, 0x47, 0xe1, 0x7a, 0x14, 0xd6, 0x3f
.globl _sym_00b92210
_sym_00b92210:
.byte 0x00, 0x00, 0x00, 0x00, 0x00, 0x00, 0xe0, 0x3f
.globl _sym_00b92218
_sym_00b92218:
.byte 0x33, 0x33, 0x33, 0x33, 0x33, 0x33, 0xe3, 0x3f
.globl _sym_00b92220
_sym_00b92220:
.byte 0x00, 0x00, 0x00, 0xa0, 0x42, 0x2e, 0xe6, 0x3f
.globl _sym_00b92228
_sym_00b92228:
.byte 0x66, 0x66, 0x66, 0x66, 0x66, 0x66, 0xe6, 0x3f
.globl _sym_00b92230
_sym_00b92230:
.byte 0xae, 0x47, 0xe1, 0x7a, 0x14, 0xae, 0xef, 0x3f
.globl _sym_00b92238
_sym_00b92238:
.byte 0x00, 0x00, 0x00, 0x00, 0x00, 0x00, 0xf0, 0x3f
.globl _sym_00b92240
_sym_00b92240:
.byte 0x38, 0xdf, 0x06, 0x00, 0x00, 0x00, 0xf0, 0x3f
.globl _sym_00b92248
_sym_00b92248:
.byte 0x00, 0x00, 0x00, 0x60, 0x47, 0x15, 0xf7, 0x3f
.globl _sym_00b92250
_sym_00b92250:
.byte 0x00, 0x00, 0x00, 0x00, 0x00, 0x00, 0xff, 0x3f
.globl _sym_00b92258
_sym_00b92258:
.byte 0x00, 0x00, 0x00, 0x40, 0x00, 0x00, 0x00, 0x00
.globl _sym_00b92260
_sym_00b92260:
.byte 0x00, 0x00, 0x00, 0x00, 0x00, 0x00, 0x00, 0x40
.globl _sym_00b92268
_sym_00b92268:
.byte 0x00, 0x00, 0x00, 0x00, 0x00, 0x80, 0x00, 0x40
.globl _sym_00b92270
_sym_00b92270:
.byte 0x00, 0x00, 0x00, 0x20, 0x85, 0xeb, 0x01, 0x40
.globl _sym_00b92278
_sym_00b92278:
.byte 0x00, 0x00, 0x00, 0x60, 0xfb, 0x21, 0x09, 0x40
.globl _sym_00b92280
_sym_00b92280:
.byte 0x00, 0x00, 0x00, 0x80, 0xf6, 0xdc, 0x17, 0x40
.globl _sym_00b92288
_sym_00b92288:
.byte 0xf1, 0xd4, 0xc8, 0x53, 0xfb, 0x21, 0x19, 0x40
.globl _sym_00b92290
_sym_00b92290:
.byte 0x00, 0x00, 0x00, 0x00, 0x00, 0x00, 0x1c, 0x40
.globl _sym_00b92298
_sym_00b92298:
.byte 0x00, 0x00, 0x00, 0x00, 0x00, 0x00, 0x20, 0x40
.globl _sym_00b922a0
_sym_00b922a0:
.byte 0x00, 0x00, 0x00, 0x00, 0x00, 0x00, 0x24, 0x40
.globl _sym_00b922a8
_sym_00b922a8:
.byte 0x00, 0x00, 0x00, 0x40, 0x33, 0x33, 0x2a, 0x40
.globl _sym_00b922b0
_sym_00b922b0:
.byte 0x00, 0x00, 0x00, 0x00, 0x00, 0x00, 0x2e, 0x40
.globl _sym_00b922b8
_sym_00b922b8:
.byte 0x00, 0x00, 0x00, 0x00, 0x00, 0x00, 0x3e, 0x40
.globl _sym_00b922c0
_sym_00b922c0:
.byte 0xdb, 0x0f, 0x49, 0x40, 0x00, 0x00, 0x00, 0x00
.globl _sym_00b922c8
_sym_00b922c8:
.byte 0x00, 0x00, 0x00, 0x00, 0x00, 0x80, 0x4f, 0x40
.globl _sym_00b922d0
_sym_00b922d0:
.byte 0x00, 0x00, 0x00, 0x00, 0x00, 0x00, 0x59, 0x40
.globl _sym_00b922d8
_sym_00b922d8:
.byte 0x00, 0x00, 0x00, 0x00, 0x00, 0xc0, 0x5f, 0x40
.globl _sym_00b922e0
_sym_00b922e0:
.byte 0x00, 0x00, 0x00, 0x00, 0x00, 0x00, 0x70, 0x40
.globl _sym_00b922e8
_sym_00b922e8:
.byte 0x00, 0x00, 0x80, 0x40, 0x00, 0x00, 0x00, 0x00
.globl _sym_00b922f0
_sym_00b922f0:
.byte 0x00, 0x00, 0x00, 0x00, 0x00, 0x40, 0xbf, 0x40
.globl _sym_00b922f8
_sym_00b922f8:
.byte 0x00, 0x00, 0xc0, 0x40
.globl _sym_00b922fc
_sym_00b922fc:
.byte 0xdb, 0x0f, 0xc9, 0x40
.globl _sym_00b92300
_sym_00b92300:
.byte 0xa1, 0x0e, 0xea, 0x40
.globl _sym_00b92304
_sym_00b92304:
.byte 0x00, 0x00, 0x00, 0x41
.globl _sym_00b92308
_sym_00b92308:
.byte 0x00, 0x00, 0x20, 0x41
.globl _sym_00b9230c
_sym_00b9230c:
.byte 0x00, 0x00, 0x80, 0x41
.globl _sym_00b92310
_sym_00b92310:
.byte 0x70, 0x27, 0x3f, 0x44
.globl _sym_00b92314
_sym_00b92314:
.byte 0x00, 0xc0, 0x79, 0x44
.globl _sym_00b92318
_sym_00b92318:
.byte 0x00, 0xe0, 0x7f, 0x44
.globl _sym_00b9231c
_sym_00b9231c:
.byte 0x80, 0x4f, 0xc3, 0x47
.globl _sym_00b92320
_sym_00b92320:
.byte 0x8d, 0xed, 0xb5, 0xa0, 0xf7, 0xc6, 0xb0, 0xbe
.globl _sym_00b92328
_sym_00b92328:
.byte 0x00, 0x00, 0x00, 0xbf
.globl _sym_00b9232c
_sym_00b9232c:
.byte 0xf3, 0x04, 0x35, 0xbf
.globl _sym_00b92330
_sym_00b92330:
.byte 0x00, 0x00, 0x80, 0xbf
.globl _sym_00b92334
_sym_00b92334:
.byte 0xf3, 0x04, 0xb5, 0xbf
.globl _sym_00b92338
_sym_00b92338:
.byte 0x00, 0x00, 0x00, 0x00, 0x00, 0x00, 0xe0, 0xbf
.globl _sym_00b92340
_sym_00b92340:
.byte 0x00, 0x00, 0x00, 0x00, 0x00, 0x00, 0xf0, 0xbf
.globl _sym_00b92348
_sym_00b92348:
.byte 0x9a, 0x99, 0x89, 0xc1
.globl _sym_00b9234c
_sym_00b9234c:
.byte 0x00, 0x00, 0xf0, 0xc1
.globl _sym_00b92350
_sym_00b92350:
.byte 0x00, 0x00, 0x48, 0xc3
.globl _sym_00b92354
_sym_00b92354:
.byte 0x00, 0x3c, 0x1c, 0xc6
.globl _sym_00b92358
_sym_00b92358:
.byte 0x80, 0x4f, 0xc3, 0xc7, 0x00, 0x00, 0x00, 0x00
.globl _sym_00b92360
_sym_00b92360:
.byte 0x00, 0x00, 0x00, 0x00, 0x01, 0x00, 0x00, 0x00, 0x02, 0x00, 0x00, 0x00, 0x03, 0x00, 0x00, 0x00
.globl _sym_00b92370
_sym_00b92370:
.byte 0x04, 0x00, 0x00, 0x00, 0x04, 0x00, 0x00, 0x00, 0x04, 0x00, 0x00, 0x00, 0x04, 0x00, 0x00, 0x00
.globl _sym_00b92380
_sym_00b92380:
.byte 0x44, 0x03, 0x00, 0x00, 0x44, 0x03, 0x00, 0x00, 0x44, 0x03, 0x00, 0x00, 0x44, 0x03, 0x00, 0x00
.globl _sym_00b92390
_sym_00b92390:
.byte 0xff, 0xff, 0x00, 0x00, 0xff, 0xff, 0x00, 0x00, 0xff, 0xff, 0x00, 0x00, 0xff, 0xff, 0x00, 0x00
.globl _sym_00b923a0
_sym_00b923a0:
.byte 0xff, 0x00, 0xff, 0x00, 0xff, 0x00, 0xff, 0x00, 0xff, 0x00, 0xff, 0x00, 0xff, 0x00, 0xff, 0x00
.globl _sym_00b923b0
_sym_00b923b0:
.byte 0x0f, 0x0f, 0x0f, 0x0f, 0x0f, 0x0f, 0x0f, 0x0f, 0x0f, 0x0f, 0x0f, 0x0f, 0x0f, 0x0f, 0x0f, 0x0f
.globl _sym_00b923c0
_sym_00b923c0:
.byte 0x33, 0x33, 0x33, 0x33, 0x33, 0x33, 0x33, 0x33, 0x33, 0x33, 0x33, 0x33, 0x33, 0x33, 0x33, 0x33
.globl _sym_00b923d0
_sym_00b923d0:
.byte 0x00, 0x00, 0x00, 0x00, 0x00, 0x00, 0x00, 0x40, 0x00, 0x00, 0x00, 0x00, 0x00, 0x00, 0x00, 0x40
.globl _sym_00b923e0
_sym_00b923e0:
.byte 0x00, 0x00, 0x00, 0x00, 0x00, 0x00, 0x00, 0x00, 0x00, 0x00, 0x00, 0x00, 0x00, 0x00, 0xf0, 0x41
.globl _sym_00b923f0
_sym_00b923f0:
.byte 0x55, 0x55, 0x55, 0x55, 0x55, 0x55, 0x55, 0x55, 0x55, 0x55, 0x55, 0x55, 0x55, 0x55, 0x55, 0x55
.globl _sym_00b92400
_sym_00b92400:
.byte 0xff, 0xff, 0xff, 0xff, 0xff, 0xff, 0xff, 0x7f, 0xff, 0xff, 0xff, 0xff, 0xff, 0xff, 0xff, 0x7f
.globl _sym_00b92410
_sym_00b92410:
.byte 0x00, 0x00, 0x00, 0x00, 0x00, 0x00, 0x00, 0x80, 0x00, 0x00, 0x00, 0x00, 0x00, 0x00, 0x00, 0x80
.globl _sym_00b92420
_sym_00b92420:
.byte 0x00, 0x00, 0x00, 0x80, 0x00, 0x00, 0x00, 0x80, 0x00, 0x00, 0x00, 0x80, 0x00, 0x00, 0x00, 0x80
.globl _sym_00b92430
_sym_00b92430:
.byte 0xaa, 0xaa, 0xaa, 0xaa, 0xaa, 0xaa, 0xaa, 0xaa, 0xaa, 0xaa, 0xaa, 0xaa, 0xaa, 0xaa, 0xaa, 0xaa
.globl _sym_00b92440
_sym_00b92440:
.byte 0xcc, 0xcc, 0xcc, 0xcc, 0xcc, 0xcc, 0xcc, 0xcc, 0xcc, 0xcc, 0xcc, 0xcc, 0xcc, 0xcc, 0xcc, 0xcc
.globl _sym_00b92450
_sym_00b92450:
.byte 0xf0, 0xf0, 0xf0, 0xf0, 0xf0, 0xf0, 0xf0, 0xf0, 0xf0, 0xf0, 0xf0, 0xf0, 0xf0, 0xf0, 0xf0, 0xf0
.globl _sym_00b92460
_sym_00b92460:
.byte 0x00, 0xff, 0x00, 0xff, 0x00, 0xff, 0x00, 0xff, 0x00, 0xff, 0x00, 0xff, 0x00, 0xff, 0x00, 0xff
.globl _sym_00b92470
_sym_00b92470:
.byte 0x00, 0x00, 0xff, 0xff, 0x00, 0x00, 0xff, 0xff, 0x00, 0x00, 0xff, 0xff, 0x00, 0x00, 0xff, 0xff
.byte 0x48, 0x00, 0x00, 0x00, 0x00, 0x00, 0x00, 0x00, 0x00, 0x00, 0x00, 0x00, 0x00, 0x00, 0x00, 0x00
.byte 0x00, 0x00, 0x00, 0x00, 0x00, 0x00, 0x00, 0x00, 0x00, 0x00, 0x00, 0x00, 0x00, 0x00, 0x00, 0x00
.byte 0x00, 0x00, 0x00, 0x00, 0x00, 0x00, 0x00, 0x00, 0x00, 0x00, 0x00, 0x00, 0x00, 0x00, 0x00, 0x00
.byte 0x00, 0x00, 0x00, 0x00, 0x00, 0x00, 0x00, 0x00, 0x00, 0x00, 0x00, 0x00
.long _sym_00c613d8
.long _sym_00bc6f30
.byte 0x68, 0x10, 0x00, 0x00, 0x52, 0x53, 0x44, 0x53, 0x08, 0x41, 0x0d, 0xf2, 0xf9, 0x54, 0x58, 0x49
.byte 0xb6, 0x81, 0xfd, 0x57, 0x8d, 0xbb, 0x66, 0x37, 0x01, 0x00, 0x00, 0x00, 0x52, 0x3a, 0x5c, 0x68
.byte 0x67, 0x5f, 0x63, 0x6f, 0x64, 0x65, 0x5c, 0x66, 0x66, 0x78, 0x5f, 0x77, 0x33, 0x32, 0x5c, 0x44
.byte 0x33, 0x44, 0x31, 0x31, 0x46, 0x69, 0x6e, 0x61, 0x6c, 0x5c, 0x46, 0x46, 0x58, 0x2e, 0x70, 0x64
.byte 0x62, 0x00, 0x00, 0x00, 0x00, 0x00, 0x00, 0x00, 0x00, 0x00, 0x00, 0x00, 0x00, 0x00, 0x00, 0x00
.byte 0x00, 0x00, 0x00, 0x00
.globl _sym_00b92518
_sym_00b92518:
.long _sym_00c0a014
.byte 0x00, 0x00, 0x00, 0x00, 0x00, 0x00, 0x00, 0x00, 0xff, 0xff, 0xff, 0xff, 0x00, 0x00, 0x00, 0x00
.byte 0x40, 0x00, 0x00, 0x00
.long _sym_00b92534
.globl _sym_00b92534
_sym_00b92534:
.byte 0x00, 0x00, 0x00, 0x00, 0x00, 0x00, 0x00, 0x00, 0x01, 0x00, 0x00, 0x00
.long _sym_00b92544
.globl _sym_00b92544
_sym_00b92544:
.long _sym_00b92518
.byte 0x00, 0x00, 0x00, 0x00
.globl _sym_00b9254c
_sym_00b9254c:
.byte 0x00, 0x00, 0x00, 0x00, 0x00, 0x00, 0x00, 0x00, 0x02, 0x00, 0x00, 0x00
.long _sym_00b9255c
.globl _sym_00b9255c
_sym_00b9255c:
.long _sym_00b92568
.long _sym_00b92518
.byte 0x00, 0x00, 0x00, 0x00
.globl _sym_00b92568
_sym_00b92568:
.long _sym_00c0a034
.byte 0x01, 0x00, 0x00, 0x00, 0x00, 0x00, 0x00, 0x00, 0xff, 0xff, 0xff, 0xff, 0x00, 0x00, 0x00, 0x00
.byte 0x40, 0x00, 0x00, 0x00
.long _sym_00b9254c
.globl _sym_00b92584
_sym_00b92584:
.long _sym_00c0a034
.byte 0x01, 0x00, 0x00, 0x00, 0x04, 0x00, 0x00, 0x00, 0xff, 0xff, 0xff, 0xff, 0x00, 0x00, 0x00, 0x00
.byte 0x40, 0x00, 0x00, 0x00
.long _sym_00b9254c
.globl _sym_00b925a0
_sym_00b925a0:
.long _sym_00c0a014
.byte 0x00, 0x00, 0x00, 0x00, 0x04, 0x00, 0x00, 0x00, 0xff, 0xff, 0xff, 0xff, 0x00, 0x00, 0x00, 0x00
.byte 0x40, 0x00, 0x00, 0x00
.long _sym_00b92534
.globl _sym_00b925bc
_sym_00b925bc:
.byte 0x00, 0x00, 0x00, 0x00, 0x00, 0x00, 0x00, 0x00, 0x00, 0x00, 0x00, 0x00
.long _sym_00c0a050
.long _sym_00b925d0
.globl _sym_00b925d0
_sym_00b925d0:
.byte 0x00, 0x00, 0x00, 0x00, 0x00, 0x00, 0x00, 0x00, 0x04, 0x00, 0x00, 0x00
.long _sym_00b925e0
.globl _sym_00b925e0
_sym_00b925e0:
.long _sym_00b925f4
.long _sym_00b92610
.long _sym_00b92584
.long _sym_00b925a0
.byte 0x00, 0x00, 0x00, 0x00
.globl _sym_00b925f4
_sym_00b925f4:
.long _sym_00c0a050
.byte 0x03, 0x00, 0x00, 0x00, 0x00, 0x00, 0x00, 0x00, 0xff, 0xff, 0xff, 0xff, 0x00, 0x00, 0x00, 0x00
.byte 0x40, 0x00, 0x00, 0x00
.long _sym_00b925d0
.globl _sym_00b92610
_sym_00b92610:
.long _sym_00c0a070
.byte 0x02, 0x00, 0x00, 0x00, 0x00, 0x00, 0x00, 0x00, 0xff, 0xff, 0xff, 0xff, 0x00, 0x00, 0x00, 0x00
.byte 0x40, 0x00, 0x00, 0x00
.long _sym_00b9262c
.globl _sym_00b9262c
_sym_00b9262c:
.byte 0x00, 0x00, 0x00, 0x00, 0x00, 0x00, 0x00, 0x00, 0x03, 0x00, 0x00, 0x00
.long _sym_00b9263c
.globl _sym_00b9263c
_sym_00b9263c:
.long _sym_00b92610
.long _sym_00b92584
.long _sym_00b925a0
.byte 0x00, 0x00, 0x00, 0x00
.globl _sym_00b9264c
_sym_00b9264c:
.byte 0x00, 0x00, 0x00, 0x00, 0x05, 0x00, 0x00, 0x00, 0x07, 0x00, 0x00, 0x00
.long _sym_00b9265c
.globl _sym_00b9265c
_sym_00b9265c:
.long _sym_00b9267c
.long _sym_00b92698
.long _sym_00b9277c
.long _sym_00b92798
.long _sym_00b927b4
.long _sym_00b927d0
.long _sym_00b927ec
.byte 0x00, 0x00, 0x00, 0x00
.globl _sym_00b9267c
_sym_00b9267c:
.long _sym_00c0a0a0
.byte 0x06, 0x00, 0x00, 0x00, 0x00, 0x00, 0x00, 0x00, 0xff, 0xff, 0xff, 0xff, 0x00, 0x00, 0x00, 0x00
.byte 0x40, 0x00, 0x00, 0x00
.long _sym_00b9264c
.globl _sym_00b92698
_sym_00b92698:
.long _sym_00c0a0bc
.byte 0x03, 0x00, 0x00, 0x00, 0x04, 0x00, 0x00, 0x00, 0xff, 0xff, 0xff, 0xff, 0x00, 0x00, 0x00, 0x00
.byte 0x40, 0x00, 0x00, 0x00
.long _sym_00b926b4
.globl _sym_00b926b4
_sym_00b926b4:
.byte 0x00, 0x00, 0x00, 0x00, 0x01, 0x00, 0x00, 0x00, 0x04, 0x00, 0x00, 0x00
.long _sym_00b926c4
.globl _sym_00b926c4
_sym_00b926c4:
.long _sym_00b926d8
.long _sym_00b926f4
.long _sym_00b92518
.long _sym_00b9272c
.byte 0x00, 0x00, 0x00, 0x00
.globl _sym_00b926d8
_sym_00b926d8:
.long _sym_00c0a0bc
.byte 0x03, 0x00, 0x00, 0x00, 0x00, 0x00, 0x00, 0x00, 0xff, 0xff, 0xff, 0xff, 0x00, 0x00, 0x00, 0x00
.byte 0x40, 0x00, 0x00, 0x00
.long _sym_00b926b4
.globl _sym_00b926f4
_sym_00b926f4:
.long _sym_00c0a0e0
.byte 0x01, 0x00, 0x00, 0x00, 0x00, 0x00, 0x00, 0x00, 0xff, 0xff, 0xff, 0xff, 0x00, 0x00, 0x00, 0x00
.byte 0x40, 0x00, 0x00, 0x00
.long _sym_00b92710
.globl _sym_00b92710
_sym_00b92710:
.byte 0x00, 0x00, 0x00, 0x00, 0x00, 0x00, 0x00, 0x00, 0x02, 0x00, 0x00, 0x00
.long _sym_00b92720
.globl _sym_00b92720
_sym_00b92720:
.long _sym_00b926f4
.long _sym_00b92518
.byte 0x00, 0x00, 0x00, 0x00
.globl _sym_00b9272c
_sym_00b9272c:
.long _sym_00c0a108
.byte 0x00, 0x00, 0x00, 0x00, 0x0c, 0x00, 0x00, 0x00, 0xff, 0xff, 0xff, 0xff, 0x00, 0x00, 0x00, 0x00
.byte 0x40, 0x00, 0x00, 0x00
.long _sym_00b92748
.globl _sym_00b92748
_sym_00b92748:
.byte 0x00, 0x00, 0x00, 0x00, 0x00, 0x00, 0x00, 0x00, 0x01, 0x00, 0x00, 0x00
.long _sym_00b92758
.globl _sym_00b92758
_sym_00b92758:
.long _sym_00b92760
.byte 0x00, 0x00, 0x00, 0x00
.globl _sym_00b92760
_sym_00b92760:
.long _sym_00c0a108
.byte 0x00, 0x00, 0x00, 0x00, 0x00, 0x00, 0x00, 0x00, 0xff, 0xff, 0xff, 0xff, 0x00, 0x00, 0x00, 0x00
.byte 0x40, 0x00, 0x00, 0x00
.long _sym_00b92748
.globl _sym_00b9277c
_sym_00b9277c:
.long _sym_00c0a0e0
.byte 0x01, 0x00, 0x00, 0x00, 0x04, 0x00, 0x00, 0x00, 0xff, 0xff, 0xff, 0xff, 0x00, 0x00, 0x00, 0x00
.byte 0x40, 0x00, 0x00, 0x00
.long _sym_00b92710
.globl _sym_00b92798
_sym_00b92798:
.long _sym_00c0a014
.byte 0x00, 0x00, 0x00, 0x00, 0x04, 0x00, 0x00, 0x00, 0xff, 0xff, 0xff, 0xff, 0x00, 0x00, 0x00, 0x00
.byte 0x42, 0x00, 0x00, 0x00
.long _sym_00b92534
.globl _sym_00b927b4
_sym_00b927b4:
.long _sym_00c0a108
.byte 0x00, 0x00, 0x00, 0x00, 0x10, 0x00, 0x00, 0x00, 0xff, 0xff, 0xff, 0xff, 0x00, 0x00, 0x00, 0x00
.byte 0x40, 0x00, 0x00, 0x00
.long _sym_00b92748
.globl _sym_00b927d0
_sym_00b927d0:
.long _sym_00c0a034
.byte 0x01, 0x00, 0x00, 0x00, 0x18, 0x00, 0x00, 0x00, 0xff, 0xff, 0xff, 0xff, 0x00, 0x00, 0x00, 0x00
.byte 0x40, 0x00, 0x00, 0x00
.long _sym_00b9254c
.globl _sym_00b927ec
_sym_00b927ec:
.long _sym_00c0a014
.byte 0x00, 0x00, 0x00, 0x00, 0x18, 0x00, 0x00, 0x00, 0xff, 0xff, 0xff, 0xff, 0x00, 0x00, 0x00, 0x00
.byte 0x42, 0x00, 0x00, 0x00
.long _sym_00b92534
.globl _sym_00b92808
_sym_00b92808:
.long _sym_00c0a130
.byte 0x09, 0x00, 0x00, 0x00, 0x00, 0x00, 0x00, 0x00, 0xff, 0xff, 0xff, 0xff, 0x00, 0x00, 0x00, 0x00
.byte 0x40, 0x00, 0x00, 0x00
.long _sym_00b92824
.globl _sym_00b92824
_sym_00b92824:
.byte 0x00, 0x00, 0x00, 0x00, 0x01, 0x00, 0x00, 0x00, 0x0a, 0x00, 0x00, 0x00
.long _sym_00b92834
.globl _sym_00b92834
_sym_00b92834:
.long _sym_00b92808
.long _sym_00b92860
.long _sym_00b9267c
.long _sym_00b92698
.long _sym_00b9277c
.long _sym_00b92798
.long _sym_00b927b4
.long _sym_00b927d0
.long _sym_00b927ec
.long _sym_00b928b0
.byte 0x00, 0x00, 0x00, 0x00
.globl _sym_00b92860
_sym_00b92860:
.long _sym_00c0a158
.byte 0x00, 0x00, 0x00, 0x00, 0x2c, 0x00, 0x00, 0x00, 0xff, 0xff, 0xff, 0xff, 0x00, 0x00, 0x00, 0x00
.byte 0x40, 0x00, 0x00, 0x00
.long _sym_00b9287c
.globl _sym_00b9287c
_sym_00b9287c:
.byte 0x00, 0x00, 0x00, 0x00, 0x00, 0x00, 0x00, 0x00, 0x01, 0x00, 0x00, 0x00
.long _sym_00b9288c
.globl _sym_00b9288c
_sym_00b9288c:
.long _sym_00b92894
.byte 0x00, 0x00, 0x00, 0x00
.globl _sym_00b92894
_sym_00b92894:
.long _sym_00c0a158
.byte 0x00, 0x00, 0x00, 0x00, 0x00, 0x00, 0x00, 0x00, 0xff, 0xff, 0xff, 0xff, 0x00, 0x00, 0x00, 0x00
.byte 0x40, 0x00, 0x00, 0x00
.long _sym_00b9287c
.globl _sym_00b928b0
_sym_00b928b0:
.long _sym_00c0a1a4
.byte 0x00, 0x00, 0x00, 0x00, 0x34, 0x00, 0x00, 0x00, 0xff, 0xff, 0xff, 0xff, 0x00, 0x00, 0x00, 0x00
.byte 0x40, 0x00, 0x00, 0x00
.long _sym_00b928cc
.globl _sym_00b928cc
_sym_00b928cc:
.byte 0x00, 0x00, 0x00, 0x00, 0x00, 0x00, 0x00, 0x00, 0x01, 0x00, 0x00, 0x00
.long _sym_00b928dc
.globl _sym_00b928dc
_sym_00b928dc:
.long _sym_00b928e4
.byte 0x00, 0x00, 0x00, 0x00
.globl _sym_00b928e4
_sym_00b928e4:
.long _sym_00c0a1a4
.byte 0x00, 0x00, 0x00, 0x00, 0x00, 0x00, 0x00, 0x00, 0xff, 0xff, 0xff, 0xff, 0x00, 0x00, 0x00, 0x00
.byte 0x40, 0x00, 0x00, 0x00
.long _sym_00b928cc
.globl _sym_00b92900
_sym_00b92900:
.byte 0x00, 0x00, 0x00, 0x00, 0x00, 0x00, 0x00, 0x00, 0x00, 0x00, 0x00, 0x00
.long _sym_00c0a1c8
.long _sym_00b92914
.globl _sym_00b92914
_sym_00b92914:
.byte 0x00, 0x00, 0x00, 0x00, 0x00, 0x00, 0x00, 0x00, 0x01, 0x00, 0x00, 0x00
.long _sym_00b92924
.globl _sym_00b92924
_sym_00b92924:
.long _sym_00b9292c
.byte 0x00, 0x00, 0x00, 0x00
.globl _sym_00b9292c
_sym_00b9292c:
.long _sym_00c0a1c8
.byte 0x00, 0x00, 0x00, 0x00, 0x00, 0x00, 0x00, 0x00, 0xff, 0xff, 0xff, 0xff, 0x00, 0x00, 0x00, 0x00
.byte 0x40, 0x00, 0x00, 0x00
.long _sym_00b92914
.globl _sym_00b92948
_sym_00b92948:
.byte 0x00, 0x00, 0x00, 0x00, 0x00, 0x00, 0x00, 0x00, 0x00, 0x00, 0x00, 0x00
.long _sym_00c0a1e4
.long _sym_00b9295c
.globl _sym_00b9295c
_sym_00b9295c:
.byte 0x00, 0x00, 0x00, 0x00, 0x01, 0x00, 0x00, 0x00, 0x0c, 0x00, 0x00, 0x00
.long _sym_00b9296c
.globl _sym_00b9296c
_sym_00b9296c:
.long _sym_00b929a0
.long _sym_00b929bc
.long _sym_00b92808
.long _sym_00b92860
.long _sym_00b9267c
.long _sym_00b92698
.long _sym_00b9277c
.long _sym_00b92798
.long _sym_00b927b4
.long _sym_00b927d0
.long _sym_00b927ec
.long _sym_00b928b0
.byte 0x00, 0x00, 0x00, 0x00
.globl _sym_00b929a0
_sym_00b929a0:
.long _sym_00c0a1e4
.byte 0x0b, 0x00, 0x00, 0x00, 0x00, 0x00, 0x00, 0x00, 0xff, 0xff, 0xff, 0xff, 0x00, 0x00, 0x00, 0x00
.byte 0x40, 0x00, 0x00, 0x00
.long _sym_00b9295c
.globl _sym_00b929bc
_sym_00b929bc:
.long _sym_00c0a224
.byte 0x0a, 0x00, 0x00, 0x00, 0x00, 0x00, 0x00, 0x00, 0xff, 0xff, 0xff, 0xff, 0x00, 0x00, 0x00, 0x00
.byte 0x40, 0x00, 0x00, 0x00
.long _sym_00b929d8
.globl _sym_00b929d8
_sym_00b929d8:
.byte 0x00, 0x00, 0x00, 0x00, 0x01, 0x00, 0x00, 0x00, 0x0b, 0x00, 0x00, 0x00
.long _sym_00b929e8
.globl _sym_00b929e8
_sym_00b929e8:
.long _sym_00b929bc
.long _sym_00b92808
.long _sym_00b92860
.long _sym_00b9267c
.long _sym_00b92698
.long _sym_00b9277c
.long _sym_00b92798
.long _sym_00b927b4
.long _sym_00b927d0
.long _sym_00b927ec
.long _sym_00b928b0
.byte 0x00, 0x00, 0x00, 0x00
.globl _sym_00b92a18
_sym_00b92a18:
.byte 0x00, 0x00, 0x00, 0x00, 0x00, 0x00, 0x00, 0x00, 0x00, 0x00, 0x00, 0x00
.long _sym_00c0a224
.long _sym_00b929d8
.globl _sym_00b92a2c
_sym_00b92a2c:
.byte 0x00, 0x00, 0x00, 0x00, 0x00, 0x00, 0x00, 0x00, 0x00, 0x00, 0x00, 0x00
.long _sym_00c0a268
.long _sym_00b92a40
.globl _sym_00b92a40
_sym_00b92a40:
.byte 0x00, 0x00, 0x00, 0x00, 0x00, 0x00, 0x00, 0x00, 0x02, 0x00, 0x00, 0x00
.long _sym_00b92a50
.globl _sym_00b92a50
_sym_00b92a50:
.long _sym_00b92a5c
.long _sym_00b9292c
.byte 0x00, 0x00, 0x00, 0x00
.globl _sym_00b92a5c
_sym_00b92a5c:
.long _sym_00c0a268
.byte 0x01, 0x00, 0x00, 0x00, 0x00, 0x00, 0x00, 0x00, 0xff, 0xff, 0xff, 0xff, 0x00, 0x00, 0x00, 0x00
.byte 0x40, 0x00, 0x00, 0x00
.long _sym_00b92a40
.globl _sym_00b92a78
_sym_00b92a78:
.byte 0x00, 0x00, 0x00, 0x00, 0x00, 0x00, 0x00, 0x00, 0x00, 0x00, 0x00, 0x00
.long _sym_00c0a2e0
.long _sym_00b92a8c
.globl _sym_00b92a8c
_sym_00b92a8c:
.byte 0x00, 0x00, 0x00, 0x00, 0x00, 0x00, 0x00, 0x00, 0x01, 0x00, 0x00, 0x00
.long _sym_00b92a9c
.globl _sym_00b92a9c
_sym_00b92a9c:
.long _sym_00b92aa4
.byte 0x00, 0x00, 0x00, 0x00
.globl _sym_00b92aa4
_sym_00b92aa4:
.long _sym_00c0a2e0
.byte 0x00, 0x00, 0x00, 0x00, 0x00, 0x00, 0x00, 0x00, 0xff, 0xff, 0xff, 0xff, 0x00, 0x00, 0x00, 0x00
.byte 0x40, 0x00, 0x00, 0x00
.long _sym_00b92a8c
.globl _sym_00b92ac0
_sym_00b92ac0:
.byte 0x00, 0x00, 0x00, 0x00, 0x00, 0x00, 0x00, 0x00, 0x00, 0x00, 0x00, 0x00
.long _sym_00c0a300
.long _sym_00b92ad4
.globl _sym_00b92ad4
_sym_00b92ad4:
.byte 0x00, 0x00, 0x00, 0x00, 0x00, 0x00, 0x00, 0x00, 0x02, 0x00, 0x00, 0x00
.long _sym_00b92ae4
.globl _sym_00b92ae4
_sym_00b92ae4:
.long _sym_00b92af0
.long _sym_00b92aa4
.byte 0x00, 0x00, 0x00, 0x00
.globl _sym_00b92af0
_sym_00b92af0:
.long _sym_00c0a300
.byte 0x01, 0x00, 0x00, 0x00, 0x00, 0x00, 0x00, 0x00, 0xff, 0xff, 0xff, 0xff, 0x00, 0x00, 0x00, 0x00
.byte 0x40, 0x00, 0x00, 0x00
.long _sym_00b92ad4
.globl _sym_00b92b0c
_sym_00b92b0c:
.byte 0x00, 0x00, 0x00, 0x00, 0x00, 0x00, 0x00, 0x00, 0x00, 0x00, 0x00, 0x00
.long _sym_00c0a34c
.long _sym_00b92b20
.globl _sym_00b92b20
_sym_00b92b20:
.byte 0x00, 0x00, 0x00, 0x00, 0x00, 0x00, 0x00, 0x00, 0x02, 0x00, 0x00, 0x00
.long _sym_00b92b30
.globl _sym_00b92b30
_sym_00b92b30:
.long _sym_00b92b3c
.long _sym_00b92aa4
.byte 0x00, 0x00, 0x00, 0x00
.globl _sym_00b92b3c
_sym_00b92b3c:
.long _sym_00c0a34c
.byte 0x01, 0x00, 0x00, 0x00, 0x00, 0x00, 0x00, 0x00, 0xff, 0xff, 0xff, 0xff, 0x00, 0x00, 0x00, 0x00
.byte 0x40, 0x00, 0x00, 0x00
.long _sym_00b92b20
.globl _sym_00b92b58
_sym_00b92b58:
.byte 0x00, 0x00, 0x00, 0x00, 0x00, 0x00, 0x00, 0x00, 0x00, 0x00, 0x00, 0x00
.long _sym_00c0a38c
.long _sym_00b92b6c
.globl _sym_00b92b6c
_sym_00b92b6c:
.byte 0x00, 0x00, 0x00, 0x00, 0x00, 0x00, 0x00, 0x00, 0x02, 0x00, 0x00, 0x00
.long _sym_00b92b7c
.globl _sym_00b92b7c
_sym_00b92b7c:
.long _sym_00b92b88
.long _sym_00b92aa4
.byte 0x00, 0x00, 0x00, 0x00
.globl _sym_00b92b88
_sym_00b92b88:
.long _sym_00c0a38c
.byte 0x01, 0x00, 0x00, 0x00, 0x00, 0x00, 0x00, 0x00, 0xff, 0xff, 0xff, 0xff, 0x00, 0x00, 0x00, 0x00
.byte 0x40, 0x00, 0x00, 0x00
.long _sym_00b92b6c
.globl _sym_00b92ba4
_sym_00b92ba4:
.byte 0x00, 0x00, 0x00, 0x00, 0x00, 0x00, 0x00, 0x00, 0x00, 0x00, 0x00, 0x00
.long _sym_00c0a3d0
.long _sym_00b92bb8
.globl _sym_00b92bb8
_sym_00b92bb8:
.byte 0x00, 0x00, 0x00, 0x00, 0x00, 0x00, 0x00, 0x00, 0x02, 0x00, 0x00, 0x00
.long _sym_00b92bc8
.globl _sym_00b92bc8
_sym_00b92bc8:
.long _sym_00b92bd4
.long _sym_00b92aa4
.byte 0x00, 0x00, 0x00, 0x00
.globl _sym_00b92bd4
_sym_00b92bd4:
.long _sym_00c0a3d0
.byte 0x01, 0x00, 0x00, 0x00, 0x00, 0x00, 0x00, 0x00, 0xff, 0xff, 0xff, 0xff, 0x00, 0x00, 0x00, 0x00
.byte 0x40, 0x00, 0x00, 0x00
.long _sym_00b92bb8
.globl _sym_00b92bf0
_sym_00b92bf0:
.byte 0x00, 0x00, 0x00, 0x00, 0x00, 0x00, 0x00, 0x00, 0x00, 0x00, 0x00, 0x00
.long _sym_00c0a40c
.long _sym_00b92c04
.globl _sym_00b92c04
_sym_00b92c04:
.byte 0x00, 0x00, 0x00, 0x00, 0x00, 0x00, 0x00, 0x00, 0x02, 0x00, 0x00, 0x00
.long _sym_00b92c14
.globl _sym_00b92c14
_sym_00b92c14:
.long _sym_00b92c20
.long _sym_00b92aa4
.byte 0x00, 0x00, 0x00, 0x00
.globl _sym_00b92c20
_sym_00b92c20:
.long _sym_00c0a40c
.byte 0x01, 0x00, 0x00, 0x00, 0x00, 0x00, 0x00, 0x00, 0xff, 0xff, 0xff, 0xff, 0x00, 0x00, 0x00, 0x00
.byte 0x40, 0x00, 0x00, 0x00
.long _sym_00b92c04
.globl _sym_00b92c3c
_sym_00b92c3c:
.byte 0x00, 0x00, 0x00, 0x00, 0x00, 0x00, 0x00, 0x00, 0x00, 0x00, 0x00, 0x00
.long _sym_00c0a450
.long _sym_00b92c50
.globl _sym_00b92c50
_sym_00b92c50:
.byte 0x00, 0x00, 0x00, 0x00, 0x00, 0x00, 0x00, 0x00, 0x02, 0x00, 0x00, 0x00
.long _sym_00b92c60
.globl _sym_00b92c60
_sym_00b92c60:
.long _sym_00b92c6c
.long _sym_00b92aa4
.byte 0x00, 0x00, 0x00, 0x00
.globl _sym_00b92c6c
_sym_00b92c6c:
.long _sym_00c0a450
.byte 0x01, 0x00, 0x00, 0x00, 0x00, 0x00, 0x00, 0x00, 0xff, 0xff, 0xff, 0xff, 0x00, 0x00, 0x00, 0x00
.byte 0x40, 0x00, 0x00, 0x00
.long _sym_00b92c50
.globl _sym_00b92c88
_sym_00b92c88:
.byte 0x00, 0x00, 0x00, 0x00, 0x00, 0x00, 0x00, 0x00, 0x00, 0x00, 0x00, 0x00
.long _sym_00c0a480
.long _sym_00b92c9c
.globl _sym_00b92c9c
_sym_00b92c9c:
.byte 0x00, 0x00, 0x00, 0x00, 0x00, 0x00, 0x00, 0x00, 0x02, 0x00, 0x00, 0x00
.long _sym_00b92cac
.globl _sym_00b92cac
_sym_00b92cac:
.long _sym_00b92cb8
.long _sym_00b92aa4
.byte 0x00, 0x00, 0x00, 0x00
.globl _sym_00b92cb8
_sym_00b92cb8:
.long _sym_00c0a480
.byte 0x01, 0x00, 0x00, 0x00, 0x00, 0x00, 0x00, 0x00, 0xff, 0xff, 0xff, 0xff, 0x00, 0x00, 0x00, 0x00
.byte 0x40, 0x00, 0x00, 0x00
.long _sym_00b92c9c
.globl _sym_00b92cd4
_sym_00b92cd4:
.byte 0x00, 0x00, 0x00, 0x00, 0x00, 0x00, 0x00, 0x00, 0x00, 0x00, 0x00, 0x00
.long _sym_00c0a4ac
.long _sym_00b92ce8
.globl _sym_00b92ce8
_sym_00b92ce8:
.byte 0x00, 0x00, 0x00, 0x00, 0x00, 0x00, 0x00, 0x00, 0x01, 0x00, 0x00, 0x00
.long _sym_00b92cf8
.globl _sym_00b92cf8
_sym_00b92cf8:
.long _sym_00b92d00
.byte 0x00, 0x00, 0x00, 0x00
.globl _sym_00b92d00
_sym_00b92d00:
.long _sym_00c0a4ac
.byte 0x00, 0x00, 0x00, 0x00, 0x00, 0x00, 0x00, 0x00, 0xff, 0xff, 0xff, 0xff, 0x00, 0x00, 0x00, 0x00
.byte 0x40, 0x00, 0x00, 0x00
.long _sym_00b92ce8
.globl _sym_00b92d1c
_sym_00b92d1c:
.byte 0x00, 0x00, 0x00, 0x00, 0x00, 0x00, 0x00, 0x00, 0x00, 0x00, 0x00, 0x00
.long _sym_00c0a4d0
.long _sym_00b92d30
.globl _sym_00b92d30
_sym_00b92d30:
.byte 0x00, 0x00, 0x00, 0x00, 0x01, 0x00, 0x00, 0x00, 0x0b, 0x00, 0x00, 0x00
.long _sym_00b92d40
.globl _sym_00b92d40
_sym_00b92d40:
.long _sym_00b92d70
.long _sym_00b92808
.long _sym_00b92860
.long _sym_00b9267c
.long _sym_00b92698
.long _sym_00b9277c
.long _sym_00b92798
.long _sym_00b927b4
.long _sym_00b927d0
.long _sym_00b927ec
.long _sym_00b928b0
.byte 0x00, 0x00, 0x00, 0x00
.globl _sym_00b92d70
_sym_00b92d70:
.long _sym_00c0a4d0
.byte 0x0a, 0x00, 0x00, 0x00, 0x00, 0x00, 0x00, 0x00, 0xff, 0xff, 0xff, 0xff, 0x00, 0x00, 0x00, 0x00
.byte 0x40, 0x00, 0x00, 0x00
.long _sym_00b92d30
.globl _sym_00b92d8c
_sym_00b92d8c:
.byte 0x00, 0x00, 0x00, 0x00, 0x00, 0x00, 0x00, 0x00, 0x00, 0x00, 0x00, 0x00
.long _sym_00c0a0a0
.long _sym_00b9264c
.globl _sym_00b92da0
_sym_00b92da0:
.byte 0x00, 0x00, 0x00, 0x00, 0x00, 0x00, 0x00, 0x00, 0x00, 0x00, 0x00, 0x00
.long _sym_00c0a510
.long _sym_00b92db4
.globl _sym_00b92db4
_sym_00b92db4:
.byte 0x00, 0x00, 0x00, 0x00, 0x01, 0x00, 0x00, 0x00, 0x08, 0x00, 0x00, 0x00
.long _sym_00b92dc4
.globl _sym_00b92dc4
_sym_00b92dc4:
.long _sym_00b92de8
.long _sym_00b9267c
.long _sym_00b92698
.long _sym_00b9277c
.long _sym_00b92798
.long _sym_00b927b4
.long _sym_00b927d0
.long _sym_00b927ec
.byte 0x00, 0x00, 0x00, 0x00
.globl _sym_00b92de8
_sym_00b92de8:
.long _sym_00c0a510
.byte 0x07, 0x00, 0x00, 0x00, 0x00, 0x00, 0x00, 0x00, 0xff, 0xff, 0xff, 0xff, 0x00, 0x00, 0x00, 0x00
.byte 0x40, 0x00, 0x00, 0x00
.long _sym_00b92db4
.globl _sym_00b92e04
_sym_00b92e04:
.byte 0x00, 0x00, 0x00, 0x00, 0x00, 0x00, 0x00, 0x00, 0x00, 0x00, 0x00, 0x00
.long _sym_00c0a538
.long _sym_00b92e18
.globl _sym_00b92e18
_sym_00b92e18:
.byte 0x00, 0x00, 0x00, 0x00, 0x01, 0x00, 0x00, 0x00, 0x08, 0x00, 0x00, 0x00
.long _sym_00b92e28
.globl _sym_00b92e28
_sym_00b92e28:
.long _sym_00b92e4c
.long _sym_00b9267c
.long _sym_00b92698
.long _sym_00b9277c
.long _sym_00b92798
.long _sym_00b927b4
.long _sym_00b927d0
.long _sym_00b927ec
.byte 0x00, 0x00, 0x00, 0x00
.globl _sym_00b92e4c
_sym_00b92e4c:
.long _sym_00c0a538
.byte 0x07, 0x00, 0x00, 0x00, 0x00, 0x00, 0x00, 0x00, 0xff, 0xff, 0xff, 0xff, 0x00, 0x00, 0x00, 0x00
.byte 0x40, 0x00, 0x00, 0x00
.long _sym_00b92e18
.globl _sym_00b92e68
_sym_00b92e68:
.byte 0x00, 0x00, 0x00, 0x00, 0x00, 0x00, 0x00, 0x00, 0x00, 0x00, 0x00, 0x00
.long _sym_00c0a560
.long _sym_00b92e7c
.globl _sym_00b92e7c
_sym_00b92e7c:
.byte 0x00, 0x00, 0x00, 0x00, 0x01, 0x00, 0x00, 0x00, 0x08, 0x00, 0x00, 0x00
.long _sym_00b92e8c
.globl _sym_00b92e8c
_sym_00b92e8c:
.long _sym_00b92eb0
.long _sym_00b9267c
.long _sym_00b92698
.long _sym_00b9277c
.long _sym_00b92798
.long _sym_00b927b4
.long _sym_00b927d0
.long _sym_00b927ec
.byte 0x00, 0x00, 0x00, 0x00
.globl _sym_00b92eb0
_sym_00b92eb0:
.long _sym_00c0a560
.byte 0x07, 0x00, 0x00, 0x00, 0x00, 0x00, 0x00, 0x00, 0xff, 0xff, 0xff, 0xff, 0x00, 0x00, 0x00, 0x00
.byte 0x40, 0x00, 0x00, 0x00
.long _sym_00b92e7c
.globl _sym_00b92ecc
_sym_00b92ecc:
.byte 0x00, 0x00, 0x00, 0x00, 0x00, 0x00, 0x00, 0x00, 0x00, 0x00, 0x00, 0x00
.long _sym_00c0a588
.long _sym_00b92ee0
.globl _sym_00b92ee0
_sym_00b92ee0:
.byte 0x00, 0x00, 0x00, 0x00, 0x01, 0x00, 0x00, 0x00, 0x08, 0x00, 0x00, 0x00
.long _sym_00b92ef0
.globl _sym_00b92ef0
_sym_00b92ef0:
.long _sym_00b92f14
.long _sym_00b9267c
.long _sym_00b92698
.long _sym_00b9277c
.long _sym_00b92798
.long _sym_00b927b4
.long _sym_00b927d0
.long _sym_00b927ec
.byte 0x00, 0x00, 0x00, 0x00
.globl _sym_00b92f14
_sym_00b92f14:
.long _sym_00c0a588
.byte 0x07, 0x00, 0x00, 0x00, 0x00, 0x00, 0x00, 0x00, 0xff, 0xff, 0xff, 0xff, 0x00, 0x00, 0x00, 0x00
.byte 0x40, 0x00, 0x00, 0x00
.long _sym_00b92ee0
.globl _sym_00b92f30
_sym_00b92f30:
.byte 0x00, 0x00, 0x00, 0x00, 0x00, 0x00, 0x00, 0x00, 0x00, 0x00, 0x00, 0x00
.long _sym_00c0a5b0
.long _sym_00b92f44
.globl _sym_00b92f44
_sym_00b92f44:
.byte 0x00, 0x00, 0x00, 0x00, 0x01, 0x00, 0x00, 0x00, 0x08, 0x00, 0x00, 0x00
.long _sym_00b92f54
.globl _sym_00b92f54
_sym_00b92f54:
.long _sym_00b92f78
.long _sym_00b9267c
.long _sym_00b92698
.long _sym_00b9277c
.long _sym_00b92798
.long _sym_00b927b4
.long _sym_00b927d0
.long _sym_00b927ec
.byte 0x00, 0x00, 0x00, 0x00
.globl _sym_00b92f78
_sym_00b92f78:
.long _sym_00c0a5b0
.byte 0x07, 0x00, 0x00, 0x00, 0x00, 0x00, 0x00, 0x00, 0xff, 0xff, 0xff, 0xff, 0x00, 0x00, 0x00, 0x00
.byte 0x40, 0x00, 0x00, 0x00
.long _sym_00b92f44
.globl _sym_00b92f94
_sym_00b92f94:
.byte 0x00, 0x00, 0x00, 0x00, 0x00, 0x00, 0x00, 0x00, 0x00, 0x00, 0x00, 0x00
.long _sym_00c0a5d8
.long _sym_00b92fa8
.globl _sym_00b92fa8
_sym_00b92fa8:
.byte 0x00, 0x00, 0x00, 0x00, 0x01, 0x00, 0x00, 0x00, 0x08, 0x00, 0x00, 0x00
.long _sym_00b92fb8
.globl _sym_00b92fb8
_sym_00b92fb8:
.long _sym_00b92fdc
.long _sym_00b9267c
.long _sym_00b92698
.long _sym_00b9277c
.long _sym_00b92798
.long _sym_00b927b4
.long _sym_00b927d0
.long _sym_00b927ec
.byte 0x00, 0x00, 0x00, 0x00
.globl _sym_00b92fdc
_sym_00b92fdc:
.long _sym_00c0a5d8
.byte 0x07, 0x00, 0x00, 0x00, 0x00, 0x00, 0x00, 0x00, 0xff, 0xff, 0xff, 0xff, 0x00, 0x00, 0x00, 0x00
.byte 0x40, 0x00, 0x00, 0x00
.long _sym_00b92fa8
.globl _sym_00b92ff8
_sym_00b92ff8:
.byte 0x00, 0x00, 0x00, 0x00, 0x00, 0x00, 0x00, 0x00, 0x00, 0x00, 0x00, 0x00
.long _sym_00c0a600
.long _sym_00b9300c
.globl _sym_00b9300c
_sym_00b9300c:
.byte 0x00, 0x00, 0x00, 0x00, 0x01, 0x00, 0x00, 0x00, 0x08, 0x00, 0x00, 0x00
.long _sym_00b9301c
.globl _sym_00b9301c
_sym_00b9301c:
.long _sym_00b93040
.long _sym_00b9267c
.long _sym_00b92698
.long _sym_00b9277c
.long _sym_00b92798
.long _sym_00b927b4
.long _sym_00b927d0
.long _sym_00b927ec
.byte 0x00, 0x00, 0x00, 0x00
.globl _sym_00b93040
_sym_00b93040:
.long _sym_00c0a600
.byte 0x07, 0x00, 0x00, 0x00, 0x00, 0x00, 0x00, 0x00, 0xff, 0xff, 0xff, 0xff, 0x00, 0x00, 0x00, 0x00
.byte 0x40, 0x00, 0x00, 0x00
.long _sym_00b9300c
.globl _sym_00b9305c
_sym_00b9305c:
.byte 0x00, 0x00, 0x00, 0x00, 0x00, 0x00, 0x00, 0x00, 0x00, 0x00, 0x00, 0x00
.long _sym_00c0a628
.long _sym_00b93070
.globl _sym_00b93070
_sym_00b93070:
.byte 0x00, 0x00, 0x00, 0x00, 0x01, 0x00, 0x00, 0x00, 0x08, 0x00, 0x00, 0x00
.long _sym_00b93080
.globl _sym_00b93080
_sym_00b93080:
.long _sym_00b930a4
.long _sym_00b9267c
.long _sym_00b92698
.long _sym_00b9277c
.long _sym_00b92798
.long _sym_00b927b4
.long _sym_00b927d0
.long _sym_00b927ec
.byte 0x00, 0x00, 0x00, 0x00
.globl _sym_00b930a4
_sym_00b930a4:
.long _sym_00c0a628
.byte 0x07, 0x00, 0x00, 0x00, 0x00, 0x00, 0x00, 0x00, 0xff, 0xff, 0xff, 0xff, 0x00, 0x00, 0x00, 0x00
.byte 0x40, 0x00, 0x00, 0x00
.long _sym_00b93070
.globl _sym_00b930c0
_sym_00b930c0:
.byte 0x00, 0x00, 0x00, 0x00, 0x00, 0x00, 0x00, 0x00, 0x00, 0x00, 0x00, 0x00
.long _sym_00c0a650
.long _sym_00b930d4
.globl _sym_00b930d4
_sym_00b930d4:
.byte 0x00, 0x00, 0x00, 0x00, 0x01, 0x00, 0x00, 0x00, 0x08, 0x00, 0x00, 0x00
.long _sym_00b930e4
.globl _sym_00b930e4
_sym_00b930e4:
.long _sym_00b93108
.long _sym_00b9267c
.long _sym_00b92698
.long _sym_00b9277c
.long _sym_00b92798
.long _sym_00b927b4
.long _sym_00b927d0
.long _sym_00b927ec
.byte 0x00, 0x00, 0x00, 0x00
.globl _sym_00b93108
_sym_00b93108:
.long _sym_00c0a650
.byte 0x07, 0x00, 0x00, 0x00, 0x00, 0x00, 0x00, 0x00, 0xff, 0xff, 0xff, 0xff, 0x00, 0x00, 0x00, 0x00
.byte 0x40, 0x00, 0x00, 0x00
.long _sym_00b930d4
.globl _sym_00b93124
_sym_00b93124:
.byte 0x00, 0x00, 0x00, 0x00, 0x00, 0x00, 0x00, 0x00, 0x00, 0x00, 0x00, 0x00
.long _sym_00c0a678
.long _sym_00b93138
.globl _sym_00b93138
_sym_00b93138:
.byte 0x00, 0x00, 0x00, 0x00, 0x01, 0x00, 0x00, 0x00, 0x08, 0x00, 0x00, 0x00
.long _sym_00b93148
.globl _sym_00b93148
_sym_00b93148:
.long _sym_00b9316c
.long _sym_00b9267c
.long _sym_00b92698
.long _sym_00b9277c
.long _sym_00b92798
.long _sym_00b927b4
.long _sym_00b927d0
.long _sym_00b927ec
.byte 0x00, 0x00, 0x00, 0x00
.globl _sym_00b9316c
_sym_00b9316c:
.long _sym_00c0a678
.byte 0x07, 0x00, 0x00, 0x00, 0x00, 0x00, 0x00, 0x00, 0xff, 0xff, 0xff, 0xff, 0x00, 0x00, 0x00, 0x00
.byte 0x40, 0x00, 0x00, 0x00
.long _sym_00b93138
.globl _sym_00b93188
_sym_00b93188:
.byte 0x00, 0x00, 0x00, 0x00, 0x00, 0x00, 0x00, 0x00, 0x00, 0x00, 0x00, 0x00
.long _sym_00c0a6a0
.long _sym_00b9319c
.globl _sym_00b9319c
_sym_00b9319c:
.byte 0x00, 0x00, 0x00, 0x00, 0x01, 0x00, 0x00, 0x00, 0x08, 0x00, 0x00, 0x00
.long _sym_00b931ac
.globl _sym_00b931ac
_sym_00b931ac:
.long _sym_00b931d0
.long _sym_00b9267c
.long _sym_00b92698
.long _sym_00b9277c
.long _sym_00b92798
.long _sym_00b927b4
.long _sym_00b927d0
.long _sym_00b927ec
.byte 0x00, 0x00, 0x00, 0x00
.globl _sym_00b931d0
_sym_00b931d0:
.long _sym_00c0a6a0
.byte 0x07, 0x00, 0x00, 0x00, 0x00, 0x00, 0x00, 0x00, 0xff, 0xff, 0xff, 0xff, 0x00, 0x00, 0x00, 0x00
.byte 0x40, 0x00, 0x00, 0x00
.long _sym_00b9319c
.globl _sym_00b931ec
_sym_00b931ec:
.byte 0x00, 0x00, 0x00, 0x00, 0x00, 0x00, 0x00, 0x00, 0x00, 0x00, 0x00, 0x00
.long _sym_00c0a6c8
.long _sym_00b93200
.globl _sym_00b93200
_sym_00b93200:
.byte 0x00, 0x00, 0x00, 0x00, 0x01, 0x00, 0x00, 0x00, 0x08, 0x00, 0x00, 0x00
.long _sym_00b93210
.globl _sym_00b93210
_sym_00b93210:
.long _sym_00b93234
.long _sym_00b9267c
.long _sym_00b92698
.long _sym_00b9277c
.long _sym_00b92798
.long _sym_00b927b4
.long _sym_00b927d0
.long _sym_00b927ec
.byte 0x00, 0x00, 0x00, 0x00
.globl _sym_00b93234
_sym_00b93234:
.long _sym_00c0a6c8
.byte 0x07, 0x00, 0x00, 0x00, 0x00, 0x00, 0x00, 0x00, 0xff, 0xff, 0xff, 0xff, 0x00, 0x00, 0x00, 0x00
.byte 0x40, 0x00, 0x00, 0x00
.long _sym_00b93200
.globl _sym_00b93250
_sym_00b93250:
.byte 0x00, 0x00, 0x00, 0x00, 0x00, 0x00, 0x00, 0x00, 0x00, 0x00, 0x00, 0x00
.long _sym_00c0a700
.long _sym_00b93264
.globl _sym_00b93264
_sym_00b93264:
.byte 0x00, 0x00, 0x00, 0x00, 0x01, 0x00, 0x00, 0x00, 0x0d, 0x00, 0x00, 0x00
.long _sym_00b93274
.globl _sym_00b93274
_sym_00b93274:
.long _sym_00b932ac
.long _sym_00b932c8
.long _sym_00b93328
.long _sym_00b92808
.long _sym_00b92860
.long _sym_00b9267c
.long _sym_00b92698
.long _sym_00b9277c
.long _sym_00b92798
.long _sym_00b927b4
.long _sym_00b927d0
.long _sym_00b927ec
.long _sym_00b928b0
.byte 0x00, 0x00, 0x00, 0x00
.globl _sym_00b932ac
_sym_00b932ac:
.long _sym_00c0a700
.byte 0x0c, 0x00, 0x00, 0x00, 0x00, 0x00, 0x00, 0x00, 0xff, 0xff, 0xff, 0xff, 0x00, 0x00, 0x00, 0x00
.byte 0x40, 0x00, 0x00, 0x00
.long _sym_00b93264
.globl _sym_00b932c8
_sym_00b932c8:
.long _sym_00c0a758
.byte 0x0b, 0x00, 0x00, 0x00, 0x00, 0x00, 0x00, 0x00, 0xff, 0xff, 0xff, 0xff, 0x00, 0x00, 0x00, 0x00
.byte 0x40, 0x00, 0x00, 0x00
.long _sym_00b932e4
.globl _sym_00b932e4
_sym_00b932e4:
.byte 0x00, 0x00, 0x00, 0x00, 0x01, 0x00, 0x00, 0x00, 0x0c, 0x00, 0x00, 0x00
.long _sym_00b932f4
.globl _sym_00b932f4
_sym_00b932f4:
.long _sym_00b932c8
.long _sym_00b93328
.long _sym_00b92808
.long _sym_00b92860
.long _sym_00b9267c
.long _sym_00b92698
.long _sym_00b9277c
.long _sym_00b92798
.long _sym_00b927b4
.long _sym_00b927d0
.long _sym_00b927ec
.long _sym_00b928b0
.byte 0x00, 0x00, 0x00, 0x00
.globl _sym_00b93328
_sym_00b93328:
.long _sym_00c0a7a0
.byte 0x0a, 0x00, 0x00, 0x00, 0x00, 0x00, 0x00, 0x00, 0xff, 0xff, 0xff, 0xff, 0x00, 0x00, 0x00, 0x00
.byte 0x40, 0x00, 0x00, 0x00
.long _sym_00b93344
.globl _sym_00b93344
_sym_00b93344:
.byte 0x00, 0x00, 0x00, 0x00, 0x01, 0x00, 0x00, 0x00, 0x0b, 0x00, 0x00, 0x00
.long _sym_00b93354
.globl _sym_00b93354
_sym_00b93354:
.long _sym_00b93328
.long _sym_00b92808
.long _sym_00b92860
.long _sym_00b9267c
.long _sym_00b92698
.long _sym_00b9277c
.long _sym_00b92798
.long _sym_00b927b4
.long _sym_00b927d0
.long _sym_00b927ec
.long _sym_00b928b0
.byte 0x00, 0x00, 0x00, 0x00
.globl _sym_00b93384
_sym_00b93384:
.byte 0x00, 0x00, 0x00, 0x00, 0x00, 0x00, 0x00, 0x00, 0x00, 0x00, 0x00, 0x00
.long _sym_00c0a758
.long _sym_00b932e4
.globl _sym_00b93398
_sym_00b93398:
.byte 0x00, 0x00, 0x00, 0x00, 0x00, 0x00, 0x00, 0x00, 0x00, 0x00, 0x00, 0x00
.long _sym_00c0a7a0
.long _sym_00b93344
.globl _sym_00b933ac
_sym_00b933ac:
.byte 0x00, 0x00, 0x00, 0x00, 0x00, 0x00, 0x00, 0x00, 0x00, 0x00, 0x00, 0x00
.long _sym_00c0a7e8
.long _sym_00b933c0
.globl _sym_00b933c0
_sym_00b933c0:
.byte 0x00, 0x00, 0x00, 0x00, 0x01, 0x00, 0x00, 0x00, 0x0c, 0x00, 0x00, 0x00
.long _sym_00b933d0
.globl _sym_00b933d0
_sym_00b933d0:
.long _sym_00b93404
.long _sym_00b93420
.long _sym_00b92808
.long _sym_00b92860
.long _sym_00b9267c
.long _sym_00b92698
.long _sym_00b9277c
.long _sym_00b92798
.long _sym_00b927b4
.long _sym_00b927d0
.long _sym_00b927ec
.long _sym_00b928b0
.byte 0x00, 0x00, 0x00, 0x00
.globl _sym_00b93404
_sym_00b93404:
.long _sym_00c0a7e8
.byte 0x0b, 0x00, 0x00, 0x00, 0x00, 0x00, 0x00, 0x00, 0xff, 0xff, 0xff, 0xff, 0x00, 0x00, 0x00, 0x00
.byte 0x40, 0x00, 0x00, 0x00
.long _sym_00b933c0
.globl _sym_00b93420
_sym_00b93420:
.long _sym_00c0a838
.byte 0x0a, 0x00, 0x00, 0x00, 0x00, 0x00, 0x00, 0x00, 0xff, 0xff, 0xff, 0xff, 0x00, 0x00, 0x00, 0x00
.byte 0x40, 0x00, 0x00, 0x00
.long _sym_00b9343c
.globl _sym_00b9343c
_sym_00b9343c:
.byte 0x00, 0x00, 0x00, 0x00, 0x01, 0x00, 0x00, 0x00, 0x0b, 0x00, 0x00, 0x00
.long _sym_00b9344c
.globl _sym_00b9344c
_sym_00b9344c:
.long _sym_00b93420
.long _sym_00b92808
.long _sym_00b92860
.long _sym_00b9267c
.long _sym_00b92698
.long _sym_00b9277c
.long _sym_00b92798
.long _sym_00b927b4
.long _sym_00b927d0
.long _sym_00b927ec
.long _sym_00b928b0
.byte 0x00, 0x00, 0x00, 0x00
.globl _sym_00b9347c
_sym_00b9347c:
.byte 0x00, 0x00, 0x00, 0x00, 0x00, 0x00, 0x00, 0x00, 0x00, 0x00, 0x00, 0x00
.long _sym_00c0a838
.long _sym_00b9343c
.globl _sym_00b93490
_sym_00b93490:
.byte 0x00, 0x00, 0x00, 0x00, 0x00, 0x00, 0x00, 0x00, 0x00, 0x00, 0x00, 0x00
.long _sym_00c0a130
.long _sym_00b92824
.globl _sym_00b934a4
_sym_00b934a4:
.byte 0x00, 0x00, 0x00, 0x00, 0x00, 0x00, 0x00, 0x00, 0x00, 0x00, 0x00, 0x00
.long _sym_00c0a880
.long _sym_00b934b8
.globl _sym_00b934b8
_sym_00b934b8:
.byte 0x00, 0x00, 0x00, 0x00, 0x01, 0x00, 0x00, 0x00, 0x0d, 0x00, 0x00, 0x00
.long _sym_00b934c8
.globl _sym_00b934c8
_sym_00b934c8:
.long _sym_00b93500
.long _sym_00b93404
.long _sym_00b93420
.long _sym_00b92808
.long _sym_00b92860
.long _sym_00b9267c
.long _sym_00b92698
.long _sym_00b9277c
.long _sym_00b92798
.long _sym_00b927b4
.long _sym_00b927d0
.long _sym_00b927ec
.long _sym_00b928b0
.byte 0x00, 0x00, 0x00, 0x00
.globl _sym_00b93500
_sym_00b93500:
.long _sym_00c0a880
.byte 0x0c, 0x00, 0x00, 0x00, 0x00, 0x00, 0x00, 0x00, 0xff, 0xff, 0xff, 0xff, 0x00, 0x00, 0x00, 0x00
.byte 0x40, 0x00, 0x00, 0x00
.long _sym_00b934b8
.globl _sym_00b9351c
_sym_00b9351c:
.byte 0x00, 0x00, 0x00, 0x00, 0x00, 0x00, 0x00, 0x00, 0x00, 0x00, 0x00, 0x00
.long _sym_00c0a8b8
.long _sym_00b93530
.globl _sym_00b93530
_sym_00b93530:
.byte 0x00, 0x00, 0x00, 0x00, 0x00, 0x00, 0x00, 0x00, 0x02, 0x00, 0x00, 0x00
.long _sym_00b93540
.globl _sym_00b93540
_sym_00b93540:
.long _sym_00b9354c
.long _sym_00b9292c
.byte 0x00, 0x00, 0x00, 0x00
.globl _sym_00b9354c
_sym_00b9354c:
.long _sym_00c0a8b8
.byte 0x01, 0x00, 0x00, 0x00, 0x00, 0x00, 0x00, 0x00, 0xff, 0xff, 0xff, 0xff, 0x00, 0x00, 0x00, 0x00
.byte 0x40, 0x00, 0x00, 0x00
.long _sym_00b93530
.globl _sym_00b93568
_sym_00b93568:
.byte 0x00, 0x00, 0x00, 0x00, 0x00, 0x00, 0x00, 0x00, 0x00, 0x00, 0x00, 0x00
.long _sym_00c0a940
.long _sym_00b9357c
.globl _sym_00b9357c
_sym_00b9357c:
.byte 0x00, 0x00, 0x00, 0x00, 0x01, 0x00, 0x00, 0x00, 0x0c, 0x00, 0x00, 0x00
.long _sym_00b9358c
.globl _sym_00b9358c
_sym_00b9358c:
.long _sym_00b935c0
.long _sym_00b935dc
.long _sym_00b92808
.long _sym_00b92860
.long _sym_00b9267c
.long _sym_00b92698
.long _sym_00b9277c
.long _sym_00b92798
.long _sym_00b927b4
.long _sym_00b927d0
.long _sym_00b927ec
.long _sym_00b928b0
.byte 0x00, 0x00, 0x00, 0x00
.globl _sym_00b935c0
_sym_00b935c0:
.long _sym_00c0a940
.byte 0x0b, 0x00, 0x00, 0x00, 0x00, 0x00, 0x00, 0x00, 0xff, 0xff, 0xff, 0xff, 0x00, 0x00, 0x00, 0x00
.byte 0x40, 0x00, 0x00, 0x00
.long _sym_00b9357c
.globl _sym_00b935dc
_sym_00b935dc:
.long _sym_00c0a988
.byte 0x0a, 0x00, 0x00, 0x00, 0x00, 0x00, 0x00, 0x00, 0xff, 0xff, 0xff, 0xff, 0x00, 0x00, 0x00, 0x00
.byte 0x40, 0x00, 0x00, 0x00
.long _sym_00b935f8
.globl _sym_00b935f8
_sym_00b935f8:
.byte 0x00, 0x00, 0x00, 0x00, 0x01, 0x00, 0x00, 0x00, 0x0b, 0x00, 0x00, 0x00
.long _sym_00b93608
.globl _sym_00b93608
_sym_00b93608:
.long _sym_00b935dc
.long _sym_00b92808
.long _sym_00b92860
.long _sym_00b9267c
.long _sym_00b92698
.long _sym_00b9277c
.long _sym_00b92798
.long _sym_00b927b4
.long _sym_00b927d0
.long _sym_00b927ec
.long _sym_00b928b0
.byte 0x00, 0x00, 0x00, 0x00
.globl _sym_00b93638
_sym_00b93638:
.byte 0x00, 0x00, 0x00, 0x00, 0x00, 0x00, 0x00, 0x00, 0x00, 0x00, 0x00, 0x00
.long _sym_00c0a988
.long _sym_00b935f8
.globl _sym_00b9364c
_sym_00b9364c:
.byte 0x00, 0x00, 0x00, 0x00, 0x00, 0x00, 0x00, 0x00, 0x00, 0x00, 0x00, 0x00
.long _sym_00c0a9d0
.long _sym_00b93660
.globl _sym_00b93660
_sym_00b93660:
.byte 0x00, 0x00, 0x00, 0x00, 0x00, 0x00, 0x00, 0x00, 0x02, 0x00, 0x00, 0x00
.long _sym_00b93670
.globl _sym_00b93670
_sym_00b93670:
.long _sym_00b9367c
.long _sym_00b9292c
.byte 0x00, 0x00, 0x00, 0x00
.globl _sym_00b9367c
_sym_00b9367c:
.long _sym_00c0a9d0
.byte 0x01, 0x00, 0x00, 0x00, 0x00, 0x00, 0x00, 0x00, 0xff, 0xff, 0xff, 0xff, 0x00, 0x00, 0x00, 0x00
.byte 0x40, 0x00, 0x00, 0x00
.long _sym_00b93660
.globl _sym_00b93698
_sym_00b93698:
.byte 0x00, 0x00, 0x00, 0x00, 0x00, 0x00, 0x00, 0x00, 0x00, 0x00, 0x00, 0x00
.long _sym_00c0aa50
.long _sym_00b936ac
.globl _sym_00b936ac
_sym_00b936ac:
.byte 0x00, 0x00, 0x00, 0x00, 0x00, 0x00, 0x00, 0x00, 0x02, 0x00, 0x00, 0x00
.long _sym_00b936bc
.globl _sym_00b936bc
_sym_00b936bc:
.long _sym_00b936c8
.long _sym_00b9292c
.byte 0x00, 0x00, 0x00, 0x00
.globl _sym_00b936c8
_sym_00b936c8:
.long _sym_00c0aa50
.byte 0x01, 0x00, 0x00, 0x00, 0x00, 0x00, 0x00, 0x00, 0xff, 0xff, 0xff, 0xff, 0x00, 0x00, 0x00, 0x00
.byte 0x40, 0x00, 0x00, 0x00
.long _sym_00b936ac
.globl _sym_00b936e4
_sym_00b936e4:
.byte 0x00, 0x00, 0x00, 0x00, 0x00, 0x00, 0x00, 0x00, 0x00, 0x00, 0x00, 0x00
.long _sym_00c0aae0
.long _sym_00b936f8
.globl _sym_00b936f8
_sym_00b936f8:
.byte 0x00, 0x00, 0x00, 0x00, 0x01, 0x00, 0x00, 0x00, 0x0c, 0x00, 0x00, 0x00
.long _sym_00b93708
.globl _sym_00b93708
_sym_00b93708:
.long _sym_00b9373c
.long _sym_00b93758
.long _sym_00b92808
.long _sym_00b92860
.long _sym_00b9267c
.long _sym_00b92698
.long _sym_00b9277c
.long _sym_00b92798
.long _sym_00b927b4
.long _sym_00b927d0
.long _sym_00b927ec
.long _sym_00b928b0
.byte 0x00, 0x00, 0x00, 0x00
.globl _sym_00b9373c
_sym_00b9373c:
.long _sym_00c0aae0
.byte 0x0b, 0x00, 0x00, 0x00, 0x00, 0x00, 0x00, 0x00, 0xff, 0xff, 0xff, 0xff, 0x00, 0x00, 0x00, 0x00
.byte 0x40, 0x00, 0x00, 0x00
.long _sym_00b936f8
.globl _sym_00b93758
_sym_00b93758:
.long _sym_00c0ab28
.byte 0x0a, 0x00, 0x00, 0x00, 0x00, 0x00, 0x00, 0x00, 0xff, 0xff, 0xff, 0xff, 0x00, 0x00, 0x00, 0x00
.byte 0x40, 0x00, 0x00, 0x00
.long _sym_00b93774
.globl _sym_00b93774
_sym_00b93774:
.byte 0x00, 0x00, 0x00, 0x00, 0x01, 0x00, 0x00, 0x00, 0x0b, 0x00, 0x00, 0x00
.long _sym_00b93784
.globl _sym_00b93784
_sym_00b93784:
.long _sym_00b93758
.long _sym_00b92808
.long _sym_00b92860
.long _sym_00b9267c
.long _sym_00b92698
.long _sym_00b9277c
.long _sym_00b92798
.long _sym_00b927b4
.long _sym_00b927d0
.long _sym_00b927ec
.long _sym_00b928b0
.byte 0x00, 0x00, 0x00, 0x00
.globl _sym_00b937b4
_sym_00b937b4:
.byte 0x00, 0x00, 0x00, 0x00, 0x00, 0x00, 0x00, 0x00, 0x00, 0x00, 0x00, 0x00
.long _sym_00c0ab28
.long _sym_00b93774
.globl _sym_00b937c8
_sym_00b937c8:
.byte 0x00, 0x00, 0x00, 0x00, 0x00, 0x00, 0x00, 0x00, 0x00, 0x00, 0x00, 0x00
.long _sym_00c0ab68
.long _sym_00b937dc
.globl _sym_00b937dc
_sym_00b937dc:
.byte 0x00, 0x00, 0x00, 0x00, 0x00, 0x00, 0x00, 0x00, 0x02, 0x00, 0x00, 0x00
.long _sym_00b937ec
.globl _sym_00b937ec
_sym_00b937ec:
.long _sym_00b937f8
.long _sym_00b9292c
.byte 0x00, 0x00, 0x00, 0x00
.globl _sym_00b937f8
_sym_00b937f8:
.long _sym_00c0ab68
.byte 0x01, 0x00, 0x00, 0x00, 0x00, 0x00, 0x00, 0x00, 0xff, 0xff, 0xff, 0xff, 0x00, 0x00, 0x00, 0x00
.byte 0x40, 0x00, 0x00, 0x00
.long _sym_00b937dc
.globl _sym_00b93814
_sym_00b93814:
.byte 0x00, 0x00, 0x00, 0x00, 0x00, 0x00, 0x00, 0x00, 0x00, 0x00, 0x00, 0x00
.long _sym_00c0ac08
.long _sym_00b93828
.globl _sym_00b93828
_sym_00b93828:
.byte 0x00, 0x00, 0x00, 0x00, 0x00, 0x00, 0x00, 0x00, 0x02, 0x00, 0x00, 0x00
.long _sym_00b93838
.globl _sym_00b93838
_sym_00b93838:
.long _sym_00b93844
.long _sym_00b9292c
.byte 0x00, 0x00, 0x00, 0x00
.globl _sym_00b93844
_sym_00b93844:
.long _sym_00c0ac08
.byte 0x01, 0x00, 0x00, 0x00, 0x00, 0x00, 0x00, 0x00, 0xff, 0xff, 0xff, 0xff, 0x00, 0x00, 0x00, 0x00
.byte 0x40, 0x00, 0x00, 0x00
.long _sym_00b93828
.globl _sym_00b93860
_sym_00b93860:
.byte 0x00, 0x00, 0x00, 0x00, 0x00, 0x00, 0x00, 0x00, 0x00, 0x00, 0x00, 0x00
.long _sym_00c0ac98
.long _sym_00b93874
.globl _sym_00b93874
_sym_00b93874:
.byte 0x00, 0x00, 0x00, 0x00, 0x00, 0x00, 0x00, 0x00, 0x02, 0x00, 0x00, 0x00
.long _sym_00b93884
.globl _sym_00b93884
_sym_00b93884:
.long _sym_00b93890
.long _sym_00b9292c
.byte 0x00, 0x00, 0x00, 0x00
.globl _sym_00b93890
_sym_00b93890:
.long _sym_00c0ac98
.byte 0x01, 0x00, 0x00, 0x00, 0x00, 0x00, 0x00, 0x00, 0xff, 0xff, 0xff, 0xff, 0x00, 0x00, 0x00, 0x00
.byte 0x40, 0x00, 0x00, 0x00
.long _sym_00b93874
.globl _sym_00b938ac
_sym_00b938ac:
.byte 0x00, 0x00, 0x00, 0x00, 0x00, 0x00, 0x00, 0x00, 0x00, 0x00, 0x00, 0x00
.long _sym_00c0ad28
.long _sym_00b938c0
.globl _sym_00b938c0
_sym_00b938c0:
.byte 0x00, 0x00, 0x00, 0x00, 0x00, 0x00, 0x00, 0x00, 0x02, 0x00, 0x00, 0x00
.long _sym_00b938d0
.globl _sym_00b938d0
_sym_00b938d0:
.long _sym_00b938dc
.long _sym_00b9292c
.byte 0x00, 0x00, 0x00, 0x00
.globl _sym_00b938dc
_sym_00b938dc:
.long _sym_00c0ad28
.byte 0x01, 0x00, 0x00, 0x00, 0x00, 0x00, 0x00, 0x00, 0xff, 0xff, 0xff, 0xff, 0x00, 0x00, 0x00, 0x00
.byte 0x40, 0x00, 0x00, 0x00
.long _sym_00b938c0
.globl _sym_00b938f8
_sym_00b938f8:
.byte 0x00, 0x00, 0x00, 0x00, 0x00, 0x00, 0x00, 0x00, 0x00, 0x00, 0x00, 0x00
.long _sym_00c0ada8
.long _sym_00b9390c
.globl _sym_00b9390c
_sym_00b9390c:
.byte 0x00, 0x00, 0x00, 0x00, 0x01, 0x00, 0x00, 0x00, 0x0d, 0x00, 0x00, 0x00
.long _sym_00b9391c
.globl _sym_00b9391c
_sym_00b9391c:
.long _sym_00b93954
.long _sym_00b93970
.long _sym_00b939d0
.long _sym_00b92808
.long _sym_00b92860
.long _sym_00b9267c
.long _sym_00b92698
.long _sym_00b9277c
.long _sym_00b92798
.long _sym_00b927b4
.long _sym_00b927d0
.long _sym_00b927ec
.long _sym_00b928b0
.byte 0x00, 0x00, 0x00, 0x00
.globl _sym_00b93954
_sym_00b93954:
.long _sym_00c0ada8
.byte 0x0c, 0x00, 0x00, 0x00, 0x00, 0x00, 0x00, 0x00, 0xff, 0xff, 0xff, 0xff, 0x00, 0x00, 0x00, 0x00
.byte 0x40, 0x00, 0x00, 0x00
.long _sym_00b9390c
.globl _sym_00b93970
_sym_00b93970:
.long _sym_00c0adf8
.byte 0x0b, 0x00, 0x00, 0x00, 0x00, 0x00, 0x00, 0x00, 0xff, 0xff, 0xff, 0xff, 0x00, 0x00, 0x00, 0x00
.byte 0x40, 0x00, 0x00, 0x00
.long _sym_00b9398c
.globl _sym_00b9398c
_sym_00b9398c:
.byte 0x00, 0x00, 0x00, 0x00, 0x01, 0x00, 0x00, 0x00, 0x0c, 0x00, 0x00, 0x00
.long _sym_00b9399c
.globl _sym_00b9399c
_sym_00b9399c:
.long _sym_00b93970
.long _sym_00b939d0
.long _sym_00b92808
.long _sym_00b92860
.long _sym_00b9267c
.long _sym_00b92698
.long _sym_00b9277c
.long _sym_00b92798
.long _sym_00b927b4
.long _sym_00b927d0
.long _sym_00b927ec
.long _sym_00b928b0
.byte 0x00, 0x00, 0x00, 0x00
.globl _sym_00b939d0
_sym_00b939d0:
.long _sym_00c0ae38
.byte 0x0a, 0x00, 0x00, 0x00, 0x00, 0x00, 0x00, 0x00, 0xff, 0xff, 0xff, 0xff, 0x00, 0x00, 0x00, 0x00
.byte 0x40, 0x00, 0x00, 0x00
.long _sym_00b939ec
.globl _sym_00b939ec
_sym_00b939ec:
.byte 0x00, 0x00, 0x00, 0x00, 0x01, 0x00, 0x00, 0x00, 0x0b, 0x00, 0x00, 0x00
.long _sym_00b939fc
.globl _sym_00b939fc
_sym_00b939fc:
.long _sym_00b939d0
.long _sym_00b92808
.long _sym_00b92860
.long _sym_00b9267c
.long _sym_00b92698
.long _sym_00b9277c
.long _sym_00b92798
.long _sym_00b927b4
.long _sym_00b927d0
.long _sym_00b927ec
.long _sym_00b928b0
.byte 0x00, 0x00, 0x00, 0x00
.globl _sym_00b93a2c
_sym_00b93a2c:
.byte 0x00, 0x00, 0x00, 0x00, 0x00, 0x00, 0x00, 0x00, 0x00, 0x00, 0x00, 0x00
.long _sym_00c0adf8
.long _sym_00b9398c
.globl _sym_00b93a40
_sym_00b93a40:
.byte 0x00, 0x00, 0x00, 0x00, 0x00, 0x00, 0x00, 0x00, 0x00, 0x00, 0x00, 0x00
.long _sym_00c0ae38
.long _sym_00b939ec
.globl _sym_00b93a54
_sym_00b93a54:
.byte 0x00, 0x00, 0x00, 0x00, 0x00, 0x00, 0x00, 0x00, 0x00, 0x00, 0x00, 0x00
.long _sym_00c0ae78
.long _sym_00b93a68
.globl _sym_00b93a68
_sym_00b93a68:
.byte 0x00, 0x00, 0x00, 0x00, 0x00, 0x00, 0x00, 0x00, 0x02, 0x00, 0x00, 0x00
.long _sym_00b93a78
.globl _sym_00b93a78
_sym_00b93a78:
.long _sym_00b93a84
.long _sym_00b9292c
.byte 0x00, 0x00, 0x00, 0x00
.globl _sym_00b93a84
_sym_00b93a84:
.long _sym_00c0ae78
.byte 0x01, 0x00, 0x00, 0x00, 0x00, 0x00, 0x00, 0x00, 0xff, 0xff, 0xff, 0xff, 0x00, 0x00, 0x00, 0x00
.byte 0x40, 0x00, 0x00, 0x00
.long _sym_00b93a68
.globl _sym_00b93aa0
_sym_00b93aa0:
.byte 0x00, 0x00, 0x00, 0x00, 0x00, 0x00, 0x00, 0x00, 0x00, 0x00, 0x00, 0x00
.long _sym_00c0aef0
.long _sym_00b93ab4
.globl _sym_00b93ab4
_sym_00b93ab4:
.byte 0x00, 0x00, 0x00, 0x00, 0x01, 0x00, 0x00, 0x00, 0x0d, 0x00, 0x00, 0x00
.long _sym_00b93ac4
.globl _sym_00b93ac4
_sym_00b93ac4:
.long _sym_00b93afc
.long _sym_00b93b18
.long _sym_00b93b78
.long _sym_00b92808
.long _sym_00b92860
.long _sym_00b9267c
.long _sym_00b92698
.long _sym_00b9277c
.long _sym_00b92798
.long _sym_00b927b4
.long _sym_00b927d0
.long _sym_00b927ec
.long _sym_00b928b0
.byte 0x00, 0x00, 0x00, 0x00
.globl _sym_00b93afc
_sym_00b93afc:
.long _sym_00c0aef0
.byte 0x0c, 0x00, 0x00, 0x00, 0x00, 0x00, 0x00, 0x00, 0xff, 0xff, 0xff, 0xff, 0x00, 0x00, 0x00, 0x00
.byte 0x40, 0x00, 0x00, 0x00
.long _sym_00b93ab4
.globl _sym_00b93b18
_sym_00b93b18:
.long _sym_00c0af48
.byte 0x0b, 0x00, 0x00, 0x00, 0x00, 0x00, 0x00, 0x00, 0xff, 0xff, 0xff, 0xff, 0x00, 0x00, 0x00, 0x00
.byte 0x40, 0x00, 0x00, 0x00
.long _sym_00b93b34
.globl _sym_00b93b34
_sym_00b93b34:
.byte 0x00, 0x00, 0x00, 0x00, 0x01, 0x00, 0x00, 0x00, 0x0c, 0x00, 0x00, 0x00
.long _sym_00b93b44
.globl _sym_00b93b44
_sym_00b93b44:
.long _sym_00b93b18
.long _sym_00b93b78
.long _sym_00b92808
.long _sym_00b92860
.long _sym_00b9267c
.long _sym_00b92698
.long _sym_00b9277c
.long _sym_00b92798
.long _sym_00b927b4
.long _sym_00b927d0
.long _sym_00b927ec
.long _sym_00b928b0
.byte 0x00, 0x00, 0x00, 0x00
.globl _sym_00b93b78
_sym_00b93b78:
.long _sym_00c0af90
.byte 0x0a, 0x00, 0x00, 0x00, 0x00, 0x00, 0x00, 0x00, 0xff, 0xff, 0xff, 0xff, 0x00, 0x00, 0x00, 0x00
.byte 0x40, 0x00, 0x00, 0x00
.long _sym_00b93b94
.globl _sym_00b93b94
_sym_00b93b94:
.byte 0x00, 0x00, 0x00, 0x00, 0x01, 0x00, 0x00, 0x00, 0x0b, 0x00, 0x00, 0x00
.long _sym_00b93ba4
.globl _sym_00b93ba4
_sym_00b93ba4:
.long _sym_00b93b78
.long _sym_00b92808
.long _sym_00b92860
.long _sym_00b9267c
.long _sym_00b92698
.long _sym_00b9277c
.long _sym_00b92798
.long _sym_00b927b4
.long _sym_00b927d0
.long _sym_00b927ec
.long _sym_00b928b0
.byte 0x00, 0x00, 0x00, 0x00
.globl _sym_00b93bd4
_sym_00b93bd4:
.byte 0x00, 0x00, 0x00, 0x00, 0x00, 0x00, 0x00, 0x00, 0x00, 0x00, 0x00, 0x00
.long _sym_00c0af48
.long _sym_00b93b34
.globl _sym_00b93be8
_sym_00b93be8:
.byte 0x00, 0x00, 0x00, 0x00, 0x00, 0x00, 0x00, 0x00, 0x00, 0x00, 0x00, 0x00
.long _sym_00c0af90
.long _sym_00b93b94
.globl _sym_00b93bfc
_sym_00b93bfc:
.byte 0x00, 0x00, 0x00, 0x00, 0x00, 0x00, 0x00, 0x00, 0x00, 0x00, 0x00, 0x00
.long _sym_00c0afd8
.long _sym_00b93c10
.globl _sym_00b93c10
_sym_00b93c10:
.byte 0x00, 0x00, 0x00, 0x00, 0x01, 0x00, 0x00, 0x00, 0x0d, 0x00, 0x00, 0x00
.long _sym_00b93c20
.globl _sym_00b93c20
_sym_00b93c20:
.long _sym_00b93c58
.long _sym_00b93c74
.long _sym_00b93cd4
.long _sym_00b92808
.long _sym_00b92860
.long _sym_00b9267c
.long _sym_00b92698
.long _sym_00b9277c
.long _sym_00b92798
.long _sym_00b927b4
.long _sym_00b927d0
.long _sym_00b927ec
.long _sym_00b928b0
.byte 0x00, 0x00, 0x00, 0x00
.globl _sym_00b93c58
_sym_00b93c58:
.long _sym_00c0afd8
.byte 0x0c, 0x00, 0x00, 0x00, 0x00, 0x00, 0x00, 0x00, 0xff, 0xff, 0xff, 0xff, 0x00, 0x00, 0x00, 0x00
.byte 0x40, 0x00, 0x00, 0x00
.long _sym_00b93c10
.globl _sym_00b93c74
_sym_00b93c74:
.long _sym_00c0b018
.byte 0x0b, 0x00, 0x00, 0x00, 0x00, 0x00, 0x00, 0x00, 0xff, 0xff, 0xff, 0xff, 0x00, 0x00, 0x00, 0x00
.byte 0x40, 0x00, 0x00, 0x00
.long _sym_00b93c90
.globl _sym_00b93c90
_sym_00b93c90:
.byte 0x00, 0x00, 0x00, 0x00, 0x01, 0x00, 0x00, 0x00, 0x0c, 0x00, 0x00, 0x00
.long _sym_00b93ca0
.globl _sym_00b93ca0
_sym_00b93ca0:
.long _sym_00b93c74
.long _sym_00b93cd4
.long _sym_00b92808
.long _sym_00b92860
.long _sym_00b9267c
.long _sym_00b92698
.long _sym_00b9277c
.long _sym_00b92798
.long _sym_00b927b4
.long _sym_00b927d0
.long _sym_00b927ec
.long _sym_00b928b0
.byte 0x00, 0x00, 0x00, 0x00
.globl _sym_00b93cd4
_sym_00b93cd4:
.long _sym_00c0b058
.byte 0x0a, 0x00, 0x00, 0x00, 0x00, 0x00, 0x00, 0x00, 0xff, 0xff, 0xff, 0xff, 0x00, 0x00, 0x00, 0x00
.byte 0x40, 0x00, 0x00, 0x00
.long _sym_00b93cf0
.globl _sym_00b93cf0
_sym_00b93cf0:
.byte 0x00, 0x00, 0x00, 0x00, 0x01, 0x00, 0x00, 0x00, 0x0b, 0x00, 0x00, 0x00
.long _sym_00b93d00
.globl _sym_00b93d00
_sym_00b93d00:
.long _sym_00b93cd4
.long _sym_00b92808
.long _sym_00b92860
.long _sym_00b9267c
.long _sym_00b92698
.long _sym_00b9277c
.long _sym_00b92798
.long _sym_00b927b4
.long _sym_00b927d0
.long _sym_00b927ec
.long _sym_00b928b0
.byte 0x00, 0x00, 0x00, 0x00
.globl _sym_00b93d30
_sym_00b93d30:
.byte 0x00, 0x00, 0x00, 0x00, 0x00, 0x00, 0x00, 0x00, 0x00, 0x00, 0x00, 0x00
.long _sym_00c0b018
.long _sym_00b93c90
.globl _sym_00b93d44
_sym_00b93d44:
.byte 0x00, 0x00, 0x00, 0x00, 0x00, 0x00, 0x00, 0x00, 0x00, 0x00, 0x00, 0x00
.long _sym_00c0b058
.long _sym_00b93cf0
.globl _sym_00b93d58
_sym_00b93d58:
.byte 0x00, 0x00, 0x00, 0x00, 0x00, 0x00, 0x00, 0x00, 0x00, 0x00, 0x00, 0x00
.long _sym_00c0b098
.long _sym_00b93d6c
.globl _sym_00b93d6c
_sym_00b93d6c:
.byte 0x00, 0x00, 0x00, 0x00, 0x01, 0x00, 0x00, 0x00, 0x09, 0x00, 0x00, 0x00
.long _sym_00b93d7c
.globl _sym_00b93d7c
_sym_00b93d7c:
.long _sym_00b93da4
.long _sym_00b93dc0
.long _sym_00b93e10
.long _sym_00b93e5c
.long _sym_00b93f30
.long _sym_00b92584
.long _sym_00b925a0
.long _sym_00b93f4c
.long _sym_00b93f68
.byte 0x00, 0x00, 0x00, 0x00
.globl _sym_00b93da4
_sym_00b93da4:
.long _sym_00c0b098
.byte 0x08, 0x00, 0x00, 0x00, 0x00, 0x00, 0x00, 0x00, 0xff, 0xff, 0xff, 0xff, 0x00, 0x00, 0x00, 0x00
.byte 0x40, 0x00, 0x00, 0x00
.long _sym_00b93d6c
.globl _sym_00b93dc0
_sym_00b93dc0:
.long _sym_00c0b0dc
.byte 0x07, 0x00, 0x00, 0x00, 0x00, 0x00, 0x00, 0x00, 0xff, 0xff, 0xff, 0xff, 0x00, 0x00, 0x00, 0x00
.byte 0x40, 0x00, 0x00, 0x00
.long _sym_00b93ddc
.globl _sym_00b93ddc
_sym_00b93ddc:
.byte 0x00, 0x00, 0x00, 0x00, 0x01, 0x00, 0x00, 0x00, 0x08, 0x00, 0x00, 0x00
.long _sym_00b93dec
.globl _sym_00b93dec
_sym_00b93dec:
.long _sym_00b93dc0
.long _sym_00b93e10
.long _sym_00b93e5c
.long _sym_00b93f30
.long _sym_00b92584
.long _sym_00b925a0
.long _sym_00b93f4c
.long _sym_00b93f68
.byte 0x00, 0x00, 0x00, 0x00
.globl _sym_00b93e10
_sym_00b93e10:
.long _sym_00c0b108
.byte 0x06, 0x00, 0x00, 0x00, 0x00, 0x00, 0x00, 0x00, 0xff, 0xff, 0xff, 0xff, 0x00, 0x00, 0x00, 0x00
.byte 0x40, 0x00, 0x00, 0x00
.long _sym_00b93e2c
.globl _sym_00b93e2c
_sym_00b93e2c:
.byte 0x00, 0x00, 0x00, 0x00, 0x01, 0x00, 0x00, 0x00, 0x07, 0x00, 0x00, 0x00
.long _sym_00b93e3c
.globl _sym_00b93e3c
_sym_00b93e3c:
.long _sym_00b93e10
.long _sym_00b93e5c
.long _sym_00b93f30
.long _sym_00b92584
.long _sym_00b925a0
.long _sym_00b93f4c
.long _sym_00b93f68
.byte 0x00, 0x00, 0x00, 0x00
.globl _sym_00b93e5c
_sym_00b93e5c:
.long _sym_00c0b130
.byte 0x04, 0x00, 0x00, 0x00, 0x04, 0x00, 0x00, 0x00, 0xff, 0xff, 0xff, 0xff, 0x00, 0x00, 0x00, 0x00
.byte 0x40, 0x00, 0x00, 0x00
.long _sym_00b93e78
.globl _sym_00b93e78
_sym_00b93e78:
.byte 0x00, 0x00, 0x00, 0x00, 0x01, 0x00, 0x00, 0x00, 0x05, 0x00, 0x00, 0x00
.long _sym_00b93e88
.globl _sym_00b93e88
_sym_00b93e88:
.long _sym_00b93ea0
.long _sym_00b93ebc
.long _sym_00b92568
.long _sym_00b92518
.long _sym_00b93efc
.byte 0x00, 0x00, 0x00, 0x00
.globl _sym_00b93ea0
_sym_00b93ea0:
.long _sym_00c0b130
.byte 0x04, 0x00, 0x00, 0x00, 0x00, 0x00, 0x00, 0x00, 0xff, 0xff, 0xff, 0xff, 0x00, 0x00, 0x00, 0x00
.byte 0x40, 0x00, 0x00, 0x00
.long _sym_00b93e78
.globl _sym_00b93ebc
_sym_00b93ebc:
.long _sym_00c0b150
.byte 0x03, 0x00, 0x00, 0x00, 0x00, 0x00, 0x00, 0x00, 0xff, 0xff, 0xff, 0xff, 0x00, 0x00, 0x00, 0x00
.byte 0x40, 0x00, 0x00, 0x00
.long _sym_00b93ed8
.globl _sym_00b93ed8
_sym_00b93ed8:
.byte 0x00, 0x00, 0x00, 0x00, 0x01, 0x00, 0x00, 0x00, 0x04, 0x00, 0x00, 0x00
.long _sym_00b93ee8
.globl _sym_00b93ee8
_sym_00b93ee8:
.long _sym_00b93ebc
.long _sym_00b92568
.long _sym_00b92518
.long _sym_00b93efc
.byte 0x00, 0x00, 0x00, 0x00
.globl _sym_00b93efc
_sym_00b93efc:
.long _sym_00c0b178
.byte 0x00, 0x00, 0x00, 0x00, 0x00, 0x00, 0x00, 0x00, 0xff, 0xff, 0xff, 0xff, 0x00, 0x00, 0x00, 0x00
.byte 0x40, 0x00, 0x00, 0x00
.long _sym_00b93f18
.globl _sym_00b93f18
_sym_00b93f18:
.byte 0x00, 0x00, 0x00, 0x00, 0x00, 0x00, 0x00, 0x00, 0x01, 0x00, 0x00, 0x00
.long _sym_00b93f28
.globl _sym_00b93f28
_sym_00b93f28:
.long _sym_00b93efc
.byte 0x00, 0x00, 0x00, 0x00
.globl _sym_00b93f30
_sym_00b93f30:
.long _sym_00c0b150
.byte 0x03, 0x00, 0x00, 0x00, 0x04, 0x00, 0x00, 0x00, 0xff, 0xff, 0xff, 0xff, 0x00, 0x00, 0x00, 0x00
.byte 0x40, 0x00, 0x00, 0x00
.long _sym_00b93ed8
.globl _sym_00b93f4c
_sym_00b93f4c:
.long _sym_00c0b178
.byte 0x00, 0x00, 0x00, 0x00, 0x04, 0x00, 0x00, 0x00, 0xff, 0xff, 0xff, 0xff, 0x00, 0x00, 0x00, 0x00
.byte 0x40, 0x00, 0x00, 0x00
.long _sym_00b93f18
.globl _sym_00b93f68
_sym_00b93f68:
.long _sym_00c0a1a4
.byte 0x00, 0x00, 0x00, 0x00, 0x1c, 0x00, 0x00, 0x00, 0xff, 0xff, 0xff, 0xff, 0x00, 0x00, 0x00, 0x00
.byte 0x40, 0x00, 0x00, 0x00
.long _sym_00b928cc
.globl _sym_00b93f84
_sym_00b93f84:
.byte 0x00, 0x00, 0x00, 0x00, 0x00, 0x00, 0x00, 0x00, 0x00, 0x00, 0x00, 0x00
.long _sym_00c0b1c0
.long _sym_00b93f98
.globl _sym_00b93f98
_sym_00b93f98:
.byte 0x00, 0x00, 0x00, 0x00, 0x00, 0x00, 0x00, 0x00, 0x02, 0x00, 0x00, 0x00
.long _sym_00b93fa8
.globl _sym_00b93fa8
_sym_00b93fa8:
.long _sym_00b93fb4
.long _sym_00b9292c
.byte 0x00, 0x00, 0x00, 0x00
.globl _sym_00b93fb4
_sym_00b93fb4:
.long _sym_00c0b1c0
.byte 0x01, 0x00, 0x00, 0x00, 0x00, 0x00, 0x00, 0x00, 0xff, 0xff, 0xff, 0xff, 0x00, 0x00, 0x00, 0x00
.byte 0x40, 0x00, 0x00, 0x00
.long _sym_00b93f98
.globl _sym_00b93fd0
_sym_00b93fd0:
.byte 0x00, 0x00, 0x00, 0x00, 0x00, 0x00, 0x00, 0x00, 0x00, 0x00, 0x00, 0x00
.long _sym_00c0b240
.long _sym_00b93fe4
.globl _sym_00b93fe4
_sym_00b93fe4:
.byte 0x00, 0x00, 0x00, 0x00, 0x01, 0x00, 0x00, 0x00, 0x0d, 0x00, 0x00, 0x00
.long _sym_00b93ff4
.globl _sym_00b93ff4
_sym_00b93ff4:
.long _sym_00b9402c
.long _sym_00b94048
.long _sym_00b940a8
.long _sym_00b92808
.long _sym_00b92860
.long _sym_00b9267c
.long _sym_00b92698
.long _sym_00b9277c
.long _sym_00b92798
.long _sym_00b927b4
.long _sym_00b927d0
.long _sym_00b927ec
.long _sym_00b928b0
.byte 0x00, 0x00, 0x00, 0x00
.globl _sym_00b9402c
_sym_00b9402c:
.long _sym_00c0b240
.byte 0x0c, 0x00, 0x00, 0x00, 0x00, 0x00, 0x00, 0x00, 0xff, 0xff, 0xff, 0xff, 0x00, 0x00, 0x00, 0x00
.byte 0x40, 0x00, 0x00, 0x00
.long _sym_00b93fe4
.globl _sym_00b94048
_sym_00b94048:
.long _sym_00c0b2a8
.byte 0x0b, 0x00, 0x00, 0x00, 0x00, 0x00, 0x00, 0x00, 0xff, 0xff, 0xff, 0xff, 0x00, 0x00, 0x00, 0x00
.byte 0x40, 0x00, 0x00, 0x00
.long _sym_00b94064
.globl _sym_00b94064
_sym_00b94064:
.byte 0x00, 0x00, 0x00, 0x00, 0x01, 0x00, 0x00, 0x00, 0x0c, 0x00, 0x00, 0x00
.long _sym_00b94074
.globl _sym_00b94074
_sym_00b94074:
.long _sym_00b94048
.long _sym_00b940a8
.long _sym_00b92808
.long _sym_00b92860
.long _sym_00b9267c
.long _sym_00b92698
.long _sym_00b9277c
.long _sym_00b92798
.long _sym_00b927b4
.long _sym_00b927d0
.long _sym_00b927ec
.long _sym_00b928b0
.byte 0x00, 0x00, 0x00, 0x00
.globl _sym_00b940a8
_sym_00b940a8:
.long _sym_00c0b2f8
.byte 0x0a, 0x00, 0x00, 0x00, 0x00, 0x00, 0x00, 0x00, 0xff, 0xff, 0xff, 0xff, 0x00, 0x00, 0x00, 0x00
.byte 0x40, 0x00, 0x00, 0x00
.long _sym_00b940c4
.globl _sym_00b940c4
_sym_00b940c4:
.byte 0x00, 0x00, 0x00, 0x00, 0x01, 0x00, 0x00, 0x00, 0x0b, 0x00, 0x00, 0x00
.long _sym_00b940d4
.globl _sym_00b940d4
_sym_00b940d4:
.long _sym_00b940a8
.long _sym_00b92808
.long _sym_00b92860
.long _sym_00b9267c
.long _sym_00b92698
.long _sym_00b9277c
.long _sym_00b92798
.long _sym_00b927b4
.long _sym_00b927d0
.long _sym_00b927ec
.long _sym_00b928b0
.byte 0x00, 0x00, 0x00, 0x00
.globl _sym_00b94104
_sym_00b94104:
.byte 0x00, 0x00, 0x00, 0x00, 0x00, 0x00, 0x00, 0x00, 0x00, 0x00, 0x00, 0x00
.long _sym_00c0b2a8
.long _sym_00b94064
.globl _sym_00b94118
_sym_00b94118:
.byte 0x00, 0x00, 0x00, 0x00, 0x00, 0x00, 0x00, 0x00, 0x00, 0x00, 0x00, 0x00
.long _sym_00c0b2f8
.long _sym_00b940c4
.globl _sym_00b9412c
_sym_00b9412c:
.byte 0x00, 0x00, 0x00, 0x00, 0x00, 0x00, 0x00, 0x00, 0x00, 0x00, 0x00, 0x00
.long _sym_00c0b348
.long _sym_00b94140
.globl _sym_00b94140
_sym_00b94140:
.byte 0x00, 0x00, 0x00, 0x00, 0x01, 0x00, 0x00, 0x00, 0x08, 0x00, 0x00, 0x00
.long _sym_00b94150
.globl _sym_00b94150
_sym_00b94150:
.long _sym_00b94174
.long _sym_00b93e10
.long _sym_00b93e5c
.long _sym_00b93f30
.long _sym_00b92584
.long _sym_00b925a0
.long _sym_00b93f4c
.long _sym_00b93f68
.byte 0x00, 0x00, 0x00, 0x00
.globl _sym_00b94174
_sym_00b94174:
.long _sym_00c0b348
.byte 0x07, 0x00, 0x00, 0x00, 0x00, 0x00, 0x00, 0x00, 0xff, 0xff, 0xff, 0xff, 0x00, 0x00, 0x00, 0x00
.byte 0x40, 0x00, 0x00, 0x00
.long _sym_00b94140
.globl _sym_00b94190
_sym_00b94190:
.byte 0x00, 0x00, 0x00, 0x00, 0x00, 0x00, 0x00, 0x00, 0x00, 0x00, 0x00, 0x00
.long _sym_00c0b378
.long _sym_00b941a4
.globl _sym_00b941a4
_sym_00b941a4:
.byte 0x00, 0x00, 0x00, 0x00, 0x01, 0x00, 0x00, 0x00, 0x0d, 0x00, 0x00, 0x00
.long _sym_00b941b4
.globl _sym_00b941b4
_sym_00b941b4:
.long _sym_00b941ec
.long _sym_00b94208
.long _sym_00b94268
.long _sym_00b92808
.long _sym_00b92860
.long _sym_00b9267c
.long _sym_00b92698
.long _sym_00b9277c
.long _sym_00b92798
.long _sym_00b927b4
.long _sym_00b927d0
.long _sym_00b927ec
.long _sym_00b928b0
.byte 0x00, 0x00, 0x00, 0x00
.globl _sym_00b941ec
_sym_00b941ec:
.long _sym_00c0b378
.byte 0x0c, 0x00, 0x00, 0x00, 0x00, 0x00, 0x00, 0x00, 0xff, 0xff, 0xff, 0xff, 0x00, 0x00, 0x00, 0x00
.byte 0x40, 0x00, 0x00, 0x00
.long _sym_00b941a4
.globl _sym_00b94208
_sym_00b94208:
.long _sym_00c0b3e0
.byte 0x0b, 0x00, 0x00, 0x00, 0x00, 0x00, 0x00, 0x00, 0xff, 0xff, 0xff, 0xff, 0x00, 0x00, 0x00, 0x00
.byte 0x40, 0x00, 0x00, 0x00
.long _sym_00b94224
.globl _sym_00b94224
_sym_00b94224:
.byte 0x00, 0x00, 0x00, 0x00, 0x01, 0x00, 0x00, 0x00, 0x0c, 0x00, 0x00, 0x00
.long _sym_00b94234
.globl _sym_00b94234
_sym_00b94234:
.long _sym_00b94208
.long _sym_00b94268
.long _sym_00b92808
.long _sym_00b92860
.long _sym_00b9267c
.long _sym_00b92698
.long _sym_00b9277c
.long _sym_00b92798
.long _sym_00b927b4
.long _sym_00b927d0
.long _sym_00b927ec
.long _sym_00b928b0
.byte 0x00, 0x00, 0x00, 0x00
.globl _sym_00b94268
_sym_00b94268:
.long _sym_00c0b430
.byte 0x0a, 0x00, 0x00, 0x00, 0x00, 0x00, 0x00, 0x00, 0xff, 0xff, 0xff, 0xff, 0x00, 0x00, 0x00, 0x00
.byte 0x40, 0x00, 0x00, 0x00
.long _sym_00b94284
.globl _sym_00b94284
_sym_00b94284:
.byte 0x00, 0x00, 0x00, 0x00, 0x01, 0x00, 0x00, 0x00, 0x0b, 0x00, 0x00, 0x00
.long _sym_00b94294
.globl _sym_00b94294
_sym_00b94294:
.long _sym_00b94268
.long _sym_00b92808
.long _sym_00b92860
.long _sym_00b9267c
.long _sym_00b92698
.long _sym_00b9277c
.long _sym_00b92798
.long _sym_00b927b4
.long _sym_00b927d0
.long _sym_00b927ec
.long _sym_00b928b0
.byte 0x00, 0x00, 0x00, 0x00
.globl _sym_00b942c4
_sym_00b942c4:
.byte 0x00, 0x00, 0x00, 0x00, 0x00, 0x00, 0x00, 0x00, 0x00, 0x00, 0x00, 0x00
.long _sym_00c0b3e0
.long _sym_00b94224
.globl _sym_00b942d8
_sym_00b942d8:
.byte 0x00, 0x00, 0x00, 0x00, 0x00, 0x00, 0x00, 0x00, 0x00, 0x00, 0x00, 0x00
.long _sym_00c0b430
.long _sym_00b94284
.globl _sym_00b942ec
_sym_00b942ec:
.byte 0x00, 0x00, 0x00, 0x00, 0x00, 0x00, 0x00, 0x00, 0x00, 0x00, 0x00, 0x00
.long _sym_00c0b48c
.long _sym_00b94300
.globl _sym_00b94300
_sym_00b94300:
.byte 0x00, 0x00, 0x00, 0x00, 0x01, 0x00, 0x00, 0x00, 0x0b, 0x00, 0x00, 0x00
.long _sym_00b94310
.globl _sym_00b94310
_sym_00b94310:
.long _sym_00b94340
.long _sym_00b92808
.long _sym_00b92860
.long _sym_00b9267c
.long _sym_00b92698
.long _sym_00b9277c
.long _sym_00b92798
.long _sym_00b927b4
.long _sym_00b927d0
.long _sym_00b927ec
.long _sym_00b928b0
.byte 0x00, 0x00, 0x00, 0x00
.globl _sym_00b94340
_sym_00b94340:
.long _sym_00c0b48c
.byte 0x0a, 0x00, 0x00, 0x00, 0x00, 0x00, 0x00, 0x00, 0xff, 0xff, 0xff, 0xff, 0x00, 0x00, 0x00, 0x00
.byte 0x40, 0x00, 0x00, 0x00
.long _sym_00b94300
.globl _sym_00b9435c
_sym_00b9435c:
.byte 0x00, 0x00, 0x00, 0x00, 0x00, 0x00, 0x00, 0x00, 0x00, 0x00, 0x00, 0x00
.long _sym_00c0b4b8
.long _sym_00b94370
.globl _sym_00b94370
_sym_00b94370:
.byte 0x00, 0x00, 0x00, 0x00, 0x01, 0x00, 0x00, 0x00, 0x09, 0x00, 0x00, 0x00
.long _sym_00b94380
.globl _sym_00b94380
_sym_00b94380:
.long _sym_00b943a8
.long _sym_00b93dc0
.long _sym_00b93e10
.long _sym_00b93e5c
.long _sym_00b93f30
.long _sym_00b92584
.long _sym_00b925a0
.long _sym_00b93f4c
.long _sym_00b93f68
.byte 0x00, 0x00, 0x00, 0x00
.globl _sym_00b943a8
_sym_00b943a8:
.long _sym_00c0b4b8
.byte 0x08, 0x00, 0x00, 0x00, 0x00, 0x00, 0x00, 0x00, 0xff, 0xff, 0xff, 0xff, 0x00, 0x00, 0x00, 0x00
.byte 0x40, 0x00, 0x00, 0x00
.long _sym_00b94370
.globl _sym_00b943c4
_sym_00b943c4:
.byte 0x00, 0x00, 0x00, 0x00, 0x00, 0x00, 0x00, 0x00, 0x00, 0x00, 0x00, 0x00
.long _sym_00c0b4f0
.long _sym_00b943d8
.globl _sym_00b943d8
_sym_00b943d8:
.byte 0x00, 0x00, 0x00, 0x00, 0x01, 0x00, 0x00, 0x00, 0x0d, 0x00, 0x00, 0x00
.long _sym_00b943e8
.globl _sym_00b943e8
_sym_00b943e8:
.long _sym_00b94420
.long _sym_00b9443c
.long _sym_00b9449c
.long _sym_00b92808
.long _sym_00b92860
.long _sym_00b9267c
.long _sym_00b92698
.long _sym_00b9277c
.long _sym_00b92798
.long _sym_00b927b4
.long _sym_00b927d0
.long _sym_00b927ec
.long _sym_00b928b0
.byte 0x00, 0x00, 0x00, 0x00
.globl _sym_00b94420
_sym_00b94420:
.long _sym_00c0b4f0
.byte 0x0c, 0x00, 0x00, 0x00, 0x00, 0x00, 0x00, 0x00, 0xff, 0xff, 0xff, 0xff, 0x00, 0x00, 0x00, 0x00
.byte 0x40, 0x00, 0x00, 0x00
.long _sym_00b943d8
.globl _sym_00b9443c
_sym_00b9443c:
.long _sym_00c0b538
.byte 0x0b, 0x00, 0x00, 0x00, 0x00, 0x00, 0x00, 0x00, 0xff, 0xff, 0xff, 0xff, 0x00, 0x00, 0x00, 0x00
.byte 0x40, 0x00, 0x00, 0x00
.long _sym_00b94458
.globl _sym_00b94458
_sym_00b94458:
.byte 0x00, 0x00, 0x00, 0x00, 0x01, 0x00, 0x00, 0x00, 0x0c, 0x00, 0x00, 0x00
.long _sym_00b94468
.globl _sym_00b94468
_sym_00b94468:
.long _sym_00b9443c
.long _sym_00b9449c
.long _sym_00b92808
.long _sym_00b92860
.long _sym_00b9267c
.long _sym_00b92698
.long _sym_00b9277c
.long _sym_00b92798
.long _sym_00b927b4
.long _sym_00b927d0
.long _sym_00b927ec
.long _sym_00b928b0
.byte 0x00, 0x00, 0x00, 0x00
.globl _sym_00b9449c
_sym_00b9449c:
.long _sym_00c0b580
.byte 0x0a, 0x00, 0x00, 0x00, 0x00, 0x00, 0x00, 0x00, 0xff, 0xff, 0xff, 0xff, 0x00, 0x00, 0x00, 0x00
.byte 0x40, 0x00, 0x00, 0x00
.long _sym_00b944b8
.globl _sym_00b944b8
_sym_00b944b8:
.byte 0x00, 0x00, 0x00, 0x00, 0x01, 0x00, 0x00, 0x00, 0x0b, 0x00, 0x00, 0x00
.long _sym_00b944c8
.globl _sym_00b944c8
_sym_00b944c8:
.long _sym_00b9449c
.long _sym_00b92808
.long _sym_00b92860
.long _sym_00b9267c
.long _sym_00b92698
.long _sym_00b9277c
.long _sym_00b92798
.long _sym_00b927b4
.long _sym_00b927d0
.long _sym_00b927ec
.long _sym_00b928b0
.byte 0x00, 0x00, 0x00, 0x00
.globl _sym_00b944f8
_sym_00b944f8:
.byte 0x00, 0x00, 0x00, 0x00, 0x00, 0x00, 0x00, 0x00, 0x00, 0x00, 0x00, 0x00
.long _sym_00c0b538
.long _sym_00b94458
.globl _sym_00b9450c
_sym_00b9450c:
.byte 0x00, 0x00, 0x00, 0x00, 0x00, 0x00, 0x00, 0x00, 0x00, 0x00, 0x00, 0x00
.long _sym_00c0b580
.long _sym_00b944b8
.globl _sym_00b94520
_sym_00b94520:
.byte 0x00, 0x00, 0x00, 0x00, 0x00, 0x00, 0x00, 0x00, 0x00, 0x00, 0x00, 0x00
.long _sym_00c0b5c8
.long _sym_00b94534
.globl _sym_00b94534
_sym_00b94534:
.byte 0x00, 0x00, 0x00, 0x00, 0x00, 0x00, 0x00, 0x00, 0x03, 0x00, 0x00, 0x00
.long _sym_00b94544
.globl _sym_00b94544
_sym_00b94544:
.long _sym_00b94554
.long _sym_00b94570
.long _sym_00b945a8
.byte 0x00, 0x00, 0x00, 0x00
.globl _sym_00b94554
_sym_00b94554:
.long _sym_00c0b5c8
.byte 0x02, 0x00, 0x00, 0x00, 0x00, 0x00, 0x00, 0x00, 0xff, 0xff, 0xff, 0xff, 0x00, 0x00, 0x00, 0x00
.byte 0x40, 0x00, 0x00, 0x00
.long _sym_00b94534
.globl _sym_00b94570
_sym_00b94570:
.long _sym_00c0b5f8
.byte 0x01, 0x00, 0x00, 0x00, 0x00, 0x00, 0x00, 0x00, 0xff, 0xff, 0xff, 0xff, 0x00, 0x00, 0x00, 0x00
.byte 0x40, 0x00, 0x00, 0x00
.long _sym_00b9458c
.globl _sym_00b9458c
_sym_00b9458c:
.byte 0x00, 0x00, 0x00, 0x00, 0x00, 0x00, 0x00, 0x00, 0x02, 0x00, 0x00, 0x00
.long _sym_00b9459c
.globl _sym_00b9459c
_sym_00b9459c:
.long _sym_00b94570
.long _sym_00b945a8
.byte 0x00, 0x00, 0x00, 0x00
.globl _sym_00b945a8
_sym_00b945a8:
.long _sym_00c0b618
.byte 0x00, 0x00, 0x00, 0x00, 0x04, 0x00, 0x00, 0x00, 0xff, 0xff, 0xff, 0xff, 0x00, 0x00, 0x00, 0x00
.byte 0x40, 0x00, 0x00, 0x00
.long _sym_00b945c4
.globl _sym_00b945c4
_sym_00b945c4:
.byte 0x00, 0x00, 0x00, 0x00, 0x00, 0x00, 0x00, 0x00, 0x01, 0x00, 0x00, 0x00
.long _sym_00b945d4
.globl _sym_00b945d4
_sym_00b945d4:
.long _sym_00b945dc
.byte 0x00, 0x00, 0x00, 0x00
.globl _sym_00b945dc
_sym_00b945dc:
.long _sym_00c0b618
.byte 0x00, 0x00, 0x00, 0x00, 0x00, 0x00, 0x00, 0x00, 0xff, 0xff, 0xff, 0xff, 0x00, 0x00, 0x00, 0x00
.byte 0x40, 0x00, 0x00, 0x00
.long _sym_00b945c4
.globl _sym_00b945f8
_sym_00b945f8:
.byte 0x00, 0x00, 0x00, 0x00, 0x00, 0x00, 0x00, 0x00, 0x00, 0x00, 0x00, 0x00
.long _sym_00c0b660
.long _sym_00b9460c
.globl _sym_00b9460c
_sym_00b9460c:
.byte 0x00, 0x00, 0x00, 0x00, 0x01, 0x00, 0x00, 0x00, 0x09, 0x00, 0x00, 0x00
.long _sym_00b9461c
.globl _sym_00b9461c
_sym_00b9461c:
.long _sym_00b94644
.long _sym_00b93dc0
.long _sym_00b93e10
.long _sym_00b93e5c
.long _sym_00b93f30
.long _sym_00b92584
.long _sym_00b925a0
.long _sym_00b93f4c
.long _sym_00b93f68
.byte 0x00, 0x00, 0x00, 0x00
.globl _sym_00b94644
_sym_00b94644:
.long _sym_00c0b660
.byte 0x08, 0x00, 0x00, 0x00, 0x00, 0x00, 0x00, 0x00, 0xff, 0xff, 0xff, 0xff, 0x00, 0x00, 0x00, 0x00
.byte 0x40, 0x00, 0x00, 0x00
.long _sym_00b9460c
.globl _sym_00b94660
_sym_00b94660:
.byte 0x00, 0x00, 0x00, 0x00, 0x00, 0x00, 0x00, 0x00, 0x00, 0x00, 0x00, 0x00
.long _sym_00c0b6b0
.long _sym_00b94674
.globl _sym_00b94674
_sym_00b94674:
.byte 0x00, 0x00, 0x00, 0x00, 0x01, 0x00, 0x00, 0x00, 0x0d, 0x00, 0x00, 0x00
.long _sym_00b94684
.globl _sym_00b94684
_sym_00b94684:
.long _sym_00b946bc
.long _sym_00b946d8
.long _sym_00b94738
.long _sym_00b92808
.long _sym_00b92860
.long _sym_00b9267c
.long _sym_00b92698
.long _sym_00b9277c
.long _sym_00b92798
.long _sym_00b927b4
.long _sym_00b927d0
.long _sym_00b927ec
.long _sym_00b928b0
.byte 0x00, 0x00, 0x00, 0x00
.globl _sym_00b946bc
_sym_00b946bc:
.long _sym_00c0b6b0
.byte 0x0c, 0x00, 0x00, 0x00, 0x00, 0x00, 0x00, 0x00, 0xff, 0xff, 0xff, 0xff, 0x00, 0x00, 0x00, 0x00
.byte 0x40, 0x00, 0x00, 0x00
.long _sym_00b94674
.globl _sym_00b946d8
_sym_00b946d8:
.long _sym_00c0b700
.byte 0x0b, 0x00, 0x00, 0x00, 0x00, 0x00, 0x00, 0x00, 0xff, 0xff, 0xff, 0xff, 0x00, 0x00, 0x00, 0x00
.byte 0x40, 0x00, 0x00, 0x00
.long _sym_00b946f4
.globl _sym_00b946f4
_sym_00b946f4:
.byte 0x00, 0x00, 0x00, 0x00, 0x01, 0x00, 0x00, 0x00, 0x0c, 0x00, 0x00, 0x00
.long _sym_00b94704
.globl _sym_00b94704
_sym_00b94704:
.long _sym_00b946d8
.long _sym_00b94738
.long _sym_00b92808
.long _sym_00b92860
.long _sym_00b9267c
.long _sym_00b92698
.long _sym_00b9277c
.long _sym_00b92798
.long _sym_00b927b4
.long _sym_00b927d0
.long _sym_00b927ec
.long _sym_00b928b0
.byte 0x00, 0x00, 0x00, 0x00
.globl _sym_00b94738
_sym_00b94738:
.long _sym_00c0b750
.byte 0x0a, 0x00, 0x00, 0x00, 0x00, 0x00, 0x00, 0x00, 0xff, 0xff, 0xff, 0xff, 0x00, 0x00, 0x00, 0x00
.byte 0x40, 0x00, 0x00, 0x00
.long _sym_00b94754
.globl _sym_00b94754
_sym_00b94754:
.byte 0x00, 0x00, 0x00, 0x00, 0x01, 0x00, 0x00, 0x00, 0x0b, 0x00, 0x00, 0x00
.long _sym_00b94764
.globl _sym_00b94764
_sym_00b94764:
.long _sym_00b94738
.long _sym_00b92808
.long _sym_00b92860
.long _sym_00b9267c
.long _sym_00b92698
.long _sym_00b9277c
.long _sym_00b92798
.long _sym_00b927b4
.long _sym_00b927d0
.long _sym_00b927ec
.long _sym_00b928b0
.byte 0x00, 0x00, 0x00, 0x00
.globl _sym_00b94794
_sym_00b94794:
.byte 0x00, 0x00, 0x00, 0x00, 0x00, 0x00, 0x00, 0x00, 0x00, 0x00, 0x00, 0x00
.long _sym_00c0b700
.long _sym_00b946f4
.globl _sym_00b947a8
_sym_00b947a8:
.byte 0x00, 0x00, 0x00, 0x00, 0x00, 0x00, 0x00, 0x00, 0x00, 0x00, 0x00, 0x00
.long _sym_00c0b750
.long _sym_00b94754
.globl _sym_00b947bc
_sym_00b947bc:
.byte 0x00, 0x00, 0x00, 0x00, 0x00, 0x00, 0x00, 0x00, 0x00, 0x00, 0x00, 0x00
.long _sym_00c0b7a8
.long _sym_00b947d0
.globl _sym_00b947d0
_sym_00b947d0:
.byte 0x00, 0x00, 0x00, 0x00, 0x01, 0x00, 0x00, 0x00, 0x09, 0x00, 0x00, 0x00
.long _sym_00b947e0
.globl _sym_00b947e0
_sym_00b947e0:
.long _sym_00b94808
.long _sym_00b93dc0
.long _sym_00b93e10
.long _sym_00b93e5c
.long _sym_00b93f30
.long _sym_00b92584
.long _sym_00b925a0
.long _sym_00b93f4c
.long _sym_00b93f68
.byte 0x00, 0x00, 0x00, 0x00
.globl _sym_00b94808
_sym_00b94808:
.long _sym_00c0b7a8
.byte 0x08, 0x00, 0x00, 0x00, 0x00, 0x00, 0x00, 0x00, 0xff, 0xff, 0xff, 0xff, 0x00, 0x00, 0x00, 0x00
.byte 0x40, 0x00, 0x00, 0x00
.long _sym_00b947d0
.globl _sym_00b94824
_sym_00b94824:
.byte 0x00, 0x00, 0x00, 0x00, 0x00, 0x00, 0x00, 0x00, 0x00, 0x00, 0x00, 0x00
.long _sym_00c0b7f0
.long _sym_00b94838
.globl _sym_00b94838
_sym_00b94838:
.byte 0x00, 0x00, 0x00, 0x00, 0x01, 0x00, 0x00, 0x00, 0x0d, 0x00, 0x00, 0x00
.long _sym_00b94848
.globl _sym_00b94848
_sym_00b94848:
.long _sym_00b94880
.long _sym_00b9489c
.long _sym_00b948fc
.long _sym_00b92808
.long _sym_00b92860
.long _sym_00b9267c
.long _sym_00b92698
.long _sym_00b9277c
.long _sym_00b92798
.long _sym_00b927b4
.long _sym_00b927d0
.long _sym_00b927ec
.long _sym_00b928b0
.byte 0x00, 0x00, 0x00, 0x00
.globl _sym_00b94880
_sym_00b94880:
.long _sym_00c0b7f0
.byte 0x0c, 0x00, 0x00, 0x00, 0x00, 0x00, 0x00, 0x00, 0xff, 0xff, 0xff, 0xff, 0x00, 0x00, 0x00, 0x00
.byte 0x40, 0x00, 0x00, 0x00
.long _sym_00b94838
.globl _sym_00b9489c
_sym_00b9489c:
.long _sym_00c0b848
.byte 0x0b, 0x00, 0x00, 0x00, 0x00, 0x00, 0x00, 0x00, 0xff, 0xff, 0xff, 0xff, 0x00, 0x00, 0x00, 0x00
.byte 0x40, 0x00, 0x00, 0x00
.long _sym_00b948b8
.globl _sym_00b948b8
_sym_00b948b8:
.byte 0x00, 0x00, 0x00, 0x00, 0x01, 0x00, 0x00, 0x00, 0x0c, 0x00, 0x00, 0x00
.long _sym_00b948c8
.globl _sym_00b948c8
_sym_00b948c8:
.long _sym_00b9489c
.long _sym_00b948fc
.long _sym_00b92808
.long _sym_00b92860
.long _sym_00b9267c
.long _sym_00b92698
.long _sym_00b9277c
.long _sym_00b92798
.long _sym_00b927b4
.long _sym_00b927d0
.long _sym_00b927ec
.long _sym_00b928b0
.byte 0x00, 0x00, 0x00, 0x00
.globl _sym_00b948fc
_sym_00b948fc:
.long _sym_00c0b8a0
.byte 0x0a, 0x00, 0x00, 0x00, 0x00, 0x00, 0x00, 0x00, 0xff, 0xff, 0xff, 0xff, 0x00, 0x00, 0x00, 0x00
.byte 0x40, 0x00, 0x00, 0x00
.long _sym_00b94918
.globl _sym_00b94918
_sym_00b94918:
.byte 0x00, 0x00, 0x00, 0x00, 0x01, 0x00, 0x00, 0x00, 0x0b, 0x00, 0x00, 0x00
.long _sym_00b94928
.globl _sym_00b94928
_sym_00b94928:
.long _sym_00b948fc
.long _sym_00b92808
.long _sym_00b92860
.long _sym_00b9267c
.long _sym_00b92698
.long _sym_00b9277c
.long _sym_00b92798
.long _sym_00b927b4
.long _sym_00b927d0
.long _sym_00b927ec
.long _sym_00b928b0
.byte 0x00, 0x00, 0x00, 0x00
.globl _sym_00b94958
_sym_00b94958:
.byte 0x00, 0x00, 0x00, 0x00, 0x00, 0x00, 0x00, 0x00, 0x00, 0x00, 0x00, 0x00
.long _sym_00c0b848
.long _sym_00b948b8
.globl _sym_00b9496c
_sym_00b9496c:
.byte 0x00, 0x00, 0x00, 0x00, 0x00, 0x00, 0x00, 0x00, 0x00, 0x00, 0x00, 0x00
.long _sym_00c0b8a0
.long _sym_00b94918
.globl _sym_00b94980
_sym_00b94980:
.byte 0x00, 0x00, 0x00, 0x00, 0x00, 0x00, 0x00, 0x00, 0x00, 0x00, 0x00, 0x00
.long _sym_00c0b8f8
.long _sym_00b94994
.globl _sym_00b94994
_sym_00b94994:
.byte 0x00, 0x00, 0x00, 0x00, 0x01, 0x00, 0x00, 0x00, 0x09, 0x00, 0x00, 0x00
.long _sym_00b949a4
.globl _sym_00b949a4
_sym_00b949a4:
.long _sym_00b949cc
.long _sym_00b93dc0
.long _sym_00b93e10
.long _sym_00b93e5c
.long _sym_00b93f30
.long _sym_00b92584
.long _sym_00b925a0
.long _sym_00b93f4c
.long _sym_00b93f68
.byte 0x00, 0x00, 0x00, 0x00
.globl _sym_00b949cc
_sym_00b949cc:
.long _sym_00c0b8f8
.byte 0x08, 0x00, 0x00, 0x00, 0x00, 0x00, 0x00, 0x00, 0xff, 0xff, 0xff, 0xff, 0x00, 0x00, 0x00, 0x00
.byte 0x40, 0x00, 0x00, 0x00
.long _sym_00b94994
.globl _sym_00b949e8
_sym_00b949e8:
.byte 0x00, 0x00, 0x00, 0x00, 0x00, 0x00, 0x00, 0x00, 0x00, 0x00, 0x00, 0x00
.long _sym_00c0b960
.long _sym_00b949fc
.globl _sym_00b949fc
_sym_00b949fc:
.byte 0x00, 0x00, 0x00, 0x00, 0x00, 0x00, 0x00, 0x00, 0x01, 0x00, 0x00, 0x00
.long _sym_00b94a0c
.globl _sym_00b94a0c
_sym_00b94a0c:
.long _sym_00b94a14
.byte 0x00, 0x00, 0x00, 0x00
.globl _sym_00b94a14
_sym_00b94a14:
.long _sym_00c0b960
.byte 0x00, 0x00, 0x00, 0x00, 0x00, 0x00, 0x00, 0x00, 0xff, 0xff, 0xff, 0xff, 0x00, 0x00, 0x00, 0x00
.byte 0x40, 0x00, 0x00, 0x00
.long _sym_00b949fc
.globl _sym_00b94a30
_sym_00b94a30:
.byte 0x00, 0x00, 0x00, 0x00, 0x00, 0x00, 0x00, 0x00, 0x00, 0x00, 0x00, 0x00
.long _sym_00c0b980
.long _sym_00b94a44
.globl _sym_00b94a44
_sym_00b94a44:
.byte 0x00, 0x00, 0x00, 0x00, 0x01, 0x00, 0x00, 0x00, 0x0d, 0x00, 0x00, 0x00
.long _sym_00b94a54
.globl _sym_00b94a54
_sym_00b94a54:
.long _sym_00b94a8c
.long _sym_00b94aa8
.long _sym_00b94b08
.long _sym_00b92808
.long _sym_00b92860
.long _sym_00b9267c
.long _sym_00b92698
.long _sym_00b9277c
.long _sym_00b92798
.long _sym_00b927b4
.long _sym_00b927d0
.long _sym_00b927ec
.long _sym_00b928b0
.byte 0x00, 0x00, 0x00, 0x00
.globl _sym_00b94a8c
_sym_00b94a8c:
.long _sym_00c0b980
.byte 0x0c, 0x00, 0x00, 0x00, 0x00, 0x00, 0x00, 0x00, 0xff, 0xff, 0xff, 0xff, 0x00, 0x00, 0x00, 0x00
.byte 0x40, 0x00, 0x00, 0x00
.long _sym_00b94a44
.globl _sym_00b94aa8
_sym_00b94aa8:
.long _sym_00c0b9c8
.byte 0x0b, 0x00, 0x00, 0x00, 0x00, 0x00, 0x00, 0x00, 0xff, 0xff, 0xff, 0xff, 0x00, 0x00, 0x00, 0x00
.byte 0x40, 0x00, 0x00, 0x00
.long _sym_00b94ac4
.globl _sym_00b94ac4
_sym_00b94ac4:
.byte 0x00, 0x00, 0x00, 0x00, 0x01, 0x00, 0x00, 0x00, 0x0c, 0x00, 0x00, 0x00
.long _sym_00b94ad4
.globl _sym_00b94ad4
_sym_00b94ad4:
.long _sym_00b94aa8
.long _sym_00b94b08
.long _sym_00b92808
.long _sym_00b92860
.long _sym_00b9267c
.long _sym_00b92698
.long _sym_00b9277c
.long _sym_00b92798
.long _sym_00b927b4
.long _sym_00b927d0
.long _sym_00b927ec
.long _sym_00b928b0
.byte 0x00, 0x00, 0x00, 0x00
.globl _sym_00b94b08
_sym_00b94b08:
.long _sym_00c0ba10
.byte 0x0a, 0x00, 0x00, 0x00, 0x00, 0x00, 0x00, 0x00, 0xff, 0xff, 0xff, 0xff, 0x00, 0x00, 0x00, 0x00
.byte 0x40, 0x00, 0x00, 0x00
.long _sym_00b94b24
.globl _sym_00b94b24
_sym_00b94b24:
.byte 0x00, 0x00, 0x00, 0x00, 0x01, 0x00, 0x00, 0x00, 0x0b, 0x00, 0x00, 0x00
.long _sym_00b94b34
.globl _sym_00b94b34
_sym_00b94b34:
.long _sym_00b94b08
.long _sym_00b92808
.long _sym_00b92860
.long _sym_00b9267c
.long _sym_00b92698
.long _sym_00b9277c
.long _sym_00b92798
.long _sym_00b927b4
.long _sym_00b927d0
.long _sym_00b927ec
.long _sym_00b928b0
.byte 0x00, 0x00, 0x00, 0x00
.globl _sym_00b94b64
_sym_00b94b64:
.byte 0x00, 0x00, 0x00, 0x00, 0x00, 0x00, 0x00, 0x00, 0x00, 0x00, 0x00, 0x00
.long _sym_00c0b9c8
.long _sym_00b94ac4
.globl _sym_00b94b78
_sym_00b94b78:
.byte 0x00, 0x00, 0x00, 0x00, 0x00, 0x00, 0x00, 0x00, 0x00, 0x00, 0x00, 0x00
.long _sym_00c0ba10
.long _sym_00b94b24
.globl _sym_00b94b8c
_sym_00b94b8c:
.byte 0x00, 0x00, 0x00, 0x00, 0x00, 0x00, 0x00, 0x00, 0x00, 0x00, 0x00, 0x00
.long _sym_00c0ba58
.long _sym_00b94ba0
.globl _sym_00b94ba0
_sym_00b94ba0:
.byte 0x00, 0x00, 0x00, 0x00, 0x00, 0x00, 0x00, 0x00, 0x02, 0x00, 0x00, 0x00
.long _sym_00b94bb0
.globl _sym_00b94bb0
_sym_00b94bb0:
.long _sym_00b94bbc
.long _sym_00b9292c
.byte 0x00, 0x00, 0x00, 0x00
.globl _sym_00b94bbc
_sym_00b94bbc:
.long _sym_00c0ba58
.byte 0x01, 0x00, 0x00, 0x00, 0x00, 0x00, 0x00, 0x00, 0xff, 0xff, 0xff, 0xff, 0x00, 0x00, 0x00, 0x00
.byte 0x40, 0x00, 0x00, 0x00
.long _sym_00b94ba0
.globl _sym_00b94bd8
_sym_00b94bd8:
.byte 0x00, 0x00, 0x00, 0x00, 0x00, 0x00, 0x00, 0x00, 0x00, 0x00, 0x00, 0x00
.long _sym_00c0bae0
.long _sym_00b94bec
.globl _sym_00b94bec
_sym_00b94bec:
.byte 0x00, 0x00, 0x00, 0x00, 0x00, 0x00, 0x00, 0x00, 0x02, 0x00, 0x00, 0x00
.long _sym_00b94bfc
.globl _sym_00b94bfc
_sym_00b94bfc:
.long _sym_00b94c08
.long _sym_00b9292c
.byte 0x00, 0x00, 0x00, 0x00
.globl _sym_00b94c08
_sym_00b94c08:
.long _sym_00c0bae0
.byte 0x01, 0x00, 0x00, 0x00, 0x00, 0x00, 0x00, 0x00, 0xff, 0xff, 0xff, 0xff, 0x00, 0x00, 0x00, 0x00
.byte 0x40, 0x00, 0x00, 0x00
.long _sym_00b94bec
.globl _sym_00b94c24
_sym_00b94c24:
.byte 0x00, 0x00, 0x00, 0x00, 0x00, 0x00, 0x00, 0x00, 0x00, 0x00, 0x00, 0x00
.long _sym_00c0bb88
.long _sym_00b94c38
.globl _sym_00b94c38
_sym_00b94c38:
.byte 0x00, 0x00, 0x00, 0x00, 0x01, 0x00, 0x00, 0x00, 0x0d, 0x00, 0x00, 0x00
.long _sym_00b94c48
.globl _sym_00b94c48
_sym_00b94c48:
.long _sym_00b94c80
.long _sym_00b94c9c
.long _sym_00b94cfc
.long _sym_00b92808
.long _sym_00b92860
.long _sym_00b9267c
.long _sym_00b92698
.long _sym_00b9277c
.long _sym_00b92798
.long _sym_00b927b4
.long _sym_00b927d0
.long _sym_00b927ec
.long _sym_00b928b0
.byte 0x00, 0x00, 0x00, 0x00
.globl _sym_00b94c80
_sym_00b94c80:
.long _sym_00c0bb88
.byte 0x0c, 0x00, 0x00, 0x00, 0x00, 0x00, 0x00, 0x00, 0xff, 0xff, 0xff, 0xff, 0x00, 0x00, 0x00, 0x00
.byte 0x40, 0x00, 0x00, 0x00
.long _sym_00b94c38
.globl _sym_00b94c9c
_sym_00b94c9c:
.long _sym_00c0bbc8
.byte 0x0b, 0x00, 0x00, 0x00, 0x00, 0x00, 0x00, 0x00, 0xff, 0xff, 0xff, 0xff, 0x00, 0x00, 0x00, 0x00
.byte 0x40, 0x00, 0x00, 0x00
.long _sym_00b94cb8
.globl _sym_00b94cb8
_sym_00b94cb8:
.byte 0x00, 0x00, 0x00, 0x00, 0x01, 0x00, 0x00, 0x00, 0x0c, 0x00, 0x00, 0x00
.long _sym_00b94cc8
.globl _sym_00b94cc8
_sym_00b94cc8:
.long _sym_00b94c9c
.long _sym_00b94cfc
.long _sym_00b92808
.long _sym_00b92860
.long _sym_00b9267c
.long _sym_00b92698
.long _sym_00b9277c
.long _sym_00b92798
.long _sym_00b927b4
.long _sym_00b927d0
.long _sym_00b927ec
.long _sym_00b928b0
.byte 0x00, 0x00, 0x00, 0x00
.globl _sym_00b94cfc
_sym_00b94cfc:
.long _sym_00c0bc08
.byte 0x0a, 0x00, 0x00, 0x00, 0x00, 0x00, 0x00, 0x00, 0xff, 0xff, 0xff, 0xff, 0x00, 0x00, 0x00, 0x00
.byte 0x40, 0x00, 0x00, 0x00
.long _sym_00b94d18
.globl _sym_00b94d18
_sym_00b94d18:
.byte 0x00, 0x00, 0x00, 0x00, 0x01, 0x00, 0x00, 0x00, 0x0b, 0x00, 0x00, 0x00
.long _sym_00b94d28
.globl _sym_00b94d28
_sym_00b94d28:
.long _sym_00b94cfc
.long _sym_00b92808
.long _sym_00b92860
.long _sym_00b9267c
.long _sym_00b92698
.long _sym_00b9277c
.long _sym_00b92798
.long _sym_00b927b4
.long _sym_00b927d0
.long _sym_00b927ec
.long _sym_00b928b0
.byte 0x00, 0x00, 0x00, 0x00
.globl _sym_00b94d58
_sym_00b94d58:
.byte 0x00, 0x00, 0x00, 0x00, 0x00, 0x00, 0x00, 0x00, 0x00, 0x00, 0x00, 0x00
.long _sym_00c0bbc8
.long _sym_00b94cb8
.globl _sym_00b94d6c
_sym_00b94d6c:
.byte 0x00, 0x00, 0x00, 0x00, 0x00, 0x00, 0x00, 0x00, 0x00, 0x00, 0x00, 0x00
.long _sym_00c0bc08
.long _sym_00b94d18
.globl _sym_00b94d80
_sym_00b94d80:
.byte 0x00, 0x00, 0x00, 0x00, 0x00, 0x00, 0x00, 0x00, 0x00, 0x00, 0x00, 0x00
.long _sym_00c0bc48
.long _sym_00b94d94
.globl _sym_00b94d94
_sym_00b94d94:
.byte 0x00, 0x00, 0x00, 0x00, 0x00, 0x00, 0x00, 0x00, 0x02, 0x00, 0x00, 0x00
.long _sym_00b94da4
.globl _sym_00b94da4
_sym_00b94da4:
.long _sym_00b94db0
.long _sym_00b9292c
.byte 0x00, 0x00, 0x00, 0x00
.globl _sym_00b94db0
_sym_00b94db0:
.long _sym_00c0bc48
.byte 0x01, 0x00, 0x00, 0x00, 0x00, 0x00, 0x00, 0x00, 0xff, 0xff, 0xff, 0xff, 0x00, 0x00, 0x00, 0x00
.byte 0x40, 0x00, 0x00, 0x00
.long _sym_00b94d94
.globl _sym_00b94dcc
_sym_00b94dcc:
.byte 0x00, 0x00, 0x00, 0x00, 0x00, 0x00, 0x00, 0x00, 0x00, 0x00, 0x00, 0x00
.long _sym_00c0bcd0
.long _sym_00b94de0
.globl _sym_00b94de0
_sym_00b94de0:
.byte 0x00, 0x00, 0x00, 0x00, 0x00, 0x00, 0x00, 0x00, 0x02, 0x00, 0x00, 0x00
.long _sym_00b94df0
.globl _sym_00b94df0
_sym_00b94df0:
.long _sym_00b94dfc
.long _sym_00b9292c
.byte 0x00, 0x00, 0x00, 0x00
.globl _sym_00b94dfc
_sym_00b94dfc:
.long _sym_00c0bcd0
.byte 0x01, 0x00, 0x00, 0x00, 0x00, 0x00, 0x00, 0x00, 0xff, 0xff, 0xff, 0xff, 0x00, 0x00, 0x00, 0x00
.byte 0x40, 0x00, 0x00, 0x00
.long _sym_00b94de0
.globl _sym_00b94e18
_sym_00b94e18:
.byte 0x00, 0x00, 0x00, 0x00, 0x00, 0x00, 0x00, 0x00, 0x00, 0x00, 0x00, 0x00
.long _sym_00c0bd60
.long _sym_00b94e2c
.globl _sym_00b94e2c
_sym_00b94e2c:
.byte 0x00, 0x00, 0x00, 0x00, 0x00, 0x00, 0x00, 0x00, 0x02, 0x00, 0x00, 0x00
.long _sym_00b94e3c
.globl _sym_00b94e3c
_sym_00b94e3c:
.long _sym_00b94e48
.long _sym_00b9292c
.byte 0x00, 0x00, 0x00, 0x00
.globl _sym_00b94e48
_sym_00b94e48:
.long _sym_00c0bd60
.byte 0x01, 0x00, 0x00, 0x00, 0x00, 0x00, 0x00, 0x00, 0xff, 0xff, 0xff, 0xff, 0x00, 0x00, 0x00, 0x00
.byte 0x40, 0x00, 0x00, 0x00
.long _sym_00b94e2c
.globl _sym_00b94e64
_sym_00b94e64:
.byte 0x00, 0x00, 0x00, 0x00, 0x00, 0x00, 0x00, 0x00, 0x00, 0x00, 0x00, 0x00
.long _sym_00c0bdf0
.long _sym_00b94e78
.globl _sym_00b94e78
_sym_00b94e78:
.byte 0x00, 0x00, 0x00, 0x00, 0x00, 0x00, 0x00, 0x00, 0x02, 0x00, 0x00, 0x00
.long _sym_00b94e88
.globl _sym_00b94e88
_sym_00b94e88:
.long _sym_00b94e94
.long _sym_00b9292c
.byte 0x00, 0x00, 0x00, 0x00
.globl _sym_00b94e94
_sym_00b94e94:
.long _sym_00c0bdf0
.byte 0x01, 0x00, 0x00, 0x00, 0x00, 0x00, 0x00, 0x00, 0xff, 0xff, 0xff, 0xff, 0x00, 0x00, 0x00, 0x00
.byte 0x40, 0x00, 0x00, 0x00
.long _sym_00b94e78
.globl _sym_00b94eb0
_sym_00b94eb0:
.byte 0x00, 0x00, 0x00, 0x00, 0x00, 0x00, 0x00, 0x00, 0x00, 0x00, 0x00, 0x00
.long _sym_00c0be78
.long _sym_00b94ec4
.globl _sym_00b94ec4
_sym_00b94ec4:
.byte 0x00, 0x00, 0x00, 0x00, 0x00, 0x00, 0x00, 0x00, 0x02, 0x00, 0x00, 0x00
.long _sym_00b94ed4
.globl _sym_00b94ed4
_sym_00b94ed4:
.long _sym_00b94ee0
.long _sym_00b9292c
.byte 0x00, 0x00, 0x00, 0x00
.globl _sym_00b94ee0
_sym_00b94ee0:
.long _sym_00c0be78
.byte 0x01, 0x00, 0x00, 0x00, 0x00, 0x00, 0x00, 0x00, 0xff, 0xff, 0xff, 0xff, 0x00, 0x00, 0x00, 0x00
.byte 0x40, 0x00, 0x00, 0x00
.long _sym_00b94ec4
.globl _sym_00b94efc
_sym_00b94efc:
.byte 0x00, 0x00, 0x00, 0x00, 0x00, 0x00, 0x00, 0x00, 0x00, 0x00, 0x00, 0x00
.long _sym_00c0bf18
.long _sym_00b94f10
.globl _sym_00b94f10
_sym_00b94f10:
.byte 0x00, 0x00, 0x00, 0x00, 0x00, 0x00, 0x00, 0x00, 0x02, 0x00, 0x00, 0x00
.long _sym_00b94f20
.globl _sym_00b94f20
_sym_00b94f20:
.long _sym_00b94f2c
.long _sym_00b9292c
.byte 0x00, 0x00, 0x00, 0x00
.globl _sym_00b94f2c
_sym_00b94f2c:
.long _sym_00c0bf18
.byte 0x01, 0x00, 0x00, 0x00, 0x00, 0x00, 0x00, 0x00, 0xff, 0xff, 0xff, 0xff, 0x00, 0x00, 0x00, 0x00
.byte 0x40, 0x00, 0x00, 0x00
.long _sym_00b94f10
.globl _sym_00b94f48
_sym_00b94f48:
.byte 0x00, 0x00, 0x00, 0x00, 0x00, 0x00, 0x00, 0x00, 0x00, 0x00, 0x00, 0x00
.long _sym_00c0bfa0
.long _sym_00b94f5c
.globl _sym_00b94f5c
_sym_00b94f5c:
.byte 0x00, 0x00, 0x00, 0x00, 0x01, 0x00, 0x00, 0x00, 0x0d, 0x00, 0x00, 0x00
.long _sym_00b94f6c
.globl _sym_00b94f6c
_sym_00b94f6c:
.long _sym_00b94fa4
.long _sym_00b94fc0
.long _sym_00b95020
.long _sym_00b92808
.long _sym_00b92860
.long _sym_00b9267c
.long _sym_00b92698
.long _sym_00b9277c
.long _sym_00b92798
.long _sym_00b927b4
.long _sym_00b927d0
.long _sym_00b927ec
.long _sym_00b928b0
.byte 0x00, 0x00, 0x00, 0x00
.globl _sym_00b94fa4
_sym_00b94fa4:
.long _sym_00c0bfa0
.byte 0x0c, 0x00, 0x00, 0x00, 0x00, 0x00, 0x00, 0x00, 0xff, 0xff, 0xff, 0xff, 0x00, 0x00, 0x00, 0x00
.byte 0x40, 0x00, 0x00, 0x00
.long _sym_00b94f5c
.globl _sym_00b94fc0
_sym_00b94fc0:
.long _sym_00c0bfe8
.byte 0x0b, 0x00, 0x00, 0x00, 0x00, 0x00, 0x00, 0x00, 0xff, 0xff, 0xff, 0xff, 0x00, 0x00, 0x00, 0x00
.byte 0x40, 0x00, 0x00, 0x00
.long _sym_00b94fdc
.globl _sym_00b94fdc
_sym_00b94fdc:
.byte 0x00, 0x00, 0x00, 0x00, 0x01, 0x00, 0x00, 0x00, 0x0c, 0x00, 0x00, 0x00
.long _sym_00b94fec
.globl _sym_00b94fec
_sym_00b94fec:
.long _sym_00b94fc0
.long _sym_00b95020
.long _sym_00b92808
.long _sym_00b92860
.long _sym_00b9267c
.long _sym_00b92698
.long _sym_00b9277c
.long _sym_00b92798
.long _sym_00b927b4
.long _sym_00b927d0
.long _sym_00b927ec
.long _sym_00b928b0
.byte 0x00, 0x00, 0x00, 0x00
.globl _sym_00b95020
_sym_00b95020:
.long _sym_00c0c030
.byte 0x0a, 0x00, 0x00, 0x00, 0x00, 0x00, 0x00, 0x00, 0xff, 0xff, 0xff, 0xff, 0x00, 0x00, 0x00, 0x00
.byte 0x40, 0x00, 0x00, 0x00
.long _sym_00b9503c
.globl _sym_00b9503c
_sym_00b9503c:
.byte 0x00, 0x00, 0x00, 0x00, 0x01, 0x00, 0x00, 0x00, 0x0b, 0x00, 0x00, 0x00
.long _sym_00b9504c
.globl _sym_00b9504c
_sym_00b9504c:
.long _sym_00b95020
.long _sym_00b92808
.long _sym_00b92860
.long _sym_00b9267c
.long _sym_00b92698
.long _sym_00b9277c
.long _sym_00b92798
.long _sym_00b927b4
.long _sym_00b927d0
.long _sym_00b927ec
.long _sym_00b928b0
.byte 0x00, 0x00, 0x00, 0x00
.globl _sym_00b9507c
_sym_00b9507c:
.byte 0x00, 0x00, 0x00, 0x00, 0x00, 0x00, 0x00, 0x00, 0x00, 0x00, 0x00, 0x00
.long _sym_00c0bfe8
.long _sym_00b94fdc
.globl _sym_00b95090
_sym_00b95090:
.byte 0x00, 0x00, 0x00, 0x00, 0x00, 0x00, 0x00, 0x00, 0x00, 0x00, 0x00, 0x00
.long _sym_00c0c030
.long _sym_00b9503c
.globl _sym_00b950a4
_sym_00b950a4:
.byte 0x00, 0x00, 0x00, 0x00, 0x00, 0x00, 0x00, 0x00, 0x00, 0x00, 0x00, 0x00
.long _sym_00c0c078
.long _sym_00b950b8
.globl _sym_00b950b8
_sym_00b950b8:
.byte 0x00, 0x00, 0x00, 0x00, 0x00, 0x00, 0x00, 0x00, 0x02, 0x00, 0x00, 0x00
.long _sym_00b950c8
.globl _sym_00b950c8
_sym_00b950c8:
.long _sym_00b950d4
.long _sym_00b9292c
.byte 0x00, 0x00, 0x00, 0x00
.globl _sym_00b950d4
_sym_00b950d4:
.long _sym_00c0c078
.byte 0x01, 0x00, 0x00, 0x00, 0x00, 0x00, 0x00, 0x00, 0xff, 0xff, 0xff, 0xff, 0x00, 0x00, 0x00, 0x00
.byte 0x40, 0x00, 0x00, 0x00
.long _sym_00b950b8
.globl _sym_00b950f0
_sym_00b950f0:
.byte 0x00, 0x00, 0x00, 0x00, 0x00, 0x00, 0x00, 0x00, 0x00, 0x00, 0x00, 0x00
.long _sym_00c0c108
.long _sym_00b95104
.globl _sym_00b95104
_sym_00b95104:
.byte 0x00, 0x00, 0x00, 0x00, 0x00, 0x00, 0x00, 0x00, 0x02, 0x00, 0x00, 0x00
.long _sym_00b95114
.globl _sym_00b95114
_sym_00b95114:
.long _sym_00b95120
.long _sym_00b9292c
.byte 0x00, 0x00, 0x00, 0x00
.globl _sym_00b95120
_sym_00b95120:
.long _sym_00c0c108
.byte 0x01, 0x00, 0x00, 0x00, 0x00, 0x00, 0x00, 0x00, 0xff, 0xff, 0xff, 0xff, 0x00, 0x00, 0x00, 0x00
.byte 0x40, 0x00, 0x00, 0x00
.long _sym_00b95104
.globl _sym_00b9513c
_sym_00b9513c:
.byte 0x00, 0x00, 0x00, 0x00, 0x00, 0x00, 0x00, 0x00, 0x00, 0x00, 0x00, 0x00
.long _sym_00c0c190
.long _sym_00b95150
.globl _sym_00b95150
_sym_00b95150:
.byte 0x00, 0x00, 0x00, 0x00, 0x00, 0x00, 0x00, 0x00, 0x02, 0x00, 0x00, 0x00
.long _sym_00b95160
.globl _sym_00b95160
_sym_00b95160:
.long _sym_00b9516c
.long _sym_00b9292c
.byte 0x00, 0x00, 0x00, 0x00
.globl _sym_00b9516c
_sym_00b9516c:
.long _sym_00c0c190
.byte 0x01, 0x00, 0x00, 0x00, 0x00, 0x00, 0x00, 0x00, 0xff, 0xff, 0xff, 0xff, 0x00, 0x00, 0x00, 0x00
.byte 0x40, 0x00, 0x00, 0x00
.long _sym_00b95150
.globl _sym_00b95188
_sym_00b95188:
.byte 0x00, 0x00, 0x00, 0x00, 0x00, 0x00, 0x00, 0x00, 0x00, 0x00, 0x00, 0x00
.long _sym_00c0c220
.long _sym_00b9519c
.globl _sym_00b9519c
_sym_00b9519c:
.byte 0x00, 0x00, 0x00, 0x00, 0x00, 0x00, 0x00, 0x00, 0x02, 0x00, 0x00, 0x00
.long _sym_00b951ac
.globl _sym_00b951ac
_sym_00b951ac:
.long _sym_00b951b8
.long _sym_00b9292c
.byte 0x00, 0x00, 0x00, 0x00
.globl _sym_00b951b8
_sym_00b951b8:
.long _sym_00c0c220
.byte 0x01, 0x00, 0x00, 0x00, 0x00, 0x00, 0x00, 0x00, 0xff, 0xff, 0xff, 0xff, 0x00, 0x00, 0x00, 0x00
.byte 0x40, 0x00, 0x00, 0x00
.long _sym_00b9519c
.globl _sym_00b951d4
_sym_00b951d4:
.byte 0x00, 0x00, 0x00, 0x00, 0x00, 0x00, 0x00, 0x00, 0x00, 0x00, 0x00, 0x00
.long _sym_00c0c2a0
.long _sym_00b951e8
.globl _sym_00b951e8
_sym_00b951e8:
.byte 0x00, 0x00, 0x00, 0x00, 0x01, 0x00, 0x00, 0x00, 0x0d, 0x00, 0x00, 0x00
.long _sym_00b951f8
.globl _sym_00b951f8
_sym_00b951f8:
.long _sym_00b95230
.long _sym_00b9524c
.long _sym_00b952ac
.long _sym_00b92808
.long _sym_00b92860
.long _sym_00b9267c
.long _sym_00b92698
.long _sym_00b9277c
.long _sym_00b92798
.long _sym_00b927b4
.long _sym_00b927d0
.long _sym_00b927ec
.long _sym_00b928b0
.byte 0x00, 0x00, 0x00, 0x00
.globl _sym_00b95230
_sym_00b95230:
.long _sym_00c0c2a0
.byte 0x0c, 0x00, 0x00, 0x00, 0x00, 0x00, 0x00, 0x00, 0xff, 0xff, 0xff, 0xff, 0x00, 0x00, 0x00, 0x00
.byte 0x40, 0x00, 0x00, 0x00
.long _sym_00b951e8
.globl _sym_00b9524c
_sym_00b9524c:
.long _sym_00c0c2e0
.byte 0x0b, 0x00, 0x00, 0x00, 0x00, 0x00, 0x00, 0x00, 0xff, 0xff, 0xff, 0xff, 0x00, 0x00, 0x00, 0x00
.byte 0x40, 0x00, 0x00, 0x00
.long _sym_00b95268
.globl _sym_00b95268
_sym_00b95268:
.byte 0x00, 0x00, 0x00, 0x00, 0x01, 0x00, 0x00, 0x00, 0x0c, 0x00, 0x00, 0x00
.long _sym_00b95278
.globl _sym_00b95278
_sym_00b95278:
.long _sym_00b9524c
.long _sym_00b952ac
.long _sym_00b92808
.long _sym_00b92860
.long _sym_00b9267c
.long _sym_00b92698
.long _sym_00b9277c
.long _sym_00b92798
.long _sym_00b927b4
.long _sym_00b927d0
.long _sym_00b927ec
.long _sym_00b928b0
.byte 0x00, 0x00, 0x00, 0x00
.globl _sym_00b952ac
_sym_00b952ac:
.long _sym_00c0c320
.byte 0x0a, 0x00, 0x00, 0x00, 0x00, 0x00, 0x00, 0x00, 0xff, 0xff, 0xff, 0xff, 0x00, 0x00, 0x00, 0x00
.byte 0x40, 0x00, 0x00, 0x00
.long _sym_00b952c8
.globl _sym_00b952c8
_sym_00b952c8:
.byte 0x00, 0x00, 0x00, 0x00, 0x01, 0x00, 0x00, 0x00, 0x0b, 0x00, 0x00, 0x00
.long _sym_00b952d8
.globl _sym_00b952d8
_sym_00b952d8:
.long _sym_00b952ac
.long _sym_00b92808
.long _sym_00b92860
.long _sym_00b9267c
.long _sym_00b92698
.long _sym_00b9277c
.long _sym_00b92798
.long _sym_00b927b4
.long _sym_00b927d0
.long _sym_00b927ec
.long _sym_00b928b0
.byte 0x00, 0x00, 0x00, 0x00
.globl _sym_00b95308
_sym_00b95308:
.byte 0x00, 0x00, 0x00, 0x00, 0x00, 0x00, 0x00, 0x00, 0x00, 0x00, 0x00, 0x00
.long _sym_00c0c2e0
.long _sym_00b95268
.globl _sym_00b9531c
_sym_00b9531c:
.byte 0x00, 0x00, 0x00, 0x00, 0x00, 0x00, 0x00, 0x00, 0x00, 0x00, 0x00, 0x00
.long _sym_00c0c320
.long _sym_00b952c8
.globl _sym_00b95330
_sym_00b95330:
.byte 0x00, 0x00, 0x00, 0x00, 0x00, 0x00, 0x00, 0x00, 0x00, 0x00, 0x00, 0x00
.long _sym_00c0c360
.long _sym_00b95344
.globl _sym_00b95344
_sym_00b95344:
.byte 0x00, 0x00, 0x00, 0x00, 0x01, 0x00, 0x00, 0x00, 0x0c, 0x00, 0x00, 0x00
.long _sym_00b95354
.globl _sym_00b95354
_sym_00b95354:
.long _sym_00b95388
.long _sym_00b953a4
.long _sym_00b92808
.long _sym_00b92860
.long _sym_00b9267c
.long _sym_00b92698
.long _sym_00b9277c
.long _sym_00b92798
.long _sym_00b927b4
.long _sym_00b927d0
.long _sym_00b927ec
.long _sym_00b928b0
.byte 0x00, 0x00, 0x00, 0x00
.globl _sym_00b95388
_sym_00b95388:
.long _sym_00c0c360
.byte 0x0b, 0x00, 0x00, 0x00, 0x00, 0x00, 0x00, 0x00, 0xff, 0xff, 0xff, 0xff, 0x00, 0x00, 0x00, 0x00
.byte 0x40, 0x00, 0x00, 0x00
.long _sym_00b95344
.globl _sym_00b953a4
_sym_00b953a4:
.long _sym_00c0c3b0
.byte 0x0a, 0x00, 0x00, 0x00, 0x00, 0x00, 0x00, 0x00, 0xff, 0xff, 0xff, 0xff, 0x00, 0x00, 0x00, 0x00
.byte 0x40, 0x00, 0x00, 0x00
.long _sym_00b953c0
.globl _sym_00b953c0
_sym_00b953c0:
.byte 0x00, 0x00, 0x00, 0x00, 0x01, 0x00, 0x00, 0x00, 0x0b, 0x00, 0x00, 0x00
.long _sym_00b953d0
.globl _sym_00b953d0
_sym_00b953d0:
.long _sym_00b953a4
.long _sym_00b92808
.long _sym_00b92860
.long _sym_00b9267c
.long _sym_00b92698
.long _sym_00b9277c
.long _sym_00b92798
.long _sym_00b927b4
.long _sym_00b927d0
.long _sym_00b927ec
.long _sym_00b928b0
.byte 0x00, 0x00, 0x00, 0x00
.globl _sym_00b95400
_sym_00b95400:
.byte 0x00, 0x00, 0x00, 0x00, 0x00, 0x00, 0x00, 0x00, 0x00, 0x00, 0x00, 0x00
.long _sym_00c0c3b0
.long _sym_00b953c0
.globl _sym_00b95414
_sym_00b95414:
.byte 0x00, 0x00, 0x00, 0x00, 0x00, 0x00, 0x00, 0x00, 0x00, 0x00, 0x00, 0x00
.long _sym_00c0c400
.long _sym_00b95428
.globl _sym_00b95428
_sym_00b95428:
.byte 0x00, 0x00, 0x00, 0x00, 0x00, 0x00, 0x00, 0x00, 0x02, 0x00, 0x00, 0x00
.long _sym_00b95438
.globl _sym_00b95438
_sym_00b95438:
.long _sym_00b95444
.long _sym_00b9292c
.byte 0x00, 0x00, 0x00, 0x00
.globl _sym_00b95444
_sym_00b95444:
.long _sym_00c0c400
.byte 0x01, 0x00, 0x00, 0x00, 0x00, 0x00, 0x00, 0x00, 0xff, 0xff, 0xff, 0xff, 0x00, 0x00, 0x00, 0x00
.byte 0x40, 0x00, 0x00, 0x00
.long _sym_00b95428
.globl _sym_00b95460
_sym_00b95460:
.byte 0x00, 0x00, 0x00, 0x00, 0x00, 0x00, 0x00, 0x00, 0x00, 0x00, 0x00, 0x00
.long _sym_00c0c480
.long _sym_00b95474
.globl _sym_00b95474
_sym_00b95474:
.byte 0x00, 0x00, 0x00, 0x00, 0x00, 0x00, 0x00, 0x00, 0x02, 0x00, 0x00, 0x00
.long _sym_00b95484
.globl _sym_00b95484
_sym_00b95484:
.long _sym_00b95490
.long _sym_00b9292c
.byte 0x00, 0x00, 0x00, 0x00
.globl _sym_00b95490
_sym_00b95490:
.long _sym_00c0c480
.byte 0x01, 0x00, 0x00, 0x00, 0x00, 0x00, 0x00, 0x00, 0xff, 0xff, 0xff, 0xff, 0x00, 0x00, 0x00, 0x00
.byte 0x40, 0x00, 0x00, 0x00
.long _sym_00b95474
.globl _sym_00b954ac
_sym_00b954ac:
.byte 0x00, 0x00, 0x00, 0x00, 0x00, 0x00, 0x00, 0x00, 0x00, 0x00, 0x00, 0x00
.long _sym_00c0c508
.long _sym_00b954c0
.globl _sym_00b954c0
_sym_00b954c0:
.byte 0x00, 0x00, 0x00, 0x00, 0x00, 0x00, 0x00, 0x00, 0x04, 0x00, 0x00, 0x00
.long _sym_00b954d0
.globl _sym_00b954d0
_sym_00b954d0:
.long _sym_00b954e4
.long _sym_00b95500
.long _sym_00b92584
.long _sym_00b925a0
.byte 0x00, 0x00, 0x00, 0x00
.globl _sym_00b954e4
_sym_00b954e4:
.long _sym_00c0c508
.byte 0x03, 0x00, 0x00, 0x00, 0x00, 0x00, 0x00, 0x00, 0xff, 0xff, 0xff, 0xff, 0x00, 0x00, 0x00, 0x00
.byte 0x40, 0x00, 0x00, 0x00
.long _sym_00b954c0
.globl _sym_00b95500
_sym_00b95500:
.long _sym_00c0c530
.byte 0x02, 0x00, 0x00, 0x00, 0x04, 0x00, 0x00, 0x00, 0xff, 0xff, 0xff, 0xff, 0x00, 0x00, 0x00, 0x00
.byte 0x40, 0x00, 0x00, 0x00
.long _sym_00b9551c
.globl _sym_00b9551c
_sym_00b9551c:
.byte 0x00, 0x00, 0x00, 0x00, 0x00, 0x00, 0x00, 0x00, 0x03, 0x00, 0x00, 0x00
.long _sym_00b9552c
.globl _sym_00b9552c
_sym_00b9552c:
.long _sym_00b9553c
.long _sym_00b92568
.long _sym_00b92518
.byte 0x00, 0x00, 0x00, 0x00
.globl _sym_00b9553c
_sym_00b9553c:
.long _sym_00c0c530
.byte 0x02, 0x00, 0x00, 0x00, 0x00, 0x00, 0x00, 0x00, 0xff, 0xff, 0xff, 0xff, 0x00, 0x00, 0x00, 0x00
.byte 0x40, 0x00, 0x00, 0x00
.long _sym_00b9551c
.globl _sym_00b95558
_sym_00b95558:
.byte 0x00, 0x00, 0x00, 0x00, 0x00, 0x00, 0x00, 0x00, 0x00, 0x00, 0x00, 0x00
.long _sym_00c0c54c
.long _sym_00b9556c
.globl _sym_00b9556c
_sym_00b9556c:
.byte 0x00, 0x00, 0x00, 0x00, 0x00, 0x00, 0x00, 0x00, 0x05, 0x00, 0x00, 0x00
.long _sym_00b9557c
.globl _sym_00b9557c
_sym_00b9557c:
.long _sym_00b95594
.long _sym_00b954e4
.long _sym_00b95500
.long _sym_00b92584
.long _sym_00b925a0
.byte 0x00, 0x00, 0x00, 0x00
.globl _sym_00b95594
_sym_00b95594:
.long _sym_00c0c54c
.byte 0x04, 0x00, 0x00, 0x00, 0x00, 0x00, 0x00, 0x00, 0xff, 0xff, 0xff, 0xff, 0x00, 0x00, 0x00, 0x00
.byte 0x40, 0x00, 0x00, 0x00
.long _sym_00b9556c
.globl _sym_00b955b0
_sym_00b955b0:
.byte 0x00, 0x00, 0x00, 0x00, 0x00, 0x00, 0x00, 0x00, 0x00, 0x00, 0x00, 0x00
.long _sym_00c0c578
.long _sym_00b955c4
.globl _sym_00b955c4
_sym_00b955c4:
.byte 0x00, 0x00, 0x00, 0x00, 0x01, 0x00, 0x00, 0x00, 0x0d, 0x00, 0x00, 0x00
.long _sym_00b955d4
.globl _sym_00b955d4
_sym_00b955d4:
.long _sym_00b9560c
.long _sym_00b95628
.long _sym_00b95688
.long _sym_00b92808
.long _sym_00b92860
.long _sym_00b9267c
.long _sym_00b92698
.long _sym_00b9277c
.long _sym_00b92798
.long _sym_00b927b4
.long _sym_00b927d0
.long _sym_00b927ec
.long _sym_00b928b0
.byte 0x00, 0x00, 0x00, 0x00
.globl _sym_00b9560c
_sym_00b9560c:
.long _sym_00c0c578
.byte 0x0c, 0x00, 0x00, 0x00, 0x00, 0x00, 0x00, 0x00, 0xff, 0xff, 0xff, 0xff, 0x00, 0x00, 0x00, 0x00
.byte 0x40, 0x00, 0x00, 0x00
.long _sym_00b955c4
.globl _sym_00b95628
_sym_00b95628:
.long _sym_00c0c5c8
.byte 0x0b, 0x00, 0x00, 0x00, 0x00, 0x00, 0x00, 0x00, 0xff, 0xff, 0xff, 0xff, 0x00, 0x00, 0x00, 0x00
.byte 0x40, 0x00, 0x00, 0x00
.long _sym_00b95644
.globl _sym_00b95644
_sym_00b95644:
.byte 0x00, 0x00, 0x00, 0x00, 0x01, 0x00, 0x00, 0x00, 0x0c, 0x00, 0x00, 0x00
.long _sym_00b95654
.globl _sym_00b95654
_sym_00b95654:
.long _sym_00b95628
.long _sym_00b95688
.long _sym_00b92808
.long _sym_00b92860
.long _sym_00b9267c
.long _sym_00b92698
.long _sym_00b9277c
.long _sym_00b92798
.long _sym_00b927b4
.long _sym_00b927d0
.long _sym_00b927ec
.long _sym_00b928b0
.byte 0x00, 0x00, 0x00, 0x00
.globl _sym_00b95688
_sym_00b95688:
.long _sym_00c0c618
.byte 0x0a, 0x00, 0x00, 0x00, 0x00, 0x00, 0x00, 0x00, 0xff, 0xff, 0xff, 0xff, 0x00, 0x00, 0x00, 0x00
.byte 0x40, 0x00, 0x00, 0x00
.long _sym_00b956a4
.globl _sym_00b956a4
_sym_00b956a4:
.byte 0x00, 0x00, 0x00, 0x00, 0x01, 0x00, 0x00, 0x00, 0x0b, 0x00, 0x00, 0x00
.long _sym_00b956b4
.globl _sym_00b956b4
_sym_00b956b4:
.long _sym_00b95688
.long _sym_00b92808
.long _sym_00b92860
.long _sym_00b9267c
.long _sym_00b92698
.long _sym_00b9277c
.long _sym_00b92798
.long _sym_00b927b4
.long _sym_00b927d0
.long _sym_00b927ec
.long _sym_00b928b0
.byte 0x00, 0x00, 0x00, 0x00
.globl _sym_00b956e4
_sym_00b956e4:
.byte 0x00, 0x00, 0x00, 0x00, 0x00, 0x00, 0x00, 0x00, 0x00, 0x00, 0x00, 0x00
.long _sym_00c0c5c8
.long _sym_00b95644
.globl _sym_00b956f8
_sym_00b956f8:
.byte 0x00, 0x00, 0x00, 0x00, 0x00, 0x00, 0x00, 0x00, 0x00, 0x00, 0x00, 0x00
.long _sym_00c0c618
.long _sym_00b956a4
.globl _sym_00b9570c
_sym_00b9570c:
.byte 0x00, 0x00, 0x00, 0x00, 0x00, 0x00, 0x00, 0x00, 0x00, 0x00, 0x00, 0x00
.long _sym_00c0c668
.long _sym_00b95720
.globl _sym_00b95720
_sym_00b95720:
.byte 0x00, 0x00, 0x00, 0x00, 0x00, 0x00, 0x00, 0x00, 0x02, 0x00, 0x00, 0x00
.long _sym_00b95730
.globl _sym_00b95730
_sym_00b95730:
.long _sym_00b9573c
.long _sym_00b9292c
.byte 0x00, 0x00, 0x00, 0x00
.globl _sym_00b9573c
_sym_00b9573c:
.long _sym_00c0c668
.byte 0x01, 0x00, 0x00, 0x00, 0x00, 0x00, 0x00, 0x00, 0xff, 0xff, 0xff, 0xff, 0x00, 0x00, 0x00, 0x00
.byte 0x40, 0x00, 0x00, 0x00
.long _sym_00b95720
.globl _sym_00b95758
_sym_00b95758:
.byte 0x00, 0x00, 0x00, 0x00, 0x00, 0x00, 0x00, 0x00, 0x00, 0x00, 0x00, 0x00
.long _sym_00c0c710
.long _sym_00b9576c
.globl _sym_00b9576c
_sym_00b9576c:
.byte 0x00, 0x00, 0x00, 0x00, 0x00, 0x00, 0x00, 0x00, 0x05, 0x00, 0x00, 0x00
.long _sym_00b9577c
.globl _sym_00b9577c
_sym_00b9577c:
.long _sym_00b95794
.long _sym_00b954e4
.long _sym_00b95500
.long _sym_00b92584
.long _sym_00b925a0
.byte 0x00, 0x00, 0x00, 0x00
.globl _sym_00b95794
_sym_00b95794:
.long _sym_00c0c710
.byte 0x04, 0x00, 0x00, 0x00, 0x00, 0x00, 0x00, 0x00, 0xff, 0xff, 0xff, 0xff, 0x00, 0x00, 0x00, 0x00
.byte 0x40, 0x00, 0x00, 0x00
.long _sym_00b9576c
.globl _sym_00b957b0
_sym_00b957b0:
.byte 0x00, 0x00, 0x00, 0x00, 0x00, 0x00, 0x00, 0x00, 0x00, 0x00, 0x00, 0x00
.long _sym_00c0c738
.long _sym_00b957c4
.globl _sym_00b957c4
_sym_00b957c4:
.byte 0x00, 0x00, 0x00, 0x00, 0x01, 0x00, 0x00, 0x00, 0x0d, 0x00, 0x00, 0x00
.long _sym_00b957d4
.globl _sym_00b957d4
_sym_00b957d4:
.long _sym_00b9580c
.long _sym_00b95828
.long _sym_00b95888
.long _sym_00b92808
.long _sym_00b92860
.long _sym_00b9267c
.long _sym_00b92698
.long _sym_00b9277c
.long _sym_00b92798
.long _sym_00b927b4
.long _sym_00b927d0
.long _sym_00b927ec
.long _sym_00b928b0
.byte 0x00, 0x00, 0x00, 0x00
.globl _sym_00b9580c
_sym_00b9580c:
.long _sym_00c0c738
.byte 0x0c, 0x00, 0x00, 0x00, 0x00, 0x00, 0x00, 0x00, 0xff, 0xff, 0xff, 0xff, 0x00, 0x00, 0x00, 0x00
.byte 0x40, 0x00, 0x00, 0x00
.long _sym_00b957c4
.globl _sym_00b95828
_sym_00b95828:
.long _sym_00c0c788
.byte 0x0b, 0x00, 0x00, 0x00, 0x00, 0x00, 0x00, 0x00, 0xff, 0xff, 0xff, 0xff, 0x00, 0x00, 0x00, 0x00
.byte 0x40, 0x00, 0x00, 0x00
.long _sym_00b95844
.globl _sym_00b95844
_sym_00b95844:
.byte 0x00, 0x00, 0x00, 0x00, 0x01, 0x00, 0x00, 0x00, 0x0c, 0x00, 0x00, 0x00
.long _sym_00b95854
.globl _sym_00b95854
_sym_00b95854:
.long _sym_00b95828
.long _sym_00b95888
.long _sym_00b92808
.long _sym_00b92860
.long _sym_00b9267c
.long _sym_00b92698
.long _sym_00b9277c
.long _sym_00b92798
.long _sym_00b927b4
.long _sym_00b927d0
.long _sym_00b927ec
.long _sym_00b928b0
.byte 0x00, 0x00, 0x00, 0x00
.globl _sym_00b95888
_sym_00b95888:
.long _sym_00c0c7d8
.byte 0x0a, 0x00, 0x00, 0x00, 0x00, 0x00, 0x00, 0x00, 0xff, 0xff, 0xff, 0xff, 0x00, 0x00, 0x00, 0x00
.byte 0x40, 0x00, 0x00, 0x00
.long _sym_00b958a4
.globl _sym_00b958a4
_sym_00b958a4:
.byte 0x00, 0x00, 0x00, 0x00, 0x01, 0x00, 0x00, 0x00, 0x0b, 0x00, 0x00, 0x00
.long _sym_00b958b4
.globl _sym_00b958b4
_sym_00b958b4:
.long _sym_00b95888
.long _sym_00b92808
.long _sym_00b92860
.long _sym_00b9267c
.long _sym_00b92698
.long _sym_00b9277c
.long _sym_00b92798
.long _sym_00b927b4
.long _sym_00b927d0
.long _sym_00b927ec
.long _sym_00b928b0
.byte 0x00, 0x00, 0x00, 0x00
.globl _sym_00b958e4
_sym_00b958e4:
.byte 0x00, 0x00, 0x00, 0x00, 0x00, 0x00, 0x00, 0x00, 0x00, 0x00, 0x00, 0x00
.long _sym_00c0c788
.long _sym_00b95844
.globl _sym_00b958f8
_sym_00b958f8:
.byte 0x00, 0x00, 0x00, 0x00, 0x00, 0x00, 0x00, 0x00, 0x00, 0x00, 0x00, 0x00
.long _sym_00c0c7d8
.long _sym_00b958a4
.globl _sym_00b9590c
_sym_00b9590c:
.byte 0x00, 0x00, 0x00, 0x00, 0x00, 0x00, 0x00, 0x00, 0x00, 0x00, 0x00, 0x00
.long _sym_00c0c828
.long _sym_00b95920
.globl _sym_00b95920
_sym_00b95920:
.byte 0x00, 0x00, 0x00, 0x00, 0x01, 0x00, 0x00, 0x00, 0x0d, 0x00, 0x00, 0x00
.long _sym_00b95930
.globl _sym_00b95930
_sym_00b95930:
.long _sym_00b95968
.long _sym_00b95984
.long _sym_00b959e4
.long _sym_00b92808
.long _sym_00b92860
.long _sym_00b9267c
.long _sym_00b92698
.long _sym_00b9277c
.long _sym_00b92798
.long _sym_00b927b4
.long _sym_00b927d0
.long _sym_00b927ec
.long _sym_00b928b0
.byte 0x00, 0x00, 0x00, 0x00
.globl _sym_00b95968
_sym_00b95968:
.long _sym_00c0c828
.byte 0x0c, 0x00, 0x00, 0x00, 0x00, 0x00, 0x00, 0x00, 0xff, 0xff, 0xff, 0xff, 0x00, 0x00, 0x00, 0x00
.byte 0x40, 0x00, 0x00, 0x00
.long _sym_00b95920
.globl _sym_00b95984
_sym_00b95984:
.long _sym_00c0c878
.byte 0x0b, 0x00, 0x00, 0x00, 0x00, 0x00, 0x00, 0x00, 0xff, 0xff, 0xff, 0xff, 0x00, 0x00, 0x00, 0x00
.byte 0x40, 0x00, 0x00, 0x00
.long _sym_00b959a0
.globl _sym_00b959a0
_sym_00b959a0:
.byte 0x00, 0x00, 0x00, 0x00, 0x01, 0x00, 0x00, 0x00, 0x0c, 0x00, 0x00, 0x00
.long _sym_00b959b0
.globl _sym_00b959b0
_sym_00b959b0:
.long _sym_00b95984
.long _sym_00b959e4
.long _sym_00b92808
.long _sym_00b92860
.long _sym_00b9267c
.long _sym_00b92698
.long _sym_00b9277c
.long _sym_00b92798
.long _sym_00b927b4
.long _sym_00b927d0
.long _sym_00b927ec
.long _sym_00b928b0
.byte 0x00, 0x00, 0x00, 0x00
.globl _sym_00b959e4
_sym_00b959e4:
.long _sym_00c0c8c8
.byte 0x0a, 0x00, 0x00, 0x00, 0x00, 0x00, 0x00, 0x00, 0xff, 0xff, 0xff, 0xff, 0x00, 0x00, 0x00, 0x00
.byte 0x40, 0x00, 0x00, 0x00
.long _sym_00b95a00
.globl _sym_00b95a00
_sym_00b95a00:
.byte 0x00, 0x00, 0x00, 0x00, 0x01, 0x00, 0x00, 0x00, 0x0b, 0x00, 0x00, 0x00
.long _sym_00b95a10
.globl _sym_00b95a10
_sym_00b95a10:
.long _sym_00b959e4
.long _sym_00b92808
.long _sym_00b92860
.long _sym_00b9267c
.long _sym_00b92698
.long _sym_00b9277c
.long _sym_00b92798
.long _sym_00b927b4
.long _sym_00b927d0
.long _sym_00b927ec
.long _sym_00b928b0
.byte 0x00, 0x00, 0x00, 0x00
.globl _sym_00b95a40
_sym_00b95a40:
.byte 0x00, 0x00, 0x00, 0x00, 0x00, 0x00, 0x00, 0x00, 0x00, 0x00, 0x00, 0x00
.long _sym_00c0c878
.long _sym_00b959a0
.globl _sym_00b95a54
_sym_00b95a54:
.byte 0x00, 0x00, 0x00, 0x00, 0x00, 0x00, 0x00, 0x00, 0x00, 0x00, 0x00, 0x00
.long _sym_00c0c8c8
.long _sym_00b95a00
.globl _sym_00b95a68
_sym_00b95a68:
.byte 0x00, 0x00, 0x00, 0x00, 0x00, 0x00, 0x00, 0x00, 0x00, 0x00, 0x00, 0x00
.long _sym_00c0c918
.long _sym_00b95a7c
.globl _sym_00b95a7c
_sym_00b95a7c:
.byte 0x00, 0x00, 0x00, 0x00, 0x01, 0x00, 0x00, 0x00, 0x09, 0x00, 0x00, 0x00
.long _sym_00b95a8c
.globl _sym_00b95a8c
_sym_00b95a8c:
.long _sym_00b95ab4
.long _sym_00b93dc0
.long _sym_00b93e10
.long _sym_00b93e5c
.long _sym_00b93f30
.long _sym_00b92584
.long _sym_00b925a0
.long _sym_00b93f4c
.long _sym_00b93f68
.byte 0x00, 0x00, 0x00, 0x00
.globl _sym_00b95ab4
_sym_00b95ab4:
.long _sym_00c0c918
.byte 0x08, 0x00, 0x00, 0x00, 0x00, 0x00, 0x00, 0x00, 0xff, 0xff, 0xff, 0xff, 0x00, 0x00, 0x00, 0x00
.byte 0x40, 0x00, 0x00, 0x00
.long _sym_00b95a7c
.globl _sym_00b95ad0
_sym_00b95ad0:
.byte 0x00, 0x00, 0x00, 0x00, 0x00, 0x00, 0x00, 0x00, 0x00, 0x00, 0x00, 0x00
.long _sym_00c0c960
.long _sym_00b95ae4
.globl _sym_00b95ae4
_sym_00b95ae4:
.byte 0x00, 0x00, 0x00, 0x00, 0x01, 0x00, 0x00, 0x00, 0x0d, 0x00, 0x00, 0x00
.long _sym_00b95af4
.globl _sym_00b95af4
_sym_00b95af4:
.long _sym_00b95b2c
.long _sym_00b95b48
.long _sym_00b95ba8
.long _sym_00b92808
.long _sym_00b92860
.long _sym_00b9267c
.long _sym_00b92698
.long _sym_00b9277c
.long _sym_00b92798
.long _sym_00b927b4
.long _sym_00b927d0
.long _sym_00b927ec
.long _sym_00b928b0
.byte 0x00, 0x00, 0x00, 0x00
.globl _sym_00b95b2c
_sym_00b95b2c:
.long _sym_00c0c960
.byte 0x0c, 0x00, 0x00, 0x00, 0x00, 0x00, 0x00, 0x00, 0xff, 0xff, 0xff, 0xff, 0x00, 0x00, 0x00, 0x00
.byte 0x40, 0x00, 0x00, 0x00
.long _sym_00b95ae4
.globl _sym_00b95b48
_sym_00b95b48:
.long _sym_00c0c9c0
.byte 0x0b, 0x00, 0x00, 0x00, 0x00, 0x00, 0x00, 0x00, 0xff, 0xff, 0xff, 0xff, 0x00, 0x00, 0x00, 0x00
.byte 0x40, 0x00, 0x00, 0x00
.long _sym_00b95b64
.globl _sym_00b95b64
_sym_00b95b64:
.byte 0x00, 0x00, 0x00, 0x00, 0x01, 0x00, 0x00, 0x00, 0x0c, 0x00, 0x00, 0x00
.long _sym_00b95b74
.globl _sym_00b95b74
_sym_00b95b74:
.long _sym_00b95b48
.long _sym_00b95ba8
.long _sym_00b92808
.long _sym_00b92860
.long _sym_00b9267c
.long _sym_00b92698
.long _sym_00b9277c
.long _sym_00b92798
.long _sym_00b927b4
.long _sym_00b927d0
.long _sym_00b927ec
.long _sym_00b928b0
.byte 0x00, 0x00, 0x00, 0x00
.globl _sym_00b95ba8
_sym_00b95ba8:
.long _sym_00c0ca20
.byte 0x0a, 0x00, 0x00, 0x00, 0x00, 0x00, 0x00, 0x00, 0xff, 0xff, 0xff, 0xff, 0x00, 0x00, 0x00, 0x00
.byte 0x40, 0x00, 0x00, 0x00
.long _sym_00b95bc4
.globl _sym_00b95bc4
_sym_00b95bc4:
.byte 0x00, 0x00, 0x00, 0x00, 0x01, 0x00, 0x00, 0x00, 0x0b, 0x00, 0x00, 0x00
.long _sym_00b95bd4
.globl _sym_00b95bd4
_sym_00b95bd4:
.long _sym_00b95ba8
.long _sym_00b92808
.long _sym_00b92860
.long _sym_00b9267c
.long _sym_00b92698
.long _sym_00b9277c
.long _sym_00b92798
.long _sym_00b927b4
.long _sym_00b927d0
.long _sym_00b927ec
.long _sym_00b928b0
.byte 0x00, 0x00, 0x00, 0x00
.globl _sym_00b95c04
_sym_00b95c04:
.byte 0x00, 0x00, 0x00, 0x00, 0x00, 0x00, 0x00, 0x00, 0x00, 0x00, 0x00, 0x00
.long _sym_00c0c9c0
.long _sym_00b95b64
.globl _sym_00b95c18
_sym_00b95c18:
.byte 0x00, 0x00, 0x00, 0x00, 0x00, 0x00, 0x00, 0x00, 0x00, 0x00, 0x00, 0x00
.long _sym_00c0ca20
.long _sym_00b95bc4
.globl _sym_00b95c2c
_sym_00b95c2c:
.byte 0x00, 0x00, 0x00, 0x00, 0x00, 0x00, 0x00, 0x00, 0x00, 0x00, 0x00, 0x00
.long _sym_00c0ca80
.long _sym_00b95c40
.globl _sym_00b95c40
_sym_00b95c40:
.byte 0x00, 0x00, 0x00, 0x00, 0x01, 0x00, 0x00, 0x00, 0x09, 0x00, 0x00, 0x00
.long _sym_00b95c50
.globl _sym_00b95c50
_sym_00b95c50:
.long _sym_00b95c78
.long _sym_00b93dc0
.long _sym_00b93e10
.long _sym_00b93e5c
.long _sym_00b93f30
.long _sym_00b92584
.long _sym_00b925a0
.long _sym_00b93f4c
.long _sym_00b93f68
.byte 0x00, 0x00, 0x00, 0x00
.globl _sym_00b95c78
_sym_00b95c78:
.long _sym_00c0ca80
.byte 0x08, 0x00, 0x00, 0x00, 0x00, 0x00, 0x00, 0x00, 0xff, 0xff, 0xff, 0xff, 0x00, 0x00, 0x00, 0x00
.byte 0x40, 0x00, 0x00, 0x00
.long _sym_00b95c40
.globl _sym_00b95c94
_sym_00b95c94:
.byte 0x00, 0x00, 0x00, 0x00, 0x00, 0x00, 0x00, 0x00, 0x00, 0x00, 0x00, 0x00
.long _sym_00c0cae0
.long _sym_00b95ca8
.globl _sym_00b95ca8
_sym_00b95ca8:
.byte 0x00, 0x00, 0x00, 0x00, 0x00, 0x00, 0x00, 0x00, 0x02, 0x00, 0x00, 0x00
.long _sym_00b95cb8
.globl _sym_00b95cb8
_sym_00b95cb8:
.long _sym_00b95cc4
.long _sym_00b9292c
.byte 0x00, 0x00, 0x00, 0x00
.globl _sym_00b95cc4
_sym_00b95cc4:
.long _sym_00c0cae0
.byte 0x01, 0x00, 0x00, 0x00, 0x00, 0x00, 0x00, 0x00, 0xff, 0xff, 0xff, 0xff, 0x00, 0x00, 0x00, 0x00
.byte 0x40, 0x00, 0x00, 0x00
.long _sym_00b95ca8
.globl _sym_00b95ce0
_sym_00b95ce0:
.byte 0x00, 0x00, 0x00, 0x00, 0x00, 0x00, 0x00, 0x00, 0x00, 0x00, 0x00, 0x00
.long _sym_00c0cb88
.long _sym_00b95cf4
.globl _sym_00b95cf4
_sym_00b95cf4:
.byte 0x00, 0x00, 0x00, 0x00, 0x00, 0x00, 0x00, 0x00, 0x02, 0x00, 0x00, 0x00
.long _sym_00b95d04
.globl _sym_00b95d04
_sym_00b95d04:
.long _sym_00b95d10
.long _sym_00b9292c
.byte 0x00, 0x00, 0x00, 0x00
.globl _sym_00b95d10
_sym_00b95d10:
.long _sym_00c0cb88
.byte 0x01, 0x00, 0x00, 0x00, 0x00, 0x00, 0x00, 0x00, 0xff, 0xff, 0xff, 0xff, 0x00, 0x00, 0x00, 0x00
.byte 0x40, 0x00, 0x00, 0x00
.long _sym_00b95cf4
.globl _sym_00b95d2c
_sym_00b95d2c:
.byte 0x00, 0x00, 0x00, 0x00, 0x00, 0x00, 0x00, 0x00, 0x00, 0x00, 0x00, 0x00
.long _sym_00c0cc20
.long _sym_00b95d40
.globl _sym_00b95d40
_sym_00b95d40:
.byte 0x00, 0x00, 0x00, 0x00, 0x00, 0x00, 0x00, 0x00, 0x02, 0x00, 0x00, 0x00
.long _sym_00b95d50
.globl _sym_00b95d50
_sym_00b95d50:
.long _sym_00b95d5c
.long _sym_00b9292c
.byte 0x00, 0x00, 0x00, 0x00
.globl _sym_00b95d5c
_sym_00b95d5c:
.long _sym_00c0cc20
.byte 0x01, 0x00, 0x00, 0x00, 0x00, 0x00, 0x00, 0x00, 0xff, 0xff, 0xff, 0xff, 0x00, 0x00, 0x00, 0x00
.byte 0x40, 0x00, 0x00, 0x00
.long _sym_00b95d40
.globl _sym_00b95d78
_sym_00b95d78:
.byte 0x00, 0x00, 0x00, 0x00, 0x00, 0x00, 0x00, 0x00, 0x00, 0x00, 0x00, 0x00
.long _sym_00c0cca8
.long _sym_00b95d8c
.globl _sym_00b95d8c
_sym_00b95d8c:
.byte 0x00, 0x00, 0x00, 0x00, 0x00, 0x00, 0x00, 0x00, 0x02, 0x00, 0x00, 0x00
.long _sym_00b95d9c
.globl _sym_00b95d9c
_sym_00b95d9c:
.long _sym_00b95da8
.long _sym_00b9292c
.byte 0x00, 0x00, 0x00, 0x00
.globl _sym_00b95da8
_sym_00b95da8:
.long _sym_00c0cca8
.byte 0x01, 0x00, 0x00, 0x00, 0x00, 0x00, 0x00, 0x00, 0xff, 0xff, 0xff, 0xff, 0x00, 0x00, 0x00, 0x00
.byte 0x40, 0x00, 0x00, 0x00
.long _sym_00b95d8c
.globl _sym_00b95dc4
_sym_00b95dc4:
.byte 0x00, 0x00, 0x00, 0x00, 0x00, 0x00, 0x00, 0x00, 0x00, 0x00, 0x00, 0x00
.long _sym_00c0cd58
.long _sym_00b95dd8
.globl _sym_00b95dd8
_sym_00b95dd8:
.byte 0x00, 0x00, 0x00, 0x00, 0x01, 0x00, 0x00, 0x00, 0x0d, 0x00, 0x00, 0x00
.long _sym_00b95de8
.globl _sym_00b95de8
_sym_00b95de8:
.long _sym_00b95e20
.long _sym_00b95e3c
.long _sym_00b95e9c
.long _sym_00b92808
.long _sym_00b92860
.long _sym_00b9267c
.long _sym_00b92698
.long _sym_00b9277c
.long _sym_00b92798
.long _sym_00b927b4
.long _sym_00b927d0
.long _sym_00b927ec
.long _sym_00b928b0
.byte 0x00, 0x00, 0x00, 0x00
.globl _sym_00b95e20
_sym_00b95e20:
.long _sym_00c0cd58
.byte 0x0c, 0x00, 0x00, 0x00, 0x00, 0x00, 0x00, 0x00, 0xff, 0xff, 0xff, 0xff, 0x00, 0x00, 0x00, 0x00
.byte 0x40, 0x00, 0x00, 0x00
.long _sym_00b95dd8
.globl _sym_00b95e3c
_sym_00b95e3c:
.long _sym_00c0cdb0
.byte 0x0b, 0x00, 0x00, 0x00, 0x00, 0x00, 0x00, 0x00, 0xff, 0xff, 0xff, 0xff, 0x00, 0x00, 0x00, 0x00
.byte 0x40, 0x00, 0x00, 0x00
.long _sym_00b95e58
.globl _sym_00b95e58
_sym_00b95e58:
.byte 0x00, 0x00, 0x00, 0x00, 0x01, 0x00, 0x00, 0x00, 0x0c, 0x00, 0x00, 0x00
.long _sym_00b95e68
.globl _sym_00b95e68
_sym_00b95e68:
.long _sym_00b95e3c
.long _sym_00b95e9c
.long _sym_00b92808
.long _sym_00b92860
.long _sym_00b9267c
.long _sym_00b92698
.long _sym_00b9277c
.long _sym_00b92798
.long _sym_00b927b4
.long _sym_00b927d0
.long _sym_00b927ec
.long _sym_00b928b0
.byte 0x00, 0x00, 0x00, 0x00
.globl _sym_00b95e9c
_sym_00b95e9c:
.long _sym_00c0cdf8
.byte 0x0a, 0x00, 0x00, 0x00, 0x00, 0x00, 0x00, 0x00, 0xff, 0xff, 0xff, 0xff, 0x00, 0x00, 0x00, 0x00
.byte 0x40, 0x00, 0x00, 0x00
.long _sym_00b95eb8
.globl _sym_00b95eb8
_sym_00b95eb8:
.byte 0x00, 0x00, 0x00, 0x00, 0x01, 0x00, 0x00, 0x00, 0x0b, 0x00, 0x00, 0x00
.long _sym_00b95ec8
.globl _sym_00b95ec8
_sym_00b95ec8:
.long _sym_00b95e9c
.long _sym_00b92808
.long _sym_00b92860
.long _sym_00b9267c
.long _sym_00b92698
.long _sym_00b9277c
.long _sym_00b92798
.long _sym_00b927b4
.long _sym_00b927d0
.long _sym_00b927ec
.long _sym_00b928b0
.byte 0x00, 0x00, 0x00, 0x00
.globl _sym_00b95ef8
_sym_00b95ef8:
.byte 0x00, 0x00, 0x00, 0x00, 0x00, 0x00, 0x00, 0x00, 0x00, 0x00, 0x00, 0x00
.long _sym_00c0cdb0
.long _sym_00b95e58
.globl _sym_00b95f0c
_sym_00b95f0c:
.byte 0x00, 0x00, 0x00, 0x00, 0x00, 0x00, 0x00, 0x00, 0x00, 0x00, 0x00, 0x00
.long _sym_00c0cdf8
.long _sym_00b95eb8
.globl _sym_00b95f20
_sym_00b95f20:
.byte 0x00, 0x00, 0x00, 0x00, 0x00, 0x00, 0x00, 0x00, 0x00, 0x00, 0x00, 0x00
.long _sym_00c0ce40
.long _sym_00b95f34
.globl _sym_00b95f34
_sym_00b95f34:
.byte 0x00, 0x00, 0x00, 0x00, 0x00, 0x00, 0x00, 0x00, 0x02, 0x00, 0x00, 0x00
.long _sym_00b95f44
.globl _sym_00b95f44
_sym_00b95f44:
.long _sym_00b95f50
.long _sym_00b9292c
.byte 0x00, 0x00, 0x00, 0x00
.globl _sym_00b95f50
_sym_00b95f50:
.long _sym_00c0ce40
.byte 0x01, 0x00, 0x00, 0x00, 0x00, 0x00, 0x00, 0x00, 0xff, 0xff, 0xff, 0xff, 0x00, 0x00, 0x00, 0x00
.byte 0x40, 0x00, 0x00, 0x00
.long _sym_00b95f34
.globl _sym_00b95f6c
_sym_00b95f6c:
.byte 0x00, 0x00, 0x00, 0x00, 0x00, 0x00, 0x00, 0x00, 0x00, 0x00, 0x00, 0x00
.long _sym_00c0cec8
.long _sym_00b95f80
.globl _sym_00b95f80
_sym_00b95f80:
.byte 0x00, 0x00, 0x00, 0x00, 0x01, 0x00, 0x00, 0x00, 0x0d, 0x00, 0x00, 0x00
.long _sym_00b95f90
.globl _sym_00b95f90
_sym_00b95f90:
.long _sym_00b95fc8
.long _sym_00b95fe4
.long _sym_00b96044
.long _sym_00b92808
.long _sym_00b92860
.long _sym_00b9267c
.long _sym_00b92698
.long _sym_00b9277c
.long _sym_00b92798
.long _sym_00b927b4
.long _sym_00b927d0
.long _sym_00b927ec
.long _sym_00b928b0
.byte 0x00, 0x00, 0x00, 0x00
.globl _sym_00b95fc8
_sym_00b95fc8:
.long _sym_00c0cec8
.byte 0x0c, 0x00, 0x00, 0x00, 0x00, 0x00, 0x00, 0x00, 0xff, 0xff, 0xff, 0xff, 0x00, 0x00, 0x00, 0x00
.byte 0x40, 0x00, 0x00, 0x00
.long _sym_00b95f80
.globl _sym_00b95fe4
_sym_00b95fe4:
.long _sym_00c0cf28
.byte 0x0b, 0x00, 0x00, 0x00, 0x00, 0x00, 0x00, 0x00, 0xff, 0xff, 0xff, 0xff, 0x00, 0x00, 0x00, 0x00
.byte 0x40, 0x00, 0x00, 0x00
.long _sym_00b96000
.globl _sym_00b96000
_sym_00b96000:
.byte 0x00, 0x00, 0x00, 0x00, 0x01, 0x00, 0x00, 0x00, 0x0c, 0x00, 0x00, 0x00
.long _sym_00b96010
.globl _sym_00b96010
_sym_00b96010:
.long _sym_00b95fe4
.long _sym_00b96044
.long _sym_00b92808
.long _sym_00b92860
.long _sym_00b9267c
.long _sym_00b92698
.long _sym_00b9277c
.long _sym_00b92798
.long _sym_00b927b4
.long _sym_00b927d0
.long _sym_00b927ec
.long _sym_00b928b0
.byte 0x00, 0x00, 0x00, 0x00
.globl _sym_00b96044
_sym_00b96044:
.long _sym_00c0cf70
.byte 0x0a, 0x00, 0x00, 0x00, 0x00, 0x00, 0x00, 0x00, 0xff, 0xff, 0xff, 0xff, 0x00, 0x00, 0x00, 0x00
.byte 0x40, 0x00, 0x00, 0x00
.long _sym_00b96060
.globl _sym_00b96060
_sym_00b96060:
.byte 0x00, 0x00, 0x00, 0x00, 0x01, 0x00, 0x00, 0x00, 0x0b, 0x00, 0x00, 0x00
.long _sym_00b96070
.globl _sym_00b96070
_sym_00b96070:
.long _sym_00b96044
.long _sym_00b92808
.long _sym_00b92860
.long _sym_00b9267c
.long _sym_00b92698
.long _sym_00b9277c
.long _sym_00b92798
.long _sym_00b927b4
.long _sym_00b927d0
.long _sym_00b927ec
.long _sym_00b928b0
.byte 0x00, 0x00, 0x00, 0x00
.globl _sym_00b960a0
_sym_00b960a0:
.byte 0x00, 0x00, 0x00, 0x00, 0x00, 0x00, 0x00, 0x00, 0x00, 0x00, 0x00, 0x00
.long _sym_00c0cf28
.long _sym_00b96000
.globl _sym_00b960b4
_sym_00b960b4:
.byte 0x00, 0x00, 0x00, 0x00, 0x00, 0x00, 0x00, 0x00, 0x00, 0x00, 0x00, 0x00
.long _sym_00c0cf70
.long _sym_00b96060
.globl _sym_00b960c8
_sym_00b960c8:
.byte 0x00, 0x00, 0x00, 0x00, 0x00, 0x00, 0x00, 0x00, 0x00, 0x00, 0x00, 0x00
.long _sym_00c0cfb8
.long _sym_00b960dc
.globl _sym_00b960dc
_sym_00b960dc:
.byte 0x00, 0x00, 0x00, 0x00, 0x01, 0x00, 0x00, 0x00, 0x0d, 0x00, 0x00, 0x00
.long _sym_00b960ec
.globl _sym_00b960ec
_sym_00b960ec:
.long _sym_00b96124
.long _sym_00b96140
.long _sym_00b961a0
.long _sym_00b92808
.long _sym_00b92860
.long _sym_00b9267c
.long _sym_00b92698
.long _sym_00b9277c
.long _sym_00b92798
.long _sym_00b927b4
.long _sym_00b927d0
.long _sym_00b927ec
.long _sym_00b928b0
.byte 0x00, 0x00, 0x00, 0x00
.globl _sym_00b96124
_sym_00b96124:
.long _sym_00c0cfb8
.byte 0x0c, 0x00, 0x00, 0x00, 0x00, 0x00, 0x00, 0x00, 0xff, 0xff, 0xff, 0xff, 0x00, 0x00, 0x00, 0x00
.byte 0x40, 0x00, 0x00, 0x00
.long _sym_00b960dc
.globl _sym_00b96140
_sym_00b96140:
.long _sym_00c0d008
.byte 0x0b, 0x00, 0x00, 0x00, 0x00, 0x00, 0x00, 0x00, 0xff, 0xff, 0xff, 0xff, 0x00, 0x00, 0x00, 0x00
.byte 0x40, 0x00, 0x00, 0x00
.long _sym_00b9615c
.globl _sym_00b9615c
_sym_00b9615c:
.byte 0x00, 0x00, 0x00, 0x00, 0x01, 0x00, 0x00, 0x00, 0x0c, 0x00, 0x00, 0x00
.long _sym_00b9616c
.globl _sym_00b9616c
_sym_00b9616c:
.long _sym_00b96140
.long _sym_00b961a0
.long _sym_00b92808
.long _sym_00b92860
.long _sym_00b9267c
.long _sym_00b92698
.long _sym_00b9277c
.long _sym_00b92798
.long _sym_00b927b4
.long _sym_00b927d0
.long _sym_00b927ec
.long _sym_00b928b0
.byte 0x00, 0x00, 0x00, 0x00
.globl _sym_00b961a0
_sym_00b961a0:
.long _sym_00c0d058
.byte 0x0a, 0x00, 0x00, 0x00, 0x00, 0x00, 0x00, 0x00, 0xff, 0xff, 0xff, 0xff, 0x00, 0x00, 0x00, 0x00
.byte 0x40, 0x00, 0x00, 0x00
.long _sym_00b961bc
.globl _sym_00b961bc
_sym_00b961bc:
.byte 0x00, 0x00, 0x00, 0x00, 0x01, 0x00, 0x00, 0x00, 0x0b, 0x00, 0x00, 0x00
.long _sym_00b961cc
.globl _sym_00b961cc
_sym_00b961cc:
.long _sym_00b961a0
.long _sym_00b92808
.long _sym_00b92860
.long _sym_00b9267c
.long _sym_00b92698
.long _sym_00b9277c
.long _sym_00b92798
.long _sym_00b927b4
.long _sym_00b927d0
.long _sym_00b927ec
.long _sym_00b928b0
.byte 0x00, 0x00, 0x00, 0x00
.globl _sym_00b961fc
_sym_00b961fc:
.byte 0x00, 0x00, 0x00, 0x00, 0x00, 0x00, 0x00, 0x00, 0x00, 0x00, 0x00, 0x00
.long _sym_00c0d008
.long _sym_00b9615c
.globl _sym_00b96210
_sym_00b96210:
.byte 0x00, 0x00, 0x00, 0x00, 0x00, 0x00, 0x00, 0x00, 0x00, 0x00, 0x00, 0x00
.long _sym_00c0d058
.long _sym_00b961bc
.globl _sym_00b96224
_sym_00b96224:
.byte 0x00, 0x00, 0x00, 0x00, 0x00, 0x00, 0x00, 0x00, 0x00, 0x00, 0x00, 0x00
.long _sym_00c0d0a8
.long _sym_00b96238
.globl _sym_00b96238
_sym_00b96238:
.byte 0x00, 0x00, 0x00, 0x00, 0x00, 0x00, 0x00, 0x00, 0x02, 0x00, 0x00, 0x00
.long _sym_00b96248
.globl _sym_00b96248
_sym_00b96248:
.long _sym_00b96254
.long _sym_00b96270
.byte 0x00, 0x00, 0x00, 0x00
.globl _sym_00b96254
_sym_00b96254:
.long _sym_00c0d0a8
.byte 0x01, 0x00, 0x00, 0x00, 0x00, 0x00, 0x00, 0x00, 0xff, 0xff, 0xff, 0xff, 0x00, 0x00, 0x00, 0x00
.byte 0x40, 0x00, 0x00, 0x00
.long _sym_00b96238
.globl _sym_00b96270
_sym_00b96270:
.long _sym_00c0d0f4
.byte 0x00, 0x00, 0x00, 0x00, 0x00, 0x00, 0x00, 0x00, 0xff, 0xff, 0xff, 0xff, 0x00, 0x00, 0x00, 0x00
.byte 0x40, 0x00, 0x00, 0x00
.long _sym_00b9628c
.globl _sym_00b9628c
_sym_00b9628c:
.byte 0x00, 0x00, 0x00, 0x00, 0x00, 0x00, 0x00, 0x00, 0x01, 0x00, 0x00, 0x00
.long _sym_00b9629c
.globl _sym_00b9629c
_sym_00b9629c:
.long _sym_00b96270
.byte 0x00, 0x00, 0x00, 0x00
.globl _sym_00b962a4
_sym_00b962a4:
.byte 0x00, 0x00, 0x00, 0x00, 0x00, 0x00, 0x00, 0x00, 0x00, 0x00, 0x00, 0x00
.long _sym_00c0d128
.long _sym_00b962b8
.globl _sym_00b962b8
_sym_00b962b8:
.byte 0x00, 0x00, 0x00, 0x00, 0x00, 0x00, 0x00, 0x00, 0x02, 0x00, 0x00, 0x00
.long _sym_00b962c8
.globl _sym_00b962c8
_sym_00b962c8:
.long _sym_00b962d4
.long _sym_00b9292c
.byte 0x00, 0x00, 0x00, 0x00
.globl _sym_00b962d4
_sym_00b962d4:
.long _sym_00c0d128
.byte 0x01, 0x00, 0x00, 0x00, 0x00, 0x00, 0x00, 0x00, 0xff, 0xff, 0xff, 0xff, 0x00, 0x00, 0x00, 0x00
.byte 0x40, 0x00, 0x00, 0x00
.long _sym_00b962b8
.globl _sym_00b962f0
_sym_00b962f0:
.byte 0x00, 0x00, 0x00, 0x00, 0x00, 0x00, 0x00, 0x00, 0x00, 0x00, 0x00, 0x00
.long _sym_00c0d1b8
.long _sym_00b96304
.globl _sym_00b96304
_sym_00b96304:
.byte 0x00, 0x00, 0x00, 0x00, 0x00, 0x00, 0x00, 0x00, 0x02, 0x00, 0x00, 0x00
.long _sym_00b96314
.globl _sym_00b96314
_sym_00b96314:
.long _sym_00b96320
.long _sym_00b9292c
.byte 0x00, 0x00, 0x00, 0x00
.globl _sym_00b96320
_sym_00b96320:
.long _sym_00c0d1b8
.byte 0x01, 0x00, 0x00, 0x00, 0x00, 0x00, 0x00, 0x00, 0xff, 0xff, 0xff, 0xff, 0x00, 0x00, 0x00, 0x00
.byte 0x40, 0x00, 0x00, 0x00
.long _sym_00b96304
.globl _sym_00b9633c
_sym_00b9633c:
.byte 0x00, 0x00, 0x00, 0x00, 0x00, 0x00, 0x00, 0x00, 0x00, 0x00, 0x00, 0x00
.long _sym_00c0d248
.long _sym_00b96350
.globl _sym_00b96350
_sym_00b96350:
.byte 0x00, 0x00, 0x00, 0x00, 0x00, 0x00, 0x00, 0x00, 0x02, 0x00, 0x00, 0x00
.long _sym_00b96360
.globl _sym_00b96360
_sym_00b96360:
.long _sym_00b9636c
.long _sym_00b9292c
.byte 0x00, 0x00, 0x00, 0x00
.globl _sym_00b9636c
_sym_00b9636c:
.long _sym_00c0d248
.byte 0x01, 0x00, 0x00, 0x00, 0x00, 0x00, 0x00, 0x00, 0xff, 0xff, 0xff, 0xff, 0x00, 0x00, 0x00, 0x00
.byte 0x40, 0x00, 0x00, 0x00
.long _sym_00b96350
.globl _sym_00b96388
_sym_00b96388:
.byte 0x00, 0x00, 0x00, 0x00, 0x00, 0x00, 0x00, 0x00, 0x00, 0x00, 0x00, 0x00
.long _sym_00c0d2e0
.long _sym_00b9639c
.globl _sym_00b9639c
_sym_00b9639c:
.byte 0x00, 0x00, 0x00, 0x00, 0x01, 0x00, 0x00, 0x00, 0x0d, 0x00, 0x00, 0x00
.long _sym_00b963ac
.globl _sym_00b963ac
_sym_00b963ac:
.long _sym_00b963e4
.long _sym_00b96400
.long _sym_00b96460
.long _sym_00b92808
.long _sym_00b92860
.long _sym_00b9267c
.long _sym_00b92698
.long _sym_00b9277c
.long _sym_00b92798
.long _sym_00b927b4
.long _sym_00b927d0
.long _sym_00b927ec
.long _sym_00b928b0
.byte 0x00, 0x00, 0x00, 0x00
.globl _sym_00b963e4
_sym_00b963e4:
.long _sym_00c0d2e0
.byte 0x0c, 0x00, 0x00, 0x00, 0x00, 0x00, 0x00, 0x00, 0xff, 0xff, 0xff, 0xff, 0x00, 0x00, 0x00, 0x00
.byte 0x40, 0x00, 0x00, 0x00
.long _sym_00b9639c
.globl _sym_00b96400
_sym_00b96400:
.long _sym_00c0d348
.byte 0x0b, 0x00, 0x00, 0x00, 0x00, 0x00, 0x00, 0x00, 0xff, 0xff, 0xff, 0xff, 0x00, 0x00, 0x00, 0x00
.byte 0x40, 0x00, 0x00, 0x00
.long _sym_00b9641c
.globl _sym_00b9641c
_sym_00b9641c:
.byte 0x00, 0x00, 0x00, 0x00, 0x01, 0x00, 0x00, 0x00, 0x0c, 0x00, 0x00, 0x00
.long _sym_00b9642c
.globl _sym_00b9642c
_sym_00b9642c:
.long _sym_00b96400
.long _sym_00b96460
.long _sym_00b92808
.long _sym_00b92860
.long _sym_00b9267c
.long _sym_00b92698
.long _sym_00b9277c
.long _sym_00b92798
.long _sym_00b927b4
.long _sym_00b927d0
.long _sym_00b927ec
.long _sym_00b928b0
.byte 0x00, 0x00, 0x00, 0x00
.globl _sym_00b96460
_sym_00b96460:
.long _sym_00c0d3a0
.byte 0x0a, 0x00, 0x00, 0x00, 0x00, 0x00, 0x00, 0x00, 0xff, 0xff, 0xff, 0xff, 0x00, 0x00, 0x00, 0x00
.byte 0x40, 0x00, 0x00, 0x00
.long _sym_00b9647c
.globl _sym_00b9647c
_sym_00b9647c:
.byte 0x00, 0x00, 0x00, 0x00, 0x01, 0x00, 0x00, 0x00, 0x0b, 0x00, 0x00, 0x00
.long _sym_00b9648c
.globl _sym_00b9648c
_sym_00b9648c:
.long _sym_00b96460
.long _sym_00b92808
.long _sym_00b92860
.long _sym_00b9267c
.long _sym_00b92698
.long _sym_00b9277c
.long _sym_00b92798
.long _sym_00b927b4
.long _sym_00b927d0
.long _sym_00b927ec
.long _sym_00b928b0
.byte 0x00, 0x00, 0x00, 0x00
.globl _sym_00b964bc
_sym_00b964bc:
.byte 0x00, 0x00, 0x00, 0x00, 0x00, 0x00, 0x00, 0x00, 0x00, 0x00, 0x00, 0x00
.long _sym_00c0d348
.long _sym_00b9641c
.globl _sym_00b964d0
_sym_00b964d0:
.byte 0x00, 0x00, 0x00, 0x00, 0x00, 0x00, 0x00, 0x00, 0x00, 0x00, 0x00, 0x00
.long _sym_00c0d3a0
.long _sym_00b9647c
.globl _sym_00b964e4
_sym_00b964e4:
.byte 0x00, 0x00, 0x00, 0x00, 0x00, 0x00, 0x00, 0x00, 0x00, 0x00, 0x00, 0x00
.long _sym_00c0d3f0
.long _sym_00b964f8
.globl _sym_00b964f8
_sym_00b964f8:
.byte 0x00, 0x00, 0x00, 0x00, 0x00, 0x00, 0x00, 0x00, 0x02, 0x00, 0x00, 0x00
.long _sym_00b96508
.globl _sym_00b96508
_sym_00b96508:
.long _sym_00b96514
.long _sym_00b9292c
.byte 0x00, 0x00, 0x00, 0x00
.globl _sym_00b96514
_sym_00b96514:
.long _sym_00c0d3f0
.byte 0x01, 0x00, 0x00, 0x00, 0x00, 0x00, 0x00, 0x00, 0xff, 0xff, 0xff, 0xff, 0x00, 0x00, 0x00, 0x00
.byte 0x40, 0x00, 0x00, 0x00
.long _sym_00b964f8
.globl _sym_00b96530
_sym_00b96530:
.byte 0x00, 0x00, 0x00, 0x00, 0x00, 0x00, 0x00, 0x00, 0x00, 0x00, 0x00, 0x00
.long _sym_00c0d458
.long _sym_00b96544
.globl _sym_00b96544
_sym_00b96544:
.byte 0x00, 0x00, 0x00, 0x00, 0x01, 0x00, 0x00, 0x00, 0x0c, 0x00, 0x00, 0x00
.long _sym_00b96554
.globl _sym_00b96554
_sym_00b96554:
.long _sym_00b96588
.long _sym_00b965a4
.long _sym_00b92808
.long _sym_00b92860
.long _sym_00b9267c
.long _sym_00b92698
.long _sym_00b9277c
.long _sym_00b92798
.long _sym_00b927b4
.long _sym_00b927d0
.long _sym_00b927ec
.long _sym_00b928b0
.byte 0x00, 0x00, 0x00, 0x00
.globl _sym_00b96588
_sym_00b96588:
.long _sym_00c0d458
.byte 0x0b, 0x00, 0x00, 0x00, 0x00, 0x00, 0x00, 0x00, 0xff, 0xff, 0xff, 0xff, 0x00, 0x00, 0x00, 0x00
.byte 0x40, 0x00, 0x00, 0x00
.long _sym_00b96544
.globl _sym_00b965a4
_sym_00b965a4:
.long _sym_00c0d4b0
.byte 0x0a, 0x00, 0x00, 0x00, 0x00, 0x00, 0x00, 0x00, 0xff, 0xff, 0xff, 0xff, 0x00, 0x00, 0x00, 0x00
.byte 0x40, 0x00, 0x00, 0x00
.long _sym_00b965c0
.globl _sym_00b965c0
_sym_00b965c0:
.byte 0x00, 0x00, 0x00, 0x00, 0x01, 0x00, 0x00, 0x00, 0x0b, 0x00, 0x00, 0x00
.long _sym_00b965d0
.globl _sym_00b965d0
_sym_00b965d0:
.long _sym_00b965a4
.long _sym_00b92808
.long _sym_00b92860
.long _sym_00b9267c
.long _sym_00b92698
.long _sym_00b9277c
.long _sym_00b92798
.long _sym_00b927b4
.long _sym_00b927d0
.long _sym_00b927ec
.long _sym_00b928b0
.byte 0x00, 0x00, 0x00, 0x00
.globl _sym_00b96600
_sym_00b96600:
.byte 0x00, 0x00, 0x00, 0x00, 0x00, 0x00, 0x00, 0x00, 0x00, 0x00, 0x00, 0x00
.long _sym_00c0d4b0
.long _sym_00b965c0
.globl _sym_00b96614
_sym_00b96614:
.byte 0x00, 0x00, 0x00, 0x00, 0x00, 0x00, 0x00, 0x00, 0x00, 0x00, 0x00, 0x00
.long _sym_00c0d508
.long _sym_00b96628
.globl _sym_00b96628
_sym_00b96628:
.byte 0x00, 0x00, 0x00, 0x00, 0x01, 0x00, 0x00, 0x00, 0x0c, 0x00, 0x00, 0x00
.long _sym_00b96638
.globl _sym_00b96638
_sym_00b96638:
.long _sym_00b9666c
.long _sym_00b96688
.long _sym_00b92808
.long _sym_00b92860
.long _sym_00b9267c
.long _sym_00b92698
.long _sym_00b9277c
.long _sym_00b92798
.long _sym_00b927b4
.long _sym_00b927d0
.long _sym_00b927ec
.long _sym_00b928b0
.byte 0x00, 0x00, 0x00, 0x00
.globl _sym_00b9666c
_sym_00b9666c:
.long _sym_00c0d508
.byte 0x0b, 0x00, 0x00, 0x00, 0x00, 0x00, 0x00, 0x00, 0xff, 0xff, 0xff, 0xff, 0x00, 0x00, 0x00, 0x00
.byte 0x40, 0x00, 0x00, 0x00
.long _sym_00b96628
.globl _sym_00b96688
_sym_00b96688:
.long _sym_00c0d560
.byte 0x0a, 0x00, 0x00, 0x00, 0x00, 0x00, 0x00, 0x00, 0xff, 0xff, 0xff, 0xff, 0x00, 0x00, 0x00, 0x00
.byte 0x40, 0x00, 0x00, 0x00
.long _sym_00b966a4
.globl _sym_00b966a4
_sym_00b966a4:
.byte 0x00, 0x00, 0x00, 0x00, 0x01, 0x00, 0x00, 0x00, 0x0b, 0x00, 0x00, 0x00
.long _sym_00b966b4
.globl _sym_00b966b4
_sym_00b966b4:
.long _sym_00b96688
.long _sym_00b92808
.long _sym_00b92860
.long _sym_00b9267c
.long _sym_00b92698
.long _sym_00b9277c
.long _sym_00b92798
.long _sym_00b927b4
.long _sym_00b927d0
.long _sym_00b927ec
.long _sym_00b928b0
.byte 0x00, 0x00, 0x00, 0x00
.globl _sym_00b966e4
_sym_00b966e4:
.byte 0x00, 0x00, 0x00, 0x00, 0x00, 0x00, 0x00, 0x00, 0x00, 0x00, 0x00, 0x00
.long _sym_00c0d560
.long _sym_00b966a4
.globl _sym_00b966f8
_sym_00b966f8:
.byte 0x00, 0x00, 0x00, 0x00, 0x00, 0x00, 0x00, 0x00, 0x00, 0x00, 0x00, 0x00
.long _sym_00c0d5b8
.long _sym_00b9670c
.globl _sym_00b9670c
_sym_00b9670c:
.byte 0x00, 0x00, 0x00, 0x00, 0x01, 0x00, 0x00, 0x00, 0x0c, 0x00, 0x00, 0x00
.long _sym_00b9671c
.globl _sym_00b9671c
_sym_00b9671c:
.long _sym_00b96750
.long _sym_00b9676c
.long _sym_00b92808
.long _sym_00b92860
.long _sym_00b9267c
.long _sym_00b92698
.long _sym_00b9277c
.long _sym_00b92798
.long _sym_00b927b4
.long _sym_00b927d0
.long _sym_00b927ec
.long _sym_00b928b0
.byte 0x00, 0x00, 0x00, 0x00
.globl _sym_00b96750
_sym_00b96750:
.long _sym_00c0d5b8
.byte 0x0b, 0x00, 0x00, 0x00, 0x00, 0x00, 0x00, 0x00, 0xff, 0xff, 0xff, 0xff, 0x00, 0x00, 0x00, 0x00
.byte 0x40, 0x00, 0x00, 0x00
.long _sym_00b9670c
.globl _sym_00b9676c
_sym_00b9676c:
.long _sym_00c0d610
.byte 0x0a, 0x00, 0x00, 0x00, 0x00, 0x00, 0x00, 0x00, 0xff, 0xff, 0xff, 0xff, 0x00, 0x00, 0x00, 0x00
.byte 0x40, 0x00, 0x00, 0x00
.long _sym_00b96788
.globl _sym_00b96788
_sym_00b96788:
.byte 0x00, 0x00, 0x00, 0x00, 0x01, 0x00, 0x00, 0x00, 0x0b, 0x00, 0x00, 0x00
.long _sym_00b96798
.globl _sym_00b96798
_sym_00b96798:
.long _sym_00b9676c
.long _sym_00b92808
.long _sym_00b92860
.long _sym_00b9267c
.long _sym_00b92698
.long _sym_00b9277c
.long _sym_00b92798
.long _sym_00b927b4
.long _sym_00b927d0
.long _sym_00b927ec
.long _sym_00b928b0
.byte 0x00, 0x00, 0x00, 0x00
.globl _sym_00b967c8
_sym_00b967c8:
.byte 0x00, 0x00, 0x00, 0x00, 0x00, 0x00, 0x00, 0x00, 0x00, 0x00, 0x00, 0x00
.long _sym_00c0d610
.long _sym_00b96788
.globl _sym_00b967dc
_sym_00b967dc:
.byte 0x00, 0x00, 0x00, 0x00, 0x00, 0x00, 0x00, 0x00, 0x00, 0x00, 0x00, 0x00
.long _sym_00c0d668
.long _sym_00b967f0
.globl _sym_00b967f0
_sym_00b967f0:
.byte 0x00, 0x00, 0x00, 0x00, 0x01, 0x00, 0x00, 0x00, 0x0c, 0x00, 0x00, 0x00
.long _sym_00b96800
.globl _sym_00b96800
_sym_00b96800:
.long _sym_00b96834
.long _sym_00b96850
.long _sym_00b92808
.long _sym_00b92860
.long _sym_00b9267c
.long _sym_00b92698
.long _sym_00b9277c
.long _sym_00b92798
.long _sym_00b927b4
.long _sym_00b927d0
.long _sym_00b927ec
.long _sym_00b928b0
.byte 0x00, 0x00, 0x00, 0x00
.globl _sym_00b96834
_sym_00b96834:
.long _sym_00c0d668
.byte 0x0b, 0x00, 0x00, 0x00, 0x00, 0x00, 0x00, 0x00, 0xff, 0xff, 0xff, 0xff, 0x00, 0x00, 0x00, 0x00
.byte 0x40, 0x00, 0x00, 0x00
.long _sym_00b967f0
.globl _sym_00b96850
_sym_00b96850:
.long _sym_00c0d6c0
.byte 0x0a, 0x00, 0x00, 0x00, 0x00, 0x00, 0x00, 0x00, 0xff, 0xff, 0xff, 0xff, 0x00, 0x00, 0x00, 0x00
.byte 0x40, 0x00, 0x00, 0x00
.long _sym_00b9686c
.globl _sym_00b9686c
_sym_00b9686c:
.byte 0x00, 0x00, 0x00, 0x00, 0x01, 0x00, 0x00, 0x00, 0x0b, 0x00, 0x00, 0x00
.long _sym_00b9687c
.globl _sym_00b9687c
_sym_00b9687c:
.long _sym_00b96850
.long _sym_00b92808
.long _sym_00b92860
.long _sym_00b9267c
.long _sym_00b92698
.long _sym_00b9277c
.long _sym_00b92798
.long _sym_00b927b4
.long _sym_00b927d0
.long _sym_00b927ec
.long _sym_00b928b0
.byte 0x00, 0x00, 0x00, 0x00
.globl _sym_00b968ac
_sym_00b968ac:
.byte 0x00, 0x00, 0x00, 0x00, 0x00, 0x00, 0x00, 0x00, 0x00, 0x00, 0x00, 0x00
.long _sym_00c0d6c0
.long _sym_00b9686c
.globl _sym_00b968c0
_sym_00b968c0:
.byte 0x00, 0x00, 0x00, 0x00, 0x00, 0x00, 0x00, 0x00, 0x00, 0x00, 0x00, 0x00
.long _sym_00c0d718
.long _sym_00b968d4
.globl _sym_00b968d4
_sym_00b968d4:
.byte 0x00, 0x00, 0x00, 0x00, 0x01, 0x00, 0x00, 0x00, 0x0c, 0x00, 0x00, 0x00
.long _sym_00b968e4
.globl _sym_00b968e4
_sym_00b968e4:
.long _sym_00b96918
.long _sym_00b96934
.long _sym_00b92808
.long _sym_00b92860
.long _sym_00b9267c
.long _sym_00b92698
.long _sym_00b9277c
.long _sym_00b92798
.long _sym_00b927b4
.long _sym_00b927d0
.long _sym_00b927ec
.long _sym_00b928b0
.byte 0x00, 0x00, 0x00, 0x00
.globl _sym_00b96918
_sym_00b96918:
.long _sym_00c0d718
.byte 0x0b, 0x00, 0x00, 0x00, 0x00, 0x00, 0x00, 0x00, 0xff, 0xff, 0xff, 0xff, 0x00, 0x00, 0x00, 0x00
.byte 0x40, 0x00, 0x00, 0x00
.long _sym_00b968d4
.globl _sym_00b96934
_sym_00b96934:
.long _sym_00c0d768
.byte 0x0a, 0x00, 0x00, 0x00, 0x00, 0x00, 0x00, 0x00, 0xff, 0xff, 0xff, 0xff, 0x00, 0x00, 0x00, 0x00
.byte 0x40, 0x00, 0x00, 0x00
.long _sym_00b96950
.globl _sym_00b96950
_sym_00b96950:
.byte 0x00, 0x00, 0x00, 0x00, 0x01, 0x00, 0x00, 0x00, 0x0b, 0x00, 0x00, 0x00
.long _sym_00b96960
.globl _sym_00b96960
_sym_00b96960:
.long _sym_00b96934
.long _sym_00b92808
.long _sym_00b92860
.long _sym_00b9267c
.long _sym_00b92698
.long _sym_00b9277c
.long _sym_00b92798
.long _sym_00b927b4
.long _sym_00b927d0
.long _sym_00b927ec
.long _sym_00b928b0
.byte 0x00, 0x00, 0x00, 0x00
.globl _sym_00b96990
_sym_00b96990:
.byte 0x00, 0x00, 0x00, 0x00, 0x00, 0x00, 0x00, 0x00, 0x00, 0x00, 0x00, 0x00
.long _sym_00c0d768
.long _sym_00b96950
.globl _sym_00b969a4
_sym_00b969a4:
.byte 0x00, 0x00, 0x00, 0x00, 0x00, 0x00, 0x00, 0x00, 0x00, 0x00, 0x00, 0x00
.long _sym_00c0d7b8
.long _sym_00b969b8
.globl _sym_00b969b8
_sym_00b969b8:
.byte 0x00, 0x00, 0x00, 0x00, 0x01, 0x00, 0x00, 0x00, 0x0c, 0x00, 0x00, 0x00
.long _sym_00b969c8
.globl _sym_00b969c8
_sym_00b969c8:
.long _sym_00b969fc
.long _sym_00b96a18
.long _sym_00b92808
.long _sym_00b92860
.long _sym_00b9267c
.long _sym_00b92698
.long _sym_00b9277c
.long _sym_00b92798
.long _sym_00b927b4
.long _sym_00b927d0
.long _sym_00b927ec
.long _sym_00b928b0
.byte 0x00, 0x00, 0x00, 0x00
.globl _sym_00b969fc
_sym_00b969fc:
.long _sym_00c0d7b8
.byte 0x0b, 0x00, 0x00, 0x00, 0x00, 0x00, 0x00, 0x00, 0xff, 0xff, 0xff, 0xff, 0x00, 0x00, 0x00, 0x00
.byte 0x40, 0x00, 0x00, 0x00
.long _sym_00b969b8
.globl _sym_00b96a18
_sym_00b96a18:
.long _sym_00c0d810
.byte 0x0a, 0x00, 0x00, 0x00, 0x00, 0x00, 0x00, 0x00, 0xff, 0xff, 0xff, 0xff, 0x00, 0x00, 0x00, 0x00
.byte 0x40, 0x00, 0x00, 0x00
.long _sym_00b96a34
.globl _sym_00b96a34
_sym_00b96a34:
.byte 0x00, 0x00, 0x00, 0x00, 0x01, 0x00, 0x00, 0x00, 0x0b, 0x00, 0x00, 0x00
.long _sym_00b96a44
.globl _sym_00b96a44
_sym_00b96a44:
.long _sym_00b96a18
.long _sym_00b92808
.long _sym_00b92860
.long _sym_00b9267c
.long _sym_00b92698
.long _sym_00b9277c
.long _sym_00b92798
.long _sym_00b927b4
.long _sym_00b927d0
.long _sym_00b927ec
.long _sym_00b928b0
.byte 0x00, 0x00, 0x00, 0x00
.globl _sym_00b96a74
_sym_00b96a74:
.byte 0x00, 0x00, 0x00, 0x00, 0x00, 0x00, 0x00, 0x00, 0x00, 0x00, 0x00, 0x00
.long _sym_00c0d810
.long _sym_00b96a34
.globl _sym_00b96a88
_sym_00b96a88:
.byte 0x00, 0x00, 0x00, 0x00, 0x00, 0x00, 0x00, 0x00, 0x00, 0x00, 0x00, 0x00
.long _sym_00c0d868
.long _sym_00b96a9c
.globl _sym_00b96a9c
_sym_00b96a9c:
.byte 0x00, 0x00, 0x00, 0x00, 0x01, 0x00, 0x00, 0x00, 0x0c, 0x00, 0x00, 0x00
.long _sym_00b96aac
.globl _sym_00b96aac
_sym_00b96aac:
.long _sym_00b96ae0
.long _sym_00b96afc
.long _sym_00b92808
.long _sym_00b92860
.long _sym_00b9267c
.long _sym_00b92698
.long _sym_00b9277c
.long _sym_00b92798
.long _sym_00b927b4
.long _sym_00b927d0
.long _sym_00b927ec
.long _sym_00b928b0
.byte 0x00, 0x00, 0x00, 0x00
.globl _sym_00b96ae0
_sym_00b96ae0:
.long _sym_00c0d868
.byte 0x0b, 0x00, 0x00, 0x00, 0x00, 0x00, 0x00, 0x00, 0xff, 0xff, 0xff, 0xff, 0x00, 0x00, 0x00, 0x00
.byte 0x40, 0x00, 0x00, 0x00
.long _sym_00b96a9c
.globl _sym_00b96afc
_sym_00b96afc:
.long _sym_00c0d8c0
.byte 0x0a, 0x00, 0x00, 0x00, 0x00, 0x00, 0x00, 0x00, 0xff, 0xff, 0xff, 0xff, 0x00, 0x00, 0x00, 0x00
.byte 0x40, 0x00, 0x00, 0x00
.long _sym_00b96b18
.globl _sym_00b96b18
_sym_00b96b18:
.byte 0x00, 0x00, 0x00, 0x00, 0x01, 0x00, 0x00, 0x00, 0x0b, 0x00, 0x00, 0x00
.long _sym_00b96b28
.globl _sym_00b96b28
_sym_00b96b28:
.long _sym_00b96afc
.long _sym_00b92808
.long _sym_00b92860
.long _sym_00b9267c
.long _sym_00b92698
.long _sym_00b9277c
.long _sym_00b92798
.long _sym_00b927b4
.long _sym_00b927d0
.long _sym_00b927ec
.long _sym_00b928b0
.byte 0x00, 0x00, 0x00, 0x00
.globl _sym_00b96b58
_sym_00b96b58:
.byte 0x00, 0x00, 0x00, 0x00, 0x00, 0x00, 0x00, 0x00, 0x00, 0x00, 0x00, 0x00
.long _sym_00c0d8c0
.long _sym_00b96b18
.globl _sym_00b96b6c
_sym_00b96b6c:
.byte 0x00, 0x00, 0x00, 0x00, 0x00, 0x00, 0x00, 0x00, 0x00, 0x00, 0x00, 0x00
.long _sym_00c0d918
.long _sym_00b96b80
.globl _sym_00b96b80
_sym_00b96b80:
.byte 0x00, 0x00, 0x00, 0x00, 0x01, 0x00, 0x00, 0x00, 0x0c, 0x00, 0x00, 0x00
.long _sym_00b96b90
.globl _sym_00b96b90
_sym_00b96b90:
.long _sym_00b96bc4
.long _sym_00b96be0
.long _sym_00b92808
.long _sym_00b92860
.long _sym_00b9267c
.long _sym_00b92698
.long _sym_00b9277c
.long _sym_00b92798
.long _sym_00b927b4
.long _sym_00b927d0
.long _sym_00b927ec
.long _sym_00b928b0
.byte 0x00, 0x00, 0x00, 0x00
.globl _sym_00b96bc4
_sym_00b96bc4:
.long _sym_00c0d918
.byte 0x0b, 0x00, 0x00, 0x00, 0x00, 0x00, 0x00, 0x00, 0xff, 0xff, 0xff, 0xff, 0x00, 0x00, 0x00, 0x00
.byte 0x40, 0x00, 0x00, 0x00
.long _sym_00b96b80
.globl _sym_00b96be0
_sym_00b96be0:
.long _sym_00c0d958
.byte 0x0a, 0x00, 0x00, 0x00, 0x00, 0x00, 0x00, 0x00, 0xff, 0xff, 0xff, 0xff, 0x00, 0x00, 0x00, 0x00
.byte 0x40, 0x00, 0x00, 0x00
.long _sym_00b96bfc
.globl _sym_00b96bfc
_sym_00b96bfc:
.byte 0x00, 0x00, 0x00, 0x00, 0x01, 0x00, 0x00, 0x00, 0x0b, 0x00, 0x00, 0x00
.long _sym_00b96c0c
.globl _sym_00b96c0c
_sym_00b96c0c:
.long _sym_00b96be0
.long _sym_00b92808
.long _sym_00b92860
.long _sym_00b9267c
.long _sym_00b92698
.long _sym_00b9277c
.long _sym_00b92798
.long _sym_00b927b4
.long _sym_00b927d0
.long _sym_00b927ec
.long _sym_00b928b0
.byte 0x00, 0x00, 0x00, 0x00
.globl _sym_00b96c3c
_sym_00b96c3c:
.byte 0x00, 0x00, 0x00, 0x00, 0x00, 0x00, 0x00, 0x00, 0x00, 0x00, 0x00, 0x00
.long _sym_00c0d958
.long _sym_00b96bfc
.globl _sym_00b96c50
_sym_00b96c50:
.byte 0x00, 0x00, 0x00, 0x00, 0x00, 0x00, 0x00, 0x00, 0x00, 0x00, 0x00, 0x00
.long _sym_00c0d998
.long _sym_00b96c64
.globl _sym_00b96c64
_sym_00b96c64:
.byte 0x00, 0x00, 0x00, 0x00, 0x00, 0x00, 0x00, 0x00, 0x02, 0x00, 0x00, 0x00
.long _sym_00b96c74
.globl _sym_00b96c74
_sym_00b96c74:
.long _sym_00b96c80
.long _sym_00b9292c
.byte 0x00, 0x00, 0x00, 0x00
.globl _sym_00b96c80
_sym_00b96c80:
.long _sym_00c0d998
.byte 0x01, 0x00, 0x00, 0x00, 0x00, 0x00, 0x00, 0x00, 0xff, 0xff, 0xff, 0xff, 0x00, 0x00, 0x00, 0x00
.byte 0x40, 0x00, 0x00, 0x00
.long _sym_00b96c64
.globl _sym_00b96c9c
_sym_00b96c9c:
.byte 0x00, 0x00, 0x00, 0x00, 0x00, 0x00, 0x00, 0x00, 0x00, 0x00, 0x00, 0x00
.long _sym_00c0da30
.long _sym_00b96cb0
.globl _sym_00b96cb0
_sym_00b96cb0:
.byte 0x00, 0x00, 0x00, 0x00, 0x00, 0x00, 0x00, 0x00, 0x02, 0x00, 0x00, 0x00
.long _sym_00b96cc0
.globl _sym_00b96cc0
_sym_00b96cc0:
.long _sym_00b96ccc
.long _sym_00b9292c
.byte 0x00, 0x00, 0x00, 0x00
.globl _sym_00b96ccc
_sym_00b96ccc:
.long _sym_00c0da30
.byte 0x01, 0x00, 0x00, 0x00, 0x00, 0x00, 0x00, 0x00, 0xff, 0xff, 0xff, 0xff, 0x00, 0x00, 0x00, 0x00
.byte 0x40, 0x00, 0x00, 0x00
.long _sym_00b96cb0
.globl _sym_00b96ce8
_sym_00b96ce8:
.byte 0x00, 0x00, 0x00, 0x00, 0x00, 0x00, 0x00, 0x00, 0x00, 0x00, 0x00, 0x00
.long _sym_00c0dac8
.long _sym_00b96cfc
.globl _sym_00b96cfc
_sym_00b96cfc:
.byte 0x00, 0x00, 0x00, 0x00, 0x00, 0x00, 0x00, 0x00, 0x02, 0x00, 0x00, 0x00
.long _sym_00b96d0c
.globl _sym_00b96d0c
_sym_00b96d0c:
.long _sym_00b96d18
.long _sym_00b9292c
.byte 0x00, 0x00, 0x00, 0x00
.globl _sym_00b96d18
_sym_00b96d18:
.long _sym_00c0dac8
.byte 0x01, 0x00, 0x00, 0x00, 0x00, 0x00, 0x00, 0x00, 0xff, 0xff, 0xff, 0xff, 0x00, 0x00, 0x00, 0x00
.byte 0x40, 0x00, 0x00, 0x00
.long _sym_00b96cfc
.globl _sym_00b96d34
_sym_00b96d34:
.byte 0x00, 0x00, 0x00, 0x00, 0x00, 0x00, 0x00, 0x00, 0x00, 0x00, 0x00, 0x00
.long _sym_00c0db60
.long _sym_00b96d48
.globl _sym_00b96d48
_sym_00b96d48:
.byte 0x00, 0x00, 0x00, 0x00, 0x00, 0x00, 0x00, 0x00, 0x02, 0x00, 0x00, 0x00
.long _sym_00b96d58
.globl _sym_00b96d58
_sym_00b96d58:
.long _sym_00b96d64
.long _sym_00b9292c
.byte 0x00, 0x00, 0x00, 0x00
.globl _sym_00b96d64
_sym_00b96d64:
.long _sym_00c0db60
.byte 0x01, 0x00, 0x00, 0x00, 0x00, 0x00, 0x00, 0x00, 0xff, 0xff, 0xff, 0xff, 0x00, 0x00, 0x00, 0x00
.byte 0x40, 0x00, 0x00, 0x00
.long _sym_00b96d48
.globl _sym_00b96d80
_sym_00b96d80:
.byte 0x00, 0x00, 0x00, 0x00, 0x00, 0x00, 0x00, 0x00, 0x00, 0x00, 0x00, 0x00
.long _sym_00c0dbf8
.long _sym_00b96d94
.globl _sym_00b96d94
_sym_00b96d94:
.byte 0x00, 0x00, 0x00, 0x00, 0x00, 0x00, 0x00, 0x00, 0x02, 0x00, 0x00, 0x00
.long _sym_00b96da4
.globl _sym_00b96da4
_sym_00b96da4:
.long _sym_00b96db0
.long _sym_00b9292c
.byte 0x00, 0x00, 0x00, 0x00
.globl _sym_00b96db0
_sym_00b96db0:
.long _sym_00c0dbf8
.byte 0x01, 0x00, 0x00, 0x00, 0x00, 0x00, 0x00, 0x00, 0xff, 0xff, 0xff, 0xff, 0x00, 0x00, 0x00, 0x00
.byte 0x40, 0x00, 0x00, 0x00
.long _sym_00b96d94
.globl _sym_00b96dcc
_sym_00b96dcc:
.byte 0x00, 0x00, 0x00, 0x00, 0x00, 0x00, 0x00, 0x00, 0x00, 0x00, 0x00, 0x00
.long _sym_00c0dc88
.long _sym_00b96de0
.globl _sym_00b96de0
_sym_00b96de0:
.byte 0x00, 0x00, 0x00, 0x00, 0x01, 0x00, 0x00, 0x00, 0x0c, 0x00, 0x00, 0x00
.long _sym_00b96df0
.globl _sym_00b96df0
_sym_00b96df0:
.long _sym_00b96e24
.long _sym_00b96e40
.long _sym_00b92808
.long _sym_00b92860
.long _sym_00b9267c
.long _sym_00b92698
.long _sym_00b9277c
.long _sym_00b92798
.long _sym_00b927b4
.long _sym_00b927d0
.long _sym_00b927ec
.long _sym_00b928b0
.byte 0x00, 0x00, 0x00, 0x00
.globl _sym_00b96e24
_sym_00b96e24:
.long _sym_00c0dc88
.byte 0x0b, 0x00, 0x00, 0x00, 0x00, 0x00, 0x00, 0x00, 0xff, 0xff, 0xff, 0xff, 0x00, 0x00, 0x00, 0x00
.byte 0x40, 0x00, 0x00, 0x00
.long _sym_00b96de0
.globl _sym_00b96e40
_sym_00b96e40:
.long _sym_00c0dcd0
.byte 0x0a, 0x00, 0x00, 0x00, 0x00, 0x00, 0x00, 0x00, 0xff, 0xff, 0xff, 0xff, 0x00, 0x00, 0x00, 0x00
.byte 0x40, 0x00, 0x00, 0x00
.long _sym_00b96e5c
.globl _sym_00b96e5c
_sym_00b96e5c:
.byte 0x00, 0x00, 0x00, 0x00, 0x01, 0x00, 0x00, 0x00, 0x0b, 0x00, 0x00, 0x00
.long _sym_00b96e6c
.globl _sym_00b96e6c
_sym_00b96e6c:
.long _sym_00b96e40
.long _sym_00b92808
.long _sym_00b92860
.long _sym_00b9267c
.long _sym_00b92698
.long _sym_00b9277c
.long _sym_00b92798
.long _sym_00b927b4
.long _sym_00b927d0
.long _sym_00b927ec
.long _sym_00b928b0
.byte 0x00, 0x00, 0x00, 0x00
.globl _sym_00b96e9c
_sym_00b96e9c:
.byte 0x00, 0x00, 0x00, 0x00, 0x00, 0x00, 0x00, 0x00, 0x00, 0x00, 0x00, 0x00
.long _sym_00c0dcd0
.long _sym_00b96e5c
.globl _sym_00b96eb0
_sym_00b96eb0:
.byte 0x00, 0x00, 0x00, 0x00, 0x00, 0x00, 0x00, 0x00, 0x00, 0x00, 0x00, 0x00
.long _sym_00c0dd18
.long _sym_00b96ec4
.globl _sym_00b96ec4
_sym_00b96ec4:
.byte 0x00, 0x00, 0x00, 0x00, 0x00, 0x00, 0x00, 0x00, 0x02, 0x00, 0x00, 0x00
.long _sym_00b96ed4
.globl _sym_00b96ed4
_sym_00b96ed4:
.long _sym_00b96ee0
.long _sym_00b9292c
.byte 0x00, 0x00, 0x00, 0x00
.globl _sym_00b96ee0
_sym_00b96ee0:
.long _sym_00c0dd18
.byte 0x01, 0x00, 0x00, 0x00, 0x00, 0x00, 0x00, 0x00, 0xff, 0xff, 0xff, 0xff, 0x00, 0x00, 0x00, 0x00
.byte 0x40, 0x00, 0x00, 0x00
.long _sym_00b96ec4
.globl _sym_00b96efc
_sym_00b96efc:
.byte 0x00, 0x00, 0x00, 0x00, 0x00, 0x00, 0x00, 0x00, 0x00, 0x00, 0x00, 0x00
.long _sym_00c0ddc0
.long _sym_00b96f10
.globl _sym_00b96f10
_sym_00b96f10:
.byte 0x00, 0x00, 0x00, 0x00, 0x01, 0x00, 0x00, 0x00, 0x0d, 0x00, 0x00, 0x00
.long _sym_00b96f20
.globl _sym_00b96f20
_sym_00b96f20:
.long _sym_00b96f58
.long _sym_00b96f74
.long _sym_00b96fd4
.long _sym_00b92808
.long _sym_00b92860
.long _sym_00b9267c
.long _sym_00b92698
.long _sym_00b9277c
.long _sym_00b92798
.long _sym_00b927b4
.long _sym_00b927d0
.long _sym_00b927ec
.long _sym_00b928b0
.byte 0x00, 0x00, 0x00, 0x00
.globl _sym_00b96f58
_sym_00b96f58:
.long _sym_00c0ddc0
.byte 0x0c, 0x00, 0x00, 0x00, 0x00, 0x00, 0x00, 0x00, 0xff, 0xff, 0xff, 0xff, 0x00, 0x00, 0x00, 0x00
.byte 0x40, 0x00, 0x00, 0x00
.long _sym_00b96f10
.globl _sym_00b96f74
_sym_00b96f74:
.long _sym_00c0de28
.byte 0x0b, 0x00, 0x00, 0x00, 0x00, 0x00, 0x00, 0x00, 0xff, 0xff, 0xff, 0xff, 0x00, 0x00, 0x00, 0x00
.byte 0x40, 0x00, 0x00, 0x00
.long _sym_00b96f90
.globl _sym_00b96f90
_sym_00b96f90:
.byte 0x00, 0x00, 0x00, 0x00, 0x01, 0x00, 0x00, 0x00, 0x0c, 0x00, 0x00, 0x00
.long _sym_00b96fa0
.globl _sym_00b96fa0
_sym_00b96fa0:
.long _sym_00b96f74
.long _sym_00b96fd4
.long _sym_00b92808
.long _sym_00b92860
.long _sym_00b9267c
.long _sym_00b92698
.long _sym_00b9277c
.long _sym_00b92798
.long _sym_00b927b4
.long _sym_00b927d0
.long _sym_00b927ec
.long _sym_00b928b0
.byte 0x00, 0x00, 0x00, 0x00
.globl _sym_00b96fd4
_sym_00b96fd4:
.long _sym_00c0de90
.byte 0x0a, 0x00, 0x00, 0x00, 0x00, 0x00, 0x00, 0x00, 0xff, 0xff, 0xff, 0xff, 0x00, 0x00, 0x00, 0x00
.byte 0x40, 0x00, 0x00, 0x00
.long _sym_00b96ff0
.globl _sym_00b96ff0
_sym_00b96ff0:
.byte 0x00, 0x00, 0x00, 0x00, 0x01, 0x00, 0x00, 0x00, 0x0b, 0x00, 0x00, 0x00
.long _sym_00b97000
.globl _sym_00b97000
_sym_00b97000:
.long _sym_00b96fd4
.long _sym_00b92808
.long _sym_00b92860
.long _sym_00b9267c
.long _sym_00b92698
.long _sym_00b9277c
.long _sym_00b92798
.long _sym_00b927b4
.long _sym_00b927d0
.long _sym_00b927ec
.long _sym_00b928b0
.byte 0x00, 0x00, 0x00, 0x00
.globl _sym_00b97030
_sym_00b97030:
.byte 0x00, 0x00, 0x00, 0x00, 0x00, 0x00, 0x00, 0x00, 0x00, 0x00, 0x00, 0x00
.long _sym_00c0de28
.long _sym_00b96f90
.globl _sym_00b97044
_sym_00b97044:
.byte 0x00, 0x00, 0x00, 0x00, 0x00, 0x00, 0x00, 0x00, 0x00, 0x00, 0x00, 0x00
.long _sym_00c0de90
.long _sym_00b96ff0
.globl _sym_00b97058
_sym_00b97058:
.byte 0x00, 0x00, 0x00, 0x00, 0x00, 0x00, 0x00, 0x00, 0x00, 0x00, 0x00, 0x00
.long _sym_00c0def8
.long _sym_00b9706c
.globl _sym_00b9706c
_sym_00b9706c:
.byte 0x00, 0x00, 0x00, 0x00, 0x01, 0x00, 0x00, 0x00, 0x0d, 0x00, 0x00, 0x00
.long _sym_00b9707c
.globl _sym_00b9707c
_sym_00b9707c:
.long _sym_00b970b4
.long _sym_00b970d0
.long _sym_00b97130
.long _sym_00b92808
.long _sym_00b92860
.long _sym_00b9267c
.long _sym_00b92698
.long _sym_00b9277c
.long _sym_00b92798
.long _sym_00b927b4
.long _sym_00b927d0
.long _sym_00b927ec
.long _sym_00b928b0
.byte 0x00, 0x00, 0x00, 0x00
.globl _sym_00b970b4
_sym_00b970b4:
.long _sym_00c0def8
.byte 0x0c, 0x00, 0x00, 0x00, 0x00, 0x00, 0x00, 0x00, 0xff, 0xff, 0xff, 0xff, 0x00, 0x00, 0x00, 0x00
.byte 0x40, 0x00, 0x00, 0x00
.long _sym_00b9706c
.globl _sym_00b970d0
_sym_00b970d0:
.long _sym_00c0df58
.byte 0x0b, 0x00, 0x00, 0x00, 0x00, 0x00, 0x00, 0x00, 0xff, 0xff, 0xff, 0xff, 0x00, 0x00, 0x00, 0x00
.byte 0x40, 0x00, 0x00, 0x00
.long _sym_00b970ec
.globl _sym_00b970ec
_sym_00b970ec:
.byte 0x00, 0x00, 0x00, 0x00, 0x01, 0x00, 0x00, 0x00, 0x0c, 0x00, 0x00, 0x00
.long _sym_00b970fc
.globl _sym_00b970fc
_sym_00b970fc:
.long _sym_00b970d0
.long _sym_00b97130
.long _sym_00b92808
.long _sym_00b92860
.long _sym_00b9267c
.long _sym_00b92698
.long _sym_00b9277c
.long _sym_00b92798
.long _sym_00b927b4
.long _sym_00b927d0
.long _sym_00b927ec
.long _sym_00b928b0
.byte 0x00, 0x00, 0x00, 0x00
.globl _sym_00b97130
_sym_00b97130:
.long _sym_00c0dfb8
.byte 0x0a, 0x00, 0x00, 0x00, 0x00, 0x00, 0x00, 0x00, 0xff, 0xff, 0xff, 0xff, 0x00, 0x00, 0x00, 0x00
.byte 0x40, 0x00, 0x00, 0x00
.long _sym_00b9714c
.globl _sym_00b9714c
_sym_00b9714c:
.byte 0x00, 0x00, 0x00, 0x00, 0x01, 0x00, 0x00, 0x00, 0x0b, 0x00, 0x00, 0x00
.long _sym_00b9715c
.globl _sym_00b9715c
_sym_00b9715c:
.long _sym_00b97130
.long _sym_00b92808
.long _sym_00b92860
.long _sym_00b9267c
.long _sym_00b92698
.long _sym_00b9277c
.long _sym_00b92798
.long _sym_00b927b4
.long _sym_00b927d0
.long _sym_00b927ec
.long _sym_00b928b0
.byte 0x00, 0x00, 0x00, 0x00
.globl _sym_00b9718c
_sym_00b9718c:
.byte 0x00, 0x00, 0x00, 0x00, 0x00, 0x00, 0x00, 0x00, 0x00, 0x00, 0x00, 0x00
.long _sym_00c0df58
.long _sym_00b970ec
.globl _sym_00b971a0
_sym_00b971a0:
.byte 0x00, 0x00, 0x00, 0x00, 0x00, 0x00, 0x00, 0x00, 0x00, 0x00, 0x00, 0x00
.long _sym_00c0dfb8
.long _sym_00b9714c
.globl _sym_00b971b4
_sym_00b971b4:
.byte 0x00, 0x00, 0x00, 0x00, 0x00, 0x00, 0x00, 0x00, 0x00, 0x00, 0x00, 0x00
.long _sym_00c0e018
.long _sym_00b971c8
.globl _sym_00b971c8
_sym_00b971c8:
.byte 0x00, 0x00, 0x00, 0x00, 0x01, 0x00, 0x00, 0x00, 0x0d, 0x00, 0x00, 0x00
.long _sym_00b971d8
.globl _sym_00b971d8
_sym_00b971d8:
.long _sym_00b97210
.long _sym_00b9722c
.long _sym_00b9728c
.long _sym_00b92808
.long _sym_00b92860
.long _sym_00b9267c
.long _sym_00b92698
.long _sym_00b9277c
.long _sym_00b92798
.long _sym_00b927b4
.long _sym_00b927d0
.long _sym_00b927ec
.long _sym_00b928b0
.byte 0x00, 0x00, 0x00, 0x00
.globl _sym_00b97210
_sym_00b97210:
.long _sym_00c0e018
.byte 0x0c, 0x00, 0x00, 0x00, 0x00, 0x00, 0x00, 0x00, 0xff, 0xff, 0xff, 0xff, 0x00, 0x00, 0x00, 0x00
.byte 0x40, 0x00, 0x00, 0x00
.long _sym_00b971c8
.globl _sym_00b9722c
_sym_00b9722c:
.long _sym_00c0e080
.byte 0x0b, 0x00, 0x00, 0x00, 0x00, 0x00, 0x00, 0x00, 0xff, 0xff, 0xff, 0xff, 0x00, 0x00, 0x00, 0x00
.byte 0x40, 0x00, 0x00, 0x00
.long _sym_00b97248
.globl _sym_00b97248
_sym_00b97248:
.byte 0x00, 0x00, 0x00, 0x00, 0x01, 0x00, 0x00, 0x00, 0x0c, 0x00, 0x00, 0x00
.long _sym_00b97258
.globl _sym_00b97258
_sym_00b97258:
.long _sym_00b9722c
.long _sym_00b9728c
.long _sym_00b92808
.long _sym_00b92860
.long _sym_00b9267c
.long _sym_00b92698
.long _sym_00b9277c
.long _sym_00b92798
.long _sym_00b927b4
.long _sym_00b927d0
.long _sym_00b927ec
.long _sym_00b928b0
.byte 0x00, 0x00, 0x00, 0x00
.globl _sym_00b9728c
_sym_00b9728c:
.long _sym_00c0e0e8
.byte 0x0a, 0x00, 0x00, 0x00, 0x00, 0x00, 0x00, 0x00, 0xff, 0xff, 0xff, 0xff, 0x00, 0x00, 0x00, 0x00
.byte 0x40, 0x00, 0x00, 0x00
.long _sym_00b972a8
.globl _sym_00b972a8
_sym_00b972a8:
.byte 0x00, 0x00, 0x00, 0x00, 0x01, 0x00, 0x00, 0x00, 0x0b, 0x00, 0x00, 0x00
.long _sym_00b972b8
.globl _sym_00b972b8
_sym_00b972b8:
.long _sym_00b9728c
.long _sym_00b92808
.long _sym_00b92860
.long _sym_00b9267c
.long _sym_00b92698
.long _sym_00b9277c
.long _sym_00b92798
.long _sym_00b927b4
.long _sym_00b927d0
.long _sym_00b927ec
.long _sym_00b928b0
.byte 0x00, 0x00, 0x00, 0x00
.globl _sym_00b972e8
_sym_00b972e8:
.byte 0x00, 0x00, 0x00, 0x00, 0x00, 0x00, 0x00, 0x00, 0x00, 0x00, 0x00, 0x00
.long _sym_00c0e080
.long _sym_00b97248
.globl _sym_00b972fc
_sym_00b972fc:
.byte 0x00, 0x00, 0x00, 0x00, 0x00, 0x00, 0x00, 0x00, 0x00, 0x00, 0x00, 0x00
.long _sym_00c0e0e8
.long _sym_00b972a8
.globl _sym_00b97310
_sym_00b97310:
.byte 0x00, 0x00, 0x00, 0x00, 0x00, 0x00, 0x00, 0x00, 0x00, 0x00, 0x00, 0x00
.long _sym_00c0e150
.long _sym_00b97324
.globl _sym_00b97324
_sym_00b97324:
.byte 0x00, 0x00, 0x00, 0x00, 0x01, 0x00, 0x00, 0x00, 0x0d, 0x00, 0x00, 0x00
.long _sym_00b97334
.globl _sym_00b97334
_sym_00b97334:
.long _sym_00b9736c
.long _sym_00b97388
.long _sym_00b973e8
.long _sym_00b92808
.long _sym_00b92860
.long _sym_00b9267c
.long _sym_00b92698
.long _sym_00b9277c
.long _sym_00b92798
.long _sym_00b927b4
.long _sym_00b927d0
.long _sym_00b927ec
.long _sym_00b928b0
.byte 0x00, 0x00, 0x00, 0x00
.globl _sym_00b9736c
_sym_00b9736c:
.long _sym_00c0e150
.byte 0x0c, 0x00, 0x00, 0x00, 0x00, 0x00, 0x00, 0x00, 0xff, 0xff, 0xff, 0xff, 0x00, 0x00, 0x00, 0x00
.byte 0x40, 0x00, 0x00, 0x00
.long _sym_00b97324
.globl _sym_00b97388
_sym_00b97388:
.long _sym_00c0e1c0
.byte 0x0b, 0x00, 0x00, 0x00, 0x00, 0x00, 0x00, 0x00, 0xff, 0xff, 0xff, 0xff, 0x00, 0x00, 0x00, 0x00
.byte 0x40, 0x00, 0x00, 0x00
.long _sym_00b973a4
.globl _sym_00b973a4
_sym_00b973a4:
.byte 0x00, 0x00, 0x00, 0x00, 0x01, 0x00, 0x00, 0x00, 0x0c, 0x00, 0x00, 0x00
.long _sym_00b973b4
.globl _sym_00b973b4
_sym_00b973b4:
.long _sym_00b97388
.long _sym_00b973e8
.long _sym_00b92808
.long _sym_00b92860
.long _sym_00b9267c
.long _sym_00b92698
.long _sym_00b9277c
.long _sym_00b92798
.long _sym_00b927b4
.long _sym_00b927d0
.long _sym_00b927ec
.long _sym_00b928b0
.byte 0x00, 0x00, 0x00, 0x00
.globl _sym_00b973e8
_sym_00b973e8:
.long _sym_00c0e230
.byte 0x0a, 0x00, 0x00, 0x00, 0x00, 0x00, 0x00, 0x00, 0xff, 0xff, 0xff, 0xff, 0x00, 0x00, 0x00, 0x00
.byte 0x40, 0x00, 0x00, 0x00
.long _sym_00b97404
.globl _sym_00b97404
_sym_00b97404:
.byte 0x00, 0x00, 0x00, 0x00, 0x01, 0x00, 0x00, 0x00, 0x0b, 0x00, 0x00, 0x00
.long _sym_00b97414
.globl _sym_00b97414
_sym_00b97414:
.long _sym_00b973e8
.long _sym_00b92808
.long _sym_00b92860
.long _sym_00b9267c
.long _sym_00b92698
.long _sym_00b9277c
.long _sym_00b92798
.long _sym_00b927b4
.long _sym_00b927d0
.long _sym_00b927ec
.long _sym_00b928b0
.byte 0x00, 0x00, 0x00, 0x00
.globl _sym_00b97444
_sym_00b97444:
.byte 0x00, 0x00, 0x00, 0x00, 0x00, 0x00, 0x00, 0x00, 0x00, 0x00, 0x00, 0x00
.long _sym_00c0e1c0
.long _sym_00b973a4
.globl _sym_00b97458
_sym_00b97458:
.byte 0x00, 0x00, 0x00, 0x00, 0x00, 0x00, 0x00, 0x00, 0x00, 0x00, 0x00, 0x00
.long _sym_00c0e230
.long _sym_00b97404
.globl _sym_00b9746c
_sym_00b9746c:
.byte 0x00, 0x00, 0x00, 0x00, 0x00, 0x00, 0x00, 0x00, 0x00, 0x00, 0x00, 0x00
.long _sym_00c0e29c
.long _sym_00b97480
.globl _sym_00b97480
_sym_00b97480:
.byte 0x00, 0x00, 0x00, 0x00, 0x00, 0x00, 0x00, 0x00, 0x01, 0x00, 0x00, 0x00
.long _sym_00b97490
.globl _sym_00b97490
_sym_00b97490:
.long _sym_00b97498
.byte 0x00, 0x00, 0x00, 0x00
.globl _sym_00b97498
_sym_00b97498:
.long _sym_00c0e29c
.byte 0x00, 0x00, 0x00, 0x00, 0x00, 0x00, 0x00, 0x00, 0xff, 0xff, 0xff, 0xff, 0x00, 0x00, 0x00, 0x00
.byte 0x40, 0x00, 0x00, 0x00
.long _sym_00b97480
.globl _sym_00b974b4
_sym_00b974b4:
.byte 0x00, 0x00, 0x00, 0x00, 0x00, 0x00, 0x00, 0x00, 0x00, 0x00, 0x00, 0x00
.long _sym_00c0e2c8
.long _sym_00b974c8
.globl _sym_00b974c8
_sym_00b974c8:
.byte 0x00, 0x00, 0x00, 0x00, 0x00, 0x00, 0x00, 0x00, 0x01, 0x00, 0x00, 0x00
.long _sym_00b974d8
.globl _sym_00b974d8
_sym_00b974d8:
.long _sym_00b974e0
.byte 0x00, 0x00, 0x00, 0x00
.globl _sym_00b974e0
_sym_00b974e0:
.long _sym_00c0e2c8
.byte 0x00, 0x00, 0x00, 0x00, 0x00, 0x00, 0x00, 0x00, 0xff, 0xff, 0xff, 0xff, 0x00, 0x00, 0x00, 0x00
.byte 0x40, 0x00, 0x00, 0x00
.long _sym_00b974c8
.globl _sym_00b974fc
_sym_00b974fc:
.byte 0x00, 0x00, 0x00, 0x00, 0x00, 0x00, 0x00, 0x00, 0x00, 0x00, 0x00, 0x00
.long _sym_00c0e308
.long _sym_00b97510
.globl _sym_00b97510
_sym_00b97510:
.byte 0x00, 0x00, 0x00, 0x00, 0x00, 0x00, 0x00, 0x00, 0x02, 0x00, 0x00, 0x00
.long _sym_00b97520
.globl _sym_00b97520
_sym_00b97520:
.long _sym_00b9752c
.long _sym_00b97498
.byte 0x00, 0x00, 0x00, 0x00
.globl _sym_00b9752c
_sym_00b9752c:
.long _sym_00c0e308
.byte 0x01, 0x00, 0x00, 0x00, 0x00, 0x00, 0x00, 0x00, 0xff, 0xff, 0xff, 0xff, 0x00, 0x00, 0x00, 0x00
.byte 0x40, 0x00, 0x00, 0x00
.long _sym_00b97510
.globl _sym_00b97548
_sym_00b97548:
.byte 0x00, 0x00, 0x00, 0x00, 0x00, 0x00, 0x00, 0x00, 0x00, 0x00, 0x00, 0x00
.long _sym_00c0e360
.long _sym_00b9755c
.globl _sym_00b9755c
_sym_00b9755c:
.byte 0x00, 0x00, 0x00, 0x00, 0x00, 0x00, 0x00, 0x00, 0x02, 0x00, 0x00, 0x00
.long _sym_00b9756c
.globl _sym_00b9756c
_sym_00b9756c:
.long _sym_00b97578
.long _sym_00b974e0
.byte 0x00, 0x00, 0x00, 0x00
.globl _sym_00b97578
_sym_00b97578:
.long _sym_00c0e360
.byte 0x01, 0x00, 0x00, 0x00, 0x00, 0x00, 0x00, 0x00, 0xff, 0xff, 0xff, 0xff, 0x00, 0x00, 0x00, 0x00
.byte 0x40, 0x00, 0x00, 0x00
.long _sym_00b9755c
.globl _sym_00b97594
_sym_00b97594:
.byte 0x00, 0x00, 0x00, 0x00, 0x00, 0x00, 0x00, 0x00, 0x00, 0x00, 0x00, 0x00
.long _sym_00c0e3b0
.long _sym_00b975a8
.globl _sym_00b975a8
_sym_00b975a8:
.byte 0x00, 0x00, 0x00, 0x00, 0x01, 0x00, 0x00, 0x00, 0x0a, 0x00, 0x00, 0x00
.long _sym_00b975b8
.globl _sym_00b975b8
_sym_00b975b8:
.long _sym_00b975e4
.long _sym_00b97600
.long _sym_00b9267c
.long _sym_00b92698
.long _sym_00b9277c
.long _sym_00b92798
.long _sym_00b927b4
.long _sym_00b927d0
.long _sym_00b927ec
.long _sym_00b97654
.byte 0x00, 0x00, 0x00, 0x00
.globl _sym_00b975e4
_sym_00b975e4:
.long _sym_00c0e3b0
.byte 0x09, 0x00, 0x00, 0x00, 0x00, 0x00, 0x00, 0x00, 0xff, 0xff, 0xff, 0xff, 0x00, 0x00, 0x00, 0x00
.byte 0x40, 0x00, 0x00, 0x00
.long _sym_00b975a8
.globl _sym_00b97600
_sym_00b97600:
.long _sym_00c0e40c
.byte 0x08, 0x00, 0x00, 0x00, 0x00, 0x00, 0x00, 0x00, 0xff, 0xff, 0xff, 0xff, 0x00, 0x00, 0x00, 0x00
.byte 0x40, 0x00, 0x00, 0x00
.long _sym_00b9761c
.globl _sym_00b9761c
_sym_00b9761c:
.byte 0x00, 0x00, 0x00, 0x00, 0x01, 0x00, 0x00, 0x00, 0x09, 0x00, 0x00, 0x00
.long _sym_00b9762c
.globl _sym_00b9762c
_sym_00b9762c:
.long _sym_00b97600
.long _sym_00b9267c
.long _sym_00b92698
.long _sym_00b9277c
.long _sym_00b92798
.long _sym_00b927b4
.long _sym_00b927d0
.long _sym_00b927ec
.long _sym_00b97654
.byte 0x00, 0x00, 0x00, 0x00
.globl _sym_00b97654
_sym_00b97654:
.long _sym_00c0e440
.byte 0x00, 0x00, 0x00, 0x00, 0x2c, 0x00, 0x00, 0x00, 0xff, 0xff, 0xff, 0xff, 0x00, 0x00, 0x00, 0x00
.byte 0x40, 0x00, 0x00, 0x00
.long _sym_00b97670
.globl _sym_00b97670
_sym_00b97670:
.byte 0x00, 0x00, 0x00, 0x00, 0x00, 0x00, 0x00, 0x00, 0x01, 0x00, 0x00, 0x00
.long _sym_00b97680
.globl _sym_00b97680
_sym_00b97680:
.long _sym_00b97688
.byte 0x00, 0x00, 0x00, 0x00
.globl _sym_00b97688
_sym_00b97688:
.long _sym_00c0e440
.byte 0x00, 0x00, 0x00, 0x00, 0x00, 0x00, 0x00, 0x00, 0xff, 0xff, 0xff, 0xff, 0x00, 0x00, 0x00, 0x00
.byte 0x40, 0x00, 0x00, 0x00
.long _sym_00b97670
.globl _sym_00b976a4
_sym_00b976a4:
.byte 0x00, 0x00, 0x00, 0x00, 0x00, 0x00, 0x00, 0x00, 0x00, 0x00, 0x00, 0x00
.long _sym_00c0e498
.long _sym_00b976b8
.globl _sym_00b976b8
_sym_00b976b8:
.byte 0x00, 0x00, 0x00, 0x00, 0x01, 0x00, 0x00, 0x00, 0x0d, 0x00, 0x00, 0x00
.long _sym_00b976c8
.globl _sym_00b976c8
_sym_00b976c8:
.long _sym_00b97700
.long _sym_00b9771c
.long _sym_00b9777c
.long _sym_00b92808
.long _sym_00b92860
.long _sym_00b9267c
.long _sym_00b92698
.long _sym_00b9277c
.long _sym_00b92798
.long _sym_00b927b4
.long _sym_00b927d0
.long _sym_00b927ec
.long _sym_00b928b0
.byte 0x00, 0x00, 0x00, 0x00
.globl _sym_00b97700
_sym_00b97700:
.long _sym_00c0e498
.byte 0x0c, 0x00, 0x00, 0x00, 0x00, 0x00, 0x00, 0x00, 0xff, 0xff, 0xff, 0xff, 0x00, 0x00, 0x00, 0x00
.byte 0x40, 0x00, 0x00, 0x00
.long _sym_00b976b8
.globl _sym_00b9771c
_sym_00b9771c:
.long _sym_00c0e4e8
.byte 0x0b, 0x00, 0x00, 0x00, 0x00, 0x00, 0x00, 0x00, 0xff, 0xff, 0xff, 0xff, 0x00, 0x00, 0x00, 0x00
.byte 0x40, 0x00, 0x00, 0x00
.long _sym_00b97738
.globl _sym_00b97738
_sym_00b97738:
.byte 0x00, 0x00, 0x00, 0x00, 0x01, 0x00, 0x00, 0x00, 0x0c, 0x00, 0x00, 0x00
.long _sym_00b97748
.globl _sym_00b97748
_sym_00b97748:
.long _sym_00b9771c
.long _sym_00b9777c
.long _sym_00b92808
.long _sym_00b92860
.long _sym_00b9267c
.long _sym_00b92698
.long _sym_00b9277c
.long _sym_00b92798
.long _sym_00b927b4
.long _sym_00b927d0
.long _sym_00b927ec
.long _sym_00b928b0
.byte 0x00, 0x00, 0x00, 0x00
.globl _sym_00b9777c
_sym_00b9777c:
.long _sym_00c0e538
.byte 0x0a, 0x00, 0x00, 0x00, 0x00, 0x00, 0x00, 0x00, 0xff, 0xff, 0xff, 0xff, 0x00, 0x00, 0x00, 0x00
.byte 0x40, 0x00, 0x00, 0x00
.long _sym_00b97798
.globl _sym_00b97798
_sym_00b97798:
.byte 0x00, 0x00, 0x00, 0x00, 0x01, 0x00, 0x00, 0x00, 0x0b, 0x00, 0x00, 0x00
.long _sym_00b977a8
.globl _sym_00b977a8
_sym_00b977a8:
.long _sym_00b9777c
.long _sym_00b92808
.long _sym_00b92860
.long _sym_00b9267c
.long _sym_00b92698
.long _sym_00b9277c
.long _sym_00b92798
.long _sym_00b927b4
.long _sym_00b927d0
.long _sym_00b927ec
.long _sym_00b928b0
.byte 0x00, 0x00, 0x00, 0x00
.globl _sym_00b977d8
_sym_00b977d8:
.byte 0x00, 0x00, 0x00, 0x00, 0x00, 0x00, 0x00, 0x00, 0x00, 0x00, 0x00, 0x00
.long _sym_00c0e4e8
.long _sym_00b97738
.globl _sym_00b977ec
_sym_00b977ec:
.byte 0x00, 0x00, 0x00, 0x00, 0x00, 0x00, 0x00, 0x00, 0x00, 0x00, 0x00, 0x00
.long _sym_00c0e538
.long _sym_00b97798
.globl _sym_00b97800
_sym_00b97800:
.byte 0x00, 0x00, 0x00, 0x00, 0x00, 0x00, 0x00, 0x00, 0x00, 0x00, 0x00, 0x00
.long _sym_00c0e588
.long _sym_00b97814
.globl _sym_00b97814
_sym_00b97814:
.byte 0x00, 0x00, 0x00, 0x00, 0x01, 0x00, 0x00, 0x00, 0x0d, 0x00, 0x00, 0x00
.long _sym_00b97824
.globl _sym_00b97824
_sym_00b97824:
.long _sym_00b9785c
.long _sym_00b97878
.long _sym_00b978d8
.long _sym_00b92808
.long _sym_00b92860
.long _sym_00b9267c
.long _sym_00b92698
.long _sym_00b9277c
.long _sym_00b92798
.long _sym_00b927b4
.long _sym_00b927d0
.long _sym_00b927ec
.long _sym_00b928b0
.byte 0x00, 0x00, 0x00, 0x00
.globl _sym_00b9785c
_sym_00b9785c:
.long _sym_00c0e588
.byte 0x0c, 0x00, 0x00, 0x00, 0x00, 0x00, 0x00, 0x00, 0xff, 0xff, 0xff, 0xff, 0x00, 0x00, 0x00, 0x00
.byte 0x40, 0x00, 0x00, 0x00
.long _sym_00b97814
.globl _sym_00b97878
_sym_00b97878:
.long _sym_00c0e5e0
.byte 0x0b, 0x00, 0x00, 0x00, 0x00, 0x00, 0x00, 0x00, 0xff, 0xff, 0xff, 0xff, 0x00, 0x00, 0x00, 0x00
.byte 0x40, 0x00, 0x00, 0x00
.long _sym_00b97894
.globl _sym_00b97894
_sym_00b97894:
.byte 0x00, 0x00, 0x00, 0x00, 0x01, 0x00, 0x00, 0x00, 0x0c, 0x00, 0x00, 0x00
.long _sym_00b978a4
.globl _sym_00b978a4
_sym_00b978a4:
.long _sym_00b97878
.long _sym_00b978d8
.long _sym_00b92808
.long _sym_00b92860
.long _sym_00b9267c
.long _sym_00b92698
.long _sym_00b9277c
.long _sym_00b92798
.long _sym_00b927b4
.long _sym_00b927d0
.long _sym_00b927ec
.long _sym_00b928b0
.byte 0x00, 0x00, 0x00, 0x00
.globl _sym_00b978d8
_sym_00b978d8:
.long _sym_00c0e638
.byte 0x0a, 0x00, 0x00, 0x00, 0x00, 0x00, 0x00, 0x00, 0xff, 0xff, 0xff, 0xff, 0x00, 0x00, 0x00, 0x00
.byte 0x40, 0x00, 0x00, 0x00
.long _sym_00b978f4
.globl _sym_00b978f4
_sym_00b978f4:
.byte 0x00, 0x00, 0x00, 0x00, 0x01, 0x00, 0x00, 0x00, 0x0b, 0x00, 0x00, 0x00
.long _sym_00b97904
.globl _sym_00b97904
_sym_00b97904:
.long _sym_00b978d8
.long _sym_00b92808
.long _sym_00b92860
.long _sym_00b9267c
.long _sym_00b92698
.long _sym_00b9277c
.long _sym_00b92798
.long _sym_00b927b4
.long _sym_00b927d0
.long _sym_00b927ec
.long _sym_00b928b0
.byte 0x00, 0x00, 0x00, 0x00
.globl _sym_00b97934
_sym_00b97934:
.byte 0x00, 0x00, 0x00, 0x00, 0x00, 0x00, 0x00, 0x00, 0x00, 0x00, 0x00, 0x00
.long _sym_00c0e5e0
.long _sym_00b97894
.globl _sym_00b97948
_sym_00b97948:
.byte 0x00, 0x00, 0x00, 0x00, 0x00, 0x00, 0x00, 0x00, 0x00, 0x00, 0x00, 0x00
.long _sym_00c0e638
.long _sym_00b978f4
.globl _sym_00b9795c
_sym_00b9795c:
.byte 0x00, 0x00, 0x00, 0x00, 0x00, 0x00, 0x00, 0x00, 0x00, 0x00, 0x00, 0x00
.long _sym_00c0e688
.long _sym_00b97970
.globl _sym_00b97970
_sym_00b97970:
.byte 0x00, 0x00, 0x00, 0x00, 0x01, 0x00, 0x00, 0x00, 0x0d, 0x00, 0x00, 0x00
.long _sym_00b97980
.globl _sym_00b97980
_sym_00b97980:
.long _sym_00b979b8
.long _sym_00b979d4
.long _sym_00b97a34
.long _sym_00b92808
.long _sym_00b92860
.long _sym_00b9267c
.long _sym_00b92698
.long _sym_00b9277c
.long _sym_00b92798
.long _sym_00b927b4
.long _sym_00b927d0
.long _sym_00b927ec
.long _sym_00b928b0
.byte 0x00, 0x00, 0x00, 0x00
.globl _sym_00b979b8
_sym_00b979b8:
.long _sym_00c0e688
.byte 0x0c, 0x00, 0x00, 0x00, 0x00, 0x00, 0x00, 0x00, 0xff, 0xff, 0xff, 0xff, 0x00, 0x00, 0x00, 0x00
.byte 0x40, 0x00, 0x00, 0x00
.long _sym_00b97970
.globl _sym_00b979d4
_sym_00b979d4:
.long _sym_00c0e6d8
.byte 0x0b, 0x00, 0x00, 0x00, 0x00, 0x00, 0x00, 0x00, 0xff, 0xff, 0xff, 0xff, 0x00, 0x00, 0x00, 0x00
.byte 0x40, 0x00, 0x00, 0x00
.long _sym_00b979f0
.globl _sym_00b979f0
_sym_00b979f0:
.byte 0x00, 0x00, 0x00, 0x00, 0x01, 0x00, 0x00, 0x00, 0x0c, 0x00, 0x00, 0x00
.long _sym_00b97a00
.globl _sym_00b97a00
_sym_00b97a00:
.long _sym_00b979d4
.long _sym_00b97a34
.long _sym_00b92808
.long _sym_00b92860
.long _sym_00b9267c
.long _sym_00b92698
.long _sym_00b9277c
.long _sym_00b92798
.long _sym_00b927b4
.long _sym_00b927d0
.long _sym_00b927ec
.long _sym_00b928b0
.byte 0x00, 0x00, 0x00, 0x00
.globl _sym_00b97a34
_sym_00b97a34:
.long _sym_00c0e728
.byte 0x0a, 0x00, 0x00, 0x00, 0x00, 0x00, 0x00, 0x00, 0xff, 0xff, 0xff, 0xff, 0x00, 0x00, 0x00, 0x00
.byte 0x40, 0x00, 0x00, 0x00
.long _sym_00b97a50
.globl _sym_00b97a50
_sym_00b97a50:
.byte 0x00, 0x00, 0x00, 0x00, 0x01, 0x00, 0x00, 0x00, 0x0b, 0x00, 0x00, 0x00
.long _sym_00b97a60
.globl _sym_00b97a60
_sym_00b97a60:
.long _sym_00b97a34
.long _sym_00b92808
.long _sym_00b92860
.long _sym_00b9267c
.long _sym_00b92698
.long _sym_00b9277c
.long _sym_00b92798
.long _sym_00b927b4
.long _sym_00b927d0
.long _sym_00b927ec
.long _sym_00b928b0
.byte 0x00, 0x00, 0x00, 0x00
.globl _sym_00b97a90
_sym_00b97a90:
.byte 0x00, 0x00, 0x00, 0x00, 0x00, 0x00, 0x00, 0x00, 0x00, 0x00, 0x00, 0x00
.long _sym_00c0e6d8
.long _sym_00b979f0
.globl _sym_00b97aa4
_sym_00b97aa4:
.byte 0x00, 0x00, 0x00, 0x00, 0x00, 0x00, 0x00, 0x00, 0x00, 0x00, 0x00, 0x00
.long _sym_00c0e728
.long _sym_00b97a50
.globl _sym_00b97ab8
_sym_00b97ab8:
.byte 0x00, 0x00, 0x00, 0x00, 0x00, 0x00, 0x00, 0x00, 0x00, 0x00, 0x00, 0x00
.long _sym_00c0e778
.long _sym_00b97acc
.globl _sym_00b97acc
_sym_00b97acc:
.byte 0x00, 0x00, 0x00, 0x00, 0x01, 0x00, 0x00, 0x00, 0x09, 0x00, 0x00, 0x00
.long _sym_00b97adc
.globl _sym_00b97adc
_sym_00b97adc:
.long _sym_00b97b04
.long _sym_00b93dc0
.long _sym_00b93e10
.long _sym_00b93e5c
.long _sym_00b93f30
.long _sym_00b92584
.long _sym_00b925a0
.long _sym_00b93f4c
.long _sym_00b93f68
.byte 0x00, 0x00, 0x00, 0x00
.globl _sym_00b97b04
_sym_00b97b04:
.long _sym_00c0e778
.byte 0x08, 0x00, 0x00, 0x00, 0x00, 0x00, 0x00, 0x00, 0xff, 0xff, 0xff, 0xff, 0x00, 0x00, 0x00, 0x00
.byte 0x40, 0x00, 0x00, 0x00
.long _sym_00b97acc
.globl _sym_00b97b20
_sym_00b97b20:
.byte 0x00, 0x00, 0x00, 0x00, 0x00, 0x00, 0x00, 0x00, 0x00, 0x00, 0x00, 0x00
.long _sym_00c0e7d0
.long _sym_00b97b34
.globl _sym_00b97b34
_sym_00b97b34:
.byte 0x00, 0x00, 0x00, 0x00, 0x01, 0x00, 0x00, 0x00, 0x0d, 0x00, 0x00, 0x00
.long _sym_00b97b44
.globl _sym_00b97b44
_sym_00b97b44:
.long _sym_00b97b7c
.long _sym_00b97b98
.long _sym_00b97bf8
.long _sym_00b92808
.long _sym_00b92860
.long _sym_00b9267c
.long _sym_00b92698
.long _sym_00b9277c
.long _sym_00b92798
.long _sym_00b927b4
.long _sym_00b927d0
.long _sym_00b927ec
.long _sym_00b928b0
.byte 0x00, 0x00, 0x00, 0x00
.globl _sym_00b97b7c
_sym_00b97b7c:
.long _sym_00c0e7d0
.byte 0x0c, 0x00, 0x00, 0x00, 0x00, 0x00, 0x00, 0x00, 0xff, 0xff, 0xff, 0xff, 0x00, 0x00, 0x00, 0x00
.byte 0x40, 0x00, 0x00, 0x00
.long _sym_00b97b34
.globl _sym_00b97b98
_sym_00b97b98:
.long _sym_00c0e838
.byte 0x0b, 0x00, 0x00, 0x00, 0x00, 0x00, 0x00, 0x00, 0xff, 0xff, 0xff, 0xff, 0x00, 0x00, 0x00, 0x00
.byte 0x40, 0x00, 0x00, 0x00
.long _sym_00b97bb4
.globl _sym_00b97bb4
_sym_00b97bb4:
.byte 0x00, 0x00, 0x00, 0x00, 0x01, 0x00, 0x00, 0x00, 0x0c, 0x00, 0x00, 0x00
.long _sym_00b97bc4
.globl _sym_00b97bc4
_sym_00b97bc4:
.long _sym_00b97b98
.long _sym_00b97bf8
.long _sym_00b92808
.long _sym_00b92860
.long _sym_00b9267c
.long _sym_00b92698
.long _sym_00b9277c
.long _sym_00b92798
.long _sym_00b927b4
.long _sym_00b927d0
.long _sym_00b927ec
.long _sym_00b928b0
.byte 0x00, 0x00, 0x00, 0x00
.globl _sym_00b97bf8
_sym_00b97bf8:
.long _sym_00c0e8a0
.byte 0x0a, 0x00, 0x00, 0x00, 0x00, 0x00, 0x00, 0x00, 0xff, 0xff, 0xff, 0xff, 0x00, 0x00, 0x00, 0x00
.byte 0x40, 0x00, 0x00, 0x00
.long _sym_00b97c14
.globl _sym_00b97c14
_sym_00b97c14:
.byte 0x00, 0x00, 0x00, 0x00, 0x01, 0x00, 0x00, 0x00, 0x0b, 0x00, 0x00, 0x00
.long _sym_00b97c24
.globl _sym_00b97c24
_sym_00b97c24:
.long _sym_00b97bf8
.long _sym_00b92808
.long _sym_00b92860
.long _sym_00b9267c
.long _sym_00b92698
.long _sym_00b9277c
.long _sym_00b92798
.long _sym_00b927b4
.long _sym_00b927d0
.long _sym_00b927ec
.long _sym_00b928b0
.byte 0x00, 0x00, 0x00, 0x00
.globl _sym_00b97c54
_sym_00b97c54:
.byte 0x00, 0x00, 0x00, 0x00, 0x00, 0x00, 0x00, 0x00, 0x00, 0x00, 0x00, 0x00
.long _sym_00c0e838
.long _sym_00b97bb4
.globl _sym_00b97c68
_sym_00b97c68:
.byte 0x00, 0x00, 0x00, 0x00, 0x00, 0x00, 0x00, 0x00, 0x00, 0x00, 0x00, 0x00
.long _sym_00c0e8a0
.long _sym_00b97c14
.globl _sym_00b97c7c
_sym_00b97c7c:
.byte 0x00, 0x00, 0x00, 0x00, 0x00, 0x00, 0x00, 0x00, 0x00, 0x00, 0x00, 0x00
.long _sym_00c0e908
.long _sym_00b97c90
.globl _sym_00b97c90
_sym_00b97c90:
.byte 0x00, 0x00, 0x00, 0x00, 0x01, 0x00, 0x00, 0x00, 0x09, 0x00, 0x00, 0x00
.long _sym_00b97ca0
.globl _sym_00b97ca0
_sym_00b97ca0:
.long _sym_00b97cc8
.long _sym_00b93dc0
.long _sym_00b93e10
.long _sym_00b93e5c
.long _sym_00b93f30
.long _sym_00b92584
.long _sym_00b925a0
.long _sym_00b93f4c
.long _sym_00b93f68
.byte 0x00, 0x00, 0x00, 0x00
.globl _sym_00b97cc8
_sym_00b97cc8:
.long _sym_00c0e908
.byte 0x08, 0x00, 0x00, 0x00, 0x00, 0x00, 0x00, 0x00, 0xff, 0xff, 0xff, 0xff, 0x00, 0x00, 0x00, 0x00
.byte 0x40, 0x00, 0x00, 0x00
.long _sym_00b97c90
.globl _sym_00b97ce4
_sym_00b97ce4:
.byte 0x00, 0x00, 0x00, 0x00, 0x00, 0x00, 0x00, 0x00, 0x00, 0x00, 0x00, 0x00
.long _sym_00c0e978
.long _sym_00b97cf8
.globl _sym_00b97cf8
_sym_00b97cf8:
.byte 0x00, 0x00, 0x00, 0x00, 0x01, 0x00, 0x00, 0x00, 0x0d, 0x00, 0x00, 0x00
.long _sym_00b97d08
.globl _sym_00b97d08
_sym_00b97d08:
.long _sym_00b97d40
.long _sym_00b97d5c
.long _sym_00b97dbc
.long _sym_00b92808
.long _sym_00b92860
.long _sym_00b9267c
.long _sym_00b92698
.long _sym_00b9277c
.long _sym_00b92798
.long _sym_00b927b4
.long _sym_00b927d0
.long _sym_00b927ec
.long _sym_00b928b0
.byte 0x00, 0x00, 0x00, 0x00
.globl _sym_00b97d40
_sym_00b97d40:
.long _sym_00c0e978
.byte 0x0c, 0x00, 0x00, 0x00, 0x00, 0x00, 0x00, 0x00, 0xff, 0xff, 0xff, 0xff, 0x00, 0x00, 0x00, 0x00
.byte 0x40, 0x00, 0x00, 0x00
.long _sym_00b97cf8
.globl _sym_00b97d5c
_sym_00b97d5c:
.long _sym_00c0e9d0
.byte 0x0b, 0x00, 0x00, 0x00, 0x00, 0x00, 0x00, 0x00, 0xff, 0xff, 0xff, 0xff, 0x00, 0x00, 0x00, 0x00
.byte 0x40, 0x00, 0x00, 0x00
.long _sym_00b97d78
.globl _sym_00b97d78
_sym_00b97d78:
.byte 0x00, 0x00, 0x00, 0x00, 0x01, 0x00, 0x00, 0x00, 0x0c, 0x00, 0x00, 0x00
.long _sym_00b97d88
.globl _sym_00b97d88
_sym_00b97d88:
.long _sym_00b97d5c
.long _sym_00b97dbc
.long _sym_00b92808
.long _sym_00b92860
.long _sym_00b9267c
.long _sym_00b92698
.long _sym_00b9277c
.long _sym_00b92798
.long _sym_00b927b4
.long _sym_00b927d0
.long _sym_00b927ec
.long _sym_00b928b0
.byte 0x00, 0x00, 0x00, 0x00
.globl _sym_00b97dbc
_sym_00b97dbc:
.long _sym_00c0ea28
.byte 0x0a, 0x00, 0x00, 0x00, 0x00, 0x00, 0x00, 0x00, 0xff, 0xff, 0xff, 0xff, 0x00, 0x00, 0x00, 0x00
.byte 0x40, 0x00, 0x00, 0x00
.long _sym_00b97dd8
.globl _sym_00b97dd8
_sym_00b97dd8:
.byte 0x00, 0x00, 0x00, 0x00, 0x01, 0x00, 0x00, 0x00, 0x0b, 0x00, 0x00, 0x00
.long _sym_00b97de8
.globl _sym_00b97de8
_sym_00b97de8:
.long _sym_00b97dbc
.long _sym_00b92808
.long _sym_00b92860
.long _sym_00b9267c
.long _sym_00b92698
.long _sym_00b9277c
.long _sym_00b92798
.long _sym_00b927b4
.long _sym_00b927d0
.long _sym_00b927ec
.long _sym_00b928b0
.byte 0x00, 0x00, 0x00, 0x00
.globl _sym_00b97e18
_sym_00b97e18:
.byte 0x00, 0x00, 0x00, 0x00, 0x00, 0x00, 0x00, 0x00, 0x00, 0x00, 0x00, 0x00
.long _sym_00c0e9d0
.long _sym_00b97d78
.globl _sym_00b97e2c
_sym_00b97e2c:
.byte 0x00, 0x00, 0x00, 0x00, 0x00, 0x00, 0x00, 0x00, 0x00, 0x00, 0x00, 0x00
.long _sym_00c0ea28
.long _sym_00b97dd8
.globl _sym_00b97e40
_sym_00b97e40:
.byte 0x00, 0x00, 0x00, 0x00, 0x00, 0x00, 0x00, 0x00, 0x00, 0x00, 0x00, 0x00
.long _sym_00c0ea88
.long _sym_00b97e54
.globl _sym_00b97e54
_sym_00b97e54:
.byte 0x00, 0x00, 0x00, 0x00, 0x01, 0x00, 0x00, 0x00, 0x0d, 0x00, 0x00, 0x00
.long _sym_00b97e64
.globl _sym_00b97e64
_sym_00b97e64:
.long _sym_00b97e9c
.long _sym_00b97eb8
.long _sym_00b97f18
.long _sym_00b92808
.long _sym_00b92860
.long _sym_00b9267c
.long _sym_00b92698
.long _sym_00b9277c
.long _sym_00b92798
.long _sym_00b927b4
.long _sym_00b927d0
.long _sym_00b927ec
.long _sym_00b928b0
.byte 0x00, 0x00, 0x00, 0x00
.globl _sym_00b97e9c
_sym_00b97e9c:
.long _sym_00c0ea88
.byte 0x0c, 0x00, 0x00, 0x00, 0x00, 0x00, 0x00, 0x00, 0xff, 0xff, 0xff, 0xff, 0x00, 0x00, 0x00, 0x00
.byte 0x40, 0x00, 0x00, 0x00
.long _sym_00b97e54
.globl _sym_00b97eb8
_sym_00b97eb8:
.long _sym_00c0eae0
.byte 0x0b, 0x00, 0x00, 0x00, 0x00, 0x00, 0x00, 0x00, 0xff, 0xff, 0xff, 0xff, 0x00, 0x00, 0x00, 0x00
.byte 0x40, 0x00, 0x00, 0x00
.long _sym_00b97ed4
.globl _sym_00b97ed4
_sym_00b97ed4:
.byte 0x00, 0x00, 0x00, 0x00, 0x01, 0x00, 0x00, 0x00, 0x0c, 0x00, 0x00, 0x00
.long _sym_00b97ee4
.globl _sym_00b97ee4
_sym_00b97ee4:
.long _sym_00b97eb8
.long _sym_00b97f18
.long _sym_00b92808
.long _sym_00b92860
.long _sym_00b9267c
.long _sym_00b92698
.long _sym_00b9277c
.long _sym_00b92798
.long _sym_00b927b4
.long _sym_00b927d0
.long _sym_00b927ec
.long _sym_00b928b0
.byte 0x00, 0x00, 0x00, 0x00
.globl _sym_00b97f18
_sym_00b97f18:
.long _sym_00c0eb38
.byte 0x0a, 0x00, 0x00, 0x00, 0x00, 0x00, 0x00, 0x00, 0xff, 0xff, 0xff, 0xff, 0x00, 0x00, 0x00, 0x00
.byte 0x40, 0x00, 0x00, 0x00
.long _sym_00b97f34
.globl _sym_00b97f34
_sym_00b97f34:
.byte 0x00, 0x00, 0x00, 0x00, 0x01, 0x00, 0x00, 0x00, 0x0b, 0x00, 0x00, 0x00
.long _sym_00b97f44
.globl _sym_00b97f44
_sym_00b97f44:
.long _sym_00b97f18
.long _sym_00b92808
.long _sym_00b92860
.long _sym_00b9267c
.long _sym_00b92698
.long _sym_00b9277c
.long _sym_00b92798
.long _sym_00b927b4
.long _sym_00b927d0
.long _sym_00b927ec
.long _sym_00b928b0
.byte 0x00, 0x00, 0x00, 0x00
.globl _sym_00b97f74
_sym_00b97f74:
.byte 0x00, 0x00, 0x00, 0x00, 0x00, 0x00, 0x00, 0x00, 0x00, 0x00, 0x00, 0x00
.long _sym_00c0eae0
.long _sym_00b97ed4
.globl _sym_00b97f88
_sym_00b97f88:
.byte 0x00, 0x00, 0x00, 0x00, 0x00, 0x00, 0x00, 0x00, 0x00, 0x00, 0x00, 0x00
.long _sym_00c0eb38
.long _sym_00b97f34
.globl _sym_00b97f9c
_sym_00b97f9c:
.byte 0x00, 0x00, 0x00, 0x00, 0x00, 0x00, 0x00, 0x00, 0x00, 0x00, 0x00, 0x00
.long _sym_00c0eb90
.long _sym_00b97fb0
.globl _sym_00b97fb0
_sym_00b97fb0:
.byte 0x00, 0x00, 0x00, 0x00, 0x01, 0x00, 0x00, 0x00, 0x0d, 0x00, 0x00, 0x00
.long _sym_00b97fc0
.globl _sym_00b97fc0
_sym_00b97fc0:
.long _sym_00b97ff8
.long _sym_00b98014
.long _sym_00b98074
.long _sym_00b92808
.long _sym_00b92860
.long _sym_00b9267c
.long _sym_00b92698
.long _sym_00b9277c
.long _sym_00b92798
.long _sym_00b927b4
.long _sym_00b927d0
.long _sym_00b927ec
.long _sym_00b928b0
.byte 0x00, 0x00, 0x00, 0x00
.globl _sym_00b97ff8
_sym_00b97ff8:
.long _sym_00c0eb90
.byte 0x0c, 0x00, 0x00, 0x00, 0x00, 0x00, 0x00, 0x00, 0xff, 0xff, 0xff, 0xff, 0x00, 0x00, 0x00, 0x00
.byte 0x40, 0x00, 0x00, 0x00
.long _sym_00b97fb0
.globl _sym_00b98014
_sym_00b98014:
.long _sym_00c0ebe8
.byte 0x0b, 0x00, 0x00, 0x00, 0x00, 0x00, 0x00, 0x00, 0xff, 0xff, 0xff, 0xff, 0x00, 0x00, 0x00, 0x00
.byte 0x40, 0x00, 0x00, 0x00
.long _sym_00b98030
.globl _sym_00b98030
_sym_00b98030:
.byte 0x00, 0x00, 0x00, 0x00, 0x01, 0x00, 0x00, 0x00, 0x0c, 0x00, 0x00, 0x00
.long _sym_00b98040
.globl _sym_00b98040
_sym_00b98040:
.long _sym_00b98014
.long _sym_00b98074
.long _sym_00b92808
.long _sym_00b92860
.long _sym_00b9267c
.long _sym_00b92698
.long _sym_00b9277c
.long _sym_00b92798
.long _sym_00b927b4
.long _sym_00b927d0
.long _sym_00b927ec
.long _sym_00b928b0
.byte 0x00, 0x00, 0x00, 0x00
.globl _sym_00b98074
_sym_00b98074:
.long _sym_00c0ec40
.byte 0x0a, 0x00, 0x00, 0x00, 0x00, 0x00, 0x00, 0x00, 0xff, 0xff, 0xff, 0xff, 0x00, 0x00, 0x00, 0x00
.byte 0x40, 0x00, 0x00, 0x00
.long _sym_00b98090
.globl _sym_00b98090
_sym_00b98090:
.byte 0x00, 0x00, 0x00, 0x00, 0x01, 0x00, 0x00, 0x00, 0x0b, 0x00, 0x00, 0x00
.long _sym_00b980a0
.globl _sym_00b980a0
_sym_00b980a0:
.long _sym_00b98074
.long _sym_00b92808
.long _sym_00b92860
.long _sym_00b9267c
.long _sym_00b92698
.long _sym_00b9277c
.long _sym_00b92798
.long _sym_00b927b4
.long _sym_00b927d0
.long _sym_00b927ec
.long _sym_00b928b0
.byte 0x00, 0x00, 0x00, 0x00
.globl _sym_00b980d0
_sym_00b980d0:
.byte 0x00, 0x00, 0x00, 0x00, 0x00, 0x00, 0x00, 0x00, 0x00, 0x00, 0x00, 0x00
.long _sym_00c0ebe8
.long _sym_00b98030
.globl _sym_00b980e4
_sym_00b980e4:
.byte 0x00, 0x00, 0x00, 0x00, 0x00, 0x00, 0x00, 0x00, 0x00, 0x00, 0x00, 0x00
.long _sym_00c0ec40
.long _sym_00b98090
.globl _sym_00b980f8
_sym_00b980f8:
.byte 0x00, 0x00, 0x00, 0x00, 0x00, 0x00, 0x00, 0x00, 0x00, 0x00, 0x00, 0x00
.long _sym_00c0ec98
.long _sym_00b9810c
.globl _sym_00b9810c
_sym_00b9810c:
.byte 0x00, 0x00, 0x00, 0x00, 0x01, 0x00, 0x00, 0x00, 0x0d, 0x00, 0x00, 0x00
.long _sym_00b9811c
.globl _sym_00b9811c
_sym_00b9811c:
.long _sym_00b98154
.long _sym_00b98170
.long _sym_00b981d0
.long _sym_00b92808
.long _sym_00b92860
.long _sym_00b9267c
.long _sym_00b92698
.long _sym_00b9277c
.long _sym_00b92798
.long _sym_00b927b4
.long _sym_00b927d0
.long _sym_00b927ec
.long _sym_00b928b0
.byte 0x00, 0x00, 0x00, 0x00
.globl _sym_00b98154
_sym_00b98154:
.long _sym_00c0ec98
.byte 0x0c, 0x00, 0x00, 0x00, 0x00, 0x00, 0x00, 0x00, 0xff, 0xff, 0xff, 0xff, 0x00, 0x00, 0x00, 0x00
.byte 0x40, 0x00, 0x00, 0x00
.long _sym_00b9810c
.globl _sym_00b98170
_sym_00b98170:
.long _sym_00c0ecf0
.byte 0x0b, 0x00, 0x00, 0x00, 0x00, 0x00, 0x00, 0x00, 0xff, 0xff, 0xff, 0xff, 0x00, 0x00, 0x00, 0x00
.byte 0x40, 0x00, 0x00, 0x00
.long _sym_00b9818c
.globl _sym_00b9818c
_sym_00b9818c:
.byte 0x00, 0x00, 0x00, 0x00, 0x01, 0x00, 0x00, 0x00, 0x0c, 0x00, 0x00, 0x00
.long _sym_00b9819c
.globl _sym_00b9819c
_sym_00b9819c:
.long _sym_00b98170
.long _sym_00b981d0
.long _sym_00b92808
.long _sym_00b92860
.long _sym_00b9267c
.long _sym_00b92698
.long _sym_00b9277c
.long _sym_00b92798
.long _sym_00b927b4
.long _sym_00b927d0
.long _sym_00b927ec
.long _sym_00b928b0
.byte 0x00, 0x00, 0x00, 0x00
.globl _sym_00b981d0
_sym_00b981d0:
.long _sym_00c0ed48
.byte 0x0a, 0x00, 0x00, 0x00, 0x00, 0x00, 0x00, 0x00, 0xff, 0xff, 0xff, 0xff, 0x00, 0x00, 0x00, 0x00
.byte 0x40, 0x00, 0x00, 0x00
.long _sym_00b981ec
.globl _sym_00b981ec
_sym_00b981ec:
.byte 0x00, 0x00, 0x00, 0x00, 0x01, 0x00, 0x00, 0x00, 0x0b, 0x00, 0x00, 0x00
.long _sym_00b981fc
.globl _sym_00b981fc
_sym_00b981fc:
.long _sym_00b981d0
.long _sym_00b92808
.long _sym_00b92860
.long _sym_00b9267c
.long _sym_00b92698
.long _sym_00b9277c
.long _sym_00b92798
.long _sym_00b927b4
.long _sym_00b927d0
.long _sym_00b927ec
.long _sym_00b928b0
.byte 0x00, 0x00, 0x00, 0x00
.globl _sym_00b9822c
_sym_00b9822c:
.byte 0x00, 0x00, 0x00, 0x00, 0x00, 0x00, 0x00, 0x00, 0x00, 0x00, 0x00, 0x00
.long _sym_00c0ecf0
.long _sym_00b9818c
.globl _sym_00b98240
_sym_00b98240:
.byte 0x00, 0x00, 0x00, 0x00, 0x00, 0x00, 0x00, 0x00, 0x00, 0x00, 0x00, 0x00
.long _sym_00c0ed48
.long _sym_00b981ec
.globl _sym_00b98254
_sym_00b98254:
.byte 0x00, 0x00, 0x00, 0x00, 0x00, 0x00, 0x00, 0x00, 0x00, 0x00, 0x00, 0x00
.long _sym_00c0ed98
.long _sym_00b98268
.globl _sym_00b98268
_sym_00b98268:
.byte 0x00, 0x00, 0x00, 0x00, 0x01, 0x00, 0x00, 0x00, 0x0d, 0x00, 0x00, 0x00
.long _sym_00b98278
.globl _sym_00b98278
_sym_00b98278:
.long _sym_00b982b0
.long _sym_00b982cc
.long _sym_00b9832c
.long _sym_00b92808
.long _sym_00b92860
.long _sym_00b9267c
.long _sym_00b92698
.long _sym_00b9277c
.long _sym_00b92798
.long _sym_00b927b4
.long _sym_00b927d0
.long _sym_00b927ec
.long _sym_00b928b0
.byte 0x00, 0x00, 0x00, 0x00
.globl _sym_00b982b0
_sym_00b982b0:
.long _sym_00c0ed98
.byte 0x0c, 0x00, 0x00, 0x00, 0x00, 0x00, 0x00, 0x00, 0xff, 0xff, 0xff, 0xff, 0x00, 0x00, 0x00, 0x00
.byte 0x40, 0x00, 0x00, 0x00
.long _sym_00b98268
.globl _sym_00b982cc
_sym_00b982cc:
.long _sym_00c0edf0
.byte 0x0b, 0x00, 0x00, 0x00, 0x00, 0x00, 0x00, 0x00, 0xff, 0xff, 0xff, 0xff, 0x00, 0x00, 0x00, 0x00
.byte 0x40, 0x00, 0x00, 0x00
.long _sym_00b982e8
.globl _sym_00b982e8
_sym_00b982e8:
.byte 0x00, 0x00, 0x00, 0x00, 0x01, 0x00, 0x00, 0x00, 0x0c, 0x00, 0x00, 0x00
.long _sym_00b982f8
.globl _sym_00b982f8
_sym_00b982f8:
.long _sym_00b982cc
.long _sym_00b9832c
.long _sym_00b92808
.long _sym_00b92860
.long _sym_00b9267c
.long _sym_00b92698
.long _sym_00b9277c
.long _sym_00b92798
.long _sym_00b927b4
.long _sym_00b927d0
.long _sym_00b927ec
.long _sym_00b928b0
.byte 0x00, 0x00, 0x00, 0x00
.globl _sym_00b9832c
_sym_00b9832c:
.long _sym_00c0ee48
.byte 0x0a, 0x00, 0x00, 0x00, 0x00, 0x00, 0x00, 0x00, 0xff, 0xff, 0xff, 0xff, 0x00, 0x00, 0x00, 0x00
.byte 0x40, 0x00, 0x00, 0x00
.long _sym_00b98348
.globl _sym_00b98348
_sym_00b98348:
.byte 0x00, 0x00, 0x00, 0x00, 0x01, 0x00, 0x00, 0x00, 0x0b, 0x00, 0x00, 0x00
.long _sym_00b98358
.globl _sym_00b98358
_sym_00b98358:
.long _sym_00b9832c
.long _sym_00b92808
.long _sym_00b92860
.long _sym_00b9267c
.long _sym_00b92698
.long _sym_00b9277c
.long _sym_00b92798
.long _sym_00b927b4
.long _sym_00b927d0
.long _sym_00b927ec
.long _sym_00b928b0
.byte 0x00, 0x00, 0x00, 0x00
.globl _sym_00b98388
_sym_00b98388:
.byte 0x00, 0x00, 0x00, 0x00, 0x00, 0x00, 0x00, 0x00, 0x00, 0x00, 0x00, 0x00
.long _sym_00c0edf0
.long _sym_00b982e8
.globl _sym_00b9839c
_sym_00b9839c:
.byte 0x00, 0x00, 0x00, 0x00, 0x00, 0x00, 0x00, 0x00, 0x00, 0x00, 0x00, 0x00
.long _sym_00c0ee48
.long _sym_00b98348
.globl _sym_00b983b0
_sym_00b983b0:
.byte 0x00, 0x00, 0x00, 0x00, 0x00, 0x00, 0x00, 0x00, 0x00, 0x00, 0x00, 0x00
.long _sym_00c0eea0
.long _sym_00b983c4
.globl _sym_00b983c4
_sym_00b983c4:
.byte 0x00, 0x00, 0x00, 0x00, 0x01, 0x00, 0x00, 0x00, 0x0d, 0x00, 0x00, 0x00
.long _sym_00b983d4
.globl _sym_00b983d4
_sym_00b983d4:
.long _sym_00b9840c
.long _sym_00b98428
.long _sym_00b98488
.long _sym_00b92808
.long _sym_00b92860
.long _sym_00b9267c
.long _sym_00b92698
.long _sym_00b9277c
.long _sym_00b92798
.long _sym_00b927b4
.long _sym_00b927d0
.long _sym_00b927ec
.long _sym_00b928b0
.byte 0x00, 0x00, 0x00, 0x00
.globl _sym_00b9840c
_sym_00b9840c:
.long _sym_00c0eea0
.byte 0x0c, 0x00, 0x00, 0x00, 0x00, 0x00, 0x00, 0x00, 0xff, 0xff, 0xff, 0xff, 0x00, 0x00, 0x00, 0x00
.byte 0x40, 0x00, 0x00, 0x00
.long _sym_00b983c4
.globl _sym_00b98428
_sym_00b98428:
.long _sym_00c0eef0
.byte 0x0b, 0x00, 0x00, 0x00, 0x00, 0x00, 0x00, 0x00, 0xff, 0xff, 0xff, 0xff, 0x00, 0x00, 0x00, 0x00
.byte 0x40, 0x00, 0x00, 0x00
.long _sym_00b98444
.globl _sym_00b98444
_sym_00b98444:
.byte 0x00, 0x00, 0x00, 0x00, 0x01, 0x00, 0x00, 0x00, 0x0c, 0x00, 0x00, 0x00
.long _sym_00b98454
.globl _sym_00b98454
_sym_00b98454:
.long _sym_00b98428
.long _sym_00b98488
.long _sym_00b92808
.long _sym_00b92860
.long _sym_00b9267c
.long _sym_00b92698
.long _sym_00b9277c
.long _sym_00b92798
.long _sym_00b927b4
.long _sym_00b927d0
.long _sym_00b927ec
.long _sym_00b928b0
.byte 0x00, 0x00, 0x00, 0x00
.globl _sym_00b98488
_sym_00b98488:
.long _sym_00c0ef40
.byte 0x0a, 0x00, 0x00, 0x00, 0x00, 0x00, 0x00, 0x00, 0xff, 0xff, 0xff, 0xff, 0x00, 0x00, 0x00, 0x00
.byte 0x40, 0x00, 0x00, 0x00
.long _sym_00b984a4
.globl _sym_00b984a4
_sym_00b984a4:
.byte 0x00, 0x00, 0x00, 0x00, 0x01, 0x00, 0x00, 0x00, 0x0b, 0x00, 0x00, 0x00
.long _sym_00b984b4
.globl _sym_00b984b4
_sym_00b984b4:
.long _sym_00b98488
.long _sym_00b92808
.long _sym_00b92860
.long _sym_00b9267c
.long _sym_00b92698
.long _sym_00b9277c
.long _sym_00b92798
.long _sym_00b927b4
.long _sym_00b927d0
.long _sym_00b927ec
.long _sym_00b928b0
.byte 0x00, 0x00, 0x00, 0x00
.globl _sym_00b984e4
_sym_00b984e4:
.byte 0x00, 0x00, 0x00, 0x00, 0x00, 0x00, 0x00, 0x00, 0x00, 0x00, 0x00, 0x00
.long _sym_00c0eef0
.long _sym_00b98444
.globl _sym_00b984f8
_sym_00b984f8:
.byte 0x00, 0x00, 0x00, 0x00, 0x00, 0x00, 0x00, 0x00, 0x00, 0x00, 0x00, 0x00
.long _sym_00c0ef40
.long _sym_00b984a4
.globl _sym_00b9850c
_sym_00b9850c:
.byte 0x00, 0x00, 0x00, 0x00, 0x00, 0x00, 0x00, 0x00, 0x00, 0x00, 0x00, 0x00
.long _sym_00c0ef98
.long _sym_00b98520
.globl _sym_00b98520
_sym_00b98520:
.byte 0x00, 0x00, 0x00, 0x00, 0x01, 0x00, 0x00, 0x00, 0x09, 0x00, 0x00, 0x00
.long _sym_00b98530
.globl _sym_00b98530
_sym_00b98530:
.long _sym_00b98558
.long _sym_00b93dc0
.long _sym_00b93e10
.long _sym_00b93e5c
.long _sym_00b93f30
.long _sym_00b92584
.long _sym_00b925a0
.long _sym_00b93f4c
.long _sym_00b93f68
.byte 0x00, 0x00, 0x00, 0x00
.globl _sym_00b98558
_sym_00b98558:
.long _sym_00c0ef98
.byte 0x08, 0x00, 0x00, 0x00, 0x00, 0x00, 0x00, 0x00, 0xff, 0xff, 0xff, 0xff, 0x00, 0x00, 0x00, 0x00
.byte 0x40, 0x00, 0x00, 0x00
.long _sym_00b98520
.globl _sym_00b98574
_sym_00b98574:
.byte 0x00, 0x00, 0x00, 0x00, 0x00, 0x00, 0x00, 0x00, 0x00, 0x00, 0x00, 0x00
.long _sym_00c0eff0
.long _sym_00b98588
.globl _sym_00b98588
_sym_00b98588:
.byte 0x00, 0x00, 0x00, 0x00, 0x01, 0x00, 0x00, 0x00, 0x0d, 0x00, 0x00, 0x00
.long _sym_00b98598
.globl _sym_00b98598
_sym_00b98598:
.long _sym_00b985d0
.long _sym_00b985ec
.long _sym_00b9864c
.long _sym_00b92808
.long _sym_00b92860
.long _sym_00b9267c
.long _sym_00b92698
.long _sym_00b9277c
.long _sym_00b92798
.long _sym_00b927b4
.long _sym_00b927d0
.long _sym_00b927ec
.long _sym_00b928b0
.byte 0x00, 0x00, 0x00, 0x00
.globl _sym_00b985d0
_sym_00b985d0:
.long _sym_00c0eff0
.byte 0x0c, 0x00, 0x00, 0x00, 0x00, 0x00, 0x00, 0x00, 0xff, 0xff, 0xff, 0xff, 0x00, 0x00, 0x00, 0x00
.byte 0x40, 0x00, 0x00, 0x00
.long _sym_00b98588
.globl _sym_00b985ec
_sym_00b985ec:
.long _sym_00c0f058
.byte 0x0b, 0x00, 0x00, 0x00, 0x00, 0x00, 0x00, 0x00, 0xff, 0xff, 0xff, 0xff, 0x00, 0x00, 0x00, 0x00
.byte 0x40, 0x00, 0x00, 0x00
.long _sym_00b98608
.globl _sym_00b98608
_sym_00b98608:
.byte 0x00, 0x00, 0x00, 0x00, 0x01, 0x00, 0x00, 0x00, 0x0c, 0x00, 0x00, 0x00
.long _sym_00b98618
.globl _sym_00b98618
_sym_00b98618:
.long _sym_00b985ec
.long _sym_00b9864c
.long _sym_00b92808
.long _sym_00b92860
.long _sym_00b9267c
.long _sym_00b92698
.long _sym_00b9277c
.long _sym_00b92798
.long _sym_00b927b4
.long _sym_00b927d0
.long _sym_00b927ec
.long _sym_00b928b0
.byte 0x00, 0x00, 0x00, 0x00
.globl _sym_00b9864c
_sym_00b9864c:
.long _sym_00c0f0c0
.byte 0x0a, 0x00, 0x00, 0x00, 0x00, 0x00, 0x00, 0x00, 0xff, 0xff, 0xff, 0xff, 0x00, 0x00, 0x00, 0x00
.byte 0x40, 0x00, 0x00, 0x00
.long _sym_00b98668
.globl _sym_00b98668
_sym_00b98668:
.byte 0x00, 0x00, 0x00, 0x00, 0x01, 0x00, 0x00, 0x00, 0x0b, 0x00, 0x00, 0x00
.long _sym_00b98678
.globl _sym_00b98678
_sym_00b98678:
.long _sym_00b9864c
.long _sym_00b92808
.long _sym_00b92860
.long _sym_00b9267c
.long _sym_00b92698
.long _sym_00b9277c
.long _sym_00b92798
.long _sym_00b927b4
.long _sym_00b927d0
.long _sym_00b927ec
.long _sym_00b928b0
.byte 0x00, 0x00, 0x00, 0x00
.globl _sym_00b986a8
_sym_00b986a8:
.byte 0x00, 0x00, 0x00, 0x00, 0x00, 0x00, 0x00, 0x00, 0x00, 0x00, 0x00, 0x00
.long _sym_00c0f058
.long _sym_00b98608
.globl _sym_00b986bc
_sym_00b986bc:
.byte 0x00, 0x00, 0x00, 0x00, 0x00, 0x00, 0x00, 0x00, 0x00, 0x00, 0x00, 0x00
.long _sym_00c0f0c0
.long _sym_00b98668
.globl _sym_00b986d0
_sym_00b986d0:
.byte 0x00, 0x00, 0x00, 0x00, 0x00, 0x00, 0x00, 0x00, 0x00, 0x00, 0x00, 0x00
.long _sym_00c0f128
.long _sym_00b986e4
.globl _sym_00b986e4
_sym_00b986e4:
.byte 0x00, 0x00, 0x00, 0x00, 0x01, 0x00, 0x00, 0x00, 0x09, 0x00, 0x00, 0x00
.long _sym_00b986f4
.globl _sym_00b986f4
_sym_00b986f4:
.long _sym_00b9871c
.long _sym_00b93dc0
.long _sym_00b93e10
.long _sym_00b93e5c
.long _sym_00b93f30
.long _sym_00b92584
.long _sym_00b925a0
.long _sym_00b93f4c
.long _sym_00b93f68
.byte 0x00, 0x00, 0x00, 0x00
.globl _sym_00b9871c
_sym_00b9871c:
.long _sym_00c0f128
.byte 0x08, 0x00, 0x00, 0x00, 0x00, 0x00, 0x00, 0x00, 0xff, 0xff, 0xff, 0xff, 0x00, 0x00, 0x00, 0x00
.byte 0x40, 0x00, 0x00, 0x00
.long _sym_00b986e4
.globl _sym_00b98738
_sym_00b98738:
.byte 0x00, 0x00, 0x00, 0x00, 0x00, 0x00, 0x00, 0x00, 0x00, 0x00, 0x00, 0x00
.long _sym_00c0f198
.long _sym_00b9874c
.globl _sym_00b9874c
_sym_00b9874c:
.byte 0x00, 0x00, 0x00, 0x00, 0x01, 0x00, 0x00, 0x00, 0x0d, 0x00, 0x00, 0x00
.long _sym_00b9875c
.globl _sym_00b9875c
_sym_00b9875c:
.long _sym_00b98794
.long _sym_00b987b0
.long _sym_00b98810
.long _sym_00b92808
.long _sym_00b92860
.long _sym_00b9267c
.long _sym_00b92698
.long _sym_00b9277c
.long _sym_00b92798
.long _sym_00b927b4
.long _sym_00b927d0
.long _sym_00b927ec
.long _sym_00b928b0
.byte 0x00, 0x00, 0x00, 0x00
.globl _sym_00b98794
_sym_00b98794:
.long _sym_00c0f198
.byte 0x0c, 0x00, 0x00, 0x00, 0x00, 0x00, 0x00, 0x00, 0xff, 0xff, 0xff, 0xff, 0x00, 0x00, 0x00, 0x00
.byte 0x40, 0x00, 0x00, 0x00
.long _sym_00b9874c
.globl _sym_00b987b0
_sym_00b987b0:
.long _sym_00c0f1e8
.byte 0x0b, 0x00, 0x00, 0x00, 0x00, 0x00, 0x00, 0x00, 0xff, 0xff, 0xff, 0xff, 0x00, 0x00, 0x00, 0x00
.byte 0x40, 0x00, 0x00, 0x00
.long _sym_00b987cc
.globl _sym_00b987cc
_sym_00b987cc:
.byte 0x00, 0x00, 0x00, 0x00, 0x01, 0x00, 0x00, 0x00, 0x0c, 0x00, 0x00, 0x00
.long _sym_00b987dc
.globl _sym_00b987dc
_sym_00b987dc:
.long _sym_00b987b0
.long _sym_00b98810
.long _sym_00b92808
.long _sym_00b92860
.long _sym_00b9267c
.long _sym_00b92698
.long _sym_00b9277c
.long _sym_00b92798
.long _sym_00b927b4
.long _sym_00b927d0
.long _sym_00b927ec
.long _sym_00b928b0
.byte 0x00, 0x00, 0x00, 0x00
.globl _sym_00b98810
_sym_00b98810:
.long _sym_00c0f238
.byte 0x0a, 0x00, 0x00, 0x00, 0x00, 0x00, 0x00, 0x00, 0xff, 0xff, 0xff, 0xff, 0x00, 0x00, 0x00, 0x00
.byte 0x40, 0x00, 0x00, 0x00
.long _sym_00b9882c
.globl _sym_00b9882c
_sym_00b9882c:
.byte 0x00, 0x00, 0x00, 0x00, 0x01, 0x00, 0x00, 0x00, 0x0b, 0x00, 0x00, 0x00
.long _sym_00b9883c
.globl _sym_00b9883c
_sym_00b9883c:
.long _sym_00b98810
.long _sym_00b92808
.long _sym_00b92860
.long _sym_00b9267c
.long _sym_00b92698
.long _sym_00b9277c
.long _sym_00b92798
.long _sym_00b927b4
.long _sym_00b927d0
.long _sym_00b927ec
.long _sym_00b928b0
.byte 0x00, 0x00, 0x00, 0x00
.globl _sym_00b9886c
_sym_00b9886c:
.byte 0x00, 0x00, 0x00, 0x00, 0x00, 0x00, 0x00, 0x00, 0x00, 0x00, 0x00, 0x00
.long _sym_00c0f1e8
.long _sym_00b987cc
.globl _sym_00b98880
_sym_00b98880:
.byte 0x00, 0x00, 0x00, 0x00, 0x00, 0x00, 0x00, 0x00, 0x00, 0x00, 0x00, 0x00
.long _sym_00c0f238
.long _sym_00b9882c
.globl _sym_00b98894
_sym_00b98894:
.byte 0x00, 0x00, 0x00, 0x00, 0x00, 0x00, 0x00, 0x00, 0x00, 0x00, 0x00, 0x00
.long _sym_00c0f290
.long _sym_00b988a8
.globl _sym_00b988a8
_sym_00b988a8:
.byte 0x00, 0x00, 0x00, 0x00, 0x01, 0x00, 0x00, 0x00, 0x09, 0x00, 0x00, 0x00
.long _sym_00b988b8
.globl _sym_00b988b8
_sym_00b988b8:
.long _sym_00b988e0
.long _sym_00b93dc0
.long _sym_00b93e10
.long _sym_00b93e5c
.long _sym_00b93f30
.long _sym_00b92584
.long _sym_00b925a0
.long _sym_00b93f4c
.long _sym_00b93f68
.byte 0x00, 0x00, 0x00, 0x00
.globl _sym_00b988e0
_sym_00b988e0:
.long _sym_00c0f290
.byte 0x08, 0x00, 0x00, 0x00, 0x00, 0x00, 0x00, 0x00, 0xff, 0xff, 0xff, 0xff, 0x00, 0x00, 0x00, 0x00
.byte 0x40, 0x00, 0x00, 0x00
.long _sym_00b988a8
.globl _sym_00b988fc
_sym_00b988fc:
.byte 0x00, 0x00, 0x00, 0x00, 0x00, 0x00, 0x00, 0x00, 0x00, 0x00, 0x00, 0x00
.long _sym_00c0f2e8
.long _sym_00b98910
.globl _sym_00b98910
_sym_00b98910:
.byte 0x00, 0x00, 0x00, 0x00, 0x01, 0x00, 0x00, 0x00, 0x0d, 0x00, 0x00, 0x00
.long _sym_00b98920
.globl _sym_00b98920
_sym_00b98920:
.long _sym_00b98958
.long _sym_00b98974
.long _sym_00b989d4
.long _sym_00b92808
.long _sym_00b92860
.long _sym_00b9267c
.long _sym_00b92698
.long _sym_00b9277c
.long _sym_00b92798
.long _sym_00b927b4
.long _sym_00b927d0
.long _sym_00b927ec
.long _sym_00b928b0
.byte 0x00, 0x00, 0x00, 0x00
.globl _sym_00b98958
_sym_00b98958:
.long _sym_00c0f2e8
.byte 0x0c, 0x00, 0x00, 0x00, 0x00, 0x00, 0x00, 0x00, 0xff, 0xff, 0xff, 0xff, 0x00, 0x00, 0x00, 0x00
.byte 0x40, 0x00, 0x00, 0x00
.long _sym_00b98910
.globl _sym_00b98974
_sym_00b98974:
.long _sym_00c0f350
.byte 0x0b, 0x00, 0x00, 0x00, 0x00, 0x00, 0x00, 0x00, 0xff, 0xff, 0xff, 0xff, 0x00, 0x00, 0x00, 0x00
.byte 0x40, 0x00, 0x00, 0x00
.long _sym_00b98990
.globl _sym_00b98990
_sym_00b98990:
.byte 0x00, 0x00, 0x00, 0x00, 0x01, 0x00, 0x00, 0x00, 0x0c, 0x00, 0x00, 0x00
.long _sym_00b989a0
.globl _sym_00b989a0
_sym_00b989a0:
.long _sym_00b98974
.long _sym_00b989d4
.long _sym_00b92808
.long _sym_00b92860
.long _sym_00b9267c
.long _sym_00b92698
.long _sym_00b9277c
.long _sym_00b92798
.long _sym_00b927b4
.long _sym_00b927d0
.long _sym_00b927ec
.long _sym_00b928b0
.byte 0x00, 0x00, 0x00, 0x00
.globl _sym_00b989d4
_sym_00b989d4:
.long _sym_00c0f3b8
.byte 0x0a, 0x00, 0x00, 0x00, 0x00, 0x00, 0x00, 0x00, 0xff, 0xff, 0xff, 0xff, 0x00, 0x00, 0x00, 0x00
.byte 0x40, 0x00, 0x00, 0x00
.long _sym_00b989f0
.globl _sym_00b989f0
_sym_00b989f0:
.byte 0x00, 0x00, 0x00, 0x00, 0x01, 0x00, 0x00, 0x00, 0x0b, 0x00, 0x00, 0x00
.long _sym_00b98a00
.globl _sym_00b98a00
_sym_00b98a00:
.long _sym_00b989d4
.long _sym_00b92808
.long _sym_00b92860
.long _sym_00b9267c
.long _sym_00b92698
.long _sym_00b9277c
.long _sym_00b92798
.long _sym_00b927b4
.long _sym_00b927d0
.long _sym_00b927ec
.long _sym_00b928b0
.byte 0x00, 0x00, 0x00, 0x00
.globl _sym_00b98a30
_sym_00b98a30:
.byte 0x00, 0x00, 0x00, 0x00, 0x00, 0x00, 0x00, 0x00, 0x00, 0x00, 0x00, 0x00
.long _sym_00c0f350
.long _sym_00b98990
.globl _sym_00b98a44
_sym_00b98a44:
.byte 0x00, 0x00, 0x00, 0x00, 0x00, 0x00, 0x00, 0x00, 0x00, 0x00, 0x00, 0x00
.long _sym_00c0f3b8
.long _sym_00b989f0
.globl _sym_00b98a58
_sym_00b98a58:
.byte 0x00, 0x00, 0x00, 0x00, 0x00, 0x00, 0x00, 0x00, 0x00, 0x00, 0x00, 0x00
.long _sym_00c0f420
.long _sym_00b98a6c
.globl _sym_00b98a6c
_sym_00b98a6c:
.byte 0x00, 0x00, 0x00, 0x00, 0x01, 0x00, 0x00, 0x00, 0x09, 0x00, 0x00, 0x00
.long _sym_00b98a7c
.globl _sym_00b98a7c
_sym_00b98a7c:
.long _sym_00b98aa4
.long _sym_00b93dc0
.long _sym_00b93e10
.long _sym_00b93e5c
.long _sym_00b93f30
.long _sym_00b92584
.long _sym_00b925a0
.long _sym_00b93f4c
.long _sym_00b93f68
.byte 0x00, 0x00, 0x00, 0x00
.globl _sym_00b98aa4
_sym_00b98aa4:
.long _sym_00c0f420
.byte 0x08, 0x00, 0x00, 0x00, 0x00, 0x00, 0x00, 0x00, 0xff, 0xff, 0xff, 0xff, 0x00, 0x00, 0x00, 0x00
.byte 0x40, 0x00, 0x00, 0x00
.long _sym_00b98a6c
.globl _sym_00b98ac0
_sym_00b98ac0:
.byte 0x00, 0x00, 0x00, 0x00, 0x00, 0x00, 0x00, 0x00, 0x00, 0x00, 0x00, 0x00
.long _sym_00c0f488
.long _sym_00b98ad4
.globl _sym_00b98ad4
_sym_00b98ad4:
.byte 0x00, 0x00, 0x00, 0x00, 0x00, 0x00, 0x00, 0x00, 0x02, 0x00, 0x00, 0x00
.long _sym_00b98ae4
.globl _sym_00b98ae4
_sym_00b98ae4:
.long _sym_00b98af0
.long _sym_00b9292c
.byte 0x00, 0x00, 0x00, 0x00
.globl _sym_00b98af0
_sym_00b98af0:
.long _sym_00c0f488
.byte 0x01, 0x00, 0x00, 0x00, 0x00, 0x00, 0x00, 0x00, 0xff, 0xff, 0xff, 0xff, 0x00, 0x00, 0x00, 0x00
.byte 0x40, 0x00, 0x00, 0x00
.long _sym_00b98ad4
.globl _sym_00b98b0c
_sym_00b98b0c:
.byte 0x00, 0x00, 0x00, 0x00, 0x00, 0x00, 0x00, 0x00, 0x00, 0x00, 0x00, 0x00
.long _sym_00c0f538
.long _sym_00b98b20
.globl _sym_00b98b20
_sym_00b98b20:
.byte 0x00, 0x00, 0x00, 0x00, 0x00, 0x00, 0x00, 0x00, 0x02, 0x00, 0x00, 0x00
.long _sym_00b98b30
.globl _sym_00b98b30
_sym_00b98b30:
.long _sym_00b98b3c
.long _sym_00b9292c
.byte 0x00, 0x00, 0x00, 0x00
.globl _sym_00b98b3c
_sym_00b98b3c:
.long _sym_00c0f538
.byte 0x01, 0x00, 0x00, 0x00, 0x00, 0x00, 0x00, 0x00, 0xff, 0xff, 0xff, 0xff, 0x00, 0x00, 0x00, 0x00
.byte 0x40, 0x00, 0x00, 0x00
.long _sym_00b98b20
.globl _sym_00b98b58
_sym_00b98b58:
.byte 0x00, 0x00, 0x00, 0x00, 0x00, 0x00, 0x00, 0x00, 0x00, 0x00, 0x00, 0x00
.long _sym_00c0f5d8
.long _sym_00b98b6c
.globl _sym_00b98b6c
_sym_00b98b6c:
.byte 0x00, 0x00, 0x00, 0x00, 0x00, 0x00, 0x00, 0x00, 0x02, 0x00, 0x00, 0x00
.long _sym_00b98b7c
.globl _sym_00b98b7c
_sym_00b98b7c:
.long _sym_00b98b88
.long _sym_00b9292c
.byte 0x00, 0x00, 0x00, 0x00
.globl _sym_00b98b88
_sym_00b98b88:
.long _sym_00c0f5d8
.byte 0x01, 0x00, 0x00, 0x00, 0x00, 0x00, 0x00, 0x00, 0xff, 0xff, 0xff, 0xff, 0x00, 0x00, 0x00, 0x00
.byte 0x40, 0x00, 0x00, 0x00
.long _sym_00b98b6c
.globl _sym_00b98ba4
_sym_00b98ba4:
.byte 0x00, 0x00, 0x00, 0x00, 0x00, 0x00, 0x00, 0x00, 0x00, 0x00, 0x00, 0x00
.long _sym_00c0f660
.long _sym_00b98bb8
.globl _sym_00b98bb8
_sym_00b98bb8:
.byte 0x00, 0x00, 0x00, 0x00, 0x01, 0x00, 0x00, 0x00, 0x0d, 0x00, 0x00, 0x00
.long _sym_00b98bc8
.globl _sym_00b98bc8
_sym_00b98bc8:
.long _sym_00b98c00
.long _sym_00b98c1c
.long _sym_00b98c7c
.long _sym_00b92808
.long _sym_00b92860
.long _sym_00b9267c
.long _sym_00b92698
.long _sym_00b9277c
.long _sym_00b92798
.long _sym_00b927b4
.long _sym_00b927d0
.long _sym_00b927ec
.long _sym_00b928b0
.byte 0x00, 0x00, 0x00, 0x00
.globl _sym_00b98c00
_sym_00b98c00:
.long _sym_00c0f660
.byte 0x0c, 0x00, 0x00, 0x00, 0x00, 0x00, 0x00, 0x00, 0xff, 0xff, 0xff, 0xff, 0x00, 0x00, 0x00, 0x00
.byte 0x40, 0x00, 0x00, 0x00
.long _sym_00b98bb8
.globl _sym_00b98c1c
_sym_00b98c1c:
.long _sym_00c0f6b8
.byte 0x0b, 0x00, 0x00, 0x00, 0x00, 0x00, 0x00, 0x00, 0xff, 0xff, 0xff, 0xff, 0x00, 0x00, 0x00, 0x00
.byte 0x40, 0x00, 0x00, 0x00
.long _sym_00b98c38
.globl _sym_00b98c38
_sym_00b98c38:
.byte 0x00, 0x00, 0x00, 0x00, 0x01, 0x00, 0x00, 0x00, 0x0c, 0x00, 0x00, 0x00
.long _sym_00b98c48
.globl _sym_00b98c48
_sym_00b98c48:
.long _sym_00b98c1c
.long _sym_00b98c7c
.long _sym_00b92808
.long _sym_00b92860
.long _sym_00b9267c
.long _sym_00b92698
.long _sym_00b9277c
.long _sym_00b92798
.long _sym_00b927b4
.long _sym_00b927d0
.long _sym_00b927ec
.long _sym_00b928b0
.byte 0x00, 0x00, 0x00, 0x00
.globl _sym_00b98c7c
_sym_00b98c7c:
.long _sym_00c0f710
.byte 0x0a, 0x00, 0x00, 0x00, 0x00, 0x00, 0x00, 0x00, 0xff, 0xff, 0xff, 0xff, 0x00, 0x00, 0x00, 0x00
.byte 0x40, 0x00, 0x00, 0x00
.long _sym_00b98c98
.globl _sym_00b98c98
_sym_00b98c98:
.byte 0x00, 0x00, 0x00, 0x00, 0x01, 0x00, 0x00, 0x00, 0x0b, 0x00, 0x00, 0x00
.long _sym_00b98ca8
.globl _sym_00b98ca8
_sym_00b98ca8:
.long _sym_00b98c7c
.long _sym_00b92808
.long _sym_00b92860
.long _sym_00b9267c
.long _sym_00b92698
.long _sym_00b9277c
.long _sym_00b92798
.long _sym_00b927b4
.long _sym_00b927d0
.long _sym_00b927ec
.long _sym_00b928b0
.byte 0x00, 0x00, 0x00, 0x00
.globl _sym_00b98cd8
_sym_00b98cd8:
.byte 0x00, 0x00, 0x00, 0x00, 0x00, 0x00, 0x00, 0x00, 0x00, 0x00, 0x00, 0x00
.long _sym_00c0f6b8
.long _sym_00b98c38
.globl _sym_00b98cec
_sym_00b98cec:
.byte 0x00, 0x00, 0x00, 0x00, 0x00, 0x00, 0x00, 0x00, 0x00, 0x00, 0x00, 0x00
.long _sym_00c0f710
.long _sym_00b98c98
.globl _sym_00b98d00
_sym_00b98d00:
.byte 0x00, 0x00, 0x00, 0x00, 0x00, 0x00, 0x00, 0x00, 0x00, 0x00, 0x00, 0x00
.long _sym_00c0f768
.long _sym_00b98d14
.globl _sym_00b98d14
_sym_00b98d14:
.byte 0x00, 0x00, 0x00, 0x00, 0x01, 0x00, 0x00, 0x00, 0x0d, 0x00, 0x00, 0x00
.long _sym_00b98d24
.globl _sym_00b98d24
_sym_00b98d24:
.long _sym_00b98d5c
.long _sym_00b98d78
.long _sym_00b98dd8
.long _sym_00b92808
.long _sym_00b92860
.long _sym_00b9267c
.long _sym_00b92698
.long _sym_00b9277c
.long _sym_00b92798
.long _sym_00b927b4
.long _sym_00b927d0
.long _sym_00b927ec
.long _sym_00b928b0
.byte 0x00, 0x00, 0x00, 0x00
.globl _sym_00b98d5c
_sym_00b98d5c:
.long _sym_00c0f768
.byte 0x0c, 0x00, 0x00, 0x00, 0x00, 0x00, 0x00, 0x00, 0xff, 0xff, 0xff, 0xff, 0x00, 0x00, 0x00, 0x00
.byte 0x40, 0x00, 0x00, 0x00
.long _sym_00b98d14
.globl _sym_00b98d78
_sym_00b98d78:
.long _sym_00c0f7b0
.byte 0x0b, 0x00, 0x00, 0x00, 0x00, 0x00, 0x00, 0x00, 0xff, 0xff, 0xff, 0xff, 0x00, 0x00, 0x00, 0x00
.byte 0x40, 0x00, 0x00, 0x00
.long _sym_00b98d94
.globl _sym_00b98d94
_sym_00b98d94:
.byte 0x00, 0x00, 0x00, 0x00, 0x01, 0x00, 0x00, 0x00, 0x0c, 0x00, 0x00, 0x00
.long _sym_00b98da4
.globl _sym_00b98da4
_sym_00b98da4:
.long _sym_00b98d78
.long _sym_00b98dd8
.long _sym_00b92808
.long _sym_00b92860
.long _sym_00b9267c
.long _sym_00b92698
.long _sym_00b9277c
.long _sym_00b92798
.long _sym_00b927b4
.long _sym_00b927d0
.long _sym_00b927ec
.long _sym_00b928b0
.byte 0x00, 0x00, 0x00, 0x00
.globl _sym_00b98dd8
_sym_00b98dd8:
.long _sym_00c0f7f8
.byte 0x0a, 0x00, 0x00, 0x00, 0x00, 0x00, 0x00, 0x00, 0xff, 0xff, 0xff, 0xff, 0x00, 0x00, 0x00, 0x00
.byte 0x40, 0x00, 0x00, 0x00
.long _sym_00b98df4
.globl _sym_00b98df4
_sym_00b98df4:
.byte 0x00, 0x00, 0x00, 0x00, 0x01, 0x00, 0x00, 0x00, 0x0b, 0x00, 0x00, 0x00
.long _sym_00b98e04
.globl _sym_00b98e04
_sym_00b98e04:
.long _sym_00b98dd8
.long _sym_00b92808
.long _sym_00b92860
.long _sym_00b9267c
.long _sym_00b92698
.long _sym_00b9277c
.long _sym_00b92798
.long _sym_00b927b4
.long _sym_00b927d0
.long _sym_00b927ec
.long _sym_00b928b0
.byte 0x00, 0x00, 0x00, 0x00
.globl _sym_00b98e34
_sym_00b98e34:
.byte 0x00, 0x00, 0x00, 0x00, 0x00, 0x00, 0x00, 0x00, 0x00, 0x00, 0x00, 0x00
.long _sym_00c0f7b0
.long _sym_00b98d94
.globl _sym_00b98e48
_sym_00b98e48:
.byte 0x00, 0x00, 0x00, 0x00, 0x00, 0x00, 0x00, 0x00, 0x00, 0x00, 0x00, 0x00
.long _sym_00c0f7f8
.long _sym_00b98df4
.globl _sym_00b98e5c
_sym_00b98e5c:
.byte 0x00, 0x00, 0x00, 0x00, 0x00, 0x00, 0x00, 0x00, 0x00, 0x00, 0x00, 0x00
.long _sym_00c0f858
.long _sym_00b98e70
.globl _sym_00b98e70
_sym_00b98e70:
.byte 0x00, 0x00, 0x00, 0x00, 0x01, 0x00, 0x00, 0x00, 0x09, 0x00, 0x00, 0x00
.long _sym_00b98e80
.globl _sym_00b98e80
_sym_00b98e80:
.long _sym_00b98ea8
.long _sym_00b93dc0
.long _sym_00b93e10
.long _sym_00b93e5c
.long _sym_00b93f30
.long _sym_00b92584
.long _sym_00b925a0
.long _sym_00b93f4c
.long _sym_00b93f68
.byte 0x00, 0x00, 0x00, 0x00
.globl _sym_00b98ea8
_sym_00b98ea8:
.long _sym_00c0f858
.byte 0x08, 0x00, 0x00, 0x00, 0x00, 0x00, 0x00, 0x00, 0xff, 0xff, 0xff, 0xff, 0x00, 0x00, 0x00, 0x00
.byte 0x40, 0x00, 0x00, 0x00
.long _sym_00b98e70
.globl _sym_00b98ec4
_sym_00b98ec4:
.byte 0x00, 0x00, 0x00, 0x00, 0x00, 0x00, 0x00, 0x00, 0x00, 0x00, 0x00, 0x00
.long _sym_00c0f8b0
.long _sym_00b98ed8
.globl _sym_00b98ed8
_sym_00b98ed8:
.byte 0x00, 0x00, 0x00, 0x00, 0x01, 0x00, 0x00, 0x00, 0x09, 0x00, 0x00, 0x00
.long _sym_00b98ee8
.globl _sym_00b98ee8
_sym_00b98ee8:
.long _sym_00b98f10
.long _sym_00b93dc0
.long _sym_00b93e10
.long _sym_00b93e5c
.long _sym_00b93f30
.long _sym_00b92584
.long _sym_00b925a0
.long _sym_00b93f4c
.long _sym_00b93f68
.byte 0x00, 0x00, 0x00, 0x00
.globl _sym_00b98f10
_sym_00b98f10:
.long _sym_00c0f8b0
.byte 0x08, 0x00, 0x00, 0x00, 0x00, 0x00, 0x00, 0x00, 0xff, 0xff, 0xff, 0xff, 0x00, 0x00, 0x00, 0x00
.byte 0x40, 0x00, 0x00, 0x00
.long _sym_00b98ed8
.globl _sym_00b98f2c
_sym_00b98f2c:
.byte 0x00, 0x00, 0x00, 0x00, 0x00, 0x00, 0x00, 0x00, 0x00, 0x00, 0x00, 0x00
.long _sym_00c0f8f8
.long _sym_00b98f40
.globl _sym_00b98f40
_sym_00b98f40:
.byte 0x00, 0x00, 0x00, 0x00, 0x01, 0x00, 0x00, 0x00, 0x09, 0x00, 0x00, 0x00
.long _sym_00b98f50
.globl _sym_00b98f50
_sym_00b98f50:
.long _sym_00b98f78
.long _sym_00b93dc0
.long _sym_00b93e10
.long _sym_00b93e5c
.long _sym_00b93f30
.long _sym_00b92584
.long _sym_00b925a0
.long _sym_00b93f4c
.long _sym_00b93f68
.byte 0x00, 0x00, 0x00, 0x00
.globl _sym_00b98f78
_sym_00b98f78:
.long _sym_00c0f8f8
.byte 0x08, 0x00, 0x00, 0x00, 0x00, 0x00, 0x00, 0x00, 0xff, 0xff, 0xff, 0xff, 0x00, 0x00, 0x00, 0x00
.byte 0x40, 0x00, 0x00, 0x00
.long _sym_00b98f40
.globl _sym_00b98f94
_sym_00b98f94:
.byte 0x00, 0x00, 0x00, 0x00, 0x00, 0x00, 0x00, 0x00, 0x00, 0x00, 0x00, 0x00
.long _sym_00c0f958
.long _sym_00b98fa8
.globl _sym_00b98fa8
_sym_00b98fa8:
.byte 0x00, 0x00, 0x00, 0x00, 0x01, 0x00, 0x00, 0x00, 0x09, 0x00, 0x00, 0x00
.long _sym_00b98fb8
.globl _sym_00b98fb8
_sym_00b98fb8:
.long _sym_00b98fe0
.long _sym_00b93dc0
.long _sym_00b93e10
.long _sym_00b93e5c
.long _sym_00b93f30
.long _sym_00b92584
.long _sym_00b925a0
.long _sym_00b93f4c
.long _sym_00b93f68
.byte 0x00, 0x00, 0x00, 0x00
.globl _sym_00b98fe0
_sym_00b98fe0:
.long _sym_00c0f958
.byte 0x08, 0x00, 0x00, 0x00, 0x00, 0x00, 0x00, 0x00, 0xff, 0xff, 0xff, 0xff, 0x00, 0x00, 0x00, 0x00
.byte 0x40, 0x00, 0x00, 0x00
.long _sym_00b98fa8
.globl _sym_00b98ffc
_sym_00b98ffc:
.byte 0x00, 0x00, 0x00, 0x00, 0x00, 0x00, 0x00, 0x00, 0x00, 0x00, 0x00, 0x00
.long _sym_00c0f99c
.long _sym_00b99010
.globl _sym_00b99010
_sym_00b99010:
.byte 0x00, 0x00, 0x00, 0x00, 0x01, 0x00, 0x00, 0x00, 0x09, 0x00, 0x00, 0x00
.long _sym_00b99020
.globl _sym_00b99020
_sym_00b99020:
.long _sym_00b99048
.long _sym_00b93dc0
.long _sym_00b93e10
.long _sym_00b93e5c
.long _sym_00b93f30
.long _sym_00b92584
.long _sym_00b925a0
.long _sym_00b93f4c
.long _sym_00b93f68
.byte 0x00, 0x00, 0x00, 0x00
.globl _sym_00b99048
_sym_00b99048:
.long _sym_00c0f99c
.byte 0x08, 0x00, 0x00, 0x00, 0x00, 0x00, 0x00, 0x00, 0xff, 0xff, 0xff, 0xff, 0x00, 0x00, 0x00, 0x00
.byte 0x40, 0x00, 0x00, 0x00
.long _sym_00b99010
.globl _sym_00b99064
_sym_00b99064:
.byte 0x00, 0x00, 0x00, 0x00, 0x00, 0x00, 0x00, 0x00, 0x00, 0x00, 0x00, 0x00
.long _sym_00c0f9d0
.long _sym_00b99078
.globl _sym_00b99078
_sym_00b99078:
.byte 0x00, 0x00, 0x00, 0x00, 0x01, 0x00, 0x00, 0x00, 0x0d, 0x00, 0x00, 0x00
.long _sym_00b99088
.globl _sym_00b99088
_sym_00b99088:
.long _sym_00b990c0
.long _sym_00b990dc
.long _sym_00b9913c
.long _sym_00b92808
.long _sym_00b92860
.long _sym_00b9267c
.long _sym_00b92698
.long _sym_00b9277c
.long _sym_00b92798
.long _sym_00b927b4
.long _sym_00b927d0
.long _sym_00b927ec
.long _sym_00b928b0
.byte 0x00, 0x00, 0x00, 0x00
.globl _sym_00b990c0
_sym_00b990c0:
.long _sym_00c0f9d0
.byte 0x0c, 0x00, 0x00, 0x00, 0x00, 0x00, 0x00, 0x00, 0xff, 0xff, 0xff, 0xff, 0x00, 0x00, 0x00, 0x00
.byte 0x40, 0x00, 0x00, 0x00
.long _sym_00b99078
.globl _sym_00b990dc
_sym_00b990dc:
.long _sym_00c0fa18
.byte 0x0b, 0x00, 0x00, 0x00, 0x00, 0x00, 0x00, 0x00, 0xff, 0xff, 0xff, 0xff, 0x00, 0x00, 0x00, 0x00
.byte 0x40, 0x00, 0x00, 0x00
.long _sym_00b990f8
.globl _sym_00b990f8
_sym_00b990f8:
.byte 0x00, 0x00, 0x00, 0x00, 0x01, 0x00, 0x00, 0x00, 0x0c, 0x00, 0x00, 0x00
.long _sym_00b99108
.globl _sym_00b99108
_sym_00b99108:
.long _sym_00b990dc
.long _sym_00b9913c
.long _sym_00b92808
.long _sym_00b92860
.long _sym_00b9267c
.long _sym_00b92698
.long _sym_00b9277c
.long _sym_00b92798
.long _sym_00b927b4
.long _sym_00b927d0
.long _sym_00b927ec
.long _sym_00b928b0
.byte 0x00, 0x00, 0x00, 0x00
.globl _sym_00b9913c
_sym_00b9913c:
.long _sym_00c0fa60
.byte 0x0a, 0x00, 0x00, 0x00, 0x00, 0x00, 0x00, 0x00, 0xff, 0xff, 0xff, 0xff, 0x00, 0x00, 0x00, 0x00
.byte 0x40, 0x00, 0x00, 0x00
.long _sym_00b99158
.globl _sym_00b99158
_sym_00b99158:
.byte 0x00, 0x00, 0x00, 0x00, 0x01, 0x00, 0x00, 0x00, 0x0b, 0x00, 0x00, 0x00
.long _sym_00b99168
.globl _sym_00b99168
_sym_00b99168:
.long _sym_00b9913c
.long _sym_00b92808
.long _sym_00b92860
.long _sym_00b9267c
.long _sym_00b92698
.long _sym_00b9277c
.long _sym_00b92798
.long _sym_00b927b4
.long _sym_00b927d0
.long _sym_00b927ec
.long _sym_00b928b0
.byte 0x00, 0x00, 0x00, 0x00
.globl _sym_00b99198
_sym_00b99198:
.byte 0x00, 0x00, 0x00, 0x00, 0x00, 0x00, 0x00, 0x00, 0x00, 0x00, 0x00, 0x00
.long _sym_00c0fa18
.long _sym_00b990f8
.globl _sym_00b991ac
_sym_00b991ac:
.byte 0x00, 0x00, 0x00, 0x00, 0x00, 0x00, 0x00, 0x00, 0x00, 0x00, 0x00, 0x00
.long _sym_00c0fa60
.long _sym_00b99158
.globl _sym_00b991c0
_sym_00b991c0:
.byte 0x00, 0x00, 0x00, 0x00, 0x00, 0x00, 0x00, 0x00, 0x00, 0x00, 0x00, 0x00
.long _sym_00c0faa8
.long _sym_00b991d4
.globl _sym_00b991d4
_sym_00b991d4:
.byte 0x00, 0x00, 0x00, 0x00, 0x01, 0x00, 0x00, 0x00, 0x09, 0x00, 0x00, 0x00
.long _sym_00b991e4
.globl _sym_00b991e4
_sym_00b991e4:
.long _sym_00b9920c
.long _sym_00b93dc0
.long _sym_00b93e10
.long _sym_00b93e5c
.long _sym_00b93f30
.long _sym_00b92584
.long _sym_00b925a0
.long _sym_00b93f4c
.long _sym_00b93f68
.byte 0x00, 0x00, 0x00, 0x00
.globl _sym_00b9920c
_sym_00b9920c:
.long _sym_00c0faa8
.byte 0x08, 0x00, 0x00, 0x00, 0x00, 0x00, 0x00, 0x00, 0xff, 0xff, 0xff, 0xff, 0x00, 0x00, 0x00, 0x00
.byte 0x40, 0x00, 0x00, 0x00
.long _sym_00b991d4
.globl _sym_00b99228
_sym_00b99228:
.byte 0x00, 0x00, 0x00, 0x00, 0x00, 0x00, 0x00, 0x00, 0x00, 0x00, 0x00, 0x00
.long _sym_00c0faf8
.long _sym_00b9923c
.globl _sym_00b9923c
_sym_00b9923c:
.byte 0x00, 0x00, 0x00, 0x00, 0x01, 0x00, 0x00, 0x00, 0x0d, 0x00, 0x00, 0x00
.long _sym_00b9924c
.globl _sym_00b9924c
_sym_00b9924c:
.long _sym_00b99284
.long _sym_00b992a0
.long _sym_00b99300
.long _sym_00b92808
.long _sym_00b92860
.long _sym_00b9267c
.long _sym_00b92698
.long _sym_00b9277c
.long _sym_00b92798
.long _sym_00b927b4
.long _sym_00b927d0
.long _sym_00b927ec
.long _sym_00b928b0
.byte 0x00, 0x00, 0x00, 0x00
.globl _sym_00b99284
_sym_00b99284:
.long _sym_00c0faf8
.byte 0x0c, 0x00, 0x00, 0x00, 0x00, 0x00, 0x00, 0x00, 0xff, 0xff, 0xff, 0xff, 0x00, 0x00, 0x00, 0x00
.byte 0x40, 0x00, 0x00, 0x00
.long _sym_00b9923c
.globl _sym_00b992a0
_sym_00b992a0:
.long _sym_00c0fb50
.byte 0x0b, 0x00, 0x00, 0x00, 0x00, 0x00, 0x00, 0x00, 0xff, 0xff, 0xff, 0xff, 0x00, 0x00, 0x00, 0x00
.byte 0x40, 0x00, 0x00, 0x00
.long _sym_00b992bc
.globl _sym_00b992bc
_sym_00b992bc:
.byte 0x00, 0x00, 0x00, 0x00, 0x01, 0x00, 0x00, 0x00, 0x0c, 0x00, 0x00, 0x00
.long _sym_00b992cc
.globl _sym_00b992cc
_sym_00b992cc:
.long _sym_00b992a0
.long _sym_00b99300
.long _sym_00b92808
.long _sym_00b92860
.long _sym_00b9267c
.long _sym_00b92698
.long _sym_00b9277c
.long _sym_00b92798
.long _sym_00b927b4
.long _sym_00b927d0
.long _sym_00b927ec
.long _sym_00b928b0
.byte 0x00, 0x00, 0x00, 0x00
.globl _sym_00b99300
_sym_00b99300:
.long _sym_00c0fba8
.byte 0x0a, 0x00, 0x00, 0x00, 0x00, 0x00, 0x00, 0x00, 0xff, 0xff, 0xff, 0xff, 0x00, 0x00, 0x00, 0x00
.byte 0x40, 0x00, 0x00, 0x00
.long _sym_00b9931c
.globl _sym_00b9931c
_sym_00b9931c:
.byte 0x00, 0x00, 0x00, 0x00, 0x01, 0x00, 0x00, 0x00, 0x0b, 0x00, 0x00, 0x00
.long _sym_00b9932c
.globl _sym_00b9932c
_sym_00b9932c:
.long _sym_00b99300
.long _sym_00b92808
.long _sym_00b92860
.long _sym_00b9267c
.long _sym_00b92698
.long _sym_00b9277c
.long _sym_00b92798
.long _sym_00b927b4
.long _sym_00b927d0
.long _sym_00b927ec
.long _sym_00b928b0
.byte 0x00, 0x00, 0x00, 0x00
.globl _sym_00b9935c
_sym_00b9935c:
.byte 0x00, 0x00, 0x00, 0x00, 0x00, 0x00, 0x00, 0x00, 0x00, 0x00, 0x00, 0x00
.long _sym_00c0fb50
.long _sym_00b992bc
.globl _sym_00b99370
_sym_00b99370:
.byte 0x00, 0x00, 0x00, 0x00, 0x00, 0x00, 0x00, 0x00, 0x00, 0x00, 0x00, 0x00
.long _sym_00c0fba8
.long _sym_00b9931c
.globl _sym_00b99384
_sym_00b99384:
.byte 0x00, 0x00, 0x00, 0x00, 0x00, 0x00, 0x00, 0x00, 0x00, 0x00, 0x00, 0x00
.long _sym_00c0fc00
.long _sym_00b99398
.globl _sym_00b99398
_sym_00b99398:
.byte 0x00, 0x00, 0x00, 0x00, 0x01, 0x00, 0x00, 0x00, 0x09, 0x00, 0x00, 0x00
.long _sym_00b993a8
.globl _sym_00b993a8
_sym_00b993a8:
.long _sym_00b993d0
.long _sym_00b93dc0
.long _sym_00b93e10
.long _sym_00b93e5c
.long _sym_00b93f30
.long _sym_00b92584
.long _sym_00b925a0
.long _sym_00b93f4c
.long _sym_00b93f68
.byte 0x00, 0x00, 0x00, 0x00
.globl _sym_00b993d0
_sym_00b993d0:
.long _sym_00c0fc00
.byte 0x08, 0x00, 0x00, 0x00, 0x00, 0x00, 0x00, 0x00, 0xff, 0xff, 0xff, 0xff, 0x00, 0x00, 0x00, 0x00
.byte 0x40, 0x00, 0x00, 0x00
.long _sym_00b99398
.globl _sym_00b993ec
_sym_00b993ec:
.byte 0x00, 0x00, 0x00, 0x00, 0x00, 0x00, 0x00, 0x00, 0x00, 0x00, 0x00, 0x00
.long _sym_00c0fc60
.long _sym_00b99400
.globl _sym_00b99400
_sym_00b99400:
.byte 0x00, 0x00, 0x00, 0x00, 0x01, 0x00, 0x00, 0x00, 0x0d, 0x00, 0x00, 0x00
.long _sym_00b99410
.globl _sym_00b99410
_sym_00b99410:
.long _sym_00b99448
.long _sym_00b99464
.long _sym_00b994c4
.long _sym_00b92808
.long _sym_00b92860
.long _sym_00b9267c
.long _sym_00b92698
.long _sym_00b9277c
.long _sym_00b92798
.long _sym_00b927b4
.long _sym_00b927d0
.long _sym_00b927ec
.long _sym_00b928b0
.byte 0x00, 0x00, 0x00, 0x00
.globl _sym_00b99448
_sym_00b99448:
.long _sym_00c0fc60
.byte 0x0c, 0x00, 0x00, 0x00, 0x00, 0x00, 0x00, 0x00, 0xff, 0xff, 0xff, 0xff, 0x00, 0x00, 0x00, 0x00
.byte 0x40, 0x00, 0x00, 0x00
.long _sym_00b99400
.globl _sym_00b99464
_sym_00b99464:
.long _sym_00c0fcb8
.byte 0x0b, 0x00, 0x00, 0x00, 0x00, 0x00, 0x00, 0x00, 0xff, 0xff, 0xff, 0xff, 0x00, 0x00, 0x00, 0x00
.byte 0x40, 0x00, 0x00, 0x00
.long _sym_00b99480
.globl _sym_00b99480
_sym_00b99480:
.byte 0x00, 0x00, 0x00, 0x00, 0x01, 0x00, 0x00, 0x00, 0x0c, 0x00, 0x00, 0x00
.long _sym_00b99490
.globl _sym_00b99490
_sym_00b99490:
.long _sym_00b99464
.long _sym_00b994c4
.long _sym_00b92808
.long _sym_00b92860
.long _sym_00b9267c
.long _sym_00b92698
.long _sym_00b9277c
.long _sym_00b92798
.long _sym_00b927b4
.long _sym_00b927d0
.long _sym_00b927ec
.long _sym_00b928b0
.byte 0x00, 0x00, 0x00, 0x00
.globl _sym_00b994c4
_sym_00b994c4:
.long _sym_00c0fd10
.byte 0x0a, 0x00, 0x00, 0x00, 0x00, 0x00, 0x00, 0x00, 0xff, 0xff, 0xff, 0xff, 0x00, 0x00, 0x00, 0x00
.byte 0x40, 0x00, 0x00, 0x00
.long _sym_00b994e0
.globl _sym_00b994e0
_sym_00b994e0:
.byte 0x00, 0x00, 0x00, 0x00, 0x01, 0x00, 0x00, 0x00, 0x0b, 0x00, 0x00, 0x00
.long _sym_00b994f0
.globl _sym_00b994f0
_sym_00b994f0:
.long _sym_00b994c4
.long _sym_00b92808
.long _sym_00b92860
.long _sym_00b9267c
.long _sym_00b92698
.long _sym_00b9277c
.long _sym_00b92798
.long _sym_00b927b4
.long _sym_00b927d0
.long _sym_00b927ec
.long _sym_00b928b0
.byte 0x00, 0x00, 0x00, 0x00
.globl _sym_00b99520
_sym_00b99520:
.byte 0x00, 0x00, 0x00, 0x00, 0x00, 0x00, 0x00, 0x00, 0x00, 0x00, 0x00, 0x00
.long _sym_00c0fcb8
.long _sym_00b99480
.globl _sym_00b99534
_sym_00b99534:
.byte 0x00, 0x00, 0x00, 0x00, 0x00, 0x00, 0x00, 0x00, 0x00, 0x00, 0x00, 0x00
.long _sym_00c0fd10
.long _sym_00b994e0
.globl _sym_00b99548
_sym_00b99548:
.byte 0x00, 0x00, 0x00, 0x00, 0x00, 0x00, 0x00, 0x00, 0x00, 0x00, 0x00, 0x00
.long _sym_00c0fd68
.long _sym_00b9955c
.globl _sym_00b9955c
_sym_00b9955c:
.byte 0x00, 0x00, 0x00, 0x00, 0x01, 0x00, 0x00, 0x00, 0x09, 0x00, 0x00, 0x00
.long _sym_00b9956c
.globl _sym_00b9956c
_sym_00b9956c:
.long _sym_00b99594
.long _sym_00b93dc0
.long _sym_00b93e10
.long _sym_00b93e5c
.long _sym_00b93f30
.long _sym_00b92584
.long _sym_00b925a0
.long _sym_00b93f4c
.long _sym_00b93f68
.byte 0x00, 0x00, 0x00, 0x00
.globl _sym_00b99594
_sym_00b99594:
.long _sym_00c0fd68
.byte 0x08, 0x00, 0x00, 0x00, 0x00, 0x00, 0x00, 0x00, 0xff, 0xff, 0xff, 0xff, 0x00, 0x00, 0x00, 0x00
.byte 0x40, 0x00, 0x00, 0x00
.long _sym_00b9955c
.globl _sym_00b995b0
_sym_00b995b0:
.byte 0x00, 0x00, 0x00, 0x00, 0x00, 0x00, 0x00, 0x00, 0x00, 0x00, 0x00, 0x00
.long _sym_00c0fdc8
.long _sym_00b995c4
.globl _sym_00b995c4
_sym_00b995c4:
.byte 0x00, 0x00, 0x00, 0x00, 0x01, 0x00, 0x00, 0x00, 0x0d, 0x00, 0x00, 0x00
.long _sym_00b995d4
.globl _sym_00b995d4
_sym_00b995d4:
.long _sym_00b9960c
.long _sym_00b99628
.long _sym_00b99688
.long _sym_00b92808
.long _sym_00b92860
.long _sym_00b9267c
.long _sym_00b92698
.long _sym_00b9277c
.long _sym_00b92798
.long _sym_00b927b4
.long _sym_00b927d0
.long _sym_00b927ec
.long _sym_00b928b0
.byte 0x00, 0x00, 0x00, 0x00
.globl _sym_00b9960c
_sym_00b9960c:
.long _sym_00c0fdc8
.byte 0x0c, 0x00, 0x00, 0x00, 0x00, 0x00, 0x00, 0x00, 0xff, 0xff, 0xff, 0xff, 0x00, 0x00, 0x00, 0x00
.byte 0x40, 0x00, 0x00, 0x00
.long _sym_00b995c4
.globl _sym_00b99628
_sym_00b99628:
.long _sym_00c0fe38
.byte 0x0b, 0x00, 0x00, 0x00, 0x00, 0x00, 0x00, 0x00, 0xff, 0xff, 0xff, 0xff, 0x00, 0x00, 0x00, 0x00
.byte 0x40, 0x00, 0x00, 0x00
.long _sym_00b99644
.globl _sym_00b99644
_sym_00b99644:
.byte 0x00, 0x00, 0x00, 0x00, 0x01, 0x00, 0x00, 0x00, 0x0c, 0x00, 0x00, 0x00
.long _sym_00b99654
.globl _sym_00b99654
_sym_00b99654:
.long _sym_00b99628
.long _sym_00b99688
.long _sym_00b92808
.long _sym_00b92860
.long _sym_00b9267c
.long _sym_00b92698
.long _sym_00b9277c
.long _sym_00b92798
.long _sym_00b927b4
.long _sym_00b927d0
.long _sym_00b927ec
.long _sym_00b928b0
.byte 0x00, 0x00, 0x00, 0x00
.globl _sym_00b99688
_sym_00b99688:
.long _sym_00c0fea8
.byte 0x0a, 0x00, 0x00, 0x00, 0x00, 0x00, 0x00, 0x00, 0xff, 0xff, 0xff, 0xff, 0x00, 0x00, 0x00, 0x00
.byte 0x40, 0x00, 0x00, 0x00
.long _sym_00b996a4
.globl _sym_00b996a4
_sym_00b996a4:
.byte 0x00, 0x00, 0x00, 0x00, 0x01, 0x00, 0x00, 0x00, 0x0b, 0x00, 0x00, 0x00
.long _sym_00b996b4
.globl _sym_00b996b4
_sym_00b996b4:
.long _sym_00b99688
.long _sym_00b92808
.long _sym_00b92860
.long _sym_00b9267c
.long _sym_00b92698
.long _sym_00b9277c
.long _sym_00b92798
.long _sym_00b927b4
.long _sym_00b927d0
.long _sym_00b927ec
.long _sym_00b928b0
.byte 0x00, 0x00, 0x00, 0x00
.globl _sym_00b996e4
_sym_00b996e4:
.byte 0x00, 0x00, 0x00, 0x00, 0x00, 0x00, 0x00, 0x00, 0x00, 0x00, 0x00, 0x00
.long _sym_00c0fe38
.long _sym_00b99644
.globl _sym_00b996f8
_sym_00b996f8:
.byte 0x00, 0x00, 0x00, 0x00, 0x00, 0x00, 0x00, 0x00, 0x00, 0x00, 0x00, 0x00
.long _sym_00c0fea8
.long _sym_00b996a4
.globl _sym_00b9970c
_sym_00b9970c:
.byte 0x00, 0x00, 0x00, 0x00, 0x00, 0x00, 0x00, 0x00, 0x00, 0x00, 0x00, 0x00
.long _sym_00c0ff18
.long _sym_00b99720
.globl _sym_00b99720
_sym_00b99720:
.byte 0x00, 0x00, 0x00, 0x00, 0x01, 0x00, 0x00, 0x00, 0x09, 0x00, 0x00, 0x00
.long _sym_00b99730
.globl _sym_00b99730
_sym_00b99730:
.long _sym_00b99758
.long _sym_00b93dc0
.long _sym_00b93e10
.long _sym_00b93e5c
.long _sym_00b93f30
.long _sym_00b92584
.long _sym_00b925a0
.long _sym_00b93f4c
.long _sym_00b93f68
.byte 0x00, 0x00, 0x00, 0x00
.globl _sym_00b99758
_sym_00b99758:
.long _sym_00c0ff18
.byte 0x08, 0x00, 0x00, 0x00, 0x00, 0x00, 0x00, 0x00, 0xff, 0xff, 0xff, 0xff, 0x00, 0x00, 0x00, 0x00
.byte 0x40, 0x00, 0x00, 0x00
.long _sym_00b99720
.globl _sym_00b99774
_sym_00b99774:
.byte 0x00, 0x00, 0x00, 0x00, 0x00, 0x00, 0x00, 0x00, 0x00, 0x00, 0x00, 0x00
.long _sym_00c0ff88
.long _sym_00b99788
.globl _sym_00b99788
_sym_00b99788:
.byte 0x00, 0x00, 0x00, 0x00, 0x01, 0x00, 0x00, 0x00, 0x0d, 0x00, 0x00, 0x00
.long _sym_00b99798
.globl _sym_00b99798
_sym_00b99798:
.long _sym_00b997d0
.long _sym_00b997ec
.long _sym_00b9984c
.long _sym_00b92808
.long _sym_00b92860
.long _sym_00b9267c
.long _sym_00b92698
.long _sym_00b9277c
.long _sym_00b92798
.long _sym_00b927b4
.long _sym_00b927d0
.long _sym_00b927ec
.long _sym_00b928b0
.byte 0x00, 0x00, 0x00, 0x00
.globl _sym_00b997d0
_sym_00b997d0:
.long _sym_00c0ff88
.byte 0x0c, 0x00, 0x00, 0x00, 0x00, 0x00, 0x00, 0x00, 0xff, 0xff, 0xff, 0xff, 0x00, 0x00, 0x00, 0x00
.byte 0x40, 0x00, 0x00, 0x00
.long _sym_00b99788
.globl _sym_00b997ec
_sym_00b997ec:
.long _sym_00c0fff0
.byte 0x0b, 0x00, 0x00, 0x00, 0x00, 0x00, 0x00, 0x00, 0xff, 0xff, 0xff, 0xff, 0x00, 0x00, 0x00, 0x00
.byte 0x40, 0x00, 0x00, 0x00
.long _sym_00b99808
.globl _sym_00b99808
_sym_00b99808:
.byte 0x00, 0x00, 0x00, 0x00, 0x01, 0x00, 0x00, 0x00, 0x0c, 0x00, 0x00, 0x00
.long _sym_00b99818
.globl _sym_00b99818
_sym_00b99818:
.long _sym_00b997ec
.long _sym_00b9984c
.long _sym_00b92808
.long _sym_00b92860
.long _sym_00b9267c
.long _sym_00b92698
.long _sym_00b9277c
.long _sym_00b92798
.long _sym_00b927b4
.long _sym_00b927d0
.long _sym_00b927ec
.long _sym_00b928b0
.byte 0x00, 0x00, 0x00, 0x00
.globl _sym_00b9984c
_sym_00b9984c:
.long _sym_00c10058
.byte 0x0a, 0x00, 0x00, 0x00, 0x00, 0x00, 0x00, 0x00, 0xff, 0xff, 0xff, 0xff, 0x00, 0x00, 0x00, 0x00
.byte 0x40, 0x00, 0x00, 0x00
.long _sym_00b99868
.globl _sym_00b99868
_sym_00b99868:
.byte 0x00, 0x00, 0x00, 0x00, 0x01, 0x00, 0x00, 0x00, 0x0b, 0x00, 0x00, 0x00
.long _sym_00b99878
.globl _sym_00b99878
_sym_00b99878:
.long _sym_00b9984c
.long _sym_00b92808
.long _sym_00b92860
.long _sym_00b9267c
.long _sym_00b92698
.long _sym_00b9277c
.long _sym_00b92798
.long _sym_00b927b4
.long _sym_00b927d0
.long _sym_00b927ec
.long _sym_00b928b0
.byte 0x00, 0x00, 0x00, 0x00
.globl _sym_00b998a8
_sym_00b998a8:
.byte 0x00, 0x00, 0x00, 0x00, 0x00, 0x00, 0x00, 0x00, 0x00, 0x00, 0x00, 0x00
.long _sym_00c0fff0
.long _sym_00b99808
.globl _sym_00b998bc
_sym_00b998bc:
.byte 0x00, 0x00, 0x00, 0x00, 0x00, 0x00, 0x00, 0x00, 0x00, 0x00, 0x00, 0x00
.long _sym_00c10058
.long _sym_00b99868
.globl _sym_00b998d0
_sym_00b998d0:
.byte 0x00, 0x00, 0x00, 0x00, 0x00, 0x00, 0x00, 0x00, 0x00, 0x00, 0x00, 0x00
.long _sym_00c100c0
.long _sym_00b998e4
.globl _sym_00b998e4
_sym_00b998e4:
.byte 0x00, 0x00, 0x00, 0x00, 0x01, 0x00, 0x00, 0x00, 0x09, 0x00, 0x00, 0x00
.long _sym_00b998f4
.globl _sym_00b998f4
_sym_00b998f4:
.long _sym_00b9991c
.long _sym_00b93dc0
.long _sym_00b93e10
.long _sym_00b93e5c
.long _sym_00b93f30
.long _sym_00b92584
.long _sym_00b925a0
.long _sym_00b93f4c
.long _sym_00b93f68
.byte 0x00, 0x00, 0x00, 0x00
.globl _sym_00b9991c
_sym_00b9991c:
.long _sym_00c100c0
.byte 0x08, 0x00, 0x00, 0x00, 0x00, 0x00, 0x00, 0x00, 0xff, 0xff, 0xff, 0xff, 0x00, 0x00, 0x00, 0x00
.byte 0x40, 0x00, 0x00, 0x00
.long _sym_00b998e4
.globl _sym_00b99938
_sym_00b99938:
.byte 0x00, 0x00, 0x00, 0x00, 0x00, 0x00, 0x00, 0x00, 0x00, 0x00, 0x00, 0x00
.long _sym_00c10128
.long _sym_00b9994c
.globl _sym_00b9994c
_sym_00b9994c:
.byte 0x00, 0x00, 0x00, 0x00, 0x00, 0x00, 0x00, 0x00, 0x02, 0x00, 0x00, 0x00
.long _sym_00b9995c
.globl _sym_00b9995c
_sym_00b9995c:
.long _sym_00b99968
.long _sym_00b9292c
.byte 0x00, 0x00, 0x00, 0x00
.globl _sym_00b99968
_sym_00b99968:
.long _sym_00c10128
.byte 0x01, 0x00, 0x00, 0x00, 0x00, 0x00, 0x00, 0x00, 0xff, 0xff, 0xff, 0xff, 0x00, 0x00, 0x00, 0x00
.byte 0x40, 0x00, 0x00, 0x00
.long _sym_00b9994c
.globl _sym_00b99984
_sym_00b99984:
.byte 0x00, 0x00, 0x00, 0x00, 0x00, 0x00, 0x00, 0x00, 0x00, 0x00, 0x00, 0x00
.long _sym_00c101a8
.long _sym_00b99998
.globl _sym_00b99998
_sym_00b99998:
.byte 0x00, 0x00, 0x00, 0x00, 0x01, 0x00, 0x00, 0x00, 0x0c, 0x00, 0x00, 0x00
.long _sym_00b999a8
.globl _sym_00b999a8
_sym_00b999a8:
.long _sym_00b999dc
.long _sym_00b999f8
.long _sym_00b92808
.long _sym_00b92860
.long _sym_00b9267c
.long _sym_00b92698
.long _sym_00b9277c
.long _sym_00b92798
.long _sym_00b927b4
.long _sym_00b927d0
.long _sym_00b927ec
.long _sym_00b928b0
.byte 0x00, 0x00, 0x00, 0x00
.globl _sym_00b999dc
_sym_00b999dc:
.long _sym_00c101a8
.byte 0x0b, 0x00, 0x00, 0x00, 0x00, 0x00, 0x00, 0x00, 0xff, 0xff, 0xff, 0xff, 0x00, 0x00, 0x00, 0x00
.byte 0x40, 0x00, 0x00, 0x00
.long _sym_00b99998
.globl _sym_00b999f8
_sym_00b999f8:
.long _sym_00c101f8
.byte 0x0a, 0x00, 0x00, 0x00, 0x00, 0x00, 0x00, 0x00, 0xff, 0xff, 0xff, 0xff, 0x00, 0x00, 0x00, 0x00
.byte 0x40, 0x00, 0x00, 0x00
.long _sym_00b99a14
.globl _sym_00b99a14
_sym_00b99a14:
.byte 0x00, 0x00, 0x00, 0x00, 0x01, 0x00, 0x00, 0x00, 0x0b, 0x00, 0x00, 0x00
.long _sym_00b99a24
.globl _sym_00b99a24
_sym_00b99a24:
.long _sym_00b999f8
.long _sym_00b92808
.long _sym_00b92860
.long _sym_00b9267c
.long _sym_00b92698
.long _sym_00b9277c
.long _sym_00b92798
.long _sym_00b927b4
.long _sym_00b927d0
.long _sym_00b927ec
.long _sym_00b928b0
.byte 0x00, 0x00, 0x00, 0x00
.globl _sym_00b99a54
_sym_00b99a54:
.byte 0x00, 0x00, 0x00, 0x00, 0x00, 0x00, 0x00, 0x00, 0x00, 0x00, 0x00, 0x00
.long _sym_00c101f8
.long _sym_00b99a14
.globl _sym_00b99a68
_sym_00b99a68:
.byte 0x00, 0x00, 0x00, 0x00, 0x00, 0x00, 0x00, 0x00, 0x00, 0x00, 0x00, 0x00
.long _sym_00c10248
.long _sym_00b99a7c
.globl _sym_00b99a7c
_sym_00b99a7c:
.byte 0x00, 0x00, 0x00, 0x00, 0x01, 0x00, 0x00, 0x00, 0x0d, 0x00, 0x00, 0x00
.long _sym_00b99a8c
.globl _sym_00b99a8c
_sym_00b99a8c:
.long _sym_00b99ac4
.long _sym_00b99ae0
.long _sym_00b99b40
.long _sym_00b92808
.long _sym_00b92860
.long _sym_00b9267c
.long _sym_00b92698
.long _sym_00b9277c
.long _sym_00b92798
.long _sym_00b927b4
.long _sym_00b927d0
.long _sym_00b927ec
.long _sym_00b928b0
.byte 0x00, 0x00, 0x00, 0x00
.globl _sym_00b99ac4
_sym_00b99ac4:
.long _sym_00c10248
.byte 0x0c, 0x00, 0x00, 0x00, 0x00, 0x00, 0x00, 0x00, 0xff, 0xff, 0xff, 0xff, 0x00, 0x00, 0x00, 0x00
.byte 0x40, 0x00, 0x00, 0x00
.long _sym_00b99a7c
.globl _sym_00b99ae0
_sym_00b99ae0:
.long _sym_00c102b0
.byte 0x0b, 0x00, 0x00, 0x00, 0x00, 0x00, 0x00, 0x00, 0xff, 0xff, 0xff, 0xff, 0x00, 0x00, 0x00, 0x00
.byte 0x40, 0x00, 0x00, 0x00
.long _sym_00b99afc
.globl _sym_00b99afc
_sym_00b99afc:
.byte 0x00, 0x00, 0x00, 0x00, 0x01, 0x00, 0x00, 0x00, 0x0c, 0x00, 0x00, 0x00
.long _sym_00b99b0c
.globl _sym_00b99b0c
_sym_00b99b0c:
.long _sym_00b99ae0
.long _sym_00b99b40
.long _sym_00b92808
.long _sym_00b92860
.long _sym_00b9267c
.long _sym_00b92698
.long _sym_00b9277c
.long _sym_00b92798
.long _sym_00b927b4
.long _sym_00b927d0
.long _sym_00b927ec
.long _sym_00b928b0
.byte 0x00, 0x00, 0x00, 0x00
.globl _sym_00b99b40
_sym_00b99b40:
.long _sym_00c10318
.byte 0x0a, 0x00, 0x00, 0x00, 0x00, 0x00, 0x00, 0x00, 0xff, 0xff, 0xff, 0xff, 0x00, 0x00, 0x00, 0x00
.byte 0x40, 0x00, 0x00, 0x00
.long _sym_00b99b5c
.globl _sym_00b99b5c
_sym_00b99b5c:
.byte 0x00, 0x00, 0x00, 0x00, 0x01, 0x00, 0x00, 0x00, 0x0b, 0x00, 0x00, 0x00
.long _sym_00b99b6c
.globl _sym_00b99b6c
_sym_00b99b6c:
.long _sym_00b99b40
.long _sym_00b92808
.long _sym_00b92860
.long _sym_00b9267c
.long _sym_00b92698
.long _sym_00b9277c
.long _sym_00b92798
.long _sym_00b927b4
.long _sym_00b927d0
.long _sym_00b927ec
.long _sym_00b928b0
.byte 0x00, 0x00, 0x00, 0x00
.globl _sym_00b99b9c
_sym_00b99b9c:
.byte 0x00, 0x00, 0x00, 0x00, 0x00, 0x00, 0x00, 0x00, 0x00, 0x00, 0x00, 0x00
.long _sym_00c102b0
.long _sym_00b99afc
.globl _sym_00b99bb0
_sym_00b99bb0:
.byte 0x00, 0x00, 0x00, 0x00, 0x00, 0x00, 0x00, 0x00, 0x00, 0x00, 0x00, 0x00
.long _sym_00c10318
.long _sym_00b99b5c
.globl _sym_00b99bc4
_sym_00b99bc4:
.long _sym_00c1037c
.byte 0x02, 0x00, 0x00, 0x00, 0x00, 0x00, 0x00, 0x00, 0xff, 0xff, 0xff, 0xff, 0x00, 0x00, 0x00, 0x00
.byte 0x40, 0x00, 0x00, 0x00
.long _sym_00b99be0
.globl _sym_00b99be0
_sym_00b99be0:
.byte 0x00, 0x00, 0x00, 0x00, 0x00, 0x00, 0x00, 0x00, 0x03, 0x00, 0x00, 0x00
.long _sym_00b99bf0
.globl _sym_00b99bf0
_sym_00b99bf0:
.long _sym_00b99bc4
.long _sym_00b92584
.long _sym_00b925a0
.byte 0x00, 0x00, 0x00, 0x00
.globl _sym_00b99c00
_sym_00b99c00:
.byte 0x00, 0x00, 0x00, 0x00, 0x00, 0x00, 0x00, 0x00, 0x00, 0x00, 0x00, 0x00
.long _sym_00c1037c
.long _sym_00b99be0
.globl _sym_00b99c14
_sym_00b99c14:
.byte 0x00, 0x00, 0x00, 0x00, 0x00, 0x00, 0x00, 0x00, 0x00, 0x00, 0x00, 0x00
.long _sym_00c103b0
.long _sym_00b99c28
.globl _sym_00b99c28
_sym_00b99c28:
.byte 0x00, 0x00, 0x00, 0x00, 0x01, 0x00, 0x00, 0x00, 0x09, 0x00, 0x00, 0x00
.long _sym_00b99c38
.globl _sym_00b99c38
_sym_00b99c38:
.long _sym_00b99c60
.long _sym_00b93dc0
.long _sym_00b93e10
.long _sym_00b93e5c
.long _sym_00b93f30
.long _sym_00b92584
.long _sym_00b925a0
.long _sym_00b93f4c
.long _sym_00b93f68
.byte 0x00, 0x00, 0x00, 0x00
.globl _sym_00b99c60
_sym_00b99c60:
.long _sym_00c103b0
.byte 0x08, 0x00, 0x00, 0x00, 0x00, 0x00, 0x00, 0x00, 0xff, 0xff, 0xff, 0xff, 0x00, 0x00, 0x00, 0x00
.byte 0x40, 0x00, 0x00, 0x00
.long _sym_00b99c28
.globl _sym_00b99c7c
_sym_00b99c7c:
.byte 0x00, 0x00, 0x00, 0x00, 0x00, 0x00, 0x00, 0x00, 0x00, 0x00, 0x00, 0x00
.long _sym_00c10418
.long _sym_00b99c90
.globl _sym_00b99c90
_sym_00b99c90:
.byte 0x00, 0x00, 0x00, 0x00, 0x01, 0x00, 0x00, 0x00, 0x0d, 0x00, 0x00, 0x00
.long _sym_00b99ca0
.globl _sym_00b99ca0
_sym_00b99ca0:
.long _sym_00b99cd8
.long _sym_00b99cf4
.long _sym_00b99d54
.long _sym_00b92808
.long _sym_00b92860
.long _sym_00b9267c
.long _sym_00b92698
.long _sym_00b9277c
.long _sym_00b92798
.long _sym_00b927b4
.long _sym_00b927d0
.long _sym_00b927ec
.long _sym_00b928b0
.byte 0x00, 0x00, 0x00, 0x00
.globl _sym_00b99cd8
_sym_00b99cd8:
.long _sym_00c10418
.byte 0x0c, 0x00, 0x00, 0x00, 0x00, 0x00, 0x00, 0x00, 0xff, 0xff, 0xff, 0xff, 0x00, 0x00, 0x00, 0x00
.byte 0x40, 0x00, 0x00, 0x00
.long _sym_00b99c90
.globl _sym_00b99cf4
_sym_00b99cf4:
.long _sym_00c10490
.byte 0x0b, 0x00, 0x00, 0x00, 0x00, 0x00, 0x00, 0x00, 0xff, 0xff, 0xff, 0xff, 0x00, 0x00, 0x00, 0x00
.byte 0x40, 0x00, 0x00, 0x00
.long _sym_00b99d10
.globl _sym_00b99d10
_sym_00b99d10:
.byte 0x00, 0x00, 0x00, 0x00, 0x01, 0x00, 0x00, 0x00, 0x0c, 0x00, 0x00, 0x00
.long _sym_00b99d20
.globl _sym_00b99d20
_sym_00b99d20:
.long _sym_00b99cf4
.long _sym_00b99d54
.long _sym_00b92808
.long _sym_00b92860
.long _sym_00b9267c
.long _sym_00b92698
.long _sym_00b9277c
.long _sym_00b92798
.long _sym_00b927b4
.long _sym_00b927d0
.long _sym_00b927ec
.long _sym_00b928b0
.byte 0x00, 0x00, 0x00, 0x00
.globl _sym_00b99d54
_sym_00b99d54:
.long _sym_00c10508
.byte 0x0a, 0x00, 0x00, 0x00, 0x00, 0x00, 0x00, 0x00, 0xff, 0xff, 0xff, 0xff, 0x00, 0x00, 0x00, 0x00
.byte 0x40, 0x00, 0x00, 0x00
.long _sym_00b99d70
.globl _sym_00b99d70
_sym_00b99d70:
.byte 0x00, 0x00, 0x00, 0x00, 0x01, 0x00, 0x00, 0x00, 0x0b, 0x00, 0x00, 0x00
.long _sym_00b99d80
.globl _sym_00b99d80
_sym_00b99d80:
.long _sym_00b99d54
.long _sym_00b92808
.long _sym_00b92860
.long _sym_00b9267c
.long _sym_00b92698
.long _sym_00b9277c
.long _sym_00b92798
.long _sym_00b927b4
.long _sym_00b927d0
.long _sym_00b927ec
.long _sym_00b928b0
.byte 0x00, 0x00, 0x00, 0x00
.globl _sym_00b99db0
_sym_00b99db0:
.byte 0x00, 0x00, 0x00, 0x00, 0x00, 0x00, 0x00, 0x00, 0x00, 0x00, 0x00, 0x00
.long _sym_00c10490
.long _sym_00b99d10
.globl _sym_00b99dc4
_sym_00b99dc4:
.byte 0x00, 0x00, 0x00, 0x00, 0x00, 0x00, 0x00, 0x00, 0x00, 0x00, 0x00, 0x00
.long _sym_00c10508
.long _sym_00b99d70
.globl _sym_00b99dd8
_sym_00b99dd8:
.byte 0x00, 0x00, 0x00, 0x00, 0x00, 0x00, 0x00, 0x00, 0x00, 0x00, 0x00, 0x00
.long _sym_00c10580
.long _sym_00b99dec
.globl _sym_00b99dec
_sym_00b99dec:
.byte 0x00, 0x00, 0x00, 0x00, 0x01, 0x00, 0x00, 0x00, 0x09, 0x00, 0x00, 0x00
.long _sym_00b99dfc
.globl _sym_00b99dfc
_sym_00b99dfc:
.long _sym_00b99e24
.long _sym_00b93dc0
.long _sym_00b93e10
.long _sym_00b93e5c
.long _sym_00b93f30
.long _sym_00b92584
.long _sym_00b925a0
.long _sym_00b93f4c
.long _sym_00b93f68
.byte 0x00, 0x00, 0x00, 0x00
.globl _sym_00b99e24
_sym_00b99e24:
.long _sym_00c10580
.byte 0x08, 0x00, 0x00, 0x00, 0x00, 0x00, 0x00, 0x00, 0xff, 0xff, 0xff, 0xff, 0x00, 0x00, 0x00, 0x00
.byte 0x40, 0x00, 0x00, 0x00
.long _sym_00b99dec
.globl _sym_00b99e40
_sym_00b99e40:
.byte 0x00, 0x00, 0x00, 0x00, 0x00, 0x00, 0x00, 0x00, 0x00, 0x00, 0x00, 0x00
.long _sym_00c10600
.long _sym_00b99e54
.globl _sym_00b99e54
_sym_00b99e54:
.byte 0x00, 0x00, 0x00, 0x00, 0x01, 0x00, 0x00, 0x00, 0x0d, 0x00, 0x00, 0x00
.long _sym_00b99e64
.globl _sym_00b99e64
_sym_00b99e64:
.long _sym_00b99e9c
.long _sym_00b99eb8
.long _sym_00b99f18
.long _sym_00b92808
.long _sym_00b92860
.long _sym_00b9267c
.long _sym_00b92698
.long _sym_00b9277c
.long _sym_00b92798
.long _sym_00b927b4
.long _sym_00b927d0
.long _sym_00b927ec
.long _sym_00b928b0
.byte 0x00, 0x00, 0x00, 0x00
.globl _sym_00b99e9c
_sym_00b99e9c:
.long _sym_00c10600
.byte 0x0c, 0x00, 0x00, 0x00, 0x00, 0x00, 0x00, 0x00, 0xff, 0xff, 0xff, 0xff, 0x00, 0x00, 0x00, 0x00
.byte 0x40, 0x00, 0x00, 0x00
.long _sym_00b99e54
.globl _sym_00b99eb8
_sym_00b99eb8:
.long _sym_00c10650
.byte 0x0b, 0x00, 0x00, 0x00, 0x00, 0x00, 0x00, 0x00, 0xff, 0xff, 0xff, 0xff, 0x00, 0x00, 0x00, 0x00
.byte 0x40, 0x00, 0x00, 0x00
.long _sym_00b99ed4
.globl _sym_00b99ed4
_sym_00b99ed4:
.byte 0x00, 0x00, 0x00, 0x00, 0x01, 0x00, 0x00, 0x00, 0x0c, 0x00, 0x00, 0x00
.long _sym_00b99ee4
.globl _sym_00b99ee4
_sym_00b99ee4:
.long _sym_00b99eb8
.long _sym_00b99f18
.long _sym_00b92808
.long _sym_00b92860
.long _sym_00b9267c
.long _sym_00b92698
.long _sym_00b9277c
.long _sym_00b92798
.long _sym_00b927b4
.long _sym_00b927d0
.long _sym_00b927ec
.long _sym_00b928b0
.byte 0x00, 0x00, 0x00, 0x00
.globl _sym_00b99f18
_sym_00b99f18:
.long _sym_00c106a0
.byte 0x0a, 0x00, 0x00, 0x00, 0x00, 0x00, 0x00, 0x00, 0xff, 0xff, 0xff, 0xff, 0x00, 0x00, 0x00, 0x00
.byte 0x40, 0x00, 0x00, 0x00
.long _sym_00b99f34
.globl _sym_00b99f34
_sym_00b99f34:
.byte 0x00, 0x00, 0x00, 0x00, 0x01, 0x00, 0x00, 0x00, 0x0b, 0x00, 0x00, 0x00
.long _sym_00b99f44
.globl _sym_00b99f44
_sym_00b99f44:
.long _sym_00b99f18
.long _sym_00b92808
.long _sym_00b92860
.long _sym_00b9267c
.long _sym_00b92698
.long _sym_00b9277c
.long _sym_00b92798
.long _sym_00b927b4
.long _sym_00b927d0
.long _sym_00b927ec
.long _sym_00b928b0
.byte 0x00, 0x00, 0x00, 0x00
.globl _sym_00b99f74
_sym_00b99f74:
.byte 0x00, 0x00, 0x00, 0x00, 0x00, 0x00, 0x00, 0x00, 0x00, 0x00, 0x00, 0x00
.long _sym_00c10650
.long _sym_00b99ed4
.globl _sym_00b99f88
_sym_00b99f88:
.byte 0x00, 0x00, 0x00, 0x00, 0x00, 0x00, 0x00, 0x00, 0x00, 0x00, 0x00, 0x00
.long _sym_00c106a0
.long _sym_00b99f34
.globl _sym_00b99f9c
_sym_00b99f9c:
.byte 0x00, 0x00, 0x00, 0x00, 0x00, 0x00, 0x00, 0x00, 0x00, 0x00, 0x00, 0x00
.long _sym_00c106f0
.long _sym_00b99fb0
.globl _sym_00b99fb0
_sym_00b99fb0:
.byte 0x00, 0x00, 0x00, 0x00, 0x01, 0x00, 0x00, 0x00, 0x0d, 0x00, 0x00, 0x00
.long _sym_00b99fc0
.globl _sym_00b99fc0
_sym_00b99fc0:
.long _sym_00b99ff8
.long _sym_00b9a014
.long _sym_00b9a074
.long _sym_00b92808
.long _sym_00b92860
.long _sym_00b9267c
.long _sym_00b92698
.long _sym_00b9277c
.long _sym_00b92798
.long _sym_00b927b4
.long _sym_00b927d0
.long _sym_00b927ec
.long _sym_00b928b0
.byte 0x00, 0x00, 0x00, 0x00
.globl _sym_00b99ff8
_sym_00b99ff8:
.long _sym_00c106f0
.byte 0x0c, 0x00, 0x00, 0x00, 0x00, 0x00, 0x00, 0x00, 0xff, 0xff, 0xff, 0xff, 0x00, 0x00, 0x00, 0x00
.byte 0x40, 0x00, 0x00, 0x00
.long _sym_00b99fb0
.globl _sym_00b9a014
_sym_00b9a014:
.long _sym_00c10738
.byte 0x0b, 0x00, 0x00, 0x00, 0x00, 0x00, 0x00, 0x00, 0xff, 0xff, 0xff, 0xff, 0x00, 0x00, 0x00, 0x00
.byte 0x40, 0x00, 0x00, 0x00
.long _sym_00b9a030
.globl _sym_00b9a030
_sym_00b9a030:
.byte 0x00, 0x00, 0x00, 0x00, 0x01, 0x00, 0x00, 0x00, 0x0c, 0x00, 0x00, 0x00
.long _sym_00b9a040
.globl _sym_00b9a040
_sym_00b9a040:
.long _sym_00b9a014
.long _sym_00b9a074
.long _sym_00b92808
.long _sym_00b92860
.long _sym_00b9267c
.long _sym_00b92698
.long _sym_00b9277c
.long _sym_00b92798
.long _sym_00b927b4
.long _sym_00b927d0
.long _sym_00b927ec
.long _sym_00b928b0
.byte 0x00, 0x00, 0x00, 0x00
.globl _sym_00b9a074
_sym_00b9a074:
.long _sym_00c10780
.byte 0x0a, 0x00, 0x00, 0x00, 0x00, 0x00, 0x00, 0x00, 0xff, 0xff, 0xff, 0xff, 0x00, 0x00, 0x00, 0x00
.byte 0x40, 0x00, 0x00, 0x00
.long _sym_00b9a090
.globl _sym_00b9a090
_sym_00b9a090:
.byte 0x00, 0x00, 0x00, 0x00, 0x01, 0x00, 0x00, 0x00, 0x0b, 0x00, 0x00, 0x00
.long _sym_00b9a0a0
.globl _sym_00b9a0a0
_sym_00b9a0a0:
.long _sym_00b9a074
.long _sym_00b92808
.long _sym_00b92860
.long _sym_00b9267c
.long _sym_00b92698
.long _sym_00b9277c
.long _sym_00b92798
.long _sym_00b927b4
.long _sym_00b927d0
.long _sym_00b927ec
.long _sym_00b928b0
.byte 0x00, 0x00, 0x00, 0x00
.globl _sym_00b9a0d0
_sym_00b9a0d0:
.byte 0x00, 0x00, 0x00, 0x00, 0x00, 0x00, 0x00, 0x00, 0x00, 0x00, 0x00, 0x00
.long _sym_00c10738
.long _sym_00b9a030
.globl _sym_00b9a0e4
_sym_00b9a0e4:
.byte 0x00, 0x00, 0x00, 0x00, 0x00, 0x00, 0x00, 0x00, 0x00, 0x00, 0x00, 0x00
.long _sym_00c10780
.long _sym_00b9a090
.globl _sym_00b9a0f8
_sym_00b9a0f8:
.byte 0x00, 0x00, 0x00, 0x00, 0x00, 0x00, 0x00, 0x00, 0x00, 0x00, 0x00, 0x00
.long _sym_00c107c8
.long _sym_00b9a10c
.globl _sym_00b9a10c
_sym_00b9a10c:
.byte 0x00, 0x00, 0x00, 0x00, 0x01, 0x00, 0x00, 0x00, 0x09, 0x00, 0x00, 0x00
.long _sym_00b9a11c
.globl _sym_00b9a11c
_sym_00b9a11c:
.long _sym_00b9a144
.long _sym_00b93dc0
.long _sym_00b93e10
.long _sym_00b93e5c
.long _sym_00b93f30
.long _sym_00b92584
.long _sym_00b925a0
.long _sym_00b93f4c
.long _sym_00b93f68
.byte 0x00, 0x00, 0x00, 0x00
.globl _sym_00b9a144
_sym_00b9a144:
.long _sym_00c107c8
.byte 0x08, 0x00, 0x00, 0x00, 0x00, 0x00, 0x00, 0x00, 0xff, 0xff, 0xff, 0xff, 0x00, 0x00, 0x00, 0x00
.byte 0x40, 0x00, 0x00, 0x00
.long _sym_00b9a10c
.globl _sym_00b9a160
_sym_00b9a160:
.byte 0x00, 0x00, 0x00, 0x00, 0x00, 0x00, 0x00, 0x00, 0x00, 0x00, 0x00, 0x00
.long _sym_00c10868
.long _sym_00b9a174
.globl _sym_00b9a174
_sym_00b9a174:
.byte 0x00, 0x00, 0x00, 0x00, 0x01, 0x00, 0x00, 0x00, 0x0d, 0x00, 0x00, 0x00
.long _sym_00b9a184
.globl _sym_00b9a184
_sym_00b9a184:
.long _sym_00b9a1bc
.long _sym_00b9a1d8
.long _sym_00b9a238
.long _sym_00b92808
.long _sym_00b92860
.long _sym_00b9267c
.long _sym_00b92698
.long _sym_00b9277c
.long _sym_00b92798
.long _sym_00b927b4
.long _sym_00b927d0
.long _sym_00b927ec
.long _sym_00b928b0
.byte 0x00, 0x00, 0x00, 0x00
.globl _sym_00b9a1bc
_sym_00b9a1bc:
.long _sym_00c10868
.byte 0x0c, 0x00, 0x00, 0x00, 0x00, 0x00, 0x00, 0x00, 0xff, 0xff, 0xff, 0xff, 0x00, 0x00, 0x00, 0x00
.byte 0x40, 0x00, 0x00, 0x00
.long _sym_00b9a174
.globl _sym_00b9a1d8
_sym_00b9a1d8:
.long _sym_00c108b8
.byte 0x0b, 0x00, 0x00, 0x00, 0x00, 0x00, 0x00, 0x00, 0xff, 0xff, 0xff, 0xff, 0x00, 0x00, 0x00, 0x00
.byte 0x40, 0x00, 0x00, 0x00
.long _sym_00b9a1f4
.globl _sym_00b9a1f4
_sym_00b9a1f4:
.byte 0x00, 0x00, 0x00, 0x00, 0x01, 0x00, 0x00, 0x00, 0x0c, 0x00, 0x00, 0x00
.long _sym_00b9a204
.globl _sym_00b9a204
_sym_00b9a204:
.long _sym_00b9a1d8
.long _sym_00b9a238
.long _sym_00b92808
.long _sym_00b92860
.long _sym_00b9267c
.long _sym_00b92698
.long _sym_00b9277c
.long _sym_00b92798
.long _sym_00b927b4
.long _sym_00b927d0
.long _sym_00b927ec
.long _sym_00b928b0
.byte 0x00, 0x00, 0x00, 0x00
.globl _sym_00b9a238
_sym_00b9a238:
.long _sym_00c10908
.byte 0x0a, 0x00, 0x00, 0x00, 0x00, 0x00, 0x00, 0x00, 0xff, 0xff, 0xff, 0xff, 0x00, 0x00, 0x00, 0x00
.byte 0x40, 0x00, 0x00, 0x00
.long _sym_00b9a254
.globl _sym_00b9a254
_sym_00b9a254:
.byte 0x00, 0x00, 0x00, 0x00, 0x01, 0x00, 0x00, 0x00, 0x0b, 0x00, 0x00, 0x00
.long _sym_00b9a264
.globl _sym_00b9a264
_sym_00b9a264:
.long _sym_00b9a238
.long _sym_00b92808
.long _sym_00b92860
.long _sym_00b9267c
.long _sym_00b92698
.long _sym_00b9277c
.long _sym_00b92798
.long _sym_00b927b4
.long _sym_00b927d0
.long _sym_00b927ec
.long _sym_00b928b0
.byte 0x00, 0x00, 0x00, 0x00
.globl _sym_00b9a294
_sym_00b9a294:
.byte 0x00, 0x00, 0x00, 0x00, 0x00, 0x00, 0x00, 0x00, 0x00, 0x00, 0x00, 0x00
.long _sym_00c108b8
.long _sym_00b9a1f4
.globl _sym_00b9a2a8
_sym_00b9a2a8:
.byte 0x00, 0x00, 0x00, 0x00, 0x00, 0x00, 0x00, 0x00, 0x00, 0x00, 0x00, 0x00
.long _sym_00c10908
.long _sym_00b9a254
.globl _sym_00b9a2bc
_sym_00b9a2bc:
.long _sym_00c10954
.byte 0x00, 0x00, 0x00, 0x00, 0x00, 0x00, 0x00, 0x00, 0xff, 0xff, 0xff, 0xff, 0x00, 0x00, 0x00, 0x00
.byte 0x40, 0x00, 0x00, 0x00
.long _sym_00b9a2d8
.globl _sym_00b9a2d8
_sym_00b9a2d8:
.byte 0x00, 0x00, 0x00, 0x00, 0x00, 0x00, 0x00, 0x00, 0x01, 0x00, 0x00, 0x00
.long _sym_00b9a2e8
.globl _sym_00b9a2e8
_sym_00b9a2e8:
.long _sym_00b9a2bc
.byte 0x00, 0x00, 0x00, 0x00
.globl _sym_00b9a2f0
_sym_00b9a2f0:
.long _sym_00c10954
.byte 0x00, 0x00, 0x00, 0x00, 0x04, 0x00, 0x00, 0x00, 0xff, 0xff, 0xff, 0xff, 0x00, 0x00, 0x00, 0x00
.byte 0x40, 0x00, 0x00, 0x00
.long _sym_00b9a2d8
.globl _sym_00b9a30c
_sym_00b9a30c:
.byte 0x00, 0x00, 0x00, 0x00, 0x00, 0x00, 0x00, 0x00, 0x00, 0x00, 0x00, 0x00
.long _sym_00c1097c
.long _sym_00b9a320
.globl _sym_00b9a320
_sym_00b9a320:
.byte 0x00, 0x00, 0x00, 0x00, 0x01, 0x00, 0x00, 0x00, 0x04, 0x00, 0x00, 0x00
.long _sym_00b9a330
.globl _sym_00b9a330
_sym_00b9a330:
.long _sym_00b9a344
.long _sym_00b9a360
.long _sym_00b9a2f0
.long _sym_00b9a408
.byte 0x00, 0x00, 0x00, 0x00
.globl _sym_00b9a344
_sym_00b9a344:
.long _sym_00c1097c
.byte 0x03, 0x00, 0x00, 0x00, 0x00, 0x00, 0x00, 0x00, 0xff, 0xff, 0xff, 0xff, 0x00, 0x00, 0x00, 0x00
.byte 0x40, 0x00, 0x00, 0x00
.long _sym_00b9a320
.globl _sym_00b9a360
_sym_00b9a360:
.long _sym_00c109a8
.byte 0x02, 0x00, 0x00, 0x00, 0x04, 0x00, 0x00, 0x00, 0xff, 0xff, 0xff, 0xff, 0x00, 0x00, 0x00, 0x00
.byte 0x40, 0x00, 0x00, 0x00
.long _sym_00b9a37c
.globl _sym_00b9a37c
_sym_00b9a37c:
.byte 0x00, 0x00, 0x00, 0x00, 0x01, 0x00, 0x00, 0x00, 0x03, 0x00, 0x00, 0x00
.long _sym_00b9a38c
.globl _sym_00b9a38c
_sym_00b9a38c:
.long _sym_00b9a39c
.long _sym_00b9a2bc
.long _sym_00b9a3b8
.byte 0x00, 0x00, 0x00, 0x00
.globl _sym_00b9a39c
_sym_00b9a39c:
.long _sym_00c109a8
.byte 0x02, 0x00, 0x00, 0x00, 0x00, 0x00, 0x00, 0x00, 0xff, 0xff, 0xff, 0xff, 0x00, 0x00, 0x00, 0x00
.byte 0x40, 0x00, 0x00, 0x00
.long _sym_00b9a37c
.globl _sym_00b9a3b8
_sym_00b9a3b8:
.long _sym_00c109f0
.byte 0x00, 0x00, 0x00, 0x00, 0x04, 0x00, 0x00, 0x00, 0xff, 0xff, 0xff, 0xff, 0x00, 0x00, 0x00, 0x00
.byte 0x40, 0x00, 0x00, 0x00
.long _sym_00b9a3d4
.globl _sym_00b9a3d4
_sym_00b9a3d4:
.byte 0x00, 0x00, 0x00, 0x00, 0x00, 0x00, 0x00, 0x00, 0x01, 0x00, 0x00, 0x00
.long _sym_00b9a3e4
.globl _sym_00b9a3e4
_sym_00b9a3e4:
.long _sym_00b9a3ec
.byte 0x00, 0x00, 0x00, 0x00
.globl _sym_00b9a3ec
_sym_00b9a3ec:
.long _sym_00c109f0
.byte 0x00, 0x00, 0x00, 0x00, 0x00, 0x00, 0x00, 0x00, 0xff, 0xff, 0xff, 0xff, 0x00, 0x00, 0x00, 0x00
.byte 0x40, 0x00, 0x00, 0x00
.long _sym_00b9a3d4
.globl _sym_00b9a408
_sym_00b9a408:
.long _sym_00c109f0
.byte 0x00, 0x00, 0x00, 0x00, 0x08, 0x00, 0x00, 0x00, 0xff, 0xff, 0xff, 0xff, 0x00, 0x00, 0x00, 0x00
.byte 0x40, 0x00, 0x00, 0x00
.long _sym_00b9a3d4
.globl _sym_00b9a424
_sym_00b9a424:
.byte 0x00, 0x00, 0x00, 0x00, 0x00, 0x00, 0x00, 0x00, 0x00, 0x00, 0x00, 0x00
.long _sym_00c10a38
.long _sym_00b9a438
.globl _sym_00b9a438
_sym_00b9a438:
.byte 0x00, 0x00, 0x00, 0x00, 0x01, 0x00, 0x00, 0x00, 0x0a, 0x00, 0x00, 0x00
.long _sym_00b9a448
.globl _sym_00b9a448
_sym_00b9a448:
.long _sym_00b9a474
.long _sym_00b97600
.long _sym_00b9267c
.long _sym_00b92698
.long _sym_00b9277c
.long _sym_00b92798
.long _sym_00b927b4
.long _sym_00b927d0
.long _sym_00b927ec
.long _sym_00b97654
.byte 0x00, 0x00, 0x00, 0x00
.globl _sym_00b9a474
_sym_00b9a474:
.long _sym_00c10a38
.byte 0x09, 0x00, 0x00, 0x00, 0x00, 0x00, 0x00, 0x00, 0xff, 0xff, 0xff, 0xff, 0x00, 0x00, 0x00, 0x00
.byte 0x40, 0x00, 0x00, 0x00
.long _sym_00b9a438
.globl _sym_00b9a490
_sym_00b9a490:
.byte 0x00, 0x00, 0x00, 0x00, 0x00, 0x00, 0x00, 0x00, 0x00, 0x00, 0x00, 0x00
.long _sym_00c10a90
.long _sym_00b9a4a4
.globl _sym_00b9a4a4
_sym_00b9a4a4:
.byte 0x00, 0x00, 0x00, 0x00, 0x00, 0x00, 0x00, 0x00, 0x02, 0x00, 0x00, 0x00
.long _sym_00b9a4b4
.globl _sym_00b9a4b4
_sym_00b9a4b4:
.long _sym_00b9a4c0
.long _sym_00b9292c
.byte 0x00, 0x00, 0x00, 0x00
.globl _sym_00b9a4c0
_sym_00b9a4c0:
.long _sym_00c10a90
.byte 0x01, 0x00, 0x00, 0x00, 0x00, 0x00, 0x00, 0x00, 0xff, 0xff, 0xff, 0xff, 0x00, 0x00, 0x00, 0x00
.byte 0x40, 0x00, 0x00, 0x00
.long _sym_00b9a4a4
.globl _sym_00b9a4dc
_sym_00b9a4dc:
.byte 0x00, 0x00, 0x00, 0x00, 0x00, 0x00, 0x00, 0x00, 0x00, 0x00, 0x00, 0x00
.long _sym_00c10b20
.long _sym_00b9a4f0
.globl _sym_00b9a4f0
_sym_00b9a4f0:
.byte 0x00, 0x00, 0x00, 0x00, 0x00, 0x00, 0x00, 0x00, 0x02, 0x00, 0x00, 0x00
.long _sym_00b9a500
.globl _sym_00b9a500
_sym_00b9a500:
.long _sym_00b9a50c
.long _sym_00b9292c
.byte 0x00, 0x00, 0x00, 0x00
.globl _sym_00b9a50c
_sym_00b9a50c:
.long _sym_00c10b20
.byte 0x01, 0x00, 0x00, 0x00, 0x00, 0x00, 0x00, 0x00, 0xff, 0xff, 0xff, 0xff, 0x00, 0x00, 0x00, 0x00
.byte 0x40, 0x00, 0x00, 0x00
.long _sym_00b9a4f0
.globl _sym_00b9a528
_sym_00b9a528:
.byte 0x00, 0x00, 0x00, 0x00, 0x00, 0x00, 0x00, 0x00, 0x00, 0x00, 0x00, 0x00
.long _sym_00c10ba8
.long _sym_00b9a53c
.globl _sym_00b9a53c
_sym_00b9a53c:
.byte 0x00, 0x00, 0x00, 0x00, 0x00, 0x00, 0x00, 0x00, 0x02, 0x00, 0x00, 0x00
.long _sym_00b9a54c
.globl _sym_00b9a54c
_sym_00b9a54c:
.long _sym_00b9a558
.long _sym_00b9292c
.byte 0x00, 0x00, 0x00, 0x00
.globl _sym_00b9a558
_sym_00b9a558:
.long _sym_00c10ba8
.byte 0x01, 0x00, 0x00, 0x00, 0x00, 0x00, 0x00, 0x00, 0xff, 0xff, 0xff, 0xff, 0x00, 0x00, 0x00, 0x00
.byte 0x40, 0x00, 0x00, 0x00
.long _sym_00b9a53c
.globl _sym_00b9a574
_sym_00b9a574:
.byte 0x00, 0x00, 0x00, 0x00, 0x00, 0x00, 0x00, 0x00, 0x00, 0x00, 0x00, 0x00
.long _sym_00c10c28
.long _sym_00b9a588
.globl _sym_00b9a588
_sym_00b9a588:
.byte 0x00, 0x00, 0x00, 0x00, 0x00, 0x00, 0x00, 0x00, 0x02, 0x00, 0x00, 0x00
.long _sym_00b9a598
.globl _sym_00b9a598
_sym_00b9a598:
.long _sym_00b9a5a4
.long _sym_00b9292c
.byte 0x00, 0x00, 0x00, 0x00
.globl _sym_00b9a5a4
_sym_00b9a5a4:
.long _sym_00c10c28
.byte 0x01, 0x00, 0x00, 0x00, 0x00, 0x00, 0x00, 0x00, 0xff, 0xff, 0xff, 0xff, 0x00, 0x00, 0x00, 0x00
.byte 0x40, 0x00, 0x00, 0x00
.long _sym_00b9a588
.globl _sym_00b9a5c0
_sym_00b9a5c0:
.byte 0x00, 0x00, 0x00, 0x00, 0x00, 0x00, 0x00, 0x00, 0x00, 0x00, 0x00, 0x00
.long _sym_00c10cb0
.long _sym_00b9a5d4
.globl _sym_00b9a5d4
_sym_00b9a5d4:
.byte 0x00, 0x00, 0x00, 0x00, 0x00, 0x00, 0x00, 0x00, 0x02, 0x00, 0x00, 0x00
.long _sym_00b9a5e4
.globl _sym_00b9a5e4
_sym_00b9a5e4:
.long _sym_00b9a5f0
.long _sym_00b9292c
.byte 0x00, 0x00, 0x00, 0x00
.globl _sym_00b9a5f0
_sym_00b9a5f0:
.long _sym_00c10cb0
.byte 0x01, 0x00, 0x00, 0x00, 0x00, 0x00, 0x00, 0x00, 0xff, 0xff, 0xff, 0xff, 0x00, 0x00, 0x00, 0x00
.byte 0x40, 0x00, 0x00, 0x00
.long _sym_00b9a5d4
.globl _sym_00b9a60c
_sym_00b9a60c:
.byte 0x00, 0x00, 0x00, 0x00, 0x00, 0x00, 0x00, 0x00, 0x00, 0x00, 0x00, 0x00
.long _sym_00c10d58
.long _sym_00b9a620
.globl _sym_00b9a620
_sym_00b9a620:
.byte 0x00, 0x00, 0x00, 0x00, 0x00, 0x00, 0x00, 0x00, 0x02, 0x00, 0x00, 0x00
.long _sym_00b9a630
.globl _sym_00b9a630
_sym_00b9a630:
.long _sym_00b9a63c
.long _sym_00b9292c
.byte 0x00, 0x00, 0x00, 0x00
.globl _sym_00b9a63c
_sym_00b9a63c:
.long _sym_00c10d58
.byte 0x01, 0x00, 0x00, 0x00, 0x00, 0x00, 0x00, 0x00, 0xff, 0xff, 0xff, 0xff, 0x00, 0x00, 0x00, 0x00
.byte 0x40, 0x00, 0x00, 0x00
.long _sym_00b9a620
.globl _sym_00b9a658
_sym_00b9a658:
.byte 0x00, 0x00, 0x00, 0x00, 0x00, 0x00, 0x00, 0x00, 0x00, 0x00, 0x00, 0x00
.long _sym_00c10df0
.long _sym_00b9a66c
.globl _sym_00b9a66c
_sym_00b9a66c:
.byte 0x00, 0x00, 0x00, 0x00, 0x01, 0x00, 0x00, 0x00, 0x0d, 0x00, 0x00, 0x00
.long _sym_00b9a67c
.globl _sym_00b9a67c
_sym_00b9a67c:
.long _sym_00b9a6b4
.long _sym_00b9a6d0
.long _sym_00b9a730
.long _sym_00b92808
.long _sym_00b92860
.long _sym_00b9267c
.long _sym_00b92698
.long _sym_00b9277c
.long _sym_00b92798
.long _sym_00b927b4
.long _sym_00b927d0
.long _sym_00b927ec
.long _sym_00b928b0
.byte 0x00, 0x00, 0x00, 0x00
.globl _sym_00b9a6b4
_sym_00b9a6b4:
.long _sym_00c10df0
.byte 0x0c, 0x00, 0x00, 0x00, 0x00, 0x00, 0x00, 0x00, 0xff, 0xff, 0xff, 0xff, 0x00, 0x00, 0x00, 0x00
.byte 0x40, 0x00, 0x00, 0x00
.long _sym_00b9a66c
.globl _sym_00b9a6d0
_sym_00b9a6d0:
.long _sym_00c10e48
.byte 0x0b, 0x00, 0x00, 0x00, 0x00, 0x00, 0x00, 0x00, 0xff, 0xff, 0xff, 0xff, 0x00, 0x00, 0x00, 0x00
.byte 0x40, 0x00, 0x00, 0x00
.long _sym_00b9a6ec
.globl _sym_00b9a6ec
_sym_00b9a6ec:
.byte 0x00, 0x00, 0x00, 0x00, 0x01, 0x00, 0x00, 0x00, 0x0c, 0x00, 0x00, 0x00
.long _sym_00b9a6fc
.globl _sym_00b9a6fc
_sym_00b9a6fc:
.long _sym_00b9a6d0
.long _sym_00b9a730
.long _sym_00b92808
.long _sym_00b92860
.long _sym_00b9267c
.long _sym_00b92698
.long _sym_00b9277c
.long _sym_00b92798
.long _sym_00b927b4
.long _sym_00b927d0
.long _sym_00b927ec
.long _sym_00b928b0
.byte 0x00, 0x00, 0x00, 0x00
.globl _sym_00b9a730
_sym_00b9a730:
.long _sym_00c10ea0
.byte 0x0a, 0x00, 0x00, 0x00, 0x00, 0x00, 0x00, 0x00, 0xff, 0xff, 0xff, 0xff, 0x00, 0x00, 0x00, 0x00
.byte 0x40, 0x00, 0x00, 0x00
.long _sym_00b9a74c
.globl _sym_00b9a74c
_sym_00b9a74c:
.byte 0x00, 0x00, 0x00, 0x00, 0x01, 0x00, 0x00, 0x00, 0x0b, 0x00, 0x00, 0x00
.long _sym_00b9a75c
.globl _sym_00b9a75c
_sym_00b9a75c:
.long _sym_00b9a730
.long _sym_00b92808
.long _sym_00b92860
.long _sym_00b9267c
.long _sym_00b92698
.long _sym_00b9277c
.long _sym_00b92798
.long _sym_00b927b4
.long _sym_00b927d0
.long _sym_00b927ec
.long _sym_00b928b0
.byte 0x00, 0x00, 0x00, 0x00
.globl _sym_00b9a78c
_sym_00b9a78c:
.byte 0x00, 0x00, 0x00, 0x00, 0x00, 0x00, 0x00, 0x00, 0x00, 0x00, 0x00, 0x00
.long _sym_00c10e48
.long _sym_00b9a6ec
.globl _sym_00b9a7a0
_sym_00b9a7a0:
.byte 0x00, 0x00, 0x00, 0x00, 0x00, 0x00, 0x00, 0x00, 0x00, 0x00, 0x00, 0x00
.long _sym_00c10ea0
.long _sym_00b9a74c
.globl _sym_00b9a7b4
_sym_00b9a7b4:
.byte 0x00, 0x00, 0x00, 0x00, 0x00, 0x00, 0x00, 0x00, 0x00, 0x00, 0x00, 0x00
.long _sym_00c10ef8
.long _sym_00b9a7c8
.globl _sym_00b9a7c8
_sym_00b9a7c8:
.byte 0x00, 0x00, 0x00, 0x00, 0x01, 0x00, 0x00, 0x00, 0x0d, 0x00, 0x00, 0x00
.long _sym_00b9a7d8
.globl _sym_00b9a7d8
_sym_00b9a7d8:
.long _sym_00b9a810
.long _sym_00b9a82c
.long _sym_00b9a88c
.long _sym_00b92808
.long _sym_00b92860
.long _sym_00b9267c
.long _sym_00b92698
.long _sym_00b9277c
.long _sym_00b92798
.long _sym_00b927b4
.long _sym_00b927d0
.long _sym_00b927ec
.long _sym_00b928b0
.byte 0x00, 0x00, 0x00, 0x00
.globl _sym_00b9a810
_sym_00b9a810:
.long _sym_00c10ef8
.byte 0x0c, 0x00, 0x00, 0x00, 0x00, 0x00, 0x00, 0x00, 0xff, 0xff, 0xff, 0xff, 0x00, 0x00, 0x00, 0x00
.byte 0x40, 0x00, 0x00, 0x00
.long _sym_00b9a7c8
.globl _sym_00b9a82c
_sym_00b9a82c:
.long _sym_00c10f50
.byte 0x0b, 0x00, 0x00, 0x00, 0x00, 0x00, 0x00, 0x00, 0xff, 0xff, 0xff, 0xff, 0x00, 0x00, 0x00, 0x00
.byte 0x40, 0x00, 0x00, 0x00
.long _sym_00b9a848
.globl _sym_00b9a848
_sym_00b9a848:
.byte 0x00, 0x00, 0x00, 0x00, 0x01, 0x00, 0x00, 0x00, 0x0c, 0x00, 0x00, 0x00
.long _sym_00b9a858
.globl _sym_00b9a858
_sym_00b9a858:
.long _sym_00b9a82c
.long _sym_00b9a88c
.long _sym_00b92808
.long _sym_00b92860
.long _sym_00b9267c
.long _sym_00b92698
.long _sym_00b9277c
.long _sym_00b92798
.long _sym_00b927b4
.long _sym_00b927d0
.long _sym_00b927ec
.long _sym_00b928b0
.byte 0x00, 0x00, 0x00, 0x00
.globl _sym_00b9a88c
_sym_00b9a88c:
.long _sym_00c10fa8
.byte 0x0a, 0x00, 0x00, 0x00, 0x00, 0x00, 0x00, 0x00, 0xff, 0xff, 0xff, 0xff, 0x00, 0x00, 0x00, 0x00
.byte 0x40, 0x00, 0x00, 0x00
.long _sym_00b9a8a8
.globl _sym_00b9a8a8
_sym_00b9a8a8:
.byte 0x00, 0x00, 0x00, 0x00, 0x01, 0x00, 0x00, 0x00, 0x0b, 0x00, 0x00, 0x00
.long _sym_00b9a8b8
.globl _sym_00b9a8b8
_sym_00b9a8b8:
.long _sym_00b9a88c
.long _sym_00b92808
.long _sym_00b92860
.long _sym_00b9267c
.long _sym_00b92698
.long _sym_00b9277c
.long _sym_00b92798
.long _sym_00b927b4
.long _sym_00b927d0
.long _sym_00b927ec
.long _sym_00b928b0
.byte 0x00, 0x00, 0x00, 0x00
.globl _sym_00b9a8e8
_sym_00b9a8e8:
.byte 0x00, 0x00, 0x00, 0x00, 0x00, 0x00, 0x00, 0x00, 0x00, 0x00, 0x00, 0x00
.long _sym_00c10f50
.long _sym_00b9a848
.globl _sym_00b9a8fc
_sym_00b9a8fc:
.byte 0x00, 0x00, 0x00, 0x00, 0x00, 0x00, 0x00, 0x00, 0x00, 0x00, 0x00, 0x00
.long _sym_00c10fa8
.long _sym_00b9a8a8
.globl _sym_00b9a910
_sym_00b9a910:
.byte 0x00, 0x00, 0x00, 0x00, 0x00, 0x00, 0x00, 0x00, 0x00, 0x00, 0x00, 0x00
.long _sym_00c11000
.long _sym_00b9a924
.globl _sym_00b9a924
_sym_00b9a924:
.byte 0x00, 0x00, 0x00, 0x00, 0x01, 0x00, 0x00, 0x00, 0x0d, 0x00, 0x00, 0x00
.long _sym_00b9a934
.globl _sym_00b9a934
_sym_00b9a934:
.long _sym_00b9a96c
.long _sym_00b9a988
.long _sym_00b9a9e8
.long _sym_00b92808
.long _sym_00b92860
.long _sym_00b9267c
.long _sym_00b92698
.long _sym_00b9277c
.long _sym_00b92798
.long _sym_00b927b4
.long _sym_00b927d0
.long _sym_00b927ec
.long _sym_00b928b0
.byte 0x00, 0x00, 0x00, 0x00
.globl _sym_00b9a96c
_sym_00b9a96c:
.long _sym_00c11000
.byte 0x0c, 0x00, 0x00, 0x00, 0x00, 0x00, 0x00, 0x00, 0xff, 0xff, 0xff, 0xff, 0x00, 0x00, 0x00, 0x00
.byte 0x40, 0x00, 0x00, 0x00
.long _sym_00b9a924
.globl _sym_00b9a988
_sym_00b9a988:
.long _sym_00c11070
.byte 0x0b, 0x00, 0x00, 0x00, 0x00, 0x00, 0x00, 0x00, 0xff, 0xff, 0xff, 0xff, 0x00, 0x00, 0x00, 0x00
.byte 0x40, 0x00, 0x00, 0x00
.long _sym_00b9a9a4
.globl _sym_00b9a9a4
_sym_00b9a9a4:
.byte 0x00, 0x00, 0x00, 0x00, 0x01, 0x00, 0x00, 0x00, 0x0c, 0x00, 0x00, 0x00
.long _sym_00b9a9b4
.globl _sym_00b9a9b4
_sym_00b9a9b4:
.long _sym_00b9a988
.long _sym_00b9a9e8
.long _sym_00b92808
.long _sym_00b92860
.long _sym_00b9267c
.long _sym_00b92698
.long _sym_00b9277c
.long _sym_00b92798
.long _sym_00b927b4
.long _sym_00b927d0
.long _sym_00b927ec
.long _sym_00b928b0
.byte 0x00, 0x00, 0x00, 0x00
.globl _sym_00b9a9e8
_sym_00b9a9e8:
.long _sym_00c110e0
.byte 0x0a, 0x00, 0x00, 0x00, 0x00, 0x00, 0x00, 0x00, 0xff, 0xff, 0xff, 0xff, 0x00, 0x00, 0x00, 0x00
.byte 0x40, 0x00, 0x00, 0x00
.long _sym_00b9aa04
.globl _sym_00b9aa04
_sym_00b9aa04:
.byte 0x00, 0x00, 0x00, 0x00, 0x01, 0x00, 0x00, 0x00, 0x0b, 0x00, 0x00, 0x00
.long _sym_00b9aa14
.globl _sym_00b9aa14
_sym_00b9aa14:
.long _sym_00b9a9e8
.long _sym_00b92808
.long _sym_00b92860
.long _sym_00b9267c
.long _sym_00b92698
.long _sym_00b9277c
.long _sym_00b92798
.long _sym_00b927b4
.long _sym_00b927d0
.long _sym_00b927ec
.long _sym_00b928b0
.byte 0x00, 0x00, 0x00, 0x00
.globl _sym_00b9aa44
_sym_00b9aa44:
.byte 0x00, 0x00, 0x00, 0x00, 0x00, 0x00, 0x00, 0x00, 0x00, 0x00, 0x00, 0x00
.long _sym_00c11070
.long _sym_00b9a9a4
.globl _sym_00b9aa58
_sym_00b9aa58:
.byte 0x00, 0x00, 0x00, 0x00, 0x00, 0x00, 0x00, 0x00, 0x00, 0x00, 0x00, 0x00
.long _sym_00c110e0
.long _sym_00b9aa04
.globl _sym_00b9aa6c
_sym_00b9aa6c:
.byte 0x00, 0x00, 0x00, 0x00, 0x00, 0x00, 0x00, 0x00, 0x00, 0x00, 0x00, 0x00
.long _sym_00c11148
.long _sym_00b9aa80
.globl _sym_00b9aa80
_sym_00b9aa80:
.byte 0x00, 0x00, 0x00, 0x00, 0x01, 0x00, 0x00, 0x00, 0x0d, 0x00, 0x00, 0x00
.long _sym_00b9aa90
.globl _sym_00b9aa90
_sym_00b9aa90:
.long _sym_00b9aac8
.long _sym_00b9aae4
.long _sym_00b9ab44
.long _sym_00b92808
.long _sym_00b92860
.long _sym_00b9267c
.long _sym_00b92698
.long _sym_00b9277c
.long _sym_00b92798
.long _sym_00b927b4
.long _sym_00b927d0
.long _sym_00b927ec
.long _sym_00b928b0
.byte 0x00, 0x00, 0x00, 0x00
.globl _sym_00b9aac8
_sym_00b9aac8:
.long _sym_00c11148
.byte 0x0c, 0x00, 0x00, 0x00, 0x00, 0x00, 0x00, 0x00, 0xff, 0xff, 0xff, 0xff, 0x00, 0x00, 0x00, 0x00
.byte 0x40, 0x00, 0x00, 0x00
.long _sym_00b9aa80
.globl _sym_00b9aae4
_sym_00b9aae4:
.long _sym_00c111b8
.byte 0x0b, 0x00, 0x00, 0x00, 0x00, 0x00, 0x00, 0x00, 0xff, 0xff, 0xff, 0xff, 0x00, 0x00, 0x00, 0x00
.byte 0x40, 0x00, 0x00, 0x00
.long _sym_00b9ab00
.globl _sym_00b9ab00
_sym_00b9ab00:
.byte 0x00, 0x00, 0x00, 0x00, 0x01, 0x00, 0x00, 0x00, 0x0c, 0x00, 0x00, 0x00
.long _sym_00b9ab10
.globl _sym_00b9ab10
_sym_00b9ab10:
.long _sym_00b9aae4
.long _sym_00b9ab44
.long _sym_00b92808
.long _sym_00b92860
.long _sym_00b9267c
.long _sym_00b92698
.long _sym_00b9277c
.long _sym_00b92798
.long _sym_00b927b4
.long _sym_00b927d0
.long _sym_00b927ec
.long _sym_00b928b0
.byte 0x00, 0x00, 0x00, 0x00
.globl _sym_00b9ab44
_sym_00b9ab44:
.long _sym_00c11228
.byte 0x0a, 0x00, 0x00, 0x00, 0x00, 0x00, 0x00, 0x00, 0xff, 0xff, 0xff, 0xff, 0x00, 0x00, 0x00, 0x00
.byte 0x40, 0x00, 0x00, 0x00
.long _sym_00b9ab60
.globl _sym_00b9ab60
_sym_00b9ab60:
.byte 0x00, 0x00, 0x00, 0x00, 0x01, 0x00, 0x00, 0x00, 0x0b, 0x00, 0x00, 0x00
.long _sym_00b9ab70
.globl _sym_00b9ab70
_sym_00b9ab70:
.long _sym_00b9ab44
.long _sym_00b92808
.long _sym_00b92860
.long _sym_00b9267c
.long _sym_00b92698
.long _sym_00b9277c
.long _sym_00b92798
.long _sym_00b927b4
.long _sym_00b927d0
.long _sym_00b927ec
.long _sym_00b928b0
.byte 0x00, 0x00, 0x00, 0x00
.globl _sym_00b9aba0
_sym_00b9aba0:
.byte 0x00, 0x00, 0x00, 0x00, 0x00, 0x00, 0x00, 0x00, 0x00, 0x00, 0x00, 0x00
.long _sym_00c111b8
.long _sym_00b9ab00
.globl _sym_00b9abb4
_sym_00b9abb4:
.byte 0x00, 0x00, 0x00, 0x00, 0x00, 0x00, 0x00, 0x00, 0x00, 0x00, 0x00, 0x00
.long _sym_00c11228
.long _sym_00b9ab60
.globl _sym_00b9abc8
_sym_00b9abc8:
.byte 0x00, 0x00, 0x00, 0x00, 0x00, 0x00, 0x00, 0x00, 0x00, 0x00, 0x00, 0x00
.long _sym_00c11298
.long _sym_00b9abdc
.globl _sym_00b9abdc
_sym_00b9abdc:
.byte 0x00, 0x00, 0x00, 0x00, 0x01, 0x00, 0x00, 0x00, 0x0d, 0x00, 0x00, 0x00
.long _sym_00b9abec
.globl _sym_00b9abec
_sym_00b9abec:
.long _sym_00b9ac24
.long _sym_00b9ac40
.long _sym_00b9aca0
.long _sym_00b92808
.long _sym_00b92860
.long _sym_00b9267c
.long _sym_00b92698
.long _sym_00b9277c
.long _sym_00b92798
.long _sym_00b927b4
.long _sym_00b927d0
.long _sym_00b927ec
.long _sym_00b928b0
.byte 0x00, 0x00, 0x00, 0x00
.globl _sym_00b9ac24
_sym_00b9ac24:
.long _sym_00c11298
.byte 0x0c, 0x00, 0x00, 0x00, 0x00, 0x00, 0x00, 0x00, 0xff, 0xff, 0xff, 0xff, 0x00, 0x00, 0x00, 0x00
.byte 0x40, 0x00, 0x00, 0x00
.long _sym_00b9abdc
.globl _sym_00b9ac40
_sym_00b9ac40:
.long _sym_00c11308
.byte 0x0b, 0x00, 0x00, 0x00, 0x00, 0x00, 0x00, 0x00, 0xff, 0xff, 0xff, 0xff, 0x00, 0x00, 0x00, 0x00
.byte 0x40, 0x00, 0x00, 0x00
.long _sym_00b9ac5c
.globl _sym_00b9ac5c
_sym_00b9ac5c:
.byte 0x00, 0x00, 0x00, 0x00, 0x01, 0x00, 0x00, 0x00, 0x0c, 0x00, 0x00, 0x00
.long _sym_00b9ac6c
.globl _sym_00b9ac6c
_sym_00b9ac6c:
.long _sym_00b9ac40
.long _sym_00b9aca0
.long _sym_00b92808
.long _sym_00b92860
.long _sym_00b9267c
.long _sym_00b92698
.long _sym_00b9277c
.long _sym_00b92798
.long _sym_00b927b4
.long _sym_00b927d0
.long _sym_00b927ec
.long _sym_00b928b0
.byte 0x00, 0x00, 0x00, 0x00
.globl _sym_00b9aca0
_sym_00b9aca0:
.long _sym_00c11378
.byte 0x0a, 0x00, 0x00, 0x00, 0x00, 0x00, 0x00, 0x00, 0xff, 0xff, 0xff, 0xff, 0x00, 0x00, 0x00, 0x00
.byte 0x40, 0x00, 0x00, 0x00
.long _sym_00b9acbc
.globl _sym_00b9acbc
_sym_00b9acbc:
.byte 0x00, 0x00, 0x00, 0x00, 0x01, 0x00, 0x00, 0x00, 0x0b, 0x00, 0x00, 0x00
.long _sym_00b9accc
.globl _sym_00b9accc
_sym_00b9accc:
.long _sym_00b9aca0
.long _sym_00b92808
.long _sym_00b92860
.long _sym_00b9267c
.long _sym_00b92698
.long _sym_00b9277c
.long _sym_00b92798
.long _sym_00b927b4
.long _sym_00b927d0
.long _sym_00b927ec
.long _sym_00b928b0
.byte 0x00, 0x00, 0x00, 0x00
.globl _sym_00b9acfc
_sym_00b9acfc:
.byte 0x00, 0x00, 0x00, 0x00, 0x00, 0x00, 0x00, 0x00, 0x00, 0x00, 0x00, 0x00
.long _sym_00c11308
.long _sym_00b9ac5c
.globl _sym_00b9ad10
_sym_00b9ad10:
.byte 0x00, 0x00, 0x00, 0x00, 0x00, 0x00, 0x00, 0x00, 0x00, 0x00, 0x00, 0x00
.long _sym_00c11378
.long _sym_00b9acbc
.globl _sym_00b9ad24
_sym_00b9ad24:
.byte 0x00, 0x00, 0x00, 0x00, 0x00, 0x00, 0x00, 0x00, 0x00, 0x00, 0x00, 0x00
.long _sym_00c113e8
.long _sym_00b9ad38
.globl _sym_00b9ad38
_sym_00b9ad38:
.byte 0x00, 0x00, 0x00, 0x00, 0x01, 0x00, 0x00, 0x00, 0x0d, 0x00, 0x00, 0x00
.long _sym_00b9ad48
.globl _sym_00b9ad48
_sym_00b9ad48:
.long _sym_00b9ad80
.long _sym_00b9ad9c
.long _sym_00b9adfc
.long _sym_00b92808
.long _sym_00b92860
.long _sym_00b9267c
.long _sym_00b92698
.long _sym_00b9277c
.long _sym_00b92798
.long _sym_00b927b4
.long _sym_00b927d0
.long _sym_00b927ec
.long _sym_00b928b0
.byte 0x00, 0x00, 0x00, 0x00
.globl _sym_00b9ad80
_sym_00b9ad80:
.long _sym_00c113e8
.byte 0x0c, 0x00, 0x00, 0x00, 0x00, 0x00, 0x00, 0x00, 0xff, 0xff, 0xff, 0xff, 0x00, 0x00, 0x00, 0x00
.byte 0x40, 0x00, 0x00, 0x00
.long _sym_00b9ad38
.globl _sym_00b9ad9c
_sym_00b9ad9c:
.long _sym_00c11468
.byte 0x0b, 0x00, 0x00, 0x00, 0x00, 0x00, 0x00, 0x00, 0xff, 0xff, 0xff, 0xff, 0x00, 0x00, 0x00, 0x00
.byte 0x40, 0x00, 0x00, 0x00
.long _sym_00b9adb8
.globl _sym_00b9adb8
_sym_00b9adb8:
.byte 0x00, 0x00, 0x00, 0x00, 0x01, 0x00, 0x00, 0x00, 0x0c, 0x00, 0x00, 0x00
.long _sym_00b9adc8
.globl _sym_00b9adc8
_sym_00b9adc8:
.long _sym_00b9ad9c
.long _sym_00b9adfc
.long _sym_00b92808
.long _sym_00b92860
.long _sym_00b9267c
.long _sym_00b92698
.long _sym_00b9277c
.long _sym_00b92798
.long _sym_00b927b4
.long _sym_00b927d0
.long _sym_00b927ec
.long _sym_00b928b0
.byte 0x00, 0x00, 0x00, 0x00
.globl _sym_00b9adfc
_sym_00b9adfc:
.long _sym_00c114e8
.byte 0x0a, 0x00, 0x00, 0x00, 0x00, 0x00, 0x00, 0x00, 0xff, 0xff, 0xff, 0xff, 0x00, 0x00, 0x00, 0x00
.byte 0x40, 0x00, 0x00, 0x00
.long _sym_00b9ae18
.globl _sym_00b9ae18
_sym_00b9ae18:
.byte 0x00, 0x00, 0x00, 0x00, 0x01, 0x00, 0x00, 0x00, 0x0b, 0x00, 0x00, 0x00
.long _sym_00b9ae28
.globl _sym_00b9ae28
_sym_00b9ae28:
.long _sym_00b9adfc
.long _sym_00b92808
.long _sym_00b92860
.long _sym_00b9267c
.long _sym_00b92698
.long _sym_00b9277c
.long _sym_00b92798
.long _sym_00b927b4
.long _sym_00b927d0
.long _sym_00b927ec
.long _sym_00b928b0
.byte 0x00, 0x00, 0x00, 0x00
.globl _sym_00b9ae58
_sym_00b9ae58:
.byte 0x00, 0x00, 0x00, 0x00, 0x00, 0x00, 0x00, 0x00, 0x00, 0x00, 0x00, 0x00
.long _sym_00c11468
.long _sym_00b9adb8
.globl _sym_00b9ae6c
_sym_00b9ae6c:
.byte 0x00, 0x00, 0x00, 0x00, 0x00, 0x00, 0x00, 0x00, 0x00, 0x00, 0x00, 0x00
.long _sym_00c114e8
.long _sym_00b9ae18
.globl _sym_00b9ae80
_sym_00b9ae80:
.byte 0x00, 0x00, 0x00, 0x00, 0x00, 0x00, 0x00, 0x00, 0x00, 0x00, 0x00, 0x00
.long _sym_00c11568
.long _sym_00b9ae94
.globl _sym_00b9ae94
_sym_00b9ae94:
.byte 0x00, 0x00, 0x00, 0x00, 0x01, 0x00, 0x00, 0x00, 0x0d, 0x00, 0x00, 0x00
.long _sym_00b9aea4
.globl _sym_00b9aea4
_sym_00b9aea4:
.long _sym_00b9aedc
.long _sym_00b9aef8
.long _sym_00b9af58
.long _sym_00b92808
.long _sym_00b92860
.long _sym_00b9267c
.long _sym_00b92698
.long _sym_00b9277c
.long _sym_00b92798
.long _sym_00b927b4
.long _sym_00b927d0
.long _sym_00b927ec
.long _sym_00b928b0
.byte 0x00, 0x00, 0x00, 0x00
.globl _sym_00b9aedc
_sym_00b9aedc:
.long _sym_00c11568
.byte 0x0c, 0x00, 0x00, 0x00, 0x00, 0x00, 0x00, 0x00, 0xff, 0xff, 0xff, 0xff, 0x00, 0x00, 0x00, 0x00
.byte 0x40, 0x00, 0x00, 0x00
.long _sym_00b9ae94
.globl _sym_00b9aef8
_sym_00b9aef8:
.long _sym_00c115c8
.byte 0x0b, 0x00, 0x00, 0x00, 0x00, 0x00, 0x00, 0x00, 0xff, 0xff, 0xff, 0xff, 0x00, 0x00, 0x00, 0x00
.byte 0x40, 0x00, 0x00, 0x00
.long _sym_00b9af14
.globl _sym_00b9af14
_sym_00b9af14:
.byte 0x00, 0x00, 0x00, 0x00, 0x01, 0x00, 0x00, 0x00, 0x0c, 0x00, 0x00, 0x00
.long _sym_00b9af24
.globl _sym_00b9af24
_sym_00b9af24:
.long _sym_00b9aef8
.long _sym_00b9af58
.long _sym_00b92808
.long _sym_00b92860
.long _sym_00b9267c
.long _sym_00b92698
.long _sym_00b9277c
.long _sym_00b92798
.long _sym_00b927b4
.long _sym_00b927d0
.long _sym_00b927ec
.long _sym_00b928b0
.byte 0x00, 0x00, 0x00, 0x00
.globl _sym_00b9af58
_sym_00b9af58:
.long _sym_00c11628
.byte 0x0a, 0x00, 0x00, 0x00, 0x00, 0x00, 0x00, 0x00, 0xff, 0xff, 0xff, 0xff, 0x00, 0x00, 0x00, 0x00
.byte 0x40, 0x00, 0x00, 0x00
.long _sym_00b9af74
.globl _sym_00b9af74
_sym_00b9af74:
.byte 0x00, 0x00, 0x00, 0x00, 0x01, 0x00, 0x00, 0x00, 0x0b, 0x00, 0x00, 0x00
.long _sym_00b9af84
.globl _sym_00b9af84
_sym_00b9af84:
.long _sym_00b9af58
.long _sym_00b92808
.long _sym_00b92860
.long _sym_00b9267c
.long _sym_00b92698
.long _sym_00b9277c
.long _sym_00b92798
.long _sym_00b927b4
.long _sym_00b927d0
.long _sym_00b927ec
.long _sym_00b928b0
.byte 0x00, 0x00, 0x00, 0x00
.globl _sym_00b9afb4
_sym_00b9afb4:
.byte 0x00, 0x00, 0x00, 0x00, 0x00, 0x00, 0x00, 0x00, 0x00, 0x00, 0x00, 0x00
.long _sym_00c115c8
.long _sym_00b9af14
.globl _sym_00b9afc8
_sym_00b9afc8:
.byte 0x00, 0x00, 0x00, 0x00, 0x00, 0x00, 0x00, 0x00, 0x00, 0x00, 0x00, 0x00
.long _sym_00c11628
.long _sym_00b9af74
.globl _sym_00b9afdc
_sym_00b9afdc:
.byte 0x00, 0x00, 0x00, 0x00, 0x00, 0x00, 0x00, 0x00, 0x00, 0x00, 0x00, 0x00
.long _sym_00c11688
.long _sym_00b9aff0
.globl _sym_00b9aff0
_sym_00b9aff0:
.byte 0x00, 0x00, 0x00, 0x00, 0x01, 0x00, 0x00, 0x00, 0x0d, 0x00, 0x00, 0x00
.long _sym_00b9b000
.globl _sym_00b9b000
_sym_00b9b000:
.long _sym_00b9b038
.long _sym_00b9b054
.long _sym_00b9b0b4
.long _sym_00b92808
.long _sym_00b92860
.long _sym_00b9267c
.long _sym_00b92698
.long _sym_00b9277c
.long _sym_00b92798
.long _sym_00b927b4
.long _sym_00b927d0
.long _sym_00b927ec
.long _sym_00b928b0
.byte 0x00, 0x00, 0x00, 0x00
.globl _sym_00b9b038
_sym_00b9b038:
.long _sym_00c11688
.byte 0x0c, 0x00, 0x00, 0x00, 0x00, 0x00, 0x00, 0x00, 0xff, 0xff, 0xff, 0xff, 0x00, 0x00, 0x00, 0x00
.byte 0x40, 0x00, 0x00, 0x00
.long _sym_00b9aff0
.globl _sym_00b9b054
_sym_00b9b054:
.long _sym_00c116e8
.byte 0x0b, 0x00, 0x00, 0x00, 0x00, 0x00, 0x00, 0x00, 0xff, 0xff, 0xff, 0xff, 0x00, 0x00, 0x00, 0x00
.byte 0x40, 0x00, 0x00, 0x00
.long _sym_00b9b070
.globl _sym_00b9b070
_sym_00b9b070:
.byte 0x00, 0x00, 0x00, 0x00, 0x01, 0x00, 0x00, 0x00, 0x0c, 0x00, 0x00, 0x00
.long _sym_00b9b080
.globl _sym_00b9b080
_sym_00b9b080:
.long _sym_00b9b054
.long _sym_00b9b0b4
.long _sym_00b92808
.long _sym_00b92860
.long _sym_00b9267c
.long _sym_00b92698
.long _sym_00b9277c
.long _sym_00b92798
.long _sym_00b927b4
.long _sym_00b927d0
.long _sym_00b927ec
.long _sym_00b928b0
.byte 0x00, 0x00, 0x00, 0x00
.globl _sym_00b9b0b4
_sym_00b9b0b4:
.long _sym_00c11748
.byte 0x0a, 0x00, 0x00, 0x00, 0x00, 0x00, 0x00, 0x00, 0xff, 0xff, 0xff, 0xff, 0x00, 0x00, 0x00, 0x00
.byte 0x40, 0x00, 0x00, 0x00
.long _sym_00b9b0d0
.globl _sym_00b9b0d0
_sym_00b9b0d0:
.byte 0x00, 0x00, 0x00, 0x00, 0x01, 0x00, 0x00, 0x00, 0x0b, 0x00, 0x00, 0x00
.long _sym_00b9b0e0
.globl _sym_00b9b0e0
_sym_00b9b0e0:
.long _sym_00b9b0b4
.long _sym_00b92808
.long _sym_00b92860
.long _sym_00b9267c
.long _sym_00b92698
.long _sym_00b9277c
.long _sym_00b92798
.long _sym_00b927b4
.long _sym_00b927d0
.long _sym_00b927ec
.long _sym_00b928b0
.byte 0x00, 0x00, 0x00, 0x00
.globl _sym_00b9b110
_sym_00b9b110:
.byte 0x00, 0x00, 0x00, 0x00, 0x00, 0x00, 0x00, 0x00, 0x00, 0x00, 0x00, 0x00
.long _sym_00c116e8
.long _sym_00b9b070
.globl _sym_00b9b124
_sym_00b9b124:
.byte 0x00, 0x00, 0x00, 0x00, 0x00, 0x00, 0x00, 0x00, 0x00, 0x00, 0x00, 0x00
.long _sym_00c11748
.long _sym_00b9b0d0
.globl _sym_00b9b138
_sym_00b9b138:
.byte 0x00, 0x00, 0x00, 0x00, 0x00, 0x00, 0x00, 0x00, 0x00, 0x00, 0x00, 0x00
.long _sym_00c117a8
.long _sym_00b9b14c
.globl _sym_00b9b14c
_sym_00b9b14c:
.byte 0x00, 0x00, 0x00, 0x00, 0x01, 0x00, 0x00, 0x00, 0x0d, 0x00, 0x00, 0x00
.long _sym_00b9b15c
.globl _sym_00b9b15c
_sym_00b9b15c:
.long _sym_00b9b194
.long _sym_00b9b1b0
.long _sym_00b9b210
.long _sym_00b92808
.long _sym_00b92860
.long _sym_00b9267c
.long _sym_00b92698
.long _sym_00b9277c
.long _sym_00b92798
.long _sym_00b927b4
.long _sym_00b927d0
.long _sym_00b927ec
.long _sym_00b928b0
.byte 0x00, 0x00, 0x00, 0x00
.globl _sym_00b9b194
_sym_00b9b194:
.long _sym_00c117a8
.byte 0x0c, 0x00, 0x00, 0x00, 0x00, 0x00, 0x00, 0x00, 0xff, 0xff, 0xff, 0xff, 0x00, 0x00, 0x00, 0x00
.byte 0x40, 0x00, 0x00, 0x00
.long _sym_00b9b14c
.globl _sym_00b9b1b0
_sym_00b9b1b0:
.long _sym_00c11810
.byte 0x0b, 0x00, 0x00, 0x00, 0x00, 0x00, 0x00, 0x00, 0xff, 0xff, 0xff, 0xff, 0x00, 0x00, 0x00, 0x00
.byte 0x40, 0x00, 0x00, 0x00
.long _sym_00b9b1cc
.globl _sym_00b9b1cc
_sym_00b9b1cc:
.byte 0x00, 0x00, 0x00, 0x00, 0x01, 0x00, 0x00, 0x00, 0x0c, 0x00, 0x00, 0x00
.long _sym_00b9b1dc
.globl _sym_00b9b1dc
_sym_00b9b1dc:
.long _sym_00b9b1b0
.long _sym_00b9b210
.long _sym_00b92808
.long _sym_00b92860
.long _sym_00b9267c
.long _sym_00b92698
.long _sym_00b9277c
.long _sym_00b92798
.long _sym_00b927b4
.long _sym_00b927d0
.long _sym_00b927ec
.long _sym_00b928b0
.byte 0x00, 0x00, 0x00, 0x00
.globl _sym_00b9b210
_sym_00b9b210:
.long _sym_00c11878
.byte 0x0a, 0x00, 0x00, 0x00, 0x00, 0x00, 0x00, 0x00, 0xff, 0xff, 0xff, 0xff, 0x00, 0x00, 0x00, 0x00
.byte 0x40, 0x00, 0x00, 0x00
.long _sym_00b9b22c
.globl _sym_00b9b22c
_sym_00b9b22c:
.byte 0x00, 0x00, 0x00, 0x00, 0x01, 0x00, 0x00, 0x00, 0x0b, 0x00, 0x00, 0x00
.long _sym_00b9b23c
.globl _sym_00b9b23c
_sym_00b9b23c:
.long _sym_00b9b210
.long _sym_00b92808
.long _sym_00b92860
.long _sym_00b9267c
.long _sym_00b92698
.long _sym_00b9277c
.long _sym_00b92798
.long _sym_00b927b4
.long _sym_00b927d0
.long _sym_00b927ec
.long _sym_00b928b0
.byte 0x00, 0x00, 0x00, 0x00
.globl _sym_00b9b26c
_sym_00b9b26c:
.byte 0x00, 0x00, 0x00, 0x00, 0x00, 0x00, 0x00, 0x00, 0x00, 0x00, 0x00, 0x00
.long _sym_00c11810
.long _sym_00b9b1cc
.globl _sym_00b9b280
_sym_00b9b280:
.byte 0x00, 0x00, 0x00, 0x00, 0x00, 0x00, 0x00, 0x00, 0x00, 0x00, 0x00, 0x00
.long _sym_00c11878
.long _sym_00b9b22c
.globl _sym_00b9b294
_sym_00b9b294:
.byte 0x00, 0x00, 0x00, 0x00, 0x00, 0x00, 0x00, 0x00, 0x00, 0x00, 0x00, 0x00
.long _sym_00c118e0
.long _sym_00b9b2a8
.globl _sym_00b9b2a8
_sym_00b9b2a8:
.byte 0x00, 0x00, 0x00, 0x00, 0x01, 0x00, 0x00, 0x00, 0x0d, 0x00, 0x00, 0x00
.long _sym_00b9b2b8
.globl _sym_00b9b2b8
_sym_00b9b2b8:
.long _sym_00b9b2f0
.long _sym_00b9b30c
.long _sym_00b9b36c
.long _sym_00b92808
.long _sym_00b92860
.long _sym_00b9267c
.long _sym_00b92698
.long _sym_00b9277c
.long _sym_00b92798
.long _sym_00b927b4
.long _sym_00b927d0
.long _sym_00b927ec
.long _sym_00b928b0
.byte 0x00, 0x00, 0x00, 0x00
.globl _sym_00b9b2f0
_sym_00b9b2f0:
.long _sym_00c118e0
.byte 0x0c, 0x00, 0x00, 0x00, 0x00, 0x00, 0x00, 0x00, 0xff, 0xff, 0xff, 0xff, 0x00, 0x00, 0x00, 0x00
.byte 0x40, 0x00, 0x00, 0x00
.long _sym_00b9b2a8
.globl _sym_00b9b30c
_sym_00b9b30c:
.long _sym_00c11960
.byte 0x0b, 0x00, 0x00, 0x00, 0x00, 0x00, 0x00, 0x00, 0xff, 0xff, 0xff, 0xff, 0x00, 0x00, 0x00, 0x00
.byte 0x40, 0x00, 0x00, 0x00
.long _sym_00b9b328
.globl _sym_00b9b328
_sym_00b9b328:
.byte 0x00, 0x00, 0x00, 0x00, 0x01, 0x00, 0x00, 0x00, 0x0c, 0x00, 0x00, 0x00
.long _sym_00b9b338
.globl _sym_00b9b338
_sym_00b9b338:
.long _sym_00b9b30c
.long _sym_00b9b36c
.long _sym_00b92808
.long _sym_00b92860
.long _sym_00b9267c
.long _sym_00b92698
.long _sym_00b9277c
.long _sym_00b92798
.long _sym_00b927b4
.long _sym_00b927d0
.long _sym_00b927ec
.long _sym_00b928b0
.byte 0x00, 0x00, 0x00, 0x00
.globl _sym_00b9b36c
_sym_00b9b36c:
.long _sym_00c119d0
.byte 0x0a, 0x00, 0x00, 0x00, 0x00, 0x00, 0x00, 0x00, 0xff, 0xff, 0xff, 0xff, 0x00, 0x00, 0x00, 0x00
.byte 0x40, 0x00, 0x00, 0x00
.long _sym_00b9b388
.globl _sym_00b9b388
_sym_00b9b388:
.byte 0x00, 0x00, 0x00, 0x00, 0x01, 0x00, 0x00, 0x00, 0x0b, 0x00, 0x00, 0x00
.long _sym_00b9b398
.globl _sym_00b9b398
_sym_00b9b398:
.long _sym_00b9b36c
.long _sym_00b92808
.long _sym_00b92860
.long _sym_00b9267c
.long _sym_00b92698
.long _sym_00b9277c
.long _sym_00b92798
.long _sym_00b927b4
.long _sym_00b927d0
.long _sym_00b927ec
.long _sym_00b928b0
.byte 0x00, 0x00, 0x00, 0x00
.globl _sym_00b9b3c8
_sym_00b9b3c8:
.byte 0x00, 0x00, 0x00, 0x00, 0x00, 0x00, 0x00, 0x00, 0x00, 0x00, 0x00, 0x00
.long _sym_00c11960
.long _sym_00b9b328
.globl _sym_00b9b3dc
_sym_00b9b3dc:
.byte 0x00, 0x00, 0x00, 0x00, 0x00, 0x00, 0x00, 0x00, 0x00, 0x00, 0x00, 0x00
.long _sym_00c119d0
.long _sym_00b9b388
.globl _sym_00b9b3f0
_sym_00b9b3f0:
.byte 0x00, 0x00, 0x00, 0x00, 0x00, 0x00, 0x00, 0x00, 0x00, 0x00, 0x00, 0x00
.long _sym_00c11a40
.long _sym_00b9b404
.globl _sym_00b9b404
_sym_00b9b404:
.byte 0x00, 0x00, 0x00, 0x00, 0x01, 0x00, 0x00, 0x00, 0x0d, 0x00, 0x00, 0x00
.long _sym_00b9b414
.globl _sym_00b9b414
_sym_00b9b414:
.long _sym_00b9b44c
.long _sym_00b9b468
.long _sym_00b9b4c8
.long _sym_00b92808
.long _sym_00b92860
.long _sym_00b9267c
.long _sym_00b92698
.long _sym_00b9277c
.long _sym_00b92798
.long _sym_00b927b4
.long _sym_00b927d0
.long _sym_00b927ec
.long _sym_00b928b0
.byte 0x00, 0x00, 0x00, 0x00
.globl _sym_00b9b44c
_sym_00b9b44c:
.long _sym_00c11a40
.byte 0x0c, 0x00, 0x00, 0x00, 0x00, 0x00, 0x00, 0x00, 0xff, 0xff, 0xff, 0xff, 0x00, 0x00, 0x00, 0x00
.byte 0x40, 0x00, 0x00, 0x00
.long _sym_00b9b404
.globl _sym_00b9b468
_sym_00b9b468:
.long _sym_00c11ab0
.byte 0x0b, 0x00, 0x00, 0x00, 0x00, 0x00, 0x00, 0x00, 0xff, 0xff, 0xff, 0xff, 0x00, 0x00, 0x00, 0x00
.byte 0x40, 0x00, 0x00, 0x00
.long _sym_00b9b484
.globl _sym_00b9b484
_sym_00b9b484:
.byte 0x00, 0x00, 0x00, 0x00, 0x01, 0x00, 0x00, 0x00, 0x0c, 0x00, 0x00, 0x00
.long _sym_00b9b494
.globl _sym_00b9b494
_sym_00b9b494:
.long _sym_00b9b468
.long _sym_00b9b4c8
.long _sym_00b92808
.long _sym_00b92860
.long _sym_00b9267c
.long _sym_00b92698
.long _sym_00b9277c
.long _sym_00b92798
.long _sym_00b927b4
.long _sym_00b927d0
.long _sym_00b927ec
.long _sym_00b928b0
.byte 0x00, 0x00, 0x00, 0x00
.globl _sym_00b9b4c8
_sym_00b9b4c8:
.long _sym_00c11b20
.byte 0x0a, 0x00, 0x00, 0x00, 0x00, 0x00, 0x00, 0x00, 0xff, 0xff, 0xff, 0xff, 0x00, 0x00, 0x00, 0x00
.byte 0x40, 0x00, 0x00, 0x00
.long _sym_00b9b4e4
.globl _sym_00b9b4e4
_sym_00b9b4e4:
.byte 0x00, 0x00, 0x00, 0x00, 0x01, 0x00, 0x00, 0x00, 0x0b, 0x00, 0x00, 0x00
.long _sym_00b9b4f4
.globl _sym_00b9b4f4
_sym_00b9b4f4:
.long _sym_00b9b4c8
.long _sym_00b92808
.long _sym_00b92860
.long _sym_00b9267c
.long _sym_00b92698
.long _sym_00b9277c
.long _sym_00b92798
.long _sym_00b927b4
.long _sym_00b927d0
.long _sym_00b927ec
.long _sym_00b928b0
.byte 0x00, 0x00, 0x00, 0x00
.globl _sym_00b9b524
_sym_00b9b524:
.byte 0x00, 0x00, 0x00, 0x00, 0x00, 0x00, 0x00, 0x00, 0x00, 0x00, 0x00, 0x00
.long _sym_00c11ab0
.long _sym_00b9b484
.globl _sym_00b9b538
_sym_00b9b538:
.byte 0x00, 0x00, 0x00, 0x00, 0x00, 0x00, 0x00, 0x00, 0x00, 0x00, 0x00, 0x00
.long _sym_00c11b20
.long _sym_00b9b4e4
.globl _sym_00b9b54c
_sym_00b9b54c:
.byte 0x00, 0x00, 0x00, 0x00, 0x00, 0x00, 0x00, 0x00, 0x00, 0x00, 0x00, 0x00
.long _sym_00c11b90
.long _sym_00b9b560
.globl _sym_00b9b560
_sym_00b9b560:
.byte 0x00, 0x00, 0x00, 0x00, 0x01, 0x00, 0x00, 0x00, 0x0d, 0x00, 0x00, 0x00
.long _sym_00b9b570
.globl _sym_00b9b570
_sym_00b9b570:
.long _sym_00b9b5a8
.long _sym_00b9b5c4
.long _sym_00b9b624
.long _sym_00b92808
.long _sym_00b92860
.long _sym_00b9267c
.long _sym_00b92698
.long _sym_00b9277c
.long _sym_00b92798
.long _sym_00b927b4
.long _sym_00b927d0
.long _sym_00b927ec
.long _sym_00b928b0
.byte 0x00, 0x00, 0x00, 0x00
.globl _sym_00b9b5a8
_sym_00b9b5a8:
.long _sym_00c11b90
.byte 0x0c, 0x00, 0x00, 0x00, 0x00, 0x00, 0x00, 0x00, 0xff, 0xff, 0xff, 0xff, 0x00, 0x00, 0x00, 0x00
.byte 0x40, 0x00, 0x00, 0x00
.long _sym_00b9b560
.globl _sym_00b9b5c4
_sym_00b9b5c4:
.long _sym_00c11c00
.byte 0x0b, 0x00, 0x00, 0x00, 0x00, 0x00, 0x00, 0x00, 0xff, 0xff, 0xff, 0xff, 0x00, 0x00, 0x00, 0x00
.byte 0x40, 0x00, 0x00, 0x00
.long _sym_00b9b5e0
.globl _sym_00b9b5e0
_sym_00b9b5e0:
.byte 0x00, 0x00, 0x00, 0x00, 0x01, 0x00, 0x00, 0x00, 0x0c, 0x00, 0x00, 0x00
.long _sym_00b9b5f0
.globl _sym_00b9b5f0
_sym_00b9b5f0:
.long _sym_00b9b5c4
.long _sym_00b9b624
.long _sym_00b92808
.long _sym_00b92860
.long _sym_00b9267c
.long _sym_00b92698
.long _sym_00b9277c
.long _sym_00b92798
.long _sym_00b927b4
.long _sym_00b927d0
.long _sym_00b927ec
.long _sym_00b928b0
.byte 0x00, 0x00, 0x00, 0x00
.globl _sym_00b9b624
_sym_00b9b624:
.long _sym_00c11c70
.byte 0x0a, 0x00, 0x00, 0x00, 0x00, 0x00, 0x00, 0x00, 0xff, 0xff, 0xff, 0xff, 0x00, 0x00, 0x00, 0x00
.byte 0x40, 0x00, 0x00, 0x00
.long _sym_00b9b640
.globl _sym_00b9b640
_sym_00b9b640:
.byte 0x00, 0x00, 0x00, 0x00, 0x01, 0x00, 0x00, 0x00, 0x0b, 0x00, 0x00, 0x00
.long _sym_00b9b650
.globl _sym_00b9b650
_sym_00b9b650:
.long _sym_00b9b624
.long _sym_00b92808
.long _sym_00b92860
.long _sym_00b9267c
.long _sym_00b92698
.long _sym_00b9277c
.long _sym_00b92798
.long _sym_00b927b4
.long _sym_00b927d0
.long _sym_00b927ec
.long _sym_00b928b0
.byte 0x00, 0x00, 0x00, 0x00
.globl _sym_00b9b680
_sym_00b9b680:
.byte 0x00, 0x00, 0x00, 0x00, 0x00, 0x00, 0x00, 0x00, 0x00, 0x00, 0x00, 0x00
.long _sym_00c11c00
.long _sym_00b9b5e0
.globl _sym_00b9b694
_sym_00b9b694:
.byte 0x00, 0x00, 0x00, 0x00, 0x00, 0x00, 0x00, 0x00, 0x00, 0x00, 0x00, 0x00
.long _sym_00c11c70
.long _sym_00b9b640
.globl _sym_00b9b6a8
_sym_00b9b6a8:
.byte 0x00, 0x00, 0x00, 0x00, 0x00, 0x00, 0x00, 0x00, 0x00, 0x00, 0x00, 0x00
.long _sym_00c11ce0
.long _sym_00b9b6bc
.globl _sym_00b9b6bc
_sym_00b9b6bc:
.byte 0x00, 0x00, 0x00, 0x00, 0x01, 0x00, 0x00, 0x00, 0x0d, 0x00, 0x00, 0x00
.long _sym_00b9b6cc
.globl _sym_00b9b6cc
_sym_00b9b6cc:
.long _sym_00b9b704
.long _sym_00b9b720
.long _sym_00b9b780
.long _sym_00b92808
.long _sym_00b92860
.long _sym_00b9267c
.long _sym_00b92698
.long _sym_00b9277c
.long _sym_00b92798
.long _sym_00b927b4
.long _sym_00b927d0
.long _sym_00b927ec
.long _sym_00b928b0
.byte 0x00, 0x00, 0x00, 0x00
.globl _sym_00b9b704
_sym_00b9b704:
.long _sym_00c11ce0
.byte 0x0c, 0x00, 0x00, 0x00, 0x00, 0x00, 0x00, 0x00, 0xff, 0xff, 0xff, 0xff, 0x00, 0x00, 0x00, 0x00
.byte 0x40, 0x00, 0x00, 0x00
.long _sym_00b9b6bc
.globl _sym_00b9b720
_sym_00b9b720:
.long _sym_00c11d50
.byte 0x0b, 0x00, 0x00, 0x00, 0x00, 0x00, 0x00, 0x00, 0xff, 0xff, 0xff, 0xff, 0x00, 0x00, 0x00, 0x00
.byte 0x40, 0x00, 0x00, 0x00
.long _sym_00b9b73c
.globl _sym_00b9b73c
_sym_00b9b73c:
.byte 0x00, 0x00, 0x00, 0x00, 0x01, 0x00, 0x00, 0x00, 0x0c, 0x00, 0x00, 0x00
.long _sym_00b9b74c
.globl _sym_00b9b74c
_sym_00b9b74c:
.long _sym_00b9b720
.long _sym_00b9b780
.long _sym_00b92808
.long _sym_00b92860
.long _sym_00b9267c
.long _sym_00b92698
.long _sym_00b9277c
.long _sym_00b92798
.long _sym_00b927b4
.long _sym_00b927d0
.long _sym_00b927ec
.long _sym_00b928b0
.byte 0x00, 0x00, 0x00, 0x00
.globl _sym_00b9b780
_sym_00b9b780:
.long _sym_00c11dc0
.byte 0x0a, 0x00, 0x00, 0x00, 0x00, 0x00, 0x00, 0x00, 0xff, 0xff, 0xff, 0xff, 0x00, 0x00, 0x00, 0x00
.byte 0x40, 0x00, 0x00, 0x00
.long _sym_00b9b79c
.globl _sym_00b9b79c
_sym_00b9b79c:
.byte 0x00, 0x00, 0x00, 0x00, 0x01, 0x00, 0x00, 0x00, 0x0b, 0x00, 0x00, 0x00
.long _sym_00b9b7ac
.globl _sym_00b9b7ac
_sym_00b9b7ac:
.long _sym_00b9b780
.long _sym_00b92808
.long _sym_00b92860
.long _sym_00b9267c
.long _sym_00b92698
.long _sym_00b9277c
.long _sym_00b92798
.long _sym_00b927b4
.long _sym_00b927d0
.long _sym_00b927ec
.long _sym_00b928b0
.byte 0x00, 0x00, 0x00, 0x00
.globl _sym_00b9b7dc
_sym_00b9b7dc:
.byte 0x00, 0x00, 0x00, 0x00, 0x00, 0x00, 0x00, 0x00, 0x00, 0x00, 0x00, 0x00
.long _sym_00c11d50
.long _sym_00b9b73c
.globl _sym_00b9b7f0
_sym_00b9b7f0:
.byte 0x00, 0x00, 0x00, 0x00, 0x00, 0x00, 0x00, 0x00, 0x00, 0x00, 0x00, 0x00
.long _sym_00c11dc0
.long _sym_00b9b79c
.globl _sym_00b9b804
_sym_00b9b804:
.byte 0x00, 0x00, 0x00, 0x00, 0x00, 0x00, 0x00, 0x00, 0x00, 0x00, 0x00, 0x00
.long _sym_00c11e30
.long _sym_00b9b818
.globl _sym_00b9b818
_sym_00b9b818:
.byte 0x00, 0x00, 0x00, 0x00, 0x01, 0x00, 0x00, 0x00, 0x0d, 0x00, 0x00, 0x00
.long _sym_00b9b828
.globl _sym_00b9b828
_sym_00b9b828:
.long _sym_00b9b860
.long _sym_00b9b87c
.long _sym_00b9b8dc
.long _sym_00b92808
.long _sym_00b92860
.long _sym_00b9267c
.long _sym_00b92698
.long _sym_00b9277c
.long _sym_00b92798
.long _sym_00b927b4
.long _sym_00b927d0
.long _sym_00b927ec
.long _sym_00b928b0
.byte 0x00, 0x00, 0x00, 0x00
.globl _sym_00b9b860
_sym_00b9b860:
.long _sym_00c11e30
.byte 0x0c, 0x00, 0x00, 0x00, 0x00, 0x00, 0x00, 0x00, 0xff, 0xff, 0xff, 0xff, 0x00, 0x00, 0x00, 0x00
.byte 0x40, 0x00, 0x00, 0x00
.long _sym_00b9b818
.globl _sym_00b9b87c
_sym_00b9b87c:
.long _sym_00c11ea0
.byte 0x0b, 0x00, 0x00, 0x00, 0x00, 0x00, 0x00, 0x00, 0xff, 0xff, 0xff, 0xff, 0x00, 0x00, 0x00, 0x00
.byte 0x40, 0x00, 0x00, 0x00
.long _sym_00b9b898
.globl _sym_00b9b898
_sym_00b9b898:
.byte 0x00, 0x00, 0x00, 0x00, 0x01, 0x00, 0x00, 0x00, 0x0c, 0x00, 0x00, 0x00
.long _sym_00b9b8a8
.globl _sym_00b9b8a8
_sym_00b9b8a8:
.long _sym_00b9b87c
.long _sym_00b9b8dc
.long _sym_00b92808
.long _sym_00b92860
.long _sym_00b9267c
.long _sym_00b92698
.long _sym_00b9277c
.long _sym_00b92798
.long _sym_00b927b4
.long _sym_00b927d0
.long _sym_00b927ec
.long _sym_00b928b0
.byte 0x00, 0x00, 0x00, 0x00
.globl _sym_00b9b8dc
_sym_00b9b8dc:
.long _sym_00c11f10
.byte 0x0a, 0x00, 0x00, 0x00, 0x00, 0x00, 0x00, 0x00, 0xff, 0xff, 0xff, 0xff, 0x00, 0x00, 0x00, 0x00
.byte 0x40, 0x00, 0x00, 0x00
.long _sym_00b9b8f8
.globl _sym_00b9b8f8
_sym_00b9b8f8:
.byte 0x00, 0x00, 0x00, 0x00, 0x01, 0x00, 0x00, 0x00, 0x0b, 0x00, 0x00, 0x00
.long _sym_00b9b908
.globl _sym_00b9b908
_sym_00b9b908:
.long _sym_00b9b8dc
.long _sym_00b92808
.long _sym_00b92860
.long _sym_00b9267c
.long _sym_00b92698
.long _sym_00b9277c
.long _sym_00b92798
.long _sym_00b927b4
.long _sym_00b927d0
.long _sym_00b927ec
.long _sym_00b928b0
.byte 0x00, 0x00, 0x00, 0x00
.globl _sym_00b9b938
_sym_00b9b938:
.byte 0x00, 0x00, 0x00, 0x00, 0x00, 0x00, 0x00, 0x00, 0x00, 0x00, 0x00, 0x00
.long _sym_00c11ea0
.long _sym_00b9b898
.globl _sym_00b9b94c
_sym_00b9b94c:
.byte 0x00, 0x00, 0x00, 0x00, 0x00, 0x00, 0x00, 0x00, 0x00, 0x00, 0x00, 0x00
.long _sym_00c11f10
.long _sym_00b9b8f8
.globl _sym_00b9b960
_sym_00b9b960:
.byte 0x00, 0x00, 0x00, 0x00, 0x00, 0x00, 0x00, 0x00, 0x00, 0x00, 0x00, 0x00
.long _sym_00c11f80
.long _sym_00b9b974
.globl _sym_00b9b974
_sym_00b9b974:
.byte 0x00, 0x00, 0x00, 0x00, 0x01, 0x00, 0x00, 0x00, 0x0d, 0x00, 0x00, 0x00
.long _sym_00b9b984
.globl _sym_00b9b984
_sym_00b9b984:
.long _sym_00b9b9bc
.long _sym_00b9b9d8
.long _sym_00b9ba38
.long _sym_00b92808
.long _sym_00b92860
.long _sym_00b9267c
.long _sym_00b92698
.long _sym_00b9277c
.long _sym_00b92798
.long _sym_00b927b4
.long _sym_00b927d0
.long _sym_00b927ec
.long _sym_00b928b0
.byte 0x00, 0x00, 0x00, 0x00
.globl _sym_00b9b9bc
_sym_00b9b9bc:
.long _sym_00c11f80
.byte 0x0c, 0x00, 0x00, 0x00, 0x00, 0x00, 0x00, 0x00, 0xff, 0xff, 0xff, 0xff, 0x00, 0x00, 0x00, 0x00
.byte 0x40, 0x00, 0x00, 0x00
.long _sym_00b9b974
.globl _sym_00b9b9d8
_sym_00b9b9d8:
.long _sym_00c11ff0
.byte 0x0b, 0x00, 0x00, 0x00, 0x00, 0x00, 0x00, 0x00, 0xff, 0xff, 0xff, 0xff, 0x00, 0x00, 0x00, 0x00
.byte 0x40, 0x00, 0x00, 0x00
.long _sym_00b9b9f4
.globl _sym_00b9b9f4
_sym_00b9b9f4:
.byte 0x00, 0x00, 0x00, 0x00, 0x01, 0x00, 0x00, 0x00, 0x0c, 0x00, 0x00, 0x00
.long _sym_00b9ba04
.globl _sym_00b9ba04
_sym_00b9ba04:
.long _sym_00b9b9d8
.long _sym_00b9ba38
.long _sym_00b92808
.long _sym_00b92860
.long _sym_00b9267c
.long _sym_00b92698
.long _sym_00b9277c
.long _sym_00b92798
.long _sym_00b927b4
.long _sym_00b927d0
.long _sym_00b927ec
.long _sym_00b928b0
.byte 0x00, 0x00, 0x00, 0x00
.globl _sym_00b9ba38
_sym_00b9ba38:
.long _sym_00c12060
.byte 0x0a, 0x00, 0x00, 0x00, 0x00, 0x00, 0x00, 0x00, 0xff, 0xff, 0xff, 0xff, 0x00, 0x00, 0x00, 0x00
.byte 0x40, 0x00, 0x00, 0x00
.long _sym_00b9ba54
.globl _sym_00b9ba54
_sym_00b9ba54:
.byte 0x00, 0x00, 0x00, 0x00, 0x01, 0x00, 0x00, 0x00, 0x0b, 0x00, 0x00, 0x00
.long _sym_00b9ba64
.globl _sym_00b9ba64
_sym_00b9ba64:
.long _sym_00b9ba38
.long _sym_00b92808
.long _sym_00b92860
.long _sym_00b9267c
.long _sym_00b92698
.long _sym_00b9277c
.long _sym_00b92798
.long _sym_00b927b4
.long _sym_00b927d0
.long _sym_00b927ec
.long _sym_00b928b0
.byte 0x00, 0x00, 0x00, 0x00
.globl _sym_00b9ba94
_sym_00b9ba94:
.byte 0x00, 0x00, 0x00, 0x00, 0x00, 0x00, 0x00, 0x00, 0x00, 0x00, 0x00, 0x00
.long _sym_00c11ff0
.long _sym_00b9b9f4
.globl _sym_00b9baa8
_sym_00b9baa8:
.byte 0x00, 0x00, 0x00, 0x00, 0x00, 0x00, 0x00, 0x00, 0x00, 0x00, 0x00, 0x00
.long _sym_00c12060
.long _sym_00b9ba54
.globl _sym_00b9babc
_sym_00b9babc:
.byte 0x00, 0x00, 0x00, 0x00, 0x00, 0x00, 0x00, 0x00, 0x00, 0x00, 0x00, 0x00
.long _sym_00c120d0
.long _sym_00b9bad0
.globl _sym_00b9bad0
_sym_00b9bad0:
.byte 0x00, 0x00, 0x00, 0x00, 0x01, 0x00, 0x00, 0x00, 0x0d, 0x00, 0x00, 0x00
.long _sym_00b9bae0
.globl _sym_00b9bae0
_sym_00b9bae0:
.long _sym_00b9bb18
.long _sym_00b9bb34
.long _sym_00b9bb94
.long _sym_00b92808
.long _sym_00b92860
.long _sym_00b9267c
.long _sym_00b92698
.long _sym_00b9277c
.long _sym_00b92798
.long _sym_00b927b4
.long _sym_00b927d0
.long _sym_00b927ec
.long _sym_00b928b0
.byte 0x00, 0x00, 0x00, 0x00
.globl _sym_00b9bb18
_sym_00b9bb18:
.long _sym_00c120d0
.byte 0x0c, 0x00, 0x00, 0x00, 0x00, 0x00, 0x00, 0x00, 0xff, 0xff, 0xff, 0xff, 0x00, 0x00, 0x00, 0x00
.byte 0x40, 0x00, 0x00, 0x00
.long _sym_00b9bad0
.globl _sym_00b9bb34
_sym_00b9bb34:
.long _sym_00c12138
.byte 0x0b, 0x00, 0x00, 0x00, 0x00, 0x00, 0x00, 0x00, 0xff, 0xff, 0xff, 0xff, 0x00, 0x00, 0x00, 0x00
.byte 0x40, 0x00, 0x00, 0x00
.long _sym_00b9bb50
.globl _sym_00b9bb50
_sym_00b9bb50:
.byte 0x00, 0x00, 0x00, 0x00, 0x01, 0x00, 0x00, 0x00, 0x0c, 0x00, 0x00, 0x00
.long _sym_00b9bb60
.globl _sym_00b9bb60
_sym_00b9bb60:
.long _sym_00b9bb34
.long _sym_00b9bb94
.long _sym_00b92808
.long _sym_00b92860
.long _sym_00b9267c
.long _sym_00b92698
.long _sym_00b9277c
.long _sym_00b92798
.long _sym_00b927b4
.long _sym_00b927d0
.long _sym_00b927ec
.long _sym_00b928b0
.byte 0x00, 0x00, 0x00, 0x00
.globl _sym_00b9bb94
_sym_00b9bb94:
.long _sym_00c121a0
.byte 0x0a, 0x00, 0x00, 0x00, 0x00, 0x00, 0x00, 0x00, 0xff, 0xff, 0xff, 0xff, 0x00, 0x00, 0x00, 0x00
.byte 0x40, 0x00, 0x00, 0x00
.long _sym_00b9bbb0
.globl _sym_00b9bbb0
_sym_00b9bbb0:
.byte 0x00, 0x00, 0x00, 0x00, 0x01, 0x00, 0x00, 0x00, 0x0b, 0x00, 0x00, 0x00
.long _sym_00b9bbc0
.globl _sym_00b9bbc0
_sym_00b9bbc0:
.long _sym_00b9bb94
.long _sym_00b92808
.long _sym_00b92860
.long _sym_00b9267c
.long _sym_00b92698
.long _sym_00b9277c
.long _sym_00b92798
.long _sym_00b927b4
.long _sym_00b927d0
.long _sym_00b927ec
.long _sym_00b928b0
.byte 0x00, 0x00, 0x00, 0x00
.globl _sym_00b9bbf0
_sym_00b9bbf0:
.byte 0x00, 0x00, 0x00, 0x00, 0x00, 0x00, 0x00, 0x00, 0x00, 0x00, 0x00, 0x00
.long _sym_00c12138
.long _sym_00b9bb50
.globl _sym_00b9bc04
_sym_00b9bc04:
.byte 0x00, 0x00, 0x00, 0x00, 0x00, 0x00, 0x00, 0x00, 0x00, 0x00, 0x00, 0x00
.long _sym_00c121a0
.long _sym_00b9bbb0
.globl _sym_00b9bc18
_sym_00b9bc18:
.byte 0x00, 0x00, 0x00, 0x00, 0x00, 0x00, 0x00, 0x00, 0x00, 0x00, 0x00, 0x00
.long _sym_00c12208
.long _sym_00b9bc2c
.globl _sym_00b9bc2c
_sym_00b9bc2c:
.byte 0x00, 0x00, 0x00, 0x00, 0x01, 0x00, 0x00, 0x00, 0x0d, 0x00, 0x00, 0x00
.long _sym_00b9bc3c
.globl _sym_00b9bc3c
_sym_00b9bc3c:
.long _sym_00b9bc74
.long _sym_00b9bc90
.long _sym_00b9bcf0
.long _sym_00b92808
.long _sym_00b92860
.long _sym_00b9267c
.long _sym_00b92698
.long _sym_00b9277c
.long _sym_00b92798
.long _sym_00b927b4
.long _sym_00b927d0
.long _sym_00b927ec
.long _sym_00b928b0
.byte 0x00, 0x00, 0x00, 0x00
.globl _sym_00b9bc74
_sym_00b9bc74:
.long _sym_00c12208
.byte 0x0c, 0x00, 0x00, 0x00, 0x00, 0x00, 0x00, 0x00, 0xff, 0xff, 0xff, 0xff, 0x00, 0x00, 0x00, 0x00
.byte 0x40, 0x00, 0x00, 0x00
.long _sym_00b9bc2c
.globl _sym_00b9bc90
_sym_00b9bc90:
.long _sym_00c12280
.byte 0x0b, 0x00, 0x00, 0x00, 0x00, 0x00, 0x00, 0x00, 0xff, 0xff, 0xff, 0xff, 0x00, 0x00, 0x00, 0x00
.byte 0x40, 0x00, 0x00, 0x00
.long _sym_00b9bcac
.globl _sym_00b9bcac
_sym_00b9bcac:
.byte 0x00, 0x00, 0x00, 0x00, 0x01, 0x00, 0x00, 0x00, 0x0c, 0x00, 0x00, 0x00
.long _sym_00b9bcbc
.globl _sym_00b9bcbc
_sym_00b9bcbc:
.long _sym_00b9bc90
.long _sym_00b9bcf0
.long _sym_00b92808
.long _sym_00b92860
.long _sym_00b9267c
.long _sym_00b92698
.long _sym_00b9277c
.long _sym_00b92798
.long _sym_00b927b4
.long _sym_00b927d0
.long _sym_00b927ec
.long _sym_00b928b0
.byte 0x00, 0x00, 0x00, 0x00
.globl _sym_00b9bcf0
_sym_00b9bcf0:
.long _sym_00c122f8
.byte 0x0a, 0x00, 0x00, 0x00, 0x00, 0x00, 0x00, 0x00, 0xff, 0xff, 0xff, 0xff, 0x00, 0x00, 0x00, 0x00
.byte 0x40, 0x00, 0x00, 0x00
.long _sym_00b9bd0c
.globl _sym_00b9bd0c
_sym_00b9bd0c:
.byte 0x00, 0x00, 0x00, 0x00, 0x01, 0x00, 0x00, 0x00, 0x0b, 0x00, 0x00, 0x00
.long _sym_00b9bd1c
.globl _sym_00b9bd1c
_sym_00b9bd1c:
.long _sym_00b9bcf0
.long _sym_00b92808
.long _sym_00b92860
.long _sym_00b9267c
.long _sym_00b92698
.long _sym_00b9277c
.long _sym_00b92798
.long _sym_00b927b4
.long _sym_00b927d0
.long _sym_00b927ec
.long _sym_00b928b0
.byte 0x00, 0x00, 0x00, 0x00
.globl _sym_00b9bd4c
_sym_00b9bd4c:
.byte 0x00, 0x00, 0x00, 0x00, 0x00, 0x00, 0x00, 0x00, 0x00, 0x00, 0x00, 0x00
.long _sym_00c12280
.long _sym_00b9bcac
.globl _sym_00b9bd60
_sym_00b9bd60:
.byte 0x00, 0x00, 0x00, 0x00, 0x00, 0x00, 0x00, 0x00, 0x00, 0x00, 0x00, 0x00
.long _sym_00c122f8
.long _sym_00b9bd0c
.globl _sym_00b9bd74
_sym_00b9bd74:
.byte 0x00, 0x00, 0x00, 0x00, 0x00, 0x00, 0x00, 0x00, 0x00, 0x00, 0x00, 0x00
.long _sym_00c12368
.long _sym_00b9bd88
.globl _sym_00b9bd88
_sym_00b9bd88:
.byte 0x00, 0x00, 0x00, 0x00, 0x01, 0x00, 0x00, 0x00, 0x0d, 0x00, 0x00, 0x00
.long _sym_00b9bd98
.globl _sym_00b9bd98
_sym_00b9bd98:
.long _sym_00b9bdd0
.long _sym_00b9bdec
.long _sym_00b9be4c
.long _sym_00b92808
.long _sym_00b92860
.long _sym_00b9267c
.long _sym_00b92698
.long _sym_00b9277c
.long _sym_00b92798
.long _sym_00b927b4
.long _sym_00b927d0
.long _sym_00b927ec
.long _sym_00b928b0
.byte 0x00, 0x00, 0x00, 0x00
.globl _sym_00b9bdd0
_sym_00b9bdd0:
.long _sym_00c12368
.byte 0x0c, 0x00, 0x00, 0x00, 0x00, 0x00, 0x00, 0x00, 0xff, 0xff, 0xff, 0xff, 0x00, 0x00, 0x00, 0x00
.byte 0x40, 0x00, 0x00, 0x00
.long _sym_00b9bd88
.globl _sym_00b9bdec
_sym_00b9bdec:
.long _sym_00c123e0
.byte 0x0b, 0x00, 0x00, 0x00, 0x00, 0x00, 0x00, 0x00, 0xff, 0xff, 0xff, 0xff, 0x00, 0x00, 0x00, 0x00
.byte 0x40, 0x00, 0x00, 0x00
.long _sym_00b9be08
.globl _sym_00b9be08
_sym_00b9be08:
.byte 0x00, 0x00, 0x00, 0x00, 0x01, 0x00, 0x00, 0x00, 0x0c, 0x00, 0x00, 0x00
.long _sym_00b9be18
.globl _sym_00b9be18
_sym_00b9be18:
.long _sym_00b9bdec
.long _sym_00b9be4c
.long _sym_00b92808
.long _sym_00b92860
.long _sym_00b9267c
.long _sym_00b92698
.long _sym_00b9277c
.long _sym_00b92798
.long _sym_00b927b4
.long _sym_00b927d0
.long _sym_00b927ec
.long _sym_00b928b0
.byte 0x00, 0x00, 0x00, 0x00
.globl _sym_00b9be4c
_sym_00b9be4c:
.long _sym_00c12458
.byte 0x0a, 0x00, 0x00, 0x00, 0x00, 0x00, 0x00, 0x00, 0xff, 0xff, 0xff, 0xff, 0x00, 0x00, 0x00, 0x00
.byte 0x40, 0x00, 0x00, 0x00
.long _sym_00b9be68
.globl _sym_00b9be68
_sym_00b9be68:
.byte 0x00, 0x00, 0x00, 0x00, 0x01, 0x00, 0x00, 0x00, 0x0b, 0x00, 0x00, 0x00
.long _sym_00b9be78
.globl _sym_00b9be78
_sym_00b9be78:
.long _sym_00b9be4c
.long _sym_00b92808
.long _sym_00b92860
.long _sym_00b9267c
.long _sym_00b92698
.long _sym_00b9277c
.long _sym_00b92798
.long _sym_00b927b4
.long _sym_00b927d0
.long _sym_00b927ec
.long _sym_00b928b0
.byte 0x00, 0x00, 0x00, 0x00
.globl _sym_00b9bea8
_sym_00b9bea8:
.byte 0x00, 0x00, 0x00, 0x00, 0x00, 0x00, 0x00, 0x00, 0x00, 0x00, 0x00, 0x00
.long _sym_00c123e0
.long _sym_00b9be08
.globl _sym_00b9bebc
_sym_00b9bebc:
.byte 0x00, 0x00, 0x00, 0x00, 0x00, 0x00, 0x00, 0x00, 0x00, 0x00, 0x00, 0x00
.long _sym_00c12458
.long _sym_00b9be68
.globl _sym_00b9bed0
_sym_00b9bed0:
.byte 0x00, 0x00, 0x00, 0x00, 0x00, 0x00, 0x00, 0x00, 0x00, 0x00, 0x00, 0x00
.long _sym_00c124d0
.long _sym_00b9bee4
.globl _sym_00b9bee4
_sym_00b9bee4:
.byte 0x00, 0x00, 0x00, 0x00, 0x01, 0x00, 0x00, 0x00, 0x0d, 0x00, 0x00, 0x00
.long _sym_00b9bef4
.globl _sym_00b9bef4
_sym_00b9bef4:
.long _sym_00b9bf2c
.long _sym_00b9bf48
.long _sym_00b9bfa8
.long _sym_00b92808
.long _sym_00b92860
.long _sym_00b9267c
.long _sym_00b92698
.long _sym_00b9277c
.long _sym_00b92798
.long _sym_00b927b4
.long _sym_00b927d0
.long _sym_00b927ec
.long _sym_00b928b0
.byte 0x00, 0x00, 0x00, 0x00
.globl _sym_00b9bf2c
_sym_00b9bf2c:
.long _sym_00c124d0
.byte 0x0c, 0x00, 0x00, 0x00, 0x00, 0x00, 0x00, 0x00, 0xff, 0xff, 0xff, 0xff, 0x00, 0x00, 0x00, 0x00
.byte 0x40, 0x00, 0x00, 0x00
.long _sym_00b9bee4
.globl _sym_00b9bf48
_sym_00b9bf48:
.long _sym_00c12548
.byte 0x0b, 0x00, 0x00, 0x00, 0x00, 0x00, 0x00, 0x00, 0xff, 0xff, 0xff, 0xff, 0x00, 0x00, 0x00, 0x00
.byte 0x40, 0x00, 0x00, 0x00
.long _sym_00b9bf64
.globl _sym_00b9bf64
_sym_00b9bf64:
.byte 0x00, 0x00, 0x00, 0x00, 0x01, 0x00, 0x00, 0x00, 0x0c, 0x00, 0x00, 0x00
.long _sym_00b9bf74
.globl _sym_00b9bf74
_sym_00b9bf74:
.long _sym_00b9bf48
.long _sym_00b9bfa8
.long _sym_00b92808
.long _sym_00b92860
.long _sym_00b9267c
.long _sym_00b92698
.long _sym_00b9277c
.long _sym_00b92798
.long _sym_00b927b4
.long _sym_00b927d0
.long _sym_00b927ec
.long _sym_00b928b0
.byte 0x00, 0x00, 0x00, 0x00
.globl _sym_00b9bfa8
_sym_00b9bfa8:
.long _sym_00c125c0
.byte 0x0a, 0x00, 0x00, 0x00, 0x00, 0x00, 0x00, 0x00, 0xff, 0xff, 0xff, 0xff, 0x00, 0x00, 0x00, 0x00
.byte 0x40, 0x00, 0x00, 0x00
.long _sym_00b9bfc4
.globl _sym_00b9bfc4
_sym_00b9bfc4:
.byte 0x00, 0x00, 0x00, 0x00, 0x01, 0x00, 0x00, 0x00, 0x0b, 0x00, 0x00, 0x00
.long _sym_00b9bfd4
.globl _sym_00b9bfd4
_sym_00b9bfd4:
.long _sym_00b9bfa8
.long _sym_00b92808
.long _sym_00b92860
.long _sym_00b9267c
.long _sym_00b92698
.long _sym_00b9277c
.long _sym_00b92798
.long _sym_00b927b4
.long _sym_00b927d0
.long _sym_00b927ec
.long _sym_00b928b0
