.code32
.section d07cc000,"dw"
.byte 0x00, 0x00, 0x00, 0x00, 0x00, 0x00, 0x00, 0x00, 0x01, 0x00, 0x00, 0x00
.globl _sym_00bcc00c
_sym_00bcc00c:
.byte 0xff, 0xff, 0xff, 0xff
.long _sym_00aa7490
.globl _sym_00bcc014
_sym_00bcc014:
.byte 0x22, 0x05, 0x93, 0x19, 0x01, 0x00, 0x00, 0x00
.long _sym_00bcc00c
.byte 0x00, 0x00, 0x00, 0x00, 0x00, 0x00, 0x00, 0x00, 0x00, 0x00, 0x00, 0x00, 0x00, 0x00, 0x00, 0x00
.byte 0x00, 0x00, 0x00, 0x00, 0x01, 0x00, 0x00, 0x00
.globl _sym_00bcc038
_sym_00bcc038:
.byte 0xff, 0xff, 0xff, 0xff
.long _sym_00aa74c0
.globl _sym_00bcc040
_sym_00bcc040:
.byte 0x22, 0x05, 0x93, 0x19, 0x01, 0x00, 0x00, 0x00
.long _sym_00bcc038
.byte 0x00, 0x00, 0x00, 0x00, 0x00, 0x00, 0x00, 0x00, 0x00, 0x00, 0x00, 0x00, 0x00, 0x00, 0x00, 0x00
.byte 0x00, 0x00, 0x00, 0x00, 0x01, 0x00, 0x00, 0x00
.globl _sym_00bcc064
_sym_00bcc064:
.byte 0xff, 0xff, 0xff, 0xff
.long _sym_00aa7130
.globl _sym_00bcc06c
_sym_00bcc06c:
.byte 0x22, 0x05, 0x93, 0x19, 0x01, 0x00, 0x00, 0x00
.long _sym_00bcc064
.byte 0x00, 0x00, 0x00, 0x00, 0x00, 0x00, 0x00, 0x00, 0x00, 0x00, 0x00, 0x00, 0x00, 0x00, 0x00, 0x00
.byte 0x00, 0x00, 0x00, 0x00, 0x01, 0x00, 0x00, 0x00
.globl _sym_00bcc090
_sym_00bcc090:
.byte 0xff, 0xff, 0xff, 0xff
.long _sym_00aa6f80
.byte 0xff, 0xff, 0xff, 0xff, 0x00, 0x00, 0x00, 0x00, 0xff, 0xff, 0xff, 0xff, 0x00, 0x00, 0x00, 0x00
.byte 0xff, 0xff, 0xff, 0xff, 0x00, 0x00, 0x00, 0x00
.globl _sym_00bcc0b0
_sym_00bcc0b0:
.byte 0x22, 0x05, 0x93, 0x19, 0x04, 0x00, 0x00, 0x00
.long _sym_00bcc090
.byte 0x00, 0x00, 0x00, 0x00, 0x00, 0x00, 0x00, 0x00, 0x00, 0x00, 0x00, 0x00, 0x00, 0x00, 0x00, 0x00
.byte 0x00, 0x00, 0x00, 0x00, 0x01, 0x00, 0x00, 0x00
.globl _sym_00bcc0d4
_sym_00bcc0d4:
.byte 0xff, 0xff, 0xff, 0xff
.long _sym_00aa7010
.globl _sym_00bcc0dc
_sym_00bcc0dc:
.byte 0x22, 0x05, 0x93, 0x19, 0x01, 0x00, 0x00, 0x00
.long _sym_00bcc0d4
.byte 0x00, 0x00, 0x00, 0x00, 0x00, 0x00, 0x00, 0x00, 0x00, 0x00, 0x00, 0x00, 0x00, 0x00, 0x00, 0x00
.byte 0x00, 0x00, 0x00, 0x00, 0x01, 0x00, 0x00, 0x00
.globl _sym_00bcc100
_sym_00bcc100:
.byte 0xff, 0xff, 0xff, 0xff
.long _sym_00aa6f20
.byte 0xff, 0xff, 0xff, 0xff, 0x00, 0x00, 0x00, 0x00, 0xff, 0xff, 0xff, 0xff, 0x00, 0x00, 0x00, 0x00
.byte 0xff, 0xff, 0xff, 0xff, 0x00, 0x00, 0x00, 0x00
.globl _sym_00bcc120
_sym_00bcc120:
.byte 0x22, 0x05, 0x93, 0x19, 0x04, 0x00, 0x00, 0x00
.long _sym_00bcc100
.byte 0x00, 0x00, 0x00, 0x00, 0x00, 0x00, 0x00, 0x00, 0x00, 0x00, 0x00, 0x00, 0x00, 0x00, 0x00, 0x00
.byte 0x00, 0x00, 0x00, 0x00, 0x01, 0x00, 0x00, 0x00
.globl _sym_00bcc144
_sym_00bcc144:
.byte 0xff, 0xff, 0xff, 0xff
.long _sym_00aa6fb0
.byte 0xff, 0xff, 0xff, 0xff, 0x00, 0x00, 0x00, 0x00, 0xff, 0xff, 0xff, 0xff, 0x00, 0x00, 0x00, 0x00
.byte 0xff, 0xff, 0xff, 0xff, 0x00, 0x00, 0x00, 0x00
.globl _sym_00bcc164
_sym_00bcc164:
.byte 0x22, 0x05, 0x93, 0x19, 0x04, 0x00, 0x00, 0x00
.long _sym_00bcc144
.byte 0x00, 0x00, 0x00, 0x00, 0x00, 0x00, 0x00, 0x00, 0x00, 0x00, 0x00, 0x00, 0x00, 0x00, 0x00, 0x00
.byte 0x00, 0x00, 0x00, 0x00, 0x01, 0x00, 0x00, 0x00
.globl _sym_00bcc188
_sym_00bcc188:
.byte 0xff, 0xff, 0xff, 0xff
.long _sym_00aa6fe0
.byte 0xff, 0xff, 0xff, 0xff, 0x00, 0x00, 0x00, 0x00, 0xff, 0xff, 0xff, 0xff, 0x00, 0x00, 0x00, 0x00
.byte 0xff, 0xff, 0xff, 0xff, 0x00, 0x00, 0x00, 0x00
.globl _sym_00bcc1a8
_sym_00bcc1a8:
.byte 0x22, 0x05, 0x93, 0x19, 0x04, 0x00, 0x00, 0x00
.long _sym_00bcc188
.byte 0x00, 0x00, 0x00, 0x00, 0x00, 0x00, 0x00, 0x00, 0x00, 0x00, 0x00, 0x00, 0x00, 0x00, 0x00, 0x00
.byte 0x00, 0x00, 0x00, 0x00, 0x01, 0x00, 0x00, 0x00
.globl _sym_00bcc1cc
_sym_00bcc1cc:
.byte 0xff, 0xff, 0xff, 0xff
.long _sym_00aa7310
.byte 0xff, 0xff, 0xff, 0xff, 0x00, 0x00, 0x00, 0x00, 0xff, 0xff, 0xff, 0xff, 0x00, 0x00, 0x00, 0x00
.byte 0xff, 0xff, 0xff, 0xff, 0x00, 0x00, 0x00, 0x00
.globl _sym_00bcc1ec
_sym_00bcc1ec:
.byte 0x22, 0x05, 0x93, 0x19, 0x04, 0x00, 0x00, 0x00
.long _sym_00bcc1cc
.byte 0x00, 0x00, 0x00, 0x00, 0x00, 0x00, 0x00, 0x00, 0x00, 0x00, 0x00, 0x00, 0x00, 0x00, 0x00, 0x00
.byte 0x00, 0x00, 0x00, 0x00, 0x01, 0x00, 0x00, 0x00
.globl _sym_00bcc210
_sym_00bcc210:
.byte 0xff, 0xff, 0xff, 0xff
.long _sym_00aa73d0
.byte 0xff, 0xff, 0xff, 0xff, 0x00, 0x00, 0x00, 0x00, 0xff, 0xff, 0xff, 0xff, 0x00, 0x00, 0x00, 0x00
.byte 0xff, 0xff, 0xff, 0xff, 0x00, 0x00, 0x00, 0x00
.globl _sym_00bcc230
_sym_00bcc230:
.byte 0x22, 0x05, 0x93, 0x19, 0x04, 0x00, 0x00, 0x00
.long _sym_00bcc210
.byte 0x00, 0x00, 0x00, 0x00, 0x00, 0x00, 0x00, 0x00, 0x00, 0x00, 0x00, 0x00, 0x00, 0x00, 0x00, 0x00
.byte 0x00, 0x00, 0x00, 0x00, 0x01, 0x00, 0x00, 0x00
.globl _sym_00bcc254
_sym_00bcc254:
.byte 0xff, 0xff, 0xff, 0xff
.long _sym_00aa6ec0
.byte 0xff, 0xff, 0xff, 0xff, 0x00, 0x00, 0x00, 0x00, 0xff, 0xff, 0xff, 0xff, 0x00, 0x00, 0x00, 0x00
.byte 0xff, 0xff, 0xff, 0xff, 0x00, 0x00, 0x00, 0x00
.globl _sym_00bcc274
_sym_00bcc274:
.byte 0x22, 0x05, 0x93, 0x19, 0x04, 0x00, 0x00, 0x00
.long _sym_00bcc254
.byte 0x00, 0x00, 0x00, 0x00, 0x00, 0x00, 0x00, 0x00, 0x00, 0x00, 0x00, 0x00, 0x00, 0x00, 0x00, 0x00
.byte 0x00, 0x00, 0x00, 0x00, 0x01, 0x00, 0x00, 0x00
.globl _sym_00bcc298
_sym_00bcc298:
.byte 0xff, 0xff, 0xff, 0xff
.long _sym_00aa6f50
.byte 0xff, 0xff, 0xff, 0xff, 0x00, 0x00, 0x00, 0x00, 0xff, 0xff, 0xff, 0xff, 0x00, 0x00, 0x00, 0x00
.byte 0xff, 0xff, 0xff, 0xff, 0x00, 0x00, 0x00, 0x00
.globl _sym_00bcc2b8
_sym_00bcc2b8:
.byte 0x22, 0x05, 0x93, 0x19, 0x04, 0x00, 0x00, 0x00
.long _sym_00bcc298
.byte 0x00, 0x00, 0x00, 0x00, 0x00, 0x00, 0x00, 0x00, 0x00, 0x00, 0x00, 0x00, 0x00, 0x00, 0x00, 0x00
.byte 0x00, 0x00, 0x00, 0x00, 0x01, 0x00, 0x00, 0x00
.globl _sym_00bcc2dc
_sym_00bcc2dc:
.byte 0xff, 0xff, 0xff, 0xff
.long _sym_00aa7340
.byte 0xff, 0xff, 0xff, 0xff, 0x00, 0x00, 0x00, 0x00, 0xff, 0xff, 0xff, 0xff, 0x00, 0x00, 0x00, 0x00
.byte 0xff, 0xff, 0xff, 0xff, 0x00, 0x00, 0x00, 0x00
.globl _sym_00bcc2fc
_sym_00bcc2fc:
.byte 0x22, 0x05, 0x93, 0x19, 0x04, 0x00, 0x00, 0x00
.long _sym_00bcc2dc
.byte 0x00, 0x00, 0x00, 0x00, 0x00, 0x00, 0x00, 0x00, 0x00, 0x00, 0x00, 0x00, 0x00, 0x00, 0x00, 0x00
.byte 0x00, 0x00, 0x00, 0x00, 0x01, 0x00, 0x00, 0x00
.globl _sym_00bcc320
_sym_00bcc320:
.byte 0xff, 0xff, 0xff, 0xff
.long _sym_00aa7430
.byte 0xff, 0xff, 0xff, 0xff, 0x00, 0x00, 0x00, 0x00, 0xff, 0xff, 0xff, 0xff, 0x00, 0x00, 0x00, 0x00
.byte 0xff, 0xff, 0xff, 0xff, 0x00, 0x00, 0x00, 0x00
.globl _sym_00bcc340
_sym_00bcc340:
.byte 0x22, 0x05, 0x93, 0x19, 0x04, 0x00, 0x00, 0x00
.long _sym_00bcc320
.byte 0x00, 0x00, 0x00, 0x00, 0x00, 0x00, 0x00, 0x00, 0x00, 0x00, 0x00, 0x00, 0x00, 0x00, 0x00, 0x00
.byte 0x00, 0x00, 0x00, 0x00, 0x01, 0x00, 0x00, 0x00
.globl _sym_00bcc364
_sym_00bcc364:
.byte 0xff, 0xff, 0xff, 0xff
.long _sym_00aa7460
.byte 0xff, 0xff, 0xff, 0xff, 0x00, 0x00, 0x00, 0x00, 0xff, 0xff, 0xff, 0xff, 0x00, 0x00, 0x00, 0x00
.byte 0xff, 0xff, 0xff, 0xff, 0x00, 0x00, 0x00, 0x00
.globl _sym_00bcc384
_sym_00bcc384:
.byte 0x22, 0x05, 0x93, 0x19, 0x04, 0x00, 0x00, 0x00
.long _sym_00bcc364
.byte 0x00, 0x00, 0x00, 0x00, 0x00, 0x00, 0x00, 0x00, 0x00, 0x00, 0x00, 0x00, 0x00, 0x00, 0x00, 0x00
.byte 0x00, 0x00, 0x00, 0x00, 0x01, 0x00, 0x00, 0x00
.globl _sym_00bcc3a8
_sym_00bcc3a8:
.byte 0xff, 0xff, 0xff, 0xff
.long _sym_00aa6ef0
.byte 0xff, 0xff, 0xff, 0xff, 0x00, 0x00, 0x00, 0x00, 0xff, 0xff, 0xff, 0xff, 0x00, 0x00, 0x00, 0x00
.byte 0xff, 0xff, 0xff, 0xff, 0x00, 0x00, 0x00, 0x00
.globl _sym_00bcc3c8
_sym_00bcc3c8:
.byte 0x22, 0x05, 0x93, 0x19, 0x04, 0x00, 0x00, 0x00
.long _sym_00bcc3a8
.byte 0x00, 0x00, 0x00, 0x00, 0x00, 0x00, 0x00, 0x00, 0x00, 0x00, 0x00, 0x00, 0x00, 0x00, 0x00, 0x00
.byte 0x00, 0x00, 0x00, 0x00, 0x01, 0x00, 0x00, 0x00
.globl _sym_00bcc3ec
_sym_00bcc3ec:
.byte 0xff, 0xff, 0xff, 0xff
.long _sym_00aa7400
.byte 0xff, 0xff, 0xff, 0xff, 0x00, 0x00, 0x00, 0x00, 0xff, 0xff, 0xff, 0xff, 0x00, 0x00, 0x00, 0x00
.byte 0xff, 0xff, 0xff, 0xff, 0x00, 0x00, 0x00, 0x00
.globl _sym_00bcc40c
_sym_00bcc40c:
.byte 0x22, 0x05, 0x93, 0x19, 0x04, 0x00, 0x00, 0x00
.long _sym_00bcc3ec
.byte 0x00, 0x00, 0x00, 0x00, 0x00, 0x00, 0x00, 0x00, 0x00, 0x00, 0x00, 0x00, 0x00, 0x00, 0x00, 0x00
.byte 0x00, 0x00, 0x00, 0x00, 0x01, 0x00, 0x00, 0x00
.globl _sym_00bcc430
_sym_00bcc430:
.byte 0xff, 0xff, 0xff, 0xff
.long _sym_00aa73a0
.byte 0xff, 0xff, 0xff, 0xff, 0x00, 0x00, 0x00, 0x00, 0xff, 0xff, 0xff, 0xff, 0x00, 0x00, 0x00, 0x00
.byte 0xff, 0xff, 0xff, 0xff, 0x00, 0x00, 0x00, 0x00
.globl _sym_00bcc450
_sym_00bcc450:
.byte 0x22, 0x05, 0x93, 0x19, 0x04, 0x00, 0x00, 0x00
.long _sym_00bcc430
.byte 0x00, 0x00, 0x00, 0x00, 0x00, 0x00, 0x00, 0x00, 0x00, 0x00, 0x00, 0x00, 0x00, 0x00, 0x00, 0x00
.byte 0x00, 0x00, 0x00, 0x00, 0x01, 0x00, 0x00, 0x00
.globl _sym_00bcc474
_sym_00bcc474:
.byte 0x22, 0x05, 0x93, 0x19, 0x05, 0x00, 0x00, 0x00
.long _sym_00bcc498
.byte 0x00, 0x00, 0x00, 0x00, 0x00, 0x00, 0x00, 0x00, 0x00, 0x00, 0x00, 0x00, 0x00, 0x00, 0x00, 0x00
.byte 0x00, 0x00, 0x00, 0x00, 0x01, 0x00, 0x00, 0x00
.globl _sym_00bcc498
_sym_00bcc498:
.byte 0xff, 0xff, 0xff, 0xff
.long _sym_00aa7730
.byte 0x00, 0x00, 0x00, 0x00
.long _sym_00aa773e
.byte 0x00, 0x00, 0x00, 0x00, 0x00, 0x00, 0x00, 0x00, 0x00, 0x00, 0x00, 0x00, 0x00, 0x00, 0x00, 0x00
.byte 0x00, 0x00, 0x00, 0x00, 0x00, 0x00, 0x00, 0x00
.globl _sym_00bcc4c0
_sym_00bcc4c0:
.byte 0xff, 0xff, 0xff, 0xff
.long _sym_00aa76d0
.globl _sym_00bcc4c8
_sym_00bcc4c8:
.byte 0x22, 0x05, 0x93, 0x19, 0x01, 0x00, 0x00, 0x00
.long _sym_00bcc4c0
.byte 0x00, 0x00, 0x00, 0x00, 0x00, 0x00, 0x00, 0x00, 0x00, 0x00, 0x00, 0x00, 0x00, 0x00, 0x00, 0x00
.byte 0x00, 0x00, 0x00, 0x00, 0x01, 0x00, 0x00, 0x00
.globl _sym_00bcc4ec
_sym_00bcc4ec:
.byte 0xff, 0xff, 0xff, 0xff
.long _sym_00aa7950
.globl _sym_00bcc4f4
_sym_00bcc4f4:
.byte 0x22, 0x05, 0x93, 0x19, 0x01, 0x00, 0x00, 0x00
.long _sym_00bcc4ec
.byte 0x00, 0x00, 0x00, 0x00, 0x00, 0x00, 0x00, 0x00, 0x00, 0x00, 0x00, 0x00, 0x00, 0x00, 0x00, 0x00
.byte 0x00, 0x00, 0x00, 0x00, 0x01, 0x00, 0x00, 0x00
.globl _sym_00bcc518
_sym_00bcc518:
.byte 0xff, 0xff, 0xff, 0xff
.long _sym_00aa79c0
.globl _sym_00bcc520
_sym_00bcc520:
.byte 0x22, 0x05, 0x93, 0x19, 0x01, 0x00, 0x00, 0x00
.long _sym_00bcc518
.byte 0x00, 0x00, 0x00, 0x00, 0x00, 0x00, 0x00, 0x00, 0x00, 0x00, 0x00, 0x00, 0x00, 0x00, 0x00, 0x00
.byte 0x00, 0x00, 0x00, 0x00, 0x01, 0x00, 0x00, 0x00
.globl _sym_00bcc544
_sym_00bcc544:
.byte 0xff, 0xff, 0xff, 0xff
.long _sym_00aa7770
.byte 0xff, 0xff, 0xff, 0xff
.long _sym_00aa777e
.byte 0xff, 0xff, 0xff, 0xff
.long _sym_00aa778c
.byte 0xff, 0xff, 0xff, 0xff
.long _sym_00aa779a
.globl _sym_00bcc564
_sym_00bcc564:
.byte 0x22, 0x05, 0x93, 0x19, 0x04, 0x00, 0x00, 0x00
.long _sym_00bcc544
.byte 0x00, 0x00, 0x00, 0x00, 0x00, 0x00, 0x00, 0x00, 0x00, 0x00, 0x00, 0x00, 0x00, 0x00, 0x00, 0x00
.byte 0x00, 0x00, 0x00, 0x00, 0x01, 0x00, 0x00, 0x00
.globl _sym_00bcc588
_sym_00bcc588:
.byte 0xff, 0xff, 0xff, 0xff
.long _sym_00aa7830
.byte 0xff, 0xff, 0xff, 0xff, 0x00, 0x00, 0x00, 0x00, 0xff, 0xff, 0xff, 0xff, 0x00, 0x00, 0x00, 0x00
.byte 0xff, 0xff, 0xff, 0xff, 0x00, 0x00, 0x00, 0x00
.globl _sym_00bcc5a8
_sym_00bcc5a8:
.byte 0x22, 0x05, 0x93, 0x19, 0x04, 0x00, 0x00, 0x00
.long _sym_00bcc588
.byte 0x00, 0x00, 0x00, 0x00, 0x00, 0x00, 0x00, 0x00, 0x00, 0x00, 0x00, 0x00, 0x00, 0x00, 0x00, 0x00
.byte 0x00, 0x00, 0x00, 0x00, 0x01, 0x00, 0x00, 0x00
.globl _sym_00bcc5cc
_sym_00bcc5cc:
.byte 0xff, 0xff, 0xff, 0xff
.long _sym_00aa7990
.byte 0x00, 0x00, 0x00, 0x00
.long _sym_00aa7998
.globl _sym_00bcc5dc
_sym_00bcc5dc:
.byte 0x22, 0x05, 0x93, 0x19, 0x02, 0x00, 0x00, 0x00
.long _sym_00bcc5cc
.byte 0x00, 0x00, 0x00, 0x00, 0x00, 0x00, 0x00, 0x00, 0x00, 0x00, 0x00, 0x00, 0x00, 0x00, 0x00, 0x00
.byte 0x00, 0x00, 0x00, 0x00, 0x01, 0x00, 0x00, 0x00
.globl _sym_00bcc600
_sym_00bcc600:
.byte 0xff, 0xff, 0xff, 0xff
.long _sym_00aa7520
.globl _sym_00bcc608
_sym_00bcc608:
.byte 0x22, 0x05, 0x93, 0x19, 0x01, 0x00, 0x00, 0x00
.long _sym_00bcc600
.byte 0x00, 0x00, 0x00, 0x00, 0x00, 0x00, 0x00, 0x00, 0x00, 0x00, 0x00, 0x00, 0x00, 0x00, 0x00, 0x00
.byte 0x00, 0x00, 0x00, 0x00, 0x01, 0x00, 0x00, 0x00
.globl _sym_00bcc62c
_sym_00bcc62c:
.byte 0xff, 0xff, 0xff, 0xff
.long _sym_00aa7700
.globl _sym_00bcc634
_sym_00bcc634:
.byte 0x22, 0x05, 0x93, 0x19, 0x01, 0x00, 0x00, 0x00
.long _sym_00bcc62c
.byte 0x00, 0x00, 0x00, 0x00, 0x00, 0x00, 0x00, 0x00, 0x00, 0x00, 0x00, 0x00, 0x00, 0x00, 0x00, 0x00
.byte 0x00, 0x00, 0x00, 0x00, 0x01, 0x00, 0x00, 0x00
.globl _sym_00bcc658
_sym_00bcc658:
.byte 0xff, 0xff, 0xff, 0xff
.long _sym_00aa7610
.byte 0xff, 0xff, 0xff, 0xff, 0x00, 0x00, 0x00, 0x00, 0xff, 0xff, 0xff, 0xff, 0x00, 0x00, 0x00, 0x00
.byte 0xff, 0xff, 0xff, 0xff, 0x00, 0x00, 0x00, 0x00
.globl _sym_00bcc678
_sym_00bcc678:
.byte 0x22, 0x05, 0x93, 0x19, 0x04, 0x00, 0x00, 0x00
.long _sym_00bcc658
.byte 0x00, 0x00, 0x00, 0x00, 0x00, 0x00, 0x00, 0x00, 0x00, 0x00, 0x00, 0x00, 0x00, 0x00, 0x00, 0x00
.byte 0x00, 0x00, 0x00, 0x00, 0x01, 0x00, 0x00, 0x00
.globl _sym_00bcc69c
_sym_00bcc69c:
.byte 0xff, 0xff, 0xff, 0xff
.long _sym_00aa76a0
.globl _sym_00bcc6a4
_sym_00bcc6a4:
.byte 0x22, 0x05, 0x93, 0x19, 0x01, 0x00, 0x00, 0x00
.long _sym_00bcc69c
.byte 0x00, 0x00, 0x00, 0x00, 0x00, 0x00, 0x00, 0x00, 0x00, 0x00, 0x00, 0x00, 0x00, 0x00, 0x00, 0x00
.byte 0x00, 0x00, 0x00, 0x00, 0x01, 0x00, 0x00, 0x00
.globl _sym_00bcc6c8
_sym_00bcc6c8:
.byte 0xff, 0xff, 0xff, 0xff
.long _sym_00aa75b0
.byte 0xff, 0xff, 0xff, 0xff, 0x00, 0x00, 0x00, 0x00, 0xff, 0xff, 0xff, 0xff, 0x00, 0x00, 0x00, 0x00
.byte 0xff, 0xff, 0xff, 0xff, 0x00, 0x00, 0x00, 0x00
.globl _sym_00bcc6e8
_sym_00bcc6e8:
.byte 0x22, 0x05, 0x93, 0x19, 0x04, 0x00, 0x00, 0x00
.long _sym_00bcc6c8
.byte 0x00, 0x00, 0x00, 0x00, 0x00, 0x00, 0x00, 0x00, 0x00, 0x00, 0x00, 0x00, 0x00, 0x00, 0x00, 0x00
.byte 0x00, 0x00, 0x00, 0x00, 0x01, 0x00, 0x00, 0x00
.globl _sym_00bcc70c
_sym_00bcc70c:
.byte 0xff, 0xff, 0xff, 0xff
.long _sym_00aa7640
.byte 0xff, 0xff, 0xff, 0xff, 0x00, 0x00, 0x00, 0x00, 0xff, 0xff, 0xff, 0xff, 0x00, 0x00, 0x00, 0x00
.byte 0xff, 0xff, 0xff, 0xff, 0x00, 0x00, 0x00, 0x00
.globl _sym_00bcc72c
_sym_00bcc72c:
.byte 0x22, 0x05, 0x93, 0x19, 0x04, 0x00, 0x00, 0x00
.long _sym_00bcc70c
.byte 0x00, 0x00, 0x00, 0x00, 0x00, 0x00, 0x00, 0x00, 0x00, 0x00, 0x00, 0x00, 0x00, 0x00, 0x00, 0x00
.byte 0x00, 0x00, 0x00, 0x00, 0x01, 0x00, 0x00, 0x00
.globl _sym_00bcc750
_sym_00bcc750:
.byte 0xff, 0xff, 0xff, 0xff
.long _sym_00aa7670
.byte 0xff, 0xff, 0xff, 0xff, 0x00, 0x00, 0x00, 0x00, 0xff, 0xff, 0xff, 0xff, 0x00, 0x00, 0x00, 0x00
.byte 0xff, 0xff, 0xff, 0xff, 0x00, 0x00, 0x00, 0x00
.globl _sym_00bcc770
_sym_00bcc770:
.byte 0x22, 0x05, 0x93, 0x19, 0x04, 0x00, 0x00, 0x00
.long _sym_00bcc750
.byte 0x00, 0x00, 0x00, 0x00, 0x00, 0x00, 0x00, 0x00, 0x00, 0x00, 0x00, 0x00, 0x00, 0x00, 0x00, 0x00
.byte 0x00, 0x00, 0x00, 0x00, 0x01, 0x00, 0x00, 0x00
.globl _sym_00bcc794
_sym_00bcc794:
.byte 0xff, 0xff, 0xff, 0xff
.long _sym_00aa77d0
.byte 0xff, 0xff, 0xff, 0xff, 0x00, 0x00, 0x00, 0x00, 0xff, 0xff, 0xff, 0xff, 0x00, 0x00, 0x00, 0x00
.byte 0xff, 0xff, 0xff, 0xff, 0x00, 0x00, 0x00, 0x00
.globl _sym_00bcc7b4
_sym_00bcc7b4:
.byte 0x22, 0x05, 0x93, 0x19, 0x04, 0x00, 0x00, 0x00
.long _sym_00bcc794
.byte 0x00, 0x00, 0x00, 0x00, 0x00, 0x00, 0x00, 0x00, 0x00, 0x00, 0x00, 0x00, 0x00, 0x00, 0x00, 0x00
.byte 0x00, 0x00, 0x00, 0x00, 0x01, 0x00, 0x00, 0x00
.globl _sym_00bcc7d8
_sym_00bcc7d8:
.byte 0xff, 0xff, 0xff, 0xff
.long _sym_00aa7890
.byte 0xff, 0xff, 0xff, 0xff, 0x00, 0x00, 0x00, 0x00, 0xff, 0xff, 0xff, 0xff, 0x00, 0x00, 0x00, 0x00
.byte 0xff, 0xff, 0xff, 0xff, 0x00, 0x00, 0x00, 0x00
.globl _sym_00bcc7f8
_sym_00bcc7f8:
.byte 0x22, 0x05, 0x93, 0x19, 0x04, 0x00, 0x00, 0x00
.long _sym_00bcc7d8
.byte 0x00, 0x00, 0x00, 0x00, 0x00, 0x00, 0x00, 0x00, 0x00, 0x00, 0x00, 0x00, 0x00, 0x00, 0x00, 0x00
.byte 0x00, 0x00, 0x00, 0x00, 0x01, 0x00, 0x00, 0x00
.globl _sym_00bcc81c
_sym_00bcc81c:
.byte 0xff, 0xff, 0xff, 0xff
.long _sym_00aa7550
.byte 0xff, 0xff, 0xff, 0xff, 0x00, 0x00, 0x00, 0x00, 0xff, 0xff, 0xff, 0xff, 0x00, 0x00, 0x00, 0x00
.byte 0xff, 0xff, 0xff, 0xff, 0x00, 0x00, 0x00, 0x00
.globl _sym_00bcc83c
_sym_00bcc83c:
.byte 0x22, 0x05, 0x93, 0x19, 0x04, 0x00, 0x00, 0x00
.long _sym_00bcc81c
.byte 0x00, 0x00, 0x00, 0x00, 0x00, 0x00, 0x00, 0x00, 0x00, 0x00, 0x00, 0x00, 0x00, 0x00, 0x00, 0x00
.byte 0x00, 0x00, 0x00, 0x00, 0x01, 0x00, 0x00, 0x00
.globl _sym_00bcc860
_sym_00bcc860:
.byte 0xff, 0xff, 0xff, 0xff
.long _sym_00aa75e0
.byte 0xff, 0xff, 0xff, 0xff, 0x00, 0x00, 0x00, 0x00, 0xff, 0xff, 0xff, 0xff, 0x00, 0x00, 0x00, 0x00
.byte 0xff, 0xff, 0xff, 0xff, 0x00, 0x00, 0x00, 0x00
.globl _sym_00bcc880
_sym_00bcc880:
.byte 0x22, 0x05, 0x93, 0x19, 0x04, 0x00, 0x00, 0x00
.long _sym_00bcc860
.byte 0x00, 0x00, 0x00, 0x00, 0x00, 0x00, 0x00, 0x00, 0x00, 0x00, 0x00, 0x00, 0x00, 0x00, 0x00, 0x00
.byte 0x00, 0x00, 0x00, 0x00, 0x01, 0x00, 0x00, 0x00
.globl _sym_00bcc8a4
_sym_00bcc8a4:
.byte 0xff, 0xff, 0xff, 0xff
.long _sym_00aa7800
.byte 0xff, 0xff, 0xff, 0xff, 0x00, 0x00, 0x00, 0x00, 0xff, 0xff, 0xff, 0xff, 0x00, 0x00, 0x00, 0x00
.byte 0xff, 0xff, 0xff, 0xff, 0x00, 0x00, 0x00, 0x00
.globl _sym_00bcc8c4
_sym_00bcc8c4:
.byte 0x22, 0x05, 0x93, 0x19, 0x04, 0x00, 0x00, 0x00
.long _sym_00bcc8a4
.byte 0x00, 0x00, 0x00, 0x00, 0x00, 0x00, 0x00, 0x00, 0x00, 0x00, 0x00, 0x00, 0x00, 0x00, 0x00, 0x00
.byte 0x00, 0x00, 0x00, 0x00, 0x01, 0x00, 0x00, 0x00
.globl _sym_00bcc8e8
_sym_00bcc8e8:
.byte 0xff, 0xff, 0xff, 0xff
.long _sym_00aa78f0
.byte 0xff, 0xff, 0xff, 0xff, 0x00, 0x00, 0x00, 0x00, 0xff, 0xff, 0xff, 0xff, 0x00, 0x00, 0x00, 0x00
.byte 0xff, 0xff, 0xff, 0xff, 0x00, 0x00, 0x00, 0x00
.globl _sym_00bcc908
_sym_00bcc908:
.byte 0x22, 0x05, 0x93, 0x19, 0x04, 0x00, 0x00, 0x00
.long _sym_00bcc8e8
.byte 0x00, 0x00, 0x00, 0x00, 0x00, 0x00, 0x00, 0x00, 0x00, 0x00, 0x00, 0x00, 0x00, 0x00, 0x00, 0x00
.byte 0x00, 0x00, 0x00, 0x00, 0x01, 0x00, 0x00, 0x00
.globl _sym_00bcc92c
_sym_00bcc92c:
.byte 0xff, 0xff, 0xff, 0xff
.long _sym_00aa7920
.byte 0xff, 0xff, 0xff, 0xff, 0x00, 0x00, 0x00, 0x00, 0xff, 0xff, 0xff, 0xff, 0x00, 0x00, 0x00, 0x00
.byte 0xff, 0xff, 0xff, 0xff, 0x00, 0x00, 0x00, 0x00
.globl _sym_00bcc94c
_sym_00bcc94c:
.byte 0x22, 0x05, 0x93, 0x19, 0x04, 0x00, 0x00, 0x00
.long _sym_00bcc92c
.byte 0x00, 0x00, 0x00, 0x00, 0x00, 0x00, 0x00, 0x00, 0x00, 0x00, 0x00, 0x00, 0x00, 0x00, 0x00, 0x00
.byte 0x00, 0x00, 0x00, 0x00, 0x01, 0x00, 0x00, 0x00
.globl _sym_00bcc970
_sym_00bcc970:
.byte 0xff, 0xff, 0xff, 0xff
.long _sym_00aa7580
.byte 0xff, 0xff, 0xff, 0xff, 0x00, 0x00, 0x00, 0x00, 0xff, 0xff, 0xff, 0xff, 0x00, 0x00, 0x00, 0x00
.byte 0xff, 0xff, 0xff, 0xff, 0x00, 0x00, 0x00, 0x00
.globl _sym_00bcc990
_sym_00bcc990:
.byte 0x22, 0x05, 0x93, 0x19, 0x04, 0x00, 0x00, 0x00
.long _sym_00bcc970
.byte 0x00, 0x00, 0x00, 0x00, 0x00, 0x00, 0x00, 0x00, 0x00, 0x00, 0x00, 0x00, 0x00, 0x00, 0x00, 0x00
.byte 0x00, 0x00, 0x00, 0x00, 0x01, 0x00, 0x00, 0x00
.globl _sym_00bcc9b4
_sym_00bcc9b4:
.byte 0xff, 0xff, 0xff, 0xff
.long _sym_00aa78c0
.byte 0xff, 0xff, 0xff, 0xff, 0x00, 0x00, 0x00, 0x00, 0xff, 0xff, 0xff, 0xff, 0x00, 0x00, 0x00, 0x00
.byte 0xff, 0xff, 0xff, 0xff, 0x00, 0x00, 0x00, 0x00
.globl _sym_00bcc9d4
_sym_00bcc9d4:
.byte 0x22, 0x05, 0x93, 0x19, 0x04, 0x00, 0x00, 0x00
.long _sym_00bcc9b4
.byte 0x00, 0x00, 0x00, 0x00, 0x00, 0x00, 0x00, 0x00, 0x00, 0x00, 0x00, 0x00, 0x00, 0x00, 0x00, 0x00
.byte 0x00, 0x00, 0x00, 0x00, 0x01, 0x00, 0x00, 0x00
.globl _sym_00bcc9f8
_sym_00bcc9f8:
.byte 0xff, 0xff, 0xff, 0xff
.long _sym_00aa7860
.byte 0xff, 0xff, 0xff, 0xff, 0x00, 0x00, 0x00, 0x00, 0xff, 0xff, 0xff, 0xff, 0x00, 0x00, 0x00, 0x00
.byte 0xff, 0xff, 0xff, 0xff, 0x00, 0x00, 0x00, 0x00
.globl _sym_00bcca18
_sym_00bcca18:
.byte 0x22, 0x05, 0x93, 0x19, 0x04, 0x00, 0x00, 0x00
.long _sym_00bcc9f8
.byte 0x00, 0x00, 0x00, 0x00, 0x00, 0x00, 0x00, 0x00, 0x00, 0x00, 0x00, 0x00, 0x00, 0x00, 0x00, 0x00
.byte 0x00, 0x00, 0x00, 0x00, 0x01, 0x00, 0x00, 0x00
.globl _sym_00bcca3c
_sym_00bcca3c:
.byte 0xff, 0xff, 0xff, 0xff
.long _sym_00aa7a20
.byte 0xff, 0xff, 0xff, 0xff
.long _sym_00aa7a2b
.globl _sym_00bcca4c
_sym_00bcca4c:
.byte 0x22, 0x05, 0x93, 0x19, 0x02, 0x00, 0x00, 0x00
.long _sym_00bcca3c
.byte 0x00, 0x00, 0x00, 0x00, 0x00, 0x00, 0x00, 0x00, 0x00, 0x00, 0x00, 0x00, 0x00, 0x00, 0x00, 0x00
.byte 0x00, 0x00, 0x00, 0x00, 0x01, 0x00, 0x00, 0x00
.globl _sym_00bcca70
_sym_00bcca70:
.byte 0xff, 0xff, 0xff, 0xff
.long _sym_00aa79f0
.globl _sym_00bcca78
_sym_00bcca78:
.byte 0x22, 0x05, 0x93, 0x19, 0x01, 0x00, 0x00, 0x00
.long _sym_00bcca70
.byte 0x00, 0x00, 0x00, 0x00, 0x00, 0x00, 0x00, 0x00, 0x00, 0x00, 0x00, 0x00, 0x00, 0x00, 0x00, 0x00
.byte 0x00, 0x00, 0x00, 0x00, 0x01, 0x00, 0x00, 0x00
.globl _sym_00bcca9c
_sym_00bcca9c:
.byte 0x22, 0x05, 0x93, 0x19, 0x05, 0x00, 0x00, 0x00
.long _sym_00bccac0
.byte 0x00, 0x00, 0x00, 0x00, 0x00, 0x00, 0x00, 0x00, 0x00, 0x00, 0x00, 0x00, 0x00, 0x00, 0x00, 0x00
.byte 0x00, 0x00, 0x00, 0x00, 0x01, 0x00, 0x00, 0x00
.globl _sym_00bccac0
_sym_00bccac0:
.byte 0xff, 0xff, 0xff, 0xff
.long _sym_00aa7ab0
.byte 0xff, 0xff, 0xff, 0xff
.long _sym_00aa7abe
.byte 0xff, 0xff, 0xff, 0xff
.long _sym_00aa7acc
.byte 0xff, 0xff, 0xff, 0xff
.long _sym_00aa7ada
.byte 0xff, 0xff, 0xff, 0xff
.long _sym_00aa7ae8
.globl _sym_00bccae8
_sym_00bccae8:
.byte 0xff, 0xff, 0xff, 0xff
.long _sym_00aa7a50
.globl _sym_00bccaf0
_sym_00bccaf0:
.byte 0x22, 0x05, 0x93, 0x19, 0x01, 0x00, 0x00, 0x00
.long _sym_00bccae8
.byte 0x00, 0x00, 0x00, 0x00, 0x00, 0x00, 0x00, 0x00, 0x00, 0x00, 0x00, 0x00, 0x00, 0x00, 0x00, 0x00
.byte 0x00, 0x00, 0x00, 0x00, 0x01, 0x00, 0x00, 0x00
.globl _sym_00bccb14
_sym_00bccb14:
.byte 0xff, 0xff, 0xff, 0xff
.long _sym_00aa7b20
.globl _sym_00bccb1c
_sym_00bccb1c:
.byte 0x22, 0x05, 0x93, 0x19, 0x01, 0x00, 0x00, 0x00
.long _sym_00bccb14
.byte 0x00, 0x00, 0x00, 0x00, 0x00, 0x00, 0x00, 0x00, 0x00, 0x00, 0x00, 0x00, 0x00, 0x00, 0x00, 0x00
.byte 0x00, 0x00, 0x00, 0x00, 0x01, 0x00, 0x00, 0x00
.globl _sym_00bccb40
_sym_00bccb40:
.byte 0xff, 0xff, 0xff, 0xff
.long _sym_00aa7a80
.globl _sym_00bccb48
_sym_00bccb48:
.byte 0x22, 0x05, 0x93, 0x19, 0x01, 0x00, 0x00, 0x00
.long _sym_00bccb40
.byte 0x00, 0x00, 0x00, 0x00, 0x00, 0x00, 0x00, 0x00, 0x00, 0x00, 0x00, 0x00, 0x00, 0x00, 0x00, 0x00
.byte 0x00, 0x00, 0x00, 0x00, 0x01, 0x00, 0x00, 0x00
.globl _sym_00bccb6c
_sym_00bccb6c:
.byte 0x22, 0x05, 0x93, 0x19, 0x09, 0x00, 0x00, 0x00
.long _sym_00bccb90
.byte 0x00, 0x00, 0x00, 0x00, 0x00, 0x00, 0x00, 0x00, 0x00, 0x00, 0x00, 0x00, 0x00, 0x00, 0x00, 0x00
.byte 0x00, 0x00, 0x00, 0x00, 0x01, 0x00, 0x00, 0x00
.globl _sym_00bccb90
_sym_00bccb90:
.byte 0xff, 0xff, 0xff, 0xff
.long _sym_00aa7c10
.byte 0xff, 0xff, 0xff, 0xff
.long _sym_00aa7c1e
.byte 0xff, 0xff, 0xff, 0xff
.long _sym_00aa7c2c
.byte 0xff, 0xff, 0xff, 0xff
.long _sym_00aa7c3a
.byte 0xff, 0xff, 0xff, 0xff
.long _sym_00aa7c48
.byte 0xff, 0xff, 0xff, 0xff
.long _sym_00aa7c56
.byte 0xff, 0xff, 0xff, 0xff
.long _sym_00aa7c64
.byte 0xff, 0xff, 0xff, 0xff
.long _sym_00aa7c72
.byte 0xff, 0xff, 0xff, 0xff
.long _sym_00aa7c82
.globl _sym_00bccbd8
_sym_00bccbd8:
.byte 0xff, 0xff, 0xff, 0xff
.long _sym_00aa7b50
.globl _sym_00bccbe0
_sym_00bccbe0:
.byte 0x22, 0x05, 0x93, 0x19, 0x01, 0x00, 0x00, 0x00
.long _sym_00bccbd8
.byte 0x00, 0x00, 0x00, 0x00, 0x00, 0x00, 0x00, 0x00, 0x00, 0x00, 0x00, 0x00, 0x00, 0x00, 0x00, 0x00
.byte 0x00, 0x00, 0x00, 0x00, 0x01, 0x00, 0x00, 0x00
.globl _sym_00bccc04
_sym_00bccc04:
.byte 0xff, 0xff, 0xff, 0xff
.long _sym_00aa7b80
.globl _sym_00bccc0c
_sym_00bccc0c:
.byte 0x22, 0x05, 0x93, 0x19, 0x01, 0x00, 0x00, 0x00
.long _sym_00bccc04
.byte 0x00, 0x00, 0x00, 0x00, 0x00, 0x00, 0x00, 0x00, 0x00, 0x00, 0x00, 0x00, 0x00, 0x00, 0x00, 0x00
.byte 0x00, 0x00, 0x00, 0x00, 0x01, 0x00, 0x00, 0x00
.globl _sym_00bccc30
_sym_00bccc30:
.byte 0xff, 0xff, 0xff, 0xff
.long _sym_00aa7bb0
.globl _sym_00bccc38
_sym_00bccc38:
.byte 0x22, 0x05, 0x93, 0x19, 0x01, 0x00, 0x00, 0x00
.long _sym_00bccc30
.byte 0x00, 0x00, 0x00, 0x00, 0x00, 0x00, 0x00, 0x00, 0x00, 0x00, 0x00, 0x00, 0x00, 0x00, 0x00, 0x00
.byte 0x00, 0x00, 0x00, 0x00, 0x01, 0x00, 0x00, 0x00
.globl _sym_00bccc5c
_sym_00bccc5c:
.byte 0xff, 0xff, 0xff, 0xff
.long _sym_00aa7be0
.globl _sym_00bccc64
_sym_00bccc64:
.byte 0x22, 0x05, 0x93, 0x19, 0x01, 0x00, 0x00, 0x00
.long _sym_00bccc5c
.byte 0x00, 0x00, 0x00, 0x00, 0x00, 0x00, 0x00, 0x00, 0x00, 0x00, 0x00, 0x00, 0x00, 0x00, 0x00, 0x00
.byte 0x00, 0x00, 0x00, 0x00, 0x01, 0x00, 0x00, 0x00
.globl _sym_00bccc88
_sym_00bccc88:
.byte 0x22, 0x05, 0x93, 0x19, 0x05, 0x00, 0x00, 0x00
.long _sym_00bcccac
.byte 0x00, 0x00, 0x00, 0x00, 0x00, 0x00, 0x00, 0x00, 0x00, 0x00, 0x00, 0x00, 0x00, 0x00, 0x00, 0x00
.byte 0x00, 0x00, 0x00, 0x00, 0x01, 0x00, 0x00, 0x00
.globl _sym_00bcccac
_sym_00bcccac:
.byte 0xff, 0xff, 0xff, 0xff
.long _sym_00aa7d10
.byte 0xff, 0xff, 0xff, 0xff
.long _sym_00aa7d1e
.byte 0xff, 0xff, 0xff, 0xff
.long _sym_00aa7d2c
.byte 0xff, 0xff, 0xff, 0xff
.long _sym_00aa7d3a
.byte 0xff, 0xff, 0xff, 0xff
.long _sym_00aa7d48
.globl _sym_00bcccd4
_sym_00bcccd4:
.byte 0xff, 0xff, 0xff, 0xff
.long _sym_00aa7cb0
.globl _sym_00bcccdc
_sym_00bcccdc:
.byte 0x22, 0x05, 0x93, 0x19, 0x01, 0x00, 0x00, 0x00
.long _sym_00bcccd4
.byte 0x00, 0x00, 0x00, 0x00, 0x00, 0x00, 0x00, 0x00, 0x00, 0x00, 0x00, 0x00, 0x00, 0x00, 0x00, 0x00
.byte 0x00, 0x00, 0x00, 0x00, 0x01, 0x00, 0x00, 0x00
.globl _sym_00bccd00
_sym_00bccd00:
.byte 0xff, 0xff, 0xff, 0xff
.long _sym_00aa7ce0
.globl _sym_00bccd08
_sym_00bccd08:
.byte 0x22, 0x05, 0x93, 0x19, 0x01, 0x00, 0x00, 0x00
.long _sym_00bccd00
.byte 0x00, 0x00, 0x00, 0x00, 0x00, 0x00, 0x00, 0x00, 0x00, 0x00, 0x00, 0x00, 0x00, 0x00, 0x00, 0x00
.byte 0x00, 0x00, 0x00, 0x00, 0x01, 0x00, 0x00, 0x00
.globl _sym_00bccd2c
_sym_00bccd2c:
.byte 0xff, 0xff, 0xff, 0xff
.long _sym_00aa7d80
.globl _sym_00bccd34
_sym_00bccd34:
.byte 0x22, 0x05, 0x93, 0x19, 0x01, 0x00, 0x00, 0x00
.long _sym_00bccd2c
.byte 0x00, 0x00, 0x00, 0x00, 0x00, 0x00, 0x00, 0x00, 0x00, 0x00, 0x00, 0x00, 0x00, 0x00, 0x00, 0x00
.byte 0x00, 0x00, 0x00, 0x00, 0x01, 0x00, 0x00, 0x00
.globl _sym_00bccd58
_sym_00bccd58:
.byte 0xff, 0xff, 0xff, 0xff
.long _sym_00aa7db0
.globl _sym_00bccd60
_sym_00bccd60:
.byte 0x22, 0x05, 0x93, 0x19, 0x01, 0x00, 0x00, 0x00
.long _sym_00bccd58
.byte 0x00, 0x00, 0x00, 0x00, 0x00, 0x00, 0x00, 0x00, 0x00, 0x00, 0x00, 0x00, 0x00, 0x00, 0x00, 0x00
.byte 0x00, 0x00, 0x00, 0x00, 0x01, 0x00, 0x00, 0x00
.globl _sym_00bccd84
_sym_00bccd84:
.byte 0x22, 0x05, 0x93, 0x19, 0x19, 0x00, 0x00, 0x00
.long _sym_00bccda8
.byte 0x00, 0x00, 0x00, 0x00, 0x00, 0x00, 0x00, 0x00, 0x00, 0x00, 0x00, 0x00, 0x00, 0x00, 0x00, 0x00
.byte 0x00, 0x00, 0x00, 0x00, 0x01, 0x00, 0x00, 0x00
.globl _sym_00bccda8
_sym_00bccda8:
.byte 0xff, 0xff, 0xff, 0xff
.long _sym_00aa7e70
.byte 0xff, 0xff, 0xff, 0xff
.long _sym_00aa7e7e
.byte 0xff, 0xff, 0xff, 0xff
.long _sym_00aa7e8c
.byte 0xff, 0xff, 0xff, 0xff
.long _sym_00aa7e9a
.byte 0xff, 0xff, 0xff, 0xff
.long _sym_00aa7ea8
.byte 0xff, 0xff, 0xff, 0xff
.long _sym_00aa7eb6
.byte 0xff, 0xff, 0xff, 0xff
.long _sym_00aa7ec4
.byte 0xff, 0xff, 0xff, 0xff
.long _sym_00aa7ed2
.byte 0xff, 0xff, 0xff, 0xff
.long _sym_00aa7ee2
.byte 0xff, 0xff, 0xff, 0xff
.long _sym_00aa7ef2
.byte 0xff, 0xff, 0xff, 0xff
.long _sym_00aa7f02
.byte 0xff, 0xff, 0xff, 0xff
.long _sym_00aa7f12
.byte 0xff, 0xff, 0xff, 0xff
.long _sym_00aa7f22
.byte 0xff, 0xff, 0xff, 0xff
.long _sym_00aa7f32
.byte 0xff, 0xff, 0xff, 0xff
.long _sym_00aa7f42
.byte 0xff, 0xff, 0xff, 0xff
.long _sym_00aa7f52
.byte 0xff, 0xff, 0xff, 0xff
.long _sym_00aa7f62
.byte 0xff, 0xff, 0xff, 0xff
.long _sym_00aa7f72
.byte 0xff, 0xff, 0xff, 0xff
.long _sym_00aa7f82
.byte 0xff, 0xff, 0xff, 0xff
.long _sym_00aa7f92
.byte 0xff, 0xff, 0xff, 0xff
.long _sym_00aa7fa2
.byte 0xff, 0xff, 0xff, 0xff
.long _sym_00aa7fb2
.byte 0xff, 0xff, 0xff, 0xff
.long _sym_00aa7fc2
.byte 0xff, 0xff, 0xff, 0xff
.long _sym_00aa7fd2
.byte 0xff, 0xff, 0xff, 0xff
.long _sym_00aa7fe2
.globl _sym_00bcce70
_sym_00bcce70:
.byte 0xff, 0xff, 0xff, 0xff
.long _sym_00aa7de0
.globl _sym_00bcce78
_sym_00bcce78:
.byte 0x22, 0x05, 0x93, 0x19, 0x01, 0x00, 0x00, 0x00
.long _sym_00bcce70
.byte 0x00, 0x00, 0x00, 0x00, 0x00, 0x00, 0x00, 0x00, 0x00, 0x00, 0x00, 0x00, 0x00, 0x00, 0x00, 0x00
.byte 0x00, 0x00, 0x00, 0x00, 0x01, 0x00, 0x00, 0x00
.globl _sym_00bcce9c
_sym_00bcce9c:
.byte 0xff, 0xff, 0xff, 0xff
.long _sym_00aa8010
.byte 0xff, 0xff, 0xff, 0xff
.long _sym_00aa801e
.byte 0xff, 0xff, 0xff, 0xff
.long _sym_00aa802c
.globl _sym_00bcceb4
_sym_00bcceb4:
.byte 0x22, 0x05, 0x93, 0x19, 0x03, 0x00, 0x00, 0x00
.long _sym_00bcce9c
.byte 0x00, 0x00, 0x00, 0x00, 0x00, 0x00, 0x00, 0x00, 0x00, 0x00, 0x00, 0x00, 0x00, 0x00, 0x00, 0x00
.byte 0x00, 0x00, 0x00, 0x00, 0x01, 0x00, 0x00, 0x00
.globl _sym_00bcced8
_sym_00bcced8:
.byte 0xff, 0xff, 0xff, 0xff
.long _sym_00aa7e10
.globl _sym_00bccee0
_sym_00bccee0:
.byte 0x22, 0x05, 0x93, 0x19, 0x01, 0x00, 0x00, 0x00
.long _sym_00bcced8
.byte 0x00, 0x00, 0x00, 0x00, 0x00, 0x00, 0x00, 0x00, 0x00, 0x00, 0x00, 0x00, 0x00, 0x00, 0x00, 0x00
.byte 0x00, 0x00, 0x00, 0x00, 0x01, 0x00, 0x00, 0x00
.globl _sym_00bccf04
_sym_00bccf04:
.byte 0xff, 0xff, 0xff, 0xff
.long _sym_00aa7e40
.globl _sym_00bccf0c
_sym_00bccf0c:
.byte 0x22, 0x05, 0x93, 0x19, 0x01, 0x00, 0x00, 0x00
.long _sym_00bccf04
.byte 0x00, 0x00, 0x00, 0x00, 0x00, 0x00, 0x00, 0x00, 0x00, 0x00, 0x00, 0x00, 0x00, 0x00, 0x00, 0x00
.byte 0x00, 0x00, 0x00, 0x00, 0x01, 0x00, 0x00, 0x00
.globl _sym_00bccf30
_sym_00bccf30:
.byte 0xff, 0xff, 0xff, 0xff
.long _sym_00aa8060
.globl _sym_00bccf38
_sym_00bccf38:
.byte 0x22, 0x05, 0x93, 0x19, 0x01, 0x00, 0x00, 0x00
.long _sym_00bccf30
.byte 0x00, 0x00, 0x00, 0x00, 0x00, 0x00, 0x00, 0x00, 0x00, 0x00, 0x00, 0x00, 0x00, 0x00, 0x00, 0x00
.byte 0x00, 0x00, 0x00, 0x00, 0x01, 0x00, 0x00, 0x00
.globl _sym_00bccf5c
_sym_00bccf5c:
.byte 0xff, 0xff, 0xff, 0xff
.long _sym_00aa80f0
.byte 0xff, 0xff, 0xff, 0xff
.long _sym_00aa80fe
.globl _sym_00bccf6c
_sym_00bccf6c:
.byte 0x22, 0x05, 0x93, 0x19, 0x02, 0x00, 0x00, 0x00
.long _sym_00bccf5c
.byte 0x00, 0x00, 0x00, 0x00, 0x00, 0x00, 0x00, 0x00, 0x00, 0x00, 0x00, 0x00, 0x00, 0x00, 0x00, 0x00
.byte 0x00, 0x00, 0x00, 0x00, 0x01, 0x00, 0x00, 0x00
.globl _sym_00bccf90
_sym_00bccf90:
.byte 0xff, 0xff, 0xff, 0xff
.long _sym_00aa8090
.globl _sym_00bccf98
_sym_00bccf98:
.byte 0x22, 0x05, 0x93, 0x19, 0x01, 0x00, 0x00, 0x00
.long _sym_00bccf90
.byte 0x00, 0x00, 0x00, 0x00, 0x00, 0x00, 0x00, 0x00, 0x00, 0x00, 0x00, 0x00, 0x00, 0x00, 0x00, 0x00
.byte 0x00, 0x00, 0x00, 0x00, 0x01, 0x00, 0x00, 0x00
.globl _sym_00bccfbc
_sym_00bccfbc:
.byte 0xff, 0xff, 0xff, 0xff
.long _sym_00aa80c0
.globl _sym_00bccfc4
_sym_00bccfc4:
.byte 0x22, 0x05, 0x93, 0x19, 0x01, 0x00, 0x00, 0x00
.long _sym_00bccfbc
.byte 0x00, 0x00, 0x00, 0x00, 0x00, 0x00, 0x00, 0x00, 0x00, 0x00, 0x00, 0x00, 0x00, 0x00, 0x00, 0x00
.byte 0x00, 0x00, 0x00, 0x00, 0x01, 0x00, 0x00, 0x00
.globl _sym_00bccfe8
_sym_00bccfe8:
.byte 0xff, 0xff, 0xff, 0xff
.long _sym_00aa8130
.globl _sym_00bccff0
_sym_00bccff0:
.byte 0x22, 0x05, 0x93, 0x19, 0x01, 0x00, 0x00, 0x00
.long _sym_00bccfe8
.byte 0x00, 0x00, 0x00, 0x00, 0x00, 0x00, 0x00, 0x00, 0x00, 0x00, 0x00, 0x00, 0x00, 0x00, 0x00, 0x00
.byte 0x00, 0x00, 0x00, 0x00, 0x01, 0x00, 0x00, 0x00
.globl _sym_00bcd014
_sym_00bcd014:
.byte 0xff, 0xff, 0xff, 0xff
.long _sym_00aa81c0
.globl _sym_00bcd01c
_sym_00bcd01c:
.byte 0x22, 0x05, 0x93, 0x19, 0x01, 0x00, 0x00, 0x00
.long _sym_00bcd014
.byte 0x00, 0x00, 0x00, 0x00, 0x00, 0x00, 0x00, 0x00, 0x00, 0x00, 0x00, 0x00, 0x00, 0x00, 0x00, 0x00
.byte 0x00, 0x00, 0x00, 0x00, 0x01, 0x00, 0x00, 0x00
.globl _sym_00bcd040
_sym_00bcd040:
.byte 0xff, 0xff, 0xff, 0xff
.long _sym_00aa8160
.globl _sym_00bcd048
_sym_00bcd048:
.byte 0x22, 0x05, 0x93, 0x19, 0x01, 0x00, 0x00, 0x00
.long _sym_00bcd040
.byte 0x00, 0x00, 0x00, 0x00, 0x00, 0x00, 0x00, 0x00, 0x00, 0x00, 0x00, 0x00, 0x00, 0x00, 0x00, 0x00
.byte 0x00, 0x00, 0x00, 0x00, 0x01, 0x00, 0x00, 0x00
.globl _sym_00bcd06c
_sym_00bcd06c:
.byte 0xff, 0xff, 0xff, 0xff
.long _sym_00aa8190
.globl _sym_00bcd074
_sym_00bcd074:
.byte 0x22, 0x05, 0x93, 0x19, 0x01, 0x00, 0x00, 0x00
.long _sym_00bcd06c
.byte 0x00, 0x00, 0x00, 0x00, 0x00, 0x00, 0x00, 0x00, 0x00, 0x00, 0x00, 0x00, 0x00, 0x00, 0x00, 0x00
.byte 0x00, 0x00, 0x00, 0x00, 0x01, 0x00, 0x00, 0x00
.globl _sym_00bcd098
_sym_00bcd098:
.byte 0x22, 0x05, 0x93, 0x19, 0x09, 0x00, 0x00, 0x00
.long _sym_00bcd0bc
.byte 0x00, 0x00, 0x00, 0x00, 0x00, 0x00, 0x00, 0x00, 0x00, 0x00, 0x00, 0x00, 0x00, 0x00, 0x00, 0x00
.byte 0x00, 0x00, 0x00, 0x00, 0x01, 0x00, 0x00, 0x00
.globl _sym_00bcd0bc
_sym_00bcd0bc:
.byte 0xff, 0xff, 0xff, 0xff
.long _sym_00aa8490
.byte 0xff, 0xff, 0xff, 0xff
.long _sym_00aa849e
.byte 0xff, 0xff, 0xff, 0xff
.long _sym_00aa84ac
.byte 0xff, 0xff, 0xff, 0xff
.long _sym_00aa84ba
.byte 0xff, 0xff, 0xff, 0xff
.long _sym_00aa84c8
.byte 0x04, 0x00, 0x00, 0x00
.long _sym_00aa84d6
.byte 0x04, 0x00, 0x00, 0x00, 0x00, 0x00, 0x00, 0x00, 0x04, 0x00, 0x00, 0x00, 0x00, 0x00, 0x00, 0x00
.byte 0x04, 0x00, 0x00, 0x00, 0x00, 0x00, 0x00, 0x00
.globl _sym_00bcd104
_sym_00bcd104:
.byte 0xff, 0xff, 0xff, 0xff
.long _sym_00aa87e0
.globl _sym_00bcd10c
_sym_00bcd10c:
.byte 0x22, 0x05, 0x93, 0x19, 0x01, 0x00, 0x00, 0x00
.long _sym_00bcd104
.byte 0x00, 0x00, 0x00, 0x00, 0x00, 0x00, 0x00, 0x00, 0x00, 0x00, 0x00, 0x00, 0x00, 0x00, 0x00, 0x00
.byte 0x00, 0x00, 0x00, 0x00, 0x01, 0x00, 0x00, 0x00
.globl _sym_00bcd130
_sym_00bcd130:
.byte 0xff, 0xff, 0xff, 0xff
.long _sym_00aa83d0
.globl _sym_00bcd138
_sym_00bcd138:
.byte 0x22, 0x05, 0x93, 0x19, 0x01, 0x00, 0x00, 0x00
.long _sym_00bcd130
.byte 0x00, 0x00, 0x00, 0x00, 0x00, 0x00, 0x00, 0x00, 0x00, 0x00, 0x00, 0x00, 0x00, 0x00, 0x00, 0x00
.byte 0x00, 0x00, 0x00, 0x00, 0x01, 0x00, 0x00, 0x00
.globl _sym_00bcd15c
_sym_00bcd15c:
.byte 0xff, 0xff, 0xff, 0xff
.long _sym_00aa87b0
.globl _sym_00bcd164
_sym_00bcd164:
.byte 0x22, 0x05, 0x93, 0x19, 0x01, 0x00, 0x00, 0x00
.long _sym_00bcd15c
.byte 0x00, 0x00, 0x00, 0x00, 0x00, 0x00, 0x00, 0x00, 0x00, 0x00, 0x00, 0x00, 0x00, 0x00, 0x00, 0x00
.byte 0x00, 0x00, 0x00, 0x00, 0x01, 0x00, 0x00, 0x00
.globl _sym_00bcd188
_sym_00bcd188:
.byte 0xff, 0xff, 0xff, 0xff
.long _sym_00aa8500
.byte 0xff, 0xff, 0xff, 0xff
.long _sym_00aa850e
.byte 0xff, 0xff, 0xff, 0xff
.long _sym_00aa851c
.byte 0xff, 0xff, 0xff, 0xff
.long _sym_00aa852a
.globl _sym_00bcd1a8
_sym_00bcd1a8:
.byte 0x22, 0x05, 0x93, 0x19, 0x04, 0x00, 0x00, 0x00
.long _sym_00bcd188
.byte 0x00, 0x00, 0x00, 0x00, 0x00, 0x00, 0x00, 0x00, 0x00, 0x00, 0x00, 0x00, 0x00, 0x00, 0x00, 0x00
.byte 0x00, 0x00, 0x00, 0x00, 0x01, 0x00, 0x00, 0x00
.globl _sym_00bcd1cc
_sym_00bcd1cc:
.byte 0xff, 0xff, 0xff, 0xff
.long _sym_00aa85c0
.byte 0xff, 0xff, 0xff, 0xff, 0x00, 0x00, 0x00, 0x00, 0xff, 0xff, 0xff, 0xff, 0x00, 0x00, 0x00, 0x00
.byte 0xff, 0xff, 0xff, 0xff, 0x00, 0x00, 0x00, 0x00
.globl _sym_00bcd1ec
_sym_00bcd1ec:
.byte 0x22, 0x05, 0x93, 0x19, 0x04, 0x00, 0x00, 0x00
.long _sym_00bcd1cc
.byte 0x00, 0x00, 0x00, 0x00, 0x00, 0x00, 0x00, 0x00, 0x00, 0x00, 0x00, 0x00, 0x00, 0x00, 0x00, 0x00
.byte 0x00, 0x00, 0x00, 0x00, 0x01, 0x00, 0x00, 0x00
.globl _sym_00bcd210
_sym_00bcd210:
.byte 0xff, 0xff, 0xff, 0xff
.long _sym_00aa8400
.globl _sym_00bcd218
_sym_00bcd218:
.byte 0x22, 0x05, 0x93, 0x19, 0x01, 0x00, 0x00, 0x00
.long _sym_00bcd210
.byte 0x00, 0x00, 0x00, 0x00, 0x00, 0x00, 0x00, 0x00, 0x00, 0x00, 0x00, 0x00, 0x00, 0x00, 0x00, 0x00
.byte 0x00, 0x00, 0x00, 0x00, 0x01, 0x00, 0x00, 0x00
.globl _sym_00bcd23c
_sym_00bcd23c:
.byte 0xff, 0xff, 0xff, 0xff
.long _sym_00aa8430
.globl _sym_00bcd244
_sym_00bcd244:
.byte 0x22, 0x05, 0x93, 0x19, 0x01, 0x00, 0x00, 0x00
.long _sym_00bcd23c
.byte 0x00, 0x00, 0x00, 0x00, 0x00, 0x00, 0x00, 0x00, 0x00, 0x00, 0x00, 0x00, 0x00, 0x00, 0x00, 0x00
.byte 0x00, 0x00, 0x00, 0x00, 0x01, 0x00, 0x00, 0x00
.globl _sym_00bcd268
_sym_00bcd268:
.byte 0xff, 0xff, 0xff, 0xff
.long _sym_00aa8710
.globl _sym_00bcd270
_sym_00bcd270:
.byte 0x22, 0x05, 0x93, 0x19, 0x01, 0x00, 0x00, 0x00
.long _sym_00bcd268
.byte 0x00, 0x00, 0x00, 0x00, 0x00, 0x00, 0x00, 0x00, 0x00, 0x00, 0x00, 0x00, 0x00, 0x00, 0x00, 0x00
.byte 0x00, 0x00, 0x00, 0x00, 0x01, 0x00, 0x00, 0x00
.globl _sym_00bcd294
_sym_00bcd294:
.byte 0xff, 0xff, 0xff, 0xff
.long _sym_00aa8460
.globl _sym_00bcd29c
_sym_00bcd29c:
.byte 0x22, 0x05, 0x93, 0x19, 0x01, 0x00, 0x00, 0x00
.long _sym_00bcd294
.byte 0x00, 0x00, 0x00, 0x00, 0x00, 0x00, 0x00, 0x00, 0x00, 0x00, 0x00, 0x00, 0x00, 0x00, 0x00, 0x00
.byte 0x00, 0x00, 0x00, 0x00, 0x01, 0x00, 0x00, 0x00
.globl _sym_00bcd2c0
_sym_00bcd2c0:
.byte 0xff, 0xff, 0xff, 0xff
.long _sym_00aa82e0
.byte 0xff, 0xff, 0xff, 0xff, 0x00, 0x00, 0x00, 0x00, 0xff, 0xff, 0xff, 0xff, 0x00, 0x00, 0x00, 0x00
.byte 0xff, 0xff, 0xff, 0xff, 0x00, 0x00, 0x00, 0x00
.globl _sym_00bcd2e0
_sym_00bcd2e0:
.byte 0x22, 0x05, 0x93, 0x19, 0x04, 0x00, 0x00, 0x00
.long _sym_00bcd2c0
.byte 0x00, 0x00, 0x00, 0x00, 0x00, 0x00, 0x00, 0x00, 0x00, 0x00, 0x00, 0x00, 0x00, 0x00, 0x00, 0x00
.byte 0x00, 0x00, 0x00, 0x00, 0x01, 0x00, 0x00, 0x00
.globl _sym_00bcd304
_sym_00bcd304:
.byte 0xff, 0xff, 0xff, 0xff
.long _sym_00aa83a0
.globl _sym_00bcd30c
_sym_00bcd30c:
.byte 0x22, 0x05, 0x93, 0x19, 0x01, 0x00, 0x00, 0x00
.long _sym_00bcd304
.byte 0x00, 0x00, 0x00, 0x00, 0x00, 0x00, 0x00, 0x00, 0x00, 0x00, 0x00, 0x00, 0x00, 0x00, 0x00, 0x00
.byte 0x00, 0x00, 0x00, 0x00, 0x01, 0x00, 0x00, 0x00
.globl _sym_00bcd330
_sym_00bcd330:
.byte 0xff, 0xff, 0xff, 0xff
.long _sym_00aa8250
.byte 0xff, 0xff, 0xff, 0xff, 0x00, 0x00, 0x00, 0x00, 0xff, 0xff, 0xff, 0xff, 0x00, 0x00, 0x00, 0x00
.byte 0xff, 0xff, 0xff, 0xff, 0x00, 0x00, 0x00, 0x00
.globl _sym_00bcd350
_sym_00bcd350:
.byte 0x22, 0x05, 0x93, 0x19, 0x04, 0x00, 0x00, 0x00
.long _sym_00bcd330
.byte 0x00, 0x00, 0x00, 0x00, 0x00, 0x00, 0x00, 0x00, 0x00, 0x00, 0x00, 0x00, 0x00, 0x00, 0x00, 0x00
.byte 0x00, 0x00, 0x00, 0x00, 0x01, 0x00, 0x00, 0x00
.globl _sym_00bcd374
_sym_00bcd374:
.byte 0xff, 0xff, 0xff, 0xff
.long _sym_00aa8340
.byte 0xff, 0xff, 0xff, 0xff, 0x00, 0x00, 0x00, 0x00, 0xff, 0xff, 0xff, 0xff, 0x00, 0x00, 0x00, 0x00
.byte 0xff, 0xff, 0xff, 0xff, 0x00, 0x00, 0x00, 0x00
.globl _sym_00bcd394
_sym_00bcd394:
.byte 0x22, 0x05, 0x93, 0x19, 0x04, 0x00, 0x00, 0x00
.long _sym_00bcd374
.byte 0x00, 0x00, 0x00, 0x00, 0x00, 0x00, 0x00, 0x00, 0x00, 0x00, 0x00, 0x00, 0x00, 0x00, 0x00, 0x00
.byte 0x00, 0x00, 0x00, 0x00, 0x01, 0x00, 0x00, 0x00
.globl _sym_00bcd3b8
_sym_00bcd3b8:
.byte 0xff, 0xff, 0xff, 0xff
.long _sym_00aa8370
.byte 0xff, 0xff, 0xff, 0xff, 0x00, 0x00, 0x00, 0x00, 0xff, 0xff, 0xff, 0xff, 0x00, 0x00, 0x00, 0x00
.byte 0xff, 0xff, 0xff, 0xff, 0x00, 0x00, 0x00, 0x00
.globl _sym_00bcd3d8
_sym_00bcd3d8:
.byte 0x22, 0x05, 0x93, 0x19, 0x04, 0x00, 0x00, 0x00
.long _sym_00bcd3b8
.byte 0x00, 0x00, 0x00, 0x00, 0x00, 0x00, 0x00, 0x00, 0x00, 0x00, 0x00, 0x00, 0x00, 0x00, 0x00, 0x00
.byte 0x00, 0x00, 0x00, 0x00, 0x01, 0x00, 0x00, 0x00
.globl _sym_00bcd3fc
_sym_00bcd3fc:
.byte 0xff, 0xff, 0xff, 0xff
.long _sym_00aa8560
.byte 0xff, 0xff, 0xff, 0xff, 0x00, 0x00, 0x00, 0x00, 0xff, 0xff, 0xff, 0xff, 0x00, 0x00, 0x00, 0x00
.byte 0xff, 0xff, 0xff, 0xff, 0x00, 0x00, 0x00, 0x00
.globl _sym_00bcd41c
_sym_00bcd41c:
.byte 0x22, 0x05, 0x93, 0x19, 0x04, 0x00, 0x00, 0x00
.long _sym_00bcd3fc
.byte 0x00, 0x00, 0x00, 0x00, 0x00, 0x00, 0x00, 0x00, 0x00, 0x00, 0x00, 0x00, 0x00, 0x00, 0x00, 0x00
.byte 0x00, 0x00, 0x00, 0x00, 0x01, 0x00, 0x00, 0x00
.globl _sym_00bcd440
_sym_00bcd440:
.byte 0xff, 0xff, 0xff, 0xff
.long _sym_00aa8840
.byte 0xff, 0xff, 0xff, 0xff, 0x00, 0x00, 0x00, 0x00, 0xff, 0xff, 0xff, 0xff, 0x00, 0x00, 0x00, 0x00
.byte 0xff, 0xff, 0xff, 0xff, 0x00, 0x00, 0x00, 0x00
.globl _sym_00bcd460
_sym_00bcd460:
.byte 0x22, 0x05, 0x93, 0x19, 0x04, 0x00, 0x00, 0x00
.long _sym_00bcd440
.byte 0x00, 0x00, 0x00, 0x00, 0x00, 0x00, 0x00, 0x00, 0x00, 0x00, 0x00, 0x00, 0x00, 0x00, 0x00, 0x00
.byte 0x00, 0x00, 0x00, 0x00, 0x01, 0x00, 0x00, 0x00
.globl _sym_00bcd484
_sym_00bcd484:
.byte 0xff, 0xff, 0xff, 0xff
.long _sym_00aa8810
.globl _sym_00bcd48c
_sym_00bcd48c:
.byte 0x22, 0x05, 0x93, 0x19, 0x01, 0x00, 0x00, 0x00
.long _sym_00bcd484
.byte 0x00, 0x00, 0x00, 0x00, 0x00, 0x00, 0x00, 0x00, 0x00, 0x00, 0x00, 0x00, 0x00, 0x00, 0x00, 0x00
.byte 0x00, 0x00, 0x00, 0x00, 0x01, 0x00, 0x00, 0x00
.globl _sym_00bcd4b0
_sym_00bcd4b0:
.byte 0xff, 0xff, 0xff, 0xff
.long _sym_00aa8620
.byte 0xff, 0xff, 0xff, 0xff, 0x00, 0x00, 0x00, 0x00, 0xff, 0xff, 0xff, 0xff, 0x00, 0x00, 0x00, 0x00
.byte 0xff, 0xff, 0xff, 0xff, 0x00, 0x00, 0x00, 0x00
.globl _sym_00bcd4d0
_sym_00bcd4d0:
.byte 0x22, 0x05, 0x93, 0x19, 0x04, 0x00, 0x00, 0x00
.long _sym_00bcd4b0
.byte 0x00, 0x00, 0x00, 0x00, 0x00, 0x00, 0x00, 0x00, 0x00, 0x00, 0x00, 0x00, 0x00, 0x00, 0x00, 0x00
.byte 0x00, 0x00, 0x00, 0x00, 0x01, 0x00, 0x00, 0x00
.globl _sym_00bcd4f4
_sym_00bcd4f4:
.byte 0xff, 0xff, 0xff, 0xff
.long _sym_00aa81f0
.byte 0xff, 0xff, 0xff, 0xff, 0x00, 0x00, 0x00, 0x00, 0xff, 0xff, 0xff, 0xff, 0x00, 0x00, 0x00, 0x00
.byte 0xff, 0xff, 0xff, 0xff, 0x00, 0x00, 0x00, 0x00
.globl _sym_00bcd514
_sym_00bcd514:
.byte 0x22, 0x05, 0x93, 0x19, 0x04, 0x00, 0x00, 0x00
.long _sym_00bcd4f4
.byte 0x00, 0x00, 0x00, 0x00, 0x00, 0x00, 0x00, 0x00, 0x00, 0x00, 0x00, 0x00, 0x00, 0x00, 0x00, 0x00
.byte 0x00, 0x00, 0x00, 0x00, 0x01, 0x00, 0x00, 0x00
.globl _sym_00bcd538
_sym_00bcd538:
.byte 0xff, 0xff, 0xff, 0xff
.long _sym_00aa8310
.byte 0xff, 0xff, 0xff, 0xff, 0x00, 0x00, 0x00, 0x00, 0xff, 0xff, 0xff, 0xff, 0x00, 0x00, 0x00, 0x00
.byte 0xff, 0xff, 0xff, 0xff, 0x00, 0x00, 0x00, 0x00
.globl _sym_00bcd558
_sym_00bcd558:
.byte 0x22, 0x05, 0x93, 0x19, 0x04, 0x00, 0x00, 0x00
.long _sym_00bcd538
.byte 0x00, 0x00, 0x00, 0x00, 0x00, 0x00, 0x00, 0x00, 0x00, 0x00, 0x00, 0x00, 0x00, 0x00, 0x00, 0x00
.byte 0x00, 0x00, 0x00, 0x00, 0x01, 0x00, 0x00, 0x00
.globl _sym_00bcd57c
_sym_00bcd57c:
.byte 0xff, 0xff, 0xff, 0xff
.long _sym_00aa82b0
.byte 0xff, 0xff, 0xff, 0xff, 0x00, 0x00, 0x00, 0x00, 0xff, 0xff, 0xff, 0xff, 0x00, 0x00, 0x00, 0x00
.byte 0xff, 0xff, 0xff, 0xff, 0x00, 0x00, 0x00, 0x00
.globl _sym_00bcd59c
_sym_00bcd59c:
.byte 0x22, 0x05, 0x93, 0x19, 0x04, 0x00, 0x00, 0x00
.long _sym_00bcd57c
.byte 0x00, 0x00, 0x00, 0x00, 0x00, 0x00, 0x00, 0x00, 0x00, 0x00, 0x00, 0x00, 0x00, 0x00, 0x00, 0x00
.byte 0x00, 0x00, 0x00, 0x00, 0x01, 0x00, 0x00, 0x00
.globl _sym_00bcd5c0
_sym_00bcd5c0:
.byte 0xff, 0xff, 0xff, 0xff
.long _sym_00aa8590
.byte 0xff, 0xff, 0xff, 0xff, 0x00, 0x00, 0x00, 0x00, 0xff, 0xff, 0xff, 0xff, 0x00, 0x00, 0x00, 0x00
.byte 0xff, 0xff, 0xff, 0xff, 0x00, 0x00, 0x00, 0x00
.globl _sym_00bcd5e0
_sym_00bcd5e0:
.byte 0x22, 0x05, 0x93, 0x19, 0x04, 0x00, 0x00, 0x00
.long _sym_00bcd5c0
.byte 0x00, 0x00, 0x00, 0x00, 0x00, 0x00, 0x00, 0x00, 0x00, 0x00, 0x00, 0x00, 0x00, 0x00, 0x00, 0x00
.byte 0x00, 0x00, 0x00, 0x00, 0x01, 0x00, 0x00, 0x00
.globl _sym_00bcd604
_sym_00bcd604:
.byte 0xff, 0xff, 0xff, 0xff
.long _sym_00aa8750
.byte 0xff, 0xff, 0xff, 0xff, 0x00, 0x00, 0x00, 0x00, 0xff, 0xff, 0xff, 0xff, 0x00, 0x00, 0x00, 0x00
.byte 0xff, 0xff, 0xff, 0xff, 0x00, 0x00, 0x00, 0x00
.globl _sym_00bcd624
_sym_00bcd624:
.byte 0x22, 0x05, 0x93, 0x19, 0x04, 0x00, 0x00, 0x00
.long _sym_00bcd604
.byte 0x00, 0x00, 0x00, 0x00, 0x00, 0x00, 0x00, 0x00, 0x00, 0x00, 0x00, 0x00, 0x00, 0x00, 0x00, 0x00
.byte 0x00, 0x00, 0x00, 0x00, 0x01, 0x00, 0x00, 0x00
.globl _sym_00bcd648
_sym_00bcd648:
.byte 0xff, 0xff, 0xff, 0xff
.long _sym_00aa8780
.byte 0xff, 0xff, 0xff, 0xff, 0x00, 0x00, 0x00, 0x00, 0xff, 0xff, 0xff, 0xff, 0x00, 0x00, 0x00, 0x00
.byte 0xff, 0xff, 0xff, 0xff, 0x00, 0x00, 0x00, 0x00
.globl _sym_00bcd668
_sym_00bcd668:
.byte 0x22, 0x05, 0x93, 0x19, 0x04, 0x00, 0x00, 0x00
.long _sym_00bcd648
.byte 0x00, 0x00, 0x00, 0x00, 0x00, 0x00, 0x00, 0x00, 0x00, 0x00, 0x00, 0x00, 0x00, 0x00, 0x00, 0x00
.byte 0x00, 0x00, 0x00, 0x00, 0x01, 0x00, 0x00, 0x00
.globl _sym_00bcd68c
_sym_00bcd68c:
.byte 0xff, 0xff, 0xff, 0xff
.long _sym_00aa8220
.byte 0xff, 0xff, 0xff, 0xff, 0x00, 0x00, 0x00, 0x00, 0xff, 0xff, 0xff, 0xff, 0x00, 0x00, 0x00, 0x00
.byte 0xff, 0xff, 0xff, 0xff, 0x00, 0x00, 0x00, 0x00
.globl _sym_00bcd6ac
_sym_00bcd6ac:
.byte 0x22, 0x05, 0x93, 0x19, 0x04, 0x00, 0x00, 0x00
.long _sym_00bcd68c
.byte 0x00, 0x00, 0x00, 0x00, 0x00, 0x00, 0x00, 0x00, 0x00, 0x00, 0x00, 0x00, 0x00, 0x00, 0x00, 0x00
.byte 0x00, 0x00, 0x00, 0x00, 0x01, 0x00, 0x00, 0x00
.globl _sym_00bcd6d0
_sym_00bcd6d0:
.byte 0xff, 0xff, 0xff, 0xff
.long _sym_00aa8680
.byte 0xff, 0xff, 0xff, 0xff, 0x00, 0x00, 0x00, 0x00, 0xff, 0xff, 0xff, 0xff, 0x00, 0x00, 0x00, 0x00
.byte 0xff, 0xff, 0xff, 0xff, 0x00, 0x00, 0x00, 0x00
.globl _sym_00bcd6f0
_sym_00bcd6f0:
.byte 0x22, 0x05, 0x93, 0x19, 0x04, 0x00, 0x00, 0x00
.long _sym_00bcd6d0
.byte 0x00, 0x00, 0x00, 0x00, 0x00, 0x00, 0x00, 0x00, 0x00, 0x00, 0x00, 0x00, 0x00, 0x00, 0x00, 0x00
.byte 0x00, 0x00, 0x00, 0x00, 0x01, 0x00, 0x00, 0x00
.globl _sym_00bcd714
_sym_00bcd714:
.byte 0xff, 0xff, 0xff, 0xff
.long _sym_00aa85f0
.byte 0xff, 0xff, 0xff, 0xff, 0x00, 0x00, 0x00, 0x00, 0xff, 0xff, 0xff, 0xff, 0x00, 0x00, 0x00, 0x00
.byte 0xff, 0xff, 0xff, 0xff, 0x00, 0x00, 0x00, 0x00
.globl _sym_00bcd734
_sym_00bcd734:
.byte 0x22, 0x05, 0x93, 0x19, 0x04, 0x00, 0x00, 0x00
.long _sym_00bcd714
.byte 0x00, 0x00, 0x00, 0x00, 0x00, 0x00, 0x00, 0x00, 0x00, 0x00, 0x00, 0x00, 0x00, 0x00, 0x00, 0x00
.byte 0x00, 0x00, 0x00, 0x00, 0x01, 0x00, 0x00, 0x00
.globl _sym_00bcd758
_sym_00bcd758:
.byte 0xff, 0xff, 0xff, 0xff
.long _sym_00aa86b0
.byte 0xff, 0xff, 0xff, 0xff, 0x00, 0x00, 0x00, 0x00, 0xff, 0xff, 0xff, 0xff, 0x00, 0x00, 0x00, 0x00
.byte 0xff, 0xff, 0xff, 0xff, 0x00, 0x00, 0x00, 0x00
.globl _sym_00bcd778
_sym_00bcd778:
.byte 0x22, 0x05, 0x93, 0x19, 0x04, 0x00, 0x00, 0x00
.long _sym_00bcd758
.byte 0x00, 0x00, 0x00, 0x00, 0x00, 0x00, 0x00, 0x00, 0x00, 0x00, 0x00, 0x00, 0x00, 0x00, 0x00, 0x00
.byte 0x00, 0x00, 0x00, 0x00, 0x01, 0x00, 0x00, 0x00
.globl _sym_00bcd79c
_sym_00bcd79c:
.byte 0xff, 0xff, 0xff, 0xff
.long _sym_00aa86e0
.byte 0xff, 0xff, 0xff, 0xff, 0x00, 0x00, 0x00, 0x00, 0xff, 0xff, 0xff, 0xff, 0x00, 0x00, 0x00, 0x00
.byte 0xff, 0xff, 0xff, 0xff, 0x00, 0x00, 0x00, 0x00
.globl _sym_00bcd7bc
_sym_00bcd7bc:
.byte 0x22, 0x05, 0x93, 0x19, 0x04, 0x00, 0x00, 0x00
.long _sym_00bcd79c
.byte 0x00, 0x00, 0x00, 0x00, 0x00, 0x00, 0x00, 0x00, 0x00, 0x00, 0x00, 0x00, 0x00, 0x00, 0x00, 0x00
.byte 0x00, 0x00, 0x00, 0x00, 0x01, 0x00, 0x00, 0x00
.globl _sym_00bcd7e0
_sym_00bcd7e0:
.byte 0xff, 0xff, 0xff, 0xff
.long _sym_00aa8280
.byte 0xff, 0xff, 0xff, 0xff, 0x00, 0x00, 0x00, 0x00, 0xff, 0xff, 0xff, 0xff, 0x00, 0x00, 0x00, 0x00
.byte 0xff, 0xff, 0xff, 0xff, 0x00, 0x00, 0x00, 0x00
.globl _sym_00bcd800
_sym_00bcd800:
.byte 0x22, 0x05, 0x93, 0x19, 0x04, 0x00, 0x00, 0x00
.long _sym_00bcd7e0
.byte 0x00, 0x00, 0x00, 0x00, 0x00, 0x00, 0x00, 0x00, 0x00, 0x00, 0x00, 0x00, 0x00, 0x00, 0x00, 0x00
.byte 0x00, 0x00, 0x00, 0x00, 0x01, 0x00, 0x00, 0x00
.globl _sym_00bcd824
_sym_00bcd824:
.byte 0xff, 0xff, 0xff, 0xff
.long _sym_00aa8650
.byte 0xff, 0xff, 0xff, 0xff, 0x00, 0x00, 0x00, 0x00, 0xff, 0xff, 0xff, 0xff, 0x00, 0x00, 0x00, 0x00
.byte 0xff, 0xff, 0xff, 0xff, 0x00, 0x00, 0x00, 0x00
.globl _sym_00bcd844
_sym_00bcd844:
.byte 0x22, 0x05, 0x93, 0x19, 0x04, 0x00, 0x00, 0x00
.long _sym_00bcd824
.byte 0x00, 0x00, 0x00, 0x00, 0x00, 0x00, 0x00, 0x00, 0x00, 0x00, 0x00, 0x00, 0x00, 0x00, 0x00, 0x00
.byte 0x00, 0x00, 0x00, 0x00, 0x01, 0x00, 0x00, 0x00
.globl _sym_00bcd868
_sym_00bcd868:
.byte 0xff, 0xff, 0xff, 0xff
.long _sym_00aa8970
.globl _sym_00bcd870
_sym_00bcd870:
.byte 0x22, 0x05, 0x93, 0x19, 0x01, 0x00, 0x00, 0x00
.long _sym_00bcd868
.byte 0x00, 0x00, 0x00, 0x00, 0x00, 0x00, 0x00, 0x00, 0x00, 0x00, 0x00, 0x00, 0x00, 0x00, 0x00, 0x00
.byte 0x00, 0x00, 0x00, 0x00, 0x01, 0x00, 0x00, 0x00
.globl _sym_00bcd894
_sym_00bcd894:
.byte 0xff, 0xff, 0xff, 0xff
.long _sym_00aa8930
.byte 0xff, 0xff, 0xff, 0xff
.long _sym_00aa893e
.globl _sym_00bcd8a4
_sym_00bcd8a4:
.byte 0x22, 0x05, 0x93, 0x19, 0x02, 0x00, 0x00, 0x00
.long _sym_00bcd894
.byte 0x00, 0x00, 0x00, 0x00, 0x00, 0x00, 0x00, 0x00, 0x00, 0x00, 0x00, 0x00, 0x00, 0x00, 0x00, 0x00
.byte 0x00, 0x00, 0x00, 0x00, 0x01, 0x00, 0x00, 0x00
.globl _sym_00bcd8c8
_sym_00bcd8c8:
.byte 0xff, 0xff, 0xff, 0xff
.long _sym_00aa89d0
.globl _sym_00bcd8d0
_sym_00bcd8d0:
.byte 0x22, 0x05, 0x93, 0x19, 0x01, 0x00, 0x00, 0x00
.long _sym_00bcd8c8
.byte 0x00, 0x00, 0x00, 0x00, 0x00, 0x00, 0x00, 0x00, 0x00, 0x00, 0x00, 0x00, 0x00, 0x00, 0x00, 0x00
.byte 0x00, 0x00, 0x00, 0x00, 0x01, 0x00, 0x00, 0x00
.globl _sym_00bcd8f4
_sym_00bcd8f4:
.byte 0xff, 0xff, 0xff, 0xff
.long _sym_00aa8870
.globl _sym_00bcd8fc
_sym_00bcd8fc:
.byte 0x22, 0x05, 0x93, 0x19, 0x01, 0x00, 0x00, 0x00
.long _sym_00bcd8f4
.byte 0x00, 0x00, 0x00, 0x00, 0x00, 0x00, 0x00, 0x00, 0x00, 0x00, 0x00, 0x00, 0x00, 0x00, 0x00, 0x00
.byte 0x00, 0x00, 0x00, 0x00, 0x01, 0x00, 0x00, 0x00
.globl _sym_00bcd920
_sym_00bcd920:
.byte 0xff, 0xff, 0xff, 0xff
.long _sym_00aa89a0
.globl _sym_00bcd928
_sym_00bcd928:
.byte 0x22, 0x05, 0x93, 0x19, 0x01, 0x00, 0x00, 0x00
.long _sym_00bcd920
.byte 0x00, 0x00, 0x00, 0x00, 0x00, 0x00, 0x00, 0x00, 0x00, 0x00, 0x00, 0x00, 0x00, 0x00, 0x00, 0x00
.byte 0x00, 0x00, 0x00, 0x00, 0x01, 0x00, 0x00, 0x00
.globl _sym_00bcd94c
_sym_00bcd94c:
.byte 0xff, 0xff, 0xff, 0xff
.long _sym_00aa88a0
.globl _sym_00bcd954
_sym_00bcd954:
.byte 0x22, 0x05, 0x93, 0x19, 0x01, 0x00, 0x00, 0x00
.long _sym_00bcd94c
.byte 0x00, 0x00, 0x00, 0x00, 0x00, 0x00, 0x00, 0x00, 0x00, 0x00, 0x00, 0x00, 0x00, 0x00, 0x00, 0x00
.byte 0x00, 0x00, 0x00, 0x00, 0x01, 0x00, 0x00, 0x00
.globl _sym_00bcd978
_sym_00bcd978:
.byte 0xff, 0xff, 0xff, 0xff
.long _sym_00aa88d0
.globl _sym_00bcd980
_sym_00bcd980:
.byte 0x22, 0x05, 0x93, 0x19, 0x01, 0x00, 0x00, 0x00
.long _sym_00bcd978
.byte 0x00, 0x00, 0x00, 0x00, 0x00, 0x00, 0x00, 0x00, 0x00, 0x00, 0x00, 0x00, 0x00, 0x00, 0x00, 0x00
.byte 0x00, 0x00, 0x00, 0x00, 0x01, 0x00, 0x00, 0x00
.globl _sym_00bcd9a4
_sym_00bcd9a4:
.byte 0xff, 0xff, 0xff, 0xff
.long _sym_00aa8900
.globl _sym_00bcd9ac
_sym_00bcd9ac:
.byte 0x22, 0x05, 0x93, 0x19, 0x01, 0x00, 0x00, 0x00
.long _sym_00bcd9a4
.byte 0x00, 0x00, 0x00, 0x00, 0x00, 0x00, 0x00, 0x00, 0x00, 0x00, 0x00, 0x00, 0x00, 0x00, 0x00, 0x00
.byte 0x00, 0x00, 0x00, 0x00, 0x01, 0x00, 0x00, 0x00
.globl _sym_00bcd9d0
_sym_00bcd9d0:
.byte 0xff, 0xff, 0xff, 0xff
.long _sym_00aa8a00
.globl _sym_00bcd9d8
_sym_00bcd9d8:
.byte 0x22, 0x05, 0x93, 0x19, 0x01, 0x00, 0x00, 0x00
.long _sym_00bcd9d0
.byte 0x00, 0x00, 0x00, 0x00, 0x00, 0x00, 0x00, 0x00, 0x00, 0x00, 0x00, 0x00, 0x00, 0x00, 0x00, 0x00
.byte 0x00, 0x00, 0x00, 0x00, 0x01, 0x00, 0x00, 0x00
.globl _sym_00bcd9fc
_sym_00bcd9fc:
.byte 0xff, 0xff, 0xff, 0xff
.long _sym_00aa8c40
.byte 0x00, 0x00, 0x00, 0x00
.long _sym_00aa8c51
.globl _sym_00bcda0c
_sym_00bcda0c:
.byte 0x22, 0x05, 0x93, 0x19, 0x02, 0x00, 0x00, 0x00
.long _sym_00bcd9fc
.byte 0x00, 0x00, 0x00, 0x00, 0x00, 0x00, 0x00, 0x00, 0x00, 0x00, 0x00, 0x00, 0x00, 0x00, 0x00, 0x00
.byte 0x00, 0x00, 0x00, 0x00, 0x01, 0x00, 0x00, 0x00
.globl _sym_00bcda30
_sym_00bcda30:
.byte 0x22, 0x05, 0x93, 0x19, 0x07, 0x00, 0x00, 0x00
.long _sym_00bcda54
.byte 0x00, 0x00, 0x00, 0x00, 0x00, 0x00, 0x00, 0x00, 0x00, 0x00, 0x00, 0x00, 0x00, 0x00, 0x00, 0x00
.byte 0x00, 0x00, 0x00, 0x00, 0x01, 0x00, 0x00, 0x00
.globl _sym_00bcda54
_sym_00bcda54:
.byte 0xff, 0xff, 0xff, 0xff
.long _sym_00aa8b80
.byte 0xff, 0xff, 0xff, 0xff
.long _sym_00aa8b8e
.byte 0xff, 0xff, 0xff, 0xff
.long _sym_00aa8b9c
.byte 0xff, 0xff, 0xff, 0xff
.long _sym_00aa8baa
.byte 0xff, 0xff, 0xff, 0xff
.long _sym_00aa8bb8
.byte 0xff, 0xff, 0xff, 0xff
.long _sym_00aa8bc6
.byte 0xff, 0xff, 0xff, 0xff
.long _sym_00aa8bd4
.globl _sym_00bcda8c
_sym_00bcda8c:
.byte 0xff, 0xff, 0xff, 0xff
.long _sym_00aa8a30
.globl _sym_00bcda94
_sym_00bcda94:
.byte 0x22, 0x05, 0x93, 0x19, 0x01, 0x00, 0x00, 0x00
.long _sym_00bcda8c
.byte 0x00, 0x00, 0x00, 0x00, 0x00, 0x00, 0x00, 0x00, 0x00, 0x00, 0x00, 0x00, 0x00, 0x00, 0x00, 0x00
.byte 0x00, 0x00, 0x00, 0x00, 0x01, 0x00, 0x00, 0x00
.globl _sym_00bcdab8
_sym_00bcdab8:
.byte 0xff, 0xff, 0xff, 0xff
.long _sym_00aa8a90
.globl _sym_00bcdac0
_sym_00bcdac0:
.byte 0x22, 0x05, 0x93, 0x19, 0x01, 0x00, 0x00, 0x00
.long _sym_00bcdab8
.byte 0x00, 0x00, 0x00, 0x00, 0x00, 0x00, 0x00, 0x00, 0x00, 0x00, 0x00, 0x00, 0x00, 0x00, 0x00, 0x00
.byte 0x00, 0x00, 0x00, 0x00, 0x01, 0x00, 0x00, 0x00
.globl _sym_00bcdae4
_sym_00bcdae4:
.byte 0xff, 0xff, 0xff, 0xff
.long _sym_00aa8ac0
.globl _sym_00bcdaec
_sym_00bcdaec:
.byte 0x22, 0x05, 0x93, 0x19, 0x01, 0x00, 0x00, 0x00
.long _sym_00bcdae4
.byte 0x00, 0x00, 0x00, 0x00, 0x00, 0x00, 0x00, 0x00, 0x00, 0x00, 0x00, 0x00, 0x00, 0x00, 0x00, 0x00
.byte 0x00, 0x00, 0x00, 0x00, 0x01, 0x00, 0x00, 0x00
.globl _sym_00bcdb10
_sym_00bcdb10:
.byte 0xff, 0xff, 0xff, 0xff
.long _sym_00aa8d70
.globl _sym_00bcdb18
_sym_00bcdb18:
.byte 0x22, 0x05, 0x93, 0x19, 0x01, 0x00, 0x00, 0x00
.long _sym_00bcdb10
.byte 0x00, 0x00, 0x00, 0x00, 0x00, 0x00, 0x00, 0x00, 0x00, 0x00, 0x00, 0x00, 0x00, 0x00, 0x00, 0x00
.byte 0x00, 0x00, 0x00, 0x00, 0x01, 0x00, 0x00, 0x00
.globl _sym_00bcdb3c
_sym_00bcdb3c:
.byte 0xff, 0xff, 0xff, 0xff
.long _sym_00aa8af0
.byte 0x00, 0x00, 0x00, 0x00
.long _sym_00aa8afb
.globl _sym_00bcdb4c
_sym_00bcdb4c:
.byte 0x22, 0x05, 0x93, 0x19, 0x02, 0x00, 0x00, 0x00
.long _sym_00bcdb3c
.byte 0x00, 0x00, 0x00, 0x00, 0x00, 0x00, 0x00, 0x00, 0x00, 0x00, 0x00, 0x00, 0x00, 0x00, 0x00, 0x00
.byte 0x00, 0x00, 0x00, 0x00, 0x01, 0x00, 0x00, 0x00
.globl _sym_00bcdb70
_sym_00bcdb70:
.byte 0xff, 0xff, 0xff, 0xff
.long _sym_00aa8c80
.globl _sym_00bcdb78
_sym_00bcdb78:
.byte 0x22, 0x05, 0x93, 0x19, 0x01, 0x00, 0x00, 0x00
.long _sym_00bcdb70
.byte 0x00, 0x00, 0x00, 0x00, 0x00, 0x00, 0x00, 0x00, 0x00, 0x00, 0x00, 0x00, 0x00, 0x00, 0x00, 0x00
.byte 0x00, 0x00, 0x00, 0x00, 0x01, 0x00, 0x00, 0x00
.globl _sym_00bcdb9c
_sym_00bcdb9c:
.byte 0xff, 0xff, 0xff, 0xff
.long _sym_00aa8d10
.globl _sym_00bcdba4
_sym_00bcdba4:
.byte 0x22, 0x05, 0x93, 0x19, 0x01, 0x00, 0x00, 0x00
.long _sym_00bcdb9c
.byte 0x00, 0x00, 0x00, 0x00, 0x00, 0x00, 0x00, 0x00, 0x00, 0x00, 0x00, 0x00, 0x00, 0x00, 0x00, 0x00
.byte 0x00, 0x00, 0x00, 0x00, 0x01, 0x00, 0x00, 0x00
.globl _sym_00bcdbc8
_sym_00bcdbc8:
.byte 0xff, 0xff, 0xff, 0xff
.long _sym_00aa8cb0
.globl _sym_00bcdbd0
_sym_00bcdbd0:
.byte 0x22, 0x05, 0x93, 0x19, 0x01, 0x00, 0x00, 0x00
.long _sym_00bcdbc8
.byte 0x00, 0x00, 0x00, 0x00, 0x00, 0x00, 0x00, 0x00, 0x00, 0x00, 0x00, 0x00, 0x00, 0x00, 0x00, 0x00
.byte 0x00, 0x00, 0x00, 0x00, 0x01, 0x00, 0x00, 0x00
.globl _sym_00bcdbf4
_sym_00bcdbf4:
.byte 0xff, 0xff, 0xff, 0xff
.long _sym_00aa8ce0
.globl _sym_00bcdbfc
_sym_00bcdbfc:
.byte 0x22, 0x05, 0x93, 0x19, 0x01, 0x00, 0x00, 0x00
.long _sym_00bcdbf4
.byte 0x00, 0x00, 0x00, 0x00, 0x00, 0x00, 0x00, 0x00, 0x00, 0x00, 0x00, 0x00, 0x00, 0x00, 0x00, 0x00
.byte 0x00, 0x00, 0x00, 0x00, 0x01, 0x00, 0x00, 0x00
.globl _sym_00bcdc20
_sym_00bcdc20:
.byte 0xff, 0xff, 0xff, 0xff
.long _sym_00aa8c00
.byte 0xff, 0xff, 0xff, 0xff
.long _sym_00aa8c0e
.globl _sym_00bcdc30
_sym_00bcdc30:
.byte 0x22, 0x05, 0x93, 0x19, 0x02, 0x00, 0x00, 0x00
.long _sym_00bcdc20
.byte 0x00, 0x00, 0x00, 0x00, 0x00, 0x00, 0x00, 0x00, 0x00, 0x00, 0x00, 0x00, 0x00, 0x00, 0x00, 0x00
.byte 0x00, 0x00, 0x00, 0x00, 0x01, 0x00, 0x00, 0x00
.globl _sym_00bcdc54
_sym_00bcdc54:
.byte 0xff, 0xff, 0xff, 0xff
.long _sym_00aa8a60
.globl _sym_00bcdc5c
_sym_00bcdc5c:
.byte 0x22, 0x05, 0x93, 0x19, 0x01, 0x00, 0x00, 0x00
.long _sym_00bcdc54
.byte 0x00, 0x00, 0x00, 0x00, 0x00, 0x00, 0x00, 0x00, 0x00, 0x00, 0x00, 0x00, 0x00, 0x00, 0x00, 0x00
.byte 0x00, 0x00, 0x00, 0x00, 0x01, 0x00, 0x00, 0x00
.globl _sym_00bcdc80
_sym_00bcdc80:
.byte 0xff, 0xff, 0xff, 0xff
.long _sym_00aa8d40
.globl _sym_00bcdc88
_sym_00bcdc88:
.byte 0x22, 0x05, 0x93, 0x19, 0x01, 0x00, 0x00, 0x00
.long _sym_00bcdc80
.byte 0x00, 0x00, 0x00, 0x00, 0x00, 0x00, 0x00, 0x00, 0x00, 0x00, 0x00, 0x00, 0x00, 0x00, 0x00, 0x00
.byte 0x00, 0x00, 0x00, 0x00, 0x01, 0x00, 0x00, 0x00
.globl _sym_00bcdcac
_sym_00bcdcac:
.byte 0xff, 0xff, 0xff, 0xff
.long _sym_00aa8b20
.globl _sym_00bcdcb4
_sym_00bcdcb4:
.byte 0x22, 0x05, 0x93, 0x19, 0x01, 0x00, 0x00, 0x00
.long _sym_00bcdcac
.byte 0x00, 0x00, 0x00, 0x00, 0x00, 0x00, 0x00, 0x00, 0x00, 0x00, 0x00, 0x00, 0x00, 0x00, 0x00, 0x00
.byte 0x00, 0x00, 0x00, 0x00, 0x01, 0x00, 0x00, 0x00
.globl _sym_00bcdcd8
_sym_00bcdcd8:
.byte 0xff, 0xff, 0xff, 0xff
.long _sym_00aa8b50
.globl _sym_00bcdce0
_sym_00bcdce0:
.byte 0x22, 0x05, 0x93, 0x19, 0x01, 0x00, 0x00, 0x00
.long _sym_00bcdcd8
.byte 0x00, 0x00, 0x00, 0x00, 0x00, 0x00, 0x00, 0x00, 0x00, 0x00, 0x00, 0x00, 0x00, 0x00, 0x00, 0x00
.byte 0x00, 0x00, 0x00, 0x00, 0x01, 0x00, 0x00, 0x00
.globl _sym_00bcdd04
_sym_00bcdd04:
.byte 0xff, 0xff, 0xff, 0xff
.long _sym_00aa8e00
.globl _sym_00bcdd0c
_sym_00bcdd0c:
.byte 0x22, 0x05, 0x93, 0x19, 0x01, 0x00, 0x00, 0x00
.long _sym_00bcdd04
.byte 0x00, 0x00, 0x00, 0x00, 0x00, 0x00, 0x00, 0x00, 0x00, 0x00, 0x00, 0x00, 0x00, 0x00, 0x00, 0x00
.byte 0x00, 0x00, 0x00, 0x00, 0x01, 0x00, 0x00, 0x00
.globl _sym_00bcdd30
_sym_00bcdd30:
.byte 0xff, 0xff, 0xff, 0xff
.long _sym_00aa8da0
.globl _sym_00bcdd38
_sym_00bcdd38:
.byte 0x22, 0x05, 0x93, 0x19, 0x01, 0x00, 0x00, 0x00
.long _sym_00bcdd30
.byte 0x00, 0x00, 0x00, 0x00, 0x00, 0x00, 0x00, 0x00, 0x00, 0x00, 0x00, 0x00, 0x00, 0x00, 0x00, 0x00
.byte 0x00, 0x00, 0x00, 0x00, 0x01, 0x00, 0x00, 0x00
.globl _sym_00bcdd5c
_sym_00bcdd5c:
.byte 0xff, 0xff, 0xff, 0xff
.long _sym_00aa8dd0
.globl _sym_00bcdd64
_sym_00bcdd64:
.byte 0x22, 0x05, 0x93, 0x19, 0x01, 0x00, 0x00, 0x00
.long _sym_00bcdd5c
.byte 0x00, 0x00, 0x00, 0x00, 0x00, 0x00, 0x00, 0x00, 0x00, 0x00, 0x00, 0x00, 0x00, 0x00, 0x00, 0x00
.byte 0x00, 0x00, 0x00, 0x00, 0x01, 0x00, 0x00, 0x00
.globl _sym_00bcdd88
_sym_00bcdd88:
.byte 0xff, 0xff, 0xff, 0xff
.long _sym_00aa8fd0
.byte 0xff, 0xff, 0xff, 0xff
.long _sym_00aa8fde
.byte 0xff, 0xff, 0xff, 0xff
.long _sym_00aa8fec
.byte 0xff, 0xff, 0xff, 0xff
.long _sym_00aa8ffa
.globl _sym_00bcdda8
_sym_00bcdda8:
.byte 0x22, 0x05, 0x93, 0x19, 0x04, 0x00, 0x00, 0x00
.long _sym_00bcdd88
.byte 0x00, 0x00, 0x00, 0x00, 0x00, 0x00, 0x00, 0x00, 0x00, 0x00, 0x00, 0x00, 0x00, 0x00, 0x00, 0x00
.byte 0x00, 0x00, 0x00, 0x00, 0x01, 0x00, 0x00, 0x00
.globl _sym_00bcddcc
_sym_00bcddcc:
.byte 0x22, 0x05, 0x93, 0x19, 0x05, 0x00, 0x00, 0x00
.long _sym_00bcddf0
.byte 0x00, 0x00, 0x00, 0x00, 0x00, 0x00, 0x00, 0x00, 0x00, 0x00, 0x00, 0x00, 0x00, 0x00, 0x00, 0x00
.byte 0x00, 0x00, 0x00, 0x00, 0x01, 0x00, 0x00, 0x00
.globl _sym_00bcddf0
_sym_00bcddf0:
.byte 0xff, 0xff, 0xff, 0xff
.long _sym_00aa9030
.byte 0xff, 0xff, 0xff, 0xff
.long _sym_00aa903e
.byte 0xff, 0xff, 0xff, 0xff
.long _sym_00aa904c
.byte 0xff, 0xff, 0xff, 0xff
.long _sym_00aa905a
.byte 0xff, 0xff, 0xff, 0xff
.long _sym_00aa9068
.globl _sym_00bcde18
_sym_00bcde18:
.byte 0x22, 0x05, 0x93, 0x19, 0x06, 0x00, 0x00, 0x00
.long _sym_00bcde3c
.byte 0x00, 0x00, 0x00, 0x00, 0x00, 0x00, 0x00, 0x00, 0x00, 0x00, 0x00, 0x00, 0x00, 0x00, 0x00, 0x00
.byte 0x00, 0x00, 0x00, 0x00, 0x01, 0x00, 0x00, 0x00
.globl _sym_00bcde3c
_sym_00bcde3c:
.byte 0xff, 0xff, 0xff, 0xff
.long _sym_00aa90a0
.byte 0xff, 0xff, 0xff, 0xff
.long _sym_00aa90ae
.byte 0xff, 0xff, 0xff, 0xff
.long _sym_00aa90bc
.byte 0xff, 0xff, 0xff, 0xff
.long _sym_00aa90ca
.byte 0xff, 0xff, 0xff, 0xff
.long _sym_00aa90d8
.byte 0xff, 0xff, 0xff, 0xff
.long _sym_00aa90e6
.globl _sym_00bcde6c
_sym_00bcde6c:
.byte 0x22, 0x05, 0x93, 0x19, 0x06, 0x00, 0x00, 0x00
.long _sym_00bcde90
.byte 0x00, 0x00, 0x00, 0x00, 0x00, 0x00, 0x00, 0x00, 0x00, 0x00, 0x00, 0x00, 0x00, 0x00, 0x00, 0x00
.byte 0x00, 0x00, 0x00, 0x00, 0x01, 0x00, 0x00, 0x00
.globl _sym_00bcde90
_sym_00bcde90:
.byte 0xff, 0xff, 0xff, 0xff
.long _sym_00aa8f60
.byte 0xff, 0xff, 0xff, 0xff
.long _sym_00aa8f6e
.byte 0xff, 0xff, 0xff, 0xff
.long _sym_00aa8f7c
.byte 0xff, 0xff, 0xff, 0xff
.long _sym_00aa8f8a
.byte 0xff, 0xff, 0xff, 0xff
.long _sym_00aa8f98
.byte 0xff, 0xff, 0xff, 0xff
.long _sym_00aa8fa6
.globl _sym_00bcdec0
_sym_00bcdec0:
.byte 0x22, 0x05, 0x93, 0x19, 0x05, 0x00, 0x00, 0x00
.long _sym_00bcdee4
.byte 0x00, 0x00, 0x00, 0x00, 0x00, 0x00, 0x00, 0x00, 0x00, 0x00, 0x00, 0x00, 0x00, 0x00, 0x00, 0x00
.byte 0x00, 0x00, 0x00, 0x00, 0x01, 0x00, 0x00, 0x00
.globl _sym_00bcdee4
_sym_00bcdee4:
.byte 0xff, 0xff, 0xff, 0xff
.long _sym_00aa8ef0
.byte 0xff, 0xff, 0xff, 0xff
.long _sym_00aa8efe
.byte 0xff, 0xff, 0xff, 0xff
.long _sym_00aa8f0c
.byte 0xff, 0xff, 0xff, 0xff
.long _sym_00aa8f1a
.byte 0xff, 0xff, 0xff, 0xff
.long _sym_00aa8f28
.globl _sym_00bcdf0c
_sym_00bcdf0c:
.byte 0xff, 0xff, 0xff, 0xff
.long _sym_00aa8e30
.byte 0xff, 0xff, 0xff, 0xff
.long _sym_00aa8e3e
.globl _sym_00bcdf1c
_sym_00bcdf1c:
.byte 0x22, 0x05, 0x93, 0x19, 0x02, 0x00, 0x00, 0x00
.long _sym_00bcdf0c
.byte 0x00, 0x00, 0x00, 0x00, 0x00, 0x00, 0x00, 0x00, 0x00, 0x00, 0x00, 0x00, 0x00, 0x00, 0x00, 0x00
.byte 0x00, 0x00, 0x00, 0x00, 0x01, 0x00, 0x00, 0x00
.globl _sym_00bcdf40
_sym_00bcdf40:
.byte 0xff, 0xff, 0xff, 0xff
.long _sym_00aa8e70
.byte 0xff, 0xff, 0xff, 0xff
.long _sym_00aa8e7e
.globl _sym_00bcdf50
_sym_00bcdf50:
.byte 0x22, 0x05, 0x93, 0x19, 0x02, 0x00, 0x00, 0x00
.long _sym_00bcdf40
.byte 0x00, 0x00, 0x00, 0x00, 0x00, 0x00, 0x00, 0x00, 0x00, 0x00, 0x00, 0x00, 0x00, 0x00, 0x00, 0x00
.byte 0x00, 0x00, 0x00, 0x00, 0x01, 0x00, 0x00, 0x00
.globl _sym_00bcdf74
_sym_00bcdf74:
.byte 0xff, 0xff, 0xff, 0xff
.long _sym_00aa8eb0
.byte 0xff, 0xff, 0xff, 0xff
.long _sym_00aa8ebe
.globl _sym_00bcdf84
_sym_00bcdf84:
.byte 0x22, 0x05, 0x93, 0x19, 0x02, 0x00, 0x00, 0x00
.long _sym_00bcdf74
.byte 0x00, 0x00, 0x00, 0x00, 0x00, 0x00, 0x00, 0x00, 0x00, 0x00, 0x00, 0x00, 0x00, 0x00, 0x00, 0x00
.byte 0x00, 0x00, 0x00, 0x00, 0x01, 0x00, 0x00, 0x00
.globl _sym_00bcdfa8
_sym_00bcdfa8:
.byte 0xff, 0xff, 0xff, 0xff
.long _sym_00aa9170
.globl _sym_00bcdfb0
_sym_00bcdfb0:
.byte 0x22, 0x05, 0x93, 0x19, 0x01, 0x00, 0x00, 0x00
.long _sym_00bcdfa8
.byte 0x00, 0x00, 0x00, 0x00, 0x00, 0x00, 0x00, 0x00, 0x00, 0x00, 0x00, 0x00, 0x00, 0x00, 0x00, 0x00
.byte 0x00, 0x00, 0x00, 0x00, 0x01, 0x00, 0x00, 0x00
.globl _sym_00bcdfd4
_sym_00bcdfd4:
.byte 0xff, 0xff, 0xff, 0xff
.long _sym_00aa91a0
.globl _sym_00bcdfdc
_sym_00bcdfdc:
.byte 0x22, 0x05, 0x93, 0x19, 0x01, 0x00, 0x00, 0x00
.long _sym_00bcdfd4
.byte 0x00, 0x00, 0x00, 0x00, 0x00, 0x00, 0x00, 0x00, 0x00, 0x00, 0x00, 0x00, 0x00, 0x00, 0x00, 0x00
.byte 0x00, 0x00, 0x00, 0x00, 0x01, 0x00, 0x00, 0x00
.globl _sym_00bce000
_sym_00bce000:
.byte 0xff, 0xff, 0xff, 0xff
.long _sym_00aa9110
.globl _sym_00bce008
_sym_00bce008:
.byte 0x22, 0x05, 0x93, 0x19, 0x01, 0x00, 0x00, 0x00
.long _sym_00bce000
.byte 0x00, 0x00, 0x00, 0x00, 0x00, 0x00, 0x00, 0x00, 0x00, 0x00, 0x00, 0x00, 0x00, 0x00, 0x00, 0x00
.byte 0x00, 0x00, 0x00, 0x00, 0x01, 0x00, 0x00, 0x00
.globl _sym_00bce02c
_sym_00bce02c:
.byte 0xff, 0xff, 0xff, 0xff
.long _sym_00aa91d0
.globl _sym_00bce034
_sym_00bce034:
.byte 0x22, 0x05, 0x93, 0x19, 0x01, 0x00, 0x00, 0x00
.long _sym_00bce02c
.byte 0x00, 0x00, 0x00, 0x00, 0x00, 0x00, 0x00, 0x00, 0x00, 0x00, 0x00, 0x00, 0x00, 0x00, 0x00, 0x00
.byte 0x00, 0x00, 0x00, 0x00, 0x01, 0x00, 0x00, 0x00
.globl _sym_00bce058
_sym_00bce058:
.byte 0xff, 0xff, 0xff, 0xff
.long _sym_00aa9140
.globl _sym_00bce060
_sym_00bce060:
.byte 0x22, 0x05, 0x93, 0x19, 0x01, 0x00, 0x00, 0x00
.long _sym_00bce058
.byte 0x00, 0x00, 0x00, 0x00, 0x00, 0x00, 0x00, 0x00, 0x00, 0x00, 0x00, 0x00, 0x00, 0x00, 0x00, 0x00
.byte 0x00, 0x00, 0x00, 0x00, 0x01, 0x00, 0x00, 0x00
.globl _sym_00bce084
_sym_00bce084:
.byte 0xff, 0xff, 0xff, 0xff
.long _sym_00aa9200
.byte 0xff, 0xff, 0xff, 0xff
.long _sym_00aa920e
.byte 0xff, 0xff, 0xff, 0xff
.long _sym_00aa921c
.globl _sym_00bce09c
_sym_00bce09c:
.byte 0x22, 0x05, 0x93, 0x19, 0x03, 0x00, 0x00, 0x00
.long _sym_00bce084
.byte 0x00, 0x00, 0x00, 0x00, 0x00, 0x00, 0x00, 0x00, 0x00, 0x00, 0x00, 0x00, 0x00, 0x00, 0x00, 0x00
.byte 0x00, 0x00, 0x00, 0x00, 0x01, 0x00, 0x00, 0x00
.globl _sym_00bce0c0
_sym_00bce0c0:
.byte 0xff, 0xff, 0xff, 0xff
.long _sym_00aa9250
.globl _sym_00bce0c8
_sym_00bce0c8:
.byte 0x22, 0x05, 0x93, 0x19, 0x01, 0x00, 0x00, 0x00
.long _sym_00bce0c0
.byte 0x00, 0x00, 0x00, 0x00, 0x00, 0x00, 0x00, 0x00, 0x00, 0x00, 0x00, 0x00, 0x00, 0x00, 0x00, 0x00
.byte 0x00, 0x00, 0x00, 0x00, 0x01, 0x00, 0x00, 0x00
.globl _sym_00bce0ec
_sym_00bce0ec:
.byte 0xff, 0xff, 0xff, 0xff
.long _sym_00aa93e0
.globl _sym_00bce0f4
_sym_00bce0f4:
.byte 0x22, 0x05, 0x93, 0x19, 0x01, 0x00, 0x00, 0x00
.long _sym_00bce0ec
.byte 0x00, 0x00, 0x00, 0x00, 0x00, 0x00, 0x00, 0x00, 0x00, 0x00, 0x00, 0x00, 0x00, 0x00, 0x00, 0x00
.byte 0x00, 0x00, 0x00, 0x00, 0x01, 0x00, 0x00, 0x00
.globl _sym_00bce118
_sym_00bce118:
.byte 0xff, 0xff, 0xff, 0xff
.long _sym_00aa93a0
.byte 0x00, 0x00, 0x00, 0x00
.long _sym_00aa93a8
.globl _sym_00bce128
_sym_00bce128:
.byte 0x22, 0x05, 0x93, 0x19, 0x02, 0x00, 0x00, 0x00
.long _sym_00bce118
.byte 0x00, 0x00, 0x00, 0x00, 0x00, 0x00, 0x00, 0x00, 0x00, 0x00, 0x00, 0x00, 0x00, 0x00, 0x00, 0x00
.byte 0x00, 0x00, 0x00, 0x00, 0x01, 0x00, 0x00, 0x00
.globl _sym_00bce14c
_sym_00bce14c:
.byte 0xff, 0xff, 0xff, 0xff
.long _sym_00aa9310
.globl _sym_00bce154
_sym_00bce154:
.byte 0x22, 0x05, 0x93, 0x19, 0x01, 0x00, 0x00, 0x00
.long _sym_00bce14c
.byte 0x00, 0x00, 0x00, 0x00, 0x00, 0x00, 0x00, 0x00, 0x00, 0x00, 0x00, 0x00, 0x00, 0x00, 0x00, 0x00
.byte 0x00, 0x00, 0x00, 0x00, 0x01, 0x00, 0x00, 0x00
.globl _sym_00bce178
_sym_00bce178:
.byte 0xff, 0xff, 0xff, 0xff
.long _sym_00aa9340
.globl _sym_00bce180
_sym_00bce180:
.byte 0x22, 0x05, 0x93, 0x19, 0x01, 0x00, 0x00, 0x00
.long _sym_00bce178
.byte 0x00, 0x00, 0x00, 0x00, 0x00, 0x00, 0x00, 0x00, 0x00, 0x00, 0x00, 0x00, 0x00, 0x00, 0x00, 0x00
.byte 0x00, 0x00, 0x00, 0x00, 0x01, 0x00, 0x00, 0x00
.globl _sym_00bce1a4
_sym_00bce1a4:
.byte 0xff, 0xff, 0xff, 0xff
.long _sym_00aa9280
.byte 0xff, 0xff, 0xff, 0xff
.long _sym_00aa928e
.byte 0x01, 0x00, 0x00, 0x00
.long _sym_00aa9296
.byte 0x01, 0x00, 0x00, 0x00
.long _sym_00aa92a4
.globl _sym_00bce1c4
_sym_00bce1c4:
.byte 0x22, 0x05, 0x93, 0x19, 0x04, 0x00, 0x00, 0x00
.long _sym_00bce1a4
.byte 0x00, 0x00, 0x00, 0x00, 0x00, 0x00, 0x00, 0x00, 0x00, 0x00, 0x00, 0x00, 0x00, 0x00, 0x00, 0x00
.byte 0x00, 0x00, 0x00, 0x00, 0x01, 0x00, 0x00, 0x00
.globl _sym_00bce1e8
_sym_00bce1e8:
.byte 0xff, 0xff, 0xff, 0xff
.long _sym_00aa92d0
.byte 0x00, 0x00, 0x00, 0x00
.long _sym_00aa92d8
.byte 0x00, 0x00, 0x00, 0x00
.long _sym_00aa92e6
.globl _sym_00bce200
_sym_00bce200:
.byte 0x22, 0x05, 0x93, 0x19, 0x03, 0x00, 0x00, 0x00
.long _sym_00bce1e8
.byte 0x00, 0x00, 0x00, 0x00, 0x00, 0x00, 0x00, 0x00, 0x00, 0x00, 0x00, 0x00, 0x00, 0x00, 0x00, 0x00
.byte 0x00, 0x00, 0x00, 0x00, 0x01, 0x00, 0x00, 0x00
.globl _sym_00bce224
_sym_00bce224:
.byte 0xff, 0xff, 0xff, 0xff
.long _sym_00aa9370
.globl _sym_00bce22c
_sym_00bce22c:
.byte 0x22, 0x05, 0x93, 0x19, 0x01, 0x00, 0x00, 0x00
.long _sym_00bce224
.byte 0x00, 0x00, 0x00, 0x00, 0x00, 0x00, 0x00, 0x00, 0x00, 0x00, 0x00, 0x00, 0x00, 0x00, 0x00, 0x00
.byte 0x00, 0x00, 0x00, 0x00, 0x01, 0x00, 0x00, 0x00
.globl _sym_00bce250
_sym_00bce250:
.byte 0x22, 0x05, 0x93, 0x19, 0x12, 0x00, 0x00, 0x00
.long _sym_00bce274
.byte 0x00, 0x00, 0x00, 0x00, 0x00, 0x00, 0x00, 0x00, 0x00, 0x00, 0x00, 0x00, 0x00, 0x00, 0x00, 0x00
.byte 0x00, 0x00, 0x00, 0x00, 0x01, 0x00, 0x00, 0x00
.globl _sym_00bce274
_sym_00bce274:
.byte 0xff, 0xff, 0xff, 0xff
.long _sym_00aa94d0
.byte 0xff, 0xff, 0xff, 0xff
.long _sym_00aa94de
.byte 0xff, 0xff, 0xff, 0xff
.long _sym_00aa94ec
.byte 0xff, 0xff, 0xff, 0xff
.long _sym_00aa94fa
.byte 0xff, 0xff, 0xff, 0xff
.long _sym_00aa9508
.byte 0xff, 0xff, 0xff, 0xff
.long _sym_00aa9516
.byte 0xff, 0xff, 0xff, 0xff
.long _sym_00aa9524
.byte 0xff, 0xff, 0xff, 0xff
.long _sym_00aa9532
.byte 0xff, 0xff, 0xff, 0xff
.long _sym_00aa9542
.byte 0xff, 0xff, 0xff, 0xff
.long _sym_00aa9552
.byte 0xff, 0xff, 0xff, 0xff
.long _sym_00aa9562
.byte 0xff, 0xff, 0xff, 0xff
.long _sym_00aa9572
.byte 0xff, 0xff, 0xff, 0xff
.long _sym_00aa9582
.byte 0xff, 0xff, 0xff, 0xff
.long _sym_00aa9592
.byte 0xff, 0xff, 0xff, 0xff
.long _sym_00aa95a2
.byte 0xff, 0xff, 0xff, 0xff
.long _sym_00aa95b2
.byte 0xff, 0xff, 0xff, 0xff
.long _sym_00aa95c2
.byte 0xff, 0xff, 0xff, 0xff
.long _sym_00aa95d2
.globl _sym_00bce304
_sym_00bce304:
.byte 0xff, 0xff, 0xff, 0xff
.long _sym_00aa9440
.globl _sym_00bce30c
_sym_00bce30c:
.byte 0x22, 0x05, 0x93, 0x19, 0x01, 0x00, 0x00, 0x00
.long _sym_00bce304
.byte 0x00, 0x00, 0x00, 0x00, 0x00, 0x00, 0x00, 0x00, 0x00, 0x00, 0x00, 0x00, 0x00, 0x00, 0x00, 0x00
.byte 0x00, 0x00, 0x00, 0x00, 0x01, 0x00, 0x00, 0x00
.globl _sym_00bce330
_sym_00bce330:
.byte 0xff, 0xff, 0xff, 0xff
.long _sym_00aa9410
.globl _sym_00bce338
_sym_00bce338:
.byte 0x22, 0x05, 0x93, 0x19, 0x01, 0x00, 0x00, 0x00
.long _sym_00bce330
.byte 0x00, 0x00, 0x00, 0x00, 0x00, 0x00, 0x00, 0x00, 0x00, 0x00, 0x00, 0x00, 0x00, 0x00, 0x00, 0x00
.byte 0x00, 0x00, 0x00, 0x00, 0x01, 0x00, 0x00, 0x00
.globl _sym_00bce35c
_sym_00bce35c:
.byte 0xff, 0xff, 0xff, 0xff
.long _sym_00aa9600
.globl _sym_00bce364
_sym_00bce364:
.byte 0x22, 0x05, 0x93, 0x19, 0x01, 0x00, 0x00, 0x00
.long _sym_00bce35c
.byte 0x00, 0x00, 0x00, 0x00, 0x00, 0x00, 0x00, 0x00, 0x00, 0x00, 0x00, 0x00, 0x00, 0x00, 0x00, 0x00
.byte 0x00, 0x00, 0x00, 0x00, 0x01, 0x00, 0x00, 0x00
.globl _sym_00bce388
_sym_00bce388:
.byte 0xff, 0xff, 0xff, 0xff
.long _sym_00aa94a0
.globl _sym_00bce390
_sym_00bce390:
.byte 0x22, 0x05, 0x93, 0x19, 0x01, 0x00, 0x00, 0x00
.long _sym_00bce388
.byte 0x00, 0x00, 0x00, 0x00, 0x00, 0x00, 0x00, 0x00, 0x00, 0x00, 0x00, 0x00, 0x00, 0x00, 0x00, 0x00
.byte 0x00, 0x00, 0x00, 0x00, 0x01, 0x00, 0x00, 0x00
.globl _sym_00bce3b4
_sym_00bce3b4:
.byte 0xff, 0xff, 0xff, 0xff
.long _sym_00aa9470
.globl _sym_00bce3bc
_sym_00bce3bc:
.byte 0x22, 0x05, 0x93, 0x19, 0x01, 0x00, 0x00, 0x00
.long _sym_00bce3b4
.byte 0x00, 0x00, 0x00, 0x00, 0x00, 0x00, 0x00, 0x00, 0x00, 0x00, 0x00, 0x00, 0x00, 0x00, 0x00, 0x00
.byte 0x00, 0x00, 0x00, 0x00, 0x01, 0x00, 0x00, 0x00
.globl _sym_00bce3e0
_sym_00bce3e0:
.byte 0xff, 0xff, 0xff, 0xff
.long _sym_00aa9690
.byte 0xff, 0xff, 0xff, 0xff
.long _sym_00aa969e
.byte 0xff, 0xff, 0xff, 0xff
.long _sym_00aa96ac
.globl _sym_00bce3f8
_sym_00bce3f8:
.byte 0x22, 0x05, 0x93, 0x19, 0x03, 0x00, 0x00, 0x00
.long _sym_00bce3e0
.byte 0x00, 0x00, 0x00, 0x00, 0x00, 0x00, 0x00, 0x00, 0x00, 0x00, 0x00, 0x00, 0x00, 0x00, 0x00, 0x00
.byte 0x00, 0x00, 0x00, 0x00, 0x01, 0x00, 0x00, 0x00
.globl _sym_00bce41c
_sym_00bce41c:
.byte 0xff, 0xff, 0xff, 0xff
.long _sym_00aa9630
.globl _sym_00bce424
_sym_00bce424:
.byte 0x22, 0x05, 0x93, 0x19, 0x01, 0x00, 0x00, 0x00
.long _sym_00bce41c
.byte 0x00, 0x00, 0x00, 0x00, 0x00, 0x00, 0x00, 0x00, 0x00, 0x00, 0x00, 0x00, 0x00, 0x00, 0x00, 0x00
.byte 0x00, 0x00, 0x00, 0x00, 0x01, 0x00, 0x00, 0x00
.globl _sym_00bce448
_sym_00bce448:
.byte 0xff, 0xff, 0xff, 0xff
.long _sym_00aa96e0
.globl _sym_00bce450
_sym_00bce450:
.byte 0x22, 0x05, 0x93, 0x19, 0x01, 0x00, 0x00, 0x00
.long _sym_00bce448
.byte 0x00, 0x00, 0x00, 0x00, 0x00, 0x00, 0x00, 0x00, 0x00, 0x00, 0x00, 0x00, 0x00, 0x00, 0x00, 0x00
.byte 0x00, 0x00, 0x00, 0x00, 0x01, 0x00, 0x00, 0x00
.globl _sym_00bce474
_sym_00bce474:
.byte 0xff, 0xff, 0xff, 0xff
.long _sym_00aa9660
.globl _sym_00bce47c
_sym_00bce47c:
.byte 0x22, 0x05, 0x93, 0x19, 0x01, 0x00, 0x00, 0x00
.long _sym_00bce474
.byte 0x00, 0x00, 0x00, 0x00, 0x00, 0x00, 0x00, 0x00, 0x00, 0x00, 0x00, 0x00, 0x00, 0x00, 0x00, 0x00
.byte 0x00, 0x00, 0x00, 0x00, 0x01, 0x00, 0x00, 0x00
.globl _sym_00bce4a0
_sym_00bce4a0:
.byte 0x22, 0x05, 0x93, 0x19, 0x09, 0x00, 0x00, 0x00
.long _sym_00bce4c4
.byte 0x00, 0x00, 0x00, 0x00, 0x00, 0x00, 0x00, 0x00, 0x00, 0x00, 0x00, 0x00, 0x00, 0x00, 0x00, 0x00
.byte 0x00, 0x00, 0x00, 0x00, 0x01, 0x00, 0x00, 0x00
.globl _sym_00bce4c4
_sym_00bce4c4:
.byte 0xff, 0xff, 0xff, 0xff
.long _sym_00aa9770
.byte 0xff, 0xff, 0xff, 0xff
.long _sym_00aa977e
.byte 0xff, 0xff, 0xff, 0xff
.long _sym_00aa978c
.byte 0xff, 0xff, 0xff, 0xff
.long _sym_00aa979a
.byte 0xff, 0xff, 0xff, 0xff
.long _sym_00aa97a8
.byte 0xff, 0xff, 0xff, 0xff
.long _sym_00aa97b6
.byte 0xff, 0xff, 0xff, 0xff
.long _sym_00aa97c4
.byte 0xff, 0xff, 0xff, 0xff
.long _sym_00aa97d2
.byte 0xff, 0xff, 0xff, 0xff
.long _sym_00aa97e2
.globl _sym_00bce50c
_sym_00bce50c:
.byte 0xff, 0xff, 0xff, 0xff
.long _sym_00aa9710
.globl _sym_00bce514
_sym_00bce514:
.byte 0x22, 0x05, 0x93, 0x19, 0x01, 0x00, 0x00, 0x00
.long _sym_00bce50c
.byte 0x00, 0x00, 0x00, 0x00, 0x00, 0x00, 0x00, 0x00, 0x00, 0x00, 0x00, 0x00, 0x00, 0x00, 0x00, 0x00
.byte 0x00, 0x00, 0x00, 0x00, 0x01, 0x00, 0x00, 0x00
.globl _sym_00bce538
_sym_00bce538:
.byte 0xff, 0xff, 0xff, 0xff
.long _sym_00aa9740
.globl _sym_00bce540
_sym_00bce540:
.byte 0x22, 0x05, 0x93, 0x19, 0x01, 0x00, 0x00, 0x00
.long _sym_00bce538
.byte 0x00, 0x00, 0x00, 0x00, 0x00, 0x00, 0x00, 0x00, 0x00, 0x00, 0x00, 0x00, 0x00, 0x00, 0x00, 0x00
.byte 0x00, 0x00, 0x00, 0x00, 0x01, 0x00, 0x00, 0x00
.globl _sym_00bce564
_sym_00bce564:
.byte 0x22, 0x05, 0x93, 0x19, 0x06, 0x00, 0x00, 0x00
.long _sym_00bce588
.byte 0x00, 0x00, 0x00, 0x00, 0x00, 0x00, 0x00, 0x00, 0x00, 0x00, 0x00, 0x00, 0x00, 0x00, 0x00, 0x00
.byte 0x00, 0x00, 0x00, 0x00, 0x01, 0x00, 0x00, 0x00
.globl _sym_00bce588
_sym_00bce588:
.byte 0xff, 0xff, 0xff, 0xff
.long _sym_00aab5f0
.byte 0xff, 0xff, 0xff, 0xff
.long _sym_00aab5f8
.byte 0x01, 0x00, 0x00, 0x00
.long _sym_00aab600
.byte 0x01, 0x00, 0x00, 0x00
.long _sym_00aab608
.byte 0x01, 0x00, 0x00, 0x00
.long _sym_00aab610
.byte 0x04, 0x00, 0x00, 0x00
.long _sym_00aab61b
.globl _sym_00bce5b8
_sym_00bce5b8:
.byte 0xff, 0xff, 0xff, 0xff
.long _sym_00aab730
.globl _sym_00bce5c0
_sym_00bce5c0:
.byte 0x22, 0x05, 0x93, 0x19, 0x01, 0x00, 0x00, 0x00
.long _sym_00bce5b8
.byte 0x00, 0x00, 0x00, 0x00, 0x00, 0x00, 0x00, 0x00, 0x00, 0x00, 0x00, 0x00, 0x00, 0x00, 0x00, 0x00
.byte 0x00, 0x00, 0x00, 0x00, 0x01, 0x00, 0x00, 0x00
.globl _sym_00bce5e4
_sym_00bce5e4:
.byte 0xff, 0xff, 0xff, 0xff
.long _sym_00aab460
.globl _sym_00bce5ec
_sym_00bce5ec:
.byte 0x22, 0x05, 0x93, 0x19, 0x01, 0x00, 0x00, 0x00
.long _sym_00bce5e4
.byte 0x00, 0x00, 0x00, 0x00, 0x00, 0x00, 0x00, 0x00, 0x00, 0x00, 0x00, 0x00, 0x00, 0x00, 0x00, 0x00
.byte 0x00, 0x00, 0x00, 0x00, 0x01, 0x00, 0x00, 0x00
.globl _sym_00bce610
_sym_00bce610:
.byte 0xff, 0xff, 0xff, 0xff
.long _sym_00aab990
.byte 0x00, 0x00, 0x00, 0x00
.long _sym_00aab998
.byte 0xff, 0xff, 0xff, 0xff
.long _sym_00aab9a3
.globl _sym_00bce628
_sym_00bce628:
.byte 0x22, 0x05, 0x93, 0x19, 0x03, 0x00, 0x00, 0x00
.long _sym_00bce610
.byte 0x00, 0x00, 0x00, 0x00, 0x00, 0x00, 0x00, 0x00, 0x00, 0x00, 0x00, 0x00, 0x00, 0x00, 0x00, 0x00
.byte 0x00, 0x00, 0x00, 0x00, 0x01, 0x00, 0x00, 0x00
.globl _sym_00bce64c
_sym_00bce64c:
.byte 0xff, 0xff, 0xff, 0xff
.long _sym_00aab3a0
.globl _sym_00bce654
_sym_00bce654:
.byte 0x22, 0x05, 0x93, 0x19, 0x01, 0x00, 0x00, 0x00
.long _sym_00bce64c
.byte 0x00, 0x00, 0x00, 0x00, 0x00, 0x00, 0x00, 0x00, 0x00, 0x00, 0x00, 0x00, 0x00, 0x00, 0x00, 0x00
.byte 0x00, 0x00, 0x00, 0x00, 0x01, 0x00, 0x00, 0x00
.globl _sym_00bce678
_sym_00bce678:
.byte 0xff, 0xff, 0xff, 0xff
.long _sym_00aab850
.byte 0x00, 0x00, 0x00, 0x00
.long _sym_00aab858
.byte 0xff, 0xff, 0xff, 0xff
.long _sym_00aab863
.globl _sym_00bce690
_sym_00bce690:
.byte 0x22, 0x05, 0x93, 0x19, 0x03, 0x00, 0x00, 0x00
.long _sym_00bce678
.byte 0x00, 0x00, 0x00, 0x00, 0x00, 0x00, 0x00, 0x00, 0x00, 0x00, 0x00, 0x00, 0x00, 0x00, 0x00, 0x00
.byte 0x00, 0x00, 0x00, 0x00, 0x01, 0x00, 0x00, 0x00
.globl _sym_00bce6b4
_sym_00bce6b4:
.byte 0xff, 0xff, 0xff, 0xff
.long _sym_00aab4c0
.globl _sym_00bce6bc
_sym_00bce6bc:
.byte 0x22, 0x05, 0x93, 0x19, 0x01, 0x00, 0x00, 0x00
.long _sym_00bce6b4
.byte 0x00, 0x00, 0x00, 0x00, 0x00, 0x00, 0x00, 0x00, 0x00, 0x00, 0x00, 0x00, 0x00, 0x00, 0x00, 0x00
.byte 0x00, 0x00, 0x00, 0x00, 0x01, 0x00, 0x00, 0x00
.globl _sym_00bce6e0
_sym_00bce6e0:
.byte 0xff, 0xff, 0xff, 0xff
.long _sym_00aaba10
.byte 0x00, 0x00, 0x00, 0x00
.long _sym_00aaba18
.byte 0xff, 0xff, 0xff, 0xff
.long _sym_00aaba23
.globl _sym_00bce6f8
_sym_00bce6f8:
.byte 0x22, 0x05, 0x93, 0x19, 0x03, 0x00, 0x00, 0x00
.long _sym_00bce6e0
.byte 0x00, 0x00, 0x00, 0x00, 0x00, 0x00, 0x00, 0x00, 0x00, 0x00, 0x00, 0x00, 0x00, 0x00, 0x00, 0x00
.byte 0x00, 0x00, 0x00, 0x00, 0x01, 0x00, 0x00, 0x00
.globl _sym_00bce71c
_sym_00bce71c:
.byte 0xff, 0xff, 0xff, 0xff
.long _sym_00aab6d0
.globl _sym_00bce724
_sym_00bce724:
.byte 0x22, 0x05, 0x93, 0x19, 0x01, 0x00, 0x00, 0x00
.long _sym_00bce71c
.byte 0x00, 0x00, 0x00, 0x00, 0x00, 0x00, 0x00, 0x00, 0x00, 0x00, 0x00, 0x00, 0x00, 0x00, 0x00, 0x00
.byte 0x00, 0x00, 0x00, 0x00, 0x01, 0x00, 0x00, 0x00
.globl _sym_00bce748
_sym_00bce748:
.byte 0xff, 0xff, 0xff, 0xff
.long _sym_00aab430
.globl _sym_00bce750
_sym_00bce750:
.byte 0x22, 0x05, 0x93, 0x19, 0x01, 0x00, 0x00, 0x00
.long _sym_00bce748
.byte 0x00, 0x00, 0x00, 0x00, 0x00, 0x00, 0x00, 0x00, 0x00, 0x00, 0x00, 0x00, 0x00, 0x00, 0x00, 0x00
.byte 0x00, 0x00, 0x00, 0x00, 0x01, 0x00, 0x00, 0x00
.globl _sym_00bce774
_sym_00bce774:
.byte 0xff, 0xff, 0xff, 0xff
.long _sym_00aab910
.byte 0x00, 0x00, 0x00, 0x00
.long _sym_00aab918
.byte 0xff, 0xff, 0xff, 0xff
.long _sym_00aab923
.globl _sym_00bce78c
_sym_00bce78c:
.byte 0x22, 0x05, 0x93, 0x19, 0x03, 0x00, 0x00, 0x00
.long _sym_00bce774
.byte 0x00, 0x00, 0x00, 0x00, 0x00, 0x00, 0x00, 0x00, 0x00, 0x00, 0x00, 0x00, 0x00, 0x00, 0x00, 0x00
.byte 0x00, 0x00, 0x00, 0x00, 0x01, 0x00, 0x00, 0x00
.globl _sym_00bce7b0
_sym_00bce7b0:
.byte 0xff, 0xff, 0xff, 0xff
.long _sym_00aab370
.globl _sym_00bce7b8
_sym_00bce7b8:
.byte 0x22, 0x05, 0x93, 0x19, 0x01, 0x00, 0x00, 0x00
.long _sym_00bce7b0
.byte 0x00, 0x00, 0x00, 0x00, 0x00, 0x00, 0x00, 0x00, 0x00, 0x00, 0x00, 0x00, 0x00, 0x00, 0x00, 0x00
.byte 0x00, 0x00, 0x00, 0x00, 0x01, 0x00, 0x00, 0x00
.globl _sym_00bce7dc
_sym_00bce7dc:
.byte 0xff, 0xff, 0xff, 0xff
.long _sym_00aab810
.byte 0x00, 0x00, 0x00, 0x00
.long _sym_00aab818
.byte 0xff, 0xff, 0xff, 0xff
.long _sym_00aab823
.globl _sym_00bce7f4
_sym_00bce7f4:
.byte 0x22, 0x05, 0x93, 0x19, 0x03, 0x00, 0x00, 0x00
.long _sym_00bce7dc
.byte 0x00, 0x00, 0x00, 0x00, 0x00, 0x00, 0x00, 0x00, 0x00, 0x00, 0x00, 0x00, 0x00, 0x00, 0x00, 0x00
.byte 0x00, 0x00, 0x00, 0x00, 0x01, 0x00, 0x00, 0x00
.globl _sym_00bce818
_sym_00bce818:
.byte 0xff, 0xff, 0xff, 0xff
.long _sym_00aab490
.byte 0xff, 0xff, 0xff, 0xff
.long _sym_00aab498
.globl _sym_00bce828
_sym_00bce828:
.byte 0x22, 0x05, 0x93, 0x19, 0x02, 0x00, 0x00, 0x00
.long _sym_00bce818
.byte 0x00, 0x00, 0x00, 0x00, 0x00, 0x00, 0x00, 0x00, 0x00, 0x00, 0x00, 0x00, 0x00, 0x00, 0x00, 0x00
.byte 0x00, 0x00, 0x00, 0x00, 0x01, 0x00, 0x00, 0x00
.globl _sym_00bce84c
_sym_00bce84c:
.byte 0xff, 0xff, 0xff, 0xff
.long _sym_00aab9d0
.byte 0x00, 0x00, 0x00, 0x00
.long _sym_00aab9d8
.byte 0xff, 0xff, 0xff, 0xff
.long _sym_00aab9e3
.globl _sym_00bce864
_sym_00bce864:
.byte 0x22, 0x05, 0x93, 0x19, 0x03, 0x00, 0x00, 0x00
.long _sym_00bce84c
.byte 0x00, 0x00, 0x00, 0x00, 0x00, 0x00, 0x00, 0x00, 0x00, 0x00, 0x00, 0x00, 0x00, 0x00, 0x00, 0x00
.byte 0x00, 0x00, 0x00, 0x00, 0x01, 0x00, 0x00, 0x00
.globl _sym_00bce888
_sym_00bce888:
.byte 0xff, 0xff, 0xff, 0xff
.long _sym_00aab6a0
.globl _sym_00bce890
_sym_00bce890:
.byte 0x22, 0x05, 0x93, 0x19, 0x01, 0x00, 0x00, 0x00
.long _sym_00bce888
.byte 0x00, 0x00, 0x00, 0x00, 0x00, 0x00, 0x00, 0x00, 0x00, 0x00, 0x00, 0x00, 0x00, 0x00, 0x00, 0x00
.byte 0x00, 0x00, 0x00, 0x00, 0x01, 0x00, 0x00, 0x00
.globl _sym_00bce8b4
_sym_00bce8b4:
.byte 0xff, 0xff, 0xff, 0xff
.long _sym_00aab400
.globl _sym_00bce8bc
_sym_00bce8bc:
.byte 0x22, 0x05, 0x93, 0x19, 0x01, 0x00, 0x00, 0x00
.long _sym_00bce8b4
.byte 0x00, 0x00, 0x00, 0x00, 0x00, 0x00, 0x00, 0x00, 0x00, 0x00, 0x00, 0x00, 0x00, 0x00, 0x00, 0x00
.byte 0x00, 0x00, 0x00, 0x00, 0x01, 0x00, 0x00, 0x00
.globl _sym_00bce8e0
_sym_00bce8e0:
.byte 0xff, 0xff, 0xff, 0xff
.long _sym_00aab8d0
.byte 0x00, 0x00, 0x00, 0x00
.long _sym_00aab8d8
.byte 0xff, 0xff, 0xff, 0xff
.long _sym_00aab8e3
.globl _sym_00bce8f8
_sym_00bce8f8:
.byte 0x22, 0x05, 0x93, 0x19, 0x03, 0x00, 0x00, 0x00
.long _sym_00bce8e0
.byte 0x00, 0x00, 0x00, 0x00, 0x00, 0x00, 0x00, 0x00, 0x00, 0x00, 0x00, 0x00, 0x00, 0x00, 0x00, 0x00
.byte 0x00, 0x00, 0x00, 0x00, 0x01, 0x00, 0x00, 0x00
.globl _sym_00bce91c
_sym_00bce91c:
.byte 0xff, 0xff, 0xff, 0xff
.long _sym_00aab340
.globl _sym_00bce924
_sym_00bce924:
.byte 0x22, 0x05, 0x93, 0x19, 0x01, 0x00, 0x00, 0x00
.long _sym_00bce91c
.byte 0x00, 0x00, 0x00, 0x00, 0x00, 0x00, 0x00, 0x00, 0x00, 0x00, 0x00, 0x00, 0x00, 0x00, 0x00, 0x00
.byte 0x00, 0x00, 0x00, 0x00, 0x01, 0x00, 0x00, 0x00
.globl _sym_00bce948
_sym_00bce948:
.byte 0xff, 0xff, 0xff, 0xff
.long _sym_00aab7d0
.byte 0x00, 0x00, 0x00, 0x00
.long _sym_00aab7d8
.byte 0xff, 0xff, 0xff, 0xff
.long _sym_00aab7e3
.globl _sym_00bce960
_sym_00bce960:
.byte 0x22, 0x05, 0x93, 0x19, 0x03, 0x00, 0x00, 0x00
.long _sym_00bce948
.byte 0x00, 0x00, 0x00, 0x00, 0x00, 0x00, 0x00, 0x00, 0x00, 0x00, 0x00, 0x00, 0x00, 0x00, 0x00, 0x00
.byte 0x00, 0x00, 0x00, 0x00, 0x01, 0x00, 0x00, 0x00
.globl _sym_00bce984
_sym_00bce984:
.byte 0x22, 0x05, 0x93, 0x19, 0x07, 0x00, 0x00, 0x00
.long _sym_00bce9a8
.byte 0x00, 0x00, 0x00, 0x00, 0x00, 0x00, 0x00, 0x00, 0x00, 0x00, 0x00, 0x00, 0x00, 0x00, 0x00, 0x00
.byte 0x00, 0x00, 0x00, 0x00, 0x01, 0x00, 0x00, 0x00
.globl _sym_00bce9a8
_sym_00bce9a8:
.byte 0xff, 0xff, 0xff, 0xff
.long _sym_00aabb30
.byte 0xff, 0xff, 0xff, 0xff
.long _sym_00aabb3b
.byte 0x01, 0x00, 0x00, 0x00
.long _sym_00aabb46
.byte 0x02, 0x00, 0x00, 0x00
.long _sym_00aabb51
.byte 0xff, 0xff, 0xff, 0xff
.long _sym_00aabb5c
.byte 0x04, 0x00, 0x00, 0x00
.long _sym_00aabb67
.byte 0xff, 0xff, 0xff, 0xff
.long _sym_00aabb72
.globl _sym_00bce9e0
_sym_00bce9e0:
.byte 0xff, 0xff, 0xff, 0xff
.long _sym_00aab580
.byte 0x00, 0x00, 0x00, 0x00
.long _sym_00aab58b
.byte 0x01, 0x00, 0x00, 0x00
.long _sym_00aab596
.globl _sym_00bce9f8
_sym_00bce9f8:
.byte 0x22, 0x05, 0x93, 0x19, 0x03, 0x00, 0x00, 0x00
.long _sym_00bce9e0
.byte 0x00, 0x00, 0x00, 0x00, 0x00, 0x00, 0x00, 0x00, 0x00, 0x00, 0x00, 0x00, 0x00, 0x00, 0x00, 0x00
.byte 0x00, 0x00, 0x00, 0x00, 0x01, 0x00, 0x00, 0x00
.globl _sym_00bcea1c
_sym_00bcea1c:
.byte 0xff, 0xff, 0xff, 0xff
.long _sym_00aab540
.byte 0x00, 0x00, 0x00, 0x00
.long _sym_00aab54b
.byte 0x01, 0x00, 0x00, 0x00
.long _sym_00aab556
.globl _sym_00bcea34
_sym_00bcea34:
.byte 0x22, 0x05, 0x93, 0x19, 0x03, 0x00, 0x00, 0x00
.long _sym_00bcea1c
.byte 0x00, 0x00, 0x00, 0x00, 0x00, 0x00, 0x00, 0x00, 0x00, 0x00, 0x00, 0x00, 0x00, 0x00, 0x00, 0x00
.byte 0x00, 0x00, 0x00, 0x00, 0x01, 0x00, 0x00, 0x00
.globl _sym_00bcea58
_sym_00bcea58:
.byte 0xff, 0xff, 0xff, 0xff
.long _sym_00aabac0
.byte 0x00, 0x00, 0x00, 0x00
.long _sym_00aabacb
.globl _sym_00bcea68
_sym_00bcea68:
.byte 0x22, 0x05, 0x93, 0x19, 0x02, 0x00, 0x00, 0x00
.long _sym_00bcea58
.byte 0x00, 0x00, 0x00, 0x00, 0x00, 0x00, 0x00, 0x00, 0x00, 0x00, 0x00, 0x00, 0x00, 0x00, 0x00, 0x00
.byte 0x00, 0x00, 0x00, 0x00, 0x01, 0x00, 0x00, 0x00
.globl _sym_00bcea8c
_sym_00bcea8c:
.byte 0xff, 0xff, 0xff, 0xff
.long _sym_00aabbb0
.byte 0xff, 0xff, 0xff, 0xff
.long _sym_00aabbbb
.globl _sym_00bcea9c
_sym_00bcea9c:
.byte 0x22, 0x05, 0x93, 0x19, 0x02, 0x00, 0x00, 0x00
.long _sym_00bcea8c
.byte 0x00, 0x00, 0x00, 0x00, 0x00, 0x00, 0x00, 0x00, 0x00, 0x00, 0x00, 0x00, 0x00, 0x00, 0x00, 0x00
.byte 0x00, 0x00, 0x00, 0x00, 0x01, 0x00, 0x00, 0x00
.globl _sym_00bceac0
_sym_00bceac0:
.byte 0xff, 0xff, 0xff, 0xff
.long _sym_00aabbf0
.globl _sym_00bceac8
_sym_00bceac8:
.byte 0x22, 0x05, 0x93, 0x19, 0x01, 0x00, 0x00, 0x00
.long _sym_00bceac0
.byte 0x00, 0x00, 0x00, 0x00, 0x00, 0x00, 0x00, 0x00, 0x00, 0x00, 0x00, 0x00, 0x00, 0x00, 0x00, 0x00
.byte 0x00, 0x00, 0x00, 0x00, 0x01, 0x00, 0x00, 0x00
.globl _sym_00bceaec
_sym_00bceaec:
.byte 0xff, 0xff, 0xff, 0xff
.long _sym_00aab5c0
.byte 0x00, 0x00, 0x00, 0x00
.long _sym_00aab5c8
.globl _sym_00bceafc
_sym_00bceafc:
.byte 0x22, 0x05, 0x93, 0x19, 0x02, 0x00, 0x00, 0x00
.long _sym_00bceaec
.byte 0x00, 0x00, 0x00, 0x00, 0x00, 0x00, 0x00, 0x00, 0x00, 0x00, 0x00, 0x00, 0x00, 0x00, 0x00, 0x00
.byte 0x00, 0x00, 0x00, 0x00, 0x01, 0x00, 0x00, 0x00
.globl _sym_00bceb20
_sym_00bceb20:
.byte 0xff, 0xff, 0xff, 0xff
.long _sym_00aab640
.globl _sym_00bceb28
_sym_00bceb28:
.byte 0x22, 0x05, 0x93, 0x19, 0x01, 0x00, 0x00, 0x00
.long _sym_00bceb20
.byte 0x00, 0x00, 0x00, 0x00, 0x00, 0x00, 0x00, 0x00, 0x00, 0x00, 0x00, 0x00, 0x00, 0x00, 0x00, 0x00
.byte 0x00, 0x00, 0x00, 0x00, 0x01, 0x00, 0x00, 0x00
.globl _sym_00bceb4c
_sym_00bceb4c:
.byte 0xff, 0xff, 0xff, 0xff
.long _sym_00aab4f0
.byte 0x00, 0x00, 0x00, 0x00
.long _sym_00aab4fb
.byte 0x01, 0x00, 0x00, 0x00
.long _sym_00aab503
.byte 0x00, 0x00, 0x00, 0x00
.long _sym_00aab50e
.globl _sym_00bceb6c
_sym_00bceb6c:
.byte 0x22, 0x05, 0x93, 0x19, 0x04, 0x00, 0x00, 0x00
.long _sym_00bceb4c
.byte 0x00, 0x00, 0x00, 0x00, 0x00, 0x00, 0x00, 0x00, 0x00, 0x00, 0x00, 0x00, 0x00, 0x00, 0x00, 0x00
.byte 0x00, 0x00, 0x00, 0x00, 0x01, 0x00, 0x00, 0x00
.globl _sym_00bceb90
_sym_00bceb90:
.byte 0xff, 0xff, 0xff, 0xff
.long _sym_00aab700
.globl _sym_00bceb98
_sym_00bceb98:
.byte 0x22, 0x05, 0x93, 0x19, 0x01, 0x00, 0x00, 0x00
.long _sym_00bceb90
.byte 0x00, 0x00, 0x00, 0x00, 0x00, 0x00, 0x00, 0x00, 0x00, 0x00, 0x00, 0x00, 0x00, 0x00, 0x00, 0x00
.byte 0x00, 0x00, 0x00, 0x00, 0x01, 0x00, 0x00, 0x00
.globl _sym_00bcebbc
_sym_00bcebbc:
.byte 0xff, 0xff, 0xff, 0xff
.long _sym_00aab950
.byte 0x00, 0x00, 0x00, 0x00
.long _sym_00aab958
.byte 0xff, 0xff, 0xff, 0xff
.long _sym_00aab963
.globl _sym_00bcebd4
_sym_00bcebd4:
.byte 0x22, 0x05, 0x93, 0x19, 0x03, 0x00, 0x00, 0x00
.long _sym_00bcebbc
.byte 0x00, 0x00, 0x00, 0x00, 0x00, 0x00, 0x00, 0x00, 0x00, 0x00, 0x00, 0x00, 0x00, 0x00, 0x00, 0x00
.byte 0x00, 0x00, 0x00, 0x00, 0x01, 0x00, 0x00, 0x00
.globl _sym_00bcebf8
_sym_00bcebf8:
.byte 0x22, 0x05, 0x93, 0x19, 0x08, 0x00, 0x00, 0x00
.long _sym_00bcec1c
.byte 0x00, 0x00, 0x00, 0x00, 0x00, 0x00, 0x00, 0x00, 0x00, 0x00, 0x00, 0x00, 0x00, 0x00, 0x00, 0x00
.byte 0x00, 0x00, 0x00, 0x00, 0x01, 0x00, 0x00, 0x00
.globl _sym_00bcec1c
_sym_00bcec1c:
.byte 0xff, 0xff, 0xff, 0xff
.long _sym_00aaba50
.byte 0x00, 0x00, 0x00, 0x00
.long _sym_00aaba58
.byte 0x01, 0x00, 0x00, 0x00
.long _sym_00aaba63
.byte 0x02, 0x00, 0x00, 0x00
.long _sym_00aaba6e
.byte 0x03, 0x00, 0x00, 0x00
.long _sym_00aaba79
.byte 0xff, 0xff, 0xff, 0xff
.long _sym_00aaba84
.byte 0x05, 0x00, 0x00, 0x00
.long _sym_00aaba8c
.byte 0xff, 0xff, 0xff, 0xff
.long _sym_00aaba97
.globl _sym_00bcec5c
_sym_00bcec5c:
.byte 0xff, 0xff, 0xff, 0xff
.long _sym_00aab670
.globl _sym_00bcec64
_sym_00bcec64:
.byte 0x22, 0x05, 0x93, 0x19, 0x01, 0x00, 0x00, 0x00
.long _sym_00bcec5c
.byte 0x00, 0x00, 0x00, 0x00, 0x00, 0x00, 0x00, 0x00, 0x00, 0x00, 0x00, 0x00, 0x00, 0x00, 0x00, 0x00
.byte 0x00, 0x00, 0x00, 0x00, 0x01, 0x00, 0x00, 0x00
.globl _sym_00bcec88
_sym_00bcec88:
.byte 0xff, 0xff, 0xff, 0xff
.long _sym_00aab3d0
.globl _sym_00bcec90
_sym_00bcec90:
.byte 0x22, 0x05, 0x93, 0x19, 0x01, 0x00, 0x00, 0x00
.long _sym_00bcec88
.byte 0x00, 0x00, 0x00, 0x00, 0x00, 0x00, 0x00, 0x00, 0x00, 0x00, 0x00, 0x00, 0x00, 0x00, 0x00, 0x00
.byte 0x00, 0x00, 0x00, 0x00, 0x01, 0x00, 0x00, 0x00
.globl _sym_00bcecb4
_sym_00bcecb4:
.byte 0xff, 0xff, 0xff, 0xff
.long _sym_00aab890
.byte 0x00, 0x00, 0x00, 0x00
.long _sym_00aab898
.byte 0xff, 0xff, 0xff, 0xff
.long _sym_00aab8a3
.globl _sym_00bceccc
_sym_00bceccc:
.byte 0x22, 0x05, 0x93, 0x19, 0x03, 0x00, 0x00, 0x00
.long _sym_00bcecb4
.byte 0x00, 0x00, 0x00, 0x00, 0x00, 0x00, 0x00, 0x00, 0x00, 0x00, 0x00, 0x00, 0x00, 0x00, 0x00, 0x00
.byte 0x00, 0x00, 0x00, 0x00, 0x01, 0x00, 0x00, 0x00
.globl _sym_00bcecf0
_sym_00bcecf0:
.byte 0xff, 0xff, 0xff, 0xff
.long _sym_00aab310
.globl _sym_00bcecf8
_sym_00bcecf8:
.byte 0x22, 0x05, 0x93, 0x19, 0x01, 0x00, 0x00, 0x00
.long _sym_00bcecf0
.byte 0x00, 0x00, 0x00, 0x00, 0x00, 0x00, 0x00, 0x00, 0x00, 0x00, 0x00, 0x00, 0x00, 0x00, 0x00, 0x00
.byte 0x00, 0x00, 0x00, 0x00, 0x01, 0x00, 0x00, 0x00
.globl _sym_00bced1c
_sym_00bced1c:
.byte 0xff, 0xff, 0xff, 0xff
.long _sym_00aab790
.byte 0x00, 0x00, 0x00, 0x00
.long _sym_00aab798
.byte 0xff, 0xff, 0xff, 0xff
.long _sym_00aab7a3
.globl _sym_00bced34
_sym_00bced34:
.byte 0x22, 0x05, 0x93, 0x19, 0x03, 0x00, 0x00, 0x00
.long _sym_00bced1c
.byte 0x00, 0x00, 0x00, 0x00, 0x00, 0x00, 0x00, 0x00, 0x00, 0x00, 0x00, 0x00, 0x00, 0x00, 0x00, 0x00
.byte 0x00, 0x00, 0x00, 0x00, 0x01, 0x00, 0x00, 0x00
.globl _sym_00bced58
_sym_00bced58:
.byte 0xff, 0xff, 0xff, 0xff
.long _sym_00aab760
.globl _sym_00bced60
_sym_00bced60:
.byte 0x22, 0x05, 0x93, 0x19, 0x01, 0x00, 0x00, 0x00
.long _sym_00bced58
.byte 0x00, 0x00, 0x00, 0x00, 0x00, 0x00, 0x00, 0x00, 0x00, 0x00, 0x00, 0x00, 0x00, 0x00, 0x00, 0x00
.byte 0x00, 0x00, 0x00, 0x00, 0x01, 0x00, 0x00, 0x00
.globl _sym_00bced84
_sym_00bced84:
.byte 0xff, 0xff, 0xff, 0xff
.long _sym_00aabb00
.globl _sym_00bced8c
_sym_00bced8c:
.byte 0x22, 0x05, 0x93, 0x19, 0x01, 0x00, 0x00, 0x00
.long _sym_00bced84
.byte 0x00, 0x00, 0x00, 0x00, 0x00, 0x00, 0x00, 0x00, 0x00, 0x00, 0x00, 0x00, 0x00, 0x00, 0x00, 0x00
.byte 0x00, 0x00, 0x00, 0x00, 0x01, 0x00, 0x00, 0x00
.globl _sym_00bcedb0
_sym_00bcedb0:
.byte 0xff, 0xff, 0xff, 0xff
.long _sym_00aab2e0
.globl _sym_00bcedb8
_sym_00bcedb8:
.byte 0x22, 0x05, 0x93, 0x19, 0x01, 0x00, 0x00, 0x00
.long _sym_00bcedb0
.byte 0x00, 0x00, 0x00, 0x00, 0x00, 0x00, 0x00, 0x00, 0x00, 0x00, 0x00, 0x00, 0x00, 0x00, 0x00, 0x00
.byte 0x00, 0x00, 0x00, 0x00, 0x01, 0x00, 0x00, 0x00
.globl _sym_00bceddc
_sym_00bceddc:
.byte 0xff, 0xff, 0xff, 0xff
.long _sym_00aab0d0
.globl _sym_00bcede4
_sym_00bcede4:
.byte 0x22, 0x05, 0x93, 0x19, 0x01, 0x00, 0x00, 0x00
.long _sym_00bceddc
.byte 0x00, 0x00, 0x00, 0x00, 0x00, 0x00, 0x00, 0x00, 0x00, 0x00, 0x00, 0x00, 0x00, 0x00, 0x00, 0x00
.byte 0x00, 0x00, 0x00, 0x00, 0x01, 0x00, 0x00, 0x00
.globl _sym_00bcee08
_sym_00bcee08:
.byte 0xff, 0xff, 0xff, 0xff
.long _sym_00aab100
.globl _sym_00bcee10
_sym_00bcee10:
.byte 0x22, 0x05, 0x93, 0x19, 0x01, 0x00, 0x00, 0x00
.long _sym_00bcee08
.byte 0x00, 0x00, 0x00, 0x00, 0x00, 0x00, 0x00, 0x00, 0x00, 0x00, 0x00, 0x00, 0x00, 0x00, 0x00, 0x00
.byte 0x00, 0x00, 0x00, 0x00, 0x01, 0x00, 0x00, 0x00
.globl _sym_00bcee34
_sym_00bcee34:
.byte 0xff, 0xff, 0xff, 0xff
.long _sym_00aab130
.globl _sym_00bcee3c
_sym_00bcee3c:
.byte 0x22, 0x05, 0x93, 0x19, 0x01, 0x00, 0x00, 0x00
.long _sym_00bcee34
.byte 0x00, 0x00, 0x00, 0x00, 0x00, 0x00, 0x00, 0x00, 0x00, 0x00, 0x00, 0x00, 0x00, 0x00, 0x00, 0x00
.byte 0x00, 0x00, 0x00, 0x00, 0x01, 0x00, 0x00, 0x00
.globl _sym_00bcee60
_sym_00bcee60:
.byte 0xff, 0xff, 0xff, 0xff
.long _sym_00aab160
.globl _sym_00bcee68
_sym_00bcee68:
.byte 0x22, 0x05, 0x93, 0x19, 0x01, 0x00, 0x00, 0x00
.long _sym_00bcee60
.byte 0x00, 0x00, 0x00, 0x00, 0x00, 0x00, 0x00, 0x00, 0x00, 0x00, 0x00, 0x00, 0x00, 0x00, 0x00, 0x00
.byte 0x00, 0x00, 0x00, 0x00, 0x01, 0x00, 0x00, 0x00
.globl _sym_00bcee8c
_sym_00bcee8c:
.byte 0xff, 0xff, 0xff, 0xff
.long _sym_00aab190
.globl _sym_00bcee94
_sym_00bcee94:
.byte 0x22, 0x05, 0x93, 0x19, 0x01, 0x00, 0x00, 0x00
.long _sym_00bcee8c
.byte 0x00, 0x00, 0x00, 0x00, 0x00, 0x00, 0x00, 0x00, 0x00, 0x00, 0x00, 0x00, 0x00, 0x00, 0x00, 0x00
.byte 0x00, 0x00, 0x00, 0x00, 0x01, 0x00, 0x00, 0x00
.globl _sym_00bceeb8
_sym_00bceeb8:
.byte 0xff, 0xff, 0xff, 0xff
.long _sym_00aab1c0
.globl _sym_00bceec0
_sym_00bceec0:
.byte 0x22, 0x05, 0x93, 0x19, 0x01, 0x00, 0x00, 0x00
.long _sym_00bceeb8
.byte 0x00, 0x00, 0x00, 0x00, 0x00, 0x00, 0x00, 0x00, 0x00, 0x00, 0x00, 0x00, 0x00, 0x00, 0x00, 0x00
.byte 0x00, 0x00, 0x00, 0x00, 0x01, 0x00, 0x00, 0x00
.globl _sym_00bceee4
_sym_00bceee4:
.byte 0xff, 0xff, 0xff, 0xff
.long _sym_00aab2b0
.globl _sym_00bceeec
_sym_00bceeec:
.byte 0x22, 0x05, 0x93, 0x19, 0x01, 0x00, 0x00, 0x00
.long _sym_00bceee4
.byte 0x00, 0x00, 0x00, 0x00, 0x00, 0x00, 0x00, 0x00, 0x00, 0x00, 0x00, 0x00, 0x00, 0x00, 0x00, 0x00
.byte 0x00, 0x00, 0x00, 0x00, 0x01, 0x00, 0x00, 0x00
.globl _sym_00bcef10
_sym_00bcef10:
.byte 0xff, 0xff, 0xff, 0xff
.long _sym_00aab280
.globl _sym_00bcef18
_sym_00bcef18:
.byte 0x22, 0x05, 0x93, 0x19, 0x01, 0x00, 0x00, 0x00
.long _sym_00bcef10
.byte 0x00, 0x00, 0x00, 0x00, 0x00, 0x00, 0x00, 0x00, 0x00, 0x00, 0x00, 0x00, 0x00, 0x00, 0x00, 0x00
.byte 0x00, 0x00, 0x00, 0x00, 0x01, 0x00, 0x00, 0x00
.globl _sym_00bcef3c
_sym_00bcef3c:
.byte 0xff, 0xff, 0xff, 0xff
.long _sym_00aab1f0
.globl _sym_00bcef44
_sym_00bcef44:
.byte 0x22, 0x05, 0x93, 0x19, 0x01, 0x00, 0x00, 0x00
.long _sym_00bcef3c
.byte 0x00, 0x00, 0x00, 0x00, 0x00, 0x00, 0x00, 0x00, 0x00, 0x00, 0x00, 0x00, 0x00, 0x00, 0x00, 0x00
.byte 0x00, 0x00, 0x00, 0x00, 0x01, 0x00, 0x00, 0x00
.globl _sym_00bcef68
_sym_00bcef68:
.byte 0xff, 0xff, 0xff, 0xff
.long _sym_00aab220
.globl _sym_00bcef70
_sym_00bcef70:
.byte 0x22, 0x05, 0x93, 0x19, 0x01, 0x00, 0x00, 0x00
.long _sym_00bcef68
.byte 0x00, 0x00, 0x00, 0x00, 0x00, 0x00, 0x00, 0x00, 0x00, 0x00, 0x00, 0x00, 0x00, 0x00, 0x00, 0x00
.byte 0x00, 0x00, 0x00, 0x00, 0x01, 0x00, 0x00, 0x00
.globl _sym_00bcef94
_sym_00bcef94:
.byte 0xff, 0xff, 0xff, 0xff
.long _sym_00aab250
.globl _sym_00bcef9c
_sym_00bcef9c:
.byte 0x22, 0x05, 0x93, 0x19, 0x01, 0x00, 0x00, 0x00
.long _sym_00bcef94
.byte 0x00, 0x00, 0x00, 0x00, 0x00, 0x00, 0x00, 0x00, 0x00, 0x00, 0x00, 0x00, 0x00, 0x00, 0x00, 0x00
.byte 0x00, 0x00, 0x00, 0x00, 0x01, 0x00, 0x00, 0x00
.globl _sym_00bcefc0
_sym_00bcefc0:
.byte 0xff, 0xff, 0xff, 0xff
.long _sym_00aa9a20
.globl _sym_00bcefc8
_sym_00bcefc8:
.byte 0x22, 0x05, 0x93, 0x19, 0x01, 0x00, 0x00, 0x00
.long _sym_00bcefc0
.byte 0x00, 0x00, 0x00, 0x00, 0x00, 0x00, 0x00, 0x00, 0x00, 0x00, 0x00, 0x00, 0x00, 0x00, 0x00, 0x00
.byte 0x00, 0x00, 0x00, 0x00, 0x01, 0x00, 0x00, 0x00
.globl _sym_00bcefec
_sym_00bcefec:
.byte 0xff, 0xff, 0xff, 0xff
.long _sym_00aa9810
.globl _sym_00bceff4
_sym_00bceff4:
.byte 0x22, 0x05, 0x93, 0x19, 0x01, 0x00, 0x00, 0x00
.long _sym_00bcefec
.byte 0x00, 0x00, 0x00, 0x00, 0x00, 0x00, 0x00, 0x00, 0x00, 0x00, 0x00, 0x00, 0x00, 0x00, 0x00, 0x00
.byte 0x00, 0x00, 0x00, 0x00, 0x01, 0x00, 0x00, 0x00
.globl _sym_00bcf018
_sym_00bcf018:
.byte 0xff, 0xff, 0xff, 0xff
.long _sym_00aa9840
.globl _sym_00bcf020
_sym_00bcf020:
.byte 0x22, 0x05, 0x93, 0x19, 0x01, 0x00, 0x00, 0x00
.long _sym_00bcf018
.byte 0x00, 0x00, 0x00, 0x00, 0x00, 0x00, 0x00, 0x00, 0x00, 0x00, 0x00, 0x00, 0x00, 0x00, 0x00, 0x00
.byte 0x00, 0x00, 0x00, 0x00, 0x01, 0x00, 0x00, 0x00
.globl _sym_00bcf044
_sym_00bcf044:
.byte 0xff, 0xff, 0xff, 0xff
.long _sym_00aa9870
.globl _sym_00bcf04c
_sym_00bcf04c:
.byte 0x22, 0x05, 0x93, 0x19, 0x01, 0x00, 0x00, 0x00
.long _sym_00bcf044
.byte 0x00, 0x00, 0x00, 0x00, 0x00, 0x00, 0x00, 0x00, 0x00, 0x00, 0x00, 0x00, 0x00, 0x00, 0x00, 0x00
.byte 0x00, 0x00, 0x00, 0x00, 0x01, 0x00, 0x00, 0x00
.globl _sym_00bcf070
_sym_00bcf070:
.byte 0xff, 0xff, 0xff, 0xff
.long _sym_00aa98a0
.globl _sym_00bcf078
_sym_00bcf078:
.byte 0x22, 0x05, 0x93, 0x19, 0x01, 0x00, 0x00, 0x00
.long _sym_00bcf070
.byte 0x00, 0x00, 0x00, 0x00, 0x00, 0x00, 0x00, 0x00, 0x00, 0x00, 0x00, 0x00, 0x00, 0x00, 0x00, 0x00
.byte 0x00, 0x00, 0x00, 0x00, 0x01, 0x00, 0x00, 0x00
.globl _sym_00bcf09c
_sym_00bcf09c:
.byte 0xff, 0xff, 0xff, 0xff
.long _sym_00aa98d0
.globl _sym_00bcf0a4
_sym_00bcf0a4:
.byte 0x22, 0x05, 0x93, 0x19, 0x01, 0x00, 0x00, 0x00
.long _sym_00bcf09c
.byte 0x00, 0x00, 0x00, 0x00, 0x00, 0x00, 0x00, 0x00, 0x00, 0x00, 0x00, 0x00, 0x00, 0x00, 0x00, 0x00
.byte 0x00, 0x00, 0x00, 0x00, 0x01, 0x00, 0x00, 0x00
.globl _sym_00bcf0c8
_sym_00bcf0c8:
.byte 0xff, 0xff, 0xff, 0xff
.long _sym_00aa9900
.globl _sym_00bcf0d0
_sym_00bcf0d0:
.byte 0x22, 0x05, 0x93, 0x19, 0x01, 0x00, 0x00, 0x00
.long _sym_00bcf0c8
.byte 0x00, 0x00, 0x00, 0x00, 0x00, 0x00, 0x00, 0x00, 0x00, 0x00, 0x00, 0x00, 0x00, 0x00, 0x00, 0x00
.byte 0x00, 0x00, 0x00, 0x00, 0x01, 0x00, 0x00, 0x00
.globl _sym_00bcf0f4
_sym_00bcf0f4:
.byte 0xff, 0xff, 0xff, 0xff
.long _sym_00aa99f0
.globl _sym_00bcf0fc
_sym_00bcf0fc:
.byte 0x22, 0x05, 0x93, 0x19, 0x01, 0x00, 0x00, 0x00
.long _sym_00bcf0f4
.byte 0x00, 0x00, 0x00, 0x00, 0x00, 0x00, 0x00, 0x00, 0x00, 0x00, 0x00, 0x00, 0x00, 0x00, 0x00, 0x00
.byte 0x00, 0x00, 0x00, 0x00, 0x01, 0x00, 0x00, 0x00
.globl _sym_00bcf120
_sym_00bcf120:
.byte 0xff, 0xff, 0xff, 0xff
.long _sym_00aa99c0
.globl _sym_00bcf128
_sym_00bcf128:
.byte 0x22, 0x05, 0x93, 0x19, 0x01, 0x00, 0x00, 0x00
.long _sym_00bcf120
.byte 0x00, 0x00, 0x00, 0x00, 0x00, 0x00, 0x00, 0x00, 0x00, 0x00, 0x00, 0x00, 0x00, 0x00, 0x00, 0x00
.byte 0x00, 0x00, 0x00, 0x00, 0x01, 0x00, 0x00, 0x00
.globl _sym_00bcf14c
_sym_00bcf14c:
.byte 0xff, 0xff, 0xff, 0xff
.long _sym_00aa9930
.globl _sym_00bcf154
_sym_00bcf154:
.byte 0x22, 0x05, 0x93, 0x19, 0x01, 0x00, 0x00, 0x00
.long _sym_00bcf14c
.byte 0x00, 0x00, 0x00, 0x00, 0x00, 0x00, 0x00, 0x00, 0x00, 0x00, 0x00, 0x00, 0x00, 0x00, 0x00, 0x00
.byte 0x00, 0x00, 0x00, 0x00, 0x01, 0x00, 0x00, 0x00
.globl _sym_00bcf178
_sym_00bcf178:
.byte 0xff, 0xff, 0xff, 0xff
.long _sym_00aa9960
.globl _sym_00bcf180
_sym_00bcf180:
.byte 0x22, 0x05, 0x93, 0x19, 0x01, 0x00, 0x00, 0x00
.long _sym_00bcf178
.byte 0x00, 0x00, 0x00, 0x00, 0x00, 0x00, 0x00, 0x00, 0x00, 0x00, 0x00, 0x00, 0x00, 0x00, 0x00, 0x00
.byte 0x00, 0x00, 0x00, 0x00, 0x01, 0x00, 0x00, 0x00
.globl _sym_00bcf1a4
_sym_00bcf1a4:
.byte 0xff, 0xff, 0xff, 0xff
.long _sym_00aa9990
.globl _sym_00bcf1ac
_sym_00bcf1ac:
.byte 0x22, 0x05, 0x93, 0x19, 0x01, 0x00, 0x00, 0x00
.long _sym_00bcf1a4
.byte 0x00, 0x00, 0x00, 0x00, 0x00, 0x00, 0x00, 0x00, 0x00, 0x00, 0x00, 0x00, 0x00, 0x00, 0x00, 0x00
.byte 0x00, 0x00, 0x00, 0x00, 0x01, 0x00, 0x00, 0x00
.globl _sym_00bcf1d0
_sym_00bcf1d0:
.byte 0xff, 0xff, 0xff, 0xff
.long _sym_00aa9c60
.globl _sym_00bcf1d8
_sym_00bcf1d8:
.byte 0x22, 0x05, 0x93, 0x19, 0x01, 0x00, 0x00, 0x00
.long _sym_00bcf1d0
.byte 0x00, 0x00, 0x00, 0x00, 0x00, 0x00, 0x00, 0x00, 0x00, 0x00, 0x00, 0x00, 0x00, 0x00, 0x00, 0x00
.byte 0x00, 0x00, 0x00, 0x00, 0x01, 0x00, 0x00, 0x00
.globl _sym_00bcf1fc
_sym_00bcf1fc:
.byte 0xff, 0xff, 0xff, 0xff
.long _sym_00aa9a50
.globl _sym_00bcf204
_sym_00bcf204:
.byte 0x22, 0x05, 0x93, 0x19, 0x01, 0x00, 0x00, 0x00
.long _sym_00bcf1fc
.byte 0x00, 0x00, 0x00, 0x00, 0x00, 0x00, 0x00, 0x00, 0x00, 0x00, 0x00, 0x00, 0x00, 0x00, 0x00, 0x00
.byte 0x00, 0x00, 0x00, 0x00, 0x01, 0x00, 0x00, 0x00
.globl _sym_00bcf228
_sym_00bcf228:
.byte 0xff, 0xff, 0xff, 0xff
.long _sym_00aa9a80
.globl _sym_00bcf230
_sym_00bcf230:
.byte 0x22, 0x05, 0x93, 0x19, 0x01, 0x00, 0x00, 0x00
.long _sym_00bcf228
.byte 0x00, 0x00, 0x00, 0x00, 0x00, 0x00, 0x00, 0x00, 0x00, 0x00, 0x00, 0x00, 0x00, 0x00, 0x00, 0x00
.byte 0x00, 0x00, 0x00, 0x00, 0x01, 0x00, 0x00, 0x00
.globl _sym_00bcf254
_sym_00bcf254:
.byte 0xff, 0xff, 0xff, 0xff
.long _sym_00aa9ab0
.globl _sym_00bcf25c
_sym_00bcf25c:
.byte 0x22, 0x05, 0x93, 0x19, 0x01, 0x00, 0x00, 0x00
.long _sym_00bcf254
.byte 0x00, 0x00, 0x00, 0x00, 0x00, 0x00, 0x00, 0x00, 0x00, 0x00, 0x00, 0x00, 0x00, 0x00, 0x00, 0x00
.byte 0x00, 0x00, 0x00, 0x00, 0x01, 0x00, 0x00, 0x00
.globl _sym_00bcf280
_sym_00bcf280:
.byte 0xff, 0xff, 0xff, 0xff
.long _sym_00aa9ae0
.globl _sym_00bcf288
_sym_00bcf288:
.byte 0x22, 0x05, 0x93, 0x19, 0x01, 0x00, 0x00, 0x00
.long _sym_00bcf280
.byte 0x00, 0x00, 0x00, 0x00, 0x00, 0x00, 0x00, 0x00, 0x00, 0x00, 0x00, 0x00, 0x00, 0x00, 0x00, 0x00
.byte 0x00, 0x00, 0x00, 0x00, 0x01, 0x00, 0x00, 0x00
.globl _sym_00bcf2ac
_sym_00bcf2ac:
.byte 0xff, 0xff, 0xff, 0xff
.long _sym_00aa9b10
.globl _sym_00bcf2b4
_sym_00bcf2b4:
.byte 0x22, 0x05, 0x93, 0x19, 0x01, 0x00, 0x00, 0x00
.long _sym_00bcf2ac
.byte 0x00, 0x00, 0x00, 0x00, 0x00, 0x00, 0x00, 0x00, 0x00, 0x00, 0x00, 0x00, 0x00, 0x00, 0x00, 0x00
.byte 0x00, 0x00, 0x00, 0x00, 0x01, 0x00, 0x00, 0x00
.globl _sym_00bcf2d8
_sym_00bcf2d8:
.byte 0xff, 0xff, 0xff, 0xff
.long _sym_00aa9b40
.globl _sym_00bcf2e0
_sym_00bcf2e0:
.byte 0x22, 0x05, 0x93, 0x19, 0x01, 0x00, 0x00, 0x00
.long _sym_00bcf2d8
.byte 0x00, 0x00, 0x00, 0x00, 0x00, 0x00, 0x00, 0x00, 0x00, 0x00, 0x00, 0x00, 0x00, 0x00, 0x00, 0x00
.byte 0x00, 0x00, 0x00, 0x00, 0x01, 0x00, 0x00, 0x00
.globl _sym_00bcf304
_sym_00bcf304:
.byte 0xff, 0xff, 0xff, 0xff
.long _sym_00aa9c30
.globl _sym_00bcf30c
_sym_00bcf30c:
.byte 0x22, 0x05, 0x93, 0x19, 0x01, 0x00, 0x00, 0x00
.long _sym_00bcf304
.byte 0x00, 0x00, 0x00, 0x00, 0x00, 0x00, 0x00, 0x00, 0x00, 0x00, 0x00, 0x00, 0x00, 0x00, 0x00, 0x00
.byte 0x00, 0x00, 0x00, 0x00, 0x01, 0x00, 0x00, 0x00
.globl _sym_00bcf330
_sym_00bcf330:
.byte 0xff, 0xff, 0xff, 0xff
.long _sym_00aa9c00
.globl _sym_00bcf338
_sym_00bcf338:
.byte 0x22, 0x05, 0x93, 0x19, 0x01, 0x00, 0x00, 0x00
.long _sym_00bcf330
.byte 0x00, 0x00, 0x00, 0x00, 0x00, 0x00, 0x00, 0x00, 0x00, 0x00, 0x00, 0x00, 0x00, 0x00, 0x00, 0x00
.byte 0x00, 0x00, 0x00, 0x00, 0x01, 0x00, 0x00, 0x00
.globl _sym_00bcf35c
_sym_00bcf35c:
.byte 0xff, 0xff, 0xff, 0xff
.long _sym_00aa9b70
.globl _sym_00bcf364
_sym_00bcf364:
.byte 0x22, 0x05, 0x93, 0x19, 0x01, 0x00, 0x00, 0x00
.long _sym_00bcf35c
.byte 0x00, 0x00, 0x00, 0x00, 0x00, 0x00, 0x00, 0x00, 0x00, 0x00, 0x00, 0x00, 0x00, 0x00, 0x00, 0x00
.byte 0x00, 0x00, 0x00, 0x00, 0x01, 0x00, 0x00, 0x00
.globl _sym_00bcf388
_sym_00bcf388:
.byte 0xff, 0xff, 0xff, 0xff
.long _sym_00aa9ba0
.globl _sym_00bcf390
_sym_00bcf390:
.byte 0x22, 0x05, 0x93, 0x19, 0x01, 0x00, 0x00, 0x00
.long _sym_00bcf388
.byte 0x00, 0x00, 0x00, 0x00, 0x00, 0x00, 0x00, 0x00, 0x00, 0x00, 0x00, 0x00, 0x00, 0x00, 0x00, 0x00
.byte 0x00, 0x00, 0x00, 0x00, 0x01, 0x00, 0x00, 0x00
.globl _sym_00bcf3b4
_sym_00bcf3b4:
.byte 0xff, 0xff, 0xff, 0xff
.long _sym_00aa9bd0
.globl _sym_00bcf3bc
_sym_00bcf3bc:
.byte 0x22, 0x05, 0x93, 0x19, 0x01, 0x00, 0x00, 0x00
.long _sym_00bcf3b4
.byte 0x00, 0x00, 0x00, 0x00, 0x00, 0x00, 0x00, 0x00, 0x00, 0x00, 0x00, 0x00, 0x00, 0x00, 0x00, 0x00
.byte 0x00, 0x00, 0x00, 0x00, 0x01, 0x00, 0x00, 0x00
.globl _sym_00bcf3e0
_sym_00bcf3e0:
.byte 0xff, 0xff, 0xff, 0xff
.long _sym_00aa9ea0
.globl _sym_00bcf3e8
_sym_00bcf3e8:
.byte 0x22, 0x05, 0x93, 0x19, 0x01, 0x00, 0x00, 0x00
.long _sym_00bcf3e0
.byte 0x00, 0x00, 0x00, 0x00, 0x00, 0x00, 0x00, 0x00, 0x00, 0x00, 0x00, 0x00, 0x00, 0x00, 0x00, 0x00
.byte 0x00, 0x00, 0x00, 0x00, 0x01, 0x00, 0x00, 0x00
.globl _sym_00bcf40c
_sym_00bcf40c:
.byte 0xff, 0xff, 0xff, 0xff
.long _sym_00aa9c90
.globl _sym_00bcf414
_sym_00bcf414:
.byte 0x22, 0x05, 0x93, 0x19, 0x01, 0x00, 0x00, 0x00
.long _sym_00bcf40c
.byte 0x00, 0x00, 0x00, 0x00, 0x00, 0x00, 0x00, 0x00, 0x00, 0x00, 0x00, 0x00, 0x00, 0x00, 0x00, 0x00
.byte 0x00, 0x00, 0x00, 0x00, 0x01, 0x00, 0x00, 0x00
.globl _sym_00bcf438
_sym_00bcf438:
.byte 0xff, 0xff, 0xff, 0xff
.long _sym_00aa9cc0
.globl _sym_00bcf440
_sym_00bcf440:
.byte 0x22, 0x05, 0x93, 0x19, 0x01, 0x00, 0x00, 0x00
.long _sym_00bcf438
.byte 0x00, 0x00, 0x00, 0x00, 0x00, 0x00, 0x00, 0x00, 0x00, 0x00, 0x00, 0x00, 0x00, 0x00, 0x00, 0x00
.byte 0x00, 0x00, 0x00, 0x00, 0x01, 0x00, 0x00, 0x00
.globl _sym_00bcf464
_sym_00bcf464:
.byte 0xff, 0xff, 0xff, 0xff
.long _sym_00aa9cf0
.globl _sym_00bcf46c
_sym_00bcf46c:
.byte 0x22, 0x05, 0x93, 0x19, 0x01, 0x00, 0x00, 0x00
.long _sym_00bcf464
.byte 0x00, 0x00, 0x00, 0x00, 0x00, 0x00, 0x00, 0x00, 0x00, 0x00, 0x00, 0x00, 0x00, 0x00, 0x00, 0x00
.byte 0x00, 0x00, 0x00, 0x00, 0x01, 0x00, 0x00, 0x00
.globl _sym_00bcf490
_sym_00bcf490:
.byte 0xff, 0xff, 0xff, 0xff
.long _sym_00aa9d20
.globl _sym_00bcf498
_sym_00bcf498:
.byte 0x22, 0x05, 0x93, 0x19, 0x01, 0x00, 0x00, 0x00
.long _sym_00bcf490
.byte 0x00, 0x00, 0x00, 0x00, 0x00, 0x00, 0x00, 0x00, 0x00, 0x00, 0x00, 0x00, 0x00, 0x00, 0x00, 0x00
.byte 0x00, 0x00, 0x00, 0x00, 0x01, 0x00, 0x00, 0x00
.globl _sym_00bcf4bc
_sym_00bcf4bc:
.byte 0xff, 0xff, 0xff, 0xff
.long _sym_00aa9d50
.globl _sym_00bcf4c4
_sym_00bcf4c4:
.byte 0x22, 0x05, 0x93, 0x19, 0x01, 0x00, 0x00, 0x00
.long _sym_00bcf4bc
.byte 0x00, 0x00, 0x00, 0x00, 0x00, 0x00, 0x00, 0x00, 0x00, 0x00, 0x00, 0x00, 0x00, 0x00, 0x00, 0x00
.byte 0x00, 0x00, 0x00, 0x00, 0x01, 0x00, 0x00, 0x00
.globl _sym_00bcf4e8
_sym_00bcf4e8:
.byte 0xff, 0xff, 0xff, 0xff
.long _sym_00aa9d80
.globl _sym_00bcf4f0
_sym_00bcf4f0:
.byte 0x22, 0x05, 0x93, 0x19, 0x01, 0x00, 0x00, 0x00
.long _sym_00bcf4e8
.byte 0x00, 0x00, 0x00, 0x00, 0x00, 0x00, 0x00, 0x00, 0x00, 0x00, 0x00, 0x00, 0x00, 0x00, 0x00, 0x00
.byte 0x00, 0x00, 0x00, 0x00, 0x01, 0x00, 0x00, 0x00
.globl _sym_00bcf514
_sym_00bcf514:
.byte 0xff, 0xff, 0xff, 0xff
.long _sym_00aa9e70
.globl _sym_00bcf51c
_sym_00bcf51c:
.byte 0x22, 0x05, 0x93, 0x19, 0x01, 0x00, 0x00, 0x00
.long _sym_00bcf514
.byte 0x00, 0x00, 0x00, 0x00, 0x00, 0x00, 0x00, 0x00, 0x00, 0x00, 0x00, 0x00, 0x00, 0x00, 0x00, 0x00
.byte 0x00, 0x00, 0x00, 0x00, 0x01, 0x00, 0x00, 0x00
.globl _sym_00bcf540
_sym_00bcf540:
.byte 0xff, 0xff, 0xff, 0xff
.long _sym_00aa9e40
.globl _sym_00bcf548
_sym_00bcf548:
.byte 0x22, 0x05, 0x93, 0x19, 0x01, 0x00, 0x00, 0x00
.long _sym_00bcf540
.byte 0x00, 0x00, 0x00, 0x00, 0x00, 0x00, 0x00, 0x00, 0x00, 0x00, 0x00, 0x00, 0x00, 0x00, 0x00, 0x00
.byte 0x00, 0x00, 0x00, 0x00, 0x01, 0x00, 0x00, 0x00
.globl _sym_00bcf56c
_sym_00bcf56c:
.byte 0xff, 0xff, 0xff, 0xff
.long _sym_00aa9db0
.globl _sym_00bcf574
_sym_00bcf574:
.byte 0x22, 0x05, 0x93, 0x19, 0x01, 0x00, 0x00, 0x00
.long _sym_00bcf56c
.byte 0x00, 0x00, 0x00, 0x00, 0x00, 0x00, 0x00, 0x00, 0x00, 0x00, 0x00, 0x00, 0x00, 0x00, 0x00, 0x00
.byte 0x00, 0x00, 0x00, 0x00, 0x01, 0x00, 0x00, 0x00
.globl _sym_00bcf598
_sym_00bcf598:
.byte 0xff, 0xff, 0xff, 0xff
.long _sym_00aa9de0
.globl _sym_00bcf5a0
_sym_00bcf5a0:
.byte 0x22, 0x05, 0x93, 0x19, 0x01, 0x00, 0x00, 0x00
.long _sym_00bcf598
.byte 0x00, 0x00, 0x00, 0x00, 0x00, 0x00, 0x00, 0x00, 0x00, 0x00, 0x00, 0x00, 0x00, 0x00, 0x00, 0x00
.byte 0x00, 0x00, 0x00, 0x00, 0x01, 0x00, 0x00, 0x00
.globl _sym_00bcf5c4
_sym_00bcf5c4:
.byte 0xff, 0xff, 0xff, 0xff
.long _sym_00aa9e10
.globl _sym_00bcf5cc
_sym_00bcf5cc:
.byte 0x22, 0x05, 0x93, 0x19, 0x01, 0x00, 0x00, 0x00
.long _sym_00bcf5c4
.byte 0x00, 0x00, 0x00, 0x00, 0x00, 0x00, 0x00, 0x00, 0x00, 0x00, 0x00, 0x00, 0x00, 0x00, 0x00, 0x00
.byte 0x00, 0x00, 0x00, 0x00, 0x01, 0x00, 0x00, 0x00
.globl _sym_00bcf5f0
_sym_00bcf5f0:
.byte 0xff, 0xff, 0xff, 0xff
.long _sym_00aaa0e0
.globl _sym_00bcf5f8
_sym_00bcf5f8:
.byte 0x22, 0x05, 0x93, 0x19, 0x01, 0x00, 0x00, 0x00
.long _sym_00bcf5f0
.byte 0x00, 0x00, 0x00, 0x00, 0x00, 0x00, 0x00, 0x00, 0x00, 0x00, 0x00, 0x00, 0x00, 0x00, 0x00, 0x00
.byte 0x00, 0x00, 0x00, 0x00, 0x01, 0x00, 0x00, 0x00
.globl _sym_00bcf61c
_sym_00bcf61c:
.byte 0xff, 0xff, 0xff, 0xff
.long _sym_00aa9ed0
.globl _sym_00bcf624
_sym_00bcf624:
.byte 0x22, 0x05, 0x93, 0x19, 0x01, 0x00, 0x00, 0x00
.long _sym_00bcf61c
.byte 0x00, 0x00, 0x00, 0x00, 0x00, 0x00, 0x00, 0x00, 0x00, 0x00, 0x00, 0x00, 0x00, 0x00, 0x00, 0x00
.byte 0x00, 0x00, 0x00, 0x00, 0x01, 0x00, 0x00, 0x00
.globl _sym_00bcf648
_sym_00bcf648:
.byte 0xff, 0xff, 0xff, 0xff
.long _sym_00aa9f00
.globl _sym_00bcf650
_sym_00bcf650:
.byte 0x22, 0x05, 0x93, 0x19, 0x01, 0x00, 0x00, 0x00
.long _sym_00bcf648
.byte 0x00, 0x00, 0x00, 0x00, 0x00, 0x00, 0x00, 0x00, 0x00, 0x00, 0x00, 0x00, 0x00, 0x00, 0x00, 0x00
.byte 0x00, 0x00, 0x00, 0x00, 0x01, 0x00, 0x00, 0x00
.globl _sym_00bcf674
_sym_00bcf674:
.byte 0xff, 0xff, 0xff, 0xff
.long _sym_00aa9f30
.globl _sym_00bcf67c
_sym_00bcf67c:
.byte 0x22, 0x05, 0x93, 0x19, 0x01, 0x00, 0x00, 0x00
.long _sym_00bcf674
.byte 0x00, 0x00, 0x00, 0x00, 0x00, 0x00, 0x00, 0x00, 0x00, 0x00, 0x00, 0x00, 0x00, 0x00, 0x00, 0x00
.byte 0x00, 0x00, 0x00, 0x00, 0x01, 0x00, 0x00, 0x00
.globl _sym_00bcf6a0
_sym_00bcf6a0:
.byte 0xff, 0xff, 0xff, 0xff
.long _sym_00aa9f60
.globl _sym_00bcf6a8
_sym_00bcf6a8:
.byte 0x22, 0x05, 0x93, 0x19, 0x01, 0x00, 0x00, 0x00
.long _sym_00bcf6a0
.byte 0x00, 0x00, 0x00, 0x00, 0x00, 0x00, 0x00, 0x00, 0x00, 0x00, 0x00, 0x00, 0x00, 0x00, 0x00, 0x00
.byte 0x00, 0x00, 0x00, 0x00, 0x01, 0x00, 0x00, 0x00
.globl _sym_00bcf6cc
_sym_00bcf6cc:
.byte 0xff, 0xff, 0xff, 0xff
.long _sym_00aa9f90
.globl _sym_00bcf6d4
_sym_00bcf6d4:
.byte 0x22, 0x05, 0x93, 0x19, 0x01, 0x00, 0x00, 0x00
.long _sym_00bcf6cc
.byte 0x00, 0x00, 0x00, 0x00, 0x00, 0x00, 0x00, 0x00, 0x00, 0x00, 0x00, 0x00, 0x00, 0x00, 0x00, 0x00
.byte 0x00, 0x00, 0x00, 0x00, 0x01, 0x00, 0x00, 0x00
.globl _sym_00bcf6f8
_sym_00bcf6f8:
.byte 0xff, 0xff, 0xff, 0xff
.long _sym_00aa9fc0
.globl _sym_00bcf700
_sym_00bcf700:
.byte 0x22, 0x05, 0x93, 0x19, 0x01, 0x00, 0x00, 0x00
.long _sym_00bcf6f8
.byte 0x00, 0x00, 0x00, 0x00, 0x00, 0x00, 0x00, 0x00, 0x00, 0x00, 0x00, 0x00, 0x00, 0x00, 0x00, 0x00
.byte 0x00, 0x00, 0x00, 0x00, 0x01, 0x00, 0x00, 0x00
.globl _sym_00bcf724
_sym_00bcf724:
.byte 0xff, 0xff, 0xff, 0xff
.long _sym_00aaa0b0
.globl _sym_00bcf72c
_sym_00bcf72c:
.byte 0x22, 0x05, 0x93, 0x19, 0x01, 0x00, 0x00, 0x00
.long _sym_00bcf724
.byte 0x00, 0x00, 0x00, 0x00, 0x00, 0x00, 0x00, 0x00, 0x00, 0x00, 0x00, 0x00, 0x00, 0x00, 0x00, 0x00
.byte 0x00, 0x00, 0x00, 0x00, 0x01, 0x00, 0x00, 0x00
.globl _sym_00bcf750
_sym_00bcf750:
.byte 0xff, 0xff, 0xff, 0xff
.long _sym_00aaa080
.globl _sym_00bcf758
_sym_00bcf758:
.byte 0x22, 0x05, 0x93, 0x19, 0x01, 0x00, 0x00, 0x00
.long _sym_00bcf750
.byte 0x00, 0x00, 0x00, 0x00, 0x00, 0x00, 0x00, 0x00, 0x00, 0x00, 0x00, 0x00, 0x00, 0x00, 0x00, 0x00
.byte 0x00, 0x00, 0x00, 0x00, 0x01, 0x00, 0x00, 0x00
.globl _sym_00bcf77c
_sym_00bcf77c:
.byte 0xff, 0xff, 0xff, 0xff
.long _sym_00aa9ff0
.globl _sym_00bcf784
_sym_00bcf784:
.byte 0x22, 0x05, 0x93, 0x19, 0x01, 0x00, 0x00, 0x00
.long _sym_00bcf77c
.byte 0x00, 0x00, 0x00, 0x00, 0x00, 0x00, 0x00, 0x00, 0x00, 0x00, 0x00, 0x00, 0x00, 0x00, 0x00, 0x00
.byte 0x00, 0x00, 0x00, 0x00, 0x01, 0x00, 0x00, 0x00
.globl _sym_00bcf7a8
_sym_00bcf7a8:
.byte 0xff, 0xff, 0xff, 0xff
.long _sym_00aaa020
.globl _sym_00bcf7b0
_sym_00bcf7b0:
.byte 0x22, 0x05, 0x93, 0x19, 0x01, 0x00, 0x00, 0x00
.long _sym_00bcf7a8
.byte 0x00, 0x00, 0x00, 0x00, 0x00, 0x00, 0x00, 0x00, 0x00, 0x00, 0x00, 0x00, 0x00, 0x00, 0x00, 0x00
.byte 0x00, 0x00, 0x00, 0x00, 0x01, 0x00, 0x00, 0x00
.globl _sym_00bcf7d4
_sym_00bcf7d4:
.byte 0xff, 0xff, 0xff, 0xff
.long _sym_00aaa050
.globl _sym_00bcf7dc
_sym_00bcf7dc:
.byte 0x22, 0x05, 0x93, 0x19, 0x01, 0x00, 0x00, 0x00
.long _sym_00bcf7d4
.byte 0x00, 0x00, 0x00, 0x00, 0x00, 0x00, 0x00, 0x00, 0x00, 0x00, 0x00, 0x00, 0x00, 0x00, 0x00, 0x00
.byte 0x00, 0x00, 0x00, 0x00, 0x01, 0x00, 0x00, 0x00
.globl _sym_00bcf800
_sym_00bcf800:
.byte 0xff, 0xff, 0xff, 0xff
.long _sym_00aaa320
.globl _sym_00bcf808
_sym_00bcf808:
.byte 0x22, 0x05, 0x93, 0x19, 0x01, 0x00, 0x00, 0x00
.long _sym_00bcf800
.byte 0x00, 0x00, 0x00, 0x00, 0x00, 0x00, 0x00, 0x00, 0x00, 0x00, 0x00, 0x00, 0x00, 0x00, 0x00, 0x00
.byte 0x00, 0x00, 0x00, 0x00, 0x01, 0x00, 0x00, 0x00
.globl _sym_00bcf82c
_sym_00bcf82c:
.byte 0xff, 0xff, 0xff, 0xff
.long _sym_00aaa110
.globl _sym_00bcf834
_sym_00bcf834:
.byte 0x22, 0x05, 0x93, 0x19, 0x01, 0x00, 0x00, 0x00
.long _sym_00bcf82c
.byte 0x00, 0x00, 0x00, 0x00, 0x00, 0x00, 0x00, 0x00, 0x00, 0x00, 0x00, 0x00, 0x00, 0x00, 0x00, 0x00
.byte 0x00, 0x00, 0x00, 0x00, 0x01, 0x00, 0x00, 0x00
.globl _sym_00bcf858
_sym_00bcf858:
.byte 0xff, 0xff, 0xff, 0xff
.long _sym_00aaa140
.globl _sym_00bcf860
_sym_00bcf860:
.byte 0x22, 0x05, 0x93, 0x19, 0x01, 0x00, 0x00, 0x00
.long _sym_00bcf858
.byte 0x00, 0x00, 0x00, 0x00, 0x00, 0x00, 0x00, 0x00, 0x00, 0x00, 0x00, 0x00, 0x00, 0x00, 0x00, 0x00
.byte 0x00, 0x00, 0x00, 0x00, 0x01, 0x00, 0x00, 0x00
.globl _sym_00bcf884
_sym_00bcf884:
.byte 0xff, 0xff, 0xff, 0xff
.long _sym_00aaa170
.globl _sym_00bcf88c
_sym_00bcf88c:
.byte 0x22, 0x05, 0x93, 0x19, 0x01, 0x00, 0x00, 0x00
.long _sym_00bcf884
.byte 0x00, 0x00, 0x00, 0x00, 0x00, 0x00, 0x00, 0x00, 0x00, 0x00, 0x00, 0x00, 0x00, 0x00, 0x00, 0x00
.byte 0x00, 0x00, 0x00, 0x00, 0x01, 0x00, 0x00, 0x00
.globl _sym_00bcf8b0
_sym_00bcf8b0:
.byte 0xff, 0xff, 0xff, 0xff
.long _sym_00aaa1a0
.globl _sym_00bcf8b8
_sym_00bcf8b8:
.byte 0x22, 0x05, 0x93, 0x19, 0x01, 0x00, 0x00, 0x00
.long _sym_00bcf8b0
.byte 0x00, 0x00, 0x00, 0x00, 0x00, 0x00, 0x00, 0x00, 0x00, 0x00, 0x00, 0x00, 0x00, 0x00, 0x00, 0x00
.byte 0x00, 0x00, 0x00, 0x00, 0x01, 0x00, 0x00, 0x00
.globl _sym_00bcf8dc
_sym_00bcf8dc:
.byte 0xff, 0xff, 0xff, 0xff
.long _sym_00aaa1d0
.globl _sym_00bcf8e4
_sym_00bcf8e4:
.byte 0x22, 0x05, 0x93, 0x19, 0x01, 0x00, 0x00, 0x00
.long _sym_00bcf8dc
.byte 0x00, 0x00, 0x00, 0x00, 0x00, 0x00, 0x00, 0x00, 0x00, 0x00, 0x00, 0x00, 0x00, 0x00, 0x00, 0x00
.byte 0x00, 0x00, 0x00, 0x00, 0x01, 0x00, 0x00, 0x00
.globl _sym_00bcf908
_sym_00bcf908:
.byte 0xff, 0xff, 0xff, 0xff
.long _sym_00aaa200
.globl _sym_00bcf910
_sym_00bcf910:
.byte 0x22, 0x05, 0x93, 0x19, 0x01, 0x00, 0x00, 0x00
.long _sym_00bcf908
.byte 0x00, 0x00, 0x00, 0x00, 0x00, 0x00, 0x00, 0x00, 0x00, 0x00, 0x00, 0x00, 0x00, 0x00, 0x00, 0x00
.byte 0x00, 0x00, 0x00, 0x00, 0x01, 0x00, 0x00, 0x00
.globl _sym_00bcf934
_sym_00bcf934:
.byte 0xff, 0xff, 0xff, 0xff
.long _sym_00aaa2f0
.globl _sym_00bcf93c
_sym_00bcf93c:
.byte 0x22, 0x05, 0x93, 0x19, 0x01, 0x00, 0x00, 0x00
.long _sym_00bcf934
.byte 0x00, 0x00, 0x00, 0x00, 0x00, 0x00, 0x00, 0x00, 0x00, 0x00, 0x00, 0x00, 0x00, 0x00, 0x00, 0x00
.byte 0x00, 0x00, 0x00, 0x00, 0x01, 0x00, 0x00, 0x00
.globl _sym_00bcf960
_sym_00bcf960:
.byte 0xff, 0xff, 0xff, 0xff
.long _sym_00aaa2c0
.globl _sym_00bcf968
_sym_00bcf968:
.byte 0x22, 0x05, 0x93, 0x19, 0x01, 0x00, 0x00, 0x00
.long _sym_00bcf960
.byte 0x00, 0x00, 0x00, 0x00, 0x00, 0x00, 0x00, 0x00, 0x00, 0x00, 0x00, 0x00, 0x00, 0x00, 0x00, 0x00
.byte 0x00, 0x00, 0x00, 0x00, 0x01, 0x00, 0x00, 0x00
.globl _sym_00bcf98c
_sym_00bcf98c:
.byte 0xff, 0xff, 0xff, 0xff
.long _sym_00aaa230
.globl _sym_00bcf994
_sym_00bcf994:
.byte 0x22, 0x05, 0x93, 0x19, 0x01, 0x00, 0x00, 0x00
.long _sym_00bcf98c
.byte 0x00, 0x00, 0x00, 0x00, 0x00, 0x00, 0x00, 0x00, 0x00, 0x00, 0x00, 0x00, 0x00, 0x00, 0x00, 0x00
.byte 0x00, 0x00, 0x00, 0x00, 0x01, 0x00, 0x00, 0x00
.globl _sym_00bcf9b8
_sym_00bcf9b8:
.byte 0xff, 0xff, 0xff, 0xff
.long _sym_00aaa260
.globl _sym_00bcf9c0
_sym_00bcf9c0:
.byte 0x22, 0x05, 0x93, 0x19, 0x01, 0x00, 0x00, 0x00
.long _sym_00bcf9b8
.byte 0x00, 0x00, 0x00, 0x00, 0x00, 0x00, 0x00, 0x00, 0x00, 0x00, 0x00, 0x00, 0x00, 0x00, 0x00, 0x00
.byte 0x00, 0x00, 0x00, 0x00, 0x01, 0x00, 0x00, 0x00
.globl _sym_00bcf9e4
_sym_00bcf9e4:
.byte 0xff, 0xff, 0xff, 0xff
.long _sym_00aaa290
.globl _sym_00bcf9ec
_sym_00bcf9ec:
.byte 0x22, 0x05, 0x93, 0x19, 0x01, 0x00, 0x00, 0x00
.long _sym_00bcf9e4
.byte 0x00, 0x00, 0x00, 0x00, 0x00, 0x00, 0x00, 0x00, 0x00, 0x00, 0x00, 0x00, 0x00, 0x00, 0x00, 0x00
.byte 0x00, 0x00, 0x00, 0x00, 0x01, 0x00, 0x00, 0x00
.globl _sym_00bcfa10
_sym_00bcfa10:
.byte 0xff, 0xff, 0xff, 0xff
.long _sym_00aaa560
.globl _sym_00bcfa18
_sym_00bcfa18:
.byte 0x22, 0x05, 0x93, 0x19, 0x01, 0x00, 0x00, 0x00
.long _sym_00bcfa10
.byte 0x00, 0x00, 0x00, 0x00, 0x00, 0x00, 0x00, 0x00, 0x00, 0x00, 0x00, 0x00, 0x00, 0x00, 0x00, 0x00
.byte 0x00, 0x00, 0x00, 0x00, 0x01, 0x00, 0x00, 0x00
.globl _sym_00bcfa3c
_sym_00bcfa3c:
.byte 0xff, 0xff, 0xff, 0xff
.long _sym_00aaa350
.globl _sym_00bcfa44
_sym_00bcfa44:
.byte 0x22, 0x05, 0x93, 0x19, 0x01, 0x00, 0x00, 0x00
.long _sym_00bcfa3c
.byte 0x00, 0x00, 0x00, 0x00, 0x00, 0x00, 0x00, 0x00, 0x00, 0x00, 0x00, 0x00, 0x00, 0x00, 0x00, 0x00
.byte 0x00, 0x00, 0x00, 0x00, 0x01, 0x00, 0x00, 0x00
.globl _sym_00bcfa68
_sym_00bcfa68:
.byte 0xff, 0xff, 0xff, 0xff
.long _sym_00aaa380
.globl _sym_00bcfa70
_sym_00bcfa70:
.byte 0x22, 0x05, 0x93, 0x19, 0x01, 0x00, 0x00, 0x00
.long _sym_00bcfa68
.byte 0x00, 0x00, 0x00, 0x00, 0x00, 0x00, 0x00, 0x00, 0x00, 0x00, 0x00, 0x00, 0x00, 0x00, 0x00, 0x00
.byte 0x00, 0x00, 0x00, 0x00, 0x01, 0x00, 0x00, 0x00
.globl _sym_00bcfa94
_sym_00bcfa94:
.byte 0xff, 0xff, 0xff, 0xff
.long _sym_00aaa3b0
.globl _sym_00bcfa9c
_sym_00bcfa9c:
.byte 0x22, 0x05, 0x93, 0x19, 0x01, 0x00, 0x00, 0x00
.long _sym_00bcfa94
.byte 0x00, 0x00, 0x00, 0x00, 0x00, 0x00, 0x00, 0x00, 0x00, 0x00, 0x00, 0x00, 0x00, 0x00, 0x00, 0x00
.byte 0x00, 0x00, 0x00, 0x00, 0x01, 0x00, 0x00, 0x00
.globl _sym_00bcfac0
_sym_00bcfac0:
.byte 0xff, 0xff, 0xff, 0xff
.long _sym_00aaa3e0
.globl _sym_00bcfac8
_sym_00bcfac8:
.byte 0x22, 0x05, 0x93, 0x19, 0x01, 0x00, 0x00, 0x00
.long _sym_00bcfac0
.byte 0x00, 0x00, 0x00, 0x00, 0x00, 0x00, 0x00, 0x00, 0x00, 0x00, 0x00, 0x00, 0x00, 0x00, 0x00, 0x00
.byte 0x00, 0x00, 0x00, 0x00, 0x01, 0x00, 0x00, 0x00
.globl _sym_00bcfaec
_sym_00bcfaec:
.byte 0xff, 0xff, 0xff, 0xff
.long _sym_00aaa410
.globl _sym_00bcfaf4
_sym_00bcfaf4:
.byte 0x22, 0x05, 0x93, 0x19, 0x01, 0x00, 0x00, 0x00
.long _sym_00bcfaec
.byte 0x00, 0x00, 0x00, 0x00, 0x00, 0x00, 0x00, 0x00, 0x00, 0x00, 0x00, 0x00, 0x00, 0x00, 0x00, 0x00
.byte 0x00, 0x00, 0x00, 0x00, 0x01, 0x00, 0x00, 0x00
.globl _sym_00bcfb18
_sym_00bcfb18:
.byte 0xff, 0xff, 0xff, 0xff
.long _sym_00aaa440
.globl _sym_00bcfb20
_sym_00bcfb20:
.byte 0x22, 0x05, 0x93, 0x19, 0x01, 0x00, 0x00, 0x00
.long _sym_00bcfb18
.byte 0x00, 0x00, 0x00, 0x00, 0x00, 0x00, 0x00, 0x00, 0x00, 0x00, 0x00, 0x00, 0x00, 0x00, 0x00, 0x00
.byte 0x00, 0x00, 0x00, 0x00, 0x01, 0x00, 0x00, 0x00
.globl _sym_00bcfb44
_sym_00bcfb44:
.byte 0xff, 0xff, 0xff, 0xff
.long _sym_00aaa530
.globl _sym_00bcfb4c
_sym_00bcfb4c:
.byte 0x22, 0x05, 0x93, 0x19, 0x01, 0x00, 0x00, 0x00
.long _sym_00bcfb44
.byte 0x00, 0x00, 0x00, 0x00, 0x00, 0x00, 0x00, 0x00, 0x00, 0x00, 0x00, 0x00, 0x00, 0x00, 0x00, 0x00
.byte 0x00, 0x00, 0x00, 0x00, 0x01, 0x00, 0x00, 0x00
.globl _sym_00bcfb70
_sym_00bcfb70:
.byte 0xff, 0xff, 0xff, 0xff
.long _sym_00aaa500
.globl _sym_00bcfb78
_sym_00bcfb78:
.byte 0x22, 0x05, 0x93, 0x19, 0x01, 0x00, 0x00, 0x00
.long _sym_00bcfb70
.byte 0x00, 0x00, 0x00, 0x00, 0x00, 0x00, 0x00, 0x00, 0x00, 0x00, 0x00, 0x00, 0x00, 0x00, 0x00, 0x00
.byte 0x00, 0x00, 0x00, 0x00, 0x01, 0x00, 0x00, 0x00
.globl _sym_00bcfb9c
_sym_00bcfb9c:
.byte 0xff, 0xff, 0xff, 0xff
.long _sym_00aaa470
.globl _sym_00bcfba4
_sym_00bcfba4:
.byte 0x22, 0x05, 0x93, 0x19, 0x01, 0x00, 0x00, 0x00
.long _sym_00bcfb9c
.byte 0x00, 0x00, 0x00, 0x00, 0x00, 0x00, 0x00, 0x00, 0x00, 0x00, 0x00, 0x00, 0x00, 0x00, 0x00, 0x00
.byte 0x00, 0x00, 0x00, 0x00, 0x01, 0x00, 0x00, 0x00
.globl _sym_00bcfbc8
_sym_00bcfbc8:
.byte 0xff, 0xff, 0xff, 0xff
.long _sym_00aaa4a0
.globl _sym_00bcfbd0
_sym_00bcfbd0:
.byte 0x22, 0x05, 0x93, 0x19, 0x01, 0x00, 0x00, 0x00
.long _sym_00bcfbc8
.byte 0x00, 0x00, 0x00, 0x00, 0x00, 0x00, 0x00, 0x00, 0x00, 0x00, 0x00, 0x00, 0x00, 0x00, 0x00, 0x00
.byte 0x00, 0x00, 0x00, 0x00, 0x01, 0x00, 0x00, 0x00
.globl _sym_00bcfbf4
_sym_00bcfbf4:
.byte 0xff, 0xff, 0xff, 0xff
.long _sym_00aaa4d0
.globl _sym_00bcfbfc
_sym_00bcfbfc:
.byte 0x22, 0x05, 0x93, 0x19, 0x01, 0x00, 0x00, 0x00
.long _sym_00bcfbf4
.byte 0x00, 0x00, 0x00, 0x00, 0x00, 0x00, 0x00, 0x00, 0x00, 0x00, 0x00, 0x00, 0x00, 0x00, 0x00, 0x00
.byte 0x00, 0x00, 0x00, 0x00, 0x01, 0x00, 0x00, 0x00
.globl _sym_00bcfc20
_sym_00bcfc20:
.byte 0xff, 0xff, 0xff, 0xff
.long _sym_00aab0a0
.globl _sym_00bcfc28
_sym_00bcfc28:
.byte 0x22, 0x05, 0x93, 0x19, 0x01, 0x00, 0x00, 0x00
.long _sym_00bcfc20
.byte 0x00, 0x00, 0x00, 0x00, 0x00, 0x00, 0x00, 0x00, 0x00, 0x00, 0x00, 0x00, 0x00, 0x00, 0x00, 0x00
.byte 0x00, 0x00, 0x00, 0x00, 0x01, 0x00, 0x00, 0x00
.globl _sym_00bcfc4c
_sym_00bcfc4c:
.byte 0xff, 0xff, 0xff, 0xff
.long _sym_00aaae90
.globl _sym_00bcfc54
_sym_00bcfc54:
.byte 0x22, 0x05, 0x93, 0x19, 0x01, 0x00, 0x00, 0x00
.long _sym_00bcfc4c
.byte 0x00, 0x00, 0x00, 0x00, 0x00, 0x00, 0x00, 0x00, 0x00, 0x00, 0x00, 0x00, 0x00, 0x00, 0x00, 0x00
.byte 0x00, 0x00, 0x00, 0x00, 0x01, 0x00, 0x00, 0x00
.globl _sym_00bcfc78
_sym_00bcfc78:
.byte 0xff, 0xff, 0xff, 0xff
.long _sym_00aaaec0
.globl _sym_00bcfc80
_sym_00bcfc80:
.byte 0x22, 0x05, 0x93, 0x19, 0x01, 0x00, 0x00, 0x00
.long _sym_00bcfc78
.byte 0x00, 0x00, 0x00, 0x00, 0x00, 0x00, 0x00, 0x00, 0x00, 0x00, 0x00, 0x00, 0x00, 0x00, 0x00, 0x00
.byte 0x00, 0x00, 0x00, 0x00, 0x01, 0x00, 0x00, 0x00
.globl _sym_00bcfca4
_sym_00bcfca4:
.byte 0xff, 0xff, 0xff, 0xff
.long _sym_00aaaef0
.globl _sym_00bcfcac
_sym_00bcfcac:
.byte 0x22, 0x05, 0x93, 0x19, 0x01, 0x00, 0x00, 0x00
.long _sym_00bcfca4
.byte 0x00, 0x00, 0x00, 0x00, 0x00, 0x00, 0x00, 0x00, 0x00, 0x00, 0x00, 0x00, 0x00, 0x00, 0x00, 0x00
.byte 0x00, 0x00, 0x00, 0x00, 0x01, 0x00, 0x00, 0x00
.globl _sym_00bcfcd0
_sym_00bcfcd0:
.byte 0xff, 0xff, 0xff, 0xff
.long _sym_00aaaf20
.globl _sym_00bcfcd8
_sym_00bcfcd8:
.byte 0x22, 0x05, 0x93, 0x19, 0x01, 0x00, 0x00, 0x00
.long _sym_00bcfcd0
.byte 0x00, 0x00, 0x00, 0x00, 0x00, 0x00, 0x00, 0x00, 0x00, 0x00, 0x00, 0x00, 0x00, 0x00, 0x00, 0x00
.byte 0x00, 0x00, 0x00, 0x00, 0x01, 0x00, 0x00, 0x00
.globl _sym_00bcfcfc
_sym_00bcfcfc:
.byte 0xff, 0xff, 0xff, 0xff
.long _sym_00aaaf50
.globl _sym_00bcfd04
_sym_00bcfd04:
.byte 0x22, 0x05, 0x93, 0x19, 0x01, 0x00, 0x00, 0x00
.long _sym_00bcfcfc
.byte 0x00, 0x00, 0x00, 0x00, 0x00, 0x00, 0x00, 0x00, 0x00, 0x00, 0x00, 0x00, 0x00, 0x00, 0x00, 0x00
.byte 0x00, 0x00, 0x00, 0x00, 0x01, 0x00, 0x00, 0x00
.globl _sym_00bcfd28
_sym_00bcfd28:
.byte 0xff, 0xff, 0xff, 0xff
.long _sym_00aaaf80
.globl _sym_00bcfd30
_sym_00bcfd30:
.byte 0x22, 0x05, 0x93, 0x19, 0x01, 0x00, 0x00, 0x00
.long _sym_00bcfd28
.byte 0x00, 0x00, 0x00, 0x00, 0x00, 0x00, 0x00, 0x00, 0x00, 0x00, 0x00, 0x00, 0x00, 0x00, 0x00, 0x00
.byte 0x00, 0x00, 0x00, 0x00, 0x01, 0x00, 0x00, 0x00
.globl _sym_00bcfd54
_sym_00bcfd54:
.byte 0xff, 0xff, 0xff, 0xff
.long _sym_00aab070
.globl _sym_00bcfd5c
_sym_00bcfd5c:
.byte 0x22, 0x05, 0x93, 0x19, 0x01, 0x00, 0x00, 0x00
.long _sym_00bcfd54
.byte 0x00, 0x00, 0x00, 0x00, 0x00, 0x00, 0x00, 0x00, 0x00, 0x00, 0x00, 0x00, 0x00, 0x00, 0x00, 0x00
.byte 0x00, 0x00, 0x00, 0x00, 0x01, 0x00, 0x00, 0x00
.globl _sym_00bcfd80
_sym_00bcfd80:
.byte 0xff, 0xff, 0xff, 0xff
.long _sym_00aab040
.globl _sym_00bcfd88
_sym_00bcfd88:
.byte 0x22, 0x05, 0x93, 0x19, 0x01, 0x00, 0x00, 0x00
.long _sym_00bcfd80
.byte 0x00, 0x00, 0x00, 0x00, 0x00, 0x00, 0x00, 0x00, 0x00, 0x00, 0x00, 0x00, 0x00, 0x00, 0x00, 0x00
.byte 0x00, 0x00, 0x00, 0x00, 0x01, 0x00, 0x00, 0x00
.globl _sym_00bcfdac
_sym_00bcfdac:
.byte 0xff, 0xff, 0xff, 0xff
.long _sym_00aaafb0
.globl _sym_00bcfdb4
_sym_00bcfdb4:
.byte 0x22, 0x05, 0x93, 0x19, 0x01, 0x00, 0x00, 0x00
.long _sym_00bcfdac
.byte 0x00, 0x00, 0x00, 0x00, 0x00, 0x00, 0x00, 0x00, 0x00, 0x00, 0x00, 0x00, 0x00, 0x00, 0x00, 0x00
.byte 0x00, 0x00, 0x00, 0x00, 0x01, 0x00, 0x00, 0x00
.globl _sym_00bcfdd8
_sym_00bcfdd8:
.byte 0xff, 0xff, 0xff, 0xff
.long _sym_00aaafe0
.globl _sym_00bcfde0
_sym_00bcfde0:
.byte 0x22, 0x05, 0x93, 0x19, 0x01, 0x00, 0x00, 0x00
.long _sym_00bcfdd8
.byte 0x00, 0x00, 0x00, 0x00, 0x00, 0x00, 0x00, 0x00, 0x00, 0x00, 0x00, 0x00, 0x00, 0x00, 0x00, 0x00
.byte 0x00, 0x00, 0x00, 0x00, 0x01, 0x00, 0x00, 0x00
.globl _sym_00bcfe04
_sym_00bcfe04:
.byte 0xff, 0xff, 0xff, 0xff
.long _sym_00aab010
.globl _sym_00bcfe0c
_sym_00bcfe0c:
.byte 0x22, 0x05, 0x93, 0x19, 0x01, 0x00, 0x00, 0x00
.long _sym_00bcfe04
.byte 0x00, 0x00, 0x00, 0x00, 0x00, 0x00, 0x00, 0x00, 0x00, 0x00, 0x00, 0x00, 0x00, 0x00, 0x00, 0x00
.byte 0x00, 0x00, 0x00, 0x00, 0x01, 0x00, 0x00, 0x00
.globl _sym_00bcfe30
_sym_00bcfe30:
.byte 0xff, 0xff, 0xff, 0xff
.long _sym_00aaae60
.globl _sym_00bcfe38
_sym_00bcfe38:
.byte 0x22, 0x05, 0x93, 0x19, 0x01, 0x00, 0x00, 0x00
.long _sym_00bcfe30
.byte 0x00, 0x00, 0x00, 0x00, 0x00, 0x00, 0x00, 0x00, 0x00, 0x00, 0x00, 0x00, 0x00, 0x00, 0x00, 0x00
.byte 0x00, 0x00, 0x00, 0x00, 0x01, 0x00, 0x00, 0x00
.globl _sym_00bcfe5c
_sym_00bcfe5c:
.byte 0xff, 0xff, 0xff, 0xff
.long _sym_00aaac50
.globl _sym_00bcfe64
_sym_00bcfe64:
.byte 0x22, 0x05, 0x93, 0x19, 0x01, 0x00, 0x00, 0x00
.long _sym_00bcfe5c
.byte 0x00, 0x00, 0x00, 0x00, 0x00, 0x00, 0x00, 0x00, 0x00, 0x00, 0x00, 0x00, 0x00, 0x00, 0x00, 0x00
.byte 0x00, 0x00, 0x00, 0x00, 0x01, 0x00, 0x00, 0x00
.globl _sym_00bcfe88
_sym_00bcfe88:
.byte 0xff, 0xff, 0xff, 0xff
.long _sym_00aaac80
.globl _sym_00bcfe90
_sym_00bcfe90:
.byte 0x22, 0x05, 0x93, 0x19, 0x01, 0x00, 0x00, 0x00
.long _sym_00bcfe88
.byte 0x00, 0x00, 0x00, 0x00, 0x00, 0x00, 0x00, 0x00, 0x00, 0x00, 0x00, 0x00, 0x00, 0x00, 0x00, 0x00
.byte 0x00, 0x00, 0x00, 0x00, 0x01, 0x00, 0x00, 0x00
.globl _sym_00bcfeb4
_sym_00bcfeb4:
.byte 0xff, 0xff, 0xff, 0xff
.long _sym_00aaacb0
.globl _sym_00bcfebc
_sym_00bcfebc:
.byte 0x22, 0x05, 0x93, 0x19, 0x01, 0x00, 0x00, 0x00
.long _sym_00bcfeb4
.byte 0x00, 0x00, 0x00, 0x00, 0x00, 0x00, 0x00, 0x00, 0x00, 0x00, 0x00, 0x00, 0x00, 0x00, 0x00, 0x00
.byte 0x00, 0x00, 0x00, 0x00, 0x01, 0x00, 0x00, 0x00
.globl _sym_00bcfee0
_sym_00bcfee0:
.byte 0xff, 0xff, 0xff, 0xff
.long _sym_00aaace0
.globl _sym_00bcfee8
_sym_00bcfee8:
.byte 0x22, 0x05, 0x93, 0x19, 0x01, 0x00, 0x00, 0x00
.long _sym_00bcfee0
.byte 0x00, 0x00, 0x00, 0x00, 0x00, 0x00, 0x00, 0x00, 0x00, 0x00, 0x00, 0x00, 0x00, 0x00, 0x00, 0x00
.byte 0x00, 0x00, 0x00, 0x00, 0x01, 0x00, 0x00, 0x00
.globl _sym_00bcff0c
_sym_00bcff0c:
.byte 0xff, 0xff, 0xff, 0xff
.long _sym_00aaad10
.globl _sym_00bcff14
_sym_00bcff14:
.byte 0x22, 0x05, 0x93, 0x19, 0x01, 0x00, 0x00, 0x00
.long _sym_00bcff0c
.byte 0x00, 0x00, 0x00, 0x00, 0x00, 0x00, 0x00, 0x00, 0x00, 0x00, 0x00, 0x00, 0x00, 0x00, 0x00, 0x00
.byte 0x00, 0x00, 0x00, 0x00, 0x01, 0x00, 0x00, 0x00
.globl _sym_00bcff38
_sym_00bcff38:
.byte 0xff, 0xff, 0xff, 0xff
.long _sym_00aaad40
.globl _sym_00bcff40
_sym_00bcff40:
.byte 0x22, 0x05, 0x93, 0x19, 0x01, 0x00, 0x00, 0x00
.long _sym_00bcff38
.byte 0x00, 0x00, 0x00, 0x00, 0x00, 0x00, 0x00, 0x00, 0x00, 0x00, 0x00, 0x00, 0x00, 0x00, 0x00, 0x00
.byte 0x00, 0x00, 0x00, 0x00, 0x01, 0x00, 0x00, 0x00
.globl _sym_00bcff64
_sym_00bcff64:
.byte 0xff, 0xff, 0xff, 0xff
.long _sym_00aaae30
.globl _sym_00bcff6c
_sym_00bcff6c:
.byte 0x22, 0x05, 0x93, 0x19, 0x01, 0x00, 0x00, 0x00
.long _sym_00bcff64
.byte 0x00, 0x00, 0x00, 0x00, 0x00, 0x00, 0x00, 0x00, 0x00, 0x00, 0x00, 0x00, 0x00, 0x00, 0x00, 0x00
.byte 0x00, 0x00, 0x00, 0x00, 0x01, 0x00, 0x00, 0x00
.globl _sym_00bcff90
_sym_00bcff90:
.byte 0xff, 0xff, 0xff, 0xff
.long _sym_00aaae00
.globl _sym_00bcff98
_sym_00bcff98:
.byte 0x22, 0x05, 0x93, 0x19, 0x01, 0x00, 0x00, 0x00
.long _sym_00bcff90
.byte 0x00, 0x00, 0x00, 0x00, 0x00, 0x00, 0x00, 0x00, 0x00, 0x00, 0x00, 0x00, 0x00, 0x00, 0x00, 0x00
.byte 0x00, 0x00, 0x00, 0x00, 0x01, 0x00, 0x00, 0x00
.globl _sym_00bcffbc
_sym_00bcffbc:
.byte 0xff, 0xff, 0xff, 0xff
.long _sym_00aaad70
.globl _sym_00bcffc4
_sym_00bcffc4:
.byte 0x22, 0x05, 0x93, 0x19, 0x01, 0x00, 0x00, 0x00
.long _sym_00bcffbc
.byte 0x00, 0x00, 0x00, 0x00, 0x00, 0x00, 0x00, 0x00, 0x00, 0x00, 0x00, 0x00, 0x00, 0x00, 0x00, 0x00
.byte 0x00, 0x00, 0x00, 0x00, 0x01, 0x00, 0x00, 0x00
.globl _sym_00bcffe8
_sym_00bcffe8:
.byte 0xff, 0xff, 0xff, 0xff
.long _sym_00aaada0
.globl _sym_00bcfff0
_sym_00bcfff0:
.byte 0x22, 0x05, 0x93, 0x19, 0x01, 0x00, 0x00, 0x00
.long _sym_00bcffe8
.byte 0x00, 0x00, 0x00, 0x00, 0x00, 0x00, 0x00, 0x00, 0x00, 0x00, 0x00, 0x00, 0x00, 0x00, 0x00, 0x00
.byte 0x00, 0x00, 0x00, 0x00, 0x01, 0x00, 0x00, 0x00
.globl _sym_00bd0014
_sym_00bd0014:
.byte 0xff, 0xff, 0xff, 0xff
.long _sym_00aaadd0
.globl _sym_00bd001c
_sym_00bd001c:
.byte 0x22, 0x05, 0x93, 0x19, 0x01, 0x00, 0x00, 0x00
.long _sym_00bd0014
.byte 0x00, 0x00, 0x00, 0x00, 0x00, 0x00, 0x00, 0x00, 0x00, 0x00, 0x00, 0x00, 0x00, 0x00, 0x00, 0x00
.byte 0x00, 0x00, 0x00, 0x00, 0x01, 0x00, 0x00, 0x00
.globl _sym_00bd0040
_sym_00bd0040:
.byte 0xff, 0xff, 0xff, 0xff
.long _sym_00aaa7a0
.globl _sym_00bd0048
_sym_00bd0048:
.byte 0x22, 0x05, 0x93, 0x19, 0x01, 0x00, 0x00, 0x00
.long _sym_00bd0040
.byte 0x00, 0x00, 0x00, 0x00, 0x00, 0x00, 0x00, 0x00, 0x00, 0x00, 0x00, 0x00, 0x00, 0x00, 0x00, 0x00
.byte 0x00, 0x00, 0x00, 0x00, 0x01, 0x00, 0x00, 0x00
.globl _sym_00bd006c
_sym_00bd006c:
.byte 0xff, 0xff, 0xff, 0xff
.long _sym_00aaa590
.globl _sym_00bd0074
_sym_00bd0074:
.byte 0x22, 0x05, 0x93, 0x19, 0x01, 0x00, 0x00, 0x00
.long _sym_00bd006c
.byte 0x00, 0x00, 0x00, 0x00, 0x00, 0x00, 0x00, 0x00, 0x00, 0x00, 0x00, 0x00, 0x00, 0x00, 0x00, 0x00
.byte 0x00, 0x00, 0x00, 0x00, 0x01, 0x00, 0x00, 0x00
.globl _sym_00bd0098
_sym_00bd0098:
.byte 0xff, 0xff, 0xff, 0xff
.long _sym_00aaa5c0
.globl _sym_00bd00a0
_sym_00bd00a0:
.byte 0x22, 0x05, 0x93, 0x19, 0x01, 0x00, 0x00, 0x00
.long _sym_00bd0098
.byte 0x00, 0x00, 0x00, 0x00, 0x00, 0x00, 0x00, 0x00, 0x00, 0x00, 0x00, 0x00, 0x00, 0x00, 0x00, 0x00
.byte 0x00, 0x00, 0x00, 0x00, 0x01, 0x00, 0x00, 0x00
.globl _sym_00bd00c4
_sym_00bd00c4:
.byte 0xff, 0xff, 0xff, 0xff
.long _sym_00aaa5f0
.globl _sym_00bd00cc
_sym_00bd00cc:
.byte 0x22, 0x05, 0x93, 0x19, 0x01, 0x00, 0x00, 0x00
.long _sym_00bd00c4
.byte 0x00, 0x00, 0x00, 0x00, 0x00, 0x00, 0x00, 0x00, 0x00, 0x00, 0x00, 0x00, 0x00, 0x00, 0x00, 0x00
.byte 0x00, 0x00, 0x00, 0x00, 0x01, 0x00, 0x00, 0x00
.globl _sym_00bd00f0
_sym_00bd00f0:
.byte 0xff, 0xff, 0xff, 0xff
.long _sym_00aaa620
.globl _sym_00bd00f8
_sym_00bd00f8:
.byte 0x22, 0x05, 0x93, 0x19, 0x01, 0x00, 0x00, 0x00
.long _sym_00bd00f0
.byte 0x00, 0x00, 0x00, 0x00, 0x00, 0x00, 0x00, 0x00, 0x00, 0x00, 0x00, 0x00, 0x00, 0x00, 0x00, 0x00
.byte 0x00, 0x00, 0x00, 0x00, 0x01, 0x00, 0x00, 0x00
.globl _sym_00bd011c
_sym_00bd011c:
.byte 0xff, 0xff, 0xff, 0xff
.long _sym_00aaa650
.globl _sym_00bd0124
_sym_00bd0124:
.byte 0x22, 0x05, 0x93, 0x19, 0x01, 0x00, 0x00, 0x00
.long _sym_00bd011c
.byte 0x00, 0x00, 0x00, 0x00, 0x00, 0x00, 0x00, 0x00, 0x00, 0x00, 0x00, 0x00, 0x00, 0x00, 0x00, 0x00
.byte 0x00, 0x00, 0x00, 0x00, 0x01, 0x00, 0x00, 0x00
.globl _sym_00bd0148
_sym_00bd0148:
.byte 0xff, 0xff, 0xff, 0xff
.long _sym_00aaa680
.globl _sym_00bd0150
_sym_00bd0150:
.byte 0x22, 0x05, 0x93, 0x19, 0x01, 0x00, 0x00, 0x00
.long _sym_00bd0148
.byte 0x00, 0x00, 0x00, 0x00, 0x00, 0x00, 0x00, 0x00, 0x00, 0x00, 0x00, 0x00, 0x00, 0x00, 0x00, 0x00
.byte 0x00, 0x00, 0x00, 0x00, 0x01, 0x00, 0x00, 0x00
.globl _sym_00bd0174
_sym_00bd0174:
.byte 0xff, 0xff, 0xff, 0xff
.long _sym_00aaa770
.globl _sym_00bd017c
_sym_00bd017c:
.byte 0x22, 0x05, 0x93, 0x19, 0x01, 0x00, 0x00, 0x00
.long _sym_00bd0174
.byte 0x00, 0x00, 0x00, 0x00, 0x00, 0x00, 0x00, 0x00, 0x00, 0x00, 0x00, 0x00, 0x00, 0x00, 0x00, 0x00
.byte 0x00, 0x00, 0x00, 0x00, 0x01, 0x00, 0x00, 0x00
.globl _sym_00bd01a0
_sym_00bd01a0:
.byte 0xff, 0xff, 0xff, 0xff
.long _sym_00aaa740
.globl _sym_00bd01a8
_sym_00bd01a8:
.byte 0x22, 0x05, 0x93, 0x19, 0x01, 0x00, 0x00, 0x00
.long _sym_00bd01a0
.byte 0x00, 0x00, 0x00, 0x00, 0x00, 0x00, 0x00, 0x00, 0x00, 0x00, 0x00, 0x00, 0x00, 0x00, 0x00, 0x00
.byte 0x00, 0x00, 0x00, 0x00, 0x01, 0x00, 0x00, 0x00
.globl _sym_00bd01cc
_sym_00bd01cc:
.byte 0xff, 0xff, 0xff, 0xff
.long _sym_00aaa6b0
.globl _sym_00bd01d4
_sym_00bd01d4:
.byte 0x22, 0x05, 0x93, 0x19, 0x01, 0x00, 0x00, 0x00
.long _sym_00bd01cc
.byte 0x00, 0x00, 0x00, 0x00, 0x00, 0x00, 0x00, 0x00, 0x00, 0x00, 0x00, 0x00, 0x00, 0x00, 0x00, 0x00
.byte 0x00, 0x00, 0x00, 0x00, 0x01, 0x00, 0x00, 0x00
.globl _sym_00bd01f8
_sym_00bd01f8:
.byte 0xff, 0xff, 0xff, 0xff
.long _sym_00aaa6e0
.globl _sym_00bd0200
_sym_00bd0200:
.byte 0x22, 0x05, 0x93, 0x19, 0x01, 0x00, 0x00, 0x00
.long _sym_00bd01f8
.byte 0x00, 0x00, 0x00, 0x00, 0x00, 0x00, 0x00, 0x00, 0x00, 0x00, 0x00, 0x00, 0x00, 0x00, 0x00, 0x00
.byte 0x00, 0x00, 0x00, 0x00, 0x01, 0x00, 0x00, 0x00
.globl _sym_00bd0224
_sym_00bd0224:
.byte 0xff, 0xff, 0xff, 0xff
.long _sym_00aaa710
.globl _sym_00bd022c
_sym_00bd022c:
.byte 0x22, 0x05, 0x93, 0x19, 0x01, 0x00, 0x00, 0x00
.long _sym_00bd0224
.byte 0x00, 0x00, 0x00, 0x00, 0x00, 0x00, 0x00, 0x00, 0x00, 0x00, 0x00, 0x00, 0x00, 0x00, 0x00, 0x00
.byte 0x00, 0x00, 0x00, 0x00, 0x01, 0x00, 0x00, 0x00
.globl _sym_00bd0250
_sym_00bd0250:
.byte 0xff, 0xff, 0xff, 0xff
.long _sym_00aaa9e0
.globl _sym_00bd0258
_sym_00bd0258:
.byte 0x22, 0x05, 0x93, 0x19, 0x01, 0x00, 0x00, 0x00
.long _sym_00bd0250
.byte 0x00, 0x00, 0x00, 0x00, 0x00, 0x00, 0x00, 0x00, 0x00, 0x00, 0x00, 0x00, 0x00, 0x00, 0x00, 0x00
.byte 0x00, 0x00, 0x00, 0x00, 0x01, 0x00, 0x00, 0x00
.globl _sym_00bd027c
_sym_00bd027c:
.byte 0xff, 0xff, 0xff, 0xff
.long _sym_00aaa7d0
.globl _sym_00bd0284
_sym_00bd0284:
.byte 0x22, 0x05, 0x93, 0x19, 0x01, 0x00, 0x00, 0x00
.long _sym_00bd027c
.byte 0x00, 0x00, 0x00, 0x00, 0x00, 0x00, 0x00, 0x00, 0x00, 0x00, 0x00, 0x00, 0x00, 0x00, 0x00, 0x00
.byte 0x00, 0x00, 0x00, 0x00, 0x01, 0x00, 0x00, 0x00
.globl _sym_00bd02a8
_sym_00bd02a8:
.byte 0xff, 0xff, 0xff, 0xff
.long _sym_00aaa800
.globl _sym_00bd02b0
_sym_00bd02b0:
.byte 0x22, 0x05, 0x93, 0x19, 0x01, 0x00, 0x00, 0x00
.long _sym_00bd02a8
.byte 0x00, 0x00, 0x00, 0x00, 0x00, 0x00, 0x00, 0x00, 0x00, 0x00, 0x00, 0x00, 0x00, 0x00, 0x00, 0x00
.byte 0x00, 0x00, 0x00, 0x00, 0x01, 0x00, 0x00, 0x00
.globl _sym_00bd02d4
_sym_00bd02d4:
.byte 0xff, 0xff, 0xff, 0xff
.long _sym_00aaa830
.globl _sym_00bd02dc
_sym_00bd02dc:
.byte 0x22, 0x05, 0x93, 0x19, 0x01, 0x00, 0x00, 0x00
.long _sym_00bd02d4
.byte 0x00, 0x00, 0x00, 0x00, 0x00, 0x00, 0x00, 0x00, 0x00, 0x00, 0x00, 0x00, 0x00, 0x00, 0x00, 0x00
.byte 0x00, 0x00, 0x00, 0x00, 0x01, 0x00, 0x00, 0x00
.globl _sym_00bd0300
_sym_00bd0300:
.byte 0xff, 0xff, 0xff, 0xff
.long _sym_00aaa860
.globl _sym_00bd0308
_sym_00bd0308:
.byte 0x22, 0x05, 0x93, 0x19, 0x01, 0x00, 0x00, 0x00
.long _sym_00bd0300
.byte 0x00, 0x00, 0x00, 0x00, 0x00, 0x00, 0x00, 0x00, 0x00, 0x00, 0x00, 0x00, 0x00, 0x00, 0x00, 0x00
.byte 0x00, 0x00, 0x00, 0x00, 0x01, 0x00, 0x00, 0x00
.globl _sym_00bd032c
_sym_00bd032c:
.byte 0xff, 0xff, 0xff, 0xff
.long _sym_00aaa890
.globl _sym_00bd0334
_sym_00bd0334:
.byte 0x22, 0x05, 0x93, 0x19, 0x01, 0x00, 0x00, 0x00
.long _sym_00bd032c
.byte 0x00, 0x00, 0x00, 0x00, 0x00, 0x00, 0x00, 0x00, 0x00, 0x00, 0x00, 0x00, 0x00, 0x00, 0x00, 0x00
.byte 0x00, 0x00, 0x00, 0x00, 0x01, 0x00, 0x00, 0x00
.globl _sym_00bd0358
_sym_00bd0358:
.byte 0xff, 0xff, 0xff, 0xff
.long _sym_00aaa8c0
.globl _sym_00bd0360
_sym_00bd0360:
.byte 0x22, 0x05, 0x93, 0x19, 0x01, 0x00, 0x00, 0x00
.long _sym_00bd0358
.byte 0x00, 0x00, 0x00, 0x00, 0x00, 0x00, 0x00, 0x00, 0x00, 0x00, 0x00, 0x00, 0x00, 0x00, 0x00, 0x00
.byte 0x00, 0x00, 0x00, 0x00, 0x01, 0x00, 0x00, 0x00
.globl _sym_00bd0384
_sym_00bd0384:
.byte 0xff, 0xff, 0xff, 0xff
.long _sym_00aaa9b0
.globl _sym_00bd038c
_sym_00bd038c:
.byte 0x22, 0x05, 0x93, 0x19, 0x01, 0x00, 0x00, 0x00
.long _sym_00bd0384
.byte 0x00, 0x00, 0x00, 0x00, 0x00, 0x00, 0x00, 0x00, 0x00, 0x00, 0x00, 0x00, 0x00, 0x00, 0x00, 0x00
.byte 0x00, 0x00, 0x00, 0x00, 0x01, 0x00, 0x00, 0x00
.globl _sym_00bd03b0
_sym_00bd03b0:
.byte 0xff, 0xff, 0xff, 0xff
.long _sym_00aaa980
.globl _sym_00bd03b8
_sym_00bd03b8:
.byte 0x22, 0x05, 0x93, 0x19, 0x01, 0x00, 0x00, 0x00
.long _sym_00bd03b0
.byte 0x00, 0x00, 0x00, 0x00, 0x00, 0x00, 0x00, 0x00, 0x00, 0x00, 0x00, 0x00, 0x00, 0x00, 0x00, 0x00
.byte 0x00, 0x00, 0x00, 0x00, 0x01, 0x00, 0x00, 0x00
.globl _sym_00bd03dc
_sym_00bd03dc:
.byte 0xff, 0xff, 0xff, 0xff
.long _sym_00aaa8f0
.globl _sym_00bd03e4
_sym_00bd03e4:
.byte 0x22, 0x05, 0x93, 0x19, 0x01, 0x00, 0x00, 0x00
.long _sym_00bd03dc
.byte 0x00, 0x00, 0x00, 0x00, 0x00, 0x00, 0x00, 0x00, 0x00, 0x00, 0x00, 0x00, 0x00, 0x00, 0x00, 0x00
.byte 0x00, 0x00, 0x00, 0x00, 0x01, 0x00, 0x00, 0x00
.globl _sym_00bd0408
_sym_00bd0408:
.byte 0xff, 0xff, 0xff, 0xff
.long _sym_00aaa920
.globl _sym_00bd0410
_sym_00bd0410:
.byte 0x22, 0x05, 0x93, 0x19, 0x01, 0x00, 0x00, 0x00
.long _sym_00bd0408
.byte 0x00, 0x00, 0x00, 0x00, 0x00, 0x00, 0x00, 0x00, 0x00, 0x00, 0x00, 0x00, 0x00, 0x00, 0x00, 0x00
.byte 0x00, 0x00, 0x00, 0x00, 0x01, 0x00, 0x00, 0x00
.globl _sym_00bd0434
_sym_00bd0434:
.byte 0xff, 0xff, 0xff, 0xff
.long _sym_00aaa950
.globl _sym_00bd043c
_sym_00bd043c:
.byte 0x22, 0x05, 0x93, 0x19, 0x01, 0x00, 0x00, 0x00
.long _sym_00bd0434
.byte 0x00, 0x00, 0x00, 0x00, 0x00, 0x00, 0x00, 0x00, 0x00, 0x00, 0x00, 0x00, 0x00, 0x00, 0x00, 0x00
.byte 0x00, 0x00, 0x00, 0x00, 0x01, 0x00, 0x00, 0x00
.globl _sym_00bd0460
_sym_00bd0460:
.byte 0xff, 0xff, 0xff, 0xff
.long _sym_00aaac20
.globl _sym_00bd0468
_sym_00bd0468:
.byte 0x22, 0x05, 0x93, 0x19, 0x01, 0x00, 0x00, 0x00
.long _sym_00bd0460
.byte 0x00, 0x00, 0x00, 0x00, 0x00, 0x00, 0x00, 0x00, 0x00, 0x00, 0x00, 0x00, 0x00, 0x00, 0x00, 0x00
.byte 0x00, 0x00, 0x00, 0x00, 0x01, 0x00, 0x00, 0x00
.globl _sym_00bd048c
_sym_00bd048c:
.byte 0xff, 0xff, 0xff, 0xff
.long _sym_00aaaa10
.globl _sym_00bd0494
_sym_00bd0494:
.byte 0x22, 0x05, 0x93, 0x19, 0x01, 0x00, 0x00, 0x00
.long _sym_00bd048c
.byte 0x00, 0x00, 0x00, 0x00, 0x00, 0x00, 0x00, 0x00, 0x00, 0x00, 0x00, 0x00, 0x00, 0x00, 0x00, 0x00
.byte 0x00, 0x00, 0x00, 0x00, 0x01, 0x00, 0x00, 0x00
.globl _sym_00bd04b8
_sym_00bd04b8:
.byte 0xff, 0xff, 0xff, 0xff
.long _sym_00aaaa40
.globl _sym_00bd04c0
_sym_00bd04c0:
.byte 0x22, 0x05, 0x93, 0x19, 0x01, 0x00, 0x00, 0x00
.long _sym_00bd04b8
.byte 0x00, 0x00, 0x00, 0x00, 0x00, 0x00, 0x00, 0x00, 0x00, 0x00, 0x00, 0x00, 0x00, 0x00, 0x00, 0x00
.byte 0x00, 0x00, 0x00, 0x00, 0x01, 0x00, 0x00, 0x00
.globl _sym_00bd04e4
_sym_00bd04e4:
.byte 0xff, 0xff, 0xff, 0xff
.long _sym_00aaaa70
.globl _sym_00bd04ec
_sym_00bd04ec:
.byte 0x22, 0x05, 0x93, 0x19, 0x01, 0x00, 0x00, 0x00
.long _sym_00bd04e4
.byte 0x00, 0x00, 0x00, 0x00, 0x00, 0x00, 0x00, 0x00, 0x00, 0x00, 0x00, 0x00, 0x00, 0x00, 0x00, 0x00
.byte 0x00, 0x00, 0x00, 0x00, 0x01, 0x00, 0x00, 0x00
.globl _sym_00bd0510
_sym_00bd0510:
.byte 0xff, 0xff, 0xff, 0xff
.long _sym_00aaaaa0
.globl _sym_00bd0518
_sym_00bd0518:
.byte 0x22, 0x05, 0x93, 0x19, 0x01, 0x00, 0x00, 0x00
.long _sym_00bd0510
.byte 0x00, 0x00, 0x00, 0x00, 0x00, 0x00, 0x00, 0x00, 0x00, 0x00, 0x00, 0x00, 0x00, 0x00, 0x00, 0x00
.byte 0x00, 0x00, 0x00, 0x00, 0x01, 0x00, 0x00, 0x00
.globl _sym_00bd053c
_sym_00bd053c:
.byte 0xff, 0xff, 0xff, 0xff
.long _sym_00aaaad0
.globl _sym_00bd0544
_sym_00bd0544:
.byte 0x22, 0x05, 0x93, 0x19, 0x01, 0x00, 0x00, 0x00
.long _sym_00bd053c
.byte 0x00, 0x00, 0x00, 0x00, 0x00, 0x00, 0x00, 0x00, 0x00, 0x00, 0x00, 0x00, 0x00, 0x00, 0x00, 0x00
.byte 0x00, 0x00, 0x00, 0x00, 0x01, 0x00, 0x00, 0x00
.globl _sym_00bd0568
_sym_00bd0568:
.byte 0xff, 0xff, 0xff, 0xff
.long _sym_00aaab00
.globl _sym_00bd0570
_sym_00bd0570:
.byte 0x22, 0x05, 0x93, 0x19, 0x01, 0x00, 0x00, 0x00
.long _sym_00bd0568
.byte 0x00, 0x00, 0x00, 0x00, 0x00, 0x00, 0x00, 0x00, 0x00, 0x00, 0x00, 0x00, 0x00, 0x00, 0x00, 0x00
.byte 0x00, 0x00, 0x00, 0x00, 0x01, 0x00, 0x00, 0x00
.globl _sym_00bd0594
_sym_00bd0594:
.byte 0xff, 0xff, 0xff, 0xff
.long _sym_00aaabf0
.globl _sym_00bd059c
_sym_00bd059c:
.byte 0x22, 0x05, 0x93, 0x19, 0x01, 0x00, 0x00, 0x00
.long _sym_00bd0594
.byte 0x00, 0x00, 0x00, 0x00, 0x00, 0x00, 0x00, 0x00, 0x00, 0x00, 0x00, 0x00, 0x00, 0x00, 0x00, 0x00
.byte 0x00, 0x00, 0x00, 0x00, 0x01, 0x00, 0x00, 0x00
.globl _sym_00bd05c0
_sym_00bd05c0:
.byte 0xff, 0xff, 0xff, 0xff
.long _sym_00aaabc0
.globl _sym_00bd05c8
_sym_00bd05c8:
.byte 0x22, 0x05, 0x93, 0x19, 0x01, 0x00, 0x00, 0x00
.long _sym_00bd05c0
.byte 0x00, 0x00, 0x00, 0x00, 0x00, 0x00, 0x00, 0x00, 0x00, 0x00, 0x00, 0x00, 0x00, 0x00, 0x00, 0x00
.byte 0x00, 0x00, 0x00, 0x00, 0x01, 0x00, 0x00, 0x00
.globl _sym_00bd05ec
_sym_00bd05ec:
.byte 0xff, 0xff, 0xff, 0xff
.long _sym_00aaab30
.globl _sym_00bd05f4
_sym_00bd05f4:
.byte 0x22, 0x05, 0x93, 0x19, 0x01, 0x00, 0x00, 0x00
.long _sym_00bd05ec
.byte 0x00, 0x00, 0x00, 0x00, 0x00, 0x00, 0x00, 0x00, 0x00, 0x00, 0x00, 0x00, 0x00, 0x00, 0x00, 0x00
.byte 0x00, 0x00, 0x00, 0x00, 0x01, 0x00, 0x00, 0x00
.globl _sym_00bd0618
_sym_00bd0618:
.byte 0xff, 0xff, 0xff, 0xff
.long _sym_00aaab60
.globl _sym_00bd0620
_sym_00bd0620:
.byte 0x22, 0x05, 0x93, 0x19, 0x01, 0x00, 0x00, 0x00
.long _sym_00bd0618
.byte 0x00, 0x00, 0x00, 0x00, 0x00, 0x00, 0x00, 0x00, 0x00, 0x00, 0x00, 0x00, 0x00, 0x00, 0x00, 0x00
.byte 0x00, 0x00, 0x00, 0x00, 0x01, 0x00, 0x00, 0x00
.globl _sym_00bd0644
_sym_00bd0644:
.byte 0xff, 0xff, 0xff, 0xff
.long _sym_00aaab90
.globl _sym_00bd064c
_sym_00bd064c:
.byte 0x22, 0x05, 0x93, 0x19, 0x01, 0x00, 0x00, 0x00
.long _sym_00bd0644
.byte 0x00, 0x00, 0x00, 0x00, 0x00, 0x00, 0x00, 0x00, 0x00, 0x00, 0x00, 0x00, 0x00, 0x00, 0x00, 0x00
.byte 0x00, 0x00, 0x00, 0x00, 0x01, 0x00, 0x00, 0x00
.globl _sym_00bd0670
_sym_00bd0670:
.byte 0xff, 0xff, 0xff, 0xff
.long _sym_00aabc20
.globl _sym_00bd0678
_sym_00bd0678:
.byte 0x22, 0x05, 0x93, 0x19, 0x01, 0x00, 0x00, 0x00
.long _sym_00bd0670
.byte 0x00, 0x00, 0x00, 0x00, 0x00, 0x00, 0x00, 0x00, 0x00, 0x00, 0x00, 0x00, 0x00, 0x00, 0x00, 0x00
.byte 0x00, 0x00, 0x00, 0x00, 0x01, 0x00, 0x00, 0x00
.globl _sym_00bd069c
_sym_00bd069c:
.byte 0xff, 0xff, 0xff, 0xff
.long _sym_00aabcb0
.byte 0xff, 0xff, 0xff, 0xff
.long _sym_00aabcbe
.byte 0xff, 0xff, 0xff, 0xff
.long _sym_00aabccc
.byte 0xff, 0xff, 0xff, 0xff
.long _sym_00aabcda
.globl _sym_00bd06bc
_sym_00bd06bc:
.byte 0x22, 0x05, 0x93, 0x19, 0x04, 0x00, 0x00, 0x00
.long _sym_00bd069c
.byte 0x00, 0x00, 0x00, 0x00, 0x00, 0x00, 0x00, 0x00, 0x00, 0x00, 0x00, 0x00, 0x00, 0x00, 0x00, 0x00
.byte 0x00, 0x00, 0x00, 0x00, 0x01, 0x00, 0x00, 0x00
.globl _sym_00bd06e0
_sym_00bd06e0:
.byte 0xff, 0xff, 0xff, 0xff
.long _sym_00aabc50
.globl _sym_00bd06e8
_sym_00bd06e8:
.byte 0x22, 0x05, 0x93, 0x19, 0x01, 0x00, 0x00, 0x00
.long _sym_00bd06e0
.byte 0x00, 0x00, 0x00, 0x00, 0x00, 0x00, 0x00, 0x00, 0x00, 0x00, 0x00, 0x00, 0x00, 0x00, 0x00, 0x00
.byte 0x00, 0x00, 0x00, 0x00, 0x01, 0x00, 0x00, 0x00
.globl _sym_00bd070c
_sym_00bd070c:
.byte 0xff, 0xff, 0xff, 0xff
.long _sym_00aabc80
.globl _sym_00bd0714
_sym_00bd0714:
.byte 0x22, 0x05, 0x93, 0x19, 0x01, 0x00, 0x00, 0x00
.long _sym_00bd070c
.byte 0x00, 0x00, 0x00, 0x00, 0x00, 0x00, 0x00, 0x00, 0x00, 0x00, 0x00, 0x00, 0x00, 0x00, 0x00, 0x00
.byte 0x00, 0x00, 0x00, 0x00, 0x01, 0x00, 0x00, 0x00
.globl _sym_00bd0738
_sym_00bd0738:
.byte 0x22, 0x05, 0x93, 0x19, 0x08, 0x00, 0x00, 0x00
.long _sym_00bd075c
.byte 0x00, 0x00, 0x00, 0x00, 0x00, 0x00, 0x00, 0x00, 0x00, 0x00, 0x00, 0x00, 0x00, 0x00, 0x00, 0x00
.byte 0x00, 0x00, 0x00, 0x00, 0x01, 0x00, 0x00, 0x00
.globl _sym_00bd075c
_sym_00bd075c:
.byte 0xff, 0xff, 0xff, 0xff
.long _sym_00aabfb0
.byte 0xff, 0xff, 0xff, 0xff
.long _sym_00aabfbe
.byte 0xff, 0xff, 0xff, 0xff
.long _sym_00aabfcc
.byte 0xff, 0xff, 0xff, 0xff
.long _sym_00aabfda
.byte 0x03, 0x00, 0x00, 0x00
.long _sym_00aabfe8
.byte 0x03, 0x00, 0x00, 0x00, 0x00, 0x00, 0x00, 0x00, 0x03, 0x00, 0x00, 0x00, 0x00, 0x00, 0x00, 0x00
.byte 0x03, 0x00, 0x00, 0x00, 0x00, 0x00, 0x00, 0x00
.globl _sym_00bd079c
_sym_00bd079c:
.byte 0xff, 0xff, 0xff, 0xff
.long _sym_00aabec0
.globl _sym_00bd07a4
_sym_00bd07a4:
.byte 0x22, 0x05, 0x93, 0x19, 0x01, 0x00, 0x00, 0x00
.long _sym_00bd079c
.byte 0x00, 0x00, 0x00, 0x00, 0x00, 0x00, 0x00, 0x00, 0x00, 0x00, 0x00, 0x00, 0x00, 0x00, 0x00, 0x00
.byte 0x00, 0x00, 0x00, 0x00, 0x01, 0x00, 0x00, 0x00
.globl _sym_00bd07c8
_sym_00bd07c8:
.byte 0xff, 0xff, 0xff, 0xff
.long _sym_00aac020
.byte 0xff, 0xff, 0xff, 0xff
.long _sym_00aac02e
.byte 0xff, 0xff, 0xff, 0xff
.long _sym_00aac03c
.byte 0xff, 0xff, 0xff, 0xff
.long _sym_00aac04a
.globl _sym_00bd07e8
_sym_00bd07e8:
.byte 0x22, 0x05, 0x93, 0x19, 0x04, 0x00, 0x00, 0x00
.long _sym_00bd07c8
.byte 0x00, 0x00, 0x00, 0x00, 0x00, 0x00, 0x00, 0x00, 0x00, 0x00, 0x00, 0x00, 0x00, 0x00, 0x00, 0x00
.byte 0x00, 0x00, 0x00, 0x00, 0x01, 0x00, 0x00, 0x00
.globl _sym_00bd080c
_sym_00bd080c:
.byte 0xff, 0xff, 0xff, 0xff
.long _sym_00aac0e0
.byte 0xff, 0xff, 0xff, 0xff, 0x00, 0x00, 0x00, 0x00, 0xff, 0xff, 0xff, 0xff, 0x00, 0x00, 0x00, 0x00
.byte 0xff, 0xff, 0xff, 0xff, 0x00, 0x00, 0x00, 0x00
.globl _sym_00bd082c
_sym_00bd082c:
.byte 0x22, 0x05, 0x93, 0x19, 0x04, 0x00, 0x00, 0x00
.long _sym_00bd080c
.byte 0x00, 0x00, 0x00, 0x00, 0x00, 0x00, 0x00, 0x00, 0x00, 0x00, 0x00, 0x00, 0x00, 0x00, 0x00, 0x00
.byte 0x00, 0x00, 0x00, 0x00, 0x01, 0x00, 0x00, 0x00
.globl _sym_00bd0850
_sym_00bd0850:
.byte 0xff, 0xff, 0xff, 0xff
.long _sym_00aac230
.globl _sym_00bd0858
_sym_00bd0858:
.byte 0x22, 0x05, 0x93, 0x19, 0x01, 0x00, 0x00, 0x00
.long _sym_00bd0850
.byte 0x00, 0x00, 0x00, 0x00, 0x00, 0x00, 0x00, 0x00, 0x00, 0x00, 0x00, 0x00, 0x00, 0x00, 0x00, 0x00
.byte 0x00, 0x00, 0x00, 0x00, 0x01, 0x00, 0x00, 0x00
.globl _sym_00bd087c
_sym_00bd087c:
.byte 0xff, 0xff, 0xff, 0xff
.long _sym_00aabe90
.globl _sym_00bd0884
_sym_00bd0884:
.byte 0x22, 0x05, 0x93, 0x19, 0x01, 0x00, 0x00, 0x00
.long _sym_00bd087c
.byte 0x00, 0x00, 0x00, 0x00, 0x00, 0x00, 0x00, 0x00, 0x00, 0x00, 0x00, 0x00, 0x00, 0x00, 0x00, 0x00
.byte 0x00, 0x00, 0x00, 0x00, 0x01, 0x00, 0x00, 0x00
.globl _sym_00bd08a8
_sym_00bd08a8:
.byte 0xff, 0xff, 0xff, 0xff
.long _sym_00aac200
.globl _sym_00bd08b0
_sym_00bd08b0:
.byte 0x22, 0x05, 0x93, 0x19, 0x01, 0x00, 0x00, 0x00
.long _sym_00bd08a8
.byte 0x00, 0x00, 0x00, 0x00, 0x00, 0x00, 0x00, 0x00, 0x00, 0x00, 0x00, 0x00, 0x00, 0x00, 0x00, 0x00
.byte 0x00, 0x00, 0x00, 0x00, 0x01, 0x00, 0x00, 0x00
.globl _sym_00bd08d4
_sym_00bd08d4:
.byte 0xff, 0xff, 0xff, 0xff
.long _sym_00aabef0
.globl _sym_00bd08dc
_sym_00bd08dc:
.byte 0x22, 0x05, 0x93, 0x19, 0x01, 0x00, 0x00, 0x00
.long _sym_00bd08d4
.byte 0x00, 0x00, 0x00, 0x00, 0x00, 0x00, 0x00, 0x00, 0x00, 0x00, 0x00, 0x00, 0x00, 0x00, 0x00, 0x00
.byte 0x00, 0x00, 0x00, 0x00, 0x01, 0x00, 0x00, 0x00
.globl _sym_00bd0900
_sym_00bd0900:
.byte 0xff, 0xff, 0xff, 0xff
.long _sym_00aabf20
.globl _sym_00bd0908
_sym_00bd0908:
.byte 0x22, 0x05, 0x93, 0x19, 0x01, 0x00, 0x00, 0x00
.long _sym_00bd0900
.byte 0x00, 0x00, 0x00, 0x00, 0x00, 0x00, 0x00, 0x00, 0x00, 0x00, 0x00, 0x00, 0x00, 0x00, 0x00, 0x00
.byte 0x00, 0x00, 0x00, 0x00, 0x01, 0x00, 0x00, 0x00
.globl _sym_00bd092c
_sym_00bd092c:
.byte 0xff, 0xff, 0xff, 0xff
.long _sym_00aabf80
.globl _sym_00bd0934
_sym_00bd0934:
.byte 0x22, 0x05, 0x93, 0x19, 0x01, 0x00, 0x00, 0x00
.long _sym_00bd092c
.byte 0x00, 0x00, 0x00, 0x00, 0x00, 0x00, 0x00, 0x00, 0x00, 0x00, 0x00, 0x00, 0x00, 0x00, 0x00, 0x00
.byte 0x00, 0x00, 0x00, 0x00, 0x01, 0x00, 0x00, 0x00
.globl _sym_00bd0958
_sym_00bd0958:
.byte 0xff, 0xff, 0xff, 0xff
.long _sym_00aabdd0
.byte 0xff, 0xff, 0xff, 0xff, 0x00, 0x00, 0x00, 0x00, 0xff, 0xff, 0xff, 0xff, 0x00, 0x00, 0x00, 0x00
.byte 0xff, 0xff, 0xff, 0xff, 0x00, 0x00, 0x00, 0x00
.globl _sym_00bd0978
_sym_00bd0978:
.byte 0x22, 0x05, 0x93, 0x19, 0x04, 0x00, 0x00, 0x00
.long _sym_00bd0958
.byte 0x00, 0x00, 0x00, 0x00, 0x00, 0x00, 0x00, 0x00, 0x00, 0x00, 0x00, 0x00, 0x00, 0x00, 0x00, 0x00
.byte 0x00, 0x00, 0x00, 0x00, 0x01, 0x00, 0x00, 0x00
.globl _sym_00bd099c
_sym_00bd099c:
.byte 0xff, 0xff, 0xff, 0xff
.long _sym_00aabf50
.globl _sym_00bd09a4
_sym_00bd09a4:
.byte 0x22, 0x05, 0x93, 0x19, 0x01, 0x00, 0x00, 0x00
.long _sym_00bd099c
.byte 0x00, 0x00, 0x00, 0x00, 0x00, 0x00, 0x00, 0x00, 0x00, 0x00, 0x00, 0x00, 0x00, 0x00, 0x00, 0x00
.byte 0x00, 0x00, 0x00, 0x00, 0x01, 0x00, 0x00, 0x00
.globl _sym_00bd09c8
_sym_00bd09c8:
.byte 0xff, 0xff, 0xff, 0xff
.long _sym_00aabe60
.globl _sym_00bd09d0
_sym_00bd09d0:
.byte 0x22, 0x05, 0x93, 0x19, 0x01, 0x00, 0x00, 0x00
.long _sym_00bd09c8
.byte 0x00, 0x00, 0x00, 0x00, 0x00, 0x00, 0x00, 0x00, 0x00, 0x00, 0x00, 0x00, 0x00, 0x00, 0x00, 0x00
.byte 0x00, 0x00, 0x00, 0x00, 0x01, 0x00, 0x00, 0x00
.globl _sym_00bd09f4
_sym_00bd09f4:
.byte 0xff, 0xff, 0xff, 0xff
.long _sym_00aabd70
.byte 0xff, 0xff, 0xff, 0xff, 0x00, 0x00, 0x00, 0x00, 0xff, 0xff, 0xff, 0xff, 0x00, 0x00, 0x00, 0x00
.byte 0xff, 0xff, 0xff, 0xff, 0x00, 0x00, 0x00, 0x00
.globl _sym_00bd0a14
_sym_00bd0a14:
.byte 0x22, 0x05, 0x93, 0x19, 0x04, 0x00, 0x00, 0x00
.long _sym_00bd09f4
.byte 0x00, 0x00, 0x00, 0x00, 0x00, 0x00, 0x00, 0x00, 0x00, 0x00, 0x00, 0x00, 0x00, 0x00, 0x00, 0x00
.byte 0x00, 0x00, 0x00, 0x00, 0x01, 0x00, 0x00, 0x00
.globl _sym_00bd0a38
_sym_00bd0a38:
.byte 0xff, 0xff, 0xff, 0xff
.long _sym_00aabe00
.byte 0xff, 0xff, 0xff, 0xff, 0x00, 0x00, 0x00, 0x00, 0xff, 0xff, 0xff, 0xff, 0x00, 0x00, 0x00, 0x00
.byte 0xff, 0xff, 0xff, 0xff, 0x00, 0x00, 0x00, 0x00
.globl _sym_00bd0a58
_sym_00bd0a58:
.byte 0x22, 0x05, 0x93, 0x19, 0x04, 0x00, 0x00, 0x00
.long _sym_00bd0a38
.byte 0x00, 0x00, 0x00, 0x00, 0x00, 0x00, 0x00, 0x00, 0x00, 0x00, 0x00, 0x00, 0x00, 0x00, 0x00, 0x00
.byte 0x00, 0x00, 0x00, 0x00, 0x01, 0x00, 0x00, 0x00
.globl _sym_00bd0a7c
_sym_00bd0a7c:
.byte 0xff, 0xff, 0xff, 0xff
.long _sym_00aabe30
.byte 0xff, 0xff, 0xff, 0xff, 0x00, 0x00, 0x00, 0x00, 0xff, 0xff, 0xff, 0xff, 0x00, 0x00, 0x00, 0x00
.byte 0xff, 0xff, 0xff, 0xff, 0x00, 0x00, 0x00, 0x00
.globl _sym_00bd0a9c
_sym_00bd0a9c:
.byte 0x22, 0x05, 0x93, 0x19, 0x04, 0x00, 0x00, 0x00
.long _sym_00bd0a7c
.byte 0x00, 0x00, 0x00, 0x00, 0x00, 0x00, 0x00, 0x00, 0x00, 0x00, 0x00, 0x00, 0x00, 0x00, 0x00, 0x00
.byte 0x00, 0x00, 0x00, 0x00, 0x01, 0x00, 0x00, 0x00
.globl _sym_00bd0ac0
_sym_00bd0ac0:
.byte 0xff, 0xff, 0xff, 0xff
.long _sym_00aac080
.byte 0xff, 0xff, 0xff, 0xff, 0x00, 0x00, 0x00, 0x00, 0xff, 0xff, 0xff, 0xff, 0x00, 0x00, 0x00, 0x00
.byte 0xff, 0xff, 0xff, 0xff, 0x00, 0x00, 0x00, 0x00
.globl _sym_00bd0ae0
_sym_00bd0ae0:
.byte 0x22, 0x05, 0x93, 0x19, 0x04, 0x00, 0x00, 0x00
.long _sym_00bd0ac0
.byte 0x00, 0x00, 0x00, 0x00, 0x00, 0x00, 0x00, 0x00, 0x00, 0x00, 0x00, 0x00, 0x00, 0x00, 0x00, 0x00
.byte 0x00, 0x00, 0x00, 0x00, 0x01, 0x00, 0x00, 0x00
.globl _sym_00bd0b04
_sym_00bd0b04:
.byte 0xff, 0xff, 0xff, 0xff
.long _sym_00aac140
.byte 0xff, 0xff, 0xff, 0xff, 0x00, 0x00, 0x00, 0x00, 0xff, 0xff, 0xff, 0xff, 0x00, 0x00, 0x00, 0x00
.byte 0xff, 0xff, 0xff, 0xff, 0x00, 0x00, 0x00, 0x00
.globl _sym_00bd0b24
_sym_00bd0b24:
.byte 0x22, 0x05, 0x93, 0x19, 0x04, 0x00, 0x00, 0x00
.long _sym_00bd0b04
.byte 0x00, 0x00, 0x00, 0x00, 0x00, 0x00, 0x00, 0x00, 0x00, 0x00, 0x00, 0x00, 0x00, 0x00, 0x00, 0x00
.byte 0x00, 0x00, 0x00, 0x00, 0x01, 0x00, 0x00, 0x00
.globl _sym_00bd0b48
_sym_00bd0b48:
.byte 0xff, 0xff, 0xff, 0xff
.long _sym_00aabd10
.byte 0xff, 0xff, 0xff, 0xff, 0x00, 0x00, 0x00, 0x00, 0xff, 0xff, 0xff, 0xff, 0x00, 0x00, 0x00, 0x00
.byte 0xff, 0xff, 0xff, 0xff, 0x00, 0x00, 0x00, 0x00
.globl _sym_00bd0b68
_sym_00bd0b68:
.byte 0x22, 0x05, 0x93, 0x19, 0x04, 0x00, 0x00, 0x00
.long _sym_00bd0b48
.byte 0x00, 0x00, 0x00, 0x00, 0x00, 0x00, 0x00, 0x00, 0x00, 0x00, 0x00, 0x00, 0x00, 0x00, 0x00, 0x00
.byte 0x00, 0x00, 0x00, 0x00, 0x01, 0x00, 0x00, 0x00
.globl _sym_00bd0b8c
_sym_00bd0b8c:
.byte 0xff, 0xff, 0xff, 0xff
.long _sym_00aabda0
.byte 0xff, 0xff, 0xff, 0xff, 0x00, 0x00, 0x00, 0x00, 0xff, 0xff, 0xff, 0xff, 0x00, 0x00, 0x00, 0x00
.byte 0xff, 0xff, 0xff, 0xff, 0x00, 0x00, 0x00, 0x00
.globl _sym_00bd0bac
_sym_00bd0bac:
.byte 0x22, 0x05, 0x93, 0x19, 0x04, 0x00, 0x00, 0x00
.long _sym_00bd0b8c
.byte 0x00, 0x00, 0x00, 0x00, 0x00, 0x00, 0x00, 0x00, 0x00, 0x00, 0x00, 0x00, 0x00, 0x00, 0x00, 0x00
.byte 0x00, 0x00, 0x00, 0x00, 0x01, 0x00, 0x00, 0x00
.globl _sym_00bd0bd0
_sym_00bd0bd0:
.byte 0xff, 0xff, 0xff, 0xff
.long _sym_00aac0b0
.byte 0xff, 0xff, 0xff, 0xff, 0x00, 0x00, 0x00, 0x00, 0xff, 0xff, 0xff, 0xff, 0x00, 0x00, 0x00, 0x00
.byte 0xff, 0xff, 0xff, 0xff, 0x00, 0x00, 0x00, 0x00
.globl _sym_00bd0bf0
_sym_00bd0bf0:
.byte 0x22, 0x05, 0x93, 0x19, 0x04, 0x00, 0x00, 0x00
.long _sym_00bd0bd0
.byte 0x00, 0x00, 0x00, 0x00, 0x00, 0x00, 0x00, 0x00, 0x00, 0x00, 0x00, 0x00, 0x00, 0x00, 0x00, 0x00
.byte 0x00, 0x00, 0x00, 0x00, 0x01, 0x00, 0x00, 0x00
.globl _sym_00bd0c14
_sym_00bd0c14:
.byte 0xff, 0xff, 0xff, 0xff
.long _sym_00aac1a0
.byte 0xff, 0xff, 0xff, 0xff, 0x00, 0x00, 0x00, 0x00, 0xff, 0xff, 0xff, 0xff, 0x00, 0x00, 0x00, 0x00
.byte 0xff, 0xff, 0xff, 0xff, 0x00, 0x00, 0x00, 0x00
.globl _sym_00bd0c34
_sym_00bd0c34:
.byte 0x22, 0x05, 0x93, 0x19, 0x04, 0x00, 0x00, 0x00
.long _sym_00bd0c14
.byte 0x00, 0x00, 0x00, 0x00, 0x00, 0x00, 0x00, 0x00, 0x00, 0x00, 0x00, 0x00, 0x00, 0x00, 0x00, 0x00
.byte 0x00, 0x00, 0x00, 0x00, 0x01, 0x00, 0x00, 0x00
.globl _sym_00bd0c58
_sym_00bd0c58:
.byte 0xff, 0xff, 0xff, 0xff
.long _sym_00aac1d0
.byte 0xff, 0xff, 0xff, 0xff, 0x00, 0x00, 0x00, 0x00, 0xff, 0xff, 0xff, 0xff, 0x00, 0x00, 0x00, 0x00
.byte 0xff, 0xff, 0xff, 0xff, 0x00, 0x00, 0x00, 0x00
.globl _sym_00bd0c78
_sym_00bd0c78:
.byte 0x22, 0x05, 0x93, 0x19, 0x04, 0x00, 0x00, 0x00
.long _sym_00bd0c58
.byte 0x00, 0x00, 0x00, 0x00, 0x00, 0x00, 0x00, 0x00, 0x00, 0x00, 0x00, 0x00, 0x00, 0x00, 0x00, 0x00
.byte 0x00, 0x00, 0x00, 0x00, 0x01, 0x00, 0x00, 0x00
.globl _sym_00bd0c9c
_sym_00bd0c9c:
.byte 0xff, 0xff, 0xff, 0xff
.long _sym_00aabd40
.byte 0xff, 0xff, 0xff, 0xff, 0x00, 0x00, 0x00, 0x00, 0xff, 0xff, 0xff, 0xff, 0x00, 0x00, 0x00, 0x00
.byte 0xff, 0xff, 0xff, 0xff, 0x00, 0x00, 0x00, 0x00
.globl _sym_00bd0cbc
_sym_00bd0cbc:
.byte 0x22, 0x05, 0x93, 0x19, 0x04, 0x00, 0x00, 0x00
.long _sym_00bd0c9c
.byte 0x00, 0x00, 0x00, 0x00, 0x00, 0x00, 0x00, 0x00, 0x00, 0x00, 0x00, 0x00, 0x00, 0x00, 0x00, 0x00
.byte 0x00, 0x00, 0x00, 0x00, 0x01, 0x00, 0x00, 0x00
.globl _sym_00bd0ce0
_sym_00bd0ce0:
.byte 0xff, 0xff, 0xff, 0xff
.long _sym_00aac170
.byte 0xff, 0xff, 0xff, 0xff, 0x00, 0x00, 0x00, 0x00, 0xff, 0xff, 0xff, 0xff, 0x00, 0x00, 0x00, 0x00
.byte 0xff, 0xff, 0xff, 0xff, 0x00, 0x00, 0x00, 0x00
.globl _sym_00bd0d00
_sym_00bd0d00:
.byte 0x22, 0x05, 0x93, 0x19, 0x04, 0x00, 0x00, 0x00
.long _sym_00bd0ce0
.byte 0x00, 0x00, 0x00, 0x00, 0x00, 0x00, 0x00, 0x00, 0x00, 0x00, 0x00, 0x00, 0x00, 0x00, 0x00, 0x00
.byte 0x00, 0x00, 0x00, 0x00, 0x01, 0x00, 0x00, 0x00
.globl _sym_00bd0d24
_sym_00bd0d24:
.byte 0xff, 0xff, 0xff, 0xff
.long _sym_00aac110
.byte 0xff, 0xff, 0xff, 0xff, 0x00, 0x00, 0x00, 0x00, 0xff, 0xff, 0xff, 0xff, 0x00, 0x00, 0x00, 0x00
.byte 0xff, 0xff, 0xff, 0xff, 0x00, 0x00, 0x00, 0x00
.globl _sym_00bd0d44
_sym_00bd0d44:
.byte 0x22, 0x05, 0x93, 0x19, 0x04, 0x00, 0x00, 0x00
.long _sym_00bd0d24
.byte 0x00, 0x00, 0x00, 0x00, 0x00, 0x00, 0x00, 0x00, 0x00, 0x00, 0x00, 0x00, 0x00, 0x00, 0x00, 0x00
.byte 0x00, 0x00, 0x00, 0x00, 0x01, 0x00, 0x00, 0x00
.globl _sym_00bd0d68
_sym_00bd0d68:
.byte 0x22, 0x05, 0x93, 0x19, 0x0c, 0x00, 0x00, 0x00
.long _sym_00bd0d8c
.byte 0x00, 0x00, 0x00, 0x00, 0x00, 0x00, 0x00, 0x00, 0x00, 0x00, 0x00, 0x00, 0x00, 0x00, 0x00, 0x00
.byte 0x00, 0x00, 0x00, 0x00, 0x01, 0x00, 0x00, 0x00
.globl _sym_00bd0d8c
_sym_00bd0d8c:
.byte 0xff, 0xff, 0xff, 0xff
.long _sym_00aac3b0
.byte 0xff, 0xff, 0xff, 0xff
.long _sym_00aac3be
.byte 0xff, 0xff, 0xff, 0xff
.long _sym_00aac3cc
.byte 0x02, 0x00, 0x00, 0x00
.long _sym_00aac3da
.byte 0x02, 0x00, 0x00, 0x00, 0x00, 0x00, 0x00, 0x00, 0x02, 0x00, 0x00, 0x00, 0x00, 0x00, 0x00, 0x00
.byte 0x02, 0x00, 0x00, 0x00, 0x00, 0x00, 0x00, 0x00, 0xff, 0xff, 0xff, 0xff
.long _sym_00aac3e8
.byte 0x07, 0x00, 0x00, 0x00
.long _sym_00aac3f6
.byte 0x07, 0x00, 0x00, 0x00, 0x00, 0x00, 0x00, 0x00, 0x07, 0x00, 0x00, 0x00, 0x00, 0x00, 0x00, 0x00
.byte 0x07, 0x00, 0x00, 0x00, 0x00, 0x00, 0x00, 0x00
.globl _sym_00bd0dec
_sym_00bd0dec:
.byte 0xff, 0xff, 0xff, 0xff
.long _sym_00aac320
.globl _sym_00bd0df4
_sym_00bd0df4:
.byte 0x22, 0x05, 0x93, 0x19, 0x01, 0x00, 0x00, 0x00
.long _sym_00bd0dec
.byte 0x00, 0x00, 0x00, 0x00, 0x00, 0x00, 0x00, 0x00, 0x00, 0x00, 0x00, 0x00, 0x00, 0x00, 0x00, 0x00
.byte 0x00, 0x00, 0x00, 0x00, 0x01, 0x00, 0x00, 0x00
.globl _sym_00bd0e18
_sym_00bd0e18:
.byte 0xff, 0xff, 0xff, 0xff
.long _sym_00aac350
.globl _sym_00bd0e20
_sym_00bd0e20:
.byte 0x22, 0x05, 0x93, 0x19, 0x01, 0x00, 0x00, 0x00
.long _sym_00bd0e18
.byte 0x00, 0x00, 0x00, 0x00, 0x00, 0x00, 0x00, 0x00, 0x00, 0x00, 0x00, 0x00, 0x00, 0x00, 0x00, 0x00
.byte 0x00, 0x00, 0x00, 0x00, 0x01, 0x00, 0x00, 0x00
.globl _sym_00bd0e44
_sym_00bd0e44:
.byte 0xff, 0xff, 0xff, 0xff
.long _sym_00aac380
.globl _sym_00bd0e4c
_sym_00bd0e4c:
.byte 0x22, 0x05, 0x93, 0x19, 0x01, 0x00, 0x00, 0x00
.long _sym_00bd0e44
.byte 0x00, 0x00, 0x00, 0x00, 0x00, 0x00, 0x00, 0x00, 0x00, 0x00, 0x00, 0x00, 0x00, 0x00, 0x00, 0x00
.byte 0x00, 0x00, 0x00, 0x00, 0x01, 0x00, 0x00, 0x00
.globl _sym_00bd0e70
_sym_00bd0e70:
.byte 0xff, 0xff, 0xff, 0xff
.long _sym_00aac260
.byte 0xff, 0xff, 0xff, 0xff, 0x00, 0x00, 0x00, 0x00, 0xff, 0xff, 0xff, 0xff, 0x00, 0x00, 0x00, 0x00
.byte 0xff, 0xff, 0xff, 0xff, 0x00, 0x00, 0x00, 0x00
.globl _sym_00bd0e90
_sym_00bd0e90:
.byte 0x22, 0x05, 0x93, 0x19, 0x04, 0x00, 0x00, 0x00
.long _sym_00bd0e70
.byte 0x00, 0x00, 0x00, 0x00, 0x00, 0x00, 0x00, 0x00, 0x00, 0x00, 0x00, 0x00, 0x00, 0x00, 0x00, 0x00
.byte 0x00, 0x00, 0x00, 0x00, 0x01, 0x00, 0x00, 0x00
.globl _sym_00bd0eb4
_sym_00bd0eb4:
.byte 0xff, 0xff, 0xff, 0xff
.long _sym_00aac2c0
.byte 0xff, 0xff, 0xff, 0xff, 0x00, 0x00, 0x00, 0x00, 0xff, 0xff, 0xff, 0xff, 0x00, 0x00, 0x00, 0x00
.byte 0xff, 0xff, 0xff, 0xff, 0x00, 0x00, 0x00, 0x00
.globl _sym_00bd0ed4
_sym_00bd0ed4:
.byte 0x22, 0x05, 0x93, 0x19, 0x04, 0x00, 0x00, 0x00
.long _sym_00bd0eb4
.byte 0x00, 0x00, 0x00, 0x00, 0x00, 0x00, 0x00, 0x00, 0x00, 0x00, 0x00, 0x00, 0x00, 0x00, 0x00, 0x00
.byte 0x00, 0x00, 0x00, 0x00, 0x01, 0x00, 0x00, 0x00
.globl _sym_00bd0ef8
_sym_00bd0ef8:
.byte 0xff, 0xff, 0xff, 0xff
.long _sym_00aac290
.byte 0xff, 0xff, 0xff, 0xff, 0x00, 0x00, 0x00, 0x00, 0xff, 0xff, 0xff, 0xff, 0x00, 0x00, 0x00, 0x00
.byte 0xff, 0xff, 0xff, 0xff, 0x00, 0x00, 0x00, 0x00
.globl _sym_00bd0f18
_sym_00bd0f18:
.byte 0x22, 0x05, 0x93, 0x19, 0x04, 0x00, 0x00, 0x00
.long _sym_00bd0ef8
.byte 0x00, 0x00, 0x00, 0x00, 0x00, 0x00, 0x00, 0x00, 0x00, 0x00, 0x00, 0x00, 0x00, 0x00, 0x00, 0x00
.byte 0x00, 0x00, 0x00, 0x00, 0x01, 0x00, 0x00, 0x00
.globl _sym_00bd0f3c
_sym_00bd0f3c:
.byte 0xff, 0xff, 0xff, 0xff
.long _sym_00aac2f0
.byte 0xff, 0xff, 0xff, 0xff, 0x00, 0x00, 0x00, 0x00, 0xff, 0xff, 0xff, 0xff, 0x00, 0x00, 0x00, 0x00
.byte 0xff, 0xff, 0xff, 0xff, 0x00, 0x00, 0x00, 0x00
.globl _sym_00bd0f5c
_sym_00bd0f5c:
.byte 0x22, 0x05, 0x93, 0x19, 0x04, 0x00, 0x00, 0x00
.long _sym_00bd0f3c
.byte 0x00, 0x00, 0x00, 0x00, 0x00, 0x00, 0x00, 0x00, 0x00, 0x00, 0x00, 0x00, 0x00, 0x00, 0x00, 0x00
.byte 0x00, 0x00, 0x00, 0x00, 0x01, 0x00, 0x00, 0x00
.globl _sym_00bd0f80
_sym_00bd0f80:
.byte 0x22, 0x05, 0x93, 0x19, 0x05, 0x00, 0x00, 0x00
.long _sym_00bd0fa4
.byte 0x00, 0x00, 0x00, 0x00, 0x00, 0x00, 0x00, 0x00, 0x00, 0x00, 0x00, 0x00, 0x00, 0x00, 0x00, 0x00
.byte 0x00, 0x00, 0x00, 0x00, 0x01, 0x00, 0x00, 0x00
.globl _sym_00bd0fa4
_sym_00bd0fa4:
.byte 0xff, 0xff, 0xff, 0xff
.long _sym_00aac540
.byte 0xff, 0xff, 0xff, 0xff
.long _sym_00aac54e
.byte 0xff, 0xff, 0xff, 0xff
.long _sym_00aac55c
.byte 0xff, 0xff, 0xff, 0xff
.long _sym_00aac56a
.byte 0xff, 0xff, 0xff, 0xff
.long _sym_00aac578
.globl _sym_00bd0fcc
_sym_00bd0fcc:
.byte 0xff, 0xff, 0xff, 0xff
.long _sym_00aac450
.globl _sym_00bd0fd4
_sym_00bd0fd4:
.byte 0x22, 0x05, 0x93, 0x19, 0x01, 0x00, 0x00, 0x00
.long _sym_00bd0fcc
.byte 0x00, 0x00, 0x00, 0x00, 0x00, 0x00, 0x00, 0x00, 0x00, 0x00, 0x00, 0x00, 0x00, 0x00, 0x00, 0x00
.byte 0x00, 0x00, 0x00, 0x00, 0x01, 0x00, 0x00, 0x00
.globl _sym_00bd0ff8
_sym_00bd0ff8:
.byte 0xff, 0xff, 0xff, 0xff
.long _sym_00aac5e0
.globl _sym_00bd1000
_sym_00bd1000:
.byte 0x22, 0x05, 0x93, 0x19, 0x01, 0x00, 0x00, 0x00
.long _sym_00bd0ff8
.byte 0x00, 0x00, 0x00, 0x00, 0x00, 0x00, 0x00, 0x00, 0x00, 0x00, 0x00, 0x00, 0x00, 0x00, 0x00, 0x00
.byte 0x00, 0x00, 0x00, 0x00, 0x01, 0x00, 0x00, 0x00
.globl _sym_00bd1024
_sym_00bd1024:
.byte 0xff, 0xff, 0xff, 0xff
.long _sym_00aac420
.globl _sym_00bd102c
_sym_00bd102c:
.byte 0x22, 0x05, 0x93, 0x19, 0x01, 0x00, 0x00, 0x00
.long _sym_00bd1024
.byte 0x00, 0x00, 0x00, 0x00, 0x00, 0x00, 0x00, 0x00, 0x00, 0x00, 0x00, 0x00, 0x00, 0x00, 0x00, 0x00
.byte 0x00, 0x00, 0x00, 0x00, 0x01, 0x00, 0x00, 0x00
.globl _sym_00bd1050
_sym_00bd1050:
.byte 0xff, 0xff, 0xff, 0xff
.long _sym_00aac5b0
.globl _sym_00bd1058
_sym_00bd1058:
.byte 0x22, 0x05, 0x93, 0x19, 0x01, 0x00, 0x00, 0x00
.long _sym_00bd1050
.byte 0x00, 0x00, 0x00, 0x00, 0x00, 0x00, 0x00, 0x00, 0x00, 0x00, 0x00, 0x00, 0x00, 0x00, 0x00, 0x00
.byte 0x00, 0x00, 0x00, 0x00, 0x01, 0x00, 0x00, 0x00
.globl _sym_00bd107c
_sym_00bd107c:
.byte 0xff, 0xff, 0xff, 0xff
.long _sym_00aac480
.globl _sym_00bd1084
_sym_00bd1084:
.byte 0x22, 0x05, 0x93, 0x19, 0x01, 0x00, 0x00, 0x00
.long _sym_00bd107c
.byte 0x00, 0x00, 0x00, 0x00, 0x00, 0x00, 0x00, 0x00, 0x00, 0x00, 0x00, 0x00, 0x00, 0x00, 0x00, 0x00
.byte 0x00, 0x00, 0x00, 0x00, 0x01, 0x00, 0x00, 0x00
.globl _sym_00bd10a8
_sym_00bd10a8:
.byte 0xff, 0xff, 0xff, 0xff
.long _sym_00aac4b0
.globl _sym_00bd10b0
_sym_00bd10b0:
.byte 0x22, 0x05, 0x93, 0x19, 0x01, 0x00, 0x00, 0x00
.long _sym_00bd10a8
.byte 0x00, 0x00, 0x00, 0x00, 0x00, 0x00, 0x00, 0x00, 0x00, 0x00, 0x00, 0x00, 0x00, 0x00, 0x00, 0x00
.byte 0x00, 0x00, 0x00, 0x00, 0x01, 0x00, 0x00, 0x00
.globl _sym_00bd10d4
_sym_00bd10d4:
.byte 0xff, 0xff, 0xff, 0xff
.long _sym_00aac510
.globl _sym_00bd10dc
_sym_00bd10dc:
.byte 0x22, 0x05, 0x93, 0x19, 0x01, 0x00, 0x00, 0x00
.long _sym_00bd10d4
.byte 0x00, 0x00, 0x00, 0x00, 0x00, 0x00, 0x00, 0x00, 0x00, 0x00, 0x00, 0x00, 0x00, 0x00, 0x00, 0x00
.byte 0x00, 0x00, 0x00, 0x00, 0x01, 0x00, 0x00, 0x00
.globl _sym_00bd1100
_sym_00bd1100:
.byte 0xff, 0xff, 0xff, 0xff
.long _sym_00aac4e0
.globl _sym_00bd1108
_sym_00bd1108:
.byte 0x22, 0x05, 0x93, 0x19, 0x01, 0x00, 0x00, 0x00
.long _sym_00bd1100
.byte 0x00, 0x00, 0x00, 0x00, 0x00, 0x00, 0x00, 0x00, 0x00, 0x00, 0x00, 0x00, 0x00, 0x00, 0x00, 0x00
.byte 0x00, 0x00, 0x00, 0x00, 0x01, 0x00, 0x00, 0x00
.globl _sym_00bd112c
_sym_00bd112c:
.byte 0xff, 0xff, 0xff, 0xff
.long _sym_00aac860
.globl _sym_00bd1134
_sym_00bd1134:
.byte 0x22, 0x05, 0x93, 0x19, 0x01, 0x00, 0x00, 0x00
.long _sym_00bd112c
.byte 0x00, 0x00, 0x00, 0x00, 0x00, 0x00, 0x00, 0x00, 0x00, 0x00, 0x00, 0x00, 0x00, 0x00, 0x00, 0x00
.byte 0x00, 0x00, 0x00, 0x00, 0x01, 0x00, 0x00, 0x00
.globl _sym_00bd1158
_sym_00bd1158:
.byte 0xff, 0xff, 0xff, 0xff
.long _sym_00aac9c0
.byte 0xff, 0xff, 0xff, 0xff
.long _sym_00aac9ce
.globl _sym_00bd1168
_sym_00bd1168:
.byte 0x22, 0x05, 0x93, 0x19, 0x02, 0x00, 0x00, 0x00
.long _sym_00bd1158
.byte 0x00, 0x00, 0x00, 0x00, 0x00, 0x00, 0x00, 0x00, 0x00, 0x00, 0x00, 0x00, 0x00, 0x00, 0x00, 0x00
.byte 0x00, 0x00, 0x00, 0x00, 0x01, 0x00, 0x00, 0x00
.globl _sym_00bd118c
_sym_00bd118c:
.byte 0xff, 0xff, 0xff, 0xff
.long _sym_00aac830
.globl _sym_00bd1194
_sym_00bd1194:
.byte 0x22, 0x05, 0x93, 0x19, 0x01, 0x00, 0x00, 0x00
.long _sym_00bd118c
.byte 0x00, 0x00, 0x00, 0x00, 0x00, 0x00, 0x00, 0x00, 0x00, 0x00, 0x00, 0x00, 0x00, 0x00, 0x00, 0x00
.byte 0x00, 0x00, 0x00, 0x00, 0x01, 0x00, 0x00, 0x00
.globl _sym_00bd11b8
_sym_00bd11b8:
.byte 0x22, 0x05, 0x93, 0x19, 0x0c, 0x00, 0x00, 0x00
.long _sym_00bd11dc
.byte 0x00, 0x00, 0x00, 0x00, 0x00, 0x00, 0x00, 0x00, 0x00, 0x00, 0x00, 0x00, 0x00, 0x00, 0x00, 0x00
.byte 0x00, 0x00, 0x00, 0x00, 0x01, 0x00, 0x00, 0x00
.globl _sym_00bd11dc
_sym_00bd11dc:
.byte 0xff, 0xff, 0xff, 0xff
.long _sym_00aac920
.byte 0xff, 0xff, 0xff, 0xff
.long _sym_00aac92e
.byte 0xff, 0xff, 0xff, 0xff
.long _sym_00aac93c
.byte 0x02, 0x00, 0x00, 0x00
.long _sym_00aac94a
.byte 0x02, 0x00, 0x00, 0x00, 0x00, 0x00, 0x00, 0x00, 0x02, 0x00, 0x00, 0x00, 0x00, 0x00, 0x00, 0x00
.byte 0x02, 0x00, 0x00, 0x00, 0x00, 0x00, 0x00, 0x00, 0xff, 0xff, 0xff, 0xff
.long _sym_00aac958
.byte 0xff, 0xff, 0xff, 0xff
.long _sym_00aac966
.byte 0xff, 0xff, 0xff, 0xff
.long _sym_00aac974
.byte 0xff, 0xff, 0xff, 0xff
.long _sym_00aac982
.byte 0xff, 0xff, 0xff, 0xff
.long _sym_00aac990
.globl _sym_00bd123c
_sym_00bd123c:
.byte 0xff, 0xff, 0xff, 0xff
.long _sym_00aac800
.globl _sym_00bd1244
_sym_00bd1244:
.byte 0x22, 0x05, 0x93, 0x19, 0x01, 0x00, 0x00, 0x00
.long _sym_00bd123c
.byte 0x00, 0x00, 0x00, 0x00, 0x00, 0x00, 0x00, 0x00, 0x00, 0x00, 0x00, 0x00, 0x00, 0x00, 0x00, 0x00
.byte 0x00, 0x00, 0x00, 0x00, 0x01, 0x00, 0x00, 0x00
.globl _sym_00bd1268
_sym_00bd1268:
.byte 0xff, 0xff, 0xff, 0xff
.long _sym_00aaca00
.byte 0xff, 0xff, 0xff, 0xff
.long _sym_00aaca0e
.byte 0xff, 0xff, 0xff, 0xff
.long _sym_00aaca1c
.byte 0xff, 0xff, 0xff, 0xff
.long _sym_00aaca2a
.globl _sym_00bd1288
_sym_00bd1288:
.byte 0x22, 0x05, 0x93, 0x19, 0x04, 0x00, 0x00, 0x00
.long _sym_00bd1268
.byte 0x00, 0x00, 0x00, 0x00, 0x00, 0x00, 0x00, 0x00, 0x00, 0x00, 0x00, 0x00, 0x00, 0x00, 0x00, 0x00
.byte 0x00, 0x00, 0x00, 0x00, 0x01, 0x00, 0x00, 0x00
.globl _sym_00bd12ac
_sym_00bd12ac:
.byte 0xff, 0xff, 0xff, 0xff
.long _sym_00aacac0
.byte 0xff, 0xff, 0xff, 0xff, 0x00, 0x00, 0x00, 0x00, 0xff, 0xff, 0xff, 0xff, 0x00, 0x00, 0x00, 0x00
.byte 0xff, 0xff, 0xff, 0xff, 0x00, 0x00, 0x00, 0x00
.globl _sym_00bd12cc
_sym_00bd12cc:
.byte 0x22, 0x05, 0x93, 0x19, 0x04, 0x00, 0x00, 0x00
.long _sym_00bd12ac
.byte 0x00, 0x00, 0x00, 0x00, 0x00, 0x00, 0x00, 0x00, 0x00, 0x00, 0x00, 0x00, 0x00, 0x00, 0x00, 0x00
.byte 0x00, 0x00, 0x00, 0x00, 0x01, 0x00, 0x00, 0x00
.globl _sym_00bd12f0
_sym_00bd12f0:
.byte 0xff, 0xff, 0xff, 0xff
.long _sym_00aacc10
.byte 0x00, 0x00, 0x00, 0x00
.long _sym_00aacc18
.globl _sym_00bd1300
_sym_00bd1300:
.byte 0x22, 0x05, 0x93, 0x19, 0x02, 0x00, 0x00, 0x00
.long _sym_00bd12f0
.byte 0x00, 0x00, 0x00, 0x00, 0x00, 0x00, 0x00, 0x00, 0x00, 0x00, 0x00, 0x00, 0x00, 0x00, 0x00, 0x00
.byte 0x00, 0x00, 0x00, 0x00, 0x01, 0x00, 0x00, 0x00
.globl _sym_00bd1324
_sym_00bd1324:
.byte 0xff, 0xff, 0xff, 0xff
.long _sym_00aac7d0
.globl _sym_00bd132c
_sym_00bd132c:
.byte 0x22, 0x05, 0x93, 0x19, 0x01, 0x00, 0x00, 0x00
.long _sym_00bd1324
.byte 0x00, 0x00, 0x00, 0x00, 0x00, 0x00, 0x00, 0x00, 0x00, 0x00, 0x00, 0x00, 0x00, 0x00, 0x00, 0x00
.byte 0x00, 0x00, 0x00, 0x00, 0x01, 0x00, 0x00, 0x00
.globl _sym_00bd1350
_sym_00bd1350:
.byte 0xff, 0xff, 0xff, 0xff
.long _sym_00aacbe0
.globl _sym_00bd1358
_sym_00bd1358:
.byte 0x22, 0x05, 0x93, 0x19, 0x01, 0x00, 0x00, 0x00
.long _sym_00bd1350
.byte 0x00, 0x00, 0x00, 0x00, 0x00, 0x00, 0x00, 0x00, 0x00, 0x00, 0x00, 0x00, 0x00, 0x00, 0x00, 0x00
.byte 0x00, 0x00, 0x00, 0x00, 0x01, 0x00, 0x00, 0x00
.globl _sym_00bd137c
_sym_00bd137c:
.byte 0xff, 0xff, 0xff, 0xff
.long _sym_00aac610
.byte 0x00, 0x00, 0x00, 0x00
.long _sym_00aac621
.globl _sym_00bd138c
_sym_00bd138c:
.byte 0x22, 0x05, 0x93, 0x19, 0x02, 0x00, 0x00, 0x00
.long _sym_00bd137c
.byte 0x00, 0x00, 0x00, 0x00, 0x00, 0x00, 0x00, 0x00, 0x00, 0x00, 0x00, 0x00, 0x00, 0x00, 0x00, 0x00
.byte 0x00, 0x00, 0x00, 0x00, 0x01, 0x00, 0x00, 0x00
.globl _sym_00bd13b0
_sym_00bd13b0:
.byte 0xff, 0xff, 0xff, 0xff
.long _sym_00aac8f0
.globl _sym_00bd13b8
_sym_00bd13b8:
.byte 0x22, 0x05, 0x93, 0x19, 0x01, 0x00, 0x00, 0x00
.long _sym_00bd13b0
.byte 0x00, 0x00, 0x00, 0x00, 0x00, 0x00, 0x00, 0x00, 0x00, 0x00, 0x00, 0x00, 0x00, 0x00, 0x00, 0x00
.byte 0x00, 0x00, 0x00, 0x00, 0x01, 0x00, 0x00, 0x00
.globl _sym_00bd13dc
_sym_00bd13dc:
.byte 0xff, 0xff, 0xff, 0xff
.long _sym_00aac8c0
.globl _sym_00bd13e4
_sym_00bd13e4:
.byte 0x22, 0x05, 0x93, 0x19, 0x01, 0x00, 0x00, 0x00
.long _sym_00bd13dc
.byte 0x00, 0x00, 0x00, 0x00, 0x00, 0x00, 0x00, 0x00, 0x00, 0x00, 0x00, 0x00, 0x00, 0x00, 0x00, 0x00
.byte 0x00, 0x00, 0x00, 0x00, 0x01, 0x00, 0x00, 0x00
.globl _sym_00bd1408
_sym_00bd1408:
.byte 0xff, 0xff, 0xff, 0xff
.long _sym_00aac710
.byte 0xff, 0xff, 0xff, 0xff, 0x00, 0x00, 0x00, 0x00, 0xff, 0xff, 0xff, 0xff, 0x00, 0x00, 0x00, 0x00
.byte 0xff, 0xff, 0xff, 0xff, 0x00, 0x00, 0x00, 0x00
.globl _sym_00bd1428
_sym_00bd1428:
.byte 0x22, 0x05, 0x93, 0x19, 0x04, 0x00, 0x00, 0x00
.long _sym_00bd1408
.byte 0x00, 0x00, 0x00, 0x00, 0x00, 0x00, 0x00, 0x00, 0x00, 0x00, 0x00, 0x00, 0x00, 0x00, 0x00, 0x00
.byte 0x00, 0x00, 0x00, 0x00, 0x01, 0x00, 0x00, 0x00
.globl _sym_00bd144c
_sym_00bd144c:
.byte 0xff, 0xff, 0xff, 0xff
.long _sym_00aac890
.globl _sym_00bd1454
_sym_00bd1454:
.byte 0x22, 0x05, 0x93, 0x19, 0x01, 0x00, 0x00, 0x00
.long _sym_00bd144c
.byte 0x00, 0x00, 0x00, 0x00, 0x00, 0x00, 0x00, 0x00, 0x00, 0x00, 0x00, 0x00, 0x00, 0x00, 0x00, 0x00
.byte 0x00, 0x00, 0x00, 0x00, 0x01, 0x00, 0x00, 0x00
.globl _sym_00bd1478
_sym_00bd1478:
.byte 0xff, 0xff, 0xff, 0xff
.long _sym_00aac7a0
.globl _sym_00bd1480
_sym_00bd1480:
.byte 0x22, 0x05, 0x93, 0x19, 0x01, 0x00, 0x00, 0x00
.long _sym_00bd1478
.byte 0x00, 0x00, 0x00, 0x00, 0x00, 0x00, 0x00, 0x00, 0x00, 0x00, 0x00, 0x00, 0x00, 0x00, 0x00, 0x00
.byte 0x00, 0x00, 0x00, 0x00, 0x01, 0x00, 0x00, 0x00
.globl _sym_00bd14a4
_sym_00bd14a4:
.byte 0xff, 0xff, 0xff, 0xff
.long _sym_00aac6b0
.byte 0xff, 0xff, 0xff, 0xff, 0x00, 0x00, 0x00, 0x00, 0xff, 0xff, 0xff, 0xff, 0x00, 0x00, 0x00, 0x00
.byte 0xff, 0xff, 0xff, 0xff, 0x00, 0x00, 0x00, 0x00
.globl _sym_00bd14c4
_sym_00bd14c4:
.byte 0x22, 0x05, 0x93, 0x19, 0x04, 0x00, 0x00, 0x00
.long _sym_00bd14a4
.byte 0x00, 0x00, 0x00, 0x00, 0x00, 0x00, 0x00, 0x00, 0x00, 0x00, 0x00, 0x00, 0x00, 0x00, 0x00, 0x00
.byte 0x00, 0x00, 0x00, 0x00, 0x01, 0x00, 0x00, 0x00
.globl _sym_00bd14e8
_sym_00bd14e8:
.byte 0xff, 0xff, 0xff, 0xff
.long _sym_00aac740
.byte 0xff, 0xff, 0xff, 0xff, 0x00, 0x00, 0x00, 0x00, 0xff, 0xff, 0xff, 0xff, 0x00, 0x00, 0x00, 0x00
.byte 0xff, 0xff, 0xff, 0xff, 0x00, 0x00, 0x00, 0x00
.globl _sym_00bd1508
_sym_00bd1508:
.byte 0x22, 0x05, 0x93, 0x19, 0x04, 0x00, 0x00, 0x00
.long _sym_00bd14e8
.byte 0x00, 0x00, 0x00, 0x00, 0x00, 0x00, 0x00, 0x00, 0x00, 0x00, 0x00, 0x00, 0x00, 0x00, 0x00, 0x00
.byte 0x00, 0x00, 0x00, 0x00, 0x01, 0x00, 0x00, 0x00
.globl _sym_00bd152c
_sym_00bd152c:
.byte 0xff, 0xff, 0xff, 0xff
.long _sym_00aac770
.byte 0xff, 0xff, 0xff, 0xff, 0x00, 0x00, 0x00, 0x00, 0xff, 0xff, 0xff, 0xff, 0x00, 0x00, 0x00, 0x00
.byte 0xff, 0xff, 0xff, 0xff, 0x00, 0x00, 0x00, 0x00
.globl _sym_00bd154c
_sym_00bd154c:
.byte 0x22, 0x05, 0x93, 0x19, 0x04, 0x00, 0x00, 0x00
.long _sym_00bd152c
.byte 0x00, 0x00, 0x00, 0x00, 0x00, 0x00, 0x00, 0x00, 0x00, 0x00, 0x00, 0x00, 0x00, 0x00, 0x00, 0x00
.byte 0x00, 0x00, 0x00, 0x00, 0x01, 0x00, 0x00, 0x00
.globl _sym_00bd1570
_sym_00bd1570:
.byte 0xff, 0xff, 0xff, 0xff
.long _sym_00aaca60
.byte 0xff, 0xff, 0xff, 0xff, 0x00, 0x00, 0x00, 0x00, 0xff, 0xff, 0xff, 0xff, 0x00, 0x00, 0x00, 0x00
.byte 0xff, 0xff, 0xff, 0xff, 0x00, 0x00, 0x00, 0x00
.globl _sym_00bd1590
_sym_00bd1590:
.byte 0x22, 0x05, 0x93, 0x19, 0x04, 0x00, 0x00, 0x00
.long _sym_00bd1570
.byte 0x00, 0x00, 0x00, 0x00, 0x00, 0x00, 0x00, 0x00, 0x00, 0x00, 0x00, 0x00, 0x00, 0x00, 0x00, 0x00
.byte 0x00, 0x00, 0x00, 0x00, 0x01, 0x00, 0x00, 0x00
.globl _sym_00bd15b4
_sym_00bd15b4:
.byte 0xff, 0xff, 0xff, 0xff
.long _sym_00aacb20
.byte 0xff, 0xff, 0xff, 0xff, 0x00, 0x00, 0x00, 0x00, 0xff, 0xff, 0xff, 0xff, 0x00, 0x00, 0x00, 0x00
.byte 0xff, 0xff, 0xff, 0xff, 0x00, 0x00, 0x00, 0x00
.globl _sym_00bd15d4
_sym_00bd15d4:
.byte 0x22, 0x05, 0x93, 0x19, 0x04, 0x00, 0x00, 0x00
.long _sym_00bd15b4
.byte 0x00, 0x00, 0x00, 0x00, 0x00, 0x00, 0x00, 0x00, 0x00, 0x00, 0x00, 0x00, 0x00, 0x00, 0x00, 0x00
.byte 0x00, 0x00, 0x00, 0x00, 0x01, 0x00, 0x00, 0x00
.globl _sym_00bd15f8
_sym_00bd15f8:
.byte 0xff, 0xff, 0xff, 0xff
.long _sym_00aac650
.byte 0xff, 0xff, 0xff, 0xff, 0x00, 0x00, 0x00, 0x00, 0xff, 0xff, 0xff, 0xff, 0x00, 0x00, 0x00, 0x00
.byte 0xff, 0xff, 0xff, 0xff, 0x00, 0x00, 0x00, 0x00
.globl _sym_00bd1618
_sym_00bd1618:
.byte 0x22, 0x05, 0x93, 0x19, 0x04, 0x00, 0x00, 0x00
.long _sym_00bd15f8
.byte 0x00, 0x00, 0x00, 0x00, 0x00, 0x00, 0x00, 0x00, 0x00, 0x00, 0x00, 0x00, 0x00, 0x00, 0x00, 0x00
.byte 0x00, 0x00, 0x00, 0x00, 0x01, 0x00, 0x00, 0x00
.globl _sym_00bd163c
_sym_00bd163c:
.byte 0xff, 0xff, 0xff, 0xff
.long _sym_00aac6e0
.byte 0xff, 0xff, 0xff, 0xff, 0x00, 0x00, 0x00, 0x00, 0xff, 0xff, 0xff, 0xff, 0x00, 0x00, 0x00, 0x00
.byte 0xff, 0xff, 0xff, 0xff, 0x00, 0x00, 0x00, 0x00
.globl _sym_00bd165c
_sym_00bd165c:
.byte 0x22, 0x05, 0x93, 0x19, 0x04, 0x00, 0x00, 0x00
.long _sym_00bd163c
.byte 0x00, 0x00, 0x00, 0x00, 0x00, 0x00, 0x00, 0x00, 0x00, 0x00, 0x00, 0x00, 0x00, 0x00, 0x00, 0x00
.byte 0x00, 0x00, 0x00, 0x00, 0x01, 0x00, 0x00, 0x00
.globl _sym_00bd1680
_sym_00bd1680:
.byte 0xff, 0xff, 0xff, 0xff
.long _sym_00aaca90
.byte 0xff, 0xff, 0xff, 0xff, 0x00, 0x00, 0x00, 0x00, 0xff, 0xff, 0xff, 0xff, 0x00, 0x00, 0x00, 0x00
.byte 0xff, 0xff, 0xff, 0xff, 0x00, 0x00, 0x00, 0x00
.globl _sym_00bd16a0
_sym_00bd16a0:
.byte 0x22, 0x05, 0x93, 0x19, 0x04, 0x00, 0x00, 0x00
.long _sym_00bd1680
.byte 0x00, 0x00, 0x00, 0x00, 0x00, 0x00, 0x00, 0x00, 0x00, 0x00, 0x00, 0x00, 0x00, 0x00, 0x00, 0x00
.byte 0x00, 0x00, 0x00, 0x00, 0x01, 0x00, 0x00, 0x00
.globl _sym_00bd16c4
_sym_00bd16c4:
.byte 0xff, 0xff, 0xff, 0xff
.long _sym_00aacb80
.byte 0xff, 0xff, 0xff, 0xff, 0x00, 0x00, 0x00, 0x00, 0xff, 0xff, 0xff, 0xff, 0x00, 0x00, 0x00, 0x00
.byte 0xff, 0xff, 0xff, 0xff, 0x00, 0x00, 0x00, 0x00
.globl _sym_00bd16e4
_sym_00bd16e4:
.byte 0x22, 0x05, 0x93, 0x19, 0x04, 0x00, 0x00, 0x00
.long _sym_00bd16c4
.byte 0x00, 0x00, 0x00, 0x00, 0x00, 0x00, 0x00, 0x00, 0x00, 0x00, 0x00, 0x00, 0x00, 0x00, 0x00, 0x00
.byte 0x00, 0x00, 0x00, 0x00, 0x01, 0x00, 0x00, 0x00
.globl _sym_00bd1708
_sym_00bd1708:
.byte 0xff, 0xff, 0xff, 0xff
.long _sym_00aacbb0
.byte 0xff, 0xff, 0xff, 0xff, 0x00, 0x00, 0x00, 0x00, 0xff, 0xff, 0xff, 0xff, 0x00, 0x00, 0x00, 0x00
.byte 0xff, 0xff, 0xff, 0xff, 0x00, 0x00, 0x00, 0x00
.globl _sym_00bd1728
_sym_00bd1728:
.byte 0x22, 0x05, 0x93, 0x19, 0x04, 0x00, 0x00, 0x00
.long _sym_00bd1708
.byte 0x00, 0x00, 0x00, 0x00, 0x00, 0x00, 0x00, 0x00, 0x00, 0x00, 0x00, 0x00, 0x00, 0x00, 0x00, 0x00
.byte 0x00, 0x00, 0x00, 0x00, 0x01, 0x00, 0x00, 0x00
.globl _sym_00bd174c
_sym_00bd174c:
.byte 0xff, 0xff, 0xff, 0xff
.long _sym_00aac680
.byte 0xff, 0xff, 0xff, 0xff, 0x00, 0x00, 0x00, 0x00, 0xff, 0xff, 0xff, 0xff, 0x00, 0x00, 0x00, 0x00
.byte 0xff, 0xff, 0xff, 0xff, 0x00, 0x00, 0x00, 0x00
.globl _sym_00bd176c
_sym_00bd176c:
.byte 0x22, 0x05, 0x93, 0x19, 0x04, 0x00, 0x00, 0x00
.long _sym_00bd174c
.byte 0x00, 0x00, 0x00, 0x00, 0x00, 0x00, 0x00, 0x00, 0x00, 0x00, 0x00, 0x00, 0x00, 0x00, 0x00, 0x00
.byte 0x00, 0x00, 0x00, 0x00, 0x01, 0x00, 0x00, 0x00
.globl _sym_00bd1790
_sym_00bd1790:
.byte 0xff, 0xff, 0xff, 0xff
.long _sym_00aacb50
.byte 0xff, 0xff, 0xff, 0xff, 0x00, 0x00, 0x00, 0x00, 0xff, 0xff, 0xff, 0xff, 0x00, 0x00, 0x00, 0x00
.byte 0xff, 0xff, 0xff, 0xff, 0x00, 0x00, 0x00, 0x00
.globl _sym_00bd17b0
_sym_00bd17b0:
.byte 0x22, 0x05, 0x93, 0x19, 0x04, 0x00, 0x00, 0x00
.long _sym_00bd1790
.byte 0x00, 0x00, 0x00, 0x00, 0x00, 0x00, 0x00, 0x00, 0x00, 0x00, 0x00, 0x00, 0x00, 0x00, 0x00, 0x00
.byte 0x00, 0x00, 0x00, 0x00, 0x01, 0x00, 0x00, 0x00
.globl _sym_00bd17d4
_sym_00bd17d4:
.byte 0xff, 0xff, 0xff, 0xff
.long _sym_00aacaf0
.byte 0xff, 0xff, 0xff, 0xff, 0x00, 0x00, 0x00, 0x00, 0xff, 0xff, 0xff, 0xff, 0x00, 0x00, 0x00, 0x00
.byte 0xff, 0xff, 0xff, 0xff, 0x00, 0x00, 0x00, 0x00
.globl _sym_00bd17f4
_sym_00bd17f4:
.byte 0x22, 0x05, 0x93, 0x19, 0x04, 0x00, 0x00, 0x00
.long _sym_00bd17d4
.byte 0x00, 0x00, 0x00, 0x00, 0x00, 0x00, 0x00, 0x00, 0x00, 0x00, 0x00, 0x00, 0x00, 0x00, 0x00, 0x00
.byte 0x00, 0x00, 0x00, 0x00, 0x01, 0x00, 0x00, 0x00
.globl _sym_00bd1818
_sym_00bd1818:
.byte 0x22, 0x05, 0x93, 0x19, 0x08, 0x00, 0x00, 0x00
.long _sym_00bd183c
.byte 0x00, 0x00, 0x00, 0x00, 0x00, 0x00, 0x00, 0x00, 0x00, 0x00, 0x00, 0x00, 0x00, 0x00, 0x00, 0x00
.byte 0x00, 0x00, 0x00, 0x00, 0x01, 0x00, 0x00, 0x00
.globl _sym_00bd183c
_sym_00bd183c:
.byte 0xff, 0xff, 0xff, 0xff
.long _sym_00aace20
.byte 0x00, 0x00, 0x00, 0x00
.long _sym_00aace2e
.byte 0x00, 0x00, 0x00, 0x00, 0x00, 0x00, 0x00, 0x00, 0x00, 0x00, 0x00, 0x00, 0x00, 0x00, 0x00, 0x00
.byte 0x00, 0x00, 0x00, 0x00, 0x00, 0x00, 0x00, 0x00, 0xff, 0xff, 0xff, 0xff
.long _sym_00aace3c
.byte 0xff, 0xff, 0xff, 0xff
.long _sym_00aace4a
.byte 0xff, 0xff, 0xff, 0xff
.long _sym_00aace58
.globl _sym_00bd187c
_sym_00bd187c:
.byte 0xff, 0xff, 0xff, 0xff
.long _sym_00aacdc0
.globl _sym_00bd1884
_sym_00bd1884:
.byte 0x22, 0x05, 0x93, 0x19, 0x01, 0x00, 0x00, 0x00
.long _sym_00bd187c
.byte 0x00, 0x00, 0x00, 0x00, 0x00, 0x00, 0x00, 0x00, 0x00, 0x00, 0x00, 0x00, 0x00, 0x00, 0x00, 0x00
.byte 0x00, 0x00, 0x00, 0x00, 0x01, 0x00, 0x00, 0x00
.globl _sym_00bd18a8
_sym_00bd18a8:
.byte 0xff, 0xff, 0xff, 0xff
.long _sym_00aace90
.byte 0xff, 0xff, 0xff, 0xff
.long _sym_00aace9e
.byte 0xff, 0xff, 0xff, 0xff
.long _sym_00aaceac
.byte 0xff, 0xff, 0xff, 0xff
.long _sym_00aaceba
.globl _sym_00bd18c8
_sym_00bd18c8:
.byte 0x22, 0x05, 0x93, 0x19, 0x04, 0x00, 0x00, 0x00
.long _sym_00bd18a8
.byte 0x00, 0x00, 0x00, 0x00, 0x00, 0x00, 0x00, 0x00, 0x00, 0x00, 0x00, 0x00, 0x00, 0x00, 0x00, 0x00
.byte 0x00, 0x00, 0x00, 0x00, 0x01, 0x00, 0x00, 0x00
.globl _sym_00bd18ec
_sym_00bd18ec:
.byte 0xff, 0xff, 0xff, 0xff
.long _sym_00aacf50
.byte 0xff, 0xff, 0xff, 0xff, 0x00, 0x00, 0x00, 0x00, 0xff, 0xff, 0xff, 0xff, 0x00, 0x00, 0x00, 0x00
.byte 0xff, 0xff, 0xff, 0xff, 0x00, 0x00, 0x00, 0x00
.globl _sym_00bd190c
_sym_00bd190c:
.byte 0x22, 0x05, 0x93, 0x19, 0x04, 0x00, 0x00, 0x00
.long _sym_00bd18ec
.byte 0x00, 0x00, 0x00, 0x00, 0x00, 0x00, 0x00, 0x00, 0x00, 0x00, 0x00, 0x00, 0x00, 0x00, 0x00, 0x00
.byte 0x00, 0x00, 0x00, 0x00, 0x01, 0x00, 0x00, 0x00
.globl _sym_00bd1930
_sym_00bd1930:
.byte 0xff, 0xff, 0xff, 0xff
.long _sym_00aacdf0
.globl _sym_00bd1938
_sym_00bd1938:
.byte 0x22, 0x05, 0x93, 0x19, 0x01, 0x00, 0x00, 0x00
.long _sym_00bd1930
.byte 0x00, 0x00, 0x00, 0x00, 0x00, 0x00, 0x00, 0x00, 0x00, 0x00, 0x00, 0x00, 0x00, 0x00, 0x00, 0x00
.byte 0x00, 0x00, 0x00, 0x00, 0x01, 0x00, 0x00, 0x00
.globl _sym_00bd195c
_sym_00bd195c:
.byte 0xff, 0xff, 0xff, 0xff
.long _sym_00aacd00
.byte 0xff, 0xff, 0xff, 0xff, 0x00, 0x00, 0x00, 0x00, 0xff, 0xff, 0xff, 0xff, 0x00, 0x00, 0x00, 0x00
.byte 0xff, 0xff, 0xff, 0xff, 0x00, 0x00, 0x00, 0x00
.globl _sym_00bd197c
_sym_00bd197c:
.byte 0x22, 0x05, 0x93, 0x19, 0x04, 0x00, 0x00, 0x00
.long _sym_00bd195c
.byte 0x00, 0x00, 0x00, 0x00, 0x00, 0x00, 0x00, 0x00, 0x00, 0x00, 0x00, 0x00, 0x00, 0x00, 0x00, 0x00
.byte 0x00, 0x00, 0x00, 0x00, 0x01, 0x00, 0x00, 0x00
.globl _sym_00bd19a0
_sym_00bd19a0:
.byte 0xff, 0xff, 0xff, 0xff
.long _sym_00aacd90
.globl _sym_00bd19a8
_sym_00bd19a8:
.byte 0x22, 0x05, 0x93, 0x19, 0x01, 0x00, 0x00, 0x00
.long _sym_00bd19a0
.byte 0x00, 0x00, 0x00, 0x00, 0x00, 0x00, 0x00, 0x00, 0x00, 0x00, 0x00, 0x00, 0x00, 0x00, 0x00, 0x00
.byte 0x00, 0x00, 0x00, 0x00, 0x01, 0x00, 0x00, 0x00
.globl _sym_00bd19cc
_sym_00bd19cc:
.byte 0xff, 0xff, 0xff, 0xff
.long _sym_00aacca0
.byte 0xff, 0xff, 0xff, 0xff, 0x00, 0x00, 0x00, 0x00, 0xff, 0xff, 0xff, 0xff, 0x00, 0x00, 0x00, 0x00
.byte 0xff, 0xff, 0xff, 0xff, 0x00, 0x00, 0x00, 0x00
.globl _sym_00bd19ec
_sym_00bd19ec:
.byte 0x22, 0x05, 0x93, 0x19, 0x04, 0x00, 0x00, 0x00
.long _sym_00bd19cc
.byte 0x00, 0x00, 0x00, 0x00, 0x00, 0x00, 0x00, 0x00, 0x00, 0x00, 0x00, 0x00, 0x00, 0x00, 0x00, 0x00
.byte 0x00, 0x00, 0x00, 0x00, 0x01, 0x00, 0x00, 0x00
.globl _sym_00bd1a10
_sym_00bd1a10:
.byte 0xff, 0xff, 0xff, 0xff
.long _sym_00aad0a0
.globl _sym_00bd1a18
_sym_00bd1a18:
.byte 0x22, 0x05, 0x93, 0x19, 0x01, 0x00, 0x00, 0x00
.long _sym_00bd1a10
.byte 0x00, 0x00, 0x00, 0x00, 0x00, 0x00, 0x00, 0x00, 0x00, 0x00, 0x00, 0x00, 0x00, 0x00, 0x00, 0x00
.byte 0x00, 0x00, 0x00, 0x00, 0x01, 0x00, 0x00, 0x00
.globl _sym_00bd1a3c
_sym_00bd1a3c:
.byte 0xff, 0xff, 0xff, 0xff
.long _sym_00aacd30
.byte 0xff, 0xff, 0xff, 0xff, 0x00, 0x00, 0x00, 0x00, 0xff, 0xff, 0xff, 0xff, 0x00, 0x00, 0x00, 0x00
.byte 0xff, 0xff, 0xff, 0xff, 0x00, 0x00, 0x00, 0x00
.globl _sym_00bd1a5c
_sym_00bd1a5c:
.byte 0x22, 0x05, 0x93, 0x19, 0x04, 0x00, 0x00, 0x00
.long _sym_00bd1a3c
.byte 0x00, 0x00, 0x00, 0x00, 0x00, 0x00, 0x00, 0x00, 0x00, 0x00, 0x00, 0x00, 0x00, 0x00, 0x00, 0x00
.byte 0x00, 0x00, 0x00, 0x00, 0x01, 0x00, 0x00, 0x00
.globl _sym_00bd1a80
_sym_00bd1a80:
.byte 0xff, 0xff, 0xff, 0xff
.long _sym_00aacd60
.byte 0xff, 0xff, 0xff, 0xff, 0x00, 0x00, 0x00, 0x00, 0xff, 0xff, 0xff, 0xff, 0x00, 0x00, 0x00, 0x00
.byte 0xff, 0xff, 0xff, 0xff, 0x00, 0x00, 0x00, 0x00
.globl _sym_00bd1aa0
_sym_00bd1aa0:
.byte 0x22, 0x05, 0x93, 0x19, 0x04, 0x00, 0x00, 0x00
.long _sym_00bd1a80
.byte 0x00, 0x00, 0x00, 0x00, 0x00, 0x00, 0x00, 0x00, 0x00, 0x00, 0x00, 0x00, 0x00, 0x00, 0x00, 0x00
.byte 0x00, 0x00, 0x00, 0x00, 0x01, 0x00, 0x00, 0x00
.globl _sym_00bd1ac4
_sym_00bd1ac4:
.byte 0xff, 0xff, 0xff, 0xff
.long _sym_00aacef0
.byte 0xff, 0xff, 0xff, 0xff, 0x00, 0x00, 0x00, 0x00, 0xff, 0xff, 0xff, 0xff, 0x00, 0x00, 0x00, 0x00
.byte 0xff, 0xff, 0xff, 0xff, 0x00, 0x00, 0x00, 0x00
.globl _sym_00bd1ae4
_sym_00bd1ae4:
.byte 0x22, 0x05, 0x93, 0x19, 0x04, 0x00, 0x00, 0x00
.long _sym_00bd1ac4
.byte 0x00, 0x00, 0x00, 0x00, 0x00, 0x00, 0x00, 0x00, 0x00, 0x00, 0x00, 0x00, 0x00, 0x00, 0x00, 0x00
.byte 0x00, 0x00, 0x00, 0x00, 0x01, 0x00, 0x00, 0x00
.globl _sym_00bd1b08
_sym_00bd1b08:
.byte 0xff, 0xff, 0xff, 0xff
.long _sym_00aacfb0
.byte 0xff, 0xff, 0xff, 0xff, 0x00, 0x00, 0x00, 0x00, 0xff, 0xff, 0xff, 0xff, 0x00, 0x00, 0x00, 0x00
.byte 0xff, 0xff, 0xff, 0xff, 0x00, 0x00, 0x00, 0x00
.globl _sym_00bd1b28
_sym_00bd1b28:
.byte 0x22, 0x05, 0x93, 0x19, 0x04, 0x00, 0x00, 0x00
.long _sym_00bd1b08
.byte 0x00, 0x00, 0x00, 0x00, 0x00, 0x00, 0x00, 0x00, 0x00, 0x00, 0x00, 0x00, 0x00, 0x00, 0x00, 0x00
.byte 0x00, 0x00, 0x00, 0x00, 0x01, 0x00, 0x00, 0x00
.globl _sym_00bd1b4c
_sym_00bd1b4c:
.byte 0xff, 0xff, 0xff, 0xff
.long _sym_00aad070
.globl _sym_00bd1b54
_sym_00bd1b54:
.byte 0x22, 0x05, 0x93, 0x19, 0x01, 0x00, 0x00, 0x00
.long _sym_00bd1b4c
.byte 0x00, 0x00, 0x00, 0x00, 0x00, 0x00, 0x00, 0x00, 0x00, 0x00, 0x00, 0x00, 0x00, 0x00, 0x00, 0x00
.byte 0x00, 0x00, 0x00, 0x00, 0x01, 0x00, 0x00, 0x00
.globl _sym_00bd1b78
_sym_00bd1b78:
.byte 0xff, 0xff, 0xff, 0xff
.long _sym_00aacc40
.byte 0xff, 0xff, 0xff, 0xff, 0x00, 0x00, 0x00, 0x00, 0xff, 0xff, 0xff, 0xff, 0x00, 0x00, 0x00, 0x00
.byte 0xff, 0xff, 0xff, 0xff, 0x00, 0x00, 0x00, 0x00
.globl _sym_00bd1b98
_sym_00bd1b98:
.byte 0x22, 0x05, 0x93, 0x19, 0x04, 0x00, 0x00, 0x00
.long _sym_00bd1b78
.byte 0x00, 0x00, 0x00, 0x00, 0x00, 0x00, 0x00, 0x00, 0x00, 0x00, 0x00, 0x00, 0x00, 0x00, 0x00, 0x00
.byte 0x00, 0x00, 0x00, 0x00, 0x01, 0x00, 0x00, 0x00
.globl _sym_00bd1bbc
_sym_00bd1bbc:
.byte 0xff, 0xff, 0xff, 0xff
.long _sym_00aaccd0
.byte 0xff, 0xff, 0xff, 0xff, 0x00, 0x00, 0x00, 0x00, 0xff, 0xff, 0xff, 0xff, 0x00, 0x00, 0x00, 0x00
.byte 0xff, 0xff, 0xff, 0xff, 0x00, 0x00, 0x00, 0x00
.globl _sym_00bd1bdc
_sym_00bd1bdc:
.byte 0x22, 0x05, 0x93, 0x19, 0x04, 0x00, 0x00, 0x00
.long _sym_00bd1bbc
.byte 0x00, 0x00, 0x00, 0x00, 0x00, 0x00, 0x00, 0x00, 0x00, 0x00, 0x00, 0x00, 0x00, 0x00, 0x00, 0x00
.byte 0x00, 0x00, 0x00, 0x00, 0x01, 0x00, 0x00, 0x00
.globl _sym_00bd1c00
_sym_00bd1c00:
.byte 0xff, 0xff, 0xff, 0xff
.long _sym_00aacf20
.byte 0xff, 0xff, 0xff, 0xff, 0x00, 0x00, 0x00, 0x00, 0xff, 0xff, 0xff, 0xff, 0x00, 0x00, 0x00, 0x00
.byte 0xff, 0xff, 0xff, 0xff, 0x00, 0x00, 0x00, 0x00
.globl _sym_00bd1c20
_sym_00bd1c20:
.byte 0x22, 0x05, 0x93, 0x19, 0x04, 0x00, 0x00, 0x00
.long _sym_00bd1c00
.byte 0x00, 0x00, 0x00, 0x00, 0x00, 0x00, 0x00, 0x00, 0x00, 0x00, 0x00, 0x00, 0x00, 0x00, 0x00, 0x00
.byte 0x00, 0x00, 0x00, 0x00, 0x01, 0x00, 0x00, 0x00
.globl _sym_00bd1c44
_sym_00bd1c44:
.byte 0xff, 0xff, 0xff, 0xff
.long _sym_00aad010
.byte 0xff, 0xff, 0xff, 0xff, 0x00, 0x00, 0x00, 0x00, 0xff, 0xff, 0xff, 0xff, 0x00, 0x00, 0x00, 0x00
.byte 0xff, 0xff, 0xff, 0xff, 0x00, 0x00, 0x00, 0x00
.globl _sym_00bd1c64
_sym_00bd1c64:
.byte 0x22, 0x05, 0x93, 0x19, 0x04, 0x00, 0x00, 0x00
.long _sym_00bd1c44
.byte 0x00, 0x00, 0x00, 0x00, 0x00, 0x00, 0x00, 0x00, 0x00, 0x00, 0x00, 0x00, 0x00, 0x00, 0x00, 0x00
.byte 0x00, 0x00, 0x00, 0x00, 0x01, 0x00, 0x00, 0x00
.globl _sym_00bd1c88
_sym_00bd1c88:
.byte 0xff, 0xff, 0xff, 0xff
.long _sym_00aad040
.byte 0xff, 0xff, 0xff, 0xff, 0x00, 0x00, 0x00, 0x00, 0xff, 0xff, 0xff, 0xff, 0x00, 0x00, 0x00, 0x00
.byte 0xff, 0xff, 0xff, 0xff, 0x00, 0x00, 0x00, 0x00
.globl _sym_00bd1ca8
_sym_00bd1ca8:
.byte 0x22, 0x05, 0x93, 0x19, 0x04, 0x00, 0x00, 0x00
.long _sym_00bd1c88
.byte 0x00, 0x00, 0x00, 0x00, 0x00, 0x00, 0x00, 0x00, 0x00, 0x00, 0x00, 0x00, 0x00, 0x00, 0x00, 0x00
.byte 0x00, 0x00, 0x00, 0x00, 0x01, 0x00, 0x00, 0x00
.globl _sym_00bd1ccc
_sym_00bd1ccc:
.byte 0xff, 0xff, 0xff, 0xff
.long _sym_00aacc70
.byte 0xff, 0xff, 0xff, 0xff, 0x00, 0x00, 0x00, 0x00, 0xff, 0xff, 0xff, 0xff, 0x00, 0x00, 0x00, 0x00
.byte 0xff, 0xff, 0xff, 0xff, 0x00, 0x00, 0x00, 0x00
.globl _sym_00bd1cec
_sym_00bd1cec:
.byte 0x22, 0x05, 0x93, 0x19, 0x04, 0x00, 0x00, 0x00
.long _sym_00bd1ccc
.byte 0x00, 0x00, 0x00, 0x00, 0x00, 0x00, 0x00, 0x00, 0x00, 0x00, 0x00, 0x00, 0x00, 0x00, 0x00, 0x00
.byte 0x00, 0x00, 0x00, 0x00, 0x01, 0x00, 0x00, 0x00
.globl _sym_00bd1d10
_sym_00bd1d10:
.byte 0xff, 0xff, 0xff, 0xff
.long _sym_00aacfe0
.byte 0xff, 0xff, 0xff, 0xff, 0x00, 0x00, 0x00, 0x00, 0xff, 0xff, 0xff, 0xff, 0x00, 0x00, 0x00, 0x00
.byte 0xff, 0xff, 0xff, 0xff, 0x00, 0x00, 0x00, 0x00
.globl _sym_00bd1d30
_sym_00bd1d30:
.byte 0x22, 0x05, 0x93, 0x19, 0x04, 0x00, 0x00, 0x00
.long _sym_00bd1d10
.byte 0x00, 0x00, 0x00, 0x00, 0x00, 0x00, 0x00, 0x00, 0x00, 0x00, 0x00, 0x00, 0x00, 0x00, 0x00, 0x00
.byte 0x00, 0x00, 0x00, 0x00, 0x01, 0x00, 0x00, 0x00
.globl _sym_00bd1d54
_sym_00bd1d54:
.byte 0xff, 0xff, 0xff, 0xff
.long _sym_00aacf80
.byte 0xff, 0xff, 0xff, 0xff, 0x00, 0x00, 0x00, 0x00, 0xff, 0xff, 0xff, 0xff, 0x00, 0x00, 0x00, 0x00
.byte 0xff, 0xff, 0xff, 0xff, 0x00, 0x00, 0x00, 0x00
.globl _sym_00bd1d74
_sym_00bd1d74:
.byte 0x22, 0x05, 0x93, 0x19, 0x04, 0x00, 0x00, 0x00
.long _sym_00bd1d54
.byte 0x00, 0x00, 0x00, 0x00, 0x00, 0x00, 0x00, 0x00, 0x00, 0x00, 0x00, 0x00, 0x00, 0x00, 0x00, 0x00
.byte 0x00, 0x00, 0x00, 0x00, 0x01, 0x00, 0x00, 0x00
.globl _sym_00bd1d98
_sym_00bd1d98:
.byte 0xff, 0xff, 0xff, 0xff
.long _sym_00aadc40
.byte 0xff, 0xff, 0xff, 0xff
.long _sym_00aadc4e
.byte 0xff, 0xff, 0xff, 0xff
.long _sym_00aadc5c
.byte 0xff, 0xff, 0xff, 0xff
.long _sym_00aadc6a
.globl _sym_00bd1db8
_sym_00bd1db8:
.byte 0x22, 0x05, 0x93, 0x19, 0x04, 0x00, 0x00, 0x00
.long _sym_00bd1d98
.byte 0x00, 0x00, 0x00, 0x00, 0x00, 0x00, 0x00, 0x00, 0x00, 0x00, 0x00, 0x00, 0x00, 0x00, 0x00, 0x00
.byte 0x00, 0x00, 0x00, 0x00, 0x01, 0x00, 0x00, 0x00
.globl _sym_00bd1ddc
_sym_00bd1ddc:
.byte 0xff, 0xff, 0xff, 0xff
.long _sym_00aadf40
.byte 0xff, 0xff, 0xff, 0xff, 0x00, 0x00, 0x00, 0x00, 0xff, 0xff, 0xff, 0xff, 0x00, 0x00, 0x00, 0x00
.byte 0xff, 0xff, 0xff, 0xff, 0x00, 0x00, 0x00, 0x00
.globl _sym_00bd1dfc
_sym_00bd1dfc:
.byte 0x22, 0x05, 0x93, 0x19, 0x04, 0x00, 0x00, 0x00
.long _sym_00bd1ddc
.byte 0x00, 0x00, 0x00, 0x00, 0x00, 0x00, 0x00, 0x00, 0x00, 0x00, 0x00, 0x00, 0x00, 0x00, 0x00, 0x00
.byte 0x00, 0x00, 0x00, 0x00, 0x01, 0x00, 0x00, 0x00
.globl _sym_00bd1e20
_sym_00bd1e20:
.byte 0xff, 0xff, 0xff, 0xff
.long _sym_00aad8e0
.byte 0x00, 0x00, 0x00, 0x00
.long _sym_00aad8e8
.globl _sym_00bd1e30
_sym_00bd1e30:
.byte 0x22, 0x05, 0x93, 0x19, 0x02, 0x00, 0x00, 0x00
.long _sym_00bd1e20
.byte 0x00, 0x00, 0x00, 0x00, 0x00, 0x00, 0x00, 0x00, 0x00, 0x00, 0x00, 0x00, 0x00, 0x00, 0x00, 0x00
.byte 0x00, 0x00, 0x00, 0x00, 0x01, 0x00, 0x00, 0x00
.globl _sym_00bd1e54
_sym_00bd1e54:
.byte 0xff, 0xff, 0xff, 0xff
.long _sym_00aada60
.byte 0xff, 0xff, 0xff, 0xff
.long _sym_00aada6e
.byte 0xff, 0xff, 0xff, 0xff
.long _sym_00aada7c
.byte 0xff, 0xff, 0xff, 0xff
.long _sym_00aada8a
.globl _sym_00bd1e74
_sym_00bd1e74:
.byte 0x22, 0x05, 0x93, 0x19, 0x04, 0x00, 0x00, 0x00
.long _sym_00bd1e54
.byte 0x00, 0x00, 0x00, 0x00, 0x00, 0x00, 0x00, 0x00, 0x00, 0x00, 0x00, 0x00, 0x00, 0x00, 0x00, 0x00
.byte 0x00, 0x00, 0x00, 0x00, 0x01, 0x00, 0x00, 0x00
.globl _sym_00bd1e98
_sym_00bd1e98:
.byte 0xff, 0xff, 0xff, 0xff
.long _sym_00aad8b0
.globl _sym_00bd1ea0
_sym_00bd1ea0:
.byte 0x22, 0x05, 0x93, 0x19, 0x01, 0x00, 0x00, 0x00
.long _sym_00bd1e98
.byte 0x00, 0x00, 0x00, 0x00, 0x00, 0x00, 0x00, 0x00, 0x00, 0x00, 0x00, 0x00, 0x00, 0x00, 0x00, 0x00
.byte 0x00, 0x00, 0x00, 0x00, 0x01, 0x00, 0x00, 0x00
.globl _sym_00bd1ec4
_sym_00bd1ec4:
.byte 0x22, 0x05, 0x93, 0x19, 0x20, 0x00, 0x00, 0x00
.long _sym_00bd1ee8
.byte 0x00, 0x00, 0x00, 0x00, 0x00, 0x00, 0x00, 0x00, 0x00, 0x00, 0x00, 0x00, 0x00, 0x00, 0x00, 0x00
.byte 0x00, 0x00, 0x00, 0x00, 0x01, 0x00, 0x00, 0x00
.globl _sym_00bd1ee8
_sym_00bd1ee8:
.byte 0xff, 0xff, 0xff, 0xff
.long _sym_00aad970
.byte 0x00, 0x00, 0x00, 0x00
.long _sym_00aad97e
.byte 0x00, 0x00, 0x00, 0x00, 0x00, 0x00, 0x00, 0x00, 0x00, 0x00, 0x00, 0x00, 0x00, 0x00, 0x00, 0x00
.byte 0x00, 0x00, 0x00, 0x00, 0x00, 0x00, 0x00, 0x00, 0xff, 0xff, 0xff, 0xff
.long _sym_00aad98c
.byte 0x05, 0x00, 0x00, 0x00
.long _sym_00aad99a
.byte 0x05, 0x00, 0x00, 0x00, 0x00, 0x00, 0x00, 0x00, 0x05, 0x00, 0x00, 0x00, 0x00, 0x00, 0x00, 0x00
.byte 0x05, 0x00, 0x00, 0x00, 0x00, 0x00, 0x00, 0x00, 0xff, 0xff, 0xff, 0xff
.long _sym_00aad9a8
.byte 0x0a, 0x00, 0x00, 0x00
.long _sym_00aad9b6
.byte 0x0a, 0x00, 0x00, 0x00, 0x00, 0x00, 0x00, 0x00, 0x0a, 0x00, 0x00, 0x00, 0x00, 0x00, 0x00, 0x00
.byte 0x0a, 0x00, 0x00, 0x00, 0x00, 0x00, 0x00, 0x00, 0xff, 0xff, 0xff, 0xff
.long _sym_00aad9c4
.byte 0x0f, 0x00, 0x00, 0x00
.long _sym_00aad9d2
.byte 0x0f, 0x00, 0x00, 0x00, 0x00, 0x00, 0x00, 0x00, 0x0f, 0x00, 0x00, 0x00, 0x00, 0x00, 0x00, 0x00
.byte 0x0f, 0x00, 0x00, 0x00, 0x00, 0x00, 0x00, 0x00, 0xff, 0xff, 0xff, 0xff
.long _sym_00aad9e0
.byte 0x14, 0x00, 0x00, 0x00
.long _sym_00aad9ee
.byte 0x14, 0x00, 0x00, 0x00, 0x00, 0x00, 0x00, 0x00, 0x14, 0x00, 0x00, 0x00, 0x00, 0x00, 0x00, 0x00
.byte 0x14, 0x00, 0x00, 0x00, 0x00, 0x00, 0x00, 0x00, 0xff, 0xff, 0xff, 0xff
.long _sym_00aad9fc
.byte 0x19, 0x00, 0x00, 0x00
.long _sym_00aada0a
.byte 0x19, 0x00, 0x00, 0x00, 0x00, 0x00, 0x00, 0x00, 0x19, 0x00, 0x00, 0x00, 0x00, 0x00, 0x00, 0x00
.byte 0x19, 0x00, 0x00, 0x00, 0x00, 0x00, 0x00, 0x00, 0xff, 0xff, 0xff, 0xff
.long _sym_00aada18
.byte 0xff, 0xff, 0xff, 0xff
.long _sym_00aada26
.globl _sym_00bd1fe8
_sym_00bd1fe8:
.byte 0xff, 0xff, 0xff, 0xff
.long _sym_00aad880
.globl _sym_00bd1ff0
_sym_00bd1ff0:
.byte 0x22, 0x05, 0x93, 0x19, 0x01, 0x00, 0x00, 0x00
.long _sym_00bd1fe8
.byte 0x00, 0x00, 0x00, 0x00, 0x00, 0x00, 0x00, 0x00, 0x00, 0x00, 0x00, 0x00, 0x00, 0x00, 0x00, 0x00
.byte 0x00, 0x00, 0x00, 0x00, 0x01, 0x00, 0x00, 0x00
.globl _sym_00bd2014
_sym_00bd2014:
.byte 0xff, 0xff, 0xff, 0xff
.long _sym_00aadb80
.byte 0xff, 0xff, 0xff, 0xff
.long _sym_00aadb8e
.byte 0xff, 0xff, 0xff, 0xff
.long _sym_00aadb9c
.byte 0xff, 0xff, 0xff, 0xff
.long _sym_00aadbaa
.globl _sym_00bd2034
_sym_00bd2034:
.byte 0x22, 0x05, 0x93, 0x19, 0x04, 0x00, 0x00, 0x00
.long _sym_00bd2014
.byte 0x00, 0x00, 0x00, 0x00, 0x00, 0x00, 0x00, 0x00, 0x00, 0x00, 0x00, 0x00, 0x00, 0x00, 0x00, 0x00
.byte 0x00, 0x00, 0x00, 0x00, 0x01, 0x00, 0x00, 0x00
.globl _sym_00bd2058
_sym_00bd2058:
.byte 0xff, 0xff, 0xff, 0xff
.long _sym_00aadee0
.byte 0xff, 0xff, 0xff, 0xff, 0x00, 0x00, 0x00, 0x00, 0xff, 0xff, 0xff, 0xff, 0x00, 0x00, 0x00, 0x00
.byte 0xff, 0xff, 0xff, 0xff, 0x00, 0x00, 0x00, 0x00
.globl _sym_00bd2078
_sym_00bd2078:
.byte 0x22, 0x05, 0x93, 0x19, 0x04, 0x00, 0x00, 0x00
.long _sym_00bd2058
.byte 0x00, 0x00, 0x00, 0x00, 0x00, 0x00, 0x00, 0x00, 0x00, 0x00, 0x00, 0x00, 0x00, 0x00, 0x00, 0x00
.byte 0x00, 0x00, 0x00, 0x00, 0x01, 0x00, 0x00, 0x00
.globl _sym_00bd209c
_sym_00bd209c:
.byte 0xff, 0xff, 0xff, 0xff
.long _sym_00aadb20
.byte 0xff, 0xff, 0xff, 0xff
.long _sym_00aadb2e
.byte 0xff, 0xff, 0xff, 0xff
.long _sym_00aadb3c
.byte 0xff, 0xff, 0xff, 0xff
.long _sym_00aadb4a
.globl _sym_00bd20bc
_sym_00bd20bc:
.byte 0x22, 0x05, 0x93, 0x19, 0x04, 0x00, 0x00, 0x00
.long _sym_00bd209c
.byte 0x00, 0x00, 0x00, 0x00, 0x00, 0x00, 0x00, 0x00, 0x00, 0x00, 0x00, 0x00, 0x00, 0x00, 0x00, 0x00
.byte 0x00, 0x00, 0x00, 0x00, 0x01, 0x00, 0x00, 0x00
.globl _sym_00bd20e0
_sym_00bd20e0:
.byte 0xff, 0xff, 0xff, 0xff
.long _sym_00aadeb0
.byte 0xff, 0xff, 0xff, 0xff, 0x00, 0x00, 0x00, 0x00, 0xff, 0xff, 0xff, 0xff, 0x00, 0x00, 0x00, 0x00
.byte 0xff, 0xff, 0xff, 0xff, 0x00, 0x00, 0x00, 0x00
.globl _sym_00bd2100
_sym_00bd2100:
.byte 0x22, 0x05, 0x93, 0x19, 0x04, 0x00, 0x00, 0x00
.long _sym_00bd20e0
.byte 0x00, 0x00, 0x00, 0x00, 0x00, 0x00, 0x00, 0x00, 0x00, 0x00, 0x00, 0x00, 0x00, 0x00, 0x00, 0x00
.byte 0x00, 0x00, 0x00, 0x00, 0x01, 0x00, 0x00, 0x00
.globl _sym_00bd2124
_sym_00bd2124:
.byte 0xff, 0xff, 0xff, 0xff
.long _sym_00aadbe0
.byte 0xff, 0xff, 0xff, 0xff
.long _sym_00aadbee
.byte 0xff, 0xff, 0xff, 0xff
.long _sym_00aadbfc
.byte 0xff, 0xff, 0xff, 0xff
.long _sym_00aadc0a
.globl _sym_00bd2144
_sym_00bd2144:
.byte 0x22, 0x05, 0x93, 0x19, 0x04, 0x00, 0x00, 0x00
.long _sym_00bd2124
.byte 0x00, 0x00, 0x00, 0x00, 0x00, 0x00, 0x00, 0x00, 0x00, 0x00, 0x00, 0x00, 0x00, 0x00, 0x00, 0x00
.byte 0x00, 0x00, 0x00, 0x00, 0x01, 0x00, 0x00, 0x00
.globl _sym_00bd2168
_sym_00bd2168:
.byte 0xff, 0xff, 0xff, 0xff
.long _sym_00aadf10
.byte 0xff, 0xff, 0xff, 0xff, 0x00, 0x00, 0x00, 0x00, 0xff, 0xff, 0xff, 0xff, 0x00, 0x00, 0x00, 0x00
.byte 0xff, 0xff, 0xff, 0xff, 0x00, 0x00, 0x00, 0x00
.globl _sym_00bd2188
_sym_00bd2188:
.byte 0x22, 0x05, 0x93, 0x19, 0x04, 0x00, 0x00, 0x00
.long _sym_00bd2168
.byte 0x00, 0x00, 0x00, 0x00, 0x00, 0x00, 0x00, 0x00, 0x00, 0x00, 0x00, 0x00, 0x00, 0x00, 0x00, 0x00
.byte 0x00, 0x00, 0x00, 0x00, 0x01, 0x00, 0x00, 0x00
.globl _sym_00bd21ac
_sym_00bd21ac:
.byte 0xff, 0xff, 0xff, 0xff
.long _sym_00aadac0
.byte 0xff, 0xff, 0xff, 0xff
.long _sym_00aadace
.byte 0xff, 0xff, 0xff, 0xff
.long _sym_00aadadc
.byte 0xff, 0xff, 0xff, 0xff
.long _sym_00aadaea
.globl _sym_00bd21cc
_sym_00bd21cc:
.byte 0x22, 0x05, 0x93, 0x19, 0x04, 0x00, 0x00, 0x00
.long _sym_00bd21ac
.byte 0x00, 0x00, 0x00, 0x00, 0x00, 0x00, 0x00, 0x00, 0x00, 0x00, 0x00, 0x00, 0x00, 0x00, 0x00, 0x00
.byte 0x00, 0x00, 0x00, 0x00, 0x01, 0x00, 0x00, 0x00
.globl _sym_00bd21f0
_sym_00bd21f0:
.byte 0xff, 0xff, 0xff, 0xff
.long _sym_00aade80
.byte 0xff, 0xff, 0xff, 0xff, 0x00, 0x00, 0x00, 0x00, 0xff, 0xff, 0xff, 0xff, 0x00, 0x00, 0x00, 0x00
.byte 0xff, 0xff, 0xff, 0xff, 0x00, 0x00, 0x00, 0x00
.globl _sym_00bd2210
_sym_00bd2210:
.byte 0x22, 0x05, 0x93, 0x19, 0x04, 0x00, 0x00, 0x00
.long _sym_00bd21f0
.byte 0x00, 0x00, 0x00, 0x00, 0x00, 0x00, 0x00, 0x00, 0x00, 0x00, 0x00, 0x00, 0x00, 0x00, 0x00, 0x00
.byte 0x00, 0x00, 0x00, 0x00, 0x01, 0x00, 0x00, 0x00
.globl _sym_00bd2234
_sym_00bd2234:
.byte 0xff, 0xff, 0xff, 0xff
.long _sym_00aad0d0
.globl _sym_00bd223c
_sym_00bd223c:
.byte 0x22, 0x05, 0x93, 0x19, 0x01, 0x00, 0x00, 0x00
.long _sym_00bd2234
.byte 0x00, 0x00, 0x00, 0x00, 0x00, 0x00, 0x00, 0x00, 0x00, 0x00, 0x00, 0x00, 0x00, 0x00, 0x00, 0x00
.byte 0x00, 0x00, 0x00, 0x00, 0x01, 0x00, 0x00, 0x00
.globl _sym_00bd2260
_sym_00bd2260:
.byte 0xff, 0xff, 0xff, 0xff
.long _sym_00aad940
.globl _sym_00bd2268
_sym_00bd2268:
.byte 0x22, 0x05, 0x93, 0x19, 0x01, 0x00, 0x00, 0x00
.long _sym_00bd2260
.byte 0x00, 0x00, 0x00, 0x00, 0x00, 0x00, 0x00, 0x00, 0x00, 0x00, 0x00, 0x00, 0x00, 0x00, 0x00, 0x00
.byte 0x00, 0x00, 0x00, 0x00, 0x01, 0x00, 0x00, 0x00
.globl _sym_00bd228c
_sym_00bd228c:
.byte 0xff, 0xff, 0xff, 0xff
.long _sym_00aad910
.globl _sym_00bd2294
_sym_00bd2294:
.byte 0x22, 0x05, 0x93, 0x19, 0x01, 0x00, 0x00, 0x00
.long _sym_00bd228c
.byte 0x00, 0x00, 0x00, 0x00, 0x00, 0x00, 0x00, 0x00, 0x00, 0x00, 0x00, 0x00, 0x00, 0x00, 0x00, 0x00
.byte 0x00, 0x00, 0x00, 0x00, 0x01, 0x00, 0x00, 0x00
.globl _sym_00bd22b8
_sym_00bd22b8:
.byte 0xff, 0xff, 0xff, 0xff
.long _sym_00aad520
.byte 0xff, 0xff, 0xff, 0xff, 0x00, 0x00, 0x00, 0x00, 0xff, 0xff, 0xff, 0xff, 0x00, 0x00, 0x00, 0x00
.byte 0xff, 0xff, 0xff, 0xff, 0x00, 0x00, 0x00, 0x00
.globl _sym_00bd22d8
_sym_00bd22d8:
.byte 0x22, 0x05, 0x93, 0x19, 0x04, 0x00, 0x00, 0x00
.long _sym_00bd22b8
.byte 0x00, 0x00, 0x00, 0x00, 0x00, 0x00, 0x00, 0x00, 0x00, 0x00, 0x00, 0x00, 0x00, 0x00, 0x00, 0x00
.byte 0x00, 0x00, 0x00, 0x00, 0x01, 0x00, 0x00, 0x00
.globl _sym_00bd22fc
_sym_00bd22fc:
.byte 0xff, 0xff, 0xff, 0xff
.long _sym_00aad4f0
.byte 0xff, 0xff, 0xff, 0xff, 0x00, 0x00, 0x00, 0x00, 0xff, 0xff, 0xff, 0xff, 0x00, 0x00, 0x00, 0x00
.byte 0xff, 0xff, 0xff, 0xff, 0x00, 0x00, 0x00, 0x00
.globl _sym_00bd231c
_sym_00bd231c:
.byte 0x22, 0x05, 0x93, 0x19, 0x04, 0x00, 0x00, 0x00
.long _sym_00bd22fc
.byte 0x00, 0x00, 0x00, 0x00, 0x00, 0x00, 0x00, 0x00, 0x00, 0x00, 0x00, 0x00, 0x00, 0x00, 0x00, 0x00
.byte 0x00, 0x00, 0x00, 0x00, 0x01, 0x00, 0x00, 0x00
.globl _sym_00bd2340
_sym_00bd2340:
.byte 0xff, 0xff, 0xff, 0xff
.long _sym_00aad550
.byte 0xff, 0xff, 0xff, 0xff, 0x00, 0x00, 0x00, 0x00, 0xff, 0xff, 0xff, 0xff, 0x00, 0x00, 0x00, 0x00
.byte 0xff, 0xff, 0xff, 0xff, 0x00, 0x00, 0x00, 0x00
.globl _sym_00bd2360
_sym_00bd2360:
.byte 0x22, 0x05, 0x93, 0x19, 0x04, 0x00, 0x00, 0x00
.long _sym_00bd2340
.byte 0x00, 0x00, 0x00, 0x00, 0x00, 0x00, 0x00, 0x00, 0x00, 0x00, 0x00, 0x00, 0x00, 0x00, 0x00, 0x00
.byte 0x00, 0x00, 0x00, 0x00, 0x01, 0x00, 0x00, 0x00
.globl _sym_00bd2384
_sym_00bd2384:
.byte 0xff, 0xff, 0xff, 0xff
.long _sym_00aad580
.byte 0xff, 0xff, 0xff, 0xff, 0x00, 0x00, 0x00, 0x00, 0xff, 0xff, 0xff, 0xff, 0x00, 0x00, 0x00, 0x00
.byte 0xff, 0xff, 0xff, 0xff, 0x00, 0x00, 0x00, 0x00
.globl _sym_00bd23a4
_sym_00bd23a4:
.byte 0x22, 0x05, 0x93, 0x19, 0x04, 0x00, 0x00, 0x00
.long _sym_00bd2384
.byte 0x00, 0x00, 0x00, 0x00, 0x00, 0x00, 0x00, 0x00, 0x00, 0x00, 0x00, 0x00, 0x00, 0x00, 0x00, 0x00
.byte 0x00, 0x00, 0x00, 0x00, 0x01, 0x00, 0x00, 0x00
.globl _sym_00bd23c8
_sym_00bd23c8:
.byte 0xff, 0xff, 0xff, 0xff
.long _sym_00aad4c0
.byte 0xff, 0xff, 0xff, 0xff, 0x00, 0x00, 0x00, 0x00, 0xff, 0xff, 0xff, 0xff, 0x00, 0x00, 0x00, 0x00
.byte 0xff, 0xff, 0xff, 0xff, 0x00, 0x00, 0x00, 0x00
.globl _sym_00bd23e8
_sym_00bd23e8:
.byte 0x22, 0x05, 0x93, 0x19, 0x04, 0x00, 0x00, 0x00
.long _sym_00bd23c8
.byte 0x00, 0x00, 0x00, 0x00, 0x00, 0x00, 0x00, 0x00, 0x00, 0x00, 0x00, 0x00, 0x00, 0x00, 0x00, 0x00
.byte 0x00, 0x00, 0x00, 0x00, 0x01, 0x00, 0x00, 0x00
.globl _sym_00bd240c
_sym_00bd240c:
.byte 0xff, 0xff, 0xff, 0xff
.long _sym_00aad790
.globl _sym_00bd2414
_sym_00bd2414:
.byte 0x22, 0x05, 0x93, 0x19, 0x01, 0x00, 0x00, 0x00
.long _sym_00bd240c
.byte 0x00, 0x00, 0x00, 0x00, 0x00, 0x00, 0x00, 0x00, 0x00, 0x00, 0x00, 0x00, 0x00, 0x00, 0x00, 0x00
.byte 0x00, 0x00, 0x00, 0x00, 0x01, 0x00, 0x00, 0x00
.globl _sym_00bd2438
_sym_00bd2438:
.byte 0xff, 0xff, 0xff, 0xff
.long _sym_00aad850
.globl _sym_00bd2440
_sym_00bd2440:
.byte 0x22, 0x05, 0x93, 0x19, 0x01, 0x00, 0x00, 0x00
.long _sym_00bd2438
.byte 0x00, 0x00, 0x00, 0x00, 0x00, 0x00, 0x00, 0x00, 0x00, 0x00, 0x00, 0x00, 0x00, 0x00, 0x00, 0x00
.byte 0x00, 0x00, 0x00, 0x00, 0x01, 0x00, 0x00, 0x00
.globl _sym_00bd2464
_sym_00bd2464:
.byte 0xff, 0xff, 0xff, 0xff
.long _sym_00aad7c0
.globl _sym_00bd246c
_sym_00bd246c:
.byte 0x22, 0x05, 0x93, 0x19, 0x01, 0x00, 0x00, 0x00
.long _sym_00bd2464
.byte 0x00, 0x00, 0x00, 0x00, 0x00, 0x00, 0x00, 0x00, 0x00, 0x00, 0x00, 0x00, 0x00, 0x00, 0x00, 0x00
.byte 0x00, 0x00, 0x00, 0x00, 0x01, 0x00, 0x00, 0x00
.globl _sym_00bd2490
_sym_00bd2490:
.byte 0xff, 0xff, 0xff, 0xff
.long _sym_00aad820
.globl _sym_00bd2498
_sym_00bd2498:
.byte 0x22, 0x05, 0x93, 0x19, 0x01, 0x00, 0x00, 0x00
.long _sym_00bd2490
.byte 0x00, 0x00, 0x00, 0x00, 0x00, 0x00, 0x00, 0x00, 0x00, 0x00, 0x00, 0x00, 0x00, 0x00, 0x00, 0x00
.byte 0x00, 0x00, 0x00, 0x00, 0x01, 0x00, 0x00, 0x00
.globl _sym_00bd24bc
_sym_00bd24bc:
.byte 0xff, 0xff, 0xff, 0xff
.long _sym_00aad7f0
.globl _sym_00bd24c4
_sym_00bd24c4:
.byte 0x22, 0x05, 0x93, 0x19, 0x01, 0x00, 0x00, 0x00
.long _sym_00bd24bc
.byte 0x00, 0x00, 0x00, 0x00, 0x00, 0x00, 0x00, 0x00, 0x00, 0x00, 0x00, 0x00, 0x00, 0x00, 0x00, 0x00
.byte 0x00, 0x00, 0x00, 0x00, 0x01, 0x00, 0x00, 0x00
.globl _sym_00bd24e8
_sym_00bd24e8:
.byte 0xff, 0xff, 0xff, 0xff
.long _sym_00aad340
.byte 0xff, 0xff, 0xff, 0xff, 0x00, 0x00, 0x00, 0x00, 0xff, 0xff, 0xff, 0xff, 0x00, 0x00, 0x00, 0x00
.byte 0xff, 0xff, 0xff, 0xff, 0x00, 0x00, 0x00, 0x00
.globl _sym_00bd2508
_sym_00bd2508:
.byte 0x22, 0x05, 0x93, 0x19, 0x04, 0x00, 0x00, 0x00
.long _sym_00bd24e8
.byte 0x00, 0x00, 0x00, 0x00, 0x00, 0x00, 0x00, 0x00, 0x00, 0x00, 0x00, 0x00, 0x00, 0x00, 0x00, 0x00
.byte 0x00, 0x00, 0x00, 0x00, 0x01, 0x00, 0x00, 0x00
.globl _sym_00bd252c
_sym_00bd252c:
.byte 0xff, 0xff, 0xff, 0xff
.long _sym_00aad310
.byte 0xff, 0xff, 0xff, 0xff, 0x00, 0x00, 0x00, 0x00, 0xff, 0xff, 0xff, 0xff, 0x00, 0x00, 0x00, 0x00
.byte 0xff, 0xff, 0xff, 0xff, 0x00, 0x00, 0x00, 0x00
.globl _sym_00bd254c
_sym_00bd254c:
.byte 0x22, 0x05, 0x93, 0x19, 0x04, 0x00, 0x00, 0x00
.long _sym_00bd252c
.byte 0x00, 0x00, 0x00, 0x00, 0x00, 0x00, 0x00, 0x00, 0x00, 0x00, 0x00, 0x00, 0x00, 0x00, 0x00, 0x00
.byte 0x00, 0x00, 0x00, 0x00, 0x01, 0x00, 0x00, 0x00
.globl _sym_00bd2570
_sym_00bd2570:
.byte 0xff, 0xff, 0xff, 0xff
.long _sym_00aad370
.byte 0xff, 0xff, 0xff, 0xff, 0x00, 0x00, 0x00, 0x00, 0xff, 0xff, 0xff, 0xff, 0x00, 0x00, 0x00, 0x00
.byte 0xff, 0xff, 0xff, 0xff, 0x00, 0x00, 0x00, 0x00
.globl _sym_00bd2590
_sym_00bd2590:
.byte 0x22, 0x05, 0x93, 0x19, 0x04, 0x00, 0x00, 0x00
.long _sym_00bd2570
.byte 0x00, 0x00, 0x00, 0x00, 0x00, 0x00, 0x00, 0x00, 0x00, 0x00, 0x00, 0x00, 0x00, 0x00, 0x00, 0x00
.byte 0x00, 0x00, 0x00, 0x00, 0x01, 0x00, 0x00, 0x00
.globl _sym_00bd25b4
_sym_00bd25b4:
.byte 0xff, 0xff, 0xff, 0xff
.long _sym_00aad3a0
.byte 0xff, 0xff, 0xff, 0xff, 0x00, 0x00, 0x00, 0x00, 0xff, 0xff, 0xff, 0xff, 0x00, 0x00, 0x00, 0x00
.byte 0xff, 0xff, 0xff, 0xff, 0x00, 0x00, 0x00, 0x00
.globl _sym_00bd25d4
_sym_00bd25d4:
.byte 0x22, 0x05, 0x93, 0x19, 0x04, 0x00, 0x00, 0x00
.long _sym_00bd25b4
.byte 0x00, 0x00, 0x00, 0x00, 0x00, 0x00, 0x00, 0x00, 0x00, 0x00, 0x00, 0x00, 0x00, 0x00, 0x00, 0x00
.byte 0x00, 0x00, 0x00, 0x00, 0x01, 0x00, 0x00, 0x00
.globl _sym_00bd25f8
_sym_00bd25f8:
.byte 0xff, 0xff, 0xff, 0xff
.long _sym_00aad2e0
.byte 0xff, 0xff, 0xff, 0xff, 0x00, 0x00, 0x00, 0x00, 0xff, 0xff, 0xff, 0xff, 0x00, 0x00, 0x00, 0x00
.byte 0xff, 0xff, 0xff, 0xff, 0x00, 0x00, 0x00, 0x00
.globl _sym_00bd2618
_sym_00bd2618:
.byte 0x22, 0x05, 0x93, 0x19, 0x04, 0x00, 0x00, 0x00
.long _sym_00bd25f8
.byte 0x00, 0x00, 0x00, 0x00, 0x00, 0x00, 0x00, 0x00, 0x00, 0x00, 0x00, 0x00, 0x00, 0x00, 0x00, 0x00
.byte 0x00, 0x00, 0x00, 0x00, 0x01, 0x00, 0x00, 0x00
.globl _sym_00bd263c
_sym_00bd263c:
.byte 0xff, 0xff, 0xff, 0xff
.long _sym_00aad5b0
.byte 0xff, 0xff, 0xff, 0xff, 0x00, 0x00, 0x00, 0x00, 0xff, 0xff, 0xff, 0xff, 0x00, 0x00, 0x00, 0x00
.byte 0xff, 0xff, 0xff, 0xff, 0x00, 0x00, 0x00, 0x00
.globl _sym_00bd265c
_sym_00bd265c:
.byte 0x22, 0x05, 0x93, 0x19, 0x04, 0x00, 0x00, 0x00
.long _sym_00bd263c
.byte 0x00, 0x00, 0x00, 0x00, 0x00, 0x00, 0x00, 0x00, 0x00, 0x00, 0x00, 0x00, 0x00, 0x00, 0x00, 0x00
.byte 0x00, 0x00, 0x00, 0x00, 0x01, 0x00, 0x00, 0x00
.globl _sym_00bd2680
_sym_00bd2680:
.byte 0xff, 0xff, 0xff, 0xff
.long _sym_00aad6a0
.byte 0xff, 0xff, 0xff, 0xff, 0x00, 0x00, 0x00, 0x00, 0xff, 0xff, 0xff, 0xff, 0x00, 0x00, 0x00, 0x00
.byte 0xff, 0xff, 0xff, 0xff, 0x00, 0x00, 0x00, 0x00
.globl _sym_00bd26a0
_sym_00bd26a0:
.byte 0x22, 0x05, 0x93, 0x19, 0x04, 0x00, 0x00, 0x00
.long _sym_00bd2680
.byte 0x00, 0x00, 0x00, 0x00, 0x00, 0x00, 0x00, 0x00, 0x00, 0x00, 0x00, 0x00, 0x00, 0x00, 0x00, 0x00
.byte 0x00, 0x00, 0x00, 0x00, 0x01, 0x00, 0x00, 0x00
.globl _sym_00bd26c4
_sym_00bd26c4:
.byte 0xff, 0xff, 0xff, 0xff
.long _sym_00aadca0
.byte 0xff, 0xff, 0xff, 0xff, 0x00, 0x00, 0x00, 0x00, 0xff, 0xff, 0xff, 0xff, 0x00, 0x00, 0x00, 0x00
.byte 0xff, 0xff, 0xff, 0xff, 0x00, 0x00, 0x00, 0x00
.globl _sym_00bd26e4
_sym_00bd26e4:
.byte 0x22, 0x05, 0x93, 0x19, 0x04, 0x00, 0x00, 0x00
.long _sym_00bd26c4
.byte 0x00, 0x00, 0x00, 0x00, 0x00, 0x00, 0x00, 0x00, 0x00, 0x00, 0x00, 0x00, 0x00, 0x00, 0x00, 0x00
.byte 0x00, 0x00, 0x00, 0x00, 0x01, 0x00, 0x00, 0x00
.globl _sym_00bd2708
_sym_00bd2708:
.byte 0xff, 0xff, 0xff, 0xff
.long _sym_00aad670
.byte 0xff, 0xff, 0xff, 0xff, 0x00, 0x00, 0x00, 0x00, 0xff, 0xff, 0xff, 0xff, 0x00, 0x00, 0x00, 0x00
.byte 0xff, 0xff, 0xff, 0xff, 0x00, 0x00, 0x00, 0x00
.globl _sym_00bd2728
_sym_00bd2728:
.byte 0x22, 0x05, 0x93, 0x19, 0x04, 0x00, 0x00, 0x00
.long _sym_00bd2708
.byte 0x00, 0x00, 0x00, 0x00, 0x00, 0x00, 0x00, 0x00, 0x00, 0x00, 0x00, 0x00, 0x00, 0x00, 0x00, 0x00
.byte 0x00, 0x00, 0x00, 0x00, 0x01, 0x00, 0x00, 0x00
.globl _sym_00bd274c
_sym_00bd274c:
.byte 0xff, 0xff, 0xff, 0xff
.long _sym_00aad760
.byte 0xff, 0xff, 0xff, 0xff, 0x00, 0x00, 0x00, 0x00, 0xff, 0xff, 0xff, 0xff, 0x00, 0x00, 0x00, 0x00
.byte 0xff, 0xff, 0xff, 0xff, 0x00, 0x00, 0x00, 0x00
.globl _sym_00bd276c
_sym_00bd276c:
.byte 0x22, 0x05, 0x93, 0x19, 0x04, 0x00, 0x00, 0x00
.long _sym_00bd274c
.byte 0x00, 0x00, 0x00, 0x00, 0x00, 0x00, 0x00, 0x00, 0x00, 0x00, 0x00, 0x00, 0x00, 0x00, 0x00, 0x00
.byte 0x00, 0x00, 0x00, 0x00, 0x01, 0x00, 0x00, 0x00
.globl _sym_00bd2790
_sym_00bd2790:
.byte 0xff, 0xff, 0xff, 0xff
.long _sym_00aadd60
.byte 0xff, 0xff, 0xff, 0xff, 0x00, 0x00, 0x00, 0x00, 0xff, 0xff, 0xff, 0xff, 0x00, 0x00, 0x00, 0x00
.byte 0xff, 0xff, 0xff, 0xff, 0x00, 0x00, 0x00, 0x00
.globl _sym_00bd27b0
_sym_00bd27b0:
.byte 0x22, 0x05, 0x93, 0x19, 0x04, 0x00, 0x00, 0x00
.long _sym_00bd2790
.byte 0x00, 0x00, 0x00, 0x00, 0x00, 0x00, 0x00, 0x00, 0x00, 0x00, 0x00, 0x00, 0x00, 0x00, 0x00, 0x00
.byte 0x00, 0x00, 0x00, 0x00, 0x01, 0x00, 0x00, 0x00
.globl _sym_00bd27d4
_sym_00bd27d4:
.byte 0xff, 0xff, 0xff, 0xff
.long _sym_00aad5e0
.byte 0xff, 0xff, 0xff, 0xff, 0x00, 0x00, 0x00, 0x00, 0xff, 0xff, 0xff, 0xff, 0x00, 0x00, 0x00, 0x00
.byte 0xff, 0xff, 0xff, 0xff, 0x00, 0x00, 0x00, 0x00
.globl _sym_00bd27f4
_sym_00bd27f4:
.byte 0x22, 0x05, 0x93, 0x19, 0x04, 0x00, 0x00, 0x00
.long _sym_00bd27d4
.byte 0x00, 0x00, 0x00, 0x00, 0x00, 0x00, 0x00, 0x00, 0x00, 0x00, 0x00, 0x00, 0x00, 0x00, 0x00, 0x00
.byte 0x00, 0x00, 0x00, 0x00, 0x01, 0x00, 0x00, 0x00
.globl _sym_00bd2818
_sym_00bd2818:
.byte 0xff, 0xff, 0xff, 0xff
.long _sym_00aad6d0
.byte 0xff, 0xff, 0xff, 0xff, 0x00, 0x00, 0x00, 0x00, 0xff, 0xff, 0xff, 0xff, 0x00, 0x00, 0x00, 0x00
.byte 0xff, 0xff, 0xff, 0xff, 0x00, 0x00, 0x00, 0x00
.globl _sym_00bd2838
_sym_00bd2838:
.byte 0x22, 0x05, 0x93, 0x19, 0x04, 0x00, 0x00, 0x00
.long _sym_00bd2818
.byte 0x00, 0x00, 0x00, 0x00, 0x00, 0x00, 0x00, 0x00, 0x00, 0x00, 0x00, 0x00, 0x00, 0x00, 0x00, 0x00
.byte 0x00, 0x00, 0x00, 0x00, 0x01, 0x00, 0x00, 0x00
.globl _sym_00bd285c
_sym_00bd285c:
.byte 0xff, 0xff, 0xff, 0xff
.long _sym_00aadcd0
.byte 0xff, 0xff, 0xff, 0xff, 0x00, 0x00, 0x00, 0x00, 0xff, 0xff, 0xff, 0xff, 0x00, 0x00, 0x00, 0x00
.byte 0xff, 0xff, 0xff, 0xff, 0x00, 0x00, 0x00, 0x00
.globl _sym_00bd287c
_sym_00bd287c:
.byte 0x22, 0x05, 0x93, 0x19, 0x04, 0x00, 0x00, 0x00
.long _sym_00bd285c
.byte 0x00, 0x00, 0x00, 0x00, 0x00, 0x00, 0x00, 0x00, 0x00, 0x00, 0x00, 0x00, 0x00, 0x00, 0x00, 0x00
.byte 0x00, 0x00, 0x00, 0x00, 0x01, 0x00, 0x00, 0x00
.globl _sym_00bd28a0
_sym_00bd28a0:
.byte 0xff, 0xff, 0xff, 0xff
.long _sym_00aad640
.byte 0xff, 0xff, 0xff, 0xff, 0x00, 0x00, 0x00, 0x00, 0xff, 0xff, 0xff, 0xff, 0x00, 0x00, 0x00, 0x00
.byte 0xff, 0xff, 0xff, 0xff, 0x00, 0x00, 0x00, 0x00
.globl _sym_00bd28c0
_sym_00bd28c0:
.byte 0x22, 0x05, 0x93, 0x19, 0x04, 0x00, 0x00, 0x00
.long _sym_00bd28a0
.byte 0x00, 0x00, 0x00, 0x00, 0x00, 0x00, 0x00, 0x00, 0x00, 0x00, 0x00, 0x00, 0x00, 0x00, 0x00, 0x00
.byte 0x00, 0x00, 0x00, 0x00, 0x01, 0x00, 0x00, 0x00
.globl _sym_00bd28e4
_sym_00bd28e4:
.byte 0xff, 0xff, 0xff, 0xff
.long _sym_00aad730
.byte 0xff, 0xff, 0xff, 0xff, 0x00, 0x00, 0x00, 0x00, 0xff, 0xff, 0xff, 0xff, 0x00, 0x00, 0x00, 0x00
.byte 0xff, 0xff, 0xff, 0xff, 0x00, 0x00, 0x00, 0x00
.globl _sym_00bd2904
_sym_00bd2904:
.byte 0x22, 0x05, 0x93, 0x19, 0x04, 0x00, 0x00, 0x00
.long _sym_00bd28e4
.byte 0x00, 0x00, 0x00, 0x00, 0x00, 0x00, 0x00, 0x00, 0x00, 0x00, 0x00, 0x00, 0x00, 0x00, 0x00, 0x00
.byte 0x00, 0x00, 0x00, 0x00, 0x01, 0x00, 0x00, 0x00
.globl _sym_00bd2928
_sym_00bd2928:
.byte 0xff, 0xff, 0xff, 0xff
.long _sym_00aadd30
.byte 0xff, 0xff, 0xff, 0xff, 0x00, 0x00, 0x00, 0x00, 0xff, 0xff, 0xff, 0xff, 0x00, 0x00, 0x00, 0x00
.byte 0xff, 0xff, 0xff, 0xff, 0x00, 0x00, 0x00, 0x00
.globl _sym_00bd2948
_sym_00bd2948:
.byte 0x22, 0x05, 0x93, 0x19, 0x04, 0x00, 0x00, 0x00
.long _sym_00bd2928
.byte 0x00, 0x00, 0x00, 0x00, 0x00, 0x00, 0x00, 0x00, 0x00, 0x00, 0x00, 0x00, 0x00, 0x00, 0x00, 0x00
.byte 0x00, 0x00, 0x00, 0x00, 0x01, 0x00, 0x00, 0x00
.globl _sym_00bd296c
_sym_00bd296c:
.byte 0xff, 0xff, 0xff, 0xff
.long _sym_00aad610
.byte 0xff, 0xff, 0xff, 0xff, 0x00, 0x00, 0x00, 0x00, 0xff, 0xff, 0xff, 0xff, 0x00, 0x00, 0x00, 0x00
.byte 0xff, 0xff, 0xff, 0xff, 0x00, 0x00, 0x00, 0x00
.globl _sym_00bd298c
_sym_00bd298c:
.byte 0x22, 0x05, 0x93, 0x19, 0x04, 0x00, 0x00, 0x00
.long _sym_00bd296c
.byte 0x00, 0x00, 0x00, 0x00, 0x00, 0x00, 0x00, 0x00, 0x00, 0x00, 0x00, 0x00, 0x00, 0x00, 0x00, 0x00
.byte 0x00, 0x00, 0x00, 0x00, 0x01, 0x00, 0x00, 0x00
.globl _sym_00bd29b0
_sym_00bd29b0:
.byte 0xff, 0xff, 0xff, 0xff
.long _sym_00aad700
.byte 0xff, 0xff, 0xff, 0xff, 0x00, 0x00, 0x00, 0x00, 0xff, 0xff, 0xff, 0xff, 0x00, 0x00, 0x00, 0x00
.byte 0xff, 0xff, 0xff, 0xff, 0x00, 0x00, 0x00, 0x00
.globl _sym_00bd29d0
_sym_00bd29d0:
.byte 0x22, 0x05, 0x93, 0x19, 0x04, 0x00, 0x00, 0x00
.long _sym_00bd29b0
.byte 0x00, 0x00, 0x00, 0x00, 0x00, 0x00, 0x00, 0x00, 0x00, 0x00, 0x00, 0x00, 0x00, 0x00, 0x00, 0x00
.byte 0x00, 0x00, 0x00, 0x00, 0x01, 0x00, 0x00, 0x00
.globl _sym_00bd29f4
_sym_00bd29f4:
.byte 0xff, 0xff, 0xff, 0xff
.long _sym_00aadd00
.byte 0xff, 0xff, 0xff, 0xff, 0x00, 0x00, 0x00, 0x00, 0xff, 0xff, 0xff, 0xff, 0x00, 0x00, 0x00, 0x00
.byte 0xff, 0xff, 0xff, 0xff, 0x00, 0x00, 0x00, 0x00
.globl _sym_00bd2a14
_sym_00bd2a14:
.byte 0x22, 0x05, 0x93, 0x19, 0x04, 0x00, 0x00, 0x00
.long _sym_00bd29f4
.byte 0x00, 0x00, 0x00, 0x00, 0x00, 0x00, 0x00, 0x00, 0x00, 0x00, 0x00, 0x00, 0x00, 0x00, 0x00, 0x00
.byte 0x00, 0x00, 0x00, 0x00, 0x01, 0x00, 0x00, 0x00
.globl _sym_00bd2a38
_sym_00bd2a38:
.byte 0xff, 0xff, 0xff, 0xff
.long _sym_00aae0c0
.byte 0xff, 0xff, 0xff, 0xff, 0x00, 0x00, 0x00, 0x00, 0xff, 0xff, 0xff, 0xff, 0x00, 0x00, 0x00, 0x00
.byte 0xff, 0xff, 0xff, 0xff, 0x00, 0x00, 0x00, 0x00
.globl _sym_00bd2a58
_sym_00bd2a58:
.byte 0x22, 0x05, 0x93, 0x19, 0x04, 0x00, 0x00, 0x00
.long _sym_00bd2a38
.byte 0x00, 0x00, 0x00, 0x00, 0x00, 0x00, 0x00, 0x00, 0x00, 0x00, 0x00, 0x00, 0x00, 0x00, 0x00, 0x00
.byte 0x00, 0x00, 0x00, 0x00, 0x01, 0x00, 0x00, 0x00
.globl _sym_00bd2a7c
_sym_00bd2a7c:
.byte 0xff, 0xff, 0xff, 0xff
.long _sym_00aae090
.byte 0xff, 0xff, 0xff, 0xff, 0x00, 0x00, 0x00, 0x00, 0xff, 0xff, 0xff, 0xff, 0x00, 0x00, 0x00, 0x00
.byte 0xff, 0xff, 0xff, 0xff, 0x00, 0x00, 0x00, 0x00
.globl _sym_00bd2a9c
_sym_00bd2a9c:
.byte 0x22, 0x05, 0x93, 0x19, 0x04, 0x00, 0x00, 0x00
.long _sym_00bd2a7c
.byte 0x00, 0x00, 0x00, 0x00, 0x00, 0x00, 0x00, 0x00, 0x00, 0x00, 0x00, 0x00, 0x00, 0x00, 0x00, 0x00
.byte 0x00, 0x00, 0x00, 0x00, 0x01, 0x00, 0x00, 0x00
.globl _sym_00bd2ac0
_sym_00bd2ac0:
.byte 0xff, 0xff, 0xff, 0xff
.long _sym_00aae0f0
.byte 0xff, 0xff, 0xff, 0xff, 0x00, 0x00, 0x00, 0x00, 0xff, 0xff, 0xff, 0xff, 0x00, 0x00, 0x00, 0x00
.byte 0xff, 0xff, 0xff, 0xff, 0x00, 0x00, 0x00, 0x00
.globl _sym_00bd2ae0
_sym_00bd2ae0:
.byte 0x22, 0x05, 0x93, 0x19, 0x04, 0x00, 0x00, 0x00
.long _sym_00bd2ac0
.byte 0x00, 0x00, 0x00, 0x00, 0x00, 0x00, 0x00, 0x00, 0x00, 0x00, 0x00, 0x00, 0x00, 0x00, 0x00, 0x00
.byte 0x00, 0x00, 0x00, 0x00, 0x01, 0x00, 0x00, 0x00
.globl _sym_00bd2b04
_sym_00bd2b04:
.byte 0xff, 0xff, 0xff, 0xff
.long _sym_00aae120
.byte 0xff, 0xff, 0xff, 0xff, 0x00, 0x00, 0x00, 0x00, 0xff, 0xff, 0xff, 0xff, 0x00, 0x00, 0x00, 0x00
.byte 0xff, 0xff, 0xff, 0xff, 0x00, 0x00, 0x00, 0x00
.globl _sym_00bd2b24
_sym_00bd2b24:
.byte 0x22, 0x05, 0x93, 0x19, 0x04, 0x00, 0x00, 0x00
.long _sym_00bd2b04
.byte 0x00, 0x00, 0x00, 0x00, 0x00, 0x00, 0x00, 0x00, 0x00, 0x00, 0x00, 0x00, 0x00, 0x00, 0x00, 0x00
.byte 0x00, 0x00, 0x00, 0x00, 0x01, 0x00, 0x00, 0x00
.globl _sym_00bd2b48
_sym_00bd2b48:
.byte 0xff, 0xff, 0xff, 0xff
.long _sym_00aae060
.byte 0xff, 0xff, 0xff, 0xff, 0x00, 0x00, 0x00, 0x00, 0xff, 0xff, 0xff, 0xff, 0x00, 0x00, 0x00, 0x00
.byte 0xff, 0xff, 0xff, 0xff, 0x00, 0x00, 0x00, 0x00
.globl _sym_00bd2b68
_sym_00bd2b68:
.byte 0x22, 0x05, 0x93, 0x19, 0x04, 0x00, 0x00, 0x00
.long _sym_00bd2b48
.byte 0x00, 0x00, 0x00, 0x00, 0x00, 0x00, 0x00, 0x00, 0x00, 0x00, 0x00, 0x00, 0x00, 0x00, 0x00, 0x00
.byte 0x00, 0x00, 0x00, 0x00, 0x01, 0x00, 0x00, 0x00
.globl _sym_00bd2b8c
_sym_00bd2b8c:
.byte 0xff, 0xff, 0xff, 0xff
.long _sym_00aae420
.globl _sym_00bd2b94
_sym_00bd2b94:
.byte 0x22, 0x05, 0x93, 0x19, 0x01, 0x00, 0x00, 0x00
.long _sym_00bd2b8c
.byte 0x00, 0x00, 0x00, 0x00, 0x00, 0x00, 0x00, 0x00, 0x00, 0x00, 0x00, 0x00, 0x00, 0x00, 0x00, 0x00
.byte 0x00, 0x00, 0x00, 0x00, 0x01, 0x00, 0x00, 0x00
.globl _sym_00bd2bb8
_sym_00bd2bb8:
.byte 0xff, 0xff, 0xff, 0xff
.long _sym_00aad100
.byte 0xff, 0xff, 0xff, 0xff, 0x00, 0x00, 0x00, 0x00, 0xff, 0xff, 0xff, 0xff, 0x00, 0x00, 0x00, 0x00
.byte 0xff, 0xff, 0xff, 0xff, 0x00, 0x00, 0x00, 0x00
.globl _sym_00bd2bd8
_sym_00bd2bd8:
.byte 0x22, 0x05, 0x93, 0x19, 0x04, 0x00, 0x00, 0x00
.long _sym_00bd2bb8
.byte 0x00, 0x00, 0x00, 0x00, 0x00, 0x00, 0x00, 0x00, 0x00, 0x00, 0x00, 0x00, 0x00, 0x00, 0x00, 0x00
.byte 0x00, 0x00, 0x00, 0x00, 0x01, 0x00, 0x00, 0x00
.globl _sym_00bd2bfc
_sym_00bd2bfc:
.byte 0xff, 0xff, 0xff, 0xff
.long _sym_00aad1c0
.byte 0xff, 0xff, 0xff, 0xff, 0x00, 0x00, 0x00, 0x00, 0xff, 0xff, 0xff, 0xff, 0x00, 0x00, 0x00, 0x00
.byte 0xff, 0xff, 0xff, 0xff, 0x00, 0x00, 0x00, 0x00
.globl _sym_00bd2c1c
_sym_00bd2c1c:
.byte 0x22, 0x05, 0x93, 0x19, 0x04, 0x00, 0x00, 0x00
.long _sym_00bd2bfc
.byte 0x00, 0x00, 0x00, 0x00, 0x00, 0x00, 0x00, 0x00, 0x00, 0x00, 0x00, 0x00, 0x00, 0x00, 0x00, 0x00
.byte 0x00, 0x00, 0x00, 0x00, 0x01, 0x00, 0x00, 0x00
.globl _sym_00bd2c40
_sym_00bd2c40:
.byte 0xff, 0xff, 0xff, 0xff
.long _sym_00aad130
.byte 0xff, 0xff, 0xff, 0xff, 0x00, 0x00, 0x00, 0x00, 0xff, 0xff, 0xff, 0xff, 0x00, 0x00, 0x00, 0x00
.byte 0xff, 0xff, 0xff, 0xff, 0x00, 0x00, 0x00, 0x00
.globl _sym_00bd2c60
_sym_00bd2c60:
.byte 0x22, 0x05, 0x93, 0x19, 0x04, 0x00, 0x00, 0x00
.long _sym_00bd2c40
.byte 0x00, 0x00, 0x00, 0x00, 0x00, 0x00, 0x00, 0x00, 0x00, 0x00, 0x00, 0x00, 0x00, 0x00, 0x00, 0x00
.byte 0x00, 0x00, 0x00, 0x00, 0x01, 0x00, 0x00, 0x00
.globl _sym_00bd2c84
_sym_00bd2c84:
.byte 0xff, 0xff, 0xff, 0xff
.long _sym_00aad190
.byte 0xff, 0xff, 0xff, 0xff, 0x00, 0x00, 0x00, 0x00, 0xff, 0xff, 0xff, 0xff, 0x00, 0x00, 0x00, 0x00
.byte 0xff, 0xff, 0xff, 0xff, 0x00, 0x00, 0x00, 0x00
.globl _sym_00bd2ca4
_sym_00bd2ca4:
.byte 0x22, 0x05, 0x93, 0x19, 0x04, 0x00, 0x00, 0x00
.long _sym_00bd2c84
.byte 0x00, 0x00, 0x00, 0x00, 0x00, 0x00, 0x00, 0x00, 0x00, 0x00, 0x00, 0x00, 0x00, 0x00, 0x00, 0x00
.byte 0x00, 0x00, 0x00, 0x00, 0x01, 0x00, 0x00, 0x00
.globl _sym_00bd2cc8
_sym_00bd2cc8:
.byte 0xff, 0xff, 0xff, 0xff
.long _sym_00aad160
.byte 0xff, 0xff, 0xff, 0xff, 0x00, 0x00, 0x00, 0x00, 0xff, 0xff, 0xff, 0xff, 0x00, 0x00, 0x00, 0x00
.byte 0xff, 0xff, 0xff, 0xff, 0x00, 0x00, 0x00, 0x00
.globl _sym_00bd2ce8
_sym_00bd2ce8:
.byte 0x22, 0x05, 0x93, 0x19, 0x04, 0x00, 0x00, 0x00
.long _sym_00bd2cc8
.byte 0x00, 0x00, 0x00, 0x00, 0x00, 0x00, 0x00, 0x00, 0x00, 0x00, 0x00, 0x00, 0x00, 0x00, 0x00, 0x00
.byte 0x00, 0x00, 0x00, 0x00, 0x01, 0x00, 0x00, 0x00
.globl _sym_00bd2d0c
_sym_00bd2d0c:
.byte 0xff, 0xff, 0xff, 0xff
.long _sym_00aad430
.byte 0xff, 0xff, 0xff, 0xff, 0x00, 0x00, 0x00, 0x00, 0xff, 0xff, 0xff, 0xff, 0x00, 0x00, 0x00, 0x00
.byte 0xff, 0xff, 0xff, 0xff, 0x00, 0x00, 0x00, 0x00
.globl _sym_00bd2d2c
_sym_00bd2d2c:
.byte 0x22, 0x05, 0x93, 0x19, 0x04, 0x00, 0x00, 0x00
.long _sym_00bd2d0c
.byte 0x00, 0x00, 0x00, 0x00, 0x00, 0x00, 0x00, 0x00, 0x00, 0x00, 0x00, 0x00, 0x00, 0x00, 0x00, 0x00
.byte 0x00, 0x00, 0x00, 0x00, 0x01, 0x00, 0x00, 0x00
.globl _sym_00bd2d50
_sym_00bd2d50:
.byte 0xff, 0xff, 0xff, 0xff
.long _sym_00aad400
.byte 0xff, 0xff, 0xff, 0xff, 0x00, 0x00, 0x00, 0x00, 0xff, 0xff, 0xff, 0xff, 0x00, 0x00, 0x00, 0x00
.byte 0xff, 0xff, 0xff, 0xff, 0x00, 0x00, 0x00, 0x00
.globl _sym_00bd2d70
_sym_00bd2d70:
.byte 0x22, 0x05, 0x93, 0x19, 0x04, 0x00, 0x00, 0x00
.long _sym_00bd2d50
.byte 0x00, 0x00, 0x00, 0x00, 0x00, 0x00, 0x00, 0x00, 0x00, 0x00, 0x00, 0x00, 0x00, 0x00, 0x00, 0x00
.byte 0x00, 0x00, 0x00, 0x00, 0x01, 0x00, 0x00, 0x00
.globl _sym_00bd2d94
_sym_00bd2d94:
.byte 0xff, 0xff, 0xff, 0xff
.long _sym_00aad460
.byte 0xff, 0xff, 0xff, 0xff, 0x00, 0x00, 0x00, 0x00, 0xff, 0xff, 0xff, 0xff, 0x00, 0x00, 0x00, 0x00
.byte 0xff, 0xff, 0xff, 0xff, 0x00, 0x00, 0x00, 0x00
.globl _sym_00bd2db4
_sym_00bd2db4:
.byte 0x22, 0x05, 0x93, 0x19, 0x04, 0x00, 0x00, 0x00
.long _sym_00bd2d94
.byte 0x00, 0x00, 0x00, 0x00, 0x00, 0x00, 0x00, 0x00, 0x00, 0x00, 0x00, 0x00, 0x00, 0x00, 0x00, 0x00
.byte 0x00, 0x00, 0x00, 0x00, 0x01, 0x00, 0x00, 0x00
.globl _sym_00bd2dd8
_sym_00bd2dd8:
.byte 0xff, 0xff, 0xff, 0xff
.long _sym_00aad490
.byte 0xff, 0xff, 0xff, 0xff, 0x00, 0x00, 0x00, 0x00, 0xff, 0xff, 0xff, 0xff, 0x00, 0x00, 0x00, 0x00
.byte 0xff, 0xff, 0xff, 0xff, 0x00, 0x00, 0x00, 0x00
.globl _sym_00bd2df8
_sym_00bd2df8:
.byte 0x22, 0x05, 0x93, 0x19, 0x04, 0x00, 0x00, 0x00
.long _sym_00bd2dd8
.byte 0x00, 0x00, 0x00, 0x00, 0x00, 0x00, 0x00, 0x00, 0x00, 0x00, 0x00, 0x00, 0x00, 0x00, 0x00, 0x00
.byte 0x00, 0x00, 0x00, 0x00, 0x01, 0x00, 0x00, 0x00
.globl _sym_00bd2e1c
_sym_00bd2e1c:
.byte 0xff, 0xff, 0xff, 0xff
.long _sym_00aad3d0
.byte 0xff, 0xff, 0xff, 0xff, 0x00, 0x00, 0x00, 0x00, 0xff, 0xff, 0xff, 0xff, 0x00, 0x00, 0x00, 0x00
.byte 0xff, 0xff, 0xff, 0xff, 0x00, 0x00, 0x00, 0x00
.globl _sym_00bd2e3c
_sym_00bd2e3c:
.byte 0x22, 0x05, 0x93, 0x19, 0x04, 0x00, 0x00, 0x00
.long _sym_00bd2e1c
.byte 0x00, 0x00, 0x00, 0x00, 0x00, 0x00, 0x00, 0x00, 0x00, 0x00, 0x00, 0x00, 0x00, 0x00, 0x00, 0x00
.byte 0x00, 0x00, 0x00, 0x00, 0x01, 0x00, 0x00, 0x00
.globl _sym_00bd2e60
_sym_00bd2e60:
.byte 0xff, 0xff, 0xff, 0xff
.long _sym_00aadd90
.byte 0xff, 0xff, 0xff, 0xff, 0x00, 0x00, 0x00, 0x00, 0xff, 0xff, 0xff, 0xff, 0x00, 0x00, 0x00, 0x00
.byte 0xff, 0xff, 0xff, 0xff, 0x00, 0x00, 0x00, 0x00
.globl _sym_00bd2e80
_sym_00bd2e80:
.byte 0x22, 0x05, 0x93, 0x19, 0x04, 0x00, 0x00, 0x00
.long _sym_00bd2e60
.byte 0x00, 0x00, 0x00, 0x00, 0x00, 0x00, 0x00, 0x00, 0x00, 0x00, 0x00, 0x00, 0x00, 0x00, 0x00, 0x00
.byte 0x00, 0x00, 0x00, 0x00, 0x01, 0x00, 0x00, 0x00
.globl _sym_00bd2ea4
_sym_00bd2ea4:
.byte 0xff, 0xff, 0xff, 0xff
.long _sym_00aae240
.byte 0xff, 0xff, 0xff, 0xff, 0x00, 0x00, 0x00, 0x00, 0xff, 0xff, 0xff, 0xff, 0x00, 0x00, 0x00, 0x00
.byte 0xff, 0xff, 0xff, 0xff, 0x00, 0x00, 0x00, 0x00
.globl _sym_00bd2ec4
_sym_00bd2ec4:
.byte 0x22, 0x05, 0x93, 0x19, 0x04, 0x00, 0x00, 0x00
.long _sym_00bd2ea4
.byte 0x00, 0x00, 0x00, 0x00, 0x00, 0x00, 0x00, 0x00, 0x00, 0x00, 0x00, 0x00, 0x00, 0x00, 0x00, 0x00
.byte 0x00, 0x00, 0x00, 0x00, 0x01, 0x00, 0x00, 0x00
.globl _sym_00bd2ee8
_sym_00bd2ee8:
.byte 0xff, 0xff, 0xff, 0xff
.long _sym_00aae330
.byte 0xff, 0xff, 0xff, 0xff, 0x00, 0x00, 0x00, 0x00, 0xff, 0xff, 0xff, 0xff, 0x00, 0x00, 0x00, 0x00
.byte 0xff, 0xff, 0xff, 0xff, 0x00, 0x00, 0x00, 0x00
.globl _sym_00bd2f08
_sym_00bd2f08:
.byte 0x22, 0x05, 0x93, 0x19, 0x04, 0x00, 0x00, 0x00
.long _sym_00bd2ee8
.byte 0x00, 0x00, 0x00, 0x00, 0x00, 0x00, 0x00, 0x00, 0x00, 0x00, 0x00, 0x00, 0x00, 0x00, 0x00, 0x00
.byte 0x00, 0x00, 0x00, 0x00, 0x01, 0x00, 0x00, 0x00
.globl _sym_00bd2f2c
_sym_00bd2f2c:
.byte 0xff, 0xff, 0xff, 0xff
.long _sym_00aade50
.byte 0xff, 0xff, 0xff, 0xff, 0x00, 0x00, 0x00, 0x00, 0xff, 0xff, 0xff, 0xff, 0x00, 0x00, 0x00, 0x00
.byte 0xff, 0xff, 0xff, 0xff, 0x00, 0x00, 0x00, 0x00
.globl _sym_00bd2f4c
_sym_00bd2f4c:
.byte 0x22, 0x05, 0x93, 0x19, 0x04, 0x00, 0x00, 0x00
.long _sym_00bd2f2c
.byte 0x00, 0x00, 0x00, 0x00, 0x00, 0x00, 0x00, 0x00, 0x00, 0x00, 0x00, 0x00, 0x00, 0x00, 0x00, 0x00
.byte 0x00, 0x00, 0x00, 0x00, 0x01, 0x00, 0x00, 0x00
.globl _sym_00bd2f70
_sym_00bd2f70:
.byte 0xff, 0xff, 0xff, 0xff
.long _sym_00aae300
.byte 0xff, 0xff, 0xff, 0xff, 0x00, 0x00, 0x00, 0x00, 0xff, 0xff, 0xff, 0xff, 0x00, 0x00, 0x00, 0x00
.byte 0xff, 0xff, 0xff, 0xff, 0x00, 0x00, 0x00, 0x00
.globl _sym_00bd2f90
_sym_00bd2f90:
.byte 0x22, 0x05, 0x93, 0x19, 0x04, 0x00, 0x00, 0x00
.long _sym_00bd2f70
.byte 0x00, 0x00, 0x00, 0x00, 0x00, 0x00, 0x00, 0x00, 0x00, 0x00, 0x00, 0x00, 0x00, 0x00, 0x00, 0x00
.byte 0x00, 0x00, 0x00, 0x00, 0x01, 0x00, 0x00, 0x00
.globl _sym_00bd2fb4
_sym_00bd2fb4:
.byte 0xff, 0xff, 0xff, 0xff
.long _sym_00aae3f0
.byte 0xff, 0xff, 0xff, 0xff, 0x00, 0x00, 0x00, 0x00, 0xff, 0xff, 0xff, 0xff, 0x00, 0x00, 0x00, 0x00
.byte 0xff, 0xff, 0xff, 0xff, 0x00, 0x00, 0x00, 0x00
.globl _sym_00bd2fd4
_sym_00bd2fd4:
.byte 0x22, 0x05, 0x93, 0x19, 0x04, 0x00, 0x00, 0x00
.long _sym_00bd2fb4
.byte 0x00, 0x00, 0x00, 0x00, 0x00, 0x00, 0x00, 0x00, 0x00, 0x00, 0x00, 0x00, 0x00, 0x00, 0x00, 0x00
.byte 0x00, 0x00, 0x00, 0x00, 0x01, 0x00, 0x00, 0x00
.globl _sym_00bd2ff8
_sym_00bd2ff8:
.byte 0xff, 0xff, 0xff, 0xff
.long _sym_00aaddc0
.byte 0xff, 0xff, 0xff, 0xff, 0x00, 0x00, 0x00, 0x00, 0xff, 0xff, 0xff, 0xff, 0x00, 0x00, 0x00, 0x00
.byte 0xff, 0xff, 0xff, 0xff, 0x00, 0x00, 0x00, 0x00
.globl _sym_00bd3018
_sym_00bd3018:
.byte 0x22, 0x05, 0x93, 0x19, 0x04, 0x00, 0x00, 0x00
.long _sym_00bd2ff8
.byte 0x00, 0x00, 0x00, 0x00, 0x00, 0x00, 0x00, 0x00, 0x00, 0x00, 0x00, 0x00, 0x00, 0x00, 0x00, 0x00
.byte 0x00, 0x00, 0x00, 0x00, 0x01, 0x00, 0x00, 0x00
.globl _sym_00bd303c
_sym_00bd303c:
.byte 0xff, 0xff, 0xff, 0xff
.long _sym_00aae270
.byte 0xff, 0xff, 0xff, 0xff, 0x00, 0x00, 0x00, 0x00, 0xff, 0xff, 0xff, 0xff, 0x00, 0x00, 0x00, 0x00
.byte 0xff, 0xff, 0xff, 0xff, 0x00, 0x00, 0x00, 0x00
.globl _sym_00bd305c
_sym_00bd305c:
.byte 0x22, 0x05, 0x93, 0x19, 0x04, 0x00, 0x00, 0x00
.long _sym_00bd303c
.byte 0x00, 0x00, 0x00, 0x00, 0x00, 0x00, 0x00, 0x00, 0x00, 0x00, 0x00, 0x00, 0x00, 0x00, 0x00, 0x00
.byte 0x00, 0x00, 0x00, 0x00, 0x01, 0x00, 0x00, 0x00
.globl _sym_00bd3080
_sym_00bd3080:
.byte 0xff, 0xff, 0xff, 0xff
.long _sym_00aae360
.byte 0xff, 0xff, 0xff, 0xff, 0x00, 0x00, 0x00, 0x00, 0xff, 0xff, 0xff, 0xff, 0x00, 0x00, 0x00, 0x00
.byte 0xff, 0xff, 0xff, 0xff, 0x00, 0x00, 0x00, 0x00
.globl _sym_00bd30a0
_sym_00bd30a0:
.byte 0x22, 0x05, 0x93, 0x19, 0x04, 0x00, 0x00, 0x00
.long _sym_00bd3080
.byte 0x00, 0x00, 0x00, 0x00, 0x00, 0x00, 0x00, 0x00, 0x00, 0x00, 0x00, 0x00, 0x00, 0x00, 0x00, 0x00
.byte 0x00, 0x00, 0x00, 0x00, 0x01, 0x00, 0x00, 0x00
.globl _sym_00bd30c4
_sym_00bd30c4:
.byte 0xff, 0xff, 0xff, 0xff
.long _sym_00aade20
.byte 0xff, 0xff, 0xff, 0xff, 0x00, 0x00, 0x00, 0x00, 0xff, 0xff, 0xff, 0xff, 0x00, 0x00, 0x00, 0x00
.byte 0xff, 0xff, 0xff, 0xff, 0x00, 0x00, 0x00, 0x00
.globl _sym_00bd30e4
_sym_00bd30e4:
.byte 0x22, 0x05, 0x93, 0x19, 0x04, 0x00, 0x00, 0x00
.long _sym_00bd30c4
.byte 0x00, 0x00, 0x00, 0x00, 0x00, 0x00, 0x00, 0x00, 0x00, 0x00, 0x00, 0x00, 0x00, 0x00, 0x00, 0x00
.byte 0x00, 0x00, 0x00, 0x00, 0x01, 0x00, 0x00, 0x00
.globl _sym_00bd3108
_sym_00bd3108:
.byte 0xff, 0xff, 0xff, 0xff
.long _sym_00aae2d0
.byte 0xff, 0xff, 0xff, 0xff, 0x00, 0x00, 0x00, 0x00, 0xff, 0xff, 0xff, 0xff, 0x00, 0x00, 0x00, 0x00
.byte 0xff, 0xff, 0xff, 0xff, 0x00, 0x00, 0x00, 0x00
.globl _sym_00bd3128
_sym_00bd3128:
.byte 0x22, 0x05, 0x93, 0x19, 0x04, 0x00, 0x00, 0x00
.long _sym_00bd3108
.byte 0x00, 0x00, 0x00, 0x00, 0x00, 0x00, 0x00, 0x00, 0x00, 0x00, 0x00, 0x00, 0x00, 0x00, 0x00, 0x00
.byte 0x00, 0x00, 0x00, 0x00, 0x01, 0x00, 0x00, 0x00
.globl _sym_00bd314c
_sym_00bd314c:
.byte 0xff, 0xff, 0xff, 0xff
.long _sym_00aae3c0
.byte 0xff, 0xff, 0xff, 0xff, 0x00, 0x00, 0x00, 0x00, 0xff, 0xff, 0xff, 0xff, 0x00, 0x00, 0x00, 0x00
.byte 0xff, 0xff, 0xff, 0xff, 0x00, 0x00, 0x00, 0x00
.globl _sym_00bd316c
_sym_00bd316c:
.byte 0x22, 0x05, 0x93, 0x19, 0x04, 0x00, 0x00, 0x00
.long _sym_00bd314c
.byte 0x00, 0x00, 0x00, 0x00, 0x00, 0x00, 0x00, 0x00, 0x00, 0x00, 0x00, 0x00, 0x00, 0x00, 0x00, 0x00
.byte 0x00, 0x00, 0x00, 0x00, 0x01, 0x00, 0x00, 0x00
.globl _sym_00bd3190
_sym_00bd3190:
.byte 0xff, 0xff, 0xff, 0xff
.long _sym_00aaddf0
.byte 0xff, 0xff, 0xff, 0xff, 0x00, 0x00, 0x00, 0x00, 0xff, 0xff, 0xff, 0xff, 0x00, 0x00, 0x00, 0x00
.byte 0xff, 0xff, 0xff, 0xff, 0x00, 0x00, 0x00, 0x00
.globl _sym_00bd31b0
_sym_00bd31b0:
.byte 0x22, 0x05, 0x93, 0x19, 0x04, 0x00, 0x00, 0x00
.long _sym_00bd3190
.byte 0x00, 0x00, 0x00, 0x00, 0x00, 0x00, 0x00, 0x00, 0x00, 0x00, 0x00, 0x00, 0x00, 0x00, 0x00, 0x00
.byte 0x00, 0x00, 0x00, 0x00, 0x01, 0x00, 0x00, 0x00
.globl _sym_00bd31d4
_sym_00bd31d4:
.byte 0xff, 0xff, 0xff, 0xff
.long _sym_00aae2a0
.byte 0xff, 0xff, 0xff, 0xff, 0x00, 0x00, 0x00, 0x00, 0xff, 0xff, 0xff, 0xff, 0x00, 0x00, 0x00, 0x00
.byte 0xff, 0xff, 0xff, 0xff, 0x00, 0x00, 0x00, 0x00
.globl _sym_00bd31f4
_sym_00bd31f4:
.byte 0x22, 0x05, 0x93, 0x19, 0x04, 0x00, 0x00, 0x00
.long _sym_00bd31d4
.byte 0x00, 0x00, 0x00, 0x00, 0x00, 0x00, 0x00, 0x00, 0x00, 0x00, 0x00, 0x00, 0x00, 0x00, 0x00, 0x00
.byte 0x00, 0x00, 0x00, 0x00, 0x01, 0x00, 0x00, 0x00
.globl _sym_00bd3218
_sym_00bd3218:
.byte 0xff, 0xff, 0xff, 0xff
.long _sym_00aae390
.byte 0xff, 0xff, 0xff, 0xff, 0x00, 0x00, 0x00, 0x00, 0xff, 0xff, 0xff, 0xff, 0x00, 0x00, 0x00, 0x00
.byte 0xff, 0xff, 0xff, 0xff, 0x00, 0x00, 0x00, 0x00
.globl _sym_00bd3238
_sym_00bd3238:
.byte 0x22, 0x05, 0x93, 0x19, 0x04, 0x00, 0x00, 0x00
.long _sym_00bd3218
.byte 0x00, 0x00, 0x00, 0x00, 0x00, 0x00, 0x00, 0x00, 0x00, 0x00, 0x00, 0x00, 0x00, 0x00, 0x00, 0x00
.byte 0x00, 0x00, 0x00, 0x00, 0x01, 0x00, 0x00, 0x00
.globl _sym_00bd325c
_sym_00bd325c:
.byte 0xff, 0xff, 0xff, 0xff
.long _sym_00aad1f0
.byte 0xff, 0xff, 0xff, 0xff, 0x00, 0x00, 0x00, 0x00, 0xff, 0xff, 0xff, 0xff, 0x00, 0x00, 0x00, 0x00
.byte 0xff, 0xff, 0xff, 0xff, 0x00, 0x00, 0x00, 0x00
.globl _sym_00bd327c
_sym_00bd327c:
.byte 0x22, 0x05, 0x93, 0x19, 0x04, 0x00, 0x00, 0x00
.long _sym_00bd325c
.byte 0x00, 0x00, 0x00, 0x00, 0x00, 0x00, 0x00, 0x00, 0x00, 0x00, 0x00, 0x00, 0x00, 0x00, 0x00, 0x00
.byte 0x00, 0x00, 0x00, 0x00, 0x01, 0x00, 0x00, 0x00
.globl _sym_00bd32a0
_sym_00bd32a0:
.byte 0xff, 0xff, 0xff, 0xff
.long _sym_00aae150
.byte 0xff, 0xff, 0xff, 0xff, 0x00, 0x00, 0x00, 0x00, 0xff, 0xff, 0xff, 0xff, 0x00, 0x00, 0x00, 0x00
.byte 0xff, 0xff, 0xff, 0xff, 0x00, 0x00, 0x00, 0x00
.globl _sym_00bd32c0
_sym_00bd32c0:
.byte 0x22, 0x05, 0x93, 0x19, 0x04, 0x00, 0x00, 0x00
.long _sym_00bd32a0
.byte 0x00, 0x00, 0x00, 0x00, 0x00, 0x00, 0x00, 0x00, 0x00, 0x00, 0x00, 0x00, 0x00, 0x00, 0x00, 0x00
.byte 0x00, 0x00, 0x00, 0x00, 0x01, 0x00, 0x00, 0x00
.globl _sym_00bd32e4
_sym_00bd32e4:
.byte 0xff, 0xff, 0xff, 0xff
.long _sym_00aadf70
.byte 0xff, 0xff, 0xff, 0xff, 0x00, 0x00, 0x00, 0x00, 0xff, 0xff, 0xff, 0xff, 0x00, 0x00, 0x00, 0x00
.byte 0xff, 0xff, 0xff, 0xff, 0x00, 0x00, 0x00, 0x00
.globl _sym_00bd3304
_sym_00bd3304:
.byte 0x22, 0x05, 0x93, 0x19, 0x04, 0x00, 0x00, 0x00
.long _sym_00bd32e4
.byte 0x00, 0x00, 0x00, 0x00, 0x00, 0x00, 0x00, 0x00, 0x00, 0x00, 0x00, 0x00, 0x00, 0x00, 0x00, 0x00
.byte 0x00, 0x00, 0x00, 0x00, 0x01, 0x00, 0x00, 0x00
.globl _sym_00bd3328
_sym_00bd3328:
.byte 0xff, 0xff, 0xff, 0xff
.long _sym_00aad2b0
.byte 0xff, 0xff, 0xff, 0xff, 0x00, 0x00, 0x00, 0x00, 0xff, 0xff, 0xff, 0xff, 0x00, 0x00, 0x00, 0x00
.byte 0xff, 0xff, 0xff, 0xff, 0x00, 0x00, 0x00, 0x00
.globl _sym_00bd3348
_sym_00bd3348:
.byte 0x22, 0x05, 0x93, 0x19, 0x04, 0x00, 0x00, 0x00
.long _sym_00bd3328
.byte 0x00, 0x00, 0x00, 0x00, 0x00, 0x00, 0x00, 0x00, 0x00, 0x00, 0x00, 0x00, 0x00, 0x00, 0x00, 0x00
.byte 0x00, 0x00, 0x00, 0x00, 0x01, 0x00, 0x00, 0x00
.globl _sym_00bd336c
_sym_00bd336c:
.byte 0xff, 0xff, 0xff, 0xff
.long _sym_00aae210
.byte 0xff, 0xff, 0xff, 0xff, 0x00, 0x00, 0x00, 0x00, 0xff, 0xff, 0xff, 0xff, 0x00, 0x00, 0x00, 0x00
.byte 0xff, 0xff, 0xff, 0xff, 0x00, 0x00, 0x00, 0x00
.globl _sym_00bd338c
_sym_00bd338c:
.byte 0x22, 0x05, 0x93, 0x19, 0x04, 0x00, 0x00, 0x00
.long _sym_00bd336c
.byte 0x00, 0x00, 0x00, 0x00, 0x00, 0x00, 0x00, 0x00, 0x00, 0x00, 0x00, 0x00, 0x00, 0x00, 0x00, 0x00
.byte 0x00, 0x00, 0x00, 0x00, 0x01, 0x00, 0x00, 0x00
.globl _sym_00bd33b0
_sym_00bd33b0:
.byte 0xff, 0xff, 0xff, 0xff
.long _sym_00aae030
.byte 0xff, 0xff, 0xff, 0xff, 0x00, 0x00, 0x00, 0x00, 0xff, 0xff, 0xff, 0xff, 0x00, 0x00, 0x00, 0x00
.byte 0xff, 0xff, 0xff, 0xff, 0x00, 0x00, 0x00, 0x00
.globl _sym_00bd33d0
_sym_00bd33d0:
.byte 0x22, 0x05, 0x93, 0x19, 0x04, 0x00, 0x00, 0x00
.long _sym_00bd33b0
.byte 0x00, 0x00, 0x00, 0x00, 0x00, 0x00, 0x00, 0x00, 0x00, 0x00, 0x00, 0x00, 0x00, 0x00, 0x00, 0x00
.byte 0x00, 0x00, 0x00, 0x00, 0x01, 0x00, 0x00, 0x00
.globl _sym_00bd33f4
_sym_00bd33f4:
.byte 0xff, 0xff, 0xff, 0xff
.long _sym_00aad220
.byte 0xff, 0xff, 0xff, 0xff, 0x00, 0x00, 0x00, 0x00, 0xff, 0xff, 0xff, 0xff, 0x00, 0x00, 0x00, 0x00
.byte 0xff, 0xff, 0xff, 0xff, 0x00, 0x00, 0x00, 0x00
.globl _sym_00bd3414
_sym_00bd3414:
.byte 0x22, 0x05, 0x93, 0x19, 0x04, 0x00, 0x00, 0x00
.long _sym_00bd33f4
.byte 0x00, 0x00, 0x00, 0x00, 0x00, 0x00, 0x00, 0x00, 0x00, 0x00, 0x00, 0x00, 0x00, 0x00, 0x00, 0x00
.byte 0x00, 0x00, 0x00, 0x00, 0x01, 0x00, 0x00, 0x00
.globl _sym_00bd3438
_sym_00bd3438:
.byte 0xff, 0xff, 0xff, 0xff
.long _sym_00aae180
.byte 0xff, 0xff, 0xff, 0xff, 0x00, 0x00, 0x00, 0x00, 0xff, 0xff, 0xff, 0xff, 0x00, 0x00, 0x00, 0x00
.byte 0xff, 0xff, 0xff, 0xff, 0x00, 0x00, 0x00, 0x00
.globl _sym_00bd3458
_sym_00bd3458:
.byte 0x22, 0x05, 0x93, 0x19, 0x04, 0x00, 0x00, 0x00
.long _sym_00bd3438
.byte 0x00, 0x00, 0x00, 0x00, 0x00, 0x00, 0x00, 0x00, 0x00, 0x00, 0x00, 0x00, 0x00, 0x00, 0x00, 0x00
.byte 0x00, 0x00, 0x00, 0x00, 0x01, 0x00, 0x00, 0x00
.globl _sym_00bd347c
_sym_00bd347c:
.byte 0xff, 0xff, 0xff, 0xff
.long _sym_00aadfa0
.byte 0xff, 0xff, 0xff, 0xff, 0x00, 0x00, 0x00, 0x00, 0xff, 0xff, 0xff, 0xff, 0x00, 0x00, 0x00, 0x00
.byte 0xff, 0xff, 0xff, 0xff, 0x00, 0x00, 0x00, 0x00
.globl _sym_00bd349c
_sym_00bd349c:
.byte 0x22, 0x05, 0x93, 0x19, 0x04, 0x00, 0x00, 0x00
.long _sym_00bd347c
.byte 0x00, 0x00, 0x00, 0x00, 0x00, 0x00, 0x00, 0x00, 0x00, 0x00, 0x00, 0x00, 0x00, 0x00, 0x00, 0x00
.byte 0x00, 0x00, 0x00, 0x00, 0x01, 0x00, 0x00, 0x00
.globl _sym_00bd34c0
_sym_00bd34c0:
.byte 0xff, 0xff, 0xff, 0xff
.long _sym_00aad280
.byte 0xff, 0xff, 0xff, 0xff, 0x00, 0x00, 0x00, 0x00, 0xff, 0xff, 0xff, 0xff, 0x00, 0x00, 0x00, 0x00
.byte 0xff, 0xff, 0xff, 0xff, 0x00, 0x00, 0x00, 0x00
.globl _sym_00bd34e0
_sym_00bd34e0:
.byte 0x22, 0x05, 0x93, 0x19, 0x04, 0x00, 0x00, 0x00
.long _sym_00bd34c0
.byte 0x00, 0x00, 0x00, 0x00, 0x00, 0x00, 0x00, 0x00, 0x00, 0x00, 0x00, 0x00, 0x00, 0x00, 0x00, 0x00
.byte 0x00, 0x00, 0x00, 0x00, 0x01, 0x00, 0x00, 0x00
.globl _sym_00bd3504
_sym_00bd3504:
.byte 0xff, 0xff, 0xff, 0xff
.long _sym_00aae1e0
.byte 0xff, 0xff, 0xff, 0xff, 0x00, 0x00, 0x00, 0x00, 0xff, 0xff, 0xff, 0xff, 0x00, 0x00, 0x00, 0x00
.byte 0xff, 0xff, 0xff, 0xff, 0x00, 0x00, 0x00, 0x00
.globl _sym_00bd3524
_sym_00bd3524:
.byte 0x22, 0x05, 0x93, 0x19, 0x04, 0x00, 0x00, 0x00
.long _sym_00bd3504
.byte 0x00, 0x00, 0x00, 0x00, 0x00, 0x00, 0x00, 0x00, 0x00, 0x00, 0x00, 0x00, 0x00, 0x00, 0x00, 0x00
.byte 0x00, 0x00, 0x00, 0x00, 0x01, 0x00, 0x00, 0x00
.globl _sym_00bd3548
_sym_00bd3548:
.byte 0xff, 0xff, 0xff, 0xff
.long _sym_00aae000
.byte 0xff, 0xff, 0xff, 0xff, 0x00, 0x00, 0x00, 0x00, 0xff, 0xff, 0xff, 0xff, 0x00, 0x00, 0x00, 0x00
.byte 0xff, 0xff, 0xff, 0xff, 0x00, 0x00, 0x00, 0x00
.globl _sym_00bd3568
_sym_00bd3568:
.byte 0x22, 0x05, 0x93, 0x19, 0x04, 0x00, 0x00, 0x00
.long _sym_00bd3548
.byte 0x00, 0x00, 0x00, 0x00, 0x00, 0x00, 0x00, 0x00, 0x00, 0x00, 0x00, 0x00, 0x00, 0x00, 0x00, 0x00
.byte 0x00, 0x00, 0x00, 0x00, 0x01, 0x00, 0x00, 0x00
.globl _sym_00bd358c
_sym_00bd358c:
.byte 0xff, 0xff, 0xff, 0xff
.long _sym_00aad250
.byte 0xff, 0xff, 0xff, 0xff, 0x00, 0x00, 0x00, 0x00, 0xff, 0xff, 0xff, 0xff, 0x00, 0x00, 0x00, 0x00
.byte 0xff, 0xff, 0xff, 0xff, 0x00, 0x00, 0x00, 0x00
.globl _sym_00bd35ac
_sym_00bd35ac:
.byte 0x22, 0x05, 0x93, 0x19, 0x04, 0x00, 0x00, 0x00
.long _sym_00bd358c
.byte 0x00, 0x00, 0x00, 0x00, 0x00, 0x00, 0x00, 0x00, 0x00, 0x00, 0x00, 0x00, 0x00, 0x00, 0x00, 0x00
.byte 0x00, 0x00, 0x00, 0x00, 0x01, 0x00, 0x00, 0x00
.globl _sym_00bd35d0
_sym_00bd35d0:
.byte 0xff, 0xff, 0xff, 0xff
.long _sym_00aae1b0
.byte 0xff, 0xff, 0xff, 0xff, 0x00, 0x00, 0x00, 0x00, 0xff, 0xff, 0xff, 0xff, 0x00, 0x00, 0x00, 0x00
.byte 0xff, 0xff, 0xff, 0xff, 0x00, 0x00, 0x00, 0x00
.globl _sym_00bd35f0
_sym_00bd35f0:
.byte 0x22, 0x05, 0x93, 0x19, 0x04, 0x00, 0x00, 0x00
.long _sym_00bd35d0
.byte 0x00, 0x00, 0x00, 0x00, 0x00, 0x00, 0x00, 0x00, 0x00, 0x00, 0x00, 0x00, 0x00, 0x00, 0x00, 0x00
.byte 0x00, 0x00, 0x00, 0x00, 0x01, 0x00, 0x00, 0x00
.globl _sym_00bd3614
_sym_00bd3614:
.byte 0xff, 0xff, 0xff, 0xff
.long _sym_00aadfd0
.byte 0xff, 0xff, 0xff, 0xff, 0x00, 0x00, 0x00, 0x00, 0xff, 0xff, 0xff, 0xff, 0x00, 0x00, 0x00, 0x00
.byte 0xff, 0xff, 0xff, 0xff, 0x00, 0x00, 0x00, 0x00
.globl _sym_00bd3634
_sym_00bd3634:
.byte 0x22, 0x05, 0x93, 0x19, 0x04, 0x00, 0x00, 0x00
.long _sym_00bd3614
.byte 0x00, 0x00, 0x00, 0x00, 0x00, 0x00, 0x00, 0x00, 0x00, 0x00, 0x00, 0x00, 0x00, 0x00, 0x00, 0x00
.byte 0x00, 0x00, 0x00, 0x00, 0x01, 0x00, 0x00, 0x00
.globl _sym_00bd3658
_sym_00bd3658:
.byte 0x22, 0x05, 0x93, 0x19, 0x0b, 0x00, 0x00, 0x00
.long _sym_00bd367c
.byte 0x00, 0x00, 0x00, 0x00, 0x00, 0x00, 0x00, 0x00, 0x00, 0x00, 0x00, 0x00, 0x00, 0x00, 0x00, 0x00
.byte 0x00, 0x00, 0x00, 0x00, 0x01, 0x00, 0x00, 0x00
.globl _sym_00bd367c
_sym_00bd367c:
.byte 0xff, 0xff, 0xff, 0xff
.long _sym_00aae720
.byte 0x00, 0x00, 0x00, 0x00
.long _sym_00aae72e
.byte 0x00, 0x00, 0x00, 0x00, 0x00, 0x00, 0x00, 0x00, 0x00, 0x00, 0x00, 0x00, 0x00, 0x00, 0x00, 0x00
.byte 0x00, 0x00, 0x00, 0x00, 0x00, 0x00, 0x00, 0x00, 0xff, 0xff, 0xff, 0xff
.long _sym_00aae73c
.byte 0x05, 0x00, 0x00, 0x00
.long _sym_00aae74a
.byte 0x05, 0x00, 0x00, 0x00, 0x00, 0x00, 0x00, 0x00, 0x05, 0x00, 0x00, 0x00, 0x00, 0x00, 0x00, 0x00
.byte 0x05, 0x00, 0x00, 0x00, 0x00, 0x00, 0x00, 0x00, 0xff, 0xff, 0xff, 0xff
.long _sym_00aae758
.globl _sym_00bd36d4
_sym_00bd36d4:
.byte 0xff, 0xff, 0xff, 0xff
.long _sym_00aae630
.globl _sym_00bd36dc
_sym_00bd36dc:
.byte 0x22, 0x05, 0x93, 0x19, 0x01, 0x00, 0x00, 0x00
.long _sym_00bd36d4
.byte 0x00, 0x00, 0x00, 0x00, 0x00, 0x00, 0x00, 0x00, 0x00, 0x00, 0x00, 0x00, 0x00, 0x00, 0x00, 0x00
.byte 0x00, 0x00, 0x00, 0x00, 0x01, 0x00, 0x00, 0x00
.globl _sym_00bd3700
_sym_00bd3700:
.byte 0xff, 0xff, 0xff, 0xff
.long _sym_00aae790
.byte 0xff, 0xff, 0xff, 0xff
.long _sym_00aae79e
.byte 0xff, 0xff, 0xff, 0xff
.long _sym_00aae7ac
.byte 0xff, 0xff, 0xff, 0xff
.long _sym_00aae7ba
.globl _sym_00bd3720
_sym_00bd3720:
.byte 0x22, 0x05, 0x93, 0x19, 0x04, 0x00, 0x00, 0x00
.long _sym_00bd3700
.byte 0x00, 0x00, 0x00, 0x00, 0x00, 0x00, 0x00, 0x00, 0x00, 0x00, 0x00, 0x00, 0x00, 0x00, 0x00, 0x00
.byte 0x00, 0x00, 0x00, 0x00, 0x01, 0x00, 0x00, 0x00
.globl _sym_00bd3744
_sym_00bd3744:
.byte 0xff, 0xff, 0xff, 0xff
.long _sym_00aae660
.globl _sym_00bd374c
_sym_00bd374c:
.byte 0x22, 0x05, 0x93, 0x19, 0x01, 0x00, 0x00, 0x00
.long _sym_00bd3744
.byte 0x00, 0x00, 0x00, 0x00, 0x00, 0x00, 0x00, 0x00, 0x00, 0x00, 0x00, 0x00, 0x00, 0x00, 0x00, 0x00
.byte 0x00, 0x00, 0x00, 0x00, 0x01, 0x00, 0x00, 0x00
.globl _sym_00bd3770
_sym_00bd3770:
.byte 0xff, 0xff, 0xff, 0xff
.long _sym_00aae7f0
.byte 0xff, 0xff, 0xff, 0xff
.long _sym_00aae7fe
.byte 0xff, 0xff, 0xff, 0xff
.long _sym_00aae80c
.byte 0xff, 0xff, 0xff, 0xff
.long _sym_00aae81a
.globl _sym_00bd3790
_sym_00bd3790:
.byte 0x22, 0x05, 0x93, 0x19, 0x04, 0x00, 0x00, 0x00
.long _sym_00bd3770
.byte 0x00, 0x00, 0x00, 0x00, 0x00, 0x00, 0x00, 0x00, 0x00, 0x00, 0x00, 0x00, 0x00, 0x00, 0x00, 0x00
.byte 0x00, 0x00, 0x00, 0x00, 0x01, 0x00, 0x00, 0x00
.globl _sym_00bd37b4
_sym_00bd37b4:
.byte 0xff, 0xff, 0xff, 0xff
.long _sym_00aae8b0
.byte 0xff, 0xff, 0xff, 0xff, 0x00, 0x00, 0x00, 0x00, 0xff, 0xff, 0xff, 0xff, 0x00, 0x00, 0x00, 0x00
.byte 0xff, 0xff, 0xff, 0xff, 0x00, 0x00, 0x00, 0x00
.globl _sym_00bd37d4
_sym_00bd37d4:
.byte 0x22, 0x05, 0x93, 0x19, 0x04, 0x00, 0x00, 0x00
.long _sym_00bd37b4
.byte 0x00, 0x00, 0x00, 0x00, 0x00, 0x00, 0x00, 0x00, 0x00, 0x00, 0x00, 0x00, 0x00, 0x00, 0x00, 0x00
.byte 0x00, 0x00, 0x00, 0x00, 0x01, 0x00, 0x00, 0x00
.globl _sym_00bd37f8
_sym_00bd37f8:
.byte 0xff, 0xff, 0xff, 0xff
.long _sym_00aae9d0
.globl _sym_00bd3800
_sym_00bd3800:
.byte 0x22, 0x05, 0x93, 0x19, 0x01, 0x00, 0x00, 0x00
.long _sym_00bd37f8
.byte 0x00, 0x00, 0x00, 0x00, 0x00, 0x00, 0x00, 0x00, 0x00, 0x00, 0x00, 0x00, 0x00, 0x00, 0x00, 0x00
.byte 0x00, 0x00, 0x00, 0x00, 0x01, 0x00, 0x00, 0x00
.globl _sym_00bd3824
_sym_00bd3824:
.byte 0xff, 0xff, 0xff, 0xff
.long _sym_00aaea00
.globl _sym_00bd382c
_sym_00bd382c:
.byte 0x22, 0x05, 0x93, 0x19, 0x01, 0x00, 0x00, 0x00
.long _sym_00bd3824
.byte 0x00, 0x00, 0x00, 0x00, 0x00, 0x00, 0x00, 0x00, 0x00, 0x00, 0x00, 0x00, 0x00, 0x00, 0x00, 0x00
.byte 0x00, 0x00, 0x00, 0x00, 0x01, 0x00, 0x00, 0x00
.globl _sym_00bd3850
_sym_00bd3850:
.byte 0xff, 0xff, 0xff, 0xff
.long _sym_00aae690
.globl _sym_00bd3858
_sym_00bd3858:
.byte 0x22, 0x05, 0x93, 0x19, 0x01, 0x00, 0x00, 0x00
.long _sym_00bd3850
.byte 0x00, 0x00, 0x00, 0x00, 0x00, 0x00, 0x00, 0x00, 0x00, 0x00, 0x00, 0x00, 0x00, 0x00, 0x00, 0x00
.byte 0x00, 0x00, 0x00, 0x00, 0x01, 0x00, 0x00, 0x00
.globl _sym_00bd387c
_sym_00bd387c:
.byte 0xff, 0xff, 0xff, 0xff
.long _sym_00aae6f0
.globl _sym_00bd3884
_sym_00bd3884:
.byte 0x22, 0x05, 0x93, 0x19, 0x01, 0x00, 0x00, 0x00
.long _sym_00bd387c
.byte 0x00, 0x00, 0x00, 0x00, 0x00, 0x00, 0x00, 0x00, 0x00, 0x00, 0x00, 0x00, 0x00, 0x00, 0x00, 0x00
.byte 0x00, 0x00, 0x00, 0x00, 0x01, 0x00, 0x00, 0x00
.globl _sym_00bd38a8
_sym_00bd38a8:
.byte 0xff, 0xff, 0xff, 0xff
.long _sym_00aae6c0
.globl _sym_00bd38b0
_sym_00bd38b0:
.byte 0x22, 0x05, 0x93, 0x19, 0x01, 0x00, 0x00, 0x00
.long _sym_00bd38a8
.byte 0x00, 0x00, 0x00, 0x00, 0x00, 0x00, 0x00, 0x00, 0x00, 0x00, 0x00, 0x00, 0x00, 0x00, 0x00, 0x00
.byte 0x00, 0x00, 0x00, 0x00, 0x01, 0x00, 0x00, 0x00
.globl _sym_00bd38d4
_sym_00bd38d4:
.byte 0xff, 0xff, 0xff, 0xff
.long _sym_00aae510
.byte 0xff, 0xff, 0xff, 0xff, 0x00, 0x00, 0x00, 0x00, 0xff, 0xff, 0xff, 0xff, 0x00, 0x00, 0x00, 0x00
.byte 0xff, 0xff, 0xff, 0xff, 0x00, 0x00, 0x00, 0x00
.globl _sym_00bd38f4
_sym_00bd38f4:
.byte 0x22, 0x05, 0x93, 0x19, 0x04, 0x00, 0x00, 0x00
.long _sym_00bd38d4
.byte 0x00, 0x00, 0x00, 0x00, 0x00, 0x00, 0x00, 0x00, 0x00, 0x00, 0x00, 0x00, 0x00, 0x00, 0x00, 0x00
.byte 0x00, 0x00, 0x00, 0x00, 0x01, 0x00, 0x00, 0x00
.globl _sym_00bd3918
_sym_00bd3918:
.byte 0xff, 0xff, 0xff, 0xff
.long _sym_00aae600
.globl _sym_00bd3920
_sym_00bd3920:
.byte 0x22, 0x05, 0x93, 0x19, 0x01, 0x00, 0x00, 0x00
.long _sym_00bd3918
.byte 0x00, 0x00, 0x00, 0x00, 0x00, 0x00, 0x00, 0x00, 0x00, 0x00, 0x00, 0x00, 0x00, 0x00, 0x00, 0x00
.byte 0x00, 0x00, 0x00, 0x00, 0x01, 0x00, 0x00, 0x00
.globl _sym_00bd3944
_sym_00bd3944:
.byte 0xff, 0xff, 0xff, 0xff
.long _sym_00aae4b0
.byte 0xff, 0xff, 0xff, 0xff, 0x00, 0x00, 0x00, 0x00, 0xff, 0xff, 0xff, 0xff, 0x00, 0x00, 0x00, 0x00
.byte 0xff, 0xff, 0xff, 0xff, 0x00, 0x00, 0x00, 0x00
.globl _sym_00bd3964
_sym_00bd3964:
.byte 0x22, 0x05, 0x93, 0x19, 0x04, 0x00, 0x00, 0x00
.long _sym_00bd3944
.byte 0x00, 0x00, 0x00, 0x00, 0x00, 0x00, 0x00, 0x00, 0x00, 0x00, 0x00, 0x00, 0x00, 0x00, 0x00, 0x00
.byte 0x00, 0x00, 0x00, 0x00, 0x01, 0x00, 0x00, 0x00
.globl _sym_00bd3988
_sym_00bd3988:
.byte 0xff, 0xff, 0xff, 0xff
.long _sym_00aae570
.byte 0xff, 0xff, 0xff, 0xff, 0x00, 0x00, 0x00, 0x00, 0xff, 0xff, 0xff, 0xff, 0x00, 0x00, 0x00, 0x00
.byte 0xff, 0xff, 0xff, 0xff, 0x00, 0x00, 0x00, 0x00
.globl _sym_00bd39a8
_sym_00bd39a8:
.byte 0x22, 0x05, 0x93, 0x19, 0x04, 0x00, 0x00, 0x00
.long _sym_00bd3988
.byte 0x00, 0x00, 0x00, 0x00, 0x00, 0x00, 0x00, 0x00, 0x00, 0x00, 0x00, 0x00, 0x00, 0x00, 0x00, 0x00
.byte 0x00, 0x00, 0x00, 0x00, 0x01, 0x00, 0x00, 0x00
.globl _sym_00bd39cc
_sym_00bd39cc:
.byte 0xff, 0xff, 0xff, 0xff
.long _sym_00aae5d0
.byte 0xff, 0xff, 0xff, 0xff, 0x00, 0x00, 0x00, 0x00, 0xff, 0xff, 0xff, 0xff, 0x00, 0x00, 0x00, 0x00
.byte 0xff, 0xff, 0xff, 0xff, 0x00, 0x00, 0x00, 0x00
.globl _sym_00bd39ec
_sym_00bd39ec:
.byte 0x22, 0x05, 0x93, 0x19, 0x04, 0x00, 0x00, 0x00
.long _sym_00bd39cc
.byte 0x00, 0x00, 0x00, 0x00, 0x00, 0x00, 0x00, 0x00, 0x00, 0x00, 0x00, 0x00, 0x00, 0x00, 0x00, 0x00
.byte 0x00, 0x00, 0x00, 0x00, 0x01, 0x00, 0x00, 0x00
.globl _sym_00bd3a10
_sym_00bd3a10:
.byte 0xff, 0xff, 0xff, 0xff
.long _sym_00aae540
.byte 0xff, 0xff, 0xff, 0xff, 0x00, 0x00, 0x00, 0x00, 0xff, 0xff, 0xff, 0xff, 0x00, 0x00, 0x00, 0x00
.byte 0xff, 0xff, 0xff, 0xff, 0x00, 0x00, 0x00, 0x00
.globl _sym_00bd3a30
_sym_00bd3a30:
.byte 0x22, 0x05, 0x93, 0x19, 0x04, 0x00, 0x00, 0x00
.long _sym_00bd3a10
.byte 0x00, 0x00, 0x00, 0x00, 0x00, 0x00, 0x00, 0x00, 0x00, 0x00, 0x00, 0x00, 0x00, 0x00, 0x00, 0x00
.byte 0x00, 0x00, 0x00, 0x00, 0x01, 0x00, 0x00, 0x00
.globl _sym_00bd3a54
_sym_00bd3a54:
.byte 0xff, 0xff, 0xff, 0xff
.long _sym_00aae5a0
.byte 0xff, 0xff, 0xff, 0xff, 0x00, 0x00, 0x00, 0x00, 0xff, 0xff, 0xff, 0xff, 0x00, 0x00, 0x00, 0x00
.byte 0xff, 0xff, 0xff, 0xff, 0x00, 0x00, 0x00, 0x00
.globl _sym_00bd3a74
_sym_00bd3a74:
.byte 0x22, 0x05, 0x93, 0x19, 0x04, 0x00, 0x00, 0x00
.long _sym_00bd3a54
.byte 0x00, 0x00, 0x00, 0x00, 0x00, 0x00, 0x00, 0x00, 0x00, 0x00, 0x00, 0x00, 0x00, 0x00, 0x00, 0x00
.byte 0x00, 0x00, 0x00, 0x00, 0x01, 0x00, 0x00, 0x00
.globl _sym_00bd3a98
_sym_00bd3a98:
.byte 0xff, 0xff, 0xff, 0xff
.long _sym_00aae850
.byte 0xff, 0xff, 0xff, 0xff, 0x00, 0x00, 0x00, 0x00, 0xff, 0xff, 0xff, 0xff, 0x00, 0x00, 0x00, 0x00
.byte 0xff, 0xff, 0xff, 0xff, 0x00, 0x00, 0x00, 0x00
.globl _sym_00bd3ab8
_sym_00bd3ab8:
.byte 0x22, 0x05, 0x93, 0x19, 0x04, 0x00, 0x00, 0x00
.long _sym_00bd3a98
.byte 0x00, 0x00, 0x00, 0x00, 0x00, 0x00, 0x00, 0x00, 0x00, 0x00, 0x00, 0x00, 0x00, 0x00, 0x00, 0x00
.byte 0x00, 0x00, 0x00, 0x00, 0x01, 0x00, 0x00, 0x00
.globl _sym_00bd3adc
_sym_00bd3adc:
.byte 0xff, 0xff, 0xff, 0xff
.long _sym_00aae910
.byte 0xff, 0xff, 0xff, 0xff, 0x00, 0x00, 0x00, 0x00, 0xff, 0xff, 0xff, 0xff, 0x00, 0x00, 0x00, 0x00
.byte 0xff, 0xff, 0xff, 0xff, 0x00, 0x00, 0x00, 0x00
.globl _sym_00bd3afc
_sym_00bd3afc:
.byte 0x22, 0x05, 0x93, 0x19, 0x04, 0x00, 0x00, 0x00
.long _sym_00bd3adc
.byte 0x00, 0x00, 0x00, 0x00, 0x00, 0x00, 0x00, 0x00, 0x00, 0x00, 0x00, 0x00, 0x00, 0x00, 0x00, 0x00
.byte 0x00, 0x00, 0x00, 0x00, 0x01, 0x00, 0x00, 0x00
.globl _sym_00bd3b20
_sym_00bd3b20:
.byte 0xff, 0xff, 0xff, 0xff
.long _sym_00aae450
.byte 0xff, 0xff, 0xff, 0xff, 0x00, 0x00, 0x00, 0x00, 0xff, 0xff, 0xff, 0xff, 0x00, 0x00, 0x00, 0x00
.byte 0xff, 0xff, 0xff, 0xff, 0x00, 0x00, 0x00, 0x00
.globl _sym_00bd3b40
_sym_00bd3b40:
.byte 0x22, 0x05, 0x93, 0x19, 0x04, 0x00, 0x00, 0x00
.long _sym_00bd3b20
.byte 0x00, 0x00, 0x00, 0x00, 0x00, 0x00, 0x00, 0x00, 0x00, 0x00, 0x00, 0x00, 0x00, 0x00, 0x00, 0x00
.byte 0x00, 0x00, 0x00, 0x00, 0x01, 0x00, 0x00, 0x00
.globl _sym_00bd3b64
_sym_00bd3b64:
.byte 0xff, 0xff, 0xff, 0xff
.long _sym_00aae4e0
.byte 0xff, 0xff, 0xff, 0xff, 0x00, 0x00, 0x00, 0x00, 0xff, 0xff, 0xff, 0xff, 0x00, 0x00, 0x00, 0x00
.byte 0xff, 0xff, 0xff, 0xff, 0x00, 0x00, 0x00, 0x00
.globl _sym_00bd3b84
_sym_00bd3b84:
.byte 0x22, 0x05, 0x93, 0x19, 0x04, 0x00, 0x00, 0x00
.long _sym_00bd3b64
.byte 0x00, 0x00, 0x00, 0x00, 0x00, 0x00, 0x00, 0x00, 0x00, 0x00, 0x00, 0x00, 0x00, 0x00, 0x00, 0x00
.byte 0x00, 0x00, 0x00, 0x00, 0x01, 0x00, 0x00, 0x00
.globl _sym_00bd3ba8
_sym_00bd3ba8:
.byte 0xff, 0xff, 0xff, 0xff
.long _sym_00aae880
.byte 0xff, 0xff, 0xff, 0xff, 0x00, 0x00, 0x00, 0x00, 0xff, 0xff, 0xff, 0xff, 0x00, 0x00, 0x00, 0x00
.byte 0xff, 0xff, 0xff, 0xff, 0x00, 0x00, 0x00, 0x00
.globl _sym_00bd3bc8
_sym_00bd3bc8:
.byte 0x22, 0x05, 0x93, 0x19, 0x04, 0x00, 0x00, 0x00
.long _sym_00bd3ba8
.byte 0x00, 0x00, 0x00, 0x00, 0x00, 0x00, 0x00, 0x00, 0x00, 0x00, 0x00, 0x00, 0x00, 0x00, 0x00, 0x00
.byte 0x00, 0x00, 0x00, 0x00, 0x01, 0x00, 0x00, 0x00
.globl _sym_00bd3bec
_sym_00bd3bec:
.byte 0xff, 0xff, 0xff, 0xff
.long _sym_00aae970
.byte 0xff, 0xff, 0xff, 0xff, 0x00, 0x00, 0x00, 0x00, 0xff, 0xff, 0xff, 0xff, 0x00, 0x00, 0x00, 0x00
.byte 0xff, 0xff, 0xff, 0xff, 0x00, 0x00, 0x00, 0x00
.globl _sym_00bd3c0c
_sym_00bd3c0c:
.byte 0x22, 0x05, 0x93, 0x19, 0x04, 0x00, 0x00, 0x00
.long _sym_00bd3bec
.byte 0x00, 0x00, 0x00, 0x00, 0x00, 0x00, 0x00, 0x00, 0x00, 0x00, 0x00, 0x00, 0x00, 0x00, 0x00, 0x00
.byte 0x00, 0x00, 0x00, 0x00, 0x01, 0x00, 0x00, 0x00
.globl _sym_00bd3c30
_sym_00bd3c30:
.byte 0xff, 0xff, 0xff, 0xff
.long _sym_00aae9a0
.byte 0xff, 0xff, 0xff, 0xff, 0x00, 0x00, 0x00, 0x00, 0xff, 0xff, 0xff, 0xff, 0x00, 0x00, 0x00, 0x00
.byte 0xff, 0xff, 0xff, 0xff, 0x00, 0x00, 0x00, 0x00
.globl _sym_00bd3c50
_sym_00bd3c50:
.byte 0x22, 0x05, 0x93, 0x19, 0x04, 0x00, 0x00, 0x00
.long _sym_00bd3c30
.byte 0x00, 0x00, 0x00, 0x00, 0x00, 0x00, 0x00, 0x00, 0x00, 0x00, 0x00, 0x00, 0x00, 0x00, 0x00, 0x00
.byte 0x00, 0x00, 0x00, 0x00, 0x01, 0x00, 0x00, 0x00
.globl _sym_00bd3c74
_sym_00bd3c74:
.byte 0xff, 0xff, 0xff, 0xff
.long _sym_00aae480
.byte 0xff, 0xff, 0xff, 0xff, 0x00, 0x00, 0x00, 0x00, 0xff, 0xff, 0xff, 0xff, 0x00, 0x00, 0x00, 0x00
.byte 0xff, 0xff, 0xff, 0xff, 0x00, 0x00, 0x00, 0x00
.globl _sym_00bd3c94
_sym_00bd3c94:
.byte 0x22, 0x05, 0x93, 0x19, 0x04, 0x00, 0x00, 0x00
.long _sym_00bd3c74
.byte 0x00, 0x00, 0x00, 0x00, 0x00, 0x00, 0x00, 0x00, 0x00, 0x00, 0x00, 0x00, 0x00, 0x00, 0x00, 0x00
.byte 0x00, 0x00, 0x00, 0x00, 0x01, 0x00, 0x00, 0x00
.globl _sym_00bd3cb8
_sym_00bd3cb8:
.byte 0xff, 0xff, 0xff, 0xff
.long _sym_00aae940
.byte 0xff, 0xff, 0xff, 0xff, 0x00, 0x00, 0x00, 0x00, 0xff, 0xff, 0xff, 0xff, 0x00, 0x00, 0x00, 0x00
.byte 0xff, 0xff, 0xff, 0xff, 0x00, 0x00, 0x00, 0x00
.globl _sym_00bd3cd8
_sym_00bd3cd8:
.byte 0x22, 0x05, 0x93, 0x19, 0x04, 0x00, 0x00, 0x00
.long _sym_00bd3cb8
.byte 0x00, 0x00, 0x00, 0x00, 0x00, 0x00, 0x00, 0x00, 0x00, 0x00, 0x00, 0x00, 0x00, 0x00, 0x00, 0x00
.byte 0x00, 0x00, 0x00, 0x00, 0x01, 0x00, 0x00, 0x00
.globl _sym_00bd3cfc
_sym_00bd3cfc:
.byte 0xff, 0xff, 0xff, 0xff
.long _sym_00aae8e0
.byte 0xff, 0xff, 0xff, 0xff, 0x00, 0x00, 0x00, 0x00, 0xff, 0xff, 0xff, 0xff, 0x00, 0x00, 0x00, 0x00
.byte 0xff, 0xff, 0xff, 0xff, 0x00, 0x00, 0x00, 0x00
.globl _sym_00bd3d1c
_sym_00bd3d1c:
.byte 0x22, 0x05, 0x93, 0x19, 0x04, 0x00, 0x00, 0x00
.long _sym_00bd3cfc
.byte 0x00, 0x00, 0x00, 0x00, 0x00, 0x00, 0x00, 0x00, 0x00, 0x00, 0x00, 0x00, 0x00, 0x00, 0x00, 0x00
.byte 0x00, 0x00, 0x00, 0x00, 0x01, 0x00, 0x00, 0x00
.globl _sym_00bd3d40
_sym_00bd3d40:
.byte 0xff, 0xff, 0xff, 0xff
.long _sym_00aaecd0
.byte 0xff, 0xff, 0xff, 0xff
.long _sym_00aaecde
.byte 0xff, 0xff, 0xff, 0xff
.long _sym_00aaecec
.byte 0xff, 0xff, 0xff, 0xff
.long _sym_00aaecfa
.globl _sym_00bd3d60
_sym_00bd3d60:
.byte 0x22, 0x05, 0x93, 0x19, 0x04, 0x00, 0x00, 0x00
.long _sym_00bd3d40
.byte 0x00, 0x00, 0x00, 0x00, 0x00, 0x00, 0x00, 0x00, 0x00, 0x00, 0x00, 0x00, 0x00, 0x00, 0x00, 0x00
.byte 0x00, 0x00, 0x00, 0x00, 0x01, 0x00, 0x00, 0x00
.globl _sym_00bd3d84
_sym_00bd3d84:
.byte 0xff, 0xff, 0xff, 0xff
.long _sym_00aaed90
.byte 0xff, 0xff, 0xff, 0xff, 0x00, 0x00, 0x00, 0x00, 0xff, 0xff, 0xff, 0xff, 0x00, 0x00, 0x00, 0x00
.byte 0xff, 0xff, 0xff, 0xff, 0x00, 0x00, 0x00, 0x00
.globl _sym_00bd3da4
_sym_00bd3da4:
.byte 0x22, 0x05, 0x93, 0x19, 0x04, 0x00, 0x00, 0x00
.long _sym_00bd3d84
.byte 0x00, 0x00, 0x00, 0x00, 0x00, 0x00, 0x00, 0x00, 0x00, 0x00, 0x00, 0x00, 0x00, 0x00, 0x00, 0x00
.byte 0x00, 0x00, 0x00, 0x00, 0x01, 0x00, 0x00, 0x00
.globl _sym_00bd3dc8
_sym_00bd3dc8:
.byte 0x22, 0x05, 0x93, 0x19, 0x0e, 0x00, 0x00, 0x00
.long _sym_00bd3dec
.byte 0x00, 0x00, 0x00, 0x00, 0x00, 0x00, 0x00, 0x00, 0x00, 0x00, 0x00, 0x00, 0x00, 0x00, 0x00, 0x00
.byte 0x00, 0x00, 0x00, 0x00, 0x01, 0x00, 0x00, 0x00
.globl _sym_00bd3dec
_sym_00bd3dec:
.byte 0xff, 0xff, 0xff, 0xff
.long _sym_00aaec40
.byte 0x00, 0x00, 0x00, 0x00
.long _sym_00aaec4e
.byte 0x00, 0x00, 0x00, 0x00, 0x00, 0x00, 0x00, 0x00, 0x00, 0x00, 0x00, 0x00, 0x00, 0x00, 0x00, 0x00
.byte 0x00, 0x00, 0x00, 0x00, 0x00, 0x00, 0x00, 0x00, 0xff, 0xff, 0xff, 0xff
.long _sym_00aaec5c
.byte 0xff, 0xff, 0xff, 0xff
.long _sym_00aaec6a
.byte 0xff, 0xff, 0xff, 0xff
.long _sym_00aaec78
.byte 0x07, 0x00, 0x00, 0x00
.long _sym_00aaec86
.byte 0x07, 0x00, 0x00, 0x00, 0x00, 0x00, 0x00, 0x00, 0x07, 0x00, 0x00, 0x00, 0x00, 0x00, 0x00, 0x00
.byte 0x07, 0x00, 0x00, 0x00, 0x00, 0x00, 0x00, 0x00, 0xff, 0xff, 0xff, 0xff
.long _sym_00aaec94
.byte 0xff, 0xff, 0xff, 0xff
.long _sym_00aaeca2
.globl _sym_00bd3e5c
_sym_00bd3e5c:
.byte 0xff, 0xff, 0xff, 0xff
.long _sym_00aaebb0
.globl _sym_00bd3e64
_sym_00bd3e64:
.byte 0x22, 0x05, 0x93, 0x19, 0x01, 0x00, 0x00, 0x00
.long _sym_00bd3e5c
.byte 0x00, 0x00, 0x00, 0x00, 0x00, 0x00, 0x00, 0x00, 0x00, 0x00, 0x00, 0x00, 0x00, 0x00, 0x00, 0x00
.byte 0x00, 0x00, 0x00, 0x00, 0x01, 0x00, 0x00, 0x00
.globl _sym_00bd3e88
_sym_00bd3e88:
.byte 0xff, 0xff, 0xff, 0xff
.long _sym_00aaebe0
.globl _sym_00bd3e90
_sym_00bd3e90:
.byte 0x22, 0x05, 0x93, 0x19, 0x01, 0x00, 0x00, 0x00
.long _sym_00bd3e88
.byte 0x00, 0x00, 0x00, 0x00, 0x00, 0x00, 0x00, 0x00, 0x00, 0x00, 0x00, 0x00, 0x00, 0x00, 0x00, 0x00
.byte 0x00, 0x00, 0x00, 0x00, 0x01, 0x00, 0x00, 0x00
.globl _sym_00bd3eb4
_sym_00bd3eb4:
.byte 0xff, 0xff, 0xff, 0xff
.long _sym_00aaec10
.globl _sym_00bd3ebc
_sym_00bd3ebc:
.byte 0x22, 0x05, 0x93, 0x19, 0x01, 0x00, 0x00, 0x00
.long _sym_00bd3eb4
.byte 0x00, 0x00, 0x00, 0x00, 0x00, 0x00, 0x00, 0x00, 0x00, 0x00, 0x00, 0x00, 0x00, 0x00, 0x00, 0x00
.byte 0x00, 0x00, 0x00, 0x00, 0x01, 0x00, 0x00, 0x00
.globl _sym_00bd3ee0
_sym_00bd3ee0:
.byte 0xff, 0xff, 0xff, 0xff
.long _sym_00aaeaf0
.byte 0xff, 0xff, 0xff, 0xff, 0x00, 0x00, 0x00, 0x00, 0xff, 0xff, 0xff, 0xff, 0x00, 0x00, 0x00, 0x00
.byte 0xff, 0xff, 0xff, 0xff, 0x00, 0x00, 0x00, 0x00
.globl _sym_00bd3f00
_sym_00bd3f00:
.byte 0x22, 0x05, 0x93, 0x19, 0x04, 0x00, 0x00, 0x00
.long _sym_00bd3ee0
.byte 0x00, 0x00, 0x00, 0x00, 0x00, 0x00, 0x00, 0x00, 0x00, 0x00, 0x00, 0x00, 0x00, 0x00, 0x00, 0x00
.byte 0x00, 0x00, 0x00, 0x00, 0x01, 0x00, 0x00, 0x00
.globl _sym_00bd3f24
_sym_00bd3f24:
.byte 0xff, 0xff, 0xff, 0xff
.long _sym_00aaeb80
.globl _sym_00bd3f2c
_sym_00bd3f2c:
.byte 0x22, 0x05, 0x93, 0x19, 0x01, 0x00, 0x00, 0x00
.long _sym_00bd3f24
.byte 0x00, 0x00, 0x00, 0x00, 0x00, 0x00, 0x00, 0x00, 0x00, 0x00, 0x00, 0x00, 0x00, 0x00, 0x00, 0x00
.byte 0x00, 0x00, 0x00, 0x00, 0x01, 0x00, 0x00, 0x00
.globl _sym_00bd3f50
_sym_00bd3f50:
.byte 0xff, 0xff, 0xff, 0xff
.long _sym_00aaea90
.byte 0xff, 0xff, 0xff, 0xff, 0x00, 0x00, 0x00, 0x00, 0xff, 0xff, 0xff, 0xff, 0x00, 0x00, 0x00, 0x00
.byte 0xff, 0xff, 0xff, 0xff, 0x00, 0x00, 0x00, 0x00
.globl _sym_00bd3f70
_sym_00bd3f70:
.byte 0x22, 0x05, 0x93, 0x19, 0x04, 0x00, 0x00, 0x00
.long _sym_00bd3f50
.byte 0x00, 0x00, 0x00, 0x00, 0x00, 0x00, 0x00, 0x00, 0x00, 0x00, 0x00, 0x00, 0x00, 0x00, 0x00, 0x00
.byte 0x00, 0x00, 0x00, 0x00, 0x01, 0x00, 0x00, 0x00
.globl _sym_00bd3f94
_sym_00bd3f94:
.byte 0xff, 0xff, 0xff, 0xff
.long _sym_00aaeb20
.byte 0xff, 0xff, 0xff, 0xff, 0x00, 0x00, 0x00, 0x00, 0xff, 0xff, 0xff, 0xff, 0x00, 0x00, 0x00, 0x00
.byte 0xff, 0xff, 0xff, 0xff, 0x00, 0x00, 0x00, 0x00
.globl _sym_00bd3fb4
_sym_00bd3fb4:
.byte 0x22, 0x05, 0x93, 0x19, 0x04, 0x00, 0x00, 0x00
.long _sym_00bd3f94
.byte 0x00, 0x00, 0x00, 0x00, 0x00, 0x00, 0x00, 0x00, 0x00, 0x00, 0x00, 0x00, 0x00, 0x00, 0x00, 0x00
.byte 0x00, 0x00, 0x00, 0x00, 0x01, 0x00, 0x00, 0x00
.globl _sym_00bd3fd8
_sym_00bd3fd8:
.byte 0xff, 0xff, 0xff, 0xff
.long _sym_00aaeb50
.byte 0xff, 0xff, 0xff, 0xff, 0x00, 0x00, 0x00, 0x00, 0xff, 0xff, 0xff, 0xff, 0x00, 0x00, 0x00, 0x00
.byte 0xff, 0xff, 0xff, 0xff, 0x00, 0x00, 0x00, 0x00
.globl _sym_00bd3ff8
_sym_00bd3ff8:
.byte 0x22, 0x05, 0x93, 0x19, 0x04, 0x00, 0x00, 0x00
.long _sym_00bd3fd8
.byte 0x00, 0x00, 0x00, 0x00, 0x00, 0x00, 0x00, 0x00, 0x00, 0x00, 0x00, 0x00, 0x00, 0x00, 0x00, 0x00
.byte 0x00, 0x00, 0x00, 0x00, 0x01, 0x00, 0x00, 0x00
.globl _sym_00bd401c
_sym_00bd401c:
.byte 0xff, 0xff, 0xff, 0xff
.long _sym_00aaed30
.byte 0xff, 0xff, 0xff, 0xff, 0x00, 0x00, 0x00, 0x00, 0xff, 0xff, 0xff, 0xff, 0x00, 0x00, 0x00, 0x00
.byte 0xff, 0xff, 0xff, 0xff, 0x00, 0x00, 0x00, 0x00
.globl _sym_00bd403c
_sym_00bd403c:
.byte 0x22, 0x05, 0x93, 0x19, 0x04, 0x00, 0x00, 0x00
.long _sym_00bd401c
.byte 0x00, 0x00, 0x00, 0x00, 0x00, 0x00, 0x00, 0x00, 0x00, 0x00, 0x00, 0x00, 0x00, 0x00, 0x00, 0x00
.byte 0x00, 0x00, 0x00, 0x00, 0x01, 0x00, 0x00, 0x00
.globl _sym_00bd4060
_sym_00bd4060:
.byte 0xff, 0xff, 0xff, 0xff
.long _sym_00aaedf0
.byte 0xff, 0xff, 0xff, 0xff, 0x00, 0x00, 0x00, 0x00, 0xff, 0xff, 0xff, 0xff, 0x00, 0x00, 0x00, 0x00
.byte 0xff, 0xff, 0xff, 0xff, 0x00, 0x00, 0x00, 0x00
.globl _sym_00bd4080
_sym_00bd4080:
.byte 0x22, 0x05, 0x93, 0x19, 0x04, 0x00, 0x00, 0x00
.long _sym_00bd4060
.byte 0x00, 0x00, 0x00, 0x00, 0x00, 0x00, 0x00, 0x00, 0x00, 0x00, 0x00, 0x00, 0x00, 0x00, 0x00, 0x00
.byte 0x00, 0x00, 0x00, 0x00, 0x01, 0x00, 0x00, 0x00
.globl _sym_00bd40a4
_sym_00bd40a4:
.byte 0xff, 0xff, 0xff, 0xff
.long _sym_00aaea30
.byte 0xff, 0xff, 0xff, 0xff, 0x00, 0x00, 0x00, 0x00, 0xff, 0xff, 0xff, 0xff, 0x00, 0x00, 0x00, 0x00
.byte 0xff, 0xff, 0xff, 0xff, 0x00, 0x00, 0x00, 0x00
.globl _sym_00bd40c4
_sym_00bd40c4:
.byte 0x22, 0x05, 0x93, 0x19, 0x04, 0x00, 0x00, 0x00
.long _sym_00bd40a4
.byte 0x00, 0x00, 0x00, 0x00, 0x00, 0x00, 0x00, 0x00, 0x00, 0x00, 0x00, 0x00, 0x00, 0x00, 0x00, 0x00
.byte 0x00, 0x00, 0x00, 0x00, 0x01, 0x00, 0x00, 0x00
.globl _sym_00bd40e8
_sym_00bd40e8:
.byte 0xff, 0xff, 0xff, 0xff
.long _sym_00aaeac0
.byte 0xff, 0xff, 0xff, 0xff, 0x00, 0x00, 0x00, 0x00, 0xff, 0xff, 0xff, 0xff, 0x00, 0x00, 0x00, 0x00
.byte 0xff, 0xff, 0xff, 0xff, 0x00, 0x00, 0x00, 0x00
.globl _sym_00bd4108
_sym_00bd4108:
.byte 0x22, 0x05, 0x93, 0x19, 0x04, 0x00, 0x00, 0x00
.long _sym_00bd40e8
.byte 0x00, 0x00, 0x00, 0x00, 0x00, 0x00, 0x00, 0x00, 0x00, 0x00, 0x00, 0x00, 0x00, 0x00, 0x00, 0x00
.byte 0x00, 0x00, 0x00, 0x00, 0x01, 0x00, 0x00, 0x00
.globl _sym_00bd412c
_sym_00bd412c:
.byte 0xff, 0xff, 0xff, 0xff
.long _sym_00aaed60
.byte 0xff, 0xff, 0xff, 0xff, 0x00, 0x00, 0x00, 0x00, 0xff, 0xff, 0xff, 0xff, 0x00, 0x00, 0x00, 0x00
.byte 0xff, 0xff, 0xff, 0xff, 0x00, 0x00, 0x00, 0x00
.globl _sym_00bd414c
_sym_00bd414c:
.byte 0x22, 0x05, 0x93, 0x19, 0x04, 0x00, 0x00, 0x00
.long _sym_00bd412c
.byte 0x00, 0x00, 0x00, 0x00, 0x00, 0x00, 0x00, 0x00, 0x00, 0x00, 0x00, 0x00, 0x00, 0x00, 0x00, 0x00
.byte 0x00, 0x00, 0x00, 0x00, 0x01, 0x00, 0x00, 0x00
.globl _sym_00bd4170
_sym_00bd4170:
.byte 0xff, 0xff, 0xff, 0xff
.long _sym_00aaee50
.byte 0xff, 0xff, 0xff, 0xff, 0x00, 0x00, 0x00, 0x00, 0xff, 0xff, 0xff, 0xff, 0x00, 0x00, 0x00, 0x00
.byte 0xff, 0xff, 0xff, 0xff, 0x00, 0x00, 0x00, 0x00
.globl _sym_00bd4190
_sym_00bd4190:
.byte 0x22, 0x05, 0x93, 0x19, 0x04, 0x00, 0x00, 0x00
.long _sym_00bd4170
.byte 0x00, 0x00, 0x00, 0x00, 0x00, 0x00, 0x00, 0x00, 0x00, 0x00, 0x00, 0x00, 0x00, 0x00, 0x00, 0x00
.byte 0x00, 0x00, 0x00, 0x00, 0x01, 0x00, 0x00, 0x00
.globl _sym_00bd41b4
_sym_00bd41b4:
.byte 0xff, 0xff, 0xff, 0xff
.long _sym_00aaee80
.byte 0xff, 0xff, 0xff, 0xff, 0x00, 0x00, 0x00, 0x00, 0xff, 0xff, 0xff, 0xff, 0x00, 0x00, 0x00, 0x00
.byte 0xff, 0xff, 0xff, 0xff, 0x00, 0x00, 0x00, 0x00
.globl _sym_00bd41d4
_sym_00bd41d4:
.byte 0x22, 0x05, 0x93, 0x19, 0x04, 0x00, 0x00, 0x00
.long _sym_00bd41b4
.byte 0x00, 0x00, 0x00, 0x00, 0x00, 0x00, 0x00, 0x00, 0x00, 0x00, 0x00, 0x00, 0x00, 0x00, 0x00, 0x00
.byte 0x00, 0x00, 0x00, 0x00, 0x01, 0x00, 0x00, 0x00
.globl _sym_00bd41f8
_sym_00bd41f8:
.byte 0xff, 0xff, 0xff, 0xff
.long _sym_00aaea60
.byte 0xff, 0xff, 0xff, 0xff, 0x00, 0x00, 0x00, 0x00, 0xff, 0xff, 0xff, 0xff, 0x00, 0x00, 0x00, 0x00
.byte 0xff, 0xff, 0xff, 0xff, 0x00, 0x00, 0x00, 0x00
.globl _sym_00bd4218
_sym_00bd4218:
.byte 0x22, 0x05, 0x93, 0x19, 0x04, 0x00, 0x00, 0x00
.long _sym_00bd41f8
.byte 0x00, 0x00, 0x00, 0x00, 0x00, 0x00, 0x00, 0x00, 0x00, 0x00, 0x00, 0x00, 0x00, 0x00, 0x00, 0x00
.byte 0x00, 0x00, 0x00, 0x00, 0x01, 0x00, 0x00, 0x00
.globl _sym_00bd423c
_sym_00bd423c:
.byte 0xff, 0xff, 0xff, 0xff
.long _sym_00aaee20
.byte 0xff, 0xff, 0xff, 0xff, 0x00, 0x00, 0x00, 0x00, 0xff, 0xff, 0xff, 0xff, 0x00, 0x00, 0x00, 0x00
.byte 0xff, 0xff, 0xff, 0xff, 0x00, 0x00, 0x00, 0x00
.globl _sym_00bd425c
_sym_00bd425c:
.byte 0x22, 0x05, 0x93, 0x19, 0x04, 0x00, 0x00, 0x00
.long _sym_00bd423c
.byte 0x00, 0x00, 0x00, 0x00, 0x00, 0x00, 0x00, 0x00, 0x00, 0x00, 0x00, 0x00, 0x00, 0x00, 0x00, 0x00
.byte 0x00, 0x00, 0x00, 0x00, 0x01, 0x00, 0x00, 0x00
.globl _sym_00bd4280
_sym_00bd4280:
.byte 0xff, 0xff, 0xff, 0xff
.long _sym_00aaedc0
.byte 0xff, 0xff, 0xff, 0xff, 0x00, 0x00, 0x00, 0x00, 0xff, 0xff, 0xff, 0xff, 0x00, 0x00, 0x00, 0x00
.byte 0xff, 0xff, 0xff, 0xff, 0x00, 0x00, 0x00, 0x00
.globl _sym_00bd42a0
_sym_00bd42a0:
.byte 0x22, 0x05, 0x93, 0x19, 0x04, 0x00, 0x00, 0x00
.long _sym_00bd4280
.byte 0x00, 0x00, 0x00, 0x00, 0x00, 0x00, 0x00, 0x00, 0x00, 0x00, 0x00, 0x00, 0x00, 0x00, 0x00, 0x00
.byte 0x00, 0x00, 0x00, 0x00, 0x01, 0x00, 0x00, 0x00
.globl _sym_00bd42c4
_sym_00bd42c4:
.byte 0xff, 0xff, 0xff, 0xff
.long _sym_00aaef40
.globl _sym_00bd42cc
_sym_00bd42cc:
.byte 0x22, 0x05, 0x93, 0x19, 0x01, 0x00, 0x00, 0x00
.long _sym_00bd42c4
.byte 0x00, 0x00, 0x00, 0x00, 0x00, 0x00, 0x00, 0x00, 0x00, 0x00, 0x00, 0x00, 0x00, 0x00, 0x00, 0x00
.byte 0x00, 0x00, 0x00, 0x00, 0x01, 0x00, 0x00, 0x00
.globl _sym_00bd42f0
_sym_00bd42f0:
.byte 0xff, 0xff, 0xff, 0xff
.long _sym_00aaeeb0
.globl _sym_00bd42f8
_sym_00bd42f8:
.byte 0x22, 0x05, 0x93, 0x19, 0x01, 0x00, 0x00, 0x00
.long _sym_00bd42f0
.byte 0x00, 0x00, 0x00, 0x00, 0x00, 0x00, 0x00, 0x00, 0x00, 0x00, 0x00, 0x00, 0x00, 0x00, 0x00, 0x00
.byte 0x00, 0x00, 0x00, 0x00, 0x01, 0x00, 0x00, 0x00
.globl _sym_00bd431c
_sym_00bd431c:
.byte 0xff, 0xff, 0xff, 0xff
.long _sym_00aaeee0
.globl _sym_00bd4324
_sym_00bd4324:
.byte 0x22, 0x05, 0x93, 0x19, 0x01, 0x00, 0x00, 0x00
.long _sym_00bd431c
.byte 0x00, 0x00, 0x00, 0x00, 0x00, 0x00, 0x00, 0x00, 0x00, 0x00, 0x00, 0x00, 0x00, 0x00, 0x00, 0x00
.byte 0x00, 0x00, 0x00, 0x00, 0x01, 0x00, 0x00, 0x00
.globl _sym_00bd4348
_sym_00bd4348:
.byte 0xff, 0xff, 0xff, 0xff
.long _sym_00aaef10
.globl _sym_00bd4350
_sym_00bd4350:
.byte 0x22, 0x05, 0x93, 0x19, 0x01, 0x00, 0x00, 0x00
.long _sym_00bd4348
.byte 0x00, 0x00, 0x00, 0x00, 0x00, 0x00, 0x00, 0x00, 0x00, 0x00, 0x00, 0x00, 0x00, 0x00, 0x00, 0x00
.byte 0x00, 0x00, 0x00, 0x00, 0x01, 0x00, 0x00, 0x00
.globl _sym_00bd4374
_sym_00bd4374:
.byte 0xff, 0xff, 0xff, 0xff
.long _sym_00aaef70
.globl _sym_00bd437c
_sym_00bd437c:
.byte 0x22, 0x05, 0x93, 0x19, 0x01, 0x00, 0x00, 0x00
.long _sym_00bd4374
.byte 0x00, 0x00, 0x00, 0x00, 0x00, 0x00, 0x00, 0x00, 0x00, 0x00, 0x00, 0x00, 0x00, 0x00, 0x00, 0x00
.byte 0x00, 0x00, 0x00, 0x00, 0x01, 0x00, 0x00, 0x00
.globl _sym_00bd43a0
_sym_00bd43a0:
.byte 0x22, 0x05, 0x93, 0x19, 0x14, 0x00, 0x00, 0x00
.long _sym_00bd43c4
.byte 0x00, 0x00, 0x00, 0x00, 0x00, 0x00, 0x00, 0x00, 0x00, 0x00, 0x00, 0x00, 0x00, 0x00, 0x00, 0x00
.byte 0x00, 0x00, 0x00, 0x00, 0x01, 0x00, 0x00, 0x00
.globl _sym_00bd43c4
_sym_00bd43c4:
.byte 0xff, 0xff, 0xff, 0xff
.long _sym_00aaf0f0
.byte 0xff, 0xff, 0xff, 0xff
.long _sym_00aaf0fe
.byte 0xff, 0xff, 0xff, 0xff
.long _sym_00aaf10c
.byte 0xff, 0xff, 0xff, 0xff
.long _sym_00aaf11a
.byte 0xff, 0xff, 0xff, 0xff
.long _sym_00aaf128
.byte 0xff, 0xff, 0xff, 0xff
.long _sym_00aaf136
.byte 0xff, 0xff, 0xff, 0xff
.long _sym_00aaf144
.byte 0xff, 0xff, 0xff, 0xff
.long _sym_00aaf152
.byte 0xff, 0xff, 0xff, 0xff
.long _sym_00aaf162
.byte 0xff, 0xff, 0xff, 0xff
.long _sym_00aaf172
.byte 0xff, 0xff, 0xff, 0xff
.long _sym_00aaf182
.byte 0xff, 0xff, 0xff, 0xff
.long _sym_00aaf192
.byte 0xff, 0xff, 0xff, 0xff
.long _sym_00aaf1a2
.byte 0xff, 0xff, 0xff, 0xff
.long _sym_00aaf1b2
.byte 0xff, 0xff, 0xff, 0xff
.long _sym_00aaf1c2
.byte 0xff, 0xff, 0xff, 0xff
.long _sym_00aaf1d2
.byte 0xff, 0xff, 0xff, 0xff
.long _sym_00aaf1e2
.byte 0xff, 0xff, 0xff, 0xff
.long _sym_00aaf1f2
.byte 0xff, 0xff, 0xff, 0xff
.long _sym_00aaf202
.byte 0xff, 0xff, 0xff, 0xff
.long _sym_00aaf212
.globl _sym_00bd4464
_sym_00bd4464:
.byte 0xff, 0xff, 0xff, 0xff
.long _sym_00aaf090
.globl _sym_00bd446c
_sym_00bd446c:
.byte 0x22, 0x05, 0x93, 0x19, 0x01, 0x00, 0x00, 0x00
.long _sym_00bd4464
.byte 0x00, 0x00, 0x00, 0x00, 0x00, 0x00, 0x00, 0x00, 0x00, 0x00, 0x00, 0x00, 0x00, 0x00, 0x00, 0x00
.byte 0x00, 0x00, 0x00, 0x00, 0x01, 0x00, 0x00, 0x00
.globl _sym_00bd4490
_sym_00bd4490:
.byte 0xff, 0xff, 0xff, 0xff
.long _sym_00aaf030
.globl _sym_00bd4498
_sym_00bd4498:
.byte 0x22, 0x05, 0x93, 0x19, 0x01, 0x00, 0x00, 0x00
.long _sym_00bd4490
.byte 0x00, 0x00, 0x00, 0x00, 0x00, 0x00, 0x00, 0x00, 0x00, 0x00, 0x00, 0x00, 0x00, 0x00, 0x00, 0x00
.byte 0x00, 0x00, 0x00, 0x00, 0x01, 0x00, 0x00, 0x00
.globl _sym_00bd44bc
_sym_00bd44bc:
.byte 0xff, 0xff, 0xff, 0xff
.long _sym_00aaf0c0
.globl _sym_00bd44c4
_sym_00bd44c4:
.byte 0x22, 0x05, 0x93, 0x19, 0x01, 0x00, 0x00, 0x00
.long _sym_00bd44bc
.byte 0x00, 0x00, 0x00, 0x00, 0x00, 0x00, 0x00, 0x00, 0x00, 0x00, 0x00, 0x00, 0x00, 0x00, 0x00, 0x00
.byte 0x00, 0x00, 0x00, 0x00, 0x01, 0x00, 0x00, 0x00
.globl _sym_00bd44e8
_sym_00bd44e8:
.byte 0xff, 0xff, 0xff, 0xff
.long _sym_00aaf060
.globl _sym_00bd44f0
_sym_00bd44f0:
.byte 0x22, 0x05, 0x93, 0x19, 0x01, 0x00, 0x00, 0x00
.long _sym_00bd44e8
.byte 0x00, 0x00, 0x00, 0x00, 0x00, 0x00, 0x00, 0x00, 0x00, 0x00, 0x00, 0x00, 0x00, 0x00, 0x00, 0x00
.byte 0x00, 0x00, 0x00, 0x00, 0x01, 0x00, 0x00, 0x00
.globl _sym_00bd4514
_sym_00bd4514:
.byte 0xff, 0xff, 0xff, 0xff
.long _sym_00aaf000
.globl _sym_00bd451c
_sym_00bd451c:
.byte 0x22, 0x05, 0x93, 0x19, 0x01, 0x00, 0x00, 0x00
.long _sym_00bd4514
.byte 0x00, 0x00, 0x00, 0x00, 0x00, 0x00, 0x00, 0x00, 0x00, 0x00, 0x00, 0x00, 0x00, 0x00, 0x00, 0x00
.byte 0x00, 0x00, 0x00, 0x00, 0x01, 0x00, 0x00, 0x00
.globl _sym_00bd4540
_sym_00bd4540:
.byte 0xff, 0xff, 0xff, 0xff
.long _sym_00aaf330
.globl _sym_00bd4548
_sym_00bd4548:
.byte 0x22, 0x05, 0x93, 0x19, 0x01, 0x00, 0x00, 0x00
.long _sym_00bd4540
.byte 0x00, 0x00, 0x00, 0x00, 0x00, 0x00, 0x00, 0x00, 0x00, 0x00, 0x00, 0x00, 0x00, 0x00, 0x00, 0x00
.byte 0x00, 0x00, 0x00, 0x00, 0x01, 0x00, 0x00, 0x00
.globl _sym_00bd456c
_sym_00bd456c:
.byte 0xff, 0xff, 0xff, 0xff
.long _sym_00aaf2d0
.globl _sym_00bd4574
_sym_00bd4574:
.byte 0x22, 0x05, 0x93, 0x19, 0x01, 0x00, 0x00, 0x00
.long _sym_00bd456c
.byte 0x00, 0x00, 0x00, 0x00, 0x00, 0x00, 0x00, 0x00, 0x00, 0x00, 0x00, 0x00, 0x00, 0x00, 0x00, 0x00
.byte 0x00, 0x00, 0x00, 0x00, 0x01, 0x00, 0x00, 0x00
.globl _sym_00bd4598
_sym_00bd4598:
.byte 0xff, 0xff, 0xff, 0xff
.long _sym_00aaf300
.globl _sym_00bd45a0
_sym_00bd45a0:
.byte 0x22, 0x05, 0x93, 0x19, 0x01, 0x00, 0x00, 0x00
.long _sym_00bd4598
.byte 0x00, 0x00, 0x00, 0x00, 0x00, 0x00, 0x00, 0x00, 0x00, 0x00, 0x00, 0x00, 0x00, 0x00, 0x00, 0x00
.byte 0x00, 0x00, 0x00, 0x00, 0x01, 0x00, 0x00, 0x00
.globl _sym_00bd45c4
_sym_00bd45c4:
.byte 0xff, 0xff, 0xff, 0xff
.long _sym_00aaf360
.globl _sym_00bd45cc
_sym_00bd45cc:
.byte 0x22, 0x05, 0x93, 0x19, 0x01, 0x00, 0x00, 0x00
.long _sym_00bd45c4
.byte 0x00, 0x00, 0x00, 0x00, 0x00, 0x00, 0x00, 0x00, 0x00, 0x00, 0x00, 0x00, 0x00, 0x00, 0x00, 0x00
.byte 0x00, 0x00, 0x00, 0x00, 0x01, 0x00, 0x00, 0x00
.globl _sym_00bd45f0
_sym_00bd45f0:
.byte 0xff, 0xff, 0xff, 0xff
.long _sym_00aaf2a0
.globl _sym_00bd45f8
_sym_00bd45f8:
.byte 0x22, 0x05, 0x93, 0x19, 0x01, 0x00, 0x00, 0x00
.long _sym_00bd45f0
.byte 0x00, 0x00, 0x00, 0x00, 0x00, 0x00, 0x00, 0x00, 0x00, 0x00, 0x00, 0x00, 0x00, 0x00, 0x00, 0x00
.byte 0x00, 0x00, 0x00, 0x00, 0x01, 0x00, 0x00, 0x00
.globl _sym_00bd461c
_sym_00bd461c:
.byte 0xff, 0xff, 0xff, 0xff
.long _sym_00aaefd0
.globl _sym_00bd4624
_sym_00bd4624:
.byte 0x22, 0x05, 0x93, 0x19, 0x01, 0x00, 0x00, 0x00
.long _sym_00bd461c
.byte 0x00, 0x00, 0x00, 0x00, 0x00, 0x00, 0x00, 0x00, 0x00, 0x00, 0x00, 0x00, 0x00, 0x00, 0x00, 0x00
.byte 0x00, 0x00, 0x00, 0x00, 0x01, 0x00, 0x00, 0x00
.globl _sym_00bd4648
_sym_00bd4648:
.byte 0xff, 0xff, 0xff, 0xff
.long _sym_00aaf270
.globl _sym_00bd4650
_sym_00bd4650:
.byte 0x22, 0x05, 0x93, 0x19, 0x01, 0x00, 0x00, 0x00
.long _sym_00bd4648
.byte 0x00, 0x00, 0x00, 0x00, 0x00, 0x00, 0x00, 0x00, 0x00, 0x00, 0x00, 0x00, 0x00, 0x00, 0x00, 0x00
.byte 0x00, 0x00, 0x00, 0x00, 0x01, 0x00, 0x00, 0x00
.globl _sym_00bd4674
_sym_00bd4674:
.byte 0xff, 0xff, 0xff, 0xff
.long _sym_00aaefa0
.globl _sym_00bd467c
_sym_00bd467c:
.byte 0x22, 0x05, 0x93, 0x19, 0x01, 0x00, 0x00, 0x00
.long _sym_00bd4674
.byte 0x00, 0x00, 0x00, 0x00, 0x00, 0x00, 0x00, 0x00, 0x00, 0x00, 0x00, 0x00, 0x00, 0x00, 0x00, 0x00
.byte 0x00, 0x00, 0x00, 0x00, 0x01, 0x00, 0x00, 0x00
.globl _sym_00bd46a0
_sym_00bd46a0:
.byte 0xff, 0xff, 0xff, 0xff
.long _sym_00aaf240
.globl _sym_00bd46a8
_sym_00bd46a8:
.byte 0x22, 0x05, 0x93, 0x19, 0x01, 0x00, 0x00, 0x00
.long _sym_00bd46a0
.byte 0x00, 0x00, 0x00, 0x00, 0x00, 0x00, 0x00, 0x00, 0x00, 0x00, 0x00, 0x00, 0x00, 0x00, 0x00, 0x00
.byte 0x00, 0x00, 0x00, 0x00, 0x01, 0x00, 0x00, 0x00
.globl _sym_00bd46cc
_sym_00bd46cc:
.byte 0xff, 0xff, 0xff, 0xff
.long _sym_00aaf4b0
.globl _sym_00bd46d4
_sym_00bd46d4:
.byte 0x22, 0x05, 0x93, 0x19, 0x01, 0x00, 0x00, 0x00
.long _sym_00bd46cc
.byte 0x00, 0x00, 0x00, 0x00, 0x00, 0x00, 0x00, 0x00, 0x00, 0x00, 0x00, 0x00, 0x00, 0x00, 0x00, 0x00
.byte 0x00, 0x00, 0x00, 0x00, 0x01, 0x00, 0x00, 0x00
.globl _sym_00bd46f8
_sym_00bd46f8:
.byte 0xff, 0xff, 0xff, 0xff
.long _sym_00aaf3c0
.globl _sym_00bd4700
_sym_00bd4700:
.byte 0x22, 0x05, 0x93, 0x19, 0x01, 0x00, 0x00, 0x00
.long _sym_00bd46f8
.byte 0x00, 0x00, 0x00, 0x00, 0x00, 0x00, 0x00, 0x00, 0x00, 0x00, 0x00, 0x00, 0x00, 0x00, 0x00, 0x00
.byte 0x00, 0x00, 0x00, 0x00, 0x01, 0x00, 0x00, 0x00
.globl _sym_00bd4724
_sym_00bd4724:
.byte 0xff, 0xff, 0xff, 0xff
.long _sym_00aaf510
.globl _sym_00bd472c
_sym_00bd472c:
.byte 0x22, 0x05, 0x93, 0x19, 0x01, 0x00, 0x00, 0x00
.long _sym_00bd4724
.byte 0x00, 0x00, 0x00, 0x00, 0x00, 0x00, 0x00, 0x00, 0x00, 0x00, 0x00, 0x00, 0x00, 0x00, 0x00, 0x00
.byte 0x00, 0x00, 0x00, 0x00, 0x01, 0x00, 0x00, 0x00
.globl _sym_00bd4750
_sym_00bd4750:
.byte 0xff, 0xff, 0xff, 0xff
.long _sym_00aaf390
.globl _sym_00bd4758
_sym_00bd4758:
.byte 0x22, 0x05, 0x93, 0x19, 0x01, 0x00, 0x00, 0x00
.long _sym_00bd4750
.byte 0x00, 0x00, 0x00, 0x00, 0x00, 0x00, 0x00, 0x00, 0x00, 0x00, 0x00, 0x00, 0x00, 0x00, 0x00, 0x00
.byte 0x00, 0x00, 0x00, 0x00, 0x01, 0x00, 0x00, 0x00
.globl _sym_00bd477c
_sym_00bd477c:
.byte 0xff, 0xff, 0xff, 0xff
.long _sym_00aaf4e0
.globl _sym_00bd4784
_sym_00bd4784:
.byte 0x22, 0x05, 0x93, 0x19, 0x01, 0x00, 0x00, 0x00
.long _sym_00bd477c
.byte 0x00, 0x00, 0x00, 0x00, 0x00, 0x00, 0x00, 0x00, 0x00, 0x00, 0x00, 0x00, 0x00, 0x00, 0x00, 0x00
.byte 0x00, 0x00, 0x00, 0x00, 0x01, 0x00, 0x00, 0x00
.globl _sym_00bd47a8
_sym_00bd47a8:
.byte 0xff, 0xff, 0xff, 0xff
.long _sym_00aaf3f0
.globl _sym_00bd47b0
_sym_00bd47b0:
.byte 0x22, 0x05, 0x93, 0x19, 0x01, 0x00, 0x00, 0x00
.long _sym_00bd47a8
.byte 0x00, 0x00, 0x00, 0x00, 0x00, 0x00, 0x00, 0x00, 0x00, 0x00, 0x00, 0x00, 0x00, 0x00, 0x00, 0x00
.byte 0x00, 0x00, 0x00, 0x00, 0x01, 0x00, 0x00, 0x00
.globl _sym_00bd47d4
_sym_00bd47d4:
.byte 0xff, 0xff, 0xff, 0xff
.long _sym_00aaf420
.globl _sym_00bd47dc
_sym_00bd47dc:
.byte 0x22, 0x05, 0x93, 0x19, 0x01, 0x00, 0x00, 0x00
.long _sym_00bd47d4
.byte 0x00, 0x00, 0x00, 0x00, 0x00, 0x00, 0x00, 0x00, 0x00, 0x00, 0x00, 0x00, 0x00, 0x00, 0x00, 0x00
.byte 0x00, 0x00, 0x00, 0x00, 0x01, 0x00, 0x00, 0x00
.globl _sym_00bd4800
_sym_00bd4800:
.byte 0xff, 0xff, 0xff, 0xff
.long _sym_00aaf480
.globl _sym_00bd4808
_sym_00bd4808:
.byte 0x22, 0x05, 0x93, 0x19, 0x01, 0x00, 0x00, 0x00
.long _sym_00bd4800
.byte 0x00, 0x00, 0x00, 0x00, 0x00, 0x00, 0x00, 0x00, 0x00, 0x00, 0x00, 0x00, 0x00, 0x00, 0x00, 0x00
.byte 0x00, 0x00, 0x00, 0x00, 0x01, 0x00, 0x00, 0x00
.globl _sym_00bd482c
_sym_00bd482c:
.byte 0xff, 0xff, 0xff, 0xff
.long _sym_00aaf450
.globl _sym_00bd4834
_sym_00bd4834:
.byte 0x22, 0x05, 0x93, 0x19, 0x01, 0x00, 0x00, 0x00
.long _sym_00bd482c
.byte 0x00, 0x00, 0x00, 0x00, 0x00, 0x00, 0x00, 0x00, 0x00, 0x00, 0x00, 0x00, 0x00, 0x00, 0x00, 0x00
.byte 0x00, 0x00, 0x00, 0x00, 0x01, 0x00, 0x00, 0x00
.globl _sym_00bd4858
_sym_00bd4858:
.byte 0xff, 0xff, 0xff, 0xff
.long _sym_00aaf720
.globl _sym_00bd4860
_sym_00bd4860:
.byte 0x22, 0x05, 0x93, 0x19, 0x01, 0x00, 0x00, 0x00
.long _sym_00bd4858
.byte 0x00, 0x00, 0x00, 0x00, 0x00, 0x00, 0x00, 0x00, 0x00, 0x00, 0x00, 0x00, 0x00, 0x00, 0x00, 0x00
.byte 0x00, 0x00, 0x00, 0x00, 0x01, 0x00, 0x00, 0x00
.globl _sym_00bd4884
_sym_00bd4884:
.byte 0xff, 0xff, 0xff, 0xff
.long _sym_00aaf540
.globl _sym_00bd488c
_sym_00bd488c:
.byte 0x22, 0x05, 0x93, 0x19, 0x01, 0x00, 0x00, 0x00
.long _sym_00bd4884
.byte 0x00, 0x00, 0x00, 0x00, 0x00, 0x00, 0x00, 0x00, 0x00, 0x00, 0x00, 0x00, 0x00, 0x00, 0x00, 0x00
.byte 0x00, 0x00, 0x00, 0x00, 0x01, 0x00, 0x00, 0x00
.globl _sym_00bd48b0
_sym_00bd48b0:
.byte 0xff, 0xff, 0xff, 0xff
.long _sym_00aaf750
.globl _sym_00bd48b8
_sym_00bd48b8:
.byte 0x22, 0x05, 0x93, 0x19, 0x01, 0x00, 0x00, 0x00
.long _sym_00bd48b0
.byte 0x00, 0x00, 0x00, 0x00, 0x00, 0x00, 0x00, 0x00, 0x00, 0x00, 0x00, 0x00, 0x00, 0x00, 0x00, 0x00
.byte 0x00, 0x00, 0x00, 0x00, 0x01, 0x00, 0x00, 0x00
.globl _sym_00bd48dc
_sym_00bd48dc:
.byte 0xff, 0xff, 0xff, 0xff
.long _sym_00aaf570
.globl _sym_00bd48e4
_sym_00bd48e4:
.byte 0x22, 0x05, 0x93, 0x19, 0x01, 0x00, 0x00, 0x00
.long _sym_00bd48dc
.byte 0x00, 0x00, 0x00, 0x00, 0x00, 0x00, 0x00, 0x00, 0x00, 0x00, 0x00, 0x00, 0x00, 0x00, 0x00, 0x00
.byte 0x00, 0x00, 0x00, 0x00, 0x01, 0x00, 0x00, 0x00
.globl _sym_00bd4908
_sym_00bd4908:
.byte 0xff, 0xff, 0xff, 0xff
.long _sym_00aaf780
.globl _sym_00bd4910
_sym_00bd4910:
.byte 0x22, 0x05, 0x93, 0x19, 0x01, 0x00, 0x00, 0x00
.long _sym_00bd4908
.byte 0x00, 0x00, 0x00, 0x00, 0x00, 0x00, 0x00, 0x00, 0x00, 0x00, 0x00, 0x00, 0x00, 0x00, 0x00, 0x00
.byte 0x00, 0x00, 0x00, 0x00, 0x01, 0x00, 0x00, 0x00
.globl _sym_00bd4934
_sym_00bd4934:
.byte 0xff, 0xff, 0xff, 0xff
.long _sym_00aaf5a0
.globl _sym_00bd493c
_sym_00bd493c:
.byte 0x22, 0x05, 0x93, 0x19, 0x01, 0x00, 0x00, 0x00
.long _sym_00bd4934
.byte 0x00, 0x00, 0x00, 0x00, 0x00, 0x00, 0x00, 0x00, 0x00, 0x00, 0x00, 0x00, 0x00, 0x00, 0x00, 0x00
.byte 0x00, 0x00, 0x00, 0x00, 0x01, 0x00, 0x00, 0x00
.globl _sym_00bd4960
_sym_00bd4960:
.byte 0xff, 0xff, 0xff, 0xff
.long _sym_00aaf7b0
.byte 0xff, 0xff, 0xff, 0xff
.long _sym_00aaf7be
.byte 0xff, 0xff, 0xff, 0xff
.long _sym_00aaf7cc
.globl _sym_00bd4978
_sym_00bd4978:
.byte 0x22, 0x05, 0x93, 0x19, 0x03, 0x00, 0x00, 0x00
.long _sym_00bd4960
.byte 0x00, 0x00, 0x00, 0x00, 0x00, 0x00, 0x00, 0x00, 0x00, 0x00, 0x00, 0x00, 0x00, 0x00, 0x00, 0x00
.byte 0x00, 0x00, 0x00, 0x00, 0x01, 0x00, 0x00, 0x00
.globl _sym_00bd499c
_sym_00bd499c:
.byte 0xff, 0xff, 0xff, 0xff
.long _sym_00aaf5d0
.globl _sym_00bd49a4
_sym_00bd49a4:
.byte 0x22, 0x05, 0x93, 0x19, 0x01, 0x00, 0x00, 0x00
.long _sym_00bd499c
.byte 0x00, 0x00, 0x00, 0x00, 0x00, 0x00, 0x00, 0x00, 0x00, 0x00, 0x00, 0x00, 0x00, 0x00, 0x00, 0x00
.byte 0x00, 0x00, 0x00, 0x00, 0x01, 0x00, 0x00, 0x00
.globl _sym_00bd49c8
_sym_00bd49c8:
.byte 0x22, 0x05, 0x93, 0x19, 0x06, 0x00, 0x00, 0x00
.long _sym_00bd49ec
.byte 0x00, 0x00, 0x00, 0x00, 0x00, 0x00, 0x00, 0x00, 0x00, 0x00, 0x00, 0x00, 0x00, 0x00, 0x00, 0x00
.byte 0x00, 0x00, 0x00, 0x00, 0x01, 0x00, 0x00, 0x00
.globl _sym_00bd49ec
_sym_00bd49ec:
.byte 0xff, 0xff, 0xff, 0xff
.long _sym_00aaf800
.byte 0xff, 0xff, 0xff, 0xff
.long _sym_00aaf80e
.byte 0xff, 0xff, 0xff, 0xff
.long _sym_00aaf81c
.byte 0xff, 0xff, 0xff, 0xff
.long _sym_00aaf82a
.byte 0xff, 0xff, 0xff, 0xff
.long _sym_00aaf838
.byte 0xff, 0xff, 0xff, 0xff
.long _sym_00aaf846
.globl _sym_00bd4a1c
_sym_00bd4a1c:
.byte 0xff, 0xff, 0xff, 0xff
.long _sym_00aaf600
.globl _sym_00bd4a24
_sym_00bd4a24:
.byte 0x22, 0x05, 0x93, 0x19, 0x01, 0x00, 0x00, 0x00
.long _sym_00bd4a1c
.byte 0x00, 0x00, 0x00, 0x00, 0x00, 0x00, 0x00, 0x00, 0x00, 0x00, 0x00, 0x00, 0x00, 0x00, 0x00, 0x00
.byte 0x00, 0x00, 0x00, 0x00, 0x01, 0x00, 0x00, 0x00
.globl _sym_00bd4a48
_sym_00bd4a48:
.byte 0xff, 0xff, 0xff, 0xff
.long _sym_00aaf870
.globl _sym_00bd4a50
_sym_00bd4a50:
.byte 0x22, 0x05, 0x93, 0x19, 0x01, 0x00, 0x00, 0x00
.long _sym_00bd4a48
.byte 0x00, 0x00, 0x00, 0x00, 0x00, 0x00, 0x00, 0x00, 0x00, 0x00, 0x00, 0x00, 0x00, 0x00, 0x00, 0x00
.byte 0x00, 0x00, 0x00, 0x00, 0x01, 0x00, 0x00, 0x00
.globl _sym_00bd4a74
_sym_00bd4a74:
.byte 0xff, 0xff, 0xff, 0xff
.long _sym_00aaf630
.globl _sym_00bd4a7c
_sym_00bd4a7c:
.byte 0x22, 0x05, 0x93, 0x19, 0x01, 0x00, 0x00, 0x00
.long _sym_00bd4a74
.byte 0x00, 0x00, 0x00, 0x00, 0x00, 0x00, 0x00, 0x00, 0x00, 0x00, 0x00, 0x00, 0x00, 0x00, 0x00, 0x00
.byte 0x00, 0x00, 0x00, 0x00, 0x01, 0x00, 0x00, 0x00
.globl _sym_00bd4aa0
_sym_00bd4aa0:
.byte 0xff, 0xff, 0xff, 0xff
.long _sym_00aaf660
.globl _sym_00bd4aa8
_sym_00bd4aa8:
.byte 0x22, 0x05, 0x93, 0x19, 0x01, 0x00, 0x00, 0x00
.long _sym_00bd4aa0
.byte 0x00, 0x00, 0x00, 0x00, 0x00, 0x00, 0x00, 0x00, 0x00, 0x00, 0x00, 0x00, 0x00, 0x00, 0x00, 0x00
.byte 0x00, 0x00, 0x00, 0x00, 0x01, 0x00, 0x00, 0x00
.globl _sym_00bd4acc
_sym_00bd4acc:
.byte 0xff, 0xff, 0xff, 0xff
.long _sym_00aaf690
.globl _sym_00bd4ad4
_sym_00bd4ad4:
.byte 0x22, 0x05, 0x93, 0x19, 0x01, 0x00, 0x00, 0x00
.long _sym_00bd4acc
.byte 0x00, 0x00, 0x00, 0x00, 0x00, 0x00, 0x00, 0x00, 0x00, 0x00, 0x00, 0x00, 0x00, 0x00, 0x00, 0x00
.byte 0x00, 0x00, 0x00, 0x00, 0x01, 0x00, 0x00, 0x00
.globl _sym_00bd4af8
_sym_00bd4af8:
.byte 0xff, 0xff, 0xff, 0xff
.long _sym_00aaf6c0
.globl _sym_00bd4b00
_sym_00bd4b00:
.byte 0x22, 0x05, 0x93, 0x19, 0x01, 0x00, 0x00, 0x00
.long _sym_00bd4af8
.byte 0x00, 0x00, 0x00, 0x00, 0x00, 0x00, 0x00, 0x00, 0x00, 0x00, 0x00, 0x00, 0x00, 0x00, 0x00, 0x00
.byte 0x00, 0x00, 0x00, 0x00, 0x01, 0x00, 0x00, 0x00
.globl _sym_00bd4b24
_sym_00bd4b24:
.byte 0xff, 0xff, 0xff, 0xff
.long _sym_00aaf6f0
.globl _sym_00bd4b2c
_sym_00bd4b2c:
.byte 0x22, 0x05, 0x93, 0x19, 0x01, 0x00, 0x00, 0x00
.long _sym_00bd4b24
.byte 0x00, 0x00, 0x00, 0x00, 0x00, 0x00, 0x00, 0x00, 0x00, 0x00, 0x00, 0x00, 0x00, 0x00, 0x00, 0x00
.byte 0x00, 0x00, 0x00, 0x00, 0x01, 0x00, 0x00, 0x00
.globl _sym_00bd4b50
_sym_00bd4b50:
.byte 0x22, 0x05, 0x93, 0x19, 0x06, 0x00, 0x00, 0x00
.long _sym_00bd4b74
.byte 0x00, 0x00, 0x00, 0x00, 0x00, 0x00, 0x00, 0x00, 0x00, 0x00, 0x00, 0x00, 0x00, 0x00, 0x00, 0x00
.byte 0x00, 0x00, 0x00, 0x00, 0x01, 0x00, 0x00, 0x00
.globl _sym_00bd4b74
_sym_00bd4b74:
.byte 0xff, 0xff, 0xff, 0xff
.long _sym_00ab0950
.byte 0xff, 0xff, 0xff, 0xff
.long _sym_00ab095e
.byte 0xff, 0xff, 0xff, 0xff
.long _sym_00ab096c
.byte 0xff, 0xff, 0xff, 0xff
.long _sym_00ab097a
.byte 0xff, 0xff, 0xff, 0xff
.long _sym_00ab0988
.byte 0xff, 0xff, 0xff, 0xff
.long _sym_00ab0996
.globl _sym_00bd4ba4
_sym_00bd4ba4:
.byte 0xff, 0xff, 0xff, 0xff
.long _sym_00ab0050
.globl _sym_00bd4bac
_sym_00bd4bac:
.byte 0x22, 0x05, 0x93, 0x19, 0x01, 0x00, 0x00, 0x00
.long _sym_00bd4ba4
.byte 0x00, 0x00, 0x00, 0x00, 0x00, 0x00, 0x00, 0x00, 0x00, 0x00, 0x00, 0x00, 0x00, 0x00, 0x00, 0x00
.byte 0x00, 0x00, 0x00, 0x00, 0x01, 0x00, 0x00, 0x00
.globl _sym_00bd4bd0
_sym_00bd4bd0:
.byte 0xff, 0xff, 0xff, 0xff
.long _sym_00aafe70
.globl _sym_00bd4bd8
_sym_00bd4bd8:
.byte 0x22, 0x05, 0x93, 0x19, 0x01, 0x00, 0x00, 0x00
.long _sym_00bd4bd0
.byte 0x00, 0x00, 0x00, 0x00, 0x00, 0x00, 0x00, 0x00, 0x00, 0x00, 0x00, 0x00, 0x00, 0x00, 0x00, 0x00
.byte 0x00, 0x00, 0x00, 0x00, 0x01, 0x00, 0x00, 0x00
.globl _sym_00bd4bfc
_sym_00bd4bfc:
.byte 0xff, 0xff, 0xff, 0xff
.long _sym_00ab07d0
.byte 0xff, 0xff, 0xff, 0xff
.long _sym_00ab07de
.byte 0xff, 0xff, 0xff, 0xff
.long _sym_00ab07ec
.globl _sym_00bd4c14
_sym_00bd4c14:
.byte 0x22, 0x05, 0x93, 0x19, 0x03, 0x00, 0x00, 0x00
.long _sym_00bd4bfc
.byte 0x00, 0x00, 0x00, 0x00, 0x00, 0x00, 0x00, 0x00, 0x00, 0x00, 0x00, 0x00, 0x00, 0x00, 0x00, 0x00
.byte 0x00, 0x00, 0x00, 0x00, 0x01, 0x00, 0x00, 0x00
.globl _sym_00bd4c38
_sym_00bd4c38:
.byte 0xff, 0xff, 0xff, 0xff
.long _sym_00aaff30
.globl _sym_00bd4c40
_sym_00bd4c40:
.byte 0x22, 0x05, 0x93, 0x19, 0x01, 0x00, 0x00, 0x00
.long _sym_00bd4c38
.byte 0x00, 0x00, 0x00, 0x00, 0x00, 0x00, 0x00, 0x00, 0x00, 0x00, 0x00, 0x00, 0x00, 0x00, 0x00, 0x00
.byte 0x00, 0x00, 0x00, 0x00, 0x01, 0x00, 0x00, 0x00
.globl _sym_00bd4c64
_sym_00bd4c64:
.byte 0xff, 0xff, 0xff, 0xff
.long _sym_00ab0770
.globl _sym_00bd4c6c
_sym_00bd4c6c:
.byte 0x22, 0x05, 0x93, 0x19, 0x01, 0x00, 0x00, 0x00
.long _sym_00bd4c64
.byte 0x00, 0x00, 0x00, 0x00, 0x00, 0x00, 0x00, 0x00, 0x00, 0x00, 0x00, 0x00, 0x00, 0x00, 0x00, 0x00
.byte 0x00, 0x00, 0x00, 0x00, 0x01, 0x00, 0x00, 0x00
.globl _sym_00bd4c90
_sym_00bd4c90:
.byte 0xff, 0xff, 0xff, 0xff
.long _sym_00aafed0
.globl _sym_00bd4c98
_sym_00bd4c98:
.byte 0x22, 0x05, 0x93, 0x19, 0x01, 0x00, 0x00, 0x00
.long _sym_00bd4c90
.byte 0x00, 0x00, 0x00, 0x00, 0x00, 0x00, 0x00, 0x00, 0x00, 0x00, 0x00, 0x00, 0x00, 0x00, 0x00, 0x00
.byte 0x00, 0x00, 0x00, 0x00, 0x01, 0x00, 0x00, 0x00
.globl _sym_00bd4cbc
_sym_00bd4cbc:
.byte 0xff, 0xff, 0xff, 0xff
.long _sym_00ab07a0
.globl _sym_00bd4cc4
_sym_00bd4cc4:
.byte 0x22, 0x05, 0x93, 0x19, 0x01, 0x00, 0x00, 0x00
.long _sym_00bd4cbc
.byte 0x00, 0x00, 0x00, 0x00, 0x00, 0x00, 0x00, 0x00, 0x00, 0x00, 0x00, 0x00, 0x00, 0x00, 0x00, 0x00
.byte 0x00, 0x00, 0x00, 0x00, 0x01, 0x00, 0x00, 0x00
.globl _sym_00bd4ce8
_sym_00bd4ce8:
.byte 0xff, 0xff, 0xff, 0xff
.long _sym_00aaff00
.globl _sym_00bd4cf0
_sym_00bd4cf0:
.byte 0x22, 0x05, 0x93, 0x19, 0x01, 0x00, 0x00, 0x00
.long _sym_00bd4ce8
.byte 0x00, 0x00, 0x00, 0x00, 0x00, 0x00, 0x00, 0x00, 0x00, 0x00, 0x00, 0x00, 0x00, 0x00, 0x00, 0x00
.byte 0x00, 0x00, 0x00, 0x00, 0x01, 0x00, 0x00, 0x00
.globl _sym_00bd4d14
_sym_00bd4d14:
.byte 0xff, 0xff, 0xff, 0xff
.long _sym_00ab0820
.globl _sym_00bd4d1c
_sym_00bd4d1c:
.byte 0x22, 0x05, 0x93, 0x19, 0x01, 0x00, 0x00, 0x00
.long _sym_00bd4d14
.byte 0x00, 0x00, 0x00, 0x00, 0x00, 0x00, 0x00, 0x00, 0x00, 0x00, 0x00, 0x00, 0x00, 0x00, 0x00, 0x00
.byte 0x00, 0x00, 0x00, 0x00, 0x01, 0x00, 0x00, 0x00
.globl _sym_00bd4d40
_sym_00bd4d40:
.byte 0xff, 0xff, 0xff, 0xff
.long _sym_00aaff60
.globl _sym_00bd4d48
_sym_00bd4d48:
.byte 0x22, 0x05, 0x93, 0x19, 0x01, 0x00, 0x00, 0x00
.long _sym_00bd4d40
.byte 0x00, 0x00, 0x00, 0x00, 0x00, 0x00, 0x00, 0x00, 0x00, 0x00, 0x00, 0x00, 0x00, 0x00, 0x00, 0x00
.byte 0x00, 0x00, 0x00, 0x00, 0x01, 0x00, 0x00, 0x00
.globl _sym_00bd4d6c
_sym_00bd4d6c:
.byte 0xff, 0xff, 0xff, 0xff
.long _sym_00ab06a0
.globl _sym_00bd4d74
_sym_00bd4d74:
.byte 0x22, 0x05, 0x93, 0x19, 0x01, 0x00, 0x00, 0x00
.long _sym_00bd4d6c
.byte 0x00, 0x00, 0x00, 0x00, 0x00, 0x00, 0x00, 0x00, 0x00, 0x00, 0x00, 0x00, 0x00, 0x00, 0x00, 0x00
.byte 0x00, 0x00, 0x00, 0x00, 0x01, 0x00, 0x00, 0x00
.globl _sym_00bd4d98
_sym_00bd4d98:
.byte 0xff, 0xff, 0xff, 0xff
.long _sym_00aafde0
.globl _sym_00bd4da0
_sym_00bd4da0:
.byte 0x22, 0x05, 0x93, 0x19, 0x01, 0x00, 0x00, 0x00
.long _sym_00bd4d98
.byte 0x00, 0x00, 0x00, 0x00, 0x00, 0x00, 0x00, 0x00, 0x00, 0x00, 0x00, 0x00, 0x00, 0x00, 0x00, 0x00
.byte 0x00, 0x00, 0x00, 0x00, 0x01, 0x00, 0x00, 0x00
.globl _sym_00bd4dc4
_sym_00bd4dc4:
.byte 0xff, 0xff, 0xff, 0xff
.long _sym_00ab06d0
.globl _sym_00bd4dcc
_sym_00bd4dcc:
.byte 0x22, 0x05, 0x93, 0x19, 0x01, 0x00, 0x00, 0x00
.long _sym_00bd4dc4
.byte 0x00, 0x00, 0x00, 0x00, 0x00, 0x00, 0x00, 0x00, 0x00, 0x00, 0x00, 0x00, 0x00, 0x00, 0x00, 0x00
.byte 0x00, 0x00, 0x00, 0x00, 0x01, 0x00, 0x00, 0x00
.globl _sym_00bd4df0
_sym_00bd4df0:
.byte 0xff, 0xff, 0xff, 0xff
.long _sym_00aafe10
.globl _sym_00bd4df8
_sym_00bd4df8:
.byte 0x22, 0x05, 0x93, 0x19, 0x01, 0x00, 0x00, 0x00
.long _sym_00bd4df0
.byte 0x00, 0x00, 0x00, 0x00, 0x00, 0x00, 0x00, 0x00, 0x00, 0x00, 0x00, 0x00, 0x00, 0x00, 0x00, 0x00
.byte 0x00, 0x00, 0x00, 0x00, 0x01, 0x00, 0x00, 0x00
.globl _sym_00bd4e1c
_sym_00bd4e1c:
.byte 0xff, 0xff, 0xff, 0xff
.long _sym_00ab0700
.globl _sym_00bd4e24
_sym_00bd4e24:
.byte 0x22, 0x05, 0x93, 0x19, 0x01, 0x00, 0x00, 0x00
.long _sym_00bd4e1c
.byte 0x00, 0x00, 0x00, 0x00, 0x00, 0x00, 0x00, 0x00, 0x00, 0x00, 0x00, 0x00, 0x00, 0x00, 0x00, 0x00
.byte 0x00, 0x00, 0x00, 0x00, 0x01, 0x00, 0x00, 0x00
.globl _sym_00bd4e48
_sym_00bd4e48:
.byte 0xff, 0xff, 0xff, 0xff
.long _sym_00aafe40
.globl _sym_00bd4e50
_sym_00bd4e50:
.byte 0x22, 0x05, 0x93, 0x19, 0x01, 0x00, 0x00, 0x00
.long _sym_00bd4e48
.byte 0x00, 0x00, 0x00, 0x00, 0x00, 0x00, 0x00, 0x00, 0x00, 0x00, 0x00, 0x00, 0x00, 0x00, 0x00, 0x00
.byte 0x00, 0x00, 0x00, 0x00, 0x01, 0x00, 0x00, 0x00
.globl _sym_00bd4e74
_sym_00bd4e74:
.byte 0xff, 0xff, 0xff, 0xff
.long _sym_00ab0730
.byte 0xff, 0xff, 0xff, 0xff
.long _sym_00ab073e
.globl _sym_00bd4e84
_sym_00bd4e84:
.byte 0x22, 0x05, 0x93, 0x19, 0x02, 0x00, 0x00, 0x00
.long _sym_00bd4e74
.byte 0x00, 0x00, 0x00, 0x00, 0x00, 0x00, 0x00, 0x00, 0x00, 0x00, 0x00, 0x00, 0x00, 0x00, 0x00, 0x00
.byte 0x00, 0x00, 0x00, 0x00, 0x01, 0x00, 0x00, 0x00
.globl _sym_00bd4ea8
_sym_00bd4ea8:
.byte 0xff, 0xff, 0xff, 0xff
.long _sym_00aafea0
.globl _sym_00bd4eb0
_sym_00bd4eb0:
.byte 0x22, 0x05, 0x93, 0x19, 0x01, 0x00, 0x00, 0x00
.long _sym_00bd4ea8
.byte 0x00, 0x00, 0x00, 0x00, 0x00, 0x00, 0x00, 0x00, 0x00, 0x00, 0x00, 0x00, 0x00, 0x00, 0x00, 0x00
.byte 0x00, 0x00, 0x00, 0x00, 0x01, 0x00, 0x00, 0x00
.globl _sym_00bd4ed4
_sym_00bd4ed4:
.byte 0xff, 0xff, 0xff, 0xff
.long _sym_00ab0660
.byte 0xff, 0xff, 0xff, 0xff
.long _sym_00ab066e
.globl _sym_00bd4ee4
_sym_00bd4ee4:
.byte 0x22, 0x05, 0x93, 0x19, 0x02, 0x00, 0x00, 0x00
.long _sym_00bd4ed4
.byte 0x00, 0x00, 0x00, 0x00, 0x00, 0x00, 0x00, 0x00, 0x00, 0x00, 0x00, 0x00, 0x00, 0x00, 0x00, 0x00
.byte 0x00, 0x00, 0x00, 0x00, 0x01, 0x00, 0x00, 0x00
.globl _sym_00bd4f08
_sym_00bd4f08:
.byte 0xff, 0xff, 0xff, 0xff
.long _sym_00aafdb0
.globl _sym_00bd4f10
_sym_00bd4f10:
.byte 0x22, 0x05, 0x93, 0x19, 0x01, 0x00, 0x00, 0x00
.long _sym_00bd4f08
.byte 0x00, 0x00, 0x00, 0x00, 0x00, 0x00, 0x00, 0x00, 0x00, 0x00, 0x00, 0x00, 0x00, 0x00, 0x00, 0x00
.byte 0x00, 0x00, 0x00, 0x00, 0x01, 0x00, 0x00, 0x00
.globl _sym_00bd4f34
_sym_00bd4f34:
.byte 0xff, 0xff, 0xff, 0xff
.long _sym_00ab0570
.byte 0xff, 0xff, 0xff, 0xff
.long _sym_00ab057e
.globl _sym_00bd4f44
_sym_00bd4f44:
.byte 0x22, 0x05, 0x93, 0x19, 0x02, 0x00, 0x00, 0x00
.long _sym_00bd4f34
.byte 0x00, 0x00, 0x00, 0x00, 0x00, 0x00, 0x00, 0x00, 0x00, 0x00, 0x00, 0x00, 0x00, 0x00, 0x00, 0x00
.byte 0x00, 0x00, 0x00, 0x00, 0x01, 0x00, 0x00, 0x00
.globl _sym_00bd4f68
_sym_00bd4f68:
.byte 0xff, 0xff, 0xff, 0xff
.long _sym_00aafcf0
.globl _sym_00bd4f70
_sym_00bd4f70:
.byte 0x22, 0x05, 0x93, 0x19, 0x01, 0x00, 0x00, 0x00
.long _sym_00bd4f68
.byte 0x00, 0x00, 0x00, 0x00, 0x00, 0x00, 0x00, 0x00, 0x00, 0x00, 0x00, 0x00, 0x00, 0x00, 0x00, 0x00
.byte 0x00, 0x00, 0x00, 0x00, 0x01, 0x00, 0x00, 0x00
.globl _sym_00bd4f94
_sym_00bd4f94:
.byte 0xff, 0xff, 0xff, 0xff
.long _sym_00ab0610
.byte 0xff, 0xff, 0xff, 0xff
.long _sym_00ab061e
.byte 0xff, 0xff, 0xff, 0xff
.long _sym_00ab062c
.globl _sym_00bd4fac
_sym_00bd4fac:
.byte 0x22, 0x05, 0x93, 0x19, 0x03, 0x00, 0x00, 0x00
.long _sym_00bd4f94
.byte 0x00, 0x00, 0x00, 0x00, 0x00, 0x00, 0x00, 0x00, 0x00, 0x00, 0x00, 0x00, 0x00, 0x00, 0x00, 0x00
.byte 0x00, 0x00, 0x00, 0x00, 0x01, 0x00, 0x00, 0x00
.globl _sym_00bd4fd0
_sym_00bd4fd0:
.byte 0xff, 0xff, 0xff, 0xff
.long _sym_00aafd80
.globl _sym_00bd4fd8
_sym_00bd4fd8:
.byte 0x22, 0x05, 0x93, 0x19, 0x01, 0x00, 0x00, 0x00
.long _sym_00bd4fd0
.byte 0x00, 0x00, 0x00, 0x00, 0x00, 0x00, 0x00, 0x00, 0x00, 0x00, 0x00, 0x00, 0x00, 0x00, 0x00, 0x00
.byte 0x00, 0x00, 0x00, 0x00, 0x01, 0x00, 0x00, 0x00
.globl _sym_00bd4ffc
_sym_00bd4ffc:
.byte 0xff, 0xff, 0xff, 0xff
.long _sym_00ab0850
.globl _sym_00bd5004
_sym_00bd5004:
.byte 0x22, 0x05, 0x93, 0x19, 0x01, 0x00, 0x00, 0x00
.long _sym_00bd4ffc
.byte 0x00, 0x00, 0x00, 0x00, 0x00, 0x00, 0x00, 0x00, 0x00, 0x00, 0x00, 0x00, 0x00, 0x00, 0x00, 0x00
.byte 0x00, 0x00, 0x00, 0x00, 0x01, 0x00, 0x00, 0x00
.globl _sym_00bd5028
_sym_00bd5028:
.byte 0xff, 0xff, 0xff, 0xff
.long _sym_00aaff90
.globl _sym_00bd5030
_sym_00bd5030:
.byte 0x22, 0x05, 0x93, 0x19, 0x01, 0x00, 0x00, 0x00
.long _sym_00bd5028
.byte 0x00, 0x00, 0x00, 0x00, 0x00, 0x00, 0x00, 0x00, 0x00, 0x00, 0x00, 0x00, 0x00, 0x00, 0x00, 0x00
.byte 0x00, 0x00, 0x00, 0x00, 0x01, 0x00, 0x00, 0x00
.globl _sym_00bd5054
_sym_00bd5054:
.byte 0xff, 0xff, 0xff, 0xff
.long _sym_00ab05b0
.globl _sym_00bd505c
_sym_00bd505c:
.byte 0x22, 0x05, 0x93, 0x19, 0x01, 0x00, 0x00, 0x00
.long _sym_00bd5054
.byte 0x00, 0x00, 0x00, 0x00, 0x00, 0x00, 0x00, 0x00, 0x00, 0x00, 0x00, 0x00, 0x00, 0x00, 0x00, 0x00
.byte 0x00, 0x00, 0x00, 0x00, 0x01, 0x00, 0x00, 0x00
.globl _sym_00bd5080
_sym_00bd5080:
.byte 0xff, 0xff, 0xff, 0xff
.long _sym_00aafd20
.globl _sym_00bd5088
_sym_00bd5088:
.byte 0x22, 0x05, 0x93, 0x19, 0x01, 0x00, 0x00, 0x00
.long _sym_00bd5080
.byte 0x00, 0x00, 0x00, 0x00, 0x00, 0x00, 0x00, 0x00, 0x00, 0x00, 0x00, 0x00, 0x00, 0x00, 0x00, 0x00
.byte 0x00, 0x00, 0x00, 0x00, 0x01, 0x00, 0x00, 0x00
.globl _sym_00bd50ac
_sym_00bd50ac:
.byte 0xff, 0xff, 0xff, 0xff
.long _sym_00ab05e0
.globl _sym_00bd50b4
_sym_00bd50b4:
.byte 0x22, 0x05, 0x93, 0x19, 0x01, 0x00, 0x00, 0x00
.long _sym_00bd50ac
.byte 0x00, 0x00, 0x00, 0x00, 0x00, 0x00, 0x00, 0x00, 0x00, 0x00, 0x00, 0x00, 0x00, 0x00, 0x00, 0x00
.byte 0x00, 0x00, 0x00, 0x00, 0x01, 0x00, 0x00, 0x00
.globl _sym_00bd50d8
_sym_00bd50d8:
.byte 0xff, 0xff, 0xff, 0xff
.long _sym_00aafd50
.globl _sym_00bd50e0
_sym_00bd50e0:
.byte 0x22, 0x05, 0x93, 0x19, 0x01, 0x00, 0x00, 0x00
.long _sym_00bd50d8
.byte 0x00, 0x00, 0x00, 0x00, 0x00, 0x00, 0x00, 0x00, 0x00, 0x00, 0x00, 0x00, 0x00, 0x00, 0x00, 0x00
.byte 0x00, 0x00, 0x00, 0x00, 0x01, 0x00, 0x00, 0x00
.globl _sym_00bd5104
_sym_00bd5104:
.byte 0x22, 0x05, 0x93, 0x19, 0x08, 0x00, 0x00, 0x00
.long _sym_00bd5128
.byte 0x00, 0x00, 0x00, 0x00, 0x00, 0x00, 0x00, 0x00, 0x00, 0x00, 0x00, 0x00, 0x00, 0x00, 0x00, 0x00
.byte 0x00, 0x00, 0x00, 0x00, 0x01, 0x00, 0x00, 0x00
.globl _sym_00bd5128
_sym_00bd5128:
.byte 0xff, 0xff, 0xff, 0xff
.long _sym_00ab08e0
.byte 0xff, 0xff, 0xff, 0xff
.long _sym_00ab08ee
.byte 0xff, 0xff, 0xff, 0xff
.long _sym_00ab08fc
.byte 0x02, 0x00, 0x00, 0x00
.long _sym_00ab090a
.byte 0x02, 0x00, 0x00, 0x00, 0x00, 0x00, 0x00, 0x00, 0x02, 0x00, 0x00, 0x00, 0x00, 0x00, 0x00, 0x00
.byte 0x02, 0x00, 0x00, 0x00, 0x00, 0x00, 0x00, 0x00, 0xff, 0xff, 0xff, 0xff
.long _sym_00ab0918
.globl _sym_00bd5168
_sym_00bd5168:
.byte 0xff, 0xff, 0xff, 0xff
.long _sym_00ab0020
.globl _sym_00bd5170
_sym_00bd5170:
.byte 0x22, 0x05, 0x93, 0x19, 0x01, 0x00, 0x00, 0x00
.long _sym_00bd5168
.byte 0x00, 0x00, 0x00, 0x00, 0x00, 0x00, 0x00, 0x00, 0x00, 0x00, 0x00, 0x00, 0x00, 0x00, 0x00, 0x00
.byte 0x00, 0x00, 0x00, 0x00, 0x01, 0x00, 0x00, 0x00
.globl _sym_00bd5194
_sym_00bd5194:
.byte 0xff, 0xff, 0xff, 0xff
.long _sym_00ab00e0
.byte 0x00, 0x00, 0x00, 0x00
.long _sym_00ab00eb
.globl _sym_00bd51a4
_sym_00bd51a4:
.byte 0x22, 0x05, 0x93, 0x19, 0x02, 0x00, 0x00, 0x00
.long _sym_00bd5194
.byte 0x00, 0x00, 0x00, 0x00, 0x00, 0x00, 0x00, 0x00, 0x00, 0x00, 0x00, 0x00, 0x00, 0x00, 0x00, 0x00
.byte 0x00, 0x00, 0x00, 0x00, 0x01, 0x00, 0x00, 0x00
.globl _sym_00bd51c8
_sym_00bd51c8:
.byte 0x22, 0x05, 0x93, 0x19, 0x0a, 0x00, 0x00, 0x00
.long _sym_00bd51ec
.byte 0x00, 0x00, 0x00, 0x00, 0x00, 0x00, 0x00, 0x00, 0x00, 0x00, 0x00, 0x00, 0x00, 0x00, 0x00, 0x00
.byte 0x00, 0x00, 0x00, 0x00, 0x01, 0x00, 0x00, 0x00
.globl _sym_00bd51ec
_sym_00bd51ec:
.byte 0xff, 0xff, 0xff, 0xff
.long _sym_00ab0880
.byte 0x00, 0x00, 0x00, 0x00
.long _sym_00ab088e
.byte 0x00, 0x00, 0x00, 0x00, 0x00, 0x00, 0x00, 0x00, 0x00, 0x00, 0x00, 0x00, 0x00, 0x00, 0x00, 0x00
.byte 0x00, 0x00, 0x00, 0x00, 0x00, 0x00, 0x00, 0x00, 0xff, 0xff, 0xff, 0xff
.long _sym_00ab089c
.byte 0x05, 0x00, 0x00, 0x00
.long _sym_00ab08aa
.byte 0x05, 0x00, 0x00, 0x00, 0x00, 0x00, 0x00, 0x00, 0x05, 0x00, 0x00, 0x00, 0x00, 0x00, 0x00, 0x00
.byte 0x05, 0x00, 0x00, 0x00, 0x00, 0x00, 0x00, 0x00
.globl _sym_00bd523c
_sym_00bd523c:
.byte 0xff, 0xff, 0xff, 0xff
.long _sym_00aafff0
.globl _sym_00bd5244
_sym_00bd5244:
.byte 0x22, 0x05, 0x93, 0x19, 0x01, 0x00, 0x00, 0x00
.long _sym_00bd523c
.byte 0x00, 0x00, 0x00, 0x00, 0x00, 0x00, 0x00, 0x00, 0x00, 0x00, 0x00, 0x00, 0x00, 0x00, 0x00, 0x00
.byte 0x00, 0x00, 0x00, 0x00, 0x01, 0x00, 0x00, 0x00
.globl _sym_00bd5268
_sym_00bd5268:
.byte 0xff, 0xff, 0xff, 0xff
.long _sym_00ab0ae0
.byte 0xff, 0xff, 0xff, 0xff
.long _sym_00ab0aee
.byte 0xff, 0xff, 0xff, 0xff
.long _sym_00ab0afc
.byte 0xff, 0xff, 0xff, 0xff
.long _sym_00ab0b0a
.globl _sym_00bd5288
_sym_00bd5288:
.byte 0x22, 0x05, 0x93, 0x19, 0x04, 0x00, 0x00, 0x00
.long _sym_00bd5268
.byte 0x00, 0x00, 0x00, 0x00, 0x00, 0x00, 0x00, 0x00, 0x00, 0x00, 0x00, 0x00, 0x00, 0x00, 0x00, 0x00
.byte 0x00, 0x00, 0x00, 0x00, 0x01, 0x00, 0x00, 0x00
.globl _sym_00bd52ac
_sym_00bd52ac:
.byte 0xff, 0xff, 0xff, 0xff
.long _sym_00ab0c30
.byte 0xff, 0xff, 0xff, 0xff, 0x00, 0x00, 0x00, 0x00, 0xff, 0xff, 0xff, 0xff, 0x00, 0x00, 0x00, 0x00
.byte 0xff, 0xff, 0xff, 0xff, 0x00, 0x00, 0x00, 0x00
.globl _sym_00bd52cc
_sym_00bd52cc:
.byte 0x22, 0x05, 0x93, 0x19, 0x04, 0x00, 0x00, 0x00
.long _sym_00bd52ac
.byte 0x00, 0x00, 0x00, 0x00, 0x00, 0x00, 0x00, 0x00, 0x00, 0x00, 0x00, 0x00, 0x00, 0x00, 0x00, 0x00
.byte 0x00, 0x00, 0x00, 0x00, 0x01, 0x00, 0x00, 0x00
.globl _sym_00bd52f0
_sym_00bd52f0:
.byte 0xff, 0xff, 0xff, 0xff
.long _sym_00ab0a80
.byte 0xff, 0xff, 0xff, 0xff
.long _sym_00ab0a8e
.byte 0xff, 0xff, 0xff, 0xff
.long _sym_00ab0a9c
.byte 0xff, 0xff, 0xff, 0xff
.long _sym_00ab0aaa
.globl _sym_00bd5310
_sym_00bd5310:
.byte 0x22, 0x05, 0x93, 0x19, 0x04, 0x00, 0x00, 0x00
.long _sym_00bd52f0
.byte 0x00, 0x00, 0x00, 0x00, 0x00, 0x00, 0x00, 0x00, 0x00, 0x00, 0x00, 0x00, 0x00, 0x00, 0x00, 0x00
.byte 0x00, 0x00, 0x00, 0x00, 0x01, 0x00, 0x00, 0x00
.globl _sym_00bd5334
_sym_00bd5334:
.byte 0xff, 0xff, 0xff, 0xff
.long _sym_00ab0c00
.byte 0xff, 0xff, 0xff, 0xff, 0x00, 0x00, 0x00, 0x00, 0xff, 0xff, 0xff, 0xff, 0x00, 0x00, 0x00, 0x00
.byte 0xff, 0xff, 0xff, 0xff, 0x00, 0x00, 0x00, 0x00
.globl _sym_00bd5354
_sym_00bd5354:
.byte 0x22, 0x05, 0x93, 0x19, 0x04, 0x00, 0x00, 0x00
.long _sym_00bd5334
.byte 0x00, 0x00, 0x00, 0x00, 0x00, 0x00, 0x00, 0x00, 0x00, 0x00, 0x00, 0x00, 0x00, 0x00, 0x00, 0x00
.byte 0x00, 0x00, 0x00, 0x00, 0x01, 0x00, 0x00, 0x00
.globl _sym_00bd5378
_sym_00bd5378:
.byte 0xff, 0xff, 0xff, 0xff
.long _sym_00ab00b0
.globl _sym_00bd5380
_sym_00bd5380:
.byte 0x22, 0x05, 0x93, 0x19, 0x01, 0x00, 0x00, 0x00
.long _sym_00bd5378
.byte 0x00, 0x00, 0x00, 0x00, 0x00, 0x00, 0x00, 0x00, 0x00, 0x00, 0x00, 0x00, 0x00, 0x00, 0x00, 0x00
.byte 0x00, 0x00, 0x00, 0x00, 0x01, 0x00, 0x00, 0x00
.globl _sym_00bd53a4
_sym_00bd53a4:
.byte 0xff, 0xff, 0xff, 0xff
.long _sym_00aaffc0
.globl _sym_00bd53ac
_sym_00bd53ac:
.byte 0x22, 0x05, 0x93, 0x19, 0x01, 0x00, 0x00, 0x00
.long _sym_00bd53a4
.byte 0x00, 0x00, 0x00, 0x00, 0x00, 0x00, 0x00, 0x00, 0x00, 0x00, 0x00, 0x00, 0x00, 0x00, 0x00, 0x00
.byte 0x00, 0x00, 0x00, 0x00, 0x01, 0x00, 0x00, 0x00
.globl _sym_00bd53d0
_sym_00bd53d0:
.byte 0xff, 0xff, 0xff, 0xff
.long _sym_00ab0a50
.globl _sym_00bd53d8
_sym_00bd53d8:
.byte 0x22, 0x05, 0x93, 0x19, 0x01, 0x00, 0x00, 0x00
.long _sym_00bd53d0
.byte 0x00, 0x00, 0x00, 0x00, 0x00, 0x00, 0x00, 0x00, 0x00, 0x00, 0x00, 0x00, 0x00, 0x00, 0x00, 0x00
.byte 0x00, 0x00, 0x00, 0x00, 0x01, 0x00, 0x00, 0x00
.globl _sym_00bd53fc
_sym_00bd53fc:
.byte 0xff, 0xff, 0xff, 0xff
.long _sym_00ab0080
.globl _sym_00bd5404
_sym_00bd5404:
.byte 0x22, 0x05, 0x93, 0x19, 0x01, 0x00, 0x00, 0x00
.long _sym_00bd53fc
.byte 0x00, 0x00, 0x00, 0x00, 0x00, 0x00, 0x00, 0x00, 0x00, 0x00, 0x00, 0x00, 0x00, 0x00, 0x00, 0x00
.byte 0x00, 0x00, 0x00, 0x00, 0x01, 0x00, 0x00, 0x00
.globl _sym_00bd5428
_sym_00bd5428:
.byte 0xff, 0xff, 0xff, 0xff
.long _sym_00ab0f10
.globl _sym_00bd5430
_sym_00bd5430:
.byte 0x22, 0x05, 0x93, 0x19, 0x01, 0x00, 0x00, 0x00
.long _sym_00bd5428
.byte 0x00, 0x00, 0x00, 0x00, 0x00, 0x00, 0x00, 0x00, 0x00, 0x00, 0x00, 0x00, 0x00, 0x00, 0x00, 0x00
.byte 0x00, 0x00, 0x00, 0x00, 0x01, 0x00, 0x00, 0x00
.globl _sym_00bd5454
_sym_00bd5454:
.byte 0xff, 0xff, 0xff, 0xff
.long _sym_00ab09f0
.globl _sym_00bd545c
_sym_00bd545c:
.byte 0x22, 0x05, 0x93, 0x19, 0x01, 0x00, 0x00, 0x00
.long _sym_00bd5454
.byte 0x00, 0x00, 0x00, 0x00, 0x00, 0x00, 0x00, 0x00, 0x00, 0x00, 0x00, 0x00, 0x00, 0x00, 0x00, 0x00
.byte 0x00, 0x00, 0x00, 0x00, 0x01, 0x00, 0x00, 0x00
.globl _sym_00bd5480
_sym_00bd5480:
.byte 0xff, 0xff, 0xff, 0xff
.long _sym_00aafc90
.globl _sym_00bd5488
_sym_00bd5488:
.byte 0x22, 0x05, 0x93, 0x19, 0x01, 0x00, 0x00, 0x00
.long _sym_00bd5480
.byte 0x00, 0x00, 0x00, 0x00, 0x00, 0x00, 0x00, 0x00, 0x00, 0x00, 0x00, 0x00, 0x00, 0x00, 0x00, 0x00
.byte 0x00, 0x00, 0x00, 0x00, 0x01, 0x00, 0x00, 0x00
.globl _sym_00bd54ac
_sym_00bd54ac:
.byte 0xff, 0xff, 0xff, 0xff
.long _sym_00ab0eb0
.globl _sym_00bd54b4
_sym_00bd54b4:
.byte 0x22, 0x05, 0x93, 0x19, 0x01, 0x00, 0x00, 0x00
.long _sym_00bd54ac
.byte 0x00, 0x00, 0x00, 0x00, 0x00, 0x00, 0x00, 0x00, 0x00, 0x00, 0x00, 0x00, 0x00, 0x00, 0x00, 0x00
.byte 0x00, 0x00, 0x00, 0x00, 0x01, 0x00, 0x00, 0x00
.globl _sym_00bd54d8
_sym_00bd54d8:
.byte 0xff, 0xff, 0xff, 0xff
.long _sym_00ab0a20
.globl _sym_00bd54e0
_sym_00bd54e0:
.byte 0x22, 0x05, 0x93, 0x19, 0x01, 0x00, 0x00, 0x00
.long _sym_00bd54d8
.byte 0x00, 0x00, 0x00, 0x00, 0x00, 0x00, 0x00, 0x00, 0x00, 0x00, 0x00, 0x00, 0x00, 0x00, 0x00, 0x00
.byte 0x00, 0x00, 0x00, 0x00, 0x01, 0x00, 0x00, 0x00
.globl _sym_00bd5504
_sym_00bd5504:
.byte 0xff, 0xff, 0xff, 0xff
.long _sym_00aafcc0
.globl _sym_00bd550c
_sym_00bd550c:
.byte 0x22, 0x05, 0x93, 0x19, 0x01, 0x00, 0x00, 0x00
.long _sym_00bd5504
.byte 0x00, 0x00, 0x00, 0x00, 0x00, 0x00, 0x00, 0x00, 0x00, 0x00, 0x00, 0x00, 0x00, 0x00, 0x00, 0x00
.byte 0x00, 0x00, 0x00, 0x00, 0x01, 0x00, 0x00, 0x00
.globl _sym_00bd5530
_sym_00bd5530:
.byte 0xff, 0xff, 0xff, 0xff
.long _sym_00ab0ee0
.globl _sym_00bd5538
_sym_00bd5538:
.byte 0x22, 0x05, 0x93, 0x19, 0x01, 0x00, 0x00, 0x00
.long _sym_00bd5530
.byte 0x00, 0x00, 0x00, 0x00, 0x00, 0x00, 0x00, 0x00, 0x00, 0x00, 0x00, 0x00, 0x00, 0x00, 0x00, 0x00
.byte 0x00, 0x00, 0x00, 0x00, 0x01, 0x00, 0x00, 0x00
.globl _sym_00bd555c
_sym_00bd555c:
.byte 0xff, 0xff, 0xff, 0xff
.long _sym_00ab09c0
.globl _sym_00bd5564
_sym_00bd5564:
.byte 0x22, 0x05, 0x93, 0x19, 0x01, 0x00, 0x00, 0x00
.long _sym_00bd555c
.byte 0x00, 0x00, 0x00, 0x00, 0x00, 0x00, 0x00, 0x00, 0x00, 0x00, 0x00, 0x00, 0x00, 0x00, 0x00, 0x00
.byte 0x00, 0x00, 0x00, 0x00, 0x01, 0x00, 0x00, 0x00
.globl _sym_00bd5588
_sym_00bd5588:
.byte 0xff, 0xff, 0xff, 0xff
.long _sym_00aafc60
.globl _sym_00bd5590
_sym_00bd5590:
.byte 0x22, 0x05, 0x93, 0x19, 0x01, 0x00, 0x00, 0x00
.long _sym_00bd5588
.byte 0x00, 0x00, 0x00, 0x00, 0x00, 0x00, 0x00, 0x00, 0x00, 0x00, 0x00, 0x00, 0x00, 0x00, 0x00, 0x00
.byte 0x00, 0x00, 0x00, 0x00, 0x01, 0x00, 0x00, 0x00
.globl _sym_00bd55b4
_sym_00bd55b4:
.byte 0xff, 0xff, 0xff, 0xff
.long _sym_00ab0e80
.globl _sym_00bd55bc
_sym_00bd55bc:
.byte 0x22, 0x05, 0x93, 0x19, 0x01, 0x00, 0x00, 0x00
.long _sym_00bd55b4
.byte 0x00, 0x00, 0x00, 0x00, 0x00, 0x00, 0x00, 0x00, 0x00, 0x00, 0x00, 0x00, 0x00, 0x00, 0x00, 0x00
.byte 0x00, 0x00, 0x00, 0x00, 0x01, 0x00, 0x00, 0x00
.globl _sym_00bd55e0
_sym_00bd55e0:
.byte 0xff, 0xff, 0xff, 0xff
.long _sym_00ab0d80
.globl _sym_00bd55e8
_sym_00bd55e8:
.byte 0x22, 0x05, 0x93, 0x19, 0x01, 0x00, 0x00, 0x00
.long _sym_00bd55e0
.byte 0x00, 0x00, 0x00, 0x00, 0x00, 0x00, 0x00, 0x00, 0x00, 0x00, 0x00, 0x00, 0x00, 0x00, 0x00, 0x00
.byte 0x00, 0x00, 0x00, 0x00, 0x01, 0x00, 0x00, 0x00
.globl _sym_00bd560c
_sym_00bd560c:
.byte 0xff, 0xff, 0xff, 0xff
.long _sym_00aaf8d0
.globl _sym_00bd5614
_sym_00bd5614:
.byte 0x22, 0x05, 0x93, 0x19, 0x01, 0x00, 0x00, 0x00
.long _sym_00bd560c
.byte 0x00, 0x00, 0x00, 0x00, 0x00, 0x00, 0x00, 0x00, 0x00, 0x00, 0x00, 0x00, 0x00, 0x00, 0x00, 0x00
.byte 0x00, 0x00, 0x00, 0x00, 0x01, 0x00, 0x00, 0x00
.globl _sym_00bd5638
_sym_00bd5638:
.byte 0xff, 0xff, 0xff, 0xff
.long _sym_00aaf8a0
.globl _sym_00bd5640
_sym_00bd5640:
.byte 0x22, 0x05, 0x93, 0x19, 0x01, 0x00, 0x00, 0x00
.long _sym_00bd5638
.byte 0x00, 0x00, 0x00, 0x00, 0x00, 0x00, 0x00, 0x00, 0x00, 0x00, 0x00, 0x00, 0x00, 0x00, 0x00, 0x00
.byte 0x00, 0x00, 0x00, 0x00, 0x01, 0x00, 0x00, 0x00
.globl _sym_00bd5664
_sym_00bd5664:
.byte 0xff, 0xff, 0xff, 0xff
.long _sym_00ab0330
.globl _sym_00bd566c
_sym_00bd566c:
.byte 0x22, 0x05, 0x93, 0x19, 0x01, 0x00, 0x00, 0x00
.long _sym_00bd5664
.byte 0x00, 0x00, 0x00, 0x00, 0x00, 0x00, 0x00, 0x00, 0x00, 0x00, 0x00, 0x00, 0x00, 0x00, 0x00, 0x00
.byte 0x00, 0x00, 0x00, 0x00, 0x01, 0x00, 0x00, 0x00
.globl _sym_00bd5690
_sym_00bd5690:
.byte 0xff, 0xff, 0xff, 0xff
.long _sym_00ab03f0
.globl _sym_00bd5698
_sym_00bd5698:
.byte 0x22, 0x05, 0x93, 0x19, 0x01, 0x00, 0x00, 0x00
.long _sym_00bd5690
.byte 0x00, 0x00, 0x00, 0x00, 0x00, 0x00, 0x00, 0x00, 0x00, 0x00, 0x00, 0x00, 0x00, 0x00, 0x00, 0x00
.byte 0x00, 0x00, 0x00, 0x00, 0x01, 0x00, 0x00, 0x00
.globl _sym_00bd56bc
_sym_00bd56bc:
.byte 0xff, 0xff, 0xff, 0xff
.long _sym_00ab0450
.globl _sym_00bd56c4
_sym_00bd56c4:
.byte 0x22, 0x05, 0x93, 0x19, 0x01, 0x00, 0x00, 0x00
.long _sym_00bd56bc
.byte 0x00, 0x00, 0x00, 0x00, 0x00, 0x00, 0x00, 0x00, 0x00, 0x00, 0x00, 0x00, 0x00, 0x00, 0x00, 0x00
.byte 0x00, 0x00, 0x00, 0x00, 0x01, 0x00, 0x00, 0x00
.globl _sym_00bd56e8
_sym_00bd56e8:
.byte 0xff, 0xff, 0xff, 0xff
.long _sym_00ab0390
.globl _sym_00bd56f0
_sym_00bd56f0:
.byte 0x22, 0x05, 0x93, 0x19, 0x01, 0x00, 0x00, 0x00
.long _sym_00bd56e8
.byte 0x00, 0x00, 0x00, 0x00, 0x00, 0x00, 0x00, 0x00, 0x00, 0x00, 0x00, 0x00, 0x00, 0x00, 0x00, 0x00
.byte 0x00, 0x00, 0x00, 0x00, 0x01, 0x00, 0x00, 0x00
.globl _sym_00bd5714
_sym_00bd5714:
.byte 0xff, 0xff, 0xff, 0xff
.long _sym_00ab03c0
.globl _sym_00bd571c
_sym_00bd571c:
.byte 0x22, 0x05, 0x93, 0x19, 0x01, 0x00, 0x00, 0x00
.long _sym_00bd5714
.byte 0x00, 0x00, 0x00, 0x00, 0x00, 0x00, 0x00, 0x00, 0x00, 0x00, 0x00, 0x00, 0x00, 0x00, 0x00, 0x00
.byte 0x00, 0x00, 0x00, 0x00, 0x01, 0x00, 0x00, 0x00
.globl _sym_00bd5740
_sym_00bd5740:
.byte 0xff, 0xff, 0xff, 0xff
.long _sym_00ab0420
.globl _sym_00bd5748
_sym_00bd5748:
.byte 0x22, 0x05, 0x93, 0x19, 0x01, 0x00, 0x00, 0x00
.long _sym_00bd5740
.byte 0x00, 0x00, 0x00, 0x00, 0x00, 0x00, 0x00, 0x00, 0x00, 0x00, 0x00, 0x00, 0x00, 0x00, 0x00, 0x00
.byte 0x00, 0x00, 0x00, 0x00, 0x01, 0x00, 0x00, 0x00
.globl _sym_00bd576c
_sym_00bd576c:
.byte 0xff, 0xff, 0xff, 0xff
.long _sym_00ab0300
.globl _sym_00bd5774
_sym_00bd5774:
.byte 0x22, 0x05, 0x93, 0x19, 0x01, 0x00, 0x00, 0x00
.long _sym_00bd576c
.byte 0x00, 0x00, 0x00, 0x00, 0x00, 0x00, 0x00, 0x00, 0x00, 0x00, 0x00, 0x00, 0x00, 0x00, 0x00, 0x00
.byte 0x00, 0x00, 0x00, 0x00, 0x01, 0x00, 0x00, 0x00
.globl _sym_00bd5798
_sym_00bd5798:
.byte 0xff, 0xff, 0xff, 0xff
.long _sym_00ab0360
.globl _sym_00bd57a0
_sym_00bd57a0:
.byte 0x22, 0x05, 0x93, 0x19, 0x01, 0x00, 0x00, 0x00
.long _sym_00bd5798
.byte 0x00, 0x00, 0x00, 0x00, 0x00, 0x00, 0x00, 0x00, 0x00, 0x00, 0x00, 0x00, 0x00, 0x00, 0x00, 0x00
.byte 0x00, 0x00, 0x00, 0x00, 0x01, 0x00, 0x00, 0x00
.globl _sym_00bd57c4
_sym_00bd57c4:
.byte 0xff, 0xff, 0xff, 0xff
.long _sym_00ab0270
.globl _sym_00bd57cc
_sym_00bd57cc:
.byte 0x22, 0x05, 0x93, 0x19, 0x01, 0x00, 0x00, 0x00
.long _sym_00bd57c4
.byte 0x00, 0x00, 0x00, 0x00, 0x00, 0x00, 0x00, 0x00, 0x00, 0x00, 0x00, 0x00, 0x00, 0x00, 0x00, 0x00
.byte 0x00, 0x00, 0x00, 0x00, 0x01, 0x00, 0x00, 0x00
.globl _sym_00bd57f0
_sym_00bd57f0:
.byte 0xff, 0xff, 0xff, 0xff
.long _sym_00ab01b0
.globl _sym_00bd57f8
_sym_00bd57f8:
.byte 0x22, 0x05, 0x93, 0x19, 0x01, 0x00, 0x00, 0x00
.long _sym_00bd57f0
.byte 0x00, 0x00, 0x00, 0x00, 0x00, 0x00, 0x00, 0x00, 0x00, 0x00, 0x00, 0x00, 0x00, 0x00, 0x00, 0x00
.byte 0x00, 0x00, 0x00, 0x00, 0x01, 0x00, 0x00, 0x00
.globl _sym_00bd581c
_sym_00bd581c:
.byte 0xff, 0xff, 0xff, 0xff
.long _sym_00ab0240
.globl _sym_00bd5824
_sym_00bd5824:
.byte 0x22, 0x05, 0x93, 0x19, 0x01, 0x00, 0x00, 0x00
.long _sym_00bd581c
.byte 0x00, 0x00, 0x00, 0x00, 0x00, 0x00, 0x00, 0x00, 0x00, 0x00, 0x00, 0x00, 0x00, 0x00, 0x00, 0x00
.byte 0x00, 0x00, 0x00, 0x00, 0x01, 0x00, 0x00, 0x00
.globl _sym_00bd5848
_sym_00bd5848:
.byte 0xff, 0xff, 0xff, 0xff
.long _sym_00ab01e0
.globl _sym_00bd5850
_sym_00bd5850:
.byte 0x22, 0x05, 0x93, 0x19, 0x01, 0x00, 0x00, 0x00
.long _sym_00bd5848
.byte 0x00, 0x00, 0x00, 0x00, 0x00, 0x00, 0x00, 0x00, 0x00, 0x00, 0x00, 0x00, 0x00, 0x00, 0x00, 0x00
.byte 0x00, 0x00, 0x00, 0x00, 0x01, 0x00, 0x00, 0x00
.globl _sym_00bd5874
_sym_00bd5874:
.byte 0xff, 0xff, 0xff, 0xff
.long _sym_00ab0210
.globl _sym_00bd587c
_sym_00bd587c:
.byte 0x22, 0x05, 0x93, 0x19, 0x01, 0x00, 0x00, 0x00
.long _sym_00bd5874
.byte 0x00, 0x00, 0x00, 0x00, 0x00, 0x00, 0x00, 0x00, 0x00, 0x00, 0x00, 0x00, 0x00, 0x00, 0x00, 0x00
.byte 0x00, 0x00, 0x00, 0x00, 0x01, 0x00, 0x00, 0x00
.globl _sym_00bd58a0
_sym_00bd58a0:
.byte 0xff, 0xff, 0xff, 0xff
.long _sym_00ab02a0
.globl _sym_00bd58a8
_sym_00bd58a8:
.byte 0x22, 0x05, 0x93, 0x19, 0x01, 0x00, 0x00, 0x00
.long _sym_00bd58a0
.byte 0x00, 0x00, 0x00, 0x00, 0x00, 0x00, 0x00, 0x00, 0x00, 0x00, 0x00, 0x00, 0x00, 0x00, 0x00, 0x00
.byte 0x00, 0x00, 0x00, 0x00, 0x01, 0x00, 0x00, 0x00
.globl _sym_00bd58cc
_sym_00bd58cc:
.byte 0xff, 0xff, 0xff, 0xff
.long _sym_00ab02d0
.globl _sym_00bd58d4
_sym_00bd58d4:
.byte 0x22, 0x05, 0x93, 0x19, 0x01, 0x00, 0x00, 0x00
.long _sym_00bd58cc
.byte 0x00, 0x00, 0x00, 0x00, 0x00, 0x00, 0x00, 0x00, 0x00, 0x00, 0x00, 0x00, 0x00, 0x00, 0x00, 0x00
.byte 0x00, 0x00, 0x00, 0x00, 0x01, 0x00, 0x00, 0x00
.globl _sym_00bd58f8
_sym_00bd58f8:
.byte 0xff, 0xff, 0xff, 0xff
.long _sym_00ab04e0
.globl _sym_00bd5900
_sym_00bd5900:
.byte 0x22, 0x05, 0x93, 0x19, 0x01, 0x00, 0x00, 0x00
.long _sym_00bd58f8
.byte 0x00, 0x00, 0x00, 0x00, 0x00, 0x00, 0x00, 0x00, 0x00, 0x00, 0x00, 0x00, 0x00, 0x00, 0x00, 0x00
.byte 0x00, 0x00, 0x00, 0x00, 0x01, 0x00, 0x00, 0x00
.globl _sym_00bd5924
_sym_00bd5924:
.byte 0xff, 0xff, 0xff, 0xff
.long _sym_00ab04b0
.globl _sym_00bd592c
_sym_00bd592c:
.byte 0x22, 0x05, 0x93, 0x19, 0x01, 0x00, 0x00, 0x00
.long _sym_00bd5924
.byte 0x00, 0x00, 0x00, 0x00, 0x00, 0x00, 0x00, 0x00, 0x00, 0x00, 0x00, 0x00, 0x00, 0x00, 0x00, 0x00
.byte 0x00, 0x00, 0x00, 0x00, 0x01, 0x00, 0x00, 0x00
.globl _sym_00bd5950
_sym_00bd5950:
.byte 0xff, 0xff, 0xff, 0xff
.long _sym_00aafab0
.byte 0xff, 0xff, 0xff, 0xff, 0x00, 0x00, 0x00, 0x00, 0xff, 0xff, 0xff, 0xff, 0x00, 0x00, 0x00, 0x00
.byte 0xff, 0xff, 0xff, 0xff, 0x00, 0x00, 0x00, 0x00
.globl _sym_00bd5970
_sym_00bd5970:
.byte 0x22, 0x05, 0x93, 0x19, 0x04, 0x00, 0x00, 0x00
.long _sym_00bd5950
.byte 0x00, 0x00, 0x00, 0x00, 0x00, 0x00, 0x00, 0x00, 0x00, 0x00, 0x00, 0x00, 0x00, 0x00, 0x00, 0x00
.byte 0x00, 0x00, 0x00, 0x00, 0x01, 0x00, 0x00, 0x00
.globl _sym_00bd5994
_sym_00bd5994:
.byte 0xff, 0xff, 0xff, 0xff
.long _sym_00aafa80
.byte 0xff, 0xff, 0xff, 0xff, 0x00, 0x00, 0x00, 0x00, 0xff, 0xff, 0xff, 0xff, 0x00, 0x00, 0x00, 0x00
.byte 0xff, 0xff, 0xff, 0xff, 0x00, 0x00, 0x00, 0x00
.globl _sym_00bd59b4
_sym_00bd59b4:
.byte 0x22, 0x05, 0x93, 0x19, 0x04, 0x00, 0x00, 0x00
.long _sym_00bd5994
.byte 0x00, 0x00, 0x00, 0x00, 0x00, 0x00, 0x00, 0x00, 0x00, 0x00, 0x00, 0x00, 0x00, 0x00, 0x00, 0x00
.byte 0x00, 0x00, 0x00, 0x00, 0x01, 0x00, 0x00, 0x00
.globl _sym_00bd59d8
_sym_00bd59d8:
.byte 0xff, 0xff, 0xff, 0xff
.long _sym_00ab0480
.globl _sym_00bd59e0
_sym_00bd59e0:
.byte 0x22, 0x05, 0x93, 0x19, 0x01, 0x00, 0x00, 0x00
.long _sym_00bd59d8
.byte 0x00, 0x00, 0x00, 0x00, 0x00, 0x00, 0x00, 0x00, 0x00, 0x00, 0x00, 0x00, 0x00, 0x00, 0x00, 0x00
.byte 0x00, 0x00, 0x00, 0x00, 0x01, 0x00, 0x00, 0x00
.globl _sym_00bd5a04
_sym_00bd5a04:
.byte 0xff, 0xff, 0xff, 0xff
.long _sym_00ab0510
.globl _sym_00bd5a0c
_sym_00bd5a0c:
.byte 0x22, 0x05, 0x93, 0x19, 0x01, 0x00, 0x00, 0x00
.long _sym_00bd5a04
.byte 0x00, 0x00, 0x00, 0x00, 0x00, 0x00, 0x00, 0x00, 0x00, 0x00, 0x00, 0x00, 0x00, 0x00, 0x00, 0x00
.byte 0x00, 0x00, 0x00, 0x00, 0x01, 0x00, 0x00, 0x00
.globl _sym_00bd5a30
_sym_00bd5a30:
.byte 0xff, 0xff, 0xff, 0xff
.long _sym_00ab0540
.globl _sym_00bd5a38
_sym_00bd5a38:
.byte 0x22, 0x05, 0x93, 0x19, 0x01, 0x00, 0x00, 0x00
.long _sym_00bd5a30
.byte 0x00, 0x00, 0x00, 0x00, 0x00, 0x00, 0x00, 0x00, 0x00, 0x00, 0x00, 0x00, 0x00, 0x00, 0x00, 0x00
.byte 0x00, 0x00, 0x00, 0x00, 0x01, 0x00, 0x00, 0x00
.globl _sym_00bd5a5c
_sym_00bd5a5c:
.byte 0xff, 0xff, 0xff, 0xff
.long _sym_00ab0150
.globl _sym_00bd5a64
_sym_00bd5a64:
.byte 0x22, 0x05, 0x93, 0x19, 0x01, 0x00, 0x00, 0x00
.long _sym_00bd5a5c
.byte 0x00, 0x00, 0x00, 0x00, 0x00, 0x00, 0x00, 0x00, 0x00, 0x00, 0x00, 0x00, 0x00, 0x00, 0x00, 0x00
.byte 0x00, 0x00, 0x00, 0x00, 0x01, 0x00, 0x00, 0x00
.globl _sym_00bd5a88
_sym_00bd5a88:
.byte 0xff, 0xff, 0xff, 0xff
.long _sym_00ab0180
.globl _sym_00bd5a90
_sym_00bd5a90:
.byte 0x22, 0x05, 0x93, 0x19, 0x01, 0x00, 0x00, 0x00
.long _sym_00bd5a88
.byte 0x00, 0x00, 0x00, 0x00, 0x00, 0x00, 0x00, 0x00, 0x00, 0x00, 0x00, 0x00, 0x00, 0x00, 0x00, 0x00
.byte 0x00, 0x00, 0x00, 0x00, 0x01, 0x00, 0x00, 0x00
.globl _sym_00bd5ab4
_sym_00bd5ab4:
.byte 0xff, 0xff, 0xff, 0xff
.long _sym_00ab0120
.globl _sym_00bd5abc
_sym_00bd5abc:
.byte 0x22, 0x05, 0x93, 0x19, 0x01, 0x00, 0x00, 0x00
.long _sym_00bd5ab4
.byte 0x00, 0x00, 0x00, 0x00, 0x00, 0x00, 0x00, 0x00, 0x00, 0x00, 0x00, 0x00, 0x00, 0x00, 0x00, 0x00
.byte 0x00, 0x00, 0x00, 0x00, 0x01, 0x00, 0x00, 0x00
.globl _sym_00bd5ae0
_sym_00bd5ae0:
.byte 0xff, 0xff, 0xff, 0xff
.long _sym_00aafc00
.globl _sym_00bd5ae8
_sym_00bd5ae8:
.byte 0x22, 0x05, 0x93, 0x19, 0x01, 0x00, 0x00, 0x00
.long _sym_00bd5ae0
.byte 0x00, 0x00, 0x00, 0x00, 0x00, 0x00, 0x00, 0x00, 0x00, 0x00, 0x00, 0x00, 0x00, 0x00, 0x00, 0x00
.byte 0x00, 0x00, 0x00, 0x00, 0x01, 0x00, 0x00, 0x00
.globl _sym_00bd5b0c
_sym_00bd5b0c:
.byte 0xff, 0xff, 0xff, 0xff
.long _sym_00aafc30
.globl _sym_00bd5b14
_sym_00bd5b14:
.byte 0x22, 0x05, 0x93, 0x19, 0x01, 0x00, 0x00, 0x00
.long _sym_00bd5b0c
.byte 0x00, 0x00, 0x00, 0x00, 0x00, 0x00, 0x00, 0x00, 0x00, 0x00, 0x00, 0x00, 0x00, 0x00, 0x00, 0x00
.byte 0x00, 0x00, 0x00, 0x00, 0x01, 0x00, 0x00, 0x00
.globl _sym_00bd5b38
_sym_00bd5b38:
.byte 0xff, 0xff, 0xff, 0xff
.long _sym_00aaf9f0
.byte 0xff, 0xff, 0xff, 0xff, 0x00, 0x00, 0x00, 0x00, 0xff, 0xff, 0xff, 0xff, 0x00, 0x00, 0x00, 0x00
.byte 0xff, 0xff, 0xff, 0xff, 0x00, 0x00, 0x00, 0x00
.globl _sym_00bd5b58
_sym_00bd5b58:
.byte 0x22, 0x05, 0x93, 0x19, 0x04, 0x00, 0x00, 0x00
.long _sym_00bd5b38
.byte 0x00, 0x00, 0x00, 0x00, 0x00, 0x00, 0x00, 0x00, 0x00, 0x00, 0x00, 0x00, 0x00, 0x00, 0x00, 0x00
.byte 0x00, 0x00, 0x00, 0x00, 0x01, 0x00, 0x00, 0x00
.globl _sym_00bd5b7c
_sym_00bd5b7c:
.byte 0xff, 0xff, 0xff, 0xff
.long _sym_00aaf9c0
.byte 0xff, 0xff, 0xff, 0xff, 0x00, 0x00, 0x00, 0x00, 0xff, 0xff, 0xff, 0xff, 0x00, 0x00, 0x00, 0x00
.byte 0xff, 0xff, 0xff, 0xff, 0x00, 0x00, 0x00, 0x00
.globl _sym_00bd5b9c
_sym_00bd5b9c:
.byte 0x22, 0x05, 0x93, 0x19, 0x04, 0x00, 0x00, 0x00
.long _sym_00bd5b7c
.byte 0x00, 0x00, 0x00, 0x00, 0x00, 0x00, 0x00, 0x00, 0x00, 0x00, 0x00, 0x00, 0x00, 0x00, 0x00, 0x00
.byte 0x00, 0x00, 0x00, 0x00, 0x01, 0x00, 0x00, 0x00
.globl _sym_00bd5bc0
_sym_00bd5bc0:
.byte 0xff, 0xff, 0xff, 0xff
.long _sym_00aafb40
.byte 0xff, 0xff, 0xff, 0xff, 0x00, 0x00, 0x00, 0x00, 0xff, 0xff, 0xff, 0xff, 0x00, 0x00, 0x00, 0x00
.byte 0xff, 0xff, 0xff, 0xff, 0x00, 0x00, 0x00, 0x00
.globl _sym_00bd5be0
_sym_00bd5be0:
.byte 0x22, 0x05, 0x93, 0x19, 0x04, 0x00, 0x00, 0x00
.long _sym_00bd5bc0
.byte 0x00, 0x00, 0x00, 0x00, 0x00, 0x00, 0x00, 0x00, 0x00, 0x00, 0x00, 0x00, 0x00, 0x00, 0x00, 0x00
.byte 0x00, 0x00, 0x00, 0x00, 0x01, 0x00, 0x00, 0x00
.globl _sym_00bd5c04
_sym_00bd5c04:
.byte 0xff, 0xff, 0xff, 0xff
.long _sym_00aafbd0
.byte 0xff, 0xff, 0xff, 0xff, 0x00, 0x00, 0x00, 0x00, 0xff, 0xff, 0xff, 0xff, 0x00, 0x00, 0x00, 0x00
.byte 0xff, 0xff, 0xff, 0xff, 0x00, 0x00, 0x00, 0x00
.globl _sym_00bd5c24
_sym_00bd5c24:
.byte 0x22, 0x05, 0x93, 0x19, 0x04, 0x00, 0x00, 0x00
.long _sym_00bd5c04
.byte 0x00, 0x00, 0x00, 0x00, 0x00, 0x00, 0x00, 0x00, 0x00, 0x00, 0x00, 0x00, 0x00, 0x00, 0x00, 0x00
.byte 0x00, 0x00, 0x00, 0x00, 0x01, 0x00, 0x00, 0x00
.globl _sym_00bd5c48
_sym_00bd5c48:
.byte 0xff, 0xff, 0xff, 0xff
.long _sym_00aafae0
.byte 0xff, 0xff, 0xff, 0xff, 0x00, 0x00, 0x00, 0x00, 0xff, 0xff, 0xff, 0xff, 0x00, 0x00, 0x00, 0x00
.byte 0xff, 0xff, 0xff, 0xff, 0x00, 0x00, 0x00, 0x00
.globl _sym_00bd5c68
_sym_00bd5c68:
.byte 0x22, 0x05, 0x93, 0x19, 0x04, 0x00, 0x00, 0x00
.long _sym_00bd5c48
.byte 0x00, 0x00, 0x00, 0x00, 0x00, 0x00, 0x00, 0x00, 0x00, 0x00, 0x00, 0x00, 0x00, 0x00, 0x00, 0x00
.byte 0x00, 0x00, 0x00, 0x00, 0x01, 0x00, 0x00, 0x00
.globl _sym_00bd5c8c
_sym_00bd5c8c:
.byte 0xff, 0xff, 0xff, 0xff
.long _sym_00aafb70
.byte 0xff, 0xff, 0xff, 0xff, 0x00, 0x00, 0x00, 0x00, 0xff, 0xff, 0xff, 0xff, 0x00, 0x00, 0x00, 0x00
.byte 0xff, 0xff, 0xff, 0xff, 0x00, 0x00, 0x00, 0x00
.globl _sym_00bd5cac
_sym_00bd5cac:
.byte 0x22, 0x05, 0x93, 0x19, 0x04, 0x00, 0x00, 0x00
.long _sym_00bd5c8c
.byte 0x00, 0x00, 0x00, 0x00, 0x00, 0x00, 0x00, 0x00, 0x00, 0x00, 0x00, 0x00, 0x00, 0x00, 0x00, 0x00
.byte 0x00, 0x00, 0x00, 0x00, 0x01, 0x00, 0x00, 0x00
.globl _sym_00bd5cd0
_sym_00bd5cd0:
.byte 0xff, 0xff, 0xff, 0xff
.long _sym_00ab0b40
.byte 0xff, 0xff, 0xff, 0xff, 0x00, 0x00, 0x00, 0x00, 0xff, 0xff, 0xff, 0xff, 0x00, 0x00, 0x00, 0x00
.byte 0xff, 0xff, 0xff, 0xff, 0x00, 0x00, 0x00, 0x00
.globl _sym_00bd5cf0
_sym_00bd5cf0:
.byte 0x22, 0x05, 0x93, 0x19, 0x04, 0x00, 0x00, 0x00
.long _sym_00bd5cd0
.byte 0x00, 0x00, 0x00, 0x00, 0x00, 0x00, 0x00, 0x00, 0x00, 0x00, 0x00, 0x00, 0x00, 0x00, 0x00, 0x00
.byte 0x00, 0x00, 0x00, 0x00, 0x01, 0x00, 0x00, 0x00
.globl _sym_00bd5d14
_sym_00bd5d14:
.byte 0xff, 0xff, 0xff, 0xff
.long _sym_00aafb10
.byte 0xff, 0xff, 0xff, 0xff, 0x00, 0x00, 0x00, 0x00, 0xff, 0xff, 0xff, 0xff, 0x00, 0x00, 0x00, 0x00
.byte 0xff, 0xff, 0xff, 0xff, 0x00, 0x00, 0x00, 0x00
.globl _sym_00bd5d34
_sym_00bd5d34:
.byte 0x22, 0x05, 0x93, 0x19, 0x04, 0x00, 0x00, 0x00
.long _sym_00bd5d14
.byte 0x00, 0x00, 0x00, 0x00, 0x00, 0x00, 0x00, 0x00, 0x00, 0x00, 0x00, 0x00, 0x00, 0x00, 0x00, 0x00
.byte 0x00, 0x00, 0x00, 0x00, 0x01, 0x00, 0x00, 0x00
.globl _sym_00bd5d58
_sym_00bd5d58:
.byte 0xff, 0xff, 0xff, 0xff
.long _sym_00aafba0
.byte 0xff, 0xff, 0xff, 0xff, 0x00, 0x00, 0x00, 0x00, 0xff, 0xff, 0xff, 0xff, 0x00, 0x00, 0x00, 0x00
.byte 0xff, 0xff, 0xff, 0xff, 0x00, 0x00, 0x00, 0x00
.globl _sym_00bd5d78
_sym_00bd5d78:
.byte 0x22, 0x05, 0x93, 0x19, 0x04, 0x00, 0x00, 0x00
.long _sym_00bd5d58
.byte 0x00, 0x00, 0x00, 0x00, 0x00, 0x00, 0x00, 0x00, 0x00, 0x00, 0x00, 0x00, 0x00, 0x00, 0x00, 0x00
.byte 0x00, 0x00, 0x00, 0x00, 0x01, 0x00, 0x00, 0x00
.globl _sym_00bd5d9c
_sym_00bd5d9c:
.byte 0xff, 0xff, 0xff, 0xff
.long _sym_00ab0b70
.byte 0xff, 0xff, 0xff, 0xff, 0x00, 0x00, 0x00, 0x00, 0xff, 0xff, 0xff, 0xff, 0x00, 0x00, 0x00, 0x00
.byte 0xff, 0xff, 0xff, 0xff, 0x00, 0x00, 0x00, 0x00
.globl _sym_00bd5dbc
_sym_00bd5dbc:
.byte 0x22, 0x05, 0x93, 0x19, 0x04, 0x00, 0x00, 0x00
.long _sym_00bd5d9c
.byte 0x00, 0x00, 0x00, 0x00, 0x00, 0x00, 0x00, 0x00, 0x00, 0x00, 0x00, 0x00, 0x00, 0x00, 0x00, 0x00
.byte 0x00, 0x00, 0x00, 0x00, 0x01, 0x00, 0x00, 0x00
.globl _sym_00bd5de0
_sym_00bd5de0:
.byte 0xff, 0xff, 0xff, 0xff
.long _sym_00ab0cf0
.byte 0xff, 0xff, 0xff, 0xff, 0x00, 0x00, 0x00, 0x00, 0xff, 0xff, 0xff, 0xff, 0x00, 0x00, 0x00, 0x00
.byte 0xff, 0xff, 0xff, 0xff, 0x00, 0x00, 0x00, 0x00
.globl _sym_00bd5e00
_sym_00bd5e00:
.byte 0x22, 0x05, 0x93, 0x19, 0x04, 0x00, 0x00, 0x00
.long _sym_00bd5de0
.byte 0x00, 0x00, 0x00, 0x00, 0x00, 0x00, 0x00, 0x00, 0x00, 0x00, 0x00, 0x00, 0x00, 0x00, 0x00, 0x00
.byte 0x00, 0x00, 0x00, 0x00, 0x01, 0x00, 0x00, 0x00
.globl _sym_00bd5e24
_sym_00bd5e24:
.byte 0xff, 0xff, 0xff, 0xff
.long _sym_00ab0cc0
.byte 0xff, 0xff, 0xff, 0xff, 0x00, 0x00, 0x00, 0x00, 0xff, 0xff, 0xff, 0xff, 0x00, 0x00, 0x00, 0x00
.byte 0xff, 0xff, 0xff, 0xff, 0x00, 0x00, 0x00, 0x00
.globl _sym_00bd5e44
_sym_00bd5e44:
.byte 0x22, 0x05, 0x93, 0x19, 0x04, 0x00, 0x00, 0x00
.long _sym_00bd5e24
.byte 0x00, 0x00, 0x00, 0x00, 0x00, 0x00, 0x00, 0x00, 0x00, 0x00, 0x00, 0x00, 0x00, 0x00, 0x00, 0x00
.byte 0x00, 0x00, 0x00, 0x00, 0x01, 0x00, 0x00, 0x00
.globl _sym_00bd5e68
_sym_00bd5e68:
.byte 0xff, 0xff, 0xff, 0xff
.long _sym_00aaf900
.byte 0xff, 0xff, 0xff, 0xff, 0x00, 0x00, 0x00, 0x00, 0xff, 0xff, 0xff, 0xff, 0x00, 0x00, 0x00, 0x00
.byte 0xff, 0xff, 0xff, 0xff, 0x00, 0x00, 0x00, 0x00
.globl _sym_00bd5e88
_sym_00bd5e88:
.byte 0x22, 0x05, 0x93, 0x19, 0x04, 0x00, 0x00, 0x00
.long _sym_00bd5e68
.byte 0x00, 0x00, 0x00, 0x00, 0x00, 0x00, 0x00, 0x00, 0x00, 0x00, 0x00, 0x00, 0x00, 0x00, 0x00, 0x00
.byte 0x00, 0x00, 0x00, 0x00, 0x01, 0x00, 0x00, 0x00
.globl _sym_00bd5eac
_sym_00bd5eac:
.byte 0xff, 0xff, 0xff, 0xff
.long _sym_00aaf930
.byte 0xff, 0xff, 0xff, 0xff, 0x00, 0x00, 0x00, 0x00, 0xff, 0xff, 0xff, 0xff, 0x00, 0x00, 0x00, 0x00
.byte 0xff, 0xff, 0xff, 0xff, 0x00, 0x00, 0x00, 0x00
.globl _sym_00bd5ecc
_sym_00bd5ecc:
.byte 0x22, 0x05, 0x93, 0x19, 0x04, 0x00, 0x00, 0x00
.long _sym_00bd5eac
.byte 0x00, 0x00, 0x00, 0x00, 0x00, 0x00, 0x00, 0x00, 0x00, 0x00, 0x00, 0x00, 0x00, 0x00, 0x00, 0x00
.byte 0x00, 0x00, 0x00, 0x00, 0x01, 0x00, 0x00, 0x00
.globl _sym_00bd5ef0
_sym_00bd5ef0:
.byte 0xff, 0xff, 0xff, 0xff
.long _sym_00aafa50
.byte 0xff, 0xff, 0xff, 0xff, 0x00, 0x00, 0x00, 0x00, 0xff, 0xff, 0xff, 0xff, 0x00, 0x00, 0x00, 0x00
.byte 0xff, 0xff, 0xff, 0xff, 0x00, 0x00, 0x00, 0x00
.globl _sym_00bd5f10
_sym_00bd5f10:
.byte 0x22, 0x05, 0x93, 0x19, 0x04, 0x00, 0x00, 0x00
.long _sym_00bd5ef0
.byte 0x00, 0x00, 0x00, 0x00, 0x00, 0x00, 0x00, 0x00, 0x00, 0x00, 0x00, 0x00, 0x00, 0x00, 0x00, 0x00
.byte 0x00, 0x00, 0x00, 0x00, 0x01, 0x00, 0x00, 0x00
.globl _sym_00bd5f34
_sym_00bd5f34:
.byte 0xff, 0xff, 0xff, 0xff
.long _sym_00aafa20
.byte 0xff, 0xff, 0xff, 0xff, 0x00, 0x00, 0x00, 0x00, 0xff, 0xff, 0xff, 0xff, 0x00, 0x00, 0x00, 0x00
.byte 0xff, 0xff, 0xff, 0xff, 0x00, 0x00, 0x00, 0x00
.globl _sym_00bd5f54
_sym_00bd5f54:
.byte 0x22, 0x05, 0x93, 0x19, 0x04, 0x00, 0x00, 0x00
.long _sym_00bd5f34
.byte 0x00, 0x00, 0x00, 0x00, 0x00, 0x00, 0x00, 0x00, 0x00, 0x00, 0x00, 0x00, 0x00, 0x00, 0x00, 0x00
.byte 0x00, 0x00, 0x00, 0x00, 0x01, 0x00, 0x00, 0x00
.globl _sym_00bd5f78
_sym_00bd5f78:
.byte 0xff, 0xff, 0xff, 0xff
.long _sym_00ab0ba0
.byte 0xff, 0xff, 0xff, 0xff, 0x00, 0x00, 0x00, 0x00, 0xff, 0xff, 0xff, 0xff, 0x00, 0x00, 0x00, 0x00
.byte 0xff, 0xff, 0xff, 0xff, 0x00, 0x00, 0x00, 0x00
.globl _sym_00bd5f98
_sym_00bd5f98:
.byte 0x22, 0x05, 0x93, 0x19, 0x04, 0x00, 0x00, 0x00
.long _sym_00bd5f78
.byte 0x00, 0x00, 0x00, 0x00, 0x00, 0x00, 0x00, 0x00, 0x00, 0x00, 0x00, 0x00, 0x00, 0x00, 0x00, 0x00
.byte 0x00, 0x00, 0x00, 0x00, 0x01, 0x00, 0x00, 0x00
.globl _sym_00bd5fbc
_sym_00bd5fbc:
.byte 0xff, 0xff, 0xff, 0xff
.long _sym_00ab0dc0
.byte 0xff, 0xff, 0xff, 0xff, 0x00, 0x00, 0x00, 0x00, 0xff, 0xff, 0xff, 0xff, 0x00, 0x00, 0x00, 0x00
.byte 0xff, 0xff, 0xff, 0xff, 0x00, 0x00, 0x00, 0x00
.globl _sym_00bd5fdc
_sym_00bd5fdc:
.byte 0x22, 0x05, 0x93, 0x19, 0x04, 0x00, 0x00, 0x00
.long _sym_00bd5fbc
.byte 0x00, 0x00, 0x00, 0x00, 0x00, 0x00, 0x00, 0x00, 0x00, 0x00, 0x00, 0x00, 0x00, 0x00, 0x00, 0x00
.byte 0x00, 0x00, 0x00, 0x00, 0x01, 0x00, 0x00, 0x00
.globl _sym_00bd6000
_sym_00bd6000:
.byte 0xff, 0xff, 0xff, 0xff
.long _sym_00ab0e20
.byte 0xff, 0xff, 0xff, 0xff, 0x00, 0x00, 0x00, 0x00, 0xff, 0xff, 0xff, 0xff, 0x00, 0x00, 0x00, 0x00
.byte 0xff, 0xff, 0xff, 0xff, 0x00, 0x00, 0x00, 0x00
.globl _sym_00bd6020
_sym_00bd6020:
.byte 0x22, 0x05, 0x93, 0x19, 0x04, 0x00, 0x00, 0x00
.long _sym_00bd6000
.byte 0x00, 0x00, 0x00, 0x00, 0x00, 0x00, 0x00, 0x00, 0x00, 0x00, 0x00, 0x00, 0x00, 0x00, 0x00, 0x00
.byte 0x00, 0x00, 0x00, 0x00, 0x01, 0x00, 0x00, 0x00
.globl _sym_00bd6044
_sym_00bd6044:
.byte 0xff, 0xff, 0xff, 0xff
.long _sym_00ab0bd0
.byte 0xff, 0xff, 0xff, 0xff, 0x00, 0x00, 0x00, 0x00, 0xff, 0xff, 0xff, 0xff, 0x00, 0x00, 0x00, 0x00
.byte 0xff, 0xff, 0xff, 0xff, 0x00, 0x00, 0x00, 0x00
.globl _sym_00bd6064
_sym_00bd6064:
.byte 0x22, 0x05, 0x93, 0x19, 0x04, 0x00, 0x00, 0x00
.long _sym_00bd6044
.byte 0x00, 0x00, 0x00, 0x00, 0x00, 0x00, 0x00, 0x00, 0x00, 0x00, 0x00, 0x00, 0x00, 0x00, 0x00, 0x00
.byte 0x00, 0x00, 0x00, 0x00, 0x01, 0x00, 0x00, 0x00
.globl _sym_00bd6088
_sym_00bd6088:
.byte 0xff, 0xff, 0xff, 0xff
.long _sym_00ab0df0
.byte 0xff, 0xff, 0xff, 0xff, 0x00, 0x00, 0x00, 0x00, 0xff, 0xff, 0xff, 0xff, 0x00, 0x00, 0x00, 0x00
.byte 0xff, 0xff, 0xff, 0xff, 0x00, 0x00, 0x00, 0x00
.globl _sym_00bd60a8
_sym_00bd60a8:
.byte 0x22, 0x05, 0x93, 0x19, 0x04, 0x00, 0x00, 0x00
.long _sym_00bd6088
.byte 0x00, 0x00, 0x00, 0x00, 0x00, 0x00, 0x00, 0x00, 0x00, 0x00, 0x00, 0x00, 0x00, 0x00, 0x00, 0x00
.byte 0x00, 0x00, 0x00, 0x00, 0x01, 0x00, 0x00, 0x00
.globl _sym_00bd60cc
_sym_00bd60cc:
.byte 0xff, 0xff, 0xff, 0xff
.long _sym_00ab0e50
.byte 0xff, 0xff, 0xff, 0xff, 0x00, 0x00, 0x00, 0x00, 0xff, 0xff, 0xff, 0xff, 0x00, 0x00, 0x00, 0x00
.byte 0xff, 0xff, 0xff, 0xff, 0x00, 0x00, 0x00, 0x00
.globl _sym_00bd60ec
_sym_00bd60ec:
.byte 0x22, 0x05, 0x93, 0x19, 0x04, 0x00, 0x00, 0x00
.long _sym_00bd60cc
.byte 0x00, 0x00, 0x00, 0x00, 0x00, 0x00, 0x00, 0x00, 0x00, 0x00, 0x00, 0x00, 0x00, 0x00, 0x00, 0x00
.byte 0x00, 0x00, 0x00, 0x00, 0x01, 0x00, 0x00, 0x00
.globl _sym_00bd6110
_sym_00bd6110:
.byte 0xff, 0xff, 0xff, 0xff
.long _sym_00aaf960
.byte 0xff, 0xff, 0xff, 0xff, 0x00, 0x00, 0x00, 0x00, 0xff, 0xff, 0xff, 0xff, 0x00, 0x00, 0x00, 0x00
.byte 0xff, 0xff, 0xff, 0xff, 0x00, 0x00, 0x00, 0x00
.globl _sym_00bd6130
_sym_00bd6130:
.byte 0x22, 0x05, 0x93, 0x19, 0x04, 0x00, 0x00, 0x00
.long _sym_00bd6110
.byte 0x00, 0x00, 0x00, 0x00, 0x00, 0x00, 0x00, 0x00, 0x00, 0x00, 0x00, 0x00, 0x00, 0x00, 0x00, 0x00
.byte 0x00, 0x00, 0x00, 0x00, 0x01, 0x00, 0x00, 0x00
.globl _sym_00bd6154
_sym_00bd6154:
.byte 0xff, 0xff, 0xff, 0xff
.long _sym_00ab0d20
.byte 0xff, 0xff, 0xff, 0xff, 0x00, 0x00, 0x00, 0x00, 0xff, 0xff, 0xff, 0xff, 0x00, 0x00, 0x00, 0x00
.byte 0xff, 0xff, 0xff, 0xff, 0x00, 0x00, 0x00, 0x00
.globl _sym_00bd6174
_sym_00bd6174:
.byte 0x22, 0x05, 0x93, 0x19, 0x04, 0x00, 0x00, 0x00
.long _sym_00bd6154
.byte 0x00, 0x00, 0x00, 0x00, 0x00, 0x00, 0x00, 0x00, 0x00, 0x00, 0x00, 0x00, 0x00, 0x00, 0x00, 0x00
.byte 0x00, 0x00, 0x00, 0x00, 0x01, 0x00, 0x00, 0x00
.globl _sym_00bd6198
_sym_00bd6198:
.byte 0xff, 0xff, 0xff, 0xff
.long _sym_00ab0c60
.byte 0xff, 0xff, 0xff, 0xff, 0x00, 0x00, 0x00, 0x00, 0xff, 0xff, 0xff, 0xff, 0x00, 0x00, 0x00, 0x00
.byte 0xff, 0xff, 0xff, 0xff, 0x00, 0x00, 0x00, 0x00
.globl _sym_00bd61b8
_sym_00bd61b8:
.byte 0x22, 0x05, 0x93, 0x19, 0x04, 0x00, 0x00, 0x00
.long _sym_00bd6198
.byte 0x00, 0x00, 0x00, 0x00, 0x00, 0x00, 0x00, 0x00, 0x00, 0x00, 0x00, 0x00, 0x00, 0x00, 0x00, 0x00
.byte 0x00, 0x00, 0x00, 0x00, 0x01, 0x00, 0x00, 0x00
.globl _sym_00bd61dc
_sym_00bd61dc:
.byte 0xff, 0xff, 0xff, 0xff
.long _sym_00aaf990
.byte 0xff, 0xff, 0xff, 0xff, 0x00, 0x00, 0x00, 0x00, 0xff, 0xff, 0xff, 0xff, 0x00, 0x00, 0x00, 0x00
.byte 0xff, 0xff, 0xff, 0xff, 0x00, 0x00, 0x00, 0x00
.globl _sym_00bd61fc
_sym_00bd61fc:
.byte 0x22, 0x05, 0x93, 0x19, 0x04, 0x00, 0x00, 0x00
.long _sym_00bd61dc
.byte 0x00, 0x00, 0x00, 0x00, 0x00, 0x00, 0x00, 0x00, 0x00, 0x00, 0x00, 0x00, 0x00, 0x00, 0x00, 0x00
.byte 0x00, 0x00, 0x00, 0x00, 0x01, 0x00, 0x00, 0x00
.globl _sym_00bd6220
_sym_00bd6220:
.byte 0xff, 0xff, 0xff, 0xff
.long _sym_00ab0d50
.byte 0xff, 0xff, 0xff, 0xff, 0x00, 0x00, 0x00, 0x00, 0xff, 0xff, 0xff, 0xff, 0x00, 0x00, 0x00, 0x00
.byte 0xff, 0xff, 0xff, 0xff, 0x00, 0x00, 0x00, 0x00
.globl _sym_00bd6240
_sym_00bd6240:
.byte 0x22, 0x05, 0x93, 0x19, 0x04, 0x00, 0x00, 0x00
.long _sym_00bd6220
.byte 0x00, 0x00, 0x00, 0x00, 0x00, 0x00, 0x00, 0x00, 0x00, 0x00, 0x00, 0x00, 0x00, 0x00, 0x00, 0x00
.byte 0x00, 0x00, 0x00, 0x00, 0x01, 0x00, 0x00, 0x00
.globl _sym_00bd6264
_sym_00bd6264:
.byte 0xff, 0xff, 0xff, 0xff
.long _sym_00ab0c90
.byte 0xff, 0xff, 0xff, 0xff, 0x00, 0x00, 0x00, 0x00, 0xff, 0xff, 0xff, 0xff, 0x00, 0x00, 0x00, 0x00
.byte 0xff, 0xff, 0xff, 0xff, 0x00, 0x00, 0x00, 0x00
.globl _sym_00bd6284
_sym_00bd6284:
.byte 0x22, 0x05, 0x93, 0x19, 0x04, 0x00, 0x00, 0x00
.long _sym_00bd6264
.byte 0x00, 0x00, 0x00, 0x00, 0x00, 0x00, 0x00, 0x00, 0x00, 0x00, 0x00, 0x00, 0x00, 0x00, 0x00, 0x00
.byte 0x00, 0x00, 0x00, 0x00, 0x01, 0x00, 0x00, 0x00
.globl _sym_00bd62a8
_sym_00bd62a8:
.byte 0xff, 0xff, 0xff, 0xff
.long _sym_00ab16b0
.byte 0xff, 0xff, 0xff, 0xff
.long _sym_00ab16be
.globl _sym_00bd62b8
_sym_00bd62b8:
.byte 0x22, 0x05, 0x93, 0x19, 0x02, 0x00, 0x00, 0x00
.long _sym_00bd62a8
.byte 0x00, 0x00, 0x00, 0x00, 0x00, 0x00, 0x00, 0x00, 0x00, 0x00, 0x00, 0x00, 0x00, 0x00, 0x00, 0x00
.byte 0x00, 0x00, 0x00, 0x00, 0x01, 0x00, 0x00, 0x00
.globl _sym_00bd62dc
_sym_00bd62dc:
.byte 0xff, 0xff, 0xff, 0xff
.long _sym_00ab1450
.globl _sym_00bd62e4
_sym_00bd62e4:
.byte 0x22, 0x05, 0x93, 0x19, 0x01, 0x00, 0x00, 0x00
.long _sym_00bd62dc
.byte 0x00, 0x00, 0x00, 0x00, 0x00, 0x00, 0x00, 0x00, 0x00, 0x00, 0x00, 0x00, 0x00, 0x00, 0x00, 0x00
.byte 0x00, 0x00, 0x00, 0x00, 0x01, 0x00, 0x00, 0x00
.globl _sym_00bd6308
_sym_00bd6308:
.byte 0x22, 0x05, 0x93, 0x19, 0x05, 0x00, 0x00, 0x00
.long _sym_00bd632c
.byte 0x00, 0x00, 0x00, 0x00, 0x00, 0x00, 0x00, 0x00, 0x00, 0x00, 0x00, 0x00, 0x00, 0x00, 0x00, 0x00
.byte 0x00, 0x00, 0x00, 0x00, 0x01, 0x00, 0x00, 0x00
.globl _sym_00bd632c
_sym_00bd632c:
.byte 0xff, 0xff, 0xff, 0xff
.long _sym_00ab1670
.byte 0x00, 0x00, 0x00, 0x00
.long _sym_00ab167e
.byte 0x00, 0x00, 0x00, 0x00, 0x00, 0x00, 0x00, 0x00, 0x00, 0x00, 0x00, 0x00, 0x00, 0x00, 0x00, 0x00
.byte 0x00, 0x00, 0x00, 0x00, 0x00, 0x00, 0x00, 0x00
.globl _sym_00bd6354
_sym_00bd6354:
.byte 0xff, 0xff, 0xff, 0xff
.long _sym_00ab1420
.globl _sym_00bd635c
_sym_00bd635c:
.byte 0x22, 0x05, 0x93, 0x19, 0x01, 0x00, 0x00, 0x00
.long _sym_00bd6354
.byte 0x00, 0x00, 0x00, 0x00, 0x00, 0x00, 0x00, 0x00, 0x00, 0x00, 0x00, 0x00, 0x00, 0x00, 0x00, 0x00
.byte 0x00, 0x00, 0x00, 0x00, 0x01, 0x00, 0x00, 0x00
.globl _sym_00bd6380
_sym_00bd6380:
.byte 0xff, 0xff, 0xff, 0xff
.long _sym_00ab17c0
.byte 0xff, 0xff, 0xff, 0xff
.long _sym_00ab17ce
.byte 0xff, 0xff, 0xff, 0xff
.long _sym_00ab17dc
.byte 0xff, 0xff, 0xff, 0xff
.long _sym_00ab17ea
.globl _sym_00bd63a0
_sym_00bd63a0:
.byte 0x22, 0x05, 0x93, 0x19, 0x04, 0x00, 0x00, 0x00
.long _sym_00bd6380
.byte 0x00, 0x00, 0x00, 0x00, 0x00, 0x00, 0x00, 0x00, 0x00, 0x00, 0x00, 0x00, 0x00, 0x00, 0x00, 0x00
.byte 0x00, 0x00, 0x00, 0x00, 0x01, 0x00, 0x00, 0x00
.globl _sym_00bd63c4
_sym_00bd63c4:
.byte 0xff, 0xff, 0xff, 0xff
.long _sym_00ab19d0
.byte 0xff, 0xff, 0xff, 0xff, 0x00, 0x00, 0x00, 0x00, 0xff, 0xff, 0xff, 0xff, 0x00, 0x00, 0x00, 0x00
.byte 0xff, 0xff, 0xff, 0xff, 0x00, 0x00, 0x00, 0x00
.globl _sym_00bd63e4
_sym_00bd63e4:
.byte 0x22, 0x05, 0x93, 0x19, 0x04, 0x00, 0x00, 0x00
.long _sym_00bd63c4
.byte 0x00, 0x00, 0x00, 0x00, 0x00, 0x00, 0x00, 0x00, 0x00, 0x00, 0x00, 0x00, 0x00, 0x00, 0x00, 0x00
.byte 0x00, 0x00, 0x00, 0x00, 0x01, 0x00, 0x00, 0x00
.globl _sym_00bd6408
_sym_00bd6408:
.byte 0x22, 0x05, 0x93, 0x19, 0x05, 0x00, 0x00, 0x00
.long _sym_00bd642c
.byte 0x00, 0x00, 0x00, 0x00, 0x00, 0x00, 0x00, 0x00, 0x00, 0x00, 0x00, 0x00, 0x00, 0x00, 0x00, 0x00
.byte 0x00, 0x00, 0x00, 0x00, 0x01, 0x00, 0x00, 0x00
.globl _sym_00bd642c
_sym_00bd642c:
.byte 0xff, 0xff, 0xff, 0xff
.long _sym_00ab16f0
.byte 0x00, 0x00, 0x00, 0x00
.long _sym_00ab16fe
.byte 0x00, 0x00, 0x00, 0x00, 0x00, 0x00, 0x00, 0x00, 0x00, 0x00, 0x00, 0x00, 0x00, 0x00, 0x00, 0x00
.byte 0x00, 0x00, 0x00, 0x00, 0x00, 0x00, 0x00, 0x00
.globl _sym_00bd6454
_sym_00bd6454:
.byte 0xff, 0xff, 0xff, 0xff
.long _sym_00ab1480
.globl _sym_00bd645c
_sym_00bd645c:
.byte 0x22, 0x05, 0x93, 0x19, 0x01, 0x00, 0x00, 0x00
.long _sym_00bd6454
.byte 0x00, 0x00, 0x00, 0x00, 0x00, 0x00, 0x00, 0x00, 0x00, 0x00, 0x00, 0x00, 0x00, 0x00, 0x00, 0x00
.byte 0x00, 0x00, 0x00, 0x00, 0x01, 0x00, 0x00, 0x00
.globl _sym_00bd6480
_sym_00bd6480:
.byte 0xff, 0xff, 0xff, 0xff
.long _sym_00ab1820
.byte 0xff, 0xff, 0xff, 0xff
.long _sym_00ab182e
.byte 0xff, 0xff, 0xff, 0xff
.long _sym_00ab183c
.byte 0xff, 0xff, 0xff, 0xff
.long _sym_00ab184a
.globl _sym_00bd64a0
_sym_00bd64a0:
.byte 0x22, 0x05, 0x93, 0x19, 0x04, 0x00, 0x00, 0x00
.long _sym_00bd6480
.byte 0x00, 0x00, 0x00, 0x00, 0x00, 0x00, 0x00, 0x00, 0x00, 0x00, 0x00, 0x00, 0x00, 0x00, 0x00, 0x00
.byte 0x00, 0x00, 0x00, 0x00, 0x01, 0x00, 0x00, 0x00
.globl _sym_00bd64c4
_sym_00bd64c4:
.byte 0xff, 0xff, 0xff, 0xff
.long _sym_00ab1a00
.byte 0xff, 0xff, 0xff, 0xff, 0x00, 0x00, 0x00, 0x00, 0xff, 0xff, 0xff, 0xff, 0x00, 0x00, 0x00, 0x00
.byte 0xff, 0xff, 0xff, 0xff, 0x00, 0x00, 0x00, 0x00
.globl _sym_00bd64e4
_sym_00bd64e4:
.byte 0x22, 0x05, 0x93, 0x19, 0x04, 0x00, 0x00, 0x00
.long _sym_00bd64c4
.byte 0x00, 0x00, 0x00, 0x00, 0x00, 0x00, 0x00, 0x00, 0x00, 0x00, 0x00, 0x00, 0x00, 0x00, 0x00, 0x00
.byte 0x00, 0x00, 0x00, 0x00, 0x01, 0x00, 0x00, 0x00
.globl _sym_00bd6508
_sym_00bd6508:
.byte 0xff, 0xff, 0xff, 0xff
.long _sym_00ab1730
.globl _sym_00bd6510
_sym_00bd6510:
.byte 0x22, 0x05, 0x93, 0x19, 0x01, 0x00, 0x00, 0x00
.long _sym_00bd6508
.byte 0x00, 0x00, 0x00, 0x00, 0x00, 0x00, 0x00, 0x00, 0x00, 0x00, 0x00, 0x00, 0x00, 0x00, 0x00, 0x00
.byte 0x00, 0x00, 0x00, 0x00, 0x01, 0x00, 0x00, 0x00
.globl _sym_00bd6534
_sym_00bd6534:
.byte 0xff, 0xff, 0xff, 0xff
.long _sym_00ab14b0
.globl _sym_00bd653c
_sym_00bd653c:
.byte 0x22, 0x05, 0x93, 0x19, 0x01, 0x00, 0x00, 0x00
.long _sym_00bd6534
.byte 0x00, 0x00, 0x00, 0x00, 0x00, 0x00, 0x00, 0x00, 0x00, 0x00, 0x00, 0x00, 0x00, 0x00, 0x00, 0x00
.byte 0x00, 0x00, 0x00, 0x00, 0x01, 0x00, 0x00, 0x00
.globl _sym_00bd6560
_sym_00bd6560:
.byte 0x22, 0x05, 0x93, 0x19, 0x09, 0x00, 0x00, 0x00
.long _sym_00bd6584
.byte 0x00, 0x00, 0x00, 0x00, 0x00, 0x00, 0x00, 0x00, 0x00, 0x00, 0x00, 0x00, 0x00, 0x00, 0x00, 0x00
.byte 0x00, 0x00, 0x00, 0x00, 0x01, 0x00, 0x00, 0x00
.globl _sym_00bd6584
_sym_00bd6584:
.byte 0xff, 0xff, 0xff, 0xff
.long _sym_00ab1600
.byte 0xff, 0xff, 0xff, 0xff
.long _sym_00ab160e
.byte 0xff, 0xff, 0xff, 0xff
.long _sym_00ab161c
.byte 0xff, 0xff, 0xff, 0xff
.long _sym_00ab162a
.byte 0xff, 0xff, 0xff, 0xff
.long _sym_00ab1638
.byte 0x04, 0x00, 0x00, 0x00
.long _sym_00ab1646
.byte 0x04, 0x00, 0x00, 0x00, 0x00, 0x00, 0x00, 0x00, 0x04, 0x00, 0x00, 0x00, 0x00, 0x00, 0x00, 0x00
.byte 0x04, 0x00, 0x00, 0x00, 0x00, 0x00, 0x00, 0x00
.globl _sym_00bd65cc
_sym_00bd65cc:
.byte 0xff, 0xff, 0xff, 0xff
.long _sym_00ab13f0
.globl _sym_00bd65d4
_sym_00bd65d4:
.byte 0x22, 0x05, 0x93, 0x19, 0x01, 0x00, 0x00, 0x00
.long _sym_00bd65cc
.byte 0x00, 0x00, 0x00, 0x00, 0x00, 0x00, 0x00, 0x00, 0x00, 0x00, 0x00, 0x00, 0x00, 0x00, 0x00, 0x00
.byte 0x00, 0x00, 0x00, 0x00, 0x01, 0x00, 0x00, 0x00
.globl _sym_00bd65f8
_sym_00bd65f8:
.byte 0xff, 0xff, 0xff, 0xff
.long _sym_00ab1760
.byte 0xff, 0xff, 0xff, 0xff
.long _sym_00ab176e
.byte 0xff, 0xff, 0xff, 0xff
.long _sym_00ab177c
.byte 0xff, 0xff, 0xff, 0xff
.long _sym_00ab178a
.globl _sym_00bd6618
_sym_00bd6618:
.byte 0x22, 0x05, 0x93, 0x19, 0x04, 0x00, 0x00, 0x00
.long _sym_00bd65f8
.byte 0x00, 0x00, 0x00, 0x00, 0x00, 0x00, 0x00, 0x00, 0x00, 0x00, 0x00, 0x00, 0x00, 0x00, 0x00, 0x00
.byte 0x00, 0x00, 0x00, 0x00, 0x01, 0x00, 0x00, 0x00
.globl _sym_00bd663c
_sym_00bd663c:
.byte 0xff, 0xff, 0xff, 0xff
.long _sym_00ab19a0
.byte 0xff, 0xff, 0xff, 0xff, 0x00, 0x00, 0x00, 0x00, 0xff, 0xff, 0xff, 0xff, 0x00, 0x00, 0x00, 0x00
.byte 0xff, 0xff, 0xff, 0xff, 0x00, 0x00, 0x00, 0x00
.globl _sym_00bd665c
_sym_00bd665c:
.byte 0x22, 0x05, 0x93, 0x19, 0x04, 0x00, 0x00, 0x00
.long _sym_00bd663c
.byte 0x00, 0x00, 0x00, 0x00, 0x00, 0x00, 0x00, 0x00, 0x00, 0x00, 0x00, 0x00, 0x00, 0x00, 0x00, 0x00
.byte 0x00, 0x00, 0x00, 0x00, 0x01, 0x00, 0x00, 0x00
.globl _sym_00bd6680
_sym_00bd6680:
.byte 0xff, 0xff, 0xff, 0xff
.long _sym_00ab13c0
.globl _sym_00bd6688
_sym_00bd6688:
.byte 0x22, 0x05, 0x93, 0x19, 0x01, 0x00, 0x00, 0x00
.long _sym_00bd6680
.byte 0x00, 0x00, 0x00, 0x00, 0x00, 0x00, 0x00, 0x00, 0x00, 0x00, 0x00, 0x00, 0x00, 0x00, 0x00, 0x00
.byte 0x00, 0x00, 0x00, 0x00, 0x01, 0x00, 0x00, 0x00
.globl _sym_00bd66ac
_sym_00bd66ac:
.byte 0xff, 0xff, 0xff, 0xff
.long _sym_00ab1d00
.globl _sym_00bd66b4
_sym_00bd66b4:
.byte 0x22, 0x05, 0x93, 0x19, 0x01, 0x00, 0x00, 0x00
.long _sym_00bd66ac
.byte 0x00, 0x00, 0x00, 0x00, 0x00, 0x00, 0x00, 0x00, 0x00, 0x00, 0x00, 0x00, 0x00, 0x00, 0x00, 0x00
.byte 0x00, 0x00, 0x00, 0x00, 0x01, 0x00, 0x00, 0x00
.globl _sym_00bd66d8
_sym_00bd66d8:
.byte 0xff, 0xff, 0xff, 0xff
.long _sym_00ab1570
.globl _sym_00bd66e0
_sym_00bd66e0:
.byte 0x22, 0x05, 0x93, 0x19, 0x01, 0x00, 0x00, 0x00
.long _sym_00bd66d8
.byte 0x00, 0x00, 0x00, 0x00, 0x00, 0x00, 0x00, 0x00, 0x00, 0x00, 0x00, 0x00, 0x00, 0x00, 0x00, 0x00
.byte 0x00, 0x00, 0x00, 0x00, 0x01, 0x00, 0x00, 0x00
.globl _sym_00bd6704
_sym_00bd6704:
.byte 0xff, 0xff, 0xff, 0xff
.long _sym_00ab1540
.globl _sym_00bd670c
_sym_00bd670c:
.byte 0x22, 0x05, 0x93, 0x19, 0x01, 0x00, 0x00, 0x00
.long _sym_00bd6704
.byte 0x00, 0x00, 0x00, 0x00, 0x00, 0x00, 0x00, 0x00, 0x00, 0x00, 0x00, 0x00, 0x00, 0x00, 0x00, 0x00
.byte 0x00, 0x00, 0x00, 0x00, 0x01, 0x00, 0x00, 0x00
.globl _sym_00bd6730
_sym_00bd6730:
.byte 0xff, 0xff, 0xff, 0xff
.long _sym_00ab11b0
.byte 0xff, 0xff, 0xff, 0xff, 0x00, 0x00, 0x00, 0x00, 0xff, 0xff, 0xff, 0xff, 0x00, 0x00, 0x00, 0x00
.byte 0xff, 0xff, 0xff, 0xff, 0x00, 0x00, 0x00, 0x00
.globl _sym_00bd6750
_sym_00bd6750:
.byte 0x22, 0x05, 0x93, 0x19, 0x04, 0x00, 0x00, 0x00
.long _sym_00bd6730
.byte 0x00, 0x00, 0x00, 0x00, 0x00, 0x00, 0x00, 0x00, 0x00, 0x00, 0x00, 0x00, 0x00, 0x00, 0x00, 0x00
.byte 0x00, 0x00, 0x00, 0x00, 0x01, 0x00, 0x00, 0x00
.globl _sym_00bd6774
_sym_00bd6774:
.byte 0xff, 0xff, 0xff, 0xff
.long _sym_00ab15a0
.globl _sym_00bd677c
_sym_00bd677c:
.byte 0x22, 0x05, 0x93, 0x19, 0x01, 0x00, 0x00, 0x00
.long _sym_00bd6774
.byte 0x00, 0x00, 0x00, 0x00, 0x00, 0x00, 0x00, 0x00, 0x00, 0x00, 0x00, 0x00, 0x00, 0x00, 0x00, 0x00
.byte 0x00, 0x00, 0x00, 0x00, 0x01, 0x00, 0x00, 0x00
.globl _sym_00bd67a0
_sym_00bd67a0:
.byte 0xff, 0xff, 0xff, 0xff
.long _sym_00ab11e0
.byte 0xff, 0xff, 0xff, 0xff, 0x00, 0x00, 0x00, 0x00, 0xff, 0xff, 0xff, 0xff, 0x00, 0x00, 0x00, 0x00
.byte 0xff, 0xff, 0xff, 0xff, 0x00, 0x00, 0x00, 0x00
.globl _sym_00bd67c0
_sym_00bd67c0:
.byte 0x22, 0x05, 0x93, 0x19, 0x04, 0x00, 0x00, 0x00
.long _sym_00bd67a0
.byte 0x00, 0x00, 0x00, 0x00, 0x00, 0x00, 0x00, 0x00, 0x00, 0x00, 0x00, 0x00, 0x00, 0x00, 0x00, 0x00
.byte 0x00, 0x00, 0x00, 0x00, 0x01, 0x00, 0x00, 0x00
.globl _sym_00bd67e4
_sym_00bd67e4:
.byte 0xff, 0xff, 0xff, 0xff
.long _sym_00ab1510
.globl _sym_00bd67ec
_sym_00bd67ec:
.byte 0x22, 0x05, 0x93, 0x19, 0x01, 0x00, 0x00, 0x00
.long _sym_00bd67e4
.byte 0x00, 0x00, 0x00, 0x00, 0x00, 0x00, 0x00, 0x00, 0x00, 0x00, 0x00, 0x00, 0x00, 0x00, 0x00, 0x00
.byte 0x00, 0x00, 0x00, 0x00, 0x01, 0x00, 0x00, 0x00
.globl _sym_00bd6810
_sym_00bd6810:
.byte 0xff, 0xff, 0xff, 0xff
.long _sym_00ab1180
.byte 0xff, 0xff, 0xff, 0xff, 0x00, 0x00, 0x00, 0x00, 0xff, 0xff, 0xff, 0xff, 0x00, 0x00, 0x00, 0x00
.byte 0xff, 0xff, 0xff, 0xff, 0x00, 0x00, 0x00, 0x00
.globl _sym_00bd6830
_sym_00bd6830:
.byte 0x22, 0x05, 0x93, 0x19, 0x04, 0x00, 0x00, 0x00
.long _sym_00bd6810
.byte 0x00, 0x00, 0x00, 0x00, 0x00, 0x00, 0x00, 0x00, 0x00, 0x00, 0x00, 0x00, 0x00, 0x00, 0x00, 0x00
.byte 0x00, 0x00, 0x00, 0x00, 0x01, 0x00, 0x00, 0x00
.globl _sym_00bd6854
_sym_00bd6854:
.byte 0xff, 0xff, 0xff, 0xff
.long _sym_00ab14e0
.globl _sym_00bd685c
_sym_00bd685c:
.byte 0x22, 0x05, 0x93, 0x19, 0x01, 0x00, 0x00, 0x00
.long _sym_00bd6854
.byte 0x00, 0x00, 0x00, 0x00, 0x00, 0x00, 0x00, 0x00, 0x00, 0x00, 0x00, 0x00, 0x00, 0x00, 0x00, 0x00
.byte 0x00, 0x00, 0x00, 0x00, 0x01, 0x00, 0x00, 0x00
.globl _sym_00bd6880
_sym_00bd6880:
.byte 0xff, 0xff, 0xff, 0xff
.long _sym_00ab15d0
.globl _sym_00bd6888
_sym_00bd6888:
.byte 0x22, 0x05, 0x93, 0x19, 0x01, 0x00, 0x00, 0x00
.long _sym_00bd6880
.byte 0x00, 0x00, 0x00, 0x00, 0x00, 0x00, 0x00, 0x00, 0x00, 0x00, 0x00, 0x00, 0x00, 0x00, 0x00, 0x00
.byte 0x00, 0x00, 0x00, 0x00, 0x01, 0x00, 0x00, 0x00
.globl _sym_00bd68ac
_sym_00bd68ac:
.byte 0xff, 0xff, 0xff, 0xff
.long _sym_00ab1360
.globl _sym_00bd68b4
_sym_00bd68b4:
.byte 0x22, 0x05, 0x93, 0x19, 0x01, 0x00, 0x00, 0x00
.long _sym_00bd68ac
.byte 0x00, 0x00, 0x00, 0x00, 0x00, 0x00, 0x00, 0x00, 0x00, 0x00, 0x00, 0x00, 0x00, 0x00, 0x00, 0x00
.byte 0x00, 0x00, 0x00, 0x00, 0x01, 0x00, 0x00, 0x00
.globl _sym_00bd68d8
_sym_00bd68d8:
.byte 0xff, 0xff, 0xff, 0xff
.long _sym_00ab1090
.byte 0xff, 0xff, 0xff, 0xff, 0x00, 0x00, 0x00, 0x00, 0xff, 0xff, 0xff, 0xff, 0x00, 0x00, 0x00, 0x00
.byte 0xff, 0xff, 0xff, 0xff, 0x00, 0x00, 0x00, 0x00
.globl _sym_00bd68f8
_sym_00bd68f8:
.byte 0x22, 0x05, 0x93, 0x19, 0x04, 0x00, 0x00, 0x00
.long _sym_00bd68d8
.byte 0x00, 0x00, 0x00, 0x00, 0x00, 0x00, 0x00, 0x00, 0x00, 0x00, 0x00, 0x00, 0x00, 0x00, 0x00, 0x00
.byte 0x00, 0x00, 0x00, 0x00, 0x01, 0x00, 0x00, 0x00
.globl _sym_00bd691c
_sym_00bd691c:
.byte 0xff, 0xff, 0xff, 0xff
.long _sym_00ab1390
.globl _sym_00bd6924
_sym_00bd6924:
.byte 0x22, 0x05, 0x93, 0x19, 0x01, 0x00, 0x00, 0x00
.long _sym_00bd691c
.byte 0x00, 0x00, 0x00, 0x00, 0x00, 0x00, 0x00, 0x00, 0x00, 0x00, 0x00, 0x00, 0x00, 0x00, 0x00, 0x00
.byte 0x00, 0x00, 0x00, 0x00, 0x01, 0x00, 0x00, 0x00
.globl _sym_00bd6948
_sym_00bd6948:
.byte 0xff, 0xff, 0xff, 0xff
.long _sym_00ab10c0
.byte 0xff, 0xff, 0xff, 0xff, 0x00, 0x00, 0x00, 0x00, 0xff, 0xff, 0xff, 0xff, 0x00, 0x00, 0x00, 0x00
.byte 0xff, 0xff, 0xff, 0xff, 0x00, 0x00, 0x00, 0x00
.globl _sym_00bd6968
_sym_00bd6968:
.byte 0x22, 0x05, 0x93, 0x19, 0x04, 0x00, 0x00, 0x00
.long _sym_00bd6948
.byte 0x00, 0x00, 0x00, 0x00, 0x00, 0x00, 0x00, 0x00, 0x00, 0x00, 0x00, 0x00, 0x00, 0x00, 0x00, 0x00
.byte 0x00, 0x00, 0x00, 0x00, 0x01, 0x00, 0x00, 0x00
.globl _sym_00bd698c
_sym_00bd698c:
.byte 0xff, 0xff, 0xff, 0xff
.long _sym_00ab1330
.globl _sym_00bd6994
_sym_00bd6994:
.byte 0x22, 0x05, 0x93, 0x19, 0x01, 0x00, 0x00, 0x00
.long _sym_00bd698c
.byte 0x00, 0x00, 0x00, 0x00, 0x00, 0x00, 0x00, 0x00, 0x00, 0x00, 0x00, 0x00, 0x00, 0x00, 0x00, 0x00
.byte 0x00, 0x00, 0x00, 0x00, 0x01, 0x00, 0x00, 0x00
.globl _sym_00bd69b8
_sym_00bd69b8:
.byte 0xff, 0xff, 0xff, 0xff
.long _sym_00ab1060
.byte 0xff, 0xff, 0xff, 0xff, 0x00, 0x00, 0x00, 0x00, 0xff, 0xff, 0xff, 0xff, 0x00, 0x00, 0x00, 0x00
.byte 0xff, 0xff, 0xff, 0xff, 0x00, 0x00, 0x00, 0x00
.globl _sym_00bd69d8
_sym_00bd69d8:
.byte 0x22, 0x05, 0x93, 0x19, 0x04, 0x00, 0x00, 0x00
.long _sym_00bd69b8
.byte 0x00, 0x00, 0x00, 0x00, 0x00, 0x00, 0x00, 0x00, 0x00, 0x00, 0x00, 0x00, 0x00, 0x00, 0x00, 0x00
.byte 0x00, 0x00, 0x00, 0x00, 0x01, 0x00, 0x00, 0x00
.globl _sym_00bd69fc
_sym_00bd69fc:
.byte 0xff, 0xff, 0xff, 0xff
.long _sym_00ab1240
.byte 0xff, 0xff, 0xff, 0xff, 0x00, 0x00, 0x00, 0x00, 0xff, 0xff, 0xff, 0xff, 0x00, 0x00, 0x00, 0x00
.byte 0xff, 0xff, 0xff, 0xff, 0x00, 0x00, 0x00, 0x00
.globl _sym_00bd6a1c
_sym_00bd6a1c:
.byte 0x22, 0x05, 0x93, 0x19, 0x04, 0x00, 0x00, 0x00
.long _sym_00bd69fc
.byte 0x00, 0x00, 0x00, 0x00, 0x00, 0x00, 0x00, 0x00, 0x00, 0x00, 0x00, 0x00, 0x00, 0x00, 0x00, 0x00
.byte 0x00, 0x00, 0x00, 0x00, 0x01, 0x00, 0x00, 0x00
.globl _sym_00bd6a40
_sym_00bd6a40:
.byte 0xff, 0xff, 0xff, 0xff
.long _sym_00ab12d0
.byte 0xff, 0xff, 0xff, 0xff, 0x00, 0x00, 0x00, 0x00, 0xff, 0xff, 0xff, 0xff, 0x00, 0x00, 0x00, 0x00
.byte 0xff, 0xff, 0xff, 0xff, 0x00, 0x00, 0x00, 0x00
.globl _sym_00bd6a60
_sym_00bd6a60:
.byte 0x22, 0x05, 0x93, 0x19, 0x04, 0x00, 0x00, 0x00
.long _sym_00bd6a40
.byte 0x00, 0x00, 0x00, 0x00, 0x00, 0x00, 0x00, 0x00, 0x00, 0x00, 0x00, 0x00, 0x00, 0x00, 0x00, 0x00
.byte 0x00, 0x00, 0x00, 0x00, 0x01, 0x00, 0x00, 0x00
.globl _sym_00bd6a84
_sym_00bd6a84:
.byte 0xff, 0xff, 0xff, 0xff
.long _sym_00ab18b0
.byte 0xff, 0xff, 0xff, 0xff, 0x00, 0x00, 0x00, 0x00, 0xff, 0xff, 0xff, 0xff, 0x00, 0x00, 0x00, 0x00
.byte 0xff, 0xff, 0xff, 0xff, 0x00, 0x00, 0x00, 0x00
.globl _sym_00bd6aa4
_sym_00bd6aa4:
.byte 0x22, 0x05, 0x93, 0x19, 0x04, 0x00, 0x00, 0x00
.long _sym_00bd6a84
.byte 0x00, 0x00, 0x00, 0x00, 0x00, 0x00, 0x00, 0x00, 0x00, 0x00, 0x00, 0x00, 0x00, 0x00, 0x00, 0x00
.byte 0x00, 0x00, 0x00, 0x00, 0x01, 0x00, 0x00, 0x00
.globl _sym_00bd6ac8
_sym_00bd6ac8:
.byte 0xff, 0xff, 0xff, 0xff
.long _sym_00ab1af0
.byte 0xff, 0xff, 0xff, 0xff, 0x00, 0x00, 0x00, 0x00, 0xff, 0xff, 0xff, 0xff, 0x00, 0x00, 0x00, 0x00
.byte 0xff, 0xff, 0xff, 0xff, 0x00, 0x00, 0x00, 0x00
.globl _sym_00bd6ae8
_sym_00bd6ae8:
.byte 0x22, 0x05, 0x93, 0x19, 0x04, 0x00, 0x00, 0x00
.long _sym_00bd6ac8
.byte 0x00, 0x00, 0x00, 0x00, 0x00, 0x00, 0x00, 0x00, 0x00, 0x00, 0x00, 0x00, 0x00, 0x00, 0x00, 0x00
.byte 0x00, 0x00, 0x00, 0x00, 0x01, 0x00, 0x00, 0x00
.globl _sym_00bd6b0c
_sym_00bd6b0c:
.byte 0xff, 0xff, 0xff, 0xff
.long _sym_00ab1270
.byte 0xff, 0xff, 0xff, 0xff, 0x00, 0x00, 0x00, 0x00, 0xff, 0xff, 0xff, 0xff, 0x00, 0x00, 0x00, 0x00
.byte 0xff, 0xff, 0xff, 0xff, 0x00, 0x00, 0x00, 0x00
.globl _sym_00bd6b2c
_sym_00bd6b2c:
.byte 0x22, 0x05, 0x93, 0x19, 0x04, 0x00, 0x00, 0x00
.long _sym_00bd6b0c
.byte 0x00, 0x00, 0x00, 0x00, 0x00, 0x00, 0x00, 0x00, 0x00, 0x00, 0x00, 0x00, 0x00, 0x00, 0x00, 0x00
.byte 0x00, 0x00, 0x00, 0x00, 0x01, 0x00, 0x00, 0x00
.globl _sym_00bd6b50
_sym_00bd6b50:
.byte 0xff, 0xff, 0xff, 0xff
.long _sym_00ab1300
.byte 0xff, 0xff, 0xff, 0xff, 0x00, 0x00, 0x00, 0x00, 0xff, 0xff, 0xff, 0xff, 0x00, 0x00, 0x00, 0x00
.byte 0xff, 0xff, 0xff, 0xff, 0x00, 0x00, 0x00, 0x00
.globl _sym_00bd6b70
_sym_00bd6b70:
.byte 0x22, 0x05, 0x93, 0x19, 0x04, 0x00, 0x00, 0x00
.long _sym_00bd6b50
.byte 0x00, 0x00, 0x00, 0x00, 0x00, 0x00, 0x00, 0x00, 0x00, 0x00, 0x00, 0x00, 0x00, 0x00, 0x00, 0x00
.byte 0x00, 0x00, 0x00, 0x00, 0x01, 0x00, 0x00, 0x00
.globl _sym_00bd6b94
_sym_00bd6b94:
.byte 0xff, 0xff, 0xff, 0xff
.long _sym_00ab18e0
.byte 0xff, 0xff, 0xff, 0xff, 0x00, 0x00, 0x00, 0x00, 0xff, 0xff, 0xff, 0xff, 0x00, 0x00, 0x00, 0x00
.byte 0xff, 0xff, 0xff, 0xff, 0x00, 0x00, 0x00, 0x00
.globl _sym_00bd6bb4
_sym_00bd6bb4:
.byte 0x22, 0x05, 0x93, 0x19, 0x04, 0x00, 0x00, 0x00
.long _sym_00bd6b94
.byte 0x00, 0x00, 0x00, 0x00, 0x00, 0x00, 0x00, 0x00, 0x00, 0x00, 0x00, 0x00, 0x00, 0x00, 0x00, 0x00
.byte 0x00, 0x00, 0x00, 0x00, 0x01, 0x00, 0x00, 0x00
.globl _sym_00bd6bd8
_sym_00bd6bd8:
.byte 0xff, 0xff, 0xff, 0xff
.long _sym_00ab1b20
.byte 0xff, 0xff, 0xff, 0xff, 0x00, 0x00, 0x00, 0x00, 0xff, 0xff, 0xff, 0xff, 0x00, 0x00, 0x00, 0x00
.byte 0xff, 0xff, 0xff, 0xff, 0x00, 0x00, 0x00, 0x00
.globl _sym_00bd6bf8
_sym_00bd6bf8:
.byte 0x22, 0x05, 0x93, 0x19, 0x04, 0x00, 0x00, 0x00
.long _sym_00bd6bd8
.byte 0x00, 0x00, 0x00, 0x00, 0x00, 0x00, 0x00, 0x00, 0x00, 0x00, 0x00, 0x00, 0x00, 0x00, 0x00, 0x00
.byte 0x00, 0x00, 0x00, 0x00, 0x01, 0x00, 0x00, 0x00
.globl _sym_00bd6c1c
_sym_00bd6c1c:
.byte 0xff, 0xff, 0xff, 0xff
.long _sym_00ab1210
.byte 0xff, 0xff, 0xff, 0xff, 0x00, 0x00, 0x00, 0x00, 0xff, 0xff, 0xff, 0xff, 0x00, 0x00, 0x00, 0x00
.byte 0xff, 0xff, 0xff, 0xff, 0x00, 0x00, 0x00, 0x00
.globl _sym_00bd6c3c
_sym_00bd6c3c:
.byte 0x22, 0x05, 0x93, 0x19, 0x04, 0x00, 0x00, 0x00
.long _sym_00bd6c1c
.byte 0x00, 0x00, 0x00, 0x00, 0x00, 0x00, 0x00, 0x00, 0x00, 0x00, 0x00, 0x00, 0x00, 0x00, 0x00, 0x00
.byte 0x00, 0x00, 0x00, 0x00, 0x01, 0x00, 0x00, 0x00
.globl _sym_00bd6c60
_sym_00bd6c60:
.byte 0xff, 0xff, 0xff, 0xff
.long _sym_00ab12a0
.byte 0xff, 0xff, 0xff, 0xff, 0x00, 0x00, 0x00, 0x00, 0xff, 0xff, 0xff, 0xff, 0x00, 0x00, 0x00, 0x00
.byte 0xff, 0xff, 0xff, 0xff, 0x00, 0x00, 0x00, 0x00
.globl _sym_00bd6c80
_sym_00bd6c80:
.byte 0x22, 0x05, 0x93, 0x19, 0x04, 0x00, 0x00, 0x00
.long _sym_00bd6c60
.byte 0x00, 0x00, 0x00, 0x00, 0x00, 0x00, 0x00, 0x00, 0x00, 0x00, 0x00, 0x00, 0x00, 0x00, 0x00, 0x00
.byte 0x00, 0x00, 0x00, 0x00, 0x01, 0x00, 0x00, 0x00
.globl _sym_00bd6ca4
_sym_00bd6ca4:
.byte 0xff, 0xff, 0xff, 0xff
.long _sym_00ab1880
.byte 0xff, 0xff, 0xff, 0xff, 0x00, 0x00, 0x00, 0x00, 0xff, 0xff, 0xff, 0xff, 0x00, 0x00, 0x00, 0x00
.byte 0xff, 0xff, 0xff, 0xff, 0x00, 0x00, 0x00, 0x00
.globl _sym_00bd6cc4
_sym_00bd6cc4:
.byte 0x22, 0x05, 0x93, 0x19, 0x04, 0x00, 0x00, 0x00
.long _sym_00bd6ca4
.byte 0x00, 0x00, 0x00, 0x00, 0x00, 0x00, 0x00, 0x00, 0x00, 0x00, 0x00, 0x00, 0x00, 0x00, 0x00, 0x00
.byte 0x00, 0x00, 0x00, 0x00, 0x01, 0x00, 0x00, 0x00
.globl _sym_00bd6ce8
_sym_00bd6ce8:
.byte 0xff, 0xff, 0xff, 0xff
.long _sym_00ab1ac0
.byte 0xff, 0xff, 0xff, 0xff, 0x00, 0x00, 0x00, 0x00, 0xff, 0xff, 0xff, 0xff, 0x00, 0x00, 0x00, 0x00
.byte 0xff, 0xff, 0xff, 0xff, 0x00, 0x00, 0x00, 0x00
.globl _sym_00bd6d08
_sym_00bd6d08:
.byte 0x22, 0x05, 0x93, 0x19, 0x04, 0x00, 0x00, 0x00
.long _sym_00bd6ce8
.byte 0x00, 0x00, 0x00, 0x00, 0x00, 0x00, 0x00, 0x00, 0x00, 0x00, 0x00, 0x00, 0x00, 0x00, 0x00, 0x00
.byte 0x00, 0x00, 0x00, 0x00, 0x01, 0x00, 0x00, 0x00
.globl _sym_00bd6d2c
_sym_00bd6d2c:
.byte 0xff, 0xff, 0xff, 0xff
.long _sym_00ab0f70
.byte 0xff, 0xff, 0xff, 0xff, 0x00, 0x00, 0x00, 0x00, 0xff, 0xff, 0xff, 0xff, 0x00, 0x00, 0x00, 0x00
.byte 0xff, 0xff, 0xff, 0xff, 0x00, 0x00, 0x00, 0x00
.globl _sym_00bd6d4c
_sym_00bd6d4c:
.byte 0x22, 0x05, 0x93, 0x19, 0x04, 0x00, 0x00, 0x00
.long _sym_00bd6d2c
.byte 0x00, 0x00, 0x00, 0x00, 0x00, 0x00, 0x00, 0x00, 0x00, 0x00, 0x00, 0x00, 0x00, 0x00, 0x00, 0x00
.byte 0x00, 0x00, 0x00, 0x00, 0x01, 0x00, 0x00, 0x00
.globl _sym_00bd6d70
_sym_00bd6d70:
.byte 0xff, 0xff, 0xff, 0xff
.long _sym_00ab1120
.byte 0xff, 0xff, 0xff, 0xff, 0x00, 0x00, 0x00, 0x00, 0xff, 0xff, 0xff, 0xff, 0x00, 0x00, 0x00, 0x00
.byte 0xff, 0xff, 0xff, 0xff, 0x00, 0x00, 0x00, 0x00
.globl _sym_00bd6d90
_sym_00bd6d90:
.byte 0x22, 0x05, 0x93, 0x19, 0x04, 0x00, 0x00, 0x00
.long _sym_00bd6d70
.byte 0x00, 0x00, 0x00, 0x00, 0x00, 0x00, 0x00, 0x00, 0x00, 0x00, 0x00, 0x00, 0x00, 0x00, 0x00, 0x00
.byte 0x00, 0x00, 0x00, 0x00, 0x01, 0x00, 0x00, 0x00
.globl _sym_00bd6db4
_sym_00bd6db4:
.byte 0xff, 0xff, 0xff, 0xff
.long _sym_00ab0fa0
.byte 0xff, 0xff, 0xff, 0xff, 0x00, 0x00, 0x00, 0x00, 0xff, 0xff, 0xff, 0xff, 0x00, 0x00, 0x00, 0x00
.byte 0xff, 0xff, 0xff, 0xff, 0x00, 0x00, 0x00, 0x00
.globl _sym_00bd6dd4
_sym_00bd6dd4:
.byte 0x22, 0x05, 0x93, 0x19, 0x04, 0x00, 0x00, 0x00
.long _sym_00bd6db4
.byte 0x00, 0x00, 0x00, 0x00, 0x00, 0x00, 0x00, 0x00, 0x00, 0x00, 0x00, 0x00, 0x00, 0x00, 0x00, 0x00
.byte 0x00, 0x00, 0x00, 0x00, 0x01, 0x00, 0x00, 0x00
.globl _sym_00bd6df8
_sym_00bd6df8:
.byte 0xff, 0xff, 0xff, 0xff
.long _sym_00ab1150
.byte 0xff, 0xff, 0xff, 0xff, 0x00, 0x00, 0x00, 0x00, 0xff, 0xff, 0xff, 0xff, 0x00, 0x00, 0x00, 0x00
.byte 0xff, 0xff, 0xff, 0xff, 0x00, 0x00, 0x00, 0x00
.globl _sym_00bd6e18
_sym_00bd6e18:
.byte 0x22, 0x05, 0x93, 0x19, 0x04, 0x00, 0x00, 0x00
.long _sym_00bd6df8
.byte 0x00, 0x00, 0x00, 0x00, 0x00, 0x00, 0x00, 0x00, 0x00, 0x00, 0x00, 0x00, 0x00, 0x00, 0x00, 0x00
.byte 0x00, 0x00, 0x00, 0x00, 0x01, 0x00, 0x00, 0x00
.globl _sym_00bd6e3c
_sym_00bd6e3c:
.byte 0xff, 0xff, 0xff, 0xff
.long _sym_00ab0f40
.byte 0xff, 0xff, 0xff, 0xff, 0x00, 0x00, 0x00, 0x00, 0xff, 0xff, 0xff, 0xff, 0x00, 0x00, 0x00, 0x00
.byte 0xff, 0xff, 0xff, 0xff, 0x00, 0x00, 0x00, 0x00
.globl _sym_00bd6e5c
_sym_00bd6e5c:
.byte 0x22, 0x05, 0x93, 0x19, 0x04, 0x00, 0x00, 0x00
.long _sym_00bd6e3c
.byte 0x00, 0x00, 0x00, 0x00, 0x00, 0x00, 0x00, 0x00, 0x00, 0x00, 0x00, 0x00, 0x00, 0x00, 0x00, 0x00
.byte 0x00, 0x00, 0x00, 0x00, 0x01, 0x00, 0x00, 0x00
.globl _sym_00bd6e80
_sym_00bd6e80:
.byte 0xff, 0xff, 0xff, 0xff
.long _sym_00ab10f0
.byte 0xff, 0xff, 0xff, 0xff, 0x00, 0x00, 0x00, 0x00, 0xff, 0xff, 0xff, 0xff, 0x00, 0x00, 0x00, 0x00
.byte 0xff, 0xff, 0xff, 0xff, 0x00, 0x00, 0x00, 0x00
.globl _sym_00bd6ea0
_sym_00bd6ea0:
.byte 0x22, 0x05, 0x93, 0x19, 0x04, 0x00, 0x00, 0x00
.long _sym_00bd6e80
.byte 0x00, 0x00, 0x00, 0x00, 0x00, 0x00, 0x00, 0x00, 0x00, 0x00, 0x00, 0x00, 0x00, 0x00, 0x00, 0x00
.byte 0x00, 0x00, 0x00, 0x00, 0x01, 0x00, 0x00, 0x00
.globl _sym_00bd6ec4
_sym_00bd6ec4:
.byte 0xff, 0xff, 0xff, 0xff
.long _sym_00ab1940
.byte 0xff, 0xff, 0xff, 0xff, 0x00, 0x00, 0x00, 0x00, 0xff, 0xff, 0xff, 0xff, 0x00, 0x00, 0x00, 0x00
.byte 0xff, 0xff, 0xff, 0xff, 0x00, 0x00, 0x00, 0x00
.globl _sym_00bd6ee4
_sym_00bd6ee4:
.byte 0x22, 0x05, 0x93, 0x19, 0x04, 0x00, 0x00, 0x00
.long _sym_00bd6ec4
.byte 0x00, 0x00, 0x00, 0x00, 0x00, 0x00, 0x00, 0x00, 0x00, 0x00, 0x00, 0x00, 0x00, 0x00, 0x00, 0x00
.byte 0x00, 0x00, 0x00, 0x00, 0x01, 0x00, 0x00, 0x00
.globl _sym_00bd6f08
_sym_00bd6f08:
.byte 0xff, 0xff, 0xff, 0xff
.long _sym_00ab1c10
.byte 0xff, 0xff, 0xff, 0xff, 0x00, 0x00, 0x00, 0x00, 0xff, 0xff, 0xff, 0xff, 0x00, 0x00, 0x00, 0x00
.byte 0xff, 0xff, 0xff, 0xff, 0x00, 0x00, 0x00, 0x00
.globl _sym_00bd6f28
_sym_00bd6f28:
.byte 0x22, 0x05, 0x93, 0x19, 0x04, 0x00, 0x00, 0x00
.long _sym_00bd6f08
.byte 0x00, 0x00, 0x00, 0x00, 0x00, 0x00, 0x00, 0x00, 0x00, 0x00, 0x00, 0x00, 0x00, 0x00, 0x00, 0x00
.byte 0x00, 0x00, 0x00, 0x00, 0x01, 0x00, 0x00, 0x00
.globl _sym_00bd6f4c
_sym_00bd6f4c:
.byte 0xff, 0xff, 0xff, 0xff
.long _sym_00ab1ca0
.byte 0xff, 0xff, 0xff, 0xff, 0x00, 0x00, 0x00, 0x00, 0xff, 0xff, 0xff, 0xff, 0x00, 0x00, 0x00, 0x00
.byte 0xff, 0xff, 0xff, 0xff, 0x00, 0x00, 0x00, 0x00
.globl _sym_00bd6f6c
_sym_00bd6f6c:
.byte 0x22, 0x05, 0x93, 0x19, 0x04, 0x00, 0x00, 0x00
.long _sym_00bd6f4c
.byte 0x00, 0x00, 0x00, 0x00, 0x00, 0x00, 0x00, 0x00, 0x00, 0x00, 0x00, 0x00, 0x00, 0x00, 0x00, 0x00
.byte 0x00, 0x00, 0x00, 0x00, 0x01, 0x00, 0x00, 0x00
.globl _sym_00bd6f90
_sym_00bd6f90:
.byte 0xff, 0xff, 0xff, 0xff
.long _sym_00ab1970
.byte 0xff, 0xff, 0xff, 0xff, 0x00, 0x00, 0x00, 0x00, 0xff, 0xff, 0xff, 0xff, 0x00, 0x00, 0x00, 0x00
.byte 0xff, 0xff, 0xff, 0xff, 0x00, 0x00, 0x00, 0x00
.globl _sym_00bd6fb0
_sym_00bd6fb0:
.byte 0x22, 0x05, 0x93, 0x19, 0x04, 0x00, 0x00, 0x00
.long _sym_00bd6f90
.byte 0x00, 0x00, 0x00, 0x00, 0x00, 0x00, 0x00, 0x00, 0x00, 0x00, 0x00, 0x00, 0x00, 0x00, 0x00, 0x00
.byte 0x00, 0x00, 0x00, 0x00, 0x01, 0x00, 0x00, 0x00
.globl _sym_00bd6fd4
_sym_00bd6fd4:
.byte 0xff, 0xff, 0xff, 0xff
.long _sym_00ab1c40
.byte 0xff, 0xff, 0xff, 0xff, 0x00, 0x00, 0x00, 0x00, 0xff, 0xff, 0xff, 0xff, 0x00, 0x00, 0x00, 0x00
.byte 0xff, 0xff, 0xff, 0xff, 0x00, 0x00, 0x00, 0x00
.globl _sym_00bd6ff4
_sym_00bd6ff4:
.byte 0x22, 0x05, 0x93, 0x19, 0x04, 0x00, 0x00, 0x00
.long _sym_00bd6fd4
.byte 0x00, 0x00, 0x00, 0x00, 0x00, 0x00, 0x00, 0x00, 0x00, 0x00, 0x00, 0x00, 0x00, 0x00, 0x00, 0x00
.byte 0x00, 0x00, 0x00, 0x00, 0x01, 0x00, 0x00, 0x00
.globl _sym_00bd7018
_sym_00bd7018:
.byte 0xff, 0xff, 0xff, 0xff
.long _sym_00ab1cd0
.byte 0xff, 0xff, 0xff, 0xff, 0x00, 0x00, 0x00, 0x00, 0xff, 0xff, 0xff, 0xff, 0x00, 0x00, 0x00, 0x00
.byte 0xff, 0xff, 0xff, 0xff, 0x00, 0x00, 0x00, 0x00
.globl _sym_00bd7038
_sym_00bd7038:
.byte 0x22, 0x05, 0x93, 0x19, 0x04, 0x00, 0x00, 0x00
.long _sym_00bd7018
.byte 0x00, 0x00, 0x00, 0x00, 0x00, 0x00, 0x00, 0x00, 0x00, 0x00, 0x00, 0x00, 0x00, 0x00, 0x00, 0x00
.byte 0x00, 0x00, 0x00, 0x00, 0x01, 0x00, 0x00, 0x00
.globl _sym_00bd705c
_sym_00bd705c:
.byte 0xff, 0xff, 0xff, 0xff
.long _sym_00ab1910
.byte 0xff, 0xff, 0xff, 0xff, 0x00, 0x00, 0x00, 0x00, 0xff, 0xff, 0xff, 0xff, 0x00, 0x00, 0x00, 0x00
.byte 0xff, 0xff, 0xff, 0xff, 0x00, 0x00, 0x00, 0x00
.globl _sym_00bd707c
_sym_00bd707c:
.byte 0x22, 0x05, 0x93, 0x19, 0x04, 0x00, 0x00, 0x00
.long _sym_00bd705c
.byte 0x00, 0x00, 0x00, 0x00, 0x00, 0x00, 0x00, 0x00, 0x00, 0x00, 0x00, 0x00, 0x00, 0x00, 0x00, 0x00
.byte 0x00, 0x00, 0x00, 0x00, 0x01, 0x00, 0x00, 0x00
.globl _sym_00bd70a0
_sym_00bd70a0:
.byte 0xff, 0xff, 0xff, 0xff
.long _sym_00ab1be0
.byte 0xff, 0xff, 0xff, 0xff, 0x00, 0x00, 0x00, 0x00, 0xff, 0xff, 0xff, 0xff, 0x00, 0x00, 0x00, 0x00
.byte 0xff, 0xff, 0xff, 0xff, 0x00, 0x00, 0x00, 0x00
.globl _sym_00bd70c0
_sym_00bd70c0:
.byte 0x22, 0x05, 0x93, 0x19, 0x04, 0x00, 0x00, 0x00
.long _sym_00bd70a0
.byte 0x00, 0x00, 0x00, 0x00, 0x00, 0x00, 0x00, 0x00, 0x00, 0x00, 0x00, 0x00, 0x00, 0x00, 0x00, 0x00
.byte 0x00, 0x00, 0x00, 0x00, 0x01, 0x00, 0x00, 0x00
.globl _sym_00bd70e4
_sym_00bd70e4:
.byte 0xff, 0xff, 0xff, 0xff
.long _sym_00ab1c70
.byte 0xff, 0xff, 0xff, 0xff, 0x00, 0x00, 0x00, 0x00, 0xff, 0xff, 0xff, 0xff, 0x00, 0x00, 0x00, 0x00
.byte 0xff, 0xff, 0xff, 0xff, 0x00, 0x00, 0x00, 0x00
.globl _sym_00bd7104
_sym_00bd7104:
.byte 0x22, 0x05, 0x93, 0x19, 0x04, 0x00, 0x00, 0x00
.long _sym_00bd70e4
.byte 0x00, 0x00, 0x00, 0x00, 0x00, 0x00, 0x00, 0x00, 0x00, 0x00, 0x00, 0x00, 0x00, 0x00, 0x00, 0x00
.byte 0x00, 0x00, 0x00, 0x00, 0x01, 0x00, 0x00, 0x00
.globl _sym_00bd7128
_sym_00bd7128:
.byte 0xff, 0xff, 0xff, 0xff
.long _sym_00ab1000
.byte 0xff, 0xff, 0xff, 0xff, 0x00, 0x00, 0x00, 0x00, 0xff, 0xff, 0xff, 0xff, 0x00, 0x00, 0x00, 0x00
.byte 0xff, 0xff, 0xff, 0xff, 0x00, 0x00, 0x00, 0x00
.globl _sym_00bd7148
_sym_00bd7148:
.byte 0x22, 0x05, 0x93, 0x19, 0x04, 0x00, 0x00, 0x00
.long _sym_00bd7128
.byte 0x00, 0x00, 0x00, 0x00, 0x00, 0x00, 0x00, 0x00, 0x00, 0x00, 0x00, 0x00, 0x00, 0x00, 0x00, 0x00
.byte 0x00, 0x00, 0x00, 0x00, 0x01, 0x00, 0x00, 0x00
.globl _sym_00bd716c
_sym_00bd716c:
.byte 0xff, 0xff, 0xff, 0xff
.long _sym_00ab1b80
.byte 0xff, 0xff, 0xff, 0xff, 0x00, 0x00, 0x00, 0x00, 0xff, 0xff, 0xff, 0xff, 0x00, 0x00, 0x00, 0x00
.byte 0xff, 0xff, 0xff, 0xff, 0x00, 0x00, 0x00, 0x00
.globl _sym_00bd718c
_sym_00bd718c:
.byte 0x22, 0x05, 0x93, 0x19, 0x04, 0x00, 0x00, 0x00
.long _sym_00bd716c
.byte 0x00, 0x00, 0x00, 0x00, 0x00, 0x00, 0x00, 0x00, 0x00, 0x00, 0x00, 0x00, 0x00, 0x00, 0x00, 0x00
.byte 0x00, 0x00, 0x00, 0x00, 0x01, 0x00, 0x00, 0x00
.globl _sym_00bd71b0
_sym_00bd71b0:
.byte 0xff, 0xff, 0xff, 0xff
.long _sym_00ab1a60
.byte 0xff, 0xff, 0xff, 0xff, 0x00, 0x00, 0x00, 0x00, 0xff, 0xff, 0xff, 0xff, 0x00, 0x00, 0x00, 0x00
.byte 0xff, 0xff, 0xff, 0xff, 0x00, 0x00, 0x00, 0x00
.globl _sym_00bd71d0
_sym_00bd71d0:
.byte 0x22, 0x05, 0x93, 0x19, 0x04, 0x00, 0x00, 0x00
.long _sym_00bd71b0
.byte 0x00, 0x00, 0x00, 0x00, 0x00, 0x00, 0x00, 0x00, 0x00, 0x00, 0x00, 0x00, 0x00, 0x00, 0x00, 0x00
.byte 0x00, 0x00, 0x00, 0x00, 0x01, 0x00, 0x00, 0x00
.globl _sym_00bd71f4
_sym_00bd71f4:
.byte 0xff, 0xff, 0xff, 0xff
.long _sym_00ab1030
.byte 0xff, 0xff, 0xff, 0xff, 0x00, 0x00, 0x00, 0x00, 0xff, 0xff, 0xff, 0xff, 0x00, 0x00, 0x00, 0x00
.byte 0xff, 0xff, 0xff, 0xff, 0x00, 0x00, 0x00, 0x00
.globl _sym_00bd7214
_sym_00bd7214:
.byte 0x22, 0x05, 0x93, 0x19, 0x04, 0x00, 0x00, 0x00
.long _sym_00bd71f4
.byte 0x00, 0x00, 0x00, 0x00, 0x00, 0x00, 0x00, 0x00, 0x00, 0x00, 0x00, 0x00, 0x00, 0x00, 0x00, 0x00
.byte 0x00, 0x00, 0x00, 0x00, 0x01, 0x00, 0x00, 0x00
.globl _sym_00bd7238
_sym_00bd7238:
.byte 0xff, 0xff, 0xff, 0xff
.long _sym_00ab1bb0
.byte 0xff, 0xff, 0xff, 0xff, 0x00, 0x00, 0x00, 0x00, 0xff, 0xff, 0xff, 0xff, 0x00, 0x00, 0x00, 0x00
.byte 0xff, 0xff, 0xff, 0xff, 0x00, 0x00, 0x00, 0x00
.globl _sym_00bd7258
_sym_00bd7258:
.byte 0x22, 0x05, 0x93, 0x19, 0x04, 0x00, 0x00, 0x00
.long _sym_00bd7238
.byte 0x00, 0x00, 0x00, 0x00, 0x00, 0x00, 0x00, 0x00, 0x00, 0x00, 0x00, 0x00, 0x00, 0x00, 0x00, 0x00
.byte 0x00, 0x00, 0x00, 0x00, 0x01, 0x00, 0x00, 0x00
.globl _sym_00bd727c
_sym_00bd727c:
.byte 0xff, 0xff, 0xff, 0xff
.long _sym_00ab1a90
.byte 0xff, 0xff, 0xff, 0xff, 0x00, 0x00, 0x00, 0x00, 0xff, 0xff, 0xff, 0xff, 0x00, 0x00, 0x00, 0x00
.byte 0xff, 0xff, 0xff, 0xff, 0x00, 0x00, 0x00, 0x00
.globl _sym_00bd729c
_sym_00bd729c:
.byte 0x22, 0x05, 0x93, 0x19, 0x04, 0x00, 0x00, 0x00
.long _sym_00bd727c
.byte 0x00, 0x00, 0x00, 0x00, 0x00, 0x00, 0x00, 0x00, 0x00, 0x00, 0x00, 0x00, 0x00, 0x00, 0x00, 0x00
.byte 0x00, 0x00, 0x00, 0x00, 0x01, 0x00, 0x00, 0x00
.globl _sym_00bd72c0
_sym_00bd72c0:
.byte 0xff, 0xff, 0xff, 0xff
.long _sym_00ab0fd0
.byte 0xff, 0xff, 0xff, 0xff, 0x00, 0x00, 0x00, 0x00, 0xff, 0xff, 0xff, 0xff, 0x00, 0x00, 0x00, 0x00
.byte 0xff, 0xff, 0xff, 0xff, 0x00, 0x00, 0x00, 0x00
.globl _sym_00bd72e0
_sym_00bd72e0:
.byte 0x22, 0x05, 0x93, 0x19, 0x04, 0x00, 0x00, 0x00
.long _sym_00bd72c0
.byte 0x00, 0x00, 0x00, 0x00, 0x00, 0x00, 0x00, 0x00, 0x00, 0x00, 0x00, 0x00, 0x00, 0x00, 0x00, 0x00
.byte 0x00, 0x00, 0x00, 0x00, 0x01, 0x00, 0x00, 0x00
.globl _sym_00bd7304
_sym_00bd7304:
.byte 0xff, 0xff, 0xff, 0xff
.long _sym_00ab1b50
.byte 0xff, 0xff, 0xff, 0xff, 0x00, 0x00, 0x00, 0x00, 0xff, 0xff, 0xff, 0xff, 0x00, 0x00, 0x00, 0x00
.byte 0xff, 0xff, 0xff, 0xff, 0x00, 0x00, 0x00, 0x00
.globl _sym_00bd7324
_sym_00bd7324:
.byte 0x22, 0x05, 0x93, 0x19, 0x04, 0x00, 0x00, 0x00
.long _sym_00bd7304
.byte 0x00, 0x00, 0x00, 0x00, 0x00, 0x00, 0x00, 0x00, 0x00, 0x00, 0x00, 0x00, 0x00, 0x00, 0x00, 0x00
.byte 0x00, 0x00, 0x00, 0x00, 0x01, 0x00, 0x00, 0x00
.globl _sym_00bd7348
_sym_00bd7348:
.byte 0xff, 0xff, 0xff, 0xff
.long _sym_00ab1a30
.byte 0xff, 0xff, 0xff, 0xff, 0x00, 0x00, 0x00, 0x00, 0xff, 0xff, 0xff, 0xff, 0x00, 0x00, 0x00, 0x00
.byte 0xff, 0xff, 0xff, 0xff, 0x00, 0x00, 0x00, 0x00
.globl _sym_00bd7368
_sym_00bd7368:
.byte 0x22, 0x05, 0x93, 0x19, 0x04, 0x00, 0x00, 0x00
.long _sym_00bd7348
.byte 0x00, 0x00, 0x00, 0x00, 0x00, 0x00, 0x00, 0x00, 0x00, 0x00, 0x00, 0x00, 0x00, 0x00, 0x00, 0x00
.byte 0x00, 0x00, 0x00, 0x00, 0x01, 0x00, 0x00, 0x00
.globl _sym_00bd738c
_sym_00bd738c:
.byte 0x22, 0x05, 0x93, 0x19, 0x08, 0x00, 0x00, 0x00
.long _sym_00bd73b0
.byte 0x00, 0x00, 0x00, 0x00, 0x00, 0x00, 0x00, 0x00, 0x00, 0x00, 0x00, 0x00, 0x00, 0x00, 0x00, 0x00
.byte 0x00, 0x00, 0x00, 0x00, 0x01, 0x00, 0x00, 0x00
.globl _sym_00bd73b0
_sym_00bd73b0:
.byte 0xff, 0xff, 0xff, 0xff
.long _sym_00ab1fd0
.byte 0x00, 0x00, 0x00, 0x00
.long _sym_00ab1fd8
.byte 0x01, 0x00, 0x00, 0x00
.long _sym_00ab1fe6
.byte 0x02, 0x00, 0x00, 0x00
.long _sym_00ab1ff4
.byte 0x03, 0x00, 0x00, 0x00
.long _sym_00ab2002
.byte 0x04, 0x00, 0x00, 0x00
.long _sym_00ab2010
.byte 0x05, 0x00, 0x00, 0x00
.long _sym_00ab201e
.byte 0x06, 0x00, 0x00, 0x00
.long _sym_00ab202c
.globl _sym_00bd73f0
_sym_00bd73f0:
.byte 0x22, 0x05, 0x93, 0x19, 0x11, 0x00, 0x00, 0x00
.long _sym_00bd7414
.byte 0x00, 0x00, 0x00, 0x00, 0x00, 0x00, 0x00, 0x00, 0x00, 0x00, 0x00, 0x00, 0x00, 0x00, 0x00, 0x00
.byte 0x00, 0x00, 0x00, 0x00, 0x01, 0x00, 0x00, 0x00
.globl _sym_00bd7414
_sym_00bd7414:
.byte 0xff, 0xff, 0xff, 0xff
.long _sym_00ab20d0
.byte 0x00, 0x00, 0x00, 0x00
.long _sym_00ab20de
.byte 0x00, 0x00, 0x00, 0x00, 0x00, 0x00, 0x00, 0x00, 0x00, 0x00, 0x00, 0x00, 0x00, 0x00, 0x00, 0x00
.byte 0x00, 0x00, 0x00, 0x00, 0x00, 0x00, 0x00, 0x00, 0xff, 0xff, 0xff, 0xff
.long _sym_00ab20ec
.byte 0x05, 0x00, 0x00, 0x00
.long _sym_00ab20fa
.byte 0x05, 0x00, 0x00, 0x00, 0x00, 0x00, 0x00, 0x00, 0x05, 0x00, 0x00, 0x00, 0x00, 0x00, 0x00, 0x00
.byte 0x05, 0x00, 0x00, 0x00, 0x00, 0x00, 0x00, 0x00, 0xff, 0xff, 0xff, 0xff
.long _sym_00ab2108
.byte 0x0a, 0x00, 0x00, 0x00
.long _sym_00ab2116
.byte 0x0a, 0x00, 0x00, 0x00, 0x00, 0x00, 0x00, 0x00, 0x0a, 0x00, 0x00, 0x00, 0x00, 0x00, 0x00, 0x00
.byte 0x0a, 0x00, 0x00, 0x00, 0x00, 0x00, 0x00, 0x00, 0xff, 0xff, 0xff, 0xff
.long _sym_00ab2124
.byte 0xff, 0xff, 0xff, 0xff
.long _sym_00ab2132
.globl _sym_00bd749c
_sym_00bd749c:
.byte 0xff, 0xff, 0xff, 0xff
.long _sym_00ab1fa0
.globl _sym_00bd74a4
_sym_00bd74a4:
.byte 0x22, 0x05, 0x93, 0x19, 0x01, 0x00, 0x00, 0x00
.long _sym_00bd749c
.byte 0x00, 0x00, 0x00, 0x00, 0x00, 0x00, 0x00, 0x00, 0x00, 0x00, 0x00, 0x00, 0x00, 0x00, 0x00, 0x00
.byte 0x00, 0x00, 0x00, 0x00, 0x01, 0x00, 0x00, 0x00
.globl _sym_00bd74c8
_sym_00bd74c8:
.byte 0xff, 0xff, 0xff, 0xff
.long _sym_00ab2160
.byte 0xff, 0xff, 0xff, 0xff
.long _sym_00ab216e
.byte 0xff, 0xff, 0xff, 0xff
.long _sym_00ab217c
.byte 0xff, 0xff, 0xff, 0xff
.long _sym_00ab218a
.globl _sym_00bd74e8
_sym_00bd74e8:
.byte 0x22, 0x05, 0x93, 0x19, 0x04, 0x00, 0x00, 0x00
.long _sym_00bd74c8
.byte 0x00, 0x00, 0x00, 0x00, 0x00, 0x00, 0x00, 0x00, 0x00, 0x00, 0x00, 0x00, 0x00, 0x00, 0x00, 0x00
.byte 0x00, 0x00, 0x00, 0x00, 0x01, 0x00, 0x00, 0x00
.globl _sym_00bd750c
_sym_00bd750c:
.byte 0xff, 0xff, 0xff, 0xff
.long _sym_00ab2220
.byte 0xff, 0xff, 0xff, 0xff, 0x00, 0x00, 0x00, 0x00, 0xff, 0xff, 0xff, 0xff, 0x00, 0x00, 0x00, 0x00
.byte 0xff, 0xff, 0xff, 0xff, 0x00, 0x00, 0x00, 0x00
.globl _sym_00bd752c
_sym_00bd752c:
.byte 0x22, 0x05, 0x93, 0x19, 0x04, 0x00, 0x00, 0x00
.long _sym_00bd750c
.byte 0x00, 0x00, 0x00, 0x00, 0x00, 0x00, 0x00, 0x00, 0x00, 0x00, 0x00, 0x00, 0x00, 0x00, 0x00, 0x00
.byte 0x00, 0x00, 0x00, 0x00, 0x01, 0x00, 0x00, 0x00
.globl _sym_00bd7550
_sym_00bd7550:
.byte 0xff, 0xff, 0xff, 0xff
.long _sym_00ab2060
.byte 0x00, 0x00, 0x00, 0x00
.long _sym_00ab206b
.globl _sym_00bd7560
_sym_00bd7560:
.byte 0x22, 0x05, 0x93, 0x19, 0x02, 0x00, 0x00, 0x00
.long _sym_00bd7550
.byte 0x00, 0x00, 0x00, 0x00, 0x00, 0x00, 0x00, 0x00, 0x00, 0x00, 0x00, 0x00, 0x00, 0x00, 0x00, 0x00
.byte 0x00, 0x00, 0x00, 0x00, 0x01, 0x00, 0x00, 0x00
.globl _sym_00bd7584
_sym_00bd7584:
.byte 0xff, 0xff, 0xff, 0xff
.long _sym_00ab22e0
.globl _sym_00bd758c
_sym_00bd758c:
.byte 0x22, 0x05, 0x93, 0x19, 0x01, 0x00, 0x00, 0x00
.long _sym_00bd7584
.byte 0x00, 0x00, 0x00, 0x00, 0x00, 0x00, 0x00, 0x00, 0x00, 0x00, 0x00, 0x00, 0x00, 0x00, 0x00, 0x00
.byte 0x00, 0x00, 0x00, 0x00, 0x01, 0x00, 0x00, 0x00
.globl _sym_00bd75b0
_sym_00bd75b0:
.byte 0xff, 0xff, 0xff, 0xff
.long _sym_00ab1d30
.globl _sym_00bd75b8
_sym_00bd75b8:
.byte 0x22, 0x05, 0x93, 0x19, 0x01, 0x00, 0x00, 0x00
.long _sym_00bd75b0
.byte 0x00, 0x00, 0x00, 0x00, 0x00, 0x00, 0x00, 0x00, 0x00, 0x00, 0x00, 0x00, 0x00, 0x00, 0x00, 0x00
.byte 0x00, 0x00, 0x00, 0x00, 0x01, 0x00, 0x00, 0x00
.globl _sym_00bd75dc
_sym_00bd75dc:
.byte 0xff, 0xff, 0xff, 0xff
.long _sym_00ab20a0
.globl _sym_00bd75e4
_sym_00bd75e4:
.byte 0x22, 0x05, 0x93, 0x19, 0x01, 0x00, 0x00, 0x00
.long _sym_00bd75dc
.byte 0x00, 0x00, 0x00, 0x00, 0x00, 0x00, 0x00, 0x00, 0x00, 0x00, 0x00, 0x00, 0x00, 0x00, 0x00, 0x00
.byte 0x00, 0x00, 0x00, 0x00, 0x01, 0x00, 0x00, 0x00
.globl _sym_00bd7608
_sym_00bd7608:
.byte 0xff, 0xff, 0xff, 0xff
.long _sym_00ab1e20
.byte 0xff, 0xff, 0xff, 0xff, 0x00, 0x00, 0x00, 0x00, 0xff, 0xff, 0xff, 0xff, 0x00, 0x00, 0x00, 0x00
.byte 0xff, 0xff, 0xff, 0xff, 0x00, 0x00, 0x00, 0x00
.globl _sym_00bd7628
_sym_00bd7628:
.byte 0x22, 0x05, 0x93, 0x19, 0x04, 0x00, 0x00, 0x00
.long _sym_00bd7608
.byte 0x00, 0x00, 0x00, 0x00, 0x00, 0x00, 0x00, 0x00, 0x00, 0x00, 0x00, 0x00, 0x00, 0x00, 0x00, 0x00
.byte 0x00, 0x00, 0x00, 0x00, 0x01, 0x00, 0x00, 0x00
.globl _sym_00bd764c
_sym_00bd764c:
.byte 0xff, 0xff, 0xff, 0xff
.long _sym_00ab1f70
.globl _sym_00bd7654
_sym_00bd7654:
.byte 0x22, 0x05, 0x93, 0x19, 0x01, 0x00, 0x00, 0x00
.long _sym_00bd764c
.byte 0x00, 0x00, 0x00, 0x00, 0x00, 0x00, 0x00, 0x00, 0x00, 0x00, 0x00, 0x00, 0x00, 0x00, 0x00, 0x00
.byte 0x00, 0x00, 0x00, 0x00, 0x01, 0x00, 0x00, 0x00
.globl _sym_00bd7678
_sym_00bd7678:
.byte 0xff, 0xff, 0xff, 0xff
.long _sym_00ab1dc0
.byte 0xff, 0xff, 0xff, 0xff, 0x00, 0x00, 0x00, 0x00, 0xff, 0xff, 0xff, 0xff, 0x00, 0x00, 0x00, 0x00
.byte 0xff, 0xff, 0xff, 0xff, 0x00, 0x00, 0x00, 0x00
.globl _sym_00bd7698
_sym_00bd7698:
.byte 0x22, 0x05, 0x93, 0x19, 0x04, 0x00, 0x00, 0x00
.long _sym_00bd7678
.byte 0x00, 0x00, 0x00, 0x00, 0x00, 0x00, 0x00, 0x00, 0x00, 0x00, 0x00, 0x00, 0x00, 0x00, 0x00, 0x00
.byte 0x00, 0x00, 0x00, 0x00, 0x01, 0x00, 0x00, 0x00
.globl _sym_00bd76bc
_sym_00bd76bc:
.byte 0xff, 0xff, 0xff, 0xff
.long _sym_00ab1e50
.byte 0xff, 0xff, 0xff, 0xff, 0x00, 0x00, 0x00, 0x00, 0xff, 0xff, 0xff, 0xff, 0x00, 0x00, 0x00, 0x00
.byte 0xff, 0xff, 0xff, 0xff, 0x00, 0x00, 0x00, 0x00
.globl _sym_00bd76dc
_sym_00bd76dc:
.byte 0x22, 0x05, 0x93, 0x19, 0x04, 0x00, 0x00, 0x00
.long _sym_00bd76bc
.byte 0x00, 0x00, 0x00, 0x00, 0x00, 0x00, 0x00, 0x00, 0x00, 0x00, 0x00, 0x00, 0x00, 0x00, 0x00, 0x00
.byte 0x00, 0x00, 0x00, 0x00, 0x01, 0x00, 0x00, 0x00
.globl _sym_00bd7700
_sym_00bd7700:
.byte 0xff, 0xff, 0xff, 0xff
.long _sym_00ab1ee0
.byte 0xff, 0xff, 0xff, 0xff, 0x00, 0x00, 0x00, 0x00, 0xff, 0xff, 0xff, 0xff, 0x00, 0x00, 0x00, 0x00
.byte 0xff, 0xff, 0xff, 0xff, 0x00, 0x00, 0x00, 0x00
.globl _sym_00bd7720
_sym_00bd7720:
.byte 0x22, 0x05, 0x93, 0x19, 0x04, 0x00, 0x00, 0x00
.long _sym_00bd7700
.byte 0x00, 0x00, 0x00, 0x00, 0x00, 0x00, 0x00, 0x00, 0x00, 0x00, 0x00, 0x00, 0x00, 0x00, 0x00, 0x00
.byte 0x00, 0x00, 0x00, 0x00, 0x01, 0x00, 0x00, 0x00
.globl _sym_00bd7744
_sym_00bd7744:
.byte 0xff, 0xff, 0xff, 0xff
.long _sym_00ab1eb0
.byte 0xff, 0xff, 0xff, 0xff, 0x00, 0x00, 0x00, 0x00, 0xff, 0xff, 0xff, 0xff, 0x00, 0x00, 0x00, 0x00
.byte 0xff, 0xff, 0xff, 0xff, 0x00, 0x00, 0x00, 0x00
.globl _sym_00bd7764
_sym_00bd7764:
.byte 0x22, 0x05, 0x93, 0x19, 0x04, 0x00, 0x00, 0x00
.long _sym_00bd7744
.byte 0x00, 0x00, 0x00, 0x00, 0x00, 0x00, 0x00, 0x00, 0x00, 0x00, 0x00, 0x00, 0x00, 0x00, 0x00, 0x00
.byte 0x00, 0x00, 0x00, 0x00, 0x01, 0x00, 0x00, 0x00
.globl _sym_00bd7788
_sym_00bd7788:
.byte 0xff, 0xff, 0xff, 0xff
.long _sym_00ab1f40
.byte 0xff, 0xff, 0xff, 0xff, 0x00, 0x00, 0x00, 0x00, 0xff, 0xff, 0xff, 0xff, 0x00, 0x00, 0x00, 0x00
.byte 0xff, 0xff, 0xff, 0xff, 0x00, 0x00, 0x00, 0x00
.globl _sym_00bd77a8
_sym_00bd77a8:
.byte 0x22, 0x05, 0x93, 0x19, 0x04, 0x00, 0x00, 0x00
.long _sym_00bd7788
.byte 0x00, 0x00, 0x00, 0x00, 0x00, 0x00, 0x00, 0x00, 0x00, 0x00, 0x00, 0x00, 0x00, 0x00, 0x00, 0x00
.byte 0x00, 0x00, 0x00, 0x00, 0x01, 0x00, 0x00, 0x00
.globl _sym_00bd77cc
_sym_00bd77cc:
.byte 0xff, 0xff, 0xff, 0xff
.long _sym_00ab1e80
.byte 0xff, 0xff, 0xff, 0xff, 0x00, 0x00, 0x00, 0x00, 0xff, 0xff, 0xff, 0xff, 0x00, 0x00, 0x00, 0x00
.byte 0xff, 0xff, 0xff, 0xff, 0x00, 0x00, 0x00, 0x00
.globl _sym_00bd77ec
_sym_00bd77ec:
.byte 0x22, 0x05, 0x93, 0x19, 0x04, 0x00, 0x00, 0x00
.long _sym_00bd77cc
.byte 0x00, 0x00, 0x00, 0x00, 0x00, 0x00, 0x00, 0x00, 0x00, 0x00, 0x00, 0x00, 0x00, 0x00, 0x00, 0x00
.byte 0x00, 0x00, 0x00, 0x00, 0x01, 0x00, 0x00, 0x00
.globl _sym_00bd7810
_sym_00bd7810:
.byte 0xff, 0xff, 0xff, 0xff
.long _sym_00ab1f10
.byte 0xff, 0xff, 0xff, 0xff, 0x00, 0x00, 0x00, 0x00, 0xff, 0xff, 0xff, 0xff, 0x00, 0x00, 0x00, 0x00
.byte 0xff, 0xff, 0xff, 0xff, 0x00, 0x00, 0x00, 0x00
.globl _sym_00bd7830
_sym_00bd7830:
.byte 0x22, 0x05, 0x93, 0x19, 0x04, 0x00, 0x00, 0x00
.long _sym_00bd7810
.byte 0x00, 0x00, 0x00, 0x00, 0x00, 0x00, 0x00, 0x00, 0x00, 0x00, 0x00, 0x00, 0x00, 0x00, 0x00, 0x00
.byte 0x00, 0x00, 0x00, 0x00, 0x01, 0x00, 0x00, 0x00
.globl _sym_00bd7854
_sym_00bd7854:
.byte 0xff, 0xff, 0xff, 0xff
.long _sym_00ab21c0
.byte 0xff, 0xff, 0xff, 0xff, 0x00, 0x00, 0x00, 0x00, 0xff, 0xff, 0xff, 0xff, 0x00, 0x00, 0x00, 0x00
.byte 0xff, 0xff, 0xff, 0xff, 0x00, 0x00, 0x00, 0x00
.globl _sym_00bd7874
_sym_00bd7874:
.byte 0x22, 0x05, 0x93, 0x19, 0x04, 0x00, 0x00, 0x00
.long _sym_00bd7854
.byte 0x00, 0x00, 0x00, 0x00, 0x00, 0x00, 0x00, 0x00, 0x00, 0x00, 0x00, 0x00, 0x00, 0x00, 0x00, 0x00
.byte 0x00, 0x00, 0x00, 0x00, 0x01, 0x00, 0x00, 0x00
.globl _sym_00bd7898
_sym_00bd7898:
.byte 0xff, 0xff, 0xff, 0xff
.long _sym_00ab2280
.byte 0xff, 0xff, 0xff, 0xff, 0x00, 0x00, 0x00, 0x00, 0xff, 0xff, 0xff, 0xff, 0x00, 0x00, 0x00, 0x00
.byte 0xff, 0xff, 0xff, 0xff, 0x00, 0x00, 0x00, 0x00
.globl _sym_00bd78b8
_sym_00bd78b8:
.byte 0x22, 0x05, 0x93, 0x19, 0x04, 0x00, 0x00, 0x00
.long _sym_00bd7898
.byte 0x00, 0x00, 0x00, 0x00, 0x00, 0x00, 0x00, 0x00, 0x00, 0x00, 0x00, 0x00, 0x00, 0x00, 0x00, 0x00
.byte 0x00, 0x00, 0x00, 0x00, 0x01, 0x00, 0x00, 0x00
.globl _sym_00bd78dc
_sym_00bd78dc:
.byte 0xff, 0xff, 0xff, 0xff
.long _sym_00ab1d60
.byte 0xff, 0xff, 0xff, 0xff, 0x00, 0x00, 0x00, 0x00, 0xff, 0xff, 0xff, 0xff, 0x00, 0x00, 0x00, 0x00
.byte 0xff, 0xff, 0xff, 0xff, 0x00, 0x00, 0x00, 0x00
.globl _sym_00bd78fc
_sym_00bd78fc:
.byte 0x22, 0x05, 0x93, 0x19, 0x04, 0x00, 0x00, 0x00
.long _sym_00bd78dc
.byte 0x00, 0x00, 0x00, 0x00, 0x00, 0x00, 0x00, 0x00, 0x00, 0x00, 0x00, 0x00, 0x00, 0x00, 0x00, 0x00
.byte 0x00, 0x00, 0x00, 0x00, 0x01, 0x00, 0x00, 0x00
.globl _sym_00bd7920
_sym_00bd7920:
.byte 0xff, 0xff, 0xff, 0xff
.long _sym_00ab1df0
.byte 0xff, 0xff, 0xff, 0xff, 0x00, 0x00, 0x00, 0x00, 0xff, 0xff, 0xff, 0xff, 0x00, 0x00, 0x00, 0x00
.byte 0xff, 0xff, 0xff, 0xff, 0x00, 0x00, 0x00, 0x00
.globl _sym_00bd7940
_sym_00bd7940:
.byte 0x22, 0x05, 0x93, 0x19, 0x04, 0x00, 0x00, 0x00
.long _sym_00bd7920
.byte 0x00, 0x00, 0x00, 0x00, 0x00, 0x00, 0x00, 0x00, 0x00, 0x00, 0x00, 0x00, 0x00, 0x00, 0x00, 0x00
.byte 0x00, 0x00, 0x00, 0x00, 0x01, 0x00, 0x00, 0x00
.globl _sym_00bd7964
_sym_00bd7964:
.byte 0xff, 0xff, 0xff, 0xff
.long _sym_00ab21f0
.byte 0xff, 0xff, 0xff, 0xff, 0x00, 0x00, 0x00, 0x00, 0xff, 0xff, 0xff, 0xff, 0x00, 0x00, 0x00, 0x00
.byte 0xff, 0xff, 0xff, 0xff, 0x00, 0x00, 0x00, 0x00
.globl _sym_00bd7984
_sym_00bd7984:
.byte 0x22, 0x05, 0x93, 0x19, 0x04, 0x00, 0x00, 0x00
.long _sym_00bd7964
.byte 0x00, 0x00, 0x00, 0x00, 0x00, 0x00, 0x00, 0x00, 0x00, 0x00, 0x00, 0x00, 0x00, 0x00, 0x00, 0x00
.byte 0x00, 0x00, 0x00, 0x00, 0x01, 0x00, 0x00, 0x00
.globl _sym_00bd79a8
_sym_00bd79a8:
.byte 0xff, 0xff, 0xff, 0xff
.long _sym_00ab2320
.byte 0xff, 0xff, 0xff, 0xff, 0x00, 0x00, 0x00, 0x00, 0xff, 0xff, 0xff, 0xff, 0x00, 0x00, 0x00, 0x00
.byte 0xff, 0xff, 0xff, 0xff, 0x00, 0x00, 0x00, 0x00
.globl _sym_00bd79c8
_sym_00bd79c8:
.byte 0x22, 0x05, 0x93, 0x19, 0x04, 0x00, 0x00, 0x00
.long _sym_00bd79a8
.byte 0x00, 0x00, 0x00, 0x00, 0x00, 0x00, 0x00, 0x00, 0x00, 0x00, 0x00, 0x00, 0x00, 0x00, 0x00, 0x00
.byte 0x00, 0x00, 0x00, 0x00, 0x01, 0x00, 0x00, 0x00
.globl _sym_00bd79ec
_sym_00bd79ec:
.byte 0xff, 0xff, 0xff, 0xff
.long _sym_00ab2350
.byte 0xff, 0xff, 0xff, 0xff, 0x00, 0x00, 0x00, 0x00, 0xff, 0xff, 0xff, 0xff, 0x00, 0x00, 0x00, 0x00
.byte 0xff, 0xff, 0xff, 0xff, 0x00, 0x00, 0x00, 0x00
.globl _sym_00bd7a0c
_sym_00bd7a0c:
.byte 0x22, 0x05, 0x93, 0x19, 0x04, 0x00, 0x00, 0x00
.long _sym_00bd79ec
.byte 0x00, 0x00, 0x00, 0x00, 0x00, 0x00, 0x00, 0x00, 0x00, 0x00, 0x00, 0x00, 0x00, 0x00, 0x00, 0x00
.byte 0x00, 0x00, 0x00, 0x00, 0x01, 0x00, 0x00, 0x00
.globl _sym_00bd7a30
_sym_00bd7a30:
.byte 0xff, 0xff, 0xff, 0xff
.long _sym_00ab1d90
.byte 0xff, 0xff, 0xff, 0xff, 0x00, 0x00, 0x00, 0x00, 0xff, 0xff, 0xff, 0xff, 0x00, 0x00, 0x00, 0x00
.byte 0xff, 0xff, 0xff, 0xff, 0x00, 0x00, 0x00, 0x00
.globl _sym_00bd7a50
_sym_00bd7a50:
.byte 0x22, 0x05, 0x93, 0x19, 0x04, 0x00, 0x00, 0x00
.long _sym_00bd7a30
.byte 0x00, 0x00, 0x00, 0x00, 0x00, 0x00, 0x00, 0x00, 0x00, 0x00, 0x00, 0x00, 0x00, 0x00, 0x00, 0x00
.byte 0x00, 0x00, 0x00, 0x00, 0x01, 0x00, 0x00, 0x00
.globl _sym_00bd7a74
_sym_00bd7a74:
.byte 0xff, 0xff, 0xff, 0xff
.long _sym_00ab22b0
.byte 0xff, 0xff, 0xff, 0xff, 0x00, 0x00, 0x00, 0x00, 0xff, 0xff, 0xff, 0xff, 0x00, 0x00, 0x00, 0x00
.byte 0xff, 0xff, 0xff, 0xff, 0x00, 0x00, 0x00, 0x00
.globl _sym_00bd7a94
_sym_00bd7a94:
.byte 0x22, 0x05, 0x93, 0x19, 0x04, 0x00, 0x00, 0x00
.long _sym_00bd7a74
.byte 0x00, 0x00, 0x00, 0x00, 0x00, 0x00, 0x00, 0x00, 0x00, 0x00, 0x00, 0x00, 0x00, 0x00, 0x00, 0x00
.byte 0x00, 0x00, 0x00, 0x00, 0x01, 0x00, 0x00, 0x00
.globl _sym_00bd7ab8
_sym_00bd7ab8:
.byte 0xff, 0xff, 0xff, 0xff
.long _sym_00ab2250
.byte 0xff, 0xff, 0xff, 0xff, 0x00, 0x00, 0x00, 0x00, 0xff, 0xff, 0xff, 0xff, 0x00, 0x00, 0x00, 0x00
.byte 0xff, 0xff, 0xff, 0xff, 0x00, 0x00, 0x00, 0x00
.globl _sym_00bd7ad8
_sym_00bd7ad8:
.byte 0x22, 0x05, 0x93, 0x19, 0x04, 0x00, 0x00, 0x00
.long _sym_00bd7ab8
.byte 0x00, 0x00, 0x00, 0x00, 0x00, 0x00, 0x00, 0x00, 0x00, 0x00, 0x00, 0x00, 0x00, 0x00, 0x00, 0x00
.byte 0x00, 0x00, 0x00, 0x00, 0x01, 0x00, 0x00, 0x00
.globl _sym_00bd7afc
_sym_00bd7afc:
.byte 0x22, 0x05, 0x93, 0x19, 0x16, 0x00, 0x00, 0x00
.long _sym_00bd7b20
.byte 0x00, 0x00, 0x00, 0x00, 0x00, 0x00, 0x00, 0x00, 0x00, 0x00, 0x00, 0x00, 0x00, 0x00, 0x00, 0x00
.byte 0x00, 0x00, 0x00, 0x00, 0x01, 0x00, 0x00, 0x00
.globl _sym_00bd7b20
_sym_00bd7b20:
.byte 0xff, 0xff, 0xff, 0xff
.long _sym_00ab2440
.byte 0xff, 0xff, 0xff, 0xff
.long _sym_00ab244e
.byte 0xff, 0xff, 0xff, 0xff
.long _sym_00ab245c
.byte 0xff, 0xff, 0xff, 0xff
.long _sym_00ab246a
.byte 0xff, 0xff, 0xff, 0xff
.long _sym_00ab2478
.byte 0xff, 0xff, 0xff, 0xff
.long _sym_00ab2486
.byte 0xff, 0xff, 0xff, 0xff
.long _sym_00ab2494
.byte 0xff, 0xff, 0xff, 0xff
.long _sym_00ab24a2
.byte 0xff, 0xff, 0xff, 0xff
.long _sym_00ab24b2
.byte 0xff, 0xff, 0xff, 0xff
.long _sym_00ab24c2
.byte 0xff, 0xff, 0xff, 0xff
.long _sym_00ab24d2
.byte 0xff, 0xff, 0xff, 0xff
.long _sym_00ab24e2
.byte 0xff, 0xff, 0xff, 0xff
.long _sym_00ab24f2
.byte 0xff, 0xff, 0xff, 0xff
.long _sym_00ab2502
.byte 0xff, 0xff, 0xff, 0xff
.long _sym_00ab2512
.byte 0xff, 0xff, 0xff, 0xff
.long _sym_00ab2522
.byte 0xff, 0xff, 0xff, 0xff
.long _sym_00ab2532
.byte 0xff, 0xff, 0xff, 0xff
.long _sym_00ab2542
.byte 0xff, 0xff, 0xff, 0xff
.long _sym_00ab2552
.byte 0xff, 0xff, 0xff, 0xff
.long _sym_00ab2562
.byte 0xff, 0xff, 0xff, 0xff
.long _sym_00ab2572
.byte 0xff, 0xff, 0xff, 0xff
.long _sym_00ab2582
.globl _sym_00bd7bd0
_sym_00bd7bd0:
.byte 0xff, 0xff, 0xff, 0xff
.long _sym_00ab23b0
.globl _sym_00bd7bd8
_sym_00bd7bd8:
.byte 0x22, 0x05, 0x93, 0x19, 0x01, 0x00, 0x00, 0x00
.long _sym_00bd7bd0
.byte 0x00, 0x00, 0x00, 0x00, 0x00, 0x00, 0x00, 0x00, 0x00, 0x00, 0x00, 0x00, 0x00, 0x00, 0x00, 0x00
.byte 0x00, 0x00, 0x00, 0x00, 0x01, 0x00, 0x00, 0x00
.globl _sym_00bd7bfc
_sym_00bd7bfc:
.byte 0xff, 0xff, 0xff, 0xff
.long _sym_00ab2380
.globl _sym_00bd7c04
_sym_00bd7c04:
.byte 0x22, 0x05, 0x93, 0x19, 0x01, 0x00, 0x00, 0x00
.long _sym_00bd7bfc
.byte 0x00, 0x00, 0x00, 0x00, 0x00, 0x00, 0x00, 0x00, 0x00, 0x00, 0x00, 0x00, 0x00, 0x00, 0x00, 0x00
.byte 0x00, 0x00, 0x00, 0x00, 0x01, 0x00, 0x00, 0x00
.globl _sym_00bd7c28
_sym_00bd7c28:
.byte 0xff, 0xff, 0xff, 0xff
.long _sym_00ab25b0
.globl _sym_00bd7c30
_sym_00bd7c30:
.byte 0x22, 0x05, 0x93, 0x19, 0x01, 0x00, 0x00, 0x00
.long _sym_00bd7c28
.byte 0x00, 0x00, 0x00, 0x00, 0x00, 0x00, 0x00, 0x00, 0x00, 0x00, 0x00, 0x00, 0x00, 0x00, 0x00, 0x00
.byte 0x00, 0x00, 0x00, 0x00, 0x01, 0x00, 0x00, 0x00
.globl _sym_00bd7c54
_sym_00bd7c54:
.byte 0xff, 0xff, 0xff, 0xff
.long _sym_00ab2410
.globl _sym_00bd7c5c
_sym_00bd7c5c:
.byte 0x22, 0x05, 0x93, 0x19, 0x01, 0x00, 0x00, 0x00
.long _sym_00bd7c54
.byte 0x00, 0x00, 0x00, 0x00, 0x00, 0x00, 0x00, 0x00, 0x00, 0x00, 0x00, 0x00, 0x00, 0x00, 0x00, 0x00
.byte 0x00, 0x00, 0x00, 0x00, 0x01, 0x00, 0x00, 0x00
.globl _sym_00bd7c80
_sym_00bd7c80:
.byte 0xff, 0xff, 0xff, 0xff
.long _sym_00ab23e0
.globl _sym_00bd7c88
_sym_00bd7c88:
.byte 0x22, 0x05, 0x93, 0x19, 0x01, 0x00, 0x00, 0x00
.long _sym_00bd7c80
.byte 0x00, 0x00, 0x00, 0x00, 0x00, 0x00, 0x00, 0x00, 0x00, 0x00, 0x00, 0x00, 0x00, 0x00, 0x00, 0x00
.byte 0x00, 0x00, 0x00, 0x00, 0x01, 0x00, 0x00, 0x00
.globl _sym_00bd7cac
_sym_00bd7cac:
.byte 0xff, 0xff, 0xff, 0xff
.long _sym_00ab2610
.globl _sym_00bd7cb4
_sym_00bd7cb4:
.byte 0x22, 0x05, 0x93, 0x19, 0x01, 0x00, 0x00, 0x00
.long _sym_00bd7cac
.byte 0x00, 0x00, 0x00, 0x00, 0x00, 0x00, 0x00, 0x00, 0x00, 0x00, 0x00, 0x00, 0x00, 0x00, 0x00, 0x00
.byte 0x00, 0x00, 0x00, 0x00, 0x01, 0x00, 0x00, 0x00
.globl _sym_00bd7cd8
_sym_00bd7cd8:
.byte 0xff, 0xff, 0xff, 0xff
.long _sym_00ab25e0
.globl _sym_00bd7ce0
_sym_00bd7ce0:
.byte 0x22, 0x05, 0x93, 0x19, 0x01, 0x00, 0x00, 0x00
.long _sym_00bd7cd8
.byte 0x00, 0x00, 0x00, 0x00, 0x00, 0x00, 0x00, 0x00, 0x00, 0x00, 0x00, 0x00, 0x00, 0x00, 0x00, 0x00
.byte 0x00, 0x00, 0x00, 0x00, 0x01, 0x00, 0x00, 0x00
.globl _sym_00bd7d04
_sym_00bd7d04:
.byte 0xff, 0xff, 0xff, 0xff
.long _sym_00ab2640
.globl _sym_00bd7d0c
_sym_00bd7d0c:
.byte 0x22, 0x05, 0x93, 0x19, 0x01, 0x00, 0x00, 0x00
.long _sym_00bd7d04
.byte 0x00, 0x00, 0x00, 0x00, 0x00, 0x00, 0x00, 0x00, 0x00, 0x00, 0x00, 0x00, 0x00, 0x00, 0x00, 0x00
.byte 0x00, 0x00, 0x00, 0x00, 0x01, 0x00, 0x00, 0x00
.globl _sym_00bd7d30
_sym_00bd7d30:
.byte 0xff, 0xff, 0xff, 0xff
.long _sym_00ab2670
.globl _sym_00bd7d38
_sym_00bd7d38:
.byte 0x22, 0x05, 0x93, 0x19, 0x01, 0x00, 0x00, 0x00
.long _sym_00bd7d30
.byte 0x00, 0x00, 0x00, 0x00, 0x00, 0x00, 0x00, 0x00, 0x00, 0x00, 0x00, 0x00, 0x00, 0x00, 0x00, 0x00
.byte 0x00, 0x00, 0x00, 0x00, 0x01, 0x00, 0x00, 0x00
.globl _sym_00bd7d5c
_sym_00bd7d5c:
.byte 0x22, 0x05, 0x93, 0x19, 0x06, 0x00, 0x00, 0x00
.long _sym_00bd7d80
.byte 0x00, 0x00, 0x00, 0x00, 0x00, 0x00, 0x00, 0x00, 0x00, 0x00, 0x00, 0x00, 0x00, 0x00, 0x00, 0x00
.byte 0x00, 0x00, 0x00, 0x00, 0x01, 0x00, 0x00, 0x00
.globl _sym_00bd7d80
_sym_00bd7d80:
.byte 0xff, 0xff, 0xff, 0xff
.long _sym_00ab2700
.byte 0xff, 0xff, 0xff, 0xff
.long _sym_00ab270e
.byte 0xff, 0xff, 0xff, 0xff
.long _sym_00ab271c
.byte 0xff, 0xff, 0xff, 0xff
.long _sym_00ab272a
.byte 0xff, 0xff, 0xff, 0xff
.long _sym_00ab2738
.byte 0xff, 0xff, 0xff, 0xff
.long _sym_00ab2746
.globl _sym_00bd7db0
_sym_00bd7db0:
.byte 0xff, 0xff, 0xff, 0xff
.long _sym_00ab26a0
.globl _sym_00bd7db8
_sym_00bd7db8:
.byte 0x22, 0x05, 0x93, 0x19, 0x01, 0x00, 0x00, 0x00
.long _sym_00bd7db0
.byte 0x00, 0x00, 0x00, 0x00, 0x00, 0x00, 0x00, 0x00, 0x00, 0x00, 0x00, 0x00, 0x00, 0x00, 0x00, 0x00
.byte 0x00, 0x00, 0x00, 0x00, 0x01, 0x00, 0x00, 0x00
.globl _sym_00bd7ddc
_sym_00bd7ddc:
.byte 0xff, 0xff, 0xff, 0xff
.long _sym_00ab26d0
.globl _sym_00bd7de4
_sym_00bd7de4:
.byte 0x22, 0x05, 0x93, 0x19, 0x01, 0x00, 0x00, 0x00
.long _sym_00bd7ddc
.byte 0x00, 0x00, 0x00, 0x00, 0x00, 0x00, 0x00, 0x00, 0x00, 0x00, 0x00, 0x00, 0x00, 0x00, 0x00, 0x00
.byte 0x00, 0x00, 0x00, 0x00, 0x01, 0x00, 0x00, 0x00
.globl _sym_00bd7e08
_sym_00bd7e08:
.byte 0xff, 0xff, 0xff, 0xff
.long _sym_00ab2890
.byte 0xff, 0xff, 0xff, 0xff
.long _sym_00ab289e
.globl _sym_00bd7e18
_sym_00bd7e18:
.byte 0x22, 0x05, 0x93, 0x19, 0x02, 0x00, 0x00, 0x00
.long _sym_00bd7e08
.byte 0x00, 0x00, 0x00, 0x00, 0x00, 0x00, 0x00, 0x00, 0x00, 0x00, 0x00, 0x00, 0x00, 0x00, 0x00, 0x00
.byte 0x00, 0x00, 0x00, 0x00, 0x01, 0x00, 0x00, 0x00
.globl _sym_00bd7e3c
_sym_00bd7e3c:
.byte 0xff, 0xff, 0xff, 0xff
.long _sym_00ab27a0
.globl _sym_00bd7e44
_sym_00bd7e44:
.byte 0x22, 0x05, 0x93, 0x19, 0x01, 0x00, 0x00, 0x00
.long _sym_00bd7e3c
.byte 0x00, 0x00, 0x00, 0x00, 0x00, 0x00, 0x00, 0x00, 0x00, 0x00, 0x00, 0x00, 0x00, 0x00, 0x00, 0x00
.byte 0x00, 0x00, 0x00, 0x00, 0x01, 0x00, 0x00, 0x00
.globl _sym_00bd7e68
_sym_00bd7e68:
.byte 0xff, 0xff, 0xff, 0xff
.long _sym_00ab2900
.globl _sym_00bd7e70
_sym_00bd7e70:
.byte 0x22, 0x05, 0x93, 0x19, 0x01, 0x00, 0x00, 0x00
.long _sym_00bd7e68
.byte 0x00, 0x00, 0x00, 0x00, 0x00, 0x00, 0x00, 0x00, 0x00, 0x00, 0x00, 0x00, 0x00, 0x00, 0x00, 0x00
.byte 0x00, 0x00, 0x00, 0x00, 0x01, 0x00, 0x00, 0x00
.globl _sym_00bd7e94
_sym_00bd7e94:
.byte 0xff, 0xff, 0xff, 0xff
.long _sym_00ab2960
.globl _sym_00bd7e9c
_sym_00bd7e9c:
.byte 0x22, 0x05, 0x93, 0x19, 0x01, 0x00, 0x00, 0x00
.long _sym_00bd7e94
.byte 0x00, 0x00, 0x00, 0x00, 0x00, 0x00, 0x00, 0x00, 0x00, 0x00, 0x00, 0x00, 0x00, 0x00, 0x00, 0x00
.byte 0x00, 0x00, 0x00, 0x00, 0x01, 0x00, 0x00, 0x00
.globl _sym_00bd7ec0
_sym_00bd7ec0:
.byte 0xff, 0xff, 0xff, 0xff
.long _sym_00ab2930
.globl _sym_00bd7ec8
_sym_00bd7ec8:
.byte 0x22, 0x05, 0x93, 0x19, 0x01, 0x00, 0x00, 0x00
.long _sym_00bd7ec0
.byte 0x00, 0x00, 0x00, 0x00, 0x00, 0x00, 0x00, 0x00, 0x00, 0x00, 0x00, 0x00, 0x00, 0x00, 0x00, 0x00
.byte 0x00, 0x00, 0x00, 0x00, 0x01, 0x00, 0x00, 0x00
.globl _sym_00bd7eec
_sym_00bd7eec:
.byte 0xff, 0xff, 0xff, 0xff
.long _sym_00ab2770
.globl _sym_00bd7ef4
_sym_00bd7ef4:
.byte 0x22, 0x05, 0x93, 0x19, 0x01, 0x00, 0x00, 0x00
.long _sym_00bd7eec
.byte 0x00, 0x00, 0x00, 0x00, 0x00, 0x00, 0x00, 0x00, 0x00, 0x00, 0x00, 0x00, 0x00, 0x00, 0x00, 0x00
.byte 0x00, 0x00, 0x00, 0x00, 0x01, 0x00, 0x00, 0x00
.globl _sym_00bd7f18
_sym_00bd7f18:
.byte 0xff, 0xff, 0xff, 0xff
.long _sym_00ab28d0
.globl _sym_00bd7f20
_sym_00bd7f20:
.byte 0x22, 0x05, 0x93, 0x19, 0x01, 0x00, 0x00, 0x00
.long _sym_00bd7f18
.byte 0x00, 0x00, 0x00, 0x00, 0x00, 0x00, 0x00, 0x00, 0x00, 0x00, 0x00, 0x00, 0x00, 0x00, 0x00, 0x00
.byte 0x00, 0x00, 0x00, 0x00, 0x01, 0x00, 0x00, 0x00
.globl _sym_00bd7f44
_sym_00bd7f44:
.byte 0xff, 0xff, 0xff, 0xff
.long _sym_00ab27d0
.globl _sym_00bd7f4c
_sym_00bd7f4c:
.byte 0x22, 0x05, 0x93, 0x19, 0x01, 0x00, 0x00, 0x00
.long _sym_00bd7f44
.byte 0x00, 0x00, 0x00, 0x00, 0x00, 0x00, 0x00, 0x00, 0x00, 0x00, 0x00, 0x00, 0x00, 0x00, 0x00, 0x00
.byte 0x00, 0x00, 0x00, 0x00, 0x01, 0x00, 0x00, 0x00
.globl _sym_00bd7f70
_sym_00bd7f70:
.byte 0xff, 0xff, 0xff, 0xff
.long _sym_00ab2800
.globl _sym_00bd7f78
_sym_00bd7f78:
.byte 0x22, 0x05, 0x93, 0x19, 0x01, 0x00, 0x00, 0x00
.long _sym_00bd7f70
.byte 0x00, 0x00, 0x00, 0x00, 0x00, 0x00, 0x00, 0x00, 0x00, 0x00, 0x00, 0x00, 0x00, 0x00, 0x00, 0x00
.byte 0x00, 0x00, 0x00, 0x00, 0x01, 0x00, 0x00, 0x00
.globl _sym_00bd7f9c
_sym_00bd7f9c:
.byte 0xff, 0xff, 0xff, 0xff
.long _sym_00ab2860
.globl _sym_00bd7fa4
_sym_00bd7fa4:
.byte 0x22, 0x05, 0x93, 0x19, 0x01, 0x00, 0x00, 0x00
.long _sym_00bd7f9c
.byte 0x00, 0x00, 0x00, 0x00, 0x00, 0x00, 0x00, 0x00, 0x00, 0x00, 0x00, 0x00, 0x00, 0x00, 0x00, 0x00
.byte 0x00, 0x00, 0x00, 0x00, 0x01, 0x00, 0x00, 0x00
.globl _sym_00bd7fc8
_sym_00bd7fc8:
.byte 0xff, 0xff, 0xff, 0xff
.long _sym_00ab2830
.globl _sym_00bd7fd0
_sym_00bd7fd0:
.byte 0x22, 0x05, 0x93, 0x19, 0x01, 0x00, 0x00, 0x00
.long _sym_00bd7fc8
.byte 0x00, 0x00, 0x00, 0x00, 0x00, 0x00, 0x00, 0x00, 0x00, 0x00, 0x00, 0x00, 0x00, 0x00, 0x00, 0x00
.byte 0x00, 0x00, 0x00, 0x00, 0x01, 0x00, 0x00, 0x00
.globl _sym_00bd7ff4
_sym_00bd7ff4:
.byte 0xff, 0xff, 0xff, 0xff
.long _sym_00ab2ab0
.byte 0xff, 0xff, 0xff, 0xff
.long _sym_00ab2abe
.byte 0xff, 0xff, 0xff, 0xff
.long _sym_00ab2acc
.globl _sym_00bd800c
_sym_00bd800c:
.byte 0x22, 0x05, 0x93, 0x19, 0x03, 0x00, 0x00, 0x00
.long _sym_00bd7ff4
.byte 0x00, 0x00, 0x00, 0x00, 0x00, 0x00, 0x00, 0x00, 0x00, 0x00, 0x00, 0x00, 0x00, 0x00, 0x00, 0x00
.byte 0x00, 0x00, 0x00, 0x00, 0x01, 0x00, 0x00, 0x00
.globl _sym_00bd8030
_sym_00bd8030:
.byte 0xff, 0xff, 0xff, 0xff
.long _sym_00ab29c0
.globl _sym_00bd8038
_sym_00bd8038:
.byte 0x22, 0x05, 0x93, 0x19, 0x01, 0x00, 0x00, 0x00
.long _sym_00bd8030
.byte 0x00, 0x00, 0x00, 0x00, 0x00, 0x00, 0x00, 0x00, 0x00, 0x00, 0x00, 0x00, 0x00, 0x00, 0x00, 0x00
.byte 0x00, 0x00, 0x00, 0x00, 0x01, 0x00, 0x00, 0x00
.globl _sym_00bd805c
_sym_00bd805c:
.byte 0xff, 0xff, 0xff, 0xff
.long _sym_00ab2b30
.globl _sym_00bd8064
_sym_00bd8064:
.byte 0x22, 0x05, 0x93, 0x19, 0x01, 0x00, 0x00, 0x00
.long _sym_00bd805c
.byte 0x00, 0x00, 0x00, 0x00, 0x00, 0x00, 0x00, 0x00, 0x00, 0x00, 0x00, 0x00, 0x00, 0x00, 0x00, 0x00
.byte 0x00, 0x00, 0x00, 0x00, 0x01, 0x00, 0x00, 0x00
.globl _sym_00bd8088
_sym_00bd8088:
.byte 0xff, 0xff, 0xff, 0xff
.long _sym_00ab2b90
.globl _sym_00bd8090
_sym_00bd8090:
.byte 0x22, 0x05, 0x93, 0x19, 0x01, 0x00, 0x00, 0x00
.long _sym_00bd8088
.byte 0x00, 0x00, 0x00, 0x00, 0x00, 0x00, 0x00, 0x00, 0x00, 0x00, 0x00, 0x00, 0x00, 0x00, 0x00, 0x00
.byte 0x00, 0x00, 0x00, 0x00, 0x01, 0x00, 0x00, 0x00
.globl _sym_00bd80b4
_sym_00bd80b4:
.byte 0xff, 0xff, 0xff, 0xff
.long _sym_00ab2b60
.globl _sym_00bd80bc
_sym_00bd80bc:
.byte 0x22, 0x05, 0x93, 0x19, 0x01, 0x00, 0x00, 0x00
.long _sym_00bd80b4
.byte 0x00, 0x00, 0x00, 0x00, 0x00, 0x00, 0x00, 0x00, 0x00, 0x00, 0x00, 0x00, 0x00, 0x00, 0x00, 0x00
.byte 0x00, 0x00, 0x00, 0x00, 0x01, 0x00, 0x00, 0x00
.globl _sym_00bd80e0
_sym_00bd80e0:
.byte 0xff, 0xff, 0xff, 0xff
.long _sym_00ab2990
.globl _sym_00bd80e8
_sym_00bd80e8:
.byte 0x22, 0x05, 0x93, 0x19, 0x01, 0x00, 0x00, 0x00
.long _sym_00bd80e0
.byte 0x00, 0x00, 0x00, 0x00, 0x00, 0x00, 0x00, 0x00, 0x00, 0x00, 0x00, 0x00, 0x00, 0x00, 0x00, 0x00
.byte 0x00, 0x00, 0x00, 0x00, 0x01, 0x00, 0x00, 0x00
.globl _sym_00bd810c
_sym_00bd810c:
.byte 0xff, 0xff, 0xff, 0xff
.long _sym_00ab2b00
.globl _sym_00bd8114
_sym_00bd8114:
.byte 0x22, 0x05, 0x93, 0x19, 0x01, 0x00, 0x00, 0x00
.long _sym_00bd810c
.byte 0x00, 0x00, 0x00, 0x00, 0x00, 0x00, 0x00, 0x00, 0x00, 0x00, 0x00, 0x00, 0x00, 0x00, 0x00, 0x00
.byte 0x00, 0x00, 0x00, 0x00, 0x01, 0x00, 0x00, 0x00
.globl _sym_00bd8138
_sym_00bd8138:
.byte 0xff, 0xff, 0xff, 0xff
.long _sym_00ab29f0
.globl _sym_00bd8140
_sym_00bd8140:
.byte 0x22, 0x05, 0x93, 0x19, 0x01, 0x00, 0x00, 0x00
.long _sym_00bd8138
.byte 0x00, 0x00, 0x00, 0x00, 0x00, 0x00, 0x00, 0x00, 0x00, 0x00, 0x00, 0x00, 0x00, 0x00, 0x00, 0x00
.byte 0x00, 0x00, 0x00, 0x00, 0x01, 0x00, 0x00, 0x00
.globl _sym_00bd8164
_sym_00bd8164:
.byte 0xff, 0xff, 0xff, 0xff
.long _sym_00ab2a20
.globl _sym_00bd816c
_sym_00bd816c:
.byte 0x22, 0x05, 0x93, 0x19, 0x01, 0x00, 0x00, 0x00
.long _sym_00bd8164
.byte 0x00, 0x00, 0x00, 0x00, 0x00, 0x00, 0x00, 0x00, 0x00, 0x00, 0x00, 0x00, 0x00, 0x00, 0x00, 0x00
.byte 0x00, 0x00, 0x00, 0x00, 0x01, 0x00, 0x00, 0x00
.globl _sym_00bd8190
_sym_00bd8190:
.byte 0xff, 0xff, 0xff, 0xff
.long _sym_00ab2a80
.globl _sym_00bd8198
_sym_00bd8198:
.byte 0x22, 0x05, 0x93, 0x19, 0x01, 0x00, 0x00, 0x00
.long _sym_00bd8190
.byte 0x00, 0x00, 0x00, 0x00, 0x00, 0x00, 0x00, 0x00, 0x00, 0x00, 0x00, 0x00, 0x00, 0x00, 0x00, 0x00
.byte 0x00, 0x00, 0x00, 0x00, 0x01, 0x00, 0x00, 0x00
.globl _sym_00bd81bc
_sym_00bd81bc:
.byte 0xff, 0xff, 0xff, 0xff
.long _sym_00ab2a50
.globl _sym_00bd81c4
_sym_00bd81c4:
.byte 0x22, 0x05, 0x93, 0x19, 0x01, 0x00, 0x00, 0x00
.long _sym_00bd81bc
.byte 0x00, 0x00, 0x00, 0x00, 0x00, 0x00, 0x00, 0x00, 0x00, 0x00, 0x00, 0x00, 0x00, 0x00, 0x00, 0x00
.byte 0x00, 0x00, 0x00, 0x00, 0x01, 0x00, 0x00, 0x00
.globl _sym_00bd81e8
_sym_00bd81e8:
.byte 0xff, 0xff, 0xff, 0xff
.long _sym_00ab2ce0
.globl _sym_00bd81f0
_sym_00bd81f0:
.byte 0x22, 0x05, 0x93, 0x19, 0x01, 0x00, 0x00, 0x00
.long _sym_00bd81e8
.byte 0x00, 0x00, 0x00, 0x00, 0x00, 0x00, 0x00, 0x00, 0x00, 0x00, 0x00, 0x00, 0x00, 0x00, 0x00, 0x00
.byte 0x00, 0x00, 0x00, 0x00, 0x01, 0x00, 0x00, 0x00
.globl _sym_00bd8214
_sym_00bd8214:
.byte 0xff, 0xff, 0xff, 0xff
.long _sym_00ab2bf0
.globl _sym_00bd821c
_sym_00bd821c:
.byte 0x22, 0x05, 0x93, 0x19, 0x01, 0x00, 0x00, 0x00
.long _sym_00bd8214
.byte 0x00, 0x00, 0x00, 0x00, 0x00, 0x00, 0x00, 0x00, 0x00, 0x00, 0x00, 0x00, 0x00, 0x00, 0x00, 0x00
.byte 0x00, 0x00, 0x00, 0x00, 0x01, 0x00, 0x00, 0x00
.globl _sym_00bd8240
_sym_00bd8240:
.byte 0xff, 0xff, 0xff, 0xff
.long _sym_00ab2d40
.globl _sym_00bd8248
_sym_00bd8248:
.byte 0x22, 0x05, 0x93, 0x19, 0x01, 0x00, 0x00, 0x00
.long _sym_00bd8240
.byte 0x00, 0x00, 0x00, 0x00, 0x00, 0x00, 0x00, 0x00, 0x00, 0x00, 0x00, 0x00, 0x00, 0x00, 0x00, 0x00
.byte 0x00, 0x00, 0x00, 0x00, 0x01, 0x00, 0x00, 0x00
.globl _sym_00bd826c
_sym_00bd826c:
.byte 0xff, 0xff, 0xff, 0xff
.long _sym_00ab2da0
.globl _sym_00bd8274
_sym_00bd8274:
.byte 0x22, 0x05, 0x93, 0x19, 0x01, 0x00, 0x00, 0x00
.long _sym_00bd826c
.byte 0x00, 0x00, 0x00, 0x00, 0x00, 0x00, 0x00, 0x00, 0x00, 0x00, 0x00, 0x00, 0x00, 0x00, 0x00, 0x00
.byte 0x00, 0x00, 0x00, 0x00, 0x01, 0x00, 0x00, 0x00
.globl _sym_00bd8298
_sym_00bd8298:
.byte 0xff, 0xff, 0xff, 0xff
.long _sym_00ab2dd0
.globl _sym_00bd82a0
_sym_00bd82a0:
.byte 0x22, 0x05, 0x93, 0x19, 0x01, 0x00, 0x00, 0x00
.long _sym_00bd8298
.byte 0x00, 0x00, 0x00, 0x00, 0x00, 0x00, 0x00, 0x00, 0x00, 0x00, 0x00, 0x00, 0x00, 0x00, 0x00, 0x00
.byte 0x00, 0x00, 0x00, 0x00, 0x01, 0x00, 0x00, 0x00
.globl _sym_00bd82c4
_sym_00bd82c4:
.byte 0xff, 0xff, 0xff, 0xff
.long _sym_00ab2d70
.globl _sym_00bd82cc
_sym_00bd82cc:
.byte 0x22, 0x05, 0x93, 0x19, 0x01, 0x00, 0x00, 0x00
.long _sym_00bd82c4
.byte 0x00, 0x00, 0x00, 0x00, 0x00, 0x00, 0x00, 0x00, 0x00, 0x00, 0x00, 0x00, 0x00, 0x00, 0x00, 0x00
.byte 0x00, 0x00, 0x00, 0x00, 0x01, 0x00, 0x00, 0x00
.globl _sym_00bd82f0
_sym_00bd82f0:
.byte 0xff, 0xff, 0xff, 0xff
.long _sym_00ab2bc0
.globl _sym_00bd82f8
_sym_00bd82f8:
.byte 0x22, 0x05, 0x93, 0x19, 0x01, 0x00, 0x00, 0x00
.long _sym_00bd82f0
.byte 0x00, 0x00, 0x00, 0x00, 0x00, 0x00, 0x00, 0x00, 0x00, 0x00, 0x00, 0x00, 0x00, 0x00, 0x00, 0x00
.byte 0x00, 0x00, 0x00, 0x00, 0x01, 0x00, 0x00, 0x00
.globl _sym_00bd831c
_sym_00bd831c:
.byte 0xff, 0xff, 0xff, 0xff
.long _sym_00ab2d10
.globl _sym_00bd8324
_sym_00bd8324:
.byte 0x22, 0x05, 0x93, 0x19, 0x01, 0x00, 0x00, 0x00
.long _sym_00bd831c
.byte 0x00, 0x00, 0x00, 0x00, 0x00, 0x00, 0x00, 0x00, 0x00, 0x00, 0x00, 0x00, 0x00, 0x00, 0x00, 0x00
.byte 0x00, 0x00, 0x00, 0x00, 0x01, 0x00, 0x00, 0x00
.globl _sym_00bd8348
_sym_00bd8348:
.byte 0xff, 0xff, 0xff, 0xff
.long _sym_00ab2c20
.globl _sym_00bd8350
_sym_00bd8350:
.byte 0x22, 0x05, 0x93, 0x19, 0x01, 0x00, 0x00, 0x00
.long _sym_00bd8348
.byte 0x00, 0x00, 0x00, 0x00, 0x00, 0x00, 0x00, 0x00, 0x00, 0x00, 0x00, 0x00, 0x00, 0x00, 0x00, 0x00
.byte 0x00, 0x00, 0x00, 0x00, 0x01, 0x00, 0x00, 0x00
.globl _sym_00bd8374
_sym_00bd8374:
.byte 0xff, 0xff, 0xff, 0xff
.long _sym_00ab2c50
.globl _sym_00bd837c
_sym_00bd837c:
.byte 0x22, 0x05, 0x93, 0x19, 0x01, 0x00, 0x00, 0x00
.long _sym_00bd8374
.byte 0x00, 0x00, 0x00, 0x00, 0x00, 0x00, 0x00, 0x00, 0x00, 0x00, 0x00, 0x00, 0x00, 0x00, 0x00, 0x00
.byte 0x00, 0x00, 0x00, 0x00, 0x01, 0x00, 0x00, 0x00
.globl _sym_00bd83a0
_sym_00bd83a0:
.byte 0xff, 0xff, 0xff, 0xff
.long _sym_00ab2cb0
.globl _sym_00bd83a8
_sym_00bd83a8:
.byte 0x22, 0x05, 0x93, 0x19, 0x01, 0x00, 0x00, 0x00
.long _sym_00bd83a0
.byte 0x00, 0x00, 0x00, 0x00, 0x00, 0x00, 0x00, 0x00, 0x00, 0x00, 0x00, 0x00, 0x00, 0x00, 0x00, 0x00
.byte 0x00, 0x00, 0x00, 0x00, 0x01, 0x00, 0x00, 0x00
.globl _sym_00bd83cc
_sym_00bd83cc:
.byte 0xff, 0xff, 0xff, 0xff
.long _sym_00ab2c80
.globl _sym_00bd83d4
_sym_00bd83d4:
.byte 0x22, 0x05, 0x93, 0x19, 0x01, 0x00, 0x00, 0x00
.long _sym_00bd83cc
.byte 0x00, 0x00, 0x00, 0x00, 0x00, 0x00, 0x00, 0x00, 0x00, 0x00, 0x00, 0x00, 0x00, 0x00, 0x00, 0x00
.byte 0x00, 0x00, 0x00, 0x00, 0x01, 0x00, 0x00, 0x00
.globl _sym_00bd83f8
_sym_00bd83f8:
.byte 0xff, 0xff, 0xff, 0xff
.long _sym_00ab2ec0
.byte 0xff, 0xff, 0xff, 0xff
.long _sym_00ab2ece
.globl _sym_00bd8408
_sym_00bd8408:
.byte 0x22, 0x05, 0x93, 0x19, 0x02, 0x00, 0x00, 0x00
.long _sym_00bd83f8
.byte 0x00, 0x00, 0x00, 0x00, 0x00, 0x00, 0x00, 0x00, 0x00, 0x00, 0x00, 0x00, 0x00, 0x00, 0x00, 0x00
.byte 0x00, 0x00, 0x00, 0x00, 0x01, 0x00, 0x00, 0x00
.globl _sym_00bd842c
_sym_00bd842c:
.byte 0xff, 0xff, 0xff, 0xff
.long _sym_00ab2e30
.globl _sym_00bd8434
_sym_00bd8434:
.byte 0x22, 0x05, 0x93, 0x19, 0x01, 0x00, 0x00, 0x00
.long _sym_00bd842c
.byte 0x00, 0x00, 0x00, 0x00, 0x00, 0x00, 0x00, 0x00, 0x00, 0x00, 0x00, 0x00, 0x00, 0x00, 0x00, 0x00
.byte 0x00, 0x00, 0x00, 0x00, 0x01, 0x00, 0x00, 0x00
.globl _sym_00bd8458
_sym_00bd8458:
.byte 0xff, 0xff, 0xff, 0xff
.long _sym_00ab2f00
.globl _sym_00bd8460
_sym_00bd8460:
.byte 0x22, 0x05, 0x93, 0x19, 0x01, 0x00, 0x00, 0x00
.long _sym_00bd8458
.byte 0x00, 0x00, 0x00, 0x00, 0x00, 0x00, 0x00, 0x00, 0x00, 0x00, 0x00, 0x00, 0x00, 0x00, 0x00, 0x00
.byte 0x00, 0x00, 0x00, 0x00, 0x01, 0x00, 0x00, 0x00
.globl _sym_00bd8484
_sym_00bd8484:
.byte 0xff, 0xff, 0xff, 0xff
.long _sym_00ab2e00
.globl _sym_00bd848c
_sym_00bd848c:
.byte 0x22, 0x05, 0x93, 0x19, 0x01, 0x00, 0x00, 0x00
.long _sym_00bd8484
.byte 0x00, 0x00, 0x00, 0x00, 0x00, 0x00, 0x00, 0x00, 0x00, 0x00, 0x00, 0x00, 0x00, 0x00, 0x00, 0x00
.byte 0x00, 0x00, 0x00, 0x00, 0x01, 0x00, 0x00, 0x00
.globl _sym_00bd84b0
_sym_00bd84b0:
.byte 0xff, 0xff, 0xff, 0xff
.long _sym_00ab2f30
.globl _sym_00bd84b8
_sym_00bd84b8:
.byte 0x22, 0x05, 0x93, 0x19, 0x01, 0x00, 0x00, 0x00
.long _sym_00bd84b0
.byte 0x00, 0x00, 0x00, 0x00, 0x00, 0x00, 0x00, 0x00, 0x00, 0x00, 0x00, 0x00, 0x00, 0x00, 0x00, 0x00
.byte 0x00, 0x00, 0x00, 0x00, 0x01, 0x00, 0x00, 0x00
.globl _sym_00bd84dc
_sym_00bd84dc:
.byte 0xff, 0xff, 0xff, 0xff
.long _sym_00ab2e90
.globl _sym_00bd84e4
_sym_00bd84e4:
.byte 0x22, 0x05, 0x93, 0x19, 0x01, 0x00, 0x00, 0x00
.long _sym_00bd84dc
.byte 0x00, 0x00, 0x00, 0x00, 0x00, 0x00, 0x00, 0x00, 0x00, 0x00, 0x00, 0x00, 0x00, 0x00, 0x00, 0x00
.byte 0x00, 0x00, 0x00, 0x00, 0x01, 0x00, 0x00, 0x00
.globl _sym_00bd8508
_sym_00bd8508:
.byte 0xff, 0xff, 0xff, 0xff
.long _sym_00ab2e60
.globl _sym_00bd8510
_sym_00bd8510:
.byte 0x22, 0x05, 0x93, 0x19, 0x01, 0x00, 0x00, 0x00
.long _sym_00bd8508
.byte 0x00, 0x00, 0x00, 0x00, 0x00, 0x00, 0x00, 0x00, 0x00, 0x00, 0x00, 0x00, 0x00, 0x00, 0x00, 0x00
.byte 0x00, 0x00, 0x00, 0x00, 0x01, 0x00, 0x00, 0x00
.globl _sym_00bd8534
_sym_00bd8534:
.byte 0x22, 0x05, 0x93, 0x19, 0x08, 0x00, 0x00, 0x00
.long _sym_00bd8558
.byte 0x00, 0x00, 0x00, 0x00, 0x00, 0x00, 0x00, 0x00, 0x00, 0x00, 0x00, 0x00, 0x00, 0x00, 0x00, 0x00
.byte 0x00, 0x00, 0x00, 0x00, 0x01, 0x00, 0x00, 0x00
.globl _sym_00bd8558
_sym_00bd8558:
.byte 0xff, 0xff, 0xff, 0xff
.long _sym_00ab32f0
.byte 0x00, 0x00, 0x00, 0x00
.long _sym_00ab32fe
.byte 0x00, 0x00, 0x00, 0x00, 0x00, 0x00, 0x00, 0x00, 0x00, 0x00, 0x00, 0x00, 0x00, 0x00, 0x00, 0x00
.byte 0x00, 0x00, 0x00, 0x00, 0x00, 0x00, 0x00, 0x00, 0xff, 0xff, 0xff, 0xff
.long _sym_00ab330c
.byte 0xff, 0xff, 0xff, 0xff
.long _sym_00ab331a
.byte 0xff, 0xff, 0xff, 0xff
.long _sym_00ab3328
.globl _sym_00bd8598
_sym_00bd8598:
.byte 0xff, 0xff, 0xff, 0xff
.long _sym_00ab3630
.globl _sym_00bd85a0
_sym_00bd85a0:
.byte 0x22, 0x05, 0x93, 0x19, 0x01, 0x00, 0x00, 0x00
.long _sym_00bd8598
.byte 0x00, 0x00, 0x00, 0x00, 0x00, 0x00, 0x00, 0x00, 0x00, 0x00, 0x00, 0x00, 0x00, 0x00, 0x00, 0x00
.byte 0x00, 0x00, 0x00, 0x00, 0x01, 0x00, 0x00, 0x00
.globl _sym_00bd85c4
_sym_00bd85c4:
.byte 0xff, 0xff, 0xff, 0xff
.long _sym_00ab31d0
.globl _sym_00bd85cc
_sym_00bd85cc:
.byte 0x22, 0x05, 0x93, 0x19, 0x01, 0x00, 0x00, 0x00
.long _sym_00bd85c4
.byte 0x00, 0x00, 0x00, 0x00, 0x00, 0x00, 0x00, 0x00, 0x00, 0x00, 0x00, 0x00, 0x00, 0x00, 0x00, 0x00
.byte 0x00, 0x00, 0x00, 0x00, 0x01, 0x00, 0x00, 0x00
.globl _sym_00bd85f0
_sym_00bd85f0:
.byte 0xff, 0xff, 0xff, 0xff
.long _sym_00ab3600
.globl _sym_00bd85f8
_sym_00bd85f8:
.byte 0x22, 0x05, 0x93, 0x19, 0x01, 0x00, 0x00, 0x00
.long _sym_00bd85f0
.byte 0x00, 0x00, 0x00, 0x00, 0x00, 0x00, 0x00, 0x00, 0x00, 0x00, 0x00, 0x00, 0x00, 0x00, 0x00, 0x00
.byte 0x00, 0x00, 0x00, 0x00, 0x01, 0x00, 0x00, 0x00
.globl _sym_00bd861c
_sym_00bd861c:
.byte 0xff, 0xff, 0xff, 0xff
.long _sym_00ab3360
.globl _sym_00bd8624
_sym_00bd8624:
.byte 0x22, 0x05, 0x93, 0x19, 0x01, 0x00, 0x00, 0x00
.long _sym_00bd861c
.byte 0x00, 0x00, 0x00, 0x00, 0x00, 0x00, 0x00, 0x00, 0x00, 0x00, 0x00, 0x00, 0x00, 0x00, 0x00, 0x00
.byte 0x00, 0x00, 0x00, 0x00, 0x01, 0x00, 0x00, 0x00
.globl _sym_00bd8648
_sym_00bd8648:
.byte 0xff, 0xff, 0xff, 0xff
.long _sym_00ab3200
.globl _sym_00bd8650
_sym_00bd8650:
.byte 0x22, 0x05, 0x93, 0x19, 0x01, 0x00, 0x00, 0x00
.long _sym_00bd8648
.byte 0x00, 0x00, 0x00, 0x00, 0x00, 0x00, 0x00, 0x00, 0x00, 0x00, 0x00, 0x00, 0x00, 0x00, 0x00, 0x00
.byte 0x00, 0x00, 0x00, 0x00, 0x01, 0x00, 0x00, 0x00
.globl _sym_00bd8674
_sym_00bd8674:
.byte 0xff, 0xff, 0xff, 0xff
.long _sym_00ab3390
.byte 0xff, 0xff, 0xff, 0xff
.long _sym_00ab339e
.byte 0xff, 0xff, 0xff, 0xff
.long _sym_00ab33ac
.byte 0xff, 0xff, 0xff, 0xff
.long _sym_00ab33ba
.globl _sym_00bd8694
_sym_00bd8694:
.byte 0x22, 0x05, 0x93, 0x19, 0x04, 0x00, 0x00, 0x00
.long _sym_00bd8674
.byte 0x00, 0x00, 0x00, 0x00, 0x00, 0x00, 0x00, 0x00, 0x00, 0x00, 0x00, 0x00, 0x00, 0x00, 0x00, 0x00
.byte 0x00, 0x00, 0x00, 0x00, 0x01, 0x00, 0x00, 0x00
.globl _sym_00bd86b8
_sym_00bd86b8:
.byte 0xff, 0xff, 0xff, 0xff
.long _sym_00ab3450
.byte 0xff, 0xff, 0xff, 0xff, 0x00, 0x00, 0x00, 0x00, 0xff, 0xff, 0xff, 0xff, 0x00, 0x00, 0x00, 0x00
.byte 0xff, 0xff, 0xff, 0xff, 0x00, 0x00, 0x00, 0x00
.globl _sym_00bd86d8
_sym_00bd86d8:
.byte 0x22, 0x05, 0x93, 0x19, 0x04, 0x00, 0x00, 0x00
.long _sym_00bd86b8
.byte 0x00, 0x00, 0x00, 0x00, 0x00, 0x00, 0x00, 0x00, 0x00, 0x00, 0x00, 0x00, 0x00, 0x00, 0x00, 0x00
.byte 0x00, 0x00, 0x00, 0x00, 0x01, 0x00, 0x00, 0x00
.globl _sym_00bd86fc
_sym_00bd86fc:
.byte 0xff, 0xff, 0xff, 0xff
.long _sym_00ab3230
.globl _sym_00bd8704
_sym_00bd8704:
.byte 0x22, 0x05, 0x93, 0x19, 0x01, 0x00, 0x00, 0x00
.long _sym_00bd86fc
.byte 0x00, 0x00, 0x00, 0x00, 0x00, 0x00, 0x00, 0x00, 0x00, 0x00, 0x00, 0x00, 0x00, 0x00, 0x00, 0x00
.byte 0x00, 0x00, 0x00, 0x00, 0x01, 0x00, 0x00, 0x00
.globl _sym_00bd8728
_sym_00bd8728:
.byte 0xff, 0xff, 0xff, 0xff
.long _sym_00ab3260
.globl _sym_00bd8730
_sym_00bd8730:
.byte 0x22, 0x05, 0x93, 0x19, 0x01, 0x00, 0x00, 0x00
.long _sym_00bd8728
.byte 0x00, 0x00, 0x00, 0x00, 0x00, 0x00, 0x00, 0x00, 0x00, 0x00, 0x00, 0x00, 0x00, 0x00, 0x00, 0x00
.byte 0x00, 0x00, 0x00, 0x00, 0x01, 0x00, 0x00, 0x00
.globl _sym_00bd8754
_sym_00bd8754:
.byte 0xff, 0xff, 0xff, 0xff
.long _sym_00ab3290
.globl _sym_00bd875c
_sym_00bd875c:
.byte 0x22, 0x05, 0x93, 0x19, 0x01, 0x00, 0x00, 0x00
.long _sym_00bd8754
.byte 0x00, 0x00, 0x00, 0x00, 0x00, 0x00, 0x00, 0x00, 0x00, 0x00, 0x00, 0x00, 0x00, 0x00, 0x00, 0x00
.byte 0x00, 0x00, 0x00, 0x00, 0x01, 0x00, 0x00, 0x00
.globl _sym_00bd8780
_sym_00bd8780:
.byte 0xff, 0xff, 0xff, 0xff
.long _sym_00ab30b0
.globl _sym_00bd8788
_sym_00bd8788:
.byte 0x22, 0x05, 0x93, 0x19, 0x01, 0x00, 0x00, 0x00
.long _sym_00bd8780
.byte 0x00, 0x00, 0x00, 0x00, 0x00, 0x00, 0x00, 0x00, 0x00, 0x00, 0x00, 0x00, 0x00, 0x00, 0x00, 0x00
.byte 0x00, 0x00, 0x00, 0x00, 0x01, 0x00, 0x00, 0x00
.globl _sym_00bd87ac
_sym_00bd87ac:
.byte 0xff, 0xff, 0xff, 0xff
.long _sym_00ab32c0
.globl _sym_00bd87b4
_sym_00bd87b4:
.byte 0x22, 0x05, 0x93, 0x19, 0x01, 0x00, 0x00, 0x00
.long _sym_00bd87ac
.byte 0x00, 0x00, 0x00, 0x00, 0x00, 0x00, 0x00, 0x00, 0x00, 0x00, 0x00, 0x00, 0x00, 0x00, 0x00, 0x00
.byte 0x00, 0x00, 0x00, 0x00, 0x01, 0x00, 0x00, 0x00
.globl _sym_00bd87d8
_sym_00bd87d8:
.byte 0xff, 0xff, 0xff, 0xff
.long _sym_00ab30e0
.byte 0xff, 0xff, 0xff, 0xff, 0x00, 0x00, 0x00, 0x00, 0xff, 0xff, 0xff, 0xff, 0x00, 0x00, 0x00, 0x00
.byte 0xff, 0xff, 0xff, 0xff, 0x00, 0x00, 0x00, 0x00
.globl _sym_00bd87f8
_sym_00bd87f8:
.byte 0x22, 0x05, 0x93, 0x19, 0x04, 0x00, 0x00, 0x00
.long _sym_00bd87d8
.byte 0x00, 0x00, 0x00, 0x00, 0x00, 0x00, 0x00, 0x00, 0x00, 0x00, 0x00, 0x00, 0x00, 0x00, 0x00, 0x00
.byte 0x00, 0x00, 0x00, 0x00, 0x01, 0x00, 0x00, 0x00
.globl _sym_00bd881c
_sym_00bd881c:
.byte 0xff, 0xff, 0xff, 0xff
.long _sym_00ab3110
.globl _sym_00bd8824
_sym_00bd8824:
.byte 0x22, 0x05, 0x93, 0x19, 0x01, 0x00, 0x00, 0x00
.long _sym_00bd881c
.byte 0x00, 0x00, 0x00, 0x00, 0x00, 0x00, 0x00, 0x00, 0x00, 0x00, 0x00, 0x00, 0x00, 0x00, 0x00, 0x00
.byte 0x00, 0x00, 0x00, 0x00, 0x01, 0x00, 0x00, 0x00
.globl _sym_00bd8848
_sym_00bd8848:
.byte 0xff, 0xff, 0xff, 0xff
.long _sym_00ab31a0
.globl _sym_00bd8850
_sym_00bd8850:
.byte 0x22, 0x05, 0x93, 0x19, 0x01, 0x00, 0x00, 0x00
.long _sym_00bd8848
.byte 0x00, 0x00, 0x00, 0x00, 0x00, 0x00, 0x00, 0x00, 0x00, 0x00, 0x00, 0x00, 0x00, 0x00, 0x00, 0x00
.byte 0x00, 0x00, 0x00, 0x00, 0x01, 0x00, 0x00, 0x00
.globl _sym_00bd8874
_sym_00bd8874:
.byte 0xff, 0xff, 0xff, 0xff
.long _sym_00ab2fc0
.byte 0xff, 0xff, 0xff, 0xff, 0x00, 0x00, 0x00, 0x00, 0xff, 0xff, 0xff, 0xff, 0x00, 0x00, 0x00, 0x00
.byte 0xff, 0xff, 0xff, 0xff, 0x00, 0x00, 0x00, 0x00
.globl _sym_00bd8894
_sym_00bd8894:
.byte 0x22, 0x05, 0x93, 0x19, 0x04, 0x00, 0x00, 0x00
.long _sym_00bd8874
.byte 0x00, 0x00, 0x00, 0x00, 0x00, 0x00, 0x00, 0x00, 0x00, 0x00, 0x00, 0x00, 0x00, 0x00, 0x00, 0x00
.byte 0x00, 0x00, 0x00, 0x00, 0x01, 0x00, 0x00, 0x00
.globl _sym_00bd88b8
_sym_00bd88b8:
.byte 0xff, 0xff, 0xff, 0xff
.long _sym_00ab3050
.globl _sym_00bd88c0
_sym_00bd88c0:
.byte 0x22, 0x05, 0x93, 0x19, 0x01, 0x00, 0x00, 0x00
.long _sym_00bd88b8
.byte 0x00, 0x00, 0x00, 0x00, 0x00, 0x00, 0x00, 0x00, 0x00, 0x00, 0x00, 0x00, 0x00, 0x00, 0x00, 0x00
.byte 0x00, 0x00, 0x00, 0x00, 0x01, 0x00, 0x00, 0x00
.globl _sym_00bd88e4
_sym_00bd88e4:
.byte 0xff, 0xff, 0xff, 0xff
.long _sym_00ab3140
.byte 0xff, 0xff, 0xff, 0xff, 0x00, 0x00, 0x00, 0x00, 0xff, 0xff, 0xff, 0xff, 0x00, 0x00, 0x00, 0x00
.byte 0xff, 0xff, 0xff, 0xff, 0x00, 0x00, 0x00, 0x00
.globl _sym_00bd8904
_sym_00bd8904:
.byte 0x22, 0x05, 0x93, 0x19, 0x04, 0x00, 0x00, 0x00
.long _sym_00bd88e4
.byte 0x00, 0x00, 0x00, 0x00, 0x00, 0x00, 0x00, 0x00, 0x00, 0x00, 0x00, 0x00, 0x00, 0x00, 0x00, 0x00
.byte 0x00, 0x00, 0x00, 0x00, 0x01, 0x00, 0x00, 0x00
.globl _sym_00bd8928
_sym_00bd8928:
.byte 0xff, 0xff, 0xff, 0xff
.long _sym_00ab3170
.byte 0xff, 0xff, 0xff, 0xff, 0x00, 0x00, 0x00, 0x00, 0xff, 0xff, 0xff, 0xff, 0x00, 0x00, 0x00, 0x00
.byte 0xff, 0xff, 0xff, 0xff, 0x00, 0x00, 0x00, 0x00
.globl _sym_00bd8948
_sym_00bd8948:
.byte 0x22, 0x05, 0x93, 0x19, 0x04, 0x00, 0x00, 0x00
.long _sym_00bd8928
.byte 0x00, 0x00, 0x00, 0x00, 0x00, 0x00, 0x00, 0x00, 0x00, 0x00, 0x00, 0x00, 0x00, 0x00, 0x00, 0x00
.byte 0x00, 0x00, 0x00, 0x00, 0x01, 0x00, 0x00, 0x00
.globl _sym_00bd896c
_sym_00bd896c:
.byte 0xff, 0xff, 0xff, 0xff
.long _sym_00ab33f0
.byte 0xff, 0xff, 0xff, 0xff, 0x00, 0x00, 0x00, 0x00, 0xff, 0xff, 0xff, 0xff, 0x00, 0x00, 0x00, 0x00
.byte 0xff, 0xff, 0xff, 0xff, 0x00, 0x00, 0x00, 0x00
.globl _sym_00bd898c
_sym_00bd898c:
.byte 0x22, 0x05, 0x93, 0x19, 0x04, 0x00, 0x00, 0x00
.long _sym_00bd896c
.byte 0x00, 0x00, 0x00, 0x00, 0x00, 0x00, 0x00, 0x00, 0x00, 0x00, 0x00, 0x00, 0x00, 0x00, 0x00, 0x00
.byte 0x00, 0x00, 0x00, 0x00, 0x01, 0x00, 0x00, 0x00
.globl _sym_00bd89b0
_sym_00bd89b0:
.byte 0xff, 0xff, 0xff, 0xff
.long _sym_00ab34b0
.byte 0xff, 0xff, 0xff, 0xff, 0x00, 0x00, 0x00, 0x00, 0xff, 0xff, 0xff, 0xff, 0x00, 0x00, 0x00, 0x00
.byte 0xff, 0xff, 0xff, 0xff, 0x00, 0x00, 0x00, 0x00
.globl _sym_00bd89d0
_sym_00bd89d0:
.byte 0x22, 0x05, 0x93, 0x19, 0x04, 0x00, 0x00, 0x00
.long _sym_00bd89b0
.byte 0x00, 0x00, 0x00, 0x00, 0x00, 0x00, 0x00, 0x00, 0x00, 0x00, 0x00, 0x00, 0x00, 0x00, 0x00, 0x00
.byte 0x00, 0x00, 0x00, 0x00, 0x01, 0x00, 0x00, 0x00
.globl _sym_00bd89f4
_sym_00bd89f4:
.byte 0xff, 0xff, 0xff, 0xff
.long _sym_00ab3540
.globl _sym_00bd89fc
_sym_00bd89fc:
.byte 0x22, 0x05, 0x93, 0x19, 0x01, 0x00, 0x00, 0x00
.long _sym_00bd89f4
.byte 0x00, 0x00, 0x00, 0x00, 0x00, 0x00, 0x00, 0x00, 0x00, 0x00, 0x00, 0x00, 0x00, 0x00, 0x00, 0x00
.byte 0x00, 0x00, 0x00, 0x00, 0x01, 0x00, 0x00, 0x00
.globl _sym_00bd8a20
_sym_00bd8a20:
.byte 0xff, 0xff, 0xff, 0xff
.long _sym_00ab2f60
.byte 0xff, 0xff, 0xff, 0xff, 0x00, 0x00, 0x00, 0x00, 0xff, 0xff, 0xff, 0xff, 0x00, 0x00, 0x00, 0x00
.byte 0xff, 0xff, 0xff, 0xff, 0x00, 0x00, 0x00, 0x00
.globl _sym_00bd8a40
_sym_00bd8a40:
.byte 0x22, 0x05, 0x93, 0x19, 0x04, 0x00, 0x00, 0x00
.long _sym_00bd8a20
.byte 0x00, 0x00, 0x00, 0x00, 0x00, 0x00, 0x00, 0x00, 0x00, 0x00, 0x00, 0x00, 0x00, 0x00, 0x00, 0x00
.byte 0x00, 0x00, 0x00, 0x00, 0x01, 0x00, 0x00, 0x00
.globl _sym_00bd8a64
_sym_00bd8a64:
.byte 0xff, 0xff, 0xff, 0xff
.long _sym_00ab3080
.byte 0xff, 0xff, 0xff, 0xff, 0x00, 0x00, 0x00, 0x00, 0xff, 0xff, 0xff, 0xff, 0x00, 0x00, 0x00, 0x00
.byte 0xff, 0xff, 0xff, 0xff, 0x00, 0x00, 0x00, 0x00
.globl _sym_00bd8a84
_sym_00bd8a84:
.byte 0x22, 0x05, 0x93, 0x19, 0x04, 0x00, 0x00, 0x00
.long _sym_00bd8a64
.byte 0x00, 0x00, 0x00, 0x00, 0x00, 0x00, 0x00, 0x00, 0x00, 0x00, 0x00, 0x00, 0x00, 0x00, 0x00, 0x00
.byte 0x00, 0x00, 0x00, 0x00, 0x01, 0x00, 0x00, 0x00
.globl _sym_00bd8aa8
_sym_00bd8aa8:
.byte 0xff, 0xff, 0xff, 0xff
.long _sym_00ab3020
.globl _sym_00bd8ab0
_sym_00bd8ab0:
.byte 0x22, 0x05, 0x93, 0x19, 0x01, 0x00, 0x00, 0x00
.long _sym_00bd8aa8
.byte 0x00, 0x00, 0x00, 0x00, 0x00, 0x00, 0x00, 0x00, 0x00, 0x00, 0x00, 0x00, 0x00, 0x00, 0x00, 0x00
.byte 0x00, 0x00, 0x00, 0x00, 0x01, 0x00, 0x00, 0x00
.globl _sym_00bd8ad4
_sym_00bd8ad4:
.byte 0xff, 0xff, 0xff, 0xff
.long _sym_00ab3420
.byte 0xff, 0xff, 0xff, 0xff, 0x00, 0x00, 0x00, 0x00, 0xff, 0xff, 0xff, 0xff, 0x00, 0x00, 0x00, 0x00
.byte 0xff, 0xff, 0xff, 0xff, 0x00, 0x00, 0x00, 0x00
.globl _sym_00bd8af4
_sym_00bd8af4:
.byte 0x22, 0x05, 0x93, 0x19, 0x04, 0x00, 0x00, 0x00
.long _sym_00bd8ad4
.byte 0x00, 0x00, 0x00, 0x00, 0x00, 0x00, 0x00, 0x00, 0x00, 0x00, 0x00, 0x00, 0x00, 0x00, 0x00, 0x00
.byte 0x00, 0x00, 0x00, 0x00, 0x01, 0x00, 0x00, 0x00
.globl _sym_00bd8b18
_sym_00bd8b18:
.byte 0xff, 0xff, 0xff, 0xff
.long _sym_00ab35a0
.byte 0xff, 0xff, 0xff, 0xff, 0x00, 0x00, 0x00, 0x00, 0xff, 0xff, 0xff, 0xff, 0x00, 0x00, 0x00, 0x00
.byte 0xff, 0xff, 0xff, 0xff, 0x00, 0x00, 0x00, 0x00
.globl _sym_00bd8b38
_sym_00bd8b38:
.byte 0x22, 0x05, 0x93, 0x19, 0x04, 0x00, 0x00, 0x00
.long _sym_00bd8b18
.byte 0x00, 0x00, 0x00, 0x00, 0x00, 0x00, 0x00, 0x00, 0x00, 0x00, 0x00, 0x00, 0x00, 0x00, 0x00, 0x00
.byte 0x00, 0x00, 0x00, 0x00, 0x01, 0x00, 0x00, 0x00
.globl _sym_00bd8b5c
_sym_00bd8b5c:
.byte 0xff, 0xff, 0xff, 0xff
.long _sym_00ab35d0
.byte 0xff, 0xff, 0xff, 0xff, 0x00, 0x00, 0x00, 0x00, 0xff, 0xff, 0xff, 0xff, 0x00, 0x00, 0x00, 0x00
.byte 0xff, 0xff, 0xff, 0xff, 0x00, 0x00, 0x00, 0x00
.globl _sym_00bd8b7c
_sym_00bd8b7c:
.byte 0x22, 0x05, 0x93, 0x19, 0x04, 0x00, 0x00, 0x00
.long _sym_00bd8b5c
.byte 0x00, 0x00, 0x00, 0x00, 0x00, 0x00, 0x00, 0x00, 0x00, 0x00, 0x00, 0x00, 0x00, 0x00, 0x00, 0x00
.byte 0x00, 0x00, 0x00, 0x00, 0x01, 0x00, 0x00, 0x00
.globl _sym_00bd8ba0
_sym_00bd8ba0:
.byte 0xff, 0xff, 0xff, 0xff
.long _sym_00ab2f90
.byte 0xff, 0xff, 0xff, 0xff, 0x00, 0x00, 0x00, 0x00, 0xff, 0xff, 0xff, 0xff, 0x00, 0x00, 0x00, 0x00
.byte 0xff, 0xff, 0xff, 0xff, 0x00, 0x00, 0x00, 0x00
.globl _sym_00bd8bc0
_sym_00bd8bc0:
.byte 0x22, 0x05, 0x93, 0x19, 0x04, 0x00, 0x00, 0x00
.long _sym_00bd8ba0
.byte 0x00, 0x00, 0x00, 0x00, 0x00, 0x00, 0x00, 0x00, 0x00, 0x00, 0x00, 0x00, 0x00, 0x00, 0x00, 0x00
.byte 0x00, 0x00, 0x00, 0x00, 0x01, 0x00, 0x00, 0x00
.globl _sym_00bd8be4
_sym_00bd8be4:
.byte 0xff, 0xff, 0xff, 0xff
.long _sym_00ab3570
.byte 0xff, 0xff, 0xff, 0xff, 0x00, 0x00, 0x00, 0x00, 0xff, 0xff, 0xff, 0xff, 0x00, 0x00, 0x00, 0x00
.byte 0xff, 0xff, 0xff, 0xff, 0x00, 0x00, 0x00, 0x00
.globl _sym_00bd8c04
_sym_00bd8c04:
.byte 0x22, 0x05, 0x93, 0x19, 0x04, 0x00, 0x00, 0x00
.long _sym_00bd8be4
.byte 0x00, 0x00, 0x00, 0x00, 0x00, 0x00, 0x00, 0x00, 0x00, 0x00, 0x00, 0x00, 0x00, 0x00, 0x00, 0x00
.byte 0x00, 0x00, 0x00, 0x00, 0x01, 0x00, 0x00, 0x00
.globl _sym_00bd8c28
_sym_00bd8c28:
.byte 0xff, 0xff, 0xff, 0xff
.long _sym_00ab3480
.byte 0xff, 0xff, 0xff, 0xff, 0x00, 0x00, 0x00, 0x00, 0xff, 0xff, 0xff, 0xff, 0x00, 0x00, 0x00, 0x00
.byte 0xff, 0xff, 0xff, 0xff, 0x00, 0x00, 0x00, 0x00
.globl _sym_00bd8c48
_sym_00bd8c48:
.byte 0x22, 0x05, 0x93, 0x19, 0x04, 0x00, 0x00, 0x00
.long _sym_00bd8c28
.byte 0x00, 0x00, 0x00, 0x00, 0x00, 0x00, 0x00, 0x00, 0x00, 0x00, 0x00, 0x00, 0x00, 0x00, 0x00, 0x00
.byte 0x00, 0x00, 0x00, 0x00, 0x01, 0x00, 0x00, 0x00
.globl _sym_00bd8c6c
_sym_00bd8c6c:
.byte 0xff, 0xff, 0xff, 0xff
.long _sym_00ab3510
.globl _sym_00bd8c74
_sym_00bd8c74:
.byte 0x22, 0x05, 0x93, 0x19, 0x01, 0x00, 0x00, 0x00
.long _sym_00bd8c6c
.byte 0x00, 0x00, 0x00, 0x00, 0x00, 0x00, 0x00, 0x00, 0x00, 0x00, 0x00, 0x00, 0x00, 0x00, 0x00, 0x00
.byte 0x00, 0x00, 0x00, 0x00, 0x01, 0x00, 0x00, 0x00
.globl _sym_00bd8c98
_sym_00bd8c98:
.byte 0xff, 0xff, 0xff, 0xff
.long _sym_00ab2ff0
.globl _sym_00bd8ca0
_sym_00bd8ca0:
.byte 0x22, 0x05, 0x93, 0x19, 0x01, 0x00, 0x00, 0x00
.long _sym_00bd8c98
.byte 0x00, 0x00, 0x00, 0x00, 0x00, 0x00, 0x00, 0x00, 0x00, 0x00, 0x00, 0x00, 0x00, 0x00, 0x00, 0x00
.byte 0x00, 0x00, 0x00, 0x00, 0x01, 0x00, 0x00, 0x00
.globl _sym_00bd8cc4
_sym_00bd8cc4:
.byte 0xff, 0xff, 0xff, 0xff
.long _sym_00ab34e0
.globl _sym_00bd8ccc
_sym_00bd8ccc:
.byte 0x22, 0x05, 0x93, 0x19, 0x01, 0x00, 0x00, 0x00
.long _sym_00bd8cc4
.byte 0x00, 0x00, 0x00, 0x00, 0x00, 0x00, 0x00, 0x00, 0x00, 0x00, 0x00, 0x00, 0x00, 0x00, 0x00, 0x00
.byte 0x00, 0x00, 0x00, 0x00, 0x01, 0x00, 0x00, 0x00
.globl _sym_00bd8cf0
_sym_00bd8cf0:
.byte 0x22, 0x05, 0x93, 0x19, 0x05, 0x00, 0x00, 0x00
.long _sym_00bd8d14
.byte 0x00, 0x00, 0x00, 0x00, 0x00, 0x00, 0x00, 0x00, 0x00, 0x00, 0x00, 0x00, 0x00, 0x00, 0x00, 0x00
.byte 0x00, 0x00, 0x00, 0x00, 0x01, 0x00, 0x00, 0x00
.globl _sym_00bd8d14
_sym_00bd8d14:
.byte 0xff, 0xff, 0xff, 0xff
.long _sym_00ab3840
.byte 0x00, 0x00, 0x00, 0x00
.long _sym_00ab384e
.byte 0x00, 0x00, 0x00, 0x00, 0x00, 0x00, 0x00, 0x00, 0x00, 0x00, 0x00, 0x00, 0x00, 0x00, 0x00, 0x00
.byte 0x00, 0x00, 0x00, 0x00, 0x00, 0x00, 0x00, 0x00
.globl _sym_00bd8d3c
_sym_00bd8d3c:
.byte 0xff, 0xff, 0xff, 0xff
.long _sym_00ab37e0
.globl _sym_00bd8d44
_sym_00bd8d44:
.byte 0x22, 0x05, 0x93, 0x19, 0x01, 0x00, 0x00, 0x00
.long _sym_00bd8d3c
.byte 0x00, 0x00, 0x00, 0x00, 0x00, 0x00, 0x00, 0x00, 0x00, 0x00, 0x00, 0x00, 0x00, 0x00, 0x00, 0x00
.byte 0x00, 0x00, 0x00, 0x00, 0x01, 0x00, 0x00, 0x00
.globl _sym_00bd8d68
_sym_00bd8d68:
.byte 0xff, 0xff, 0xff, 0xff
.long _sym_00ab3880
.byte 0xff, 0xff, 0xff, 0xff
.long _sym_00ab388e
.byte 0xff, 0xff, 0xff, 0xff
.long _sym_00ab389c
.byte 0xff, 0xff, 0xff, 0xff
.long _sym_00ab38aa
.globl _sym_00bd8d88
_sym_00bd8d88:
.byte 0x22, 0x05, 0x93, 0x19, 0x04, 0x00, 0x00, 0x00
.long _sym_00bd8d68
.byte 0x00, 0x00, 0x00, 0x00, 0x00, 0x00, 0x00, 0x00, 0x00, 0x00, 0x00, 0x00, 0x00, 0x00, 0x00, 0x00
.byte 0x00, 0x00, 0x00, 0x00, 0x01, 0x00, 0x00, 0x00
.globl _sym_00bd8dac
_sym_00bd8dac:
.byte 0xff, 0xff, 0xff, 0xff
.long _sym_00ab3940
.byte 0xff, 0xff, 0xff, 0xff, 0x00, 0x00, 0x00, 0x00, 0xff, 0xff, 0xff, 0xff, 0x00, 0x00, 0x00, 0x00
.byte 0xff, 0xff, 0xff, 0xff, 0x00, 0x00, 0x00, 0x00
.globl _sym_00bd8dcc
_sym_00bd8dcc:
.byte 0x22, 0x05, 0x93, 0x19, 0x04, 0x00, 0x00, 0x00
.long _sym_00bd8dac
.byte 0x00, 0x00, 0x00, 0x00, 0x00, 0x00, 0x00, 0x00, 0x00, 0x00, 0x00, 0x00, 0x00, 0x00, 0x00, 0x00
.byte 0x00, 0x00, 0x00, 0x00, 0x01, 0x00, 0x00, 0x00
.globl _sym_00bd8df0
_sym_00bd8df0:
.byte 0xff, 0xff, 0xff, 0xff
.long _sym_00ab3810
.globl _sym_00bd8df8
_sym_00bd8df8:
.byte 0x22, 0x05, 0x93, 0x19, 0x01, 0x00, 0x00, 0x00
.long _sym_00bd8df0
.byte 0x00, 0x00, 0x00, 0x00, 0x00, 0x00, 0x00, 0x00, 0x00, 0x00, 0x00, 0x00, 0x00, 0x00, 0x00, 0x00
.byte 0x00, 0x00, 0x00, 0x00, 0x01, 0x00, 0x00, 0x00
.globl _sym_00bd8e1c
_sym_00bd8e1c:
.byte 0xff, 0xff, 0xff, 0xff
.long _sym_00ab3720
.byte 0xff, 0xff, 0xff, 0xff, 0x00, 0x00, 0x00, 0x00, 0xff, 0xff, 0xff, 0xff, 0x00, 0x00, 0x00, 0x00
.byte 0xff, 0xff, 0xff, 0xff, 0x00, 0x00, 0x00, 0x00
.globl _sym_00bd8e3c
_sym_00bd8e3c:
.byte 0x22, 0x05, 0x93, 0x19, 0x04, 0x00, 0x00, 0x00
.long _sym_00bd8e1c
.byte 0x00, 0x00, 0x00, 0x00, 0x00, 0x00, 0x00, 0x00, 0x00, 0x00, 0x00, 0x00, 0x00, 0x00, 0x00, 0x00
.byte 0x00, 0x00, 0x00, 0x00, 0x01, 0x00, 0x00, 0x00
.globl _sym_00bd8e60
_sym_00bd8e60:
.byte 0xff, 0xff, 0xff, 0xff
.long _sym_00ab37b0
.globl _sym_00bd8e68
_sym_00bd8e68:
.byte 0x22, 0x05, 0x93, 0x19, 0x01, 0x00, 0x00, 0x00
.long _sym_00bd8e60
.byte 0x00, 0x00, 0x00, 0x00, 0x00, 0x00, 0x00, 0x00, 0x00, 0x00, 0x00, 0x00, 0x00, 0x00, 0x00, 0x00
.byte 0x00, 0x00, 0x00, 0x00, 0x01, 0x00, 0x00, 0x00
.globl _sym_00bd8e8c
_sym_00bd8e8c:
.byte 0xff, 0xff, 0xff, 0xff
.long _sym_00ab36c0
.byte 0xff, 0xff, 0xff, 0xff, 0x00, 0x00, 0x00, 0x00, 0xff, 0xff, 0xff, 0xff, 0x00, 0x00, 0x00, 0x00
.byte 0xff, 0xff, 0xff, 0xff, 0x00, 0x00, 0x00, 0x00
.globl _sym_00bd8eac
_sym_00bd8eac:
.byte 0x22, 0x05, 0x93, 0x19, 0x04, 0x00, 0x00, 0x00
.long _sym_00bd8e8c
.byte 0x00, 0x00, 0x00, 0x00, 0x00, 0x00, 0x00, 0x00, 0x00, 0x00, 0x00, 0x00, 0x00, 0x00, 0x00, 0x00
.byte 0x00, 0x00, 0x00, 0x00, 0x01, 0x00, 0x00, 0x00
.globl _sym_00bd8ed0
_sym_00bd8ed0:
.byte 0xff, 0xff, 0xff, 0xff
.long _sym_00ab3750
.byte 0xff, 0xff, 0xff, 0xff, 0x00, 0x00, 0x00, 0x00, 0xff, 0xff, 0xff, 0xff, 0x00, 0x00, 0x00, 0x00
.byte 0xff, 0xff, 0xff, 0xff, 0x00, 0x00, 0x00, 0x00
.globl _sym_00bd8ef0
_sym_00bd8ef0:
.byte 0x22, 0x05, 0x93, 0x19, 0x04, 0x00, 0x00, 0x00
.long _sym_00bd8ed0
.byte 0x00, 0x00, 0x00, 0x00, 0x00, 0x00, 0x00, 0x00, 0x00, 0x00, 0x00, 0x00, 0x00, 0x00, 0x00, 0x00
.byte 0x00, 0x00, 0x00, 0x00, 0x01, 0x00, 0x00, 0x00
.globl _sym_00bd8f14
_sym_00bd8f14:
.byte 0xff, 0xff, 0xff, 0xff
.long _sym_00ab3780
.byte 0xff, 0xff, 0xff, 0xff, 0x00, 0x00, 0x00, 0x00, 0xff, 0xff, 0xff, 0xff, 0x00, 0x00, 0x00, 0x00
.byte 0xff, 0xff, 0xff, 0xff, 0x00, 0x00, 0x00, 0x00
.globl _sym_00bd8f34
_sym_00bd8f34:
.byte 0x22, 0x05, 0x93, 0x19, 0x04, 0x00, 0x00, 0x00
.long _sym_00bd8f14
.byte 0x00, 0x00, 0x00, 0x00, 0x00, 0x00, 0x00, 0x00, 0x00, 0x00, 0x00, 0x00, 0x00, 0x00, 0x00, 0x00
.byte 0x00, 0x00, 0x00, 0x00, 0x01, 0x00, 0x00, 0x00
.globl _sym_00bd8f58
_sym_00bd8f58:
.byte 0xff, 0xff, 0xff, 0xff
.long _sym_00ab38e0
.byte 0xff, 0xff, 0xff, 0xff, 0x00, 0x00, 0x00, 0x00, 0xff, 0xff, 0xff, 0xff, 0x00, 0x00, 0x00, 0x00
.byte 0xff, 0xff, 0xff, 0xff, 0x00, 0x00, 0x00, 0x00
.globl _sym_00bd8f78
_sym_00bd8f78:
.byte 0x22, 0x05, 0x93, 0x19, 0x04, 0x00, 0x00, 0x00
.long _sym_00bd8f58
.byte 0x00, 0x00, 0x00, 0x00, 0x00, 0x00, 0x00, 0x00, 0x00, 0x00, 0x00, 0x00, 0x00, 0x00, 0x00, 0x00
.byte 0x00, 0x00, 0x00, 0x00, 0x01, 0x00, 0x00, 0x00
.globl _sym_00bd8f9c
_sym_00bd8f9c:
.byte 0xff, 0xff, 0xff, 0xff
.long _sym_00ab39a0
.byte 0xff, 0xff, 0xff, 0xff, 0x00, 0x00, 0x00, 0x00, 0xff, 0xff, 0xff, 0xff, 0x00, 0x00, 0x00, 0x00
.byte 0xff, 0xff, 0xff, 0xff, 0x00, 0x00, 0x00, 0x00
.globl _sym_00bd8fbc
_sym_00bd8fbc:
.byte 0x22, 0x05, 0x93, 0x19, 0x04, 0x00, 0x00, 0x00
.long _sym_00bd8f9c
.byte 0x00, 0x00, 0x00, 0x00, 0x00, 0x00, 0x00, 0x00, 0x00, 0x00, 0x00, 0x00, 0x00, 0x00, 0x00, 0x00
.byte 0x00, 0x00, 0x00, 0x00, 0x01, 0x00, 0x00, 0x00
.globl _sym_00bd8fe0
_sym_00bd8fe0:
.byte 0xff, 0xff, 0xff, 0xff
.long _sym_00ab3660
.byte 0xff, 0xff, 0xff, 0xff, 0x00, 0x00, 0x00, 0x00, 0xff, 0xff, 0xff, 0xff, 0x00, 0x00, 0x00, 0x00
.byte 0xff, 0xff, 0xff, 0xff, 0x00, 0x00, 0x00, 0x00
.globl _sym_00bd9000
_sym_00bd9000:
.byte 0x22, 0x05, 0x93, 0x19, 0x04, 0x00, 0x00, 0x00
.long _sym_00bd8fe0
.byte 0x00, 0x00, 0x00, 0x00, 0x00, 0x00, 0x00, 0x00, 0x00, 0x00, 0x00, 0x00, 0x00, 0x00, 0x00, 0x00
.byte 0x00, 0x00, 0x00, 0x00, 0x01, 0x00, 0x00, 0x00
.globl _sym_00bd9024
_sym_00bd9024:
.byte 0xff, 0xff, 0xff, 0xff
.long _sym_00ab36f0
.byte 0xff, 0xff, 0xff, 0xff, 0x00, 0x00, 0x00, 0x00, 0xff, 0xff, 0xff, 0xff, 0x00, 0x00, 0x00, 0x00
.byte 0xff, 0xff, 0xff, 0xff, 0x00, 0x00, 0x00, 0x00
.globl _sym_00bd9044
_sym_00bd9044:
.byte 0x22, 0x05, 0x93, 0x19, 0x04, 0x00, 0x00, 0x00
.long _sym_00bd9024
.byte 0x00, 0x00, 0x00, 0x00, 0x00, 0x00, 0x00, 0x00, 0x00, 0x00, 0x00, 0x00, 0x00, 0x00, 0x00, 0x00
.byte 0x00, 0x00, 0x00, 0x00, 0x01, 0x00, 0x00, 0x00
.globl _sym_00bd9068
_sym_00bd9068:
.byte 0xff, 0xff, 0xff, 0xff
.long _sym_00ab3910
.byte 0xff, 0xff, 0xff, 0xff, 0x00, 0x00, 0x00, 0x00, 0xff, 0xff, 0xff, 0xff, 0x00, 0x00, 0x00, 0x00
.byte 0xff, 0xff, 0xff, 0xff, 0x00, 0x00, 0x00, 0x00
.globl _sym_00bd9088
_sym_00bd9088:
.byte 0x22, 0x05, 0x93, 0x19, 0x04, 0x00, 0x00, 0x00
.long _sym_00bd9068
.byte 0x00, 0x00, 0x00, 0x00, 0x00, 0x00, 0x00, 0x00, 0x00, 0x00, 0x00, 0x00, 0x00, 0x00, 0x00, 0x00
.byte 0x00, 0x00, 0x00, 0x00, 0x01, 0x00, 0x00, 0x00
.globl _sym_00bd90ac
_sym_00bd90ac:
.byte 0xff, 0xff, 0xff, 0xff
.long _sym_00ab3a00
.byte 0xff, 0xff, 0xff, 0xff, 0x00, 0x00, 0x00, 0x00, 0xff, 0xff, 0xff, 0xff, 0x00, 0x00, 0x00, 0x00
.byte 0xff, 0xff, 0xff, 0xff, 0x00, 0x00, 0x00, 0x00
.globl _sym_00bd90cc
_sym_00bd90cc:
.byte 0x22, 0x05, 0x93, 0x19, 0x04, 0x00, 0x00, 0x00
.long _sym_00bd90ac
.byte 0x00, 0x00, 0x00, 0x00, 0x00, 0x00, 0x00, 0x00, 0x00, 0x00, 0x00, 0x00, 0x00, 0x00, 0x00, 0x00
.byte 0x00, 0x00, 0x00, 0x00, 0x01, 0x00, 0x00, 0x00
.globl _sym_00bd90f0
_sym_00bd90f0:
.byte 0xff, 0xff, 0xff, 0xff
.long _sym_00ab3a30
.byte 0xff, 0xff, 0xff, 0xff, 0x00, 0x00, 0x00, 0x00, 0xff, 0xff, 0xff, 0xff, 0x00, 0x00, 0x00, 0x00
.byte 0xff, 0xff, 0xff, 0xff, 0x00, 0x00, 0x00, 0x00
.globl _sym_00bd9110
_sym_00bd9110:
.byte 0x22, 0x05, 0x93, 0x19, 0x04, 0x00, 0x00, 0x00
.long _sym_00bd90f0
.byte 0x00, 0x00, 0x00, 0x00, 0x00, 0x00, 0x00, 0x00, 0x00, 0x00, 0x00, 0x00, 0x00, 0x00, 0x00, 0x00
.byte 0x00, 0x00, 0x00, 0x00, 0x01, 0x00, 0x00, 0x00
.globl _sym_00bd9134
_sym_00bd9134:
.byte 0xff, 0xff, 0xff, 0xff
.long _sym_00ab3690
.byte 0xff, 0xff, 0xff, 0xff, 0x00, 0x00, 0x00, 0x00, 0xff, 0xff, 0xff, 0xff, 0x00, 0x00, 0x00, 0x00
.byte 0xff, 0xff, 0xff, 0xff, 0x00, 0x00, 0x00, 0x00
.globl _sym_00bd9154
_sym_00bd9154:
.byte 0x22, 0x05, 0x93, 0x19, 0x04, 0x00, 0x00, 0x00
.long _sym_00bd9134
.byte 0x00, 0x00, 0x00, 0x00, 0x00, 0x00, 0x00, 0x00, 0x00, 0x00, 0x00, 0x00, 0x00, 0x00, 0x00, 0x00
.byte 0x00, 0x00, 0x00, 0x00, 0x01, 0x00, 0x00, 0x00
.globl _sym_00bd9178
_sym_00bd9178:
.byte 0xff, 0xff, 0xff, 0xff
.long _sym_00ab39d0
.byte 0xff, 0xff, 0xff, 0xff, 0x00, 0x00, 0x00, 0x00, 0xff, 0xff, 0xff, 0xff, 0x00, 0x00, 0x00, 0x00
.byte 0xff, 0xff, 0xff, 0xff, 0x00, 0x00, 0x00, 0x00
.globl _sym_00bd9198
_sym_00bd9198:
.byte 0x22, 0x05, 0x93, 0x19, 0x04, 0x00, 0x00, 0x00
.long _sym_00bd9178
.byte 0x00, 0x00, 0x00, 0x00, 0x00, 0x00, 0x00, 0x00, 0x00, 0x00, 0x00, 0x00, 0x00, 0x00, 0x00, 0x00
.byte 0x00, 0x00, 0x00, 0x00, 0x01, 0x00, 0x00, 0x00
.globl _sym_00bd91bc
_sym_00bd91bc:
.byte 0xff, 0xff, 0xff, 0xff
.long _sym_00ab3970
.byte 0xff, 0xff, 0xff, 0xff, 0x00, 0x00, 0x00, 0x00, 0xff, 0xff, 0xff, 0xff, 0x00, 0x00, 0x00, 0x00
.byte 0xff, 0xff, 0xff, 0xff, 0x00, 0x00, 0x00, 0x00
.globl _sym_00bd91dc
_sym_00bd91dc:
.byte 0x22, 0x05, 0x93, 0x19, 0x04, 0x00, 0x00, 0x00
.long _sym_00bd91bc
.byte 0x00, 0x00, 0x00, 0x00, 0x00, 0x00, 0x00, 0x00, 0x00, 0x00, 0x00, 0x00, 0x00, 0x00, 0x00, 0x00
.byte 0x00, 0x00, 0x00, 0x00, 0x01, 0x00, 0x00, 0x00
.globl _sym_00bd9200
_sym_00bd9200:
.byte 0xff, 0xff, 0xff, 0xff
.long _sym_00ab3a90
.globl _sym_00bd9208
_sym_00bd9208:
.byte 0x22, 0x05, 0x93, 0x19, 0x01, 0x00, 0x00, 0x00
.long _sym_00bd9200
.byte 0x00, 0x00, 0x00, 0x00, 0x00, 0x00, 0x00, 0x00, 0x00, 0x00, 0x00, 0x00, 0x00, 0x00, 0x00, 0x00
.byte 0x00, 0x00, 0x00, 0x00, 0x01, 0x00, 0x00, 0x00
.globl _sym_00bd922c
_sym_00bd922c:
.byte 0xff, 0xff, 0xff, 0xff
.long _sym_00ab3af0
.globl _sym_00bd9234
_sym_00bd9234:
.byte 0x22, 0x05, 0x93, 0x19, 0x01, 0x00, 0x00, 0x00
.long _sym_00bd922c
.byte 0x00, 0x00, 0x00, 0x00, 0x00, 0x00, 0x00, 0x00, 0x00, 0x00, 0x00, 0x00, 0x00, 0x00, 0x00, 0x00
.byte 0x00, 0x00, 0x00, 0x00, 0x01, 0x00, 0x00, 0x00
.globl _sym_00bd9258
_sym_00bd9258:
.byte 0xff, 0xff, 0xff, 0xff
.long _sym_00ab3b20
.byte 0x00, 0x00, 0x00, 0x00
.long _sym_00ab3b2b
.byte 0x01, 0x00, 0x00, 0x00
.long _sym_00ab3b33
.globl _sym_00bd9270
_sym_00bd9270:
.byte 0x22, 0x05, 0x93, 0x19, 0x03, 0x00, 0x00, 0x00
.long _sym_00bd9258
.byte 0x00, 0x00, 0x00, 0x00, 0x00, 0x00, 0x00, 0x00, 0x00, 0x00, 0x00, 0x00, 0x00, 0x00, 0x00, 0x00
.byte 0x00, 0x00, 0x00, 0x00, 0x01, 0x00, 0x00, 0x00
.globl _sym_00bd9294
_sym_00bd9294:
.byte 0xff, 0xff, 0xff, 0xff
.long _sym_00ab3b70
.globl _sym_00bd929c
_sym_00bd929c:
.byte 0x22, 0x05, 0x93, 0x19, 0x01, 0x00, 0x00, 0x00
.long _sym_00bd9294
.byte 0x00, 0x00, 0x00, 0x00, 0x00, 0x00, 0x00, 0x00, 0x00, 0x00, 0x00, 0x00, 0x00, 0x00, 0x00, 0x00
.byte 0x00, 0x00, 0x00, 0x00, 0x01, 0x00, 0x00, 0x00
.globl _sym_00bd92c0
_sym_00bd92c0:
.byte 0xff, 0xff, 0xff, 0xff
.long _sym_00ab3a60
.globl _sym_00bd92c8
_sym_00bd92c8:
.byte 0x22, 0x05, 0x93, 0x19, 0x01, 0x00, 0x00, 0x00
.long _sym_00bd92c0
.byte 0x00, 0x00, 0x00, 0x00, 0x00, 0x00, 0x00, 0x00, 0x00, 0x00, 0x00, 0x00, 0x00, 0x00, 0x00, 0x00
.byte 0x00, 0x00, 0x00, 0x00, 0x01, 0x00, 0x00, 0x00
.globl _sym_00bd92ec
_sym_00bd92ec:
.byte 0xff, 0xff, 0xff, 0xff
.long _sym_00ab3ac0
.globl _sym_00bd92f4
_sym_00bd92f4:
.byte 0x22, 0x05, 0x93, 0x19, 0x01, 0x00, 0x00, 0x00
.long _sym_00bd92ec
.byte 0x00, 0x00, 0x00, 0x00, 0x00, 0x00, 0x00, 0x00, 0x00, 0x00, 0x00, 0x00, 0x00, 0x00, 0x00, 0x00
.byte 0x00, 0x00, 0x00, 0x00, 0x01, 0x00, 0x00, 0x00
.globl _sym_00bd9318
_sym_00bd9318:
.byte 0xff, 0xff, 0xff, 0xff
.long _sym_00ab3d40
.globl _sym_00bd9320
_sym_00bd9320:
.byte 0x22, 0x05, 0x93, 0x19, 0x01, 0x00, 0x00, 0x00
.long _sym_00bd9318
.byte 0x00, 0x00, 0x00, 0x00, 0x00, 0x00, 0x00, 0x00, 0x00, 0x00, 0x00, 0x00, 0x00, 0x00, 0x00, 0x00
.byte 0x00, 0x00, 0x00, 0x00, 0x01, 0x00, 0x00, 0x00
.globl _sym_00bd9344
_sym_00bd9344:
.byte 0xff, 0xff, 0xff, 0xff
.long _sym_00ab3c30
.globl _sym_00bd934c
_sym_00bd934c:
.byte 0x22, 0x05, 0x93, 0x19, 0x01, 0x00, 0x00, 0x00
.long _sym_00bd9344
.byte 0x00, 0x00, 0x00, 0x00, 0x00, 0x00, 0x00, 0x00, 0x00, 0x00, 0x00, 0x00, 0x00, 0x00, 0x00, 0x00
.byte 0x00, 0x00, 0x00, 0x00, 0x01, 0x00, 0x00, 0x00
.globl _sym_00bd9370
_sym_00bd9370:
.byte 0xff, 0xff, 0xff, 0xff
.long _sym_00ab3d70
.globl _sym_00bd9378
_sym_00bd9378:
.byte 0x22, 0x05, 0x93, 0x19, 0x01, 0x00, 0x00, 0x00
.long _sym_00bd9370
.byte 0x00, 0x00, 0x00, 0x00, 0x00, 0x00, 0x00, 0x00, 0x00, 0x00, 0x00, 0x00, 0x00, 0x00, 0x00, 0x00
.byte 0x00, 0x00, 0x00, 0x00, 0x01, 0x00, 0x00, 0x00
.globl _sym_00bd939c
_sym_00bd939c:
.byte 0x22, 0x05, 0x93, 0x19, 0x06, 0x00, 0x00, 0x00
.long _sym_00bd93c0
.byte 0x00, 0x00, 0x00, 0x00, 0x00, 0x00, 0x00, 0x00, 0x00, 0x00, 0x00, 0x00, 0x00, 0x00, 0x00, 0x00
.byte 0x00, 0x00, 0x00, 0x00, 0x01, 0x00, 0x00, 0x00
.globl _sym_00bd93c0
_sym_00bd93c0:
.byte 0xff, 0xff, 0xff, 0xff
.long _sym_00ab3cf0
.byte 0xff, 0xff, 0xff, 0xff
.long _sym_00ab3cfe
.byte 0x01, 0x00, 0x00, 0x00
.long _sym_00ab3d0c
.byte 0x01, 0x00, 0x00, 0x00, 0x00, 0x00, 0x00, 0x00, 0x01, 0x00, 0x00, 0x00, 0x00, 0x00, 0x00, 0x00
.byte 0x01, 0x00, 0x00, 0x00, 0x00, 0x00, 0x00, 0x00
.globl _sym_00bd93f0
_sym_00bd93f0:
.byte 0xff, 0xff, 0xff, 0xff
.long _sym_00ab3c00
.globl _sym_00bd93f8
_sym_00bd93f8:
.byte 0x22, 0x05, 0x93, 0x19, 0x01, 0x00, 0x00, 0x00
.long _sym_00bd93f0
.byte 0x00, 0x00, 0x00, 0x00, 0x00, 0x00, 0x00, 0x00, 0x00, 0x00, 0x00, 0x00, 0x00, 0x00, 0x00, 0x00
.byte 0x00, 0x00, 0x00, 0x00, 0x01, 0x00, 0x00, 0x00
.globl _sym_00bd941c
_sym_00bd941c:
.byte 0xff, 0xff, 0xff, 0xff
.long _sym_00ab3da0
.globl _sym_00bd9424
_sym_00bd9424:
.byte 0x22, 0x05, 0x93, 0x19, 0x01, 0x00, 0x00, 0x00
.long _sym_00bd941c
.byte 0x00, 0x00, 0x00, 0x00, 0x00, 0x00, 0x00, 0x00, 0x00, 0x00, 0x00, 0x00, 0x00, 0x00, 0x00, 0x00
.byte 0x00, 0x00, 0x00, 0x00, 0x01, 0x00, 0x00, 0x00
.globl _sym_00bd9448
_sym_00bd9448:
.byte 0xff, 0xff, 0xff, 0xff
.long _sym_00ab3dd0
.globl _sym_00bd9450
_sym_00bd9450:
.byte 0x22, 0x05, 0x93, 0x19, 0x01, 0x00, 0x00, 0x00
.long _sym_00bd9448
.byte 0x00, 0x00, 0x00, 0x00, 0x00, 0x00, 0x00, 0x00, 0x00, 0x00, 0x00, 0x00, 0x00, 0x00, 0x00, 0x00
.byte 0x00, 0x00, 0x00, 0x00, 0x01, 0x00, 0x00, 0x00
.globl _sym_00bd9474
_sym_00bd9474:
.byte 0xff, 0xff, 0xff, 0xff
.long _sym_00ab3c60
.globl _sym_00bd947c
_sym_00bd947c:
.byte 0x22, 0x05, 0x93, 0x19, 0x01, 0x00, 0x00, 0x00
.long _sym_00bd9474
.byte 0x00, 0x00, 0x00, 0x00, 0x00, 0x00, 0x00, 0x00, 0x00, 0x00, 0x00, 0x00, 0x00, 0x00, 0x00, 0x00
.byte 0x00, 0x00, 0x00, 0x00, 0x01, 0x00, 0x00, 0x00
.globl _sym_00bd94a0
_sym_00bd94a0:
.byte 0xff, 0xff, 0xff, 0xff
.long _sym_00ab3cc0
.globl _sym_00bd94a8
_sym_00bd94a8:
.byte 0x22, 0x05, 0x93, 0x19, 0x01, 0x00, 0x00, 0x00
.long _sym_00bd94a0
.byte 0x00, 0x00, 0x00, 0x00, 0x00, 0x00, 0x00, 0x00, 0x00, 0x00, 0x00, 0x00, 0x00, 0x00, 0x00, 0x00
.byte 0x00, 0x00, 0x00, 0x00, 0x01, 0x00, 0x00, 0x00
.globl _sym_00bd94cc
_sym_00bd94cc:
.byte 0xff, 0xff, 0xff, 0xff
.long _sym_00ab3c90
.globl _sym_00bd94d4
_sym_00bd94d4:
.byte 0x22, 0x05, 0x93, 0x19, 0x01, 0x00, 0x00, 0x00
.long _sym_00bd94cc
.byte 0x00, 0x00, 0x00, 0x00, 0x00, 0x00, 0x00, 0x00, 0x00, 0x00, 0x00, 0x00, 0x00, 0x00, 0x00, 0x00
.byte 0x00, 0x00, 0x00, 0x00, 0x01, 0x00, 0x00, 0x00
.globl _sym_00bd94f8
_sym_00bd94f8:
.byte 0xff, 0xff, 0xff, 0xff
.long _sym_00ab3ba0
.byte 0xff, 0xff, 0xff, 0xff, 0x00, 0x00, 0x00, 0x00, 0xff, 0xff, 0xff, 0xff, 0x00, 0x00, 0x00, 0x00
.byte 0xff, 0xff, 0xff, 0xff, 0x00, 0x00, 0x00, 0x00
.globl _sym_00bd9518
_sym_00bd9518:
.byte 0x22, 0x05, 0x93, 0x19, 0x04, 0x00, 0x00, 0x00
.long _sym_00bd94f8
.byte 0x00, 0x00, 0x00, 0x00, 0x00, 0x00, 0x00, 0x00, 0x00, 0x00, 0x00, 0x00, 0x00, 0x00, 0x00, 0x00
.byte 0x00, 0x00, 0x00, 0x00, 0x01, 0x00, 0x00, 0x00
.globl _sym_00bd953c
_sym_00bd953c:
.byte 0xff, 0xff, 0xff, 0xff
.long _sym_00ab3bd0
.byte 0xff, 0xff, 0xff, 0xff, 0x00, 0x00, 0x00, 0x00, 0xff, 0xff, 0xff, 0xff, 0x00, 0x00, 0x00, 0x00
.byte 0xff, 0xff, 0xff, 0xff, 0x00, 0x00, 0x00, 0x00
.globl _sym_00bd955c
_sym_00bd955c:
.byte 0x22, 0x05, 0x93, 0x19, 0x04, 0x00, 0x00, 0x00
.long _sym_00bd953c
.byte 0x00, 0x00, 0x00, 0x00, 0x00, 0x00, 0x00, 0x00, 0x00, 0x00, 0x00, 0x00, 0x00, 0x00, 0x00, 0x00
.byte 0x00, 0x00, 0x00, 0x00, 0x01, 0x00, 0x00, 0x00
.globl _sym_00bd9580
_sym_00bd9580:
.byte 0xff, 0xff, 0xff, 0xff
.long _sym_00ab3f90
.byte 0xff, 0xff, 0xff, 0xff
.long _sym_00ab3f9e
.globl _sym_00bd9590
_sym_00bd9590:
.byte 0x22, 0x05, 0x93, 0x19, 0x02, 0x00, 0x00, 0x00
.long _sym_00bd9580
.byte 0x00, 0x00, 0x00, 0x00, 0x00, 0x00, 0x00, 0x00, 0x00, 0x00, 0x00, 0x00, 0x00, 0x00, 0x00, 0x00
.byte 0x00, 0x00, 0x00, 0x00, 0x01, 0x00, 0x00, 0x00
.globl _sym_00bd95b4
_sym_00bd95b4:
.byte 0xff, 0xff, 0xff, 0xff
.long _sym_00ab4030
.globl _sym_00bd95bc
_sym_00bd95bc:
.byte 0x22, 0x05, 0x93, 0x19, 0x01, 0x00, 0x00, 0x00
.long _sym_00bd95b4
.byte 0x00, 0x00, 0x00, 0x00, 0x00, 0x00, 0x00, 0x00, 0x00, 0x00, 0x00, 0x00, 0x00, 0x00, 0x00, 0x00
.byte 0x00, 0x00, 0x00, 0x00, 0x01, 0x00, 0x00, 0x00
.globl _sym_00bd95e0
_sym_00bd95e0:
.byte 0xff, 0xff, 0xff, 0xff
.long _sym_00ab3e30
.globl _sym_00bd95e8
_sym_00bd95e8:
.byte 0x22, 0x05, 0x93, 0x19, 0x01, 0x00, 0x00, 0x00
.long _sym_00bd95e0
.byte 0x00, 0x00, 0x00, 0x00, 0x00, 0x00, 0x00, 0x00, 0x00, 0x00, 0x00, 0x00, 0x00, 0x00, 0x00, 0x00
.byte 0x00, 0x00, 0x00, 0x00, 0x01, 0x00, 0x00, 0x00
.globl _sym_00bd960c
_sym_00bd960c:
.byte 0xff, 0xff, 0xff, 0xff
.long _sym_00ab3e60
.globl _sym_00bd9614
_sym_00bd9614:
.byte 0x22, 0x05, 0x93, 0x19, 0x01, 0x00, 0x00, 0x00
.long _sym_00bd960c
.byte 0x00, 0x00, 0x00, 0x00, 0x00, 0x00, 0x00, 0x00, 0x00, 0x00, 0x00, 0x00, 0x00, 0x00, 0x00, 0x00
.byte 0x00, 0x00, 0x00, 0x00, 0x01, 0x00, 0x00, 0x00
.globl _sym_00bd9638
_sym_00bd9638:
.byte 0xff, 0xff, 0xff, 0xff
.long _sym_00ab3e90
.globl _sym_00bd9640
_sym_00bd9640:
.byte 0x22, 0x05, 0x93, 0x19, 0x01, 0x00, 0x00, 0x00
.long _sym_00bd9638
.byte 0x00, 0x00, 0x00, 0x00, 0x00, 0x00, 0x00, 0x00, 0x00, 0x00, 0x00, 0x00, 0x00, 0x00, 0x00, 0x00
.byte 0x00, 0x00, 0x00, 0x00, 0x01, 0x00, 0x00, 0x00
.globl _sym_00bd9664
_sym_00bd9664:
.byte 0xff, 0xff, 0xff, 0xff
.long _sym_00ab3fd0
.globl _sym_00bd966c
_sym_00bd966c:
.byte 0x22, 0x05, 0x93, 0x19, 0x01, 0x00, 0x00, 0x00
.long _sym_00bd9664
.byte 0x00, 0x00, 0x00, 0x00, 0x00, 0x00, 0x00, 0x00, 0x00, 0x00, 0x00, 0x00, 0x00, 0x00, 0x00, 0x00
.byte 0x00, 0x00, 0x00, 0x00, 0x01, 0x00, 0x00, 0x00
.globl _sym_00bd9690
_sym_00bd9690:
.byte 0x22, 0x05, 0x93, 0x19, 0x06, 0x00, 0x00, 0x00
.long _sym_00bd96b4
.byte 0x00, 0x00, 0x00, 0x00, 0x00, 0x00, 0x00, 0x00, 0x00, 0x00, 0x00, 0x00, 0x00, 0x00, 0x00, 0x00
.byte 0x00, 0x00, 0x00, 0x00, 0x01, 0x00, 0x00, 0x00
.globl _sym_00bd96b4
_sym_00bd96b4:
.byte 0xff, 0xff, 0xff, 0xff
.long _sym_00ab3f20
.byte 0xff, 0xff, 0xff, 0xff
.long _sym_00ab3f2e
.byte 0xff, 0xff, 0xff, 0xff
.long _sym_00ab3f3c
.byte 0xff, 0xff, 0xff, 0xff
.long _sym_00ab3f4a
.byte 0xff, 0xff, 0xff, 0xff
.long _sym_00ab3f58
.byte 0xff, 0xff, 0xff, 0xff
.long _sym_00ab3f66
.globl _sym_00bd96e4
_sym_00bd96e4:
.byte 0xff, 0xff, 0xff, 0xff
.long _sym_00ab3e00
.globl _sym_00bd96ec
_sym_00bd96ec:
.byte 0x22, 0x05, 0x93, 0x19, 0x01, 0x00, 0x00, 0x00
.long _sym_00bd96e4
.byte 0x00, 0x00, 0x00, 0x00, 0x00, 0x00, 0x00, 0x00, 0x00, 0x00, 0x00, 0x00, 0x00, 0x00, 0x00, 0x00
.byte 0x00, 0x00, 0x00, 0x00, 0x01, 0x00, 0x00, 0x00
.globl _sym_00bd9710
_sym_00bd9710:
.byte 0xff, 0xff, 0xff, 0xff
.long _sym_00ab4000
.globl _sym_00bd9718
_sym_00bd9718:
.byte 0x22, 0x05, 0x93, 0x19, 0x01, 0x00, 0x00, 0x00
.long _sym_00bd9710
.byte 0x00, 0x00, 0x00, 0x00, 0x00, 0x00, 0x00, 0x00, 0x00, 0x00, 0x00, 0x00, 0x00, 0x00, 0x00, 0x00
.byte 0x00, 0x00, 0x00, 0x00, 0x01, 0x00, 0x00, 0x00
.globl _sym_00bd973c
_sym_00bd973c:
.byte 0xff, 0xff, 0xff, 0xff
.long _sym_00ab3ef0
.globl _sym_00bd9744
_sym_00bd9744:
.byte 0x22, 0x05, 0x93, 0x19, 0x01, 0x00, 0x00, 0x00
.long _sym_00bd973c
.byte 0x00, 0x00, 0x00, 0x00, 0x00, 0x00, 0x00, 0x00, 0x00, 0x00, 0x00, 0x00, 0x00, 0x00, 0x00, 0x00
.byte 0x00, 0x00, 0x00, 0x00, 0x01, 0x00, 0x00, 0x00
.globl _sym_00bd9768
_sym_00bd9768:
.byte 0xff, 0xff, 0xff, 0xff
.long _sym_00ab3ec0
.globl _sym_00bd9770
_sym_00bd9770:
.byte 0x22, 0x05, 0x93, 0x19, 0x01, 0x00, 0x00, 0x00
.long _sym_00bd9768
.byte 0x00, 0x00, 0x00, 0x00, 0x00, 0x00, 0x00, 0x00, 0x00, 0x00, 0x00, 0x00, 0x00, 0x00, 0x00, 0x00
.byte 0x00, 0x00, 0x00, 0x00, 0x01, 0x00, 0x00, 0x00
.globl _sym_00bd9794
_sym_00bd9794:
.byte 0xff, 0xff, 0xff, 0xff
.long _sym_00ab4730
.byte 0x00, 0x00, 0x00, 0x00
.long _sym_00ab473b
.globl _sym_00bd97a4
_sym_00bd97a4:
.byte 0x22, 0x05, 0x93, 0x19, 0x02, 0x00, 0x00, 0x00
.long _sym_00bd9794
.byte 0x00, 0x00, 0x00, 0x00, 0x00, 0x00, 0x00, 0x00, 0x00, 0x00, 0x00, 0x00, 0x00, 0x00, 0x00, 0x00
.byte 0x00, 0x00, 0x00, 0x00, 0x01, 0x00, 0x00, 0x00
.globl _sym_00bd97c8
_sym_00bd97c8:
.byte 0x22, 0x05, 0x93, 0x19, 0x08, 0x00, 0x00, 0x00
.long _sym_00bd97ec
.byte 0x00, 0x00, 0x00, 0x00, 0x00, 0x00, 0x00, 0x00, 0x00, 0x00, 0x00, 0x00, 0x00, 0x00, 0x00, 0x00
.byte 0x00, 0x00, 0x00, 0x00, 0x01, 0x00, 0x00, 0x00
.globl _sym_00bd97ec
_sym_00bd97ec:
.byte 0xff, 0xff, 0xff, 0xff
.long _sym_00ab49e0
.byte 0xff, 0xff, 0xff, 0xff
.long _sym_00ab49ee
.byte 0xff, 0xff, 0xff, 0xff
.long _sym_00ab49fc
.byte 0xff, 0xff, 0xff, 0xff
.long _sym_00ab4a0a
.byte 0xff, 0xff, 0xff, 0xff
.long _sym_00ab4a18
.byte 0xff, 0xff, 0xff, 0xff
.long _sym_00ab4a26
.byte 0xff, 0xff, 0xff, 0xff
.long _sym_00ab4a34
.byte 0xff, 0xff, 0xff, 0xff
.long _sym_00ab4a42
.globl _sym_00bd982c
_sym_00bd982c:
.byte 0xff, 0xff, 0xff, 0xff
.long _sym_00ab4700
.globl _sym_00bd9834
_sym_00bd9834:
.byte 0x22, 0x05, 0x93, 0x19, 0x01, 0x00, 0x00, 0x00
.long _sym_00bd982c
.byte 0x00, 0x00, 0x00, 0x00, 0x00, 0x00, 0x00, 0x00, 0x00, 0x00, 0x00, 0x00, 0x00, 0x00, 0x00, 0x00
.byte 0x00, 0x00, 0x00, 0x00, 0x01, 0x00, 0x00, 0x00
.globl _sym_00bd9858
_sym_00bd9858:
.byte 0xff, 0xff, 0xff, 0xff
.long _sym_00ab47f0
.byte 0x00, 0x00, 0x00, 0x00
.long _sym_00ab47f8
.byte 0x01, 0x00, 0x00, 0x00
.long _sym_00ab4803
.globl _sym_00bd9870
_sym_00bd9870:
.byte 0x22, 0x05, 0x93, 0x19, 0x03, 0x00, 0x00, 0x00
.long _sym_00bd9858
.byte 0x00, 0x00, 0x00, 0x00, 0x00, 0x00, 0x00, 0x00, 0x00, 0x00, 0x00, 0x00, 0x00, 0x00, 0x00, 0x00
.byte 0x00, 0x00, 0x00, 0x00, 0x01, 0x00, 0x00, 0x00
.globl _sym_00bd9894
_sym_00bd9894:
.byte 0xff, 0xff, 0xff, 0xff
.long _sym_00ab4770
.byte 0x00, 0x00, 0x00, 0x00
.long _sym_00ab4778
.byte 0x01, 0x00, 0x00, 0x00
.long _sym_00ab4783
.globl _sym_00bd98ac
_sym_00bd98ac:
.byte 0x22, 0x05, 0x93, 0x19, 0x03, 0x00, 0x00, 0x00
.long _sym_00bd9894
.byte 0x00, 0x00, 0x00, 0x00, 0x00, 0x00, 0x00, 0x00, 0x00, 0x00, 0x00, 0x00, 0x00, 0x00, 0x00, 0x00
.byte 0x00, 0x00, 0x00, 0x00, 0x01, 0x00, 0x00, 0x00
.globl _sym_00bd98d0
_sym_00bd98d0:
.byte 0x22, 0x05, 0x93, 0x19, 0x05, 0x00, 0x00, 0x00
.long _sym_00bd98f4
.byte 0x00, 0x00, 0x00, 0x00, 0x00, 0x00, 0x00, 0x00, 0x00, 0x00, 0x00, 0x00, 0x00, 0x00, 0x00, 0x00
.byte 0x00, 0x00, 0x00, 0x00, 0x01, 0x00, 0x00, 0x00
.globl _sym_00bd98f4
_sym_00bd98f4:
.byte 0xff, 0xff, 0xff, 0xff
.long _sym_00ab48c0
.byte 0xff, 0xff, 0xff, 0xff
.long _sym_00ab48ce
.byte 0xff, 0xff, 0xff, 0xff
.long _sym_00ab48dc
.byte 0xff, 0xff, 0xff, 0xff
.long _sym_00ab48ea
.byte 0xff, 0xff, 0xff, 0xff
.long _sym_00ab48f8
.globl _sym_00bd991c
_sym_00bd991c:
.byte 0xff, 0xff, 0xff, 0xff
.long _sym_00ab46a0
.globl _sym_00bd9924
_sym_00bd9924:
.byte 0x22, 0x05, 0x93, 0x19, 0x01, 0x00, 0x00, 0x00
.long _sym_00bd991c
.byte 0x00, 0x00, 0x00, 0x00, 0x00, 0x00, 0x00, 0x00, 0x00, 0x00, 0x00, 0x00, 0x00, 0x00, 0x00, 0x00
.byte 0x00, 0x00, 0x00, 0x00, 0x01, 0x00, 0x00, 0x00
.globl _sym_00bd9948
_sym_00bd9948:
.byte 0x22, 0x05, 0x93, 0x19, 0x16, 0x00, 0x00, 0x00
.long _sym_00bd996c
.byte 0x00, 0x00, 0x00, 0x00, 0x00, 0x00, 0x00, 0x00, 0x00, 0x00, 0x00, 0x00, 0x00, 0x00, 0x00, 0x00
.byte 0x00, 0x00, 0x00, 0x00, 0x01, 0x00, 0x00, 0x00
.globl _sym_00bd996c
_sym_00bd996c:
.byte 0xff, 0xff, 0xff, 0xff
.long _sym_00ab4930
.byte 0xff, 0xff, 0xff, 0xff
.long _sym_00ab493e
.byte 0x01, 0x00, 0x00, 0x00
.long _sym_00ab494c
.byte 0x01, 0x00, 0x00, 0x00, 0x00, 0x00, 0x00, 0x00, 0x01, 0x00, 0x00, 0x00, 0x00, 0x00, 0x00, 0x00
.byte 0x01, 0x00, 0x00, 0x00, 0x00, 0x00, 0x00, 0x00, 0xff, 0xff, 0xff, 0xff
.long _sym_00ab495a
.byte 0x06, 0x00, 0x00, 0x00
.long _sym_00ab4968
.byte 0x06, 0x00, 0x00, 0x00, 0x00, 0x00, 0x00, 0x00, 0x06, 0x00, 0x00, 0x00, 0x00, 0x00, 0x00, 0x00
.byte 0x06, 0x00, 0x00, 0x00, 0x00, 0x00, 0x00, 0x00, 0xff, 0xff, 0xff, 0xff
.long _sym_00ab4976
.byte 0x0b, 0x00, 0x00, 0x00
.long _sym_00ab4984
.byte 0x0b, 0x00, 0x00, 0x00, 0x00, 0x00, 0x00, 0x00, 0x0b, 0x00, 0x00, 0x00, 0x00, 0x00, 0x00, 0x00
.byte 0x0b, 0x00, 0x00, 0x00, 0x00, 0x00, 0x00, 0x00, 0xff, 0xff, 0xff, 0xff
.long _sym_00ab4992
.byte 0x10, 0x00, 0x00, 0x00
.long _sym_00ab49a0
.byte 0x10, 0x00, 0x00, 0x00, 0x00, 0x00, 0x00, 0x00, 0x10, 0x00, 0x00, 0x00, 0x00, 0x00, 0x00, 0x00
.byte 0x10, 0x00, 0x00, 0x00, 0x00, 0x00, 0x00, 0x00, 0xff, 0xff, 0xff, 0xff
.long _sym_00ab49ae
.globl _sym_00bd9a1c
_sym_00bd9a1c:
.byte 0xff, 0xff, 0xff, 0xff
.long _sym_00ab46d0
.globl _sym_00bd9a24
_sym_00bd9a24:
.byte 0x22, 0x05, 0x93, 0x19, 0x01, 0x00, 0x00, 0x00
.long _sym_00bd9a1c
.byte 0x00, 0x00, 0x00, 0x00, 0x00, 0x00, 0x00, 0x00, 0x00, 0x00, 0x00, 0x00, 0x00, 0x00, 0x00, 0x00
.byte 0x00, 0x00, 0x00, 0x00, 0x01, 0x00, 0x00, 0x00
.globl _sym_00bd9a48
_sym_00bd9a48:
.byte 0xff, 0xff, 0xff, 0xff
.long _sym_00ab4ad0
.byte 0xff, 0xff, 0xff, 0xff
.long _sym_00ab4ade
.byte 0xff, 0xff, 0xff, 0xff
.long _sym_00ab4aec
.byte 0xff, 0xff, 0xff, 0xff
.long _sym_00ab4afa
.globl _sym_00bd9a68
_sym_00bd9a68:
.byte 0x22, 0x05, 0x93, 0x19, 0x04, 0x00, 0x00, 0x00
.long _sym_00bd9a48
.byte 0x00, 0x00, 0x00, 0x00, 0x00, 0x00, 0x00, 0x00, 0x00, 0x00, 0x00, 0x00, 0x00, 0x00, 0x00, 0x00
.byte 0x00, 0x00, 0x00, 0x00, 0x01, 0x00, 0x00, 0x00
.globl _sym_00bd9a8c
_sym_00bd9a8c:
.byte 0xff, 0xff, 0xff, 0xff
.long _sym_00ab4d20
.byte 0xff, 0xff, 0xff, 0xff, 0x00, 0x00, 0x00, 0x00, 0xff, 0xff, 0xff, 0xff, 0x00, 0x00, 0x00, 0x00
.byte 0xff, 0xff, 0xff, 0xff, 0x00, 0x00, 0x00, 0x00
.globl _sym_00bd9aac
_sym_00bd9aac:
.byte 0x22, 0x05, 0x93, 0x19, 0x04, 0x00, 0x00, 0x00
.long _sym_00bd9a8c
.byte 0x00, 0x00, 0x00, 0x00, 0x00, 0x00, 0x00, 0x00, 0x00, 0x00, 0x00, 0x00, 0x00, 0x00, 0x00, 0x00
.byte 0x00, 0x00, 0x00, 0x00, 0x01, 0x00, 0x00, 0x00
.globl _sym_00bd9ad0
_sym_00bd9ad0:
.byte 0xff, 0xff, 0xff, 0xff
.long _sym_00ab4b30
.byte 0xff, 0xff, 0xff, 0xff
.long _sym_00ab4b3e
.byte 0xff, 0xff, 0xff, 0xff
.long _sym_00ab4b4c
.byte 0xff, 0xff, 0xff, 0xff
.long _sym_00ab4b5a
.globl _sym_00bd9af0
_sym_00bd9af0:
.byte 0x22, 0x05, 0x93, 0x19, 0x04, 0x00, 0x00, 0x00
.long _sym_00bd9ad0
.byte 0x00, 0x00, 0x00, 0x00, 0x00, 0x00, 0x00, 0x00, 0x00, 0x00, 0x00, 0x00, 0x00, 0x00, 0x00, 0x00
.byte 0x00, 0x00, 0x00, 0x00, 0x01, 0x00, 0x00, 0x00
.globl _sym_00bd9b14
_sym_00bd9b14:
.byte 0xff, 0xff, 0xff, 0xff
.long _sym_00ab4d50
.byte 0xff, 0xff, 0xff, 0xff, 0x00, 0x00, 0x00, 0x00, 0xff, 0xff, 0xff, 0xff, 0x00, 0x00, 0x00, 0x00
.byte 0xff, 0xff, 0xff, 0xff, 0x00, 0x00, 0x00, 0x00
.globl _sym_00bd9b34
_sym_00bd9b34:
.byte 0x22, 0x05, 0x93, 0x19, 0x04, 0x00, 0x00, 0x00
.long _sym_00bd9b14
.byte 0x00, 0x00, 0x00, 0x00, 0x00, 0x00, 0x00, 0x00, 0x00, 0x00, 0x00, 0x00, 0x00, 0x00, 0x00, 0x00
.byte 0x00, 0x00, 0x00, 0x00, 0x01, 0x00, 0x00, 0x00
.globl _sym_00bd9b58
_sym_00bd9b58:
.byte 0xff, 0xff, 0xff, 0xff
.long _sym_00ab4a70
.byte 0xff, 0xff, 0xff, 0xff
.long _sym_00ab4a7e
.byte 0xff, 0xff, 0xff, 0xff
.long _sym_00ab4a8c
.byte 0xff, 0xff, 0xff, 0xff
.long _sym_00ab4a9a
.globl _sym_00bd9b78
_sym_00bd9b78:
.byte 0x22, 0x05, 0x93, 0x19, 0x04, 0x00, 0x00, 0x00
.long _sym_00bd9b58
.byte 0x00, 0x00, 0x00, 0x00, 0x00, 0x00, 0x00, 0x00, 0x00, 0x00, 0x00, 0x00, 0x00, 0x00, 0x00, 0x00
.byte 0x00, 0x00, 0x00, 0x00, 0x01, 0x00, 0x00, 0x00
.globl _sym_00bd9b9c
_sym_00bd9b9c:
.byte 0xff, 0xff, 0xff, 0xff
.long _sym_00ab4cf0
.byte 0xff, 0xff, 0xff, 0xff, 0x00, 0x00, 0x00, 0x00, 0xff, 0xff, 0xff, 0xff, 0x00, 0x00, 0x00, 0x00
.byte 0xff, 0xff, 0xff, 0xff, 0x00, 0x00, 0x00, 0x00
.globl _sym_00bd9bbc
_sym_00bd9bbc:
.byte 0x22, 0x05, 0x93, 0x19, 0x04, 0x00, 0x00, 0x00
.long _sym_00bd9b9c
.byte 0x00, 0x00, 0x00, 0x00, 0x00, 0x00, 0x00, 0x00, 0x00, 0x00, 0x00, 0x00, 0x00, 0x00, 0x00, 0x00
.byte 0x00, 0x00, 0x00, 0x00, 0x01, 0x00, 0x00, 0x00
.globl _sym_00bd9be0
_sym_00bd9be0:
.byte 0xff, 0xff, 0xff, 0xff
.long _sym_00ab47b0
.byte 0x00, 0x00, 0x00, 0x00
.long _sym_00ab47bb
.byte 0x01, 0x00, 0x00, 0x00
.long _sym_00ab47c6
.globl _sym_00bd9bf8
_sym_00bd9bf8:
.byte 0x22, 0x05, 0x93, 0x19, 0x03, 0x00, 0x00, 0x00
.long _sym_00bd9be0
.byte 0x00, 0x00, 0x00, 0x00, 0x00, 0x00, 0x00, 0x00, 0x00, 0x00, 0x00, 0x00, 0x00, 0x00, 0x00, 0x00
.byte 0x00, 0x00, 0x00, 0x00, 0x01, 0x00, 0x00, 0x00
.globl _sym_00bd9c1c
_sym_00bd9c1c:
.byte 0xff, 0xff, 0xff, 0xff
.long _sym_00ab5120
.globl _sym_00bd9c24
_sym_00bd9c24:
.byte 0x22, 0x05, 0x93, 0x19, 0x01, 0x00, 0x00, 0x00
.long _sym_00bd9c1c
.byte 0x00, 0x00, 0x00, 0x00, 0x00, 0x00, 0x00, 0x00, 0x00, 0x00, 0x00, 0x00, 0x00, 0x00, 0x00, 0x00
.byte 0x00, 0x00, 0x00, 0x00, 0x01, 0x00, 0x00, 0x00
.globl _sym_00bd9c48
_sym_00bd9c48:
.byte 0xff, 0xff, 0xff, 0xff
.long _sym_00ab50f0
.globl _sym_00bd9c50
_sym_00bd9c50:
.byte 0x22, 0x05, 0x93, 0x19, 0x01, 0x00, 0x00, 0x00
.long _sym_00bd9c48
.byte 0x00, 0x00, 0x00, 0x00, 0x00, 0x00, 0x00, 0x00, 0x00, 0x00, 0x00, 0x00, 0x00, 0x00, 0x00, 0x00
.byte 0x00, 0x00, 0x00, 0x00, 0x01, 0x00, 0x00, 0x00
.globl _sym_00bd9c74
_sym_00bd9c74:
.byte 0xff, 0xff, 0xff, 0xff
.long _sym_00ab5150
.byte 0x00, 0x00, 0x00, 0x00
.long _sym_00ab5158
.globl _sym_00bd9c84
_sym_00bd9c84:
.byte 0x22, 0x05, 0x93, 0x19, 0x02, 0x00, 0x00, 0x00
.long _sym_00bd9c74
.byte 0x00, 0x00, 0x00, 0x00, 0x00, 0x00, 0x00, 0x00, 0x00, 0x00, 0x00, 0x00, 0x00, 0x00, 0x00, 0x00
.byte 0x00, 0x00, 0x00, 0x00, 0x01, 0x00, 0x00, 0x00
.globl _sym_00bd9ca8
_sym_00bd9ca8:
.byte 0xff, 0xff, 0xff, 0xff
.long _sym_00ab43a0
.globl _sym_00bd9cb0
_sym_00bd9cb0:
.byte 0x22, 0x05, 0x93, 0x19, 0x01, 0x00, 0x00, 0x00
.long _sym_00bd9ca8
.byte 0x00, 0x00, 0x00, 0x00, 0x00, 0x00, 0x00, 0x00, 0x00, 0x00, 0x00, 0x00, 0x00, 0x00, 0x00, 0x00
.byte 0x00, 0x00, 0x00, 0x00, 0x01, 0x00, 0x00, 0x00
.globl _sym_00bd9cd4
_sym_00bd9cd4:
.byte 0xff, 0xff, 0xff, 0xff
.long _sym_00ab4f90
.globl _sym_00bd9cdc
_sym_00bd9cdc:
.byte 0x22, 0x05, 0x93, 0x19, 0x01, 0x00, 0x00, 0x00
.long _sym_00bd9cd4
.byte 0x00, 0x00, 0x00, 0x00, 0x00, 0x00, 0x00, 0x00, 0x00, 0x00, 0x00, 0x00, 0x00, 0x00, 0x00, 0x00
.byte 0x00, 0x00, 0x00, 0x00, 0x01, 0x00, 0x00, 0x00
.globl _sym_00bd9d00
_sym_00bd9d00:
.byte 0xff, 0xff, 0xff, 0xff
.long _sym_00ab4b90
.byte 0x00, 0x00, 0x00, 0x00
.long _sym_00ab4b98
.byte 0x01, 0x00, 0x00, 0x00
.long _sym_00ab4ba3
.globl _sym_00bd9d18
_sym_00bd9d18:
.byte 0x22, 0x05, 0x93, 0x19, 0x03, 0x00, 0x00, 0x00
.long _sym_00bd9d00
.byte 0x00, 0x00, 0x00, 0x00, 0x00, 0x00, 0x00, 0x00, 0x00, 0x00, 0x00, 0x00, 0x00, 0x00, 0x00, 0x00
.byte 0x00, 0x00, 0x00, 0x00, 0x01, 0x00, 0x00, 0x00
.globl _sym_00bd9d3c
_sym_00bd9d3c:
.byte 0xff, 0xff, 0xff, 0xff
.long _sym_00ab4060
.byte 0x00, 0x00, 0x00, 0x00
.long _sym_00ab4071
.byte 0x01, 0x00, 0x00, 0x00
.long _sym_00ab407c
.globl _sym_00bd9d54
_sym_00bd9d54:
.byte 0x22, 0x05, 0x93, 0x19, 0x03, 0x00, 0x00, 0x00
.long _sym_00bd9d3c
.byte 0x00, 0x00, 0x00, 0x00, 0x00, 0x00, 0x00, 0x00, 0x00, 0x00, 0x00, 0x00, 0x00, 0x00, 0x00, 0x00
.byte 0x00, 0x00, 0x00, 0x00, 0x01, 0x00, 0x00, 0x00
.globl _sym_00bd9d78
_sym_00bd9d78:
.byte 0xff, 0xff, 0xff, 0xff
.long _sym_00ab40b0
.byte 0x00, 0x00, 0x00, 0x00
.long _sym_00ab40c1
.byte 0x01, 0x00, 0x00, 0x00
.long _sym_00ab40c9
.byte 0x02, 0x00, 0x00, 0x00
.long _sym_00ab40d4
.globl _sym_00bd9d98
_sym_00bd9d98:
.byte 0x22, 0x05, 0x93, 0x19, 0x04, 0x00, 0x00, 0x00
.long _sym_00bd9d78
.byte 0x00, 0x00, 0x00, 0x00, 0x00, 0x00, 0x00, 0x00, 0x00, 0x00, 0x00, 0x00, 0x00, 0x00, 0x00, 0x00
.byte 0x00, 0x00, 0x00, 0x00, 0x01, 0x00, 0x00, 0x00
.globl _sym_00bd9dbc
_sym_00bd9dbc:
.byte 0xff, 0xff, 0xff, 0xff
.long _sym_00ab4860
.globl _sym_00bd9dc4
_sym_00bd9dc4:
.byte 0x22, 0x05, 0x93, 0x19, 0x01, 0x00, 0x00, 0x00
.long _sym_00bd9dbc
.byte 0x00, 0x00, 0x00, 0x00, 0x00, 0x00, 0x00, 0x00, 0x00, 0x00, 0x00, 0x00, 0x00, 0x00, 0x00, 0x00
.byte 0x00, 0x00, 0x00, 0x00, 0x01, 0x00, 0x00, 0x00
.globl _sym_00bd9de8
_sym_00bd9de8:
.byte 0xff, 0xff, 0xff, 0xff
.long _sym_00ab4460
.globl _sym_00bd9df0
_sym_00bd9df0:
.byte 0x22, 0x05, 0x93, 0x19, 0x01, 0x00, 0x00, 0x00
.long _sym_00bd9de8
.byte 0x00, 0x00, 0x00, 0x00, 0x00, 0x00, 0x00, 0x00, 0x00, 0x00, 0x00, 0x00, 0x00, 0x00, 0x00, 0x00
.byte 0x00, 0x00, 0x00, 0x00, 0x01, 0x00, 0x00, 0x00
.globl _sym_00bd9e14
_sym_00bd9e14:
.byte 0xff, 0xff, 0xff, 0xff
.long _sym_00ab4400
.byte 0xff, 0xff, 0xff, 0xff, 0x00, 0x00, 0x00, 0x00, 0xff, 0xff, 0xff, 0xff, 0x00, 0x00, 0x00, 0x00
.byte 0xff, 0xff, 0xff, 0xff, 0x00, 0x00, 0x00, 0x00
.globl _sym_00bd9e34
_sym_00bd9e34:
.byte 0x22, 0x05, 0x93, 0x19, 0x04, 0x00, 0x00, 0x00
.long _sym_00bd9e14
.byte 0x00, 0x00, 0x00, 0x00, 0x00, 0x00, 0x00, 0x00, 0x00, 0x00, 0x00, 0x00, 0x00, 0x00, 0x00, 0x00
.byte 0x00, 0x00, 0x00, 0x00, 0x01, 0x00, 0x00, 0x00
.globl _sym_00bd9e58
_sym_00bd9e58:
.byte 0xff, 0xff, 0xff, 0xff
.long _sym_00ab4430
.byte 0xff, 0xff, 0xff, 0xff, 0x00, 0x00, 0x00, 0x00, 0xff, 0xff, 0xff, 0xff, 0x00, 0x00, 0x00, 0x00
.byte 0xff, 0xff, 0xff, 0xff, 0x00, 0x00, 0x00, 0x00
.globl _sym_00bd9e78
_sym_00bd9e78:
.byte 0x22, 0x05, 0x93, 0x19, 0x04, 0x00, 0x00, 0x00
.long _sym_00bd9e58
.byte 0x00, 0x00, 0x00, 0x00, 0x00, 0x00, 0x00, 0x00, 0x00, 0x00, 0x00, 0x00, 0x00, 0x00, 0x00, 0x00
.byte 0x00, 0x00, 0x00, 0x00, 0x01, 0x00, 0x00, 0x00
.globl _sym_00bd9e9c
_sym_00bd9e9c:
.byte 0xff, 0xff, 0xff, 0xff
.long _sym_00ab43d0
.byte 0xff, 0xff, 0xff, 0xff, 0x00, 0x00, 0x00, 0x00, 0xff, 0xff, 0xff, 0xff, 0x00, 0x00, 0x00, 0x00
.byte 0xff, 0xff, 0xff, 0xff, 0x00, 0x00, 0x00, 0x00
.globl _sym_00bd9ebc
_sym_00bd9ebc:
.byte 0x22, 0x05, 0x93, 0x19, 0x04, 0x00, 0x00, 0x00
.long _sym_00bd9e9c
.byte 0x00, 0x00, 0x00, 0x00, 0x00, 0x00, 0x00, 0x00, 0x00, 0x00, 0x00, 0x00, 0x00, 0x00, 0x00, 0x00
.byte 0x00, 0x00, 0x00, 0x00, 0x01, 0x00, 0x00, 0x00
.globl _sym_00bd9ee0
_sym_00bd9ee0:
.byte 0xff, 0xff, 0xff, 0xff
.long _sym_00ab4890
.globl _sym_00bd9ee8
_sym_00bd9ee8:
.byte 0x22, 0x05, 0x93, 0x19, 0x01, 0x00, 0x00, 0x00
.long _sym_00bd9ee0
.byte 0x00, 0x00, 0x00, 0x00, 0x00, 0x00, 0x00, 0x00, 0x00, 0x00, 0x00, 0x00, 0x00, 0x00, 0x00, 0x00
.byte 0x00, 0x00, 0x00, 0x00, 0x01, 0x00, 0x00, 0x00
.globl _sym_00bd9f0c
_sym_00bd9f0c:
.byte 0xff, 0xff, 0xff, 0xff
.long _sym_00ab4830
.globl _sym_00bd9f14
_sym_00bd9f14:
.byte 0x22, 0x05, 0x93, 0x19, 0x01, 0x00, 0x00, 0x00
.long _sym_00bd9f0c
.byte 0x00, 0x00, 0x00, 0x00, 0x00, 0x00, 0x00, 0x00, 0x00, 0x00, 0x00, 0x00, 0x00, 0x00, 0x00, 0x00
.byte 0x00, 0x00, 0x00, 0x00, 0x01, 0x00, 0x00, 0x00
.globl _sym_00bd9f38
_sym_00bd9f38:
.byte 0xff, 0xff, 0xff, 0xff
.long _sym_00ab4610
.globl _sym_00bd9f40
_sym_00bd9f40:
.byte 0x22, 0x05, 0x93, 0x19, 0x01, 0x00, 0x00, 0x00
.long _sym_00bd9f38
.byte 0x00, 0x00, 0x00, 0x00, 0x00, 0x00, 0x00, 0x00, 0x00, 0x00, 0x00, 0x00, 0x00, 0x00, 0x00, 0x00
.byte 0x00, 0x00, 0x00, 0x00, 0x01, 0x00, 0x00, 0x00
.globl _sym_00bd9f64
_sym_00bd9f64:
.byte 0xff, 0xff, 0xff, 0xff
.long _sym_00ab4670
.globl _sym_00bd9f6c
_sym_00bd9f6c:
.byte 0x22, 0x05, 0x93, 0x19, 0x01, 0x00, 0x00, 0x00
.long _sym_00bd9f64
.byte 0x00, 0x00, 0x00, 0x00, 0x00, 0x00, 0x00, 0x00, 0x00, 0x00, 0x00, 0x00, 0x00, 0x00, 0x00, 0x00
.byte 0x00, 0x00, 0x00, 0x00, 0x01, 0x00, 0x00, 0x00
.globl _sym_00bd9f90
_sym_00bd9f90:
.byte 0xff, 0xff, 0xff, 0xff
.long _sym_00ab4640
.globl _sym_00bd9f98
_sym_00bd9f98:
.byte 0x22, 0x05, 0x93, 0x19, 0x01, 0x00, 0x00, 0x00
.long _sym_00bd9f90
.byte 0x00, 0x00, 0x00, 0x00, 0x00, 0x00, 0x00, 0x00, 0x00, 0x00, 0x00, 0x00, 0x00, 0x00, 0x00, 0x00
.byte 0x00, 0x00, 0x00, 0x00, 0x01, 0x00, 0x00, 0x00
.globl _sym_00bd9fbc
_sym_00bd9fbc:
.byte 0xff, 0xff, 0xff, 0xff
.long _sym_00ab42b0
.globl _sym_00bd9fc4
_sym_00bd9fc4:
.byte 0x22, 0x05, 0x93, 0x19, 0x01, 0x00, 0x00, 0x00
.long _sym_00bd9fbc
.byte 0x00, 0x00, 0x00, 0x00, 0x00, 0x00, 0x00, 0x00, 0x00, 0x00, 0x00, 0x00, 0x00, 0x00, 0x00, 0x00
.byte 0x00, 0x00, 0x00, 0x00, 0x01, 0x00, 0x00, 0x00
.globl _sym_00bd9fe8
_sym_00bd9fe8:
.byte 0xff, 0xff, 0xff, 0xff
.long _sym_00ab4250
.byte 0xff, 0xff, 0xff, 0xff, 0x00, 0x00, 0x00, 0x00, 0xff, 0xff, 0xff, 0xff, 0x00, 0x00, 0x00, 0x00
.byte 0xff, 0xff, 0xff, 0xff, 0x00, 0x00, 0x00, 0x00
.globl _sym_00bda008
_sym_00bda008:
.byte 0x22, 0x05, 0x93, 0x19, 0x04, 0x00, 0x00, 0x00
.long _sym_00bd9fe8
.byte 0x00, 0x00, 0x00, 0x00, 0x00, 0x00, 0x00, 0x00, 0x00, 0x00, 0x00, 0x00, 0x00, 0x00, 0x00, 0x00
.byte 0x00, 0x00, 0x00, 0x00, 0x01, 0x00, 0x00, 0x00
.globl _sym_00bda02c
_sym_00bda02c:
.byte 0xff, 0xff, 0xff, 0xff
.long _sym_00ab4280
.byte 0xff, 0xff, 0xff, 0xff, 0x00, 0x00, 0x00, 0x00, 0xff, 0xff, 0xff, 0xff, 0x00, 0x00, 0x00, 0x00
.byte 0xff, 0xff, 0xff, 0xff, 0x00, 0x00, 0x00, 0x00
.globl _sym_00bda04c
_sym_00bda04c:
.byte 0x22, 0x05, 0x93, 0x19, 0x04, 0x00, 0x00, 0x00
.long _sym_00bda02c
.byte 0x00, 0x00, 0x00, 0x00, 0x00, 0x00, 0x00, 0x00, 0x00, 0x00, 0x00, 0x00, 0x00, 0x00, 0x00, 0x00
.byte 0x00, 0x00, 0x00, 0x00, 0x01, 0x00, 0x00, 0x00
.globl _sym_00bda070
_sym_00bda070:
.byte 0xff, 0xff, 0xff, 0xff
.long _sym_00ab4220
.byte 0xff, 0xff, 0xff, 0xff, 0x00, 0x00, 0x00, 0x00, 0xff, 0xff, 0xff, 0xff, 0x00, 0x00, 0x00, 0x00
.byte 0xff, 0xff, 0xff, 0xff, 0x00, 0x00, 0x00, 0x00
.globl _sym_00bda090
_sym_00bda090:
.byte 0x22, 0x05, 0x93, 0x19, 0x04, 0x00, 0x00, 0x00
.long _sym_00bda070
.byte 0x00, 0x00, 0x00, 0x00, 0x00, 0x00, 0x00, 0x00, 0x00, 0x00, 0x00, 0x00, 0x00, 0x00, 0x00, 0x00
.byte 0x00, 0x00, 0x00, 0x00, 0x01, 0x00, 0x00, 0x00
.globl _sym_00bda0b4
_sym_00bda0b4:
.byte 0xff, 0xff, 0xff, 0xff
.long _sym_00ab4520
.byte 0xff, 0xff, 0xff, 0xff, 0x00, 0x00, 0x00, 0x00, 0xff, 0xff, 0xff, 0xff, 0x00, 0x00, 0x00, 0x00
.byte 0xff, 0xff, 0xff, 0xff, 0x00, 0x00, 0x00, 0x00
.globl _sym_00bda0d4
_sym_00bda0d4:
.byte 0x22, 0x05, 0x93, 0x19, 0x04, 0x00, 0x00, 0x00
.long _sym_00bda0b4
.byte 0x00, 0x00, 0x00, 0x00, 0x00, 0x00, 0x00, 0x00, 0x00, 0x00, 0x00, 0x00, 0x00, 0x00, 0x00, 0x00
.byte 0x00, 0x00, 0x00, 0x00, 0x01, 0x00, 0x00, 0x00
.globl _sym_00bda0f8
_sym_00bda0f8:
.byte 0xff, 0xff, 0xff, 0xff
.long _sym_00ab45e0
.byte 0xff, 0xff, 0xff, 0xff, 0x00, 0x00, 0x00, 0x00, 0xff, 0xff, 0xff, 0xff, 0x00, 0x00, 0x00, 0x00
.byte 0xff, 0xff, 0xff, 0xff, 0x00, 0x00, 0x00, 0x00
.globl _sym_00bda118
_sym_00bda118:
.byte 0x22, 0x05, 0x93, 0x19, 0x04, 0x00, 0x00, 0x00
.long _sym_00bda0f8
.byte 0x00, 0x00, 0x00, 0x00, 0x00, 0x00, 0x00, 0x00, 0x00, 0x00, 0x00, 0x00, 0x00, 0x00, 0x00, 0x00
.byte 0x00, 0x00, 0x00, 0x00, 0x01, 0x00, 0x00, 0x00
.globl _sym_00bda13c
_sym_00bda13c:
.byte 0xff, 0xff, 0xff, 0xff
.long _sym_00ab4490
.byte 0xff, 0xff, 0xff, 0xff, 0x00, 0x00, 0x00, 0x00, 0xff, 0xff, 0xff, 0xff, 0x00, 0x00, 0x00, 0x00
.byte 0xff, 0xff, 0xff, 0xff, 0x00, 0x00, 0x00, 0x00
.globl _sym_00bda15c
_sym_00bda15c:
.byte 0x22, 0x05, 0x93, 0x19, 0x04, 0x00, 0x00, 0x00
.long _sym_00bda13c
.byte 0x00, 0x00, 0x00, 0x00, 0x00, 0x00, 0x00, 0x00, 0x00, 0x00, 0x00, 0x00, 0x00, 0x00, 0x00, 0x00
.byte 0x00, 0x00, 0x00, 0x00, 0x01, 0x00, 0x00, 0x00
.globl _sym_00bda180
_sym_00bda180:
.byte 0xff, 0xff, 0xff, 0xff
.long _sym_00ab4550
.byte 0xff, 0xff, 0xff, 0xff, 0x00, 0x00, 0x00, 0x00, 0xff, 0xff, 0xff, 0xff, 0x00, 0x00, 0x00, 0x00
.byte 0xff, 0xff, 0xff, 0xff, 0x00, 0x00, 0x00, 0x00
.globl _sym_00bda1a0
_sym_00bda1a0:
.byte 0x22, 0x05, 0x93, 0x19, 0x04, 0x00, 0x00, 0x00
.long _sym_00bda180
.byte 0x00, 0x00, 0x00, 0x00, 0x00, 0x00, 0x00, 0x00, 0x00, 0x00, 0x00, 0x00, 0x00, 0x00, 0x00, 0x00
.byte 0x00, 0x00, 0x00, 0x00, 0x01, 0x00, 0x00, 0x00
.globl _sym_00bda1c4
_sym_00bda1c4:
.byte 0xff, 0xff, 0xff, 0xff
.long _sym_00ab4bd0
.byte 0xff, 0xff, 0xff, 0xff, 0x00, 0x00, 0x00, 0x00, 0xff, 0xff, 0xff, 0xff, 0x00, 0x00, 0x00, 0x00
.byte 0xff, 0xff, 0xff, 0xff, 0x00, 0x00, 0x00, 0x00
.globl _sym_00bda1e4
_sym_00bda1e4:
.byte 0x22, 0x05, 0x93, 0x19, 0x04, 0x00, 0x00, 0x00
.long _sym_00bda1c4
.byte 0x00, 0x00, 0x00, 0x00, 0x00, 0x00, 0x00, 0x00, 0x00, 0x00, 0x00, 0x00, 0x00, 0x00, 0x00, 0x00
.byte 0x00, 0x00, 0x00, 0x00, 0x01, 0x00, 0x00, 0x00
.globl _sym_00bda208
_sym_00bda208:
.byte 0xff, 0xff, 0xff, 0xff
.long _sym_00ab44f0
.byte 0xff, 0xff, 0xff, 0xff, 0x00, 0x00, 0x00, 0x00, 0xff, 0xff, 0xff, 0xff, 0x00, 0x00, 0x00, 0x00
.byte 0xff, 0xff, 0xff, 0xff, 0x00, 0x00, 0x00, 0x00
.globl _sym_00bda228
_sym_00bda228:
.byte 0x22, 0x05, 0x93, 0x19, 0x04, 0x00, 0x00, 0x00
.long _sym_00bda208
.byte 0x00, 0x00, 0x00, 0x00, 0x00, 0x00, 0x00, 0x00, 0x00, 0x00, 0x00, 0x00, 0x00, 0x00, 0x00, 0x00
.byte 0x00, 0x00, 0x00, 0x00, 0x01, 0x00, 0x00, 0x00
.globl _sym_00bda24c
_sym_00bda24c:
.byte 0xff, 0xff, 0xff, 0xff
.long _sym_00ab45b0
.byte 0xff, 0xff, 0xff, 0xff, 0x00, 0x00, 0x00, 0x00, 0xff, 0xff, 0xff, 0xff, 0x00, 0x00, 0x00, 0x00
.byte 0xff, 0xff, 0xff, 0xff, 0x00, 0x00, 0x00, 0x00
.globl _sym_00bda26c
_sym_00bda26c:
.byte 0x22, 0x05, 0x93, 0x19, 0x04, 0x00, 0x00, 0x00
.long _sym_00bda24c
.byte 0x00, 0x00, 0x00, 0x00, 0x00, 0x00, 0x00, 0x00, 0x00, 0x00, 0x00, 0x00, 0x00, 0x00, 0x00, 0x00
.byte 0x00, 0x00, 0x00, 0x00, 0x01, 0x00, 0x00, 0x00
.globl _sym_00bda290
_sym_00bda290:
.byte 0xff, 0xff, 0xff, 0xff
.long _sym_00ab4c30
.byte 0xff, 0xff, 0xff, 0xff, 0x00, 0x00, 0x00, 0x00, 0xff, 0xff, 0xff, 0xff, 0x00, 0x00, 0x00, 0x00
.byte 0xff, 0xff, 0xff, 0xff, 0x00, 0x00, 0x00, 0x00
.globl _sym_00bda2b0
_sym_00bda2b0:
.byte 0x22, 0x05, 0x93, 0x19, 0x04, 0x00, 0x00, 0x00
.long _sym_00bda290
.byte 0x00, 0x00, 0x00, 0x00, 0x00, 0x00, 0x00, 0x00, 0x00, 0x00, 0x00, 0x00, 0x00, 0x00, 0x00, 0x00
.byte 0x00, 0x00, 0x00, 0x00, 0x01, 0x00, 0x00, 0x00
.globl _sym_00bda2d4
_sym_00bda2d4:
.byte 0xff, 0xff, 0xff, 0xff
.long _sym_00ab44c0
.byte 0xff, 0xff, 0xff, 0xff, 0x00, 0x00, 0x00, 0x00, 0xff, 0xff, 0xff, 0xff, 0x00, 0x00, 0x00, 0x00
.byte 0xff, 0xff, 0xff, 0xff, 0x00, 0x00, 0x00, 0x00
.globl _sym_00bda2f4
_sym_00bda2f4:
.byte 0x22, 0x05, 0x93, 0x19, 0x04, 0x00, 0x00, 0x00
.long _sym_00bda2d4
.byte 0x00, 0x00, 0x00, 0x00, 0x00, 0x00, 0x00, 0x00, 0x00, 0x00, 0x00, 0x00, 0x00, 0x00, 0x00, 0x00
.byte 0x00, 0x00, 0x00, 0x00, 0x01, 0x00, 0x00, 0x00
.globl _sym_00bda318
_sym_00bda318:
.byte 0xff, 0xff, 0xff, 0xff
.long _sym_00ab4580
.byte 0xff, 0xff, 0xff, 0xff, 0x00, 0x00, 0x00, 0x00, 0xff, 0xff, 0xff, 0xff, 0x00, 0x00, 0x00, 0x00
.byte 0xff, 0xff, 0xff, 0xff, 0x00, 0x00, 0x00, 0x00
.globl _sym_00bda338
_sym_00bda338:
.byte 0x22, 0x05, 0x93, 0x19, 0x04, 0x00, 0x00, 0x00
.long _sym_00bda318
.byte 0x00, 0x00, 0x00, 0x00, 0x00, 0x00, 0x00, 0x00, 0x00, 0x00, 0x00, 0x00, 0x00, 0x00, 0x00, 0x00
.byte 0x00, 0x00, 0x00, 0x00, 0x01, 0x00, 0x00, 0x00
.globl _sym_00bda35c
_sym_00bda35c:
.byte 0xff, 0xff, 0xff, 0xff
.long _sym_00ab4c00
.byte 0xff, 0xff, 0xff, 0xff, 0x00, 0x00, 0x00, 0x00, 0xff, 0xff, 0xff, 0xff, 0x00, 0x00, 0x00, 0x00
.byte 0xff, 0xff, 0xff, 0xff, 0x00, 0x00, 0x00, 0x00
.globl _sym_00bda37c
_sym_00bda37c:
.byte 0x22, 0x05, 0x93, 0x19, 0x04, 0x00, 0x00, 0x00
.long _sym_00bda35c
.byte 0x00, 0x00, 0x00, 0x00, 0x00, 0x00, 0x00, 0x00, 0x00, 0x00, 0x00, 0x00, 0x00, 0x00, 0x00, 0x00
.byte 0x00, 0x00, 0x00, 0x00, 0x01, 0x00, 0x00, 0x00
.globl _sym_00bda3a0
_sym_00bda3a0:
.byte 0xff, 0xff, 0xff, 0xff
.long _sym_00ab4ea0
.globl _sym_00bda3a8
_sym_00bda3a8:
.byte 0x22, 0x05, 0x93, 0x19, 0x01, 0x00, 0x00, 0x00
.long _sym_00bda3a0
.byte 0x00, 0x00, 0x00, 0x00, 0x00, 0x00, 0x00, 0x00, 0x00, 0x00, 0x00, 0x00, 0x00, 0x00, 0x00, 0x00
.byte 0x00, 0x00, 0x00, 0x00, 0x01, 0x00, 0x00, 0x00
.globl _sym_00bda3cc
_sym_00bda3cc:
.byte 0xff, 0xff, 0xff, 0xff
.long _sym_00ab4e40
.byte 0xff, 0xff, 0xff, 0xff, 0x00, 0x00, 0x00, 0x00, 0xff, 0xff, 0xff, 0xff, 0x00, 0x00, 0x00, 0x00
.byte 0xff, 0xff, 0xff, 0xff, 0x00, 0x00, 0x00, 0x00
.globl _sym_00bda3ec
_sym_00bda3ec:
.byte 0x22, 0x05, 0x93, 0x19, 0x04, 0x00, 0x00, 0x00
.long _sym_00bda3cc
.byte 0x00, 0x00, 0x00, 0x00, 0x00, 0x00, 0x00, 0x00, 0x00, 0x00, 0x00, 0x00, 0x00, 0x00, 0x00, 0x00
.byte 0x00, 0x00, 0x00, 0x00, 0x01, 0x00, 0x00, 0x00
.globl _sym_00bda410
_sym_00bda410:
.byte 0xff, 0xff, 0xff, 0xff
.long _sym_00ab4e70
.byte 0xff, 0xff, 0xff, 0xff, 0x00, 0x00, 0x00, 0x00, 0xff, 0xff, 0xff, 0xff, 0x00, 0x00, 0x00, 0x00
.byte 0xff, 0xff, 0xff, 0xff, 0x00, 0x00, 0x00, 0x00
.globl _sym_00bda430
_sym_00bda430:
.byte 0x22, 0x05, 0x93, 0x19, 0x04, 0x00, 0x00, 0x00
.long _sym_00bda410
.byte 0x00, 0x00, 0x00, 0x00, 0x00, 0x00, 0x00, 0x00, 0x00, 0x00, 0x00, 0x00, 0x00, 0x00, 0x00, 0x00
.byte 0x00, 0x00, 0x00, 0x00, 0x01, 0x00, 0x00, 0x00
.globl _sym_00bda454
_sym_00bda454:
.byte 0xff, 0xff, 0xff, 0xff
.long _sym_00ab4e10
.byte 0xff, 0xff, 0xff, 0xff, 0x00, 0x00, 0x00, 0x00, 0xff, 0xff, 0xff, 0xff, 0x00, 0x00, 0x00, 0x00
.byte 0xff, 0xff, 0xff, 0xff, 0x00, 0x00, 0x00, 0x00
.globl _sym_00bda474
_sym_00bda474:
.byte 0x22, 0x05, 0x93, 0x19, 0x04, 0x00, 0x00, 0x00
.long _sym_00bda454
.byte 0x00, 0x00, 0x00, 0x00, 0x00, 0x00, 0x00, 0x00, 0x00, 0x00, 0x00, 0x00, 0x00, 0x00, 0x00, 0x00
.byte 0x00, 0x00, 0x00, 0x00, 0x01, 0x00, 0x00, 0x00
.globl _sym_00bda498
_sym_00bda498:
.byte 0xff, 0xff, 0xff, 0xff
.long _sym_00ab4100
.byte 0xff, 0xff, 0xff, 0xff, 0x00, 0x00, 0x00, 0x00, 0xff, 0xff, 0xff, 0xff, 0x00, 0x00, 0x00, 0x00
.byte 0xff, 0xff, 0xff, 0xff, 0x00, 0x00, 0x00, 0x00
.globl _sym_00bda4b8
_sym_00bda4b8:
.byte 0x22, 0x05, 0x93, 0x19, 0x04, 0x00, 0x00, 0x00
.long _sym_00bda498
.byte 0x00, 0x00, 0x00, 0x00, 0x00, 0x00, 0x00, 0x00, 0x00, 0x00, 0x00, 0x00, 0x00, 0x00, 0x00, 0x00
.byte 0x00, 0x00, 0x00, 0x00, 0x01, 0x00, 0x00, 0x00
.globl _sym_00bda4dc
_sym_00bda4dc:
.byte 0xff, 0xff, 0xff, 0xff
.long _sym_00ab4160
.byte 0xff, 0xff, 0xff, 0xff, 0x00, 0x00, 0x00, 0x00, 0xff, 0xff, 0xff, 0xff, 0x00, 0x00, 0x00, 0x00
.byte 0xff, 0xff, 0xff, 0xff, 0x00, 0x00, 0x00, 0x00
.globl _sym_00bda4fc
_sym_00bda4fc:
.byte 0x22, 0x05, 0x93, 0x19, 0x04, 0x00, 0x00, 0x00
.long _sym_00bda4dc
.byte 0x00, 0x00, 0x00, 0x00, 0x00, 0x00, 0x00, 0x00, 0x00, 0x00, 0x00, 0x00, 0x00, 0x00, 0x00, 0x00
.byte 0x00, 0x00, 0x00, 0x00, 0x01, 0x00, 0x00, 0x00
.globl _sym_00bda520
_sym_00bda520:
.byte 0xff, 0xff, 0xff, 0xff
.long _sym_00ab4130
.byte 0xff, 0xff, 0xff, 0xff, 0x00, 0x00, 0x00, 0x00, 0xff, 0xff, 0xff, 0xff, 0x00, 0x00, 0x00, 0x00
.byte 0xff, 0xff, 0xff, 0xff, 0x00, 0x00, 0x00, 0x00
.globl _sym_00bda540
_sym_00bda540:
.byte 0x22, 0x05, 0x93, 0x19, 0x04, 0x00, 0x00, 0x00
.long _sym_00bda520
.byte 0x00, 0x00, 0x00, 0x00, 0x00, 0x00, 0x00, 0x00, 0x00, 0x00, 0x00, 0x00, 0x00, 0x00, 0x00, 0x00
.byte 0x00, 0x00, 0x00, 0x00, 0x01, 0x00, 0x00, 0x00
.globl _sym_00bda564
_sym_00bda564:
.byte 0xff, 0xff, 0xff, 0xff
.long _sym_00ab4370
.globl _sym_00bda56c
_sym_00bda56c:
.byte 0x22, 0x05, 0x93, 0x19, 0x01, 0x00, 0x00, 0x00
.long _sym_00bda564
.byte 0x00, 0x00, 0x00, 0x00, 0x00, 0x00, 0x00, 0x00, 0x00, 0x00, 0x00, 0x00, 0x00, 0x00, 0x00, 0x00
.byte 0x00, 0x00, 0x00, 0x00, 0x01, 0x00, 0x00, 0x00
.globl _sym_00bda590
_sym_00bda590:
.byte 0xff, 0xff, 0xff, 0xff
.long _sym_00ab4310
.byte 0xff, 0xff, 0xff, 0xff, 0x00, 0x00, 0x00, 0x00, 0xff, 0xff, 0xff, 0xff, 0x00, 0x00, 0x00, 0x00
.byte 0xff, 0xff, 0xff, 0xff, 0x00, 0x00, 0x00, 0x00
.globl _sym_00bda5b0
_sym_00bda5b0:
.byte 0x22, 0x05, 0x93, 0x19, 0x04, 0x00, 0x00, 0x00
.long _sym_00bda590
.byte 0x00, 0x00, 0x00, 0x00, 0x00, 0x00, 0x00, 0x00, 0x00, 0x00, 0x00, 0x00, 0x00, 0x00, 0x00, 0x00
.byte 0x00, 0x00, 0x00, 0x00, 0x01, 0x00, 0x00, 0x00
.globl _sym_00bda5d4
_sym_00bda5d4:
.byte 0xff, 0xff, 0xff, 0xff
.long _sym_00ab4340
.byte 0xff, 0xff, 0xff, 0xff, 0x00, 0x00, 0x00, 0x00, 0xff, 0xff, 0xff, 0xff, 0x00, 0x00, 0x00, 0x00
.byte 0xff, 0xff, 0xff, 0xff, 0x00, 0x00, 0x00, 0x00
.globl _sym_00bda5f4
_sym_00bda5f4:
.byte 0x22, 0x05, 0x93, 0x19, 0x04, 0x00, 0x00, 0x00
.long _sym_00bda5d4
.byte 0x00, 0x00, 0x00, 0x00, 0x00, 0x00, 0x00, 0x00, 0x00, 0x00, 0x00, 0x00, 0x00, 0x00, 0x00, 0x00
.byte 0x00, 0x00, 0x00, 0x00, 0x01, 0x00, 0x00, 0x00
.globl _sym_00bda618
_sym_00bda618:
.byte 0xff, 0xff, 0xff, 0xff
.long _sym_00ab42e0
.byte 0xff, 0xff, 0xff, 0xff, 0x00, 0x00, 0x00, 0x00, 0xff, 0xff, 0xff, 0xff, 0x00, 0x00, 0x00, 0x00
.byte 0xff, 0xff, 0xff, 0xff, 0x00, 0x00, 0x00, 0x00
.globl _sym_00bda638
_sym_00bda638:
.byte 0x22, 0x05, 0x93, 0x19, 0x04, 0x00, 0x00, 0x00
.long _sym_00bda618
.byte 0x00, 0x00, 0x00, 0x00, 0x00, 0x00, 0x00, 0x00, 0x00, 0x00, 0x00, 0x00, 0x00, 0x00, 0x00, 0x00
.byte 0x00, 0x00, 0x00, 0x00, 0x01, 0x00, 0x00, 0x00
.globl _sym_00bda65c
_sym_00bda65c:
.byte 0xff, 0xff, 0xff, 0xff
.long _sym_00ab4c60
.byte 0xff, 0xff, 0xff, 0xff, 0x00, 0x00, 0x00, 0x00, 0xff, 0xff, 0xff, 0xff, 0x00, 0x00, 0x00, 0x00
.byte 0xff, 0xff, 0xff, 0xff, 0x00, 0x00, 0x00, 0x00
.globl _sym_00bda67c
_sym_00bda67c:
.byte 0x22, 0x05, 0x93, 0x19, 0x04, 0x00, 0x00, 0x00
.long _sym_00bda65c
.byte 0x00, 0x00, 0x00, 0x00, 0x00, 0x00, 0x00, 0x00, 0x00, 0x00, 0x00, 0x00, 0x00, 0x00, 0x00, 0x00
.byte 0x00, 0x00, 0x00, 0x00, 0x01, 0x00, 0x00, 0x00
.globl _sym_00bda6a0
_sym_00bda6a0:
.byte 0xff, 0xff, 0xff, 0xff
.long _sym_00ab4fd0
.byte 0xff, 0xff, 0xff, 0xff, 0x00, 0x00, 0x00, 0x00, 0xff, 0xff, 0xff, 0xff, 0x00, 0x00, 0x00, 0x00
.byte 0xff, 0xff, 0xff, 0xff, 0x00, 0x00, 0x00, 0x00
.globl _sym_00bda6c0
_sym_00bda6c0:
.byte 0x22, 0x05, 0x93, 0x19, 0x04, 0x00, 0x00, 0x00
.long _sym_00bda6a0
.byte 0x00, 0x00, 0x00, 0x00, 0x00, 0x00, 0x00, 0x00, 0x00, 0x00, 0x00, 0x00, 0x00, 0x00, 0x00, 0x00
.byte 0x00, 0x00, 0x00, 0x00, 0x01, 0x00, 0x00, 0x00
.globl _sym_00bda6e4
_sym_00bda6e4:
.byte 0xff, 0xff, 0xff, 0xff
.long _sym_00ab5060
.byte 0xff, 0xff, 0xff, 0xff, 0x00, 0x00, 0x00, 0x00, 0xff, 0xff, 0xff, 0xff, 0x00, 0x00, 0x00, 0x00
.byte 0xff, 0xff, 0xff, 0xff, 0x00, 0x00, 0x00, 0x00
.globl _sym_00bda704
_sym_00bda704:
.byte 0x22, 0x05, 0x93, 0x19, 0x04, 0x00, 0x00, 0x00
.long _sym_00bda6e4
.byte 0x00, 0x00, 0x00, 0x00, 0x00, 0x00, 0x00, 0x00, 0x00, 0x00, 0x00, 0x00, 0x00, 0x00, 0x00, 0x00
.byte 0x00, 0x00, 0x00, 0x00, 0x01, 0x00, 0x00, 0x00
.globl _sym_00bda728
_sym_00bda728:
.byte 0xff, 0xff, 0xff, 0xff
.long _sym_00ab4cc0
.byte 0xff, 0xff, 0xff, 0xff, 0x00, 0x00, 0x00, 0x00, 0xff, 0xff, 0xff, 0xff, 0x00, 0x00, 0x00, 0x00
.byte 0xff, 0xff, 0xff, 0xff, 0x00, 0x00, 0x00, 0x00
.globl _sym_00bda748
_sym_00bda748:
.byte 0x22, 0x05, 0x93, 0x19, 0x04, 0x00, 0x00, 0x00
.long _sym_00bda728
.byte 0x00, 0x00, 0x00, 0x00, 0x00, 0x00, 0x00, 0x00, 0x00, 0x00, 0x00, 0x00, 0x00, 0x00, 0x00, 0x00
.byte 0x00, 0x00, 0x00, 0x00, 0x01, 0x00, 0x00, 0x00
.globl _sym_00bda76c
_sym_00bda76c:
.byte 0xff, 0xff, 0xff, 0xff
.long _sym_00ab5030
.byte 0xff, 0xff, 0xff, 0xff, 0x00, 0x00, 0x00, 0x00, 0xff, 0xff, 0xff, 0xff, 0x00, 0x00, 0x00, 0x00
.byte 0xff, 0xff, 0xff, 0xff, 0x00, 0x00, 0x00, 0x00
.globl _sym_00bda78c
_sym_00bda78c:
.byte 0x22, 0x05, 0x93, 0x19, 0x04, 0x00, 0x00, 0x00
.long _sym_00bda76c
.byte 0x00, 0x00, 0x00, 0x00, 0x00, 0x00, 0x00, 0x00, 0x00, 0x00, 0x00, 0x00, 0x00, 0x00, 0x00, 0x00
.byte 0x00, 0x00, 0x00, 0x00, 0x01, 0x00, 0x00, 0x00
.globl _sym_00bda7b0
_sym_00bda7b0:
.byte 0xff, 0xff, 0xff, 0xff
.long _sym_00ab50c0
.byte 0xff, 0xff, 0xff, 0xff, 0x00, 0x00, 0x00, 0x00, 0xff, 0xff, 0xff, 0xff, 0x00, 0x00, 0x00, 0x00
.byte 0xff, 0xff, 0xff, 0xff, 0x00, 0x00, 0x00, 0x00
.globl _sym_00bda7d0
_sym_00bda7d0:
.byte 0x22, 0x05, 0x93, 0x19, 0x04, 0x00, 0x00, 0x00
.long _sym_00bda7b0
.byte 0x00, 0x00, 0x00, 0x00, 0x00, 0x00, 0x00, 0x00, 0x00, 0x00, 0x00, 0x00, 0x00, 0x00, 0x00, 0x00
.byte 0x00, 0x00, 0x00, 0x00, 0x01, 0x00, 0x00, 0x00
.globl _sym_00bda7f4
_sym_00bda7f4:
.byte 0xff, 0xff, 0xff, 0xff
.long _sym_00ab4c90
.byte 0xff, 0xff, 0xff, 0xff, 0x00, 0x00, 0x00, 0x00, 0xff, 0xff, 0xff, 0xff, 0x00, 0x00, 0x00, 0x00
.byte 0xff, 0xff, 0xff, 0xff, 0x00, 0x00, 0x00, 0x00
.globl _sym_00bda814
_sym_00bda814:
.byte 0x22, 0x05, 0x93, 0x19, 0x04, 0x00, 0x00, 0x00
.long _sym_00bda7f4
.byte 0x00, 0x00, 0x00, 0x00, 0x00, 0x00, 0x00, 0x00, 0x00, 0x00, 0x00, 0x00, 0x00, 0x00, 0x00, 0x00
.byte 0x00, 0x00, 0x00, 0x00, 0x01, 0x00, 0x00, 0x00
.globl _sym_00bda838
_sym_00bda838:
.byte 0xff, 0xff, 0xff, 0xff
.long _sym_00ab5000
.byte 0xff, 0xff, 0xff, 0xff, 0x00, 0x00, 0x00, 0x00, 0xff, 0xff, 0xff, 0xff, 0x00, 0x00, 0x00, 0x00
.byte 0xff, 0xff, 0xff, 0xff, 0x00, 0x00, 0x00, 0x00
.globl _sym_00bda858
_sym_00bda858:
.byte 0x22, 0x05, 0x93, 0x19, 0x04, 0x00, 0x00, 0x00
.long _sym_00bda838
.byte 0x00, 0x00, 0x00, 0x00, 0x00, 0x00, 0x00, 0x00, 0x00, 0x00, 0x00, 0x00, 0x00, 0x00, 0x00, 0x00
.byte 0x00, 0x00, 0x00, 0x00, 0x01, 0x00, 0x00, 0x00
.globl _sym_00bda87c
_sym_00bda87c:
.byte 0xff, 0xff, 0xff, 0xff
.long _sym_00ab5090
.byte 0xff, 0xff, 0xff, 0xff, 0x00, 0x00, 0x00, 0x00, 0xff, 0xff, 0xff, 0xff, 0x00, 0x00, 0x00, 0x00
.byte 0xff, 0xff, 0xff, 0xff, 0x00, 0x00, 0x00, 0x00
.globl _sym_00bda89c
_sym_00bda89c:
.byte 0x22, 0x05, 0x93, 0x19, 0x04, 0x00, 0x00, 0x00
.long _sym_00bda87c
.byte 0x00, 0x00, 0x00, 0x00, 0x00, 0x00, 0x00, 0x00, 0x00, 0x00, 0x00, 0x00, 0x00, 0x00, 0x00, 0x00
.byte 0x00, 0x00, 0x00, 0x00, 0x01, 0x00, 0x00, 0x00
.globl _sym_00bda8c0
_sym_00bda8c0:
.byte 0xff, 0xff, 0xff, 0xff
.long _sym_00ab4190
.byte 0xff, 0xff, 0xff, 0xff, 0x00, 0x00, 0x00, 0x00, 0xff, 0xff, 0xff, 0xff, 0x00, 0x00, 0x00, 0x00
.byte 0xff, 0xff, 0xff, 0xff, 0x00, 0x00, 0x00, 0x00
.globl _sym_00bda8e0
_sym_00bda8e0:
.byte 0x22, 0x05, 0x93, 0x19, 0x04, 0x00, 0x00, 0x00
.long _sym_00bda8c0
.byte 0x00, 0x00, 0x00, 0x00, 0x00, 0x00, 0x00, 0x00, 0x00, 0x00, 0x00, 0x00, 0x00, 0x00, 0x00, 0x00
.byte 0x00, 0x00, 0x00, 0x00, 0x01, 0x00, 0x00, 0x00
.globl _sym_00bda904
_sym_00bda904:
.byte 0xff, 0xff, 0xff, 0xff
.long _sym_00ab4ed0
.byte 0xff, 0xff, 0xff, 0xff, 0x00, 0x00, 0x00, 0x00, 0xff, 0xff, 0xff, 0xff, 0x00, 0x00, 0x00, 0x00
.byte 0xff, 0xff, 0xff, 0xff, 0x00, 0x00, 0x00, 0x00
.globl _sym_00bda924
_sym_00bda924:
.byte 0x22, 0x05, 0x93, 0x19, 0x04, 0x00, 0x00, 0x00
.long _sym_00bda904
.byte 0x00, 0x00, 0x00, 0x00, 0x00, 0x00, 0x00, 0x00, 0x00, 0x00, 0x00, 0x00, 0x00, 0x00, 0x00, 0x00
.byte 0x00, 0x00, 0x00, 0x00, 0x01, 0x00, 0x00, 0x00
.globl _sym_00bda948
_sym_00bda948:
.byte 0xff, 0xff, 0xff, 0xff
.long _sym_00ab4d80
.byte 0xff, 0xff, 0xff, 0xff, 0x00, 0x00, 0x00, 0x00, 0xff, 0xff, 0xff, 0xff, 0x00, 0x00, 0x00, 0x00
.byte 0xff, 0xff, 0xff, 0xff, 0x00, 0x00, 0x00, 0x00
.globl _sym_00bda968
_sym_00bda968:
.byte 0x22, 0x05, 0x93, 0x19, 0x04, 0x00, 0x00, 0x00
.long _sym_00bda948
.byte 0x00, 0x00, 0x00, 0x00, 0x00, 0x00, 0x00, 0x00, 0x00, 0x00, 0x00, 0x00, 0x00, 0x00, 0x00, 0x00
.byte 0x00, 0x00, 0x00, 0x00, 0x01, 0x00, 0x00, 0x00
.globl _sym_00bda98c
_sym_00bda98c:
.byte 0xff, 0xff, 0xff, 0xff
.long _sym_00ab41f0
.byte 0xff, 0xff, 0xff, 0xff, 0x00, 0x00, 0x00, 0x00, 0xff, 0xff, 0xff, 0xff, 0x00, 0x00, 0x00, 0x00
.byte 0xff, 0xff, 0xff, 0xff, 0x00, 0x00, 0x00, 0x00
.globl _sym_00bda9ac
_sym_00bda9ac:
.byte 0x22, 0x05, 0x93, 0x19, 0x04, 0x00, 0x00, 0x00
.long _sym_00bda98c
.byte 0x00, 0x00, 0x00, 0x00, 0x00, 0x00, 0x00, 0x00, 0x00, 0x00, 0x00, 0x00, 0x00, 0x00, 0x00, 0x00
.byte 0x00, 0x00, 0x00, 0x00, 0x01, 0x00, 0x00, 0x00
.globl _sym_00bda9d0
_sym_00bda9d0:
.byte 0xff, 0xff, 0xff, 0xff
.long _sym_00ab4f30
.byte 0xff, 0xff, 0xff, 0xff, 0x00, 0x00, 0x00, 0x00, 0xff, 0xff, 0xff, 0xff, 0x00, 0x00, 0x00, 0x00
.byte 0xff, 0xff, 0xff, 0xff, 0x00, 0x00, 0x00, 0x00
.globl _sym_00bda9f0
_sym_00bda9f0:
.byte 0x22, 0x05, 0x93, 0x19, 0x04, 0x00, 0x00, 0x00
.long _sym_00bda9d0
.byte 0x00, 0x00, 0x00, 0x00, 0x00, 0x00, 0x00, 0x00, 0x00, 0x00, 0x00, 0x00, 0x00, 0x00, 0x00, 0x00
.byte 0x00, 0x00, 0x00, 0x00, 0x01, 0x00, 0x00, 0x00
.globl _sym_00bdaa14
_sym_00bdaa14:
.byte 0xff, 0xff, 0xff, 0xff
.long _sym_00ab4de0
.byte 0xff, 0xff, 0xff, 0xff, 0x00, 0x00, 0x00, 0x00, 0xff, 0xff, 0xff, 0xff, 0x00, 0x00, 0x00, 0x00
.byte 0xff, 0xff, 0xff, 0xff, 0x00, 0x00, 0x00, 0x00
.globl _sym_00bdaa34
_sym_00bdaa34:
.byte 0x22, 0x05, 0x93, 0x19, 0x04, 0x00, 0x00, 0x00
.long _sym_00bdaa14
.byte 0x00, 0x00, 0x00, 0x00, 0x00, 0x00, 0x00, 0x00, 0x00, 0x00, 0x00, 0x00, 0x00, 0x00, 0x00, 0x00
.byte 0x00, 0x00, 0x00, 0x00, 0x01, 0x00, 0x00, 0x00
.globl _sym_00bdaa58
_sym_00bdaa58:
.byte 0xff, 0xff, 0xff, 0xff
.long _sym_00ab41c0
.byte 0xff, 0xff, 0xff, 0xff, 0x00, 0x00, 0x00, 0x00, 0xff, 0xff, 0xff, 0xff, 0x00, 0x00, 0x00, 0x00
.byte 0xff, 0xff, 0xff, 0xff, 0x00, 0x00, 0x00, 0x00
.globl _sym_00bdaa78
_sym_00bdaa78:
.byte 0x22, 0x05, 0x93, 0x19, 0x04, 0x00, 0x00, 0x00
.long _sym_00bdaa58
.byte 0x00, 0x00, 0x00, 0x00, 0x00, 0x00, 0x00, 0x00, 0x00, 0x00, 0x00, 0x00, 0x00, 0x00, 0x00, 0x00
.byte 0x00, 0x00, 0x00, 0x00, 0x01, 0x00, 0x00, 0x00
.globl _sym_00bdaa9c
_sym_00bdaa9c:
.byte 0xff, 0xff, 0xff, 0xff
.long _sym_00ab4f00
.byte 0xff, 0xff, 0xff, 0xff, 0x00, 0x00, 0x00, 0x00, 0xff, 0xff, 0xff, 0xff, 0x00, 0x00, 0x00, 0x00
.byte 0xff, 0xff, 0xff, 0xff, 0x00, 0x00, 0x00, 0x00
.globl _sym_00bdaabc
_sym_00bdaabc:
.byte 0x22, 0x05, 0x93, 0x19, 0x04, 0x00, 0x00, 0x00
.long _sym_00bdaa9c
.byte 0x00, 0x00, 0x00, 0x00, 0x00, 0x00, 0x00, 0x00, 0x00, 0x00, 0x00, 0x00, 0x00, 0x00, 0x00, 0x00
.byte 0x00, 0x00, 0x00, 0x00, 0x01, 0x00, 0x00, 0x00
.globl _sym_00bdaae0
_sym_00bdaae0:
.byte 0xff, 0xff, 0xff, 0xff
.long _sym_00ab4db0
.byte 0xff, 0xff, 0xff, 0xff, 0x00, 0x00, 0x00, 0x00, 0xff, 0xff, 0xff, 0xff, 0x00, 0x00, 0x00, 0x00
.byte 0xff, 0xff, 0xff, 0xff, 0x00, 0x00, 0x00, 0x00
.globl _sym_00bdab00
_sym_00bdab00:
.byte 0x22, 0x05, 0x93, 0x19, 0x04, 0x00, 0x00, 0x00
.long _sym_00bdaae0
.byte 0x00, 0x00, 0x00, 0x00, 0x00, 0x00, 0x00, 0x00, 0x00, 0x00, 0x00, 0x00, 0x00, 0x00, 0x00, 0x00
.byte 0x00, 0x00, 0x00, 0x00, 0x01, 0x00, 0x00, 0x00
.globl _sym_00bdab24
_sym_00bdab24:
.byte 0xff, 0xff, 0xff, 0xff
.long _sym_00ab4f60
.globl _sym_00bdab2c
_sym_00bdab2c:
.byte 0x22, 0x05, 0x93, 0x19, 0x01, 0x00, 0x00, 0x00
.long _sym_00bdab24
.byte 0x00, 0x00, 0x00, 0x00, 0x00, 0x00, 0x00, 0x00, 0x00, 0x00, 0x00, 0x00, 0x00, 0x00, 0x00, 0x00
.byte 0x00, 0x00, 0x00, 0x00, 0x01, 0x00, 0x00, 0x00
.globl _sym_00bdab50
_sym_00bdab50:
.byte 0xff, 0xff, 0xff, 0xff
.long _sym_00ab5720
.globl _sym_00bdab58
_sym_00bdab58:
.byte 0x22, 0x05, 0x93, 0x19, 0x01, 0x00, 0x00, 0x00
.long _sym_00bdab50
.byte 0x00, 0x00, 0x00, 0x00, 0x00, 0x00, 0x00, 0x00, 0x00, 0x00, 0x00, 0x00, 0x00, 0x00, 0x00, 0x00
.byte 0x00, 0x00, 0x00, 0x00, 0x01, 0x00, 0x00, 0x00
.globl _sym_00bdab7c
_sym_00bdab7c:
.byte 0xff, 0xff, 0xff, 0xff
.long _sym_00ab5750
.byte 0x00, 0x00, 0x00, 0x00
.long _sym_00ab575b
.byte 0x01, 0x00, 0x00, 0x00
.long _sym_00ab5766
.globl _sym_00bdab94
_sym_00bdab94:
.byte 0x22, 0x05, 0x93, 0x19, 0x03, 0x00, 0x00, 0x00
.long _sym_00bdab7c
.byte 0x00, 0x00, 0x00, 0x00, 0x00, 0x00, 0x00, 0x00, 0x00, 0x00, 0x00, 0x00, 0x00, 0x00, 0x00, 0x00
.byte 0x00, 0x00, 0x00, 0x00, 0x01, 0x00, 0x00, 0x00
.globl _sym_00bdabb8
_sym_00bdabb8:
.byte 0x22, 0x05, 0x93, 0x19, 0x1d, 0x00, 0x00, 0x00
.long _sym_00bdabdc
.byte 0x00, 0x00, 0x00, 0x00, 0x00, 0x00, 0x00, 0x00, 0x00, 0x00, 0x00, 0x00, 0x00, 0x00, 0x00, 0x00
.byte 0x00, 0x00, 0x00, 0x00, 0x01, 0x00, 0x00, 0x00
.globl _sym_00bdabdc
_sym_00bdabdc:
.byte 0xff, 0xff, 0xff, 0xff
.long _sym_00ab5810
.byte 0xff, 0xff, 0xff, 0xff
.long _sym_00ab581e
.byte 0x01, 0x00, 0x00, 0x00
.long _sym_00ab582c
.byte 0x01, 0x00, 0x00, 0x00, 0x00, 0x00, 0x00, 0x00, 0x01, 0x00, 0x00, 0x00, 0x00, 0x00, 0x00, 0x00
.byte 0x01, 0x00, 0x00, 0x00, 0x00, 0x00, 0x00, 0x00, 0xff, 0xff, 0xff, 0xff
.long _sym_00ab583a
.byte 0x06, 0x00, 0x00, 0x00
.long _sym_00ab5848
.byte 0x06, 0x00, 0x00, 0x00, 0x00, 0x00, 0x00, 0x00, 0x06, 0x00, 0x00, 0x00, 0x00, 0x00, 0x00, 0x00
.byte 0x06, 0x00, 0x00, 0x00, 0x00, 0x00, 0x00, 0x00, 0xff, 0xff, 0xff, 0xff
.long _sym_00ab5856
.byte 0x0b, 0x00, 0x00, 0x00
.long _sym_00ab5864
.byte 0x0b, 0x00, 0x00, 0x00, 0x00, 0x00, 0x00, 0x00, 0x0b, 0x00, 0x00, 0x00, 0x00, 0x00, 0x00, 0x00
.byte 0x0b, 0x00, 0x00, 0x00, 0x00, 0x00, 0x00, 0x00, 0xff, 0xff, 0xff, 0xff
.long _sym_00ab5872
.byte 0xff, 0xff, 0xff, 0xff
.long _sym_00ab5880
.byte 0x11, 0x00, 0x00, 0x00
.long _sym_00ab588e
.byte 0x11, 0x00, 0x00, 0x00, 0x00, 0x00, 0x00, 0x00, 0x11, 0x00, 0x00, 0x00, 0x00, 0x00, 0x00, 0x00
.byte 0x11, 0x00, 0x00, 0x00, 0x00, 0x00, 0x00, 0x00, 0xff, 0xff, 0xff, 0xff
.long _sym_00ab589c
.byte 0x16, 0x00, 0x00, 0x00
.long _sym_00ab58aa
.byte 0x16, 0x00, 0x00, 0x00, 0x00, 0x00, 0x00, 0x00, 0x16, 0x00, 0x00, 0x00, 0x00, 0x00, 0x00, 0x00
.byte 0x16, 0x00, 0x00, 0x00, 0x00, 0x00, 0x00, 0x00, 0xff, 0xff, 0xff, 0xff
.long _sym_00ab58b8
.byte 0xff, 0xff, 0xff, 0xff
.long _sym_00ab58c8
.globl _sym_00bdacc4
_sym_00bdacc4:
.byte 0xff, 0xff, 0xff, 0xff
.long _sym_00ab56f0
.globl _sym_00bdaccc
_sym_00bdaccc:
.byte 0x22, 0x05, 0x93, 0x19, 0x01, 0x00, 0x00, 0x00
.long _sym_00bdacc4
.byte 0x00, 0x00, 0x00, 0x00, 0x00, 0x00, 0x00, 0x00, 0x00, 0x00, 0x00, 0x00, 0x00, 0x00, 0x00, 0x00
.byte 0x00, 0x00, 0x00, 0x00, 0x01, 0x00, 0x00, 0x00
.globl _sym_00bdacf0
_sym_00bdacf0:
.byte 0xff, 0xff, 0xff, 0xff
.long _sym_00ab5960
.byte 0xff, 0xff, 0xff, 0xff
.long _sym_00ab596e
.byte 0xff, 0xff, 0xff, 0xff
.long _sym_00ab597c
.byte 0xff, 0xff, 0xff, 0xff
.long _sym_00ab598a
.globl _sym_00bdad10
_sym_00bdad10:
.byte 0x22, 0x05, 0x93, 0x19, 0x04, 0x00, 0x00, 0x00
.long _sym_00bdacf0
.byte 0x00, 0x00, 0x00, 0x00, 0x00, 0x00, 0x00, 0x00, 0x00, 0x00, 0x00, 0x00, 0x00, 0x00, 0x00, 0x00
.byte 0x00, 0x00, 0x00, 0x00, 0x01, 0x00, 0x00, 0x00
.globl _sym_00bdad34
_sym_00bdad34:
.byte 0xff, 0xff, 0xff, 0xff
.long _sym_00ab5ba0
.byte 0xff, 0xff, 0xff, 0xff, 0x00, 0x00, 0x00, 0x00, 0xff, 0xff, 0xff, 0xff, 0x00, 0x00, 0x00, 0x00
.byte 0xff, 0xff, 0xff, 0xff, 0x00, 0x00, 0x00, 0x00
.globl _sym_00bdad54
_sym_00bdad54:
.byte 0x22, 0x05, 0x93, 0x19, 0x04, 0x00, 0x00, 0x00
.long _sym_00bdad34
.byte 0x00, 0x00, 0x00, 0x00, 0x00, 0x00, 0x00, 0x00, 0x00, 0x00, 0x00, 0x00, 0x00, 0x00, 0x00, 0x00
.byte 0x00, 0x00, 0x00, 0x00, 0x01, 0x00, 0x00, 0x00
.globl _sym_00bdad78
_sym_00bdad78:
.byte 0xff, 0xff, 0xff, 0xff
.long _sym_00ab59c0
.byte 0xff, 0xff, 0xff, 0xff
.long _sym_00ab59ce
.byte 0xff, 0xff, 0xff, 0xff
.long _sym_00ab59dc
.byte 0xff, 0xff, 0xff, 0xff
.long _sym_00ab59ea
.globl _sym_00bdad98
_sym_00bdad98:
.byte 0x22, 0x05, 0x93, 0x19, 0x04, 0x00, 0x00, 0x00
.long _sym_00bdad78
.byte 0x00, 0x00, 0x00, 0x00, 0x00, 0x00, 0x00, 0x00, 0x00, 0x00, 0x00, 0x00, 0x00, 0x00, 0x00, 0x00
.byte 0x00, 0x00, 0x00, 0x00, 0x01, 0x00, 0x00, 0x00
.globl _sym_00bdadbc
_sym_00bdadbc:
.byte 0xff, 0xff, 0xff, 0xff
.long _sym_00ab5bd0
.byte 0xff, 0xff, 0xff, 0xff, 0x00, 0x00, 0x00, 0x00, 0xff, 0xff, 0xff, 0xff, 0x00, 0x00, 0x00, 0x00
.byte 0xff, 0xff, 0xff, 0xff, 0x00, 0x00, 0x00, 0x00
.globl _sym_00bdaddc
_sym_00bdaddc:
.byte 0x22, 0x05, 0x93, 0x19, 0x04, 0x00, 0x00, 0x00
.long _sym_00bdadbc
.byte 0x00, 0x00, 0x00, 0x00, 0x00, 0x00, 0x00, 0x00, 0x00, 0x00, 0x00, 0x00, 0x00, 0x00, 0x00, 0x00
.byte 0x00, 0x00, 0x00, 0x00, 0x01, 0x00, 0x00, 0x00
.globl _sym_00bdae00
_sym_00bdae00:
.byte 0xff, 0xff, 0xff, 0xff
.long _sym_00ab5900
.byte 0xff, 0xff, 0xff, 0xff
.long _sym_00ab590e
.byte 0xff, 0xff, 0xff, 0xff
.long _sym_00ab591c
.byte 0xff, 0xff, 0xff, 0xff
.long _sym_00ab592a
.globl _sym_00bdae20
_sym_00bdae20:
.byte 0x22, 0x05, 0x93, 0x19, 0x04, 0x00, 0x00, 0x00
.long _sym_00bdae00
.byte 0x00, 0x00, 0x00, 0x00, 0x00, 0x00, 0x00, 0x00, 0x00, 0x00, 0x00, 0x00, 0x00, 0x00, 0x00, 0x00
.byte 0x00, 0x00, 0x00, 0x00, 0x01, 0x00, 0x00, 0x00
.globl _sym_00bdae44
_sym_00bdae44:
.byte 0xff, 0xff, 0xff, 0xff
.long _sym_00ab5b70
.byte 0xff, 0xff, 0xff, 0xff, 0x00, 0x00, 0x00, 0x00, 0xff, 0xff, 0xff, 0xff, 0x00, 0x00, 0x00, 0x00
.byte 0xff, 0xff, 0xff, 0xff, 0x00, 0x00, 0x00, 0x00
.globl _sym_00bdae64
_sym_00bdae64:
.byte 0x22, 0x05, 0x93, 0x19, 0x04, 0x00, 0x00, 0x00
.long _sym_00bdae44
.byte 0x00, 0x00, 0x00, 0x00, 0x00, 0x00, 0x00, 0x00, 0x00, 0x00, 0x00, 0x00, 0x00, 0x00, 0x00, 0x00
.byte 0x00, 0x00, 0x00, 0x00, 0x01, 0x00, 0x00, 0x00
.globl _sym_00bdae88
_sym_00bdae88:
.byte 0xff, 0xff, 0xff, 0xff
.long _sym_00ab5f50
.byte 0xff, 0xff, 0xff, 0xff
.long _sym_00ab5f61
.globl _sym_00bdae98
_sym_00bdae98:
.byte 0x22, 0x05, 0x93, 0x19, 0x02, 0x00, 0x00, 0x00
.long _sym_00bdae88
.byte 0x00, 0x00, 0x00, 0x00, 0x00, 0x00, 0x00, 0x00, 0x00, 0x00, 0x00, 0x00, 0x00, 0x00, 0x00, 0x00
.byte 0x00, 0x00, 0x00, 0x00, 0x01, 0x00, 0x00, 0x00
.globl _sym_00bdaebc
_sym_00bdaebc:
.byte 0xff, 0xff, 0xff, 0xff
.long _sym_00ab5f90
.byte 0xff, 0xff, 0xff, 0xff
.long _sym_00ab5fa1
.globl _sym_00bdaecc
_sym_00bdaecc:
.byte 0x22, 0x05, 0x93, 0x19, 0x02, 0x00, 0x00, 0x00
.long _sym_00bdaebc
.byte 0x00, 0x00, 0x00, 0x00, 0x00, 0x00, 0x00, 0x00, 0x00, 0x00, 0x00, 0x00, 0x00, 0x00, 0x00, 0x00
.byte 0x00, 0x00, 0x00, 0x00, 0x01, 0x00, 0x00, 0x00
.globl _sym_00bdaef0
_sym_00bdaef0:
.byte 0xff, 0xff, 0xff, 0xff
.long _sym_00ab5fd0
.globl _sym_00bdaef8
_sym_00bdaef8:
.byte 0x22, 0x05, 0x93, 0x19, 0x01, 0x00, 0x00, 0x00
.long _sym_00bdaef0
.byte 0x00, 0x00, 0x00, 0x00, 0x00, 0x00, 0x00, 0x00, 0x00, 0x00, 0x00, 0x00, 0x00, 0x00, 0x00, 0x00
.byte 0x00, 0x00, 0x00, 0x00, 0x01, 0x00, 0x00, 0x00
.globl _sym_00bdaf1c
_sym_00bdaf1c:
.byte 0xff, 0xff, 0xff, 0xff
.long _sym_00ab5790
.byte 0x00, 0x00, 0x00, 0x00
.long _sym_00ab579b
.byte 0x01, 0x00, 0x00, 0x00
.long _sym_00ab57a6
.byte 0x02, 0x00, 0x00, 0x00
.long _sym_00ab57b1
.globl _sym_00bdaf3c
_sym_00bdaf3c:
.byte 0x22, 0x05, 0x93, 0x19, 0x04, 0x00, 0x00, 0x00
.long _sym_00bdaf1c
.byte 0x00, 0x00, 0x00, 0x00, 0x00, 0x00, 0x00, 0x00, 0x00, 0x00, 0x00, 0x00, 0x00, 0x00, 0x00, 0x00
.byte 0x00, 0x00, 0x00, 0x00, 0x01, 0x00, 0x00, 0x00
.globl _sym_00bdaf60
_sym_00bdaf60:
.byte 0xff, 0xff, 0xff, 0xff
.long _sym_00ab5db0
.globl _sym_00bdaf68
_sym_00bdaf68:
.byte 0x22, 0x05, 0x93, 0x19, 0x01, 0x00, 0x00, 0x00
.long _sym_00bdaf60
.byte 0x00, 0x00, 0x00, 0x00, 0x00, 0x00, 0x00, 0x00, 0x00, 0x00, 0x00, 0x00, 0x00, 0x00, 0x00, 0x00
.byte 0x00, 0x00, 0x00, 0x00, 0x01, 0x00, 0x00, 0x00
.globl _sym_00bdaf8c
_sym_00bdaf8c:
.byte 0xff, 0xff, 0xff, 0xff
.long _sym_00ab5a20
.globl _sym_00bdaf94
_sym_00bdaf94:
.byte 0x22, 0x05, 0x93, 0x19, 0x01, 0x00, 0x00, 0x00
.long _sym_00bdaf8c
.byte 0x00, 0x00, 0x00, 0x00, 0x00, 0x00, 0x00, 0x00, 0x00, 0x00, 0x00, 0x00, 0x00, 0x00, 0x00, 0x00
.byte 0x00, 0x00, 0x00, 0x00, 0x01, 0x00, 0x00, 0x00
.globl _sym_00bdafb8
_sym_00bdafb8:
.byte 0xff, 0xff, 0xff, 0xff
.long _sym_00ab5df0
.globl _sym_00bdafc0
_sym_00bdafc0:
.byte 0x22, 0x05, 0x93, 0x19, 0x01, 0x00, 0x00, 0x00
.long _sym_00bdafb8
.byte 0x00, 0x00, 0x00, 0x00, 0x00, 0x00, 0x00, 0x00, 0x00, 0x00, 0x00, 0x00, 0x00, 0x00, 0x00, 0x00
.byte 0x00, 0x00, 0x00, 0x00, 0x01, 0x00, 0x00, 0x00
.globl _sym_00bdafe4
_sym_00bdafe4:
.byte 0xff, 0xff, 0xff, 0xff
.long _sym_00ab57e0
.globl _sym_00bdafec
_sym_00bdafec:
.byte 0x22, 0x05, 0x93, 0x19, 0x01, 0x00, 0x00, 0x00
.long _sym_00bdafe4
.byte 0x00, 0x00, 0x00, 0x00, 0x00, 0x00, 0x00, 0x00, 0x00, 0x00, 0x00, 0x00, 0x00, 0x00, 0x00, 0x00
.byte 0x00, 0x00, 0x00, 0x00, 0x01, 0x00, 0x00, 0x00
.globl _sym_00bdb010
_sym_00bdb010:
.byte 0xff, 0xff, 0xff, 0xff
.long _sym_00ab5480
.byte 0xff, 0xff, 0xff, 0xff, 0x00, 0x00, 0x00, 0x00, 0xff, 0xff, 0xff, 0xff, 0x00, 0x00, 0x00, 0x00
.byte 0xff, 0xff, 0xff, 0xff, 0x00, 0x00, 0x00, 0x00
.globl _sym_00bdb030
_sym_00bdb030:
.byte 0x22, 0x05, 0x93, 0x19, 0x04, 0x00, 0x00, 0x00
.long _sym_00bdb010
.byte 0x00, 0x00, 0x00, 0x00, 0x00, 0x00, 0x00, 0x00, 0x00, 0x00, 0x00, 0x00, 0x00, 0x00, 0x00, 0x00
.byte 0x00, 0x00, 0x00, 0x00, 0x01, 0x00, 0x00, 0x00
.globl _sym_00bdb054
_sym_00bdb054:
.byte 0xff, 0xff, 0xff, 0xff
.long _sym_00ab54b0
.byte 0xff, 0xff, 0xff, 0xff, 0x00, 0x00, 0x00, 0x00, 0xff, 0xff, 0xff, 0xff, 0x00, 0x00, 0x00, 0x00
.byte 0xff, 0xff, 0xff, 0xff, 0x00, 0x00, 0x00, 0x00
.globl _sym_00bdb074
_sym_00bdb074:
.byte 0x22, 0x05, 0x93, 0x19, 0x04, 0x00, 0x00, 0x00
.long _sym_00bdb054
.byte 0x00, 0x00, 0x00, 0x00, 0x00, 0x00, 0x00, 0x00, 0x00, 0x00, 0x00, 0x00, 0x00, 0x00, 0x00, 0x00
.byte 0x00, 0x00, 0x00, 0x00, 0x01, 0x00, 0x00, 0x00
.globl _sym_00bdb098
_sym_00bdb098:
.byte 0xff, 0xff, 0xff, 0xff
.long _sym_00ab5450
.byte 0xff, 0xff, 0xff, 0xff, 0x00, 0x00, 0x00, 0x00, 0xff, 0xff, 0xff, 0xff, 0x00, 0x00, 0x00, 0x00
.byte 0xff, 0xff, 0xff, 0xff, 0x00, 0x00, 0x00, 0x00
.globl _sym_00bdb0b8
_sym_00bdb0b8:
.byte 0x22, 0x05, 0x93, 0x19, 0x04, 0x00, 0x00, 0x00
.long _sym_00bdb098
.byte 0x00, 0x00, 0x00, 0x00, 0x00, 0x00, 0x00, 0x00, 0x00, 0x00, 0x00, 0x00, 0x00, 0x00, 0x00, 0x00
.byte 0x00, 0x00, 0x00, 0x00, 0x01, 0x00, 0x00, 0x00
.globl _sym_00bdb0dc
_sym_00bdb0dc:
.byte 0xff, 0xff, 0xff, 0xff
.long _sym_00ab5660
.globl _sym_00bdb0e4
_sym_00bdb0e4:
.byte 0x22, 0x05, 0x93, 0x19, 0x01, 0x00, 0x00, 0x00
.long _sym_00bdb0dc
.byte 0x00, 0x00, 0x00, 0x00, 0x00, 0x00, 0x00, 0x00, 0x00, 0x00, 0x00, 0x00, 0x00, 0x00, 0x00, 0x00
.byte 0x00, 0x00, 0x00, 0x00, 0x01, 0x00, 0x00, 0x00
.globl _sym_00bdb108
_sym_00bdb108:
.byte 0xff, 0xff, 0xff, 0xff
.long _sym_00ab56c0
.globl _sym_00bdb110
_sym_00bdb110:
.byte 0x22, 0x05, 0x93, 0x19, 0x01, 0x00, 0x00, 0x00
.long _sym_00bdb108
.byte 0x00, 0x00, 0x00, 0x00, 0x00, 0x00, 0x00, 0x00, 0x00, 0x00, 0x00, 0x00, 0x00, 0x00, 0x00, 0x00
.byte 0x00, 0x00, 0x00, 0x00, 0x01, 0x00, 0x00, 0x00
.globl _sym_00bdb134
_sym_00bdb134:
.byte 0xff, 0xff, 0xff, 0xff
.long _sym_00ab5690
.globl _sym_00bdb13c
_sym_00bdb13c:
.byte 0x22, 0x05, 0x93, 0x19, 0x01, 0x00, 0x00, 0x00
.long _sym_00bdb134
.byte 0x00, 0x00, 0x00, 0x00, 0x00, 0x00, 0x00, 0x00, 0x00, 0x00, 0x00, 0x00, 0x00, 0x00, 0x00, 0x00
.byte 0x00, 0x00, 0x00, 0x00, 0x01, 0x00, 0x00, 0x00
.globl _sym_00bdb160
_sym_00bdb160:
.byte 0xff, 0xff, 0xff, 0xff
.long _sym_00ab5360
.byte 0xff, 0xff, 0xff, 0xff, 0x00, 0x00, 0x00, 0x00, 0xff, 0xff, 0xff, 0xff, 0x00, 0x00, 0x00, 0x00
.byte 0xff, 0xff, 0xff, 0xff, 0x00, 0x00, 0x00, 0x00
.globl _sym_00bdb180
_sym_00bdb180:
.byte 0x22, 0x05, 0x93, 0x19, 0x04, 0x00, 0x00, 0x00
.long _sym_00bdb160
.byte 0x00, 0x00, 0x00, 0x00, 0x00, 0x00, 0x00, 0x00, 0x00, 0x00, 0x00, 0x00, 0x00, 0x00, 0x00, 0x00
.byte 0x00, 0x00, 0x00, 0x00, 0x01, 0x00, 0x00, 0x00
.globl _sym_00bdb1a4
_sym_00bdb1a4:
.byte 0xff, 0xff, 0xff, 0xff
.long _sym_00ab5390
.byte 0xff, 0xff, 0xff, 0xff, 0x00, 0x00, 0x00, 0x00, 0xff, 0xff, 0xff, 0xff, 0x00, 0x00, 0x00, 0x00
.byte 0xff, 0xff, 0xff, 0xff, 0x00, 0x00, 0x00, 0x00
.globl _sym_00bdb1c4
_sym_00bdb1c4:
.byte 0x22, 0x05, 0x93, 0x19, 0x04, 0x00, 0x00, 0x00
.long _sym_00bdb1a4
.byte 0x00, 0x00, 0x00, 0x00, 0x00, 0x00, 0x00, 0x00, 0x00, 0x00, 0x00, 0x00, 0x00, 0x00, 0x00, 0x00
.byte 0x00, 0x00, 0x00, 0x00, 0x01, 0x00, 0x00, 0x00
.globl _sym_00bdb1e8
_sym_00bdb1e8:
.byte 0xff, 0xff, 0xff, 0xff
.long _sym_00ab5330
.byte 0xff, 0xff, 0xff, 0xff, 0x00, 0x00, 0x00, 0x00, 0xff, 0xff, 0xff, 0xff, 0x00, 0x00, 0x00, 0x00
.byte 0xff, 0xff, 0xff, 0xff, 0x00, 0x00, 0x00, 0x00
.globl _sym_00bdb208
_sym_00bdb208:
.byte 0x22, 0x05, 0x93, 0x19, 0x04, 0x00, 0x00, 0x00
.long _sym_00bdb1e8
.byte 0x00, 0x00, 0x00, 0x00, 0x00, 0x00, 0x00, 0x00, 0x00, 0x00, 0x00, 0x00, 0x00, 0x00, 0x00, 0x00
.byte 0x00, 0x00, 0x00, 0x00, 0x01, 0x00, 0x00, 0x00
.globl _sym_00bdb22c
_sym_00bdb22c:
.byte 0xff, 0xff, 0xff, 0xff
.long _sym_00ab5570
.byte 0xff, 0xff, 0xff, 0xff, 0x00, 0x00, 0x00, 0x00, 0xff, 0xff, 0xff, 0xff, 0x00, 0x00, 0x00, 0x00
.byte 0xff, 0xff, 0xff, 0xff, 0x00, 0x00, 0x00, 0x00
.globl _sym_00bdb24c
_sym_00bdb24c:
.byte 0x22, 0x05, 0x93, 0x19, 0x04, 0x00, 0x00, 0x00
.long _sym_00bdb22c
.byte 0x00, 0x00, 0x00, 0x00, 0x00, 0x00, 0x00, 0x00, 0x00, 0x00, 0x00, 0x00, 0x00, 0x00, 0x00, 0x00
.byte 0x00, 0x00, 0x00, 0x00, 0x01, 0x00, 0x00, 0x00
.globl _sym_00bdb270
_sym_00bdb270:
.byte 0xff, 0xff, 0xff, 0xff
.long _sym_00ab5630
.byte 0xff, 0xff, 0xff, 0xff, 0x00, 0x00, 0x00, 0x00, 0xff, 0xff, 0xff, 0xff, 0x00, 0x00, 0x00, 0x00
.byte 0xff, 0xff, 0xff, 0xff, 0x00, 0x00, 0x00, 0x00
.globl _sym_00bdb290
_sym_00bdb290:
.byte 0x22, 0x05, 0x93, 0x19, 0x04, 0x00, 0x00, 0x00
.long _sym_00bdb270
.byte 0x00, 0x00, 0x00, 0x00, 0x00, 0x00, 0x00, 0x00, 0x00, 0x00, 0x00, 0x00, 0x00, 0x00, 0x00, 0x00
.byte 0x00, 0x00, 0x00, 0x00, 0x01, 0x00, 0x00, 0x00
.globl _sym_00bdb2b4
_sym_00bdb2b4:
.byte 0xff, 0xff, 0xff, 0xff
.long _sym_00ab54e0
.byte 0xff, 0xff, 0xff, 0xff, 0x00, 0x00, 0x00, 0x00, 0xff, 0xff, 0xff, 0xff, 0x00, 0x00, 0x00, 0x00
.byte 0xff, 0xff, 0xff, 0xff, 0x00, 0x00, 0x00, 0x00
.globl _sym_00bdb2d4
_sym_00bdb2d4:
.byte 0x22, 0x05, 0x93, 0x19, 0x04, 0x00, 0x00, 0x00
.long _sym_00bdb2b4
.byte 0x00, 0x00, 0x00, 0x00, 0x00, 0x00, 0x00, 0x00, 0x00, 0x00, 0x00, 0x00, 0x00, 0x00, 0x00, 0x00
.byte 0x00, 0x00, 0x00, 0x00, 0x01, 0x00, 0x00, 0x00
.globl _sym_00bdb2f8
_sym_00bdb2f8:
.byte 0xff, 0xff, 0xff, 0xff
.long _sym_00ab55a0
.byte 0xff, 0xff, 0xff, 0xff, 0x00, 0x00, 0x00, 0x00, 0xff, 0xff, 0xff, 0xff, 0x00, 0x00, 0x00, 0x00
.byte 0xff, 0xff, 0xff, 0xff, 0x00, 0x00, 0x00, 0x00
.globl _sym_00bdb318
_sym_00bdb318:
.byte 0x22, 0x05, 0x93, 0x19, 0x04, 0x00, 0x00, 0x00
.long _sym_00bdb2f8
.byte 0x00, 0x00, 0x00, 0x00, 0x00, 0x00, 0x00, 0x00, 0x00, 0x00, 0x00, 0x00, 0x00, 0x00, 0x00, 0x00
.byte 0x00, 0x00, 0x00, 0x00, 0x01, 0x00, 0x00, 0x00
.globl _sym_00bdb33c
_sym_00bdb33c:
.byte 0xff, 0xff, 0xff, 0xff
.long _sym_00ab5a50
.byte 0xff, 0xff, 0xff, 0xff, 0x00, 0x00, 0x00, 0x00, 0xff, 0xff, 0xff, 0xff, 0x00, 0x00, 0x00, 0x00
.byte 0xff, 0xff, 0xff, 0xff, 0x00, 0x00, 0x00, 0x00
.globl _sym_00bdb35c
_sym_00bdb35c:
.byte 0x22, 0x05, 0x93, 0x19, 0x04, 0x00, 0x00, 0x00
.long _sym_00bdb33c
.byte 0x00, 0x00, 0x00, 0x00, 0x00, 0x00, 0x00, 0x00, 0x00, 0x00, 0x00, 0x00, 0x00, 0x00, 0x00, 0x00
.byte 0x00, 0x00, 0x00, 0x00, 0x01, 0x00, 0x00, 0x00
.globl _sym_00bdb380
_sym_00bdb380:
.byte 0xff, 0xff, 0xff, 0xff
.long _sym_00ab5540
.byte 0xff, 0xff, 0xff, 0xff, 0x00, 0x00, 0x00, 0x00, 0xff, 0xff, 0xff, 0xff, 0x00, 0x00, 0x00, 0x00
.byte 0xff, 0xff, 0xff, 0xff, 0x00, 0x00, 0x00, 0x00
.globl _sym_00bdb3a0
_sym_00bdb3a0:
.byte 0x22, 0x05, 0x93, 0x19, 0x04, 0x00, 0x00, 0x00
.long _sym_00bdb380
.byte 0x00, 0x00, 0x00, 0x00, 0x00, 0x00, 0x00, 0x00, 0x00, 0x00, 0x00, 0x00, 0x00, 0x00, 0x00, 0x00
.byte 0x00, 0x00, 0x00, 0x00, 0x01, 0x00, 0x00, 0x00
.globl _sym_00bdb3c4
_sym_00bdb3c4:
.byte 0xff, 0xff, 0xff, 0xff
.long _sym_00ab5600
.byte 0xff, 0xff, 0xff, 0xff, 0x00, 0x00, 0x00, 0x00, 0xff, 0xff, 0xff, 0xff, 0x00, 0x00, 0x00, 0x00
.byte 0xff, 0xff, 0xff, 0xff, 0x00, 0x00, 0x00, 0x00
.globl _sym_00bdb3e4
_sym_00bdb3e4:
.byte 0x22, 0x05, 0x93, 0x19, 0x04, 0x00, 0x00, 0x00
.long _sym_00bdb3c4
.byte 0x00, 0x00, 0x00, 0x00, 0x00, 0x00, 0x00, 0x00, 0x00, 0x00, 0x00, 0x00, 0x00, 0x00, 0x00, 0x00
.byte 0x00, 0x00, 0x00, 0x00, 0x01, 0x00, 0x00, 0x00
.globl _sym_00bdb408
_sym_00bdb408:
.byte 0xff, 0xff, 0xff, 0xff
.long _sym_00ab5ab0
.byte 0xff, 0xff, 0xff, 0xff, 0x00, 0x00, 0x00, 0x00, 0xff, 0xff, 0xff, 0xff, 0x00, 0x00, 0x00, 0x00
.byte 0xff, 0xff, 0xff, 0xff, 0x00, 0x00, 0x00, 0x00
.globl _sym_00bdb428
_sym_00bdb428:
.byte 0x22, 0x05, 0x93, 0x19, 0x04, 0x00, 0x00, 0x00
.long _sym_00bdb408
.byte 0x00, 0x00, 0x00, 0x00, 0x00, 0x00, 0x00, 0x00, 0x00, 0x00, 0x00, 0x00, 0x00, 0x00, 0x00, 0x00
.byte 0x00, 0x00, 0x00, 0x00, 0x01, 0x00, 0x00, 0x00
.globl _sym_00bdb44c
_sym_00bdb44c:
.byte 0xff, 0xff, 0xff, 0xff
.long _sym_00ab5510
.byte 0xff, 0xff, 0xff, 0xff, 0x00, 0x00, 0x00, 0x00, 0xff, 0xff, 0xff, 0xff, 0x00, 0x00, 0x00, 0x00
.byte 0xff, 0xff, 0xff, 0xff, 0x00, 0x00, 0x00, 0x00
.globl _sym_00bdb46c
_sym_00bdb46c:
.byte 0x22, 0x05, 0x93, 0x19, 0x04, 0x00, 0x00, 0x00
.long _sym_00bdb44c
.byte 0x00, 0x00, 0x00, 0x00, 0x00, 0x00, 0x00, 0x00, 0x00, 0x00, 0x00, 0x00, 0x00, 0x00, 0x00, 0x00
.byte 0x00, 0x00, 0x00, 0x00, 0x01, 0x00, 0x00, 0x00
.globl _sym_00bdb490
_sym_00bdb490:
.byte 0xff, 0xff, 0xff, 0xff
.long _sym_00ab55d0
.byte 0xff, 0xff, 0xff, 0xff, 0x00, 0x00, 0x00, 0x00, 0xff, 0xff, 0xff, 0xff, 0x00, 0x00, 0x00, 0x00
.byte 0xff, 0xff, 0xff, 0xff, 0x00, 0x00, 0x00, 0x00
.globl _sym_00bdb4b0
_sym_00bdb4b0:
.byte 0x22, 0x05, 0x93, 0x19, 0x04, 0x00, 0x00, 0x00
.long _sym_00bdb490
.byte 0x00, 0x00, 0x00, 0x00, 0x00, 0x00, 0x00, 0x00, 0x00, 0x00, 0x00, 0x00, 0x00, 0x00, 0x00, 0x00
.byte 0x00, 0x00, 0x00, 0x00, 0x01, 0x00, 0x00, 0x00
.globl _sym_00bdb4d4
_sym_00bdb4d4:
.byte 0xff, 0xff, 0xff, 0xff
.long _sym_00ab5a80
.byte 0xff, 0xff, 0xff, 0xff, 0x00, 0x00, 0x00, 0x00, 0xff, 0xff, 0xff, 0xff, 0x00, 0x00, 0x00, 0x00
.byte 0xff, 0xff, 0xff, 0xff, 0x00, 0x00, 0x00, 0x00
.globl _sym_00bdb4f4
_sym_00bdb4f4:
.byte 0x22, 0x05, 0x93, 0x19, 0x04, 0x00, 0x00, 0x00
.long _sym_00bdb4d4
.byte 0x00, 0x00, 0x00, 0x00, 0x00, 0x00, 0x00, 0x00, 0x00, 0x00, 0x00, 0x00, 0x00, 0x00, 0x00, 0x00
.byte 0x00, 0x00, 0x00, 0x00, 0x01, 0x00, 0x00, 0x00
.globl _sym_00bdb518
_sym_00bdb518:
.byte 0xff, 0xff, 0xff, 0xff
.long _sym_00ab5cc0
.byte 0xff, 0xff, 0xff, 0xff, 0x00, 0x00, 0x00, 0x00, 0xff, 0xff, 0xff, 0xff, 0x00, 0x00, 0x00, 0x00
.byte 0xff, 0xff, 0xff, 0xff, 0x00, 0x00, 0x00, 0x00
.globl _sym_00bdb538
_sym_00bdb538:
.byte 0x22, 0x05, 0x93, 0x19, 0x04, 0x00, 0x00, 0x00
.long _sym_00bdb518
.byte 0x00, 0x00, 0x00, 0x00, 0x00, 0x00, 0x00, 0x00, 0x00, 0x00, 0x00, 0x00, 0x00, 0x00, 0x00, 0x00
.byte 0x00, 0x00, 0x00, 0x00, 0x01, 0x00, 0x00, 0x00
.globl _sym_00bdb55c
_sym_00bdb55c:
.byte 0xff, 0xff, 0xff, 0xff
.long _sym_00ab5cf0
.byte 0xff, 0xff, 0xff, 0xff, 0x00, 0x00, 0x00, 0x00, 0xff, 0xff, 0xff, 0xff, 0x00, 0x00, 0x00, 0x00
.byte 0xff, 0xff, 0xff, 0xff, 0x00, 0x00, 0x00, 0x00
.globl _sym_00bdb57c
_sym_00bdb57c:
.byte 0x22, 0x05, 0x93, 0x19, 0x04, 0x00, 0x00, 0x00
.long _sym_00bdb55c
.byte 0x00, 0x00, 0x00, 0x00, 0x00, 0x00, 0x00, 0x00, 0x00, 0x00, 0x00, 0x00, 0x00, 0x00, 0x00, 0x00
.byte 0x00, 0x00, 0x00, 0x00, 0x01, 0x00, 0x00, 0x00
.globl _sym_00bdb5a0
_sym_00bdb5a0:
.byte 0xff, 0xff, 0xff, 0xff
.long _sym_00ab5c90
.byte 0xff, 0xff, 0xff, 0xff, 0x00, 0x00, 0x00, 0x00, 0xff, 0xff, 0xff, 0xff, 0x00, 0x00, 0x00, 0x00
.byte 0xff, 0xff, 0xff, 0xff, 0x00, 0x00, 0x00, 0x00
.globl _sym_00bdb5c0
_sym_00bdb5c0:
.byte 0x22, 0x05, 0x93, 0x19, 0x04, 0x00, 0x00, 0x00
.long _sym_00bdb5a0
.byte 0x00, 0x00, 0x00, 0x00, 0x00, 0x00, 0x00, 0x00, 0x00, 0x00, 0x00, 0x00, 0x00, 0x00, 0x00, 0x00
.byte 0x00, 0x00, 0x00, 0x00, 0x01, 0x00, 0x00, 0x00
.globl _sym_00bdb5e4
_sym_00bdb5e4:
.byte 0xff, 0xff, 0xff, 0xff
.long _sym_00ab5210
.byte 0xff, 0xff, 0xff, 0xff, 0x00, 0x00, 0x00, 0x00, 0xff, 0xff, 0xff, 0xff, 0x00, 0x00, 0x00, 0x00
.byte 0xff, 0xff, 0xff, 0xff, 0x00, 0x00, 0x00, 0x00
.globl _sym_00bdb604
_sym_00bdb604:
.byte 0x22, 0x05, 0x93, 0x19, 0x04, 0x00, 0x00, 0x00
.long _sym_00bdb5e4
.byte 0x00, 0x00, 0x00, 0x00, 0x00, 0x00, 0x00, 0x00, 0x00, 0x00, 0x00, 0x00, 0x00, 0x00, 0x00, 0x00
.byte 0x00, 0x00, 0x00, 0x00, 0x01, 0x00, 0x00, 0x00
.globl _sym_00bdb628
_sym_00bdb628:
.byte 0xff, 0xff, 0xff, 0xff
.long _sym_00ab5270
.byte 0xff, 0xff, 0xff, 0xff, 0x00, 0x00, 0x00, 0x00, 0xff, 0xff, 0xff, 0xff, 0x00, 0x00, 0x00, 0x00
.byte 0xff, 0xff, 0xff, 0xff, 0x00, 0x00, 0x00, 0x00
.globl _sym_00bdb648
_sym_00bdb648:
.byte 0x22, 0x05, 0x93, 0x19, 0x04, 0x00, 0x00, 0x00
.long _sym_00bdb628
.byte 0x00, 0x00, 0x00, 0x00, 0x00, 0x00, 0x00, 0x00, 0x00, 0x00, 0x00, 0x00, 0x00, 0x00, 0x00, 0x00
.byte 0x00, 0x00, 0x00, 0x00, 0x01, 0x00, 0x00, 0x00
.globl _sym_00bdb66c
_sym_00bdb66c:
.byte 0xff, 0xff, 0xff, 0xff
.long _sym_00ab5240
.byte 0xff, 0xff, 0xff, 0xff, 0x00, 0x00, 0x00, 0x00, 0xff, 0xff, 0xff, 0xff, 0x00, 0x00, 0x00, 0x00
.byte 0xff, 0xff, 0xff, 0xff, 0x00, 0x00, 0x00, 0x00
.globl _sym_00bdb68c
_sym_00bdb68c:
.byte 0x22, 0x05, 0x93, 0x19, 0x04, 0x00, 0x00, 0x00
.long _sym_00bdb66c
.byte 0x00, 0x00, 0x00, 0x00, 0x00, 0x00, 0x00, 0x00, 0x00, 0x00, 0x00, 0x00, 0x00, 0x00, 0x00, 0x00
.byte 0x00, 0x00, 0x00, 0x00, 0x01, 0x00, 0x00, 0x00
.globl _sym_00bdb6b0
_sym_00bdb6b0:
.byte 0xff, 0xff, 0xff, 0xff
.long _sym_00ab53f0
.byte 0xff, 0xff, 0xff, 0xff, 0x00, 0x00, 0x00, 0x00, 0xff, 0xff, 0xff, 0xff, 0x00, 0x00, 0x00, 0x00
.byte 0xff, 0xff, 0xff, 0xff, 0x00, 0x00, 0x00, 0x00
.globl _sym_00bdb6d0
_sym_00bdb6d0:
.byte 0x22, 0x05, 0x93, 0x19, 0x04, 0x00, 0x00, 0x00
.long _sym_00bdb6b0
.byte 0x00, 0x00, 0x00, 0x00, 0x00, 0x00, 0x00, 0x00, 0x00, 0x00, 0x00, 0x00, 0x00, 0x00, 0x00, 0x00
.byte 0x00, 0x00, 0x00, 0x00, 0x01, 0x00, 0x00, 0x00
.globl _sym_00bdb6f4
_sym_00bdb6f4:
.byte 0xff, 0xff, 0xff, 0xff
.long _sym_00ab5420
.byte 0xff, 0xff, 0xff, 0xff, 0x00, 0x00, 0x00, 0x00, 0xff, 0xff, 0xff, 0xff, 0x00, 0x00, 0x00, 0x00
.byte 0xff, 0xff, 0xff, 0xff, 0x00, 0x00, 0x00, 0x00
.globl _sym_00bdb714
_sym_00bdb714:
.byte 0x22, 0x05, 0x93, 0x19, 0x04, 0x00, 0x00, 0x00
.long _sym_00bdb6f4
.byte 0x00, 0x00, 0x00, 0x00, 0x00, 0x00, 0x00, 0x00, 0x00, 0x00, 0x00, 0x00, 0x00, 0x00, 0x00, 0x00
.byte 0x00, 0x00, 0x00, 0x00, 0x01, 0x00, 0x00, 0x00
.globl _sym_00bdb738
_sym_00bdb738:
.byte 0xff, 0xff, 0xff, 0xff
.long _sym_00ab53c0
.byte 0xff, 0xff, 0xff, 0xff, 0x00, 0x00, 0x00, 0x00, 0xff, 0xff, 0xff, 0xff, 0x00, 0x00, 0x00, 0x00
.byte 0xff, 0xff, 0xff, 0xff, 0x00, 0x00, 0x00, 0x00
.globl _sym_00bdb758
_sym_00bdb758:
.byte 0x22, 0x05, 0x93, 0x19, 0x04, 0x00, 0x00, 0x00
.long _sym_00bdb738
.byte 0x00, 0x00, 0x00, 0x00, 0x00, 0x00, 0x00, 0x00, 0x00, 0x00, 0x00, 0x00, 0x00, 0x00, 0x00, 0x00
.byte 0x00, 0x00, 0x00, 0x00, 0x01, 0x00, 0x00, 0x00
.globl _sym_00bdb77c
_sym_00bdb77c:
.byte 0xff, 0xff, 0xff, 0xff
.long _sym_00ab5ae0
.byte 0xff, 0xff, 0xff, 0xff, 0x00, 0x00, 0x00, 0x00, 0xff, 0xff, 0xff, 0xff, 0x00, 0x00, 0x00, 0x00
.byte 0xff, 0xff, 0xff, 0xff, 0x00, 0x00, 0x00, 0x00
.globl _sym_00bdb79c
_sym_00bdb79c:
.byte 0x22, 0x05, 0x93, 0x19, 0x04, 0x00, 0x00, 0x00
.long _sym_00bdb77c
.byte 0x00, 0x00, 0x00, 0x00, 0x00, 0x00, 0x00, 0x00, 0x00, 0x00, 0x00, 0x00, 0x00, 0x00, 0x00, 0x00
.byte 0x00, 0x00, 0x00, 0x00, 0x01, 0x00, 0x00, 0x00
.globl _sym_00bdb7c0
_sym_00bdb7c0:
.byte 0xff, 0xff, 0xff, 0xff
.long _sym_00ab5e30
.byte 0xff, 0xff, 0xff, 0xff, 0x00, 0x00, 0x00, 0x00, 0xff, 0xff, 0xff, 0xff, 0x00, 0x00, 0x00, 0x00
.byte 0xff, 0xff, 0xff, 0xff, 0x00, 0x00, 0x00, 0x00
.globl _sym_00bdb7e0
_sym_00bdb7e0:
.byte 0x22, 0x05, 0x93, 0x19, 0x04, 0x00, 0x00, 0x00
.long _sym_00bdb7c0
.byte 0x00, 0x00, 0x00, 0x00, 0x00, 0x00, 0x00, 0x00, 0x00, 0x00, 0x00, 0x00, 0x00, 0x00, 0x00, 0x00
.byte 0x00, 0x00, 0x00, 0x00, 0x01, 0x00, 0x00, 0x00
.globl _sym_00bdb804
_sym_00bdb804:
.byte 0xff, 0xff, 0xff, 0xff
.long _sym_00ab5ec0
.byte 0xff, 0xff, 0xff, 0xff, 0x00, 0x00, 0x00, 0x00, 0xff, 0xff, 0xff, 0xff, 0x00, 0x00, 0x00, 0x00
.byte 0xff, 0xff, 0xff, 0xff, 0x00, 0x00, 0x00, 0x00
.globl _sym_00bdb824
_sym_00bdb824:
.byte 0x22, 0x05, 0x93, 0x19, 0x04, 0x00, 0x00, 0x00
.long _sym_00bdb804
.byte 0x00, 0x00, 0x00, 0x00, 0x00, 0x00, 0x00, 0x00, 0x00, 0x00, 0x00, 0x00, 0x00, 0x00, 0x00, 0x00
.byte 0x00, 0x00, 0x00, 0x00, 0x01, 0x00, 0x00, 0x00
.globl _sym_00bdb848
_sym_00bdb848:
.byte 0xff, 0xff, 0xff, 0xff
.long _sym_00ab51c0
.byte 0x00, 0x00, 0x00, 0x00
.long _sym_00ab51d1
.byte 0x01, 0x00, 0x00, 0x00
.long _sym_00ab51dc
.byte 0x02, 0x00, 0x00, 0x00
.long _sym_00ab51e7
.globl _sym_00bdb868
_sym_00bdb868:
.byte 0x22, 0x05, 0x93, 0x19, 0x04, 0x00, 0x00, 0x00
.long _sym_00bdb848
.byte 0x00, 0x00, 0x00, 0x00, 0x00, 0x00, 0x00, 0x00, 0x00, 0x00, 0x00, 0x00, 0x00, 0x00, 0x00, 0x00
.byte 0x00, 0x00, 0x00, 0x00, 0x01, 0x00, 0x00, 0x00
.globl _sym_00bdb88c
_sym_00bdb88c:
.byte 0xff, 0xff, 0xff, 0xff
.long _sym_00ab5b40
.byte 0xff, 0xff, 0xff, 0xff, 0x00, 0x00, 0x00, 0x00, 0xff, 0xff, 0xff, 0xff, 0x00, 0x00, 0x00, 0x00
.byte 0xff, 0xff, 0xff, 0xff, 0x00, 0x00, 0x00, 0x00
.globl _sym_00bdb8ac
_sym_00bdb8ac:
.byte 0x22, 0x05, 0x93, 0x19, 0x04, 0x00, 0x00, 0x00
.long _sym_00bdb88c
.byte 0x00, 0x00, 0x00, 0x00, 0x00, 0x00, 0x00, 0x00, 0x00, 0x00, 0x00, 0x00, 0x00, 0x00, 0x00, 0x00
.byte 0x00, 0x00, 0x00, 0x00, 0x01, 0x00, 0x00, 0x00
.globl _sym_00bdb8d0
_sym_00bdb8d0:
.byte 0xff, 0xff, 0xff, 0xff
.long _sym_00ab5e90
.byte 0xff, 0xff, 0xff, 0xff, 0x00, 0x00, 0x00, 0x00, 0xff, 0xff, 0xff, 0xff, 0x00, 0x00, 0x00, 0x00
.byte 0xff, 0xff, 0xff, 0xff, 0x00, 0x00, 0x00, 0x00
.globl _sym_00bdb8f0
_sym_00bdb8f0:
.byte 0x22, 0x05, 0x93, 0x19, 0x04, 0x00, 0x00, 0x00
.long _sym_00bdb8d0
.byte 0x00, 0x00, 0x00, 0x00, 0x00, 0x00, 0x00, 0x00, 0x00, 0x00, 0x00, 0x00, 0x00, 0x00, 0x00, 0x00
.byte 0x00, 0x00, 0x00, 0x00, 0x01, 0x00, 0x00, 0x00
.globl _sym_00bdb914
_sym_00bdb914:
.byte 0xff, 0xff, 0xff, 0xff
.long _sym_00ab5f20
.byte 0xff, 0xff, 0xff, 0xff, 0x00, 0x00, 0x00, 0x00, 0xff, 0xff, 0xff, 0xff, 0x00, 0x00, 0x00, 0x00
.byte 0xff, 0xff, 0xff, 0xff, 0x00, 0x00, 0x00, 0x00
.globl _sym_00bdb934
_sym_00bdb934:
.byte 0x22, 0x05, 0x93, 0x19, 0x04, 0x00, 0x00, 0x00
.long _sym_00bdb914
.byte 0x00, 0x00, 0x00, 0x00, 0x00, 0x00, 0x00, 0x00, 0x00, 0x00, 0x00, 0x00, 0x00, 0x00, 0x00, 0x00
.byte 0x00, 0x00, 0x00, 0x00, 0x01, 0x00, 0x00, 0x00
.globl _sym_00bdb958
_sym_00bdb958:
.byte 0xff, 0xff, 0xff, 0xff
.long _sym_00ab5180
.byte 0x00, 0x00, 0x00, 0x00
.long _sym_00ab5191
.globl _sym_00bdb968
_sym_00bdb968:
.byte 0x22, 0x05, 0x93, 0x19, 0x02, 0x00, 0x00, 0x00
.long _sym_00bdb958
.byte 0x00, 0x00, 0x00, 0x00, 0x00, 0x00, 0x00, 0x00, 0x00, 0x00, 0x00, 0x00, 0x00, 0x00, 0x00, 0x00
.byte 0x00, 0x00, 0x00, 0x00, 0x01, 0x00, 0x00, 0x00
.globl _sym_00bdb98c
_sym_00bdb98c:
.byte 0xff, 0xff, 0xff, 0xff
.long _sym_00ab5b10
.byte 0xff, 0xff, 0xff, 0xff, 0x00, 0x00, 0x00, 0x00, 0xff, 0xff, 0xff, 0xff, 0x00, 0x00, 0x00, 0x00
.byte 0xff, 0xff, 0xff, 0xff, 0x00, 0x00, 0x00, 0x00
.globl _sym_00bdb9ac
_sym_00bdb9ac:
.byte 0x22, 0x05, 0x93, 0x19, 0x04, 0x00, 0x00, 0x00
.long _sym_00bdb98c
.byte 0x00, 0x00, 0x00, 0x00, 0x00, 0x00, 0x00, 0x00, 0x00, 0x00, 0x00, 0x00, 0x00, 0x00, 0x00, 0x00
.byte 0x00, 0x00, 0x00, 0x00, 0x01, 0x00, 0x00, 0x00
.globl _sym_00bdb9d0
_sym_00bdb9d0:
.byte 0xff, 0xff, 0xff, 0xff
.long _sym_00ab5e60
.byte 0xff, 0xff, 0xff, 0xff, 0x00, 0x00, 0x00, 0x00, 0xff, 0xff, 0xff, 0xff, 0x00, 0x00, 0x00, 0x00
.byte 0xff, 0xff, 0xff, 0xff, 0x00, 0x00, 0x00, 0x00
.globl _sym_00bdb9f0
_sym_00bdb9f0:
.byte 0x22, 0x05, 0x93, 0x19, 0x04, 0x00, 0x00, 0x00
.long _sym_00bdb9d0
.byte 0x00, 0x00, 0x00, 0x00, 0x00, 0x00, 0x00, 0x00, 0x00, 0x00, 0x00, 0x00, 0x00, 0x00, 0x00, 0x00
.byte 0x00, 0x00, 0x00, 0x00, 0x01, 0x00, 0x00, 0x00
.globl _sym_00bdba14
_sym_00bdba14:
.byte 0xff, 0xff, 0xff, 0xff
.long _sym_00ab5ef0
.byte 0xff, 0xff, 0xff, 0xff, 0x00, 0x00, 0x00, 0x00, 0xff, 0xff, 0xff, 0xff, 0x00, 0x00, 0x00, 0x00
.byte 0xff, 0xff, 0xff, 0xff, 0x00, 0x00, 0x00, 0x00
.globl _sym_00bdba34
_sym_00bdba34:
.byte 0x22, 0x05, 0x93, 0x19, 0x04, 0x00, 0x00, 0x00
.long _sym_00bdba14
.byte 0x00, 0x00, 0x00, 0x00, 0x00, 0x00, 0x00, 0x00, 0x00, 0x00, 0x00, 0x00, 0x00, 0x00, 0x00, 0x00
.byte 0x00, 0x00, 0x00, 0x00, 0x01, 0x00, 0x00, 0x00
.globl _sym_00bdba58
_sym_00bdba58:
.byte 0xff, 0xff, 0xff, 0xff
.long _sym_00ab52a0
.byte 0xff, 0xff, 0xff, 0xff, 0x00, 0x00, 0x00, 0x00, 0xff, 0xff, 0xff, 0xff, 0x00, 0x00, 0x00, 0x00
.byte 0xff, 0xff, 0xff, 0xff, 0x00, 0x00, 0x00, 0x00
.globl _sym_00bdba78
_sym_00bdba78:
.byte 0x22, 0x05, 0x93, 0x19, 0x04, 0x00, 0x00, 0x00
.long _sym_00bdba58
.byte 0x00, 0x00, 0x00, 0x00, 0x00, 0x00, 0x00, 0x00, 0x00, 0x00, 0x00, 0x00, 0x00, 0x00, 0x00, 0x00
.byte 0x00, 0x00, 0x00, 0x00, 0x01, 0x00, 0x00, 0x00
.globl _sym_00bdba9c
_sym_00bdba9c:
.byte 0xff, 0xff, 0xff, 0xff
.long _sym_00ab5d20
.byte 0xff, 0xff, 0xff, 0xff, 0x00, 0x00, 0x00, 0x00, 0xff, 0xff, 0xff, 0xff, 0x00, 0x00, 0x00, 0x00
.byte 0xff, 0xff, 0xff, 0xff, 0x00, 0x00, 0x00, 0x00
.globl _sym_00bdbabc
_sym_00bdbabc:
.byte 0x22, 0x05, 0x93, 0x19, 0x04, 0x00, 0x00, 0x00
.long _sym_00bdba9c
.byte 0x00, 0x00, 0x00, 0x00, 0x00, 0x00, 0x00, 0x00, 0x00, 0x00, 0x00, 0x00, 0x00, 0x00, 0x00, 0x00
.byte 0x00, 0x00, 0x00, 0x00, 0x01, 0x00, 0x00, 0x00
.globl _sym_00bdbae0
_sym_00bdbae0:
.byte 0xff, 0xff, 0xff, 0xff
.long _sym_00ab5c00
.byte 0xff, 0xff, 0xff, 0xff, 0x00, 0x00, 0x00, 0x00, 0xff, 0xff, 0xff, 0xff, 0x00, 0x00, 0x00, 0x00
.byte 0xff, 0xff, 0xff, 0xff, 0x00, 0x00, 0x00, 0x00
.globl _sym_00bdbb00
_sym_00bdbb00:
.byte 0x22, 0x05, 0x93, 0x19, 0x04, 0x00, 0x00, 0x00
.long _sym_00bdbae0
.byte 0x00, 0x00, 0x00, 0x00, 0x00, 0x00, 0x00, 0x00, 0x00, 0x00, 0x00, 0x00, 0x00, 0x00, 0x00, 0x00
.byte 0x00, 0x00, 0x00, 0x00, 0x01, 0x00, 0x00, 0x00
.globl _sym_00bdbb24
_sym_00bdbb24:
.byte 0xff, 0xff, 0xff, 0xff
.long _sym_00ab5300
.byte 0xff, 0xff, 0xff, 0xff, 0x00, 0x00, 0x00, 0x00, 0xff, 0xff, 0xff, 0xff, 0x00, 0x00, 0x00, 0x00
.byte 0xff, 0xff, 0xff, 0xff, 0x00, 0x00, 0x00, 0x00
.globl _sym_00bdbb44
_sym_00bdbb44:
.byte 0x22, 0x05, 0x93, 0x19, 0x04, 0x00, 0x00, 0x00
.long _sym_00bdbb24
.byte 0x00, 0x00, 0x00, 0x00, 0x00, 0x00, 0x00, 0x00, 0x00, 0x00, 0x00, 0x00, 0x00, 0x00, 0x00, 0x00
.byte 0x00, 0x00, 0x00, 0x00, 0x01, 0x00, 0x00, 0x00
.globl _sym_00bdbb68
_sym_00bdbb68:
.byte 0xff, 0xff, 0xff, 0xff
.long _sym_00ab5d80
.byte 0xff, 0xff, 0xff, 0xff, 0x00, 0x00, 0x00, 0x00, 0xff, 0xff, 0xff, 0xff, 0x00, 0x00, 0x00, 0x00
.byte 0xff, 0xff, 0xff, 0xff, 0x00, 0x00, 0x00, 0x00
.globl _sym_00bdbb88
_sym_00bdbb88:
.byte 0x22, 0x05, 0x93, 0x19, 0x04, 0x00, 0x00, 0x00
.long _sym_00bdbb68
.byte 0x00, 0x00, 0x00, 0x00, 0x00, 0x00, 0x00, 0x00, 0x00, 0x00, 0x00, 0x00, 0x00, 0x00, 0x00, 0x00
.byte 0x00, 0x00, 0x00, 0x00, 0x01, 0x00, 0x00, 0x00
.globl _sym_00bdbbac
_sym_00bdbbac:
.byte 0xff, 0xff, 0xff, 0xff
.long _sym_00ab5c60
.byte 0xff, 0xff, 0xff, 0xff, 0x00, 0x00, 0x00, 0x00, 0xff, 0xff, 0xff, 0xff, 0x00, 0x00, 0x00, 0x00
.byte 0xff, 0xff, 0xff, 0xff, 0x00, 0x00, 0x00, 0x00
.globl _sym_00bdbbcc
_sym_00bdbbcc:
.byte 0x22, 0x05, 0x93, 0x19, 0x04, 0x00, 0x00, 0x00
.long _sym_00bdbbac
.byte 0x00, 0x00, 0x00, 0x00, 0x00, 0x00, 0x00, 0x00, 0x00, 0x00, 0x00, 0x00, 0x00, 0x00, 0x00, 0x00
.byte 0x00, 0x00, 0x00, 0x00, 0x01, 0x00, 0x00, 0x00
.globl _sym_00bdbbf0
_sym_00bdbbf0:
.byte 0xff, 0xff, 0xff, 0xff
.long _sym_00ab52d0
.byte 0xff, 0xff, 0xff, 0xff, 0x00, 0x00, 0x00, 0x00, 0xff, 0xff, 0xff, 0xff, 0x00, 0x00, 0x00, 0x00
.byte 0xff, 0xff, 0xff, 0xff, 0x00, 0x00, 0x00, 0x00
.globl _sym_00bdbc10
_sym_00bdbc10:
.byte 0x22, 0x05, 0x93, 0x19, 0x04, 0x00, 0x00, 0x00
.long _sym_00bdbbf0
.byte 0x00, 0x00, 0x00, 0x00, 0x00, 0x00, 0x00, 0x00, 0x00, 0x00, 0x00, 0x00, 0x00, 0x00, 0x00, 0x00
.byte 0x00, 0x00, 0x00, 0x00, 0x01, 0x00, 0x00, 0x00
.globl _sym_00bdbc34
_sym_00bdbc34:
.byte 0xff, 0xff, 0xff, 0xff
.long _sym_00ab5d50
.byte 0xff, 0xff, 0xff, 0xff, 0x00, 0x00, 0x00, 0x00, 0xff, 0xff, 0xff, 0xff, 0x00, 0x00, 0x00, 0x00
.byte 0xff, 0xff, 0xff, 0xff, 0x00, 0x00, 0x00, 0x00
.globl _sym_00bdbc54
_sym_00bdbc54:
.byte 0x22, 0x05, 0x93, 0x19, 0x04, 0x00, 0x00, 0x00
.long _sym_00bdbc34
.byte 0x00, 0x00, 0x00, 0x00, 0x00, 0x00, 0x00, 0x00, 0x00, 0x00, 0x00, 0x00, 0x00, 0x00, 0x00, 0x00
.byte 0x00, 0x00, 0x00, 0x00, 0x01, 0x00, 0x00, 0x00
.globl _sym_00bdbc78
_sym_00bdbc78:
.byte 0xff, 0xff, 0xff, 0xff
.long _sym_00ab5c30
.byte 0xff, 0xff, 0xff, 0xff, 0x00, 0x00, 0x00, 0x00, 0xff, 0xff, 0xff, 0xff, 0x00, 0x00, 0x00, 0x00
.byte 0xff, 0xff, 0xff, 0xff, 0x00, 0x00, 0x00, 0x00
.globl _sym_00bdbc98
_sym_00bdbc98:
.byte 0x22, 0x05, 0x93, 0x19, 0x04, 0x00, 0x00, 0x00
.long _sym_00bdbc78
.byte 0x00, 0x00, 0x00, 0x00, 0x00, 0x00, 0x00, 0x00, 0x00, 0x00, 0x00, 0x00, 0x00, 0x00, 0x00, 0x00
.byte 0x00, 0x00, 0x00, 0x00, 0x01, 0x00, 0x00, 0x00
.globl _sym_00bdbcbc
_sym_00bdbcbc:
.byte 0x22, 0x05, 0x93, 0x19, 0x1f, 0x00, 0x00, 0x00
.long _sym_00bdbce0
.byte 0x00, 0x00, 0x00, 0x00, 0x00, 0x00, 0x00, 0x00, 0x00, 0x00, 0x00, 0x00, 0x00, 0x00, 0x00, 0x00
.byte 0x00, 0x00, 0x00, 0x00, 0x01, 0x00, 0x00, 0x00
.globl _sym_00bdbce0
_sym_00bdbce0:
.byte 0xff, 0xff, 0xff, 0xff
.long _sym_00ab6870
.byte 0xff, 0xff, 0xff, 0xff
.long _sym_00ab687e
.byte 0xff, 0xff, 0xff, 0xff
.long _sym_00ab688c
.byte 0xff, 0xff, 0xff, 0xff
.long _sym_00ab689a
.byte 0xff, 0xff, 0xff, 0xff
.long _sym_00ab68a8
.byte 0x04, 0x00, 0x00, 0x00
.long _sym_00ab68b6
.byte 0x04, 0x00, 0x00, 0x00, 0x00, 0x00, 0x00, 0x00, 0x04, 0x00, 0x00, 0x00, 0x00, 0x00, 0x00, 0x00
.byte 0x04, 0x00, 0x00, 0x00, 0x00, 0x00, 0x00, 0x00, 0xff, 0xff, 0xff, 0xff
.long _sym_00ab68c4
.byte 0x09, 0x00, 0x00, 0x00
.long _sym_00ab68d2
.byte 0x09, 0x00, 0x00, 0x00, 0x00, 0x00, 0x00, 0x00, 0x09, 0x00, 0x00, 0x00, 0x00, 0x00, 0x00, 0x00
.byte 0x09, 0x00, 0x00, 0x00, 0x00, 0x00, 0x00, 0x00, 0xff, 0xff, 0xff, 0xff
.long _sym_00ab68e0
.byte 0x0e, 0x00, 0x00, 0x00
.long _sym_00ab68ee
.byte 0x0e, 0x00, 0x00, 0x00, 0x00, 0x00, 0x00, 0x00, 0x0e, 0x00, 0x00, 0x00, 0x00, 0x00, 0x00, 0x00
.byte 0x0e, 0x00, 0x00, 0x00, 0x00, 0x00, 0x00, 0x00, 0xff, 0xff, 0xff, 0xff
.long _sym_00ab68fc
.byte 0x13, 0x00, 0x00, 0x00
.long _sym_00ab690c
.byte 0x13, 0x00, 0x00, 0x00, 0x00, 0x00, 0x00, 0x00, 0x13, 0x00, 0x00, 0x00, 0x00, 0x00, 0x00, 0x00
.byte 0x13, 0x00, 0x00, 0x00, 0x00, 0x00, 0x00, 0x00, 0xff, 0xff, 0xff, 0xff
.long _sym_00ab691a
.byte 0x18, 0x00, 0x00, 0x00
.long _sym_00ab692a
.byte 0x18, 0x00, 0x00, 0x00, 0x00, 0x00, 0x00, 0x00, 0x18, 0x00, 0x00, 0x00, 0x00, 0x00, 0x00, 0x00
.byte 0x18, 0x00, 0x00, 0x00, 0x00, 0x00, 0x00, 0x00, 0xff, 0xff, 0xff, 0xff
.long _sym_00ab6938
.byte 0xff, 0xff, 0xff, 0xff
.long _sym_00ab6948
.globl _sym_00bdbdd8
_sym_00bdbdd8:
.byte 0xff, 0xff, 0xff, 0xff
.long _sym_00ab67b0
.globl _sym_00bdbde0
_sym_00bdbde0:
.byte 0x22, 0x05, 0x93, 0x19, 0x01, 0x00, 0x00, 0x00
.long _sym_00bdbdd8
.byte 0x00, 0x00, 0x00, 0x00, 0x00, 0x00, 0x00, 0x00, 0x00, 0x00, 0x00, 0x00, 0x00, 0x00, 0x00, 0x00
.byte 0x00, 0x00, 0x00, 0x00, 0x01, 0x00, 0x00, 0x00
.globl _sym_00bdbe04
_sym_00bdbe04:
.byte 0xff, 0xff, 0xff, 0xff
.long _sym_00ab6980
.byte 0xff, 0xff, 0xff, 0xff
.long _sym_00ab698e
.byte 0xff, 0xff, 0xff, 0xff
.long _sym_00ab699c
.byte 0xff, 0xff, 0xff, 0xff
.long _sym_00ab69aa
.globl _sym_00bdbe24
_sym_00bdbe24:
.byte 0x22, 0x05, 0x93, 0x19, 0x04, 0x00, 0x00, 0x00
.long _sym_00bdbe04
.byte 0x00, 0x00, 0x00, 0x00, 0x00, 0x00, 0x00, 0x00, 0x00, 0x00, 0x00, 0x00, 0x00, 0x00, 0x00, 0x00
.byte 0x00, 0x00, 0x00, 0x00, 0x01, 0x00, 0x00, 0x00
.globl _sym_00bdbe48
_sym_00bdbe48:
.byte 0xff, 0xff, 0xff, 0xff
.long _sym_00ab6d40
.byte 0xff, 0xff, 0xff, 0xff, 0x00, 0x00, 0x00, 0x00, 0xff, 0xff, 0xff, 0xff, 0x00, 0x00, 0x00, 0x00
.byte 0xff, 0xff, 0xff, 0xff, 0x00, 0x00, 0x00, 0x00
.globl _sym_00bdbe68
_sym_00bdbe68:
.byte 0x22, 0x05, 0x93, 0x19, 0x04, 0x00, 0x00, 0x00
.long _sym_00bdbe48
.byte 0x00, 0x00, 0x00, 0x00, 0x00, 0x00, 0x00, 0x00, 0x00, 0x00, 0x00, 0x00, 0x00, 0x00, 0x00, 0x00
.byte 0x00, 0x00, 0x00, 0x00, 0x01, 0x00, 0x00, 0x00
.globl _sym_00bdbe8c
_sym_00bdbe8c:
.byte 0xff, 0xff, 0xff, 0xff
.long _sym_00ab6a40
.byte 0xff, 0xff, 0xff, 0xff
.long _sym_00ab6a4e
.byte 0xff, 0xff, 0xff, 0xff
.long _sym_00ab6a5c
.byte 0xff, 0xff, 0xff, 0xff
.long _sym_00ab6a6a
.globl _sym_00bdbeac
_sym_00bdbeac:
.byte 0x22, 0x05, 0x93, 0x19, 0x04, 0x00, 0x00, 0x00
.long _sym_00bdbe8c
.byte 0x00, 0x00, 0x00, 0x00, 0x00, 0x00, 0x00, 0x00, 0x00, 0x00, 0x00, 0x00, 0x00, 0x00, 0x00, 0x00
.byte 0x00, 0x00, 0x00, 0x00, 0x01, 0x00, 0x00, 0x00
.globl _sym_00bdbed0
_sym_00bdbed0:
.byte 0xff, 0xff, 0xff, 0xff
.long _sym_00ab6da0
.byte 0xff, 0xff, 0xff, 0xff, 0x00, 0x00, 0x00, 0x00, 0xff, 0xff, 0xff, 0xff, 0x00, 0x00, 0x00, 0x00
.byte 0xff, 0xff, 0xff, 0xff, 0x00, 0x00, 0x00, 0x00
.globl _sym_00bdbef0
_sym_00bdbef0:
.byte 0x22, 0x05, 0x93, 0x19, 0x04, 0x00, 0x00, 0x00
.long _sym_00bdbed0
.byte 0x00, 0x00, 0x00, 0x00, 0x00, 0x00, 0x00, 0x00, 0x00, 0x00, 0x00, 0x00, 0x00, 0x00, 0x00, 0x00
.byte 0x00, 0x00, 0x00, 0x00, 0x01, 0x00, 0x00, 0x00
.globl _sym_00bdbf14
_sym_00bdbf14:
.byte 0xff, 0xff, 0xff, 0xff
.long _sym_00ab6aa0
.byte 0xff, 0xff, 0xff, 0xff
.long _sym_00ab6aae
.byte 0xff, 0xff, 0xff, 0xff
.long _sym_00ab6abc
.byte 0xff, 0xff, 0xff, 0xff
.long _sym_00ab6aca
.globl _sym_00bdbf34
_sym_00bdbf34:
.byte 0x22, 0x05, 0x93, 0x19, 0x04, 0x00, 0x00, 0x00
.long _sym_00bdbf14
.byte 0x00, 0x00, 0x00, 0x00, 0x00, 0x00, 0x00, 0x00, 0x00, 0x00, 0x00, 0x00, 0x00, 0x00, 0x00, 0x00
.byte 0x00, 0x00, 0x00, 0x00, 0x01, 0x00, 0x00, 0x00
.globl _sym_00bdbf58
_sym_00bdbf58:
.byte 0xff, 0xff, 0xff, 0xff
.long _sym_00ab6dd0
.byte 0xff, 0xff, 0xff, 0xff, 0x00, 0x00, 0x00, 0x00, 0xff, 0xff, 0xff, 0xff, 0x00, 0x00, 0x00, 0x00
.byte 0xff, 0xff, 0xff, 0xff, 0x00, 0x00, 0x00, 0x00
.globl _sym_00bdbf78
_sym_00bdbf78:
.byte 0x22, 0x05, 0x93, 0x19, 0x04, 0x00, 0x00, 0x00
.long _sym_00bdbf58
.byte 0x00, 0x00, 0x00, 0x00, 0x00, 0x00, 0x00, 0x00, 0x00, 0x00, 0x00, 0x00, 0x00, 0x00, 0x00, 0x00
.byte 0x00, 0x00, 0x00, 0x00, 0x01, 0x00, 0x00, 0x00
.globl _sym_00bdbf9c
_sym_00bdbf9c:
.byte 0xff, 0xff, 0xff, 0xff
.long _sym_00ab69e0
.byte 0xff, 0xff, 0xff, 0xff
.long _sym_00ab69ee
.byte 0xff, 0xff, 0xff, 0xff
.long _sym_00ab69fc
.byte 0xff, 0xff, 0xff, 0xff
.long _sym_00ab6a0a
.globl _sym_00bdbfbc
_sym_00bdbfbc:
.byte 0x22, 0x05, 0x93, 0x19, 0x04, 0x00, 0x00, 0x00
.long _sym_00bdbf9c
.byte 0x00, 0x00, 0x00, 0x00, 0x00, 0x00, 0x00, 0x00, 0x00, 0x00, 0x00, 0x00, 0x00, 0x00, 0x00, 0x00
.byte 0x00, 0x00, 0x00, 0x00, 0x01, 0x00, 0x00, 0x00
.globl _sym_00bdbfe0
_sym_00bdbfe0:
.byte 0xff, 0xff, 0xff, 0xff
.long _sym_00ab6d70
.byte 0xff, 0xff, 0xff, 0xff, 0x00, 0x00, 0x00, 0x00, 0xff, 0xff, 0xff, 0xff, 0x00, 0x00, 0x00, 0x00
.byte 0xff, 0xff, 0xff, 0xff, 0x00, 0x00, 0x00, 0x00
