.code32
.section d07dc000,"dw"
.globl _sym_00bdc000
_sym_00bdc000:
.byte 0x22, 0x05, 0x93, 0x19, 0x04, 0x00, 0x00, 0x00
.long _sym_00bdbfe0
.byte 0x00, 0x00, 0x00, 0x00, 0x00, 0x00, 0x00, 0x00, 0x00, 0x00, 0x00, 0x00, 0x00, 0x00, 0x00, 0x00
.byte 0x00, 0x00, 0x00, 0x00, 0x01, 0x00, 0x00, 0x00
.globl _sym_00bdc024
_sym_00bdc024:
.byte 0xff, 0xff, 0xff, 0xff
.long _sym_00ab6b00
.byte 0xff, 0xff, 0xff, 0xff
.long _sym_00ab6b0e
.byte 0xff, 0xff, 0xff, 0xff
.long _sym_00ab6b1c
.byte 0xff, 0xff, 0xff, 0xff
.long _sym_00ab6b2a
.globl _sym_00bdc044
_sym_00bdc044:
.byte 0x22, 0x05, 0x93, 0x19, 0x04, 0x00, 0x00, 0x00
.long _sym_00bdc024
.byte 0x00, 0x00, 0x00, 0x00, 0x00, 0x00, 0x00, 0x00, 0x00, 0x00, 0x00, 0x00, 0x00, 0x00, 0x00, 0x00
.byte 0x00, 0x00, 0x00, 0x00, 0x01, 0x00, 0x00, 0x00
.globl _sym_00bdc068
_sym_00bdc068:
.byte 0xff, 0xff, 0xff, 0xff
.long _sym_00ab6e00
.byte 0xff, 0xff, 0xff, 0xff, 0x00, 0x00, 0x00, 0x00, 0xff, 0xff, 0xff, 0xff, 0x00, 0x00, 0x00, 0x00
.byte 0xff, 0xff, 0xff, 0xff, 0x00, 0x00, 0x00, 0x00
.globl _sym_00bdc088
_sym_00bdc088:
.byte 0x22, 0x05, 0x93, 0x19, 0x04, 0x00, 0x00, 0x00
.long _sym_00bdc068
.byte 0x00, 0x00, 0x00, 0x00, 0x00, 0x00, 0x00, 0x00, 0x00, 0x00, 0x00, 0x00, 0x00, 0x00, 0x00, 0x00
.byte 0x00, 0x00, 0x00, 0x00, 0x01, 0x00, 0x00, 0x00
.globl _sym_00bdc0ac
_sym_00bdc0ac:
.byte 0x22, 0x05, 0x93, 0x19, 0x06, 0x00, 0x00, 0x00
.long _sym_00bdc0d0
.byte 0x00, 0x00, 0x00, 0x00, 0x00, 0x00, 0x00, 0x00, 0x00, 0x00, 0x00, 0x00, 0x00, 0x00, 0x00, 0x00
.byte 0x00, 0x00, 0x00, 0x00, 0x01, 0x00, 0x00, 0x00
.globl _sym_00bdc0d0
_sym_00bdc0d0:
.byte 0xff, 0xff, 0xff, 0xff
.long _sym_00ab67e0
.byte 0x00, 0x00, 0x00, 0x00
.long _sym_00ab67eb
.byte 0x01, 0x00, 0x00, 0x00
.long _sym_00ab67f6
.byte 0x02, 0x00, 0x00, 0x00
.long _sym_00ab6801
.byte 0x03, 0x00, 0x00, 0x00
.long _sym_00ab680c
.byte 0x04, 0x00, 0x00, 0x00
.long _sym_00ab6817
.globl _sym_00bdc100
_sym_00bdc100:
.byte 0xff, 0xff, 0xff, 0xff
.long _sym_00ab6000
.globl _sym_00bdc108
_sym_00bdc108:
.byte 0x22, 0x05, 0x93, 0x19, 0x01, 0x00, 0x00, 0x00
.long _sym_00bdc100
.byte 0x00, 0x00, 0x00, 0x00, 0x00, 0x00, 0x00, 0x00, 0x00, 0x00, 0x00, 0x00, 0x00, 0x00, 0x00, 0x00
.byte 0x00, 0x00, 0x00, 0x00, 0x01, 0x00, 0x00, 0x00
.globl _sym_00bdc12c
_sym_00bdc12c:
.byte 0xff, 0xff, 0xff, 0xff
.long _sym_00ab6840
.globl _sym_00bdc134
_sym_00bdc134:
.byte 0x22, 0x05, 0x93, 0x19, 0x01, 0x00, 0x00, 0x00
.long _sym_00bdc12c
.byte 0x00, 0x00, 0x00, 0x00, 0x00, 0x00, 0x00, 0x00, 0x00, 0x00, 0x00, 0x00, 0x00, 0x00, 0x00, 0x00
.byte 0x00, 0x00, 0x00, 0x00, 0x01, 0x00, 0x00, 0x00
.globl _sym_00bdc158
_sym_00bdc158:
.byte 0xff, 0xff, 0xff, 0xff
.long _sym_00ab63f0
.byte 0xff, 0xff, 0xff, 0xff, 0x00, 0x00, 0x00, 0x00, 0xff, 0xff, 0xff, 0xff, 0x00, 0x00, 0x00, 0x00
.byte 0xff, 0xff, 0xff, 0xff, 0x00, 0x00, 0x00, 0x00
.globl _sym_00bdc178
_sym_00bdc178:
.byte 0x22, 0x05, 0x93, 0x19, 0x04, 0x00, 0x00, 0x00
.long _sym_00bdc158
.byte 0x00, 0x00, 0x00, 0x00, 0x00, 0x00, 0x00, 0x00, 0x00, 0x00, 0x00, 0x00, 0x00, 0x00, 0x00, 0x00
.byte 0x00, 0x00, 0x00, 0x00, 0x01, 0x00, 0x00, 0x00
.globl _sym_00bdc19c
_sym_00bdc19c:
.byte 0xff, 0xff, 0xff, 0xff
.long _sym_00ab6450
.byte 0xff, 0xff, 0xff, 0xff, 0x00, 0x00, 0x00, 0x00, 0xff, 0xff, 0xff, 0xff, 0x00, 0x00, 0x00, 0x00
.byte 0xff, 0xff, 0xff, 0xff, 0x00, 0x00, 0x00, 0x00
.globl _sym_00bdc1bc
_sym_00bdc1bc:
.byte 0x22, 0x05, 0x93, 0x19, 0x04, 0x00, 0x00, 0x00
.long _sym_00bdc19c
.byte 0x00, 0x00, 0x00, 0x00, 0x00, 0x00, 0x00, 0x00, 0x00, 0x00, 0x00, 0x00, 0x00, 0x00, 0x00, 0x00
.byte 0x00, 0x00, 0x00, 0x00, 0x01, 0x00, 0x00, 0x00
.globl _sym_00bdc1e0
_sym_00bdc1e0:
.byte 0xff, 0xff, 0xff, 0xff
.long _sym_00ab6480
.byte 0xff, 0xff, 0xff, 0xff, 0x00, 0x00, 0x00, 0x00, 0xff, 0xff, 0xff, 0xff, 0x00, 0x00, 0x00, 0x00
.byte 0xff, 0xff, 0xff, 0xff, 0x00, 0x00, 0x00, 0x00
.globl _sym_00bdc200
_sym_00bdc200:
.byte 0x22, 0x05, 0x93, 0x19, 0x04, 0x00, 0x00, 0x00
.long _sym_00bdc1e0
.byte 0x00, 0x00, 0x00, 0x00, 0x00, 0x00, 0x00, 0x00, 0x00, 0x00, 0x00, 0x00, 0x00, 0x00, 0x00, 0x00
.byte 0x00, 0x00, 0x00, 0x00, 0x01, 0x00, 0x00, 0x00
.globl _sym_00bdc224
_sym_00bdc224:
.byte 0xff, 0xff, 0xff, 0xff
.long _sym_00ab6420
.byte 0xff, 0xff, 0xff, 0xff, 0x00, 0x00, 0x00, 0x00, 0xff, 0xff, 0xff, 0xff, 0x00, 0x00, 0x00, 0x00
.byte 0xff, 0xff, 0xff, 0xff, 0x00, 0x00, 0x00, 0x00
.globl _sym_00bdc244
_sym_00bdc244:
.byte 0x22, 0x05, 0x93, 0x19, 0x04, 0x00, 0x00, 0x00
.long _sym_00bdc224
.byte 0x00, 0x00, 0x00, 0x00, 0x00, 0x00, 0x00, 0x00, 0x00, 0x00, 0x00, 0x00, 0x00, 0x00, 0x00, 0x00
.byte 0x00, 0x00, 0x00, 0x00, 0x01, 0x00, 0x00, 0x00
.globl _sym_00bdc268
_sym_00bdc268:
.byte 0xff, 0xff, 0xff, 0xff
.long _sym_00ab64b0
.byte 0xff, 0xff, 0xff, 0xff, 0x00, 0x00, 0x00, 0x00, 0xff, 0xff, 0xff, 0xff, 0x00, 0x00, 0x00, 0x00
.byte 0xff, 0xff, 0xff, 0xff, 0x00, 0x00, 0x00, 0x00
.globl _sym_00bdc288
_sym_00bdc288:
.byte 0x22, 0x05, 0x93, 0x19, 0x04, 0x00, 0x00, 0x00
.long _sym_00bdc268
.byte 0x00, 0x00, 0x00, 0x00, 0x00, 0x00, 0x00, 0x00, 0x00, 0x00, 0x00, 0x00, 0x00, 0x00, 0x00, 0x00
.byte 0x00, 0x00, 0x00, 0x00, 0x01, 0x00, 0x00, 0x00
.globl _sym_00bdc2ac
_sym_00bdc2ac:
.byte 0xff, 0xff, 0xff, 0xff
.long _sym_00ab6780
.globl _sym_00bdc2b4
_sym_00bdc2b4:
.byte 0x22, 0x05, 0x93, 0x19, 0x01, 0x00, 0x00, 0x00
.long _sym_00bdc2ac
.byte 0x00, 0x00, 0x00, 0x00, 0x00, 0x00, 0x00, 0x00, 0x00, 0x00, 0x00, 0x00, 0x00, 0x00, 0x00, 0x00
.byte 0x00, 0x00, 0x00, 0x00, 0x01, 0x00, 0x00, 0x00
.globl _sym_00bdc2d8
_sym_00bdc2d8:
.byte 0xff, 0xff, 0xff, 0xff
.long _sym_00ab66f0
.globl _sym_00bdc2e0
_sym_00bdc2e0:
.byte 0x22, 0x05, 0x93, 0x19, 0x01, 0x00, 0x00, 0x00
.long _sym_00bdc2d8
.byte 0x00, 0x00, 0x00, 0x00, 0x00, 0x00, 0x00, 0x00, 0x00, 0x00, 0x00, 0x00, 0x00, 0x00, 0x00, 0x00
.byte 0x00, 0x00, 0x00, 0x00, 0x01, 0x00, 0x00, 0x00
.globl _sym_00bdc304
_sym_00bdc304:
.byte 0xff, 0xff, 0xff, 0xff
.long _sym_00ab6750
.globl _sym_00bdc30c
_sym_00bdc30c:
.byte 0x22, 0x05, 0x93, 0x19, 0x01, 0x00, 0x00, 0x00
.long _sym_00bdc304
.byte 0x00, 0x00, 0x00, 0x00, 0x00, 0x00, 0x00, 0x00, 0x00, 0x00, 0x00, 0x00, 0x00, 0x00, 0x00, 0x00
.byte 0x00, 0x00, 0x00, 0x00, 0x01, 0x00, 0x00, 0x00
.globl _sym_00bdc330
_sym_00bdc330:
.byte 0xff, 0xff, 0xff, 0xff
.long _sym_00ab6720
.globl _sym_00bdc338
_sym_00bdc338:
.byte 0x22, 0x05, 0x93, 0x19, 0x01, 0x00, 0x00, 0x00
.long _sym_00bdc330
.byte 0x00, 0x00, 0x00, 0x00, 0x00, 0x00, 0x00, 0x00, 0x00, 0x00, 0x00, 0x00, 0x00, 0x00, 0x00, 0x00
.byte 0x00, 0x00, 0x00, 0x00, 0x01, 0x00, 0x00, 0x00
.globl _sym_00bdc35c
_sym_00bdc35c:
.byte 0xff, 0xff, 0xff, 0xff
.long _sym_00ab66c0
.globl _sym_00bdc364
_sym_00bdc364:
.byte 0x22, 0x05, 0x93, 0x19, 0x01, 0x00, 0x00, 0x00
.long _sym_00bdc35c
.byte 0x00, 0x00, 0x00, 0x00, 0x00, 0x00, 0x00, 0x00, 0x00, 0x00, 0x00, 0x00, 0x00, 0x00, 0x00, 0x00
.byte 0x00, 0x00, 0x00, 0x00, 0x01, 0x00, 0x00, 0x00
.globl _sym_00bdc388
_sym_00bdc388:
.byte 0xff, 0xff, 0xff, 0xff
.long _sym_00ab6210
.byte 0xff, 0xff, 0xff, 0xff, 0x00, 0x00, 0x00, 0x00, 0xff, 0xff, 0xff, 0xff, 0x00, 0x00, 0x00, 0x00
.byte 0xff, 0xff, 0xff, 0xff, 0x00, 0x00, 0x00, 0x00
.globl _sym_00bdc3a8
_sym_00bdc3a8:
.byte 0x22, 0x05, 0x93, 0x19, 0x04, 0x00, 0x00, 0x00
.long _sym_00bdc388
.byte 0x00, 0x00, 0x00, 0x00, 0x00, 0x00, 0x00, 0x00, 0x00, 0x00, 0x00, 0x00, 0x00, 0x00, 0x00, 0x00
.byte 0x00, 0x00, 0x00, 0x00, 0x01, 0x00, 0x00, 0x00
.globl _sym_00bdc3cc
_sym_00bdc3cc:
.byte 0xff, 0xff, 0xff, 0xff
.long _sym_00ab6270
.byte 0xff, 0xff, 0xff, 0xff, 0x00, 0x00, 0x00, 0x00, 0xff, 0xff, 0xff, 0xff, 0x00, 0x00, 0x00, 0x00
.byte 0xff, 0xff, 0xff, 0xff, 0x00, 0x00, 0x00, 0x00
.globl _sym_00bdc3ec
_sym_00bdc3ec:
.byte 0x22, 0x05, 0x93, 0x19, 0x04, 0x00, 0x00, 0x00
.long _sym_00bdc3cc
.byte 0x00, 0x00, 0x00, 0x00, 0x00, 0x00, 0x00, 0x00, 0x00, 0x00, 0x00, 0x00, 0x00, 0x00, 0x00, 0x00
.byte 0x00, 0x00, 0x00, 0x00, 0x01, 0x00, 0x00, 0x00
.globl _sym_00bdc410
_sym_00bdc410:
.byte 0xff, 0xff, 0xff, 0xff
.long _sym_00ab62a0
.byte 0xff, 0xff, 0xff, 0xff, 0x00, 0x00, 0x00, 0x00, 0xff, 0xff, 0xff, 0xff, 0x00, 0x00, 0x00, 0x00
.byte 0xff, 0xff, 0xff, 0xff, 0x00, 0x00, 0x00, 0x00
.globl _sym_00bdc430
_sym_00bdc430:
.byte 0x22, 0x05, 0x93, 0x19, 0x04, 0x00, 0x00, 0x00
.long _sym_00bdc410
.byte 0x00, 0x00, 0x00, 0x00, 0x00, 0x00, 0x00, 0x00, 0x00, 0x00, 0x00, 0x00, 0x00, 0x00, 0x00, 0x00
.byte 0x00, 0x00, 0x00, 0x00, 0x01, 0x00, 0x00, 0x00
.globl _sym_00bdc454
_sym_00bdc454:
.byte 0xff, 0xff, 0xff, 0xff
.long _sym_00ab6240
.byte 0xff, 0xff, 0xff, 0xff, 0x00, 0x00, 0x00, 0x00, 0xff, 0xff, 0xff, 0xff, 0x00, 0x00, 0x00, 0x00
.byte 0xff, 0xff, 0xff, 0xff, 0x00, 0x00, 0x00, 0x00
.globl _sym_00bdc474
_sym_00bdc474:
.byte 0x22, 0x05, 0x93, 0x19, 0x04, 0x00, 0x00, 0x00
.long _sym_00bdc454
.byte 0x00, 0x00, 0x00, 0x00, 0x00, 0x00, 0x00, 0x00, 0x00, 0x00, 0x00, 0x00, 0x00, 0x00, 0x00, 0x00
.byte 0x00, 0x00, 0x00, 0x00, 0x01, 0x00, 0x00, 0x00
.globl _sym_00bdc498
_sym_00bdc498:
.byte 0xff, 0xff, 0xff, 0xff
.long _sym_00ab62d0
.byte 0xff, 0xff, 0xff, 0xff, 0x00, 0x00, 0x00, 0x00, 0xff, 0xff, 0xff, 0xff, 0x00, 0x00, 0x00, 0x00
.byte 0xff, 0xff, 0xff, 0xff, 0x00, 0x00, 0x00, 0x00
.globl _sym_00bdc4b8
_sym_00bdc4b8:
.byte 0x22, 0x05, 0x93, 0x19, 0x04, 0x00, 0x00, 0x00
.long _sym_00bdc498
.byte 0x00, 0x00, 0x00, 0x00, 0x00, 0x00, 0x00, 0x00, 0x00, 0x00, 0x00, 0x00, 0x00, 0x00, 0x00, 0x00
.byte 0x00, 0x00, 0x00, 0x00, 0x01, 0x00, 0x00, 0x00
.globl _sym_00bdc4dc
_sym_00bdc4dc:
.byte 0xff, 0xff, 0xff, 0xff
.long _sym_00ab65a0
.byte 0xff, 0xff, 0xff, 0xff, 0x00, 0x00, 0x00, 0x00, 0xff, 0xff, 0xff, 0xff, 0x00, 0x00, 0x00, 0x00
.byte 0xff, 0xff, 0xff, 0xff, 0x00, 0x00, 0x00, 0x00
.globl _sym_00bdc4fc
_sym_00bdc4fc:
.byte 0x22, 0x05, 0x93, 0x19, 0x04, 0x00, 0x00, 0x00
.long _sym_00bdc4dc
.byte 0x00, 0x00, 0x00, 0x00, 0x00, 0x00, 0x00, 0x00, 0x00, 0x00, 0x00, 0x00, 0x00, 0x00, 0x00, 0x00
.byte 0x00, 0x00, 0x00, 0x00, 0x01, 0x00, 0x00, 0x00
.globl _sym_00bdc520
_sym_00bdc520:
.byte 0xff, 0xff, 0xff, 0xff
.long _sym_00ab6690
.byte 0xff, 0xff, 0xff, 0xff, 0x00, 0x00, 0x00, 0x00, 0xff, 0xff, 0xff, 0xff, 0x00, 0x00, 0x00, 0x00
.byte 0xff, 0xff, 0xff, 0xff, 0x00, 0x00, 0x00, 0x00
.globl _sym_00bdc540
_sym_00bdc540:
.byte 0x22, 0x05, 0x93, 0x19, 0x04, 0x00, 0x00, 0x00
.long _sym_00bdc520
.byte 0x00, 0x00, 0x00, 0x00, 0x00, 0x00, 0x00, 0x00, 0x00, 0x00, 0x00, 0x00, 0x00, 0x00, 0x00, 0x00
.byte 0x00, 0x00, 0x00, 0x00, 0x01, 0x00, 0x00, 0x00
.globl _sym_00bdc564
_sym_00bdc564:
.byte 0xff, 0xff, 0xff, 0xff
.long _sym_00ab6c20
.byte 0xff, 0xff, 0xff, 0xff, 0x00, 0x00, 0x00, 0x00, 0xff, 0xff, 0xff, 0xff, 0x00, 0x00, 0x00, 0x00
.byte 0xff, 0xff, 0xff, 0xff, 0x00, 0x00, 0x00, 0x00
.globl _sym_00bdc584
_sym_00bdc584:
.byte 0x22, 0x05, 0x93, 0x19, 0x04, 0x00, 0x00, 0x00
.long _sym_00bdc564
.byte 0x00, 0x00, 0x00, 0x00, 0x00, 0x00, 0x00, 0x00, 0x00, 0x00, 0x00, 0x00, 0x00, 0x00, 0x00, 0x00
.byte 0x00, 0x00, 0x00, 0x00, 0x01, 0x00, 0x00, 0x00
.globl _sym_00bdc5a8
_sym_00bdc5a8:
.byte 0xff, 0xff, 0xff, 0xff
.long _sym_00ab6510
.byte 0xff, 0xff, 0xff, 0xff, 0x00, 0x00, 0x00, 0x00, 0xff, 0xff, 0xff, 0xff, 0x00, 0x00, 0x00, 0x00
.byte 0xff, 0xff, 0xff, 0xff, 0x00, 0x00, 0x00, 0x00
.globl _sym_00bdc5c8
_sym_00bdc5c8:
.byte 0x22, 0x05, 0x93, 0x19, 0x04, 0x00, 0x00, 0x00
.long _sym_00bdc5a8
.byte 0x00, 0x00, 0x00, 0x00, 0x00, 0x00, 0x00, 0x00, 0x00, 0x00, 0x00, 0x00, 0x00, 0x00, 0x00, 0x00
.byte 0x00, 0x00, 0x00, 0x00, 0x01, 0x00, 0x00, 0x00
.globl _sym_00bdc5ec
_sym_00bdc5ec:
.byte 0xff, 0xff, 0xff, 0xff
.long _sym_00ab6600
.byte 0xff, 0xff, 0xff, 0xff, 0x00, 0x00, 0x00, 0x00, 0xff, 0xff, 0xff, 0xff, 0x00, 0x00, 0x00, 0x00
.byte 0xff, 0xff, 0xff, 0xff, 0x00, 0x00, 0x00, 0x00
.globl _sym_00bdc60c
_sym_00bdc60c:
.byte 0x22, 0x05, 0x93, 0x19, 0x04, 0x00, 0x00, 0x00
.long _sym_00bdc5ec
.byte 0x00, 0x00, 0x00, 0x00, 0x00, 0x00, 0x00, 0x00, 0x00, 0x00, 0x00, 0x00, 0x00, 0x00, 0x00, 0x00
.byte 0x00, 0x00, 0x00, 0x00, 0x01, 0x00, 0x00, 0x00
.globl _sym_00bdc630
_sym_00bdc630:
.byte 0xff, 0xff, 0xff, 0xff
.long _sym_00ab6b90
.byte 0xff, 0xff, 0xff, 0xff, 0x00, 0x00, 0x00, 0x00, 0xff, 0xff, 0xff, 0xff, 0x00, 0x00, 0x00, 0x00
.byte 0xff, 0xff, 0xff, 0xff, 0x00, 0x00, 0x00, 0x00
.globl _sym_00bdc650
_sym_00bdc650:
.byte 0x22, 0x05, 0x93, 0x19, 0x04, 0x00, 0x00, 0x00
.long _sym_00bdc630
.byte 0x00, 0x00, 0x00, 0x00, 0x00, 0x00, 0x00, 0x00, 0x00, 0x00, 0x00, 0x00, 0x00, 0x00, 0x00, 0x00
.byte 0x00, 0x00, 0x00, 0x00, 0x01, 0x00, 0x00, 0x00
.globl _sym_00bdc674
_sym_00bdc674:
.byte 0xff, 0xff, 0xff, 0xff
.long _sym_00ab6570
.byte 0xff, 0xff, 0xff, 0xff, 0x00, 0x00, 0x00, 0x00, 0xff, 0xff, 0xff, 0xff, 0x00, 0x00, 0x00, 0x00
.byte 0xff, 0xff, 0xff, 0xff, 0x00, 0x00, 0x00, 0x00
.globl _sym_00bdc694
_sym_00bdc694:
.byte 0x22, 0x05, 0x93, 0x19, 0x04, 0x00, 0x00, 0x00
.long _sym_00bdc674
.byte 0x00, 0x00, 0x00, 0x00, 0x00, 0x00, 0x00, 0x00, 0x00, 0x00, 0x00, 0x00, 0x00, 0x00, 0x00, 0x00
.byte 0x00, 0x00, 0x00, 0x00, 0x01, 0x00, 0x00, 0x00
.globl _sym_00bdc6b8
_sym_00bdc6b8:
.byte 0xff, 0xff, 0xff, 0xff
.long _sym_00ab6660
.byte 0xff, 0xff, 0xff, 0xff, 0x00, 0x00, 0x00, 0x00, 0xff, 0xff, 0xff, 0xff, 0x00, 0x00, 0x00, 0x00
.byte 0xff, 0xff, 0xff, 0xff, 0x00, 0x00, 0x00, 0x00
.globl _sym_00bdc6d8
_sym_00bdc6d8:
.byte 0x22, 0x05, 0x93, 0x19, 0x04, 0x00, 0x00, 0x00
.long _sym_00bdc6b8
.byte 0x00, 0x00, 0x00, 0x00, 0x00, 0x00, 0x00, 0x00, 0x00, 0x00, 0x00, 0x00, 0x00, 0x00, 0x00, 0x00
.byte 0x00, 0x00, 0x00, 0x00, 0x01, 0x00, 0x00, 0x00
.globl _sym_00bdc6fc
_sym_00bdc6fc:
.byte 0xff, 0xff, 0xff, 0xff
.long _sym_00ab6bf0
.byte 0xff, 0xff, 0xff, 0xff, 0x00, 0x00, 0x00, 0x00, 0xff, 0xff, 0xff, 0xff, 0x00, 0x00, 0x00, 0x00
.byte 0xff, 0xff, 0xff, 0xff, 0x00, 0x00, 0x00, 0x00
.globl _sym_00bdc71c
_sym_00bdc71c:
.byte 0x22, 0x05, 0x93, 0x19, 0x04, 0x00, 0x00, 0x00
.long _sym_00bdc6fc
.byte 0x00, 0x00, 0x00, 0x00, 0x00, 0x00, 0x00, 0x00, 0x00, 0x00, 0x00, 0x00, 0x00, 0x00, 0x00, 0x00
.byte 0x00, 0x00, 0x00, 0x00, 0x01, 0x00, 0x00, 0x00
.globl _sym_00bdc740
_sym_00bdc740:
.byte 0xff, 0xff, 0xff, 0xff
.long _sym_00ab6540
.byte 0xff, 0xff, 0xff, 0xff, 0x00, 0x00, 0x00, 0x00, 0xff, 0xff, 0xff, 0xff, 0x00, 0x00, 0x00, 0x00
.byte 0xff, 0xff, 0xff, 0xff, 0x00, 0x00, 0x00, 0x00
.globl _sym_00bdc760
_sym_00bdc760:
.byte 0x22, 0x05, 0x93, 0x19, 0x04, 0x00, 0x00, 0x00
.long _sym_00bdc740
.byte 0x00, 0x00, 0x00, 0x00, 0x00, 0x00, 0x00, 0x00, 0x00, 0x00, 0x00, 0x00, 0x00, 0x00, 0x00, 0x00
.byte 0x00, 0x00, 0x00, 0x00, 0x01, 0x00, 0x00, 0x00
.globl _sym_00bdc784
_sym_00bdc784:
.byte 0xff, 0xff, 0xff, 0xff
.long _sym_00ab6630
.byte 0xff, 0xff, 0xff, 0xff, 0x00, 0x00, 0x00, 0x00, 0xff, 0xff, 0xff, 0xff, 0x00, 0x00, 0x00, 0x00
.byte 0xff, 0xff, 0xff, 0xff, 0x00, 0x00, 0x00, 0x00
.globl _sym_00bdc7a4
_sym_00bdc7a4:
.byte 0x22, 0x05, 0x93, 0x19, 0x04, 0x00, 0x00, 0x00
.long _sym_00bdc784
.byte 0x00, 0x00, 0x00, 0x00, 0x00, 0x00, 0x00, 0x00, 0x00, 0x00, 0x00, 0x00, 0x00, 0x00, 0x00, 0x00
.byte 0x00, 0x00, 0x00, 0x00, 0x01, 0x00, 0x00, 0x00
.globl _sym_00bdc7c8
_sym_00bdc7c8:
.byte 0xff, 0xff, 0xff, 0xff
.long _sym_00ab6bc0
.byte 0xff, 0xff, 0xff, 0xff, 0x00, 0x00, 0x00, 0x00, 0xff, 0xff, 0xff, 0xff, 0x00, 0x00, 0x00, 0x00
.byte 0xff, 0xff, 0xff, 0xff, 0x00, 0x00, 0x00, 0x00
.globl _sym_00bdc7e8
_sym_00bdc7e8:
.byte 0x22, 0x05, 0x93, 0x19, 0x04, 0x00, 0x00, 0x00
.long _sym_00bdc7c8
.byte 0x00, 0x00, 0x00, 0x00, 0x00, 0x00, 0x00, 0x00, 0x00, 0x00, 0x00, 0x00, 0x00, 0x00, 0x00, 0x00
.byte 0x00, 0x00, 0x00, 0x00, 0x01, 0x00, 0x00, 0x00
.globl _sym_00bdc80c
_sym_00bdc80c:
.byte 0xff, 0xff, 0xff, 0xff
.long _sym_00ab64e0
.byte 0xff, 0xff, 0xff, 0xff, 0x00, 0x00, 0x00, 0x00, 0xff, 0xff, 0xff, 0xff, 0x00, 0x00, 0x00, 0x00
.byte 0xff, 0xff, 0xff, 0xff, 0x00, 0x00, 0x00, 0x00
.globl _sym_00bdc82c
_sym_00bdc82c:
.byte 0x22, 0x05, 0x93, 0x19, 0x04, 0x00, 0x00, 0x00
.long _sym_00bdc80c
.byte 0x00, 0x00, 0x00, 0x00, 0x00, 0x00, 0x00, 0x00, 0x00, 0x00, 0x00, 0x00, 0x00, 0x00, 0x00, 0x00
.byte 0x00, 0x00, 0x00, 0x00, 0x01, 0x00, 0x00, 0x00
.globl _sym_00bdc850
_sym_00bdc850:
.byte 0xff, 0xff, 0xff, 0xff
.long _sym_00ab65d0
.byte 0xff, 0xff, 0xff, 0xff, 0x00, 0x00, 0x00, 0x00, 0xff, 0xff, 0xff, 0xff, 0x00, 0x00, 0x00, 0x00
.byte 0xff, 0xff, 0xff, 0xff, 0x00, 0x00, 0x00, 0x00
.globl _sym_00bdc870
_sym_00bdc870:
.byte 0x22, 0x05, 0x93, 0x19, 0x04, 0x00, 0x00, 0x00
.long _sym_00bdc850
.byte 0x00, 0x00, 0x00, 0x00, 0x00, 0x00, 0x00, 0x00, 0x00, 0x00, 0x00, 0x00, 0x00, 0x00, 0x00, 0x00
.byte 0x00, 0x00, 0x00, 0x00, 0x01, 0x00, 0x00, 0x00
.globl _sym_00bdc894
_sym_00bdc894:
.byte 0xff, 0xff, 0xff, 0xff
.long _sym_00ab6b60
.byte 0xff, 0xff, 0xff, 0xff, 0x00, 0x00, 0x00, 0x00, 0xff, 0xff, 0xff, 0xff, 0x00, 0x00, 0x00, 0x00
.byte 0xff, 0xff, 0xff, 0xff, 0x00, 0x00, 0x00, 0x00
.globl _sym_00bdc8b4
_sym_00bdc8b4:
.byte 0x22, 0x05, 0x93, 0x19, 0x04, 0x00, 0x00, 0x00
.long _sym_00bdc894
.byte 0x00, 0x00, 0x00, 0x00, 0x00, 0x00, 0x00, 0x00, 0x00, 0x00, 0x00, 0x00, 0x00, 0x00, 0x00, 0x00
.byte 0x00, 0x00, 0x00, 0x00, 0x01, 0x00, 0x00, 0x00
.globl _sym_00bdc8d8
_sym_00bdc8d8:
.byte 0xff, 0xff, 0xff, 0xff
.long _sym_00ab6f20
.byte 0xff, 0xff, 0xff, 0xff, 0x00, 0x00, 0x00, 0x00, 0xff, 0xff, 0xff, 0xff, 0x00, 0x00, 0x00, 0x00
.byte 0xff, 0xff, 0xff, 0xff, 0x00, 0x00, 0x00, 0x00
.globl _sym_00bdc8f8
_sym_00bdc8f8:
.byte 0x22, 0x05, 0x93, 0x19, 0x04, 0x00, 0x00, 0x00
.long _sym_00bdc8d8
.byte 0x00, 0x00, 0x00, 0x00, 0x00, 0x00, 0x00, 0x00, 0x00, 0x00, 0x00, 0x00, 0x00, 0x00, 0x00, 0x00
.byte 0x00, 0x00, 0x00, 0x00, 0x01, 0x00, 0x00, 0x00
.globl _sym_00bdc91c
_sym_00bdc91c:
.byte 0xff, 0xff, 0xff, 0xff
.long _sym_00ab6f80
.byte 0xff, 0xff, 0xff, 0xff, 0x00, 0x00, 0x00, 0x00, 0xff, 0xff, 0xff, 0xff, 0x00, 0x00, 0x00, 0x00
.byte 0xff, 0xff, 0xff, 0xff, 0x00, 0x00, 0x00, 0x00
.globl _sym_00bdc93c
_sym_00bdc93c:
.byte 0x22, 0x05, 0x93, 0x19, 0x04, 0x00, 0x00, 0x00
.long _sym_00bdc91c
.byte 0x00, 0x00, 0x00, 0x00, 0x00, 0x00, 0x00, 0x00, 0x00, 0x00, 0x00, 0x00, 0x00, 0x00, 0x00, 0x00
.byte 0x00, 0x00, 0x00, 0x00, 0x01, 0x00, 0x00, 0x00
.globl _sym_00bdc960
_sym_00bdc960:
.byte 0xff, 0xff, 0xff, 0xff
.long _sym_00ab6fb0
.byte 0xff, 0xff, 0xff, 0xff, 0x00, 0x00, 0x00, 0x00, 0xff, 0xff, 0xff, 0xff, 0x00, 0x00, 0x00, 0x00
.byte 0xff, 0xff, 0xff, 0xff, 0x00, 0x00, 0x00, 0x00
.globl _sym_00bdc980
_sym_00bdc980:
.byte 0x22, 0x05, 0x93, 0x19, 0x04, 0x00, 0x00, 0x00
.long _sym_00bdc960
.byte 0x00, 0x00, 0x00, 0x00, 0x00, 0x00, 0x00, 0x00, 0x00, 0x00, 0x00, 0x00, 0x00, 0x00, 0x00, 0x00
.byte 0x00, 0x00, 0x00, 0x00, 0x01, 0x00, 0x00, 0x00
.globl _sym_00bdc9a4
_sym_00bdc9a4:
.byte 0xff, 0xff, 0xff, 0xff
.long _sym_00ab6f50
.byte 0xff, 0xff, 0xff, 0xff, 0x00, 0x00, 0x00, 0x00, 0xff, 0xff, 0xff, 0xff, 0x00, 0x00, 0x00, 0x00
.byte 0xff, 0xff, 0xff, 0xff, 0x00, 0x00, 0x00, 0x00
.globl _sym_00bdc9c4
_sym_00bdc9c4:
.byte 0x22, 0x05, 0x93, 0x19, 0x04, 0x00, 0x00, 0x00
.long _sym_00bdc9a4
.byte 0x00, 0x00, 0x00, 0x00, 0x00, 0x00, 0x00, 0x00, 0x00, 0x00, 0x00, 0x00, 0x00, 0x00, 0x00, 0x00
.byte 0x00, 0x00, 0x00, 0x00, 0x01, 0x00, 0x00, 0x00
.globl _sym_00bdc9e8
_sym_00bdc9e8:
.byte 0xff, 0xff, 0xff, 0xff
.long _sym_00ab6fe0
.byte 0xff, 0xff, 0xff, 0xff, 0x00, 0x00, 0x00, 0x00, 0xff, 0xff, 0xff, 0xff, 0x00, 0x00, 0x00, 0x00
.byte 0xff, 0xff, 0xff, 0xff, 0x00, 0x00, 0x00, 0x00
.globl _sym_00bdca08
_sym_00bdca08:
.byte 0x22, 0x05, 0x93, 0x19, 0x04, 0x00, 0x00, 0x00
.long _sym_00bdc9e8
.byte 0x00, 0x00, 0x00, 0x00, 0x00, 0x00, 0x00, 0x00, 0x00, 0x00, 0x00, 0x00, 0x00, 0x00, 0x00, 0x00
.byte 0x00, 0x00, 0x00, 0x00, 0x01, 0x00, 0x00, 0x00
.globl _sym_00bdca2c
_sym_00bdca2c:
.byte 0xff, 0xff, 0xff, 0xff
.long _sym_00ab60f0
.byte 0xff, 0xff, 0xff, 0xff, 0x00, 0x00, 0x00, 0x00, 0xff, 0xff, 0xff, 0xff, 0x00, 0x00, 0x00, 0x00
.byte 0xff, 0xff, 0xff, 0xff, 0x00, 0x00, 0x00, 0x00
.globl _sym_00bdca4c
_sym_00bdca4c:
.byte 0x22, 0x05, 0x93, 0x19, 0x04, 0x00, 0x00, 0x00
.long _sym_00bdca2c
.byte 0x00, 0x00, 0x00, 0x00, 0x00, 0x00, 0x00, 0x00, 0x00, 0x00, 0x00, 0x00, 0x00, 0x00, 0x00, 0x00
.byte 0x00, 0x00, 0x00, 0x00, 0x01, 0x00, 0x00, 0x00
.globl _sym_00bdca70
_sym_00bdca70:
.byte 0xff, 0xff, 0xff, 0xff
.long _sym_00ab6060
.byte 0xff, 0xff, 0xff, 0xff, 0x00, 0x00, 0x00, 0x00, 0xff, 0xff, 0xff, 0xff, 0x00, 0x00, 0x00, 0x00
.byte 0xff, 0xff, 0xff, 0xff, 0x00, 0x00, 0x00, 0x00
.globl _sym_00bdca90
_sym_00bdca90:
.byte 0x22, 0x05, 0x93, 0x19, 0x04, 0x00, 0x00, 0x00
.long _sym_00bdca70
.byte 0x00, 0x00, 0x00, 0x00, 0x00, 0x00, 0x00, 0x00, 0x00, 0x00, 0x00, 0x00, 0x00, 0x00, 0x00, 0x00
.byte 0x00, 0x00, 0x00, 0x00, 0x01, 0x00, 0x00, 0x00
.globl _sym_00bdcab4
_sym_00bdcab4:
.byte 0xff, 0xff, 0xff, 0xff
.long _sym_00ab60c0
.byte 0xff, 0xff, 0xff, 0xff, 0x00, 0x00, 0x00, 0x00, 0xff, 0xff, 0xff, 0xff, 0x00, 0x00, 0x00, 0x00
.byte 0xff, 0xff, 0xff, 0xff, 0x00, 0x00, 0x00, 0x00
.globl _sym_00bdcad4
_sym_00bdcad4:
.byte 0x22, 0x05, 0x93, 0x19, 0x04, 0x00, 0x00, 0x00
.long _sym_00bdcab4
.byte 0x00, 0x00, 0x00, 0x00, 0x00, 0x00, 0x00, 0x00, 0x00, 0x00, 0x00, 0x00, 0x00, 0x00, 0x00, 0x00
.byte 0x00, 0x00, 0x00, 0x00, 0x01, 0x00, 0x00, 0x00
.globl _sym_00bdcaf8
_sym_00bdcaf8:
.byte 0xff, 0xff, 0xff, 0xff
.long _sym_00ab6090
.byte 0xff, 0xff, 0xff, 0xff, 0x00, 0x00, 0x00, 0x00, 0xff, 0xff, 0xff, 0xff, 0x00, 0x00, 0x00, 0x00
.byte 0xff, 0xff, 0xff, 0xff, 0x00, 0x00, 0x00, 0x00
.globl _sym_00bdcb18
_sym_00bdcb18:
.byte 0x22, 0x05, 0x93, 0x19, 0x04, 0x00, 0x00, 0x00
.long _sym_00bdcaf8
.byte 0x00, 0x00, 0x00, 0x00, 0x00, 0x00, 0x00, 0x00, 0x00, 0x00, 0x00, 0x00, 0x00, 0x00, 0x00, 0x00
.byte 0x00, 0x00, 0x00, 0x00, 0x01, 0x00, 0x00, 0x00
.globl _sym_00bdcb3c
_sym_00bdcb3c:
.byte 0xff, 0xff, 0xff, 0xff
.long _sym_00ab6030
.byte 0xff, 0xff, 0xff, 0xff, 0x00, 0x00, 0x00, 0x00, 0xff, 0xff, 0xff, 0xff, 0x00, 0x00, 0x00, 0x00
.byte 0xff, 0xff, 0xff, 0xff, 0x00, 0x00, 0x00, 0x00
.globl _sym_00bdcb5c
_sym_00bdcb5c:
.byte 0x22, 0x05, 0x93, 0x19, 0x04, 0x00, 0x00, 0x00
.long _sym_00bdcb3c
.byte 0x00, 0x00, 0x00, 0x00, 0x00, 0x00, 0x00, 0x00, 0x00, 0x00, 0x00, 0x00, 0x00, 0x00, 0x00, 0x00
.byte 0x00, 0x00, 0x00, 0x00, 0x01, 0x00, 0x00, 0x00
.globl _sym_00bdcb80
_sym_00bdcb80:
.byte 0xff, 0xff, 0xff, 0xff
.long _sym_00ab6300
.byte 0xff, 0xff, 0xff, 0xff, 0x00, 0x00, 0x00, 0x00, 0xff, 0xff, 0xff, 0xff, 0x00, 0x00, 0x00, 0x00
.byte 0xff, 0xff, 0xff, 0xff, 0x00, 0x00, 0x00, 0x00
.globl _sym_00bdcba0
_sym_00bdcba0:
.byte 0x22, 0x05, 0x93, 0x19, 0x04, 0x00, 0x00, 0x00
.long _sym_00bdcb80
.byte 0x00, 0x00, 0x00, 0x00, 0x00, 0x00, 0x00, 0x00, 0x00, 0x00, 0x00, 0x00, 0x00, 0x00, 0x00, 0x00
.byte 0x00, 0x00, 0x00, 0x00, 0x01, 0x00, 0x00, 0x00
.globl _sym_00bdcbc4
_sym_00bdcbc4:
.byte 0xff, 0xff, 0xff, 0xff
.long _sym_00ab6360
.byte 0xff, 0xff, 0xff, 0xff, 0x00, 0x00, 0x00, 0x00, 0xff, 0xff, 0xff, 0xff, 0x00, 0x00, 0x00, 0x00
.byte 0xff, 0xff, 0xff, 0xff, 0x00, 0x00, 0x00, 0x00
.globl _sym_00bdcbe4
_sym_00bdcbe4:
.byte 0x22, 0x05, 0x93, 0x19, 0x04, 0x00, 0x00, 0x00
.long _sym_00bdcbc4
.byte 0x00, 0x00, 0x00, 0x00, 0x00, 0x00, 0x00, 0x00, 0x00, 0x00, 0x00, 0x00, 0x00, 0x00, 0x00, 0x00
.byte 0x00, 0x00, 0x00, 0x00, 0x01, 0x00, 0x00, 0x00
.globl _sym_00bdcc08
_sym_00bdcc08:
.byte 0xff, 0xff, 0xff, 0xff
.long _sym_00ab6390
.byte 0xff, 0xff, 0xff, 0xff, 0x00, 0x00, 0x00, 0x00, 0xff, 0xff, 0xff, 0xff, 0x00, 0x00, 0x00, 0x00
.byte 0xff, 0xff, 0xff, 0xff, 0x00, 0x00, 0x00, 0x00
.globl _sym_00bdcc28
_sym_00bdcc28:
.byte 0x22, 0x05, 0x93, 0x19, 0x04, 0x00, 0x00, 0x00
.long _sym_00bdcc08
.byte 0x00, 0x00, 0x00, 0x00, 0x00, 0x00, 0x00, 0x00, 0x00, 0x00, 0x00, 0x00, 0x00, 0x00, 0x00, 0x00
.byte 0x00, 0x00, 0x00, 0x00, 0x01, 0x00, 0x00, 0x00
.globl _sym_00bdcc4c
_sym_00bdcc4c:
.byte 0xff, 0xff, 0xff, 0xff
.long _sym_00ab6330
.byte 0xff, 0xff, 0xff, 0xff, 0x00, 0x00, 0x00, 0x00, 0xff, 0xff, 0xff, 0xff, 0x00, 0x00, 0x00, 0x00
.byte 0xff, 0xff, 0xff, 0xff, 0x00, 0x00, 0x00, 0x00
.globl _sym_00bdcc6c
_sym_00bdcc6c:
.byte 0x22, 0x05, 0x93, 0x19, 0x04, 0x00, 0x00, 0x00
.long _sym_00bdcc4c
.byte 0x00, 0x00, 0x00, 0x00, 0x00, 0x00, 0x00, 0x00, 0x00, 0x00, 0x00, 0x00, 0x00, 0x00, 0x00, 0x00
.byte 0x00, 0x00, 0x00, 0x00, 0x01, 0x00, 0x00, 0x00
.globl _sym_00bdcc90
_sym_00bdcc90:
.byte 0xff, 0xff, 0xff, 0xff
.long _sym_00ab63c0
.byte 0xff, 0xff, 0xff, 0xff, 0x00, 0x00, 0x00, 0x00, 0xff, 0xff, 0xff, 0xff, 0x00, 0x00, 0x00, 0x00
.byte 0xff, 0xff, 0xff, 0xff, 0x00, 0x00, 0x00, 0x00
.globl _sym_00bdccb0
_sym_00bdccb0:
.byte 0x22, 0x05, 0x93, 0x19, 0x04, 0x00, 0x00, 0x00
.long _sym_00bdcc90
.byte 0x00, 0x00, 0x00, 0x00, 0x00, 0x00, 0x00, 0x00, 0x00, 0x00, 0x00, 0x00, 0x00, 0x00, 0x00, 0x00
.byte 0x00, 0x00, 0x00, 0x00, 0x01, 0x00, 0x00, 0x00
.globl _sym_00bdccd4
_sym_00bdccd4:
.byte 0xff, 0xff, 0xff, 0xff
.long _sym_00ab6d10
.byte 0xff, 0xff, 0xff, 0xff, 0x00, 0x00, 0x00, 0x00, 0xff, 0xff, 0xff, 0xff, 0x00, 0x00, 0x00, 0x00
.byte 0xff, 0xff, 0xff, 0xff, 0x00, 0x00, 0x00, 0x00
.globl _sym_00bdccf4
_sym_00bdccf4:
.byte 0x22, 0x05, 0x93, 0x19, 0x04, 0x00, 0x00, 0x00
.long _sym_00bdccd4
.byte 0x00, 0x00, 0x00, 0x00, 0x00, 0x00, 0x00, 0x00, 0x00, 0x00, 0x00, 0x00, 0x00, 0x00, 0x00, 0x00
.byte 0x00, 0x00, 0x00, 0x00, 0x01, 0x00, 0x00, 0x00
.globl _sym_00bdcd18
_sym_00bdcd18:
.byte 0xff, 0xff, 0xff, 0xff
.long _sym_00ab71c0
.byte 0xff, 0xff, 0xff, 0xff, 0x00, 0x00, 0x00, 0x00, 0xff, 0xff, 0xff, 0xff, 0x00, 0x00, 0x00, 0x00
.byte 0xff, 0xff, 0xff, 0xff, 0x00, 0x00, 0x00, 0x00
.globl _sym_00bdcd38
_sym_00bdcd38:
.byte 0x22, 0x05, 0x93, 0x19, 0x04, 0x00, 0x00, 0x00
.long _sym_00bdcd18
.byte 0x00, 0x00, 0x00, 0x00, 0x00, 0x00, 0x00, 0x00, 0x00, 0x00, 0x00, 0x00, 0x00, 0x00, 0x00, 0x00
.byte 0x00, 0x00, 0x00, 0x00, 0x01, 0x00, 0x00, 0x00
.globl _sym_00bdcd5c
_sym_00bdcd5c:
.byte 0xff, 0xff, 0xff, 0xff
.long _sym_00ab72b0
.byte 0xff, 0xff, 0xff, 0xff, 0x00, 0x00, 0x00, 0x00, 0xff, 0xff, 0xff, 0xff, 0x00, 0x00, 0x00, 0x00
.byte 0xff, 0xff, 0xff, 0xff, 0x00, 0x00, 0x00, 0x00
.globl _sym_00bdcd7c
_sym_00bdcd7c:
.byte 0x22, 0x05, 0x93, 0x19, 0x04, 0x00, 0x00, 0x00
.long _sym_00bdcd5c
.byte 0x00, 0x00, 0x00, 0x00, 0x00, 0x00, 0x00, 0x00, 0x00, 0x00, 0x00, 0x00, 0x00, 0x00, 0x00, 0x00
.byte 0x00, 0x00, 0x00, 0x00, 0x01, 0x00, 0x00, 0x00
.globl _sym_00bdcda0
_sym_00bdcda0:
.byte 0xff, 0xff, 0xff, 0xff
.long _sym_00ab6c80
.byte 0xff, 0xff, 0xff, 0xff, 0x00, 0x00, 0x00, 0x00, 0xff, 0xff, 0xff, 0xff, 0x00, 0x00, 0x00, 0x00
.byte 0xff, 0xff, 0xff, 0xff, 0x00, 0x00, 0x00, 0x00
.globl _sym_00bdcdc0
_sym_00bdcdc0:
.byte 0x22, 0x05, 0x93, 0x19, 0x04, 0x00, 0x00, 0x00
.long _sym_00bdcda0
.byte 0x00, 0x00, 0x00, 0x00, 0x00, 0x00, 0x00, 0x00, 0x00, 0x00, 0x00, 0x00, 0x00, 0x00, 0x00, 0x00
.byte 0x00, 0x00, 0x00, 0x00, 0x01, 0x00, 0x00, 0x00
.globl _sym_00bdcde4
_sym_00bdcde4:
.byte 0xff, 0xff, 0xff, 0xff
.long _sym_00ab7130
.byte 0xff, 0xff, 0xff, 0xff, 0x00, 0x00, 0x00, 0x00, 0xff, 0xff, 0xff, 0xff, 0x00, 0x00, 0x00, 0x00
.byte 0xff, 0xff, 0xff, 0xff, 0x00, 0x00, 0x00, 0x00
.globl _sym_00bdce04
_sym_00bdce04:
.byte 0x22, 0x05, 0x93, 0x19, 0x04, 0x00, 0x00, 0x00
.long _sym_00bdcde4
.byte 0x00, 0x00, 0x00, 0x00, 0x00, 0x00, 0x00, 0x00, 0x00, 0x00, 0x00, 0x00, 0x00, 0x00, 0x00, 0x00
.byte 0x00, 0x00, 0x00, 0x00, 0x01, 0x00, 0x00, 0x00
.globl _sym_00bdce28
_sym_00bdce28:
.byte 0xff, 0xff, 0xff, 0xff
.long _sym_00ab7220
.byte 0xff, 0xff, 0xff, 0xff, 0x00, 0x00, 0x00, 0x00, 0xff, 0xff, 0xff, 0xff, 0x00, 0x00, 0x00, 0x00
.byte 0xff, 0xff, 0xff, 0xff, 0x00, 0x00, 0x00, 0x00
.globl _sym_00bdce48
_sym_00bdce48:
.byte 0x22, 0x05, 0x93, 0x19, 0x04, 0x00, 0x00, 0x00
.long _sym_00bdce28
.byte 0x00, 0x00, 0x00, 0x00, 0x00, 0x00, 0x00, 0x00, 0x00, 0x00, 0x00, 0x00, 0x00, 0x00, 0x00, 0x00
.byte 0x00, 0x00, 0x00, 0x00, 0x01, 0x00, 0x00, 0x00
.globl _sym_00bdce6c
_sym_00bdce6c:
.byte 0xff, 0xff, 0xff, 0xff
.long _sym_00ab6ce0
.byte 0xff, 0xff, 0xff, 0xff, 0x00, 0x00, 0x00, 0x00, 0xff, 0xff, 0xff, 0xff, 0x00, 0x00, 0x00, 0x00
.byte 0xff, 0xff, 0xff, 0xff, 0x00, 0x00, 0x00, 0x00
.globl _sym_00bdce8c
_sym_00bdce8c:
.byte 0x22, 0x05, 0x93, 0x19, 0x04, 0x00, 0x00, 0x00
.long _sym_00bdce6c
.byte 0x00, 0x00, 0x00, 0x00, 0x00, 0x00, 0x00, 0x00, 0x00, 0x00, 0x00, 0x00, 0x00, 0x00, 0x00, 0x00
.byte 0x00, 0x00, 0x00, 0x00, 0x01, 0x00, 0x00, 0x00
.globl _sym_00bdceb0
_sym_00bdceb0:
.byte 0xff, 0xff, 0xff, 0xff
.long _sym_00ab7190
.byte 0xff, 0xff, 0xff, 0xff, 0x00, 0x00, 0x00, 0x00, 0xff, 0xff, 0xff, 0xff, 0x00, 0x00, 0x00, 0x00
.byte 0xff, 0xff, 0xff, 0xff, 0x00, 0x00, 0x00, 0x00
.globl _sym_00bdced0
_sym_00bdced0:
.byte 0x22, 0x05, 0x93, 0x19, 0x04, 0x00, 0x00, 0x00
.long _sym_00bdceb0
.byte 0x00, 0x00, 0x00, 0x00, 0x00, 0x00, 0x00, 0x00, 0x00, 0x00, 0x00, 0x00, 0x00, 0x00, 0x00, 0x00
.byte 0x00, 0x00, 0x00, 0x00, 0x01, 0x00, 0x00, 0x00
.globl _sym_00bdcef4
_sym_00bdcef4:
.byte 0xff, 0xff, 0xff, 0xff
.long _sym_00ab7280
.byte 0xff, 0xff, 0xff, 0xff, 0x00, 0x00, 0x00, 0x00, 0xff, 0xff, 0xff, 0xff, 0x00, 0x00, 0x00, 0x00
.byte 0xff, 0xff, 0xff, 0xff, 0x00, 0x00, 0x00, 0x00
.globl _sym_00bdcf14
_sym_00bdcf14:
.byte 0x22, 0x05, 0x93, 0x19, 0x04, 0x00, 0x00, 0x00
.long _sym_00bdcef4
.byte 0x00, 0x00, 0x00, 0x00, 0x00, 0x00, 0x00, 0x00, 0x00, 0x00, 0x00, 0x00, 0x00, 0x00, 0x00, 0x00
.byte 0x00, 0x00, 0x00, 0x00, 0x01, 0x00, 0x00, 0x00
.globl _sym_00bdcf38
_sym_00bdcf38:
.byte 0xff, 0xff, 0xff, 0xff
.long _sym_00ab6cb0
.byte 0xff, 0xff, 0xff, 0xff, 0x00, 0x00, 0x00, 0x00, 0xff, 0xff, 0xff, 0xff, 0x00, 0x00, 0x00, 0x00
.byte 0xff, 0xff, 0xff, 0xff, 0x00, 0x00, 0x00, 0x00
.globl _sym_00bdcf58
_sym_00bdcf58:
.byte 0x22, 0x05, 0x93, 0x19, 0x04, 0x00, 0x00, 0x00
.long _sym_00bdcf38
.byte 0x00, 0x00, 0x00, 0x00, 0x00, 0x00, 0x00, 0x00, 0x00, 0x00, 0x00, 0x00, 0x00, 0x00, 0x00, 0x00
.byte 0x00, 0x00, 0x00, 0x00, 0x01, 0x00, 0x00, 0x00
.globl _sym_00bdcf7c
_sym_00bdcf7c:
.byte 0xff, 0xff, 0xff, 0xff
.long _sym_00ab7160
.byte 0xff, 0xff, 0xff, 0xff, 0x00, 0x00, 0x00, 0x00, 0xff, 0xff, 0xff, 0xff, 0x00, 0x00, 0x00, 0x00
.byte 0xff, 0xff, 0xff, 0xff, 0x00, 0x00, 0x00, 0x00
.globl _sym_00bdcf9c
_sym_00bdcf9c:
.byte 0x22, 0x05, 0x93, 0x19, 0x04, 0x00, 0x00, 0x00
.long _sym_00bdcf7c
.byte 0x00, 0x00, 0x00, 0x00, 0x00, 0x00, 0x00, 0x00, 0x00, 0x00, 0x00, 0x00, 0x00, 0x00, 0x00, 0x00
.byte 0x00, 0x00, 0x00, 0x00, 0x01, 0x00, 0x00, 0x00
.globl _sym_00bdcfc0
_sym_00bdcfc0:
.byte 0xff, 0xff, 0xff, 0xff
.long _sym_00ab7250
.byte 0xff, 0xff, 0xff, 0xff, 0x00, 0x00, 0x00, 0x00, 0xff, 0xff, 0xff, 0xff, 0x00, 0x00, 0x00, 0x00
.byte 0xff, 0xff, 0xff, 0xff, 0x00, 0x00, 0x00, 0x00
.globl _sym_00bdcfe0
_sym_00bdcfe0:
.byte 0x22, 0x05, 0x93, 0x19, 0x04, 0x00, 0x00, 0x00
.long _sym_00bdcfc0
.byte 0x00, 0x00, 0x00, 0x00, 0x00, 0x00, 0x00, 0x00, 0x00, 0x00, 0x00, 0x00, 0x00, 0x00, 0x00, 0x00
.byte 0x00, 0x00, 0x00, 0x00, 0x01, 0x00, 0x00, 0x00
.globl _sym_00bdd004
_sym_00bdd004:
.byte 0xff, 0xff, 0xff, 0xff
.long _sym_00ab6c50
.byte 0xff, 0xff, 0xff, 0xff, 0x00, 0x00, 0x00, 0x00, 0xff, 0xff, 0xff, 0xff, 0x00, 0x00, 0x00, 0x00
.byte 0xff, 0xff, 0xff, 0xff, 0x00, 0x00, 0x00, 0x00
.globl _sym_00bdd024
_sym_00bdd024:
.byte 0x22, 0x05, 0x93, 0x19, 0x04, 0x00, 0x00, 0x00
.long _sym_00bdd004
.byte 0x00, 0x00, 0x00, 0x00, 0x00, 0x00, 0x00, 0x00, 0x00, 0x00, 0x00, 0x00, 0x00, 0x00, 0x00, 0x00
.byte 0x00, 0x00, 0x00, 0x00, 0x01, 0x00, 0x00, 0x00
.globl _sym_00bdd048
_sym_00bdd048:
.byte 0xff, 0xff, 0xff, 0xff
.long _sym_00ab7100
.byte 0xff, 0xff, 0xff, 0xff, 0x00, 0x00, 0x00, 0x00, 0xff, 0xff, 0xff, 0xff, 0x00, 0x00, 0x00, 0x00
.byte 0xff, 0xff, 0xff, 0xff, 0x00, 0x00, 0x00, 0x00
.globl _sym_00bdd068
_sym_00bdd068:
.byte 0x22, 0x05, 0x93, 0x19, 0x04, 0x00, 0x00, 0x00
.long _sym_00bdd048
.byte 0x00, 0x00, 0x00, 0x00, 0x00, 0x00, 0x00, 0x00, 0x00, 0x00, 0x00, 0x00, 0x00, 0x00, 0x00, 0x00
.byte 0x00, 0x00, 0x00, 0x00, 0x01, 0x00, 0x00, 0x00
.globl _sym_00bdd08c
_sym_00bdd08c:
.byte 0xff, 0xff, 0xff, 0xff
.long _sym_00ab71f0
.byte 0xff, 0xff, 0xff, 0xff, 0x00, 0x00, 0x00, 0x00, 0xff, 0xff, 0xff, 0xff, 0x00, 0x00, 0x00, 0x00
.byte 0xff, 0xff, 0xff, 0xff, 0x00, 0x00, 0x00, 0x00
.globl _sym_00bdd0ac
_sym_00bdd0ac:
.byte 0x22, 0x05, 0x93, 0x19, 0x04, 0x00, 0x00, 0x00
.long _sym_00bdd08c
.byte 0x00, 0x00, 0x00, 0x00, 0x00, 0x00, 0x00, 0x00, 0x00, 0x00, 0x00, 0x00, 0x00, 0x00, 0x00, 0x00
.byte 0x00, 0x00, 0x00, 0x00, 0x01, 0x00, 0x00, 0x00
.globl _sym_00bdd0d0
_sym_00bdd0d0:
.byte 0xff, 0xff, 0xff, 0xff
.long _sym_00ab61e0
.byte 0xff, 0xff, 0xff, 0xff, 0x00, 0x00, 0x00, 0x00, 0xff, 0xff, 0xff, 0xff, 0x00, 0x00, 0x00, 0x00
.byte 0xff, 0xff, 0xff, 0xff, 0x00, 0x00, 0x00, 0x00
.globl _sym_00bdd0f0
_sym_00bdd0f0:
.byte 0x22, 0x05, 0x93, 0x19, 0x04, 0x00, 0x00, 0x00
.long _sym_00bdd0d0
.byte 0x00, 0x00, 0x00, 0x00, 0x00, 0x00, 0x00, 0x00, 0x00, 0x00, 0x00, 0x00, 0x00, 0x00, 0x00, 0x00
.byte 0x00, 0x00, 0x00, 0x00, 0x01, 0x00, 0x00, 0x00
.globl _sym_00bdd114
_sym_00bdd114:
.byte 0xff, 0xff, 0xff, 0xff
.long _sym_00ab70d0
.byte 0xff, 0xff, 0xff, 0xff, 0x00, 0x00, 0x00, 0x00, 0xff, 0xff, 0xff, 0xff, 0x00, 0x00, 0x00, 0x00
.byte 0xff, 0xff, 0xff, 0xff, 0x00, 0x00, 0x00, 0x00
.globl _sym_00bdd134
_sym_00bdd134:
.byte 0x22, 0x05, 0x93, 0x19, 0x04, 0x00, 0x00, 0x00
.long _sym_00bdd114
.byte 0x00, 0x00, 0x00, 0x00, 0x00, 0x00, 0x00, 0x00, 0x00, 0x00, 0x00, 0x00, 0x00, 0x00, 0x00, 0x00
.byte 0x00, 0x00, 0x00, 0x00, 0x01, 0x00, 0x00, 0x00
.globl _sym_00bdd158
_sym_00bdd158:
.byte 0xff, 0xff, 0xff, 0xff
.long _sym_00ab6ef0
.byte 0xff, 0xff, 0xff, 0xff, 0x00, 0x00, 0x00, 0x00, 0xff, 0xff, 0xff, 0xff, 0x00, 0x00, 0x00, 0x00
.byte 0xff, 0xff, 0xff, 0xff, 0x00, 0x00, 0x00, 0x00
.globl _sym_00bdd178
_sym_00bdd178:
.byte 0x22, 0x05, 0x93, 0x19, 0x04, 0x00, 0x00, 0x00
.long _sym_00bdd158
.byte 0x00, 0x00, 0x00, 0x00, 0x00, 0x00, 0x00, 0x00, 0x00, 0x00, 0x00, 0x00, 0x00, 0x00, 0x00, 0x00
.byte 0x00, 0x00, 0x00, 0x00, 0x01, 0x00, 0x00, 0x00
.globl _sym_00bdd19c
_sym_00bdd19c:
.byte 0xff, 0xff, 0xff, 0xff
.long _sym_00ab6150
.byte 0xff, 0xff, 0xff, 0xff, 0x00, 0x00, 0x00, 0x00, 0xff, 0xff, 0xff, 0xff, 0x00, 0x00, 0x00, 0x00
.byte 0xff, 0xff, 0xff, 0xff, 0x00, 0x00, 0x00, 0x00
.globl _sym_00bdd1bc
_sym_00bdd1bc:
.byte 0x22, 0x05, 0x93, 0x19, 0x04, 0x00, 0x00, 0x00
.long _sym_00bdd19c
.byte 0x00, 0x00, 0x00, 0x00, 0x00, 0x00, 0x00, 0x00, 0x00, 0x00, 0x00, 0x00, 0x00, 0x00, 0x00, 0x00
.byte 0x00, 0x00, 0x00, 0x00, 0x01, 0x00, 0x00, 0x00
.globl _sym_00bdd1e0
_sym_00bdd1e0:
.byte 0xff, 0xff, 0xff, 0xff
.long _sym_00ab7040
.byte 0xff, 0xff, 0xff, 0xff, 0x00, 0x00, 0x00, 0x00, 0xff, 0xff, 0xff, 0xff, 0x00, 0x00, 0x00, 0x00
.byte 0xff, 0xff, 0xff, 0xff, 0x00, 0x00, 0x00, 0x00
.globl _sym_00bdd200
_sym_00bdd200:
.byte 0x22, 0x05, 0x93, 0x19, 0x04, 0x00, 0x00, 0x00
.long _sym_00bdd1e0
.byte 0x00, 0x00, 0x00, 0x00, 0x00, 0x00, 0x00, 0x00, 0x00, 0x00, 0x00, 0x00, 0x00, 0x00, 0x00, 0x00
.byte 0x00, 0x00, 0x00, 0x00, 0x01, 0x00, 0x00, 0x00
.globl _sym_00bdd224
_sym_00bdd224:
.byte 0xff, 0xff, 0xff, 0xff
.long _sym_00ab6e60
.byte 0xff, 0xff, 0xff, 0xff, 0x00, 0x00, 0x00, 0x00, 0xff, 0xff, 0xff, 0xff, 0x00, 0x00, 0x00, 0x00
.byte 0xff, 0xff, 0xff, 0xff, 0x00, 0x00, 0x00, 0x00
.globl _sym_00bdd244
_sym_00bdd244:
.byte 0x22, 0x05, 0x93, 0x19, 0x04, 0x00, 0x00, 0x00
.long _sym_00bdd224
.byte 0x00, 0x00, 0x00, 0x00, 0x00, 0x00, 0x00, 0x00, 0x00, 0x00, 0x00, 0x00, 0x00, 0x00, 0x00, 0x00
.byte 0x00, 0x00, 0x00, 0x00, 0x01, 0x00, 0x00, 0x00
.globl _sym_00bdd268
_sym_00bdd268:
.byte 0xff, 0xff, 0xff, 0xff
.long _sym_00ab61b0
.byte 0xff, 0xff, 0xff, 0xff, 0x00, 0x00, 0x00, 0x00, 0xff, 0xff, 0xff, 0xff, 0x00, 0x00, 0x00, 0x00
.byte 0xff, 0xff, 0xff, 0xff, 0x00, 0x00, 0x00, 0x00
.globl _sym_00bdd288
_sym_00bdd288:
.byte 0x22, 0x05, 0x93, 0x19, 0x04, 0x00, 0x00, 0x00
.long _sym_00bdd268
.byte 0x00, 0x00, 0x00, 0x00, 0x00, 0x00, 0x00, 0x00, 0x00, 0x00, 0x00, 0x00, 0x00, 0x00, 0x00, 0x00
.byte 0x00, 0x00, 0x00, 0x00, 0x01, 0x00, 0x00, 0x00
.globl _sym_00bdd2ac
_sym_00bdd2ac:
.byte 0xff, 0xff, 0xff, 0xff
.long _sym_00ab70a0
.byte 0xff, 0xff, 0xff, 0xff, 0x00, 0x00, 0x00, 0x00, 0xff, 0xff, 0xff, 0xff, 0x00, 0x00, 0x00, 0x00
.byte 0xff, 0xff, 0xff, 0xff, 0x00, 0x00, 0x00, 0x00
.globl _sym_00bdd2cc
_sym_00bdd2cc:
.byte 0x22, 0x05, 0x93, 0x19, 0x04, 0x00, 0x00, 0x00
.long _sym_00bdd2ac
.byte 0x00, 0x00, 0x00, 0x00, 0x00, 0x00, 0x00, 0x00, 0x00, 0x00, 0x00, 0x00, 0x00, 0x00, 0x00, 0x00
.byte 0x00, 0x00, 0x00, 0x00, 0x01, 0x00, 0x00, 0x00
.globl _sym_00bdd2f0
_sym_00bdd2f0:
.byte 0xff, 0xff, 0xff, 0xff
.long _sym_00ab6ec0
.byte 0xff, 0xff, 0xff, 0xff, 0x00, 0x00, 0x00, 0x00, 0xff, 0xff, 0xff, 0xff, 0x00, 0x00, 0x00, 0x00
.byte 0xff, 0xff, 0xff, 0xff, 0x00, 0x00, 0x00, 0x00
.globl _sym_00bdd310
_sym_00bdd310:
.byte 0x22, 0x05, 0x93, 0x19, 0x04, 0x00, 0x00, 0x00
.long _sym_00bdd2f0
.byte 0x00, 0x00, 0x00, 0x00, 0x00, 0x00, 0x00, 0x00, 0x00, 0x00, 0x00, 0x00, 0x00, 0x00, 0x00, 0x00
.byte 0x00, 0x00, 0x00, 0x00, 0x01, 0x00, 0x00, 0x00
.globl _sym_00bdd334
_sym_00bdd334:
.byte 0xff, 0xff, 0xff, 0xff
.long _sym_00ab6180
.byte 0xff, 0xff, 0xff, 0xff, 0x00, 0x00, 0x00, 0x00, 0xff, 0xff, 0xff, 0xff, 0x00, 0x00, 0x00, 0x00
.byte 0xff, 0xff, 0xff, 0xff, 0x00, 0x00, 0x00, 0x00
.globl _sym_00bdd354
_sym_00bdd354:
.byte 0x22, 0x05, 0x93, 0x19, 0x04, 0x00, 0x00, 0x00
.long _sym_00bdd334
.byte 0x00, 0x00, 0x00, 0x00, 0x00, 0x00, 0x00, 0x00, 0x00, 0x00, 0x00, 0x00, 0x00, 0x00, 0x00, 0x00
.byte 0x00, 0x00, 0x00, 0x00, 0x01, 0x00, 0x00, 0x00
.globl _sym_00bdd378
_sym_00bdd378:
.byte 0xff, 0xff, 0xff, 0xff
.long _sym_00ab7070
.byte 0xff, 0xff, 0xff, 0xff, 0x00, 0x00, 0x00, 0x00, 0xff, 0xff, 0xff, 0xff, 0x00, 0x00, 0x00, 0x00
.byte 0xff, 0xff, 0xff, 0xff, 0x00, 0x00, 0x00, 0x00
.globl _sym_00bdd398
_sym_00bdd398:
.byte 0x22, 0x05, 0x93, 0x19, 0x04, 0x00, 0x00, 0x00
.long _sym_00bdd378
.byte 0x00, 0x00, 0x00, 0x00, 0x00, 0x00, 0x00, 0x00, 0x00, 0x00, 0x00, 0x00, 0x00, 0x00, 0x00, 0x00
.byte 0x00, 0x00, 0x00, 0x00, 0x01, 0x00, 0x00, 0x00
.globl _sym_00bdd3bc
_sym_00bdd3bc:
.byte 0xff, 0xff, 0xff, 0xff
.long _sym_00ab6e90
.byte 0xff, 0xff, 0xff, 0xff, 0x00, 0x00, 0x00, 0x00, 0xff, 0xff, 0xff, 0xff, 0x00, 0x00, 0x00, 0x00
.byte 0xff, 0xff, 0xff, 0xff, 0x00, 0x00, 0x00, 0x00
.globl _sym_00bdd3dc
_sym_00bdd3dc:
.byte 0x22, 0x05, 0x93, 0x19, 0x04, 0x00, 0x00, 0x00
.long _sym_00bdd3bc
.byte 0x00, 0x00, 0x00, 0x00, 0x00, 0x00, 0x00, 0x00, 0x00, 0x00, 0x00, 0x00, 0x00, 0x00, 0x00, 0x00
.byte 0x00, 0x00, 0x00, 0x00, 0x01, 0x00, 0x00, 0x00
.globl _sym_00bdd400
_sym_00bdd400:
.byte 0xff, 0xff, 0xff, 0xff
.long _sym_00ab6120
.byte 0xff, 0xff, 0xff, 0xff, 0x00, 0x00, 0x00, 0x00, 0xff, 0xff, 0xff, 0xff, 0x00, 0x00, 0x00, 0x00
.byte 0xff, 0xff, 0xff, 0xff, 0x00, 0x00, 0x00, 0x00
.globl _sym_00bdd420
_sym_00bdd420:
.byte 0x22, 0x05, 0x93, 0x19, 0x04, 0x00, 0x00, 0x00
.long _sym_00bdd400
.byte 0x00, 0x00, 0x00, 0x00, 0x00, 0x00, 0x00, 0x00, 0x00, 0x00, 0x00, 0x00, 0x00, 0x00, 0x00, 0x00
.byte 0x00, 0x00, 0x00, 0x00, 0x01, 0x00, 0x00, 0x00
.globl _sym_00bdd444
_sym_00bdd444:
.byte 0xff, 0xff, 0xff, 0xff
.long _sym_00ab7010
.byte 0xff, 0xff, 0xff, 0xff, 0x00, 0x00, 0x00, 0x00, 0xff, 0xff, 0xff, 0xff, 0x00, 0x00, 0x00, 0x00
.byte 0xff, 0xff, 0xff, 0xff, 0x00, 0x00, 0x00, 0x00
.globl _sym_00bdd464
_sym_00bdd464:
.byte 0x22, 0x05, 0x93, 0x19, 0x04, 0x00, 0x00, 0x00
.long _sym_00bdd444
.byte 0x00, 0x00, 0x00, 0x00, 0x00, 0x00, 0x00, 0x00, 0x00, 0x00, 0x00, 0x00, 0x00, 0x00, 0x00, 0x00
.byte 0x00, 0x00, 0x00, 0x00, 0x01, 0x00, 0x00, 0x00
.globl _sym_00bdd488
_sym_00bdd488:
.byte 0xff, 0xff, 0xff, 0xff
.long _sym_00ab6e30
.byte 0xff, 0xff, 0xff, 0xff, 0x00, 0x00, 0x00, 0x00, 0xff, 0xff, 0xff, 0xff, 0x00, 0x00, 0x00, 0x00
.byte 0xff, 0xff, 0xff, 0xff, 0x00, 0x00, 0x00, 0x00
.globl _sym_00bdd4a8
_sym_00bdd4a8:
.byte 0x22, 0x05, 0x93, 0x19, 0x04, 0x00, 0x00, 0x00
.long _sym_00bdd488
.byte 0x00, 0x00, 0x00, 0x00, 0x00, 0x00, 0x00, 0x00, 0x00, 0x00, 0x00, 0x00, 0x00, 0x00, 0x00, 0x00
.byte 0x00, 0x00, 0x00, 0x00, 0x01, 0x00, 0x00, 0x00
.globl _sym_00bdd4cc
_sym_00bdd4cc:
.byte 0x22, 0x05, 0x93, 0x19, 0x05, 0x00, 0x00, 0x00
.long _sym_00bdd4f0
.byte 0x00, 0x00, 0x00, 0x00, 0x00, 0x00, 0x00, 0x00, 0x00, 0x00, 0x00, 0x00, 0x00, 0x00, 0x00, 0x00
.byte 0x00, 0x00, 0x00, 0x00, 0x01, 0x00, 0x00, 0x00
.globl _sym_00bdd4f0
_sym_00bdd4f0:
.byte 0xff, 0xff, 0xff, 0xff
.long _sym_00ab7ab0
.byte 0xff, 0xff, 0xff, 0xff
.long _sym_00ab7abe
.byte 0xff, 0xff, 0xff, 0xff
.long _sym_00ab7acc
.byte 0xff, 0xff, 0xff, 0xff
.long _sym_00ab7ada
.byte 0xff, 0xff, 0xff, 0xff
.long _sym_00ab7ae8
.globl _sym_00bdd518
_sym_00bdd518:
.byte 0xff, 0xff, 0xff, 0xff
.long _sym_00ab76d0
.globl _sym_00bdd520
_sym_00bdd520:
.byte 0x22, 0x05, 0x93, 0x19, 0x01, 0x00, 0x00, 0x00
.long _sym_00bdd518
.byte 0x00, 0x00, 0x00, 0x00, 0x00, 0x00, 0x00, 0x00, 0x00, 0x00, 0x00, 0x00, 0x00, 0x00, 0x00, 0x00
.byte 0x00, 0x00, 0x00, 0x00, 0x01, 0x00, 0x00, 0x00
.globl _sym_00bdd544
_sym_00bdd544:
.byte 0x22, 0x05, 0x93, 0x19, 0x05, 0x00, 0x00, 0x00
.long _sym_00bdd568
.byte 0x00, 0x00, 0x00, 0x00, 0x00, 0x00, 0x00, 0x00, 0x00, 0x00, 0x00, 0x00, 0x00, 0x00, 0x00, 0x00
.byte 0x00, 0x00, 0x00, 0x00, 0x01, 0x00, 0x00, 0x00
.globl _sym_00bdd568
_sym_00bdd568:
.byte 0xff, 0xff, 0xff, 0xff
.long _sym_00ab7a70
.byte 0x00, 0x00, 0x00, 0x00
.long _sym_00ab7a7e
.byte 0x00, 0x00, 0x00, 0x00, 0x00, 0x00, 0x00, 0x00, 0x00, 0x00, 0x00, 0x00, 0x00, 0x00, 0x00, 0x00
.byte 0x00, 0x00, 0x00, 0x00, 0x00, 0x00, 0x00, 0x00
.globl _sym_00bdd590
_sym_00bdd590:
.byte 0xff, 0xff, 0xff, 0xff
.long _sym_00ab76a0
.globl _sym_00bdd598
_sym_00bdd598:
.byte 0x22, 0x05, 0x93, 0x19, 0x01, 0x00, 0x00, 0x00
.long _sym_00bdd590
.byte 0x00, 0x00, 0x00, 0x00, 0x00, 0x00, 0x00, 0x00, 0x00, 0x00, 0x00, 0x00, 0x00, 0x00, 0x00, 0x00
.byte 0x00, 0x00, 0x00, 0x00, 0x01, 0x00, 0x00, 0x00
.globl _sym_00bdd5bc
_sym_00bdd5bc:
.byte 0xff, 0xff, 0xff, 0xff
.long _sym_00ab7be0
.byte 0xff, 0xff, 0xff, 0xff
.long _sym_00ab7bee
.byte 0xff, 0xff, 0xff, 0xff
.long _sym_00ab7bfc
.byte 0xff, 0xff, 0xff, 0xff
.long _sym_00ab7c0a
.globl _sym_00bdd5dc
_sym_00bdd5dc:
.byte 0x22, 0x05, 0x93, 0x19, 0x04, 0x00, 0x00, 0x00
.long _sym_00bdd5bc
.byte 0x00, 0x00, 0x00, 0x00, 0x00, 0x00, 0x00, 0x00, 0x00, 0x00, 0x00, 0x00, 0x00, 0x00, 0x00, 0x00
.byte 0x00, 0x00, 0x00, 0x00, 0x01, 0x00, 0x00, 0x00
.globl _sym_00bdd600
_sym_00bdd600:
.byte 0xff, 0xff, 0xff, 0xff
.long _sym_00ab7d30
.byte 0xff, 0xff, 0xff, 0xff, 0x00, 0x00, 0x00, 0x00, 0xff, 0xff, 0xff, 0xff, 0x00, 0x00, 0x00, 0x00
.byte 0xff, 0xff, 0xff, 0xff, 0x00, 0x00, 0x00, 0x00
.globl _sym_00bdd620
_sym_00bdd620:
.byte 0x22, 0x05, 0x93, 0x19, 0x04, 0x00, 0x00, 0x00
.long _sym_00bdd600
.byte 0x00, 0x00, 0x00, 0x00, 0x00, 0x00, 0x00, 0x00, 0x00, 0x00, 0x00, 0x00, 0x00, 0x00, 0x00, 0x00
.byte 0x00, 0x00, 0x00, 0x00, 0x01, 0x00, 0x00, 0x00
.globl _sym_00bdd644
_sym_00bdd644:
.byte 0xff, 0xff, 0xff, 0xff
.long _sym_00ab7b50
.globl _sym_00bdd64c
_sym_00bdd64c:
.byte 0x22, 0x05, 0x93, 0x19, 0x01, 0x00, 0x00, 0x00
.long _sym_00bdd644
.byte 0x00, 0x00, 0x00, 0x00, 0x00, 0x00, 0x00, 0x00, 0x00, 0x00, 0x00, 0x00, 0x00, 0x00, 0x00, 0x00
.byte 0x00, 0x00, 0x00, 0x00, 0x01, 0x00, 0x00, 0x00
.globl _sym_00bdd670
_sym_00bdd670:
.byte 0x22, 0x05, 0x93, 0x19, 0x2a, 0x00, 0x00, 0x00
.long _sym_00bdd694
.byte 0x00, 0x00, 0x00, 0x00, 0x00, 0x00, 0x00, 0x00, 0x00, 0x00, 0x00, 0x00, 0x00, 0x00, 0x00, 0x00
.byte 0x00, 0x00, 0x00, 0x00, 0x01, 0x00, 0x00, 0x00
.globl _sym_00bdd694
_sym_00bdd694:
.byte 0xff, 0xff, 0xff, 0xff
.long _sym_00ab7820
.byte 0xff, 0xff, 0xff, 0xff
.long _sym_00ab782e
.byte 0xff, 0xff, 0xff, 0xff
.long _sym_00ab783c
.byte 0x02, 0x00, 0x00, 0x00
.long _sym_00ab784a
.byte 0x02, 0x00, 0x00, 0x00, 0x00, 0x00, 0x00, 0x00, 0x02, 0x00, 0x00, 0x00, 0x00, 0x00, 0x00, 0x00
.byte 0x02, 0x00, 0x00, 0x00, 0x00, 0x00, 0x00, 0x00, 0xff, 0xff, 0xff, 0xff
.long _sym_00ab7858
.byte 0xff, 0xff, 0xff, 0xff
.long _sym_00ab7866
.byte 0xff, 0xff, 0xff, 0xff
.long _sym_00ab7874
.byte 0xff, 0xff, 0xff, 0xff
.long _sym_00ab7882
.byte 0xff, 0xff, 0xff, 0xff
.long _sym_00ab7890
.byte 0xff, 0xff, 0xff, 0xff
.long _sym_00ab78a0
.byte 0x0c, 0x00, 0x00, 0x00
.long _sym_00ab78b0
.byte 0x0c, 0x00, 0x00, 0x00, 0x00, 0x00, 0x00, 0x00, 0x0c, 0x00, 0x00, 0x00, 0x00, 0x00, 0x00, 0x00
.byte 0x0c, 0x00, 0x00, 0x00, 0x00, 0x00, 0x00, 0x00, 0xff, 0xff, 0xff, 0xff
.long _sym_00ab78be
.byte 0xff, 0xff, 0xff, 0xff
.long _sym_00ab78ce
.byte 0xff, 0xff, 0xff, 0xff
.long _sym_00ab78de
.byte 0xff, 0xff, 0xff, 0xff
.long _sym_00ab78ee
.byte 0xff, 0xff, 0xff, 0xff
.long _sym_00ab78fe
.byte 0xff, 0xff, 0xff, 0xff
.long _sym_00ab790e
.byte 0xff, 0xff, 0xff, 0xff
.long _sym_00ab791e
.byte 0xff, 0xff, 0xff, 0xff
.long _sym_00ab792e
.byte 0xff, 0xff, 0xff, 0xff
.long _sym_00ab793e
.byte 0xff, 0xff, 0xff, 0xff
.long _sym_00ab794e
.byte 0xff, 0xff, 0xff, 0xff
.long _sym_00ab795e
.byte 0xff, 0xff, 0xff, 0xff
.long _sym_00ab796e
.byte 0xff, 0xff, 0xff, 0xff
.long _sym_00ab797e
.byte 0xff, 0xff, 0xff, 0xff
.long _sym_00ab798e
.byte 0xff, 0xff, 0xff, 0xff
.long _sym_00ab799e
.byte 0xff, 0xff, 0xff, 0xff
.long _sym_00ab79ae
.byte 0xff, 0xff, 0xff, 0xff
.long _sym_00ab79be
.byte 0xff, 0xff, 0xff, 0xff
.long _sym_00ab79ce
.byte 0xff, 0xff, 0xff, 0xff
.long _sym_00ab79de
.byte 0xff, 0xff, 0xff, 0xff
.long _sym_00ab79ee
.byte 0xff, 0xff, 0xff, 0xff
.long _sym_00ab79fe
.byte 0xff, 0xff, 0xff, 0xff
.long _sym_00ab7a0e
.byte 0xff, 0xff, 0xff, 0xff
.long _sym_00ab7a1e
.byte 0xff, 0xff, 0xff, 0xff
.long _sym_00ab7a2e
.byte 0xff, 0xff, 0xff, 0xff
.long _sym_00ab7a3c
.globl _sym_00bdd7e4
_sym_00bdd7e4:
.byte 0xff, 0xff, 0xff, 0xff
.long _sym_00ab7670
.globl _sym_00bdd7ec
_sym_00bdd7ec:
.byte 0x22, 0x05, 0x93, 0x19, 0x01, 0x00, 0x00, 0x00
.long _sym_00bdd7e4
.byte 0x00, 0x00, 0x00, 0x00, 0x00, 0x00, 0x00, 0x00, 0x00, 0x00, 0x00, 0x00, 0x00, 0x00, 0x00, 0x00
.byte 0x00, 0x00, 0x00, 0x00, 0x01, 0x00, 0x00, 0x00
.globl _sym_00bdd810
_sym_00bdd810:
.byte 0xff, 0xff, 0xff, 0xff
.long _sym_00ab7f40
.globl _sym_00bdd818
_sym_00bdd818:
.byte 0x22, 0x05, 0x93, 0x19, 0x01, 0x00, 0x00, 0x00
.long _sym_00bdd810
.byte 0x00, 0x00, 0x00, 0x00, 0x00, 0x00, 0x00, 0x00, 0x00, 0x00, 0x00, 0x00, 0x00, 0x00, 0x00, 0x00
.byte 0x00, 0x00, 0x00, 0x00, 0x01, 0x00, 0x00, 0x00
.globl _sym_00bdd83c
_sym_00bdd83c:
.byte 0xff, 0xff, 0xff, 0xff
.long _sym_00ab7b80
.byte 0xff, 0xff, 0xff, 0xff
.long _sym_00ab7b8e
.byte 0xff, 0xff, 0xff, 0xff
.long _sym_00ab7b9c
.byte 0xff, 0xff, 0xff, 0xff
.long _sym_00ab7baa
.globl _sym_00bdd85c
_sym_00bdd85c:
.byte 0x22, 0x05, 0x93, 0x19, 0x04, 0x00, 0x00, 0x00
.long _sym_00bdd83c
.byte 0x00, 0x00, 0x00, 0x00, 0x00, 0x00, 0x00, 0x00, 0x00, 0x00, 0x00, 0x00, 0x00, 0x00, 0x00, 0x00
.byte 0x00, 0x00, 0x00, 0x00, 0x01, 0x00, 0x00, 0x00
.globl _sym_00bdd880
_sym_00bdd880:
.byte 0xff, 0xff, 0xff, 0xff
.long _sym_00ab7d00
.byte 0xff, 0xff, 0xff, 0xff, 0x00, 0x00, 0x00, 0x00, 0xff, 0xff, 0xff, 0xff, 0x00, 0x00, 0x00, 0x00
.byte 0xff, 0xff, 0xff, 0xff, 0x00, 0x00, 0x00, 0x00
.globl _sym_00bdd8a0
_sym_00bdd8a0:
.byte 0x22, 0x05, 0x93, 0x19, 0x04, 0x00, 0x00, 0x00
.long _sym_00bdd880
.byte 0x00, 0x00, 0x00, 0x00, 0x00, 0x00, 0x00, 0x00, 0x00, 0x00, 0x00, 0x00, 0x00, 0x00, 0x00, 0x00
.byte 0x00, 0x00, 0x00, 0x00, 0x01, 0x00, 0x00, 0x00
.globl _sym_00bdd8c4
_sym_00bdd8c4:
.byte 0x22, 0x05, 0x93, 0x19, 0x05, 0x00, 0x00, 0x00
.long _sym_00bdd8e8
.byte 0x00, 0x00, 0x00, 0x00, 0x00, 0x00, 0x00, 0x00, 0x00, 0x00, 0x00, 0x00, 0x00, 0x00, 0x00, 0x00
.byte 0x00, 0x00, 0x00, 0x00, 0x01, 0x00, 0x00, 0x00
.globl _sym_00bdd8e8
_sym_00bdd8e8:
.byte 0xff, 0xff, 0xff, 0xff
.long _sym_00ab7700
.byte 0x00, 0x00, 0x00, 0x00
.long _sym_00ab770b
.byte 0x01, 0x00, 0x00, 0x00
.long _sym_00ab7716
.byte 0x02, 0x00, 0x00, 0x00
.long _sym_00ab7721
.byte 0x03, 0x00, 0x00, 0x00
.long _sym_00ab772c
.globl _sym_00bdd910
_sym_00bdd910:
.byte 0x22, 0x05, 0x93, 0x19, 0x05, 0x00, 0x00, 0x00
.long _sym_00bdd934
.byte 0x00, 0x00, 0x00, 0x00, 0x00, 0x00, 0x00, 0x00, 0x00, 0x00, 0x00, 0x00, 0x00, 0x00, 0x00, 0x00
.byte 0x00, 0x00, 0x00, 0x00, 0x01, 0x00, 0x00, 0x00
.globl _sym_00bdd934
_sym_00bdd934:
.byte 0xff, 0xff, 0xff, 0xff
.long _sym_00ab7760
.byte 0x00, 0x00, 0x00, 0x00
.long _sym_00ab776b
.byte 0x01, 0x00, 0x00, 0x00
.long _sym_00ab7776
.byte 0x02, 0x00, 0x00, 0x00
.long _sym_00ab7781
.byte 0x03, 0x00, 0x00, 0x00
.long _sym_00ab778c
.globl _sym_00bdd95c
_sym_00bdd95c:
.byte 0xff, 0xff, 0xff, 0xff
.long _sym_00ab8000
.globl _sym_00bdd964
_sym_00bdd964:
.byte 0x22, 0x05, 0x93, 0x19, 0x01, 0x00, 0x00, 0x00
.long _sym_00bdd95c
.byte 0x00, 0x00, 0x00, 0x00, 0x00, 0x00, 0x00, 0x00, 0x00, 0x00, 0x00, 0x00, 0x00, 0x00, 0x00, 0x00
.byte 0x00, 0x00, 0x00, 0x00, 0x01, 0x00, 0x00, 0x00
.globl _sym_00bdd988
_sym_00bdd988:
.byte 0xff, 0xff, 0xff, 0xff
.long _sym_00ab8070
.globl _sym_00bdd990
_sym_00bdd990:
.byte 0x22, 0x05, 0x93, 0x19, 0x01, 0x00, 0x00, 0x00
.long _sym_00bdd988
.byte 0x00, 0x00, 0x00, 0x00, 0x00, 0x00, 0x00, 0x00, 0x00, 0x00, 0x00, 0x00, 0x00, 0x00, 0x00, 0x00
.byte 0x00, 0x00, 0x00, 0x00, 0x01, 0x00, 0x00, 0x00
.globl _sym_00bdd9b4
_sym_00bdd9b4:
.byte 0xff, 0xff, 0xff, 0xff
.long _sym_00ab8030
.byte 0x00, 0x00, 0x00, 0x00
.long _sym_00ab8038
.globl _sym_00bdd9c4
_sym_00bdd9c4:
.byte 0x22, 0x05, 0x93, 0x19, 0x02, 0x00, 0x00, 0x00
.long _sym_00bdd9b4
.byte 0x00, 0x00, 0x00, 0x00, 0x00, 0x00, 0x00, 0x00, 0x00, 0x00, 0x00, 0x00, 0x00, 0x00, 0x00, 0x00
.byte 0x00, 0x00, 0x00, 0x00, 0x01, 0x00, 0x00, 0x00
.globl _sym_00bdd9e8
_sym_00bdd9e8:
.byte 0xff, 0xff, 0xff, 0xff
.long _sym_00ab77f0
.globl _sym_00bdd9f0
_sym_00bdd9f0:
.byte 0x22, 0x05, 0x93, 0x19, 0x01, 0x00, 0x00, 0x00
.long _sym_00bdd9e8
.byte 0x00, 0x00, 0x00, 0x00, 0x00, 0x00, 0x00, 0x00, 0x00, 0x00, 0x00, 0x00, 0x00, 0x00, 0x00, 0x00
.byte 0x00, 0x00, 0x00, 0x00, 0x01, 0x00, 0x00, 0x00
.globl _sym_00bdda14
_sym_00bdda14:
.byte 0xff, 0xff, 0xff, 0xff
.long _sym_00ab77c0
.globl _sym_00bdda1c
_sym_00bdda1c:
.byte 0x22, 0x05, 0x93, 0x19, 0x01, 0x00, 0x00, 0x00
.long _sym_00bdda14
.byte 0x00, 0x00, 0x00, 0x00, 0x00, 0x00, 0x00, 0x00, 0x00, 0x00, 0x00, 0x00, 0x00, 0x00, 0x00, 0x00
.byte 0x00, 0x00, 0x00, 0x00, 0x01, 0x00, 0x00, 0x00
.globl _sym_00bdda40
_sym_00bdda40:
.byte 0xff, 0xff, 0xff, 0xff
.long _sym_00ab74c0
.byte 0xff, 0xff, 0xff, 0xff, 0x00, 0x00, 0x00, 0x00, 0xff, 0xff, 0xff, 0xff, 0x00, 0x00, 0x00, 0x00
.byte 0xff, 0xff, 0xff, 0xff, 0x00, 0x00, 0x00, 0x00
.globl _sym_00bdda60
_sym_00bdda60:
.byte 0x22, 0x05, 0x93, 0x19, 0x04, 0x00, 0x00, 0x00
.long _sym_00bdda40
.byte 0x00, 0x00, 0x00, 0x00, 0x00, 0x00, 0x00, 0x00, 0x00, 0x00, 0x00, 0x00, 0x00, 0x00, 0x00, 0x00
.byte 0x00, 0x00, 0x00, 0x00, 0x01, 0x00, 0x00, 0x00
.globl _sym_00bdda84
_sym_00bdda84:
.byte 0xff, 0xff, 0xff, 0xff
.long _sym_00ab7490
.byte 0xff, 0xff, 0xff, 0xff, 0x00, 0x00, 0x00, 0x00, 0xff, 0xff, 0xff, 0xff, 0x00, 0x00, 0x00, 0x00
.byte 0xff, 0xff, 0xff, 0xff, 0x00, 0x00, 0x00, 0x00
.globl _sym_00bddaa4
_sym_00bddaa4:
.byte 0x22, 0x05, 0x93, 0x19, 0x04, 0x00, 0x00, 0x00
.long _sym_00bdda84
.byte 0x00, 0x00, 0x00, 0x00, 0x00, 0x00, 0x00, 0x00, 0x00, 0x00, 0x00, 0x00, 0x00, 0x00, 0x00, 0x00
.byte 0x00, 0x00, 0x00, 0x00, 0x01, 0x00, 0x00, 0x00
.globl _sym_00bddac8
_sym_00bddac8:
.byte 0xff, 0xff, 0xff, 0xff
.long _sym_00ab7b20
.globl _sym_00bddad0
_sym_00bddad0:
.byte 0x22, 0x05, 0x93, 0x19, 0x01, 0x00, 0x00, 0x00
.long _sym_00bddac8
.byte 0x00, 0x00, 0x00, 0x00, 0x00, 0x00, 0x00, 0x00, 0x00, 0x00, 0x00, 0x00, 0x00, 0x00, 0x00, 0x00
.byte 0x00, 0x00, 0x00, 0x00, 0x01, 0x00, 0x00, 0x00
.globl _sym_00bddaf4
_sym_00bddaf4:
.byte 0xff, 0xff, 0xff, 0xff
.long _sym_00ab7640
.globl _sym_00bddafc
_sym_00bddafc:
.byte 0x22, 0x05, 0x93, 0x19, 0x01, 0x00, 0x00, 0x00
.long _sym_00bddaf4
.byte 0x00, 0x00, 0x00, 0x00, 0x00, 0x00, 0x00, 0x00, 0x00, 0x00, 0x00, 0x00, 0x00, 0x00, 0x00, 0x00
.byte 0x00, 0x00, 0x00, 0x00, 0x01, 0x00, 0x00, 0x00
.globl _sym_00bddb20
_sym_00bddb20:
.byte 0xff, 0xff, 0xff, 0xff
.long _sym_00ab7400
.byte 0xff, 0xff, 0xff, 0xff, 0x00, 0x00, 0x00, 0x00, 0xff, 0xff, 0xff, 0xff, 0x00, 0x00, 0x00, 0x00
.byte 0xff, 0xff, 0xff, 0xff, 0x00, 0x00, 0x00, 0x00
.globl _sym_00bddb40
_sym_00bddb40:
.byte 0x22, 0x05, 0x93, 0x19, 0x04, 0x00, 0x00, 0x00
.long _sym_00bddb20
.byte 0x00, 0x00, 0x00, 0x00, 0x00, 0x00, 0x00, 0x00, 0x00, 0x00, 0x00, 0x00, 0x00, 0x00, 0x00, 0x00
.byte 0x00, 0x00, 0x00, 0x00, 0x01, 0x00, 0x00, 0x00
.globl _sym_00bddb64
_sym_00bddb64:
.byte 0xff, 0xff, 0xff, 0xff
.long _sym_00ab7610
.globl _sym_00bddb6c
_sym_00bddb6c:
.byte 0x22, 0x05, 0x93, 0x19, 0x01, 0x00, 0x00, 0x00
.long _sym_00bddb64
.byte 0x00, 0x00, 0x00, 0x00, 0x00, 0x00, 0x00, 0x00, 0x00, 0x00, 0x00, 0x00, 0x00, 0x00, 0x00, 0x00
.byte 0x00, 0x00, 0x00, 0x00, 0x01, 0x00, 0x00, 0x00
.globl _sym_00bddb90
_sym_00bddb90:
.byte 0xff, 0xff, 0xff, 0xff
.long _sym_00ab73d0
.byte 0xff, 0xff, 0xff, 0xff, 0x00, 0x00, 0x00, 0x00, 0xff, 0xff, 0xff, 0xff, 0x00, 0x00, 0x00, 0x00
.byte 0xff, 0xff, 0xff, 0xff, 0x00, 0x00, 0x00, 0x00
.globl _sym_00bddbb0
_sym_00bddbb0:
.byte 0x22, 0x05, 0x93, 0x19, 0x04, 0x00, 0x00, 0x00
.long _sym_00bddb90
.byte 0x00, 0x00, 0x00, 0x00, 0x00, 0x00, 0x00, 0x00, 0x00, 0x00, 0x00, 0x00, 0x00, 0x00, 0x00, 0x00
.byte 0x00, 0x00, 0x00, 0x00, 0x01, 0x00, 0x00, 0x00
.globl _sym_00bddbd4
_sym_00bddbd4:
.byte 0xff, 0xff, 0xff, 0xff
.long _sym_00ab7fd0
.globl _sym_00bddbdc
_sym_00bddbdc:
.byte 0x22, 0x05, 0x93, 0x19, 0x01, 0x00, 0x00, 0x00
.long _sym_00bddbd4
.byte 0x00, 0x00, 0x00, 0x00, 0x00, 0x00, 0x00, 0x00, 0x00, 0x00, 0x00, 0x00, 0x00, 0x00, 0x00, 0x00
.byte 0x00, 0x00, 0x00, 0x00, 0x01, 0x00, 0x00, 0x00
.globl _sym_00bddc00
_sym_00bddc00:
.byte 0xff, 0xff, 0xff, 0xff
.long _sym_00ab7fa0
.globl _sym_00bddc08
_sym_00bddc08:
.byte 0x22, 0x05, 0x93, 0x19, 0x01, 0x00, 0x00, 0x00
.long _sym_00bddc00
.byte 0x00, 0x00, 0x00, 0x00, 0x00, 0x00, 0x00, 0x00, 0x00, 0x00, 0x00, 0x00, 0x00, 0x00, 0x00, 0x00
.byte 0x00, 0x00, 0x00, 0x00, 0x01, 0x00, 0x00, 0x00
.globl _sym_00bddc2c
_sym_00bddc2c:
.byte 0xff, 0xff, 0xff, 0xff
.long _sym_00ab7550
.byte 0xff, 0xff, 0xff, 0xff, 0x00, 0x00, 0x00, 0x00, 0xff, 0xff, 0xff, 0xff, 0x00, 0x00, 0x00, 0x00
.byte 0xff, 0xff, 0xff, 0xff, 0x00, 0x00, 0x00, 0x00
.globl _sym_00bddc4c
_sym_00bddc4c:
.byte 0x22, 0x05, 0x93, 0x19, 0x04, 0x00, 0x00, 0x00
.long _sym_00bddc2c
.byte 0x00, 0x00, 0x00, 0x00, 0x00, 0x00, 0x00, 0x00, 0x00, 0x00, 0x00, 0x00, 0x00, 0x00, 0x00, 0x00
.byte 0x00, 0x00, 0x00, 0x00, 0x01, 0x00, 0x00, 0x00
.globl _sym_00bddc70
_sym_00bddc70:
.byte 0xff, 0xff, 0xff, 0xff
.long _sym_00ab75e0
.byte 0xff, 0xff, 0xff, 0xff, 0x00, 0x00, 0x00, 0x00, 0xff, 0xff, 0xff, 0xff, 0x00, 0x00, 0x00, 0x00
.byte 0xff, 0xff, 0xff, 0xff, 0x00, 0x00, 0x00, 0x00
.globl _sym_00bddc90
_sym_00bddc90:
.byte 0x22, 0x05, 0x93, 0x19, 0x04, 0x00, 0x00, 0x00
.long _sym_00bddc70
.byte 0x00, 0x00, 0x00, 0x00, 0x00, 0x00, 0x00, 0x00, 0x00, 0x00, 0x00, 0x00, 0x00, 0x00, 0x00, 0x00
.byte 0x00, 0x00, 0x00, 0x00, 0x01, 0x00, 0x00, 0x00
.globl _sym_00bddcb4
_sym_00bddcb4:
.byte 0xff, 0xff, 0xff, 0xff
.long _sym_00ab7c70
.byte 0xff, 0xff, 0xff, 0xff, 0x00, 0x00, 0x00, 0x00, 0xff, 0xff, 0xff, 0xff, 0x00, 0x00, 0x00, 0x00
.byte 0xff, 0xff, 0xff, 0xff, 0x00, 0x00, 0x00, 0x00
.globl _sym_00bddcd4
_sym_00bddcd4:
.byte 0x22, 0x05, 0x93, 0x19, 0x04, 0x00, 0x00, 0x00
.long _sym_00bddcb4
.byte 0x00, 0x00, 0x00, 0x00, 0x00, 0x00, 0x00, 0x00, 0x00, 0x00, 0x00, 0x00, 0x00, 0x00, 0x00, 0x00
.byte 0x00, 0x00, 0x00, 0x00, 0x01, 0x00, 0x00, 0x00
.globl _sym_00bddcf8
_sym_00bddcf8:
.byte 0xff, 0xff, 0xff, 0xff
.long _sym_00ab7df0
.byte 0xff, 0xff, 0xff, 0xff, 0x00, 0x00, 0x00, 0x00, 0xff, 0xff, 0xff, 0xff, 0x00, 0x00, 0x00, 0x00
.byte 0xff, 0xff, 0xff, 0xff, 0x00, 0x00, 0x00, 0x00
.globl _sym_00bddd18
_sym_00bddd18:
.byte 0x22, 0x05, 0x93, 0x19, 0x04, 0x00, 0x00, 0x00
.long _sym_00bddcf8
.byte 0x00, 0x00, 0x00, 0x00, 0x00, 0x00, 0x00, 0x00, 0x00, 0x00, 0x00, 0x00, 0x00, 0x00, 0x00, 0x00
.byte 0x00, 0x00, 0x00, 0x00, 0x01, 0x00, 0x00, 0x00
.globl _sym_00bddd3c
_sym_00bddd3c:
.byte 0xff, 0xff, 0xff, 0xff
.long _sym_00ab74f0
.byte 0xff, 0xff, 0xff, 0xff, 0x00, 0x00, 0x00, 0x00, 0xff, 0xff, 0xff, 0xff, 0x00, 0x00, 0x00, 0x00
.byte 0xff, 0xff, 0xff, 0xff, 0x00, 0x00, 0x00, 0x00
.globl _sym_00bddd5c
_sym_00bddd5c:
.byte 0x22, 0x05, 0x93, 0x19, 0x04, 0x00, 0x00, 0x00
.long _sym_00bddd3c
.byte 0x00, 0x00, 0x00, 0x00, 0x00, 0x00, 0x00, 0x00, 0x00, 0x00, 0x00, 0x00, 0x00, 0x00, 0x00, 0x00
.byte 0x00, 0x00, 0x00, 0x00, 0x01, 0x00, 0x00, 0x00
.globl _sym_00bddd80
_sym_00bddd80:
.byte 0xff, 0xff, 0xff, 0xff
.long _sym_00ab7580
.byte 0xff, 0xff, 0xff, 0xff, 0x00, 0x00, 0x00, 0x00, 0xff, 0xff, 0xff, 0xff, 0x00, 0x00, 0x00, 0x00
.byte 0xff, 0xff, 0xff, 0xff, 0x00, 0x00, 0x00, 0x00
.globl _sym_00bddda0
_sym_00bddda0:
.byte 0x22, 0x05, 0x93, 0x19, 0x04, 0x00, 0x00, 0x00
.long _sym_00bddd80
.byte 0x00, 0x00, 0x00, 0x00, 0x00, 0x00, 0x00, 0x00, 0x00, 0x00, 0x00, 0x00, 0x00, 0x00, 0x00, 0x00
.byte 0x00, 0x00, 0x00, 0x00, 0x01, 0x00, 0x00, 0x00
.globl _sym_00bdddc4
_sym_00bdddc4:
.byte 0xff, 0xff, 0xff, 0xff
.long _sym_00ab7520
.byte 0xff, 0xff, 0xff, 0xff, 0x00, 0x00, 0x00, 0x00, 0xff, 0xff, 0xff, 0xff, 0x00, 0x00, 0x00, 0x00
.byte 0xff, 0xff, 0xff, 0xff, 0x00, 0x00, 0x00, 0x00
.globl _sym_00bddde4
_sym_00bddde4:
.byte 0x22, 0x05, 0x93, 0x19, 0x04, 0x00, 0x00, 0x00
.long _sym_00bdddc4
.byte 0x00, 0x00, 0x00, 0x00, 0x00, 0x00, 0x00, 0x00, 0x00, 0x00, 0x00, 0x00, 0x00, 0x00, 0x00, 0x00
.byte 0x00, 0x00, 0x00, 0x00, 0x01, 0x00, 0x00, 0x00
.globl _sym_00bdde08
_sym_00bdde08:
.byte 0xff, 0xff, 0xff, 0xff
.long _sym_00ab75b0
.byte 0xff, 0xff, 0xff, 0xff, 0x00, 0x00, 0x00, 0x00, 0xff, 0xff, 0xff, 0xff, 0x00, 0x00, 0x00, 0x00
.byte 0xff, 0xff, 0xff, 0xff, 0x00, 0x00, 0x00, 0x00
.globl _sym_00bdde28
_sym_00bdde28:
.byte 0x22, 0x05, 0x93, 0x19, 0x04, 0x00, 0x00, 0x00
.long _sym_00bdde08
.byte 0x00, 0x00, 0x00, 0x00, 0x00, 0x00, 0x00, 0x00, 0x00, 0x00, 0x00, 0x00, 0x00, 0x00, 0x00, 0x00
.byte 0x00, 0x00, 0x00, 0x00, 0x01, 0x00, 0x00, 0x00
.globl _sym_00bdde4c
_sym_00bdde4c:
.byte 0xff, 0xff, 0xff, 0xff
.long _sym_00ab7c40
.byte 0xff, 0xff, 0xff, 0xff, 0x00, 0x00, 0x00, 0x00, 0xff, 0xff, 0xff, 0xff, 0x00, 0x00, 0x00, 0x00
.byte 0xff, 0xff, 0xff, 0xff, 0x00, 0x00, 0x00, 0x00
.globl _sym_00bdde6c
_sym_00bdde6c:
.byte 0x22, 0x05, 0x93, 0x19, 0x04, 0x00, 0x00, 0x00
.long _sym_00bdde4c
.byte 0x00, 0x00, 0x00, 0x00, 0x00, 0x00, 0x00, 0x00, 0x00, 0x00, 0x00, 0x00, 0x00, 0x00, 0x00, 0x00
.byte 0x00, 0x00, 0x00, 0x00, 0x01, 0x00, 0x00, 0x00
.globl _sym_00bdde90
_sym_00bdde90:
.byte 0xff, 0xff, 0xff, 0xff
.long _sym_00ab7dc0
.byte 0xff, 0xff, 0xff, 0xff, 0x00, 0x00, 0x00, 0x00, 0xff, 0xff, 0xff, 0xff, 0x00, 0x00, 0x00, 0x00
.byte 0xff, 0xff, 0xff, 0xff, 0x00, 0x00, 0x00, 0x00
.globl _sym_00bddeb0
_sym_00bddeb0:
.byte 0x22, 0x05, 0x93, 0x19, 0x04, 0x00, 0x00, 0x00
.long _sym_00bdde90
.byte 0x00, 0x00, 0x00, 0x00, 0x00, 0x00, 0x00, 0x00, 0x00, 0x00, 0x00, 0x00, 0x00, 0x00, 0x00, 0x00
.byte 0x00, 0x00, 0x00, 0x00, 0x01, 0x00, 0x00, 0x00
.globl _sym_00bdded4
_sym_00bdded4:
.byte 0xff, 0xff, 0xff, 0xff
.long _sym_00ab7f70
.globl _sym_00bddedc
_sym_00bddedc:
.byte 0x22, 0x05, 0x93, 0x19, 0x01, 0x00, 0x00, 0x00
.long _sym_00bdded4
.byte 0x00, 0x00, 0x00, 0x00, 0x00, 0x00, 0x00, 0x00, 0x00, 0x00, 0x00, 0x00, 0x00, 0x00, 0x00, 0x00
.byte 0x00, 0x00, 0x00, 0x00, 0x01, 0x00, 0x00, 0x00
.globl _sym_00bddf00
_sym_00bddf00:
.byte 0xff, 0xff, 0xff, 0xff
.long _sym_00ab7340
.byte 0xff, 0xff, 0xff, 0xff, 0x00, 0x00, 0x00, 0x00, 0xff, 0xff, 0xff, 0xff, 0x00, 0x00, 0x00, 0x00
.byte 0xff, 0xff, 0xff, 0xff, 0x00, 0x00, 0x00, 0x00
.globl _sym_00bddf20
_sym_00bddf20:
.byte 0x22, 0x05, 0x93, 0x19, 0x04, 0x00, 0x00, 0x00
.long _sym_00bddf00
.byte 0x00, 0x00, 0x00, 0x00, 0x00, 0x00, 0x00, 0x00, 0x00, 0x00, 0x00, 0x00, 0x00, 0x00, 0x00, 0x00
.byte 0x00, 0x00, 0x00, 0x00, 0x01, 0x00, 0x00, 0x00
.globl _sym_00bddf44
_sym_00bddf44:
.byte 0xff, 0xff, 0xff, 0xff
.long _sym_00ab7460
.byte 0xff, 0xff, 0xff, 0xff, 0x00, 0x00, 0x00, 0x00, 0xff, 0xff, 0xff, 0xff, 0x00, 0x00, 0x00, 0x00
.byte 0xff, 0xff, 0xff, 0xff, 0x00, 0x00, 0x00, 0x00
.globl _sym_00bddf64
_sym_00bddf64:
.byte 0x22, 0x05, 0x93, 0x19, 0x04, 0x00, 0x00, 0x00
.long _sym_00bddf44
.byte 0x00, 0x00, 0x00, 0x00, 0x00, 0x00, 0x00, 0x00, 0x00, 0x00, 0x00, 0x00, 0x00, 0x00, 0x00, 0x00
.byte 0x00, 0x00, 0x00, 0x00, 0x01, 0x00, 0x00, 0x00
.globl _sym_00bddf88
_sym_00bddf88:
.byte 0xff, 0xff, 0xff, 0xff
.long _sym_00ab7310
.byte 0xff, 0xff, 0xff, 0xff, 0x00, 0x00, 0x00, 0x00, 0xff, 0xff, 0xff, 0xff, 0x00, 0x00, 0x00, 0x00
.byte 0xff, 0xff, 0xff, 0xff, 0x00, 0x00, 0x00, 0x00
.globl _sym_00bddfa8
_sym_00bddfa8:
.byte 0x22, 0x05, 0x93, 0x19, 0x04, 0x00, 0x00, 0x00
.long _sym_00bddf88
.byte 0x00, 0x00, 0x00, 0x00, 0x00, 0x00, 0x00, 0x00, 0x00, 0x00, 0x00, 0x00, 0x00, 0x00, 0x00, 0x00
.byte 0x00, 0x00, 0x00, 0x00, 0x01, 0x00, 0x00, 0x00
.globl _sym_00bddfcc
_sym_00bddfcc:
.byte 0xff, 0xff, 0xff, 0xff
.long _sym_00ab7430
.byte 0xff, 0xff, 0xff, 0xff, 0x00, 0x00, 0x00, 0x00, 0xff, 0xff, 0xff, 0xff, 0x00, 0x00, 0x00, 0x00
.byte 0xff, 0xff, 0xff, 0xff, 0x00, 0x00, 0x00, 0x00
.globl _sym_00bddfec
_sym_00bddfec:
.byte 0x22, 0x05, 0x93, 0x19, 0x04, 0x00, 0x00, 0x00
.long _sym_00bddfcc
.byte 0x00, 0x00, 0x00, 0x00, 0x00, 0x00, 0x00, 0x00, 0x00, 0x00, 0x00, 0x00, 0x00, 0x00, 0x00, 0x00
.byte 0x00, 0x00, 0x00, 0x00, 0x01, 0x00, 0x00, 0x00
.globl _sym_00bde010
_sym_00bde010:
.byte 0xff, 0xff, 0xff, 0xff
.long _sym_00ab7cd0
.byte 0xff, 0xff, 0xff, 0xff, 0x00, 0x00, 0x00, 0x00, 0xff, 0xff, 0xff, 0xff, 0x00, 0x00, 0x00, 0x00
.byte 0xff, 0xff, 0xff, 0xff, 0x00, 0x00, 0x00, 0x00
.globl _sym_00bde030
_sym_00bde030:
.byte 0x22, 0x05, 0x93, 0x19, 0x04, 0x00, 0x00, 0x00
.long _sym_00bde010
.byte 0x00, 0x00, 0x00, 0x00, 0x00, 0x00, 0x00, 0x00, 0x00, 0x00, 0x00, 0x00, 0x00, 0x00, 0x00, 0x00
.byte 0x00, 0x00, 0x00, 0x00, 0x01, 0x00, 0x00, 0x00
.globl _sym_00bde054
_sym_00bde054:
.byte 0xff, 0xff, 0xff, 0xff
.long _sym_00ab7eb0
.byte 0xff, 0xff, 0xff, 0xff, 0x00, 0x00, 0x00, 0x00, 0xff, 0xff, 0xff, 0xff, 0x00, 0x00, 0x00, 0x00
.byte 0xff, 0xff, 0xff, 0xff, 0x00, 0x00, 0x00, 0x00
.globl _sym_00bde074
_sym_00bde074:
.byte 0x22, 0x05, 0x93, 0x19, 0x04, 0x00, 0x00, 0x00
.long _sym_00bde054
.byte 0x00, 0x00, 0x00, 0x00, 0x00, 0x00, 0x00, 0x00, 0x00, 0x00, 0x00, 0x00, 0x00, 0x00, 0x00, 0x00
.byte 0x00, 0x00, 0x00, 0x00, 0x01, 0x00, 0x00, 0x00
.globl _sym_00bde098
_sym_00bde098:
.byte 0xff, 0xff, 0xff, 0xff
.long _sym_00ab7f10
.byte 0xff, 0xff, 0xff, 0xff, 0x00, 0x00, 0x00, 0x00, 0xff, 0xff, 0xff, 0xff, 0x00, 0x00, 0x00, 0x00
.byte 0xff, 0xff, 0xff, 0xff, 0x00, 0x00, 0x00, 0x00
.globl _sym_00bde0b8
_sym_00bde0b8:
.byte 0x22, 0x05, 0x93, 0x19, 0x04, 0x00, 0x00, 0x00
.long _sym_00bde098
.byte 0x00, 0x00, 0x00, 0x00, 0x00, 0x00, 0x00, 0x00, 0x00, 0x00, 0x00, 0x00, 0x00, 0x00, 0x00, 0x00
.byte 0x00, 0x00, 0x00, 0x00, 0x01, 0x00, 0x00, 0x00
.globl _sym_00bde0dc
_sym_00bde0dc:
.byte 0xff, 0xff, 0xff, 0xff
.long _sym_00ab72e0
.globl _sym_00bde0e4
_sym_00bde0e4:
.byte 0x22, 0x05, 0x93, 0x19, 0x01, 0x00, 0x00, 0x00
.long _sym_00bde0dc
.byte 0x00, 0x00, 0x00, 0x00, 0x00, 0x00, 0x00, 0x00, 0x00, 0x00, 0x00, 0x00, 0x00, 0x00, 0x00, 0x00
.byte 0x00, 0x00, 0x00, 0x00, 0x01, 0x00, 0x00, 0x00
.globl _sym_00bde108
_sym_00bde108:
.byte 0xff, 0xff, 0xff, 0xff
.long _sym_00ab7ca0
.byte 0xff, 0xff, 0xff, 0xff, 0x00, 0x00, 0x00, 0x00, 0xff, 0xff, 0xff, 0xff, 0x00, 0x00, 0x00, 0x00
.byte 0xff, 0xff, 0xff, 0xff, 0x00, 0x00, 0x00, 0x00
.globl _sym_00bde128
_sym_00bde128:
.byte 0x22, 0x05, 0x93, 0x19, 0x04, 0x00, 0x00, 0x00
.long _sym_00bde108
.byte 0x00, 0x00, 0x00, 0x00, 0x00, 0x00, 0x00, 0x00, 0x00, 0x00, 0x00, 0x00, 0x00, 0x00, 0x00, 0x00
.byte 0x00, 0x00, 0x00, 0x00, 0x01, 0x00, 0x00, 0x00
.globl _sym_00bde14c
_sym_00bde14c:
.byte 0xff, 0xff, 0xff, 0xff
.long _sym_00ab7e80
.byte 0xff, 0xff, 0xff, 0xff, 0x00, 0x00, 0x00, 0x00, 0xff, 0xff, 0xff, 0xff, 0x00, 0x00, 0x00, 0x00
.byte 0xff, 0xff, 0xff, 0xff, 0x00, 0x00, 0x00, 0x00
.globl _sym_00bde16c
_sym_00bde16c:
.byte 0x22, 0x05, 0x93, 0x19, 0x04, 0x00, 0x00, 0x00
.long _sym_00bde14c
.byte 0x00, 0x00, 0x00, 0x00, 0x00, 0x00, 0x00, 0x00, 0x00, 0x00, 0x00, 0x00, 0x00, 0x00, 0x00, 0x00
.byte 0x00, 0x00, 0x00, 0x00, 0x01, 0x00, 0x00, 0x00
.globl _sym_00bde190
_sym_00bde190:
.byte 0xff, 0xff, 0xff, 0xff
.long _sym_00ab7ee0
.byte 0xff, 0xff, 0xff, 0xff, 0x00, 0x00, 0x00, 0x00, 0xff, 0xff, 0xff, 0xff, 0x00, 0x00, 0x00, 0x00
.byte 0xff, 0xff, 0xff, 0xff, 0x00, 0x00, 0x00, 0x00
.globl _sym_00bde1b0
_sym_00bde1b0:
.byte 0x22, 0x05, 0x93, 0x19, 0x04, 0x00, 0x00, 0x00
.long _sym_00bde190
.byte 0x00, 0x00, 0x00, 0x00, 0x00, 0x00, 0x00, 0x00, 0x00, 0x00, 0x00, 0x00, 0x00, 0x00, 0x00, 0x00
.byte 0x00, 0x00, 0x00, 0x00, 0x01, 0x00, 0x00, 0x00
.globl _sym_00bde1d4
_sym_00bde1d4:
.byte 0xff, 0xff, 0xff, 0xff
.long _sym_00ab73a0
.byte 0xff, 0xff, 0xff, 0xff, 0x00, 0x00, 0x00, 0x00, 0xff, 0xff, 0xff, 0xff, 0x00, 0x00, 0x00, 0x00
.byte 0xff, 0xff, 0xff, 0xff, 0x00, 0x00, 0x00, 0x00
.globl _sym_00bde1f4
_sym_00bde1f4:
.byte 0x22, 0x05, 0x93, 0x19, 0x04, 0x00, 0x00, 0x00
.long _sym_00bde1d4
.byte 0x00, 0x00, 0x00, 0x00, 0x00, 0x00, 0x00, 0x00, 0x00, 0x00, 0x00, 0x00, 0x00, 0x00, 0x00, 0x00
.byte 0x00, 0x00, 0x00, 0x00, 0x01, 0x00, 0x00, 0x00
.globl _sym_00bde218
_sym_00bde218:
.byte 0xff, 0xff, 0xff, 0xff
.long _sym_00ab7e50
.byte 0xff, 0xff, 0xff, 0xff, 0x00, 0x00, 0x00, 0x00, 0xff, 0xff, 0xff, 0xff, 0x00, 0x00, 0x00, 0x00
.byte 0xff, 0xff, 0xff, 0xff, 0x00, 0x00, 0x00, 0x00
.globl _sym_00bde238
_sym_00bde238:
.byte 0x22, 0x05, 0x93, 0x19, 0x04, 0x00, 0x00, 0x00
.long _sym_00bde218
.byte 0x00, 0x00, 0x00, 0x00, 0x00, 0x00, 0x00, 0x00, 0x00, 0x00, 0x00, 0x00, 0x00, 0x00, 0x00, 0x00
.byte 0x00, 0x00, 0x00, 0x00, 0x01, 0x00, 0x00, 0x00
.globl _sym_00bde25c
_sym_00bde25c:
.byte 0xff, 0xff, 0xff, 0xff
.long _sym_00ab7d90
.byte 0xff, 0xff, 0xff, 0xff, 0x00, 0x00, 0x00, 0x00, 0xff, 0xff, 0xff, 0xff, 0x00, 0x00, 0x00, 0x00
.byte 0xff, 0xff, 0xff, 0xff, 0x00, 0x00, 0x00, 0x00
.globl _sym_00bde27c
_sym_00bde27c:
.byte 0x22, 0x05, 0x93, 0x19, 0x04, 0x00, 0x00, 0x00
.long _sym_00bde25c
.byte 0x00, 0x00, 0x00, 0x00, 0x00, 0x00, 0x00, 0x00, 0x00, 0x00, 0x00, 0x00, 0x00, 0x00, 0x00, 0x00
.byte 0x00, 0x00, 0x00, 0x00, 0x01, 0x00, 0x00, 0x00
.globl _sym_00bde2a0
_sym_00bde2a0:
.byte 0xff, 0xff, 0xff, 0xff
.long _sym_00ab7370
.byte 0xff, 0xff, 0xff, 0xff, 0x00, 0x00, 0x00, 0x00, 0xff, 0xff, 0xff, 0xff, 0x00, 0x00, 0x00, 0x00
.byte 0xff, 0xff, 0xff, 0xff, 0x00, 0x00, 0x00, 0x00
.globl _sym_00bde2c0
_sym_00bde2c0:
.byte 0x22, 0x05, 0x93, 0x19, 0x04, 0x00, 0x00, 0x00
.long _sym_00bde2a0
.byte 0x00, 0x00, 0x00, 0x00, 0x00, 0x00, 0x00, 0x00, 0x00, 0x00, 0x00, 0x00, 0x00, 0x00, 0x00, 0x00
.byte 0x00, 0x00, 0x00, 0x00, 0x01, 0x00, 0x00, 0x00
.globl _sym_00bde2e4
_sym_00bde2e4:
.byte 0xff, 0xff, 0xff, 0xff
.long _sym_00ab7e20
.byte 0xff, 0xff, 0xff, 0xff, 0x00, 0x00, 0x00, 0x00, 0xff, 0xff, 0xff, 0xff, 0x00, 0x00, 0x00, 0x00
.byte 0xff, 0xff, 0xff, 0xff, 0x00, 0x00, 0x00, 0x00
.globl _sym_00bde304
_sym_00bde304:
.byte 0x22, 0x05, 0x93, 0x19, 0x04, 0x00, 0x00, 0x00
.long _sym_00bde2e4
.byte 0x00, 0x00, 0x00, 0x00, 0x00, 0x00, 0x00, 0x00, 0x00, 0x00, 0x00, 0x00, 0x00, 0x00, 0x00, 0x00
.byte 0x00, 0x00, 0x00, 0x00, 0x01, 0x00, 0x00, 0x00
.globl _sym_00bde328
_sym_00bde328:
.byte 0xff, 0xff, 0xff, 0xff
.long _sym_00ab7d60
.byte 0xff, 0xff, 0xff, 0xff, 0x00, 0x00, 0x00, 0x00, 0xff, 0xff, 0xff, 0xff, 0x00, 0x00, 0x00, 0x00
.byte 0xff, 0xff, 0xff, 0xff, 0x00, 0x00, 0x00, 0x00
.globl _sym_00bde348
_sym_00bde348:
.byte 0x22, 0x05, 0x93, 0x19, 0x04, 0x00, 0x00, 0x00
.long _sym_00bde328
.byte 0x00, 0x00, 0x00, 0x00, 0x00, 0x00, 0x00, 0x00, 0x00, 0x00, 0x00, 0x00, 0x00, 0x00, 0x00, 0x00
.byte 0x00, 0x00, 0x00, 0x00, 0x01, 0x00, 0x00, 0x00
.globl _sym_00bde36c
_sym_00bde36c:
.byte 0xff, 0xff, 0xff, 0xff
.long _sym_00ab8100
.globl _sym_00bde374
_sym_00bde374:
.byte 0x22, 0x05, 0x93, 0x19, 0x01, 0x00, 0x00, 0x00
.long _sym_00bde36c
.byte 0x00, 0x00, 0x00, 0x00, 0x00, 0x00, 0x00, 0x00, 0x00, 0x00, 0x00, 0x00, 0x00, 0x00, 0x00, 0x00
.byte 0x00, 0x00, 0x00, 0x00, 0x01, 0x00, 0x00, 0x00
.globl _sym_00bde398
_sym_00bde398:
.byte 0xff, 0xff, 0xff, 0xff
.long _sym_00ab80a0
.globl _sym_00bde3a0
_sym_00bde3a0:
.byte 0x22, 0x05, 0x93, 0x19, 0x01, 0x00, 0x00, 0x00
.long _sym_00bde398
.byte 0x00, 0x00, 0x00, 0x00, 0x00, 0x00, 0x00, 0x00, 0x00, 0x00, 0x00, 0x00, 0x00, 0x00, 0x00, 0x00
.byte 0x00, 0x00, 0x00, 0x00, 0x01, 0x00, 0x00, 0x00
.globl _sym_00bde3c4
_sym_00bde3c4:
.byte 0xff, 0xff, 0xff, 0xff
.long _sym_00ab80d0
.globl _sym_00bde3cc
_sym_00bde3cc:
.byte 0x22, 0x05, 0x93, 0x19, 0x01, 0x00, 0x00, 0x00
.long _sym_00bde3c4
.byte 0x00, 0x00, 0x00, 0x00, 0x00, 0x00, 0x00, 0x00, 0x00, 0x00, 0x00, 0x00, 0x00, 0x00, 0x00, 0x00
.byte 0x00, 0x00, 0x00, 0x00, 0x01, 0x00, 0x00, 0x00
.globl _sym_00bde3f0
_sym_00bde3f0:
.byte 0xff, 0xff, 0xff, 0xff
.long _sym_00ab83b0
.globl _sym_00bde3f8
_sym_00bde3f8:
.byte 0x22, 0x05, 0x93, 0x19, 0x01, 0x00, 0x00, 0x00
.long _sym_00bde3f0
.byte 0x00, 0x00, 0x00, 0x00, 0x00, 0x00, 0x00, 0x00, 0x00, 0x00, 0x00, 0x00, 0x00, 0x00, 0x00, 0x00
.byte 0x00, 0x00, 0x00, 0x00, 0x01, 0x00, 0x00, 0x00
.globl _sym_00bde41c
_sym_00bde41c:
.byte 0x22, 0x05, 0x93, 0x19, 0x05, 0x00, 0x00, 0x00
.long _sym_00bde440
.byte 0x00, 0x00, 0x00, 0x00, 0x00, 0x00, 0x00, 0x00, 0x00, 0x00, 0x00, 0x00, 0x00, 0x00, 0x00, 0x00
.byte 0x00, 0x00, 0x00, 0x00, 0x01, 0x00, 0x00, 0x00
.globl _sym_00bde440
_sym_00bde440:
.byte 0xff, 0xff, 0xff, 0xff
.long _sym_00ab8370
.byte 0x00, 0x00, 0x00, 0x00
.long _sym_00ab837e
.byte 0x00, 0x00, 0x00, 0x00, 0x00, 0x00, 0x00, 0x00, 0x00, 0x00, 0x00, 0x00, 0x00, 0x00, 0x00, 0x00
.byte 0x00, 0x00, 0x00, 0x00, 0x00, 0x00, 0x00, 0x00
.globl _sym_00bde468
_sym_00bde468:
.byte 0xff, 0xff, 0xff, 0xff
.long _sym_00ab82b0
.globl _sym_00bde470
_sym_00bde470:
.byte 0x22, 0x05, 0x93, 0x19, 0x01, 0x00, 0x00, 0x00
.long _sym_00bde468
.byte 0x00, 0x00, 0x00, 0x00, 0x00, 0x00, 0x00, 0x00, 0x00, 0x00, 0x00, 0x00, 0x00, 0x00, 0x00, 0x00
.byte 0x00, 0x00, 0x00, 0x00, 0x01, 0x00, 0x00, 0x00
.globl _sym_00bde494
_sym_00bde494:
.byte 0xff, 0xff, 0xff, 0xff
.long _sym_00ab85c0
.globl _sym_00bde49c
_sym_00bde49c:
.byte 0x22, 0x05, 0x93, 0x19, 0x01, 0x00, 0x00, 0x00
.long _sym_00bde494
.byte 0x00, 0x00, 0x00, 0x00, 0x00, 0x00, 0x00, 0x00, 0x00, 0x00, 0x00, 0x00, 0x00, 0x00, 0x00, 0x00
.byte 0x00, 0x00, 0x00, 0x00, 0x01, 0x00, 0x00, 0x00
.globl _sym_00bde4c0
_sym_00bde4c0:
.byte 0xff, 0xff, 0xff, 0xff
.long _sym_00ab83e0
.byte 0xff, 0xff, 0xff, 0xff
.long _sym_00ab83ee
.byte 0xff, 0xff, 0xff, 0xff
.long _sym_00ab83fc
.byte 0xff, 0xff, 0xff, 0xff
.long _sym_00ab840a
.globl _sym_00bde4e0
_sym_00bde4e0:
.byte 0x22, 0x05, 0x93, 0x19, 0x04, 0x00, 0x00, 0x00
.long _sym_00bde4c0
.byte 0x00, 0x00, 0x00, 0x00, 0x00, 0x00, 0x00, 0x00, 0x00, 0x00, 0x00, 0x00, 0x00, 0x00, 0x00, 0x00
.byte 0x00, 0x00, 0x00, 0x00, 0x01, 0x00, 0x00, 0x00
.globl _sym_00bde504
_sym_00bde504:
.byte 0xff, 0xff, 0xff, 0xff
.long _sym_00ab84a0
.byte 0xff, 0xff, 0xff, 0xff, 0x00, 0x00, 0x00, 0x00, 0xff, 0xff, 0xff, 0xff, 0x00, 0x00, 0x00, 0x00
.byte 0xff, 0xff, 0xff, 0xff, 0x00, 0x00, 0x00, 0x00
.globl _sym_00bde524
_sym_00bde524:
.byte 0x22, 0x05, 0x93, 0x19, 0x04, 0x00, 0x00, 0x00
.long _sym_00bde504
.byte 0x00, 0x00, 0x00, 0x00, 0x00, 0x00, 0x00, 0x00, 0x00, 0x00, 0x00, 0x00, 0x00, 0x00, 0x00, 0x00
.byte 0x00, 0x00, 0x00, 0x00, 0x01, 0x00, 0x00, 0x00
.globl _sym_00bde548
_sym_00bde548:
.byte 0xff, 0xff, 0xff, 0xff
.long _sym_00ab82e0
.globl _sym_00bde550
_sym_00bde550:
.byte 0x22, 0x05, 0x93, 0x19, 0x01, 0x00, 0x00, 0x00
.long _sym_00bde548
.byte 0x00, 0x00, 0x00, 0x00, 0x00, 0x00, 0x00, 0x00, 0x00, 0x00, 0x00, 0x00, 0x00, 0x00, 0x00, 0x00
.byte 0x00, 0x00, 0x00, 0x00, 0x01, 0x00, 0x00, 0x00
.globl _sym_00bde574
_sym_00bde574:
.byte 0xff, 0xff, 0xff, 0xff
.long _sym_00ab8310
.globl _sym_00bde57c
_sym_00bde57c:
.byte 0x22, 0x05, 0x93, 0x19, 0x01, 0x00, 0x00, 0x00
.long _sym_00bde574
.byte 0x00, 0x00, 0x00, 0x00, 0x00, 0x00, 0x00, 0x00, 0x00, 0x00, 0x00, 0x00, 0x00, 0x00, 0x00, 0x00
.byte 0x00, 0x00, 0x00, 0x00, 0x01, 0x00, 0x00, 0x00
.globl _sym_00bde5a0
_sym_00bde5a0:
.byte 0xff, 0xff, 0xff, 0xff
.long _sym_00ab8340
.globl _sym_00bde5a8
_sym_00bde5a8:
.byte 0x22, 0x05, 0x93, 0x19, 0x01, 0x00, 0x00, 0x00
.long _sym_00bde5a0
.byte 0x00, 0x00, 0x00, 0x00, 0x00, 0x00, 0x00, 0x00, 0x00, 0x00, 0x00, 0x00, 0x00, 0x00, 0x00, 0x00
.byte 0x00, 0x00, 0x00, 0x00, 0x01, 0x00, 0x00, 0x00
.globl _sym_00bde5cc
_sym_00bde5cc:
.byte 0xff, 0xff, 0xff, 0xff
.long _sym_00ab81f0
.byte 0xff, 0xff, 0xff, 0xff, 0x00, 0x00, 0x00, 0x00, 0xff, 0xff, 0xff, 0xff, 0x00, 0x00, 0x00, 0x00
.byte 0xff, 0xff, 0xff, 0xff, 0x00, 0x00, 0x00, 0x00
.globl _sym_00bde5ec
_sym_00bde5ec:
.byte 0x22, 0x05, 0x93, 0x19, 0x04, 0x00, 0x00, 0x00
.long _sym_00bde5cc
.byte 0x00, 0x00, 0x00, 0x00, 0x00, 0x00, 0x00, 0x00, 0x00, 0x00, 0x00, 0x00, 0x00, 0x00, 0x00, 0x00
.byte 0x00, 0x00, 0x00, 0x00, 0x01, 0x00, 0x00, 0x00
.globl _sym_00bde610
_sym_00bde610:
.byte 0xff, 0xff, 0xff, 0xff
.long _sym_00ab8280
.globl _sym_00bde618
_sym_00bde618:
.byte 0x22, 0x05, 0x93, 0x19, 0x01, 0x00, 0x00, 0x00
.long _sym_00bde610
.byte 0x00, 0x00, 0x00, 0x00, 0x00, 0x00, 0x00, 0x00, 0x00, 0x00, 0x00, 0x00, 0x00, 0x00, 0x00, 0x00
.byte 0x00, 0x00, 0x00, 0x00, 0x01, 0x00, 0x00, 0x00
.globl _sym_00bde63c
_sym_00bde63c:
.byte 0xff, 0xff, 0xff, 0xff
.long _sym_00ab8190
.byte 0xff, 0xff, 0xff, 0xff, 0x00, 0x00, 0x00, 0x00, 0xff, 0xff, 0xff, 0xff, 0x00, 0x00, 0x00, 0x00
.byte 0xff, 0xff, 0xff, 0xff, 0x00, 0x00, 0x00, 0x00
.globl _sym_00bde65c
_sym_00bde65c:
.byte 0x22, 0x05, 0x93, 0x19, 0x04, 0x00, 0x00, 0x00
.long _sym_00bde63c
.byte 0x00, 0x00, 0x00, 0x00, 0x00, 0x00, 0x00, 0x00, 0x00, 0x00, 0x00, 0x00, 0x00, 0x00, 0x00, 0x00
.byte 0x00, 0x00, 0x00, 0x00, 0x01, 0x00, 0x00, 0x00
.globl _sym_00bde680
_sym_00bde680:
.byte 0xff, 0xff, 0xff, 0xff
.long _sym_00ab8220
.byte 0xff, 0xff, 0xff, 0xff, 0x00, 0x00, 0x00, 0x00, 0xff, 0xff, 0xff, 0xff, 0x00, 0x00, 0x00, 0x00
.byte 0xff, 0xff, 0xff, 0xff, 0x00, 0x00, 0x00, 0x00
.globl _sym_00bde6a0
_sym_00bde6a0:
.byte 0x22, 0x05, 0x93, 0x19, 0x04, 0x00, 0x00, 0x00
.long _sym_00bde680
.byte 0x00, 0x00, 0x00, 0x00, 0x00, 0x00, 0x00, 0x00, 0x00, 0x00, 0x00, 0x00, 0x00, 0x00, 0x00, 0x00
.byte 0x00, 0x00, 0x00, 0x00, 0x01, 0x00, 0x00, 0x00
.globl _sym_00bde6c4
_sym_00bde6c4:
.byte 0xff, 0xff, 0xff, 0xff
.long _sym_00ab8250
.byte 0xff, 0xff, 0xff, 0xff, 0x00, 0x00, 0x00, 0x00, 0xff, 0xff, 0xff, 0xff, 0x00, 0x00, 0x00, 0x00
.byte 0xff, 0xff, 0xff, 0xff, 0x00, 0x00, 0x00, 0x00
.globl _sym_00bde6e4
_sym_00bde6e4:
.byte 0x22, 0x05, 0x93, 0x19, 0x04, 0x00, 0x00, 0x00
.long _sym_00bde6c4
.byte 0x00, 0x00, 0x00, 0x00, 0x00, 0x00, 0x00, 0x00, 0x00, 0x00, 0x00, 0x00, 0x00, 0x00, 0x00, 0x00
.byte 0x00, 0x00, 0x00, 0x00, 0x01, 0x00, 0x00, 0x00
.globl _sym_00bde708
_sym_00bde708:
.byte 0xff, 0xff, 0xff, 0xff
.long _sym_00ab8440
.byte 0xff, 0xff, 0xff, 0xff, 0x00, 0x00, 0x00, 0x00, 0xff, 0xff, 0xff, 0xff, 0x00, 0x00, 0x00, 0x00
.byte 0xff, 0xff, 0xff, 0xff, 0x00, 0x00, 0x00, 0x00
.globl _sym_00bde728
_sym_00bde728:
.byte 0x22, 0x05, 0x93, 0x19, 0x04, 0x00, 0x00, 0x00
.long _sym_00bde708
.byte 0x00, 0x00, 0x00, 0x00, 0x00, 0x00, 0x00, 0x00, 0x00, 0x00, 0x00, 0x00, 0x00, 0x00, 0x00, 0x00
.byte 0x00, 0x00, 0x00, 0x00, 0x01, 0x00, 0x00, 0x00
.globl _sym_00bde74c
_sym_00bde74c:
.byte 0xff, 0xff, 0xff, 0xff
.long _sym_00ab8500
.byte 0xff, 0xff, 0xff, 0xff, 0x00, 0x00, 0x00, 0x00, 0xff, 0xff, 0xff, 0xff, 0x00, 0x00, 0x00, 0x00
.byte 0xff, 0xff, 0xff, 0xff, 0x00, 0x00, 0x00, 0x00
.globl _sym_00bde76c
_sym_00bde76c:
.byte 0x22, 0x05, 0x93, 0x19, 0x04, 0x00, 0x00, 0x00
.long _sym_00bde74c
.byte 0x00, 0x00, 0x00, 0x00, 0x00, 0x00, 0x00, 0x00, 0x00, 0x00, 0x00, 0x00, 0x00, 0x00, 0x00, 0x00
.byte 0x00, 0x00, 0x00, 0x00, 0x01, 0x00, 0x00, 0x00
.globl _sym_00bde790
_sym_00bde790:
.byte 0xff, 0xff, 0xff, 0xff
.long _sym_00ab8130
.byte 0xff, 0xff, 0xff, 0xff, 0x00, 0x00, 0x00, 0x00, 0xff, 0xff, 0xff, 0xff, 0x00, 0x00, 0x00, 0x00
.byte 0xff, 0xff, 0xff, 0xff, 0x00, 0x00, 0x00, 0x00
.globl _sym_00bde7b0
_sym_00bde7b0:
.byte 0x22, 0x05, 0x93, 0x19, 0x04, 0x00, 0x00, 0x00
.long _sym_00bde790
.byte 0x00, 0x00, 0x00, 0x00, 0x00, 0x00, 0x00, 0x00, 0x00, 0x00, 0x00, 0x00, 0x00, 0x00, 0x00, 0x00
.byte 0x00, 0x00, 0x00, 0x00, 0x01, 0x00, 0x00, 0x00
.globl _sym_00bde7d4
_sym_00bde7d4:
.byte 0xff, 0xff, 0xff, 0xff
.long _sym_00ab81c0
.byte 0xff, 0xff, 0xff, 0xff, 0x00, 0x00, 0x00, 0x00, 0xff, 0xff, 0xff, 0xff, 0x00, 0x00, 0x00, 0x00
.byte 0xff, 0xff, 0xff, 0xff, 0x00, 0x00, 0x00, 0x00
.globl _sym_00bde7f4
_sym_00bde7f4:
.byte 0x22, 0x05, 0x93, 0x19, 0x04, 0x00, 0x00, 0x00
.long _sym_00bde7d4
.byte 0x00, 0x00, 0x00, 0x00, 0x00, 0x00, 0x00, 0x00, 0x00, 0x00, 0x00, 0x00, 0x00, 0x00, 0x00, 0x00
.byte 0x00, 0x00, 0x00, 0x00, 0x01, 0x00, 0x00, 0x00
.globl _sym_00bde818
_sym_00bde818:
.byte 0xff, 0xff, 0xff, 0xff
.long _sym_00ab8470
.byte 0xff, 0xff, 0xff, 0xff, 0x00, 0x00, 0x00, 0x00, 0xff, 0xff, 0xff, 0xff, 0x00, 0x00, 0x00, 0x00
.byte 0xff, 0xff, 0xff, 0xff, 0x00, 0x00, 0x00, 0x00
.globl _sym_00bde838
_sym_00bde838:
.byte 0x22, 0x05, 0x93, 0x19, 0x04, 0x00, 0x00, 0x00
.long _sym_00bde818
.byte 0x00, 0x00, 0x00, 0x00, 0x00, 0x00, 0x00, 0x00, 0x00, 0x00, 0x00, 0x00, 0x00, 0x00, 0x00, 0x00
.byte 0x00, 0x00, 0x00, 0x00, 0x01, 0x00, 0x00, 0x00
.globl _sym_00bde85c
_sym_00bde85c:
.byte 0xff, 0xff, 0xff, 0xff
.long _sym_00ab8560
.byte 0xff, 0xff, 0xff, 0xff, 0x00, 0x00, 0x00, 0x00, 0xff, 0xff, 0xff, 0xff, 0x00, 0x00, 0x00, 0x00
.byte 0xff, 0xff, 0xff, 0xff, 0x00, 0x00, 0x00, 0x00
.globl _sym_00bde87c
_sym_00bde87c:
.byte 0x22, 0x05, 0x93, 0x19, 0x04, 0x00, 0x00, 0x00
.long _sym_00bde85c
.byte 0x00, 0x00, 0x00, 0x00, 0x00, 0x00, 0x00, 0x00, 0x00, 0x00, 0x00, 0x00, 0x00, 0x00, 0x00, 0x00
.byte 0x00, 0x00, 0x00, 0x00, 0x01, 0x00, 0x00, 0x00
.globl _sym_00bde8a0
_sym_00bde8a0:
.byte 0xff, 0xff, 0xff, 0xff
.long _sym_00ab8590
.byte 0xff, 0xff, 0xff, 0xff, 0x00, 0x00, 0x00, 0x00, 0xff, 0xff, 0xff, 0xff, 0x00, 0x00, 0x00, 0x00
.byte 0xff, 0xff, 0xff, 0xff, 0x00, 0x00, 0x00, 0x00
.globl _sym_00bde8c0
_sym_00bde8c0:
.byte 0x22, 0x05, 0x93, 0x19, 0x04, 0x00, 0x00, 0x00
.long _sym_00bde8a0
.byte 0x00, 0x00, 0x00, 0x00, 0x00, 0x00, 0x00, 0x00, 0x00, 0x00, 0x00, 0x00, 0x00, 0x00, 0x00, 0x00
.byte 0x00, 0x00, 0x00, 0x00, 0x01, 0x00, 0x00, 0x00
.globl _sym_00bde8e4
_sym_00bde8e4:
.byte 0xff, 0xff, 0xff, 0xff
.long _sym_00ab8160
.byte 0xff, 0xff, 0xff, 0xff, 0x00, 0x00, 0x00, 0x00, 0xff, 0xff, 0xff, 0xff, 0x00, 0x00, 0x00, 0x00
.byte 0xff, 0xff, 0xff, 0xff, 0x00, 0x00, 0x00, 0x00
.globl _sym_00bde904
_sym_00bde904:
.byte 0x22, 0x05, 0x93, 0x19, 0x04, 0x00, 0x00, 0x00
.long _sym_00bde8e4
.byte 0x00, 0x00, 0x00, 0x00, 0x00, 0x00, 0x00, 0x00, 0x00, 0x00, 0x00, 0x00, 0x00, 0x00, 0x00, 0x00
.byte 0x00, 0x00, 0x00, 0x00, 0x01, 0x00, 0x00, 0x00
.globl _sym_00bde928
_sym_00bde928:
.byte 0xff, 0xff, 0xff, 0xff
.long _sym_00ab8530
.byte 0xff, 0xff, 0xff, 0xff, 0x00, 0x00, 0x00, 0x00, 0xff, 0xff, 0xff, 0xff, 0x00, 0x00, 0x00, 0x00
.byte 0xff, 0xff, 0xff, 0xff, 0x00, 0x00, 0x00, 0x00
.globl _sym_00bde948
_sym_00bde948:
.byte 0x22, 0x05, 0x93, 0x19, 0x04, 0x00, 0x00, 0x00
.long _sym_00bde928
.byte 0x00, 0x00, 0x00, 0x00, 0x00, 0x00, 0x00, 0x00, 0x00, 0x00, 0x00, 0x00, 0x00, 0x00, 0x00, 0x00
.byte 0x00, 0x00, 0x00, 0x00, 0x01, 0x00, 0x00, 0x00
.globl _sym_00bde96c
_sym_00bde96c:
.byte 0xff, 0xff, 0xff, 0xff
.long _sym_00ab84d0
.byte 0xff, 0xff, 0xff, 0xff, 0x00, 0x00, 0x00, 0x00, 0xff, 0xff, 0xff, 0xff, 0x00, 0x00, 0x00, 0x00
.byte 0xff, 0xff, 0xff, 0xff, 0x00, 0x00, 0x00, 0x00
.globl _sym_00bde98c
_sym_00bde98c:
.byte 0x22, 0x05, 0x93, 0x19, 0x04, 0x00, 0x00, 0x00
.long _sym_00bde96c
.byte 0x00, 0x00, 0x00, 0x00, 0x00, 0x00, 0x00, 0x00, 0x00, 0x00, 0x00, 0x00, 0x00, 0x00, 0x00, 0x00
.byte 0x00, 0x00, 0x00, 0x00, 0x01, 0x00, 0x00, 0x00
.globl _sym_00bde9b0
_sym_00bde9b0:
.byte 0xff, 0xff, 0xff, 0xff
.long _sym_00ab85f0
.globl _sym_00bde9b8
_sym_00bde9b8:
.byte 0x22, 0x05, 0x93, 0x19, 0x01, 0x00, 0x00, 0x00
.long _sym_00bde9b0
.byte 0x00, 0x00, 0x00, 0x00, 0x00, 0x00, 0x00, 0x00, 0x00, 0x00, 0x00, 0x00, 0x00, 0x00, 0x00, 0x00
.byte 0x00, 0x00, 0x00, 0x00, 0x01, 0x00, 0x00, 0x00
.globl _sym_00bde9dc
_sym_00bde9dc:
.byte 0xff, 0xff, 0xff, 0xff
.long _sym_00ab8620
.byte 0x00, 0x00, 0x00, 0x00
.long _sym_00ab8628
.globl _sym_00bde9ec
_sym_00bde9ec:
.byte 0x22, 0x05, 0x93, 0x19, 0x02, 0x00, 0x00, 0x00
.long _sym_00bde9dc
.byte 0x00, 0x00, 0x00, 0x00, 0x00, 0x00, 0x00, 0x00, 0x00, 0x00, 0x00, 0x00, 0x00, 0x00, 0x00, 0x00
.byte 0x00, 0x00, 0x00, 0x00, 0x01, 0x00, 0x00, 0x00
.globl _sym_00bdea10
_sym_00bdea10:
.byte 0xff, 0xff, 0xff, 0xff
.long _sym_00ab8780
.byte 0x00, 0x00, 0x00, 0x00
.long _sym_00ab8788
.byte 0x00, 0x00, 0x00, 0x00
.long _sym_00ab8796
.globl _sym_00bdea28
_sym_00bdea28:
.byte 0x22, 0x05, 0x93, 0x19, 0x03, 0x00, 0x00, 0x00
.long _sym_00bdea10
.byte 0x00, 0x00, 0x00, 0x00, 0x00, 0x00, 0x00, 0x00, 0x00, 0x00, 0x00, 0x00, 0x00, 0x00, 0x00, 0x00
.byte 0x00, 0x00, 0x00, 0x00, 0x01, 0x00, 0x00, 0x00
.globl _sym_00bdea4c
_sym_00bdea4c:
.byte 0xff, 0xff, 0xff, 0xff
.long _sym_00ab8650
.globl _sym_00bdea54
_sym_00bdea54:
.byte 0x22, 0x05, 0x93, 0x19, 0x01, 0x00, 0x00, 0x00
.long _sym_00bdea4c
.byte 0x00, 0x00, 0x00, 0x00, 0x00, 0x00, 0x00, 0x00, 0x00, 0x00, 0x00, 0x00, 0x00, 0x00, 0x00, 0x00
.byte 0x00, 0x00, 0x00, 0x00, 0x01, 0x00, 0x00, 0x00
.globl _sym_00bdea78
_sym_00bdea78:
.byte 0xff, 0xff, 0xff, 0xff
.long _sym_00ab8710
.globl _sym_00bdea80
_sym_00bdea80:
.byte 0x22, 0x05, 0x93, 0x19, 0x01, 0x00, 0x00, 0x00
.long _sym_00bdea78
.byte 0x00, 0x00, 0x00, 0x00, 0x00, 0x00, 0x00, 0x00, 0x00, 0x00, 0x00, 0x00, 0x00, 0x00, 0x00, 0x00
.byte 0x00, 0x00, 0x00, 0x00, 0x01, 0x00, 0x00, 0x00
.globl _sym_00bdeaa4
_sym_00bdeaa4:
.byte 0xff, 0xff, 0xff, 0xff
.long _sym_00ab8680
.globl _sym_00bdeaac
_sym_00bdeaac:
.byte 0x22, 0x05, 0x93, 0x19, 0x01, 0x00, 0x00, 0x00
.long _sym_00bdeaa4
.byte 0x00, 0x00, 0x00, 0x00, 0x00, 0x00, 0x00, 0x00, 0x00, 0x00, 0x00, 0x00, 0x00, 0x00, 0x00, 0x00
.byte 0x00, 0x00, 0x00, 0x00, 0x01, 0x00, 0x00, 0x00
.globl _sym_00bdead0
_sym_00bdead0:
.byte 0xff, 0xff, 0xff, 0xff
.long _sym_00ab86b0
.byte 0x00, 0x00, 0x00, 0x00
.long _sym_00ab86ba
.globl _sym_00bdeae0
_sym_00bdeae0:
.byte 0x22, 0x05, 0x93, 0x19, 0x02, 0x00, 0x00, 0x00
.long _sym_00bdead0
.byte 0x00, 0x00, 0x00, 0x00, 0x00, 0x00, 0x00, 0x00, 0x00, 0x00, 0x00, 0x00, 0x00, 0x00, 0x00, 0x00
.byte 0x00, 0x00, 0x00, 0x00, 0x01, 0x00, 0x00, 0x00
.globl _sym_00bdeb04
_sym_00bdeb04:
.byte 0xff, 0xff, 0xff, 0xff
.long _sym_00ab86e0
.globl _sym_00bdeb0c
_sym_00bdeb0c:
.byte 0x22, 0x05, 0x93, 0x19, 0x01, 0x00, 0x00, 0x00
.long _sym_00bdeb04
.byte 0x00, 0x00, 0x00, 0x00, 0x00, 0x00, 0x00, 0x00, 0x00, 0x00, 0x00, 0x00, 0x00, 0x00, 0x00, 0x00
.byte 0x00, 0x00, 0x00, 0x00, 0x01, 0x00, 0x00, 0x00
.globl _sym_00bdeb30
_sym_00bdeb30:
.byte 0xff, 0xff, 0xff, 0xff
.long _sym_00ab8740
.globl _sym_00bdeb38
_sym_00bdeb38:
.byte 0x22, 0x05, 0x93, 0x19, 0x01, 0x00, 0x00, 0x00
.long _sym_00bdeb30
.byte 0x00, 0x00, 0x00, 0x00, 0x00, 0x00, 0x00, 0x00, 0x00, 0x00, 0x00, 0x00, 0x00, 0x00, 0x00, 0x00
.byte 0x00, 0x00, 0x00, 0x00, 0x01, 0x00, 0x00, 0x00
.globl _sym_00bdeb5c
_sym_00bdeb5c:
.byte 0xff, 0xff, 0xff, 0xff
.long _sym_00ab87f0
.globl _sym_00bdeb64
_sym_00bdeb64:
.byte 0x22, 0x05, 0x93, 0x19, 0x01, 0x00, 0x00, 0x00
.long _sym_00bdeb5c
.byte 0x00, 0x00, 0x00, 0x00, 0x00, 0x00, 0x00, 0x00, 0x00, 0x00, 0x00, 0x00, 0x00, 0x00, 0x00, 0x00
.byte 0x00, 0x00, 0x00, 0x00, 0x01, 0x00, 0x00, 0x00
.globl _sym_00bdeb88
_sym_00bdeb88:
.byte 0xff, 0xff, 0xff, 0xff
.long _sym_00ab8820
.globl _sym_00bdeb90
_sym_00bdeb90:
.byte 0x22, 0x05, 0x93, 0x19, 0x01, 0x00, 0x00, 0x00
.long _sym_00bdeb88
.byte 0x00, 0x00, 0x00, 0x00, 0x00, 0x00, 0x00, 0x00, 0x00, 0x00, 0x00, 0x00, 0x00, 0x00, 0x00, 0x00
.byte 0x00, 0x00, 0x00, 0x00, 0x01, 0x00, 0x00, 0x00
.globl _sym_00bdebb4
_sym_00bdebb4:
.byte 0xff, 0xff, 0xff, 0xff
.long _sym_00ab87c0
.globl _sym_00bdebbc
_sym_00bdebbc:
.byte 0x22, 0x05, 0x93, 0x19, 0x01, 0x00, 0x00, 0x00
.long _sym_00bdebb4
.byte 0x00, 0x00, 0x00, 0x00, 0x00, 0x00, 0x00, 0x00, 0x00, 0x00, 0x00, 0x00, 0x00, 0x00, 0x00, 0x00
.byte 0x00, 0x00, 0x00, 0x00, 0x01, 0x00, 0x00, 0x00
.globl _sym_00bdebe0
_sym_00bdebe0:
.byte 0xff, 0xff, 0xff, 0xff
.long _sym_00ab8850
.globl _sym_00bdebe8
_sym_00bdebe8:
.byte 0x22, 0x05, 0x93, 0x19, 0x01, 0x00, 0x00, 0x00
.long _sym_00bdebe0
.byte 0x00, 0x00, 0x00, 0x00, 0x00, 0x00, 0x00, 0x00, 0x00, 0x00, 0x00, 0x00, 0x00, 0x00, 0x00, 0x00
.byte 0x00, 0x00, 0x00, 0x00, 0x01, 0x00, 0x00, 0x00
.globl _sym_00bdec0c
_sym_00bdec0c:
.byte 0xff, 0xff, 0xff, 0xff
.long _sym_00ab8880
.globl _sym_00bdec14
_sym_00bdec14:
.byte 0x22, 0x05, 0x93, 0x19, 0x01, 0x00, 0x00, 0x00
.long _sym_00bdec0c
.byte 0x00, 0x00, 0x00, 0x00, 0x00, 0x00, 0x00, 0x00, 0x00, 0x00, 0x00, 0x00, 0x00, 0x00, 0x00, 0x00
.byte 0x00, 0x00, 0x00, 0x00, 0x01, 0x00, 0x00, 0x00
.globl _sym_00bdec38
_sym_00bdec38:
.byte 0x22, 0x05, 0x93, 0x19, 0x05, 0x00, 0x00, 0x00
.long _sym_00bdec5c
.byte 0x00, 0x00, 0x00, 0x00, 0x00, 0x00, 0x00, 0x00, 0x00, 0x00, 0x00, 0x00, 0x00, 0x00, 0x00, 0x00
.byte 0x00, 0x00, 0x00, 0x00, 0x01, 0x00, 0x00, 0x00
.globl _sym_00bdec5c
_sym_00bdec5c:
.byte 0xff, 0xff, 0xff, 0xff
.long _sym_00ab8910
.byte 0xff, 0xff, 0xff, 0xff
.long _sym_00ab891e
.byte 0xff, 0xff, 0xff, 0xff
.long _sym_00ab892c
.byte 0xff, 0xff, 0xff, 0xff
.long _sym_00ab893a
.byte 0xff, 0xff, 0xff, 0xff
.long _sym_00ab8948
.globl _sym_00bdec84
_sym_00bdec84:
.byte 0xff, 0xff, 0xff, 0xff
.long _sym_00ab88b0
.globl _sym_00bdec8c
_sym_00bdec8c:
.byte 0x22, 0x05, 0x93, 0x19, 0x01, 0x00, 0x00, 0x00
.long _sym_00bdec84
.byte 0x00, 0x00, 0x00, 0x00, 0x00, 0x00, 0x00, 0x00, 0x00, 0x00, 0x00, 0x00, 0x00, 0x00, 0x00, 0x00
.byte 0x00, 0x00, 0x00, 0x00, 0x01, 0x00, 0x00, 0x00
.globl _sym_00bdecb0
_sym_00bdecb0:
.byte 0xff, 0xff, 0xff, 0xff
.long _sym_00ab88e0
.globl _sym_00bdecb8
_sym_00bdecb8:
.byte 0x22, 0x05, 0x93, 0x19, 0x01, 0x00, 0x00, 0x00
.long _sym_00bdecb0
.byte 0x00, 0x00, 0x00, 0x00, 0x00, 0x00, 0x00, 0x00, 0x00, 0x00, 0x00, 0x00, 0x00, 0x00, 0x00, 0x00
.byte 0x00, 0x00, 0x00, 0x00, 0x01, 0x00, 0x00, 0x00
.globl _sym_00bdecdc
_sym_00bdecdc:
.byte 0xff, 0xff, 0xff, 0xff
.long _sym_00ab89e0
.byte 0xff, 0xff, 0xff, 0xff
.long _sym_00ab89ee
.byte 0xff, 0xff, 0xff, 0xff
.long _sym_00ab89fc
.globl _sym_00bdecf4
_sym_00bdecf4:
.byte 0x22, 0x05, 0x93, 0x19, 0x03, 0x00, 0x00, 0x00
.long _sym_00bdecdc
.byte 0x00, 0x00, 0x00, 0x00, 0x00, 0x00, 0x00, 0x00, 0x00, 0x00, 0x00, 0x00, 0x00, 0x00, 0x00, 0x00
.byte 0x00, 0x00, 0x00, 0x00, 0x01, 0x00, 0x00, 0x00
.globl _sym_00bded18
_sym_00bded18:
.byte 0xff, 0xff, 0xff, 0xff
.long _sym_00ab8980
.globl _sym_00bded20
_sym_00bded20:
.byte 0x22, 0x05, 0x93, 0x19, 0x01, 0x00, 0x00, 0x00
.long _sym_00bded18
.byte 0x00, 0x00, 0x00, 0x00, 0x00, 0x00, 0x00, 0x00, 0x00, 0x00, 0x00, 0x00, 0x00, 0x00, 0x00, 0x00
.byte 0x00, 0x00, 0x00, 0x00, 0x01, 0x00, 0x00, 0x00
.globl _sym_00bded44
_sym_00bded44:
.byte 0xff, 0xff, 0xff, 0xff
.long _sym_00ab89b0
.globl _sym_00bded4c
_sym_00bded4c:
.byte 0x22, 0x05, 0x93, 0x19, 0x01, 0x00, 0x00, 0x00
.long _sym_00bded44
.byte 0x00, 0x00, 0x00, 0x00, 0x00, 0x00, 0x00, 0x00, 0x00, 0x00, 0x00, 0x00, 0x00, 0x00, 0x00, 0x00
.byte 0x00, 0x00, 0x00, 0x00, 0x01, 0x00, 0x00, 0x00
.globl _sym_00bded70
_sym_00bded70:
.byte 0xff, 0xff, 0xff, 0xff
.long _sym_00ab8b50
.byte 0xff, 0xff, 0xff, 0xff
.long _sym_00ab8b5e
.byte 0xff, 0xff, 0xff, 0xff
.long _sym_00ab8b6c
.globl _sym_00bded88
_sym_00bded88:
.byte 0x22, 0x05, 0x93, 0x19, 0x03, 0x00, 0x00, 0x00
.long _sym_00bded70
.byte 0x00, 0x00, 0x00, 0x00, 0x00, 0x00, 0x00, 0x00, 0x00, 0x00, 0x00, 0x00, 0x00, 0x00, 0x00, 0x00
.byte 0x00, 0x00, 0x00, 0x00, 0x01, 0x00, 0x00, 0x00
.globl _sym_00bdedac
_sym_00bdedac:
.byte 0xff, 0xff, 0xff, 0xff
.long _sym_00ab8a60
.globl _sym_00bdedb4
_sym_00bdedb4:
.byte 0x22, 0x05, 0x93, 0x19, 0x01, 0x00, 0x00, 0x00
.long _sym_00bdedac
.byte 0x00, 0x00, 0x00, 0x00, 0x00, 0x00, 0x00, 0x00, 0x00, 0x00, 0x00, 0x00, 0x00, 0x00, 0x00, 0x00
.byte 0x00, 0x00, 0x00, 0x00, 0x01, 0x00, 0x00, 0x00
.globl _sym_00bdedd8
_sym_00bdedd8:
.byte 0xff, 0xff, 0xff, 0xff
.long _sym_00ab8bd0
.globl _sym_00bdede0
_sym_00bdede0:
.byte 0x22, 0x05, 0x93, 0x19, 0x01, 0x00, 0x00, 0x00
.long _sym_00bdedd8
.byte 0x00, 0x00, 0x00, 0x00, 0x00, 0x00, 0x00, 0x00, 0x00, 0x00, 0x00, 0x00, 0x00, 0x00, 0x00, 0x00
.byte 0x00, 0x00, 0x00, 0x00, 0x01, 0x00, 0x00, 0x00
.globl _sym_00bdee04
_sym_00bdee04:
.byte 0xff, 0xff, 0xff, 0xff
.long _sym_00ab8a30
.globl _sym_00bdee0c
_sym_00bdee0c:
.byte 0x22, 0x05, 0x93, 0x19, 0x01, 0x00, 0x00, 0x00
.long _sym_00bdee04
.byte 0x00, 0x00, 0x00, 0x00, 0x00, 0x00, 0x00, 0x00, 0x00, 0x00, 0x00, 0x00, 0x00, 0x00, 0x00, 0x00
.byte 0x00, 0x00, 0x00, 0x00, 0x01, 0x00, 0x00, 0x00
.globl _sym_00bdee30
_sym_00bdee30:
.byte 0xff, 0xff, 0xff, 0xff
.long _sym_00ab8ba0
.globl _sym_00bdee38
_sym_00bdee38:
.byte 0x22, 0x05, 0x93, 0x19, 0x01, 0x00, 0x00, 0x00
.long _sym_00bdee30
.byte 0x00, 0x00, 0x00, 0x00, 0x00, 0x00, 0x00, 0x00, 0x00, 0x00, 0x00, 0x00, 0x00, 0x00, 0x00, 0x00
.byte 0x00, 0x00, 0x00, 0x00, 0x01, 0x00, 0x00, 0x00
.globl _sym_00bdee5c
_sym_00bdee5c:
.byte 0xff, 0xff, 0xff, 0xff
.long _sym_00ab8a90
.globl _sym_00bdee64
_sym_00bdee64:
.byte 0x22, 0x05, 0x93, 0x19, 0x01, 0x00, 0x00, 0x00
.long _sym_00bdee5c
.byte 0x00, 0x00, 0x00, 0x00, 0x00, 0x00, 0x00, 0x00, 0x00, 0x00, 0x00, 0x00, 0x00, 0x00, 0x00, 0x00
.byte 0x00, 0x00, 0x00, 0x00, 0x01, 0x00, 0x00, 0x00
.globl _sym_00bdee88
_sym_00bdee88:
.byte 0xff, 0xff, 0xff, 0xff
.long _sym_00ab8ac0
.globl _sym_00bdee90
_sym_00bdee90:
.byte 0x22, 0x05, 0x93, 0x19, 0x01, 0x00, 0x00, 0x00
.long _sym_00bdee88
.byte 0x00, 0x00, 0x00, 0x00, 0x00, 0x00, 0x00, 0x00, 0x00, 0x00, 0x00, 0x00, 0x00, 0x00, 0x00, 0x00
.byte 0x00, 0x00, 0x00, 0x00, 0x01, 0x00, 0x00, 0x00
.globl _sym_00bdeeb4
_sym_00bdeeb4:
.byte 0xff, 0xff, 0xff, 0xff
.long _sym_00ab8b20
.globl _sym_00bdeebc
_sym_00bdeebc:
.byte 0x22, 0x05, 0x93, 0x19, 0x01, 0x00, 0x00, 0x00
.long _sym_00bdeeb4
.byte 0x00, 0x00, 0x00, 0x00, 0x00, 0x00, 0x00, 0x00, 0x00, 0x00, 0x00, 0x00, 0x00, 0x00, 0x00, 0x00
.byte 0x00, 0x00, 0x00, 0x00, 0x01, 0x00, 0x00, 0x00
.globl _sym_00bdeee0
_sym_00bdeee0:
.byte 0xff, 0xff, 0xff, 0xff
.long _sym_00ab8af0
.globl _sym_00bdeee8
_sym_00bdeee8:
.byte 0x22, 0x05, 0x93, 0x19, 0x01, 0x00, 0x00, 0x00
.long _sym_00bdeee0
.byte 0x00, 0x00, 0x00, 0x00, 0x00, 0x00, 0x00, 0x00, 0x00, 0x00, 0x00, 0x00, 0x00, 0x00, 0x00, 0x00
.byte 0x00, 0x00, 0x00, 0x00, 0x01, 0x00, 0x00, 0x00
.globl _sym_00bdef0c
_sym_00bdef0c:
.byte 0xff, 0xff, 0xff, 0xff
.long _sym_00ab8c30
.globl _sym_00bdef14
_sym_00bdef14:
.byte 0x22, 0x05, 0x93, 0x19, 0x01, 0x00, 0x00, 0x00
.long _sym_00bdef0c
.byte 0x00, 0x00, 0x00, 0x00, 0x00, 0x00, 0x00, 0x00, 0x00, 0x00, 0x00, 0x00, 0x00, 0x00, 0x00, 0x00
.byte 0x00, 0x00, 0x00, 0x00, 0x01, 0x00, 0x00, 0x00
.globl _sym_00bdef38
_sym_00bdef38:
.byte 0xff, 0xff, 0xff, 0xff
.long _sym_00ab8d50
.globl _sym_00bdef40
_sym_00bdef40:
.byte 0x22, 0x05, 0x93, 0x19, 0x01, 0x00, 0x00, 0x00
.long _sym_00bdef38
.byte 0x00, 0x00, 0x00, 0x00, 0x00, 0x00, 0x00, 0x00, 0x00, 0x00, 0x00, 0x00, 0x00, 0x00, 0x00, 0x00
.byte 0x00, 0x00, 0x00, 0x00, 0x01, 0x00, 0x00, 0x00
.globl _sym_00bdef64
_sym_00bdef64:
.byte 0xff, 0xff, 0xff, 0xff
.long _sym_00ab8c00
.globl _sym_00bdef6c
_sym_00bdef6c:
.byte 0x22, 0x05, 0x93, 0x19, 0x01, 0x00, 0x00, 0x00
.long _sym_00bdef64
.byte 0x00, 0x00, 0x00, 0x00, 0x00, 0x00, 0x00, 0x00, 0x00, 0x00, 0x00, 0x00, 0x00, 0x00, 0x00, 0x00
.byte 0x00, 0x00, 0x00, 0x00, 0x01, 0x00, 0x00, 0x00
.globl _sym_00bdef90
_sym_00bdef90:
.byte 0xff, 0xff, 0xff, 0xff
.long _sym_00ab8d20
.globl _sym_00bdef98
_sym_00bdef98:
.byte 0x22, 0x05, 0x93, 0x19, 0x01, 0x00, 0x00, 0x00
.long _sym_00bdef90
.byte 0x00, 0x00, 0x00, 0x00, 0x00, 0x00, 0x00, 0x00, 0x00, 0x00, 0x00, 0x00, 0x00, 0x00, 0x00, 0x00
.byte 0x00, 0x00, 0x00, 0x00, 0x01, 0x00, 0x00, 0x00
.globl _sym_00bdefbc
_sym_00bdefbc:
.byte 0xff, 0xff, 0xff, 0xff
.long _sym_00ab8c60
.globl _sym_00bdefc4
_sym_00bdefc4:
.byte 0x22, 0x05, 0x93, 0x19, 0x01, 0x00, 0x00, 0x00
.long _sym_00bdefbc
.byte 0x00, 0x00, 0x00, 0x00, 0x00, 0x00, 0x00, 0x00, 0x00, 0x00, 0x00, 0x00, 0x00, 0x00, 0x00, 0x00
.byte 0x00, 0x00, 0x00, 0x00, 0x01, 0x00, 0x00, 0x00
.globl _sym_00bdefe8
_sym_00bdefe8:
.byte 0xff, 0xff, 0xff, 0xff
.long _sym_00ab8c90
.globl _sym_00bdeff0
_sym_00bdeff0:
.byte 0x22, 0x05, 0x93, 0x19, 0x01, 0x00, 0x00, 0x00
.long _sym_00bdefe8
.byte 0x00, 0x00, 0x00, 0x00, 0x00, 0x00, 0x00, 0x00, 0x00, 0x00, 0x00, 0x00, 0x00, 0x00, 0x00, 0x00
.byte 0x00, 0x00, 0x00, 0x00, 0x01, 0x00, 0x00, 0x00
.globl _sym_00bdf014
_sym_00bdf014:
.byte 0xff, 0xff, 0xff, 0xff
.long _sym_00ab8cf0
.globl _sym_00bdf01c
_sym_00bdf01c:
.byte 0x22, 0x05, 0x93, 0x19, 0x01, 0x00, 0x00, 0x00
.long _sym_00bdf014
.byte 0x00, 0x00, 0x00, 0x00, 0x00, 0x00, 0x00, 0x00, 0x00, 0x00, 0x00, 0x00, 0x00, 0x00, 0x00, 0x00
.byte 0x00, 0x00, 0x00, 0x00, 0x01, 0x00, 0x00, 0x00
.globl _sym_00bdf040
_sym_00bdf040:
.byte 0xff, 0xff, 0xff, 0xff
.long _sym_00ab8cc0
.globl _sym_00bdf048
_sym_00bdf048:
.byte 0x22, 0x05, 0x93, 0x19, 0x01, 0x00, 0x00, 0x00
.long _sym_00bdf040
.byte 0x00, 0x00, 0x00, 0x00, 0x00, 0x00, 0x00, 0x00, 0x00, 0x00, 0x00, 0x00, 0x00, 0x00, 0x00, 0x00
.byte 0x00, 0x00, 0x00, 0x00, 0x01, 0x00, 0x00, 0x00
.globl _sym_00bdf06c
_sym_00bdf06c:
.byte 0x22, 0x05, 0x93, 0x19, 0x13, 0x00, 0x00, 0x00
.long _sym_00bdf090
.byte 0x00, 0x00, 0x00, 0x00, 0x00, 0x00, 0x00, 0x00, 0x00, 0x00, 0x00, 0x00, 0x00, 0x00, 0x00, 0x00
.byte 0x00, 0x00, 0x00, 0x00, 0x01, 0x00, 0x00, 0x00
.globl _sym_00bdf090
_sym_00bdf090:
.byte 0xff, 0xff, 0xff, 0xff
.long _sym_00ab8de0
.byte 0xff, 0xff, 0xff, 0xff
.long _sym_00ab8dee
.byte 0xff, 0xff, 0xff, 0xff
.long _sym_00ab8dfc
.byte 0xff, 0xff, 0xff, 0xff
.long _sym_00ab8e0a
.byte 0xff, 0xff, 0xff, 0xff
.long _sym_00ab8e18
.byte 0xff, 0xff, 0xff, 0xff
.long _sym_00ab8e26
.byte 0xff, 0xff, 0xff, 0xff
.long _sym_00ab8e34
.byte 0xff, 0xff, 0xff, 0xff
.long _sym_00ab8e42
.byte 0xff, 0xff, 0xff, 0xff
.long _sym_00ab8e52
.byte 0xff, 0xff, 0xff, 0xff
.long _sym_00ab8e62
.byte 0xff, 0xff, 0xff, 0xff
.long _sym_00ab8e72
.byte 0xff, 0xff, 0xff, 0xff
.long _sym_00ab8e82
.byte 0xff, 0xff, 0xff, 0xff
.long _sym_00ab8e92
.byte 0xff, 0xff, 0xff, 0xff
.long _sym_00ab8ea2
.byte 0xff, 0xff, 0xff, 0xff
.long _sym_00ab8eb2
.byte 0xff, 0xff, 0xff, 0xff
.long _sym_00ab8ec2
.byte 0xff, 0xff, 0xff, 0xff
.long _sym_00ab8ed2
.byte 0xff, 0xff, 0xff, 0xff
.long _sym_00ab8ee2
.byte 0xff, 0xff, 0xff, 0xff
.long _sym_00ab8ef2
.globl _sym_00bdf128
_sym_00bdf128:
.byte 0xff, 0xff, 0xff, 0xff
.long _sym_00ab8d80
.globl _sym_00bdf130
_sym_00bdf130:
.byte 0x22, 0x05, 0x93, 0x19, 0x01, 0x00, 0x00, 0x00
.long _sym_00bdf128
.byte 0x00, 0x00, 0x00, 0x00, 0x00, 0x00, 0x00, 0x00, 0x00, 0x00, 0x00, 0x00, 0x00, 0x00, 0x00, 0x00
.byte 0x00, 0x00, 0x00, 0x00, 0x01, 0x00, 0x00, 0x00
.globl _sym_00bdf154
_sym_00bdf154:
.byte 0xff, 0xff, 0xff, 0xff
.long _sym_00ab8db0
.globl _sym_00bdf15c
_sym_00bdf15c:
.byte 0x22, 0x05, 0x93, 0x19, 0x01, 0x00, 0x00, 0x00
.long _sym_00bdf154
.byte 0x00, 0x00, 0x00, 0x00, 0x00, 0x00, 0x00, 0x00, 0x00, 0x00, 0x00, 0x00, 0x00, 0x00, 0x00, 0x00
.byte 0x00, 0x00, 0x00, 0x00, 0x01, 0x00, 0x00, 0x00
.globl _sym_00bdf180
_sym_00bdf180:
.byte 0xff, 0xff, 0xff, 0xff
.long _sym_00ab8f50
.globl _sym_00bdf188
_sym_00bdf188:
.byte 0x22, 0x05, 0x93, 0x19, 0x01, 0x00, 0x00, 0x00
.long _sym_00bdf180
.byte 0x00, 0x00, 0x00, 0x00, 0x00, 0x00, 0x00, 0x00, 0x00, 0x00, 0x00, 0x00, 0x00, 0x00, 0x00, 0x00
.byte 0x00, 0x00, 0x00, 0x00, 0x01, 0x00, 0x00, 0x00
.globl _sym_00bdf1ac
_sym_00bdf1ac:
.byte 0xff, 0xff, 0xff, 0xff
.long _sym_00ab8f80
.globl _sym_00bdf1b4
_sym_00bdf1b4:
.byte 0x22, 0x05, 0x93, 0x19, 0x01, 0x00, 0x00, 0x00
.long _sym_00bdf1ac
.byte 0x00, 0x00, 0x00, 0x00, 0x00, 0x00, 0x00, 0x00, 0x00, 0x00, 0x00, 0x00, 0x00, 0x00, 0x00, 0x00
.byte 0x00, 0x00, 0x00, 0x00, 0x01, 0x00, 0x00, 0x00
.globl _sym_00bdf1d8
_sym_00bdf1d8:
.byte 0xff, 0xff, 0xff, 0xff
.long _sym_00ab8f20
.globl _sym_00bdf1e0
_sym_00bdf1e0:
.byte 0x22, 0x05, 0x93, 0x19, 0x01, 0x00, 0x00, 0x00
.long _sym_00bdf1d8
.byte 0x00, 0x00, 0x00, 0x00, 0x00, 0x00, 0x00, 0x00, 0x00, 0x00, 0x00, 0x00, 0x00, 0x00, 0x00, 0x00
.byte 0x00, 0x00, 0x00, 0x00, 0x01, 0x00, 0x00, 0x00
.globl _sym_00bdf204
_sym_00bdf204:
.byte 0xff, 0xff, 0xff, 0xff
.long _sym_00ab8fb0
.globl _sym_00bdf20c
_sym_00bdf20c:
.byte 0x22, 0x05, 0x93, 0x19, 0x01, 0x00, 0x00, 0x00
.long _sym_00bdf204
.byte 0x00, 0x00, 0x00, 0x00, 0x00, 0x00, 0x00, 0x00, 0x00, 0x00, 0x00, 0x00, 0x00, 0x00, 0x00, 0x00
.byte 0x00, 0x00, 0x00, 0x00, 0x01, 0x00, 0x00, 0x00
.globl _sym_00bdf230
_sym_00bdf230:
.byte 0xff, 0xff, 0xff, 0xff
.long _sym_00ab90a0
.byte 0xff, 0xff, 0xff, 0xff
.long _sym_00ab90ae
.byte 0xff, 0xff, 0xff, 0xff
.long _sym_00ab90bc
.byte 0xff, 0xff, 0xff, 0xff
.long _sym_00ab90ca
.globl _sym_00bdf250
_sym_00bdf250:
.byte 0x22, 0x05, 0x93, 0x19, 0x04, 0x00, 0x00, 0x00
.long _sym_00bdf230
.byte 0x00, 0x00, 0x00, 0x00, 0x00, 0x00, 0x00, 0x00, 0x00, 0x00, 0x00, 0x00, 0x00, 0x00, 0x00, 0x00
.byte 0x00, 0x00, 0x00, 0x00, 0x01, 0x00, 0x00, 0x00
.globl _sym_00bdf274
_sym_00bdf274:
.byte 0xff, 0xff, 0xff, 0xff
.long _sym_00ab9010
.globl _sym_00bdf27c
_sym_00bdf27c:
.byte 0x22, 0x05, 0x93, 0x19, 0x01, 0x00, 0x00, 0x00
.long _sym_00bdf274
.byte 0x00, 0x00, 0x00, 0x00, 0x00, 0x00, 0x00, 0x00, 0x00, 0x00, 0x00, 0x00, 0x00, 0x00, 0x00, 0x00
.byte 0x00, 0x00, 0x00, 0x00, 0x01, 0x00, 0x00, 0x00
.globl _sym_00bdf2a0
_sym_00bdf2a0:
.byte 0xff, 0xff, 0xff, 0xff
.long _sym_00ab8fe0
.globl _sym_00bdf2a8
_sym_00bdf2a8:
.byte 0x22, 0x05, 0x93, 0x19, 0x01, 0x00, 0x00, 0x00
.long _sym_00bdf2a0
.byte 0x00, 0x00, 0x00, 0x00, 0x00, 0x00, 0x00, 0x00, 0x00, 0x00, 0x00, 0x00, 0x00, 0x00, 0x00, 0x00
.byte 0x00, 0x00, 0x00, 0x00, 0x01, 0x00, 0x00, 0x00
.globl _sym_00bdf2cc
_sym_00bdf2cc:
.byte 0xff, 0xff, 0xff, 0xff
.long _sym_00ab9070
.globl _sym_00bdf2d4
_sym_00bdf2d4:
.byte 0x22, 0x05, 0x93, 0x19, 0x01, 0x00, 0x00, 0x00
.long _sym_00bdf2cc
.byte 0x00, 0x00, 0x00, 0x00, 0x00, 0x00, 0x00, 0x00, 0x00, 0x00, 0x00, 0x00, 0x00, 0x00, 0x00, 0x00
.byte 0x00, 0x00, 0x00, 0x00, 0x01, 0x00, 0x00, 0x00
.globl _sym_00bdf2f8
_sym_00bdf2f8:
.byte 0xff, 0xff, 0xff, 0xff
.long _sym_00ab9040
.globl _sym_00bdf300
_sym_00bdf300:
.byte 0x22, 0x05, 0x93, 0x19, 0x01, 0x00, 0x00, 0x00
.long _sym_00bdf2f8
.byte 0x00, 0x00, 0x00, 0x00, 0x00, 0x00, 0x00, 0x00, 0x00, 0x00, 0x00, 0x00, 0x00, 0x00, 0x00, 0x00
.byte 0x00, 0x00, 0x00, 0x00, 0x01, 0x00, 0x00, 0x00
.globl _sym_00bdf324
_sym_00bdf324:
.byte 0xff, 0xff, 0xff, 0xff
.long _sym_00ab9330
.byte 0xff, 0xff, 0xff, 0xff
.long _sym_00ab933e
.byte 0xff, 0xff, 0xff, 0xff
.long _sym_00ab934c
.byte 0xff, 0xff, 0xff, 0xff
.long _sym_00ab935a
.globl _sym_00bdf344
_sym_00bdf344:
.byte 0x22, 0x05, 0x93, 0x19, 0x04, 0x00, 0x00, 0x00
.long _sym_00bdf324
.byte 0x00, 0x00, 0x00, 0x00, 0x00, 0x00, 0x00, 0x00, 0x00, 0x00, 0x00, 0x00, 0x00, 0x00, 0x00, 0x00
.byte 0x00, 0x00, 0x00, 0x00, 0x01, 0x00, 0x00, 0x00
.globl _sym_00bdf368
_sym_00bdf368:
.byte 0xff, 0xff, 0xff, 0xff
.long _sym_00ab93f0
.byte 0xff, 0xff, 0xff, 0xff, 0x00, 0x00, 0x00, 0x00, 0xff, 0xff, 0xff, 0xff, 0x00, 0x00, 0x00, 0x00
.byte 0xff, 0xff, 0xff, 0xff, 0x00, 0x00, 0x00, 0x00
.globl _sym_00bdf388
_sym_00bdf388:
.byte 0x22, 0x05, 0x93, 0x19, 0x04, 0x00, 0x00, 0x00
.long _sym_00bdf368
.byte 0x00, 0x00, 0x00, 0x00, 0x00, 0x00, 0x00, 0x00, 0x00, 0x00, 0x00, 0x00, 0x00, 0x00, 0x00, 0x00
.byte 0x00, 0x00, 0x00, 0x00, 0x01, 0x00, 0x00, 0x00
.globl _sym_00bdf3ac
_sym_00bdf3ac:
.byte 0x22, 0x05, 0x93, 0x19, 0x06, 0x00, 0x00, 0x00
.long _sym_00bdf3d0
.byte 0x00, 0x00, 0x00, 0x00, 0x00, 0x00, 0x00, 0x00, 0x00, 0x00, 0x00, 0x00, 0x00, 0x00, 0x00, 0x00
.byte 0x00, 0x00, 0x00, 0x00, 0x01, 0x00, 0x00, 0x00
.globl _sym_00bdf3d0
_sym_00bdf3d0:
.byte 0xff, 0xff, 0xff, 0xff
.long _sym_00ab92e0
.byte 0x00, 0x00, 0x00, 0x00
.long _sym_00ab92ee
.byte 0x00, 0x00, 0x00, 0x00, 0x00, 0x00, 0x00, 0x00, 0x00, 0x00, 0x00, 0x00, 0x00, 0x00, 0x00, 0x00
.byte 0x00, 0x00, 0x00, 0x00, 0x00, 0x00, 0x00, 0x00, 0xff, 0xff, 0xff, 0xff
.long _sym_00ab92fc
.globl _sym_00bdf400
_sym_00bdf400:
.byte 0xff, 0xff, 0xff, 0xff
.long _sym_00ab9280
.globl _sym_00bdf408
_sym_00bdf408:
.byte 0x22, 0x05, 0x93, 0x19, 0x01, 0x00, 0x00, 0x00
.long _sym_00bdf400
.byte 0x00, 0x00, 0x00, 0x00, 0x00, 0x00, 0x00, 0x00, 0x00, 0x00, 0x00, 0x00, 0x00, 0x00, 0x00, 0x00
.byte 0x00, 0x00, 0x00, 0x00, 0x01, 0x00, 0x00, 0x00
.globl _sym_00bdf42c
_sym_00bdf42c:
.byte 0xff, 0xff, 0xff, 0xff
.long _sym_00ab92b0
.globl _sym_00bdf434
_sym_00bdf434:
.byte 0x22, 0x05, 0x93, 0x19, 0x01, 0x00, 0x00, 0x00
.long _sym_00bdf42c
.byte 0x00, 0x00, 0x00, 0x00, 0x00, 0x00, 0x00, 0x00, 0x00, 0x00, 0x00, 0x00, 0x00, 0x00, 0x00, 0x00
.byte 0x00, 0x00, 0x00, 0x00, 0x01, 0x00, 0x00, 0x00
.globl _sym_00bdf458
_sym_00bdf458:
.byte 0xff, 0xff, 0xff, 0xff
.long _sym_00ab91c0
.byte 0xff, 0xff, 0xff, 0xff, 0x00, 0x00, 0x00, 0x00, 0xff, 0xff, 0xff, 0xff, 0x00, 0x00, 0x00, 0x00
.byte 0xff, 0xff, 0xff, 0xff, 0x00, 0x00, 0x00, 0x00
.globl _sym_00bdf478
_sym_00bdf478:
.byte 0x22, 0x05, 0x93, 0x19, 0x04, 0x00, 0x00, 0x00
.long _sym_00bdf458
.byte 0x00, 0x00, 0x00, 0x00, 0x00, 0x00, 0x00, 0x00, 0x00, 0x00, 0x00, 0x00, 0x00, 0x00, 0x00, 0x00
.byte 0x00, 0x00, 0x00, 0x00, 0x01, 0x00, 0x00, 0x00
.globl _sym_00bdf49c
_sym_00bdf49c:
.byte 0xff, 0xff, 0xff, 0xff
.long _sym_00ab9250
.globl _sym_00bdf4a4
_sym_00bdf4a4:
.byte 0x22, 0x05, 0x93, 0x19, 0x01, 0x00, 0x00, 0x00
.long _sym_00bdf49c
.byte 0x00, 0x00, 0x00, 0x00, 0x00, 0x00, 0x00, 0x00, 0x00, 0x00, 0x00, 0x00, 0x00, 0x00, 0x00, 0x00
.byte 0x00, 0x00, 0x00, 0x00, 0x01, 0x00, 0x00, 0x00
.globl _sym_00bdf4c8
_sym_00bdf4c8:
.byte 0xff, 0xff, 0xff, 0xff
.long _sym_00ab9160
.byte 0xff, 0xff, 0xff, 0xff, 0x00, 0x00, 0x00, 0x00, 0xff, 0xff, 0xff, 0xff, 0x00, 0x00, 0x00, 0x00
.byte 0xff, 0xff, 0xff, 0xff, 0x00, 0x00, 0x00, 0x00
.globl _sym_00bdf4e8
_sym_00bdf4e8:
.byte 0x22, 0x05, 0x93, 0x19, 0x04, 0x00, 0x00, 0x00
.long _sym_00bdf4c8
.byte 0x00, 0x00, 0x00, 0x00, 0x00, 0x00, 0x00, 0x00, 0x00, 0x00, 0x00, 0x00, 0x00, 0x00, 0x00, 0x00
.byte 0x00, 0x00, 0x00, 0x00, 0x01, 0x00, 0x00, 0x00
.globl _sym_00bdf50c
_sym_00bdf50c:
.byte 0xff, 0xff, 0xff, 0xff
.long _sym_00ab91f0
.byte 0xff, 0xff, 0xff, 0xff, 0x00, 0x00, 0x00, 0x00, 0xff, 0xff, 0xff, 0xff, 0x00, 0x00, 0x00, 0x00
.byte 0xff, 0xff, 0xff, 0xff, 0x00, 0x00, 0x00, 0x00
.globl _sym_00bdf52c
_sym_00bdf52c:
.byte 0x22, 0x05, 0x93, 0x19, 0x04, 0x00, 0x00, 0x00
.long _sym_00bdf50c
.byte 0x00, 0x00, 0x00, 0x00, 0x00, 0x00, 0x00, 0x00, 0x00, 0x00, 0x00, 0x00, 0x00, 0x00, 0x00, 0x00
.byte 0x00, 0x00, 0x00, 0x00, 0x01, 0x00, 0x00, 0x00
.globl _sym_00bdf550
_sym_00bdf550:
.byte 0xff, 0xff, 0xff, 0xff
.long _sym_00ab9220
.byte 0xff, 0xff, 0xff, 0xff, 0x00, 0x00, 0x00, 0x00, 0xff, 0xff, 0xff, 0xff, 0x00, 0x00, 0x00, 0x00
.byte 0xff, 0xff, 0xff, 0xff, 0x00, 0x00, 0x00, 0x00
.globl _sym_00bdf570
_sym_00bdf570:
.byte 0x22, 0x05, 0x93, 0x19, 0x04, 0x00, 0x00, 0x00
.long _sym_00bdf550
.byte 0x00, 0x00, 0x00, 0x00, 0x00, 0x00, 0x00, 0x00, 0x00, 0x00, 0x00, 0x00, 0x00, 0x00, 0x00, 0x00
.byte 0x00, 0x00, 0x00, 0x00, 0x01, 0x00, 0x00, 0x00
.globl _sym_00bdf594
_sym_00bdf594:
.byte 0xff, 0xff, 0xff, 0xff
.long _sym_00ab9390
.byte 0xff, 0xff, 0xff, 0xff, 0x00, 0x00, 0x00, 0x00, 0xff, 0xff, 0xff, 0xff, 0x00, 0x00, 0x00, 0x00
.byte 0xff, 0xff, 0xff, 0xff, 0x00, 0x00, 0x00, 0x00
.globl _sym_00bdf5b4
_sym_00bdf5b4:
.byte 0x22, 0x05, 0x93, 0x19, 0x04, 0x00, 0x00, 0x00
.long _sym_00bdf594
.byte 0x00, 0x00, 0x00, 0x00, 0x00, 0x00, 0x00, 0x00, 0x00, 0x00, 0x00, 0x00, 0x00, 0x00, 0x00, 0x00
.byte 0x00, 0x00, 0x00, 0x00, 0x01, 0x00, 0x00, 0x00
.globl _sym_00bdf5d8
_sym_00bdf5d8:
.byte 0xff, 0xff, 0xff, 0xff
.long _sym_00ab9450
.byte 0xff, 0xff, 0xff, 0xff, 0x00, 0x00, 0x00, 0x00, 0xff, 0xff, 0xff, 0xff, 0x00, 0x00, 0x00, 0x00
.byte 0xff, 0xff, 0xff, 0xff, 0x00, 0x00, 0x00, 0x00
.globl _sym_00bdf5f8
_sym_00bdf5f8:
.byte 0x22, 0x05, 0x93, 0x19, 0x04, 0x00, 0x00, 0x00
.long _sym_00bdf5d8
.byte 0x00, 0x00, 0x00, 0x00, 0x00, 0x00, 0x00, 0x00, 0x00, 0x00, 0x00, 0x00, 0x00, 0x00, 0x00, 0x00
.byte 0x00, 0x00, 0x00, 0x00, 0x01, 0x00, 0x00, 0x00
.globl _sym_00bdf61c
_sym_00bdf61c:
.byte 0xff, 0xff, 0xff, 0xff
.long _sym_00ab9100
.byte 0xff, 0xff, 0xff, 0xff, 0x00, 0x00, 0x00, 0x00, 0xff, 0xff, 0xff, 0xff, 0x00, 0x00, 0x00, 0x00
.byte 0xff, 0xff, 0xff, 0xff, 0x00, 0x00, 0x00, 0x00
.globl _sym_00bdf63c
_sym_00bdf63c:
.byte 0x22, 0x05, 0x93, 0x19, 0x04, 0x00, 0x00, 0x00
.long _sym_00bdf61c
.byte 0x00, 0x00, 0x00, 0x00, 0x00, 0x00, 0x00, 0x00, 0x00, 0x00, 0x00, 0x00, 0x00, 0x00, 0x00, 0x00
.byte 0x00, 0x00, 0x00, 0x00, 0x01, 0x00, 0x00, 0x00
.globl _sym_00bdf660
_sym_00bdf660:
.byte 0xff, 0xff, 0xff, 0xff
.long _sym_00ab9190
.byte 0xff, 0xff, 0xff, 0xff, 0x00, 0x00, 0x00, 0x00, 0xff, 0xff, 0xff, 0xff, 0x00, 0x00, 0x00, 0x00
.byte 0xff, 0xff, 0xff, 0xff, 0x00, 0x00, 0x00, 0x00
.globl _sym_00bdf680
_sym_00bdf680:
.byte 0x22, 0x05, 0x93, 0x19, 0x04, 0x00, 0x00, 0x00
.long _sym_00bdf660
.byte 0x00, 0x00, 0x00, 0x00, 0x00, 0x00, 0x00, 0x00, 0x00, 0x00, 0x00, 0x00, 0x00, 0x00, 0x00, 0x00
.byte 0x00, 0x00, 0x00, 0x00, 0x01, 0x00, 0x00, 0x00
.globl _sym_00bdf6a4
_sym_00bdf6a4:
.byte 0xff, 0xff, 0xff, 0xff
.long _sym_00ab93c0
.byte 0xff, 0xff, 0xff, 0xff, 0x00, 0x00, 0x00, 0x00, 0xff, 0xff, 0xff, 0xff, 0x00, 0x00, 0x00, 0x00
.byte 0xff, 0xff, 0xff, 0xff, 0x00, 0x00, 0x00, 0x00
.globl _sym_00bdf6c4
_sym_00bdf6c4:
.byte 0x22, 0x05, 0x93, 0x19, 0x04, 0x00, 0x00, 0x00
.long _sym_00bdf6a4
.byte 0x00, 0x00, 0x00, 0x00, 0x00, 0x00, 0x00, 0x00, 0x00, 0x00, 0x00, 0x00, 0x00, 0x00, 0x00, 0x00
.byte 0x00, 0x00, 0x00, 0x00, 0x01, 0x00, 0x00, 0x00
.globl _sym_00bdf6e8
_sym_00bdf6e8:
.byte 0xff, 0xff, 0xff, 0xff
.long _sym_00ab94b0
.byte 0xff, 0xff, 0xff, 0xff, 0x00, 0x00, 0x00, 0x00, 0xff, 0xff, 0xff, 0xff, 0x00, 0x00, 0x00, 0x00
.byte 0xff, 0xff, 0xff, 0xff, 0x00, 0x00, 0x00, 0x00
.globl _sym_00bdf708
_sym_00bdf708:
.byte 0x22, 0x05, 0x93, 0x19, 0x04, 0x00, 0x00, 0x00
.long _sym_00bdf6e8
.byte 0x00, 0x00, 0x00, 0x00, 0x00, 0x00, 0x00, 0x00, 0x00, 0x00, 0x00, 0x00, 0x00, 0x00, 0x00, 0x00
.byte 0x00, 0x00, 0x00, 0x00, 0x01, 0x00, 0x00, 0x00
.globl _sym_00bdf72c
_sym_00bdf72c:
.byte 0xff, 0xff, 0xff, 0xff
.long _sym_00ab94e0
.byte 0xff, 0xff, 0xff, 0xff, 0x00, 0x00, 0x00, 0x00, 0xff, 0xff, 0xff, 0xff, 0x00, 0x00, 0x00, 0x00
.byte 0xff, 0xff, 0xff, 0xff, 0x00, 0x00, 0x00, 0x00
.globl _sym_00bdf74c
_sym_00bdf74c:
.byte 0x22, 0x05, 0x93, 0x19, 0x04, 0x00, 0x00, 0x00
.long _sym_00bdf72c
.byte 0x00, 0x00, 0x00, 0x00, 0x00, 0x00, 0x00, 0x00, 0x00, 0x00, 0x00, 0x00, 0x00, 0x00, 0x00, 0x00
.byte 0x00, 0x00, 0x00, 0x00, 0x01, 0x00, 0x00, 0x00
.globl _sym_00bdf770
_sym_00bdf770:
.byte 0xff, 0xff, 0xff, 0xff
.long _sym_00ab9130
.byte 0xff, 0xff, 0xff, 0xff, 0x00, 0x00, 0x00, 0x00, 0xff, 0xff, 0xff, 0xff, 0x00, 0x00, 0x00, 0x00
.byte 0xff, 0xff, 0xff, 0xff, 0x00, 0x00, 0x00, 0x00
.globl _sym_00bdf790
_sym_00bdf790:
.byte 0x22, 0x05, 0x93, 0x19, 0x04, 0x00, 0x00, 0x00
.long _sym_00bdf770
.byte 0x00, 0x00, 0x00, 0x00, 0x00, 0x00, 0x00, 0x00, 0x00, 0x00, 0x00, 0x00, 0x00, 0x00, 0x00, 0x00
.byte 0x00, 0x00, 0x00, 0x00, 0x01, 0x00, 0x00, 0x00
.globl _sym_00bdf7b4
_sym_00bdf7b4:
.byte 0xff, 0xff, 0xff, 0xff
.long _sym_00ab9480
.byte 0xff, 0xff, 0xff, 0xff, 0x00, 0x00, 0x00, 0x00, 0xff, 0xff, 0xff, 0xff, 0x00, 0x00, 0x00, 0x00
.byte 0xff, 0xff, 0xff, 0xff, 0x00, 0x00, 0x00, 0x00
.globl _sym_00bdf7d4
_sym_00bdf7d4:
.byte 0x22, 0x05, 0x93, 0x19, 0x04, 0x00, 0x00, 0x00
.long _sym_00bdf7b4
.byte 0x00, 0x00, 0x00, 0x00, 0x00, 0x00, 0x00, 0x00, 0x00, 0x00, 0x00, 0x00, 0x00, 0x00, 0x00, 0x00
.byte 0x00, 0x00, 0x00, 0x00, 0x01, 0x00, 0x00, 0x00
.globl _sym_00bdf7f8
_sym_00bdf7f8:
.byte 0xff, 0xff, 0xff, 0xff
.long _sym_00ab9420
.byte 0xff, 0xff, 0xff, 0xff, 0x00, 0x00, 0x00, 0x00, 0xff, 0xff, 0xff, 0xff, 0x00, 0x00, 0x00, 0x00
.byte 0xff, 0xff, 0xff, 0xff, 0x00, 0x00, 0x00, 0x00
.globl _sym_00bdf818
_sym_00bdf818:
.byte 0x22, 0x05, 0x93, 0x19, 0x04, 0x00, 0x00, 0x00
.long _sym_00bdf7f8
.byte 0x00, 0x00, 0x00, 0x00, 0x00, 0x00, 0x00, 0x00, 0x00, 0x00, 0x00, 0x00, 0x00, 0x00, 0x00, 0x00
.byte 0x00, 0x00, 0x00, 0x00, 0x01, 0x00, 0x00, 0x00
.globl _sym_00bdf83c
_sym_00bdf83c:
.byte 0x22, 0x05, 0x93, 0x19, 0x0b, 0x00, 0x00, 0x00
.long _sym_00bdf860
.byte 0x00, 0x00, 0x00, 0x00, 0x00, 0x00, 0x00, 0x00, 0x00, 0x00, 0x00, 0x00, 0x00, 0x00, 0x00, 0x00
.byte 0x00, 0x00, 0x00, 0x00, 0x01, 0x00, 0x00, 0x00
.globl _sym_00bdf860
_sym_00bdf860:
.byte 0xff, 0xff, 0xff, 0xff
.long _sym_00ab9570
.byte 0xff, 0xff, 0xff, 0xff
.long _sym_00ab957e
.byte 0xff, 0xff, 0xff, 0xff
.long _sym_00ab958c
.byte 0xff, 0xff, 0xff, 0xff
.long _sym_00ab959a
.byte 0xff, 0xff, 0xff, 0xff
.long _sym_00ab95a8
.byte 0xff, 0xff, 0xff, 0xff
.long _sym_00ab95b6
.byte 0xff, 0xff, 0xff, 0xff
.long _sym_00ab95c4
.byte 0xff, 0xff, 0xff, 0xff
.long _sym_00ab95d2
.byte 0xff, 0xff, 0xff, 0xff
.long _sym_00ab95e2
.byte 0xff, 0xff, 0xff, 0xff
.long _sym_00ab95f2
.byte 0xff, 0xff, 0xff, 0xff
.long _sym_00ab9602
.globl _sym_00bdf8b8
_sym_00bdf8b8:
.byte 0xff, 0xff, 0xff, 0xff
.long _sym_00ab9510
.globl _sym_00bdf8c0
_sym_00bdf8c0:
.byte 0x22, 0x05, 0x93, 0x19, 0x01, 0x00, 0x00, 0x00
.long _sym_00bdf8b8
.byte 0x00, 0x00, 0x00, 0x00, 0x00, 0x00, 0x00, 0x00, 0x00, 0x00, 0x00, 0x00, 0x00, 0x00, 0x00, 0x00
.byte 0x00, 0x00, 0x00, 0x00, 0x01, 0x00, 0x00, 0x00
.globl _sym_00bdf8e4
_sym_00bdf8e4:
.byte 0xff, 0xff, 0xff, 0xff
.long _sym_00ab9660
.globl _sym_00bdf8ec
_sym_00bdf8ec:
.byte 0x22, 0x05, 0x93, 0x19, 0x01, 0x00, 0x00, 0x00
.long _sym_00bdf8e4
.byte 0x00, 0x00, 0x00, 0x00, 0x00, 0x00, 0x00, 0x00, 0x00, 0x00, 0x00, 0x00, 0x00, 0x00, 0x00, 0x00
.byte 0x00, 0x00, 0x00, 0x00, 0x01, 0x00, 0x00, 0x00
.globl _sym_00bdf910
_sym_00bdf910:
.byte 0xff, 0xff, 0xff, 0xff
.long _sym_00ab9630
.globl _sym_00bdf918
_sym_00bdf918:
.byte 0x22, 0x05, 0x93, 0x19, 0x01, 0x00, 0x00, 0x00
.long _sym_00bdf910
.byte 0x00, 0x00, 0x00, 0x00, 0x00, 0x00, 0x00, 0x00, 0x00, 0x00, 0x00, 0x00, 0x00, 0x00, 0x00, 0x00
.byte 0x00, 0x00, 0x00, 0x00, 0x01, 0x00, 0x00, 0x00
.globl _sym_00bdf93c
_sym_00bdf93c:
.byte 0xff, 0xff, 0xff, 0xff
.long _sym_00ab9540
.globl _sym_00bdf944
_sym_00bdf944:
.byte 0x22, 0x05, 0x93, 0x19, 0x01, 0x00, 0x00, 0x00
.long _sym_00bdf93c
.byte 0x00, 0x00, 0x00, 0x00, 0x00, 0x00, 0x00, 0x00, 0x00, 0x00, 0x00, 0x00, 0x00, 0x00, 0x00, 0x00
.byte 0x00, 0x00, 0x00, 0x00, 0x01, 0x00, 0x00, 0x00
.globl _sym_00bdf968
_sym_00bdf968:
.byte 0xff, 0xff, 0xff, 0xff
.long _sym_00ab96f0
.byte 0xff, 0xff, 0xff, 0xff
.long _sym_00ab96fe
.globl _sym_00bdf978
_sym_00bdf978:
.byte 0x22, 0x05, 0x93, 0x19, 0x02, 0x00, 0x00, 0x00
.long _sym_00bdf968
.byte 0x00, 0x00, 0x00, 0x00, 0x00, 0x00, 0x00, 0x00, 0x00, 0x00, 0x00, 0x00, 0x00, 0x00, 0x00, 0x00
.byte 0x00, 0x00, 0x00, 0x00, 0x01, 0x00, 0x00, 0x00
.globl _sym_00bdf99c
_sym_00bdf99c:
.byte 0xff, 0xff, 0xff, 0xff
.long _sym_00ab9690
.globl _sym_00bdf9a4
_sym_00bdf9a4:
.byte 0x22, 0x05, 0x93, 0x19, 0x01, 0x00, 0x00, 0x00
.long _sym_00bdf99c
.byte 0x00, 0x00, 0x00, 0x00, 0x00, 0x00, 0x00, 0x00, 0x00, 0x00, 0x00, 0x00, 0x00, 0x00, 0x00, 0x00
.byte 0x00, 0x00, 0x00, 0x00, 0x01, 0x00, 0x00, 0x00
.globl _sym_00bdf9c8
_sym_00bdf9c8:
.byte 0xff, 0xff, 0xff, 0xff
.long _sym_00ab9730
.globl _sym_00bdf9d0
_sym_00bdf9d0:
.byte 0x22, 0x05, 0x93, 0x19, 0x01, 0x00, 0x00, 0x00
.long _sym_00bdf9c8
.byte 0x00, 0x00, 0x00, 0x00, 0x00, 0x00, 0x00, 0x00, 0x00, 0x00, 0x00, 0x00, 0x00, 0x00, 0x00, 0x00
.byte 0x00, 0x00, 0x00, 0x00, 0x01, 0x00, 0x00, 0x00
.globl _sym_00bdf9f4
_sym_00bdf9f4:
.byte 0xff, 0xff, 0xff, 0xff
.long _sym_00ab96c0
.globl _sym_00bdf9fc
_sym_00bdf9fc:
.byte 0x22, 0x05, 0x93, 0x19, 0x01, 0x00, 0x00, 0x00
.long _sym_00bdf9f4
.byte 0x00, 0x00, 0x00, 0x00, 0x00, 0x00, 0x00, 0x00, 0x00, 0x00, 0x00, 0x00, 0x00, 0x00, 0x00, 0x00
.byte 0x00, 0x00, 0x00, 0x00, 0x01, 0x00, 0x00, 0x00
.globl _sym_00bdfa20
_sym_00bdfa20:
.byte 0x22, 0x05, 0x93, 0x19, 0x07, 0x00, 0x00, 0x00
.long _sym_00bdfa44
.byte 0x00, 0x00, 0x00, 0x00, 0x00, 0x00, 0x00, 0x00, 0x00, 0x00, 0x00, 0x00, 0x00, 0x00, 0x00, 0x00
.byte 0x00, 0x00, 0x00, 0x00, 0x01, 0x00, 0x00, 0x00
.globl _sym_00bdfa44
_sym_00bdfa44:
.byte 0xff, 0xff, 0xff, 0xff
.long _sym_00ab9880
.byte 0xff, 0xff, 0xff, 0xff
.long _sym_00ab988e
.byte 0x01, 0x00, 0x00, 0x00
.long _sym_00ab989c
.byte 0x01, 0x00, 0x00, 0x00, 0x00, 0x00, 0x00, 0x00, 0x01, 0x00, 0x00, 0x00, 0x00, 0x00, 0x00, 0x00
.byte 0x01, 0x00, 0x00, 0x00, 0x00, 0x00, 0x00, 0x00, 0xff, 0xff, 0xff, 0xff
.long _sym_00ab98aa
.globl _sym_00bdfa7c
_sym_00bdfa7c:
.byte 0xff, 0xff, 0xff, 0xff
.long _sym_00ab9910
.globl _sym_00bdfa84
_sym_00bdfa84:
.byte 0x22, 0x05, 0x93, 0x19, 0x01, 0x00, 0x00, 0x00
.long _sym_00bdfa7c
.byte 0x00, 0x00, 0x00, 0x00, 0x00, 0x00, 0x00, 0x00, 0x00, 0x00, 0x00, 0x00, 0x00, 0x00, 0x00, 0x00
.byte 0x00, 0x00, 0x00, 0x00, 0x01, 0x00, 0x00, 0x00
.globl _sym_00bdfaa8
_sym_00bdfaa8:
.byte 0xff, 0xff, 0xff, 0xff
.long _sym_00ab97c0
.globl _sym_00bdfab0
_sym_00bdfab0:
.byte 0x22, 0x05, 0x93, 0x19, 0x01, 0x00, 0x00, 0x00
.long _sym_00bdfaa8
.byte 0x00, 0x00, 0x00, 0x00, 0x00, 0x00, 0x00, 0x00, 0x00, 0x00, 0x00, 0x00, 0x00, 0x00, 0x00, 0x00
.byte 0x00, 0x00, 0x00, 0x00, 0x01, 0x00, 0x00, 0x00
.globl _sym_00bdfad4
_sym_00bdfad4:
.byte 0xff, 0xff, 0xff, 0xff
.long _sym_00ab98e0
.globl _sym_00bdfadc
_sym_00bdfadc:
.byte 0x22, 0x05, 0x93, 0x19, 0x01, 0x00, 0x00, 0x00
.long _sym_00bdfad4
.byte 0x00, 0x00, 0x00, 0x00, 0x00, 0x00, 0x00, 0x00, 0x00, 0x00, 0x00, 0x00, 0x00, 0x00, 0x00, 0x00
.byte 0x00, 0x00, 0x00, 0x00, 0x01, 0x00, 0x00, 0x00
.globl _sym_00bdfb00
_sym_00bdfb00:
.byte 0xff, 0xff, 0xff, 0xff
.long _sym_00ab97f0
.globl _sym_00bdfb08
_sym_00bdfb08:
.byte 0x22, 0x05, 0x93, 0x19, 0x01, 0x00, 0x00, 0x00
.long _sym_00bdfb00
.byte 0x00, 0x00, 0x00, 0x00, 0x00, 0x00, 0x00, 0x00, 0x00, 0x00, 0x00, 0x00, 0x00, 0x00, 0x00, 0x00
.byte 0x00, 0x00, 0x00, 0x00, 0x01, 0x00, 0x00, 0x00
.globl _sym_00bdfb2c
_sym_00bdfb2c:
.byte 0xff, 0xff, 0xff, 0xff
.long _sym_00ab9820
.globl _sym_00bdfb34
_sym_00bdfb34:
.byte 0x22, 0x05, 0x93, 0x19, 0x01, 0x00, 0x00, 0x00
.long _sym_00bdfb2c
.byte 0x00, 0x00, 0x00, 0x00, 0x00, 0x00, 0x00, 0x00, 0x00, 0x00, 0x00, 0x00, 0x00, 0x00, 0x00, 0x00
.byte 0x00, 0x00, 0x00, 0x00, 0x01, 0x00, 0x00, 0x00
.globl _sym_00bdfb58
_sym_00bdfb58:
.byte 0xff, 0xff, 0xff, 0xff
.long _sym_00ab9850
.globl _sym_00bdfb60
_sym_00bdfb60:
.byte 0x22, 0x05, 0x93, 0x19, 0x01, 0x00, 0x00, 0x00
.long _sym_00bdfb58
.byte 0x00, 0x00, 0x00, 0x00, 0x00, 0x00, 0x00, 0x00, 0x00, 0x00, 0x00, 0x00, 0x00, 0x00, 0x00, 0x00
.byte 0x00, 0x00, 0x00, 0x00, 0x01, 0x00, 0x00, 0x00
.globl _sym_00bdfb84
_sym_00bdfb84:
.byte 0xff, 0xff, 0xff, 0xff
.long _sym_00ab9760
.byte 0xff, 0xff, 0xff, 0xff, 0x00, 0x00, 0x00, 0x00, 0xff, 0xff, 0xff, 0xff, 0x00, 0x00, 0x00, 0x00
.byte 0xff, 0xff, 0xff, 0xff, 0x00, 0x00, 0x00, 0x00
.globl _sym_00bdfba4
_sym_00bdfba4:
.byte 0x22, 0x05, 0x93, 0x19, 0x04, 0x00, 0x00, 0x00
.long _sym_00bdfb84
.byte 0x00, 0x00, 0x00, 0x00, 0x00, 0x00, 0x00, 0x00, 0x00, 0x00, 0x00, 0x00, 0x00, 0x00, 0x00, 0x00
.byte 0x00, 0x00, 0x00, 0x00, 0x01, 0x00, 0x00, 0x00
.globl _sym_00bdfbc8
_sym_00bdfbc8:
.byte 0xff, 0xff, 0xff, 0xff
.long _sym_00ab9790
.byte 0xff, 0xff, 0xff, 0xff, 0x00, 0x00, 0x00, 0x00, 0xff, 0xff, 0xff, 0xff, 0x00, 0x00, 0x00, 0x00
.byte 0xff, 0xff, 0xff, 0xff, 0x00, 0x00, 0x00, 0x00
.globl _sym_00bdfbe8
_sym_00bdfbe8:
.byte 0x22, 0x05, 0x93, 0x19, 0x04, 0x00, 0x00, 0x00
.long _sym_00bdfbc8
.byte 0x00, 0x00, 0x00, 0x00, 0x00, 0x00, 0x00, 0x00, 0x00, 0x00, 0x00, 0x00, 0x00, 0x00, 0x00, 0x00
.byte 0x00, 0x00, 0x00, 0x00, 0x01, 0x00, 0x00, 0x00
.globl _sym_00bdfc0c
_sym_00bdfc0c:
.byte 0xff, 0xff, 0xff, 0xff
.long _sym_00ab99a0
.globl _sym_00bdfc14
_sym_00bdfc14:
.byte 0x22, 0x05, 0x93, 0x19, 0x01, 0x00, 0x00, 0x00
.long _sym_00bdfc0c
.byte 0x00, 0x00, 0x00, 0x00, 0x00, 0x00, 0x00, 0x00, 0x00, 0x00, 0x00, 0x00, 0x00, 0x00, 0x00, 0x00
.byte 0x00, 0x00, 0x00, 0x00, 0x01, 0x00, 0x00, 0x00
.globl _sym_00bdfc38
_sym_00bdfc38:
.byte 0xff, 0xff, 0xff, 0xff
.long _sym_00ab9940
.globl _sym_00bdfc40
_sym_00bdfc40:
.byte 0x22, 0x05, 0x93, 0x19, 0x01, 0x00, 0x00, 0x00
.long _sym_00bdfc38
.byte 0x00, 0x00, 0x00, 0x00, 0x00, 0x00, 0x00, 0x00, 0x00, 0x00, 0x00, 0x00, 0x00, 0x00, 0x00, 0x00
.byte 0x00, 0x00, 0x00, 0x00, 0x01, 0x00, 0x00, 0x00
.globl _sym_00bdfc64
_sym_00bdfc64:
.byte 0xff, 0xff, 0xff, 0xff
.long _sym_00ab99d0
.globl _sym_00bdfc6c
_sym_00bdfc6c:
.byte 0x22, 0x05, 0x93, 0x19, 0x01, 0x00, 0x00, 0x00
.long _sym_00bdfc64
.byte 0x00, 0x00, 0x00, 0x00, 0x00, 0x00, 0x00, 0x00, 0x00, 0x00, 0x00, 0x00, 0x00, 0x00, 0x00, 0x00
.byte 0x00, 0x00, 0x00, 0x00, 0x01, 0x00, 0x00, 0x00
.globl _sym_00bdfc90
_sym_00bdfc90:
.byte 0xff, 0xff, 0xff, 0xff
.long _sym_00ab9970
.globl _sym_00bdfc98
_sym_00bdfc98:
.byte 0x22, 0x05, 0x93, 0x19, 0x01, 0x00, 0x00, 0x00
.long _sym_00bdfc90
.byte 0x00, 0x00, 0x00, 0x00, 0x00, 0x00, 0x00, 0x00, 0x00, 0x00, 0x00, 0x00, 0x00, 0x00, 0x00, 0x00
.byte 0x00, 0x00, 0x00, 0x00, 0x01, 0x00, 0x00, 0x00
.globl _sym_00bdfcbc
_sym_00bdfcbc:
.byte 0xff, 0xff, 0xff, 0xff
.long _sym_00ab9b20
.byte 0xff, 0xff, 0xff, 0xff
.long _sym_00ab9b2e
.byte 0xff, 0xff, 0xff, 0xff
.long _sym_00ab9b3c
.byte 0xff, 0xff, 0xff, 0xff
.long _sym_00ab9b4a
.globl _sym_00bdfcdc
_sym_00bdfcdc:
.byte 0x22, 0x05, 0x93, 0x19, 0x04, 0x00, 0x00, 0x00
.long _sym_00bdfcbc
.byte 0x00, 0x00, 0x00, 0x00, 0x00, 0x00, 0x00, 0x00, 0x00, 0x00, 0x00, 0x00, 0x00, 0x00, 0x00, 0x00
.byte 0x00, 0x00, 0x00, 0x00, 0x01, 0x00, 0x00, 0x00
.globl _sym_00bdfd00
_sym_00bdfd00:
.byte 0xff, 0xff, 0xff, 0xff
.long _sym_00ab9a00
.globl _sym_00bdfd08
_sym_00bdfd08:
.byte 0x22, 0x05, 0x93, 0x19, 0x01, 0x00, 0x00, 0x00
.long _sym_00bdfd00
.byte 0x00, 0x00, 0x00, 0x00, 0x00, 0x00, 0x00, 0x00, 0x00, 0x00, 0x00, 0x00, 0x00, 0x00, 0x00, 0x00
.byte 0x00, 0x00, 0x00, 0x00, 0x01, 0x00, 0x00, 0x00
.globl _sym_00bdfd2c
_sym_00bdfd2c:
.byte 0xff, 0xff, 0xff, 0xff
.long _sym_00ab9c00
.globl _sym_00bdfd34
_sym_00bdfd34:
.byte 0x22, 0x05, 0x93, 0x19, 0x01, 0x00, 0x00, 0x00
.long _sym_00bdfd2c
.byte 0x00, 0x00, 0x00, 0x00, 0x00, 0x00, 0x00, 0x00, 0x00, 0x00, 0x00, 0x00, 0x00, 0x00, 0x00, 0x00
.byte 0x00, 0x00, 0x00, 0x00, 0x01, 0x00, 0x00, 0x00
.globl _sym_00bdfd58
_sym_00bdfd58:
.byte 0xff, 0xff, 0xff, 0xff
.long _sym_00ab9b80
.byte 0xff, 0xff, 0xff, 0xff
.long _sym_00ab9b8e
.globl _sym_00bdfd68
_sym_00bdfd68:
.byte 0x22, 0x05, 0x93, 0x19, 0x02, 0x00, 0x00, 0x00
.long _sym_00bdfd58
.byte 0x00, 0x00, 0x00, 0x00, 0x00, 0x00, 0x00, 0x00, 0x00, 0x00, 0x00, 0x00, 0x00, 0x00, 0x00, 0x00
.byte 0x00, 0x00, 0x00, 0x00, 0x01, 0x00, 0x00, 0x00
.globl _sym_00bdfd8c
_sym_00bdfd8c:
.byte 0xff, 0xff, 0xff, 0xff
.long _sym_00ab9a30
.globl _sym_00bdfd94
_sym_00bdfd94:
.byte 0x22, 0x05, 0x93, 0x19, 0x01, 0x00, 0x00, 0x00
.long _sym_00bdfd8c
.byte 0x00, 0x00, 0x00, 0x00, 0x00, 0x00, 0x00, 0x00, 0x00, 0x00, 0x00, 0x00, 0x00, 0x00, 0x00, 0x00
.byte 0x00, 0x00, 0x00, 0x00, 0x01, 0x00, 0x00, 0x00
.globl _sym_00bdfdb8
_sym_00bdfdb8:
.byte 0xff, 0xff, 0xff, 0xff
.long _sym_00ab9bc0
.byte 0xff, 0xff, 0xff, 0xff
.long _sym_00ab9bce
.globl _sym_00bdfdc8
_sym_00bdfdc8:
.byte 0x22, 0x05, 0x93, 0x19, 0x02, 0x00, 0x00, 0x00
.long _sym_00bdfdb8
.byte 0x00, 0x00, 0x00, 0x00, 0x00, 0x00, 0x00, 0x00, 0x00, 0x00, 0x00, 0x00, 0x00, 0x00, 0x00, 0x00
.byte 0x00, 0x00, 0x00, 0x00, 0x01, 0x00, 0x00, 0x00
.globl _sym_00bdfdec
_sym_00bdfdec:
.byte 0xff, 0xff, 0xff, 0xff
.long _sym_00ab9a60
.globl _sym_00bdfdf4
_sym_00bdfdf4:
.byte 0x22, 0x05, 0x93, 0x19, 0x01, 0x00, 0x00, 0x00
.long _sym_00bdfdec
.byte 0x00, 0x00, 0x00, 0x00, 0x00, 0x00, 0x00, 0x00, 0x00, 0x00, 0x00, 0x00, 0x00, 0x00, 0x00, 0x00
.byte 0x00, 0x00, 0x00, 0x00, 0x01, 0x00, 0x00, 0x00
.globl _sym_00bdfe18
_sym_00bdfe18:
.byte 0xff, 0xff, 0xff, 0xff
.long _sym_00ab9c30
.byte 0x00, 0x00, 0x00, 0x00
.long _sym_00ab9c3b
.byte 0x01, 0x00, 0x00, 0x00
.long _sym_00ab9c43
.globl _sym_00bdfe30
_sym_00bdfe30:
.byte 0x22, 0x05, 0x93, 0x19, 0x03, 0x00, 0x00, 0x00
.long _sym_00bdfe18
.byte 0x00, 0x00, 0x00, 0x00, 0x00, 0x00, 0x00, 0x00, 0x00, 0x00, 0x00, 0x00, 0x00, 0x00, 0x00, 0x00
.byte 0x00, 0x00, 0x00, 0x00, 0x01, 0x00, 0x00, 0x00
.globl _sym_00bdfe54
_sym_00bdfe54:
.byte 0xff, 0xff, 0xff, 0xff
.long _sym_00ab9ac0
.globl _sym_00bdfe5c
_sym_00bdfe5c:
.byte 0x22, 0x05, 0x93, 0x19, 0x01, 0x00, 0x00, 0x00
.long _sym_00bdfe54
.byte 0x00, 0x00, 0x00, 0x00, 0x00, 0x00, 0x00, 0x00, 0x00, 0x00, 0x00, 0x00, 0x00, 0x00, 0x00, 0x00
.byte 0x00, 0x00, 0x00, 0x00, 0x01, 0x00, 0x00, 0x00
.globl _sym_00bdfe80
_sym_00bdfe80:
.byte 0xff, 0xff, 0xff, 0xff
.long _sym_00ab9af0
.globl _sym_00bdfe88
_sym_00bdfe88:
.byte 0x22, 0x05, 0x93, 0x19, 0x01, 0x00, 0x00, 0x00
.long _sym_00bdfe80
.byte 0x00, 0x00, 0x00, 0x00, 0x00, 0x00, 0x00, 0x00, 0x00, 0x00, 0x00, 0x00, 0x00, 0x00, 0x00, 0x00
.byte 0x00, 0x00, 0x00, 0x00, 0x01, 0x00, 0x00, 0x00
.globl _sym_00bdfeac
_sym_00bdfeac:
.byte 0xff, 0xff, 0xff, 0xff
.long _sym_00ab9a90
.globl _sym_00bdfeb4
_sym_00bdfeb4:
.byte 0x22, 0x05, 0x93, 0x19, 0x01, 0x00, 0x00, 0x00
.long _sym_00bdfeac
.byte 0x00, 0x00, 0x00, 0x00, 0x00, 0x00, 0x00, 0x00, 0x00, 0x00, 0x00, 0x00, 0x00, 0x00, 0x00, 0x00
.byte 0x00, 0x00, 0x00, 0x00, 0x01, 0x00, 0x00, 0x00
.globl _sym_00bdfed8
_sym_00bdfed8:
.byte 0xff, 0xff, 0xff, 0xff
.long _sym_00aba180
.byte 0xff, 0xff, 0xff, 0xff
.long _sym_00aba18e
.byte 0xff, 0xff, 0xff, 0xff
.long _sym_00aba19c
.byte 0xff, 0xff, 0xff, 0xff
.long _sym_00aba1aa
.globl _sym_00bdfef8
_sym_00bdfef8:
.byte 0x22, 0x05, 0x93, 0x19, 0x04, 0x00, 0x00, 0x00
.long _sym_00bdfed8
.byte 0x00, 0x00, 0x00, 0x00, 0x00, 0x00, 0x00, 0x00, 0x00, 0x00, 0x00, 0x00, 0x00, 0x00, 0x00, 0x00
.byte 0x00, 0x00, 0x00, 0x00, 0x01, 0x00, 0x00, 0x00
.globl _sym_00bdff1c
_sym_00bdff1c:
.byte 0xff, 0xff, 0xff, 0xff
.long _sym_00aba300
.byte 0xff, 0xff, 0xff, 0xff, 0x00, 0x00, 0x00, 0x00, 0xff, 0xff, 0xff, 0xff, 0x00, 0x00, 0x00, 0x00
.byte 0xff, 0xff, 0xff, 0xff, 0x00, 0x00, 0x00, 0x00
.globl _sym_00bdff3c
_sym_00bdff3c:
.byte 0x22, 0x05, 0x93, 0x19, 0x04, 0x00, 0x00, 0x00
.long _sym_00bdff1c
.byte 0x00, 0x00, 0x00, 0x00, 0x00, 0x00, 0x00, 0x00, 0x00, 0x00, 0x00, 0x00, 0x00, 0x00, 0x00, 0x00
.byte 0x00, 0x00, 0x00, 0x00, 0x01, 0x00, 0x00, 0x00
.globl _sym_00bdff60
_sym_00bdff60:
.byte 0xff, 0xff, 0xff, 0xff
.long _sym_00aba1e0
.byte 0xff, 0xff, 0xff, 0xff
.long _sym_00aba1ee
.byte 0xff, 0xff, 0xff, 0xff
.long _sym_00aba1fc
.byte 0xff, 0xff, 0xff, 0xff
.long _sym_00aba20a
.globl _sym_00bdff80
_sym_00bdff80:
.byte 0x22, 0x05, 0x93, 0x19, 0x04, 0x00, 0x00, 0x00
.long _sym_00bdff60
.byte 0x00, 0x00, 0x00, 0x00, 0x00, 0x00, 0x00, 0x00, 0x00, 0x00, 0x00, 0x00, 0x00, 0x00, 0x00, 0x00
.byte 0x00, 0x00, 0x00, 0x00, 0x01, 0x00, 0x00, 0x00
.globl _sym_00bdffa4
_sym_00bdffa4:
.byte 0xff, 0xff, 0xff, 0xff
.long _sym_00aba330
.byte 0xff, 0xff, 0xff, 0xff, 0x00, 0x00, 0x00, 0x00, 0xff, 0xff, 0xff, 0xff, 0x00, 0x00, 0x00, 0x00
.byte 0xff, 0xff, 0xff, 0xff, 0x00, 0x00, 0x00, 0x00
.globl _sym_00bdffc4
_sym_00bdffc4:
.byte 0x22, 0x05, 0x93, 0x19, 0x04, 0x00, 0x00, 0x00
.long _sym_00bdffa4
.byte 0x00, 0x00, 0x00, 0x00, 0x00, 0x00, 0x00, 0x00, 0x00, 0x00, 0x00, 0x00, 0x00, 0x00, 0x00, 0x00
.byte 0x00, 0x00, 0x00, 0x00, 0x01, 0x00, 0x00, 0x00
.globl _sym_00bdffe8
_sym_00bdffe8:
.byte 0x22, 0x05, 0x93, 0x19, 0x18, 0x00, 0x00, 0x00
.long _sym_00be000c
.byte 0x00, 0x00, 0x00, 0x00, 0x00, 0x00, 0x00, 0x00, 0x00, 0x00, 0x00, 0x00, 0x00, 0x00, 0x00, 0x00
.byte 0x00, 0x00, 0x00, 0x00, 0x01, 0x00, 0x00, 0x00
.globl _sym_00be000c
_sym_00be000c:
.byte 0xff, 0xff, 0xff, 0xff
.long _sym_00aba050
.byte 0xff, 0xff, 0xff, 0xff
.long _sym_00aba05e
.byte 0xff, 0xff, 0xff, 0xff
.long _sym_00aba06c
.byte 0xff, 0xff, 0xff, 0xff
.long _sym_00aba07a
.byte 0xff, 0xff, 0xff, 0xff
.long _sym_00aba088
.byte 0xff, 0xff, 0xff, 0xff
.long _sym_00aba096
.byte 0xff, 0xff, 0xff, 0xff
.long _sym_00aba0a4
.byte 0xff, 0xff, 0xff, 0xff
.long _sym_00aba0b2
.byte 0xff, 0xff, 0xff, 0xff
.long _sym_00aba0c2
.byte 0xff, 0xff, 0xff, 0xff
.long _sym_00aba0d2
.byte 0xff, 0xff, 0xff, 0xff
.long _sym_00aba0e2
.byte 0x0a, 0x00, 0x00, 0x00
.long _sym_00aba0f2
.byte 0x0a, 0x00, 0x00, 0x00, 0x00, 0x00, 0x00, 0x00, 0x0a, 0x00, 0x00, 0x00, 0x00, 0x00, 0x00, 0x00
.byte 0x0a, 0x00, 0x00, 0x00, 0x00, 0x00, 0x00, 0x00, 0xff, 0xff, 0xff, 0xff
.long _sym_00aba100
.byte 0x0f, 0x00, 0x00, 0x00
.long _sym_00aba110
.byte 0x0f, 0x00, 0x00, 0x00, 0x00, 0x00, 0x00, 0x00, 0x0f, 0x00, 0x00, 0x00, 0x00, 0x00, 0x00, 0x00
.byte 0x0f, 0x00, 0x00, 0x00, 0x00, 0x00, 0x00, 0x00, 0xff, 0xff, 0xff, 0xff
.long _sym_00aba11e
.byte 0xff, 0xff, 0xff, 0xff
.long _sym_00aba12e
.byte 0xff, 0xff, 0xff, 0xff
.long _sym_00aba13e
.byte 0xff, 0xff, 0xff, 0xff
.long _sym_00aba14e
.globl _sym_00be00cc
_sym_00be00cc:
.byte 0xff, 0xff, 0xff, 0xff
.long _sym_00ab9fb0
.globl _sym_00be00d4
_sym_00be00d4:
.byte 0x22, 0x05, 0x93, 0x19, 0x01, 0x00, 0x00, 0x00
.long _sym_00be00cc
.byte 0x00, 0x00, 0x00, 0x00, 0x00, 0x00, 0x00, 0x00, 0x00, 0x00, 0x00, 0x00, 0x00, 0x00, 0x00, 0x00
.byte 0x00, 0x00, 0x00, 0x00, 0x01, 0x00, 0x00, 0x00
.globl _sym_00be00f8
_sym_00be00f8:
.byte 0xff, 0xff, 0xff, 0xff
.long _sym_00ab9fe0
.byte 0x00, 0x00, 0x00, 0x00
.long _sym_00ab9feb
.byte 0x01, 0x00, 0x00, 0x00
.long _sym_00ab9ff6
.globl _sym_00be0110
_sym_00be0110:
.byte 0x22, 0x05, 0x93, 0x19, 0x03, 0x00, 0x00, 0x00
.long _sym_00be00f8
.byte 0x00, 0x00, 0x00, 0x00, 0x00, 0x00, 0x00, 0x00, 0x00, 0x00, 0x00, 0x00, 0x00, 0x00, 0x00, 0x00
.byte 0x00, 0x00, 0x00, 0x00, 0x01, 0x00, 0x00, 0x00
.globl _sym_00be0134
_sym_00be0134:
.byte 0xff, 0xff, 0xff, 0xff
.long _sym_00aba480
.globl _sym_00be013c
_sym_00be013c:
.byte 0x22, 0x05, 0x93, 0x19, 0x01, 0x00, 0x00, 0x00
.long _sym_00be0134
.byte 0x00, 0x00, 0x00, 0x00, 0x00, 0x00, 0x00, 0x00, 0x00, 0x00, 0x00, 0x00, 0x00, 0x00, 0x00, 0x00
.byte 0x00, 0x00, 0x00, 0x00, 0x01, 0x00, 0x00, 0x00
.globl _sym_00be0160
_sym_00be0160:
.byte 0xff, 0xff, 0xff, 0xff
.long _sym_00ab9c80
.globl _sym_00be0168
_sym_00be0168:
.byte 0x22, 0x05, 0x93, 0x19, 0x01, 0x00, 0x00, 0x00
.long _sym_00be0160
.byte 0x00, 0x00, 0x00, 0x00, 0x00, 0x00, 0x00, 0x00, 0x00, 0x00, 0x00, 0x00, 0x00, 0x00, 0x00, 0x00
.byte 0x00, 0x00, 0x00, 0x00, 0x01, 0x00, 0x00, 0x00
.globl _sym_00be018c
_sym_00be018c:
.byte 0xff, 0xff, 0xff, 0xff
.long _sym_00aba020
.globl _sym_00be0194
_sym_00be0194:
.byte 0x22, 0x05, 0x93, 0x19, 0x01, 0x00, 0x00, 0x00
.long _sym_00be018c
.byte 0x00, 0x00, 0x00, 0x00, 0x00, 0x00, 0x00, 0x00, 0x00, 0x00, 0x00, 0x00, 0x00, 0x00, 0x00, 0x00
.byte 0x00, 0x00, 0x00, 0x00, 0x01, 0x00, 0x00, 0x00
.globl _sym_00be01b8
_sym_00be01b8:
.byte 0xff, 0xff, 0xff, 0xff
.long _sym_00ab9e30
.byte 0xff, 0xff, 0xff, 0xff, 0x00, 0x00, 0x00, 0x00, 0xff, 0xff, 0xff, 0xff, 0x00, 0x00, 0x00, 0x00
.byte 0xff, 0xff, 0xff, 0xff, 0x00, 0x00, 0x00, 0x00
.globl _sym_00be01d8
_sym_00be01d8:
.byte 0x22, 0x05, 0x93, 0x19, 0x04, 0x00, 0x00, 0x00
.long _sym_00be01b8
.byte 0x00, 0x00, 0x00, 0x00, 0x00, 0x00, 0x00, 0x00, 0x00, 0x00, 0x00, 0x00, 0x00, 0x00, 0x00, 0x00
.byte 0x00, 0x00, 0x00, 0x00, 0x01, 0x00, 0x00, 0x00
.globl _sym_00be01fc
_sym_00be01fc:
.byte 0xff, 0xff, 0xff, 0xff
.long _sym_00ab9e60
.byte 0xff, 0xff, 0xff, 0xff, 0x00, 0x00, 0x00, 0x00, 0xff, 0xff, 0xff, 0xff, 0x00, 0x00, 0x00, 0x00
.byte 0xff, 0xff, 0xff, 0xff, 0x00, 0x00, 0x00, 0x00
.globl _sym_00be021c
_sym_00be021c:
.byte 0x22, 0x05, 0x93, 0x19, 0x04, 0x00, 0x00, 0x00
.long _sym_00be01fc
.byte 0x00, 0x00, 0x00, 0x00, 0x00, 0x00, 0x00, 0x00, 0x00, 0x00, 0x00, 0x00, 0x00, 0x00, 0x00, 0x00
.byte 0x00, 0x00, 0x00, 0x00, 0x01, 0x00, 0x00, 0x00
.globl _sym_00be0240
_sym_00be0240:
.byte 0xff, 0xff, 0xff, 0xff
.long _sym_00ab9f80
.globl _sym_00be0248
_sym_00be0248:
.byte 0x22, 0x05, 0x93, 0x19, 0x01, 0x00, 0x00, 0x00
.long _sym_00be0240
.byte 0x00, 0x00, 0x00, 0x00, 0x00, 0x00, 0x00, 0x00, 0x00, 0x00, 0x00, 0x00, 0x00, 0x00, 0x00, 0x00
.byte 0x00, 0x00, 0x00, 0x00, 0x01, 0x00, 0x00, 0x00
.globl _sym_00be026c
_sym_00be026c:
.byte 0xff, 0xff, 0xff, 0xff
.long _sym_00ab9f50
.globl _sym_00be0274
_sym_00be0274:
.byte 0x22, 0x05, 0x93, 0x19, 0x01, 0x00, 0x00, 0x00
.long _sym_00be026c
.byte 0x00, 0x00, 0x00, 0x00, 0x00, 0x00, 0x00, 0x00, 0x00, 0x00, 0x00, 0x00, 0x00, 0x00, 0x00, 0x00
.byte 0x00, 0x00, 0x00, 0x00, 0x01, 0x00, 0x00, 0x00
.globl _sym_00be0298
_sym_00be0298:
.byte 0xff, 0xff, 0xff, 0xff
.long _sym_00aba610
.globl _sym_00be02a0
_sym_00be02a0:
.byte 0x22, 0x05, 0x93, 0x19, 0x01, 0x00, 0x00, 0x00
.long _sym_00be0298
.byte 0x00, 0x00, 0x00, 0x00, 0x00, 0x00, 0x00, 0x00, 0x00, 0x00, 0x00, 0x00, 0x00, 0x00, 0x00, 0x00
.byte 0x00, 0x00, 0x00, 0x00, 0x01, 0x00, 0x00, 0x00
.globl _sym_00be02c4
_sym_00be02c4:
.byte 0xff, 0xff, 0xff, 0xff
.long _sym_00aba5e0
.globl _sym_00be02cc
_sym_00be02cc:
.byte 0x22, 0x05, 0x93, 0x19, 0x01, 0x00, 0x00, 0x00
.long _sym_00be02c4
.byte 0x00, 0x00, 0x00, 0x00, 0x00, 0x00, 0x00, 0x00, 0x00, 0x00, 0x00, 0x00, 0x00, 0x00, 0x00, 0x00
.byte 0x00, 0x00, 0x00, 0x00, 0x01, 0x00, 0x00, 0x00
.globl _sym_00be02f0
_sym_00be02f0:
.byte 0xff, 0xff, 0xff, 0xff
.long _sym_00ab9d70
.byte 0xff, 0xff, 0xff, 0xff, 0x00, 0x00, 0x00, 0x00, 0xff, 0xff, 0xff, 0xff, 0x00, 0x00, 0x00, 0x00
.byte 0xff, 0xff, 0xff, 0xff, 0x00, 0x00, 0x00, 0x00
.globl _sym_00be0310
_sym_00be0310:
.byte 0x22, 0x05, 0x93, 0x19, 0x04, 0x00, 0x00, 0x00
.long _sym_00be02f0
.byte 0x00, 0x00, 0x00, 0x00, 0x00, 0x00, 0x00, 0x00, 0x00, 0x00, 0x00, 0x00, 0x00, 0x00, 0x00, 0x00
.byte 0x00, 0x00, 0x00, 0x00, 0x01, 0x00, 0x00, 0x00
.globl _sym_00be0334
_sym_00be0334:
.byte 0xff, 0xff, 0xff, 0xff
.long _sym_00ab9da0
.byte 0xff, 0xff, 0xff, 0xff, 0x00, 0x00, 0x00, 0x00, 0xff, 0xff, 0xff, 0xff, 0x00, 0x00, 0x00, 0x00
.byte 0xff, 0xff, 0xff, 0xff, 0x00, 0x00, 0x00, 0x00
.globl _sym_00be0354
_sym_00be0354:
.byte 0x22, 0x05, 0x93, 0x19, 0x04, 0x00, 0x00, 0x00
.long _sym_00be0334
.byte 0x00, 0x00, 0x00, 0x00, 0x00, 0x00, 0x00, 0x00, 0x00, 0x00, 0x00, 0x00, 0x00, 0x00, 0x00, 0x00
.byte 0x00, 0x00, 0x00, 0x00, 0x01, 0x00, 0x00, 0x00
.globl _sym_00be0378
_sym_00be0378:
.byte 0xff, 0xff, 0xff, 0xff
.long _sym_00ab9ec0
.byte 0xff, 0xff, 0xff, 0xff, 0x00, 0x00, 0x00, 0x00, 0xff, 0xff, 0xff, 0xff, 0x00, 0x00, 0x00, 0x00
.byte 0xff, 0xff, 0xff, 0xff, 0x00, 0x00, 0x00, 0x00
.globl _sym_00be0398
_sym_00be0398:
.byte 0x22, 0x05, 0x93, 0x19, 0x04, 0x00, 0x00, 0x00
.long _sym_00be0378
.byte 0x00, 0x00, 0x00, 0x00, 0x00, 0x00, 0x00, 0x00, 0x00, 0x00, 0x00, 0x00, 0x00, 0x00, 0x00, 0x00
.byte 0x00, 0x00, 0x00, 0x00, 0x01, 0x00, 0x00, 0x00
.globl _sym_00be03bc
_sym_00be03bc:
.byte 0xff, 0xff, 0xff, 0xff
.long _sym_00ab9f20
.byte 0xff, 0xff, 0xff, 0xff, 0x00, 0x00, 0x00, 0x00, 0xff, 0xff, 0xff, 0xff, 0x00, 0x00, 0x00, 0x00
.byte 0xff, 0xff, 0xff, 0xff, 0x00, 0x00, 0x00, 0x00
.globl _sym_00be03dc
_sym_00be03dc:
.byte 0x22, 0x05, 0x93, 0x19, 0x04, 0x00, 0x00, 0x00
.long _sym_00be03bc
.byte 0x00, 0x00, 0x00, 0x00, 0x00, 0x00, 0x00, 0x00, 0x00, 0x00, 0x00, 0x00, 0x00, 0x00, 0x00, 0x00
.byte 0x00, 0x00, 0x00, 0x00, 0x01, 0x00, 0x00, 0x00
.globl _sym_00be0400
_sym_00be0400:
.byte 0xff, 0xff, 0xff, 0xff
.long _sym_00aba270
.byte 0xff, 0xff, 0xff, 0xff, 0x00, 0x00, 0x00, 0x00, 0xff, 0xff, 0xff, 0xff, 0x00, 0x00, 0x00, 0x00
.byte 0xff, 0xff, 0xff, 0xff, 0x00, 0x00, 0x00, 0x00
.globl _sym_00be0420
_sym_00be0420:
.byte 0x22, 0x05, 0x93, 0x19, 0x04, 0x00, 0x00, 0x00
.long _sym_00be0400
.byte 0x00, 0x00, 0x00, 0x00, 0x00, 0x00, 0x00, 0x00, 0x00, 0x00, 0x00, 0x00, 0x00, 0x00, 0x00, 0x00
.byte 0x00, 0x00, 0x00, 0x00, 0x01, 0x00, 0x00, 0x00
.globl _sym_00be0444
_sym_00be0444:
.byte 0xff, 0xff, 0xff, 0xff
.long _sym_00ab9e90
.byte 0xff, 0xff, 0xff, 0xff, 0x00, 0x00, 0x00, 0x00, 0xff, 0xff, 0xff, 0xff, 0x00, 0x00, 0x00, 0x00
.byte 0xff, 0xff, 0xff, 0xff, 0x00, 0x00, 0x00, 0x00
.globl _sym_00be0464
_sym_00be0464:
.byte 0x22, 0x05, 0x93, 0x19, 0x04, 0x00, 0x00, 0x00
.long _sym_00be0444
.byte 0x00, 0x00, 0x00, 0x00, 0x00, 0x00, 0x00, 0x00, 0x00, 0x00, 0x00, 0x00, 0x00, 0x00, 0x00, 0x00
.byte 0x00, 0x00, 0x00, 0x00, 0x01, 0x00, 0x00, 0x00
.globl _sym_00be0488
_sym_00be0488:
.byte 0xff, 0xff, 0xff, 0xff
.long _sym_00ab9ef0
.byte 0xff, 0xff, 0xff, 0xff, 0x00, 0x00, 0x00, 0x00, 0xff, 0xff, 0xff, 0xff, 0x00, 0x00, 0x00, 0x00
.byte 0xff, 0xff, 0xff, 0xff, 0x00, 0x00, 0x00, 0x00
.globl _sym_00be04a8
_sym_00be04a8:
.byte 0x22, 0x05, 0x93, 0x19, 0x04, 0x00, 0x00, 0x00
.long _sym_00be0488
.byte 0x00, 0x00, 0x00, 0x00, 0x00, 0x00, 0x00, 0x00, 0x00, 0x00, 0x00, 0x00, 0x00, 0x00, 0x00, 0x00
.byte 0x00, 0x00, 0x00, 0x00, 0x01, 0x00, 0x00, 0x00
.globl _sym_00be04cc
_sym_00be04cc:
.byte 0xff, 0xff, 0xff, 0xff
.long _sym_00aba240
.byte 0xff, 0xff, 0xff, 0xff, 0x00, 0x00, 0x00, 0x00, 0xff, 0xff, 0xff, 0xff, 0x00, 0x00, 0x00, 0x00
.byte 0xff, 0xff, 0xff, 0xff, 0x00, 0x00, 0x00, 0x00
.globl _sym_00be04ec
_sym_00be04ec:
.byte 0x22, 0x05, 0x93, 0x19, 0x04, 0x00, 0x00, 0x00
.long _sym_00be04cc
.byte 0x00, 0x00, 0x00, 0x00, 0x00, 0x00, 0x00, 0x00, 0x00, 0x00, 0x00, 0x00, 0x00, 0x00, 0x00, 0x00
.byte 0x00, 0x00, 0x00, 0x00, 0x01, 0x00, 0x00, 0x00
.globl _sym_00be0510
_sym_00be0510:
.byte 0xff, 0xff, 0xff, 0xff
.long _sym_00aba580
.globl _sym_00be0518
_sym_00be0518:
.byte 0x22, 0x05, 0x93, 0x19, 0x01, 0x00, 0x00, 0x00
.long _sym_00be0510
.byte 0x00, 0x00, 0x00, 0x00, 0x00, 0x00, 0x00, 0x00, 0x00, 0x00, 0x00, 0x00, 0x00, 0x00, 0x00, 0x00
.byte 0x00, 0x00, 0x00, 0x00, 0x01, 0x00, 0x00, 0x00
.globl _sym_00be053c
_sym_00be053c:
.byte 0xff, 0xff, 0xff, 0xff
.long _sym_00aba5b0
.globl _sym_00be0544
_sym_00be0544:
.byte 0x22, 0x05, 0x93, 0x19, 0x01, 0x00, 0x00, 0x00
.long _sym_00be053c
.byte 0x00, 0x00, 0x00, 0x00, 0x00, 0x00, 0x00, 0x00, 0x00, 0x00, 0x00, 0x00, 0x00, 0x00, 0x00, 0x00
.byte 0x00, 0x00, 0x00, 0x00, 0x01, 0x00, 0x00, 0x00
.globl _sym_00be0568
_sym_00be0568:
.byte 0xff, 0xff, 0xff, 0xff
.long _sym_00aba3c0
.byte 0xff, 0xff, 0xff, 0xff, 0x00, 0x00, 0x00, 0x00, 0xff, 0xff, 0xff, 0xff, 0x00, 0x00, 0x00, 0x00
.byte 0xff, 0xff, 0xff, 0xff, 0x00, 0x00, 0x00, 0x00
.globl _sym_00be0588
_sym_00be0588:
.byte 0x22, 0x05, 0x93, 0x19, 0x04, 0x00, 0x00, 0x00
.long _sym_00be0568
.byte 0x00, 0x00, 0x00, 0x00, 0x00, 0x00, 0x00, 0x00, 0x00, 0x00, 0x00, 0x00, 0x00, 0x00, 0x00, 0x00
.byte 0x00, 0x00, 0x00, 0x00, 0x01, 0x00, 0x00, 0x00
.globl _sym_00be05ac
_sym_00be05ac:
.byte 0xff, 0xff, 0xff, 0xff
.long _sym_00aba3f0
.byte 0xff, 0xff, 0xff, 0xff, 0x00, 0x00, 0x00, 0x00, 0xff, 0xff, 0xff, 0xff, 0x00, 0x00, 0x00, 0x00
.byte 0xff, 0xff, 0xff, 0xff, 0x00, 0x00, 0x00, 0x00
.globl _sym_00be05cc
_sym_00be05cc:
.byte 0x22, 0x05, 0x93, 0x19, 0x04, 0x00, 0x00, 0x00
.long _sym_00be05ac
.byte 0x00, 0x00, 0x00, 0x00, 0x00, 0x00, 0x00, 0x00, 0x00, 0x00, 0x00, 0x00, 0x00, 0x00, 0x00, 0x00
.byte 0x00, 0x00, 0x00, 0x00, 0x01, 0x00, 0x00, 0x00
.globl _sym_00be05f0
_sym_00be05f0:
.byte 0xff, 0xff, 0xff, 0xff
.long _sym_00ab9ce0
.byte 0xff, 0xff, 0xff, 0xff, 0x00, 0x00, 0x00, 0x00, 0xff, 0xff, 0xff, 0xff, 0x00, 0x00, 0x00, 0x00
.byte 0xff, 0xff, 0xff, 0xff, 0x00, 0x00, 0x00, 0x00
.globl _sym_00be0610
_sym_00be0610:
.byte 0x22, 0x05, 0x93, 0x19, 0x04, 0x00, 0x00, 0x00
.long _sym_00be05f0
.byte 0x00, 0x00, 0x00, 0x00, 0x00, 0x00, 0x00, 0x00, 0x00, 0x00, 0x00, 0x00, 0x00, 0x00, 0x00, 0x00
.byte 0x00, 0x00, 0x00, 0x00, 0x01, 0x00, 0x00, 0x00
.globl _sym_00be0634
_sym_00be0634:
.byte 0xff, 0xff, 0xff, 0xff
.long _sym_00ab9cb0
.byte 0xff, 0xff, 0xff, 0xff, 0x00, 0x00, 0x00, 0x00, 0xff, 0xff, 0xff, 0xff, 0x00, 0x00, 0x00, 0x00
.byte 0xff, 0xff, 0xff, 0xff, 0x00, 0x00, 0x00, 0x00
.globl _sym_00be0654
_sym_00be0654:
.byte 0x22, 0x05, 0x93, 0x19, 0x04, 0x00, 0x00, 0x00
.long _sym_00be0634
.byte 0x00, 0x00, 0x00, 0x00, 0x00, 0x00, 0x00, 0x00, 0x00, 0x00, 0x00, 0x00, 0x00, 0x00, 0x00, 0x00
.byte 0x00, 0x00, 0x00, 0x00, 0x01, 0x00, 0x00, 0x00
.globl _sym_00be0678
_sym_00be0678:
.byte 0xff, 0xff, 0xff, 0xff
.long _sym_00ab9dd0
.byte 0xff, 0xff, 0xff, 0xff, 0x00, 0x00, 0x00, 0x00, 0xff, 0xff, 0xff, 0xff, 0x00, 0x00, 0x00, 0x00
.byte 0xff, 0xff, 0xff, 0xff, 0x00, 0x00, 0x00, 0x00
.globl _sym_00be0698
_sym_00be0698:
.byte 0x22, 0x05, 0x93, 0x19, 0x04, 0x00, 0x00, 0x00
.long _sym_00be0678
.byte 0x00, 0x00, 0x00, 0x00, 0x00, 0x00, 0x00, 0x00, 0x00, 0x00, 0x00, 0x00, 0x00, 0x00, 0x00, 0x00
.byte 0x00, 0x00, 0x00, 0x00, 0x01, 0x00, 0x00, 0x00
.globl _sym_00be06bc
_sym_00be06bc:
.byte 0xff, 0xff, 0xff, 0xff
.long _sym_00ab9e00
.byte 0xff, 0xff, 0xff, 0xff, 0x00, 0x00, 0x00, 0x00, 0xff, 0xff, 0xff, 0xff, 0x00, 0x00, 0x00, 0x00
.byte 0xff, 0xff, 0xff, 0xff, 0x00, 0x00, 0x00, 0x00
.globl _sym_00be06dc
_sym_00be06dc:
.byte 0x22, 0x05, 0x93, 0x19, 0x04, 0x00, 0x00, 0x00
.long _sym_00be06bc
.byte 0x00, 0x00, 0x00, 0x00, 0x00, 0x00, 0x00, 0x00, 0x00, 0x00, 0x00, 0x00, 0x00, 0x00, 0x00, 0x00
.byte 0x00, 0x00, 0x00, 0x00, 0x01, 0x00, 0x00, 0x00
.globl _sym_00be0700
_sym_00be0700:
.byte 0xff, 0xff, 0xff, 0xff
.long _sym_00aba2d0
.byte 0xff, 0xff, 0xff, 0xff, 0x00, 0x00, 0x00, 0x00, 0xff, 0xff, 0xff, 0xff, 0x00, 0x00, 0x00, 0x00
.byte 0xff, 0xff, 0xff, 0xff, 0x00, 0x00, 0x00, 0x00
.globl _sym_00be0720
_sym_00be0720:
.byte 0x22, 0x05, 0x93, 0x19, 0x04, 0x00, 0x00, 0x00
.long _sym_00be0700
.byte 0x00, 0x00, 0x00, 0x00, 0x00, 0x00, 0x00, 0x00, 0x00, 0x00, 0x00, 0x00, 0x00, 0x00, 0x00, 0x00
.byte 0x00, 0x00, 0x00, 0x00, 0x01, 0x00, 0x00, 0x00
.globl _sym_00be0744
_sym_00be0744:
.byte 0xff, 0xff, 0xff, 0xff
.long _sym_00aba4f0
.byte 0xff, 0xff, 0xff, 0xff, 0x00, 0x00, 0x00, 0x00, 0xff, 0xff, 0xff, 0xff, 0x00, 0x00, 0x00, 0x00
.byte 0xff, 0xff, 0xff, 0xff, 0x00, 0x00, 0x00, 0x00
.globl _sym_00be0764
_sym_00be0764:
.byte 0x22, 0x05, 0x93, 0x19, 0x04, 0x00, 0x00, 0x00
.long _sym_00be0744
.byte 0x00, 0x00, 0x00, 0x00, 0x00, 0x00, 0x00, 0x00, 0x00, 0x00, 0x00, 0x00, 0x00, 0x00, 0x00, 0x00
.byte 0x00, 0x00, 0x00, 0x00, 0x01, 0x00, 0x00, 0x00
.globl _sym_00be0788
_sym_00be0788:
.byte 0xff, 0xff, 0xff, 0xff
.long _sym_00aba550
.byte 0xff, 0xff, 0xff, 0xff, 0x00, 0x00, 0x00, 0x00, 0xff, 0xff, 0xff, 0xff, 0x00, 0x00, 0x00, 0x00
.byte 0xff, 0xff, 0xff, 0xff, 0x00, 0x00, 0x00, 0x00
.globl _sym_00be07a8
_sym_00be07a8:
.byte 0x22, 0x05, 0x93, 0x19, 0x04, 0x00, 0x00, 0x00
.long _sym_00be0788
.byte 0x00, 0x00, 0x00, 0x00, 0x00, 0x00, 0x00, 0x00, 0x00, 0x00, 0x00, 0x00, 0x00, 0x00, 0x00, 0x00
.byte 0x00, 0x00, 0x00, 0x00, 0x01, 0x00, 0x00, 0x00
.globl _sym_00be07cc
_sym_00be07cc:
.byte 0xff, 0xff, 0xff, 0xff
.long _sym_00aba2a0
.byte 0xff, 0xff, 0xff, 0xff, 0x00, 0x00, 0x00, 0x00, 0xff, 0xff, 0xff, 0xff, 0x00, 0x00, 0x00, 0x00
.byte 0xff, 0xff, 0xff, 0xff, 0x00, 0x00, 0x00, 0x00
.globl _sym_00be07ec
_sym_00be07ec:
.byte 0x22, 0x05, 0x93, 0x19, 0x04, 0x00, 0x00, 0x00
.long _sym_00be07cc
.byte 0x00, 0x00, 0x00, 0x00, 0x00, 0x00, 0x00, 0x00, 0x00, 0x00, 0x00, 0x00, 0x00, 0x00, 0x00, 0x00
.byte 0x00, 0x00, 0x00, 0x00, 0x01, 0x00, 0x00, 0x00
.globl _sym_00be0810
_sym_00be0810:
.byte 0xff, 0xff, 0xff, 0xff
.long _sym_00aba4c0
.byte 0xff, 0xff, 0xff, 0xff, 0x00, 0x00, 0x00, 0x00, 0xff, 0xff, 0xff, 0xff, 0x00, 0x00, 0x00, 0x00
.byte 0xff, 0xff, 0xff, 0xff, 0x00, 0x00, 0x00, 0x00
.globl _sym_00be0830
_sym_00be0830:
.byte 0x22, 0x05, 0x93, 0x19, 0x04, 0x00, 0x00, 0x00
.long _sym_00be0810
.byte 0x00, 0x00, 0x00, 0x00, 0x00, 0x00, 0x00, 0x00, 0x00, 0x00, 0x00, 0x00, 0x00, 0x00, 0x00, 0x00
.byte 0x00, 0x00, 0x00, 0x00, 0x01, 0x00, 0x00, 0x00
.globl _sym_00be0854
_sym_00be0854:
.byte 0xff, 0xff, 0xff, 0xff
.long _sym_00aba520
.byte 0xff, 0xff, 0xff, 0xff, 0x00, 0x00, 0x00, 0x00, 0xff, 0xff, 0xff, 0xff, 0x00, 0x00, 0x00, 0x00
.byte 0xff, 0xff, 0xff, 0xff, 0x00, 0x00, 0x00, 0x00
.globl _sym_00be0874
_sym_00be0874:
.byte 0x22, 0x05, 0x93, 0x19, 0x04, 0x00, 0x00, 0x00
.long _sym_00be0854
.byte 0x00, 0x00, 0x00, 0x00, 0x00, 0x00, 0x00, 0x00, 0x00, 0x00, 0x00, 0x00, 0x00, 0x00, 0x00, 0x00
.byte 0x00, 0x00, 0x00, 0x00, 0x01, 0x00, 0x00, 0x00
.globl _sym_00be0898
_sym_00be0898:
.byte 0xff, 0xff, 0xff, 0xff
.long _sym_00ab9d40
.byte 0xff, 0xff, 0xff, 0xff, 0x00, 0x00, 0x00, 0x00, 0xff, 0xff, 0xff, 0xff, 0x00, 0x00, 0x00, 0x00
.byte 0xff, 0xff, 0xff, 0xff, 0x00, 0x00, 0x00, 0x00
.globl _sym_00be08b8
_sym_00be08b8:
.byte 0x22, 0x05, 0x93, 0x19, 0x04, 0x00, 0x00, 0x00
.long _sym_00be0898
.byte 0x00, 0x00, 0x00, 0x00, 0x00, 0x00, 0x00, 0x00, 0x00, 0x00, 0x00, 0x00, 0x00, 0x00, 0x00, 0x00
.byte 0x00, 0x00, 0x00, 0x00, 0x01, 0x00, 0x00, 0x00
.globl _sym_00be08dc
_sym_00be08dc:
.byte 0xff, 0xff, 0xff, 0xff
.long _sym_00aba450
.byte 0xff, 0xff, 0xff, 0xff, 0x00, 0x00, 0x00, 0x00, 0xff, 0xff, 0xff, 0xff, 0x00, 0x00, 0x00, 0x00
.byte 0xff, 0xff, 0xff, 0xff, 0x00, 0x00, 0x00, 0x00
.globl _sym_00be08fc
_sym_00be08fc:
.byte 0x22, 0x05, 0x93, 0x19, 0x04, 0x00, 0x00, 0x00
.long _sym_00be08dc
.byte 0x00, 0x00, 0x00, 0x00, 0x00, 0x00, 0x00, 0x00, 0x00, 0x00, 0x00, 0x00, 0x00, 0x00, 0x00, 0x00
.byte 0x00, 0x00, 0x00, 0x00, 0x01, 0x00, 0x00, 0x00
.globl _sym_00be0920
_sym_00be0920:
.byte 0xff, 0xff, 0xff, 0xff
.long _sym_00aba390
.byte 0xff, 0xff, 0xff, 0xff, 0x00, 0x00, 0x00, 0x00, 0xff, 0xff, 0xff, 0xff, 0x00, 0x00, 0x00, 0x00
.byte 0xff, 0xff, 0xff, 0xff, 0x00, 0x00, 0x00, 0x00
.globl _sym_00be0940
_sym_00be0940:
.byte 0x22, 0x05, 0x93, 0x19, 0x04, 0x00, 0x00, 0x00
.long _sym_00be0920
.byte 0x00, 0x00, 0x00, 0x00, 0x00, 0x00, 0x00, 0x00, 0x00, 0x00, 0x00, 0x00, 0x00, 0x00, 0x00, 0x00
.byte 0x00, 0x00, 0x00, 0x00, 0x01, 0x00, 0x00, 0x00
.globl _sym_00be0964
_sym_00be0964:
.byte 0xff, 0xff, 0xff, 0xff
.long _sym_00ab9d10
.byte 0xff, 0xff, 0xff, 0xff, 0x00, 0x00, 0x00, 0x00, 0xff, 0xff, 0xff, 0xff, 0x00, 0x00, 0x00, 0x00
.byte 0xff, 0xff, 0xff, 0xff, 0x00, 0x00, 0x00, 0x00
.globl _sym_00be0984
_sym_00be0984:
.byte 0x22, 0x05, 0x93, 0x19, 0x04, 0x00, 0x00, 0x00
.long _sym_00be0964
.byte 0x00, 0x00, 0x00, 0x00, 0x00, 0x00, 0x00, 0x00, 0x00, 0x00, 0x00, 0x00, 0x00, 0x00, 0x00, 0x00
.byte 0x00, 0x00, 0x00, 0x00, 0x01, 0x00, 0x00, 0x00
.globl _sym_00be09a8
_sym_00be09a8:
.byte 0xff, 0xff, 0xff, 0xff
.long _sym_00aba420
.byte 0xff, 0xff, 0xff, 0xff, 0x00, 0x00, 0x00, 0x00, 0xff, 0xff, 0xff, 0xff, 0x00, 0x00, 0x00, 0x00
.byte 0xff, 0xff, 0xff, 0xff, 0x00, 0x00, 0x00, 0x00
.globl _sym_00be09c8
_sym_00be09c8:
.byte 0x22, 0x05, 0x93, 0x19, 0x04, 0x00, 0x00, 0x00
.long _sym_00be09a8
.byte 0x00, 0x00, 0x00, 0x00, 0x00, 0x00, 0x00, 0x00, 0x00, 0x00, 0x00, 0x00, 0x00, 0x00, 0x00, 0x00
.byte 0x00, 0x00, 0x00, 0x00, 0x01, 0x00, 0x00, 0x00
.globl _sym_00be09ec
_sym_00be09ec:
.byte 0xff, 0xff, 0xff, 0xff
.long _sym_00aba360
.byte 0xff, 0xff, 0xff, 0xff, 0x00, 0x00, 0x00, 0x00, 0xff, 0xff, 0xff, 0xff, 0x00, 0x00, 0x00, 0x00
.byte 0xff, 0xff, 0xff, 0xff, 0x00, 0x00, 0x00, 0x00
.globl _sym_00be0a0c
_sym_00be0a0c:
.byte 0x22, 0x05, 0x93, 0x19, 0x04, 0x00, 0x00, 0x00
.long _sym_00be09ec
.byte 0x00, 0x00, 0x00, 0x00, 0x00, 0x00, 0x00, 0x00, 0x00, 0x00, 0x00, 0x00, 0x00, 0x00, 0x00, 0x00
.byte 0x00, 0x00, 0x00, 0x00, 0x01, 0x00, 0x00, 0x00
.globl _sym_00be0a30
_sym_00be0a30:
.byte 0xff, 0xff, 0xff, 0xff
.long _sym_00abace0
.byte 0xff, 0xff, 0xff, 0xff
.long _sym_00abacee
.byte 0xff, 0xff, 0xff, 0xff
.long _sym_00abacfc
.byte 0xff, 0xff, 0xff, 0xff
.long _sym_00abad0a
.globl _sym_00be0a50
_sym_00be0a50:
.byte 0x22, 0x05, 0x93, 0x19, 0x04, 0x00, 0x00, 0x00
.long _sym_00be0a30
.byte 0x00, 0x00, 0x00, 0x00, 0x00, 0x00, 0x00, 0x00, 0x00, 0x00, 0x00, 0x00, 0x00, 0x00, 0x00, 0x00
.byte 0x00, 0x00, 0x00, 0x00, 0x01, 0x00, 0x00, 0x00
.globl _sym_00be0a74
_sym_00be0a74:
.byte 0xff, 0xff, 0xff, 0xff
.long _sym_00abaec0
.byte 0xff, 0xff, 0xff, 0xff, 0x00, 0x00, 0x00, 0x00, 0xff, 0xff, 0xff, 0xff, 0x00, 0x00, 0x00, 0x00
.byte 0xff, 0xff, 0xff, 0xff, 0x00, 0x00, 0x00, 0x00
.globl _sym_00be0a94
_sym_00be0a94:
.byte 0x22, 0x05, 0x93, 0x19, 0x04, 0x00, 0x00, 0x00
.long _sym_00be0a74
.byte 0x00, 0x00, 0x00, 0x00, 0x00, 0x00, 0x00, 0x00, 0x00, 0x00, 0x00, 0x00, 0x00, 0x00, 0x00, 0x00
.byte 0x00, 0x00, 0x00, 0x00, 0x01, 0x00, 0x00, 0x00
.globl _sym_00be0ab8
_sym_00be0ab8:
.byte 0xff, 0xff, 0xff, 0xff
.long _sym_00abac20
.byte 0xff, 0xff, 0xff, 0xff
.long _sym_00abac2e
.byte 0xff, 0xff, 0xff, 0xff
.long _sym_00abac3c
.byte 0xff, 0xff, 0xff, 0xff
.long _sym_00abac4a
.globl _sym_00be0ad8
_sym_00be0ad8:
.byte 0x22, 0x05, 0x93, 0x19, 0x04, 0x00, 0x00, 0x00
.long _sym_00be0ab8
.byte 0x00, 0x00, 0x00, 0x00, 0x00, 0x00, 0x00, 0x00, 0x00, 0x00, 0x00, 0x00, 0x00, 0x00, 0x00, 0x00
.byte 0x00, 0x00, 0x00, 0x00, 0x01, 0x00, 0x00, 0x00
.globl _sym_00be0afc
_sym_00be0afc:
.byte 0xff, 0xff, 0xff, 0xff
.long _sym_00abae60
.byte 0xff, 0xff, 0xff, 0xff, 0x00, 0x00, 0x00, 0x00, 0xff, 0xff, 0xff, 0xff, 0x00, 0x00, 0x00, 0x00
.byte 0xff, 0xff, 0xff, 0xff, 0x00, 0x00, 0x00, 0x00
.globl _sym_00be0b1c
_sym_00be0b1c:
.byte 0x22, 0x05, 0x93, 0x19, 0x04, 0x00, 0x00, 0x00
.long _sym_00be0afc
.byte 0x00, 0x00, 0x00, 0x00, 0x00, 0x00, 0x00, 0x00, 0x00, 0x00, 0x00, 0x00, 0x00, 0x00, 0x00, 0x00
.byte 0x00, 0x00, 0x00, 0x00, 0x01, 0x00, 0x00, 0x00
.globl _sym_00be0b40
_sym_00be0b40:
.byte 0xff, 0xff, 0xff, 0xff
.long _sym_00abac80
.byte 0xff, 0xff, 0xff, 0xff
.long _sym_00abac8e
.byte 0xff, 0xff, 0xff, 0xff
.long _sym_00abac9c
.byte 0xff, 0xff, 0xff, 0xff
.long _sym_00abacaa
.globl _sym_00be0b60
_sym_00be0b60:
.byte 0x22, 0x05, 0x93, 0x19, 0x04, 0x00, 0x00, 0x00
.long _sym_00be0b40
.byte 0x00, 0x00, 0x00, 0x00, 0x00, 0x00, 0x00, 0x00, 0x00, 0x00, 0x00, 0x00, 0x00, 0x00, 0x00, 0x00
.byte 0x00, 0x00, 0x00, 0x00, 0x01, 0x00, 0x00, 0x00
.globl _sym_00be0b84
_sym_00be0b84:
.byte 0xff, 0xff, 0xff, 0xff
.long _sym_00abae90
.byte 0xff, 0xff, 0xff, 0xff, 0x00, 0x00, 0x00, 0x00, 0xff, 0xff, 0xff, 0xff, 0x00, 0x00, 0x00, 0x00
.byte 0xff, 0xff, 0xff, 0xff, 0x00, 0x00, 0x00, 0x00
.globl _sym_00be0ba4
_sym_00be0ba4:
.byte 0x22, 0x05, 0x93, 0x19, 0x04, 0x00, 0x00, 0x00
.long _sym_00be0b84
.byte 0x00, 0x00, 0x00, 0x00, 0x00, 0x00, 0x00, 0x00, 0x00, 0x00, 0x00, 0x00, 0x00, 0x00, 0x00, 0x00
.byte 0x00, 0x00, 0x00, 0x00, 0x01, 0x00, 0x00, 0x00
.globl _sym_00be0bc8
_sym_00be0bc8:
.byte 0xff, 0xff, 0xff, 0xff
.long _sym_00abb260
.globl _sym_00be0bd0
_sym_00be0bd0:
.byte 0x22, 0x05, 0x93, 0x19, 0x01, 0x00, 0x00, 0x00
.long _sym_00be0bc8
.byte 0x00, 0x00, 0x00, 0x00, 0x00, 0x00, 0x00, 0x00, 0x00, 0x00, 0x00, 0x00, 0x00, 0x00, 0x00, 0x00
.byte 0x00, 0x00, 0x00, 0x00, 0x01, 0x00, 0x00, 0x00
.globl _sym_00be0bf4
_sym_00be0bf4:
.byte 0x22, 0x05, 0x93, 0x19, 0x12, 0x00, 0x00, 0x00
.long _sym_00be0c18
.byte 0x00, 0x00, 0x00, 0x00, 0x00, 0x00, 0x00, 0x00, 0x00, 0x00, 0x00, 0x00, 0x00, 0x00, 0x00, 0x00
.byte 0x00, 0x00, 0x00, 0x00, 0x01, 0x00, 0x00, 0x00
.globl _sym_00be0c18
_sym_00be0c18:
.byte 0xff, 0xff, 0xff, 0xff
.long _sym_00abab80
.byte 0x00, 0x00, 0x00, 0x00
.long _sym_00abab8e
.byte 0x00, 0x00, 0x00, 0x00, 0x00, 0x00, 0x00, 0x00, 0x00, 0x00, 0x00, 0x00, 0x00, 0x00, 0x00, 0x00
.byte 0x00, 0x00, 0x00, 0x00, 0x00, 0x00, 0x00, 0x00, 0xff, 0xff, 0xff, 0xff
.long _sym_00abab9c
.byte 0x05, 0x00, 0x00, 0x00
.long _sym_00ababaa
.byte 0x05, 0x00, 0x00, 0x00, 0x00, 0x00, 0x00, 0x00, 0x05, 0x00, 0x00, 0x00, 0x00, 0x00, 0x00, 0x00
.byte 0x05, 0x00, 0x00, 0x00, 0x00, 0x00, 0x00, 0x00, 0xff, 0xff, 0xff, 0xff
.long _sym_00ababb8
.byte 0x0a, 0x00, 0x00, 0x00
.long _sym_00ababc6
.byte 0x0a, 0x00, 0x00, 0x00, 0x00, 0x00, 0x00, 0x00, 0x0a, 0x00, 0x00, 0x00, 0x00, 0x00, 0x00, 0x00
.byte 0x0a, 0x00, 0x00, 0x00, 0x00, 0x00, 0x00, 0x00, 0xff, 0xff, 0xff, 0xff
.long _sym_00ababd4
.byte 0xff, 0xff, 0xff, 0xff
.long _sym_00ababe2
.byte 0xff, 0xff, 0xff, 0xff
.long _sym_00ababf0
.globl _sym_00be0ca8
_sym_00be0ca8:
.byte 0xff, 0xff, 0xff, 0xff
.long _sym_00abaaf0
.globl _sym_00be0cb0
_sym_00be0cb0:
.byte 0x22, 0x05, 0x93, 0x19, 0x01, 0x00, 0x00, 0x00
.long _sym_00be0ca8
.byte 0x00, 0x00, 0x00, 0x00, 0x00, 0x00, 0x00, 0x00, 0x00, 0x00, 0x00, 0x00, 0x00, 0x00, 0x00, 0x00
.byte 0x00, 0x00, 0x00, 0x00, 0x01, 0x00, 0x00, 0x00
.globl _sym_00be0cd4
_sym_00be0cd4:
.byte 0xff, 0xff, 0xff, 0xff
.long _sym_00abab20
.byte 0x00, 0x00, 0x00, 0x00
.long _sym_00abab28
.globl _sym_00be0ce4
_sym_00be0ce4:
.byte 0x22, 0x05, 0x93, 0x19, 0x02, 0x00, 0x00, 0x00
.long _sym_00be0cd4
.byte 0x00, 0x00, 0x00, 0x00, 0x00, 0x00, 0x00, 0x00, 0x00, 0x00, 0x00, 0x00, 0x00, 0x00, 0x00, 0x00
.byte 0x00, 0x00, 0x00, 0x00, 0x01, 0x00, 0x00, 0x00
.globl _sym_00be0d08
_sym_00be0d08:
.byte 0xff, 0xff, 0xff, 0xff
.long _sym_00abb200
.globl _sym_00be0d10
_sym_00be0d10:
.byte 0x22, 0x05, 0x93, 0x19, 0x01, 0x00, 0x00, 0x00
.long _sym_00be0d08
.byte 0x00, 0x00, 0x00, 0x00, 0x00, 0x00, 0x00, 0x00, 0x00, 0x00, 0x00, 0x00, 0x00, 0x00, 0x00, 0x00
.byte 0x00, 0x00, 0x00, 0x00, 0x01, 0x00, 0x00, 0x00
.globl _sym_00be0d34
_sym_00be0d34:
.byte 0xff, 0xff, 0xff, 0xff
.long _sym_00abb0a0
.globl _sym_00be0d3c
_sym_00be0d3c:
.byte 0x22, 0x05, 0x93, 0x19, 0x01, 0x00, 0x00, 0x00
.long _sym_00be0d34
.byte 0x00, 0x00, 0x00, 0x00, 0x00, 0x00, 0x00, 0x00, 0x00, 0x00, 0x00, 0x00, 0x00, 0x00, 0x00, 0x00
.byte 0x00, 0x00, 0x00, 0x00, 0x01, 0x00, 0x00, 0x00
.globl _sym_00be0d60
_sym_00be0d60:
.byte 0xff, 0xff, 0xff, 0xff
.long _sym_00aba640
.globl _sym_00be0d68
_sym_00be0d68:
.byte 0x22, 0x05, 0x93, 0x19, 0x01, 0x00, 0x00, 0x00
.long _sym_00be0d60
.byte 0x00, 0x00, 0x00, 0x00, 0x00, 0x00, 0x00, 0x00, 0x00, 0x00, 0x00, 0x00, 0x00, 0x00, 0x00, 0x00
.byte 0x00, 0x00, 0x00, 0x00, 0x01, 0x00, 0x00, 0x00
.globl _sym_00be0d8c
_sym_00be0d8c:
.byte 0xff, 0xff, 0xff, 0xff
.long _sym_00abab50
.globl _sym_00be0d94
_sym_00be0d94:
.byte 0x22, 0x05, 0x93, 0x19, 0x01, 0x00, 0x00, 0x00
.long _sym_00be0d8c
.byte 0x00, 0x00, 0x00, 0x00, 0x00, 0x00, 0x00, 0x00, 0x00, 0x00, 0x00, 0x00, 0x00, 0x00, 0x00, 0x00
.byte 0x00, 0x00, 0x00, 0x00, 0x01, 0x00, 0x00, 0x00
.globl _sym_00be0db8
_sym_00be0db8:
.byte 0xff, 0xff, 0xff, 0xff
.long _sym_00aba910
.byte 0xff, 0xff, 0xff, 0xff, 0x00, 0x00, 0x00, 0x00, 0xff, 0xff, 0xff, 0xff, 0x00, 0x00, 0x00, 0x00
.byte 0xff, 0xff, 0xff, 0xff, 0x00, 0x00, 0x00, 0x00
.globl _sym_00be0dd8
_sym_00be0dd8:
.byte 0x22, 0x05, 0x93, 0x19, 0x04, 0x00, 0x00, 0x00
.long _sym_00be0db8
.byte 0x00, 0x00, 0x00, 0x00, 0x00, 0x00, 0x00, 0x00, 0x00, 0x00, 0x00, 0x00, 0x00, 0x00, 0x00, 0x00
.byte 0x00, 0x00, 0x00, 0x00, 0x01, 0x00, 0x00, 0x00
.globl _sym_00be0dfc
_sym_00be0dfc:
.byte 0xff, 0xff, 0xff, 0xff
.long _sym_00aba8b0
.byte 0xff, 0xff, 0xff, 0xff, 0x00, 0x00, 0x00, 0x00, 0xff, 0xff, 0xff, 0xff, 0x00, 0x00, 0x00, 0x00
.byte 0xff, 0xff, 0xff, 0xff, 0x00, 0x00, 0x00, 0x00
.globl _sym_00be0e1c
_sym_00be0e1c:
.byte 0x22, 0x05, 0x93, 0x19, 0x04, 0x00, 0x00, 0x00
.long _sym_00be0dfc
.byte 0x00, 0x00, 0x00, 0x00, 0x00, 0x00, 0x00, 0x00, 0x00, 0x00, 0x00, 0x00, 0x00, 0x00, 0x00, 0x00
.byte 0x00, 0x00, 0x00, 0x00, 0x01, 0x00, 0x00, 0x00
.globl _sym_00be0e40
_sym_00be0e40:
.byte 0xff, 0xff, 0xff, 0xff
.long _sym_00aba8e0
.byte 0xff, 0xff, 0xff, 0xff, 0x00, 0x00, 0x00, 0x00, 0xff, 0xff, 0xff, 0xff, 0x00, 0x00, 0x00, 0x00
.byte 0xff, 0xff, 0xff, 0xff, 0x00, 0x00, 0x00, 0x00
.globl _sym_00be0e60
_sym_00be0e60:
.byte 0x22, 0x05, 0x93, 0x19, 0x04, 0x00, 0x00, 0x00
.long _sym_00be0e40
.byte 0x00, 0x00, 0x00, 0x00, 0x00, 0x00, 0x00, 0x00, 0x00, 0x00, 0x00, 0x00, 0x00, 0x00, 0x00, 0x00
.byte 0x00, 0x00, 0x00, 0x00, 0x01, 0x00, 0x00, 0x00
.globl _sym_00be0e84
_sym_00be0e84:
.byte 0xff, 0xff, 0xff, 0xff
.long _sym_00abaa90
.globl _sym_00be0e8c
_sym_00be0e8c:
.byte 0x22, 0x05, 0x93, 0x19, 0x01, 0x00, 0x00, 0x00
.long _sym_00be0e84
.byte 0x00, 0x00, 0x00, 0x00, 0x00, 0x00, 0x00, 0x00, 0x00, 0x00, 0x00, 0x00, 0x00, 0x00, 0x00, 0x00
.byte 0x00, 0x00, 0x00, 0x00, 0x01, 0x00, 0x00, 0x00
.globl _sym_00be0eb0
_sym_00be0eb0:
.byte 0xff, 0xff, 0xff, 0xff
.long _sym_00abaa60
.globl _sym_00be0eb8
_sym_00be0eb8:
.byte 0x22, 0x05, 0x93, 0x19, 0x01, 0x00, 0x00, 0x00
.long _sym_00be0eb0
.byte 0x00, 0x00, 0x00, 0x00, 0x00, 0x00, 0x00, 0x00, 0x00, 0x00, 0x00, 0x00, 0x00, 0x00, 0x00, 0x00
.byte 0x00, 0x00, 0x00, 0x00, 0x01, 0x00, 0x00, 0x00
.globl _sym_00be0edc
_sym_00be0edc:
.byte 0xff, 0xff, 0xff, 0xff
.long _sym_00abaac0
.globl _sym_00be0ee4
_sym_00be0ee4:
.byte 0x22, 0x05, 0x93, 0x19, 0x01, 0x00, 0x00, 0x00
.long _sym_00be0edc
.byte 0x00, 0x00, 0x00, 0x00, 0x00, 0x00, 0x00, 0x00, 0x00, 0x00, 0x00, 0x00, 0x00, 0x00, 0x00, 0x00
.byte 0x00, 0x00, 0x00, 0x00, 0x01, 0x00, 0x00, 0x00
.globl _sym_00be0f08
_sym_00be0f08:
.byte 0xff, 0xff, 0xff, 0xff
.long _sym_00aba7f0
.byte 0xff, 0xff, 0xff, 0xff, 0x00, 0x00, 0x00, 0x00, 0xff, 0xff, 0xff, 0xff, 0x00, 0x00, 0x00, 0x00
.byte 0xff, 0xff, 0xff, 0xff, 0x00, 0x00, 0x00, 0x00
.globl _sym_00be0f28
_sym_00be0f28:
.byte 0x22, 0x05, 0x93, 0x19, 0x04, 0x00, 0x00, 0x00
.long _sym_00be0f08
.byte 0x00, 0x00, 0x00, 0x00, 0x00, 0x00, 0x00, 0x00, 0x00, 0x00, 0x00, 0x00, 0x00, 0x00, 0x00, 0x00
.byte 0x00, 0x00, 0x00, 0x00, 0x01, 0x00, 0x00, 0x00
.globl _sym_00be0f4c
_sym_00be0f4c:
.byte 0xff, 0xff, 0xff, 0xff
.long _sym_00aba790
.byte 0xff, 0xff, 0xff, 0xff, 0x00, 0x00, 0x00, 0x00, 0xff, 0xff, 0xff, 0xff, 0x00, 0x00, 0x00, 0x00
.byte 0xff, 0xff, 0xff, 0xff, 0x00, 0x00, 0x00, 0x00
.globl _sym_00be0f6c
_sym_00be0f6c:
.byte 0x22, 0x05, 0x93, 0x19, 0x04, 0x00, 0x00, 0x00
.long _sym_00be0f4c
.byte 0x00, 0x00, 0x00, 0x00, 0x00, 0x00, 0x00, 0x00, 0x00, 0x00, 0x00, 0x00, 0x00, 0x00, 0x00, 0x00
.byte 0x00, 0x00, 0x00, 0x00, 0x01, 0x00, 0x00, 0x00
.globl _sym_00be0f90
_sym_00be0f90:
.byte 0xff, 0xff, 0xff, 0xff
.long _sym_00aba7c0
.byte 0xff, 0xff, 0xff, 0xff, 0x00, 0x00, 0x00, 0x00, 0xff, 0xff, 0xff, 0xff, 0x00, 0x00, 0x00, 0x00
.byte 0xff, 0xff, 0xff, 0xff, 0x00, 0x00, 0x00, 0x00
.globl _sym_00be0fb0
_sym_00be0fb0:
.byte 0x22, 0x05, 0x93, 0x19, 0x04, 0x00, 0x00, 0x00
.long _sym_00be0f90
.byte 0x00, 0x00, 0x00, 0x00, 0x00, 0x00, 0x00, 0x00, 0x00, 0x00, 0x00, 0x00, 0x00, 0x00, 0x00, 0x00
.byte 0x00, 0x00, 0x00, 0x00, 0x01, 0x00, 0x00, 0x00
.globl _sym_00be0fd4
_sym_00be0fd4:
.byte 0xff, 0xff, 0xff, 0xff
.long _sym_00aba970
.byte 0xff, 0xff, 0xff, 0xff, 0x00, 0x00, 0x00, 0x00, 0xff, 0xff, 0xff, 0xff, 0x00, 0x00, 0x00, 0x00
.byte 0xff, 0xff, 0xff, 0xff, 0x00, 0x00, 0x00, 0x00
.globl _sym_00be0ff4
_sym_00be0ff4:
.byte 0x22, 0x05, 0x93, 0x19, 0x04, 0x00, 0x00, 0x00
.long _sym_00be0fd4
.byte 0x00, 0x00, 0x00, 0x00, 0x00, 0x00, 0x00, 0x00, 0x00, 0x00, 0x00, 0x00, 0x00, 0x00, 0x00, 0x00
.byte 0x00, 0x00, 0x00, 0x00, 0x01, 0x00, 0x00, 0x00
.globl _sym_00be1018
_sym_00be1018:
.byte 0xff, 0xff, 0xff, 0xff
.long _sym_00abaa00
.byte 0xff, 0xff, 0xff, 0xff, 0x00, 0x00, 0x00, 0x00, 0xff, 0xff, 0xff, 0xff, 0x00, 0x00, 0x00, 0x00
.byte 0xff, 0xff, 0xff, 0xff, 0x00, 0x00, 0x00, 0x00
.globl _sym_00be1038
_sym_00be1038:
.byte 0x22, 0x05, 0x93, 0x19, 0x04, 0x00, 0x00, 0x00
.long _sym_00be1018
.byte 0x00, 0x00, 0x00, 0x00, 0x00, 0x00, 0x00, 0x00, 0x00, 0x00, 0x00, 0x00, 0x00, 0x00, 0x00, 0x00
.byte 0x00, 0x00, 0x00, 0x00, 0x01, 0x00, 0x00, 0x00
.globl _sym_00be105c
_sym_00be105c:
.byte 0xff, 0xff, 0xff, 0xff
.long _sym_00abad70
.byte 0xff, 0xff, 0xff, 0xff, 0x00, 0x00, 0x00, 0x00, 0xff, 0xff, 0xff, 0xff, 0x00, 0x00, 0x00, 0x00
.byte 0xff, 0xff, 0xff, 0xff, 0x00, 0x00, 0x00, 0x00
.globl _sym_00be107c
_sym_00be107c:
.byte 0x22, 0x05, 0x93, 0x19, 0x04, 0x00, 0x00, 0x00
.long _sym_00be105c
.byte 0x00, 0x00, 0x00, 0x00, 0x00, 0x00, 0x00, 0x00, 0x00, 0x00, 0x00, 0x00, 0x00, 0x00, 0x00, 0x00
.byte 0x00, 0x00, 0x00, 0x00, 0x01, 0x00, 0x00, 0x00
.globl _sym_00be10a0
_sym_00be10a0:
.byte 0xff, 0xff, 0xff, 0xff
.long _sym_00aba940
.byte 0xff, 0xff, 0xff, 0xff, 0x00, 0x00, 0x00, 0x00, 0xff, 0xff, 0xff, 0xff, 0x00, 0x00, 0x00, 0x00
.byte 0xff, 0xff, 0xff, 0xff, 0x00, 0x00, 0x00, 0x00
.globl _sym_00be10c0
_sym_00be10c0:
.byte 0x22, 0x05, 0x93, 0x19, 0x04, 0x00, 0x00, 0x00
.long _sym_00be10a0
.byte 0x00, 0x00, 0x00, 0x00, 0x00, 0x00, 0x00, 0x00, 0x00, 0x00, 0x00, 0x00, 0x00, 0x00, 0x00, 0x00
.byte 0x00, 0x00, 0x00, 0x00, 0x01, 0x00, 0x00, 0x00
.globl _sym_00be10e4
_sym_00be10e4:
.byte 0xff, 0xff, 0xff, 0xff
.long _sym_00aba9d0
.byte 0xff, 0xff, 0xff, 0xff, 0x00, 0x00, 0x00, 0x00, 0xff, 0xff, 0xff, 0xff, 0x00, 0x00, 0x00, 0x00
.byte 0xff, 0xff, 0xff, 0xff, 0x00, 0x00, 0x00, 0x00
.globl _sym_00be1104
_sym_00be1104:
.byte 0x22, 0x05, 0x93, 0x19, 0x04, 0x00, 0x00, 0x00
.long _sym_00be10e4
.byte 0x00, 0x00, 0x00, 0x00, 0x00, 0x00, 0x00, 0x00, 0x00, 0x00, 0x00, 0x00, 0x00, 0x00, 0x00, 0x00
.byte 0x00, 0x00, 0x00, 0x00, 0x01, 0x00, 0x00, 0x00
.globl _sym_00be1128
_sym_00be1128:
.byte 0xff, 0xff, 0xff, 0xff
.long _sym_00abad40
.byte 0xff, 0xff, 0xff, 0xff, 0x00, 0x00, 0x00, 0x00, 0xff, 0xff, 0xff, 0xff, 0x00, 0x00, 0x00, 0x00
.byte 0xff, 0xff, 0xff, 0xff, 0x00, 0x00, 0x00, 0x00
.globl _sym_00be1148
_sym_00be1148:
.byte 0x22, 0x05, 0x93, 0x19, 0x04, 0x00, 0x00, 0x00
.long _sym_00be1128
.byte 0x00, 0x00, 0x00, 0x00, 0x00, 0x00, 0x00, 0x00, 0x00, 0x00, 0x00, 0x00, 0x00, 0x00, 0x00, 0x00
.byte 0x00, 0x00, 0x00, 0x00, 0x01, 0x00, 0x00, 0x00
.globl _sym_00be116c
_sym_00be116c:
.byte 0xff, 0xff, 0xff, 0xff
.long _sym_00aba9a0
.byte 0xff, 0xff, 0xff, 0xff, 0x00, 0x00, 0x00, 0x00, 0xff, 0xff, 0xff, 0xff, 0x00, 0x00, 0x00, 0x00
.byte 0xff, 0xff, 0xff, 0xff, 0x00, 0x00, 0x00, 0x00
.globl _sym_00be118c
_sym_00be118c:
.byte 0x22, 0x05, 0x93, 0x19, 0x04, 0x00, 0x00, 0x00
.long _sym_00be116c
.byte 0x00, 0x00, 0x00, 0x00, 0x00, 0x00, 0x00, 0x00, 0x00, 0x00, 0x00, 0x00, 0x00, 0x00, 0x00, 0x00
.byte 0x00, 0x00, 0x00, 0x00, 0x01, 0x00, 0x00, 0x00
.globl _sym_00be11b0
_sym_00be11b0:
.byte 0xff, 0xff, 0xff, 0xff
.long _sym_00abaa30
.byte 0xff, 0xff, 0xff, 0xff, 0x00, 0x00, 0x00, 0x00, 0xff, 0xff, 0xff, 0xff, 0x00, 0x00, 0x00, 0x00
.byte 0xff, 0xff, 0xff, 0xff, 0x00, 0x00, 0x00, 0x00
.globl _sym_00be11d0
_sym_00be11d0:
.byte 0x22, 0x05, 0x93, 0x19, 0x04, 0x00, 0x00, 0x00
.long _sym_00be11b0
.byte 0x00, 0x00, 0x00, 0x00, 0x00, 0x00, 0x00, 0x00, 0x00, 0x00, 0x00, 0x00, 0x00, 0x00, 0x00, 0x00
.byte 0x00, 0x00, 0x00, 0x00, 0x01, 0x00, 0x00, 0x00
.globl _sym_00be11f4
_sym_00be11f4:
.byte 0xff, 0xff, 0xff, 0xff
.long _sym_00abada0
.byte 0xff, 0xff, 0xff, 0xff, 0x00, 0x00, 0x00, 0x00, 0xff, 0xff, 0xff, 0xff, 0x00, 0x00, 0x00, 0x00
.byte 0xff, 0xff, 0xff, 0xff, 0x00, 0x00, 0x00, 0x00
.globl _sym_00be1214
_sym_00be1214:
.byte 0x22, 0x05, 0x93, 0x19, 0x04, 0x00, 0x00, 0x00
.long _sym_00be11f4
.byte 0x00, 0x00, 0x00, 0x00, 0x00, 0x00, 0x00, 0x00, 0x00, 0x00, 0x00, 0x00, 0x00, 0x00, 0x00, 0x00
.byte 0x00, 0x00, 0x00, 0x00, 0x01, 0x00, 0x00, 0x00
.globl _sym_00be1238
_sym_00be1238:
.byte 0xff, 0xff, 0xff, 0xff
.long _sym_00abafe0
.byte 0xff, 0xff, 0xff, 0xff, 0x00, 0x00, 0x00, 0x00, 0xff, 0xff, 0xff, 0xff, 0x00, 0x00, 0x00, 0x00
.byte 0xff, 0xff, 0xff, 0xff, 0x00, 0x00, 0x00, 0x00
.globl _sym_00be1258
_sym_00be1258:
.byte 0x22, 0x05, 0x93, 0x19, 0x04, 0x00, 0x00, 0x00
.long _sym_00be1238
.byte 0x00, 0x00, 0x00, 0x00, 0x00, 0x00, 0x00, 0x00, 0x00, 0x00, 0x00, 0x00, 0x00, 0x00, 0x00, 0x00
.byte 0x00, 0x00, 0x00, 0x00, 0x01, 0x00, 0x00, 0x00
.globl _sym_00be127c
_sym_00be127c:
.byte 0xff, 0xff, 0xff, 0xff
.long _sym_00abaf80
.byte 0xff, 0xff, 0xff, 0xff, 0x00, 0x00, 0x00, 0x00, 0xff, 0xff, 0xff, 0xff, 0x00, 0x00, 0x00, 0x00
.byte 0xff, 0xff, 0xff, 0xff, 0x00, 0x00, 0x00, 0x00
.globl _sym_00be129c
_sym_00be129c:
.byte 0x22, 0x05, 0x93, 0x19, 0x04, 0x00, 0x00, 0x00
.long _sym_00be127c
.byte 0x00, 0x00, 0x00, 0x00, 0x00, 0x00, 0x00, 0x00, 0x00, 0x00, 0x00, 0x00, 0x00, 0x00, 0x00, 0x00
.byte 0x00, 0x00, 0x00, 0x00, 0x01, 0x00, 0x00, 0x00
.globl _sym_00be12c0
_sym_00be12c0:
.byte 0xff, 0xff, 0xff, 0xff
.long _sym_00abafb0
.byte 0xff, 0xff, 0xff, 0xff, 0x00, 0x00, 0x00, 0x00, 0xff, 0xff, 0xff, 0xff, 0x00, 0x00, 0x00, 0x00
.byte 0xff, 0xff, 0xff, 0xff, 0x00, 0x00, 0x00, 0x00
.globl _sym_00be12e0
_sym_00be12e0:
.byte 0x22, 0x05, 0x93, 0x19, 0x04, 0x00, 0x00, 0x00
.long _sym_00be12c0
.byte 0x00, 0x00, 0x00, 0x00, 0x00, 0x00, 0x00, 0x00, 0x00, 0x00, 0x00, 0x00, 0x00, 0x00, 0x00, 0x00
.byte 0x00, 0x00, 0x00, 0x00, 0x01, 0x00, 0x00, 0x00
.globl _sym_00be1304
_sym_00be1304:
.byte 0xff, 0xff, 0xff, 0xff
.long _sym_00abb230
.globl _sym_00be130c
_sym_00be130c:
.byte 0x22, 0x05, 0x93, 0x19, 0x01, 0x00, 0x00, 0x00
.long _sym_00be1304
.byte 0x00, 0x00, 0x00, 0x00, 0x00, 0x00, 0x00, 0x00, 0x00, 0x00, 0x00, 0x00, 0x00, 0x00, 0x00, 0x00
.byte 0x00, 0x00, 0x00, 0x00, 0x01, 0x00, 0x00, 0x00
.globl _sym_00be1330
_sym_00be1330:
.byte 0xff, 0xff, 0xff, 0xff
.long _sym_00aba6a0
.byte 0xff, 0xff, 0xff, 0xff, 0x00, 0x00, 0x00, 0x00, 0xff, 0xff, 0xff, 0xff, 0x00, 0x00, 0x00, 0x00
.byte 0xff, 0xff, 0xff, 0xff, 0x00, 0x00, 0x00, 0x00
.globl _sym_00be1350
_sym_00be1350:
.byte 0x22, 0x05, 0x93, 0x19, 0x04, 0x00, 0x00, 0x00
.long _sym_00be1330
.byte 0x00, 0x00, 0x00, 0x00, 0x00, 0x00, 0x00, 0x00, 0x00, 0x00, 0x00, 0x00, 0x00, 0x00, 0x00, 0x00
.byte 0x00, 0x00, 0x00, 0x00, 0x01, 0x00, 0x00, 0x00
.globl _sym_00be1374
_sym_00be1374:
.byte 0xff, 0xff, 0xff, 0xff
.long _sym_00aba670
.byte 0xff, 0xff, 0xff, 0xff, 0x00, 0x00, 0x00, 0x00, 0xff, 0xff, 0xff, 0xff, 0x00, 0x00, 0x00, 0x00
.byte 0xff, 0xff, 0xff, 0xff, 0x00, 0x00, 0x00, 0x00
.globl _sym_00be1394
_sym_00be1394:
.byte 0x22, 0x05, 0x93, 0x19, 0x04, 0x00, 0x00, 0x00
.long _sym_00be1374
.byte 0x00, 0x00, 0x00, 0x00, 0x00, 0x00, 0x00, 0x00, 0x00, 0x00, 0x00, 0x00, 0x00, 0x00, 0x00, 0x00
.byte 0x00, 0x00, 0x00, 0x00, 0x01, 0x00, 0x00, 0x00
.globl _sym_00be13b8
_sym_00be13b8:
.byte 0xff, 0xff, 0xff, 0xff
.long _sym_00aba6d0
.byte 0xff, 0xff, 0xff, 0xff, 0x00, 0x00, 0x00, 0x00, 0xff, 0xff, 0xff, 0xff, 0x00, 0x00, 0x00, 0x00
.byte 0xff, 0xff, 0xff, 0xff, 0x00, 0x00, 0x00, 0x00
.globl _sym_00be13d8
_sym_00be13d8:
.byte 0x22, 0x05, 0x93, 0x19, 0x04, 0x00, 0x00, 0x00
.long _sym_00be13b8
.byte 0x00, 0x00, 0x00, 0x00, 0x00, 0x00, 0x00, 0x00, 0x00, 0x00, 0x00, 0x00, 0x00, 0x00, 0x00, 0x00
.byte 0x00, 0x00, 0x00, 0x00, 0x01, 0x00, 0x00, 0x00
.globl _sym_00be13fc
_sym_00be13fc:
.byte 0xff, 0xff, 0xff, 0xff
.long _sym_00aba880
.byte 0xff, 0xff, 0xff, 0xff, 0x00, 0x00, 0x00, 0x00, 0xff, 0xff, 0xff, 0xff, 0x00, 0x00, 0x00, 0x00
.byte 0xff, 0xff, 0xff, 0xff, 0x00, 0x00, 0x00, 0x00
.globl _sym_00be141c
_sym_00be141c:
.byte 0x22, 0x05, 0x93, 0x19, 0x04, 0x00, 0x00, 0x00
.long _sym_00be13fc
.byte 0x00, 0x00, 0x00, 0x00, 0x00, 0x00, 0x00, 0x00, 0x00, 0x00, 0x00, 0x00, 0x00, 0x00, 0x00, 0x00
.byte 0x00, 0x00, 0x00, 0x00, 0x01, 0x00, 0x00, 0x00
.globl _sym_00be1440
_sym_00be1440:
.byte 0xff, 0xff, 0xff, 0xff
.long _sym_00aba820
.byte 0xff, 0xff, 0xff, 0xff, 0x00, 0x00, 0x00, 0x00, 0xff, 0xff, 0xff, 0xff, 0x00, 0x00, 0x00, 0x00
.byte 0xff, 0xff, 0xff, 0xff, 0x00, 0x00, 0x00, 0x00
.globl _sym_00be1460
_sym_00be1460:
.byte 0x22, 0x05, 0x93, 0x19, 0x04, 0x00, 0x00, 0x00
.long _sym_00be1440
.byte 0x00, 0x00, 0x00, 0x00, 0x00, 0x00, 0x00, 0x00, 0x00, 0x00, 0x00, 0x00, 0x00, 0x00, 0x00, 0x00
.byte 0x00, 0x00, 0x00, 0x00, 0x01, 0x00, 0x00, 0x00
.globl _sym_00be1484
_sym_00be1484:
.byte 0xff, 0xff, 0xff, 0xff
.long _sym_00aba850
.byte 0xff, 0xff, 0xff, 0xff, 0x00, 0x00, 0x00, 0x00, 0xff, 0xff, 0xff, 0xff, 0x00, 0x00, 0x00, 0x00
.byte 0xff, 0xff, 0xff, 0xff, 0x00, 0x00, 0x00, 0x00
.globl _sym_00be14a4
_sym_00be14a4:
.byte 0x22, 0x05, 0x93, 0x19, 0x04, 0x00, 0x00, 0x00
.long _sym_00be1484
.byte 0x00, 0x00, 0x00, 0x00, 0x00, 0x00, 0x00, 0x00, 0x00, 0x00, 0x00, 0x00, 0x00, 0x00, 0x00, 0x00
.byte 0x00, 0x00, 0x00, 0x00, 0x01, 0x00, 0x00, 0x00
.globl _sym_00be14c8
_sym_00be14c8:
.byte 0xff, 0xff, 0xff, 0xff
.long _sym_00abae00
.byte 0xff, 0xff, 0xff, 0xff, 0x00, 0x00, 0x00, 0x00, 0xff, 0xff, 0xff, 0xff, 0x00, 0x00, 0x00, 0x00
.byte 0xff, 0xff, 0xff, 0xff, 0x00, 0x00, 0x00, 0x00
.globl _sym_00be14e8
_sym_00be14e8:
.byte 0x22, 0x05, 0x93, 0x19, 0x04, 0x00, 0x00, 0x00
.long _sym_00be14c8
.byte 0x00, 0x00, 0x00, 0x00, 0x00, 0x00, 0x00, 0x00, 0x00, 0x00, 0x00, 0x00, 0x00, 0x00, 0x00, 0x00
.byte 0x00, 0x00, 0x00, 0x00, 0x01, 0x00, 0x00, 0x00
.globl _sym_00be150c
_sym_00be150c:
.byte 0xff, 0xff, 0xff, 0xff
.long _sym_00abb110
.byte 0xff, 0xff, 0xff, 0xff, 0x00, 0x00, 0x00, 0x00, 0xff, 0xff, 0xff, 0xff, 0x00, 0x00, 0x00, 0x00
.byte 0xff, 0xff, 0xff, 0xff, 0x00, 0x00, 0x00, 0x00
.globl _sym_00be152c
_sym_00be152c:
.byte 0x22, 0x05, 0x93, 0x19, 0x04, 0x00, 0x00, 0x00
.long _sym_00be150c
.byte 0x00, 0x00, 0x00, 0x00, 0x00, 0x00, 0x00, 0x00, 0x00, 0x00, 0x00, 0x00, 0x00, 0x00, 0x00, 0x00
.byte 0x00, 0x00, 0x00, 0x00, 0x01, 0x00, 0x00, 0x00
.globl _sym_00be1550
_sym_00be1550:
.byte 0xff, 0xff, 0xff, 0xff
.long _sym_00abb1a0
.byte 0xff, 0xff, 0xff, 0xff, 0x00, 0x00, 0x00, 0x00, 0xff, 0xff, 0xff, 0xff, 0x00, 0x00, 0x00, 0x00
.byte 0xff, 0xff, 0xff, 0xff, 0x00, 0x00, 0x00, 0x00
.globl _sym_00be1570
_sym_00be1570:
.byte 0x22, 0x05, 0x93, 0x19, 0x04, 0x00, 0x00, 0x00
.long _sym_00be1550
.byte 0x00, 0x00, 0x00, 0x00, 0x00, 0x00, 0x00, 0x00, 0x00, 0x00, 0x00, 0x00, 0x00, 0x00, 0x00, 0x00
.byte 0x00, 0x00, 0x00, 0x00, 0x01, 0x00, 0x00, 0x00
.globl _sym_00be1594
_sym_00be1594:
.byte 0xff, 0xff, 0xff, 0xff
.long _sym_00abadd0
.byte 0xff, 0xff, 0xff, 0xff, 0x00, 0x00, 0x00, 0x00, 0xff, 0xff, 0xff, 0xff, 0x00, 0x00, 0x00, 0x00
.byte 0xff, 0xff, 0xff, 0xff, 0x00, 0x00, 0x00, 0x00
.globl _sym_00be15b4
_sym_00be15b4:
.byte 0x22, 0x05, 0x93, 0x19, 0x04, 0x00, 0x00, 0x00
.long _sym_00be1594
.byte 0x00, 0x00, 0x00, 0x00, 0x00, 0x00, 0x00, 0x00, 0x00, 0x00, 0x00, 0x00, 0x00, 0x00, 0x00, 0x00
.byte 0x00, 0x00, 0x00, 0x00, 0x01, 0x00, 0x00, 0x00
.globl _sym_00be15d8
_sym_00be15d8:
.byte 0xff, 0xff, 0xff, 0xff
.long _sym_00abb0e0
.byte 0xff, 0xff, 0xff, 0xff, 0x00, 0x00, 0x00, 0x00, 0xff, 0xff, 0xff, 0xff, 0x00, 0x00, 0x00, 0x00
.byte 0xff, 0xff, 0xff, 0xff, 0x00, 0x00, 0x00, 0x00
.globl _sym_00be15f8
_sym_00be15f8:
.byte 0x22, 0x05, 0x93, 0x19, 0x04, 0x00, 0x00, 0x00
.long _sym_00be15d8
.byte 0x00, 0x00, 0x00, 0x00, 0x00, 0x00, 0x00, 0x00, 0x00, 0x00, 0x00, 0x00, 0x00, 0x00, 0x00, 0x00
.byte 0x00, 0x00, 0x00, 0x00, 0x01, 0x00, 0x00, 0x00
.globl _sym_00be161c
_sym_00be161c:
.byte 0xff, 0xff, 0xff, 0xff
.long _sym_00abb170
.byte 0xff, 0xff, 0xff, 0xff, 0x00, 0x00, 0x00, 0x00, 0xff, 0xff, 0xff, 0xff, 0x00, 0x00, 0x00, 0x00
.byte 0xff, 0xff, 0xff, 0xff, 0x00, 0x00, 0x00, 0x00
.globl _sym_00be163c
_sym_00be163c:
.byte 0x22, 0x05, 0x93, 0x19, 0x04, 0x00, 0x00, 0x00
.long _sym_00be161c
.byte 0x00, 0x00, 0x00, 0x00, 0x00, 0x00, 0x00, 0x00, 0x00, 0x00, 0x00, 0x00, 0x00, 0x00, 0x00, 0x00
.byte 0x00, 0x00, 0x00, 0x00, 0x01, 0x00, 0x00, 0x00
.globl _sym_00be1660
_sym_00be1660:
.byte 0xff, 0xff, 0xff, 0xff
.long _sym_00abae30
.byte 0xff, 0xff, 0xff, 0xff, 0x00, 0x00, 0x00, 0x00, 0xff, 0xff, 0xff, 0xff, 0x00, 0x00, 0x00, 0x00
.byte 0xff, 0xff, 0xff, 0xff, 0x00, 0x00, 0x00, 0x00
.globl _sym_00be1680
_sym_00be1680:
.byte 0x22, 0x05, 0x93, 0x19, 0x04, 0x00, 0x00, 0x00
.long _sym_00be1660
.byte 0x00, 0x00, 0x00, 0x00, 0x00, 0x00, 0x00, 0x00, 0x00, 0x00, 0x00, 0x00, 0x00, 0x00, 0x00, 0x00
.byte 0x00, 0x00, 0x00, 0x00, 0x01, 0x00, 0x00, 0x00
.globl _sym_00be16a4
_sym_00be16a4:
.byte 0xff, 0xff, 0xff, 0xff
.long _sym_00abb140
.byte 0xff, 0xff, 0xff, 0xff, 0x00, 0x00, 0x00, 0x00, 0xff, 0xff, 0xff, 0xff, 0x00, 0x00, 0x00, 0x00
.byte 0xff, 0xff, 0xff, 0xff, 0x00, 0x00, 0x00, 0x00
.globl _sym_00be16c4
_sym_00be16c4:
.byte 0x22, 0x05, 0x93, 0x19, 0x04, 0x00, 0x00, 0x00
.long _sym_00be16a4
.byte 0x00, 0x00, 0x00, 0x00, 0x00, 0x00, 0x00, 0x00, 0x00, 0x00, 0x00, 0x00, 0x00, 0x00, 0x00, 0x00
.byte 0x00, 0x00, 0x00, 0x00, 0x01, 0x00, 0x00, 0x00
.globl _sym_00be16e8
_sym_00be16e8:
.byte 0xff, 0xff, 0xff, 0xff
.long _sym_00abb1d0
.byte 0xff, 0xff, 0xff, 0xff, 0x00, 0x00, 0x00, 0x00, 0xff, 0xff, 0xff, 0xff, 0x00, 0x00, 0x00, 0x00
.byte 0xff, 0xff, 0xff, 0xff, 0x00, 0x00, 0x00, 0x00
.globl _sym_00be1708
_sym_00be1708:
.byte 0x22, 0x05, 0x93, 0x19, 0x04, 0x00, 0x00, 0x00
.long _sym_00be16e8
.byte 0x00, 0x00, 0x00, 0x00, 0x00, 0x00, 0x00, 0x00, 0x00, 0x00, 0x00, 0x00, 0x00, 0x00, 0x00, 0x00
.byte 0x00, 0x00, 0x00, 0x00, 0x01, 0x00, 0x00, 0x00
.globl _sym_00be172c
_sym_00be172c:
.byte 0xff, 0xff, 0xff, 0xff
.long _sym_00aba730
.byte 0xff, 0xff, 0xff, 0xff, 0x00, 0x00, 0x00, 0x00, 0xff, 0xff, 0xff, 0xff, 0x00, 0x00, 0x00, 0x00
.byte 0xff, 0xff, 0xff, 0xff, 0x00, 0x00, 0x00, 0x00
.globl _sym_00be174c
_sym_00be174c:
.byte 0x22, 0x05, 0x93, 0x19, 0x04, 0x00, 0x00, 0x00
.long _sym_00be172c
.byte 0x00, 0x00, 0x00, 0x00, 0x00, 0x00, 0x00, 0x00, 0x00, 0x00, 0x00, 0x00, 0x00, 0x00, 0x00, 0x00
.byte 0x00, 0x00, 0x00, 0x00, 0x01, 0x00, 0x00, 0x00
.globl _sym_00be1770
_sym_00be1770:
.byte 0xff, 0xff, 0xff, 0xff
.long _sym_00abb040
.byte 0xff, 0xff, 0xff, 0xff, 0x00, 0x00, 0x00, 0x00, 0xff, 0xff, 0xff, 0xff, 0x00, 0x00, 0x00, 0x00
.byte 0xff, 0xff, 0xff, 0xff, 0x00, 0x00, 0x00, 0x00
.globl _sym_00be1790
_sym_00be1790:
.byte 0x22, 0x05, 0x93, 0x19, 0x04, 0x00, 0x00, 0x00
.long _sym_00be1770
.byte 0x00, 0x00, 0x00, 0x00, 0x00, 0x00, 0x00, 0x00, 0x00, 0x00, 0x00, 0x00, 0x00, 0x00, 0x00, 0x00
.byte 0x00, 0x00, 0x00, 0x00, 0x01, 0x00, 0x00, 0x00
.globl _sym_00be17b4
_sym_00be17b4:
.byte 0xff, 0xff, 0xff, 0xff
.long _sym_00abaf20
.byte 0xff, 0xff, 0xff, 0xff, 0x00, 0x00, 0x00, 0x00, 0xff, 0xff, 0xff, 0xff, 0x00, 0x00, 0x00, 0x00
.byte 0xff, 0xff, 0xff, 0xff, 0x00, 0x00, 0x00, 0x00
.globl _sym_00be17d4
_sym_00be17d4:
.byte 0x22, 0x05, 0x93, 0x19, 0x04, 0x00, 0x00, 0x00
.long _sym_00be17b4
.byte 0x00, 0x00, 0x00, 0x00, 0x00, 0x00, 0x00, 0x00, 0x00, 0x00, 0x00, 0x00, 0x00, 0x00, 0x00, 0x00
.byte 0x00, 0x00, 0x00, 0x00, 0x01, 0x00, 0x00, 0x00
.globl _sym_00be17f8
_sym_00be17f8:
.byte 0xff, 0xff, 0xff, 0xff
.long _sym_00aba700
.byte 0xff, 0xff, 0xff, 0xff, 0x00, 0x00, 0x00, 0x00, 0xff, 0xff, 0xff, 0xff, 0x00, 0x00, 0x00, 0x00
.byte 0xff, 0xff, 0xff, 0xff, 0x00, 0x00, 0x00, 0x00
.globl _sym_00be1818
_sym_00be1818:
.byte 0x22, 0x05, 0x93, 0x19, 0x04, 0x00, 0x00, 0x00
.long _sym_00be17f8
.byte 0x00, 0x00, 0x00, 0x00, 0x00, 0x00, 0x00, 0x00, 0x00, 0x00, 0x00, 0x00, 0x00, 0x00, 0x00, 0x00
.byte 0x00, 0x00, 0x00, 0x00, 0x01, 0x00, 0x00, 0x00
.globl _sym_00be183c
_sym_00be183c:
.byte 0xff, 0xff, 0xff, 0xff
.long _sym_00abb010
.byte 0xff, 0xff, 0xff, 0xff, 0x00, 0x00, 0x00, 0x00, 0xff, 0xff, 0xff, 0xff, 0x00, 0x00, 0x00, 0x00
.byte 0xff, 0xff, 0xff, 0xff, 0x00, 0x00, 0x00, 0x00
.globl _sym_00be185c
_sym_00be185c:
.byte 0x22, 0x05, 0x93, 0x19, 0x04, 0x00, 0x00, 0x00
.long _sym_00be183c
.byte 0x00, 0x00, 0x00, 0x00, 0x00, 0x00, 0x00, 0x00, 0x00, 0x00, 0x00, 0x00, 0x00, 0x00, 0x00, 0x00
.byte 0x00, 0x00, 0x00, 0x00, 0x01, 0x00, 0x00, 0x00
.globl _sym_00be1880
_sym_00be1880:
.byte 0xff, 0xff, 0xff, 0xff
.long _sym_00abaef0
.byte 0xff, 0xff, 0xff, 0xff, 0x00, 0x00, 0x00, 0x00, 0xff, 0xff, 0xff, 0xff, 0x00, 0x00, 0x00, 0x00
.byte 0xff, 0xff, 0xff, 0xff, 0x00, 0x00, 0x00, 0x00
.globl _sym_00be18a0
_sym_00be18a0:
.byte 0x22, 0x05, 0x93, 0x19, 0x04, 0x00, 0x00, 0x00
.long _sym_00be1880
.byte 0x00, 0x00, 0x00, 0x00, 0x00, 0x00, 0x00, 0x00, 0x00, 0x00, 0x00, 0x00, 0x00, 0x00, 0x00, 0x00
.byte 0x00, 0x00, 0x00, 0x00, 0x01, 0x00, 0x00, 0x00
.globl _sym_00be18c4
_sym_00be18c4:
.byte 0xff, 0xff, 0xff, 0xff
.long _sym_00aba760
.byte 0xff, 0xff, 0xff, 0xff, 0x00, 0x00, 0x00, 0x00, 0xff, 0xff, 0xff, 0xff, 0x00, 0x00, 0x00, 0x00
.byte 0xff, 0xff, 0xff, 0xff, 0x00, 0x00, 0x00, 0x00
.globl _sym_00be18e4
_sym_00be18e4:
.byte 0x22, 0x05, 0x93, 0x19, 0x04, 0x00, 0x00, 0x00
.long _sym_00be18c4
.byte 0x00, 0x00, 0x00, 0x00, 0x00, 0x00, 0x00, 0x00, 0x00, 0x00, 0x00, 0x00, 0x00, 0x00, 0x00, 0x00
.byte 0x00, 0x00, 0x00, 0x00, 0x01, 0x00, 0x00, 0x00
.globl _sym_00be1908
_sym_00be1908:
.byte 0xff, 0xff, 0xff, 0xff
.long _sym_00abb070
.byte 0xff, 0xff, 0xff, 0xff, 0x00, 0x00, 0x00, 0x00, 0xff, 0xff, 0xff, 0xff, 0x00, 0x00, 0x00, 0x00
.byte 0xff, 0xff, 0xff, 0xff, 0x00, 0x00, 0x00, 0x00
.globl _sym_00be1928
_sym_00be1928:
.byte 0x22, 0x05, 0x93, 0x19, 0x04, 0x00, 0x00, 0x00
.long _sym_00be1908
.byte 0x00, 0x00, 0x00, 0x00, 0x00, 0x00, 0x00, 0x00, 0x00, 0x00, 0x00, 0x00, 0x00, 0x00, 0x00, 0x00
.byte 0x00, 0x00, 0x00, 0x00, 0x01, 0x00, 0x00, 0x00
.globl _sym_00be194c
_sym_00be194c:
.byte 0xff, 0xff, 0xff, 0xff
.long _sym_00abaf50
.byte 0xff, 0xff, 0xff, 0xff, 0x00, 0x00, 0x00, 0x00, 0xff, 0xff, 0xff, 0xff, 0x00, 0x00, 0x00, 0x00
.byte 0xff, 0xff, 0xff, 0xff, 0x00, 0x00, 0x00, 0x00
.globl _sym_00be196c
_sym_00be196c:
.byte 0x22, 0x05, 0x93, 0x19, 0x04, 0x00, 0x00, 0x00
.long _sym_00be194c
.byte 0x00, 0x00, 0x00, 0x00, 0x00, 0x00, 0x00, 0x00, 0x00, 0x00, 0x00, 0x00, 0x00, 0x00, 0x00, 0x00
.byte 0x00, 0x00, 0x00, 0x00, 0x01, 0x00, 0x00, 0x00
.globl _sym_00be1990
_sym_00be1990:
.byte 0xff, 0xff, 0xff, 0xff
.long _sym_00abb4d0
.byte 0xff, 0xff, 0xff, 0xff
.long _sym_00abb4de
.globl _sym_00be19a0
_sym_00be19a0:
.byte 0x22, 0x05, 0x93, 0x19, 0x02, 0x00, 0x00, 0x00
.long _sym_00be1990
.byte 0x00, 0x00, 0x00, 0x00, 0x00, 0x00, 0x00, 0x00, 0x00, 0x00, 0x00, 0x00, 0x00, 0x00, 0x00, 0x00
.byte 0x00, 0x00, 0x00, 0x00, 0x01, 0x00, 0x00, 0x00
.globl _sym_00be19c4
_sym_00be19c4:
.byte 0xff, 0xff, 0xff, 0xff
.long _sym_00abb410
.globl _sym_00be19cc
_sym_00be19cc:
.byte 0x22, 0x05, 0x93, 0x19, 0x01, 0x00, 0x00, 0x00
.long _sym_00be19c4
.byte 0x00, 0x00, 0x00, 0x00, 0x00, 0x00, 0x00, 0x00, 0x00, 0x00, 0x00, 0x00, 0x00, 0x00, 0x00, 0x00
.byte 0x00, 0x00, 0x00, 0x00, 0x01, 0x00, 0x00, 0x00
.globl _sym_00be19f0
_sym_00be19f0:
.byte 0xff, 0xff, 0xff, 0xff
.long _sym_00abb550
.byte 0xff, 0xff, 0xff, 0xff
.long _sym_00abb55e
.byte 0xff, 0xff, 0xff, 0xff
.long _sym_00abb56c
.byte 0xff, 0xff, 0xff, 0xff
.long _sym_00abb57a
.globl _sym_00be1a10
_sym_00be1a10:
.byte 0x22, 0x05, 0x93, 0x19, 0x04, 0x00, 0x00, 0x00
.long _sym_00be19f0
.byte 0x00, 0x00, 0x00, 0x00, 0x00, 0x00, 0x00, 0x00, 0x00, 0x00, 0x00, 0x00, 0x00, 0x00, 0x00, 0x00
.byte 0x00, 0x00, 0x00, 0x00, 0x01, 0x00, 0x00, 0x00
.globl _sym_00be1a34
_sym_00be1a34:
.byte 0xff, 0xff, 0xff, 0xff
.long _sym_00abb610
.byte 0xff, 0xff, 0xff, 0xff, 0x00, 0x00, 0x00, 0x00, 0xff, 0xff, 0xff, 0xff, 0x00, 0x00, 0x00, 0x00
.byte 0xff, 0xff, 0xff, 0xff, 0x00, 0x00, 0x00, 0x00
.globl _sym_00be1a54
_sym_00be1a54:
.byte 0x22, 0x05, 0x93, 0x19, 0x04, 0x00, 0x00, 0x00
.long _sym_00be1a34
.byte 0x00, 0x00, 0x00, 0x00, 0x00, 0x00, 0x00, 0x00, 0x00, 0x00, 0x00, 0x00, 0x00, 0x00, 0x00, 0x00
.byte 0x00, 0x00, 0x00, 0x00, 0x01, 0x00, 0x00, 0x00
.globl _sym_00be1a78
_sym_00be1a78:
.byte 0x22, 0x05, 0x93, 0x19, 0x05, 0x00, 0x00, 0x00
.long _sym_00be1a9c
.byte 0x00, 0x00, 0x00, 0x00, 0x00, 0x00, 0x00, 0x00, 0x00, 0x00, 0x00, 0x00, 0x00, 0x00, 0x00, 0x00
.byte 0x00, 0x00, 0x00, 0x00, 0x01, 0x00, 0x00, 0x00
.globl _sym_00be1a9c
_sym_00be1a9c:
.byte 0xff, 0xff, 0xff, 0xff
.long _sym_00abb510
.byte 0x00, 0x00, 0x00, 0x00
.long _sym_00abb51e
.byte 0x00, 0x00, 0x00, 0x00, 0x00, 0x00, 0x00, 0x00, 0x00, 0x00, 0x00, 0x00, 0x00, 0x00, 0x00, 0x00
.byte 0x00, 0x00, 0x00, 0x00, 0x00, 0x00, 0x00, 0x00
.globl _sym_00be1ac4
_sym_00be1ac4:
.byte 0xff, 0xff, 0xff, 0xff
.long _sym_00abb440
.globl _sym_00be1acc
_sym_00be1acc:
.byte 0x22, 0x05, 0x93, 0x19, 0x01, 0x00, 0x00, 0x00
.long _sym_00be1ac4
.byte 0x00, 0x00, 0x00, 0x00, 0x00, 0x00, 0x00, 0x00, 0x00, 0x00, 0x00, 0x00, 0x00, 0x00, 0x00, 0x00
.byte 0x00, 0x00, 0x00, 0x00, 0x01, 0x00, 0x00, 0x00
.globl _sym_00be1af0
_sym_00be1af0:
.byte 0xff, 0xff, 0xff, 0xff
.long _sym_00abb470
.globl _sym_00be1af8
_sym_00be1af8:
.byte 0x22, 0x05, 0x93, 0x19, 0x01, 0x00, 0x00, 0x00
.long _sym_00be1af0
.byte 0x00, 0x00, 0x00, 0x00, 0x00, 0x00, 0x00, 0x00, 0x00, 0x00, 0x00, 0x00, 0x00, 0x00, 0x00, 0x00
.byte 0x00, 0x00, 0x00, 0x00, 0x01, 0x00, 0x00, 0x00
.globl _sym_00be1b1c
_sym_00be1b1c:
.byte 0xff, 0xff, 0xff, 0xff
.long _sym_00abb4a0
.globl _sym_00be1b24
_sym_00be1b24:
.byte 0x22, 0x05, 0x93, 0x19, 0x01, 0x00, 0x00, 0x00
.long _sym_00be1b1c
.byte 0x00, 0x00, 0x00, 0x00, 0x00, 0x00, 0x00, 0x00, 0x00, 0x00, 0x00, 0x00, 0x00, 0x00, 0x00, 0x00
.byte 0x00, 0x00, 0x00, 0x00, 0x01, 0x00, 0x00, 0x00
.globl _sym_00be1b48
_sym_00be1b48:
.byte 0xff, 0xff, 0xff, 0xff
.long _sym_00abb350
.byte 0xff, 0xff, 0xff, 0xff, 0x00, 0x00, 0x00, 0x00, 0xff, 0xff, 0xff, 0xff, 0x00, 0x00, 0x00, 0x00
.byte 0xff, 0xff, 0xff, 0xff, 0x00, 0x00, 0x00, 0x00
.globl _sym_00be1b68
_sym_00be1b68:
.byte 0x22, 0x05, 0x93, 0x19, 0x04, 0x00, 0x00, 0x00
.long _sym_00be1b48
.byte 0x00, 0x00, 0x00, 0x00, 0x00, 0x00, 0x00, 0x00, 0x00, 0x00, 0x00, 0x00, 0x00, 0x00, 0x00, 0x00
.byte 0x00, 0x00, 0x00, 0x00, 0x01, 0x00, 0x00, 0x00
.globl _sym_00be1b8c
_sym_00be1b8c:
.byte 0xff, 0xff, 0xff, 0xff
.long _sym_00abb3e0
.globl _sym_00be1b94
_sym_00be1b94:
.byte 0x22, 0x05, 0x93, 0x19, 0x01, 0x00, 0x00, 0x00
.long _sym_00be1b8c
.byte 0x00, 0x00, 0x00, 0x00, 0x00, 0x00, 0x00, 0x00, 0x00, 0x00, 0x00, 0x00, 0x00, 0x00, 0x00, 0x00
.byte 0x00, 0x00, 0x00, 0x00, 0x01, 0x00, 0x00, 0x00
.globl _sym_00be1bb8
_sym_00be1bb8:
.byte 0xff, 0xff, 0xff, 0xff
.long _sym_00abb2f0
.byte 0xff, 0xff, 0xff, 0xff, 0x00, 0x00, 0x00, 0x00, 0xff, 0xff, 0xff, 0xff, 0x00, 0x00, 0x00, 0x00
.byte 0xff, 0xff, 0xff, 0xff, 0x00, 0x00, 0x00, 0x00
.globl _sym_00be1bd8
_sym_00be1bd8:
.byte 0x22, 0x05, 0x93, 0x19, 0x04, 0x00, 0x00, 0x00
.long _sym_00be1bb8
.byte 0x00, 0x00, 0x00, 0x00, 0x00, 0x00, 0x00, 0x00, 0x00, 0x00, 0x00, 0x00, 0x00, 0x00, 0x00, 0x00
.byte 0x00, 0x00, 0x00, 0x00, 0x01, 0x00, 0x00, 0x00
.globl _sym_00be1bfc
_sym_00be1bfc:
.byte 0xff, 0xff, 0xff, 0xff
.long _sym_00abb380
.byte 0xff, 0xff, 0xff, 0xff, 0x00, 0x00, 0x00, 0x00, 0xff, 0xff, 0xff, 0xff, 0x00, 0x00, 0x00, 0x00
.byte 0xff, 0xff, 0xff, 0xff, 0x00, 0x00, 0x00, 0x00
.globl _sym_00be1c1c
_sym_00be1c1c:
.byte 0x22, 0x05, 0x93, 0x19, 0x04, 0x00, 0x00, 0x00
.long _sym_00be1bfc
.byte 0x00, 0x00, 0x00, 0x00, 0x00, 0x00, 0x00, 0x00, 0x00, 0x00, 0x00, 0x00, 0x00, 0x00, 0x00, 0x00
.byte 0x00, 0x00, 0x00, 0x00, 0x01, 0x00, 0x00, 0x00
.globl _sym_00be1c40
_sym_00be1c40:
.byte 0xff, 0xff, 0xff, 0xff
.long _sym_00abb3b0
.byte 0xff, 0xff, 0xff, 0xff, 0x00, 0x00, 0x00, 0x00, 0xff, 0xff, 0xff, 0xff, 0x00, 0x00, 0x00, 0x00
.byte 0xff, 0xff, 0xff, 0xff, 0x00, 0x00, 0x00, 0x00
.globl _sym_00be1c60
_sym_00be1c60:
.byte 0x22, 0x05, 0x93, 0x19, 0x04, 0x00, 0x00, 0x00
.long _sym_00be1c40
.byte 0x00, 0x00, 0x00, 0x00, 0x00, 0x00, 0x00, 0x00, 0x00, 0x00, 0x00, 0x00, 0x00, 0x00, 0x00, 0x00
.byte 0x00, 0x00, 0x00, 0x00, 0x01, 0x00, 0x00, 0x00
.globl _sym_00be1c84
_sym_00be1c84:
.byte 0xff, 0xff, 0xff, 0xff
.long _sym_00abb5b0
.byte 0xff, 0xff, 0xff, 0xff, 0x00, 0x00, 0x00, 0x00, 0xff, 0xff, 0xff, 0xff, 0x00, 0x00, 0x00, 0x00
.byte 0xff, 0xff, 0xff, 0xff, 0x00, 0x00, 0x00, 0x00
.globl _sym_00be1ca4
_sym_00be1ca4:
.byte 0x22, 0x05, 0x93, 0x19, 0x04, 0x00, 0x00, 0x00
.long _sym_00be1c84
.byte 0x00, 0x00, 0x00, 0x00, 0x00, 0x00, 0x00, 0x00, 0x00, 0x00, 0x00, 0x00, 0x00, 0x00, 0x00, 0x00
.byte 0x00, 0x00, 0x00, 0x00, 0x01, 0x00, 0x00, 0x00
.globl _sym_00be1cc8
_sym_00be1cc8:
.byte 0xff, 0xff, 0xff, 0xff
.long _sym_00abb670
.byte 0xff, 0xff, 0xff, 0xff, 0x00, 0x00, 0x00, 0x00, 0xff, 0xff, 0xff, 0xff, 0x00, 0x00, 0x00, 0x00
.byte 0xff, 0xff, 0xff, 0xff, 0x00, 0x00, 0x00, 0x00
.globl _sym_00be1ce8
_sym_00be1ce8:
.byte 0x22, 0x05, 0x93, 0x19, 0x04, 0x00, 0x00, 0x00
.long _sym_00be1cc8
.byte 0x00, 0x00, 0x00, 0x00, 0x00, 0x00, 0x00, 0x00, 0x00, 0x00, 0x00, 0x00, 0x00, 0x00, 0x00, 0x00
.byte 0x00, 0x00, 0x00, 0x00, 0x01, 0x00, 0x00, 0x00
.globl _sym_00be1d0c
_sym_00be1d0c:
.byte 0xff, 0xff, 0xff, 0xff
.long _sym_00abb290
.byte 0xff, 0xff, 0xff, 0xff, 0x00, 0x00, 0x00, 0x00, 0xff, 0xff, 0xff, 0xff, 0x00, 0x00, 0x00, 0x00
.byte 0xff, 0xff, 0xff, 0xff, 0x00, 0x00, 0x00, 0x00
.globl _sym_00be1d2c
_sym_00be1d2c:
.byte 0x22, 0x05, 0x93, 0x19, 0x04, 0x00, 0x00, 0x00
.long _sym_00be1d0c
.byte 0x00, 0x00, 0x00, 0x00, 0x00, 0x00, 0x00, 0x00, 0x00, 0x00, 0x00, 0x00, 0x00, 0x00, 0x00, 0x00
.byte 0x00, 0x00, 0x00, 0x00, 0x01, 0x00, 0x00, 0x00
.globl _sym_00be1d50
_sym_00be1d50:
.byte 0xff, 0xff, 0xff, 0xff
.long _sym_00abb320
.byte 0xff, 0xff, 0xff, 0xff, 0x00, 0x00, 0x00, 0x00, 0xff, 0xff, 0xff, 0xff, 0x00, 0x00, 0x00, 0x00
.byte 0xff, 0xff, 0xff, 0xff, 0x00, 0x00, 0x00, 0x00
.globl _sym_00be1d70
_sym_00be1d70:
.byte 0x22, 0x05, 0x93, 0x19, 0x04, 0x00, 0x00, 0x00
.long _sym_00be1d50
.byte 0x00, 0x00, 0x00, 0x00, 0x00, 0x00, 0x00, 0x00, 0x00, 0x00, 0x00, 0x00, 0x00, 0x00, 0x00, 0x00
.byte 0x00, 0x00, 0x00, 0x00, 0x01, 0x00, 0x00, 0x00
.globl _sym_00be1d94
_sym_00be1d94:
.byte 0xff, 0xff, 0xff, 0xff
.long _sym_00abb5e0
.byte 0xff, 0xff, 0xff, 0xff, 0x00, 0x00, 0x00, 0x00, 0xff, 0xff, 0xff, 0xff, 0x00, 0x00, 0x00, 0x00
.byte 0xff, 0xff, 0xff, 0xff, 0x00, 0x00, 0x00, 0x00
.globl _sym_00be1db4
_sym_00be1db4:
.byte 0x22, 0x05, 0x93, 0x19, 0x04, 0x00, 0x00, 0x00
.long _sym_00be1d94
.byte 0x00, 0x00, 0x00, 0x00, 0x00, 0x00, 0x00, 0x00, 0x00, 0x00, 0x00, 0x00, 0x00, 0x00, 0x00, 0x00
.byte 0x00, 0x00, 0x00, 0x00, 0x01, 0x00, 0x00, 0x00
.globl _sym_00be1dd8
_sym_00be1dd8:
.byte 0xff, 0xff, 0xff, 0xff
.long _sym_00abb6d0
.byte 0xff, 0xff, 0xff, 0xff, 0x00, 0x00, 0x00, 0x00, 0xff, 0xff, 0xff, 0xff, 0x00, 0x00, 0x00, 0x00
.byte 0xff, 0xff, 0xff, 0xff, 0x00, 0x00, 0x00, 0x00
.globl _sym_00be1df8
_sym_00be1df8:
.byte 0x22, 0x05, 0x93, 0x19, 0x04, 0x00, 0x00, 0x00
.long _sym_00be1dd8
.byte 0x00, 0x00, 0x00, 0x00, 0x00, 0x00, 0x00, 0x00, 0x00, 0x00, 0x00, 0x00, 0x00, 0x00, 0x00, 0x00
.byte 0x00, 0x00, 0x00, 0x00, 0x01, 0x00, 0x00, 0x00
.globl _sym_00be1e1c
_sym_00be1e1c:
.byte 0xff, 0xff, 0xff, 0xff
.long _sym_00abb700
.byte 0xff, 0xff, 0xff, 0xff, 0x00, 0x00, 0x00, 0x00, 0xff, 0xff, 0xff, 0xff, 0x00, 0x00, 0x00, 0x00
.byte 0xff, 0xff, 0xff, 0xff, 0x00, 0x00, 0x00, 0x00
.globl _sym_00be1e3c
_sym_00be1e3c:
.byte 0x22, 0x05, 0x93, 0x19, 0x04, 0x00, 0x00, 0x00
.long _sym_00be1e1c
.byte 0x00, 0x00, 0x00, 0x00, 0x00, 0x00, 0x00, 0x00, 0x00, 0x00, 0x00, 0x00, 0x00, 0x00, 0x00, 0x00
.byte 0x00, 0x00, 0x00, 0x00, 0x01, 0x00, 0x00, 0x00
.globl _sym_00be1e60
_sym_00be1e60:
.byte 0xff, 0xff, 0xff, 0xff
.long _sym_00abb2c0
.byte 0xff, 0xff, 0xff, 0xff, 0x00, 0x00, 0x00, 0x00, 0xff, 0xff, 0xff, 0xff, 0x00, 0x00, 0x00, 0x00
.byte 0xff, 0xff, 0xff, 0xff, 0x00, 0x00, 0x00, 0x00
.globl _sym_00be1e80
_sym_00be1e80:
.byte 0x22, 0x05, 0x93, 0x19, 0x04, 0x00, 0x00, 0x00
.long _sym_00be1e60
.byte 0x00, 0x00, 0x00, 0x00, 0x00, 0x00, 0x00, 0x00, 0x00, 0x00, 0x00, 0x00, 0x00, 0x00, 0x00, 0x00
.byte 0x00, 0x00, 0x00, 0x00, 0x01, 0x00, 0x00, 0x00
.globl _sym_00be1ea4
_sym_00be1ea4:
.byte 0xff, 0xff, 0xff, 0xff
.long _sym_00abb6a0
.byte 0xff, 0xff, 0xff, 0xff, 0x00, 0x00, 0x00, 0x00, 0xff, 0xff, 0xff, 0xff, 0x00, 0x00, 0x00, 0x00
.byte 0xff, 0xff, 0xff, 0xff, 0x00, 0x00, 0x00, 0x00
.globl _sym_00be1ec4
_sym_00be1ec4:
.byte 0x22, 0x05, 0x93, 0x19, 0x04, 0x00, 0x00, 0x00
.long _sym_00be1ea4
.byte 0x00, 0x00, 0x00, 0x00, 0x00, 0x00, 0x00, 0x00, 0x00, 0x00, 0x00, 0x00, 0x00, 0x00, 0x00, 0x00
.byte 0x00, 0x00, 0x00, 0x00, 0x01, 0x00, 0x00, 0x00
.globl _sym_00be1ee8
_sym_00be1ee8:
.byte 0xff, 0xff, 0xff, 0xff
.long _sym_00abb640
.byte 0xff, 0xff, 0xff, 0xff, 0x00, 0x00, 0x00, 0x00, 0xff, 0xff, 0xff, 0xff, 0x00, 0x00, 0x00, 0x00
.byte 0xff, 0xff, 0xff, 0xff, 0x00, 0x00, 0x00, 0x00
.globl _sym_00be1f08
_sym_00be1f08:
.byte 0x22, 0x05, 0x93, 0x19, 0x04, 0x00, 0x00, 0x00
.long _sym_00be1ee8
.byte 0x00, 0x00, 0x00, 0x00, 0x00, 0x00, 0x00, 0x00, 0x00, 0x00, 0x00, 0x00, 0x00, 0x00, 0x00, 0x00
.byte 0x00, 0x00, 0x00, 0x00, 0x01, 0x00, 0x00, 0x00
.globl _sym_00be1f2c
_sym_00be1f2c:
.byte 0xff, 0xff, 0xff, 0xff
.long _sym_00abb730
.globl _sym_00be1f34
_sym_00be1f34:
.byte 0x22, 0x05, 0x93, 0x19, 0x01, 0x00, 0x00, 0x00
.long _sym_00be1f2c
.byte 0x00, 0x00, 0x00, 0x00, 0x00, 0x00, 0x00, 0x00, 0x00, 0x00, 0x00, 0x00, 0x00, 0x00, 0x00, 0x00
.byte 0x00, 0x00, 0x00, 0x00, 0x01, 0x00, 0x00, 0x00
.globl _sym_00be1f58
_sym_00be1f58:
.byte 0xff, 0xff, 0xff, 0xff
.long _sym_00abb760
.globl _sym_00be1f60
_sym_00be1f60:
.byte 0x22, 0x05, 0x93, 0x19, 0x01, 0x00, 0x00, 0x00
.long _sym_00be1f58
.byte 0x00, 0x00, 0x00, 0x00, 0x00, 0x00, 0x00, 0x00, 0x00, 0x00, 0x00, 0x00, 0x00, 0x00, 0x00, 0x00
.byte 0x00, 0x00, 0x00, 0x00, 0x01, 0x00, 0x00, 0x00
.globl _sym_00be1f84
_sym_00be1f84:
.byte 0xff, 0xff, 0xff, 0xff
.long _sym_00abb7f0
.globl _sym_00be1f8c
_sym_00be1f8c:
.byte 0x22, 0x05, 0x93, 0x19, 0x01, 0x00, 0x00, 0x00
.long _sym_00be1f84
.byte 0x00, 0x00, 0x00, 0x00, 0x00, 0x00, 0x00, 0x00, 0x00, 0x00, 0x00, 0x00, 0x00, 0x00, 0x00, 0x00
.byte 0x00, 0x00, 0x00, 0x00, 0x01, 0x00, 0x00, 0x00
.globl _sym_00be1fb0
_sym_00be1fb0:
.byte 0xff, 0xff, 0xff, 0xff
.long _sym_00abb790
.globl _sym_00be1fb8
_sym_00be1fb8:
.byte 0x22, 0x05, 0x93, 0x19, 0x01, 0x00, 0x00, 0x00
.long _sym_00be1fb0
.byte 0x00, 0x00, 0x00, 0x00, 0x00, 0x00, 0x00, 0x00, 0x00, 0x00, 0x00, 0x00, 0x00, 0x00, 0x00, 0x00
.byte 0x00, 0x00, 0x00, 0x00, 0x01, 0x00, 0x00, 0x00
.globl _sym_00be1fdc
_sym_00be1fdc:
.byte 0xff, 0xff, 0xff, 0xff
.long _sym_00abb820
.globl _sym_00be1fe4
_sym_00be1fe4:
.byte 0x22, 0x05, 0x93, 0x19, 0x01, 0x00, 0x00, 0x00
.long _sym_00be1fdc
.byte 0x00, 0x00, 0x00, 0x00, 0x00, 0x00, 0x00, 0x00, 0x00, 0x00, 0x00, 0x00, 0x00, 0x00, 0x00, 0x00
.byte 0x00, 0x00, 0x00, 0x00, 0x01, 0x00, 0x00, 0x00
.globl _sym_00be2008
_sym_00be2008:
.byte 0xff, 0xff, 0xff, 0xff
.long _sym_00abb7c0
.globl _sym_00be2010
_sym_00be2010:
.byte 0x22, 0x05, 0x93, 0x19, 0x01, 0x00, 0x00, 0x00
.long _sym_00be2008
.byte 0x00, 0x00, 0x00, 0x00, 0x00, 0x00, 0x00, 0x00, 0x00, 0x00, 0x00, 0x00, 0x00, 0x00, 0x00, 0x00
.byte 0x00, 0x00, 0x00, 0x00, 0x01, 0x00, 0x00, 0x00
.globl _sym_00be2034
_sym_00be2034:
.byte 0xff, 0xff, 0xff, 0xff
.long _sym_00abb8b0
.byte 0xff, 0xff, 0xff, 0xff
.long _sym_00abb8be
.byte 0xff, 0xff, 0xff, 0xff
.long _sym_00abb8cc
.byte 0xff, 0xff, 0xff, 0xff
.long _sym_00abb8da
.globl _sym_00be2054
_sym_00be2054:
.byte 0x22, 0x05, 0x93, 0x19, 0x04, 0x00, 0x00, 0x00
.long _sym_00be2034
.byte 0x00, 0x00, 0x00, 0x00, 0x00, 0x00, 0x00, 0x00, 0x00, 0x00, 0x00, 0x00, 0x00, 0x00, 0x00, 0x00
.byte 0x00, 0x00, 0x00, 0x00, 0x01, 0x00, 0x00, 0x00
.globl _sym_00be2078
_sym_00be2078:
.byte 0xff, 0xff, 0xff, 0xff
.long _sym_00abb850
.globl _sym_00be2080
_sym_00be2080:
.byte 0x22, 0x05, 0x93, 0x19, 0x01, 0x00, 0x00, 0x00
.long _sym_00be2078
.byte 0x00, 0x00, 0x00, 0x00, 0x00, 0x00, 0x00, 0x00, 0x00, 0x00, 0x00, 0x00, 0x00, 0x00, 0x00, 0x00
.byte 0x00, 0x00, 0x00, 0x00, 0x01, 0x00, 0x00, 0x00
.globl _sym_00be20a4
_sym_00be20a4:
.byte 0xff, 0xff, 0xff, 0xff
.long _sym_00abb910
.globl _sym_00be20ac
_sym_00be20ac:
.byte 0x22, 0x05, 0x93, 0x19, 0x01, 0x00, 0x00, 0x00
.long _sym_00be20a4
.byte 0x00, 0x00, 0x00, 0x00, 0x00, 0x00, 0x00, 0x00, 0x00, 0x00, 0x00, 0x00, 0x00, 0x00, 0x00, 0x00
.byte 0x00, 0x00, 0x00, 0x00, 0x01, 0x00, 0x00, 0x00
.globl _sym_00be20d0
_sym_00be20d0:
.byte 0xff, 0xff, 0xff, 0xff
.long _sym_00abb880
.globl _sym_00be20d8
_sym_00be20d8:
.byte 0x22, 0x05, 0x93, 0x19, 0x01, 0x00, 0x00, 0x00
.long _sym_00be20d0
.byte 0x00, 0x00, 0x00, 0x00, 0x00, 0x00, 0x00, 0x00, 0x00, 0x00, 0x00, 0x00, 0x00, 0x00, 0x00, 0x00
.byte 0x00, 0x00, 0x00, 0x00, 0x01, 0x00, 0x00, 0x00
.globl _sym_00be20fc
_sym_00be20fc:
.byte 0xff, 0xff, 0xff, 0xff
.long _sym_00abb9a0
.byte 0xff, 0xff, 0xff, 0xff
.long _sym_00abb9ae
.byte 0xff, 0xff, 0xff, 0xff
.long _sym_00abb9bc
.globl _sym_00be2114
_sym_00be2114:
.byte 0x22, 0x05, 0x93, 0x19, 0x03, 0x00, 0x00, 0x00
.long _sym_00be20fc
.byte 0x00, 0x00, 0x00, 0x00, 0x00, 0x00, 0x00, 0x00, 0x00, 0x00, 0x00, 0x00, 0x00, 0x00, 0x00, 0x00
.byte 0x00, 0x00, 0x00, 0x00, 0x01, 0x00, 0x00, 0x00
.globl _sym_00be2138
_sym_00be2138:
.byte 0xff, 0xff, 0xff, 0xff
.long _sym_00abb940
.globl _sym_00be2140
_sym_00be2140:
.byte 0x22, 0x05, 0x93, 0x19, 0x01, 0x00, 0x00, 0x00
.long _sym_00be2138
.byte 0x00, 0x00, 0x00, 0x00, 0x00, 0x00, 0x00, 0x00, 0x00, 0x00, 0x00, 0x00, 0x00, 0x00, 0x00, 0x00
.byte 0x00, 0x00, 0x00, 0x00, 0x01, 0x00, 0x00, 0x00
.globl _sym_00be2164
_sym_00be2164:
.byte 0xff, 0xff, 0xff, 0xff
.long _sym_00abb9f0
.globl _sym_00be216c
_sym_00be216c:
.byte 0x22, 0x05, 0x93, 0x19, 0x01, 0x00, 0x00, 0x00
.long _sym_00be2164
.byte 0x00, 0x00, 0x00, 0x00, 0x00, 0x00, 0x00, 0x00, 0x00, 0x00, 0x00, 0x00, 0x00, 0x00, 0x00, 0x00
.byte 0x00, 0x00, 0x00, 0x00, 0x01, 0x00, 0x00, 0x00
.globl _sym_00be2190
_sym_00be2190:
.byte 0xff, 0xff, 0xff, 0xff
.long _sym_00abb970
.globl _sym_00be2198
_sym_00be2198:
.byte 0x22, 0x05, 0x93, 0x19, 0x01, 0x00, 0x00, 0x00
.long _sym_00be2190
.byte 0x00, 0x00, 0x00, 0x00, 0x00, 0x00, 0x00, 0x00, 0x00, 0x00, 0x00, 0x00, 0x00, 0x00, 0x00, 0x00
.byte 0x00, 0x00, 0x00, 0x00, 0x01, 0x00, 0x00, 0x00
.globl _sym_00be21bc
_sym_00be21bc:
.byte 0xff, 0xff, 0xff, 0xff
.long _sym_00abba80
.globl _sym_00be21c4
_sym_00be21c4:
.byte 0x22, 0x05, 0x93, 0x19, 0x01, 0x00, 0x00, 0x00
.long _sym_00be21bc
.byte 0x00, 0x00, 0x00, 0x00, 0x00, 0x00, 0x00, 0x00, 0x00, 0x00, 0x00, 0x00, 0x00, 0x00, 0x00, 0x00
.byte 0x00, 0x00, 0x00, 0x00, 0x01, 0x00, 0x00, 0x00
.globl _sym_00be21e8
_sym_00be21e8:
.byte 0xff, 0xff, 0xff, 0xff
.long _sym_00abba20
.globl _sym_00be21f0
_sym_00be21f0:
.byte 0x22, 0x05, 0x93, 0x19, 0x01, 0x00, 0x00, 0x00
.long _sym_00be21e8
.byte 0x00, 0x00, 0x00, 0x00, 0x00, 0x00, 0x00, 0x00, 0x00, 0x00, 0x00, 0x00, 0x00, 0x00, 0x00, 0x00
.byte 0x00, 0x00, 0x00, 0x00, 0x01, 0x00, 0x00, 0x00
.globl _sym_00be2214
_sym_00be2214:
.byte 0xff, 0xff, 0xff, 0xff
.long _sym_00abba50
.globl _sym_00be221c
_sym_00be221c:
.byte 0x22, 0x05, 0x93, 0x19, 0x01, 0x00, 0x00, 0x00
.long _sym_00be2214
.byte 0x00, 0x00, 0x00, 0x00, 0x00, 0x00, 0x00, 0x00, 0x00, 0x00, 0x00, 0x00, 0x00, 0x00, 0x00, 0x00
.byte 0x00, 0x00, 0x00, 0x00, 0x01, 0x00, 0x00, 0x00
.globl _sym_00be2240
_sym_00be2240:
.byte 0xff, 0xff, 0xff, 0xff
.long _sym_00abbb10
.byte 0xff, 0xff, 0xff, 0xff
.long _sym_00abbb1e
.globl _sym_00be2250
_sym_00be2250:
.byte 0x22, 0x05, 0x93, 0x19, 0x02, 0x00, 0x00, 0x00
.long _sym_00be2240
.byte 0x00, 0x00, 0x00, 0x00, 0x00, 0x00, 0x00, 0x00, 0x00, 0x00, 0x00, 0x00, 0x00, 0x00, 0x00, 0x00
.byte 0x00, 0x00, 0x00, 0x00, 0x01, 0x00, 0x00, 0x00
.globl _sym_00be2274
_sym_00be2274:
.byte 0xff, 0xff, 0xff, 0xff
.long _sym_00abbab0
.globl _sym_00be227c
_sym_00be227c:
.byte 0x22, 0x05, 0x93, 0x19, 0x01, 0x00, 0x00, 0x00
.long _sym_00be2274
.byte 0x00, 0x00, 0x00, 0x00, 0x00, 0x00, 0x00, 0x00, 0x00, 0x00, 0x00, 0x00, 0x00, 0x00, 0x00, 0x00
.byte 0x00, 0x00, 0x00, 0x00, 0x01, 0x00, 0x00, 0x00
.globl _sym_00be22a0
_sym_00be22a0:
.byte 0xff, 0xff, 0xff, 0xff
.long _sym_00abbb50
.globl _sym_00be22a8
_sym_00be22a8:
.byte 0x22, 0x05, 0x93, 0x19, 0x01, 0x00, 0x00, 0x00
.long _sym_00be22a0
.byte 0x00, 0x00, 0x00, 0x00, 0x00, 0x00, 0x00, 0x00, 0x00, 0x00, 0x00, 0x00, 0x00, 0x00, 0x00, 0x00
.byte 0x00, 0x00, 0x00, 0x00, 0x01, 0x00, 0x00, 0x00
.globl _sym_00be22cc
_sym_00be22cc:
.byte 0xff, 0xff, 0xff, 0xff
.long _sym_00abbae0
.globl _sym_00be22d4
_sym_00be22d4:
.byte 0x22, 0x05, 0x93, 0x19, 0x01, 0x00, 0x00, 0x00
.long _sym_00be22cc
.byte 0x00, 0x00, 0x00, 0x00, 0x00, 0x00, 0x00, 0x00, 0x00, 0x00, 0x00, 0x00, 0x00, 0x00, 0x00, 0x00
.byte 0x00, 0x00, 0x00, 0x00, 0x01, 0x00, 0x00, 0x00
.globl _sym_00be22f8
_sym_00be22f8:
.byte 0xff, 0xff, 0xff, 0xff
.long _sym_00abbbe0
.byte 0xff, 0xff, 0xff, 0xff
.long _sym_00abbbee
.globl _sym_00be2308
_sym_00be2308:
.byte 0x22, 0x05, 0x93, 0x19, 0x02, 0x00, 0x00, 0x00
.long _sym_00be22f8
.byte 0x00, 0x00, 0x00, 0x00, 0x00, 0x00, 0x00, 0x00, 0x00, 0x00, 0x00, 0x00, 0x00, 0x00, 0x00, 0x00
.byte 0x00, 0x00, 0x00, 0x00, 0x01, 0x00, 0x00, 0x00
.globl _sym_00be232c
_sym_00be232c:
.byte 0xff, 0xff, 0xff, 0xff
.long _sym_00abbb80
.globl _sym_00be2334
_sym_00be2334:
.byte 0x22, 0x05, 0x93, 0x19, 0x01, 0x00, 0x00, 0x00
.long _sym_00be232c
.byte 0x00, 0x00, 0x00, 0x00, 0x00, 0x00, 0x00, 0x00, 0x00, 0x00, 0x00, 0x00, 0x00, 0x00, 0x00, 0x00
.byte 0x00, 0x00, 0x00, 0x00, 0x01, 0x00, 0x00, 0x00
.globl _sym_00be2358
_sym_00be2358:
.byte 0xff, 0xff, 0xff, 0xff
.long _sym_00abbc20
.globl _sym_00be2360
_sym_00be2360:
.byte 0x22, 0x05, 0x93, 0x19, 0x01, 0x00, 0x00, 0x00
.long _sym_00be2358
.byte 0x00, 0x00, 0x00, 0x00, 0x00, 0x00, 0x00, 0x00, 0x00, 0x00, 0x00, 0x00, 0x00, 0x00, 0x00, 0x00
.byte 0x00, 0x00, 0x00, 0x00, 0x01, 0x00, 0x00, 0x00
.globl _sym_00be2384
_sym_00be2384:
.byte 0xff, 0xff, 0xff, 0xff
.long _sym_00abbbb0
.globl _sym_00be238c
_sym_00be238c:
.byte 0x22, 0x05, 0x93, 0x19, 0x01, 0x00, 0x00, 0x00
.long _sym_00be2384
.byte 0x00, 0x00, 0x00, 0x00, 0x00, 0x00, 0x00, 0x00, 0x00, 0x00, 0x00, 0x00, 0x00, 0x00, 0x00, 0x00
.byte 0x00, 0x00, 0x00, 0x00, 0x01, 0x00, 0x00, 0x00
.globl _sym_00be23b0
_sym_00be23b0:
.byte 0xff, 0xff, 0xff, 0xff
.long _sym_00abc0e0
.byte 0xff, 0xff, 0xff, 0xff
.long _sym_00abc0ee
.globl _sym_00be23c0
_sym_00be23c0:
.byte 0x22, 0x05, 0x93, 0x19, 0x02, 0x00, 0x00, 0x00
.long _sym_00be23b0
.byte 0x00, 0x00, 0x00, 0x00, 0x00, 0x00, 0x00, 0x00, 0x00, 0x00, 0x00, 0x00, 0x00, 0x00, 0x00, 0x00
.byte 0x00, 0x00, 0x00, 0x00, 0x01, 0x00, 0x00, 0x00
.globl _sym_00be23e4
_sym_00be23e4:
.byte 0xff, 0xff, 0xff, 0xff
.long _sym_00abbfb0
.globl _sym_00be23ec
_sym_00be23ec:
.byte 0x22, 0x05, 0x93, 0x19, 0x01, 0x00, 0x00, 0x00
.long _sym_00be23e4
.byte 0x00, 0x00, 0x00, 0x00, 0x00, 0x00, 0x00, 0x00, 0x00, 0x00, 0x00, 0x00, 0x00, 0x00, 0x00, 0x00
.byte 0x00, 0x00, 0x00, 0x00, 0x01, 0x00, 0x00, 0x00
.globl _sym_00be2410
_sym_00be2410:
.byte 0xff, 0xff, 0xff, 0xff
.long _sym_00abc120
.byte 0xff, 0xff, 0xff, 0xff
.long _sym_00abc12e
.byte 0xff, 0xff, 0xff, 0xff
.long _sym_00abc13c
.byte 0xff, 0xff, 0xff, 0xff
.long _sym_00abc14a
.globl _sym_00be2430
_sym_00be2430:
.byte 0x22, 0x05, 0x93, 0x19, 0x04, 0x00, 0x00, 0x00
.long _sym_00be2410
.byte 0x00, 0x00, 0x00, 0x00, 0x00, 0x00, 0x00, 0x00, 0x00, 0x00, 0x00, 0x00, 0x00, 0x00, 0x00, 0x00
.byte 0x00, 0x00, 0x00, 0x00, 0x01, 0x00, 0x00, 0x00
.globl _sym_00be2454
_sym_00be2454:
.byte 0xff, 0xff, 0xff, 0xff
.long _sym_00abc2a0
.byte 0xff, 0xff, 0xff, 0xff, 0x00, 0x00, 0x00, 0x00, 0xff, 0xff, 0xff, 0xff, 0x00, 0x00, 0x00, 0x00
.byte 0xff, 0xff, 0xff, 0xff, 0x00, 0x00, 0x00, 0x00
.globl _sym_00be2474
_sym_00be2474:
.byte 0x22, 0x05, 0x93, 0x19, 0x04, 0x00, 0x00, 0x00
.long _sym_00be2454
.byte 0x00, 0x00, 0x00, 0x00, 0x00, 0x00, 0x00, 0x00, 0x00, 0x00, 0x00, 0x00, 0x00, 0x00, 0x00, 0x00
.byte 0x00, 0x00, 0x00, 0x00, 0x01, 0x00, 0x00, 0x00
.globl _sym_00be2498
_sym_00be2498:
.byte 0xff, 0xff, 0xff, 0xff
.long _sym_00abc180
.byte 0xff, 0xff, 0xff, 0xff
.long _sym_00abc18e
.byte 0xff, 0xff, 0xff, 0xff
.long _sym_00abc19c
.byte 0xff, 0xff, 0xff, 0xff
.long _sym_00abc1aa
.globl _sym_00be24b8
_sym_00be24b8:
.byte 0x22, 0x05, 0x93, 0x19, 0x04, 0x00, 0x00, 0x00
.long _sym_00be2498
.byte 0x00, 0x00, 0x00, 0x00, 0x00, 0x00, 0x00, 0x00, 0x00, 0x00, 0x00, 0x00, 0x00, 0x00, 0x00, 0x00
.byte 0x00, 0x00, 0x00, 0x00, 0x01, 0x00, 0x00, 0x00
.globl _sym_00be24dc
_sym_00be24dc:
.byte 0xff, 0xff, 0xff, 0xff
.long _sym_00abc2d0
.byte 0xff, 0xff, 0xff, 0xff, 0x00, 0x00, 0x00, 0x00, 0xff, 0xff, 0xff, 0xff, 0x00, 0x00, 0x00, 0x00
.byte 0xff, 0xff, 0xff, 0xff, 0x00, 0x00, 0x00, 0x00
.globl _sym_00be24fc
_sym_00be24fc:
.byte 0x22, 0x05, 0x93, 0x19, 0x04, 0x00, 0x00, 0x00
.long _sym_00be24dc
.byte 0x00, 0x00, 0x00, 0x00, 0x00, 0x00, 0x00, 0x00, 0x00, 0x00, 0x00, 0x00, 0x00, 0x00, 0x00, 0x00
.byte 0x00, 0x00, 0x00, 0x00, 0x01, 0x00, 0x00, 0x00
.globl _sym_00be2520
_sym_00be2520:
.byte 0x22, 0x05, 0x93, 0x19, 0x0b, 0x00, 0x00, 0x00
.long _sym_00be2544
.byte 0x00, 0x00, 0x00, 0x00, 0x00, 0x00, 0x00, 0x00, 0x00, 0x00, 0x00, 0x00, 0x00, 0x00, 0x00, 0x00
.byte 0x00, 0x00, 0x00, 0x00, 0x01, 0x00, 0x00, 0x00
.globl _sym_00be2544
_sym_00be2544:
.byte 0xff, 0xff, 0xff, 0xff
.long _sym_00abc070
.byte 0x00, 0x00, 0x00, 0x00
.long _sym_00abc07e
.byte 0x00, 0x00, 0x00, 0x00, 0x00, 0x00, 0x00, 0x00, 0x00, 0x00, 0x00, 0x00, 0x00, 0x00, 0x00, 0x00
.byte 0x00, 0x00, 0x00, 0x00, 0x00, 0x00, 0x00, 0x00, 0xff, 0xff, 0xff, 0xff
.long _sym_00abc08c
.byte 0xff, 0xff, 0xff, 0xff
.long _sym_00abc09a
.byte 0x06, 0x00, 0x00, 0x00
.long _sym_00abc0a8
.byte 0x06, 0x00, 0x00, 0x00, 0x00, 0x00, 0x00, 0x00, 0x06, 0x00, 0x00, 0x00, 0x00, 0x00, 0x00, 0x00
.byte 0x06, 0x00, 0x00, 0x00, 0x00, 0x00, 0x00, 0x00
.globl _sym_00be259c
_sym_00be259c:
.byte 0xff, 0xff, 0xff, 0xff
.long _sym_00abbf80
.globl _sym_00be25a4
_sym_00be25a4:
.byte 0x22, 0x05, 0x93, 0x19, 0x01, 0x00, 0x00, 0x00
.long _sym_00be259c
.byte 0x00, 0x00, 0x00, 0x00, 0x00, 0x00, 0x00, 0x00, 0x00, 0x00, 0x00, 0x00, 0x00, 0x00, 0x00, 0x00
.byte 0x00, 0x00, 0x00, 0x00, 0x01, 0x00, 0x00, 0x00
.globl _sym_00be25c8
_sym_00be25c8:
.byte 0xff, 0xff, 0xff, 0xff
.long _sym_00abc4e0
.globl _sym_00be25d0
_sym_00be25d0:
.byte 0x22, 0x05, 0x93, 0x19, 0x01, 0x00, 0x00, 0x00
.long _sym_00be25c8
.byte 0x00, 0x00, 0x00, 0x00, 0x00, 0x00, 0x00, 0x00, 0x00, 0x00, 0x00, 0x00, 0x00, 0x00, 0x00, 0x00
.byte 0x00, 0x00, 0x00, 0x00, 0x01, 0x00, 0x00, 0x00
.globl _sym_00be25f4
_sym_00be25f4:
.byte 0xff, 0xff, 0xff, 0xff
.long _sym_00abbfe0
.byte 0x00, 0x00, 0x00, 0x00
.long _sym_00abbfe8
.globl _sym_00be2604
_sym_00be2604:
.byte 0x22, 0x05, 0x93, 0x19, 0x02, 0x00, 0x00, 0x00
.long _sym_00be25f4
.byte 0x00, 0x00, 0x00, 0x00, 0x00, 0x00, 0x00, 0x00, 0x00, 0x00, 0x00, 0x00, 0x00, 0x00, 0x00, 0x00
.byte 0x00, 0x00, 0x00, 0x00, 0x01, 0x00, 0x00, 0x00
.globl _sym_00be2628
_sym_00be2628:
.byte 0xff, 0xff, 0xff, 0xff
.long _sym_00abbc50
.globl _sym_00be2630
_sym_00be2630:
.byte 0x22, 0x05, 0x93, 0x19, 0x01, 0x00, 0x00, 0x00
.long _sym_00be2628
.byte 0x00, 0x00, 0x00, 0x00, 0x00, 0x00, 0x00, 0x00, 0x00, 0x00, 0x00, 0x00, 0x00, 0x00, 0x00, 0x00
.byte 0x00, 0x00, 0x00, 0x00, 0x01, 0x00, 0x00, 0x00
.globl _sym_00be2654
_sym_00be2654:
.byte 0xff, 0xff, 0xff, 0xff
.long _sym_00abc040
.globl _sym_00be265c
_sym_00be265c:
.byte 0x22, 0x05, 0x93, 0x19, 0x01, 0x00, 0x00, 0x00
.long _sym_00be2654
.byte 0x00, 0x00, 0x00, 0x00, 0x00, 0x00, 0x00, 0x00, 0x00, 0x00, 0x00, 0x00, 0x00, 0x00, 0x00, 0x00
.byte 0x00, 0x00, 0x00, 0x00, 0x01, 0x00, 0x00, 0x00
.globl _sym_00be2680
_sym_00be2680:
.byte 0xff, 0xff, 0xff, 0xff
.long _sym_00abc010
.globl _sym_00be2688
_sym_00be2688:
.byte 0x22, 0x05, 0x93, 0x19, 0x01, 0x00, 0x00, 0x00
.long _sym_00be2680
.byte 0x00, 0x00, 0x00, 0x00, 0x00, 0x00, 0x00, 0x00, 0x00, 0x00, 0x00, 0x00, 0x00, 0x00, 0x00, 0x00
.byte 0x00, 0x00, 0x00, 0x00, 0x01, 0x00, 0x00, 0x00
.globl _sym_00be26ac
_sym_00be26ac:
.byte 0xff, 0xff, 0xff, 0xff
.long _sym_00abbe00
.byte 0xff, 0xff, 0xff, 0xff, 0x00, 0x00, 0x00, 0x00, 0xff, 0xff, 0xff, 0xff, 0x00, 0x00, 0x00, 0x00
.byte 0xff, 0xff, 0xff, 0xff, 0x00, 0x00, 0x00, 0x00
.globl _sym_00be26cc
_sym_00be26cc:
.byte 0x22, 0x05, 0x93, 0x19, 0x04, 0x00, 0x00, 0x00
.long _sym_00be26ac
.byte 0x00, 0x00, 0x00, 0x00, 0x00, 0x00, 0x00, 0x00, 0x00, 0x00, 0x00, 0x00, 0x00, 0x00, 0x00, 0x00
.byte 0x00, 0x00, 0x00, 0x00, 0x01, 0x00, 0x00, 0x00
.globl _sym_00be26f0
_sym_00be26f0:
.byte 0xff, 0xff, 0xff, 0xff
.long _sym_00abbe30
.byte 0xff, 0xff, 0xff, 0xff, 0x00, 0x00, 0x00, 0x00, 0xff, 0xff, 0xff, 0xff, 0x00, 0x00, 0x00, 0x00
.byte 0xff, 0xff, 0xff, 0xff, 0x00, 0x00, 0x00, 0x00
.globl _sym_00be2710
_sym_00be2710:
.byte 0x22, 0x05, 0x93, 0x19, 0x04, 0x00, 0x00, 0x00
.long _sym_00be26f0
.byte 0x00, 0x00, 0x00, 0x00, 0x00, 0x00, 0x00, 0x00, 0x00, 0x00, 0x00, 0x00, 0x00, 0x00, 0x00, 0x00
.byte 0x00, 0x00, 0x00, 0x00, 0x01, 0x00, 0x00, 0x00
.globl _sym_00be2734
_sym_00be2734:
.byte 0xff, 0xff, 0xff, 0xff
.long _sym_00abbf50
.globl _sym_00be273c
_sym_00be273c:
.byte 0x22, 0x05, 0x93, 0x19, 0x01, 0x00, 0x00, 0x00
.long _sym_00be2734
.byte 0x00, 0x00, 0x00, 0x00, 0x00, 0x00, 0x00, 0x00, 0x00, 0x00, 0x00, 0x00, 0x00, 0x00, 0x00, 0x00
.byte 0x00, 0x00, 0x00, 0x00, 0x01, 0x00, 0x00, 0x00
.globl _sym_00be2760
_sym_00be2760:
.byte 0xff, 0xff, 0xff, 0xff
.long _sym_00abbf20
.globl _sym_00be2768
_sym_00be2768:
.byte 0x22, 0x05, 0x93, 0x19, 0x01, 0x00, 0x00, 0x00
.long _sym_00be2760
.byte 0x00, 0x00, 0x00, 0x00, 0x00, 0x00, 0x00, 0x00, 0x00, 0x00, 0x00, 0x00, 0x00, 0x00, 0x00, 0x00
.byte 0x00, 0x00, 0x00, 0x00, 0x01, 0x00, 0x00, 0x00
.globl _sym_00be278c
_sym_00be278c:
.byte 0xff, 0xff, 0xff, 0xff
.long _sym_00abbd40
.byte 0xff, 0xff, 0xff, 0xff, 0x00, 0x00, 0x00, 0x00, 0xff, 0xff, 0xff, 0xff, 0x00, 0x00, 0x00, 0x00
.byte 0xff, 0xff, 0xff, 0xff, 0x00, 0x00, 0x00, 0x00
.globl _sym_00be27ac
_sym_00be27ac:
.byte 0x22, 0x05, 0x93, 0x19, 0x04, 0x00, 0x00, 0x00
.long _sym_00be278c
.byte 0x00, 0x00, 0x00, 0x00, 0x00, 0x00, 0x00, 0x00, 0x00, 0x00, 0x00, 0x00, 0x00, 0x00, 0x00, 0x00
.byte 0x00, 0x00, 0x00, 0x00, 0x01, 0x00, 0x00, 0x00
.globl _sym_00be27d0
_sym_00be27d0:
.byte 0xff, 0xff, 0xff, 0xff
.long _sym_00abbd70
.byte 0xff, 0xff, 0xff, 0xff, 0x00, 0x00, 0x00, 0x00, 0xff, 0xff, 0xff, 0xff, 0x00, 0x00, 0x00, 0x00
.byte 0xff, 0xff, 0xff, 0xff, 0x00, 0x00, 0x00, 0x00
.globl _sym_00be27f0
_sym_00be27f0:
.byte 0x22, 0x05, 0x93, 0x19, 0x04, 0x00, 0x00, 0x00
.long _sym_00be27d0
.byte 0x00, 0x00, 0x00, 0x00, 0x00, 0x00, 0x00, 0x00, 0x00, 0x00, 0x00, 0x00, 0x00, 0x00, 0x00, 0x00
.byte 0x00, 0x00, 0x00, 0x00, 0x01, 0x00, 0x00, 0x00
.globl _sym_00be2814
_sym_00be2814:
.byte 0xff, 0xff, 0xff, 0xff
.long _sym_00abbe90
.byte 0xff, 0xff, 0xff, 0xff, 0x00, 0x00, 0x00, 0x00, 0xff, 0xff, 0xff, 0xff, 0x00, 0x00, 0x00, 0x00
.byte 0xff, 0xff, 0xff, 0xff, 0x00, 0x00, 0x00, 0x00
.globl _sym_00be2834
_sym_00be2834:
.byte 0x22, 0x05, 0x93, 0x19, 0x04, 0x00, 0x00, 0x00
.long _sym_00be2814
.byte 0x00, 0x00, 0x00, 0x00, 0x00, 0x00, 0x00, 0x00, 0x00, 0x00, 0x00, 0x00, 0x00, 0x00, 0x00, 0x00
.byte 0x00, 0x00, 0x00, 0x00, 0x01, 0x00, 0x00, 0x00
.globl _sym_00be2858
_sym_00be2858:
.byte 0xff, 0xff, 0xff, 0xff
.long _sym_00abbef0
.byte 0xff, 0xff, 0xff, 0xff, 0x00, 0x00, 0x00, 0x00, 0xff, 0xff, 0xff, 0xff, 0x00, 0x00, 0x00, 0x00
.byte 0xff, 0xff, 0xff, 0xff, 0x00, 0x00, 0x00, 0x00
.globl _sym_00be2878
_sym_00be2878:
.byte 0x22, 0x05, 0x93, 0x19, 0x04, 0x00, 0x00, 0x00
.long _sym_00be2858
.byte 0x00, 0x00, 0x00, 0x00, 0x00, 0x00, 0x00, 0x00, 0x00, 0x00, 0x00, 0x00, 0x00, 0x00, 0x00, 0x00
.byte 0x00, 0x00, 0x00, 0x00, 0x01, 0x00, 0x00, 0x00
.globl _sym_00be289c
_sym_00be289c:
.byte 0xff, 0xff, 0xff, 0xff
.long _sym_00abc210
.byte 0xff, 0xff, 0xff, 0xff, 0x00, 0x00, 0x00, 0x00, 0xff, 0xff, 0xff, 0xff, 0x00, 0x00, 0x00, 0x00
.byte 0xff, 0xff, 0xff, 0xff, 0x00, 0x00, 0x00, 0x00
.globl _sym_00be28bc
_sym_00be28bc:
.byte 0x22, 0x05, 0x93, 0x19, 0x04, 0x00, 0x00, 0x00
.long _sym_00be289c
.byte 0x00, 0x00, 0x00, 0x00, 0x00, 0x00, 0x00, 0x00, 0x00, 0x00, 0x00, 0x00, 0x00, 0x00, 0x00, 0x00
.byte 0x00, 0x00, 0x00, 0x00, 0x01, 0x00, 0x00, 0x00
.globl _sym_00be28e0
_sym_00be28e0:
.byte 0xff, 0xff, 0xff, 0xff
.long _sym_00abbe60
.byte 0xff, 0xff, 0xff, 0xff, 0x00, 0x00, 0x00, 0x00, 0xff, 0xff, 0xff, 0xff, 0x00, 0x00, 0x00, 0x00
.byte 0xff, 0xff, 0xff, 0xff, 0x00, 0x00, 0x00, 0x00
.globl _sym_00be2900
_sym_00be2900:
.byte 0x22, 0x05, 0x93, 0x19, 0x04, 0x00, 0x00, 0x00
.long _sym_00be28e0
.byte 0x00, 0x00, 0x00, 0x00, 0x00, 0x00, 0x00, 0x00, 0x00, 0x00, 0x00, 0x00, 0x00, 0x00, 0x00, 0x00
.byte 0x00, 0x00, 0x00, 0x00, 0x01, 0x00, 0x00, 0x00
.globl _sym_00be2924
_sym_00be2924:
.byte 0xff, 0xff, 0xff, 0xff
.long _sym_00abbec0
.byte 0xff, 0xff, 0xff, 0xff, 0x00, 0x00, 0x00, 0x00, 0xff, 0xff, 0xff, 0xff, 0x00, 0x00, 0x00, 0x00
.byte 0xff, 0xff, 0xff, 0xff, 0x00, 0x00, 0x00, 0x00
.globl _sym_00be2944
_sym_00be2944:
.byte 0x22, 0x05, 0x93, 0x19, 0x04, 0x00, 0x00, 0x00
.long _sym_00be2924
.byte 0x00, 0x00, 0x00, 0x00, 0x00, 0x00, 0x00, 0x00, 0x00, 0x00, 0x00, 0x00, 0x00, 0x00, 0x00, 0x00
.byte 0x00, 0x00, 0x00, 0x00, 0x01, 0x00, 0x00, 0x00
.globl _sym_00be2968
_sym_00be2968:
.byte 0xff, 0xff, 0xff, 0xff
.long _sym_00abc1e0
.byte 0xff, 0xff, 0xff, 0xff, 0x00, 0x00, 0x00, 0x00, 0xff, 0xff, 0xff, 0xff, 0x00, 0x00, 0x00, 0x00
.byte 0xff, 0xff, 0xff, 0xff, 0x00, 0x00, 0x00, 0x00
.globl _sym_00be2988
_sym_00be2988:
.byte 0x22, 0x05, 0x93, 0x19, 0x04, 0x00, 0x00, 0x00
.long _sym_00be2968
.byte 0x00, 0x00, 0x00, 0x00, 0x00, 0x00, 0x00, 0x00, 0x00, 0x00, 0x00, 0x00, 0x00, 0x00, 0x00, 0x00
.byte 0x00, 0x00, 0x00, 0x00, 0x01, 0x00, 0x00, 0x00
.globl _sym_00be29ac
_sym_00be29ac:
.byte 0xff, 0xff, 0xff, 0xff
.long _sym_00abc360
.byte 0xff, 0xff, 0xff, 0xff, 0x00, 0x00, 0x00, 0x00, 0xff, 0xff, 0xff, 0xff, 0x00, 0x00, 0x00, 0x00
.byte 0xff, 0xff, 0xff, 0xff, 0x00, 0x00, 0x00, 0x00
.globl _sym_00be29cc
_sym_00be29cc:
.byte 0x22, 0x05, 0x93, 0x19, 0x04, 0x00, 0x00, 0x00
.long _sym_00be29ac
.byte 0x00, 0x00, 0x00, 0x00, 0x00, 0x00, 0x00, 0x00, 0x00, 0x00, 0x00, 0x00, 0x00, 0x00, 0x00, 0x00
.byte 0x00, 0x00, 0x00, 0x00, 0x01, 0x00, 0x00, 0x00
.globl _sym_00be29f0
_sym_00be29f0:
.byte 0xff, 0xff, 0xff, 0xff
.long _sym_00abc390
.byte 0xff, 0xff, 0xff, 0xff, 0x00, 0x00, 0x00, 0x00, 0xff, 0xff, 0xff, 0xff, 0x00, 0x00, 0x00, 0x00
.byte 0xff, 0xff, 0xff, 0xff, 0x00, 0x00, 0x00, 0x00
.globl _sym_00be2a10
_sym_00be2a10:
.byte 0x22, 0x05, 0x93, 0x19, 0x04, 0x00, 0x00, 0x00
.long _sym_00be29f0
.byte 0x00, 0x00, 0x00, 0x00, 0x00, 0x00, 0x00, 0x00, 0x00, 0x00, 0x00, 0x00, 0x00, 0x00, 0x00, 0x00
.byte 0x00, 0x00, 0x00, 0x00, 0x01, 0x00, 0x00, 0x00
.globl _sym_00be2a34
_sym_00be2a34:
.byte 0xff, 0xff, 0xff, 0xff
.long _sym_00abbcb0
.byte 0xff, 0xff, 0xff, 0xff, 0x00, 0x00, 0x00, 0x00, 0xff, 0xff, 0xff, 0xff, 0x00, 0x00, 0x00, 0x00
.byte 0xff, 0xff, 0xff, 0xff, 0x00, 0x00, 0x00, 0x00
.globl _sym_00be2a54
_sym_00be2a54:
.byte 0x22, 0x05, 0x93, 0x19, 0x04, 0x00, 0x00, 0x00
.long _sym_00be2a34
.byte 0x00, 0x00, 0x00, 0x00, 0x00, 0x00, 0x00, 0x00, 0x00, 0x00, 0x00, 0x00, 0x00, 0x00, 0x00, 0x00
.byte 0x00, 0x00, 0x00, 0x00, 0x01, 0x00, 0x00, 0x00
.globl _sym_00be2a78
_sym_00be2a78:
.byte 0xff, 0xff, 0xff, 0xff
.long _sym_00abbc80
.byte 0xff, 0xff, 0xff, 0xff, 0x00, 0x00, 0x00, 0x00, 0xff, 0xff, 0xff, 0xff, 0x00, 0x00, 0x00, 0x00
.byte 0xff, 0xff, 0xff, 0xff, 0x00, 0x00, 0x00, 0x00
.globl _sym_00be2a98
_sym_00be2a98:
.byte 0x22, 0x05, 0x93, 0x19, 0x04, 0x00, 0x00, 0x00
.long _sym_00be2a78
.byte 0x00, 0x00, 0x00, 0x00, 0x00, 0x00, 0x00, 0x00, 0x00, 0x00, 0x00, 0x00, 0x00, 0x00, 0x00, 0x00
.byte 0x00, 0x00, 0x00, 0x00, 0x01, 0x00, 0x00, 0x00
.globl _sym_00be2abc
_sym_00be2abc:
.byte 0xff, 0xff, 0xff, 0xff
.long _sym_00abbda0
.byte 0xff, 0xff, 0xff, 0xff, 0x00, 0x00, 0x00, 0x00, 0xff, 0xff, 0xff, 0xff, 0x00, 0x00, 0x00, 0x00
.byte 0xff, 0xff, 0xff, 0xff, 0x00, 0x00, 0x00, 0x00
.globl _sym_00be2adc
_sym_00be2adc:
.byte 0x22, 0x05, 0x93, 0x19, 0x04, 0x00, 0x00, 0x00
.long _sym_00be2abc
.byte 0x00, 0x00, 0x00, 0x00, 0x00, 0x00, 0x00, 0x00, 0x00, 0x00, 0x00, 0x00, 0x00, 0x00, 0x00, 0x00
.byte 0x00, 0x00, 0x00, 0x00, 0x01, 0x00, 0x00, 0x00
.globl _sym_00be2b00
_sym_00be2b00:
.byte 0xff, 0xff, 0xff, 0xff
.long _sym_00abbdd0
.byte 0xff, 0xff, 0xff, 0xff, 0x00, 0x00, 0x00, 0x00, 0xff, 0xff, 0xff, 0xff, 0x00, 0x00, 0x00, 0x00
.byte 0xff, 0xff, 0xff, 0xff, 0x00, 0x00, 0x00, 0x00
.globl _sym_00be2b20
_sym_00be2b20:
.byte 0x22, 0x05, 0x93, 0x19, 0x04, 0x00, 0x00, 0x00
.long _sym_00be2b00
.byte 0x00, 0x00, 0x00, 0x00, 0x00, 0x00, 0x00, 0x00, 0x00, 0x00, 0x00, 0x00, 0x00, 0x00, 0x00, 0x00
.byte 0x00, 0x00, 0x00, 0x00, 0x01, 0x00, 0x00, 0x00
.globl _sym_00be2b44
_sym_00be2b44:
.byte 0xff, 0xff, 0xff, 0xff
.long _sym_00abc270
.byte 0xff, 0xff, 0xff, 0xff, 0x00, 0x00, 0x00, 0x00, 0xff, 0xff, 0xff, 0xff, 0x00, 0x00, 0x00, 0x00
.byte 0xff, 0xff, 0xff, 0xff, 0x00, 0x00, 0x00, 0x00
.globl _sym_00be2b64
_sym_00be2b64:
.byte 0x22, 0x05, 0x93, 0x19, 0x04, 0x00, 0x00, 0x00
.long _sym_00be2b44
.byte 0x00, 0x00, 0x00, 0x00, 0x00, 0x00, 0x00, 0x00, 0x00, 0x00, 0x00, 0x00, 0x00, 0x00, 0x00, 0x00
.byte 0x00, 0x00, 0x00, 0x00, 0x01, 0x00, 0x00, 0x00
.globl _sym_00be2b88
_sym_00be2b88:
.byte 0xff, 0xff, 0xff, 0xff
.long _sym_00abc450
.byte 0xff, 0xff, 0xff, 0xff, 0x00, 0x00, 0x00, 0x00, 0xff, 0xff, 0xff, 0xff, 0x00, 0x00, 0x00, 0x00
.byte 0xff, 0xff, 0xff, 0xff, 0x00, 0x00, 0x00, 0x00
.globl _sym_00be2ba8
_sym_00be2ba8:
.byte 0x22, 0x05, 0x93, 0x19, 0x04, 0x00, 0x00, 0x00
.long _sym_00be2b88
.byte 0x00, 0x00, 0x00, 0x00, 0x00, 0x00, 0x00, 0x00, 0x00, 0x00, 0x00, 0x00, 0x00, 0x00, 0x00, 0x00
.byte 0x00, 0x00, 0x00, 0x00, 0x01, 0x00, 0x00, 0x00
.globl _sym_00be2bcc
_sym_00be2bcc:
.byte 0xff, 0xff, 0xff, 0xff
.long _sym_00abc4b0
.byte 0xff, 0xff, 0xff, 0xff, 0x00, 0x00, 0x00, 0x00, 0xff, 0xff, 0xff, 0xff, 0x00, 0x00, 0x00, 0x00
.byte 0xff, 0xff, 0xff, 0xff, 0x00, 0x00, 0x00, 0x00
.globl _sym_00be2bec
_sym_00be2bec:
.byte 0x22, 0x05, 0x93, 0x19, 0x04, 0x00, 0x00, 0x00
.long _sym_00be2bcc
.byte 0x00, 0x00, 0x00, 0x00, 0x00, 0x00, 0x00, 0x00, 0x00, 0x00, 0x00, 0x00, 0x00, 0x00, 0x00, 0x00
.byte 0x00, 0x00, 0x00, 0x00, 0x01, 0x00, 0x00, 0x00
.globl _sym_00be2c10
_sym_00be2c10:
.byte 0xff, 0xff, 0xff, 0xff
.long _sym_00abc240
.byte 0xff, 0xff, 0xff, 0xff, 0x00, 0x00, 0x00, 0x00, 0xff, 0xff, 0xff, 0xff, 0x00, 0x00, 0x00, 0x00
.byte 0xff, 0xff, 0xff, 0xff, 0x00, 0x00, 0x00, 0x00
.globl _sym_00be2c30
_sym_00be2c30:
.byte 0x22, 0x05, 0x93, 0x19, 0x04, 0x00, 0x00, 0x00
.long _sym_00be2c10
.byte 0x00, 0x00, 0x00, 0x00, 0x00, 0x00, 0x00, 0x00, 0x00, 0x00, 0x00, 0x00, 0x00, 0x00, 0x00, 0x00
.byte 0x00, 0x00, 0x00, 0x00, 0x01, 0x00, 0x00, 0x00
.globl _sym_00be2c54
_sym_00be2c54:
.byte 0xff, 0xff, 0xff, 0xff
.long _sym_00abc420
.byte 0xff, 0xff, 0xff, 0xff, 0x00, 0x00, 0x00, 0x00, 0xff, 0xff, 0xff, 0xff, 0x00, 0x00, 0x00, 0x00
.byte 0xff, 0xff, 0xff, 0xff, 0x00, 0x00, 0x00, 0x00
.globl _sym_00be2c74
_sym_00be2c74:
.byte 0x22, 0x05, 0x93, 0x19, 0x04, 0x00, 0x00, 0x00
.long _sym_00be2c54
.byte 0x00, 0x00, 0x00, 0x00, 0x00, 0x00, 0x00, 0x00, 0x00, 0x00, 0x00, 0x00, 0x00, 0x00, 0x00, 0x00
.byte 0x00, 0x00, 0x00, 0x00, 0x01, 0x00, 0x00, 0x00
.globl _sym_00be2c98
_sym_00be2c98:
.byte 0xff, 0xff, 0xff, 0xff
.long _sym_00abc480
.byte 0xff, 0xff, 0xff, 0xff, 0x00, 0x00, 0x00, 0x00, 0xff, 0xff, 0xff, 0xff, 0x00, 0x00, 0x00, 0x00
.byte 0xff, 0xff, 0xff, 0xff, 0x00, 0x00, 0x00, 0x00
.globl _sym_00be2cb8
_sym_00be2cb8:
.byte 0x22, 0x05, 0x93, 0x19, 0x04, 0x00, 0x00, 0x00
.long _sym_00be2c98
.byte 0x00, 0x00, 0x00, 0x00, 0x00, 0x00, 0x00, 0x00, 0x00, 0x00, 0x00, 0x00, 0x00, 0x00, 0x00, 0x00
.byte 0x00, 0x00, 0x00, 0x00, 0x01, 0x00, 0x00, 0x00
.globl _sym_00be2cdc
_sym_00be2cdc:
.byte 0xff, 0xff, 0xff, 0xff
.long _sym_00abbd10
.byte 0xff, 0xff, 0xff, 0xff, 0x00, 0x00, 0x00, 0x00, 0xff, 0xff, 0xff, 0xff, 0x00, 0x00, 0x00, 0x00
.byte 0xff, 0xff, 0xff, 0xff, 0x00, 0x00, 0x00, 0x00
.globl _sym_00be2cfc
_sym_00be2cfc:
.byte 0x22, 0x05, 0x93, 0x19, 0x04, 0x00, 0x00, 0x00
.long _sym_00be2cdc
.byte 0x00, 0x00, 0x00, 0x00, 0x00, 0x00, 0x00, 0x00, 0x00, 0x00, 0x00, 0x00, 0x00, 0x00, 0x00, 0x00
.byte 0x00, 0x00, 0x00, 0x00, 0x01, 0x00, 0x00, 0x00
.globl _sym_00be2d20
_sym_00be2d20:
.byte 0xff, 0xff, 0xff, 0xff
.long _sym_00abc3f0
.byte 0xff, 0xff, 0xff, 0xff, 0x00, 0x00, 0x00, 0x00, 0xff, 0xff, 0xff, 0xff, 0x00, 0x00, 0x00, 0x00
.byte 0xff, 0xff, 0xff, 0xff, 0x00, 0x00, 0x00, 0x00
.globl _sym_00be2d40
_sym_00be2d40:
.byte 0x22, 0x05, 0x93, 0x19, 0x04, 0x00, 0x00, 0x00
.long _sym_00be2d20
.byte 0x00, 0x00, 0x00, 0x00, 0x00, 0x00, 0x00, 0x00, 0x00, 0x00, 0x00, 0x00, 0x00, 0x00, 0x00, 0x00
.byte 0x00, 0x00, 0x00, 0x00, 0x01, 0x00, 0x00, 0x00
.globl _sym_00be2d64
_sym_00be2d64:
.byte 0xff, 0xff, 0xff, 0xff
.long _sym_00abc330
.byte 0xff, 0xff, 0xff, 0xff, 0x00, 0x00, 0x00, 0x00, 0xff, 0xff, 0xff, 0xff, 0x00, 0x00, 0x00, 0x00
.byte 0xff, 0xff, 0xff, 0xff, 0x00, 0x00, 0x00, 0x00
.globl _sym_00be2d84
_sym_00be2d84:
.byte 0x22, 0x05, 0x93, 0x19, 0x04, 0x00, 0x00, 0x00
.long _sym_00be2d64
.byte 0x00, 0x00, 0x00, 0x00, 0x00, 0x00, 0x00, 0x00, 0x00, 0x00, 0x00, 0x00, 0x00, 0x00, 0x00, 0x00
.byte 0x00, 0x00, 0x00, 0x00, 0x01, 0x00, 0x00, 0x00
.globl _sym_00be2da8
_sym_00be2da8:
.byte 0xff, 0xff, 0xff, 0xff
.long _sym_00abbce0
.byte 0xff, 0xff, 0xff, 0xff, 0x00, 0x00, 0x00, 0x00, 0xff, 0xff, 0xff, 0xff, 0x00, 0x00, 0x00, 0x00
.byte 0xff, 0xff, 0xff, 0xff, 0x00, 0x00, 0x00, 0x00
.globl _sym_00be2dc8
_sym_00be2dc8:
.byte 0x22, 0x05, 0x93, 0x19, 0x04, 0x00, 0x00, 0x00
.long _sym_00be2da8
.byte 0x00, 0x00, 0x00, 0x00, 0x00, 0x00, 0x00, 0x00, 0x00, 0x00, 0x00, 0x00, 0x00, 0x00, 0x00, 0x00
.byte 0x00, 0x00, 0x00, 0x00, 0x01, 0x00, 0x00, 0x00
.globl _sym_00be2dec
_sym_00be2dec:
.byte 0xff, 0xff, 0xff, 0xff
.long _sym_00abc3c0
.byte 0xff, 0xff, 0xff, 0xff, 0x00, 0x00, 0x00, 0x00, 0xff, 0xff, 0xff, 0xff, 0x00, 0x00, 0x00, 0x00
.byte 0xff, 0xff, 0xff, 0xff, 0x00, 0x00, 0x00, 0x00
.globl _sym_00be2e0c
_sym_00be2e0c:
.byte 0x22, 0x05, 0x93, 0x19, 0x04, 0x00, 0x00, 0x00
.long _sym_00be2dec
.byte 0x00, 0x00, 0x00, 0x00, 0x00, 0x00, 0x00, 0x00, 0x00, 0x00, 0x00, 0x00, 0x00, 0x00, 0x00, 0x00
.byte 0x00, 0x00, 0x00, 0x00, 0x01, 0x00, 0x00, 0x00
.globl _sym_00be2e30
_sym_00be2e30:
.byte 0xff, 0xff, 0xff, 0xff
.long _sym_00abc300
.byte 0xff, 0xff, 0xff, 0xff, 0x00, 0x00, 0x00, 0x00, 0xff, 0xff, 0xff, 0xff, 0x00, 0x00, 0x00, 0x00
.byte 0xff, 0xff, 0xff, 0xff, 0x00, 0x00, 0x00, 0x00
.globl _sym_00be2e50
_sym_00be2e50:
.byte 0x22, 0x05, 0x93, 0x19, 0x04, 0x00, 0x00, 0x00
.long _sym_00be2e30
.byte 0x00, 0x00, 0x00, 0x00, 0x00, 0x00, 0x00, 0x00, 0x00, 0x00, 0x00, 0x00, 0x00, 0x00, 0x00, 0x00
.byte 0x00, 0x00, 0x00, 0x00, 0x01, 0x00, 0x00, 0x00
.globl _sym_00be2e74
_sym_00be2e74:
.byte 0xff, 0xff, 0xff, 0xff
.long _sym_00abc790
.byte 0xff, 0xff, 0xff, 0xff
.long _sym_00abc79e
.byte 0xff, 0xff, 0xff, 0xff
.long _sym_00abc7ac
.byte 0xff, 0xff, 0xff, 0xff
.long _sym_00abc7ba
.globl _sym_00be2e94
_sym_00be2e94:
.byte 0x22, 0x05, 0x93, 0x19, 0x04, 0x00, 0x00, 0x00
.long _sym_00be2e74
.byte 0x00, 0x00, 0x00, 0x00, 0x00, 0x00, 0x00, 0x00, 0x00, 0x00, 0x00, 0x00, 0x00, 0x00, 0x00, 0x00
.byte 0x00, 0x00, 0x00, 0x00, 0x01, 0x00, 0x00, 0x00
.globl _sym_00be2eb8
_sym_00be2eb8:
.byte 0xff, 0xff, 0xff, 0xff
.long _sym_00abc850
.byte 0xff, 0xff, 0xff, 0xff, 0x00, 0x00, 0x00, 0x00, 0xff, 0xff, 0xff, 0xff, 0x00, 0x00, 0x00, 0x00
.byte 0xff, 0xff, 0xff, 0xff, 0x00, 0x00, 0x00, 0x00
.globl _sym_00be2ed8
_sym_00be2ed8:
.byte 0x22, 0x05, 0x93, 0x19, 0x04, 0x00, 0x00, 0x00
.long _sym_00be2eb8
.byte 0x00, 0x00, 0x00, 0x00, 0x00, 0x00, 0x00, 0x00, 0x00, 0x00, 0x00, 0x00, 0x00, 0x00, 0x00, 0x00
.byte 0x00, 0x00, 0x00, 0x00, 0x01, 0x00, 0x00, 0x00
.globl _sym_00be2efc
_sym_00be2efc:
.byte 0x22, 0x05, 0x93, 0x19, 0x05, 0x00, 0x00, 0x00
.long _sym_00be2f20
.byte 0x00, 0x00, 0x00, 0x00, 0x00, 0x00, 0x00, 0x00, 0x00, 0x00, 0x00, 0x00, 0x00, 0x00, 0x00, 0x00
.byte 0x00, 0x00, 0x00, 0x00, 0x01, 0x00, 0x00, 0x00
.globl _sym_00be2f20
_sym_00be2f20:
.byte 0xff, 0xff, 0xff, 0xff
.long _sym_00abc750
.byte 0x00, 0x00, 0x00, 0x00
.long _sym_00abc75e
.byte 0x00, 0x00, 0x00, 0x00, 0x00, 0x00, 0x00, 0x00, 0x00, 0x00, 0x00, 0x00, 0x00, 0x00, 0x00, 0x00
.byte 0x00, 0x00, 0x00, 0x00, 0x00, 0x00, 0x00, 0x00
.globl _sym_00be2f48
_sym_00be2f48:
.byte 0xff, 0xff, 0xff, 0xff
.long _sym_00abc690
.globl _sym_00be2f50
_sym_00be2f50:
.byte 0x22, 0x05, 0x93, 0x19, 0x01, 0x00, 0x00, 0x00
.long _sym_00be2f48
.byte 0x00, 0x00, 0x00, 0x00, 0x00, 0x00, 0x00, 0x00, 0x00, 0x00, 0x00, 0x00, 0x00, 0x00, 0x00, 0x00
.byte 0x00, 0x00, 0x00, 0x00, 0x01, 0x00, 0x00, 0x00
.globl _sym_00be2f74
_sym_00be2f74:
.byte 0xff, 0xff, 0xff, 0xff
.long _sym_00abc6c0
.globl _sym_00be2f7c
_sym_00be2f7c:
.byte 0x22, 0x05, 0x93, 0x19, 0x01, 0x00, 0x00, 0x00
.long _sym_00be2f74
.byte 0x00, 0x00, 0x00, 0x00, 0x00, 0x00, 0x00, 0x00, 0x00, 0x00, 0x00, 0x00, 0x00, 0x00, 0x00, 0x00
.byte 0x00, 0x00, 0x00, 0x00, 0x01, 0x00, 0x00, 0x00
.globl _sym_00be2fa0
_sym_00be2fa0:
.byte 0xff, 0xff, 0xff, 0xff
.long _sym_00abc6f0
.globl _sym_00be2fa8
_sym_00be2fa8:
.byte 0x22, 0x05, 0x93, 0x19, 0x01, 0x00, 0x00, 0x00
.long _sym_00be2fa0
.byte 0x00, 0x00, 0x00, 0x00, 0x00, 0x00, 0x00, 0x00, 0x00, 0x00, 0x00, 0x00, 0x00, 0x00, 0x00, 0x00
.byte 0x00, 0x00, 0x00, 0x00, 0x01, 0x00, 0x00, 0x00
.globl _sym_00be2fcc
_sym_00be2fcc:
.byte 0xff, 0xff, 0xff, 0xff
.long _sym_00abc720
.globl _sym_00be2fd4
_sym_00be2fd4:
.byte 0x22, 0x05, 0x93, 0x19, 0x01, 0x00, 0x00, 0x00
.long _sym_00be2fcc
.byte 0x00, 0x00, 0x00, 0x00, 0x00, 0x00, 0x00, 0x00, 0x00, 0x00, 0x00, 0x00, 0x00, 0x00, 0x00, 0x00
.byte 0x00, 0x00, 0x00, 0x00, 0x01, 0x00, 0x00, 0x00
.globl _sym_00be2ff8
_sym_00be2ff8:
.byte 0xff, 0xff, 0xff, 0xff
.long _sym_00abc5d0
.byte 0xff, 0xff, 0xff, 0xff, 0x00, 0x00, 0x00, 0x00, 0xff, 0xff, 0xff, 0xff, 0x00, 0x00, 0x00, 0x00
.byte 0xff, 0xff, 0xff, 0xff, 0x00, 0x00, 0x00, 0x00
.globl _sym_00be3018
_sym_00be3018:
.byte 0x22, 0x05, 0x93, 0x19, 0x04, 0x00, 0x00, 0x00
.long _sym_00be2ff8
.byte 0x00, 0x00, 0x00, 0x00, 0x00, 0x00, 0x00, 0x00, 0x00, 0x00, 0x00, 0x00, 0x00, 0x00, 0x00, 0x00
.byte 0x00, 0x00, 0x00, 0x00, 0x01, 0x00, 0x00, 0x00
.globl _sym_00be303c
_sym_00be303c:
.byte 0xff, 0xff, 0xff, 0xff
.long _sym_00abc660
.globl _sym_00be3044
_sym_00be3044:
.byte 0x22, 0x05, 0x93, 0x19, 0x01, 0x00, 0x00, 0x00
.long _sym_00be303c
.byte 0x00, 0x00, 0x00, 0x00, 0x00, 0x00, 0x00, 0x00, 0x00, 0x00, 0x00, 0x00, 0x00, 0x00, 0x00, 0x00
.byte 0x00, 0x00, 0x00, 0x00, 0x01, 0x00, 0x00, 0x00
.globl _sym_00be3068
_sym_00be3068:
.byte 0xff, 0xff, 0xff, 0xff
.long _sym_00abc570
.byte 0xff, 0xff, 0xff, 0xff, 0x00, 0x00, 0x00, 0x00, 0xff, 0xff, 0xff, 0xff, 0x00, 0x00, 0x00, 0x00
.byte 0xff, 0xff, 0xff, 0xff, 0x00, 0x00, 0x00, 0x00
.globl _sym_00be3088
_sym_00be3088:
.byte 0x22, 0x05, 0x93, 0x19, 0x04, 0x00, 0x00, 0x00
.long _sym_00be3068
.byte 0x00, 0x00, 0x00, 0x00, 0x00, 0x00, 0x00, 0x00, 0x00, 0x00, 0x00, 0x00, 0x00, 0x00, 0x00, 0x00
.byte 0x00, 0x00, 0x00, 0x00, 0x01, 0x00, 0x00, 0x00
.globl _sym_00be30ac
_sym_00be30ac:
.byte 0xff, 0xff, 0xff, 0xff
.long _sym_00abc600
.byte 0xff, 0xff, 0xff, 0xff, 0x00, 0x00, 0x00, 0x00, 0xff, 0xff, 0xff, 0xff, 0x00, 0x00, 0x00, 0x00
.byte 0xff, 0xff, 0xff, 0xff, 0x00, 0x00, 0x00, 0x00
.globl _sym_00be30cc
_sym_00be30cc:
.byte 0x22, 0x05, 0x93, 0x19, 0x04, 0x00, 0x00, 0x00
.long _sym_00be30ac
.byte 0x00, 0x00, 0x00, 0x00, 0x00, 0x00, 0x00, 0x00, 0x00, 0x00, 0x00, 0x00, 0x00, 0x00, 0x00, 0x00
.byte 0x00, 0x00, 0x00, 0x00, 0x01, 0x00, 0x00, 0x00
.globl _sym_00be30f0
_sym_00be30f0:
.byte 0xff, 0xff, 0xff, 0xff
.long _sym_00abc630
.byte 0xff, 0xff, 0xff, 0xff, 0x00, 0x00, 0x00, 0x00, 0xff, 0xff, 0xff, 0xff, 0x00, 0x00, 0x00, 0x00
.byte 0xff, 0xff, 0xff, 0xff, 0x00, 0x00, 0x00, 0x00
.globl _sym_00be3110
_sym_00be3110:
.byte 0x22, 0x05, 0x93, 0x19, 0x04, 0x00, 0x00, 0x00
.long _sym_00be30f0
.byte 0x00, 0x00, 0x00, 0x00, 0x00, 0x00, 0x00, 0x00, 0x00, 0x00, 0x00, 0x00, 0x00, 0x00, 0x00, 0x00
.byte 0x00, 0x00, 0x00, 0x00, 0x01, 0x00, 0x00, 0x00
.globl _sym_00be3134
_sym_00be3134:
.byte 0xff, 0xff, 0xff, 0xff
.long _sym_00abc7f0
.byte 0xff, 0xff, 0xff, 0xff, 0x00, 0x00, 0x00, 0x00, 0xff, 0xff, 0xff, 0xff, 0x00, 0x00, 0x00, 0x00
.byte 0xff, 0xff, 0xff, 0xff, 0x00, 0x00, 0x00, 0x00
.globl _sym_00be3154
_sym_00be3154:
.byte 0x22, 0x05, 0x93, 0x19, 0x04, 0x00, 0x00, 0x00
.long _sym_00be3134
.byte 0x00, 0x00, 0x00, 0x00, 0x00, 0x00, 0x00, 0x00, 0x00, 0x00, 0x00, 0x00, 0x00, 0x00, 0x00, 0x00
.byte 0x00, 0x00, 0x00, 0x00, 0x01, 0x00, 0x00, 0x00
.globl _sym_00be3178
_sym_00be3178:
.byte 0xff, 0xff, 0xff, 0xff
.long _sym_00abc8b0
.byte 0xff, 0xff, 0xff, 0xff, 0x00, 0x00, 0x00, 0x00, 0xff, 0xff, 0xff, 0xff, 0x00, 0x00, 0x00, 0x00
.byte 0xff, 0xff, 0xff, 0xff, 0x00, 0x00, 0x00, 0x00
.globl _sym_00be3198
_sym_00be3198:
.byte 0x22, 0x05, 0x93, 0x19, 0x04, 0x00, 0x00, 0x00
.long _sym_00be3178
.byte 0x00, 0x00, 0x00, 0x00, 0x00, 0x00, 0x00, 0x00, 0x00, 0x00, 0x00, 0x00, 0x00, 0x00, 0x00, 0x00
.byte 0x00, 0x00, 0x00, 0x00, 0x01, 0x00, 0x00, 0x00
.globl _sym_00be31bc
_sym_00be31bc:
.byte 0xff, 0xff, 0xff, 0xff
.long _sym_00abc510
.byte 0xff, 0xff, 0xff, 0xff, 0x00, 0x00, 0x00, 0x00, 0xff, 0xff, 0xff, 0xff, 0x00, 0x00, 0x00, 0x00
.byte 0xff, 0xff, 0xff, 0xff, 0x00, 0x00, 0x00, 0x00
.globl _sym_00be31dc
_sym_00be31dc:
.byte 0x22, 0x05, 0x93, 0x19, 0x04, 0x00, 0x00, 0x00
.long _sym_00be31bc
.byte 0x00, 0x00, 0x00, 0x00, 0x00, 0x00, 0x00, 0x00, 0x00, 0x00, 0x00, 0x00, 0x00, 0x00, 0x00, 0x00
.byte 0x00, 0x00, 0x00, 0x00, 0x01, 0x00, 0x00, 0x00
.globl _sym_00be3200
_sym_00be3200:
.byte 0xff, 0xff, 0xff, 0xff
.long _sym_00abc5a0
.byte 0xff, 0xff, 0xff, 0xff, 0x00, 0x00, 0x00, 0x00, 0xff, 0xff, 0xff, 0xff, 0x00, 0x00, 0x00, 0x00
.byte 0xff, 0xff, 0xff, 0xff, 0x00, 0x00, 0x00, 0x00
.globl _sym_00be3220
_sym_00be3220:
.byte 0x22, 0x05, 0x93, 0x19, 0x04, 0x00, 0x00, 0x00
.long _sym_00be3200
.byte 0x00, 0x00, 0x00, 0x00, 0x00, 0x00, 0x00, 0x00, 0x00, 0x00, 0x00, 0x00, 0x00, 0x00, 0x00, 0x00
.byte 0x00, 0x00, 0x00, 0x00, 0x01, 0x00, 0x00, 0x00
.globl _sym_00be3244
_sym_00be3244:
.byte 0xff, 0xff, 0xff, 0xff
.long _sym_00abc820
.byte 0xff, 0xff, 0xff, 0xff, 0x00, 0x00, 0x00, 0x00, 0xff, 0xff, 0xff, 0xff, 0x00, 0x00, 0x00, 0x00
.byte 0xff, 0xff, 0xff, 0xff, 0x00, 0x00, 0x00, 0x00
.globl _sym_00be3264
_sym_00be3264:
.byte 0x22, 0x05, 0x93, 0x19, 0x04, 0x00, 0x00, 0x00
.long _sym_00be3244
.byte 0x00, 0x00, 0x00, 0x00, 0x00, 0x00, 0x00, 0x00, 0x00, 0x00, 0x00, 0x00, 0x00, 0x00, 0x00, 0x00
.byte 0x00, 0x00, 0x00, 0x00, 0x01, 0x00, 0x00, 0x00
.globl _sym_00be3288
_sym_00be3288:
.byte 0xff, 0xff, 0xff, 0xff
.long _sym_00abc910
.byte 0xff, 0xff, 0xff, 0xff, 0x00, 0x00, 0x00, 0x00, 0xff, 0xff, 0xff, 0xff, 0x00, 0x00, 0x00, 0x00
.byte 0xff, 0xff, 0xff, 0xff, 0x00, 0x00, 0x00, 0x00
.globl _sym_00be32a8
_sym_00be32a8:
.byte 0x22, 0x05, 0x93, 0x19, 0x04, 0x00, 0x00, 0x00
.long _sym_00be3288
.byte 0x00, 0x00, 0x00, 0x00, 0x00, 0x00, 0x00, 0x00, 0x00, 0x00, 0x00, 0x00, 0x00, 0x00, 0x00, 0x00
.byte 0x00, 0x00, 0x00, 0x00, 0x01, 0x00, 0x00, 0x00
.globl _sym_00be32cc
_sym_00be32cc:
.byte 0xff, 0xff, 0xff, 0xff
.long _sym_00abc940
.byte 0xff, 0xff, 0xff, 0xff, 0x00, 0x00, 0x00, 0x00, 0xff, 0xff, 0xff, 0xff, 0x00, 0x00, 0x00, 0x00
.byte 0xff, 0xff, 0xff, 0xff, 0x00, 0x00, 0x00, 0x00
.globl _sym_00be32ec
_sym_00be32ec:
.byte 0x22, 0x05, 0x93, 0x19, 0x04, 0x00, 0x00, 0x00
.long _sym_00be32cc
.byte 0x00, 0x00, 0x00, 0x00, 0x00, 0x00, 0x00, 0x00, 0x00, 0x00, 0x00, 0x00, 0x00, 0x00, 0x00, 0x00
.byte 0x00, 0x00, 0x00, 0x00, 0x01, 0x00, 0x00, 0x00
.globl _sym_00be3310
_sym_00be3310:
.byte 0xff, 0xff, 0xff, 0xff
.long _sym_00abc540
.byte 0xff, 0xff, 0xff, 0xff, 0x00, 0x00, 0x00, 0x00, 0xff, 0xff, 0xff, 0xff, 0x00, 0x00, 0x00, 0x00
.byte 0xff, 0xff, 0xff, 0xff, 0x00, 0x00, 0x00, 0x00
.globl _sym_00be3330
_sym_00be3330:
.byte 0x22, 0x05, 0x93, 0x19, 0x04, 0x00, 0x00, 0x00
.long _sym_00be3310
.byte 0x00, 0x00, 0x00, 0x00, 0x00, 0x00, 0x00, 0x00, 0x00, 0x00, 0x00, 0x00, 0x00, 0x00, 0x00, 0x00
.byte 0x00, 0x00, 0x00, 0x00, 0x01, 0x00, 0x00, 0x00
.globl _sym_00be3354
_sym_00be3354:
.byte 0xff, 0xff, 0xff, 0xff
.long _sym_00abc8e0
.byte 0xff, 0xff, 0xff, 0xff, 0x00, 0x00, 0x00, 0x00, 0xff, 0xff, 0xff, 0xff, 0x00, 0x00, 0x00, 0x00
.byte 0xff, 0xff, 0xff, 0xff, 0x00, 0x00, 0x00, 0x00
.globl _sym_00be3374
_sym_00be3374:
.byte 0x22, 0x05, 0x93, 0x19, 0x04, 0x00, 0x00, 0x00
.long _sym_00be3354
.byte 0x00, 0x00, 0x00, 0x00, 0x00, 0x00, 0x00, 0x00, 0x00, 0x00, 0x00, 0x00, 0x00, 0x00, 0x00, 0x00
.byte 0x00, 0x00, 0x00, 0x00, 0x01, 0x00, 0x00, 0x00
.globl _sym_00be3398
_sym_00be3398:
.byte 0xff, 0xff, 0xff, 0xff
.long _sym_00abc880
.byte 0xff, 0xff, 0xff, 0xff, 0x00, 0x00, 0x00, 0x00, 0xff, 0xff, 0xff, 0xff, 0x00, 0x00, 0x00, 0x00
.byte 0xff, 0xff, 0xff, 0xff, 0x00, 0x00, 0x00, 0x00
.globl _sym_00be33b8
_sym_00be33b8:
.byte 0x22, 0x05, 0x93, 0x19, 0x04, 0x00, 0x00, 0x00
.long _sym_00be3398
.byte 0x00, 0x00, 0x00, 0x00, 0x00, 0x00, 0x00, 0x00, 0x00, 0x00, 0x00, 0x00, 0x00, 0x00, 0x00, 0x00
.byte 0x00, 0x00, 0x00, 0x00, 0x01, 0x00, 0x00, 0x00
.globl _sym_00be33dc
_sym_00be33dc:
.byte 0x22, 0x05, 0x93, 0x19, 0x05, 0x00, 0x00, 0x00
.long _sym_00be3400
.byte 0x00, 0x00, 0x00, 0x00, 0x00, 0x00, 0x00, 0x00, 0x00, 0x00, 0x00, 0x00, 0x00, 0x00, 0x00, 0x00
.byte 0x00, 0x00, 0x00, 0x00, 0x01, 0x00, 0x00, 0x00
.globl _sym_00be3400
_sym_00be3400:
.byte 0xff, 0xff, 0xff, 0xff
.long _sym_00abca90
.byte 0x00, 0x00, 0x00, 0x00
.long _sym_00abca9e
.byte 0x00, 0x00, 0x00, 0x00, 0x00, 0x00, 0x00, 0x00, 0x00, 0x00, 0x00, 0x00, 0x00, 0x00, 0x00, 0x00
.byte 0x00, 0x00, 0x00, 0x00, 0x00, 0x00, 0x00, 0x00
.globl _sym_00be3428
_sym_00be3428:
.byte 0xff, 0xff, 0xff, 0xff
.long _sym_00abc9d0
.globl _sym_00be3430
_sym_00be3430:
.byte 0x22, 0x05, 0x93, 0x19, 0x01, 0x00, 0x00, 0x00
.long _sym_00be3428
.byte 0x00, 0x00, 0x00, 0x00, 0x00, 0x00, 0x00, 0x00, 0x00, 0x00, 0x00, 0x00, 0x00, 0x00, 0x00, 0x00
.byte 0x00, 0x00, 0x00, 0x00, 0x01, 0x00, 0x00, 0x00
.globl _sym_00be3454
_sym_00be3454:
.byte 0xff, 0xff, 0xff, 0xff
.long _sym_00abcad0
.globl _sym_00be345c
_sym_00be345c:
.byte 0x22, 0x05, 0x93, 0x19, 0x01, 0x00, 0x00, 0x00
.long _sym_00be3454
.byte 0x00, 0x00, 0x00, 0x00, 0x00, 0x00, 0x00, 0x00, 0x00, 0x00, 0x00, 0x00, 0x00, 0x00, 0x00, 0x00
.byte 0x00, 0x00, 0x00, 0x00, 0x01, 0x00, 0x00, 0x00
.globl _sym_00be3480
_sym_00be3480:
.byte 0xff, 0xff, 0xff, 0xff
.long _sym_00abca00
.globl _sym_00be3488
_sym_00be3488:
.byte 0x22, 0x05, 0x93, 0x19, 0x01, 0x00, 0x00, 0x00
.long _sym_00be3480
.byte 0x00, 0x00, 0x00, 0x00, 0x00, 0x00, 0x00, 0x00, 0x00, 0x00, 0x00, 0x00, 0x00, 0x00, 0x00, 0x00
.byte 0x00, 0x00, 0x00, 0x00, 0x01, 0x00, 0x00, 0x00
.globl _sym_00be34ac
_sym_00be34ac:
.byte 0xff, 0xff, 0xff, 0xff
.long _sym_00abca30
.globl _sym_00be34b4
_sym_00be34b4:
.byte 0x22, 0x05, 0x93, 0x19, 0x01, 0x00, 0x00, 0x00
.long _sym_00be34ac
.byte 0x00, 0x00, 0x00, 0x00, 0x00, 0x00, 0x00, 0x00, 0x00, 0x00, 0x00, 0x00, 0x00, 0x00, 0x00, 0x00
.byte 0x00, 0x00, 0x00, 0x00, 0x01, 0x00, 0x00, 0x00
.globl _sym_00be34d8
_sym_00be34d8:
.byte 0xff, 0xff, 0xff, 0xff
.long _sym_00abca60
.globl _sym_00be34e0
_sym_00be34e0:
.byte 0x22, 0x05, 0x93, 0x19, 0x01, 0x00, 0x00, 0x00
.long _sym_00be34d8
.byte 0x00, 0x00, 0x00, 0x00, 0x00, 0x00, 0x00, 0x00, 0x00, 0x00, 0x00, 0x00, 0x00, 0x00, 0x00, 0x00
.byte 0x00, 0x00, 0x00, 0x00, 0x01, 0x00, 0x00, 0x00
.globl _sym_00be3504
_sym_00be3504:
.byte 0xff, 0xff, 0xff, 0xff
.long _sym_00abc970
.byte 0xff, 0xff, 0xff, 0xff, 0x00, 0x00, 0x00, 0x00, 0xff, 0xff, 0xff, 0xff, 0x00, 0x00, 0x00, 0x00
.byte 0xff, 0xff, 0xff, 0xff, 0x00, 0x00, 0x00, 0x00
.globl _sym_00be3524
_sym_00be3524:
.byte 0x22, 0x05, 0x93, 0x19, 0x04, 0x00, 0x00, 0x00
.long _sym_00be3504
.byte 0x00, 0x00, 0x00, 0x00, 0x00, 0x00, 0x00, 0x00, 0x00, 0x00, 0x00, 0x00, 0x00, 0x00, 0x00, 0x00
.byte 0x00, 0x00, 0x00, 0x00, 0x01, 0x00, 0x00, 0x00
.globl _sym_00be3548
_sym_00be3548:
.byte 0xff, 0xff, 0xff, 0xff
.long _sym_00abc9a0
.byte 0xff, 0xff, 0xff, 0xff, 0x00, 0x00, 0x00, 0x00, 0xff, 0xff, 0xff, 0xff, 0x00, 0x00, 0x00, 0x00
.byte 0xff, 0xff, 0xff, 0xff, 0x00, 0x00, 0x00, 0x00
.globl _sym_00be3568
_sym_00be3568:
.byte 0x22, 0x05, 0x93, 0x19, 0x04, 0x00, 0x00, 0x00
.long _sym_00be3548
.byte 0x00, 0x00, 0x00, 0x00, 0x00, 0x00, 0x00, 0x00, 0x00, 0x00, 0x00, 0x00, 0x00, 0x00, 0x00, 0x00
.byte 0x00, 0x00, 0x00, 0x00, 0x01, 0x00, 0x00, 0x00
.globl _sym_00be358c
_sym_00be358c:
.byte 0x22, 0x05, 0x93, 0x19, 0x05, 0x00, 0x00, 0x00
.long _sym_00be35b0
.byte 0x00, 0x00, 0x00, 0x00, 0x00, 0x00, 0x00, 0x00, 0x00, 0x00, 0x00, 0x00, 0x00, 0x00, 0x00, 0x00
.byte 0x00, 0x00, 0x00, 0x00, 0x01, 0x00, 0x00, 0x00
.globl _sym_00be35b0
_sym_00be35b0:
.byte 0xff, 0xff, 0xff, 0xff
.long _sym_00abcc20
.byte 0x00, 0x00, 0x00, 0x00
.long _sym_00abcc2e
.byte 0x00, 0x00, 0x00, 0x00, 0x00, 0x00, 0x00, 0x00, 0x00, 0x00, 0x00, 0x00, 0x00, 0x00, 0x00, 0x00
.byte 0x00, 0x00, 0x00, 0x00, 0x00, 0x00, 0x00, 0x00
.globl _sym_00be35d8
_sym_00be35d8:
.byte 0xff, 0xff, 0xff, 0xff
.long _sym_00abcb60
.globl _sym_00be35e0
_sym_00be35e0:
.byte 0x22, 0x05, 0x93, 0x19, 0x01, 0x00, 0x00, 0x00
.long _sym_00be35d8
.byte 0x00, 0x00, 0x00, 0x00, 0x00, 0x00, 0x00, 0x00, 0x00, 0x00, 0x00, 0x00, 0x00, 0x00, 0x00, 0x00
.byte 0x00, 0x00, 0x00, 0x00, 0x01, 0x00, 0x00, 0x00
.globl _sym_00be3604
_sym_00be3604:
.byte 0xff, 0xff, 0xff, 0xff
.long _sym_00abcc60
.globl _sym_00be360c
_sym_00be360c:
.byte 0x22, 0x05, 0x93, 0x19, 0x01, 0x00, 0x00, 0x00
.long _sym_00be3604
.byte 0x00, 0x00, 0x00, 0x00, 0x00, 0x00, 0x00, 0x00, 0x00, 0x00, 0x00, 0x00, 0x00, 0x00, 0x00, 0x00
.byte 0x00, 0x00, 0x00, 0x00, 0x01, 0x00, 0x00, 0x00
.globl _sym_00be3630
_sym_00be3630:
.byte 0xff, 0xff, 0xff, 0xff
.long _sym_00abcb90
.globl _sym_00be3638
_sym_00be3638:
.byte 0x22, 0x05, 0x93, 0x19, 0x01, 0x00, 0x00, 0x00
.long _sym_00be3630
.byte 0x00, 0x00, 0x00, 0x00, 0x00, 0x00, 0x00, 0x00, 0x00, 0x00, 0x00, 0x00, 0x00, 0x00, 0x00, 0x00
.byte 0x00, 0x00, 0x00, 0x00, 0x01, 0x00, 0x00, 0x00
.globl _sym_00be365c
_sym_00be365c:
.byte 0xff, 0xff, 0xff, 0xff
.long _sym_00abcbc0
.globl _sym_00be3664
_sym_00be3664:
.byte 0x22, 0x05, 0x93, 0x19, 0x01, 0x00, 0x00, 0x00
.long _sym_00be365c
.byte 0x00, 0x00, 0x00, 0x00, 0x00, 0x00, 0x00, 0x00, 0x00, 0x00, 0x00, 0x00, 0x00, 0x00, 0x00, 0x00
.byte 0x00, 0x00, 0x00, 0x00, 0x01, 0x00, 0x00, 0x00
.globl _sym_00be3688
_sym_00be3688:
.byte 0xff, 0xff, 0xff, 0xff
.long _sym_00abcbf0
.globl _sym_00be3690
_sym_00be3690:
.byte 0x22, 0x05, 0x93, 0x19, 0x01, 0x00, 0x00, 0x00
.long _sym_00be3688
.byte 0x00, 0x00, 0x00, 0x00, 0x00, 0x00, 0x00, 0x00, 0x00, 0x00, 0x00, 0x00, 0x00, 0x00, 0x00, 0x00
.byte 0x00, 0x00, 0x00, 0x00, 0x01, 0x00, 0x00, 0x00
.globl _sym_00be36b4
_sym_00be36b4:
.byte 0xff, 0xff, 0xff, 0xff
.long _sym_00abcb00
.byte 0xff, 0xff, 0xff, 0xff, 0x00, 0x00, 0x00, 0x00, 0xff, 0xff, 0xff, 0xff, 0x00, 0x00, 0x00, 0x00
.byte 0xff, 0xff, 0xff, 0xff, 0x00, 0x00, 0x00, 0x00
.globl _sym_00be36d4
_sym_00be36d4:
.byte 0x22, 0x05, 0x93, 0x19, 0x04, 0x00, 0x00, 0x00
.long _sym_00be36b4
.byte 0x00, 0x00, 0x00, 0x00, 0x00, 0x00, 0x00, 0x00, 0x00, 0x00, 0x00, 0x00, 0x00, 0x00, 0x00, 0x00
.byte 0x00, 0x00, 0x00, 0x00, 0x01, 0x00, 0x00, 0x00
.globl _sym_00be36f8
_sym_00be36f8:
.byte 0xff, 0xff, 0xff, 0xff
.long _sym_00abcb30
.byte 0xff, 0xff, 0xff, 0xff, 0x00, 0x00, 0x00, 0x00, 0xff, 0xff, 0xff, 0xff, 0x00, 0x00, 0x00, 0x00
.byte 0xff, 0xff, 0xff, 0xff, 0x00, 0x00, 0x00, 0x00
.globl _sym_00be3718
_sym_00be3718:
.byte 0x22, 0x05, 0x93, 0x19, 0x04, 0x00, 0x00, 0x00
.long _sym_00be36f8
.byte 0x00, 0x00, 0x00, 0x00, 0x00, 0x00, 0x00, 0x00, 0x00, 0x00, 0x00, 0x00, 0x00, 0x00, 0x00, 0x00
.byte 0x00, 0x00, 0x00, 0x00, 0x01, 0x00, 0x00, 0x00
.globl _sym_00be373c
_sym_00be373c:
.byte 0xff, 0xff, 0xff, 0xff
.long _sym_00abccf0
.globl _sym_00be3744
_sym_00be3744:
.byte 0x22, 0x05, 0x93, 0x19, 0x01, 0x00, 0x00, 0x00
.long _sym_00be373c
.byte 0x00, 0x00, 0x00, 0x00, 0x00, 0x00, 0x00, 0x00, 0x00, 0x00, 0x00, 0x00, 0x00, 0x00, 0x00, 0x00
.byte 0x00, 0x00, 0x00, 0x00, 0x01, 0x00, 0x00, 0x00
.globl _sym_00be3768
_sym_00be3768:
.byte 0xff, 0xff, 0xff, 0xff
.long _sym_00abcc90
.globl _sym_00be3770
_sym_00be3770:
.byte 0x22, 0x05, 0x93, 0x19, 0x01, 0x00, 0x00, 0x00
.long _sym_00be3768
.byte 0x00, 0x00, 0x00, 0x00, 0x00, 0x00, 0x00, 0x00, 0x00, 0x00, 0x00, 0x00, 0x00, 0x00, 0x00, 0x00
.byte 0x00, 0x00, 0x00, 0x00, 0x01, 0x00, 0x00, 0x00
.globl _sym_00be3794
_sym_00be3794:
.byte 0xff, 0xff, 0xff, 0xff
.long _sym_00abcd20
.globl _sym_00be379c
_sym_00be379c:
.byte 0x22, 0x05, 0x93, 0x19, 0x01, 0x00, 0x00, 0x00
.long _sym_00be3794
.byte 0x00, 0x00, 0x00, 0x00, 0x00, 0x00, 0x00, 0x00, 0x00, 0x00, 0x00, 0x00, 0x00, 0x00, 0x00, 0x00
.byte 0x00, 0x00, 0x00, 0x00, 0x01, 0x00, 0x00, 0x00
.globl _sym_00be37c0
_sym_00be37c0:
.byte 0xff, 0xff, 0xff, 0xff
.long _sym_00abccc0
.globl _sym_00be37c8
_sym_00be37c8:
.byte 0x22, 0x05, 0x93, 0x19, 0x01, 0x00, 0x00, 0x00
.long _sym_00be37c0
.byte 0x00, 0x00, 0x00, 0x00, 0x00, 0x00, 0x00, 0x00, 0x00, 0x00, 0x00, 0x00, 0x00, 0x00, 0x00, 0x00
.byte 0x00, 0x00, 0x00, 0x00, 0x01, 0x00, 0x00, 0x00
.globl _sym_00be37ec
_sym_00be37ec:
.byte 0xff, 0xff, 0xff, 0xff
.long _sym_00abcdb0
.globl _sym_00be37f4
_sym_00be37f4:
.byte 0x22, 0x05, 0x93, 0x19, 0x01, 0x00, 0x00, 0x00
.long _sym_00be37ec
.byte 0x00, 0x00, 0x00, 0x00, 0x00, 0x00, 0x00, 0x00, 0x00, 0x00, 0x00, 0x00, 0x00, 0x00, 0x00, 0x00
.byte 0x00, 0x00, 0x00, 0x00, 0x01, 0x00, 0x00, 0x00
.globl _sym_00be3818
_sym_00be3818:
.byte 0xff, 0xff, 0xff, 0xff
.long _sym_00abcd50
.globl _sym_00be3820
_sym_00be3820:
.byte 0x22, 0x05, 0x93, 0x19, 0x01, 0x00, 0x00, 0x00
.long _sym_00be3818
.byte 0x00, 0x00, 0x00, 0x00, 0x00, 0x00, 0x00, 0x00, 0x00, 0x00, 0x00, 0x00, 0x00, 0x00, 0x00, 0x00
.byte 0x00, 0x00, 0x00, 0x00, 0x01, 0x00, 0x00, 0x00
.globl _sym_00be3844
_sym_00be3844:
.byte 0xff, 0xff, 0xff, 0xff
.long _sym_00abcde0
.globl _sym_00be384c
_sym_00be384c:
.byte 0x22, 0x05, 0x93, 0x19, 0x01, 0x00, 0x00, 0x00
.long _sym_00be3844
.byte 0x00, 0x00, 0x00, 0x00, 0x00, 0x00, 0x00, 0x00, 0x00, 0x00, 0x00, 0x00, 0x00, 0x00, 0x00, 0x00
.byte 0x00, 0x00, 0x00, 0x00, 0x01, 0x00, 0x00, 0x00
.globl _sym_00be3870
_sym_00be3870:
.byte 0xff, 0xff, 0xff, 0xff
.long _sym_00abcd80
.globl _sym_00be3878
_sym_00be3878:
.byte 0x22, 0x05, 0x93, 0x19, 0x01, 0x00, 0x00, 0x00
.long _sym_00be3870
.byte 0x00, 0x00, 0x00, 0x00, 0x00, 0x00, 0x00, 0x00, 0x00, 0x00, 0x00, 0x00, 0x00, 0x00, 0x00, 0x00
.byte 0x00, 0x00, 0x00, 0x00, 0x01, 0x00, 0x00, 0x00
.globl _sym_00be389c
_sym_00be389c:
.byte 0x22, 0x05, 0x93, 0x19, 0x06, 0x00, 0x00, 0x00
.long _sym_00be38c0
.byte 0x00, 0x00, 0x00, 0x00, 0x00, 0x00, 0x00, 0x00, 0x00, 0x00, 0x00, 0x00, 0x00, 0x00, 0x00, 0x00
.byte 0x00, 0x00, 0x00, 0x00, 0x01, 0x00, 0x00, 0x00
.globl _sym_00be38c0
_sym_00be38c0:
.byte 0xff, 0xff, 0xff, 0xff
.long _sym_00abd550
.byte 0xff, 0xff, 0xff, 0xff
.long _sym_00abd55e
.byte 0xff, 0xff, 0xff, 0xff
.long _sym_00abd56c
.byte 0xff, 0xff, 0xff, 0xff
.long _sym_00abd57a
.byte 0xff, 0xff, 0xff, 0xff
.long _sym_00abd588
.byte 0xff, 0xff, 0xff, 0xff
.long _sym_00abd596
.globl _sym_00be38f0
_sym_00be38f0:
.byte 0xff, 0xff, 0xff, 0xff
.long _sym_00abd410
.globl _sym_00be38f8
_sym_00be38f8:
.byte 0x22, 0x05, 0x93, 0x19, 0x01, 0x00, 0x00, 0x00
.long _sym_00be38f0
.byte 0x00, 0x00, 0x00, 0x00, 0x00, 0x00, 0x00, 0x00, 0x00, 0x00, 0x00, 0x00, 0x00, 0x00, 0x00, 0x00
.byte 0x00, 0x00, 0x00, 0x00, 0x01, 0x00, 0x00, 0x00
.globl _sym_00be391c
_sym_00be391c:
.byte 0xff, 0xff, 0xff, 0xff
.long _sym_00abd470
.globl _sym_00be3924
_sym_00be3924:
.byte 0x22, 0x05, 0x93, 0x19, 0x01, 0x00, 0x00, 0x00
.long _sym_00be391c
.byte 0x00, 0x00, 0x00, 0x00, 0x00, 0x00, 0x00, 0x00, 0x00, 0x00, 0x00, 0x00, 0x00, 0x00, 0x00, 0x00
.byte 0x00, 0x00, 0x00, 0x00, 0x01, 0x00, 0x00, 0x00
.globl _sym_00be3948
_sym_00be3948:
.byte 0xff, 0xff, 0xff, 0xff
.long _sym_00abd740
.byte 0xff, 0xff, 0xff, 0xff
.long _sym_00abd74e
.byte 0xff, 0xff, 0xff, 0xff
.long _sym_00abd75c
.byte 0xff, 0xff, 0xff, 0xff
.long _sym_00abd76a
.globl _sym_00be3968
_sym_00be3968:
.byte 0x22, 0x05, 0x93, 0x19, 0x04, 0x00, 0x00, 0x00
.long _sym_00be3948
.byte 0x00, 0x00, 0x00, 0x00, 0x00, 0x00, 0x00, 0x00, 0x00, 0x00, 0x00, 0x00, 0x00, 0x00, 0x00, 0x00
.byte 0x00, 0x00, 0x00, 0x00, 0x01, 0x00, 0x00, 0x00
.globl _sym_00be398c
_sym_00be398c:
.byte 0xff, 0xff, 0xff, 0xff
.long _sym_00abda40
.byte 0xff, 0xff, 0xff, 0xff, 0x00, 0x00, 0x00, 0x00, 0xff, 0xff, 0xff, 0xff, 0x00, 0x00, 0x00, 0x00
.byte 0xff, 0xff, 0xff, 0xff, 0x00, 0x00, 0x00, 0x00
.globl _sym_00be39ac
_sym_00be39ac:
.byte 0x22, 0x05, 0x93, 0x19, 0x04, 0x00, 0x00, 0x00
.long _sym_00be398c
.byte 0x00, 0x00, 0x00, 0x00, 0x00, 0x00, 0x00, 0x00, 0x00, 0x00, 0x00, 0x00, 0x00, 0x00, 0x00, 0x00
.byte 0x00, 0x00, 0x00, 0x00, 0x01, 0x00, 0x00, 0x00
.globl _sym_00be39d0
_sym_00be39d0:
.byte 0xff, 0xff, 0xff, 0xff
.long _sym_00abd7a0
.byte 0xff, 0xff, 0xff, 0xff
.long _sym_00abd7ae
.byte 0xff, 0xff, 0xff, 0xff
.long _sym_00abd7bc
.byte 0xff, 0xff, 0xff, 0xff
.long _sym_00abd7ca
.globl _sym_00be39f0
_sym_00be39f0:
.byte 0x22, 0x05, 0x93, 0x19, 0x04, 0x00, 0x00, 0x00
.long _sym_00be39d0
.byte 0x00, 0x00, 0x00, 0x00, 0x00, 0x00, 0x00, 0x00, 0x00, 0x00, 0x00, 0x00, 0x00, 0x00, 0x00, 0x00
.byte 0x00, 0x00, 0x00, 0x00, 0x01, 0x00, 0x00, 0x00
.globl _sym_00be3a14
_sym_00be3a14:
.byte 0xff, 0xff, 0xff, 0xff
.long _sym_00abda70
.byte 0xff, 0xff, 0xff, 0xff, 0x00, 0x00, 0x00, 0x00, 0xff, 0xff, 0xff, 0xff, 0x00, 0x00, 0x00, 0x00
.byte 0xff, 0xff, 0xff, 0xff, 0x00, 0x00, 0x00, 0x00
.globl _sym_00be3a34
_sym_00be3a34:
.byte 0x22, 0x05, 0x93, 0x19, 0x04, 0x00, 0x00, 0x00
.long _sym_00be3a14
.byte 0x00, 0x00, 0x00, 0x00, 0x00, 0x00, 0x00, 0x00, 0x00, 0x00, 0x00, 0x00, 0x00, 0x00, 0x00, 0x00
.byte 0x00, 0x00, 0x00, 0x00, 0x01, 0x00, 0x00, 0x00
.globl _sym_00be3a58
_sym_00be3a58:
.byte 0xff, 0xff, 0xff, 0xff
.long _sym_00abd860
.byte 0xff, 0xff, 0xff, 0xff
.long _sym_00abd86e
.byte 0xff, 0xff, 0xff, 0xff
.long _sym_00abd87c
.byte 0xff, 0xff, 0xff, 0xff
.long _sym_00abd88a
.globl _sym_00be3a78
_sym_00be3a78:
.byte 0x22, 0x05, 0x93, 0x19, 0x04, 0x00, 0x00, 0x00
.long _sym_00be3a58
.byte 0x00, 0x00, 0x00, 0x00, 0x00, 0x00, 0x00, 0x00, 0x00, 0x00, 0x00, 0x00, 0x00, 0x00, 0x00, 0x00
.byte 0x00, 0x00, 0x00, 0x00, 0x01, 0x00, 0x00, 0x00
.globl _sym_00be3a9c
_sym_00be3a9c:
.byte 0xff, 0xff, 0xff, 0xff
.long _sym_00abdad0
.byte 0xff, 0xff, 0xff, 0xff, 0x00, 0x00, 0x00, 0x00, 0xff, 0xff, 0xff, 0xff, 0x00, 0x00, 0x00, 0x00
.byte 0xff, 0xff, 0xff, 0xff, 0x00, 0x00, 0x00, 0x00
.globl _sym_00be3abc
_sym_00be3abc:
.byte 0x22, 0x05, 0x93, 0x19, 0x04, 0x00, 0x00, 0x00
.long _sym_00be3a9c
.byte 0x00, 0x00, 0x00, 0x00, 0x00, 0x00, 0x00, 0x00, 0x00, 0x00, 0x00, 0x00, 0x00, 0x00, 0x00, 0x00
.byte 0x00, 0x00, 0x00, 0x00, 0x01, 0x00, 0x00, 0x00
.globl _sym_00be3ae0
_sym_00be3ae0:
.byte 0xff, 0xff, 0xff, 0xff
.long _sym_00abd800
.byte 0xff, 0xff, 0xff, 0xff
.long _sym_00abd80e
.byte 0xff, 0xff, 0xff, 0xff
.long _sym_00abd81c
.byte 0xff, 0xff, 0xff, 0xff
.long _sym_00abd82a
.globl _sym_00be3b00
_sym_00be3b00:
.byte 0x22, 0x05, 0x93, 0x19, 0x04, 0x00, 0x00, 0x00
.long _sym_00be3ae0
.byte 0x00, 0x00, 0x00, 0x00, 0x00, 0x00, 0x00, 0x00, 0x00, 0x00, 0x00, 0x00, 0x00, 0x00, 0x00, 0x00
.byte 0x00, 0x00, 0x00, 0x00, 0x01, 0x00, 0x00, 0x00
.globl _sym_00be3b24
_sym_00be3b24:
.byte 0xff, 0xff, 0xff, 0xff
.long _sym_00abdaa0
.byte 0xff, 0xff, 0xff, 0xff, 0x00, 0x00, 0x00, 0x00, 0xff, 0xff, 0xff, 0xff, 0x00, 0x00, 0x00, 0x00
.byte 0xff, 0xff, 0xff, 0xff, 0x00, 0x00, 0x00, 0x00
.globl _sym_00be3b44
_sym_00be3b44:
.byte 0x22, 0x05, 0x93, 0x19, 0x04, 0x00, 0x00, 0x00
.long _sym_00be3b24
.byte 0x00, 0x00, 0x00, 0x00, 0x00, 0x00, 0x00, 0x00, 0x00, 0x00, 0x00, 0x00, 0x00, 0x00, 0x00, 0x00
.byte 0x00, 0x00, 0x00, 0x00, 0x01, 0x00, 0x00, 0x00
.globl _sym_00be3b68
_sym_00be3b68:
.byte 0xff, 0xff, 0xff, 0xff
.long _sym_00abdf20
.byte 0x00, 0x00, 0x00, 0x00
.long _sym_00abdf28
.globl _sym_00be3b78
_sym_00be3b78:
.byte 0x22, 0x05, 0x93, 0x19, 0x02, 0x00, 0x00, 0x00
.long _sym_00be3b68
.byte 0x00, 0x00, 0x00, 0x00, 0x00, 0x00, 0x00, 0x00, 0x00, 0x00, 0x00, 0x00, 0x00, 0x00, 0x00, 0x00
.byte 0x00, 0x00, 0x00, 0x00, 0x01, 0x00, 0x00, 0x00
.globl _sym_00be3b9c
_sym_00be3b9c:
.byte 0x22, 0x05, 0x93, 0x19, 0x17, 0x00, 0x00, 0x00
.long _sym_00be3bc0
.byte 0x00, 0x00, 0x00, 0x00, 0x00, 0x00, 0x00, 0x00, 0x00, 0x00, 0x00, 0x00, 0x00, 0x00, 0x00, 0x00
.byte 0x00, 0x00, 0x00, 0x00, 0x01, 0x00, 0x00, 0x00
.globl _sym_00be3bc0
_sym_00be3bc0:
.byte 0xff, 0xff, 0xff, 0xff
.long _sym_00abd5c0
.byte 0x00, 0x00, 0x00, 0x00
.long _sym_00abd5ce
.byte 0x00, 0x00, 0x00, 0x00, 0x00, 0x00, 0x00, 0x00, 0x00, 0x00, 0x00, 0x00, 0x00, 0x00, 0x00, 0x00
.byte 0x00, 0x00, 0x00, 0x00, 0x00, 0x00, 0x00, 0x00, 0xff, 0xff, 0xff, 0xff
.long _sym_00abd5dc
.byte 0x05, 0x00, 0x00, 0x00
.long _sym_00abd5ea
.byte 0x05, 0x00, 0x00, 0x00, 0x00, 0x00, 0x00, 0x00, 0x05, 0x00, 0x00, 0x00, 0x00, 0x00, 0x00, 0x00
.byte 0x05, 0x00, 0x00, 0x00, 0x00, 0x00, 0x00, 0x00, 0xff, 0xff, 0xff, 0xff
.long _sym_00abd5f8
.byte 0xff, 0xff, 0xff, 0xff
.long _sym_00abd606
.byte 0xff, 0xff, 0xff, 0xff
.long _sym_00abd614
.byte 0x0c, 0x00, 0x00, 0x00
.long _sym_00abd622
.byte 0x0c, 0x00, 0x00, 0x00, 0x00, 0x00, 0x00, 0x00, 0x0c, 0x00, 0x00, 0x00, 0x00, 0x00, 0x00, 0x00
.byte 0x0c, 0x00, 0x00, 0x00, 0x00, 0x00, 0x00, 0x00, 0xff, 0xff, 0xff, 0xff
.long _sym_00abd630
.byte 0xff, 0xff, 0xff, 0xff
.long _sym_00abd63e
.byte 0x12, 0x00, 0x00, 0x00
.long _sym_00abd64c
.byte 0x12, 0x00, 0x00, 0x00, 0x00, 0x00, 0x00, 0x00, 0x12, 0x00, 0x00, 0x00, 0x00, 0x00, 0x00, 0x00
.byte 0x12, 0x00, 0x00, 0x00, 0x00, 0x00, 0x00, 0x00
.globl _sym_00be3c78
_sym_00be3c78:
.byte 0xff, 0xff, 0xff, 0xff
.long _sym_00abd440
.globl _sym_00be3c80
_sym_00be3c80:
.byte 0x22, 0x05, 0x93, 0x19, 0x01, 0x00, 0x00, 0x00
.long _sym_00be3c78
.byte 0x00, 0x00, 0x00, 0x00, 0x00, 0x00, 0x00, 0x00, 0x00, 0x00, 0x00, 0x00, 0x00, 0x00, 0x00, 0x00
.byte 0x00, 0x00, 0x00, 0x00, 0x01, 0x00, 0x00, 0x00
.globl _sym_00be3ca4
_sym_00be3ca4:
.byte 0xff, 0xff, 0xff, 0xff
.long _sym_00abd4a0
.byte 0x00, 0x00, 0x00, 0x00
.long _sym_00abd4ab
.byte 0x01, 0x00, 0x00, 0x00
.long _sym_00abd4b6
.byte 0x02, 0x00, 0x00, 0x00
.long _sym_00abd4c1
.globl _sym_00be3cc4
_sym_00be3cc4:
.byte 0x22, 0x05, 0x93, 0x19, 0x04, 0x00, 0x00, 0x00
.long _sym_00be3ca4
.byte 0x00, 0x00, 0x00, 0x00, 0x00, 0x00, 0x00, 0x00, 0x00, 0x00, 0x00, 0x00, 0x00, 0x00, 0x00, 0x00
.byte 0x00, 0x00, 0x00, 0x00, 0x01, 0x00, 0x00, 0x00
.globl _sym_00be3ce8
_sym_00be3ce8:
.byte 0xff, 0xff, 0xff, 0xff
.long _sym_00abdd40
.globl _sym_00be3cf0
_sym_00be3cf0:
.byte 0x22, 0x05, 0x93, 0x19, 0x01, 0x00, 0x00, 0x00
.long _sym_00be3ce8
.byte 0x00, 0x00, 0x00, 0x00, 0x00, 0x00, 0x00, 0x00, 0x00, 0x00, 0x00, 0x00, 0x00, 0x00, 0x00, 0x00
.byte 0x00, 0x00, 0x00, 0x00, 0x01, 0x00, 0x00, 0x00
.globl _sym_00be3d14
_sym_00be3d14:
.byte 0xff, 0xff, 0xff, 0xff
.long _sym_00abdef0
.byte 0x00, 0x00, 0x00, 0x00
.long _sym_00abdef8
.globl _sym_00be3d24
_sym_00be3d24:
.byte 0x22, 0x05, 0x93, 0x19, 0x02, 0x00, 0x00, 0x00
.long _sym_00be3d14
.byte 0x00, 0x00, 0x00, 0x00, 0x00, 0x00, 0x00, 0x00, 0x00, 0x00, 0x00, 0x00, 0x00, 0x00, 0x00, 0x00
.byte 0x00, 0x00, 0x00, 0x00, 0x01, 0x00, 0x00, 0x00
.globl _sym_00be3d48
_sym_00be3d48:
.byte 0x22, 0x05, 0x93, 0x19, 0x0f, 0x00, 0x00, 0x00
.long _sym_00be3d6c
.byte 0x00, 0x00, 0x00, 0x00, 0x00, 0x00, 0x00, 0x00, 0x00, 0x00, 0x00, 0x00, 0x00, 0x00, 0x00, 0x00
.byte 0x00, 0x00, 0x00, 0x00, 0x01, 0x00, 0x00, 0x00
.globl _sym_00be3d6c
_sym_00be3d6c:
.byte 0xff, 0xff, 0xff, 0xff
.long _sym_00abd680
.byte 0x00, 0x00, 0x00, 0x00
.long _sym_00abd68b
.byte 0x01, 0x00, 0x00, 0x00
.long _sym_00abd693
.byte 0x02, 0x00, 0x00, 0x00
.long _sym_00abd69b
.byte 0x03, 0x00, 0x00, 0x00
.long _sym_00abd6a3
.byte 0x04, 0x00, 0x00, 0x00
.long _sym_00abd6ab
.byte 0x05, 0x00, 0x00, 0x00
.long _sym_00abd6b3
.byte 0x06, 0x00, 0x00, 0x00
.long _sym_00abd6c9
.byte 0x06, 0x00, 0x00, 0x00
.long _sym_00abd6be
.byte 0x06, 0x00, 0x00, 0x00
.long _sym_00abd6d4
.byte 0x06, 0x00, 0x00, 0x00
.long _sym_00abd6df
.byte 0x06, 0x00, 0x00, 0x00
.long _sym_00abd6ea
.byte 0x06, 0x00, 0x00, 0x00
.long _sym_00abd6f5
.byte 0x06, 0x00, 0x00, 0x00
.long _sym_00abd700
.byte 0x0d, 0x00, 0x00, 0x00
.long _sym_00abd70b
.globl _sym_00be3de4
_sym_00be3de4:
.byte 0xff, 0xff, 0xff, 0xff
.long _sym_00abd520
.globl _sym_00be3dec
_sym_00be3dec:
.byte 0x22, 0x05, 0x93, 0x19, 0x01, 0x00, 0x00, 0x00
.long _sym_00be3de4
.byte 0x00, 0x00, 0x00, 0x00, 0x00, 0x00, 0x00, 0x00, 0x00, 0x00, 0x00, 0x00, 0x00, 0x00, 0x00, 0x00
.byte 0x00, 0x00, 0x00, 0x00, 0x01, 0x00, 0x00, 0x00
.globl _sym_00be3e10
_sym_00be3e10:
.byte 0xff, 0xff, 0xff, 0xff
.long _sym_00abd4f0
.globl _sym_00be3e18
_sym_00be3e18:
.byte 0x22, 0x05, 0x93, 0x19, 0x01, 0x00, 0x00, 0x00
.long _sym_00be3e10
.byte 0x00, 0x00, 0x00, 0x00, 0x00, 0x00, 0x00, 0x00, 0x00, 0x00, 0x00, 0x00, 0x00, 0x00, 0x00, 0x00
.byte 0x00, 0x00, 0x00, 0x00, 0x01, 0x00, 0x00, 0x00
.globl _sym_00be3e3c
_sym_00be3e3c:
.byte 0xff, 0xff, 0xff, 0xff
.long _sym_00abd110
.byte 0xff, 0xff, 0xff, 0xff, 0x00, 0x00, 0x00, 0x00, 0xff, 0xff, 0xff, 0xff, 0x00, 0x00, 0x00, 0x00
.byte 0xff, 0xff, 0xff, 0xff, 0x00, 0x00, 0x00, 0x00
.globl _sym_00be3e5c
_sym_00be3e5c:
.byte 0x22, 0x05, 0x93, 0x19, 0x04, 0x00, 0x00, 0x00
.long _sym_00be3e3c
.byte 0x00, 0x00, 0x00, 0x00, 0x00, 0x00, 0x00, 0x00, 0x00, 0x00, 0x00, 0x00, 0x00, 0x00, 0x00, 0x00
.byte 0x00, 0x00, 0x00, 0x00, 0x01, 0x00, 0x00, 0x00
.globl _sym_00be3e80
_sym_00be3e80:
.byte 0xff, 0xff, 0xff, 0xff
.long _sym_00abd140
.byte 0xff, 0xff, 0xff, 0xff, 0x00, 0x00, 0x00, 0x00, 0xff, 0xff, 0xff, 0xff, 0x00, 0x00, 0x00, 0x00
.byte 0xff, 0xff, 0xff, 0xff, 0x00, 0x00, 0x00, 0x00
.globl _sym_00be3ea0
_sym_00be3ea0:
.byte 0x22, 0x05, 0x93, 0x19, 0x04, 0x00, 0x00, 0x00
.long _sym_00be3e80
.byte 0x00, 0x00, 0x00, 0x00, 0x00, 0x00, 0x00, 0x00, 0x00, 0x00, 0x00, 0x00, 0x00, 0x00, 0x00, 0x00
.byte 0x00, 0x00, 0x00, 0x00, 0x01, 0x00, 0x00, 0x00
.globl _sym_00be3ec4
_sym_00be3ec4:
.byte 0xff, 0xff, 0xff, 0xff
.long _sym_00abd1a0
.byte 0xff, 0xff, 0xff, 0xff, 0x00, 0x00, 0x00, 0x00, 0xff, 0xff, 0xff, 0xff, 0x00, 0x00, 0x00, 0x00
.byte 0xff, 0xff, 0xff, 0xff, 0x00, 0x00, 0x00, 0x00
.globl _sym_00be3ee4
_sym_00be3ee4:
.byte 0x22, 0x05, 0x93, 0x19, 0x04, 0x00, 0x00, 0x00
.long _sym_00be3ec4
.byte 0x00, 0x00, 0x00, 0x00, 0x00, 0x00, 0x00, 0x00, 0x00, 0x00, 0x00, 0x00, 0x00, 0x00, 0x00, 0x00
.byte 0x00, 0x00, 0x00, 0x00, 0x01, 0x00, 0x00, 0x00
.globl _sym_00be3f08
_sym_00be3f08:
.byte 0xff, 0xff, 0xff, 0xff
.long _sym_00abd170
.byte 0xff, 0xff, 0xff, 0xff, 0x00, 0x00, 0x00, 0x00, 0xff, 0xff, 0xff, 0xff, 0x00, 0x00, 0x00, 0x00
.byte 0xff, 0xff, 0xff, 0xff, 0x00, 0x00, 0x00, 0x00
.globl _sym_00be3f28
_sym_00be3f28:
.byte 0x22, 0x05, 0x93, 0x19, 0x04, 0x00, 0x00, 0x00
.long _sym_00be3f08
.byte 0x00, 0x00, 0x00, 0x00, 0x00, 0x00, 0x00, 0x00, 0x00, 0x00, 0x00, 0x00, 0x00, 0x00, 0x00, 0x00
.byte 0x00, 0x00, 0x00, 0x00, 0x01, 0x00, 0x00, 0x00
.globl _sym_00be3f4c
_sym_00be3f4c:
.byte 0xff, 0xff, 0xff, 0xff
.long _sym_00abd3b0
.globl _sym_00be3f54
_sym_00be3f54:
.byte 0x22, 0x05, 0x93, 0x19, 0x01, 0x00, 0x00, 0x00
.long _sym_00be3f4c
.byte 0x00, 0x00, 0x00, 0x00, 0x00, 0x00, 0x00, 0x00, 0x00, 0x00, 0x00, 0x00, 0x00, 0x00, 0x00, 0x00
.byte 0x00, 0x00, 0x00, 0x00, 0x01, 0x00, 0x00, 0x00
.globl _sym_00be3f78
_sym_00be3f78:
.byte 0xff, 0xff, 0xff, 0xff
.long _sym_00abd3e0
.globl _sym_00be3f80
_sym_00be3f80:
.byte 0x22, 0x05, 0x93, 0x19, 0x01, 0x00, 0x00, 0x00
.long _sym_00be3f78
.byte 0x00, 0x00, 0x00, 0x00, 0x00, 0x00, 0x00, 0x00, 0x00, 0x00, 0x00, 0x00, 0x00, 0x00, 0x00, 0x00
.byte 0x00, 0x00, 0x00, 0x00, 0x01, 0x00, 0x00, 0x00
.globl _sym_00be3fa4
_sym_00be3fa4:
.byte 0xff, 0xff, 0xff, 0xff
.long _sym_00abd380
.globl _sym_00be3fac
_sym_00be3fac:
.byte 0x22, 0x05, 0x93, 0x19, 0x01, 0x00, 0x00, 0x00
.long _sym_00be3fa4
.byte 0x00, 0x00, 0x00, 0x00, 0x00, 0x00, 0x00, 0x00, 0x00, 0x00, 0x00, 0x00, 0x00, 0x00, 0x00, 0x00
.byte 0x00, 0x00, 0x00, 0x00, 0x01, 0x00, 0x00, 0x00
.globl _sym_00be3fd0
_sym_00be3fd0:
.byte 0xff, 0xff, 0xff, 0xff
.long _sym_00abd350
.globl _sym_00be3fd8
_sym_00be3fd8:
.byte 0x22, 0x05, 0x93, 0x19, 0x01, 0x00, 0x00, 0x00
.long _sym_00be3fd0
.byte 0x00, 0x00, 0x00, 0x00, 0x00, 0x00, 0x00, 0x00, 0x00, 0x00, 0x00, 0x00, 0x00, 0x00, 0x00, 0x00
.byte 0x00, 0x00, 0x00, 0x00, 0x01, 0x00, 0x00, 0x00
.globl _sym_00be3ffc
_sym_00be3ffc:
.byte 0xff, 0xff, 0xff, 0xff
.long _sym_00abcf90
.byte 0xff, 0xff, 0xff, 0xff, 0x00, 0x00, 0x00, 0x00, 0xff, 0xff, 0xff, 0xff, 0x00, 0x00, 0x00, 0x00
.byte 0xff, 0xff, 0xff, 0xff, 0x00, 0x00, 0x00, 0x00
.globl _sym_00be401c
_sym_00be401c:
.byte 0x22, 0x05, 0x93, 0x19, 0x04, 0x00, 0x00, 0x00
.long _sym_00be3ffc
.byte 0x00, 0x00, 0x00, 0x00, 0x00, 0x00, 0x00, 0x00, 0x00, 0x00, 0x00, 0x00, 0x00, 0x00, 0x00, 0x00
.byte 0x00, 0x00, 0x00, 0x00, 0x01, 0x00, 0x00, 0x00
.globl _sym_00be4040
_sym_00be4040:
.byte 0xff, 0xff, 0xff, 0xff
.long _sym_00abcfc0
.byte 0xff, 0xff, 0xff, 0xff, 0x00, 0x00, 0x00, 0x00, 0xff, 0xff, 0xff, 0xff, 0x00, 0x00, 0x00, 0x00
.byte 0xff, 0xff, 0xff, 0xff, 0x00, 0x00, 0x00, 0x00
.globl _sym_00be4060
_sym_00be4060:
.byte 0x22, 0x05, 0x93, 0x19, 0x04, 0x00, 0x00, 0x00
.long _sym_00be4040
.byte 0x00, 0x00, 0x00, 0x00, 0x00, 0x00, 0x00, 0x00, 0x00, 0x00, 0x00, 0x00, 0x00, 0x00, 0x00, 0x00
.byte 0x00, 0x00, 0x00, 0x00, 0x01, 0x00, 0x00, 0x00
.globl _sym_00be4084
_sym_00be4084:
.byte 0xff, 0xff, 0xff, 0xff
.long _sym_00abd020
.byte 0xff, 0xff, 0xff, 0xff, 0x00, 0x00, 0x00, 0x00, 0xff, 0xff, 0xff, 0xff, 0x00, 0x00, 0x00, 0x00
.byte 0xff, 0xff, 0xff, 0xff, 0x00, 0x00, 0x00, 0x00
.globl _sym_00be40a4
_sym_00be40a4:
.byte 0x22, 0x05, 0x93, 0x19, 0x04, 0x00, 0x00, 0x00
.long _sym_00be4084
.byte 0x00, 0x00, 0x00, 0x00, 0x00, 0x00, 0x00, 0x00, 0x00, 0x00, 0x00, 0x00, 0x00, 0x00, 0x00, 0x00
.byte 0x00, 0x00, 0x00, 0x00, 0x01, 0x00, 0x00, 0x00
.globl _sym_00be40c8
_sym_00be40c8:
.byte 0xff, 0xff, 0xff, 0xff
.long _sym_00abcff0
.byte 0xff, 0xff, 0xff, 0xff, 0x00, 0x00, 0x00, 0x00, 0xff, 0xff, 0xff, 0xff, 0x00, 0x00, 0x00, 0x00
.byte 0xff, 0xff, 0xff, 0xff, 0x00, 0x00, 0x00, 0x00
.globl _sym_00be40e8
_sym_00be40e8:
.byte 0x22, 0x05, 0x93, 0x19, 0x04, 0x00, 0x00, 0x00
.long _sym_00be40c8
.byte 0x00, 0x00, 0x00, 0x00, 0x00, 0x00, 0x00, 0x00, 0x00, 0x00, 0x00, 0x00, 0x00, 0x00, 0x00, 0x00
.byte 0x00, 0x00, 0x00, 0x00, 0x01, 0x00, 0x00, 0x00
.globl _sym_00be410c
_sym_00be410c:
.byte 0xff, 0xff, 0xff, 0xff
.long _sym_00abd230
.byte 0xff, 0xff, 0xff, 0xff, 0x00, 0x00, 0x00, 0x00, 0xff, 0xff, 0xff, 0xff, 0x00, 0x00, 0x00, 0x00
.byte 0xff, 0xff, 0xff, 0xff, 0x00, 0x00, 0x00, 0x00
.globl _sym_00be412c
_sym_00be412c:
.byte 0x22, 0x05, 0x93, 0x19, 0x04, 0x00, 0x00, 0x00
.long _sym_00be410c
.byte 0x00, 0x00, 0x00, 0x00, 0x00, 0x00, 0x00, 0x00, 0x00, 0x00, 0x00, 0x00, 0x00, 0x00, 0x00, 0x00
.byte 0x00, 0x00, 0x00, 0x00, 0x01, 0x00, 0x00, 0x00
.globl _sym_00be4150
_sym_00be4150:
.byte 0xff, 0xff, 0xff, 0xff
.long _sym_00abd2f0
.byte 0xff, 0xff, 0xff, 0xff, 0x00, 0x00, 0x00, 0x00, 0xff, 0xff, 0xff, 0xff, 0x00, 0x00, 0x00, 0x00
.byte 0xff, 0xff, 0xff, 0xff, 0x00, 0x00, 0x00, 0x00
.globl _sym_00be4170
_sym_00be4170:
.byte 0x22, 0x05, 0x93, 0x19, 0x04, 0x00, 0x00, 0x00
.long _sym_00be4150
.byte 0x00, 0x00, 0x00, 0x00, 0x00, 0x00, 0x00, 0x00, 0x00, 0x00, 0x00, 0x00, 0x00, 0x00, 0x00, 0x00
.byte 0x00, 0x00, 0x00, 0x00, 0x01, 0x00, 0x00, 0x00
.globl _sym_00be4194
_sym_00be4194:
.byte 0xff, 0xff, 0xff, 0xff
.long _sym_00abd920
.byte 0xff, 0xff, 0xff, 0xff, 0x00, 0x00, 0x00, 0x00, 0xff, 0xff, 0xff, 0xff, 0x00, 0x00, 0x00, 0x00
.byte 0xff, 0xff, 0xff, 0xff, 0x00, 0x00, 0x00, 0x00
.globl _sym_00be41b4
_sym_00be41b4:
.byte 0x22, 0x05, 0x93, 0x19, 0x04, 0x00, 0x00, 0x00
.long _sym_00be4194
.byte 0x00, 0x00, 0x00, 0x00, 0x00, 0x00, 0x00, 0x00, 0x00, 0x00, 0x00, 0x00, 0x00, 0x00, 0x00, 0x00
.byte 0x00, 0x00, 0x00, 0x00, 0x01, 0x00, 0x00, 0x00
.globl _sym_00be41d8
_sym_00be41d8:
.byte 0xff, 0xff, 0xff, 0xff
.long _sym_00abd260
.byte 0xff, 0xff, 0xff, 0xff, 0x00, 0x00, 0x00, 0x00, 0xff, 0xff, 0xff, 0xff, 0x00, 0x00, 0x00, 0x00
.byte 0xff, 0xff, 0xff, 0xff, 0x00, 0x00, 0x00, 0x00
.globl _sym_00be41f8
_sym_00be41f8:
.byte 0x22, 0x05, 0x93, 0x19, 0x04, 0x00, 0x00, 0x00
.long _sym_00be41d8
.byte 0x00, 0x00, 0x00, 0x00, 0x00, 0x00, 0x00, 0x00, 0x00, 0x00, 0x00, 0x00, 0x00, 0x00, 0x00, 0x00
.byte 0x00, 0x00, 0x00, 0x00, 0x01, 0x00, 0x00, 0x00
.globl _sym_00be421c
_sym_00be421c:
.byte 0xff, 0xff, 0xff, 0xff
.long _sym_00abd320
.byte 0xff, 0xff, 0xff, 0xff, 0x00, 0x00, 0x00, 0x00, 0xff, 0xff, 0xff, 0xff, 0x00, 0x00, 0x00, 0x00
.byte 0xff, 0xff, 0xff, 0xff, 0x00, 0x00, 0x00, 0x00
.globl _sym_00be423c
_sym_00be423c:
.byte 0x22, 0x05, 0x93, 0x19, 0x04, 0x00, 0x00, 0x00
.long _sym_00be421c
.byte 0x00, 0x00, 0x00, 0x00, 0x00, 0x00, 0x00, 0x00, 0x00, 0x00, 0x00, 0x00, 0x00, 0x00, 0x00, 0x00
.byte 0x00, 0x00, 0x00, 0x00, 0x01, 0x00, 0x00, 0x00
.globl _sym_00be4260
_sym_00be4260:
.byte 0xff, 0xff, 0xff, 0xff
.long _sym_00abd950
.byte 0xff, 0xff, 0xff, 0xff, 0x00, 0x00, 0x00, 0x00, 0xff, 0xff, 0xff, 0xff, 0x00, 0x00, 0x00, 0x00
.byte 0xff, 0xff, 0xff, 0xff, 0x00, 0x00, 0x00, 0x00
.globl _sym_00be4280
_sym_00be4280:
.byte 0x22, 0x05, 0x93, 0x19, 0x04, 0x00, 0x00, 0x00
.long _sym_00be4260
.byte 0x00, 0x00, 0x00, 0x00, 0x00, 0x00, 0x00, 0x00, 0x00, 0x00, 0x00, 0x00, 0x00, 0x00, 0x00, 0x00
.byte 0x00, 0x00, 0x00, 0x00, 0x01, 0x00, 0x00, 0x00
.globl _sym_00be42a4
_sym_00be42a4:
.byte 0xff, 0xff, 0xff, 0xff
.long _sym_00abd200
.byte 0xff, 0xff, 0xff, 0xff, 0x00, 0x00, 0x00, 0x00, 0xff, 0xff, 0xff, 0xff, 0x00, 0x00, 0x00, 0x00
.byte 0xff, 0xff, 0xff, 0xff, 0x00, 0x00, 0x00, 0x00
.globl _sym_00be42c4
_sym_00be42c4:
.byte 0x22, 0x05, 0x93, 0x19, 0x04, 0x00, 0x00, 0x00
.long _sym_00be42a4
.byte 0x00, 0x00, 0x00, 0x00, 0x00, 0x00, 0x00, 0x00, 0x00, 0x00, 0x00, 0x00, 0x00, 0x00, 0x00, 0x00
.byte 0x00, 0x00, 0x00, 0x00, 0x01, 0x00, 0x00, 0x00
.globl _sym_00be42e8
_sym_00be42e8:
.byte 0xff, 0xff, 0xff, 0xff
.long _sym_00abd2c0
.byte 0xff, 0xff, 0xff, 0xff, 0x00, 0x00, 0x00, 0x00, 0xff, 0xff, 0xff, 0xff, 0x00, 0x00, 0x00, 0x00
.byte 0xff, 0xff, 0xff, 0xff, 0x00, 0x00, 0x00, 0x00
.globl _sym_00be4308
_sym_00be4308:
.byte 0x22, 0x05, 0x93, 0x19, 0x04, 0x00, 0x00, 0x00
.long _sym_00be42e8
.byte 0x00, 0x00, 0x00, 0x00, 0x00, 0x00, 0x00, 0x00, 0x00, 0x00, 0x00, 0x00, 0x00, 0x00, 0x00, 0x00
.byte 0x00, 0x00, 0x00, 0x00, 0x01, 0x00, 0x00, 0x00
.globl _sym_00be432c
_sym_00be432c:
.byte 0xff, 0xff, 0xff, 0xff
.long _sym_00abd8f0
.byte 0xff, 0xff, 0xff, 0xff, 0x00, 0x00, 0x00, 0x00, 0xff, 0xff, 0xff, 0xff, 0x00, 0x00, 0x00, 0x00
.byte 0xff, 0xff, 0xff, 0xff, 0x00, 0x00, 0x00, 0x00
.globl _sym_00be434c
_sym_00be434c:
.byte 0x22, 0x05, 0x93, 0x19, 0x04, 0x00, 0x00, 0x00
.long _sym_00be432c
.byte 0x00, 0x00, 0x00, 0x00, 0x00, 0x00, 0x00, 0x00, 0x00, 0x00, 0x00, 0x00, 0x00, 0x00, 0x00, 0x00
.byte 0x00, 0x00, 0x00, 0x00, 0x01, 0x00, 0x00, 0x00
.globl _sym_00be4370
_sym_00be4370:
.byte 0xff, 0xff, 0xff, 0xff
.long _sym_00abd1d0
.byte 0xff, 0xff, 0xff, 0xff, 0x00, 0x00, 0x00, 0x00, 0xff, 0xff, 0xff, 0xff, 0x00, 0x00, 0x00, 0x00
.byte 0xff, 0xff, 0xff, 0xff, 0x00, 0x00, 0x00, 0x00
.globl _sym_00be4390
_sym_00be4390:
.byte 0x22, 0x05, 0x93, 0x19, 0x04, 0x00, 0x00, 0x00
.long _sym_00be4370
.byte 0x00, 0x00, 0x00, 0x00, 0x00, 0x00, 0x00, 0x00, 0x00, 0x00, 0x00, 0x00, 0x00, 0x00, 0x00, 0x00
.byte 0x00, 0x00, 0x00, 0x00, 0x01, 0x00, 0x00, 0x00
.globl _sym_00be43b4
_sym_00be43b4:
.byte 0xff, 0xff, 0xff, 0xff
.long _sym_00abd290
.byte 0xff, 0xff, 0xff, 0xff, 0x00, 0x00, 0x00, 0x00, 0xff, 0xff, 0xff, 0xff, 0x00, 0x00, 0x00, 0x00
.byte 0xff, 0xff, 0xff, 0xff, 0x00, 0x00, 0x00, 0x00
.globl _sym_00be43d4
_sym_00be43d4:
.byte 0x22, 0x05, 0x93, 0x19, 0x04, 0x00, 0x00, 0x00
.long _sym_00be43b4
.byte 0x00, 0x00, 0x00, 0x00, 0x00, 0x00, 0x00, 0x00, 0x00, 0x00, 0x00, 0x00, 0x00, 0x00, 0x00, 0x00
.byte 0x00, 0x00, 0x00, 0x00, 0x01, 0x00, 0x00, 0x00
.globl _sym_00be43f8
_sym_00be43f8:
.byte 0xff, 0xff, 0xff, 0xff
.long _sym_00abd8c0
.byte 0xff, 0xff, 0xff, 0xff, 0x00, 0x00, 0x00, 0x00, 0xff, 0xff, 0xff, 0xff, 0x00, 0x00, 0x00, 0x00
.byte 0xff, 0xff, 0xff, 0xff, 0x00, 0x00, 0x00, 0x00
.globl _sym_00be4418
_sym_00be4418:
.byte 0x22, 0x05, 0x93, 0x19, 0x04, 0x00, 0x00, 0x00
.long _sym_00be43f8
.byte 0x00, 0x00, 0x00, 0x00, 0x00, 0x00, 0x00, 0x00, 0x00, 0x00, 0x00, 0x00, 0x00, 0x00, 0x00, 0x00
.byte 0x00, 0x00, 0x00, 0x00, 0x01, 0x00, 0x00, 0x00
.globl _sym_00be443c
_sym_00be443c:
.byte 0xff, 0xff, 0xff, 0xff
.long _sym_00abdbc0
.byte 0xff, 0xff, 0xff, 0xff, 0x00, 0x00, 0x00, 0x00, 0xff, 0xff, 0xff, 0xff, 0x00, 0x00, 0x00, 0x00
.byte 0xff, 0xff, 0xff, 0xff, 0x00, 0x00, 0x00, 0x00
.globl _sym_00be445c
_sym_00be445c:
.byte 0x22, 0x05, 0x93, 0x19, 0x04, 0x00, 0x00, 0x00
.long _sym_00be443c
.byte 0x00, 0x00, 0x00, 0x00, 0x00, 0x00, 0x00, 0x00, 0x00, 0x00, 0x00, 0x00, 0x00, 0x00, 0x00, 0x00
.byte 0x00, 0x00, 0x00, 0x00, 0x01, 0x00, 0x00, 0x00
.globl _sym_00be4480
_sym_00be4480:
.byte 0xff, 0xff, 0xff, 0xff
.long _sym_00abdbf0
.byte 0xff, 0xff, 0xff, 0xff, 0x00, 0x00, 0x00, 0x00, 0xff, 0xff, 0xff, 0xff, 0x00, 0x00, 0x00, 0x00
.byte 0xff, 0xff, 0xff, 0xff, 0x00, 0x00, 0x00, 0x00
.globl _sym_00be44a0
_sym_00be44a0:
.byte 0x22, 0x05, 0x93, 0x19, 0x04, 0x00, 0x00, 0x00
.long _sym_00be4480
.byte 0x00, 0x00, 0x00, 0x00, 0x00, 0x00, 0x00, 0x00, 0x00, 0x00, 0x00, 0x00, 0x00, 0x00, 0x00, 0x00
.byte 0x00, 0x00, 0x00, 0x00, 0x01, 0x00, 0x00, 0x00
.globl _sym_00be44c4
_sym_00be44c4:
.byte 0xff, 0xff, 0xff, 0xff
.long _sym_00abdc50
.byte 0xff, 0xff, 0xff, 0xff, 0x00, 0x00, 0x00, 0x00, 0xff, 0xff, 0xff, 0xff, 0x00, 0x00, 0x00, 0x00
.byte 0xff, 0xff, 0xff, 0xff, 0x00, 0x00, 0x00, 0x00
.globl _sym_00be44e4
_sym_00be44e4:
.byte 0x22, 0x05, 0x93, 0x19, 0x04, 0x00, 0x00, 0x00
.long _sym_00be44c4
.byte 0x00, 0x00, 0x00, 0x00, 0x00, 0x00, 0x00, 0x00, 0x00, 0x00, 0x00, 0x00, 0x00, 0x00, 0x00, 0x00
.byte 0x00, 0x00, 0x00, 0x00, 0x01, 0x00, 0x00, 0x00
.globl _sym_00be4508
_sym_00be4508:
.byte 0xff, 0xff, 0xff, 0xff
.long _sym_00abdc20
.byte 0xff, 0xff, 0xff, 0xff, 0x00, 0x00, 0x00, 0x00, 0xff, 0xff, 0xff, 0xff, 0x00, 0x00, 0x00, 0x00
.byte 0xff, 0xff, 0xff, 0xff, 0x00, 0x00, 0x00, 0x00
.globl _sym_00be4528
_sym_00be4528:
.byte 0x22, 0x05, 0x93, 0x19, 0x04, 0x00, 0x00, 0x00
.long _sym_00be4508
.byte 0x00, 0x00, 0x00, 0x00, 0x00, 0x00, 0x00, 0x00, 0x00, 0x00, 0x00, 0x00, 0x00, 0x00, 0x00, 0x00
.byte 0x00, 0x00, 0x00, 0x00, 0x01, 0x00, 0x00, 0x00
.globl _sym_00be454c
_sym_00be454c:
.byte 0xff, 0xff, 0xff, 0xff
.long _sym_00abce70
.byte 0xff, 0xff, 0xff, 0xff, 0x00, 0x00, 0x00, 0x00, 0xff, 0xff, 0xff, 0xff, 0x00, 0x00, 0x00, 0x00
.byte 0xff, 0xff, 0xff, 0xff, 0x00, 0x00, 0x00, 0x00
.globl _sym_00be456c
_sym_00be456c:
.byte 0x22, 0x05, 0x93, 0x19, 0x04, 0x00, 0x00, 0x00
.long _sym_00be454c
.byte 0x00, 0x00, 0x00, 0x00, 0x00, 0x00, 0x00, 0x00, 0x00, 0x00, 0x00, 0x00, 0x00, 0x00, 0x00, 0x00
.byte 0x00, 0x00, 0x00, 0x00, 0x01, 0x00, 0x00, 0x00
.globl _sym_00be4590
_sym_00be4590:
.byte 0xff, 0xff, 0xff, 0xff
.long _sym_00abcea0
.byte 0xff, 0xff, 0xff, 0xff, 0x00, 0x00, 0x00, 0x00, 0xff, 0xff, 0xff, 0xff, 0x00, 0x00, 0x00, 0x00
.byte 0xff, 0xff, 0xff, 0xff, 0x00, 0x00, 0x00, 0x00
.globl _sym_00be45b0
_sym_00be45b0:
.byte 0x22, 0x05, 0x93, 0x19, 0x04, 0x00, 0x00, 0x00
.long _sym_00be4590
.byte 0x00, 0x00, 0x00, 0x00, 0x00, 0x00, 0x00, 0x00, 0x00, 0x00, 0x00, 0x00, 0x00, 0x00, 0x00, 0x00
.byte 0x00, 0x00, 0x00, 0x00, 0x01, 0x00, 0x00, 0x00
.globl _sym_00be45d4
_sym_00be45d4:
.byte 0xff, 0xff, 0xff, 0xff
.long _sym_00abce40
.byte 0xff, 0xff, 0xff, 0xff, 0x00, 0x00, 0x00, 0x00, 0xff, 0xff, 0xff, 0xff, 0x00, 0x00, 0x00, 0x00
.byte 0xff, 0xff, 0xff, 0xff, 0x00, 0x00, 0x00, 0x00
.globl _sym_00be45f4
_sym_00be45f4:
.byte 0x22, 0x05, 0x93, 0x19, 0x04, 0x00, 0x00, 0x00
.long _sym_00be45d4
.byte 0x00, 0x00, 0x00, 0x00, 0x00, 0x00, 0x00, 0x00, 0x00, 0x00, 0x00, 0x00, 0x00, 0x00, 0x00, 0x00
.byte 0x00, 0x00, 0x00, 0x00, 0x01, 0x00, 0x00, 0x00
.globl _sym_00be4618
_sym_00be4618:
.byte 0xff, 0xff, 0xff, 0xff
.long _sym_00abce10
.byte 0xff, 0xff, 0xff, 0xff, 0x00, 0x00, 0x00, 0x00, 0xff, 0xff, 0xff, 0xff, 0x00, 0x00, 0x00, 0x00
.byte 0xff, 0xff, 0xff, 0xff, 0x00, 0x00, 0x00, 0x00
.globl _sym_00be4638
_sym_00be4638:
.byte 0x22, 0x05, 0x93, 0x19, 0x04, 0x00, 0x00, 0x00
.long _sym_00be4618
.byte 0x00, 0x00, 0x00, 0x00, 0x00, 0x00, 0x00, 0x00, 0x00, 0x00, 0x00, 0x00, 0x00, 0x00, 0x00, 0x00
.byte 0x00, 0x00, 0x00, 0x00, 0x01, 0x00, 0x00, 0x00
.globl _sym_00be465c
_sym_00be465c:
.byte 0xff, 0xff, 0xff, 0xff
.long _sym_00abd050
.byte 0xff, 0xff, 0xff, 0xff, 0x00, 0x00, 0x00, 0x00, 0xff, 0xff, 0xff, 0xff, 0x00, 0x00, 0x00, 0x00
.byte 0xff, 0xff, 0xff, 0xff, 0x00, 0x00, 0x00, 0x00
.globl _sym_00be467c
_sym_00be467c:
.byte 0x22, 0x05, 0x93, 0x19, 0x04, 0x00, 0x00, 0x00
.long _sym_00be465c
.byte 0x00, 0x00, 0x00, 0x00, 0x00, 0x00, 0x00, 0x00, 0x00, 0x00, 0x00, 0x00, 0x00, 0x00, 0x00, 0x00
.byte 0x00, 0x00, 0x00, 0x00, 0x01, 0x00, 0x00, 0x00
.globl _sym_00be46a0
_sym_00be46a0:
.byte 0xff, 0xff, 0xff, 0xff
.long _sym_00abd080
.byte 0xff, 0xff, 0xff, 0xff, 0x00, 0x00, 0x00, 0x00, 0xff, 0xff, 0xff, 0xff, 0x00, 0x00, 0x00, 0x00
.byte 0xff, 0xff, 0xff, 0xff, 0x00, 0x00, 0x00, 0x00
.globl _sym_00be46c0
_sym_00be46c0:
.byte 0x22, 0x05, 0x93, 0x19, 0x04, 0x00, 0x00, 0x00
.long _sym_00be46a0
.byte 0x00, 0x00, 0x00, 0x00, 0x00, 0x00, 0x00, 0x00, 0x00, 0x00, 0x00, 0x00, 0x00, 0x00, 0x00, 0x00
.byte 0x00, 0x00, 0x00, 0x00, 0x01, 0x00, 0x00, 0x00
.globl _sym_00be46e4
_sym_00be46e4:
.byte 0xff, 0xff, 0xff, 0xff
.long _sym_00abd0e0
.byte 0xff, 0xff, 0xff, 0xff, 0x00, 0x00, 0x00, 0x00, 0xff, 0xff, 0xff, 0xff, 0x00, 0x00, 0x00, 0x00
.byte 0xff, 0xff, 0xff, 0xff, 0x00, 0x00, 0x00, 0x00
.globl _sym_00be4704
_sym_00be4704:
.byte 0x22, 0x05, 0x93, 0x19, 0x04, 0x00, 0x00, 0x00
.long _sym_00be46e4
.byte 0x00, 0x00, 0x00, 0x00, 0x00, 0x00, 0x00, 0x00, 0x00, 0x00, 0x00, 0x00, 0x00, 0x00, 0x00, 0x00
.byte 0x00, 0x00, 0x00, 0x00, 0x01, 0x00, 0x00, 0x00
.globl _sym_00be4728
_sym_00be4728:
.byte 0xff, 0xff, 0xff, 0xff
.long _sym_00abd0b0
.byte 0xff, 0xff, 0xff, 0xff, 0x00, 0x00, 0x00, 0x00, 0xff, 0xff, 0xff, 0xff, 0x00, 0x00, 0x00, 0x00
.byte 0xff, 0xff, 0xff, 0xff, 0x00, 0x00, 0x00, 0x00
.globl _sym_00be4748
_sym_00be4748:
.byte 0x22, 0x05, 0x93, 0x19, 0x04, 0x00, 0x00, 0x00
.long _sym_00be4728
.byte 0x00, 0x00, 0x00, 0x00, 0x00, 0x00, 0x00, 0x00, 0x00, 0x00, 0x00, 0x00, 0x00, 0x00, 0x00, 0x00
.byte 0x00, 0x00, 0x00, 0x00, 0x01, 0x00, 0x00, 0x00
.globl _sym_00be476c
_sym_00be476c:
.byte 0xff, 0xff, 0xff, 0xff
.long _sym_00abd9e0
.byte 0xff, 0xff, 0xff, 0xff, 0x00, 0x00, 0x00, 0x00, 0xff, 0xff, 0xff, 0xff, 0x00, 0x00, 0x00, 0x00
.byte 0xff, 0xff, 0xff, 0xff, 0x00, 0x00, 0x00, 0x00
.globl _sym_00be478c
_sym_00be478c:
.byte 0x22, 0x05, 0x93, 0x19, 0x04, 0x00, 0x00, 0x00
.long _sym_00be476c
.byte 0x00, 0x00, 0x00, 0x00, 0x00, 0x00, 0x00, 0x00, 0x00, 0x00, 0x00, 0x00, 0x00, 0x00, 0x00, 0x00
.byte 0x00, 0x00, 0x00, 0x00, 0x01, 0x00, 0x00, 0x00
.globl _sym_00be47b0
_sym_00be47b0:
.byte 0xff, 0xff, 0xff, 0xff
.long _sym_00abddd0
.byte 0xff, 0xff, 0xff, 0xff, 0x00, 0x00, 0x00, 0x00, 0xff, 0xff, 0xff, 0xff, 0x00, 0x00, 0x00, 0x00
.byte 0xff, 0xff, 0xff, 0xff, 0x00, 0x00, 0x00, 0x00
.globl _sym_00be47d0
_sym_00be47d0:
.byte 0x22, 0x05, 0x93, 0x19, 0x04, 0x00, 0x00, 0x00
.long _sym_00be47b0
.byte 0x00, 0x00, 0x00, 0x00, 0x00, 0x00, 0x00, 0x00, 0x00, 0x00, 0x00, 0x00, 0x00, 0x00, 0x00, 0x00
.byte 0x00, 0x00, 0x00, 0x00, 0x01, 0x00, 0x00, 0x00
.globl _sym_00be47f4
_sym_00be47f4:
.byte 0xff, 0xff, 0xff, 0xff
.long _sym_00abde90
.byte 0xff, 0xff, 0xff, 0xff, 0x00, 0x00, 0x00, 0x00, 0xff, 0xff, 0xff, 0xff, 0x00, 0x00, 0x00, 0x00
.byte 0xff, 0xff, 0xff, 0xff, 0x00, 0x00, 0x00, 0x00
.globl _sym_00be4814
_sym_00be4814:
.byte 0x22, 0x05, 0x93, 0x19, 0x04, 0x00, 0x00, 0x00
.long _sym_00be47f4
.byte 0x00, 0x00, 0x00, 0x00, 0x00, 0x00, 0x00, 0x00, 0x00, 0x00, 0x00, 0x00, 0x00, 0x00, 0x00, 0x00
.byte 0x00, 0x00, 0x00, 0x00, 0x01, 0x00, 0x00, 0x00
.globl _sym_00be4838
_sym_00be4838:
.byte 0xff, 0xff, 0xff, 0xff
.long _sym_00abda10
.byte 0xff, 0xff, 0xff, 0xff, 0x00, 0x00, 0x00, 0x00, 0xff, 0xff, 0xff, 0xff, 0x00, 0x00, 0x00, 0x00
.byte 0xff, 0xff, 0xff, 0xff, 0x00, 0x00, 0x00, 0x00
.globl _sym_00be4858
_sym_00be4858:
.byte 0x22, 0x05, 0x93, 0x19, 0x04, 0x00, 0x00, 0x00
.long _sym_00be4838
.byte 0x00, 0x00, 0x00, 0x00, 0x00, 0x00, 0x00, 0x00, 0x00, 0x00, 0x00, 0x00, 0x00, 0x00, 0x00, 0x00
.byte 0x00, 0x00, 0x00, 0x00, 0x01, 0x00, 0x00, 0x00
.globl _sym_00be487c
_sym_00be487c:
.byte 0xff, 0xff, 0xff, 0xff
.long _sym_00abde00
.byte 0xff, 0xff, 0xff, 0xff, 0x00, 0x00, 0x00, 0x00, 0xff, 0xff, 0xff, 0xff, 0x00, 0x00, 0x00, 0x00
.byte 0xff, 0xff, 0xff, 0xff, 0x00, 0x00, 0x00, 0x00
.globl _sym_00be489c
_sym_00be489c:
.byte 0x22, 0x05, 0x93, 0x19, 0x04, 0x00, 0x00, 0x00
.long _sym_00be487c
.byte 0x00, 0x00, 0x00, 0x00, 0x00, 0x00, 0x00, 0x00, 0x00, 0x00, 0x00, 0x00, 0x00, 0x00, 0x00, 0x00
.byte 0x00, 0x00, 0x00, 0x00, 0x01, 0x00, 0x00, 0x00
.globl _sym_00be48c0
_sym_00be48c0:
.byte 0xff, 0xff, 0xff, 0xff
.long _sym_00abdec0
.byte 0xff, 0xff, 0xff, 0xff, 0x00, 0x00, 0x00, 0x00, 0xff, 0xff, 0xff, 0xff, 0x00, 0x00, 0x00, 0x00
.byte 0xff, 0xff, 0xff, 0xff, 0x00, 0x00, 0x00, 0x00
.globl _sym_00be48e0
_sym_00be48e0:
.byte 0x22, 0x05, 0x93, 0x19, 0x04, 0x00, 0x00, 0x00
.long _sym_00be48c0
.byte 0x00, 0x00, 0x00, 0x00, 0x00, 0x00, 0x00, 0x00, 0x00, 0x00, 0x00, 0x00, 0x00, 0x00, 0x00, 0x00
.byte 0x00, 0x00, 0x00, 0x00, 0x01, 0x00, 0x00, 0x00
.globl _sym_00be4904
_sym_00be4904:
.byte 0xff, 0xff, 0xff, 0xff
.long _sym_00abd9b0
.byte 0xff, 0xff, 0xff, 0xff, 0x00, 0x00, 0x00, 0x00, 0xff, 0xff, 0xff, 0xff, 0x00, 0x00, 0x00, 0x00
.byte 0xff, 0xff, 0xff, 0xff, 0x00, 0x00, 0x00, 0x00
.globl _sym_00be4924
_sym_00be4924:
.byte 0x22, 0x05, 0x93, 0x19, 0x04, 0x00, 0x00, 0x00
.long _sym_00be4904
.byte 0x00, 0x00, 0x00, 0x00, 0x00, 0x00, 0x00, 0x00, 0x00, 0x00, 0x00, 0x00, 0x00, 0x00, 0x00, 0x00
.byte 0x00, 0x00, 0x00, 0x00, 0x01, 0x00, 0x00, 0x00
.globl _sym_00be4948
_sym_00be4948:
.byte 0xff, 0xff, 0xff, 0xff
.long _sym_00abdda0
.byte 0xff, 0xff, 0xff, 0xff, 0x00, 0x00, 0x00, 0x00, 0xff, 0xff, 0xff, 0xff, 0x00, 0x00, 0x00, 0x00
.byte 0xff, 0xff, 0xff, 0xff, 0x00, 0x00, 0x00, 0x00
.globl _sym_00be4968
_sym_00be4968:
.byte 0x22, 0x05, 0x93, 0x19, 0x04, 0x00, 0x00, 0x00
.long _sym_00be4948
.byte 0x00, 0x00, 0x00, 0x00, 0x00, 0x00, 0x00, 0x00, 0x00, 0x00, 0x00, 0x00, 0x00, 0x00, 0x00, 0x00
.byte 0x00, 0x00, 0x00, 0x00, 0x01, 0x00, 0x00, 0x00
.globl _sym_00be498c
_sym_00be498c:
.byte 0xff, 0xff, 0xff, 0xff
.long _sym_00abde60
.byte 0xff, 0xff, 0xff, 0xff, 0x00, 0x00, 0x00, 0x00, 0xff, 0xff, 0xff, 0xff, 0x00, 0x00, 0x00, 0x00
.byte 0xff, 0xff, 0xff, 0xff, 0x00, 0x00, 0x00, 0x00
.globl _sym_00be49ac
_sym_00be49ac:
.byte 0x22, 0x05, 0x93, 0x19, 0x04, 0x00, 0x00, 0x00
.long _sym_00be498c
.byte 0x00, 0x00, 0x00, 0x00, 0x00, 0x00, 0x00, 0x00, 0x00, 0x00, 0x00, 0x00, 0x00, 0x00, 0x00, 0x00
.byte 0x00, 0x00, 0x00, 0x00, 0x01, 0x00, 0x00, 0x00
.globl _sym_00be49d0
_sym_00be49d0:
.byte 0xff, 0xff, 0xff, 0xff
.long _sym_00abd980
.byte 0xff, 0xff, 0xff, 0xff, 0x00, 0x00, 0x00, 0x00, 0xff, 0xff, 0xff, 0xff, 0x00, 0x00, 0x00, 0x00
.byte 0xff, 0xff, 0xff, 0xff, 0x00, 0x00, 0x00, 0x00
.globl _sym_00be49f0
_sym_00be49f0:
.byte 0x22, 0x05, 0x93, 0x19, 0x04, 0x00, 0x00, 0x00
.long _sym_00be49d0
.byte 0x00, 0x00, 0x00, 0x00, 0x00, 0x00, 0x00, 0x00, 0x00, 0x00, 0x00, 0x00, 0x00, 0x00, 0x00, 0x00
.byte 0x00, 0x00, 0x00, 0x00, 0x01, 0x00, 0x00, 0x00
.globl _sym_00be4a14
_sym_00be4a14:
.byte 0xff, 0xff, 0xff, 0xff
.long _sym_00abdd70
.byte 0xff, 0xff, 0xff, 0xff, 0x00, 0x00, 0x00, 0x00, 0xff, 0xff, 0xff, 0xff, 0x00, 0x00, 0x00, 0x00
.byte 0xff, 0xff, 0xff, 0xff, 0x00, 0x00, 0x00, 0x00
.globl _sym_00be4a34
_sym_00be4a34:
.byte 0x22, 0x05, 0x93, 0x19, 0x04, 0x00, 0x00, 0x00
.long _sym_00be4a14
.byte 0x00, 0x00, 0x00, 0x00, 0x00, 0x00, 0x00, 0x00, 0x00, 0x00, 0x00, 0x00, 0x00, 0x00, 0x00, 0x00
.byte 0x00, 0x00, 0x00, 0x00, 0x01, 0x00, 0x00, 0x00
.globl _sym_00be4a58
_sym_00be4a58:
.byte 0xff, 0xff, 0xff, 0xff
.long _sym_00abde30
.byte 0xff, 0xff, 0xff, 0xff, 0x00, 0x00, 0x00, 0x00, 0xff, 0xff, 0xff, 0xff, 0x00, 0x00, 0x00, 0x00
.byte 0xff, 0xff, 0xff, 0xff, 0x00, 0x00, 0x00, 0x00
.globl _sym_00be4a78
_sym_00be4a78:
.byte 0x22, 0x05, 0x93, 0x19, 0x04, 0x00, 0x00, 0x00
.long _sym_00be4a58
.byte 0x00, 0x00, 0x00, 0x00, 0x00, 0x00, 0x00, 0x00, 0x00, 0x00, 0x00, 0x00, 0x00, 0x00, 0x00, 0x00
.byte 0x00, 0x00, 0x00, 0x00, 0x01, 0x00, 0x00, 0x00
.globl _sym_00be4a9c
_sym_00be4a9c:
.byte 0xff, 0xff, 0xff, 0xff
.long _sym_00abcf30
.byte 0xff, 0xff, 0xff, 0xff, 0x00, 0x00, 0x00, 0x00, 0xff, 0xff, 0xff, 0xff, 0x00, 0x00, 0x00, 0x00
.byte 0xff, 0xff, 0xff, 0xff, 0x00, 0x00, 0x00, 0x00
.globl _sym_00be4abc
_sym_00be4abc:
.byte 0x22, 0x05, 0x93, 0x19, 0x04, 0x00, 0x00, 0x00
.long _sym_00be4a9c
.byte 0x00, 0x00, 0x00, 0x00, 0x00, 0x00, 0x00, 0x00, 0x00, 0x00, 0x00, 0x00, 0x00, 0x00, 0x00, 0x00
.byte 0x00, 0x00, 0x00, 0x00, 0x01, 0x00, 0x00, 0x00
.globl _sym_00be4ae0
_sym_00be4ae0:
.byte 0xff, 0xff, 0xff, 0xff
.long _sym_00abdce0
.byte 0xff, 0xff, 0xff, 0xff, 0x00, 0x00, 0x00, 0x00, 0xff, 0xff, 0xff, 0xff, 0x00, 0x00, 0x00, 0x00
.byte 0xff, 0xff, 0xff, 0xff, 0x00, 0x00, 0x00, 0x00
.globl _sym_00be4b00
_sym_00be4b00:
.byte 0x22, 0x05, 0x93, 0x19, 0x04, 0x00, 0x00, 0x00
.long _sym_00be4ae0
.byte 0x00, 0x00, 0x00, 0x00, 0x00, 0x00, 0x00, 0x00, 0x00, 0x00, 0x00, 0x00, 0x00, 0x00, 0x00, 0x00
.byte 0x00, 0x00, 0x00, 0x00, 0x01, 0x00, 0x00, 0x00
.globl _sym_00be4b24
_sym_00be4b24:
.byte 0xff, 0xff, 0xff, 0xff
.long _sym_00abdb60
.byte 0xff, 0xff, 0xff, 0xff, 0x00, 0x00, 0x00, 0x00, 0xff, 0xff, 0xff, 0xff, 0x00, 0x00, 0x00, 0x00
.byte 0xff, 0xff, 0xff, 0xff, 0x00, 0x00, 0x00, 0x00
.globl _sym_00be4b44
_sym_00be4b44:
.byte 0x22, 0x05, 0x93, 0x19, 0x04, 0x00, 0x00, 0x00
.long _sym_00be4b24
.byte 0x00, 0x00, 0x00, 0x00, 0x00, 0x00, 0x00, 0x00, 0x00, 0x00, 0x00, 0x00, 0x00, 0x00, 0x00, 0x00
.byte 0x00, 0x00, 0x00, 0x00, 0x01, 0x00, 0x00, 0x00
.globl _sym_00be4b68
_sym_00be4b68:
.byte 0xff, 0xff, 0xff, 0xff
.long _sym_00abcf60
.byte 0xff, 0xff, 0xff, 0xff, 0x00, 0x00, 0x00, 0x00, 0xff, 0xff, 0xff, 0xff, 0x00, 0x00, 0x00, 0x00
.byte 0xff, 0xff, 0xff, 0xff, 0x00, 0x00, 0x00, 0x00
.globl _sym_00be4b88
_sym_00be4b88:
.byte 0x22, 0x05, 0x93, 0x19, 0x04, 0x00, 0x00, 0x00
.long _sym_00be4b68
.byte 0x00, 0x00, 0x00, 0x00, 0x00, 0x00, 0x00, 0x00, 0x00, 0x00, 0x00, 0x00, 0x00, 0x00, 0x00, 0x00
.byte 0x00, 0x00, 0x00, 0x00, 0x01, 0x00, 0x00, 0x00
.globl _sym_00be4bac
_sym_00be4bac:
.byte 0xff, 0xff, 0xff, 0xff
.long _sym_00abdd10
.byte 0xff, 0xff, 0xff, 0xff, 0x00, 0x00, 0x00, 0x00, 0xff, 0xff, 0xff, 0xff, 0x00, 0x00, 0x00, 0x00
.byte 0xff, 0xff, 0xff, 0xff, 0x00, 0x00, 0x00, 0x00
.globl _sym_00be4bcc
_sym_00be4bcc:
.byte 0x22, 0x05, 0x93, 0x19, 0x04, 0x00, 0x00, 0x00
.long _sym_00be4bac
.byte 0x00, 0x00, 0x00, 0x00, 0x00, 0x00, 0x00, 0x00, 0x00, 0x00, 0x00, 0x00, 0x00, 0x00, 0x00, 0x00
.byte 0x00, 0x00, 0x00, 0x00, 0x01, 0x00, 0x00, 0x00
.globl _sym_00be4bf0
_sym_00be4bf0:
.byte 0xff, 0xff, 0xff, 0xff
.long _sym_00abdb90
.byte 0xff, 0xff, 0xff, 0xff, 0x00, 0x00, 0x00, 0x00, 0xff, 0xff, 0xff, 0xff, 0x00, 0x00, 0x00, 0x00
.byte 0xff, 0xff, 0xff, 0xff, 0x00, 0x00, 0x00, 0x00
.globl _sym_00be4c10
_sym_00be4c10:
.byte 0x22, 0x05, 0x93, 0x19, 0x04, 0x00, 0x00, 0x00
.long _sym_00be4bf0
.byte 0x00, 0x00, 0x00, 0x00, 0x00, 0x00, 0x00, 0x00, 0x00, 0x00, 0x00, 0x00, 0x00, 0x00, 0x00, 0x00
.byte 0x00, 0x00, 0x00, 0x00, 0x01, 0x00, 0x00, 0x00
.globl _sym_00be4c34
_sym_00be4c34:
.byte 0xff, 0xff, 0xff, 0xff
.long _sym_00abcf00
.byte 0xff, 0xff, 0xff, 0xff, 0x00, 0x00, 0x00, 0x00, 0xff, 0xff, 0xff, 0xff, 0x00, 0x00, 0x00, 0x00
.byte 0xff, 0xff, 0xff, 0xff, 0x00, 0x00, 0x00, 0x00
.globl _sym_00be4c54
_sym_00be4c54:
.byte 0x22, 0x05, 0x93, 0x19, 0x04, 0x00, 0x00, 0x00
.long _sym_00be4c34
.byte 0x00, 0x00, 0x00, 0x00, 0x00, 0x00, 0x00, 0x00, 0x00, 0x00, 0x00, 0x00, 0x00, 0x00, 0x00, 0x00
.byte 0x00, 0x00, 0x00, 0x00, 0x01, 0x00, 0x00, 0x00
.globl _sym_00be4c78
_sym_00be4c78:
.byte 0xff, 0xff, 0xff, 0xff
.long _sym_00abdcb0
.byte 0xff, 0xff, 0xff, 0xff, 0x00, 0x00, 0x00, 0x00, 0xff, 0xff, 0xff, 0xff, 0x00, 0x00, 0x00, 0x00
.byte 0xff, 0xff, 0xff, 0xff, 0x00, 0x00, 0x00, 0x00
.globl _sym_00be4c98
_sym_00be4c98:
.byte 0x22, 0x05, 0x93, 0x19, 0x04, 0x00, 0x00, 0x00
.long _sym_00be4c78
.byte 0x00, 0x00, 0x00, 0x00, 0x00, 0x00, 0x00, 0x00, 0x00, 0x00, 0x00, 0x00, 0x00, 0x00, 0x00, 0x00
.byte 0x00, 0x00, 0x00, 0x00, 0x01, 0x00, 0x00, 0x00
.globl _sym_00be4cbc
_sym_00be4cbc:
.byte 0xff, 0xff, 0xff, 0xff
.long _sym_00abdb30
.byte 0xff, 0xff, 0xff, 0xff, 0x00, 0x00, 0x00, 0x00, 0xff, 0xff, 0xff, 0xff, 0x00, 0x00, 0x00, 0x00
.byte 0xff, 0xff, 0xff, 0xff, 0x00, 0x00, 0x00, 0x00
.globl _sym_00be4cdc
_sym_00be4cdc:
.byte 0x22, 0x05, 0x93, 0x19, 0x04, 0x00, 0x00, 0x00
.long _sym_00be4cbc
.byte 0x00, 0x00, 0x00, 0x00, 0x00, 0x00, 0x00, 0x00, 0x00, 0x00, 0x00, 0x00, 0x00, 0x00, 0x00, 0x00
.byte 0x00, 0x00, 0x00, 0x00, 0x01, 0x00, 0x00, 0x00
.globl _sym_00be4d00
_sym_00be4d00:
.byte 0xff, 0xff, 0xff, 0xff
.long _sym_00abced0
.byte 0xff, 0xff, 0xff, 0xff, 0x00, 0x00, 0x00, 0x00, 0xff, 0xff, 0xff, 0xff, 0x00, 0x00, 0x00, 0x00
.byte 0xff, 0xff, 0xff, 0xff, 0x00, 0x00, 0x00, 0x00
.globl _sym_00be4d20
_sym_00be4d20:
.byte 0x22, 0x05, 0x93, 0x19, 0x04, 0x00, 0x00, 0x00
.long _sym_00be4d00
.byte 0x00, 0x00, 0x00, 0x00, 0x00, 0x00, 0x00, 0x00, 0x00, 0x00, 0x00, 0x00, 0x00, 0x00, 0x00, 0x00
.byte 0x00, 0x00, 0x00, 0x00, 0x01, 0x00, 0x00, 0x00
.globl _sym_00be4d44
_sym_00be4d44:
.byte 0xff, 0xff, 0xff, 0xff
.long _sym_00abdc80
.byte 0xff, 0xff, 0xff, 0xff, 0x00, 0x00, 0x00, 0x00, 0xff, 0xff, 0xff, 0xff, 0x00, 0x00, 0x00, 0x00
.byte 0xff, 0xff, 0xff, 0xff, 0x00, 0x00, 0x00, 0x00
.globl _sym_00be4d64
_sym_00be4d64:
.byte 0x22, 0x05, 0x93, 0x19, 0x04, 0x00, 0x00, 0x00
.long _sym_00be4d44
.byte 0x00, 0x00, 0x00, 0x00, 0x00, 0x00, 0x00, 0x00, 0x00, 0x00, 0x00, 0x00, 0x00, 0x00, 0x00, 0x00
.byte 0x00, 0x00, 0x00, 0x00, 0x01, 0x00, 0x00, 0x00
.globl _sym_00be4d88
_sym_00be4d88:
.byte 0xff, 0xff, 0xff, 0xff
.long _sym_00abdb00
.byte 0xff, 0xff, 0xff, 0xff, 0x00, 0x00, 0x00, 0x00, 0xff, 0xff, 0xff, 0xff, 0x00, 0x00, 0x00, 0x00
.byte 0xff, 0xff, 0xff, 0xff, 0x00, 0x00, 0x00, 0x00
.globl _sym_00be4da8
_sym_00be4da8:
.byte 0x22, 0x05, 0x93, 0x19, 0x04, 0x00, 0x00, 0x00
.long _sym_00be4d88
.byte 0x00, 0x00, 0x00, 0x00, 0x00, 0x00, 0x00, 0x00, 0x00, 0x00, 0x00, 0x00, 0x00, 0x00, 0x00, 0x00
.byte 0x00, 0x00, 0x00, 0x00, 0x01, 0x00, 0x00, 0x00
.globl _sym_00be4dcc
_sym_00be4dcc:
.byte 0x22, 0x05, 0x93, 0x19, 0x06, 0x00, 0x00, 0x00
.long _sym_00be4df0
.byte 0x00, 0x00, 0x00, 0x00, 0x00, 0x00, 0x00, 0x00, 0x00, 0x00, 0x00, 0x00, 0x00, 0x00, 0x00, 0x00
.byte 0x00, 0x00, 0x00, 0x00, 0x01, 0x00, 0x00, 0x00
.globl _sym_00be4df0
_sym_00be4df0:
.byte 0xff, 0xff, 0xff, 0xff
.long _sym_00abe4e0
.byte 0xff, 0xff, 0xff, 0xff
.long _sym_00abe4ee
.byte 0xff, 0xff, 0xff, 0xff
.long _sym_00abe4fc
.byte 0xff, 0xff, 0xff, 0xff
.long _sym_00abe50a
.byte 0xff, 0xff, 0xff, 0xff
.long _sym_00abe518
.byte 0xff, 0xff, 0xff, 0xff
.long _sym_00abe526
.globl _sym_00be4e20
_sym_00be4e20:
.byte 0xff, 0xff, 0xff, 0xff
.long _sym_00abe840
.byte 0x00, 0x00, 0x00, 0x00
.long _sym_00abe84b
.globl _sym_00be4e30
_sym_00be4e30:
.byte 0x22, 0x05, 0x93, 0x19, 0x02, 0x00, 0x00, 0x00
.long _sym_00be4e20
.byte 0x00, 0x00, 0x00, 0x00, 0x00, 0x00, 0x00, 0x00, 0x00, 0x00, 0x00, 0x00, 0x00, 0x00, 0x00, 0x00
.byte 0x00, 0x00, 0x00, 0x00, 0x01, 0x00, 0x00, 0x00
.globl _sym_00be4e54
_sym_00be4e54:
.byte 0xff, 0xff, 0xff, 0xff
.long _sym_00abe110
.globl _sym_00be4e5c
_sym_00be4e5c:
.byte 0x22, 0x05, 0x93, 0x19, 0x01, 0x00, 0x00, 0x00
.long _sym_00be4e54
.byte 0x00, 0x00, 0x00, 0x00, 0x00, 0x00, 0x00, 0x00, 0x00, 0x00, 0x00, 0x00, 0x00, 0x00, 0x00, 0x00
.byte 0x00, 0x00, 0x00, 0x00, 0x01, 0x00, 0x00, 0x00
.globl _sym_00be4e80
_sym_00be4e80:
.byte 0xff, 0xff, 0xff, 0xff
.long _sym_00abe7f0
.byte 0x00, 0x00, 0x00, 0x00
.long _sym_00abe801
.byte 0x01, 0x00, 0x00, 0x00
.long _sym_00abe80c
.globl _sym_00be4e98
_sym_00be4e98:
.byte 0x22, 0x05, 0x93, 0x19, 0x03, 0x00, 0x00, 0x00
.long _sym_00be4e80
.byte 0x00, 0x00, 0x00, 0x00, 0x00, 0x00, 0x00, 0x00, 0x00, 0x00, 0x00, 0x00, 0x00, 0x00, 0x00, 0x00
.byte 0x00, 0x00, 0x00, 0x00, 0x01, 0x00, 0x00, 0x00
.globl _sym_00be4ebc
_sym_00be4ebc:
.byte 0xff, 0xff, 0xff, 0xff
.long _sym_00abe190
.byte 0x00, 0x00, 0x00, 0x00
.long _sym_00abe19b
.globl _sym_00be4ecc
_sym_00be4ecc:
.byte 0x22, 0x05, 0x93, 0x19, 0x02, 0x00, 0x00, 0x00
.long _sym_00be4ebc
.byte 0x00, 0x00, 0x00, 0x00, 0x00, 0x00, 0x00, 0x00, 0x00, 0x00, 0x00, 0x00, 0x00, 0x00, 0x00, 0x00
.byte 0x00, 0x00, 0x00, 0x00, 0x01, 0x00, 0x00, 0x00
.globl _sym_00be4ef0
_sym_00be4ef0:
.byte 0xff, 0xff, 0xff, 0xff
.long _sym_00abe220
.byte 0x00, 0x00, 0x00, 0x00
.long _sym_00abe22b
.globl _sym_00be4f00
_sym_00be4f00:
.byte 0x22, 0x05, 0x93, 0x19, 0x02, 0x00, 0x00, 0x00
.long _sym_00be4ef0
.byte 0x00, 0x00, 0x00, 0x00, 0x00, 0x00, 0x00, 0x00, 0x00, 0x00, 0x00, 0x00, 0x00, 0x00, 0x00, 0x00
.byte 0x00, 0x00, 0x00, 0x00, 0x01, 0x00, 0x00, 0x00
.globl _sym_00be4f24
_sym_00be4f24:
.byte 0xff, 0xff, 0xff, 0xff
.long _sym_00abe260
.byte 0x00, 0x00, 0x00, 0x00
.long _sym_00abe26b
.globl _sym_00be4f34
_sym_00be4f34:
.byte 0x22, 0x05, 0x93, 0x19, 0x02, 0x00, 0x00, 0x00
.long _sym_00be4f24
.byte 0x00, 0x00, 0x00, 0x00, 0x00, 0x00, 0x00, 0x00, 0x00, 0x00, 0x00, 0x00, 0x00, 0x00, 0x00, 0x00
.byte 0x00, 0x00, 0x00, 0x00, 0x01, 0x00, 0x00, 0x00
.globl _sym_00be4f58
_sym_00be4f58:
.byte 0x22, 0x05, 0x93, 0x19, 0x20, 0x00, 0x00, 0x00
.long _sym_00be4f7c
.byte 0x00, 0x00, 0x00, 0x00, 0x00, 0x00, 0x00, 0x00, 0x00, 0x00, 0x00, 0x00, 0x00, 0x00, 0x00, 0x00
.byte 0x00, 0x00, 0x00, 0x00, 0x01, 0x00, 0x00, 0x00
.globl _sym_00be4f7c
_sym_00be4f7c:
.byte 0xff, 0xff, 0xff, 0xff
.long _sym_00abe300
.byte 0xff, 0xff, 0xff, 0xff
.long _sym_00abe30e
.byte 0x01, 0x00, 0x00, 0x00
.long _sym_00abe31c
.byte 0x01, 0x00, 0x00, 0x00, 0x00, 0x00, 0x00, 0x00, 0x01, 0x00, 0x00, 0x00, 0x00, 0x00, 0x00, 0x00
.byte 0x01, 0x00, 0x00, 0x00, 0x00, 0x00, 0x00, 0x00, 0xff, 0xff, 0xff, 0xff
.long _sym_00abe32a
.byte 0xff, 0xff, 0xff, 0xff
.long _sym_00abe338
.byte 0xff, 0xff, 0xff, 0xff
.long _sym_00abe346
.byte 0xff, 0xff, 0xff, 0xff
.long _sym_00abe354
.byte 0xff, 0xff, 0xff, 0xff
.long _sym_00abe362
.byte 0xff, 0xff, 0xff, 0xff
.long _sym_00abe370
.byte 0xff, 0xff, 0xff, 0xff
.long _sym_00abe380
.byte 0xff, 0xff, 0xff, 0xff
.long _sym_00abe390
.byte 0xff, 0xff, 0xff, 0xff
.long _sym_00abe3a0
.byte 0xff, 0xff, 0xff, 0xff
.long _sym_00abe3b0
.byte 0xff, 0xff, 0xff, 0xff
.long _sym_00abe3c0
.byte 0xff, 0xff, 0xff, 0xff
.long _sym_00abe3d0
.byte 0xff, 0xff, 0xff, 0xff
.long _sym_00abe3e0
.byte 0xff, 0xff, 0xff, 0xff
.long _sym_00abe3f0
.byte 0xff, 0xff, 0xff, 0xff
.long _sym_00abe400
.byte 0xff, 0xff, 0xff, 0xff
.long _sym_00abe410
.byte 0xff, 0xff, 0xff, 0xff
.long _sym_00abe420
.byte 0xff, 0xff, 0xff, 0xff
.long _sym_00abe430
.byte 0xff, 0xff, 0xff, 0xff
.long _sym_00abe440
.byte 0xff, 0xff, 0xff, 0xff
.long _sym_00abe450
.byte 0xff, 0xff, 0xff, 0xff
.long _sym_00abe460
.byte 0xff, 0xff, 0xff, 0xff
.long _sym_00abe470
.byte 0xff, 0xff, 0xff, 0xff
.long _sym_00abe480
.byte 0xff, 0xff, 0xff, 0xff
.long _sym_00abe490
.byte 0xff, 0xff, 0xff, 0xff
.long _sym_00abe4a0
.byte 0xff, 0xff, 0xff, 0xff
.long _sym_00abe4b0
.globl _sym_00be507c
_sym_00be507c:
.byte 0xff, 0xff, 0xff, 0xff
.long _sym_00abe0e0
.globl _sym_00be5084
_sym_00be5084:
.byte 0x22, 0x05, 0x93, 0x19, 0x01, 0x00, 0x00, 0x00
.long _sym_00be507c
.byte 0x00, 0x00, 0x00, 0x00, 0x00, 0x00, 0x00, 0x00, 0x00, 0x00, 0x00, 0x00, 0x00, 0x00, 0x00, 0x00
.byte 0x00, 0x00, 0x00, 0x00, 0x01, 0x00, 0x00, 0x00
.globl _sym_00be50a8
_sym_00be50a8:
.byte 0xff, 0xff, 0xff, 0xff
.long _sym_00abe7c0
.globl _sym_00be50b0
_sym_00be50b0:
.byte 0x22, 0x05, 0x93, 0x19, 0x01, 0x00, 0x00, 0x00
.long _sym_00be50a8
.byte 0x00, 0x00, 0x00, 0x00, 0x00, 0x00, 0x00, 0x00, 0x00, 0x00, 0x00, 0x00, 0x00, 0x00, 0x00, 0x00
.byte 0x00, 0x00, 0x00, 0x00, 0x01, 0x00, 0x00, 0x00
.globl _sym_00be50d4
_sym_00be50d4:
.byte 0xff, 0xff, 0xff, 0xff
.long _sym_00abe550
.byte 0xff, 0xff, 0xff, 0xff
.long _sym_00abe55e
.byte 0xff, 0xff, 0xff, 0xff
.long _sym_00abe56c
.byte 0xff, 0xff, 0xff, 0xff
.long _sym_00abe57a
.globl _sym_00be50f4
_sym_00be50f4:
.byte 0x22, 0x05, 0x93, 0x19, 0x04, 0x00, 0x00, 0x00
.long _sym_00be50d4
.byte 0x00, 0x00, 0x00, 0x00, 0x00, 0x00, 0x00, 0x00, 0x00, 0x00, 0x00, 0x00, 0x00, 0x00, 0x00, 0x00
.byte 0x00, 0x00, 0x00, 0x00, 0x01, 0x00, 0x00, 0x00
.globl _sym_00be5118
_sym_00be5118:
.byte 0xff, 0xff, 0xff, 0xff
.long _sym_00abe650
.byte 0xff, 0xff, 0xff, 0xff, 0x00, 0x00, 0x00, 0x00, 0xff, 0xff, 0xff, 0xff, 0x00, 0x00, 0x00, 0x00
.byte 0xff, 0xff, 0xff, 0xff, 0x00, 0x00, 0x00, 0x00
.globl _sym_00be5138
_sym_00be5138:
.byte 0x22, 0x05, 0x93, 0x19, 0x04, 0x00, 0x00, 0x00
.long _sym_00be5118
.byte 0x00, 0x00, 0x00, 0x00, 0x00, 0x00, 0x00, 0x00, 0x00, 0x00, 0x00, 0x00, 0x00, 0x00, 0x00, 0x00
.byte 0x00, 0x00, 0x00, 0x00, 0x01, 0x00, 0x00, 0x00
.globl _sym_00be515c
_sym_00be515c:
.byte 0xff, 0xff, 0xff, 0xff
.long _sym_00abe140
.byte 0x00, 0x00, 0x00, 0x00
.long _sym_00abe14b
.byte 0x01, 0x00, 0x00, 0x00
.long _sym_00abe156
.byte 0x02, 0x00, 0x00, 0x00
.long _sym_00abe161
.globl _sym_00be517c
_sym_00be517c:
.byte 0x22, 0x05, 0x93, 0x19, 0x04, 0x00, 0x00, 0x00
.long _sym_00be515c
.byte 0x00, 0x00, 0x00, 0x00, 0x00, 0x00, 0x00, 0x00, 0x00, 0x00, 0x00, 0x00, 0x00, 0x00, 0x00, 0x00
.byte 0x00, 0x00, 0x00, 0x00, 0x01, 0x00, 0x00, 0x00
.globl _sym_00be51a0
_sym_00be51a0:
.byte 0xff, 0xff, 0xff, 0xff
.long _sym_00abe1d0
.byte 0x00, 0x00, 0x00, 0x00
.long _sym_00abe1db
.byte 0x01, 0x00, 0x00, 0x00
.long _sym_00abe1e6
.byte 0x02, 0x00, 0x00, 0x00
.long _sym_00abe1f1
.globl _sym_00be51c0
_sym_00be51c0:
.byte 0x22, 0x05, 0x93, 0x19, 0x04, 0x00, 0x00, 0x00
.long _sym_00be51a0
.byte 0x00, 0x00, 0x00, 0x00, 0x00, 0x00, 0x00, 0x00, 0x00, 0x00, 0x00, 0x00, 0x00, 0x00, 0x00, 0x00
.byte 0x00, 0x00, 0x00, 0x00, 0x01, 0x00, 0x00, 0x00
.globl _sym_00be51e4
_sym_00be51e4:
.byte 0xff, 0xff, 0xff, 0xff
.long _sym_00abe710
.byte 0x00, 0x00, 0x00, 0x00
.long _sym_00abe727
.byte 0x01, 0x00, 0x00, 0x00
.long _sym_00abe732
.globl _sym_00be51fc
_sym_00be51fc:
.byte 0x22, 0x05, 0x93, 0x19, 0x03, 0x00, 0x00, 0x00
.long _sym_00be51e4
.byte 0x00, 0x00, 0x00, 0x00, 0x00, 0x00, 0x00, 0x00, 0x00, 0x00, 0x00, 0x00, 0x00, 0x00, 0x00, 0x00
.byte 0x00, 0x00, 0x00, 0x00, 0x01, 0x00, 0x00, 0x00
.globl _sym_00be5220
_sym_00be5220:
.byte 0xff, 0xff, 0xff, 0xff
.long _sym_00abe5b0
.byte 0x00, 0x00, 0x00, 0x00
.long _sym_00abe5bb
.globl _sym_00be5230
_sym_00be5230:
.byte 0x22, 0x05, 0x93, 0x19, 0x02, 0x00, 0x00, 0x00
.long _sym_00be5220
.byte 0x00, 0x00, 0x00, 0x00, 0x00, 0x00, 0x00, 0x00, 0x00, 0x00, 0x00, 0x00, 0x00, 0x00, 0x00, 0x00
.byte 0x00, 0x00, 0x00, 0x00, 0x01, 0x00, 0x00, 0x00
.globl _sym_00be5254
_sym_00be5254:
.byte 0xff, 0xff, 0xff, 0xff
.long _sym_00abe2d0
.globl _sym_00be525c
_sym_00be525c:
.byte 0x22, 0x05, 0x93, 0x19, 0x01, 0x00, 0x00, 0x00
.long _sym_00be5254
.byte 0x00, 0x00, 0x00, 0x00, 0x00, 0x00, 0x00, 0x00, 0x00, 0x00, 0x00, 0x00, 0x00, 0x00, 0x00, 0x00
.byte 0x00, 0x00, 0x00, 0x00, 0x01, 0x00, 0x00, 0x00
.globl _sym_00be5280
_sym_00be5280:
.byte 0xff, 0xff, 0xff, 0xff
.long _sym_00abe2a0
.globl _sym_00be5288
_sym_00be5288:
.byte 0x22, 0x05, 0x93, 0x19, 0x01, 0x00, 0x00, 0x00
.long _sym_00be5280
.byte 0x00, 0x00, 0x00, 0x00, 0x00, 0x00, 0x00, 0x00, 0x00, 0x00, 0x00, 0x00, 0x00, 0x00, 0x00, 0x00
.byte 0x00, 0x00, 0x00, 0x00, 0x01, 0x00, 0x00, 0x00
.globl _sym_00be52ac
_sym_00be52ac:
.byte 0xff, 0xff, 0xff, 0xff
.long _sym_00abe020
.byte 0xff, 0xff, 0xff, 0xff, 0x00, 0x00, 0x00, 0x00, 0xff, 0xff, 0xff, 0xff, 0x00, 0x00, 0x00, 0x00
.byte 0xff, 0xff, 0xff, 0xff, 0x00, 0x00, 0x00, 0x00
.globl _sym_00be52cc
_sym_00be52cc:
.byte 0x22, 0x05, 0x93, 0x19, 0x04, 0x00, 0x00, 0x00
.long _sym_00be52ac
.byte 0x00, 0x00, 0x00, 0x00, 0x00, 0x00, 0x00, 0x00, 0x00, 0x00, 0x00, 0x00, 0x00, 0x00, 0x00, 0x00
.byte 0x00, 0x00, 0x00, 0x00, 0x01, 0x00, 0x00, 0x00
.globl _sym_00be52f0
_sym_00be52f0:
.byte 0xff, 0xff, 0xff, 0xff
.long _sym_00abe0b0
.globl _sym_00be52f8
_sym_00be52f8:
.byte 0x22, 0x05, 0x93, 0x19, 0x01, 0x00, 0x00, 0x00
.long _sym_00be52f0
.byte 0x00, 0x00, 0x00, 0x00, 0x00, 0x00, 0x00, 0x00, 0x00, 0x00, 0x00, 0x00, 0x00, 0x00, 0x00, 0x00
.byte 0x00, 0x00, 0x00, 0x00, 0x01, 0x00, 0x00, 0x00
.globl _sym_00be531c
_sym_00be531c:
.byte 0xff, 0xff, 0xff, 0xff
.long _sym_00abdfc0
.byte 0xff, 0xff, 0xff, 0xff, 0x00, 0x00, 0x00, 0x00, 0xff, 0xff, 0xff, 0xff, 0x00, 0x00, 0x00, 0x00
.byte 0xff, 0xff, 0xff, 0xff, 0x00, 0x00, 0x00, 0x00
.globl _sym_00be533c
_sym_00be533c:
.byte 0x22, 0x05, 0x93, 0x19, 0x04, 0x00, 0x00, 0x00
.long _sym_00be531c
.byte 0x00, 0x00, 0x00, 0x00, 0x00, 0x00, 0x00, 0x00, 0x00, 0x00, 0x00, 0x00, 0x00, 0x00, 0x00, 0x00
.byte 0x00, 0x00, 0x00, 0x00, 0x01, 0x00, 0x00, 0x00
.globl _sym_00be5360
_sym_00be5360:
.byte 0xff, 0xff, 0xff, 0xff
.long _sym_00abe9d0
.globl _sym_00be5368
_sym_00be5368:
.byte 0x22, 0x05, 0x93, 0x19, 0x01, 0x00, 0x00, 0x00
.long _sym_00be5360
.byte 0x00, 0x00, 0x00, 0x00, 0x00, 0x00, 0x00, 0x00, 0x00, 0x00, 0x00, 0x00, 0x00, 0x00, 0x00, 0x00
.byte 0x00, 0x00, 0x00, 0x00, 0x01, 0x00, 0x00, 0x00
.globl _sym_00be538c
_sym_00be538c:
.byte 0xff, 0xff, 0xff, 0xff
.long _sym_00abe9a0
.globl _sym_00be5394
_sym_00be5394:
.byte 0x22, 0x05, 0x93, 0x19, 0x01, 0x00, 0x00, 0x00
.long _sym_00be538c
.byte 0x00, 0x00, 0x00, 0x00, 0x00, 0x00, 0x00, 0x00, 0x00, 0x00, 0x00, 0x00, 0x00, 0x00, 0x00, 0x00
.byte 0x00, 0x00, 0x00, 0x00, 0x01, 0x00, 0x00, 0x00
.globl _sym_00be53b8
_sym_00be53b8:
.byte 0xff, 0xff, 0xff, 0xff
.long _sym_00abe910
.globl _sym_00be53c0
_sym_00be53c0:
.byte 0x22, 0x05, 0x93, 0x19, 0x01, 0x00, 0x00, 0x00
.long _sym_00be53b8
.byte 0x00, 0x00, 0x00, 0x00, 0x00, 0x00, 0x00, 0x00, 0x00, 0x00, 0x00, 0x00, 0x00, 0x00, 0x00, 0x00
.byte 0x00, 0x00, 0x00, 0x00, 0x01, 0x00, 0x00, 0x00
.globl _sym_00be53e4
_sym_00be53e4:
.byte 0xff, 0xff, 0xff, 0xff
.long _sym_00abe8e0
.globl _sym_00be53ec
_sym_00be53ec:
.byte 0x22, 0x05, 0x93, 0x19, 0x01, 0x00, 0x00, 0x00
.long _sym_00be53e4
.byte 0x00, 0x00, 0x00, 0x00, 0x00, 0x00, 0x00, 0x00, 0x00, 0x00, 0x00, 0x00, 0x00, 0x00, 0x00, 0x00
.byte 0x00, 0x00, 0x00, 0x00, 0x01, 0x00, 0x00, 0x00
.globl _sym_00be5410
_sym_00be5410:
.byte 0xff, 0xff, 0xff, 0xff
.long _sym_00abe940
.globl _sym_00be5418
_sym_00be5418:
.byte 0x22, 0x05, 0x93, 0x19, 0x01, 0x00, 0x00, 0x00
.long _sym_00be5410
.byte 0x00, 0x00, 0x00, 0x00, 0x00, 0x00, 0x00, 0x00, 0x00, 0x00, 0x00, 0x00, 0x00, 0x00, 0x00, 0x00
.byte 0x00, 0x00, 0x00, 0x00, 0x01, 0x00, 0x00, 0x00
.globl _sym_00be543c
_sym_00be543c:
.byte 0xff, 0xff, 0xff, 0xff
.long _sym_00abe970
.globl _sym_00be5444
_sym_00be5444:
.byte 0x22, 0x05, 0x93, 0x19, 0x01, 0x00, 0x00, 0x00
.long _sym_00be543c
.byte 0x00, 0x00, 0x00, 0x00, 0x00, 0x00, 0x00, 0x00, 0x00, 0x00, 0x00, 0x00, 0x00, 0x00, 0x00, 0x00
.byte 0x00, 0x00, 0x00, 0x00, 0x01, 0x00, 0x00, 0x00
.globl _sym_00be5468
_sym_00be5468:
.byte 0xff, 0xff, 0xff, 0xff
.long _sym_00abe050
.byte 0xff, 0xff, 0xff, 0xff, 0x00, 0x00, 0x00, 0x00, 0xff, 0xff, 0xff, 0xff, 0x00, 0x00, 0x00, 0x00
.byte 0xff, 0xff, 0xff, 0xff, 0x00, 0x00, 0x00, 0x00
.globl _sym_00be5488
_sym_00be5488:
.byte 0x22, 0x05, 0x93, 0x19, 0x04, 0x00, 0x00, 0x00
.long _sym_00be5468
.byte 0x00, 0x00, 0x00, 0x00, 0x00, 0x00, 0x00, 0x00, 0x00, 0x00, 0x00, 0x00, 0x00, 0x00, 0x00, 0x00
.byte 0x00, 0x00, 0x00, 0x00, 0x01, 0x00, 0x00, 0x00
.globl _sym_00be54ac
_sym_00be54ac:
.byte 0xff, 0xff, 0xff, 0xff
.long _sym_00abe080
.byte 0xff, 0xff, 0xff, 0xff, 0x00, 0x00, 0x00, 0x00, 0xff, 0xff, 0xff, 0xff, 0x00, 0x00, 0x00, 0x00
.byte 0xff, 0xff, 0xff, 0xff, 0x00, 0x00, 0x00, 0x00
.globl _sym_00be54cc
_sym_00be54cc:
.byte 0x22, 0x05, 0x93, 0x19, 0x04, 0x00, 0x00, 0x00
.long _sym_00be54ac
.byte 0x00, 0x00, 0x00, 0x00, 0x00, 0x00, 0x00, 0x00, 0x00, 0x00, 0x00, 0x00, 0x00, 0x00, 0x00, 0x00
.byte 0x00, 0x00, 0x00, 0x00, 0x01, 0x00, 0x00, 0x00
.globl _sym_00be54f0
_sym_00be54f0:
.byte 0xff, 0xff, 0xff, 0xff
.long _sym_00abe5f0
.byte 0xff, 0xff, 0xff, 0xff, 0x00, 0x00, 0x00, 0x00, 0xff, 0xff, 0xff, 0xff, 0x00, 0x00, 0x00, 0x00
.byte 0xff, 0xff, 0xff, 0xff, 0x00, 0x00, 0x00, 0x00
.globl _sym_00be5510
_sym_00be5510:
.byte 0x22, 0x05, 0x93, 0x19, 0x04, 0x00, 0x00, 0x00
.long _sym_00be54f0
.byte 0x00, 0x00, 0x00, 0x00, 0x00, 0x00, 0x00, 0x00, 0x00, 0x00, 0x00, 0x00, 0x00, 0x00, 0x00, 0x00
.byte 0x00, 0x00, 0x00, 0x00, 0x01, 0x00, 0x00, 0x00
.globl _sym_00be5534
_sym_00be5534:
.byte 0xff, 0xff, 0xff, 0xff
.long _sym_00abe6b0
.byte 0xff, 0xff, 0xff, 0xff, 0x00, 0x00, 0x00, 0x00, 0xff, 0xff, 0xff, 0xff, 0x00, 0x00, 0x00, 0x00
.byte 0xff, 0xff, 0xff, 0xff, 0x00, 0x00, 0x00, 0x00
.globl _sym_00be5554
_sym_00be5554:
.byte 0x22, 0x05, 0x93, 0x19, 0x04, 0x00, 0x00, 0x00
.long _sym_00be5534
.byte 0x00, 0x00, 0x00, 0x00, 0x00, 0x00, 0x00, 0x00, 0x00, 0x00, 0x00, 0x00, 0x00, 0x00, 0x00, 0x00
.byte 0x00, 0x00, 0x00, 0x00, 0x01, 0x00, 0x00, 0x00
.globl _sym_00be5578
_sym_00be5578:
.byte 0xff, 0xff, 0xff, 0xff
.long _sym_00abe880
.globl _sym_00be5580
_sym_00be5580:
.byte 0x22, 0x05, 0x93, 0x19, 0x01, 0x00, 0x00, 0x00
.long _sym_00be5578
.byte 0x00, 0x00, 0x00, 0x00, 0x00, 0x00, 0x00, 0x00, 0x00, 0x00, 0x00, 0x00, 0x00, 0x00, 0x00, 0x00
.byte 0x00, 0x00, 0x00, 0x00, 0x01, 0x00, 0x00, 0x00
.globl _sym_00be55a4
_sym_00be55a4:
.byte 0xff, 0xff, 0xff, 0xff
.long _sym_00abe8b0
.globl _sym_00be55ac
_sym_00be55ac:
.byte 0x22, 0x05, 0x93, 0x19, 0x01, 0x00, 0x00, 0x00
.long _sym_00be55a4
.byte 0x00, 0x00, 0x00, 0x00, 0x00, 0x00, 0x00, 0x00, 0x00, 0x00, 0x00, 0x00, 0x00, 0x00, 0x00, 0x00
.byte 0x00, 0x00, 0x00, 0x00, 0x01, 0x00, 0x00, 0x00
.globl _sym_00be55d0
_sym_00be55d0:
.byte 0xff, 0xff, 0xff, 0xff
.long _sym_00abea00
.globl _sym_00be55d8
_sym_00be55d8:
.byte 0x22, 0x05, 0x93, 0x19, 0x01, 0x00, 0x00, 0x00
.long _sym_00be55d0
.byte 0x00, 0x00, 0x00, 0x00, 0x00, 0x00, 0x00, 0x00, 0x00, 0x00, 0x00, 0x00, 0x00, 0x00, 0x00, 0x00
.byte 0x00, 0x00, 0x00, 0x00, 0x01, 0x00, 0x00, 0x00
.globl _sym_00be55fc
_sym_00be55fc:
.byte 0xff, 0xff, 0xff, 0xff
.long _sym_00abdf60
.byte 0xff, 0xff, 0xff, 0xff, 0x00, 0x00, 0x00, 0x00, 0xff, 0xff, 0xff, 0xff, 0x00, 0x00, 0x00, 0x00
.byte 0xff, 0xff, 0xff, 0xff, 0x00, 0x00, 0x00, 0x00
.globl _sym_00be561c
_sym_00be561c:
.byte 0x22, 0x05, 0x93, 0x19, 0x04, 0x00, 0x00, 0x00
.long _sym_00be55fc
.byte 0x00, 0x00, 0x00, 0x00, 0x00, 0x00, 0x00, 0x00, 0x00, 0x00, 0x00, 0x00, 0x00, 0x00, 0x00, 0x00
.byte 0x00, 0x00, 0x00, 0x00, 0x01, 0x00, 0x00, 0x00
.globl _sym_00be5640
_sym_00be5640:
.byte 0xff, 0xff, 0xff, 0xff
.long _sym_00abdff0
.byte 0xff, 0xff, 0xff, 0xff, 0x00, 0x00, 0x00, 0x00, 0xff, 0xff, 0xff, 0xff, 0x00, 0x00, 0x00, 0x00
.byte 0xff, 0xff, 0xff, 0xff, 0x00, 0x00, 0x00, 0x00
.globl _sym_00be5660
_sym_00be5660:
.byte 0x22, 0x05, 0x93, 0x19, 0x04, 0x00, 0x00, 0x00
.long _sym_00be5640
.byte 0x00, 0x00, 0x00, 0x00, 0x00, 0x00, 0x00, 0x00, 0x00, 0x00, 0x00, 0x00, 0x00, 0x00, 0x00, 0x00
.byte 0x00, 0x00, 0x00, 0x00, 0x01, 0x00, 0x00, 0x00
.globl _sym_00be5684
_sym_00be5684:
.byte 0xff, 0xff, 0xff, 0xff
.long _sym_00abe620
.byte 0xff, 0xff, 0xff, 0xff, 0x00, 0x00, 0x00, 0x00, 0xff, 0xff, 0xff, 0xff, 0x00, 0x00, 0x00, 0x00
.byte 0xff, 0xff, 0xff, 0xff, 0x00, 0x00, 0x00, 0x00
.globl _sym_00be56a4
_sym_00be56a4:
.byte 0x22, 0x05, 0x93, 0x19, 0x04, 0x00, 0x00, 0x00
.long _sym_00be5684
.byte 0x00, 0x00, 0x00, 0x00, 0x00, 0x00, 0x00, 0x00, 0x00, 0x00, 0x00, 0x00, 0x00, 0x00, 0x00, 0x00
.byte 0x00, 0x00, 0x00, 0x00, 0x01, 0x00, 0x00, 0x00
.globl _sym_00be56c8
_sym_00be56c8:
.byte 0xff, 0xff, 0xff, 0xff
.long _sym_00abe760
.byte 0xff, 0xff, 0xff, 0xff, 0x00, 0x00, 0x00, 0x00, 0xff, 0xff, 0xff, 0xff, 0x00, 0x00, 0x00, 0x00
.byte 0xff, 0xff, 0xff, 0xff, 0x00, 0x00, 0x00, 0x00
.globl _sym_00be56e8
_sym_00be56e8:
.byte 0x22, 0x05, 0x93, 0x19, 0x04, 0x00, 0x00, 0x00
.long _sym_00be56c8
.byte 0x00, 0x00, 0x00, 0x00, 0x00, 0x00, 0x00, 0x00, 0x00, 0x00, 0x00, 0x00, 0x00, 0x00, 0x00, 0x00
.byte 0x00, 0x00, 0x00, 0x00, 0x01, 0x00, 0x00, 0x00
.globl _sym_00be570c
_sym_00be570c:
.byte 0xff, 0xff, 0xff, 0xff
.long _sym_00abe790
.byte 0xff, 0xff, 0xff, 0xff, 0x00, 0x00, 0x00, 0x00, 0xff, 0xff, 0xff, 0xff, 0x00, 0x00, 0x00, 0x00
.byte 0xff, 0xff, 0xff, 0xff, 0x00, 0x00, 0x00, 0x00
.globl _sym_00be572c
_sym_00be572c:
.byte 0x22, 0x05, 0x93, 0x19, 0x04, 0x00, 0x00, 0x00
.long _sym_00be570c
.byte 0x00, 0x00, 0x00, 0x00, 0x00, 0x00, 0x00, 0x00, 0x00, 0x00, 0x00, 0x00, 0x00, 0x00, 0x00, 0x00
.byte 0x00, 0x00, 0x00, 0x00, 0x01, 0x00, 0x00, 0x00
.globl _sym_00be5750
_sym_00be5750:
.byte 0xff, 0xff, 0xff, 0xff
.long _sym_00abdf90
.byte 0xff, 0xff, 0xff, 0xff, 0x00, 0x00, 0x00, 0x00, 0xff, 0xff, 0xff, 0xff, 0x00, 0x00, 0x00, 0x00
.byte 0xff, 0xff, 0xff, 0xff, 0x00, 0x00, 0x00, 0x00
.globl _sym_00be5770
_sym_00be5770:
.byte 0x22, 0x05, 0x93, 0x19, 0x04, 0x00, 0x00, 0x00
.long _sym_00be5750
.byte 0x00, 0x00, 0x00, 0x00, 0x00, 0x00, 0x00, 0x00, 0x00, 0x00, 0x00, 0x00, 0x00, 0x00, 0x00, 0x00
.byte 0x00, 0x00, 0x00, 0x00, 0x01, 0x00, 0x00, 0x00
.globl _sym_00be5794
_sym_00be5794:
.byte 0xff, 0xff, 0xff, 0xff
.long _sym_00abe6e0
.byte 0xff, 0xff, 0xff, 0xff, 0x00, 0x00, 0x00, 0x00, 0xff, 0xff, 0xff, 0xff, 0x00, 0x00, 0x00, 0x00
.byte 0xff, 0xff, 0xff, 0xff, 0x00, 0x00, 0x00, 0x00
.globl _sym_00be57b4
_sym_00be57b4:
.byte 0x22, 0x05, 0x93, 0x19, 0x04, 0x00, 0x00, 0x00
.long _sym_00be5794
.byte 0x00, 0x00, 0x00, 0x00, 0x00, 0x00, 0x00, 0x00, 0x00, 0x00, 0x00, 0x00, 0x00, 0x00, 0x00, 0x00
.byte 0x00, 0x00, 0x00, 0x00, 0x01, 0x00, 0x00, 0x00
.globl _sym_00be57d8
_sym_00be57d8:
.byte 0xff, 0xff, 0xff, 0xff
.long _sym_00abe680
.byte 0xff, 0xff, 0xff, 0xff, 0x00, 0x00, 0x00, 0x00, 0xff, 0xff, 0xff, 0xff, 0x00, 0x00, 0x00, 0x00
.byte 0xff, 0xff, 0xff, 0xff, 0x00, 0x00, 0x00, 0x00
.globl _sym_00be57f8
_sym_00be57f8:
.byte 0x22, 0x05, 0x93, 0x19, 0x04, 0x00, 0x00, 0x00
.long _sym_00be57d8
.byte 0x00, 0x00, 0x00, 0x00, 0x00, 0x00, 0x00, 0x00, 0x00, 0x00, 0x00, 0x00, 0x00, 0x00, 0x00, 0x00
.byte 0x00, 0x00, 0x00, 0x00, 0x01, 0x00, 0x00, 0x00
.globl _sym_00be581c
_sym_00be581c:
.byte 0x22, 0x05, 0x93, 0x19, 0x07, 0x00, 0x00, 0x00
.long _sym_00be5840
.byte 0x00, 0x00, 0x00, 0x00, 0x00, 0x00, 0x00, 0x00, 0x00, 0x00, 0x00, 0x00, 0x00, 0x00, 0x00, 0x00
.byte 0x00, 0x00, 0x00, 0x00, 0x01, 0x00, 0x00, 0x00
.globl _sym_00be5840
_sym_00be5840:
.byte 0xff, 0xff, 0xff, 0xff
.long _sym_00abeb80
.byte 0xff, 0xff, 0xff, 0xff
.long _sym_00abeb8e
.byte 0xff, 0xff, 0xff, 0xff
.long _sym_00abeb9c
.byte 0xff, 0xff, 0xff, 0xff
.long _sym_00abebaa
.byte 0xff, 0xff, 0xff, 0xff
.long _sym_00abebb8
.byte 0xff, 0xff, 0xff, 0xff
.long _sym_00abebc6
.byte 0xff, 0xff, 0xff, 0xff
.long _sym_00abebd4
.globl _sym_00be5878
_sym_00be5878:
.byte 0xff, 0xff, 0xff, 0xff
.long _sym_00abeb20
.globl _sym_00be5880
_sym_00be5880:
.byte 0x22, 0x05, 0x93, 0x19, 0x01, 0x00, 0x00, 0x00
.long _sym_00be5878
.byte 0x00, 0x00, 0x00, 0x00, 0x00, 0x00, 0x00, 0x00, 0x00, 0x00, 0x00, 0x00, 0x00, 0x00, 0x00, 0x00
.byte 0x00, 0x00, 0x00, 0x00, 0x01, 0x00, 0x00, 0x00
.globl _sym_00be58a4
_sym_00be58a4:
.byte 0xff, 0xff, 0xff, 0xff
.long _sym_00abeac0
.globl _sym_00be58ac
_sym_00be58ac:
.byte 0x22, 0x05, 0x93, 0x19, 0x01, 0x00, 0x00, 0x00
.long _sym_00be58a4
.byte 0x00, 0x00, 0x00, 0x00, 0x00, 0x00, 0x00, 0x00, 0x00, 0x00, 0x00, 0x00, 0x00, 0x00, 0x00, 0x00
.byte 0x00, 0x00, 0x00, 0x00, 0x01, 0x00, 0x00, 0x00
.globl _sym_00be58d0
_sym_00be58d0:
.byte 0xff, 0xff, 0xff, 0xff
.long _sym_00abeb50
.globl _sym_00be58d8
_sym_00be58d8:
.byte 0x22, 0x05, 0x93, 0x19, 0x01, 0x00, 0x00, 0x00
.long _sym_00be58d0
.byte 0x00, 0x00, 0x00, 0x00, 0x00, 0x00, 0x00, 0x00, 0x00, 0x00, 0x00, 0x00, 0x00, 0x00, 0x00, 0x00
.byte 0x00, 0x00, 0x00, 0x00, 0x01, 0x00, 0x00, 0x00
.globl _sym_00be58fc
_sym_00be58fc:
.byte 0xff, 0xff, 0xff, 0xff
.long _sym_00abeaf0
.globl _sym_00be5904
_sym_00be5904:
.byte 0x22, 0x05, 0x93, 0x19, 0x01, 0x00, 0x00, 0x00
.long _sym_00be58fc
.byte 0x00, 0x00, 0x00, 0x00, 0x00, 0x00, 0x00, 0x00, 0x00, 0x00, 0x00, 0x00, 0x00, 0x00, 0x00, 0x00
.byte 0x00, 0x00, 0x00, 0x00, 0x01, 0x00, 0x00, 0x00
.globl _sym_00be5928
_sym_00be5928:
.byte 0xff, 0xff, 0xff, 0xff
.long _sym_00abea90
.globl _sym_00be5930
_sym_00be5930:
.byte 0x22, 0x05, 0x93, 0x19, 0x01, 0x00, 0x00, 0x00
.long _sym_00be5928
.byte 0x00, 0x00, 0x00, 0x00, 0x00, 0x00, 0x00, 0x00, 0x00, 0x00, 0x00, 0x00, 0x00, 0x00, 0x00, 0x00
.byte 0x00, 0x00, 0x00, 0x00, 0x01, 0x00, 0x00, 0x00
.globl _sym_00be5954
_sym_00be5954:
.byte 0xff, 0xff, 0xff, 0xff
.long _sym_00abec90
.globl _sym_00be595c
_sym_00be595c:
.byte 0x22, 0x05, 0x93, 0x19, 0x01, 0x00, 0x00, 0x00
.long _sym_00be5954
.byte 0x00, 0x00, 0x00, 0x00, 0x00, 0x00, 0x00, 0x00, 0x00, 0x00, 0x00, 0x00, 0x00, 0x00, 0x00, 0x00
.byte 0x00, 0x00, 0x00, 0x00, 0x01, 0x00, 0x00, 0x00
.globl _sym_00be5980
_sym_00be5980:
.byte 0xff, 0xff, 0xff, 0xff
.long _sym_00abec60
.globl _sym_00be5988
_sym_00be5988:
.byte 0x22, 0x05, 0x93, 0x19, 0x01, 0x00, 0x00, 0x00
.long _sym_00be5980
.byte 0x00, 0x00, 0x00, 0x00, 0x00, 0x00, 0x00, 0x00, 0x00, 0x00, 0x00, 0x00, 0x00, 0x00, 0x00, 0x00
.byte 0x00, 0x00, 0x00, 0x00, 0x01, 0x00, 0x00, 0x00
.globl _sym_00be59ac
_sym_00be59ac:
.byte 0xff, 0xff, 0xff, 0xff
.long _sym_00abea60
.globl _sym_00be59b4
_sym_00be59b4:
.byte 0x22, 0x05, 0x93, 0x19, 0x01, 0x00, 0x00, 0x00
.long _sym_00be59ac
.byte 0x00, 0x00, 0x00, 0x00, 0x00, 0x00, 0x00, 0x00, 0x00, 0x00, 0x00, 0x00, 0x00, 0x00, 0x00, 0x00
.byte 0x00, 0x00, 0x00, 0x00, 0x01, 0x00, 0x00, 0x00
.globl _sym_00be59d8
_sym_00be59d8:
.byte 0xff, 0xff, 0xff, 0xff
.long _sym_00abec30
.globl _sym_00be59e0
_sym_00be59e0:
.byte 0x22, 0x05, 0x93, 0x19, 0x01, 0x00, 0x00, 0x00
.long _sym_00be59d8
.byte 0x00, 0x00, 0x00, 0x00, 0x00, 0x00, 0x00, 0x00, 0x00, 0x00, 0x00, 0x00, 0x00, 0x00, 0x00, 0x00
.byte 0x00, 0x00, 0x00, 0x00, 0x01, 0x00, 0x00, 0x00
.globl _sym_00be5a04
_sym_00be5a04:
.byte 0xff, 0xff, 0xff, 0xff
.long _sym_00abea30
.globl _sym_00be5a0c
_sym_00be5a0c:
.byte 0x22, 0x05, 0x93, 0x19, 0x01, 0x00, 0x00, 0x00
.long _sym_00be5a04
.byte 0x00, 0x00, 0x00, 0x00, 0x00, 0x00, 0x00, 0x00, 0x00, 0x00, 0x00, 0x00, 0x00, 0x00, 0x00, 0x00
.byte 0x00, 0x00, 0x00, 0x00, 0x01, 0x00, 0x00, 0x00
.globl _sym_00be5a30
_sym_00be5a30:
.byte 0xff, 0xff, 0xff, 0xff
.long _sym_00abec00
.globl _sym_00be5a38
_sym_00be5a38:
.byte 0x22, 0x05, 0x93, 0x19, 0x01, 0x00, 0x00, 0x00
.long _sym_00be5a30
.byte 0x00, 0x00, 0x00, 0x00, 0x00, 0x00, 0x00, 0x00, 0x00, 0x00, 0x00, 0x00, 0x00, 0x00, 0x00, 0x00
.byte 0x00, 0x00, 0x00, 0x00, 0x01, 0x00, 0x00, 0x00
.globl _sym_00be5a5c
_sym_00be5a5c:
.byte 0x22, 0x05, 0x93, 0x19, 0x16, 0x00, 0x00, 0x00
.long _sym_00be5a80
.byte 0x00, 0x00, 0x00, 0x00, 0x00, 0x00, 0x00, 0x00, 0x00, 0x00, 0x00, 0x00, 0x00, 0x00, 0x00, 0x00
.byte 0x00, 0x00, 0x00, 0x00, 0x01, 0x00, 0x00, 0x00
.globl _sym_00be5a80
_sym_00be5a80:
.byte 0xff, 0xff, 0xff, 0xff
.long _sym_00abef20
.byte 0x00, 0x00, 0x00, 0x00
.long _sym_00abef2e
.byte 0x00, 0x00, 0x00, 0x00, 0x00, 0x00, 0x00, 0x00, 0x00, 0x00, 0x00, 0x00, 0x00, 0x00, 0x00, 0x00
.byte 0x00, 0x00, 0x00, 0x00, 0x00, 0x00, 0x00, 0x00, 0xff, 0xff, 0xff, 0xff
.long _sym_00abef3c
.byte 0x05, 0x00, 0x00, 0x00
.long _sym_00abef4a
.byte 0x05, 0x00, 0x00, 0x00, 0x00, 0x00, 0x00, 0x00, 0x05, 0x00, 0x00, 0x00, 0x00, 0x00, 0x00, 0x00
.byte 0x05, 0x00, 0x00, 0x00, 0x00, 0x00, 0x00, 0x00, 0xff, 0xff, 0xff, 0xff
.long _sym_00abef58
.byte 0xff, 0xff, 0xff, 0xff
.long _sym_00abef66
.byte 0xff, 0xff, 0xff, 0xff
.long _sym_00abef74
.byte 0xff, 0xff, 0xff, 0xff
.long _sym_00abef82
.byte 0xff, 0xff, 0xff, 0xff
.long _sym_00abef90
.byte 0xff, 0xff, 0xff, 0xff
.long _sym_00abef9e
.byte 0xff, 0xff, 0xff, 0xff
.long _sym_00abefae
.byte 0xff, 0xff, 0xff, 0xff
.long _sym_00abefbe
.byte 0xff, 0xff, 0xff, 0xff
.long _sym_00abefce
.byte 0xff, 0xff, 0xff, 0xff
.long _sym_00abefde
.byte 0xff, 0xff, 0xff, 0xff
.long _sym_00abefee
.byte 0xff, 0xff, 0xff, 0xff
.long _sym_00abeffe
.globl _sym_00be5b30
_sym_00be5b30:
.byte 0xff, 0xff, 0xff, 0xff
.long _sym_00abee40
.globl _sym_00be5b38
_sym_00be5b38:
.byte 0x22, 0x05, 0x93, 0x19, 0x01, 0x00, 0x00, 0x00
.long _sym_00be5b30
.byte 0x00, 0x00, 0x00, 0x00, 0x00, 0x00, 0x00, 0x00, 0x00, 0x00, 0x00, 0x00, 0x00, 0x00, 0x00, 0x00
.byte 0x00, 0x00, 0x00, 0x00, 0x01, 0x00, 0x00, 0x00
.globl _sym_00be5b5c
_sym_00be5b5c:
.byte 0xff, 0xff, 0xff, 0xff
.long _sym_00abf210
.globl _sym_00be5b64
_sym_00be5b64:
.byte 0x22, 0x05, 0x93, 0x19, 0x01, 0x00, 0x00, 0x00
.long _sym_00be5b5c
.byte 0x00, 0x00, 0x00, 0x00, 0x00, 0x00, 0x00, 0x00, 0x00, 0x00, 0x00, 0x00, 0x00, 0x00, 0x00, 0x00
.byte 0x00, 0x00, 0x00, 0x00, 0x01, 0x00, 0x00, 0x00
.globl _sym_00be5b88
_sym_00be5b88:
.byte 0xff, 0xff, 0xff, 0xff
.long _sym_00abf030
.byte 0xff, 0xff, 0xff, 0xff
.long _sym_00abf03e
.byte 0xff, 0xff, 0xff, 0xff
.long _sym_00abf04c
.byte 0xff, 0xff, 0xff, 0xff
.long _sym_00abf05a
.globl _sym_00be5ba8
_sym_00be5ba8:
.byte 0x22, 0x05, 0x93, 0x19, 0x04, 0x00, 0x00, 0x00
.long _sym_00be5b88
.byte 0x00, 0x00, 0x00, 0x00, 0x00, 0x00, 0x00, 0x00, 0x00, 0x00, 0x00, 0x00, 0x00, 0x00, 0x00, 0x00
.byte 0x00, 0x00, 0x00, 0x00, 0x01, 0x00, 0x00, 0x00
.globl _sym_00be5bcc
_sym_00be5bcc:
.byte 0xff, 0xff, 0xff, 0xff
.long _sym_00abf0f0
.byte 0xff, 0xff, 0xff, 0xff, 0x00, 0x00, 0x00, 0x00, 0xff, 0xff, 0xff, 0xff, 0x00, 0x00, 0x00, 0x00
.byte 0xff, 0xff, 0xff, 0xff, 0x00, 0x00, 0x00, 0x00
.globl _sym_00be5bec
_sym_00be5bec:
.byte 0x22, 0x05, 0x93, 0x19, 0x04, 0x00, 0x00, 0x00
.long _sym_00be5bcc
.byte 0x00, 0x00, 0x00, 0x00, 0x00, 0x00, 0x00, 0x00, 0x00, 0x00, 0x00, 0x00, 0x00, 0x00, 0x00, 0x00
.byte 0x00, 0x00, 0x00, 0x00, 0x01, 0x00, 0x00, 0x00
.globl _sym_00be5c10
_sym_00be5c10:
.byte 0xff, 0xff, 0xff, 0xff
.long _sym_00abee70
.byte 0x00, 0x00, 0x00, 0x00
.long _sym_00abee7b
.byte 0x01, 0x00, 0x00, 0x00
.long _sym_00abee86
.globl _sym_00be5c28
_sym_00be5c28:
.byte 0x22, 0x05, 0x93, 0x19, 0x03, 0x00, 0x00, 0x00
.long _sym_00be5c10
.byte 0x00, 0x00, 0x00, 0x00, 0x00, 0x00, 0x00, 0x00, 0x00, 0x00, 0x00, 0x00, 0x00, 0x00, 0x00, 0x00
.byte 0x00, 0x00, 0x00, 0x00, 0x01, 0x00, 0x00, 0x00
.globl _sym_00be5c4c
_sym_00be5c4c:
.byte 0xff, 0xff, 0xff, 0xff
.long _sym_00abeeb0
.byte 0x00, 0x00, 0x00, 0x00
.long _sym_00abeebb
.globl _sym_00be5c5c
_sym_00be5c5c:
.byte 0x22, 0x05, 0x93, 0x19, 0x02, 0x00, 0x00, 0x00
.long _sym_00be5c4c
.byte 0x00, 0x00, 0x00, 0x00, 0x00, 0x00, 0x00, 0x00, 0x00, 0x00, 0x00, 0x00, 0x00, 0x00, 0x00, 0x00
.byte 0x00, 0x00, 0x00, 0x00, 0x01, 0x00, 0x00, 0x00
.globl _sym_00be5c80
_sym_00be5c80:
.byte 0xff, 0xff, 0xff, 0xff
.long _sym_00abeef0
.globl _sym_00be5c88
_sym_00be5c88:
.byte 0x22, 0x05, 0x93, 0x19, 0x01, 0x00, 0x00, 0x00
.long _sym_00be5c80
.byte 0x00, 0x00, 0x00, 0x00, 0x00, 0x00, 0x00, 0x00, 0x00, 0x00, 0x00, 0x00, 0x00, 0x00, 0x00, 0x00
.byte 0x00, 0x00, 0x00, 0x00, 0x01, 0x00, 0x00, 0x00
.globl _sym_00be5cac
_sym_00be5cac:
.byte 0xff, 0xff, 0xff, 0xff
.long _sym_00abed80
.byte 0xff, 0xff, 0xff, 0xff, 0x00, 0x00, 0x00, 0x00, 0xff, 0xff, 0xff, 0xff, 0x00, 0x00, 0x00, 0x00
.byte 0xff, 0xff, 0xff, 0xff, 0x00, 0x00, 0x00, 0x00
.globl _sym_00be5ccc
_sym_00be5ccc:
.byte 0x22, 0x05, 0x93, 0x19, 0x04, 0x00, 0x00, 0x00
.long _sym_00be5cac
.byte 0x00, 0x00, 0x00, 0x00, 0x00, 0x00, 0x00, 0x00, 0x00, 0x00, 0x00, 0x00, 0x00, 0x00, 0x00, 0x00
.byte 0x00, 0x00, 0x00, 0x00, 0x01, 0x00, 0x00, 0x00
.globl _sym_00be5cf0
_sym_00be5cf0:
.byte 0xff, 0xff, 0xff, 0xff
.long _sym_00abee10
.globl _sym_00be5cf8
_sym_00be5cf8:
.byte 0x22, 0x05, 0x93, 0x19, 0x01, 0x00, 0x00, 0x00
.long _sym_00be5cf0
.byte 0x00, 0x00, 0x00, 0x00, 0x00, 0x00, 0x00, 0x00, 0x00, 0x00, 0x00, 0x00, 0x00, 0x00, 0x00, 0x00
.byte 0x00, 0x00, 0x00, 0x00, 0x01, 0x00, 0x00, 0x00
.globl _sym_00be5d1c
_sym_00be5d1c:
.byte 0xff, 0xff, 0xff, 0xff
.long _sym_00abed20
.byte 0xff, 0xff, 0xff, 0xff, 0x00, 0x00, 0x00, 0x00, 0xff, 0xff, 0xff, 0xff, 0x00, 0x00, 0x00, 0x00
.byte 0xff, 0xff, 0xff, 0xff, 0x00, 0x00, 0x00, 0x00
.globl _sym_00be5d3c
_sym_00be5d3c:
.byte 0x22, 0x05, 0x93, 0x19, 0x04, 0x00, 0x00, 0x00
.long _sym_00be5d1c
.byte 0x00, 0x00, 0x00, 0x00, 0x00, 0x00, 0x00, 0x00, 0x00, 0x00, 0x00, 0x00, 0x00, 0x00, 0x00, 0x00
.byte 0x00, 0x00, 0x00, 0x00, 0x01, 0x00, 0x00, 0x00
.globl _sym_00be5d60
_sym_00be5d60:
.byte 0xff, 0xff, 0xff, 0xff
.long _sym_00abedb0
.byte 0xff, 0xff, 0xff, 0xff, 0x00, 0x00, 0x00, 0x00, 0xff, 0xff, 0xff, 0xff, 0x00, 0x00, 0x00, 0x00
.byte 0xff, 0xff, 0xff, 0xff, 0x00, 0x00, 0x00, 0x00
.globl _sym_00be5d80
_sym_00be5d80:
.byte 0x22, 0x05, 0x93, 0x19, 0x04, 0x00, 0x00, 0x00
.long _sym_00be5d60
.byte 0x00, 0x00, 0x00, 0x00, 0x00, 0x00, 0x00, 0x00, 0x00, 0x00, 0x00, 0x00, 0x00, 0x00, 0x00, 0x00
.byte 0x00, 0x00, 0x00, 0x00, 0x01, 0x00, 0x00, 0x00
.globl _sym_00be5da4
_sym_00be5da4:
.byte 0xff, 0xff, 0xff, 0xff
.long _sym_00abede0
.byte 0xff, 0xff, 0xff, 0xff, 0x00, 0x00, 0x00, 0x00, 0xff, 0xff, 0xff, 0xff, 0x00, 0x00, 0x00, 0x00
.byte 0xff, 0xff, 0xff, 0xff, 0x00, 0x00, 0x00, 0x00
.globl _sym_00be5dc4
_sym_00be5dc4:
.byte 0x22, 0x05, 0x93, 0x19, 0x04, 0x00, 0x00, 0x00
.long _sym_00be5da4
.byte 0x00, 0x00, 0x00, 0x00, 0x00, 0x00, 0x00, 0x00, 0x00, 0x00, 0x00, 0x00, 0x00, 0x00, 0x00, 0x00
.byte 0x00, 0x00, 0x00, 0x00, 0x01, 0x00, 0x00, 0x00
.globl _sym_00be5de8
_sym_00be5de8:
.byte 0xff, 0xff, 0xff, 0xff
.long _sym_00abf090
.byte 0xff, 0xff, 0xff, 0xff, 0x00, 0x00, 0x00, 0x00, 0xff, 0xff, 0xff, 0xff, 0x00, 0x00, 0x00, 0x00
.byte 0xff, 0xff, 0xff, 0xff, 0x00, 0x00, 0x00, 0x00
.globl _sym_00be5e08
_sym_00be5e08:
.byte 0x22, 0x05, 0x93, 0x19, 0x04, 0x00, 0x00, 0x00
.long _sym_00be5de8
.byte 0x00, 0x00, 0x00, 0x00, 0x00, 0x00, 0x00, 0x00, 0x00, 0x00, 0x00, 0x00, 0x00, 0x00, 0x00, 0x00
.byte 0x00, 0x00, 0x00, 0x00, 0x01, 0x00, 0x00, 0x00
.globl _sym_00be5e2c
_sym_00be5e2c:
.byte 0xff, 0xff, 0xff, 0xff
.long _sym_00abf150
.byte 0xff, 0xff, 0xff, 0xff, 0x00, 0x00, 0x00, 0x00, 0xff, 0xff, 0xff, 0xff, 0x00, 0x00, 0x00, 0x00
.byte 0xff, 0xff, 0xff, 0xff, 0x00, 0x00, 0x00, 0x00
.globl _sym_00be5e4c
_sym_00be5e4c:
.byte 0x22, 0x05, 0x93, 0x19, 0x04, 0x00, 0x00, 0x00
.long _sym_00be5e2c
.byte 0x00, 0x00, 0x00, 0x00, 0x00, 0x00, 0x00, 0x00, 0x00, 0x00, 0x00, 0x00, 0x00, 0x00, 0x00, 0x00
.byte 0x00, 0x00, 0x00, 0x00, 0x01, 0x00, 0x00, 0x00
.globl _sym_00be5e70
_sym_00be5e70:
.byte 0xff, 0xff, 0xff, 0xff
.long _sym_00abf240
.globl _sym_00be5e78
_sym_00be5e78:
.byte 0x22, 0x05, 0x93, 0x19, 0x01, 0x00, 0x00, 0x00
.long _sym_00be5e70
.byte 0x00, 0x00, 0x00, 0x00, 0x00, 0x00, 0x00, 0x00, 0x00, 0x00, 0x00, 0x00, 0x00, 0x00, 0x00, 0x00
.byte 0x00, 0x00, 0x00, 0x00, 0x01, 0x00, 0x00, 0x00
.globl _sym_00be5e9c
_sym_00be5e9c:
.byte 0xff, 0xff, 0xff, 0xff
.long _sym_00abf270
.globl _sym_00be5ea4
_sym_00be5ea4:
.byte 0x22, 0x05, 0x93, 0x19, 0x01, 0x00, 0x00, 0x00
.long _sym_00be5e9c
.byte 0x00, 0x00, 0x00, 0x00, 0x00, 0x00, 0x00, 0x00, 0x00, 0x00, 0x00, 0x00, 0x00, 0x00, 0x00, 0x00
.byte 0x00, 0x00, 0x00, 0x00, 0x01, 0x00, 0x00, 0x00
.globl _sym_00be5ec8
_sym_00be5ec8:
.byte 0xff, 0xff, 0xff, 0xff
.long _sym_00abecc0
.byte 0xff, 0xff, 0xff, 0xff, 0x00, 0x00, 0x00, 0x00, 0xff, 0xff, 0xff, 0xff, 0x00, 0x00, 0x00, 0x00
.byte 0xff, 0xff, 0xff, 0xff, 0x00, 0x00, 0x00, 0x00
.globl _sym_00be5ee8
_sym_00be5ee8:
.byte 0x22, 0x05, 0x93, 0x19, 0x04, 0x00, 0x00, 0x00
.long _sym_00be5ec8
.byte 0x00, 0x00, 0x00, 0x00, 0x00, 0x00, 0x00, 0x00, 0x00, 0x00, 0x00, 0x00, 0x00, 0x00, 0x00, 0x00
.byte 0x00, 0x00, 0x00, 0x00, 0x01, 0x00, 0x00, 0x00
.globl _sym_00be5f0c
_sym_00be5f0c:
.byte 0xff, 0xff, 0xff, 0xff
.long _sym_00abed50
.byte 0xff, 0xff, 0xff, 0xff, 0x00, 0x00, 0x00, 0x00, 0xff, 0xff, 0xff, 0xff, 0x00, 0x00, 0x00, 0x00
.byte 0xff, 0xff, 0xff, 0xff, 0x00, 0x00, 0x00, 0x00
.globl _sym_00be5f2c
_sym_00be5f2c:
.byte 0x22, 0x05, 0x93, 0x19, 0x04, 0x00, 0x00, 0x00
.long _sym_00be5f0c
.byte 0x00, 0x00, 0x00, 0x00, 0x00, 0x00, 0x00, 0x00, 0x00, 0x00, 0x00, 0x00, 0x00, 0x00, 0x00, 0x00
.byte 0x00, 0x00, 0x00, 0x00, 0x01, 0x00, 0x00, 0x00
.globl _sym_00be5f50
_sym_00be5f50:
.byte 0xff, 0xff, 0xff, 0xff
.long _sym_00abf0c0
.byte 0xff, 0xff, 0xff, 0xff, 0x00, 0x00, 0x00, 0x00, 0xff, 0xff, 0xff, 0xff, 0x00, 0x00, 0x00, 0x00
.byte 0xff, 0xff, 0xff, 0xff, 0x00, 0x00, 0x00, 0x00
.globl _sym_00be5f70
_sym_00be5f70:
.byte 0x22, 0x05, 0x93, 0x19, 0x04, 0x00, 0x00, 0x00
.long _sym_00be5f50
.byte 0x00, 0x00, 0x00, 0x00, 0x00, 0x00, 0x00, 0x00, 0x00, 0x00, 0x00, 0x00, 0x00, 0x00, 0x00, 0x00
.byte 0x00, 0x00, 0x00, 0x00, 0x01, 0x00, 0x00, 0x00
.globl _sym_00be5f94
_sym_00be5f94:
.byte 0xff, 0xff, 0xff, 0xff
.long _sym_00abf1b0
.byte 0xff, 0xff, 0xff, 0xff, 0x00, 0x00, 0x00, 0x00, 0xff, 0xff, 0xff, 0xff, 0x00, 0x00, 0x00, 0x00
.byte 0xff, 0xff, 0xff, 0xff, 0x00, 0x00, 0x00, 0x00
.globl _sym_00be5fb4
_sym_00be5fb4:
.byte 0x22, 0x05, 0x93, 0x19, 0x04, 0x00, 0x00, 0x00
.long _sym_00be5f94
.byte 0x00, 0x00, 0x00, 0x00, 0x00, 0x00, 0x00, 0x00, 0x00, 0x00, 0x00, 0x00, 0x00, 0x00, 0x00, 0x00
.byte 0x00, 0x00, 0x00, 0x00, 0x01, 0x00, 0x00, 0x00
.globl _sym_00be5fd8
_sym_00be5fd8:
.byte 0xff, 0xff, 0xff, 0xff
.long _sym_00abf1e0
.byte 0xff, 0xff, 0xff, 0xff, 0x00, 0x00, 0x00, 0x00, 0xff, 0xff, 0xff, 0xff, 0x00, 0x00, 0x00, 0x00
.byte 0xff, 0xff, 0xff, 0xff, 0x00, 0x00, 0x00, 0x00
.globl _sym_00be5ff8
_sym_00be5ff8:
.byte 0x22, 0x05, 0x93, 0x19, 0x04, 0x00, 0x00, 0x00
.long _sym_00be5fd8
.byte 0x00, 0x00, 0x00, 0x00, 0x00, 0x00, 0x00, 0x00, 0x00, 0x00, 0x00, 0x00, 0x00, 0x00, 0x00, 0x00
.byte 0x00, 0x00, 0x00, 0x00, 0x01, 0x00, 0x00, 0x00
.globl _sym_00be601c
_sym_00be601c:
.byte 0xff, 0xff, 0xff, 0xff
.long _sym_00abecf0
.byte 0xff, 0xff, 0xff, 0xff, 0x00, 0x00, 0x00, 0x00, 0xff, 0xff, 0xff, 0xff, 0x00, 0x00, 0x00, 0x00
.byte 0xff, 0xff, 0xff, 0xff, 0x00, 0x00, 0x00, 0x00
.globl _sym_00be603c
_sym_00be603c:
.byte 0x22, 0x05, 0x93, 0x19, 0x04, 0x00, 0x00, 0x00
.long _sym_00be601c
.byte 0x00, 0x00, 0x00, 0x00, 0x00, 0x00, 0x00, 0x00, 0x00, 0x00, 0x00, 0x00, 0x00, 0x00, 0x00, 0x00
.byte 0x00, 0x00, 0x00, 0x00, 0x01, 0x00, 0x00, 0x00
.globl _sym_00be6060
_sym_00be6060:
.byte 0xff, 0xff, 0xff, 0xff
.long _sym_00abf180
.byte 0xff, 0xff, 0xff, 0xff, 0x00, 0x00, 0x00, 0x00, 0xff, 0xff, 0xff, 0xff, 0x00, 0x00, 0x00, 0x00
.byte 0xff, 0xff, 0xff, 0xff, 0x00, 0x00, 0x00, 0x00
.globl _sym_00be6080
_sym_00be6080:
.byte 0x22, 0x05, 0x93, 0x19, 0x04, 0x00, 0x00, 0x00
.long _sym_00be6060
.byte 0x00, 0x00, 0x00, 0x00, 0x00, 0x00, 0x00, 0x00, 0x00, 0x00, 0x00, 0x00, 0x00, 0x00, 0x00, 0x00
.byte 0x00, 0x00, 0x00, 0x00, 0x01, 0x00, 0x00, 0x00
.globl _sym_00be60a4
_sym_00be60a4:
.byte 0xff, 0xff, 0xff, 0xff
.long _sym_00abf120
.byte 0xff, 0xff, 0xff, 0xff, 0x00, 0x00, 0x00, 0x00, 0xff, 0xff, 0xff, 0xff, 0x00, 0x00, 0x00, 0x00
.byte 0xff, 0xff, 0xff, 0xff, 0x00, 0x00, 0x00, 0x00
.globl _sym_00be60c4
_sym_00be60c4:
.byte 0x22, 0x05, 0x93, 0x19, 0x04, 0x00, 0x00, 0x00
.long _sym_00be60a4
.byte 0x00, 0x00, 0x00, 0x00, 0x00, 0x00, 0x00, 0x00, 0x00, 0x00, 0x00, 0x00, 0x00, 0x00, 0x00, 0x00
.byte 0x00, 0x00, 0x00, 0x00, 0x01, 0x00, 0x00, 0x00
.globl _sym_00be60e8
_sym_00be60e8:
.byte 0xff, 0xff, 0xff, 0xff
.long _sym_00abf2a0
.globl _sym_00be60f0
_sym_00be60f0:
.byte 0x22, 0x05, 0x93, 0x19, 0x01, 0x00, 0x00, 0x00
.long _sym_00be60e8
.byte 0x00, 0x00, 0x00, 0x00, 0x00, 0x00, 0x00, 0x00, 0x00, 0x00, 0x00, 0x00, 0x00, 0x00, 0x00, 0x00
.byte 0x00, 0x00, 0x00, 0x00, 0x01, 0x00, 0x00, 0x00
.globl _sym_00be6114
_sym_00be6114:
.byte 0x22, 0x05, 0x93, 0x19, 0x0d, 0x00, 0x00, 0x00
.long _sym_00be6138
.byte 0x00, 0x00, 0x00, 0x00, 0x00, 0x00, 0x00, 0x00, 0x00, 0x00, 0x00, 0x00, 0x00, 0x00, 0x00, 0x00
.byte 0x00, 0x00, 0x00, 0x00, 0x01, 0x00, 0x00, 0x00
.globl _sym_00be6138
_sym_00be6138:
.byte 0xff, 0xff, 0xff, 0xff
.long _sym_00abf4b0
.byte 0xff, 0xff, 0xff, 0xff
.long _sym_00abf4be
.byte 0xff, 0xff, 0xff, 0xff
.long _sym_00abf4cc
.byte 0xff, 0xff, 0xff, 0xff
.long _sym_00abf4da
.byte 0x03, 0x00, 0x00, 0x00
.long _sym_00abf4e8
.byte 0x03, 0x00, 0x00, 0x00, 0x00, 0x00, 0x00, 0x00, 0x03, 0x00, 0x00, 0x00, 0x00, 0x00, 0x00, 0x00
.byte 0x03, 0x00, 0x00, 0x00, 0x00, 0x00, 0x00, 0x00, 0xff, 0xff, 0xff, 0xff
.long _sym_00abf4f6
.byte 0xff, 0xff, 0xff, 0xff
.long _sym_00abf504
.byte 0xff, 0xff, 0xff, 0xff
.long _sym_00abf512
.byte 0xff, 0xff, 0xff, 0xff
.long _sym_00abf520
.byte 0xff, 0xff, 0xff, 0xff
.long _sym_00abf530
.globl _sym_00be61a0
_sym_00be61a0:
.byte 0xff, 0xff, 0xff, 0xff
.long _sym_00abf450
.globl _sym_00be61a8
_sym_00be61a8:
.byte 0x22, 0x05, 0x93, 0x19, 0x01, 0x00, 0x00, 0x00
.long _sym_00be61a0
.byte 0x00, 0x00, 0x00, 0x00, 0x00, 0x00, 0x00, 0x00, 0x00, 0x00, 0x00, 0x00, 0x00, 0x00, 0x00, 0x00
.byte 0x00, 0x00, 0x00, 0x00, 0x01, 0x00, 0x00, 0x00
.globl _sym_00be61cc
_sym_00be61cc:
.byte 0xff, 0xff, 0xff, 0xff
.long _sym_00abf560
.byte 0xff, 0xff, 0xff, 0xff
.long _sym_00abf56e
.byte 0xff, 0xff, 0xff, 0xff
.long _sym_00abf57c
.byte 0xff, 0xff, 0xff, 0xff
.long _sym_00abf58a
.globl _sym_00be61ec
_sym_00be61ec:
.byte 0x22, 0x05, 0x93, 0x19, 0x04, 0x00, 0x00, 0x00
.long _sym_00be61cc
.byte 0x00, 0x00, 0x00, 0x00, 0x00, 0x00, 0x00, 0x00, 0x00, 0x00, 0x00, 0x00, 0x00, 0x00, 0x00, 0x00
.byte 0x00, 0x00, 0x00, 0x00, 0x01, 0x00, 0x00, 0x00
.globl _sym_00be6210
_sym_00be6210:
.byte 0xff, 0xff, 0xff, 0xff
.long _sym_00abf620
.byte 0xff, 0xff, 0xff, 0xff, 0x00, 0x00, 0x00, 0x00, 0xff, 0xff, 0xff, 0xff, 0x00, 0x00, 0x00, 0x00
.byte 0xff, 0xff, 0xff, 0xff, 0x00, 0x00, 0x00, 0x00
.globl _sym_00be6230
_sym_00be6230:
.byte 0x22, 0x05, 0x93, 0x19, 0x04, 0x00, 0x00, 0x00
.long _sym_00be6210
.byte 0x00, 0x00, 0x00, 0x00, 0x00, 0x00, 0x00, 0x00, 0x00, 0x00, 0x00, 0x00, 0x00, 0x00, 0x00, 0x00
.byte 0x00, 0x00, 0x00, 0x00, 0x01, 0x00, 0x00, 0x00
.globl _sym_00be6254
_sym_00be6254:
.byte 0xff, 0xff, 0xff, 0xff
.long _sym_00abf480
.globl _sym_00be625c
_sym_00be625c:
.byte 0x22, 0x05, 0x93, 0x19, 0x01, 0x00, 0x00, 0x00
.long _sym_00be6254
.byte 0x00, 0x00, 0x00, 0x00, 0x00, 0x00, 0x00, 0x00, 0x00, 0x00, 0x00, 0x00, 0x00, 0x00, 0x00, 0x00
.byte 0x00, 0x00, 0x00, 0x00, 0x01, 0x00, 0x00, 0x00
.globl _sym_00be6280
_sym_00be6280:
.byte 0xff, 0xff, 0xff, 0xff
.long _sym_00abf390
.byte 0xff, 0xff, 0xff, 0xff, 0x00, 0x00, 0x00, 0x00, 0xff, 0xff, 0xff, 0xff, 0x00, 0x00, 0x00, 0x00
.byte 0xff, 0xff, 0xff, 0xff, 0x00, 0x00, 0x00, 0x00
.globl _sym_00be62a0
_sym_00be62a0:
.byte 0x22, 0x05, 0x93, 0x19, 0x04, 0x00, 0x00, 0x00
.long _sym_00be6280
.byte 0x00, 0x00, 0x00, 0x00, 0x00, 0x00, 0x00, 0x00, 0x00, 0x00, 0x00, 0x00, 0x00, 0x00, 0x00, 0x00
.byte 0x00, 0x00, 0x00, 0x00, 0x01, 0x00, 0x00, 0x00
.globl _sym_00be62c4
_sym_00be62c4:
.byte 0xff, 0xff, 0xff, 0xff
.long _sym_00abf420
.globl _sym_00be62cc
_sym_00be62cc:
.byte 0x22, 0x05, 0x93, 0x19, 0x01, 0x00, 0x00, 0x00
.long _sym_00be62c4
.byte 0x00, 0x00, 0x00, 0x00, 0x00, 0x00, 0x00, 0x00, 0x00, 0x00, 0x00, 0x00, 0x00, 0x00, 0x00, 0x00
.byte 0x00, 0x00, 0x00, 0x00, 0x01, 0x00, 0x00, 0x00
.globl _sym_00be62f0
_sym_00be62f0:
.byte 0xff, 0xff, 0xff, 0xff
.long _sym_00abf330
.byte 0xff, 0xff, 0xff, 0xff, 0x00, 0x00, 0x00, 0x00, 0xff, 0xff, 0xff, 0xff, 0x00, 0x00, 0x00, 0x00
.byte 0xff, 0xff, 0xff, 0xff, 0x00, 0x00, 0x00, 0x00
.globl _sym_00be6310
_sym_00be6310:
.byte 0x22, 0x05, 0x93, 0x19, 0x04, 0x00, 0x00, 0x00
.long _sym_00be62f0
.byte 0x00, 0x00, 0x00, 0x00, 0x00, 0x00, 0x00, 0x00, 0x00, 0x00, 0x00, 0x00, 0x00, 0x00, 0x00, 0x00
.byte 0x00, 0x00, 0x00, 0x00, 0x01, 0x00, 0x00, 0x00
.globl _sym_00be6334
_sym_00be6334:
.byte 0xff, 0xff, 0xff, 0xff
.long _sym_00abf770
.globl _sym_00be633c
_sym_00be633c:
.byte 0x22, 0x05, 0x93, 0x19, 0x01, 0x00, 0x00, 0x00
.long _sym_00be6334
.byte 0x00, 0x00, 0x00, 0x00, 0x00, 0x00, 0x00, 0x00, 0x00, 0x00, 0x00, 0x00, 0x00, 0x00, 0x00, 0x00
.byte 0x00, 0x00, 0x00, 0x00, 0x01, 0x00, 0x00, 0x00
.globl _sym_00be6360
_sym_00be6360:
.byte 0xff, 0xff, 0xff, 0xff
.long _sym_00abf740
.globl _sym_00be6368
_sym_00be6368:
.byte 0x22, 0x05, 0x93, 0x19, 0x01, 0x00, 0x00, 0x00
.long _sym_00be6360
.byte 0x00, 0x00, 0x00, 0x00, 0x00, 0x00, 0x00, 0x00, 0x00, 0x00, 0x00, 0x00, 0x00, 0x00, 0x00, 0x00
.byte 0x00, 0x00, 0x00, 0x00, 0x01, 0x00, 0x00, 0x00
.globl _sym_00be638c
_sym_00be638c:
.byte 0xff, 0xff, 0xff, 0xff
.long _sym_00abf3c0
.byte 0xff, 0xff, 0xff, 0xff, 0x00, 0x00, 0x00, 0x00, 0xff, 0xff, 0xff, 0xff, 0x00, 0x00, 0x00, 0x00
.byte 0xff, 0xff, 0xff, 0xff, 0x00, 0x00, 0x00, 0x00
.globl _sym_00be63ac
_sym_00be63ac:
.byte 0x22, 0x05, 0x93, 0x19, 0x04, 0x00, 0x00, 0x00
.long _sym_00be638c
.byte 0x00, 0x00, 0x00, 0x00, 0x00, 0x00, 0x00, 0x00, 0x00, 0x00, 0x00, 0x00, 0x00, 0x00, 0x00, 0x00
.byte 0x00, 0x00, 0x00, 0x00, 0x01, 0x00, 0x00, 0x00
.globl _sym_00be63d0
_sym_00be63d0:
.byte 0xff, 0xff, 0xff, 0xff
.long _sym_00abf3f0
.byte 0xff, 0xff, 0xff, 0xff, 0x00, 0x00, 0x00, 0x00, 0xff, 0xff, 0xff, 0xff, 0x00, 0x00, 0x00, 0x00
.byte 0xff, 0xff, 0xff, 0xff, 0x00, 0x00, 0x00, 0x00
.globl _sym_00be63f0
_sym_00be63f0:
.byte 0x22, 0x05, 0x93, 0x19, 0x04, 0x00, 0x00, 0x00
.long _sym_00be63d0
.byte 0x00, 0x00, 0x00, 0x00, 0x00, 0x00, 0x00, 0x00, 0x00, 0x00, 0x00, 0x00, 0x00, 0x00, 0x00, 0x00
.byte 0x00, 0x00, 0x00, 0x00, 0x01, 0x00, 0x00, 0x00
.globl _sym_00be6414
_sym_00be6414:
.byte 0xff, 0xff, 0xff, 0xff
.long _sym_00abf5c0
.byte 0xff, 0xff, 0xff, 0xff, 0x00, 0x00, 0x00, 0x00, 0xff, 0xff, 0xff, 0xff, 0x00, 0x00, 0x00, 0x00
.byte 0xff, 0xff, 0xff, 0xff, 0x00, 0x00, 0x00, 0x00
.globl _sym_00be6434
_sym_00be6434:
.byte 0x22, 0x05, 0x93, 0x19, 0x04, 0x00, 0x00, 0x00
.long _sym_00be6414
.byte 0x00, 0x00, 0x00, 0x00, 0x00, 0x00, 0x00, 0x00, 0x00, 0x00, 0x00, 0x00, 0x00, 0x00, 0x00, 0x00
.byte 0x00, 0x00, 0x00, 0x00, 0x01, 0x00, 0x00, 0x00
.globl _sym_00be6458
_sym_00be6458:
.byte 0xff, 0xff, 0xff, 0xff
.long _sym_00abf680
.byte 0xff, 0xff, 0xff, 0xff, 0x00, 0x00, 0x00, 0x00, 0xff, 0xff, 0xff, 0xff, 0x00, 0x00, 0x00, 0x00
.byte 0xff, 0xff, 0xff, 0xff, 0x00, 0x00, 0x00, 0x00
.globl _sym_00be6478
_sym_00be6478:
.byte 0x22, 0x05, 0x93, 0x19, 0x04, 0x00, 0x00, 0x00
.long _sym_00be6458
.byte 0x00, 0x00, 0x00, 0x00, 0x00, 0x00, 0x00, 0x00, 0x00, 0x00, 0x00, 0x00, 0x00, 0x00, 0x00, 0x00
.byte 0x00, 0x00, 0x00, 0x00, 0x01, 0x00, 0x00, 0x00
.globl _sym_00be649c
_sym_00be649c:
.byte 0xff, 0xff, 0xff, 0xff
.long _sym_00abf2d0
.byte 0xff, 0xff, 0xff, 0xff, 0x00, 0x00, 0x00, 0x00, 0xff, 0xff, 0xff, 0xff, 0x00, 0x00, 0x00, 0x00
.byte 0xff, 0xff, 0xff, 0xff, 0x00, 0x00, 0x00, 0x00
.globl _sym_00be64bc
_sym_00be64bc:
.byte 0x22, 0x05, 0x93, 0x19, 0x04, 0x00, 0x00, 0x00
.long _sym_00be649c
.byte 0x00, 0x00, 0x00, 0x00, 0x00, 0x00, 0x00, 0x00, 0x00, 0x00, 0x00, 0x00, 0x00, 0x00, 0x00, 0x00
.byte 0x00, 0x00, 0x00, 0x00, 0x01, 0x00, 0x00, 0x00
.globl _sym_00be64e0
_sym_00be64e0:
.byte 0xff, 0xff, 0xff, 0xff
.long _sym_00abf360
.byte 0xff, 0xff, 0xff, 0xff, 0x00, 0x00, 0x00, 0x00, 0xff, 0xff, 0xff, 0xff, 0x00, 0x00, 0x00, 0x00
.byte 0xff, 0xff, 0xff, 0xff, 0x00, 0x00, 0x00, 0x00
.globl _sym_00be6500
_sym_00be6500:
.byte 0x22, 0x05, 0x93, 0x19, 0x04, 0x00, 0x00, 0x00
.long _sym_00be64e0
.byte 0x00, 0x00, 0x00, 0x00, 0x00, 0x00, 0x00, 0x00, 0x00, 0x00, 0x00, 0x00, 0x00, 0x00, 0x00, 0x00
.byte 0x00, 0x00, 0x00, 0x00, 0x01, 0x00, 0x00, 0x00
.globl _sym_00be6524
_sym_00be6524:
.byte 0xff, 0xff, 0xff, 0xff
.long _sym_00abf5f0
.byte 0xff, 0xff, 0xff, 0xff, 0x00, 0x00, 0x00, 0x00, 0xff, 0xff, 0xff, 0xff, 0x00, 0x00, 0x00, 0x00
.byte 0xff, 0xff, 0xff, 0xff, 0x00, 0x00, 0x00, 0x00
.globl _sym_00be6544
_sym_00be6544:
.byte 0x22, 0x05, 0x93, 0x19, 0x04, 0x00, 0x00, 0x00
.long _sym_00be6524
.byte 0x00, 0x00, 0x00, 0x00, 0x00, 0x00, 0x00, 0x00, 0x00, 0x00, 0x00, 0x00, 0x00, 0x00, 0x00, 0x00
.byte 0x00, 0x00, 0x00, 0x00, 0x01, 0x00, 0x00, 0x00
.globl _sym_00be6568
_sym_00be6568:
.byte 0xff, 0xff, 0xff, 0xff
.long _sym_00abf6e0
.byte 0xff, 0xff, 0xff, 0xff, 0x00, 0x00, 0x00, 0x00, 0xff, 0xff, 0xff, 0xff, 0x00, 0x00, 0x00, 0x00
.byte 0xff, 0xff, 0xff, 0xff, 0x00, 0x00, 0x00, 0x00
.globl _sym_00be6588
_sym_00be6588:
.byte 0x22, 0x05, 0x93, 0x19, 0x04, 0x00, 0x00, 0x00
.long _sym_00be6568
.byte 0x00, 0x00, 0x00, 0x00, 0x00, 0x00, 0x00, 0x00, 0x00, 0x00, 0x00, 0x00, 0x00, 0x00, 0x00, 0x00
.byte 0x00, 0x00, 0x00, 0x00, 0x01, 0x00, 0x00, 0x00
.globl _sym_00be65ac
_sym_00be65ac:
.byte 0xff, 0xff, 0xff, 0xff
.long _sym_00abf710
.byte 0xff, 0xff, 0xff, 0xff, 0x00, 0x00, 0x00, 0x00, 0xff, 0xff, 0xff, 0xff, 0x00, 0x00, 0x00, 0x00
.byte 0xff, 0xff, 0xff, 0xff, 0x00, 0x00, 0x00, 0x00
.globl _sym_00be65cc
_sym_00be65cc:
.byte 0x22, 0x05, 0x93, 0x19, 0x04, 0x00, 0x00, 0x00
.long _sym_00be65ac
.byte 0x00, 0x00, 0x00, 0x00, 0x00, 0x00, 0x00, 0x00, 0x00, 0x00, 0x00, 0x00, 0x00, 0x00, 0x00, 0x00
.byte 0x00, 0x00, 0x00, 0x00, 0x01, 0x00, 0x00, 0x00
.globl _sym_00be65f0
_sym_00be65f0:
.byte 0xff, 0xff, 0xff, 0xff
.long _sym_00abf300
.byte 0xff, 0xff, 0xff, 0xff, 0x00, 0x00, 0x00, 0x00, 0xff, 0xff, 0xff, 0xff, 0x00, 0x00, 0x00, 0x00
.byte 0xff, 0xff, 0xff, 0xff, 0x00, 0x00, 0x00, 0x00
.globl _sym_00be6610
_sym_00be6610:
.byte 0x22, 0x05, 0x93, 0x19, 0x04, 0x00, 0x00, 0x00
.long _sym_00be65f0
.byte 0x00, 0x00, 0x00, 0x00, 0x00, 0x00, 0x00, 0x00, 0x00, 0x00, 0x00, 0x00, 0x00, 0x00, 0x00, 0x00
.byte 0x00, 0x00, 0x00, 0x00, 0x01, 0x00, 0x00, 0x00
.globl _sym_00be6634
_sym_00be6634:
.byte 0xff, 0xff, 0xff, 0xff
.long _sym_00abf6b0
.byte 0xff, 0xff, 0xff, 0xff, 0x00, 0x00, 0x00, 0x00, 0xff, 0xff, 0xff, 0xff, 0x00, 0x00, 0x00, 0x00
.byte 0xff, 0xff, 0xff, 0xff, 0x00, 0x00, 0x00, 0x00
.globl _sym_00be6654
_sym_00be6654:
.byte 0x22, 0x05, 0x93, 0x19, 0x04, 0x00, 0x00, 0x00
.long _sym_00be6634
.byte 0x00, 0x00, 0x00, 0x00, 0x00, 0x00, 0x00, 0x00, 0x00, 0x00, 0x00, 0x00, 0x00, 0x00, 0x00, 0x00
.byte 0x00, 0x00, 0x00, 0x00, 0x01, 0x00, 0x00, 0x00
.globl _sym_00be6678
_sym_00be6678:
.byte 0xff, 0xff, 0xff, 0xff
.long _sym_00abf650
.byte 0xff, 0xff, 0xff, 0xff, 0x00, 0x00, 0x00, 0x00, 0xff, 0xff, 0xff, 0xff, 0x00, 0x00, 0x00, 0x00
.byte 0xff, 0xff, 0xff, 0xff, 0x00, 0x00, 0x00, 0x00
.globl _sym_00be6698
_sym_00be6698:
.byte 0x22, 0x05, 0x93, 0x19, 0x04, 0x00, 0x00, 0x00
.long _sym_00be6678
.byte 0x00, 0x00, 0x00, 0x00, 0x00, 0x00, 0x00, 0x00, 0x00, 0x00, 0x00, 0x00, 0x00, 0x00, 0x00, 0x00
.byte 0x00, 0x00, 0x00, 0x00, 0x01, 0x00, 0x00, 0x00
.globl _sym_00be66bc
_sym_00be66bc:
.byte 0xff, 0xff, 0xff, 0xff
.long _sym_00abf800
.byte 0xff, 0xff, 0xff, 0xff
.long _sym_00abf80e
.byte 0xff, 0xff, 0xff, 0xff
.long _sym_00abf81c
.byte 0xff, 0xff, 0xff, 0xff
.long _sym_00abf82a
.globl _sym_00be66dc
_sym_00be66dc:
.byte 0x22, 0x05, 0x93, 0x19, 0x04, 0x00, 0x00, 0x00
.long _sym_00be66bc
.byte 0x00, 0x00, 0x00, 0x00, 0x00, 0x00, 0x00, 0x00, 0x00, 0x00, 0x00, 0x00, 0x00, 0x00, 0x00, 0x00
.byte 0x00, 0x00, 0x00, 0x00, 0x01, 0x00, 0x00, 0x00
.globl _sym_00be6700
_sym_00be6700:
.byte 0xff, 0xff, 0xff, 0xff
.long _sym_00abf7a0
.globl _sym_00be6708
_sym_00be6708:
.byte 0x22, 0x05, 0x93, 0x19, 0x01, 0x00, 0x00, 0x00
.long _sym_00be6700
.byte 0x00, 0x00, 0x00, 0x00, 0x00, 0x00, 0x00, 0x00, 0x00, 0x00, 0x00, 0x00, 0x00, 0x00, 0x00, 0x00
.byte 0x00, 0x00, 0x00, 0x00, 0x01, 0x00, 0x00, 0x00
.globl _sym_00be672c
_sym_00be672c:
.byte 0xff, 0xff, 0xff, 0xff
.long _sym_00abf7d0
.globl _sym_00be6734
_sym_00be6734:
.byte 0x22, 0x05, 0x93, 0x19, 0x01, 0x00, 0x00, 0x00
.long _sym_00be672c
.byte 0x00, 0x00, 0x00, 0x00, 0x00, 0x00, 0x00, 0x00, 0x00, 0x00, 0x00, 0x00, 0x00, 0x00, 0x00, 0x00
.byte 0x00, 0x00, 0x00, 0x00, 0x01, 0x00, 0x00, 0x00
.globl _sym_00be6758
_sym_00be6758:
.byte 0xff, 0xff, 0xff, 0xff
.long _sym_00abf950
.byte 0xff, 0xff, 0xff, 0xff
.long _sym_00abf95e
.byte 0xff, 0xff, 0xff, 0xff
.long _sym_00abf96c
.globl _sym_00be6770
_sym_00be6770:
.byte 0x22, 0x05, 0x93, 0x19, 0x03, 0x00, 0x00, 0x00
.long _sym_00be6758
.byte 0x00, 0x00, 0x00, 0x00, 0x00, 0x00, 0x00, 0x00, 0x00, 0x00, 0x00, 0x00, 0x00, 0x00, 0x00, 0x00
.byte 0x00, 0x00, 0x00, 0x00, 0x01, 0x00, 0x00, 0x00
.globl _sym_00be6794
_sym_00be6794:
.byte 0xff, 0xff, 0xff, 0xff
.long _sym_00abf9e0
.byte 0x00, 0x00, 0x00, 0x00
.long _sym_00abf9e8
.globl _sym_00be67a4
_sym_00be67a4:
.byte 0x22, 0x05, 0x93, 0x19, 0x02, 0x00, 0x00, 0x00
.long _sym_00be6794
.byte 0x00, 0x00, 0x00, 0x00, 0x00, 0x00, 0x00, 0x00, 0x00, 0x00, 0x00, 0x00, 0x00, 0x00, 0x00, 0x00
.byte 0x00, 0x00, 0x00, 0x00, 0x01, 0x00, 0x00, 0x00
.globl _sym_00be67c8
_sym_00be67c8:
.byte 0xff, 0xff, 0xff, 0xff
.long _sym_00abf860
.globl _sym_00be67d0
_sym_00be67d0:
.byte 0x22, 0x05, 0x93, 0x19, 0x01, 0x00, 0x00, 0x00
.long _sym_00be67c8
.byte 0x00, 0x00, 0x00, 0x00, 0x00, 0x00, 0x00, 0x00, 0x00, 0x00, 0x00, 0x00, 0x00, 0x00, 0x00, 0x00
.byte 0x00, 0x00, 0x00, 0x00, 0x01, 0x00, 0x00, 0x00
.globl _sym_00be67f4
_sym_00be67f4:
.byte 0xff, 0xff, 0xff, 0xff
.long _sym_00abf9a0
.byte 0x00, 0x00, 0x00, 0x00
.long _sym_00abf9b1
.byte 0x01, 0x00, 0x00, 0x00
.long _sym_00abf9b9
.globl _sym_00be680c
_sym_00be680c:
.byte 0x22, 0x05, 0x93, 0x19, 0x03, 0x00, 0x00, 0x00
.long _sym_00be67f4
.byte 0x00, 0x00, 0x00, 0x00, 0x00, 0x00, 0x00, 0x00, 0x00, 0x00, 0x00, 0x00, 0x00, 0x00, 0x00, 0x00
.byte 0x00, 0x00, 0x00, 0x00, 0x01, 0x00, 0x00, 0x00
.globl _sym_00be6830
_sym_00be6830:
.byte 0xff, 0xff, 0xff, 0xff
.long _sym_00abf890
.byte 0x00, 0x00, 0x00, 0x00
.long _sym_00abf898
.globl _sym_00be6840
_sym_00be6840:
.byte 0x22, 0x05, 0x93, 0x19, 0x02, 0x00, 0x00, 0x00
.long _sym_00be6830
.byte 0x00, 0x00, 0x00, 0x00, 0x00, 0x00, 0x00, 0x00, 0x00, 0x00, 0x00, 0x00, 0x00, 0x00, 0x00, 0x00
.byte 0x00, 0x00, 0x00, 0x00, 0x01, 0x00, 0x00, 0x00
.globl _sym_00be6864
_sym_00be6864:
.byte 0xff, 0xff, 0xff, 0xff
.long _sym_00abf8c0
.byte 0x00, 0x00, 0x00, 0x00
.long _sym_00abf8c8
.globl _sym_00be6874
_sym_00be6874:
.byte 0x22, 0x05, 0x93, 0x19, 0x02, 0x00, 0x00, 0x00
.long _sym_00be6864
.byte 0x00, 0x00, 0x00, 0x00, 0x00, 0x00, 0x00, 0x00, 0x00, 0x00, 0x00, 0x00, 0x00, 0x00, 0x00, 0x00
.byte 0x00, 0x00, 0x00, 0x00, 0x01, 0x00, 0x00, 0x00
.globl _sym_00be6898
_sym_00be6898:
.byte 0xff, 0xff, 0xff, 0xff
.long _sym_00abf8f0
.byte 0x00, 0x00, 0x00, 0x00
.long _sym_00abf8f8
.globl _sym_00be68a8
_sym_00be68a8:
.byte 0x22, 0x05, 0x93, 0x19, 0x02, 0x00, 0x00, 0x00
.long _sym_00be6898
.byte 0x00, 0x00, 0x00, 0x00, 0x00, 0x00, 0x00, 0x00, 0x00, 0x00, 0x00, 0x00, 0x00, 0x00, 0x00, 0x00
.byte 0x00, 0x00, 0x00, 0x00, 0x01, 0x00, 0x00, 0x00
.globl _sym_00be68cc
_sym_00be68cc:
.byte 0xff, 0xff, 0xff, 0xff
.long _sym_00abf920
.globl _sym_00be68d4
_sym_00be68d4:
.byte 0x22, 0x05, 0x93, 0x19, 0x01, 0x00, 0x00, 0x00
.long _sym_00be68cc
.byte 0x00, 0x00, 0x00, 0x00, 0x00, 0x00, 0x00, 0x00, 0x00, 0x00, 0x00, 0x00, 0x00, 0x00, 0x00, 0x00
.byte 0x00, 0x00, 0x00, 0x00, 0x01, 0x00, 0x00, 0x00
.globl _sym_00be68f8
_sym_00be68f8:
.byte 0xff, 0xff, 0xff, 0xff
.long _sym_00abfa70
.byte 0xff, 0xff, 0xff, 0xff
.long _sym_00abfa7e
.byte 0xff, 0xff, 0xff, 0xff
.long _sym_00abfa8c
.globl _sym_00be6910
_sym_00be6910:
.byte 0x22, 0x05, 0x93, 0x19, 0x03, 0x00, 0x00, 0x00
.long _sym_00be68f8
.byte 0x00, 0x00, 0x00, 0x00, 0x00, 0x00, 0x00, 0x00, 0x00, 0x00, 0x00, 0x00, 0x00, 0x00, 0x00, 0x00
.byte 0x00, 0x00, 0x00, 0x00, 0x01, 0x00, 0x00, 0x00
.globl _sym_00be6934
_sym_00be6934:
.byte 0xff, 0xff, 0xff, 0xff
.long _sym_00abfa10
.globl _sym_00be693c
_sym_00be693c:
.byte 0x22, 0x05, 0x93, 0x19, 0x01, 0x00, 0x00, 0x00
.long _sym_00be6934
.byte 0x00, 0x00, 0x00, 0x00, 0x00, 0x00, 0x00, 0x00, 0x00, 0x00, 0x00, 0x00, 0x00, 0x00, 0x00, 0x00
.byte 0x00, 0x00, 0x00, 0x00, 0x01, 0x00, 0x00, 0x00
.globl _sym_00be6960
_sym_00be6960:
.byte 0xff, 0xff, 0xff, 0xff
.long _sym_00abfac0
.globl _sym_00be6968
_sym_00be6968:
.byte 0x22, 0x05, 0x93, 0x19, 0x01, 0x00, 0x00, 0x00
.long _sym_00be6960
.byte 0x00, 0x00, 0x00, 0x00, 0x00, 0x00, 0x00, 0x00, 0x00, 0x00, 0x00, 0x00, 0x00, 0x00, 0x00, 0x00
.byte 0x00, 0x00, 0x00, 0x00, 0x01, 0x00, 0x00, 0x00
.globl _sym_00be698c
_sym_00be698c:
.byte 0xff, 0xff, 0xff, 0xff
.long _sym_00abfa40
.globl _sym_00be6994
_sym_00be6994:
.byte 0x22, 0x05, 0x93, 0x19, 0x01, 0x00, 0x00, 0x00
.long _sym_00be698c
.byte 0x00, 0x00, 0x00, 0x00, 0x00, 0x00, 0x00, 0x00, 0x00, 0x00, 0x00, 0x00, 0x00, 0x00, 0x00, 0x00
.byte 0x00, 0x00, 0x00, 0x00, 0x01, 0x00, 0x00, 0x00
.globl _sym_00be69b8
_sym_00be69b8:
.byte 0xff, 0xff, 0xff, 0xff
.long _sym_00abfbb0
.byte 0xff, 0xff, 0xff, 0xff
.long _sym_00abfbbe
.globl _sym_00be69c8
_sym_00be69c8:
.byte 0x22, 0x05, 0x93, 0x19, 0x02, 0x00, 0x00, 0x00
.long _sym_00be69b8
.byte 0x00, 0x00, 0x00, 0x00, 0x00, 0x00, 0x00, 0x00, 0x00, 0x00, 0x00, 0x00, 0x00, 0x00, 0x00, 0x00
.byte 0x00, 0x00, 0x00, 0x00, 0x01, 0x00, 0x00, 0x00
.globl _sym_00be69ec
_sym_00be69ec:
.byte 0xff, 0xff, 0xff, 0xff
.long _sym_00abfaf0
.globl _sym_00be69f4
_sym_00be69f4:
.byte 0x22, 0x05, 0x93, 0x19, 0x01, 0x00, 0x00, 0x00
.long _sym_00be69ec
.byte 0x00, 0x00, 0x00, 0x00, 0x00, 0x00, 0x00, 0x00, 0x00, 0x00, 0x00, 0x00, 0x00, 0x00, 0x00, 0x00
.byte 0x00, 0x00, 0x00, 0x00, 0x01, 0x00, 0x00, 0x00
.globl _sym_00be6a18
_sym_00be6a18:
.byte 0xff, 0xff, 0xff, 0xff
.long _sym_00abfb20
.globl _sym_00be6a20
_sym_00be6a20:
.byte 0x22, 0x05, 0x93, 0x19, 0x01, 0x00, 0x00, 0x00
.long _sym_00be6a18
.byte 0x00, 0x00, 0x00, 0x00, 0x00, 0x00, 0x00, 0x00, 0x00, 0x00, 0x00, 0x00, 0x00, 0x00, 0x00, 0x00
.byte 0x00, 0x00, 0x00, 0x00, 0x01, 0x00, 0x00, 0x00
.globl _sym_00be6a44
_sym_00be6a44:
.byte 0xff, 0xff, 0xff, 0xff
.long _sym_00abfbf0
.globl _sym_00be6a4c
_sym_00be6a4c:
.byte 0x22, 0x05, 0x93, 0x19, 0x01, 0x00, 0x00, 0x00
.long _sym_00be6a44
.byte 0x00, 0x00, 0x00, 0x00, 0x00, 0x00, 0x00, 0x00, 0x00, 0x00, 0x00, 0x00, 0x00, 0x00, 0x00, 0x00
.byte 0x00, 0x00, 0x00, 0x00, 0x01, 0x00, 0x00, 0x00
.globl _sym_00be6a70
_sym_00be6a70:
.byte 0xff, 0xff, 0xff, 0xff
.long _sym_00abfb50
.globl _sym_00be6a78
_sym_00be6a78:
.byte 0x22, 0x05, 0x93, 0x19, 0x01, 0x00, 0x00, 0x00
.long _sym_00be6a70
.byte 0x00, 0x00, 0x00, 0x00, 0x00, 0x00, 0x00, 0x00, 0x00, 0x00, 0x00, 0x00, 0x00, 0x00, 0x00, 0x00
.byte 0x00, 0x00, 0x00, 0x00, 0x01, 0x00, 0x00, 0x00
.globl _sym_00be6a9c
_sym_00be6a9c:
.byte 0xff, 0xff, 0xff, 0xff
.long _sym_00abfb80
.globl _sym_00be6aa4
_sym_00be6aa4:
.byte 0x22, 0x05, 0x93, 0x19, 0x01, 0x00, 0x00, 0x00
.long _sym_00be6a9c
.byte 0x00, 0x00, 0x00, 0x00, 0x00, 0x00, 0x00, 0x00, 0x00, 0x00, 0x00, 0x00, 0x00, 0x00, 0x00, 0x00
.byte 0x00, 0x00, 0x00, 0x00, 0x01, 0x00, 0x00, 0x00
.globl _sym_00be6ac8
_sym_00be6ac8:
.byte 0x22, 0x05, 0x93, 0x19, 0x08, 0x00, 0x00, 0x00
.long _sym_00be6aec
.byte 0x00, 0x00, 0x00, 0x00, 0x00, 0x00, 0x00, 0x00, 0x00, 0x00, 0x00, 0x00, 0x00, 0x00, 0x00, 0x00
.byte 0x00, 0x00, 0x00, 0x00, 0x01, 0x00, 0x00, 0x00
.globl _sym_00be6aec
_sym_00be6aec:
.byte 0xff, 0xff, 0xff, 0xff
.long _sym_00abfcc0
.byte 0xff, 0xff, 0xff, 0xff
.long _sym_00abfcce
.byte 0xff, 0xff, 0xff, 0xff
.long _sym_00abfcdc
.byte 0xff, 0xff, 0xff, 0xff
.long _sym_00abfcea
.byte 0xff, 0xff, 0xff, 0xff
.long _sym_00abfcf8
.byte 0xff, 0xff, 0xff, 0xff
.long _sym_00abfd06
.byte 0xff, 0xff, 0xff, 0xff
.long _sym_00abfd14
.byte 0xff, 0xff, 0xff, 0xff
.long _sym_00abfd22
.globl _sym_00be6b2c
_sym_00be6b2c:
.byte 0xff, 0xff, 0xff, 0xff
.long _sym_00abfc20
.globl _sym_00be6b34
_sym_00be6b34:
.byte 0x22, 0x05, 0x93, 0x19, 0x01, 0x00, 0x00, 0x00
.long _sym_00be6b2c
.byte 0x00, 0x00, 0x00, 0x00, 0x00, 0x00, 0x00, 0x00, 0x00, 0x00, 0x00, 0x00, 0x00, 0x00, 0x00, 0x00
.byte 0x00, 0x00, 0x00, 0x00, 0x01, 0x00, 0x00, 0x00
.globl _sym_00be6b58
_sym_00be6b58:
.byte 0xff, 0xff, 0xff, 0xff
.long _sym_00abfd50
.globl _sym_00be6b60
_sym_00be6b60:
.byte 0x22, 0x05, 0x93, 0x19, 0x01, 0x00, 0x00, 0x00
.long _sym_00be6b58
.byte 0x00, 0x00, 0x00, 0x00, 0x00, 0x00, 0x00, 0x00, 0x00, 0x00, 0x00, 0x00, 0x00, 0x00, 0x00, 0x00
.byte 0x00, 0x00, 0x00, 0x00, 0x01, 0x00, 0x00, 0x00
.globl _sym_00be6b84
_sym_00be6b84:
.byte 0xff, 0xff, 0xff, 0xff
.long _sym_00abfc50
.byte 0x00, 0x00, 0x00, 0x00
.long _sym_00abfc58
.byte 0x01, 0x00, 0x00, 0x00
.long _sym_00abfc63
.globl _sym_00be6b9c
_sym_00be6b9c:
.byte 0x22, 0x05, 0x93, 0x19, 0x03, 0x00, 0x00, 0x00
.long _sym_00be6b84
.byte 0x00, 0x00, 0x00, 0x00, 0x00, 0x00, 0x00, 0x00, 0x00, 0x00, 0x00, 0x00, 0x00, 0x00, 0x00, 0x00
.byte 0x00, 0x00, 0x00, 0x00, 0x01, 0x00, 0x00, 0x00
.globl _sym_00be6bc0
_sym_00be6bc0:
.byte 0xff, 0xff, 0xff, 0xff
.long _sym_00abfc90
.globl _sym_00be6bc8
_sym_00be6bc8:
.byte 0x22, 0x05, 0x93, 0x19, 0x01, 0x00, 0x00, 0x00
.long _sym_00be6bc0
.byte 0x00, 0x00, 0x00, 0x00, 0x00, 0x00, 0x00, 0x00, 0x00, 0x00, 0x00, 0x00, 0x00, 0x00, 0x00, 0x00
.byte 0x00, 0x00, 0x00, 0x00, 0x01, 0x00, 0x00, 0x00
.globl _sym_00be6bec
_sym_00be6bec:
.byte 0xff, 0xff, 0xff, 0xff
.long _sym_00abfe40
.byte 0xff, 0xff, 0xff, 0xff
.long _sym_00abfe4e
.byte 0xff, 0xff, 0xff, 0xff
.long _sym_00abfe5c
.byte 0xff, 0xff, 0xff, 0xff
.long _sym_00abfe6a
.globl _sym_00be6c0c
_sym_00be6c0c:
.byte 0x22, 0x05, 0x93, 0x19, 0x04, 0x00, 0x00, 0x00
.long _sym_00be6bec
.byte 0x00, 0x00, 0x00, 0x00, 0x00, 0x00, 0x00, 0x00, 0x00, 0x00, 0x00, 0x00, 0x00, 0x00, 0x00, 0x00
.byte 0x00, 0x00, 0x00, 0x00, 0x01, 0x00, 0x00, 0x00
.globl _sym_00be6c30
_sym_00be6c30:
.byte 0xff, 0xff, 0xff, 0xff
.long _sym_00abfd80
.globl _sym_00be6c38
_sym_00be6c38:
.byte 0x22, 0x05, 0x93, 0x19, 0x01, 0x00, 0x00, 0x00
.long _sym_00be6c30
.byte 0x00, 0x00, 0x00, 0x00, 0x00, 0x00, 0x00, 0x00, 0x00, 0x00, 0x00, 0x00, 0x00, 0x00, 0x00, 0x00
.byte 0x00, 0x00, 0x00, 0x00, 0x01, 0x00, 0x00, 0x00
.globl _sym_00be6c5c
_sym_00be6c5c:
.byte 0xff, 0xff, 0xff, 0xff
.long _sym_00abfea0
.globl _sym_00be6c64
_sym_00be6c64:
.byte 0x22, 0x05, 0x93, 0x19, 0x01, 0x00, 0x00, 0x00
.long _sym_00be6c5c
.byte 0x00, 0x00, 0x00, 0x00, 0x00, 0x00, 0x00, 0x00, 0x00, 0x00, 0x00, 0x00, 0x00, 0x00, 0x00, 0x00
.byte 0x00, 0x00, 0x00, 0x00, 0x01, 0x00, 0x00, 0x00
.globl _sym_00be6c88
_sym_00be6c88:
.byte 0xff, 0xff, 0xff, 0xff
.long _sym_00abfdb0
.globl _sym_00be6c90
_sym_00be6c90:
.byte 0x22, 0x05, 0x93, 0x19, 0x01, 0x00, 0x00, 0x00
.long _sym_00be6c88
.byte 0x00, 0x00, 0x00, 0x00, 0x00, 0x00, 0x00, 0x00, 0x00, 0x00, 0x00, 0x00, 0x00, 0x00, 0x00, 0x00
.byte 0x00, 0x00, 0x00, 0x00, 0x01, 0x00, 0x00, 0x00
.globl _sym_00be6cb4
_sym_00be6cb4:
.byte 0xff, 0xff, 0xff, 0xff
.long _sym_00abfde0
.globl _sym_00be6cbc
_sym_00be6cbc:
.byte 0x22, 0x05, 0x93, 0x19, 0x01, 0x00, 0x00, 0x00
.long _sym_00be6cb4
.byte 0x00, 0x00, 0x00, 0x00, 0x00, 0x00, 0x00, 0x00, 0x00, 0x00, 0x00, 0x00, 0x00, 0x00, 0x00, 0x00
.byte 0x00, 0x00, 0x00, 0x00, 0x01, 0x00, 0x00, 0x00
.globl _sym_00be6ce0
_sym_00be6ce0:
.byte 0xff, 0xff, 0xff, 0xff
.long _sym_00abfe10
.globl _sym_00be6ce8
_sym_00be6ce8:
.byte 0x22, 0x05, 0x93, 0x19, 0x01, 0x00, 0x00, 0x00
.long _sym_00be6ce0
.byte 0x00, 0x00, 0x00, 0x00, 0x00, 0x00, 0x00, 0x00, 0x00, 0x00, 0x00, 0x00, 0x00, 0x00, 0x00, 0x00
.byte 0x00, 0x00, 0x00, 0x00, 0x01, 0x00, 0x00, 0x00
.globl _sym_00be6d0c
_sym_00be6d0c:
.byte 0xff, 0xff, 0xff, 0xff
.long _sym_00abff30
.byte 0xff, 0xff, 0xff, 0xff
.long _sym_00abff3e
.byte 0xff, 0xff, 0xff, 0xff
.long _sym_00abff4c
.byte 0xff, 0xff, 0xff, 0xff
.long _sym_00abff5a
.globl _sym_00be6d2c
_sym_00be6d2c:
.byte 0x22, 0x05, 0x93, 0x19, 0x04, 0x00, 0x00, 0x00
.long _sym_00be6d0c
.byte 0x00, 0x00, 0x00, 0x00, 0x00, 0x00, 0x00, 0x00, 0x00, 0x00, 0x00, 0x00, 0x00, 0x00, 0x00, 0x00
.byte 0x00, 0x00, 0x00, 0x00, 0x01, 0x00, 0x00, 0x00
.globl _sym_00be6d50
_sym_00be6d50:
.byte 0xff, 0xff, 0xff, 0xff
.long _sym_00abfed0
.globl _sym_00be6d58
_sym_00be6d58:
.byte 0x22, 0x05, 0x93, 0x19, 0x01, 0x00, 0x00, 0x00
.long _sym_00be6d50
.byte 0x00, 0x00, 0x00, 0x00, 0x00, 0x00, 0x00, 0x00, 0x00, 0x00, 0x00, 0x00, 0x00, 0x00, 0x00, 0x00
.byte 0x00, 0x00, 0x00, 0x00, 0x01, 0x00, 0x00, 0x00
.globl _sym_00be6d7c
_sym_00be6d7c:
.byte 0xff, 0xff, 0xff, 0xff
.long _sym_00abff90
.globl _sym_00be6d84
_sym_00be6d84:
.byte 0x22, 0x05, 0x93, 0x19, 0x01, 0x00, 0x00, 0x00
.long _sym_00be6d7c
.byte 0x00, 0x00, 0x00, 0x00, 0x00, 0x00, 0x00, 0x00, 0x00, 0x00, 0x00, 0x00, 0x00, 0x00, 0x00, 0x00
.byte 0x00, 0x00, 0x00, 0x00, 0x01, 0x00, 0x00, 0x00
.globl _sym_00be6da8
_sym_00be6da8:
.byte 0xff, 0xff, 0xff, 0xff
.long _sym_00abff00
.globl _sym_00be6db0
_sym_00be6db0:
.byte 0x22, 0x05, 0x93, 0x19, 0x01, 0x00, 0x00, 0x00
.long _sym_00be6da8
.byte 0x00, 0x00, 0x00, 0x00, 0x00, 0x00, 0x00, 0x00, 0x00, 0x00, 0x00, 0x00, 0x00, 0x00, 0x00, 0x00
.byte 0x00, 0x00, 0x00, 0x00, 0x01, 0x00, 0x00, 0x00
.globl _sym_00be6dd4
_sym_00be6dd4:
.byte 0x22, 0x05, 0x93, 0x19, 0x0f, 0x00, 0x00, 0x00
.long _sym_00be6df8
.byte 0x00, 0x00, 0x00, 0x00, 0x00, 0x00, 0x00, 0x00, 0x00, 0x00, 0x00, 0x00, 0x00, 0x00, 0x00, 0x00
.byte 0x00, 0x00, 0x00, 0x00, 0x01, 0x00, 0x00, 0x00
.globl _sym_00be6df8
_sym_00be6df8:
.byte 0xff, 0xff, 0xff, 0xff
.long _sym_00ac0080
.byte 0xff, 0xff, 0xff, 0xff
.long _sym_00ac008e
.byte 0xff, 0xff, 0xff, 0xff
.long _sym_00ac009c
.byte 0xff, 0xff, 0xff, 0xff
.long _sym_00ac00aa
.byte 0xff, 0xff, 0xff, 0xff
.long _sym_00ac00b8
.byte 0xff, 0xff, 0xff, 0xff
.long _sym_00ac00c6
.byte 0xff, 0xff, 0xff, 0xff
.long _sym_00ac00d4
.byte 0xff, 0xff, 0xff, 0xff
.long _sym_00ac00e2
.byte 0xff, 0xff, 0xff, 0xff
.long _sym_00ac00f2
.byte 0xff, 0xff, 0xff, 0xff
.long _sym_00ac0102
.byte 0xff, 0xff, 0xff, 0xff
.long _sym_00ac0112
.byte 0xff, 0xff, 0xff, 0xff
.long _sym_00ac0122
.byte 0xff, 0xff, 0xff, 0xff
.long _sym_00ac0132
.byte 0xff, 0xff, 0xff, 0xff
.long _sym_00ac0142
.byte 0xff, 0xff, 0xff, 0xff
.long _sym_00ac0152
.globl _sym_00be6e70
_sym_00be6e70:
.byte 0xff, 0xff, 0xff, 0xff
.long _sym_00abffc0
.globl _sym_00be6e78
_sym_00be6e78:
.byte 0x22, 0x05, 0x93, 0x19, 0x01, 0x00, 0x00, 0x00
.long _sym_00be6e70
.byte 0x00, 0x00, 0x00, 0x00, 0x00, 0x00, 0x00, 0x00, 0x00, 0x00, 0x00, 0x00, 0x00, 0x00, 0x00, 0x00
.byte 0x00, 0x00, 0x00, 0x00, 0x01, 0x00, 0x00, 0x00
.globl _sym_00be6e9c
_sym_00be6e9c:
.byte 0xff, 0xff, 0xff, 0xff
.long _sym_00ac0180
.globl _sym_00be6ea4
_sym_00be6ea4:
.byte 0x22, 0x05, 0x93, 0x19, 0x01, 0x00, 0x00, 0x00
.long _sym_00be6e9c
.byte 0x00, 0x00, 0x00, 0x00, 0x00, 0x00, 0x00, 0x00, 0x00, 0x00, 0x00, 0x00, 0x00, 0x00, 0x00, 0x00
.byte 0x00, 0x00, 0x00, 0x00, 0x01, 0x00, 0x00, 0x00
.globl _sym_00be6ec8
_sym_00be6ec8:
.byte 0xff, 0xff, 0xff, 0xff
.long _sym_00abfff0
.byte 0x00, 0x00, 0x00, 0x00
.long _sym_00abfff8
.globl _sym_00be6ed8
_sym_00be6ed8:
.byte 0x22, 0x05, 0x93, 0x19, 0x02, 0x00, 0x00, 0x00
.long _sym_00be6ec8
.byte 0x00, 0x00, 0x00, 0x00, 0x00, 0x00, 0x00, 0x00, 0x00, 0x00, 0x00, 0x00, 0x00, 0x00, 0x00, 0x00
.byte 0x00, 0x00, 0x00, 0x00, 0x01, 0x00, 0x00, 0x00
.globl _sym_00be6efc
_sym_00be6efc:
.byte 0xff, 0xff, 0xff, 0xff
.long _sym_00ac0020
.byte 0x00, 0x00, 0x00, 0x00
.long _sym_00ac0028
.globl _sym_00be6f0c
_sym_00be6f0c:
.byte 0x22, 0x05, 0x93, 0x19, 0x02, 0x00, 0x00, 0x00
.long _sym_00be6efc
.byte 0x00, 0x00, 0x00, 0x00, 0x00, 0x00, 0x00, 0x00, 0x00, 0x00, 0x00, 0x00, 0x00, 0x00, 0x00, 0x00
.byte 0x00, 0x00, 0x00, 0x00, 0x01, 0x00, 0x00, 0x00
.globl _sym_00be6f30
_sym_00be6f30:
.byte 0xff, 0xff, 0xff, 0xff
.long _sym_00ac0050
.globl _sym_00be6f38
_sym_00be6f38:
.byte 0x22, 0x05, 0x93, 0x19, 0x01, 0x00, 0x00, 0x00
.long _sym_00be6f30
.byte 0x00, 0x00, 0x00, 0x00, 0x00, 0x00, 0x00, 0x00, 0x00, 0x00, 0x00, 0x00, 0x00, 0x00, 0x00, 0x00
.byte 0x00, 0x00, 0x00, 0x00, 0x01, 0x00, 0x00, 0x00
.globl _sym_00be6f5c
_sym_00be6f5c:
.byte 0xff, 0xff, 0xff, 0xff
.long _sym_00ac01b0
.globl _sym_00be6f64
_sym_00be6f64:
.byte 0x22, 0x05, 0x93, 0x19, 0x01, 0x00, 0x00, 0x00
.long _sym_00be6f5c
.byte 0x00, 0x00, 0x00, 0x00, 0x00, 0x00, 0x00, 0x00, 0x00, 0x00, 0x00, 0x00, 0x00, 0x00, 0x00, 0x00
.byte 0x00, 0x00, 0x00, 0x00, 0x01, 0x00, 0x00, 0x00
.globl _sym_00be6f88
_sym_00be6f88:
.byte 0xff, 0xff, 0xff, 0xff
.long _sym_00ac01e0
.globl _sym_00be6f90
_sym_00be6f90:
.byte 0x22, 0x05, 0x93, 0x19, 0x01, 0x00, 0x00, 0x00
.long _sym_00be6f88
.byte 0x00, 0x00, 0x00, 0x00, 0x00, 0x00, 0x00, 0x00, 0x00, 0x00, 0x00, 0x00, 0x00, 0x00, 0x00, 0x00
.byte 0x00, 0x00, 0x00, 0x00, 0x01, 0x00, 0x00, 0x00
.globl _sym_00be6fb4
_sym_00be6fb4:
.byte 0xff, 0xff, 0xff, 0xff
.long _sym_00ac0210
.globl _sym_00be6fbc
_sym_00be6fbc:
.byte 0x22, 0x05, 0x93, 0x19, 0x01, 0x00, 0x00, 0x00
.long _sym_00be6fb4
.byte 0x00, 0x00, 0x00, 0x00, 0x00, 0x00, 0x00, 0x00, 0x00, 0x00, 0x00, 0x00, 0x00, 0x00, 0x00, 0x00
.byte 0x00, 0x00, 0x00, 0x00, 0x01, 0x00, 0x00, 0x00
.globl _sym_00be6fe0
_sym_00be6fe0:
.byte 0x22, 0x05, 0x93, 0x19, 0x11, 0x00, 0x00, 0x00
.long _sym_00be7004
.byte 0x00, 0x00, 0x00, 0x00, 0x00, 0x00, 0x00, 0x00, 0x00, 0x00, 0x00, 0x00, 0x00, 0x00, 0x00, 0x00
.byte 0x00, 0x00, 0x00, 0x00, 0x01, 0x00, 0x00, 0x00
.globl _sym_00be7004
_sym_00be7004:
.byte 0xff, 0xff, 0xff, 0xff
.long _sym_00ac0360
.byte 0xff, 0xff, 0xff, 0xff
.long _sym_00ac036e
.byte 0xff, 0xff, 0xff, 0xff
.long _sym_00ac037c
.byte 0xff, 0xff, 0xff, 0xff
.long _sym_00ac038a
.byte 0xff, 0xff, 0xff, 0xff
.long _sym_00ac0398
.byte 0xff, 0xff, 0xff, 0xff
.long _sym_00ac03a6
.byte 0xff, 0xff, 0xff, 0xff
.long _sym_00ac03b4
.byte 0xff, 0xff, 0xff, 0xff
.long _sym_00ac03c2
.byte 0xff, 0xff, 0xff, 0xff
.long _sym_00ac03d2
.byte 0xff, 0xff, 0xff, 0xff
.long _sym_00ac03e2
.byte 0xff, 0xff, 0xff, 0xff
.long _sym_00ac03f2
.byte 0xff, 0xff, 0xff, 0xff
.long _sym_00ac0402
.byte 0xff, 0xff, 0xff, 0xff
.long _sym_00ac0412
.byte 0xff, 0xff, 0xff, 0xff
.long _sym_00ac0422
.byte 0xff, 0xff, 0xff, 0xff
.long _sym_00ac0432
.byte 0xff, 0xff, 0xff, 0xff
.long _sym_00ac0442
.byte 0xff, 0xff, 0xff, 0xff
.long _sym_00ac0452
.globl _sym_00be708c
_sym_00be708c:
.byte 0xff, 0xff, 0xff, 0xff
.long _sym_00ac04b0
.globl _sym_00be7094
_sym_00be7094:
.byte 0x22, 0x05, 0x93, 0x19, 0x01, 0x00, 0x00, 0x00
.long _sym_00be708c
.byte 0x00, 0x00, 0x00, 0x00, 0x00, 0x00, 0x00, 0x00, 0x00, 0x00, 0x00, 0x00, 0x00, 0x00, 0x00, 0x00
.byte 0x00, 0x00, 0x00, 0x00, 0x01, 0x00, 0x00, 0x00
.globl _sym_00be70b8
_sym_00be70b8:
.byte 0xff, 0xff, 0xff, 0xff
.long _sym_00ac0240
.globl _sym_00be70c0
_sym_00be70c0:
.byte 0x22, 0x05, 0x93, 0x19, 0x01, 0x00, 0x00, 0x00
.long _sym_00be70b8
.byte 0x00, 0x00, 0x00, 0x00, 0x00, 0x00, 0x00, 0x00, 0x00, 0x00, 0x00, 0x00, 0x00, 0x00, 0x00, 0x00
.byte 0x00, 0x00, 0x00, 0x00, 0x01, 0x00, 0x00, 0x00
.globl _sym_00be70e4
_sym_00be70e4:
.byte 0xff, 0xff, 0xff, 0xff
.long _sym_00ac0480
.globl _sym_00be70ec
_sym_00be70ec:
.byte 0x22, 0x05, 0x93, 0x19, 0x01, 0x00, 0x00, 0x00
.long _sym_00be70e4
.byte 0x00, 0x00, 0x00, 0x00, 0x00, 0x00, 0x00, 0x00, 0x00, 0x00, 0x00, 0x00, 0x00, 0x00, 0x00, 0x00
.byte 0x00, 0x00, 0x00, 0x00, 0x01, 0x00, 0x00, 0x00
.globl _sym_00be7110
_sym_00be7110:
.byte 0xff, 0xff, 0xff, 0xff
.long _sym_00ac0270
.byte 0x00, 0x00, 0x00, 0x00
.long _sym_00ac0278
.globl _sym_00be7120
_sym_00be7120:
.byte 0x22, 0x05, 0x93, 0x19, 0x02, 0x00, 0x00, 0x00
.long _sym_00be7110
.byte 0x00, 0x00, 0x00, 0x00, 0x00, 0x00, 0x00, 0x00, 0x00, 0x00, 0x00, 0x00, 0x00, 0x00, 0x00, 0x00
.byte 0x00, 0x00, 0x00, 0x00, 0x01, 0x00, 0x00, 0x00
.globl _sym_00be7144
_sym_00be7144:
.byte 0xff, 0xff, 0xff, 0xff
.long _sym_00ac02a0
.byte 0x00, 0x00, 0x00, 0x00
.long _sym_00ac02a8
.globl _sym_00be7154
_sym_00be7154:
.byte 0x22, 0x05, 0x93, 0x19, 0x02, 0x00, 0x00, 0x00
.long _sym_00be7144
.byte 0x00, 0x00, 0x00, 0x00, 0x00, 0x00, 0x00, 0x00, 0x00, 0x00, 0x00, 0x00, 0x00, 0x00, 0x00, 0x00
.byte 0x00, 0x00, 0x00, 0x00, 0x01, 0x00, 0x00, 0x00
.globl _sym_00be7178
_sym_00be7178:
.byte 0xff, 0xff, 0xff, 0xff
.long _sym_00ac02d0
.globl _sym_00be7180
_sym_00be7180:
.byte 0x22, 0x05, 0x93, 0x19, 0x01, 0x00, 0x00, 0x00
.long _sym_00be7178
.byte 0x00, 0x00, 0x00, 0x00, 0x00, 0x00, 0x00, 0x00, 0x00, 0x00, 0x00, 0x00, 0x00, 0x00, 0x00, 0x00
.byte 0x00, 0x00, 0x00, 0x00, 0x01, 0x00, 0x00, 0x00
.globl _sym_00be71a4
_sym_00be71a4:
.byte 0xff, 0xff, 0xff, 0xff
.long _sym_00ac0300
.globl _sym_00be71ac
_sym_00be71ac:
.byte 0x22, 0x05, 0x93, 0x19, 0x01, 0x00, 0x00, 0x00
.long _sym_00be71a4
.byte 0x00, 0x00, 0x00, 0x00, 0x00, 0x00, 0x00, 0x00, 0x00, 0x00, 0x00, 0x00, 0x00, 0x00, 0x00, 0x00
.byte 0x00, 0x00, 0x00, 0x00, 0x01, 0x00, 0x00, 0x00
.globl _sym_00be71d0
_sym_00be71d0:
.byte 0xff, 0xff, 0xff, 0xff
.long _sym_00ac0330
.globl _sym_00be71d8
_sym_00be71d8:
.byte 0x22, 0x05, 0x93, 0x19, 0x01, 0x00, 0x00, 0x00
.long _sym_00be71d0
.byte 0x00, 0x00, 0x00, 0x00, 0x00, 0x00, 0x00, 0x00, 0x00, 0x00, 0x00, 0x00, 0x00, 0x00, 0x00, 0x00
.byte 0x00, 0x00, 0x00, 0x00, 0x01, 0x00, 0x00, 0x00
.globl _sym_00be71fc
_sym_00be71fc:
.byte 0xff, 0xff, 0xff, 0xff
.long _sym_00ac0570
.globl _sym_00be7204
_sym_00be7204:
.byte 0x22, 0x05, 0x93, 0x19, 0x01, 0x00, 0x00, 0x00
.long _sym_00be71fc
.byte 0x00, 0x00, 0x00, 0x00, 0x00, 0x00, 0x00, 0x00, 0x00, 0x00, 0x00, 0x00, 0x00, 0x00, 0x00, 0x00
.byte 0x00, 0x00, 0x00, 0x00, 0x01, 0x00, 0x00, 0x00
.globl _sym_00be7228
_sym_00be7228:
.byte 0xff, 0xff, 0xff, 0xff
.long _sym_00ac0540
.globl _sym_00be7230
_sym_00be7230:
.byte 0x22, 0x05, 0x93, 0x19, 0x01, 0x00, 0x00, 0x00
.long _sym_00be7228
.byte 0x00, 0x00, 0x00, 0x00, 0x00, 0x00, 0x00, 0x00, 0x00, 0x00, 0x00, 0x00, 0x00, 0x00, 0x00, 0x00
.byte 0x00, 0x00, 0x00, 0x00, 0x01, 0x00, 0x00, 0x00
.globl _sym_00be7254
_sym_00be7254:
.byte 0xff, 0xff, 0xff, 0xff
.long _sym_00ac04e0
.globl _sym_00be725c
_sym_00be725c:
.byte 0x22, 0x05, 0x93, 0x19, 0x01, 0x00, 0x00, 0x00
.long _sym_00be7254
.byte 0x00, 0x00, 0x00, 0x00, 0x00, 0x00, 0x00, 0x00, 0x00, 0x00, 0x00, 0x00, 0x00, 0x00, 0x00, 0x00
.byte 0x00, 0x00, 0x00, 0x00, 0x01, 0x00, 0x00, 0x00
.globl _sym_00be7280
_sym_00be7280:
.byte 0xff, 0xff, 0xff, 0xff
.long _sym_00ac0510
.globl _sym_00be7288
_sym_00be7288:
.byte 0x22, 0x05, 0x93, 0x19, 0x01, 0x00, 0x00, 0x00
.long _sym_00be7280
.byte 0x00, 0x00, 0x00, 0x00, 0x00, 0x00, 0x00, 0x00, 0x00, 0x00, 0x00, 0x00, 0x00, 0x00, 0x00, 0x00
.byte 0x00, 0x00, 0x00, 0x00, 0x01, 0x00, 0x00, 0x00
.globl _sym_00be72ac
_sym_00be72ac:
.byte 0xff, 0xff, 0xff, 0xff
.long _sym_00ac0a20
.globl _sym_00be72b4
_sym_00be72b4:
.byte 0x22, 0x05, 0x93, 0x19, 0x01, 0x00, 0x00, 0x00
.long _sym_00be72ac
.byte 0x00, 0x00, 0x00, 0x00, 0x00, 0x00, 0x00, 0x00, 0x00, 0x00, 0x00, 0x00, 0x00, 0x00, 0x00, 0x00
.byte 0x00, 0x00, 0x00, 0x00, 0x01, 0x00, 0x00, 0x00
.globl _sym_00be72d8
_sym_00be72d8:
.byte 0x22, 0x05, 0x93, 0x19, 0x07, 0x00, 0x00, 0x00
.long _sym_00be72fc
.byte 0x00, 0x00, 0x00, 0x00, 0x00, 0x00, 0x00, 0x00, 0x00, 0x00, 0x00, 0x00, 0x00, 0x00, 0x00, 0x00
.byte 0x00, 0x00, 0x00, 0x00, 0x01, 0x00, 0x00, 0x00
.globl _sym_00be72fc
_sym_00be72fc:
.byte 0xff, 0xff, 0xff, 0xff
.long _sym_00ac0cc0
.byte 0x00, 0x00, 0x00, 0x00
.long _sym_00ac0cce
.byte 0x00, 0x00, 0x00, 0x00, 0x00, 0x00, 0x00, 0x00, 0x00, 0x00, 0x00, 0x00, 0x00, 0x00, 0x00, 0x00
.byte 0x00, 0x00, 0x00, 0x00, 0x00, 0x00, 0x00, 0x00, 0xff, 0xff, 0xff, 0xff
.long _sym_00ac0cdc
.byte 0xff, 0xff, 0xff, 0xff
.long _sym_00ac0cea
.globl _sym_00be7334
_sym_00be7334:
.byte 0xff, 0xff, 0xff, 0xff
.long _sym_00ac0a50
.globl _sym_00be733c
_sym_00be733c:
.byte 0x22, 0x05, 0x93, 0x19, 0x01, 0x00, 0x00, 0x00
.long _sym_00be7334
.byte 0x00, 0x00, 0x00, 0x00, 0x00, 0x00, 0x00, 0x00, 0x00, 0x00, 0x00, 0x00, 0x00, 0x00, 0x00, 0x00
.byte 0x00, 0x00, 0x00, 0x00, 0x01, 0x00, 0x00, 0x00
.globl _sym_00be7360
_sym_00be7360:
.byte 0xff, 0xff, 0xff, 0xff
.long _sym_00ac1470
.globl _sym_00be7368
_sym_00be7368:
.byte 0x22, 0x05, 0x93, 0x19, 0x01, 0x00, 0x00, 0x00
.long _sym_00be7360
.byte 0x00, 0x00, 0x00, 0x00, 0x00, 0x00, 0x00, 0x00, 0x00, 0x00, 0x00, 0x00, 0x00, 0x00, 0x00, 0x00
.byte 0x00, 0x00, 0x00, 0x00, 0x01, 0x00, 0x00, 0x00
.globl _sym_00be738c
_sym_00be738c:
.byte 0xff, 0xff, 0xff, 0xff
.long _sym_00ac0e30
.byte 0xff, 0xff, 0xff, 0xff
.long _sym_00ac0e3e
.byte 0xff, 0xff, 0xff, 0xff
.long _sym_00ac0e4c
.byte 0xff, 0xff, 0xff, 0xff
.long _sym_00ac0e5a
.globl _sym_00be73ac
_sym_00be73ac:
.byte 0x22, 0x05, 0x93, 0x19, 0x04, 0x00, 0x00, 0x00
.long _sym_00be738c
.byte 0x00, 0x00, 0x00, 0x00, 0x00, 0x00, 0x00, 0x00, 0x00, 0x00, 0x00, 0x00, 0x00, 0x00, 0x00, 0x00
.byte 0x00, 0x00, 0x00, 0x00, 0x01, 0x00, 0x00, 0x00
.globl _sym_00be73d0
_sym_00be73d0:
.byte 0xff, 0xff, 0xff, 0xff
.long _sym_00ac1040
.byte 0xff, 0xff, 0xff, 0xff, 0x00, 0x00, 0x00, 0x00, 0xff, 0xff, 0xff, 0xff, 0x00, 0x00, 0x00, 0x00
.byte 0xff, 0xff, 0xff, 0xff, 0x00, 0x00, 0x00, 0x00
.globl _sym_00be73f0
_sym_00be73f0:
.byte 0x22, 0x05, 0x93, 0x19, 0x04, 0x00, 0x00, 0x00
.long _sym_00be73d0
.byte 0x00, 0x00, 0x00, 0x00, 0x00, 0x00, 0x00, 0x00, 0x00, 0x00, 0x00, 0x00, 0x00, 0x00, 0x00, 0x00
.byte 0x00, 0x00, 0x00, 0x00, 0x01, 0x00, 0x00, 0x00
.globl _sym_00be7414
_sym_00be7414:
.byte 0xff, 0xff, 0xff, 0xff
.long _sym_00ac13f0
.byte 0x00, 0x00, 0x00, 0x00
.long _sym_00ac13f8
.globl _sym_00be7424
_sym_00be7424:
.byte 0x22, 0x05, 0x93, 0x19, 0x02, 0x00, 0x00, 0x00
.long _sym_00be7414
.byte 0x00, 0x00, 0x00, 0x00, 0x00, 0x00, 0x00, 0x00, 0x00, 0x00, 0x00, 0x00, 0x00, 0x00, 0x00, 0x00
.byte 0x00, 0x00, 0x00, 0x00, 0x01, 0x00, 0x00, 0x00
.globl _sym_00be7448
_sym_00be7448:
.byte 0xff, 0xff, 0xff, 0xff
.long _sym_00ac1730
.globl _sym_00be7450
_sym_00be7450:
.byte 0x22, 0x05, 0x93, 0x19, 0x01, 0x00, 0x00, 0x00
.long _sym_00be7448
.byte 0x00, 0x00, 0x00, 0x00, 0x00, 0x00, 0x00, 0x00, 0x00, 0x00, 0x00, 0x00, 0x00, 0x00, 0x00, 0x00
.byte 0x00, 0x00, 0x00, 0x00, 0x01, 0x00, 0x00, 0x00
.globl _sym_00be7474
_sym_00be7474:
.byte 0xff, 0xff, 0xff, 0xff
.long _sym_00ac15b0
.byte 0x00, 0x00, 0x00, 0x00
.long _sym_00ac15b8
.byte 0xff, 0xff, 0xff, 0xff
.long _sym_00ac15c6
.byte 0x02, 0x00, 0x00, 0x00
.long _sym_00ac15ce
.globl _sym_00be7494
_sym_00be7494:
.byte 0x22, 0x05, 0x93, 0x19, 0x04, 0x00, 0x00, 0x00
.long _sym_00be7474
.byte 0x00, 0x00, 0x00, 0x00, 0x00, 0x00, 0x00, 0x00, 0x00, 0x00, 0x00, 0x00, 0x00, 0x00, 0x00, 0x00
.byte 0x00, 0x00, 0x00, 0x00, 0x01, 0x00, 0x00, 0x00
.globl _sym_00be74b8
_sym_00be74b8:
.byte 0xff, 0xff, 0xff, 0xff
.long _sym_00ac1650
.byte 0x00, 0x00, 0x00, 0x00
.long _sym_00ac1658
.globl _sym_00be74c8
_sym_00be74c8:
.byte 0x22, 0x05, 0x93, 0x19, 0x02, 0x00, 0x00, 0x00
.long _sym_00be74b8
.byte 0x00, 0x00, 0x00, 0x00, 0x00, 0x00, 0x00, 0x00, 0x00, 0x00, 0x00, 0x00, 0x00, 0x00, 0x00, 0x00
.byte 0x00, 0x00, 0x00, 0x00, 0x01, 0x00, 0x00, 0x00
.globl _sym_00be74ec
_sym_00be74ec:
.byte 0xff, 0xff, 0xff, 0xff
.long _sym_00ac1610
.byte 0x00, 0x00, 0x00, 0x00
.long _sym_00ac1618
.globl _sym_00be74fc
_sym_00be74fc:
.byte 0x22, 0x05, 0x93, 0x19, 0x02, 0x00, 0x00, 0x00
.long _sym_00be74ec
.byte 0x00, 0x00, 0x00, 0x00, 0x00, 0x00, 0x00, 0x00, 0x00, 0x00, 0x00, 0x00, 0x00, 0x00, 0x00, 0x00
.byte 0x00, 0x00, 0x00, 0x00, 0x01, 0x00, 0x00, 0x00
.globl _sym_00be7520
_sym_00be7520:
.byte 0xff, 0xff, 0xff, 0xff
.long _sym_00ac1790
.byte 0x00, 0x00, 0x00, 0x00
.long _sym_00ac1798
.globl _sym_00be7530
_sym_00be7530:
.byte 0x22, 0x05, 0x93, 0x19, 0x02, 0x00, 0x00, 0x00
.long _sym_00be7520
.byte 0x00, 0x00, 0x00, 0x00, 0x00, 0x00, 0x00, 0x00, 0x00, 0x00, 0x00, 0x00, 0x00, 0x00, 0x00, 0x00
.byte 0x00, 0x00, 0x00, 0x00, 0x01, 0x00, 0x00, 0x00
.globl _sym_00be7554
_sym_00be7554:
.byte 0xff, 0xff, 0xff, 0xff
.long _sym_00ac17d0
.byte 0x00, 0x00, 0x00, 0x00
.long _sym_00ac17d8
.globl _sym_00be7564
_sym_00be7564:
.byte 0x22, 0x05, 0x93, 0x19, 0x02, 0x00, 0x00, 0x00
.long _sym_00be7554
.byte 0x00, 0x00, 0x00, 0x00, 0x00, 0x00, 0x00, 0x00, 0x00, 0x00, 0x00, 0x00, 0x00, 0x00, 0x00, 0x00
.byte 0x00, 0x00, 0x00, 0x00, 0x01, 0x00, 0x00, 0x00
.globl _sym_00be7588
_sym_00be7588:
.byte 0xff, 0xff, 0xff, 0xff
.long _sym_00ac1540
.byte 0x00, 0x00, 0x00, 0x00
.long _sym_00ac1548
.globl _sym_00be7598
_sym_00be7598:
.byte 0x22, 0x05, 0x93, 0x19, 0x02, 0x00, 0x00, 0x00
.long _sym_00be7588
.byte 0x00, 0x00, 0x00, 0x00, 0x00, 0x00, 0x00, 0x00, 0x00, 0x00, 0x00, 0x00, 0x00, 0x00, 0x00, 0x00
.byte 0x00, 0x00, 0x00, 0x00, 0x01, 0x00, 0x00, 0x00
.globl _sym_00be75bc
_sym_00be75bc:
.byte 0xff, 0xff, 0xff, 0xff
.long _sym_00ac0b10
.globl _sym_00be75c4
_sym_00be75c4:
.byte 0x22, 0x05, 0x93, 0x19, 0x01, 0x00, 0x00, 0x00
.long _sym_00be75bc
.byte 0x00, 0x00, 0x00, 0x00, 0x00, 0x00, 0x00, 0x00, 0x00, 0x00, 0x00, 0x00, 0x00, 0x00, 0x00, 0x00
.byte 0x00, 0x00, 0x00, 0x00, 0x01, 0x00, 0x00, 0x00
.globl _sym_00be75e8
_sym_00be75e8:
.byte 0xff, 0xff, 0xff, 0xff
.long _sym_00ac0b40
.byte 0x00, 0x00, 0x00, 0x00
.long _sym_00ac0b48
.globl _sym_00be75f8
_sym_00be75f8:
.byte 0x22, 0x05, 0x93, 0x19, 0x02, 0x00, 0x00, 0x00
.long _sym_00be75e8
.byte 0x00, 0x00, 0x00, 0x00, 0x00, 0x00, 0x00, 0x00, 0x00, 0x00, 0x00, 0x00, 0x00, 0x00, 0x00, 0x00
.byte 0x00, 0x00, 0x00, 0x00, 0x01, 0x00, 0x00, 0x00
.globl _sym_00be761c
_sym_00be761c:
.byte 0xff, 0xff, 0xff, 0xff
.long _sym_00ac0a80
.globl _sym_00be7624
_sym_00be7624:
.byte 0x22, 0x05, 0x93, 0x19, 0x01, 0x00, 0x00, 0x00
.long _sym_00be761c
.byte 0x00, 0x00, 0x00, 0x00, 0x00, 0x00, 0x00, 0x00, 0x00, 0x00, 0x00, 0x00, 0x00, 0x00, 0x00, 0x00
.byte 0x00, 0x00, 0x00, 0x00, 0x01, 0x00, 0x00, 0x00
.globl _sym_00be7648
_sym_00be7648:
.byte 0x22, 0x05, 0x93, 0x19, 0x07, 0x00, 0x00, 0x00
.long _sym_00be766c
.byte 0x00, 0x00, 0x00, 0x00, 0x00, 0x00, 0x00, 0x00, 0x00, 0x00, 0x00, 0x00, 0x00, 0x00, 0x00, 0x00
.byte 0x00, 0x00, 0x00, 0x00, 0x01, 0x00, 0x00, 0x00
.globl _sym_00be766c
_sym_00be766c:
.byte 0xff, 0xff, 0xff, 0xff
.long _sym_00ac0d20
.byte 0x00, 0x00, 0x00, 0x00
.long _sym_00ac0d2e
.byte 0x00, 0x00, 0x00, 0x00, 0x00, 0x00, 0x00, 0x00, 0x00, 0x00, 0x00, 0x00, 0x00, 0x00, 0x00, 0x00
.byte 0x00, 0x00, 0x00, 0x00, 0x00, 0x00, 0x00, 0x00, 0xff, 0xff, 0xff, 0xff
.long _sym_00ac0d3c
.byte 0xff, 0xff, 0xff, 0xff
.long _sym_00ac0d4a
.globl _sym_00be76a4
_sym_00be76a4:
.byte 0xff, 0xff, 0xff, 0xff
.long _sym_00ac0ab0
.globl _sym_00be76ac
_sym_00be76ac:
.byte 0x22, 0x05, 0x93, 0x19, 0x01, 0x00, 0x00, 0x00
.long _sym_00be76a4
.byte 0x00, 0x00, 0x00, 0x00, 0x00, 0x00, 0x00, 0x00, 0x00, 0x00, 0x00, 0x00, 0x00, 0x00, 0x00, 0x00
.byte 0x00, 0x00, 0x00, 0x00, 0x01, 0x00, 0x00, 0x00
.globl _sym_00be76d0
_sym_00be76d0:
.byte 0xff, 0xff, 0xff, 0xff
.long _sym_00ac14a0
.globl _sym_00be76d8
_sym_00be76d8:
.byte 0x22, 0x05, 0x93, 0x19, 0x01, 0x00, 0x00, 0x00
.long _sym_00be76d0
.byte 0x00, 0x00, 0x00, 0x00, 0x00, 0x00, 0x00, 0x00, 0x00, 0x00, 0x00, 0x00, 0x00, 0x00, 0x00, 0x00
.byte 0x00, 0x00, 0x00, 0x00, 0x01, 0x00, 0x00, 0x00
.globl _sym_00be76fc
_sym_00be76fc:
.byte 0xff, 0xff, 0xff, 0xff
.long _sym_00ac0e90
.byte 0xff, 0xff, 0xff, 0xff
.long _sym_00ac0e9e
.byte 0xff, 0xff, 0xff, 0xff
.long _sym_00ac0eac
.byte 0xff, 0xff, 0xff, 0xff
.long _sym_00ac0eba
.globl _sym_00be771c
_sym_00be771c:
.byte 0x22, 0x05, 0x93, 0x19, 0x04, 0x00, 0x00, 0x00
.long _sym_00be76fc
.byte 0x00, 0x00, 0x00, 0x00, 0x00, 0x00, 0x00, 0x00, 0x00, 0x00, 0x00, 0x00, 0x00, 0x00, 0x00, 0x00
.byte 0x00, 0x00, 0x00, 0x00, 0x01, 0x00, 0x00, 0x00
.globl _sym_00be7740
_sym_00be7740:
.byte 0xff, 0xff, 0xff, 0xff
.long _sym_00ac1070
.byte 0xff, 0xff, 0xff, 0xff, 0x00, 0x00, 0x00, 0x00, 0xff, 0xff, 0xff, 0xff, 0x00, 0x00, 0x00, 0x00
.byte 0xff, 0xff, 0xff, 0xff, 0x00, 0x00, 0x00, 0x00
.globl _sym_00be7760
_sym_00be7760:
.byte 0x22, 0x05, 0x93, 0x19, 0x04, 0x00, 0x00, 0x00
.long _sym_00be7740
.byte 0x00, 0x00, 0x00, 0x00, 0x00, 0x00, 0x00, 0x00, 0x00, 0x00, 0x00, 0x00, 0x00, 0x00, 0x00, 0x00
.byte 0x00, 0x00, 0x00, 0x00, 0x01, 0x00, 0x00, 0x00
.globl _sym_00be7784
_sym_00be7784:
.byte 0xff, 0xff, 0xff, 0xff
.long _sym_00ac1430
.byte 0x00, 0x00, 0x00, 0x00
.long _sym_00ac1438
.globl _sym_00be7794
_sym_00be7794:
.byte 0x22, 0x05, 0x93, 0x19, 0x02, 0x00, 0x00, 0x00
.long _sym_00be7784
.byte 0x00, 0x00, 0x00, 0x00, 0x00, 0x00, 0x00, 0x00, 0x00, 0x00, 0x00, 0x00, 0x00, 0x00, 0x00, 0x00
.byte 0x00, 0x00, 0x00, 0x00, 0x01, 0x00, 0x00, 0x00
.globl _sym_00be77b8
_sym_00be77b8:
.byte 0xff, 0xff, 0xff, 0xff
.long _sym_00ac1760
.globl _sym_00be77c0
_sym_00be77c0:
.byte 0x22, 0x05, 0x93, 0x19, 0x01, 0x00, 0x00, 0x00
.long _sym_00be77b8
.byte 0x00, 0x00, 0x00, 0x00, 0x00, 0x00, 0x00, 0x00, 0x00, 0x00, 0x00, 0x00, 0x00, 0x00, 0x00, 0x00
.byte 0x00, 0x00, 0x00, 0x00, 0x01, 0x00, 0x00, 0x00
.globl _sym_00be77e4
_sym_00be77e4:
.byte 0xff, 0xff, 0xff, 0xff
.long _sym_00ac1690
.byte 0x00, 0x00, 0x00, 0x00
.long _sym_00ac1698
.byte 0xff, 0xff, 0xff, 0xff
.long _sym_00ac16a6
.byte 0x02, 0x00, 0x00, 0x00
.long _sym_00ac16ae
.globl _sym_00be7804
_sym_00be7804:
.byte 0x22, 0x05, 0x93, 0x19, 0x04, 0x00, 0x00, 0x00
.long _sym_00be77e4
.byte 0x00, 0x00, 0x00, 0x00, 0x00, 0x00, 0x00, 0x00, 0x00, 0x00, 0x00, 0x00, 0x00, 0x00, 0x00, 0x00
.byte 0x00, 0x00, 0x00, 0x00, 0x01, 0x00, 0x00, 0x00
.globl _sym_00be7828
_sym_00be7828:
.byte 0xff, 0xff, 0xff, 0xff
.long _sym_00ac16f0
.byte 0x00, 0x00, 0x00, 0x00
.long _sym_00ac16f8
.globl _sym_00be7838
_sym_00be7838:
.byte 0x22, 0x05, 0x93, 0x19, 0x02, 0x00, 0x00, 0x00
.long _sym_00be7828
.byte 0x00, 0x00, 0x00, 0x00, 0x00, 0x00, 0x00, 0x00, 0x00, 0x00, 0x00, 0x00, 0x00, 0x00, 0x00, 0x00
.byte 0x00, 0x00, 0x00, 0x00, 0x01, 0x00, 0x00, 0x00
.globl _sym_00be785c
_sym_00be785c:
.byte 0xff, 0xff, 0xff, 0xff
.long _sym_00ac1810
.byte 0x00, 0x00, 0x00, 0x00
.long _sym_00ac1818
.globl _sym_00be786c
_sym_00be786c:
.byte 0x22, 0x05, 0x93, 0x19, 0x02, 0x00, 0x00, 0x00
.long _sym_00be785c
.byte 0x00, 0x00, 0x00, 0x00, 0x00, 0x00, 0x00, 0x00, 0x00, 0x00, 0x00, 0x00, 0x00, 0x00, 0x00, 0x00
.byte 0x00, 0x00, 0x00, 0x00, 0x01, 0x00, 0x00, 0x00
.globl _sym_00be7890
_sym_00be7890:
.byte 0xff, 0xff, 0xff, 0xff
.long _sym_00ac1850
.byte 0x00, 0x00, 0x00, 0x00
.long _sym_00ac1858
.globl _sym_00be78a0
_sym_00be78a0:
.byte 0x22, 0x05, 0x93, 0x19, 0x02, 0x00, 0x00, 0x00
.long _sym_00be7890
.byte 0x00, 0x00, 0x00, 0x00, 0x00, 0x00, 0x00, 0x00, 0x00, 0x00, 0x00, 0x00, 0x00, 0x00, 0x00, 0x00
.byte 0x00, 0x00, 0x00, 0x00, 0x01, 0x00, 0x00, 0x00
.globl _sym_00be78c4
_sym_00be78c4:
.byte 0xff, 0xff, 0xff, 0xff
.long _sym_00ac1500
.byte 0x00, 0x00, 0x00, 0x00
.long _sym_00ac1508
.globl _sym_00be78d4
_sym_00be78d4:
.byte 0x22, 0x05, 0x93, 0x19, 0x02, 0x00, 0x00, 0x00
.long _sym_00be78c4
.byte 0x00, 0x00, 0x00, 0x00, 0x00, 0x00, 0x00, 0x00, 0x00, 0x00, 0x00, 0x00, 0x00, 0x00, 0x00, 0x00
.byte 0x00, 0x00, 0x00, 0x00, 0x01, 0x00, 0x00, 0x00
.globl _sym_00be78f8
_sym_00be78f8:
.byte 0xff, 0xff, 0xff, 0xff
.long _sym_00ac0b70
.globl _sym_00be7900
_sym_00be7900:
.byte 0x22, 0x05, 0x93, 0x19, 0x01, 0x00, 0x00, 0x00
.long _sym_00be78f8
.byte 0x00, 0x00, 0x00, 0x00, 0x00, 0x00, 0x00, 0x00, 0x00, 0x00, 0x00, 0x00, 0x00, 0x00, 0x00, 0x00
.byte 0x00, 0x00, 0x00, 0x00, 0x01, 0x00, 0x00, 0x00
.globl _sym_00be7924
_sym_00be7924:
.byte 0x22, 0x05, 0x93, 0x19, 0x06, 0x00, 0x00, 0x00
.long _sym_00be7948
.byte 0x00, 0x00, 0x00, 0x00, 0x00, 0x00, 0x00, 0x00, 0x00, 0x00, 0x00, 0x00, 0x00, 0x00, 0x00, 0x00
.byte 0x00, 0x00, 0x00, 0x00, 0x01, 0x00, 0x00, 0x00
.globl _sym_00be7948
_sym_00be7948:
.byte 0xff, 0xff, 0xff, 0xff
.long _sym_00ac0d80
.byte 0x00, 0x00, 0x00, 0x00
.long _sym_00ac0d8e
.byte 0x00, 0x00, 0x00, 0x00, 0x00, 0x00, 0x00, 0x00, 0x00, 0x00, 0x00, 0x00, 0x00, 0x00, 0x00, 0x00
.byte 0x00, 0x00, 0x00, 0x00, 0x00, 0x00, 0x00, 0x00, 0xff, 0xff, 0xff, 0xff
.long _sym_00ac0d9c
.globl _sym_00be7978
_sym_00be7978:
.byte 0xff, 0xff, 0xff, 0xff
.long _sym_00ac1580
.byte 0x00, 0x00, 0x00, 0x00
.long _sym_00ac1588
.globl _sym_00be7988
_sym_00be7988:
.byte 0x22, 0x05, 0x93, 0x19, 0x02, 0x00, 0x00, 0x00
.long _sym_00be7978
.byte 0x00, 0x00, 0x00, 0x00, 0x00, 0x00, 0x00, 0x00, 0x00, 0x00, 0x00, 0x00, 0x00, 0x00, 0x00, 0x00
.byte 0x00, 0x00, 0x00, 0x00, 0x01, 0x00, 0x00, 0x00
.globl _sym_00be79ac
_sym_00be79ac:
.byte 0xff, 0xff, 0xff, 0xff
.long _sym_00ac0ae0
.globl _sym_00be79b4
_sym_00be79b4:
.byte 0x22, 0x05, 0x93, 0x19, 0x01, 0x00, 0x00, 0x00
.long _sym_00be79ac
.byte 0x00, 0x00, 0x00, 0x00, 0x00, 0x00, 0x00, 0x00, 0x00, 0x00, 0x00, 0x00, 0x00, 0x00, 0x00, 0x00
.byte 0x00, 0x00, 0x00, 0x00, 0x01, 0x00, 0x00, 0x00
.globl _sym_00be79d8
_sym_00be79d8:
.byte 0xff, 0xff, 0xff, 0xff
.long _sym_00ac14d0
.globl _sym_00be79e0
_sym_00be79e0:
.byte 0x22, 0x05, 0x93, 0x19, 0x01, 0x00, 0x00, 0x00
.long _sym_00be79d8
.byte 0x00, 0x00, 0x00, 0x00, 0x00, 0x00, 0x00, 0x00, 0x00, 0x00, 0x00, 0x00, 0x00, 0x00, 0x00, 0x00
.byte 0x00, 0x00, 0x00, 0x00, 0x01, 0x00, 0x00, 0x00
.globl _sym_00be7a04
_sym_00be7a04:
.byte 0xff, 0xff, 0xff, 0xff
.long _sym_00ac0dd0
.byte 0xff, 0xff, 0xff, 0xff
.long _sym_00ac0dde
.byte 0xff, 0xff, 0xff, 0xff
.long _sym_00ac0dec
.byte 0xff, 0xff, 0xff, 0xff
.long _sym_00ac0dfa
.globl _sym_00be7a24
_sym_00be7a24:
.byte 0x22, 0x05, 0x93, 0x19, 0x04, 0x00, 0x00, 0x00
.long _sym_00be7a04
.byte 0x00, 0x00, 0x00, 0x00, 0x00, 0x00, 0x00, 0x00, 0x00, 0x00, 0x00, 0x00, 0x00, 0x00, 0x00, 0x00
.byte 0x00, 0x00, 0x00, 0x00, 0x01, 0x00, 0x00, 0x00
.globl _sym_00be7a48
_sym_00be7a48:
.byte 0xff, 0xff, 0xff, 0xff
.long _sym_00ac1010
.byte 0xff, 0xff, 0xff, 0xff, 0x00, 0x00, 0x00, 0x00, 0xff, 0xff, 0xff, 0xff, 0x00, 0x00, 0x00, 0x00
.byte 0xff, 0xff, 0xff, 0xff, 0x00, 0x00, 0x00, 0x00
.globl _sym_00be7a68
_sym_00be7a68:
.byte 0x22, 0x05, 0x93, 0x19, 0x04, 0x00, 0x00, 0x00
.long _sym_00be7a48
.byte 0x00, 0x00, 0x00, 0x00, 0x00, 0x00, 0x00, 0x00, 0x00, 0x00, 0x00, 0x00, 0x00, 0x00, 0x00, 0x00
.byte 0x00, 0x00, 0x00, 0x00, 0x01, 0x00, 0x00, 0x00
.globl _sym_00be7a8c
_sym_00be7a8c:
.byte 0xff, 0xff, 0xff, 0xff
.long _sym_00ac0ba0
.byte 0x00, 0x00, 0x00, 0x00
.long _sym_00ac0ba8
.globl _sym_00be7a9c
_sym_00be7a9c:
.byte 0x22, 0x05, 0x93, 0x19, 0x02, 0x00, 0x00, 0x00
.long _sym_00be7a8c
.byte 0x00, 0x00, 0x00, 0x00, 0x00, 0x00, 0x00, 0x00, 0x00, 0x00, 0x00, 0x00, 0x00, 0x00, 0x00, 0x00
.byte 0x00, 0x00, 0x00, 0x00, 0x01, 0x00, 0x00, 0x00
.globl _sym_00be7ac0
_sym_00be7ac0:
.byte 0xff, 0xff, 0xff, 0xff
.long _sym_00ac0c90
.globl _sym_00be7ac8
_sym_00be7ac8:
.byte 0x22, 0x05, 0x93, 0x19, 0x01, 0x00, 0x00, 0x00
.long _sym_00be7ac0
.byte 0x00, 0x00, 0x00, 0x00, 0x00, 0x00, 0x00, 0x00, 0x00, 0x00, 0x00, 0x00, 0x00, 0x00, 0x00, 0x00
.byte 0x00, 0x00, 0x00, 0x00, 0x01, 0x00, 0x00, 0x00
.globl _sym_00be7aec
_sym_00be7aec:
.byte 0xff, 0xff, 0xff, 0xff
.long _sym_00ac07e0
.byte 0xff, 0xff, 0xff, 0xff, 0x00, 0x00, 0x00, 0x00, 0xff, 0xff, 0xff, 0xff, 0x00, 0x00, 0x00, 0x00
.byte 0xff, 0xff, 0xff, 0xff, 0x00, 0x00, 0x00, 0x00
.globl _sym_00be7b0c
_sym_00be7b0c:
.byte 0x22, 0x05, 0x93, 0x19, 0x04, 0x00, 0x00, 0x00
.long _sym_00be7aec
.byte 0x00, 0x00, 0x00, 0x00, 0x00, 0x00, 0x00, 0x00, 0x00, 0x00, 0x00, 0x00, 0x00, 0x00, 0x00, 0x00
.byte 0x00, 0x00, 0x00, 0x00, 0x01, 0x00, 0x00, 0x00
.globl _sym_00be7b30
_sym_00be7b30:
.byte 0xff, 0xff, 0xff, 0xff
.long _sym_00ac0c30
.globl _sym_00be7b38
_sym_00be7b38:
.byte 0x22, 0x05, 0x93, 0x19, 0x01, 0x00, 0x00, 0x00
.long _sym_00be7b30
.byte 0x00, 0x00, 0x00, 0x00, 0x00, 0x00, 0x00, 0x00, 0x00, 0x00, 0x00, 0x00, 0x00, 0x00, 0x00, 0x00
.byte 0x00, 0x00, 0x00, 0x00, 0x01, 0x00, 0x00, 0x00
.globl _sym_00be7b5c
_sym_00be7b5c:
.byte 0xff, 0xff, 0xff, 0xff
.long _sym_00ac0c60
.globl _sym_00be7b64
_sym_00be7b64:
.byte 0x22, 0x05, 0x93, 0x19, 0x01, 0x00, 0x00, 0x00
.long _sym_00be7b5c
.byte 0x00, 0x00, 0x00, 0x00, 0x00, 0x00, 0x00, 0x00, 0x00, 0x00, 0x00, 0x00, 0x00, 0x00, 0x00, 0x00
.byte 0x00, 0x00, 0x00, 0x00, 0x01, 0x00, 0x00, 0x00
.globl _sym_00be7b88
_sym_00be7b88:
.byte 0xff, 0xff, 0xff, 0xff
.long _sym_00ac0840
.byte 0xff, 0xff, 0xff, 0xff, 0x00, 0x00, 0x00, 0x00, 0xff, 0xff, 0xff, 0xff, 0x00, 0x00, 0x00, 0x00
.byte 0xff, 0xff, 0xff, 0xff, 0x00, 0x00, 0x00, 0x00
.globl _sym_00be7ba8
_sym_00be7ba8:
.byte 0x22, 0x05, 0x93, 0x19, 0x04, 0x00, 0x00, 0x00
.long _sym_00be7b88
.byte 0x00, 0x00, 0x00, 0x00, 0x00, 0x00, 0x00, 0x00, 0x00, 0x00, 0x00, 0x00, 0x00, 0x00, 0x00, 0x00
.byte 0x00, 0x00, 0x00, 0x00, 0x01, 0x00, 0x00, 0x00
.globl _sym_00be7bcc
_sym_00be7bcc:
.byte 0xff, 0xff, 0xff, 0xff
.long _sym_00ac1250
.byte 0x00, 0x00, 0x00, 0x00
.long _sym_00ac1258
.globl _sym_00be7bdc
_sym_00be7bdc:
.byte 0x22, 0x05, 0x93, 0x19, 0x02, 0x00, 0x00, 0x00
.long _sym_00be7bcc
.byte 0x00, 0x00, 0x00, 0x00, 0x00, 0x00, 0x00, 0x00, 0x00, 0x00, 0x00, 0x00, 0x00, 0x00, 0x00, 0x00
.byte 0x00, 0x00, 0x00, 0x00, 0x01, 0x00, 0x00, 0x00
.globl _sym_00be7c00
_sym_00be7c00:
.byte 0xff, 0xff, 0xff, 0xff
.long _sym_00ac0bd0
.globl _sym_00be7c08
_sym_00be7c08:
.byte 0x22, 0x05, 0x93, 0x19, 0x01, 0x00, 0x00, 0x00
.long _sym_00be7c00
.byte 0x00, 0x00, 0x00, 0x00, 0x00, 0x00, 0x00, 0x00, 0x00, 0x00, 0x00, 0x00, 0x00, 0x00, 0x00, 0x00
.byte 0x00, 0x00, 0x00, 0x00, 0x01, 0x00, 0x00, 0x00
.globl _sym_00be7c2c
_sym_00be7c2c:
.byte 0xff, 0xff, 0xff, 0xff
.long _sym_00ac0c00
.globl _sym_00be7c34
_sym_00be7c34:
.byte 0x22, 0x05, 0x93, 0x19, 0x01, 0x00, 0x00, 0x00
.long _sym_00be7c2c
.byte 0x00, 0x00, 0x00, 0x00, 0x00, 0x00, 0x00, 0x00, 0x00, 0x00, 0x00, 0x00, 0x00, 0x00, 0x00, 0x00
.byte 0x00, 0x00, 0x00, 0x00, 0x01, 0x00, 0x00, 0x00
.globl _sym_00be7c58
_sym_00be7c58:
.byte 0xff, 0xff, 0xff, 0xff
.long _sym_00ac0810
.byte 0xff, 0xff, 0xff, 0xff, 0x00, 0x00, 0x00, 0x00, 0xff, 0xff, 0xff, 0xff, 0x00, 0x00, 0x00, 0x00
.byte 0xff, 0xff, 0xff, 0xff, 0x00, 0x00, 0x00, 0x00
.globl _sym_00be7c78
_sym_00be7c78:
.byte 0x22, 0x05, 0x93, 0x19, 0x04, 0x00, 0x00, 0x00
.long _sym_00be7c58
.byte 0x00, 0x00, 0x00, 0x00, 0x00, 0x00, 0x00, 0x00, 0x00, 0x00, 0x00, 0x00, 0x00, 0x00, 0x00, 0x00
.byte 0x00, 0x00, 0x00, 0x00, 0x01, 0x00, 0x00, 0x00
.globl _sym_00be7c9c
_sym_00be7c9c:
.byte 0xff, 0xff, 0xff, 0xff
.long _sym_00ac1290
.byte 0x00, 0x00, 0x00, 0x00
.long _sym_00ac1298
.globl _sym_00be7cac
_sym_00be7cac:
.byte 0x22, 0x05, 0x93, 0x19, 0x02, 0x00, 0x00, 0x00
.long _sym_00be7c9c
.byte 0x00, 0x00, 0x00, 0x00, 0x00, 0x00, 0x00, 0x00, 0x00, 0x00, 0x00, 0x00, 0x00, 0x00, 0x00, 0x00
.byte 0x00, 0x00, 0x00, 0x00, 0x01, 0x00, 0x00, 0x00
.globl _sym_00be7cd0
_sym_00be7cd0:
.byte 0xff, 0xff, 0xff, 0xff
.long _sym_00ac0990
.globl _sym_00be7cd8
_sym_00be7cd8:
.byte 0x22, 0x05, 0x93, 0x19, 0x01, 0x00, 0x00, 0x00
.long _sym_00be7cd0
.byte 0x00, 0x00, 0x00, 0x00, 0x00, 0x00, 0x00, 0x00, 0x00, 0x00, 0x00, 0x00, 0x00, 0x00, 0x00, 0x00
.byte 0x00, 0x00, 0x00, 0x00, 0x01, 0x00, 0x00, 0x00
.globl _sym_00be7cfc
_sym_00be7cfc:
.byte 0xff, 0xff, 0xff, 0xff
.long _sym_00ac09f0
.globl _sym_00be7d04
_sym_00be7d04:
.byte 0x22, 0x05, 0x93, 0x19, 0x01, 0x00, 0x00, 0x00
.long _sym_00be7cfc
.byte 0x00, 0x00, 0x00, 0x00, 0x00, 0x00, 0x00, 0x00, 0x00, 0x00, 0x00, 0x00, 0x00, 0x00, 0x00, 0x00
.byte 0x00, 0x00, 0x00, 0x00, 0x01, 0x00, 0x00, 0x00
.globl _sym_00be7d28
_sym_00be7d28:
.byte 0xff, 0xff, 0xff, 0xff
.long _sym_00ac09c0
.globl _sym_00be7d30
_sym_00be7d30:
.byte 0x22, 0x05, 0x93, 0x19, 0x01, 0x00, 0x00, 0x00
.long _sym_00be7d28
.byte 0x00, 0x00, 0x00, 0x00, 0x00, 0x00, 0x00, 0x00, 0x00, 0x00, 0x00, 0x00, 0x00, 0x00, 0x00, 0x00
.byte 0x00, 0x00, 0x00, 0x00, 0x01, 0x00, 0x00, 0x00
.globl _sym_00be7d54
_sym_00be7d54:
.byte 0xff, 0xff, 0xff, 0xff
.long _sym_00ac06c0
.byte 0xff, 0xff, 0xff, 0xff, 0x00, 0x00, 0x00, 0x00, 0xff, 0xff, 0xff, 0xff, 0x00, 0x00, 0x00, 0x00
.byte 0xff, 0xff, 0xff, 0xff, 0x00, 0x00, 0x00, 0x00
.globl _sym_00be7d74
_sym_00be7d74:
.byte 0x22, 0x05, 0x93, 0x19, 0x04, 0x00, 0x00, 0x00
.long _sym_00be7d54
.byte 0x00, 0x00, 0x00, 0x00, 0x00, 0x00, 0x00, 0x00, 0x00, 0x00, 0x00, 0x00, 0x00, 0x00, 0x00, 0x00
.byte 0x00, 0x00, 0x00, 0x00, 0x01, 0x00, 0x00, 0x00
.globl _sym_00be7d98
_sym_00be7d98:
.byte 0xff, 0xff, 0xff, 0xff
.long _sym_00ac0720
.byte 0xff, 0xff, 0xff, 0xff, 0x00, 0x00, 0x00, 0x00, 0xff, 0xff, 0xff, 0xff, 0x00, 0x00, 0x00, 0x00
.byte 0xff, 0xff, 0xff, 0xff, 0x00, 0x00, 0x00, 0x00
.globl _sym_00be7db8
_sym_00be7db8:
.byte 0x22, 0x05, 0x93, 0x19, 0x04, 0x00, 0x00, 0x00
.long _sym_00be7d98
.byte 0x00, 0x00, 0x00, 0x00, 0x00, 0x00, 0x00, 0x00, 0x00, 0x00, 0x00, 0x00, 0x00, 0x00, 0x00, 0x00
.byte 0x00, 0x00, 0x00, 0x00, 0x01, 0x00, 0x00, 0x00
.globl _sym_00be7ddc
_sym_00be7ddc:
.byte 0xff, 0xff, 0xff, 0xff
.long _sym_00ac06f0
.byte 0xff, 0xff, 0xff, 0xff, 0x00, 0x00, 0x00, 0x00, 0xff, 0xff, 0xff, 0xff, 0x00, 0x00, 0x00, 0x00
.byte 0xff, 0xff, 0xff, 0xff, 0x00, 0x00, 0x00, 0x00
.globl _sym_00be7dfc
_sym_00be7dfc:
.byte 0x22, 0x05, 0x93, 0x19, 0x04, 0x00, 0x00, 0x00
.long _sym_00be7ddc
.byte 0x00, 0x00, 0x00, 0x00, 0x00, 0x00, 0x00, 0x00, 0x00, 0x00, 0x00, 0x00, 0x00, 0x00, 0x00, 0x00
.byte 0x00, 0x00, 0x00, 0x00, 0x01, 0x00, 0x00, 0x00
.globl _sym_00be7e20
_sym_00be7e20:
.byte 0xff, 0xff, 0xff, 0xff
.long _sym_00ac0870
.byte 0xff, 0xff, 0xff, 0xff, 0x00, 0x00, 0x00, 0x00, 0xff, 0xff, 0xff, 0xff, 0x00, 0x00, 0x00, 0x00
.byte 0xff, 0xff, 0xff, 0xff, 0x00, 0x00, 0x00, 0x00
.globl _sym_00be7e40
_sym_00be7e40:
.byte 0x22, 0x05, 0x93, 0x19, 0x04, 0x00, 0x00, 0x00
.long _sym_00be7e20
.byte 0x00, 0x00, 0x00, 0x00, 0x00, 0x00, 0x00, 0x00, 0x00, 0x00, 0x00, 0x00, 0x00, 0x00, 0x00, 0x00
.byte 0x00, 0x00, 0x00, 0x00, 0x01, 0x00, 0x00, 0x00
.globl _sym_00be7e64
_sym_00be7e64:
.byte 0xff, 0xff, 0xff, 0xff
.long _sym_00ac0900
.byte 0xff, 0xff, 0xff, 0xff, 0x00, 0x00, 0x00, 0x00, 0xff, 0xff, 0xff, 0xff, 0x00, 0x00, 0x00, 0x00
.byte 0xff, 0xff, 0xff, 0xff, 0x00, 0x00, 0x00, 0x00
.globl _sym_00be7e84
_sym_00be7e84:
.byte 0x22, 0x05, 0x93, 0x19, 0x04, 0x00, 0x00, 0x00
.long _sym_00be7e64
.byte 0x00, 0x00, 0x00, 0x00, 0x00, 0x00, 0x00, 0x00, 0x00, 0x00, 0x00, 0x00, 0x00, 0x00, 0x00, 0x00
.byte 0x00, 0x00, 0x00, 0x00, 0x01, 0x00, 0x00, 0x00
.globl _sym_00be7ea8
_sym_00be7ea8:
.byte 0xff, 0xff, 0xff, 0xff
.long _sym_00ac0ef0
.byte 0xff, 0xff, 0xff, 0xff, 0x00, 0x00, 0x00, 0x00, 0xff, 0xff, 0xff, 0xff, 0x00, 0x00, 0x00, 0x00
.byte 0xff, 0xff, 0xff, 0xff, 0x00, 0x00, 0x00, 0x00
.globl _sym_00be7ec8
_sym_00be7ec8:
.byte 0x22, 0x05, 0x93, 0x19, 0x04, 0x00, 0x00, 0x00
.long _sym_00be7ea8
.byte 0x00, 0x00, 0x00, 0x00, 0x00, 0x00, 0x00, 0x00, 0x00, 0x00, 0x00, 0x00, 0x00, 0x00, 0x00, 0x00
.byte 0x00, 0x00, 0x00, 0x00, 0x01, 0x00, 0x00, 0x00
.globl _sym_00be7eec
_sym_00be7eec:
.byte 0xff, 0xff, 0xff, 0xff
.long _sym_00ac08d0
.byte 0xff, 0xff, 0xff, 0xff, 0x00, 0x00, 0x00, 0x00, 0xff, 0xff, 0xff, 0xff, 0x00, 0x00, 0x00, 0x00
.byte 0xff, 0xff, 0xff, 0xff, 0x00, 0x00, 0x00, 0x00
.globl _sym_00be7f0c
_sym_00be7f0c:
.byte 0x22, 0x05, 0x93, 0x19, 0x04, 0x00, 0x00, 0x00
.long _sym_00be7eec
.byte 0x00, 0x00, 0x00, 0x00, 0x00, 0x00, 0x00, 0x00, 0x00, 0x00, 0x00, 0x00, 0x00, 0x00, 0x00, 0x00
.byte 0x00, 0x00, 0x00, 0x00, 0x01, 0x00, 0x00, 0x00
.globl _sym_00be7f30
_sym_00be7f30:
.byte 0xff, 0xff, 0xff, 0xff
.long _sym_00ac0960
.byte 0xff, 0xff, 0xff, 0xff, 0x00, 0x00, 0x00, 0x00, 0xff, 0xff, 0xff, 0xff, 0x00, 0x00, 0x00, 0x00
.byte 0xff, 0xff, 0xff, 0xff, 0x00, 0x00, 0x00, 0x00
.globl _sym_00be7f50
_sym_00be7f50:
.byte 0x22, 0x05, 0x93, 0x19, 0x04, 0x00, 0x00, 0x00
.long _sym_00be7f30
.byte 0x00, 0x00, 0x00, 0x00, 0x00, 0x00, 0x00, 0x00, 0x00, 0x00, 0x00, 0x00, 0x00, 0x00, 0x00, 0x00
.byte 0x00, 0x00, 0x00, 0x00, 0x01, 0x00, 0x00, 0x00
.globl _sym_00be7f74
_sym_00be7f74:
.byte 0xff, 0xff, 0xff, 0xff
.long _sym_00ac0f50
.byte 0xff, 0xff, 0xff, 0xff, 0x00, 0x00, 0x00, 0x00, 0xff, 0xff, 0xff, 0xff, 0x00, 0x00, 0x00, 0x00
.byte 0xff, 0xff, 0xff, 0xff, 0x00, 0x00, 0x00, 0x00
.globl _sym_00be7f94
_sym_00be7f94:
.byte 0x22, 0x05, 0x93, 0x19, 0x04, 0x00, 0x00, 0x00
.long _sym_00be7f74
.byte 0x00, 0x00, 0x00, 0x00, 0x00, 0x00, 0x00, 0x00, 0x00, 0x00, 0x00, 0x00, 0x00, 0x00, 0x00, 0x00
.byte 0x00, 0x00, 0x00, 0x00, 0x01, 0x00, 0x00, 0x00
.globl _sym_00be7fb8
_sym_00be7fb8:
.byte 0xff, 0xff, 0xff, 0xff
.long _sym_00ac08a0
.byte 0xff, 0xff, 0xff, 0xff, 0x00, 0x00, 0x00, 0x00, 0xff, 0xff, 0xff, 0xff, 0x00, 0x00, 0x00, 0x00
.byte 0xff, 0xff, 0xff, 0xff, 0x00, 0x00, 0x00, 0x00
.globl _sym_00be7fd8
_sym_00be7fd8:
.byte 0x22, 0x05, 0x93, 0x19, 0x04, 0x00, 0x00, 0x00
.long _sym_00be7fb8
.byte 0x00, 0x00, 0x00, 0x00, 0x00, 0x00, 0x00, 0x00, 0x00, 0x00, 0x00, 0x00, 0x00, 0x00, 0x00, 0x00
.byte 0x00, 0x00, 0x00, 0x00, 0x01, 0x00, 0x00, 0x00
.globl _sym_00be7ffc
_sym_00be7ffc:
.byte 0xff, 0xff, 0xff, 0xff
.long _sym_00ac0930
.byte 0xff, 0xff, 0xff, 0xff, 0x00, 0x00, 0x00, 0x00, 0xff, 0xff, 0xff, 0xff, 0x00, 0x00, 0x00, 0x00
.byte 0xff, 0xff, 0xff, 0xff, 0x00, 0x00, 0x00, 0x00
.globl _sym_00be801c
_sym_00be801c:
.byte 0x22, 0x05, 0x93, 0x19, 0x04, 0x00, 0x00, 0x00
.long _sym_00be7ffc
.byte 0x00, 0x00, 0x00, 0x00, 0x00, 0x00, 0x00, 0x00, 0x00, 0x00, 0x00, 0x00, 0x00, 0x00, 0x00, 0x00
.byte 0x00, 0x00, 0x00, 0x00, 0x01, 0x00, 0x00, 0x00
.globl _sym_00be8040
_sym_00be8040:
.byte 0xff, 0xff, 0xff, 0xff
.long _sym_00ac0f20
.byte 0xff, 0xff, 0xff, 0xff, 0x00, 0x00, 0x00, 0x00, 0xff, 0xff, 0xff, 0xff, 0x00, 0x00, 0x00, 0x00
.byte 0xff, 0xff, 0xff, 0xff, 0x00, 0x00, 0x00, 0x00
.globl _sym_00be8060
_sym_00be8060:
.byte 0x22, 0x05, 0x93, 0x19, 0x04, 0x00, 0x00, 0x00
.long _sym_00be8040
.byte 0x00, 0x00, 0x00, 0x00, 0x00, 0x00, 0x00, 0x00, 0x00, 0x00, 0x00, 0x00, 0x00, 0x00, 0x00, 0x00
.byte 0x00, 0x00, 0x00, 0x00, 0x01, 0x00, 0x00, 0x00
.globl _sym_00be8084
_sym_00be8084:
.byte 0xff, 0xff, 0xff, 0xff
.long _sym_00ac1130
.byte 0xff, 0xff, 0xff, 0xff, 0x00, 0x00, 0x00, 0x00, 0xff, 0xff, 0xff, 0xff, 0x00, 0x00, 0x00, 0x00
.byte 0xff, 0xff, 0xff, 0xff, 0x00, 0x00, 0x00, 0x00
.globl _sym_00be80a4
_sym_00be80a4:
.byte 0x22, 0x05, 0x93, 0x19, 0x04, 0x00, 0x00, 0x00
.long _sym_00be8084
.byte 0x00, 0x00, 0x00, 0x00, 0x00, 0x00, 0x00, 0x00, 0x00, 0x00, 0x00, 0x00, 0x00, 0x00, 0x00, 0x00
.byte 0x00, 0x00, 0x00, 0x00, 0x01, 0x00, 0x00, 0x00
.globl _sym_00be80c8
_sym_00be80c8:
.byte 0xff, 0xff, 0xff, 0xff
.long _sym_00ac1190
.byte 0xff, 0xff, 0xff, 0xff, 0x00, 0x00, 0x00, 0x00, 0xff, 0xff, 0xff, 0xff, 0x00, 0x00, 0x00, 0x00
.byte 0xff, 0xff, 0xff, 0xff, 0x00, 0x00, 0x00, 0x00
.globl _sym_00be80e8
_sym_00be80e8:
.byte 0x22, 0x05, 0x93, 0x19, 0x04, 0x00, 0x00, 0x00
.long _sym_00be80c8
.byte 0x00, 0x00, 0x00, 0x00, 0x00, 0x00, 0x00, 0x00, 0x00, 0x00, 0x00, 0x00, 0x00, 0x00, 0x00, 0x00
.byte 0x00, 0x00, 0x00, 0x00, 0x01, 0x00, 0x00, 0x00
.globl _sym_00be810c
_sym_00be810c:
.byte 0xff, 0xff, 0xff, 0xff
.long _sym_00ac1160
.byte 0xff, 0xff, 0xff, 0xff, 0x00, 0x00, 0x00, 0x00, 0xff, 0xff, 0xff, 0xff, 0x00, 0x00, 0x00, 0x00
.byte 0xff, 0xff, 0xff, 0xff, 0x00, 0x00, 0x00, 0x00
.globl _sym_00be812c
_sym_00be812c:
.byte 0x22, 0x05, 0x93, 0x19, 0x04, 0x00, 0x00, 0x00
.long _sym_00be810c
.byte 0x00, 0x00, 0x00, 0x00, 0x00, 0x00, 0x00, 0x00, 0x00, 0x00, 0x00, 0x00, 0x00, 0x00, 0x00, 0x00
.byte 0x00, 0x00, 0x00, 0x00, 0x01, 0x00, 0x00, 0x00
.globl _sym_00be8150
_sym_00be8150:
.byte 0xff, 0xff, 0xff, 0xff
.long _sym_00ac05a0
.byte 0xff, 0xff, 0xff, 0xff, 0x00, 0x00, 0x00, 0x00, 0xff, 0xff, 0xff, 0xff, 0x00, 0x00, 0x00, 0x00
.byte 0xff, 0xff, 0xff, 0xff, 0x00, 0x00, 0x00, 0x00
.globl _sym_00be8170
_sym_00be8170:
.byte 0x22, 0x05, 0x93, 0x19, 0x04, 0x00, 0x00, 0x00
.long _sym_00be8150
.byte 0x00, 0x00, 0x00, 0x00, 0x00, 0x00, 0x00, 0x00, 0x00, 0x00, 0x00, 0x00, 0x00, 0x00, 0x00, 0x00
.byte 0x00, 0x00, 0x00, 0x00, 0x01, 0x00, 0x00, 0x00
.globl _sym_00be8194
_sym_00be8194:
.byte 0xff, 0xff, 0xff, 0xff
.long _sym_00ac0600
.byte 0xff, 0xff, 0xff, 0xff, 0x00, 0x00, 0x00, 0x00, 0xff, 0xff, 0xff, 0xff, 0x00, 0x00, 0x00, 0x00
.byte 0xff, 0xff, 0xff, 0xff, 0x00, 0x00, 0x00, 0x00
.globl _sym_00be81b4
_sym_00be81b4:
.byte 0x22, 0x05, 0x93, 0x19, 0x04, 0x00, 0x00, 0x00
.long _sym_00be8194
.byte 0x00, 0x00, 0x00, 0x00, 0x00, 0x00, 0x00, 0x00, 0x00, 0x00, 0x00, 0x00, 0x00, 0x00, 0x00, 0x00
.byte 0x00, 0x00, 0x00, 0x00, 0x01, 0x00, 0x00, 0x00
.globl _sym_00be81d8
_sym_00be81d8:
.byte 0xff, 0xff, 0xff, 0xff
.long _sym_00ac05d0
.byte 0xff, 0xff, 0xff, 0xff, 0x00, 0x00, 0x00, 0x00, 0xff, 0xff, 0xff, 0xff, 0x00, 0x00, 0x00, 0x00
.byte 0xff, 0xff, 0xff, 0xff, 0x00, 0x00, 0x00, 0x00
.globl _sym_00be81f8
_sym_00be81f8:
.byte 0x22, 0x05, 0x93, 0x19, 0x04, 0x00, 0x00, 0x00
.long _sym_00be81d8
.byte 0x00, 0x00, 0x00, 0x00, 0x00, 0x00, 0x00, 0x00, 0x00, 0x00, 0x00, 0x00, 0x00, 0x00, 0x00, 0x00
.byte 0x00, 0x00, 0x00, 0x00, 0x01, 0x00, 0x00, 0x00
.globl _sym_00be821c
_sym_00be821c:
.byte 0xff, 0xff, 0xff, 0xff
.long _sym_00ac0750
.byte 0xff, 0xff, 0xff, 0xff, 0x00, 0x00, 0x00, 0x00, 0xff, 0xff, 0xff, 0xff, 0x00, 0x00, 0x00, 0x00
.byte 0xff, 0xff, 0xff, 0xff, 0x00, 0x00, 0x00, 0x00
.globl _sym_00be823c
_sym_00be823c:
.byte 0x22, 0x05, 0x93, 0x19, 0x04, 0x00, 0x00, 0x00
.long _sym_00be821c
.byte 0x00, 0x00, 0x00, 0x00, 0x00, 0x00, 0x00, 0x00, 0x00, 0x00, 0x00, 0x00, 0x00, 0x00, 0x00, 0x00
.byte 0x00, 0x00, 0x00, 0x00, 0x01, 0x00, 0x00, 0x00
.globl _sym_00be8260
_sym_00be8260:
.byte 0xff, 0xff, 0xff, 0xff
.long _sym_00ac07b0
.byte 0xff, 0xff, 0xff, 0xff, 0x00, 0x00, 0x00, 0x00, 0xff, 0xff, 0xff, 0xff, 0x00, 0x00, 0x00, 0x00
.byte 0xff, 0xff, 0xff, 0xff, 0x00, 0x00, 0x00, 0x00
.globl _sym_00be8280
_sym_00be8280:
.byte 0x22, 0x05, 0x93, 0x19, 0x04, 0x00, 0x00, 0x00
.long _sym_00be8260
.byte 0x00, 0x00, 0x00, 0x00, 0x00, 0x00, 0x00, 0x00, 0x00, 0x00, 0x00, 0x00, 0x00, 0x00, 0x00, 0x00
.byte 0x00, 0x00, 0x00, 0x00, 0x01, 0x00, 0x00, 0x00
.globl _sym_00be82a4
_sym_00be82a4:
.byte 0xff, 0xff, 0xff, 0xff
.long _sym_00ac0780
.byte 0xff, 0xff, 0xff, 0xff, 0x00, 0x00, 0x00, 0x00, 0xff, 0xff, 0xff, 0xff, 0x00, 0x00, 0x00, 0x00
.byte 0xff, 0xff, 0xff, 0xff, 0x00, 0x00, 0x00, 0x00
.globl _sym_00be82c4
_sym_00be82c4:
.byte 0x22, 0x05, 0x93, 0x19, 0x04, 0x00, 0x00, 0x00
.long _sym_00be82a4
.byte 0x00, 0x00, 0x00, 0x00, 0x00, 0x00, 0x00, 0x00, 0x00, 0x00, 0x00, 0x00, 0x00, 0x00, 0x00, 0x00
.byte 0x00, 0x00, 0x00, 0x00, 0x01, 0x00, 0x00, 0x00
.globl _sym_00be82e8
_sym_00be82e8:
.byte 0xff, 0xff, 0xff, 0xff
.long _sym_00ac0f80
.byte 0xff, 0xff, 0xff, 0xff, 0x00, 0x00, 0x00, 0x00, 0xff, 0xff, 0xff, 0xff, 0x00, 0x00, 0x00, 0x00
.byte 0xff, 0xff, 0xff, 0xff, 0x00, 0x00, 0x00, 0x00
.globl _sym_00be8308
_sym_00be8308:
.byte 0x22, 0x05, 0x93, 0x19, 0x04, 0x00, 0x00, 0x00
.long _sym_00be82e8
.byte 0x00, 0x00, 0x00, 0x00, 0x00, 0x00, 0x00, 0x00, 0x00, 0x00, 0x00, 0x00, 0x00, 0x00, 0x00, 0x00
.byte 0x00, 0x00, 0x00, 0x00, 0x01, 0x00, 0x00, 0x00
.globl _sym_00be832c
_sym_00be832c:
.byte 0xff, 0xff, 0xff, 0xff
.long _sym_00ac12d0
.byte 0xff, 0xff, 0xff, 0xff, 0x00, 0x00, 0x00, 0x00, 0xff, 0xff, 0xff, 0xff, 0x00, 0x00, 0x00, 0x00
.byte 0xff, 0xff, 0xff, 0xff, 0x00, 0x00, 0x00, 0x00
.globl _sym_00be834c
_sym_00be834c:
.byte 0x22, 0x05, 0x93, 0x19, 0x04, 0x00, 0x00, 0x00
.long _sym_00be832c
.byte 0x00, 0x00, 0x00, 0x00, 0x00, 0x00, 0x00, 0x00, 0x00, 0x00, 0x00, 0x00, 0x00, 0x00, 0x00, 0x00
.byte 0x00, 0x00, 0x00, 0x00, 0x01, 0x00, 0x00, 0x00
.globl _sym_00be8370
_sym_00be8370:
.byte 0xff, 0xff, 0xff, 0xff
.long _sym_00ac1360
.byte 0xff, 0xff, 0xff, 0xff, 0x00, 0x00, 0x00, 0x00, 0xff, 0xff, 0xff, 0xff, 0x00, 0x00, 0x00, 0x00
.byte 0xff, 0xff, 0xff, 0xff, 0x00, 0x00, 0x00, 0x00
.globl _sym_00be8390
_sym_00be8390:
.byte 0x22, 0x05, 0x93, 0x19, 0x04, 0x00, 0x00, 0x00
.long _sym_00be8370
.byte 0x00, 0x00, 0x00, 0x00, 0x00, 0x00, 0x00, 0x00, 0x00, 0x00, 0x00, 0x00, 0x00, 0x00, 0x00, 0x00
.byte 0x00, 0x00, 0x00, 0x00, 0x01, 0x00, 0x00, 0x00
.globl _sym_00be83b4
_sym_00be83b4:
.byte 0xff, 0xff, 0xff, 0xff
.long _sym_00ac0fe0
.byte 0xff, 0xff, 0xff, 0xff, 0x00, 0x00, 0x00, 0x00, 0xff, 0xff, 0xff, 0xff, 0x00, 0x00, 0x00, 0x00
.byte 0xff, 0xff, 0xff, 0xff, 0x00, 0x00, 0x00, 0x00
.globl _sym_00be83d4
_sym_00be83d4:
.byte 0x22, 0x05, 0x93, 0x19, 0x04, 0x00, 0x00, 0x00
.long _sym_00be83b4
.byte 0x00, 0x00, 0x00, 0x00, 0x00, 0x00, 0x00, 0x00, 0x00, 0x00, 0x00, 0x00, 0x00, 0x00, 0x00, 0x00
.byte 0x00, 0x00, 0x00, 0x00, 0x01, 0x00, 0x00, 0x00
.globl _sym_00be83f8
_sym_00be83f8:
.byte 0xff, 0xff, 0xff, 0xff
.long _sym_00ac1330
.byte 0xff, 0xff, 0xff, 0xff, 0x00, 0x00, 0x00, 0x00, 0xff, 0xff, 0xff, 0xff, 0x00, 0x00, 0x00, 0x00
.byte 0xff, 0xff, 0xff, 0xff, 0x00, 0x00, 0x00, 0x00
.globl _sym_00be8418
_sym_00be8418:
.byte 0x22, 0x05, 0x93, 0x19, 0x04, 0x00, 0x00, 0x00
.long _sym_00be83f8
.byte 0x00, 0x00, 0x00, 0x00, 0x00, 0x00, 0x00, 0x00, 0x00, 0x00, 0x00, 0x00, 0x00, 0x00, 0x00, 0x00
.byte 0x00, 0x00, 0x00, 0x00, 0x01, 0x00, 0x00, 0x00
.globl _sym_00be843c
_sym_00be843c:
.byte 0xff, 0xff, 0xff, 0xff
.long _sym_00ac13c0
.byte 0xff, 0xff, 0xff, 0xff, 0x00, 0x00, 0x00, 0x00, 0xff, 0xff, 0xff, 0xff, 0x00, 0x00, 0x00, 0x00
.byte 0xff, 0xff, 0xff, 0xff, 0x00, 0x00, 0x00, 0x00
.globl _sym_00be845c
_sym_00be845c:
.byte 0x22, 0x05, 0x93, 0x19, 0x04, 0x00, 0x00, 0x00
.long _sym_00be843c
.byte 0x00, 0x00, 0x00, 0x00, 0x00, 0x00, 0x00, 0x00, 0x00, 0x00, 0x00, 0x00, 0x00, 0x00, 0x00, 0x00
.byte 0x00, 0x00, 0x00, 0x00, 0x01, 0x00, 0x00, 0x00
.globl _sym_00be8480
_sym_00be8480:
.byte 0xff, 0xff, 0xff, 0xff
.long _sym_00ac0fb0
.byte 0xff, 0xff, 0xff, 0xff, 0x00, 0x00, 0x00, 0x00, 0xff, 0xff, 0xff, 0xff, 0x00, 0x00, 0x00, 0x00
.byte 0xff, 0xff, 0xff, 0xff, 0x00, 0x00, 0x00, 0x00
.globl _sym_00be84a0
_sym_00be84a0:
.byte 0x22, 0x05, 0x93, 0x19, 0x04, 0x00, 0x00, 0x00
.long _sym_00be8480
.byte 0x00, 0x00, 0x00, 0x00, 0x00, 0x00, 0x00, 0x00, 0x00, 0x00, 0x00, 0x00, 0x00, 0x00, 0x00, 0x00
.byte 0x00, 0x00, 0x00, 0x00, 0x01, 0x00, 0x00, 0x00
.globl _sym_00be84c4
_sym_00be84c4:
.byte 0xff, 0xff, 0xff, 0xff
.long _sym_00ac1300
.byte 0xff, 0xff, 0xff, 0xff, 0x00, 0x00, 0x00, 0x00, 0xff, 0xff, 0xff, 0xff, 0x00, 0x00, 0x00, 0x00
.byte 0xff, 0xff, 0xff, 0xff, 0x00, 0x00, 0x00, 0x00
.globl _sym_00be84e4
_sym_00be84e4:
.byte 0x22, 0x05, 0x93, 0x19, 0x04, 0x00, 0x00, 0x00
.long _sym_00be84c4
.byte 0x00, 0x00, 0x00, 0x00, 0x00, 0x00, 0x00, 0x00, 0x00, 0x00, 0x00, 0x00, 0x00, 0x00, 0x00, 0x00
.byte 0x00, 0x00, 0x00, 0x00, 0x01, 0x00, 0x00, 0x00
.globl _sym_00be8508
_sym_00be8508:
.byte 0xff, 0xff, 0xff, 0xff
.long _sym_00ac1390
.byte 0xff, 0xff, 0xff, 0xff, 0x00, 0x00, 0x00, 0x00, 0xff, 0xff, 0xff, 0xff, 0x00, 0x00, 0x00, 0x00
.byte 0xff, 0xff, 0xff, 0xff, 0x00, 0x00, 0x00, 0x00
.globl _sym_00be8528
_sym_00be8528:
.byte 0x22, 0x05, 0x93, 0x19, 0x04, 0x00, 0x00, 0x00
.long _sym_00be8508
.byte 0x00, 0x00, 0x00, 0x00, 0x00, 0x00, 0x00, 0x00, 0x00, 0x00, 0x00, 0x00, 0x00, 0x00, 0x00, 0x00
.byte 0x00, 0x00, 0x00, 0x00, 0x01, 0x00, 0x00, 0x00
.globl _sym_00be854c
_sym_00be854c:
.byte 0xff, 0xff, 0xff, 0xff
.long _sym_00ac0630
.byte 0xff, 0xff, 0xff, 0xff, 0x00, 0x00, 0x00, 0x00, 0xff, 0xff, 0xff, 0xff, 0x00, 0x00, 0x00, 0x00
.byte 0xff, 0xff, 0xff, 0xff, 0x00, 0x00, 0x00, 0x00
.globl _sym_00be856c
_sym_00be856c:
.byte 0x22, 0x05, 0x93, 0x19, 0x04, 0x00, 0x00, 0x00
.long _sym_00be854c
.byte 0x00, 0x00, 0x00, 0x00, 0x00, 0x00, 0x00, 0x00, 0x00, 0x00, 0x00, 0x00, 0x00, 0x00, 0x00, 0x00
.byte 0x00, 0x00, 0x00, 0x00, 0x01, 0x00, 0x00, 0x00
.globl _sym_00be8590
_sym_00be8590:
.byte 0xff, 0xff, 0xff, 0xff
.long _sym_00ac11c0
.byte 0xff, 0xff, 0xff, 0xff, 0x00, 0x00, 0x00, 0x00, 0xff, 0xff, 0xff, 0xff, 0x00, 0x00, 0x00, 0x00
.byte 0xff, 0xff, 0xff, 0xff, 0x00, 0x00, 0x00, 0x00
.globl _sym_00be85b0
_sym_00be85b0:
.byte 0x22, 0x05, 0x93, 0x19, 0x04, 0x00, 0x00, 0x00
.long _sym_00be8590
.byte 0x00, 0x00, 0x00, 0x00, 0x00, 0x00, 0x00, 0x00, 0x00, 0x00, 0x00, 0x00, 0x00, 0x00, 0x00, 0x00
.byte 0x00, 0x00, 0x00, 0x00, 0x01, 0x00, 0x00, 0x00
.globl _sym_00be85d4
_sym_00be85d4:
.byte 0xff, 0xff, 0xff, 0xff
.long _sym_00ac10a0
.byte 0xff, 0xff, 0xff, 0xff, 0x00, 0x00, 0x00, 0x00, 0xff, 0xff, 0xff, 0xff, 0x00, 0x00, 0x00, 0x00
.byte 0xff, 0xff, 0xff, 0xff, 0x00, 0x00, 0x00, 0x00
.globl _sym_00be85f4
_sym_00be85f4:
.byte 0x22, 0x05, 0x93, 0x19, 0x04, 0x00, 0x00, 0x00
.long _sym_00be85d4
.byte 0x00, 0x00, 0x00, 0x00, 0x00, 0x00, 0x00, 0x00, 0x00, 0x00, 0x00, 0x00, 0x00, 0x00, 0x00, 0x00
.byte 0x00, 0x00, 0x00, 0x00, 0x01, 0x00, 0x00, 0x00
.globl _sym_00be8618
_sym_00be8618:
.byte 0xff, 0xff, 0xff, 0xff
.long _sym_00ac0690
.byte 0xff, 0xff, 0xff, 0xff, 0x00, 0x00, 0x00, 0x00, 0xff, 0xff, 0xff, 0xff, 0x00, 0x00, 0x00, 0x00
.byte 0xff, 0xff, 0xff, 0xff, 0x00, 0x00, 0x00, 0x00
.globl _sym_00be8638
_sym_00be8638:
.byte 0x22, 0x05, 0x93, 0x19, 0x04, 0x00, 0x00, 0x00
.long _sym_00be8618
.byte 0x00, 0x00, 0x00, 0x00, 0x00, 0x00, 0x00, 0x00, 0x00, 0x00, 0x00, 0x00, 0x00, 0x00, 0x00, 0x00
.byte 0x00, 0x00, 0x00, 0x00, 0x01, 0x00, 0x00, 0x00
.globl _sym_00be865c
_sym_00be865c:
.byte 0xff, 0xff, 0xff, 0xff
.long _sym_00ac1220
.byte 0xff, 0xff, 0xff, 0xff, 0x00, 0x00, 0x00, 0x00, 0xff, 0xff, 0xff, 0xff, 0x00, 0x00, 0x00, 0x00
.byte 0xff, 0xff, 0xff, 0xff, 0x00, 0x00, 0x00, 0x00
.globl _sym_00be867c
_sym_00be867c:
.byte 0x22, 0x05, 0x93, 0x19, 0x04, 0x00, 0x00, 0x00
.long _sym_00be865c
.byte 0x00, 0x00, 0x00, 0x00, 0x00, 0x00, 0x00, 0x00, 0x00, 0x00, 0x00, 0x00, 0x00, 0x00, 0x00, 0x00
.byte 0x00, 0x00, 0x00, 0x00, 0x01, 0x00, 0x00, 0x00
.globl _sym_00be86a0
_sym_00be86a0:
.byte 0xff, 0xff, 0xff, 0xff
.long _sym_00ac1100
.byte 0xff, 0xff, 0xff, 0xff, 0x00, 0x00, 0x00, 0x00, 0xff, 0xff, 0xff, 0xff, 0x00, 0x00, 0x00, 0x00
.byte 0xff, 0xff, 0xff, 0xff, 0x00, 0x00, 0x00, 0x00
.globl _sym_00be86c0
_sym_00be86c0:
.byte 0x22, 0x05, 0x93, 0x19, 0x04, 0x00, 0x00, 0x00
.long _sym_00be86a0
.byte 0x00, 0x00, 0x00, 0x00, 0x00, 0x00, 0x00, 0x00, 0x00, 0x00, 0x00, 0x00, 0x00, 0x00, 0x00, 0x00
.byte 0x00, 0x00, 0x00, 0x00, 0x01, 0x00, 0x00, 0x00
.globl _sym_00be86e4
_sym_00be86e4:
.byte 0xff, 0xff, 0xff, 0xff
.long _sym_00ac0660
.byte 0xff, 0xff, 0xff, 0xff, 0x00, 0x00, 0x00, 0x00, 0xff, 0xff, 0xff, 0xff, 0x00, 0x00, 0x00, 0x00
.byte 0xff, 0xff, 0xff, 0xff, 0x00, 0x00, 0x00, 0x00
.globl _sym_00be8704
_sym_00be8704:
.byte 0x22, 0x05, 0x93, 0x19, 0x04, 0x00, 0x00, 0x00
.long _sym_00be86e4
.byte 0x00, 0x00, 0x00, 0x00, 0x00, 0x00, 0x00, 0x00, 0x00, 0x00, 0x00, 0x00, 0x00, 0x00, 0x00, 0x00
.byte 0x00, 0x00, 0x00, 0x00, 0x01, 0x00, 0x00, 0x00
.globl _sym_00be8728
_sym_00be8728:
.byte 0xff, 0xff, 0xff, 0xff
.long _sym_00ac11f0
.byte 0xff, 0xff, 0xff, 0xff, 0x00, 0x00, 0x00, 0x00, 0xff, 0xff, 0xff, 0xff, 0x00, 0x00, 0x00, 0x00
.byte 0xff, 0xff, 0xff, 0xff, 0x00, 0x00, 0x00, 0x00
.globl _sym_00be8748
_sym_00be8748:
.byte 0x22, 0x05, 0x93, 0x19, 0x04, 0x00, 0x00, 0x00
.long _sym_00be8728
.byte 0x00, 0x00, 0x00, 0x00, 0x00, 0x00, 0x00, 0x00, 0x00, 0x00, 0x00, 0x00, 0x00, 0x00, 0x00, 0x00
.byte 0x00, 0x00, 0x00, 0x00, 0x01, 0x00, 0x00, 0x00
.globl _sym_00be876c
_sym_00be876c:
.byte 0xff, 0xff, 0xff, 0xff
.long _sym_00ac10d0
.byte 0xff, 0xff, 0xff, 0xff, 0x00, 0x00, 0x00, 0x00, 0xff, 0xff, 0xff, 0xff, 0x00, 0x00, 0x00, 0x00
.byte 0xff, 0xff, 0xff, 0xff, 0x00, 0x00, 0x00, 0x00
.globl _sym_00be878c
_sym_00be878c:
.byte 0x22, 0x05, 0x93, 0x19, 0x04, 0x00, 0x00, 0x00
.long _sym_00be876c
.byte 0x00, 0x00, 0x00, 0x00, 0x00, 0x00, 0x00, 0x00, 0x00, 0x00, 0x00, 0x00, 0x00, 0x00, 0x00, 0x00
.byte 0x00, 0x00, 0x00, 0x00, 0x01, 0x00, 0x00, 0x00
.globl _sym_00be87b0
_sym_00be87b0:
.byte 0x22, 0x05, 0x93, 0x19, 0x05, 0x00, 0x00, 0x00
.long _sym_00be87d4
.byte 0x00, 0x00, 0x00, 0x00, 0x00, 0x00, 0x00, 0x00, 0x00, 0x00, 0x00, 0x00, 0x00, 0x00, 0x00, 0x00
.byte 0x00, 0x00, 0x00, 0x00, 0x01, 0x00, 0x00, 0x00
.globl _sym_00be87d4
_sym_00be87d4:
.byte 0xff, 0xff, 0xff, 0xff
.long _sym_00ac2230
.byte 0xff, 0xff, 0xff, 0xff
.long _sym_00ac223e
.byte 0xff, 0xff, 0xff, 0xff
.long _sym_00ac224c
.byte 0xff, 0xff, 0xff, 0xff
.long _sym_00ac225a
.byte 0xff, 0xff, 0xff, 0xff
.long _sym_00ac2268
.globl _sym_00be87fc
_sym_00be87fc:
.byte 0xff, 0xff, 0xff, 0xff
.long _sym_00ac1bc0
.globl _sym_00be8804
_sym_00be8804:
.byte 0x22, 0x05, 0x93, 0x19, 0x01, 0x00, 0x00, 0x00
.long _sym_00be87fc
.byte 0x00, 0x00, 0x00, 0x00, 0x00, 0x00, 0x00, 0x00, 0x00, 0x00, 0x00, 0x00, 0x00, 0x00, 0x00, 0x00
.byte 0x00, 0x00, 0x00, 0x00, 0x01, 0x00, 0x00, 0x00
.globl _sym_00be8828
_sym_00be8828:
.byte 0x22, 0x05, 0x93, 0x19, 0x06, 0x00, 0x00, 0x00
.long _sym_00be884c
.byte 0x00, 0x00, 0x00, 0x00, 0x00, 0x00, 0x00, 0x00, 0x00, 0x00, 0x00, 0x00, 0x00, 0x00, 0x00, 0x00
.byte 0x00, 0x00, 0x00, 0x00, 0x01, 0x00, 0x00, 0x00
.globl _sym_00be884c
_sym_00be884c:
.byte 0xff, 0xff, 0xff, 0xff
.long _sym_00ac22a0
.byte 0xff, 0xff, 0xff, 0xff
.long _sym_00ac22ae
.byte 0x01, 0x00, 0x00, 0x00
.long _sym_00ac22bc
.byte 0x01, 0x00, 0x00, 0x00, 0x00, 0x00, 0x00, 0x00, 0x01, 0x00, 0x00, 0x00, 0x00, 0x00, 0x00, 0x00
.byte 0x01, 0x00, 0x00, 0x00, 0x00, 0x00, 0x00, 0x00
.globl _sym_00be887c
_sym_00be887c:
.byte 0xff, 0xff, 0xff, 0xff
.long _sym_00ac1bf0
.globl _sym_00be8884
_sym_00be8884:
.byte 0x22, 0x05, 0x93, 0x19, 0x01, 0x00, 0x00, 0x00
.long _sym_00be887c
.byte 0x00, 0x00, 0x00, 0x00, 0x00, 0x00, 0x00, 0x00, 0x00, 0x00, 0x00, 0x00, 0x00, 0x00, 0x00, 0x00
.byte 0x00, 0x00, 0x00, 0x00, 0x01, 0x00, 0x00, 0x00
.globl _sym_00be88a8
_sym_00be88a8:
.byte 0xff, 0xff, 0xff, 0xff
.long _sym_00ac22f0
.byte 0xff, 0xff, 0xff, 0xff
.long _sym_00ac22fe
.byte 0xff, 0xff, 0xff, 0xff
.long _sym_00ac230c
.byte 0xff, 0xff, 0xff, 0xff
.long _sym_00ac231a
.globl _sym_00be88c8
_sym_00be88c8:
.byte 0x22, 0x05, 0x93, 0x19, 0x04, 0x00, 0x00, 0x00
.long _sym_00be88a8
.byte 0x00, 0x00, 0x00, 0x00, 0x00, 0x00, 0x00, 0x00, 0x00, 0x00, 0x00, 0x00, 0x00, 0x00, 0x00, 0x00
.byte 0x00, 0x00, 0x00, 0x00, 0x01, 0x00, 0x00, 0x00
.globl _sym_00be88ec
_sym_00be88ec:
.byte 0xff, 0xff, 0xff, 0xff
.long _sym_00ac23b0
.byte 0xff, 0xff, 0xff, 0xff, 0x00, 0x00, 0x00, 0x00, 0xff, 0xff, 0xff, 0xff, 0x00, 0x00, 0x00, 0x00
.byte 0xff, 0xff, 0xff, 0xff, 0x00, 0x00, 0x00, 0x00
.globl _sym_00be890c
_sym_00be890c:
.byte 0x22, 0x05, 0x93, 0x19, 0x04, 0x00, 0x00, 0x00
.long _sym_00be88ec
.byte 0x00, 0x00, 0x00, 0x00, 0x00, 0x00, 0x00, 0x00, 0x00, 0x00, 0x00, 0x00, 0x00, 0x00, 0x00, 0x00
.byte 0x00, 0x00, 0x00, 0x00, 0x01, 0x00, 0x00, 0x00
.globl _sym_00be8930
_sym_00be8930:
.byte 0x22, 0x05, 0x93, 0x19, 0x0b, 0x00, 0x00, 0x00
.long _sym_00be8954
.byte 0x00, 0x00, 0x00, 0x00, 0x00, 0x00, 0x00, 0x00, 0x00, 0x00, 0x00, 0x00, 0x00, 0x00, 0x00, 0x00
.byte 0x00, 0x00, 0x00, 0x00, 0x01, 0x00, 0x00, 0x00
.globl _sym_00be8954
_sym_00be8954:
.byte 0xff, 0xff, 0xff, 0xff
.long _sym_00ac1e60
.byte 0xff, 0xff, 0xff, 0xff
.long _sym_00ac1e6e
.byte 0xff, 0xff, 0xff, 0xff
.long _sym_00ac1e7c
.byte 0xff, 0xff, 0xff, 0xff
.long _sym_00ac1e8a
.byte 0x03, 0x00, 0x00, 0x00
.long _sym_00ac1e98
.byte 0x03, 0x00, 0x00, 0x00, 0x00, 0x00, 0x00, 0x00, 0x03, 0x00, 0x00, 0x00, 0x00, 0x00, 0x00, 0x00
.byte 0x03, 0x00, 0x00, 0x00, 0x00, 0x00, 0x00, 0x00, 0xff, 0xff, 0xff, 0xff
.long _sym_00ac1ea6
.byte 0xff, 0xff, 0xff, 0xff
.long _sym_00ac1eb4
.byte 0xff, 0xff, 0xff, 0xff
.long _sym_00ac1ec2
.globl _sym_00be89ac
_sym_00be89ac:
.byte 0xff, 0xff, 0xff, 0xff
.long _sym_00ac2500
.globl _sym_00be89b4
_sym_00be89b4:
.byte 0x22, 0x05, 0x93, 0x19, 0x01, 0x00, 0x00, 0x00
.long _sym_00be89ac
.byte 0x00, 0x00, 0x00, 0x00, 0x00, 0x00, 0x00, 0x00, 0x00, 0x00, 0x00, 0x00, 0x00, 0x00, 0x00, 0x00
.byte 0x00, 0x00, 0x00, 0x00, 0x01, 0x00, 0x00, 0x00
.globl _sym_00be89d8
_sym_00be89d8:
.byte 0xff, 0xff, 0xff, 0xff
.long _sym_00ac1b00
.globl _sym_00be89e0
_sym_00be89e0:
.byte 0x22, 0x05, 0x93, 0x19, 0x01, 0x00, 0x00, 0x00
.long _sym_00be89d8
.byte 0x00, 0x00, 0x00, 0x00, 0x00, 0x00, 0x00, 0x00, 0x00, 0x00, 0x00, 0x00, 0x00, 0x00, 0x00, 0x00
.byte 0x00, 0x00, 0x00, 0x00, 0x01, 0x00, 0x00, 0x00
.globl _sym_00be8a04
_sym_00be8a04:
.byte 0xff, 0xff, 0xff, 0xff
.long _sym_00ac1c60
.globl _sym_00be8a0c
_sym_00be8a0c:
.byte 0x22, 0x05, 0x93, 0x19, 0x01, 0x00, 0x00, 0x00
.long _sym_00be8a04
.byte 0x00, 0x00, 0x00, 0x00, 0x00, 0x00, 0x00, 0x00, 0x00, 0x00, 0x00, 0x00, 0x00, 0x00, 0x00, 0x00
.byte 0x00, 0x00, 0x00, 0x00, 0x01, 0x00, 0x00, 0x00
.globl _sym_00be8a30
_sym_00be8a30:
.byte 0xff, 0xff, 0xff, 0xff
.long _sym_00ac1d40
.globl _sym_00be8a38
_sym_00be8a38:
.byte 0x22, 0x05, 0x93, 0x19, 0x01, 0x00, 0x00, 0x00
.long _sym_00be8a30
.byte 0x00, 0x00, 0x00, 0x00, 0x00, 0x00, 0x00, 0x00, 0x00, 0x00, 0x00, 0x00, 0x00, 0x00, 0x00, 0x00
.byte 0x00, 0x00, 0x00, 0x00, 0x01, 0x00, 0x00, 0x00
.globl _sym_00be8a5c
_sym_00be8a5c:
.byte 0x22, 0x05, 0x93, 0x19, 0x07, 0x00, 0x00, 0x00
.long _sym_00be8a80
.byte 0x00, 0x00, 0x00, 0x00, 0x00, 0x00, 0x00, 0x00, 0x00, 0x00, 0x00, 0x00, 0x00, 0x00, 0x00, 0x00
.byte 0x00, 0x00, 0x00, 0x00, 0x01, 0x00, 0x00, 0x00
.globl _sym_00be8a80
_sym_00be8a80:
.byte 0xff, 0xff, 0xff, 0xff
.long _sym_00ac1ef0
.byte 0xff, 0xff, 0xff, 0xff
.long _sym_00ac1efe
.byte 0xff, 0xff, 0xff, 0xff
.long _sym_00ac1f0c
.byte 0xff, 0xff, 0xff, 0xff
.long _sym_00ac1f1a
.byte 0xff, 0xff, 0xff, 0xff
.long _sym_00ac1f28
.byte 0xff, 0xff, 0xff, 0xff
.long _sym_00ac1f36
.byte 0xff, 0xff, 0xff, 0xff
.long _sym_00ac1f44
.globl _sym_00be8ab8
_sym_00be8ab8:
.byte 0xff, 0xff, 0xff, 0xff
.long _sym_00ac1b30
.globl _sym_00be8ac0
_sym_00be8ac0:
.byte 0x22, 0x05, 0x93, 0x19, 0x01, 0x00, 0x00, 0x00
.long _sym_00be8ab8
.byte 0x00, 0x00, 0x00, 0x00, 0x00, 0x00, 0x00, 0x00, 0x00, 0x00, 0x00, 0x00, 0x00, 0x00, 0x00, 0x00
.byte 0x00, 0x00, 0x00, 0x00, 0x01, 0x00, 0x00, 0x00
.globl _sym_00be8ae4
_sym_00be8ae4:
.byte 0xff, 0xff, 0xff, 0xff
.long _sym_00ac1c90
.byte 0xff, 0xff, 0xff, 0xff
.long _sym_00ac1c98
.globl _sym_00be8af4
_sym_00be8af4:
.byte 0x22, 0x05, 0x93, 0x19, 0x02, 0x00, 0x00, 0x00
.long _sym_00be8ae4
.byte 0x00, 0x00, 0x00, 0x00, 0x00, 0x00, 0x00, 0x00, 0x00, 0x00, 0x00, 0x00, 0x00, 0x00, 0x00, 0x00
.byte 0x00, 0x00, 0x00, 0x00, 0x01, 0x00, 0x00, 0x00
.globl _sym_00be8b18
_sym_00be8b18:
.byte 0x22, 0x05, 0x93, 0x19, 0x0c, 0x00, 0x00, 0x00
.long _sym_00be8b3c
.byte 0x00, 0x00, 0x00, 0x00, 0x00, 0x00, 0x00, 0x00, 0x00, 0x00, 0x00, 0x00, 0x00, 0x00, 0x00, 0x00
.byte 0x00, 0x00, 0x00, 0x00, 0x01, 0x00, 0x00, 0x00
.globl _sym_00be8b3c
_sym_00be8b3c:
.byte 0xff, 0xff, 0xff, 0xff
.long _sym_00ac1f70
.byte 0xff, 0xff, 0xff, 0xff
.long _sym_00ac1f7e
.byte 0xff, 0xff, 0xff, 0xff
.long _sym_00ac1f8c
.byte 0xff, 0xff, 0xff, 0xff
.long _sym_00ac1f9a
.byte 0xff, 0xff, 0xff, 0xff
.long _sym_00ac1fa8
.byte 0xff, 0xff, 0xff, 0xff
.long _sym_00ac1fb6
.byte 0xff, 0xff, 0xff, 0xff
.long _sym_00ac1fc4
.byte 0xff, 0xff, 0xff, 0xff
.long _sym_00ac1fd2
.byte 0xff, 0xff, 0xff, 0xff
.long _sym_00ac1fe2
.byte 0xff, 0xff, 0xff, 0xff
.long _sym_00ac1ff2
.byte 0xff, 0xff, 0xff, 0xff
.long _sym_00ac2002
.byte 0xff, 0xff, 0xff, 0xff
.long _sym_00ac2012
.globl _sym_00be8b9c
_sym_00be8b9c:
.byte 0xff, 0xff, 0xff, 0xff
.long _sym_00ac1b60
.globl _sym_00be8ba4
_sym_00be8ba4:
.byte 0x22, 0x05, 0x93, 0x19, 0x01, 0x00, 0x00, 0x00
.long _sym_00be8b9c
.byte 0x00, 0x00, 0x00, 0x00, 0x00, 0x00, 0x00, 0x00, 0x00, 0x00, 0x00, 0x00, 0x00, 0x00, 0x00, 0x00
.byte 0x00, 0x00, 0x00, 0x00, 0x01, 0x00, 0x00, 0x00
.globl _sym_00be8bc8
_sym_00be8bc8:
.byte 0x22, 0x05, 0x93, 0x19, 0x21, 0x00, 0x00, 0x00
.long _sym_00be8bec
.byte 0x00, 0x00, 0x00, 0x00, 0x00, 0x00, 0x00, 0x00, 0x00, 0x00, 0x00, 0x00, 0x00, 0x00, 0x00, 0x00
.byte 0x00, 0x00, 0x00, 0x00, 0x01, 0x00, 0x00, 0x00
.globl _sym_00be8bec
_sym_00be8bec:
.byte 0xff, 0xff, 0xff, 0xff
.long _sym_00ac2040
.byte 0xff, 0xff, 0xff, 0xff
.long _sym_00ac204e
.byte 0xff, 0xff, 0xff, 0xff
.long _sym_00ac205c
.byte 0xff, 0xff, 0xff, 0xff
.long _sym_00ac206a
.byte 0xff, 0xff, 0xff, 0xff
.long _sym_00ac2078
.byte 0xff, 0xff, 0xff, 0xff
.long _sym_00ac2086
.byte 0xff, 0xff, 0xff, 0xff
.long _sym_00ac2094
.byte 0xff, 0xff, 0xff, 0xff
.long _sym_00ac20a2
.byte 0x07, 0x00, 0x00, 0x00
.long _sym_00ac20b2
.byte 0x07, 0x00, 0x00, 0x00, 0x00, 0x00, 0x00, 0x00, 0x07, 0x00, 0x00, 0x00, 0x00, 0x00, 0x00, 0x00
.byte 0x07, 0x00, 0x00, 0x00, 0x00, 0x00, 0x00, 0x00, 0xff, 0xff, 0xff, 0xff
.long _sym_00ac20c0
.byte 0xff, 0xff, 0xff, 0xff
.long _sym_00ac20d0
.byte 0xff, 0xff, 0xff, 0xff
.long _sym_00ac20e0
.byte 0xff, 0xff, 0xff, 0xff
.long _sym_00ac20f0
.byte 0xff, 0xff, 0xff, 0xff
.long _sym_00ac2100
.byte 0xff, 0xff, 0xff, 0xff
.long _sym_00ac2110
.byte 0xff, 0xff, 0xff, 0xff
.long _sym_00ac2120
.byte 0xff, 0xff, 0xff, 0xff
.long _sym_00ac2130
.byte 0xff, 0xff, 0xff, 0xff
.long _sym_00ac2140
.byte 0xff, 0xff, 0xff, 0xff
.long _sym_00ac2150
.byte 0xff, 0xff, 0xff, 0xff
.long _sym_00ac2160
.byte 0xff, 0xff, 0xff, 0xff
.long _sym_00ac2170
.byte 0xff, 0xff, 0xff, 0xff
.long _sym_00ac2180
.byte 0xff, 0xff, 0xff, 0xff
.long _sym_00ac2190
.byte 0xff, 0xff, 0xff, 0xff
.long _sym_00ac21a0
.byte 0xff, 0xff, 0xff, 0xff
.long _sym_00ac21b0
.byte 0xff, 0xff, 0xff, 0xff
.long _sym_00ac21c0
.byte 0xff, 0xff, 0xff, 0xff
.long _sym_00ac21d0
.byte 0xff, 0xff, 0xff, 0xff
.long _sym_00ac21e0
.byte 0xff, 0xff, 0xff, 0xff
.long _sym_00ac21f0
.byte 0xff, 0xff, 0xff, 0xff
.long _sym_00ac2200
.globl _sym_00be8cf4
_sym_00be8cf4:
.byte 0xff, 0xff, 0xff, 0xff
.long _sym_00ac1b90
.globl _sym_00be8cfc
_sym_00be8cfc:
.byte 0x22, 0x05, 0x93, 0x19, 0x01, 0x00, 0x00, 0x00
.long _sym_00be8cf4
.byte 0x00, 0x00, 0x00, 0x00, 0x00, 0x00, 0x00, 0x00, 0x00, 0x00, 0x00, 0x00, 0x00, 0x00, 0x00, 0x00
.byte 0x00, 0x00, 0x00, 0x00, 0x01, 0x00, 0x00, 0x00
.globl _sym_00be8d20
_sym_00be8d20:
.byte 0xff, 0xff, 0xff, 0xff
.long _sym_00ac24d0
.globl _sym_00be8d28
_sym_00be8d28:
.byte 0x22, 0x05, 0x93, 0x19, 0x01, 0x00, 0x00, 0x00
.long _sym_00be8d20
.byte 0x00, 0x00, 0x00, 0x00, 0x00, 0x00, 0x00, 0x00, 0x00, 0x00, 0x00, 0x00, 0x00, 0x00, 0x00, 0x00
.byte 0x00, 0x00, 0x00, 0x00, 0x01, 0x00, 0x00, 0x00
.globl _sym_00be8d4c
_sym_00be8d4c:
.byte 0xff, 0xff, 0xff, 0xff
.long _sym_00ac1c20
.byte 0x00, 0x00, 0x00, 0x00
.long _sym_00ac1c2b
.globl _sym_00be8d5c
_sym_00be8d5c:
.byte 0x22, 0x05, 0x93, 0x19, 0x02, 0x00, 0x00, 0x00
.long _sym_00be8d4c
.byte 0x00, 0x00, 0x00, 0x00, 0x00, 0x00, 0x00, 0x00, 0x00, 0x00, 0x00, 0x00, 0x00, 0x00, 0x00, 0x00
.byte 0x00, 0x00, 0x00, 0x00, 0x01, 0x00, 0x00, 0x00
.globl _sym_00be8d80
_sym_00be8d80:
.byte 0x22, 0x05, 0x93, 0x19, 0x08, 0x00, 0x00, 0x00
.long _sym_00be8da4
.byte 0x00, 0x00, 0x00, 0x00, 0x00, 0x00, 0x00, 0x00, 0x00, 0x00, 0x00, 0x00, 0x00, 0x00, 0x00, 0x00
.byte 0x00, 0x00, 0x00, 0x00, 0x01, 0x00, 0x00, 0x00
.globl _sym_00be8da4
_sym_00be8da4:
.byte 0xff, 0xff, 0xff, 0xff
.long _sym_00ac1cc0
.byte 0x00, 0x00, 0x00, 0x00
.long _sym_00ac1ccb
.byte 0x01, 0x00, 0x00, 0x00
.long _sym_00ac1cd6
.byte 0x02, 0x00, 0x00, 0x00
.long _sym_00ac1ce4
.byte 0x03, 0x00, 0x00, 0x00
.long _sym_00ac1cf2
.byte 0x04, 0x00, 0x00, 0x00
.long _sym_00ac1d00
.byte 0x00, 0x00, 0x00, 0x00
.long _sym_00ac1d0e
.byte 0x06, 0x00, 0x00, 0x00
.long _sym_00ac1d16
.globl _sym_00be8de4
_sym_00be8de4:
.byte 0xff, 0xff, 0xff, 0xff
.long _sym_00ac2710
.globl _sym_00be8dec
_sym_00be8dec:
.byte 0x22, 0x05, 0x93, 0x19, 0x01, 0x00, 0x00, 0x00
.long _sym_00be8de4
.byte 0x00, 0x00, 0x00, 0x00, 0x00, 0x00, 0x00, 0x00, 0x00, 0x00, 0x00, 0x00, 0x00, 0x00, 0x00, 0x00
.byte 0x00, 0x00, 0x00, 0x00, 0x01, 0x00, 0x00, 0x00
.globl _sym_00be8e10
_sym_00be8e10:
.byte 0xff, 0xff, 0xff, 0xff
.long _sym_00ac1890
.globl _sym_00be8e18
_sym_00be8e18:
.byte 0x22, 0x05, 0x93, 0x19, 0x01, 0x00, 0x00, 0x00
.long _sym_00be8e10
.byte 0x00, 0x00, 0x00, 0x00, 0x00, 0x00, 0x00, 0x00, 0x00, 0x00, 0x00, 0x00, 0x00, 0x00, 0x00, 0x00
.byte 0x00, 0x00, 0x00, 0x00, 0x01, 0x00, 0x00, 0x00
.globl _sym_00be8e3c
_sym_00be8e3c:
.byte 0xff, 0xff, 0xff, 0xff
.long _sym_00ac1dd0
.globl _sym_00be8e44
_sym_00be8e44:
.byte 0x22, 0x05, 0x93, 0x19, 0x01, 0x00, 0x00, 0x00
.long _sym_00be8e3c
.byte 0x00, 0x00, 0x00, 0x00, 0x00, 0x00, 0x00, 0x00, 0x00, 0x00, 0x00, 0x00, 0x00, 0x00, 0x00, 0x00
.byte 0x00, 0x00, 0x00, 0x00, 0x01, 0x00, 0x00, 0x00
.globl _sym_00be8e68
_sym_00be8e68:
.byte 0xff, 0xff, 0xff, 0xff
.long _sym_00ac1e00
.globl _sym_00be8e70
_sym_00be8e70:
.byte 0x22, 0x05, 0x93, 0x19, 0x01, 0x00, 0x00, 0x00
.long _sym_00be8e68
.byte 0x00, 0x00, 0x00, 0x00, 0x00, 0x00, 0x00, 0x00, 0x00, 0x00, 0x00, 0x00, 0x00, 0x00, 0x00, 0x00
.byte 0x00, 0x00, 0x00, 0x00, 0x01, 0x00, 0x00, 0x00
.globl _sym_00be8e94
_sym_00be8e94:
.byte 0xff, 0xff, 0xff, 0xff
.long _sym_00ac1e30
.globl _sym_00be8e9c
_sym_00be8e9c:
.byte 0x22, 0x05, 0x93, 0x19, 0x01, 0x00, 0x00, 0x00
.long _sym_00be8e94
.byte 0x00, 0x00, 0x00, 0x00, 0x00, 0x00, 0x00, 0x00, 0x00, 0x00, 0x00, 0x00, 0x00, 0x00, 0x00, 0x00
.byte 0x00, 0x00, 0x00, 0x00, 0x01, 0x00, 0x00, 0x00
.globl _sym_00be8ec0
_sym_00be8ec0:
.byte 0xff, 0xff, 0xff, 0xff
.long _sym_00ac1980
.byte 0xff, 0xff, 0xff, 0xff, 0x00, 0x00, 0x00, 0x00, 0xff, 0xff, 0xff, 0xff, 0x00, 0x00, 0x00, 0x00
.byte 0xff, 0xff, 0xff, 0xff, 0x00, 0x00, 0x00, 0x00
.globl _sym_00be8ee0
_sym_00be8ee0:
.byte 0x22, 0x05, 0x93, 0x19, 0x04, 0x00, 0x00, 0x00
.long _sym_00be8ec0
.byte 0x00, 0x00, 0x00, 0x00, 0x00, 0x00, 0x00, 0x00, 0x00, 0x00, 0x00, 0x00, 0x00, 0x00, 0x00, 0x00
.byte 0x00, 0x00, 0x00, 0x00, 0x01, 0x00, 0x00, 0x00
.globl _sym_00be8f04
_sym_00be8f04:
.byte 0xff, 0xff, 0xff, 0xff
.long _sym_00ac1d70
.globl _sym_00be8f0c
_sym_00be8f0c:
.byte 0x22, 0x05, 0x93, 0x19, 0x01, 0x00, 0x00, 0x00
.long _sym_00be8f04
.byte 0x00, 0x00, 0x00, 0x00, 0x00, 0x00, 0x00, 0x00, 0x00, 0x00, 0x00, 0x00, 0x00, 0x00, 0x00, 0x00
.byte 0x00, 0x00, 0x00, 0x00, 0x01, 0x00, 0x00, 0x00
.globl _sym_00be8f30
_sym_00be8f30:
.byte 0xff, 0xff, 0xff, 0xff
.long _sym_00ac1da0
.globl _sym_00be8f38
_sym_00be8f38:
.byte 0x22, 0x05, 0x93, 0x19, 0x01, 0x00, 0x00, 0x00
.long _sym_00be8f30
.byte 0x00, 0x00, 0x00, 0x00, 0x00, 0x00, 0x00, 0x00, 0x00, 0x00, 0x00, 0x00, 0x00, 0x00, 0x00, 0x00
.byte 0x00, 0x00, 0x00, 0x00, 0x01, 0x00, 0x00, 0x00
.globl _sym_00be8f5c
_sym_00be8f5c:
.byte 0xff, 0xff, 0xff, 0xff
.long _sym_00ac1a70
.globl _sym_00be8f64
_sym_00be8f64:
.byte 0x22, 0x05, 0x93, 0x19, 0x01, 0x00, 0x00, 0x00
.long _sym_00be8f5c
.byte 0x00, 0x00, 0x00, 0x00, 0x00, 0x00, 0x00, 0x00, 0x00, 0x00, 0x00, 0x00, 0x00, 0x00, 0x00, 0x00
.byte 0x00, 0x00, 0x00, 0x00, 0x01, 0x00, 0x00, 0x00
.globl _sym_00be8f88
_sym_00be8f88:
.byte 0xff, 0xff, 0xff, 0xff
.long _sym_00ac1aa0
.globl _sym_00be8f90
_sym_00be8f90:
.byte 0x22, 0x05, 0x93, 0x19, 0x01, 0x00, 0x00, 0x00
.long _sym_00be8f88
.byte 0x00, 0x00, 0x00, 0x00, 0x00, 0x00, 0x00, 0x00, 0x00, 0x00, 0x00, 0x00, 0x00, 0x00, 0x00, 0x00
.byte 0x00, 0x00, 0x00, 0x00, 0x01, 0x00, 0x00, 0x00
.globl _sym_00be8fb4
_sym_00be8fb4:
.byte 0xff, 0xff, 0xff, 0xff
.long _sym_00ac26b0
.globl _sym_00be8fbc
_sym_00be8fbc:
.byte 0x22, 0x05, 0x93, 0x19, 0x01, 0x00, 0x00, 0x00
.long _sym_00be8fb4
.byte 0x00, 0x00, 0x00, 0x00, 0x00, 0x00, 0x00, 0x00, 0x00, 0x00, 0x00, 0x00, 0x00, 0x00, 0x00, 0x00
.byte 0x00, 0x00, 0x00, 0x00, 0x01, 0x00, 0x00, 0x00
.globl _sym_00be8fe0
_sym_00be8fe0:
.byte 0xff, 0xff, 0xff, 0xff
.long _sym_00ac2680
.globl _sym_00be8fe8
_sym_00be8fe8:
.byte 0x22, 0x05, 0x93, 0x19, 0x01, 0x00, 0x00, 0x00
.long _sym_00be8fe0
.byte 0x00, 0x00, 0x00, 0x00, 0x00, 0x00, 0x00, 0x00, 0x00, 0x00, 0x00, 0x00, 0x00, 0x00, 0x00, 0x00
.byte 0x00, 0x00, 0x00, 0x00, 0x01, 0x00, 0x00, 0x00
.globl _sym_00be900c
_sym_00be900c:
.byte 0xff, 0xff, 0xff, 0xff
.long _sym_00ac2650
.globl _sym_00be9014
_sym_00be9014:
.byte 0x22, 0x05, 0x93, 0x19, 0x01, 0x00, 0x00, 0x00
.long _sym_00be900c
.byte 0x00, 0x00, 0x00, 0x00, 0x00, 0x00, 0x00, 0x00, 0x00, 0x00, 0x00, 0x00, 0x00, 0x00, 0x00, 0x00
.byte 0x00, 0x00, 0x00, 0x00, 0x01, 0x00, 0x00, 0x00
.globl _sym_00be9038
_sym_00be9038:
.byte 0xff, 0xff, 0xff, 0xff
.long _sym_00ac2620
.globl _sym_00be9040
_sym_00be9040:
.byte 0x22, 0x05, 0x93, 0x19, 0x01, 0x00, 0x00, 0x00
.long _sym_00be9038
.byte 0x00, 0x00, 0x00, 0x00, 0x00, 0x00, 0x00, 0x00, 0x00, 0x00, 0x00, 0x00, 0x00, 0x00, 0x00, 0x00
.byte 0x00, 0x00, 0x00, 0x00, 0x01, 0x00, 0x00, 0x00
.globl _sym_00be9064
_sym_00be9064:
.byte 0xff, 0xff, 0xff, 0xff
.long _sym_00ac25f0
.globl _sym_00be906c
_sym_00be906c:
.byte 0x22, 0x05, 0x93, 0x19, 0x01, 0x00, 0x00, 0x00
.long _sym_00be9064
.byte 0x00, 0x00, 0x00, 0x00, 0x00, 0x00, 0x00, 0x00, 0x00, 0x00, 0x00, 0x00, 0x00, 0x00, 0x00, 0x00
.byte 0x00, 0x00, 0x00, 0x00, 0x01, 0x00, 0x00, 0x00
.globl _sym_00be9090
_sym_00be9090:
.byte 0xff, 0xff, 0xff, 0xff
.long _sym_00ac1ad0
.globl _sym_00be9098
_sym_00be9098:
.byte 0x22, 0x05, 0x93, 0x19, 0x01, 0x00, 0x00, 0x00
.long _sym_00be9090
.byte 0x00, 0x00, 0x00, 0x00, 0x00, 0x00, 0x00, 0x00, 0x00, 0x00, 0x00, 0x00, 0x00, 0x00, 0x00, 0x00
.byte 0x00, 0x00, 0x00, 0x00, 0x01, 0x00, 0x00, 0x00
.globl _sym_00be90bc
_sym_00be90bc:
.byte 0xff, 0xff, 0xff, 0xff
.long _sym_00ac1920
.byte 0xff, 0xff, 0xff, 0xff, 0x00, 0x00, 0x00, 0x00, 0xff, 0xff, 0xff, 0xff, 0x00, 0x00, 0x00, 0x00
.byte 0xff, 0xff, 0xff, 0xff, 0x00, 0x00, 0x00, 0x00
.globl _sym_00be90dc
_sym_00be90dc:
.byte 0x22, 0x05, 0x93, 0x19, 0x04, 0x00, 0x00, 0x00
.long _sym_00be90bc
.byte 0x00, 0x00, 0x00, 0x00, 0x00, 0x00, 0x00, 0x00, 0x00, 0x00, 0x00, 0x00, 0x00, 0x00, 0x00, 0x00
.byte 0x00, 0x00, 0x00, 0x00, 0x01, 0x00, 0x00, 0x00
.globl _sym_00be9100
_sym_00be9100:
.byte 0xff, 0xff, 0xff, 0xff
.long _sym_00ac2530
.globl _sym_00be9108
_sym_00be9108:
.byte 0x22, 0x05, 0x93, 0x19, 0x01, 0x00, 0x00, 0x00
.long _sym_00be9100
.byte 0x00, 0x00, 0x00, 0x00, 0x00, 0x00, 0x00, 0x00, 0x00, 0x00, 0x00, 0x00, 0x00, 0x00, 0x00, 0x00
.byte 0x00, 0x00, 0x00, 0x00, 0x01, 0x00, 0x00, 0x00
.globl _sym_00be912c
_sym_00be912c:
.byte 0xff, 0xff, 0xff, 0xff
.long _sym_00ac2560
.globl _sym_00be9134
_sym_00be9134:
.byte 0x22, 0x05, 0x93, 0x19, 0x01, 0x00, 0x00, 0x00
.long _sym_00be912c
.byte 0x00, 0x00, 0x00, 0x00, 0x00, 0x00, 0x00, 0x00, 0x00, 0x00, 0x00, 0x00, 0x00, 0x00, 0x00, 0x00
.byte 0x00, 0x00, 0x00, 0x00, 0x01, 0x00, 0x00, 0x00
.globl _sym_00be9158
_sym_00be9158:
.byte 0xff, 0xff, 0xff, 0xff
.long _sym_00ac25c0
.globl _sym_00be9160
_sym_00be9160:
.byte 0x22, 0x05, 0x93, 0x19, 0x01, 0x00, 0x00, 0x00
.long _sym_00be9158
.byte 0x00, 0x00, 0x00, 0x00, 0x00, 0x00, 0x00, 0x00, 0x00, 0x00, 0x00, 0x00, 0x00, 0x00, 0x00, 0x00
.byte 0x00, 0x00, 0x00, 0x00, 0x01, 0x00, 0x00, 0x00
.globl _sym_00be9184
_sym_00be9184:
.byte 0xff, 0xff, 0xff, 0xff
.long _sym_00ac2590
.globl _sym_00be918c
_sym_00be918c:
.byte 0x22, 0x05, 0x93, 0x19, 0x01, 0x00, 0x00, 0x00
.long _sym_00be9184
.byte 0x00, 0x00, 0x00, 0x00, 0x00, 0x00, 0x00, 0x00, 0x00, 0x00, 0x00, 0x00, 0x00, 0x00, 0x00, 0x00
.byte 0x00, 0x00, 0x00, 0x00, 0x01, 0x00, 0x00, 0x00
.globl _sym_00be91b0
_sym_00be91b0:
.byte 0xff, 0xff, 0xff, 0xff
.long _sym_00ac19b0
.byte 0xff, 0xff, 0xff, 0xff, 0x00, 0x00, 0x00, 0x00, 0xff, 0xff, 0xff, 0xff, 0x00, 0x00, 0x00, 0x00
.byte 0xff, 0xff, 0xff, 0xff, 0x00, 0x00, 0x00, 0x00
.globl _sym_00be91d0
_sym_00be91d0:
.byte 0x22, 0x05, 0x93, 0x19, 0x04, 0x00, 0x00, 0x00
.long _sym_00be91b0
.byte 0x00, 0x00, 0x00, 0x00, 0x00, 0x00, 0x00, 0x00, 0x00, 0x00, 0x00, 0x00, 0x00, 0x00, 0x00, 0x00
.byte 0x00, 0x00, 0x00, 0x00, 0x01, 0x00, 0x00, 0x00
.globl _sym_00be91f4
_sym_00be91f4:
.byte 0xff, 0xff, 0xff, 0xff
.long _sym_00ac1a10
.byte 0xff, 0xff, 0xff, 0xff, 0x00, 0x00, 0x00, 0x00, 0xff, 0xff, 0xff, 0xff, 0x00, 0x00, 0x00, 0x00
.byte 0xff, 0xff, 0xff, 0xff, 0x00, 0x00, 0x00, 0x00
.globl _sym_00be9214
_sym_00be9214:
.byte 0x22, 0x05, 0x93, 0x19, 0x04, 0x00, 0x00, 0x00
.long _sym_00be91f4
.byte 0x00, 0x00, 0x00, 0x00, 0x00, 0x00, 0x00, 0x00, 0x00, 0x00, 0x00, 0x00, 0x00, 0x00, 0x00, 0x00
.byte 0x00, 0x00, 0x00, 0x00, 0x01, 0x00, 0x00, 0x00
.globl _sym_00be9238
_sym_00be9238:
.byte 0xff, 0xff, 0xff, 0xff
.long _sym_00ac26e0
.globl _sym_00be9240
_sym_00be9240:
.byte 0x22, 0x05, 0x93, 0x19, 0x01, 0x00, 0x00, 0x00
.long _sym_00be9238
.byte 0x00, 0x00, 0x00, 0x00, 0x00, 0x00, 0x00, 0x00, 0x00, 0x00, 0x00, 0x00, 0x00, 0x00, 0x00, 0x00
.byte 0x00, 0x00, 0x00, 0x00, 0x01, 0x00, 0x00, 0x00
.globl _sym_00be9264
_sym_00be9264:
.byte 0xff, 0xff, 0xff, 0xff
.long _sym_00ac19e0
.byte 0xff, 0xff, 0xff, 0xff, 0x00, 0x00, 0x00, 0x00, 0xff, 0xff, 0xff, 0xff, 0x00, 0x00, 0x00, 0x00
.byte 0xff, 0xff, 0xff, 0xff, 0x00, 0x00, 0x00, 0x00
.globl _sym_00be9284
_sym_00be9284:
.byte 0x22, 0x05, 0x93, 0x19, 0x04, 0x00, 0x00, 0x00
.long _sym_00be9264
.byte 0x00, 0x00, 0x00, 0x00, 0x00, 0x00, 0x00, 0x00, 0x00, 0x00, 0x00, 0x00, 0x00, 0x00, 0x00, 0x00
.byte 0x00, 0x00, 0x00, 0x00, 0x01, 0x00, 0x00, 0x00
.globl _sym_00be92a8
_sym_00be92a8:
.byte 0xff, 0xff, 0xff, 0xff
.long _sym_00ac1a40
.byte 0xff, 0xff, 0xff, 0xff, 0x00, 0x00, 0x00, 0x00, 0xff, 0xff, 0xff, 0xff, 0x00, 0x00, 0x00, 0x00
.byte 0xff, 0xff, 0xff, 0xff, 0x00, 0x00, 0x00, 0x00
.globl _sym_00be92c8
_sym_00be92c8:
.byte 0x22, 0x05, 0x93, 0x19, 0x04, 0x00, 0x00, 0x00
.long _sym_00be92a8
.byte 0x00, 0x00, 0x00, 0x00, 0x00, 0x00, 0x00, 0x00, 0x00, 0x00, 0x00, 0x00, 0x00, 0x00, 0x00, 0x00
.byte 0x00, 0x00, 0x00, 0x00, 0x01, 0x00, 0x00, 0x00
.globl _sym_00be92ec
_sym_00be92ec:
.byte 0xff, 0xff, 0xff, 0xff
.long _sym_00ac2350
.byte 0xff, 0xff, 0xff, 0xff, 0x00, 0x00, 0x00, 0x00, 0xff, 0xff, 0xff, 0xff, 0x00, 0x00, 0x00, 0x00
.byte 0xff, 0xff, 0xff, 0xff, 0x00, 0x00, 0x00, 0x00
.globl _sym_00be930c
_sym_00be930c:
.byte 0x22, 0x05, 0x93, 0x19, 0x04, 0x00, 0x00, 0x00
.long _sym_00be92ec
.byte 0x00, 0x00, 0x00, 0x00, 0x00, 0x00, 0x00, 0x00, 0x00, 0x00, 0x00, 0x00, 0x00, 0x00, 0x00, 0x00
.byte 0x00, 0x00, 0x00, 0x00, 0x01, 0x00, 0x00, 0x00
.globl _sym_00be9330
_sym_00be9330:
.byte 0xff, 0xff, 0xff, 0xff
.long _sym_00ac2410
.byte 0xff, 0xff, 0xff, 0xff, 0x00, 0x00, 0x00, 0x00, 0xff, 0xff, 0xff, 0xff, 0x00, 0x00, 0x00, 0x00
.byte 0xff, 0xff, 0xff, 0xff, 0x00, 0x00, 0x00, 0x00
.globl _sym_00be9350
_sym_00be9350:
.byte 0x22, 0x05, 0x93, 0x19, 0x04, 0x00, 0x00, 0x00
.long _sym_00be9330
.byte 0x00, 0x00, 0x00, 0x00, 0x00, 0x00, 0x00, 0x00, 0x00, 0x00, 0x00, 0x00, 0x00, 0x00, 0x00, 0x00
.byte 0x00, 0x00, 0x00, 0x00, 0x01, 0x00, 0x00, 0x00
.globl _sym_00be9374
_sym_00be9374:
.byte 0xff, 0xff, 0xff, 0xff
.long _sym_00ac18c0
.byte 0xff, 0xff, 0xff, 0xff, 0x00, 0x00, 0x00, 0x00, 0xff, 0xff, 0xff, 0xff, 0x00, 0x00, 0x00, 0x00
.byte 0xff, 0xff, 0xff, 0xff, 0x00, 0x00, 0x00, 0x00
.globl _sym_00be9394
_sym_00be9394:
.byte 0x22, 0x05, 0x93, 0x19, 0x04, 0x00, 0x00, 0x00
.long _sym_00be9374
.byte 0x00, 0x00, 0x00, 0x00, 0x00, 0x00, 0x00, 0x00, 0x00, 0x00, 0x00, 0x00, 0x00, 0x00, 0x00, 0x00
.byte 0x00, 0x00, 0x00, 0x00, 0x01, 0x00, 0x00, 0x00
.globl _sym_00be93b8
_sym_00be93b8:
.byte 0xff, 0xff, 0xff, 0xff
.long _sym_00ac1950
.byte 0xff, 0xff, 0xff, 0xff, 0x00, 0x00, 0x00, 0x00, 0xff, 0xff, 0xff, 0xff, 0x00, 0x00, 0x00, 0x00
.byte 0xff, 0xff, 0xff, 0xff, 0x00, 0x00, 0x00, 0x00
.globl _sym_00be93d8
_sym_00be93d8:
.byte 0x22, 0x05, 0x93, 0x19, 0x04, 0x00, 0x00, 0x00
.long _sym_00be93b8
.byte 0x00, 0x00, 0x00, 0x00, 0x00, 0x00, 0x00, 0x00, 0x00, 0x00, 0x00, 0x00, 0x00, 0x00, 0x00, 0x00
.byte 0x00, 0x00, 0x00, 0x00, 0x01, 0x00, 0x00, 0x00
.globl _sym_00be93fc
_sym_00be93fc:
.byte 0xff, 0xff, 0xff, 0xff
.long _sym_00ac2380
.byte 0xff, 0xff, 0xff, 0xff, 0x00, 0x00, 0x00, 0x00, 0xff, 0xff, 0xff, 0xff, 0x00, 0x00, 0x00, 0x00
.byte 0xff, 0xff, 0xff, 0xff, 0x00, 0x00, 0x00, 0x00
.globl _sym_00be941c
_sym_00be941c:
.byte 0x22, 0x05, 0x93, 0x19, 0x04, 0x00, 0x00, 0x00
.long _sym_00be93fc
.byte 0x00, 0x00, 0x00, 0x00, 0x00, 0x00, 0x00, 0x00, 0x00, 0x00, 0x00, 0x00, 0x00, 0x00, 0x00, 0x00
.byte 0x00, 0x00, 0x00, 0x00, 0x01, 0x00, 0x00, 0x00
.globl _sym_00be9440
_sym_00be9440:
.byte 0xff, 0xff, 0xff, 0xff
.long _sym_00ac2470
.byte 0xff, 0xff, 0xff, 0xff, 0x00, 0x00, 0x00, 0x00, 0xff, 0xff, 0xff, 0xff, 0x00, 0x00, 0x00, 0x00
.byte 0xff, 0xff, 0xff, 0xff, 0x00, 0x00, 0x00, 0x00
.globl _sym_00be9460
_sym_00be9460:
.byte 0x22, 0x05, 0x93, 0x19, 0x04, 0x00, 0x00, 0x00
.long _sym_00be9440
.byte 0x00, 0x00, 0x00, 0x00, 0x00, 0x00, 0x00, 0x00, 0x00, 0x00, 0x00, 0x00, 0x00, 0x00, 0x00, 0x00
.byte 0x00, 0x00, 0x00, 0x00, 0x01, 0x00, 0x00, 0x00
.globl _sym_00be9484
_sym_00be9484:
.byte 0xff, 0xff, 0xff, 0xff
.long _sym_00ac24a0
.byte 0xff, 0xff, 0xff, 0xff, 0x00, 0x00, 0x00, 0x00, 0xff, 0xff, 0xff, 0xff, 0x00, 0x00, 0x00, 0x00
.byte 0xff, 0xff, 0xff, 0xff, 0x00, 0x00, 0x00, 0x00
.globl _sym_00be94a4
_sym_00be94a4:
.byte 0x22, 0x05, 0x93, 0x19, 0x04, 0x00, 0x00, 0x00
.long _sym_00be9484
.byte 0x00, 0x00, 0x00, 0x00, 0x00, 0x00, 0x00, 0x00, 0x00, 0x00, 0x00, 0x00, 0x00, 0x00, 0x00, 0x00
.byte 0x00, 0x00, 0x00, 0x00, 0x01, 0x00, 0x00, 0x00
.globl _sym_00be94c8
_sym_00be94c8:
.byte 0xff, 0xff, 0xff, 0xff
.long _sym_00ac18f0
.byte 0xff, 0xff, 0xff, 0xff, 0x00, 0x00, 0x00, 0x00, 0xff, 0xff, 0xff, 0xff, 0x00, 0x00, 0x00, 0x00
.byte 0xff, 0xff, 0xff, 0xff, 0x00, 0x00, 0x00, 0x00
.globl _sym_00be94e8
_sym_00be94e8:
.byte 0x22, 0x05, 0x93, 0x19, 0x04, 0x00, 0x00, 0x00
.long _sym_00be94c8
.byte 0x00, 0x00, 0x00, 0x00, 0x00, 0x00, 0x00, 0x00, 0x00, 0x00, 0x00, 0x00, 0x00, 0x00, 0x00, 0x00
.byte 0x00, 0x00, 0x00, 0x00, 0x01, 0x00, 0x00, 0x00
.globl _sym_00be950c
_sym_00be950c:
.byte 0xff, 0xff, 0xff, 0xff
.long _sym_00ac2440
.byte 0xff, 0xff, 0xff, 0xff, 0x00, 0x00, 0x00, 0x00, 0xff, 0xff, 0xff, 0xff, 0x00, 0x00, 0x00, 0x00
.byte 0xff, 0xff, 0xff, 0xff, 0x00, 0x00, 0x00, 0x00
.globl _sym_00be952c
_sym_00be952c:
.byte 0x22, 0x05, 0x93, 0x19, 0x04, 0x00, 0x00, 0x00
.long _sym_00be950c
.byte 0x00, 0x00, 0x00, 0x00, 0x00, 0x00, 0x00, 0x00, 0x00, 0x00, 0x00, 0x00, 0x00, 0x00, 0x00, 0x00
.byte 0x00, 0x00, 0x00, 0x00, 0x01, 0x00, 0x00, 0x00
.globl _sym_00be9550
_sym_00be9550:
.byte 0xff, 0xff, 0xff, 0xff
.long _sym_00ac23e0
.byte 0xff, 0xff, 0xff, 0xff, 0x00, 0x00, 0x00, 0x00, 0xff, 0xff, 0xff, 0xff, 0x00, 0x00, 0x00, 0x00
.byte 0xff, 0xff, 0xff, 0xff, 0x00, 0x00, 0x00, 0x00
.globl _sym_00be9570
_sym_00be9570:
.byte 0x22, 0x05, 0x93, 0x19, 0x04, 0x00, 0x00, 0x00
.long _sym_00be9550
.byte 0x00, 0x00, 0x00, 0x00, 0x00, 0x00, 0x00, 0x00, 0x00, 0x00, 0x00, 0x00, 0x00, 0x00, 0x00, 0x00
.byte 0x00, 0x00, 0x00, 0x00, 0x01, 0x00, 0x00, 0x00
.globl _sym_00be9594
_sym_00be9594:
.byte 0x22, 0x05, 0x93, 0x19, 0x05, 0x00, 0x00, 0x00
.long _sym_00be95b8
.byte 0x00, 0x00, 0x00, 0x00, 0x00, 0x00, 0x00, 0x00, 0x00, 0x00, 0x00, 0x00, 0x00, 0x00, 0x00, 0x00
.byte 0x00, 0x00, 0x00, 0x00, 0x01, 0x00, 0x00, 0x00
.globl _sym_00be95b8
_sym_00be95b8:
.byte 0xff, 0xff, 0xff, 0xff
.long _sym_00ac27b0
.byte 0xff, 0xff, 0xff, 0xff
.long _sym_00ac27be
.byte 0xff, 0xff, 0xff, 0xff
.long _sym_00ac27cc
.byte 0xff, 0xff, 0xff, 0xff
.long _sym_00ac27da
.byte 0xff, 0xff, 0xff, 0xff
.long _sym_00ac27e8
.globl _sym_00be95e0
_sym_00be95e0:
.byte 0xff, 0xff, 0xff, 0xff
.long _sym_00ac2750
.globl _sym_00be95e8
_sym_00be95e8:
.byte 0x22, 0x05, 0x93, 0x19, 0x01, 0x00, 0x00, 0x00
.long _sym_00be95e0
.byte 0x00, 0x00, 0x00, 0x00, 0x00, 0x00, 0x00, 0x00, 0x00, 0x00, 0x00, 0x00, 0x00, 0x00, 0x00, 0x00
.byte 0x00, 0x00, 0x00, 0x00, 0x01, 0x00, 0x00, 0x00
.globl _sym_00be960c
_sym_00be960c:
.byte 0xff, 0xff, 0xff, 0xff
.long _sym_00ac2780
.globl _sym_00be9614
_sym_00be9614:
.byte 0x22, 0x05, 0x93, 0x19, 0x01, 0x00, 0x00, 0x00
.long _sym_00be960c
.byte 0x00, 0x00, 0x00, 0x00, 0x00, 0x00, 0x00, 0x00, 0x00, 0x00, 0x00, 0x00, 0x00, 0x00, 0x00, 0x00
.byte 0x00, 0x00, 0x00, 0x00, 0x01, 0x00, 0x00, 0x00
.globl _sym_00be9638
_sym_00be9638:
.byte 0xff, 0xff, 0xff, 0xff
.long _sym_00ac2820
.globl _sym_00be9640
_sym_00be9640:
.byte 0x22, 0x05, 0x93, 0x19, 0x01, 0x00, 0x00, 0x00
.long _sym_00be9638
.byte 0x00, 0x00, 0x00, 0x00, 0x00, 0x00, 0x00, 0x00, 0x00, 0x00, 0x00, 0x00, 0x00, 0x00, 0x00, 0x00
.byte 0x00, 0x00, 0x00, 0x00, 0x01, 0x00, 0x00, 0x00
.globl _sym_00be9664
_sym_00be9664:
.byte 0xff, 0xff, 0xff, 0xff
.long _sym_00ac2850
.byte 0x00, 0x00, 0x00, 0x00
.long _sym_00ac285b
.globl _sym_00be9674
_sym_00be9674:
.byte 0x22, 0x05, 0x93, 0x19, 0x02, 0x00, 0x00, 0x00
.long _sym_00be9664
.byte 0x00, 0x00, 0x00, 0x00, 0x00, 0x00, 0x00, 0x00, 0x00, 0x00, 0x00, 0x00, 0x00, 0x00, 0x00, 0x00
.byte 0x00, 0x00, 0x00, 0x00, 0x01, 0x00, 0x00, 0x00
.globl _sym_00be9698
_sym_00be9698:
.byte 0xff, 0xff, 0xff, 0xff
.long _sym_00ac28d0
.byte 0x00, 0x00, 0x00, 0x00
.long _sym_00ac28db
.globl _sym_00be96a8
_sym_00be96a8:
.byte 0x22, 0x05, 0x93, 0x19, 0x02, 0x00, 0x00, 0x00
.long _sym_00be9698
.byte 0x00, 0x00, 0x00, 0x00, 0x00, 0x00, 0x00, 0x00, 0x00, 0x00, 0x00, 0x00, 0x00, 0x00, 0x00, 0x00
.byte 0x00, 0x00, 0x00, 0x00, 0x01, 0x00, 0x00, 0x00
.globl _sym_00be96cc
_sym_00be96cc:
.byte 0xff, 0xff, 0xff, 0xff
.long _sym_00ac2910
.byte 0x00, 0x00, 0x00, 0x00
.long _sym_00ac291b
.globl _sym_00be96dc
_sym_00be96dc:
.byte 0x22, 0x05, 0x93, 0x19, 0x02, 0x00, 0x00, 0x00
.long _sym_00be96cc
.byte 0x00, 0x00, 0x00, 0x00, 0x00, 0x00, 0x00, 0x00, 0x00, 0x00, 0x00, 0x00, 0x00, 0x00, 0x00, 0x00
.byte 0x00, 0x00, 0x00, 0x00, 0x01, 0x00, 0x00, 0x00
.globl _sym_00be9700
_sym_00be9700:
.byte 0xff, 0xff, 0xff, 0xff
.long _sym_00ac2890
.byte 0x00, 0x00, 0x00, 0x00
.long _sym_00ac289b
.globl _sym_00be9710
_sym_00be9710:
.byte 0x22, 0x05, 0x93, 0x19, 0x02, 0x00, 0x00, 0x00
.long _sym_00be9700
.byte 0x00, 0x00, 0x00, 0x00, 0x00, 0x00, 0x00, 0x00, 0x00, 0x00, 0x00, 0x00, 0x00, 0x00, 0x00, 0x00
.byte 0x00, 0x00, 0x00, 0x00, 0x01, 0x00, 0x00, 0x00
.globl _sym_00be9734
_sym_00be9734:
.byte 0xff, 0xff, 0xff, 0xff
.long _sym_00ac2950
.byte 0x00, 0x00, 0x00, 0x00
.long _sym_00ac295b
.globl _sym_00be9744
_sym_00be9744:
.byte 0x22, 0x05, 0x93, 0x19, 0x02, 0x00, 0x00, 0x00
.long _sym_00be9734
.byte 0x00, 0x00, 0x00, 0x00, 0x00, 0x00, 0x00, 0x00, 0x00, 0x00, 0x00, 0x00, 0x00, 0x00, 0x00, 0x00
.byte 0x00, 0x00, 0x00, 0x00, 0x01, 0x00, 0x00, 0x00
.globl _sym_00be9768
_sym_00be9768:
.byte 0xff, 0xff, 0xff, 0xff
.long _sym_00ac2990
.globl _sym_00be9770
_sym_00be9770:
.byte 0x22, 0x05, 0x93, 0x19, 0x01, 0x00, 0x00, 0x00
.long _sym_00be9768
.byte 0x00, 0x00, 0x00, 0x00, 0x00, 0x00, 0x00, 0x00, 0x00, 0x00, 0x00, 0x00, 0x00, 0x00, 0x00, 0x00
.byte 0x00, 0x00, 0x00, 0x00, 0x01, 0x00, 0x00, 0x00
.globl _sym_00be9794
_sym_00be9794:
.byte 0xff, 0xff, 0xff, 0xff
.long _sym_00ac29c0
.byte 0x00, 0x00, 0x00, 0x00
.long _sym_00ac29c8
.globl _sym_00be97a4
_sym_00be97a4:
.byte 0x22, 0x05, 0x93, 0x19, 0x02, 0x00, 0x00, 0x00
.long _sym_00be9794
.byte 0x00, 0x00, 0x00, 0x00, 0x00, 0x00, 0x00, 0x00, 0x00, 0x00, 0x00, 0x00, 0x00, 0x00, 0x00, 0x00
.byte 0x00, 0x00, 0x00, 0x00, 0x01, 0x00, 0x00, 0x00
.globl _sym_00be97c8
_sym_00be97c8:
.byte 0xff, 0xff, 0xff, 0xff
.long _sym_00ac2a30
.globl _sym_00be97d0
_sym_00be97d0:
.byte 0x22, 0x05, 0x93, 0x19, 0x01, 0x00, 0x00, 0x00
.long _sym_00be97c8
.byte 0x00, 0x00, 0x00, 0x00, 0x00, 0x00, 0x00, 0x00, 0x00, 0x00, 0x00, 0x00, 0x00, 0x00, 0x00, 0x00
.byte 0x00, 0x00, 0x00, 0x00, 0x01, 0x00, 0x00, 0x00
.globl _sym_00be97f4
_sym_00be97f4:
.byte 0xff, 0xff, 0xff, 0xff
.long _sym_00ac2a00
.byte 0x00, 0x00, 0x00, 0x00
.long _sym_00ac2a0b
.globl _sym_00be9804
_sym_00be9804:
.byte 0x22, 0x05, 0x93, 0x19, 0x02, 0x00, 0x00, 0x00
.long _sym_00be97f4
.byte 0x00, 0x00, 0x00, 0x00, 0x00, 0x00, 0x00, 0x00, 0x00, 0x00, 0x00, 0x00, 0x00, 0x00, 0x00, 0x00
.byte 0x00, 0x00, 0x00, 0x00, 0x01, 0x00, 0x00, 0x00
.globl _sym_00be9828
_sym_00be9828:
.byte 0xff, 0xff, 0xff, 0xff
.long _sym_00ac2a60
.globl _sym_00be9830
_sym_00be9830:
.byte 0x22, 0x05, 0x93, 0x19, 0x01, 0x00, 0x00, 0x00
.long _sym_00be9828
.byte 0x00, 0x00, 0x00, 0x00, 0x00, 0x00, 0x00, 0x00, 0x00, 0x00, 0x00, 0x00, 0x00, 0x00, 0x00, 0x00
.byte 0x00, 0x00, 0x00, 0x00, 0x01, 0x00, 0x00, 0x00
.globl _sym_00be9854
_sym_00be9854:
.byte 0xff, 0xff, 0xff, 0xff
.long _sym_00ac2ac0
.byte 0x00, 0x00, 0x00, 0x00
.long _sym_00ac2acb
.byte 0x01, 0x00, 0x00, 0x00
.long _sym_00ac2ad6
.globl _sym_00be986c
_sym_00be986c:
.byte 0x22, 0x05, 0x93, 0x19, 0x03, 0x00, 0x00, 0x00
.long _sym_00be9854
.byte 0x00, 0x00, 0x00, 0x00, 0x00, 0x00, 0x00, 0x00, 0x00, 0x00, 0x00, 0x00, 0x00, 0x00, 0x00, 0x00
.byte 0x00, 0x00, 0x00, 0x00, 0x01, 0x00, 0x00, 0x00
.globl _sym_00be9890
_sym_00be9890:
.byte 0xff, 0xff, 0xff, 0xff
.long _sym_00ac2a90
.globl _sym_00be9898
_sym_00be9898:
.byte 0x22, 0x05, 0x93, 0x19, 0x01, 0x00, 0x00, 0x00
.long _sym_00be9890
.byte 0x00, 0x00, 0x00, 0x00, 0x00, 0x00, 0x00, 0x00, 0x00, 0x00, 0x00, 0x00, 0x00, 0x00, 0x00, 0x00
.byte 0x00, 0x00, 0x00, 0x00, 0x01, 0x00, 0x00, 0x00
.globl _sym_00be98bc
_sym_00be98bc:
.byte 0x22, 0x05, 0x93, 0x19, 0x05, 0x00, 0x00, 0x00
.long _sym_00be98e0
.byte 0x00, 0x00, 0x00, 0x00, 0x00, 0x00, 0x00, 0x00, 0x00, 0x00, 0x00, 0x00, 0x00, 0x00, 0x00, 0x00
.byte 0x00, 0x00, 0x00, 0x00, 0x01, 0x00, 0x00, 0x00
.globl _sym_00be98e0
_sym_00be98e0:
.byte 0xff, 0xff, 0xff, 0xff
.long _sym_00ac31a0
.byte 0x00, 0x00, 0x00, 0x00
.long _sym_00ac31a8
.byte 0x01, 0x00, 0x00, 0x00
.long _sym_00ac31b0
.byte 0x02, 0x00, 0x00, 0x00
.long _sym_00ac31bb
.byte 0x03, 0x00, 0x00, 0x00
.long _sym_00ac31c3
.globl _sym_00be9908
_sym_00be9908:
.byte 0xff, 0xff, 0xff, 0xff
.long _sym_00ac2f60
.globl _sym_00be9910
_sym_00be9910:
.byte 0x22, 0x05, 0x93, 0x19, 0x01, 0x00, 0x00, 0x00
.long _sym_00be9908
.byte 0x00, 0x00, 0x00, 0x00, 0x00, 0x00, 0x00, 0x00, 0x00, 0x00, 0x00, 0x00, 0x00, 0x00, 0x00, 0x00
.byte 0x00, 0x00, 0x00, 0x00, 0x01, 0x00, 0x00, 0x00
.globl _sym_00be9934
_sym_00be9934:
.byte 0x22, 0x05, 0x93, 0x19, 0x05, 0x00, 0x00, 0x00
.long _sym_00be9958
.byte 0x00, 0x00, 0x00, 0x00, 0x00, 0x00, 0x00, 0x00, 0x00, 0x00, 0x00, 0x00, 0x00, 0x00, 0x00, 0x00
.byte 0x00, 0x00, 0x00, 0x00, 0x01, 0x00, 0x00, 0x00
.globl _sym_00be9958
_sym_00be9958:
.byte 0xff, 0xff, 0xff, 0xff
.long _sym_00ac3000
.byte 0x00, 0x00, 0x00, 0x00
.long _sym_00ac3008
.byte 0x01, 0x00, 0x00, 0x00
.long _sym_00ac3010
.byte 0x02, 0x00, 0x00, 0x00
.long _sym_00ac3018
.byte 0x03, 0x00, 0x00, 0x00
.long _sym_00ac3023
.globl _sym_00be9980
_sym_00be9980:
.byte 0xff, 0xff, 0xff, 0xff
.long _sym_00ac3260
.globl _sym_00be9988
_sym_00be9988:
.byte 0x22, 0x05, 0x93, 0x19, 0x01, 0x00, 0x00, 0x00
.long _sym_00be9980
.byte 0x00, 0x00, 0x00, 0x00, 0x00, 0x00, 0x00, 0x00, 0x00, 0x00, 0x00, 0x00, 0x00, 0x00, 0x00, 0x00
.byte 0x00, 0x00, 0x00, 0x00, 0x01, 0x00, 0x00, 0x00
.globl _sym_00be99ac
_sym_00be99ac:
.byte 0xff, 0xff, 0xff, 0xff
.long _sym_00ac3230
.globl _sym_00be99b4
_sym_00be99b4:
.byte 0x22, 0x05, 0x93, 0x19, 0x01, 0x00, 0x00, 0x00
.long _sym_00be99ac
.byte 0x00, 0x00, 0x00, 0x00, 0x00, 0x00, 0x00, 0x00, 0x00, 0x00, 0x00, 0x00, 0x00, 0x00, 0x00, 0x00
.byte 0x00, 0x00, 0x00, 0x00, 0x01, 0x00, 0x00, 0x00
.globl _sym_00be99d8
_sym_00be99d8:
.byte 0xff, 0xff, 0xff, 0xff
.long _sym_00ac3160
.byte 0x00, 0x00, 0x00, 0x00
.long _sym_00ac3168
.byte 0x01, 0x00, 0x00, 0x00
.long _sym_00ac3173
.globl _sym_00be99f0
_sym_00be99f0:
.byte 0x22, 0x05, 0x93, 0x19, 0x03, 0x00, 0x00, 0x00
.long _sym_00be99d8
.byte 0x00, 0x00, 0x00, 0x00, 0x00, 0x00, 0x00, 0x00, 0x00, 0x00, 0x00, 0x00, 0x00, 0x00, 0x00, 0x00
.byte 0x00, 0x00, 0x00, 0x00, 0x01, 0x00, 0x00, 0x00
.globl _sym_00be9a14
_sym_00be9a14:
.byte 0xff, 0xff, 0xff, 0xff
.long _sym_00ac3130
.byte 0x00, 0x00, 0x00, 0x00
.long _sym_00ac3138
.globl _sym_00be9a24
_sym_00be9a24:
.byte 0x22, 0x05, 0x93, 0x19, 0x02, 0x00, 0x00, 0x00
.long _sym_00be9a14
.byte 0x00, 0x00, 0x00, 0x00, 0x00, 0x00, 0x00, 0x00, 0x00, 0x00, 0x00, 0x00, 0x00, 0x00, 0x00, 0x00
.byte 0x00, 0x00, 0x00, 0x00, 0x01, 0x00, 0x00, 0x00
.globl _sym_00be9a48
_sym_00be9a48:
.byte 0xff, 0xff, 0xff, 0xff
.long _sym_00ac30f0
.byte 0x00, 0x00, 0x00, 0x00
.long _sym_00ac30f8
.globl _sym_00be9a58
_sym_00be9a58:
.byte 0x22, 0x05, 0x93, 0x19, 0x02, 0x00, 0x00, 0x00
.long _sym_00be9a48
.byte 0x00, 0x00, 0x00, 0x00, 0x00, 0x00, 0x00, 0x00, 0x00, 0x00, 0x00, 0x00, 0x00, 0x00, 0x00, 0x00
.byte 0x00, 0x00, 0x00, 0x00, 0x01, 0x00, 0x00, 0x00
.globl _sym_00be9a7c
_sym_00be9a7c:
.byte 0xff, 0xff, 0xff, 0xff
.long _sym_00ac30c0
.byte 0x00, 0x00, 0x00, 0x00
.long _sym_00ac30c8
.globl _sym_00be9a8c
_sym_00be9a8c:
.byte 0x22, 0x05, 0x93, 0x19, 0x02, 0x00, 0x00, 0x00
.long _sym_00be9a7c
.byte 0x00, 0x00, 0x00, 0x00, 0x00, 0x00, 0x00, 0x00, 0x00, 0x00, 0x00, 0x00, 0x00, 0x00, 0x00, 0x00
.byte 0x00, 0x00, 0x00, 0x00, 0x01, 0x00, 0x00, 0x00
.globl _sym_00be9ab0
_sym_00be9ab0:
.byte 0xff, 0xff, 0xff, 0xff
.long _sym_00ac3200
.byte 0x00, 0x00, 0x00, 0x00
.long _sym_00ac3208
.globl _sym_00be9ac0
_sym_00be9ac0:
.byte 0x22, 0x05, 0x93, 0x19, 0x02, 0x00, 0x00, 0x00
.long _sym_00be9ab0
.byte 0x00, 0x00, 0x00, 0x00, 0x00, 0x00, 0x00, 0x00, 0x00, 0x00, 0x00, 0x00, 0x00, 0x00, 0x00, 0x00
.byte 0x00, 0x00, 0x00, 0x00, 0x01, 0x00, 0x00, 0x00
.globl _sym_00be9ae4
_sym_00be9ae4:
.byte 0x22, 0x05, 0x93, 0x19, 0x08, 0x00, 0x00, 0x00
.long _sym_00be9b08
.byte 0x00, 0x00, 0x00, 0x00, 0x00, 0x00, 0x00, 0x00, 0x00, 0x00, 0x00, 0x00, 0x00, 0x00, 0x00, 0x00
.byte 0x00, 0x00, 0x00, 0x00, 0x01, 0x00, 0x00, 0x00
.globl _sym_00be9b08
_sym_00be9b08:
.byte 0xff, 0xff, 0xff, 0xff
.long _sym_00ac3050
.byte 0x00, 0x00, 0x00, 0x00
.long _sym_00ac3058
.byte 0x01, 0x00, 0x00, 0x00
.long _sym_00ac3063
.byte 0x02, 0x00, 0x00, 0x00
.long _sym_00ac306b
.byte 0x01, 0x00, 0x00, 0x00
.long _sym_00ac3076
.byte 0x04, 0x00, 0x00, 0x00
.long _sym_00ac307e
.byte 0x01, 0x00, 0x00, 0x00
.long _sym_00ac3089
.byte 0x06, 0x00, 0x00, 0x00
.long _sym_00ac3091
.globl _sym_00be9b48
_sym_00be9b48:
.byte 0xff, 0xff, 0xff, 0xff
.long _sym_00ac2e40
.byte 0x00, 0x00, 0x00, 0x00
.long _sym_00ac2e4b
.globl _sym_00be9b58
_sym_00be9b58:
.byte 0x22, 0x05, 0x93, 0x19, 0x02, 0x00, 0x00, 0x00
.long _sym_00be9b48
.byte 0x00, 0x00, 0x00, 0x00, 0x00, 0x00, 0x00, 0x00, 0x00, 0x00, 0x00, 0x00, 0x00, 0x00, 0x00, 0x00
.byte 0x00, 0x00, 0x00, 0x00, 0x01, 0x00, 0x00, 0x00
.globl _sym_00be9b7c
_sym_00be9b7c:
.byte 0xff, 0xff, 0xff, 0xff
.long _sym_00ac2c70
.globl _sym_00be9b84
_sym_00be9b84:
.byte 0x22, 0x05, 0x93, 0x19, 0x01, 0x00, 0x00, 0x00
.long _sym_00be9b7c
.byte 0x00, 0x00, 0x00, 0x00, 0x00, 0x00, 0x00, 0x00, 0x00, 0x00, 0x00, 0x00, 0x00, 0x00, 0x00, 0x00
.byte 0x00, 0x00, 0x00, 0x00, 0x01, 0x00, 0x00, 0x00
.globl _sym_00be9ba8
_sym_00be9ba8:
.byte 0xff, 0xff, 0xff, 0xff
.long _sym_00ac2b30
.globl _sym_00be9bb0
_sym_00be9bb0:
.byte 0x22, 0x05, 0x93, 0x19, 0x01, 0x00, 0x00, 0x00
.long _sym_00be9ba8
.byte 0x00, 0x00, 0x00, 0x00, 0x00, 0x00, 0x00, 0x00, 0x00, 0x00, 0x00, 0x00, 0x00, 0x00, 0x00, 0x00
.byte 0x00, 0x00, 0x00, 0x00, 0x01, 0x00, 0x00, 0x00
.globl _sym_00be9bd4
_sym_00be9bd4:
.byte 0xff, 0xff, 0xff, 0xff
.long _sym_00ac2d40
.byte 0x00, 0x00, 0x00, 0x00
.long _sym_00ac2d48
.byte 0xff, 0xff, 0xff, 0xff
.long _sym_00ac2d53
.globl _sym_00be9bec
_sym_00be9bec:
.byte 0x22, 0x05, 0x93, 0x19, 0x03, 0x00, 0x00, 0x00
.long _sym_00be9bd4
.byte 0x00, 0x00, 0x00, 0x00, 0x00, 0x00, 0x00, 0x00, 0x00, 0x00, 0x00, 0x00, 0x00, 0x00, 0x00, 0x00
.byte 0x00, 0x00, 0x00, 0x00, 0x01, 0x00, 0x00, 0x00
.globl _sym_00be9c10
_sym_00be9c10:
.byte 0xff, 0xff, 0xff, 0xff
.long _sym_00ac2bc0
.globl _sym_00be9c18
_sym_00be9c18:
.byte 0x22, 0x05, 0x93, 0x19, 0x01, 0x00, 0x00, 0x00
.long _sym_00be9c10
.byte 0x00, 0x00, 0x00, 0x00, 0x00, 0x00, 0x00, 0x00, 0x00, 0x00, 0x00, 0x00, 0x00, 0x00, 0x00, 0x00
.byte 0x00, 0x00, 0x00, 0x00, 0x01, 0x00, 0x00, 0x00
.globl _sym_00be9c3c
_sym_00be9c3c:
.byte 0xff, 0xff, 0xff, 0xff
.long _sym_00ac2e00
.byte 0x00, 0x00, 0x00, 0x00
.long _sym_00ac2e08
.byte 0xff, 0xff, 0xff, 0xff
.long _sym_00ac2e13
.globl _sym_00be9c54
_sym_00be9c54:
.byte 0x22, 0x05, 0x93, 0x19, 0x03, 0x00, 0x00, 0x00
.long _sym_00be9c3c
.byte 0x00, 0x00, 0x00, 0x00, 0x00, 0x00, 0x00, 0x00, 0x00, 0x00, 0x00, 0x00, 0x00, 0x00, 0x00, 0x00
.byte 0x00, 0x00, 0x00, 0x00, 0x01, 0x00, 0x00, 0x00
.globl _sym_00be9c78
_sym_00be9c78:
.byte 0xff, 0xff, 0xff, 0xff
.long _sym_00ac2cd0
.globl _sym_00be9c80
_sym_00be9c80:
.byte 0x22, 0x05, 0x93, 0x19, 0x01, 0x00, 0x00, 0x00
.long _sym_00be9c78
.byte 0x00, 0x00, 0x00, 0x00, 0x00, 0x00, 0x00, 0x00, 0x00, 0x00, 0x00, 0x00, 0x00, 0x00, 0x00, 0x00
.byte 0x00, 0x00, 0x00, 0x00, 0x01, 0x00, 0x00, 0x00
.globl _sym_00be9ca4
_sym_00be9ca4:
.byte 0xff, 0xff, 0xff, 0xff
.long _sym_00ac2b90
.globl _sym_00be9cac
_sym_00be9cac:
.byte 0x22, 0x05, 0x93, 0x19, 0x01, 0x00, 0x00, 0x00
.long _sym_00be9ca4
.byte 0x00, 0x00, 0x00, 0x00, 0x00, 0x00, 0x00, 0x00, 0x00, 0x00, 0x00, 0x00, 0x00, 0x00, 0x00, 0x00
.byte 0x00, 0x00, 0x00, 0x00, 0x01, 0x00, 0x00, 0x00
.globl _sym_00be9cd0
_sym_00be9cd0:
.byte 0xff, 0xff, 0xff, 0xff
.long _sym_00ac2dc0
.byte 0x00, 0x00, 0x00, 0x00
.long _sym_00ac2dc8
.byte 0xff, 0xff, 0xff, 0xff
.long _sym_00ac2dd3
.globl _sym_00be9ce8
_sym_00be9ce8:
.byte 0x22, 0x05, 0x93, 0x19, 0x03, 0x00, 0x00, 0x00
.long _sym_00be9cd0
.byte 0x00, 0x00, 0x00, 0x00, 0x00, 0x00, 0x00, 0x00, 0x00, 0x00, 0x00, 0x00, 0x00, 0x00, 0x00, 0x00
.byte 0x00, 0x00, 0x00, 0x00, 0x01, 0x00, 0x00, 0x00
.globl _sym_00be9d0c
_sym_00be9d0c:
.byte 0xff, 0xff, 0xff, 0xff
.long _sym_00ac2bf0
.globl _sym_00be9d14
_sym_00be9d14:
.byte 0x22, 0x05, 0x93, 0x19, 0x01, 0x00, 0x00, 0x00
.long _sym_00be9d0c
.byte 0x00, 0x00, 0x00, 0x00, 0x00, 0x00, 0x00, 0x00, 0x00, 0x00, 0x00, 0x00, 0x00, 0x00, 0x00, 0x00
.byte 0x00, 0x00, 0x00, 0x00, 0x01, 0x00, 0x00, 0x00
.globl _sym_00be9d38
_sym_00be9d38:
.byte 0x22, 0x05, 0x93, 0x19, 0x05, 0x00, 0x00, 0x00
.long _sym_00be9d5c
.byte 0x00, 0x00, 0x00, 0x00, 0x00, 0x00, 0x00, 0x00, 0x00, 0x00, 0x00, 0x00, 0x00, 0x00, 0x00, 0x00
.byte 0x00, 0x00, 0x00, 0x00, 0x01, 0x00, 0x00, 0x00
.globl _sym_00be9d5c
_sym_00be9d5c:
.byte 0xff, 0xff, 0xff, 0xff
.long _sym_00ac2c20
.byte 0xff, 0xff, 0xff, 0xff
.long _sym_00ac2c28
.byte 0x01, 0x00, 0x00, 0x00
.long _sym_00ac2c33
.byte 0x01, 0x00, 0x00, 0x00
.long _sym_00ac2c3b
.byte 0x03, 0x00, 0x00, 0x00
.long _sym_00ac2c46
.globl _sym_00be9d84
_sym_00be9d84:
.byte 0x22, 0x05, 0x93, 0x19, 0x08, 0x00, 0x00, 0x00
.long _sym_00be9da8
.byte 0x00, 0x00, 0x00, 0x00, 0x00, 0x00, 0x00, 0x00, 0x00, 0x00, 0x00, 0x00, 0x00, 0x00, 0x00, 0x00
.byte 0x00, 0x00, 0x00, 0x00, 0x01, 0x00, 0x00, 0x00
.globl _sym_00be9da8
_sym_00be9da8:
.byte 0xff, 0xff, 0xff, 0xff
.long _sym_00ac2e80
.byte 0x00, 0x00, 0x00, 0x00
.long _sym_00ac2e8b
.byte 0x00, 0x00, 0x00, 0x00
.long _sym_00ac2e96
.byte 0x02, 0x00, 0x00, 0x00
.long _sym_00ac2e9e
.byte 0x00, 0x00, 0x00, 0x00
.long _sym_00ac2ea9
.byte 0xff, 0xff, 0xff, 0xff
.long _sym_00ac2eb1
.byte 0x05, 0x00, 0x00, 0x00
.long _sym_00ac2eb9
.byte 0xff, 0xff, 0xff, 0xff
.long _sym_00ac2ec4
.globl _sym_00be9de8
_sym_00be9de8:
.byte 0xff, 0xff, 0xff, 0xff
.long _sym_00ac2ca0
.globl _sym_00be9df0
_sym_00be9df0:
.byte 0x22, 0x05, 0x93, 0x19, 0x01, 0x00, 0x00, 0x00
.long _sym_00be9de8
.byte 0x00, 0x00, 0x00, 0x00, 0x00, 0x00, 0x00, 0x00, 0x00, 0x00, 0x00, 0x00, 0x00, 0x00, 0x00, 0x00
.byte 0x00, 0x00, 0x00, 0x00, 0x01, 0x00, 0x00, 0x00
.globl _sym_00be9e14
_sym_00be9e14:
.byte 0xff, 0xff, 0xff, 0xff
.long _sym_00ac2b60
.globl _sym_00be9e1c
_sym_00be9e1c:
.byte 0x22, 0x05, 0x93, 0x19, 0x01, 0x00, 0x00, 0x00
.long _sym_00be9e14
.byte 0x00, 0x00, 0x00, 0x00, 0x00, 0x00, 0x00, 0x00, 0x00, 0x00, 0x00, 0x00, 0x00, 0x00, 0x00, 0x00
.byte 0x00, 0x00, 0x00, 0x00, 0x01, 0x00, 0x00, 0x00
.globl _sym_00be9e40
_sym_00be9e40:
.byte 0xff, 0xff, 0xff, 0xff
.long _sym_00ac2d80
.byte 0x00, 0x00, 0x00, 0x00
.long _sym_00ac2d88
.byte 0xff, 0xff, 0xff, 0xff
.long _sym_00ac2d93
.globl _sym_00be9e58
_sym_00be9e58:
.byte 0x22, 0x05, 0x93, 0x19, 0x03, 0x00, 0x00, 0x00
.long _sym_00be9e40
.byte 0x00, 0x00, 0x00, 0x00, 0x00, 0x00, 0x00, 0x00, 0x00, 0x00, 0x00, 0x00, 0x00, 0x00, 0x00, 0x00
.byte 0x00, 0x00, 0x00, 0x00, 0x01, 0x00, 0x00, 0x00
.globl _sym_00be9e7c
_sym_00be9e7c:
.byte 0xff, 0xff, 0xff, 0xff
.long _sym_00ac2b00
.globl _sym_00be9e84
_sym_00be9e84:
.byte 0x22, 0x05, 0x93, 0x19, 0x01, 0x00, 0x00, 0x00
.long _sym_00be9e7c
.byte 0x00, 0x00, 0x00, 0x00, 0x00, 0x00, 0x00, 0x00, 0x00, 0x00, 0x00, 0x00, 0x00, 0x00, 0x00, 0x00
.byte 0x00, 0x00, 0x00, 0x00, 0x01, 0x00, 0x00, 0x00
.globl _sym_00be9ea8
_sym_00be9ea8:
.byte 0xff, 0xff, 0xff, 0xff
.long _sym_00ac2d00
.byte 0x00, 0x00, 0x00, 0x00
.long _sym_00ac2d08
.byte 0xff, 0xff, 0xff, 0xff
.long _sym_00ac2d13
.globl _sym_00be9ec0
_sym_00be9ec0:
.byte 0x22, 0x05, 0x93, 0x19, 0x03, 0x00, 0x00, 0x00
.long _sym_00be9ea8
.byte 0x00, 0x00, 0x00, 0x00, 0x00, 0x00, 0x00, 0x00, 0x00, 0x00, 0x00, 0x00, 0x00, 0x00, 0x00, 0x00
.byte 0x00, 0x00, 0x00, 0x00, 0x01, 0x00, 0x00, 0x00
.globl _sym_00be9ee4
_sym_00be9ee4:
.byte 0xff, 0xff, 0xff, 0xff
.long _sym_00ac2ef0
.globl _sym_00be9eec
_sym_00be9eec:
.byte 0x22, 0x05, 0x93, 0x19, 0x01, 0x00, 0x00, 0x00
.long _sym_00be9ee4
.byte 0x00, 0x00, 0x00, 0x00, 0x00, 0x00, 0x00, 0x00, 0x00, 0x00, 0x00, 0x00, 0x00, 0x00, 0x00, 0x00
.byte 0x00, 0x00, 0x00, 0x00, 0x01, 0x00, 0x00, 0x00
.globl _sym_00be9f10
_sym_00be9f10:
.byte 0xff, 0xff, 0xff, 0xff
.long _sym_00ac2f20
.byte 0x00, 0x00, 0x00, 0x00
.long _sym_00ac2f2a
.byte 0xff, 0xff, 0xff, 0xff
.long _sym_00ac2f34
.globl _sym_00be9f28
_sym_00be9f28:
.byte 0x22, 0x05, 0x93, 0x19, 0x03, 0x00, 0x00, 0x00
.long _sym_00be9f10
.byte 0x00, 0x00, 0x00, 0x00, 0x00, 0x00, 0x00, 0x00, 0x00, 0x00, 0x00, 0x00, 0x00, 0x00, 0x00, 0x00
.byte 0x00, 0x00, 0x00, 0x00, 0x01, 0x00, 0x00, 0x00
.globl _sym_00be9f4c
_sym_00be9f4c:
.byte 0x22, 0x05, 0x93, 0x19, 0x06, 0x00, 0x00, 0x00
.long _sym_00be9f70
.byte 0x00, 0x00, 0x00, 0x00, 0x00, 0x00, 0x00, 0x00, 0x00, 0x00, 0x00, 0x00, 0x00, 0x00, 0x00, 0x00
.byte 0x00, 0x00, 0x00, 0x00, 0x01, 0x00, 0x00, 0x00
.globl _sym_00be9f70
_sym_00be9f70:
.byte 0xff, 0xff, 0xff, 0xff
.long _sym_00ac2f90
.byte 0x00, 0x00, 0x00, 0x00
.long _sym_00ac2faa
.byte 0x00, 0x00, 0x00, 0x00
.long _sym_00ac2fb2
.byte 0x02, 0x00, 0x00, 0x00
.long _sym_00ac2fbd
.byte 0x02, 0x00, 0x00, 0x00
.long _sym_00ac2fc5
.byte 0x04, 0x00, 0x00, 0x00
.long _sym_00ac2fd0
.globl _sym_00be9fa0
_sym_00be9fa0:
.byte 0xff, 0xff, 0xff, 0xff
.long _sym_00ac3290
.globl _sym_00be9fa8
_sym_00be9fa8:
.byte 0x22, 0x05, 0x93, 0x19, 0x01, 0x00, 0x00, 0x00
.long _sym_00be9fa0
.byte 0x00, 0x00, 0x00, 0x00, 0x00, 0x00, 0x00, 0x00, 0x00, 0x00, 0x00, 0x00, 0x00, 0x00, 0x00, 0x00
.byte 0x00, 0x00, 0x00, 0x00, 0x01, 0x00, 0x00, 0x00
.globl _sym_00be9fcc
_sym_00be9fcc:
.byte 0xff, 0xff, 0xff, 0xff
.long _sym_00ac32c0
.byte 0x00, 0x00, 0x00, 0x00
.long _sym_00ac32c8
.globl _sym_00be9fdc
_sym_00be9fdc:
.byte 0x22, 0x05, 0x93, 0x19, 0x02, 0x00, 0x00, 0x00
.long _sym_00be9fcc
.byte 0x00, 0x00, 0x00, 0x00, 0x00, 0x00, 0x00, 0x00, 0x00, 0x00, 0x00, 0x00, 0x00, 0x00, 0x00, 0x00
.byte 0x00, 0x00, 0x00, 0x00, 0x01, 0x00, 0x00, 0x00
.globl _sym_00bea000
_sym_00bea000:
.byte 0xff, 0xff, 0xff, 0xff
.long _sym_00ac3300
.byte 0x00, 0x00, 0x00, 0x00
.long _sym_00ac3308
.byte 0x01, 0x00, 0x00, 0x00
.long _sym_00ac331e
.globl _sym_00bea018
_sym_00bea018:
.byte 0x22, 0x05, 0x93, 0x19, 0x03, 0x00, 0x00, 0x00
.long _sym_00bea000
.byte 0x00, 0x00, 0x00, 0x00, 0x00, 0x00, 0x00, 0x00, 0x00, 0x00, 0x00, 0x00, 0x00, 0x00, 0x00, 0x00
.byte 0x00, 0x00, 0x00, 0x00, 0x01, 0x00, 0x00, 0x00
.globl _sym_00bea03c
_sym_00bea03c:
.byte 0xff, 0xff, 0xff, 0xff
.long _sym_00ac3350
.byte 0x00, 0x00, 0x00, 0x00
.long _sym_00ac3358
.byte 0x01, 0x00, 0x00, 0x00
.long _sym_00ac336e
.globl _sym_00bea054
_sym_00bea054:
.byte 0x22, 0x05, 0x93, 0x19, 0x03, 0x00, 0x00, 0x00
.long _sym_00bea03c
.byte 0x00, 0x00, 0x00, 0x00, 0x00, 0x00, 0x00, 0x00, 0x00, 0x00, 0x00, 0x00, 0x00, 0x00, 0x00, 0x00
.byte 0x00, 0x00, 0x00, 0x00, 0x01, 0x00, 0x00, 0x00
.globl _sym_00bea078
_sym_00bea078:
.byte 0xff, 0xff, 0xff, 0xff
.long _sym_00ac3880
.globl _sym_00bea080
_sym_00bea080:
.byte 0x22, 0x05, 0x93, 0x19, 0x01, 0x00, 0x00, 0x00
.long _sym_00bea078
.byte 0x00, 0x00, 0x00, 0x00, 0x00, 0x00, 0x00, 0x00, 0x00, 0x00, 0x00, 0x00, 0x00, 0x00, 0x00, 0x00
.byte 0x00, 0x00, 0x00, 0x00, 0x01, 0x00, 0x00, 0x00
.globl _sym_00bea0a4
_sym_00bea0a4:
.byte 0xff, 0xff, 0xff, 0xff
.long _sym_00ac4f10
.globl _sym_00bea0ac
_sym_00bea0ac:
.byte 0x22, 0x05, 0x93, 0x19, 0x01, 0x00, 0x00, 0x00
.long _sym_00bea0a4
.byte 0x00, 0x00, 0x00, 0x00, 0x00, 0x00, 0x00, 0x00, 0x00, 0x00, 0x00, 0x00, 0x00, 0x00, 0x00, 0x00
.byte 0x00, 0x00, 0x00, 0x00, 0x01, 0x00, 0x00, 0x00
.globl _sym_00bea0d0
_sym_00bea0d0:
.byte 0xff, 0xff, 0xff, 0xff
.long _sym_00ac3c70
.globl _sym_00bea0d8
_sym_00bea0d8:
.byte 0x22, 0x05, 0x93, 0x19, 0x01, 0x00, 0x00, 0x00
.long _sym_00bea0d0
.byte 0x00, 0x00, 0x00, 0x00, 0x00, 0x00, 0x00, 0x00, 0x00, 0x00, 0x00, 0x00, 0x00, 0x00, 0x00, 0x00
.byte 0x00, 0x00, 0x00, 0x00, 0x01, 0x00, 0x00, 0x00
.globl _sym_00bea0fc
_sym_00bea0fc:
.byte 0xff, 0xff, 0xff, 0xff
.long _sym_00ac3f90
.byte 0x00, 0x00, 0x00, 0x00
.long _sym_00ac3f98
.globl _sym_00bea10c
_sym_00bea10c:
.byte 0x22, 0x05, 0x93, 0x19, 0x02, 0x00, 0x00, 0x00
.long _sym_00bea0fc
.byte 0x00, 0x00, 0x00, 0x00, 0x00, 0x00, 0x00, 0x00, 0x00, 0x00, 0x00, 0x00, 0x00, 0x00, 0x00, 0x00
.byte 0x00, 0x00, 0x00, 0x00, 0x01, 0x00, 0x00, 0x00
.globl _sym_00bea130
_sym_00bea130:
.byte 0xff, 0xff, 0xff, 0xff
.long _sym_00ac50e0
.byte 0x00, 0x00, 0x00, 0x00
.long _sym_00ac50e8
.globl _sym_00bea140
_sym_00bea140:
.byte 0x22, 0x05, 0x93, 0x19, 0x02, 0x00, 0x00, 0x00
.long _sym_00bea130
.byte 0x00, 0x00, 0x00, 0x00, 0x00, 0x00, 0x00, 0x00, 0x00, 0x00, 0x00, 0x00, 0x00, 0x00, 0x00, 0x00
.byte 0x00, 0x00, 0x00, 0x00, 0x01, 0x00, 0x00, 0x00
.globl _sym_00bea164
_sym_00bea164:
.byte 0xff, 0xff, 0xff, 0xff
.long _sym_00ac5630
.byte 0x00, 0x00, 0x00, 0x00
.long _sym_00ac5638
.globl _sym_00bea174
_sym_00bea174:
.byte 0x22, 0x05, 0x93, 0x19, 0x02, 0x00, 0x00, 0x00
.long _sym_00bea164
.byte 0x00, 0x00, 0x00, 0x00, 0x00, 0x00, 0x00, 0x00, 0x00, 0x00, 0x00, 0x00, 0x00, 0x00, 0x00, 0x00
.byte 0x00, 0x00, 0x00, 0x00, 0x01, 0x00, 0x00, 0x00
.globl _sym_00bea198
_sym_00bea198:
.byte 0x22, 0x05, 0x93, 0x19, 0x05, 0x00, 0x00, 0x00
.long _sym_00bea1bc
.byte 0x00, 0x00, 0x00, 0x00, 0x00, 0x00, 0x00, 0x00, 0x00, 0x00, 0x00, 0x00, 0x00, 0x00, 0x00, 0x00
.byte 0x00, 0x00, 0x00, 0x00, 0x01, 0x00, 0x00, 0x00
.globl _sym_00bea1bc
_sym_00bea1bc:
.byte 0xff, 0xff, 0xff, 0xff
.long _sym_00ac4a20
.byte 0xff, 0xff, 0xff, 0xff
.long _sym_00ac4a2e
.byte 0xff, 0xff, 0xff, 0xff
.long _sym_00ac4a3c
.byte 0xff, 0xff, 0xff, 0xff
.long _sym_00ac4a4a
.byte 0xff, 0xff, 0xff, 0xff
.long _sym_00ac4a58
.globl _sym_00bea1e4
_sym_00bea1e4:
.byte 0xff, 0xff, 0xff, 0xff
.long _sym_00ac3a90
.globl _sym_00bea1ec
_sym_00bea1ec:
.byte 0x22, 0x05, 0x93, 0x19, 0x01, 0x00, 0x00, 0x00
.long _sym_00bea1e4
.byte 0x00, 0x00, 0x00, 0x00, 0x00, 0x00, 0x00, 0x00, 0x00, 0x00, 0x00, 0x00, 0x00, 0x00, 0x00, 0x00
.byte 0x00, 0x00, 0x00, 0x00, 0x01, 0x00, 0x00, 0x00
.globl _sym_00bea210
_sym_00bea210:
.byte 0x22, 0x05, 0x93, 0x19, 0x05, 0x00, 0x00, 0x00
.long _sym_00bea234
.byte 0x00, 0x00, 0x00, 0x00, 0x00, 0x00, 0x00, 0x00, 0x00, 0x00, 0x00, 0x00, 0x00, 0x00, 0x00, 0x00
.byte 0x00, 0x00, 0x00, 0x00, 0x01, 0x00, 0x00, 0x00
.globl _sym_00bea234
_sym_00bea234:
.byte 0xff, 0xff, 0xff, 0xff
.long _sym_00ac4a90
.byte 0x00, 0x00, 0x00, 0x00
.long _sym_00ac4a9e
.byte 0x00, 0x00, 0x00, 0x00, 0x00, 0x00, 0x00, 0x00, 0x00, 0x00, 0x00, 0x00, 0x00, 0x00, 0x00, 0x00
.byte 0x00, 0x00, 0x00, 0x00, 0x00, 0x00, 0x00, 0x00
.globl _sym_00bea25c
_sym_00bea25c:
.byte 0xff, 0xff, 0xff, 0xff
.long _sym_00ac3ac0
.globl _sym_00bea264
_sym_00bea264:
.byte 0x22, 0x05, 0x93, 0x19, 0x01, 0x00, 0x00, 0x00
.long _sym_00bea25c
.byte 0x00, 0x00, 0x00, 0x00, 0x00, 0x00, 0x00, 0x00, 0x00, 0x00, 0x00, 0x00, 0x00, 0x00, 0x00, 0x00
.byte 0x00, 0x00, 0x00, 0x00, 0x01, 0x00, 0x00, 0x00
.globl _sym_00bea288
_sym_00bea288:
.byte 0xff, 0xff, 0xff, 0xff
.long _sym_00ac4e80
.byte 0x00, 0x00, 0x00, 0x00
.long _sym_00ac4e8b
.globl _sym_00bea298
_sym_00bea298:
.byte 0x22, 0x05, 0x93, 0x19, 0x02, 0x00, 0x00, 0x00
.long _sym_00bea288
.byte 0x00, 0x00, 0x00, 0x00, 0x00, 0x00, 0x00, 0x00, 0x00, 0x00, 0x00, 0x00, 0x00, 0x00, 0x00, 0x00
.byte 0x00, 0x00, 0x00, 0x00, 0x01, 0x00, 0x00, 0x00
.globl _sym_00bea2bc
_sym_00bea2bc:
.byte 0xff, 0xff, 0xff, 0xff
.long _sym_00ac4ad0
.byte 0xff, 0xff, 0xff, 0xff
.long _sym_00ac4ade
.byte 0xff, 0xff, 0xff, 0xff
.long _sym_00ac4aec
.byte 0xff, 0xff, 0xff, 0xff
.long _sym_00ac4afa
.globl _sym_00bea2dc
_sym_00bea2dc:
.byte 0x22, 0x05, 0x93, 0x19, 0x04, 0x00, 0x00, 0x00
.long _sym_00bea2bc
.byte 0x00, 0x00, 0x00, 0x00, 0x00, 0x00, 0x00, 0x00, 0x00, 0x00, 0x00, 0x00, 0x00, 0x00, 0x00, 0x00
.byte 0x00, 0x00, 0x00, 0x00, 0x01, 0x00, 0x00, 0x00
.globl _sym_00bea300
_sym_00bea300:
.byte 0xff, 0xff, 0xff, 0xff
.long _sym_00ac4b90
.byte 0xff, 0xff, 0xff, 0xff, 0x00, 0x00, 0x00, 0x00, 0xff, 0xff, 0xff, 0xff, 0x00, 0x00, 0x00, 0x00
.byte 0xff, 0xff, 0xff, 0xff, 0x00, 0x00, 0x00, 0x00
.globl _sym_00bea320
_sym_00bea320:
.byte 0x22, 0x05, 0x93, 0x19, 0x04, 0x00, 0x00, 0x00
.long _sym_00bea300
.byte 0x00, 0x00, 0x00, 0x00, 0x00, 0x00, 0x00, 0x00, 0x00, 0x00, 0x00, 0x00, 0x00, 0x00, 0x00, 0x00
.byte 0x00, 0x00, 0x00, 0x00, 0x01, 0x00, 0x00, 0x00
.globl _sym_00bea344
_sym_00bea344:
.byte 0x22, 0x05, 0x93, 0x19, 0x08, 0x00, 0x00, 0x00
.long _sym_00bea368
.byte 0x00, 0x00, 0x00, 0x00, 0x00, 0x00, 0x00, 0x00, 0x00, 0x00, 0x00, 0x00, 0x00, 0x00, 0x00, 0x00
.byte 0x00, 0x00, 0x00, 0x00, 0x01, 0x00, 0x00, 0x00
.globl _sym_00bea368
_sym_00bea368:
.byte 0xff, 0xff, 0xff, 0xff
.long _sym_00ac4980
.byte 0x00, 0x00, 0x00, 0x00
.long _sym_00ac498e
.byte 0x00, 0x00, 0x00, 0x00, 0x00, 0x00, 0x00, 0x00, 0x00, 0x00, 0x00, 0x00, 0x00, 0x00, 0x00, 0x00
.byte 0x00, 0x00, 0x00, 0x00, 0x00, 0x00, 0x00, 0x00, 0xff, 0xff, 0xff, 0xff
.long _sym_00ac499c
.byte 0xff, 0xff, 0xff, 0xff
.long _sym_00ac49aa
.byte 0xff, 0xff, 0xff, 0xff
.long _sym_00ac49b8
.globl _sym_00bea3a8
_sym_00bea3a8:
.byte 0xff, 0xff, 0xff, 0xff
.long _sym_00ac3a30
.globl _sym_00bea3b0
_sym_00bea3b0:
.byte 0x22, 0x05, 0x93, 0x19, 0x01, 0x00, 0x00, 0x00
.long _sym_00bea3a8
.byte 0x00, 0x00, 0x00, 0x00, 0x00, 0x00, 0x00, 0x00, 0x00, 0x00, 0x00, 0x00, 0x00, 0x00, 0x00, 0x00
.byte 0x00, 0x00, 0x00, 0x00, 0x01, 0x00, 0x00, 0x00
.globl _sym_00bea3d4
_sym_00bea3d4:
.byte 0xff, 0xff, 0xff, 0xff
.long _sym_00ac51b0
.byte 0x00, 0x00, 0x00, 0x00
.long _sym_00ac51b8
.globl _sym_00bea3e4
_sym_00bea3e4:
.byte 0x22, 0x05, 0x93, 0x19, 0x02, 0x00, 0x00, 0x00
.long _sym_00bea3d4
.byte 0x00, 0x00, 0x00, 0x00, 0x00, 0x00, 0x00, 0x00, 0x00, 0x00, 0x00, 0x00, 0x00, 0x00, 0x00, 0x00
.byte 0x00, 0x00, 0x00, 0x00, 0x01, 0x00, 0x00, 0x00
.globl _sym_00bea408
_sym_00bea408:
.byte 0xff, 0xff, 0xff, 0xff
.long _sym_00ac42c0
.globl _sym_00bea410
_sym_00bea410:
.byte 0x22, 0x05, 0x93, 0x19, 0x01, 0x00, 0x00, 0x00
.long _sym_00bea408
.byte 0x00, 0x00, 0x00, 0x00, 0x00, 0x00, 0x00, 0x00, 0x00, 0x00, 0x00, 0x00, 0x00, 0x00, 0x00, 0x00
.byte 0x00, 0x00, 0x00, 0x00, 0x01, 0x00, 0x00, 0x00
.globl _sym_00bea434
_sym_00bea434:
.byte 0xff, 0xff, 0xff, 0xff
.long _sym_00ac49f0
.globl _sym_00bea43c
_sym_00bea43c:
.byte 0x22, 0x05, 0x93, 0x19, 0x01, 0x00, 0x00, 0x00
.long _sym_00bea434
.byte 0x00, 0x00, 0x00, 0x00, 0x00, 0x00, 0x00, 0x00, 0x00, 0x00, 0x00, 0x00, 0x00, 0x00, 0x00, 0x00
.byte 0x00, 0x00, 0x00, 0x00, 0x01, 0x00, 0x00, 0x00
.globl _sym_00bea460
_sym_00bea460:
.byte 0xff, 0xff, 0xff, 0xff
.long _sym_00ac3a60
.globl _sym_00bea468
_sym_00bea468:
.byte 0x22, 0x05, 0x93, 0x19, 0x01, 0x00, 0x00, 0x00
.long _sym_00bea460
.byte 0x00, 0x00, 0x00, 0x00, 0x00, 0x00, 0x00, 0x00, 0x00, 0x00, 0x00, 0x00, 0x00, 0x00, 0x00, 0x00
.byte 0x00, 0x00, 0x00, 0x00, 0x01, 0x00, 0x00, 0x00
.globl _sym_00bea48c
_sym_00bea48c:
.byte 0xff, 0xff, 0xff, 0xff
.long _sym_00ac42f0
.byte 0x00, 0x00, 0x00, 0x00
.long _sym_00ac42f8
.globl _sym_00bea49c
_sym_00bea49c:
.byte 0x22, 0x05, 0x93, 0x19, 0x02, 0x00, 0x00, 0x00
.long _sym_00bea48c
.byte 0x00, 0x00, 0x00, 0x00, 0x00, 0x00, 0x00, 0x00, 0x00, 0x00, 0x00, 0x00, 0x00, 0x00, 0x00, 0x00
.byte 0x00, 0x00, 0x00, 0x00, 0x01, 0x00, 0x00, 0x00
.globl _sym_00bea4c0
_sym_00bea4c0:
.byte 0xff, 0xff, 0xff, 0xff
.long _sym_00ac4e40
.byte 0x00, 0x00, 0x00, 0x00
.long _sym_00ac4e48
.globl _sym_00bea4d0
_sym_00bea4d0:
.byte 0x22, 0x05, 0x93, 0x19, 0x02, 0x00, 0x00, 0x00
.long _sym_00bea4c0
.byte 0x00, 0x00, 0x00, 0x00, 0x00, 0x00, 0x00, 0x00, 0x00, 0x00, 0x00, 0x00, 0x00, 0x00, 0x00, 0x00
.byte 0x00, 0x00, 0x00, 0x00, 0x01, 0x00, 0x00, 0x00
.globl _sym_00bea4f4
_sym_00bea4f4:
.byte 0xff, 0xff, 0xff, 0xff
.long _sym_00ac55d0
.globl _sym_00bea4fc
_sym_00bea4fc:
.byte 0x22, 0x05, 0x93, 0x19, 0x01, 0x00, 0x00, 0x00
.long _sym_00bea4f4
.byte 0x00, 0x00, 0x00, 0x00, 0x00, 0x00, 0x00, 0x00, 0x00, 0x00, 0x00, 0x00, 0x00, 0x00, 0x00, 0x00
.byte 0x00, 0x00, 0x00, 0x00, 0x01, 0x00, 0x00, 0x00
.globl _sym_00bea520
_sym_00bea520:
.byte 0xff, 0xff, 0xff, 0xff
.long _sym_00ac3970
.globl _sym_00bea528
_sym_00bea528:
.byte 0x22, 0x05, 0x93, 0x19, 0x01, 0x00, 0x00, 0x00
.long _sym_00bea520
.byte 0x00, 0x00, 0x00, 0x00, 0x00, 0x00, 0x00, 0x00, 0x00, 0x00, 0x00, 0x00, 0x00, 0x00, 0x00, 0x00
.byte 0x00, 0x00, 0x00, 0x00, 0x01, 0x00, 0x00, 0x00
.globl _sym_00bea54c
_sym_00bea54c:
.byte 0xff, 0xff, 0xff, 0xff
.long _sym_00ac41c0
.globl _sym_00bea554
_sym_00bea554:
.byte 0x22, 0x05, 0x93, 0x19, 0x01, 0x00, 0x00, 0x00
.long _sym_00bea54c
.byte 0x00, 0x00, 0x00, 0x00, 0x00, 0x00, 0x00, 0x00, 0x00, 0x00, 0x00, 0x00, 0x00, 0x00, 0x00, 0x00
.byte 0x00, 0x00, 0x00, 0x00, 0x01, 0x00, 0x00, 0x00
.globl _sym_00bea578
_sym_00bea578:
.byte 0xff, 0xff, 0xff, 0xff
.long _sym_00ac4d50
.byte 0x00, 0x00, 0x00, 0x00
.long _sym_00ac4d58
.byte 0xff, 0xff, 0xff, 0xff
.long _sym_00ac4d66
.globl _sym_00bea590
_sym_00bea590:
.byte 0x22, 0x05, 0x93, 0x19, 0x03, 0x00, 0x00, 0x00
.long _sym_00bea578
.byte 0x00, 0x00, 0x00, 0x00, 0x00, 0x00, 0x00, 0x00, 0x00, 0x00, 0x00, 0x00, 0x00, 0x00, 0x00, 0x00
.byte 0x00, 0x00, 0x00, 0x00, 0x01, 0x00, 0x00, 0x00
.globl _sym_00bea5b4
_sym_00bea5b4:
.byte 0xff, 0xff, 0xff, 0xff
.long _sym_00ac4480
.globl _sym_00bea5bc
_sym_00bea5bc:
.byte 0x22, 0x05, 0x93, 0x19, 0x01, 0x00, 0x00, 0x00
.long _sym_00bea5b4
.byte 0x00, 0x00, 0x00, 0x00, 0x00, 0x00, 0x00, 0x00, 0x00, 0x00, 0x00, 0x00, 0x00, 0x00, 0x00, 0x00
.byte 0x00, 0x00, 0x00, 0x00, 0x01, 0x00, 0x00, 0x00
.globl _sym_00bea5e0
_sym_00bea5e0:
.byte 0xff, 0xff, 0xff, 0xff
.long _sym_00ac5600
.globl _sym_00bea5e8
_sym_00bea5e8:
.byte 0x22, 0x05, 0x93, 0x19, 0x01, 0x00, 0x00, 0x00
.long _sym_00bea5e0
.byte 0x00, 0x00, 0x00, 0x00, 0x00, 0x00, 0x00, 0x00, 0x00, 0x00, 0x00, 0x00, 0x00, 0x00, 0x00, 0x00
.byte 0x00, 0x00, 0x00, 0x00, 0x01, 0x00, 0x00, 0x00
.globl _sym_00bea60c
_sym_00bea60c:
.byte 0xff, 0xff, 0xff, 0xff
.long _sym_00ac39a0
.globl _sym_00bea614
_sym_00bea614:
.byte 0x22, 0x05, 0x93, 0x19, 0x01, 0x00, 0x00, 0x00
.long _sym_00bea60c
.byte 0x00, 0x00, 0x00, 0x00, 0x00, 0x00, 0x00, 0x00, 0x00, 0x00, 0x00, 0x00, 0x00, 0x00, 0x00, 0x00
.byte 0x00, 0x00, 0x00, 0x00, 0x01, 0x00, 0x00, 0x00
.globl _sym_00bea638
_sym_00bea638:
.byte 0xff, 0xff, 0xff, 0xff
.long _sym_00ac41f0
.globl _sym_00bea640
_sym_00bea640:
.byte 0x22, 0x05, 0x93, 0x19, 0x01, 0x00, 0x00, 0x00
.long _sym_00bea638
.byte 0x00, 0x00, 0x00, 0x00, 0x00, 0x00, 0x00, 0x00, 0x00, 0x00, 0x00, 0x00, 0x00, 0x00, 0x00, 0x00
.byte 0x00, 0x00, 0x00, 0x00, 0x01, 0x00, 0x00, 0x00
.globl _sym_00bea664
_sym_00bea664:
.byte 0xff, 0xff, 0xff, 0xff
.long _sym_00ac4d90
.byte 0x00, 0x00, 0x00, 0x00
.long _sym_00ac4d98
.byte 0xff, 0xff, 0xff, 0xff
.long _sym_00ac4da6
.globl _sym_00bea67c
_sym_00bea67c:
.byte 0x22, 0x05, 0x93, 0x19, 0x03, 0x00, 0x00, 0x00
.long _sym_00bea664
.byte 0x00, 0x00, 0x00, 0x00, 0x00, 0x00, 0x00, 0x00, 0x00, 0x00, 0x00, 0x00, 0x00, 0x00, 0x00, 0x00
.byte 0x00, 0x00, 0x00, 0x00, 0x01, 0x00, 0x00, 0x00
.globl _sym_00bea6a0
_sym_00bea6a0:
.byte 0xff, 0xff, 0xff, 0xff
.long _sym_00ac44b0
.globl _sym_00bea6a8
_sym_00bea6a8:
.byte 0x22, 0x05, 0x93, 0x19, 0x01, 0x00, 0x00, 0x00
.long _sym_00bea6a0
.byte 0x00, 0x00, 0x00, 0x00, 0x00, 0x00, 0x00, 0x00, 0x00, 0x00, 0x00, 0x00, 0x00, 0x00, 0x00, 0x00
.byte 0x00, 0x00, 0x00, 0x00, 0x01, 0x00, 0x00, 0x00
.globl _sym_00bea6cc
_sym_00bea6cc:
.byte 0xff, 0xff, 0xff, 0xff
.long _sym_00ac55a0
.globl _sym_00bea6d4
_sym_00bea6d4:
.byte 0x22, 0x05, 0x93, 0x19, 0x01, 0x00, 0x00, 0x00
.long _sym_00bea6cc
.byte 0x00, 0x00, 0x00, 0x00, 0x00, 0x00, 0x00, 0x00, 0x00, 0x00, 0x00, 0x00, 0x00, 0x00, 0x00, 0x00
.byte 0x00, 0x00, 0x00, 0x00, 0x01, 0x00, 0x00, 0x00
.globl _sym_00bea6f8
_sym_00bea6f8:
.byte 0xff, 0xff, 0xff, 0xff
.long _sym_00ac3940
.globl _sym_00bea700
_sym_00bea700:
.byte 0x22, 0x05, 0x93, 0x19, 0x01, 0x00, 0x00, 0x00
.long _sym_00bea6f8
.byte 0x00, 0x00, 0x00, 0x00, 0x00, 0x00, 0x00, 0x00, 0x00, 0x00, 0x00, 0x00, 0x00, 0x00, 0x00, 0x00
.byte 0x00, 0x00, 0x00, 0x00, 0x01, 0x00, 0x00, 0x00
.globl _sym_00bea724
_sym_00bea724:
.byte 0xff, 0xff, 0xff, 0xff
.long _sym_00ac4190
.globl _sym_00bea72c
_sym_00bea72c:
.byte 0x22, 0x05, 0x93, 0x19, 0x01, 0x00, 0x00, 0x00
.long _sym_00bea724
.byte 0x00, 0x00, 0x00, 0x00, 0x00, 0x00, 0x00, 0x00, 0x00, 0x00, 0x00, 0x00, 0x00, 0x00, 0x00, 0x00
.byte 0x00, 0x00, 0x00, 0x00, 0x01, 0x00, 0x00, 0x00
.globl _sym_00bea750
_sym_00bea750:
.byte 0xff, 0xff, 0xff, 0xff
.long _sym_00ac4d10
.byte 0x00, 0x00, 0x00, 0x00
.long _sym_00ac4d18
.byte 0xff, 0xff, 0xff, 0xff
.long _sym_00ac4d26
.globl _sym_00bea768
_sym_00bea768:
.byte 0x22, 0x05, 0x93, 0x19, 0x03, 0x00, 0x00, 0x00
.long _sym_00bea750
.byte 0x00, 0x00, 0x00, 0x00, 0x00, 0x00, 0x00, 0x00, 0x00, 0x00, 0x00, 0x00, 0x00, 0x00, 0x00, 0x00
.byte 0x00, 0x00, 0x00, 0x00, 0x01, 0x00, 0x00, 0x00
.globl _sym_00bea78c
_sym_00bea78c:
.byte 0xff, 0xff, 0xff, 0xff
.long _sym_00ac4450
.globl _sym_00bea794
_sym_00bea794:
.byte 0x22, 0x05, 0x93, 0x19, 0x01, 0x00, 0x00, 0x00
.long _sym_00bea78c
.byte 0x00, 0x00, 0x00, 0x00, 0x00, 0x00, 0x00, 0x00, 0x00, 0x00, 0x00, 0x00, 0x00, 0x00, 0x00, 0x00
.byte 0x00, 0x00, 0x00, 0x00, 0x01, 0x00, 0x00, 0x00
.globl _sym_00bea7b8
_sym_00bea7b8:
.byte 0x22, 0x05, 0x93, 0x19, 0x0b, 0x00, 0x00, 0x00
.long _sym_00bea7dc
.byte 0x00, 0x00, 0x00, 0x00, 0x00, 0x00, 0x00, 0x00, 0x00, 0x00, 0x00, 0x00, 0x00, 0x00, 0x00, 0x00
.byte 0x00, 0x00, 0x00, 0x00, 0x01, 0x00, 0x00, 0x00
.globl _sym_00bea7dc
_sym_00bea7dc:
.byte 0xff, 0xff, 0xff, 0xff
.long _sym_00ac34d0
.byte 0xff, 0xff, 0xff, 0xff
.long _sym_00ac34de
.byte 0xff, 0xff, 0xff, 0xff
.long _sym_00ac34ec
.byte 0xff, 0xff, 0xff, 0xff
.long _sym_00ac34fa
.byte 0xff, 0xff, 0xff, 0xff
.long _sym_00ac3508
.byte 0xff, 0xff, 0xff, 0xff
.long _sym_00ac3516
.byte 0xff, 0xff, 0xff, 0xff
.long _sym_00ac3524
.byte 0xff, 0xff, 0xff, 0xff
.long _sym_00ac3532
.byte 0xff, 0xff, 0xff, 0xff
.long _sym_00ac3542
.byte 0xff, 0xff, 0xff, 0xff
.long _sym_00ac3552
.byte 0xff, 0xff, 0xff, 0xff
.long _sym_00ac3562
.globl _sym_00bea834
_sym_00bea834:
.byte 0x22, 0x05, 0x93, 0x19, 0x05, 0x00, 0x00, 0x00
.long _sym_00bea858
.byte 0x00, 0x00, 0x00, 0x00, 0x00, 0x00, 0x00, 0x00, 0x00, 0x00, 0x00, 0x00, 0x00, 0x00, 0x00, 0x00
.byte 0x00, 0x00, 0x00, 0x00, 0x01, 0x00, 0x00, 0x00
.globl _sym_00bea858
_sym_00bea858:
.byte 0xff, 0xff, 0xff, 0xff
.long _sym_00ac3590
.byte 0xff, 0xff, 0xff, 0xff
.long _sym_00ac359e
.byte 0xff, 0xff, 0xff, 0xff
.long _sym_00ac35ac
.byte 0xff, 0xff, 0xff, 0xff
.long _sym_00ac35ba
.byte 0xff, 0xff, 0xff, 0xff
.long _sym_00ac35c8
.globl _sym_00bea880
_sym_00bea880:
.byte 0x22, 0x05, 0x93, 0x19, 0x09, 0x00, 0x00, 0x00
.long _sym_00bea8a4
.byte 0x00, 0x00, 0x00, 0x00, 0x00, 0x00, 0x00, 0x00, 0x00, 0x00, 0x00, 0x00, 0x00, 0x00, 0x00, 0x00
.byte 0x00, 0x00, 0x00, 0x00, 0x01, 0x00, 0x00, 0x00
.globl _sym_00bea8a4
_sym_00bea8a4:
.byte 0xff, 0xff, 0xff, 0xff
.long _sym_00ac3430
.byte 0xff, 0xff, 0xff, 0xff
.long _sym_00ac343e
.byte 0xff, 0xff, 0xff, 0xff
.long _sym_00ac344c
.byte 0xff, 0xff, 0xff, 0xff
.long _sym_00ac345a
.byte 0xff, 0xff, 0xff, 0xff
.long _sym_00ac3468
.byte 0xff, 0xff, 0xff, 0xff
.long _sym_00ac3476
.byte 0xff, 0xff, 0xff, 0xff
.long _sym_00ac3484
.byte 0xff, 0xff, 0xff, 0xff
.long _sym_00ac3492
.byte 0xff, 0xff, 0xff, 0xff
.long _sym_00ac34a2
.globl _sym_00bea8ec
_sym_00bea8ec:
.byte 0x22, 0x05, 0x93, 0x19, 0x09, 0x00, 0x00, 0x00
.long _sym_00bea910
.byte 0x00, 0x00, 0x00, 0x00, 0x00, 0x00, 0x00, 0x00, 0x00, 0x00, 0x00, 0x00, 0x00, 0x00, 0x00, 0x00
.byte 0x00, 0x00, 0x00, 0x00, 0x01, 0x00, 0x00, 0x00
.globl _sym_00bea910
_sym_00bea910:
.byte 0xff, 0xff, 0xff, 0xff
.long _sym_00ac3600
.byte 0xff, 0xff, 0xff, 0xff
.long _sym_00ac360e
.byte 0xff, 0xff, 0xff, 0xff
.long _sym_00ac361c
.byte 0xff, 0xff, 0xff, 0xff
.long _sym_00ac362a
.byte 0xff, 0xff, 0xff, 0xff
.long _sym_00ac3638
.byte 0xff, 0xff, 0xff, 0xff
.long _sym_00ac3646
.byte 0xff, 0xff, 0xff, 0xff
.long _sym_00ac3654
.byte 0xff, 0xff, 0xff, 0xff
.long _sym_00ac3662
.byte 0xff, 0xff, 0xff, 0xff
.long _sym_00ac3672
.globl _sym_00bea958
_sym_00bea958:
.byte 0xff, 0xff, 0xff, 0xff
.long _sym_00ac33d0
.byte 0xff, 0xff, 0xff, 0xff
.long _sym_00ac33de
.byte 0xff, 0xff, 0xff, 0xff
.long _sym_00ac33ec
.byte 0xff, 0xff, 0xff, 0xff
.long _sym_00ac33fa
.globl _sym_00bea978
_sym_00bea978:
.byte 0x22, 0x05, 0x93, 0x19, 0x04, 0x00, 0x00, 0x00
.long _sym_00bea958
.byte 0x00, 0x00, 0x00, 0x00, 0x00, 0x00, 0x00, 0x00, 0x00, 0x00, 0x00, 0x00, 0x00, 0x00, 0x00, 0x00
.byte 0x00, 0x00, 0x00, 0x00, 0x01, 0x00, 0x00, 0x00
.globl _sym_00bea99c
_sym_00bea99c:
.byte 0xff, 0xff, 0xff, 0xff
.long _sym_00ac4920
.byte 0xff, 0xff, 0xff, 0xff
.long _sym_00ac492e
.byte 0xff, 0xff, 0xff, 0xff
.long _sym_00ac493c
.byte 0xff, 0xff, 0xff, 0xff
.long _sym_00ac494a
.globl _sym_00bea9bc
_sym_00bea9bc:
.byte 0x22, 0x05, 0x93, 0x19, 0x04, 0x00, 0x00, 0x00
.long _sym_00bea99c
.byte 0x00, 0x00, 0x00, 0x00, 0x00, 0x00, 0x00, 0x00, 0x00, 0x00, 0x00, 0x00, 0x00, 0x00, 0x00, 0x00
.byte 0x00, 0x00, 0x00, 0x00, 0x01, 0x00, 0x00, 0x00
.globl _sym_00bea9e0
_sym_00bea9e0:
.byte 0xff, 0xff, 0xff, 0xff
.long _sym_00ac3a00
.globl _sym_00bea9e8
_sym_00bea9e8:
.byte 0x22, 0x05, 0x93, 0x19, 0x01, 0x00, 0x00, 0x00
.long _sym_00bea9e0
.byte 0x00, 0x00, 0x00, 0x00, 0x00, 0x00, 0x00, 0x00, 0x00, 0x00, 0x00, 0x00, 0x00, 0x00, 0x00, 0x00
.byte 0x00, 0x00, 0x00, 0x00, 0x01, 0x00, 0x00, 0x00
.globl _sym_00beaa0c
_sym_00beaa0c:
.byte 0x22, 0x05, 0x93, 0x19, 0x07, 0x00, 0x00, 0x00
.long _sym_00beaa30
.byte 0x00, 0x00, 0x00, 0x00, 0x00, 0x00, 0x00, 0x00, 0x00, 0x00, 0x00, 0x00, 0x00, 0x00, 0x00, 0x00
.byte 0x00, 0x00, 0x00, 0x00, 0x01, 0x00, 0x00, 0x00
.globl _sym_00beaa30
_sym_00beaa30:
.byte 0xff, 0xff, 0xff, 0xff
.long _sym_00ac4dd0
.byte 0x00, 0x00, 0x00, 0x00
.long _sym_00ac4dd8
.byte 0xff, 0xff, 0xff, 0xff
.long _sym_00ac4de6
.byte 0x02, 0x00, 0x00, 0x00
.long _sym_00ac4dee
.byte 0xff, 0xff, 0xff, 0xff
.long _sym_00ac4dfc
.byte 0x04, 0x00, 0x00, 0x00
.long _sym_00ac4e04
.byte 0xff, 0xff, 0xff, 0xff
.long _sym_00ac4e12
.globl _sym_00beaa68
_sym_00beaa68:
.byte 0x22, 0x05, 0x93, 0x19, 0x09, 0x00, 0x00, 0x00
.long _sym_00beaa8c
.byte 0x00, 0x00, 0x00, 0x00, 0x00, 0x00, 0x00, 0x00, 0x00, 0x00, 0x00, 0x00, 0x00, 0x00, 0x00, 0x00
.byte 0x00, 0x00, 0x00, 0x00, 0x01, 0x00, 0x00, 0x00
.globl _sym_00beaa8c
_sym_00beaa8c:
.byte 0xff, 0xff, 0xff, 0xff
.long _sym_00ac4880
.byte 0xff, 0xff, 0xff, 0xff
.long _sym_00ac488e
.byte 0xff, 0xff, 0xff, 0xff
.long _sym_00ac489c
.byte 0xff, 0xff, 0xff, 0xff
.long _sym_00ac48aa
.byte 0xff, 0xff, 0xff, 0xff
.long _sym_00ac48b8
.byte 0xff, 0xff, 0xff, 0xff
.long _sym_00ac48c6
.byte 0xff, 0xff, 0xff, 0xff
.long _sym_00ac48d4
.byte 0xff, 0xff, 0xff, 0xff
.long _sym_00ac48e2
.byte 0xff, 0xff, 0xff, 0xff
.long _sym_00ac48f2
.globl _sym_00beaad4
_sym_00beaad4:
.byte 0xff, 0xff, 0xff, 0xff
.long _sym_00ac39d0
.globl _sym_00beaadc
_sym_00beaadc:
.byte 0x22, 0x05, 0x93, 0x19, 0x01, 0x00, 0x00, 0x00
.long _sym_00beaad4
.byte 0x00, 0x00, 0x00, 0x00, 0x00, 0x00, 0x00, 0x00, 0x00, 0x00, 0x00, 0x00, 0x00, 0x00, 0x00, 0x00
.byte 0x00, 0x00, 0x00, 0x00, 0x01, 0x00, 0x00, 0x00
.globl _sym_00beab00
_sym_00beab00:
.byte 0xff, 0xff, 0xff, 0xff
.long _sym_00ac4fa0
.globl _sym_00beab08
_sym_00beab08:
.byte 0x22, 0x05, 0x93, 0x19, 0x01, 0x00, 0x00, 0x00
.long _sym_00beab00
.byte 0x00, 0x00, 0x00, 0x00, 0x00, 0x00, 0x00, 0x00, 0x00, 0x00, 0x00, 0x00, 0x00, 0x00, 0x00, 0x00
.byte 0x00, 0x00, 0x00, 0x00, 0x01, 0x00, 0x00, 0x00
.globl _sym_00beab2c
_sym_00beab2c:
.byte 0x22, 0x05, 0x93, 0x19, 0x08, 0x00, 0x00, 0x00
.long _sym_00beab50
.byte 0x00, 0x00, 0x00, 0x00, 0x00, 0x00, 0x00, 0x00, 0x00, 0x00, 0x00, 0x00, 0x00, 0x00, 0x00, 0x00
.byte 0x00, 0x00, 0x00, 0x00, 0x01, 0x00, 0x00, 0x00
.globl _sym_00beab50
_sym_00beab50:
.byte 0xff, 0xff, 0xff, 0xff
.long _sym_00ac59f0
.byte 0x00, 0x00, 0x00, 0x00
.long _sym_00ac59f8
.byte 0xff, 0xff, 0xff, 0xff
.long _sym_00ac5a06
.byte 0x02, 0x00, 0x00, 0x00
.long _sym_00ac5a0e
.byte 0xff, 0xff, 0xff, 0xff
.long _sym_00ac5a1c
.byte 0x04, 0x00, 0x00, 0x00
.long _sym_00ac5a24
.byte 0xff, 0xff, 0xff, 0xff
.long _sym_00ac5a32
.byte 0x06, 0x00, 0x00, 0x00
.long _sym_00ac5a3a
.globl _sym_00beab90
_sym_00beab90:
.byte 0x22, 0x05, 0x93, 0x19, 0x09, 0x00, 0x00, 0x00
.long _sym_00beabb4
.byte 0x00, 0x00, 0x00, 0x00, 0x00, 0x00, 0x00, 0x00, 0x00, 0x00, 0x00, 0x00, 0x00, 0x00, 0x00, 0x00
.byte 0x00, 0x00, 0x00, 0x00, 0x01, 0x00, 0x00, 0x00
.globl _sym_00beabb4
_sym_00beabb4:
.byte 0xff, 0xff, 0xff, 0xff
.long _sym_00ac4220
.byte 0x00, 0x00, 0x00, 0x00
.long _sym_00ac4228
.byte 0x01, 0x00, 0x00, 0x00
.long _sym_00ac4236
.byte 0x02, 0x00, 0x00, 0x00
.long _sym_00ac4244
.byte 0x03, 0x00, 0x00, 0x00
.long _sym_00ac4252
.byte 0x04, 0x00, 0x00, 0x00
.long _sym_00ac4260
.byte 0x05, 0x00, 0x00, 0x00
.long _sym_00ac426e
.byte 0x06, 0x00, 0x00, 0x00
.long _sym_00ac427c
.byte 0x07, 0x00, 0x00, 0x00
.long _sym_00ac428a
.globl _sym_00beabfc
_sym_00beabfc:
.byte 0xff, 0xff, 0xff, 0xff
.long _sym_00ac5570
.globl _sym_00beac04
_sym_00beac04:
.byte 0x22, 0x05, 0x93, 0x19, 0x01, 0x00, 0x00, 0x00
.long _sym_00beabfc
.byte 0x00, 0x00, 0x00, 0x00, 0x00, 0x00, 0x00, 0x00, 0x00, 0x00, 0x00, 0x00, 0x00, 0x00, 0x00, 0x00
.byte 0x00, 0x00, 0x00, 0x00, 0x01, 0x00, 0x00, 0x00
.globl _sym_00beac28
_sym_00beac28:
.byte 0xff, 0xff, 0xff, 0xff
.long _sym_00ac3910
.globl _sym_00beac30
_sym_00beac30:
.byte 0x22, 0x05, 0x93, 0x19, 0x01, 0x00, 0x00, 0x00
.long _sym_00beac28
.byte 0x00, 0x00, 0x00, 0x00, 0x00, 0x00, 0x00, 0x00, 0x00, 0x00, 0x00, 0x00, 0x00, 0x00, 0x00, 0x00
.byte 0x00, 0x00, 0x00, 0x00, 0x01, 0x00, 0x00, 0x00
.globl _sym_00beac54
_sym_00beac54:
.byte 0xff, 0xff, 0xff, 0xff
.long _sym_00ac4f70
.globl _sym_00beac5c
_sym_00beac5c:
.byte 0x22, 0x05, 0x93, 0x19, 0x01, 0x00, 0x00, 0x00
.long _sym_00beac54
.byte 0x00, 0x00, 0x00, 0x00, 0x00, 0x00, 0x00, 0x00, 0x00, 0x00, 0x00, 0x00, 0x00, 0x00, 0x00, 0x00
.byte 0x00, 0x00, 0x00, 0x00, 0x01, 0x00, 0x00, 0x00
.globl _sym_00beac80
_sym_00beac80:
.byte 0xff, 0xff, 0xff, 0xff
.long _sym_00ac4160
.globl _sym_00beac88
_sym_00beac88:
.byte 0x22, 0x05, 0x93, 0x19, 0x01, 0x00, 0x00, 0x00
.long _sym_00beac80
.byte 0x00, 0x00, 0x00, 0x00, 0x00, 0x00, 0x00, 0x00, 0x00, 0x00, 0x00, 0x00, 0x00, 0x00, 0x00, 0x00
.byte 0x00, 0x00, 0x00, 0x00, 0x01, 0x00, 0x00, 0x00
.globl _sym_00beacac
_sym_00beacac:
.byte 0xff, 0xff, 0xff, 0xff
.long _sym_00ac4ce0
.globl _sym_00beacb4
_sym_00beacb4:
.byte 0x22, 0x05, 0x93, 0x19, 0x01, 0x00, 0x00, 0x00
.long _sym_00beacac
.byte 0x00, 0x00, 0x00, 0x00, 0x00, 0x00, 0x00, 0x00, 0x00, 0x00, 0x00, 0x00, 0x00, 0x00, 0x00, 0x00
.byte 0x00, 0x00, 0x00, 0x00, 0x01, 0x00, 0x00, 0x00
.globl _sym_00beacd8
_sym_00beacd8:
.byte 0xff, 0xff, 0xff, 0xff
.long _sym_00ac5a70
.globl _sym_00beace0
_sym_00beace0:
.byte 0x22, 0x05, 0x93, 0x19, 0x01, 0x00, 0x00, 0x00
.long _sym_00beacd8
.byte 0x00, 0x00, 0x00, 0x00, 0x00, 0x00, 0x00, 0x00, 0x00, 0x00, 0x00, 0x00, 0x00, 0x00, 0x00, 0x00
.byte 0x00, 0x00, 0x00, 0x00, 0x01, 0x00, 0x00, 0x00
.globl _sym_00bead04
_sym_00bead04:
.byte 0xff, 0xff, 0xff, 0xff
.long _sym_00ac5670
.byte 0x00, 0x00, 0x00, 0x00
.long _sym_00ac5678
.byte 0x00, 0x00, 0x00, 0x00
.long _sym_00ac5686
.globl _sym_00bead1c
_sym_00bead1c:
.byte 0x22, 0x05, 0x93, 0x19, 0x03, 0x00, 0x00, 0x00
.long _sym_00bead04
.byte 0x00, 0x00, 0x00, 0x00, 0x00, 0x00, 0x00, 0x00, 0x00, 0x00, 0x00, 0x00, 0x00, 0x00, 0x00, 0x00
.byte 0x00, 0x00, 0x00, 0x00, 0x01, 0x00, 0x00, 0x00
.globl _sym_00bead40
_sym_00bead40:
.byte 0xff, 0xff, 0xff, 0xff
.long _sym_00ac3ea0
.globl _sym_00bead48
_sym_00bead48:
.byte 0x22, 0x05, 0x93, 0x19, 0x01, 0x00, 0x00, 0x00
.long _sym_00bead40
.byte 0x00, 0x00, 0x00, 0x00, 0x00, 0x00, 0x00, 0x00, 0x00, 0x00, 0x00, 0x00, 0x00, 0x00, 0x00, 0x00
.byte 0x00, 0x00, 0x00, 0x00, 0x01, 0x00, 0x00, 0x00
.globl _sym_00bead6c
_sym_00bead6c:
.byte 0xff, 0xff, 0xff, 0xff
.long _sym_00ac3c10
.globl _sym_00bead74
_sym_00bead74:
.byte 0x22, 0x05, 0x93, 0x19, 0x01, 0x00, 0x00, 0x00
.long _sym_00bead6c
.byte 0x00, 0x00, 0x00, 0x00, 0x00, 0x00, 0x00, 0x00, 0x00, 0x00, 0x00, 0x00, 0x00, 0x00, 0x00, 0x00
.byte 0x00, 0x00, 0x00, 0x00, 0x01, 0x00, 0x00, 0x00
.globl _sym_00bead98
_sym_00bead98:
.byte 0xff, 0xff, 0xff, 0xff
.long _sym_00ac3f10
.byte 0x00, 0x00, 0x00, 0x00
.long _sym_00ac3f18
.byte 0xff, 0xff, 0xff, 0xff
.long _sym_00ac3f23
.globl _sym_00beadb0
_sym_00beadb0:
.byte 0x22, 0x05, 0x93, 0x19, 0x03, 0x00, 0x00, 0x00
.long _sym_00bead98
.byte 0x00, 0x00, 0x00, 0x00, 0x00, 0x00, 0x00, 0x00, 0x00, 0x00, 0x00, 0x00, 0x00, 0x00, 0x00, 0x00
.byte 0x00, 0x00, 0x00, 0x00, 0x01, 0x00, 0x00, 0x00
.globl _sym_00beadd4
_sym_00beadd4:
.byte 0xff, 0xff, 0xff, 0xff
.long _sym_00ac3c40
.globl _sym_00beaddc
_sym_00beaddc:
.byte 0x22, 0x05, 0x93, 0x19, 0x01, 0x00, 0x00, 0x00
.long _sym_00beadd4
.byte 0x00, 0x00, 0x00, 0x00, 0x00, 0x00, 0x00, 0x00, 0x00, 0x00, 0x00, 0x00, 0x00, 0x00, 0x00, 0x00
.byte 0x00, 0x00, 0x00, 0x00, 0x01, 0x00, 0x00, 0x00
.globl _sym_00beae00
_sym_00beae00:
.byte 0xff, 0xff, 0xff, 0xff
.long _sym_00ac3f50
.byte 0x00, 0x00, 0x00, 0x00
.long _sym_00ac3f58
.byte 0xff, 0xff, 0xff, 0xff
.long _sym_00ac3f63
.globl _sym_00beae18
_sym_00beae18:
.byte 0x22, 0x05, 0x93, 0x19, 0x03, 0x00, 0x00, 0x00
.long _sym_00beae00
.byte 0x00, 0x00, 0x00, 0x00, 0x00, 0x00, 0x00, 0x00, 0x00, 0x00, 0x00, 0x00, 0x00, 0x00, 0x00, 0x00
.byte 0x00, 0x00, 0x00, 0x00, 0x01, 0x00, 0x00, 0x00
.globl _sym_00beae3c
_sym_00beae3c:
.byte 0xff, 0xff, 0xff, 0xff
.long _sym_00ac4420
.globl _sym_00beae44
_sym_00beae44:
.byte 0x22, 0x05, 0x93, 0x19, 0x01, 0x00, 0x00, 0x00
.long _sym_00beae3c
.byte 0x00, 0x00, 0x00, 0x00, 0x00, 0x00, 0x00, 0x00, 0x00, 0x00, 0x00, 0x00, 0x00, 0x00, 0x00, 0x00
.byte 0x00, 0x00, 0x00, 0x00, 0x01, 0x00, 0x00, 0x00
.globl _sym_00beae68
_sym_00beae68:
.byte 0xff, 0xff, 0xff, 0xff
.long _sym_00ac3b20
.globl _sym_00beae70
_sym_00beae70:
.byte 0x22, 0x05, 0x93, 0x19, 0x01, 0x00, 0x00, 0x00
.long _sym_00beae68
.byte 0x00, 0x00, 0x00, 0x00, 0x00, 0x00, 0x00, 0x00, 0x00, 0x00, 0x00, 0x00, 0x00, 0x00, 0x00, 0x00
.byte 0x00, 0x00, 0x00, 0x00, 0x01, 0x00, 0x00, 0x00
.globl _sym_00beae94
_sym_00beae94:
.byte 0xff, 0xff, 0xff, 0xff
.long _sym_00ac5000
.byte 0x00, 0x00, 0x00, 0x00
.long _sym_00ac5011
.globl _sym_00beaea4
_sym_00beaea4:
.byte 0x22, 0x05, 0x93, 0x19, 0x02, 0x00, 0x00, 0x00
.long _sym_00beae94
.byte 0x00, 0x00, 0x00, 0x00, 0x00, 0x00, 0x00, 0x00, 0x00, 0x00, 0x00, 0x00, 0x00, 0x00, 0x00, 0x00
.byte 0x00, 0x00, 0x00, 0x00, 0x01, 0x00, 0x00, 0x00
.globl _sym_00beaec8
_sym_00beaec8:
.byte 0xff, 0xff, 0xff, 0xff
.long _sym_00ac5230
.byte 0x00, 0x00, 0x00, 0x00
.long _sym_00ac5238
.globl _sym_00beaed8
_sym_00beaed8:
.byte 0x22, 0x05, 0x93, 0x19, 0x02, 0x00, 0x00, 0x00
.long _sym_00beaec8
.byte 0x00, 0x00, 0x00, 0x00, 0x00, 0x00, 0x00, 0x00, 0x00, 0x00, 0x00, 0x00, 0x00, 0x00, 0x00, 0x00
.byte 0x00, 0x00, 0x00, 0x00, 0x01, 0x00, 0x00, 0x00
.globl _sym_00beaefc
_sym_00beaefc:
.byte 0xff, 0xff, 0xff, 0xff
.long _sym_00ac5430
.byte 0x00, 0x00, 0x00, 0x00
.long _sym_00ac5438
.globl _sym_00beaf0c
_sym_00beaf0c:
.byte 0x22, 0x05, 0x93, 0x19, 0x02, 0x00, 0x00, 0x00
.long _sym_00beaefc
.byte 0x00, 0x00, 0x00, 0x00, 0x00, 0x00, 0x00, 0x00, 0x00, 0x00, 0x00, 0x00, 0x00, 0x00, 0x00, 0x00
.byte 0x00, 0x00, 0x00, 0x00, 0x01, 0x00, 0x00, 0x00
.globl _sym_00beaf30
_sym_00beaf30:
.byte 0xff, 0xff, 0xff, 0xff
.long _sym_00ac5770
.byte 0x00, 0x00, 0x00, 0x00
.long _sym_00ac5778
.globl _sym_00beaf40
_sym_00beaf40:
.byte 0x22, 0x05, 0x93, 0x19, 0x02, 0x00, 0x00, 0x00
.long _sym_00beaf30
.byte 0x00, 0x00, 0x00, 0x00, 0x00, 0x00, 0x00, 0x00, 0x00, 0x00, 0x00, 0x00, 0x00, 0x00, 0x00, 0x00
.byte 0x00, 0x00, 0x00, 0x00, 0x01, 0x00, 0x00, 0x00
.globl _sym_00beaf64
_sym_00beaf64:
.byte 0xff, 0xff, 0xff, 0xff
.long _sym_00ac57e0
.byte 0x00, 0x00, 0x00, 0x00
.long _sym_00ac57e8
.globl _sym_00beaf74
_sym_00beaf74:
.byte 0x22, 0x05, 0x93, 0x19, 0x02, 0x00, 0x00, 0x00
.long _sym_00beaf64
.byte 0x00, 0x00, 0x00, 0x00, 0x00, 0x00, 0x00, 0x00, 0x00, 0x00, 0x00, 0x00, 0x00, 0x00, 0x00, 0x00
.byte 0x00, 0x00, 0x00, 0x00, 0x01, 0x00, 0x00, 0x00
.globl _sym_00beaf98
_sym_00beaf98:
.byte 0xff, 0xff, 0xff, 0xff
.long _sym_00ac57b0
.globl _sym_00beafa0
_sym_00beafa0:
.byte 0x22, 0x05, 0x93, 0x19, 0x01, 0x00, 0x00, 0x00
.long _sym_00beaf98
.byte 0x00, 0x00, 0x00, 0x00, 0x00, 0x00, 0x00, 0x00, 0x00, 0x00, 0x00, 0x00, 0x00, 0x00, 0x00, 0x00
.byte 0x00, 0x00, 0x00, 0x00, 0x01, 0x00, 0x00, 0x00
.globl _sym_00beafc4
_sym_00beafc4:
.byte 0xff, 0xff, 0xff, 0xff
.long _sym_00ac5b20
.byte 0x00, 0x00, 0x00, 0x00
.long _sym_00ac5b28
.globl _sym_00beafd4
_sym_00beafd4:
.byte 0x22, 0x05, 0x93, 0x19, 0x02, 0x00, 0x00, 0x00
.long _sym_00beafc4
.byte 0x00, 0x00, 0x00, 0x00, 0x00, 0x00, 0x00, 0x00, 0x00, 0x00, 0x00, 0x00, 0x00, 0x00, 0x00, 0x00
.byte 0x00, 0x00, 0x00, 0x00, 0x01, 0x00, 0x00, 0x00
.globl _sym_00beaff8
_sym_00beaff8:
.byte 0xff, 0xff, 0xff, 0xff
.long _sym_00ac5b60
.byte 0x00, 0x00, 0x00, 0x00
.long _sym_00ac5b68
.globl _sym_00beb008
_sym_00beb008:
.byte 0x22, 0x05, 0x93, 0x19, 0x02, 0x00, 0x00, 0x00
.long _sym_00beaff8
.byte 0x00, 0x00, 0x00, 0x00, 0x00, 0x00, 0x00, 0x00, 0x00, 0x00, 0x00, 0x00, 0x00, 0x00, 0x00, 0x00
.byte 0x00, 0x00, 0x00, 0x00, 0x01, 0x00, 0x00, 0x00
.globl _sym_00beb02c
_sym_00beb02c:
.byte 0xff, 0xff, 0xff, 0xff
.long _sym_00ac3de0
.globl _sym_00beb034
_sym_00beb034:
.byte 0x22, 0x05, 0x93, 0x19, 0x01, 0x00, 0x00, 0x00
.long _sym_00beb02c
.byte 0x00, 0x00, 0x00, 0x00, 0x00, 0x00, 0x00, 0x00, 0x00, 0x00, 0x00, 0x00, 0x00, 0x00, 0x00, 0x00
.byte 0x00, 0x00, 0x00, 0x00, 0x01, 0x00, 0x00, 0x00
.globl _sym_00beb058
_sym_00beb058:
.byte 0xff, 0xff, 0xff, 0xff
.long _sym_00ac4360
.byte 0x00, 0x00, 0x00, 0x00
.long _sym_00ac4368
.globl _sym_00beb068
_sym_00beb068:
.byte 0x22, 0x05, 0x93, 0x19, 0x02, 0x00, 0x00, 0x00
.long _sym_00beb058
.byte 0x00, 0x00, 0x00, 0x00, 0x00, 0x00, 0x00, 0x00, 0x00, 0x00, 0x00, 0x00, 0x00, 0x00, 0x00, 0x00
.byte 0x00, 0x00, 0x00, 0x00, 0x01, 0x00, 0x00, 0x00
.globl _sym_00beb08c
_sym_00beb08c:
.byte 0xff, 0xff, 0xff, 0xff
.long _sym_00ac52f0
.byte 0x00, 0x00, 0x00, 0x00
.long _sym_00ac52fb
.byte 0xff, 0xff, 0xff, 0xff
.long _sym_00ac5309
.byte 0x02, 0x00, 0x00, 0x00
.long _sym_00ac5314
.globl _sym_00beb0ac
_sym_00beb0ac:
.byte 0x22, 0x05, 0x93, 0x19, 0x04, 0x00, 0x00, 0x00
.long _sym_00beb08c
.byte 0x00, 0x00, 0x00, 0x00, 0x00, 0x00, 0x00, 0x00, 0x00, 0x00, 0x00, 0x00, 0x00, 0x00, 0x00, 0x00
.byte 0x00, 0x00, 0x00, 0x00, 0x01, 0x00, 0x00, 0x00
.globl _sym_00beb0d0
_sym_00beb0d0:
.byte 0xff, 0xff, 0xff, 0xff
.long _sym_00ac3b50
.globl _sym_00beb0d8
_sym_00beb0d8:
.byte 0x22, 0x05, 0x93, 0x19, 0x01, 0x00, 0x00, 0x00
.long _sym_00beb0d0
.byte 0x00, 0x00, 0x00, 0x00, 0x00, 0x00, 0x00, 0x00, 0x00, 0x00, 0x00, 0x00, 0x00, 0x00, 0x00, 0x00
.byte 0x00, 0x00, 0x00, 0x00, 0x01, 0x00, 0x00, 0x00
.globl _sym_00beb0fc
_sym_00beb0fc:
.byte 0xff, 0xff, 0xff, 0xff
.long _sym_00ac5040
.globl _sym_00beb104
_sym_00beb104:
.byte 0x22, 0x05, 0x93, 0x19, 0x01, 0x00, 0x00, 0x00
.long _sym_00beb0fc
.byte 0x00, 0x00, 0x00, 0x00, 0x00, 0x00, 0x00, 0x00, 0x00, 0x00, 0x00, 0x00, 0x00, 0x00, 0x00, 0x00
.byte 0x00, 0x00, 0x00, 0x00, 0x01, 0x00, 0x00, 0x00
.globl _sym_00beb128
_sym_00beb128:
.byte 0xff, 0xff, 0xff, 0xff
.long _sym_00ac5270
.byte 0x00, 0x00, 0x00, 0x00
.long _sym_00ac5278
.globl _sym_00beb138
_sym_00beb138:
.byte 0x22, 0x05, 0x93, 0x19, 0x02, 0x00, 0x00, 0x00
.long _sym_00beb128
.byte 0x00, 0x00, 0x00, 0x00, 0x00, 0x00, 0x00, 0x00, 0x00, 0x00, 0x00, 0x00, 0x00, 0x00, 0x00, 0x00
.byte 0x00, 0x00, 0x00, 0x00, 0x01, 0x00, 0x00, 0x00
.globl _sym_00beb15c
_sym_00beb15c:
.byte 0xff, 0xff, 0xff, 0xff
.long _sym_00ac5470
.byte 0x00, 0x00, 0x00, 0x00
.long _sym_00ac5478
.globl _sym_00beb16c
_sym_00beb16c:
.byte 0x22, 0x05, 0x93, 0x19, 0x02, 0x00, 0x00, 0x00
.long _sym_00beb15c
.byte 0x00, 0x00, 0x00, 0x00, 0x00, 0x00, 0x00, 0x00, 0x00, 0x00, 0x00, 0x00, 0x00, 0x00, 0x00, 0x00
.byte 0x00, 0x00, 0x00, 0x00, 0x01, 0x00, 0x00, 0x00
.globl _sym_00beb190
_sym_00beb190:
.byte 0xff, 0xff, 0xff, 0xff
.long _sym_00ac5820
.globl _sym_00beb198
_sym_00beb198:
.byte 0x22, 0x05, 0x93, 0x19, 0x01, 0x00, 0x00, 0x00
.long _sym_00beb190
.byte 0x00, 0x00, 0x00, 0x00, 0x00, 0x00, 0x00, 0x00, 0x00, 0x00, 0x00, 0x00, 0x00, 0x00, 0x00, 0x00
.byte 0x00, 0x00, 0x00, 0x00, 0x01, 0x00, 0x00, 0x00
.globl _sym_00beb1bc
_sym_00beb1bc:
.byte 0xff, 0xff, 0xff, 0xff
.long _sym_00ac5880
.byte 0x00, 0x00, 0x00, 0x00
.long _sym_00ac5888
.globl _sym_00beb1cc
_sym_00beb1cc:
.byte 0x22, 0x05, 0x93, 0x19, 0x02, 0x00, 0x00, 0x00
.long _sym_00beb1bc
.byte 0x00, 0x00, 0x00, 0x00, 0x00, 0x00, 0x00, 0x00, 0x00, 0x00, 0x00, 0x00, 0x00, 0x00, 0x00, 0x00
.byte 0x00, 0x00, 0x00, 0x00, 0x01, 0x00, 0x00, 0x00
.globl _sym_00beb1f0
_sym_00beb1f0:
.byte 0xff, 0xff, 0xff, 0xff
.long _sym_00ac5850
.globl _sym_00beb1f8
_sym_00beb1f8:
.byte 0x22, 0x05, 0x93, 0x19, 0x01, 0x00, 0x00, 0x00
.long _sym_00beb1f0
.byte 0x00, 0x00, 0x00, 0x00, 0x00, 0x00, 0x00, 0x00, 0x00, 0x00, 0x00, 0x00, 0x00, 0x00, 0x00, 0x00
.byte 0x00, 0x00, 0x00, 0x00, 0x01, 0x00, 0x00, 0x00
.globl _sym_00beb21c
_sym_00beb21c:
.byte 0xff, 0xff, 0xff, 0xff
.long _sym_00ac5ba0
.byte 0x00, 0x00, 0x00, 0x00
.long _sym_00ac5ba8
.globl _sym_00beb22c
_sym_00beb22c:
.byte 0x22, 0x05, 0x93, 0x19, 0x02, 0x00, 0x00, 0x00
.long _sym_00beb21c
.byte 0x00, 0x00, 0x00, 0x00, 0x00, 0x00, 0x00, 0x00, 0x00, 0x00, 0x00, 0x00, 0x00, 0x00, 0x00, 0x00
.byte 0x00, 0x00, 0x00, 0x00, 0x01, 0x00, 0x00, 0x00
.globl _sym_00beb250
_sym_00beb250:
.byte 0xff, 0xff, 0xff, 0xff
.long _sym_00ac5be0
.byte 0x00, 0x00, 0x00, 0x00
.long _sym_00ac5be8
.globl _sym_00beb260
_sym_00beb260:
.byte 0x22, 0x05, 0x93, 0x19, 0x02, 0x00, 0x00, 0x00
.long _sym_00beb250
.byte 0x00, 0x00, 0x00, 0x00, 0x00, 0x00, 0x00, 0x00, 0x00, 0x00, 0x00, 0x00, 0x00, 0x00, 0x00, 0x00
.byte 0x00, 0x00, 0x00, 0x00, 0x01, 0x00, 0x00, 0x00
.globl _sym_00beb284
_sym_00beb284:
.byte 0xff, 0xff, 0xff, 0xff
.long _sym_00ac3e10
.globl _sym_00beb28c
_sym_00beb28c:
.byte 0x22, 0x05, 0x93, 0x19, 0x01, 0x00, 0x00, 0x00
.long _sym_00beb284
.byte 0x00, 0x00, 0x00, 0x00, 0x00, 0x00, 0x00, 0x00, 0x00, 0x00, 0x00, 0x00, 0x00, 0x00, 0x00, 0x00
.byte 0x00, 0x00, 0x00, 0x00, 0x01, 0x00, 0x00, 0x00
.globl _sym_00beb2b0
_sym_00beb2b0:
.byte 0xff, 0xff, 0xff, 0xff
.long _sym_00ac4390
.byte 0x00, 0x00, 0x00, 0x00
.long _sym_00ac4398
.globl _sym_00beb2c0
_sym_00beb2c0:
.byte 0x22, 0x05, 0x93, 0x19, 0x02, 0x00, 0x00, 0x00
.long _sym_00beb2b0
.byte 0x00, 0x00, 0x00, 0x00, 0x00, 0x00, 0x00, 0x00, 0x00, 0x00, 0x00, 0x00, 0x00, 0x00, 0x00, 0x00
.byte 0x00, 0x00, 0x00, 0x00, 0x01, 0x00, 0x00, 0x00
.globl _sym_00beb2e4
_sym_00beb2e4:
.byte 0xff, 0xff, 0xff, 0xff
.long _sym_00ac5350
.byte 0x00, 0x00, 0x00, 0x00
.long _sym_00ac535b
.globl _sym_00beb2f4
_sym_00beb2f4:
.byte 0x22, 0x05, 0x93, 0x19, 0x02, 0x00, 0x00, 0x00
.long _sym_00beb2e4
.byte 0x00, 0x00, 0x00, 0x00, 0x00, 0x00, 0x00, 0x00, 0x00, 0x00, 0x00, 0x00, 0x00, 0x00, 0x00, 0x00
.byte 0x00, 0x00, 0x00, 0x00, 0x01, 0x00, 0x00, 0x00
.globl _sym_00beb318
_sym_00beb318:
.byte 0xff, 0xff, 0xff, 0xff
.long _sym_00ac3b80
.globl _sym_00beb320
_sym_00beb320:
.byte 0x22, 0x05, 0x93, 0x19, 0x01, 0x00, 0x00, 0x00
.long _sym_00beb318
.byte 0x00, 0x00, 0x00, 0x00, 0x00, 0x00, 0x00, 0x00, 0x00, 0x00, 0x00, 0x00, 0x00, 0x00, 0x00, 0x00
.byte 0x00, 0x00, 0x00, 0x00, 0x01, 0x00, 0x00, 0x00
.globl _sym_00beb344
_sym_00beb344:
.byte 0xff, 0xff, 0xff, 0xff
.long _sym_00ac5070
.globl _sym_00beb34c
_sym_00beb34c:
.byte 0x22, 0x05, 0x93, 0x19, 0x01, 0x00, 0x00, 0x00
.long _sym_00beb344
.byte 0x00, 0x00, 0x00, 0x00, 0x00, 0x00, 0x00, 0x00, 0x00, 0x00, 0x00, 0x00, 0x00, 0x00, 0x00, 0x00
.byte 0x00, 0x00, 0x00, 0x00, 0x01, 0x00, 0x00, 0x00
.globl _sym_00beb370
_sym_00beb370:
.byte 0xff, 0xff, 0xff, 0xff
.long _sym_00ac52b0
.byte 0x00, 0x00, 0x00, 0x00
.long _sym_00ac52b8
.globl _sym_00beb380
_sym_00beb380:
.byte 0x22, 0x05, 0x93, 0x19, 0x02, 0x00, 0x00, 0x00
.long _sym_00beb370
.byte 0x00, 0x00, 0x00, 0x00, 0x00, 0x00, 0x00, 0x00, 0x00, 0x00, 0x00, 0x00, 0x00, 0x00, 0x00, 0x00
.byte 0x00, 0x00, 0x00, 0x00, 0x01, 0x00, 0x00, 0x00
.globl _sym_00beb3a4
_sym_00beb3a4:
.byte 0xff, 0xff, 0xff, 0xff
.long _sym_00ac54b0
.byte 0x00, 0x00, 0x00, 0x00
.long _sym_00ac54b8
.globl _sym_00beb3b4
_sym_00beb3b4:
.byte 0x22, 0x05, 0x93, 0x19, 0x02, 0x00, 0x00, 0x00
.long _sym_00beb3a4
.byte 0x00, 0x00, 0x00, 0x00, 0x00, 0x00, 0x00, 0x00, 0x00, 0x00, 0x00, 0x00, 0x00, 0x00, 0x00, 0x00
.byte 0x00, 0x00, 0x00, 0x00, 0x01, 0x00, 0x00, 0x00
.globl _sym_00beb3d8
_sym_00beb3d8:
.byte 0xff, 0xff, 0xff, 0xff
.long _sym_00ac58c0
.globl _sym_00beb3e0
_sym_00beb3e0:
.byte 0x22, 0x05, 0x93, 0x19, 0x01, 0x00, 0x00, 0x00
.long _sym_00beb3d8
.byte 0x00, 0x00, 0x00, 0x00, 0x00, 0x00, 0x00, 0x00, 0x00, 0x00, 0x00, 0x00, 0x00, 0x00, 0x00, 0x00
.byte 0x00, 0x00, 0x00, 0x00, 0x01, 0x00, 0x00, 0x00
.globl _sym_00beb404
_sym_00beb404:
.byte 0xff, 0xff, 0xff, 0xff
.long _sym_00ac5920
.byte 0x00, 0x00, 0x00, 0x00
.long _sym_00ac5928
.globl _sym_00beb414
_sym_00beb414:
.byte 0x22, 0x05, 0x93, 0x19, 0x02, 0x00, 0x00, 0x00
.long _sym_00beb404
.byte 0x00, 0x00, 0x00, 0x00, 0x00, 0x00, 0x00, 0x00, 0x00, 0x00, 0x00, 0x00, 0x00, 0x00, 0x00, 0x00
.byte 0x00, 0x00, 0x00, 0x00, 0x01, 0x00, 0x00, 0x00
.globl _sym_00beb438
_sym_00beb438:
.byte 0xff, 0xff, 0xff, 0xff
.long _sym_00ac58f0
.globl _sym_00beb440
_sym_00beb440:
.byte 0x22, 0x05, 0x93, 0x19, 0x01, 0x00, 0x00, 0x00
.long _sym_00beb438
.byte 0x00, 0x00, 0x00, 0x00, 0x00, 0x00, 0x00, 0x00, 0x00, 0x00, 0x00, 0x00, 0x00, 0x00, 0x00, 0x00
.byte 0x00, 0x00, 0x00, 0x00, 0x01, 0x00, 0x00, 0x00
.globl _sym_00beb464
_sym_00beb464:
.byte 0xff, 0xff, 0xff, 0xff
.long _sym_00ac5c20
.byte 0x00, 0x00, 0x00, 0x00
.long _sym_00ac5c28
.globl _sym_00beb474
_sym_00beb474:
.byte 0x22, 0x05, 0x93, 0x19, 0x02, 0x00, 0x00, 0x00
.long _sym_00beb464
.byte 0x00, 0x00, 0x00, 0x00, 0x00, 0x00, 0x00, 0x00, 0x00, 0x00, 0x00, 0x00, 0x00, 0x00, 0x00, 0x00
.byte 0x00, 0x00, 0x00, 0x00, 0x01, 0x00, 0x00, 0x00
.globl _sym_00beb498
_sym_00beb498:
.byte 0xff, 0xff, 0xff, 0xff
.long _sym_00ac5c60
.byte 0x00, 0x00, 0x00, 0x00
.long _sym_00ac5c68
.globl _sym_00beb4a8
_sym_00beb4a8:
.byte 0x22, 0x05, 0x93, 0x19, 0x02, 0x00, 0x00, 0x00
.long _sym_00beb498
.byte 0x00, 0x00, 0x00, 0x00, 0x00, 0x00, 0x00, 0x00, 0x00, 0x00, 0x00, 0x00, 0x00, 0x00, 0x00, 0x00
.byte 0x00, 0x00, 0x00, 0x00, 0x01, 0x00, 0x00, 0x00
.globl _sym_00beb4cc
_sym_00beb4cc:
.byte 0xff, 0xff, 0xff, 0xff
.long _sym_00ac3e40
.globl _sym_00beb4d4
_sym_00beb4d4:
.byte 0x22, 0x05, 0x93, 0x19, 0x01, 0x00, 0x00, 0x00
.long _sym_00beb4cc
.byte 0x00, 0x00, 0x00, 0x00, 0x00, 0x00, 0x00, 0x00, 0x00, 0x00, 0x00, 0x00, 0x00, 0x00, 0x00, 0x00
.byte 0x00, 0x00, 0x00, 0x00, 0x01, 0x00, 0x00, 0x00
.globl _sym_00beb4f8
_sym_00beb4f8:
.byte 0xff, 0xff, 0xff, 0xff
.long _sym_00ac43c0
.byte 0x00, 0x00, 0x00, 0x00
.long _sym_00ac43c8
.globl _sym_00beb508
_sym_00beb508:
.byte 0x22, 0x05, 0x93, 0x19, 0x02, 0x00, 0x00, 0x00
.long _sym_00beb4f8
.byte 0x00, 0x00, 0x00, 0x00, 0x00, 0x00, 0x00, 0x00, 0x00, 0x00, 0x00, 0x00, 0x00, 0x00, 0x00, 0x00
.byte 0x00, 0x00, 0x00, 0x00, 0x01, 0x00, 0x00, 0x00
.globl _sym_00beb52c
_sym_00beb52c:
.byte 0xff, 0xff, 0xff, 0xff
.long _sym_00ac53a0
.byte 0x00, 0x00, 0x00, 0x00
.long _sym_00ac53ab
.globl _sym_00beb53c
_sym_00beb53c:
.byte 0x22, 0x05, 0x93, 0x19, 0x02, 0x00, 0x00, 0x00
.long _sym_00beb52c
.byte 0x00, 0x00, 0x00, 0x00, 0x00, 0x00, 0x00, 0x00, 0x00, 0x00, 0x00, 0x00, 0x00, 0x00, 0x00, 0x00
.byte 0x00, 0x00, 0x00, 0x00, 0x01, 0x00, 0x00, 0x00
.globl _sym_00beb560
_sym_00beb560:
.byte 0xff, 0xff, 0xff, 0xff
.long _sym_00ac38e0
.globl _sym_00beb568
_sym_00beb568:
.byte 0x22, 0x05, 0x93, 0x19, 0x01, 0x00, 0x00, 0x00
.long _sym_00beb560
.byte 0x00, 0x00, 0x00, 0x00, 0x00, 0x00, 0x00, 0x00, 0x00, 0x00, 0x00, 0x00, 0x00, 0x00, 0x00, 0x00
.byte 0x00, 0x00, 0x00, 0x00, 0x01, 0x00, 0x00, 0x00
.globl _sym_00beb58c
_sym_00beb58c:
.byte 0x22, 0x05, 0x93, 0x19, 0x05, 0x00, 0x00, 0x00
.long _sym_00beb5b0
.byte 0x00, 0x00, 0x00, 0x00, 0x00, 0x00, 0x00, 0x00, 0x00, 0x00, 0x00, 0x00, 0x00, 0x00, 0x00, 0x00
.byte 0x00, 0x00, 0x00, 0x00, 0x01, 0x00, 0x00, 0x00
.globl _sym_00beb5b0
_sym_00beb5b0:
.byte 0xff, 0xff, 0xff, 0xff
.long _sym_00ac54f0
.byte 0xff, 0xff, 0xff, 0xff
.long _sym_00ac54f8
.byte 0xff, 0xff, 0xff, 0xff
.long _sym_00ac5500
.byte 0xff, 0xff, 0xff, 0xff
.long _sym_00ac5508
.byte 0xff, 0xff, 0xff, 0xff
.long _sym_00ac5510
.globl _sym_00beb5d8
_sym_00beb5d8:
.byte 0xff, 0xff, 0xff, 0xff
.long _sym_00ac4120
.byte 0x00, 0x00, 0x00, 0x00
.long _sym_00ac4128
.byte 0x01, 0x00, 0x00, 0x00
.long _sym_00ac4133
.globl _sym_00beb5f0
_sym_00beb5f0:
.byte 0x22, 0x05, 0x93, 0x19, 0x03, 0x00, 0x00, 0x00
.long _sym_00beb5d8
.byte 0x00, 0x00, 0x00, 0x00, 0x00, 0x00, 0x00, 0x00, 0x00, 0x00, 0x00, 0x00, 0x00, 0x00, 0x00, 0x00
.byte 0x00, 0x00, 0x00, 0x00, 0x01, 0x00, 0x00, 0x00
.globl _sym_00beb614
_sym_00beb614:
.byte 0xff, 0xff, 0xff, 0xff
.long _sym_00ac3ff0
.globl _sym_00beb61c
_sym_00beb61c:
.byte 0x22, 0x05, 0x93, 0x19, 0x01, 0x00, 0x00, 0x00
.long _sym_00beb614
.byte 0x00, 0x00, 0x00, 0x00, 0x00, 0x00, 0x00, 0x00, 0x00, 0x00, 0x00, 0x00, 0x00, 0x00, 0x00, 0x00
.byte 0x00, 0x00, 0x00, 0x00, 0x01, 0x00, 0x00, 0x00
.globl _sym_00beb640
_sym_00beb640:
.byte 0xff, 0xff, 0xff, 0xff
.long _sym_00ac3d80
.globl _sym_00beb648
_sym_00beb648:
.byte 0x22, 0x05, 0x93, 0x19, 0x01, 0x00, 0x00, 0x00
.long _sym_00beb640
.byte 0x00, 0x00, 0x00, 0x00, 0x00, 0x00, 0x00, 0x00, 0x00, 0x00, 0x00, 0x00, 0x00, 0x00, 0x00, 0x00
.byte 0x00, 0x00, 0x00, 0x00, 0x01, 0x00, 0x00, 0x00
.globl _sym_00beb66c
_sym_00beb66c:
.byte 0xff, 0xff, 0xff, 0xff
.long _sym_00ac40f0
.globl _sym_00beb674
_sym_00beb674:
.byte 0x22, 0x05, 0x93, 0x19, 0x01, 0x00, 0x00, 0x00
.long _sym_00beb66c
.byte 0x00, 0x00, 0x00, 0x00, 0x00, 0x00, 0x00, 0x00, 0x00, 0x00, 0x00, 0x00, 0x00, 0x00, 0x00, 0x00
.byte 0x00, 0x00, 0x00, 0x00, 0x01, 0x00, 0x00, 0x00
.globl _sym_00beb698
_sym_00beb698:
.byte 0xff, 0xff, 0xff, 0xff
.long _sym_00ac3e70
.globl _sym_00beb6a0
_sym_00beb6a0:
.byte 0x22, 0x05, 0x93, 0x19, 0x01, 0x00, 0x00, 0x00
.long _sym_00beb698
.byte 0x00, 0x00, 0x00, 0x00, 0x00, 0x00, 0x00, 0x00, 0x00, 0x00, 0x00, 0x00, 0x00, 0x00, 0x00, 0x00
.byte 0x00, 0x00, 0x00, 0x00, 0x01, 0x00, 0x00, 0x00
.globl _sym_00beb6c4
_sym_00beb6c4:
.byte 0xff, 0xff, 0xff, 0xff
.long _sym_00ac3be0
.globl _sym_00beb6cc
_sym_00beb6cc:
.byte 0x22, 0x05, 0x93, 0x19, 0x01, 0x00, 0x00, 0x00
.long _sym_00beb6c4
.byte 0x00, 0x00, 0x00, 0x00, 0x00, 0x00, 0x00, 0x00, 0x00, 0x00, 0x00, 0x00, 0x00, 0x00, 0x00, 0x00
.byte 0x00, 0x00, 0x00, 0x00, 0x01, 0x00, 0x00, 0x00
.globl _sym_00beb6f0
_sym_00beb6f0:
.byte 0xff, 0xff, 0xff, 0xff
.long _sym_00ac3ed0
.byte 0x00, 0x00, 0x00, 0x00
.long _sym_00ac3ed8
.byte 0xff, 0xff, 0xff, 0xff
.long _sym_00ac3ee3
.globl _sym_00beb708
_sym_00beb708:
.byte 0x22, 0x05, 0x93, 0x19, 0x03, 0x00, 0x00, 0x00
.long _sym_00beb6f0
.byte 0x00, 0x00, 0x00, 0x00, 0x00, 0x00, 0x00, 0x00, 0x00, 0x00, 0x00, 0x00, 0x00, 0x00, 0x00, 0x00
.byte 0x00, 0x00, 0x00, 0x00, 0x01, 0x00, 0x00, 0x00
.globl _sym_00beb72c
_sym_00beb72c:
.byte 0xff, 0xff, 0xff, 0xff
.long _sym_00ac3bb0
.globl _sym_00beb734
_sym_00beb734:
.byte 0x22, 0x05, 0x93, 0x19, 0x01, 0x00, 0x00, 0x00
.long _sym_00beb72c
.byte 0x00, 0x00, 0x00, 0x00, 0x00, 0x00, 0x00, 0x00, 0x00, 0x00, 0x00, 0x00, 0x00, 0x00, 0x00, 0x00
.byte 0x00, 0x00, 0x00, 0x00, 0x01, 0x00, 0x00, 0x00
.globl _sym_00beb758
_sym_00beb758:
.byte 0x22, 0x05, 0x93, 0x19, 0x0f, 0x00, 0x00, 0x00
.long _sym_00beb77c
.byte 0x00, 0x00, 0x00, 0x00, 0x00, 0x00, 0x00, 0x00, 0x00, 0x00, 0x00, 0x00, 0x00, 0x00, 0x00, 0x00
.byte 0x00, 0x00, 0x00, 0x00, 0x01, 0x00, 0x00, 0x00
.globl _sym_00beb77c
_sym_00beb77c:
.byte 0xff, 0xff, 0xff, 0xff
.long _sym_00ac3ca0
.byte 0x00, 0x00, 0x00, 0x00
.long _sym_00ac3ca8
.byte 0x00, 0x00, 0x00, 0x00
.long _sym_00ac3cb0
.byte 0x02, 0x00, 0x00, 0x00
.long _sym_00ac3cbe
.byte 0x02, 0x00, 0x00, 0x00
.long _sym_00ac3cc6
.byte 0x04, 0x00, 0x00, 0x00
.long _sym_00ac3cd4
.byte 0x05, 0x00, 0x00, 0x00
.long _sym_00ac3ce2
.byte 0x06, 0x00, 0x00, 0x00
.long _sym_00ac3cf0
.byte 0x07, 0x00, 0x00, 0x00
.long _sym_00ac3cfe
.byte 0x08, 0x00, 0x00, 0x00
.long _sym_00ac3d0c
.byte 0x08, 0x00, 0x00, 0x00
.long _sym_00ac3d1f
.byte 0x0a, 0x00, 0x00, 0x00
.long _sym_00ac3d2d
.byte 0x0b, 0x00, 0x00, 0x00
.long _sym_00ac3d3b
.byte 0x0c, 0x00, 0x00, 0x00
.long _sym_00ac3d49
.byte 0x0c, 0x00, 0x00, 0x00
.long _sym_00ac3d51
.globl _sym_00beb7f4
_sym_00beb7f4:
.byte 0x22, 0x05, 0x93, 0x19, 0x0d, 0x00, 0x00, 0x00
.long _sym_00beb818
.byte 0x00, 0x00, 0x00, 0x00, 0x00, 0x00, 0x00, 0x00, 0x00, 0x00, 0x00, 0x00, 0x00, 0x00, 0x00, 0x00
.byte 0x00, 0x00, 0x00, 0x00, 0x01, 0x00, 0x00, 0x00
.globl _sym_00beb818
_sym_00beb818:
.byte 0xff, 0xff, 0xff, 0xff
.long _sym_00ac4020
.byte 0x00, 0x00, 0x00, 0x00
.long _sym_00ac4028
.byte 0x01, 0x00, 0x00, 0x00
.long _sym_00ac4036
.byte 0x02, 0x00, 0x00, 0x00
.long _sym_00ac4044
.byte 0x03, 0x00, 0x00, 0x00
.long _sym_00ac4052
.byte 0x04, 0x00, 0x00, 0x00
.long _sym_00ac4060
.byte 0x05, 0x00, 0x00, 0x00
.long _sym_00ac406e
.byte 0x06, 0x00, 0x00, 0x00
.long _sym_00ac407c
.byte 0x07, 0x00, 0x00, 0x00
.long _sym_00ac408a
.byte 0x08, 0x00, 0x00, 0x00
.long _sym_00ac4098
.byte 0x08, 0x00, 0x00, 0x00
.long _sym_00ac40a6
.byte 0x06, 0x00, 0x00, 0x00
.long _sym_00ac40ae
.byte 0xff, 0xff, 0xff, 0xff
.long _sym_00ac40c1
.globl _sym_00beb880
_sym_00beb880:
.byte 0xff, 0xff, 0xff, 0xff
.long _sym_00ac5990
.globl _sym_00beb888
_sym_00beb888:
.byte 0x22, 0x05, 0x93, 0x19, 0x01, 0x00, 0x00, 0x00
.long _sym_00beb880
.byte 0x00, 0x00, 0x00, 0x00, 0x00, 0x00, 0x00, 0x00, 0x00, 0x00, 0x00, 0x00, 0x00, 0x00, 0x00, 0x00
.byte 0x00, 0x00, 0x00, 0x00, 0x01, 0x00, 0x00, 0x00
.globl _sym_00beb8ac
_sym_00beb8ac:
.byte 0xff, 0xff, 0xff, 0xff
.long _sym_00ac5960
.globl _sym_00beb8b4
_sym_00beb8b4:
.byte 0x22, 0x05, 0x93, 0x19, 0x01, 0x00, 0x00, 0x00
.long _sym_00beb8ac
.byte 0x00, 0x00, 0x00, 0x00, 0x00, 0x00, 0x00, 0x00, 0x00, 0x00, 0x00, 0x00, 0x00, 0x00, 0x00, 0x00
.byte 0x00, 0x00, 0x00, 0x00, 0x01, 0x00, 0x00, 0x00
.globl _sym_00beb8d8
_sym_00beb8d8:
.byte 0xff, 0xff, 0xff, 0xff
.long _sym_00ac4cb0
.globl _sym_00beb8e0
_sym_00beb8e0:
.byte 0x22, 0x05, 0x93, 0x19, 0x01, 0x00, 0x00, 0x00
.long _sym_00beb8d8
.byte 0x00, 0x00, 0x00, 0x00, 0x00, 0x00, 0x00, 0x00, 0x00, 0x00, 0x00, 0x00, 0x00, 0x00, 0x00, 0x00
.byte 0x00, 0x00, 0x00, 0x00, 0x01, 0x00, 0x00, 0x00
.globl _sym_00beb904
_sym_00beb904:
.byte 0xff, 0xff, 0xff, 0xff
.long _sym_00ac59c0
.globl _sym_00beb90c
_sym_00beb90c:
.byte 0x22, 0x05, 0x93, 0x19, 0x01, 0x00, 0x00, 0x00
.long _sym_00beb904
.byte 0x00, 0x00, 0x00, 0x00, 0x00, 0x00, 0x00, 0x00, 0x00, 0x00, 0x00, 0x00, 0x00, 0x00, 0x00, 0x00
.byte 0x00, 0x00, 0x00, 0x00, 0x01, 0x00, 0x00, 0x00
.globl _sym_00beb930
_sym_00beb930:
.byte 0xff, 0xff, 0xff, 0xff
.long _sym_00ac4ed0
.byte 0x00, 0x00, 0x00, 0x00
.long _sym_00ac4ed8
.byte 0x00, 0x00, 0x00, 0x00
.long _sym_00ac4ee9
.globl _sym_00beb948
_sym_00beb948:
.byte 0x22, 0x05, 0x93, 0x19, 0x03, 0x00, 0x00, 0x00
.long _sym_00beb930
.byte 0x00, 0x00, 0x00, 0x00, 0x00, 0x00, 0x00, 0x00, 0x00, 0x00, 0x00, 0x00, 0x00, 0x00, 0x00, 0x00
.byte 0x00, 0x00, 0x00, 0x00, 0x01, 0x00, 0x00, 0x00
.globl _sym_00beb96c
_sym_00beb96c:
.byte 0xff, 0xff, 0xff, 0xff
.long _sym_00ac3af0
.globl _sym_00beb974
_sym_00beb974:
.byte 0x22, 0x05, 0x93, 0x19, 0x01, 0x00, 0x00, 0x00
.long _sym_00beb96c
.byte 0x00, 0x00, 0x00, 0x00, 0x00, 0x00, 0x00, 0x00, 0x00, 0x00, 0x00, 0x00, 0x00, 0x00, 0x00, 0x00
.byte 0x00, 0x00, 0x00, 0x00, 0x01, 0x00, 0x00, 0x00
.globl _sym_00beb998
_sym_00beb998:
.byte 0xff, 0xff, 0xff, 0xff
.long _sym_00ac4fd0
.globl _sym_00beb9a0
_sym_00beb9a0:
.byte 0x22, 0x05, 0x93, 0x19, 0x01, 0x00, 0x00, 0x00
.long _sym_00beb998
.byte 0x00, 0x00, 0x00, 0x00, 0x00, 0x00, 0x00, 0x00, 0x00, 0x00, 0x00, 0x00, 0x00, 0x00, 0x00, 0x00
.byte 0x00, 0x00, 0x00, 0x00, 0x01, 0x00, 0x00, 0x00
.globl _sym_00beb9c4
_sym_00beb9c4:
.byte 0xff, 0xff, 0xff, 0xff
.long _sym_00ac51f0
.byte 0x00, 0x00, 0x00, 0x00
.long _sym_00ac51f8
.globl _sym_00beb9d4
_sym_00beb9d4:
.byte 0x22, 0x05, 0x93, 0x19, 0x02, 0x00, 0x00, 0x00
.long _sym_00beb9c4
.byte 0x00, 0x00, 0x00, 0x00, 0x00, 0x00, 0x00, 0x00, 0x00, 0x00, 0x00, 0x00, 0x00, 0x00, 0x00, 0x00
.byte 0x00, 0x00, 0x00, 0x00, 0x01, 0x00, 0x00, 0x00
.globl _sym_00beb9f8
_sym_00beb9f8:
.byte 0xff, 0xff, 0xff, 0xff
.long _sym_00ac53f0
.byte 0x00, 0x00, 0x00, 0x00
.long _sym_00ac53f8
.globl _sym_00beba08
_sym_00beba08:
.byte 0x22, 0x05, 0x93, 0x19, 0x02, 0x00, 0x00, 0x00
.long _sym_00beb9f8
.byte 0x00, 0x00, 0x00, 0x00, 0x00, 0x00, 0x00, 0x00, 0x00, 0x00, 0x00, 0x00, 0x00, 0x00, 0x00, 0x00
.byte 0x00, 0x00, 0x00, 0x00, 0x01, 0x00, 0x00, 0x00
.globl _sym_00beba2c
_sym_00beba2c:
.byte 0xff, 0xff, 0xff, 0xff
.long _sym_00ac56c0
.byte 0x00, 0x00, 0x00, 0x00
.long _sym_00ac56c8
.globl _sym_00beba3c
_sym_00beba3c:
.byte 0x22, 0x05, 0x93, 0x19, 0x02, 0x00, 0x00, 0x00
.long _sym_00beba2c
.byte 0x00, 0x00, 0x00, 0x00, 0x00, 0x00, 0x00, 0x00, 0x00, 0x00, 0x00, 0x00, 0x00, 0x00, 0x00, 0x00
.byte 0x00, 0x00, 0x00, 0x00, 0x01, 0x00, 0x00, 0x00
.globl _sym_00beba60
_sym_00beba60:
.byte 0xff, 0xff, 0xff, 0xff
.long _sym_00ac5730
.byte 0x00, 0x00, 0x00, 0x00
.long _sym_00ac5738
.globl _sym_00beba70
_sym_00beba70:
.byte 0x22, 0x05, 0x93, 0x19, 0x02, 0x00, 0x00, 0x00
.long _sym_00beba60
.byte 0x00, 0x00, 0x00, 0x00, 0x00, 0x00, 0x00, 0x00, 0x00, 0x00, 0x00, 0x00, 0x00, 0x00, 0x00, 0x00
.byte 0x00, 0x00, 0x00, 0x00, 0x01, 0x00, 0x00, 0x00
.globl _sym_00beba94
_sym_00beba94:
.byte 0xff, 0xff, 0xff, 0xff
.long _sym_00ac5700
.globl _sym_00beba9c
_sym_00beba9c:
.byte 0x22, 0x05, 0x93, 0x19, 0x01, 0x00, 0x00, 0x00
.long _sym_00beba94
.byte 0x00, 0x00, 0x00, 0x00, 0x00, 0x00, 0x00, 0x00, 0x00, 0x00, 0x00, 0x00, 0x00, 0x00, 0x00, 0x00
.byte 0x00, 0x00, 0x00, 0x00, 0x01, 0x00, 0x00, 0x00
.globl _sym_00bebac0
_sym_00bebac0:
.byte 0xff, 0xff, 0xff, 0xff
.long _sym_00ac5aa0
.byte 0x00, 0x00, 0x00, 0x00
.long _sym_00ac5aa8
.globl _sym_00bebad0
_sym_00bebad0:
.byte 0x22, 0x05, 0x93, 0x19, 0x02, 0x00, 0x00, 0x00
.long _sym_00bebac0
.byte 0x00, 0x00, 0x00, 0x00, 0x00, 0x00, 0x00, 0x00, 0x00, 0x00, 0x00, 0x00, 0x00, 0x00, 0x00, 0x00
.byte 0x00, 0x00, 0x00, 0x00, 0x01, 0x00, 0x00, 0x00
.globl _sym_00bebaf4
_sym_00bebaf4:
.byte 0xff, 0xff, 0xff, 0xff
.long _sym_00ac5ae0
.byte 0x00, 0x00, 0x00, 0x00
.long _sym_00ac5ae8
.globl _sym_00bebb04
_sym_00bebb04:
.byte 0x22, 0x05, 0x93, 0x19, 0x02, 0x00, 0x00, 0x00
.long _sym_00bebaf4
.byte 0x00, 0x00, 0x00, 0x00, 0x00, 0x00, 0x00, 0x00, 0x00, 0x00, 0x00, 0x00, 0x00, 0x00, 0x00, 0x00
.byte 0x00, 0x00, 0x00, 0x00, 0x01, 0x00, 0x00, 0x00
.globl _sym_00bebb28
_sym_00bebb28:
.byte 0xff, 0xff, 0xff, 0xff
.long _sym_00ac3db0
.globl _sym_00bebb30
_sym_00bebb30:
.byte 0x22, 0x05, 0x93, 0x19, 0x01, 0x00, 0x00, 0x00
.long _sym_00bebb28
.byte 0x00, 0x00, 0x00, 0x00, 0x00, 0x00, 0x00, 0x00, 0x00, 0x00, 0x00, 0x00, 0x00, 0x00, 0x00, 0x00
.byte 0x00, 0x00, 0x00, 0x00, 0x01, 0x00, 0x00, 0x00
.globl _sym_00bebb54
_sym_00bebb54:
.byte 0xff, 0xff, 0xff, 0xff
.long _sym_00ac4330
.byte 0x00, 0x00, 0x00, 0x00
.long _sym_00ac4338
.globl _sym_00bebb64
_sym_00bebb64:
.byte 0x22, 0x05, 0x93, 0x19, 0x02, 0x00, 0x00, 0x00
.long _sym_00bebb54
.byte 0x00, 0x00, 0x00, 0x00, 0x00, 0x00, 0x00, 0x00, 0x00, 0x00, 0x00, 0x00, 0x00, 0x00, 0x00, 0x00
.byte 0x00, 0x00, 0x00, 0x00, 0x01, 0x00, 0x00, 0x00
.globl _sym_00bebb88
_sym_00bebb88:
.byte 0xff, 0xff, 0xff, 0xff
.long _sym_00ac5170
.byte 0x00, 0x00, 0x00, 0x00
.long _sym_00ac5178
.globl _sym_00bebb98
_sym_00bebb98:
.byte 0x22, 0x05, 0x93, 0x19, 0x02, 0x00, 0x00, 0x00
.long _sym_00bebb88
.byte 0x00, 0x00, 0x00, 0x00, 0x00, 0x00, 0x00, 0x00, 0x00, 0x00, 0x00, 0x00, 0x00, 0x00, 0x00, 0x00
.byte 0x00, 0x00, 0x00, 0x00, 0x01, 0x00, 0x00, 0x00
.globl _sym_00bebbbc
_sym_00bebbbc:
.byte 0xff, 0xff, 0xff, 0xff
.long _sym_00ac5540
.globl _sym_00bebbc4
_sym_00bebbc4:
.byte 0x22, 0x05, 0x93, 0x19, 0x01, 0x00, 0x00, 0x00
.long _sym_00bebbbc
.byte 0x00, 0x00, 0x00, 0x00, 0x00, 0x00, 0x00, 0x00, 0x00, 0x00, 0x00, 0x00, 0x00, 0x00, 0x00, 0x00
.byte 0x00, 0x00, 0x00, 0x00, 0x01, 0x00, 0x00, 0x00
.globl _sym_00bebbe8
_sym_00bebbe8:
.byte 0xff, 0xff, 0xff, 0xff
.long _sym_00ac38b0
.globl _sym_00bebbf0
_sym_00bebbf0:
.byte 0x22, 0x05, 0x93, 0x19, 0x01, 0x00, 0x00, 0x00
.long _sym_00bebbe8
.byte 0x00, 0x00, 0x00, 0x00, 0x00, 0x00, 0x00, 0x00, 0x00, 0x00, 0x00, 0x00, 0x00, 0x00, 0x00, 0x00
.byte 0x00, 0x00, 0x00, 0x00, 0x01, 0x00, 0x00, 0x00
.globl _sym_00bebc14
_sym_00bebc14:
.byte 0xff, 0xff, 0xff, 0xff
.long _sym_00ac4f40
.globl _sym_00bebc1c
_sym_00bebc1c:
.byte 0x22, 0x05, 0x93, 0x19, 0x01, 0x00, 0x00, 0x00
.long _sym_00bebc14
.byte 0x00, 0x00, 0x00, 0x00, 0x00, 0x00, 0x00, 0x00, 0x00, 0x00, 0x00, 0x00, 0x00, 0x00, 0x00, 0x00
.byte 0x00, 0x00, 0x00, 0x00, 0x01, 0x00, 0x00, 0x00
.globl _sym_00bebc40
_sym_00bebc40:
.byte 0xff, 0xff, 0xff, 0xff
.long _sym_00ac50a0
.byte 0x00, 0x00, 0x00, 0x00
.long _sym_00ac50a8
.globl _sym_00bebc50
_sym_00bebc50:
.byte 0x22, 0x05, 0x93, 0x19, 0x02, 0x00, 0x00, 0x00
.long _sym_00bebc40
.byte 0x00, 0x00, 0x00, 0x00, 0x00, 0x00, 0x00, 0x00, 0x00, 0x00, 0x00, 0x00, 0x00, 0x00, 0x00, 0x00
.byte 0x00, 0x00, 0x00, 0x00, 0x01, 0x00, 0x00, 0x00
.globl _sym_00bebc74
_sym_00bebc74:
.byte 0xff, 0xff, 0xff, 0xff
.long _sym_00ac3fc0
.globl _sym_00bebc7c
_sym_00bebc7c:
.byte 0x22, 0x05, 0x93, 0x19, 0x01, 0x00, 0x00, 0x00
.long _sym_00bebc74
.byte 0x00, 0x00, 0x00, 0x00, 0x00, 0x00, 0x00, 0x00, 0x00, 0x00, 0x00, 0x00, 0x00, 0x00, 0x00, 0x00
.byte 0x00, 0x00, 0x00, 0x00, 0x01, 0x00, 0x00, 0x00
.globl _sym_00bebca0
_sym_00bebca0:
.byte 0xff, 0xff, 0xff, 0xff
.long _sym_00ac5120
.byte 0x00, 0x00, 0x00, 0x00
.long _sym_00ac5128
.byte 0x00, 0x00, 0x00, 0x00
.long _sym_00ac5136
.globl _sym_00bebcb8
_sym_00bebcb8:
.byte 0x22, 0x05, 0x93, 0x19, 0x03, 0x00, 0x00, 0x00
.long _sym_00bebca0
.byte 0x00, 0x00, 0x00, 0x00, 0x00, 0x00, 0x00, 0x00, 0x00, 0x00, 0x00, 0x00, 0x00, 0x00, 0x00, 0x00
.byte 0x00, 0x00, 0x00, 0x00, 0x01, 0x00, 0x00, 0x00
.globl _sym_00bebcdc
_sym_00bebcdc:
.byte 0xff, 0xff, 0xff, 0xff
.long _sym_00ac43f0
.globl _sym_00bebce4
_sym_00bebce4:
.byte 0x22, 0x05, 0x93, 0x19, 0x01, 0x00, 0x00, 0x00
.long _sym_00bebcdc
.byte 0x00, 0x00, 0x00, 0x00, 0x00, 0x00, 0x00, 0x00, 0x00, 0x00, 0x00, 0x00, 0x00, 0x00, 0x00, 0x00
.byte 0x00, 0x00, 0x00, 0x00, 0x01, 0x00, 0x00, 0x00
.globl _sym_00bebd08
_sym_00bebd08:
.byte 0xff, 0xff, 0xff, 0xff
.long _sym_00ac4660
.globl _sym_00bebd10
_sym_00bebd10:
.byte 0x22, 0x05, 0x93, 0x19, 0x01, 0x00, 0x00, 0x00
.long _sym_00bebd08
.byte 0x00, 0x00, 0x00, 0x00, 0x00, 0x00, 0x00, 0x00, 0x00, 0x00, 0x00, 0x00, 0x00, 0x00, 0x00, 0x00
.byte 0x00, 0x00, 0x00, 0x00, 0x01, 0x00, 0x00, 0x00
.globl _sym_00bebd34
_sym_00bebd34:
.byte 0xff, 0xff, 0xff, 0xff
.long _sym_00ac4690
.globl _sym_00bebd3c
_sym_00bebd3c:
.byte 0x22, 0x05, 0x93, 0x19, 0x01, 0x00, 0x00, 0x00
.long _sym_00bebd34
.byte 0x00, 0x00, 0x00, 0x00, 0x00, 0x00, 0x00, 0x00, 0x00, 0x00, 0x00, 0x00, 0x00, 0x00, 0x00, 0x00
.byte 0x00, 0x00, 0x00, 0x00, 0x01, 0x00, 0x00, 0x00
.globl _sym_00bebd60
_sym_00bebd60:
.byte 0xff, 0xff, 0xff, 0xff
.long _sym_00ac4720
.globl _sym_00bebd68
_sym_00bebd68:
.byte 0x22, 0x05, 0x93, 0x19, 0x01, 0x00, 0x00, 0x00
.long _sym_00bebd60
.byte 0x00, 0x00, 0x00, 0x00, 0x00, 0x00, 0x00, 0x00, 0x00, 0x00, 0x00, 0x00, 0x00, 0x00, 0x00, 0x00
.byte 0x00, 0x00, 0x00, 0x00, 0x01, 0x00, 0x00, 0x00
.globl _sym_00bebd8c
_sym_00bebd8c:
.byte 0xff, 0xff, 0xff, 0xff
.long _sym_00ac4750
.globl _sym_00bebd94
_sym_00bebd94:
.byte 0x22, 0x05, 0x93, 0x19, 0x01, 0x00, 0x00, 0x00
.long _sym_00bebd8c
.byte 0x00, 0x00, 0x00, 0x00, 0x00, 0x00, 0x00, 0x00, 0x00, 0x00, 0x00, 0x00, 0x00, 0x00, 0x00, 0x00
.byte 0x00, 0x00, 0x00, 0x00, 0x01, 0x00, 0x00, 0x00
.globl _sym_00bebdb8
_sym_00bebdb8:
.byte 0xff, 0xff, 0xff, 0xff
.long _sym_00ac3760
.byte 0xff, 0xff, 0xff, 0xff, 0x00, 0x00, 0x00, 0x00, 0xff, 0xff, 0xff, 0xff, 0x00, 0x00, 0x00, 0x00
.byte 0xff, 0xff, 0xff, 0xff, 0x00, 0x00, 0x00, 0x00
.globl _sym_00bebdd8
_sym_00bebdd8:
.byte 0x22, 0x05, 0x93, 0x19, 0x04, 0x00, 0x00, 0x00
.long _sym_00bebdb8
.byte 0x00, 0x00, 0x00, 0x00, 0x00, 0x00, 0x00, 0x00, 0x00, 0x00, 0x00, 0x00, 0x00, 0x00, 0x00, 0x00
.byte 0x00, 0x00, 0x00, 0x00, 0x01, 0x00, 0x00, 0x00
.globl _sym_00bebdfc
_sym_00bebdfc:
.byte 0xff, 0xff, 0xff, 0xff
.long _sym_00ac46c0
.globl _sym_00bebe04
_sym_00bebe04:
.byte 0x22, 0x05, 0x93, 0x19, 0x01, 0x00, 0x00, 0x00
.long _sym_00bebdfc
.byte 0x00, 0x00, 0x00, 0x00, 0x00, 0x00, 0x00, 0x00, 0x00, 0x00, 0x00, 0x00, 0x00, 0x00, 0x00, 0x00
.byte 0x00, 0x00, 0x00, 0x00, 0x01, 0x00, 0x00, 0x00
.globl _sym_00bebe28
_sym_00bebe28:
.byte 0xff, 0xff, 0xff, 0xff
.long _sym_00ac46f0
.globl _sym_00bebe30
_sym_00bebe30:
.byte 0x22, 0x05, 0x93, 0x19, 0x01, 0x00, 0x00, 0x00
.long _sym_00bebe28
.byte 0x00, 0x00, 0x00, 0x00, 0x00, 0x00, 0x00, 0x00, 0x00, 0x00, 0x00, 0x00, 0x00, 0x00, 0x00, 0x00
.byte 0x00, 0x00, 0x00, 0x00, 0x01, 0x00, 0x00, 0x00
.globl _sym_00bebe54
_sym_00bebe54:
.byte 0xff, 0xff, 0xff, 0xff
.long _sym_00ac4600
.globl _sym_00bebe5c
_sym_00bebe5c:
.byte 0x22, 0x05, 0x93, 0x19, 0x01, 0x00, 0x00, 0x00
.long _sym_00bebe54
.byte 0x00, 0x00, 0x00, 0x00, 0x00, 0x00, 0x00, 0x00, 0x00, 0x00, 0x00, 0x00, 0x00, 0x00, 0x00, 0x00
.byte 0x00, 0x00, 0x00, 0x00, 0x01, 0x00, 0x00, 0x00
.globl _sym_00bebe80
_sym_00bebe80:
.byte 0xff, 0xff, 0xff, 0xff
.long _sym_00ac4630
.globl _sym_00bebe88
_sym_00bebe88:
.byte 0x22, 0x05, 0x93, 0x19, 0x01, 0x00, 0x00, 0x00
.long _sym_00bebe80
.byte 0x00, 0x00, 0x00, 0x00, 0x00, 0x00, 0x00, 0x00, 0x00, 0x00, 0x00, 0x00, 0x00, 0x00, 0x00, 0x00
.byte 0x00, 0x00, 0x00, 0x00, 0x01, 0x00, 0x00, 0x00
.globl _sym_00bebeac
_sym_00bebeac:
.byte 0xff, 0xff, 0xff, 0xff
.long _sym_00ac45d0
.globl _sym_00bebeb4
_sym_00bebeb4:
.byte 0x22, 0x05, 0x93, 0x19, 0x01, 0x00, 0x00, 0x00
.long _sym_00bebeac
.byte 0x00, 0x00, 0x00, 0x00, 0x00, 0x00, 0x00, 0x00, 0x00, 0x00, 0x00, 0x00, 0x00, 0x00, 0x00, 0x00
.byte 0x00, 0x00, 0x00, 0x00, 0x01, 0x00, 0x00, 0x00
.globl _sym_00bebed8
_sym_00bebed8:
.byte 0xff, 0xff, 0xff, 0xff
.long _sym_00ac47b0
.globl _sym_00bebee0
_sym_00bebee0:
.byte 0x22, 0x05, 0x93, 0x19, 0x01, 0x00, 0x00, 0x00
.long _sym_00bebed8
.byte 0x00, 0x00, 0x00, 0x00, 0x00, 0x00, 0x00, 0x00, 0x00, 0x00, 0x00, 0x00, 0x00, 0x00, 0x00, 0x00
.byte 0x00, 0x00, 0x00, 0x00, 0x01, 0x00, 0x00, 0x00
.globl _sym_00bebf04
_sym_00bebf04:
.byte 0xff, 0xff, 0xff, 0xff
.long _sym_00ac47e0
.globl _sym_00bebf0c
_sym_00bebf0c:
.byte 0x22, 0x05, 0x93, 0x19, 0x01, 0x00, 0x00, 0x00
.long _sym_00bebf04
.byte 0x00, 0x00, 0x00, 0x00, 0x00, 0x00, 0x00, 0x00, 0x00, 0x00, 0x00, 0x00, 0x00, 0x00, 0x00, 0x00
.byte 0x00, 0x00, 0x00, 0x00, 0x01, 0x00, 0x00, 0x00
.globl _sym_00bebf30
_sym_00bebf30:
.byte 0xff, 0xff, 0xff, 0xff
.long _sym_00ac4810
.globl _sym_00bebf38
_sym_00bebf38:
.byte 0x22, 0x05, 0x93, 0x19, 0x01, 0x00, 0x00, 0x00
.long _sym_00bebf30
.byte 0x00, 0x00, 0x00, 0x00, 0x00, 0x00, 0x00, 0x00, 0x00, 0x00, 0x00, 0x00, 0x00, 0x00, 0x00, 0x00
.byte 0x00, 0x00, 0x00, 0x00, 0x01, 0x00, 0x00, 0x00
.globl _sym_00bebf5c
_sym_00bebf5c:
.byte 0xff, 0xff, 0xff, 0xff
.long _sym_00ac4570
.globl _sym_00bebf64
_sym_00bebf64:
.byte 0x22, 0x05, 0x93, 0x19, 0x01, 0x00, 0x00, 0x00
.long _sym_00bebf5c
.byte 0x00, 0x00, 0x00, 0x00, 0x00, 0x00, 0x00, 0x00, 0x00, 0x00, 0x00, 0x00, 0x00, 0x00, 0x00, 0x00
.byte 0x00, 0x00, 0x00, 0x00, 0x01, 0x00, 0x00, 0x00
.globl _sym_00bebf88
_sym_00bebf88:
.byte 0xff, 0xff, 0xff, 0xff
.long _sym_00ac45a0
.globl _sym_00bebf90
_sym_00bebf90:
.byte 0x22, 0x05, 0x93, 0x19, 0x01, 0x00, 0x00, 0x00
.long _sym_00bebf88
.byte 0x00, 0x00, 0x00, 0x00, 0x00, 0x00, 0x00, 0x00, 0x00, 0x00, 0x00, 0x00, 0x00, 0x00, 0x00, 0x00
.byte 0x00, 0x00, 0x00, 0x00, 0x01, 0x00, 0x00, 0x00
.globl _sym_00bebfb4
_sym_00bebfb4:
.byte 0xff, 0xff, 0xff, 0xff
.long _sym_00ac44e0
.globl _sym_00bebfbc
_sym_00bebfbc:
.byte 0x22, 0x05, 0x93, 0x19, 0x01, 0x00, 0x00, 0x00
.long _sym_00bebfb4
.byte 0x00, 0x00, 0x00, 0x00, 0x00, 0x00, 0x00, 0x00, 0x00, 0x00, 0x00, 0x00, 0x00, 0x00, 0x00, 0x00
.byte 0x00, 0x00, 0x00, 0x00, 0x01, 0x00, 0x00, 0x00
.globl _sym_00bebfe0
_sym_00bebfe0:
.byte 0xff, 0xff, 0xff, 0xff
.long _sym_00ac4840
.byte 0x00, 0x00, 0x00, 0x00
.long _sym_00ac484a
.byte 0xff, 0xff, 0xff, 0xff
.long _sym_00ac4854
.globl _sym_00bebff8
_sym_00bebff8:
.byte 0x22, 0x05, 0x93, 0x19, 0x03, 0x00, 0x00, 0x00
