.code32
.section d07fc000,"dw"
.long _sym_00bfc01c
.byte 0x00, 0x00, 0x00, 0x00, 0x00, 0x00, 0x00, 0x00, 0x00, 0x00, 0x00, 0x00, 0x00, 0x00, 0x00, 0x00
.byte 0x00, 0x00, 0x00, 0x00, 0x01, 0x00, 0x00, 0x00
.globl _sym_00bfc01c
_sym_00bfc01c:
.byte 0xff, 0xff, 0xff, 0xff
.long _sym_00ad65d0
.byte 0x00, 0x00, 0x00, 0x00
.long _sym_00ad65db
.byte 0x01, 0x00, 0x00, 0x00
.long _sym_00ad65e6
.byte 0x02, 0x00, 0x00, 0x00
.long _sym_00ad65f1
.byte 0x03, 0x00, 0x00, 0x00
.long _sym_00ad65fc
.globl _sym_00bfc044
_sym_00bfc044:
.byte 0xff, 0xff, 0xff, 0xff
.long _sym_00ad6630
.byte 0x00, 0x00, 0x00, 0x00
.long _sym_00ad663b
.byte 0x01, 0x00, 0x00, 0x00
.long _sym_00ad6646
.byte 0x02, 0x00, 0x00, 0x00
.long _sym_00ad6651
.globl _sym_00bfc064
_sym_00bfc064:
.byte 0x22, 0x05, 0x93, 0x19, 0x04, 0x00, 0x00, 0x00
.long _sym_00bfc044
.byte 0x00, 0x00, 0x00, 0x00, 0x00, 0x00, 0x00, 0x00, 0x00, 0x00, 0x00, 0x00, 0x00, 0x00, 0x00, 0x00
.byte 0x00, 0x00, 0x00, 0x00, 0x01, 0x00, 0x00, 0x00
.globl _sym_00bfc088
_sym_00bfc088:
.byte 0xff, 0xff, 0xff, 0xff
.long _sym_00ad6860
.byte 0x00, 0x00, 0x00, 0x00
.long _sym_00ad6873
.byte 0xff, 0xff, 0xff, 0xff
.long _sym_00ad687b
.globl _sym_00bfc0a0
_sym_00bfc0a0:
.byte 0x22, 0x05, 0x93, 0x19, 0x03, 0x00, 0x00, 0x00
.long _sym_00bfc088
.byte 0x00, 0x00, 0x00, 0x00, 0x00, 0x00, 0x00, 0x00, 0x00, 0x00, 0x00, 0x00, 0x00, 0x00, 0x00, 0x00
.byte 0x00, 0x00, 0x00, 0x00, 0x01, 0x00, 0x00, 0x00
.globl _sym_00bfc0c4
_sym_00bfc0c4:
.byte 0xff, 0xff, 0xff, 0xff
.long _sym_00ad6830
.globl _sym_00bfc0cc
_sym_00bfc0cc:
.byte 0x22, 0x05, 0x93, 0x19, 0x01, 0x00, 0x00, 0x00
.long _sym_00bfc0c4
.byte 0x00, 0x00, 0x00, 0x00, 0x00, 0x00, 0x00, 0x00, 0x00, 0x00, 0x00, 0x00, 0x00, 0x00, 0x00, 0x00
.byte 0x00, 0x00, 0x00, 0x00, 0x01, 0x00, 0x00, 0x00
.globl _sym_00bfc0f0
_sym_00bfc0f0:
.byte 0xff, 0xff, 0xff, 0xff
.long _sym_00ad67a0
.globl _sym_00bfc0f8
_sym_00bfc0f8:
.byte 0x22, 0x05, 0x93, 0x19, 0x01, 0x00, 0x00, 0x00
.long _sym_00bfc0f0
.byte 0x00, 0x00, 0x00, 0x00, 0x00, 0x00, 0x00, 0x00, 0x00, 0x00, 0x00, 0x00, 0x00, 0x00, 0x00, 0x00
.byte 0x00, 0x00, 0x00, 0x00, 0x01, 0x00, 0x00, 0x00
.globl _sym_00bfc11c
_sym_00bfc11c:
.byte 0xff, 0xff, 0xff, 0xff
.long _sym_00ad6770
.byte 0xff, 0xff, 0xff, 0xff
.long _sym_00ad6778
.globl _sym_00bfc12c
_sym_00bfc12c:
.byte 0x22, 0x05, 0x93, 0x19, 0x02, 0x00, 0x00, 0x00
.long _sym_00bfc11c
.byte 0x00, 0x00, 0x00, 0x00, 0x00, 0x00, 0x00, 0x00, 0x00, 0x00, 0x00, 0x00, 0x00, 0x00, 0x00, 0x00
.byte 0x00, 0x00, 0x00, 0x00, 0x01, 0x00, 0x00, 0x00
.globl _sym_00bfc150
_sym_00bfc150:
.byte 0xff, 0xff, 0xff, 0xff
.long _sym_00ad67d0
.globl _sym_00bfc158
_sym_00bfc158:
.byte 0x22, 0x05, 0x93, 0x19, 0x01, 0x00, 0x00, 0x00
.long _sym_00bfc150
.byte 0x00, 0x00, 0x00, 0x00, 0x00, 0x00, 0x00, 0x00, 0x00, 0x00, 0x00, 0x00, 0x00, 0x00, 0x00, 0x00
.byte 0x00, 0x00, 0x00, 0x00, 0x01, 0x00, 0x00, 0x00
.globl _sym_00bfc17c
_sym_00bfc17c:
.byte 0xff, 0xff, 0xff, 0xff
.long _sym_00ad68d0
.byte 0xff, 0xff, 0xff, 0xff
.long _sym_00ad68d8
.byte 0xff, 0xff, 0xff, 0xff
.long _sym_00ad68e0
.globl _sym_00bfc194
_sym_00bfc194:
.byte 0x22, 0x05, 0x93, 0x19, 0x03, 0x00, 0x00, 0x00
.long _sym_00bfc17c
.byte 0x00, 0x00, 0x00, 0x00, 0x00, 0x00, 0x00, 0x00, 0x00, 0x00, 0x00, 0x00, 0x00, 0x00, 0x00, 0x00
.byte 0x00, 0x00, 0x00, 0x00, 0x01, 0x00, 0x00, 0x00
.globl _sym_00bfc1b8
_sym_00bfc1b8:
.byte 0xff, 0xff, 0xff, 0xff
.long _sym_00ad68a0
.globl _sym_00bfc1c0
_sym_00bfc1c0:
.byte 0x22, 0x05, 0x93, 0x19, 0x01, 0x00, 0x00, 0x00
.long _sym_00bfc1b8
.byte 0x00, 0x00, 0x00, 0x00, 0x00, 0x00, 0x00, 0x00, 0x00, 0x00, 0x00, 0x00, 0x00, 0x00, 0x00, 0x00
.byte 0x00, 0x00, 0x00, 0x00, 0x01, 0x00, 0x00, 0x00
.globl _sym_00bfc1e4
_sym_00bfc1e4:
.byte 0xff, 0xff, 0xff, 0xff
.long _sym_00ad6800
.globl _sym_00bfc1ec
_sym_00bfc1ec:
.byte 0x22, 0x05, 0x93, 0x19, 0x01, 0x00, 0x00, 0x00
.long _sym_00bfc1e4
.byte 0x00, 0x00, 0x00, 0x00, 0x00, 0x00, 0x00, 0x00, 0x00, 0x00, 0x00, 0x00, 0x00, 0x00, 0x00, 0x00
.byte 0x00, 0x00, 0x00, 0x00, 0x01, 0x00, 0x00, 0x00
.globl _sym_00bfc210
_sym_00bfc210:
.byte 0xff, 0xff, 0xff, 0xff
.long _sym_00ad66b0
.globl _sym_00bfc218
_sym_00bfc218:
.byte 0x22, 0x05, 0x93, 0x19, 0x01, 0x00, 0x00, 0x00
.long _sym_00bfc210
.byte 0x00, 0x00, 0x00, 0x00, 0x00, 0x00, 0x00, 0x00, 0x00, 0x00, 0x00, 0x00, 0x00, 0x00, 0x00, 0x00
.byte 0x00, 0x00, 0x00, 0x00, 0x01, 0x00, 0x00, 0x00
.globl _sym_00bfc23c
_sym_00bfc23c:
.byte 0xff, 0xff, 0xff, 0xff
.long _sym_00ad66e0
.globl _sym_00bfc244
_sym_00bfc244:
.byte 0x22, 0x05, 0x93, 0x19, 0x01, 0x00, 0x00, 0x00
.long _sym_00bfc23c
.byte 0x00, 0x00, 0x00, 0x00, 0x00, 0x00, 0x00, 0x00, 0x00, 0x00, 0x00, 0x00, 0x00, 0x00, 0x00, 0x00
.byte 0x00, 0x00, 0x00, 0x00, 0x01, 0x00, 0x00, 0x00
.globl _sym_00bfc268
_sym_00bfc268:
.byte 0xff, 0xff, 0xff, 0xff
.long _sym_00ad6710
.globl _sym_00bfc270
_sym_00bfc270:
.byte 0x22, 0x05, 0x93, 0x19, 0x01, 0x00, 0x00, 0x00
.long _sym_00bfc268
.byte 0x00, 0x00, 0x00, 0x00, 0x00, 0x00, 0x00, 0x00, 0x00, 0x00, 0x00, 0x00, 0x00, 0x00, 0x00, 0x00
.byte 0x00, 0x00, 0x00, 0x00, 0x01, 0x00, 0x00, 0x00
.globl _sym_00bfc294
_sym_00bfc294:
.byte 0xff, 0xff, 0xff, 0xff
.long _sym_00ad6740
.globl _sym_00bfc29c
_sym_00bfc29c:
.byte 0x22, 0x05, 0x93, 0x19, 0x01, 0x00, 0x00, 0x00
.long _sym_00bfc294
.byte 0x00, 0x00, 0x00, 0x00, 0x00, 0x00, 0x00, 0x00, 0x00, 0x00, 0x00, 0x00, 0x00, 0x00, 0x00, 0x00
.byte 0x00, 0x00, 0x00, 0x00, 0x01, 0x00, 0x00, 0x00
.globl _sym_00bfc2c0
_sym_00bfc2c0:
.byte 0xff, 0xff, 0xff, 0xff
.long _sym_00ad6910
.globl _sym_00bfc2c8
_sym_00bfc2c8:
.byte 0x22, 0x05, 0x93, 0x19, 0x01, 0x00, 0x00, 0x00
.long _sym_00bfc2c0
.byte 0x00, 0x00, 0x00, 0x00, 0x00, 0x00, 0x00, 0x00, 0x00, 0x00, 0x00, 0x00, 0x00, 0x00, 0x00, 0x00
.byte 0x00, 0x00, 0x00, 0x00, 0x01, 0x00, 0x00, 0x00
.globl _sym_00bfc2ec
_sym_00bfc2ec:
.byte 0xff, 0xff, 0xff, 0xff
.long _sym_00ad6ad0
.byte 0x00, 0x00, 0x00, 0x00
.long _sym_00ad6ad8
.globl _sym_00bfc2fc
_sym_00bfc2fc:
.byte 0x22, 0x05, 0x93, 0x19, 0x02, 0x00, 0x00, 0x00
.long _sym_00bfc2ec
.byte 0x00, 0x00, 0x00, 0x00, 0x00, 0x00, 0x00, 0x00, 0x00, 0x00, 0x00, 0x00, 0x00, 0x00, 0x00, 0x00
.byte 0x00, 0x00, 0x00, 0x00, 0x01, 0x00, 0x00, 0x00
.globl _sym_00bfc320
_sym_00bfc320:
.byte 0x22, 0x05, 0x93, 0x19, 0x17, 0x00, 0x00, 0x00
.long _sym_00bfc344
.byte 0x00, 0x00, 0x00, 0x00, 0x00, 0x00, 0x00, 0x00, 0x00, 0x00, 0x00, 0x00, 0x00, 0x00, 0x00, 0x00
.byte 0x00, 0x00, 0x00, 0x00, 0x01, 0x00, 0x00, 0x00
.globl _sym_00bfc344
_sym_00bfc344:
.byte 0xff, 0xff, 0xff, 0xff
.long _sym_00ad6940
.byte 0xff, 0xff, 0xff, 0xff
.long _sym_00ad6948
.byte 0x01, 0x00, 0x00, 0x00
.long _sym_00ad6961
.byte 0xff, 0xff, 0xff, 0xff
.long _sym_00ad6969
.byte 0xff, 0xff, 0xff, 0xff
.long _sym_00ad6971
.byte 0x04, 0x00, 0x00, 0x00
.long _sym_00ad698a
.byte 0xff, 0xff, 0xff, 0xff
.long _sym_00ad6992
.byte 0x06, 0x00, 0x00, 0x00
.long _sym_00ad69ab
.byte 0xff, 0xff, 0xff, 0xff
.long _sym_00ad69b3
.byte 0xff, 0xff, 0xff, 0xff
.long _sym_00ad69bb
.byte 0x09, 0x00, 0x00, 0x00
.long _sym_00ad69d4
.byte 0xff, 0xff, 0xff, 0xff
.long _sym_00ad69dc
.byte 0x0b, 0x00, 0x00, 0x00
.long _sym_00ad69f5
.byte 0xff, 0xff, 0xff, 0xff
.long _sym_00ad69fd
.byte 0x0d, 0x00, 0x00, 0x00
.long _sym_00ad6a16
.byte 0xff, 0xff, 0xff, 0xff
.long _sym_00ad6a1e
.byte 0x0f, 0x00, 0x00, 0x00
.long _sym_00ad6a37
.byte 0xff, 0xff, 0xff, 0xff
.long _sym_00ad6a3f
.byte 0x11, 0x00, 0x00, 0x00
.long _sym_00ad6a58
.byte 0xff, 0xff, 0xff, 0xff
.long _sym_00ad6a60
.byte 0x13, 0x00, 0x00, 0x00
.long _sym_00ad6a79
.byte 0xff, 0xff, 0xff, 0xff
.long _sym_00ad6a81
.byte 0x15, 0x00, 0x00, 0x00
.long _sym_00ad6a8c
.globl _sym_00bfc3fc
_sym_00bfc3fc:
.byte 0xff, 0xff, 0xff, 0xff
.long _sym_00ad6b10
.globl _sym_00bfc404
_sym_00bfc404:
.byte 0x22, 0x05, 0x93, 0x19, 0x01, 0x00, 0x00, 0x00
.long _sym_00bfc3fc
.byte 0x00, 0x00, 0x00, 0x00, 0x00, 0x00, 0x00, 0x00, 0x00, 0x00, 0x00, 0x00, 0x00, 0x00, 0x00, 0x00
.byte 0x00, 0x00, 0x00, 0x00, 0x01, 0x00, 0x00, 0x00
.globl _sym_00bfc428
_sym_00bfc428:
.byte 0xff, 0xff, 0xff, 0xff
.long _sym_00ad6b40
.globl _sym_00bfc430
_sym_00bfc430:
.byte 0x22, 0x05, 0x93, 0x19, 0x01, 0x00, 0x00, 0x00
.long _sym_00bfc428
.byte 0x00, 0x00, 0x00, 0x00, 0x00, 0x00, 0x00, 0x00, 0x00, 0x00, 0x00, 0x00, 0x00, 0x00, 0x00, 0x00
.byte 0x00, 0x00, 0x00, 0x00, 0x01, 0x00, 0x00, 0x00
.globl _sym_00bfc454
_sym_00bfc454:
.byte 0xff, 0xff, 0xff, 0xff
.long _sym_00ad6b80
.globl _sym_00bfc45c
_sym_00bfc45c:
.byte 0x22, 0x05, 0x93, 0x19, 0x01, 0x00, 0x00, 0x00
.long _sym_00bfc454
.byte 0x00, 0x00, 0x00, 0x00, 0x00, 0x00, 0x00, 0x00, 0x00, 0x00, 0x00, 0x00, 0x00, 0x00, 0x00, 0x00
.byte 0x00, 0x00, 0x00, 0x00, 0x01, 0x00, 0x00, 0x00
.globl _sym_00bfc480
_sym_00bfc480:
.byte 0xff, 0xff, 0xff, 0xff
.long _sym_00ad6bc0
.globl _sym_00bfc488
_sym_00bfc488:
.byte 0x22, 0x05, 0x93, 0x19, 0x01, 0x00, 0x00, 0x00
.long _sym_00bfc480
.byte 0x00, 0x00, 0x00, 0x00, 0x00, 0x00, 0x00, 0x00, 0x00, 0x00, 0x00, 0x00, 0x00, 0x00, 0x00, 0x00
.byte 0x00, 0x00, 0x00, 0x00, 0x01, 0x00, 0x00, 0x00
.globl _sym_00bfc4ac
_sym_00bfc4ac:
.byte 0xff, 0xff, 0xff, 0xff
.long _sym_00ad6bf0
.globl _sym_00bfc4b4
_sym_00bfc4b4:
.byte 0x22, 0x05, 0x93, 0x19, 0x01, 0x00, 0x00, 0x00
.long _sym_00bfc4ac
.byte 0x00, 0x00, 0x00, 0x00, 0x00, 0x00, 0x00, 0x00, 0x00, 0x00, 0x00, 0x00, 0x00, 0x00, 0x00, 0x00
.byte 0x00, 0x00, 0x00, 0x00, 0x01, 0x00, 0x00, 0x00
.globl _sym_00bfc4d8
_sym_00bfc4d8:
.byte 0xff, 0xff, 0xff, 0xff
.long _sym_00ad6c20
.globl _sym_00bfc4e0
_sym_00bfc4e0:
.byte 0x22, 0x05, 0x93, 0x19, 0x01, 0x00, 0x00, 0x00
.long _sym_00bfc4d8
.byte 0x00, 0x00, 0x00, 0x00, 0x00, 0x00, 0x00, 0x00, 0x00, 0x00, 0x00, 0x00, 0x00, 0x00, 0x00, 0x00
.byte 0x00, 0x00, 0x00, 0x00, 0x01, 0x00, 0x00, 0x00
.globl _sym_00bfc504
_sym_00bfc504:
.byte 0xff, 0xff, 0xff, 0xff
.long _sym_00ad6c50
.byte 0xff, 0xff, 0xff, 0xff
.long _sym_00ad6c5b
.byte 0xff, 0xff, 0xff, 0xff
.long _sym_00ad6c66
.globl _sym_00bfc51c
_sym_00bfc51c:
.byte 0x22, 0x05, 0x93, 0x19, 0x03, 0x00, 0x00, 0x00
.long _sym_00bfc504
.byte 0x00, 0x00, 0x00, 0x00, 0x00, 0x00, 0x00, 0x00, 0x00, 0x00, 0x00, 0x00, 0x00, 0x00, 0x00, 0x00
.byte 0x00, 0x00, 0x00, 0x00, 0x01, 0x00, 0x00, 0x00
.globl _sym_00bfc540
_sym_00bfc540:
.byte 0xff, 0xff, 0xff, 0xff
.long _sym_00ad6c90
.globl _sym_00bfc548
_sym_00bfc548:
.byte 0x22, 0x05, 0x93, 0x19, 0x01, 0x00, 0x00, 0x00
.long _sym_00bfc540
.byte 0x00, 0x00, 0x00, 0x00, 0x00, 0x00, 0x00, 0x00, 0x00, 0x00, 0x00, 0x00, 0x00, 0x00, 0x00, 0x00
.byte 0x00, 0x00, 0x00, 0x00, 0x01, 0x00, 0x00, 0x00
.globl _sym_00bfc56c
_sym_00bfc56c:
.byte 0x22, 0x05, 0x93, 0x19, 0x07, 0x00, 0x00, 0x00
.long _sym_00bfc590
.byte 0x00, 0x00, 0x00, 0x00, 0x00, 0x00, 0x00, 0x00, 0x00, 0x00, 0x00, 0x00, 0x00, 0x00, 0x00, 0x00
.byte 0x00, 0x00, 0x00, 0x00, 0x01, 0x00, 0x00, 0x00
.globl _sym_00bfc590
_sym_00bfc590:
.byte 0xff, 0xff, 0xff, 0xff
.long _sym_00ad6d80
.byte 0xff, 0xff, 0xff, 0xff
.long _sym_00ad6d88
.byte 0x01, 0x00, 0x00, 0x00
.long _sym_00ad6d93
.byte 0x01, 0x00, 0x00, 0x00
.long _sym_00ad6d9b
.byte 0x03, 0x00, 0x00, 0x00
.long _sym_00ad6da6
.byte 0x03, 0x00, 0x00, 0x00
.long _sym_00ad6dae
.byte 0x05, 0x00, 0x00, 0x00
.long _sym_00ad6db9
.globl _sym_00bfc5c8
_sym_00bfc5c8:
.byte 0x22, 0x05, 0x93, 0x19, 0x0e, 0x00, 0x00, 0x00
.long _sym_00bfc5ec
.byte 0x00, 0x00, 0x00, 0x00, 0x00, 0x00, 0x00, 0x00, 0x00, 0x00, 0x00, 0x00, 0x00, 0x00, 0x00, 0x00
.byte 0x00, 0x00, 0x00, 0x00, 0x01, 0x00, 0x00, 0x00
.globl _sym_00bfc5ec
_sym_00bfc5ec:
.byte 0xff, 0xff, 0xff, 0xff
.long _sym_00ad6f00
.byte 0x00, 0x00, 0x00, 0x00
.long _sym_00ad6f0b
.byte 0x01, 0x00, 0x00, 0x00
.long _sym_00ad6f16
.byte 0x02, 0x00, 0x00, 0x00
.long _sym_00ad6f21
.byte 0x03, 0x00, 0x00, 0x00
.long _sym_00ad6f2f
.byte 0x02, 0x00, 0x00, 0x00
.long _sym_00ad6f3d
.byte 0x05, 0x00, 0x00, 0x00
.long _sym_00ad6f45
.byte 0x02, 0x00, 0x00, 0x00
.long _sym_00ad6f50
.byte 0x00, 0x00, 0x00, 0x00
.long _sym_00ad6f58
.byte 0x08, 0x00, 0x00, 0x00
.long _sym_00ad6f60
.byte 0x00, 0x00, 0x00, 0x00
.long _sym_00ad6f6b
.byte 0xff, 0xff, 0xff, 0xff
.long _sym_00ad6f73
.byte 0x0b, 0x00, 0x00, 0x00
.long _sym_00ad6f7b
.byte 0xff, 0xff, 0xff, 0xff
.long _sym_00ad6f86
.globl _sym_00bfc65c
_sym_00bfc65c:
.byte 0xff, 0xff, 0xff, 0xff
.long _sym_00ad70c0
.byte 0x00, 0x00, 0x00, 0x00
.long _sym_00ad70c8
.globl _sym_00bfc66c
_sym_00bfc66c:
.byte 0x22, 0x05, 0x93, 0x19, 0x02, 0x00, 0x00, 0x00
.long _sym_00bfc65c
.byte 0x00, 0x00, 0x00, 0x00, 0x00, 0x00, 0x00, 0x00, 0x00, 0x00, 0x00, 0x00, 0x00, 0x00, 0x00, 0x00
.byte 0x00, 0x00, 0x00, 0x00, 0x01, 0x00, 0x00, 0x00
.globl _sym_00bfc690
_sym_00bfc690:
.byte 0xff, 0xff, 0xff, 0xff
.long _sym_00ad7000
.globl _sym_00bfc698
_sym_00bfc698:
.byte 0x22, 0x05, 0x93, 0x19, 0x01, 0x00, 0x00, 0x00
.long _sym_00bfc690
.byte 0x00, 0x00, 0x00, 0x00, 0x00, 0x00, 0x00, 0x00, 0x00, 0x00, 0x00, 0x00, 0x00, 0x00, 0x00, 0x00
.byte 0x00, 0x00, 0x00, 0x00, 0x01, 0x00, 0x00, 0x00
.globl _sym_00bfc6bc
_sym_00bfc6bc:
.byte 0xff, 0xff, 0xff, 0xff
.long _sym_00ad7090
.globl _sym_00bfc6c4
_sym_00bfc6c4:
.byte 0x22, 0x05, 0x93, 0x19, 0x01, 0x00, 0x00, 0x00
.long _sym_00bfc6bc
.byte 0x00, 0x00, 0x00, 0x00, 0x00, 0x00, 0x00, 0x00, 0x00, 0x00, 0x00, 0x00, 0x00, 0x00, 0x00, 0x00
.byte 0x00, 0x00, 0x00, 0x00, 0x01, 0x00, 0x00, 0x00
.globl _sym_00bfc6e8
_sym_00bfc6e8:
.byte 0xff, 0xff, 0xff, 0xff
.long _sym_00ad7040
.byte 0xff, 0xff, 0xff, 0xff
.long _sym_00ad704e
.byte 0x01, 0x00, 0x00, 0x00
.long _sym_00ad7059
.globl _sym_00bfc700
_sym_00bfc700:
.byte 0x22, 0x05, 0x93, 0x19, 0x03, 0x00, 0x00, 0x00
.long _sym_00bfc6e8
.byte 0x00, 0x00, 0x00, 0x00, 0x00, 0x00, 0x00, 0x00, 0x00, 0x00, 0x00, 0x00, 0x00, 0x00, 0x00, 0x00
.byte 0x00, 0x00, 0x00, 0x00, 0x01, 0x00, 0x00, 0x00
.globl _sym_00bfc724
_sym_00bfc724:
.byte 0xff, 0xff, 0xff, 0xff
.long _sym_00ad6fb0
.byte 0x00, 0x00, 0x00, 0x00
.long _sym_00ad6fb8
.byte 0x00, 0x00, 0x00, 0x00
.long _sym_00ad6fc3
.byte 0x00, 0x00, 0x00, 0x00
.long _sym_00ad6fce
.globl _sym_00bfc744
_sym_00bfc744:
.byte 0x22, 0x05, 0x93, 0x19, 0x04, 0x00, 0x00, 0x00
.long _sym_00bfc724
.byte 0x00, 0x00, 0x00, 0x00, 0x00, 0x00, 0x00, 0x00, 0x00, 0x00, 0x00, 0x00, 0x00, 0x00, 0x00, 0x00
.byte 0x00, 0x00, 0x00, 0x00, 0x01, 0x00, 0x00, 0x00
.globl _sym_00bfc768
_sym_00bfc768:
.byte 0xff, 0xff, 0xff, 0xff
.long _sym_00ad6de0
.globl _sym_00bfc770
_sym_00bfc770:
.byte 0x22, 0x05, 0x93, 0x19, 0x01, 0x00, 0x00, 0x00
.long _sym_00bfc768
.byte 0x00, 0x00, 0x00, 0x00, 0x00, 0x00, 0x00, 0x00, 0x00, 0x00, 0x00, 0x00, 0x00, 0x00, 0x00, 0x00
.byte 0x00, 0x00, 0x00, 0x00, 0x01, 0x00, 0x00, 0x00
.globl _sym_00bfc794
_sym_00bfc794:
.byte 0xff, 0xff, 0xff, 0xff
.long _sym_00ad6d20
.globl _sym_00bfc79c
_sym_00bfc79c:
.byte 0x22, 0x05, 0x93, 0x19, 0x01, 0x00, 0x00, 0x00
.long _sym_00bfc794
.byte 0x00, 0x00, 0x00, 0x00, 0x00, 0x00, 0x00, 0x00, 0x00, 0x00, 0x00, 0x00, 0x00, 0x00, 0x00, 0x00
.byte 0x00, 0x00, 0x00, 0x00, 0x01, 0x00, 0x00, 0x00
.globl _sym_00bfc7c0
_sym_00bfc7c0:
.byte 0xff, 0xff, 0xff, 0xff
.long _sym_00ad6e80
.byte 0x00, 0x00, 0x00, 0x00
.long _sym_00ad6e88
.byte 0xff, 0xff, 0xff, 0xff
.long _sym_00ad6e93
.globl _sym_00bfc7d8
_sym_00bfc7d8:
.byte 0x22, 0x05, 0x93, 0x19, 0x03, 0x00, 0x00, 0x00
.long _sym_00bfc7c0
.byte 0x00, 0x00, 0x00, 0x00, 0x00, 0x00, 0x00, 0x00, 0x00, 0x00, 0x00, 0x00, 0x00, 0x00, 0x00, 0x00
.byte 0x00, 0x00, 0x00, 0x00, 0x01, 0x00, 0x00, 0x00
.globl _sym_00bfc7fc
_sym_00bfc7fc:
.byte 0xff, 0xff, 0xff, 0xff
.long _sym_00ad6cc0
.globl _sym_00bfc804
_sym_00bfc804:
.byte 0x22, 0x05, 0x93, 0x19, 0x01, 0x00, 0x00, 0x00
.long _sym_00bfc7fc
.byte 0x00, 0x00, 0x00, 0x00, 0x00, 0x00, 0x00, 0x00, 0x00, 0x00, 0x00, 0x00, 0x00, 0x00, 0x00, 0x00
.byte 0x00, 0x00, 0x00, 0x00, 0x01, 0x00, 0x00, 0x00
.globl _sym_00bfc828
_sym_00bfc828:
.byte 0xff, 0xff, 0xff, 0xff
.long _sym_00ad6e40
.byte 0x00, 0x00, 0x00, 0x00
.long _sym_00ad6e48
.byte 0xff, 0xff, 0xff, 0xff
.long _sym_00ad6e53
.globl _sym_00bfc840
_sym_00bfc840:
.byte 0x22, 0x05, 0x93, 0x19, 0x03, 0x00, 0x00, 0x00
.long _sym_00bfc828
.byte 0x00, 0x00, 0x00, 0x00, 0x00, 0x00, 0x00, 0x00, 0x00, 0x00, 0x00, 0x00, 0x00, 0x00, 0x00, 0x00
.byte 0x00, 0x00, 0x00, 0x00, 0x01, 0x00, 0x00, 0x00
.globl _sym_00bfc864
_sym_00bfc864:
.byte 0xff, 0xff, 0xff, 0xff
.long _sym_00ad6e10
.globl _sym_00bfc86c
_sym_00bfc86c:
.byte 0x22, 0x05, 0x93, 0x19, 0x01, 0x00, 0x00, 0x00
.long _sym_00bfc864
.byte 0x00, 0x00, 0x00, 0x00, 0x00, 0x00, 0x00, 0x00, 0x00, 0x00, 0x00, 0x00, 0x00, 0x00, 0x00, 0x00
.byte 0x00, 0x00, 0x00, 0x00, 0x01, 0x00, 0x00, 0x00
.globl _sym_00bfc890
_sym_00bfc890:
.byte 0xff, 0xff, 0xff, 0xff
.long _sym_00ad6d50
.globl _sym_00bfc898
_sym_00bfc898:
.byte 0x22, 0x05, 0x93, 0x19, 0x01, 0x00, 0x00, 0x00
.long _sym_00bfc890
.byte 0x00, 0x00, 0x00, 0x00, 0x00, 0x00, 0x00, 0x00, 0x00, 0x00, 0x00, 0x00, 0x00, 0x00, 0x00, 0x00
.byte 0x00, 0x00, 0x00, 0x00, 0x01, 0x00, 0x00, 0x00
.globl _sym_00bfc8bc
_sym_00bfc8bc:
.byte 0xff, 0xff, 0xff, 0xff
.long _sym_00ad6ec0
.byte 0x00, 0x00, 0x00, 0x00
.long _sym_00ad6ec8
.byte 0xff, 0xff, 0xff, 0xff
.long _sym_00ad6ed3
.globl _sym_00bfc8d4
_sym_00bfc8d4:
.byte 0x22, 0x05, 0x93, 0x19, 0x03, 0x00, 0x00, 0x00
.long _sym_00bfc8bc
.byte 0x00, 0x00, 0x00, 0x00, 0x00, 0x00, 0x00, 0x00, 0x00, 0x00, 0x00, 0x00, 0x00, 0x00, 0x00, 0x00
.byte 0x00, 0x00, 0x00, 0x00, 0x01, 0x00, 0x00, 0x00
.globl _sym_00bfc8f8
_sym_00bfc8f8:
.byte 0xff, 0xff, 0xff, 0xff
.long _sym_00ad6cf0
.globl _sym_00bfc900
_sym_00bfc900:
.byte 0x22, 0x05, 0x93, 0x19, 0x01, 0x00, 0x00, 0x00
.long _sym_00bfc8f8
.byte 0x00, 0x00, 0x00, 0x00, 0x00, 0x00, 0x00, 0x00, 0x00, 0x00, 0x00, 0x00, 0x00, 0x00, 0x00, 0x00
.byte 0x00, 0x00, 0x00, 0x00, 0x01, 0x00, 0x00, 0x00
.globl _sym_00bfc924
_sym_00bfc924:
.byte 0xff, 0xff, 0xff, 0xff
.long _sym_00ad70f0
.globl _sym_00bfc92c
_sym_00bfc92c:
.byte 0x22, 0x05, 0x93, 0x19, 0x01, 0x00, 0x00, 0x00
.long _sym_00bfc924
.byte 0x00, 0x00, 0x00, 0x00, 0x00, 0x00, 0x00, 0x00, 0x00, 0x00, 0x00, 0x00, 0x00, 0x00, 0x00, 0x00
.byte 0x00, 0x00, 0x00, 0x00, 0x01, 0x00, 0x00, 0x00
.globl _sym_00bfc950
_sym_00bfc950:
.byte 0xff, 0xff, 0xff, 0xff
.long _sym_00ad7150
.globl _sym_00bfc958
_sym_00bfc958:
.byte 0x22, 0x05, 0x93, 0x19, 0x01, 0x00, 0x00, 0x00
.long _sym_00bfc950
.byte 0x00, 0x00, 0x00, 0x00, 0x00, 0x00, 0x00, 0x00, 0x00, 0x00, 0x00, 0x00, 0x00, 0x00, 0x00, 0x00
.byte 0x00, 0x00, 0x00, 0x00, 0x01, 0x00, 0x00, 0x00
.globl _sym_00bfc97c
_sym_00bfc97c:
.byte 0xff, 0xff, 0xff, 0xff
.long _sym_00ad7120
.globl _sym_00bfc984
_sym_00bfc984:
.byte 0x22, 0x05, 0x93, 0x19, 0x01, 0x00, 0x00, 0x00
.long _sym_00bfc97c
.byte 0x00, 0x00, 0x00, 0x00, 0x00, 0x00, 0x00, 0x00, 0x00, 0x00, 0x00, 0x00, 0x00, 0x00, 0x00, 0x00
.byte 0x00, 0x00, 0x00, 0x00, 0x01, 0x00, 0x00, 0x00
.globl _sym_00bfc9a8
_sym_00bfc9a8:
.byte 0xff, 0xff, 0xff, 0xff
.long _sym_00ad7180
.byte 0xff, 0xff, 0xff, 0xff
.long _sym_00ad718e
.globl _sym_00bfc9b8
_sym_00bfc9b8:
.byte 0x22, 0x05, 0x93, 0x19, 0x02, 0x00, 0x00, 0x00
.long _sym_00bfc9a8
.byte 0x00, 0x00, 0x00, 0x00, 0x00, 0x00, 0x00, 0x00, 0x00, 0x00, 0x00, 0x00, 0x00, 0x00, 0x00, 0x00
.byte 0x00, 0x00, 0x00, 0x00, 0x01, 0x00, 0x00, 0x00
.globl _sym_00bfc9dc
_sym_00bfc9dc:
.byte 0xff, 0xff, 0xff, 0xff
.long _sym_00ad7230
.byte 0xff, 0xff, 0xff, 0xff
.long _sym_00ad7238
.globl _sym_00bfc9ec
_sym_00bfc9ec:
.byte 0x22, 0x05, 0x93, 0x19, 0x02, 0x00, 0x00, 0x00
.long _sym_00bfc9dc
.byte 0x00, 0x00, 0x00, 0x00, 0x00, 0x00, 0x00, 0x00, 0x00, 0x00, 0x00, 0x00, 0x00, 0x00, 0x00, 0x00
.byte 0x00, 0x00, 0x00, 0x00, 0x01, 0x00, 0x00, 0x00
.globl _sym_00bfca10
_sym_00bfca10:
.byte 0xff, 0xff, 0xff, 0xff
.long _sym_00ad7310
.byte 0xff, 0xff, 0xff, 0xff
.long _sym_00ad731b
.byte 0x01, 0x00, 0x00, 0x00
.long _sym_00ad7323
.byte 0xff, 0xff, 0xff, 0xff
.long _sym_00ad732e
.globl _sym_00bfca30
_sym_00bfca30:
.byte 0x22, 0x05, 0x93, 0x19, 0x04, 0x00, 0x00, 0x00
.long _sym_00bfca10
.byte 0x00, 0x00, 0x00, 0x00, 0x00, 0x00, 0x00, 0x00, 0x00, 0x00, 0x00, 0x00, 0x00, 0x00, 0x00, 0x00
.byte 0x00, 0x00, 0x00, 0x00, 0x01, 0x00, 0x00, 0x00
.globl _sym_00bfca54
_sym_00bfca54:
.byte 0xff, 0xff, 0xff, 0xff
.long _sym_00ad7260
.globl _sym_00bfca5c
_sym_00bfca5c:
.byte 0x22, 0x05, 0x93, 0x19, 0x01, 0x00, 0x00, 0x00
.long _sym_00bfca54
.byte 0x00, 0x00, 0x00, 0x00, 0x00, 0x00, 0x00, 0x00, 0x00, 0x00, 0x00, 0x00, 0x00, 0x00, 0x00, 0x00
.byte 0x00, 0x00, 0x00, 0x00, 0x01, 0x00, 0x00, 0x00
.globl _sym_00bfca80
_sym_00bfca80:
.byte 0xff, 0xff, 0xff, 0xff
.long _sym_00ad7200
.globl _sym_00bfca88
_sym_00bfca88:
.byte 0x22, 0x05, 0x93, 0x19, 0x01, 0x00, 0x00, 0x00
.long _sym_00bfca80
.byte 0x00, 0x00, 0x00, 0x00, 0x00, 0x00, 0x00, 0x00, 0x00, 0x00, 0x00, 0x00, 0x00, 0x00, 0x00, 0x00
.byte 0x00, 0x00, 0x00, 0x00, 0x01, 0x00, 0x00, 0x00
.globl _sym_00bfcaac
_sym_00bfcaac:
.byte 0xff, 0xff, 0xff, 0xff
.long _sym_00ad72d0
.byte 0x00, 0x00, 0x00, 0x00
.long _sym_00ad72d8
.byte 0xff, 0xff, 0xff, 0xff
.long _sym_00ad72e3
.globl _sym_00bfcac4
_sym_00bfcac4:
.byte 0x22, 0x05, 0x93, 0x19, 0x03, 0x00, 0x00, 0x00
.long _sym_00bfcaac
.byte 0x00, 0x00, 0x00, 0x00, 0x00, 0x00, 0x00, 0x00, 0x00, 0x00, 0x00, 0x00, 0x00, 0x00, 0x00, 0x00
.byte 0x00, 0x00, 0x00, 0x00, 0x01, 0x00, 0x00, 0x00
.globl _sym_00bfcae8
_sym_00bfcae8:
.byte 0xff, 0xff, 0xff, 0xff
.long _sym_00ad71d0
.globl _sym_00bfcaf0
_sym_00bfcaf0:
.byte 0x22, 0x05, 0x93, 0x19, 0x01, 0x00, 0x00, 0x00
.long _sym_00bfcae8
.byte 0x00, 0x00, 0x00, 0x00, 0x00, 0x00, 0x00, 0x00, 0x00, 0x00, 0x00, 0x00, 0x00, 0x00, 0x00, 0x00
.byte 0x00, 0x00, 0x00, 0x00, 0x01, 0x00, 0x00, 0x00
.globl _sym_00bfcb14
_sym_00bfcb14:
.byte 0xff, 0xff, 0xff, 0xff
.long _sym_00ad7290
.byte 0x00, 0x00, 0x00, 0x00
.long _sym_00ad7298
.byte 0xff, 0xff, 0xff, 0xff
.long _sym_00ad72a3
.globl _sym_00bfcb2c
_sym_00bfcb2c:
.byte 0x22, 0x05, 0x93, 0x19, 0x03, 0x00, 0x00, 0x00
.long _sym_00bfcb14
.byte 0x00, 0x00, 0x00, 0x00, 0x00, 0x00, 0x00, 0x00, 0x00, 0x00, 0x00, 0x00, 0x00, 0x00, 0x00, 0x00
.byte 0x00, 0x00, 0x00, 0x00, 0x01, 0x00, 0x00, 0x00
.globl _sym_00bfcb50
_sym_00bfcb50:
.byte 0xff, 0xff, 0xff, 0xff
.long _sym_00ad73c0
.byte 0xff, 0xff, 0xff, 0xff
.long _sym_00ad73c8
.globl _sym_00bfcb60
_sym_00bfcb60:
.byte 0x22, 0x05, 0x93, 0x19, 0x02, 0x00, 0x00, 0x00
.long _sym_00bfcb50
.byte 0x00, 0x00, 0x00, 0x00, 0x00, 0x00, 0x00, 0x00, 0x00, 0x00, 0x00, 0x00, 0x00, 0x00, 0x00, 0x00
.byte 0x00, 0x00, 0x00, 0x00, 0x01, 0x00, 0x00, 0x00
.globl _sym_00bfcb84
_sym_00bfcb84:
.byte 0xff, 0xff, 0xff, 0xff
.long _sym_00ad7460
.globl _sym_00bfcb8c
_sym_00bfcb8c:
.byte 0x22, 0x05, 0x93, 0x19, 0x01, 0x00, 0x00, 0x00
.long _sym_00bfcb84
.byte 0x00, 0x00, 0x00, 0x00, 0x00, 0x00, 0x00, 0x00, 0x00, 0x00, 0x00, 0x00, 0x00, 0x00, 0x00, 0x00
.byte 0x00, 0x00, 0x00, 0x00, 0x01, 0x00, 0x00, 0x00
.globl _sym_00bfcbb0
_sym_00bfcbb0:
.byte 0xff, 0xff, 0xff, 0xff
.long _sym_00ad7490
.globl _sym_00bfcbb8
_sym_00bfcbb8:
.byte 0x22, 0x05, 0x93, 0x19, 0x01, 0x00, 0x00, 0x00
.long _sym_00bfcbb0
.byte 0x00, 0x00, 0x00, 0x00, 0x00, 0x00, 0x00, 0x00, 0x00, 0x00, 0x00, 0x00, 0x00, 0x00, 0x00, 0x00
.byte 0x00, 0x00, 0x00, 0x00, 0x01, 0x00, 0x00, 0x00
.globl _sym_00bfcbdc
_sym_00bfcbdc:
.byte 0xff, 0xff, 0xff, 0xff
.long _sym_00ad73f0
.globl _sym_00bfcbe4
_sym_00bfcbe4:
.byte 0x22, 0x05, 0x93, 0x19, 0x01, 0x00, 0x00, 0x00
.long _sym_00bfcbdc
.byte 0x00, 0x00, 0x00, 0x00, 0x00, 0x00, 0x00, 0x00, 0x00, 0x00, 0x00, 0x00, 0x00, 0x00, 0x00, 0x00
.byte 0x00, 0x00, 0x00, 0x00, 0x01, 0x00, 0x00, 0x00
.globl _sym_00bfcc08
_sym_00bfcc08:
.byte 0xff, 0xff, 0xff, 0xff
.long _sym_00ad7390
.globl _sym_00bfcc10
_sym_00bfcc10:
.byte 0x22, 0x05, 0x93, 0x19, 0x01, 0x00, 0x00, 0x00
.long _sym_00bfcc08
.byte 0x00, 0x00, 0x00, 0x00, 0x00, 0x00, 0x00, 0x00, 0x00, 0x00, 0x00, 0x00, 0x00, 0x00, 0x00, 0x00
.byte 0x00, 0x00, 0x00, 0x00, 0x01, 0x00, 0x00, 0x00
.globl _sym_00bfcc34
_sym_00bfcc34:
.byte 0xff, 0xff, 0xff, 0xff
.long _sym_00ad7420
.byte 0x00, 0x00, 0x00, 0x00
.long _sym_00ad7428
.byte 0xff, 0xff, 0xff, 0xff
.long _sym_00ad7433
.globl _sym_00bfcc4c
_sym_00bfcc4c:
.byte 0x22, 0x05, 0x93, 0x19, 0x03, 0x00, 0x00, 0x00
.long _sym_00bfcc34
.byte 0x00, 0x00, 0x00, 0x00, 0x00, 0x00, 0x00, 0x00, 0x00, 0x00, 0x00, 0x00, 0x00, 0x00, 0x00, 0x00
.byte 0x00, 0x00, 0x00, 0x00, 0x01, 0x00, 0x00, 0x00
.globl _sym_00bfcc70
_sym_00bfcc70:
.byte 0xff, 0xff, 0xff, 0xff
.long _sym_00ad7360
.globl _sym_00bfcc78
_sym_00bfcc78:
.byte 0x22, 0x05, 0x93, 0x19, 0x01, 0x00, 0x00, 0x00
.long _sym_00bfcc70
.byte 0x00, 0x00, 0x00, 0x00, 0x00, 0x00, 0x00, 0x00, 0x00, 0x00, 0x00, 0x00, 0x00, 0x00, 0x00, 0x00
.byte 0x00, 0x00, 0x00, 0x00, 0x01, 0x00, 0x00, 0x00
.globl _sym_00bfcc9c
_sym_00bfcc9c:
.byte 0xff, 0xff, 0xff, 0xff
.long _sym_00ad74f0
.globl _sym_00bfcca4
_sym_00bfcca4:
.byte 0x22, 0x05, 0x93, 0x19, 0x01, 0x00, 0x00, 0x00
.long _sym_00bfcc9c
.byte 0x00, 0x00, 0x00, 0x00, 0x00, 0x00, 0x00, 0x00, 0x00, 0x00, 0x00, 0x00, 0x00, 0x00, 0x00, 0x00
.byte 0x00, 0x00, 0x00, 0x00, 0x01, 0x00, 0x00, 0x00
.globl _sym_00bfccc8
_sym_00bfccc8:
.byte 0xff, 0xff, 0xff, 0xff
.long _sym_00ad74c0
.globl _sym_00bfccd0
_sym_00bfccd0:
.byte 0x22, 0x05, 0x93, 0x19, 0x01, 0x00, 0x00, 0x00
.long _sym_00bfccc8
.byte 0x00, 0x00, 0x00, 0x00, 0x00, 0x00, 0x00, 0x00, 0x00, 0x00, 0x00, 0x00, 0x00, 0x00, 0x00, 0x00
.byte 0x00, 0x00, 0x00, 0x00, 0x01, 0x00, 0x00, 0x00
.globl _sym_00bfccf4
_sym_00bfccf4:
.byte 0x22, 0x05, 0x93, 0x19, 0x0a, 0x00, 0x00, 0x00
.long _sym_00bfcd18
.byte 0x00, 0x00, 0x00, 0x00, 0x00, 0x00, 0x00, 0x00, 0x00, 0x00, 0x00, 0x00, 0x00, 0x00, 0x00, 0x00
.byte 0x00, 0x00, 0x00, 0x00, 0x01, 0x00, 0x00, 0x00
.globl _sym_00bfcd18
_sym_00bfcd18:
.byte 0xff, 0xff, 0xff, 0xff
.long _sym_00ad7520
.byte 0x00, 0x00, 0x00, 0x00
.long _sym_00ad752b
.byte 0x01, 0x00, 0x00, 0x00
.long _sym_00ad7536
.byte 0x02, 0x00, 0x00, 0x00
.long _sym_00ad7544
.byte 0x03, 0x00, 0x00, 0x00
.long _sym_00ad7552
.byte 0x04, 0x00, 0x00, 0x00
.long _sym_00ad7560
.byte 0x05, 0x00, 0x00, 0x00
.long _sym_00ad756e
.byte 0x05, 0x00, 0x00, 0x00
.long _sym_00ad757c
.byte 0x04, 0x00, 0x00, 0x00
.long _sym_00ad7584
.byte 0xff, 0xff, 0xff, 0xff
.long _sym_00ad758c
.globl _sym_00bfcd68
_sym_00bfcd68:
.byte 0xff, 0xff, 0xff, 0xff
.long _sym_00ad75b0
.globl _sym_00bfcd70
_sym_00bfcd70:
.byte 0x22, 0x05, 0x93, 0x19, 0x01, 0x00, 0x00, 0x00
.long _sym_00bfcd68
.byte 0x00, 0x00, 0x00, 0x00, 0x00, 0x00, 0x00, 0x00, 0x00, 0x00, 0x00, 0x00, 0x00, 0x00, 0x00, 0x00
.byte 0x00, 0x00, 0x00, 0x00, 0x01, 0x00, 0x00, 0x00
.globl _sym_00bfcd94
_sym_00bfcd94:
.byte 0xff, 0xff, 0xff, 0xff
.long _sym_00ad7650
.byte 0x00, 0x00, 0x00, 0x00
.long _sym_00ad7658
.globl _sym_00bfcda4
_sym_00bfcda4:
.byte 0x22, 0x05, 0x93, 0x19, 0x02, 0x00, 0x00, 0x00
.long _sym_00bfcd94
.byte 0x00, 0x00, 0x00, 0x00, 0x00, 0x00, 0x00, 0x00, 0x00, 0x00, 0x00, 0x00, 0x00, 0x00, 0x00, 0x00
.byte 0x00, 0x00, 0x00, 0x00, 0x01, 0x00, 0x00, 0x00
.globl _sym_00bfcdc8
_sym_00bfcdc8:
.byte 0xff, 0xff, 0xff, 0xff
.long _sym_00ad7680
.byte 0x00, 0x00, 0x00, 0x00
.long _sym_00ad7688
.byte 0x00, 0x00, 0x00, 0x00
.long _sym_00ad7690
.globl _sym_00bfcde0
_sym_00bfcde0:
.byte 0x22, 0x05, 0x93, 0x19, 0x03, 0x00, 0x00, 0x00
.long _sym_00bfcdc8
.byte 0x00, 0x00, 0x00, 0x00, 0x00, 0x00, 0x00, 0x00, 0x00, 0x00, 0x00, 0x00, 0x00, 0x00, 0x00, 0x00
.byte 0x00, 0x00, 0x00, 0x00, 0x01, 0x00, 0x00, 0x00
.globl _sym_00bfce04
_sym_00bfce04:
.byte 0xff, 0xff, 0xff, 0xff
.long _sym_00ad7720
.globl _sym_00bfce0c
_sym_00bfce0c:
.byte 0x22, 0x05, 0x93, 0x19, 0x01, 0x00, 0x00, 0x00
.long _sym_00bfce04
.byte 0x00, 0x00, 0x00, 0x00, 0x00, 0x00, 0x00, 0x00, 0x00, 0x00, 0x00, 0x00, 0x00, 0x00, 0x00, 0x00
.byte 0x00, 0x00, 0x00, 0x00, 0x01, 0x00, 0x00, 0x00
.globl _sym_00bfce30
_sym_00bfce30:
.byte 0xff, 0xff, 0xff, 0xff
.long _sym_00ad77f0
.globl _sym_00bfce38
_sym_00bfce38:
.byte 0x22, 0x05, 0x93, 0x19, 0x01, 0x00, 0x00, 0x00
.long _sym_00bfce30
.byte 0x00, 0x00, 0x00, 0x00, 0x00, 0x00, 0x00, 0x00, 0x00, 0x00, 0x00, 0x00, 0x00, 0x00, 0x00, 0x00
.byte 0x00, 0x00, 0x00, 0x00, 0x01, 0x00, 0x00, 0x00
.globl _sym_00bfce5c
_sym_00bfce5c:
.byte 0xff, 0xff, 0xff, 0xff
.long _sym_00ad7750
.byte 0xff, 0xff, 0xff, 0xff
.long _sym_00ad7758
.globl _sym_00bfce6c
_sym_00bfce6c:
.byte 0x22, 0x05, 0x93, 0x19, 0x02, 0x00, 0x00, 0x00
.long _sym_00bfce5c
.byte 0x00, 0x00, 0x00, 0x00, 0x00, 0x00, 0x00, 0x00, 0x00, 0x00, 0x00, 0x00, 0x00, 0x00, 0x00, 0x00
.byte 0x00, 0x00, 0x00, 0x00, 0x01, 0x00, 0x00, 0x00
.globl _sym_00bfce90
_sym_00bfce90:
.byte 0xff, 0xff, 0xff, 0xff
.long _sym_00ad7790
.globl _sym_00bfce98
_sym_00bfce98:
.byte 0x22, 0x05, 0x93, 0x19, 0x01, 0x00, 0x00, 0x00
.long _sym_00bfce90
.byte 0x00, 0x00, 0x00, 0x00, 0x00, 0x00, 0x00, 0x00, 0x00, 0x00, 0x00, 0x00, 0x00, 0x00, 0x00, 0x00
.byte 0x00, 0x00, 0x00, 0x00, 0x01, 0x00, 0x00, 0x00
.globl _sym_00bfcebc
_sym_00bfcebc:
.byte 0xff, 0xff, 0xff, 0xff
.long _sym_00ad76c0
.globl _sym_00bfcec4
_sym_00bfcec4:
.byte 0x22, 0x05, 0x93, 0x19, 0x01, 0x00, 0x00, 0x00
.long _sym_00bfcebc
.byte 0x00, 0x00, 0x00, 0x00, 0x00, 0x00, 0x00, 0x00, 0x00, 0x00, 0x00, 0x00, 0x00, 0x00, 0x00, 0x00
.byte 0x00, 0x00, 0x00, 0x00, 0x01, 0x00, 0x00, 0x00
.globl _sym_00bfcee8
_sym_00bfcee8:
.byte 0xff, 0xff, 0xff, 0xff
.long _sym_00ad76f0
.globl _sym_00bfcef0
_sym_00bfcef0:
.byte 0x22, 0x05, 0x93, 0x19, 0x01, 0x00, 0x00, 0x00
.long _sym_00bfcee8
.byte 0x00, 0x00, 0x00, 0x00, 0x00, 0x00, 0x00, 0x00, 0x00, 0x00, 0x00, 0x00, 0x00, 0x00, 0x00, 0x00
.byte 0x00, 0x00, 0x00, 0x00, 0x01, 0x00, 0x00, 0x00
.globl _sym_00bfcf14
_sym_00bfcf14:
.byte 0xff, 0xff, 0xff, 0xff
.long _sym_00ad77c0
.globl _sym_00bfcf1c
_sym_00bfcf1c:
.byte 0x22, 0x05, 0x93, 0x19, 0x01, 0x00, 0x00, 0x00
.long _sym_00bfcf14
.byte 0x00, 0x00, 0x00, 0x00, 0x00, 0x00, 0x00, 0x00, 0x00, 0x00, 0x00, 0x00, 0x00, 0x00, 0x00, 0x00
.byte 0x00, 0x00, 0x00, 0x00, 0x01, 0x00, 0x00, 0x00
.globl _sym_00bfcf40
_sym_00bfcf40:
.byte 0xff, 0xff, 0xff, 0xff
.long _sym_00ad7610
.byte 0xff, 0xff, 0xff, 0xff
.long _sym_00ad7618
.globl _sym_00bfcf50
_sym_00bfcf50:
.byte 0x22, 0x05, 0x93, 0x19, 0x02, 0x00, 0x00, 0x00
.long _sym_00bfcf40
.byte 0x00, 0x00, 0x00, 0x00, 0x00, 0x00, 0x00, 0x00, 0x00, 0x00, 0x00, 0x00, 0x00, 0x00, 0x00, 0x00
.byte 0x00, 0x00, 0x00, 0x00, 0x01, 0x00, 0x00, 0x00
.globl _sym_00bfcf74
_sym_00bfcf74:
.byte 0xff, 0xff, 0xff, 0xff
.long _sym_00ad75e0
.globl _sym_00bfcf7c
_sym_00bfcf7c:
.byte 0x22, 0x05, 0x93, 0x19, 0x01, 0x00, 0x00, 0x00
.long _sym_00bfcf74
.byte 0x00, 0x00, 0x00, 0x00, 0x00, 0x00, 0x00, 0x00, 0x00, 0x00, 0x00, 0x00, 0x00, 0x00, 0x00, 0x00
.byte 0x00, 0x00, 0x00, 0x00, 0x01, 0x00, 0x00, 0x00
.globl _sym_00bfcfa0
_sym_00bfcfa0:
.byte 0xff, 0xff, 0xff, 0xff
.long _sym_00ad7820
.byte 0x00, 0x00, 0x00, 0x00
.long _sym_00ad7828
.globl _sym_00bfcfb0
_sym_00bfcfb0:
.byte 0x22, 0x05, 0x93, 0x19, 0x02, 0x00, 0x00, 0x00
.long _sym_00bfcfa0
.byte 0x00, 0x00, 0x00, 0x00, 0x00, 0x00, 0x00, 0x00, 0x00, 0x00, 0x00, 0x00, 0x00, 0x00, 0x00, 0x00
.byte 0x00, 0x00, 0x00, 0x00, 0x01, 0x00, 0x00, 0x00
.globl _sym_00bfcfd4
_sym_00bfcfd4:
.byte 0xff, 0xff, 0xff, 0xff
.long _sym_00ad7850
.globl _sym_00bfcfdc
_sym_00bfcfdc:
.byte 0x22, 0x05, 0x93, 0x19, 0x01, 0x00, 0x00, 0x00
.long _sym_00bfcfd4
.byte 0x00, 0x00, 0x00, 0x00, 0x00, 0x00, 0x00, 0x00, 0x00, 0x00, 0x00, 0x00, 0x00, 0x00, 0x00, 0x00
.byte 0x00, 0x00, 0x00, 0x00, 0x01, 0x00, 0x00, 0x00
.globl _sym_00bfd000
_sym_00bfd000:
.byte 0xff, 0xff, 0xff, 0xff
.long _sym_00ad7880
.globl _sym_00bfd008
_sym_00bfd008:
.byte 0x22, 0x05, 0x93, 0x19, 0x01, 0x00, 0x00, 0x00
.long _sym_00bfd000
.byte 0x00, 0x00, 0x00, 0x00, 0x00, 0x00, 0x00, 0x00, 0x00, 0x00, 0x00, 0x00, 0x00, 0x00, 0x00, 0x00
.byte 0x00, 0x00, 0x00, 0x00, 0x01, 0x00, 0x00, 0x00
.globl _sym_00bfd02c
_sym_00bfd02c:
.byte 0xff, 0xff, 0xff, 0xff
.long _sym_00ad79b0
.globl _sym_00bfd034
_sym_00bfd034:
.byte 0x22, 0x05, 0x93, 0x19, 0x01, 0x00, 0x00, 0x00
.long _sym_00bfd02c
.byte 0x00, 0x00, 0x00, 0x00, 0x00, 0x00, 0x00, 0x00, 0x00, 0x00, 0x00, 0x00, 0x00, 0x00, 0x00, 0x00
.byte 0x00, 0x00, 0x00, 0x00, 0x01, 0x00, 0x00, 0x00
.globl _sym_00bfd058
_sym_00bfd058:
.byte 0xff, 0xff, 0xff, 0xff
.long _sym_00ad7ab0
.globl _sym_00bfd060
_sym_00bfd060:
.byte 0x22, 0x05, 0x93, 0x19, 0x01, 0x00, 0x00, 0x00
.long _sym_00bfd058
.byte 0x00, 0x00, 0x00, 0x00, 0x00, 0x00, 0x00, 0x00, 0x00, 0x00, 0x00, 0x00, 0x00, 0x00, 0x00, 0x00
.byte 0x00, 0x00, 0x00, 0x00, 0x01, 0x00, 0x00, 0x00
.globl _sym_00bfd084
_sym_00bfd084:
.byte 0xff, 0xff, 0xff, 0xff
.long _sym_00ad7a20
.globl _sym_00bfd08c
_sym_00bfd08c:
.byte 0x22, 0x05, 0x93, 0x19, 0x01, 0x00, 0x00, 0x00
.long _sym_00bfd084
.byte 0x00, 0x00, 0x00, 0x00, 0x00, 0x00, 0x00, 0x00, 0x00, 0x00, 0x00, 0x00, 0x00, 0x00, 0x00, 0x00
.byte 0x00, 0x00, 0x00, 0x00, 0x01, 0x00, 0x00, 0x00
.globl _sym_00bfd0b0
_sym_00bfd0b0:
.byte 0xff, 0xff, 0xff, 0xff
.long _sym_00ad78b0
.globl _sym_00bfd0b8
_sym_00bfd0b8:
.byte 0x22, 0x05, 0x93, 0x19, 0x01, 0x00, 0x00, 0x00
.long _sym_00bfd0b0
.byte 0x00, 0x00, 0x00, 0x00, 0x00, 0x00, 0x00, 0x00, 0x00, 0x00, 0x00, 0x00, 0x00, 0x00, 0x00, 0x00
.byte 0x00, 0x00, 0x00, 0x00, 0x01, 0x00, 0x00, 0x00
.globl _sym_00bfd0dc
_sym_00bfd0dc:
.byte 0x22, 0x05, 0x93, 0x19, 0x0b, 0x00, 0x00, 0x00
.long _sym_00bfd100
.byte 0x00, 0x00, 0x00, 0x00, 0x00, 0x00, 0x00, 0x00, 0x00, 0x00, 0x00, 0x00, 0x00, 0x00, 0x00, 0x00
.byte 0x00, 0x00, 0x00, 0x00, 0x01, 0x00, 0x00, 0x00
.globl _sym_00bfd100
_sym_00bfd100:
.byte 0xff, 0xff, 0xff, 0xff
.long _sym_00ad78e0
.byte 0x00, 0x00, 0x00, 0x00
.long _sym_00ad78eb
.byte 0x01, 0x00, 0x00, 0x00
.long _sym_00ad78f6
.byte 0x02, 0x00, 0x00, 0x00
.long _sym_00ad7904
.byte 0x03, 0x00, 0x00, 0x00
.long _sym_00ad7912
.byte 0x04, 0x00, 0x00, 0x00
.long _sym_00ad7920
.byte 0x04, 0x00, 0x00, 0x00
.long _sym_00ad7928
.byte 0x06, 0x00, 0x00, 0x00
.long _sym_00ad7936
.byte 0x06, 0x00, 0x00, 0x00
.long _sym_00ad793e
.byte 0x08, 0x00, 0x00, 0x00
.long _sym_00ad794c
.byte 0x08, 0x00, 0x00, 0x00
.long _sym_00ad7954
.globl _sym_00bfd158
_sym_00bfd158:
.byte 0xff, 0xff, 0xff, 0xff
.long _sym_00ad79e0
.byte 0xff, 0xff, 0xff, 0xff
.long _sym_00ad79e8
.byte 0xff, 0xff, 0xff, 0xff
.long _sym_00ad79f0
.globl _sym_00bfd170
_sym_00bfd170:
.byte 0x22, 0x05, 0x93, 0x19, 0x03, 0x00, 0x00, 0x00
.long _sym_00bfd158
.byte 0x00, 0x00, 0x00, 0x00, 0x00, 0x00, 0x00, 0x00, 0x00, 0x00, 0x00, 0x00, 0x00, 0x00, 0x00, 0x00
.byte 0x00, 0x00, 0x00, 0x00, 0x01, 0x00, 0x00, 0x00
.globl _sym_00bfd194
_sym_00bfd194:
.byte 0xff, 0xff, 0xff, 0xff
.long _sym_00ad7ae0
.globl _sym_00bfd19c
_sym_00bfd19c:
.byte 0x22, 0x05, 0x93, 0x19, 0x01, 0x00, 0x00, 0x00
.long _sym_00bfd194
.byte 0x00, 0x00, 0x00, 0x00, 0x00, 0x00, 0x00, 0x00, 0x00, 0x00, 0x00, 0x00, 0x00, 0x00, 0x00, 0x00
.byte 0x00, 0x00, 0x00, 0x00, 0x01, 0x00, 0x00, 0x00
.globl _sym_00bfd1c0
_sym_00bfd1c0:
.byte 0xff, 0xff, 0xff, 0xff
.long _sym_00ad7b10
.byte 0xff, 0xff, 0xff, 0xff
.long _sym_00ad7b18
.globl _sym_00bfd1d0
_sym_00bfd1d0:
.byte 0x22, 0x05, 0x93, 0x19, 0x02, 0x00, 0x00, 0x00
.long _sym_00bfd1c0
.byte 0x00, 0x00, 0x00, 0x00, 0x00, 0x00, 0x00, 0x00, 0x00, 0x00, 0x00, 0x00, 0x00, 0x00, 0x00, 0x00
.byte 0x00, 0x00, 0x00, 0x00, 0x01, 0x00, 0x00, 0x00
.globl _sym_00bfd1f4
_sym_00bfd1f4:
.byte 0xff, 0xff, 0xff, 0xff
.long _sym_00ad7a50
.byte 0xff, 0xff, 0xff, 0xff
.long _sym_00ad7a58
.globl _sym_00bfd204
_sym_00bfd204:
.byte 0x22, 0x05, 0x93, 0x19, 0x02, 0x00, 0x00, 0x00
.long _sym_00bfd1f4
.byte 0x00, 0x00, 0x00, 0x00, 0x00, 0x00, 0x00, 0x00, 0x00, 0x00, 0x00, 0x00, 0x00, 0x00, 0x00, 0x00
.byte 0x00, 0x00, 0x00, 0x00, 0x01, 0x00, 0x00, 0x00
.globl _sym_00bfd228
_sym_00bfd228:
.byte 0xff, 0xff, 0xff, 0xff
.long _sym_00ad7980
.globl _sym_00bfd230
_sym_00bfd230:
.byte 0x22, 0x05, 0x93, 0x19, 0x01, 0x00, 0x00, 0x00
.long _sym_00bfd228
.byte 0x00, 0x00, 0x00, 0x00, 0x00, 0x00, 0x00, 0x00, 0x00, 0x00, 0x00, 0x00, 0x00, 0x00, 0x00, 0x00
.byte 0x00, 0x00, 0x00, 0x00, 0x01, 0x00, 0x00, 0x00
.globl _sym_00bfd254
_sym_00bfd254:
.byte 0xff, 0xff, 0xff, 0xff
.long _sym_00ad7a80
.globl _sym_00bfd25c
_sym_00bfd25c:
.byte 0x22, 0x05, 0x93, 0x19, 0x01, 0x00, 0x00, 0x00
.long _sym_00bfd254
.byte 0x00, 0x00, 0x00, 0x00, 0x00, 0x00, 0x00, 0x00, 0x00, 0x00, 0x00, 0x00, 0x00, 0x00, 0x00, 0x00
.byte 0x00, 0x00, 0x00, 0x00, 0x01, 0x00, 0x00, 0x00
.globl _sym_00bfd280
_sym_00bfd280:
.byte 0xff, 0xff, 0xff, 0xff
.long _sym_00ad7cd0
.globl _sym_00bfd288
_sym_00bfd288:
.byte 0x22, 0x05, 0x93, 0x19, 0x01, 0x00, 0x00, 0x00
.long _sym_00bfd280
.byte 0x00, 0x00, 0x00, 0x00, 0x00, 0x00, 0x00, 0x00, 0x00, 0x00, 0x00, 0x00, 0x00, 0x00, 0x00, 0x00
.byte 0x00, 0x00, 0x00, 0x00, 0x01, 0x00, 0x00, 0x00
.globl _sym_00bfd2ac
_sym_00bfd2ac:
.byte 0xff, 0xff, 0xff, 0xff
.long _sym_00ad7c20
.byte 0x00, 0x00, 0x00, 0x00
.long _sym_00ad7c2e
.globl _sym_00bfd2bc
_sym_00bfd2bc:
.byte 0x22, 0x05, 0x93, 0x19, 0x02, 0x00, 0x00, 0x00
.long _sym_00bfd2ac
.byte 0x00, 0x00, 0x00, 0x00, 0x00, 0x00, 0x00, 0x00, 0x00, 0x00, 0x00, 0x00, 0x00, 0x00, 0x00, 0x00
.byte 0x00, 0x00, 0x00, 0x00, 0x01, 0x00, 0x00, 0x00
.globl _sym_00bfd2e0
_sym_00bfd2e0:
.byte 0xff, 0xff, 0xff, 0xff
.long _sym_00ad7d00
.byte 0xff, 0xff, 0xff, 0xff
.long _sym_00ad7d08
.globl _sym_00bfd2f0
_sym_00bfd2f0:
.byte 0x22, 0x05, 0x93, 0x19, 0x02, 0x00, 0x00, 0x00
.long _sym_00bfd2e0
.byte 0x00, 0x00, 0x00, 0x00, 0x00, 0x00, 0x00, 0x00, 0x00, 0x00, 0x00, 0x00, 0x00, 0x00, 0x00, 0x00
.byte 0x00, 0x00, 0x00, 0x00, 0x01, 0x00, 0x00, 0x00
.globl _sym_00bfd314
_sym_00bfd314:
.byte 0xff, 0xff, 0xff, 0xff
.long _sym_00ad7c60
.byte 0x00, 0x00, 0x00, 0x00
.long _sym_00ad7c6e
.globl _sym_00bfd324
_sym_00bfd324:
.byte 0x22, 0x05, 0x93, 0x19, 0x02, 0x00, 0x00, 0x00
.long _sym_00bfd314
.byte 0x00, 0x00, 0x00, 0x00, 0x00, 0x00, 0x00, 0x00, 0x00, 0x00, 0x00, 0x00, 0x00, 0x00, 0x00, 0x00
.byte 0x00, 0x00, 0x00, 0x00, 0x01, 0x00, 0x00, 0x00
.globl _sym_00bfd348
_sym_00bfd348:
.byte 0xff, 0xff, 0xff, 0xff
.long _sym_00ad7d40
.byte 0xff, 0xff, 0xff, 0xff
.long _sym_00ad7d48
.globl _sym_00bfd358
_sym_00bfd358:
.byte 0x22, 0x05, 0x93, 0x19, 0x02, 0x00, 0x00, 0x00
.long _sym_00bfd348
.byte 0x00, 0x00, 0x00, 0x00, 0x00, 0x00, 0x00, 0x00, 0x00, 0x00, 0x00, 0x00, 0x00, 0x00, 0x00, 0x00
.byte 0x00, 0x00, 0x00, 0x00, 0x01, 0x00, 0x00, 0x00
.globl _sym_00bfd37c
_sym_00bfd37c:
.byte 0xff, 0xff, 0xff, 0xff
.long _sym_00ad7ca0
.globl _sym_00bfd384
_sym_00bfd384:
.byte 0x22, 0x05, 0x93, 0x19, 0x01, 0x00, 0x00, 0x00
.long _sym_00bfd37c
.byte 0x00, 0x00, 0x00, 0x00, 0x00, 0x00, 0x00, 0x00, 0x00, 0x00, 0x00, 0x00, 0x00, 0x00, 0x00, 0x00
.byte 0x00, 0x00, 0x00, 0x00, 0x01, 0x00, 0x00, 0x00
.globl _sym_00bfd3a8
_sym_00bfd3a8:
.byte 0xff, 0xff, 0xff, 0xff
.long _sym_00ad7b40
.globl _sym_00bfd3b0
_sym_00bfd3b0:
.byte 0x22, 0x05, 0x93, 0x19, 0x01, 0x00, 0x00, 0x00
.long _sym_00bfd3a8
.byte 0x00, 0x00, 0x00, 0x00, 0x00, 0x00, 0x00, 0x00, 0x00, 0x00, 0x00, 0x00, 0x00, 0x00, 0x00, 0x00
.byte 0x00, 0x00, 0x00, 0x00, 0x01, 0x00, 0x00, 0x00
.globl _sym_00bfd3d4
_sym_00bfd3d4:
.byte 0xff, 0xff, 0xff, 0xff
.long _sym_00ad7ba0
.byte 0xff, 0xff, 0xff, 0xff
.long _sym_00ad7ba8
.globl _sym_00bfd3e4
_sym_00bfd3e4:
.byte 0x22, 0x05, 0x93, 0x19, 0x02, 0x00, 0x00, 0x00
.long _sym_00bfd3d4
.byte 0x00, 0x00, 0x00, 0x00, 0x00, 0x00, 0x00, 0x00, 0x00, 0x00, 0x00, 0x00, 0x00, 0x00, 0x00, 0x00
.byte 0x00, 0x00, 0x00, 0x00, 0x01, 0x00, 0x00, 0x00
.globl _sym_00bfd408
_sym_00bfd408:
.byte 0xff, 0xff, 0xff, 0xff
.long _sym_00ad7b70
.globl _sym_00bfd410
_sym_00bfd410:
.byte 0x22, 0x05, 0x93, 0x19, 0x01, 0x00, 0x00, 0x00
.long _sym_00bfd408
.byte 0x00, 0x00, 0x00, 0x00, 0x00, 0x00, 0x00, 0x00, 0x00, 0x00, 0x00, 0x00, 0x00, 0x00, 0x00, 0x00
.byte 0x00, 0x00, 0x00, 0x00, 0x01, 0x00, 0x00, 0x00
.globl _sym_00bfd434
_sym_00bfd434:
.byte 0xff, 0xff, 0xff, 0xff
.long _sym_00ad7be0
.byte 0xff, 0xff, 0xff, 0xff
.long _sym_00ad7be8
.globl _sym_00bfd444
_sym_00bfd444:
.byte 0x22, 0x05, 0x93, 0x19, 0x02, 0x00, 0x00, 0x00
.long _sym_00bfd434
.byte 0x00, 0x00, 0x00, 0x00, 0x00, 0x00, 0x00, 0x00, 0x00, 0x00, 0x00, 0x00, 0x00, 0x00, 0x00, 0x00
.byte 0x00, 0x00, 0x00, 0x00, 0x01, 0x00, 0x00, 0x00
.globl _sym_00bfd468
_sym_00bfd468:
.byte 0xff, 0xff, 0xff, 0xff
.long _sym_00ad7f30
.globl _sym_00bfd470
_sym_00bfd470:
.byte 0x22, 0x05, 0x93, 0x19, 0x01, 0x00, 0x00, 0x00
.long _sym_00bfd468
.byte 0x00, 0x00, 0x00, 0x00, 0x00, 0x00, 0x00, 0x00, 0x00, 0x00, 0x00, 0x00, 0x00, 0x00, 0x00, 0x00
.byte 0x00, 0x00, 0x00, 0x00, 0x01, 0x00, 0x00, 0x00
.globl _sym_00bfd494
_sym_00bfd494:
.byte 0xff, 0xff, 0xff, 0xff
.long _sym_00ad7eb0
.byte 0x00, 0x00, 0x00, 0x00
.long _sym_00ad7ebe
.byte 0x01, 0x00, 0x00, 0x00
.long _sym_00ad7ecc
.globl _sym_00bfd4ac
_sym_00bfd4ac:
.byte 0x22, 0x05, 0x93, 0x19, 0x03, 0x00, 0x00, 0x00
.long _sym_00bfd494
.byte 0x00, 0x00, 0x00, 0x00, 0x00, 0x00, 0x00, 0x00, 0x00, 0x00, 0x00, 0x00, 0x00, 0x00, 0x00, 0x00
.byte 0x00, 0x00, 0x00, 0x00, 0x01, 0x00, 0x00, 0x00
.globl _sym_00bfd4d0
_sym_00bfd4d0:
.byte 0xff, 0xff, 0xff, 0xff
.long _sym_00ad7d80
.globl _sym_00bfd4d8
_sym_00bfd4d8:
.byte 0x22, 0x05, 0x93, 0x19, 0x01, 0x00, 0x00, 0x00
.long _sym_00bfd4d0
.byte 0x00, 0x00, 0x00, 0x00, 0x00, 0x00, 0x00, 0x00, 0x00, 0x00, 0x00, 0x00, 0x00, 0x00, 0x00, 0x00
.byte 0x00, 0x00, 0x00, 0x00, 0x01, 0x00, 0x00, 0x00
.globl _sym_00bfd4fc
_sym_00bfd4fc:
.byte 0xff, 0xff, 0xff, 0xff
.long _sym_00ad7f90
.globl _sym_00bfd504
_sym_00bfd504:
.byte 0x22, 0x05, 0x93, 0x19, 0x01, 0x00, 0x00, 0x00
.long _sym_00bfd4fc
.byte 0x00, 0x00, 0x00, 0x00, 0x00, 0x00, 0x00, 0x00, 0x00, 0x00, 0x00, 0x00, 0x00, 0x00, 0x00, 0x00
.byte 0x00, 0x00, 0x00, 0x00, 0x01, 0x00, 0x00, 0x00
.globl _sym_00bfd528
_sym_00bfd528:
.byte 0xff, 0xff, 0xff, 0xff
.long _sym_00ad7f60
.globl _sym_00bfd530
_sym_00bfd530:
.byte 0x22, 0x05, 0x93, 0x19, 0x01, 0x00, 0x00, 0x00
.long _sym_00bfd528
.byte 0x00, 0x00, 0x00, 0x00, 0x00, 0x00, 0x00, 0x00, 0x00, 0x00, 0x00, 0x00, 0x00, 0x00, 0x00, 0x00
.byte 0x00, 0x00, 0x00, 0x00, 0x01, 0x00, 0x00, 0x00
.globl _sym_00bfd554
_sym_00bfd554:
.byte 0xff, 0xff, 0xff, 0xff
.long _sym_00ad7e50
.globl _sym_00bfd55c
_sym_00bfd55c:
.byte 0x22, 0x05, 0x93, 0x19, 0x01, 0x00, 0x00, 0x00
.long _sym_00bfd554
.byte 0x00, 0x00, 0x00, 0x00, 0x00, 0x00, 0x00, 0x00, 0x00, 0x00, 0x00, 0x00, 0x00, 0x00, 0x00, 0x00
.byte 0x00, 0x00, 0x00, 0x00, 0x01, 0x00, 0x00, 0x00
.globl _sym_00bfd580
_sym_00bfd580:
.byte 0xff, 0xff, 0xff, 0xff
.long _sym_00ad7e80
.globl _sym_00bfd588
_sym_00bfd588:
.byte 0x22, 0x05, 0x93, 0x19, 0x01, 0x00, 0x00, 0x00
.long _sym_00bfd580
.byte 0x00, 0x00, 0x00, 0x00, 0x00, 0x00, 0x00, 0x00, 0x00, 0x00, 0x00, 0x00, 0x00, 0x00, 0x00, 0x00
.byte 0x00, 0x00, 0x00, 0x00, 0x01, 0x00, 0x00, 0x00
.globl _sym_00bfd5ac
_sym_00bfd5ac:
.byte 0xff, 0xff, 0xff, 0xff
.long _sym_00ad7f00
.globl _sym_00bfd5b4
_sym_00bfd5b4:
.byte 0x22, 0x05, 0x93, 0x19, 0x01, 0x00, 0x00, 0x00
.long _sym_00bfd5ac
.byte 0x00, 0x00, 0x00, 0x00, 0x00, 0x00, 0x00, 0x00, 0x00, 0x00, 0x00, 0x00, 0x00, 0x00, 0x00, 0x00
.byte 0x00, 0x00, 0x00, 0x00, 0x01, 0x00, 0x00, 0x00
.globl _sym_00bfd5d8
_sym_00bfd5d8:
.byte 0xff, 0xff, 0xff, 0xff
.long _sym_00ad7db0
.byte 0x00, 0x00, 0x00, 0x00
.long _sym_00ad7dbe
.byte 0x01, 0x00, 0x00, 0x00
.long _sym_00ad7dcc
.globl _sym_00bfd5f0
_sym_00bfd5f0:
.byte 0x22, 0x05, 0x93, 0x19, 0x03, 0x00, 0x00, 0x00
.long _sym_00bfd5d8
.byte 0x00, 0x00, 0x00, 0x00, 0x00, 0x00, 0x00, 0x00, 0x00, 0x00, 0x00, 0x00, 0x00, 0x00, 0x00, 0x00
.byte 0x00, 0x00, 0x00, 0x00, 0x01, 0x00, 0x00, 0x00
.globl _sym_00bfd614
_sym_00bfd614:
.byte 0xff, 0xff, 0xff, 0xff
.long _sym_00ad7e00
.byte 0x00, 0x00, 0x00, 0x00
.long _sym_00ad7e0e
.byte 0x01, 0x00, 0x00, 0x00
.long _sym_00ad7e1c
.globl _sym_00bfd62c
_sym_00bfd62c:
.byte 0x22, 0x05, 0x93, 0x19, 0x03, 0x00, 0x00, 0x00
.long _sym_00bfd614
.byte 0x00, 0x00, 0x00, 0x00, 0x00, 0x00, 0x00, 0x00, 0x00, 0x00, 0x00, 0x00, 0x00, 0x00, 0x00, 0x00
.byte 0x00, 0x00, 0x00, 0x00, 0x01, 0x00, 0x00, 0x00
.globl _sym_00bfd650
_sym_00bfd650:
.byte 0xff, 0xff, 0xff, 0xff
.long _sym_00ad7fc0
.globl _sym_00bfd658
_sym_00bfd658:
.byte 0x22, 0x05, 0x93, 0x19, 0x01, 0x00, 0x00, 0x00
.long _sym_00bfd650
.byte 0x00, 0x00, 0x00, 0x00, 0x00, 0x00, 0x00, 0x00, 0x00, 0x00, 0x00, 0x00, 0x00, 0x00, 0x00, 0x00
.byte 0x00, 0x00, 0x00, 0x00, 0x01, 0x00, 0x00, 0x00
.globl _sym_00bfd67c
_sym_00bfd67c:
.byte 0xff, 0xff, 0xff, 0xff
.long _sym_00ad7ff0
.globl _sym_00bfd684
_sym_00bfd684:
.byte 0x22, 0x05, 0x93, 0x19, 0x01, 0x00, 0x00, 0x00
.long _sym_00bfd67c
.byte 0x00, 0x00, 0x00, 0x00, 0x00, 0x00, 0x00, 0x00, 0x00, 0x00, 0x00, 0x00, 0x00, 0x00, 0x00, 0x00
.byte 0x00, 0x00, 0x00, 0x00, 0x01, 0x00, 0x00, 0x00
.globl _sym_00bfd6a8
_sym_00bfd6a8:
.byte 0xff, 0xff, 0xff, 0xff
.long _sym_00ad8020
.globl _sym_00bfd6b0
_sym_00bfd6b0:
.byte 0x22, 0x05, 0x93, 0x19, 0x01, 0x00, 0x00, 0x00
.long _sym_00bfd6a8
.byte 0x00, 0x00, 0x00, 0x00, 0x00, 0x00, 0x00, 0x00, 0x00, 0x00, 0x00, 0x00, 0x00, 0x00, 0x00, 0x00
.byte 0x00, 0x00, 0x00, 0x00, 0x01, 0x00, 0x00, 0x00, 0x00, 0x00, 0x00, 0x00
.globl _sym_00bfd6d8
_sym_00bfd6d8:
.byte 0xfe, 0xff, 0xff, 0xff, 0x00, 0x00, 0x00, 0x00, 0xcc, 0xff, 0xff, 0xff, 0x00, 0x00, 0x00, 0x00
.byte 0xfe, 0xff, 0xff, 0xff, 0x00, 0x00, 0x00, 0x00
.long _sym_009491fb
.byte 0x00, 0x00, 0x00, 0x00
.globl _sym_00bfd6f8
_sym_00bfd6f8:
.byte 0xfe, 0xff, 0xff, 0xff, 0x00, 0x00, 0x00, 0x00, 0xcc, 0xff, 0xff, 0xff, 0x00, 0x00, 0x00, 0x00
.byte 0xfe, 0xff, 0xff, 0xff
.long _sym_00949531
.long _sym_00949545
.byte 0x00, 0x00, 0x00, 0x00
.globl _sym_00bfd718
_sym_00bfd718:
.byte 0xfe, 0xff, 0xff, 0xff, 0x00, 0x00, 0x00, 0x00, 0xd0, 0xff, 0xff, 0xff, 0x00, 0x00, 0x00, 0x00
.byte 0xfe, 0xff, 0xff, 0xff, 0x00, 0x00, 0x00, 0x00
.long _sym_009496b6
.byte 0x00, 0x00, 0x00, 0x00
.globl _sym_00bfd738
_sym_00bfd738:
.byte 0xfe, 0xff, 0xff, 0xff, 0x00, 0x00, 0x00, 0x00, 0xd4, 0xff, 0xff, 0xff, 0x00, 0x00, 0x00, 0x00
.byte 0xfe, 0xff, 0xff, 0xff, 0x00, 0x00, 0x00, 0x00
.long _sym_00949725
.byte 0x00, 0x00, 0x00, 0x00
.globl _sym_00bfd758
_sym_00bfd758:
.byte 0xfe, 0xff, 0xff, 0xff, 0x00, 0x00, 0x00, 0x00, 0xcc, 0xff, 0xff, 0xff, 0x00, 0x00, 0x00, 0x00
.byte 0xfe, 0xff, 0xff, 0xff
.long _sym_0094977d
.long _sym_009497a6
.globl _sym_00bfd774
_sym_00bfd774:
.byte 0x40, 0x00, 0x00, 0x00, 0x00, 0x00, 0x00, 0x00, 0x00, 0x00, 0x00, 0x00
.long _sym_00949975
.globl _sym_00bfd784
_sym_00bfd784:
.byte 0xff, 0xff, 0xff, 0xff, 0x00, 0x00, 0x00, 0x00, 0xff, 0xff, 0xff, 0xff, 0x00, 0x00, 0x00, 0x00
.globl _sym_00bfd794
_sym_00bfd794:
.byte 0x00, 0x00, 0x00, 0x00, 0x00, 0x00, 0x00, 0x00, 0x01, 0x00, 0x00, 0x00, 0x01, 0x00, 0x00, 0x00
.long _sym_00bfd774
.globl _sym_00bfd7a8
_sym_00bfd7a8:
.byte 0x22, 0x05, 0x93, 0x19, 0x02, 0x00, 0x00, 0x00
.long _sym_00bfd784
.byte 0x01, 0x00, 0x00, 0x00
.long _sym_00bfd794
.byte 0x00, 0x00, 0x00, 0x00, 0x00, 0x00, 0x00, 0x00, 0x00, 0x00, 0x00, 0x00, 0x01, 0x00, 0x00, 0x00
.byte 0x00, 0x00, 0x00, 0x00
.globl _sym_00bfd7d0
_sym_00bfd7d0:
.byte 0xfe, 0xff, 0xff, 0xff, 0x00, 0x00, 0x00, 0x00, 0xd8, 0xff, 0xff, 0xff, 0x00, 0x00, 0x00, 0x00
.byte 0xfe, 0xff, 0xff, 0xff
.long _sym_0094a1a9
.long _sym_0094a1bc
.globl _sym_00bfd7ec
_sym_00bfd7ec:
.byte 0xff, 0xff, 0xff, 0xff
.long _sym_00ad8060
.byte 0x00, 0x00, 0x00, 0x00
.long _sym_00ad8068
.byte 0x01, 0x00, 0x00, 0x00
.long _sym_00ad8073
.globl _sym_00bfd804
_sym_00bfd804:
.byte 0x22, 0x05, 0x93, 0x19, 0x03, 0x00, 0x00, 0x00
.long _sym_00bfd7ec
.byte 0x00, 0x00, 0x00, 0x00, 0x00, 0x00, 0x00, 0x00, 0x00, 0x00, 0x00, 0x00, 0x00, 0x00, 0x00, 0x00
.byte 0x00, 0x00, 0x00, 0x00, 0x01, 0x00, 0x00, 0x00
.globl _sym_00bfd828
_sym_00bfd828:
.byte 0xff, 0xff, 0xff, 0xff
.long _sym_00ad80a0
.byte 0x00, 0x00, 0x00, 0x00
.long _sym_00ad80a8
.globl _sym_00bfd838
_sym_00bfd838:
.byte 0x22, 0x05, 0x93, 0x19, 0x02, 0x00, 0x00, 0x00
.long _sym_00bfd828
.byte 0x00, 0x00, 0x00, 0x00, 0x00, 0x00, 0x00, 0x00, 0x00, 0x00, 0x00, 0x00, 0x00, 0x00, 0x00, 0x00
.byte 0x00, 0x00, 0x00, 0x00, 0x01, 0x00, 0x00, 0x00
.globl _sym_00bfd85c
_sym_00bfd85c:
.byte 0xff, 0xff, 0xff, 0xff
.long _sym_00ad80d0
.globl _sym_00bfd864
_sym_00bfd864:
.byte 0x22, 0x05, 0x93, 0x19, 0x01, 0x00, 0x00, 0x00
.long _sym_00bfd85c
.byte 0x00, 0x00, 0x00, 0x00, 0x00, 0x00, 0x00, 0x00, 0x00, 0x00, 0x00, 0x00, 0x00, 0x00, 0x00, 0x00
.byte 0x00, 0x00, 0x00, 0x00, 0x01, 0x00, 0x00, 0x00
.globl _sym_00bfd888
_sym_00bfd888:
.byte 0xff, 0xff, 0xff, 0xff
.long _sym_00ad8100
.byte 0x00, 0x00, 0x00, 0x00
.long _sym_00ad8108
.globl _sym_00bfd898
_sym_00bfd898:
.byte 0x22, 0x05, 0x93, 0x19, 0x02, 0x00, 0x00, 0x00
.long _sym_00bfd888
.byte 0x00, 0x00, 0x00, 0x00, 0x00, 0x00, 0x00, 0x00, 0x00, 0x00, 0x00, 0x00, 0x00, 0x00, 0x00, 0x00
.byte 0x00, 0x00, 0x00, 0x00, 0x01, 0x00, 0x00, 0x00
.globl _sym_00bfd8bc
_sym_00bfd8bc:
.byte 0xff, 0xff, 0xff, 0xff
.long _sym_00ad8130
.globl _sym_00bfd8c4
_sym_00bfd8c4:
.byte 0x22, 0x05, 0x93, 0x19, 0x01, 0x00, 0x00, 0x00
.long _sym_00bfd8bc
.byte 0x00, 0x00, 0x00, 0x00, 0x00, 0x00, 0x00, 0x00, 0x00, 0x00, 0x00, 0x00, 0x00, 0x00, 0x00, 0x00
.byte 0x00, 0x00, 0x00, 0x00, 0x01, 0x00, 0x00, 0x00
.globl _sym_00bfd8e8
_sym_00bfd8e8:
.byte 0xff, 0xff, 0xff, 0xff
.long _sym_00ad8160
.byte 0x00, 0x00, 0x00, 0x00
.long _sym_00ad8168
.globl _sym_00bfd8f8
_sym_00bfd8f8:
.byte 0x22, 0x05, 0x93, 0x19, 0x02, 0x00, 0x00, 0x00
.long _sym_00bfd8e8
.byte 0x00, 0x00, 0x00, 0x00, 0x00, 0x00, 0x00, 0x00, 0x00, 0x00, 0x00, 0x00, 0x00, 0x00, 0x00, 0x00
.byte 0x00, 0x00, 0x00, 0x00, 0x01, 0x00, 0x00, 0x00
.globl _sym_00bfd91c
_sym_00bfd91c:
.byte 0xff, 0xff, 0xff, 0xff
.long _sym_00ad81f0
.byte 0x00, 0x00, 0x00, 0x00
.long _sym_00ad81f8
.globl _sym_00bfd92c
_sym_00bfd92c:
.byte 0x22, 0x05, 0x93, 0x19, 0x02, 0x00, 0x00, 0x00
.long _sym_00bfd91c
.byte 0x00, 0x00, 0x00, 0x00, 0x00, 0x00, 0x00, 0x00, 0x00, 0x00, 0x00, 0x00, 0x00, 0x00, 0x00, 0x00
.byte 0x00, 0x00, 0x00, 0x00, 0x01, 0x00, 0x00, 0x00
.globl _sym_00bfd950
_sym_00bfd950:
.byte 0xff, 0xff, 0xff, 0xff
.long _sym_00ad8220
.byte 0x00, 0x00, 0x00, 0x00
.long _sym_00ad822b
.byte 0x00, 0x00, 0x00, 0x00
.long _sym_00ad8236
.byte 0xff, 0xff, 0xff, 0xff
.long _sym_00ad8241
.globl _sym_00bfd970
_sym_00bfd970:
.byte 0x22, 0x05, 0x93, 0x19, 0x04, 0x00, 0x00, 0x00
.long _sym_00bfd950
.byte 0x00, 0x00, 0x00, 0x00, 0x00, 0x00, 0x00, 0x00, 0x00, 0x00, 0x00, 0x00, 0x00, 0x00, 0x00, 0x00
.byte 0x00, 0x00, 0x00, 0x00, 0x01, 0x00, 0x00, 0x00
.globl _sym_00bfd994
_sym_00bfd994:
.byte 0xff, 0xff, 0xff, 0xff
.long _sym_00ad81c0
.globl _sym_00bfd99c
_sym_00bfd99c:
.byte 0x22, 0x05, 0x93, 0x19, 0x01, 0x00, 0x00, 0x00
.long _sym_00bfd994
.byte 0x00, 0x00, 0x00, 0x00, 0x00, 0x00, 0x00, 0x00, 0x00, 0x00, 0x00, 0x00, 0x00, 0x00, 0x00, 0x00
.byte 0x00, 0x00, 0x00, 0x00, 0x01, 0x00, 0x00, 0x00
.globl _sym_00bfd9c0
_sym_00bfd9c0:
.byte 0xff, 0xff, 0xff, 0xff
.long _sym_00ad8190
.globl _sym_00bfd9c8
_sym_00bfd9c8:
.byte 0x22, 0x05, 0x93, 0x19, 0x01, 0x00, 0x00, 0x00
.long _sym_00bfd9c0
.byte 0x00, 0x00, 0x00, 0x00, 0x00, 0x00, 0x00, 0x00, 0x00, 0x00, 0x00, 0x00, 0x00, 0x00, 0x00, 0x00
.byte 0x00, 0x00, 0x00, 0x00, 0x01, 0x00, 0x00, 0x00
.globl _sym_00bfd9ec
_sym_00bfd9ec:
.byte 0xff, 0xff, 0xff, 0xff
.long _sym_00ad8280
.globl _sym_00bfd9f4
_sym_00bfd9f4:
.byte 0x22, 0x05, 0x93, 0x19, 0x01, 0x00, 0x00, 0x00
.long _sym_00bfd9ec
.byte 0x00, 0x00, 0x00, 0x00, 0x00, 0x00, 0x00, 0x00, 0x00, 0x00, 0x00, 0x00, 0x00, 0x00, 0x00, 0x00
.byte 0x00, 0x00, 0x00, 0x00, 0x01, 0x00, 0x00, 0x00
.globl _sym_00bfda18
_sym_00bfda18:
.byte 0xff, 0xff, 0xff, 0xff
.long _sym_00ad82e0
.globl _sym_00bfda20
_sym_00bfda20:
.byte 0x22, 0x05, 0x93, 0x19, 0x01, 0x00, 0x00, 0x00
.long _sym_00bfda18
.byte 0x00, 0x00, 0x00, 0x00, 0x00, 0x00, 0x00, 0x00, 0x00, 0x00, 0x00, 0x00, 0x00, 0x00, 0x00, 0x00
.byte 0x00, 0x00, 0x00, 0x00, 0x01, 0x00, 0x00, 0x00
.globl _sym_00bfda44
_sym_00bfda44:
.byte 0xff, 0xff, 0xff, 0xff
.long _sym_00ad82b0
.byte 0x00, 0x00, 0x00, 0x00
.long _sym_00ad82b8
.globl _sym_00bfda54
_sym_00bfda54:
.byte 0x22, 0x05, 0x93, 0x19, 0x02, 0x00, 0x00, 0x00
.long _sym_00bfda44
.byte 0x00, 0x00, 0x00, 0x00, 0x00, 0x00, 0x00, 0x00, 0x00, 0x00, 0x00, 0x00, 0x00, 0x00, 0x00, 0x00
.byte 0x00, 0x00, 0x00, 0x00, 0x01, 0x00, 0x00, 0x00
.globl _sym_00bfda78
_sym_00bfda78:
.byte 0xff, 0xff, 0xff, 0xff
.long _sym_00ad8310
.globl _sym_00bfda80
_sym_00bfda80:
.byte 0x22, 0x05, 0x93, 0x19, 0x01, 0x00, 0x00, 0x00
.long _sym_00bfda78
.byte 0x00, 0x00, 0x00, 0x00, 0x00, 0x00, 0x00, 0x00, 0x00, 0x00, 0x00, 0x00, 0x00, 0x00, 0x00, 0x00
.byte 0x00, 0x00, 0x00, 0x00, 0x01, 0x00, 0x00, 0x00
.globl _sym_00bfdaa4
_sym_00bfdaa4:
.byte 0xff, 0xff, 0xff, 0xff
.long _sym_00ad8340
.byte 0x00, 0x00, 0x00, 0x00
.long _sym_00ad8348
.globl _sym_00bfdab4
_sym_00bfdab4:
.byte 0x22, 0x05, 0x93, 0x19, 0x02, 0x00, 0x00, 0x00
.long _sym_00bfdaa4
.byte 0x00, 0x00, 0x00, 0x00, 0x00, 0x00, 0x00, 0x00, 0x00, 0x00, 0x00, 0x00, 0x00, 0x00, 0x00, 0x00
.byte 0x00, 0x00, 0x00, 0x00, 0x01, 0x00, 0x00, 0x00
.globl _sym_00bfdad8
_sym_00bfdad8:
.byte 0xff, 0xff, 0xff, 0xff
.long _sym_00ad8380
.globl _sym_00bfdae0
_sym_00bfdae0:
.byte 0x22, 0x05, 0x93, 0x19, 0x01, 0x00, 0x00, 0x00
.long _sym_00bfdad8
.byte 0x00, 0x00, 0x00, 0x00, 0x00, 0x00, 0x00, 0x00, 0x00, 0x00, 0x00, 0x00, 0x00, 0x00, 0x00, 0x00
.byte 0x00, 0x00, 0x00, 0x00, 0x01, 0x00, 0x00, 0x00
.globl _sym_00bfdb04
_sym_00bfdb04:
.byte 0xff, 0xff, 0xff, 0xff
.long _sym_00ad8440
.globl _sym_00bfdb0c
_sym_00bfdb0c:
.byte 0x22, 0x05, 0x93, 0x19, 0x01, 0x00, 0x00, 0x00
.long _sym_00bfdb04
.byte 0x00, 0x00, 0x00, 0x00, 0x00, 0x00, 0x00, 0x00, 0x00, 0x00, 0x00, 0x00, 0x00, 0x00, 0x00, 0x00
.byte 0x00, 0x00, 0x00, 0x00, 0x01, 0x00, 0x00, 0x00
.globl _sym_00bfdb30
_sym_00bfdb30:
.byte 0xff, 0xff, 0xff, 0xff
.long _sym_00ad8410
.globl _sym_00bfdb38
_sym_00bfdb38:
.byte 0x22, 0x05, 0x93, 0x19, 0x01, 0x00, 0x00, 0x00
.long _sym_00bfdb30
.byte 0x00, 0x00, 0x00, 0x00, 0x00, 0x00, 0x00, 0x00, 0x00, 0x00, 0x00, 0x00, 0x00, 0x00, 0x00, 0x00
.byte 0x00, 0x00, 0x00, 0x00, 0x01, 0x00, 0x00, 0x00
.globl _sym_00bfdb5c
_sym_00bfdb5c:
.byte 0xff, 0xff, 0xff, 0xff
.long _sym_00ad8470
.globl _sym_00bfdb64
_sym_00bfdb64:
.byte 0x22, 0x05, 0x93, 0x19, 0x01, 0x00, 0x00, 0x00
.long _sym_00bfdb5c
.byte 0x00, 0x00, 0x00, 0x00, 0x00, 0x00, 0x00, 0x00, 0x00, 0x00, 0x00, 0x00, 0x00, 0x00, 0x00, 0x00
.byte 0x00, 0x00, 0x00, 0x00, 0x01, 0x00, 0x00, 0x00
.globl _sym_00bfdb88
_sym_00bfdb88:
.byte 0xff, 0xff, 0xff, 0xff
.long _sym_00ad83e0
.globl _sym_00bfdb90
_sym_00bfdb90:
.byte 0x22, 0x05, 0x93, 0x19, 0x01, 0x00, 0x00, 0x00
.long _sym_00bfdb88
.byte 0x00, 0x00, 0x00, 0x00, 0x00, 0x00, 0x00, 0x00, 0x00, 0x00, 0x00, 0x00, 0x00, 0x00, 0x00, 0x00
.byte 0x00, 0x00, 0x00, 0x00, 0x01, 0x00, 0x00, 0x00
.globl _sym_00bfdbb4
_sym_00bfdbb4:
.byte 0xff, 0xff, 0xff, 0xff
.long _sym_00ad83b0
.globl _sym_00bfdbbc
_sym_00bfdbbc:
.byte 0x22, 0x05, 0x93, 0x19, 0x01, 0x00, 0x00, 0x00
.long _sym_00bfdbb4
.byte 0x00, 0x00, 0x00, 0x00, 0x00, 0x00, 0x00, 0x00, 0x00, 0x00, 0x00, 0x00, 0x00, 0x00, 0x00, 0x00
.byte 0x00, 0x00, 0x00, 0x00, 0x01, 0x00, 0x00, 0x00
.globl _sym_00bfdbe0
_sym_00bfdbe0:
.byte 0x22, 0x05, 0x93, 0x19, 0x05, 0x00, 0x00, 0x00
.long _sym_00bfdc04
.byte 0x00, 0x00, 0x00, 0x00, 0x00, 0x00, 0x00, 0x00, 0x00, 0x00, 0x00, 0x00, 0x00, 0x00, 0x00, 0x00
.byte 0x00, 0x00, 0x00, 0x00, 0x01, 0x00, 0x00, 0x00
.globl _sym_00bfdc04
_sym_00bfdc04:
.byte 0xff, 0xff, 0xff, 0xff
.long _sym_00ad84a0
.byte 0x00, 0x00, 0x00, 0x00
.long _sym_00ad84a8
.byte 0x00, 0x00, 0x00, 0x00
.long _sym_00ad84b9
.byte 0x00, 0x00, 0x00, 0x00
.long _sym_00ad84ca
.byte 0x00, 0x00, 0x00, 0x00
.long _sym_00ad84db
.globl _sym_00bfdc2c
_sym_00bfdc2c:
.byte 0xff, 0xff, 0xff, 0xff
.long _sym_00ad8510
.globl _sym_00bfdc34
_sym_00bfdc34:
.byte 0x22, 0x05, 0x93, 0x19, 0x01, 0x00, 0x00, 0x00
.long _sym_00bfdc2c
.byte 0x00, 0x00, 0x00, 0x00, 0x00, 0x00, 0x00, 0x00, 0x00, 0x00, 0x00, 0x00, 0x00, 0x00, 0x00, 0x00
.byte 0x00, 0x00, 0x00, 0x00, 0x01, 0x00, 0x00, 0x00
.globl _sym_00bfdc58
_sym_00bfdc58:
.byte 0xff, 0xff, 0xff, 0xff
.long _sym_00ad8610
.globl _sym_00bfdc60
_sym_00bfdc60:
.byte 0x22, 0x05, 0x93, 0x19, 0x01, 0x00, 0x00, 0x00
.long _sym_00bfdc58
.byte 0x00, 0x00, 0x00, 0x00, 0x00, 0x00, 0x00, 0x00, 0x00, 0x00, 0x00, 0x00, 0x00, 0x00, 0x00, 0x00
.byte 0x00, 0x00, 0x00, 0x00, 0x01, 0x00, 0x00, 0x00
.globl _sym_00bfdc84
_sym_00bfdc84:
.byte 0xff, 0xff, 0xff, 0xff
.long _sym_00ad85a0
.globl _sym_00bfdc8c
_sym_00bfdc8c:
.byte 0x22, 0x05, 0x93, 0x19, 0x01, 0x00, 0x00, 0x00
.long _sym_00bfdc84
.byte 0x00, 0x00, 0x00, 0x00, 0x00, 0x00, 0x00, 0x00, 0x00, 0x00, 0x00, 0x00, 0x00, 0x00, 0x00, 0x00
.byte 0x00, 0x00, 0x00, 0x00, 0x01, 0x00, 0x00, 0x00
.globl _sym_00bfdcb0
_sym_00bfdcb0:
.byte 0xff, 0xff, 0xff, 0xff
.long _sym_00ad86d0
.globl _sym_00bfdcb8
_sym_00bfdcb8:
.byte 0x22, 0x05, 0x93, 0x19, 0x01, 0x00, 0x00, 0x00
.long _sym_00bfdcb0
.byte 0x00, 0x00, 0x00, 0x00, 0x00, 0x00, 0x00, 0x00, 0x00, 0x00, 0x00, 0x00, 0x00, 0x00, 0x00, 0x00
.byte 0x00, 0x00, 0x00, 0x00, 0x01, 0x00, 0x00, 0x00
.globl _sym_00bfdcdc
_sym_00bfdcdc:
.byte 0xff, 0xff, 0xff, 0xff
.long _sym_00ad8570
.globl _sym_00bfdce4
_sym_00bfdce4:
.byte 0x22, 0x05, 0x93, 0x19, 0x01, 0x00, 0x00, 0x00
.long _sym_00bfdcdc
.byte 0x00, 0x00, 0x00, 0x00, 0x00, 0x00, 0x00, 0x00, 0x00, 0x00, 0x00, 0x00, 0x00, 0x00, 0x00, 0x00
.byte 0x00, 0x00, 0x00, 0x00, 0x01, 0x00, 0x00, 0x00
.globl _sym_00bfdd08
_sym_00bfdd08:
.byte 0xff, 0xff, 0xff, 0xff
.long _sym_00ad86a0
.globl _sym_00bfdd10
_sym_00bfdd10:
.byte 0x22, 0x05, 0x93, 0x19, 0x01, 0x00, 0x00, 0x00
.long _sym_00bfdd08
.byte 0x00, 0x00, 0x00, 0x00, 0x00, 0x00, 0x00, 0x00, 0x00, 0x00, 0x00, 0x00, 0x00, 0x00, 0x00, 0x00
.byte 0x00, 0x00, 0x00, 0x00, 0x01, 0x00, 0x00, 0x00
.globl _sym_00bfdd34
_sym_00bfdd34:
.byte 0xff, 0xff, 0xff, 0xff
.long _sym_00ad85d0
.byte 0xff, 0xff, 0xff, 0xff
.long _sym_00ad85e1
.globl _sym_00bfdd44
_sym_00bfdd44:
.byte 0x22, 0x05, 0x93, 0x19, 0x02, 0x00, 0x00, 0x00
.long _sym_00bfdd34
.byte 0x00, 0x00, 0x00, 0x00, 0x00, 0x00, 0x00, 0x00, 0x00, 0x00, 0x00, 0x00, 0x00, 0x00, 0x00, 0x00
.byte 0x00, 0x00, 0x00, 0x00, 0x01, 0x00, 0x00, 0x00
.globl _sym_00bfdd68
_sym_00bfdd68:
.byte 0xff, 0xff, 0xff, 0xff
.long _sym_00ad8540
.globl _sym_00bfdd70
_sym_00bfdd70:
.byte 0x22, 0x05, 0x93, 0x19, 0x01, 0x00, 0x00, 0x00
.long _sym_00bfdd68
.byte 0x00, 0x00, 0x00, 0x00, 0x00, 0x00, 0x00, 0x00, 0x00, 0x00, 0x00, 0x00, 0x00, 0x00, 0x00, 0x00
.byte 0x00, 0x00, 0x00, 0x00, 0x01, 0x00, 0x00, 0x00
.globl _sym_00bfdd94
_sym_00bfdd94:
.byte 0xff, 0xff, 0xff, 0xff
.long _sym_00ad8640
.globl _sym_00bfdd9c
_sym_00bfdd9c:
.byte 0x22, 0x05, 0x93, 0x19, 0x01, 0x00, 0x00, 0x00
.long _sym_00bfdd94
.byte 0x00, 0x00, 0x00, 0x00, 0x00, 0x00, 0x00, 0x00, 0x00, 0x00, 0x00, 0x00, 0x00, 0x00, 0x00, 0x00
.byte 0x00, 0x00, 0x00, 0x00, 0x01, 0x00, 0x00, 0x00
.globl _sym_00bfddc0
_sym_00bfddc0:
.byte 0xff, 0xff, 0xff, 0xff
.long _sym_00ad8670
.globl _sym_00bfddc8
_sym_00bfddc8:
.byte 0x22, 0x05, 0x93, 0x19, 0x01, 0x00, 0x00, 0x00
.long _sym_00bfddc0
.byte 0x00, 0x00, 0x00, 0x00, 0x00, 0x00, 0x00, 0x00, 0x00, 0x00, 0x00, 0x00, 0x00, 0x00, 0x00, 0x00
.byte 0x00, 0x00, 0x00, 0x00, 0x01, 0x00, 0x00, 0x00
.globl _sym_00bfddec
_sym_00bfddec:
.byte 0xff, 0xff, 0xff, 0xff
.long _sym_00ad8800
.globl _sym_00bfddf4
_sym_00bfddf4:
.byte 0x22, 0x05, 0x93, 0x19, 0x01, 0x00, 0x00, 0x00
.long _sym_00bfddec
.byte 0x00, 0x00, 0x00, 0x00, 0x00, 0x00, 0x00, 0x00, 0x00, 0x00, 0x00, 0x00, 0x00, 0x00, 0x00, 0x00
.byte 0x00, 0x00, 0x00, 0x00, 0x01, 0x00, 0x00, 0x00
.globl _sym_00bfde18
_sym_00bfde18:
.byte 0xff, 0xff, 0xff, 0xff
.long _sym_00ad8830
.globl _sym_00bfde20
_sym_00bfde20:
.byte 0x22, 0x05, 0x93, 0x19, 0x01, 0x00, 0x00, 0x00
.long _sym_00bfde18
.byte 0x00, 0x00, 0x00, 0x00, 0x00, 0x00, 0x00, 0x00, 0x00, 0x00, 0x00, 0x00, 0x00, 0x00, 0x00, 0x00
.byte 0x00, 0x00, 0x00, 0x00, 0x01, 0x00, 0x00, 0x00
.globl _sym_00bfde44
_sym_00bfde44:
.byte 0xff, 0xff, 0xff, 0xff
.long _sym_00ad8700
.byte 0x00, 0x00, 0x00, 0x00
.long _sym_00ad8708
.byte 0x00, 0x00, 0x00, 0x00
.long _sym_00ad8719
.globl _sym_00bfde5c
_sym_00bfde5c:
.byte 0x22, 0x05, 0x93, 0x19, 0x03, 0x00, 0x00, 0x00
.long _sym_00bfde44
.byte 0x00, 0x00, 0x00, 0x00, 0x00, 0x00, 0x00, 0x00, 0x00, 0x00, 0x00, 0x00, 0x00, 0x00, 0x00, 0x00
.byte 0x00, 0x00, 0x00, 0x00, 0x01, 0x00, 0x00, 0x00
.globl _sym_00bfde80
_sym_00bfde80:
.byte 0xff, 0xff, 0xff, 0xff
.long _sym_00ad87a0
.globl _sym_00bfde88
_sym_00bfde88:
.byte 0x22, 0x05, 0x93, 0x19, 0x01, 0x00, 0x00, 0x00
.long _sym_00bfde80
.byte 0x00, 0x00, 0x00, 0x00, 0x00, 0x00, 0x00, 0x00, 0x00, 0x00, 0x00, 0x00, 0x00, 0x00, 0x00, 0x00
.byte 0x00, 0x00, 0x00, 0x00, 0x01, 0x00, 0x00, 0x00
.globl _sym_00bfdeac
_sym_00bfdeac:
.byte 0xff, 0xff, 0xff, 0xff
.long _sym_00ad8750
.byte 0x00, 0x00, 0x00, 0x00
.long _sym_00ad8758
.byte 0x00, 0x00, 0x00, 0x00
.long _sym_00ad8769
.globl _sym_00bfdec4
_sym_00bfdec4:
.byte 0x22, 0x05, 0x93, 0x19, 0x03, 0x00, 0x00, 0x00
.long _sym_00bfdeac
.byte 0x00, 0x00, 0x00, 0x00, 0x00, 0x00, 0x00, 0x00, 0x00, 0x00, 0x00, 0x00, 0x00, 0x00, 0x00, 0x00
.byte 0x00, 0x00, 0x00, 0x00, 0x01, 0x00, 0x00, 0x00
.globl _sym_00bfdee8
_sym_00bfdee8:
.byte 0xff, 0xff, 0xff, 0xff
.long _sym_00ad87d0
.globl _sym_00bfdef0
_sym_00bfdef0:
.byte 0x22, 0x05, 0x93, 0x19, 0x01, 0x00, 0x00, 0x00
.long _sym_00bfdee8
.byte 0x00, 0x00, 0x00, 0x00, 0x00, 0x00, 0x00, 0x00, 0x00, 0x00, 0x00, 0x00, 0x00, 0x00, 0x00, 0x00
.byte 0x00, 0x00, 0x00, 0x00, 0x01, 0x00, 0x00, 0x00
.globl _sym_00bfdf14
_sym_00bfdf14:
.byte 0xff, 0xff, 0xff, 0xff
.long _sym_00ad8860
.byte 0x00, 0x00, 0x00, 0x00
.long _sym_00ad8868
.byte 0x01, 0x00, 0x00, 0x00
.long _sym_00ad8873
.globl _sym_00bfdf2c
_sym_00bfdf2c:
.byte 0x22, 0x05, 0x93, 0x19, 0x03, 0x00, 0x00, 0x00
.long _sym_00bfdf14
.byte 0x00, 0x00, 0x00, 0x00, 0x00, 0x00, 0x00, 0x00, 0x00, 0x00, 0x00, 0x00, 0x00, 0x00, 0x00, 0x00
.byte 0x00, 0x00, 0x00, 0x00, 0x01, 0x00, 0x00, 0x00
.globl _sym_00bfdf50
_sym_00bfdf50:
.byte 0xff, 0xff, 0xff, 0xff
.long _sym_00ad88a0
.globl _sym_00bfdf58
_sym_00bfdf58:
.byte 0x22, 0x05, 0x93, 0x19, 0x01, 0x00, 0x00, 0x00
.long _sym_00bfdf50
.byte 0x00, 0x00, 0x00, 0x00, 0x00, 0x00, 0x00, 0x00, 0x00, 0x00, 0x00, 0x00, 0x00, 0x00, 0x00, 0x00
.byte 0x00, 0x00, 0x00, 0x00, 0x01, 0x00, 0x00, 0x00
.globl _sym_00bfdf7c
_sym_00bfdf7c:
.byte 0xff, 0xff, 0xff, 0xff
.long _sym_00ad8910
.globl _sym_00bfdf84
_sym_00bfdf84:
.byte 0x22, 0x05, 0x93, 0x19, 0x01, 0x00, 0x00, 0x00
.long _sym_00bfdf7c
.byte 0x00, 0x00, 0x00, 0x00, 0x00, 0x00, 0x00, 0x00, 0x00, 0x00, 0x00, 0x00, 0x00, 0x00, 0x00, 0x00
.byte 0x00, 0x00, 0x00, 0x00, 0x01, 0x00, 0x00, 0x00
.globl _sym_00bfdfa8
_sym_00bfdfa8:
.byte 0xff, 0xff, 0xff, 0xff
.long _sym_00ad88d0
.globl _sym_00bfdfb0
_sym_00bfdfb0:
.byte 0x22, 0x05, 0x93, 0x19, 0x01, 0x00, 0x00, 0x00
.long _sym_00bfdfa8
.byte 0x00, 0x00, 0x00, 0x00, 0x00, 0x00, 0x00, 0x00, 0x00, 0x00, 0x00, 0x00, 0x00, 0x00, 0x00, 0x00
.byte 0x00, 0x00, 0x00, 0x00, 0x01, 0x00, 0x00, 0x00
.globl _sym_00bfdfd4
_sym_00bfdfd4:
.byte 0xff, 0xff, 0xff, 0xff
.long _sym_00ad8c90
.globl _sym_00bfdfdc
_sym_00bfdfdc:
.byte 0x22, 0x05, 0x93, 0x19, 0x01, 0x00, 0x00, 0x00
.long _sym_00bfdfd4
.byte 0x00, 0x00, 0x00, 0x00, 0x00, 0x00, 0x00, 0x00, 0x00, 0x00, 0x00, 0x00, 0x00, 0x00, 0x00, 0x00
.byte 0x00, 0x00, 0x00, 0x00, 0x01, 0x00, 0x00, 0x00
.globl _sym_00bfe000
_sym_00bfe000:
.byte 0xff, 0xff, 0xff, 0xff
.long _sym_00ad8940
.globl _sym_00bfe008
_sym_00bfe008:
.byte 0x22, 0x05, 0x93, 0x19, 0x01, 0x00, 0x00, 0x00
.long _sym_00bfe000
.byte 0x00, 0x00, 0x00, 0x00, 0x00, 0x00, 0x00, 0x00, 0x00, 0x00, 0x00, 0x00, 0x00, 0x00, 0x00, 0x00
.byte 0x00, 0x00, 0x00, 0x00, 0x01, 0x00, 0x00, 0x00
.globl _sym_00bfe02c
_sym_00bfe02c:
.byte 0xff, 0xff, 0xff, 0xff
.long _sym_00ad89e0
.globl _sym_00bfe034
_sym_00bfe034:
.byte 0x22, 0x05, 0x93, 0x19, 0x01, 0x00, 0x00, 0x00
.long _sym_00bfe02c
.byte 0x00, 0x00, 0x00, 0x00, 0x00, 0x00, 0x00, 0x00, 0x00, 0x00, 0x00, 0x00, 0x00, 0x00, 0x00, 0x00
.byte 0x00, 0x00, 0x00, 0x00, 0x01, 0x00, 0x00, 0x00
.globl _sym_00bfe058
_sym_00bfe058:
.byte 0xff, 0xff, 0xff, 0xff
.long _sym_00ad8af0
.byte 0xff, 0xff, 0xff, 0xff
.long _sym_00ad8afb
.globl _sym_00bfe068
_sym_00bfe068:
.byte 0x22, 0x05, 0x93, 0x19, 0x02, 0x00, 0x00, 0x00
.long _sym_00bfe058
.byte 0x00, 0x00, 0x00, 0x00, 0x00, 0x00, 0x00, 0x00, 0x00, 0x00, 0x00, 0x00, 0x00, 0x00, 0x00, 0x00
.byte 0x00, 0x00, 0x00, 0x00, 0x01, 0x00, 0x00, 0x00
.globl _sym_00bfe08c
_sym_00bfe08c:
.byte 0xff, 0xff, 0xff, 0xff
.long _sym_00ad8be0
.globl _sym_00bfe094
_sym_00bfe094:
.byte 0x22, 0x05, 0x93, 0x19, 0x01, 0x00, 0x00, 0x00
.long _sym_00bfe08c
.byte 0x00, 0x00, 0x00, 0x00, 0x00, 0x00, 0x00, 0x00, 0x00, 0x00, 0x00, 0x00, 0x00, 0x00, 0x00, 0x00
.byte 0x00, 0x00, 0x00, 0x00, 0x01, 0x00, 0x00, 0x00
.globl _sym_00bfe0b8
_sym_00bfe0b8:
.byte 0xff, 0xff, 0xff, 0xff
.long _sym_00ad8ab0
.globl _sym_00bfe0c0
_sym_00bfe0c0:
.byte 0x22, 0x05, 0x93, 0x19, 0x01, 0x00, 0x00, 0x00
.long _sym_00bfe0b8
.byte 0x00, 0x00, 0x00, 0x00, 0x00, 0x00, 0x00, 0x00, 0x00, 0x00, 0x00, 0x00, 0x00, 0x00, 0x00, 0x00
.byte 0x00, 0x00, 0x00, 0x00, 0x01, 0x00, 0x00, 0x00
.globl _sym_00bfe0e4
_sym_00bfe0e4:
.byte 0xff, 0xff, 0xff, 0xff
.long _sym_00ad8a80
.globl _sym_00bfe0ec
_sym_00bfe0ec:
.byte 0x22, 0x05, 0x93, 0x19, 0x01, 0x00, 0x00, 0x00
.long _sym_00bfe0e4
.byte 0x00, 0x00, 0x00, 0x00, 0x00, 0x00, 0x00, 0x00, 0x00, 0x00, 0x00, 0x00, 0x00, 0x00, 0x00, 0x00
.byte 0x00, 0x00, 0x00, 0x00, 0x01, 0x00, 0x00, 0x00
.globl _sym_00bfe110
_sym_00bfe110:
.byte 0xff, 0xff, 0xff, 0xff
.long _sym_00ad8a40
.globl _sym_00bfe118
_sym_00bfe118:
.byte 0x22, 0x05, 0x93, 0x19, 0x01, 0x00, 0x00, 0x00
.long _sym_00bfe110
.byte 0x00, 0x00, 0x00, 0x00, 0x00, 0x00, 0x00, 0x00, 0x00, 0x00, 0x00, 0x00, 0x00, 0x00, 0x00, 0x00
.byte 0x00, 0x00, 0x00, 0x00, 0x01, 0x00, 0x00, 0x00
.globl _sym_00bfe13c
_sym_00bfe13c:
.byte 0x22, 0x05, 0x93, 0x19, 0x06, 0x00, 0x00, 0x00
.long _sym_00bfe160
.byte 0x00, 0x00, 0x00, 0x00, 0x00, 0x00, 0x00, 0x00, 0x00, 0x00, 0x00, 0x00, 0x00, 0x00, 0x00, 0x00
.byte 0x00, 0x00, 0x00, 0x00, 0x01, 0x00, 0x00, 0x00
.globl _sym_00bfe160
_sym_00bfe160:
.byte 0xff, 0xff, 0xff, 0xff
.long _sym_00ad8c20
.byte 0x00, 0x00, 0x00, 0x00
.long _sym_00ad8c2b
.byte 0x01, 0x00, 0x00, 0x00
.long _sym_00ad8c36
.byte 0x00, 0x00, 0x00, 0x00
.long _sym_00ad8c41
.byte 0x00, 0x00, 0x00, 0x00
.long _sym_00ad8c4c
.byte 0x00, 0x00, 0x00, 0x00
.long _sym_00ad8c57
.globl _sym_00bfe190
_sym_00bfe190:
.byte 0x22, 0x05, 0x93, 0x19, 0x06, 0x00, 0x00, 0x00
.long _sym_00bfe1b4
.byte 0x00, 0x00, 0x00, 0x00, 0x00, 0x00, 0x00, 0x00, 0x00, 0x00, 0x00, 0x00, 0x00, 0x00, 0x00, 0x00
.byte 0x00, 0x00, 0x00, 0x00, 0x01, 0x00, 0x00, 0x00
.globl _sym_00bfe1b4
_sym_00bfe1b4:
.byte 0xff, 0xff, 0xff, 0xff
.long _sym_00ad8b30
.byte 0x00, 0x00, 0x00, 0x00
.long _sym_00ad8b3b
.byte 0x01, 0x00, 0x00, 0x00
.long _sym_00ad8b46
.byte 0xff, 0xff, 0xff, 0xff
.long _sym_00ad8b51
.byte 0xff, 0xff, 0xff, 0xff
.long _sym_00ad8b5c
.byte 0xff, 0xff, 0xff, 0xff
.long _sym_00ad8b67
.globl _sym_00bfe1e4
_sym_00bfe1e4:
.byte 0xff, 0xff, 0xff, 0xff
.long _sym_00ad8ba0
.globl _sym_00bfe1ec
_sym_00bfe1ec:
.byte 0x22, 0x05, 0x93, 0x19, 0x01, 0x00, 0x00, 0x00
.long _sym_00bfe1e4
.byte 0x00, 0x00, 0x00, 0x00, 0x00, 0x00, 0x00, 0x00, 0x00, 0x00, 0x00, 0x00, 0x00, 0x00, 0x00, 0x00
.byte 0x00, 0x00, 0x00, 0x00, 0x01, 0x00, 0x00, 0x00
.globl _sym_00bfe210
_sym_00bfe210:
.byte 0xff, 0xff, 0xff, 0xff
.long _sym_00ad89b0
.globl _sym_00bfe218
_sym_00bfe218:
.byte 0x22, 0x05, 0x93, 0x19, 0x01, 0x00, 0x00, 0x00
.long _sym_00bfe210
.byte 0x00, 0x00, 0x00, 0x00, 0x00, 0x00, 0x00, 0x00, 0x00, 0x00, 0x00, 0x00, 0x00, 0x00, 0x00, 0x00
.byte 0x00, 0x00, 0x00, 0x00, 0x01, 0x00, 0x00, 0x00
.globl _sym_00bfe23c
_sym_00bfe23c:
.byte 0xff, 0xff, 0xff, 0xff
.long _sym_00ad8a10
.globl _sym_00bfe244
_sym_00bfe244:
.byte 0x22, 0x05, 0x93, 0x19, 0x01, 0x00, 0x00, 0x00
.long _sym_00bfe23c
.byte 0x00, 0x00, 0x00, 0x00, 0x00, 0x00, 0x00, 0x00, 0x00, 0x00, 0x00, 0x00, 0x00, 0x00, 0x00, 0x00
.byte 0x00, 0x00, 0x00, 0x00, 0x01, 0x00, 0x00, 0x00
.globl _sym_00bfe268
_sym_00bfe268:
.byte 0xff, 0xff, 0xff, 0xff
.long _sym_00ad8970
.byte 0x00, 0x00, 0x00, 0x00
.long _sym_00ad8978
.byte 0x01, 0x00, 0x00, 0x00
.long _sym_00ad8983
.globl _sym_00bfe280
_sym_00bfe280:
.byte 0x22, 0x05, 0x93, 0x19, 0x03, 0x00, 0x00, 0x00
.long _sym_00bfe268
.byte 0x00, 0x00, 0x00, 0x00, 0x00, 0x00, 0x00, 0x00, 0x00, 0x00, 0x00, 0x00, 0x00, 0x00, 0x00, 0x00
.byte 0x00, 0x00, 0x00, 0x00, 0x01, 0x00, 0x00, 0x00
.globl _sym_00bfe2a4
_sym_00bfe2a4:
.byte 0xff, 0xff, 0xff, 0xff
.long _sym_00ad8d00
.globl _sym_00bfe2ac
_sym_00bfe2ac:
.byte 0x22, 0x05, 0x93, 0x19, 0x01, 0x00, 0x00, 0x00
.long _sym_00bfe2a4
.byte 0x00, 0x00, 0x00, 0x00, 0x00, 0x00, 0x00, 0x00, 0x00, 0x00, 0x00, 0x00, 0x00, 0x00, 0x00, 0x00
.byte 0x00, 0x00, 0x00, 0x00, 0x01, 0x00, 0x00, 0x00
.globl _sym_00bfe2d0
_sym_00bfe2d0:
.byte 0xff, 0xff, 0xff, 0xff
.long _sym_00ad8cc0
.byte 0x00, 0x00, 0x00, 0x00
.long _sym_00ad8cc8
.globl _sym_00bfe2e0
_sym_00bfe2e0:
.byte 0x22, 0x05, 0x93, 0x19, 0x02, 0x00, 0x00, 0x00
.long _sym_00bfe2d0
.byte 0x00, 0x00, 0x00, 0x00, 0x00, 0x00, 0x00, 0x00, 0x00, 0x00, 0x00, 0x00, 0x00, 0x00, 0x00, 0x00
.byte 0x00, 0x00, 0x00, 0x00, 0x01, 0x00, 0x00, 0x00
.globl _sym_00bfe304
_sym_00bfe304:
.byte 0xff, 0xff, 0xff, 0xff
.long _sym_00ad8d30
.globl _sym_00bfe30c
_sym_00bfe30c:
.byte 0x22, 0x05, 0x93, 0x19, 0x01, 0x00, 0x00, 0x00
.long _sym_00bfe304
.byte 0x00, 0x00, 0x00, 0x00, 0x00, 0x00, 0x00, 0x00, 0x00, 0x00, 0x00, 0x00, 0x00, 0x00, 0x00, 0x00
.byte 0x00, 0x00, 0x00, 0x00, 0x01, 0x00, 0x00, 0x00
.globl _sym_00bfe330
_sym_00bfe330:
.byte 0xff, 0xff, 0xff, 0xff
.long _sym_00ad8d60
.globl _sym_00bfe338
_sym_00bfe338:
.byte 0x22, 0x05, 0x93, 0x19, 0x01, 0x00, 0x00, 0x00
.long _sym_00bfe330
.byte 0x00, 0x00, 0x00, 0x00, 0x00, 0x00, 0x00, 0x00, 0x00, 0x00, 0x00, 0x00, 0x00, 0x00, 0x00, 0x00
.byte 0x00, 0x00, 0x00, 0x00, 0x01, 0x00, 0x00, 0x00
.globl _sym_00bfe35c
_sym_00bfe35c:
.byte 0xff, 0xff, 0xff, 0xff
.long _sym_00ad8d90
.globl _sym_00bfe364
_sym_00bfe364:
.byte 0x22, 0x05, 0x93, 0x19, 0x01, 0x00, 0x00, 0x00
.long _sym_00bfe35c
.byte 0x00, 0x00, 0x00, 0x00, 0x00, 0x00, 0x00, 0x00, 0x00, 0x00, 0x00, 0x00, 0x00, 0x00, 0x00, 0x00
.byte 0x00, 0x00, 0x00, 0x00, 0x01, 0x00, 0x00, 0x00
.globl _sym_00bfe388
_sym_00bfe388:
.byte 0xff, 0xff, 0xff, 0xff
.long _sym_00ad8df0
.globl _sym_00bfe390
_sym_00bfe390:
.byte 0x22, 0x05, 0x93, 0x19, 0x01, 0x00, 0x00, 0x00
.long _sym_00bfe388
.byte 0x00, 0x00, 0x00, 0x00, 0x00, 0x00, 0x00, 0x00, 0x00, 0x00, 0x00, 0x00, 0x00, 0x00, 0x00, 0x00
.byte 0x00, 0x00, 0x00, 0x00, 0x01, 0x00, 0x00, 0x00
.globl _sym_00bfe3b4
_sym_00bfe3b4:
.byte 0xff, 0xff, 0xff, 0xff
.long _sym_00ad8e20
.globl _sym_00bfe3bc
_sym_00bfe3bc:
.byte 0x22, 0x05, 0x93, 0x19, 0x01, 0x00, 0x00, 0x00
.long _sym_00bfe3b4
.byte 0x00, 0x00, 0x00, 0x00, 0x00, 0x00, 0x00, 0x00, 0x00, 0x00, 0x00, 0x00, 0x00, 0x00, 0x00, 0x00
.byte 0x00, 0x00, 0x00, 0x00, 0x01, 0x00, 0x00, 0x00
.globl _sym_00bfe3e0
_sym_00bfe3e0:
.byte 0xff, 0xff, 0xff, 0xff
.long _sym_00ad8e90
.globl _sym_00bfe3e8
_sym_00bfe3e8:
.byte 0x22, 0x05, 0x93, 0x19, 0x01, 0x00, 0x00, 0x00
.long _sym_00bfe3e0
.byte 0x00, 0x00, 0x00, 0x00, 0x00, 0x00, 0x00, 0x00, 0x00, 0x00, 0x00, 0x00, 0x00, 0x00, 0x00, 0x00
.byte 0x00, 0x00, 0x00, 0x00, 0x01, 0x00, 0x00, 0x00
.globl _sym_00bfe40c
_sym_00bfe40c:
.byte 0xff, 0xff, 0xff, 0xff
.long _sym_00ad8dc0
.globl _sym_00bfe414
_sym_00bfe414:
.byte 0x22, 0x05, 0x93, 0x19, 0x01, 0x00, 0x00, 0x00
.long _sym_00bfe40c
.byte 0x00, 0x00, 0x00, 0x00, 0x00, 0x00, 0x00, 0x00, 0x00, 0x00, 0x00, 0x00, 0x00, 0x00, 0x00, 0x00
.byte 0x00, 0x00, 0x00, 0x00, 0x01, 0x00, 0x00, 0x00
.globl _sym_00bfe438
_sym_00bfe438:
.byte 0xff, 0xff, 0xff, 0xff
.long _sym_00ad8e50
.globl _sym_00bfe440
_sym_00bfe440:
.byte 0x22, 0x05, 0x93, 0x19, 0x01, 0x00, 0x00, 0x00
.long _sym_00bfe438
.byte 0x00, 0x00, 0x00, 0x00, 0x00, 0x00, 0x00, 0x00, 0x00, 0x00, 0x00, 0x00, 0x00, 0x00, 0x00, 0x00
.byte 0x00, 0x00, 0x00, 0x00, 0x01, 0x00, 0x00, 0x00
.globl _sym_00bfe464
_sym_00bfe464:
.byte 0xff, 0xff, 0xff, 0xff
.long _sym_00ad8ec0
.globl _sym_00bfe46c
_sym_00bfe46c:
.byte 0x22, 0x05, 0x93, 0x19, 0x01, 0x00, 0x00, 0x00
.long _sym_00bfe464
.byte 0x00, 0x00, 0x00, 0x00, 0x00, 0x00, 0x00, 0x00, 0x00, 0x00, 0x00, 0x00, 0x00, 0x00, 0x00, 0x00
.byte 0x00, 0x00, 0x00, 0x00, 0x01, 0x00, 0x00, 0x00
.globl _sym_00bfe490
_sym_00bfe490:
.byte 0xff, 0xff, 0xff, 0xff
.long _sym_00ad8ef0
.globl _sym_00bfe498
_sym_00bfe498:
.byte 0x22, 0x05, 0x93, 0x19, 0x01, 0x00, 0x00, 0x00
.long _sym_00bfe490
.byte 0x00, 0x00, 0x00, 0x00, 0x00, 0x00, 0x00, 0x00, 0x00, 0x00, 0x00, 0x00, 0x00, 0x00, 0x00, 0x00
.byte 0x00, 0x00, 0x00, 0x00, 0x01, 0x00, 0x00, 0x00
.globl _sym_00bfe4bc
_sym_00bfe4bc:
.byte 0xff, 0xff, 0xff, 0xff
.long _sym_00ad8f30
.globl _sym_00bfe4c4
_sym_00bfe4c4:
.byte 0x22, 0x05, 0x93, 0x19, 0x01, 0x00, 0x00, 0x00
.long _sym_00bfe4bc
.byte 0x00, 0x00, 0x00, 0x00, 0x00, 0x00, 0x00, 0x00, 0x00, 0x00, 0x00, 0x00, 0x00, 0x00, 0x00, 0x00
.byte 0x00, 0x00, 0x00, 0x00, 0x01, 0x00, 0x00, 0x00
.globl _sym_00bfe4e8
_sym_00bfe4e8:
.byte 0xff, 0xff, 0xff, 0xff
.long _sym_00ad8f60
.byte 0x00, 0x00, 0x00, 0x00
.long _sym_00ad8f6b
.byte 0x01, 0x00, 0x00, 0x00
.long _sym_00ad8f76
.byte 0x02, 0x00, 0x00, 0x00
.long _sym_00ad8f81
.globl _sym_00bfe508
_sym_00bfe508:
.byte 0x22, 0x05, 0x93, 0x19, 0x04, 0x00, 0x00, 0x00
.long _sym_00bfe4e8
.byte 0x00, 0x00, 0x00, 0x00, 0x00, 0x00, 0x00, 0x00, 0x00, 0x00, 0x00, 0x00, 0x00, 0x00, 0x00, 0x00
.byte 0x00, 0x00, 0x00, 0x00, 0x01, 0x00, 0x00, 0x00
.globl _sym_00bfe52c
_sym_00bfe52c:
.byte 0xff, 0xff, 0xff, 0xff
.long _sym_00ad8fb0
.byte 0xff, 0xff, 0xff, 0xff
.long _sym_00ad8fb8
.globl _sym_00bfe53c
_sym_00bfe53c:
.byte 0x22, 0x05, 0x93, 0x19, 0x02, 0x00, 0x00, 0x00
.long _sym_00bfe52c
.byte 0x00, 0x00, 0x00, 0x00, 0x00, 0x00, 0x00, 0x00, 0x00, 0x00, 0x00, 0x00, 0x00, 0x00, 0x00, 0x00
.byte 0x00, 0x00, 0x00, 0x00, 0x01, 0x00, 0x00, 0x00
.globl _sym_00bfe560
_sym_00bfe560:
.byte 0xff, 0xff, 0xff, 0xff
.long _sym_00ad8fe0
.globl _sym_00bfe568
_sym_00bfe568:
.byte 0x22, 0x05, 0x93, 0x19, 0x01, 0x00, 0x00, 0x00
.long _sym_00bfe560
.byte 0x00, 0x00, 0x00, 0x00, 0x00, 0x00, 0x00, 0x00, 0x00, 0x00, 0x00, 0x00, 0x00, 0x00, 0x00, 0x00
.byte 0x00, 0x00, 0x00, 0x00, 0x01, 0x00, 0x00, 0x00
.globl _sym_00bfe58c
_sym_00bfe58c:
.byte 0xff, 0xff, 0xff, 0xff
.long _sym_00ad90e0
.byte 0x00, 0x00, 0x00, 0x00
.long _sym_00ad90eb
.globl _sym_00bfe59c
_sym_00bfe59c:
.byte 0x22, 0x05, 0x93, 0x19, 0x02, 0x00, 0x00, 0x00
.long _sym_00bfe58c
.byte 0x00, 0x00, 0x00, 0x00, 0x00, 0x00, 0x00, 0x00, 0x00, 0x00, 0x00, 0x00, 0x00, 0x00, 0x00, 0x00
.byte 0x00, 0x00, 0x00, 0x00, 0x01, 0x00, 0x00, 0x00
.globl _sym_00bfe5c0
_sym_00bfe5c0:
.byte 0x22, 0x05, 0x93, 0x19, 0x06, 0x00, 0x00, 0x00
.long _sym_00bfe5e4
.byte 0x00, 0x00, 0x00, 0x00, 0x00, 0x00, 0x00, 0x00, 0x00, 0x00, 0x00, 0x00, 0x00, 0x00, 0x00, 0x00
.byte 0x00, 0x00, 0x00, 0x00, 0x01, 0x00, 0x00, 0x00
.globl _sym_00bfe5e4
_sym_00bfe5e4:
.byte 0xff, 0xff, 0xff, 0xff
.long _sym_00ad9070
.byte 0x00, 0x00, 0x00, 0x00
.long _sym_00ad907b
.byte 0x01, 0x00, 0x00, 0x00
.long _sym_00ad9086
.byte 0xff, 0xff, 0xff, 0xff
.long _sym_00ad9091
.byte 0x03, 0x00, 0x00, 0x00
.long _sym_00ad909c
.byte 0x04, 0x00, 0x00, 0x00
.long _sym_00ad90a7
.globl _sym_00bfe614
_sym_00bfe614:
.byte 0xff, 0xff, 0xff, 0xff
.long _sym_00ad9040
.globl _sym_00bfe61c
_sym_00bfe61c:
.byte 0x22, 0x05, 0x93, 0x19, 0x01, 0x00, 0x00, 0x00
.long _sym_00bfe614
.byte 0x00, 0x00, 0x00, 0x00, 0x00, 0x00, 0x00, 0x00, 0x00, 0x00, 0x00, 0x00, 0x00, 0x00, 0x00, 0x00
.byte 0x00, 0x00, 0x00, 0x00, 0x01, 0x00, 0x00, 0x00
.globl _sym_00bfe640
_sym_00bfe640:
.byte 0xff, 0xff, 0xff, 0xff
.long _sym_00ad9010
.globl _sym_00bfe648
_sym_00bfe648:
.byte 0x22, 0x05, 0x93, 0x19, 0x01, 0x00, 0x00, 0x00
.long _sym_00bfe640
.byte 0x00, 0x00, 0x00, 0x00, 0x00, 0x00, 0x00, 0x00, 0x00, 0x00, 0x00, 0x00, 0x00, 0x00, 0x00, 0x00
.byte 0x00, 0x00, 0x00, 0x00, 0x01, 0x00, 0x00, 0x00
.globl _sym_00bfe66c
_sym_00bfe66c:
.byte 0xff, 0xff, 0xff, 0xff
.long _sym_00ad9150
.globl _sym_00bfe674
_sym_00bfe674:
.byte 0x22, 0x05, 0x93, 0x19, 0x01, 0x00, 0x00, 0x00
.long _sym_00bfe66c
.byte 0x00, 0x00, 0x00, 0x00, 0x00, 0x00, 0x00, 0x00, 0x00, 0x00, 0x00, 0x00, 0x00, 0x00, 0x00, 0x00
.byte 0x00, 0x00, 0x00, 0x00, 0x01, 0x00, 0x00, 0x00
.globl _sym_00bfe698
_sym_00bfe698:
.byte 0xff, 0xff, 0xff, 0xff
.long _sym_00ad91b0
.globl _sym_00bfe6a0
_sym_00bfe6a0:
.byte 0x22, 0x05, 0x93, 0x19, 0x01, 0x00, 0x00, 0x00
.long _sym_00bfe698
.byte 0x00, 0x00, 0x00, 0x00, 0x00, 0x00, 0x00, 0x00, 0x00, 0x00, 0x00, 0x00, 0x00, 0x00, 0x00, 0x00
.byte 0x00, 0x00, 0x00, 0x00, 0x01, 0x00, 0x00, 0x00
.globl _sym_00bfe6c4
_sym_00bfe6c4:
.byte 0xff, 0xff, 0xff, 0xff
.long _sym_00ad92e0
.globl _sym_00bfe6cc
_sym_00bfe6cc:
.byte 0x22, 0x05, 0x93, 0x19, 0x01, 0x00, 0x00, 0x00
.long _sym_00bfe6c4
.byte 0x00, 0x00, 0x00, 0x00, 0x00, 0x00, 0x00, 0x00, 0x00, 0x00, 0x00, 0x00, 0x00, 0x00, 0x00, 0x00
.byte 0x00, 0x00, 0x00, 0x00, 0x01, 0x00, 0x00, 0x00
.globl _sym_00bfe6f0
_sym_00bfe6f0:
.byte 0xff, 0xff, 0xff, 0xff
.long _sym_00ad9210
.globl _sym_00bfe6f8
_sym_00bfe6f8:
.byte 0x22, 0x05, 0x93, 0x19, 0x01, 0x00, 0x00, 0x00
.long _sym_00bfe6f0
.byte 0x00, 0x00, 0x00, 0x00, 0x00, 0x00, 0x00, 0x00, 0x00, 0x00, 0x00, 0x00, 0x00, 0x00, 0x00, 0x00
.byte 0x00, 0x00, 0x00, 0x00, 0x01, 0x00, 0x00, 0x00
.globl _sym_00bfe71c
_sym_00bfe71c:
.byte 0xff, 0xff, 0xff, 0xff
.long _sym_00ad9120
.byte 0x00, 0x00, 0x00, 0x00
.long _sym_00ad9128
.globl _sym_00bfe72c
_sym_00bfe72c:
.byte 0x22, 0x05, 0x93, 0x19, 0x02, 0x00, 0x00, 0x00
.long _sym_00bfe71c
.byte 0x00, 0x00, 0x00, 0x00, 0x00, 0x00, 0x00, 0x00, 0x00, 0x00, 0x00, 0x00, 0x00, 0x00, 0x00, 0x00
.byte 0x00, 0x00, 0x00, 0x00, 0x01, 0x00, 0x00, 0x00
.globl _sym_00bfe750
_sym_00bfe750:
.byte 0xff, 0xff, 0xff, 0xff
.long _sym_00ad9180
.byte 0x00, 0x00, 0x00, 0x00
.long _sym_00ad9188
.globl _sym_00bfe760
_sym_00bfe760:
.byte 0x22, 0x05, 0x93, 0x19, 0x02, 0x00, 0x00, 0x00
.long _sym_00bfe750
.byte 0x00, 0x00, 0x00, 0x00, 0x00, 0x00, 0x00, 0x00, 0x00, 0x00, 0x00, 0x00, 0x00, 0x00, 0x00, 0x00
.byte 0x00, 0x00, 0x00, 0x00, 0x01, 0x00, 0x00, 0x00
.globl _sym_00bfe784
_sym_00bfe784:
.byte 0xff, 0xff, 0xff, 0xff
.long _sym_00ad9240
.globl _sym_00bfe78c
_sym_00bfe78c:
.byte 0x22, 0x05, 0x93, 0x19, 0x01, 0x00, 0x00, 0x00
.long _sym_00bfe784
.byte 0x00, 0x00, 0x00, 0x00, 0x00, 0x00, 0x00, 0x00, 0x00, 0x00, 0x00, 0x00, 0x00, 0x00, 0x00, 0x00
.byte 0x00, 0x00, 0x00, 0x00, 0x01, 0x00, 0x00, 0x00
.globl _sym_00bfe7b0
_sym_00bfe7b0:
.byte 0xff, 0xff, 0xff, 0xff
.long _sym_00ad91e0
.byte 0x00, 0x00, 0x00, 0x00
.long _sym_00ad91e8
.globl _sym_00bfe7c0
_sym_00bfe7c0:
.byte 0x22, 0x05, 0x93, 0x19, 0x02, 0x00, 0x00, 0x00
.long _sym_00bfe7b0
.byte 0x00, 0x00, 0x00, 0x00, 0x00, 0x00, 0x00, 0x00, 0x00, 0x00, 0x00, 0x00, 0x00, 0x00, 0x00, 0x00
.byte 0x00, 0x00, 0x00, 0x00, 0x01, 0x00, 0x00, 0x00
.globl _sym_00bfe7e4
_sym_00bfe7e4:
.byte 0xff, 0xff, 0xff, 0xff
.long _sym_00ad9280
.byte 0x00, 0x00, 0x00, 0x00
.long _sym_00ad928b
.byte 0x01, 0x00, 0x00, 0x00
.long _sym_00ad9296
.byte 0x02, 0x00, 0x00, 0x00
.long _sym_00ad92a1
.globl _sym_00bfe804
_sym_00bfe804:
.byte 0x22, 0x05, 0x93, 0x19, 0x04, 0x00, 0x00, 0x00
.long _sym_00bfe7e4
.byte 0x00, 0x00, 0x00, 0x00, 0x00, 0x00, 0x00, 0x00, 0x00, 0x00, 0x00, 0x00, 0x00, 0x00, 0x00, 0x00
.byte 0x00, 0x00, 0x00, 0x00, 0x01, 0x00, 0x00, 0x00
.globl _sym_00bfe828
_sym_00bfe828:
.byte 0xff, 0xff, 0xff, 0xff
.long _sym_00ad9350
.byte 0x00, 0x00, 0x00, 0x00
.long _sym_00ad9358
.globl _sym_00bfe838
_sym_00bfe838:
.byte 0x22, 0x05, 0x93, 0x19, 0x02, 0x00, 0x00, 0x00
.long _sym_00bfe828
.byte 0x00, 0x00, 0x00, 0x00, 0x00, 0x00, 0x00, 0x00, 0x00, 0x00, 0x00, 0x00, 0x00, 0x00, 0x00, 0x00
.byte 0x00, 0x00, 0x00, 0x00, 0x01, 0x00, 0x00, 0x00
.globl _sym_00bfe85c
_sym_00bfe85c:
.byte 0xff, 0xff, 0xff, 0xff
.long _sym_00ad9380
.byte 0x00, 0x00, 0x00, 0x00
.long _sym_00ad9388
.globl _sym_00bfe86c
_sym_00bfe86c:
.byte 0x22, 0x05, 0x93, 0x19, 0x02, 0x00, 0x00, 0x00
.long _sym_00bfe85c
.byte 0x00, 0x00, 0x00, 0x00, 0x00, 0x00, 0x00, 0x00, 0x00, 0x00, 0x00, 0x00, 0x00, 0x00, 0x00, 0x00
.byte 0x00, 0x00, 0x00, 0x00, 0x01, 0x00, 0x00, 0x00
.globl _sym_00bfe890
_sym_00bfe890:
.byte 0xff, 0xff, 0xff, 0xff
.long _sym_00ad93b0
.byte 0xff, 0xff, 0xff, 0xff
.long _sym_00ad93bb
.globl _sym_00bfe8a0
_sym_00bfe8a0:
.byte 0x22, 0x05, 0x93, 0x19, 0x02, 0x00, 0x00, 0x00
.long _sym_00bfe890
.byte 0x00, 0x00, 0x00, 0x00, 0x00, 0x00, 0x00, 0x00, 0x00, 0x00, 0x00, 0x00, 0x00, 0x00, 0x00, 0x00
.byte 0x00, 0x00, 0x00, 0x00, 0x01, 0x00, 0x00, 0x00
.globl _sym_00bfe8c4
_sym_00bfe8c4:
.byte 0xff, 0xff, 0xff, 0xff
.long _sym_00ad9320
.globl _sym_00bfe8cc
_sym_00bfe8cc:
.byte 0x22, 0x05, 0x93, 0x19, 0x01, 0x00, 0x00, 0x00
.long _sym_00bfe8c4
.byte 0x00, 0x00, 0x00, 0x00, 0x00, 0x00, 0x00, 0x00, 0x00, 0x00, 0x00, 0x00, 0x00, 0x00, 0x00, 0x00
.byte 0x00, 0x00, 0x00, 0x00, 0x01, 0x00, 0x00, 0x00
.globl _sym_00bfe8f0
_sym_00bfe8f0:
.byte 0xff, 0xff, 0xff, 0xff
.long _sym_00ad93f0
.globl _sym_00bfe8f8
_sym_00bfe8f8:
.byte 0x22, 0x05, 0x93, 0x19, 0x01, 0x00, 0x00, 0x00
.long _sym_00bfe8f0
.byte 0x00, 0x00, 0x00, 0x00, 0x00, 0x00, 0x00, 0x00, 0x00, 0x00, 0x00, 0x00, 0x00, 0x00, 0x00, 0x00
.byte 0x00, 0x00, 0x00, 0x00, 0x01, 0x00, 0x00, 0x00
.globl _sym_00bfe91c
_sym_00bfe91c:
.byte 0xff, 0xff, 0xff, 0xff
.long _sym_00ad9420
.globl _sym_00bfe924
_sym_00bfe924:
.byte 0x22, 0x05, 0x93, 0x19, 0x01, 0x00, 0x00, 0x00
.long _sym_00bfe91c
.byte 0x00, 0x00, 0x00, 0x00, 0x00, 0x00, 0x00, 0x00, 0x00, 0x00, 0x00, 0x00, 0x00, 0x00, 0x00, 0x00
.byte 0x00, 0x00, 0x00, 0x00, 0x01, 0x00, 0x00, 0x00
.globl _sym_00bfe948
_sym_00bfe948:
.byte 0xff, 0xff, 0xff, 0xff
.long _sym_00ad9450
.globl _sym_00bfe950
_sym_00bfe950:
.byte 0x22, 0x05, 0x93, 0x19, 0x01, 0x00, 0x00, 0x00
.long _sym_00bfe948
.byte 0x00, 0x00, 0x00, 0x00, 0x00, 0x00, 0x00, 0x00, 0x00, 0x00, 0x00, 0x00, 0x00, 0x00, 0x00, 0x00
.byte 0x00, 0x00, 0x00, 0x00, 0x01, 0x00, 0x00, 0x00
.globl _sym_00bfe974
_sym_00bfe974:
.byte 0xff, 0xff, 0xff, 0xff
.long _sym_00ad9510
.globl _sym_00bfe97c
_sym_00bfe97c:
.byte 0x22, 0x05, 0x93, 0x19, 0x01, 0x00, 0x00, 0x00
.long _sym_00bfe974
.byte 0x00, 0x00, 0x00, 0x00, 0x00, 0x00, 0x00, 0x00, 0x00, 0x00, 0x00, 0x00, 0x00, 0x00, 0x00, 0x00
.byte 0x00, 0x00, 0x00, 0x00, 0x01, 0x00, 0x00, 0x00
.globl _sym_00bfe9a0
_sym_00bfe9a0:
.byte 0xff, 0xff, 0xff, 0xff
.long _sym_00ad9480
.globl _sym_00bfe9a8
_sym_00bfe9a8:
.byte 0x22, 0x05, 0x93, 0x19, 0x01, 0x00, 0x00, 0x00
.long _sym_00bfe9a0
.byte 0x00, 0x00, 0x00, 0x00, 0x00, 0x00, 0x00, 0x00, 0x00, 0x00, 0x00, 0x00, 0x00, 0x00, 0x00, 0x00
.byte 0x00, 0x00, 0x00, 0x00, 0x01, 0x00, 0x00, 0x00
.globl _sym_00bfe9cc
_sym_00bfe9cc:
.byte 0xff, 0xff, 0xff, 0xff
.long _sym_00ad94b0
.globl _sym_00bfe9d4
_sym_00bfe9d4:
.byte 0x22, 0x05, 0x93, 0x19, 0x01, 0x00, 0x00, 0x00
.long _sym_00bfe9cc
.byte 0x00, 0x00, 0x00, 0x00, 0x00, 0x00, 0x00, 0x00, 0x00, 0x00, 0x00, 0x00, 0x00, 0x00, 0x00, 0x00
.byte 0x00, 0x00, 0x00, 0x00, 0x01, 0x00, 0x00, 0x00
.globl _sym_00bfe9f8
_sym_00bfe9f8:
.byte 0xff, 0xff, 0xff, 0xff
.long _sym_00ad94e0
.globl _sym_00bfea00
_sym_00bfea00:
.byte 0x22, 0x05, 0x93, 0x19, 0x01, 0x00, 0x00, 0x00
.long _sym_00bfe9f8
.byte 0x00, 0x00, 0x00, 0x00, 0x00, 0x00, 0x00, 0x00, 0x00, 0x00, 0x00, 0x00, 0x00, 0x00, 0x00, 0x00
.byte 0x00, 0x00, 0x00, 0x00, 0x01, 0x00, 0x00, 0x00
.globl _sym_00bfea24
_sym_00bfea24:
.byte 0xff, 0xff, 0xff, 0xff
.long _sym_00ad9550
.globl _sym_00bfea2c
_sym_00bfea2c:
.byte 0x22, 0x05, 0x93, 0x19, 0x01, 0x00, 0x00, 0x00
.long _sym_00bfea24
.byte 0x00, 0x00, 0x00, 0x00, 0x00, 0x00, 0x00, 0x00, 0x00, 0x00, 0x00, 0x00, 0x00, 0x00, 0x00, 0x00
.byte 0x00, 0x00, 0x00, 0x00, 0x01, 0x00, 0x00, 0x00
.globl _sym_00bfea50
_sym_00bfea50:
.byte 0xff, 0xff, 0xff, 0xff
.long _sym_00ad9580
.globl _sym_00bfea58
_sym_00bfea58:
.byte 0x22, 0x05, 0x93, 0x19, 0x01, 0x00, 0x00, 0x00
.long _sym_00bfea50
.byte 0x00, 0x00, 0x00, 0x00, 0x00, 0x00, 0x00, 0x00, 0x00, 0x00, 0x00, 0x00, 0x00, 0x00, 0x00, 0x00
.byte 0x00, 0x00, 0x00, 0x00, 0x01, 0x00, 0x00, 0x00
.globl _sym_00bfea7c
_sym_00bfea7c:
.byte 0xff, 0xff, 0xff, 0xff
.long _sym_00ad95b0
.globl _sym_00bfea84
_sym_00bfea84:
.byte 0x22, 0x05, 0x93, 0x19, 0x01, 0x00, 0x00, 0x00
.long _sym_00bfea7c
.byte 0x00, 0x00, 0x00, 0x00, 0x00, 0x00, 0x00, 0x00, 0x00, 0x00, 0x00, 0x00, 0x00, 0x00, 0x00, 0x00
.byte 0x00, 0x00, 0x00, 0x00, 0x01, 0x00, 0x00, 0x00
.globl _sym_00bfeaa8
_sym_00bfeaa8:
.byte 0xff, 0xff, 0xff, 0xff
.long _sym_00ad95e0
.globl _sym_00bfeab0
_sym_00bfeab0:
.byte 0x22, 0x05, 0x93, 0x19, 0x01, 0x00, 0x00, 0x00
.long _sym_00bfeaa8
.byte 0x00, 0x00, 0x00, 0x00, 0x00, 0x00, 0x00, 0x00, 0x00, 0x00, 0x00, 0x00, 0x00, 0x00, 0x00, 0x00
.byte 0x00, 0x00, 0x00, 0x00, 0x01, 0x00, 0x00, 0x00
.globl _sym_00bfead4
_sym_00bfead4:
.byte 0xff, 0xff, 0xff, 0xff
.long _sym_00ad9670
.globl _sym_00bfeadc
_sym_00bfeadc:
.byte 0x22, 0x05, 0x93, 0x19, 0x01, 0x00, 0x00, 0x00
.long _sym_00bfead4
.byte 0x00, 0x00, 0x00, 0x00, 0x00, 0x00, 0x00, 0x00, 0x00, 0x00, 0x00, 0x00, 0x00, 0x00, 0x00, 0x00
.byte 0x00, 0x00, 0x00, 0x00, 0x01, 0x00, 0x00, 0x00
.globl _sym_00bfeb00
_sym_00bfeb00:
.byte 0xff, 0xff, 0xff, 0xff
.long _sym_00ad9610
.globl _sym_00bfeb08
_sym_00bfeb08:
.byte 0x22, 0x05, 0x93, 0x19, 0x01, 0x00, 0x00, 0x00
.long _sym_00bfeb00
.byte 0x00, 0x00, 0x00, 0x00, 0x00, 0x00, 0x00, 0x00, 0x00, 0x00, 0x00, 0x00, 0x00, 0x00, 0x00, 0x00
.byte 0x00, 0x00, 0x00, 0x00, 0x01, 0x00, 0x00, 0x00
.globl _sym_00bfeb2c
_sym_00bfeb2c:
.byte 0xff, 0xff, 0xff, 0xff
.long _sym_00ad9640
.globl _sym_00bfeb34
_sym_00bfeb34:
.byte 0x22, 0x05, 0x93, 0x19, 0x01, 0x00, 0x00, 0x00
.long _sym_00bfeb2c
.byte 0x00, 0x00, 0x00, 0x00, 0x00, 0x00, 0x00, 0x00, 0x00, 0x00, 0x00, 0x00, 0x00, 0x00, 0x00, 0x00
.byte 0x00, 0x00, 0x00, 0x00, 0x01, 0x00, 0x00, 0x00
.globl _sym_00bfeb58
_sym_00bfeb58:
.byte 0xff, 0xff, 0xff, 0xff
.long _sym_00ad96b0
.byte 0x00, 0x00, 0x00, 0x00
.long _sym_00ad96bb
.globl _sym_00bfeb68
_sym_00bfeb68:
.byte 0x22, 0x05, 0x93, 0x19, 0x02, 0x00, 0x00, 0x00
.long _sym_00bfeb58
.byte 0x00, 0x00, 0x00, 0x00, 0x00, 0x00, 0x00, 0x00, 0x00, 0x00, 0x00, 0x00, 0x00, 0x00, 0x00, 0x00
.byte 0x00, 0x00, 0x00, 0x00, 0x01, 0x00, 0x00, 0x00
.globl _sym_00bfeb8c
_sym_00bfeb8c:
.byte 0xff, 0xff, 0xff, 0xff
.long _sym_00ad96f0
.byte 0x00, 0x00, 0x00, 0x00
.long _sym_00ad96f8
.byte 0x01, 0x00, 0x00, 0x00
.long _sym_00ad9703
.byte 0x02, 0x00, 0x00, 0x00
.long _sym_00ad970e
.globl _sym_00bfebac
_sym_00bfebac:
.byte 0x22, 0x05, 0x93, 0x19, 0x04, 0x00, 0x00, 0x00
.long _sym_00bfeb8c
.byte 0x00, 0x00, 0x00, 0x00, 0x00, 0x00, 0x00, 0x00, 0x00, 0x00, 0x00, 0x00, 0x00, 0x00, 0x00, 0x00
.byte 0x00, 0x00, 0x00, 0x00, 0x01, 0x00, 0x00, 0x00
.globl _sym_00bfebd0
_sym_00bfebd0:
.byte 0xff, 0xff, 0xff, 0xff
.long _sym_00ad9770
.byte 0x00, 0x00, 0x00, 0x00
.long _sym_00ad9778
.byte 0x01, 0x00, 0x00, 0x00
.long _sym_00ad9783
.globl _sym_00bfebe8
_sym_00bfebe8:
.byte 0x22, 0x05, 0x93, 0x19, 0x03, 0x00, 0x00, 0x00
.long _sym_00bfebd0
.byte 0x00, 0x00, 0x00, 0x00, 0x00, 0x00, 0x00, 0x00, 0x00, 0x00, 0x00, 0x00, 0x00, 0x00, 0x00, 0x00
.byte 0x00, 0x00, 0x00, 0x00, 0x01, 0x00, 0x00, 0x00
.globl _sym_00bfec0c
_sym_00bfec0c:
.byte 0xff, 0xff, 0xff, 0xff
.long _sym_00ad9870
.globl _sym_00bfec14
_sym_00bfec14:
.byte 0x22, 0x05, 0x93, 0x19, 0x01, 0x00, 0x00, 0x00
.long _sym_00bfec0c
.byte 0x00, 0x00, 0x00, 0x00, 0x00, 0x00, 0x00, 0x00, 0x00, 0x00, 0x00, 0x00, 0x00, 0x00, 0x00, 0x00
.byte 0x00, 0x00, 0x00, 0x00, 0x01, 0x00, 0x00, 0x00
.globl _sym_00bfec38
_sym_00bfec38:
.byte 0xff, 0xff, 0xff, 0xff
.long _sym_00ad9810
.globl _sym_00bfec40
_sym_00bfec40:
.byte 0x22, 0x05, 0x93, 0x19, 0x01, 0x00, 0x00, 0x00
.long _sym_00bfec38
.byte 0x00, 0x00, 0x00, 0x00, 0x00, 0x00, 0x00, 0x00, 0x00, 0x00, 0x00, 0x00, 0x00, 0x00, 0x00, 0x00
.byte 0x00, 0x00, 0x00, 0x00, 0x01, 0x00, 0x00, 0x00
.globl _sym_00bfec64
_sym_00bfec64:
.byte 0xff, 0xff, 0xff, 0xff
.long _sym_00ad98d0
.globl _sym_00bfec6c
_sym_00bfec6c:
.byte 0x22, 0x05, 0x93, 0x19, 0x01, 0x00, 0x00, 0x00
.long _sym_00bfec64
.byte 0x00, 0x00, 0x00, 0x00, 0x00, 0x00, 0x00, 0x00, 0x00, 0x00, 0x00, 0x00, 0x00, 0x00, 0x00, 0x00
.byte 0x00, 0x00, 0x00, 0x00, 0x01, 0x00, 0x00, 0x00
.globl _sym_00bfec90
_sym_00bfec90:
.byte 0xff, 0xff, 0xff, 0xff
.long _sym_00ad9740
.byte 0x00, 0x00, 0x00, 0x00
.long _sym_00ad9748
.globl _sym_00bfeca0
_sym_00bfeca0:
.byte 0x22, 0x05, 0x93, 0x19, 0x02, 0x00, 0x00, 0x00
.long _sym_00bfec90
.byte 0x00, 0x00, 0x00, 0x00, 0x00, 0x00, 0x00, 0x00, 0x00, 0x00, 0x00, 0x00, 0x00, 0x00, 0x00, 0x00
.byte 0x00, 0x00, 0x00, 0x00, 0x01, 0x00, 0x00, 0x00
.globl _sym_00bfecc4
_sym_00bfecc4:
.byte 0xff, 0xff, 0xff, 0xff
.long _sym_00ad97b0
.globl _sym_00bfeccc
_sym_00bfeccc:
.byte 0x22, 0x05, 0x93, 0x19, 0x01, 0x00, 0x00, 0x00
.long _sym_00bfecc4
.byte 0x00, 0x00, 0x00, 0x00, 0x00, 0x00, 0x00, 0x00, 0x00, 0x00, 0x00, 0x00, 0x00, 0x00, 0x00, 0x00
.byte 0x00, 0x00, 0x00, 0x00, 0x01, 0x00, 0x00, 0x00
.globl _sym_00bfecf0
_sym_00bfecf0:
.byte 0xff, 0xff, 0xff, 0xff
.long _sym_00ad9840
.globl _sym_00bfecf8
_sym_00bfecf8:
.byte 0x22, 0x05, 0x93, 0x19, 0x01, 0x00, 0x00, 0x00
.long _sym_00bfecf0
.byte 0x00, 0x00, 0x00, 0x00, 0x00, 0x00, 0x00, 0x00, 0x00, 0x00, 0x00, 0x00, 0x00, 0x00, 0x00, 0x00
.byte 0x00, 0x00, 0x00, 0x00, 0x01, 0x00, 0x00, 0x00
.globl _sym_00bfed1c
_sym_00bfed1c:
.byte 0xff, 0xff, 0xff, 0xff
.long _sym_00ad98a0
.globl _sym_00bfed24
_sym_00bfed24:
.byte 0x22, 0x05, 0x93, 0x19, 0x01, 0x00, 0x00, 0x00
.long _sym_00bfed1c
.byte 0x00, 0x00, 0x00, 0x00, 0x00, 0x00, 0x00, 0x00, 0x00, 0x00, 0x00, 0x00, 0x00, 0x00, 0x00, 0x00
.byte 0x00, 0x00, 0x00, 0x00, 0x01, 0x00, 0x00, 0x00
.globl _sym_00bfed48
_sym_00bfed48:
.byte 0xff, 0xff, 0xff, 0xff
.long _sym_00ad97e0
.globl _sym_00bfed50
_sym_00bfed50:
.byte 0x22, 0x05, 0x93, 0x19, 0x01, 0x00, 0x00, 0x00
.long _sym_00bfed48
.byte 0x00, 0x00, 0x00, 0x00, 0x00, 0x00, 0x00, 0x00, 0x00, 0x00, 0x00, 0x00, 0x00, 0x00, 0x00, 0x00
.byte 0x00, 0x00, 0x00, 0x00, 0x01, 0x00, 0x00, 0x00
.globl _sym_00bfed74
_sym_00bfed74:
.byte 0xff, 0xff, 0xff, 0xff
.long _sym_00ad9990
.byte 0x00, 0x00, 0x00, 0x00
.long _sym_00ad9998
.byte 0x01, 0x00, 0x00, 0x00
.long _sym_00ad99ae
.globl _sym_00bfed8c
_sym_00bfed8c:
.byte 0x22, 0x05, 0x93, 0x19, 0x03, 0x00, 0x00, 0x00
.long _sym_00bfed74
.byte 0x00, 0x00, 0x00, 0x00, 0x00, 0x00, 0x00, 0x00, 0x00, 0x00, 0x00, 0x00, 0x00, 0x00, 0x00, 0x00
.byte 0x00, 0x00, 0x00, 0x00, 0x01, 0x00, 0x00, 0x00
.globl _sym_00bfedb0
_sym_00bfedb0:
.byte 0xff, 0xff, 0xff, 0xff
.long _sym_00ad99e0
.byte 0x00, 0x00, 0x00, 0x00
.long _sym_00ad99e8
.globl _sym_00bfedc0
_sym_00bfedc0:
.byte 0x22, 0x05, 0x93, 0x19, 0x02, 0x00, 0x00, 0x00
.long _sym_00bfedb0
.byte 0x00, 0x00, 0x00, 0x00, 0x00, 0x00, 0x00, 0x00, 0x00, 0x00, 0x00, 0x00, 0x00, 0x00, 0x00, 0x00
.byte 0x00, 0x00, 0x00, 0x00, 0x01, 0x00, 0x00, 0x00
.globl _sym_00bfede4
_sym_00bfede4:
.byte 0xff, 0xff, 0xff, 0xff
.long _sym_00ad9a20
.byte 0x00, 0x00, 0x00, 0x00
.long _sym_00ad9a28
.globl _sym_00bfedf4
_sym_00bfedf4:
.byte 0x22, 0x05, 0x93, 0x19, 0x02, 0x00, 0x00, 0x00
.long _sym_00bfede4
.byte 0x00, 0x00, 0x00, 0x00, 0x00, 0x00, 0x00, 0x00, 0x00, 0x00, 0x00, 0x00, 0x00, 0x00, 0x00, 0x00
.byte 0x00, 0x00, 0x00, 0x00, 0x01, 0x00, 0x00, 0x00
.globl _sym_00bfee18
_sym_00bfee18:
.byte 0xff, 0xff, 0xff, 0xff
.long _sym_00ad9930
.globl _sym_00bfee20
_sym_00bfee20:
.byte 0x22, 0x05, 0x93, 0x19, 0x01, 0x00, 0x00, 0x00
.long _sym_00bfee18
.byte 0x00, 0x00, 0x00, 0x00, 0x00, 0x00, 0x00, 0x00, 0x00, 0x00, 0x00, 0x00, 0x00, 0x00, 0x00, 0x00
.byte 0x00, 0x00, 0x00, 0x00, 0x01, 0x00, 0x00, 0x00
.globl _sym_00bfee44
_sym_00bfee44:
.byte 0xff, 0xff, 0xff, 0xff
.long _sym_00ad9960
.globl _sym_00bfee4c
_sym_00bfee4c:
.byte 0x22, 0x05, 0x93, 0x19, 0x01, 0x00, 0x00, 0x00
.long _sym_00bfee44
.byte 0x00, 0x00, 0x00, 0x00, 0x00, 0x00, 0x00, 0x00, 0x00, 0x00, 0x00, 0x00, 0x00, 0x00, 0x00, 0x00
.byte 0x00, 0x00, 0x00, 0x00, 0x01, 0x00, 0x00, 0x00
.globl _sym_00bfee70
_sym_00bfee70:
.byte 0xff, 0xff, 0xff, 0xff
.long _sym_00ad9900
.globl _sym_00bfee78
_sym_00bfee78:
.byte 0x22, 0x05, 0x93, 0x19, 0x01, 0x00, 0x00, 0x00
.long _sym_00bfee70
.byte 0x00, 0x00, 0x00, 0x00, 0x00, 0x00, 0x00, 0x00, 0x00, 0x00, 0x00, 0x00, 0x00, 0x00, 0x00, 0x00
.byte 0x00, 0x00, 0x00, 0x00, 0x01, 0x00, 0x00, 0x00
.globl _sym_00bfee9c
_sym_00bfee9c:
.byte 0xff, 0xff, 0xff, 0xff
.long _sym_00ad9a60
.byte 0x00, 0x00, 0x00, 0x00
.long _sym_00ad9a6b
.byte 0x01, 0x00, 0x00, 0x00
.long _sym_00ad9a76
.byte 0x02, 0x00, 0x00, 0x00
.long _sym_00ad9a81
.globl _sym_00bfeebc
_sym_00bfeebc:
.byte 0x22, 0x05, 0x93, 0x19, 0x04, 0x00, 0x00, 0x00
.long _sym_00bfee9c
.byte 0x00, 0x00, 0x00, 0x00, 0x00, 0x00, 0x00, 0x00, 0x00, 0x00, 0x00, 0x00, 0x00, 0x00, 0x00, 0x00
.byte 0x00, 0x00, 0x00, 0x00, 0x01, 0x00, 0x00, 0x00
.globl _sym_00bfeee0
_sym_00bfeee0:
.byte 0x22, 0x05, 0x93, 0x19, 0x05, 0x00, 0x00, 0x00
.long _sym_00bfef04
.byte 0x00, 0x00, 0x00, 0x00, 0x00, 0x00, 0x00, 0x00, 0x00, 0x00, 0x00, 0x00, 0x00, 0x00, 0x00, 0x00
.byte 0x00, 0x00, 0x00, 0x00, 0x01, 0x00, 0x00, 0x00
.globl _sym_00bfef04
_sym_00bfef04:
.byte 0xff, 0xff, 0xff, 0xff
.long _sym_00ad9ac0
.byte 0x00, 0x00, 0x00, 0x00
.long _sym_00ad9acb
.byte 0x01, 0x00, 0x00, 0x00
.long _sym_00ad9ad6
.byte 0x01, 0x00, 0x00, 0x00
.long _sym_00ad9ae1
.byte 0x03, 0x00, 0x00, 0x00
.long _sym_00ad9aec
.globl _sym_00bfef2c
_sym_00bfef2c:
.byte 0xff, 0xff, 0xff, 0xff
.long _sym_00ad9b20
.globl _sym_00bfef34
_sym_00bfef34:
.byte 0x22, 0x05, 0x93, 0x19, 0x01, 0x00, 0x00, 0x00
.long _sym_00bfef2c
.byte 0x00, 0x00, 0x00, 0x00, 0x00, 0x00, 0x00, 0x00, 0x00, 0x00, 0x00, 0x00, 0x00, 0x00, 0x00, 0x00
.byte 0x00, 0x00, 0x00, 0x00, 0x01, 0x00, 0x00, 0x00
.globl _sym_00bfef58
_sym_00bfef58:
.byte 0xff, 0xff, 0xff, 0xff
.long _sym_00ad9b50
.byte 0x00, 0x00, 0x00, 0x00
.long _sym_00ad9b5b
.globl _sym_00bfef68
_sym_00bfef68:
.byte 0x22, 0x05, 0x93, 0x19, 0x02, 0x00, 0x00, 0x00
.long _sym_00bfef58
.byte 0x00, 0x00, 0x00, 0x00, 0x00, 0x00, 0x00, 0x00, 0x00, 0x00, 0x00, 0x00, 0x00, 0x00, 0x00, 0x00
.byte 0x00, 0x00, 0x00, 0x00, 0x01, 0x00, 0x00, 0x00
.globl _sym_00bfef8c
_sym_00bfef8c:
.byte 0xff, 0xff, 0xff, 0xff
.long _sym_00ad9b90
.globl _sym_00bfef94
_sym_00bfef94:
.byte 0x22, 0x05, 0x93, 0x19, 0x01, 0x00, 0x00, 0x00
.long _sym_00bfef8c
.byte 0x00, 0x00, 0x00, 0x00, 0x00, 0x00, 0x00, 0x00, 0x00, 0x00, 0x00, 0x00, 0x00, 0x00, 0x00, 0x00
.byte 0x00, 0x00, 0x00, 0x00, 0x01, 0x00, 0x00, 0x00
.globl _sym_00bfefb8
_sym_00bfefb8:
.byte 0xff, 0xff, 0xff, 0xff
.long _sym_00ad9bd0
.byte 0x00, 0x00, 0x00, 0x00
.long _sym_00ad9bd8
.globl _sym_00bfefc8
_sym_00bfefc8:
.byte 0x22, 0x05, 0x93, 0x19, 0x02, 0x00, 0x00, 0x00
.long _sym_00bfefb8
.byte 0x00, 0x00, 0x00, 0x00, 0x00, 0x00, 0x00, 0x00, 0x00, 0x00, 0x00, 0x00, 0x00, 0x00, 0x00, 0x00
.byte 0x00, 0x00, 0x00, 0x00, 0x01, 0x00, 0x00, 0x00
.globl _sym_00bfefec
_sym_00bfefec:
.byte 0xff, 0xff, 0xff, 0xff
.long _sym_00ad9c10
.byte 0x00, 0x00, 0x00, 0x00
.long _sym_00ad9c1b
.globl _sym_00bfeffc
_sym_00bfeffc:
.byte 0x22, 0x05, 0x93, 0x19, 0x02, 0x00, 0x00, 0x00
.long _sym_00bfefec
.byte 0x00, 0x00, 0x00, 0x00, 0x00, 0x00, 0x00, 0x00, 0x00, 0x00, 0x00, 0x00, 0x00, 0x00, 0x00, 0x00
.byte 0x00, 0x00, 0x00, 0x00, 0x01, 0x00, 0x00, 0x00
.globl _sym_00bff020
_sym_00bff020:
.byte 0xff, 0xff, 0xff, 0xff
.long _sym_00ad9c60
.globl _sym_00bff028
_sym_00bff028:
.byte 0x22, 0x05, 0x93, 0x19, 0x01, 0x00, 0x00, 0x00
.long _sym_00bff020
.byte 0x00, 0x00, 0x00, 0x00, 0x00, 0x00, 0x00, 0x00, 0x00, 0x00, 0x00, 0x00, 0x00, 0x00, 0x00, 0x00
.byte 0x00, 0x00, 0x00, 0x00, 0x01, 0x00, 0x00, 0x00
.globl _sym_00bff04c
_sym_00bff04c:
.byte 0xff, 0xff, 0xff, 0xff
.long _sym_00ad9d90
.byte 0x00, 0x00, 0x00, 0x00
.long _sym_00ad9d9b
.globl _sym_00bff05c
_sym_00bff05c:
.byte 0x22, 0x05, 0x93, 0x19, 0x02, 0x00, 0x00, 0x00
.long _sym_00bff04c
.byte 0x00, 0x00, 0x00, 0x00, 0x00, 0x00, 0x00, 0x00, 0x00, 0x00, 0x00, 0x00, 0x00, 0x00, 0x00, 0x00
.byte 0x00, 0x00, 0x00, 0x00, 0x01, 0x00, 0x00, 0x00
.globl _sym_00bff080
_sym_00bff080:
.byte 0xff, 0xff, 0xff, 0xff
.long _sym_00ad9e00
.byte 0x00, 0x00, 0x00, 0x00
.long _sym_00ad9e08
.globl _sym_00bff090
_sym_00bff090:
.byte 0x22, 0x05, 0x93, 0x19, 0x02, 0x00, 0x00, 0x00
.long _sym_00bff080
.byte 0x00, 0x00, 0x00, 0x00, 0x00, 0x00, 0x00, 0x00, 0x00, 0x00, 0x00, 0x00, 0x00, 0x00, 0x00, 0x00
.byte 0x00, 0x00, 0x00, 0x00, 0x01, 0x00, 0x00, 0x00
.globl _sym_00bff0b4
_sym_00bff0b4:
.byte 0x22, 0x05, 0x93, 0x19, 0x06, 0x00, 0x00, 0x00
.long _sym_00bff0d8
.byte 0x00, 0x00, 0x00, 0x00, 0x00, 0x00, 0x00, 0x00, 0x00, 0x00, 0x00, 0x00, 0x00, 0x00, 0x00, 0x00
.byte 0x00, 0x00, 0x00, 0x00, 0x01, 0x00, 0x00, 0x00
.globl _sym_00bff0d8
_sym_00bff0d8:
.byte 0xff, 0xff, 0xff, 0xff
.long _sym_00ad9c90
.byte 0x00, 0x00, 0x00, 0x00
.long _sym_00ad9c98
.byte 0x01, 0x00, 0x00, 0x00
.long _sym_00ad9ca6
.byte 0x02, 0x00, 0x00, 0x00
.long _sym_00ad9cb4
.byte 0x03, 0x00, 0x00, 0x00
.long _sym_00ad9cc2
.byte 0x03, 0x00, 0x00, 0x00
.long _sym_00ad9cd3
.globl _sym_00bff108
_sym_00bff108:
.byte 0xff, 0xff, 0xff, 0xff
.long _sym_00ad9d40
.byte 0x00, 0x00, 0x00, 0x00
.long _sym_00ad9d48
.byte 0x01, 0x00, 0x00, 0x00
.long _sym_00ad9d56
.byte 0x02, 0x00, 0x00, 0x00
.long _sym_00ad9d64
.globl _sym_00bff128
_sym_00bff128:
.byte 0x22, 0x05, 0x93, 0x19, 0x04, 0x00, 0x00, 0x00
.long _sym_00bff108
.byte 0x00, 0x00, 0x00, 0x00, 0x00, 0x00, 0x00, 0x00, 0x00, 0x00, 0x00, 0x00, 0x00, 0x00, 0x00, 0x00
.byte 0x00, 0x00, 0x00, 0x00, 0x01, 0x00, 0x00, 0x00
.globl _sym_00bff14c
_sym_00bff14c:
.byte 0xff, 0xff, 0xff, 0xff
.long _sym_00ad9d00
.byte 0x00, 0x00, 0x00, 0x00
.long _sym_00ad9d08
.byte 0x01, 0x00, 0x00, 0x00
.long _sym_00ad9d13
.globl _sym_00bff164
_sym_00bff164:
.byte 0x22, 0x05, 0x93, 0x19, 0x03, 0x00, 0x00, 0x00
.long _sym_00bff14c
.byte 0x00, 0x00, 0x00, 0x00, 0x00, 0x00, 0x00, 0x00, 0x00, 0x00, 0x00, 0x00, 0x00, 0x00, 0x00, 0x00
.byte 0x00, 0x00, 0x00, 0x00, 0x01, 0x00, 0x00, 0x00
.globl _sym_00bff188
_sym_00bff188:
.byte 0xff, 0xff, 0xff, 0xff
.long _sym_00ad9dd0
.globl _sym_00bff190
_sym_00bff190:
.byte 0x22, 0x05, 0x93, 0x19, 0x01, 0x00, 0x00, 0x00
.long _sym_00bff188
.byte 0x00, 0x00, 0x00, 0x00, 0x00, 0x00, 0x00, 0x00, 0x00, 0x00, 0x00, 0x00, 0x00, 0x00, 0x00, 0x00
.byte 0x00, 0x00, 0x00, 0x00, 0x01, 0x00, 0x00, 0x00
.globl _sym_00bff1b4
_sym_00bff1b4:
.byte 0xff, 0xff, 0xff, 0xff
.long _sym_00ad9ea0
.globl _sym_00bff1bc
_sym_00bff1bc:
.byte 0x22, 0x05, 0x93, 0x19, 0x01, 0x00, 0x00, 0x00
.long _sym_00bff1b4
.byte 0x00, 0x00, 0x00, 0x00, 0x00, 0x00, 0x00, 0x00, 0x00, 0x00, 0x00, 0x00, 0x00, 0x00, 0x00, 0x00
.byte 0x00, 0x00, 0x00, 0x00, 0x01, 0x00, 0x00, 0x00
.globl _sym_00bff1e0
_sym_00bff1e0:
.byte 0x22, 0x05, 0x93, 0x19, 0x06, 0x00, 0x00, 0x00
.long _sym_00bff204
.byte 0x00, 0x00, 0x00, 0x00, 0x00, 0x00, 0x00, 0x00, 0x00, 0x00, 0x00, 0x00, 0x00, 0x00, 0x00, 0x00
.byte 0x00, 0x00, 0x00, 0x00, 0x01, 0x00, 0x00, 0x00
.globl _sym_00bff204
_sym_00bff204:
.byte 0xff, 0xff, 0xff, 0xff
.long _sym_00ad9e40
.byte 0x00, 0x00, 0x00, 0x00
.long _sym_00ad9e48
.byte 0x01, 0x00, 0x00, 0x00
.long _sym_00ad9e53
.byte 0x02, 0x00, 0x00, 0x00
.long _sym_00ad9e5e
.byte 0x03, 0x00, 0x00, 0x00
.long _sym_00ad9e69
.byte 0x04, 0x00, 0x00, 0x00
.long _sym_00ad9e74
.globl _sym_00bff234
_sym_00bff234:
.byte 0xff, 0xff, 0xff, 0xff
.long _sym_00ad9f80
.globl _sym_00bff23c
_sym_00bff23c:
.byte 0x22, 0x05, 0x93, 0x19, 0x01, 0x00, 0x00, 0x00
.long _sym_00bff234
.byte 0x00, 0x00, 0x00, 0x00, 0x00, 0x00, 0x00, 0x00, 0x00, 0x00, 0x00, 0x00, 0x00, 0x00, 0x00, 0x00
.byte 0x00, 0x00, 0x00, 0x00, 0x01, 0x00, 0x00, 0x00
.globl _sym_00bff260
_sym_00bff260:
.byte 0xff, 0xff, 0xff, 0xff
.long _sym_00ad9f40
.globl _sym_00bff268
_sym_00bff268:
.byte 0x22, 0x05, 0x93, 0x19, 0x01, 0x00, 0x00, 0x00
.long _sym_00bff260
.byte 0x00, 0x00, 0x00, 0x00, 0x00, 0x00, 0x00, 0x00, 0x00, 0x00, 0x00, 0x00, 0x00, 0x00, 0x00, 0x00
.byte 0x00, 0x00, 0x00, 0x00, 0x01, 0x00, 0x00, 0x00
.globl _sym_00bff28c
_sym_00bff28c:
.byte 0xff, 0xff, 0xff, 0xff
.long _sym_00ad9f00
.globl _sym_00bff294
_sym_00bff294:
.byte 0x22, 0x05, 0x93, 0x19, 0x01, 0x00, 0x00, 0x00
.long _sym_00bff28c
.byte 0x00, 0x00, 0x00, 0x00, 0x00, 0x00, 0x00, 0x00, 0x00, 0x00, 0x00, 0x00, 0x00, 0x00, 0x00, 0x00
.byte 0x00, 0x00, 0x00, 0x00, 0x01, 0x00, 0x00, 0x00
.globl _sym_00bff2b8
_sym_00bff2b8:
.byte 0xff, 0xff, 0xff, 0xff
.long _sym_00ad9ed0
.globl _sym_00bff2c0
_sym_00bff2c0:
.byte 0x22, 0x05, 0x93, 0x19, 0x01, 0x00, 0x00, 0x00
.long _sym_00bff2b8
.byte 0x00, 0x00, 0x00, 0x00, 0x00, 0x00, 0x00, 0x00, 0x00, 0x00, 0x00, 0x00, 0x00, 0x00, 0x00, 0x00
.byte 0x00, 0x00, 0x00, 0x00, 0x01, 0x00, 0x00, 0x00
.globl _sym_00bff2e4
_sym_00bff2e4:
.byte 0xff, 0xff, 0xff, 0xff
.long _sym_00ad9fc0
.globl _sym_00bff2ec
_sym_00bff2ec:
.byte 0x22, 0x05, 0x93, 0x19, 0x01, 0x00, 0x00, 0x00
.long _sym_00bff2e4
.byte 0x00, 0x00, 0x00, 0x00, 0x00, 0x00, 0x00, 0x00, 0x00, 0x00, 0x00, 0x00, 0x00, 0x00, 0x00, 0x00
.byte 0x00, 0x00, 0x00, 0x00, 0x01, 0x00, 0x00, 0x00
.globl _sym_00bff310
_sym_00bff310:
.byte 0xff, 0xff, 0xff, 0xff
.long _sym_00ad9ff0
.byte 0x00, 0x00, 0x00, 0x00
.long _sym_00ad9ff8
.byte 0x01, 0x00, 0x00, 0x00
.long _sym_00ada003
.globl _sym_00bff328
_sym_00bff328:
.byte 0x22, 0x05, 0x93, 0x19, 0x03, 0x00, 0x00, 0x00
.long _sym_00bff310
.byte 0x00, 0x00, 0x00, 0x00, 0x00, 0x00, 0x00, 0x00, 0x00, 0x00, 0x00, 0x00, 0x00, 0x00, 0x00, 0x00
.byte 0x00, 0x00, 0x00, 0x00, 0x01, 0x00, 0x00, 0x00
.globl _sym_00bff34c
_sym_00bff34c:
.byte 0xff, 0xff, 0xff, 0xff
.long _sym_00ada060
.byte 0x00, 0x00, 0x00, 0x00
.long _sym_00ada06b
.byte 0x01, 0x00, 0x00, 0x00
.long _sym_00ada073
.globl _sym_00bff364
_sym_00bff364:
.byte 0x22, 0x05, 0x93, 0x19, 0x03, 0x00, 0x00, 0x00
.long _sym_00bff34c
.byte 0x00, 0x00, 0x00, 0x00, 0x00, 0x00, 0x00, 0x00, 0x00, 0x00, 0x00, 0x00, 0x00, 0x00, 0x00, 0x00
.byte 0x00, 0x00, 0x00, 0x00, 0x01, 0x00, 0x00, 0x00
.globl _sym_00bff388
_sym_00bff388:
.byte 0xff, 0xff, 0xff, 0xff
.long _sym_00ada0a0
.globl _sym_00bff390
_sym_00bff390:
.byte 0x22, 0x05, 0x93, 0x19, 0x01, 0x00, 0x00, 0x00
.long _sym_00bff388
.byte 0x00, 0x00, 0x00, 0x00, 0x00, 0x00, 0x00, 0x00, 0x00, 0x00, 0x00, 0x00, 0x00, 0x00, 0x00, 0x00
.byte 0x00, 0x00, 0x00, 0x00, 0x01, 0x00, 0x00, 0x00
.globl _sym_00bff3b4
_sym_00bff3b4:
.byte 0xff, 0xff, 0xff, 0xff
.long _sym_00ada0d0
.byte 0x00, 0x00, 0x00, 0x00
.long _sym_00ada0db
.globl _sym_00bff3c4
_sym_00bff3c4:
.byte 0x22, 0x05, 0x93, 0x19, 0x02, 0x00, 0x00, 0x00
.long _sym_00bff3b4
.byte 0x00, 0x00, 0x00, 0x00, 0x00, 0x00, 0x00, 0x00, 0x00, 0x00, 0x00, 0x00, 0x00, 0x00, 0x00, 0x00
.byte 0x00, 0x00, 0x00, 0x00, 0x01, 0x00, 0x00, 0x00
.globl _sym_00bff3e8
_sym_00bff3e8:
.byte 0xff, 0xff, 0xff, 0xff
.long _sym_00ada030
.byte 0x00, 0x00, 0x00, 0x00
.long _sym_00ada038
.globl _sym_00bff3f8
_sym_00bff3f8:
.byte 0x22, 0x05, 0x93, 0x19, 0x02, 0x00, 0x00, 0x00
.long _sym_00bff3e8
.byte 0x00, 0x00, 0x00, 0x00, 0x00, 0x00, 0x00, 0x00, 0x00, 0x00, 0x00, 0x00, 0x00, 0x00, 0x00, 0x00
.byte 0x00, 0x00, 0x00, 0x00, 0x01, 0x00, 0x00, 0x00
.globl _sym_00bff41c
_sym_00bff41c:
.byte 0xff, 0xff, 0xff, 0xff
.long _sym_00adb0d0
.byte 0xff, 0xff, 0xff, 0xff
.long _sym_00adb0de
.byte 0xff, 0xff, 0xff, 0xff
.long _sym_00adb0ec
.byte 0xff, 0xff, 0xff, 0xff
.long _sym_00adb0fa
.globl _sym_00bff43c
_sym_00bff43c:
.byte 0x22, 0x05, 0x93, 0x19, 0x04, 0x00, 0x00, 0x00
.long _sym_00bff41c
.byte 0x00, 0x00, 0x00, 0x00, 0x00, 0x00, 0x00, 0x00, 0x00, 0x00, 0x00, 0x00, 0x00, 0x00, 0x00, 0x00
.byte 0x00, 0x00, 0x00, 0x00, 0x01, 0x00, 0x00, 0x00
.globl _sym_00bff460
_sym_00bff460:
.byte 0xff, 0xff, 0xff, 0xff
.long _sym_00ada470
.globl _sym_00bff468
_sym_00bff468:
.byte 0x22, 0x05, 0x93, 0x19, 0x01, 0x00, 0x00, 0x00
.long _sym_00bff460
.byte 0x00, 0x00, 0x00, 0x00, 0x00, 0x00, 0x00, 0x00, 0x00, 0x00, 0x00, 0x00, 0x00, 0x00, 0x00, 0x00
.byte 0x00, 0x00, 0x00, 0x00, 0x01, 0x00, 0x00, 0x00
.globl _sym_00bff48c
_sym_00bff48c:
.byte 0xff, 0xff, 0xff, 0xff
.long _sym_00adb1a0
.byte 0xff, 0xff, 0xff, 0xff
.long _sym_00adb1ae
.globl _sym_00bff49c
_sym_00bff49c:
.byte 0x22, 0x05, 0x93, 0x19, 0x02, 0x00, 0x00, 0x00
.long _sym_00bff48c
.byte 0x00, 0x00, 0x00, 0x00, 0x00, 0x00, 0x00, 0x00, 0x00, 0x00, 0x00, 0x00, 0x00, 0x00, 0x00, 0x00
.byte 0x00, 0x00, 0x00, 0x00, 0x01, 0x00, 0x00, 0x00
.globl _sym_00bff4c0
_sym_00bff4c0:
.byte 0xff, 0xff, 0xff, 0xff
.long _sym_00ada500
.globl _sym_00bff4c8
_sym_00bff4c8:
.byte 0x22, 0x05, 0x93, 0x19, 0x01, 0x00, 0x00, 0x00
.long _sym_00bff4c0
.byte 0x00, 0x00, 0x00, 0x00, 0x00, 0x00, 0x00, 0x00, 0x00, 0x00, 0x00, 0x00, 0x00, 0x00, 0x00, 0x00
.byte 0x00, 0x00, 0x00, 0x00, 0x01, 0x00, 0x00, 0x00
.globl _sym_00bff4ec
_sym_00bff4ec:
.byte 0xff, 0xff, 0xff, 0xff
.long _sym_00adb700
.byte 0x00, 0x00, 0x00, 0x00
.long _sym_00adb711
.globl _sym_00bff4fc
_sym_00bff4fc:
.byte 0x22, 0x05, 0x93, 0x19, 0x02, 0x00, 0x00, 0x00
.long _sym_00bff4ec
.byte 0x00, 0x00, 0x00, 0x00, 0x00, 0x00, 0x00, 0x00, 0x00, 0x00, 0x00, 0x00, 0x00, 0x00, 0x00, 0x00
.byte 0x00, 0x00, 0x00, 0x00, 0x01, 0x00, 0x00, 0x00
.globl _sym_00bff520
_sym_00bff520:
.byte 0xff, 0xff, 0xff, 0xff
.long _sym_00ada9b0
.globl _sym_00bff528
_sym_00bff528:
.byte 0x22, 0x05, 0x93, 0x19, 0x01, 0x00, 0x00, 0x00
.long _sym_00bff520
.byte 0x00, 0x00, 0x00, 0x00, 0x00, 0x00, 0x00, 0x00, 0x00, 0x00, 0x00, 0x00, 0x00, 0x00, 0x00, 0x00
.byte 0x00, 0x00, 0x00, 0x00, 0x01, 0x00, 0x00, 0x00
.globl _sym_00bff54c
_sym_00bff54c:
.byte 0xff, 0xff, 0xff, 0xff
.long _sym_00ada980
.globl _sym_00bff554
_sym_00bff554:
.byte 0x22, 0x05, 0x93, 0x19, 0x01, 0x00, 0x00, 0x00
.long _sym_00bff54c
.byte 0x00, 0x00, 0x00, 0x00, 0x00, 0x00, 0x00, 0x00, 0x00, 0x00, 0x00, 0x00, 0x00, 0x00, 0x00, 0x00
.byte 0x00, 0x00, 0x00, 0x00, 0x01, 0x00, 0x00, 0x00
.globl _sym_00bff578
_sym_00bff578:
.byte 0xff, 0xff, 0xff, 0xff
.long _sym_00adb860
.byte 0x00, 0x00, 0x00, 0x00
.long _sym_00adb86b
.globl _sym_00bff588
_sym_00bff588:
.byte 0x22, 0x05, 0x93, 0x19, 0x02, 0x00, 0x00, 0x00
.long _sym_00bff578
.byte 0x00, 0x00, 0x00, 0x00, 0x00, 0x00, 0x00, 0x00, 0x00, 0x00, 0x00, 0x00, 0x00, 0x00, 0x00, 0x00
.byte 0x00, 0x00, 0x00, 0x00, 0x01, 0x00, 0x00, 0x00
.globl _sym_00bff5ac
_sym_00bff5ac:
.byte 0xff, 0xff, 0xff, 0xff
.long _sym_00adb160
.byte 0xff, 0xff, 0xff, 0xff
.long _sym_00adb16e
.globl _sym_00bff5bc
_sym_00bff5bc:
.byte 0x22, 0x05, 0x93, 0x19, 0x02, 0x00, 0x00, 0x00
.long _sym_00bff5ac
.byte 0x00, 0x00, 0x00, 0x00, 0x00, 0x00, 0x00, 0x00, 0x00, 0x00, 0x00, 0x00, 0x00, 0x00, 0x00, 0x00
.byte 0x00, 0x00, 0x00, 0x00, 0x01, 0x00, 0x00, 0x00
.globl _sym_00bff5e0
_sym_00bff5e0:
.byte 0xff, 0xff, 0xff, 0xff
.long _sym_00ada4d0
.globl _sym_00bff5e8
_sym_00bff5e8:
.byte 0x22, 0x05, 0x93, 0x19, 0x01, 0x00, 0x00, 0x00
.long _sym_00bff5e0
.byte 0x00, 0x00, 0x00, 0x00, 0x00, 0x00, 0x00, 0x00, 0x00, 0x00, 0x00, 0x00, 0x00, 0x00, 0x00, 0x00
.byte 0x00, 0x00, 0x00, 0x00, 0x01, 0x00, 0x00, 0x00
.globl _sym_00bff60c
_sym_00bff60c:
.byte 0xff, 0xff, 0xff, 0xff
.long _sym_00adb6c0
.byte 0x00, 0x00, 0x00, 0x00
.long _sym_00adb6d1
.globl _sym_00bff61c
_sym_00bff61c:
.byte 0x22, 0x05, 0x93, 0x19, 0x02, 0x00, 0x00, 0x00
.long _sym_00bff60c
.byte 0x00, 0x00, 0x00, 0x00, 0x00, 0x00, 0x00, 0x00, 0x00, 0x00, 0x00, 0x00, 0x00, 0x00, 0x00, 0x00
.byte 0x00, 0x00, 0x00, 0x00, 0x01, 0x00, 0x00, 0x00
.globl _sym_00bff640
_sym_00bff640:
.byte 0xff, 0xff, 0xff, 0xff
.long _sym_00ada950
.globl _sym_00bff648
_sym_00bff648:
.byte 0x22, 0x05, 0x93, 0x19, 0x01, 0x00, 0x00, 0x00
.long _sym_00bff640
.byte 0x00, 0x00, 0x00, 0x00, 0x00, 0x00, 0x00, 0x00, 0x00, 0x00, 0x00, 0x00, 0x00, 0x00, 0x00, 0x00
.byte 0x00, 0x00, 0x00, 0x00, 0x01, 0x00, 0x00, 0x00
.globl _sym_00bff66c
_sym_00bff66c:
.byte 0xff, 0xff, 0xff, 0xff
.long _sym_00ada920
.globl _sym_00bff674
_sym_00bff674:
.byte 0x22, 0x05, 0x93, 0x19, 0x01, 0x00, 0x00, 0x00
.long _sym_00bff66c
.byte 0x00, 0x00, 0x00, 0x00, 0x00, 0x00, 0x00, 0x00, 0x00, 0x00, 0x00, 0x00, 0x00, 0x00, 0x00, 0x00
.byte 0x00, 0x00, 0x00, 0x00, 0x01, 0x00, 0x00, 0x00
.globl _sym_00bff698
_sym_00bff698:
.byte 0xff, 0xff, 0xff, 0xff
.long _sym_00adb830
.byte 0x00, 0x00, 0x00, 0x00
.long _sym_00adb83b
.globl _sym_00bff6a8
_sym_00bff6a8:
.byte 0x22, 0x05, 0x93, 0x19, 0x02, 0x00, 0x00, 0x00
.long _sym_00bff698
.byte 0x00, 0x00, 0x00, 0x00, 0x00, 0x00, 0x00, 0x00, 0x00, 0x00, 0x00, 0x00, 0x00, 0x00, 0x00, 0x00
.byte 0x00, 0x00, 0x00, 0x00, 0x01, 0x00, 0x00, 0x00
.globl _sym_00bff6cc
_sym_00bff6cc:
.byte 0xff, 0xff, 0xff, 0xff
.long _sym_00adb130
.globl _sym_00bff6d4
_sym_00bff6d4:
.byte 0x22, 0x05, 0x93, 0x19, 0x01, 0x00, 0x00, 0x00
.long _sym_00bff6cc
.byte 0x00, 0x00, 0x00, 0x00, 0x00, 0x00, 0x00, 0x00, 0x00, 0x00, 0x00, 0x00, 0x00, 0x00, 0x00, 0x00
.byte 0x00, 0x00, 0x00, 0x00, 0x01, 0x00, 0x00, 0x00
.globl _sym_00bff6f8
_sym_00bff6f8:
.byte 0xff, 0xff, 0xff, 0xff
.long _sym_00ada4a0
.globl _sym_00bff700
_sym_00bff700:
.byte 0x22, 0x05, 0x93, 0x19, 0x01, 0x00, 0x00, 0x00
.long _sym_00bff6f8
.byte 0x00, 0x00, 0x00, 0x00, 0x00, 0x00, 0x00, 0x00, 0x00, 0x00, 0x00, 0x00, 0x00, 0x00, 0x00, 0x00
.byte 0x00, 0x00, 0x00, 0x00, 0x01, 0x00, 0x00, 0x00
.globl _sym_00bff724
_sym_00bff724:
.byte 0xff, 0xff, 0xff, 0xff
.long _sym_00adb680
.byte 0x00, 0x00, 0x00, 0x00
.long _sym_00adb691
.globl _sym_00bff734
_sym_00bff734:
.byte 0x22, 0x05, 0x93, 0x19, 0x02, 0x00, 0x00, 0x00
.long _sym_00bff724
.byte 0x00, 0x00, 0x00, 0x00, 0x00, 0x00, 0x00, 0x00, 0x00, 0x00, 0x00, 0x00, 0x00, 0x00, 0x00, 0x00
.byte 0x00, 0x00, 0x00, 0x00, 0x01, 0x00, 0x00, 0x00
.globl _sym_00bff758
_sym_00bff758:
.byte 0xff, 0xff, 0xff, 0xff
.long _sym_00ada8f0
.globl _sym_00bff760
_sym_00bff760:
.byte 0x22, 0x05, 0x93, 0x19, 0x01, 0x00, 0x00, 0x00
.long _sym_00bff758
.byte 0x00, 0x00, 0x00, 0x00, 0x00, 0x00, 0x00, 0x00, 0x00, 0x00, 0x00, 0x00, 0x00, 0x00, 0x00, 0x00
.byte 0x00, 0x00, 0x00, 0x00, 0x01, 0x00, 0x00, 0x00
.globl _sym_00bff784
_sym_00bff784:
.byte 0xff, 0xff, 0xff, 0xff
.long _sym_00ada8c0
.globl _sym_00bff78c
_sym_00bff78c:
.byte 0x22, 0x05, 0x93, 0x19, 0x01, 0x00, 0x00, 0x00
.long _sym_00bff784
.byte 0x00, 0x00, 0x00, 0x00, 0x00, 0x00, 0x00, 0x00, 0x00, 0x00, 0x00, 0x00, 0x00, 0x00, 0x00, 0x00
.byte 0x00, 0x00, 0x00, 0x00, 0x01, 0x00, 0x00, 0x00
.globl _sym_00bff7b0
_sym_00bff7b0:
.byte 0xff, 0xff, 0xff, 0xff
.long _sym_00adb800
.globl _sym_00bff7b8
_sym_00bff7b8:
.byte 0x22, 0x05, 0x93, 0x19, 0x01, 0x00, 0x00, 0x00
.long _sym_00bff7b0
.byte 0x00, 0x00, 0x00, 0x00, 0x00, 0x00, 0x00, 0x00, 0x00, 0x00, 0x00, 0x00, 0x00, 0x00, 0x00, 0x00
.byte 0x00, 0x00, 0x00, 0x00, 0x01, 0x00, 0x00, 0x00
.globl _sym_00bff7dc
_sym_00bff7dc:
.byte 0xff, 0xff, 0xff, 0xff
.long _sym_00adb1e0
.globl _sym_00bff7e4
_sym_00bff7e4:
.byte 0x22, 0x05, 0x93, 0x19, 0x01, 0x00, 0x00, 0x00
.long _sym_00bff7dc
.byte 0x00, 0x00, 0x00, 0x00, 0x00, 0x00, 0x00, 0x00, 0x00, 0x00, 0x00, 0x00, 0x00, 0x00, 0x00, 0x00
.byte 0x00, 0x00, 0x00, 0x00, 0x01, 0x00, 0x00, 0x00
.globl _sym_00bff808
_sym_00bff808:
.byte 0xff, 0xff, 0xff, 0xff
.long _sym_00ada710
.globl _sym_00bff810
_sym_00bff810:
.byte 0x22, 0x05, 0x93, 0x19, 0x01, 0x00, 0x00, 0x00
.long _sym_00bff808
.byte 0x00, 0x00, 0x00, 0x00, 0x00, 0x00, 0x00, 0x00, 0x00, 0x00, 0x00, 0x00, 0x00, 0x00, 0x00, 0x00
.byte 0x00, 0x00, 0x00, 0x00, 0x01, 0x00, 0x00, 0x00
.globl _sym_00bff834
_sym_00bff834:
.byte 0xff, 0xff, 0xff, 0xff
.long _sym_00adb740
.byte 0x00, 0x00, 0x00, 0x00
.long _sym_00adb751
.globl _sym_00bff844
_sym_00bff844:
.byte 0x22, 0x05, 0x93, 0x19, 0x02, 0x00, 0x00, 0x00
.long _sym_00bff834
.byte 0x00, 0x00, 0x00, 0x00, 0x00, 0x00, 0x00, 0x00, 0x00, 0x00, 0x00, 0x00, 0x00, 0x00, 0x00, 0x00
.byte 0x00, 0x00, 0x00, 0x00, 0x01, 0x00, 0x00, 0x00
.globl _sym_00bff868
_sym_00bff868:
.byte 0xff, 0xff, 0xff, 0xff
.long _sym_00adaa10
.globl _sym_00bff870
_sym_00bff870:
.byte 0x22, 0x05, 0x93, 0x19, 0x01, 0x00, 0x00, 0x00
.long _sym_00bff868
.byte 0x00, 0x00, 0x00, 0x00, 0x00, 0x00, 0x00, 0x00, 0x00, 0x00, 0x00, 0x00, 0x00, 0x00, 0x00, 0x00
.byte 0x00, 0x00, 0x00, 0x00, 0x01, 0x00, 0x00, 0x00
.globl _sym_00bff894
_sym_00bff894:
.byte 0xff, 0xff, 0xff, 0xff
.long _sym_00ada9e0
.globl _sym_00bff89c
_sym_00bff89c:
.byte 0x22, 0x05, 0x93, 0x19, 0x01, 0x00, 0x00, 0x00
.long _sym_00bff894
.byte 0x00, 0x00, 0x00, 0x00, 0x00, 0x00, 0x00, 0x00, 0x00, 0x00, 0x00, 0x00, 0x00, 0x00, 0x00, 0x00
.byte 0x00, 0x00, 0x00, 0x00, 0x01, 0x00, 0x00, 0x00
.globl _sym_00bff8c0
_sym_00bff8c0:
.byte 0xff, 0xff, 0xff, 0xff
.long _sym_00adb890
.globl _sym_00bff8c8
_sym_00bff8c8:
.byte 0x22, 0x05, 0x93, 0x19, 0x01, 0x00, 0x00, 0x00
.long _sym_00bff8c0
.byte 0x00, 0x00, 0x00, 0x00, 0x00, 0x00, 0x00, 0x00, 0x00, 0x00, 0x00, 0x00, 0x00, 0x00, 0x00, 0x00
.byte 0x00, 0x00, 0x00, 0x00, 0x01, 0x00, 0x00, 0x00
.globl _sym_00bff8ec
_sym_00bff8ec:
.byte 0xff, 0xff, 0xff, 0xff
.long _sym_00adb210
.byte 0xff, 0xff, 0xff, 0xff
.long _sym_00adb21e
.globl _sym_00bff8fc
_sym_00bff8fc:
.byte 0x22, 0x05, 0x93, 0x19, 0x02, 0x00, 0x00, 0x00
.long _sym_00bff8ec
.byte 0x00, 0x00, 0x00, 0x00, 0x00, 0x00, 0x00, 0x00, 0x00, 0x00, 0x00, 0x00, 0x00, 0x00, 0x00, 0x00
.byte 0x00, 0x00, 0x00, 0x00, 0x01, 0x00, 0x00, 0x00
.globl _sym_00bff920
_sym_00bff920:
.byte 0xff, 0xff, 0xff, 0xff
.long _sym_00ada740
.globl _sym_00bff928
_sym_00bff928:
.byte 0x22, 0x05, 0x93, 0x19, 0x01, 0x00, 0x00, 0x00
.long _sym_00bff920
.byte 0x00, 0x00, 0x00, 0x00, 0x00, 0x00, 0x00, 0x00, 0x00, 0x00, 0x00, 0x00, 0x00, 0x00, 0x00, 0x00
.byte 0x00, 0x00, 0x00, 0x00, 0x01, 0x00, 0x00, 0x00
.globl _sym_00bff94c
_sym_00bff94c:
.byte 0xff, 0xff, 0xff, 0xff
.long _sym_00adb780
.byte 0x00, 0x00, 0x00, 0x00
.long _sym_00adb791
.globl _sym_00bff95c
_sym_00bff95c:
.byte 0x22, 0x05, 0x93, 0x19, 0x02, 0x00, 0x00, 0x00
.long _sym_00bff94c
.byte 0x00, 0x00, 0x00, 0x00, 0x00, 0x00, 0x00, 0x00, 0x00, 0x00, 0x00, 0x00, 0x00, 0x00, 0x00, 0x00
.byte 0x00, 0x00, 0x00, 0x00, 0x01, 0x00, 0x00, 0x00
.globl _sym_00bff980
_sym_00bff980:
.byte 0xff, 0xff, 0xff, 0xff
.long _sym_00adaa70
.globl _sym_00bff988
_sym_00bff988:
.byte 0x22, 0x05, 0x93, 0x19, 0x01, 0x00, 0x00, 0x00
.long _sym_00bff980
.byte 0x00, 0x00, 0x00, 0x00, 0x00, 0x00, 0x00, 0x00, 0x00, 0x00, 0x00, 0x00, 0x00, 0x00, 0x00, 0x00
.byte 0x00, 0x00, 0x00, 0x00, 0x01, 0x00, 0x00, 0x00
.globl _sym_00bff9ac
_sym_00bff9ac:
.byte 0xff, 0xff, 0xff, 0xff
.long _sym_00adaa40
.globl _sym_00bff9b4
_sym_00bff9b4:
.byte 0x22, 0x05, 0x93, 0x19, 0x01, 0x00, 0x00, 0x00
.long _sym_00bff9ac
.byte 0x00, 0x00, 0x00, 0x00, 0x00, 0x00, 0x00, 0x00, 0x00, 0x00, 0x00, 0x00, 0x00, 0x00, 0x00, 0x00
.byte 0x00, 0x00, 0x00, 0x00, 0x01, 0x00, 0x00, 0x00
.globl _sym_00bff9d8
_sym_00bff9d8:
.byte 0xff, 0xff, 0xff, 0xff
.long _sym_00adb8c0
.byte 0x00, 0x00, 0x00, 0x00
.long _sym_00adb8cb
.globl _sym_00bff9e8
_sym_00bff9e8:
.byte 0x22, 0x05, 0x93, 0x19, 0x02, 0x00, 0x00, 0x00
.long _sym_00bff9d8
.byte 0x00, 0x00, 0x00, 0x00, 0x00, 0x00, 0x00, 0x00, 0x00, 0x00, 0x00, 0x00, 0x00, 0x00, 0x00, 0x00
.byte 0x00, 0x00, 0x00, 0x00, 0x01, 0x00, 0x00, 0x00
.globl _sym_00bffa0c
_sym_00bffa0c:
.byte 0xff, 0xff, 0xff, 0xff
.long _sym_00adb250
.byte 0xff, 0xff, 0xff, 0xff
.long _sym_00adb25e
.globl _sym_00bffa1c
_sym_00bffa1c:
.byte 0x22, 0x05, 0x93, 0x19, 0x02, 0x00, 0x00, 0x00
.long _sym_00bffa0c
.byte 0x00, 0x00, 0x00, 0x00, 0x00, 0x00, 0x00, 0x00, 0x00, 0x00, 0x00, 0x00, 0x00, 0x00, 0x00, 0x00
.byte 0x00, 0x00, 0x00, 0x00, 0x01, 0x00, 0x00, 0x00
.globl _sym_00bffa40
_sym_00bffa40:
.byte 0xff, 0xff, 0xff, 0xff
.long _sym_00ada770
.globl _sym_00bffa48
_sym_00bffa48:
.byte 0x22, 0x05, 0x93, 0x19, 0x01, 0x00, 0x00, 0x00
.long _sym_00bffa40
.byte 0x00, 0x00, 0x00, 0x00, 0x00, 0x00, 0x00, 0x00, 0x00, 0x00, 0x00, 0x00, 0x00, 0x00, 0x00, 0x00
.byte 0x00, 0x00, 0x00, 0x00, 0x01, 0x00, 0x00, 0x00
.globl _sym_00bffa6c
_sym_00bffa6c:
.byte 0xff, 0xff, 0xff, 0xff
.long _sym_00adb7c0
.byte 0x00, 0x00, 0x00, 0x00
.long _sym_00adb7d1
.globl _sym_00bffa7c
_sym_00bffa7c:
.byte 0x22, 0x05, 0x93, 0x19, 0x02, 0x00, 0x00, 0x00
.long _sym_00bffa6c
.byte 0x00, 0x00, 0x00, 0x00, 0x00, 0x00, 0x00, 0x00, 0x00, 0x00, 0x00, 0x00, 0x00, 0x00, 0x00, 0x00
.byte 0x00, 0x00, 0x00, 0x00, 0x01, 0x00, 0x00, 0x00
.globl _sym_00bffaa0
_sym_00bffaa0:
.byte 0xff, 0xff, 0xff, 0xff
.long _sym_00adaad0
.globl _sym_00bffaa8
_sym_00bffaa8:
.byte 0x22, 0x05, 0x93, 0x19, 0x01, 0x00, 0x00, 0x00
.long _sym_00bffaa0
.byte 0x00, 0x00, 0x00, 0x00, 0x00, 0x00, 0x00, 0x00, 0x00, 0x00, 0x00, 0x00, 0x00, 0x00, 0x00, 0x00
.byte 0x00, 0x00, 0x00, 0x00, 0x01, 0x00, 0x00, 0x00
.globl _sym_00bffacc
_sym_00bffacc:
.byte 0xff, 0xff, 0xff, 0xff
.long _sym_00adaaa0
.globl _sym_00bffad4
_sym_00bffad4:
.byte 0x22, 0x05, 0x93, 0x19, 0x01, 0x00, 0x00, 0x00
.long _sym_00bffacc
.byte 0x00, 0x00, 0x00, 0x00, 0x00, 0x00, 0x00, 0x00, 0x00, 0x00, 0x00, 0x00, 0x00, 0x00, 0x00, 0x00
.byte 0x00, 0x00, 0x00, 0x00, 0x01, 0x00, 0x00, 0x00
.globl _sym_00bffaf8
_sym_00bffaf8:
.byte 0xff, 0xff, 0xff, 0xff
.long _sym_00adb8f0
.byte 0x00, 0x00, 0x00, 0x00
.long _sym_00adb8fb
.globl _sym_00bffb08
_sym_00bffb08:
.byte 0x22, 0x05, 0x93, 0x19, 0x02, 0x00, 0x00, 0x00
.long _sym_00bffaf8
.byte 0x00, 0x00, 0x00, 0x00, 0x00, 0x00, 0x00, 0x00, 0x00, 0x00, 0x00, 0x00, 0x00, 0x00, 0x00, 0x00
.byte 0x00, 0x00, 0x00, 0x00, 0x01, 0x00, 0x00, 0x00
.globl _sym_00bffb2c
_sym_00bffb2c:
.byte 0xff, 0xff, 0xff, 0xff
.long _sym_00ada830
.globl _sym_00bffb34
_sym_00bffb34:
.byte 0x22, 0x05, 0x93, 0x19, 0x01, 0x00, 0x00, 0x00
.long _sym_00bffb2c
.byte 0x00, 0x00, 0x00, 0x00, 0x00, 0x00, 0x00, 0x00, 0x00, 0x00, 0x00, 0x00, 0x00, 0x00, 0x00, 0x00
.byte 0x00, 0x00, 0x00, 0x00, 0x01, 0x00, 0x00, 0x00
.globl _sym_00bffb58
_sym_00bffb58:
.byte 0xff, 0xff, 0xff, 0xff
.long _sym_00ada800
.globl _sym_00bffb60
_sym_00bffb60:
.byte 0x22, 0x05, 0x93, 0x19, 0x01, 0x00, 0x00, 0x00
.long _sym_00bffb58
.byte 0x00, 0x00, 0x00, 0x00, 0x00, 0x00, 0x00, 0x00, 0x00, 0x00, 0x00, 0x00, 0x00, 0x00, 0x00, 0x00
.byte 0x00, 0x00, 0x00, 0x00, 0x01, 0x00, 0x00, 0x00
.globl _sym_00bffb84
_sym_00bffb84:
.byte 0xff, 0xff, 0xff, 0xff
.long _sym_00ada860
.globl _sym_00bffb8c
_sym_00bffb8c:
.byte 0x22, 0x05, 0x93, 0x19, 0x01, 0x00, 0x00, 0x00
.long _sym_00bffb84
.byte 0x00, 0x00, 0x00, 0x00, 0x00, 0x00, 0x00, 0x00, 0x00, 0x00, 0x00, 0x00, 0x00, 0x00, 0x00, 0x00
.byte 0x00, 0x00, 0x00, 0x00, 0x01, 0x00, 0x00, 0x00
.globl _sym_00bffbb0
_sym_00bffbb0:
.byte 0xff, 0xff, 0xff, 0xff
.long _sym_00ada890
.globl _sym_00bffbb8
_sym_00bffbb8:
.byte 0x22, 0x05, 0x93, 0x19, 0x01, 0x00, 0x00, 0x00
.long _sym_00bffbb0
.byte 0x00, 0x00, 0x00, 0x00, 0x00, 0x00, 0x00, 0x00, 0x00, 0x00, 0x00, 0x00, 0x00, 0x00, 0x00, 0x00
.byte 0x00, 0x00, 0x00, 0x00, 0x01, 0x00, 0x00, 0x00
.globl _sym_00bffbdc
_sym_00bffbdc:
.byte 0xff, 0xff, 0xff, 0xff
.long _sym_00ada7a0
.globl _sym_00bffbe4
_sym_00bffbe4:
.byte 0x22, 0x05, 0x93, 0x19, 0x01, 0x00, 0x00, 0x00
.long _sym_00bffbdc
.byte 0x00, 0x00, 0x00, 0x00, 0x00, 0x00, 0x00, 0x00, 0x00, 0x00, 0x00, 0x00, 0x00, 0x00, 0x00, 0x00
.byte 0x00, 0x00, 0x00, 0x00, 0x01, 0x00, 0x00, 0x00
.globl _sym_00bffc08
_sym_00bffc08:
.byte 0xff, 0xff, 0xff, 0xff
.long _sym_00ada7d0
.globl _sym_00bffc10
_sym_00bffc10:
.byte 0x22, 0x05, 0x93, 0x19, 0x01, 0x00, 0x00, 0x00
.long _sym_00bffc08
.byte 0x00, 0x00, 0x00, 0x00, 0x00, 0x00, 0x00, 0x00, 0x00, 0x00, 0x00, 0x00, 0x00, 0x00, 0x00, 0x00
.byte 0x00, 0x00, 0x00, 0x00, 0x01, 0x00, 0x00, 0x00
.globl _sym_00bffc34
_sym_00bffc34:
.byte 0xff, 0xff, 0xff, 0xff
.long _sym_00ada680
.globl _sym_00bffc3c
_sym_00bffc3c:
.byte 0x22, 0x05, 0x93, 0x19, 0x01, 0x00, 0x00, 0x00
.long _sym_00bffc34
.byte 0x00, 0x00, 0x00, 0x00, 0x00, 0x00, 0x00, 0x00, 0x00, 0x00, 0x00, 0x00, 0x00, 0x00, 0x00, 0x00
.byte 0x00, 0x00, 0x00, 0x00, 0x01, 0x00, 0x00, 0x00
.globl _sym_00bffc60
_sym_00bffc60:
.byte 0xff, 0xff, 0xff, 0xff
.long _sym_00ada6b0
.globl _sym_00bffc68
_sym_00bffc68:
.byte 0x22, 0x05, 0x93, 0x19, 0x01, 0x00, 0x00, 0x00
.long _sym_00bffc60
.byte 0x00, 0x00, 0x00, 0x00, 0x00, 0x00, 0x00, 0x00, 0x00, 0x00, 0x00, 0x00, 0x00, 0x00, 0x00, 0x00
.byte 0x00, 0x00, 0x00, 0x00, 0x01, 0x00, 0x00, 0x00
.globl _sym_00bffc8c
_sym_00bffc8c:
.byte 0xff, 0xff, 0xff, 0xff
.long _sym_00ada6e0
.globl _sym_00bffc94
_sym_00bffc94:
.byte 0x22, 0x05, 0x93, 0x19, 0x01, 0x00, 0x00, 0x00
.long _sym_00bffc8c
.byte 0x00, 0x00, 0x00, 0x00, 0x00, 0x00, 0x00, 0x00, 0x00, 0x00, 0x00, 0x00, 0x00, 0x00, 0x00, 0x00
.byte 0x00, 0x00, 0x00, 0x00, 0x01, 0x00, 0x00, 0x00
.globl _sym_00bffcb8
_sym_00bffcb8:
.byte 0xff, 0xff, 0xff, 0xff
.long _sym_00ada650
.globl _sym_00bffcc0
_sym_00bffcc0:
.byte 0x22, 0x05, 0x93, 0x19, 0x01, 0x00, 0x00, 0x00
.long _sym_00bffcb8
.byte 0x00, 0x00, 0x00, 0x00, 0x00, 0x00, 0x00, 0x00, 0x00, 0x00, 0x00, 0x00, 0x00, 0x00, 0x00, 0x00
.byte 0x00, 0x00, 0x00, 0x00, 0x01, 0x00, 0x00, 0x00
.globl _sym_00bffce4
_sym_00bffce4:
.byte 0xff, 0xff, 0xff, 0xff
.long _sym_00ada530
.globl _sym_00bffcec
_sym_00bffcec:
.byte 0x22, 0x05, 0x93, 0x19, 0x01, 0x00, 0x00, 0x00
.long _sym_00bffce4
.byte 0x00, 0x00, 0x00, 0x00, 0x00, 0x00, 0x00, 0x00, 0x00, 0x00, 0x00, 0x00, 0x00, 0x00, 0x00, 0x00
.byte 0x00, 0x00, 0x00, 0x00, 0x01, 0x00, 0x00, 0x00
.globl _sym_00bffd10
_sym_00bffd10:
.byte 0xff, 0xff, 0xff, 0xff
.long _sym_00ada560
.globl _sym_00bffd18
_sym_00bffd18:
.byte 0x22, 0x05, 0x93, 0x19, 0x01, 0x00, 0x00, 0x00
.long _sym_00bffd10
.byte 0x00, 0x00, 0x00, 0x00, 0x00, 0x00, 0x00, 0x00, 0x00, 0x00, 0x00, 0x00, 0x00, 0x00, 0x00, 0x00
.byte 0x00, 0x00, 0x00, 0x00, 0x01, 0x00, 0x00, 0x00
.globl _sym_00bffd3c
_sym_00bffd3c:
.byte 0xff, 0xff, 0xff, 0xff
.long _sym_00ada590
.globl _sym_00bffd44
_sym_00bffd44:
.byte 0x22, 0x05, 0x93, 0x19, 0x01, 0x00, 0x00, 0x00
.long _sym_00bffd3c
.byte 0x00, 0x00, 0x00, 0x00, 0x00, 0x00, 0x00, 0x00, 0x00, 0x00, 0x00, 0x00, 0x00, 0x00, 0x00, 0x00
.byte 0x00, 0x00, 0x00, 0x00, 0x01, 0x00, 0x00, 0x00
.globl _sym_00bffd68
_sym_00bffd68:
.byte 0xff, 0xff, 0xff, 0xff
.long _sym_00ada5c0
.globl _sym_00bffd70
_sym_00bffd70:
.byte 0x22, 0x05, 0x93, 0x19, 0x01, 0x00, 0x00, 0x00
.long _sym_00bffd68
.byte 0x00, 0x00, 0x00, 0x00, 0x00, 0x00, 0x00, 0x00, 0x00, 0x00, 0x00, 0x00, 0x00, 0x00, 0x00, 0x00
.byte 0x00, 0x00, 0x00, 0x00, 0x01, 0x00, 0x00, 0x00
.globl _sym_00bffd94
_sym_00bffd94:
.byte 0xff, 0xff, 0xff, 0xff
.long _sym_00ada5f0
.globl _sym_00bffd9c
_sym_00bffd9c:
.byte 0x22, 0x05, 0x93, 0x19, 0x01, 0x00, 0x00, 0x00
.long _sym_00bffd94
.byte 0x00, 0x00, 0x00, 0x00, 0x00, 0x00, 0x00, 0x00, 0x00, 0x00, 0x00, 0x00, 0x00, 0x00, 0x00, 0x00
.byte 0x00, 0x00, 0x00, 0x00, 0x01, 0x00, 0x00, 0x00
.globl _sym_00bffdc0
_sym_00bffdc0:
.byte 0xff, 0xff, 0xff, 0xff
.long _sym_00ada620
.globl _sym_00bffdc8
_sym_00bffdc8:
.byte 0x22, 0x05, 0x93, 0x19, 0x01, 0x00, 0x00, 0x00
.long _sym_00bffdc0
.byte 0x00, 0x00, 0x00, 0x00, 0x00, 0x00, 0x00, 0x00, 0x00, 0x00, 0x00, 0x00, 0x00, 0x00, 0x00, 0x00
.byte 0x00, 0x00, 0x00, 0x00, 0x01, 0x00, 0x00, 0x00
.globl _sym_00bffdec
_sym_00bffdec:
.byte 0x22, 0x05, 0x93, 0x19, 0x08, 0x00, 0x00, 0x00
.long _sym_00bffe10
.byte 0x00, 0x00, 0x00, 0x00, 0x00, 0x00, 0x00, 0x00, 0x00, 0x00, 0x00, 0x00, 0x00, 0x00, 0x00, 0x00
.byte 0x00, 0x00, 0x00, 0x00, 0x01, 0x00, 0x00, 0x00
.globl _sym_00bffe10
_sym_00bffe10:
.byte 0xff, 0xff, 0xff, 0xff
.long _sym_00adb020
.byte 0xff, 0xff, 0xff, 0xff
.long _sym_00adb02e
.byte 0x01, 0x00, 0x00, 0x00
.long _sym_00adb03c
.byte 0x01, 0x00, 0x00, 0x00, 0x00, 0x00, 0x00, 0x00, 0x01, 0x00, 0x00, 0x00, 0x00, 0x00, 0x00, 0x00
.byte 0x01, 0x00, 0x00, 0x00, 0x00, 0x00, 0x00, 0x00, 0xff, 0xff, 0xff, 0xff
.long _sym_00adb04a
.byte 0xff, 0xff, 0xff, 0xff
.long _sym_00adb058
.globl _sym_00bffe50
_sym_00bffe50:
.byte 0xff, 0xff, 0xff, 0xff
.long _sym_00ada410
.globl _sym_00bffe58
_sym_00bffe58:
.byte 0x22, 0x05, 0x93, 0x19, 0x01, 0x00, 0x00, 0x00
.long _sym_00bffe50
.byte 0x00, 0x00, 0x00, 0x00, 0x00, 0x00, 0x00, 0x00, 0x00, 0x00, 0x00, 0x00, 0x00, 0x00, 0x00, 0x00
.byte 0x00, 0x00, 0x00, 0x00, 0x01, 0x00, 0x00, 0x00
.globl _sym_00bffe7c
_sym_00bffe7c:
.byte 0xff, 0xff, 0xff, 0xff
.long _sym_00adab00
.byte 0x00, 0x00, 0x00, 0x00
.long _sym_00adab0b
.globl _sym_00bffe8c
_sym_00bffe8c:
.byte 0x22, 0x05, 0x93, 0x19, 0x02, 0x00, 0x00, 0x00
.long _sym_00bffe7c
.byte 0x00, 0x00, 0x00, 0x00, 0x00, 0x00, 0x00, 0x00, 0x00, 0x00, 0x00, 0x00, 0x00, 0x00, 0x00, 0x00
.byte 0x00, 0x00, 0x00, 0x00, 0x01, 0x00, 0x00, 0x00
.globl _sym_00bffeb0
_sym_00bffeb0:
.byte 0x22, 0x05, 0x93, 0x19, 0x10, 0x00, 0x00, 0x00
.long _sym_00bffed4
.byte 0x00, 0x00, 0x00, 0x00, 0x00, 0x00, 0x00, 0x00, 0x00, 0x00, 0x00, 0x00, 0x00, 0x00, 0x00, 0x00
.byte 0x00, 0x00, 0x00, 0x00, 0x01, 0x00, 0x00, 0x00
.globl _sym_00bffed4
_sym_00bffed4:
.byte 0xff, 0xff, 0xff, 0xff
.long _sym_00adb980
.byte 0x00, 0x00, 0x00, 0x00
.long _sym_00adb98b
.byte 0xff, 0xff, 0xff, 0xff
.long _sym_00adb993
.byte 0x02, 0x00, 0x00, 0x00
.long _sym_00adb99e
.byte 0xff, 0xff, 0xff, 0xff
.long _sym_00adb9a6
.byte 0x04, 0x00, 0x00, 0x00
.long _sym_00adb9b1
.byte 0xff, 0xff, 0xff, 0xff
.long _sym_00adb9b9
.byte 0x06, 0x00, 0x00, 0x00
.long _sym_00adb9c4
.byte 0xff, 0xff, 0xff, 0xff
.long _sym_00adb9cc
.byte 0x08, 0x00, 0x00, 0x00
.long _sym_00adb9d7
.byte 0xff, 0xff, 0xff, 0xff
.long _sym_00adb9df
.byte 0x0a, 0x00, 0x00, 0x00
.long _sym_00adb9ea
.byte 0xff, 0xff, 0xff, 0xff
.long _sym_00adb9f2
.byte 0x0c, 0x00, 0x00, 0x00
.long _sym_00adb9fd
.byte 0xff, 0xff, 0xff, 0xff
.long _sym_00adba05
.byte 0x0e, 0x00, 0x00, 0x00
.long _sym_00adba10
.globl _sym_00bfff54
_sym_00bfff54:
.byte 0xff, 0xff, 0xff, 0xff
.long _sym_00adb2f0
.byte 0xff, 0xff, 0xff, 0xff
.long _sym_00adb2fe
.byte 0xff, 0xff, 0xff, 0xff
.long _sym_00adb30c
.byte 0xff, 0xff, 0xff, 0xff
.long _sym_00adb31a
.globl _sym_00bfff74
_sym_00bfff74:
.byte 0x22, 0x05, 0x93, 0x19, 0x04, 0x00, 0x00, 0x00
.long _sym_00bfff54
.byte 0x00, 0x00, 0x00, 0x00, 0x00, 0x00, 0x00, 0x00, 0x00, 0x00, 0x00, 0x00, 0x00, 0x00, 0x00, 0x00
.byte 0x00, 0x00, 0x00, 0x00, 0x01, 0x00, 0x00, 0x00
.globl _sym_00bfff98
_sym_00bfff98:
.byte 0xff, 0xff, 0xff, 0xff
.long _sym_00adb440
.byte 0xff, 0xff, 0xff, 0xff, 0x00, 0x00, 0x00, 0x00, 0xff, 0xff, 0xff, 0xff, 0x00, 0x00, 0x00, 0x00
.byte 0xff, 0xff, 0xff, 0xff, 0x00, 0x00, 0x00, 0x00
.globl _sym_00bfffb8
_sym_00bfffb8:
.byte 0x22, 0x05, 0x93, 0x19, 0x04, 0x00, 0x00, 0x00
.long _sym_00bfff98
.byte 0x00, 0x00, 0x00, 0x00, 0x00, 0x00, 0x00, 0x00, 0x00, 0x00, 0x00, 0x00, 0x00, 0x00, 0x00, 0x00
.byte 0x00, 0x00, 0x00, 0x00, 0x01, 0x00, 0x00, 0x00
.globl _sym_00bfffdc
_sym_00bfffdc:
.byte 0x22, 0x05, 0x93, 0x19, 0x05, 0x00, 0x00, 0x00
.long _sym_00c00000
.byte 0x00, 0x00, 0x00, 0x00, 0x00, 0x00, 0x00, 0x00, 0x00, 0x00, 0x00, 0x00, 0x00, 0x00, 0x00, 0x00
.byte 0x00, 0x00, 0x00, 0x00, 0x01, 0x00, 0x00, 0x00
.globl _sym_00c00000
_sym_00c00000:
.byte 0xff, 0xff, 0xff, 0xff
.long _sym_00adb090
.byte 0x00, 0x00, 0x00, 0x00
.long _sym_00adb09e
.byte 0x00, 0x00, 0x00, 0x00, 0x00, 0x00, 0x00, 0x00, 0x00, 0x00, 0x00, 0x00, 0x00, 0x00, 0x00, 0x00
.byte 0x00, 0x00, 0x00, 0x00, 0x00, 0x00, 0x00, 0x00
.globl _sym_00c00028
_sym_00c00028:
.byte 0xff, 0xff, 0xff, 0xff
.long _sym_00ada440
.globl _sym_00c00030
_sym_00c00030:
.byte 0x22, 0x05, 0x93, 0x19, 0x01, 0x00, 0x00, 0x00
.long _sym_00c00028
.byte 0x00, 0x00, 0x00, 0x00, 0x00, 0x00, 0x00, 0x00, 0x00, 0x00, 0x00, 0x00, 0x00, 0x00, 0x00, 0x00
.byte 0x00, 0x00, 0x00, 0x00, 0x01, 0x00, 0x00, 0x00
.globl _sym_00c00054
_sym_00c00054:
.byte 0xff, 0xff, 0xff, 0xff
.long _sym_00adab40
.globl _sym_00c0005c
_sym_00c0005c:
.byte 0x22, 0x05, 0x93, 0x19, 0x01, 0x00, 0x00, 0x00
.long _sym_00c00054
.byte 0x00, 0x00, 0x00, 0x00, 0x00, 0x00, 0x00, 0x00, 0x00, 0x00, 0x00, 0x00, 0x00, 0x00, 0x00, 0x00
.byte 0x00, 0x00, 0x00, 0x00, 0x01, 0x00, 0x00, 0x00
.globl _sym_00c00080
_sym_00c00080:
.byte 0xff, 0xff, 0xff, 0xff
.long _sym_00adb650
.globl _sym_00c00088
_sym_00c00088:
.byte 0x22, 0x05, 0x93, 0x19, 0x01, 0x00, 0x00, 0x00
.long _sym_00c00080
.byte 0x00, 0x00, 0x00, 0x00, 0x00, 0x00, 0x00, 0x00, 0x00, 0x00, 0x00, 0x00, 0x00, 0x00, 0x00, 0x00
.byte 0x00, 0x00, 0x00, 0x00, 0x01, 0x00, 0x00, 0x00
.globl _sym_00c000ac
_sym_00c000ac:
.byte 0xff, 0xff, 0xff, 0xff
.long _sym_00adb290
.byte 0xff, 0xff, 0xff, 0xff
.long _sym_00adb29e
.byte 0xff, 0xff, 0xff, 0xff
.long _sym_00adb2ac
.byte 0xff, 0xff, 0xff, 0xff
.long _sym_00adb2ba
.globl _sym_00c000cc
_sym_00c000cc:
.byte 0x22, 0x05, 0x93, 0x19, 0x04, 0x00, 0x00, 0x00
.long _sym_00c000ac
.byte 0x00, 0x00, 0x00, 0x00, 0x00, 0x00, 0x00, 0x00, 0x00, 0x00, 0x00, 0x00, 0x00, 0x00, 0x00, 0x00
.byte 0x00, 0x00, 0x00, 0x00, 0x01, 0x00, 0x00, 0x00
.globl _sym_00c000f0
_sym_00c000f0:
.byte 0xff, 0xff, 0xff, 0xff
.long _sym_00adb410
.byte 0xff, 0xff, 0xff, 0xff, 0x00, 0x00, 0x00, 0x00, 0xff, 0xff, 0xff, 0xff, 0x00, 0x00, 0x00, 0x00
.byte 0xff, 0xff, 0xff, 0xff, 0x00, 0x00, 0x00, 0x00
.globl _sym_00c00110
_sym_00c00110:
.byte 0x22, 0x05, 0x93, 0x19, 0x04, 0x00, 0x00, 0x00
.long _sym_00c000f0
.byte 0x00, 0x00, 0x00, 0x00, 0x00, 0x00, 0x00, 0x00, 0x00, 0x00, 0x00, 0x00, 0x00, 0x00, 0x00, 0x00
.byte 0x00, 0x00, 0x00, 0x00, 0x01, 0x00, 0x00, 0x00
.globl _sym_00c00134
_sym_00c00134:
.byte 0xff, 0xff, 0xff, 0xff
.long _sym_00adabd0
.globl _sym_00c0013c
_sym_00c0013c:
.byte 0x22, 0x05, 0x93, 0x19, 0x01, 0x00, 0x00, 0x00
.long _sym_00c00134
.byte 0x00, 0x00, 0x00, 0x00, 0x00, 0x00, 0x00, 0x00, 0x00, 0x00, 0x00, 0x00, 0x00, 0x00, 0x00, 0x00
.byte 0x00, 0x00, 0x00, 0x00, 0x01, 0x00, 0x00, 0x00
.globl _sym_00c00160
_sym_00c00160:
.byte 0xff, 0xff, 0xff, 0xff
.long _sym_00adac60
.globl _sym_00c00168
_sym_00c00168:
.byte 0x22, 0x05, 0x93, 0x19, 0x01, 0x00, 0x00, 0x00
.long _sym_00c00160
.byte 0x00, 0x00, 0x00, 0x00, 0x00, 0x00, 0x00, 0x00, 0x00, 0x00, 0x00, 0x00, 0x00, 0x00, 0x00, 0x00
.byte 0x00, 0x00, 0x00, 0x00, 0x01, 0x00, 0x00, 0x00
.globl _sym_00c0018c
_sym_00c0018c:
.byte 0xff, 0xff, 0xff, 0xff
.long _sym_00adac30
.globl _sym_00c00194
_sym_00c00194:
.byte 0x22, 0x05, 0x93, 0x19, 0x01, 0x00, 0x00, 0x00
.long _sym_00c0018c
.byte 0x00, 0x00, 0x00, 0x00, 0x00, 0x00, 0x00, 0x00, 0x00, 0x00, 0x00, 0x00, 0x00, 0x00, 0x00, 0x00
.byte 0x00, 0x00, 0x00, 0x00, 0x01, 0x00, 0x00, 0x00
.globl _sym_00c001b8
_sym_00c001b8:
.byte 0xff, 0xff, 0xff, 0xff
.long _sym_00adac00
.globl _sym_00c001c0
_sym_00c001c0:
.byte 0x22, 0x05, 0x93, 0x19, 0x01, 0x00, 0x00, 0x00
.long _sym_00c001b8
.byte 0x00, 0x00, 0x00, 0x00, 0x00, 0x00, 0x00, 0x00, 0x00, 0x00, 0x00, 0x00, 0x00, 0x00, 0x00, 0x00
.byte 0x00, 0x00, 0x00, 0x00, 0x01, 0x00, 0x00, 0x00
.globl _sym_00c001e4
_sym_00c001e4:
.byte 0xff, 0xff, 0xff, 0xff
.long _sym_00adae70
.globl _sym_00c001ec
_sym_00c001ec:
.byte 0x22, 0x05, 0x93, 0x19, 0x01, 0x00, 0x00, 0x00
.long _sym_00c001e4
.byte 0x00, 0x00, 0x00, 0x00, 0x00, 0x00, 0x00, 0x00, 0x00, 0x00, 0x00, 0x00, 0x00, 0x00, 0x00, 0x00
.byte 0x00, 0x00, 0x00, 0x00, 0x01, 0x00, 0x00, 0x00
.globl _sym_00c00210
_sym_00c00210:
.byte 0xff, 0xff, 0xff, 0xff
.long _sym_00adaea0
.globl _sym_00c00218
_sym_00c00218:
.byte 0x22, 0x05, 0x93, 0x19, 0x01, 0x00, 0x00, 0x00
.long _sym_00c00210
.byte 0x00, 0x00, 0x00, 0x00, 0x00, 0x00, 0x00, 0x00, 0x00, 0x00, 0x00, 0x00, 0x00, 0x00, 0x00, 0x00
.byte 0x00, 0x00, 0x00, 0x00, 0x01, 0x00, 0x00, 0x00
.globl _sym_00c0023c
_sym_00c0023c:
.byte 0xff, 0xff, 0xff, 0xff
.long _sym_00adaed0
.globl _sym_00c00244
_sym_00c00244:
.byte 0x22, 0x05, 0x93, 0x19, 0x01, 0x00, 0x00, 0x00
.long _sym_00c0023c
.byte 0x00, 0x00, 0x00, 0x00, 0x00, 0x00, 0x00, 0x00, 0x00, 0x00, 0x00, 0x00, 0x00, 0x00, 0x00, 0x00
.byte 0x00, 0x00, 0x00, 0x00, 0x01, 0x00, 0x00, 0x00
.globl _sym_00c00268
_sym_00c00268:
.byte 0xff, 0xff, 0xff, 0xff
.long _sym_00adaf90
.globl _sym_00c00270
_sym_00c00270:
.byte 0x22, 0x05, 0x93, 0x19, 0x01, 0x00, 0x00, 0x00
.long _sym_00c00268
.byte 0x00, 0x00, 0x00, 0x00, 0x00, 0x00, 0x00, 0x00, 0x00, 0x00, 0x00, 0x00, 0x00, 0x00, 0x00, 0x00
.byte 0x00, 0x00, 0x00, 0x00, 0x01, 0x00, 0x00, 0x00
.globl _sym_00c00294
_sym_00c00294:
.byte 0xff, 0xff, 0xff, 0xff
.long _sym_00adaf60
.globl _sym_00c0029c
_sym_00c0029c:
.byte 0x22, 0x05, 0x93, 0x19, 0x01, 0x00, 0x00, 0x00
.long _sym_00c00294
.byte 0x00, 0x00, 0x00, 0x00, 0x00, 0x00, 0x00, 0x00, 0x00, 0x00, 0x00, 0x00, 0x00, 0x00, 0x00, 0x00
.byte 0x00, 0x00, 0x00, 0x00, 0x01, 0x00, 0x00, 0x00
.globl _sym_00c002c0
_sym_00c002c0:
.byte 0xff, 0xff, 0xff, 0xff
.long _sym_00adaf00
.globl _sym_00c002c8
_sym_00c002c8:
.byte 0x22, 0x05, 0x93, 0x19, 0x01, 0x00, 0x00, 0x00
.long _sym_00c002c0
.byte 0x00, 0x00, 0x00, 0x00, 0x00, 0x00, 0x00, 0x00, 0x00, 0x00, 0x00, 0x00, 0x00, 0x00, 0x00, 0x00
.byte 0x00, 0x00, 0x00, 0x00, 0x01, 0x00, 0x00, 0x00
.globl _sym_00c002ec
_sym_00c002ec:
.byte 0xff, 0xff, 0xff, 0xff
.long _sym_00adaf30
.globl _sym_00c002f4
_sym_00c002f4:
.byte 0x22, 0x05, 0x93, 0x19, 0x01, 0x00, 0x00, 0x00
.long _sym_00c002ec
.byte 0x00, 0x00, 0x00, 0x00, 0x00, 0x00, 0x00, 0x00, 0x00, 0x00, 0x00, 0x00, 0x00, 0x00, 0x00, 0x00
.byte 0x00, 0x00, 0x00, 0x00, 0x01, 0x00, 0x00, 0x00
.globl _sym_00c00318
_sym_00c00318:
.byte 0xff, 0xff, 0xff, 0xff
.long _sym_00adafc0
.globl _sym_00c00320
_sym_00c00320:
.byte 0x22, 0x05, 0x93, 0x19, 0x01, 0x00, 0x00, 0x00
.long _sym_00c00318
.byte 0x00, 0x00, 0x00, 0x00, 0x00, 0x00, 0x00, 0x00, 0x00, 0x00, 0x00, 0x00, 0x00, 0x00, 0x00, 0x00
.byte 0x00, 0x00, 0x00, 0x00, 0x01, 0x00, 0x00, 0x00
.globl _sym_00c00344
_sym_00c00344:
.byte 0xff, 0xff, 0xff, 0xff
.long _sym_00adaff0
.globl _sym_00c0034c
_sym_00c0034c:
.byte 0x22, 0x05, 0x93, 0x19, 0x01, 0x00, 0x00, 0x00
.long _sym_00c00344
.byte 0x00, 0x00, 0x00, 0x00, 0x00, 0x00, 0x00, 0x00, 0x00, 0x00, 0x00, 0x00, 0x00, 0x00, 0x00, 0x00
.byte 0x00, 0x00, 0x00, 0x00, 0x01, 0x00, 0x00, 0x00
.globl _sym_00c00370
_sym_00c00370:
.byte 0xff, 0xff, 0xff, 0xff
.long _sym_00adade0
.globl _sym_00c00378
_sym_00c00378:
.byte 0x22, 0x05, 0x93, 0x19, 0x01, 0x00, 0x00, 0x00
.long _sym_00c00370
.byte 0x00, 0x00, 0x00, 0x00, 0x00, 0x00, 0x00, 0x00, 0x00, 0x00, 0x00, 0x00, 0x00, 0x00, 0x00, 0x00
.byte 0x00, 0x00, 0x00, 0x00, 0x01, 0x00, 0x00, 0x00
.globl _sym_00c0039c
_sym_00c0039c:
.byte 0xff, 0xff, 0xff, 0xff
.long _sym_00adae10
.globl _sym_00c003a4
_sym_00c003a4:
.byte 0x22, 0x05, 0x93, 0x19, 0x01, 0x00, 0x00, 0x00
.long _sym_00c0039c
.byte 0x00, 0x00, 0x00, 0x00, 0x00, 0x00, 0x00, 0x00, 0x00, 0x00, 0x00, 0x00, 0x00, 0x00, 0x00, 0x00
.byte 0x00, 0x00, 0x00, 0x00, 0x01, 0x00, 0x00, 0x00
.globl _sym_00c003c8
_sym_00c003c8:
.byte 0xff, 0xff, 0xff, 0xff
.long _sym_00adae40
.globl _sym_00c003d0
_sym_00c003d0:
.byte 0x22, 0x05, 0x93, 0x19, 0x01, 0x00, 0x00, 0x00
.long _sym_00c003c8
.byte 0x00, 0x00, 0x00, 0x00, 0x00, 0x00, 0x00, 0x00, 0x00, 0x00, 0x00, 0x00, 0x00, 0x00, 0x00, 0x00
.byte 0x00, 0x00, 0x00, 0x00, 0x01, 0x00, 0x00, 0x00
.globl _sym_00c003f4
_sym_00c003f4:
.byte 0xff, 0xff, 0xff, 0xff
.long _sym_00adadb0
.globl _sym_00c003fc
_sym_00c003fc:
.byte 0x22, 0x05, 0x93, 0x19, 0x01, 0x00, 0x00, 0x00
.long _sym_00c003f4
.byte 0x00, 0x00, 0x00, 0x00, 0x00, 0x00, 0x00, 0x00, 0x00, 0x00, 0x00, 0x00, 0x00, 0x00, 0x00, 0x00
.byte 0x00, 0x00, 0x00, 0x00, 0x01, 0x00, 0x00, 0x00
.globl _sym_00c00420
_sym_00c00420:
.byte 0xff, 0xff, 0xff, 0xff
.long _sym_00adac90
.globl _sym_00c00428
_sym_00c00428:
.byte 0x22, 0x05, 0x93, 0x19, 0x01, 0x00, 0x00, 0x00
.long _sym_00c00420
.byte 0x00, 0x00, 0x00, 0x00, 0x00, 0x00, 0x00, 0x00, 0x00, 0x00, 0x00, 0x00, 0x00, 0x00, 0x00, 0x00
.byte 0x00, 0x00, 0x00, 0x00, 0x01, 0x00, 0x00, 0x00
.globl _sym_00c0044c
_sym_00c0044c:
.byte 0xff, 0xff, 0xff, 0xff
.long _sym_00adacc0
.globl _sym_00c00454
_sym_00c00454:
.byte 0x22, 0x05, 0x93, 0x19, 0x01, 0x00, 0x00, 0x00
.long _sym_00c0044c
.byte 0x00, 0x00, 0x00, 0x00, 0x00, 0x00, 0x00, 0x00, 0x00, 0x00, 0x00, 0x00, 0x00, 0x00, 0x00, 0x00
.byte 0x00, 0x00, 0x00, 0x00, 0x01, 0x00, 0x00, 0x00
.globl _sym_00c00478
_sym_00c00478:
.byte 0xff, 0xff, 0xff, 0xff
.long _sym_00adacf0
.globl _sym_00c00480
_sym_00c00480:
.byte 0x22, 0x05, 0x93, 0x19, 0x01, 0x00, 0x00, 0x00
.long _sym_00c00478
.byte 0x00, 0x00, 0x00, 0x00, 0x00, 0x00, 0x00, 0x00, 0x00, 0x00, 0x00, 0x00, 0x00, 0x00, 0x00, 0x00
.byte 0x00, 0x00, 0x00, 0x00, 0x01, 0x00, 0x00, 0x00
.globl _sym_00c004a4
_sym_00c004a4:
.byte 0xff, 0xff, 0xff, 0xff
.long _sym_00adad20
.globl _sym_00c004ac
_sym_00c004ac:
.byte 0x22, 0x05, 0x93, 0x19, 0x01, 0x00, 0x00, 0x00
.long _sym_00c004a4
.byte 0x00, 0x00, 0x00, 0x00, 0x00, 0x00, 0x00, 0x00, 0x00, 0x00, 0x00, 0x00, 0x00, 0x00, 0x00, 0x00
.byte 0x00, 0x00, 0x00, 0x00, 0x01, 0x00, 0x00, 0x00
.globl _sym_00c004d0
_sym_00c004d0:
.byte 0xff, 0xff, 0xff, 0xff
.long _sym_00adad50
.globl _sym_00c004d8
_sym_00c004d8:
.byte 0x22, 0x05, 0x93, 0x19, 0x01, 0x00, 0x00, 0x00
.long _sym_00c004d0
.byte 0x00, 0x00, 0x00, 0x00, 0x00, 0x00, 0x00, 0x00, 0x00, 0x00, 0x00, 0x00, 0x00, 0x00, 0x00, 0x00
.byte 0x00, 0x00, 0x00, 0x00, 0x01, 0x00, 0x00, 0x00
.globl _sym_00c004fc
_sym_00c004fc:
.byte 0xff, 0xff, 0xff, 0xff
.long _sym_00adad80
.globl _sym_00c00504
_sym_00c00504:
.byte 0x22, 0x05, 0x93, 0x19, 0x01, 0x00, 0x00, 0x00
.long _sym_00c004fc
.byte 0x00, 0x00, 0x00, 0x00, 0x00, 0x00, 0x00, 0x00, 0x00, 0x00, 0x00, 0x00, 0x00, 0x00, 0x00, 0x00
.byte 0x00, 0x00, 0x00, 0x00, 0x01, 0x00, 0x00, 0x00
.globl _sym_00c00528
_sym_00c00528:
.byte 0xff, 0xff, 0xff, 0xff
.long _sym_00adab70
.globl _sym_00c00530
_sym_00c00530:
.byte 0x22, 0x05, 0x93, 0x19, 0x01, 0x00, 0x00, 0x00
.long _sym_00c00528
.byte 0x00, 0x00, 0x00, 0x00, 0x00, 0x00, 0x00, 0x00, 0x00, 0x00, 0x00, 0x00, 0x00, 0x00, 0x00, 0x00
.byte 0x00, 0x00, 0x00, 0x00, 0x01, 0x00, 0x00, 0x00
.globl _sym_00c00554
_sym_00c00554:
.byte 0xff, 0xff, 0xff, 0xff
.long _sym_00ada2c0
.byte 0xff, 0xff, 0xff, 0xff, 0x00, 0x00, 0x00, 0x00, 0xff, 0xff, 0xff, 0xff, 0x00, 0x00, 0x00, 0x00
.byte 0xff, 0xff, 0xff, 0xff, 0x00, 0x00, 0x00, 0x00
.globl _sym_00c00574
_sym_00c00574:
.byte 0x22, 0x05, 0x93, 0x19, 0x04, 0x00, 0x00, 0x00
.long _sym_00c00554
.byte 0x00, 0x00, 0x00, 0x00, 0x00, 0x00, 0x00, 0x00, 0x00, 0x00, 0x00, 0x00, 0x00, 0x00, 0x00, 0x00
.byte 0x00, 0x00, 0x00, 0x00, 0x01, 0x00, 0x00, 0x00
.globl _sym_00c00598
_sym_00c00598:
.byte 0xff, 0xff, 0xff, 0xff
.long _sym_00adaba0
.globl _sym_00c005a0
_sym_00c005a0:
.byte 0x22, 0x05, 0x93, 0x19, 0x01, 0x00, 0x00, 0x00
.long _sym_00c00598
.byte 0x00, 0x00, 0x00, 0x00, 0x00, 0x00, 0x00, 0x00, 0x00, 0x00, 0x00, 0x00, 0x00, 0x00, 0x00, 0x00
.byte 0x00, 0x00, 0x00, 0x00, 0x01, 0x00, 0x00, 0x00
.globl _sym_00c005c4
_sym_00c005c4:
.byte 0xff, 0xff, 0xff, 0xff
.long _sym_00ada290
.byte 0xff, 0xff, 0xff, 0xff, 0x00, 0x00, 0x00, 0x00, 0xff, 0xff, 0xff, 0xff, 0x00, 0x00, 0x00, 0x00
.byte 0xff, 0xff, 0xff, 0xff, 0x00, 0x00, 0x00, 0x00
.globl _sym_00c005e4
_sym_00c005e4:
.byte 0x22, 0x05, 0x93, 0x19, 0x04, 0x00, 0x00, 0x00
.long _sym_00c005c4
.byte 0x00, 0x00, 0x00, 0x00, 0x00, 0x00, 0x00, 0x00, 0x00, 0x00, 0x00, 0x00, 0x00, 0x00, 0x00, 0x00
.byte 0x00, 0x00, 0x00, 0x00, 0x01, 0x00, 0x00, 0x00
.globl _sym_00c00608
_sym_00c00608:
.byte 0xff, 0xff, 0xff, 0xff
.long _sym_00ada3e0
.globl _sym_00c00610
_sym_00c00610:
.byte 0x22, 0x05, 0x93, 0x19, 0x01, 0x00, 0x00, 0x00
.long _sym_00c00608
.byte 0x00, 0x00, 0x00, 0x00, 0x00, 0x00, 0x00, 0x00, 0x00, 0x00, 0x00, 0x00, 0x00, 0x00, 0x00, 0x00
.byte 0x00, 0x00, 0x00, 0x00, 0x01, 0x00, 0x00, 0x00
.globl _sym_00c00634
_sym_00c00634:
.byte 0xff, 0xff, 0xff, 0xff
.long _sym_00ada200
.byte 0xff, 0xff, 0xff, 0xff, 0x00, 0x00, 0x00, 0x00, 0xff, 0xff, 0xff, 0xff, 0x00, 0x00, 0x00, 0x00
.byte 0xff, 0xff, 0xff, 0xff, 0x00, 0x00, 0x00, 0x00
.globl _sym_00c00654
_sym_00c00654:
.byte 0x22, 0x05, 0x93, 0x19, 0x04, 0x00, 0x00, 0x00
.long _sym_00c00634
.byte 0x00, 0x00, 0x00, 0x00, 0x00, 0x00, 0x00, 0x00, 0x00, 0x00, 0x00, 0x00, 0x00, 0x00, 0x00, 0x00
.byte 0x00, 0x00, 0x00, 0x00, 0x01, 0x00, 0x00, 0x00
.globl _sym_00c00678
_sym_00c00678:
.byte 0xff, 0xff, 0xff, 0xff
.long _sym_00adb920
.globl _sym_00c00680
_sym_00c00680:
.byte 0x22, 0x05, 0x93, 0x19, 0x01, 0x00, 0x00, 0x00
.long _sym_00c00678
.byte 0x00, 0x00, 0x00, 0x00, 0x00, 0x00, 0x00, 0x00, 0x00, 0x00, 0x00, 0x00, 0x00, 0x00, 0x00, 0x00
.byte 0x00, 0x00, 0x00, 0x00, 0x01, 0x00, 0x00, 0x00
.globl _sym_00c006a4
_sym_00c006a4:
.byte 0xff, 0xff, 0xff, 0xff
.long _sym_00adb950
.globl _sym_00c006ac
_sym_00c006ac:
.byte 0x22, 0x05, 0x93, 0x19, 0x01, 0x00, 0x00, 0x00
.long _sym_00c006a4
.byte 0x00, 0x00, 0x00, 0x00, 0x00, 0x00, 0x00, 0x00, 0x00, 0x00, 0x00, 0x00, 0x00, 0x00, 0x00, 0x00
.byte 0x00, 0x00, 0x00, 0x00, 0x01, 0x00, 0x00, 0x00
.globl _sym_00c006d0
_sym_00c006d0:
.byte 0xff, 0xff, 0xff, 0xff
.long _sym_00ada3b0
.globl _sym_00c006d8
_sym_00c006d8:
.byte 0x22, 0x05, 0x93, 0x19, 0x01, 0x00, 0x00, 0x00
.long _sym_00c006d0
.byte 0x00, 0x00, 0x00, 0x00, 0x00, 0x00, 0x00, 0x00, 0x00, 0x00, 0x00, 0x00, 0x00, 0x00, 0x00, 0x00
.byte 0x00, 0x00, 0x00, 0x00, 0x01, 0x00, 0x00, 0x00
.globl _sym_00c006fc
_sym_00c006fc:
.byte 0xff, 0xff, 0xff, 0xff
.long _sym_00ada1d0
.byte 0xff, 0xff, 0xff, 0xff, 0x00, 0x00, 0x00, 0x00, 0xff, 0xff, 0xff, 0xff, 0x00, 0x00, 0x00, 0x00
.byte 0xff, 0xff, 0xff, 0xff, 0x00, 0x00, 0x00, 0x00
.globl _sym_00c0071c
_sym_00c0071c:
.byte 0x22, 0x05, 0x93, 0x19, 0x04, 0x00, 0x00, 0x00
.long _sym_00c006fc
.byte 0x00, 0x00, 0x00, 0x00, 0x00, 0x00, 0x00, 0x00, 0x00, 0x00, 0x00, 0x00, 0x00, 0x00, 0x00, 0x00
.byte 0x00, 0x00, 0x00, 0x00, 0x01, 0x00, 0x00, 0x00
.globl _sym_00c00740
_sym_00c00740:
.byte 0xff, 0xff, 0xff, 0xff
.long _sym_00ada320
.byte 0xff, 0xff, 0xff, 0xff, 0x00, 0x00, 0x00, 0x00, 0xff, 0xff, 0xff, 0xff, 0x00, 0x00, 0x00, 0x00
.byte 0xff, 0xff, 0xff, 0xff, 0x00, 0x00, 0x00, 0x00
.globl _sym_00c00760
_sym_00c00760:
.byte 0x22, 0x05, 0x93, 0x19, 0x04, 0x00, 0x00, 0x00
.long _sym_00c00740
.byte 0x00, 0x00, 0x00, 0x00, 0x00, 0x00, 0x00, 0x00, 0x00, 0x00, 0x00, 0x00, 0x00, 0x00, 0x00, 0x00
.byte 0x00, 0x00, 0x00, 0x00, 0x01, 0x00, 0x00, 0x00
.globl _sym_00c00784
_sym_00c00784:
.byte 0xff, 0xff, 0xff, 0xff
.long _sym_00ada380
.byte 0xff, 0xff, 0xff, 0xff, 0x00, 0x00, 0x00, 0x00, 0xff, 0xff, 0xff, 0xff, 0x00, 0x00, 0x00, 0x00
.byte 0xff, 0xff, 0xff, 0xff, 0x00, 0x00, 0x00, 0x00
.globl _sym_00c007a4
_sym_00c007a4:
.byte 0x22, 0x05, 0x93, 0x19, 0x04, 0x00, 0x00, 0x00
.long _sym_00c00784
.byte 0x00, 0x00, 0x00, 0x00, 0x00, 0x00, 0x00, 0x00, 0x00, 0x00, 0x00, 0x00, 0x00, 0x00, 0x00, 0x00
.byte 0x00, 0x00, 0x00, 0x00, 0x01, 0x00, 0x00, 0x00
.globl _sym_00c007c8
_sym_00c007c8:
.byte 0xff, 0xff, 0xff, 0xff
.long _sym_00adb380
.byte 0xff, 0xff, 0xff, 0xff, 0x00, 0x00, 0x00, 0x00, 0xff, 0xff, 0xff, 0xff, 0x00, 0x00, 0x00, 0x00
.byte 0xff, 0xff, 0xff, 0xff, 0x00, 0x00, 0x00, 0x00
.globl _sym_00c007e8
_sym_00c007e8:
.byte 0x22, 0x05, 0x93, 0x19, 0x04, 0x00, 0x00, 0x00
.long _sym_00c007c8
.byte 0x00, 0x00, 0x00, 0x00, 0x00, 0x00, 0x00, 0x00, 0x00, 0x00, 0x00, 0x00, 0x00, 0x00, 0x00, 0x00
.byte 0x00, 0x00, 0x00, 0x00, 0x01, 0x00, 0x00, 0x00
.globl _sym_00c0080c
_sym_00c0080c:
.byte 0xff, 0xff, 0xff, 0xff
.long _sym_00adb500
.byte 0xff, 0xff, 0xff, 0xff, 0x00, 0x00, 0x00, 0x00, 0xff, 0xff, 0xff, 0xff, 0x00, 0x00, 0x00, 0x00
.byte 0xff, 0xff, 0xff, 0xff, 0x00, 0x00, 0x00, 0x00
.globl _sym_00c0082c
_sym_00c0082c:
.byte 0x22, 0x05, 0x93, 0x19, 0x04, 0x00, 0x00, 0x00
.long _sym_00c0080c
.byte 0x00, 0x00, 0x00, 0x00, 0x00, 0x00, 0x00, 0x00, 0x00, 0x00, 0x00, 0x00, 0x00, 0x00, 0x00, 0x00
.byte 0x00, 0x00, 0x00, 0x00, 0x01, 0x00, 0x00, 0x00
.globl _sym_00c00850
_sym_00c00850:
.byte 0xff, 0xff, 0xff, 0xff
.long _sym_00ada2f0
.byte 0xff, 0xff, 0xff, 0xff, 0x00, 0x00, 0x00, 0x00, 0xff, 0xff, 0xff, 0xff, 0x00, 0x00, 0x00, 0x00
.byte 0xff, 0xff, 0xff, 0xff, 0x00, 0x00, 0x00, 0x00
.globl _sym_00c00870
_sym_00c00870:
.byte 0x22, 0x05, 0x93, 0x19, 0x04, 0x00, 0x00, 0x00
.long _sym_00c00850
.byte 0x00, 0x00, 0x00, 0x00, 0x00, 0x00, 0x00, 0x00, 0x00, 0x00, 0x00, 0x00, 0x00, 0x00, 0x00, 0x00
.byte 0x00, 0x00, 0x00, 0x00, 0x01, 0x00, 0x00, 0x00
.globl _sym_00c00894
_sym_00c00894:
.byte 0xff, 0xff, 0xff, 0xff
.long _sym_00ada350
.byte 0xff, 0xff, 0xff, 0xff, 0x00, 0x00, 0x00, 0x00, 0xff, 0xff, 0xff, 0xff, 0x00, 0x00, 0x00, 0x00
.byte 0xff, 0xff, 0xff, 0xff, 0x00, 0x00, 0x00, 0x00
.globl _sym_00c008b4
_sym_00c008b4:
.byte 0x22, 0x05, 0x93, 0x19, 0x04, 0x00, 0x00, 0x00
.long _sym_00c00894
.byte 0x00, 0x00, 0x00, 0x00, 0x00, 0x00, 0x00, 0x00, 0x00, 0x00, 0x00, 0x00, 0x00, 0x00, 0x00, 0x00
.byte 0x00, 0x00, 0x00, 0x00, 0x01, 0x00, 0x00, 0x00
.globl _sym_00c008d8
_sym_00c008d8:
.byte 0xff, 0xff, 0xff, 0xff
.long _sym_00adb350
.byte 0xff, 0xff, 0xff, 0xff, 0x00, 0x00, 0x00, 0x00, 0xff, 0xff, 0xff, 0xff, 0x00, 0x00, 0x00, 0x00
.byte 0xff, 0xff, 0xff, 0xff, 0x00, 0x00, 0x00, 0x00
.globl _sym_00c008f8
_sym_00c008f8:
.byte 0x22, 0x05, 0x93, 0x19, 0x04, 0x00, 0x00, 0x00
.long _sym_00c008d8
.byte 0x00, 0x00, 0x00, 0x00, 0x00, 0x00, 0x00, 0x00, 0x00, 0x00, 0x00, 0x00, 0x00, 0x00, 0x00, 0x00
.byte 0x00, 0x00, 0x00, 0x00, 0x01, 0x00, 0x00, 0x00
.globl _sym_00c0091c
_sym_00c0091c:
.byte 0xff, 0xff, 0xff, 0xff
.long _sym_00adb4d0
.byte 0xff, 0xff, 0xff, 0xff, 0x00, 0x00, 0x00, 0x00, 0xff, 0xff, 0xff, 0xff, 0x00, 0x00, 0x00, 0x00
.byte 0xff, 0xff, 0xff, 0xff, 0x00, 0x00, 0x00, 0x00
.globl _sym_00c0093c
_sym_00c0093c:
.byte 0x22, 0x05, 0x93, 0x19, 0x04, 0x00, 0x00, 0x00
.long _sym_00c0091c
.byte 0x00, 0x00, 0x00, 0x00, 0x00, 0x00, 0x00, 0x00, 0x00, 0x00, 0x00, 0x00, 0x00, 0x00, 0x00, 0x00
.byte 0x00, 0x00, 0x00, 0x00, 0x01, 0x00, 0x00, 0x00
.globl _sym_00c00960
_sym_00c00960:
.byte 0xff, 0xff, 0xff, 0xff
.long _sym_00ada140
.byte 0xff, 0xff, 0xff, 0xff, 0x00, 0x00, 0x00, 0x00, 0xff, 0xff, 0xff, 0xff, 0x00, 0x00, 0x00, 0x00
.byte 0xff, 0xff, 0xff, 0xff, 0x00, 0x00, 0x00, 0x00
.globl _sym_00c00980
_sym_00c00980:
.byte 0x22, 0x05, 0x93, 0x19, 0x04, 0x00, 0x00, 0x00
.long _sym_00c00960
.byte 0x00, 0x00, 0x00, 0x00, 0x00, 0x00, 0x00, 0x00, 0x00, 0x00, 0x00, 0x00, 0x00, 0x00, 0x00, 0x00
.byte 0x00, 0x00, 0x00, 0x00, 0x01, 0x00, 0x00, 0x00
.globl _sym_00c009a4
_sym_00c009a4:
.byte 0xff, 0xff, 0xff, 0xff
.long _sym_00ada260
.byte 0xff, 0xff, 0xff, 0xff, 0x00, 0x00, 0x00, 0x00, 0xff, 0xff, 0xff, 0xff, 0x00, 0x00, 0x00, 0x00
.byte 0xff, 0xff, 0xff, 0xff, 0x00, 0x00, 0x00, 0x00
.globl _sym_00c009c4
_sym_00c009c4:
.byte 0x22, 0x05, 0x93, 0x19, 0x04, 0x00, 0x00, 0x00
.long _sym_00c009a4
.byte 0x00, 0x00, 0x00, 0x00, 0x00, 0x00, 0x00, 0x00, 0x00, 0x00, 0x00, 0x00, 0x00, 0x00, 0x00, 0x00
.byte 0x00, 0x00, 0x00, 0x00, 0x01, 0x00, 0x00, 0x00
.globl _sym_00c009e8
_sym_00c009e8:
.byte 0xff, 0xff, 0xff, 0xff
.long _sym_00ada110
.byte 0xff, 0xff, 0xff, 0xff, 0x00, 0x00, 0x00, 0x00, 0xff, 0xff, 0xff, 0xff, 0x00, 0x00, 0x00, 0x00
.byte 0xff, 0xff, 0xff, 0xff, 0x00, 0x00, 0x00, 0x00
.globl _sym_00c00a08
_sym_00c00a08:
.byte 0x22, 0x05, 0x93, 0x19, 0x04, 0x00, 0x00, 0x00
.long _sym_00c009e8
.byte 0x00, 0x00, 0x00, 0x00, 0x00, 0x00, 0x00, 0x00, 0x00, 0x00, 0x00, 0x00, 0x00, 0x00, 0x00, 0x00
.byte 0x00, 0x00, 0x00, 0x00, 0x01, 0x00, 0x00, 0x00
.globl _sym_00c00a2c
_sym_00c00a2c:
.byte 0xff, 0xff, 0xff, 0xff
.long _sym_00ada230
.byte 0xff, 0xff, 0xff, 0xff, 0x00, 0x00, 0x00, 0x00, 0xff, 0xff, 0xff, 0xff, 0x00, 0x00, 0x00, 0x00
.byte 0xff, 0xff, 0xff, 0xff, 0x00, 0x00, 0x00, 0x00
.globl _sym_00c00a4c
_sym_00c00a4c:
.byte 0x22, 0x05, 0x93, 0x19, 0x04, 0x00, 0x00, 0x00
.long _sym_00c00a2c
.byte 0x00, 0x00, 0x00, 0x00, 0x00, 0x00, 0x00, 0x00, 0x00, 0x00, 0x00, 0x00, 0x00, 0x00, 0x00, 0x00
.byte 0x00, 0x00, 0x00, 0x00, 0x01, 0x00, 0x00, 0x00
.globl _sym_00c00a70
_sym_00c00a70:
.byte 0xff, 0xff, 0xff, 0xff
.long _sym_00adb3e0
.byte 0xff, 0xff, 0xff, 0xff, 0x00, 0x00, 0x00, 0x00, 0xff, 0xff, 0xff, 0xff, 0x00, 0x00, 0x00, 0x00
.byte 0xff, 0xff, 0xff, 0xff, 0x00, 0x00, 0x00, 0x00
.globl _sym_00c00a90
_sym_00c00a90:
.byte 0x22, 0x05, 0x93, 0x19, 0x04, 0x00, 0x00, 0x00
.long _sym_00c00a70
.byte 0x00, 0x00, 0x00, 0x00, 0x00, 0x00, 0x00, 0x00, 0x00, 0x00, 0x00, 0x00, 0x00, 0x00, 0x00, 0x00
.byte 0x00, 0x00, 0x00, 0x00, 0x01, 0x00, 0x00, 0x00
.globl _sym_00c00ab4
_sym_00c00ab4:
.byte 0xff, 0xff, 0xff, 0xff
.long _sym_00adb5c0
.byte 0xff, 0xff, 0xff, 0xff, 0x00, 0x00, 0x00, 0x00, 0xff, 0xff, 0xff, 0xff, 0x00, 0x00, 0x00, 0x00
.byte 0xff, 0xff, 0xff, 0xff, 0x00, 0x00, 0x00, 0x00
.globl _sym_00c00ad4
_sym_00c00ad4:
.byte 0x22, 0x05, 0x93, 0x19, 0x04, 0x00, 0x00, 0x00
.long _sym_00c00ab4
.byte 0x00, 0x00, 0x00, 0x00, 0x00, 0x00, 0x00, 0x00, 0x00, 0x00, 0x00, 0x00, 0x00, 0x00, 0x00, 0x00
.byte 0x00, 0x00, 0x00, 0x00, 0x01, 0x00, 0x00, 0x00
.globl _sym_00c00af8
_sym_00c00af8:
.byte 0xff, 0xff, 0xff, 0xff
.long _sym_00adb620
.byte 0xff, 0xff, 0xff, 0xff, 0x00, 0x00, 0x00, 0x00, 0xff, 0xff, 0xff, 0xff, 0x00, 0x00, 0x00, 0x00
.byte 0xff, 0xff, 0xff, 0xff, 0x00, 0x00, 0x00, 0x00
.globl _sym_00c00b18
_sym_00c00b18:
.byte 0x22, 0x05, 0x93, 0x19, 0x04, 0x00, 0x00, 0x00
.long _sym_00c00af8
.byte 0x00, 0x00, 0x00, 0x00, 0x00, 0x00, 0x00, 0x00, 0x00, 0x00, 0x00, 0x00, 0x00, 0x00, 0x00, 0x00
.byte 0x00, 0x00, 0x00, 0x00, 0x01, 0x00, 0x00, 0x00
.globl _sym_00c00b3c
_sym_00c00b3c:
.byte 0xff, 0xff, 0xff, 0xff
.long _sym_00adb3b0
.byte 0xff, 0xff, 0xff, 0xff, 0x00, 0x00, 0x00, 0x00, 0xff, 0xff, 0xff, 0xff, 0x00, 0x00, 0x00, 0x00
.byte 0xff, 0xff, 0xff, 0xff, 0x00, 0x00, 0x00, 0x00
.globl _sym_00c00b5c
_sym_00c00b5c:
.byte 0x22, 0x05, 0x93, 0x19, 0x04, 0x00, 0x00, 0x00
.long _sym_00c00b3c
.byte 0x00, 0x00, 0x00, 0x00, 0x00, 0x00, 0x00, 0x00, 0x00, 0x00, 0x00, 0x00, 0x00, 0x00, 0x00, 0x00
.byte 0x00, 0x00, 0x00, 0x00, 0x01, 0x00, 0x00, 0x00
.globl _sym_00c00b80
_sym_00c00b80:
.byte 0xff, 0xff, 0xff, 0xff
.long _sym_00adb590
.byte 0xff, 0xff, 0xff, 0xff, 0x00, 0x00, 0x00, 0x00, 0xff, 0xff, 0xff, 0xff, 0x00, 0x00, 0x00, 0x00
.byte 0xff, 0xff, 0xff, 0xff, 0x00, 0x00, 0x00, 0x00
.globl _sym_00c00ba0
_sym_00c00ba0:
.byte 0x22, 0x05, 0x93, 0x19, 0x04, 0x00, 0x00, 0x00
.long _sym_00c00b80
.byte 0x00, 0x00, 0x00, 0x00, 0x00, 0x00, 0x00, 0x00, 0x00, 0x00, 0x00, 0x00, 0x00, 0x00, 0x00, 0x00
.byte 0x00, 0x00, 0x00, 0x00, 0x01, 0x00, 0x00, 0x00
.globl _sym_00c00bc4
_sym_00c00bc4:
.byte 0xff, 0xff, 0xff, 0xff
.long _sym_00adb5f0
.byte 0xff, 0xff, 0xff, 0xff, 0x00, 0x00, 0x00, 0x00, 0xff, 0xff, 0xff, 0xff, 0x00, 0x00, 0x00, 0x00
.byte 0xff, 0xff, 0xff, 0xff, 0x00, 0x00, 0x00, 0x00
.globl _sym_00c00be4
_sym_00c00be4:
.byte 0x22, 0x05, 0x93, 0x19, 0x04, 0x00, 0x00, 0x00
.long _sym_00c00bc4
.byte 0x00, 0x00, 0x00, 0x00, 0x00, 0x00, 0x00, 0x00, 0x00, 0x00, 0x00, 0x00, 0x00, 0x00, 0x00, 0x00
.byte 0x00, 0x00, 0x00, 0x00, 0x01, 0x00, 0x00, 0x00
.globl _sym_00c00c08
_sym_00c00c08:
.byte 0xff, 0xff, 0xff, 0xff
.long _sym_00ada1a0
.byte 0xff, 0xff, 0xff, 0xff, 0x00, 0x00, 0x00, 0x00, 0xff, 0xff, 0xff, 0xff, 0x00, 0x00, 0x00, 0x00
.byte 0xff, 0xff, 0xff, 0xff, 0x00, 0x00, 0x00, 0x00
.globl _sym_00c00c28
_sym_00c00c28:
.byte 0x22, 0x05, 0x93, 0x19, 0x04, 0x00, 0x00, 0x00
.long _sym_00c00c08
.byte 0x00, 0x00, 0x00, 0x00, 0x00, 0x00, 0x00, 0x00, 0x00, 0x00, 0x00, 0x00, 0x00, 0x00, 0x00, 0x00
.byte 0x00, 0x00, 0x00, 0x00, 0x01, 0x00, 0x00, 0x00
.globl _sym_00c00c4c
_sym_00c00c4c:
.byte 0xff, 0xff, 0xff, 0xff
.long _sym_00adb560
.byte 0xff, 0xff, 0xff, 0xff, 0x00, 0x00, 0x00, 0x00, 0xff, 0xff, 0xff, 0xff, 0x00, 0x00, 0x00, 0x00
.byte 0xff, 0xff, 0xff, 0xff, 0x00, 0x00, 0x00, 0x00
.globl _sym_00c00c6c
_sym_00c00c6c:
.byte 0x22, 0x05, 0x93, 0x19, 0x04, 0x00, 0x00, 0x00
.long _sym_00c00c4c
.byte 0x00, 0x00, 0x00, 0x00, 0x00, 0x00, 0x00, 0x00, 0x00, 0x00, 0x00, 0x00, 0x00, 0x00, 0x00, 0x00
.byte 0x00, 0x00, 0x00, 0x00, 0x01, 0x00, 0x00, 0x00
.globl _sym_00c00c90
_sym_00c00c90:
.byte 0xff, 0xff, 0xff, 0xff
.long _sym_00adb4a0
.byte 0xff, 0xff, 0xff, 0xff, 0x00, 0x00, 0x00, 0x00, 0xff, 0xff, 0xff, 0xff, 0x00, 0x00, 0x00, 0x00
.byte 0xff, 0xff, 0xff, 0xff, 0x00, 0x00, 0x00, 0x00
.globl _sym_00c00cb0
_sym_00c00cb0:
.byte 0x22, 0x05, 0x93, 0x19, 0x04, 0x00, 0x00, 0x00
.long _sym_00c00c90
.byte 0x00, 0x00, 0x00, 0x00, 0x00, 0x00, 0x00, 0x00, 0x00, 0x00, 0x00, 0x00, 0x00, 0x00, 0x00, 0x00
.byte 0x00, 0x00, 0x00, 0x00, 0x01, 0x00, 0x00, 0x00
.globl _sym_00c00cd4
_sym_00c00cd4:
.byte 0xff, 0xff, 0xff, 0xff
.long _sym_00ada170
.byte 0xff, 0xff, 0xff, 0xff, 0x00, 0x00, 0x00, 0x00, 0xff, 0xff, 0xff, 0xff, 0x00, 0x00, 0x00, 0x00
.byte 0xff, 0xff, 0xff, 0xff, 0x00, 0x00, 0x00, 0x00
.globl _sym_00c00cf4
_sym_00c00cf4:
.byte 0x22, 0x05, 0x93, 0x19, 0x04, 0x00, 0x00, 0x00
.long _sym_00c00cd4
.byte 0x00, 0x00, 0x00, 0x00, 0x00, 0x00, 0x00, 0x00, 0x00, 0x00, 0x00, 0x00, 0x00, 0x00, 0x00, 0x00
.byte 0x00, 0x00, 0x00, 0x00, 0x01, 0x00, 0x00, 0x00
.globl _sym_00c00d18
_sym_00c00d18:
.byte 0xff, 0xff, 0xff, 0xff
.long _sym_00adb530
.byte 0xff, 0xff, 0xff, 0xff, 0x00, 0x00, 0x00, 0x00, 0xff, 0xff, 0xff, 0xff, 0x00, 0x00, 0x00, 0x00
.byte 0xff, 0xff, 0xff, 0xff, 0x00, 0x00, 0x00, 0x00
.globl _sym_00c00d38
_sym_00c00d38:
.byte 0x22, 0x05, 0x93, 0x19, 0x04, 0x00, 0x00, 0x00
.long _sym_00c00d18
.byte 0x00, 0x00, 0x00, 0x00, 0x00, 0x00, 0x00, 0x00, 0x00, 0x00, 0x00, 0x00, 0x00, 0x00, 0x00, 0x00
.byte 0x00, 0x00, 0x00, 0x00, 0x01, 0x00, 0x00, 0x00
.globl _sym_00c00d5c
_sym_00c00d5c:
.byte 0xff, 0xff, 0xff, 0xff
.long _sym_00adb470
.byte 0xff, 0xff, 0xff, 0xff, 0x00, 0x00, 0x00, 0x00, 0xff, 0xff, 0xff, 0xff, 0x00, 0x00, 0x00, 0x00
.byte 0xff, 0xff, 0xff, 0xff, 0x00, 0x00, 0x00, 0x00
.globl _sym_00c00d7c
_sym_00c00d7c:
.byte 0x22, 0x05, 0x93, 0x19, 0x04, 0x00, 0x00, 0x00
.long _sym_00c00d5c
.byte 0x00, 0x00, 0x00, 0x00, 0x00, 0x00, 0x00, 0x00, 0x00, 0x00, 0x00, 0x00, 0x00, 0x00, 0x00, 0x00
.byte 0x00, 0x00, 0x00, 0x00, 0x01, 0x00, 0x00, 0x00
.globl _sym_00c00da0
_sym_00c00da0:
.byte 0xff, 0xff, 0xff, 0xff
.long _sym_00adba40
.globl _sym_00c00da8
_sym_00c00da8:
.byte 0x22, 0x05, 0x93, 0x19, 0x01, 0x00, 0x00, 0x00
.long _sym_00c00da0
.byte 0x00, 0x00, 0x00, 0x00, 0x00, 0x00, 0x00, 0x00, 0x00, 0x00, 0x00, 0x00, 0x00, 0x00, 0x00, 0x00
.byte 0x00, 0x00, 0x00, 0x00, 0x01, 0x00, 0x00, 0x00
.globl _sym_00c00dcc
_sym_00c00dcc:
.byte 0xff, 0xff, 0xff, 0xff
.long _sym_00adba70
.globl _sym_00c00dd4
_sym_00c00dd4:
.byte 0x22, 0x05, 0x93, 0x19, 0x01, 0x00, 0x00, 0x00
.long _sym_00c00dcc
.byte 0x00, 0x00, 0x00, 0x00, 0x00, 0x00, 0x00, 0x00, 0x00, 0x00, 0x00, 0x00, 0x00, 0x00, 0x00, 0x00
.byte 0x00, 0x00, 0x00, 0x00, 0x01, 0x00, 0x00, 0x00
.globl _sym_00c00df8
_sym_00c00df8:
.byte 0xff, 0xff, 0xff, 0xff
.long _sym_00adbad0
.byte 0x00, 0x00, 0x00, 0x00
.long _sym_00adbadb
.globl _sym_00c00e08
_sym_00c00e08:
.byte 0x22, 0x05, 0x93, 0x19, 0x02, 0x00, 0x00, 0x00
.long _sym_00c00df8
.byte 0x00, 0x00, 0x00, 0x00, 0x00, 0x00, 0x00, 0x00, 0x00, 0x00, 0x00, 0x00, 0x00, 0x00, 0x00, 0x00
.byte 0x00, 0x00, 0x00, 0x00, 0x01, 0x00, 0x00, 0x00
.globl _sym_00c00e2c
_sym_00c00e2c:
.byte 0xff, 0xff, 0xff, 0xff
.long _sym_00adbaa0
.globl _sym_00c00e34
_sym_00c00e34:
.byte 0x22, 0x05, 0x93, 0x19, 0x01, 0x00, 0x00, 0x00
.long _sym_00c00e2c
.byte 0x00, 0x00, 0x00, 0x00, 0x00, 0x00, 0x00, 0x00, 0x00, 0x00, 0x00, 0x00, 0x00, 0x00, 0x00, 0x00
.byte 0x00, 0x00, 0x00, 0x00, 0x01, 0x00, 0x00, 0x00
.globl _sym_00c00e58
_sym_00c00e58:
.byte 0xff, 0xff, 0xff, 0xff
.long _sym_00adbb40
.globl _sym_00c00e60
_sym_00c00e60:
.byte 0x22, 0x05, 0x93, 0x19, 0x01, 0x00, 0x00, 0x00
.long _sym_00c00e58
.byte 0x00, 0x00, 0x00, 0x00, 0x00, 0x00, 0x00, 0x00, 0x00, 0x00, 0x00, 0x00, 0x00, 0x00, 0x00, 0x00
.byte 0x00, 0x00, 0x00, 0x00, 0x01, 0x00, 0x00, 0x00
.globl _sym_00c00e84
_sym_00c00e84:
.byte 0xff, 0xff, 0xff, 0xff
.long _sym_00adbb10
.globl _sym_00c00e8c
_sym_00c00e8c:
.byte 0x22, 0x05, 0x93, 0x19, 0x01, 0x00, 0x00, 0x00
.long _sym_00c00e84
.byte 0x00, 0x00, 0x00, 0x00, 0x00, 0x00, 0x00, 0x00, 0x00, 0x00, 0x00, 0x00, 0x00, 0x00, 0x00, 0x00
.byte 0x00, 0x00, 0x00, 0x00, 0x01, 0x00, 0x00, 0x00
.globl _sym_00c00eb0
_sym_00c00eb0:
.byte 0xff, 0xff, 0xff, 0xff
.long _sym_00adbb70
.globl _sym_00c00eb8
_sym_00c00eb8:
.byte 0x22, 0x05, 0x93, 0x19, 0x01, 0x00, 0x00, 0x00
.long _sym_00c00eb0
.byte 0x00, 0x00, 0x00, 0x00, 0x00, 0x00, 0x00, 0x00, 0x00, 0x00, 0x00, 0x00, 0x00, 0x00, 0x00, 0x00
.byte 0x00, 0x00, 0x00, 0x00, 0x01, 0x00, 0x00, 0x00
.globl _sym_00c00edc
_sym_00c00edc:
.byte 0xff, 0xff, 0xff, 0xff
.long _sym_00add4a0
.byte 0xff, 0xff, 0xff, 0xff
.long _sym_00add4ae
.globl _sym_00c00eec
_sym_00c00eec:
.byte 0x22, 0x05, 0x93, 0x19, 0x02, 0x00, 0x00, 0x00
.long _sym_00c00edc
.byte 0x00, 0x00, 0x00, 0x00, 0x00, 0x00, 0x00, 0x00, 0x00, 0x00, 0x00, 0x00, 0x00, 0x00, 0x00, 0x00
.byte 0x00, 0x00, 0x00, 0x00, 0x01, 0x00, 0x00, 0x00
.globl _sym_00c00f10
_sym_00c00f10:
.byte 0xff, 0xff, 0xff, 0xff
.long _sym_00adc1a0
.globl _sym_00c00f18
_sym_00c00f18:
.byte 0x22, 0x05, 0x93, 0x19, 0x01, 0x00, 0x00, 0x00
.long _sym_00c00f10
.byte 0x00, 0x00, 0x00, 0x00, 0x00, 0x00, 0x00, 0x00, 0x00, 0x00, 0x00, 0x00, 0x00, 0x00, 0x00, 0x00
.byte 0x00, 0x00, 0x00, 0x00, 0x01, 0x00, 0x00, 0x00
.globl _sym_00c00f3c
_sym_00c00f3c:
.byte 0xff, 0xff, 0xff, 0xff
.long _sym_00add7e0
.byte 0xff, 0xff, 0xff, 0xff
.long _sym_00add7f7
.globl _sym_00c00f4c
_sym_00c00f4c:
.byte 0x22, 0x05, 0x93, 0x19, 0x02, 0x00, 0x00, 0x00
.long _sym_00c00f3c
.byte 0x00, 0x00, 0x00, 0x00, 0x00, 0x00, 0x00, 0x00, 0x00, 0x00, 0x00, 0x00, 0x00, 0x00, 0x00, 0x00
.byte 0x00, 0x00, 0x00, 0x00, 0x01, 0x00, 0x00, 0x00
.globl _sym_00c00f70
_sym_00c00f70:
.byte 0xff, 0xff, 0xff, 0xff
.long _sym_00add790
.byte 0xff, 0xff, 0xff, 0xff
.long _sym_00add7a7
.globl _sym_00c00f80
_sym_00c00f80:
.byte 0x22, 0x05, 0x93, 0x19, 0x02, 0x00, 0x00, 0x00
.long _sym_00c00f70
.byte 0x00, 0x00, 0x00, 0x00, 0x00, 0x00, 0x00, 0x00, 0x00, 0x00, 0x00, 0x00, 0x00, 0x00, 0x00, 0x00
.byte 0x00, 0x00, 0x00, 0x00, 0x01, 0x00, 0x00, 0x00
.globl _sym_00c00fa4
_sym_00c00fa4:
.byte 0xff, 0xff, 0xff, 0xff
.long _sym_00add830
.byte 0xff, 0xff, 0xff, 0xff
.long _sym_00add847
.globl _sym_00c00fb4
_sym_00c00fb4:
.byte 0x22, 0x05, 0x93, 0x19, 0x02, 0x00, 0x00, 0x00
.long _sym_00c00fa4
.byte 0x00, 0x00, 0x00, 0x00, 0x00, 0x00, 0x00, 0x00, 0x00, 0x00, 0x00, 0x00, 0x00, 0x00, 0x00, 0x00
.byte 0x00, 0x00, 0x00, 0x00, 0x01, 0x00, 0x00, 0x00
.globl _sym_00c00fd8
_sym_00c00fd8:
.byte 0xff, 0xff, 0xff, 0xff
.long _sym_00add880
.byte 0xff, 0xff, 0xff, 0xff
.long _sym_00add897
.globl _sym_00c00fe8
_sym_00c00fe8:
.byte 0x22, 0x05, 0x93, 0x19, 0x02, 0x00, 0x00, 0x00
.long _sym_00c00fd8
.byte 0x00, 0x00, 0x00, 0x00, 0x00, 0x00, 0x00, 0x00, 0x00, 0x00, 0x00, 0x00, 0x00, 0x00, 0x00, 0x00
.byte 0x00, 0x00, 0x00, 0x00, 0x01, 0x00, 0x00, 0x00
.globl _sym_00c0100c
_sym_00c0100c:
.byte 0xff, 0xff, 0xff, 0xff
.long _sym_00add6a0
.byte 0xff, 0xff, 0xff, 0xff
.long _sym_00add6b7
.globl _sym_00c0101c
_sym_00c0101c:
.byte 0x22, 0x05, 0x93, 0x19, 0x02, 0x00, 0x00, 0x00
.long _sym_00c0100c
.byte 0x00, 0x00, 0x00, 0x00, 0x00, 0x00, 0x00, 0x00, 0x00, 0x00, 0x00, 0x00, 0x00, 0x00, 0x00, 0x00
.byte 0x00, 0x00, 0x00, 0x00, 0x01, 0x00, 0x00, 0x00
.globl _sym_00c01040
_sym_00c01040:
.byte 0xff, 0xff, 0xff, 0xff
.long _sym_00add6f0
.byte 0xff, 0xff, 0xff, 0xff
.long _sym_00add707
.globl _sym_00c01050
_sym_00c01050:
.byte 0x22, 0x05, 0x93, 0x19, 0x02, 0x00, 0x00, 0x00
.long _sym_00c01040
.byte 0x00, 0x00, 0x00, 0x00, 0x00, 0x00, 0x00, 0x00, 0x00, 0x00, 0x00, 0x00, 0x00, 0x00, 0x00, 0x00
.byte 0x00, 0x00, 0x00, 0x00, 0x01, 0x00, 0x00, 0x00
.globl _sym_00c01074
_sym_00c01074:
.byte 0xff, 0xff, 0xff, 0xff
.long _sym_00add740
.byte 0xff, 0xff, 0xff, 0xff
.long _sym_00add757
.globl _sym_00c01084
_sym_00c01084:
.byte 0x22, 0x05, 0x93, 0x19, 0x02, 0x00, 0x00, 0x00
.long _sym_00c01074
.byte 0x00, 0x00, 0x00, 0x00, 0x00, 0x00, 0x00, 0x00, 0x00, 0x00, 0x00, 0x00, 0x00, 0x00, 0x00, 0x00
.byte 0x00, 0x00, 0x00, 0x00, 0x01, 0x00, 0x00, 0x00
.globl _sym_00c010a8
_sym_00c010a8:
.byte 0xff, 0xff, 0xff, 0xff
.long _sym_00add920
.byte 0xff, 0xff, 0xff, 0xff
.long _sym_00add937
.globl _sym_00c010b8
_sym_00c010b8:
.byte 0x22, 0x05, 0x93, 0x19, 0x02, 0x00, 0x00, 0x00
.long _sym_00c010a8
.byte 0x00, 0x00, 0x00, 0x00, 0x00, 0x00, 0x00, 0x00, 0x00, 0x00, 0x00, 0x00, 0x00, 0x00, 0x00, 0x00
.byte 0x00, 0x00, 0x00, 0x00, 0x01, 0x00, 0x00, 0x00
.globl _sym_00c010dc
_sym_00c010dc:
.byte 0xff, 0xff, 0xff, 0xff
.long _sym_00add8d0
.byte 0xff, 0xff, 0xff, 0xff
.long _sym_00add8e7
.globl _sym_00c010ec
_sym_00c010ec:
.byte 0x22, 0x05, 0x93, 0x19, 0x02, 0x00, 0x00, 0x00
.long _sym_00c010dc
.byte 0x00, 0x00, 0x00, 0x00, 0x00, 0x00, 0x00, 0x00, 0x00, 0x00, 0x00, 0x00, 0x00, 0x00, 0x00, 0x00
.byte 0x00, 0x00, 0x00, 0x00, 0x01, 0x00, 0x00, 0x00
.globl _sym_00c01110
_sym_00c01110:
.byte 0xff, 0xff, 0xff, 0xff
.long _sym_00add650
.byte 0xff, 0xff, 0xff, 0xff
.long _sym_00add667
.globl _sym_00c01120
_sym_00c01120:
.byte 0x22, 0x05, 0x93, 0x19, 0x02, 0x00, 0x00, 0x00
.long _sym_00c01110
.byte 0x00, 0x00, 0x00, 0x00, 0x00, 0x00, 0x00, 0x00, 0x00, 0x00, 0x00, 0x00, 0x00, 0x00, 0x00, 0x00
.byte 0x00, 0x00, 0x00, 0x00, 0x01, 0x00, 0x00, 0x00
.globl _sym_00c01144
_sym_00c01144:
.byte 0x22, 0x05, 0x93, 0x19, 0x07, 0x00, 0x00, 0x00
.long _sym_00c01168
.byte 0x00, 0x00, 0x00, 0x00, 0x00, 0x00, 0x00, 0x00, 0x00, 0x00, 0x00, 0x00, 0x00, 0x00, 0x00, 0x00
.byte 0x00, 0x00, 0x00, 0x00, 0x01, 0x00, 0x00, 0x00
.globl _sym_00c01168
_sym_00c01168:
.byte 0xff, 0xff, 0xff, 0xff
.long _sym_00add350
.byte 0xff, 0xff, 0xff, 0xff
.long _sym_00add35e
.byte 0xff, 0xff, 0xff, 0xff
.long _sym_00add36c
.byte 0xff, 0xff, 0xff, 0xff
.long _sym_00add37a
.byte 0xff, 0xff, 0xff, 0xff
.long _sym_00add388
.byte 0xff, 0xff, 0xff, 0xff
.long _sym_00add396
.byte 0xff, 0xff, 0xff, 0xff
.long _sym_00add3a4
.globl _sym_00c011a0
_sym_00c011a0:
.byte 0xff, 0xff, 0xff, 0xff
.long _sym_00adbd50
.globl _sym_00c011a8
_sym_00c011a8:
.byte 0x22, 0x05, 0x93, 0x19, 0x01, 0x00, 0x00, 0x00
.long _sym_00c011a0
.byte 0x00, 0x00, 0x00, 0x00, 0x00, 0x00, 0x00, 0x00, 0x00, 0x00, 0x00, 0x00, 0x00, 0x00, 0x00, 0x00
.byte 0x00, 0x00, 0x00, 0x00, 0x01, 0x00, 0x00, 0x00
.globl _sym_00c011cc
_sym_00c011cc:
.byte 0xff, 0xff, 0xff, 0xff
.long _sym_00addbf0
.globl _sym_00c011d4
_sym_00c011d4:
.byte 0x22, 0x05, 0x93, 0x19, 0x01, 0x00, 0x00, 0x00
.long _sym_00c011cc
.byte 0x00, 0x00, 0x00, 0x00, 0x00, 0x00, 0x00, 0x00, 0x00, 0x00, 0x00, 0x00, 0x00, 0x00, 0x00, 0x00
.byte 0x00, 0x00, 0x00, 0x00, 0x01, 0x00, 0x00, 0x00
.globl _sym_00c011f8
_sym_00c011f8:
.byte 0xff, 0xff, 0xff, 0xff
.long _sym_00adc320
.byte 0x00, 0x00, 0x00, 0x00
.long _sym_00adc328
.byte 0x01, 0x00, 0x00, 0x00
.long _sym_00adc336
.globl _sym_00c01210
_sym_00c01210:
.byte 0x22, 0x05, 0x93, 0x19, 0x03, 0x00, 0x00, 0x00
.long _sym_00c011f8
.byte 0x00, 0x00, 0x00, 0x00, 0x00, 0x00, 0x00, 0x00, 0x00, 0x00, 0x00, 0x00, 0x00, 0x00, 0x00, 0x00
.byte 0x00, 0x00, 0x00, 0x00, 0x01, 0x00, 0x00, 0x00
.globl _sym_00c01234
_sym_00c01234:
.byte 0xff, 0xff, 0xff, 0xff
.long _sym_00adc560
.byte 0x00, 0x00, 0x00, 0x00
.long _sym_00adc568
.byte 0x01, 0x00, 0x00, 0x00
.long _sym_00adc576
.byte 0x02, 0x00, 0x00, 0x00
.long _sym_00adc584
.globl _sym_00c01254
_sym_00c01254:
.byte 0x22, 0x05, 0x93, 0x19, 0x04, 0x00, 0x00, 0x00
.long _sym_00c01234
.byte 0x00, 0x00, 0x00, 0x00, 0x00, 0x00, 0x00, 0x00, 0x00, 0x00, 0x00, 0x00, 0x00, 0x00, 0x00, 0x00
.byte 0x00, 0x00, 0x00, 0x00, 0x01, 0x00, 0x00, 0x00
.globl _sym_00c01278
_sym_00c01278:
.byte 0xff, 0xff, 0xff, 0xff
.long _sym_00ade810
.byte 0x00, 0x00, 0x00, 0x00
.long _sym_00ade818
.globl _sym_00c01288
_sym_00c01288:
.byte 0x22, 0x05, 0x93, 0x19, 0x02, 0x00, 0x00, 0x00
.long _sym_00c01278
.byte 0x00, 0x00, 0x00, 0x00, 0x00, 0x00, 0x00, 0x00, 0x00, 0x00, 0x00, 0x00, 0x00, 0x00, 0x00, 0x00
.byte 0x00, 0x00, 0x00, 0x00, 0x01, 0x00, 0x00, 0x00
.globl _sym_00c012ac
_sym_00c012ac:
.byte 0xff, 0xff, 0xff, 0xff
.long _sym_00ade0d0
.globl _sym_00c012b4
_sym_00c012b4:
.byte 0x22, 0x05, 0x93, 0x19, 0x01, 0x00, 0x00, 0x00
.long _sym_00c012ac
.byte 0x00, 0x00, 0x00, 0x00, 0x00, 0x00, 0x00, 0x00, 0x00, 0x00, 0x00, 0x00, 0x00, 0x00, 0x00, 0x00
.byte 0x00, 0x00, 0x00, 0x00, 0x01, 0x00, 0x00, 0x00
.globl _sym_00c012d8
_sym_00c012d8:
.byte 0xff, 0xff, 0xff, 0xff
.long _sym_00adca40
.byte 0x00, 0x00, 0x00, 0x00
.long _sym_00adca48
.byte 0x01, 0x00, 0x00, 0x00
.long _sym_00adca56
.byte 0x02, 0x00, 0x00, 0x00
.long _sym_00adca64
.globl _sym_00c012f8
_sym_00c012f8:
.byte 0x22, 0x05, 0x93, 0x19, 0x04, 0x00, 0x00, 0x00
.long _sym_00c012d8
.byte 0x00, 0x00, 0x00, 0x00, 0x00, 0x00, 0x00, 0x00, 0x00, 0x00, 0x00, 0x00, 0x00, 0x00, 0x00, 0x00
.byte 0x00, 0x00, 0x00, 0x00, 0x01, 0x00, 0x00, 0x00
.globl _sym_00c0131c
_sym_00c0131c:
.byte 0xff, 0xff, 0xff, 0xff
.long _sym_00adbd80
.globl _sym_00c01324
_sym_00c01324:
.byte 0x22, 0x05, 0x93, 0x19, 0x01, 0x00, 0x00, 0x00
.long _sym_00c0131c
.byte 0x00, 0x00, 0x00, 0x00, 0x00, 0x00, 0x00, 0x00, 0x00, 0x00, 0x00, 0x00, 0x00, 0x00, 0x00, 0x00
.byte 0x00, 0x00, 0x00, 0x00, 0x01, 0x00, 0x00, 0x00
.globl _sym_00c01348
_sym_00c01348:
.byte 0xff, 0xff, 0xff, 0xff
.long _sym_00addc20
.globl _sym_00c01350
_sym_00c01350:
.byte 0x22, 0x05, 0x93, 0x19, 0x01, 0x00, 0x00, 0x00
.long _sym_00c01348
.byte 0x00, 0x00, 0x00, 0x00, 0x00, 0x00, 0x00, 0x00, 0x00, 0x00, 0x00, 0x00, 0x00, 0x00, 0x00, 0x00
.byte 0x00, 0x00, 0x00, 0x00, 0x01, 0x00, 0x00, 0x00
.globl _sym_00c01374
_sym_00c01374:
.byte 0x22, 0x05, 0x93, 0x19, 0x05, 0x00, 0x00, 0x00
.long _sym_00c01398
.byte 0x00, 0x00, 0x00, 0x00, 0x00, 0x00, 0x00, 0x00, 0x00, 0x00, 0x00, 0x00, 0x00, 0x00, 0x00, 0x00
.byte 0x00, 0x00, 0x00, 0x00, 0x01, 0x00, 0x00, 0x00
.globl _sym_00c01398
_sym_00c01398:
.byte 0xff, 0xff, 0xff, 0xff
.long _sym_00adc5b0
.byte 0xff, 0xff, 0xff, 0xff
.long _sym_00adc5b8
.byte 0x01, 0x00, 0x00, 0x00
.long _sym_00adc5c0
.byte 0x02, 0x00, 0x00, 0x00
.long _sym_00adc5ce
.byte 0x03, 0x00, 0x00, 0x00
.long _sym_00adc5dc
.globl _sym_00c013c0
_sym_00c013c0:
.byte 0xff, 0xff, 0xff, 0xff
.long _sym_00ade880
.byte 0x00, 0x00, 0x00, 0x00
.long _sym_00ade888
.globl _sym_00c013d0
_sym_00c013d0:
.byte 0x22, 0x05, 0x93, 0x19, 0x02, 0x00, 0x00, 0x00
.long _sym_00c013c0
.byte 0x00, 0x00, 0x00, 0x00, 0x00, 0x00, 0x00, 0x00, 0x00, 0x00, 0x00, 0x00, 0x00, 0x00, 0x00, 0x00
.byte 0x00, 0x00, 0x00, 0x00, 0x01, 0x00, 0x00, 0x00
.globl _sym_00c013f4
_sym_00c013f4:
.byte 0xff, 0xff, 0xff, 0xff
.long _sym_00ade7a0
.byte 0x00, 0x00, 0x00, 0x00
.long _sym_00ade7a8
.globl _sym_00c01404
_sym_00c01404:
.byte 0x22, 0x05, 0x93, 0x19, 0x02, 0x00, 0x00, 0x00
.long _sym_00c013f4
.byte 0x00, 0x00, 0x00, 0x00, 0x00, 0x00, 0x00, 0x00, 0x00, 0x00, 0x00, 0x00, 0x00, 0x00, 0x00, 0x00
.byte 0x00, 0x00, 0x00, 0x00, 0x01, 0x00, 0x00, 0x00
.globl _sym_00c01428
_sym_00c01428:
.byte 0xff, 0xff, 0xff, 0xff
.long _sym_00ade7d0
.byte 0xff, 0xff, 0xff, 0xff
.long _sym_00ade7d8
.byte 0x01, 0x00, 0x00, 0x00
.long _sym_00ade7e0
.byte 0x02, 0x00, 0x00, 0x00
.long _sym_00ade7e8
.globl _sym_00c01448
_sym_00c01448:
.byte 0x22, 0x05, 0x93, 0x19, 0x04, 0x00, 0x00, 0x00
.long _sym_00c01428
.byte 0x00, 0x00, 0x00, 0x00, 0x00, 0x00, 0x00, 0x00, 0x00, 0x00, 0x00, 0x00, 0x00, 0x00, 0x00, 0x00
.byte 0x00, 0x00, 0x00, 0x00, 0x01, 0x00, 0x00, 0x00
.globl _sym_00c0146c
_sym_00c0146c:
.byte 0xff, 0xff, 0xff, 0xff
.long _sym_00addb50
.byte 0x00, 0x00, 0x00, 0x00
.long _sym_00addb58
.byte 0xff, 0xff, 0xff, 0xff
.long _sym_00addb60
.byte 0xff, 0xff, 0xff, 0xff
.long _sym_00addb68
.globl _sym_00c0148c
_sym_00c0148c:
.byte 0x22, 0x05, 0x93, 0x19, 0x04, 0x00, 0x00, 0x00
.long _sym_00c0146c
.byte 0x00, 0x00, 0x00, 0x00, 0x00, 0x00, 0x00, 0x00, 0x00, 0x00, 0x00, 0x00, 0x00, 0x00, 0x00, 0x00
.byte 0x00, 0x00, 0x00, 0x00, 0x01, 0x00, 0x00, 0x00
.globl _sym_00c014b0
_sym_00c014b0:
.byte 0xff, 0xff, 0xff, 0xff
.long _sym_00addb90
.globl _sym_00c014b8
_sym_00c014b8:
.byte 0x22, 0x05, 0x93, 0x19, 0x01, 0x00, 0x00, 0x00
.long _sym_00c014b0
.byte 0x00, 0x00, 0x00, 0x00, 0x00, 0x00, 0x00, 0x00, 0x00, 0x00, 0x00, 0x00, 0x00, 0x00, 0x00, 0x00
.byte 0x00, 0x00, 0x00, 0x00, 0x01, 0x00, 0x00, 0x00
.globl _sym_00c014dc
_sym_00c014dc:
.byte 0xff, 0xff, 0xff, 0xff
.long _sym_00ade920
.globl _sym_00c014e4
_sym_00c014e4:
.byte 0x22, 0x05, 0x93, 0x19, 0x01, 0x00, 0x00, 0x00
.long _sym_00c014dc
.byte 0x00, 0x00, 0x00, 0x00, 0x00, 0x00, 0x00, 0x00, 0x00, 0x00, 0x00, 0x00, 0x00, 0x00, 0x00, 0x00
.byte 0x00, 0x00, 0x00, 0x00, 0x01, 0x00, 0x00, 0x00
.globl _sym_00c01508
_sym_00c01508:
.byte 0xff, 0xff, 0xff, 0xff
.long _sym_00ade230
.byte 0x00, 0x00, 0x00, 0x00
.long _sym_00ade238
.globl _sym_00c01518
_sym_00c01518:
.byte 0x22, 0x05, 0x93, 0x19, 0x02, 0x00, 0x00, 0x00
.long _sym_00c01508
.byte 0x00, 0x00, 0x00, 0x00, 0x00, 0x00, 0x00, 0x00, 0x00, 0x00, 0x00, 0x00, 0x00, 0x00, 0x00, 0x00
.byte 0x00, 0x00, 0x00, 0x00, 0x01, 0x00, 0x00, 0x00
.globl _sym_00c0153c
_sym_00c0153c:
.byte 0xff, 0xff, 0xff, 0xff
.long _sym_00ade130
.byte 0xff, 0xff, 0xff, 0xff
.long _sym_00ade13b
.globl _sym_00c0154c
_sym_00c0154c:
.byte 0x22, 0x05, 0x93, 0x19, 0x02, 0x00, 0x00, 0x00
.long _sym_00c0153c
.byte 0x00, 0x00, 0x00, 0x00, 0x00, 0x00, 0x00, 0x00, 0x00, 0x00, 0x00, 0x00, 0x00, 0x00, 0x00, 0x00
.byte 0x00, 0x00, 0x00, 0x00, 0x01, 0x00, 0x00, 0x00
.globl _sym_00c01570
_sym_00c01570:
.byte 0x22, 0x05, 0x93, 0x19, 0x05, 0x00, 0x00, 0x00
.long _sym_00c01594
.byte 0x00, 0x00, 0x00, 0x00, 0x00, 0x00, 0x00, 0x00, 0x00, 0x00, 0x00, 0x00, 0x00, 0x00, 0x00, 0x00
.byte 0x00, 0x00, 0x00, 0x00, 0x01, 0x00, 0x00, 0x00
.globl _sym_00c01594
_sym_00c01594:
.byte 0xff, 0xff, 0xff, 0xff
.long _sym_00ade540
.byte 0xff, 0xff, 0xff, 0xff
.long _sym_00ade54b
.byte 0xff, 0xff, 0xff, 0xff
.long _sym_00ade556
.byte 0xff, 0xff, 0xff, 0xff
.long _sym_00ade564
.byte 0xff, 0xff, 0xff, 0xff
.long _sym_00ade56f
.globl _sym_00c015bc
_sym_00c015bc:
.byte 0xff, 0xff, 0xff, 0xff
.long _sym_00adbd20
.globl _sym_00c015c4
_sym_00c015c4:
.byte 0x22, 0x05, 0x93, 0x19, 0x01, 0x00, 0x00, 0x00
.long _sym_00c015bc
.byte 0x00, 0x00, 0x00, 0x00, 0x00, 0x00, 0x00, 0x00, 0x00, 0x00, 0x00, 0x00, 0x00, 0x00, 0x00, 0x00
.byte 0x00, 0x00, 0x00, 0x00, 0x01, 0x00, 0x00, 0x00
.globl _sym_00c015e8
_sym_00c015e8:
.byte 0xff, 0xff, 0xff, 0xff
.long _sym_00addbc0
.globl _sym_00c015f0
_sym_00c015f0:
.byte 0x22, 0x05, 0x93, 0x19, 0x01, 0x00, 0x00, 0x00
.long _sym_00c015e8
.byte 0x00, 0x00, 0x00, 0x00, 0x00, 0x00, 0x00, 0x00, 0x00, 0x00, 0x00, 0x00, 0x00, 0x00, 0x00, 0x00
.byte 0x00, 0x00, 0x00, 0x00, 0x01, 0x00, 0x00, 0x00
.globl _sym_00c01614
_sym_00c01614:
.byte 0xff, 0xff, 0xff, 0xff
.long _sym_00ade400
.byte 0xff, 0xff, 0xff, 0xff
.long _sym_00ade40e
.globl _sym_00c01624
_sym_00c01624:
.byte 0x22, 0x05, 0x93, 0x19, 0x02, 0x00, 0x00, 0x00
.long _sym_00c01614
.byte 0x00, 0x00, 0x00, 0x00, 0x00, 0x00, 0x00, 0x00, 0x00, 0x00, 0x00, 0x00, 0x00, 0x00, 0x00, 0x00
.byte 0x00, 0x00, 0x00, 0x00, 0x01, 0x00, 0x00, 0x00
.globl _sym_00c01648
_sym_00c01648:
.byte 0xff, 0xff, 0xff, 0xff
.long _sym_00add3d0
.byte 0xff, 0xff, 0xff, 0xff
.long _sym_00add3de
.byte 0xff, 0xff, 0xff, 0xff
.long _sym_00add3ec
.globl _sym_00c01660
_sym_00c01660:
.byte 0x22, 0x05, 0x93, 0x19, 0x03, 0x00, 0x00, 0x00
.long _sym_00c01648
.byte 0x00, 0x00, 0x00, 0x00, 0x00, 0x00, 0x00, 0x00, 0x00, 0x00, 0x00, 0x00, 0x00, 0x00, 0x00, 0x00
.byte 0x00, 0x00, 0x00, 0x00, 0x01, 0x00, 0x00, 0x00
.globl _sym_00c01684
_sym_00c01684:
.byte 0xff, 0xff, 0xff, 0xff
.long _sym_00adbde0
.globl _sym_00c0168c
_sym_00c0168c:
.byte 0x22, 0x05, 0x93, 0x19, 0x01, 0x00, 0x00, 0x00
.long _sym_00c01684
.byte 0x00, 0x00, 0x00, 0x00, 0x00, 0x00, 0x00, 0x00, 0x00, 0x00, 0x00, 0x00, 0x00, 0x00, 0x00, 0x00
.byte 0x00, 0x00, 0x00, 0x00, 0x01, 0x00, 0x00, 0x00
.globl _sym_00c016b0
_sym_00c016b0:
.byte 0xff, 0xff, 0xff, 0xff
.long _sym_00addc80
.globl _sym_00c016b8
_sym_00c016b8:
.byte 0x22, 0x05, 0x93, 0x19, 0x01, 0x00, 0x00, 0x00
.long _sym_00c016b0
.byte 0x00, 0x00, 0x00, 0x00, 0x00, 0x00, 0x00, 0x00, 0x00, 0x00, 0x00, 0x00, 0x00, 0x00, 0x00, 0x00
.byte 0x00, 0x00, 0x00, 0x00, 0x01, 0x00, 0x00, 0x00
.globl _sym_00c016dc
_sym_00c016dc:
.byte 0xff, 0xff, 0xff, 0xff
.long _sym_00adc360
.byte 0x00, 0x00, 0x00, 0x00
.long _sym_00adc368
.globl _sym_00c016ec
_sym_00c016ec:
.byte 0x22, 0x05, 0x93, 0x19, 0x02, 0x00, 0x00, 0x00
.long _sym_00c016dc
.byte 0x00, 0x00, 0x00, 0x00, 0x00, 0x00, 0x00, 0x00, 0x00, 0x00, 0x00, 0x00, 0x00, 0x00, 0x00, 0x00
.byte 0x00, 0x00, 0x00, 0x00, 0x01, 0x00, 0x00, 0x00
.globl _sym_00c01710
_sym_00c01710:
.byte 0xff, 0xff, 0xff, 0xff
.long _sym_00adc610
.byte 0x00, 0x00, 0x00, 0x00
.long _sym_00adc618
.byte 0x01, 0x00, 0x00, 0x00
.long _sym_00adc626
.globl _sym_00c01728
_sym_00c01728:
.byte 0x22, 0x05, 0x93, 0x19, 0x03, 0x00, 0x00, 0x00
.long _sym_00c01710
.byte 0x00, 0x00, 0x00, 0x00, 0x00, 0x00, 0x00, 0x00, 0x00, 0x00, 0x00, 0x00, 0x00, 0x00, 0x00, 0x00
.byte 0x00, 0x00, 0x00, 0x00, 0x01, 0x00, 0x00, 0x00
.globl _sym_00c0174c
_sym_00c0174c:
.byte 0xff, 0xff, 0xff, 0xff
.long _sym_00ade5a0
.globl _sym_00c01754
_sym_00c01754:
.byte 0x22, 0x05, 0x93, 0x19, 0x01, 0x00, 0x00, 0x00
.long _sym_00c0174c
.byte 0x00, 0x00, 0x00, 0x00, 0x00, 0x00, 0x00, 0x00, 0x00, 0x00, 0x00, 0x00, 0x00, 0x00, 0x00, 0x00
.byte 0x00, 0x00, 0x00, 0x00, 0x01, 0x00, 0x00, 0x00
.globl _sym_00c01778
_sym_00c01778:
.byte 0xff, 0xff, 0xff, 0xff
.long _sym_00adbe10
.globl _sym_00c01780
_sym_00c01780:
.byte 0x22, 0x05, 0x93, 0x19, 0x01, 0x00, 0x00, 0x00
.long _sym_00c01778
.byte 0x00, 0x00, 0x00, 0x00, 0x00, 0x00, 0x00, 0x00, 0x00, 0x00, 0x00, 0x00, 0x00, 0x00, 0x00, 0x00
.byte 0x00, 0x00, 0x00, 0x00, 0x01, 0x00, 0x00, 0x00
.globl _sym_00c017a4
_sym_00c017a4:
.byte 0xff, 0xff, 0xff, 0xff
.long _sym_00addcb0
.globl _sym_00c017ac
_sym_00c017ac:
.byte 0x22, 0x05, 0x93, 0x19, 0x01, 0x00, 0x00, 0x00
.long _sym_00c017a4
.byte 0x00, 0x00, 0x00, 0x00, 0x00, 0x00, 0x00, 0x00, 0x00, 0x00, 0x00, 0x00, 0x00, 0x00, 0x00, 0x00
.byte 0x00, 0x00, 0x00, 0x00, 0x01, 0x00, 0x00, 0x00
.globl _sym_00c017d0
_sym_00c017d0:
.byte 0xff, 0xff, 0xff, 0xff
.long _sym_00adc650
.globl _sym_00c017d8
_sym_00c017d8:
.byte 0x22, 0x05, 0x93, 0x19, 0x01, 0x00, 0x00, 0x00
.long _sym_00c017d0
.byte 0x00, 0x00, 0x00, 0x00, 0x00, 0x00, 0x00, 0x00, 0x00, 0x00, 0x00, 0x00, 0x00, 0x00, 0x00, 0x00
.byte 0x00, 0x00, 0x00, 0x00, 0x01, 0x00, 0x00, 0x00
.globl _sym_00c017fc
_sym_00c017fc:
.byte 0x22, 0x05, 0x93, 0x19, 0x05, 0x00, 0x00, 0x00
.long _sym_00c01820
.byte 0x00, 0x00, 0x00, 0x00, 0x00, 0x00, 0x00, 0x00, 0x00, 0x00, 0x00, 0x00, 0x00, 0x00, 0x00, 0x00
.byte 0x00, 0x00, 0x00, 0x00, 0x01, 0x00, 0x00, 0x00
.globl _sym_00c01820
_sym_00c01820:
.byte 0xff, 0xff, 0xff, 0xff
.long _sym_00ade630
.byte 0x00, 0x00, 0x00, 0x00
.long _sym_00ade63b
.byte 0x01, 0x00, 0x00, 0x00
.long _sym_00ade643
.byte 0x02, 0x00, 0x00, 0x00
.long _sym_00ade64b
.byte 0x03, 0x00, 0x00, 0x00
.long _sym_00ade653
.globl _sym_00c01848
_sym_00c01848:
.byte 0xff, 0xff, 0xff, 0xff
.long _sym_00adcac0
.globl _sym_00c01850
_sym_00c01850:
.byte 0x22, 0x05, 0x93, 0x19, 0x01, 0x00, 0x00, 0x00
.long _sym_00c01848
.byte 0x00, 0x00, 0x00, 0x00, 0x00, 0x00, 0x00, 0x00, 0x00, 0x00, 0x00, 0x00, 0x00, 0x00, 0x00, 0x00
.byte 0x00, 0x00, 0x00, 0x00, 0x01, 0x00, 0x00, 0x00
.globl _sym_00c01874
_sym_00c01874:
.byte 0xff, 0xff, 0xff, 0xff
.long _sym_00adbdb0
.globl _sym_00c0187c
_sym_00c0187c:
.byte 0x22, 0x05, 0x93, 0x19, 0x01, 0x00, 0x00, 0x00
.long _sym_00c01874
.byte 0x00, 0x00, 0x00, 0x00, 0x00, 0x00, 0x00, 0x00, 0x00, 0x00, 0x00, 0x00, 0x00, 0x00, 0x00, 0x00
.byte 0x00, 0x00, 0x00, 0x00, 0x01, 0x00, 0x00, 0x00
.globl _sym_00c018a0
_sym_00c018a0:
.byte 0xff, 0xff, 0xff, 0xff
.long _sym_00addc50
.globl _sym_00c018a8
_sym_00c018a8:
.byte 0x22, 0x05, 0x93, 0x19, 0x01, 0x00, 0x00, 0x00
.long _sym_00c018a0
.byte 0x00, 0x00, 0x00, 0x00, 0x00, 0x00, 0x00, 0x00, 0x00, 0x00, 0x00, 0x00, 0x00, 0x00, 0x00, 0x00
.byte 0x00, 0x00, 0x00, 0x00, 0x01, 0x00, 0x00, 0x00
.globl _sym_00c018cc
_sym_00c018cc:
.byte 0xff, 0xff, 0xff, 0xff
.long _sym_00ade440
.globl _sym_00c018d4
_sym_00c018d4:
.byte 0x22, 0x05, 0x93, 0x19, 0x01, 0x00, 0x00, 0x00
.long _sym_00c018cc
.byte 0x00, 0x00, 0x00, 0x00, 0x00, 0x00, 0x00, 0x00, 0x00, 0x00, 0x00, 0x00, 0x00, 0x00, 0x00, 0x00
.byte 0x00, 0x00, 0x00, 0x00, 0x01, 0x00, 0x00, 0x00
.globl _sym_00c018f8
_sym_00c018f8:
.byte 0xff, 0xff, 0xff, 0xff
.long _sym_00adca90
.globl _sym_00c01900
_sym_00c01900:
.byte 0x22, 0x05, 0x93, 0x19, 0x01, 0x00, 0x00, 0x00
.long _sym_00c018f8
.byte 0x00, 0x00, 0x00, 0x00, 0x00, 0x00, 0x00, 0x00, 0x00, 0x00, 0x00, 0x00, 0x00, 0x00, 0x00, 0x00
.byte 0x00, 0x00, 0x00, 0x00, 0x01, 0x00, 0x00, 0x00
.globl _sym_00c01924
_sym_00c01924:
.byte 0xff, 0xff, 0xff, 0xff
.long _sym_00add590
.byte 0x00, 0x00, 0x00, 0x00
.long _sym_00add598
.globl _sym_00c01934
_sym_00c01934:
.byte 0x22, 0x05, 0x93, 0x19, 0x02, 0x00, 0x00, 0x00
.long _sym_00c01924
.byte 0x00, 0x00, 0x00, 0x00, 0x00, 0x00, 0x00, 0x00, 0x00, 0x00, 0x00, 0x00, 0x00, 0x00, 0x00, 0x00
.byte 0x00, 0x00, 0x00, 0x00, 0x01, 0x00, 0x00, 0x00
.globl _sym_00c01958
_sym_00c01958:
.byte 0xff, 0xff, 0xff, 0xff
.long _sym_00add610
.byte 0x00, 0x00, 0x00, 0x00
.long _sym_00add61b
.globl _sym_00c01968
_sym_00c01968:
.byte 0x22, 0x05, 0x93, 0x19, 0x02, 0x00, 0x00, 0x00
.long _sym_00c01958
.byte 0x00, 0x00, 0x00, 0x00, 0x00, 0x00, 0x00, 0x00, 0x00, 0x00, 0x00, 0x00, 0x00, 0x00, 0x00, 0x00
.byte 0x00, 0x00, 0x00, 0x00, 0x01, 0x00, 0x00, 0x00
.globl _sym_00c0198c
_sym_00c0198c:
.byte 0xff, 0xff, 0xff, 0xff
.long _sym_00add5d0
.byte 0x00, 0x00, 0x00, 0x00
.long _sym_00add5db
.globl _sym_00c0199c
_sym_00c0199c:
.byte 0x22, 0x05, 0x93, 0x19, 0x02, 0x00, 0x00, 0x00
.long _sym_00c0198c
.byte 0x00, 0x00, 0x00, 0x00, 0x00, 0x00, 0x00, 0x00, 0x00, 0x00, 0x00, 0x00, 0x00, 0x00, 0x00, 0x00
.byte 0x00, 0x00, 0x00, 0x00, 0x01, 0x00, 0x00, 0x00
.globl _sym_00c019c0
_sym_00c019c0:
.byte 0xff, 0xff, 0xff, 0xff
.long _sym_00adc3a0
.byte 0x00, 0x00, 0x00, 0x00
.long _sym_00adc3a8
.globl _sym_00c019d0
_sym_00c019d0:
.byte 0x22, 0x05, 0x93, 0x19, 0x02, 0x00, 0x00, 0x00
.long _sym_00c019c0
.byte 0x00, 0x00, 0x00, 0x00, 0x00, 0x00, 0x00, 0x00, 0x00, 0x00, 0x00, 0x00, 0x00, 0x00, 0x00, 0x00
.byte 0x00, 0x00, 0x00, 0x00, 0x01, 0x00, 0x00, 0x00
.globl _sym_00c019f4
_sym_00c019f4:
.byte 0xff, 0xff, 0xff, 0xff
.long _sym_00adc680
.byte 0x00, 0x00, 0x00, 0x00
.long _sym_00adc688
.globl _sym_00c01a04
_sym_00c01a04:
.byte 0x22, 0x05, 0x93, 0x19, 0x02, 0x00, 0x00, 0x00
.long _sym_00c019f4
.byte 0x00, 0x00, 0x00, 0x00, 0x00, 0x00, 0x00, 0x00, 0x00, 0x00, 0x00, 0x00, 0x00, 0x00, 0x00, 0x00
.byte 0x00, 0x00, 0x00, 0x00, 0x01, 0x00, 0x00, 0x00
.globl _sym_00c01a28
_sym_00c01a28:
.byte 0xff, 0xff, 0xff, 0xff
.long _sym_00adcaf0
.byte 0x00, 0x00, 0x00, 0x00
.long _sym_00adcaf8
.globl _sym_00c01a38
_sym_00c01a38:
.byte 0x22, 0x05, 0x93, 0x19, 0x02, 0x00, 0x00, 0x00
.long _sym_00c01a28
.byte 0x00, 0x00, 0x00, 0x00, 0x00, 0x00, 0x00, 0x00, 0x00, 0x00, 0x00, 0x00, 0x00, 0x00, 0x00, 0x00
.byte 0x00, 0x00, 0x00, 0x00, 0x01, 0x00, 0x00, 0x00
.globl _sym_00c01a5c
_sym_00c01a5c:
.byte 0xff, 0xff, 0xff, 0xff
.long _sym_00adc6b0
.byte 0xff, 0xff, 0xff, 0xff
.long _sym_00adc6b8
.byte 0x01, 0x00, 0x00, 0x00
.long _sym_00adc6c0
.globl _sym_00c01a74
_sym_00c01a74:
.byte 0x22, 0x05, 0x93, 0x19, 0x03, 0x00, 0x00, 0x00
.long _sym_00c01a5c
.byte 0x00, 0x00, 0x00, 0x00, 0x00, 0x00, 0x00, 0x00, 0x00, 0x00, 0x00, 0x00, 0x00, 0x00, 0x00, 0x00
.byte 0x00, 0x00, 0x00, 0x00, 0x01, 0x00, 0x00, 0x00
.globl _sym_00c01a98
_sym_00c01a98:
.byte 0xff, 0xff, 0xff, 0xff
.long _sym_00ade600
.globl _sym_00c01aa0
_sym_00c01aa0:
.byte 0x22, 0x05, 0x93, 0x19, 0x01, 0x00, 0x00, 0x00
.long _sym_00c01a98
.byte 0x00, 0x00, 0x00, 0x00, 0x00, 0x00, 0x00, 0x00, 0x00, 0x00, 0x00, 0x00, 0x00, 0x00, 0x00, 0x00
.byte 0x00, 0x00, 0x00, 0x00, 0x01, 0x00, 0x00, 0x00
.globl _sym_00c01ac4
_sym_00c01ac4:
.byte 0xff, 0xff, 0xff, 0xff
.long _sym_00adcb20
.byte 0xff, 0xff, 0xff, 0xff
.long _sym_00adcb28
.byte 0x01, 0x00, 0x00, 0x00
.long _sym_00adcb30
.globl _sym_00c01adc
_sym_00c01adc:
.byte 0x22, 0x05, 0x93, 0x19, 0x03, 0x00, 0x00, 0x00
.long _sym_00c01ac4
.byte 0x00, 0x00, 0x00, 0x00, 0x00, 0x00, 0x00, 0x00, 0x00, 0x00, 0x00, 0x00, 0x00, 0x00, 0x00, 0x00
.byte 0x00, 0x00, 0x00, 0x00, 0x01, 0x00, 0x00, 0x00
.globl _sym_00c01b00
_sym_00c01b00:
.byte 0xff, 0xff, 0xff, 0xff
.long _sym_00add470
.globl _sym_00c01b08
_sym_00c01b08:
.byte 0x22, 0x05, 0x93, 0x19, 0x01, 0x00, 0x00, 0x00
.long _sym_00c01b00
.byte 0x00, 0x00, 0x00, 0x00, 0x00, 0x00, 0x00, 0x00, 0x00, 0x00, 0x00, 0x00, 0x00, 0x00, 0x00, 0x00
.byte 0x00, 0x00, 0x00, 0x00, 0x01, 0x00, 0x00, 0x00
.globl _sym_00c01b2c
_sym_00c01b2c:
.byte 0xff, 0xff, 0xff, 0xff
.long _sym_00adc140
.globl _sym_00c01b34
_sym_00c01b34:
.byte 0x22, 0x05, 0x93, 0x19, 0x01, 0x00, 0x00, 0x00
.long _sym_00c01b2c
.byte 0x00, 0x00, 0x00, 0x00, 0x00, 0x00, 0x00, 0x00, 0x00, 0x00, 0x00, 0x00, 0x00, 0x00, 0x00, 0x00
.byte 0x00, 0x00, 0x00, 0x00, 0x01, 0x00, 0x00, 0x00
.globl _sym_00c01b58
_sym_00c01b58:
.byte 0xff, 0xff, 0xff, 0xff
.long _sym_00addfe0
.globl _sym_00c01b60
_sym_00c01b60:
.byte 0x22, 0x05, 0x93, 0x19, 0x01, 0x00, 0x00, 0x00
.long _sym_00c01b58
.byte 0x00, 0x00, 0x00, 0x00, 0x00, 0x00, 0x00, 0x00, 0x00, 0x00, 0x00, 0x00, 0x00, 0x00, 0x00, 0x00
.byte 0x00, 0x00, 0x00, 0x00, 0x01, 0x00, 0x00, 0x00
.globl _sym_00c01b84
_sym_00c01b84:
.byte 0xff, 0xff, 0xff, 0xff
.long _sym_00adc4c0
.byte 0x00, 0x00, 0x00, 0x00
.long _sym_00adc4c8
.globl _sym_00c01b94
_sym_00c01b94:
.byte 0x22, 0x05, 0x93, 0x19, 0x02, 0x00, 0x00, 0x00
.long _sym_00c01b84
.byte 0x00, 0x00, 0x00, 0x00, 0x00, 0x00, 0x00, 0x00, 0x00, 0x00, 0x00, 0x00, 0x00, 0x00, 0x00, 0x00
.byte 0x00, 0x00, 0x00, 0x00, 0x01, 0x00, 0x00, 0x00
.globl _sym_00c01bb8
_sym_00c01bb8:
.byte 0xff, 0xff, 0xff, 0xff
.long _sym_00adc8f0
.byte 0x00, 0x00, 0x00, 0x00
.long _sym_00adc8f8
.byte 0x01, 0x00, 0x00, 0x00
.long _sym_00adc906
.globl _sym_00c01bd0
_sym_00c01bd0:
.byte 0x22, 0x05, 0x93, 0x19, 0x03, 0x00, 0x00, 0x00
.long _sym_00c01bb8
.byte 0x00, 0x00, 0x00, 0x00, 0x00, 0x00, 0x00, 0x00, 0x00, 0x00, 0x00, 0x00, 0x00, 0x00, 0x00, 0x00
.byte 0x00, 0x00, 0x00, 0x00, 0x01, 0x00, 0x00, 0x00
.globl _sym_00c01bf4
_sym_00c01bf4:
.byte 0xff, 0xff, 0xff, 0xff
.long _sym_00ade990
.globl _sym_00c01bfc
_sym_00c01bfc:
.byte 0x22, 0x05, 0x93, 0x19, 0x01, 0x00, 0x00, 0x00
.long _sym_00c01bf4
.byte 0x00, 0x00, 0x00, 0x00, 0x00, 0x00, 0x00, 0x00, 0x00, 0x00, 0x00, 0x00, 0x00, 0x00, 0x00, 0x00
.byte 0x00, 0x00, 0x00, 0x00, 0x01, 0x00, 0x00, 0x00
.globl _sym_00c01c20
_sym_00c01c20:
.byte 0xff, 0xff, 0xff, 0xff
.long _sym_00ade770
.globl _sym_00c01c28
_sym_00c01c28:
.byte 0x22, 0x05, 0x93, 0x19, 0x01, 0x00, 0x00, 0x00
.long _sym_00c01c20
.byte 0x00, 0x00, 0x00, 0x00, 0x00, 0x00, 0x00, 0x00, 0x00, 0x00, 0x00, 0x00, 0x00, 0x00, 0x00, 0x00
.byte 0x00, 0x00, 0x00, 0x00, 0x01, 0x00, 0x00, 0x00
.globl _sym_00c01c4c
_sym_00c01c4c:
.byte 0xff, 0xff, 0xff, 0xff
.long _sym_00adc170
.globl _sym_00c01c54
_sym_00c01c54:
.byte 0x22, 0x05, 0x93, 0x19, 0x01, 0x00, 0x00, 0x00
.long _sym_00c01c4c
.byte 0x00, 0x00, 0x00, 0x00, 0x00, 0x00, 0x00, 0x00, 0x00, 0x00, 0x00, 0x00, 0x00, 0x00, 0x00, 0x00
.byte 0x00, 0x00, 0x00, 0x00, 0x01, 0x00, 0x00, 0x00
.globl _sym_00c01c78
_sym_00c01c78:
.byte 0xff, 0xff, 0xff, 0xff
.long _sym_00ade010
.globl _sym_00c01c80
_sym_00c01c80:
.byte 0x22, 0x05, 0x93, 0x19, 0x01, 0x00, 0x00, 0x00
.long _sym_00c01c78
.byte 0x00, 0x00, 0x00, 0x00, 0x00, 0x00, 0x00, 0x00, 0x00, 0x00, 0x00, 0x00, 0x00, 0x00, 0x00, 0x00
.byte 0x00, 0x00, 0x00, 0x00, 0x01, 0x00, 0x00, 0x00
.globl _sym_00c01ca4
_sym_00c01ca4:
.byte 0xff, 0xff, 0xff, 0xff
.long _sym_00adc930
.globl _sym_00c01cac
_sym_00c01cac:
.byte 0x22, 0x05, 0x93, 0x19, 0x01, 0x00, 0x00, 0x00
.long _sym_00c01ca4
.byte 0x00, 0x00, 0x00, 0x00, 0x00, 0x00, 0x00, 0x00, 0x00, 0x00, 0x00, 0x00, 0x00, 0x00, 0x00, 0x00
.byte 0x00, 0x00, 0x00, 0x00, 0x01, 0x00, 0x00, 0x00
.globl _sym_00c01cd0
_sym_00c01cd0:
.byte 0xff, 0xff, 0xff, 0xff
.long _sym_00ade2e0
.globl _sym_00c01cd8
_sym_00c01cd8:
.byte 0x22, 0x05, 0x93, 0x19, 0x01, 0x00, 0x00, 0x00
.long _sym_00c01cd0
.byte 0x00, 0x00, 0x00, 0x00, 0x00, 0x00, 0x00, 0x00, 0x00, 0x00, 0x00, 0x00, 0x00, 0x00, 0x00, 0x00
.byte 0x00, 0x00, 0x00, 0x00, 0x01, 0x00, 0x00, 0x00
.globl _sym_00c01cfc
_sym_00c01cfc:
.byte 0xff, 0xff, 0xff, 0xff
.long _sym_00ade8f0
.globl _sym_00c01d04
_sym_00c01d04:
.byte 0x22, 0x05, 0x93, 0x19, 0x01, 0x00, 0x00, 0x00
.long _sym_00c01cfc
.byte 0x00, 0x00, 0x00, 0x00, 0x00, 0x00, 0x00, 0x00, 0x00, 0x00, 0x00, 0x00, 0x00, 0x00, 0x00, 0x00
.byte 0x00, 0x00, 0x00, 0x00, 0x01, 0x00, 0x00, 0x00
.globl _sym_00c01d28
_sym_00c01d28:
.byte 0xff, 0xff, 0xff, 0xff
.long _sym_00adccb0
.globl _sym_00c01d30
_sym_00c01d30:
.byte 0x22, 0x05, 0x93, 0x19, 0x01, 0x00, 0x00, 0x00
.long _sym_00c01d28
.byte 0x00, 0x00, 0x00, 0x00, 0x00, 0x00, 0x00, 0x00, 0x00, 0x00, 0x00, 0x00, 0x00, 0x00, 0x00, 0x00
.byte 0x00, 0x00, 0x00, 0x00, 0x01, 0x00, 0x00, 0x00
.globl _sym_00c01d54
_sym_00c01d54:
.byte 0xff, 0xff, 0xff, 0xff
.long _sym_00adc110
.globl _sym_00c01d5c
_sym_00c01d5c:
.byte 0x22, 0x05, 0x93, 0x19, 0x01, 0x00, 0x00, 0x00
.long _sym_00c01d54
.byte 0x00, 0x00, 0x00, 0x00, 0x00, 0x00, 0x00, 0x00, 0x00, 0x00, 0x00, 0x00, 0x00, 0x00, 0x00, 0x00
.byte 0x00, 0x00, 0x00, 0x00, 0x01, 0x00, 0x00, 0x00
.globl _sym_00c01d80
_sym_00c01d80:
.byte 0xff, 0xff, 0xff, 0xff
.long _sym_00addfb0
.globl _sym_00c01d88
_sym_00c01d88:
.byte 0x22, 0x05, 0x93, 0x19, 0x01, 0x00, 0x00, 0x00
.long _sym_00c01d80
.byte 0x00, 0x00, 0x00, 0x00, 0x00, 0x00, 0x00, 0x00, 0x00, 0x00, 0x00, 0x00, 0x00, 0x00, 0x00, 0x00
.byte 0x00, 0x00, 0x00, 0x00, 0x01, 0x00, 0x00, 0x00
.globl _sym_00c01dac
_sym_00c01dac:
.byte 0xff, 0xff, 0xff, 0xff
.long _sym_00ade4e0
.globl _sym_00c01db4
_sym_00c01db4:
.byte 0x22, 0x05, 0x93, 0x19, 0x01, 0x00, 0x00, 0x00
.long _sym_00c01dac
.byte 0x00, 0x00, 0x00, 0x00, 0x00, 0x00, 0x00, 0x00, 0x00, 0x00, 0x00, 0x00, 0x00, 0x00, 0x00, 0x00
.byte 0x00, 0x00, 0x00, 0x00, 0x01, 0x00, 0x00, 0x00
.globl _sym_00c01dd8
_sym_00c01dd8:
.byte 0xff, 0xff, 0xff, 0xff
.long _sym_00adc8c0
.globl _sym_00c01de0
_sym_00c01de0:
.byte 0x22, 0x05, 0x93, 0x19, 0x01, 0x00, 0x00, 0x00
.long _sym_00c01dd8
.byte 0x00, 0x00, 0x00, 0x00, 0x00, 0x00, 0x00, 0x00, 0x00, 0x00, 0x00, 0x00, 0x00, 0x00, 0x00, 0x00
.byte 0x00, 0x00, 0x00, 0x00, 0x01, 0x00, 0x00, 0x00
.globl _sym_00c01e04
_sym_00c01e04:
.byte 0xff, 0xff, 0xff, 0xff
.long _sym_00adcc80
.globl _sym_00c01e0c
_sym_00c01e0c:
.byte 0x22, 0x05, 0x93, 0x19, 0x01, 0x00, 0x00, 0x00
.long _sym_00c01e04
.byte 0x00, 0x00, 0x00, 0x00, 0x00, 0x00, 0x00, 0x00, 0x00, 0x00, 0x00, 0x00, 0x00, 0x00, 0x00, 0x00
.byte 0x00, 0x00, 0x00, 0x00, 0x01, 0x00, 0x00, 0x00
.globl _sym_00c01e30
_sym_00c01e30:
.byte 0xff, 0xff, 0xff, 0xff
.long _sym_00adc230
.globl _sym_00c01e38
_sym_00c01e38:
.byte 0x22, 0x05, 0x93, 0x19, 0x01, 0x00, 0x00, 0x00
.long _sym_00c01e30
.byte 0x00, 0x00, 0x00, 0x00, 0x00, 0x00, 0x00, 0x00, 0x00, 0x00, 0x00, 0x00, 0x00, 0x00, 0x00, 0x00
.byte 0x00, 0x00, 0x00, 0x00, 0x01, 0x00, 0x00, 0x00
.globl _sym_00c01e5c
_sym_00c01e5c:
.byte 0xff, 0xff, 0xff, 0xff
.long _sym_00adc260
.globl _sym_00c01e64
_sym_00c01e64:
.byte 0x22, 0x05, 0x93, 0x19, 0x01, 0x00, 0x00, 0x00
.long _sym_00c01e5c
.byte 0x00, 0x00, 0x00, 0x00, 0x00, 0x00, 0x00, 0x00, 0x00, 0x00, 0x00, 0x00, 0x00, 0x00, 0x00, 0x00
.byte 0x00, 0x00, 0x00, 0x00, 0x01, 0x00, 0x00, 0x00
.globl _sym_00c01e88
_sym_00c01e88:
.byte 0xff, 0xff, 0xff, 0xff
.long _sym_00adc200
.globl _sym_00c01e90
_sym_00c01e90:
.byte 0x22, 0x05, 0x93, 0x19, 0x01, 0x00, 0x00, 0x00
.long _sym_00c01e88
.byte 0x00, 0x00, 0x00, 0x00, 0x00, 0x00, 0x00, 0x00, 0x00, 0x00, 0x00, 0x00, 0x00, 0x00, 0x00, 0x00
.byte 0x00, 0x00, 0x00, 0x00, 0x01, 0x00, 0x00, 0x00
.globl _sym_00c01eb4
_sym_00c01eb4:
.byte 0xff, 0xff, 0xff, 0xff
.long _sym_00adc530
.byte 0x00, 0x00, 0x00, 0x00
.long _sym_00adc538
.globl _sym_00c01ec4
_sym_00c01ec4:
.byte 0x22, 0x05, 0x93, 0x19, 0x02, 0x00, 0x00, 0x00
.long _sym_00c01eb4
.byte 0x00, 0x00, 0x00, 0x00, 0x00, 0x00, 0x00, 0x00, 0x00, 0x00, 0x00, 0x00, 0x00, 0x00, 0x00, 0x00
.byte 0x00, 0x00, 0x00, 0x00, 0x01, 0x00, 0x00, 0x00
.globl _sym_00c01ee8
_sym_00c01ee8:
.byte 0xff, 0xff, 0xff, 0xff
.long _sym_00adc9d0
.byte 0x00, 0x00, 0x00, 0x00
.long _sym_00adc9d8
.globl _sym_00c01ef8
_sym_00c01ef8:
.byte 0x22, 0x05, 0x93, 0x19, 0x02, 0x00, 0x00, 0x00
.long _sym_00c01ee8
.byte 0x00, 0x00, 0x00, 0x00, 0x00, 0x00, 0x00, 0x00, 0x00, 0x00, 0x00, 0x00, 0x00, 0x00, 0x00, 0x00
.byte 0x00, 0x00, 0x00, 0x00, 0x01, 0x00, 0x00, 0x00
.globl _sym_00c01f1c
_sym_00c01f1c:
.byte 0xff, 0xff, 0xff, 0xff
.long _sym_00adcce0
.byte 0x00, 0x00, 0x00, 0x00
.long _sym_00adcce8
.globl _sym_00c01f2c
_sym_00c01f2c:
.byte 0x22, 0x05, 0x93, 0x19, 0x02, 0x00, 0x00, 0x00
.long _sym_00c01f1c
.byte 0x00, 0x00, 0x00, 0x00, 0x00, 0x00, 0x00, 0x00, 0x00, 0x00, 0x00, 0x00, 0x00, 0x00, 0x00, 0x00
.byte 0x00, 0x00, 0x00, 0x00, 0x01, 0x00, 0x00, 0x00
.globl _sym_00c01f50
_sym_00c01f50:
.byte 0xff, 0xff, 0xff, 0xff
.long _sym_00adca00
.byte 0xff, 0xff, 0xff, 0xff
.long _sym_00adca08
.byte 0x01, 0x00, 0x00, 0x00
.long _sym_00adca10
.globl _sym_00c01f68
_sym_00c01f68:
.byte 0x22, 0x05, 0x93, 0x19, 0x03, 0x00, 0x00, 0x00
.long _sym_00c01f50
.byte 0x00, 0x00, 0x00, 0x00, 0x00, 0x00, 0x00, 0x00, 0x00, 0x00, 0x00, 0x00, 0x00, 0x00, 0x00, 0x00
.byte 0x00, 0x00, 0x00, 0x00, 0x01, 0x00, 0x00, 0x00
.globl _sym_00c01f8c
_sym_00c01f8c:
.byte 0xff, 0xff, 0xff, 0xff
.long _sym_00ade740
.globl _sym_00c01f94
_sym_00c01f94:
.byte 0x22, 0x05, 0x93, 0x19, 0x01, 0x00, 0x00, 0x00
.long _sym_00c01f8c
.byte 0x00, 0x00, 0x00, 0x00, 0x00, 0x00, 0x00, 0x00, 0x00, 0x00, 0x00, 0x00, 0x00, 0x00, 0x00, 0x00
.byte 0x00, 0x00, 0x00, 0x00, 0x01, 0x00, 0x00, 0x00
.globl _sym_00c01fb8
_sym_00c01fb8:
.byte 0xff, 0xff, 0xff, 0xff
.long _sym_00adcd10
.byte 0xff, 0xff, 0xff, 0xff
.long _sym_00adcd18
.byte 0x01, 0x00, 0x00, 0x00
.long _sym_00adcd20
.globl _sym_00c01fd0
_sym_00c01fd0:
.byte 0x22, 0x05, 0x93, 0x19, 0x03, 0x00, 0x00, 0x00
.long _sym_00c01fb8
.byte 0x00, 0x00, 0x00, 0x00, 0x00, 0x00, 0x00, 0x00, 0x00, 0x00, 0x00, 0x00, 0x00, 0x00, 0x00, 0x00
.byte 0x00, 0x00, 0x00, 0x00, 0x01, 0x00, 0x00, 0x00
.globl _sym_00c01ff4
_sym_00c01ff4:
.byte 0xff, 0xff, 0xff, 0xff
.long _sym_00adc080
.globl _sym_00c01ffc
_sym_00c01ffc:
.byte 0x22, 0x05, 0x93, 0x19, 0x01, 0x00, 0x00, 0x00
.long _sym_00c01ff4
.byte 0x00, 0x00, 0x00, 0x00, 0x00, 0x00, 0x00, 0x00, 0x00, 0x00, 0x00, 0x00, 0x00, 0x00, 0x00, 0x00
.byte 0x00, 0x00, 0x00, 0x00, 0x01, 0x00, 0x00, 0x00
.globl _sym_00c02020
_sym_00c02020:
.byte 0xff, 0xff, 0xff, 0xff
.long _sym_00addf20
.globl _sym_00c02028
_sym_00c02028:
.byte 0x22, 0x05, 0x93, 0x19, 0x01, 0x00, 0x00, 0x00
.long _sym_00c02020
.byte 0x00, 0x00, 0x00, 0x00, 0x00, 0x00, 0x00, 0x00, 0x00, 0x00, 0x00, 0x00, 0x00, 0x00, 0x00, 0x00
.byte 0x00, 0x00, 0x00, 0x00, 0x01, 0x00, 0x00, 0x00
.globl _sym_00c0204c
_sym_00c0204c:
.byte 0xff, 0xff, 0xff, 0xff
.long _sym_00adc460
.byte 0x00, 0x00, 0x00, 0x00
.long _sym_00adc468
.globl _sym_00c0205c
_sym_00c0205c:
.byte 0x22, 0x05, 0x93, 0x19, 0x02, 0x00, 0x00, 0x00
.long _sym_00c0204c
.byte 0x00, 0x00, 0x00, 0x00, 0x00, 0x00, 0x00, 0x00, 0x00, 0x00, 0x00, 0x00, 0x00, 0x00, 0x00, 0x00
.byte 0x00, 0x00, 0x00, 0x00, 0x01, 0x00, 0x00, 0x00
.globl _sym_00c02080
_sym_00c02080:
.byte 0xff, 0xff, 0xff, 0xff
.long _sym_00adc7c0
.byte 0x00, 0x00, 0x00, 0x00
.long _sym_00adc7c8
.byte 0x01, 0x00, 0x00, 0x00
.long _sym_00adc7d3
.globl _sym_00c02098
_sym_00c02098:
.byte 0x22, 0x05, 0x93, 0x19, 0x03, 0x00, 0x00, 0x00
.long _sym_00c02080
.byte 0x00, 0x00, 0x00, 0x00, 0x00, 0x00, 0x00, 0x00, 0x00, 0x00, 0x00, 0x00, 0x00, 0x00, 0x00, 0x00
.byte 0x00, 0x00, 0x00, 0x00, 0x01, 0x00, 0x00, 0x00
.globl _sym_00c020bc
_sym_00c020bc:
.byte 0xff, 0xff, 0xff, 0xff
.long _sym_00ade5d0
.globl _sym_00c020c4
_sym_00c020c4:
.byte 0x22, 0x05, 0x93, 0x19, 0x01, 0x00, 0x00, 0x00
.long _sym_00c020bc
.byte 0x00, 0x00, 0x00, 0x00, 0x00, 0x00, 0x00, 0x00, 0x00, 0x00, 0x00, 0x00, 0x00, 0x00, 0x00, 0x00
.byte 0x00, 0x00, 0x00, 0x00, 0x01, 0x00, 0x00, 0x00
.globl _sym_00c020e8
_sym_00c020e8:
.byte 0xff, 0xff, 0xff, 0xff
.long _sym_00ade8b0
.byte 0x00, 0x00, 0x00, 0x00
.long _sym_00ade8bb
.byte 0x00, 0x00, 0x00, 0x00
.long _sym_00ade8c6
.globl _sym_00c02100
_sym_00c02100:
.byte 0x22, 0x05, 0x93, 0x19, 0x03, 0x00, 0x00, 0x00
.long _sym_00c020e8
.byte 0x00, 0x00, 0x00, 0x00, 0x00, 0x00, 0x00, 0x00, 0x00, 0x00, 0x00, 0x00, 0x00, 0x00, 0x00, 0x00
.byte 0x00, 0x00, 0x00, 0x00, 0x01, 0x00, 0x00, 0x00
.globl _sym_00c02124
_sym_00c02124:
.byte 0xff, 0xff, 0xff, 0xff
.long _sym_00adc0b0
.globl _sym_00c0212c
_sym_00c0212c:
.byte 0x22, 0x05, 0x93, 0x19, 0x01, 0x00, 0x00, 0x00
.long _sym_00c02124
.byte 0x00, 0x00, 0x00, 0x00, 0x00, 0x00, 0x00, 0x00, 0x00, 0x00, 0x00, 0x00, 0x00, 0x00, 0x00, 0x00
.byte 0x00, 0x00, 0x00, 0x00, 0x01, 0x00, 0x00, 0x00
.globl _sym_00c02150
_sym_00c02150:
.byte 0xff, 0xff, 0xff, 0xff
.long _sym_00addf50
.globl _sym_00c02158
_sym_00c02158:
.byte 0x22, 0x05, 0x93, 0x19, 0x01, 0x00, 0x00, 0x00
.long _sym_00c02150
.byte 0x00, 0x00, 0x00, 0x00, 0x00, 0x00, 0x00, 0x00, 0x00, 0x00, 0x00, 0x00, 0x00, 0x00, 0x00, 0x00
.byte 0x00, 0x00, 0x00, 0x00, 0x01, 0x00, 0x00, 0x00
.globl _sym_00c0217c
_sym_00c0217c:
.byte 0xff, 0xff, 0xff, 0xff
.long _sym_00adc050
.globl _sym_00c02184
_sym_00c02184:
.byte 0x22, 0x05, 0x93, 0x19, 0x01, 0x00, 0x00, 0x00
.long _sym_00c0217c
.byte 0x00, 0x00, 0x00, 0x00, 0x00, 0x00, 0x00, 0x00, 0x00, 0x00, 0x00, 0x00, 0x00, 0x00, 0x00, 0x00
.byte 0x00, 0x00, 0x00, 0x00, 0x01, 0x00, 0x00, 0x00
.globl _sym_00c021a8
_sym_00c021a8:
.byte 0xff, 0xff, 0xff, 0xff
.long _sym_00addef0
.globl _sym_00c021b0
_sym_00c021b0:
.byte 0x22, 0x05, 0x93, 0x19, 0x01, 0x00, 0x00, 0x00
.long _sym_00c021a8
.byte 0x00, 0x00, 0x00, 0x00, 0x00, 0x00, 0x00, 0x00, 0x00, 0x00, 0x00, 0x00, 0x00, 0x00, 0x00, 0x00
.byte 0x00, 0x00, 0x00, 0x00, 0x01, 0x00, 0x00, 0x00
.globl _sym_00c021d4
_sym_00c021d4:
.byte 0xff, 0xff, 0xff, 0xff
.long _sym_00adc0e0
.globl _sym_00c021dc
_sym_00c021dc:
.byte 0x22, 0x05, 0x93, 0x19, 0x01, 0x00, 0x00, 0x00
.long _sym_00c021d4
.byte 0x00, 0x00, 0x00, 0x00, 0x00, 0x00, 0x00, 0x00, 0x00, 0x00, 0x00, 0x00, 0x00, 0x00, 0x00, 0x00
.byte 0x00, 0x00, 0x00, 0x00, 0x01, 0x00, 0x00, 0x00
.globl _sym_00c02200
_sym_00c02200:
.byte 0xff, 0xff, 0xff, 0xff
.long _sym_00addf80
.globl _sym_00c02208
_sym_00c02208:
.byte 0x22, 0x05, 0x93, 0x19, 0x01, 0x00, 0x00, 0x00
.long _sym_00c02200
.byte 0x00, 0x00, 0x00, 0x00, 0x00, 0x00, 0x00, 0x00, 0x00, 0x00, 0x00, 0x00, 0x00, 0x00, 0x00, 0x00
.byte 0x00, 0x00, 0x00, 0x00, 0x01, 0x00, 0x00, 0x00
.globl _sym_00c0222c
_sym_00c0222c:
.byte 0xff, 0xff, 0xff, 0xff
.long _sym_00adc800
.byte 0x00, 0x00, 0x00, 0x00
.long _sym_00adc80e
.byte 0x01, 0x00, 0x00, 0x00
.long _sym_00adc81c
.byte 0x02, 0x00, 0x00, 0x00
.long _sym_00adc82a
.globl _sym_00c0224c
_sym_00c0224c:
.byte 0x22, 0x05, 0x93, 0x19, 0x04, 0x00, 0x00, 0x00
.long _sym_00c0222c
.byte 0x00, 0x00, 0x00, 0x00, 0x00, 0x00, 0x00, 0x00, 0x00, 0x00, 0x00, 0x00, 0x00, 0x00, 0x00, 0x00
.byte 0x00, 0x00, 0x00, 0x00, 0x01, 0x00, 0x00, 0x00
.globl _sym_00c02270
_sym_00c02270:
.byte 0xff, 0xff, 0xff, 0xff
.long _sym_00adc490
.byte 0x00, 0x00, 0x00, 0x00
.long _sym_00adc498
.globl _sym_00c02280
_sym_00c02280:
.byte 0x22, 0x05, 0x93, 0x19, 0x02, 0x00, 0x00, 0x00
.long _sym_00c02270
.byte 0x00, 0x00, 0x00, 0x00, 0x00, 0x00, 0x00, 0x00, 0x00, 0x00, 0x00, 0x00, 0x00, 0x00, 0x00, 0x00
.byte 0x00, 0x00, 0x00, 0x00, 0x01, 0x00, 0x00, 0x00
.globl _sym_00c022a4
_sym_00c022a4:
.byte 0xff, 0xff, 0xff, 0xff
.long _sym_00ade2a0
.byte 0x00, 0x00, 0x00, 0x00
.long _sym_00ade2ab
.globl _sym_00c022b4
_sym_00c022b4:
.byte 0x22, 0x05, 0x93, 0x19, 0x02, 0x00, 0x00, 0x00
.long _sym_00c022a4
.byte 0x00, 0x00, 0x00, 0x00, 0x00, 0x00, 0x00, 0x00, 0x00, 0x00, 0x00, 0x00, 0x00, 0x00, 0x00, 0x00
.byte 0x00, 0x00, 0x00, 0x00, 0x01, 0x00, 0x00, 0x00
.globl _sym_00c022d8
_sym_00c022d8:
.byte 0xff, 0xff, 0xff, 0xff
.long _sym_00adc860
.byte 0x00, 0x00, 0x00, 0x00
.long _sym_00adc868
.globl _sym_00c022e8
_sym_00c022e8:
.byte 0x22, 0x05, 0x93, 0x19, 0x02, 0x00, 0x00, 0x00
.long _sym_00c022d8
.byte 0x00, 0x00, 0x00, 0x00, 0x00, 0x00, 0x00, 0x00, 0x00, 0x00, 0x00, 0x00, 0x00, 0x00, 0x00, 0x00
.byte 0x00, 0x00, 0x00, 0x00, 0x01, 0x00, 0x00, 0x00
.globl _sym_00c0230c
_sym_00c0230c:
.byte 0xff, 0xff, 0xff, 0xff
.long _sym_00adcc20
.byte 0x00, 0x00, 0x00, 0x00
.long _sym_00adcc28
.globl _sym_00c0231c
_sym_00c0231c:
.byte 0x22, 0x05, 0x93, 0x19, 0x02, 0x00, 0x00, 0x00
.long _sym_00c0230c
.byte 0x00, 0x00, 0x00, 0x00, 0x00, 0x00, 0x00, 0x00, 0x00, 0x00, 0x00, 0x00, 0x00, 0x00, 0x00, 0x00
.byte 0x00, 0x00, 0x00, 0x00, 0x01, 0x00, 0x00, 0x00
.globl _sym_00c02340
_sym_00c02340:
.byte 0xff, 0xff, 0xff, 0xff
.long _sym_00adc890
.byte 0x00, 0x00, 0x00, 0x00
.long _sym_00adc898
.globl _sym_00c02350
_sym_00c02350:
.byte 0x22, 0x05, 0x93, 0x19, 0x02, 0x00, 0x00, 0x00
.long _sym_00c02340
.byte 0x00, 0x00, 0x00, 0x00, 0x00, 0x00, 0x00, 0x00, 0x00, 0x00, 0x00, 0x00, 0x00, 0x00, 0x00, 0x00
.byte 0x00, 0x00, 0x00, 0x00, 0x01, 0x00, 0x00, 0x00
.globl _sym_00c02374
_sym_00c02374:
.byte 0xff, 0xff, 0xff, 0xff
.long _sym_00adcc50
.byte 0x00, 0x00, 0x00, 0x00
.long _sym_00adcc58
.globl _sym_00c02384
_sym_00c02384:
.byte 0x22, 0x05, 0x93, 0x19, 0x02, 0x00, 0x00, 0x00
.long _sym_00c02374
.byte 0x00, 0x00, 0x00, 0x00, 0x00, 0x00, 0x00, 0x00, 0x00, 0x00, 0x00, 0x00, 0x00, 0x00, 0x00, 0x00
.byte 0x00, 0x00, 0x00, 0x00, 0x01, 0x00, 0x00, 0x00
.globl _sym_00c023a8
_sym_00c023a8:
.byte 0xff, 0xff, 0xff, 0xff
.long _sym_00add420
.byte 0xff, 0xff, 0xff, 0xff
.long _sym_00add42e
.byte 0xff, 0xff, 0xff, 0xff
.long _sym_00add43c
.globl _sym_00c023c0
_sym_00c023c0:
.byte 0x22, 0x05, 0x93, 0x19, 0x03, 0x00, 0x00, 0x00
.long _sym_00c023a8
.byte 0x00, 0x00, 0x00, 0x00, 0x00, 0x00, 0x00, 0x00, 0x00, 0x00, 0x00, 0x00, 0x00, 0x00, 0x00, 0x00
.byte 0x00, 0x00, 0x00, 0x00, 0x01, 0x00, 0x00, 0x00
.globl _sym_00c023e4
_sym_00c023e4:
.byte 0xff, 0xff, 0xff, 0xff
.long _sym_00adbf00
.globl _sym_00c023ec
_sym_00c023ec:
.byte 0x22, 0x05, 0x93, 0x19, 0x01, 0x00, 0x00, 0x00
.long _sym_00c023e4
.byte 0x00, 0x00, 0x00, 0x00, 0x00, 0x00, 0x00, 0x00, 0x00, 0x00, 0x00, 0x00, 0x00, 0x00, 0x00, 0x00
.byte 0x00, 0x00, 0x00, 0x00, 0x01, 0x00, 0x00, 0x00
.globl _sym_00c02410
_sym_00c02410:
.byte 0xff, 0xff, 0xff, 0xff
.long _sym_00addda0
.globl _sym_00c02418
_sym_00c02418:
.byte 0x22, 0x05, 0x93, 0x19, 0x01, 0x00, 0x00, 0x00
.long _sym_00c02410
.byte 0x00, 0x00, 0x00, 0x00, 0x00, 0x00, 0x00, 0x00, 0x00, 0x00, 0x00, 0x00, 0x00, 0x00, 0x00, 0x00
.byte 0x00, 0x00, 0x00, 0x00, 0x01, 0x00, 0x00, 0x00
.globl _sym_00c0243c
_sym_00c0243c:
.byte 0xff, 0xff, 0xff, 0xff
.long _sym_00adc400
.byte 0x00, 0x00, 0x00, 0x00
.long _sym_00adc408
.globl _sym_00c0244c
_sym_00c0244c:
.byte 0x22, 0x05, 0x93, 0x19, 0x02, 0x00, 0x00, 0x00
.long _sym_00c0243c
.byte 0x00, 0x00, 0x00, 0x00, 0x00, 0x00, 0x00, 0x00, 0x00, 0x00, 0x00, 0x00, 0x00, 0x00, 0x00, 0x00
.byte 0x00, 0x00, 0x00, 0x00, 0x01, 0x00, 0x00, 0x00
.globl _sym_00c02470
_sym_00c02470:
.byte 0xff, 0xff, 0xff, 0xff
.long _sym_00adc730
.byte 0x00, 0x00, 0x00, 0x00
.long _sym_00adc738
.byte 0x01, 0x00, 0x00, 0x00
.long _sym_00adc743
.globl _sym_00c02488
_sym_00c02488:
.byte 0x22, 0x05, 0x93, 0x19, 0x03, 0x00, 0x00, 0x00
.long _sym_00c02470
.byte 0x00, 0x00, 0x00, 0x00, 0x00, 0x00, 0x00, 0x00, 0x00, 0x00, 0x00, 0x00, 0x00, 0x00, 0x00, 0x00
.byte 0x00, 0x00, 0x00, 0x00, 0x01, 0x00, 0x00, 0x00
.globl _sym_00c024ac
_sym_00c024ac:
.byte 0xff, 0xff, 0xff, 0xff
.long _sym_00adbf60
.globl _sym_00c024b4
_sym_00c024b4:
.byte 0x22, 0x05, 0x93, 0x19, 0x01, 0x00, 0x00, 0x00
.long _sym_00c024ac
.byte 0x00, 0x00, 0x00, 0x00, 0x00, 0x00, 0x00, 0x00, 0x00, 0x00, 0x00, 0x00, 0x00, 0x00, 0x00, 0x00
.byte 0x00, 0x00, 0x00, 0x00, 0x01, 0x00, 0x00, 0x00
.globl _sym_00c024d8
_sym_00c024d8:
.byte 0xff, 0xff, 0xff, 0xff
.long _sym_00adde00
.globl _sym_00c024e0
_sym_00c024e0:
.byte 0x22, 0x05, 0x93, 0x19, 0x01, 0x00, 0x00, 0x00
.long _sym_00c024d8
.byte 0x00, 0x00, 0x00, 0x00, 0x00, 0x00, 0x00, 0x00, 0x00, 0x00, 0x00, 0x00, 0x00, 0x00, 0x00, 0x00
.byte 0x00, 0x00, 0x00, 0x00, 0x01, 0x00, 0x00, 0x00
.globl _sym_00c02504
_sym_00c02504:
.byte 0xff, 0xff, 0xff, 0xff
.long _sym_00adc770
.byte 0xff, 0xff, 0xff, 0xff
.long _sym_00adc778
.byte 0x01, 0x00, 0x00, 0x00
.long _sym_00adc780
.byte 0x02, 0x00, 0x00, 0x00
.long _sym_00adc78b
.globl _sym_00c02524
_sym_00c02524:
.byte 0x22, 0x05, 0x93, 0x19, 0x04, 0x00, 0x00, 0x00
.long _sym_00c02504
.byte 0x00, 0x00, 0x00, 0x00, 0x00, 0x00, 0x00, 0x00, 0x00, 0x00, 0x00, 0x00, 0x00, 0x00, 0x00, 0x00
.byte 0x00, 0x00, 0x00, 0x00, 0x01, 0x00, 0x00, 0x00
.globl _sym_00c02548
_sym_00c02548:
.byte 0xff, 0xff, 0xff, 0xff
.long _sym_00ade370
.byte 0xff, 0xff, 0xff, 0xff
.long _sym_00ade381
.byte 0xff, 0xff, 0xff, 0xff
.long _sym_00ade392
.globl _sym_00c02560
_sym_00c02560:
.byte 0x22, 0x05, 0x93, 0x19, 0x03, 0x00, 0x00, 0x00
.long _sym_00c02548
.byte 0x00, 0x00, 0x00, 0x00, 0x00, 0x00, 0x00, 0x00, 0x00, 0x00, 0x00, 0x00, 0x00, 0x00, 0x00, 0x00
.byte 0x00, 0x00, 0x00, 0x00, 0x01, 0x00, 0x00, 0x00
.globl _sym_00c02584
_sym_00c02584:
.byte 0x22, 0x05, 0x93, 0x19, 0x06, 0x00, 0x00, 0x00
.long _sym_00c025a8
.byte 0x00, 0x00, 0x00, 0x00, 0x00, 0x00, 0x00, 0x00, 0x00, 0x00, 0x00, 0x00, 0x00, 0x00, 0x00, 0x00
.byte 0x00, 0x00, 0x00, 0x00, 0x01, 0x00, 0x00, 0x00
.globl _sym_00c025a8
_sym_00c025a8:
.byte 0xff, 0xff, 0xff, 0xff
.long _sym_00ade680
.byte 0xff, 0xff, 0xff, 0xff
.long _sym_00ade688
.byte 0xff, 0xff, 0xff, 0xff
.long _sym_00ade690
.byte 0xff, 0xff, 0xff, 0xff
.long _sym_00ade69b
.byte 0xff, 0xff, 0xff, 0xff
.long _sym_00ade6a3
.byte 0xff, 0xff, 0xff, 0xff
.long _sym_00ade6ae
.globl _sym_00c025d8
_sym_00c025d8:
.byte 0xff, 0xff, 0xff, 0xff
.long _sym_00ade270
.globl _sym_00c025e0
_sym_00c025e0:
.byte 0x22, 0x05, 0x93, 0x19, 0x01, 0x00, 0x00, 0x00
.long _sym_00c025d8
.byte 0x00, 0x00, 0x00, 0x00, 0x00, 0x00, 0x00, 0x00, 0x00, 0x00, 0x00, 0x00, 0x00, 0x00, 0x00, 0x00
.byte 0x00, 0x00, 0x00, 0x00, 0x01, 0x00, 0x00, 0x00
.globl _sym_00c02604
_sym_00c02604:
.byte 0xff, 0xff, 0xff, 0xff
.long _sym_00adbf30
.globl _sym_00c0260c
_sym_00c0260c:
.byte 0x22, 0x05, 0x93, 0x19, 0x01, 0x00, 0x00, 0x00
.long _sym_00c02604
.byte 0x00, 0x00, 0x00, 0x00, 0x00, 0x00, 0x00, 0x00, 0x00, 0x00, 0x00, 0x00, 0x00, 0x00, 0x00, 0x00
.byte 0x00, 0x00, 0x00, 0x00, 0x01, 0x00, 0x00, 0x00
.globl _sym_00c02630
_sym_00c02630:
.byte 0xff, 0xff, 0xff, 0xff
.long _sym_00adddd0
.globl _sym_00c02638
_sym_00c02638:
.byte 0x22, 0x05, 0x93, 0x19, 0x01, 0x00, 0x00, 0x00
.long _sym_00c02630
.byte 0x00, 0x00, 0x00, 0x00, 0x00, 0x00, 0x00, 0x00, 0x00, 0x00, 0x00, 0x00, 0x00, 0x00, 0x00, 0x00
.byte 0x00, 0x00, 0x00, 0x00, 0x01, 0x00, 0x00, 0x00
.globl _sym_00c0265c
_sym_00c0265c:
.byte 0xff, 0xff, 0xff, 0xff
.long _sym_00adbed0
.globl _sym_00c02664
_sym_00c02664:
.byte 0x22, 0x05, 0x93, 0x19, 0x01, 0x00, 0x00, 0x00
.long _sym_00c0265c
.byte 0x00, 0x00, 0x00, 0x00, 0x00, 0x00, 0x00, 0x00, 0x00, 0x00, 0x00, 0x00, 0x00, 0x00, 0x00, 0x00
.byte 0x00, 0x00, 0x00, 0x00, 0x01, 0x00, 0x00, 0x00
.globl _sym_00c02688
_sym_00c02688:
.byte 0xff, 0xff, 0xff, 0xff
.long _sym_00addd70
.globl _sym_00c02690
_sym_00c02690:
.byte 0x22, 0x05, 0x93, 0x19, 0x01, 0x00, 0x00, 0x00
.long _sym_00c02688
.byte 0x00, 0x00, 0x00, 0x00, 0x00, 0x00, 0x00, 0x00, 0x00, 0x00, 0x00, 0x00, 0x00, 0x00, 0x00, 0x00
.byte 0x00, 0x00, 0x00, 0x00, 0x01, 0x00, 0x00, 0x00
.globl _sym_00c026b4
_sym_00c026b4:
.byte 0xff, 0xff, 0xff, 0xff
.long _sym_00ade4b0
.globl _sym_00c026bc
_sym_00c026bc:
.byte 0x22, 0x05, 0x93, 0x19, 0x01, 0x00, 0x00, 0x00
.long _sym_00c026b4
.byte 0x00, 0x00, 0x00, 0x00, 0x00, 0x00, 0x00, 0x00, 0x00, 0x00, 0x00, 0x00, 0x00, 0x00, 0x00, 0x00
.byte 0x00, 0x00, 0x00, 0x00, 0x01, 0x00, 0x00, 0x00
.globl _sym_00c026e0
_sym_00c026e0:
.byte 0xff, 0xff, 0xff, 0xff
.long _sym_00ade1a0
.globl _sym_00c026e8
_sym_00c026e8:
.byte 0x22, 0x05, 0x93, 0x19, 0x01, 0x00, 0x00, 0x00
.long _sym_00c026e0
.byte 0x00, 0x00, 0x00, 0x00, 0x00, 0x00, 0x00, 0x00, 0x00, 0x00, 0x00, 0x00, 0x00, 0x00, 0x00, 0x00
.byte 0x00, 0x00, 0x00, 0x00, 0x01, 0x00, 0x00, 0x00
.globl _sym_00c0270c
_sym_00c0270c:
.byte 0xff, 0xff, 0xff, 0xff
.long _sym_00adbfc0
.globl _sym_00c02714
_sym_00c02714:
.byte 0x22, 0x05, 0x93, 0x19, 0x01, 0x00, 0x00, 0x00
.long _sym_00c0270c
.byte 0x00, 0x00, 0x00, 0x00, 0x00, 0x00, 0x00, 0x00, 0x00, 0x00, 0x00, 0x00, 0x00, 0x00, 0x00, 0x00
.byte 0x00, 0x00, 0x00, 0x00, 0x01, 0x00, 0x00, 0x00
.globl _sym_00c02738
_sym_00c02738:
.byte 0xff, 0xff, 0xff, 0xff
.long _sym_00adde60
.globl _sym_00c02740
_sym_00c02740:
.byte 0x22, 0x05, 0x93, 0x19, 0x01, 0x00, 0x00, 0x00
.long _sym_00c02738
.byte 0x00, 0x00, 0x00, 0x00, 0x00, 0x00, 0x00, 0x00, 0x00, 0x00, 0x00, 0x00, 0x00, 0x00, 0x00, 0x00
.byte 0x00, 0x00, 0x00, 0x00, 0x01, 0x00, 0x00, 0x00
.globl _sym_00c02764
_sym_00c02764:
.byte 0xff, 0xff, 0xff, 0xff
.long _sym_00adc430
.globl _sym_00c0276c
_sym_00c0276c:
.byte 0x22, 0x05, 0x93, 0x19, 0x01, 0x00, 0x00, 0x00
.long _sym_00c02764
.byte 0x00, 0x00, 0x00, 0x00, 0x00, 0x00, 0x00, 0x00, 0x00, 0x00, 0x00, 0x00, 0x00, 0x00, 0x00, 0x00
.byte 0x00, 0x00, 0x00, 0x00, 0x01, 0x00, 0x00, 0x00
.globl _sym_00c02790
_sym_00c02790:
.byte 0xff, 0xff, 0xff, 0xff
.long _sym_00adcb90
.globl _sym_00c02798
_sym_00c02798:
.byte 0x22, 0x05, 0x93, 0x19, 0x01, 0x00, 0x00, 0x00
.long _sym_00c02790
.byte 0x00, 0x00, 0x00, 0x00, 0x00, 0x00, 0x00, 0x00, 0x00, 0x00, 0x00, 0x00, 0x00, 0x00, 0x00, 0x00
.byte 0x00, 0x00, 0x00, 0x00, 0x01, 0x00, 0x00, 0x00
.globl _sym_00c027bc
_sym_00c027bc:
.byte 0xff, 0xff, 0xff, 0xff
.long _sym_00ade200
.globl _sym_00c027c4
_sym_00c027c4:
.byte 0x22, 0x05, 0x93, 0x19, 0x01, 0x00, 0x00, 0x00
.long _sym_00c027bc
.byte 0x00, 0x00, 0x00, 0x00, 0x00, 0x00, 0x00, 0x00, 0x00, 0x00, 0x00, 0x00, 0x00, 0x00, 0x00, 0x00
.byte 0x00, 0x00, 0x00, 0x00, 0x01, 0x00, 0x00, 0x00
.globl _sym_00c027e8
_sym_00c027e8:
.byte 0xff, 0xff, 0xff, 0xff
.long _sym_00adc020
.globl _sym_00c027f0
_sym_00c027f0:
.byte 0x22, 0x05, 0x93, 0x19, 0x01, 0x00, 0x00, 0x00
.long _sym_00c027e8
.byte 0x00, 0x00, 0x00, 0x00, 0x00, 0x00, 0x00, 0x00, 0x00, 0x00, 0x00, 0x00, 0x00, 0x00, 0x00, 0x00
.byte 0x00, 0x00, 0x00, 0x00, 0x01, 0x00, 0x00, 0x00
.globl _sym_00c02814
_sym_00c02814:
.byte 0xff, 0xff, 0xff, 0xff
.long _sym_00addec0
.globl _sym_00c0281c
_sym_00c0281c:
.byte 0x22, 0x05, 0x93, 0x19, 0x01, 0x00, 0x00, 0x00
.long _sym_00c02814
.byte 0x00, 0x00, 0x00, 0x00, 0x00, 0x00, 0x00, 0x00, 0x00, 0x00, 0x00, 0x00, 0x00, 0x00, 0x00, 0x00
.byte 0x00, 0x00, 0x00, 0x00, 0x01, 0x00, 0x00, 0x00
.globl _sym_00c02840
_sym_00c02840:
.byte 0xff, 0xff, 0xff, 0xff
.long _sym_00ade3c0
.byte 0xff, 0xff, 0xff, 0xff
.long _sym_00ade3d1
.globl _sym_00c02850
_sym_00c02850:
.byte 0x22, 0x05, 0x93, 0x19, 0x02, 0x00, 0x00, 0x00
.long _sym_00c02840
.byte 0x00, 0x00, 0x00, 0x00, 0x00, 0x00, 0x00, 0x00, 0x00, 0x00, 0x00, 0x00, 0x00, 0x00, 0x00, 0x00
.byte 0x00, 0x00, 0x00, 0x00, 0x01, 0x00, 0x00, 0x00
.globl _sym_00c02874
_sym_00c02874:
.byte 0x22, 0x05, 0x93, 0x19, 0x06, 0x00, 0x00, 0x00
.long _sym_00c02898
.byte 0x00, 0x00, 0x00, 0x00, 0x00, 0x00, 0x00, 0x00, 0x00, 0x00, 0x00, 0x00, 0x00, 0x00, 0x00, 0x00
.byte 0x00, 0x00, 0x00, 0x00, 0x01, 0x00, 0x00, 0x00
.globl _sym_00c02898
_sym_00c02898:
.byte 0xff, 0xff, 0xff, 0xff
.long _sym_00ade6e0
.byte 0xff, 0xff, 0xff, 0xff
.long _sym_00ade6eb
.byte 0xff, 0xff, 0xff, 0xff
.long _sym_00ade6f6
.byte 0xff, 0xff, 0xff, 0xff
.long _sym_00ade701
.byte 0xff, 0xff, 0xff, 0xff
.long _sym_00ade70c
.byte 0xff, 0xff, 0xff, 0xff
.long _sym_00ade717
.globl _sym_00c028c8
_sym_00c028c8:
.byte 0xff, 0xff, 0xff, 0xff
.long _sym_00adcbf0
.globl _sym_00c028d0
_sym_00c028d0:
.byte 0x22, 0x05, 0x93, 0x19, 0x01, 0x00, 0x00, 0x00
.long _sym_00c028c8
.byte 0x00, 0x00, 0x00, 0x00, 0x00, 0x00, 0x00, 0x00, 0x00, 0x00, 0x00, 0x00, 0x00, 0x00, 0x00, 0x00
.byte 0x00, 0x00, 0x00, 0x00, 0x01, 0x00, 0x00, 0x00
.globl _sym_00c028f4
_sym_00c028f4:
.byte 0xff, 0xff, 0xff, 0xff
.long _sym_00ade1d0
.globl _sym_00c028fc
_sym_00c028fc:
.byte 0x22, 0x05, 0x93, 0x19, 0x01, 0x00, 0x00, 0x00
.long _sym_00c028f4
.byte 0x00, 0x00, 0x00, 0x00, 0x00, 0x00, 0x00, 0x00, 0x00, 0x00, 0x00, 0x00, 0x00, 0x00, 0x00, 0x00
.byte 0x00, 0x00, 0x00, 0x00, 0x01, 0x00, 0x00, 0x00
.globl _sym_00c02920
_sym_00c02920:
.byte 0xff, 0xff, 0xff, 0xff
.long _sym_00adbff0
.globl _sym_00c02928
_sym_00c02928:
.byte 0x22, 0x05, 0x93, 0x19, 0x01, 0x00, 0x00, 0x00
.long _sym_00c02920
.byte 0x00, 0x00, 0x00, 0x00, 0x00, 0x00, 0x00, 0x00, 0x00, 0x00, 0x00, 0x00, 0x00, 0x00, 0x00, 0x00
.byte 0x00, 0x00, 0x00, 0x00, 0x01, 0x00, 0x00, 0x00
.globl _sym_00c0294c
_sym_00c0294c:
.byte 0xff, 0xff, 0xff, 0xff
.long _sym_00adde90
.globl _sym_00c02954
_sym_00c02954:
.byte 0x22, 0x05, 0x93, 0x19, 0x01, 0x00, 0x00, 0x00
.long _sym_00c0294c
.byte 0x00, 0x00, 0x00, 0x00, 0x00, 0x00, 0x00, 0x00, 0x00, 0x00, 0x00, 0x00, 0x00, 0x00, 0x00, 0x00
.byte 0x00, 0x00, 0x00, 0x00, 0x01, 0x00, 0x00, 0x00
.globl _sym_00c02978
_sym_00c02978:
.byte 0xff, 0xff, 0xff, 0xff
.long _sym_00adcbc0
.globl _sym_00c02980
_sym_00c02980:
.byte 0x22, 0x05, 0x93, 0x19, 0x01, 0x00, 0x00, 0x00
.long _sym_00c02978
.byte 0x00, 0x00, 0x00, 0x00, 0x00, 0x00, 0x00, 0x00, 0x00, 0x00, 0x00, 0x00, 0x00, 0x00, 0x00, 0x00
.byte 0x00, 0x00, 0x00, 0x00, 0x01, 0x00, 0x00, 0x00
.globl _sym_00c029a4
_sym_00c029a4:
.byte 0xff, 0xff, 0xff, 0xff
.long _sym_00ade170
.globl _sym_00c029ac
_sym_00c029ac:
.byte 0x22, 0x05, 0x93, 0x19, 0x01, 0x00, 0x00, 0x00
.long _sym_00c029a4
.byte 0x00, 0x00, 0x00, 0x00, 0x00, 0x00, 0x00, 0x00, 0x00, 0x00, 0x00, 0x00, 0x00, 0x00, 0x00, 0x00
.byte 0x00, 0x00, 0x00, 0x00, 0x01, 0x00, 0x00, 0x00
.globl _sym_00c029d0
_sym_00c029d0:
.byte 0xff, 0xff, 0xff, 0xff
.long _sym_00adbf90
.globl _sym_00c029d8
_sym_00c029d8:
.byte 0x22, 0x05, 0x93, 0x19, 0x01, 0x00, 0x00, 0x00
.long _sym_00c029d0
.byte 0x00, 0x00, 0x00, 0x00, 0x00, 0x00, 0x00, 0x00, 0x00, 0x00, 0x00, 0x00, 0x00, 0x00, 0x00, 0x00
.byte 0x00, 0x00, 0x00, 0x00, 0x01, 0x00, 0x00, 0x00
.globl _sym_00c029fc
_sym_00c029fc:
.byte 0xff, 0xff, 0xff, 0xff
.long _sym_00adde30
.globl _sym_00c02a04
_sym_00c02a04:
.byte 0x22, 0x05, 0x93, 0x19, 0x01, 0x00, 0x00, 0x00
.long _sym_00c029fc
.byte 0x00, 0x00, 0x00, 0x00, 0x00, 0x00, 0x00, 0x00, 0x00, 0x00, 0x00, 0x00, 0x00, 0x00, 0x00, 0x00
.byte 0x00, 0x00, 0x00, 0x00, 0x01, 0x00, 0x00, 0x00
.globl _sym_00c02a28
_sym_00c02a28:
.byte 0xff, 0xff, 0xff, 0xff
.long _sym_00adcb60
.globl _sym_00c02a30
_sym_00c02a30:
.byte 0x22, 0x05, 0x93, 0x19, 0x01, 0x00, 0x00, 0x00
.long _sym_00c02a28
.byte 0x00, 0x00, 0x00, 0x00, 0x00, 0x00, 0x00, 0x00, 0x00, 0x00, 0x00, 0x00, 0x00, 0x00, 0x00, 0x00
.byte 0x00, 0x00, 0x00, 0x00, 0x01, 0x00, 0x00, 0x00
.globl _sym_00c02a54
_sym_00c02a54:
.byte 0xff, 0xff, 0xff, 0xff
.long _sym_00adbe70
.globl _sym_00c02a5c
_sym_00c02a5c:
.byte 0x22, 0x05, 0x93, 0x19, 0x01, 0x00, 0x00, 0x00
.long _sym_00c02a54
.byte 0x00, 0x00, 0x00, 0x00, 0x00, 0x00, 0x00, 0x00, 0x00, 0x00, 0x00, 0x00, 0x00, 0x00, 0x00, 0x00
.byte 0x00, 0x00, 0x00, 0x00, 0x01, 0x00, 0x00, 0x00
.globl _sym_00c02a80
_sym_00c02a80:
.byte 0xff, 0xff, 0xff, 0xff
.long _sym_00addd10
.globl _sym_00c02a88
_sym_00c02a88:
.byte 0x22, 0x05, 0x93, 0x19, 0x01, 0x00, 0x00, 0x00
.long _sym_00c02a80
.byte 0x00, 0x00, 0x00, 0x00, 0x00, 0x00, 0x00, 0x00, 0x00, 0x00, 0x00, 0x00, 0x00, 0x00, 0x00, 0x00
.byte 0x00, 0x00, 0x00, 0x00, 0x01, 0x00, 0x00, 0x00
.globl _sym_00c02aac
_sym_00c02aac:
.byte 0xff, 0xff, 0xff, 0xff
.long _sym_00adc3d0
.byte 0x00, 0x00, 0x00, 0x00
.long _sym_00adc3d8
.globl _sym_00c02abc
_sym_00c02abc:
.byte 0x22, 0x05, 0x93, 0x19, 0x02, 0x00, 0x00, 0x00
.long _sym_00c02aac
.byte 0x00, 0x00, 0x00, 0x00, 0x00, 0x00, 0x00, 0x00, 0x00, 0x00, 0x00, 0x00, 0x00, 0x00, 0x00, 0x00
.byte 0x00, 0x00, 0x00, 0x00, 0x01, 0x00, 0x00, 0x00
.globl _sym_00c02ae0
_sym_00c02ae0:
.byte 0xff, 0xff, 0xff, 0xff
.long _sym_00adc6f0
.byte 0x00, 0x00, 0x00, 0x00
.long _sym_00adc6f8
.byte 0x01, 0x00, 0x00, 0x00
.long _sym_00adc703
.globl _sym_00c02af8
_sym_00c02af8:
.byte 0x22, 0x05, 0x93, 0x19, 0x03, 0x00, 0x00, 0x00
.long _sym_00c02ae0
.byte 0x00, 0x00, 0x00, 0x00, 0x00, 0x00, 0x00, 0x00, 0x00, 0x00, 0x00, 0x00, 0x00, 0x00, 0x00, 0x00
.byte 0x00, 0x00, 0x00, 0x00, 0x01, 0x00, 0x00, 0x00
.globl _sym_00c02b1c
_sym_00c02b1c:
.byte 0xff, 0xff, 0xff, 0xff
.long _sym_00ade850
.byte 0xff, 0xff, 0xff, 0xff
.long _sym_00ade858
.globl _sym_00c02b2c
_sym_00c02b2c:
.byte 0x22, 0x05, 0x93, 0x19, 0x02, 0x00, 0x00, 0x00
.long _sym_00c02b1c
.byte 0x00, 0x00, 0x00, 0x00, 0x00, 0x00, 0x00, 0x00, 0x00, 0x00, 0x00, 0x00, 0x00, 0x00, 0x00, 0x00
.byte 0x00, 0x00, 0x00, 0x00, 0x01, 0x00, 0x00, 0x00
.globl _sym_00c02b50
_sym_00c02b50:
.byte 0xff, 0xff, 0xff, 0xff
.long _sym_00adbea0
.globl _sym_00c02b58
_sym_00c02b58:
.byte 0x22, 0x05, 0x93, 0x19, 0x01, 0x00, 0x00, 0x00
.long _sym_00c02b50
.byte 0x00, 0x00, 0x00, 0x00, 0x00, 0x00, 0x00, 0x00, 0x00, 0x00, 0x00, 0x00, 0x00, 0x00, 0x00, 0x00
.byte 0x00, 0x00, 0x00, 0x00, 0x01, 0x00, 0x00, 0x00
.globl _sym_00c02b7c
_sym_00c02b7c:
.byte 0xff, 0xff, 0xff, 0xff
.long _sym_00addd40
.globl _sym_00c02b84
_sym_00c02b84:
.byte 0x22, 0x05, 0x93, 0x19, 0x01, 0x00, 0x00, 0x00
.long _sym_00c02b7c
.byte 0x00, 0x00, 0x00, 0x00, 0x00, 0x00, 0x00, 0x00, 0x00, 0x00, 0x00, 0x00, 0x00, 0x00, 0x00, 0x00
.byte 0x00, 0x00, 0x00, 0x00, 0x01, 0x00, 0x00, 0x00
.globl _sym_00c02ba8
_sym_00c02ba8:
.byte 0xff, 0xff, 0xff, 0xff
.long _sym_00adbe40
.globl _sym_00c02bb0
_sym_00c02bb0:
.byte 0x22, 0x05, 0x93, 0x19, 0x01, 0x00, 0x00, 0x00
.long _sym_00c02ba8
.byte 0x00, 0x00, 0x00, 0x00, 0x00, 0x00, 0x00, 0x00, 0x00, 0x00, 0x00, 0x00, 0x00, 0x00, 0x00, 0x00
.byte 0x00, 0x00, 0x00, 0x00, 0x01, 0x00, 0x00, 0x00
.globl _sym_00c02bd4
_sym_00c02bd4:
.byte 0xff, 0xff, 0xff, 0xff
.long _sym_00addce0
.globl _sym_00c02bdc
_sym_00c02bdc:
.byte 0x22, 0x05, 0x93, 0x19, 0x01, 0x00, 0x00, 0x00
.long _sym_00c02bd4
.byte 0x00, 0x00, 0x00, 0x00, 0x00, 0x00, 0x00, 0x00, 0x00, 0x00, 0x00, 0x00, 0x00, 0x00, 0x00, 0x00
.byte 0x00, 0x00, 0x00, 0x00, 0x01, 0x00, 0x00, 0x00
.globl _sym_00c02c00
_sym_00c02c00:
.byte 0xff, 0xff, 0xff, 0xff
.long _sym_00ade470
.byte 0xff, 0xff, 0xff, 0xff
.long _sym_00ade47e
.globl _sym_00c02c10
_sym_00c02c10:
.byte 0x22, 0x05, 0x93, 0x19, 0x02, 0x00, 0x00, 0x00
.long _sym_00c02c00
.byte 0x00, 0x00, 0x00, 0x00, 0x00, 0x00, 0x00, 0x00, 0x00, 0x00, 0x00, 0x00, 0x00, 0x00, 0x00, 0x00
.byte 0x00, 0x00, 0x00, 0x00, 0x01, 0x00, 0x00, 0x00
.globl _sym_00c02c34
_sym_00c02c34:
.byte 0xff, 0xff, 0xff, 0xff
.long _sym_00add550
.byte 0xff, 0xff, 0xff, 0xff
.long _sym_00add55e
.globl _sym_00c02c44
_sym_00c02c44:
.byte 0x22, 0x05, 0x93, 0x19, 0x02, 0x00, 0x00, 0x00
.long _sym_00c02c34
.byte 0x00, 0x00, 0x00, 0x00, 0x00, 0x00, 0x00, 0x00, 0x00, 0x00, 0x00, 0x00, 0x00, 0x00, 0x00, 0x00
.byte 0x00, 0x00, 0x00, 0x00, 0x01, 0x00, 0x00, 0x00
.globl _sym_00c02c68
_sym_00c02c68:
.byte 0xff, 0xff, 0xff, 0xff
.long _sym_00adc2c0
.globl _sym_00c02c70
_sym_00c02c70:
.byte 0x22, 0x05, 0x93, 0x19, 0x01, 0x00, 0x00, 0x00
.long _sym_00c02c68
.byte 0x00, 0x00, 0x00, 0x00, 0x00, 0x00, 0x00, 0x00, 0x00, 0x00, 0x00, 0x00, 0x00, 0x00, 0x00, 0x00
.byte 0x00, 0x00, 0x00, 0x00, 0x01, 0x00, 0x00, 0x00
.globl _sym_00c02c94
_sym_00c02c94:
.byte 0xff, 0xff, 0xff, 0xff
.long _sym_00ade070
.globl _sym_00c02c9c
_sym_00c02c9c:
.byte 0x22, 0x05, 0x93, 0x19, 0x01, 0x00, 0x00, 0x00
.long _sym_00c02c94
.byte 0x00, 0x00, 0x00, 0x00, 0x00, 0x00, 0x00, 0x00, 0x00, 0x00, 0x00, 0x00, 0x00, 0x00, 0x00, 0x00
.byte 0x00, 0x00, 0x00, 0x00, 0x01, 0x00, 0x00, 0x00
.globl _sym_00c02cc0
_sym_00c02cc0:
.byte 0xff, 0xff, 0xff, 0xff
.long _sym_00adc500
.byte 0x00, 0x00, 0x00, 0x00
.long _sym_00adc508
.globl _sym_00c02cd0
_sym_00c02cd0:
.byte 0x22, 0x05, 0x93, 0x19, 0x02, 0x00, 0x00, 0x00
.long _sym_00c02cc0
.byte 0x00, 0x00, 0x00, 0x00, 0x00, 0x00, 0x00, 0x00, 0x00, 0x00, 0x00, 0x00, 0x00, 0x00, 0x00, 0x00
.byte 0x00, 0x00, 0x00, 0x00, 0x01, 0x00, 0x00, 0x00
.globl _sym_00c02cf4
_sym_00c02cf4:
.byte 0xff, 0xff, 0xff, 0xff
.long _sym_00adc990
.byte 0x00, 0x00, 0x00, 0x00
.long _sym_00adc998
.byte 0x01, 0x00, 0x00, 0x00
.long _sym_00adc9a3
.globl _sym_00c02d0c
_sym_00c02d0c:
.byte 0x22, 0x05, 0x93, 0x19, 0x03, 0x00, 0x00, 0x00
.long _sym_00c02cf4
.byte 0x00, 0x00, 0x00, 0x00, 0x00, 0x00, 0x00, 0x00, 0x00, 0x00, 0x00, 0x00, 0x00, 0x00, 0x00, 0x00
.byte 0x00, 0x00, 0x00, 0x00, 0x01, 0x00, 0x00, 0x00
.globl _sym_00c02d30
_sym_00c02d30:
.byte 0xff, 0xff, 0xff, 0xff
.long _sym_00ade950
.byte 0x00, 0x00, 0x00, 0x00
.long _sym_00ade958
.byte 0x01, 0x00, 0x00, 0x00
.long _sym_00ade960
.byte 0x02, 0x00, 0x00, 0x00
.long _sym_00ade968
.globl _sym_00c02d50
_sym_00c02d50:
.byte 0x22, 0x05, 0x93, 0x19, 0x04, 0x00, 0x00, 0x00
.long _sym_00c02d30
.byte 0x00, 0x00, 0x00, 0x00, 0x00, 0x00, 0x00, 0x00, 0x00, 0x00, 0x00, 0x00, 0x00, 0x00, 0x00, 0x00
.byte 0x00, 0x00, 0x00, 0x00, 0x01, 0x00, 0x00, 0x00
.globl _sym_00c02d74
_sym_00c02d74:
.byte 0xff, 0xff, 0xff, 0xff
.long _sym_00adc2f0
.globl _sym_00c02d7c
_sym_00c02d7c:
.byte 0x22, 0x05, 0x93, 0x19, 0x01, 0x00, 0x00, 0x00
.long _sym_00c02d74
.byte 0x00, 0x00, 0x00, 0x00, 0x00, 0x00, 0x00, 0x00, 0x00, 0x00, 0x00, 0x00, 0x00, 0x00, 0x00, 0x00
.byte 0x00, 0x00, 0x00, 0x00, 0x01, 0x00, 0x00, 0x00
.globl _sym_00c02da0
_sym_00c02da0:
.byte 0xff, 0xff, 0xff, 0xff
.long _sym_00ade0a0
.globl _sym_00c02da8
_sym_00c02da8:
.byte 0x22, 0x05, 0x93, 0x19, 0x01, 0x00, 0x00, 0x00
.long _sym_00c02da0
.byte 0x00, 0x00, 0x00, 0x00, 0x00, 0x00, 0x00, 0x00, 0x00, 0x00, 0x00, 0x00, 0x00, 0x00, 0x00, 0x00
.byte 0x00, 0x00, 0x00, 0x00, 0x01, 0x00, 0x00, 0x00
.globl _sym_00c02dcc
_sym_00c02dcc:
.byte 0xff, 0xff, 0xff, 0xff
.long _sym_00adc290
.globl _sym_00c02dd4
_sym_00c02dd4:
.byte 0x22, 0x05, 0x93, 0x19, 0x01, 0x00, 0x00, 0x00
.long _sym_00c02dcc
.byte 0x00, 0x00, 0x00, 0x00, 0x00, 0x00, 0x00, 0x00, 0x00, 0x00, 0x00, 0x00, 0x00, 0x00, 0x00, 0x00
.byte 0x00, 0x00, 0x00, 0x00, 0x01, 0x00, 0x00, 0x00
.globl _sym_00c02df8
_sym_00c02df8:
.byte 0xff, 0xff, 0xff, 0xff
.long _sym_00ade040
.globl _sym_00c02e00
_sym_00c02e00:
.byte 0x22, 0x05, 0x93, 0x19, 0x01, 0x00, 0x00, 0x00
.long _sym_00c02df8
.byte 0x00, 0x00, 0x00, 0x00, 0x00, 0x00, 0x00, 0x00, 0x00, 0x00, 0x00, 0x00, 0x00, 0x00, 0x00, 0x00
.byte 0x00, 0x00, 0x00, 0x00, 0x01, 0x00, 0x00, 0x00
.globl _sym_00c02e24
_sym_00c02e24:
.byte 0xff, 0xff, 0xff, 0xff
.long _sym_00ade510
.globl _sym_00c02e2c
_sym_00c02e2c:
.byte 0x22, 0x05, 0x93, 0x19, 0x01, 0x00, 0x00, 0x00
.long _sym_00c02e24
.byte 0x00, 0x00, 0x00, 0x00, 0x00, 0x00, 0x00, 0x00, 0x00, 0x00, 0x00, 0x00, 0x00, 0x00, 0x00, 0x00
.byte 0x00, 0x00, 0x00, 0x00, 0x01, 0x00, 0x00, 0x00
.globl _sym_00c02e50
_sym_00c02e50:
.byte 0x22, 0x05, 0x93, 0x19, 0x09, 0x00, 0x00, 0x00
.long _sym_00c02e74
.byte 0x00, 0x00, 0x00, 0x00, 0x00, 0x00, 0x00, 0x00, 0x00, 0x00, 0x00, 0x00, 0x00, 0x00, 0x00, 0x00
.byte 0x00, 0x00, 0x00, 0x00, 0x01, 0x00, 0x00, 0x00
.globl _sym_00c02e74
_sym_00c02e74:
.byte 0xff, 0xff, 0xff, 0xff
.long _sym_00add4e0
.byte 0x00, 0x00, 0x00, 0x00
.long _sym_00add4ee
.byte 0x00, 0x00, 0x00, 0x00, 0x00, 0x00, 0x00, 0x00, 0x00, 0x00, 0x00, 0x00, 0x00, 0x00, 0x00, 0x00
.byte 0x00, 0x00, 0x00, 0x00, 0x00, 0x00, 0x00, 0x00, 0xff, 0xff, 0xff, 0xff
.long _sym_00add4fc
.byte 0xff, 0xff, 0xff, 0xff
.long _sym_00add50a
.byte 0xff, 0xff, 0xff, 0xff
.long _sym_00add518
.byte 0xff, 0xff, 0xff, 0xff
.long _sym_00add526
.globl _sym_00c02ebc
_sym_00c02ebc:
.byte 0xff, 0xff, 0xff, 0xff
.long _sym_00adc1d0
.globl _sym_00c02ec4
_sym_00c02ec4:
.byte 0x22, 0x05, 0x93, 0x19, 0x01, 0x00, 0x00, 0x00
.long _sym_00c02ebc
.byte 0x00, 0x00, 0x00, 0x00, 0x00, 0x00, 0x00, 0x00, 0x00, 0x00, 0x00, 0x00, 0x00, 0x00, 0x00, 0x00
.byte 0x00, 0x00, 0x00, 0x00, 0x01, 0x00, 0x00, 0x00
.globl _sym_00c02ee8
_sym_00c02ee8:
.byte 0xff, 0xff, 0xff, 0xff
.long _sym_00adc960
.globl _sym_00c02ef0
_sym_00c02ef0:
.byte 0x22, 0x05, 0x93, 0x19, 0x01, 0x00, 0x00, 0x00
.long _sym_00c02ee8
.byte 0x00, 0x00, 0x00, 0x00, 0x00, 0x00, 0x00, 0x00, 0x00, 0x00, 0x00, 0x00, 0x00, 0x00, 0x00, 0x00
.byte 0x00, 0x00, 0x00, 0x00, 0x01, 0x00, 0x00, 0x00
.globl _sym_00c02f14
_sym_00c02f14:
.byte 0xff, 0xff, 0xff, 0xff
.long _sym_00ade100
.globl _sym_00c02f1c
_sym_00c02f1c:
.byte 0x22, 0x05, 0x93, 0x19, 0x01, 0x00, 0x00, 0x00
.long _sym_00c02f14
.byte 0x00, 0x00, 0x00, 0x00, 0x00, 0x00, 0x00, 0x00, 0x00, 0x00, 0x00, 0x00, 0x00, 0x00, 0x00, 0x00
.byte 0x00, 0x00, 0x00, 0x00, 0x01, 0x00, 0x00, 0x00
.globl _sym_00c02f40
_sym_00c02f40:
.byte 0xff, 0xff, 0xff, 0xff
.long _sym_00add970
.byte 0xff, 0xff, 0xff, 0xff
.long _sym_00add97e
.byte 0xff, 0xff, 0xff, 0xff
.long _sym_00add98c
.byte 0xff, 0xff, 0xff, 0xff
.long _sym_00add99a
.globl _sym_00c02f60
_sym_00c02f60:
.byte 0x22, 0x05, 0x93, 0x19, 0x04, 0x00, 0x00, 0x00
.long _sym_00c02f40
.byte 0x00, 0x00, 0x00, 0x00, 0x00, 0x00, 0x00, 0x00, 0x00, 0x00, 0x00, 0x00, 0x00, 0x00, 0x00, 0x00
.byte 0x00, 0x00, 0x00, 0x00, 0x01, 0x00, 0x00, 0x00
.globl _sym_00c02f84
_sym_00c02f84:
.byte 0xff, 0xff, 0xff, 0xff
.long _sym_00adda30
.byte 0xff, 0xff, 0xff, 0xff, 0x00, 0x00, 0x00, 0x00, 0xff, 0xff, 0xff, 0xff, 0x00, 0x00, 0x00, 0x00
.byte 0xff, 0xff, 0xff, 0xff, 0x00, 0x00, 0x00, 0x00
.globl _sym_00c02fa4
_sym_00c02fa4:
.byte 0x22, 0x05, 0x93, 0x19, 0x04, 0x00, 0x00, 0x00
.long _sym_00c02f84
.byte 0x00, 0x00, 0x00, 0x00, 0x00, 0x00, 0x00, 0x00, 0x00, 0x00, 0x00, 0x00, 0x00, 0x00, 0x00, 0x00
.byte 0x00, 0x00, 0x00, 0x00, 0x01, 0x00, 0x00, 0x00
.globl _sym_00c02fc8
_sym_00c02fc8:
.byte 0xff, 0xff, 0xff, 0xff
.long _sym_00add1d0
.globl _sym_00c02fd0
_sym_00c02fd0:
.byte 0x22, 0x05, 0x93, 0x19, 0x01, 0x00, 0x00, 0x00
.long _sym_00c02fc8
.byte 0x00, 0x00, 0x00, 0x00, 0x00, 0x00, 0x00, 0x00, 0x00, 0x00, 0x00, 0x00, 0x00, 0x00, 0x00, 0x00
.byte 0x00, 0x00, 0x00, 0x00, 0x01, 0x00, 0x00, 0x00
.globl _sym_00c02ff4
_sym_00c02ff4:
.byte 0xff, 0xff, 0xff, 0xff
.long _sym_00adcd80
.globl _sym_00c02ffc
_sym_00c02ffc:
.byte 0x22, 0x05, 0x93, 0x19, 0x01, 0x00, 0x00, 0x00
.long _sym_00c02ff4
.byte 0x00, 0x00, 0x00, 0x00, 0x00, 0x00, 0x00, 0x00, 0x00, 0x00, 0x00, 0x00, 0x00, 0x00, 0x00, 0x00
.byte 0x00, 0x00, 0x00, 0x00, 0x01, 0x00, 0x00, 0x00
.globl _sym_00c03020
_sym_00c03020:
.byte 0xff, 0xff, 0xff, 0xff
.long _sym_00adcd50
.globl _sym_00c03028
_sym_00c03028:
.byte 0x22, 0x05, 0x93, 0x19, 0x01, 0x00, 0x00, 0x00
.long _sym_00c03020
.byte 0x00, 0x00, 0x00, 0x00, 0x00, 0x00, 0x00, 0x00, 0x00, 0x00, 0x00, 0x00, 0x00, 0x00, 0x00, 0x00
.byte 0x00, 0x00, 0x00, 0x00, 0x01, 0x00, 0x00, 0x00
.globl _sym_00c0304c
_sym_00c0304c:
.byte 0xff, 0xff, 0xff, 0xff
.long _sym_00adcdb0
.globl _sym_00c03054
_sym_00c03054:
.byte 0x22, 0x05, 0x93, 0x19, 0x01, 0x00, 0x00, 0x00
.long _sym_00c0304c
.byte 0x00, 0x00, 0x00, 0x00, 0x00, 0x00, 0x00, 0x00, 0x00, 0x00, 0x00, 0x00, 0x00, 0x00, 0x00, 0x00
.byte 0x00, 0x00, 0x00, 0x00, 0x01, 0x00, 0x00, 0x00
.globl _sym_00c03078
_sym_00c03078:
.byte 0xff, 0xff, 0xff, 0xff
.long _sym_00adce10
.globl _sym_00c03080
_sym_00c03080:
.byte 0x22, 0x05, 0x93, 0x19, 0x01, 0x00, 0x00, 0x00
.long _sym_00c03078
.byte 0x00, 0x00, 0x00, 0x00, 0x00, 0x00, 0x00, 0x00, 0x00, 0x00, 0x00, 0x00, 0x00, 0x00, 0x00, 0x00
.byte 0x00, 0x00, 0x00, 0x00, 0x01, 0x00, 0x00, 0x00
.globl _sym_00c030a4
_sym_00c030a4:
.byte 0xff, 0xff, 0xff, 0xff
.long _sym_00adcde0
.globl _sym_00c030ac
_sym_00c030ac:
.byte 0x22, 0x05, 0x93, 0x19, 0x01, 0x00, 0x00, 0x00
.long _sym_00c030a4
.byte 0x00, 0x00, 0x00, 0x00, 0x00, 0x00, 0x00, 0x00, 0x00, 0x00, 0x00, 0x00, 0x00, 0x00, 0x00, 0x00
.byte 0x00, 0x00, 0x00, 0x00, 0x01, 0x00, 0x00, 0x00
.globl _sym_00c030d0
_sym_00c030d0:
.byte 0xff, 0xff, 0xff, 0xff
.long _sym_00adce40
.globl _sym_00c030d8
_sym_00c030d8:
.byte 0x22, 0x05, 0x93, 0x19, 0x01, 0x00, 0x00, 0x00
.long _sym_00c030d0
.byte 0x00, 0x00, 0x00, 0x00, 0x00, 0x00, 0x00, 0x00, 0x00, 0x00, 0x00, 0x00, 0x00, 0x00, 0x00, 0x00
.byte 0x00, 0x00, 0x00, 0x00, 0x01, 0x00, 0x00, 0x00
.globl _sym_00c030fc
_sym_00c030fc:
.byte 0xff, 0xff, 0xff, 0xff
.long _sym_00add170
.globl _sym_00c03104
_sym_00c03104:
.byte 0x22, 0x05, 0x93, 0x19, 0x01, 0x00, 0x00, 0x00
.long _sym_00c030fc
.byte 0x00, 0x00, 0x00, 0x00, 0x00, 0x00, 0x00, 0x00, 0x00, 0x00, 0x00, 0x00, 0x00, 0x00, 0x00, 0x00
.byte 0x00, 0x00, 0x00, 0x00, 0x01, 0x00, 0x00, 0x00
.globl _sym_00c03128
_sym_00c03128:
.byte 0xff, 0xff, 0xff, 0xff
.long _sym_00add140
.globl _sym_00c03130
_sym_00c03130:
.byte 0x22, 0x05, 0x93, 0x19, 0x01, 0x00, 0x00, 0x00
.long _sym_00c03128
.byte 0x00, 0x00, 0x00, 0x00, 0x00, 0x00, 0x00, 0x00, 0x00, 0x00, 0x00, 0x00, 0x00, 0x00, 0x00, 0x00
.byte 0x00, 0x00, 0x00, 0x00, 0x01, 0x00, 0x00, 0x00
.globl _sym_00c03154
_sym_00c03154:
.byte 0xff, 0xff, 0xff, 0xff
.long _sym_00add1a0
.globl _sym_00c0315c
_sym_00c0315c:
.byte 0x22, 0x05, 0x93, 0x19, 0x01, 0x00, 0x00, 0x00
.long _sym_00c03154
.byte 0x00, 0x00, 0x00, 0x00, 0x00, 0x00, 0x00, 0x00, 0x00, 0x00, 0x00, 0x00, 0x00, 0x00, 0x00, 0x00
.byte 0x00, 0x00, 0x00, 0x00, 0x01, 0x00, 0x00, 0x00
.globl _sym_00c03180
_sym_00c03180:
.byte 0xff, 0xff, 0xff, 0xff
.long _sym_00add260
.globl _sym_00c03188
_sym_00c03188:
.byte 0x22, 0x05, 0x93, 0x19, 0x01, 0x00, 0x00, 0x00
.long _sym_00c03180
.byte 0x00, 0x00, 0x00, 0x00, 0x00, 0x00, 0x00, 0x00, 0x00, 0x00, 0x00, 0x00, 0x00, 0x00, 0x00, 0x00
.byte 0x00, 0x00, 0x00, 0x00, 0x01, 0x00, 0x00, 0x00
.globl _sym_00c031ac
_sym_00c031ac:
.byte 0xff, 0xff, 0xff, 0xff
.long _sym_00add230
.globl _sym_00c031b4
_sym_00c031b4:
.byte 0x22, 0x05, 0x93, 0x19, 0x01, 0x00, 0x00, 0x00
.long _sym_00c031ac
.byte 0x00, 0x00, 0x00, 0x00, 0x00, 0x00, 0x00, 0x00, 0x00, 0x00, 0x00, 0x00, 0x00, 0x00, 0x00, 0x00
.byte 0x00, 0x00, 0x00, 0x00, 0x01, 0x00, 0x00, 0x00
.globl _sym_00c031d8
_sym_00c031d8:
.byte 0xff, 0xff, 0xff, 0xff
.long _sym_00add290
.globl _sym_00c031e0
_sym_00c031e0:
.byte 0x22, 0x05, 0x93, 0x19, 0x01, 0x00, 0x00, 0x00
.long _sym_00c031d8
.byte 0x00, 0x00, 0x00, 0x00, 0x00, 0x00, 0x00, 0x00, 0x00, 0x00, 0x00, 0x00, 0x00, 0x00, 0x00, 0x00
.byte 0x00, 0x00, 0x00, 0x00, 0x01, 0x00, 0x00, 0x00
.globl _sym_00c03204
_sym_00c03204:
.byte 0xff, 0xff, 0xff, 0xff
.long _sym_00add0b0
.globl _sym_00c0320c
_sym_00c0320c:
.byte 0x22, 0x05, 0x93, 0x19, 0x01, 0x00, 0x00, 0x00
.long _sym_00c03204
.byte 0x00, 0x00, 0x00, 0x00, 0x00, 0x00, 0x00, 0x00, 0x00, 0x00, 0x00, 0x00, 0x00, 0x00, 0x00, 0x00
.byte 0x00, 0x00, 0x00, 0x00, 0x01, 0x00, 0x00, 0x00
.globl _sym_00c03230
_sym_00c03230:
.byte 0xff, 0xff, 0xff, 0xff
.long _sym_00add080
.globl _sym_00c03238
_sym_00c03238:
.byte 0x22, 0x05, 0x93, 0x19, 0x01, 0x00, 0x00, 0x00
.long _sym_00c03230
.byte 0x00, 0x00, 0x00, 0x00, 0x00, 0x00, 0x00, 0x00, 0x00, 0x00, 0x00, 0x00, 0x00, 0x00, 0x00, 0x00
.byte 0x00, 0x00, 0x00, 0x00, 0x01, 0x00, 0x00, 0x00
.globl _sym_00c0325c
_sym_00c0325c:
.byte 0xff, 0xff, 0xff, 0xff
.long _sym_00add0e0
.globl _sym_00c03264
_sym_00c03264:
.byte 0x22, 0x05, 0x93, 0x19, 0x01, 0x00, 0x00, 0x00
.long _sym_00c0325c
.byte 0x00, 0x00, 0x00, 0x00, 0x00, 0x00, 0x00, 0x00, 0x00, 0x00, 0x00, 0x00, 0x00, 0x00, 0x00, 0x00
.byte 0x00, 0x00, 0x00, 0x00, 0x01, 0x00, 0x00, 0x00
.globl _sym_00c03288
_sym_00c03288:
.byte 0xff, 0xff, 0xff, 0xff
.long _sym_00add110
.globl _sym_00c03290
_sym_00c03290:
.byte 0x22, 0x05, 0x93, 0x19, 0x01, 0x00, 0x00, 0x00
.long _sym_00c03288
.byte 0x00, 0x00, 0x00, 0x00, 0x00, 0x00, 0x00, 0x00, 0x00, 0x00, 0x00, 0x00, 0x00, 0x00, 0x00, 0x00
.byte 0x00, 0x00, 0x00, 0x00, 0x01, 0x00, 0x00, 0x00
.globl _sym_00c032b4
_sym_00c032b4:
.byte 0xff, 0xff, 0xff, 0xff
.long _sym_00adcf30
.globl _sym_00c032bc
_sym_00c032bc:
.byte 0x22, 0x05, 0x93, 0x19, 0x01, 0x00, 0x00, 0x00
.long _sym_00c032b4
.byte 0x00, 0x00, 0x00, 0x00, 0x00, 0x00, 0x00, 0x00, 0x00, 0x00, 0x00, 0x00, 0x00, 0x00, 0x00, 0x00
.byte 0x00, 0x00, 0x00, 0x00, 0x01, 0x00, 0x00, 0x00
.globl _sym_00c032e0
_sym_00c032e0:
.byte 0xff, 0xff, 0xff, 0xff
.long _sym_00adcf90
.globl _sym_00c032e8
_sym_00c032e8:
.byte 0x22, 0x05, 0x93, 0x19, 0x01, 0x00, 0x00, 0x00
.long _sym_00c032e0
.byte 0x00, 0x00, 0x00, 0x00, 0x00, 0x00, 0x00, 0x00, 0x00, 0x00, 0x00, 0x00, 0x00, 0x00, 0x00, 0x00
.byte 0x00, 0x00, 0x00, 0x00, 0x01, 0x00, 0x00, 0x00
.globl _sym_00c0330c
_sym_00c0330c:
.byte 0xff, 0xff, 0xff, 0xff
.long _sym_00adcf00
.globl _sym_00c03314
_sym_00c03314:
.byte 0x22, 0x05, 0x93, 0x19, 0x01, 0x00, 0x00, 0x00
.long _sym_00c0330c
.byte 0x00, 0x00, 0x00, 0x00, 0x00, 0x00, 0x00, 0x00, 0x00, 0x00, 0x00, 0x00, 0x00, 0x00, 0x00, 0x00
.byte 0x00, 0x00, 0x00, 0x00, 0x01, 0x00, 0x00, 0x00
.globl _sym_00c03338
_sym_00c03338:
.byte 0xff, 0xff, 0xff, 0xff
.long _sym_00adcf60
.globl _sym_00c03340
_sym_00c03340:
.byte 0x22, 0x05, 0x93, 0x19, 0x01, 0x00, 0x00, 0x00
.long _sym_00c03338
.byte 0x00, 0x00, 0x00, 0x00, 0x00, 0x00, 0x00, 0x00, 0x00, 0x00, 0x00, 0x00, 0x00, 0x00, 0x00, 0x00
.byte 0x00, 0x00, 0x00, 0x00, 0x01, 0x00, 0x00, 0x00
.globl _sym_00c03364
_sym_00c03364:
.byte 0xff, 0xff, 0xff, 0xff
.long _sym_00adcff0
.globl _sym_00c0336c
_sym_00c0336c:
.byte 0x22, 0x05, 0x93, 0x19, 0x01, 0x00, 0x00, 0x00
.long _sym_00c03364
.byte 0x00, 0x00, 0x00, 0x00, 0x00, 0x00, 0x00, 0x00, 0x00, 0x00, 0x00, 0x00, 0x00, 0x00, 0x00, 0x00
.byte 0x00, 0x00, 0x00, 0x00, 0x01, 0x00, 0x00, 0x00
.globl _sym_00c03390
_sym_00c03390:
.byte 0xff, 0xff, 0xff, 0xff
.long _sym_00add050
.globl _sym_00c03398
_sym_00c03398:
.byte 0x22, 0x05, 0x93, 0x19, 0x01, 0x00, 0x00, 0x00
.long _sym_00c03390
.byte 0x00, 0x00, 0x00, 0x00, 0x00, 0x00, 0x00, 0x00, 0x00, 0x00, 0x00, 0x00, 0x00, 0x00, 0x00, 0x00
.byte 0x00, 0x00, 0x00, 0x00, 0x01, 0x00, 0x00, 0x00
.globl _sym_00c033bc
_sym_00c033bc:
.byte 0xff, 0xff, 0xff, 0xff
.long _sym_00adcfc0
.globl _sym_00c033c4
_sym_00c033c4:
.byte 0x22, 0x05, 0x93, 0x19, 0x01, 0x00, 0x00, 0x00
.long _sym_00c033bc
.byte 0x00, 0x00, 0x00, 0x00, 0x00, 0x00, 0x00, 0x00, 0x00, 0x00, 0x00, 0x00, 0x00, 0x00, 0x00, 0x00
.byte 0x00, 0x00, 0x00, 0x00, 0x01, 0x00, 0x00, 0x00
.globl _sym_00c033e8
_sym_00c033e8:
.byte 0xff, 0xff, 0xff, 0xff
.long _sym_00add020
.globl _sym_00c033f0
_sym_00c033f0:
.byte 0x22, 0x05, 0x93, 0x19, 0x01, 0x00, 0x00, 0x00
.long _sym_00c033e8
.byte 0x00, 0x00, 0x00, 0x00, 0x00, 0x00, 0x00, 0x00, 0x00, 0x00, 0x00, 0x00, 0x00, 0x00, 0x00, 0x00
.byte 0x00, 0x00, 0x00, 0x00, 0x01, 0x00, 0x00, 0x00
.globl _sym_00c03414
_sym_00c03414:
.byte 0xff, 0xff, 0xff, 0xff
.long _sym_00adcea0
.globl _sym_00c0341c
_sym_00c0341c:
.byte 0x22, 0x05, 0x93, 0x19, 0x01, 0x00, 0x00, 0x00
.long _sym_00c03414
.byte 0x00, 0x00, 0x00, 0x00, 0x00, 0x00, 0x00, 0x00, 0x00, 0x00, 0x00, 0x00, 0x00, 0x00, 0x00, 0x00
.byte 0x00, 0x00, 0x00, 0x00, 0x01, 0x00, 0x00, 0x00
.globl _sym_00c03440
_sym_00c03440:
.byte 0xff, 0xff, 0xff, 0xff
.long _sym_00adce70
.globl _sym_00c03448
_sym_00c03448:
.byte 0x22, 0x05, 0x93, 0x19, 0x01, 0x00, 0x00, 0x00
.long _sym_00c03440
.byte 0x00, 0x00, 0x00, 0x00, 0x00, 0x00, 0x00, 0x00, 0x00, 0x00, 0x00, 0x00, 0x00, 0x00, 0x00, 0x00
.byte 0x00, 0x00, 0x00, 0x00, 0x01, 0x00, 0x00, 0x00
.globl _sym_00c0346c
_sym_00c0346c:
.byte 0xff, 0xff, 0xff, 0xff
.long _sym_00adced0
.globl _sym_00c03474
_sym_00c03474:
.byte 0x22, 0x05, 0x93, 0x19, 0x01, 0x00, 0x00, 0x00
.long _sym_00c0346c
.byte 0x00, 0x00, 0x00, 0x00, 0x00, 0x00, 0x00, 0x00, 0x00, 0x00, 0x00, 0x00, 0x00, 0x00, 0x00, 0x00
.byte 0x00, 0x00, 0x00, 0x00, 0x01, 0x00, 0x00, 0x00
.globl _sym_00c03498
_sym_00c03498:
.byte 0xff, 0xff, 0xff, 0xff
.long _sym_00add2f0
.globl _sym_00c034a0
_sym_00c034a0:
.byte 0x22, 0x05, 0x93, 0x19, 0x01, 0x00, 0x00, 0x00
.long _sym_00c03498
.byte 0x00, 0x00, 0x00, 0x00, 0x00, 0x00, 0x00, 0x00, 0x00, 0x00, 0x00, 0x00, 0x00, 0x00, 0x00, 0x00
.byte 0x00, 0x00, 0x00, 0x00, 0x01, 0x00, 0x00, 0x00
.globl _sym_00c034c4
_sym_00c034c4:
.byte 0xff, 0xff, 0xff, 0xff
.long _sym_00add2c0
.globl _sym_00c034cc
_sym_00c034cc:
.byte 0x22, 0x05, 0x93, 0x19, 0x01, 0x00, 0x00, 0x00
.long _sym_00c034c4
.byte 0x00, 0x00, 0x00, 0x00, 0x00, 0x00, 0x00, 0x00, 0x00, 0x00, 0x00, 0x00, 0x00, 0x00, 0x00, 0x00
.byte 0x00, 0x00, 0x00, 0x00, 0x01, 0x00, 0x00, 0x00
.globl _sym_00c034f0
_sym_00c034f0:
.byte 0xff, 0xff, 0xff, 0xff
.long _sym_00add320
.globl _sym_00c034f8
_sym_00c034f8:
.byte 0x22, 0x05, 0x93, 0x19, 0x01, 0x00, 0x00, 0x00
.long _sym_00c034f0
.byte 0x00, 0x00, 0x00, 0x00, 0x00, 0x00, 0x00, 0x00, 0x00, 0x00, 0x00, 0x00, 0x00, 0x00, 0x00, 0x00
.byte 0x00, 0x00, 0x00, 0x00, 0x01, 0x00, 0x00, 0x00
.globl _sym_00c0351c
_sym_00c0351c:
.byte 0xff, 0xff, 0xff, 0xff
.long _sym_00add200
.globl _sym_00c03524
_sym_00c03524:
.byte 0x22, 0x05, 0x93, 0x19, 0x01, 0x00, 0x00, 0x00
.long _sym_00c0351c
.byte 0x00, 0x00, 0x00, 0x00, 0x00, 0x00, 0x00, 0x00, 0x00, 0x00, 0x00, 0x00, 0x00, 0x00, 0x00, 0x00
.byte 0x00, 0x00, 0x00, 0x00, 0x01, 0x00, 0x00, 0x00
.globl _sym_00c03548
_sym_00c03548:
.byte 0xff, 0xff, 0xff, 0xff
.long _sym_00adbc60
.byte 0xff, 0xff, 0xff, 0xff, 0x00, 0x00, 0x00, 0x00, 0xff, 0xff, 0xff, 0xff, 0x00, 0x00, 0x00, 0x00
.byte 0xff, 0xff, 0xff, 0xff, 0x00, 0x00, 0x00, 0x00
.globl _sym_00c03568
_sym_00c03568:
.byte 0x22, 0x05, 0x93, 0x19, 0x04, 0x00, 0x00, 0x00
.long _sym_00c03548
.byte 0x00, 0x00, 0x00, 0x00, 0x00, 0x00, 0x00, 0x00, 0x00, 0x00, 0x00, 0x00, 0x00, 0x00, 0x00, 0x00
.byte 0x00, 0x00, 0x00, 0x00, 0x01, 0x00, 0x00, 0x00
.globl _sym_00c0358c
_sym_00c0358c:
.byte 0xff, 0xff, 0xff, 0xff
.long _sym_00adbcf0
.globl _sym_00c03594
_sym_00c03594:
.byte 0x22, 0x05, 0x93, 0x19, 0x01, 0x00, 0x00, 0x00
.long _sym_00c0358c
.byte 0x00, 0x00, 0x00, 0x00, 0x00, 0x00, 0x00, 0x00, 0x00, 0x00, 0x00, 0x00, 0x00, 0x00, 0x00, 0x00
.byte 0x00, 0x00, 0x00, 0x00, 0x01, 0x00, 0x00, 0x00
.globl _sym_00c035b8
_sym_00c035b8:
.byte 0xff, 0xff, 0xff, 0xff
.long _sym_00adbc00
.byte 0xff, 0xff, 0xff, 0xff, 0x00, 0x00, 0x00, 0x00, 0xff, 0xff, 0xff, 0xff, 0x00, 0x00, 0x00, 0x00
.byte 0xff, 0xff, 0xff, 0xff, 0x00, 0x00, 0x00, 0x00
.globl _sym_00c035d8
_sym_00c035d8:
.byte 0x22, 0x05, 0x93, 0x19, 0x04, 0x00, 0x00, 0x00
.long _sym_00c035b8
.byte 0x00, 0x00, 0x00, 0x00, 0x00, 0x00, 0x00, 0x00, 0x00, 0x00, 0x00, 0x00, 0x00, 0x00, 0x00, 0x00
.byte 0x00, 0x00, 0x00, 0x00, 0x01, 0x00, 0x00, 0x00
.globl _sym_00c035fc
_sym_00c035fc:
.byte 0xff, 0xff, 0xff, 0xff
.long _sym_00ade310
.globl _sym_00c03604
_sym_00c03604:
.byte 0x22, 0x05, 0x93, 0x19, 0x01, 0x00, 0x00, 0x00
.long _sym_00c035fc
.byte 0x00, 0x00, 0x00, 0x00, 0x00, 0x00, 0x00, 0x00, 0x00, 0x00, 0x00, 0x00, 0x00, 0x00, 0x00, 0x00
.byte 0x00, 0x00, 0x00, 0x00, 0x01, 0x00, 0x00, 0x00
.globl _sym_00c03628
_sym_00c03628:
.byte 0xff, 0xff, 0xff, 0xff
.long _sym_00adbc90
.byte 0xff, 0xff, 0xff, 0xff, 0x00, 0x00, 0x00, 0x00, 0xff, 0xff, 0xff, 0xff, 0x00, 0x00, 0x00, 0x00
.byte 0xff, 0xff, 0xff, 0xff, 0x00, 0x00, 0x00, 0x00
.globl _sym_00c03648
_sym_00c03648:
.byte 0x22, 0x05, 0x93, 0x19, 0x04, 0x00, 0x00, 0x00
.long _sym_00c03628
.byte 0x00, 0x00, 0x00, 0x00, 0x00, 0x00, 0x00, 0x00, 0x00, 0x00, 0x00, 0x00, 0x00, 0x00, 0x00, 0x00
.byte 0x00, 0x00, 0x00, 0x00, 0x01, 0x00, 0x00, 0x00
.globl _sym_00c0366c
_sym_00c0366c:
.byte 0xff, 0xff, 0xff, 0xff
.long _sym_00adbcc0
.byte 0xff, 0xff, 0xff, 0xff, 0x00, 0x00, 0x00, 0x00, 0xff, 0xff, 0xff, 0xff, 0x00, 0x00, 0x00, 0x00
.byte 0xff, 0xff, 0xff, 0xff, 0x00, 0x00, 0x00, 0x00
.globl _sym_00c0368c
_sym_00c0368c:
.byte 0x22, 0x05, 0x93, 0x19, 0x04, 0x00, 0x00, 0x00
.long _sym_00c0366c
.byte 0x00, 0x00, 0x00, 0x00, 0x00, 0x00, 0x00, 0x00, 0x00, 0x00, 0x00, 0x00, 0x00, 0x00, 0x00, 0x00
.byte 0x00, 0x00, 0x00, 0x00, 0x01, 0x00, 0x00, 0x00
.globl _sym_00c036b0
_sym_00c036b0:
.byte 0xff, 0xff, 0xff, 0xff
.long _sym_00add9d0
.byte 0xff, 0xff, 0xff, 0xff, 0x00, 0x00, 0x00, 0x00, 0xff, 0xff, 0xff, 0xff, 0x00, 0x00, 0x00, 0x00
.byte 0xff, 0xff, 0xff, 0xff, 0x00, 0x00, 0x00, 0x00
.globl _sym_00c036d0
_sym_00c036d0:
.byte 0x22, 0x05, 0x93, 0x19, 0x04, 0x00, 0x00, 0x00
.long _sym_00c036b0
.byte 0x00, 0x00, 0x00, 0x00, 0x00, 0x00, 0x00, 0x00, 0x00, 0x00, 0x00, 0x00, 0x00, 0x00, 0x00, 0x00
.byte 0x00, 0x00, 0x00, 0x00, 0x01, 0x00, 0x00, 0x00
.globl _sym_00c036f4
_sym_00c036f4:
.byte 0xff, 0xff, 0xff, 0xff
.long _sym_00adda90
.byte 0xff, 0xff, 0xff, 0xff, 0x00, 0x00, 0x00, 0x00, 0xff, 0xff, 0xff, 0xff, 0x00, 0x00, 0x00, 0x00
.byte 0xff, 0xff, 0xff, 0xff, 0x00, 0x00, 0x00, 0x00
.globl _sym_00c03714
_sym_00c03714:
.byte 0x22, 0x05, 0x93, 0x19, 0x04, 0x00, 0x00, 0x00
.long _sym_00c036f4
.byte 0x00, 0x00, 0x00, 0x00, 0x00, 0x00, 0x00, 0x00, 0x00, 0x00, 0x00, 0x00, 0x00, 0x00, 0x00, 0x00
.byte 0x00, 0x00, 0x00, 0x00, 0x01, 0x00, 0x00, 0x00
.globl _sym_00c03738
_sym_00c03738:
.byte 0xff, 0xff, 0xff, 0xff
.long _sym_00ade340
.globl _sym_00c03740
_sym_00c03740:
.byte 0x22, 0x05, 0x93, 0x19, 0x01, 0x00, 0x00, 0x00
.long _sym_00c03738
.byte 0x00, 0x00, 0x00, 0x00, 0x00, 0x00, 0x00, 0x00, 0x00, 0x00, 0x00, 0x00, 0x00, 0x00, 0x00, 0x00
.byte 0x00, 0x00, 0x00, 0x00, 0x01, 0x00, 0x00, 0x00
.globl _sym_00c03764
_sym_00c03764:
.byte 0xff, 0xff, 0xff, 0xff
.long _sym_00adbba0
.byte 0xff, 0xff, 0xff, 0xff, 0x00, 0x00, 0x00, 0x00, 0xff, 0xff, 0xff, 0xff, 0x00, 0x00, 0x00, 0x00
.byte 0xff, 0xff, 0xff, 0xff, 0x00, 0x00, 0x00, 0x00
.globl _sym_00c03784
_sym_00c03784:
.byte 0x22, 0x05, 0x93, 0x19, 0x04, 0x00, 0x00, 0x00
.long _sym_00c03764
.byte 0x00, 0x00, 0x00, 0x00, 0x00, 0x00, 0x00, 0x00, 0x00, 0x00, 0x00, 0x00, 0x00, 0x00, 0x00, 0x00
.byte 0x00, 0x00, 0x00, 0x00, 0x01, 0x00, 0x00, 0x00
.globl _sym_00c037a8
_sym_00c037a8:
.byte 0xff, 0xff, 0xff, 0xff
.long _sym_00adbc30
.byte 0xff, 0xff, 0xff, 0xff, 0x00, 0x00, 0x00, 0x00, 0xff, 0xff, 0xff, 0xff, 0x00, 0x00, 0x00, 0x00
.byte 0xff, 0xff, 0xff, 0xff, 0x00, 0x00, 0x00, 0x00
.globl _sym_00c037c8
_sym_00c037c8:
.byte 0x22, 0x05, 0x93, 0x19, 0x04, 0x00, 0x00, 0x00
.long _sym_00c037a8
.byte 0x00, 0x00, 0x00, 0x00, 0x00, 0x00, 0x00, 0x00, 0x00, 0x00, 0x00, 0x00, 0x00, 0x00, 0x00, 0x00
.byte 0x00, 0x00, 0x00, 0x00, 0x01, 0x00, 0x00, 0x00
.globl _sym_00c037ec
_sym_00c037ec:
.byte 0xff, 0xff, 0xff, 0xff
.long _sym_00adda00
.byte 0xff, 0xff, 0xff, 0xff, 0x00, 0x00, 0x00, 0x00, 0xff, 0xff, 0xff, 0xff, 0x00, 0x00, 0x00, 0x00
.byte 0xff, 0xff, 0xff, 0xff, 0x00, 0x00, 0x00, 0x00
.globl _sym_00c0380c
_sym_00c0380c:
.byte 0x22, 0x05, 0x93, 0x19, 0x04, 0x00, 0x00, 0x00
.long _sym_00c037ec
.byte 0x00, 0x00, 0x00, 0x00, 0x00, 0x00, 0x00, 0x00, 0x00, 0x00, 0x00, 0x00, 0x00, 0x00, 0x00, 0x00
.byte 0x00, 0x00, 0x00, 0x00, 0x01, 0x00, 0x00, 0x00
.globl _sym_00c03830
_sym_00c03830:
.byte 0xff, 0xff, 0xff, 0xff
.long _sym_00addaf0
.byte 0xff, 0xff, 0xff, 0xff, 0x00, 0x00, 0x00, 0x00, 0xff, 0xff, 0xff, 0xff, 0x00, 0x00, 0x00, 0x00
.byte 0xff, 0xff, 0xff, 0xff, 0x00, 0x00, 0x00, 0x00
.globl _sym_00c03850
_sym_00c03850:
.byte 0x22, 0x05, 0x93, 0x19, 0x04, 0x00, 0x00, 0x00
.long _sym_00c03830
.byte 0x00, 0x00, 0x00, 0x00, 0x00, 0x00, 0x00, 0x00, 0x00, 0x00, 0x00, 0x00, 0x00, 0x00, 0x00, 0x00
.byte 0x00, 0x00, 0x00, 0x00, 0x01, 0x00, 0x00, 0x00
.globl _sym_00c03874
_sym_00c03874:
.byte 0xff, 0xff, 0xff, 0xff
.long _sym_00addb20
.byte 0xff, 0xff, 0xff, 0xff, 0x00, 0x00, 0x00, 0x00, 0xff, 0xff, 0xff, 0xff, 0x00, 0x00, 0x00, 0x00
.byte 0xff, 0xff, 0xff, 0xff, 0x00, 0x00, 0x00, 0x00
.globl _sym_00c03894
_sym_00c03894:
.byte 0x22, 0x05, 0x93, 0x19, 0x04, 0x00, 0x00, 0x00
.long _sym_00c03874
.byte 0x00, 0x00, 0x00, 0x00, 0x00, 0x00, 0x00, 0x00, 0x00, 0x00, 0x00, 0x00, 0x00, 0x00, 0x00, 0x00
.byte 0x00, 0x00, 0x00, 0x00, 0x01, 0x00, 0x00, 0x00
.globl _sym_00c038b8
_sym_00c038b8:
.byte 0xff, 0xff, 0xff, 0xff
.long _sym_00adbbd0
.byte 0xff, 0xff, 0xff, 0xff, 0x00, 0x00, 0x00, 0x00, 0xff, 0xff, 0xff, 0xff, 0x00, 0x00, 0x00, 0x00
.byte 0xff, 0xff, 0xff, 0xff, 0x00, 0x00, 0x00, 0x00
.globl _sym_00c038d8
_sym_00c038d8:
.byte 0x22, 0x05, 0x93, 0x19, 0x04, 0x00, 0x00, 0x00
.long _sym_00c038b8
.byte 0x00, 0x00, 0x00, 0x00, 0x00, 0x00, 0x00, 0x00, 0x00, 0x00, 0x00, 0x00, 0x00, 0x00, 0x00, 0x00
.byte 0x00, 0x00, 0x00, 0x00, 0x01, 0x00, 0x00, 0x00
.globl _sym_00c038fc
_sym_00c038fc:
.byte 0xff, 0xff, 0xff, 0xff
.long _sym_00addac0
.byte 0xff, 0xff, 0xff, 0xff, 0x00, 0x00, 0x00, 0x00, 0xff, 0xff, 0xff, 0xff, 0x00, 0x00, 0x00, 0x00
.byte 0xff, 0xff, 0xff, 0xff, 0x00, 0x00, 0x00, 0x00
.globl _sym_00c0391c
_sym_00c0391c:
.byte 0x22, 0x05, 0x93, 0x19, 0x04, 0x00, 0x00, 0x00
.long _sym_00c038fc
.byte 0x00, 0x00, 0x00, 0x00, 0x00, 0x00, 0x00, 0x00, 0x00, 0x00, 0x00, 0x00, 0x00, 0x00, 0x00, 0x00
.byte 0x00, 0x00, 0x00, 0x00, 0x01, 0x00, 0x00, 0x00
.globl _sym_00c03940
_sym_00c03940:
.byte 0xff, 0xff, 0xff, 0xff
.long _sym_00adda60
.byte 0xff, 0xff, 0xff, 0xff, 0x00, 0x00, 0x00, 0x00, 0xff, 0xff, 0xff, 0xff, 0x00, 0x00, 0x00, 0x00
.byte 0xff, 0xff, 0xff, 0xff, 0x00, 0x00, 0x00, 0x00
.globl _sym_00c03960
_sym_00c03960:
.byte 0x22, 0x05, 0x93, 0x19, 0x04, 0x00, 0x00, 0x00
.long _sym_00c03940
.byte 0x00, 0x00, 0x00, 0x00, 0x00, 0x00, 0x00, 0x00, 0x00, 0x00, 0x00, 0x00, 0x00, 0x00, 0x00, 0x00
.byte 0x00, 0x00, 0x00, 0x00, 0x01, 0x00, 0x00, 0x00
.globl _sym_00c03984
_sym_00c03984:
.byte 0xff, 0xff, 0xff, 0xff
.long _sym_00ade9c0
.byte 0x00, 0x00, 0x00, 0x00
.long _sym_00ade9cb
.globl _sym_00c03994
_sym_00c03994:
.byte 0x22, 0x05, 0x93, 0x19, 0x02, 0x00, 0x00, 0x00
.long _sym_00c03984
.byte 0x00, 0x00, 0x00, 0x00, 0x00, 0x00, 0x00, 0x00, 0x00, 0x00, 0x00, 0x00, 0x00, 0x00, 0x00, 0x00
.byte 0x00, 0x00, 0x00, 0x00, 0x01, 0x00, 0x00, 0x00
.globl _sym_00c039b8
_sym_00c039b8:
.byte 0xff, 0xff, 0xff, 0xff
.long _sym_00adea00
.byte 0x00, 0x00, 0x00, 0x00
.long _sym_00adea08
.byte 0x01, 0x00, 0x00, 0x00
.long _sym_00adea13
.byte 0x02, 0x00, 0x00, 0x00
.long _sym_00adea21
.globl _sym_00c039d8
_sym_00c039d8:
.byte 0x22, 0x05, 0x93, 0x19, 0x04, 0x00, 0x00, 0x00
.long _sym_00c039b8
.byte 0x00, 0x00, 0x00, 0x00, 0x00, 0x00, 0x00, 0x00, 0x00, 0x00, 0x00, 0x00, 0x00, 0x00, 0x00, 0x00
.byte 0x00, 0x00, 0x00, 0x00, 0x01, 0x00, 0x00, 0x00
.globl _sym_00c039fc
_sym_00c039fc:
.byte 0xff, 0xff, 0xff, 0xff
.long _sym_00adea50
.byte 0x00, 0x00, 0x00, 0x00
.long _sym_00adea58
.byte 0x01, 0x00, 0x00, 0x00
.long _sym_00adea63
.globl _sym_00c03a14
_sym_00c03a14:
.byte 0x22, 0x05, 0x93, 0x19, 0x03, 0x00, 0x00, 0x00
.long _sym_00c039fc
.byte 0x00, 0x00, 0x00, 0x00, 0x00, 0x00, 0x00, 0x00, 0x00, 0x00, 0x00, 0x00, 0x00, 0x00, 0x00, 0x00
.byte 0x00, 0x00, 0x00, 0x00, 0x01, 0x00, 0x00, 0x00
.globl _sym_00c03a38
_sym_00c03a38:
.byte 0xff, 0xff, 0xff, 0xff
.long _sym_00adea90
.globl _sym_00c03a40
_sym_00c03a40:
.byte 0x22, 0x05, 0x93, 0x19, 0x01, 0x00, 0x00, 0x00
.long _sym_00c03a38
.byte 0x00, 0x00, 0x00, 0x00, 0x00, 0x00, 0x00, 0x00, 0x00, 0x00, 0x00, 0x00, 0x00, 0x00, 0x00, 0x00
.byte 0x00, 0x00, 0x00, 0x00, 0x01, 0x00, 0x00, 0x00
.globl _sym_00c03a64
_sym_00c03a64:
.byte 0xff, 0xff, 0xff, 0xff
.long _sym_00adeac0
.globl _sym_00c03a6c
_sym_00c03a6c:
.byte 0x22, 0x05, 0x93, 0x19, 0x01, 0x00, 0x00, 0x00
.long _sym_00c03a64
.byte 0x00, 0x00, 0x00, 0x00, 0x00, 0x00, 0x00, 0x00, 0x00, 0x00, 0x00, 0x00, 0x00, 0x00, 0x00, 0x00
.byte 0x00, 0x00, 0x00, 0x00, 0x01, 0x00, 0x00, 0x00
.globl _sym_00c03a90
_sym_00c03a90:
.byte 0x22, 0x05, 0x93, 0x19, 0x06, 0x00, 0x00, 0x00
.long _sym_00c03ab4
.byte 0x00, 0x00, 0x00, 0x00, 0x00, 0x00, 0x00, 0x00, 0x00, 0x00, 0x00, 0x00, 0x00, 0x00, 0x00, 0x00
.byte 0x00, 0x00, 0x00, 0x00, 0x01, 0x00, 0x00, 0x00
.globl _sym_00c03ab4
_sym_00c03ab4:
.byte 0xff, 0xff, 0xff, 0xff
.long _sym_00adeaf0
.byte 0x00, 0x00, 0x00, 0x00
.long _sym_00adeaf8
.byte 0x01, 0x00, 0x00, 0x00
.long _sym_00adeb03
.byte 0x02, 0x00, 0x00, 0x00
.long _sym_00adeb11
.byte 0x03, 0x00, 0x00, 0x00
.long _sym_00adeb1f
.byte 0x03, 0x00, 0x00, 0x00
.long _sym_00adeb36
.globl _sym_00c03ae4
_sym_00c03ae4:
.byte 0x22, 0x05, 0x93, 0x19, 0x06, 0x00, 0x00, 0x00
.long _sym_00c03b08
.byte 0x00, 0x00, 0x00, 0x00, 0x00, 0x00, 0x00, 0x00, 0x00, 0x00, 0x00, 0x00, 0x00, 0x00, 0x00, 0x00
.byte 0x00, 0x00, 0x00, 0x00, 0x01, 0x00, 0x00, 0x00
.globl _sym_00c03b08
_sym_00c03b08:
.byte 0xff, 0xff, 0xff, 0xff
.long _sym_00adeb70
.byte 0x00, 0x00, 0x00, 0x00
.long _sym_00adeb78
.byte 0x01, 0x00, 0x00, 0x00
.long _sym_00adeb83
.byte 0x02, 0x00, 0x00, 0x00
.long _sym_00adeb91
.byte 0x00, 0x00, 0x00, 0x00
.long _sym_00adeb9f
.byte 0x04, 0x00, 0x00, 0x00
.long _sym_00adeba7
.globl _sym_00c03b38
_sym_00c03b38:
.byte 0x22, 0x05, 0x93, 0x19, 0x09, 0x00, 0x00, 0x00
.long _sym_00c03b5c
.byte 0x00, 0x00, 0x00, 0x00, 0x00, 0x00, 0x00, 0x00, 0x00, 0x00, 0x00, 0x00, 0x00, 0x00, 0x00, 0x00
.byte 0x00, 0x00, 0x00, 0x00, 0x01, 0x00, 0x00, 0x00
.globl _sym_00c03b5c
_sym_00c03b5c:
.byte 0xff, 0xff, 0xff, 0xff
.long _sym_00adef40
.byte 0xff, 0xff, 0xff, 0xff
.long _sym_00adef4e
.byte 0xff, 0xff, 0xff, 0xff
.long _sym_00adef5c
.byte 0xff, 0xff, 0xff, 0xff
.long _sym_00adef6a
.byte 0xff, 0xff, 0xff, 0xff
.long _sym_00adef78
.byte 0xff, 0xff, 0xff, 0xff
.long _sym_00adef86
.byte 0xff, 0xff, 0xff, 0xff
.long _sym_00adef94
.byte 0xff, 0xff, 0xff, 0xff
.long _sym_00adefa2
.byte 0xff, 0xff, 0xff, 0xff
.long _sym_00adefb2
.globl _sym_00c03ba4
_sym_00c03ba4:
.byte 0xff, 0xff, 0xff, 0xff
.long _sym_00adede0
.globl _sym_00c03bac
_sym_00c03bac:
.byte 0x22, 0x05, 0x93, 0x19, 0x01, 0x00, 0x00, 0x00
.long _sym_00c03ba4
.byte 0x00, 0x00, 0x00, 0x00, 0x00, 0x00, 0x00, 0x00, 0x00, 0x00, 0x00, 0x00, 0x00, 0x00, 0x00, 0x00
.byte 0x00, 0x00, 0x00, 0x00, 0x01, 0x00, 0x00, 0x00
.globl _sym_00c03bd0
_sym_00c03bd0:
.byte 0x22, 0x05, 0x93, 0x19, 0x0f, 0x00, 0x00, 0x00
.long _sym_00c03bf4
.byte 0x00, 0x00, 0x00, 0x00, 0x00, 0x00, 0x00, 0x00, 0x00, 0x00, 0x00, 0x00, 0x00, 0x00, 0x00, 0x00
.byte 0x00, 0x00, 0x00, 0x00, 0x01, 0x00, 0x00, 0x00
.globl _sym_00c03bf4
_sym_00c03bf4:
.byte 0xff, 0xff, 0xff, 0xff
.long _sym_00adeea0
.byte 0xff, 0xff, 0xff, 0xff
.long _sym_00adeeae
.byte 0xff, 0xff, 0xff, 0xff
.long _sym_00adeebc
.byte 0xff, 0xff, 0xff, 0xff
.long _sym_00adeeca
.byte 0xff, 0xff, 0xff, 0xff
.long _sym_00adeed8
.byte 0x04, 0x00, 0x00, 0x00
.long _sym_00adeee6
.byte 0x04, 0x00, 0x00, 0x00, 0x00, 0x00, 0x00, 0x00, 0x04, 0x00, 0x00, 0x00, 0x00, 0x00, 0x00, 0x00
.byte 0x04, 0x00, 0x00, 0x00, 0x00, 0x00, 0x00, 0x00, 0xff, 0xff, 0xff, 0xff
.long _sym_00adeef4
.byte 0x09, 0x00, 0x00, 0x00
.long _sym_00adef02
.byte 0x09, 0x00, 0x00, 0x00, 0x00, 0x00, 0x00, 0x00, 0x09, 0x00, 0x00, 0x00, 0x00, 0x00, 0x00, 0x00
.byte 0x09, 0x00, 0x00, 0x00, 0x00, 0x00, 0x00, 0x00, 0xff, 0xff, 0xff, 0xff
.long _sym_00adef10
.globl _sym_00c03c6c
_sym_00c03c6c:
.byte 0xff, 0xff, 0xff, 0xff
.long _sym_00adedb0
.globl _sym_00c03c74
_sym_00c03c74:
.byte 0x22, 0x05, 0x93, 0x19, 0x01, 0x00, 0x00, 0x00
.long _sym_00c03c6c
.byte 0x00, 0x00, 0x00, 0x00, 0x00, 0x00, 0x00, 0x00, 0x00, 0x00, 0x00, 0x00, 0x00, 0x00, 0x00, 0x00
.byte 0x00, 0x00, 0x00, 0x00, 0x01, 0x00, 0x00, 0x00
.globl _sym_00c03c98
_sym_00c03c98:
.byte 0xff, 0xff, 0xff, 0xff
.long _sym_00adf000
.byte 0xff, 0xff, 0xff, 0xff
.long _sym_00adf00e
.byte 0xff, 0xff, 0xff, 0xff
.long _sym_00adf01c
.byte 0xff, 0xff, 0xff, 0xff
.long _sym_00adf02a
.globl _sym_00c03cb8
_sym_00c03cb8:
.byte 0x22, 0x05, 0x93, 0x19, 0x04, 0x00, 0x00, 0x00
.long _sym_00c03c98
.byte 0x00, 0x00, 0x00, 0x00, 0x00, 0x00, 0x00, 0x00, 0x00, 0x00, 0x00, 0x00, 0x00, 0x00, 0x00, 0x00
.byte 0x00, 0x00, 0x00, 0x00, 0x01, 0x00, 0x00, 0x00
.globl _sym_00c03cdc
_sym_00c03cdc:
.byte 0xff, 0xff, 0xff, 0xff
.long _sym_00adf0c0
.byte 0xff, 0xff, 0xff, 0xff, 0x00, 0x00, 0x00, 0x00, 0xff, 0xff, 0xff, 0xff, 0x00, 0x00, 0x00, 0x00
.byte 0xff, 0xff, 0xff, 0xff, 0x00, 0x00, 0x00, 0x00
.globl _sym_00c03cfc
_sym_00c03cfc:
.byte 0x22, 0x05, 0x93, 0x19, 0x04, 0x00, 0x00, 0x00
.long _sym_00c03cdc
.byte 0x00, 0x00, 0x00, 0x00, 0x00, 0x00, 0x00, 0x00, 0x00, 0x00, 0x00, 0x00, 0x00, 0x00, 0x00, 0x00
.byte 0x00, 0x00, 0x00, 0x00, 0x01, 0x00, 0x00, 0x00
.globl _sym_00c03d20
_sym_00c03d20:
.byte 0xff, 0xff, 0xff, 0xff
.long _sym_00adee10
.globl _sym_00c03d28
_sym_00c03d28:
.byte 0x22, 0x05, 0x93, 0x19, 0x01, 0x00, 0x00, 0x00
.long _sym_00c03d20
.byte 0x00, 0x00, 0x00, 0x00, 0x00, 0x00, 0x00, 0x00, 0x00, 0x00, 0x00, 0x00, 0x00, 0x00, 0x00, 0x00
.byte 0x00, 0x00, 0x00, 0x00, 0x01, 0x00, 0x00, 0x00
.globl _sym_00c03d4c
_sym_00c03d4c:
.byte 0xff, 0xff, 0xff, 0xff
.long _sym_00adee70
.globl _sym_00c03d54
_sym_00c03d54:
.byte 0x22, 0x05, 0x93, 0x19, 0x01, 0x00, 0x00, 0x00
.long _sym_00c03d4c
.byte 0x00, 0x00, 0x00, 0x00, 0x00, 0x00, 0x00, 0x00, 0x00, 0x00, 0x00, 0x00, 0x00, 0x00, 0x00, 0x00
.byte 0x00, 0x00, 0x00, 0x00, 0x01, 0x00, 0x00, 0x00
.globl _sym_00c03d78
_sym_00c03d78:
.byte 0xff, 0xff, 0xff, 0xff
.long _sym_00adee40
.globl _sym_00c03d80
_sym_00c03d80:
.byte 0x22, 0x05, 0x93, 0x19, 0x01, 0x00, 0x00, 0x00
.long _sym_00c03d78
.byte 0x00, 0x00, 0x00, 0x00, 0x00, 0x00, 0x00, 0x00, 0x00, 0x00, 0x00, 0x00, 0x00, 0x00, 0x00, 0x00
.byte 0x00, 0x00, 0x00, 0x00, 0x01, 0x00, 0x00, 0x00
.globl _sym_00c03da4
_sym_00c03da4:
.byte 0xff, 0xff, 0xff, 0xff
.long _sym_00adec90
.byte 0xff, 0xff, 0xff, 0xff, 0x00, 0x00, 0x00, 0x00, 0xff, 0xff, 0xff, 0xff, 0x00, 0x00, 0x00, 0x00
.byte 0xff, 0xff, 0xff, 0xff, 0x00, 0x00, 0x00, 0x00
.globl _sym_00c03dc4
_sym_00c03dc4:
.byte 0x22, 0x05, 0x93, 0x19, 0x04, 0x00, 0x00, 0x00
.long _sym_00c03da4
.byte 0x00, 0x00, 0x00, 0x00, 0x00, 0x00, 0x00, 0x00, 0x00, 0x00, 0x00, 0x00, 0x00, 0x00, 0x00, 0x00
.byte 0x00, 0x00, 0x00, 0x00, 0x01, 0x00, 0x00, 0x00
.globl _sym_00c03de8
_sym_00c03de8:
.byte 0xff, 0xff, 0xff, 0xff
.long _sym_00aded80
.globl _sym_00c03df0
_sym_00c03df0:
.byte 0x22, 0x05, 0x93, 0x19, 0x01, 0x00, 0x00, 0x00
.long _sym_00c03de8
.byte 0x00, 0x00, 0x00, 0x00, 0x00, 0x00, 0x00, 0x00, 0x00, 0x00, 0x00, 0x00, 0x00, 0x00, 0x00, 0x00
.byte 0x00, 0x00, 0x00, 0x00, 0x01, 0x00, 0x00, 0x00
.globl _sym_00c03e14
_sym_00c03e14:
.byte 0xff, 0xff, 0xff, 0xff
.long _sym_00adec30
.byte 0xff, 0xff, 0xff, 0xff, 0x00, 0x00, 0x00, 0x00, 0xff, 0xff, 0xff, 0xff, 0x00, 0x00, 0x00, 0x00
.byte 0xff, 0xff, 0xff, 0xff, 0x00, 0x00, 0x00, 0x00
.globl _sym_00c03e34
_sym_00c03e34:
.byte 0x22, 0x05, 0x93, 0x19, 0x04, 0x00, 0x00, 0x00
.long _sym_00c03e14
.byte 0x00, 0x00, 0x00, 0x00, 0x00, 0x00, 0x00, 0x00, 0x00, 0x00, 0x00, 0x00, 0x00, 0x00, 0x00, 0x00
.byte 0x00, 0x00, 0x00, 0x00, 0x01, 0x00, 0x00, 0x00
.globl _sym_00c03e58
_sym_00c03e58:
.byte 0xff, 0xff, 0xff, 0xff
.long _sym_00adecc0
.byte 0xff, 0xff, 0xff, 0xff, 0x00, 0x00, 0x00, 0x00, 0xff, 0xff, 0xff, 0xff, 0x00, 0x00, 0x00, 0x00
.byte 0xff, 0xff, 0xff, 0xff, 0x00, 0x00, 0x00, 0x00
.globl _sym_00c03e78
_sym_00c03e78:
.byte 0x22, 0x05, 0x93, 0x19, 0x04, 0x00, 0x00, 0x00
.long _sym_00c03e58
.byte 0x00, 0x00, 0x00, 0x00, 0x00, 0x00, 0x00, 0x00, 0x00, 0x00, 0x00, 0x00, 0x00, 0x00, 0x00, 0x00
.byte 0x00, 0x00, 0x00, 0x00, 0x01, 0x00, 0x00, 0x00
.globl _sym_00c03e9c
_sym_00c03e9c:
.byte 0xff, 0xff, 0xff, 0xff
.long _sym_00aded20
.byte 0xff, 0xff, 0xff, 0xff, 0x00, 0x00, 0x00, 0x00, 0xff, 0xff, 0xff, 0xff, 0x00, 0x00, 0x00, 0x00
.byte 0xff, 0xff, 0xff, 0xff, 0x00, 0x00, 0x00, 0x00
.globl _sym_00c03ebc
_sym_00c03ebc:
.byte 0x22, 0x05, 0x93, 0x19, 0x04, 0x00, 0x00, 0x00
.long _sym_00c03e9c
.byte 0x00, 0x00, 0x00, 0x00, 0x00, 0x00, 0x00, 0x00, 0x00, 0x00, 0x00, 0x00, 0x00, 0x00, 0x00, 0x00
.byte 0x00, 0x00, 0x00, 0x00, 0x01, 0x00, 0x00, 0x00
.globl _sym_00c03ee0
_sym_00c03ee0:
.byte 0xff, 0xff, 0xff, 0xff
.long _sym_00adecf0
.byte 0xff, 0xff, 0xff, 0xff, 0x00, 0x00, 0x00, 0x00, 0xff, 0xff, 0xff, 0xff, 0x00, 0x00, 0x00, 0x00
.byte 0xff, 0xff, 0xff, 0xff, 0x00, 0x00, 0x00, 0x00
.globl _sym_00c03f00
_sym_00c03f00:
.byte 0x22, 0x05, 0x93, 0x19, 0x04, 0x00, 0x00, 0x00
.long _sym_00c03ee0
.byte 0x00, 0x00, 0x00, 0x00, 0x00, 0x00, 0x00, 0x00, 0x00, 0x00, 0x00, 0x00, 0x00, 0x00, 0x00, 0x00
.byte 0x00, 0x00, 0x00, 0x00, 0x01, 0x00, 0x00, 0x00
.globl _sym_00c03f24
_sym_00c03f24:
.byte 0xff, 0xff, 0xff, 0xff
.long _sym_00aded50
.byte 0xff, 0xff, 0xff, 0xff, 0x00, 0x00, 0x00, 0x00, 0xff, 0xff, 0xff, 0xff, 0x00, 0x00, 0x00, 0x00
.byte 0xff, 0xff, 0xff, 0xff, 0x00, 0x00, 0x00, 0x00
.globl _sym_00c03f44
_sym_00c03f44:
.byte 0x22, 0x05, 0x93, 0x19, 0x04, 0x00, 0x00, 0x00
.long _sym_00c03f24
.byte 0x00, 0x00, 0x00, 0x00, 0x00, 0x00, 0x00, 0x00, 0x00, 0x00, 0x00, 0x00, 0x00, 0x00, 0x00, 0x00
.byte 0x00, 0x00, 0x00, 0x00, 0x01, 0x00, 0x00, 0x00
.globl _sym_00c03f68
_sym_00c03f68:
.byte 0xff, 0xff, 0xff, 0xff
.long _sym_00adf060
.byte 0xff, 0xff, 0xff, 0xff, 0x00, 0x00, 0x00, 0x00, 0xff, 0xff, 0xff, 0xff, 0x00, 0x00, 0x00, 0x00
.byte 0xff, 0xff, 0xff, 0xff, 0x00, 0x00, 0x00, 0x00
.globl _sym_00c03f88
_sym_00c03f88:
.byte 0x22, 0x05, 0x93, 0x19, 0x04, 0x00, 0x00, 0x00
.long _sym_00c03f68
.byte 0x00, 0x00, 0x00, 0x00, 0x00, 0x00, 0x00, 0x00, 0x00, 0x00, 0x00, 0x00, 0x00, 0x00, 0x00, 0x00
.byte 0x00, 0x00, 0x00, 0x00, 0x01, 0x00, 0x00, 0x00
.globl _sym_00c03fac
_sym_00c03fac:
.byte 0xff, 0xff, 0xff, 0xff
.long _sym_00adf120
.byte 0xff, 0xff, 0xff, 0xff, 0x00, 0x00, 0x00, 0x00, 0xff, 0xff, 0xff, 0xff, 0x00, 0x00, 0x00, 0x00
.byte 0xff, 0xff, 0xff, 0xff, 0x00, 0x00, 0x00, 0x00
.globl _sym_00c03fcc
_sym_00c03fcc:
.byte 0x22, 0x05, 0x93, 0x19, 0x04, 0x00, 0x00, 0x00
.long _sym_00c03fac
.byte 0x00, 0x00, 0x00, 0x00, 0x00, 0x00, 0x00, 0x00, 0x00, 0x00, 0x00, 0x00, 0x00, 0x00, 0x00, 0x00
.byte 0x00, 0x00, 0x00, 0x00, 0x01, 0x00, 0x00, 0x00
.globl _sym_00c03ff0
_sym_00c03ff0:
.byte 0xff, 0xff, 0xff, 0xff
.long _sym_00adebd0
.byte 0xff, 0xff, 0xff, 0xff, 0x00, 0x00, 0x00, 0x00, 0xff, 0xff, 0xff, 0xff, 0x00, 0x00, 0x00, 0x00
.byte 0xff, 0xff, 0xff, 0xff, 0x00, 0x00, 0x00, 0x00
.globl _sym_00c04010
_sym_00c04010:
.byte 0x22, 0x05, 0x93, 0x19, 0x04, 0x00, 0x00, 0x00
.long _sym_00c03ff0
.byte 0x00, 0x00, 0x00, 0x00, 0x00, 0x00, 0x00, 0x00, 0x00, 0x00, 0x00, 0x00, 0x00, 0x00, 0x00, 0x00
.byte 0x00, 0x00, 0x00, 0x00, 0x01, 0x00, 0x00, 0x00
.globl _sym_00c04034
_sym_00c04034:
.byte 0xff, 0xff, 0xff, 0xff
.long _sym_00adec60
.byte 0xff, 0xff, 0xff, 0xff, 0x00, 0x00, 0x00, 0x00, 0xff, 0xff, 0xff, 0xff, 0x00, 0x00, 0x00, 0x00
.byte 0xff, 0xff, 0xff, 0xff, 0x00, 0x00, 0x00, 0x00
.globl _sym_00c04054
_sym_00c04054:
.byte 0x22, 0x05, 0x93, 0x19, 0x04, 0x00, 0x00, 0x00
.long _sym_00c04034
.byte 0x00, 0x00, 0x00, 0x00, 0x00, 0x00, 0x00, 0x00, 0x00, 0x00, 0x00, 0x00, 0x00, 0x00, 0x00, 0x00
.byte 0x00, 0x00, 0x00, 0x00, 0x01, 0x00, 0x00, 0x00
.globl _sym_00c04078
_sym_00c04078:
.byte 0xff, 0xff, 0xff, 0xff
.long _sym_00adf090
.byte 0xff, 0xff, 0xff, 0xff, 0x00, 0x00, 0x00, 0x00, 0xff, 0xff, 0xff, 0xff, 0x00, 0x00, 0x00, 0x00
.byte 0xff, 0xff, 0xff, 0xff, 0x00, 0x00, 0x00, 0x00
.globl _sym_00c04098
_sym_00c04098:
.byte 0x22, 0x05, 0x93, 0x19, 0x04, 0x00, 0x00, 0x00
.long _sym_00c04078
.byte 0x00, 0x00, 0x00, 0x00, 0x00, 0x00, 0x00, 0x00, 0x00, 0x00, 0x00, 0x00, 0x00, 0x00, 0x00, 0x00
.byte 0x00, 0x00, 0x00, 0x00, 0x01, 0x00, 0x00, 0x00
.globl _sym_00c040bc
_sym_00c040bc:
.byte 0xff, 0xff, 0xff, 0xff
.long _sym_00adf180
.byte 0xff, 0xff, 0xff, 0xff, 0x00, 0x00, 0x00, 0x00, 0xff, 0xff, 0xff, 0xff, 0x00, 0x00, 0x00, 0x00
.byte 0xff, 0xff, 0xff, 0xff, 0x00, 0x00, 0x00, 0x00
.globl _sym_00c040dc
_sym_00c040dc:
.byte 0x22, 0x05, 0x93, 0x19, 0x04, 0x00, 0x00, 0x00
.long _sym_00c040bc
.byte 0x00, 0x00, 0x00, 0x00, 0x00, 0x00, 0x00, 0x00, 0x00, 0x00, 0x00, 0x00, 0x00, 0x00, 0x00, 0x00
.byte 0x00, 0x00, 0x00, 0x00, 0x01, 0x00, 0x00, 0x00
.globl _sym_00c04100
_sym_00c04100:
.byte 0xff, 0xff, 0xff, 0xff
.long _sym_00adf1b0
.byte 0xff, 0xff, 0xff, 0xff, 0x00, 0x00, 0x00, 0x00, 0xff, 0xff, 0xff, 0xff, 0x00, 0x00, 0x00, 0x00
.byte 0xff, 0xff, 0xff, 0xff, 0x00, 0x00, 0x00, 0x00
.globl _sym_00c04120
_sym_00c04120:
.byte 0x22, 0x05, 0x93, 0x19, 0x04, 0x00, 0x00, 0x00
.long _sym_00c04100
.byte 0x00, 0x00, 0x00, 0x00, 0x00, 0x00, 0x00, 0x00, 0x00, 0x00, 0x00, 0x00, 0x00, 0x00, 0x00, 0x00
.byte 0x00, 0x00, 0x00, 0x00, 0x01, 0x00, 0x00, 0x00
.globl _sym_00c04144
_sym_00c04144:
.byte 0xff, 0xff, 0xff, 0xff
.long _sym_00adec00
.byte 0xff, 0xff, 0xff, 0xff, 0x00, 0x00, 0x00, 0x00, 0xff, 0xff, 0xff, 0xff, 0x00, 0x00, 0x00, 0x00
.byte 0xff, 0xff, 0xff, 0xff, 0x00, 0x00, 0x00, 0x00
.globl _sym_00c04164
_sym_00c04164:
.byte 0x22, 0x05, 0x93, 0x19, 0x04, 0x00, 0x00, 0x00
.long _sym_00c04144
.byte 0x00, 0x00, 0x00, 0x00, 0x00, 0x00, 0x00, 0x00, 0x00, 0x00, 0x00, 0x00, 0x00, 0x00, 0x00, 0x00
.byte 0x00, 0x00, 0x00, 0x00, 0x01, 0x00, 0x00, 0x00
.globl _sym_00c04188
_sym_00c04188:
.byte 0xff, 0xff, 0xff, 0xff
.long _sym_00adf150
.byte 0xff, 0xff, 0xff, 0xff, 0x00, 0x00, 0x00, 0x00, 0xff, 0xff, 0xff, 0xff, 0x00, 0x00, 0x00, 0x00
.byte 0xff, 0xff, 0xff, 0xff, 0x00, 0x00, 0x00, 0x00
.globl _sym_00c041a8
_sym_00c041a8:
.byte 0x22, 0x05, 0x93, 0x19, 0x04, 0x00, 0x00, 0x00
.long _sym_00c04188
.byte 0x00, 0x00, 0x00, 0x00, 0x00, 0x00, 0x00, 0x00, 0x00, 0x00, 0x00, 0x00, 0x00, 0x00, 0x00, 0x00
.byte 0x00, 0x00, 0x00, 0x00, 0x01, 0x00, 0x00, 0x00
.globl _sym_00c041cc
_sym_00c041cc:
.byte 0xff, 0xff, 0xff, 0xff
.long _sym_00adf0f0
.byte 0xff, 0xff, 0xff, 0xff, 0x00, 0x00, 0x00, 0x00, 0xff, 0xff, 0xff, 0xff, 0x00, 0x00, 0x00, 0x00
.byte 0xff, 0xff, 0xff, 0xff, 0x00, 0x00, 0x00, 0x00
.globl _sym_00c041ec
_sym_00c041ec:
.byte 0x22, 0x05, 0x93, 0x19, 0x04, 0x00, 0x00, 0x00
.long _sym_00c041cc
.byte 0x00, 0x00, 0x00, 0x00, 0x00, 0x00, 0x00, 0x00, 0x00, 0x00, 0x00, 0x00, 0x00, 0x00, 0x00, 0x00
.byte 0x00, 0x00, 0x00, 0x00, 0x01, 0x00, 0x00, 0x00
.globl _sym_00c04210
_sym_00c04210:
.byte 0xff, 0xff, 0xff, 0xff
.long _sym_00adf1e0
.globl _sym_00c04218
_sym_00c04218:
.byte 0x22, 0x05, 0x93, 0x19, 0x01, 0x00, 0x00, 0x00
.long _sym_00c04210
.byte 0x00, 0x00, 0x00, 0x00, 0x00, 0x00, 0x00, 0x00, 0x00, 0x00, 0x00, 0x00, 0x00, 0x00, 0x00, 0x00
.byte 0x00, 0x00, 0x00, 0x00, 0x01, 0x00, 0x00, 0x00
.globl _sym_00c0423c
_sym_00c0423c:
.byte 0xff, 0xff, 0xff, 0xff
.long _sym_00adf210
.globl _sym_00c04244
_sym_00c04244:
.byte 0x22, 0x05, 0x93, 0x19, 0x01, 0x00, 0x00, 0x00
.long _sym_00c0423c
.byte 0x00, 0x00, 0x00, 0x00, 0x00, 0x00, 0x00, 0x00, 0x00, 0x00, 0x00, 0x00, 0x00, 0x00, 0x00, 0x00
.byte 0x00, 0x00, 0x00, 0x00, 0x01, 0x00, 0x00, 0x00
.globl _sym_00c04268
_sym_00c04268:
.byte 0xff, 0xff, 0xff, 0xff
.long _sym_00adf240
.globl _sym_00c04270
_sym_00c04270:
.byte 0x22, 0x05, 0x93, 0x19, 0x01, 0x00, 0x00, 0x00
.long _sym_00c04268
.byte 0x00, 0x00, 0x00, 0x00, 0x00, 0x00, 0x00, 0x00, 0x00, 0x00, 0x00, 0x00, 0x00, 0x00, 0x00, 0x00
.byte 0x00, 0x00, 0x00, 0x00, 0x01, 0x00, 0x00, 0x00
.globl _sym_00c04294
_sym_00c04294:
.byte 0xff, 0xff, 0xff, 0xff
.long _sym_00adf270
.globl _sym_00c0429c
_sym_00c0429c:
.byte 0x22, 0x05, 0x93, 0x19, 0x01, 0x00, 0x00, 0x00
.long _sym_00c04294
.byte 0x00, 0x00, 0x00, 0x00, 0x00, 0x00, 0x00, 0x00, 0x00, 0x00, 0x00, 0x00, 0x00, 0x00, 0x00, 0x00
.byte 0x00, 0x00, 0x00, 0x00, 0x01, 0x00, 0x00, 0x00
.globl _sym_00c042c0
_sym_00c042c0:
.byte 0xff, 0xff, 0xff, 0xff
.long _sym_00adf300
.byte 0xff, 0xff, 0xff, 0xff
.long _sym_00adf30e
.byte 0xff, 0xff, 0xff, 0xff
.long _sym_00adf31c
.globl _sym_00c042d8
_sym_00c042d8:
.byte 0x22, 0x05, 0x93, 0x19, 0x03, 0x00, 0x00, 0x00
.long _sym_00c042c0
.byte 0x00, 0x00, 0x00, 0x00, 0x00, 0x00, 0x00, 0x00, 0x00, 0x00, 0x00, 0x00, 0x00, 0x00, 0x00, 0x00
.byte 0x00, 0x00, 0x00, 0x00, 0x01, 0x00, 0x00, 0x00
.globl _sym_00c042fc
_sym_00c042fc:
.byte 0xff, 0xff, 0xff, 0xff
.long _sym_00adf2a0
.globl _sym_00c04304
_sym_00c04304:
.byte 0x22, 0x05, 0x93, 0x19, 0x01, 0x00, 0x00, 0x00
.long _sym_00c042fc
.byte 0x00, 0x00, 0x00, 0x00, 0x00, 0x00, 0x00, 0x00, 0x00, 0x00, 0x00, 0x00, 0x00, 0x00, 0x00, 0x00
.byte 0x00, 0x00, 0x00, 0x00, 0x01, 0x00, 0x00, 0x00
.globl _sym_00c04328
_sym_00c04328:
.byte 0xff, 0xff, 0xff, 0xff
.long _sym_00adf2d0
.globl _sym_00c04330
_sym_00c04330:
.byte 0x22, 0x05, 0x93, 0x19, 0x01, 0x00, 0x00, 0x00
.long _sym_00c04328
.byte 0x00, 0x00, 0x00, 0x00, 0x00, 0x00, 0x00, 0x00, 0x00, 0x00, 0x00, 0x00, 0x00, 0x00, 0x00, 0x00
.byte 0x00, 0x00, 0x00, 0x00, 0x01, 0x00, 0x00, 0x00
.globl _sym_00c04354
_sym_00c04354:
.byte 0xff, 0xff, 0xff, 0xff
.long _sym_00adf350
.globl _sym_00c0435c
_sym_00c0435c:
.byte 0x22, 0x05, 0x93, 0x19, 0x01, 0x00, 0x00, 0x00
.long _sym_00c04354
.byte 0x00, 0x00, 0x00, 0x00, 0x00, 0x00, 0x00, 0x00, 0x00, 0x00, 0x00, 0x00, 0x00, 0x00, 0x00, 0x00
.byte 0x00, 0x00, 0x00, 0x00, 0x01, 0x00, 0x00, 0x00
.globl _sym_00c04380
_sym_00c04380:
.byte 0x22, 0x05, 0x93, 0x19, 0x06, 0x00, 0x00, 0x00
.long _sym_00c043a4
.byte 0x00, 0x00, 0x00, 0x00, 0x00, 0x00, 0x00, 0x00, 0x00, 0x00, 0x00, 0x00, 0x00, 0x00, 0x00, 0x00
.byte 0x00, 0x00, 0x00, 0x00, 0x01, 0x00, 0x00, 0x00
.globl _sym_00c043a4
_sym_00c043a4:
.byte 0xff, 0xff, 0xff, 0xff
.long _sym_00adf560
.byte 0xff, 0xff, 0xff, 0xff
.long _sym_00adf56e
.byte 0x01, 0x00, 0x00, 0x00
.long _sym_00adf57c
.byte 0x01, 0x00, 0x00, 0x00, 0x00, 0x00, 0x00, 0x00, 0x01, 0x00, 0x00, 0x00, 0x00, 0x00, 0x00, 0x00
.byte 0x01, 0x00, 0x00, 0x00, 0x00, 0x00, 0x00, 0x00
.globl _sym_00c043d4
_sym_00c043d4:
.byte 0xff, 0xff, 0xff, 0xff
.long _sym_00adf500
.globl _sym_00c043dc
_sym_00c043dc:
.byte 0x22, 0x05, 0x93, 0x19, 0x01, 0x00, 0x00, 0x00
.long _sym_00c043d4
.byte 0x00, 0x00, 0x00, 0x00, 0x00, 0x00, 0x00, 0x00, 0x00, 0x00, 0x00, 0x00, 0x00, 0x00, 0x00, 0x00
.byte 0x00, 0x00, 0x00, 0x00, 0x01, 0x00, 0x00, 0x00
.globl _sym_00c04400
_sym_00c04400:
.byte 0xff, 0xff, 0xff, 0xff
.long _sym_00adf5b0
.byte 0xff, 0xff, 0xff, 0xff
.long _sym_00adf5be
.byte 0xff, 0xff, 0xff, 0xff
.long _sym_00adf5cc
.byte 0xff, 0xff, 0xff, 0xff
.long _sym_00adf5da
.globl _sym_00c04420
_sym_00c04420:
.byte 0x22, 0x05, 0x93, 0x19, 0x04, 0x00, 0x00, 0x00
.long _sym_00c04400
.byte 0x00, 0x00, 0x00, 0x00, 0x00, 0x00, 0x00, 0x00, 0x00, 0x00, 0x00, 0x00, 0x00, 0x00, 0x00, 0x00
.byte 0x00, 0x00, 0x00, 0x00, 0x01, 0x00, 0x00, 0x00
.globl _sym_00c04444
_sym_00c04444:
.byte 0xff, 0xff, 0xff, 0xff
.long _sym_00adf670
.byte 0xff, 0xff, 0xff, 0xff, 0x00, 0x00, 0x00, 0x00, 0xff, 0xff, 0xff, 0xff, 0x00, 0x00, 0x00, 0x00
.byte 0xff, 0xff, 0xff, 0xff, 0x00, 0x00, 0x00, 0x00
.globl _sym_00c04464
_sym_00c04464:
.byte 0x22, 0x05, 0x93, 0x19, 0x04, 0x00, 0x00, 0x00
.long _sym_00c04444
.byte 0x00, 0x00, 0x00, 0x00, 0x00, 0x00, 0x00, 0x00, 0x00, 0x00, 0x00, 0x00, 0x00, 0x00, 0x00, 0x00
.byte 0x00, 0x00, 0x00, 0x00, 0x01, 0x00, 0x00, 0x00
.globl _sym_00c04488
_sym_00c04488:
.byte 0xff, 0xff, 0xff, 0xff
.long _sym_00adf530
.globl _sym_00c04490
_sym_00c04490:
.byte 0x22, 0x05, 0x93, 0x19, 0x01, 0x00, 0x00, 0x00
.long _sym_00c04488
.byte 0x00, 0x00, 0x00, 0x00, 0x00, 0x00, 0x00, 0x00, 0x00, 0x00, 0x00, 0x00, 0x00, 0x00, 0x00, 0x00
.byte 0x00, 0x00, 0x00, 0x00, 0x01, 0x00, 0x00, 0x00
.globl _sym_00c044b4
_sym_00c044b4:
.byte 0xff, 0xff, 0xff, 0xff
.long _sym_00adf440
.byte 0xff, 0xff, 0xff, 0xff, 0x00, 0x00, 0x00, 0x00, 0xff, 0xff, 0xff, 0xff, 0x00, 0x00, 0x00, 0x00
.byte 0xff, 0xff, 0xff, 0xff, 0x00, 0x00, 0x00, 0x00
.globl _sym_00c044d4
_sym_00c044d4:
.byte 0x22, 0x05, 0x93, 0x19, 0x04, 0x00, 0x00, 0x00
.long _sym_00c044b4
.byte 0x00, 0x00, 0x00, 0x00, 0x00, 0x00, 0x00, 0x00, 0x00, 0x00, 0x00, 0x00, 0x00, 0x00, 0x00, 0x00
.byte 0x00, 0x00, 0x00, 0x00, 0x01, 0x00, 0x00, 0x00
.globl _sym_00c044f8
_sym_00c044f8:
.byte 0xff, 0xff, 0xff, 0xff
.long _sym_00adf4d0
.globl _sym_00c04500
_sym_00c04500:
.byte 0x22, 0x05, 0x93, 0x19, 0x01, 0x00, 0x00, 0x00
.long _sym_00c044f8
.byte 0x00, 0x00, 0x00, 0x00, 0x00, 0x00, 0x00, 0x00, 0x00, 0x00, 0x00, 0x00, 0x00, 0x00, 0x00, 0x00
.byte 0x00, 0x00, 0x00, 0x00, 0x01, 0x00, 0x00, 0x00
.globl _sym_00c04524
_sym_00c04524:
.byte 0xff, 0xff, 0xff, 0xff
.long _sym_00adf3e0
.byte 0xff, 0xff, 0xff, 0xff, 0x00, 0x00, 0x00, 0x00, 0xff, 0xff, 0xff, 0xff, 0x00, 0x00, 0x00, 0x00
.byte 0xff, 0xff, 0xff, 0xff, 0x00, 0x00, 0x00, 0x00
.globl _sym_00c04544
_sym_00c04544:
.byte 0x22, 0x05, 0x93, 0x19, 0x04, 0x00, 0x00, 0x00
.long _sym_00c04524
.byte 0x00, 0x00, 0x00, 0x00, 0x00, 0x00, 0x00, 0x00, 0x00, 0x00, 0x00, 0x00, 0x00, 0x00, 0x00, 0x00
.byte 0x00, 0x00, 0x00, 0x00, 0x01, 0x00, 0x00, 0x00
.globl _sym_00c04568
_sym_00c04568:
.byte 0xff, 0xff, 0xff, 0xff
.long _sym_00adf470
.byte 0xff, 0xff, 0xff, 0xff, 0x00, 0x00, 0x00, 0x00, 0xff, 0xff, 0xff, 0xff, 0x00, 0x00, 0x00, 0x00
.byte 0xff, 0xff, 0xff, 0xff, 0x00, 0x00, 0x00, 0x00
.globl _sym_00c04588
_sym_00c04588:
.byte 0x22, 0x05, 0x93, 0x19, 0x04, 0x00, 0x00, 0x00
.long _sym_00c04568
.byte 0x00, 0x00, 0x00, 0x00, 0x00, 0x00, 0x00, 0x00, 0x00, 0x00, 0x00, 0x00, 0x00, 0x00, 0x00, 0x00
.byte 0x00, 0x00, 0x00, 0x00, 0x01, 0x00, 0x00, 0x00
.globl _sym_00c045ac
_sym_00c045ac:
.byte 0xff, 0xff, 0xff, 0xff
.long _sym_00adf4a0
.byte 0xff, 0xff, 0xff, 0xff, 0x00, 0x00, 0x00, 0x00, 0xff, 0xff, 0xff, 0xff, 0x00, 0x00, 0x00, 0x00
.byte 0xff, 0xff, 0xff, 0xff, 0x00, 0x00, 0x00, 0x00
.globl _sym_00c045cc
_sym_00c045cc:
.byte 0x22, 0x05, 0x93, 0x19, 0x04, 0x00, 0x00, 0x00
.long _sym_00c045ac
.byte 0x00, 0x00, 0x00, 0x00, 0x00, 0x00, 0x00, 0x00, 0x00, 0x00, 0x00, 0x00, 0x00, 0x00, 0x00, 0x00
.byte 0x00, 0x00, 0x00, 0x00, 0x01, 0x00, 0x00, 0x00
.globl _sym_00c045f0
_sym_00c045f0:
.byte 0xff, 0xff, 0xff, 0xff
.long _sym_00adf610
.byte 0xff, 0xff, 0xff, 0xff, 0x00, 0x00, 0x00, 0x00, 0xff, 0xff, 0xff, 0xff, 0x00, 0x00, 0x00, 0x00
.byte 0xff, 0xff, 0xff, 0xff, 0x00, 0x00, 0x00, 0x00
.globl _sym_00c04610
_sym_00c04610:
.byte 0x22, 0x05, 0x93, 0x19, 0x04, 0x00, 0x00, 0x00
.long _sym_00c045f0
.byte 0x00, 0x00, 0x00, 0x00, 0x00, 0x00, 0x00, 0x00, 0x00, 0x00, 0x00, 0x00, 0x00, 0x00, 0x00, 0x00
.byte 0x00, 0x00, 0x00, 0x00, 0x01, 0x00, 0x00, 0x00
.globl _sym_00c04634
_sym_00c04634:
.byte 0xff, 0xff, 0xff, 0xff
.long _sym_00adf6d0
.byte 0xff, 0xff, 0xff, 0xff, 0x00, 0x00, 0x00, 0x00, 0xff, 0xff, 0xff, 0xff, 0x00, 0x00, 0x00, 0x00
.byte 0xff, 0xff, 0xff, 0xff, 0x00, 0x00, 0x00, 0x00
.globl _sym_00c04654
_sym_00c04654:
.byte 0x22, 0x05, 0x93, 0x19, 0x04, 0x00, 0x00, 0x00
.long _sym_00c04634
.byte 0x00, 0x00, 0x00, 0x00, 0x00, 0x00, 0x00, 0x00, 0x00, 0x00, 0x00, 0x00, 0x00, 0x00, 0x00, 0x00
.byte 0x00, 0x00, 0x00, 0x00, 0x01, 0x00, 0x00, 0x00
.globl _sym_00c04678
_sym_00c04678:
.byte 0xff, 0xff, 0xff, 0xff
.long _sym_00adf380
.byte 0xff, 0xff, 0xff, 0xff, 0x00, 0x00, 0x00, 0x00, 0xff, 0xff, 0xff, 0xff, 0x00, 0x00, 0x00, 0x00
.byte 0xff, 0xff, 0xff, 0xff, 0x00, 0x00, 0x00, 0x00
.globl _sym_00c04698
_sym_00c04698:
.byte 0x22, 0x05, 0x93, 0x19, 0x04, 0x00, 0x00, 0x00
.long _sym_00c04678
.byte 0x00, 0x00, 0x00, 0x00, 0x00, 0x00, 0x00, 0x00, 0x00, 0x00, 0x00, 0x00, 0x00, 0x00, 0x00, 0x00
.byte 0x00, 0x00, 0x00, 0x00, 0x01, 0x00, 0x00, 0x00
.globl _sym_00c046bc
_sym_00c046bc:
.byte 0xff, 0xff, 0xff, 0xff
.long _sym_00adf410
.byte 0xff, 0xff, 0xff, 0xff, 0x00, 0x00, 0x00, 0x00, 0xff, 0xff, 0xff, 0xff, 0x00, 0x00, 0x00, 0x00
.byte 0xff, 0xff, 0xff, 0xff, 0x00, 0x00, 0x00, 0x00
.globl _sym_00c046dc
_sym_00c046dc:
.byte 0x22, 0x05, 0x93, 0x19, 0x04, 0x00, 0x00, 0x00
.long _sym_00c046bc
.byte 0x00, 0x00, 0x00, 0x00, 0x00, 0x00, 0x00, 0x00, 0x00, 0x00, 0x00, 0x00, 0x00, 0x00, 0x00, 0x00
.byte 0x00, 0x00, 0x00, 0x00, 0x01, 0x00, 0x00, 0x00
.globl _sym_00c04700
_sym_00c04700:
.byte 0xff, 0xff, 0xff, 0xff
.long _sym_00adf640
.byte 0xff, 0xff, 0xff, 0xff, 0x00, 0x00, 0x00, 0x00, 0xff, 0xff, 0xff, 0xff, 0x00, 0x00, 0x00, 0x00
.byte 0xff, 0xff, 0xff, 0xff, 0x00, 0x00, 0x00, 0x00
.globl _sym_00c04720
_sym_00c04720:
.byte 0x22, 0x05, 0x93, 0x19, 0x04, 0x00, 0x00, 0x00
.long _sym_00c04700
.byte 0x00, 0x00, 0x00, 0x00, 0x00, 0x00, 0x00, 0x00, 0x00, 0x00, 0x00, 0x00, 0x00, 0x00, 0x00, 0x00
.byte 0x00, 0x00, 0x00, 0x00, 0x01, 0x00, 0x00, 0x00
.globl _sym_00c04744
_sym_00c04744:
.byte 0xff, 0xff, 0xff, 0xff
.long _sym_00adf730
.byte 0xff, 0xff, 0xff, 0xff, 0x00, 0x00, 0x00, 0x00, 0xff, 0xff, 0xff, 0xff, 0x00, 0x00, 0x00, 0x00
.byte 0xff, 0xff, 0xff, 0xff, 0x00, 0x00, 0x00, 0x00
.globl _sym_00c04764
_sym_00c04764:
.byte 0x22, 0x05, 0x93, 0x19, 0x04, 0x00, 0x00, 0x00
.long _sym_00c04744
.byte 0x00, 0x00, 0x00, 0x00, 0x00, 0x00, 0x00, 0x00, 0x00, 0x00, 0x00, 0x00, 0x00, 0x00, 0x00, 0x00
.byte 0x00, 0x00, 0x00, 0x00, 0x01, 0x00, 0x00, 0x00
.globl _sym_00c04788
_sym_00c04788:
.byte 0xff, 0xff, 0xff, 0xff
.long _sym_00adf760
.byte 0xff, 0xff, 0xff, 0xff, 0x00, 0x00, 0x00, 0x00, 0xff, 0xff, 0xff, 0xff, 0x00, 0x00, 0x00, 0x00
.byte 0xff, 0xff, 0xff, 0xff, 0x00, 0x00, 0x00, 0x00
.globl _sym_00c047a8
_sym_00c047a8:
.byte 0x22, 0x05, 0x93, 0x19, 0x04, 0x00, 0x00, 0x00
.long _sym_00c04788
.byte 0x00, 0x00, 0x00, 0x00, 0x00, 0x00, 0x00, 0x00, 0x00, 0x00, 0x00, 0x00, 0x00, 0x00, 0x00, 0x00
.byte 0x00, 0x00, 0x00, 0x00, 0x01, 0x00, 0x00, 0x00
.globl _sym_00c047cc
_sym_00c047cc:
.byte 0xff, 0xff, 0xff, 0xff
.long _sym_00adf3b0
.byte 0xff, 0xff, 0xff, 0xff, 0x00, 0x00, 0x00, 0x00, 0xff, 0xff, 0xff, 0xff, 0x00, 0x00, 0x00, 0x00
.byte 0xff, 0xff, 0xff, 0xff, 0x00, 0x00, 0x00, 0x00
.globl _sym_00c047ec
_sym_00c047ec:
.byte 0x22, 0x05, 0x93, 0x19, 0x04, 0x00, 0x00, 0x00
.long _sym_00c047cc
.byte 0x00, 0x00, 0x00, 0x00, 0x00, 0x00, 0x00, 0x00, 0x00, 0x00, 0x00, 0x00, 0x00, 0x00, 0x00, 0x00
.byte 0x00, 0x00, 0x00, 0x00, 0x01, 0x00, 0x00, 0x00
.globl _sym_00c04810
_sym_00c04810:
.byte 0xff, 0xff, 0xff, 0xff
.long _sym_00adf700
.byte 0xff, 0xff, 0xff, 0xff, 0x00, 0x00, 0x00, 0x00, 0xff, 0xff, 0xff, 0xff, 0x00, 0x00, 0x00, 0x00
.byte 0xff, 0xff, 0xff, 0xff, 0x00, 0x00, 0x00, 0x00
.globl _sym_00c04830
_sym_00c04830:
.byte 0x22, 0x05, 0x93, 0x19, 0x04, 0x00, 0x00, 0x00
.long _sym_00c04810
.byte 0x00, 0x00, 0x00, 0x00, 0x00, 0x00, 0x00, 0x00, 0x00, 0x00, 0x00, 0x00, 0x00, 0x00, 0x00, 0x00
.byte 0x00, 0x00, 0x00, 0x00, 0x01, 0x00, 0x00, 0x00
.globl _sym_00c04854
_sym_00c04854:
.byte 0xff, 0xff, 0xff, 0xff
.long _sym_00adf6a0
.byte 0xff, 0xff, 0xff, 0xff, 0x00, 0x00, 0x00, 0x00, 0xff, 0xff, 0xff, 0xff, 0x00, 0x00, 0x00, 0x00
.byte 0xff, 0xff, 0xff, 0xff, 0x00, 0x00, 0x00, 0x00
.globl _sym_00c04874
_sym_00c04874:
.byte 0x22, 0x05, 0x93, 0x19, 0x04, 0x00, 0x00, 0x00
.long _sym_00c04854
.byte 0x00, 0x00, 0x00, 0x00, 0x00, 0x00, 0x00, 0x00, 0x00, 0x00, 0x00, 0x00, 0x00, 0x00, 0x00, 0x00
.byte 0x00, 0x00, 0x00, 0x00, 0x01, 0x00, 0x00, 0x00
.globl _sym_00c04898
_sym_00c04898:
.byte 0xff, 0xff, 0xff, 0xff
.long _sym_00adf790
.globl _sym_00c048a0
_sym_00c048a0:
.byte 0x22, 0x05, 0x93, 0x19, 0x01, 0x00, 0x00, 0x00
.long _sym_00c04898
.byte 0x00, 0x00, 0x00, 0x00, 0x00, 0x00, 0x00, 0x00, 0x00, 0x00, 0x00, 0x00, 0x00, 0x00, 0x00, 0x00
.byte 0x00, 0x00, 0x00, 0x00, 0x01, 0x00, 0x00, 0x00
.globl _sym_00c048c4
_sym_00c048c4:
.byte 0xff, 0xff, 0xff, 0xff
.long _sym_00adf7c0
.globl _sym_00c048cc
_sym_00c048cc:
.byte 0x22, 0x05, 0x93, 0x19, 0x01, 0x00, 0x00, 0x00
.long _sym_00c048c4
.byte 0x00, 0x00, 0x00, 0x00, 0x00, 0x00, 0x00, 0x00, 0x00, 0x00, 0x00, 0x00, 0x00, 0x00, 0x00, 0x00
.byte 0x00, 0x00, 0x00, 0x00, 0x01, 0x00, 0x00, 0x00
.globl _sym_00c048f0
_sym_00c048f0:
.byte 0xff, 0xff, 0xff, 0xff
.long _sym_00adf7f0
.globl _sym_00c048f8
_sym_00c048f8:
.byte 0x22, 0x05, 0x93, 0x19, 0x01, 0x00, 0x00, 0x00
.long _sym_00c048f0
.byte 0x00, 0x00, 0x00, 0x00, 0x00, 0x00, 0x00, 0x00, 0x00, 0x00, 0x00, 0x00, 0x00, 0x00, 0x00, 0x00
.byte 0x00, 0x00, 0x00, 0x00, 0x01, 0x00, 0x00, 0x00
.globl _sym_00c0491c
_sym_00c0491c:
.byte 0xff, 0xff, 0xff, 0xff
.long _sym_00adf820
.globl _sym_00c04924
_sym_00c04924:
.byte 0x22, 0x05, 0x93, 0x19, 0x01, 0x00, 0x00, 0x00
.long _sym_00c0491c
.byte 0x00, 0x00, 0x00, 0x00, 0x00, 0x00, 0x00, 0x00, 0x00, 0x00, 0x00, 0x00, 0x00, 0x00, 0x00, 0x00
.byte 0x00, 0x00, 0x00, 0x00, 0x01, 0x00, 0x00, 0x00
.globl _sym_00c04948
_sym_00c04948:
.byte 0xff, 0xff, 0xff, 0xff
.long _sym_00adf880
.globl _sym_00c04950
_sym_00c04950:
.byte 0x22, 0x05, 0x93, 0x19, 0x01, 0x00, 0x00, 0x00
.long _sym_00c04948
.byte 0x00, 0x00, 0x00, 0x00, 0x00, 0x00, 0x00, 0x00, 0x00, 0x00, 0x00, 0x00, 0x00, 0x00, 0x00, 0x00
.byte 0x00, 0x00, 0x00, 0x00, 0x01, 0x00, 0x00, 0x00
.globl _sym_00c04974
_sym_00c04974:
.byte 0xff, 0xff, 0xff, 0xff
.long _sym_00adf850
.globl _sym_00c0497c
_sym_00c0497c:
.byte 0x22, 0x05, 0x93, 0x19, 0x01, 0x00, 0x00, 0x00
.long _sym_00c04974
.byte 0x00, 0x00, 0x00, 0x00, 0x00, 0x00, 0x00, 0x00, 0x00, 0x00, 0x00, 0x00, 0x00, 0x00, 0x00, 0x00
.byte 0x00, 0x00, 0x00, 0x00, 0x01, 0x00, 0x00, 0x00
.globl _sym_00c049a0
_sym_00c049a0:
.byte 0xff, 0xff, 0xff, 0xff
.long _sym_00adf8b0
.globl _sym_00c049a8
_sym_00c049a8:
.byte 0x22, 0x05, 0x93, 0x19, 0x01, 0x00, 0x00, 0x00
.long _sym_00c049a0
.byte 0x00, 0x00, 0x00, 0x00, 0x00, 0x00, 0x00, 0x00, 0x00, 0x00, 0x00, 0x00, 0x00, 0x00, 0x00, 0x00
.byte 0x00, 0x00, 0x00, 0x00, 0x01, 0x00, 0x00, 0x00
.globl _sym_00c049cc
_sym_00c049cc:
.byte 0xff, 0xff, 0xff, 0xff
.long _sym_00adf8e0
.globl _sym_00c049d4
_sym_00c049d4:
.byte 0x22, 0x05, 0x93, 0x19, 0x01, 0x00, 0x00, 0x00
.long _sym_00c049cc
.byte 0x00, 0x00, 0x00, 0x00, 0x00, 0x00, 0x00, 0x00, 0x00, 0x00, 0x00, 0x00, 0x00, 0x00, 0x00, 0x00
.byte 0x00, 0x00, 0x00, 0x00, 0x01, 0x00, 0x00, 0x00
.globl _sym_00c049f8
_sym_00c049f8:
.byte 0xff, 0xff, 0xff, 0xff
.long _sym_00adf910
.byte 0x00, 0x00, 0x00, 0x00
.long _sym_00adf91b
.byte 0xff, 0xff, 0xff, 0xff
.long _sym_00adf926
.globl _sym_00c04a10
_sym_00c04a10:
.byte 0x22, 0x05, 0x93, 0x19, 0x03, 0x00, 0x00, 0x00
.long _sym_00c049f8
.byte 0x00, 0x00, 0x00, 0x00, 0x00, 0x00, 0x00, 0x00, 0x00, 0x00, 0x00, 0x00, 0x00, 0x00, 0x00, 0x00
.byte 0x00, 0x00, 0x00, 0x00, 0x01, 0x00, 0x00, 0x00
.globl _sym_00c04a34
_sym_00c04a34:
.byte 0x22, 0x05, 0x93, 0x19, 0x05, 0x00, 0x00, 0x00
.long _sym_00c04a58
.byte 0x00, 0x00, 0x00, 0x00, 0x00, 0x00, 0x00, 0x00, 0x00, 0x00, 0x00, 0x00, 0x00, 0x00, 0x00, 0x00
.byte 0x00, 0x00, 0x00, 0x00, 0x01, 0x00, 0x00, 0x00
.globl _sym_00c04a58
_sym_00c04a58:
.byte 0xff, 0xff, 0xff, 0xff
.long _sym_00adfb60
.byte 0xff, 0xff, 0xff, 0xff
.long _sym_00adfb6e
.byte 0xff, 0xff, 0xff, 0xff
.long _sym_00adfb7c
.byte 0xff, 0xff, 0xff, 0xff
.long _sym_00adfb8a
.byte 0xff, 0xff, 0xff, 0xff
.long _sym_00adfb98
.globl _sym_00c04a80
_sym_00c04a80:
.byte 0xff, 0xff, 0xff, 0xff
.long _sym_00adf970
.globl _sym_00c04a88
_sym_00c04a88:
.byte 0x22, 0x05, 0x93, 0x19, 0x01, 0x00, 0x00, 0x00
.long _sym_00c04a80
.byte 0x00, 0x00, 0x00, 0x00, 0x00, 0x00, 0x00, 0x00, 0x00, 0x00, 0x00, 0x00, 0x00, 0x00, 0x00, 0x00
.byte 0x00, 0x00, 0x00, 0x00, 0x01, 0x00, 0x00, 0x00
.globl _sym_00c04aac
_sym_00c04aac:
.byte 0xff, 0xff, 0xff, 0xff
.long _sym_00adfcc0
.globl _sym_00c04ab4
_sym_00c04ab4:
.byte 0x22, 0x05, 0x93, 0x19, 0x01, 0x00, 0x00, 0x00
.long _sym_00c04aac
.byte 0x00, 0x00, 0x00, 0x00, 0x00, 0x00, 0x00, 0x00, 0x00, 0x00, 0x00, 0x00, 0x00, 0x00, 0x00, 0x00
.byte 0x00, 0x00, 0x00, 0x00, 0x01, 0x00, 0x00, 0x00
.globl _sym_00c04ad8
_sym_00c04ad8:
.byte 0x22, 0x05, 0x93, 0x19, 0x12, 0x00, 0x00, 0x00
.long _sym_00c04afc
.byte 0x00, 0x00, 0x00, 0x00, 0x00, 0x00, 0x00, 0x00, 0x00, 0x00, 0x00, 0x00, 0x00, 0x00, 0x00, 0x00
.byte 0x00, 0x00, 0x00, 0x00, 0x01, 0x00, 0x00, 0x00
.globl _sym_00c04afc
_sym_00c04afc:
.byte 0xff, 0xff, 0xff, 0xff
.long _sym_00adfbd0
.byte 0x00, 0x00, 0x00, 0x00
.long _sym_00adfbdb
.byte 0x01, 0x00, 0x00, 0x00
.long _sym_00adfbe6
.byte 0x02, 0x00, 0x00, 0x00
.long _sym_00adfbf1
.byte 0x03, 0x00, 0x00, 0x00
.long _sym_00adfbfc
.byte 0x04, 0x00, 0x00, 0x00
.long _sym_00adfc07
.byte 0x05, 0x00, 0x00, 0x00
.long _sym_00adfc12
.byte 0x06, 0x00, 0x00, 0x00
.long _sym_00adfc1d
.byte 0x07, 0x00, 0x00, 0x00
.long _sym_00adfc28
.byte 0x08, 0x00, 0x00, 0x00
.long _sym_00adfc33
.byte 0x09, 0x00, 0x00, 0x00
.long _sym_00adfc3e
.byte 0x09, 0x00, 0x00, 0x00
.long _sym_00adfc49
.byte 0x09, 0x00, 0x00, 0x00
.long _sym_00adfc54
.byte 0x0c, 0x00, 0x00, 0x00
.long _sym_00adfc5f
.byte 0x09, 0x00, 0x00, 0x00
.long _sym_00adfc6a
.byte 0x08, 0x00, 0x00, 0x00
.long _sym_00adfc75
.byte 0x0f, 0x00, 0x00, 0x00
.long _sym_00adfc80
.byte 0x08, 0x00, 0x00, 0x00
.long _sym_00adfc8b
.globl _sym_00c04b8c
_sym_00c04b8c:
.byte 0xff, 0xff, 0xff, 0xff
.long _sym_00adfb30
.globl _sym_00c04b94
_sym_00c04b94:
.byte 0x22, 0x05, 0x93, 0x19, 0x01, 0x00, 0x00, 0x00
.long _sym_00c04b8c
.byte 0x00, 0x00, 0x00, 0x00, 0x00, 0x00, 0x00, 0x00, 0x00, 0x00, 0x00, 0x00, 0x00, 0x00, 0x00, 0x00
.byte 0x00, 0x00, 0x00, 0x00, 0x01, 0x00, 0x00, 0x00
.globl _sym_00c04bb8
_sym_00c04bb8:
.byte 0xff, 0xff, 0xff, 0xff
.long _sym_00adfa00
.byte 0x00, 0x00, 0x00, 0x00
.long _sym_00adfa0e
.globl _sym_00c04bc8
_sym_00c04bc8:
.byte 0x22, 0x05, 0x93, 0x19, 0x02, 0x00, 0x00, 0x00
.long _sym_00c04bb8
.byte 0x00, 0x00, 0x00, 0x00, 0x00, 0x00, 0x00, 0x00, 0x00, 0x00, 0x00, 0x00, 0x00, 0x00, 0x00, 0x00
.byte 0x00, 0x00, 0x00, 0x00, 0x01, 0x00, 0x00, 0x00
.globl _sym_00c04bec
_sym_00c04bec:
.byte 0xff, 0xff, 0xff, 0xff
.long _sym_00adfaf0
.byte 0x00, 0x00, 0x00, 0x00
.long _sym_00adfafe
.globl _sym_00c04bfc
_sym_00c04bfc:
.byte 0x22, 0x05, 0x93, 0x19, 0x02, 0x00, 0x00, 0x00
.long _sym_00c04bec
.byte 0x00, 0x00, 0x00, 0x00, 0x00, 0x00, 0x00, 0x00, 0x00, 0x00, 0x00, 0x00, 0x00, 0x00, 0x00, 0x00
.byte 0x00, 0x00, 0x00, 0x00, 0x01, 0x00, 0x00, 0x00
.globl _sym_00c04c20
_sym_00c04c20:
.byte 0xff, 0xff, 0xff, 0xff
.long _sym_00adfa40
.globl _sym_00c04c28
_sym_00c04c28:
.byte 0x22, 0x05, 0x93, 0x19, 0x01, 0x00, 0x00, 0x00
.long _sym_00c04c20
.byte 0x00, 0x00, 0x00, 0x00, 0x00, 0x00, 0x00, 0x00, 0x00, 0x00, 0x00, 0x00, 0x00, 0x00, 0x00, 0x00
.byte 0x00, 0x00, 0x00, 0x00, 0x01, 0x00, 0x00, 0x00
.globl _sym_00c04c4c
_sym_00c04c4c:
.byte 0xff, 0xff, 0xff, 0xff
.long _sym_00adf9d0
.globl _sym_00c04c54
_sym_00c04c54:
.byte 0x22, 0x05, 0x93, 0x19, 0x01, 0x00, 0x00, 0x00
.long _sym_00c04c4c
.byte 0x00, 0x00, 0x00, 0x00, 0x00, 0x00, 0x00, 0x00, 0x00, 0x00, 0x00, 0x00, 0x00, 0x00, 0x00, 0x00
.byte 0x00, 0x00, 0x00, 0x00, 0x01, 0x00, 0x00, 0x00
.globl _sym_00c04c78
_sym_00c04c78:
.byte 0xff, 0xff, 0xff, 0xff
.long _sym_00adfab0
.byte 0x00, 0x00, 0x00, 0x00
.long _sym_00adfab8
.byte 0xff, 0xff, 0xff, 0xff
.long _sym_00adfac3
.globl _sym_00c04c90
_sym_00c04c90:
.byte 0x22, 0x05, 0x93, 0x19, 0x03, 0x00, 0x00, 0x00
.long _sym_00c04c78
.byte 0x00, 0x00, 0x00, 0x00, 0x00, 0x00, 0x00, 0x00, 0x00, 0x00, 0x00, 0x00, 0x00, 0x00, 0x00, 0x00
.byte 0x00, 0x00, 0x00, 0x00, 0x01, 0x00, 0x00, 0x00
.globl _sym_00c04cb4
_sym_00c04cb4:
.byte 0xff, 0xff, 0xff, 0xff
.long _sym_00adf9a0
.globl _sym_00c04cbc
_sym_00c04cbc:
.byte 0x22, 0x05, 0x93, 0x19, 0x01, 0x00, 0x00, 0x00
.long _sym_00c04cb4
.byte 0x00, 0x00, 0x00, 0x00, 0x00, 0x00, 0x00, 0x00, 0x00, 0x00, 0x00, 0x00, 0x00, 0x00, 0x00, 0x00
.byte 0x00, 0x00, 0x00, 0x00, 0x01, 0x00, 0x00, 0x00
.globl _sym_00c04ce0
_sym_00c04ce0:
.byte 0xff, 0xff, 0xff, 0xff
.long _sym_00adfa70
.byte 0x00, 0x00, 0x00, 0x00
.long _sym_00adfa78
.byte 0xff, 0xff, 0xff, 0xff
.long _sym_00adfa83
.globl _sym_00c04cf8
_sym_00c04cf8:
.byte 0x22, 0x05, 0x93, 0x19, 0x03, 0x00, 0x00, 0x00
.long _sym_00c04ce0
.byte 0x00, 0x00, 0x00, 0x00, 0x00, 0x00, 0x00, 0x00, 0x00, 0x00, 0x00, 0x00, 0x00, 0x00, 0x00, 0x00
.byte 0x00, 0x00, 0x00, 0x00, 0x01, 0x00, 0x00, 0x00
.globl _sym_00c04d1c
_sym_00c04d1c:
.byte 0x40, 0x00, 0x00, 0x00, 0x00, 0x00, 0x00, 0x00, 0x00, 0x00, 0x00, 0x00
.long _sym_00a3efaf
.globl _sym_00c04d2c
_sym_00c04d2c:
.byte 0xff, 0xff, 0xff, 0xff, 0x00, 0x00, 0x00, 0x00, 0xff, 0xff, 0xff, 0xff, 0x00, 0x00, 0x00, 0x00
.globl _sym_00c04d3c
_sym_00c04d3c:
.byte 0x00, 0x00, 0x00, 0x00, 0x00, 0x00, 0x00, 0x00, 0x01, 0x00, 0x00, 0x00, 0x01, 0x00, 0x00, 0x00
.long _sym_00c04d1c
.globl _sym_00c04d50
_sym_00c04d50:
.byte 0x22, 0x05, 0x93, 0x19, 0x02, 0x00, 0x00, 0x00
.long _sym_00c04d2c
.byte 0x01, 0x00, 0x00, 0x00
.long _sym_00c04d3c
.byte 0x00, 0x00, 0x00, 0x00, 0x00, 0x00, 0x00, 0x00, 0x00, 0x00, 0x00, 0x00, 0x01, 0x00, 0x00, 0x00
.globl _sym_00c04d74
_sym_00c04d74:
.byte 0xff, 0xff, 0xff, 0xff
.long _sym_00adfcf0
.globl _sym_00c04d7c
_sym_00c04d7c:
.byte 0x22, 0x05, 0x93, 0x19, 0x01, 0x00, 0x00, 0x00
.long _sym_00c04d74
.byte 0x00, 0x00, 0x00, 0x00, 0x00, 0x00, 0x00, 0x00, 0x00, 0x00, 0x00, 0x00, 0x00, 0x00, 0x00, 0x00
.byte 0x00, 0x00, 0x00, 0x00, 0x01, 0x00, 0x00, 0x00
.globl _sym_00c04da0
_sym_00c04da0:
.byte 0xff, 0xff, 0xff, 0xff
.long _sym_00adfd20
.globl _sym_00c04da8
_sym_00c04da8:
.byte 0x22, 0x05, 0x93, 0x19, 0x01, 0x00, 0x00, 0x00
.long _sym_00c04da0
.byte 0x00, 0x00, 0x00, 0x00, 0x00, 0x00, 0x00, 0x00, 0x00, 0x00, 0x00, 0x00, 0x00, 0x00, 0x00, 0x00
.byte 0x00, 0x00, 0x00, 0x00, 0x01, 0x00, 0x00, 0x00
.globl _sym_00c04dcc
_sym_00c04dcc:
.byte 0xff, 0xff, 0xff, 0xff
.long _sym_00adfd50
.byte 0x00, 0x00, 0x00, 0x00
.long _sym_00adfd5b
.globl _sym_00c04ddc
_sym_00c04ddc:
.byte 0x22, 0x05, 0x93, 0x19, 0x02, 0x00, 0x00, 0x00
.long _sym_00c04dcc
.byte 0x00, 0x00, 0x00, 0x00, 0x00, 0x00, 0x00, 0x00, 0x00, 0x00, 0x00, 0x00, 0x00, 0x00, 0x00, 0x00
.byte 0x00, 0x00, 0x00, 0x00, 0x01, 0x00, 0x00, 0x00
.globl _sym_00c04e00
_sym_00c04e00:
.byte 0xff, 0xff, 0xff, 0xff
.long _sym_00adfd90
.globl _sym_00c04e08
_sym_00c04e08:
.byte 0x22, 0x05, 0x93, 0x19, 0x01, 0x00, 0x00, 0x00
.long _sym_00c04e00
.byte 0x00, 0x00, 0x00, 0x00, 0x00, 0x00, 0x00, 0x00, 0x00, 0x00, 0x00, 0x00, 0x00, 0x00, 0x00, 0x00
.byte 0x00, 0x00, 0x00, 0x00, 0x01, 0x00, 0x00, 0x00
.globl _sym_00c04e2c
_sym_00c04e2c:
.byte 0x00, 0x00, 0x00, 0x00
.long _sym_00949fb4
.byte 0x00, 0x00, 0x00, 0x00
.long _sym_00c04e74
.globl _sym_00c04e3c
_sym_00c04e3c:
.byte 0x00, 0x00, 0x00, 0x00
.long _sym_00c89d78
.byte 0x00, 0x00, 0x00, 0x00, 0xff, 0xff, 0xff, 0xff, 0x00, 0x00, 0x00, 0x00, 0x0c, 0x00, 0x00, 0x00
.long _sym_00949fc6
.globl _sym_00c04e58
_sym_00c04e58:
.byte 0x00, 0x00, 0x00, 0x00
.long _sym_00c89d08
.byte 0x00, 0x00, 0x00, 0x00, 0xff, 0xff, 0xff, 0xff, 0x00, 0x00, 0x00, 0x00, 0x0c, 0x00, 0x00, 0x00
.long _sym_00949fc0
.globl _sym_00c04e74
_sym_00c04e74:
.byte 0x02, 0x00, 0x00, 0x00
.long _sym_00c04e58
.long _sym_00c04e3c
.globl _sym_00c04e80
_sym_00c04e80:
.byte 0x22, 0x05, 0x93, 0x19, 0x05, 0x00, 0x00, 0x00
.long _sym_00c04ea4
.byte 0x01, 0x00, 0x00, 0x00
.long _sym_00c04ecc
.byte 0x00, 0x00, 0x00, 0x00, 0x00, 0x00, 0x00, 0x00, 0x00, 0x00, 0x00, 0x00, 0x01, 0x00, 0x00, 0x00
.globl _sym_00c04ea4
_sym_00c04ea4:
.byte 0xff, 0xff, 0xff, 0xff
.long _sym_00adfdc0
.byte 0xff, 0xff, 0xff, 0xff
.long _sym_00adfdc8
.byte 0x01, 0x00, 0x00, 0x00
.long _sym_00adfdd0
.byte 0x01, 0x00, 0x00, 0x00, 0x00, 0x00, 0x00, 0x00, 0x01, 0x00, 0x00, 0x00, 0x00, 0x00, 0x00, 0x00
.globl _sym_00c04ecc
_sym_00c04ecc:
.byte 0x03, 0x00, 0x00, 0x00, 0x03, 0x00, 0x00, 0x00, 0x04, 0x00, 0x00, 0x00, 0x01, 0x00, 0x00, 0x00
.long _sym_00c04ee0
.globl _sym_00c04ee0
_sym_00c04ee0:
.byte 0x40, 0x00, 0x00, 0x00, 0x00, 0x00, 0x00, 0x00, 0x00, 0x00, 0x00, 0x00
.long _sym_00405939
.globl _sym_00c04ef0
_sym_00c04ef0:
.byte 0x22, 0x05, 0x93, 0x19, 0x04, 0x00, 0x00, 0x00
.long _sym_00c04f14
.byte 0x01, 0x00, 0x00, 0x00
.long _sym_00c04f34
.byte 0x00, 0x00, 0x00, 0x00, 0x00, 0x00, 0x00, 0x00, 0x00, 0x00, 0x00, 0x00, 0x01, 0x00, 0x00, 0x00
.globl _sym_00c04f14
_sym_00c04f14:
.byte 0xff, 0xff, 0xff, 0xff
.long _sym_00adfe00
.byte 0xff, 0xff, 0xff, 0xff
.long _sym_00adfe08
.byte 0x01, 0x00, 0x00, 0x00, 0x00, 0x00, 0x00, 0x00, 0x01, 0x00, 0x00, 0x00, 0x00, 0x00, 0x00, 0x00
.globl _sym_00c04f34
_sym_00c04f34:
.byte 0x02, 0x00, 0x00, 0x00, 0x02, 0x00, 0x00, 0x00, 0x03, 0x00, 0x00, 0x00, 0x01, 0x00, 0x00, 0x00
.long _sym_00c04f48
.globl _sym_00c04f48
_sym_00c04f48:
.byte 0x40, 0x00, 0x00, 0x00, 0x00, 0x00, 0x00, 0x00, 0x00, 0x00, 0x00, 0x00
.long _sym_0040503e
.globl _sym_00c04f58
_sym_00c04f58:
.byte 0x22, 0x05, 0x93, 0x19, 0x04, 0x00, 0x00, 0x00
.long _sym_00c04f7c
.byte 0x01, 0x00, 0x00, 0x00
.long _sym_00c04f9c
.byte 0x00, 0x00, 0x00, 0x00, 0x00, 0x00, 0x00, 0x00, 0x00, 0x00, 0x00, 0x00, 0x01, 0x00, 0x00, 0x00
.globl _sym_00c04f7c
_sym_00c04f7c:
.byte 0xff, 0xff, 0xff, 0xff
.long _sym_00adfe60
.byte 0xff, 0xff, 0xff, 0xff
.long _sym_00adfe68
.byte 0x01, 0x00, 0x00, 0x00, 0x00, 0x00, 0x00, 0x00, 0x01, 0x00, 0x00, 0x00, 0x00, 0x00, 0x00, 0x00
.globl _sym_00c04f9c
_sym_00c04f9c:
.byte 0x02, 0x00, 0x00, 0x00, 0x02, 0x00, 0x00, 0x00, 0x03, 0x00, 0x00, 0x00, 0x01, 0x00, 0x00, 0x00
.long _sym_00c04fb0
.globl _sym_00c04fb0
_sym_00c04fb0:
.byte 0x40, 0x00, 0x00, 0x00, 0x00, 0x00, 0x00, 0x00, 0x00, 0x00, 0x00, 0x00
.long _sym_00404e52
.globl _sym_00c04fc0
_sym_00c04fc0:
.byte 0x22, 0x05, 0x93, 0x19, 0x04, 0x00, 0x00, 0x00
.long _sym_00c04fe4
.byte 0x01, 0x00, 0x00, 0x00
.long _sym_00c05004
.byte 0x00, 0x00, 0x00, 0x00, 0x00, 0x00, 0x00, 0x00, 0x00, 0x00, 0x00, 0x00, 0x01, 0x00, 0x00, 0x00
.globl _sym_00c04fe4
_sym_00c04fe4:
.byte 0xff, 0xff, 0xff, 0xff
.long _sym_00adfe30
.byte 0xff, 0xff, 0xff, 0xff
.long _sym_00adfe38
.byte 0x01, 0x00, 0x00, 0x00, 0x00, 0x00, 0x00, 0x00, 0x01, 0x00, 0x00, 0x00, 0x00, 0x00, 0x00, 0x00
.globl _sym_00c05004
_sym_00c05004:
.byte 0x02, 0x00, 0x00, 0x00, 0x02, 0x00, 0x00, 0x00, 0x03, 0x00, 0x00, 0x00, 0x01, 0x00, 0x00, 0x00
.long _sym_00c05018
.globl _sym_00c05018
_sym_00c05018:
.byte 0x40, 0x00, 0x00, 0x00, 0x00, 0x00, 0x00, 0x00, 0x00, 0x00, 0x00, 0x00
.long _sym_00404c01
.globl _sym_00c05028
_sym_00c05028:
.byte 0x22, 0x05, 0x93, 0x19, 0x01, 0x00, 0x00, 0x00
.long _sym_00c0504c
.byte 0x00, 0x00, 0x00, 0x00, 0x00, 0x00, 0x00, 0x00, 0x00, 0x00, 0x00, 0x00, 0x00, 0x00, 0x00, 0x00
.byte 0x00, 0x00, 0x00, 0x00, 0x01, 0x00, 0x00, 0x00
.globl _sym_00c0504c
_sym_00c0504c:
.byte 0xff, 0xff, 0xff, 0xff
.long _sym_00adfe90
.globl _sym_00c05054
_sym_00c05054:
.byte 0x22, 0x05, 0x93, 0x19, 0x04, 0x00, 0x00, 0x00
.long _sym_00c05078
.byte 0x02, 0x00, 0x00, 0x00
.long _sym_00c05098
.byte 0x00, 0x00, 0x00, 0x00, 0x00, 0x00, 0x00, 0x00, 0x00, 0x00, 0x00, 0x00, 0x01, 0x00, 0x00, 0x00
.globl _sym_00c05078
_sym_00c05078:
.byte 0xff, 0xff, 0xff, 0xff, 0x00, 0x00, 0x00, 0x00, 0xff, 0xff, 0xff, 0xff, 0x00, 0x00, 0x00, 0x00
.byte 0x01, 0x00, 0x00, 0x00, 0x00, 0x00, 0x00, 0x00, 0x01, 0x00, 0x00, 0x00, 0x00, 0x00, 0x00, 0x00
.globl _sym_00c05098
_sym_00c05098:
.byte 0x02, 0x00, 0x00, 0x00, 0x02, 0x00, 0x00, 0x00, 0x03, 0x00, 0x00, 0x00, 0x01, 0x00, 0x00, 0x00
.long _sym_00c050c0
.byte 0x00, 0x00, 0x00, 0x00, 0x00, 0x00, 0x00, 0x00, 0x03, 0x00, 0x00, 0x00, 0x01, 0x00, 0x00, 0x00
.long _sym_00c050d0
.globl _sym_00c050c0
_sym_00c050c0:
.byte 0x40, 0x00, 0x00, 0x00, 0x00, 0x00, 0x00, 0x00, 0x00, 0x00, 0x00, 0x00
.long _sym_00404813
.globl _sym_00c050d0
_sym_00c050d0:
.byte 0x40, 0x00, 0x00, 0x00, 0x00, 0x00, 0x00, 0x00, 0x00, 0x00, 0x00, 0x00
.long _sym_004047d6
.globl _sym_00c050e0
_sym_00c050e0:
.byte 0x22, 0x05, 0x93, 0x19, 0x01, 0x00, 0x00, 0x00
.long _sym_00c05104
.byte 0x00, 0x00, 0x00, 0x00, 0x00, 0x00, 0x00, 0x00, 0x00, 0x00, 0x00, 0x00, 0x00, 0x00, 0x00, 0x00
.byte 0x00, 0x00, 0x00, 0x00, 0x01, 0x00, 0x00, 0x00
.globl _sym_00c05104
_sym_00c05104:
.byte 0xff, 0xff, 0xff, 0xff
.long _sym_00ae0040
.globl _sym_00c0510c
_sym_00c0510c:
.byte 0x22, 0x05, 0x93, 0x19, 0x01, 0x00, 0x00, 0x00
.long _sym_00c05130
.byte 0x00, 0x00, 0x00, 0x00, 0x00, 0x00, 0x00, 0x00, 0x00, 0x00, 0x00, 0x00, 0x00, 0x00, 0x00, 0x00
.byte 0x00, 0x00, 0x00, 0x00, 0x01, 0x00, 0x00, 0x00
.globl _sym_00c05130
_sym_00c05130:
.byte 0xff, 0xff, 0xff, 0xff
.long _sym_00adff60
.globl _sym_00c05138
_sym_00c05138:
.byte 0x22, 0x05, 0x93, 0x19, 0x01, 0x00, 0x00, 0x00
.long _sym_00c0515c
.byte 0x00, 0x00, 0x00, 0x00, 0x00, 0x00, 0x00, 0x00, 0x00, 0x00, 0x00, 0x00, 0x00, 0x00, 0x00, 0x00
.byte 0x00, 0x00, 0x00, 0x00, 0x01, 0x00, 0x00, 0x00
.globl _sym_00c0515c
_sym_00c0515c:
.byte 0xff, 0xff, 0xff, 0xff
.long _sym_00adff90
.globl _sym_00c05164
_sym_00c05164:
.byte 0x22, 0x05, 0x93, 0x19, 0x03, 0x00, 0x00, 0x00
.long _sym_00c05188
.byte 0x00, 0x00, 0x00, 0x00, 0x00, 0x00, 0x00, 0x00, 0x00, 0x00, 0x00, 0x00, 0x00, 0x00, 0x00, 0x00
.byte 0x00, 0x00, 0x00, 0x00, 0x01, 0x00, 0x00, 0x00
.globl _sym_00c05188
_sym_00c05188:
.byte 0xff, 0xff, 0xff, 0xff
.long _sym_00adff10
.byte 0x00, 0x00, 0x00, 0x00
.long _sym_00adff2d
.byte 0x01, 0x00, 0x00, 0x00
.long _sym_00adff39
.globl _sym_00c051a0
_sym_00c051a0:
.byte 0x22, 0x05, 0x93, 0x19, 0x03, 0x00, 0x00, 0x00
.long _sym_00c051c4
.byte 0x00, 0x00, 0x00, 0x00, 0x00, 0x00, 0x00, 0x00, 0x00, 0x00, 0x00, 0x00, 0x00, 0x00, 0x00, 0x00
.byte 0x00, 0x00, 0x00, 0x00, 0x01, 0x00, 0x00, 0x00
.globl _sym_00c051c4
_sym_00c051c4:
.byte 0xff, 0xff, 0xff, 0xff
.long _sym_00adfec0
.byte 0x00, 0x00, 0x00, 0x00
.long _sym_00adfedd
.byte 0x01, 0x00, 0x00, 0x00
.long _sym_00adfee9
.globl _sym_00c051dc
_sym_00c051dc:
.byte 0x22, 0x05, 0x93, 0x19, 0x03, 0x00, 0x00, 0x00
.long _sym_00c05200
.byte 0x00, 0x00, 0x00, 0x00, 0x00, 0x00, 0x00, 0x00, 0x00, 0x00, 0x00, 0x00, 0x00, 0x00, 0x00, 0x00
.byte 0x00, 0x00, 0x00, 0x00, 0x01, 0x00, 0x00, 0x00
.globl _sym_00c05200
_sym_00c05200:
.byte 0xff, 0xff, 0xff, 0xff
.long _sym_00adffc0
.byte 0x00, 0x00, 0x00, 0x00
.long _sym_00adffdd
.byte 0x01, 0x00, 0x00, 0x00
.long _sym_00adffe9
.globl _sym_00c05218
_sym_00c05218:
.byte 0x22, 0x05, 0x93, 0x19, 0x01, 0x00, 0x00, 0x00
.long _sym_00c0523c
.byte 0x00, 0x00, 0x00, 0x00, 0x00, 0x00, 0x00, 0x00, 0x00, 0x00, 0x00, 0x00, 0x00, 0x00, 0x00, 0x00
.byte 0x00, 0x00, 0x00, 0x00, 0x01, 0x00, 0x00, 0x00
.globl _sym_00c0523c
_sym_00c0523c:
.byte 0xff, 0xff, 0xff, 0xff
.long _sym_00ae0010
.globl _sym_00c05244
_sym_00c05244:
.byte 0x22, 0x05, 0x93, 0x19, 0x04, 0x00, 0x00, 0x00
.long _sym_00c05268
.byte 0x00, 0x00, 0x00, 0x00, 0x00, 0x00, 0x00, 0x00, 0x00, 0x00, 0x00, 0x00, 0x00, 0x00, 0x00, 0x00
.byte 0x00, 0x00, 0x00, 0x00, 0x01, 0x00, 0x00, 0x00
.globl _sym_00c05268
_sym_00c05268:
.byte 0xff, 0xff, 0xff, 0xff
.long _sym_00ae00d0
.byte 0x00, 0x00, 0x00, 0x00
.long _sym_00ae00db
.byte 0x00, 0x00, 0x00, 0x00
.long _sym_00ae00e3
.byte 0x00, 0x00, 0x00, 0x00
.long _sym_00ae00eb
.globl _sym_00c05288
_sym_00c05288:
.byte 0x22, 0x05, 0x93, 0x19, 0x05, 0x00, 0x00, 0x00
.long _sym_00c052ac
.byte 0x00, 0x00, 0x00, 0x00, 0x00, 0x00, 0x00, 0x00, 0x00, 0x00, 0x00, 0x00, 0x00, 0x00, 0x00, 0x00
.byte 0x00, 0x00, 0x00, 0x00, 0x01, 0x00, 0x00, 0x00
.globl _sym_00c052ac
_sym_00c052ac:
.byte 0xff, 0xff, 0xff, 0xff
.long _sym_00ae0070
.byte 0x00, 0x00, 0x00, 0x00
.long _sym_00ae0078
.byte 0x01, 0x00, 0x00, 0x00
.long _sym_00ae0083
.byte 0x02, 0x00, 0x00, 0x00
.long _sym_00ae008e
.byte 0x03, 0x00, 0x00, 0x00
.long _sym_00ae0099
.globl _sym_00c052d4
_sym_00c052d4:
.byte 0x22, 0x05, 0x93, 0x19, 0x02, 0x00, 0x00, 0x00
.long _sym_00c052f8
.byte 0x00, 0x00, 0x00, 0x00, 0x00, 0x00, 0x00, 0x00, 0x00, 0x00, 0x00, 0x00, 0x00, 0x00, 0x00, 0x00
.byte 0x00, 0x00, 0x00, 0x00, 0x01, 0x00, 0x00, 0x00
.globl _sym_00c052f8
_sym_00c052f8:
.byte 0xff, 0xff, 0xff, 0xff
.long _sym_00ae0130
.byte 0x00, 0x00, 0x00, 0x00
.long _sym_00ae0138
.globl _sym_00c05308
_sym_00c05308:
.byte 0x22, 0x05, 0x93, 0x19, 0x01, 0x00, 0x00, 0x00
.long _sym_00c0532c
.byte 0x00, 0x00, 0x00, 0x00, 0x00, 0x00, 0x00, 0x00, 0x00, 0x00, 0x00, 0x00, 0x00, 0x00, 0x00, 0x00
.byte 0x00, 0x00, 0x00, 0x00, 0x01, 0x00, 0x00, 0x00
.globl _sym_00c0532c
_sym_00c0532c:
.byte 0xff, 0xff, 0xff, 0xff
.long _sym_00ae0190
.globl _sym_00c05334
_sym_00c05334:
.byte 0x22, 0x05, 0x93, 0x19, 0x01, 0x00, 0x00, 0x00
.long _sym_00c05358
.byte 0x00, 0x00, 0x00, 0x00, 0x00, 0x00, 0x00, 0x00, 0x00, 0x00, 0x00, 0x00, 0x00, 0x00, 0x00, 0x00
.byte 0x00, 0x00, 0x00, 0x00, 0x01, 0x00, 0x00, 0x00
.globl _sym_00c05358
_sym_00c05358:
.byte 0xff, 0xff, 0xff, 0xff
.long _sym_00ae01c0
.globl _sym_00c05360
_sym_00c05360:
.byte 0x22, 0x05, 0x93, 0x19, 0x01, 0x00, 0x00, 0x00
.long _sym_00c05384
.byte 0x00, 0x00, 0x00, 0x00, 0x00, 0x00, 0x00, 0x00, 0x00, 0x00, 0x00, 0x00, 0x00, 0x00, 0x00, 0x00
.byte 0x00, 0x00, 0x00, 0x00, 0x01, 0x00, 0x00, 0x00
.globl _sym_00c05384
_sym_00c05384:
.byte 0xff, 0xff, 0xff, 0xff
.long _sym_00ae0290
.globl _sym_00c0538c
_sym_00c0538c:
.byte 0x22, 0x05, 0x93, 0x19, 0x01, 0x00, 0x00, 0x00
.long _sym_00c053b0
.byte 0x00, 0x00, 0x00, 0x00, 0x00, 0x00, 0x00, 0x00, 0x00, 0x00, 0x00, 0x00, 0x00, 0x00, 0x00, 0x00
.byte 0x00, 0x00, 0x00, 0x00, 0x01, 0x00, 0x00, 0x00
.globl _sym_00c053b0
_sym_00c053b0:
.byte 0xff, 0xff, 0xff, 0xff
.long _sym_00ae0220
.globl _sym_00c053b8
_sym_00c053b8:
.byte 0x22, 0x05, 0x93, 0x19, 0x01, 0x00, 0x00, 0x00
.long _sym_00c053dc
.byte 0x00, 0x00, 0x00, 0x00, 0x00, 0x00, 0x00, 0x00, 0x00, 0x00, 0x00, 0x00, 0x00, 0x00, 0x00, 0x00
.byte 0x00, 0x00, 0x00, 0x00, 0x01, 0x00, 0x00, 0x00
.globl _sym_00c053dc
_sym_00c053dc:
.byte 0xff, 0xff, 0xff, 0xff
.long _sym_00ae02c0
.globl _sym_00c053e4
_sym_00c053e4:
.byte 0x22, 0x05, 0x93, 0x19, 0x01, 0x00, 0x00, 0x00
.long _sym_00c05408
.byte 0x00, 0x00, 0x00, 0x00, 0x00, 0x00, 0x00, 0x00, 0x00, 0x00, 0x00, 0x00, 0x00, 0x00, 0x00, 0x00
.byte 0x00, 0x00, 0x00, 0x00, 0x01, 0x00, 0x00, 0x00
.globl _sym_00c05408
_sym_00c05408:
.byte 0xff, 0xff, 0xff, 0xff
.long _sym_00ae0380
.globl _sym_00c05410
_sym_00c05410:
.byte 0x22, 0x05, 0x93, 0x19, 0x02, 0x00, 0x00, 0x00
.long _sym_00c05434
.byte 0x00, 0x00, 0x00, 0x00, 0x00, 0x00, 0x00, 0x00, 0x00, 0x00, 0x00, 0x00, 0x00, 0x00, 0x00, 0x00
.byte 0x00, 0x00, 0x00, 0x00, 0x01, 0x00, 0x00, 0x00
.globl _sym_00c05434
_sym_00c05434:
.byte 0xff, 0xff, 0xff, 0xff
.long _sym_00ae0250
.byte 0x00, 0x00, 0x00, 0x00
.long _sym_00ae025b
.globl _sym_00c05444
_sym_00c05444:
.byte 0x22, 0x05, 0x93, 0x19, 0x01, 0x00, 0x00, 0x00
.long _sym_00c05468
.byte 0x00, 0x00, 0x00, 0x00, 0x00, 0x00, 0x00, 0x00, 0x00, 0x00, 0x00, 0x00, 0x00, 0x00, 0x00, 0x00
.byte 0x00, 0x00, 0x00, 0x00, 0x01, 0x00, 0x00, 0x00
.globl _sym_00c05468
_sym_00c05468:
.byte 0xff, 0xff, 0xff, 0xff
.long _sym_00ae0320
.globl _sym_00c05470
_sym_00c05470:
.byte 0x22, 0x05, 0x93, 0x19, 0x01, 0x00, 0x00, 0x00
.long _sym_00c05494
.byte 0x00, 0x00, 0x00, 0x00, 0x00, 0x00, 0x00, 0x00, 0x00, 0x00, 0x00, 0x00, 0x00, 0x00, 0x00, 0x00
.byte 0x00, 0x00, 0x00, 0x00, 0x01, 0x00, 0x00, 0x00
.globl _sym_00c05494
_sym_00c05494:
.byte 0xff, 0xff, 0xff, 0xff
.long _sym_00ae02f0
.globl _sym_00c0549c
_sym_00c0549c:
.byte 0x22, 0x05, 0x93, 0x19, 0x01, 0x00, 0x00, 0x00
.long _sym_00c054c0
.byte 0x00, 0x00, 0x00, 0x00, 0x00, 0x00, 0x00, 0x00, 0x00, 0x00, 0x00, 0x00, 0x00, 0x00, 0x00, 0x00
.byte 0x00, 0x00, 0x00, 0x00, 0x01, 0x00, 0x00, 0x00
.globl _sym_00c054c0
_sym_00c054c0:
.byte 0xff, 0xff, 0xff, 0xff
.long _sym_00ae0350
.globl _sym_00c054c8
_sym_00c054c8:
.byte 0x22, 0x05, 0x93, 0x19, 0x01, 0x00, 0x00, 0x00
.long _sym_00c054ec
.byte 0x00, 0x00, 0x00, 0x00, 0x00, 0x00, 0x00, 0x00, 0x00, 0x00, 0x00, 0x00, 0x00, 0x00, 0x00, 0x00
.byte 0x00, 0x00, 0x00, 0x00, 0x01, 0x00, 0x00, 0x00
.globl _sym_00c054ec
_sym_00c054ec:
.byte 0xff, 0xff, 0xff, 0xff
.long _sym_00ae01f0
.byte 0x00, 0x00, 0x00, 0x00, 0x00, 0x00, 0x00, 0x00, 0xd4, 0x5d, 0x80, 0x00, 0x00, 0x00, 0x00, 0x00
.byte 0x00, 0x00, 0x00, 0x00, 0x52, 0x63, 0x80, 0x00, 0x34, 0xc7, 0x70, 0x00, 0x1c, 0x5e, 0x80, 0x00
.byte 0x00, 0x00, 0x00, 0x00, 0x00, 0x00, 0x00, 0x00, 0x96, 0x67, 0x80, 0x00, 0x7c, 0xc7, 0x70, 0x00
.byte 0xcc, 0x5d, 0x80, 0x00, 0x00, 0x00, 0x00, 0x00, 0x00, 0x00, 0x00, 0x00, 0xb6, 0x67, 0x80, 0x00
.byte 0x2c, 0xc7, 0x70, 0x00, 0x38, 0x5f, 0x80, 0x00, 0x00, 0x00, 0x00, 0x00, 0x00, 0x00, 0x00, 0x00
.byte 0x86, 0x68, 0x80, 0x00, 0x98, 0xc8, 0x70, 0x00, 0xd0, 0x56, 0x80, 0x00, 0x00, 0x00, 0x00, 0x00
.byte 0x00, 0x00, 0x00, 0x00, 0xe6, 0x6f, 0x80, 0x00, 0x30, 0xc0, 0x70, 0x00, 0xec, 0x5c, 0x80, 0x00
.byte 0x00, 0x00, 0x00, 0x00, 0x00, 0x00, 0x00, 0x00, 0xbc, 0x72, 0x80, 0x00, 0x4c, 0xc6, 0x70, 0x00
.byte 0xa0, 0x56, 0x80, 0x00, 0x00, 0x00, 0x00, 0x00, 0x00, 0x00, 0x00, 0x00, 0x50, 0x73, 0x80, 0x00
.byte 0x00, 0xc0, 0x70, 0x00, 0xc8, 0x5c, 0x80, 0x00, 0x00, 0x00, 0x00, 0x00, 0x00, 0x00, 0x00, 0x00
.byte 0x98, 0x73, 0x80, 0x00, 0x28, 0xc6, 0x70, 0x00, 0x24, 0x5f, 0x80, 0x00, 0x00, 0x00, 0x00, 0x00
.byte 0x00, 0x00, 0x00, 0x00, 0xee, 0x73, 0x80, 0x00, 0x84, 0xc8, 0x70, 0x00, 0xb8, 0x5c, 0x80, 0x00
.byte 0x00, 0x00, 0x00, 0x00, 0x00, 0x00, 0x00, 0x00, 0xf8, 0x73, 0x80, 0x00, 0x18, 0xc6, 0x70, 0x00
.byte 0xc4, 0x59, 0x80, 0x00, 0x00, 0x00, 0x00, 0x00, 0x00, 0x00, 0x00, 0x00, 0x3a, 0x78, 0x80, 0x00
.byte 0x24, 0xc3, 0x70, 0x00, 0x94, 0x58, 0x80, 0x00, 0x00, 0x00, 0x00, 0x00, 0x00, 0x00, 0x00, 0x00
.byte 0x0a, 0x8b, 0x80, 0x00, 0xf4, 0xc1, 0x70, 0x00, 0xc0, 0x56, 0x80, 0x00, 0x00, 0x00, 0x00, 0x00
.byte 0x00, 0x00, 0x00, 0x00, 0x2e, 0x8b, 0x80, 0x00, 0x20, 0xc0, 0x70, 0x00, 0xd8, 0x5c, 0x80, 0x00
.byte 0x00, 0x00, 0x00, 0x00, 0x00, 0x00, 0x00, 0x00, 0x86, 0x8b, 0x80, 0x00, 0x38, 0xc6, 0x70, 0x00
.byte 0xa4, 0x5d, 0x80, 0x00, 0x00, 0x00, 0x00, 0x00, 0x00, 0x00, 0x00, 0x00, 0xc2, 0x8b, 0x80, 0x00
.byte 0x04, 0xc7, 0x70, 0x00, 0xc0, 0x5d, 0x80, 0x00, 0x00, 0x00, 0x00, 0x00, 0x00, 0x00, 0x00, 0x00
.byte 0x00, 0x8c, 0x80, 0x00, 0x20, 0xc7, 0x70, 0x00, 0xc8, 0x56, 0x80, 0x00, 0x00, 0x00, 0x00, 0x00
.byte 0x00, 0x00, 0x00, 0x00, 0x20, 0x8c, 0x80, 0x00, 0x28, 0xc0, 0x70, 0x00, 0xb4, 0x5d, 0x80, 0x00
.byte 0x00, 0x00, 0x00, 0x00, 0x00, 0x00, 0x00, 0x00, 0x4e, 0x8c, 0x80, 0x00, 0x14, 0xc7, 0x70, 0x00
.byte 0x94, 0x5d, 0x80, 0x00, 0x00, 0x00, 0x00, 0x00, 0x00, 0x00, 0x00, 0x00, 0xa0, 0x8c, 0x80, 0x00
.byte 0xf4, 0xc6, 0x70, 0x00, 0x7c, 0x5e, 0x80, 0x00, 0x00, 0x00, 0x00, 0x00, 0x00, 0x00, 0x00, 0x00
.byte 0x10, 0x97, 0x80, 0x00, 0xdc, 0xc7, 0x70, 0x00, 0x00, 0x00, 0x00, 0x00, 0x00, 0x00, 0x00, 0x00
.byte 0x00, 0x00, 0x00, 0x00, 0x00, 0x00, 0x00, 0x00, 0x00, 0x00, 0x00, 0x00, 0x40, 0x73, 0x80, 0x00
.byte 0x2c, 0x73, 0x80, 0x00, 0x1c, 0x73, 0x80, 0x00, 0x0a, 0x73, 0x80, 0x00, 0xf6, 0x72, 0x80, 0x00
.byte 0xe0, 0x72, 0x80, 0x00, 0xc8, 0x72, 0x80, 0x00, 0x00, 0x00, 0x00, 0x00, 0x18, 0x8b, 0x80, 0x00
.byte 0x00, 0x00, 0x00, 0x00, 0x0a, 0x8c, 0x80, 0x00, 0x00, 0x00, 0x00, 0x00, 0xc6, 0x6c, 0x80, 0x00
.byte 0x02, 0x8e, 0x80, 0x00, 0x12, 0x8e, 0x80, 0x00, 0x22, 0x8e, 0x80, 0x00, 0x3e, 0x8e, 0x80, 0x00
.byte 0x58, 0x8e, 0x80, 0x00, 0x6a, 0x8e, 0x80, 0x00, 0x88, 0x8e, 0x80, 0x00, 0x96, 0x8e, 0x80, 0x00
.byte 0xa2, 0x8e, 0x80, 0x00, 0xb0, 0x8e, 0x80, 0x00, 0xbc, 0x8e, 0x80, 0x00, 0xc8, 0x8e, 0x80, 0x00
.byte 0xda, 0x8e, 0x80, 0x00, 0xf2, 0x8e, 0x80, 0x00, 0x0a, 0x8f, 0x80, 0x00, 0xd4, 0x6f, 0x80, 0x00
.byte 0xbc, 0x6f, 0x80, 0x00, 0xac, 0x6f, 0x80, 0x00, 0x9c, 0x6f, 0x80, 0x00, 0x84, 0x6f, 0x80, 0x00
.byte 0x6a, 0x6f, 0x80, 0x00, 0x52, 0x6f, 0x80, 0x00, 0x30, 0x6f, 0x80, 0x00, 0x22, 0x6f, 0x80, 0x00
.byte 0x12, 0x6f, 0x80, 0x00, 0x04, 0x6f, 0x80, 0x00, 0xf4, 0x6e, 0x80, 0x00, 0xe4, 0x6e, 0x80, 0x00
.byte 0xd4, 0x6e, 0x80, 0x00, 0xca, 0x6e, 0x80, 0x00, 0xba, 0x6e, 0x80, 0x00, 0xa6, 0x6e, 0x80, 0x00
.byte 0x96, 0x6e, 0x80, 0x00, 0x82, 0x6e, 0x80, 0x00, 0x94, 0x68, 0x80, 0x00, 0xa4, 0x68, 0x80, 0x00
.byte 0xba, 0x68, 0x80, 0x00, 0xd8, 0x68, 0x80, 0x00, 0xf6, 0x68, 0x80, 0x00, 0x06, 0x69, 0x80, 0x00
.byte 0x20, 0x69, 0x80, 0x00, 0x38, 0x69, 0x80, 0x00, 0x50, 0x69, 0x80, 0x00, 0x5e, 0x69, 0x80, 0x00
.byte 0x70, 0x69, 0x80, 0x00, 0x8a, 0x69, 0x80, 0x00, 0xa6, 0x69, 0x80, 0x00, 0xb2, 0x69, 0x80, 0x00
.byte 0xc0, 0x69, 0x80, 0x00, 0xd4, 0x69, 0x80, 0x00, 0xea, 0x69, 0x80, 0x00, 0xfa, 0x69, 0x80, 0x00
.byte 0x02, 0x6a, 0x80, 0x00, 0x12, 0x6a, 0x80, 0x00, 0x28, 0x6a, 0x80, 0x00, 0x3c, 0x6a, 0x80, 0x00
.byte 0x50, 0x6a, 0x80, 0x00, 0x64, 0x6a, 0x80, 0x00, 0x76, 0x6a, 0x80, 0x00, 0x8a, 0x6a, 0x80, 0x00
.byte 0x98, 0x6a, 0x80, 0x00, 0xaa, 0x6a, 0x80, 0x00, 0xc4, 0x6a, 0x80, 0x00, 0xe2, 0x6a, 0x80, 0x00
.byte 0xf6, 0x6a, 0x80, 0x00, 0x04, 0x6b, 0x80, 0x00, 0x12, 0x6b, 0x80, 0x00, 0x22, 0x6b, 0x80, 0x00
.byte 0x2e, 0x6b, 0x80, 0x00, 0x3e, 0x6b, 0x80, 0x00, 0x50, 0x6b, 0x80, 0x00, 0x5c, 0x6b, 0x80, 0x00
.byte 0x78, 0x6b, 0x80, 0x00, 0x90, 0x6b, 0x80, 0x00, 0xa8, 0x6b, 0x80, 0x00, 0xc0, 0x6b, 0x80, 0x00
.byte 0xd8, 0x6b, 0x80, 0x00, 0xf0, 0x6b, 0x80, 0x00, 0x08, 0x6c, 0x80, 0x00, 0x1c, 0x6c, 0x80, 0x00
.byte 0x2c, 0x6c, 0x80, 0x00, 0x3c, 0x6c, 0x80, 0x00, 0x4e, 0x6c, 0x80, 0x00, 0x5e, 0x6c, 0x80, 0x00
.byte 0x72, 0x6e, 0x80, 0x00, 0x84, 0x6c, 0x80, 0x00, 0x92, 0x6c, 0x80, 0x00, 0xa8, 0x6c, 0x80, 0x00
.byte 0x70, 0x6c, 0x80, 0x00, 0xd6, 0x6c, 0x80, 0x00, 0xe6, 0x6c, 0x80, 0x00, 0xfa, 0x6c, 0x80, 0x00
.byte 0x0a, 0x6d, 0x80, 0x00, 0x20, 0x6d, 0x80, 0x00, 0x2c, 0x6d, 0x80, 0x00, 0x46, 0x6d, 0x80, 0x00
.byte 0x5c, 0x6d, 0x80, 0x00, 0x6e, 0x6d, 0x80, 0x00, 0x84, 0x6d, 0x80, 0x00, 0x94, 0x6d, 0x80, 0x00
.byte 0xa4, 0x6d, 0x80, 0x00, 0xba, 0x6d, 0x80, 0x00, 0xc8, 0x6d, 0x80, 0x00, 0xda, 0x6d, 0x80, 0x00
.byte 0xf0, 0x6d, 0x80, 0x00, 0xfe, 0x6d, 0x80, 0x00, 0x10, 0x6e, 0x80, 0x00, 0x20, 0x6e, 0x80, 0x00
.byte 0x34, 0x6e, 0x80, 0x00, 0x4e, 0x6e, 0x80, 0x00, 0x5e, 0x6e, 0x80, 0x00, 0x00, 0x00, 0x00, 0x00
.byte 0x2a, 0x85, 0x80, 0x00, 0x34, 0x7b, 0x80, 0x00, 0x4e, 0x7b, 0x80, 0x00, 0x98, 0x7b, 0x80, 0x00
.byte 0xd2, 0x7b, 0x80, 0x00, 0x0a, 0x7c, 0x80, 0x00, 0x20, 0x7c, 0x80, 0x00, 0x44, 0x7c, 0x80, 0x00
.byte 0x66, 0x7c, 0x80, 0x00, 0x9a, 0x7c, 0x80, 0x00, 0xd2, 0x7c, 0x80, 0x00, 0x0a, 0x7d, 0x80, 0x00
.byte 0x50, 0x7d, 0x80, 0x00, 0x8e, 0x7d, 0x80, 0x00, 0xf2, 0x7d, 0x80, 0x00, 0x2e, 0x7e, 0x80, 0x00
.byte 0x98, 0x7e, 0x80, 0x00, 0xd8, 0x7e, 0x80, 0x00, 0x42, 0x7f, 0x80, 0x00, 0x78, 0x7f, 0x80, 0x00
.byte 0xb0, 0x7f, 0x80, 0x00, 0x1a, 0x7b, 0x80, 0x00, 0xfe, 0x7a, 0x80, 0x00, 0xd2, 0x7a, 0x80, 0x00
.byte 0xb2, 0x7a, 0x80, 0x00, 0x92, 0x7a, 0x80, 0x00, 0x72, 0x7a, 0x80, 0x00, 0xf2, 0x7f, 0x80, 0x00
.byte 0x36, 0x80, 0x80, 0x00, 0x78, 0x80, 0x80, 0x00, 0xb8, 0x80, 0x80, 0x00, 0xfa, 0x80, 0x80, 0x00
.byte 0x3e, 0x81, 0x80, 0x00, 0x7e, 0x81, 0x80, 0x00, 0xc0, 0x81, 0x80, 0x00, 0x00, 0x82, 0x80, 0x00
.byte 0x42, 0x82, 0x80, 0x00, 0x82, 0x82, 0x80, 0x00, 0xc4, 0x82, 0x80, 0x00, 0x04, 0x83, 0x80, 0x00
.byte 0x3e, 0x83, 0x80, 0x00, 0x84, 0x83, 0x80, 0x00, 0x52, 0x7a, 0x80, 0x00, 0x38, 0x7a, 0x80, 0x00
.byte 0x60, 0x87, 0x80, 0x00, 0xa6, 0x87, 0x80, 0x00, 0xec, 0x87, 0x80, 0x00, 0x2c, 0x88, 0x80, 0x00
.byte 0xbe, 0x83, 0x80, 0x00, 0x00, 0x84, 0x80, 0x00, 0x40, 0x84, 0x80, 0x00, 0x86, 0x84, 0x80, 0x00
.byte 0xee, 0x8a, 0x80, 0x00, 0xce, 0x8a, 0x80, 0x00, 0x94, 0x8a, 0x80, 0x00, 0x74, 0x8a, 0x80, 0x00
.byte 0x56, 0x8a, 0x80, 0x00, 0x38, 0x8a, 0x80, 0x00, 0x1a, 0x8a, 0x80, 0x00, 0xfa, 0x89, 0x80, 0x00
.byte 0xd8, 0x89, 0x80, 0x00, 0xae, 0x89, 0x80, 0x00, 0x92, 0x85, 0x80, 0x00, 0xd2, 0x85, 0x80, 0x00
.byte 0x14, 0x86, 0x80, 0x00, 0x56, 0x86, 0x80, 0x00, 0x8c, 0x86, 0x80, 0x00, 0xd8, 0x86, 0x80, 0x00
.byte 0x16, 0x87, 0x80, 0x00, 0xc0, 0x84, 0x80, 0x00, 0x72, 0x89, 0x80, 0x00, 0x32, 0x89, 0x80, 0x00
.byte 0xf2, 0x88, 0x80, 0x00, 0xb2, 0x88, 0x80, 0x00, 0x70, 0x88, 0x80, 0x00, 0x00, 0x00, 0x00, 0x00
.byte 0x28, 0x91, 0x80, 0x00, 0x1e, 0x91, 0x80, 0x00, 0x14, 0x91, 0x80, 0x00, 0x0c, 0x91, 0x80, 0x00
.byte 0x32, 0x91, 0x80, 0x00, 0xf2, 0x90, 0x80, 0x00, 0xd8, 0x90, 0x80, 0x00, 0xbe, 0x90, 0x80, 0x00
.byte 0x06, 0x74, 0x80, 0x00, 0x12, 0x74, 0x80, 0x00, 0x24, 0x74, 0x80, 0x00, 0x2e, 0x74, 0x80, 0x00
.byte 0x3c, 0x74, 0x80, 0x00, 0x46, 0x74, 0x80, 0x00, 0x4e, 0x74, 0x80, 0x00, 0x58, 0x74, 0x80, 0x00
.byte 0x6e, 0x74, 0x80, 0x00, 0x84, 0x74, 0x80, 0x00, 0x8e, 0x74, 0x80, 0x00, 0x98, 0x74, 0x80, 0x00
.byte 0xa4, 0x74, 0x80, 0x00, 0xac, 0x74, 0x80, 0x00, 0xb8, 0x74, 0x80, 0x00, 0xc2, 0x74, 0x80, 0x00
.byte 0xcc, 0x74, 0x80, 0x00, 0xd6, 0x74, 0x80, 0x00, 0xe6, 0x74, 0x80, 0x00, 0xf0, 0x74, 0x80, 0x00
.byte 0xfa, 0x74, 0x80, 0x00, 0x04, 0x75, 0x80, 0x00, 0x10, 0x75, 0x80, 0x00, 0x1c, 0x75, 0x80, 0x00
.byte 0x26, 0x75, 0x80, 0x00, 0x30, 0x75, 0x80, 0x00, 0x3a, 0x75, 0x80, 0x00, 0x44, 0x75, 0x80, 0x00
.byte 0x4c, 0x75, 0x80, 0x00, 0x58, 0x75, 0x80, 0x00, 0x62, 0x75, 0x80, 0x00, 0x6c, 0x75, 0x80, 0x00
.byte 0x76, 0x75, 0x80, 0x00, 0x80, 0x75, 0x80, 0x00, 0x8a, 0x75, 0x80, 0x00, 0x94, 0x75, 0x80, 0x00
.byte 0x9c, 0x75, 0x80, 0x00, 0xa6, 0x75, 0x80, 0x00, 0xb0, 0x75, 0x80, 0x00, 0xba, 0x75, 0x80, 0x00
.byte 0xc4, 0x75, 0x80, 0x00, 0xce, 0x75, 0x80, 0x00, 0xd8, 0x75, 0x80, 0x00, 0xe4, 0x75, 0x80, 0x00
.byte 0xee, 0x75, 0x80, 0x00, 0xf6, 0x75, 0x80, 0x00, 0x02, 0x76, 0x80, 0x00, 0x0a, 0x76, 0x80, 0x00
.byte 0x14, 0x76, 0x80, 0x00, 0x1e, 0x76, 0x80, 0x00, 0x26, 0x76, 0x80, 0x00, 0x2e, 0x76, 0x80, 0x00
.byte 0x3a, 0x76, 0x80, 0x00, 0x46, 0x76, 0x80, 0x00, 0x52, 0x76, 0x80, 0x00, 0x5e, 0x76, 0x80, 0x00
.byte 0x66, 0x76, 0x80, 0x00, 0x72, 0x76, 0x80, 0x00, 0x7c, 0x76, 0x80, 0x00, 0x88, 0x76, 0x80, 0x00
.byte 0x94, 0x76, 0x80, 0x00, 0xa0, 0x76, 0x80, 0x00, 0xac, 0x76, 0x80, 0x00, 0xb6, 0x76, 0x80, 0x00
.byte 0xc2, 0x76, 0x80, 0x00, 0xca, 0x76, 0x80, 0x00, 0xd4, 0x76, 0x80, 0x00, 0xe0, 0x76, 0x80, 0x00
.byte 0xea, 0x76, 0x80, 0x00, 0xf6, 0x76, 0x80, 0x00, 0x02, 0x77, 0x80, 0x00, 0xa4, 0x90, 0x80, 0x00
.byte 0x18, 0x77, 0x80, 0x00, 0x24, 0x77, 0x80, 0x00, 0x2e, 0x77, 0x80, 0x00, 0x40, 0x77, 0x80, 0x00
.byte 0x4a, 0x77, 0x80, 0x00, 0x54, 0x77, 0x80, 0x00, 0x5e, 0x77, 0x80, 0x00, 0x68, 0x77, 0x80, 0x00
.byte 0x70, 0x77, 0x80, 0x00, 0x78, 0x77, 0x80, 0x00, 0x82, 0x77, 0x80, 0x00, 0x8c, 0x77, 0x80, 0x00
.byte 0x96, 0x77, 0x80, 0x00, 0x9e, 0x77, 0x80, 0x00, 0xa8, 0x77, 0x80, 0x00, 0xb0, 0x77, 0x80, 0x00
.byte 0xb8, 0x77, 0x80, 0x00, 0xd2, 0x77, 0x80, 0x00, 0xf0, 0x77, 0x80, 0x00, 0x10, 0x78, 0x80, 0x00
.byte 0x32, 0x78, 0x80, 0x00, 0x48, 0x78, 0x80, 0x00, 0x50, 0x78, 0x80, 0x00, 0x5a, 0x78, 0x80, 0x00
.byte 0x68, 0x78, 0x80, 0x00, 0x76, 0x78, 0x80, 0x00, 0x80, 0x78, 0x80, 0x00, 0x98, 0x78, 0x80, 0x00
.byte 0xa6, 0x78, 0x80, 0x00, 0xc0, 0x78, 0x80, 0x00, 0xce, 0x78, 0x80, 0x00, 0xde, 0x78, 0x80, 0x00
.byte 0xf0, 0x78, 0x80, 0x00, 0xf8, 0x78, 0x80, 0x00, 0x00, 0x79, 0x80, 0x00, 0x0a, 0x79, 0x80, 0x00
.byte 0x18, 0x79, 0x80, 0x00, 0x2e, 0x79, 0x80, 0x00, 0x42, 0x79, 0x80, 0x00, 0x50, 0x79, 0x80, 0x00
.byte 0x5c, 0x79, 0x80, 0x00, 0x66, 0x79, 0x80, 0x00, 0x70, 0x79, 0x80, 0x00, 0x7c, 0x79, 0x80, 0x00
.byte 0x96, 0x79, 0x80, 0x00, 0xaa, 0x79, 0x80, 0x00, 0xc0, 0x79, 0x80, 0x00, 0xda, 0x79, 0x80, 0x00
.byte 0xf2, 0x79, 0x80, 0x00, 0x16, 0x7a, 0x80, 0x00, 0x28, 0x7a, 0x80, 0x00, 0x8a, 0x90, 0x80, 0x00
.byte 0x6e, 0x90, 0x80, 0x00, 0x1e, 0x8f, 0x80, 0x00, 0x28, 0x8f, 0x80, 0x00, 0x32, 0x8f, 0x80, 0x00
.byte 0x3a, 0x8f, 0x80, 0x00, 0x44, 0x8f, 0x80, 0x00, 0x4e, 0x8f, 0x80, 0x00, 0x3a, 0x91, 0x80, 0x00
.byte 0x46, 0x91, 0x80, 0x00, 0x50, 0x91, 0x80, 0x00, 0x5e, 0x91, 0x80, 0x00, 0x6a, 0x91, 0x80, 0x00
.byte 0x72, 0x91, 0x80, 0x00, 0x7c, 0x91, 0x80, 0x00, 0x88, 0x91, 0x80, 0x00, 0x92, 0x91, 0x80, 0x00
.byte 0x9c, 0x91, 0x80, 0x00, 0x56, 0x8f, 0x80, 0x00, 0x60, 0x8f, 0x80, 0x00, 0xa6, 0x91, 0x80, 0x00
.byte 0xb0, 0x91, 0x80, 0x00, 0xbc, 0x91, 0x80, 0x00, 0xc6, 0x91, 0x80, 0x00, 0xd0, 0x91, 0x80, 0x00
.byte 0xd8, 0x91, 0x80, 0x00, 0xe4, 0x91, 0x80, 0x00, 0xf2, 0x91, 0x80, 0x00, 0xfe, 0x91, 0x80, 0x00
.byte 0x0e, 0x92, 0x80, 0x00, 0x1a, 0x92, 0x80, 0x00, 0x24, 0x92, 0x80, 0x00, 0x2e, 0x92, 0x80, 0x00
.byte 0x38, 0x92, 0x80, 0x00, 0x3e, 0x92, 0x80, 0x00, 0x50, 0x92, 0x80, 0x00, 0x5a, 0x92, 0x80, 0x00
.byte 0x66, 0x92, 0x80, 0x00, 0x6c, 0x8f, 0x80, 0x00, 0x76, 0x8f, 0x80, 0x00, 0x80, 0x8f, 0x80, 0x00
.byte 0x8c, 0x8f, 0x80, 0x00, 0x96, 0x8f, 0x80, 0x00, 0xa0, 0x8f, 0x80, 0x00, 0xaa, 0x8f, 0x80, 0x00
.byte 0xb4, 0x8f, 0x80, 0x00, 0xbe, 0x8f, 0x80, 0x00, 0xc6, 0x8f, 0x80, 0x00, 0xce, 0x8f, 0x80, 0x00
.byte 0xd8, 0x8f, 0x80, 0x00, 0xe2, 0x8f, 0x80, 0x00, 0xec, 0x8f, 0x80, 0x00, 0x06, 0x90, 0x80, 0x00
.byte 0x20, 0x90, 0x80, 0x00, 0x3a, 0x90, 0x80, 0x00, 0x0c, 0x77, 0x80, 0x00, 0x54, 0x90, 0x80, 0x00
.byte 0x00, 0x00, 0x00, 0x00, 0x02, 0x00, 0x00, 0x80, 0x06, 0x00, 0x00, 0x80, 0x04, 0x00, 0x00, 0x80
.byte 0x00, 0x00, 0x00, 0x00, 0x84, 0x73, 0x80, 0x00, 0x6e, 0x73, 0x80, 0x00, 0x5e, 0x73, 0x80, 0x00
.byte 0x00, 0x00, 0x00, 0x00, 0x70, 0x8b, 0x80, 0x00, 0x60, 0x8b, 0x80, 0x00, 0x4a, 0x8b, 0x80, 0x00
.byte 0x3a, 0x8b, 0x80, 0x00, 0x00, 0x00, 0x00, 0x00, 0x6e, 0x72, 0x80, 0x00, 0x5a, 0x72, 0x80, 0x00
.byte 0x4a, 0x72, 0x80, 0x00, 0x30, 0x72, 0x80, 0x00, 0x24, 0x72, 0x80, 0x00, 0x16, 0x72, 0x80, 0x00
.byte 0x04, 0x72, 0x80, 0x00, 0xee, 0x71, 0x80, 0x00, 0x8e, 0x72, 0x80, 0x00, 0xa0, 0x72, 0x80, 0x00
.byte 0xb0, 0x72, 0x80, 0x00, 0x7e, 0x72, 0x80, 0x00, 0xf4, 0x6f, 0x80, 0x00, 0x04, 0x70, 0x80, 0x00
.byte 0x14, 0x70, 0x80, 0x00, 0x22, 0x70, 0x80, 0x00, 0x30, 0x70, 0x80, 0x00, 0x4a, 0x70, 0x80, 0x00
.byte 0x5e, 0x70, 0x80, 0x00, 0xda, 0x71, 0x80, 0x00, 0xce, 0x71, 0x80, 0x00, 0x72, 0x70, 0x80, 0x00
.byte 0x82, 0x70, 0x80, 0x00, 0x92, 0x70, 0x80, 0x00, 0xb0, 0x70, 0x80, 0x00, 0xc0, 0x70, 0x80, 0x00
.byte 0xd2, 0x70, 0x80, 0x00, 0xe4, 0x70, 0x80, 0x00, 0xbc, 0x71, 0x80, 0x00, 0xaa, 0x71, 0x80, 0x00
.byte 0x9c, 0x71, 0x80, 0x00, 0x8c, 0x71, 0x80, 0x00, 0x78, 0x71, 0x80, 0x00, 0x68, 0x71, 0x80, 0x00
.byte 0x56, 0x71, 0x80, 0x00, 0x4a, 0x71, 0x80, 0x00, 0x36, 0x71, 0x80, 0x00, 0x26, 0x71, 0x80, 0x00
.byte 0x18, 0x71, 0x80, 0x00, 0x08, 0x71, 0x80, 0x00, 0xf6, 0x70, 0x80, 0x00, 0x00, 0x00, 0x00, 0x00
.byte 0x8e, 0x8c, 0x80, 0x00, 0x78, 0x8c, 0x80, 0x00, 0x5e, 0x8c, 0x80, 0x00, 0x00, 0x00, 0x00, 0x00
.byte 0xa0, 0x8b, 0x80, 0x00, 0xb2, 0x8b, 0x80, 0x00, 0x92, 0x8b, 0x80, 0x00, 0x00, 0x00, 0x00, 0x00
.byte 0x3c, 0x8c, 0x80, 0x00, 0x2a, 0x8c, 0x80, 0x00, 0x00, 0x00, 0x00, 0x00, 0xcc, 0x8b, 0x80, 0x00
.byte 0xe0, 0x8b, 0x80, 0x00, 0x00, 0x00, 0x00, 0x00, 0xa2, 0x67, 0x80, 0x00, 0x00, 0x00, 0x00, 0x00
.byte 0x08, 0x63, 0x80, 0x00, 0xbe, 0x62, 0x80, 0x00, 0x8a, 0x62, 0x80, 0x00, 0x58, 0x62, 0x80, 0x00
.byte 0x24, 0x62, 0x80, 0x00, 0xf2, 0x61, 0x80, 0x00, 0x84, 0x61, 0x80, 0x00, 0x52, 0x61, 0x80, 0x00
.byte 0x24, 0x61, 0x80, 0x00, 0xf8, 0x60, 0x80, 0x00, 0x98, 0x60, 0x80, 0x00, 0x64, 0x60, 0x80, 0x00
.byte 0x1a, 0x60, 0x80, 0x00, 0xe6, 0x5f, 0x80, 0x00, 0xb2, 0x5f, 0x80, 0x00, 0x7a, 0x5f, 0x80, 0x00
.byte 0x60, 0x5f, 0x80, 0x00, 0x00, 0x00, 0x00, 0x00, 0xcc, 0x8d, 0x80, 0x00, 0x98, 0x8d, 0x80, 0x00
.byte 0x6a, 0x8d, 0x80, 0x00, 0x32, 0x8d, 0x80, 0x00, 0xfc, 0x8c, 0x80, 0x00, 0xac, 0x8c, 0x80, 0x00
.byte 0x7c, 0x63, 0x80, 0x00, 0x94, 0x63, 0x80, 0x00, 0x34, 0x64, 0x80, 0x00, 0x72, 0x64, 0x80, 0x00
.byte 0xd2, 0x64, 0x80, 0x00, 0x34, 0x65, 0x80, 0x00, 0x62, 0x65, 0x80, 0x00, 0x9e, 0x65, 0x80, 0x00
.byte 0xd0, 0x65, 0x80, 0x00, 0x0a, 0x66, 0x80, 0x00, 0x3e, 0x66, 0x80, 0x00, 0x74, 0x66, 0x80, 0x00
.byte 0xa4, 0x66, 0x80, 0x00, 0x62, 0x63, 0x80, 0x00, 0xd6, 0x66, 0x80, 0x00, 0x4e, 0x67, 0x80, 0x00
.byte 0x0e, 0x67, 0x80, 0x00, 0x00, 0x00, 0x00, 0x00, 0x86, 0x95, 0x80, 0x00, 0xc0, 0x95, 0x80, 0x00
.byte 0xda, 0x95, 0x80, 0x00, 0xfe, 0x95, 0x80, 0x00, 0x1a, 0x96, 0x80, 0x00, 0x30, 0x96, 0x80, 0x00
.byte 0x44, 0x96, 0x80, 0x00, 0x60, 0x96, 0x80, 0x00, 0x82, 0x96, 0x80, 0x00, 0xa2, 0x96, 0x80, 0x00
.byte 0xb6, 0x96, 0x80, 0x00, 0xc4, 0x96, 0x80, 0x00, 0xd6, 0x96, 0x80, 0x00, 0xf2, 0x96, 0x80, 0x00
.byte 0xa8, 0x95, 0x80, 0x00, 0x74, 0x92, 0x80, 0x00, 0x96, 0x92, 0x80, 0x00, 0xb6, 0x92, 0x80, 0x00
.byte 0xcc, 0x92, 0x80, 0x00, 0xea, 0x92, 0x80, 0x00, 0x08, 0x93, 0x80, 0x00, 0x24, 0x93, 0x80, 0x00
.byte 0x44, 0x93, 0x80, 0x00, 0x64, 0x93, 0x80, 0x00, 0x7c, 0x93, 0x80, 0x00, 0xa8, 0x93, 0x80, 0x00
.byte 0xc0, 0x93, 0x80, 0x00, 0xde, 0x93, 0x80, 0x00, 0xfc, 0x93, 0x80, 0x00, 0x1a, 0x94, 0x80, 0x00
.byte 0x3e, 0x94, 0x80, 0x00, 0x5e, 0x94, 0x80, 0x00, 0x7e, 0x94, 0x80, 0x00, 0x9e, 0x94, 0x80, 0x00
.byte 0xbc, 0x94, 0x80, 0x00, 0xdc, 0x94, 0x80, 0x00, 0xee, 0x94, 0x80, 0x00, 0x0e, 0x95, 0x80, 0x00
.byte 0x22, 0x95, 0x80, 0x00, 0x3a, 0x95, 0x80, 0x00, 0x60, 0x95, 0x80, 0x00, 0x00, 0x00, 0x00, 0x00
.byte 0xde, 0x73, 0x80, 0x00, 0xca, 0x73, 0x80, 0x00, 0xb6, 0x73, 0x80, 0x00, 0xa4, 0x73, 0x80, 0x00
.byte 0x00, 0x00, 0x00, 0x00, 0x3a, 0x68, 0x80, 0x00, 0x2c, 0x68, 0x80, 0x00, 0x68, 0x68, 0x80, 0x00
.byte 0x20, 0x68, 0x80, 0x00, 0x10, 0x68, 0x80, 0x00, 0xee, 0x67, 0x80, 0x00, 0xda, 0x67, 0x80, 0x00
.byte 0x4c, 0x68, 0x80, 0x00, 0xc2, 0x67, 0x80, 0x00, 0x00, 0x00, 0x00, 0x00, 0x79, 0x01, 0x46, 0x4d
.byte 0x4f, 0x44, 0x5f, 0x45, 0x76, 0x65, 0x6e, 0x74, 0x53, 0x79, 0x73, 0x74, 0x65, 0x6d, 0x5f, 0x43
.byte 0x72, 0x65, 0x61, 0x74, 0x65, 0x00, 0xab, 0x00, 0x3f, 0x69, 0x6e, 0x69, 0x74, 0x40, 0x45, 0x76
.byte 0x65, 0x6e, 0x74, 0x53, 0x79, 0x73, 0x74, 0x65, 0x6d, 0x40, 0x46, 0x4d, 0x4f, 0x44, 0x40, 0x40
.byte 0x51, 0x41, 0x47, 0x3f, 0x41, 0x57, 0x34, 0x46, 0x4d, 0x4f, 0x44, 0x5f, 0x52, 0x45, 0x53, 0x55
.byte 0x4c, 0x54, 0x40, 0x40, 0x48, 0x49, 0x50, 0x41, 0x58, 0x49, 0x40, 0x5a, 0x00, 0x00, 0xbe, 0x00
.byte 0x3f, 0x72, 0x65, 0x6c, 0x65, 0x61, 0x73, 0x65, 0x40, 0x45, 0x76, 0x65, 0x6e, 0x74, 0x53, 0x79
.byte 0x73, 0x74, 0x65, 0x6d, 0x40, 0x46, 0x4d, 0x4f, 0x44, 0x40, 0x40, 0x51, 0x41, 0x47, 0x3f, 0x41
.byte 0x57, 0x34, 0x46, 0x4d, 0x4f, 0x44, 0x5f, 0x52, 0x45, 0x53, 0x55, 0x4c, 0x54, 0x40, 0x40, 0x58
.byte 0x5a, 0x00, 0x0d, 0x01, 0x3f, 0x75, 0x70, 0x64, 0x61, 0x74, 0x65, 0x40, 0x45, 0x76, 0x65, 0x6e
.byte 0x74, 0x53, 0x79, 0x73, 0x74, 0x65, 0x6d, 0x40, 0x46, 0x4d, 0x4f, 0x44, 0x40, 0x40, 0x51, 0x41
.byte 0x47, 0x3f, 0x41, 0x57, 0x34, 0x46, 0x4d, 0x4f, 0x44, 0x5f, 0x52, 0x45, 0x53, 0x55, 0x4c, 0x54
.byte 0x40, 0x40, 0x58, 0x5a, 0x00, 0x00, 0x94, 0x00, 0x3f, 0x67, 0x65, 0x74, 0x53, 0x79, 0x73, 0x74
.byte 0x65, 0x6d, 0x4f, 0x62, 0x6a, 0x65, 0x63, 0x74, 0x40, 0x45, 0x76, 0x65, 0x6e, 0x74, 0x53, 0x79
.byte 0x73, 0x74, 0x65, 0x6d, 0x40, 0x46, 0x4d, 0x4f, 0x44, 0x40, 0x40, 0x51, 0x41, 0x47, 0x3f, 0x41
.byte 0x57, 0x34, 0x46, 0x4d, 0x4f, 0x44, 0x5f, 0x52, 0x45, 0x53, 0x55, 0x4c, 0x54, 0x40, 0x40, 0x50
.byte 0x41, 0x50, 0x41, 0x56, 0x53, 0x79, 0x73, 0x74, 0x65, 0x6d, 0x40, 0x32, 0x40, 0x40, 0x5a, 0x00
.byte 0x0b, 0x01, 0x3f, 0x75, 0x6e, 0x6c, 0x6f, 0x61, 0x64, 0x40, 0x45, 0x76, 0x65, 0x6e, 0x74, 0x53
.byte 0x79, 0x73, 0x74, 0x65, 0x6d, 0x40, 0x46, 0x4d, 0x4f, 0x44, 0x40, 0x40, 0x51, 0x41, 0x47, 0x3f
.byte 0x41, 0x57, 0x34, 0x46, 0x4d, 0x4f, 0x44, 0x5f, 0x52, 0x45, 0x53, 0x55, 0x4c, 0x54, 0x40, 0x40
.byte 0x58, 0x5a, 0x00, 0x00, 0xaf, 0x00, 0x3f, 0x6c, 0x6f, 0x61, 0x64, 0x40, 0x45, 0x76, 0x65, 0x6e
.byte 0x74, 0x53, 0x79, 0x73, 0x74, 0x65, 0x6d, 0x40, 0x46, 0x4d, 0x4f, 0x44, 0x40, 0x40, 0x51, 0x41
.byte 0x47, 0x3f, 0x41, 0x57, 0x34, 0x46, 0x4d, 0x4f, 0x44, 0x5f, 0x52, 0x45, 0x53, 0x55, 0x4c, 0x54
.byte 0x40, 0x40, 0x50, 0x42, 0x44, 0x50, 0x41, 0x55, 0x46, 0x4d, 0x4f, 0x44, 0x5f, 0x45, 0x56, 0x45
.byte 0x4e, 0x54, 0x5f, 0x4c, 0x4f, 0x41, 0x44, 0x49, 0x4e, 0x46, 0x4f, 0x40, 0x40, 0x50, 0x41, 0x50
.byte 0x41, 0x56, 0x45, 0x76, 0x65, 0x6e, 0x74, 0x50, 0x72, 0x6f, 0x6a, 0x65, 0x63, 0x74, 0x40, 0x32
.byte 0x40, 0x40, 0x5a, 0x00, 0x05, 0x01, 0x3f, 0x73, 0x74, 0x61, 0x72, 0x74, 0x40, 0x45, 0x76, 0x65
.byte 0x6e, 0x74, 0x40, 0x46, 0x4d, 0x4f, 0x44, 0x40, 0x40, 0x51, 0x41, 0x47, 0x3f, 0x41, 0x57, 0x34
.byte 0x46, 0x4d, 0x4f, 0x44, 0x5f, 0x52, 0x45, 0x53, 0x55, 0x4c, 0x54, 0x40, 0x40, 0x58, 0x5a, 0x00
.byte 0x07, 0x01, 0x3f, 0x73, 0x74, 0x6f, 0x70, 0x40, 0x45, 0x76, 0x65, 0x6e, 0x74, 0x40, 0x46, 0x4d
.byte 0x4f, 0x44, 0x40, 0x40, 0x51, 0x41, 0x47, 0x3f, 0x41, 0x57, 0x34, 0x46, 0x4d, 0x4f, 0x44, 0x5f
.byte 0x52, 0x45, 0x53, 0x55, 0x4c, 0x54, 0x40, 0x40, 0x5f, 0x4e, 0x40, 0x5a, 0x00, 0x00, 0x91, 0x00
.byte 0x3f, 0x67, 0x65, 0x74, 0x53, 0x74, 0x61, 0x74, 0x65, 0x40, 0x45, 0x76, 0x65, 0x6e, 0x74, 0x40
.byte 0x46, 0x4d, 0x4f, 0x44, 0x40, 0x40, 0x51, 0x41, 0x47, 0x3f, 0x41, 0x57, 0x34, 0x46, 0x4d, 0x4f
.byte 0x44, 0x5f, 0x52, 0x45, 0x53, 0x55, 0x4c, 0x54, 0x40, 0x40, 0x50, 0x41, 0x49, 0x40, 0x5a, 0x00
.byte 0xcb, 0x00, 0x3f, 0x73, 0x65, 0x74, 0x43, 0x61, 0x6c, 0x6c, 0x62, 0x61, 0x63, 0x6b, 0x40, 0x45
.byte 0x76, 0x65, 0x6e, 0x74, 0x40, 0x46, 0x4d, 0x4f, 0x44, 0x40, 0x40, 0x51, 0x41, 0x47, 0x3f, 0x41
.byte 0x57, 0x34, 0x46, 0x4d, 0x4f, 0x44, 0x5f, 0x52, 0x45, 0x53, 0x55, 0x4c, 0x54, 0x40, 0x40, 0x50
.byte 0x36, 0x47, 0x3f, 0x41, 0x57, 0x34, 0x33, 0x40, 0x50, 0x41, 0x55, 0x46, 0x4d, 0x4f, 0x44, 0x5f
.byte 0x45, 0x56, 0x45, 0x4e, 0x54, 0x40, 0x40, 0x57, 0x34, 0x46, 0x4d, 0x4f, 0x44, 0x5f, 0x45, 0x56
.byte 0x45, 0x4e, 0x54, 0x5f, 0x43, 0x41, 0x4c, 0x4c, 0x42, 0x41, 0x43, 0x4b, 0x54, 0x59, 0x50, 0x45
.byte 0x40, 0x40, 0x50, 0x41, 0x58, 0x32, 0x32, 0x40, 0x5a, 0x32, 0x40, 0x5a, 0x00, 0x00, 0x00, 0x01
.byte 0x3f, 0x73, 0x65, 0x74, 0x56, 0x6f, 0x6c, 0x75, 0x6d, 0x65, 0x40, 0x45, 0x76, 0x65, 0x6e, 0x74
.byte 0x40, 0x46, 0x4d, 0x4f, 0x44, 0x40, 0x40, 0x51, 0x41, 0x47, 0x3f, 0x41, 0x57, 0x34, 0x46, 0x4d
.byte 0x4f, 0x44, 0x5f, 0x52, 0x45, 0x53, 0x55, 0x4c, 0x54, 0x40, 0x40, 0x4d, 0x40, 0x5a, 0x00, 0x00
.byte 0xa5, 0x00, 0x3f, 0x67, 0x65, 0x74, 0x56, 0x6f, 0x6c, 0x75, 0x6d, 0x65, 0x40, 0x45, 0x76, 0x65
.byte 0x6e, 0x74, 0x40, 0x46, 0x4d, 0x4f, 0x44, 0x40, 0x40, 0x51, 0x41, 0x47, 0x3f, 0x41, 0x57, 0x34
.byte 0x46, 0x4d, 0x4f, 0x44, 0x5f, 0x52, 0x45, 0x53, 0x55, 0x4c, 0x54, 0x40, 0x40, 0x50, 0x41, 0x4d
.byte 0x40, 0x5a, 0x00, 0x00, 0xda, 0x00, 0x3f, 0x73, 0x65, 0x74, 0x50, 0x61, 0x75, 0x73, 0x65, 0x64
.byte 0x40, 0x45, 0x76, 0x65, 0x6e, 0x74, 0x40, 0x46, 0x4d, 0x4f, 0x44, 0x40, 0x40, 0x51, 0x41, 0x47
.byte 0x3f, 0x41, 0x57, 0x34, 0x46, 0x4d, 0x4f, 0x44, 0x5f, 0x52, 0x45, 0x53, 0x55, 0x4c, 0x54, 0x40
.byte 0x40, 0x5f, 0x4e, 0x40, 0x5a, 0x00, 0x70, 0x00, 0x3f, 0x67, 0x65, 0x74, 0x50, 0x61, 0x75, 0x73
.byte 0x65, 0x64, 0x40, 0x45, 0x76, 0x65, 0x6e, 0x74, 0x40, 0x46, 0x4d, 0x4f, 0x44, 0x40, 0x40, 0x51
.byte 0x41, 0x47, 0x3f, 0x41, 0x57, 0x34, 0x46, 0x4d, 0x4f, 0x44, 0x5f, 0x52, 0x45, 0x53, 0x55, 0x4c
.byte 0x54, 0x40, 0x40, 0x50, 0x41, 0x5f, 0x4e, 0x40, 0x5a, 0x00, 0x35, 0x00, 0x3f, 0x67, 0x65, 0x74
.byte 0x49, 0x6e, 0x66, 0x6f, 0x40, 0x45, 0x76, 0x65, 0x6e, 0x74, 0x40, 0x46, 0x4d, 0x4f, 0x44, 0x40
.byte 0x40, 0x51, 0x41, 0x47, 0x3f, 0x41, 0x57, 0x34, 0x46, 0x4d, 0x4f, 0x44, 0x5f, 0x52, 0x45, 0x53
.byte 0x55, 0x4c, 0x54, 0x40, 0x40, 0x50, 0x41, 0x48, 0x50, 0x41, 0x50, 0x41, 0x44, 0x50, 0x41, 0x55
.byte 0x46, 0x4d, 0x4f, 0x44, 0x5f, 0x45, 0x56, 0x45, 0x4e, 0x54, 0x5f, 0x49, 0x4e, 0x46, 0x4f, 0x40
.byte 0x40, 0x40, 0x5a, 0x00, 0x20, 0x00, 0x3f, 0x67, 0x65, 0x74, 0x43, 0x68, 0x61, 0x6e, 0x6e, 0x65
.byte 0x6c, 0x47, 0x72, 0x6f, 0x75, 0x70, 0x40, 0x45, 0x76, 0x65, 0x6e, 0x74, 0x40, 0x46, 0x4d, 0x4f
.byte 0x44, 0x40, 0x40, 0x51, 0x41, 0x47, 0x3f, 0x41, 0x57, 0x34, 0x46, 0x4d, 0x4f, 0x44, 0x5f, 0x52
.byte 0x45, 0x53, 0x55, 0x4c, 0x54, 0x40, 0x40, 0x50, 0x41, 0x50, 0x41, 0x56, 0x43, 0x68, 0x61, 0x6e
.byte 0x6e, 0x65, 0x6c, 0x47, 0x72, 0x6f, 0x75, 0x70, 0x40, 0x32, 0x40, 0x40, 0x5a, 0x00, 0x66, 0x6d
.byte 0x6f, 0x64, 0x5f, 0x65, 0x76, 0x65, 0x6e, 0x74, 0x2e, 0x64, 0x6c, 0x6c, 0x00, 0x00, 0x09, 0x02
.byte 0x46, 0x4d, 0x4f, 0x44, 0x5f, 0x4d, 0x65, 0x6d, 0x6f, 0x72, 0x79, 0x5f, 0x49, 0x6e, 0x69, 0x74
.byte 0x69, 0x61, 0x6c, 0x69, 0x7a, 0x65, 0x00, 0x00, 0x08, 0x02, 0x46, 0x4d, 0x4f, 0x44, 0x5f, 0x4d
.byte 0x65, 0x6d, 0x6f, 0x72, 0x79, 0x5f, 0x47, 0x65, 0x74, 0x53, 0x74, 0x61, 0x74, 0x73, 0x00, 0x00
.byte 0x16, 0x01, 0x3f, 0x73, 0x65, 0x74, 0x46, 0x69, 0x6c, 0x65, 0x53, 0x79, 0x73, 0x74, 0x65, 0x6d
.byte 0x40, 0x53, 0x79, 0x73, 0x74, 0x65, 0x6d, 0x40, 0x46, 0x4d, 0x4f, 0x44, 0x40, 0x40, 0x51, 0x41
.byte 0x47, 0x3f, 0x41, 0x57, 0x34, 0x46, 0x4d, 0x4f, 0x44, 0x5f, 0x52, 0x45, 0x53, 0x55, 0x4c, 0x54
.byte 0x40, 0x40, 0x50, 0x36, 0x47, 0x3f, 0x41, 0x57, 0x34, 0x33, 0x40, 0x50, 0x42, 0x44, 0x48, 0x50
.byte 0x41, 0x49, 0x50, 0x41, 0x50, 0x41, 0x58, 0x32, 0x40, 0x5a, 0x50, 0x36, 0x47, 0x3f, 0x41, 0x57
.byte 0x34, 0x33, 0x40, 0x50, 0x41, 0x58, 0x34, 0x40, 0x5a, 0x50, 0x36, 0x47, 0x3f, 0x41, 0x57, 0x34
.byte 0x33, 0x40, 0x34, 0x34, 0x49, 0x31, 0x34, 0x40, 0x5a, 0x50, 0x36, 0x47, 0x3f, 0x41, 0x57, 0x34
.byte 0x33, 0x40, 0x34, 0x49, 0x34, 0x40, 0x5a, 0x50, 0x36, 0x47, 0x3f, 0x41, 0x57, 0x34, 0x33, 0x40
.byte 0x50, 0x41, 0x55, 0x46, 0x4d, 0x4f, 0x44, 0x5f, 0x41, 0x53, 0x59, 0x4e, 0x43, 0x52, 0x45, 0x41
.byte 0x44, 0x49, 0x4e, 0x46, 0x4f, 0x40, 0x40, 0x34, 0x40, 0x5a, 0x35, 0x48, 0x40, 0x5a, 0x00, 0x00
.byte 0x47, 0x01, 0x3f, 0x73, 0x65, 0x74, 0x53, 0x74, 0x72, 0x65, 0x61, 0x6d, 0x42, 0x75, 0x66, 0x66
.byte 0x65, 0x72, 0x53, 0x69, 0x7a, 0x65, 0x40, 0x53, 0x79, 0x73, 0x74, 0x65, 0x6d, 0x40, 0x46, 0x4d
.byte 0x4f, 0x44, 0x40, 0x40, 0x51, 0x41, 0x47, 0x3f, 0x41, 0x57, 0x34, 0x46, 0x4d, 0x4f, 0x44, 0x5f
.byte 0x52, 0x45, 0x53, 0x55, 0x4c, 0x54, 0x40, 0x40, 0x49, 0x49, 0x40, 0x5a, 0x00, 0x00, 0x15, 0x00
.byte 0x3f, 0x63, 0x72, 0x65, 0x61, 0x74, 0x65, 0x53, 0x6f, 0x75, 0x6e, 0x64, 0x40, 0x53, 0x79, 0x73
.byte 0x74, 0x65, 0x6d, 0x40, 0x46, 0x4d, 0x4f, 0x44, 0x40, 0x40, 0x51, 0x41, 0x47, 0x3f, 0x41, 0x57
.byte 0x34, 0x46, 0x4d, 0x4f, 0x44, 0x5f, 0x52, 0x45, 0x53, 0x55, 0x4c, 0x54, 0x40, 0x40, 0x50, 0x42
.byte 0x44, 0x49, 0x50, 0x41, 0x55, 0x46, 0x4d, 0x4f, 0x44, 0x5f, 0x43, 0x52, 0x45, 0x41, 0x54, 0x45
.byte 0x53, 0x4f, 0x55, 0x4e, 0x44, 0x45, 0x58, 0x49, 0x4e, 0x46, 0x4f, 0x40, 0x40, 0x50, 0x41, 0x50
.byte 0x41, 0x56, 0x53, 0x6f, 0x75, 0x6e, 0x64, 0x40, 0x32, 0x40, 0x40, 0x5a, 0x00, 0x00, 0xe3, 0x00
.byte 0x3f, 0x70, 0x6c, 0x61, 0x79, 0x53, 0x6f, 0x75, 0x6e, 0x64, 0x40, 0x53, 0x79, 0x73, 0x74, 0x65
.byte 0x6d, 0x40, 0x46, 0x4d, 0x4f, 0x44, 0x40, 0x40, 0x51, 0x41, 0x47, 0x3f, 0x41, 0x57, 0x34, 0x46
.byte 0x4d, 0x4f, 0x44, 0x5f, 0x52, 0x45, 0x53, 0x55, 0x4c, 0x54, 0x40, 0x40, 0x57, 0x34, 0x46, 0x4d
.byte 0x4f, 0x44, 0x5f, 0x43, 0x48, 0x41, 0x4e, 0x4e, 0x45, 0x4c, 0x49, 0x4e, 0x44, 0x45, 0x58, 0x40
.byte 0x40, 0x50, 0x41, 0x56, 0x53, 0x6f, 0x75, 0x6e, 0x64, 0x40, 0x32, 0x40, 0x5f, 0x4e, 0x50, 0x41
.byte 0x50, 0x41, 0x56, 0x43, 0x68, 0x61, 0x6e, 0x6e, 0x65, 0x6c, 0x40, 0x32, 0x40, 0x40, 0x5a, 0x00
.byte 0xed, 0x00, 0x3f, 0x72, 0x65, 0x6c, 0x65, 0x61, 0x73, 0x65, 0x40, 0x53, 0x6f, 0x75, 0x6e, 0x64
.byte 0x40, 0x46, 0x4d, 0x4f, 0x44, 0x40, 0x40, 0x51, 0x41, 0x47, 0x3f, 0x41, 0x57, 0x34, 0x46, 0x4d
.byte 0x4f, 0x44, 0x5f, 0x52, 0x45, 0x53, 0x55, 0x4c, 0x54, 0x40, 0x40, 0x58, 0x5a, 0x00, 0xb7, 0x00
.byte 0x3f, 0x67, 0x65, 0x74, 0x53, 0x75, 0x62, 0x53, 0x6f, 0x75, 0x6e, 0x64, 0x40, 0x53, 0x6f, 0x75
.byte 0x6e, 0x64, 0x40, 0x46, 0x4d, 0x4f, 0x44, 0x40, 0x40, 0x51, 0x41, 0x47, 0x3f, 0x41, 0x57, 0x34
.byte 0x46, 0x4d, 0x4f, 0x44, 0x5f, 0x52, 0x45, 0x53, 0x55, 0x4c, 0x54, 0x40, 0x40, 0x48, 0x50, 0x41
.byte 0x50, 0x41, 0x56, 0x31, 0x32, 0x40, 0x40, 0x5a, 0x00, 0x00, 0x77, 0x00, 0x3f, 0x67, 0x65, 0x74
.byte 0x4e, 0x61, 0x6d, 0x65, 0x40, 0x53, 0x6f, 0x75, 0x6e, 0x64, 0x40, 0x46, 0x4d, 0x4f, 0x44, 0x40
.byte 0x40, 0x51, 0x41, 0x47, 0x3f, 0x41, 0x57, 0x34, 0x46, 0x4d, 0x4f, 0x44, 0x5f, 0x52, 0x45, 0x53
.byte 0x55, 0x4c, 0x54, 0x40, 0x40, 0x50, 0x41, 0x44, 0x48, 0x40, 0x5a, 0x00, 0x86, 0x00, 0x3f, 0x67
.byte 0x65, 0x74, 0x4e, 0x75, 0x6d, 0x53, 0x75, 0x62, 0x53, 0x6f, 0x75, 0x6e, 0x64, 0x73, 0x40, 0x53
.byte 0x6f, 0x75, 0x6e, 0x64, 0x40, 0x46, 0x4d, 0x4f, 0x44, 0x40, 0x40, 0x51, 0x41, 0x47, 0x3f, 0x41
.byte 0x57, 0x34, 0x46, 0x4d, 0x4f, 0x44, 0x5f, 0x52, 0x45, 0x53, 0x55, 0x4c, 0x54, 0x40, 0x40, 0x50
.byte 0x41, 0x48, 0x40, 0x5a, 0x00, 0x00, 0x56, 0x01, 0x3f, 0x73, 0x65, 0x74, 0x56, 0x6f, 0x6c, 0x75
.byte 0x6d, 0x65, 0x40, 0x43, 0x68, 0x61, 0x6e, 0x6e, 0x65, 0x6c, 0x40, 0x46, 0x4d, 0x4f, 0x44, 0x40
.byte 0x40, 0x51, 0x41, 0x47, 0x3f, 0x41, 0x57, 0x34, 0x46, 0x4d, 0x4f, 0x44, 0x5f, 0x52, 0x45, 0x53
.byte 0x55, 0x4c, 0x54, 0x40, 0x40, 0x4d, 0x40, 0x5a, 0x00, 0x00, 0xce, 0x00, 0x3f, 0x67, 0x65, 0x74
.byte 0x56, 0x6f, 0x6c, 0x75, 0x6d, 0x65, 0x40, 0x43, 0x68, 0x61, 0x6e, 0x6e, 0x65, 0x6c, 0x40, 0x46
.byte 0x4d, 0x4f, 0x44, 0x40, 0x40, 0x51, 0x41, 0x47, 0x3f, 0x41, 0x57, 0x34, 0x46, 0x4d, 0x4f, 0x44
.byte 0x5f, 0x52, 0x45, 0x53, 0x55, 0x4c, 0x54, 0x40, 0x40, 0x50, 0x41, 0x4d, 0x40, 0x5a, 0x00, 0x00
.byte 0x2f, 0x01, 0x3f, 0x73, 0x65, 0x74, 0x50, 0x61, 0x6e, 0x40, 0x43, 0x68, 0x61, 0x6e, 0x6e, 0x65
.byte 0x6c, 0x40, 0x46, 0x4d, 0x4f, 0x44, 0x40, 0x40, 0x51, 0x41, 0x47, 0x3f, 0x41, 0x57, 0x34, 0x46
.byte 0x4d, 0x4f, 0x44, 0x5f, 0x52, 0x45, 0x53, 0x55, 0x4c, 0x54, 0x40, 0x40, 0x4d, 0x40, 0x5a, 0x00
.byte 0x8f, 0x00, 0x3f, 0x67, 0x65, 0x74, 0x50, 0x61, 0x6e, 0x40, 0x43, 0x68, 0x61, 0x6e, 0x6e, 0x65
.byte 0x6c, 0x40, 0x46, 0x4d, 0x4f, 0x44, 0x40, 0x40, 0x51, 0x41, 0x47, 0x3f, 0x41, 0x57, 0x34, 0x46
.byte 0x4d, 0x4f, 0x44, 0x5f, 0x52, 0x45, 0x53, 0x55, 0x4c, 0x54, 0x40, 0x40, 0x50, 0x41, 0x4d, 0x40
.byte 0x5a, 0x00, 0x58, 0x00, 0x3f, 0x67, 0x65, 0x74, 0x4c, 0x6f, 0x6f, 0x70, 0x43, 0x6f, 0x75, 0x6e
.byte 0x74, 0x40, 0x43, 0x68, 0x61, 0x6e, 0x6e, 0x65, 0x6c, 0x40, 0x46, 0x4d, 0x4f, 0x44, 0x40, 0x40
.byte 0x51, 0x41, 0x47, 0x3f, 0x41, 0x57, 0x34, 0x46, 0x4d, 0x4f, 0x44, 0x5f, 0x52, 0x45, 0x53, 0x55
.byte 0x4c, 0x54, 0x40, 0x40, 0x50, 0x41, 0x48, 0x40, 0x5a, 0x00, 0x7c, 0x00, 0x3f, 0x67, 0x65, 0x74
.byte 0x4e, 0x75, 0x6d, 0x43, 0x68, 0x61, 0x6e, 0x6e, 0x65, 0x6c, 0x73, 0x40, 0x43, 0x68, 0x61, 0x6e
.byte 0x6e, 0x65, 0x6c, 0x47, 0x72, 0x6f, 0x75, 0x70, 0x40, 0x46, 0x4d, 0x4f, 0x44, 0x40, 0x40, 0x51
.byte 0x41, 0x47, 0x3f, 0x41, 0x57, 0x34, 0x46, 0x4d, 0x4f, 0x44, 0x5f, 0x52, 0x45, 0x53, 0x55, 0x4c
.byte 0x54, 0x40, 0x40, 0x50, 0x41, 0x48, 0x40, 0x5a, 0x00, 0x00, 0x38, 0x00, 0x3f, 0x67, 0x65, 0x74
.byte 0x43, 0x68, 0x61, 0x6e, 0x6e, 0x65, 0x6c, 0x40, 0x43, 0x68, 0x61, 0x6e, 0x6e, 0x65, 0x6c, 0x47
.byte 0x72, 0x6f, 0x75, 0x70, 0x40, 0x46, 0x4d, 0x4f, 0x44, 0x40, 0x40, 0x51, 0x41, 0x47, 0x3f, 0x41
.byte 0x57, 0x34, 0x46, 0x4d, 0x4f, 0x44, 0x5f, 0x52, 0x45, 0x53, 0x55, 0x4c, 0x54, 0x40, 0x40, 0x48
.byte 0x50, 0x41, 0x50, 0x41, 0x56, 0x43, 0x68, 0x61, 0x6e, 0x6e, 0x65, 0x6c, 0x40, 0x32, 0x40, 0x40
.byte 0x5a, 0x00, 0x66, 0x6d, 0x6f, 0x64, 0x65, 0x78, 0x2e, 0x64, 0x6c, 0x6c, 0x00, 0x00, 0x1d, 0x00
.byte 0x4d, 0x69, 0x6e, 0x69, 0x44, 0x75, 0x6d, 0x70, 0x57, 0x72, 0x69, 0x74, 0x65, 0x44, 0x75, 0x6d
.byte 0x70, 0x00, 0x64, 0x62, 0x67, 0x68, 0x65, 0x6c, 0x70, 0x2e, 0x64, 0x6c, 0x6c, 0x00, 0x0b, 0x00
.byte 0x53, 0x74, 0x65, 0x61, 0x6d, 0x41, 0x50, 0x49, 0x5f, 0x52, 0x75, 0x6e, 0x43, 0x61, 0x6c, 0x6c
.byte 0x62, 0x61, 0x63, 0x6b, 0x73, 0x00, 0x0f, 0x00, 0x53, 0x74, 0x65, 0x61, 0x6d, 0x41, 0x50, 0x49
.byte 0x5f, 0x53, 0x68, 0x75, 0x74, 0x64, 0x6f, 0x77, 0x6e, 0x00, 0x0a, 0x00, 0x53, 0x74, 0x65, 0x61
.byte 0x6d, 0x41, 0x50, 0x49, 0x5f, 0x52, 0x65, 0x73, 0x74, 0x61, 0x72, 0x74, 0x41, 0x70, 0x70, 0x49
.byte 0x66, 0x4e, 0x65, 0x63, 0x65, 0x73, 0x73, 0x61, 0x72, 0x79, 0x00, 0x00, 0x05, 0x00, 0x53, 0x74
.byte 0x65, 0x61, 0x6d, 0x41, 0x50, 0x49, 0x5f, 0x49, 0x6e, 0x69, 0x74, 0x00, 0x38, 0x00, 0x53, 0x74
.byte 0x65, 0x61, 0x6d, 0x55, 0x73, 0x65, 0x72, 0x00, 0x3a, 0x00, 0x53, 0x74, 0x65, 0x61, 0x6d, 0x55
.byte 0x74, 0x69, 0x6c, 0x73, 0x00, 0x00, 0x39, 0x00, 0x53, 0x74, 0x65, 0x61, 0x6d, 0x55, 0x73, 0x65
.byte 0x72, 0x53, 0x74, 0x61, 0x74, 0x73, 0x00, 0x00, 0x09, 0x00, 0x53, 0x74, 0x65, 0x61, 0x6d, 0x41
.byte 0x50, 0x49, 0x5f, 0x52, 0x65, 0x67, 0x69, 0x73, 0x74, 0x65, 0x72, 0x43, 0x61, 0x6c, 0x6c, 0x62
.byte 0x61, 0x63, 0x6b, 0x00, 0x11, 0x00, 0x53, 0x74, 0x65, 0x61, 0x6d, 0x41, 0x50, 0x49, 0x5f, 0x55
.byte 0x6e, 0x72, 0x65, 0x67, 0x69, 0x73, 0x74, 0x65, 0x72, 0x43, 0x61, 0x6c, 0x6c, 0x62, 0x61, 0x63
.byte 0x6b, 0x00, 0x73, 0x74, 0x65, 0x61, 0x6d, 0x5f, 0x61, 0x70, 0x69, 0x2e, 0x64, 0x6c, 0x6c, 0x00
.byte 0xdd, 0x02, 0x47, 0x65, 0x74, 0x53, 0x74, 0x64, 0x48, 0x61, 0x6e, 0x64, 0x6c, 0x65, 0x00, 0x00
.byte 0x7c, 0x02, 0x47, 0x65, 0x74, 0x4d, 0x6f, 0x64, 0x75, 0x6c, 0x65, 0x46, 0x69, 0x6c, 0x65, 0x4e
.byte 0x61, 0x6d, 0x65, 0x41, 0x00, 0x00, 0x0e, 0x02, 0x47, 0x65, 0x74, 0x43, 0x6f, 0x6e, 0x73, 0x6f
.byte 0x6c, 0x65, 0x53, 0x63, 0x72, 0x65, 0x65, 0x6e, 0x42, 0x75, 0x66, 0x66, 0x65, 0x72, 0x49, 0x6e
.byte 0x66, 0x6f, 0x00, 0x00, 0xe7, 0x04, 0x53, 0x65, 0x74, 0x43, 0x6f, 0x6e, 0x73, 0x6f, 0x6c, 0x65
.byte 0x53, 0x63, 0x72, 0x65, 0x65, 0x6e, 0x42, 0x75, 0x66, 0x66, 0x65, 0x72, 0x53, 0x69, 0x7a, 0x65
.byte 0x00, 0x00, 0x16, 0x00, 0x41, 0x6c, 0x6c, 0x6f, 0x63, 0x43, 0x6f, 0x6e, 0x73, 0x6f, 0x6c, 0x65
.byte 0x00, 0x00, 0x41, 0x02, 0x47, 0x65, 0x74, 0x45, 0x6e, 0x76, 0x69, 0x72, 0x6f, 0x6e, 0x6d, 0x65
.byte 0x6e, 0x74, 0x56, 0x61, 0x72, 0x69, 0x61, 0x62, 0x6c, 0x65, 0x41, 0x00, 0xee, 0x04, 0x53, 0x65
.byte 0x74, 0x43, 0x75, 0x72, 0x72, 0x65, 0x6e, 0x74, 0x44, 0x69, 0x72, 0x65, 0x63, 0x74, 0x6f, 0x72
.byte 0x79, 0x41, 0x00, 0x00, 0x1c, 0x02, 0x47, 0x65, 0x74, 0x43, 0x75, 0x72, 0x72, 0x65, 0x6e, 0x74
.byte 0x44, 0x69, 0x72, 0x65, 0x63, 0x74, 0x6f, 0x72, 0x79, 0x41, 0x00, 0x00, 0x8e, 0x00, 0x43, 0x6c
.byte 0x6f, 0x73, 0x65, 0x48, 0x61, 0x6e, 0x64, 0x6c, 0x65, 0x00, 0x48, 0x04, 0x52, 0x61, 0x69, 0x73
.byte 0x65, 0x45, 0x78, 0x63, 0x65, 0x70, 0x74, 0x69, 0x6f, 0x6e, 0x00, 0x00, 0x3c, 0x04, 0x51, 0x75
.byte 0x65, 0x72, 0x79, 0x50, 0x65, 0x72, 0x66, 0x6f, 0x72, 0x6d, 0x61, 0x6e, 0x63, 0x65, 0x43, 0x6f
.byte 0x75, 0x6e, 0x74, 0x65, 0x72, 0x00, 0x3d, 0x04, 0x51, 0x75, 0x65, 0x72, 0x79, 0x50, 0x65, 0x72
.byte 0x66, 0x6f, 0x72, 0x6d, 0x61, 0x6e, 0x63, 0x65, 0x46, 0x72, 0x65, 0x71, 0x75, 0x65, 0x6e, 0x63
.byte 0x79, 0x00, 0xfc, 0x04, 0x53, 0x65, 0x74, 0x45, 0x76, 0x65, 0x6e, 0x74, 0x00, 0x00, 0xae, 0x04
.byte 0x52, 0x65, 0x73, 0x65, 0x74, 0x45, 0x76, 0x65, 0x6e, 0x74, 0x00, 0x00, 0x9b, 0x04, 0x52, 0x65
.byte 0x6c, 0x65, 0x61, 0x73, 0x65, 0x53, 0x65, 0x6d, 0x61, 0x70, 0x68, 0x6f, 0x72, 0x65, 0x00, 0x00
.byte 0xbb, 0x05, 0x57, 0x61, 0x69, 0x74, 0x46, 0x6f, 0x72, 0x53, 0x69, 0x6e, 0x67, 0x6c, 0x65, 0x4f
.byte 0x62, 0x6a, 0x65, 0x63, 0x74, 0x00, 0xc7, 0x00, 0x43, 0x72, 0x65, 0x61, 0x74, 0x65, 0x45, 0x76
.byte 0x65, 0x6e, 0x74, 0x41, 0x00, 0x00, 0x5f, 0x05, 0x53, 0x6c, 0x65, 0x65, 0x70, 0x00, 0x01, 0x01
.byte 0x43, 0x72, 0x65, 0x61, 0x74, 0x65, 0x54, 0x68, 0x72, 0x65, 0x61, 0x64, 0x00, 0x00, 0x28, 0x02
.byte 0x47, 0x65, 0x74, 0x43, 0x75, 0x72, 0x72, 0x65, 0x6e, 0x74, 0x54, 0x68, 0x72, 0x65, 0x61, 0x64
.byte 0x49, 0x64, 0x00, 0x00, 0x42, 0x05, 0x53, 0x65, 0x74, 0x54, 0x68, 0x72, 0x65, 0x61, 0x64, 0x50
.byte 0x72, 0x69, 0x6f, 0x72, 0x69, 0x74, 0x79, 0x00, 0x46, 0x02, 0x47, 0x65, 0x74, 0x45, 0x78, 0x69
.byte 0x74, 0x43, 0x6f, 0x64, 0x65, 0x54, 0x68, 0x72, 0x65, 0x61, 0x64, 0x00, 0x7e, 0x02, 0x47, 0x65
.byte 0x74, 0x4d, 0x6f, 0x64, 0x75, 0x6c, 0x65, 0x48, 0x61, 0x6e, 0x64, 0x6c, 0x65, 0x41, 0x00, 0x00
.byte 0xb5, 0x02, 0x47, 0x65, 0x74, 0x50, 0x72, 0x6f, 0x63, 0x41, 0x64, 0x64, 0x72, 0x65, 0x73, 0x73
.byte 0x00, 0x00, 0xf2, 0x00, 0x43, 0x72, 0x65, 0x61, 0x74, 0x65, 0x53, 0x65, 0x6d, 0x61, 0x70, 0x68
.byte 0x6f, 0x72, 0x65, 0x41, 0x00, 0x00, 0xb8, 0x01, 0x46, 0x72, 0x65, 0x65, 0x4c, 0x69, 0x62, 0x72
.byte 0x61, 0x72, 0x79, 0x00, 0xc1, 0x03, 0x4c, 0x6f, 0x61, 0x64, 0x4c, 0x69, 0x62, 0x72, 0x61, 0x72
.byte 0x79, 0x45, 0x78, 0x41, 0x00, 0x00, 0x6f, 0x03, 0x49, 0x6e, 0x74, 0x65, 0x72, 0x6c, 0x6f, 0x63
.byte 0x6b, 0x65, 0x64, 0x45, 0x78, 0x63, 0x68, 0x61, 0x6e, 0x67, 0x65, 0x41, 0x64, 0x64, 0x00, 0x00
.byte 0x6b, 0x03, 0x49, 0x6e, 0x74, 0x65, 0x72, 0x6c, 0x6f, 0x63, 0x6b, 0x65, 0x64, 0x43, 0x6f, 0x6d
.byte 0x70, 0x61, 0x72, 0x65, 0x45, 0x78, 0x63, 0x68, 0x61, 0x6e, 0x67, 0x65, 0x00, 0x00, 0x83, 0x03
.byte 0x49, 0x73, 0x44, 0x65, 0x62, 0x75, 0x67, 0x67, 0x65, 0x72, 0x50, 0x72, 0x65, 0x73, 0x65, 0x6e
.byte 0x74, 0x00, 0x14, 0x01, 0x44, 0x65, 0x62, 0x75, 0x67, 0x42, 0x72, 0x65, 0x61, 0x6b, 0x00, 0x00
.byte 0xd6, 0x00, 0x43, 0x72, 0x65, 0x61, 0x74, 0x65, 0x46, 0x69, 0x6c, 0x65, 0x57, 0x00, 0x55, 0x02
.byte 0x47, 0x65, 0x74, 0x46, 0x69, 0x6c, 0x65, 0x53, 0x69, 0x7a, 0x65, 0x45, 0x78, 0x00, 0x58, 0x04
.byte 0x52, 0x65, 0x61, 0x64, 0x46, 0x69, 0x6c, 0x65, 0x00, 0x00, 0xf6, 0x04, 0x53, 0x65, 0x74, 0x45
.byte 0x6e, 0x64, 0x4f, 0x66, 0x46, 0x69, 0x6c, 0x65, 0x00, 0x00, 0x08, 0x05, 0x53, 0x65, 0x74, 0x46
.byte 0x69, 0x6c, 0x65, 0x50, 0x6f, 0x69, 0x6e, 0x74, 0x65, 0x72, 0x00, 0x00, 0xf1, 0x05, 0x57, 0x72
.byte 0x69, 0x74, 0x65, 0x46, 0x69, 0x6c, 0x65, 0x00, 0x65, 0x03, 0x49, 0x6e, 0x69, 0x74, 0x69, 0x61
.byte 0x6c, 0x69, 0x7a, 0x65, 0x43, 0x72, 0x69, 0x74, 0x69, 0x63, 0x61, 0x6c, 0x53, 0x65, 0x63, 0x74
.byte 0x69, 0x6f, 0x6e, 0x00, 0x40, 0x01, 0x45, 0x6e, 0x74, 0x65, 0x72, 0x43, 0x72, 0x69, 0x74, 0x69
.byte 0x63, 0x61, 0x6c, 0x53, 0x65, 0x63, 0x74, 0x69, 0x6f, 0x6e, 0x00, 0x00, 0xbd, 0x03, 0x4c, 0x65
.byte 0x61, 0x76, 0x65, 0x43, 0x72, 0x69, 0x74, 0x69, 0x63, 0x61, 0x6c, 0x53, 0x65, 0x63, 0x74, 0x69
.byte 0x6f, 0x6e, 0x00, 0x00, 0x1e, 0x01, 0x44, 0x65, 0x6c, 0x65, 0x74, 0x65, 0x43, 0x72, 0x69, 0x74
.byte 0x69, 0x63, 0x61, 0x6c, 0x53, 0x65, 0x63, 0x74, 0x69, 0x6f, 0x6e, 0x00, 0x07, 0x01, 0x43, 0x72
.byte 0x65, 0x61, 0x74, 0x65, 0x54, 0x68, 0x72, 0x65, 0x61, 0x64, 0x70, 0x6f, 0x6f, 0x6c, 0x57, 0x6f
.byte 0x72, 0x6b, 0x00, 0x00, 0x66, 0x05, 0x53, 0x75, 0x62, 0x6d, 0x69, 0x74, 0x54, 0x68, 0x72, 0x65
.byte 0x61, 0x64, 0x70, 0x6f, 0x6f, 0x6c, 0x57, 0x6f, 0x72, 0x6b, 0x00, 0x00, 0x06, 0x01, 0x43, 0x72
.byte 0x65, 0x61, 0x74, 0x65, 0x54, 0x68, 0x72, 0x65, 0x61, 0x64, 0x70, 0x6f, 0x6f, 0x6c, 0x57, 0x61
.byte 0x69, 0x74, 0x00, 0x00, 0x4c, 0x05, 0x53, 0x65, 0x74, 0x54, 0x68, 0x72, 0x65, 0x61, 0x64, 0x70
.byte 0x6f, 0x6f, 0x6c, 0x57, 0x61, 0x69, 0x74, 0x00, 0xc6, 0x03, 0x4c, 0x6f, 0x61, 0x64, 0x52, 0x65
.byte 0x73, 0x6f, 0x75, 0x72, 0x63, 0x65, 0x00, 0x00, 0xd8, 0x03, 0x4c, 0x6f, 0x63, 0x6b, 0x52, 0x65
.byte 0x73, 0x6f, 0x75, 0x72, 0x63, 0x65, 0x00, 0x00, 0x5e, 0x05, 0x53, 0x69, 0x7a, 0x65, 0x6f, 0x66
.byte 0x52, 0x65, 0x73, 0x6f, 0x75, 0x72, 0x63, 0x65, 0x00, 0x00, 0xa4, 0x01, 0x46, 0x69, 0x6e, 0x64
.byte 0x52, 0x65, 0x73, 0x6f, 0x75, 0x72, 0x63, 0x65, 0x57, 0x00, 0xe3, 0x01, 0x47, 0x65, 0x74, 0x43
.byte 0x6f, 0x6d, 0x6d, 0x61, 0x6e, 0x64, 0x4c, 0x69, 0x6e, 0x65, 0x57, 0x00, 0xc6, 0x00, 0x43, 0x72
.byte 0x65, 0x61, 0x74, 0x65, 0x44, 0x69, 0x72, 0x65, 0x63, 0x74, 0x6f, 0x72, 0x79, 0x57, 0x00, 0x00
.byte 0xce, 0x00, 0x43, 0x72, 0x65, 0x61, 0x74, 0x65, 0x46, 0x69, 0x6c, 0x65, 0x41, 0x00, 0x4e, 0x02
.byte 0x47, 0x65, 0x74, 0x46, 0x69, 0x6c, 0x65, 0x41, 0x74, 0x74, 0x72, 0x69, 0x62, 0x75, 0x74, 0x65
.byte 0x73, 0x57, 0x00, 0x00, 0x50, 0x05, 0x53, 0x65, 0x74, 0x55, 0x6e, 0x68, 0x61, 0x6e, 0x64, 0x6c
.byte 0x65, 0x64, 0x45, 0x78, 0x63, 0x65, 0x70, 0x74, 0x69, 0x6f, 0x6e, 0x46, 0x69, 0x6c, 0x74, 0x65
.byte 0x72, 0x00, 0x6a, 0x02, 0x47, 0x65, 0x74, 0x4c, 0x61, 0x73, 0x74, 0x45, 0x72, 0x72, 0x6f, 0x72
.byte 0x00, 0x00, 0xe5, 0x00, 0x43, 0x72, 0x65, 0x61, 0x74, 0x65, 0x4d, 0x75, 0x74, 0x65, 0x78, 0x57
.byte 0x00, 0x00, 0x23, 0x02, 0x47, 0x65, 0x74, 0x43, 0x75, 0x72, 0x72, 0x65, 0x6e, 0x74, 0x50, 0x72
.byte 0x6f, 0x63, 0x65, 0x73, 0x73, 0x00, 0xbc, 0x02, 0x47, 0x65, 0x74, 0x50, 0x72, 0x6f, 0x63, 0x65
.byte 0x73, 0x73, 0x49, 0x64, 0x00, 0x00, 0x7d, 0x02, 0x47, 0x65, 0x74, 0x4d, 0x6f, 0x64, 0x75, 0x6c
.byte 0x65, 0x46, 0x69, 0x6c, 0x65, 0x4e, 0x61, 0x6d, 0x65, 0x57, 0x00, 0x00, 0xcd, 0x03, 0x4c, 0x6f
.byte 0x63, 0x61, 0x6c, 0x46, 0x72, 0x65, 0x65, 0x00, 0x3b, 0x05, 0x53, 0x65, 0x74, 0x54, 0x68, 0x72
.byte 0x65, 0x61, 0x64, 0x45, 0x78, 0x65, 0x63, 0x75, 0x74, 0x69, 0x6f, 0x6e, 0x53, 0x74, 0x61, 0x74
.byte 0x65, 0x00, 0xdd, 0x05, 0x57, 0x69, 0x64, 0x65, 0x43, 0x68, 0x61, 0x72, 0x54, 0x6f, 0x4d, 0x75
.byte 0x6c, 0x74, 0x69, 0x42, 0x79, 0x74, 0x65, 0x00, 0x09, 0x03, 0x47, 0x65, 0x74, 0x54, 0x68, 0x72
.byte 0x65, 0x61, 0x64, 0x4c, 0x6f, 0x63, 0x61, 0x6c, 0x65, 0x00, 0x46, 0x05, 0x53, 0x65, 0x74, 0x54
.byte 0x68, 0x72, 0x65, 0x61, 0x64, 0x55, 0x49, 0x4c, 0x61, 0x6e, 0x67, 0x75, 0x61, 0x67, 0x65, 0x00
.byte 0xf2, 0x02, 0x47, 0x65, 0x74, 0x53, 0x79, 0x73, 0x74, 0x65, 0x6d, 0x54, 0x69, 0x6d, 0x65, 0x00
.byte 0x97, 0x04, 0x52, 0x65, 0x6c, 0x65, 0x61, 0x73, 0x65, 0x4d, 0x75, 0x74, 0x65, 0x78, 0x00, 0x00
.byte 0x24, 0x02, 0x47, 0x65, 0x74, 0x43, 0x75, 0x72, 0x72, 0x65, 0x6e, 0x74, 0x50, 0x72, 0x6f, 0x63
.byte 0x65, 0x73, 0x73, 0x49, 0x64, 0x00, 0x6d, 0x01, 0x45, 0x78, 0x69, 0x74, 0x50, 0x72, 0x6f, 0x63
.byte 0x65, 0x73, 0x73, 0x00, 0xa3, 0x01, 0x46, 0x69, 0x6e, 0x64, 0x52, 0x65, 0x73, 0x6f, 0x75, 0x72
.byte 0x63, 0x65, 0x45, 0x78, 0x57, 0x00, 0xec, 0x03, 0x4d, 0x75, 0x6c, 0x74, 0x69, 0x42, 0x79, 0x74
.byte 0x65, 0x54, 0x6f, 0x57, 0x69, 0x64, 0x65, 0x43, 0x68, 0x61, 0x72, 0x00, 0x6e, 0x01, 0x45, 0x78
.byte 0x69, 0x74, 0x54, 0x68, 0x72, 0x65, 0x61, 0x64, 0x00, 0x00, 0x70, 0x05, 0x54, 0x65, 0x72, 0x6d
.byte 0x69, 0x6e, 0x61, 0x74, 0x65, 0x54, 0x68, 0x72, 0x65, 0x61, 0x64, 0x00, 0xb5, 0x04, 0x52, 0x65
.byte 0x73, 0x75, 0x6d, 0x65, 0x54, 0x68, 0x72, 0x65, 0x61, 0x64, 0x00, 0x00, 0xf5, 0x00, 0x43, 0x72
.byte 0x65, 0x61, 0x74, 0x65, 0x53, 0x65, 0x6d, 0x61, 0x70, 0x68, 0x6f, 0x72, 0x65, 0x57, 0x00, 0x00
.byte 0x42, 0x02, 0x47, 0x65, 0x74, 0x45, 0x6e, 0x76, 0x69, 0x72, 0x6f, 0x6e, 0x6d, 0x65, 0x6e, 0x74
.byte 0x56, 0x61, 0x72, 0x69, 0x61, 0x62, 0x6c, 0x65, 0x57, 0x00, 0x17, 0x05, 0x53, 0x65, 0x74, 0x4c
.byte 0x61, 0x73, 0x74, 0x45, 0x72, 0x72, 0x6f, 0x72, 0x00, 0x00, 0x27, 0x02, 0x47, 0x65, 0x74, 0x43
.byte 0x75, 0x72, 0x72, 0x65, 0x6e, 0x74, 0x54, 0x68, 0x72, 0x65, 0x61, 0x64, 0x00, 0x00, 0x68, 0x05
.byte 0x53, 0x75, 0x73, 0x70, 0x65, 0x6e, 0x64, 0x54, 0x68, 0x72, 0x65, 0x61, 0x64, 0x00, 0x02, 0x03
.byte 0x47, 0x65, 0x74, 0x54, 0x68, 0x72, 0x65, 0x61, 0x64, 0x43, 0x6f, 0x6e, 0x74, 0x65, 0x78, 0x74
.byte 0x00, 0x00, 0x22, 0x03, 0x47, 0x65, 0x74, 0x56, 0x65, 0x72, 0x73, 0x69, 0x6f, 0x6e, 0x45, 0x78
.byte 0x41, 0x00, 0x5b, 0x04, 0x52, 0x65, 0x61, 0x64, 0x50, 0x72, 0x6f, 0x63, 0x65, 0x73, 0x73, 0x4d
.byte 0x65, 0x6d, 0x6f, 0x72, 0x79, 0x00, 0xc3, 0x03, 0x4c, 0x6f, 0x61, 0x64, 0x4c, 0x69, 0x62, 0x72
.byte 0x61, 0x72, 0x79, 0x57, 0x00, 0x00, 0x62, 0x05, 0x53, 0x6c, 0x65, 0x65, 0x70, 0x45, 0x78, 0x00
.byte 0xee, 0x02, 0x47, 0x65, 0x74, 0x53, 0x79, 0x73, 0x74, 0x65, 0x6d, 0x49, 0x6e, 0x66, 0x6f, 0x00
.byte 0x10, 0x03, 0x47, 0x65, 0x74, 0x54, 0x69, 0x63, 0x6b, 0x43, 0x6f, 0x75, 0x6e, 0x74, 0x00, 0x00
.byte 0xab, 0x05, 0x56, 0x69, 0x72, 0x74, 0x75, 0x61, 0x6c, 0x41, 0x6c, 0x6c, 0x6f, 0x63, 0x00, 0x00
.byte 0xae, 0x05, 0x56, 0x69, 0x72, 0x74, 0x75, 0x61, 0x6c, 0x46, 0x72, 0x65, 0x65, 0x00, 0xb3, 0x05
.byte 0x56, 0x69, 0x72, 0x74, 0x75, 0x61, 0x6c, 0x51, 0x75, 0x65, 0x72, 0x79, 0x00, 0x00, 0x56, 0x02
.byte 0x47, 0x65, 0x74, 0x46, 0x69, 0x6c, 0x65, 0x54, 0x69, 0x6d, 0x65, 0x00, 0x6c, 0x05, 0x53, 0x79
.byte 0x73, 0x74, 0x65, 0x6d, 0x54, 0x69, 0x6d, 0x65, 0x54, 0x6f, 0x54, 0x7a, 0x53, 0x70, 0x65, 0x63
.byte 0x69, 0x66, 0x69, 0x63, 0x4c, 0x6f, 0x63, 0x61, 0x6c, 0x54, 0x69, 0x6d, 0x65, 0x00, 0x79, 0x01
.byte 0x46, 0x69, 0x6c, 0x65, 0x54, 0x69, 0x6d, 0x65, 0x54, 0x6f, 0x53, 0x79, 0x73, 0x74, 0x65, 0x6d
.byte 0x54, 0x69, 0x6d, 0x65, 0x00, 0x00, 0x17, 0x03, 0x47, 0x65, 0x74, 0x54, 0x69, 0x6d, 0x65, 0x5a
.byte 0x6f, 0x6e, 0x65, 0x49, 0x6e, 0x66, 0x6f, 0x72, 0x6d, 0x61, 0x74, 0x69, 0x6f, 0x6e, 0x00, 0x00
.byte 0xbc, 0x05, 0x57, 0x61, 0x69, 0x74, 0x46, 0x6f, 0x72, 0x53, 0x69, 0x6e, 0x67, 0x6c, 0x65, 0x4f
.byte 0x62, 0x6a, 0x65, 0x63, 0x74, 0x45, 0x78, 0x00, 0xc0, 0x03, 0x4c, 0x6f, 0x61, 0x64, 0x4c, 0x69
.byte 0x62, 0x72, 0x61, 0x72, 0x79, 0x41, 0x00, 0x00, 0xca, 0x00, 0x43, 0x72, 0x65, 0x61, 0x74, 0x65
.byte 0x45, 0x76, 0x65, 0x6e, 0x74, 0x57, 0x00, 0x00, 0x42, 0x03, 0x47, 0x6c, 0x6f, 0x62, 0x61, 0x6c
.byte 0x4d, 0x65, 0x6d, 0x6f, 0x72, 0x79, 0x53, 0x74, 0x61, 0x74, 0x75, 0x73, 0x45, 0x78, 0x00, 0x00
.byte 0xb3, 0x01, 0x46, 0x6f, 0x72, 0x6d, 0x61, 0x74, 0x4d, 0x65, 0x73, 0x73, 0x61, 0x67, 0x65, 0x41
.byte 0x00, 0x00, 0x4b, 0x45, 0x52, 0x4e, 0x45, 0x4c, 0x33, 0x32, 0x2e, 0x64, 0x6c, 0x6c, 0x00, 0x00
.byte 0xb9, 0x02, 0x53, 0x65, 0x6e, 0x64, 0x4d, 0x65, 0x73, 0x73, 0x61, 0x67, 0x65, 0x57, 0x00, 0x00
.byte 0x26, 0x01, 0x47, 0x65, 0x74, 0x43, 0x6c, 0x69, 0x65, 0x6e, 0x74, 0x52, 0x65, 0x63, 0x74, 0x00
.byte 0x4b, 0x02, 0x4d, 0x65, 0x73, 0x73, 0x61, 0x67, 0x65, 0x42, 0x6f, 0x78, 0x57, 0x00, 0x17, 0x03
.byte 0x53, 0x68, 0x6f, 0x77, 0x43, 0x75, 0x72, 0x73, 0x6f, 0x72, 0x00, 0x00, 0x9f, 0x02, 0x52, 0x65
.byte 0x67, 0x69, 0x73, 0x74, 0x65, 0x72, 0x57, 0x69, 0x6e, 0x64, 0x6f, 0x77, 0x4d, 0x65, 0x73, 0x73
.byte 0x61, 0x67, 0x65, 0x41, 0x00, 0x00, 0x3b, 0x03, 0x54, 0x72, 0x61, 0x6e, 0x73, 0x6c, 0x61, 0x74
.byte 0x65, 0x4d, 0x65, 0x73, 0x73, 0x61, 0x67, 0x65, 0x00, 0x00, 0xb5, 0x00, 0x44, 0x69, 0x73, 0x70
.byte 0x61, 0x74, 0x63, 0x68, 0x4d, 0x65, 0x73, 0x73, 0x61, 0x67, 0x65, 0x41, 0x00, 0x00, 0x69, 0x02
.byte 0x50, 0x65, 0x65, 0x6b, 0x4d, 0x65, 0x73, 0x73, 0x61, 0x67, 0x65, 0x41, 0x00, 0x00, 0xb4, 0x02
.byte 0x53, 0x65, 0x6e, 0x64, 0x4d, 0x65, 0x73, 0x73, 0x61, 0x67, 0x65, 0x41, 0x00, 0x00, 0x8a, 0x02
.byte 0x52, 0x65, 0x67, 0x69, 0x73, 0x74, 0x65, 0x72, 0x44, 0x65, 0x76, 0x69, 0x63, 0x65, 0x4e, 0x6f
.byte 0x74, 0x69, 0x66, 0x69, 0x63, 0x61, 0x74, 0x69, 0x6f, 0x6e, 0x41, 0x00, 0x6c, 0x02, 0x50, 0x6f
.byte 0x73, 0x74, 0x4d, 0x65, 0x73, 0x73, 0x61, 0x67, 0x65, 0x41, 0x00, 0x00, 0xa0, 0x00, 0x44, 0x65
.byte 0x66, 0x57, 0x69, 0x6e, 0x64, 0x6f, 0x77, 0x50, 0x72, 0x6f, 0x63, 0x41, 0x00, 0x00, 0x6e, 0x02
.byte 0x50, 0x6f, 0x73, 0x74, 0x51, 0x75, 0x69, 0x74, 0x4d, 0x65, 0x73, 0x73, 0x61, 0x67, 0x65, 0x00
.byte 0x84, 0x02, 0x52, 0x65, 0x67, 0x69, 0x73, 0x74, 0x65, 0x72, 0x43, 0x6c, 0x61, 0x73, 0x73, 0x41
.byte 0x00, 0x00, 0x70, 0x00, 0x43, 0x72, 0x65, 0x61, 0x74, 0x65, 0x57, 0x69, 0x6e, 0x64, 0x6f, 0x77
.byte 0x45, 0x78, 0x41, 0x00, 0xad, 0x00, 0x44, 0x65, 0x73, 0x74, 0x72, 0x6f, 0x79, 0x57, 0x69, 0x6e
.byte 0x64, 0x6f, 0x77, 0x00, 0x1c, 0x03, 0x53, 0x68, 0x6f, 0x77, 0x57, 0x69, 0x6e, 0x64, 0x6f, 0x77
.byte 0x00, 0x00, 0x0b, 0x03, 0x53, 0x65, 0x74, 0x57, 0x69, 0x6e, 0x64, 0x6f, 0x77, 0x50, 0x6f, 0x73
.byte 0x00, 0x00, 0xa9, 0x01, 0x47, 0x65, 0x74, 0x53, 0x79, 0x73, 0x74, 0x65, 0x6d, 0x4d, 0x65, 0x74
.byte 0x72, 0x69, 0x63, 0x73, 0x00, 0x00, 0xa2, 0x02, 0x52, 0x65, 0x6c, 0x65, 0x61, 0x73, 0x65, 0x44
.byte 0x43, 0x00, 0x0f, 0x03, 0x53, 0x65, 0x74, 0x57, 0x69, 0x6e, 0x64, 0x6f, 0x77, 0x54, 0x65, 0x78
.byte 0x74, 0x41, 0x00, 0x00, 0xca, 0x01, 0x47, 0x65, 0x74, 0x57, 0x69, 0x6e, 0x64, 0x6f, 0x77, 0x52
.byte 0x65, 0x63, 0x74, 0x00, 0x02, 0x00, 0x41, 0x64, 0x6a, 0x75, 0x73, 0x74, 0x57, 0x69, 0x6e, 0x64
.byte 0x6f, 0x77, 0x52, 0x65, 0x63, 0x74, 0x00, 0x00, 0x34, 0x01, 0x47, 0x65, 0x74, 0x43, 0x75, 0x72
.byte 0x73, 0x6f, 0x72, 0x50, 0x6f, 0x73, 0x00, 0x00, 0x4a, 0x00, 0x43, 0x6c, 0x69, 0x70, 0x43, 0x75
.byte 0x72, 0x73, 0x6f, 0x72, 0x00, 0x00, 0xc3, 0x01, 0x47, 0x65, 0x74, 0x57, 0x69, 0x6e, 0x64, 0x6f
.byte 0x77, 0x4c, 0x6f, 0x6e, 0x67, 0x41, 0x00, 0x00, 0x08, 0x03, 0x53, 0x65, 0x74, 0x57, 0x69, 0x6e
.byte 0x64, 0x6f, 0x77, 0x4c, 0x6f, 0x6e, 0x67, 0x41, 0x00, 0x00, 0xe6, 0x02, 0x53, 0x65, 0x74, 0x50
.byte 0x61, 0x72, 0x65, 0x6e, 0x74, 0x00, 0x13, 0x03, 0x53, 0x65, 0x74, 0x57, 0x69, 0x6e, 0x64, 0x6f
.byte 0x77, 0x73, 0x48, 0x6f, 0x6f, 0x6b, 0x45, 0x78, 0x41, 0x00, 0x3f, 0x03, 0x55, 0x6e, 0x68, 0x6f
.byte 0x6f, 0x6b, 0x57, 0x69, 0x6e, 0x64, 0x6f, 0x77, 0x73, 0x48, 0x6f, 0x6f, 0x6b, 0x45, 0x78, 0x00
.byte 0x1c, 0x00, 0x43, 0x61, 0x6c, 0x6c, 0x4e, 0x65, 0x78, 0x74, 0x48, 0x6f, 0x6f, 0x6b, 0x45, 0x78
.byte 0x00, 0x00, 0x1d, 0x02, 0x4c, 0x6f, 0x61, 0x64, 0x43, 0x75, 0x72, 0x73, 0x6f, 0x72, 0x41, 0x00
.byte 0x21, 0x02, 0x4c, 0x6f, 0x61, 0x64, 0x49, 0x63, 0x6f, 0x6e, 0x41, 0x00, 0x23, 0x00, 0x43, 0x68
.byte 0x61, 0x6e, 0x67, 0x65, 0x44, 0x69, 0x73, 0x70, 0x6c, 0x61, 0x79, 0x53, 0x65, 0x74, 0x74, 0x69
.byte 0x6e, 0x67, 0x73, 0x41, 0x00, 0x00, 0xc2, 0x01, 0x47, 0x65, 0x74, 0x57, 0x69, 0x6e, 0x64, 0x6f
.byte 0x77, 0x49, 0x6e, 0x66, 0x6f, 0x00, 0xb6, 0x00, 0x44, 0x69, 0x73, 0x70, 0x61, 0x74, 0x63, 0x68
.byte 0x4d, 0x65, 0x73, 0x73, 0x61, 0x67, 0x65, 0x57, 0x00, 0x00, 0x6a, 0x02, 0x50, 0x65, 0x65, 0x6b
.byte 0x4d, 0x65, 0x73, 0x73, 0x61, 0x67, 0x65, 0x57, 0x00, 0x00, 0xc8, 0x02, 0x53, 0x65, 0x74, 0x43
.byte 0x75, 0x72, 0x73, 0x6f, 0x72, 0x50, 0x6f, 0x73, 0x00, 0x00, 0x49, 0x00, 0x43, 0x6c, 0x69, 0x65
.byte 0x6e, 0x74, 0x54, 0x6f, 0x53, 0x63, 0x72, 0x65, 0x65, 0x6e, 0x00, 0x00, 0x27, 0x01, 0x47, 0x65
.byte 0x74, 0x43, 0x6c, 0x69, 0x70, 0x43, 0x75, 0x72, 0x73, 0x6f, 0x72, 0x00, 0x76, 0x03, 0x77, 0x73
.byte 0x70, 0x72, 0x69, 0x6e, 0x74, 0x66, 0x57, 0x00, 0x55, 0x53, 0x45, 0x52, 0x33, 0x32, 0x2e, 0x64
.byte 0x6c, 0x6c, 0x00, 0x00, 0xc0, 0x00, 0x43, 0x72, 0x79, 0x70, 0x74, 0x41, 0x63, 0x71, 0x75, 0x69
.byte 0x72, 0x65, 0x43, 0x6f, 0x6e, 0x74, 0x65, 0x78, 0x74, 0x41, 0x00, 0x00, 0xdb, 0x00, 0x43, 0x72
.byte 0x79, 0x70, 0x74, 0x52, 0x65, 0x6c, 0x65, 0x61, 0x73, 0x65, 0x43, 0x6f, 0x6e, 0x74, 0x65, 0x78
.byte 0x74, 0x00, 0xd4, 0x00, 0x43, 0x72, 0x79, 0x70, 0x74, 0x47, 0x65, 0x74, 0x48, 0x61, 0x73, 0x68
.byte 0x50, 0x61, 0x72, 0x61, 0x6d, 0x00, 0xc3, 0x00, 0x43, 0x72, 0x79, 0x70, 0x74, 0x43, 0x72, 0x65
.byte 0x61, 0x74, 0x65, 0x48, 0x61, 0x73, 0x68, 0x00, 0xd8, 0x00, 0x43, 0x72, 0x79, 0x70, 0x74, 0x48
.byte 0x61, 0x73, 0x68, 0x44, 0x61, 0x74, 0x61, 0x00, 0xc6, 0x00, 0x43, 0x72, 0x79, 0x70, 0x74, 0x44
.byte 0x65, 0x73, 0x74, 0x72, 0x6f, 0x79, 0x48, 0x61, 0x73, 0x68, 0x00, 0x00, 0x79, 0x01, 0x47, 0x65
.byte 0x74, 0x55, 0x73, 0x65, 0x72, 0x4e, 0x61, 0x6d, 0x65, 0x41, 0x00, 0x00, 0x41, 0x44, 0x56, 0x41
.byte 0x50, 0x49, 0x33, 0x32, 0x2e, 0x64, 0x6c, 0x6c, 0x00, 0x00, 0x32, 0x01, 0x53, 0x68, 0x65, 0x6c
.byte 0x6c, 0x45, 0x78, 0x65, 0x63, 0x75, 0x74, 0x65, 0x57, 0x00, 0x06, 0x00, 0x43, 0x6f, 0x6d, 0x6d
.byte 0x61, 0x6e, 0x64, 0x4c, 0x69, 0x6e, 0x65, 0x54, 0x6f, 0x41, 0x72, 0x67, 0x76, 0x57, 0x00, 0x00
.byte 0xcd, 0x00, 0x53, 0x48, 0x47, 0x65, 0x74, 0x46, 0x6f, 0x6c, 0x64, 0x65, 0x72, 0x50, 0x61, 0x74
.byte 0x68, 0x57, 0x00, 0x00, 0x53, 0x48, 0x45, 0x4c, 0x4c, 0x33, 0x32, 0x2e, 0x64, 0x6c, 0x6c, 0x00
.byte 0x7d, 0x00, 0x43, 0x6f, 0x55, 0x6e, 0x69, 0x6e, 0x69, 0x74, 0x69, 0x61, 0x6c, 0x69, 0x7a, 0x65
.byte 0x00, 0x00, 0x74, 0x00, 0x43, 0x6f, 0x53, 0x65, 0x74, 0x50, 0x72, 0x6f, 0x78, 0x79, 0x42, 0x6c
.byte 0x61, 0x6e, 0x6b, 0x65, 0x74, 0x00, 0x19, 0x00, 0x43, 0x6f, 0x43, 0x72, 0x65, 0x61, 0x74, 0x65
.byte 0x49, 0x6e, 0x73, 0x74, 0x61, 0x6e, 0x63, 0x65, 0x00, 0x00, 0x4e, 0x00, 0x43, 0x6f, 0x49, 0x6e
.byte 0x69, 0x74, 0x69, 0x61, 0x6c, 0x69, 0x7a, 0x65, 0x00, 0x00, 0x6f, 0x6c, 0x65, 0x33, 0x32, 0x2e
.byte 0x64, 0x6c, 0x6c, 0x00, 0x4f, 0x4c, 0x45, 0x41, 0x55, 0x54, 0x33, 0x32, 0x2e, 0x64, 0x6c, 0x6c
.byte 0x00, 0x00, 0x21, 0x04, 0x5f, 0x70, 0x75, 0x72, 0x65, 0x63, 0x61, 0x6c, 0x6c, 0x00, 0x14, 0x04
.byte 0x5f, 0x6f, 0x70, 0x65, 0x6e, 0x5f, 0x6f, 0x73, 0x66, 0x68, 0x61, 0x6e, 0x64, 0x6c, 0x65, 0x00
.byte 0x1a, 0x06, 0x6d, 0x65, 0x6d, 0x6d, 0x6f, 0x76, 0x65, 0x00, 0xa6, 0x01, 0x5f, 0x5f, 0x69, 0x6f
.byte 0x62, 0x5f, 0x66, 0x75, 0x6e, 0x63, 0x00, 0x00, 0x6f, 0x02, 0x5f, 0x66, 0x64, 0x6f, 0x70, 0x65
.byte 0x6e, 0x00, 0xca, 0x05, 0x66, 0x6f, 0x70, 0x65, 0x6e, 0x00, 0x34, 0x06, 0x73, 0x65, 0x74, 0x76
.byte 0x62, 0x75, 0x66, 0x00, 0x5d, 0x01, 0x5f, 0x43, 0x78, 0x78, 0x54, 0x68, 0x72, 0x6f, 0x77, 0x45
.byte 0x78, 0x63, 0x65, 0x70, 0x74, 0x69, 0x6f, 0x6e, 0x00, 0x00, 0x78, 0x01, 0x5f, 0x5f, 0x43, 0x78
.byte 0x78, 0x46, 0x72, 0x61, 0x6d, 0x65, 0x48, 0x61, 0x6e, 0x64, 0x6c, 0x65, 0x72, 0x33, 0x00, 0x00
.byte 0x18, 0x06, 0x6d, 0x65, 0x6d, 0x63, 0x70, 0x79, 0x00, 0x00, 0x4d, 0x06, 0x73, 0x74, 0x72, 0x6e
.byte 0x63, 0x70, 0x79, 0x00, 0x56, 0x02, 0x5f, 0x64, 0x75, 0x70, 0x65, 0x6e, 0x76, 0x5f, 0x73, 0x00
.byte 0xd4, 0x05, 0x66, 0x72, 0x65, 0x65, 0x00, 0x00, 0x25, 0x04, 0x5f, 0x70, 0x75, 0x74, 0x65, 0x6e
.byte 0x76, 0x5f, 0x73, 0x00, 0x53, 0x06, 0x73, 0x74, 0x72, 0x73, 0x74, 0x72, 0x00, 0x00, 0x65, 0x06
.byte 0x74, 0x6f, 0x75, 0x70, 0x70, 0x65, 0x72, 0x00, 0x20, 0x06, 0x70, 0x72, 0x69, 0x6e, 0x74, 0x66
.byte 0x00, 0x00, 0xfe, 0x04, 0x5f, 0x76, 0x73, 0x6e, 0x70, 0x72, 0x69, 0x6e, 0x74, 0x66, 0x5f, 0x73
.byte 0x00, 0x00, 0x1c, 0x06, 0x6d, 0x65, 0x6d, 0x73, 0x65, 0x74, 0x00, 0x00, 0xcc, 0x05, 0x66, 0x70
.byte 0x72, 0x69, 0x6e, 0x74, 0x66, 0x00, 0x16, 0x06, 0x6d, 0x65, 0x6d, 0x63, 0x68, 0x72, 0x00, 0x00
.byte 0x39, 0x06, 0x73, 0x70, 0x72, 0x69, 0x6e, 0x74, 0x66, 0x5f, 0x73, 0x00, 0x8a, 0x04, 0x5f, 0x73
.byte 0x74, 0x72, 0x69, 0x63, 0x6d, 0x70, 0x00, 0x00, 0x57, 0x01, 0x5f, 0x43, 0x49, 0x73, 0x71, 0x72
.byte 0x74, 0x00, 0x58, 0x01, 0x5f, 0x43, 0x49, 0x74, 0x61, 0x6e, 0x00, 0x00, 0x51, 0x06, 0x73, 0x74
.byte 0x72, 0x72, 0x63, 0x68, 0x72, 0x00, 0xec, 0x05, 0x69, 0x73, 0x61, 0x6c, 0x70, 0x68, 0x61, 0x00
.byte 0x27, 0x06, 0x71, 0x73, 0x6f, 0x72, 0x74, 0x00, 0x4d, 0x01, 0x5f, 0x43, 0x49, 0x61, 0x74, 0x61
.byte 0x6e, 0x32, 0x00, 0x00, 0x4e, 0x01, 0x5f, 0x43, 0x49, 0x63, 0x6f, 0x73, 0x00, 0x00, 0x55, 0x01
.byte 0x5f, 0x43, 0x49, 0x73, 0x69, 0x6e, 0x00, 0x00, 0xc2, 0x05, 0x66, 0x66, 0x6c, 0x75, 0x73, 0x68
.byte 0x00, 0x00, 0x40, 0x06, 0x73, 0x74, 0x72, 0x63, 0x68, 0x72, 0x00, 0x00, 0x4a, 0x01, 0x5f, 0x43
.byte 0x49, 0x61, 0x63, 0x6f, 0x73, 0x00, 0x51, 0x01, 0x5f, 0x43, 0x49, 0x66, 0x6d, 0x6f, 0x64, 0x00
.byte 0xc8, 0x05, 0x66, 0x6c, 0x6f, 0x6f, 0x72, 0x00, 0x4a, 0x06, 0x73, 0x74, 0x72, 0x6e, 0x63, 0x61
.byte 0x74, 0x00, 0x4b, 0x01, 0x5f, 0x43, 0x49, 0x61, 0x73, 0x69, 0x6e, 0x00, 0x54, 0x01, 0x5f, 0x43
.byte 0x49, 0x70, 0x6f, 0x77, 0x00, 0x00, 0x38, 0x06, 0x73, 0x70, 0x72, 0x69, 0x6e, 0x74, 0x66, 0x00
.byte 0x58, 0x06, 0x73, 0x74, 0x72, 0x74, 0x6f, 0x75, 0x6c, 0x00, 0x4c, 0x06, 0x73, 0x74, 0x72, 0x6e
.byte 0x63, 0x6d, 0x70, 0x00, 0x94, 0x04, 0x5f, 0x73, 0x74, 0x72, 0x6e, 0x69, 0x63, 0x6d, 0x70, 0x00
.byte 0xbf, 0x05, 0x66, 0x63, 0x6c, 0x6f, 0x73, 0x65, 0x00, 0x00, 0xd2, 0x05, 0x66, 0x72, 0x65, 0x61
.byte 0x64, 0x00, 0x98, 0x02, 0x5f, 0x66, 0x73, 0x65, 0x65, 0x6b, 0x69, 0x36, 0x34, 0x00, 0xda, 0x05
.byte 0x66, 0x73, 0x65, 0x65, 0x6b, 0x00, 0xf4, 0x05, 0x69, 0x73, 0x73, 0x70, 0x61, 0x63, 0x65, 0x00
.byte 0x8c, 0x06, 0x77, 0x63, 0x73, 0x73, 0x74, 0x72, 0x00, 0x00, 0xae, 0x05, 0x61, 0x74, 0x6f, 0x66
.byte 0x00, 0x00, 0xaf, 0x05, 0x61, 0x74, 0x6f, 0x69, 0x00, 0x00, 0x13, 0x06, 0x6d, 0x62, 0x73, 0x74
.byte 0x6f, 0x77, 0x63, 0x73, 0x00, 0x00, 0x91, 0x06, 0x77, 0x63, 0x73, 0x74, 0x6f, 0x6d, 0x62, 0x73
.byte 0x00, 0x00, 0x3d, 0x06, 0x73, 0x73, 0x63, 0x61, 0x6e, 0x66, 0x5f, 0x73, 0x00, 0x00, 0x5c, 0x06
.byte 0x73, 0x77, 0x73, 0x63, 0x61, 0x6e, 0x66, 0x5f, 0x73, 0x00, 0x2a, 0x06, 0x72, 0x61, 0x6e, 0x64
.byte 0x00, 0x00, 0x87, 0x02, 0x5f, 0x66, 0x70, 0x72, 0x65, 0x73, 0x65, 0x74, 0x00, 0x00, 0xdf, 0x05
.byte 0x66, 0x77, 0x72, 0x69, 0x74, 0x65, 0x00, 0x00, 0x59, 0x04, 0x5f, 0x73, 0x6e, 0x70, 0x72, 0x69
.byte 0x6e, 0x74, 0x66, 0x00, 0x70, 0x06, 0x76, 0x73, 0x70, 0x72, 0x69, 0x6e, 0x74, 0x66, 0x00, 0x00
.byte 0x19, 0x06, 0x6d, 0x65, 0x6d, 0x63, 0x70, 0x79, 0x5f, 0x73, 0x00, 0x00, 0x1b, 0x06, 0x6d, 0x65
.byte 0x6d, 0x6d, 0x6f, 0x76, 0x65, 0x5f, 0x73, 0x00, 0xb4, 0x05, 0x63, 0x61, 0x6c, 0x6c, 0x6f, 0x63
.byte 0x00, 0x00, 0x2d, 0x04, 0x5f, 0x72, 0x65, 0x63, 0x61, 0x6c, 0x6c, 0x6f, 0x63, 0x00, 0x06, 0x06
.byte 0x6c, 0x64, 0x69, 0x76, 0x00, 0x00, 0x3c, 0x06, 0x73, 0x73, 0x63, 0x61, 0x6e, 0x66, 0x00, 0x00
.byte 0x98, 0x06, 0x77, 0x6d, 0x65, 0x6d, 0x63, 0x70, 0x79, 0x5f, 0x73, 0x00, 0x4c, 0x01, 0x5f, 0x43
.byte 0x49, 0x61, 0x74, 0x61, 0x6e, 0x00, 0x44, 0x06, 0x73, 0x74, 0x72, 0x63, 0x70, 0x79, 0x5f, 0x73
.byte 0x00, 0x00, 0x3f, 0x06, 0x73, 0x74, 0x72, 0x63, 0x61, 0x74, 0x5f, 0x73, 0x00, 0x00, 0x86, 0x04
.byte 0x5f, 0x73, 0x74, 0x72, 0x64, 0x75, 0x70, 0x00, 0x4e, 0x06, 0x73, 0x74, 0x72, 0x6e, 0x63, 0x70
.byte 0x79, 0x5f, 0x73, 0x00, 0x78, 0x06, 0x77, 0x63, 0x73, 0x63, 0x61, 0x74, 0x5f, 0x73, 0x00, 0x00
.byte 0x0d, 0x06, 0x6d, 0x61, 0x6c, 0x6c, 0x6f, 0x63, 0x00, 0x00, 0x80, 0x01, 0x5f, 0x5f, 0x52, 0x54
.byte 0x44, 0x79, 0x6e, 0x61, 0x6d, 0x69, 0x63, 0x43, 0x61, 0x73, 0x74, 0x00, 0xba, 0x04, 0x5f, 0x74
.byte 0x69, 0x6d, 0x65, 0x36, 0x34, 0x00, 0x81, 0x02, 0x5f, 0x66, 0x69, 0x6e, 0x69, 0x74, 0x65, 0x00
.byte 0x3c, 0x03, 0x5f, 0x69, 0x73, 0x6e, 0x61, 0x6e, 0x00, 0x00, 0x5d, 0x05, 0x5f, 0x77, 0x66, 0x6f
.byte 0x70, 0x65, 0x6e, 0x00, 0xb5, 0x05, 0x63, 0x65, 0x69, 0x6c, 0x00, 0x00, 0x3b, 0x06, 0x73, 0x72
.byte 0x61, 0x6e, 0x64, 0x00, 0x55, 0x06, 0x73, 0x74, 0x72, 0x74, 0x6f, 0x6b, 0x00, 0x00, 0x6e, 0x06
.byte 0x76, 0x70, 0x72, 0x69, 0x6e, 0x74, 0x66, 0x00, 0x64, 0x06, 0x74, 0x6f, 0x6c, 0x6f, 0x77, 0x65
.byte 0x72, 0x00, 0xb0, 0x05, 0x61, 0x74, 0x6f, 0x6c, 0x00, 0x00, 0xee, 0x05, 0x69, 0x73, 0x64, 0x69
.byte 0x67, 0x69, 0x74, 0x00, 0x1d, 0x06, 0x6d, 0x6f, 0x64, 0x66, 0x00, 0x00, 0x24, 0x06, 0x70, 0x75
.byte 0x74, 0x73, 0x00, 0x00, 0x67, 0x00, 0x3f, 0x3f, 0x31, 0x62, 0x61, 0x64, 0x5f, 0x63, 0x61, 0x73
.byte 0x74, 0x40, 0x73, 0x74, 0x64, 0x40, 0x40, 0x55, 0x41, 0x45, 0x40, 0x58, 0x5a, 0x00, 0x1e, 0x00
.byte 0x3f, 0x3f, 0x30, 0x62, 0x61, 0x64, 0x5f, 0x63, 0x61, 0x73, 0x74, 0x40, 0x73, 0x74, 0x64, 0x40
.byte 0x40, 0x51, 0x41, 0x45, 0x40, 0x50, 0x42, 0x44, 0x40, 0x5a, 0x00, 0x00, 0x1d, 0x00, 0x3f, 0x3f
.byte 0x30, 0x62, 0x61, 0x64, 0x5f, 0x63, 0x61, 0x73, 0x74, 0x40, 0x73, 0x74, 0x64, 0x40, 0x40, 0x51
.byte 0x41, 0x45, 0x40, 0x41, 0x42, 0x56, 0x30, 0x31, 0x40, 0x40, 0x5a, 0x00, 0x2d, 0x00, 0x3f, 0x3f
.byte 0x30, 0x65, 0x78, 0x63, 0x65, 0x70, 0x74, 0x69, 0x6f, 0x6e, 0x40, 0x73, 0x74, 0x64, 0x40, 0x40
.byte 0x51, 0x41, 0x45, 0x40, 0x41, 0x42, 0x56, 0x30, 0x31, 0x40, 0x40, 0x5a, 0x00, 0x00, 0xdc, 0x05
.byte 0x66, 0x74, 0x65, 0x6c, 0x6c, 0x00, 0x4d, 0x53, 0x56, 0x43, 0x52, 0x31, 0x31, 0x30, 0x2e, 0x64
.byte 0x6c, 0x6c, 0x00, 0x00, 0x6c, 0x03, 0x5f, 0x6c, 0x6f, 0x63, 0x6b, 0x00, 0xd6, 0x04, 0x5f, 0x75
.byte 0x6e, 0x6c, 0x6f, 0x63, 0x6b, 0x00, 0x1b, 0x02, 0x5f, 0x63, 0x61, 0x6c, 0x6c, 0x6f, 0x63, 0x5f
.byte 0x63, 0x72, 0x74, 0x00, 0x9c, 0x01, 0x5f, 0x5f, 0x64, 0x6c, 0x6c, 0x6f, 0x6e, 0x65, 0x78, 0x69
.byte 0x74, 0x00, 0x12, 0x04, 0x5f, 0x6f, 0x6e, 0x65, 0x78, 0x69, 0x74, 0x00, 0x70, 0x00, 0x3f, 0x3f
.byte 0x31, 0x74, 0x79, 0x70, 0x65, 0x5f, 0x69, 0x6e, 0x66, 0x6f, 0x40, 0x40, 0x55, 0x41, 0x45, 0x40
.byte 0x58, 0x5a, 0x00, 0x00, 0x6f, 0x01, 0x5f, 0x58, 0x63, 0x70, 0x74, 0x46, 0x69, 0x6c, 0x74, 0x65
.byte 0x72, 0x00, 0x94, 0x01, 0x5f, 0x5f, 0x63, 0x72, 0x74, 0x47, 0x65, 0x74, 0x53, 0x68, 0x6f, 0x77
.byte 0x57, 0x69, 0x6e, 0x64, 0x6f, 0x77, 0x4d, 0x6f, 0x64, 0x65, 0x00, 0x00, 0x05, 0x02, 0x5f, 0x61
.byte 0x6d, 0x73, 0x67, 0x5f, 0x65, 0x78, 0x69, 0x74, 0x00, 0x00, 0xa4, 0x01, 0x5f, 0x5f, 0x67, 0x65
.byte 0x74, 0x6d, 0x61, 0x69, 0x6e, 0x61, 0x72, 0x67, 0x73, 0x00, 0xe0, 0x01, 0x5f, 0x5f, 0x73, 0x65
.byte 0x74, 0x5f, 0x61, 0x70, 0x70, 0x5f, 0x74, 0x79, 0x70, 0x65, 0x00, 0x00, 0xbc, 0x05, 0x65, 0x78
.byte 0x69, 0x74, 0x00, 0x00, 0x69, 0x02, 0x5f, 0x65, 0x78, 0x69, 0x74, 0x00, 0x1c, 0x02, 0x5f, 0x63
.byte 0x65, 0x78, 0x69, 0x74, 0x00, 0x00, 0x10, 0x03, 0x5f, 0x69, 0x73, 0x6d, 0x62, 0x62, 0x6c, 0x65
.byte 0x61, 0x64, 0x00, 0x00, 0x2c, 0x02, 0x5f, 0x63, 0x6f, 0x6e, 0x66, 0x69, 0x67, 0x74, 0x68, 0x72
.byte 0x65, 0x61, 0x64, 0x6c, 0x6f, 0x63, 0x61, 0x6c, 0x65, 0x00, 0xe2, 0x01, 0x5f, 0x5f, 0x73, 0x65
.byte 0x74, 0x75, 0x73, 0x65, 0x72, 0x6d, 0x61, 0x74, 0x68, 0x65, 0x72, 0x72, 0x00, 0x00, 0xef, 0x02
.byte 0x5f, 0x69, 0x6e, 0x69, 0x74, 0x74, 0x65, 0x72, 0x6d, 0x5f, 0x65, 0x00, 0xee, 0x02, 0x5f, 0x69
.byte 0x6e, 0x69, 0x74, 0x74, 0x65, 0x72, 0x6d, 0x00, 0xfc, 0x01, 0x5f, 0x61, 0x63, 0x6d, 0x64, 0x6c
.byte 0x6e, 0x00, 0x84, 0x02, 0x5f, 0x66, 0x6d, 0x6f, 0x64, 0x65, 0x00, 0x00, 0x2b, 0x02, 0x5f, 0x63
.byte 0x6f, 0x6d, 0x6d, 0x6f, 0x64, 0x65, 0x00, 0x00, 0x60, 0x02, 0x5f, 0x65, 0x78, 0x63, 0x65, 0x70
.byte 0x74, 0x5f, 0x68, 0x61, 0x6e, 0x64, 0x6c, 0x65, 0x72, 0x34, 0x5f, 0x63, 0x6f, 0x6d, 0x6d, 0x6f
.byte 0x6e, 0x00, 0x3b, 0x01, 0x3f, 0x74, 0x65, 0x72, 0x6d, 0x69, 0x6e, 0x61, 0x74, 0x65, 0x40, 0x40
.byte 0x59, 0x41, 0x58, 0x58, 0x5a, 0x00, 0x3b, 0x02, 0x5f, 0x63, 0x72, 0x74, 0x5f, 0x64, 0x65, 0x62
.byte 0x75, 0x67, 0x67, 0x65, 0x72, 0x5f, 0x68, 0x6f, 0x6f, 0x6b, 0x00, 0x00, 0x9a, 0x01, 0x5f, 0x5f
.byte 0x63, 0x72, 0x74, 0x55, 0x6e, 0x68, 0x61, 0x6e, 0x64, 0x6c, 0x65, 0x64, 0x45, 0x78, 0x63, 0x65
.byte 0x70, 0x74, 0x69, 0x6f, 0x6e, 0x00, 0x99, 0x01, 0x5f, 0x5f, 0x63, 0x72, 0x74, 0x54, 0x65, 0x72
.byte 0x6d, 0x69, 0x6e, 0x61, 0x74, 0x65, 0x50, 0x72, 0x6f, 0x63, 0x65, 0x73, 0x73, 0x00, 0x98, 0x01
.byte 0x5f, 0x5f, 0x63, 0x72, 0x74, 0x53, 0x65, 0x74, 0x55, 0x6e, 0x68, 0x61, 0x6e, 0x64, 0x6c, 0x65
.byte 0x64, 0x45, 0x78, 0x63, 0x65, 0x70, 0x74, 0x69, 0x6f, 0x6e, 0x46, 0x69, 0x6c, 0x74, 0x65, 0x72
.byte 0x00, 0x00, 0xf6, 0x02, 0x5f, 0x69, 0x6e, 0x76, 0x6f, 0x6b, 0x65, 0x5f, 0x77, 0x61, 0x74, 0x73
.byte 0x6f, 0x6e, 0x00, 0x00, 0x2f, 0x02, 0x5f, 0x63, 0x6f, 0x6e, 0x74, 0x72, 0x6f, 0x6c, 0x66, 0x70
.byte 0x5f, 0x73, 0x00, 0x00, 0xd7, 0x02, 0x3f, 0x5f, 0x58, 0x62, 0x61, 0x64, 0x5f, 0x61, 0x6c, 0x6c
.byte 0x6f, 0x63, 0x40, 0x73, 0x74, 0x64, 0x40, 0x40, 0x59, 0x41, 0x58, 0x58, 0x5a, 0x00, 0xda, 0x02
.byte 0x3f, 0x5f, 0x58, 0x6c, 0x65, 0x6e, 0x67, 0x74, 0x68, 0x5f, 0x65, 0x72, 0x72, 0x6f, 0x72, 0x40
.byte 0x73, 0x74, 0x64, 0x40, 0x40, 0x59, 0x41, 0x58, 0x50, 0x42, 0x44, 0x40, 0x5a, 0x00, 0xdb, 0x02
.byte 0x3f, 0x5f, 0x58, 0x6f, 0x75, 0x74, 0x5f, 0x6f, 0x66, 0x5f, 0x72, 0x61, 0x6e, 0x67, 0x65, 0x40
.byte 0x73, 0x74, 0x64, 0x40, 0x40, 0x59, 0x41, 0x58, 0x50, 0x42, 0x44, 0x40, 0x5a, 0x00, 0xbe, 0x02
.byte 0x3f, 0x5f, 0x53, 0x79, 0x73, 0x65, 0x72, 0x72, 0x6f, 0x72, 0x5f, 0x6d, 0x61, 0x70, 0x40, 0x73
.byte 0x74, 0x64, 0x40, 0x40, 0x59, 0x41, 0x50, 0x42, 0x44, 0x48, 0x40, 0x5a, 0x00, 0x00, 0xd3, 0x02
.byte 0x3f, 0x5f, 0x57, 0x69, 0x6e, 0x65, 0x72, 0x72, 0x6f, 0x72, 0x5f, 0x6d, 0x61, 0x70, 0x40, 0x73
.byte 0x74, 0x64, 0x40, 0x40, 0x59, 0x41, 0x50, 0x42, 0x44, 0x48, 0x40, 0x5a, 0x00, 0x00, 0x82, 0x02
.byte 0x3f, 0x5f, 0x4f, 0x72, 0x70, 0x68, 0x61, 0x6e, 0x5f, 0x61, 0x6c, 0x6c, 0x40, 0x5f, 0x43, 0x6f
.byte 0x6e, 0x74, 0x61, 0x69, 0x6e, 0x65, 0x72, 0x5f, 0x62, 0x61, 0x73, 0x65, 0x30, 0x40, 0x73, 0x74
.byte 0x64, 0x40, 0x40, 0x51, 0x41, 0x45, 0x58, 0x58, 0x5a, 0x00, 0x76, 0x00, 0x3f, 0x3f, 0x30, 0x69
.byte 0x64, 0x40, 0x6c, 0x6f, 0x63, 0x61, 0x6c, 0x65, 0x40, 0x73, 0x74, 0x64, 0x40, 0x40, 0x51, 0x41
.byte 0x45, 0x40, 0x49, 0x40, 0x5a, 0x00, 0x66, 0x00, 0x3f, 0x3f, 0x30, 0x5f, 0x4c, 0x6f, 0x63, 0x6b
.byte 0x69, 0x74, 0x40, 0x73, 0x74, 0x64, 0x40, 0x40, 0x51, 0x41, 0x45, 0x40, 0x48, 0x40, 0x5a, 0x00
.byte 0xa5, 0x00, 0x3f, 0x3f, 0x31, 0x5f, 0x4c, 0x6f, 0x63, 0x6b, 0x69, 0x74, 0x40, 0x73, 0x74, 0x64
.byte 0x40, 0x40, 0x51, 0x41, 0x45, 0x40, 0x58, 0x5a, 0x00, 0x00, 0xf8, 0x03, 0x3f, 0x67, 0x65, 0x74
.byte 0x6c, 0x69, 0x6e, 0x65, 0x40, 0x3f, 0x24, 0x62, 0x61, 0x73, 0x69, 0x63, 0x5f, 0x69, 0x73, 0x74
.byte 0x72, 0x65, 0x61, 0x6d, 0x40, 0x44, 0x55, 0x3f, 0x24, 0x63, 0x68, 0x61, 0x72, 0x5f, 0x74, 0x72
.byte 0x61, 0x69, 0x74, 0x73, 0x40, 0x44, 0x40, 0x73, 0x74, 0x64, 0x40, 0x40, 0x40, 0x73, 0x74, 0x64
.byte 0x40, 0x40, 0x51, 0x41, 0x45, 0x41, 0x41, 0x56, 0x31, 0x32, 0x40, 0x50, 0x41, 0x44, 0x5f, 0x4a
.byte 0x40, 0x5a, 0x00, 0x00, 0xe6, 0x02, 0x3f, 0x63, 0x69, 0x6e, 0x40, 0x73, 0x74, 0x64, 0x40, 0x40
.byte 0x33, 0x56, 0x3f, 0x24, 0x62, 0x61, 0x73, 0x69, 0x63, 0x5f, 0x69, 0x73, 0x74, 0x72, 0x65, 0x61
.byte 0x6d, 0x40, 0x44, 0x55, 0x3f, 0x24, 0x63, 0x68, 0x61, 0x72, 0x5f, 0x74, 0x72, 0x61, 0x69, 0x74
.byte 0x73, 0x40, 0x44, 0x40, 0x73, 0x74, 0x64, 0x40, 0x40, 0x40, 0x31, 0x40, 0x41, 0x00, 0x3b, 0x01
.byte 0x3f, 0x3f, 0x5f, 0x37, 0x3f, 0x24, 0x62, 0x61, 0x73, 0x69, 0x63, 0x5f, 0x6f, 0x73, 0x74, 0x72
.byte 0x65, 0x61, 0x6d, 0x40, 0x44, 0x55, 0x3f, 0x24, 0x63, 0x68, 0x61, 0x72, 0x5f, 0x74, 0x72, 0x61
.byte 0x69, 0x74, 0x73, 0x40, 0x44, 0x40, 0x73, 0x74, 0x64, 0x40, 0x40, 0x40, 0x73, 0x74, 0x64, 0x40
.byte 0x40, 0x36, 0x42, 0x40, 0x00, 0x00, 0xb2, 0x01, 0x3f, 0x5f, 0x42, 0x41, 0x44, 0x4f, 0x46, 0x46
.byte 0x40, 0x73, 0x74, 0x64, 0x40, 0x40, 0x33, 0x5f, 0x4a, 0x42, 0x00, 0x00, 0x0d, 0x04, 0x3f, 0x69
.byte 0x64, 0x40, 0x3f, 0x24, 0x63, 0x74, 0x79, 0x70, 0x65, 0x40, 0x44, 0x40, 0x73, 0x74, 0x64, 0x40
.byte 0x40, 0x32, 0x56, 0x30, 0x6c, 0x6f, 0x63, 0x61, 0x6c, 0x65, 0x40, 0x32, 0x40, 0x41, 0x00, 0x00
.byte 0x5c, 0x05, 0x3f, 0x75, 0x6e, 0x63, 0x61, 0x75, 0x67, 0x68, 0x74, 0x5f, 0x65, 0x78, 0x63, 0x65
.byte 0x70, 0x74, 0x69, 0x6f, 0x6e, 0x40, 0x73, 0x74, 0x64, 0x40, 0x40, 0x59, 0x41, 0x5f, 0x4e, 0x58
.byte 0x5a, 0x00, 0xfb, 0x01, 0x3f, 0x5f, 0x47, 0x65, 0x74, 0x67, 0x6c, 0x6f, 0x62, 0x61, 0x6c, 0x6c
.byte 0x6f, 0x63, 0x61, 0x6c, 0x65, 0x40, 0x6c, 0x6f, 0x63, 0x61, 0x6c, 0x65, 0x40, 0x73, 0x74, 0x64
.byte 0x40, 0x40, 0x43, 0x41, 0x50, 0x41, 0x56, 0x5f, 0x4c, 0x6f, 0x63, 0x69, 0x6d, 0x70, 0x40, 0x31
.byte 0x32, 0x40, 0x58, 0x5a, 0x00, 0x00, 0x38, 0x01, 0x3f, 0x3f, 0x5f, 0x37, 0x3f, 0x24, 0x62, 0x61
.byte 0x73, 0x69, 0x63, 0x5f, 0x69, 0x73, 0x74, 0x72, 0x65, 0x61, 0x6d, 0x40, 0x44, 0x55, 0x3f, 0x24
.byte 0x63, 0x68, 0x61, 0x72, 0x5f, 0x74, 0x72, 0x61, 0x69, 0x74, 0x73, 0x40, 0x44, 0x40, 0x73, 0x74
.byte 0x64, 0x40, 0x40, 0x40, 0x73, 0x74, 0x64, 0x40, 0x40, 0x36, 0x42, 0x40, 0x00, 0x00, 0x35, 0x01
.byte 0x3f, 0x3f, 0x5f, 0x37, 0x3f, 0x24, 0x62, 0x61, 0x73, 0x69, 0x63, 0x5f, 0x69, 0x6f, 0x73, 0x74
.byte 0x72, 0x65, 0x61, 0x6d, 0x40, 0x44, 0x55, 0x3f, 0x24, 0x63, 0x68, 0x61, 0x72, 0x5f, 0x74, 0x72
.byte 0x61, 0x69, 0x74, 0x73, 0x40, 0x44, 0x40, 0x73, 0x74, 0x64, 0x40, 0x40, 0x40, 0x73, 0x74, 0x64
.byte 0x40, 0x40, 0x36, 0x42, 0x40, 0x00, 0x1b, 0x05, 0x3f, 0x73, 0x70, 0x75, 0x74, 0x6e, 0x40, 0x3f
.byte 0x24, 0x62, 0x61, 0x73, 0x69, 0x63, 0x5f, 0x73, 0x74, 0x72, 0x65, 0x61, 0x6d, 0x62, 0x75, 0x66
.byte 0x40, 0x44, 0x55, 0x3f, 0x24, 0x63, 0x68, 0x61, 0x72, 0x5f, 0x74, 0x72, 0x61, 0x69, 0x74, 0x73
.byte 0x40, 0x44, 0x40, 0x73, 0x74, 0x64, 0x40, 0x40, 0x40, 0x73, 0x74, 0x64, 0x40, 0x40, 0x51, 0x41
.byte 0x45, 0x5f, 0x4a, 0x50, 0x42, 0x44, 0x5f, 0x4a, 0x40, 0x5a, 0x00, 0x00, 0x84, 0x02, 0x3f, 0x5f
.byte 0x4f, 0x73, 0x66, 0x78, 0x40, 0x3f, 0x24, 0x62, 0x61, 0x73, 0x69, 0x63, 0x5f, 0x6f, 0x73, 0x74
.byte 0x72, 0x65, 0x61, 0x6d, 0x40, 0x44, 0x55, 0x3f, 0x24, 0x63, 0x68, 0x61, 0x72, 0x5f, 0x74, 0x72
.byte 0x61, 0x69, 0x74, 0x73, 0x40, 0x44, 0x40, 0x73, 0x74, 0x64, 0x40, 0x40, 0x40, 0x73, 0x74, 0x64
.byte 0x40, 0x40, 0x51, 0x41, 0x45, 0x58, 0x58, 0x5a, 0x00, 0x00, 0x47, 0x05, 0x3f, 0x74, 0x69, 0x65
.byte 0x40, 0x3f, 0x24, 0x62, 0x61, 0x73, 0x69, 0x63, 0x5f, 0x69, 0x6f, 0x73, 0x40, 0x44, 0x55, 0x3f
.byte 0x24, 0x63, 0x68, 0x61, 0x72, 0x5f, 0x74, 0x72, 0x61, 0x69, 0x74, 0x73, 0x40, 0x44, 0x40, 0x73
.byte 0x74, 0x64, 0x40, 0x40, 0x40, 0x73, 0x74, 0x64, 0x40, 0x40, 0x51, 0x42, 0x45, 0x50, 0x41, 0x56
.byte 0x3f, 0x24, 0x62, 0x61, 0x73, 0x69, 0x63, 0x5f, 0x6f, 0x73, 0x74, 0x72, 0x65, 0x61, 0x6d, 0x40
.byte 0x44, 0x55, 0x3f, 0x24, 0x63, 0x68, 0x61, 0x72, 0x5f, 0x74, 0x72, 0x61, 0x69, 0x74, 0x73, 0x40
.byte 0x44, 0x40, 0x73, 0x74, 0x64, 0x40, 0x40, 0x40, 0x32, 0x40, 0x58, 0x5a, 0x00, 0x00, 0x2a, 0x00
.byte 0x3f, 0x3f, 0x30, 0x3f, 0x24, 0x62, 0x61, 0x73, 0x69, 0x63, 0x5f, 0x73, 0x74, 0x72, 0x65, 0x61
.byte 0x6d, 0x62, 0x75, 0x66, 0x40, 0x44, 0x55, 0x3f, 0x24, 0x63, 0x68, 0x61, 0x72, 0x5f, 0x74, 0x72
.byte 0x61, 0x69, 0x74, 0x73, 0x40, 0x44, 0x40, 0x73, 0x74, 0x64, 0x40, 0x40, 0x40, 0x73, 0x74, 0x64
.byte 0x40, 0x40, 0x49, 0x41, 0x45, 0x40, 0x58, 0x5a, 0x00, 0x00, 0x0e, 0x00, 0x3f, 0x3f, 0x30, 0x3f
.byte 0x24, 0x62, 0x61, 0x73, 0x69, 0x63, 0x5f, 0x69, 0x6f, 0x73, 0x74, 0x72, 0x65, 0x61, 0x6d, 0x40
.byte 0x44, 0x55, 0x3f, 0x24, 0x63, 0x68, 0x61, 0x72, 0x5f, 0x74, 0x72, 0x61, 0x69, 0x74, 0x73, 0x40
.byte 0x44, 0x40, 0x73, 0x74, 0x64, 0x40, 0x40, 0x40, 0x73, 0x74, 0x64, 0x40, 0x40, 0x51, 0x41, 0x45
.byte 0x40, 0x50, 0x41, 0x56, 0x3f, 0x24, 0x62, 0x61, 0x73, 0x69, 0x63, 0x5f, 0x73, 0x74, 0x72, 0x65
.byte 0x61, 0x6d, 0x62, 0x75, 0x66, 0x40, 0x44, 0x55, 0x3f, 0x24, 0x63, 0x68, 0x61, 0x72, 0x5f, 0x74
.byte 0x72, 0x61, 0x69, 0x74, 0x73, 0x40, 0x44, 0x40, 0x73, 0x74, 0x64, 0x40, 0x40, 0x40, 0x31, 0x40
.byte 0x40, 0x5a, 0x00, 0x00, 0x52, 0x02, 0x3f, 0x5f, 0x49, 0x70, 0x66, 0x78, 0x40, 0x3f, 0x24, 0x62
.byte 0x61, 0x73, 0x69, 0x63, 0x5f, 0x69, 0x73, 0x74, 0x72, 0x65, 0x61, 0x6d, 0x40, 0x44, 0x55, 0x3f
.byte 0x24, 0x63, 0x68, 0x61, 0x72, 0x5f, 0x74, 0x72, 0x61, 0x69, 0x74, 0x73, 0x40, 0x44, 0x40, 0x73
.byte 0x74, 0x64, 0x40, 0x40, 0x40, 0x73, 0x74, 0x64, 0x40, 0x40, 0x51, 0x41, 0x45, 0x5f, 0x4e, 0x5f
.byte 0x4e, 0x40, 0x5a, 0x00, 0x15, 0x00, 0x3f, 0x3f, 0x30, 0x3f, 0x24, 0x62, 0x61, 0x73, 0x69, 0x63
.byte 0x5f, 0x69, 0x73, 0x74, 0x72, 0x65, 0x61, 0x6d, 0x40, 0x44, 0x55, 0x3f, 0x24, 0x63, 0x68, 0x61
.byte 0x72, 0x5f, 0x74, 0x72, 0x61, 0x69, 0x74, 0x73, 0x40, 0x44, 0x40, 0x73, 0x74, 0x64, 0x40, 0x40
.byte 0x40, 0x73, 0x74, 0x64, 0x40, 0x40, 0x51, 0x41, 0x45, 0x40, 0x50, 0x41, 0x56, 0x3f, 0x24, 0x62
.byte 0x61, 0x73, 0x69, 0x63, 0x5f, 0x73, 0x74, 0x72, 0x65, 0x61, 0x6d, 0x62, 0x75, 0x66, 0x40, 0x44
.byte 0x55, 0x3f, 0x24, 0x63, 0x68, 0x61, 0x72, 0x5f, 0x74, 0x72, 0x61, 0x69, 0x74, 0x73, 0x40, 0x44
.byte 0x40, 0x73, 0x74, 0x64, 0x40, 0x40, 0x40, 0x31, 0x40, 0x5f, 0x4e, 0x40, 0x5a, 0x00, 0x07, 0x00
.byte 0x3f, 0x3f, 0x30, 0x3f, 0x24, 0x62, 0x61, 0x73, 0x69, 0x63, 0x5f, 0x69, 0x6f, 0x73, 0x40, 0x44
.byte 0x55, 0x3f, 0x24, 0x63, 0x68, 0x61, 0x72, 0x5f, 0x74, 0x72, 0x61, 0x69, 0x74, 0x73, 0x40, 0x44
.byte 0x40, 0x73, 0x74, 0x64, 0x40, 0x40, 0x40, 0x73, 0x74, 0x64, 0x40, 0x40, 0x49, 0x41, 0x45, 0x40
.byte 0x58, 0x5a, 0x00, 0x00, 0x9c, 0x03, 0x3f, 0x66, 0x69, 0x6c, 0x6c, 0x40, 0x3f, 0x24, 0x62, 0x61
.byte 0x73, 0x69, 0x63, 0x5f, 0x69, 0x6f, 0x73, 0x40, 0x44, 0x55, 0x3f, 0x24, 0x63, 0x68, 0x61, 0x72
.byte 0x5f, 0x74, 0x72, 0x61, 0x69, 0x74, 0x73, 0x40, 0x44, 0x40, 0x73, 0x74, 0x64, 0x40, 0x40, 0x40
.byte 0x73, 0x74, 0x64, 0x40, 0x40, 0x51, 0x42, 0x45, 0x44, 0x58, 0x5a, 0x00, 0x8a, 0x02, 0x3f, 0x5f
.byte 0x50, 0x6e, 0x69, 0x6e, 0x63, 0x40, 0x3f, 0x24, 0x62, 0x61, 0x73, 0x69, 0x63, 0x5f, 0x73, 0x74
.byte 0x72, 0x65, 0x61, 0x6d, 0x62, 0x75, 0x66, 0x40, 0x44, 0x55, 0x3f, 0x24, 0x63, 0x68, 0x61, 0x72
.byte 0x5f, 0x74, 0x72, 0x61, 0x69, 0x74, 0x73, 0x40, 0x44, 0x40, 0x73, 0x74, 0x64, 0x40, 0x40, 0x40
.byte 0x73, 0x74, 0x64, 0x40, 0x40, 0x49, 0x41, 0x45, 0x50, 0x41, 0x44, 0x58, 0x5a, 0x00, 0xf8, 0x04
.byte 0x3f, 0x73, 0x65, 0x74, 0x70, 0x40, 0x3f, 0x24, 0x62, 0x61, 0x73, 0x69, 0x63, 0x5f, 0x73, 0x74
.byte 0x72, 0x65, 0x61, 0x6d, 0x62, 0x75, 0x66, 0x40, 0x44, 0x55, 0x3f, 0x24, 0x63, 0x68, 0x61, 0x72
.byte 0x5f, 0x74, 0x72, 0x61, 0x69, 0x74, 0x73, 0x40, 0x44, 0x40, 0x73, 0x74, 0x64, 0x40, 0x40, 0x40
.byte 0x73, 0x74, 0x64, 0x40, 0x40, 0x49, 0x41, 0x45, 0x58, 0x50, 0x41, 0x44, 0x30, 0x30, 0x40, 0x5a
.byte 0x00, 0x00, 0xf9, 0x04, 0x3f, 0x73, 0x65, 0x74, 0x70, 0x40, 0x3f, 0x24, 0x62, 0x61, 0x73, 0x69
.byte 0x63, 0x5f, 0x73, 0x74, 0x72, 0x65, 0x61, 0x6d, 0x62, 0x75, 0x66, 0x40, 0x44, 0x55, 0x3f, 0x24
.byte 0x63, 0x68, 0x61, 0x72, 0x5f, 0x74, 0x72, 0x61, 0x69, 0x74, 0x73, 0x40, 0x44, 0x40, 0x73, 0x74
.byte 0x64, 0x40, 0x40, 0x40, 0x73, 0x74, 0x64, 0x40, 0x40, 0x49, 0x41, 0x45, 0x58, 0x50, 0x41, 0x44
.byte 0x30, 0x40, 0x5a, 0x00, 0x7b, 0x04, 0x3f, 0x70, 0x62, 0x75, 0x6d, 0x70, 0x40, 0x3f, 0x24, 0x62
.byte 0x61, 0x73, 0x69, 0x63, 0x5f, 0x73, 0x74, 0x72, 0x65, 0x61, 0x6d, 0x62, 0x75, 0x66, 0x40, 0x44
.byte 0x55, 0x3f, 0x24, 0x63, 0x68, 0x61, 0x72, 0x5f, 0x74, 0x72, 0x61, 0x69, 0x74, 0x73, 0x40, 0x44
.byte 0x40, 0x73, 0x74, 0x64, 0x40, 0x40, 0x40, 0x73, 0x74, 0x64, 0x40, 0x40, 0x49, 0x41, 0x45, 0x58
.byte 0x48, 0x40, 0x5a, 0x00, 0x94, 0x03, 0x3f, 0x65, 0x70, 0x70, 0x74, 0x72, 0x40, 0x3f, 0x24, 0x62
.byte 0x61, 0x73, 0x69, 0x63, 0x5f, 0x73, 0x74, 0x72, 0x65, 0x61, 0x6d, 0x62, 0x75, 0x66, 0x40, 0x44
.byte 0x55, 0x3f, 0x24, 0x63, 0x68, 0x61, 0x72, 0x5f, 0x74, 0x72, 0x61, 0x69, 0x74, 0x73, 0x40, 0x44
.byte 0x40, 0x73, 0x74, 0x64, 0x40, 0x40, 0x40, 0x73, 0x74, 0x64, 0x40, 0x40, 0x49, 0x42, 0x45, 0x50
.byte 0x41, 0x44, 0x58, 0x5a, 0x00, 0x00, 0xf4, 0x04, 0x3f, 0x73, 0x65, 0x74, 0x67, 0x40, 0x3f, 0x24
.byte 0x62, 0x61, 0x73, 0x69, 0x63, 0x5f, 0x73, 0x74, 0x72, 0x65, 0x61, 0x6d, 0x62, 0x75, 0x66, 0x40
.byte 0x44, 0x55, 0x3f, 0x24, 0x63, 0x68, 0x61, 0x72, 0x5f, 0x74, 0x72, 0x61, 0x69, 0x74, 0x73, 0x40
.byte 0x44, 0x40, 0x73, 0x74, 0x64, 0x40, 0x40, 0x40, 0x73, 0x74, 0x64, 0x40, 0x40, 0x49, 0x41, 0x45
.byte 0x58, 0x50, 0x41, 0x44, 0x30, 0x30, 0x40, 0x5a, 0x00, 0x00, 0xa9, 0x03, 0x3f, 0x67, 0x62, 0x75
.byte 0x6d, 0x70, 0x40, 0x3f, 0x24, 0x62, 0x61, 0x73, 0x69, 0x63, 0x5f, 0x73, 0x74, 0x72, 0x65, 0x61
.byte 0x6d, 0x62, 0x75, 0x66, 0x40, 0x44, 0x55, 0x3f, 0x24, 0x63, 0x68, 0x61, 0x72, 0x5f, 0x74, 0x72
.byte 0x61, 0x69, 0x74, 0x73, 0x40, 0x44, 0x40, 0x73, 0x74, 0x64, 0x40, 0x40, 0x40, 0x73, 0x74, 0x64
.byte 0x40, 0x40, 0x49, 0x41, 0x45, 0x58, 0x48, 0x40, 0x5a, 0x00, 0x87, 0x03, 0x3f, 0x65, 0x67, 0x70
.byte 0x74, 0x72, 0x40, 0x3f, 0x24, 0x62, 0x61, 0x73, 0x69, 0x63, 0x5f, 0x73, 0x74, 0x72, 0x65, 0x61
.byte 0x6d, 0x62, 0x75, 0x66, 0x40, 0x44, 0x55, 0x3f, 0x24, 0x63, 0x68, 0x61, 0x72, 0x5f, 0x74, 0x72
.byte 0x61, 0x69, 0x74, 0x73, 0x40, 0x44, 0x40, 0x73, 0x74, 0x64, 0x40, 0x40, 0x40, 0x73, 0x74, 0x64
.byte 0x40, 0x40, 0x49, 0x42, 0x45, 0x50, 0x41, 0x44, 0x58, 0x5a, 0x00, 0x00, 0x81, 0x04, 0x3f, 0x70
.byte 0x70, 0x74, 0x72, 0x40, 0x3f, 0x24, 0x62, 0x61, 0x73, 0x69, 0x63, 0x5f, 0x73, 0x74, 0x72, 0x65
.byte 0x61, 0x6d, 0x62, 0x75, 0x66, 0x40, 0x44, 0x55, 0x3f, 0x24, 0x63, 0x68, 0x61, 0x72, 0x5f, 0x74
.byte 0x72, 0x61, 0x69, 0x74, 0x73, 0x40, 0x44, 0x40, 0x73, 0x74, 0x64, 0x40, 0x40, 0x40, 0x73, 0x74
.byte 0x64, 0x40, 0x40, 0x49, 0x42, 0x45, 0x50, 0x41, 0x44, 0x58, 0x5a, 0x00, 0x78, 0x04, 0x3f, 0x70
.byte 0x62, 0x61, 0x73, 0x65, 0x40, 0x3f, 0x24, 0x62, 0x61, 0x73, 0x69, 0x63, 0x5f, 0x73, 0x74, 0x72
.byte 0x65, 0x61, 0x6d, 0x62, 0x75, 0x66, 0x40, 0x44, 0x55, 0x3f, 0x24, 0x63, 0x68, 0x61, 0x72, 0x5f
.byte 0x74, 0x72, 0x61, 0x69, 0x74, 0x73, 0x40, 0x44, 0x40, 0x73, 0x74, 0x64, 0x40, 0x40, 0x40, 0x73
.byte 0x74, 0x64, 0x40, 0x40, 0x49, 0x42, 0x45, 0x50, 0x41, 0x44, 0x58, 0x5a, 0x00, 0x00, 0x04, 0x04
.byte 0x3f, 0x67, 0x70, 0x74, 0x72, 0x40, 0x3f, 0x24, 0x62, 0x61, 0x73, 0x69, 0x63, 0x5f, 0x73, 0x74
.byte 0x72, 0x65, 0x61, 0x6d, 0x62, 0x75, 0x66, 0x40, 0x44, 0x55, 0x3f, 0x24, 0x63, 0x68, 0x61, 0x72
.byte 0x5f, 0x74, 0x72, 0x61, 0x69, 0x74, 0x73, 0x40, 0x44, 0x40, 0x73, 0x74, 0x64, 0x40, 0x40, 0x40
.byte 0x73, 0x74, 0x64, 0x40, 0x40, 0x49, 0x42, 0x45, 0x50, 0x41, 0x44, 0x58, 0x5a, 0x00, 0x84, 0x03
.byte 0x3f, 0x65, 0x62, 0x61, 0x63, 0x6b, 0x40, 0x3f, 0x24, 0x62, 0x61, 0x73, 0x69, 0x63, 0x5f, 0x73
.byte 0x74, 0x72, 0x65, 0x61, 0x6d, 0x62, 0x75, 0x66, 0x40, 0x44, 0x55, 0x3f, 0x24, 0x63, 0x68, 0x61
.byte 0x72, 0x5f, 0x74, 0x72, 0x61, 0x69, 0x74, 0x73, 0x40, 0x44, 0x40, 0x73, 0x74, 0x64, 0x40, 0x40
.byte 0x40, 0x73, 0x74, 0x64, 0x40, 0x40, 0x49, 0x42, 0x45, 0x50, 0x41, 0x44, 0x58, 0x5a, 0x00, 0x00
.byte 0x18, 0x05, 0x3f, 0x73, 0x70, 0x75, 0x74, 0x63, 0x40, 0x3f, 0x24, 0x62, 0x61, 0x73, 0x69, 0x63
.byte 0x5f, 0x73, 0x74, 0x72, 0x65, 0x61, 0x6d, 0x62, 0x75, 0x66, 0x40, 0x44, 0x55, 0x3f, 0x24, 0x63
.byte 0x68, 0x61, 0x72, 0x5f, 0x74, 0x72, 0x61, 0x69, 0x74, 0x73, 0x40, 0x44, 0x40, 0x73, 0x74, 0x64
.byte 0x40, 0x40, 0x40, 0x73, 0x74, 0x64, 0x40, 0x40, 0x51, 0x41, 0x45, 0x48, 0x44, 0x40, 0x5a, 0x00
.byte 0x7e, 0x00, 0x3f, 0x3f, 0x31, 0x3f, 0x24, 0x62, 0x61, 0x73, 0x69, 0x63, 0x5f, 0x69, 0x6f, 0x73
.byte 0x74, 0x72, 0x65, 0x61, 0x6d, 0x40, 0x44, 0x55, 0x3f, 0x24, 0x63, 0x68, 0x61, 0x72, 0x5f, 0x74
.byte 0x72, 0x61, 0x69, 0x74, 0x73, 0x40, 0x44, 0x40, 0x73, 0x74, 0x64, 0x40, 0x40, 0x40, 0x73, 0x74
.byte 0x64, 0x40, 0x40, 0x55, 0x41, 0x45, 0x40, 0x58, 0x5a, 0x00, 0xa3, 0x01, 0x3f, 0x5f, 0x41, 0x64
.byte 0x64, 0x5f, 0x76, 0x74, 0x6f, 0x72, 0x64, 0x69, 0x73, 0x70, 0x31, 0x40, 0x3f, 0x24, 0x62, 0x61
.byte 0x73, 0x69, 0x63, 0x5f, 0x69, 0x73, 0x74, 0x72, 0x65, 0x61, 0x6d, 0x40, 0x44, 0x55, 0x3f, 0x24
.byte 0x63, 0x68, 0x61, 0x72, 0x5f, 0x74, 0x72, 0x61, 0x69, 0x74, 0x73, 0x40, 0x44, 0x40, 0x73, 0x74
.byte 0x64, 0x40, 0x40, 0x40, 0x73, 0x74, 0x64, 0x40, 0x40, 0x55, 0x41, 0x45, 0x58, 0x58, 0x5a, 0x00
.byte 0x81, 0x00, 0x3f, 0x3f, 0x31, 0x3f, 0x24, 0x62, 0x61, 0x73, 0x69, 0x63, 0x5f, 0x69, 0x73, 0x74
.byte 0x72, 0x65, 0x61, 0x6d, 0x40, 0x44, 0x55, 0x3f, 0x24, 0x63, 0x68, 0x61, 0x72, 0x5f, 0x74, 0x72
.byte 0x61, 0x69, 0x74, 0x73, 0x40, 0x44, 0x40, 0x73, 0x74, 0x64, 0x40, 0x40, 0x40, 0x73, 0x74, 0x64
.byte 0x40, 0x40, 0x55, 0x41, 0x45, 0x40, 0x58, 0x5a, 0x00, 0x00, 0xa3, 0x03, 0x3f, 0x66, 0x6c, 0x75
.byte 0x73, 0x68, 0x40, 0x3f, 0x24, 0x62, 0x61, 0x73, 0x69, 0x63, 0x5f, 0x6f, 0x73, 0x74, 0x72, 0x65
.byte 0x61, 0x6d, 0x40, 0x44, 0x55, 0x3f, 0x24, 0x63, 0x68, 0x61, 0x72, 0x5f, 0x74, 0x72, 0x61, 0x69
.byte 0x74, 0x73, 0x40, 0x44, 0x40, 0x73, 0x74, 0x64, 0x40, 0x40, 0x40, 0x73, 0x74, 0x64, 0x40, 0x40
.byte 0x51, 0x41, 0x45, 0x41, 0x41, 0x56, 0x31, 0x32, 0x40, 0x58, 0x5a, 0x00, 0xfe, 0x00, 0x3f, 0x3f
.byte 0x36, 0x3f, 0x24, 0x62, 0x61, 0x73, 0x69, 0x63, 0x5f, 0x6f, 0x73, 0x74, 0x72, 0x65, 0x61, 0x6d
.byte 0x40, 0x44, 0x55, 0x3f, 0x24, 0x63, 0x68, 0x61, 0x72, 0x5f, 0x74, 0x72, 0x61, 0x69, 0x74, 0x73
.byte 0x40, 0x44, 0x40, 0x73, 0x74, 0x64, 0x40, 0x40, 0x40, 0x73, 0x74, 0x64, 0x40, 0x40, 0x51, 0x41
.byte 0x45, 0x41, 0x41, 0x56, 0x30, 0x31, 0x40, 0x48, 0x40, 0x5a, 0x00, 0x00, 0xa9, 0x01, 0x3f, 0x5f
.byte 0x41, 0x64, 0x64, 0x5f, 0x76, 0x74, 0x6f, 0x72, 0x64, 0x69, 0x73, 0x70, 0x32, 0x40, 0x3f, 0x24
.byte 0x62, 0x61, 0x73, 0x69, 0x63, 0x5f, 0x6f, 0x73, 0x74, 0x72, 0x65, 0x61, 0x6d, 0x40, 0x44, 0x55
.byte 0x3f, 0x24, 0x63, 0x68, 0x61, 0x72, 0x5f, 0x74, 0x72, 0x61, 0x69, 0x74, 0x73, 0x40, 0x44, 0x40
.byte 0x73, 0x74, 0x64, 0x40, 0x40, 0x40, 0x73, 0x74, 0x64, 0x40, 0x40, 0x55, 0x41, 0x45, 0x58, 0x58
.byte 0x5a, 0x00, 0x84, 0x00, 0x3f, 0x3f, 0x31, 0x3f, 0x24, 0x62, 0x61, 0x73, 0x69, 0x63, 0x5f, 0x6f
.byte 0x73, 0x74, 0x72, 0x65, 0x61, 0x6d, 0x40, 0x44, 0x55, 0x3f, 0x24, 0x63, 0x68, 0x61, 0x72, 0x5f
.byte 0x74, 0x72, 0x61, 0x69, 0x74, 0x73, 0x40, 0x44, 0x40, 0x73, 0x74, 0x64, 0x40, 0x40, 0x40, 0x73
.byte 0x74, 0x64, 0x40, 0x40, 0x55, 0x41, 0x45, 0x40, 0x58, 0x5a, 0x00, 0x00, 0x20, 0x00, 0x3f, 0x3f
.byte 0x30, 0x3f, 0x24, 0x62, 0x61, 0x73, 0x69, 0x63, 0x5f, 0x6f, 0x73, 0x74, 0x72, 0x65, 0x61, 0x6d
.byte 0x40, 0x44, 0x55, 0x3f, 0x24, 0x63, 0x68, 0x61, 0x72, 0x5f, 0x74, 0x72, 0x61, 0x69, 0x74, 0x73
.byte 0x40, 0x44, 0x40, 0x73, 0x74, 0x64, 0x40, 0x40, 0x40, 0x73, 0x74, 0x64, 0x40, 0x40, 0x51, 0x41
.byte 0x45, 0x40, 0x50, 0x41, 0x56, 0x3f, 0x24, 0x62, 0x61, 0x73, 0x69, 0x63, 0x5f, 0x73, 0x74, 0x72
.byte 0x65, 0x61, 0x6d, 0x62, 0x75, 0x66, 0x40, 0x44, 0x55, 0x3f, 0x24, 0x63, 0x68, 0x61, 0x72, 0x5f
.byte 0x74, 0x72, 0x61, 0x69, 0x74, 0x73, 0x40, 0x44, 0x40, 0x73, 0x74, 0x64, 0x40, 0x40, 0x40, 0x31
.byte 0x40, 0x5f, 0x4e, 0x40, 0x5a, 0x00, 0xc1, 0x04, 0x3f, 0x72, 0x64, 0x62, 0x75, 0x66, 0x40, 0x3f
.byte 0x24, 0x62, 0x61, 0x73, 0x69, 0x63, 0x5f, 0x69, 0x6f, 0x73, 0x40, 0x44, 0x55, 0x3f, 0x24, 0x63
.byte 0x68, 0x61, 0x72, 0x5f, 0x74, 0x72, 0x61, 0x69, 0x74, 0x73, 0x40, 0x44, 0x40, 0x73, 0x74, 0x64
.byte 0x40, 0x40, 0x40, 0x73, 0x74, 0x64, 0x40, 0x40, 0x51, 0x42, 0x45, 0x50, 0x41, 0x56, 0x3f, 0x24
.byte 0x62, 0x61, 0x73, 0x69, 0x63, 0x5f, 0x73, 0x74, 0x72, 0x65, 0x61, 0x6d, 0x62, 0x75, 0x66, 0x40
.byte 0x44, 0x55, 0x3f, 0x24, 0x63, 0x68, 0x61, 0x72, 0x5f, 0x74, 0x72, 0x61, 0x69, 0x74, 0x73, 0x40
.byte 0x44, 0x40, 0x73, 0x74, 0x64, 0x40, 0x40, 0x40, 0x32, 0x40, 0x58, 0x5a, 0x00, 0x00, 0xff, 0x04
.byte 0x3f, 0x73, 0x65, 0x74, 0x73, 0x74, 0x61, 0x74, 0x65, 0x40, 0x3f, 0x24, 0x62, 0x61, 0x73, 0x69
.byte 0x63, 0x5f, 0x69, 0x6f, 0x73, 0x40, 0x44, 0x55, 0x3f, 0x24, 0x63, 0x68, 0x61, 0x72, 0x5f, 0x74
.byte 0x72, 0x61, 0x69, 0x74, 0x73, 0x40, 0x44, 0x40, 0x73, 0x74, 0x64, 0x40, 0x40, 0x40, 0x73, 0x74
.byte 0x64, 0x40, 0x40, 0x51, 0x41, 0x45, 0x58, 0x48, 0x5f, 0x4e, 0x40, 0x5a, 0x00, 0x00, 0xa6, 0x01
.byte 0x3f, 0x5f, 0x41, 0x64, 0x64, 0x5f, 0x76, 0x74, 0x6f, 0x72, 0x64, 0x69, 0x73, 0x70, 0x32, 0x40
.byte 0x3f, 0x24, 0x62, 0x61, 0x73, 0x69, 0x63, 0x5f, 0x69, 0x6f, 0x73, 0x40, 0x44, 0x55, 0x3f, 0x24
.byte 0x63, 0x68, 0x61, 0x72, 0x5f, 0x74, 0x72, 0x61, 0x69, 0x74, 0x73, 0x40, 0x44, 0x40, 0x73, 0x74
.byte 0x64, 0x40, 0x40, 0x40, 0x73, 0x74, 0x64, 0x40, 0x40, 0x55, 0x41, 0x45, 0x58, 0x58, 0x5a, 0x00
.byte 0xa0, 0x01, 0x3f, 0x5f, 0x41, 0x64, 0x64, 0x5f, 0x76, 0x74, 0x6f, 0x72, 0x64, 0x69, 0x73, 0x70
.byte 0x31, 0x40, 0x3f, 0x24, 0x62, 0x61, 0x73, 0x69, 0x63, 0x5f, 0x69, 0x6f, 0x73, 0x40, 0x44, 0x55
.byte 0x3f, 0x24, 0x63, 0x68, 0x61, 0x72, 0x5f, 0x74, 0x72, 0x61, 0x69, 0x74, 0x73, 0x40, 0x44, 0x40
.byte 0x73, 0x74, 0x64, 0x40, 0x40, 0x40, 0x73, 0x74, 0x64, 0x40, 0x40, 0x55, 0x41, 0x45, 0x58, 0x58
.byte 0x5a, 0x00, 0x7b, 0x00, 0x3f, 0x3f, 0x31, 0x3f, 0x24, 0x62, 0x61, 0x73, 0x69, 0x63, 0x5f, 0x69
.byte 0x6f, 0x73, 0x40, 0x44, 0x55, 0x3f, 0x24, 0x63, 0x68, 0x61, 0x72, 0x5f, 0x74, 0x72, 0x61, 0x69
.byte 0x74, 0x73, 0x40, 0x44, 0x40, 0x73, 0x74, 0x64, 0x40, 0x40, 0x40, 0x73, 0x74, 0x64, 0x40, 0x40
.byte 0x55, 0x41, 0x45, 0x40, 0x58, 0x5a, 0x00, 0x00, 0x34, 0x04, 0x3f, 0x69, 0x6d, 0x62, 0x75, 0x65
.byte 0x40, 0x3f, 0x24, 0x62, 0x61, 0x73, 0x69, 0x63, 0x5f, 0x73, 0x74, 0x72, 0x65, 0x61, 0x6d, 0x62
.byte 0x75, 0x66, 0x40, 0x44, 0x55, 0x3f, 0x24, 0x63, 0x68, 0x61, 0x72, 0x5f, 0x74, 0x72, 0x61, 0x69
.byte 0x74, 0x73, 0x40, 0x44, 0x40, 0x73, 0x74, 0x64, 0x40, 0x40, 0x40, 0x73, 0x74, 0x64, 0x40, 0x40
.byte 0x4d, 0x41, 0x45, 0x58, 0x41, 0x42, 0x56, 0x6c, 0x6f, 0x63, 0x61, 0x6c, 0x65, 0x40, 0x32, 0x40
.byte 0x40, 0x5a, 0x00, 0x00, 0x3a, 0x05, 0x3f, 0x73, 0x79, 0x6e, 0x63, 0x40, 0x3f, 0x24, 0x62, 0x61
.byte 0x73, 0x69, 0x63, 0x5f, 0x73, 0x74, 0x72, 0x65, 0x61, 0x6d, 0x62, 0x75, 0x66, 0x40, 0x44, 0x55
.byte 0x3f, 0x24, 0x63, 0x68, 0x61, 0x72, 0x5f, 0x74, 0x72, 0x61, 0x69, 0x74, 0x73, 0x40, 0x44, 0x40
.byte 0x73, 0x74, 0x64, 0x40, 0x40, 0x40, 0x73, 0x74, 0x64, 0x40, 0x40, 0x4d, 0x41, 0x45, 0x48, 0x58
.byte 0x5a, 0x00, 0xef, 0x04, 0x3f, 0x73, 0x65, 0x74, 0x62, 0x75, 0x66, 0x40, 0x3f, 0x24, 0x62, 0x61
.byte 0x73, 0x69, 0x63, 0x5f, 0x73, 0x74, 0x72, 0x65, 0x61, 0x6d, 0x62, 0x75, 0x66, 0x40, 0x44, 0x55
.byte 0x3f, 0x24, 0x63, 0x68, 0x61, 0x72, 0x5f, 0x74, 0x72, 0x61, 0x69, 0x74, 0x73, 0x40, 0x44, 0x40
.byte 0x73, 0x74, 0x64, 0x40, 0x40, 0x40, 0x73, 0x74, 0x64, 0x40, 0x40, 0x4d, 0x41, 0x45, 0x50, 0x41
.byte 0x56, 0x31, 0x32, 0x40, 0x50, 0x41, 0x44, 0x5f, 0x4a, 0x40, 0x5a, 0x00, 0x87, 0x05, 0x3f, 0x78
.byte 0x73, 0x70, 0x75, 0x74, 0x6e, 0x40, 0x3f, 0x24, 0x62, 0x61, 0x73, 0x69, 0x63, 0x5f, 0x73, 0x74
.byte 0x72, 0x65, 0x61, 0x6d, 0x62, 0x75, 0x66, 0x40, 0x44, 0x55, 0x3f, 0x24, 0x63, 0x68, 0x61, 0x72
.byte 0x5f, 0x74, 0x72, 0x61, 0x69, 0x74, 0x73, 0x40, 0x44, 0x40, 0x73, 0x74, 0x64, 0x40, 0x40, 0x40
.byte 0x73, 0x74, 0x64, 0x40, 0x40, 0x4d, 0x41, 0x45, 0x5f, 0x4a, 0x50, 0x42, 0x44, 0x5f, 0x4a, 0x40
.byte 0x5a, 0x00, 0x84, 0x05, 0x3f, 0x78, 0x73, 0x67, 0x65, 0x74, 0x6e, 0x40, 0x3f, 0x24, 0x62, 0x61
.byte 0x73, 0x69, 0x63, 0x5f, 0x73, 0x74, 0x72, 0x65, 0x61, 0x6d, 0x62, 0x75, 0x66, 0x40, 0x44, 0x55
.byte 0x3f, 0x24, 0x63, 0x68, 0x61, 0x72, 0x5f, 0x74, 0x72, 0x61, 0x69, 0x74, 0x73, 0x40, 0x44, 0x40
.byte 0x73, 0x74, 0x64, 0x40, 0x40, 0x40, 0x73, 0x74, 0x64, 0x40, 0x40, 0x4d, 0x41, 0x45, 0x5f, 0x4a
.byte 0x50, 0x41, 0x44, 0x5f, 0x4a, 0x40, 0x5a, 0x00, 0x59, 0x05, 0x3f, 0x75, 0x66, 0x6c, 0x6f, 0x77
.byte 0x40, 0x3f, 0x24, 0x62, 0x61, 0x73, 0x69, 0x63, 0x5f, 0x73, 0x74, 0x72, 0x65, 0x61, 0x6d, 0x62
.byte 0x75, 0x66, 0x40, 0x44, 0x55, 0x3f, 0x24, 0x63, 0x68, 0x61, 0x72, 0x5f, 0x74, 0x72, 0x61, 0x69
.byte 0x74, 0x73, 0x40, 0x44, 0x40, 0x73, 0x74, 0x64, 0x40, 0x40, 0x40, 0x73, 0x74, 0x64, 0x40, 0x40
.byte 0x4d, 0x41, 0x45, 0x48, 0x58, 0x5a, 0x00, 0x00, 0x0f, 0x05, 0x3f, 0x73, 0x68, 0x6f, 0x77, 0x6d
.byte 0x61, 0x6e, 0x79, 0x63, 0x40, 0x3f, 0x24, 0x62, 0x61, 0x73, 0x69, 0x63, 0x5f, 0x73, 0x74, 0x72
.byte 0x65, 0x61, 0x6d, 0x62, 0x75, 0x66, 0x40, 0x44, 0x55, 0x3f, 0x24, 0x63, 0x68, 0x61, 0x72, 0x5f
.byte 0x74, 0x72, 0x61, 0x69, 0x74, 0x73, 0x40, 0x44, 0x40, 0x73, 0x74, 0x64, 0x40, 0x40, 0x40, 0x73
.byte 0x74, 0x64, 0x40, 0x40, 0x4d, 0x41, 0x45, 0x5f, 0x4a, 0x58, 0x5a, 0x00, 0xcd, 0x02, 0x3f, 0x5f
.byte 0x55, 0x6e, 0x6c, 0x6f, 0x63, 0x6b, 0x40, 0x3f, 0x24, 0x62, 0x61, 0x73, 0x69, 0x63, 0x5f, 0x73
.byte 0x74, 0x72, 0x65, 0x61, 0x6d, 0x62, 0x75, 0x66, 0x40, 0x44, 0x55, 0x3f, 0x24, 0x63, 0x68, 0x61
.byte 0x72, 0x5f, 0x74, 0x72, 0x61, 0x69, 0x74, 0x73, 0x40, 0x44, 0x40, 0x73, 0x74, 0x64, 0x40, 0x40
.byte 0x40, 0x73, 0x74, 0x64, 0x40, 0x40, 0x55, 0x41, 0x45, 0x58, 0x58, 0x5a, 0x00, 0x00, 0x66, 0x02
.byte 0x3f, 0x5f, 0x4c, 0x6f, 0x63, 0x6b, 0x40, 0x3f, 0x24, 0x62, 0x61, 0x73, 0x69, 0x63, 0x5f, 0x73
.byte 0x74, 0x72, 0x65, 0x61, 0x6d, 0x62, 0x75, 0x66, 0x40, 0x44, 0x55, 0x3f, 0x24, 0x63, 0x68, 0x61
.byte 0x72, 0x5f, 0x74, 0x72, 0x61, 0x69, 0x74, 0x73, 0x40, 0x44, 0x40, 0x73, 0x74, 0x64, 0x40, 0x40
.byte 0x40, 0x73, 0x74, 0x64, 0x40, 0x40, 0x55, 0x41, 0x45, 0x58, 0x58, 0x5a, 0x00, 0x00, 0x12, 0x05
.byte 0x3f, 0x73, 0x6e, 0x65, 0x78, 0x74, 0x63, 0x40, 0x3f, 0x24, 0x62, 0x61, 0x73, 0x69, 0x63, 0x5f
.byte 0x73, 0x74, 0x72, 0x65, 0x61, 0x6d, 0x62, 0x75, 0x66, 0x40, 0x44, 0x55, 0x3f, 0x24, 0x63, 0x68
.byte 0x61, 0x72, 0x5f, 0x74, 0x72, 0x61, 0x69, 0x74, 0x73, 0x40, 0x44, 0x40, 0x73, 0x74, 0x64, 0x40
.byte 0x40, 0x40, 0x73, 0x74, 0x64, 0x40, 0x40, 0x51, 0x41, 0x45, 0x48, 0x58, 0x5a, 0x00, 0x09, 0x05
.byte 0x3f, 0x73, 0x67, 0x65, 0x74, 0x63, 0x40, 0x3f, 0x24, 0x62, 0x61, 0x73, 0x69, 0x63, 0x5f, 0x73
.byte 0x74, 0x72, 0x65, 0x61, 0x6d, 0x62, 0x75, 0x66, 0x40, 0x44, 0x55, 0x3f, 0x24, 0x63, 0x68, 0x61
.byte 0x72, 0x5f, 0x74, 0x72, 0x61, 0x69, 0x74, 0x73, 0x40, 0x44, 0x40, 0x73, 0x74, 0x64, 0x40, 0x40
.byte 0x40, 0x73, 0x74, 0x64, 0x40, 0x40, 0x51, 0x41, 0x45, 0x48, 0x58, 0x5a, 0x00, 0x00, 0x87, 0x00
.byte 0x3f, 0x3f, 0x31, 0x3f, 0x24, 0x62, 0x61, 0x73, 0x69, 0x63, 0x5f, 0x73, 0x74, 0x72, 0x65, 0x61
.byte 0x6d, 0x62, 0x75, 0x66, 0x40, 0x44, 0x55, 0x3f, 0x24, 0x63, 0x68, 0x61, 0x72, 0x5f, 0x74, 0x72
.byte 0x61, 0x69, 0x74, 0x73, 0x40, 0x44, 0x40, 0x73, 0x74, 0x64, 0x40, 0x40, 0x40, 0x73, 0x74, 0x64
.byte 0x40, 0x40, 0x55, 0x41, 0x45, 0x40, 0x58, 0x5a, 0x00, 0x00, 0x01, 0x04, 0x3f, 0x67, 0x65, 0x74
.byte 0x6c, 0x6f, 0x63, 0x40, 0x69, 0x6f, 0x73, 0x5f, 0x62, 0x61, 0x73, 0x65, 0x40, 0x73, 0x74, 0x64
.byte 0x40, 0x40, 0x51, 0x42, 0x45, 0x3f, 0x41, 0x56, 0x6c, 0x6f, 0x63, 0x61, 0x6c, 0x65, 0x40, 0x32
.byte 0x40, 0x58, 0x5a, 0x00, 0x7b, 0x05, 0x3f, 0x77, 0x69, 0x64, 0x74, 0x68, 0x40, 0x69, 0x6f, 0x73
.byte 0x5f, 0x62, 0x61, 0x73, 0x65, 0x40, 0x73, 0x74, 0x64, 0x40, 0x40, 0x51, 0x41, 0x45, 0x5f, 0x4a
.byte 0x5f, 0x4a, 0x40, 0x5a, 0x00, 0x00, 0x7c, 0x05, 0x3f, 0x77, 0x69, 0x64, 0x74, 0x68, 0x40, 0x69
.byte 0x6f, 0x73, 0x5f, 0x62, 0x61, 0x73, 0x65, 0x40, 0x73, 0x74, 0x64, 0x40, 0x40, 0x51, 0x42, 0x45
.byte 0x5f, 0x4a, 0x58, 0x5a, 0x00, 0x00, 0xa2, 0x03, 0x3f, 0x66, 0x6c, 0x61, 0x67, 0x73, 0x40, 0x69
.byte 0x6f, 0x73, 0x5f, 0x62, 0x61, 0x73, 0x65, 0x40, 0x73, 0x74, 0x64, 0x40, 0x40, 0x51, 0x42, 0x45
.byte 0x48, 0x58, 0x5a, 0x00, 0x93, 0x03, 0x3f, 0x65, 0x6f, 0x66, 0x40, 0x69, 0x6f, 0x73, 0x5f, 0x62
.byte 0x61, 0x73, 0x65, 0x40, 0x73, 0x74, 0x64, 0x40, 0x40, 0x51, 0x42, 0x45, 0x5f, 0x4e, 0x58, 0x5a
.byte 0x00, 0x00, 0x03, 0x04, 0x3f, 0x67, 0x6f, 0x6f, 0x64, 0x40, 0x69, 0x6f, 0x73, 0x5f, 0x62, 0x61
.byte 0x73, 0x65, 0x40, 0x73, 0x74, 0x64, 0x40, 0x40, 0x51, 0x42, 0x45, 0x5f, 0x4e, 0x58, 0x5a, 0x00
.byte 0xc6, 0x04, 0x3f, 0x72, 0x64, 0x73, 0x74, 0x61, 0x74, 0x65, 0x40, 0x69, 0x6f, 0x73, 0x5f, 0x62
.byte 0x61, 0x73, 0x65, 0x40, 0x73, 0x74, 0x64, 0x40, 0x40, 0x51, 0x42, 0x45, 0x48, 0x58, 0x5a, 0x00
.byte 0xdc, 0x01, 0x3f, 0x5f, 0x47, 0x65, 0x74, 0x63, 0x61, 0x74, 0x40, 0x3f, 0x24, 0x63, 0x74, 0x79
.byte 0x70, 0x65, 0x40, 0x44, 0x40, 0x73, 0x74, 0x64, 0x40, 0x40, 0x53, 0x41, 0x49, 0x50, 0x41, 0x50
.byte 0x42, 0x56, 0x66, 0x61, 0x63, 0x65, 0x74, 0x40, 0x6c, 0x6f, 0x63, 0x61, 0x6c, 0x65, 0x40, 0x32
.byte 0x40, 0x50, 0x42, 0x56, 0x34, 0x32, 0x40, 0x40, 0x5a, 0x00, 0x4b, 0x04, 0x3f, 0x69, 0x73, 0x40
.byte 0x3f, 0x24, 0x63, 0x74, 0x79, 0x70, 0x65, 0x40, 0x44, 0x40, 0x73, 0x74, 0x64, 0x40, 0x40, 0x51
.byte 0x42, 0x45, 0x5f, 0x4e, 0x46, 0x44, 0x40, 0x5a, 0x00, 0x00, 0x30, 0x01, 0x3f, 0x3f, 0x42, 0x69
.byte 0x64, 0x40, 0x6c, 0x6f, 0x63, 0x61, 0x6c, 0x65, 0x40, 0x73, 0x74, 0x64, 0x40, 0x40, 0x51, 0x41
.byte 0x45, 0x49, 0x58, 0x5a, 0x00, 0x00, 0x4d, 0x53, 0x56, 0x43, 0x50, 0x31, 0x31, 0x30, 0x2e, 0x64
.byte 0x6c, 0x6c, 0x00, 0x00, 0x00, 0x00, 0x44, 0x69, 0x72, 0x65, 0x63, 0x74, 0x49, 0x6e, 0x70, 0x75
.byte 0x74, 0x38, 0x43, 0x72, 0x65, 0x61, 0x74, 0x65, 0x00, 0x00, 0x44, 0x49, 0x4e, 0x50, 0x55, 0x54
.byte 0x38, 0x2e, 0x64, 0x6c, 0x6c, 0x00, 0x3d, 0x00, 0x50, 0x61, 0x74, 0x68, 0x43, 0x6f, 0x6d, 0x62
.byte 0x69, 0x6e, 0x65, 0x41, 0x00, 0x00, 0x8f, 0x00, 0x50, 0x61, 0x74, 0x68, 0x52, 0x65, 0x6d, 0x6f
.byte 0x76, 0x65, 0x46, 0x69, 0x6c, 0x65, 0x53, 0x70, 0x65, 0x63, 0x41, 0x00, 0x3e, 0x00, 0x50, 0x61
.byte 0x74, 0x68, 0x43, 0x6f, 0x6d, 0x62, 0x69, 0x6e, 0x65, 0x57, 0x00, 0x00, 0x90, 0x00, 0x50, 0x61
.byte 0x74, 0x68, 0x52, 0x65, 0x6d, 0x6f, 0x76, 0x65, 0x46, 0x69, 0x6c, 0x65, 0x53, 0x70, 0x65, 0x63
.byte 0x57, 0x00, 0x53, 0x48, 0x4c, 0x57, 0x41, 0x50, 0x49, 0x2e, 0x64, 0x6c, 0x6c, 0x00, 0x94, 0x00
.byte 0x74, 0x69, 0x6d, 0x65, 0x47, 0x65, 0x74, 0x54, 0x69, 0x6d, 0x65, 0x00, 0x90, 0x00, 0x74, 0x69
.byte 0x6d, 0x65, 0x42, 0x65, 0x67, 0x69, 0x6e, 0x50, 0x65, 0x72, 0x69, 0x6f, 0x64, 0x00, 0x91, 0x00
.byte 0x74, 0x69, 0x6d, 0x65, 0x45, 0x6e, 0x64, 0x50, 0x65, 0x72, 0x69, 0x6f, 0x64, 0x00, 0x57, 0x49
.byte 0x4e, 0x4d, 0x4d, 0x2e, 0x64, 0x6c, 0x6c, 0x00, 0x04, 0x00, 0x44, 0x33, 0x44, 0x31, 0x31, 0x43
.byte 0x72, 0x65, 0x61, 0x74, 0x65, 0x44, 0x65, 0x76, 0x69, 0x63, 0x65, 0x00, 0x05, 0x00, 0x44, 0x33
.byte 0x44, 0x31, 0x31, 0x43, 0x72, 0x65, 0x61, 0x74, 0x65, 0x44, 0x65, 0x76, 0x69, 0x63, 0x65, 0x41
.byte 0x6e, 0x64, 0x53, 0x77, 0x61, 0x70, 0x43, 0x68, 0x61, 0x69, 0x6e, 0x00, 0x64, 0x33, 0x64, 0x31
.byte 0x31, 0x2e, 0x64, 0x6c, 0x6c, 0x00, 0x1a, 0x00, 0x49, 0x6d, 0x6d, 0x41, 0x73, 0x73, 0x6f, 0x63
.byte 0x69, 0x61, 0x74, 0x65, 0x43, 0x6f, 0x6e, 0x74, 0x65, 0x78, 0x74, 0x00, 0x49, 0x4d, 0x4d, 0x33
.byte 0x32, 0x2e, 0x64, 0x6c, 0x6c, 0x00, 0x03, 0x00, 0x58, 0x49, 0x6e, 0x70, 0x75, 0x74, 0x47, 0x65
.byte 0x74, 0x53, 0x74, 0x61, 0x74, 0x65, 0x00, 0x00, 0x04, 0x00, 0x58, 0x49, 0x6e, 0x70, 0x75, 0x74
.byte 0x53, 0x65, 0x74, 0x53, 0x74, 0x61, 0x74, 0x65, 0x00, 0x00, 0x58, 0x49, 0x4e, 0x50, 0x55, 0x54
.byte 0x39, 0x5f, 0x31, 0x5f, 0x30, 0x2e, 0x64, 0x6c, 0x6c, 0x00, 0x04, 0x00, 0x47, 0x65, 0x74, 0x46
.byte 0x69, 0x6c, 0x65, 0x56, 0x65, 0x72, 0x73, 0x69, 0x6f, 0x6e, 0x49, 0x6e, 0x66, 0x6f, 0x53, 0x69
.byte 0x7a, 0x65, 0x41, 0x00, 0x00, 0x00, 0x47, 0x65, 0x74, 0x46, 0x69, 0x6c, 0x65, 0x56, 0x65, 0x72
.byte 0x73, 0x69, 0x6f, 0x6e, 0x49, 0x6e, 0x66, 0x6f, 0x41, 0x00, 0x10, 0x00, 0x56, 0x65, 0x72, 0x51
.byte 0x75, 0x65, 0x72, 0x79, 0x56, 0x61, 0x6c, 0x75, 0x65, 0x57, 0x00, 0x00, 0x56, 0x45, 0x52, 0x53
.byte 0x49, 0x4f, 0x4e, 0x2e, 0x64, 0x6c, 0x6c, 0x00, 0x89, 0x00, 0x3f, 0x67, 0x65, 0x74, 0x4f, 0x70
.byte 0x65, 0x6e, 0x53, 0x74, 0x61, 0x74, 0x65, 0x40, 0x53, 0x6f, 0x75, 0x6e, 0x64, 0x40, 0x46, 0x4d
.byte 0x4f, 0x44, 0x40, 0x40, 0x51, 0x41, 0x47, 0x3f, 0x41, 0x57, 0x34, 0x46, 0x4d, 0x4f, 0x44, 0x5f
.byte 0x52, 0x45, 0x53, 0x55, 0x4c, 0x54, 0x40, 0x40, 0x50, 0x41, 0x57, 0x34, 0x46, 0x4d, 0x4f, 0x44
.byte 0x5f, 0x4f, 0x50, 0x45, 0x4e, 0x53, 0x54, 0x41, 0x54, 0x45, 0x40, 0x40, 0x50, 0x41, 0x49, 0x50
.byte 0x41, 0x5f, 0x4e, 0x32, 0x40, 0x5a, 0x00, 0x00, 0x51, 0x01, 0x3f, 0x73, 0x65, 0x74, 0x55, 0x73
.byte 0x65, 0x72, 0x44, 0x61, 0x74, 0x61, 0x40, 0x53, 0x6f, 0x75, 0x6e, 0x64, 0x40, 0x46, 0x4d, 0x4f
.byte 0x44, 0x40, 0x40, 0x51, 0x41, 0x47, 0x3f, 0x41, 0x57, 0x34, 0x46, 0x4d, 0x4f, 0x44, 0x5f, 0x52
.byte 0x45, 0x53, 0x55, 0x4c, 0x54, 0x40, 0x40, 0x50, 0x41, 0x58, 0x40, 0x5a, 0x00, 0x00, 0xc8, 0x00
.byte 0x3f, 0x67, 0x65, 0x74, 0x55, 0x73, 0x65, 0x72, 0x44, 0x61, 0x74, 0x61, 0x40, 0x53, 0x6f, 0x75
.byte 0x6e, 0x64, 0x40, 0x46, 0x4d, 0x4f, 0x44, 0x40, 0x40, 0x51, 0x41, 0x47, 0x3f, 0x41, 0x57, 0x34
.byte 0x46, 0x4d, 0x4f, 0x44, 0x5f, 0x52, 0x45, 0x53, 0x55, 0x4c, 0x54, 0x40, 0x40, 0x50, 0x41, 0x50
.byte 0x41, 0x58, 0x40, 0x5a, 0x00, 0x00, 0x5a, 0x01, 0x3f, 0x73, 0x74, 0x6f, 0x70, 0x40, 0x43, 0x68
.byte 0x61, 0x6e, 0x6e, 0x65, 0x6c, 0x40, 0x46, 0x4d, 0x4f, 0x44, 0x40, 0x40, 0x51, 0x41, 0x47, 0x3f
.byte 0x41, 0x57, 0x34, 0x46, 0x4d, 0x4f, 0x44, 0x5f, 0x52, 0x45, 0x53, 0x55, 0x4c, 0x54, 0x40, 0x40
.byte 0x58, 0x5a, 0x00, 0x00, 0x31, 0x01, 0x3f, 0x73, 0x65, 0x74, 0x50, 0x61, 0x75, 0x73, 0x65, 0x64
.byte 0x40, 0x43, 0x68, 0x61, 0x6e, 0x6e, 0x65, 0x6c, 0x40, 0x46, 0x4d, 0x4f, 0x44, 0x40, 0x40, 0x51
.byte 0x41, 0x47, 0x3f, 0x41, 0x57, 0x34, 0x46, 0x4d, 0x4f, 0x44, 0x5f, 0x52, 0x45, 0x53, 0x55, 0x4c
.byte 0x54, 0x40, 0x40, 0x5f, 0x4e, 0x40, 0x5a, 0x00, 0x39, 0x01, 0x3f, 0x73, 0x65, 0x74, 0x50, 0x72
.byte 0x69, 0x6f, 0x72, 0x69, 0x74, 0x79, 0x40, 0x43, 0x68, 0x61, 0x6e, 0x6e, 0x65, 0x6c, 0x40, 0x46
.byte 0x4d, 0x4f, 0x44, 0x40, 0x40, 0x51, 0x41, 0x47, 0x3f, 0x41, 0x57, 0x34, 0x46, 0x4d, 0x4f, 0x44
.byte 0x5f, 0x52, 0x45, 0x53, 0x55, 0x4c, 0x54, 0x40, 0x40, 0x48, 0x40, 0x5a, 0x00, 0x00, 0x3c, 0x01
.byte 0x45, 0x6e, 0x63, 0x6f, 0x64, 0x65, 0x50, 0x6f, 0x69, 0x6e, 0x74, 0x65, 0x72, 0x00, 0x17, 0x01
.byte 0x44, 0x65, 0x63, 0x6f, 0x64, 0x65, 0x50, 0x6f, 0x69, 0x6e, 0x74, 0x65, 0x72, 0x00, 0x88, 0x03
.byte 0x49, 0x73, 0x50, 0x72, 0x6f, 0x63, 0x65, 0x73, 0x73, 0x6f, 0x72, 0x46, 0x65, 0x61, 0x74, 0x75
.byte 0x72, 0x65, 0x50, 0x72, 0x65, 0x73, 0x65, 0x6e, 0x74, 0x00, 0xf4, 0x02, 0x47, 0x65, 0x74, 0x53
.byte 0x79, 0x73, 0x74, 0x65, 0x6d, 0x54, 0x69, 0x6d, 0x65, 0x41, 0x73, 0x46, 0x69, 0x6c, 0x65, 0x54
.byte 0x69, 0x6d, 0x65, 0x00, 0x11, 0x03, 0x47, 0x65, 0x74, 0x54, 0x69, 0x63, 0x6b, 0x43, 0x6f, 0x75
.byte 0x6e, 0x74, 0x36, 0x34, 0x00, 0x00, 0x67, 0x03, 0x49, 0x6e, 0x69, 0x74, 0x69, 0x61, 0x6c, 0x69
.byte 0x7a, 0x65, 0x43, 0x72, 0x69, 0x74, 0x69, 0x63, 0x61, 0x6c, 0x53, 0x65, 0x63, 0x74, 0x69, 0x6f
.byte 0x6e, 0x45, 0x78, 0x00, 0x50, 0x03, 0x48, 0x65, 0x61, 0x70, 0x44, 0x65, 0x73, 0x74, 0x72, 0x6f
.byte 0x79, 0x00, 0x4d, 0x03, 0x48, 0x65, 0x61, 0x70, 0x41, 0x6c, 0x6c, 0x6f, 0x63, 0x00, 0x54, 0x03
.byte 0x48, 0x65, 0x61, 0x70, 0x52, 0x65, 0x41, 0x6c, 0x6c, 0x6f, 0x63, 0x00, 0x51, 0x03, 0x48, 0x65
.byte 0x61, 0x70, 0x46, 0x72, 0x65, 0x65, 0x00, 0x00, 0x56, 0x03, 0x48, 0x65, 0x61, 0x70, 0x53, 0x69
.byte 0x7a, 0x65, 0x00, 0x00, 0xba, 0x02, 0x47, 0x65, 0x74, 0x50, 0x72, 0x6f, 0x63, 0x65, 0x73, 0x73
.byte 0x48, 0x65, 0x61, 0x70, 0x00, 0x00, 0x71, 0x03, 0x49, 0x6e, 0x74, 0x65, 0x72, 0x6c, 0x6f, 0x63
.byte 0x6b, 0x65, 0x64, 0x49, 0x6e, 0x63, 0x72, 0x65, 0x6d, 0x65, 0x6e, 0x74, 0x00, 0x00, 0x6d, 0x03
.byte 0x49, 0x6e, 0x74, 0x65, 0x72, 0x6c, 0x6f, 0x63, 0x6b, 0x65, 0x64, 0x44, 0x65, 0x63, 0x72, 0x65
.byte 0x6d, 0x65, 0x6e, 0x74, 0x00, 0x00, 0x81, 0x02, 0x47, 0x65, 0x74, 0x4d, 0x6f, 0x64, 0x75, 0x6c
.byte 0x65, 0x48, 0x61, 0x6e, 0x64, 0x6c, 0x65, 0x57, 0x00, 0x00, 0x8e, 0x04, 0x5f, 0x73, 0x74, 0x72
.byte 0x6c, 0x77, 0x72, 0x00, 0x5d, 0x02, 0x5f, 0x65, 0x72, 0x72, 0x6e, 0x6f, 0x00, 0x00, 0xc0, 0x05
.byte 0x66, 0x65, 0x6f, 0x66, 0x00, 0x00, 0xc1, 0x05, 0x66, 0x65, 0x72, 0x72, 0x6f, 0x72, 0x00, 0x00
.byte 0xd5, 0x05, 0x66, 0x72, 0x65, 0x6f, 0x70, 0x65, 0x6e, 0x00, 0xe2, 0x05, 0x67, 0x65, 0x74, 0x63
.byte 0x00, 0x00, 0x2c, 0x06, 0x72, 0x65, 0x61, 0x6c, 0x6c, 0x6f, 0x63, 0x00, 0x46, 0x06, 0x73, 0x74
.byte 0x72, 0x65, 0x72, 0x72, 0x6f, 0x72, 0x00, 0x00, 0xf5, 0x05, 0x69, 0x73, 0x75, 0x70, 0x70, 0x65
.byte 0x72, 0x00, 0xf1, 0x05, 0x69, 0x73, 0x6c, 0x6f, 0x77, 0x65, 0x72, 0x00, 0x03, 0x06, 0x69, 0x73
.byte 0x78, 0x64, 0x69, 0x67, 0x69, 0x74, 0x00, 0x00, 0xf3, 0x05, 0x69, 0x73, 0x70, 0x75, 0x6e, 0x63
.byte 0x74, 0x00, 0xeb, 0x05, 0x69, 0x73, 0x61, 0x6c, 0x6e, 0x75, 0x6d, 0x00, 0xef, 0x05, 0x69, 0x73
.byte 0x67, 0x72, 0x61, 0x70, 0x68, 0x00, 0xed, 0x05, 0x69, 0x73, 0x63, 0x6e, 0x74, 0x72, 0x6c, 0x00
.byte 0x50, 0x06, 0x73, 0x74, 0x72, 0x70, 0x62, 0x72, 0x6b, 0x00, 0xd7, 0x05, 0x66, 0x72, 0x65, 0x78
.byte 0x70, 0x00, 0x05, 0x06, 0x6c, 0x64, 0x65, 0x78, 0x70, 0x00, 0x4f, 0x01, 0x5f, 0x43, 0x49, 0x63
.byte 0x6f, 0x73, 0x68, 0x00, 0x56, 0x01, 0x5f, 0x43, 0x49, 0x73, 0x69, 0x6e, 0x68, 0x00, 0x59, 0x01
.byte 0x5f, 0x43, 0x49, 0x74, 0x61, 0x6e, 0x68, 0x00, 0x5a, 0x03, 0x5f, 0x6c, 0x69, 0x62, 0x6d, 0x5f
.byte 0x73, 0x73, 0x65, 0x32, 0x5f, 0x61, 0x63, 0x6f, 0x73, 0x5f, 0x70, 0x72, 0x65, 0x63, 0x69, 0x73
.byte 0x65, 0x00, 0x5b, 0x03, 0x5f, 0x6c, 0x69, 0x62, 0x6d, 0x5f, 0x73, 0x73, 0x65, 0x32, 0x5f, 0x61
.byte 0x73, 0x69, 0x6e, 0x5f, 0x70, 0x72, 0x65, 0x63, 0x69, 0x73, 0x65, 0x00, 0x5c, 0x03, 0x5f, 0x6c
.byte 0x69, 0x62, 0x6d, 0x5f, 0x73, 0x73, 0x65, 0x32, 0x5f, 0x61, 0x74, 0x61, 0x6e, 0x5f, 0x70, 0x72
.byte 0x65, 0x63, 0x69, 0x73, 0x65, 0x00, 0x5d, 0x03, 0x5f, 0x6c, 0x69, 0x62, 0x6d, 0x5f, 0x73, 0x73
.byte 0x65, 0x32, 0x5f, 0x63, 0x6f, 0x73, 0x5f, 0x70, 0x72, 0x65, 0x63, 0x69, 0x73, 0x65, 0x00, 0x00
.byte 0x5e, 0x03, 0x5f, 0x6c, 0x69, 0x62, 0x6d, 0x5f, 0x73, 0x73, 0x65, 0x32, 0x5f, 0x65, 0x78, 0x70
.byte 0x5f, 0x70, 0x72, 0x65, 0x63, 0x69, 0x73, 0x65, 0x00, 0x00, 0x5f, 0x03, 0x5f, 0x6c, 0x69, 0x62
.byte 0x6d, 0x5f, 0x73, 0x73, 0x65, 0x32, 0x5f, 0x6c, 0x6f, 0x67, 0x31, 0x30, 0x5f, 0x70, 0x72, 0x65
.byte 0x63, 0x69, 0x73, 0x65, 0x00, 0x00, 0x60, 0x03, 0x5f, 0x6c, 0x69, 0x62, 0x6d, 0x5f, 0x73, 0x73
.byte 0x65, 0x32, 0x5f, 0x6c, 0x6f, 0x67, 0x5f, 0x70, 0x72, 0x65, 0x63, 0x69, 0x73, 0x65, 0x00, 0x00
.byte 0x61, 0x03, 0x5f, 0x6c, 0x69, 0x62, 0x6d, 0x5f, 0x73, 0x73, 0x65, 0x32, 0x5f, 0x70, 0x6f, 0x77
.byte 0x5f, 0x70, 0x72, 0x65, 0x63, 0x69, 0x73, 0x65, 0x00, 0x00, 0x62, 0x03, 0x5f, 0x6c, 0x69, 0x62
.byte 0x6d, 0x5f, 0x73, 0x73, 0x65, 0x32, 0x5f, 0x73, 0x69, 0x6e, 0x5f, 0x70, 0x72, 0x65, 0x63, 0x69
.byte 0x73, 0x65, 0x00, 0x00, 0x63, 0x03, 0x5f, 0x6c, 0x69, 0x62, 0x6d, 0x5f, 0x73, 0x73, 0x65, 0x32
.byte 0x5f, 0x73, 0x71, 0x72, 0x74, 0x5f, 0x70, 0x72, 0x65, 0x63, 0x69, 0x73, 0x65, 0x00, 0x64, 0x03
.byte 0x5f, 0x6c, 0x69, 0x62, 0x6d, 0x5f, 0x73, 0x73, 0x65, 0x32, 0x5f, 0x74, 0x61, 0x6e, 0x5f, 0x70
.byte 0x72, 0x65, 0x63, 0x69, 0x73, 0x65, 0x00, 0x00, 0x63, 0x01, 0x5f, 0x48, 0x55, 0x47, 0x45, 0x00
.byte 0x52, 0x06, 0x73, 0x74, 0x72, 0x73, 0x70, 0x6e, 0x00, 0x00, 0x54, 0x06, 0x73, 0x74, 0x72, 0x74
.byte 0x6f, 0x64, 0x00, 0x00, 0x0c, 0x06, 0x6c, 0x6f, 0x6e, 0x67, 0x6a, 0x6d, 0x70, 0x00, 0xa5, 0x05
.byte 0x61, 0x62, 0x6f, 0x72, 0x74, 0x00, 0x53, 0x04, 0x5f, 0x73, 0x65, 0x74, 0x6a, 0x6d, 0x70, 0x33
.byte 0x00, 0x00, 0x42, 0x06, 0x73, 0x74, 0x72, 0x63, 0x6f, 0x6c, 0x6c, 0x00, 0x09, 0x06, 0x6c, 0x6f
.byte 0x63, 0x61, 0x6c, 0x65, 0x63, 0x6f, 0x6e, 0x76, 0x00, 0x00, 0xb6, 0x05, 0x63, 0x6c, 0x65, 0x61
.byte 0x72, 0x65, 0x72, 0x72, 0x00, 0x00, 0xc5, 0x05, 0x66, 0x67, 0x65, 0x74, 0x73, 0x00, 0xd8, 0x05
.byte 0x66, 0x73, 0x63, 0x61, 0x6e, 0x66, 0x00, 0x00, 0xa0, 0x02, 0x5f, 0x66, 0x74, 0x65, 0x6c, 0x6c
.byte 0x69, 0x36, 0x34, 0x00, 0x18, 0x04, 0x5f, 0x70, 0x63, 0x6c, 0x6f, 0x73, 0x65, 0x00, 0x1c, 0x04
.byte 0x5f, 0x70, 0x6f, 0x70, 0x65, 0x6e, 0x00, 0x00, 0x60, 0x06, 0x74, 0x6d, 0x70, 0x66, 0x69, 0x6c
.byte 0x65, 0x00, 0x68, 0x06, 0x75, 0x6e, 0x67, 0x65, 0x74, 0x63, 0x00, 0x00, 0x33, 0x06, 0x73, 0x65
.byte 0x74, 0x6c, 0x6f, 0x63, 0x61, 0x6c, 0x65, 0x00, 0xe4, 0x05, 0x67, 0x65, 0x74, 0x65, 0x6e, 0x76
.byte 0x00, 0x00, 0x5d, 0x06, 0x73, 0x79, 0x73, 0x74, 0x65, 0x6d, 0x00, 0x00, 0xb8, 0x05, 0x63, 0x6c
.byte 0x6f, 0x63, 0x6b, 0x00, 0x48, 0x06, 0x73, 0x74, 0x72, 0x66, 0x74, 0x69, 0x6d, 0x65, 0x00, 0x00
.byte 0x51, 0x02, 0x5f, 0x64, 0x69, 0x66, 0x66, 0x74, 0x69, 0x6d, 0x65, 0x36, 0x34, 0x00, 0xdf, 0x02
.byte 0x5f, 0x67, 0x6d, 0x74, 0x69, 0x6d, 0x65, 0x36, 0x34, 0x00, 0x6a, 0x03, 0x5f, 0x6c, 0x6f, 0x63
.byte 0x61, 0x6c, 0x74, 0x69, 0x6d, 0x65, 0x36, 0x34, 0x00, 0x00, 0x0f, 0x04, 0x5f, 0x6d, 0x6b, 0x74
.byte 0x69, 0x6d, 0x65, 0x36, 0x34, 0x00, 0x2d, 0x06, 0x72, 0x65, 0x6d, 0x6f, 0x76, 0x65, 0x00, 0x00
.byte 0x2e, 0x06, 0x72, 0x65, 0x6e, 0x61, 0x6d, 0x65, 0x00, 0x00, 0x62, 0x06, 0x74, 0x6d, 0x70, 0x6e
.byte 0x61, 0x6d, 0x00, 0x00, 0xa6, 0x05, 0x61, 0x62, 0x73, 0x00, 0x14, 0x02, 0x5f, 0x62, 0x65, 0x67
.byte 0x69, 0x6e, 0x74, 0x68, 0x72, 0x65, 0x61, 0x64, 0x65, 0x78, 0x00, 0x00, 0x57, 0x06, 0x73, 0x74
.byte 0x72, 0x74, 0x6f, 0x6c, 0x00, 0x00, 0x17, 0x05, 0x5f, 0x77, 0x61, 0x73, 0x73, 0x65, 0x72, 0x74
.byte 0x00, 0x00, 0xfa, 0x04, 0x5f, 0x76, 0x73, 0x6e, 0x70, 0x72, 0x69, 0x6e, 0x74, 0x66, 0x00, 0x00
.byte 0x43, 0x00, 0x5f, 0x49, 0x67, 0x67, 0x79, 0x50, 0x6c, 0x61, 0x79, 0x65, 0x72, 0x43, 0x61, 0x6c
.byte 0x6c, 0x62, 0x61, 0x63, 0x6b, 0x52, 0x65, 0x73, 0x75, 0x6c, 0x74, 0x50, 0x61, 0x74, 0x68, 0x40
.byte 0x34, 0x00, 0xc0, 0x00, 0x5f, 0x49, 0x67, 0x67, 0x79, 0x56, 0x61, 0x6c, 0x75, 0x65, 0x53, 0x65
.byte 0x74, 0x53, 0x74, 0x72, 0x69, 0x6e, 0x67, 0x55, 0x54, 0x46, 0x38, 0x52, 0x53, 0x40, 0x32, 0x30
.byte 0x00, 0x00, 0xb8, 0x00, 0x5f, 0x49, 0x67, 0x67, 0x79, 0x56, 0x61, 0x6c, 0x75, 0x65, 0x52, 0x65
.byte 0x66, 0x46, 0x72, 0x65, 0x65, 0x40, 0x38, 0x00, 0xb6, 0x00, 0x5f, 0x49, 0x67, 0x67, 0x79, 0x56
.byte 0x61, 0x6c, 0x75, 0x65, 0x52, 0x65, 0x66, 0x43, 0x72, 0x65, 0x61, 0x74, 0x65, 0x41, 0x72, 0x72
.byte 0x61, 0x79, 0x40, 0x38, 0x00, 0x00, 0xba, 0x00, 0x5f, 0x49, 0x67, 0x67, 0x79, 0x56, 0x61, 0x6c
.byte 0x75, 0x65, 0x52, 0x65, 0x66, 0x46, 0x72, 0x6f, 0x6d, 0x54, 0x65, 0x6d, 0x70, 0x52, 0x65, 0x66
.byte 0x40, 0x31, 0x32, 0x00, 0xae, 0x00, 0x5f, 0x49, 0x67, 0x67, 0x79, 0x56, 0x61, 0x6c, 0x75, 0x65
.byte 0x50, 0x61, 0x74, 0x68, 0x46, 0x72, 0x6f, 0x6d, 0x52, 0x65, 0x66, 0x40, 0x31, 0x32, 0x00, 0x00
.byte 0xaf, 0x00, 0x5f, 0x49, 0x67, 0x67, 0x79, 0x56, 0x61, 0x6c, 0x75, 0x65, 0x50, 0x61, 0x74, 0x68
.byte 0x4d, 0x61, 0x6b, 0x65, 0x41, 0x72, 0x72, 0x61, 0x79, 0x52, 0x65, 0x66, 0x40, 0x31, 0x32, 0x00
.byte 0xb2, 0x00, 0x5f, 0x49, 0x67, 0x67, 0x79, 0x56, 0x61, 0x6c, 0x75, 0x65, 0x50, 0x61, 0x74, 0x68
.byte 0x53, 0x65, 0x74, 0x41, 0x72, 0x72, 0x61, 0x79, 0x49, 0x6e, 0x64, 0x65, 0x78, 0x40, 0x38, 0x00
.byte 0xa8, 0x00, 0x5f, 0x49, 0x67, 0x67, 0x79, 0x56, 0x61, 0x6c, 0x75, 0x65, 0x47, 0x65, 0x74, 0x53
.byte 0x33, 0x32, 0x52, 0x53, 0x40, 0x31, 0x36, 0x00, 0x82, 0x00, 0x5f, 0x49, 0x67, 0x67, 0x79, 0x53
.byte 0x65, 0x74, 0x41, 0x53, 0x33, 0x45, 0x78, 0x74, 0x65, 0x72, 0x6e, 0x61, 0x6c, 0x46, 0x75, 0x6e
.byte 0x63, 0x74, 0x69, 0x6f, 0x6e, 0x43, 0x61, 0x6c, 0x6c, 0x62, 0x61, 0x63, 0x6b, 0x55, 0x54, 0x46
.byte 0x38, 0x40, 0x38, 0x00, 0x3f, 0x00, 0x5f, 0x49, 0x67, 0x67, 0x79, 0x4d, 0x61, 0x6b, 0x65, 0x45
.byte 0x76, 0x65, 0x6e, 0x74, 0x4e, 0x6f, 0x6e, 0x65, 0x40, 0x34, 0x00, 0x00, 0x3d, 0x00, 0x5f, 0x49
.byte 0x67, 0x67, 0x79, 0x4d, 0x61, 0x6b, 0x65, 0x45, 0x76, 0x65, 0x6e, 0x74, 0x4d, 0x6f, 0x75, 0x73
.byte 0x65, 0x4d, 0x6f, 0x76, 0x65, 0x40, 0x31, 0x32, 0x00, 0x00, 0x3b, 0x00, 0x5f, 0x49, 0x67, 0x67
.byte 0x79, 0x4d, 0x61, 0x6b, 0x65, 0x45, 0x76, 0x65, 0x6e, 0x74, 0x4d, 0x6f, 0x75, 0x73, 0x65, 0x42
.byte 0x75, 0x74, 0x74, 0x6f, 0x6e, 0x40, 0x38, 0x00, 0x3e, 0x00, 0x5f, 0x49, 0x67, 0x67, 0x79, 0x4d
.byte 0x61, 0x6b, 0x65, 0x45, 0x76, 0x65, 0x6e, 0x74, 0x4d, 0x6f, 0x75, 0x73, 0x65, 0x57, 0x68, 0x65
.byte 0x65, 0x6c, 0x40, 0x38, 0x00, 0x00, 0x48, 0x00, 0x5f, 0x49, 0x67, 0x67, 0x79, 0x50, 0x6c, 0x61
.byte 0x79, 0x65, 0x72, 0x43, 0x72, 0x65, 0x61, 0x74, 0x65, 0x46, 0x61, 0x73, 0x74, 0x4e, 0x61, 0x6d
.byte 0x65, 0x55, 0x54, 0x46, 0x38, 0x40, 0x31, 0x32, 0x00, 0x00, 0x41, 0x00, 0x5f, 0x49, 0x67, 0x67
.byte 0x79, 0x50, 0x6c, 0x61, 0x79, 0x65, 0x72, 0x43, 0x61, 0x6c, 0x6c, 0x46, 0x75, 0x6e, 0x63, 0x74
.byte 0x69, 0x6f, 0x6e, 0x52, 0x53, 0x40, 0x32, 0x30, 0x00, 0x00, 0xaa, 0x00, 0x5f, 0x49, 0x67, 0x67
.byte 0x79, 0x56, 0x61, 0x6c, 0x75, 0x65, 0x47, 0x65, 0x74, 0x53, 0x74, 0x72, 0x69, 0x6e, 0x67, 0x55
.byte 0x54, 0x46, 0x38, 0x52, 0x53, 0x40, 0x32, 0x34, 0x00, 0x00, 0x56, 0x00, 0x5f, 0x49, 0x67, 0x67
.byte 0x79, 0x50, 0x6c, 0x61, 0x79, 0x65, 0x72, 0x44, 0x69, 0x73, 0x70, 0x61, 0x74, 0x63, 0x68, 0x45
.byte 0x76, 0x65, 0x6e, 0x74, 0x52, 0x53, 0x40, 0x31, 0x32, 0x00, 0x04, 0x00, 0x5f, 0x49, 0x67, 0x67
.byte 0x79, 0x41, 0x75, 0x64, 0x69, 0x6f, 0x55, 0x73, 0x65, 0x44, 0x69, 0x72, 0x65, 0x63, 0x74, 0x53
.byte 0x6f, 0x75, 0x6e, 0x64, 0x40, 0x30, 0x00, 0x00, 0x01, 0x00, 0x5f, 0x49, 0x67, 0x67, 0x79, 0x41
.byte 0x75, 0x64, 0x69, 0x6f, 0x49, 0x6e, 0x73, 0x74, 0x61, 0x6c, 0x6c, 0x4d, 0x50, 0x33, 0x44, 0x65
.byte 0x63, 0x6f, 0x64, 0x65, 0x72, 0x40, 0x30, 0x00, 0x8a, 0x00, 0x5f, 0x49, 0x67, 0x67, 0x79, 0x53
.byte 0x65, 0x74, 0x47, 0x44, 0x72, 0x61, 0x77, 0x40, 0x34, 0x00, 0x22, 0x00, 0x5f, 0x49, 0x67, 0x67
.byte 0x79, 0x47, 0x44, 0x72, 0x61, 0x77, 0x4d, 0x61, 0x6c, 0x6c, 0x6f, 0x63, 0x41, 0x6e, 0x6e, 0x6f
.byte 0x74, 0x61, 0x74, 0x65, 0x64, 0x40, 0x31, 0x32, 0x00, 0x00, 0x20, 0x00, 0x5f, 0x49, 0x67, 0x67
.byte 0x79, 0x47, 0x44, 0x72, 0x61, 0x77, 0x46, 0x72, 0x65, 0x65, 0x40, 0x34, 0x00, 0x00, 0x00, 0x00
.byte 0x49, 0x67, 0x67, 0x79, 0x47, 0x44, 0x72, 0x61, 0x77, 0x53, 0x65, 0x6e, 0x64, 0x57, 0x61, 0x72
.byte 0x6e, 0x69, 0x6e, 0x67, 0x00, 0x00, 0x0c, 0x00, 0x5f, 0x49, 0x67, 0x67, 0x79, 0x44, 0x69, 0x73
.byte 0x63, 0x61, 0x72, 0x64, 0x56, 0x65, 0x72, 0x74, 0x65, 0x78, 0x42, 0x75, 0x66, 0x66, 0x65, 0x72
.byte 0x43, 0x61, 0x6c, 0x6c, 0x62, 0x61, 0x63, 0x6b, 0x40, 0x38, 0x00, 0x00, 0x49, 0x00, 0x5f, 0x49
.byte 0x67, 0x67, 0x79, 0x50, 0x6c, 0x61, 0x79, 0x65, 0x72, 0x43, 0x72, 0x65, 0x61, 0x74, 0x65, 0x46
.byte 0x72, 0x6f, 0x6d, 0x46, 0x69, 0x6c, 0x65, 0x41, 0x6e, 0x64, 0x50, 0x6c, 0x61, 0x79, 0x40, 0x38
.byte 0x00, 0x00, 0x4a, 0x00, 0x5f, 0x49, 0x67, 0x67, 0x79, 0x50, 0x6c, 0x61, 0x79, 0x65, 0x72, 0x43
.byte 0x72, 0x65, 0x61, 0x74, 0x65, 0x46, 0x72, 0x6f, 0x6d, 0x4d, 0x65, 0x6d, 0x6f, 0x72, 0x79, 0x40
.byte 0x31, 0x32, 0x00, 0x00, 0x54, 0x00, 0x5f, 0x49, 0x67, 0x67, 0x79, 0x50, 0x6c, 0x61, 0x79, 0x65
.byte 0x72, 0x44, 0x65, 0x73, 0x74, 0x72, 0x6f, 0x79, 0x40, 0x34, 0x00, 0x00, 0x6b, 0x00, 0x5f, 0x49
.byte 0x67, 0x67, 0x79, 0x50, 0x6c, 0x61, 0x79, 0x65, 0x72, 0x50, 0x72, 0x6f, 0x70, 0x65, 0x72, 0x74
.byte 0x69, 0x65, 0x73, 0x40, 0x34, 0x00, 0x66, 0x00, 0x5f, 0x49, 0x67, 0x67, 0x79, 0x50, 0x6c, 0x61
.byte 0x79, 0x65, 0x72, 0x49, 0x6e, 0x69, 0x74, 0x69, 0x61, 0x6c, 0x69, 0x7a, 0x65, 0x41, 0x6e, 0x64
.byte 0x54, 0x69, 0x63, 0x6b, 0x52, 0x53, 0x40, 0x34, 0x00, 0x00, 0x6d, 0x00, 0x5f, 0x49, 0x67, 0x67
.byte 0x79, 0x50, 0x6c, 0x61, 0x79, 0x65, 0x72, 0x52, 0x65, 0x61, 0x64, 0x79, 0x54, 0x6f, 0x54, 0x69
.byte 0x63, 0x6b, 0x40, 0x34, 0x00, 0x00, 0x80, 0x00, 0x5f, 0x49, 0x67, 0x67, 0x79, 0x50, 0x6c, 0x61
.byte 0x79, 0x65, 0x72, 0x54, 0x69, 0x63, 0x6b, 0x52, 0x53, 0x40, 0x34, 0x00, 0x6a, 0x00, 0x5f, 0x49
.byte 0x67, 0x67, 0x79, 0x50, 0x6c, 0x61, 0x79, 0x65, 0x72, 0x50, 0x6c, 0x61, 0x79, 0x40, 0x34, 0x00
.byte 0x64, 0x00, 0x5f, 0x49, 0x67, 0x67, 0x79, 0x50, 0x6c, 0x61, 0x79, 0x65, 0x72, 0x47, 0x6f, 0x74
.byte 0x6f, 0x46, 0x72, 0x61, 0x6d, 0x65, 0x52, 0x53, 0x40, 0x31, 0x32, 0x00, 0x5f, 0x00, 0x5f, 0x49
.byte 0x67, 0x67, 0x79, 0x50, 0x6c, 0x61, 0x79, 0x65, 0x72, 0x47, 0x65, 0x74, 0x42, 0x61, 0x63, 0x6b
.byte 0x67, 0x72, 0x6f, 0x75, 0x6e, 0x64, 0x43, 0x6f, 0x6c, 0x6f, 0x72, 0x40, 0x38, 0x00, 0x74, 0x00
.byte 0x5f, 0x49, 0x67, 0x67, 0x79, 0x50, 0x6c, 0x61, 0x79, 0x65, 0x72, 0x53, 0x65, 0x74, 0x44, 0x69
.byte 0x73, 0x70, 0x6c, 0x61, 0x79, 0x53, 0x69, 0x7a, 0x65, 0x40, 0x31, 0x32, 0x00, 0x00, 0x58, 0x00
.byte 0x5f, 0x49, 0x67, 0x67, 0x79, 0x50, 0x6c, 0x61, 0x79, 0x65, 0x72, 0x44, 0x72, 0x61, 0x77, 0x40
.byte 0x34, 0x00, 0x2d, 0x00, 0x5f, 0x49, 0x67, 0x67, 0x79, 0x49, 0x6e, 0x69, 0x74, 0x40, 0x34, 0x00
.byte 0x9e, 0x00, 0x5f, 0x49, 0x67, 0x67, 0x79, 0x53, 0x68, 0x75, 0x74, 0x64, 0x6f, 0x77, 0x6e, 0x40
.byte 0x30, 0x00, 0x9d, 0x00, 0x5f, 0x49, 0x67, 0x67, 0x79, 0x53, 0x65, 0x74, 0x57, 0x61, 0x72, 0x6e
.byte 0x69, 0x6e, 0x67, 0x43, 0x61, 0x6c, 0x6c, 0x62, 0x61, 0x63, 0x6b, 0x40, 0x38, 0x00, 0x9b, 0x00
.byte 0x5f, 0x49, 0x67, 0x67, 0x79, 0x53, 0x65, 0x74, 0x54, 0x72, 0x61, 0x63, 0x65, 0x43, 0x61, 0x6c
.byte 0x6c, 0x62, 0x61, 0x63, 0x6b, 0x55, 0x54, 0x46, 0x38, 0x40, 0x38, 0x00, 0x69, 0x67, 0x67, 0x79
.byte 0x5f, 0x77, 0x33, 0x32, 0x2e, 0x64, 0x6c, 0x6c, 0x00, 0x00, 0x00, 0x00, 0x00, 0x00, 0x00, 0x00
.byte 0x00, 0x00, 0x00, 0x00, 0x00, 0x00, 0x00, 0x00, 0x00, 0x00, 0x00, 0x00, 0x00, 0x00, 0x00, 0x00
.byte 0x00, 0x00, 0x00, 0x00, 0x00, 0x00, 0x00, 0x00, 0x00, 0x00, 0x00, 0x00, 0x00, 0x00, 0x00, 0x00
.byte 0x00, 0x00, 0x00, 0x00, 0x00, 0x00, 0x00, 0x00, 0x00, 0x00, 0x00, 0x00, 0x00, 0x00, 0x00, 0x00
.byte 0x00, 0x00, 0x00, 0x00, 0x00, 0x00, 0x00, 0x00, 0x00, 0x00, 0x00, 0x00, 0x00, 0x00, 0x00, 0x00
.byte 0x00, 0x00, 0x00, 0x00, 0x00, 0x00, 0x00, 0x00, 0x00, 0x00, 0x00, 0x00, 0x00, 0x00, 0x00, 0x00
.byte 0x00, 0x00, 0x00, 0x00, 0x00, 0x00, 0x00, 0x00, 0x00, 0x00, 0x00, 0x00, 0x00, 0x00, 0x00, 0x00
.byte 0x00, 0x00, 0x00, 0x00, 0x00, 0x00, 0x00, 0x00, 0x00, 0x00, 0x00, 0x00, 0x00, 0x00, 0x00, 0x00
.byte 0x00, 0x00, 0x00, 0x00, 0x00, 0x00, 0x00, 0x00, 0x00, 0x00, 0x00, 0x00, 0x00, 0x00, 0x00, 0x00
.byte 0x00, 0x00, 0x00, 0x00, 0x00, 0x00, 0x00, 0x00, 0x00, 0x00, 0x00, 0x00, 0x00, 0x00, 0x00, 0x00
.byte 0x00, 0x00, 0x00, 0x00, 0x00, 0x00, 0x00, 0x00, 0x00, 0x00, 0x00, 0x00, 0x00, 0x00, 0x00, 0x00
.byte 0x00, 0x00, 0x00, 0x00, 0x00, 0x00, 0x00, 0x00, 0x00, 0x00, 0x00, 0x00, 0x00, 0x00, 0x00, 0x00
.byte 0x00, 0x00, 0x00, 0x00, 0x00, 0x00, 0x00, 0x00, 0x00, 0x00, 0x00, 0x00, 0x00, 0x00, 0x00, 0x00
.byte 0x00, 0x00, 0x00, 0x00, 0x00, 0x00, 0x00, 0x00, 0x00, 0x00, 0x00, 0x00, 0x00, 0x00, 0x00, 0x00
.byte 0x00, 0x00, 0x00, 0x00, 0x00, 0x00, 0x00, 0x00, 0x00, 0x00, 0x00, 0x00
