.code32
.section d080a000,"dw"
.globl _sym_00c0a000
_sym_00c0a000:
.byte 0x00, 0x00, 0x80, 0x3f
.globl _sym_00c0a004
_sym_00c0a004:
.byte 0x00, 0x00, 0x00, 0x00
.globl _sym_00c0a008
_sym_00c0a008:
.byte 0x00, 0x00, 0x00, 0x00
.globl _sym_00c0a00c
_sym_00c0a00c:
.byte 0x00, 0x00, 0x00, 0x00
.globl _sym_00c0a010
_sym_00c0a010:
.byte 0x00, 0x00, 0x80, 0x3f
.globl _sym_00c0a014
_sym_00c0a014:
.long _sym_00b69fe8
.byte 0x00, 0x00, 0x00, 0x00, 0x2e, 0x3f, 0x41, 0x56, 0x50, 0x4d, 0x65, 0x6d, 0x6f, 0x72, 0x79, 0x42
.byte 0x61, 0x73, 0x65, 0x40, 0x50, 0x68, 0x79, 0x72, 0x65, 0x40, 0x40, 0x00
.globl _sym_00c0a034
_sym_00c0a034:
.long _sym_00b69fe8
.byte 0x00, 0x00, 0x00, 0x00, 0x2e, 0x3f, 0x41, 0x56, 0x50, 0x42, 0x61, 0x73, 0x65, 0x40, 0x50, 0x68
.byte 0x79, 0x72, 0x65, 0x40, 0x40, 0x00, 0x00, 0x00
.globl _sym_00c0a050
_sym_00c0a050:
.long _sym_00b69fe8
.byte 0x00, 0x00, 0x00, 0x00, 0x2e, 0x3f, 0x41, 0x56, 0x46, 0x46, 0x58, 0x41, 0x70, 0x70, 0x6c, 0x69
.byte 0x63, 0x61, 0x74, 0x69, 0x6f, 0x6e, 0x40, 0x40, 0x00, 0x00, 0x00, 0x00
.globl _sym_00c0a070
_sym_00c0a070:
.long _sym_00b69fe8
.byte 0x00, 0x00, 0x00, 0x00, 0x2e, 0x3f, 0x41, 0x56, 0x50, 0x41, 0x70, 0x70, 0x6c, 0x69, 0x63, 0x61
.byte 0x74, 0x69, 0x6f, 0x6e, 0x40, 0x50, 0x46, 0x72, 0x61, 0x6d, 0x65, 0x77, 0x6f, 0x72, 0x6b, 0x40
.byte 0x50, 0x68, 0x79, 0x72, 0x65, 0x40, 0x40, 0x00
.globl _sym_00c0a09c
_sym_00c0a09c:
.byte 0x01, 0x00, 0x00, 0x00
.globl _sym_00c0a0a0
_sym_00c0a0a0:
.long _sym_00b69fe8
.byte 0x00, 0x00, 0x00, 0x00, 0x2e, 0x3f, 0x41, 0x56, 0x50, 0x54, 0x79, 0x70, 0x65, 0x40, 0x50, 0x68
.byte 0x79, 0x72, 0x65, 0x40, 0x40, 0x00, 0x00, 0x00
.globl _sym_00c0a0bc
_sym_00c0a0bc:
.long _sym_00b69fe8
.byte 0x00, 0x00, 0x00, 0x00, 0x2e, 0x3f, 0x41, 0x56, 0x50, 0x48, 0x61, 0x73, 0x68, 0x45, 0x6e, 0x74
.byte 0x72, 0x79, 0x43, 0x6f, 0x6e, 0x73, 0x74, 0x40, 0x50, 0x68, 0x79, 0x72, 0x65, 0x40, 0x40, 0x00
.globl _sym_00c0a0e0
_sym_00c0a0e0:
.long _sym_00b69fe8
.byte 0x00, 0x00, 0x00, 0x00, 0x2e, 0x3f, 0x41, 0x56, 0x50, 0x52, 0x65, 0x64, 0x42, 0x6c, 0x61, 0x63
.byte 0x6b, 0x54, 0x72, 0x65, 0x65, 0x4e, 0x6f, 0x64, 0x65, 0x40, 0x50, 0x68, 0x79, 0x72, 0x65, 0x40
.byte 0x40, 0x00, 0x00, 0x00
.globl _sym_00c0a108
_sym_00c0a108:
.long _sym_00b69fe8
.byte 0x00, 0x00, 0x00, 0x00, 0x2e, 0x3f, 0x41, 0x56, 0x50, 0x48, 0x61, 0x73, 0x68, 0x45, 0x6e, 0x74
.byte 0x72, 0x79, 0x43, 0x6f, 0x6e, 0x73, 0x74, 0x4b, 0x65, 0x79, 0x40, 0x50, 0x68, 0x79, 0x72, 0x65
.byte 0x40, 0x40, 0x00, 0x00
.globl _sym_00c0a130
_sym_00c0a130:
.long _sym_00b69fe8
.byte 0x00, 0x00, 0x00, 0x00, 0x2e, 0x3f, 0x41, 0x56, 0x50, 0x43, 0x6c, 0x61, 0x73, 0x73, 0x44, 0x65
.byte 0x73, 0x63, 0x72, 0x69, 0x70, 0x74, 0x6f, 0x72, 0x40, 0x50, 0x68, 0x79, 0x72, 0x65, 0x40, 0x40
.byte 0x00, 0x00, 0x00, 0x00
.globl _sym_00c0a158
_sym_00c0a158:
.long _sym_00b69fe8
.byte 0x00, 0x00, 0x00, 0x00, 0x2e, 0x3f, 0x41, 0x56, 0x3f, 0x24, 0x50, 0x53, 0x69, 0x6d, 0x70, 0x6c
.byte 0x65, 0x44, 0x6f, 0x75, 0x62, 0x6c, 0x65, 0x4c, 0x69, 0x73, 0x74, 0x45, 0x6c, 0x65, 0x6d, 0x65
.byte 0x6e, 0x74, 0x40, 0x56, 0x50, 0x43, 0x6c, 0x61, 0x73, 0x73, 0x44, 0x65, 0x73, 0x63, 0x72, 0x69
.byte 0x70, 0x74, 0x6f, 0x72, 0x40, 0x50, 0x68, 0x79, 0x72, 0x65, 0x40, 0x40, 0x40, 0x50, 0x68, 0x79
.byte 0x72, 0x65, 0x40, 0x40, 0x00, 0x00, 0x00, 0x00
.globl _sym_00c0a1a4
_sym_00c0a1a4:
.long _sym_00b69fe8
.byte 0x00, 0x00, 0x00, 0x00, 0x2e, 0x3f, 0x41, 0x56, 0x50, 0x41, 0x6e, 0x6e, 0x6f, 0x74, 0x61, 0x74
.byte 0x61, 0x62, 0x6c, 0x65, 0x40, 0x50, 0x68, 0x79, 0x72, 0x65, 0x40, 0x40, 0x00, 0x00, 0x00, 0x00
.globl _sym_00c0a1c8
_sym_00c0a1c8:
.long _sym_00b69fe8
.byte 0x00, 0x00, 0x00, 0x00, 0x2e, 0x3f, 0x41, 0x56, 0x50, 0x43, 0x61, 0x6c, 0x6c, 0x65, 0x72, 0x40
.byte 0x50, 0x68, 0x79, 0x72, 0x65, 0x40, 0x40, 0x00
.globl _sym_00c0a1e4
_sym_00c0a1e4:
.long _sym_00b69fe8
.byte 0x00, 0x00, 0x00, 0x00, 0x2e, 0x3f, 0x41, 0x56, 0x3f, 0x24, 0x50, 0x43, 0x6c, 0x61, 0x73, 0x73
.byte 0x44, 0x65, 0x73, 0x63, 0x72, 0x69, 0x70, 0x74, 0x6f, 0x72, 0x57, 0x72, 0x61, 0x70, 0x70, 0x65
.byte 0x72, 0x40, 0x56, 0x50, 0x54, 0x69, 0x6d, 0x65, 0x72, 0x40, 0x50, 0x68, 0x79, 0x72, 0x65, 0x40
.byte 0x40, 0x40, 0x50, 0x68, 0x79, 0x72, 0x65, 0x40, 0x40, 0x00, 0x00, 0x00
.globl _sym_00c0a224
_sym_00c0a224:
.long _sym_00b69fe8
.byte 0x00, 0x00, 0x00, 0x00, 0x2e, 0x3f, 0x41, 0x56, 0x3f, 0x24, 0x50, 0x43, 0x6c, 0x61, 0x73, 0x73
.byte 0x44, 0x65, 0x73, 0x63, 0x72, 0x69, 0x70, 0x74, 0x6f, 0x72, 0x46, 0x6f, 0x72, 0x54, 0x79, 0x70
.byte 0x65, 0x40, 0x56, 0x50, 0x54, 0x69, 0x6d, 0x65, 0x72, 0x40, 0x50, 0x68, 0x79, 0x72, 0x65, 0x40
.byte 0x40, 0x40, 0x50, 0x68, 0x79, 0x72, 0x65, 0x40, 0x40, 0x00, 0x00, 0x00, 0x00, 0x00, 0x00, 0x00
.globl _sym_00c0a268
_sym_00c0a268:
.long _sym_00b69fe8
.byte 0x00, 0x00, 0x00, 0x00, 0x2e, 0x3f, 0x41, 0x56, 0x3f, 0x24, 0x50, 0x46, 0x75, 0x6e, 0x63, 0x74
.byte 0x69, 0x6f, 0x6e, 0x43, 0x61, 0x6c, 0x6c, 0x65, 0x72, 0x43, 0x6f, 0x6e, 0x63, 0x72, 0x65, 0x74
.byte 0x65, 0x40, 0x4e, 0x40, 0x50, 0x43, 0x61, 0x6c, 0x6c, 0x65, 0x72, 0x49, 0x6d, 0x70, 0x6c, 0x65
.byte 0x6d, 0x65, 0x6e, 0x74, 0x61, 0x74, 0x69, 0x6f, 0x6e, 0x30, 0x40, 0x50, 0x43, 0x61, 0x6c, 0x6c
.byte 0x65, 0x72, 0x49, 0x6d, 0x70, 0x6c, 0x65, 0x6d, 0x65, 0x6e, 0x74, 0x61, 0x74, 0x69, 0x6f, 0x6e
.byte 0x40, 0x50, 0x49, 0x6e, 0x74, 0x65, 0x72, 0x6e, 0x61, 0x6c, 0x40, 0x50, 0x68, 0x79, 0x72, 0x65
.byte 0x40, 0x40, 0x00, 0x00
.globl _sym_00c0a2d0
_sym_00c0a2d0:
.long _sym_00b0e080
.globl _sym_00c0a2d4
_sym_00c0a2d4:
.byte 0x00, 0x00, 0x00, 0x00
.long _sym_00b0e09c
.byte 0xff, 0x00, 0x00, 0x00
.globl _sym_00c0a2e0
_sym_00c0a2e0:
.long _sym_00b69fe8
.byte 0x00, 0x00, 0x00, 0x00, 0x2e, 0x3f, 0x41, 0x56, 0x50, 0x55, 0x74, 0x69, 0x6c, 0x69, 0x74, 0x79
.byte 0x40, 0x50, 0x68, 0x79, 0x72, 0x65, 0x40, 0x40, 0x00, 0x00, 0x00, 0x00
.globl _sym_00c0a300
_sym_00c0a300:
.long _sym_00b69fe8
.byte 0x00, 0x00, 0x00, 0x00, 0x2e, 0x3f, 0x41, 0x56, 0x50, 0x55, 0x74, 0x69, 0x6c, 0x69, 0x74, 0x79
.byte 0x53, 0x65, 0x72, 0x69, 0x61, 0x6c, 0x69, 0x7a, 0x61, 0x74, 0x69, 0x6f, 0x6e, 0x40, 0x50, 0x53
.byte 0x65, 0x72, 0x69, 0x61, 0x6c, 0x69, 0x7a, 0x61, 0x74, 0x69, 0x6f, 0x6e, 0x40, 0x50, 0x68, 0x79
.byte 0x72, 0x65, 0x40, 0x40, 0x00, 0x00, 0x00, 0x00
.globl _sym_00c0a33c
_sym_00c0a33c:
.long _sym_00b0e080
.globl _sym_00c0a340
_sym_00c0a340:
.byte 0x00, 0x00, 0x00, 0x00
.long _sym_00b0e0bc
.byte 0xff, 0x00, 0x00, 0x00
.globl _sym_00c0a34c
_sym_00c0a34c:
.long _sym_00b69fe8
.byte 0x00, 0x00, 0x00, 0x00, 0x2e, 0x3f, 0x41, 0x56, 0x50, 0x55, 0x74, 0x69, 0x6c, 0x69, 0x74, 0x79
.byte 0x47, 0x65, 0x6f, 0x6d, 0x65, 0x74, 0x72, 0x79, 0x40, 0x50, 0x47, 0x65, 0x6f, 0x6d, 0x65, 0x74
.byte 0x72, 0x79, 0x40, 0x50, 0x68, 0x79, 0x72, 0x65, 0x40, 0x40, 0x00, 0x00
.globl _sym_00c0a37c
_sym_00c0a37c:
.long _sym_00b0e080
.globl _sym_00c0a380
_sym_00c0a380:
.byte 0x00, 0x00, 0x00, 0x00
.long _sym_00b0e0d8
.byte 0xff, 0x00, 0x00, 0x00
.globl _sym_00c0a38c
_sym_00c0a38c:
.long _sym_00b69fe8
.byte 0x00, 0x00, 0x00, 0x00, 0x2e, 0x3f, 0x41, 0x56, 0x50, 0x55, 0x74, 0x69, 0x6c, 0x69, 0x74, 0x79
.byte 0x52, 0x65, 0x6e, 0x64, 0x65, 0x72, 0x69, 0x6e, 0x67, 0x40, 0x50, 0x52, 0x65, 0x6e, 0x64, 0x65
.byte 0x72, 0x69, 0x6e, 0x67, 0x40, 0x50, 0x68, 0x79, 0x72, 0x65, 0x40, 0x40, 0x00, 0x00, 0x00, 0x00
.globl _sym_00c0a3c0
_sym_00c0a3c0:
.long _sym_00b0e080
.globl _sym_00c0a3c4
_sym_00c0a3c4:
.byte 0x00, 0x00, 0x00, 0x00
.long _sym_00b0e0f4
.byte 0xff, 0x00, 0x00, 0x00
.globl _sym_00c0a3d0
_sym_00c0a3d0:
.long _sym_00b69fe8
.byte 0x00, 0x00, 0x00, 0x00, 0x2e, 0x3f, 0x41, 0x56, 0x50, 0x55, 0x74, 0x69, 0x6c, 0x69, 0x74, 0x79
.byte 0x53, 0x63, 0x65, 0x6e, 0x65, 0x40, 0x50, 0x53, 0x63, 0x65, 0x6e, 0x65, 0x40, 0x50, 0x68, 0x79
.byte 0x72, 0x65, 0x40, 0x40, 0x00, 0x00, 0x00, 0x00
.globl _sym_00c0a3fc
_sym_00c0a3fc:
.long _sym_00b0e080
.globl _sym_00c0a400
_sym_00c0a400:
.byte 0x00, 0x00, 0x00, 0x00
.long _sym_00b0e10c
.byte 0xff, 0x00, 0x00, 0x00
.globl _sym_00c0a40c
_sym_00c0a40c:
.long _sym_00b69fe8
.byte 0x00, 0x00, 0x00, 0x00, 0x2e, 0x3f, 0x41, 0x56, 0x50, 0x55, 0x74, 0x69, 0x6c, 0x69, 0x74, 0x79
.byte 0x41, 0x6e, 0x69, 0x6d, 0x61, 0x74, 0x69, 0x6f, 0x6e, 0x40, 0x50, 0x41, 0x6e, 0x69, 0x6d, 0x61
.byte 0x74, 0x69, 0x6f, 0x6e, 0x40, 0x50, 0x68, 0x79, 0x72, 0x65, 0x40, 0x40, 0x00, 0x00, 0x00, 0x00
.globl _sym_00c0a440
_sym_00c0a440:
.long _sym_00b0e080
.globl _sym_00c0a444
_sym_00c0a444:
.byte 0x00, 0x00, 0x00, 0x00
.long _sym_00b0e138
.byte 0xff, 0x00, 0x00, 0x00
.globl _sym_00c0a450
_sym_00c0a450:
.long _sym_00b69fe8
.byte 0x00, 0x00, 0x00, 0x00, 0x2e, 0x3f, 0x41, 0x56, 0x50, 0x55, 0x74, 0x69, 0x6c, 0x69, 0x74, 0x79
.byte 0x47, 0x61, 0x6d, 0x65, 0x70, 0x6c, 0x61, 0x79, 0x40, 0x50, 0x47, 0x61, 0x6d, 0x65, 0x70, 0x6c
.byte 0x61, 0x79, 0x40, 0x50, 0x68, 0x79, 0x72, 0x65, 0x40, 0x40, 0x00, 0x00
.globl _sym_00c0a480
_sym_00c0a480:
.long _sym_00b69fe8
.byte 0x00, 0x00, 0x00, 0x00, 0x2e, 0x3f, 0x41, 0x56, 0x50, 0x55, 0x74, 0x69, 0x6c, 0x69, 0x74, 0x79
.byte 0x53, 0x70, 0x72, 0x69, 0x74, 0x65, 0x40, 0x50, 0x53, 0x70, 0x72, 0x69, 0x74, 0x65, 0x40, 0x50
.byte 0x68, 0x79, 0x72, 0x65, 0x40, 0x40, 0x00, 0x00
.globl _sym_00c0a4ac
_sym_00c0a4ac:
.long _sym_00b69fe8
.byte 0x00, 0x00, 0x00, 0x00, 0x2e, 0x3f, 0x41, 0x56, 0x50, 0x54, 0x54, 0x59, 0x43, 0x61, 0x6c, 0x6c
.byte 0x62, 0x61, 0x63, 0x6b, 0x40, 0x50, 0x68, 0x79, 0x72, 0x65, 0x40, 0x40, 0x00, 0x00, 0x00, 0x00
.globl _sym_00c0a4d0
_sym_00c0a4d0:
.long _sym_00b69fe8
.byte 0x00, 0x00, 0x00, 0x00, 0x2e, 0x3f, 0x41, 0x56, 0x3f, 0x24, 0x50, 0x43, 0x6c, 0x61, 0x73, 0x73
.byte 0x44, 0x65, 0x73, 0x63, 0x72, 0x69, 0x70, 0x74, 0x6f, 0x72, 0x46, 0x6f, 0x72, 0x54, 0x79, 0x70
.byte 0x65, 0x40, 0x56, 0x50, 0x42, 0x61, 0x73, 0x65, 0x40, 0x50, 0x68, 0x79, 0x72, 0x65, 0x40, 0x40
.byte 0x40, 0x50, 0x68, 0x79, 0x72, 0x65, 0x40, 0x40, 0x00, 0x00, 0x00, 0x00
.globl _sym_00c0a510
_sym_00c0a510:
.long _sym_00b69fe8
.byte 0x00, 0x00, 0x00, 0x00, 0x2e, 0x3f, 0x41, 0x56, 0x3f, 0x24, 0x50, 0x54, 0x79, 0x70, 0x65, 0x44
.byte 0x65, 0x66, 0x61, 0x75, 0x6c, 0x74, 0x40, 0x49, 0x40, 0x50, 0x68, 0x79, 0x72, 0x65, 0x40, 0x40
.byte 0x00, 0x00, 0x00, 0x00
.globl _sym_00c0a538
_sym_00c0a538:
.long _sym_00b69fe8
.byte 0x00, 0x00, 0x00, 0x00, 0x2e, 0x3f, 0x41, 0x56, 0x3f, 0x24, 0x50, 0x54, 0x79, 0x70, 0x65, 0x44
.byte 0x65, 0x66, 0x61, 0x75, 0x6c, 0x74, 0x40, 0x5f, 0x4e, 0x40, 0x50, 0x68, 0x79, 0x72, 0x65, 0x40
.byte 0x40, 0x00, 0x00, 0x00
.globl _sym_00c0a560
_sym_00c0a560:
.long _sym_00b69fe8
.byte 0x00, 0x00, 0x00, 0x00, 0x2e, 0x3f, 0x41, 0x56, 0x3f, 0x24, 0x50, 0x54, 0x79, 0x70, 0x65, 0x44
.byte 0x65, 0x66, 0x61, 0x75, 0x6c, 0x74, 0x40, 0x44, 0x40, 0x50, 0x68, 0x79, 0x72, 0x65, 0x40, 0x40
.byte 0x00, 0x00, 0x00, 0x00
.globl _sym_00c0a588
_sym_00c0a588:
.long _sym_00b69fe8
.byte 0x00, 0x00, 0x00, 0x00, 0x2e, 0x3f, 0x41, 0x56, 0x3f, 0x24, 0x50, 0x54, 0x79, 0x70, 0x65, 0x44
.byte 0x65, 0x66, 0x61, 0x75, 0x6c, 0x74, 0x40, 0x45, 0x40, 0x50, 0x68, 0x79, 0x72, 0x65, 0x40, 0x40
.byte 0x00, 0x00, 0x00, 0x00
.globl _sym_00c0a5b0
_sym_00c0a5b0:
.long _sym_00b69fe8
.byte 0x00, 0x00, 0x00, 0x00, 0x2e, 0x3f, 0x41, 0x56, 0x3f, 0x24, 0x50, 0x54, 0x79, 0x70, 0x65, 0x44
.byte 0x65, 0x66, 0x61, 0x75, 0x6c, 0x74, 0x40, 0x46, 0x40, 0x50, 0x68, 0x79, 0x72, 0x65, 0x40, 0x40
.byte 0x00, 0x00, 0x00, 0x00
.globl _sym_00c0a5d8
_sym_00c0a5d8:
.long _sym_00b69fe8
.byte 0x00, 0x00, 0x00, 0x00, 0x2e, 0x3f, 0x41, 0x56, 0x3f, 0x24, 0x50, 0x54, 0x79, 0x70, 0x65, 0x44
.byte 0x65, 0x66, 0x61, 0x75, 0x6c, 0x74, 0x40, 0x47, 0x40, 0x50, 0x68, 0x79, 0x72, 0x65, 0x40, 0x40
.byte 0x00, 0x00, 0x00, 0x00
.globl _sym_00c0a600
_sym_00c0a600:
.long _sym_00b69fe8
.byte 0x00, 0x00, 0x00, 0x00, 0x2e, 0x3f, 0x41, 0x56, 0x3f, 0x24, 0x50, 0x54, 0x79, 0x70, 0x65, 0x44
.byte 0x65, 0x66, 0x61, 0x75, 0x6c, 0x74, 0x40, 0x48, 0x40, 0x50, 0x68, 0x79, 0x72, 0x65, 0x40, 0x40
.byte 0x00, 0x00, 0x00, 0x00
.globl _sym_00c0a628
_sym_00c0a628:
.long _sym_00b69fe8
.byte 0x00, 0x00, 0x00, 0x00, 0x2e, 0x3f, 0x41, 0x56, 0x3f, 0x24, 0x50, 0x54, 0x79, 0x70, 0x65, 0x44
.byte 0x65, 0x66, 0x61, 0x75, 0x6c, 0x74, 0x40, 0x5f, 0x4b, 0x40, 0x50, 0x68, 0x79, 0x72, 0x65, 0x40
.byte 0x40, 0x00, 0x00, 0x00
.globl _sym_00c0a650
_sym_00c0a650:
.long _sym_00b69fe8
.byte 0x00, 0x00, 0x00, 0x00, 0x2e, 0x3f, 0x41, 0x56, 0x3f, 0x24, 0x50, 0x54, 0x79, 0x70, 0x65, 0x44
.byte 0x65, 0x66, 0x61, 0x75, 0x6c, 0x74, 0x40, 0x5f, 0x4a, 0x40, 0x50, 0x68, 0x79, 0x72, 0x65, 0x40
.byte 0x40, 0x00, 0x00, 0x00
.globl _sym_00c0a678
_sym_00c0a678:
.long _sym_00b69fe8
.byte 0x00, 0x00, 0x00, 0x00, 0x2e, 0x3f, 0x41, 0x56, 0x3f, 0x24, 0x50, 0x54, 0x79, 0x70, 0x65, 0x44
.byte 0x65, 0x66, 0x61, 0x75, 0x6c, 0x74, 0x40, 0x4d, 0x40, 0x50, 0x68, 0x79, 0x72, 0x65, 0x40, 0x40
.byte 0x00, 0x00, 0x00, 0x00
.globl _sym_00c0a6a0
_sym_00c0a6a0:
.long _sym_00b69fe8
.byte 0x00, 0x00, 0x00, 0x00, 0x2e, 0x3f, 0x41, 0x56, 0x3f, 0x24, 0x50, 0x54, 0x79, 0x70, 0x65, 0x44
.byte 0x65, 0x66, 0x61, 0x75, 0x6c, 0x74, 0x40, 0x4e, 0x40, 0x50, 0x68, 0x79, 0x72, 0x65, 0x40, 0x40
.byte 0x00, 0x00, 0x00, 0x00
.globl _sym_00c0a6c8
_sym_00c0a6c8:
.long _sym_00b69fe8
.byte 0x00, 0x00, 0x00, 0x00, 0x2e, 0x3f, 0x41, 0x56, 0x3f, 0x24, 0x50, 0x54, 0x79, 0x70, 0x65, 0x44
.byte 0x65, 0x66, 0x61, 0x75, 0x6c, 0x74, 0x40, 0x56, 0x50, 0x51, 0x57, 0x6f, 0x72, 0x64, 0x40, 0x50
.byte 0x68, 0x79, 0x72, 0x65, 0x40, 0x40, 0x40, 0x50, 0x68, 0x79, 0x72, 0x65, 0x40, 0x40, 0x00, 0x00
.byte 0x00, 0x00, 0x00, 0x00
.globl _sym_00c0a700
_sym_00c0a700:
.long _sym_00b69fe8
.byte 0x00, 0x00, 0x00, 0x00, 0x2e, 0x3f, 0x41, 0x56, 0x3f, 0x24, 0x50, 0x43, 0x6c, 0x61, 0x73, 0x73
.byte 0x44, 0x65, 0x73, 0x63, 0x72, 0x69, 0x70, 0x74, 0x6f, 0x72, 0x57, 0x69, 0x74, 0x68, 0x6f, 0x75
.byte 0x74, 0x44, 0x65, 0x66, 0x61, 0x75, 0x6c, 0x74, 0x43, 0x6f, 0x6e, 0x73, 0x74, 0x72, 0x75, 0x63
.byte 0x74, 0x6f, 0x72, 0x40, 0x56, 0x50, 0x43, 0x6c, 0x61, 0x73, 0x73, 0x4d, 0x65, 0x6d, 0x62, 0x65
.byte 0x72, 0x40, 0x50, 0x68, 0x79, 0x72, 0x65, 0x40, 0x40, 0x40, 0x50, 0x68, 0x79, 0x72, 0x65, 0x40
.byte 0x40, 0x00, 0x00, 0x00
.globl _sym_00c0a758
_sym_00c0a758:
.long _sym_00b69fe8
.byte 0x00, 0x00, 0x00, 0x00, 0x2e, 0x3f, 0x41, 0x56, 0x3f, 0x24, 0x50, 0x43, 0x6c, 0x61, 0x73, 0x73
.byte 0x44, 0x65, 0x73, 0x63, 0x72, 0x69, 0x70, 0x74, 0x6f, 0x72, 0x41, 0x62, 0x73, 0x74, 0x72, 0x61
.byte 0x63, 0x74, 0x40, 0x56, 0x50, 0x43, 0x6c, 0x61, 0x73, 0x73, 0x4d, 0x65, 0x6d, 0x62, 0x65, 0x72
.byte 0x40, 0x50, 0x68, 0x79, 0x72, 0x65, 0x40, 0x40, 0x40, 0x50, 0x68, 0x79, 0x72, 0x65, 0x40, 0x40
.byte 0x00, 0x00, 0x00, 0x00
.globl _sym_00c0a7a0
_sym_00c0a7a0:
.long _sym_00b69fe8
.byte 0x00, 0x00, 0x00, 0x00, 0x2e, 0x3f, 0x41, 0x56, 0x3f, 0x24, 0x50, 0x43, 0x6c, 0x61, 0x73, 0x73
.byte 0x44, 0x65, 0x73, 0x63, 0x72, 0x69, 0x70, 0x74, 0x6f, 0x72, 0x46, 0x6f, 0x72, 0x54, 0x79, 0x70
.byte 0x65, 0x40, 0x56, 0x50, 0x43, 0x6c, 0x61, 0x73, 0x73, 0x4d, 0x65, 0x6d, 0x62, 0x65, 0x72, 0x40
.byte 0x50, 0x68, 0x79, 0x72, 0x65, 0x40, 0x40, 0x40, 0x50, 0x68, 0x79, 0x72, 0x65, 0x40, 0x40, 0x00
.byte 0x00, 0x00, 0x00, 0x00
.globl _sym_00c0a7e8
_sym_00c0a7e8:
.long _sym_00b69fe8
.byte 0x00, 0x00, 0x00, 0x00, 0x2e, 0x3f, 0x41, 0x56, 0x3f, 0x24, 0x50, 0x43, 0x6c, 0x61, 0x73, 0x73
.byte 0x44, 0x65, 0x73, 0x63, 0x72, 0x69, 0x70, 0x74, 0x6f, 0x72, 0x41, 0x62, 0x73, 0x74, 0x72, 0x61
.byte 0x63, 0x74, 0x40, 0x56, 0x50, 0x43, 0x6c, 0x61, 0x73, 0x73, 0x44, 0x65, 0x73, 0x63, 0x72, 0x69
.byte 0x70, 0x74, 0x6f, 0x72, 0x40, 0x50, 0x68, 0x79, 0x72, 0x65, 0x40, 0x40, 0x40, 0x50, 0x68, 0x79
.byte 0x72, 0x65, 0x40, 0x40, 0x00, 0x00, 0x00, 0x00, 0x00, 0x00, 0x00, 0x00
.globl _sym_00c0a838
_sym_00c0a838:
.long _sym_00b69fe8
.byte 0x00, 0x00, 0x00, 0x00, 0x2e, 0x3f, 0x41, 0x56, 0x3f, 0x24, 0x50, 0x43, 0x6c, 0x61, 0x73, 0x73
.byte 0x44, 0x65, 0x73, 0x63, 0x72, 0x69, 0x70, 0x74, 0x6f, 0x72, 0x46, 0x6f, 0x72, 0x54, 0x79, 0x70
.byte 0x65, 0x40, 0x56, 0x50, 0x43, 0x6c, 0x61, 0x73, 0x73, 0x44, 0x65, 0x73, 0x63, 0x72, 0x69, 0x70
.byte 0x74, 0x6f, 0x72, 0x40, 0x50, 0x68, 0x79, 0x72, 0x65, 0x40, 0x40, 0x40, 0x50, 0x68, 0x79, 0x72
.byte 0x65, 0x40, 0x40, 0x00
.globl _sym_00c0a880
_sym_00c0a880:
.long _sym_00b69fe8
.byte 0x00, 0x00, 0x00, 0x00, 0x2e, 0x3f, 0x41, 0x56, 0x50, 0x43, 0x6c, 0x61, 0x73, 0x73, 0x44, 0x65
.byte 0x73, 0x63, 0x72, 0x69, 0x70, 0x74, 0x6f, 0x72, 0x46, 0x6f, 0x72, 0x43, 0x6c, 0x61, 0x73, 0x73
.byte 0x44, 0x65, 0x73, 0x63, 0x72, 0x69, 0x70, 0x74, 0x6f, 0x72, 0x40, 0x50, 0x68, 0x79, 0x72, 0x65
.byte 0x40, 0x40, 0x00, 0x00
.globl _sym_00c0a8b8
_sym_00c0a8b8:
.long _sym_00b69fe8
.byte 0x00, 0x00, 0x00, 0x00, 0x2e, 0x3f, 0x41, 0x56, 0x3f, 0x24, 0x50, 0x4d, 0x65, 0x74, 0x68, 0x6f
.byte 0x64, 0x43, 0x61, 0x6c, 0x6c, 0x65, 0x72, 0x43, 0x6f, 0x6e, 0x63, 0x72, 0x65, 0x74, 0x65, 0x40
.byte 0x56, 0x50, 0x43, 0x6c, 0x61, 0x73, 0x73, 0x44, 0x65, 0x73, 0x63, 0x72, 0x69, 0x70, 0x74, 0x6f
.byte 0x72, 0x40, 0x50, 0x68, 0x79, 0x72, 0x65, 0x40, 0x40, 0x5f, 0x4e, 0x41, 0x42, 0x56, 0x31, 0x32
.byte 0x40, 0x40, 0x50, 0x43, 0x61, 0x6c, 0x6c, 0x65, 0x72, 0x49, 0x6d, 0x70, 0x6c, 0x65, 0x6d, 0x65
.byte 0x6e, 0x74, 0x61, 0x74, 0x69, 0x6f, 0x6e, 0x31, 0x40, 0x50, 0x43, 0x61, 0x6c, 0x6c, 0x65, 0x72
.byte 0x49, 0x6d, 0x70, 0x6c, 0x65, 0x6d, 0x65, 0x6e, 0x74, 0x61, 0x74, 0x69, 0x6f, 0x6e, 0x40, 0x50
.byte 0x49, 0x6e, 0x74, 0x65, 0x72, 0x6e, 0x61, 0x6c, 0x40, 0x50, 0x68, 0x79, 0x72, 0x65, 0x40, 0x40
.byte 0x00, 0x00, 0x00, 0x00
.globl _sym_00c0a940
_sym_00c0a940:
.long _sym_00b69fe8
.byte 0x00, 0x00, 0x00, 0x00, 0x2e, 0x3f, 0x41, 0x56, 0x3f, 0x24, 0x50, 0x43, 0x6c, 0x61, 0x73, 0x73
.byte 0x44, 0x65, 0x73, 0x63, 0x72, 0x69, 0x70, 0x74, 0x6f, 0x72, 0x41, 0x62, 0x73, 0x74, 0x72, 0x61
.byte 0x63, 0x74, 0x40, 0x56, 0x50, 0x4e, 0x61, 0x6d, 0x65, 0x73, 0x70, 0x61, 0x63, 0x65, 0x40, 0x50
.byte 0x68, 0x79, 0x72, 0x65, 0x40, 0x40, 0x40, 0x50, 0x68, 0x79, 0x72, 0x65, 0x40, 0x40, 0x00, 0x00
.byte 0x00, 0x00, 0x00, 0x00
.globl _sym_00c0a988
_sym_00c0a988:
.long _sym_00b69fe8
.byte 0x00, 0x00, 0x00, 0x00, 0x2e, 0x3f, 0x41, 0x56, 0x3f, 0x24, 0x50, 0x43, 0x6c, 0x61, 0x73, 0x73
.byte 0x44, 0x65, 0x73, 0x63, 0x72, 0x69, 0x70, 0x74, 0x6f, 0x72, 0x46, 0x6f, 0x72, 0x54, 0x79, 0x70
.byte 0x65, 0x40, 0x56, 0x50, 0x4e, 0x61, 0x6d, 0x65, 0x73, 0x70, 0x61, 0x63, 0x65, 0x40, 0x50, 0x68
.byte 0x79, 0x72, 0x65, 0x40, 0x40, 0x40, 0x50, 0x68, 0x79, 0x72, 0x65, 0x40, 0x40, 0x00, 0x00, 0x00
.byte 0x00, 0x00, 0x00, 0x00
.globl _sym_00c0a9d0
_sym_00c0a9d0:
.long _sym_00b69fe8
.byte 0x00, 0x00, 0x00, 0x00, 0x2e, 0x3f, 0x41, 0x56, 0x3f, 0x24, 0x50, 0x46, 0x75, 0x6e, 0x63, 0x74
.byte 0x69, 0x6f, 0x6e, 0x43, 0x61, 0x6c, 0x6c, 0x65, 0x72, 0x43, 0x6f, 0x6e, 0x63, 0x72, 0x65, 0x74
.byte 0x65, 0x40, 0x41, 0x41, 0x56, 0x50, 0x4e, 0x61, 0x6d, 0x65, 0x73, 0x70, 0x61, 0x63, 0x65, 0x40
.byte 0x50, 0x68, 0x79, 0x72, 0x65, 0x40, 0x40, 0x40, 0x50, 0x43, 0x61, 0x6c, 0x6c, 0x65, 0x72, 0x49
.byte 0x6d, 0x70, 0x6c, 0x65, 0x6d, 0x65, 0x6e, 0x74, 0x61, 0x74, 0x69, 0x6f, 0x6e, 0x30, 0x40, 0x50
.byte 0x43, 0x61, 0x6c, 0x6c, 0x65, 0x72, 0x49, 0x6d, 0x70, 0x6c, 0x65, 0x6d, 0x65, 0x6e, 0x74, 0x61
.byte 0x74, 0x69, 0x6f, 0x6e, 0x40, 0x50, 0x49, 0x6e, 0x74, 0x65, 0x72, 0x6e, 0x61, 0x6c, 0x40, 0x50
.byte 0x68, 0x79, 0x72, 0x65, 0x40, 0x40, 0x00, 0x00, 0x00, 0x00, 0x00, 0x00
.globl _sym_00c0aa50
_sym_00c0aa50:
.long _sym_00b69fe8
.byte 0x00, 0x00, 0x00, 0x00, 0x2e, 0x3f, 0x41, 0x56, 0x3f, 0x24, 0x50, 0x4d, 0x65, 0x74, 0x68, 0x6f
.byte 0x64, 0x43, 0x61, 0x6c, 0x6c, 0x65, 0x72, 0x43, 0x6f, 0x6e, 0x63, 0x72, 0x65, 0x74, 0x65, 0x40
.byte 0x56, 0x50, 0x4e, 0x61, 0x6d, 0x65, 0x73, 0x70, 0x61, 0x63, 0x65, 0x40, 0x50, 0x68, 0x79, 0x72
.byte 0x65, 0x40, 0x40, 0x50, 0x42, 0x56, 0x50, 0x43, 0x6c, 0x61, 0x73, 0x73, 0x44, 0x65, 0x73, 0x63
.byte 0x72, 0x69, 0x70, 0x74, 0x6f, 0x72, 0x40, 0x32, 0x40, 0x50, 0x42, 0x44, 0x40, 0x50, 0x43, 0x61
.byte 0x6c, 0x6c, 0x65, 0x72, 0x49, 0x6d, 0x70, 0x6c, 0x65, 0x6d, 0x65, 0x6e, 0x74, 0x61, 0x74, 0x69
.byte 0x6f, 0x6e, 0x31, 0x40, 0x50, 0x43, 0x61, 0x6c, 0x6c, 0x65, 0x72, 0x49, 0x6d, 0x70, 0x6c, 0x65
.byte 0x6d, 0x65, 0x6e, 0x74, 0x61, 0x74, 0x69, 0x6f, 0x6e, 0x40, 0x50, 0x49, 0x6e, 0x74, 0x65, 0x72
.byte 0x6e, 0x61, 0x6c, 0x40, 0x50, 0x68, 0x79, 0x72, 0x65, 0x40, 0x40, 0x00
.globl _sym_00c0aae0
_sym_00c0aae0:
.long _sym_00b69fe8
.byte 0x00, 0x00, 0x00, 0x00, 0x2e, 0x3f, 0x41, 0x56, 0x3f, 0x24, 0x50, 0x43, 0x6c, 0x61, 0x73, 0x73
.byte 0x44, 0x65, 0x73, 0x63, 0x72, 0x69, 0x70, 0x74, 0x6f, 0x72, 0x41, 0x62, 0x73, 0x74, 0x72, 0x61
.byte 0x63, 0x74, 0x40, 0x56, 0x50, 0x43, 0x6c, 0x75, 0x73, 0x74, 0x65, 0x72, 0x40, 0x50, 0x68, 0x79
.byte 0x72, 0x65, 0x40, 0x40, 0x40, 0x50, 0x68, 0x79, 0x72, 0x65, 0x40, 0x40, 0x00, 0x00, 0x00, 0x00
.byte 0x00, 0x00, 0x00, 0x00
.globl _sym_00c0ab28
_sym_00c0ab28:
.long _sym_00b69fe8
.byte 0x00, 0x00, 0x00, 0x00, 0x2e, 0x3f, 0x41, 0x56, 0x3f, 0x24, 0x50, 0x43, 0x6c, 0x61, 0x73, 0x73
.byte 0x44, 0x65, 0x73, 0x63, 0x72, 0x69, 0x70, 0x74, 0x6f, 0x72, 0x46, 0x6f, 0x72, 0x54, 0x79, 0x70
.byte 0x65, 0x40, 0x56, 0x50, 0x43, 0x6c, 0x75, 0x73, 0x74, 0x65, 0x72, 0x40, 0x50, 0x68, 0x79, 0x72
.byte 0x65, 0x40, 0x40, 0x40, 0x50, 0x68, 0x79, 0x72, 0x65, 0x40, 0x40, 0x00
.globl _sym_00c0ab68
_sym_00c0ab68:
.long _sym_00b69fe8
.byte 0x00, 0x00, 0x00, 0x00, 0x2e, 0x3f, 0x41, 0x56, 0x3f, 0x24, 0x50, 0x4d, 0x65, 0x74, 0x68, 0x6f
.byte 0x64, 0x43, 0x61, 0x6c, 0x6c, 0x65, 0x72, 0x43, 0x6f, 0x6e, 0x63, 0x72, 0x65, 0x74, 0x65, 0x40
.byte 0x56, 0x50, 0x43, 0x6c, 0x75, 0x73, 0x74, 0x65, 0x72, 0x40, 0x50, 0x68, 0x79, 0x72, 0x65, 0x40
.byte 0x40, 0x56, 0x50, 0x54, 0x79, 0x70, 0x65, 0x64, 0x4f, 0x62, 0x6a, 0x65, 0x63, 0x74, 0x40, 0x32
.byte 0x40, 0x41, 0x42, 0x56, 0x50, 0x43, 0x6c, 0x61, 0x73, 0x73, 0x44, 0x65, 0x73, 0x63, 0x72, 0x69
.byte 0x70, 0x74, 0x6f, 0x72, 0x40, 0x32, 0x40, 0x40, 0x50, 0x43, 0x61, 0x6c, 0x6c, 0x65, 0x72, 0x49
.byte 0x6d, 0x70, 0x6c, 0x65, 0x6d, 0x65, 0x6e, 0x74, 0x61, 0x74, 0x69, 0x6f, 0x6e, 0x31, 0x40, 0x50
.byte 0x43, 0x61, 0x6c, 0x6c, 0x65, 0x72, 0x49, 0x6d, 0x70, 0x6c, 0x65, 0x6d, 0x65, 0x6e, 0x74, 0x61
.byte 0x74, 0x69, 0x6f, 0x6e, 0x40, 0x50, 0x49, 0x6e, 0x74, 0x65, 0x72, 0x6e, 0x61, 0x6c, 0x40, 0x50
.byte 0x68, 0x79, 0x72, 0x65, 0x40, 0x40, 0x00, 0x00, 0x00, 0x00, 0x00, 0x00
.globl _sym_00c0ac08
_sym_00c0ac08:
.long _sym_00b69fe8
.byte 0x00, 0x00, 0x00, 0x00, 0x2e, 0x3f, 0x41, 0x56, 0x3f, 0x24, 0x50, 0x4d, 0x65, 0x74, 0x68, 0x6f
.byte 0x64, 0x43, 0x61, 0x6c, 0x6c, 0x65, 0x72, 0x43, 0x6f, 0x6e, 0x63, 0x72, 0x65, 0x74, 0x65, 0x40
.byte 0x56, 0x50, 0x43, 0x6c, 0x75, 0x73, 0x74, 0x65, 0x72, 0x40, 0x50, 0x68, 0x79, 0x72, 0x65, 0x40
.byte 0x40, 0x57, 0x34, 0x50, 0x52, 0x65, 0x73, 0x75, 0x6c, 0x74, 0x40, 0x32, 0x40, 0x50, 0x41, 0x56
.byte 0x50, 0x42, 0x61, 0x73, 0x65, 0x40, 0x32, 0x40, 0x40, 0x50, 0x43, 0x61, 0x6c, 0x6c, 0x65, 0x72
.byte 0x49, 0x6d, 0x70, 0x6c, 0x65, 0x6d, 0x65, 0x6e, 0x74, 0x61, 0x74, 0x69, 0x6f, 0x6e, 0x31, 0x40
.byte 0x50, 0x43, 0x61, 0x6c, 0x6c, 0x65, 0x72, 0x49, 0x6d, 0x70, 0x6c, 0x65, 0x6d, 0x65, 0x6e, 0x74
.byte 0x61, 0x74, 0x69, 0x6f, 0x6e, 0x40, 0x50, 0x49, 0x6e, 0x74, 0x65, 0x72, 0x6e, 0x61, 0x6c, 0x40
.byte 0x50, 0x68, 0x79, 0x72, 0x65, 0x40, 0x40, 0x00, 0x00, 0x00, 0x00, 0x00
.globl _sym_00c0ac98
_sym_00c0ac98:
.long _sym_00b69fe8
.byte 0x00, 0x00, 0x00, 0x00, 0x2e, 0x3f, 0x41, 0x56, 0x3f, 0x24, 0x50, 0x4d, 0x65, 0x74, 0x68, 0x6f
.byte 0x64, 0x43, 0x61, 0x6c, 0x6c, 0x65, 0x72, 0x43, 0x6f, 0x6e, 0x63, 0x72, 0x65, 0x74, 0x65, 0x40
.byte 0x56, 0x50, 0x43, 0x6c, 0x75, 0x73, 0x74, 0x65, 0x72, 0x40, 0x50, 0x68, 0x79, 0x72, 0x65, 0x40
.byte 0x40, 0x58, 0x41, 0x42, 0x56, 0x50, 0x43, 0x6c, 0x61, 0x73, 0x73, 0x44, 0x65, 0x73, 0x63, 0x72
.byte 0x69, 0x70, 0x74, 0x6f, 0x72, 0x40, 0x32, 0x40, 0x40, 0x50, 0x43, 0x61, 0x6c, 0x6c, 0x65, 0x72
.byte 0x49, 0x6d, 0x70, 0x6c, 0x65, 0x6d, 0x65, 0x6e, 0x74, 0x61, 0x74, 0x69, 0x6f, 0x6e, 0x31, 0x40
.byte 0x50, 0x43, 0x61, 0x6c, 0x6c, 0x65, 0x72, 0x49, 0x6d, 0x70, 0x6c, 0x65, 0x6d, 0x65, 0x6e, 0x74
.byte 0x61, 0x74, 0x69, 0x6f, 0x6e, 0x40, 0x50, 0x49, 0x6e, 0x74, 0x65, 0x72, 0x6e, 0x61, 0x6c, 0x40
.byte 0x50, 0x68, 0x79, 0x72, 0x65, 0x40, 0x40, 0x00, 0x00, 0x00, 0x00, 0x00
.globl _sym_00c0ad28
_sym_00c0ad28:
.long _sym_00b69fe8
.byte 0x00, 0x00, 0x00, 0x00, 0x2e, 0x3f, 0x41, 0x56, 0x3f, 0x24, 0x50, 0x4d, 0x65, 0x74, 0x68, 0x6f
.byte 0x64, 0x43, 0x61, 0x6c, 0x6c, 0x65, 0x72, 0x43, 0x6f, 0x6e, 0x63, 0x72, 0x65, 0x74, 0x65, 0x40
.byte 0x56, 0x50, 0x43, 0x6c, 0x75, 0x73, 0x74, 0x65, 0x72, 0x40, 0x50, 0x68, 0x79, 0x72, 0x65, 0x40
.byte 0x40, 0x58, 0x41, 0x41, 0x56, 0x31, 0x32, 0x40, 0x40, 0x50, 0x43, 0x61, 0x6c, 0x6c, 0x65, 0x72
.byte 0x49, 0x6d, 0x70, 0x6c, 0x65, 0x6d, 0x65, 0x6e, 0x74, 0x61, 0x74, 0x69, 0x6f, 0x6e, 0x31, 0x40
.byte 0x50, 0x43, 0x61, 0x6c, 0x6c, 0x65, 0x72, 0x49, 0x6d, 0x70, 0x6c, 0x65, 0x6d, 0x65, 0x6e, 0x74
.byte 0x61, 0x74, 0x69, 0x6f, 0x6e, 0x40, 0x50, 0x49, 0x6e, 0x74, 0x65, 0x72, 0x6e, 0x61, 0x6c, 0x40
.byte 0x50, 0x68, 0x79, 0x72, 0x65, 0x40, 0x40, 0x00, 0x00, 0x00, 0x00, 0x00
.globl _sym_00c0ada8
_sym_00c0ada8:
.long _sym_00b69fe8
.byte 0x00, 0x00, 0x00, 0x00, 0x2e, 0x3f, 0x41, 0x56, 0x3f, 0x24, 0x50, 0x43, 0x6c, 0x61, 0x73, 0x73
.byte 0x44, 0x65, 0x73, 0x63, 0x72, 0x69, 0x70, 0x74, 0x6f, 0x72, 0x57, 0x69, 0x74, 0x68, 0x6f, 0x75
.byte 0x74, 0x44, 0x65, 0x66, 0x61, 0x75, 0x6c, 0x74, 0x43, 0x6f, 0x6e, 0x73, 0x74, 0x72, 0x75, 0x63
.byte 0x74, 0x6f, 0x72, 0x40, 0x56, 0x50, 0x57, 0x6f, 0x72, 0x6c, 0x64, 0x40, 0x50, 0x68, 0x79, 0x72
.byte 0x65, 0x40, 0x40, 0x40, 0x50, 0x68, 0x79, 0x72, 0x65, 0x40, 0x40, 0x00
.globl _sym_00c0adf8
_sym_00c0adf8:
.long _sym_00b69fe8
.byte 0x00, 0x00, 0x00, 0x00, 0x2e, 0x3f, 0x41, 0x56, 0x3f, 0x24, 0x50, 0x43, 0x6c, 0x61, 0x73, 0x73
.byte 0x44, 0x65, 0x73, 0x63, 0x72, 0x69, 0x70, 0x74, 0x6f, 0x72, 0x41, 0x62, 0x73, 0x74, 0x72, 0x61
.byte 0x63, 0x74, 0x40, 0x56, 0x50, 0x57, 0x6f, 0x72, 0x6c, 0x64, 0x40, 0x50, 0x68, 0x79, 0x72, 0x65
.byte 0x40, 0x40, 0x40, 0x50, 0x68, 0x79, 0x72, 0x65, 0x40, 0x40, 0x00, 0x00
.globl _sym_00c0ae38
_sym_00c0ae38:
.long _sym_00b69fe8
.byte 0x00, 0x00, 0x00, 0x00, 0x2e, 0x3f, 0x41, 0x56, 0x3f, 0x24, 0x50, 0x43, 0x6c, 0x61, 0x73, 0x73
.byte 0x44, 0x65, 0x73, 0x63, 0x72, 0x69, 0x70, 0x74, 0x6f, 0x72, 0x46, 0x6f, 0x72, 0x54, 0x79, 0x70
.byte 0x65, 0x40, 0x56, 0x50, 0x57, 0x6f, 0x72, 0x6c, 0x64, 0x40, 0x50, 0x68, 0x79, 0x72, 0x65, 0x40
.byte 0x40, 0x40, 0x50, 0x68, 0x79, 0x72, 0x65, 0x40, 0x40, 0x00, 0x00, 0x00
.globl _sym_00c0ae78
_sym_00c0ae78:
.long _sym_00b69fe8
.byte 0x00, 0x00, 0x00, 0x00, 0x2e, 0x3f, 0x41, 0x56, 0x3f, 0x24, 0x50, 0x4d, 0x65, 0x74, 0x68, 0x6f
.byte 0x64, 0x43, 0x61, 0x6c, 0x6c, 0x65, 0x72, 0x43, 0x6f, 0x6e, 0x63, 0x72, 0x65, 0x74, 0x65, 0x40
.byte 0x56, 0x50, 0x57, 0x6f, 0x72, 0x6c, 0x64, 0x40, 0x50, 0x68, 0x79, 0x72, 0x65, 0x40, 0x40, 0x49
.byte 0x50, 0x42, 0x44, 0x40, 0x50, 0x43, 0x61, 0x6c, 0x6c, 0x65, 0x72, 0x49, 0x6d, 0x70, 0x6c, 0x65
.byte 0x6d, 0x65, 0x6e, 0x74, 0x61, 0x74, 0x69, 0x6f, 0x6e, 0x31, 0x40, 0x50, 0x43, 0x61, 0x6c, 0x6c
.byte 0x65, 0x72, 0x49, 0x6d, 0x70, 0x6c, 0x65, 0x6d, 0x65, 0x6e, 0x74, 0x61, 0x74, 0x69, 0x6f, 0x6e
.byte 0x40, 0x50, 0x49, 0x6e, 0x74, 0x65, 0x72, 0x6e, 0x61, 0x6c, 0x40, 0x50, 0x68, 0x79, 0x72, 0x65
.byte 0x40, 0x40, 0x00, 0x00
.globl _sym_00c0aef0
_sym_00c0aef0:
.long _sym_00b69fe8
.byte 0x00, 0x00, 0x00, 0x00, 0x2e, 0x3f, 0x41, 0x56, 0x3f, 0x24, 0x50, 0x43, 0x6c, 0x61, 0x73, 0x73
.byte 0x44, 0x65, 0x73, 0x63, 0x72, 0x69, 0x70, 0x74, 0x6f, 0x72, 0x57, 0x69, 0x74, 0x68, 0x6f, 0x75
.byte 0x74, 0x44, 0x65, 0x66, 0x61, 0x75, 0x6c, 0x74, 0x43, 0x6f, 0x6e, 0x73, 0x74, 0x72, 0x75, 0x63
.byte 0x74, 0x6f, 0x72, 0x40, 0x56, 0x50, 0x54, 0x79, 0x70, 0x65, 0x64, 0x4f, 0x62, 0x6a, 0x65, 0x63
.byte 0x74, 0x40, 0x50, 0x68, 0x79, 0x72, 0x65, 0x40, 0x40, 0x40, 0x50, 0x68, 0x79, 0x72, 0x65, 0x40
.byte 0x40, 0x00, 0x00, 0x00
.globl _sym_00c0af48
_sym_00c0af48:
.long _sym_00b69fe8
.byte 0x00, 0x00, 0x00, 0x00, 0x2e, 0x3f, 0x41, 0x56, 0x3f, 0x24, 0x50, 0x43, 0x6c, 0x61, 0x73, 0x73
.byte 0x44, 0x65, 0x73, 0x63, 0x72, 0x69, 0x70, 0x74, 0x6f, 0x72, 0x41, 0x62, 0x73, 0x74, 0x72, 0x61
.byte 0x63, 0x74, 0x40, 0x56, 0x50, 0x54, 0x79, 0x70, 0x65, 0x64, 0x4f, 0x62, 0x6a, 0x65, 0x63, 0x74
.byte 0x40, 0x50, 0x68, 0x79, 0x72, 0x65, 0x40, 0x40, 0x40, 0x50, 0x68, 0x79, 0x72, 0x65, 0x40, 0x40
.byte 0x00, 0x00, 0x00, 0x00
.globl _sym_00c0af90
_sym_00c0af90:
.long _sym_00b69fe8
.byte 0x00, 0x00, 0x00, 0x00, 0x2e, 0x3f, 0x41, 0x56, 0x3f, 0x24, 0x50, 0x43, 0x6c, 0x61, 0x73, 0x73
.byte 0x44, 0x65, 0x73, 0x63, 0x72, 0x69, 0x70, 0x74, 0x6f, 0x72, 0x46, 0x6f, 0x72, 0x54, 0x79, 0x70
.byte 0x65, 0x40, 0x56, 0x50, 0x54, 0x79, 0x70, 0x65, 0x64, 0x4f, 0x62, 0x6a, 0x65, 0x63, 0x74, 0x40
.byte 0x50, 0x68, 0x79, 0x72, 0x65, 0x40, 0x40, 0x40, 0x50, 0x68, 0x79, 0x72, 0x65, 0x40, 0x40, 0x00
.byte 0x00, 0x00, 0x00, 0x00
.globl _sym_00c0afd8
_sym_00c0afd8:
.long _sym_00b69fe8
.byte 0x00, 0x00, 0x00, 0x00, 0x2e, 0x3f, 0x41, 0x56, 0x3f, 0x24, 0x50, 0x43, 0x6c, 0x61, 0x73, 0x73
.byte 0x44, 0x65, 0x73, 0x63, 0x72, 0x69, 0x70, 0x74, 0x6f, 0x72, 0x43, 0x6f, 0x6e, 0x63, 0x72, 0x65
.byte 0x74, 0x65, 0x40, 0x56, 0x50, 0x53, 0x74, 0x72, 0x69, 0x6e, 0x67, 0x40, 0x50, 0x68, 0x79, 0x72
.byte 0x65, 0x40, 0x40, 0x40, 0x50, 0x68, 0x79, 0x72, 0x65, 0x40, 0x40, 0x00
.globl _sym_00c0b018
_sym_00c0b018:
.long _sym_00b69fe8
.byte 0x00, 0x00, 0x00, 0x00, 0x2e, 0x3f, 0x41, 0x56, 0x3f, 0x24, 0x50, 0x43, 0x6c, 0x61, 0x73, 0x73
.byte 0x44, 0x65, 0x73, 0x63, 0x72, 0x69, 0x70, 0x74, 0x6f, 0x72, 0x41, 0x62, 0x73, 0x74, 0x72, 0x61
.byte 0x63, 0x74, 0x40, 0x56, 0x50, 0x53, 0x74, 0x72, 0x69, 0x6e, 0x67, 0x40, 0x50, 0x68, 0x79, 0x72
.byte 0x65, 0x40, 0x40, 0x40, 0x50, 0x68, 0x79, 0x72, 0x65, 0x40, 0x40, 0x00
.globl _sym_00c0b058
_sym_00c0b058:
.long _sym_00b69fe8
.byte 0x00, 0x00, 0x00, 0x00, 0x2e, 0x3f, 0x41, 0x56, 0x3f, 0x24, 0x50, 0x43, 0x6c, 0x61, 0x73, 0x73
.byte 0x44, 0x65, 0x73, 0x63, 0x72, 0x69, 0x70, 0x74, 0x6f, 0x72, 0x46, 0x6f, 0x72, 0x54, 0x79, 0x70
.byte 0x65, 0x40, 0x56, 0x50, 0x53, 0x74, 0x72, 0x69, 0x6e, 0x67, 0x40, 0x50, 0x68, 0x79, 0x72, 0x65
.byte 0x40, 0x40, 0x40, 0x50, 0x68, 0x79, 0x72, 0x65, 0x40, 0x40, 0x00, 0x00
.globl _sym_00c0b098
_sym_00c0b098:
.long _sym_00b69fe8
.byte 0x00, 0x00, 0x00, 0x00, 0x2e, 0x3f, 0x41, 0x56, 0x3f, 0x24, 0x50, 0x43, 0x6c, 0x61, 0x73, 0x73
.byte 0x44, 0x61, 0x74, 0x61, 0x4d, 0x65, 0x6d, 0x62, 0x65, 0x72, 0x41, 0x72, 0x72, 0x61, 0x79, 0x44
.byte 0x79, 0x6e, 0x61, 0x6d, 0x69, 0x63, 0x40, 0x56, 0x50, 0x53, 0x74, 0x72, 0x69, 0x6e, 0x67, 0x40
.byte 0x50, 0x68, 0x79, 0x72, 0x65, 0x40, 0x40, 0x40, 0x50, 0x68, 0x79, 0x72, 0x65, 0x40, 0x40, 0x00
.globl _sym_00c0b0dc
_sym_00c0b0dc:
.long _sym_00b69fe8
.byte 0x00, 0x00, 0x00, 0x00, 0x2e, 0x3f, 0x41, 0x56, 0x50, 0x43, 0x6c, 0x61, 0x73, 0x73, 0x44, 0x61
.byte 0x74, 0x61, 0x4d, 0x65, 0x6d, 0x62, 0x65, 0x72, 0x41, 0x72, 0x72, 0x61, 0x79, 0x40, 0x50, 0x68
.byte 0x79, 0x72, 0x65, 0x40, 0x40, 0x00, 0x00, 0x00
.globl _sym_00c0b108
_sym_00c0b108:
.long _sym_00b69fe8
.byte 0x00, 0x00, 0x00, 0x00, 0x2e, 0x3f, 0x41, 0x56, 0x50, 0x43, 0x6c, 0x61, 0x73, 0x73, 0x44, 0x61
.byte 0x74, 0x61, 0x4d, 0x65, 0x6d, 0x62, 0x65, 0x72, 0x40, 0x50, 0x68, 0x79, 0x72, 0x65, 0x40, 0x40
.byte 0x00, 0x00, 0x00, 0x00
.globl _sym_00c0b130
_sym_00c0b130:
.long _sym_00b69fe8
.byte 0x00, 0x00, 0x00, 0x00, 0x2e, 0x3f, 0x41, 0x56, 0x50, 0x43, 0x6c, 0x61, 0x73, 0x73, 0x44, 0x61
.byte 0x74, 0x61, 0x40, 0x50, 0x68, 0x79, 0x72, 0x65, 0x40, 0x40, 0x00, 0x00
.globl _sym_00c0b150
_sym_00c0b150:
.long _sym_00b69fe8
.byte 0x00, 0x00, 0x00, 0x00, 0x2e, 0x3f, 0x41, 0x56, 0x50, 0x43, 0x6c, 0x61, 0x73, 0x73, 0x4d, 0x65
.byte 0x6d, 0x62, 0x65, 0x72, 0x40, 0x50, 0x68, 0x79, 0x72, 0x65, 0x40, 0x40, 0x00, 0x00, 0x00, 0x00
.byte 0x00, 0x00, 0x00, 0x00
.globl _sym_00c0b178
_sym_00c0b178:
.long _sym_00b69fe8
.byte 0x00, 0x00, 0x00, 0x00, 0x2e, 0x3f, 0x41, 0x56, 0x3f, 0x24, 0x50, 0x53, 0x69, 0x6d, 0x70, 0x6c
.byte 0x65, 0x44, 0x6f, 0x75, 0x62, 0x6c, 0x65, 0x4c, 0x69, 0x73, 0x74, 0x45, 0x6c, 0x65, 0x6d, 0x65
.byte 0x6e, 0x74, 0x40, 0x56, 0x50, 0x43, 0x6c, 0x61, 0x73, 0x73, 0x4d, 0x65, 0x6d, 0x62, 0x65, 0x72
.byte 0x40, 0x50, 0x68, 0x79, 0x72, 0x65, 0x40, 0x40, 0x40, 0x50, 0x68, 0x79, 0x72, 0x65, 0x40, 0x40
.byte 0x00, 0x00, 0x00, 0x00
.globl _sym_00c0b1c0
_sym_00c0b1c0:
.long _sym_00b69fe8
.byte 0x00, 0x00, 0x00, 0x00, 0x2e, 0x3f, 0x41, 0x56, 0x3f, 0x24, 0x50, 0x4d, 0x65, 0x74, 0x68, 0x6f
.byte 0x64, 0x43, 0x61, 0x6c, 0x6c, 0x65, 0x72, 0x43, 0x6f, 0x6e, 0x63, 0x72, 0x65, 0x74, 0x65, 0x40
.byte 0x56, 0x50, 0x53, 0x74, 0x72, 0x69, 0x6e, 0x67, 0x40, 0x50, 0x68, 0x79, 0x72, 0x65, 0x40, 0x40
.byte 0x50, 0x42, 0x44, 0x40, 0x50, 0x43, 0x61, 0x6c, 0x6c, 0x65, 0x72, 0x49, 0x6d, 0x70, 0x6c, 0x65
.byte 0x6d, 0x65, 0x6e, 0x74, 0x61, 0x74, 0x69, 0x6f, 0x6e, 0x30, 0x40, 0x50, 0x43, 0x61, 0x6c, 0x6c
.byte 0x65, 0x72, 0x49, 0x6d, 0x70, 0x6c, 0x65, 0x6d, 0x65, 0x6e, 0x74, 0x61, 0x74, 0x69, 0x6f, 0x6e
.byte 0x40, 0x50, 0x49, 0x6e, 0x74, 0x65, 0x72, 0x6e, 0x61, 0x6c, 0x40, 0x50, 0x68, 0x79, 0x72, 0x65
.byte 0x40, 0x40, 0x00, 0x00
.globl _sym_00c0b238
_sym_00c0b238:
.long _sym_00b0f804
.byte 0x00, 0x00, 0x00, 0x00
.globl _sym_00c0b240
_sym_00c0b240:
.long _sym_00b69fe8
.byte 0x00, 0x00, 0x00, 0x00, 0x2e, 0x3f, 0x41, 0x56, 0x3f, 0x24, 0x50, 0x43, 0x6c, 0x61, 0x73, 0x73
.byte 0x44, 0x65, 0x73, 0x63, 0x72, 0x69, 0x70, 0x74, 0x6f, 0x72, 0x57, 0x69, 0x74, 0x68, 0x6f, 0x75
.byte 0x74, 0x44, 0x65, 0x66, 0x61, 0x75, 0x6c, 0x74, 0x43, 0x6f, 0x6e, 0x73, 0x74, 0x72, 0x75, 0x63
.byte 0x74, 0x6f, 0x72, 0x40, 0x56, 0x50, 0x43, 0x6c, 0x61, 0x73, 0x73, 0x44, 0x61, 0x74, 0x61, 0x4d
.byte 0x65, 0x6d, 0x62, 0x65, 0x72, 0x44, 0x79, 0x6e, 0x61, 0x6d, 0x69, 0x63, 0x40, 0x50, 0x68, 0x79
.byte 0x72, 0x65, 0x40, 0x40, 0x40, 0x50, 0x68, 0x79, 0x72, 0x65, 0x40, 0x40, 0x00, 0x00, 0x00, 0x00
.byte 0x00, 0x00, 0x00, 0x00
.globl _sym_00c0b2a8
_sym_00c0b2a8:
.long _sym_00b69fe8
.byte 0x00, 0x00, 0x00, 0x00, 0x2e, 0x3f, 0x41, 0x56, 0x3f, 0x24, 0x50, 0x43, 0x6c, 0x61, 0x73, 0x73
.byte 0x44, 0x65, 0x73, 0x63, 0x72, 0x69, 0x70, 0x74, 0x6f, 0x72, 0x41, 0x62, 0x73, 0x74, 0x72, 0x61
.byte 0x63, 0x74, 0x40, 0x56, 0x50, 0x43, 0x6c, 0x61, 0x73, 0x73, 0x44, 0x61, 0x74, 0x61, 0x4d, 0x65
.byte 0x6d, 0x62, 0x65, 0x72, 0x44, 0x79, 0x6e, 0x61, 0x6d, 0x69, 0x63, 0x40, 0x50, 0x68, 0x79, 0x72
.byte 0x65, 0x40, 0x40, 0x40, 0x50, 0x68, 0x79, 0x72, 0x65, 0x40, 0x40, 0x00
.globl _sym_00c0b2f8
_sym_00c0b2f8:
.long _sym_00b69fe8
.byte 0x00, 0x00, 0x00, 0x00, 0x2e, 0x3f, 0x41, 0x56, 0x3f, 0x24, 0x50, 0x43, 0x6c, 0x61, 0x73, 0x73
.byte 0x44, 0x65, 0x73, 0x63, 0x72, 0x69, 0x70, 0x74, 0x6f, 0x72, 0x46, 0x6f, 0x72, 0x54, 0x79, 0x70
.byte 0x65, 0x40, 0x56, 0x50, 0x43, 0x6c, 0x61, 0x73, 0x73, 0x44, 0x61, 0x74, 0x61, 0x4d, 0x65, 0x6d
.byte 0x62, 0x65, 0x72, 0x44, 0x79, 0x6e, 0x61, 0x6d, 0x69, 0x63, 0x40, 0x50, 0x68, 0x79, 0x72, 0x65
.byte 0x40, 0x40, 0x40, 0x50, 0x68, 0x79, 0x72, 0x65, 0x40, 0x40, 0x00, 0x00
.globl _sym_00c0b348
_sym_00c0b348:
.long _sym_00b69fe8
.byte 0x00, 0x00, 0x00, 0x00, 0x2e, 0x3f, 0x41, 0x56, 0x50, 0x43, 0x6c, 0x61, 0x73, 0x73, 0x44, 0x61
.byte 0x74, 0x61, 0x4d, 0x65, 0x6d, 0x62, 0x65, 0x72, 0x44, 0x79, 0x6e, 0x61, 0x6d, 0x69, 0x63, 0x40
.byte 0x50, 0x68, 0x79, 0x72, 0x65, 0x40, 0x40, 0x00, 0x00, 0x00, 0x00, 0x00
.globl _sym_00c0b378
_sym_00c0b378:
.long _sym_00b69fe8
.byte 0x00, 0x00, 0x00, 0x00, 0x2e, 0x3f, 0x41, 0x56, 0x3f, 0x24, 0x50, 0x43, 0x6c, 0x61, 0x73, 0x73
.byte 0x44, 0x65, 0x73, 0x63, 0x72, 0x69, 0x70, 0x74, 0x6f, 0x72, 0x57, 0x69, 0x74, 0x68, 0x6f, 0x75
.byte 0x74, 0x44, 0x65, 0x66, 0x61, 0x75, 0x6c, 0x74, 0x43, 0x6f, 0x6e, 0x73, 0x74, 0x72, 0x75, 0x63
.byte 0x74, 0x6f, 0x72, 0x40, 0x56, 0x50, 0x43, 0x6c, 0x61, 0x73, 0x73, 0x44, 0x65, 0x73, 0x63, 0x72
.byte 0x69, 0x70, 0x74, 0x6f, 0x72, 0x44, 0x79, 0x6e, 0x61, 0x6d, 0x69, 0x63, 0x40, 0x50, 0x68, 0x79
.byte 0x72, 0x65, 0x40, 0x40, 0x40, 0x50, 0x68, 0x79, 0x72, 0x65, 0x40, 0x40, 0x00, 0x00, 0x00, 0x00
.byte 0x00, 0x00, 0x00, 0x00
.globl _sym_00c0b3e0
_sym_00c0b3e0:
.long _sym_00b69fe8
.byte 0x00, 0x00, 0x00, 0x00, 0x2e, 0x3f, 0x41, 0x56, 0x3f, 0x24, 0x50, 0x43, 0x6c, 0x61, 0x73, 0x73
.byte 0x44, 0x65, 0x73, 0x63, 0x72, 0x69, 0x70, 0x74, 0x6f, 0x72, 0x41, 0x62, 0x73, 0x74, 0x72, 0x61
.byte 0x63, 0x74, 0x40, 0x56, 0x50, 0x43, 0x6c, 0x61, 0x73, 0x73, 0x44, 0x65, 0x73, 0x63, 0x72, 0x69
.byte 0x70, 0x74, 0x6f, 0x72, 0x44, 0x79, 0x6e, 0x61, 0x6d, 0x69, 0x63, 0x40, 0x50, 0x68, 0x79, 0x72
.byte 0x65, 0x40, 0x40, 0x40, 0x50, 0x68, 0x79, 0x72, 0x65, 0x40, 0x40, 0x00
.globl _sym_00c0b430
_sym_00c0b430:
.long _sym_00b69fe8
.byte 0x00, 0x00, 0x00, 0x00, 0x2e, 0x3f, 0x41, 0x56, 0x3f, 0x24, 0x50, 0x43, 0x6c, 0x61, 0x73, 0x73
.byte 0x44, 0x65, 0x73, 0x63, 0x72, 0x69, 0x70, 0x74, 0x6f, 0x72, 0x46, 0x6f, 0x72, 0x54, 0x79, 0x70
.byte 0x65, 0x40, 0x56, 0x50, 0x43, 0x6c, 0x61, 0x73, 0x73, 0x44, 0x65, 0x73, 0x63, 0x72, 0x69, 0x70
.byte 0x74, 0x6f, 0x72, 0x44, 0x79, 0x6e, 0x61, 0x6d, 0x69, 0x63, 0x40, 0x50, 0x68, 0x79, 0x72, 0x65
.byte 0x40, 0x40, 0x40, 0x50, 0x68, 0x79, 0x72, 0x65, 0x40, 0x40, 0x00, 0x00
.globl _sym_00c0b480
_sym_00c0b480:
.long _sym_00b0fbd4
.globl _sym_00c0b484
_sym_00c0b484:
.long _sym_00b0fbd4
.globl _sym_00c0b488
_sym_00c0b488:
.long _sym_00b0fbd4
.globl _sym_00c0b48c
_sym_00c0b48c:
.long _sym_00b69fe8
.byte 0x00, 0x00, 0x00, 0x00, 0x2e, 0x3f, 0x41, 0x56, 0x50, 0x43, 0x6c, 0x61, 0x73, 0x73, 0x44, 0x65
.byte 0x73, 0x63, 0x72, 0x69, 0x70, 0x74, 0x6f, 0x72, 0x44, 0x79, 0x6e, 0x61, 0x6d, 0x69, 0x63, 0x40
.byte 0x50, 0x68, 0x79, 0x72, 0x65, 0x40, 0x40, 0x00
.globl _sym_00c0b4b8
_sym_00c0b4b8:
.long _sym_00b69fe8
.byte 0x00, 0x00, 0x00, 0x00, 0x2e, 0x3f, 0x41, 0x56, 0x3f, 0x24, 0x50, 0x43, 0x6c, 0x61, 0x73, 0x73
.byte 0x44, 0x61, 0x74, 0x61, 0x4d, 0x65, 0x6d, 0x62, 0x65, 0x72, 0x50, 0x68, 0x79, 0x72, 0x65, 0x41
.byte 0x72, 0x72, 0x61, 0x79, 0x40, 0x45, 0x40, 0x50, 0x68, 0x79, 0x72, 0x65, 0x40, 0x40, 0x00, 0x00
.byte 0x00, 0x00, 0x00, 0x00
.globl _sym_00c0b4f0
_sym_00c0b4f0:
.long _sym_00b69fe8
.byte 0x00, 0x00, 0x00, 0x00, 0x2e, 0x3f, 0x41, 0x56, 0x3f, 0x24, 0x50, 0x43, 0x6c, 0x61, 0x73, 0x73
.byte 0x44, 0x65, 0x73, 0x63, 0x72, 0x69, 0x70, 0x74, 0x6f, 0x72, 0x43, 0x6f, 0x6e, 0x63, 0x72, 0x65
.byte 0x74, 0x65, 0x40, 0x56, 0x3f, 0x24, 0x50, 0x41, 0x72, 0x72, 0x61, 0x79, 0x40, 0x45, 0x24, 0x30
.byte 0x30, 0x40, 0x50, 0x68, 0x79, 0x72, 0x65, 0x40, 0x40, 0x40, 0x50, 0x68, 0x79, 0x72, 0x65, 0x40
.byte 0x40, 0x00, 0x00, 0x00
.globl _sym_00c0b538
_sym_00c0b538:
.long _sym_00b69fe8
.byte 0x00, 0x00, 0x00, 0x00, 0x2e, 0x3f, 0x41, 0x56, 0x3f, 0x24, 0x50, 0x43, 0x6c, 0x61, 0x73, 0x73
.byte 0x44, 0x65, 0x73, 0x63, 0x72, 0x69, 0x70, 0x74, 0x6f, 0x72, 0x41, 0x62, 0x73, 0x74, 0x72, 0x61
.byte 0x63, 0x74, 0x40, 0x56, 0x3f, 0x24, 0x50, 0x41, 0x72, 0x72, 0x61, 0x79, 0x40, 0x45, 0x24, 0x30
.byte 0x30, 0x40, 0x50, 0x68, 0x79, 0x72, 0x65, 0x40, 0x40, 0x40, 0x50, 0x68, 0x79, 0x72, 0x65, 0x40
.byte 0x40, 0x00, 0x00, 0x00
.globl _sym_00c0b580
_sym_00c0b580:
.long _sym_00b69fe8
.byte 0x00, 0x00, 0x00, 0x00, 0x2e, 0x3f, 0x41, 0x56, 0x3f, 0x24, 0x50, 0x43, 0x6c, 0x61, 0x73, 0x73
.byte 0x44, 0x65, 0x73, 0x63, 0x72, 0x69, 0x70, 0x74, 0x6f, 0x72, 0x46, 0x6f, 0x72, 0x54, 0x79, 0x70
.byte 0x65, 0x40, 0x56, 0x3f, 0x24, 0x50, 0x41, 0x72, 0x72, 0x61, 0x79, 0x40, 0x45, 0x24, 0x30, 0x30
.byte 0x40, 0x50, 0x68, 0x79, 0x72, 0x65, 0x40, 0x40, 0x40, 0x50, 0x68, 0x79, 0x72, 0x65, 0x40, 0x40
.byte 0x00, 0x00, 0x00, 0x00
.globl _sym_00c0b5c8
_sym_00c0b5c8:
.long _sym_00b69fe8
.byte 0x00, 0x00, 0x00, 0x00, 0x2e, 0x3f, 0x41, 0x56, 0x3f, 0x24, 0x50, 0x41, 0x6e, 0x6e, 0x6f, 0x74
.byte 0x61, 0x74, 0x69, 0x6f, 0x6e, 0x57, 0x69, 0x74, 0x68, 0x56, 0x61, 0x6c, 0x75, 0x65, 0x40, 0x49
.byte 0x40, 0x50, 0x68, 0x79, 0x72, 0x65, 0x40, 0x40, 0x00, 0x00, 0x00, 0x00
.globl _sym_00c0b5f8
_sym_00c0b5f8:
.long _sym_00b69fe8
.byte 0x00, 0x00, 0x00, 0x00, 0x2e, 0x3f, 0x41, 0x56, 0x50, 0x41, 0x6e, 0x6e, 0x6f, 0x74, 0x61, 0x74
.byte 0x69, 0x6f, 0x6e, 0x40, 0x50, 0x68, 0x79, 0x72, 0x65, 0x40, 0x40, 0x00
.globl _sym_00c0b618
_sym_00c0b618:
.long _sym_00b69fe8
.byte 0x00, 0x00, 0x00, 0x00, 0x2e, 0x3f, 0x41, 0x56, 0x3f, 0x24, 0x50, 0x53, 0x69, 0x6d, 0x70, 0x6c
.byte 0x65, 0x44, 0x6f, 0x75, 0x62, 0x6c, 0x65, 0x4c, 0x69, 0x73, 0x74, 0x45, 0x6c, 0x65, 0x6d, 0x65
.byte 0x6e, 0x74, 0x40, 0x56, 0x50, 0x41, 0x6e, 0x6e, 0x6f, 0x74, 0x61, 0x74, 0x69, 0x6f, 0x6e, 0x40
.byte 0x50, 0x68, 0x79, 0x72, 0x65, 0x40, 0x40, 0x40, 0x50, 0x68, 0x79, 0x72, 0x65, 0x40, 0x40, 0x00
.byte 0x00, 0x00, 0x00, 0x00
.globl _sym_00c0b660
_sym_00c0b660:
.long _sym_00b69fe8
.byte 0x00, 0x00, 0x00, 0x00, 0x2e, 0x3f, 0x41, 0x56, 0x3f, 0x24, 0x50, 0x43, 0x6c, 0x61, 0x73, 0x73
.byte 0x44, 0x61, 0x74, 0x61, 0x4d, 0x65, 0x6d, 0x62, 0x65, 0x72, 0x41, 0x72, 0x72, 0x61, 0x79, 0x44
.byte 0x79, 0x6e, 0x61, 0x6d, 0x69, 0x63, 0x40, 0x56, 0x3f, 0x24, 0x50, 0x41, 0x72, 0x72, 0x61, 0x79
.byte 0x40, 0x45, 0x24, 0x30, 0x30, 0x40, 0x50, 0x68, 0x79, 0x72, 0x65, 0x40, 0x40, 0x40, 0x50, 0x68
.byte 0x79, 0x72, 0x65, 0x40, 0x40, 0x00, 0x00, 0x00, 0x00, 0x00, 0x00, 0x00
.globl _sym_00c0b6b0
_sym_00c0b6b0:
.long _sym_00b69fe8
.byte 0x00, 0x00, 0x00, 0x00, 0x2e, 0x3f, 0x41, 0x56, 0x3f, 0x24, 0x50, 0x43, 0x6c, 0x61, 0x73, 0x73
.byte 0x44, 0x65, 0x73, 0x63, 0x72, 0x69, 0x70, 0x74, 0x6f, 0x72, 0x43, 0x6f, 0x6e, 0x63, 0x72, 0x65
.byte 0x74, 0x65, 0x40, 0x56, 0x50, 0x43, 0x6c, 0x75, 0x73, 0x74, 0x65, 0x72, 0x44, 0x65, 0x70, 0x65
.byte 0x6e, 0x64, 0x65, 0x6e, 0x63, 0x79, 0x4c, 0x69, 0x73, 0x74, 0x40, 0x50, 0x68, 0x79, 0x72, 0x65
.byte 0x40, 0x40, 0x40, 0x50, 0x68, 0x79, 0x72, 0x65, 0x40, 0x40, 0x00, 0x00
.globl _sym_00c0b700
_sym_00c0b700:
.long _sym_00b69fe8
.byte 0x00, 0x00, 0x00, 0x00, 0x2e, 0x3f, 0x41, 0x56, 0x3f, 0x24, 0x50, 0x43, 0x6c, 0x61, 0x73, 0x73
.byte 0x44, 0x65, 0x73, 0x63, 0x72, 0x69, 0x70, 0x74, 0x6f, 0x72, 0x41, 0x62, 0x73, 0x74, 0x72, 0x61
.byte 0x63, 0x74, 0x40, 0x56, 0x50, 0x43, 0x6c, 0x75, 0x73, 0x74, 0x65, 0x72, 0x44, 0x65, 0x70, 0x65
.byte 0x6e, 0x64, 0x65, 0x6e, 0x63, 0x79, 0x4c, 0x69, 0x73, 0x74, 0x40, 0x50, 0x68, 0x79, 0x72, 0x65
.byte 0x40, 0x40, 0x40, 0x50, 0x68, 0x79, 0x72, 0x65, 0x40, 0x40, 0x00, 0x00
.globl _sym_00c0b750
_sym_00c0b750:
.long _sym_00b69fe8
.byte 0x00, 0x00, 0x00, 0x00, 0x2e, 0x3f, 0x41, 0x56, 0x3f, 0x24, 0x50, 0x43, 0x6c, 0x61, 0x73, 0x73
.byte 0x44, 0x65, 0x73, 0x63, 0x72, 0x69, 0x70, 0x74, 0x6f, 0x72, 0x46, 0x6f, 0x72, 0x54, 0x79, 0x70
.byte 0x65, 0x40, 0x56, 0x50, 0x43, 0x6c, 0x75, 0x73, 0x74, 0x65, 0x72, 0x44, 0x65, 0x70, 0x65, 0x6e
.byte 0x64, 0x65, 0x6e, 0x63, 0x79, 0x4c, 0x69, 0x73, 0x74, 0x40, 0x50, 0x68, 0x79, 0x72, 0x65, 0x40
.byte 0x40, 0x40, 0x50, 0x68, 0x79, 0x72, 0x65, 0x40, 0x40, 0x00, 0x00, 0x00
.globl _sym_00c0b7a0
_sym_00c0b7a0:
.long _sym_00b10014
.byte 0x00, 0x00, 0x00, 0x00
.globl _sym_00c0b7a8
_sym_00c0b7a8:
.long _sym_00b69fe8
.byte 0x00, 0x00, 0x00, 0x00, 0x2e, 0x3f, 0x41, 0x56, 0x3f, 0x24, 0x50, 0x43, 0x6c, 0x61, 0x73, 0x73
.byte 0x44, 0x61, 0x74, 0x61, 0x4d, 0x65, 0x6d, 0x62, 0x65, 0x72, 0x50, 0x68, 0x79, 0x72, 0x65, 0x53
.byte 0x68, 0x61, 0x72, 0x72, 0x61, 0x79, 0x40, 0x56, 0x50, 0x53, 0x74, 0x72, 0x69, 0x6e, 0x67, 0x40
.byte 0x50, 0x68, 0x79, 0x72, 0x65, 0x40, 0x40, 0x40, 0x50, 0x68, 0x79, 0x72, 0x65, 0x40, 0x40, 0x00
.byte 0x00, 0x00, 0x00, 0x00
.globl _sym_00c0b7f0
_sym_00c0b7f0:
.long _sym_00b69fe8
.byte 0x00, 0x00, 0x00, 0x00, 0x2e, 0x3f, 0x41, 0x56, 0x3f, 0x24, 0x50, 0x43, 0x6c, 0x61, 0x73, 0x73
.byte 0x44, 0x65, 0x73, 0x63, 0x72, 0x69, 0x70, 0x74, 0x6f, 0x72, 0x43, 0x6f, 0x6e, 0x63, 0x72, 0x65
.byte 0x74, 0x65, 0x40, 0x56, 0x3f, 0x24, 0x50, 0x53, 0x68, 0x61, 0x72, 0x72, 0x61, 0x79, 0x40, 0x56
.byte 0x50, 0x53, 0x74, 0x72, 0x69, 0x6e, 0x67, 0x40, 0x50, 0x68, 0x79, 0x72, 0x65, 0x40, 0x40, 0x40
.byte 0x50, 0x68, 0x79, 0x72, 0x65, 0x40, 0x40, 0x40, 0x50, 0x68, 0x79, 0x72, 0x65, 0x40, 0x40, 0x00
.byte 0x00, 0x00, 0x00, 0x00
.globl _sym_00c0b848
_sym_00c0b848:
.long _sym_00b69fe8
.byte 0x00, 0x00, 0x00, 0x00, 0x2e, 0x3f, 0x41, 0x56, 0x3f, 0x24, 0x50, 0x43, 0x6c, 0x61, 0x73, 0x73
.byte 0x44, 0x65, 0x73, 0x63, 0x72, 0x69, 0x70, 0x74, 0x6f, 0x72, 0x41, 0x62, 0x73, 0x74, 0x72, 0x61
.byte 0x63, 0x74, 0x40, 0x56, 0x3f, 0x24, 0x50, 0x53, 0x68, 0x61, 0x72, 0x72, 0x61, 0x79, 0x40, 0x56
.byte 0x50, 0x53, 0x74, 0x72, 0x69, 0x6e, 0x67, 0x40, 0x50, 0x68, 0x79, 0x72, 0x65, 0x40, 0x40, 0x40
.byte 0x50, 0x68, 0x79, 0x72, 0x65, 0x40, 0x40, 0x40, 0x50, 0x68, 0x79, 0x72, 0x65, 0x40, 0x40, 0x00
.byte 0x00, 0x00, 0x00, 0x00
.globl _sym_00c0b8a0
_sym_00c0b8a0:
.long _sym_00b69fe8
.byte 0x00, 0x00, 0x00, 0x00, 0x2e, 0x3f, 0x41, 0x56, 0x3f, 0x24, 0x50, 0x43, 0x6c, 0x61, 0x73, 0x73
.byte 0x44, 0x65, 0x73, 0x63, 0x72, 0x69, 0x70, 0x74, 0x6f, 0x72, 0x46, 0x6f, 0x72, 0x54, 0x79, 0x70
.byte 0x65, 0x40, 0x56, 0x3f, 0x24, 0x50, 0x53, 0x68, 0x61, 0x72, 0x72, 0x61, 0x79, 0x40, 0x56, 0x50
.byte 0x53, 0x74, 0x72, 0x69, 0x6e, 0x67, 0x40, 0x50, 0x68, 0x79, 0x72, 0x65, 0x40, 0x40, 0x40, 0x50
.byte 0x68, 0x79, 0x72, 0x65, 0x40, 0x40, 0x40, 0x50, 0x68, 0x79, 0x72, 0x65, 0x40, 0x40, 0x00, 0x00
.byte 0x00, 0x00, 0x00, 0x00
.globl _sym_00c0b8f8
_sym_00c0b8f8:
.long _sym_00b69fe8
.byte 0x00, 0x00, 0x00, 0x00, 0x2e, 0x3f, 0x41, 0x56, 0x3f, 0x24, 0x50, 0x43, 0x6c, 0x61, 0x73, 0x73
.byte 0x44, 0x61, 0x74, 0x61, 0x4d, 0x65, 0x6d, 0x62, 0x65, 0x72, 0x41, 0x72, 0x72, 0x61, 0x79, 0x44
.byte 0x79, 0x6e, 0x61, 0x6d, 0x69, 0x63, 0x40, 0x56, 0x3f, 0x24, 0x50, 0x53, 0x68, 0x61, 0x72, 0x72
.byte 0x61, 0x79, 0x40, 0x56, 0x50, 0x53, 0x74, 0x72, 0x69, 0x6e, 0x67, 0x40, 0x50, 0x68, 0x79, 0x72
.byte 0x65, 0x40, 0x40, 0x40, 0x50, 0x68, 0x79, 0x72, 0x65, 0x40, 0x40, 0x40, 0x50, 0x68, 0x79, 0x72
.byte 0x65, 0x40, 0x40, 0x00
.globl _sym_00c0b950
_sym_00c0b950:
.byte 0x01, 0x00, 0x00, 0x00
.globl _sym_00c0b954
_sym_00c0b954:
.byte 0x00, 0x00, 0x04, 0x00
.globl _sym_00c0b958
_sym_00c0b958:
.byte 0x00, 0x28, 0x00, 0x00
.globl _sym_00c0b95c
_sym_00c0b95c:
.byte 0x00, 0x04, 0x00, 0x00
.globl _sym_00c0b960
_sym_00c0b960:
.long _sym_00b69fe8
.byte 0x00, 0x00, 0x00, 0x00, 0x2e, 0x3f, 0x41, 0x56, 0x50, 0x54, 0x68, 0x72, 0x65, 0x61, 0x64, 0x50
.byte 0x6f, 0x6f, 0x6c, 0x40, 0x50, 0x68, 0x79, 0x72, 0x65, 0x40, 0x40, 0x00
.globl _sym_00c0b980
_sym_00c0b980:
.long _sym_00b69fe8
.byte 0x00, 0x00, 0x00, 0x00, 0x2e, 0x3f, 0x41, 0x56, 0x3f, 0x24, 0x50, 0x43, 0x6c, 0x61, 0x73, 0x73
.byte 0x44, 0x65, 0x73, 0x63, 0x72, 0x69, 0x70, 0x74, 0x6f, 0x72, 0x43, 0x6f, 0x6e, 0x63, 0x72, 0x65
.byte 0x74, 0x65, 0x40, 0x56, 0x50, 0x43, 0x6f, 0x6d, 0x70, 0x6f, 0x6e, 0x65, 0x6e, 0x74, 0x40, 0x50
.byte 0x68, 0x79, 0x72, 0x65, 0x40, 0x40, 0x40, 0x50, 0x68, 0x79, 0x72, 0x65, 0x40, 0x40, 0x00, 0x00
.byte 0x00, 0x00, 0x00, 0x00
.globl _sym_00c0b9c8
_sym_00c0b9c8:
.long _sym_00b69fe8
.byte 0x00, 0x00, 0x00, 0x00, 0x2e, 0x3f, 0x41, 0x56, 0x3f, 0x24, 0x50, 0x43, 0x6c, 0x61, 0x73, 0x73
.byte 0x44, 0x65, 0x73, 0x63, 0x72, 0x69, 0x70, 0x74, 0x6f, 0x72, 0x41, 0x62, 0x73, 0x74, 0x72, 0x61
.byte 0x63, 0x74, 0x40, 0x56, 0x50, 0x43, 0x6f, 0x6d, 0x70, 0x6f, 0x6e, 0x65, 0x6e, 0x74, 0x40, 0x50
.byte 0x68, 0x79, 0x72, 0x65, 0x40, 0x40, 0x40, 0x50, 0x68, 0x79, 0x72, 0x65, 0x40, 0x40, 0x00, 0x00
.byte 0x00, 0x00, 0x00, 0x00
.globl _sym_00c0ba10
_sym_00c0ba10:
.long _sym_00b69fe8
.byte 0x00, 0x00, 0x00, 0x00, 0x2e, 0x3f, 0x41, 0x56, 0x3f, 0x24, 0x50, 0x43, 0x6c, 0x61, 0x73, 0x73
.byte 0x44, 0x65, 0x73, 0x63, 0x72, 0x69, 0x70, 0x74, 0x6f, 0x72, 0x46, 0x6f, 0x72, 0x54, 0x79, 0x70
.byte 0x65, 0x40, 0x56, 0x50, 0x43, 0x6f, 0x6d, 0x70, 0x6f, 0x6e, 0x65, 0x6e, 0x74, 0x40, 0x50, 0x68
.byte 0x79, 0x72, 0x65, 0x40, 0x40, 0x40, 0x50, 0x68, 0x79, 0x72, 0x65, 0x40, 0x40, 0x00, 0x00, 0x00
.byte 0x00, 0x00, 0x00, 0x00
.globl _sym_00c0ba58
_sym_00c0ba58:
.long _sym_00b69fe8
.byte 0x00, 0x00, 0x00, 0x00, 0x2e, 0x3f, 0x41, 0x56, 0x3f, 0x24, 0x50, 0x4d, 0x65, 0x74, 0x68, 0x6f
.byte 0x64, 0x43, 0x61, 0x6c, 0x6c, 0x65, 0x72, 0x43, 0x6f, 0x6e, 0x63, 0x72, 0x65, 0x74, 0x65, 0x40
.byte 0x56, 0x50, 0x43, 0x6f, 0x6d, 0x70, 0x6f, 0x6e, 0x65, 0x6e, 0x74, 0x40, 0x50, 0x68, 0x79, 0x72
.byte 0x65, 0x40, 0x40, 0x50, 0x41, 0x56, 0x50, 0x45, 0x6e, 0x74, 0x69, 0x74, 0x79, 0x40, 0x32, 0x40
.byte 0x40, 0x50, 0x43, 0x61, 0x6c, 0x6c, 0x65, 0x72, 0x49, 0x6d, 0x70, 0x6c, 0x65, 0x6d, 0x65, 0x6e
.byte 0x74, 0x61, 0x74, 0x69, 0x6f, 0x6e, 0x30, 0x40, 0x50, 0x43, 0x61, 0x6c, 0x6c, 0x65, 0x72, 0x49
.byte 0x6d, 0x70, 0x6c, 0x65, 0x6d, 0x65, 0x6e, 0x74, 0x61, 0x74, 0x69, 0x6f, 0x6e, 0x40, 0x50, 0x49
.byte 0x6e, 0x74, 0x65, 0x72, 0x6e, 0x61, 0x6c, 0x40, 0x50, 0x68, 0x79, 0x72, 0x65, 0x40, 0x40, 0x00
.byte 0x00, 0x00, 0x00, 0x00
.globl _sym_00c0bae0
_sym_00c0bae0:
.long _sym_00b69fe8
.byte 0x00, 0x00, 0x00, 0x00, 0x2e, 0x3f, 0x41, 0x56, 0x3f, 0x24, 0x50, 0x4d, 0x65, 0x74, 0x68, 0x6f
.byte 0x64, 0x43, 0x61, 0x6c, 0x6c, 0x65, 0x72, 0x43, 0x6f, 0x6e, 0x63, 0x72, 0x65, 0x74, 0x65, 0x40
.byte 0x56, 0x50, 0x43, 0x6f, 0x6d, 0x70, 0x6f, 0x6e, 0x65, 0x6e, 0x74, 0x40, 0x50, 0x68, 0x79, 0x72
.byte 0x65, 0x40, 0x40, 0x41, 0x42, 0x56, 0x50, 0x43, 0x6c, 0x61, 0x73, 0x73, 0x44, 0x65, 0x73, 0x63
.byte 0x72, 0x69, 0x70, 0x74, 0x6f, 0x72, 0x40, 0x32, 0x40, 0x40, 0x50, 0x43, 0x61, 0x6c, 0x6c, 0x65
.byte 0x72, 0x49, 0x6d, 0x70, 0x6c, 0x65, 0x6d, 0x65, 0x6e, 0x74, 0x61, 0x74, 0x69, 0x6f, 0x6e, 0x30
.byte 0x40, 0x50, 0x43, 0x61, 0x6c, 0x6c, 0x65, 0x72, 0x49, 0x6d, 0x70, 0x6c, 0x65, 0x6d, 0x65, 0x6e
.byte 0x74, 0x61, 0x74, 0x69, 0x6f, 0x6e, 0x40, 0x50, 0x49, 0x6e, 0x74, 0x65, 0x72, 0x6e, 0x61, 0x6c
.byte 0x40, 0x50, 0x68, 0x79, 0x72, 0x65, 0x40, 0x40, 0x00, 0x00, 0x00, 0x00
.globl _sym_00c0bb70
_sym_00c0bb70:
.long _sym_00c0bb70
.long _sym_00c0bb70
.long _sym_00c0bb70
.long _sym_00c0bb70
.long _sym_00c0bb70
.long _sym_00c0bb70
.globl _sym_00c0bb88
_sym_00c0bb88:
.long _sym_00b69fe8
.byte 0x00, 0x00, 0x00, 0x00, 0x2e, 0x3f, 0x41, 0x56, 0x3f, 0x24, 0x50, 0x43, 0x6c, 0x61, 0x73, 0x73
.byte 0x44, 0x65, 0x73, 0x63, 0x72, 0x69, 0x70, 0x74, 0x6f, 0x72, 0x43, 0x6f, 0x6e, 0x63, 0x72, 0x65
.byte 0x74, 0x65, 0x40, 0x56, 0x50, 0x45, 0x6e, 0x74, 0x69, 0x74, 0x79, 0x40, 0x50, 0x68, 0x79, 0x72
.byte 0x65, 0x40, 0x40, 0x40, 0x50, 0x68, 0x79, 0x72, 0x65, 0x40, 0x40, 0x00
.globl _sym_00c0bbc8
_sym_00c0bbc8:
.long _sym_00b69fe8
.byte 0x00, 0x00, 0x00, 0x00, 0x2e, 0x3f, 0x41, 0x56, 0x3f, 0x24, 0x50, 0x43, 0x6c, 0x61, 0x73, 0x73
.byte 0x44, 0x65, 0x73, 0x63, 0x72, 0x69, 0x70, 0x74, 0x6f, 0x72, 0x41, 0x62, 0x73, 0x74, 0x72, 0x61
.byte 0x63, 0x74, 0x40, 0x56, 0x50, 0x45, 0x6e, 0x74, 0x69, 0x74, 0x79, 0x40, 0x50, 0x68, 0x79, 0x72
.byte 0x65, 0x40, 0x40, 0x40, 0x50, 0x68, 0x79, 0x72, 0x65, 0x40, 0x40, 0x00
.globl _sym_00c0bc08
_sym_00c0bc08:
.long _sym_00b69fe8
.byte 0x00, 0x00, 0x00, 0x00, 0x2e, 0x3f, 0x41, 0x56, 0x3f, 0x24, 0x50, 0x43, 0x6c, 0x61, 0x73, 0x73
.byte 0x44, 0x65, 0x73, 0x63, 0x72, 0x69, 0x70, 0x74, 0x6f, 0x72, 0x46, 0x6f, 0x72, 0x54, 0x79, 0x70
.byte 0x65, 0x40, 0x56, 0x50, 0x45, 0x6e, 0x74, 0x69, 0x74, 0x79, 0x40, 0x50, 0x68, 0x79, 0x72, 0x65
.byte 0x40, 0x40, 0x40, 0x50, 0x68, 0x79, 0x72, 0x65, 0x40, 0x40, 0x00, 0x00
.globl _sym_00c0bc48
_sym_00c0bc48:
.long _sym_00b69fe8
.byte 0x00, 0x00, 0x00, 0x00, 0x2e, 0x3f, 0x41, 0x56, 0x3f, 0x24, 0x50, 0x4d, 0x65, 0x74, 0x68, 0x6f
.byte 0x64, 0x43, 0x61, 0x6c, 0x6c, 0x65, 0x72, 0x43, 0x6f, 0x6e, 0x63, 0x72, 0x65, 0x74, 0x65, 0x40
.byte 0x56, 0x50, 0x45, 0x6e, 0x74, 0x69, 0x74, 0x79, 0x40, 0x50, 0x68, 0x79, 0x72, 0x65, 0x40, 0x40
.byte 0x58, 0x50, 0x41, 0x56, 0x50, 0x57, 0x6f, 0x72, 0x6c, 0x64, 0x4d, 0x61, 0x74, 0x72, 0x69, 0x78
.byte 0x40, 0x32, 0x40, 0x40, 0x50, 0x43, 0x61, 0x6c, 0x6c, 0x65, 0x72, 0x49, 0x6d, 0x70, 0x6c, 0x65
.byte 0x6d, 0x65, 0x6e, 0x74, 0x61, 0x74, 0x69, 0x6f, 0x6e, 0x31, 0x40, 0x50, 0x43, 0x61, 0x6c, 0x6c
.byte 0x65, 0x72, 0x49, 0x6d, 0x70, 0x6c, 0x65, 0x6d, 0x65, 0x6e, 0x74, 0x61, 0x74, 0x69, 0x6f, 0x6e
.byte 0x40, 0x50, 0x49, 0x6e, 0x74, 0x65, 0x72, 0x6e, 0x61, 0x6c, 0x40, 0x50, 0x68, 0x79, 0x72, 0x65
.byte 0x40, 0x40, 0x00, 0x00
.globl _sym_00c0bcd0
_sym_00c0bcd0:
.long _sym_00b69fe8
.byte 0x00, 0x00, 0x00, 0x00, 0x2e, 0x3f, 0x41, 0x56, 0x3f, 0x24, 0x50, 0x4d, 0x65, 0x74, 0x68, 0x6f
.byte 0x64, 0x43, 0x61, 0x6c, 0x6c, 0x65, 0x72, 0x43, 0x6f, 0x6e, 0x63, 0x72, 0x65, 0x74, 0x65, 0x40
.byte 0x56, 0x50, 0x45, 0x6e, 0x74, 0x69, 0x74, 0x79, 0x40, 0x50, 0x68, 0x79, 0x72, 0x65, 0x40, 0x40
.byte 0x57, 0x34, 0x50, 0x52, 0x65, 0x73, 0x75, 0x6c, 0x74, 0x40, 0x32, 0x40, 0x41, 0x41, 0x56, 0x50
.byte 0x43, 0x6f, 0x6d, 0x70, 0x6f, 0x6e, 0x65, 0x6e, 0x74, 0x40, 0x32, 0x40, 0x40, 0x50, 0x43, 0x61
.byte 0x6c, 0x6c, 0x65, 0x72, 0x49, 0x6d, 0x70, 0x6c, 0x65, 0x6d, 0x65, 0x6e, 0x74, 0x61, 0x74, 0x69
.byte 0x6f, 0x6e, 0x31, 0x40, 0x50, 0x43, 0x61, 0x6c, 0x6c, 0x65, 0x72, 0x49, 0x6d, 0x70, 0x6c, 0x65
.byte 0x6d, 0x65, 0x6e, 0x74, 0x61, 0x74, 0x69, 0x6f, 0x6e, 0x40, 0x50, 0x49, 0x6e, 0x74, 0x65, 0x72
.byte 0x6e, 0x61, 0x6c, 0x40, 0x50, 0x68, 0x79, 0x72, 0x65, 0x40, 0x40, 0x00
.globl _sym_00c0bd60
_sym_00c0bd60:
.long _sym_00b69fe8
.byte 0x00, 0x00, 0x00, 0x00, 0x2e, 0x3f, 0x41, 0x56, 0x3f, 0x24, 0x50, 0x46, 0x75, 0x6e, 0x63, 0x74
.byte 0x69, 0x6f, 0x6e, 0x43, 0x61, 0x6c, 0x6c, 0x65, 0x72, 0x43, 0x6f, 0x6e, 0x63, 0x72, 0x65, 0x74
.byte 0x65, 0x40, 0x50, 0x41, 0x56, 0x50, 0x45, 0x6e, 0x74, 0x69, 0x74, 0x79, 0x40, 0x50, 0x68, 0x79
.byte 0x72, 0x65, 0x40, 0x40, 0x50, 0x41, 0x56, 0x50, 0x57, 0x6f, 0x72, 0x6c, 0x64, 0x4d, 0x61, 0x74
.byte 0x72, 0x69, 0x78, 0x40, 0x32, 0x40, 0x40, 0x50, 0x43, 0x61, 0x6c, 0x6c, 0x65, 0x72, 0x49, 0x6d
.byte 0x70, 0x6c, 0x65, 0x6d, 0x65, 0x6e, 0x74, 0x61, 0x74, 0x69, 0x6f, 0x6e, 0x31, 0x40, 0x50, 0x43
.byte 0x61, 0x6c, 0x6c, 0x65, 0x72, 0x49, 0x6d, 0x70, 0x6c, 0x65, 0x6d, 0x65, 0x6e, 0x74, 0x61, 0x74
.byte 0x69, 0x6f, 0x6e, 0x40, 0x50, 0x49, 0x6e, 0x74, 0x65, 0x72, 0x6e, 0x61, 0x6c, 0x40, 0x50, 0x68
.byte 0x79, 0x72, 0x65, 0x40, 0x40, 0x00, 0x00, 0x00, 0x00, 0x00, 0x00, 0x00
.globl _sym_00c0bdf0
_sym_00c0bdf0:
.long _sym_00b69fe8
.byte 0x00, 0x00, 0x00, 0x00, 0x2e, 0x3f, 0x41, 0x56, 0x3f, 0x24, 0x50, 0x46, 0x75, 0x6e, 0x63, 0x74
.byte 0x69, 0x6f, 0x6e, 0x43, 0x61, 0x6c, 0x6c, 0x65, 0x72, 0x43, 0x6f, 0x6e, 0x63, 0x72, 0x65, 0x74
.byte 0x65, 0x40, 0x50, 0x41, 0x56, 0x50, 0x45, 0x6e, 0x74, 0x69, 0x74, 0x79, 0x40, 0x50, 0x68, 0x79
.byte 0x72, 0x65, 0x40, 0x40, 0x56, 0x50, 0x54, 0x79, 0x70, 0x65, 0x64, 0x4f, 0x62, 0x6a, 0x65, 0x63
.byte 0x74, 0x40, 0x32, 0x40, 0x40, 0x50, 0x43, 0x61, 0x6c, 0x6c, 0x65, 0x72, 0x49, 0x6d, 0x70, 0x6c
.byte 0x65, 0x6d, 0x65, 0x6e, 0x74, 0x61, 0x74, 0x69, 0x6f, 0x6e, 0x31, 0x40, 0x50, 0x43, 0x61, 0x6c
.byte 0x6c, 0x65, 0x72, 0x49, 0x6d, 0x70, 0x6c, 0x65, 0x6d, 0x65, 0x6e, 0x74, 0x61, 0x74, 0x69, 0x6f
.byte 0x6e, 0x40, 0x50, 0x49, 0x6e, 0x74, 0x65, 0x72, 0x6e, 0x61, 0x6c, 0x40, 0x50, 0x68, 0x79, 0x72
.byte 0x65, 0x40, 0x40, 0x00
.globl _sym_00c0be78
_sym_00c0be78:
.long _sym_00b69fe8
.byte 0x00, 0x00, 0x00, 0x00, 0x2e, 0x3f, 0x41, 0x56, 0x3f, 0x24, 0x50, 0x4d, 0x65, 0x74, 0x68, 0x6f
.byte 0x64, 0x43, 0x61, 0x6c, 0x6c, 0x65, 0x72, 0x43, 0x6f, 0x6e, 0x63, 0x72, 0x65, 0x74, 0x65, 0x40
.byte 0x56, 0x50, 0x45, 0x6e, 0x74, 0x69, 0x74, 0x79, 0x40, 0x50, 0x68, 0x79, 0x72, 0x65, 0x40, 0x40
.byte 0x56, 0x50, 0x54, 0x79, 0x70, 0x65, 0x64, 0x4f, 0x62, 0x6a, 0x65, 0x63, 0x74, 0x40, 0x32, 0x40
.byte 0x41, 0x42, 0x56, 0x50, 0x43, 0x6c, 0x61, 0x73, 0x73, 0x44, 0x65, 0x73, 0x63, 0x72, 0x69, 0x70
.byte 0x74, 0x6f, 0x72, 0x40, 0x32, 0x40, 0x40, 0x50, 0x43, 0x61, 0x6c, 0x6c, 0x65, 0x72, 0x49, 0x6d
.byte 0x70, 0x6c, 0x65, 0x6d, 0x65, 0x6e, 0x74, 0x61, 0x74, 0x69, 0x6f, 0x6e, 0x31, 0x40, 0x50, 0x43
.byte 0x61, 0x6c, 0x6c, 0x65, 0x72, 0x49, 0x6d, 0x70, 0x6c, 0x65, 0x6d, 0x65, 0x6e, 0x74, 0x61, 0x74
.byte 0x69, 0x6f, 0x6e, 0x40, 0x50, 0x49, 0x6e, 0x74, 0x65, 0x72, 0x6e, 0x61, 0x6c, 0x40, 0x50, 0x68
.byte 0x79, 0x72, 0x65, 0x40, 0x40, 0x00, 0x00, 0x00, 0x00, 0x00, 0x00, 0x00
.globl _sym_00c0bf18
_sym_00c0bf18:
.long _sym_00b69fe8
.byte 0x00, 0x00, 0x00, 0x00, 0x2e, 0x3f, 0x41, 0x56, 0x3f, 0x24, 0x50, 0x4d, 0x65, 0x74, 0x68, 0x6f
.byte 0x64, 0x43, 0x61, 0x6c, 0x6c, 0x65, 0x72, 0x43, 0x6f, 0x6e, 0x63, 0x72, 0x65, 0x74, 0x65, 0x40
.byte 0x56, 0x50, 0x45, 0x6e, 0x74, 0x69, 0x74, 0x79, 0x40, 0x50, 0x68, 0x79, 0x72, 0x65, 0x40, 0x40
.byte 0x50, 0x41, 0x56, 0x50, 0x57, 0x6f, 0x72, 0x6c, 0x64, 0x4d, 0x61, 0x74, 0x72, 0x69, 0x78, 0x40
.byte 0x32, 0x40, 0x40, 0x50, 0x43, 0x61, 0x6c, 0x6c, 0x65, 0x72, 0x49, 0x6d, 0x70, 0x6c, 0x65, 0x6d
.byte 0x65, 0x6e, 0x74, 0x61, 0x74, 0x69, 0x6f, 0x6e, 0x30, 0x40, 0x50, 0x43, 0x61, 0x6c, 0x6c, 0x65
.byte 0x72, 0x49, 0x6d, 0x70, 0x6c, 0x65, 0x6d, 0x65, 0x6e, 0x74, 0x61, 0x74, 0x69, 0x6f, 0x6e, 0x40
.byte 0x50, 0x49, 0x6e, 0x74, 0x65, 0x72, 0x6e, 0x61, 0x6c, 0x40, 0x50, 0x68, 0x79, 0x72, 0x65, 0x40
.byte 0x40, 0x00, 0x00, 0x00
.globl _sym_00c0bfa0
_sym_00c0bfa0:
.long _sym_00b69fe8
.byte 0x00, 0x00, 0x00, 0x00, 0x2e, 0x3f, 0x41, 0x56, 0x3f, 0x24, 0x50, 0x43, 0x6c, 0x61, 0x73, 0x73
.byte 0x44, 0x65, 0x73, 0x63, 0x72, 0x69, 0x70, 0x74, 0x6f, 0x72, 0x43, 0x6f, 0x6e, 0x63, 0x72, 0x65
.byte 0x74, 0x65, 0x40, 0x56, 0x50, 0x57, 0x6f, 0x72, 0x6c, 0x64, 0x4d, 0x61, 0x74, 0x72, 0x69, 0x78
.byte 0x40, 0x50, 0x68, 0x79, 0x72, 0x65, 0x40, 0x40, 0x40, 0x50, 0x68, 0x79, 0x72, 0x65, 0x40, 0x40
.byte 0x00, 0x00, 0x00, 0x00
.globl _sym_00c0bfe8
_sym_00c0bfe8:
.long _sym_00b69fe8
.byte 0x00, 0x00, 0x00, 0x00, 0x2e, 0x3f, 0x41, 0x56, 0x3f, 0x24, 0x50, 0x43, 0x6c, 0x61, 0x73, 0x73
.byte 0x44, 0x65, 0x73, 0x63, 0x72, 0x69, 0x70, 0x74, 0x6f, 0x72, 0x41, 0x62, 0x73, 0x74, 0x72, 0x61
.byte 0x63, 0x74, 0x40, 0x56, 0x50, 0x57, 0x6f, 0x72, 0x6c, 0x64, 0x4d, 0x61, 0x74, 0x72, 0x69, 0x78
.byte 0x40, 0x50, 0x68, 0x79, 0x72, 0x65, 0x40, 0x40, 0x40, 0x50, 0x68, 0x79, 0x72, 0x65, 0x40, 0x40
.byte 0x00, 0x00, 0x00, 0x00
.globl _sym_00c0c030
_sym_00c0c030:
.long _sym_00b69fe8
.byte 0x00, 0x00, 0x00, 0x00, 0x2e, 0x3f, 0x41, 0x56, 0x3f, 0x24, 0x50, 0x43, 0x6c, 0x61, 0x73, 0x73
.byte 0x44, 0x65, 0x73, 0x63, 0x72, 0x69, 0x70, 0x74, 0x6f, 0x72, 0x46, 0x6f, 0x72, 0x54, 0x79, 0x70
.byte 0x65, 0x40, 0x56, 0x50, 0x57, 0x6f, 0x72, 0x6c, 0x64, 0x4d, 0x61, 0x74, 0x72, 0x69, 0x78, 0x40
.byte 0x50, 0x68, 0x79, 0x72, 0x65, 0x40, 0x40, 0x40, 0x50, 0x68, 0x79, 0x72, 0x65, 0x40, 0x40, 0x00
.byte 0x00, 0x00, 0x00, 0x00
.globl _sym_00c0c078
_sym_00c0c078:
.long _sym_00b69fe8
.byte 0x00, 0x00, 0x00, 0x00, 0x2e, 0x3f, 0x41, 0x56, 0x3f, 0x24, 0x50, 0x4d, 0x65, 0x74, 0x68, 0x6f
.byte 0x64, 0x43, 0x61, 0x6c, 0x6c, 0x65, 0x72, 0x43, 0x6f, 0x6e, 0x63, 0x72, 0x65, 0x74, 0x65, 0x40
.byte 0x56, 0x50, 0x57, 0x6f, 0x72, 0x6c, 0x64, 0x4d, 0x61, 0x74, 0x72, 0x69, 0x78, 0x40, 0x50, 0x68
.byte 0x79, 0x72, 0x65, 0x40, 0x40, 0x41, 0x41, 0x56, 0x50, 0x4d, 0x61, 0x74, 0x72, 0x69, 0x78, 0x34
.byte 0x78, 0x33, 0x40, 0x32, 0x40, 0x40, 0x50, 0x43, 0x61, 0x6c, 0x6c, 0x65, 0x72, 0x49, 0x6d, 0x70
.byte 0x6c, 0x65, 0x6d, 0x65, 0x6e, 0x74, 0x61, 0x74, 0x69, 0x6f, 0x6e, 0x30, 0x40, 0x50, 0x43, 0x61
.byte 0x6c, 0x6c, 0x65, 0x72, 0x49, 0x6d, 0x70, 0x6c, 0x65, 0x6d, 0x65, 0x6e, 0x74, 0x61, 0x74, 0x69
.byte 0x6f, 0x6e, 0x40, 0x50, 0x49, 0x6e, 0x74, 0x65, 0x72, 0x6e, 0x61, 0x6c, 0x40, 0x50, 0x68, 0x79
.byte 0x72, 0x65, 0x40, 0x40, 0x00, 0x00, 0x00, 0x00, 0x00, 0x00, 0x00, 0x00
.globl _sym_00c0c108
_sym_00c0c108:
.long _sym_00b69fe8
.byte 0x00, 0x00, 0x00, 0x00, 0x2e, 0x3f, 0x41, 0x56, 0x3f, 0x24, 0x50, 0x4d, 0x65, 0x74, 0x68, 0x6f
.byte 0x64, 0x43, 0x61, 0x6c, 0x6c, 0x65, 0x72, 0x43, 0x6f, 0x6e, 0x63, 0x72, 0x65, 0x74, 0x65, 0x40
.byte 0x56, 0x50, 0x57, 0x6f, 0x72, 0x6c, 0x64, 0x4d, 0x61, 0x74, 0x72, 0x69, 0x78, 0x40, 0x50, 0x68
.byte 0x79, 0x72, 0x65, 0x40, 0x40, 0x58, 0x41, 0x42, 0x56, 0x50, 0x4d, 0x61, 0x74, 0x72, 0x69, 0x78
.byte 0x34, 0x40, 0x32, 0x40, 0x40, 0x50, 0x43, 0x61, 0x6c, 0x6c, 0x65, 0x72, 0x49, 0x6d, 0x70, 0x6c
.byte 0x65, 0x6d, 0x65, 0x6e, 0x74, 0x61, 0x74, 0x69, 0x6f, 0x6e, 0x31, 0x40, 0x50, 0x43, 0x61, 0x6c
.byte 0x6c, 0x65, 0x72, 0x49, 0x6d, 0x70, 0x6c, 0x65, 0x6d, 0x65, 0x6e, 0x74, 0x61, 0x74, 0x69, 0x6f
.byte 0x6e, 0x40, 0x50, 0x49, 0x6e, 0x74, 0x65, 0x72, 0x6e, 0x61, 0x6c, 0x40, 0x50, 0x68, 0x79, 0x72
.byte 0x65, 0x40, 0x40, 0x00
.globl _sym_00c0c190
_sym_00c0c190:
.long _sym_00b69fe8
.byte 0x00, 0x00, 0x00, 0x00, 0x2e, 0x3f, 0x41, 0x56, 0x3f, 0x24, 0x50, 0x4d, 0x65, 0x74, 0x68, 0x6f
.byte 0x64, 0x43, 0x61, 0x6c, 0x6c, 0x65, 0x72, 0x43, 0x6f, 0x6e, 0x63, 0x72, 0x65, 0x74, 0x65, 0x40
.byte 0x56, 0x50, 0x57, 0x6f, 0x72, 0x6c, 0x64, 0x4d, 0x61, 0x74, 0x72, 0x69, 0x78, 0x40, 0x50, 0x68
.byte 0x79, 0x72, 0x65, 0x40, 0x40, 0x58, 0x41, 0x42, 0x56, 0x50, 0x4d, 0x61, 0x74, 0x72, 0x69, 0x78
.byte 0x34, 0x78, 0x33, 0x40, 0x32, 0x40, 0x40, 0x50, 0x43, 0x61, 0x6c, 0x6c, 0x65, 0x72, 0x49, 0x6d
.byte 0x70, 0x6c, 0x65, 0x6d, 0x65, 0x6e, 0x74, 0x61, 0x74, 0x69, 0x6f, 0x6e, 0x31, 0x40, 0x50, 0x43
.byte 0x61, 0x6c, 0x6c, 0x65, 0x72, 0x49, 0x6d, 0x70, 0x6c, 0x65, 0x6d, 0x65, 0x6e, 0x74, 0x61, 0x74
.byte 0x69, 0x6f, 0x6e, 0x40, 0x50, 0x49, 0x6e, 0x74, 0x65, 0x72, 0x6e, 0x61, 0x6c, 0x40, 0x50, 0x68
.byte 0x79, 0x72, 0x65, 0x40, 0x40, 0x00, 0x00, 0x00, 0x00, 0x00, 0x00, 0x00
.globl _sym_00c0c220
_sym_00c0c220:
.long _sym_00b69fe8
.byte 0x00, 0x00, 0x00, 0x00, 0x2e, 0x3f, 0x41, 0x56, 0x3f, 0x24, 0x50, 0x4d, 0x65, 0x74, 0x68, 0x6f
.byte 0x64, 0x43, 0x61, 0x6c, 0x6c, 0x65, 0x72, 0x43, 0x6f, 0x6e, 0x63, 0x72, 0x65, 0x74, 0x65, 0x40
.byte 0x56, 0x50, 0x57, 0x6f, 0x72, 0x6c, 0x64, 0x4d, 0x61, 0x74, 0x72, 0x69, 0x78, 0x40, 0x50, 0x68
.byte 0x79, 0x72, 0x65, 0x40, 0x40, 0x58, 0x41, 0x42, 0x56, 0x31, 0x32, 0x40, 0x40, 0x50, 0x43, 0x61
.byte 0x6c, 0x6c, 0x65, 0x72, 0x49, 0x6d, 0x70, 0x6c, 0x65, 0x6d, 0x65, 0x6e, 0x74, 0x61, 0x74, 0x69
.byte 0x6f, 0x6e, 0x31, 0x40, 0x50, 0x43, 0x61, 0x6c, 0x6c, 0x65, 0x72, 0x49, 0x6d, 0x70, 0x6c, 0x65
.byte 0x6d, 0x65, 0x6e, 0x74, 0x61, 0x74, 0x69, 0x6f, 0x6e, 0x40, 0x50, 0x49, 0x6e, 0x74, 0x65, 0x72
.byte 0x6e, 0x61, 0x6c, 0x40, 0x50, 0x68, 0x79, 0x72, 0x65, 0x40, 0x40, 0x00
.globl _sym_00c0c2a0
_sym_00c0c2a0:
.long _sym_00b69fe8
.byte 0x00, 0x00, 0x00, 0x00, 0x2e, 0x3f, 0x41, 0x56, 0x3f, 0x24, 0x50, 0x43, 0x6c, 0x61, 0x73, 0x73
.byte 0x44, 0x65, 0x73, 0x63, 0x72, 0x69, 0x70, 0x74, 0x6f, 0x72, 0x43, 0x6f, 0x6e, 0x63, 0x72, 0x65
.byte 0x74, 0x65, 0x40, 0x56, 0x50, 0x43, 0x61, 0x6d, 0x65, 0x72, 0x61, 0x40, 0x50, 0x68, 0x79, 0x72
.byte 0x65, 0x40, 0x40, 0x40, 0x50, 0x68, 0x79, 0x72, 0x65, 0x40, 0x40, 0x00
.globl _sym_00c0c2e0
_sym_00c0c2e0:
.long _sym_00b69fe8
.byte 0x00, 0x00, 0x00, 0x00, 0x2e, 0x3f, 0x41, 0x56, 0x3f, 0x24, 0x50, 0x43, 0x6c, 0x61, 0x73, 0x73
.byte 0x44, 0x65, 0x73, 0x63, 0x72, 0x69, 0x70, 0x74, 0x6f, 0x72, 0x41, 0x62, 0x73, 0x74, 0x72, 0x61
.byte 0x63, 0x74, 0x40, 0x56, 0x50, 0x43, 0x61, 0x6d, 0x65, 0x72, 0x61, 0x40, 0x50, 0x68, 0x79, 0x72
.byte 0x65, 0x40, 0x40, 0x40, 0x50, 0x68, 0x79, 0x72, 0x65, 0x40, 0x40, 0x00
.globl _sym_00c0c320
_sym_00c0c320:
.long _sym_00b69fe8
.byte 0x00, 0x00, 0x00, 0x00, 0x2e, 0x3f, 0x41, 0x56, 0x3f, 0x24, 0x50, 0x43, 0x6c, 0x61, 0x73, 0x73
.byte 0x44, 0x65, 0x73, 0x63, 0x72, 0x69, 0x70, 0x74, 0x6f, 0x72, 0x46, 0x6f, 0x72, 0x54, 0x79, 0x70
.byte 0x65, 0x40, 0x56, 0x50, 0x43, 0x61, 0x6d, 0x65, 0x72, 0x61, 0x40, 0x50, 0x68, 0x79, 0x72, 0x65
.byte 0x40, 0x40, 0x40, 0x50, 0x68, 0x79, 0x72, 0x65, 0x40, 0x40, 0x00, 0x00
.globl _sym_00c0c360
_sym_00c0c360:
.long _sym_00b69fe8
.byte 0x00, 0x00, 0x00, 0x00, 0x2e, 0x3f, 0x41, 0x56, 0x3f, 0x24, 0x50, 0x43, 0x6c, 0x61, 0x73, 0x73
.byte 0x44, 0x65, 0x73, 0x63, 0x72, 0x69, 0x70, 0x74, 0x6f, 0x72, 0x41, 0x62, 0x73, 0x74, 0x72, 0x61
.byte 0x63, 0x74, 0x40, 0x56, 0x50, 0x43, 0x61, 0x6d, 0x65, 0x72, 0x61, 0x50, 0x72, 0x6f, 0x6a, 0x65
.byte 0x63, 0x74, 0x69, 0x6f, 0x6e, 0x40, 0x50, 0x68, 0x79, 0x72, 0x65, 0x40, 0x40, 0x40, 0x50, 0x68
.byte 0x79, 0x72, 0x65, 0x40, 0x40, 0x00, 0x00, 0x00, 0x00, 0x00, 0x00, 0x00
.globl _sym_00c0c3b0
_sym_00c0c3b0:
.long _sym_00b69fe8
.byte 0x00, 0x00, 0x00, 0x00, 0x2e, 0x3f, 0x41, 0x56, 0x3f, 0x24, 0x50, 0x43, 0x6c, 0x61, 0x73, 0x73
.byte 0x44, 0x65, 0x73, 0x63, 0x72, 0x69, 0x70, 0x74, 0x6f, 0x72, 0x46, 0x6f, 0x72, 0x54, 0x79, 0x70
.byte 0x65, 0x40, 0x56, 0x50, 0x43, 0x61, 0x6d, 0x65, 0x72, 0x61, 0x50, 0x72, 0x6f, 0x6a, 0x65, 0x63
.byte 0x74, 0x69, 0x6f, 0x6e, 0x40, 0x50, 0x68, 0x79, 0x72, 0x65, 0x40, 0x40, 0x40, 0x50, 0x68, 0x79
.byte 0x72, 0x65, 0x40, 0x40, 0x00, 0x00, 0x00, 0x00, 0x00, 0x00, 0x00, 0x00
.globl _sym_00c0c400
_sym_00c0c400:
.long _sym_00b69fe8
.byte 0x00, 0x00, 0x00, 0x00, 0x2e, 0x3f, 0x41, 0x56, 0x3f, 0x24, 0x50, 0x4d, 0x65, 0x74, 0x68, 0x6f
.byte 0x64, 0x43, 0x61, 0x6c, 0x6c, 0x65, 0x72, 0x43, 0x6f, 0x6e, 0x63, 0x72, 0x65, 0x74, 0x65, 0x40
.byte 0x56, 0x50, 0x43, 0x61, 0x6d, 0x65, 0x72, 0x61, 0x50, 0x72, 0x6f, 0x6a, 0x65, 0x63, 0x74, 0x69
.byte 0x6f, 0x6e, 0x40, 0x50, 0x68, 0x79, 0x72, 0x65, 0x40, 0x40, 0x58, 0x4d, 0x40, 0x50, 0x43, 0x61
.byte 0x6c, 0x6c, 0x65, 0x72, 0x49, 0x6d, 0x70, 0x6c, 0x65, 0x6d, 0x65, 0x6e, 0x74, 0x61, 0x74, 0x69
.byte 0x6f, 0x6e, 0x31, 0x40, 0x50, 0x43, 0x61, 0x6c, 0x6c, 0x65, 0x72, 0x49, 0x6d, 0x70, 0x6c, 0x65
.byte 0x6d, 0x65, 0x6e, 0x74, 0x61, 0x74, 0x69, 0x6f, 0x6e, 0x40, 0x50, 0x49, 0x6e, 0x74, 0x65, 0x72
.byte 0x6e, 0x61, 0x6c, 0x40, 0x50, 0x68, 0x79, 0x72, 0x65, 0x40, 0x40, 0x00
.globl _sym_00c0c480
_sym_00c0c480:
.long _sym_00b69fe8
.byte 0x00, 0x00, 0x00, 0x00, 0x2e, 0x3f, 0x41, 0x56, 0x3f, 0x24, 0x50, 0x4d, 0x65, 0x74, 0x68, 0x6f
.byte 0x64, 0x43, 0x61, 0x6c, 0x6c, 0x65, 0x72, 0x43, 0x6f, 0x6e, 0x63, 0x72, 0x65, 0x74, 0x65, 0x40
.byte 0x56, 0x50, 0x43, 0x61, 0x6d, 0x65, 0x72, 0x61, 0x40, 0x50, 0x68, 0x79, 0x72, 0x65, 0x40, 0x40
.byte 0x50, 0x41, 0x56, 0x50, 0x57, 0x6f, 0x72, 0x6c, 0x64, 0x4d, 0x61, 0x74, 0x72, 0x69, 0x78, 0x40
.byte 0x32, 0x40, 0x40, 0x50, 0x43, 0x61, 0x6c, 0x6c, 0x65, 0x72, 0x49, 0x6d, 0x70, 0x6c, 0x65, 0x6d
.byte 0x65, 0x6e, 0x74, 0x61, 0x74, 0x69, 0x6f, 0x6e, 0x30, 0x40, 0x50, 0x43, 0x61, 0x6c, 0x6c, 0x65
.byte 0x72, 0x49, 0x6d, 0x70, 0x6c, 0x65, 0x6d, 0x65, 0x6e, 0x74, 0x61, 0x74, 0x69, 0x6f, 0x6e, 0x40
.byte 0x50, 0x49, 0x6e, 0x74, 0x65, 0x72, 0x6e, 0x61, 0x6c, 0x40, 0x50, 0x68, 0x79, 0x72, 0x65, 0x40
.byte 0x40, 0x00, 0x00, 0x00
.globl _sym_00c0c508
_sym_00c0c508:
.long _sym_00b69fe8
.byte 0x00, 0x00, 0x00, 0x00, 0x2e, 0x3f, 0x41, 0x56, 0x50, 0x43, 0x61, 0x6d, 0x65, 0x72, 0x61, 0x50
.byte 0x72, 0x6f, 0x6a, 0x65, 0x63, 0x74, 0x69, 0x6f, 0x6e, 0x40, 0x50, 0x68, 0x79, 0x72, 0x65, 0x40
.byte 0x40, 0x00, 0x00, 0x00
.globl _sym_00c0c530
_sym_00c0c530:
.long _sym_00b69fe8
.byte 0x00, 0x00, 0x00, 0x00, 0x2e, 0x3f, 0x41, 0x56, 0x50, 0x43, 0x61, 0x6d, 0x65, 0x72, 0x61, 0x40
.byte 0x50, 0x68, 0x79, 0x72, 0x65, 0x40, 0x40, 0x00
.globl _sym_00c0c54c
_sym_00c0c54c:
.long _sym_00b69fe8
.byte 0x00, 0x00, 0x00, 0x00, 0x2e, 0x3f, 0x41, 0x56, 0x50, 0x43, 0x61, 0x6d, 0x65, 0x72, 0x61, 0x4f
.byte 0x72, 0x74, 0x68, 0x6f, 0x67, 0x72, 0x61, 0x70, 0x68, 0x69, 0x63, 0x40, 0x50, 0x68, 0x79, 0x72
.byte 0x65, 0x40, 0x40, 0x00, 0x00, 0x00, 0x00, 0x00
.globl _sym_00c0c578
_sym_00c0c578:
.long _sym_00b69fe8
.byte 0x00, 0x00, 0x00, 0x00, 0x2e, 0x3f, 0x41, 0x56, 0x3f, 0x24, 0x50, 0x43, 0x6c, 0x61, 0x73, 0x73
.byte 0x44, 0x65, 0x73, 0x63, 0x72, 0x69, 0x70, 0x74, 0x6f, 0x72, 0x43, 0x6f, 0x6e, 0x63, 0x72, 0x65
.byte 0x74, 0x65, 0x40, 0x56, 0x50, 0x43, 0x61, 0x6d, 0x65, 0x72, 0x61, 0x4f, 0x72, 0x74, 0x68, 0x6f
.byte 0x67, 0x72, 0x61, 0x70, 0x68, 0x69, 0x63, 0x40, 0x50, 0x68, 0x79, 0x72, 0x65, 0x40, 0x40, 0x40
.byte 0x50, 0x68, 0x79, 0x72, 0x65, 0x40, 0x40, 0x00, 0x00, 0x00, 0x00, 0x00
.globl _sym_00c0c5c8
_sym_00c0c5c8:
.long _sym_00b69fe8
.byte 0x00, 0x00, 0x00, 0x00, 0x2e, 0x3f, 0x41, 0x56, 0x3f, 0x24, 0x50, 0x43, 0x6c, 0x61, 0x73, 0x73
.byte 0x44, 0x65, 0x73, 0x63, 0x72, 0x69, 0x70, 0x74, 0x6f, 0x72, 0x41, 0x62, 0x73, 0x74, 0x72, 0x61
.byte 0x63, 0x74, 0x40, 0x56, 0x50, 0x43, 0x61, 0x6d, 0x65, 0x72, 0x61, 0x4f, 0x72, 0x74, 0x68, 0x6f
.byte 0x67, 0x72, 0x61, 0x70, 0x68, 0x69, 0x63, 0x40, 0x50, 0x68, 0x79, 0x72, 0x65, 0x40, 0x40, 0x40
.byte 0x50, 0x68, 0x79, 0x72, 0x65, 0x40, 0x40, 0x00, 0x00, 0x00, 0x00, 0x00
.globl _sym_00c0c618
_sym_00c0c618:
.long _sym_00b69fe8
.byte 0x00, 0x00, 0x00, 0x00, 0x2e, 0x3f, 0x41, 0x56, 0x3f, 0x24, 0x50, 0x43, 0x6c, 0x61, 0x73, 0x73
.byte 0x44, 0x65, 0x73, 0x63, 0x72, 0x69, 0x70, 0x74, 0x6f, 0x72, 0x46, 0x6f, 0x72, 0x54, 0x79, 0x70
.byte 0x65, 0x40, 0x56, 0x50, 0x43, 0x61, 0x6d, 0x65, 0x72, 0x61, 0x4f, 0x72, 0x74, 0x68, 0x6f, 0x67
.byte 0x72, 0x61, 0x70, 0x68, 0x69, 0x63, 0x40, 0x50, 0x68, 0x79, 0x72, 0x65, 0x40, 0x40, 0x40, 0x50
.byte 0x68, 0x79, 0x72, 0x65, 0x40, 0x40, 0x00, 0x00, 0x00, 0x00, 0x00, 0x00
.globl _sym_00c0c668
_sym_00c0c668:
.long _sym_00b69fe8
.byte 0x00, 0x00, 0x00, 0x00, 0x2e, 0x3f, 0x41, 0x56, 0x3f, 0x24, 0x50, 0x4d, 0x65, 0x74, 0x68, 0x6f
.byte 0x64, 0x43, 0x61, 0x6c, 0x6c, 0x65, 0x72, 0x43, 0x6f, 0x6e, 0x63, 0x72, 0x65, 0x74, 0x65, 0x40
.byte 0x56, 0x50, 0x43, 0x61, 0x6d, 0x65, 0x72, 0x61, 0x4f, 0x72, 0x74, 0x68, 0x6f, 0x67, 0x72, 0x61
.byte 0x70, 0x68, 0x69, 0x63, 0x40, 0x50, 0x68, 0x79, 0x72, 0x65, 0x40, 0x40, 0x58, 0x50, 0x42, 0x56
.byte 0x56, 0x65, 0x63, 0x74, 0x6f, 0x72, 0x34, 0x40, 0x41, 0x6f, 0x73, 0x40, 0x53, 0x63, 0x61, 0x6c
.byte 0x61, 0x72, 0x40, 0x56, 0x65, 0x63, 0x74, 0x6f, 0x72, 0x6d, 0x61, 0x74, 0x68, 0x40, 0x73, 0x63
.byte 0x65, 0x40, 0x40, 0x40, 0x50, 0x43, 0x61, 0x6c, 0x6c, 0x65, 0x72, 0x49, 0x6d, 0x70, 0x6c, 0x65
.byte 0x6d, 0x65, 0x6e, 0x74, 0x61, 0x74, 0x69, 0x6f, 0x6e, 0x31, 0x40, 0x50, 0x43, 0x61, 0x6c, 0x6c
.byte 0x65, 0x72, 0x49, 0x6d, 0x70, 0x6c, 0x65, 0x6d, 0x65, 0x6e, 0x74, 0x61, 0x74, 0x69, 0x6f, 0x6e
.byte 0x40, 0x50, 0x49, 0x6e, 0x74, 0x65, 0x72, 0x6e, 0x61, 0x6c, 0x40, 0x50, 0x68, 0x79, 0x72, 0x65
.byte 0x40, 0x40, 0x00, 0x00
.globl _sym_00c0c710
_sym_00c0c710:
.long _sym_00b69fe8
.byte 0x00, 0x00, 0x00, 0x00, 0x2e, 0x3f, 0x41, 0x56, 0x50, 0x43, 0x61, 0x6d, 0x65, 0x72, 0x61, 0x50
.byte 0x65, 0x72, 0x73, 0x70, 0x65, 0x63, 0x74, 0x69, 0x76, 0x65, 0x40, 0x50, 0x68, 0x79, 0x72, 0x65
.byte 0x40, 0x40, 0x00, 0x00
.globl _sym_00c0c738
_sym_00c0c738:
.long _sym_00b69fe8
.byte 0x00, 0x00, 0x00, 0x00, 0x2e, 0x3f, 0x41, 0x56, 0x3f, 0x24, 0x50, 0x43, 0x6c, 0x61, 0x73, 0x73
.byte 0x44, 0x65, 0x73, 0x63, 0x72, 0x69, 0x70, 0x74, 0x6f, 0x72, 0x43, 0x6f, 0x6e, 0x63, 0x72, 0x65
.byte 0x74, 0x65, 0x40, 0x56, 0x50, 0x43, 0x61, 0x6d, 0x65, 0x72, 0x61, 0x50, 0x65, 0x72, 0x73, 0x70
.byte 0x65, 0x63, 0x74, 0x69, 0x76, 0x65, 0x40, 0x50, 0x68, 0x79, 0x72, 0x65, 0x40, 0x40, 0x40, 0x50
.byte 0x68, 0x79, 0x72, 0x65, 0x40, 0x40, 0x00, 0x00, 0x00, 0x00, 0x00, 0x00
.globl _sym_00c0c788
_sym_00c0c788:
.long _sym_00b69fe8
.byte 0x00, 0x00, 0x00, 0x00, 0x2e, 0x3f, 0x41, 0x56, 0x3f, 0x24, 0x50, 0x43, 0x6c, 0x61, 0x73, 0x73
.byte 0x44, 0x65, 0x73, 0x63, 0x72, 0x69, 0x70, 0x74, 0x6f, 0x72, 0x41, 0x62, 0x73, 0x74, 0x72, 0x61
.byte 0x63, 0x74, 0x40, 0x56, 0x50, 0x43, 0x61, 0x6d, 0x65, 0x72, 0x61, 0x50, 0x65, 0x72, 0x73, 0x70
.byte 0x65, 0x63, 0x74, 0x69, 0x76, 0x65, 0x40, 0x50, 0x68, 0x79, 0x72, 0x65, 0x40, 0x40, 0x40, 0x50
.byte 0x68, 0x79, 0x72, 0x65, 0x40, 0x40, 0x00, 0x00, 0x00, 0x00, 0x00, 0x00
.globl _sym_00c0c7d8
_sym_00c0c7d8:
.long _sym_00b69fe8
.byte 0x00, 0x00, 0x00, 0x00, 0x2e, 0x3f, 0x41, 0x56, 0x3f, 0x24, 0x50, 0x43, 0x6c, 0x61, 0x73, 0x73
.byte 0x44, 0x65, 0x73, 0x63, 0x72, 0x69, 0x70, 0x74, 0x6f, 0x72, 0x46, 0x6f, 0x72, 0x54, 0x79, 0x70
.byte 0x65, 0x40, 0x56, 0x50, 0x43, 0x61, 0x6d, 0x65, 0x72, 0x61, 0x50, 0x65, 0x72, 0x73, 0x70, 0x65
.byte 0x63, 0x74, 0x69, 0x76, 0x65, 0x40, 0x50, 0x68, 0x79, 0x72, 0x65, 0x40, 0x40, 0x40, 0x50, 0x68
.byte 0x79, 0x72, 0x65, 0x40, 0x40, 0x00, 0x00, 0x00, 0x00, 0x00, 0x00, 0x00
.globl _sym_00c0c828
_sym_00c0c828:
.long _sym_00b69fe8
.byte 0x00, 0x00, 0x00, 0x00, 0x2e, 0x3f, 0x41, 0x56, 0x3f, 0x24, 0x50, 0x43, 0x6c, 0x61, 0x73, 0x73
.byte 0x44, 0x65, 0x73, 0x63, 0x72, 0x69, 0x70, 0x74, 0x6f, 0x72, 0x43, 0x6f, 0x6e, 0x63, 0x72, 0x65
.byte 0x74, 0x65, 0x40, 0x56, 0x50, 0x49, 0x6e, 0x73, 0x74, 0x61, 0x6e, 0x63, 0x65, 0x73, 0x43, 0x6f
.byte 0x6d, 0x70, 0x6f, 0x6e, 0x65, 0x6e, 0x74, 0x40, 0x50, 0x68, 0x79, 0x72, 0x65, 0x40, 0x40, 0x40
.byte 0x50, 0x68, 0x79, 0x72, 0x65, 0x40, 0x40, 0x00, 0x00, 0x00, 0x00, 0x00
.globl _sym_00c0c878
_sym_00c0c878:
.long _sym_00b69fe8
.byte 0x00, 0x00, 0x00, 0x00, 0x2e, 0x3f, 0x41, 0x56, 0x3f, 0x24, 0x50, 0x43, 0x6c, 0x61, 0x73, 0x73
.byte 0x44, 0x65, 0x73, 0x63, 0x72, 0x69, 0x70, 0x74, 0x6f, 0x72, 0x41, 0x62, 0x73, 0x74, 0x72, 0x61
.byte 0x63, 0x74, 0x40, 0x56, 0x50, 0x49, 0x6e, 0x73, 0x74, 0x61, 0x6e, 0x63, 0x65, 0x73, 0x43, 0x6f
.byte 0x6d, 0x70, 0x6f, 0x6e, 0x65, 0x6e, 0x74, 0x40, 0x50, 0x68, 0x79, 0x72, 0x65, 0x40, 0x40, 0x40
.byte 0x50, 0x68, 0x79, 0x72, 0x65, 0x40, 0x40, 0x00, 0x00, 0x00, 0x00, 0x00
.globl _sym_00c0c8c8
_sym_00c0c8c8:
.long _sym_00b69fe8
.byte 0x00, 0x00, 0x00, 0x00, 0x2e, 0x3f, 0x41, 0x56, 0x3f, 0x24, 0x50, 0x43, 0x6c, 0x61, 0x73, 0x73
.byte 0x44, 0x65, 0x73, 0x63, 0x72, 0x69, 0x70, 0x74, 0x6f, 0x72, 0x46, 0x6f, 0x72, 0x54, 0x79, 0x70
.byte 0x65, 0x40, 0x56, 0x50, 0x49, 0x6e, 0x73, 0x74, 0x61, 0x6e, 0x63, 0x65, 0x73, 0x43, 0x6f, 0x6d
.byte 0x70, 0x6f, 0x6e, 0x65, 0x6e, 0x74, 0x40, 0x50, 0x68, 0x79, 0x72, 0x65, 0x40, 0x40, 0x40, 0x50
.byte 0x68, 0x79, 0x72, 0x65, 0x40, 0x40, 0x00, 0x00
.globl _sym_00c0c914
_sym_00c0c914:
.long _sym_00b11520
.globl _sym_00c0c918
_sym_00c0c918:
.long _sym_00b69fe8
.byte 0x00, 0x00, 0x00, 0x00, 0x2e, 0x3f, 0x41, 0x56, 0x3f, 0x24, 0x50, 0x43, 0x6c, 0x61, 0x73, 0x73
.byte 0x44, 0x61, 0x74, 0x61, 0x4d, 0x65, 0x6d, 0x62, 0x65, 0x72, 0x50, 0x68, 0x79, 0x72, 0x65, 0x41
.byte 0x72, 0x72, 0x61, 0x79, 0x40, 0x56, 0x50, 0x54, 0x79, 0x70, 0x65, 0x64, 0x4f, 0x62, 0x6a, 0x65
.byte 0x63, 0x74, 0x40, 0x50, 0x68, 0x79, 0x72, 0x65, 0x40, 0x40, 0x40, 0x50, 0x68, 0x79, 0x72, 0x65
.byte 0x40, 0x40, 0x00, 0x00
.globl _sym_00c0c960
_sym_00c0c960:
.long _sym_00b69fe8
.byte 0x00, 0x00, 0x00, 0x00, 0x2e, 0x3f, 0x41, 0x56, 0x3f, 0x24, 0x50, 0x43, 0x6c, 0x61, 0x73, 0x73
.byte 0x44, 0x65, 0x73, 0x63, 0x72, 0x69, 0x70, 0x74, 0x6f, 0x72, 0x43, 0x6f, 0x6e, 0x63, 0x72, 0x65
.byte 0x74, 0x65, 0x40, 0x56, 0x3f, 0x24, 0x50, 0x41, 0x72, 0x72, 0x61, 0x79, 0x40, 0x56, 0x50, 0x54
.byte 0x79, 0x70, 0x65, 0x64, 0x4f, 0x62, 0x6a, 0x65, 0x63, 0x74, 0x40, 0x50, 0x68, 0x79, 0x72, 0x65
.byte 0x40, 0x40, 0x24, 0x30, 0x33, 0x40, 0x50, 0x68, 0x79, 0x72, 0x65, 0x40, 0x40, 0x40, 0x50, 0x68
.byte 0x79, 0x72, 0x65, 0x40, 0x40, 0x00, 0x00, 0x00, 0x00, 0x00, 0x00, 0x00
.globl _sym_00c0c9c0
_sym_00c0c9c0:
.long _sym_00b69fe8
.byte 0x00, 0x00, 0x00, 0x00, 0x2e, 0x3f, 0x41, 0x56, 0x3f, 0x24, 0x50, 0x43, 0x6c, 0x61, 0x73, 0x73
.byte 0x44, 0x65, 0x73, 0x63, 0x72, 0x69, 0x70, 0x74, 0x6f, 0x72, 0x41, 0x62, 0x73, 0x74, 0x72, 0x61
.byte 0x63, 0x74, 0x40, 0x56, 0x3f, 0x24, 0x50, 0x41, 0x72, 0x72, 0x61, 0x79, 0x40, 0x56, 0x50, 0x54
.byte 0x79, 0x70, 0x65, 0x64, 0x4f, 0x62, 0x6a, 0x65, 0x63, 0x74, 0x40, 0x50, 0x68, 0x79, 0x72, 0x65
.byte 0x40, 0x40, 0x24, 0x30, 0x33, 0x40, 0x50, 0x68, 0x79, 0x72, 0x65, 0x40, 0x40, 0x40, 0x50, 0x68
.byte 0x79, 0x72, 0x65, 0x40, 0x40, 0x00, 0x00, 0x00, 0x00, 0x00, 0x00, 0x00
.globl _sym_00c0ca20
_sym_00c0ca20:
.long _sym_00b69fe8
.byte 0x00, 0x00, 0x00, 0x00, 0x2e, 0x3f, 0x41, 0x56, 0x3f, 0x24, 0x50, 0x43, 0x6c, 0x61, 0x73, 0x73
.byte 0x44, 0x65, 0x73, 0x63, 0x72, 0x69, 0x70, 0x74, 0x6f, 0x72, 0x46, 0x6f, 0x72, 0x54, 0x79, 0x70
.byte 0x65, 0x40, 0x56, 0x3f, 0x24, 0x50, 0x41, 0x72, 0x72, 0x61, 0x79, 0x40, 0x56, 0x50, 0x54, 0x79
.byte 0x70, 0x65, 0x64, 0x4f, 0x62, 0x6a, 0x65, 0x63, 0x74, 0x40, 0x50, 0x68, 0x79, 0x72, 0x65, 0x40
.byte 0x40, 0x24, 0x30, 0x33, 0x40, 0x50, 0x68, 0x79, 0x72, 0x65, 0x40, 0x40, 0x40, 0x50, 0x68, 0x79
.byte 0x72, 0x65, 0x40, 0x40, 0x00, 0x00, 0x00, 0x00, 0x00, 0x00, 0x00, 0x00
.globl _sym_00c0ca80
_sym_00c0ca80:
.long _sym_00b69fe8
.byte 0x00, 0x00, 0x00, 0x00, 0x2e, 0x3f, 0x41, 0x56, 0x3f, 0x24, 0x50, 0x43, 0x6c, 0x61, 0x73, 0x73
.byte 0x44, 0x61, 0x74, 0x61, 0x4d, 0x65, 0x6d, 0x62, 0x65, 0x72, 0x41, 0x72, 0x72, 0x61, 0x79, 0x44
.byte 0x79, 0x6e, 0x61, 0x6d, 0x69, 0x63, 0x40, 0x56, 0x3f, 0x24, 0x50, 0x41, 0x72, 0x72, 0x61, 0x79
.byte 0x40, 0x56, 0x50, 0x54, 0x79, 0x70, 0x65, 0x64, 0x4f, 0x62, 0x6a, 0x65, 0x63, 0x74, 0x40, 0x50
.byte 0x68, 0x79, 0x72, 0x65, 0x40, 0x40, 0x24, 0x30, 0x33, 0x40, 0x50, 0x68, 0x79, 0x72, 0x65, 0x40
.byte 0x40, 0x40, 0x50, 0x68, 0x79, 0x72, 0x65, 0x40, 0x40, 0x00, 0x00, 0x00
.globl _sym_00c0cae0
_sym_00c0cae0:
.long _sym_00b69fe8
.byte 0x00, 0x00, 0x00, 0x00, 0x2e, 0x3f, 0x41, 0x56, 0x3f, 0x24, 0x50, 0x4d, 0x65, 0x74, 0x68, 0x6f
.byte 0x64, 0x43, 0x61, 0x6c, 0x6c, 0x65, 0x72, 0x43, 0x6f, 0x6e, 0x63, 0x72, 0x65, 0x74, 0x65, 0x40
.byte 0x56, 0x50, 0x49, 0x6e, 0x73, 0x74, 0x61, 0x6e, 0x63, 0x65, 0x73, 0x43, 0x6f, 0x6d, 0x70, 0x6f
.byte 0x6e, 0x65, 0x6e, 0x74, 0x40, 0x50, 0x68, 0x79, 0x72, 0x65, 0x40, 0x40, 0x41, 0x42, 0x56, 0x3f
.byte 0x24, 0x50, 0x41, 0x72, 0x72, 0x61, 0x79, 0x40, 0x56, 0x50, 0x54, 0x79, 0x70, 0x65, 0x64, 0x4f
.byte 0x62, 0x6a, 0x65, 0x63, 0x74, 0x40, 0x50, 0x68, 0x79, 0x72, 0x65, 0x40, 0x40, 0x24, 0x30, 0x33
.byte 0x40, 0x32, 0x40, 0x40, 0x50, 0x43, 0x61, 0x6c, 0x6c, 0x65, 0x72, 0x49, 0x6d, 0x70, 0x6c, 0x65
.byte 0x6d, 0x65, 0x6e, 0x74, 0x61, 0x74, 0x69, 0x6f, 0x6e, 0x30, 0x40, 0x50, 0x43, 0x61, 0x6c, 0x6c
.byte 0x65, 0x72, 0x49, 0x6d, 0x70, 0x6c, 0x65, 0x6d, 0x65, 0x6e, 0x74, 0x61, 0x74, 0x69, 0x6f, 0x6e
.byte 0x40, 0x50, 0x49, 0x6e, 0x74, 0x65, 0x72, 0x6e, 0x61, 0x6c, 0x40, 0x50, 0x68, 0x79, 0x72, 0x65
.byte 0x40, 0x40, 0x00, 0x00
.globl _sym_00c0cb88
_sym_00c0cb88:
.long _sym_00b69fe8
.byte 0x00, 0x00, 0x00, 0x00, 0x2e, 0x3f, 0x41, 0x56, 0x3f, 0x24, 0x50, 0x4d, 0x65, 0x74, 0x68, 0x6f
.byte 0x64, 0x43, 0x61, 0x6c, 0x6c, 0x65, 0x72, 0x43, 0x6f, 0x6e, 0x63, 0x72, 0x65, 0x74, 0x65, 0x40
.byte 0x56, 0x50, 0x49, 0x6e, 0x73, 0x74, 0x61, 0x6e, 0x63, 0x65, 0x73, 0x43, 0x6f, 0x6d, 0x70, 0x6f
.byte 0x6e, 0x65, 0x6e, 0x74, 0x40, 0x50, 0x68, 0x79, 0x72, 0x65, 0x40, 0x40, 0x41, 0x42, 0x56, 0x50
.byte 0x54, 0x79, 0x70, 0x65, 0x64, 0x4f, 0x62, 0x6a, 0x65, 0x63, 0x74, 0x40, 0x32, 0x40, 0x49, 0x40
.byte 0x50, 0x43, 0x61, 0x6c, 0x6c, 0x65, 0x72, 0x49, 0x6d, 0x70, 0x6c, 0x65, 0x6d, 0x65, 0x6e, 0x74
.byte 0x61, 0x74, 0x69, 0x6f, 0x6e, 0x31, 0x40, 0x50, 0x43, 0x61, 0x6c, 0x6c, 0x65, 0x72, 0x49, 0x6d
.byte 0x70, 0x6c, 0x65, 0x6d, 0x65, 0x6e, 0x74, 0x61, 0x74, 0x69, 0x6f, 0x6e, 0x40, 0x50, 0x49, 0x6e
.byte 0x74, 0x65, 0x72, 0x6e, 0x61, 0x6c, 0x40, 0x50, 0x68, 0x79, 0x72, 0x65, 0x40, 0x40, 0x00, 0x00
.byte 0x00, 0x00, 0x00, 0x00
.globl _sym_00c0cc20
_sym_00c0cc20:
.long _sym_00b69fe8
.byte 0x00, 0x00, 0x00, 0x00, 0x2e, 0x3f, 0x41, 0x56, 0x3f, 0x24, 0x50, 0x4d, 0x65, 0x74, 0x68, 0x6f
.byte 0x64, 0x43, 0x61, 0x6c, 0x6c, 0x65, 0x72, 0x43, 0x6f, 0x6e, 0x63, 0x72, 0x65, 0x74, 0x65, 0x40
.byte 0x56, 0x50, 0x49, 0x6e, 0x73, 0x74, 0x61, 0x6e, 0x63, 0x65, 0x73, 0x43, 0x6f, 0x6d, 0x70, 0x6f
.byte 0x6e, 0x65, 0x6e, 0x74, 0x40, 0x50, 0x68, 0x79, 0x72, 0x65, 0x40, 0x40, 0x49, 0x40, 0x50, 0x43
.byte 0x61, 0x6c, 0x6c, 0x65, 0x72, 0x49, 0x6d, 0x70, 0x6c, 0x65, 0x6d, 0x65, 0x6e, 0x74, 0x61, 0x74
.byte 0x69, 0x6f, 0x6e, 0x30, 0x40, 0x50, 0x43, 0x61, 0x6c, 0x6c, 0x65, 0x72, 0x49, 0x6d, 0x70, 0x6c
.byte 0x65, 0x6d, 0x65, 0x6e, 0x74, 0x61, 0x74, 0x69, 0x6f, 0x6e, 0x40, 0x50, 0x49, 0x6e, 0x74, 0x65
.byte 0x72, 0x6e, 0x61, 0x6c, 0x40, 0x50, 0x68, 0x79, 0x72, 0x65, 0x40, 0x40, 0x00, 0x00, 0x00, 0x00
.byte 0x00, 0x00, 0x00, 0x00
.globl _sym_00c0cca8
_sym_00c0cca8:
.long _sym_00b69fe8
.byte 0x00, 0x00, 0x00, 0x00, 0x2e, 0x3f, 0x41, 0x56, 0x3f, 0x24, 0x50, 0x4d, 0x65, 0x74, 0x68, 0x6f
.byte 0x64, 0x43, 0x61, 0x6c, 0x6c, 0x65, 0x72, 0x43, 0x6f, 0x6e, 0x63, 0x72, 0x65, 0x74, 0x65, 0x40
.byte 0x56, 0x50, 0x49, 0x6e, 0x73, 0x74, 0x61, 0x6e, 0x63, 0x65, 0x73, 0x43, 0x6f, 0x6d, 0x70, 0x6f
.byte 0x6e, 0x65, 0x6e, 0x74, 0x40, 0x50, 0x68, 0x79, 0x72, 0x65, 0x40, 0x40, 0x56, 0x50, 0x54, 0x79
.byte 0x70, 0x65, 0x64, 0x4f, 0x62, 0x6a, 0x65, 0x63, 0x74, 0x40, 0x32, 0x40, 0x50, 0x42, 0x56, 0x50
.byte 0x43, 0x6c, 0x61, 0x73, 0x73, 0x44, 0x65, 0x73, 0x63, 0x72, 0x69, 0x70, 0x74, 0x6f, 0x72, 0x40
.byte 0x32, 0x40, 0x40, 0x50, 0x43, 0x61, 0x6c, 0x6c, 0x65, 0x72, 0x49, 0x6d, 0x70, 0x6c, 0x65, 0x6d
.byte 0x65, 0x6e, 0x74, 0x61, 0x74, 0x69, 0x6f, 0x6e, 0x31, 0x40, 0x50, 0x43, 0x61, 0x6c, 0x6c, 0x65
.byte 0x72, 0x49, 0x6d, 0x70, 0x6c, 0x65, 0x6d, 0x65, 0x6e, 0x74, 0x61, 0x74, 0x69, 0x6f, 0x6e, 0x40
.byte 0x50, 0x49, 0x6e, 0x74, 0x65, 0x72, 0x6e, 0x61, 0x6c, 0x40, 0x50, 0x68, 0x79, 0x72, 0x65, 0x40
.byte 0x40, 0x00, 0x00, 0x00
.globl _sym_00c0cd50
_sym_00c0cd50:
.long _sym_00c0cd50
.long _sym_00c0cd50
.globl _sym_00c0cd58
_sym_00c0cd58:
.long _sym_00b69fe8
.byte 0x00, 0x00, 0x00, 0x00, 0x2e, 0x3f, 0x41, 0x56, 0x3f, 0x24, 0x50, 0x43, 0x6c, 0x61, 0x73, 0x73
.byte 0x44, 0x65, 0x73, 0x63, 0x72, 0x69, 0x70, 0x74, 0x6f, 0x72, 0x57, 0x69, 0x74, 0x68, 0x6f, 0x75
.byte 0x74, 0x44, 0x65, 0x66, 0x61, 0x75, 0x6c, 0x74, 0x43, 0x6f, 0x6e, 0x73, 0x74, 0x72, 0x75, 0x63
.byte 0x74, 0x6f, 0x72, 0x40, 0x56, 0x50, 0x4e, 0x61, 0x6d, 0x65, 0x43, 0x6f, 0x6d, 0x70, 0x6f, 0x6e
.byte 0x65, 0x6e, 0x74, 0x40, 0x50, 0x68, 0x79, 0x72, 0x65, 0x40, 0x40, 0x40, 0x50, 0x68, 0x79, 0x72
.byte 0x65, 0x40, 0x40, 0x00
.globl _sym_00c0cdb0
_sym_00c0cdb0:
.long _sym_00b69fe8
.byte 0x00, 0x00, 0x00, 0x00, 0x2e, 0x3f, 0x41, 0x56, 0x3f, 0x24, 0x50, 0x43, 0x6c, 0x61, 0x73, 0x73
.byte 0x44, 0x65, 0x73, 0x63, 0x72, 0x69, 0x70, 0x74, 0x6f, 0x72, 0x41, 0x62, 0x73, 0x74, 0x72, 0x61
.byte 0x63, 0x74, 0x40, 0x56, 0x50, 0x4e, 0x61, 0x6d, 0x65, 0x43, 0x6f, 0x6d, 0x70, 0x6f, 0x6e, 0x65
.byte 0x6e, 0x74, 0x40, 0x50, 0x68, 0x79, 0x72, 0x65, 0x40, 0x40, 0x40, 0x50, 0x68, 0x79, 0x72, 0x65
.byte 0x40, 0x40, 0x00, 0x00
.globl _sym_00c0cdf8
_sym_00c0cdf8:
.long _sym_00b69fe8
.byte 0x00, 0x00, 0x00, 0x00, 0x2e, 0x3f, 0x41, 0x56, 0x3f, 0x24, 0x50, 0x43, 0x6c, 0x61, 0x73, 0x73
.byte 0x44, 0x65, 0x73, 0x63, 0x72, 0x69, 0x70, 0x74, 0x6f, 0x72, 0x46, 0x6f, 0x72, 0x54, 0x79, 0x70
.byte 0x65, 0x40, 0x56, 0x50, 0x4e, 0x61, 0x6d, 0x65, 0x43, 0x6f, 0x6d, 0x70, 0x6f, 0x6e, 0x65, 0x6e
.byte 0x74, 0x40, 0x50, 0x68, 0x79, 0x72, 0x65, 0x40, 0x40, 0x40, 0x50, 0x68, 0x79, 0x72, 0x65, 0x40
.byte 0x40, 0x00, 0x00, 0x00
.globl _sym_00c0ce40
_sym_00c0ce40:
.long _sym_00b69fe8
.byte 0x00, 0x00, 0x00, 0x00, 0x2e, 0x3f, 0x41, 0x56, 0x3f, 0x24, 0x50, 0x46, 0x75, 0x6e, 0x63, 0x74
.byte 0x69, 0x6f, 0x6e, 0x43, 0x61, 0x6c, 0x6c, 0x65, 0x72, 0x43, 0x6f, 0x6e, 0x63, 0x72, 0x65, 0x74
.byte 0x65, 0x40, 0x50, 0x41, 0x56, 0x50, 0x4e, 0x61, 0x6d, 0x65, 0x43, 0x6f, 0x6d, 0x70, 0x6f, 0x6e
.byte 0x65, 0x6e, 0x74, 0x40, 0x50, 0x68, 0x79, 0x72, 0x65, 0x40, 0x40, 0x50, 0x42, 0x44, 0x40, 0x50
.byte 0x43, 0x61, 0x6c, 0x6c, 0x65, 0x72, 0x49, 0x6d, 0x70, 0x6c, 0x65, 0x6d, 0x65, 0x6e, 0x74, 0x61
.byte 0x74, 0x69, 0x6f, 0x6e, 0x31, 0x40, 0x50, 0x43, 0x61, 0x6c, 0x6c, 0x65, 0x72, 0x49, 0x6d, 0x70
.byte 0x6c, 0x65, 0x6d, 0x65, 0x6e, 0x74, 0x61, 0x74, 0x69, 0x6f, 0x6e, 0x40, 0x50, 0x49, 0x6e, 0x74
.byte 0x65, 0x72, 0x6e, 0x61, 0x6c, 0x40, 0x50, 0x68, 0x79, 0x72, 0x65, 0x40, 0x40, 0x00, 0x00, 0x00
.byte 0x00, 0x00, 0x00, 0x00
.globl _sym_00c0cec8
_sym_00c0cec8:
.long _sym_00b69fe8
.byte 0x00, 0x00, 0x00, 0x00, 0x2e, 0x3f, 0x41, 0x56, 0x3f, 0x24, 0x50, 0x43, 0x6c, 0x61, 0x73, 0x73
.byte 0x44, 0x65, 0x73, 0x63, 0x72, 0x69, 0x70, 0x74, 0x6f, 0x72, 0x57, 0x69, 0x74, 0x68, 0x6f, 0x75
.byte 0x74, 0x44, 0x65, 0x66, 0x61, 0x75, 0x6c, 0x74, 0x43, 0x6f, 0x6e, 0x73, 0x74, 0x72, 0x75, 0x63
.byte 0x74, 0x6f, 0x72, 0x40, 0x56, 0x50, 0x41, 0x73, 0x73, 0x65, 0x74, 0x52, 0x65, 0x66, 0x65, 0x72
.byte 0x65, 0x6e, 0x63, 0x65, 0x40, 0x50, 0x68, 0x79, 0x72, 0x65, 0x40, 0x40, 0x40, 0x50, 0x68, 0x79
.byte 0x72, 0x65, 0x40, 0x40, 0x00, 0x00, 0x00, 0x00, 0x00, 0x00, 0x00, 0x00
.globl _sym_00c0cf28
_sym_00c0cf28:
.long _sym_00b69fe8
.byte 0x00, 0x00, 0x00, 0x00, 0x2e, 0x3f, 0x41, 0x56, 0x3f, 0x24, 0x50, 0x43, 0x6c, 0x61, 0x73, 0x73
.byte 0x44, 0x65, 0x73, 0x63, 0x72, 0x69, 0x70, 0x74, 0x6f, 0x72, 0x41, 0x62, 0x73, 0x74, 0x72, 0x61
.byte 0x63, 0x74, 0x40, 0x56, 0x50, 0x41, 0x73, 0x73, 0x65, 0x74, 0x52, 0x65, 0x66, 0x65, 0x72, 0x65
.byte 0x6e, 0x63, 0x65, 0x40, 0x50, 0x68, 0x79, 0x72, 0x65, 0x40, 0x40, 0x40, 0x50, 0x68, 0x79, 0x72
.byte 0x65, 0x40, 0x40, 0x00
.globl _sym_00c0cf70
_sym_00c0cf70:
.long _sym_00b69fe8
.byte 0x00, 0x00, 0x00, 0x00, 0x2e, 0x3f, 0x41, 0x56, 0x3f, 0x24, 0x50, 0x43, 0x6c, 0x61, 0x73, 0x73
.byte 0x44, 0x65, 0x73, 0x63, 0x72, 0x69, 0x70, 0x74, 0x6f, 0x72, 0x46, 0x6f, 0x72, 0x54, 0x79, 0x70
.byte 0x65, 0x40, 0x56, 0x50, 0x41, 0x73, 0x73, 0x65, 0x74, 0x52, 0x65, 0x66, 0x65, 0x72, 0x65, 0x6e
.byte 0x63, 0x65, 0x40, 0x50, 0x68, 0x79, 0x72, 0x65, 0x40, 0x40, 0x40, 0x50, 0x68, 0x79, 0x72, 0x65
.byte 0x40, 0x40, 0x00, 0x00
.globl _sym_00c0cfb8
_sym_00c0cfb8:
.long _sym_00b69fe8
.byte 0x00, 0x00, 0x00, 0x00, 0x2e, 0x3f, 0x41, 0x56, 0x3f, 0x24, 0x50, 0x43, 0x6c, 0x61, 0x73, 0x73
.byte 0x44, 0x65, 0x73, 0x63, 0x72, 0x69, 0x70, 0x74, 0x6f, 0x72, 0x43, 0x6f, 0x6e, 0x63, 0x72, 0x65
.byte 0x74, 0x65, 0x40, 0x56, 0x50, 0x41, 0x73, 0x73, 0x65, 0x74, 0x52, 0x65, 0x66, 0x65, 0x72, 0x65
.byte 0x6e, 0x63, 0x65, 0x49, 0x6d, 0x70, 0x6f, 0x72, 0x74, 0x40, 0x50, 0x68, 0x79, 0x72, 0x65, 0x40
.byte 0x40, 0x40, 0x50, 0x68, 0x79, 0x72, 0x65, 0x40, 0x40, 0x00, 0x00, 0x00
.globl _sym_00c0d008
_sym_00c0d008:
.long _sym_00b69fe8
.byte 0x00, 0x00, 0x00, 0x00, 0x2e, 0x3f, 0x41, 0x56, 0x3f, 0x24, 0x50, 0x43, 0x6c, 0x61, 0x73, 0x73
.byte 0x44, 0x65, 0x73, 0x63, 0x72, 0x69, 0x70, 0x74, 0x6f, 0x72, 0x41, 0x62, 0x73, 0x74, 0x72, 0x61
.byte 0x63, 0x74, 0x40, 0x56, 0x50, 0x41, 0x73, 0x73, 0x65, 0x74, 0x52, 0x65, 0x66, 0x65, 0x72, 0x65
.byte 0x6e, 0x63, 0x65, 0x49, 0x6d, 0x70, 0x6f, 0x72, 0x74, 0x40, 0x50, 0x68, 0x79, 0x72, 0x65, 0x40
.byte 0x40, 0x40, 0x50, 0x68, 0x79, 0x72, 0x65, 0x40, 0x40, 0x00, 0x00, 0x00
.globl _sym_00c0d058
_sym_00c0d058:
.long _sym_00b69fe8
.byte 0x00, 0x00, 0x00, 0x00, 0x2e, 0x3f, 0x41, 0x56, 0x3f, 0x24, 0x50, 0x43, 0x6c, 0x61, 0x73, 0x73
.byte 0x44, 0x65, 0x73, 0x63, 0x72, 0x69, 0x70, 0x74, 0x6f, 0x72, 0x46, 0x6f, 0x72, 0x54, 0x79, 0x70
.byte 0x65, 0x40, 0x56, 0x50, 0x41, 0x73, 0x73, 0x65, 0x74, 0x52, 0x65, 0x66, 0x65, 0x72, 0x65, 0x6e
.byte 0x63, 0x65, 0x49, 0x6d, 0x70, 0x6f, 0x72, 0x74, 0x40, 0x50, 0x68, 0x79, 0x72, 0x65, 0x40, 0x40
.byte 0x40, 0x50, 0x68, 0x79, 0x72, 0x65, 0x40, 0x40, 0x00, 0x00, 0x00, 0x00
.globl _sym_00c0d0a8
_sym_00c0d0a8:
.long _sym_00b69fe8
.byte 0x00, 0x00, 0x00, 0x00, 0x2e, 0x3f, 0x41, 0x56, 0x3f, 0x24, 0x50, 0x43, 0x6c, 0x61, 0x73, 0x73
.byte 0x44, 0x61, 0x74, 0x61, 0x4d, 0x65, 0x6d, 0x62, 0x65, 0x72, 0x44, 0x79, 0x6e, 0x61, 0x6d, 0x69
.byte 0x63, 0x54, 0x79, 0x70, 0x65, 0x40, 0x56, 0x50, 0x41, 0x73, 0x73, 0x65, 0x74, 0x52, 0x65, 0x66
.byte 0x65, 0x72, 0x65, 0x6e, 0x63, 0x65, 0x40, 0x50, 0x68, 0x79, 0x72, 0x65, 0x40, 0x40, 0x40, 0x50
.byte 0x68, 0x79, 0x72, 0x65, 0x40, 0x40, 0x00, 0x00
.globl _sym_00c0d0f4
_sym_00c0d0f4:
.long _sym_00b69fe8
.byte 0x00, 0x00, 0x00, 0x00, 0x2e, 0x3f, 0x41, 0x56, 0x50, 0x49, 0x43, 0x6c, 0x61, 0x73, 0x73, 0x44
.byte 0x61, 0x74, 0x61, 0x4d, 0x65, 0x6d, 0x62, 0x65, 0x72, 0x44, 0x79, 0x6e, 0x61, 0x6d, 0x69, 0x63
.byte 0x54, 0x79, 0x70, 0x65, 0x40, 0x50, 0x68, 0x79, 0x72, 0x65, 0x40, 0x40, 0x00, 0x00, 0x00, 0x00
.globl _sym_00c0d128
_sym_00c0d128:
.long _sym_00b69fe8
.byte 0x00, 0x00, 0x00, 0x00, 0x2e, 0x3f, 0x41, 0x56, 0x3f, 0x24, 0x50, 0x4d, 0x65, 0x74, 0x68, 0x6f
.byte 0x64, 0x43, 0x61, 0x6c, 0x6c, 0x65, 0x72, 0x43, 0x6f, 0x6e, 0x63, 0x72, 0x65, 0x74, 0x65, 0x40
.byte 0x56, 0x50, 0x41, 0x73, 0x73, 0x65, 0x74, 0x52, 0x65, 0x66, 0x65, 0x72, 0x65, 0x6e, 0x63, 0x65
.byte 0x40, 0x50, 0x68, 0x79, 0x72, 0x65, 0x40, 0x40, 0x41, 0x42, 0x56, 0x50, 0x53, 0x74, 0x72, 0x69
.byte 0x6e, 0x67, 0x40, 0x32, 0x40, 0x40, 0x50, 0x43, 0x61, 0x6c, 0x6c, 0x65, 0x72, 0x49, 0x6d, 0x70
.byte 0x6c, 0x65, 0x6d, 0x65, 0x6e, 0x74, 0x61, 0x74, 0x69, 0x6f, 0x6e, 0x30, 0x40, 0x50, 0x43, 0x61
.byte 0x6c, 0x6c, 0x65, 0x72, 0x49, 0x6d, 0x70, 0x6c, 0x65, 0x6d, 0x65, 0x6e, 0x74, 0x61, 0x74, 0x69
.byte 0x6f, 0x6e, 0x40, 0x50, 0x49, 0x6e, 0x74, 0x65, 0x72, 0x6e, 0x61, 0x6c, 0x40, 0x50, 0x68, 0x79
.byte 0x72, 0x65, 0x40, 0x40, 0x00, 0x00, 0x00, 0x00, 0x00, 0x00, 0x00, 0x00
.globl _sym_00c0d1b8
_sym_00c0d1b8:
.long _sym_00b69fe8
.byte 0x00, 0x00, 0x00, 0x00, 0x2e, 0x3f, 0x41, 0x56, 0x3f, 0x24, 0x50, 0x4d, 0x65, 0x74, 0x68, 0x6f
.byte 0x64, 0x43, 0x61, 0x6c, 0x6c, 0x65, 0x72, 0x43, 0x6f, 0x6e, 0x63, 0x72, 0x65, 0x74, 0x65, 0x40
.byte 0x56, 0x50, 0x41, 0x73, 0x73, 0x65, 0x74, 0x52, 0x65, 0x66, 0x65, 0x72, 0x65, 0x6e, 0x63, 0x65
.byte 0x40, 0x50, 0x68, 0x79, 0x72, 0x65, 0x40, 0x40, 0x56, 0x50, 0x54, 0x79, 0x70, 0x65, 0x64, 0x4f
.byte 0x62, 0x6a, 0x65, 0x63, 0x74, 0x40, 0x32, 0x40, 0x40, 0x50, 0x43, 0x61, 0x6c, 0x6c, 0x65, 0x72
.byte 0x49, 0x6d, 0x70, 0x6c, 0x65, 0x6d, 0x65, 0x6e, 0x74, 0x61, 0x74, 0x69, 0x6f, 0x6e, 0x30, 0x40
.byte 0x50, 0x43, 0x61, 0x6c, 0x6c, 0x65, 0x72, 0x49, 0x6d, 0x70, 0x6c, 0x65, 0x6d, 0x65, 0x6e, 0x74
.byte 0x61, 0x74, 0x69, 0x6f, 0x6e, 0x40, 0x50, 0x49, 0x6e, 0x74, 0x65, 0x72, 0x6e, 0x61, 0x6c, 0x40
.byte 0x50, 0x68, 0x79, 0x72, 0x65, 0x40, 0x40, 0x00, 0x00, 0x00, 0x00, 0x00
.globl _sym_00c0d248
_sym_00c0d248:
.long _sym_00b69fe8
.byte 0x00, 0x00, 0x00, 0x00, 0x2e, 0x3f, 0x41, 0x56, 0x3f, 0x24, 0x50, 0x4d, 0x65, 0x74, 0x68, 0x6f
.byte 0x64, 0x43, 0x61, 0x6c, 0x6c, 0x65, 0x72, 0x43, 0x6f, 0x6e, 0x63, 0x72, 0x65, 0x74, 0x65, 0x40
.byte 0x56, 0x50, 0x41, 0x73, 0x73, 0x65, 0x74, 0x52, 0x65, 0x66, 0x65, 0x72, 0x65, 0x6e, 0x63, 0x65
.byte 0x40, 0x50, 0x68, 0x79, 0x72, 0x65, 0x40, 0x40, 0x41, 0x42, 0x56, 0x50, 0x43, 0x6c, 0x61, 0x73
.byte 0x73, 0x44, 0x65, 0x73, 0x63, 0x72, 0x69, 0x70, 0x74, 0x6f, 0x72, 0x40, 0x32, 0x40, 0x40, 0x50
.byte 0x43, 0x61, 0x6c, 0x6c, 0x65, 0x72, 0x49, 0x6d, 0x70, 0x6c, 0x65, 0x6d, 0x65, 0x6e, 0x74, 0x61
.byte 0x74, 0x69, 0x6f, 0x6e, 0x30, 0x40, 0x50, 0x43, 0x61, 0x6c, 0x6c, 0x65, 0x72, 0x49, 0x6d, 0x70
.byte 0x6c, 0x65, 0x6d, 0x65, 0x6e, 0x74, 0x61, 0x74, 0x69, 0x6f, 0x6e, 0x40, 0x50, 0x49, 0x6e, 0x74
.byte 0x65, 0x72, 0x6e, 0x61, 0x6c, 0x40, 0x50, 0x68, 0x79, 0x72, 0x65, 0x40, 0x40, 0x00, 0x00, 0x00
.byte 0x00, 0x00, 0x00, 0x00
.globl _sym_00c0d2e0
_sym_00c0d2e0:
.long _sym_00b69fe8
.byte 0x00, 0x00, 0x00, 0x00, 0x2e, 0x3f, 0x41, 0x56, 0x3f, 0x24, 0x50, 0x43, 0x6c, 0x61, 0x73, 0x73
.byte 0x44, 0x65, 0x73, 0x63, 0x72, 0x69, 0x70, 0x74, 0x6f, 0x72, 0x57, 0x69, 0x74, 0x68, 0x6f, 0x75
.byte 0x74, 0x44, 0x65, 0x66, 0x61, 0x75, 0x6c, 0x74, 0x43, 0x6f, 0x6e, 0x73, 0x74, 0x72, 0x75, 0x63
.byte 0x74, 0x6f, 0x72, 0x40, 0x56, 0x50, 0x52, 0x61, 0x6e, 0x64, 0x6f, 0x6d, 0x47, 0x65, 0x6e, 0x65
.byte 0x72, 0x61, 0x74, 0x6f, 0x72, 0x40, 0x50, 0x52, 0x61, 0x6e, 0x64, 0x6f, 0x6d, 0x40, 0x50, 0x68
.byte 0x79, 0x72, 0x65, 0x40, 0x40, 0x40, 0x50, 0x68, 0x79, 0x72, 0x65, 0x40, 0x40, 0x00, 0x00, 0x00
.byte 0x00, 0x00, 0x00, 0x00
.globl _sym_00c0d348
_sym_00c0d348:
.long _sym_00b69fe8
.byte 0x00, 0x00, 0x00, 0x00, 0x2e, 0x3f, 0x41, 0x56, 0x3f, 0x24, 0x50, 0x43, 0x6c, 0x61, 0x73, 0x73
.byte 0x44, 0x65, 0x73, 0x63, 0x72, 0x69, 0x70, 0x74, 0x6f, 0x72, 0x41, 0x62, 0x73, 0x74, 0x72, 0x61
.byte 0x63, 0x74, 0x40, 0x56, 0x50, 0x52, 0x61, 0x6e, 0x64, 0x6f, 0x6d, 0x47, 0x65, 0x6e, 0x65, 0x72
.byte 0x61, 0x74, 0x6f, 0x72, 0x40, 0x50, 0x52, 0x61, 0x6e, 0x64, 0x6f, 0x6d, 0x40, 0x50, 0x68, 0x79
.byte 0x72, 0x65, 0x40, 0x40, 0x40, 0x50, 0x68, 0x79, 0x72, 0x65, 0x40, 0x40, 0x00, 0x00, 0x00, 0x00
.byte 0x00, 0x00, 0x00, 0x00
.globl _sym_00c0d3a0
_sym_00c0d3a0:
.long _sym_00b69fe8
.byte 0x00, 0x00, 0x00, 0x00, 0x2e, 0x3f, 0x41, 0x56, 0x3f, 0x24, 0x50, 0x43, 0x6c, 0x61, 0x73, 0x73
.byte 0x44, 0x65, 0x73, 0x63, 0x72, 0x69, 0x70, 0x74, 0x6f, 0x72, 0x46, 0x6f, 0x72, 0x54, 0x79, 0x70
.byte 0x65, 0x40, 0x56, 0x50, 0x52, 0x61, 0x6e, 0x64, 0x6f, 0x6d, 0x47, 0x65, 0x6e, 0x65, 0x72, 0x61
.byte 0x74, 0x6f, 0x72, 0x40, 0x50, 0x52, 0x61, 0x6e, 0x64, 0x6f, 0x6d, 0x40, 0x50, 0x68, 0x79, 0x72
.byte 0x65, 0x40, 0x40, 0x40, 0x50, 0x68, 0x79, 0x72, 0x65, 0x40, 0x40, 0x00
.globl _sym_00c0d3f0
_sym_00c0d3f0:
.long _sym_00b69fe8
.byte 0x00, 0x00, 0x00, 0x00, 0x2e, 0x3f, 0x41, 0x56, 0x3f, 0x24, 0x50, 0x46, 0x75, 0x6e, 0x63, 0x74
.byte 0x69, 0x6f, 0x6e, 0x43, 0x61, 0x6c, 0x6c, 0x65, 0x72, 0x43, 0x6f, 0x6e, 0x63, 0x72, 0x65, 0x74
.byte 0x65, 0x40, 0x4d, 0x40, 0x50, 0x43, 0x61, 0x6c, 0x6c, 0x65, 0x72, 0x49, 0x6d, 0x70, 0x6c, 0x65
.byte 0x6d, 0x65, 0x6e, 0x74, 0x61, 0x74, 0x69, 0x6f, 0x6e, 0x30, 0x40, 0x50, 0x43, 0x61, 0x6c, 0x6c
.byte 0x65, 0x72, 0x49, 0x6d, 0x70, 0x6c, 0x65, 0x6d, 0x65, 0x6e, 0x74, 0x61, 0x74, 0x69, 0x6f, 0x6e
.byte 0x40, 0x50, 0x49, 0x6e, 0x74, 0x65, 0x72, 0x6e, 0x61, 0x6c, 0x40, 0x50, 0x68, 0x79, 0x72, 0x65
.byte 0x40, 0x40, 0x00, 0x00
.globl _sym_00c0d458
_sym_00c0d458:
.long _sym_00b69fe8
.byte 0x00, 0x00, 0x00, 0x00, 0x2e, 0x3f, 0x41, 0x56, 0x3f, 0x24, 0x50, 0x43, 0x6c, 0x61, 0x73, 0x73
.byte 0x44, 0x65, 0x73, 0x63, 0x72, 0x69, 0x70, 0x74, 0x6f, 0x72, 0x57, 0x72, 0x61, 0x70, 0x70, 0x65
.byte 0x72, 0x40, 0x56, 0x56, 0x65, 0x63, 0x74, 0x6f, 0x72, 0x32, 0x40, 0x41, 0x6f, 0x73, 0x40, 0x53
.byte 0x63, 0x61, 0x6c, 0x61, 0x72, 0x40, 0x56, 0x65, 0x63, 0x74, 0x6f, 0x72, 0x6d, 0x61, 0x74, 0x68
.byte 0x40, 0x73, 0x63, 0x65, 0x40, 0x40, 0x40, 0x50, 0x68, 0x79, 0x72, 0x65, 0x40, 0x40, 0x00, 0x00
.byte 0x00, 0x00, 0x00, 0x00
.globl _sym_00c0d4b0
_sym_00c0d4b0:
.long _sym_00b69fe8
.byte 0x00, 0x00, 0x00, 0x00, 0x2e, 0x3f, 0x41, 0x56, 0x3f, 0x24, 0x50, 0x43, 0x6c, 0x61, 0x73, 0x73
.byte 0x44, 0x65, 0x73, 0x63, 0x72, 0x69, 0x70, 0x74, 0x6f, 0x72, 0x46, 0x6f, 0x72, 0x54, 0x79, 0x70
.byte 0x65, 0x40, 0x56, 0x56, 0x65, 0x63, 0x74, 0x6f, 0x72, 0x32, 0x40, 0x41, 0x6f, 0x73, 0x40, 0x53
.byte 0x63, 0x61, 0x6c, 0x61, 0x72, 0x40, 0x56, 0x65, 0x63, 0x74, 0x6f, 0x72, 0x6d, 0x61, 0x74, 0x68
.byte 0x40, 0x73, 0x63, 0x65, 0x40, 0x40, 0x40, 0x50, 0x68, 0x79, 0x72, 0x65, 0x40, 0x40, 0x00, 0x00
.byte 0x00, 0x00, 0x00, 0x00
.globl _sym_00c0d508
_sym_00c0d508:
.long _sym_00b69fe8
.byte 0x00, 0x00, 0x00, 0x00, 0x2e, 0x3f, 0x41, 0x56, 0x3f, 0x24, 0x50, 0x43, 0x6c, 0x61, 0x73, 0x73
.byte 0x44, 0x65, 0x73, 0x63, 0x72, 0x69, 0x70, 0x74, 0x6f, 0x72, 0x57, 0x72, 0x61, 0x70, 0x70, 0x65
.byte 0x72, 0x40, 0x56, 0x56, 0x65, 0x63, 0x74, 0x6f, 0x72, 0x33, 0x40, 0x41, 0x6f, 0x73, 0x40, 0x53
.byte 0x63, 0x61, 0x6c, 0x61, 0x72, 0x40, 0x56, 0x65, 0x63, 0x74, 0x6f, 0x72, 0x6d, 0x61, 0x74, 0x68
.byte 0x40, 0x73, 0x63, 0x65, 0x40, 0x40, 0x40, 0x50, 0x68, 0x79, 0x72, 0x65, 0x40, 0x40, 0x00, 0x00
.byte 0x00, 0x00, 0x00, 0x00
.globl _sym_00c0d560
_sym_00c0d560:
.long _sym_00b69fe8
.byte 0x00, 0x00, 0x00, 0x00, 0x2e, 0x3f, 0x41, 0x56, 0x3f, 0x24, 0x50, 0x43, 0x6c, 0x61, 0x73, 0x73
.byte 0x44, 0x65, 0x73, 0x63, 0x72, 0x69, 0x70, 0x74, 0x6f, 0x72, 0x46, 0x6f, 0x72, 0x54, 0x79, 0x70
.byte 0x65, 0x40, 0x56, 0x56, 0x65, 0x63, 0x74, 0x6f, 0x72, 0x33, 0x40, 0x41, 0x6f, 0x73, 0x40, 0x53
.byte 0x63, 0x61, 0x6c, 0x61, 0x72, 0x40, 0x56, 0x65, 0x63, 0x74, 0x6f, 0x72, 0x6d, 0x61, 0x74, 0x68
.byte 0x40, 0x73, 0x63, 0x65, 0x40, 0x40, 0x40, 0x50, 0x68, 0x79, 0x72, 0x65, 0x40, 0x40, 0x00, 0x00
.byte 0x00, 0x00, 0x00, 0x00
.globl _sym_00c0d5b8
_sym_00c0d5b8:
.long _sym_00b69fe8
.byte 0x00, 0x00, 0x00, 0x00, 0x2e, 0x3f, 0x41, 0x56, 0x3f, 0x24, 0x50, 0x43, 0x6c, 0x61, 0x73, 0x73
.byte 0x44, 0x65, 0x73, 0x63, 0x72, 0x69, 0x70, 0x74, 0x6f, 0x72, 0x57, 0x72, 0x61, 0x70, 0x70, 0x65
.byte 0x72, 0x40, 0x56, 0x50, 0x6f, 0x69, 0x6e, 0x74, 0x33, 0x40, 0x41, 0x6f, 0x73, 0x40, 0x53, 0x63
.byte 0x61, 0x6c, 0x61, 0x72, 0x40, 0x56, 0x65, 0x63, 0x74, 0x6f, 0x72, 0x6d, 0x61, 0x74, 0x68, 0x40
.byte 0x73, 0x63, 0x65, 0x40, 0x40, 0x40, 0x50, 0x68, 0x79, 0x72, 0x65, 0x40, 0x40, 0x00, 0x00, 0x00
.byte 0x00, 0x00, 0x00, 0x00
.globl _sym_00c0d610
_sym_00c0d610:
.long _sym_00b69fe8
.byte 0x00, 0x00, 0x00, 0x00, 0x2e, 0x3f, 0x41, 0x56, 0x3f, 0x24, 0x50, 0x43, 0x6c, 0x61, 0x73, 0x73
.byte 0x44, 0x65, 0x73, 0x63, 0x72, 0x69, 0x70, 0x74, 0x6f, 0x72, 0x46, 0x6f, 0x72, 0x54, 0x79, 0x70
.byte 0x65, 0x40, 0x56, 0x50, 0x6f, 0x69, 0x6e, 0x74, 0x33, 0x40, 0x41, 0x6f, 0x73, 0x40, 0x53, 0x63
.byte 0x61, 0x6c, 0x61, 0x72, 0x40, 0x56, 0x65, 0x63, 0x74, 0x6f, 0x72, 0x6d, 0x61, 0x74, 0x68, 0x40
.byte 0x73, 0x63, 0x65, 0x40, 0x40, 0x40, 0x50, 0x68, 0x79, 0x72, 0x65, 0x40, 0x40, 0x00, 0x00, 0x00
.byte 0x00, 0x00, 0x00, 0x00
.globl _sym_00c0d668
_sym_00c0d668:
.long _sym_00b69fe8
.byte 0x00, 0x00, 0x00, 0x00, 0x2e, 0x3f, 0x41, 0x56, 0x3f, 0x24, 0x50, 0x43, 0x6c, 0x61, 0x73, 0x73
.byte 0x44, 0x65, 0x73, 0x63, 0x72, 0x69, 0x70, 0x74, 0x6f, 0x72, 0x57, 0x72, 0x61, 0x70, 0x70, 0x65
.byte 0x72, 0x40, 0x56, 0x56, 0x65, 0x63, 0x74, 0x6f, 0x72, 0x34, 0x40, 0x41, 0x6f, 0x73, 0x40, 0x53
.byte 0x63, 0x61, 0x6c, 0x61, 0x72, 0x40, 0x56, 0x65, 0x63, 0x74, 0x6f, 0x72, 0x6d, 0x61, 0x74, 0x68
.byte 0x40, 0x73, 0x63, 0x65, 0x40, 0x40, 0x40, 0x50, 0x68, 0x79, 0x72, 0x65, 0x40, 0x40, 0x00, 0x00
.byte 0x00, 0x00, 0x00, 0x00
.globl _sym_00c0d6c0
_sym_00c0d6c0:
.long _sym_00b69fe8
.byte 0x00, 0x00, 0x00, 0x00, 0x2e, 0x3f, 0x41, 0x56, 0x3f, 0x24, 0x50, 0x43, 0x6c, 0x61, 0x73, 0x73
.byte 0x44, 0x65, 0x73, 0x63, 0x72, 0x69, 0x70, 0x74, 0x6f, 0x72, 0x46, 0x6f, 0x72, 0x54, 0x79, 0x70
.byte 0x65, 0x40, 0x56, 0x56, 0x65, 0x63, 0x74, 0x6f, 0x72, 0x34, 0x40, 0x41, 0x6f, 0x73, 0x40, 0x53
.byte 0x63, 0x61, 0x6c, 0x61, 0x72, 0x40, 0x56, 0x65, 0x63, 0x74, 0x6f, 0x72, 0x6d, 0x61, 0x74, 0x68
.byte 0x40, 0x73, 0x63, 0x65, 0x40, 0x40, 0x40, 0x50, 0x68, 0x79, 0x72, 0x65, 0x40, 0x40, 0x00, 0x00
.byte 0x00, 0x00, 0x00, 0x00
.globl _sym_00c0d718
_sym_00c0d718:
.long _sym_00b69fe8
.byte 0x00, 0x00, 0x00, 0x00, 0x2e, 0x3f, 0x41, 0x56, 0x3f, 0x24, 0x50, 0x43, 0x6c, 0x61, 0x73, 0x73
.byte 0x44, 0x65, 0x73, 0x63, 0x72, 0x69, 0x70, 0x74, 0x6f, 0x72, 0x57, 0x72, 0x61, 0x70, 0x70, 0x65
.byte 0x72, 0x40, 0x56, 0x51, 0x75, 0x61, 0x74, 0x40, 0x41, 0x6f, 0x73, 0x40, 0x53, 0x63, 0x61, 0x6c
.byte 0x61, 0x72, 0x40, 0x56, 0x65, 0x63, 0x74, 0x6f, 0x72, 0x6d, 0x61, 0x74, 0x68, 0x40, 0x73, 0x63
.byte 0x65, 0x40, 0x40, 0x40, 0x50, 0x68, 0x79, 0x72, 0x65, 0x40, 0x40, 0x00
.globl _sym_00c0d768
_sym_00c0d768:
.long _sym_00b69fe8
.byte 0x00, 0x00, 0x00, 0x00, 0x2e, 0x3f, 0x41, 0x56, 0x3f, 0x24, 0x50, 0x43, 0x6c, 0x61, 0x73, 0x73
.byte 0x44, 0x65, 0x73, 0x63, 0x72, 0x69, 0x70, 0x74, 0x6f, 0x72, 0x46, 0x6f, 0x72, 0x54, 0x79, 0x70
.byte 0x65, 0x40, 0x56, 0x51, 0x75, 0x61, 0x74, 0x40, 0x41, 0x6f, 0x73, 0x40, 0x53, 0x63, 0x61, 0x6c
.byte 0x61, 0x72, 0x40, 0x56, 0x65, 0x63, 0x74, 0x6f, 0x72, 0x6d, 0x61, 0x74, 0x68, 0x40, 0x73, 0x63
.byte 0x65, 0x40, 0x40, 0x40, 0x50, 0x68, 0x79, 0x72, 0x65, 0x40, 0x40, 0x00
.globl _sym_00c0d7b8
_sym_00c0d7b8:
.long _sym_00b69fe8
.byte 0x00, 0x00, 0x00, 0x00, 0x2e, 0x3f, 0x41, 0x56, 0x3f, 0x24, 0x50, 0x43, 0x6c, 0x61, 0x73, 0x73
.byte 0x44, 0x65, 0x73, 0x63, 0x72, 0x69, 0x70, 0x74, 0x6f, 0x72, 0x57, 0x72, 0x61, 0x70, 0x70, 0x65
.byte 0x72, 0x40, 0x56, 0x4d, 0x61, 0x74, 0x72, 0x69, 0x78, 0x33, 0x40, 0x41, 0x6f, 0x73, 0x40, 0x53
.byte 0x63, 0x61, 0x6c, 0x61, 0x72, 0x40, 0x56, 0x65, 0x63, 0x74, 0x6f, 0x72, 0x6d, 0x61, 0x74, 0x68
.byte 0x40, 0x73, 0x63, 0x65, 0x40, 0x40, 0x40, 0x50, 0x68, 0x79, 0x72, 0x65, 0x40, 0x40, 0x00, 0x00
.byte 0x00, 0x00, 0x00, 0x00
.globl _sym_00c0d810
_sym_00c0d810:
.long _sym_00b69fe8
.byte 0x00, 0x00, 0x00, 0x00, 0x2e, 0x3f, 0x41, 0x56, 0x3f, 0x24, 0x50, 0x43, 0x6c, 0x61, 0x73, 0x73
.byte 0x44, 0x65, 0x73, 0x63, 0x72, 0x69, 0x70, 0x74, 0x6f, 0x72, 0x46, 0x6f, 0x72, 0x54, 0x79, 0x70
.byte 0x65, 0x40, 0x56, 0x4d, 0x61, 0x74, 0x72, 0x69, 0x78, 0x33, 0x40, 0x41, 0x6f, 0x73, 0x40, 0x53
.byte 0x63, 0x61, 0x6c, 0x61, 0x72, 0x40, 0x56, 0x65, 0x63, 0x74, 0x6f, 0x72, 0x6d, 0x61, 0x74, 0x68
.byte 0x40, 0x73, 0x63, 0x65, 0x40, 0x40, 0x40, 0x50, 0x68, 0x79, 0x72, 0x65, 0x40, 0x40, 0x00, 0x00
.byte 0x00, 0x00, 0x00, 0x00
.globl _sym_00c0d868
_sym_00c0d868:
.long _sym_00b69fe8
.byte 0x00, 0x00, 0x00, 0x00, 0x2e, 0x3f, 0x41, 0x56, 0x3f, 0x24, 0x50, 0x43, 0x6c, 0x61, 0x73, 0x73
.byte 0x44, 0x65, 0x73, 0x63, 0x72, 0x69, 0x70, 0x74, 0x6f, 0x72, 0x57, 0x72, 0x61, 0x70, 0x70, 0x65
.byte 0x72, 0x40, 0x56, 0x4d, 0x61, 0x74, 0x72, 0x69, 0x78, 0x34, 0x40, 0x41, 0x6f, 0x73, 0x40, 0x53
.byte 0x63, 0x61, 0x6c, 0x61, 0x72, 0x40, 0x56, 0x65, 0x63, 0x74, 0x6f, 0x72, 0x6d, 0x61, 0x74, 0x68
.byte 0x40, 0x73, 0x63, 0x65, 0x40, 0x40, 0x40, 0x50, 0x68, 0x79, 0x72, 0x65, 0x40, 0x40, 0x00, 0x00
.byte 0x00, 0x00, 0x00, 0x00
.globl _sym_00c0d8c0
_sym_00c0d8c0:
.long _sym_00b69fe8
.byte 0x00, 0x00, 0x00, 0x00, 0x2e, 0x3f, 0x41, 0x56, 0x3f, 0x24, 0x50, 0x43, 0x6c, 0x61, 0x73, 0x73
.byte 0x44, 0x65, 0x73, 0x63, 0x72, 0x69, 0x70, 0x74, 0x6f, 0x72, 0x46, 0x6f, 0x72, 0x54, 0x79, 0x70
.byte 0x65, 0x40, 0x56, 0x4d, 0x61, 0x74, 0x72, 0x69, 0x78, 0x34, 0x40, 0x41, 0x6f, 0x73, 0x40, 0x53
.byte 0x63, 0x61, 0x6c, 0x61, 0x72, 0x40, 0x56, 0x65, 0x63, 0x74, 0x6f, 0x72, 0x6d, 0x61, 0x74, 0x68
.byte 0x40, 0x73, 0x63, 0x65, 0x40, 0x40, 0x40, 0x50, 0x68, 0x79, 0x72, 0x65, 0x40, 0x40, 0x00, 0x00
.byte 0x00, 0x00, 0x00, 0x00
.globl _sym_00c0d918
_sym_00c0d918:
.long _sym_00b69fe8
.byte 0x00, 0x00, 0x00, 0x00, 0x2e, 0x3f, 0x41, 0x56, 0x3f, 0x24, 0x50, 0x43, 0x6c, 0x61, 0x73, 0x73
.byte 0x44, 0x65, 0x73, 0x63, 0x72, 0x69, 0x70, 0x74, 0x6f, 0x72, 0x57, 0x72, 0x61, 0x70, 0x70, 0x65
.byte 0x72, 0x40, 0x56, 0x50, 0x4d, 0x61, 0x74, 0x72, 0x69, 0x78, 0x34, 0x40, 0x50, 0x68, 0x79, 0x72
.byte 0x65, 0x40, 0x40, 0x40, 0x50, 0x68, 0x79, 0x72, 0x65, 0x40, 0x40, 0x00
.globl _sym_00c0d958
_sym_00c0d958:
.long _sym_00b69fe8
.byte 0x00, 0x00, 0x00, 0x00, 0x2e, 0x3f, 0x41, 0x56, 0x3f, 0x24, 0x50, 0x43, 0x6c, 0x61, 0x73, 0x73
.byte 0x44, 0x65, 0x73, 0x63, 0x72, 0x69, 0x70, 0x74, 0x6f, 0x72, 0x46, 0x6f, 0x72, 0x54, 0x79, 0x70
.byte 0x65, 0x40, 0x56, 0x50, 0x4d, 0x61, 0x74, 0x72, 0x69, 0x78, 0x34, 0x40, 0x50, 0x68, 0x79, 0x72
.byte 0x65, 0x40, 0x40, 0x40, 0x50, 0x68, 0x79, 0x72, 0x65, 0x40, 0x40, 0x00
.globl _sym_00c0d998
_sym_00c0d998:
.long _sym_00b69fe8
.byte 0x00, 0x00, 0x00, 0x00, 0x2e, 0x3f, 0x41, 0x56, 0x3f, 0x24, 0x50, 0x4d, 0x65, 0x74, 0x68, 0x6f
.byte 0x64, 0x43, 0x61, 0x6c, 0x6c, 0x65, 0x72, 0x43, 0x6f, 0x6e, 0x63, 0x72, 0x65, 0x74, 0x65, 0x40
.byte 0x56, 0x56, 0x65, 0x63, 0x74, 0x6f, 0x72, 0x32, 0x40, 0x41, 0x6f, 0x73, 0x40, 0x53, 0x63, 0x61
.byte 0x6c, 0x61, 0x72, 0x40, 0x56, 0x65, 0x63, 0x74, 0x6f, 0x72, 0x6d, 0x61, 0x74, 0x68, 0x40, 0x73
.byte 0x63, 0x65, 0x40, 0x40, 0x41, 0x41, 0x56, 0x31, 0x32, 0x33, 0x34, 0x35, 0x40, 0x4d, 0x40, 0x50
.byte 0x43, 0x61, 0x6c, 0x6c, 0x65, 0x72, 0x49, 0x6d, 0x70, 0x6c, 0x65, 0x6d, 0x65, 0x6e, 0x74, 0x61
.byte 0x74, 0x69, 0x6f, 0x6e, 0x31, 0x40, 0x50, 0x43, 0x61, 0x6c, 0x6c, 0x65, 0x72, 0x49, 0x6d, 0x70
.byte 0x6c, 0x65, 0x6d, 0x65, 0x6e, 0x74, 0x61, 0x74, 0x69, 0x6f, 0x6e, 0x40, 0x50, 0x49, 0x6e, 0x74
.byte 0x65, 0x72, 0x6e, 0x61, 0x6c, 0x40, 0x50, 0x68, 0x79, 0x72, 0x65, 0x40, 0x40, 0x00, 0x00, 0x00
.byte 0x00, 0x00, 0x00, 0x00
.globl _sym_00c0da30
_sym_00c0da30:
.long _sym_00b69fe8
.byte 0x00, 0x00, 0x00, 0x00, 0x2e, 0x3f, 0x41, 0x56, 0x3f, 0x24, 0x50, 0x4d, 0x65, 0x74, 0x68, 0x6f
.byte 0x64, 0x43, 0x61, 0x6c, 0x6c, 0x65, 0x72, 0x43, 0x6f, 0x6e, 0x63, 0x72, 0x65, 0x74, 0x65, 0x40
.byte 0x56, 0x56, 0x65, 0x63, 0x74, 0x6f, 0x72, 0x33, 0x40, 0x41, 0x6f, 0x73, 0x40, 0x53, 0x63, 0x61
.byte 0x6c, 0x61, 0x72, 0x40, 0x56, 0x65, 0x63, 0x74, 0x6f, 0x72, 0x6d, 0x61, 0x74, 0x68, 0x40, 0x73
.byte 0x63, 0x65, 0x40, 0x40, 0x41, 0x41, 0x56, 0x31, 0x32, 0x33, 0x34, 0x35, 0x40, 0x4d, 0x40, 0x50
.byte 0x43, 0x61, 0x6c, 0x6c, 0x65, 0x72, 0x49, 0x6d, 0x70, 0x6c, 0x65, 0x6d, 0x65, 0x6e, 0x74, 0x61
.byte 0x74, 0x69, 0x6f, 0x6e, 0x31, 0x40, 0x50, 0x43, 0x61, 0x6c, 0x6c, 0x65, 0x72, 0x49, 0x6d, 0x70
.byte 0x6c, 0x65, 0x6d, 0x65, 0x6e, 0x74, 0x61, 0x74, 0x69, 0x6f, 0x6e, 0x40, 0x50, 0x49, 0x6e, 0x74
.byte 0x65, 0x72, 0x6e, 0x61, 0x6c, 0x40, 0x50, 0x68, 0x79, 0x72, 0x65, 0x40, 0x40, 0x00, 0x00, 0x00
.byte 0x00, 0x00, 0x00, 0x00
.globl _sym_00c0dac8
_sym_00c0dac8:
.long _sym_00b69fe8
.byte 0x00, 0x00, 0x00, 0x00, 0x2e, 0x3f, 0x41, 0x56, 0x3f, 0x24, 0x50, 0x4d, 0x65, 0x74, 0x68, 0x6f
.byte 0x64, 0x43, 0x61, 0x6c, 0x6c, 0x65, 0x72, 0x43, 0x6f, 0x6e, 0x63, 0x72, 0x65, 0x74, 0x65, 0x40
.byte 0x56, 0x50, 0x6f, 0x69, 0x6e, 0x74, 0x33, 0x40, 0x41, 0x6f, 0x73, 0x40, 0x53, 0x63, 0x61, 0x6c
.byte 0x61, 0x72, 0x40, 0x56, 0x65, 0x63, 0x74, 0x6f, 0x72, 0x6d, 0x61, 0x74, 0x68, 0x40, 0x73, 0x63
.byte 0x65, 0x40, 0x40, 0x41, 0x41, 0x56, 0x31, 0x32, 0x33, 0x34, 0x35, 0x40, 0x4d, 0x40, 0x50, 0x43
.byte 0x61, 0x6c, 0x6c, 0x65, 0x72, 0x49, 0x6d, 0x70, 0x6c, 0x65, 0x6d, 0x65, 0x6e, 0x74, 0x61, 0x74
.byte 0x69, 0x6f, 0x6e, 0x31, 0x40, 0x50, 0x43, 0x61, 0x6c, 0x6c, 0x65, 0x72, 0x49, 0x6d, 0x70, 0x6c
.byte 0x65, 0x6d, 0x65, 0x6e, 0x74, 0x61, 0x74, 0x69, 0x6f, 0x6e, 0x40, 0x50, 0x49, 0x6e, 0x74, 0x65
.byte 0x72, 0x6e, 0x61, 0x6c, 0x40, 0x50, 0x68, 0x79, 0x72, 0x65, 0x40, 0x40, 0x00, 0x00, 0x00, 0x00
.byte 0x00, 0x00, 0x00, 0x00
.globl _sym_00c0db60
_sym_00c0db60:
.long _sym_00b69fe8
.byte 0x00, 0x00, 0x00, 0x00, 0x2e, 0x3f, 0x41, 0x56, 0x3f, 0x24, 0x50, 0x4d, 0x65, 0x74, 0x68, 0x6f
.byte 0x64, 0x43, 0x61, 0x6c, 0x6c, 0x65, 0x72, 0x43, 0x6f, 0x6e, 0x63, 0x72, 0x65, 0x74, 0x65, 0x40
.byte 0x56, 0x56, 0x65, 0x63, 0x74, 0x6f, 0x72, 0x34, 0x40, 0x41, 0x6f, 0x73, 0x40, 0x53, 0x63, 0x61
.byte 0x6c, 0x61, 0x72, 0x40, 0x56, 0x65, 0x63, 0x74, 0x6f, 0x72, 0x6d, 0x61, 0x74, 0x68, 0x40, 0x73
.byte 0x63, 0x65, 0x40, 0x40, 0x41, 0x41, 0x56, 0x31, 0x32, 0x33, 0x34, 0x35, 0x40, 0x4d, 0x40, 0x50
.byte 0x43, 0x61, 0x6c, 0x6c, 0x65, 0x72, 0x49, 0x6d, 0x70, 0x6c, 0x65, 0x6d, 0x65, 0x6e, 0x74, 0x61
.byte 0x74, 0x69, 0x6f, 0x6e, 0x31, 0x40, 0x50, 0x43, 0x61, 0x6c, 0x6c, 0x65, 0x72, 0x49, 0x6d, 0x70
.byte 0x6c, 0x65, 0x6d, 0x65, 0x6e, 0x74, 0x61, 0x74, 0x69, 0x6f, 0x6e, 0x40, 0x50, 0x49, 0x6e, 0x74
.byte 0x65, 0x72, 0x6e, 0x61, 0x6c, 0x40, 0x50, 0x68, 0x79, 0x72, 0x65, 0x40, 0x40, 0x00, 0x00, 0x00
.byte 0x00, 0x00, 0x00, 0x00
.globl _sym_00c0dbf8
_sym_00c0dbf8:
.long _sym_00b69fe8
.byte 0x00, 0x00, 0x00, 0x00, 0x2e, 0x3f, 0x41, 0x56, 0x3f, 0x24, 0x50, 0x4d, 0x65, 0x74, 0x68, 0x6f
.byte 0x64, 0x43, 0x61, 0x6c, 0x6c, 0x65, 0x72, 0x43, 0x6f, 0x6e, 0x63, 0x72, 0x65, 0x74, 0x65, 0x40
.byte 0x56, 0x51, 0x75, 0x61, 0x74, 0x40, 0x41, 0x6f, 0x73, 0x40, 0x53, 0x63, 0x61, 0x6c, 0x61, 0x72
.byte 0x40, 0x56, 0x65, 0x63, 0x74, 0x6f, 0x72, 0x6d, 0x61, 0x74, 0x68, 0x40, 0x73, 0x63, 0x65, 0x40
.byte 0x40, 0x41, 0x41, 0x56, 0x31, 0x32, 0x33, 0x34, 0x35, 0x40, 0x4d, 0x40, 0x50, 0x43, 0x61, 0x6c
.byte 0x6c, 0x65, 0x72, 0x49, 0x6d, 0x70, 0x6c, 0x65, 0x6d, 0x65, 0x6e, 0x74, 0x61, 0x74, 0x69, 0x6f
.byte 0x6e, 0x31, 0x40, 0x50, 0x43, 0x61, 0x6c, 0x6c, 0x65, 0x72, 0x49, 0x6d, 0x70, 0x6c, 0x65, 0x6d
.byte 0x65, 0x6e, 0x74, 0x61, 0x74, 0x69, 0x6f, 0x6e, 0x40, 0x50, 0x49, 0x6e, 0x74, 0x65, 0x72, 0x6e
.byte 0x61, 0x6c, 0x40, 0x50, 0x68, 0x79, 0x72, 0x65, 0x40, 0x40, 0x00, 0x00
.globl _sym_00c0dc88
_sym_00c0dc88:
.long _sym_00b69fe8
.byte 0x00, 0x00, 0x00, 0x00, 0x2e, 0x3f, 0x41, 0x56, 0x3f, 0x24, 0x50, 0x43, 0x6c, 0x61, 0x73, 0x73
.byte 0x44, 0x65, 0x73, 0x63, 0x72, 0x69, 0x70, 0x74, 0x6f, 0x72, 0x57, 0x72, 0x61, 0x70, 0x70, 0x65
.byte 0x72, 0x40, 0x56, 0x50, 0x4d, 0x61, 0x74, 0x72, 0x69, 0x78, 0x34, 0x78, 0x33, 0x40, 0x50, 0x68
.byte 0x79, 0x72, 0x65, 0x40, 0x40, 0x40, 0x50, 0x68, 0x79, 0x72, 0x65, 0x40, 0x40, 0x00, 0x00, 0x00
.byte 0x00, 0x00, 0x00, 0x00
.globl _sym_00c0dcd0
_sym_00c0dcd0:
.long _sym_00b69fe8
.byte 0x00, 0x00, 0x00, 0x00, 0x2e, 0x3f, 0x41, 0x56, 0x3f, 0x24, 0x50, 0x43, 0x6c, 0x61, 0x73, 0x73
.byte 0x44, 0x65, 0x73, 0x63, 0x72, 0x69, 0x70, 0x74, 0x6f, 0x72, 0x46, 0x6f, 0x72, 0x54, 0x79, 0x70
.byte 0x65, 0x40, 0x56, 0x50, 0x4d, 0x61, 0x74, 0x72, 0x69, 0x78, 0x34, 0x78, 0x33, 0x40, 0x50, 0x68
.byte 0x79, 0x72, 0x65, 0x40, 0x40, 0x40, 0x50, 0x68, 0x79, 0x72, 0x65, 0x40, 0x40, 0x00, 0x00, 0x00
.byte 0x00, 0x00, 0x00, 0x00
.globl _sym_00c0dd18
_sym_00c0dd18:
.long _sym_00b69fe8
.byte 0x00, 0x00, 0x00, 0x00, 0x2e, 0x3f, 0x41, 0x56, 0x3f, 0x24, 0x50, 0x4d, 0x65, 0x74, 0x68, 0x6f
.byte 0x64, 0x43, 0x61, 0x6c, 0x6c, 0x65, 0x72, 0x43, 0x6f, 0x6e, 0x63, 0x72, 0x65, 0x74, 0x65, 0x40
.byte 0x56, 0x50, 0x4d, 0x61, 0x74, 0x72, 0x69, 0x78, 0x34, 0x78, 0x33, 0x40, 0x50, 0x68, 0x79, 0x72
.byte 0x65, 0x40, 0x40, 0x41, 0x41, 0x56, 0x31, 0x32, 0x40, 0x41, 0x42, 0x56, 0x56, 0x65, 0x63, 0x74
.byte 0x6f, 0x72, 0x33, 0x40, 0x41, 0x6f, 0x73, 0x40, 0x53, 0x63, 0x61, 0x6c, 0x61, 0x72, 0x40, 0x56
.byte 0x65, 0x63, 0x74, 0x6f, 0x72, 0x6d, 0x61, 0x74, 0x68, 0x40, 0x73, 0x63, 0x65, 0x40, 0x40, 0x40
.byte 0x50, 0x43, 0x61, 0x6c, 0x6c, 0x65, 0x72, 0x49, 0x6d, 0x70, 0x6c, 0x65, 0x6d, 0x65, 0x6e, 0x74
.byte 0x61, 0x74, 0x69, 0x6f, 0x6e, 0x31, 0x40, 0x50, 0x43, 0x61, 0x6c, 0x6c, 0x65, 0x72, 0x49, 0x6d
.byte 0x70, 0x6c, 0x65, 0x6d, 0x65, 0x6e, 0x74, 0x61, 0x74, 0x69, 0x6f, 0x6e, 0x40, 0x50, 0x49, 0x6e
.byte 0x74, 0x65, 0x72, 0x6e, 0x61, 0x6c, 0x40, 0x50, 0x68, 0x79, 0x72, 0x65, 0x40, 0x40, 0x00, 0x00
.byte 0x00, 0x00, 0x00, 0x00
.globl _sym_00c0ddc0
_sym_00c0ddc0:
.long _sym_00b69fe8
.byte 0x00, 0x00, 0x00, 0x00, 0x2e, 0x3f, 0x41, 0x56, 0x3f, 0x24, 0x50, 0x43, 0x6c, 0x61, 0x73, 0x73
.byte 0x44, 0x65, 0x73, 0x63, 0x72, 0x69, 0x70, 0x74, 0x6f, 0x72, 0x43, 0x6f, 0x6e, 0x63, 0x72, 0x65
.byte 0x74, 0x65, 0x40, 0x56, 0x50, 0x43, 0x6c, 0x75, 0x73, 0x74, 0x65, 0x72, 0x48, 0x65, 0x61, 0x64
.byte 0x65, 0x72, 0x42, 0x61, 0x73, 0x65, 0x40, 0x50, 0x42, 0x69, 0x6e, 0x61, 0x72, 0x79, 0x40, 0x50
.byte 0x53, 0x65, 0x72, 0x69, 0x61, 0x6c, 0x69, 0x7a, 0x61, 0x74, 0x69, 0x6f, 0x6e, 0x40, 0x50, 0x68
.byte 0x79, 0x72, 0x65, 0x40, 0x40, 0x40, 0x50, 0x68, 0x79, 0x72, 0x65, 0x40, 0x40, 0x00, 0x00, 0x00
.byte 0x00, 0x00, 0x00, 0x00
.globl _sym_00c0de28
_sym_00c0de28:
.long _sym_00b69fe8
.byte 0x00, 0x00, 0x00, 0x00, 0x2e, 0x3f, 0x41, 0x56, 0x3f, 0x24, 0x50, 0x43, 0x6c, 0x61, 0x73, 0x73
.byte 0x44, 0x65, 0x73, 0x63, 0x72, 0x69, 0x70, 0x74, 0x6f, 0x72, 0x41, 0x62, 0x73, 0x74, 0x72, 0x61
.byte 0x63, 0x74, 0x40, 0x56, 0x50, 0x43, 0x6c, 0x75, 0x73, 0x74, 0x65, 0x72, 0x48, 0x65, 0x61, 0x64
.byte 0x65, 0x72, 0x42, 0x61, 0x73, 0x65, 0x40, 0x50, 0x42, 0x69, 0x6e, 0x61, 0x72, 0x79, 0x40, 0x50
.byte 0x53, 0x65, 0x72, 0x69, 0x61, 0x6c, 0x69, 0x7a, 0x61, 0x74, 0x69, 0x6f, 0x6e, 0x40, 0x50, 0x68
.byte 0x79, 0x72, 0x65, 0x40, 0x40, 0x40, 0x50, 0x68, 0x79, 0x72, 0x65, 0x40, 0x40, 0x00, 0x00, 0x00
.byte 0x00, 0x00, 0x00, 0x00
.globl _sym_00c0de90
_sym_00c0de90:
.long _sym_00b69fe8
.byte 0x00, 0x00, 0x00, 0x00, 0x2e, 0x3f, 0x41, 0x56, 0x3f, 0x24, 0x50, 0x43, 0x6c, 0x61, 0x73, 0x73
.byte 0x44, 0x65, 0x73, 0x63, 0x72, 0x69, 0x70, 0x74, 0x6f, 0x72, 0x46, 0x6f, 0x72, 0x54, 0x79, 0x70
.byte 0x65, 0x40, 0x56, 0x50, 0x43, 0x6c, 0x75, 0x73, 0x74, 0x65, 0x72, 0x48, 0x65, 0x61, 0x64, 0x65
.byte 0x72, 0x42, 0x61, 0x73, 0x65, 0x40, 0x50, 0x42, 0x69, 0x6e, 0x61, 0x72, 0x79, 0x40, 0x50, 0x53
.byte 0x65, 0x72, 0x69, 0x61, 0x6c, 0x69, 0x7a, 0x61, 0x74, 0x69, 0x6f, 0x6e, 0x40, 0x50, 0x68, 0x79
.byte 0x72, 0x65, 0x40, 0x40, 0x40, 0x50, 0x68, 0x79, 0x72, 0x65, 0x40, 0x40, 0x00, 0x00, 0x00, 0x00
.byte 0x00, 0x00, 0x00, 0x00
.globl _sym_00c0def8
_sym_00c0def8:
.long _sym_00b69fe8
.byte 0x00, 0x00, 0x00, 0x00, 0x2e, 0x3f, 0x41, 0x56, 0x3f, 0x24, 0x50, 0x43, 0x6c, 0x61, 0x73, 0x73
.byte 0x44, 0x65, 0x73, 0x63, 0x72, 0x69, 0x70, 0x74, 0x6f, 0x72, 0x43, 0x6f, 0x6e, 0x63, 0x72, 0x65
.byte 0x74, 0x65, 0x40, 0x56, 0x50, 0x43, 0x6c, 0x75, 0x73, 0x74, 0x65, 0x72, 0x48, 0x65, 0x61, 0x64
.byte 0x65, 0x72, 0x40, 0x50, 0x42, 0x69, 0x6e, 0x61, 0x72, 0x79, 0x40, 0x50, 0x53, 0x65, 0x72, 0x69
.byte 0x61, 0x6c, 0x69, 0x7a, 0x61, 0x74, 0x69, 0x6f, 0x6e, 0x40, 0x50, 0x68, 0x79, 0x72, 0x65, 0x40
.byte 0x40, 0x40, 0x50, 0x68, 0x79, 0x72, 0x65, 0x40, 0x40, 0x00, 0x00, 0x00
.globl _sym_00c0df58
_sym_00c0df58:
.long _sym_00b69fe8
.byte 0x00, 0x00, 0x00, 0x00, 0x2e, 0x3f, 0x41, 0x56, 0x3f, 0x24, 0x50, 0x43, 0x6c, 0x61, 0x73, 0x73
.byte 0x44, 0x65, 0x73, 0x63, 0x72, 0x69, 0x70, 0x74, 0x6f, 0x72, 0x41, 0x62, 0x73, 0x74, 0x72, 0x61
.byte 0x63, 0x74, 0x40, 0x56, 0x50, 0x43, 0x6c, 0x75, 0x73, 0x74, 0x65, 0x72, 0x48, 0x65, 0x61, 0x64
.byte 0x65, 0x72, 0x40, 0x50, 0x42, 0x69, 0x6e, 0x61, 0x72, 0x79, 0x40, 0x50, 0x53, 0x65, 0x72, 0x69
.byte 0x61, 0x6c, 0x69, 0x7a, 0x61, 0x74, 0x69, 0x6f, 0x6e, 0x40, 0x50, 0x68, 0x79, 0x72, 0x65, 0x40
.byte 0x40, 0x40, 0x50, 0x68, 0x79, 0x72, 0x65, 0x40, 0x40, 0x00, 0x00, 0x00
.globl _sym_00c0dfb8
_sym_00c0dfb8:
.long _sym_00b69fe8
.byte 0x00, 0x00, 0x00, 0x00, 0x2e, 0x3f, 0x41, 0x56, 0x3f, 0x24, 0x50, 0x43, 0x6c, 0x61, 0x73, 0x73
.byte 0x44, 0x65, 0x73, 0x63, 0x72, 0x69, 0x70, 0x74, 0x6f, 0x72, 0x46, 0x6f, 0x72, 0x54, 0x79, 0x70
.byte 0x65, 0x40, 0x56, 0x50, 0x43, 0x6c, 0x75, 0x73, 0x74, 0x65, 0x72, 0x48, 0x65, 0x61, 0x64, 0x65
.byte 0x72, 0x40, 0x50, 0x42, 0x69, 0x6e, 0x61, 0x72, 0x79, 0x40, 0x50, 0x53, 0x65, 0x72, 0x69, 0x61
.byte 0x6c, 0x69, 0x7a, 0x61, 0x74, 0x69, 0x6f, 0x6e, 0x40, 0x50, 0x68, 0x79, 0x72, 0x65, 0x40, 0x40
.byte 0x40, 0x50, 0x68, 0x79, 0x72, 0x65, 0x40, 0x40, 0x00, 0x00, 0x00, 0x00
.globl _sym_00c0e018
_sym_00c0e018:
.long _sym_00b69fe8
.byte 0x00, 0x00, 0x00, 0x00, 0x2e, 0x3f, 0x41, 0x56, 0x3f, 0x24, 0x50, 0x43, 0x6c, 0x61, 0x73, 0x73
.byte 0x44, 0x65, 0x73, 0x63, 0x72, 0x69, 0x70, 0x74, 0x6f, 0x72, 0x43, 0x6f, 0x6e, 0x63, 0x72, 0x65
.byte 0x74, 0x65, 0x40, 0x56, 0x50, 0x43, 0x6c, 0x75, 0x73, 0x74, 0x65, 0x72, 0x48, 0x65, 0x61, 0x64
.byte 0x65, 0x72, 0x44, 0x33, 0x44, 0x31, 0x31, 0x40, 0x50, 0x42, 0x69, 0x6e, 0x61, 0x72, 0x79, 0x40
.byte 0x50, 0x53, 0x65, 0x72, 0x69, 0x61, 0x6c, 0x69, 0x7a, 0x61, 0x74, 0x69, 0x6f, 0x6e, 0x40, 0x50
.byte 0x68, 0x79, 0x72, 0x65, 0x40, 0x40, 0x40, 0x50, 0x68, 0x79, 0x72, 0x65, 0x40, 0x40, 0x00, 0x00
.byte 0x00, 0x00, 0x00, 0x00
.globl _sym_00c0e080
_sym_00c0e080:
.long _sym_00b69fe8
.byte 0x00, 0x00, 0x00, 0x00, 0x2e, 0x3f, 0x41, 0x56, 0x3f, 0x24, 0x50, 0x43, 0x6c, 0x61, 0x73, 0x73
.byte 0x44, 0x65, 0x73, 0x63, 0x72, 0x69, 0x70, 0x74, 0x6f, 0x72, 0x41, 0x62, 0x73, 0x74, 0x72, 0x61
.byte 0x63, 0x74, 0x40, 0x56, 0x50, 0x43, 0x6c, 0x75, 0x73, 0x74, 0x65, 0x72, 0x48, 0x65, 0x61, 0x64
.byte 0x65, 0x72, 0x44, 0x33, 0x44, 0x31, 0x31, 0x40, 0x50, 0x42, 0x69, 0x6e, 0x61, 0x72, 0x79, 0x40
.byte 0x50, 0x53, 0x65, 0x72, 0x69, 0x61, 0x6c, 0x69, 0x7a, 0x61, 0x74, 0x69, 0x6f, 0x6e, 0x40, 0x50
.byte 0x68, 0x79, 0x72, 0x65, 0x40, 0x40, 0x40, 0x50, 0x68, 0x79, 0x72, 0x65, 0x40, 0x40, 0x00, 0x00
.byte 0x00, 0x00, 0x00, 0x00
.globl _sym_00c0e0e8
_sym_00c0e0e8:
.long _sym_00b69fe8
.byte 0x00, 0x00, 0x00, 0x00, 0x2e, 0x3f, 0x41, 0x56, 0x3f, 0x24, 0x50, 0x43, 0x6c, 0x61, 0x73, 0x73
.byte 0x44, 0x65, 0x73, 0x63, 0x72, 0x69, 0x70, 0x74, 0x6f, 0x72, 0x46, 0x6f, 0x72, 0x54, 0x79, 0x70
.byte 0x65, 0x40, 0x56, 0x50, 0x43, 0x6c, 0x75, 0x73, 0x74, 0x65, 0x72, 0x48, 0x65, 0x61, 0x64, 0x65
.byte 0x72, 0x44, 0x33, 0x44, 0x31, 0x31, 0x40, 0x50, 0x42, 0x69, 0x6e, 0x61, 0x72, 0x79, 0x40, 0x50
.byte 0x53, 0x65, 0x72, 0x69, 0x61, 0x6c, 0x69, 0x7a, 0x61, 0x74, 0x69, 0x6f, 0x6e, 0x40, 0x50, 0x68
.byte 0x79, 0x72, 0x65, 0x40, 0x40, 0x40, 0x50, 0x68, 0x79, 0x72, 0x65, 0x40, 0x40, 0x00, 0x00, 0x00
.byte 0x00, 0x00, 0x00, 0x00
.globl _sym_00c0e150
_sym_00c0e150:
.long _sym_00b69fe8
.byte 0x00, 0x00, 0x00, 0x00, 0x2e, 0x3f, 0x41, 0x56, 0x3f, 0x24, 0x50, 0x43, 0x6c, 0x61, 0x73, 0x73
.byte 0x44, 0x65, 0x73, 0x63, 0x72, 0x69, 0x70, 0x74, 0x6f, 0x72, 0x43, 0x6f, 0x6e, 0x63, 0x72, 0x65
.byte 0x74, 0x65, 0x40, 0x56, 0x50, 0x49, 0x6e, 0x73, 0x74, 0x61, 0x6e, 0x63, 0x65, 0x4c, 0x69, 0x73
.byte 0x74, 0x48, 0x65, 0x61, 0x64, 0x65, 0x72, 0x40, 0x50, 0x49, 0x6e, 0x74, 0x65, 0x72, 0x6e, 0x61
.byte 0x6c, 0x40, 0x50, 0x42, 0x69, 0x6e, 0x61, 0x72, 0x79, 0x40, 0x50, 0x53, 0x65, 0x72, 0x69, 0x61
.byte 0x6c, 0x69, 0x7a, 0x61, 0x74, 0x69, 0x6f, 0x6e, 0x40, 0x50, 0x68, 0x79, 0x72, 0x65, 0x40, 0x40
.byte 0x40, 0x50, 0x68, 0x79, 0x72, 0x65, 0x40, 0x40, 0x00, 0x00, 0x00, 0x00
.globl _sym_00c0e1c0
_sym_00c0e1c0:
.long _sym_00b69fe8
.byte 0x00, 0x00, 0x00, 0x00, 0x2e, 0x3f, 0x41, 0x56, 0x3f, 0x24, 0x50, 0x43, 0x6c, 0x61, 0x73, 0x73
.byte 0x44, 0x65, 0x73, 0x63, 0x72, 0x69, 0x70, 0x74, 0x6f, 0x72, 0x41, 0x62, 0x73, 0x74, 0x72, 0x61
.byte 0x63, 0x74, 0x40, 0x56, 0x50, 0x49, 0x6e, 0x73, 0x74, 0x61, 0x6e, 0x63, 0x65, 0x4c, 0x69, 0x73
.byte 0x74, 0x48, 0x65, 0x61, 0x64, 0x65, 0x72, 0x40, 0x50, 0x49, 0x6e, 0x74, 0x65, 0x72, 0x6e, 0x61
.byte 0x6c, 0x40, 0x50, 0x42, 0x69, 0x6e, 0x61, 0x72, 0x79, 0x40, 0x50, 0x53, 0x65, 0x72, 0x69, 0x61
.byte 0x6c, 0x69, 0x7a, 0x61, 0x74, 0x69, 0x6f, 0x6e, 0x40, 0x50, 0x68, 0x79, 0x72, 0x65, 0x40, 0x40
.byte 0x40, 0x50, 0x68, 0x79, 0x72, 0x65, 0x40, 0x40, 0x00, 0x00, 0x00, 0x00
.globl _sym_00c0e230
_sym_00c0e230:
.long _sym_00b69fe8
.byte 0x00, 0x00, 0x00, 0x00, 0x2e, 0x3f, 0x41, 0x56, 0x3f, 0x24, 0x50, 0x43, 0x6c, 0x61, 0x73, 0x73
.byte 0x44, 0x65, 0x73, 0x63, 0x72, 0x69, 0x70, 0x74, 0x6f, 0x72, 0x46, 0x6f, 0x72, 0x54, 0x79, 0x70
.byte 0x65, 0x40, 0x56, 0x50, 0x49, 0x6e, 0x73, 0x74, 0x61, 0x6e, 0x63, 0x65, 0x4c, 0x69, 0x73, 0x74
.byte 0x48, 0x65, 0x61, 0x64, 0x65, 0x72, 0x40, 0x50, 0x49, 0x6e, 0x74, 0x65, 0x72, 0x6e, 0x61, 0x6c
.byte 0x40, 0x50, 0x42, 0x69, 0x6e, 0x61, 0x72, 0x79, 0x40, 0x50, 0x53, 0x65, 0x72, 0x69, 0x61, 0x6c
.byte 0x69, 0x7a, 0x61, 0x74, 0x69, 0x6f, 0x6e, 0x40, 0x50, 0x68, 0x79, 0x72, 0x65, 0x40, 0x40, 0x40
.byte 0x50, 0x68, 0x79, 0x72, 0x65, 0x40, 0x40, 0x00
.globl _sym_00c0e29c
_sym_00c0e29c:
.long _sym_00b69fe8
.byte 0x00, 0x00, 0x00, 0x00, 0x2e, 0x3f, 0x41, 0x56, 0x50, 0x43, 0x6c, 0x61, 0x73, 0x73, 0x4c, 0x61
.byte 0x79, 0x6f, 0x75, 0x74, 0x49, 0x6e, 0x74, 0x65, 0x72, 0x66, 0x61, 0x63, 0x65, 0x40, 0x50, 0x68
.byte 0x79, 0x72, 0x65, 0x40, 0x40, 0x00, 0x00, 0x00
.globl _sym_00c0e2c8
_sym_00c0e2c8:
.long _sym_00b69fe8
.byte 0x00, 0x00, 0x00, 0x00, 0x2e, 0x3f, 0x41, 0x56, 0x50, 0x49, 0x43, 0x68, 0x69, 0x6c, 0x64, 0x43
.byte 0x6c, 0x61, 0x73, 0x73, 0x56, 0x69, 0x73, 0x69, 0x74, 0x6f, 0x72, 0x40, 0x50, 0x68, 0x79, 0x72
.byte 0x65, 0x40, 0x40, 0x00
.globl _sym_00c0e2f0
_sym_00c0e2f0:
.long _sym_00c0e2f0
.long _sym_00c0e2f0
.long _sym_00c0e2f0
.long _sym_00c0e2f0
.long _sym_00c0e2f0
.long _sym_00c0e2f0
.globl _sym_00c0e308
_sym_00c0e308:
.long _sym_00b69fe8
.byte 0x00, 0x00, 0x00, 0x00, 0x2e, 0x3f, 0x41, 0x56, 0x50, 0x53, 0x65, 0x72, 0x69, 0x61, 0x6c, 0x69
.byte 0x7a, 0x65, 0x64, 0x43, 0x6c, 0x61, 0x73, 0x73, 0x4c, 0x61, 0x79, 0x6f, 0x75, 0x74, 0x49, 0x6e
.byte 0x74, 0x65, 0x72, 0x66, 0x61, 0x63, 0x65, 0x40, 0x50, 0x49, 0x6e, 0x74, 0x65, 0x72, 0x6e, 0x61
.byte 0x6c, 0x40, 0x50, 0x42, 0x69, 0x6e, 0x61, 0x72, 0x79, 0x40, 0x50, 0x53, 0x65, 0x72, 0x69, 0x61
.byte 0x6c, 0x69, 0x7a, 0x61, 0x74, 0x69, 0x6f, 0x6e, 0x40, 0x50, 0x68, 0x79, 0x72, 0x65, 0x40, 0x40
.byte 0x00, 0x00, 0x00, 0x00
.globl _sym_00c0e360
_sym_00c0e360:
.long _sym_00b69fe8
.byte 0x00, 0x00, 0x00, 0x00, 0x2e, 0x3f, 0x41, 0x56, 0x50, 0x46, 0x69, 0x6e, 0x64, 0x4e, 0x65, 0x73
.byte 0x74, 0x65, 0x64, 0x43, 0x6c, 0x61, 0x73, 0x73, 0x56, 0x69, 0x73, 0x69, 0x74, 0x6f, 0x72, 0x40
.byte 0x50, 0x49, 0x6e, 0x74, 0x65, 0x72, 0x6e, 0x61, 0x6c, 0x40, 0x50, 0x42, 0x69, 0x6e, 0x61, 0x72
.byte 0x79, 0x40, 0x50, 0x53, 0x65, 0x72, 0x69, 0x61, 0x6c, 0x69, 0x7a, 0x61, 0x74, 0x69, 0x6f, 0x6e
.byte 0x40, 0x50, 0x68, 0x79, 0x72, 0x65, 0x40, 0x40, 0x00, 0x00, 0x00, 0x00
.globl _sym_00c0e3b0
_sym_00c0e3b0:
.long _sym_00b69fe8
.byte 0x00, 0x00, 0x00, 0x00, 0x2e, 0x3f, 0x41, 0x56, 0x3f, 0x24, 0x50, 0x4e, 0x61, 0x6d, 0x65, 0x64
.byte 0x53, 0x65, 0x6d, 0x61, 0x6e, 0x74, 0x69, 0x63, 0x44, 0x65, 0x73, 0x63, 0x72, 0x69, 0x70, 0x74
.byte 0x6f, 0x72, 0x46, 0x6f, 0x72, 0x54, 0x79, 0x70, 0x65, 0x40, 0x56, 0x50, 0x52, 0x65, 0x6e, 0x64
.byte 0x65, 0x72, 0x44, 0x61, 0x74, 0x61, 0x54, 0x79, 0x70, 0x65, 0x40, 0x50, 0x47, 0x65, 0x6f, 0x6d
.byte 0x65, 0x74, 0x72, 0x79, 0x40, 0x50, 0x68, 0x79, 0x72, 0x65, 0x40, 0x40, 0x40, 0x50, 0x68, 0x79
.byte 0x72, 0x65, 0x40, 0x40, 0x00, 0x00, 0x00, 0x00
.globl _sym_00c0e40c
_sym_00c0e40c:
.long _sym_00b69fe8
.byte 0x00, 0x00, 0x00, 0x00, 0x2e, 0x3f, 0x41, 0x56, 0x50, 0x4e, 0x61, 0x6d, 0x65, 0x64, 0x53, 0x65
.byte 0x6d, 0x61, 0x6e, 0x74, 0x69, 0x63, 0x44, 0x65, 0x73, 0x63, 0x72, 0x69, 0x70, 0x74, 0x6f, 0x72
.byte 0x40, 0x50, 0x68, 0x79, 0x72, 0x65, 0x40, 0x40, 0x00, 0x00, 0x00, 0x00, 0x00, 0x00, 0x00, 0x00
.globl _sym_00c0e440
_sym_00c0e440:
.long _sym_00b69fe8
.byte 0x00, 0x00, 0x00, 0x00, 0x2e, 0x3f, 0x41, 0x56, 0x3f, 0x24, 0x50, 0x53, 0x69, 0x6d, 0x70, 0x6c
.byte 0x65, 0x44, 0x6f, 0x75, 0x62, 0x6c, 0x65, 0x4c, 0x69, 0x73, 0x74, 0x45, 0x6c, 0x65, 0x6d, 0x65
.byte 0x6e, 0x74, 0x40, 0x56, 0x50, 0x4e, 0x61, 0x6d, 0x65, 0x64, 0x53, 0x65, 0x6d, 0x61, 0x6e, 0x74
.byte 0x69, 0x63, 0x44, 0x65, 0x73, 0x63, 0x72, 0x69, 0x70, 0x74, 0x6f, 0x72, 0x40, 0x50, 0x68, 0x79
.byte 0x72, 0x65, 0x40, 0x40, 0x40, 0x50, 0x68, 0x79, 0x72, 0x65, 0x40, 0x40, 0x00, 0x00, 0x00, 0x00
.byte 0x00, 0x00, 0x00, 0x00
.globl _sym_00c0e498
_sym_00c0e498:
.long _sym_00b69fe8
.byte 0x00, 0x00, 0x00, 0x00, 0x2e, 0x3f, 0x41, 0x56, 0x3f, 0x24, 0x50, 0x43, 0x6c, 0x61, 0x73, 0x73
.byte 0x44, 0x65, 0x73, 0x63, 0x72, 0x69, 0x70, 0x74, 0x6f, 0x72, 0x43, 0x6f, 0x6e, 0x63, 0x72, 0x65
.byte 0x74, 0x65, 0x40, 0x56, 0x50, 0x56, 0x65, 0x72, 0x74, 0x65, 0x78, 0x53, 0x74, 0x72, 0x65, 0x61
.byte 0x6d, 0x40, 0x50, 0x47, 0x65, 0x6f, 0x6d, 0x65, 0x74, 0x72, 0x79, 0x40, 0x50, 0x68, 0x79, 0x72
.byte 0x65, 0x40, 0x40, 0x40, 0x50, 0x68, 0x79, 0x72, 0x65, 0x40, 0x40, 0x00
.globl _sym_00c0e4e8
_sym_00c0e4e8:
.long _sym_00b69fe8
.byte 0x00, 0x00, 0x00, 0x00, 0x2e, 0x3f, 0x41, 0x56, 0x3f, 0x24, 0x50, 0x43, 0x6c, 0x61, 0x73, 0x73
.byte 0x44, 0x65, 0x73, 0x63, 0x72, 0x69, 0x70, 0x74, 0x6f, 0x72, 0x41, 0x62, 0x73, 0x74, 0x72, 0x61
.byte 0x63, 0x74, 0x40, 0x56, 0x50, 0x56, 0x65, 0x72, 0x74, 0x65, 0x78, 0x53, 0x74, 0x72, 0x65, 0x61
.byte 0x6d, 0x40, 0x50, 0x47, 0x65, 0x6f, 0x6d, 0x65, 0x74, 0x72, 0x79, 0x40, 0x50, 0x68, 0x79, 0x72
.byte 0x65, 0x40, 0x40, 0x40, 0x50, 0x68, 0x79, 0x72, 0x65, 0x40, 0x40, 0x00
.globl _sym_00c0e538
_sym_00c0e538:
.long _sym_00b69fe8
.byte 0x00, 0x00, 0x00, 0x00, 0x2e, 0x3f, 0x41, 0x56, 0x3f, 0x24, 0x50, 0x43, 0x6c, 0x61, 0x73, 0x73
.byte 0x44, 0x65, 0x73, 0x63, 0x72, 0x69, 0x70, 0x74, 0x6f, 0x72, 0x46, 0x6f, 0x72, 0x54, 0x79, 0x70
.byte 0x65, 0x40, 0x56, 0x50, 0x56, 0x65, 0x72, 0x74, 0x65, 0x78, 0x53, 0x74, 0x72, 0x65, 0x61, 0x6d
.byte 0x40, 0x50, 0x47, 0x65, 0x6f, 0x6d, 0x65, 0x74, 0x72, 0x79, 0x40, 0x50, 0x68, 0x79, 0x72, 0x65
.byte 0x40, 0x40, 0x40, 0x50, 0x68, 0x79, 0x72, 0x65, 0x40, 0x40, 0x00, 0x00
.globl _sym_00c0e588
_sym_00c0e588:
.long _sym_00b69fe8
.byte 0x00, 0x00, 0x00, 0x00, 0x2e, 0x3f, 0x41, 0x56, 0x3f, 0x24, 0x50, 0x43, 0x6c, 0x61, 0x73, 0x73
.byte 0x44, 0x65, 0x73, 0x63, 0x72, 0x69, 0x70, 0x74, 0x6f, 0x72, 0x43, 0x6f, 0x6e, 0x63, 0x72, 0x65
.byte 0x74, 0x65, 0x40, 0x56, 0x50, 0x44, 0x61, 0x74, 0x61, 0x42, 0x6c, 0x6f, 0x63, 0x6b, 0x42, 0x61
.byte 0x73, 0x65, 0x40, 0x50, 0x47, 0x65, 0x6f, 0x6d, 0x65, 0x74, 0x72, 0x79, 0x40, 0x50, 0x68, 0x79
.byte 0x72, 0x65, 0x40, 0x40, 0x40, 0x50, 0x68, 0x79, 0x72, 0x65, 0x40, 0x40, 0x00, 0x00, 0x00, 0x00
.byte 0x00, 0x00, 0x00, 0x00
.globl _sym_00c0e5e0
_sym_00c0e5e0:
.long _sym_00b69fe8
.byte 0x00, 0x00, 0x00, 0x00, 0x2e, 0x3f, 0x41, 0x56, 0x3f, 0x24, 0x50, 0x43, 0x6c, 0x61, 0x73, 0x73
.byte 0x44, 0x65, 0x73, 0x63, 0x72, 0x69, 0x70, 0x74, 0x6f, 0x72, 0x41, 0x62, 0x73, 0x74, 0x72, 0x61
.byte 0x63, 0x74, 0x40, 0x56, 0x50, 0x44, 0x61, 0x74, 0x61, 0x42, 0x6c, 0x6f, 0x63, 0x6b, 0x42, 0x61
.byte 0x73, 0x65, 0x40, 0x50, 0x47, 0x65, 0x6f, 0x6d, 0x65, 0x74, 0x72, 0x79, 0x40, 0x50, 0x68, 0x79
.byte 0x72, 0x65, 0x40, 0x40, 0x40, 0x50, 0x68, 0x79, 0x72, 0x65, 0x40, 0x40, 0x00, 0x00, 0x00, 0x00
.byte 0x00, 0x00, 0x00, 0x00
.globl _sym_00c0e638
_sym_00c0e638:
.long _sym_00b69fe8
.byte 0x00, 0x00, 0x00, 0x00, 0x2e, 0x3f, 0x41, 0x56, 0x3f, 0x24, 0x50, 0x43, 0x6c, 0x61, 0x73, 0x73
.byte 0x44, 0x65, 0x73, 0x63, 0x72, 0x69, 0x70, 0x74, 0x6f, 0x72, 0x46, 0x6f, 0x72, 0x54, 0x79, 0x70
.byte 0x65, 0x40, 0x56, 0x50, 0x44, 0x61, 0x74, 0x61, 0x42, 0x6c, 0x6f, 0x63, 0x6b, 0x42, 0x61, 0x73
.byte 0x65, 0x40, 0x50, 0x47, 0x65, 0x6f, 0x6d, 0x65, 0x74, 0x72, 0x79, 0x40, 0x50, 0x68, 0x79, 0x72
.byte 0x65, 0x40, 0x40, 0x40, 0x50, 0x68, 0x79, 0x72, 0x65, 0x40, 0x40, 0x00
.globl _sym_00c0e688
_sym_00c0e688:
.long _sym_00b69fe8
.byte 0x00, 0x00, 0x00, 0x00, 0x2e, 0x3f, 0x41, 0x56, 0x3f, 0x24, 0x50, 0x43, 0x6c, 0x61, 0x73, 0x73
.byte 0x44, 0x65, 0x73, 0x63, 0x72, 0x69, 0x70, 0x74, 0x6f, 0x72, 0x43, 0x6f, 0x6e, 0x63, 0x72, 0x65
.byte 0x74, 0x65, 0x40, 0x56, 0x50, 0x44, 0x61, 0x74, 0x61, 0x42, 0x6c, 0x6f, 0x63, 0x6b, 0x40, 0x50
.byte 0x47, 0x65, 0x6f, 0x6d, 0x65, 0x74, 0x72, 0x79, 0x40, 0x50, 0x68, 0x79, 0x72, 0x65, 0x40, 0x40
.byte 0x40, 0x50, 0x68, 0x79, 0x72, 0x65, 0x40, 0x40, 0x00, 0x00, 0x00, 0x00
.globl _sym_00c0e6d8
_sym_00c0e6d8:
.long _sym_00b69fe8
.byte 0x00, 0x00, 0x00, 0x00, 0x2e, 0x3f, 0x41, 0x56, 0x3f, 0x24, 0x50, 0x43, 0x6c, 0x61, 0x73, 0x73
.byte 0x44, 0x65, 0x73, 0x63, 0x72, 0x69, 0x70, 0x74, 0x6f, 0x72, 0x41, 0x62, 0x73, 0x74, 0x72, 0x61
.byte 0x63, 0x74, 0x40, 0x56, 0x50, 0x44, 0x61, 0x74, 0x61, 0x42, 0x6c, 0x6f, 0x63, 0x6b, 0x40, 0x50
.byte 0x47, 0x65, 0x6f, 0x6d, 0x65, 0x74, 0x72, 0x79, 0x40, 0x50, 0x68, 0x79, 0x72, 0x65, 0x40, 0x40
.byte 0x40, 0x50, 0x68, 0x79, 0x72, 0x65, 0x40, 0x40, 0x00, 0x00, 0x00, 0x00
.globl _sym_00c0e728
_sym_00c0e728:
.long _sym_00b69fe8
.byte 0x00, 0x00, 0x00, 0x00, 0x2e, 0x3f, 0x41, 0x56, 0x3f, 0x24, 0x50, 0x43, 0x6c, 0x61, 0x73, 0x73
.byte 0x44, 0x65, 0x73, 0x63, 0x72, 0x69, 0x70, 0x74, 0x6f, 0x72, 0x46, 0x6f, 0x72, 0x54, 0x79, 0x70
.byte 0x65, 0x40, 0x56, 0x50, 0x44, 0x61, 0x74, 0x61, 0x42, 0x6c, 0x6f, 0x63, 0x6b, 0x40, 0x50, 0x47
.byte 0x65, 0x6f, 0x6d, 0x65, 0x74, 0x72, 0x79, 0x40, 0x50, 0x68, 0x79, 0x72, 0x65, 0x40, 0x40, 0x40
.byte 0x50, 0x68, 0x79, 0x72, 0x65, 0x40, 0x40, 0x00
.globl _sym_00c0e774
_sym_00c0e774:
.long _sym_00b1431c
.globl _sym_00c0e778
_sym_00c0e778:
.long _sym_00b69fe8
.byte 0x00, 0x00, 0x00, 0x00, 0x2e, 0x3f, 0x41, 0x56, 0x3f, 0x24, 0x50, 0x43, 0x6c, 0x61, 0x73, 0x73
.byte 0x44, 0x61, 0x74, 0x61, 0x4d, 0x65, 0x6d, 0x62, 0x65, 0x72, 0x50, 0x68, 0x79, 0x72, 0x65, 0x41
.byte 0x72, 0x72, 0x61, 0x79, 0x40, 0x56, 0x50, 0x56, 0x65, 0x72, 0x74, 0x65, 0x78, 0x53, 0x74, 0x72
.byte 0x65, 0x61, 0x6d, 0x40, 0x50, 0x47, 0x65, 0x6f, 0x6d, 0x65, 0x74, 0x72, 0x79, 0x40, 0x50, 0x68
.byte 0x79, 0x72, 0x65, 0x40, 0x40, 0x40, 0x50, 0x68, 0x79, 0x72, 0x65, 0x40, 0x40, 0x00, 0x00, 0x00
.byte 0x00, 0x00, 0x00, 0x00
.globl _sym_00c0e7d0
_sym_00c0e7d0:
.long _sym_00b69fe8
.byte 0x00, 0x00, 0x00, 0x00, 0x2e, 0x3f, 0x41, 0x56, 0x3f, 0x24, 0x50, 0x43, 0x6c, 0x61, 0x73, 0x73
.byte 0x44, 0x65, 0x73, 0x63, 0x72, 0x69, 0x70, 0x74, 0x6f, 0x72, 0x43, 0x6f, 0x6e, 0x63, 0x72, 0x65
.byte 0x74, 0x65, 0x40, 0x56, 0x3f, 0x24, 0x50, 0x41, 0x72, 0x72, 0x61, 0x79, 0x40, 0x56, 0x50, 0x56
.byte 0x65, 0x72, 0x74, 0x65, 0x78, 0x53, 0x74, 0x72, 0x65, 0x61, 0x6d, 0x40, 0x50, 0x47, 0x65, 0x6f
.byte 0x6d, 0x65, 0x74, 0x72, 0x79, 0x40, 0x50, 0x68, 0x79, 0x72, 0x65, 0x40, 0x40, 0x24, 0x30, 0x33
.byte 0x40, 0x50, 0x68, 0x79, 0x72, 0x65, 0x40, 0x40, 0x40, 0x50, 0x68, 0x79, 0x72, 0x65, 0x40, 0x40
.byte 0x00, 0x00, 0x00, 0x00
.globl _sym_00c0e838
_sym_00c0e838:
.long _sym_00b69fe8
.byte 0x00, 0x00, 0x00, 0x00, 0x2e, 0x3f, 0x41, 0x56, 0x3f, 0x24, 0x50, 0x43, 0x6c, 0x61, 0x73, 0x73
.byte 0x44, 0x65, 0x73, 0x63, 0x72, 0x69, 0x70, 0x74, 0x6f, 0x72, 0x41, 0x62, 0x73, 0x74, 0x72, 0x61
.byte 0x63, 0x74, 0x40, 0x56, 0x3f, 0x24, 0x50, 0x41, 0x72, 0x72, 0x61, 0x79, 0x40, 0x56, 0x50, 0x56
.byte 0x65, 0x72, 0x74, 0x65, 0x78, 0x53, 0x74, 0x72, 0x65, 0x61, 0x6d, 0x40, 0x50, 0x47, 0x65, 0x6f
.byte 0x6d, 0x65, 0x74, 0x72, 0x79, 0x40, 0x50, 0x68, 0x79, 0x72, 0x65, 0x40, 0x40, 0x24, 0x30, 0x33
.byte 0x40, 0x50, 0x68, 0x79, 0x72, 0x65, 0x40, 0x40, 0x40, 0x50, 0x68, 0x79, 0x72, 0x65, 0x40, 0x40
.byte 0x00, 0x00, 0x00, 0x00
.globl _sym_00c0e8a0
_sym_00c0e8a0:
.long _sym_00b69fe8
.byte 0x00, 0x00, 0x00, 0x00, 0x2e, 0x3f, 0x41, 0x56, 0x3f, 0x24, 0x50, 0x43, 0x6c, 0x61, 0x73, 0x73
.byte 0x44, 0x65, 0x73, 0x63, 0x72, 0x69, 0x70, 0x74, 0x6f, 0x72, 0x46, 0x6f, 0x72, 0x54, 0x79, 0x70
.byte 0x65, 0x40, 0x56, 0x3f, 0x24, 0x50, 0x41, 0x72, 0x72, 0x61, 0x79, 0x40, 0x56, 0x50, 0x56, 0x65
.byte 0x72, 0x74, 0x65, 0x78, 0x53, 0x74, 0x72, 0x65, 0x61, 0x6d, 0x40, 0x50, 0x47, 0x65, 0x6f, 0x6d
.byte 0x65, 0x74, 0x72, 0x79, 0x40, 0x50, 0x68, 0x79, 0x72, 0x65, 0x40, 0x40, 0x24, 0x30, 0x33, 0x40
.byte 0x50, 0x68, 0x79, 0x72, 0x65, 0x40, 0x40, 0x40, 0x50, 0x68, 0x79, 0x72, 0x65, 0x40, 0x40, 0x00
.byte 0x00, 0x00, 0x00, 0x00
.globl _sym_00c0e908
_sym_00c0e908:
.long _sym_00b69fe8
.byte 0x00, 0x00, 0x00, 0x00, 0x2e, 0x3f, 0x41, 0x56, 0x3f, 0x24, 0x50, 0x43, 0x6c, 0x61, 0x73, 0x73
.byte 0x44, 0x61, 0x74, 0x61, 0x4d, 0x65, 0x6d, 0x62, 0x65, 0x72, 0x41, 0x72, 0x72, 0x61, 0x79, 0x44
.byte 0x79, 0x6e, 0x61, 0x6d, 0x69, 0x63, 0x40, 0x56, 0x3f, 0x24, 0x50, 0x41, 0x72, 0x72, 0x61, 0x79
.byte 0x40, 0x56, 0x50, 0x56, 0x65, 0x72, 0x74, 0x65, 0x78, 0x53, 0x74, 0x72, 0x65, 0x61, 0x6d, 0x40
.byte 0x50, 0x47, 0x65, 0x6f, 0x6d, 0x65, 0x74, 0x72, 0x79, 0x40, 0x50, 0x68, 0x79, 0x72, 0x65, 0x40
.byte 0x40, 0x24, 0x30, 0x33, 0x40, 0x50, 0x68, 0x79, 0x72, 0x65, 0x40, 0x40, 0x40, 0x50, 0x68, 0x79
.byte 0x72, 0x65, 0x40, 0x40, 0x00, 0x00, 0x00, 0x00, 0x00, 0x00, 0x00, 0x00
.globl _sym_00c0e978
_sym_00c0e978:
.long _sym_00b69fe8
.byte 0x00, 0x00, 0x00, 0x00, 0x2e, 0x3f, 0x41, 0x56, 0x3f, 0x24, 0x50, 0x43, 0x6c, 0x61, 0x73, 0x73
.byte 0x44, 0x65, 0x73, 0x63, 0x72, 0x69, 0x70, 0x74, 0x6f, 0x72, 0x43, 0x6f, 0x6e, 0x63, 0x72, 0x65
.byte 0x74, 0x65, 0x40, 0x56, 0x50, 0x44, 0x79, 0x6e, 0x61, 0x6d, 0x69, 0x63, 0x44, 0x61, 0x74, 0x61
.byte 0x42, 0x6c, 0x6f, 0x63, 0x6b, 0x40, 0x50, 0x47, 0x65, 0x6f, 0x6d, 0x65, 0x74, 0x72, 0x79, 0x40
.byte 0x50, 0x68, 0x79, 0x72, 0x65, 0x40, 0x40, 0x40, 0x50, 0x68, 0x79, 0x72, 0x65, 0x40, 0x40, 0x00
.byte 0x00, 0x00, 0x00, 0x00
.globl _sym_00c0e9d0
_sym_00c0e9d0:
.long _sym_00b69fe8
.byte 0x00, 0x00, 0x00, 0x00, 0x2e, 0x3f, 0x41, 0x56, 0x3f, 0x24, 0x50, 0x43, 0x6c, 0x61, 0x73, 0x73
.byte 0x44, 0x65, 0x73, 0x63, 0x72, 0x69, 0x70, 0x74, 0x6f, 0x72, 0x41, 0x62, 0x73, 0x74, 0x72, 0x61
.byte 0x63, 0x74, 0x40, 0x56, 0x50, 0x44, 0x79, 0x6e, 0x61, 0x6d, 0x69, 0x63, 0x44, 0x61, 0x74, 0x61
.byte 0x42, 0x6c, 0x6f, 0x63, 0x6b, 0x40, 0x50, 0x47, 0x65, 0x6f, 0x6d, 0x65, 0x74, 0x72, 0x79, 0x40
.byte 0x50, 0x68, 0x79, 0x72, 0x65, 0x40, 0x40, 0x40, 0x50, 0x68, 0x79, 0x72, 0x65, 0x40, 0x40, 0x00
.byte 0x00, 0x00, 0x00, 0x00
.globl _sym_00c0ea28
_sym_00c0ea28:
.long _sym_00b69fe8
.byte 0x00, 0x00, 0x00, 0x00, 0x2e, 0x3f, 0x41, 0x56, 0x3f, 0x24, 0x50, 0x43, 0x6c, 0x61, 0x73, 0x73
.byte 0x44, 0x65, 0x73, 0x63, 0x72, 0x69, 0x70, 0x74, 0x6f, 0x72, 0x46, 0x6f, 0x72, 0x54, 0x79, 0x70
.byte 0x65, 0x40, 0x56, 0x50, 0x44, 0x79, 0x6e, 0x61, 0x6d, 0x69, 0x63, 0x44, 0x61, 0x74, 0x61, 0x42
.byte 0x6c, 0x6f, 0x63, 0x6b, 0x40, 0x50, 0x47, 0x65, 0x6f, 0x6d, 0x65, 0x74, 0x72, 0x79, 0x40, 0x50
.byte 0x68, 0x79, 0x72, 0x65, 0x40, 0x40, 0x40, 0x50, 0x68, 0x79, 0x72, 0x65, 0x40, 0x40, 0x00, 0x00
.globl _sym_00c0ea7c
_sym_00c0ea7c:
.long _sym_00b1431c
.globl _sym_00c0ea80
_sym_00c0ea80:
.long _sym_00b0fbd4
.byte 0x00, 0x00, 0x00, 0x00
.globl _sym_00c0ea88
_sym_00c0ea88:
.long _sym_00b69fe8
.byte 0x00, 0x00, 0x00, 0x00, 0x2e, 0x3f, 0x41, 0x56, 0x3f, 0x24, 0x50, 0x43, 0x6c, 0x61, 0x73, 0x73
.byte 0x44, 0x65, 0x73, 0x63, 0x72, 0x69, 0x70, 0x74, 0x6f, 0x72, 0x43, 0x6f, 0x6e, 0x63, 0x72, 0x65
.byte 0x74, 0x65, 0x40, 0x56, 0x50, 0x49, 0x6e, 0x64, 0x65, 0x78, 0x44, 0x61, 0x74, 0x61, 0x42, 0x6c
.byte 0x6f, 0x63, 0x6b, 0x42, 0x61, 0x73, 0x65, 0x40, 0x50, 0x47, 0x65, 0x6f, 0x6d, 0x65, 0x74, 0x72
.byte 0x79, 0x40, 0x50, 0x68, 0x79, 0x72, 0x65, 0x40, 0x40, 0x40, 0x50, 0x68, 0x79, 0x72, 0x65, 0x40
.byte 0x40, 0x00, 0x00, 0x00
.globl _sym_00c0eae0
_sym_00c0eae0:
.long _sym_00b69fe8
.byte 0x00, 0x00, 0x00, 0x00, 0x2e, 0x3f, 0x41, 0x56, 0x3f, 0x24, 0x50, 0x43, 0x6c, 0x61, 0x73, 0x73
.byte 0x44, 0x65, 0x73, 0x63, 0x72, 0x69, 0x70, 0x74, 0x6f, 0x72, 0x41, 0x62, 0x73, 0x74, 0x72, 0x61
.byte 0x63, 0x74, 0x40, 0x56, 0x50, 0x49, 0x6e, 0x64, 0x65, 0x78, 0x44, 0x61, 0x74, 0x61, 0x42, 0x6c
.byte 0x6f, 0x63, 0x6b, 0x42, 0x61, 0x73, 0x65, 0x40, 0x50, 0x47, 0x65, 0x6f, 0x6d, 0x65, 0x74, 0x72
.byte 0x79, 0x40, 0x50, 0x68, 0x79, 0x72, 0x65, 0x40, 0x40, 0x40, 0x50, 0x68, 0x79, 0x72, 0x65, 0x40
.byte 0x40, 0x00, 0x00, 0x00
.globl _sym_00c0eb38
_sym_00c0eb38:
.long _sym_00b69fe8
.byte 0x00, 0x00, 0x00, 0x00, 0x2e, 0x3f, 0x41, 0x56, 0x3f, 0x24, 0x50, 0x43, 0x6c, 0x61, 0x73, 0x73
.byte 0x44, 0x65, 0x73, 0x63, 0x72, 0x69, 0x70, 0x74, 0x6f, 0x72, 0x46, 0x6f, 0x72, 0x54, 0x79, 0x70
.byte 0x65, 0x40, 0x56, 0x50, 0x49, 0x6e, 0x64, 0x65, 0x78, 0x44, 0x61, 0x74, 0x61, 0x42, 0x6c, 0x6f
.byte 0x63, 0x6b, 0x42, 0x61, 0x73, 0x65, 0x40, 0x50, 0x47, 0x65, 0x6f, 0x6d, 0x65, 0x74, 0x72, 0x79
.byte 0x40, 0x50, 0x68, 0x79, 0x72, 0x65, 0x40, 0x40, 0x40, 0x50, 0x68, 0x79, 0x72, 0x65, 0x40, 0x40
.byte 0x00, 0x00, 0x00, 0x00
.globl _sym_00c0eb90
_sym_00c0eb90:
.long _sym_00b69fe8
.byte 0x00, 0x00, 0x00, 0x00, 0x2e, 0x3f, 0x41, 0x56, 0x3f, 0x24, 0x50, 0x43, 0x6c, 0x61, 0x73, 0x73
.byte 0x44, 0x65, 0x73, 0x63, 0x72, 0x69, 0x70, 0x74, 0x6f, 0x72, 0x43, 0x6f, 0x6e, 0x63, 0x72, 0x65
.byte 0x74, 0x65, 0x40, 0x56, 0x50, 0x49, 0x6e, 0x64, 0x65, 0x78, 0x44, 0x61, 0x74, 0x61, 0x42, 0x6c
.byte 0x6f, 0x63, 0x6b, 0x40, 0x50, 0x47, 0x65, 0x6f, 0x6d, 0x65, 0x74, 0x72, 0x79, 0x40, 0x50, 0x68
.byte 0x79, 0x72, 0x65, 0x40, 0x40, 0x40, 0x50, 0x68, 0x79, 0x72, 0x65, 0x40, 0x40, 0x00, 0x00, 0x00
.byte 0x00, 0x00, 0x00, 0x00
.globl _sym_00c0ebe8
_sym_00c0ebe8:
.long _sym_00b69fe8
.byte 0x00, 0x00, 0x00, 0x00, 0x2e, 0x3f, 0x41, 0x56, 0x3f, 0x24, 0x50, 0x43, 0x6c, 0x61, 0x73, 0x73
.byte 0x44, 0x65, 0x73, 0x63, 0x72, 0x69, 0x70, 0x74, 0x6f, 0x72, 0x41, 0x62, 0x73, 0x74, 0x72, 0x61
.byte 0x63, 0x74, 0x40, 0x56, 0x50, 0x49, 0x6e, 0x64, 0x65, 0x78, 0x44, 0x61, 0x74, 0x61, 0x42, 0x6c
.byte 0x6f, 0x63, 0x6b, 0x40, 0x50, 0x47, 0x65, 0x6f, 0x6d, 0x65, 0x74, 0x72, 0x79, 0x40, 0x50, 0x68
.byte 0x79, 0x72, 0x65, 0x40, 0x40, 0x40, 0x50, 0x68, 0x79, 0x72, 0x65, 0x40, 0x40, 0x00, 0x00, 0x00
.byte 0x00, 0x00, 0x00, 0x00
.globl _sym_00c0ec40
_sym_00c0ec40:
.long _sym_00b69fe8
.byte 0x00, 0x00, 0x00, 0x00, 0x2e, 0x3f, 0x41, 0x56, 0x3f, 0x24, 0x50, 0x43, 0x6c, 0x61, 0x73, 0x73
.byte 0x44, 0x65, 0x73, 0x63, 0x72, 0x69, 0x70, 0x74, 0x6f, 0x72, 0x46, 0x6f, 0x72, 0x54, 0x79, 0x70
.byte 0x65, 0x40, 0x56, 0x50, 0x49, 0x6e, 0x64, 0x65, 0x78, 0x44, 0x61, 0x74, 0x61, 0x42, 0x6c, 0x6f
.byte 0x63, 0x6b, 0x40, 0x50, 0x47, 0x65, 0x6f, 0x6d, 0x65, 0x74, 0x72, 0x79, 0x40, 0x50, 0x68, 0x79
.byte 0x72, 0x65, 0x40, 0x40, 0x40, 0x50, 0x68, 0x79, 0x72, 0x65, 0x40, 0x40, 0x00, 0x00, 0x00, 0x00
.byte 0x00, 0x00, 0x00, 0x00
.globl _sym_00c0ec98
_sym_00c0ec98:
.long _sym_00b69fe8
.byte 0x00, 0x00, 0x00, 0x00, 0x2e, 0x3f, 0x41, 0x56, 0x3f, 0x24, 0x50, 0x43, 0x6c, 0x61, 0x73, 0x73
.byte 0x44, 0x65, 0x73, 0x63, 0x72, 0x69, 0x70, 0x74, 0x6f, 0x72, 0x43, 0x6f, 0x6e, 0x63, 0x72, 0x65
.byte 0x74, 0x65, 0x40, 0x56, 0x50, 0x53, 0x6b, 0x69, 0x6e, 0x42, 0x6f, 0x6e, 0x65, 0x52, 0x65, 0x6d
.byte 0x61, 0x70, 0x40, 0x50, 0x47, 0x65, 0x6f, 0x6d, 0x65, 0x74, 0x72, 0x79, 0x40, 0x50, 0x68, 0x79
.byte 0x72, 0x65, 0x40, 0x40, 0x40, 0x50, 0x68, 0x79, 0x72, 0x65, 0x40, 0x40, 0x00, 0x00, 0x00, 0x00
.byte 0x00, 0x00, 0x00, 0x00
.globl _sym_00c0ecf0
_sym_00c0ecf0:
.long _sym_00b69fe8
.byte 0x00, 0x00, 0x00, 0x00, 0x2e, 0x3f, 0x41, 0x56, 0x3f, 0x24, 0x50, 0x43, 0x6c, 0x61, 0x73, 0x73
.byte 0x44, 0x65, 0x73, 0x63, 0x72, 0x69, 0x70, 0x74, 0x6f, 0x72, 0x41, 0x62, 0x73, 0x74, 0x72, 0x61
.byte 0x63, 0x74, 0x40, 0x56, 0x50, 0x53, 0x6b, 0x69, 0x6e, 0x42, 0x6f, 0x6e, 0x65, 0x52, 0x65, 0x6d
.byte 0x61, 0x70, 0x40, 0x50, 0x47, 0x65, 0x6f, 0x6d, 0x65, 0x74, 0x72, 0x79, 0x40, 0x50, 0x68, 0x79
.byte 0x72, 0x65, 0x40, 0x40, 0x40, 0x50, 0x68, 0x79, 0x72, 0x65, 0x40, 0x40, 0x00, 0x00, 0x00, 0x00
.byte 0x00, 0x00, 0x00, 0x00
.globl _sym_00c0ed48
_sym_00c0ed48:
.long _sym_00b69fe8
.byte 0x00, 0x00, 0x00, 0x00, 0x2e, 0x3f, 0x41, 0x56, 0x3f, 0x24, 0x50, 0x43, 0x6c, 0x61, 0x73, 0x73
.byte 0x44, 0x65, 0x73, 0x63, 0x72, 0x69, 0x70, 0x74, 0x6f, 0x72, 0x46, 0x6f, 0x72, 0x54, 0x79, 0x70
.byte 0x65, 0x40, 0x56, 0x50, 0x53, 0x6b, 0x69, 0x6e, 0x42, 0x6f, 0x6e, 0x65, 0x52, 0x65, 0x6d, 0x61
.byte 0x70, 0x40, 0x50, 0x47, 0x65, 0x6f, 0x6d, 0x65, 0x74, 0x72, 0x79, 0x40, 0x50, 0x68, 0x79, 0x72
.byte 0x65, 0x40, 0x40, 0x40, 0x50, 0x68, 0x79, 0x72, 0x65, 0x40, 0x40, 0x00
.globl _sym_00c0ed98
_sym_00c0ed98:
.long _sym_00b69fe8
.byte 0x00, 0x00, 0x00, 0x00, 0x2e, 0x3f, 0x41, 0x56, 0x3f, 0x24, 0x50, 0x43, 0x6c, 0x61, 0x73, 0x73
.byte 0x44, 0x65, 0x73, 0x63, 0x72, 0x69, 0x70, 0x74, 0x6f, 0x72, 0x43, 0x6f, 0x6e, 0x63, 0x72, 0x65
.byte 0x74, 0x65, 0x40, 0x56, 0x50, 0x4d, 0x65, 0x73, 0x68, 0x53, 0x65, 0x67, 0x6d, 0x65, 0x6e, 0x74
.byte 0x42, 0x61, 0x73, 0x65, 0x40, 0x50, 0x47, 0x65, 0x6f, 0x6d, 0x65, 0x74, 0x72, 0x79, 0x40, 0x50
.byte 0x68, 0x79, 0x72, 0x65, 0x40, 0x40, 0x40, 0x50, 0x68, 0x79, 0x72, 0x65, 0x40, 0x40, 0x00, 0x00
.byte 0x00, 0x00, 0x00, 0x00
.globl _sym_00c0edf0
_sym_00c0edf0:
.long _sym_00b69fe8
.byte 0x00, 0x00, 0x00, 0x00, 0x2e, 0x3f, 0x41, 0x56, 0x3f, 0x24, 0x50, 0x43, 0x6c, 0x61, 0x73, 0x73
.byte 0x44, 0x65, 0x73, 0x63, 0x72, 0x69, 0x70, 0x74, 0x6f, 0x72, 0x41, 0x62, 0x73, 0x74, 0x72, 0x61
.byte 0x63, 0x74, 0x40, 0x56, 0x50, 0x4d, 0x65, 0x73, 0x68, 0x53, 0x65, 0x67, 0x6d, 0x65, 0x6e, 0x74
.byte 0x42, 0x61, 0x73, 0x65, 0x40, 0x50, 0x47, 0x65, 0x6f, 0x6d, 0x65, 0x74, 0x72, 0x79, 0x40, 0x50
.byte 0x68, 0x79, 0x72, 0x65, 0x40, 0x40, 0x40, 0x50, 0x68, 0x79, 0x72, 0x65, 0x40, 0x40, 0x00, 0x00
.byte 0x00, 0x00, 0x00, 0x00
.globl _sym_00c0ee48
_sym_00c0ee48:
.long _sym_00b69fe8
.byte 0x00, 0x00, 0x00, 0x00, 0x2e, 0x3f, 0x41, 0x56, 0x3f, 0x24, 0x50, 0x43, 0x6c, 0x61, 0x73, 0x73
.byte 0x44, 0x65, 0x73, 0x63, 0x72, 0x69, 0x70, 0x74, 0x6f, 0x72, 0x46, 0x6f, 0x72, 0x54, 0x79, 0x70
.byte 0x65, 0x40, 0x56, 0x50, 0x4d, 0x65, 0x73, 0x68, 0x53, 0x65, 0x67, 0x6d, 0x65, 0x6e, 0x74, 0x42
.byte 0x61, 0x73, 0x65, 0x40, 0x50, 0x47, 0x65, 0x6f, 0x6d, 0x65, 0x74, 0x72, 0x79, 0x40, 0x50, 0x68
.byte 0x79, 0x72, 0x65, 0x40, 0x40, 0x40, 0x50, 0x68, 0x79, 0x72, 0x65, 0x40, 0x40, 0x00, 0x00, 0x00
.byte 0x00, 0x00, 0x00, 0x00
.globl _sym_00c0eea0
_sym_00c0eea0:
.long _sym_00b69fe8
.byte 0x00, 0x00, 0x00, 0x00, 0x2e, 0x3f, 0x41, 0x56, 0x3f, 0x24, 0x50, 0x43, 0x6c, 0x61, 0x73, 0x73
.byte 0x44, 0x65, 0x73, 0x63, 0x72, 0x69, 0x70, 0x74, 0x6f, 0x72, 0x43, 0x6f, 0x6e, 0x63, 0x72, 0x65
.byte 0x74, 0x65, 0x40, 0x56, 0x50, 0x4d, 0x65, 0x73, 0x68, 0x53, 0x65, 0x67, 0x6d, 0x65, 0x6e, 0x74
.byte 0x40, 0x50, 0x47, 0x65, 0x6f, 0x6d, 0x65, 0x74, 0x72, 0x79, 0x40, 0x50, 0x68, 0x79, 0x72, 0x65
.byte 0x40, 0x40, 0x40, 0x50, 0x68, 0x79, 0x72, 0x65, 0x40, 0x40, 0x00, 0x00
.globl _sym_00c0eef0
_sym_00c0eef0:
.long _sym_00b69fe8
.byte 0x00, 0x00, 0x00, 0x00, 0x2e, 0x3f, 0x41, 0x56, 0x3f, 0x24, 0x50, 0x43, 0x6c, 0x61, 0x73, 0x73
.byte 0x44, 0x65, 0x73, 0x63, 0x72, 0x69, 0x70, 0x74, 0x6f, 0x72, 0x41, 0x62, 0x73, 0x74, 0x72, 0x61
.byte 0x63, 0x74, 0x40, 0x56, 0x50, 0x4d, 0x65, 0x73, 0x68, 0x53, 0x65, 0x67, 0x6d, 0x65, 0x6e, 0x74
.byte 0x40, 0x50, 0x47, 0x65, 0x6f, 0x6d, 0x65, 0x74, 0x72, 0x79, 0x40, 0x50, 0x68, 0x79, 0x72, 0x65
.byte 0x40, 0x40, 0x40, 0x50, 0x68, 0x79, 0x72, 0x65, 0x40, 0x40, 0x00, 0x00
.globl _sym_00c0ef40
_sym_00c0ef40:
.long _sym_00b69fe8
.byte 0x00, 0x00, 0x00, 0x00, 0x2e, 0x3f, 0x41, 0x56, 0x3f, 0x24, 0x50, 0x43, 0x6c, 0x61, 0x73, 0x73
.byte 0x44, 0x65, 0x73, 0x63, 0x72, 0x69, 0x70, 0x74, 0x6f, 0x72, 0x46, 0x6f, 0x72, 0x54, 0x79, 0x70
.byte 0x65, 0x40, 0x56, 0x50, 0x4d, 0x65, 0x73, 0x68, 0x53, 0x65, 0x67, 0x6d, 0x65, 0x6e, 0x74, 0x40
.byte 0x50, 0x47, 0x65, 0x6f, 0x6d, 0x65, 0x74, 0x72, 0x79, 0x40, 0x50, 0x68, 0x79, 0x72, 0x65, 0x40
.byte 0x40, 0x40, 0x50, 0x68, 0x79, 0x72, 0x65, 0x40, 0x40, 0x00, 0x00, 0x00
.globl _sym_00c0ef90
_sym_00c0ef90:
.long _sym_00b1504c
.byte 0x00, 0x00, 0x00, 0x00
.globl _sym_00c0ef98
_sym_00c0ef98:
.long _sym_00b69fe8
.byte 0x00, 0x00, 0x00, 0x00, 0x2e, 0x3f, 0x41, 0x56, 0x3f, 0x24, 0x50, 0x43, 0x6c, 0x61, 0x73, 0x73
.byte 0x44, 0x61, 0x74, 0x61, 0x4d, 0x65, 0x6d, 0x62, 0x65, 0x72, 0x50, 0x68, 0x79, 0x72, 0x65, 0x41
.byte 0x72, 0x72, 0x61, 0x79, 0x40, 0x56, 0x50, 0x53, 0x6b, 0x69, 0x6e, 0x42, 0x6f, 0x6e, 0x65, 0x52
.byte 0x65, 0x6d, 0x61, 0x70, 0x40, 0x50, 0x47, 0x65, 0x6f, 0x6d, 0x65, 0x74, 0x72, 0x79, 0x40, 0x50
.byte 0x68, 0x79, 0x72, 0x65, 0x40, 0x40, 0x40, 0x50, 0x68, 0x79, 0x72, 0x65, 0x40, 0x40, 0x00, 0x00
.byte 0x00, 0x00, 0x00, 0x00
.globl _sym_00c0eff0
_sym_00c0eff0:
.long _sym_00b69fe8
.byte 0x00, 0x00, 0x00, 0x00, 0x2e, 0x3f, 0x41, 0x56, 0x3f, 0x24, 0x50, 0x43, 0x6c, 0x61, 0x73, 0x73
.byte 0x44, 0x65, 0x73, 0x63, 0x72, 0x69, 0x70, 0x74, 0x6f, 0x72, 0x43, 0x6f, 0x6e, 0x63, 0x72, 0x65
.byte 0x74, 0x65, 0x40, 0x56, 0x3f, 0x24, 0x50, 0x41, 0x72, 0x72, 0x61, 0x79, 0x40, 0x56, 0x50, 0x53
.byte 0x6b, 0x69, 0x6e, 0x42, 0x6f, 0x6e, 0x65, 0x52, 0x65, 0x6d, 0x61, 0x70, 0x40, 0x50, 0x47, 0x65
.byte 0x6f, 0x6d, 0x65, 0x74, 0x72, 0x79, 0x40, 0x50, 0x68, 0x79, 0x72, 0x65, 0x40, 0x40, 0x24, 0x30
.byte 0x31, 0x40, 0x50, 0x68, 0x79, 0x72, 0x65, 0x40, 0x40, 0x40, 0x50, 0x68, 0x79, 0x72, 0x65, 0x40
.byte 0x40, 0x00, 0x00, 0x00
.globl _sym_00c0f058
_sym_00c0f058:
.long _sym_00b69fe8
.byte 0x00, 0x00, 0x00, 0x00, 0x2e, 0x3f, 0x41, 0x56, 0x3f, 0x24, 0x50, 0x43, 0x6c, 0x61, 0x73, 0x73
.byte 0x44, 0x65, 0x73, 0x63, 0x72, 0x69, 0x70, 0x74, 0x6f, 0x72, 0x41, 0x62, 0x73, 0x74, 0x72, 0x61
.byte 0x63, 0x74, 0x40, 0x56, 0x3f, 0x24, 0x50, 0x41, 0x72, 0x72, 0x61, 0x79, 0x40, 0x56, 0x50, 0x53
.byte 0x6b, 0x69, 0x6e, 0x42, 0x6f, 0x6e, 0x65, 0x52, 0x65, 0x6d, 0x61, 0x70, 0x40, 0x50, 0x47, 0x65
.byte 0x6f, 0x6d, 0x65, 0x74, 0x72, 0x79, 0x40, 0x50, 0x68, 0x79, 0x72, 0x65, 0x40, 0x40, 0x24, 0x30
.byte 0x31, 0x40, 0x50, 0x68, 0x79, 0x72, 0x65, 0x40, 0x40, 0x40, 0x50, 0x68, 0x79, 0x72, 0x65, 0x40
.byte 0x40, 0x00, 0x00, 0x00
.globl _sym_00c0f0c0
_sym_00c0f0c0:
.long _sym_00b69fe8
.byte 0x00, 0x00, 0x00, 0x00, 0x2e, 0x3f, 0x41, 0x56, 0x3f, 0x24, 0x50, 0x43, 0x6c, 0x61, 0x73, 0x73
.byte 0x44, 0x65, 0x73, 0x63, 0x72, 0x69, 0x70, 0x74, 0x6f, 0x72, 0x46, 0x6f, 0x72, 0x54, 0x79, 0x70
.byte 0x65, 0x40, 0x56, 0x3f, 0x24, 0x50, 0x41, 0x72, 0x72, 0x61, 0x79, 0x40, 0x56, 0x50, 0x53, 0x6b
.byte 0x69, 0x6e, 0x42, 0x6f, 0x6e, 0x65, 0x52, 0x65, 0x6d, 0x61, 0x70, 0x40, 0x50, 0x47, 0x65, 0x6f
.byte 0x6d, 0x65, 0x74, 0x72, 0x79, 0x40, 0x50, 0x68, 0x79, 0x72, 0x65, 0x40, 0x40, 0x24, 0x30, 0x31
.byte 0x40, 0x50, 0x68, 0x79, 0x72, 0x65, 0x40, 0x40, 0x40, 0x50, 0x68, 0x79, 0x72, 0x65, 0x40, 0x40
.byte 0x00, 0x00, 0x00, 0x00
.globl _sym_00c0f128
_sym_00c0f128:
.long _sym_00b69fe8
.byte 0x00, 0x00, 0x00, 0x00, 0x2e, 0x3f, 0x41, 0x56, 0x3f, 0x24, 0x50, 0x43, 0x6c, 0x61, 0x73, 0x73
.byte 0x44, 0x61, 0x74, 0x61, 0x4d, 0x65, 0x6d, 0x62, 0x65, 0x72, 0x41, 0x72, 0x72, 0x61, 0x79, 0x44
.byte 0x79, 0x6e, 0x61, 0x6d, 0x69, 0x63, 0x40, 0x56, 0x3f, 0x24, 0x50, 0x41, 0x72, 0x72, 0x61, 0x79
.byte 0x40, 0x56, 0x50, 0x53, 0x6b, 0x69, 0x6e, 0x42, 0x6f, 0x6e, 0x65, 0x52, 0x65, 0x6d, 0x61, 0x70
.byte 0x40, 0x50, 0x47, 0x65, 0x6f, 0x6d, 0x65, 0x74, 0x72, 0x79, 0x40, 0x50, 0x68, 0x79, 0x72, 0x65
.byte 0x40, 0x40, 0x24, 0x30, 0x31, 0x40, 0x50, 0x68, 0x79, 0x72, 0x65, 0x40, 0x40, 0x40, 0x50, 0x68
.byte 0x79, 0x72, 0x65, 0x40, 0x40, 0x00, 0x00, 0x00, 0x00, 0x00, 0x00, 0x00
.globl _sym_00c0f198
_sym_00c0f198:
.long _sym_00b69fe8
.byte 0x00, 0x00, 0x00, 0x00, 0x2e, 0x3f, 0x41, 0x56, 0x3f, 0x24, 0x50, 0x43, 0x6c, 0x61, 0x73, 0x73
.byte 0x44, 0x65, 0x73, 0x63, 0x72, 0x69, 0x70, 0x74, 0x6f, 0x72, 0x43, 0x6f, 0x6e, 0x63, 0x72, 0x65
.byte 0x74, 0x65, 0x40, 0x56, 0x50, 0x4d, 0x61, 0x74, 0x65, 0x72, 0x69, 0x61, 0x6c, 0x53, 0x65, 0x74
.byte 0x40, 0x50, 0x47, 0x65, 0x6f, 0x6d, 0x65, 0x74, 0x72, 0x79, 0x40, 0x50, 0x68, 0x79, 0x72, 0x65
.byte 0x40, 0x40, 0x40, 0x50, 0x68, 0x79, 0x72, 0x65, 0x40, 0x40, 0x00, 0x00
.globl _sym_00c0f1e8
_sym_00c0f1e8:
.long _sym_00b69fe8
.byte 0x00, 0x00, 0x00, 0x00, 0x2e, 0x3f, 0x41, 0x56, 0x3f, 0x24, 0x50, 0x43, 0x6c, 0x61, 0x73, 0x73
.byte 0x44, 0x65, 0x73, 0x63, 0x72, 0x69, 0x70, 0x74, 0x6f, 0x72, 0x41, 0x62, 0x73, 0x74, 0x72, 0x61
.byte 0x63, 0x74, 0x40, 0x56, 0x50, 0x4d, 0x61, 0x74, 0x65, 0x72, 0x69, 0x61, 0x6c, 0x53, 0x65, 0x74
.byte 0x40, 0x50, 0x47, 0x65, 0x6f, 0x6d, 0x65, 0x74, 0x72, 0x79, 0x40, 0x50, 0x68, 0x79, 0x72, 0x65
.byte 0x40, 0x40, 0x40, 0x50, 0x68, 0x79, 0x72, 0x65, 0x40, 0x40, 0x00, 0x00
.globl _sym_00c0f238
_sym_00c0f238:
.long _sym_00b69fe8
.byte 0x00, 0x00, 0x00, 0x00, 0x2e, 0x3f, 0x41, 0x56, 0x3f, 0x24, 0x50, 0x43, 0x6c, 0x61, 0x73, 0x73
.byte 0x44, 0x65, 0x73, 0x63, 0x72, 0x69, 0x70, 0x74, 0x6f, 0x72, 0x46, 0x6f, 0x72, 0x54, 0x79, 0x70
.byte 0x65, 0x40, 0x56, 0x50, 0x4d, 0x61, 0x74, 0x65, 0x72, 0x69, 0x61, 0x6c, 0x53, 0x65, 0x74, 0x40
.byte 0x50, 0x47, 0x65, 0x6f, 0x6d, 0x65, 0x74, 0x72, 0x79, 0x40, 0x50, 0x68, 0x79, 0x72, 0x65, 0x40
.byte 0x40, 0x40, 0x50, 0x68, 0x79, 0x72, 0x65, 0x40, 0x40, 0x00, 0x00, 0x00
.globl _sym_00c0f288
_sym_00c0f288:
.long _sym_00b15518
.byte 0x00, 0x00, 0x00, 0x00
.globl _sym_00c0f290
_sym_00c0f290:
.long _sym_00b69fe8
.byte 0x00, 0x00, 0x00, 0x00, 0x2e, 0x3f, 0x41, 0x56, 0x3f, 0x24, 0x50, 0x43, 0x6c, 0x61, 0x73, 0x73
.byte 0x44, 0x61, 0x74, 0x61, 0x4d, 0x65, 0x6d, 0x62, 0x65, 0x72, 0x50, 0x68, 0x79, 0x72, 0x65, 0x53
.byte 0x68, 0x61, 0x72, 0x72, 0x61, 0x79, 0x40, 0x50, 0x41, 0x56, 0x50, 0x4d, 0x61, 0x74, 0x65, 0x72
.byte 0x69, 0x61, 0x6c, 0x40, 0x50, 0x52, 0x65, 0x6e, 0x64, 0x65, 0x72, 0x69, 0x6e, 0x67, 0x40, 0x50
.byte 0x68, 0x79, 0x72, 0x65, 0x40, 0x40, 0x40, 0x50, 0x68, 0x79, 0x72, 0x65, 0x40, 0x40, 0x00, 0x00
.byte 0x00, 0x00, 0x00, 0x00
.globl _sym_00c0f2e8
_sym_00c0f2e8:
.long _sym_00b69fe8
.byte 0x00, 0x00, 0x00, 0x00, 0x2e, 0x3f, 0x41, 0x56, 0x3f, 0x24, 0x50, 0x43, 0x6c, 0x61, 0x73, 0x73
.byte 0x44, 0x65, 0x73, 0x63, 0x72, 0x69, 0x70, 0x74, 0x6f, 0x72, 0x43, 0x6f, 0x6e, 0x63, 0x72, 0x65
.byte 0x74, 0x65, 0x40, 0x56, 0x3f, 0x24, 0x50, 0x53, 0x68, 0x61, 0x72, 0x72, 0x61, 0x79, 0x40, 0x50
.byte 0x41, 0x56, 0x50, 0x4d, 0x61, 0x74, 0x65, 0x72, 0x69, 0x61, 0x6c, 0x40, 0x50, 0x52, 0x65, 0x6e
.byte 0x64, 0x65, 0x72, 0x69, 0x6e, 0x67, 0x40, 0x50, 0x68, 0x79, 0x72, 0x65, 0x40, 0x40, 0x40, 0x50
.byte 0x68, 0x79, 0x72, 0x65, 0x40, 0x40, 0x40, 0x50, 0x68, 0x79, 0x72, 0x65, 0x40, 0x40, 0x00, 0x00
.byte 0x00, 0x00, 0x00, 0x00
.globl _sym_00c0f350
_sym_00c0f350:
.long _sym_00b69fe8
.byte 0x00, 0x00, 0x00, 0x00, 0x2e, 0x3f, 0x41, 0x56, 0x3f, 0x24, 0x50, 0x43, 0x6c, 0x61, 0x73, 0x73
.byte 0x44, 0x65, 0x73, 0x63, 0x72, 0x69, 0x70, 0x74, 0x6f, 0x72, 0x41, 0x62, 0x73, 0x74, 0x72, 0x61
.byte 0x63, 0x74, 0x40, 0x56, 0x3f, 0x24, 0x50, 0x53, 0x68, 0x61, 0x72, 0x72, 0x61, 0x79, 0x40, 0x50
.byte 0x41, 0x56, 0x50, 0x4d, 0x61, 0x74, 0x65, 0x72, 0x69, 0x61, 0x6c, 0x40, 0x50, 0x52, 0x65, 0x6e
.byte 0x64, 0x65, 0x72, 0x69, 0x6e, 0x67, 0x40, 0x50, 0x68, 0x79, 0x72, 0x65, 0x40, 0x40, 0x40, 0x50
.byte 0x68, 0x79, 0x72, 0x65, 0x40, 0x40, 0x40, 0x50, 0x68, 0x79, 0x72, 0x65, 0x40, 0x40, 0x00, 0x00
.byte 0x00, 0x00, 0x00, 0x00
.globl _sym_00c0f3b8
_sym_00c0f3b8:
.long _sym_00b69fe8
.byte 0x00, 0x00, 0x00, 0x00, 0x2e, 0x3f, 0x41, 0x56, 0x3f, 0x24, 0x50, 0x43, 0x6c, 0x61, 0x73, 0x73
.byte 0x44, 0x65, 0x73, 0x63, 0x72, 0x69, 0x70, 0x74, 0x6f, 0x72, 0x46, 0x6f, 0x72, 0x54, 0x79, 0x70
.byte 0x65, 0x40, 0x56, 0x3f, 0x24, 0x50, 0x53, 0x68, 0x61, 0x72, 0x72, 0x61, 0x79, 0x40, 0x50, 0x41
.byte 0x56, 0x50, 0x4d, 0x61, 0x74, 0x65, 0x72, 0x69, 0x61, 0x6c, 0x40, 0x50, 0x52, 0x65, 0x6e, 0x64
.byte 0x65, 0x72, 0x69, 0x6e, 0x67, 0x40, 0x50, 0x68, 0x79, 0x72, 0x65, 0x40, 0x40, 0x40, 0x50, 0x68
.byte 0x79, 0x72, 0x65, 0x40, 0x40, 0x40, 0x50, 0x68, 0x79, 0x72, 0x65, 0x40, 0x40, 0x00, 0x00, 0x00
.byte 0x00, 0x00, 0x00, 0x00
.globl _sym_00c0f420
_sym_00c0f420:
.long _sym_00b69fe8
.byte 0x00, 0x00, 0x00, 0x00, 0x2e, 0x3f, 0x41, 0x56, 0x3f, 0x24, 0x50, 0x43, 0x6c, 0x61, 0x73, 0x73
.byte 0x44, 0x61, 0x74, 0x61, 0x4d, 0x65, 0x6d, 0x62, 0x65, 0x72, 0x41, 0x72, 0x72, 0x61, 0x79, 0x44
.byte 0x79, 0x6e, 0x61, 0x6d, 0x69, 0x63, 0x40, 0x56, 0x3f, 0x24, 0x50, 0x53, 0x68, 0x61, 0x72, 0x72
.byte 0x61, 0x79, 0x40, 0x50, 0x41, 0x56, 0x50, 0x4d, 0x61, 0x74, 0x65, 0x72, 0x69, 0x61, 0x6c, 0x40
.byte 0x50, 0x52, 0x65, 0x6e, 0x64, 0x65, 0x72, 0x69, 0x6e, 0x67, 0x40, 0x50, 0x68, 0x79, 0x72, 0x65
.byte 0x40, 0x40, 0x40, 0x50, 0x68, 0x79, 0x72, 0x65, 0x40, 0x40, 0x40, 0x50, 0x68, 0x79, 0x72, 0x65
.byte 0x40, 0x40, 0x00, 0x00
.globl _sym_00c0f488
_sym_00c0f488:
.long _sym_00b69fe8
.byte 0x00, 0x00, 0x00, 0x00, 0x2e, 0x3f, 0x41, 0x56, 0x3f, 0x24, 0x50, 0x4d, 0x65, 0x74, 0x68, 0x6f
.byte 0x64, 0x43, 0x61, 0x6c, 0x6c, 0x65, 0x72, 0x43, 0x6f, 0x6e, 0x63, 0x72, 0x65, 0x74, 0x65, 0x40
.byte 0x56, 0x50, 0x4d, 0x61, 0x74, 0x65, 0x72, 0x69, 0x61, 0x6c, 0x53, 0x65, 0x74, 0x40, 0x50, 0x47
.byte 0x65, 0x6f, 0x6d, 0x65, 0x74, 0x72, 0x79, 0x40, 0x50, 0x68, 0x79, 0x72, 0x65, 0x40, 0x40, 0x57
.byte 0x34, 0x50, 0x52, 0x65, 0x73, 0x75, 0x6c, 0x74, 0x40, 0x33, 0x40, 0x49, 0x50, 0x41, 0x56, 0x50
.byte 0x4d, 0x61, 0x74, 0x65, 0x72, 0x69, 0x61, 0x6c, 0x40, 0x50, 0x52, 0x65, 0x6e, 0x64, 0x65, 0x72
.byte 0x69, 0x6e, 0x67, 0x40, 0x33, 0x40, 0x40, 0x50, 0x43, 0x61, 0x6c, 0x6c, 0x65, 0x72, 0x49, 0x6d
.byte 0x70, 0x6c, 0x65, 0x6d, 0x65, 0x6e, 0x74, 0x61, 0x74, 0x69, 0x6f, 0x6e, 0x32, 0x40, 0x50, 0x43
.byte 0x61, 0x6c, 0x6c, 0x65, 0x72, 0x49, 0x6d, 0x70, 0x6c, 0x65, 0x6d, 0x65, 0x6e, 0x74, 0x61, 0x74
.byte 0x69, 0x6f, 0x6e, 0x40, 0x50, 0x49, 0x6e, 0x74, 0x65, 0x72, 0x6e, 0x61, 0x6c, 0x40, 0x50, 0x68
.byte 0x79, 0x72, 0x65, 0x40, 0x40, 0x00, 0x00, 0x00, 0x00, 0x00, 0x00, 0x00
.globl _sym_00c0f538
_sym_00c0f538:
.long _sym_00b69fe8
.byte 0x00, 0x00, 0x00, 0x00, 0x2e, 0x3f, 0x41, 0x56, 0x3f, 0x24, 0x50, 0x4d, 0x65, 0x74, 0x68, 0x6f
.byte 0x64, 0x43, 0x61, 0x6c, 0x6c, 0x65, 0x72, 0x43, 0x6f, 0x6e, 0x63, 0x72, 0x65, 0x74, 0x65, 0x40
.byte 0x56, 0x50, 0x4d, 0x61, 0x74, 0x65, 0x72, 0x69, 0x61, 0x6c, 0x53, 0x65, 0x74, 0x40, 0x50, 0x47
.byte 0x65, 0x6f, 0x6d, 0x65, 0x74, 0x72, 0x79, 0x40, 0x50, 0x68, 0x79, 0x72, 0x65, 0x40, 0x40, 0x50
.byte 0x41, 0x56, 0x50, 0x4d, 0x61, 0x74, 0x65, 0x72, 0x69, 0x61, 0x6c, 0x40, 0x50, 0x52, 0x65, 0x6e
.byte 0x64, 0x65, 0x72, 0x69, 0x6e, 0x67, 0x40, 0x33, 0x40, 0x49, 0x40, 0x50, 0x43, 0x61, 0x6c, 0x6c
.byte 0x65, 0x72, 0x49, 0x6d, 0x70, 0x6c, 0x65, 0x6d, 0x65, 0x6e, 0x74, 0x61, 0x74, 0x69, 0x6f, 0x6e
.byte 0x31, 0x40, 0x50, 0x43, 0x61, 0x6c, 0x6c, 0x65, 0x72, 0x49, 0x6d, 0x70, 0x6c, 0x65, 0x6d, 0x65
.byte 0x6e, 0x74, 0x61, 0x74, 0x69, 0x6f, 0x6e, 0x40, 0x50, 0x49, 0x6e, 0x74, 0x65, 0x72, 0x6e, 0x61
.byte 0x6c, 0x40, 0x50, 0x68, 0x79, 0x72, 0x65, 0x40, 0x40, 0x00, 0x00, 0x00
.globl _sym_00c0f5d8
_sym_00c0f5d8:
.long _sym_00b69fe8
.byte 0x00, 0x00, 0x00, 0x00, 0x2e, 0x3f, 0x41, 0x56, 0x3f, 0x24, 0x50, 0x4d, 0x65, 0x74, 0x68, 0x6f
.byte 0x64, 0x43, 0x61, 0x6c, 0x6c, 0x65, 0x72, 0x43, 0x6f, 0x6e, 0x63, 0x72, 0x65, 0x74, 0x65, 0x40
.byte 0x56, 0x50, 0x4d, 0x61, 0x74, 0x65, 0x72, 0x69, 0x61, 0x6c, 0x53, 0x65, 0x74, 0x40, 0x50, 0x47
.byte 0x65, 0x6f, 0x6d, 0x65, 0x74, 0x72, 0x79, 0x40, 0x50, 0x68, 0x79, 0x72, 0x65, 0x40, 0x40, 0x49
.byte 0x40, 0x50, 0x43, 0x61, 0x6c, 0x6c, 0x65, 0x72, 0x49, 0x6d, 0x70, 0x6c, 0x65, 0x6d, 0x65, 0x6e
.byte 0x74, 0x61, 0x74, 0x69, 0x6f, 0x6e, 0x30, 0x40, 0x50, 0x43, 0x61, 0x6c, 0x6c, 0x65, 0x72, 0x49
.byte 0x6d, 0x70, 0x6c, 0x65, 0x6d, 0x65, 0x6e, 0x74, 0x61, 0x74, 0x69, 0x6f, 0x6e, 0x40, 0x50, 0x49
.byte 0x6e, 0x74, 0x65, 0x72, 0x6e, 0x61, 0x6c, 0x40, 0x50, 0x68, 0x79, 0x72, 0x65, 0x40, 0x40, 0x00
.byte 0x00, 0x00, 0x00, 0x00
.globl _sym_00c0f660
_sym_00c0f660:
.long _sym_00b69fe8
.byte 0x00, 0x00, 0x00, 0x00, 0x2e, 0x3f, 0x41, 0x56, 0x3f, 0x24, 0x50, 0x43, 0x6c, 0x61, 0x73, 0x73
.byte 0x44, 0x65, 0x73, 0x63, 0x72, 0x69, 0x70, 0x74, 0x6f, 0x72, 0x43, 0x6f, 0x6e, 0x63, 0x72, 0x65
.byte 0x74, 0x65, 0x40, 0x56, 0x50, 0x53, 0x6b, 0x65, 0x6c, 0x65, 0x74, 0x6f, 0x6e, 0x4a, 0x6f, 0x69
.byte 0x6e, 0x74, 0x42, 0x6f, 0x75, 0x6e, 0x64, 0x73, 0x40, 0x50, 0x47, 0x65, 0x6f, 0x6d, 0x65, 0x74
.byte 0x72, 0x79, 0x40, 0x50, 0x68, 0x79, 0x72, 0x65, 0x40, 0x40, 0x40, 0x50, 0x68, 0x79, 0x72, 0x65
.byte 0x40, 0x40, 0x00, 0x00
.globl _sym_00c0f6b8
_sym_00c0f6b8:
.long _sym_00b69fe8
.byte 0x00, 0x00, 0x00, 0x00, 0x2e, 0x3f, 0x41, 0x56, 0x3f, 0x24, 0x50, 0x43, 0x6c, 0x61, 0x73, 0x73
.byte 0x44, 0x65, 0x73, 0x63, 0x72, 0x69, 0x70, 0x74, 0x6f, 0x72, 0x41, 0x62, 0x73, 0x74, 0x72, 0x61
.byte 0x63, 0x74, 0x40, 0x56, 0x50, 0x53, 0x6b, 0x65, 0x6c, 0x65, 0x74, 0x6f, 0x6e, 0x4a, 0x6f, 0x69
.byte 0x6e, 0x74, 0x42, 0x6f, 0x75, 0x6e, 0x64, 0x73, 0x40, 0x50, 0x47, 0x65, 0x6f, 0x6d, 0x65, 0x74
.byte 0x72, 0x79, 0x40, 0x50, 0x68, 0x79, 0x72, 0x65, 0x40, 0x40, 0x40, 0x50, 0x68, 0x79, 0x72, 0x65
.byte 0x40, 0x40, 0x00, 0x00
.globl _sym_00c0f710
_sym_00c0f710:
.long _sym_00b69fe8
.byte 0x00, 0x00, 0x00, 0x00, 0x2e, 0x3f, 0x41, 0x56, 0x3f, 0x24, 0x50, 0x43, 0x6c, 0x61, 0x73, 0x73
.byte 0x44, 0x65, 0x73, 0x63, 0x72, 0x69, 0x70, 0x74, 0x6f, 0x72, 0x46, 0x6f, 0x72, 0x54, 0x79, 0x70
.byte 0x65, 0x40, 0x56, 0x50, 0x53, 0x6b, 0x65, 0x6c, 0x65, 0x74, 0x6f, 0x6e, 0x4a, 0x6f, 0x69, 0x6e
.byte 0x74, 0x42, 0x6f, 0x75, 0x6e, 0x64, 0x73, 0x40, 0x50, 0x47, 0x65, 0x6f, 0x6d, 0x65, 0x74, 0x72
.byte 0x79, 0x40, 0x50, 0x68, 0x79, 0x72, 0x65, 0x40, 0x40, 0x40, 0x50, 0x68, 0x79, 0x72, 0x65, 0x40
.byte 0x40, 0x00, 0x00, 0x00
.globl _sym_00c0f768
_sym_00c0f768:
.long _sym_00b69fe8
.byte 0x00, 0x00, 0x00, 0x00, 0x2e, 0x3f, 0x41, 0x56, 0x3f, 0x24, 0x50, 0x43, 0x6c, 0x61, 0x73, 0x73
.byte 0x44, 0x65, 0x73, 0x63, 0x72, 0x69, 0x70, 0x74, 0x6f, 0x72, 0x43, 0x6f, 0x6e, 0x63, 0x72, 0x65
.byte 0x74, 0x65, 0x40, 0x56, 0x50, 0x4d, 0x65, 0x73, 0x68, 0x40, 0x50, 0x47, 0x65, 0x6f, 0x6d, 0x65
.byte 0x74, 0x72, 0x79, 0x40, 0x50, 0x68, 0x79, 0x72, 0x65, 0x40, 0x40, 0x40, 0x50, 0x68, 0x79, 0x72
.byte 0x65, 0x40, 0x40, 0x00
.globl _sym_00c0f7b0
_sym_00c0f7b0:
.long _sym_00b69fe8
.byte 0x00, 0x00, 0x00, 0x00, 0x2e, 0x3f, 0x41, 0x56, 0x3f, 0x24, 0x50, 0x43, 0x6c, 0x61, 0x73, 0x73
.byte 0x44, 0x65, 0x73, 0x63, 0x72, 0x69, 0x70, 0x74, 0x6f, 0x72, 0x41, 0x62, 0x73, 0x74, 0x72, 0x61
.byte 0x63, 0x74, 0x40, 0x56, 0x50, 0x4d, 0x65, 0x73, 0x68, 0x40, 0x50, 0x47, 0x65, 0x6f, 0x6d, 0x65
.byte 0x74, 0x72, 0x79, 0x40, 0x50, 0x68, 0x79, 0x72, 0x65, 0x40, 0x40, 0x40, 0x50, 0x68, 0x79, 0x72
.byte 0x65, 0x40, 0x40, 0x00
.globl _sym_00c0f7f8
_sym_00c0f7f8:
.long _sym_00b69fe8
.byte 0x00, 0x00, 0x00, 0x00, 0x2e, 0x3f, 0x41, 0x56, 0x3f, 0x24, 0x50, 0x43, 0x6c, 0x61, 0x73, 0x73
.byte 0x44, 0x65, 0x73, 0x63, 0x72, 0x69, 0x70, 0x74, 0x6f, 0x72, 0x46, 0x6f, 0x72, 0x54, 0x79, 0x70
.byte 0x65, 0x40, 0x56, 0x50, 0x4d, 0x65, 0x73, 0x68, 0x40, 0x50, 0x47, 0x65, 0x6f, 0x6d, 0x65, 0x74
.byte 0x72, 0x79, 0x40, 0x50, 0x68, 0x79, 0x72, 0x65, 0x40, 0x40, 0x40, 0x50, 0x68, 0x79, 0x72, 0x65
.byte 0x40, 0x40, 0x00, 0x00
.globl _sym_00c0f840
_sym_00c0f840:
.long _sym_00b15b64
.globl _sym_00c0f844
_sym_00c0f844:
.long _sym_00b15bbc
.globl _sym_00c0f848
_sym_00c0f848:
.long _sym_00b15c14
.globl _sym_00c0f84c
_sym_00c0f84c:
.long _sym_00b15bbc
.globl _sym_00c0f850
_sym_00c0f850:
.long _sym_00b15c88
.globl _sym_00c0f854
_sym_00c0f854:
.long _sym_00b15cd8
.globl _sym_00c0f858
_sym_00c0f858:
.long _sym_00b69fe8
.byte 0x00, 0x00, 0x00, 0x00, 0x2e, 0x3f, 0x41, 0x56, 0x3f, 0x24, 0x50, 0x43, 0x6c, 0x61, 0x73, 0x73
.byte 0x44, 0x61, 0x74, 0x61, 0x4d, 0x65, 0x6d, 0x62, 0x65, 0x72, 0x50, 0x68, 0x79, 0x72, 0x65, 0x41
.byte 0x72, 0x72, 0x61, 0x79, 0x40, 0x56, 0x50, 0x4d, 0x65, 0x73, 0x68, 0x53, 0x65, 0x67, 0x6d, 0x65
.byte 0x6e, 0x74, 0x40, 0x50, 0x47, 0x65, 0x6f, 0x6d, 0x65, 0x74, 0x72, 0x79, 0x40, 0x50, 0x68, 0x79
.byte 0x72, 0x65, 0x40, 0x40, 0x40, 0x50, 0x68, 0x79, 0x72, 0x65, 0x40, 0x40, 0x00, 0x00, 0x00, 0x00
.byte 0x00, 0x00, 0x00, 0x00
.globl _sym_00c0f8b0
_sym_00c0f8b0:
.long _sym_00b69fe8
.byte 0x00, 0x00, 0x00, 0x00, 0x2e, 0x3f, 0x41, 0x56, 0x3f, 0x24, 0x50, 0x43, 0x6c, 0x61, 0x73, 0x73
.byte 0x44, 0x61, 0x74, 0x61, 0x4d, 0x65, 0x6d, 0x62, 0x65, 0x72, 0x50, 0x68, 0x79, 0x72, 0x65, 0x41
.byte 0x72, 0x72, 0x61, 0x79, 0x40, 0x56, 0x50, 0x4d, 0x61, 0x74, 0x72, 0x69, 0x78, 0x34, 0x40, 0x50
.byte 0x68, 0x79, 0x72, 0x65, 0x40, 0x40, 0x40, 0x50, 0x68, 0x79, 0x72, 0x65, 0x40, 0x40, 0x00, 0x00
.byte 0x00, 0x00, 0x00, 0x00
.globl _sym_00c0f8f8
_sym_00c0f8f8:
.long _sym_00b69fe8
.byte 0x00, 0x00, 0x00, 0x00, 0x2e, 0x3f, 0x41, 0x56, 0x3f, 0x24, 0x50, 0x43, 0x6c, 0x61, 0x73, 0x73
.byte 0x44, 0x61, 0x74, 0x61, 0x4d, 0x65, 0x6d, 0x62, 0x65, 0x72, 0x50, 0x68, 0x79, 0x72, 0x65, 0x41
.byte 0x72, 0x72, 0x61, 0x79, 0x40, 0x56, 0x50, 0x53, 0x6b, 0x65, 0x6c, 0x65, 0x74, 0x6f, 0x6e, 0x4a
.byte 0x6f, 0x69, 0x6e, 0x74, 0x42, 0x6f, 0x75, 0x6e, 0x64, 0x73, 0x40, 0x50, 0x47, 0x65, 0x6f, 0x6d
.byte 0x65, 0x74, 0x72, 0x79, 0x40, 0x50, 0x68, 0x79, 0x72, 0x65, 0x40, 0x40, 0x40, 0x50, 0x68, 0x79
.byte 0x72, 0x65, 0x40, 0x40, 0x00, 0x00, 0x00, 0x00, 0x00, 0x00, 0x00, 0x00
.globl _sym_00c0f958
_sym_00c0f958:
.long _sym_00b69fe8
.byte 0x00, 0x00, 0x00, 0x00, 0x2e, 0x3f, 0x41, 0x56, 0x3f, 0x24, 0x50, 0x43, 0x6c, 0x61, 0x73, 0x73
.byte 0x44, 0x61, 0x74, 0x61, 0x4d, 0x65, 0x6d, 0x62, 0x65, 0x72, 0x50, 0x68, 0x79, 0x72, 0x65, 0x41
.byte 0x72, 0x72, 0x61, 0x79, 0x40, 0x56, 0x50, 0x53, 0x74, 0x72, 0x69, 0x6e, 0x67, 0x40, 0x50, 0x68
.byte 0x79, 0x72, 0x65, 0x40, 0x40, 0x40, 0x50, 0x68, 0x79, 0x72, 0x65, 0x40, 0x40, 0x00, 0x00, 0x00
.globl _sym_00c0f99c
_sym_00c0f99c:
.long _sym_00b69fe8
.byte 0x00, 0x00, 0x00, 0x00, 0x2e, 0x3f, 0x41, 0x56, 0x3f, 0x24, 0x50, 0x43, 0x6c, 0x61, 0x73, 0x73
.byte 0x44, 0x61, 0x74, 0x61, 0x4d, 0x65, 0x6d, 0x62, 0x65, 0x72, 0x50, 0x68, 0x79, 0x72, 0x65, 0x41
.byte 0x72, 0x72, 0x61, 0x79, 0x40, 0x48, 0x40, 0x50, 0x68, 0x79, 0x72, 0x65, 0x40, 0x40, 0x00, 0x00
.globl _sym_00c0f9d0
_sym_00c0f9d0:
.long _sym_00b69fe8
.byte 0x00, 0x00, 0x00, 0x00, 0x2e, 0x3f, 0x41, 0x56, 0x3f, 0x24, 0x50, 0x43, 0x6c, 0x61, 0x73, 0x73
.byte 0x44, 0x65, 0x73, 0x63, 0x72, 0x69, 0x70, 0x74, 0x6f, 0x72, 0x43, 0x6f, 0x6e, 0x63, 0x72, 0x65
.byte 0x74, 0x65, 0x40, 0x56, 0x3f, 0x24, 0x50, 0x41, 0x72, 0x72, 0x61, 0x79, 0x40, 0x48, 0x24, 0x30
.byte 0x33, 0x40, 0x50, 0x68, 0x79, 0x72, 0x65, 0x40, 0x40, 0x40, 0x50, 0x68, 0x79, 0x72, 0x65, 0x40
.byte 0x40, 0x00, 0x00, 0x00
.globl _sym_00c0fa18
_sym_00c0fa18:
.long _sym_00b69fe8
.byte 0x00, 0x00, 0x00, 0x00, 0x2e, 0x3f, 0x41, 0x56, 0x3f, 0x24, 0x50, 0x43, 0x6c, 0x61, 0x73, 0x73
.byte 0x44, 0x65, 0x73, 0x63, 0x72, 0x69, 0x70, 0x74, 0x6f, 0x72, 0x41, 0x62, 0x73, 0x74, 0x72, 0x61
.byte 0x63, 0x74, 0x40, 0x56, 0x3f, 0x24, 0x50, 0x41, 0x72, 0x72, 0x61, 0x79, 0x40, 0x48, 0x24, 0x30
.byte 0x33, 0x40, 0x50, 0x68, 0x79, 0x72, 0x65, 0x40, 0x40, 0x40, 0x50, 0x68, 0x79, 0x72, 0x65, 0x40
.byte 0x40, 0x00, 0x00, 0x00
.globl _sym_00c0fa60
_sym_00c0fa60:
.long _sym_00b69fe8
.byte 0x00, 0x00, 0x00, 0x00, 0x2e, 0x3f, 0x41, 0x56, 0x3f, 0x24, 0x50, 0x43, 0x6c, 0x61, 0x73, 0x73
.byte 0x44, 0x65, 0x73, 0x63, 0x72, 0x69, 0x70, 0x74, 0x6f, 0x72, 0x46, 0x6f, 0x72, 0x54, 0x79, 0x70
.byte 0x65, 0x40, 0x56, 0x3f, 0x24, 0x50, 0x41, 0x72, 0x72, 0x61, 0x79, 0x40, 0x48, 0x24, 0x30, 0x33
.byte 0x40, 0x50, 0x68, 0x79, 0x72, 0x65, 0x40, 0x40, 0x40, 0x50, 0x68, 0x79, 0x72, 0x65, 0x40, 0x40
.byte 0x00, 0x00, 0x00, 0x00
.globl _sym_00c0faa8
_sym_00c0faa8:
.long _sym_00b69fe8
.byte 0x00, 0x00, 0x00, 0x00, 0x2e, 0x3f, 0x41, 0x56, 0x3f, 0x24, 0x50, 0x43, 0x6c, 0x61, 0x73, 0x73
.byte 0x44, 0x61, 0x74, 0x61, 0x4d, 0x65, 0x6d, 0x62, 0x65, 0x72, 0x41, 0x72, 0x72, 0x61, 0x79, 0x44
.byte 0x79, 0x6e, 0x61, 0x6d, 0x69, 0x63, 0x40, 0x56, 0x3f, 0x24, 0x50, 0x41, 0x72, 0x72, 0x61, 0x79
.byte 0x40, 0x48, 0x24, 0x30, 0x33, 0x40, 0x50, 0x68, 0x79, 0x72, 0x65, 0x40, 0x40, 0x40, 0x50, 0x68
.byte 0x79, 0x72, 0x65, 0x40, 0x40, 0x00, 0x00, 0x00, 0x00, 0x00, 0x00, 0x00
.globl _sym_00c0faf8
_sym_00c0faf8:
.long _sym_00b69fe8
.byte 0x00, 0x00, 0x00, 0x00, 0x2e, 0x3f, 0x41, 0x56, 0x3f, 0x24, 0x50, 0x43, 0x6c, 0x61, 0x73, 0x73
.byte 0x44, 0x65, 0x73, 0x63, 0x72, 0x69, 0x70, 0x74, 0x6f, 0x72, 0x43, 0x6f, 0x6e, 0x63, 0x72, 0x65
.byte 0x74, 0x65, 0x40, 0x56, 0x3f, 0x24, 0x50, 0x41, 0x72, 0x72, 0x61, 0x79, 0x40, 0x56, 0x50, 0x53
.byte 0x74, 0x72, 0x69, 0x6e, 0x67, 0x40, 0x50, 0x68, 0x79, 0x72, 0x65, 0x40, 0x40, 0x24, 0x30, 0x33
.byte 0x40, 0x50, 0x68, 0x79, 0x72, 0x65, 0x40, 0x40, 0x40, 0x50, 0x68, 0x79, 0x72, 0x65, 0x40, 0x40
.byte 0x00, 0x00, 0x00, 0x00
.globl _sym_00c0fb50
_sym_00c0fb50:
.long _sym_00b69fe8
.byte 0x00, 0x00, 0x00, 0x00, 0x2e, 0x3f, 0x41, 0x56, 0x3f, 0x24, 0x50, 0x43, 0x6c, 0x61, 0x73, 0x73
.byte 0x44, 0x65, 0x73, 0x63, 0x72, 0x69, 0x70, 0x74, 0x6f, 0x72, 0x41, 0x62, 0x73, 0x74, 0x72, 0x61
.byte 0x63, 0x74, 0x40, 0x56, 0x3f, 0x24, 0x50, 0x41, 0x72, 0x72, 0x61, 0x79, 0x40, 0x56, 0x50, 0x53
.byte 0x74, 0x72, 0x69, 0x6e, 0x67, 0x40, 0x50, 0x68, 0x79, 0x72, 0x65, 0x40, 0x40, 0x24, 0x30, 0x33
.byte 0x40, 0x50, 0x68, 0x79, 0x72, 0x65, 0x40, 0x40, 0x40, 0x50, 0x68, 0x79, 0x72, 0x65, 0x40, 0x40
.byte 0x00, 0x00, 0x00, 0x00
.globl _sym_00c0fba8
_sym_00c0fba8:
.long _sym_00b69fe8
.byte 0x00, 0x00, 0x00, 0x00, 0x2e, 0x3f, 0x41, 0x56, 0x3f, 0x24, 0x50, 0x43, 0x6c, 0x61, 0x73, 0x73
.byte 0x44, 0x65, 0x73, 0x63, 0x72, 0x69, 0x70, 0x74, 0x6f, 0x72, 0x46, 0x6f, 0x72, 0x54, 0x79, 0x70
.byte 0x65, 0x40, 0x56, 0x3f, 0x24, 0x50, 0x41, 0x72, 0x72, 0x61, 0x79, 0x40, 0x56, 0x50, 0x53, 0x74
.byte 0x72, 0x69, 0x6e, 0x67, 0x40, 0x50, 0x68, 0x79, 0x72, 0x65, 0x40, 0x40, 0x24, 0x30, 0x33, 0x40
.byte 0x50, 0x68, 0x79, 0x72, 0x65, 0x40, 0x40, 0x40, 0x50, 0x68, 0x79, 0x72, 0x65, 0x40, 0x40, 0x00
.byte 0x00, 0x00, 0x00, 0x00
.globl _sym_00c0fc00
_sym_00c0fc00:
.long _sym_00b69fe8
.byte 0x00, 0x00, 0x00, 0x00, 0x2e, 0x3f, 0x41, 0x56, 0x3f, 0x24, 0x50, 0x43, 0x6c, 0x61, 0x73, 0x73
.byte 0x44, 0x61, 0x74, 0x61, 0x4d, 0x65, 0x6d, 0x62, 0x65, 0x72, 0x41, 0x72, 0x72, 0x61, 0x79, 0x44
.byte 0x79, 0x6e, 0x61, 0x6d, 0x69, 0x63, 0x40, 0x56, 0x3f, 0x24, 0x50, 0x41, 0x72, 0x72, 0x61, 0x79
.byte 0x40, 0x56, 0x50, 0x53, 0x74, 0x72, 0x69, 0x6e, 0x67, 0x40, 0x50, 0x68, 0x79, 0x72, 0x65, 0x40
.byte 0x40, 0x24, 0x30, 0x33, 0x40, 0x50, 0x68, 0x79, 0x72, 0x65, 0x40, 0x40, 0x40, 0x50, 0x68, 0x79
.byte 0x72, 0x65, 0x40, 0x40, 0x00, 0x00, 0x00, 0x00, 0x00, 0x00, 0x00, 0x00
.globl _sym_00c0fc60
_sym_00c0fc60:
.long _sym_00b69fe8
.byte 0x00, 0x00, 0x00, 0x00, 0x2e, 0x3f, 0x41, 0x56, 0x3f, 0x24, 0x50, 0x43, 0x6c, 0x61, 0x73, 0x73
.byte 0x44, 0x65, 0x73, 0x63, 0x72, 0x69, 0x70, 0x74, 0x6f, 0x72, 0x43, 0x6f, 0x6e, 0x63, 0x72, 0x65
.byte 0x74, 0x65, 0x40, 0x56, 0x3f, 0x24, 0x50, 0x41, 0x72, 0x72, 0x61, 0x79, 0x40, 0x56, 0x50, 0x4d
.byte 0x61, 0x74, 0x72, 0x69, 0x78, 0x34, 0x40, 0x50, 0x68, 0x79, 0x72, 0x65, 0x40, 0x40, 0x24, 0x30
.byte 0x33, 0x40, 0x50, 0x68, 0x79, 0x72, 0x65, 0x40, 0x40, 0x40, 0x50, 0x68, 0x79, 0x72, 0x65, 0x40
.byte 0x40, 0x00, 0x00, 0x00
.globl _sym_00c0fcb8
_sym_00c0fcb8:
.long _sym_00b69fe8
.byte 0x00, 0x00, 0x00, 0x00, 0x2e, 0x3f, 0x41, 0x56, 0x3f, 0x24, 0x50, 0x43, 0x6c, 0x61, 0x73, 0x73
.byte 0x44, 0x65, 0x73, 0x63, 0x72, 0x69, 0x70, 0x74, 0x6f, 0x72, 0x41, 0x62, 0x73, 0x74, 0x72, 0x61
.byte 0x63, 0x74, 0x40, 0x56, 0x3f, 0x24, 0x50, 0x41, 0x72, 0x72, 0x61, 0x79, 0x40, 0x56, 0x50, 0x4d
.byte 0x61, 0x74, 0x72, 0x69, 0x78, 0x34, 0x40, 0x50, 0x68, 0x79, 0x72, 0x65, 0x40, 0x40, 0x24, 0x30
.byte 0x33, 0x40, 0x50, 0x68, 0x79, 0x72, 0x65, 0x40, 0x40, 0x40, 0x50, 0x68, 0x79, 0x72, 0x65, 0x40
.byte 0x40, 0x00, 0x00, 0x00
.globl _sym_00c0fd10
_sym_00c0fd10:
.long _sym_00b69fe8
.byte 0x00, 0x00, 0x00, 0x00, 0x2e, 0x3f, 0x41, 0x56, 0x3f, 0x24, 0x50, 0x43, 0x6c, 0x61, 0x73, 0x73
.byte 0x44, 0x65, 0x73, 0x63, 0x72, 0x69, 0x70, 0x74, 0x6f, 0x72, 0x46, 0x6f, 0x72, 0x54, 0x79, 0x70
.byte 0x65, 0x40, 0x56, 0x3f, 0x24, 0x50, 0x41, 0x72, 0x72, 0x61, 0x79, 0x40, 0x56, 0x50, 0x4d, 0x61
.byte 0x74, 0x72, 0x69, 0x78, 0x34, 0x40, 0x50, 0x68, 0x79, 0x72, 0x65, 0x40, 0x40, 0x24, 0x30, 0x33
.byte 0x40, 0x50, 0x68, 0x79, 0x72, 0x65, 0x40, 0x40, 0x40, 0x50, 0x68, 0x79, 0x72, 0x65, 0x40, 0x40
.byte 0x00, 0x00, 0x00, 0x00
.globl _sym_00c0fd68
_sym_00c0fd68:
.long _sym_00b69fe8
.byte 0x00, 0x00, 0x00, 0x00, 0x2e, 0x3f, 0x41, 0x56, 0x3f, 0x24, 0x50, 0x43, 0x6c, 0x61, 0x73, 0x73
.byte 0x44, 0x61, 0x74, 0x61, 0x4d, 0x65, 0x6d, 0x62, 0x65, 0x72, 0x41, 0x72, 0x72, 0x61, 0x79, 0x44
.byte 0x79, 0x6e, 0x61, 0x6d, 0x69, 0x63, 0x40, 0x56, 0x3f, 0x24, 0x50, 0x41, 0x72, 0x72, 0x61, 0x79
.byte 0x40, 0x56, 0x50, 0x4d, 0x61, 0x74, 0x72, 0x69, 0x78, 0x34, 0x40, 0x50, 0x68, 0x79, 0x72, 0x65
.byte 0x40, 0x40, 0x24, 0x30, 0x33, 0x40, 0x50, 0x68, 0x79, 0x72, 0x65, 0x40, 0x40, 0x40, 0x50, 0x68
.byte 0x79, 0x72, 0x65, 0x40, 0x40, 0x00, 0x00, 0x00, 0x00, 0x00, 0x00, 0x00
.globl _sym_00c0fdc8
_sym_00c0fdc8:
.long _sym_00b69fe8
.byte 0x00, 0x00, 0x00, 0x00, 0x2e, 0x3f, 0x41, 0x56, 0x3f, 0x24, 0x50, 0x43, 0x6c, 0x61, 0x73, 0x73
.byte 0x44, 0x65, 0x73, 0x63, 0x72, 0x69, 0x70, 0x74, 0x6f, 0x72, 0x43, 0x6f, 0x6e, 0x63, 0x72, 0x65
.byte 0x74, 0x65, 0x40, 0x56, 0x3f, 0x24, 0x50, 0x41, 0x72, 0x72, 0x61, 0x79, 0x40, 0x56, 0x50, 0x53
.byte 0x6b, 0x65, 0x6c, 0x65, 0x74, 0x6f, 0x6e, 0x4a, 0x6f, 0x69, 0x6e, 0x74, 0x42, 0x6f, 0x75, 0x6e
.byte 0x64, 0x73, 0x40, 0x50, 0x47, 0x65, 0x6f, 0x6d, 0x65, 0x74, 0x72, 0x79, 0x40, 0x50, 0x68, 0x79
.byte 0x72, 0x65, 0x40, 0x40, 0x24, 0x30, 0x33, 0x40, 0x50, 0x68, 0x79, 0x72, 0x65, 0x40, 0x40, 0x40
.byte 0x50, 0x68, 0x79, 0x72, 0x65, 0x40, 0x40, 0x00, 0x00, 0x00, 0x00, 0x00
.globl _sym_00c0fe38
_sym_00c0fe38:
.long _sym_00b69fe8
.byte 0x00, 0x00, 0x00, 0x00, 0x2e, 0x3f, 0x41, 0x56, 0x3f, 0x24, 0x50, 0x43, 0x6c, 0x61, 0x73, 0x73
.byte 0x44, 0x65, 0x73, 0x63, 0x72, 0x69, 0x70, 0x74, 0x6f, 0x72, 0x41, 0x62, 0x73, 0x74, 0x72, 0x61
.byte 0x63, 0x74, 0x40, 0x56, 0x3f, 0x24, 0x50, 0x41, 0x72, 0x72, 0x61, 0x79, 0x40, 0x56, 0x50, 0x53
.byte 0x6b, 0x65, 0x6c, 0x65, 0x74, 0x6f, 0x6e, 0x4a, 0x6f, 0x69, 0x6e, 0x74, 0x42, 0x6f, 0x75, 0x6e
.byte 0x64, 0x73, 0x40, 0x50, 0x47, 0x65, 0x6f, 0x6d, 0x65, 0x74, 0x72, 0x79, 0x40, 0x50, 0x68, 0x79
.byte 0x72, 0x65, 0x40, 0x40, 0x24, 0x30, 0x33, 0x40, 0x50, 0x68, 0x79, 0x72, 0x65, 0x40, 0x40, 0x40
.byte 0x50, 0x68, 0x79, 0x72, 0x65, 0x40, 0x40, 0x00, 0x00, 0x00, 0x00, 0x00
.globl _sym_00c0fea8
_sym_00c0fea8:
.long _sym_00b69fe8
.byte 0x00, 0x00, 0x00, 0x00, 0x2e, 0x3f, 0x41, 0x56, 0x3f, 0x24, 0x50, 0x43, 0x6c, 0x61, 0x73, 0x73
.byte 0x44, 0x65, 0x73, 0x63, 0x72, 0x69, 0x70, 0x74, 0x6f, 0x72, 0x46, 0x6f, 0x72, 0x54, 0x79, 0x70
.byte 0x65, 0x40, 0x56, 0x3f, 0x24, 0x50, 0x41, 0x72, 0x72, 0x61, 0x79, 0x40, 0x56, 0x50, 0x53, 0x6b
.byte 0x65, 0x6c, 0x65, 0x74, 0x6f, 0x6e, 0x4a, 0x6f, 0x69, 0x6e, 0x74, 0x42, 0x6f, 0x75, 0x6e, 0x64
.byte 0x73, 0x40, 0x50, 0x47, 0x65, 0x6f, 0x6d, 0x65, 0x74, 0x72, 0x79, 0x40, 0x50, 0x68, 0x79, 0x72
.byte 0x65, 0x40, 0x40, 0x24, 0x30, 0x33, 0x40, 0x50, 0x68, 0x79, 0x72, 0x65, 0x40, 0x40, 0x40, 0x50
.byte 0x68, 0x79, 0x72, 0x65, 0x40, 0x40, 0x00, 0x00, 0x00, 0x00, 0x00, 0x00
.globl _sym_00c0ff18
_sym_00c0ff18:
.long _sym_00b69fe8
.byte 0x00, 0x00, 0x00, 0x00, 0x2e, 0x3f, 0x41, 0x56, 0x3f, 0x24, 0x50, 0x43, 0x6c, 0x61, 0x73, 0x73
.byte 0x44, 0x61, 0x74, 0x61, 0x4d, 0x65, 0x6d, 0x62, 0x65, 0x72, 0x41, 0x72, 0x72, 0x61, 0x79, 0x44
.byte 0x79, 0x6e, 0x61, 0x6d, 0x69, 0x63, 0x40, 0x56, 0x3f, 0x24, 0x50, 0x41, 0x72, 0x72, 0x61, 0x79
.byte 0x40, 0x56, 0x50, 0x53, 0x6b, 0x65, 0x6c, 0x65, 0x74, 0x6f, 0x6e, 0x4a, 0x6f, 0x69, 0x6e, 0x74
.byte 0x42, 0x6f, 0x75, 0x6e, 0x64, 0x73, 0x40, 0x50, 0x47, 0x65, 0x6f, 0x6d, 0x65, 0x74, 0x72, 0x79
.byte 0x40, 0x50, 0x68, 0x79, 0x72, 0x65, 0x40, 0x40, 0x24, 0x30, 0x33, 0x40, 0x50, 0x68, 0x79, 0x72
.byte 0x65, 0x40, 0x40, 0x40, 0x50, 0x68, 0x79, 0x72, 0x65, 0x40, 0x40, 0x00
.globl _sym_00c0ff88
_sym_00c0ff88:
.long _sym_00b69fe8
.byte 0x00, 0x00, 0x00, 0x00, 0x2e, 0x3f, 0x41, 0x56, 0x3f, 0x24, 0x50, 0x43, 0x6c, 0x61, 0x73, 0x73
.byte 0x44, 0x65, 0x73, 0x63, 0x72, 0x69, 0x70, 0x74, 0x6f, 0x72, 0x43, 0x6f, 0x6e, 0x63, 0x72, 0x65
.byte 0x74, 0x65, 0x40, 0x56, 0x3f, 0x24, 0x50, 0x41, 0x72, 0x72, 0x61, 0x79, 0x40, 0x56, 0x50, 0x4d
.byte 0x65, 0x73, 0x68, 0x53, 0x65, 0x67, 0x6d, 0x65, 0x6e, 0x74, 0x40, 0x50, 0x47, 0x65, 0x6f, 0x6d
.byte 0x65, 0x74, 0x72, 0x79, 0x40, 0x50, 0x68, 0x79, 0x72, 0x65, 0x40, 0x40, 0x24, 0x30, 0x33, 0x40
.byte 0x50, 0x68, 0x79, 0x72, 0x65, 0x40, 0x40, 0x40, 0x50, 0x68, 0x79, 0x72, 0x65, 0x40, 0x40, 0x00
.byte 0x00, 0x00, 0x00, 0x00
.globl _sym_00c0fff0
_sym_00c0fff0:
.long _sym_00b69fe8
.byte 0x00, 0x00, 0x00, 0x00, 0x2e, 0x3f, 0x41, 0x56, 0x3f, 0x24, 0x50, 0x43, 0x6c, 0x61, 0x73, 0x73
.byte 0x44, 0x65, 0x73, 0x63, 0x72, 0x69, 0x70, 0x74, 0x6f, 0x72, 0x41, 0x62, 0x73, 0x74, 0x72, 0x61
.byte 0x63, 0x74, 0x40, 0x56, 0x3f, 0x24, 0x50, 0x41, 0x72, 0x72, 0x61, 0x79, 0x40, 0x56, 0x50, 0x4d
.byte 0x65, 0x73, 0x68, 0x53, 0x65, 0x67, 0x6d, 0x65, 0x6e, 0x74, 0x40, 0x50, 0x47, 0x65, 0x6f, 0x6d
.byte 0x65, 0x74, 0x72, 0x79, 0x40, 0x50, 0x68, 0x79, 0x72, 0x65, 0x40, 0x40, 0x24, 0x30, 0x33, 0x40
.byte 0x50, 0x68, 0x79, 0x72, 0x65, 0x40, 0x40, 0x40, 0x50, 0x68, 0x79, 0x72, 0x65, 0x40, 0x40, 0x00
.byte 0x00, 0x00, 0x00, 0x00
.globl _sym_00c10058
_sym_00c10058:
.long _sym_00b69fe8
.byte 0x00, 0x00, 0x00, 0x00, 0x2e, 0x3f, 0x41, 0x56, 0x3f, 0x24, 0x50, 0x43, 0x6c, 0x61, 0x73, 0x73
.byte 0x44, 0x65, 0x73, 0x63, 0x72, 0x69, 0x70, 0x74, 0x6f, 0x72, 0x46, 0x6f, 0x72, 0x54, 0x79, 0x70
.byte 0x65, 0x40, 0x56, 0x3f, 0x24, 0x50, 0x41, 0x72, 0x72, 0x61, 0x79, 0x40, 0x56, 0x50, 0x4d, 0x65
.byte 0x73, 0x68, 0x53, 0x65, 0x67, 0x6d, 0x65, 0x6e, 0x74, 0x40, 0x50, 0x47, 0x65, 0x6f, 0x6d, 0x65
.byte 0x74, 0x72, 0x79, 0x40, 0x50, 0x68, 0x79, 0x72, 0x65, 0x40, 0x40, 0x24, 0x30, 0x33, 0x40, 0x50
.byte 0x68, 0x79, 0x72, 0x65, 0x40, 0x40, 0x40, 0x50, 0x68, 0x79, 0x72, 0x65, 0x40, 0x40, 0x00, 0x00
.byte 0x00, 0x00, 0x00, 0x00
.globl _sym_00c100c0
_sym_00c100c0:
.long _sym_00b69fe8
.byte 0x00, 0x00, 0x00, 0x00, 0x2e, 0x3f, 0x41, 0x56, 0x3f, 0x24, 0x50, 0x43, 0x6c, 0x61, 0x73, 0x73
.byte 0x44, 0x61, 0x74, 0x61, 0x4d, 0x65, 0x6d, 0x62, 0x65, 0x72, 0x41, 0x72, 0x72, 0x61, 0x79, 0x44
.byte 0x79, 0x6e, 0x61, 0x6d, 0x69, 0x63, 0x40, 0x56, 0x3f, 0x24, 0x50, 0x41, 0x72, 0x72, 0x61, 0x79
.byte 0x40, 0x56, 0x50, 0x4d, 0x65, 0x73, 0x68, 0x53, 0x65, 0x67, 0x6d, 0x65, 0x6e, 0x74, 0x40, 0x50
.byte 0x47, 0x65, 0x6f, 0x6d, 0x65, 0x74, 0x72, 0x79, 0x40, 0x50, 0x68, 0x79, 0x72, 0x65, 0x40, 0x40
.byte 0x24, 0x30, 0x33, 0x40, 0x50, 0x68, 0x79, 0x72, 0x65, 0x40, 0x40, 0x40, 0x50, 0x68, 0x79, 0x72
.byte 0x65, 0x40, 0x40, 0x00
.globl _sym_00c10128
_sym_00c10128:
.long _sym_00b69fe8
.byte 0x00, 0x00, 0x00, 0x00, 0x2e, 0x3f, 0x41, 0x56, 0x3f, 0x24, 0x50, 0x4d, 0x65, 0x74, 0x68, 0x6f
.byte 0x64, 0x43, 0x61, 0x6c, 0x6c, 0x65, 0x72, 0x43, 0x6f, 0x6e, 0x63, 0x72, 0x65, 0x74, 0x65, 0x40
.byte 0x56, 0x50, 0x4d, 0x65, 0x73, 0x68, 0x40, 0x50, 0x47, 0x65, 0x6f, 0x6d, 0x65, 0x74, 0x72, 0x79
.byte 0x40, 0x50, 0x68, 0x79, 0x72, 0x65, 0x40, 0x40, 0x48, 0x50, 0x42, 0x44, 0x40, 0x50, 0x43, 0x61
.byte 0x6c, 0x6c, 0x65, 0x72, 0x49, 0x6d, 0x70, 0x6c, 0x65, 0x6d, 0x65, 0x6e, 0x74, 0x61, 0x74, 0x69
.byte 0x6f, 0x6e, 0x31, 0x40, 0x50, 0x43, 0x61, 0x6c, 0x6c, 0x65, 0x72, 0x49, 0x6d, 0x70, 0x6c, 0x65
.byte 0x6d, 0x65, 0x6e, 0x74, 0x61, 0x74, 0x69, 0x6f, 0x6e, 0x40, 0x50, 0x49, 0x6e, 0x74, 0x65, 0x72
.byte 0x6e, 0x61, 0x6c, 0x40, 0x50, 0x68, 0x79, 0x72, 0x65, 0x40, 0x40, 0x00
.globl _sym_00c101a8
_sym_00c101a8:
.long _sym_00b69fe8
.byte 0x00, 0x00, 0x00, 0x00, 0x2e, 0x3f, 0x41, 0x56, 0x3f, 0x24, 0x50, 0x43, 0x6c, 0x61, 0x73, 0x73
.byte 0x44, 0x65, 0x73, 0x63, 0x72, 0x69, 0x70, 0x74, 0x6f, 0x72, 0x41, 0x62, 0x73, 0x74, 0x72, 0x61
.byte 0x63, 0x74, 0x40, 0x56, 0x50, 0x44, 0x79, 0x6e, 0x61, 0x6d, 0x69, 0x63, 0x4d, 0x65, 0x73, 0x68
.byte 0x40, 0x50, 0x47, 0x65, 0x6f, 0x6d, 0x65, 0x74, 0x72, 0x79, 0x40, 0x50, 0x68, 0x79, 0x72, 0x65
.byte 0x40, 0x40, 0x40, 0x50, 0x68, 0x79, 0x72, 0x65, 0x40, 0x40, 0x00, 0x00
.globl _sym_00c101f8
_sym_00c101f8:
.long _sym_00b69fe8
.byte 0x00, 0x00, 0x00, 0x00, 0x2e, 0x3f, 0x41, 0x56, 0x3f, 0x24, 0x50, 0x43, 0x6c, 0x61, 0x73, 0x73
.byte 0x44, 0x65, 0x73, 0x63, 0x72, 0x69, 0x70, 0x74, 0x6f, 0x72, 0x46, 0x6f, 0x72, 0x54, 0x79, 0x70
.byte 0x65, 0x40, 0x56, 0x50, 0x44, 0x79, 0x6e, 0x61, 0x6d, 0x69, 0x63, 0x4d, 0x65, 0x73, 0x68, 0x40
.byte 0x50, 0x47, 0x65, 0x6f, 0x6d, 0x65, 0x74, 0x72, 0x79, 0x40, 0x50, 0x68, 0x79, 0x72, 0x65, 0x40
.byte 0x40, 0x40, 0x50, 0x68, 0x79, 0x72, 0x65, 0x40, 0x40, 0x00, 0x00, 0x00
.globl _sym_00c10248
_sym_00c10248:
.long _sym_00b69fe8
.byte 0x00, 0x00, 0x00, 0x00, 0x2e, 0x3f, 0x41, 0x56, 0x3f, 0x24, 0x50, 0x43, 0x6c, 0x61, 0x73, 0x73
.byte 0x44, 0x65, 0x73, 0x63, 0x72, 0x69, 0x70, 0x74, 0x6f, 0x72, 0x43, 0x6f, 0x6e, 0x63, 0x72, 0x65
.byte 0x74, 0x65, 0x40, 0x56, 0x50, 0x44, 0x79, 0x6e, 0x61, 0x6d, 0x69, 0x63, 0x53, 0x65, 0x67, 0x6d
.byte 0x65, 0x6e, 0x74, 0x44, 0x65, 0x73, 0x63, 0x40, 0x50, 0x44, 0x79, 0x6e, 0x61, 0x6d, 0x69, 0x63
.byte 0x4d, 0x65, 0x73, 0x68, 0x40, 0x50, 0x47, 0x65, 0x6f, 0x6d, 0x65, 0x74, 0x72, 0x79, 0x40, 0x50
.byte 0x68, 0x79, 0x72, 0x65, 0x40, 0x40, 0x40, 0x50, 0x68, 0x79, 0x72, 0x65, 0x40, 0x40, 0x00, 0x00
.byte 0x00, 0x00, 0x00, 0x00
.globl _sym_00c102b0
_sym_00c102b0:
.long _sym_00b69fe8
.byte 0x00, 0x00, 0x00, 0x00, 0x2e, 0x3f, 0x41, 0x56, 0x3f, 0x24, 0x50, 0x43, 0x6c, 0x61, 0x73, 0x73
.byte 0x44, 0x65, 0x73, 0x63, 0x72, 0x69, 0x70, 0x74, 0x6f, 0x72, 0x41, 0x62, 0x73, 0x74, 0x72, 0x61
.byte 0x63, 0x74, 0x40, 0x56, 0x50, 0x44, 0x79, 0x6e, 0x61, 0x6d, 0x69, 0x63, 0x53, 0x65, 0x67, 0x6d
.byte 0x65, 0x6e, 0x74, 0x44, 0x65, 0x73, 0x63, 0x40, 0x50, 0x44, 0x79, 0x6e, 0x61, 0x6d, 0x69, 0x63
.byte 0x4d, 0x65, 0x73, 0x68, 0x40, 0x50, 0x47, 0x65, 0x6f, 0x6d, 0x65, 0x74, 0x72, 0x79, 0x40, 0x50
.byte 0x68, 0x79, 0x72, 0x65, 0x40, 0x40, 0x40, 0x50, 0x68, 0x79, 0x72, 0x65, 0x40, 0x40, 0x00, 0x00
.byte 0x00, 0x00, 0x00, 0x00
.globl _sym_00c10318
_sym_00c10318:
.long _sym_00b69fe8
.byte 0x00, 0x00, 0x00, 0x00, 0x2e, 0x3f, 0x41, 0x56, 0x3f, 0x24, 0x50, 0x43, 0x6c, 0x61, 0x73, 0x73
.byte 0x44, 0x65, 0x73, 0x63, 0x72, 0x69, 0x70, 0x74, 0x6f, 0x72, 0x46, 0x6f, 0x72, 0x54, 0x79, 0x70
.byte 0x65, 0x40, 0x56, 0x50, 0x44, 0x79, 0x6e, 0x61, 0x6d, 0x69, 0x63, 0x53, 0x65, 0x67, 0x6d, 0x65
.byte 0x6e, 0x74, 0x44, 0x65, 0x73, 0x63, 0x40, 0x50, 0x44, 0x79, 0x6e, 0x61, 0x6d, 0x69, 0x63, 0x4d
.byte 0x65, 0x73, 0x68, 0x40, 0x50, 0x47, 0x65, 0x6f, 0x6d, 0x65, 0x74, 0x72, 0x79, 0x40, 0x50, 0x68
.byte 0x79, 0x72, 0x65, 0x40, 0x40, 0x40, 0x50, 0x68, 0x79, 0x72, 0x65, 0x40, 0x40, 0x00, 0x00, 0x00
.globl _sym_00c1037c
_sym_00c1037c:
.long _sym_00b69fe8
.byte 0x00, 0x00, 0x00, 0x00, 0x2e, 0x3f, 0x41, 0x56, 0x50, 0x44, 0x79, 0x6e, 0x61, 0x6d, 0x69, 0x63
.byte 0x4d, 0x65, 0x73, 0x68, 0x40, 0x50, 0x47, 0x65, 0x6f, 0x6d, 0x65, 0x74, 0x72, 0x79, 0x40, 0x50
.byte 0x68, 0x79, 0x72, 0x65, 0x40, 0x40, 0x00, 0x00
.globl _sym_00c103a8
_sym_00c103a8:
.long _sym_00b1431c
.globl _sym_00c103ac
_sym_00c103ac:
.long _sym_00b16a58
.globl _sym_00c103b0
_sym_00c103b0:
.long _sym_00b69fe8
.byte 0x00, 0x00, 0x00, 0x00, 0x2e, 0x3f, 0x41, 0x56, 0x3f, 0x24, 0x50, 0x43, 0x6c, 0x61, 0x73, 0x73
.byte 0x44, 0x61, 0x74, 0x61, 0x4d, 0x65, 0x6d, 0x62, 0x65, 0x72, 0x50, 0x68, 0x79, 0x72, 0x65, 0x41
.byte 0x72, 0x72, 0x61, 0x79, 0x40, 0x56, 0x50, 0x44, 0x79, 0x6e, 0x61, 0x6d, 0x69, 0x63, 0x53, 0x65
.byte 0x67, 0x6d, 0x65, 0x6e, 0x74, 0x44, 0x65, 0x73, 0x63, 0x40, 0x50, 0x44, 0x79, 0x6e, 0x61, 0x6d
.byte 0x69, 0x63, 0x4d, 0x65, 0x73, 0x68, 0x40, 0x50, 0x47, 0x65, 0x6f, 0x6d, 0x65, 0x74, 0x72, 0x79
.byte 0x40, 0x50, 0x68, 0x79, 0x72, 0x65, 0x40, 0x40, 0x40, 0x50, 0x68, 0x79, 0x72, 0x65, 0x40, 0x40
.byte 0x00, 0x00, 0x00, 0x00
.globl _sym_00c10418
_sym_00c10418:
.long _sym_00b69fe8
.byte 0x00, 0x00, 0x00, 0x00, 0x2e, 0x3f, 0x41, 0x56, 0x3f, 0x24, 0x50, 0x43, 0x6c, 0x61, 0x73, 0x73
.byte 0x44, 0x65, 0x73, 0x63, 0x72, 0x69, 0x70, 0x74, 0x6f, 0x72, 0x43, 0x6f, 0x6e, 0x63, 0x72, 0x65
.byte 0x74, 0x65, 0x40, 0x56, 0x3f, 0x24, 0x50, 0x41, 0x72, 0x72, 0x61, 0x79, 0x40, 0x56, 0x50, 0x44
.byte 0x79, 0x6e, 0x61, 0x6d, 0x69, 0x63, 0x53, 0x65, 0x67, 0x6d, 0x65, 0x6e, 0x74, 0x44, 0x65, 0x73
.byte 0x63, 0x40, 0x50, 0x44, 0x79, 0x6e, 0x61, 0x6d, 0x69, 0x63, 0x4d, 0x65, 0x73, 0x68, 0x40, 0x50
.byte 0x47, 0x65, 0x6f, 0x6d, 0x65, 0x74, 0x72, 0x79, 0x40, 0x50, 0x68, 0x79, 0x72, 0x65, 0x40, 0x40
.byte 0x24, 0x30, 0x33, 0x40, 0x50, 0x68, 0x79, 0x72, 0x65, 0x40, 0x40, 0x40, 0x50, 0x68, 0x79, 0x72
.byte 0x65, 0x40, 0x40, 0x00
.globl _sym_00c10490
_sym_00c10490:
.long _sym_00b69fe8
.byte 0x00, 0x00, 0x00, 0x00, 0x2e, 0x3f, 0x41, 0x56, 0x3f, 0x24, 0x50, 0x43, 0x6c, 0x61, 0x73, 0x73
.byte 0x44, 0x65, 0x73, 0x63, 0x72, 0x69, 0x70, 0x74, 0x6f, 0x72, 0x41, 0x62, 0x73, 0x74, 0x72, 0x61
.byte 0x63, 0x74, 0x40, 0x56, 0x3f, 0x24, 0x50, 0x41, 0x72, 0x72, 0x61, 0x79, 0x40, 0x56, 0x50, 0x44
.byte 0x79, 0x6e, 0x61, 0x6d, 0x69, 0x63, 0x53, 0x65, 0x67, 0x6d, 0x65, 0x6e, 0x74, 0x44, 0x65, 0x73
.byte 0x63, 0x40, 0x50, 0x44, 0x79, 0x6e, 0x61, 0x6d, 0x69, 0x63, 0x4d, 0x65, 0x73, 0x68, 0x40, 0x50
.byte 0x47, 0x65, 0x6f, 0x6d, 0x65, 0x74, 0x72, 0x79, 0x40, 0x50, 0x68, 0x79, 0x72, 0x65, 0x40, 0x40
.byte 0x24, 0x30, 0x33, 0x40, 0x50, 0x68, 0x79, 0x72, 0x65, 0x40, 0x40, 0x40, 0x50, 0x68, 0x79, 0x72
.byte 0x65, 0x40, 0x40, 0x00
.globl _sym_00c10508
_sym_00c10508:
.long _sym_00b69fe8
.byte 0x00, 0x00, 0x00, 0x00, 0x2e, 0x3f, 0x41, 0x56, 0x3f, 0x24, 0x50, 0x43, 0x6c, 0x61, 0x73, 0x73
.byte 0x44, 0x65, 0x73, 0x63, 0x72, 0x69, 0x70, 0x74, 0x6f, 0x72, 0x46, 0x6f, 0x72, 0x54, 0x79, 0x70
.byte 0x65, 0x40, 0x56, 0x3f, 0x24, 0x50, 0x41, 0x72, 0x72, 0x61, 0x79, 0x40, 0x56, 0x50, 0x44, 0x79
.byte 0x6e, 0x61, 0x6d, 0x69, 0x63, 0x53, 0x65, 0x67, 0x6d, 0x65, 0x6e, 0x74, 0x44, 0x65, 0x73, 0x63
.byte 0x40, 0x50, 0x44, 0x79, 0x6e, 0x61, 0x6d, 0x69, 0x63, 0x4d, 0x65, 0x73, 0x68, 0x40, 0x50, 0x47
.byte 0x65, 0x6f, 0x6d, 0x65, 0x74, 0x72, 0x79, 0x40, 0x50, 0x68, 0x79, 0x72, 0x65, 0x40, 0x40, 0x24
.byte 0x30, 0x33, 0x40, 0x50, 0x68, 0x79, 0x72, 0x65, 0x40, 0x40, 0x40, 0x50, 0x68, 0x79, 0x72, 0x65
.byte 0x40, 0x40, 0x00, 0x00
.globl _sym_00c10580
_sym_00c10580:
.long _sym_00b69fe8
.byte 0x00, 0x00, 0x00, 0x00, 0x2e, 0x3f, 0x41, 0x56, 0x3f, 0x24, 0x50, 0x43, 0x6c, 0x61, 0x73, 0x73
.byte 0x44, 0x61, 0x74, 0x61, 0x4d, 0x65, 0x6d, 0x62, 0x65, 0x72, 0x41, 0x72, 0x72, 0x61, 0x79, 0x44
.byte 0x79, 0x6e, 0x61, 0x6d, 0x69, 0x63, 0x40, 0x56, 0x3f, 0x24, 0x50, 0x41, 0x72, 0x72, 0x61, 0x79
.byte 0x40, 0x56, 0x50, 0x44, 0x79, 0x6e, 0x61, 0x6d, 0x69, 0x63, 0x53, 0x65, 0x67, 0x6d, 0x65, 0x6e
.byte 0x74, 0x44, 0x65, 0x73, 0x63, 0x40, 0x50, 0x44, 0x79, 0x6e, 0x61, 0x6d, 0x69, 0x63, 0x4d, 0x65
.byte 0x73, 0x68, 0x40, 0x50, 0x47, 0x65, 0x6f, 0x6d, 0x65, 0x74, 0x72, 0x79, 0x40, 0x50, 0x68, 0x79
.byte 0x72, 0x65, 0x40, 0x40, 0x24, 0x30, 0x33, 0x40, 0x50, 0x68, 0x79, 0x72, 0x65, 0x40, 0x40, 0x40
.byte 0x50, 0x68, 0x79, 0x72, 0x65, 0x40, 0x40, 0x00, 0x00, 0x00, 0x00, 0x00
.globl _sym_00c10600
_sym_00c10600:
.long _sym_00b69fe8
.byte 0x00, 0x00, 0x00, 0x00, 0x2e, 0x3f, 0x41, 0x56, 0x3f, 0x24, 0x50, 0x43, 0x6c, 0x61, 0x73, 0x73
.byte 0x44, 0x65, 0x73, 0x63, 0x72, 0x69, 0x70, 0x74, 0x6f, 0x72, 0x43, 0x6f, 0x6e, 0x63, 0x72, 0x65
.byte 0x74, 0x65, 0x40, 0x56, 0x50, 0x53, 0x68, 0x61, 0x70, 0x65, 0x40, 0x50, 0x47, 0x65, 0x6f, 0x6d
.byte 0x65, 0x74, 0x72, 0x79, 0x40, 0x50, 0x68, 0x79, 0x72, 0x65, 0x40, 0x40, 0x40, 0x50, 0x68, 0x79
.byte 0x72, 0x65, 0x40, 0x40, 0x00, 0x00, 0x00, 0x00, 0x00, 0x00, 0x00, 0x00
.globl _sym_00c10650
_sym_00c10650:
.long _sym_00b69fe8
.byte 0x00, 0x00, 0x00, 0x00, 0x2e, 0x3f, 0x41, 0x56, 0x3f, 0x24, 0x50, 0x43, 0x6c, 0x61, 0x73, 0x73
.byte 0x44, 0x65, 0x73, 0x63, 0x72, 0x69, 0x70, 0x74, 0x6f, 0x72, 0x41, 0x62, 0x73, 0x74, 0x72, 0x61
.byte 0x63, 0x74, 0x40, 0x56, 0x50, 0x53, 0x68, 0x61, 0x70, 0x65, 0x40, 0x50, 0x47, 0x65, 0x6f, 0x6d
.byte 0x65, 0x74, 0x72, 0x79, 0x40, 0x50, 0x68, 0x79, 0x72, 0x65, 0x40, 0x40, 0x40, 0x50, 0x68, 0x79
.byte 0x72, 0x65, 0x40, 0x40, 0x00, 0x00, 0x00, 0x00, 0x00, 0x00, 0x00, 0x00
.globl _sym_00c106a0
_sym_00c106a0:
.long _sym_00b69fe8
.byte 0x00, 0x00, 0x00, 0x00, 0x2e, 0x3f, 0x41, 0x56, 0x3f, 0x24, 0x50, 0x43, 0x6c, 0x61, 0x73, 0x73
.byte 0x44, 0x65, 0x73, 0x63, 0x72, 0x69, 0x70, 0x74, 0x6f, 0x72, 0x46, 0x6f, 0x72, 0x54, 0x79, 0x70
.byte 0x65, 0x40, 0x56, 0x50, 0x53, 0x68, 0x61, 0x70, 0x65, 0x40, 0x50, 0x47, 0x65, 0x6f, 0x6d, 0x65
.byte 0x74, 0x72, 0x79, 0x40, 0x50, 0x68, 0x79, 0x72, 0x65, 0x40, 0x40, 0x40, 0x50, 0x68, 0x79, 0x72
.byte 0x65, 0x40, 0x40, 0x00
.globl _sym_00c106e8
_sym_00c106e8:
.long _sym_00b16e7c
.globl _sym_00c106ec
_sym_00c106ec:
.long _sym_00b16e7c
.globl _sym_00c106f0
_sym_00c106f0:
.long _sym_00b69fe8
.byte 0x00, 0x00, 0x00, 0x00, 0x2e, 0x3f, 0x41, 0x56, 0x3f, 0x24, 0x50, 0x43, 0x6c, 0x61, 0x73, 0x73
.byte 0x44, 0x65, 0x73, 0x63, 0x72, 0x69, 0x70, 0x74, 0x6f, 0x72, 0x43, 0x6f, 0x6e, 0x63, 0x72, 0x65
.byte 0x74, 0x65, 0x40, 0x56, 0x3f, 0x24, 0x50, 0x41, 0x72, 0x72, 0x61, 0x79, 0x40, 0x45, 0x24, 0x30
.byte 0x33, 0x40, 0x50, 0x68, 0x79, 0x72, 0x65, 0x40, 0x40, 0x40, 0x50, 0x68, 0x79, 0x72, 0x65, 0x40
.byte 0x40, 0x00, 0x00, 0x00
.globl _sym_00c10738
_sym_00c10738:
.long _sym_00b69fe8
.byte 0x00, 0x00, 0x00, 0x00, 0x2e, 0x3f, 0x41, 0x56, 0x3f, 0x24, 0x50, 0x43, 0x6c, 0x61, 0x73, 0x73
.byte 0x44, 0x65, 0x73, 0x63, 0x72, 0x69, 0x70, 0x74, 0x6f, 0x72, 0x41, 0x62, 0x73, 0x74, 0x72, 0x61
.byte 0x63, 0x74, 0x40, 0x56, 0x3f, 0x24, 0x50, 0x41, 0x72, 0x72, 0x61, 0x79, 0x40, 0x45, 0x24, 0x30
.byte 0x33, 0x40, 0x50, 0x68, 0x79, 0x72, 0x65, 0x40, 0x40, 0x40, 0x50, 0x68, 0x79, 0x72, 0x65, 0x40
.byte 0x40, 0x00, 0x00, 0x00
.globl _sym_00c10780
_sym_00c10780:
.long _sym_00b69fe8
.byte 0x00, 0x00, 0x00, 0x00, 0x2e, 0x3f, 0x41, 0x56, 0x3f, 0x24, 0x50, 0x43, 0x6c, 0x61, 0x73, 0x73
.byte 0x44, 0x65, 0x73, 0x63, 0x72, 0x69, 0x70, 0x74, 0x6f, 0x72, 0x46, 0x6f, 0x72, 0x54, 0x79, 0x70
.byte 0x65, 0x40, 0x56, 0x3f, 0x24, 0x50, 0x41, 0x72, 0x72, 0x61, 0x79, 0x40, 0x45, 0x24, 0x30, 0x33
.byte 0x40, 0x50, 0x68, 0x79, 0x72, 0x65, 0x40, 0x40, 0x40, 0x50, 0x68, 0x79, 0x72, 0x65, 0x40, 0x40
.byte 0x00, 0x00, 0x00, 0x00
.globl _sym_00c107c8
_sym_00c107c8:
.long _sym_00b69fe8
.byte 0x00, 0x00, 0x00, 0x00, 0x2e, 0x3f, 0x41, 0x56, 0x3f, 0x24, 0x50, 0x43, 0x6c, 0x61, 0x73, 0x73
.byte 0x44, 0x61, 0x74, 0x61, 0x4d, 0x65, 0x6d, 0x62, 0x65, 0x72, 0x41, 0x72, 0x72, 0x61, 0x79, 0x44
.byte 0x79, 0x6e, 0x61, 0x6d, 0x69, 0x63, 0x40, 0x56, 0x3f, 0x24, 0x50, 0x41, 0x72, 0x72, 0x61, 0x79
.byte 0x40, 0x45, 0x24, 0x30, 0x33, 0x40, 0x50, 0x68, 0x79, 0x72, 0x65, 0x40, 0x40, 0x40, 0x50, 0x68
.byte 0x79, 0x72, 0x65, 0x40, 0x40, 0x00, 0x00, 0x00
.globl _sym_00c10814
_sym_00c10814:
.long _sym_00b170f0
.long _sym_00b172d0
.globl _sym_00c1081c
_sym_00c1081c:
.byte 0x00, 0x00, 0x00, 0x00
.globl _sym_00c10820
_sym_00c10820:
.byte 0x00, 0x00, 0x00, 0x00
.globl _sym_00c10824
_sym_00c10824:
.byte 0x00, 0x00, 0x00, 0x00
.globl _sym_00c10828
_sym_00c10828:
.long _sym_00b170f0
.long _sym_00b172dc
.globl _sym_00c10830
_sym_00c10830:
.byte 0x00, 0x00, 0x00, 0x00
.globl _sym_00c10834
_sym_00c10834:
.byte 0x00, 0x00, 0x00, 0x00
.globl _sym_00c10838
_sym_00c10838:
.byte 0x00, 0x00, 0x00, 0x00
.globl _sym_00c1083c
_sym_00c1083c:
.long _sym_00b170f0
.long _sym_00b172f0
.globl _sym_00c10844
_sym_00c10844:
.byte 0x00, 0x00, 0x00, 0x00
.globl _sym_00c10848
_sym_00c10848:
.byte 0x00, 0x00, 0x00, 0x00
.globl _sym_00c1084c
_sym_00c1084c:
.byte 0x00, 0x00, 0x00, 0x00
.globl _sym_00c10850
_sym_00c10850:
.long _sym_00b170f0
.long _sym_00b17300
.globl _sym_00c10858
_sym_00c10858:
.byte 0x00, 0x00, 0x00, 0x00
.globl _sym_00c1085c
_sym_00c1085c:
.byte 0x00, 0x00, 0x00, 0x00
.globl _sym_00c10860
_sym_00c10860:
.byte 0x00, 0x00, 0x00, 0x00, 0x00, 0x00, 0x00, 0x00
.globl _sym_00c10868
_sym_00c10868:
.long _sym_00b69fe8
.byte 0x00, 0x00, 0x00, 0x00, 0x2e, 0x3f, 0x41, 0x56, 0x3f, 0x24, 0x50, 0x43, 0x6c, 0x61, 0x73, 0x73
.byte 0x44, 0x65, 0x73, 0x63, 0x72, 0x69, 0x70, 0x74, 0x6f, 0x72, 0x43, 0x6f, 0x6e, 0x63, 0x72, 0x65
.byte 0x74, 0x65, 0x40, 0x56, 0x50, 0x4c, 0x69, 0x67, 0x68, 0x74, 0x40, 0x50, 0x52, 0x65, 0x6e, 0x64
.byte 0x65, 0x72, 0x69, 0x6e, 0x67, 0x40, 0x50, 0x68, 0x79, 0x72, 0x65, 0x40, 0x40, 0x40, 0x50, 0x68
.byte 0x79, 0x72, 0x65, 0x40, 0x40, 0x00, 0x00, 0x00, 0x00, 0x00, 0x00, 0x00
.globl _sym_00c108b8
_sym_00c108b8:
.long _sym_00b69fe8
.byte 0x00, 0x00, 0x00, 0x00, 0x2e, 0x3f, 0x41, 0x56, 0x3f, 0x24, 0x50, 0x43, 0x6c, 0x61, 0x73, 0x73
.byte 0x44, 0x65, 0x73, 0x63, 0x72, 0x69, 0x70, 0x74, 0x6f, 0x72, 0x41, 0x62, 0x73, 0x74, 0x72, 0x61
.byte 0x63, 0x74, 0x40, 0x56, 0x50, 0x4c, 0x69, 0x67, 0x68, 0x74, 0x40, 0x50, 0x52, 0x65, 0x6e, 0x64
.byte 0x65, 0x72, 0x69, 0x6e, 0x67, 0x40, 0x50, 0x68, 0x79, 0x72, 0x65, 0x40, 0x40, 0x40, 0x50, 0x68
.byte 0x79, 0x72, 0x65, 0x40, 0x40, 0x00, 0x00, 0x00, 0x00, 0x00, 0x00, 0x00
.globl _sym_00c10908
_sym_00c10908:
.long _sym_00b69fe8
.byte 0x00, 0x00, 0x00, 0x00, 0x2e, 0x3f, 0x41, 0x56, 0x3f, 0x24, 0x50, 0x43, 0x6c, 0x61, 0x73, 0x73
.byte 0x44, 0x65, 0x73, 0x63, 0x72, 0x69, 0x70, 0x74, 0x6f, 0x72, 0x46, 0x6f, 0x72, 0x54, 0x79, 0x70
.byte 0x65, 0x40, 0x56, 0x50, 0x4c, 0x69, 0x67, 0x68, 0x74, 0x40, 0x50, 0x52, 0x65, 0x6e, 0x64, 0x65
.byte 0x72, 0x69, 0x6e, 0x67, 0x40, 0x50, 0x68, 0x79, 0x72, 0x65, 0x40, 0x40, 0x40, 0x50, 0x68, 0x79
.byte 0x72, 0x65, 0x40, 0x40, 0x00, 0x00, 0x00, 0x00
.globl _sym_00c10954
_sym_00c10954:
.long _sym_00b69fe8
.byte 0x00, 0x00, 0x00, 0x00, 0x2e, 0x3f, 0x41, 0x56, 0x50, 0x4e, 0x61, 0x6d, 0x65, 0x64, 0x53, 0x65
.byte 0x6d, 0x61, 0x6e, 0x74, 0x69, 0x63, 0x42, 0x61, 0x73, 0x65, 0x40, 0x50, 0x68, 0x79, 0x72, 0x65
.byte 0x40, 0x40, 0x00, 0x00
.globl _sym_00c1097c
_sym_00c1097c:
.long _sym_00b69fe8
.byte 0x00, 0x00, 0x00, 0x00, 0x2e, 0x3f, 0x41, 0x56, 0x50, 0x4c, 0x69, 0x67, 0x68, 0x74, 0x54, 0x79
.byte 0x70, 0x65, 0x40, 0x50, 0x52, 0x65, 0x6e, 0x64, 0x65, 0x72, 0x69, 0x6e, 0x67, 0x40, 0x50, 0x68
.byte 0x79, 0x72, 0x65, 0x40, 0x40, 0x00, 0x00, 0x00
.globl _sym_00c109a8
_sym_00c109a8:
.long _sym_00b69fe8
.byte 0x00, 0x00, 0x00, 0x00, 0x2e, 0x3f, 0x41, 0x56, 0x3f, 0x24, 0x50, 0x4e, 0x61, 0x6d, 0x65, 0x64
.byte 0x53, 0x65, 0x6d, 0x61, 0x6e, 0x74, 0x69, 0x63, 0x40, 0x56, 0x50, 0x4c, 0x69, 0x67, 0x68, 0x74
.byte 0x54, 0x79, 0x70, 0x65, 0x40, 0x50, 0x52, 0x65, 0x6e, 0x64, 0x65, 0x72, 0x69, 0x6e, 0x67, 0x40
.byte 0x50, 0x68, 0x79, 0x72, 0x65, 0x40, 0x40, 0x40, 0x50, 0x68, 0x79, 0x72, 0x65, 0x40, 0x40, 0x00
.byte 0x00, 0x00, 0x00, 0x00
.globl _sym_00c109f0
_sym_00c109f0:
.long _sym_00b69fe8
.byte 0x00, 0x00, 0x00, 0x00, 0x2e, 0x3f, 0x41, 0x56, 0x3f, 0x24, 0x50, 0x53, 0x69, 0x6d, 0x70, 0x6c
.byte 0x65, 0x4c, 0x69, 0x73, 0x74, 0x45, 0x6c, 0x65, 0x6d, 0x65, 0x6e, 0x74, 0x40, 0x56, 0x50, 0x4c
.byte 0x69, 0x67, 0x68, 0x74, 0x54, 0x79, 0x70, 0x65, 0x40, 0x50, 0x52, 0x65, 0x6e, 0x64, 0x65, 0x72
.byte 0x69, 0x6e, 0x67, 0x40, 0x50, 0x68, 0x79, 0x72, 0x65, 0x40, 0x40, 0x40, 0x50, 0x68, 0x79, 0x72
.byte 0x65, 0x40, 0x40, 0x00
.globl _sym_00c10a38
_sym_00c10a38:
.long _sym_00b69fe8
.byte 0x00, 0x00, 0x00, 0x00, 0x2e, 0x3f, 0x41, 0x56, 0x3f, 0x24, 0x50, 0x4e, 0x61, 0x6d, 0x65, 0x64
.byte 0x53, 0x65, 0x6d, 0x61, 0x6e, 0x74, 0x69, 0x63, 0x44, 0x65, 0x73, 0x63, 0x72, 0x69, 0x70, 0x74
.byte 0x6f, 0x72, 0x46, 0x6f, 0x72, 0x54, 0x79, 0x70, 0x65, 0x40, 0x56, 0x50, 0x4c, 0x69, 0x67, 0x68
.byte 0x74, 0x54, 0x79, 0x70, 0x65, 0x40, 0x50, 0x52, 0x65, 0x6e, 0x64, 0x65, 0x72, 0x69, 0x6e, 0x67
.byte 0x40, 0x50, 0x68, 0x79, 0x72, 0x65, 0x40, 0x40, 0x40, 0x50, 0x68, 0x79, 0x72, 0x65, 0x40, 0x40
.byte 0x00, 0x00, 0x00, 0x00
.globl _sym_00c10a90
_sym_00c10a90:
.long _sym_00b69fe8
.byte 0x00, 0x00, 0x00, 0x00, 0x2e, 0x3f, 0x41, 0x56, 0x3f, 0x24, 0x50, 0x4d, 0x65, 0x74, 0x68, 0x6f
.byte 0x64, 0x43, 0x61, 0x6c, 0x6c, 0x65, 0x72, 0x43, 0x6f, 0x6e, 0x63, 0x72, 0x65, 0x74, 0x65, 0x40
.byte 0x56, 0x50, 0x4c, 0x69, 0x67, 0x68, 0x74, 0x40, 0x50, 0x52, 0x65, 0x6e, 0x64, 0x65, 0x72, 0x69
.byte 0x6e, 0x67, 0x40, 0x50, 0x68, 0x79, 0x72, 0x65, 0x40, 0x40, 0x50, 0x41, 0x56, 0x50, 0x57, 0x6f
.byte 0x72, 0x6c, 0x64, 0x4d, 0x61, 0x74, 0x72, 0x69, 0x78, 0x40, 0x33, 0x40, 0x40, 0x50, 0x43, 0x61
.byte 0x6c, 0x6c, 0x65, 0x72, 0x49, 0x6d, 0x70, 0x6c, 0x65, 0x6d, 0x65, 0x6e, 0x74, 0x61, 0x74, 0x69
.byte 0x6f, 0x6e, 0x30, 0x40, 0x50, 0x43, 0x61, 0x6c, 0x6c, 0x65, 0x72, 0x49, 0x6d, 0x70, 0x6c, 0x65
.byte 0x6d, 0x65, 0x6e, 0x74, 0x61, 0x74, 0x69, 0x6f, 0x6e, 0x40, 0x50, 0x49, 0x6e, 0x74, 0x65, 0x72
.byte 0x6e, 0x61, 0x6c, 0x40, 0x50, 0x68, 0x79, 0x72, 0x65, 0x40, 0x40, 0x00
.globl _sym_00c10b20
_sym_00c10b20:
.long _sym_00b69fe8
.byte 0x00, 0x00, 0x00, 0x00, 0x2e, 0x3f, 0x41, 0x56, 0x3f, 0x24, 0x50, 0x4d, 0x65, 0x74, 0x68, 0x6f
.byte 0x64, 0x43, 0x61, 0x6c, 0x6c, 0x65, 0x72, 0x43, 0x6f, 0x6e, 0x63, 0x72, 0x65, 0x74, 0x65, 0x40
.byte 0x56, 0x50, 0x4c, 0x69, 0x67, 0x68, 0x74, 0x40, 0x50, 0x52, 0x65, 0x6e, 0x64, 0x65, 0x72, 0x69
.byte 0x6e, 0x67, 0x40, 0x50, 0x68, 0x79, 0x72, 0x65, 0x40, 0x40, 0x58, 0x4d, 0x4d, 0x4d, 0x4d, 0x40
.byte 0x50, 0x43, 0x61, 0x6c, 0x6c, 0x65, 0x72, 0x49, 0x6d, 0x70, 0x6c, 0x65, 0x6d, 0x65, 0x6e, 0x74
.byte 0x61, 0x74, 0x69, 0x6f, 0x6e, 0x34, 0x40, 0x50, 0x43, 0x61, 0x6c, 0x6c, 0x65, 0x72, 0x49, 0x6d
.byte 0x70, 0x6c, 0x65, 0x6d, 0x65, 0x6e, 0x74, 0x61, 0x74, 0x69, 0x6f, 0x6e, 0x40, 0x50, 0x49, 0x6e
.byte 0x74, 0x65, 0x72, 0x6e, 0x61, 0x6c, 0x40, 0x50, 0x68, 0x79, 0x72, 0x65, 0x40, 0x40, 0x00, 0x00
.byte 0x00, 0x00, 0x00, 0x00
.globl _sym_00c10ba8
_sym_00c10ba8:
.long _sym_00b69fe8
.byte 0x00, 0x00, 0x00, 0x00, 0x2e, 0x3f, 0x41, 0x56, 0x3f, 0x24, 0x50, 0x4d, 0x65, 0x74, 0x68, 0x6f
.byte 0x64, 0x43, 0x61, 0x6c, 0x6c, 0x65, 0x72, 0x43, 0x6f, 0x6e, 0x63, 0x72, 0x65, 0x74, 0x65, 0x40
.byte 0x56, 0x50, 0x4c, 0x69, 0x67, 0x68, 0x74, 0x40, 0x50, 0x52, 0x65, 0x6e, 0x64, 0x65, 0x72, 0x69
.byte 0x6e, 0x67, 0x40, 0x50, 0x68, 0x79, 0x72, 0x65, 0x40, 0x40, 0x58, 0x4d, 0x40, 0x50, 0x43, 0x61
.byte 0x6c, 0x6c, 0x65, 0x72, 0x49, 0x6d, 0x70, 0x6c, 0x65, 0x6d, 0x65, 0x6e, 0x74, 0x61, 0x74, 0x69
.byte 0x6f, 0x6e, 0x31, 0x40, 0x50, 0x43, 0x61, 0x6c, 0x6c, 0x65, 0x72, 0x49, 0x6d, 0x70, 0x6c, 0x65
.byte 0x6d, 0x65, 0x6e, 0x74, 0x61, 0x74, 0x69, 0x6f, 0x6e, 0x40, 0x50, 0x49, 0x6e, 0x74, 0x65, 0x72
.byte 0x6e, 0x61, 0x6c, 0x40, 0x50, 0x68, 0x79, 0x72, 0x65, 0x40, 0x40, 0x00
.globl _sym_00c10c28
_sym_00c10c28:
.long _sym_00b69fe8
.byte 0x00, 0x00, 0x00, 0x00, 0x2e, 0x3f, 0x41, 0x56, 0x3f, 0x24, 0x50, 0x4d, 0x65, 0x74, 0x68, 0x6f
.byte 0x64, 0x43, 0x61, 0x6c, 0x6c, 0x65, 0x72, 0x43, 0x6f, 0x6e, 0x63, 0x72, 0x65, 0x74, 0x65, 0x40
.byte 0x56, 0x50, 0x4c, 0x69, 0x67, 0x68, 0x74, 0x40, 0x50, 0x52, 0x65, 0x6e, 0x64, 0x65, 0x72, 0x69
.byte 0x6e, 0x67, 0x40, 0x50, 0x68, 0x79, 0x72, 0x65, 0x40, 0x40, 0x58, 0x4d, 0x4d, 0x40, 0x50, 0x43
.byte 0x61, 0x6c, 0x6c, 0x65, 0x72, 0x49, 0x6d, 0x70, 0x6c, 0x65, 0x6d, 0x65, 0x6e, 0x74, 0x61, 0x74
.byte 0x69, 0x6f, 0x6e, 0x32, 0x40, 0x50, 0x43, 0x61, 0x6c, 0x6c, 0x65, 0x72, 0x49, 0x6d, 0x70, 0x6c
.byte 0x65, 0x6d, 0x65, 0x6e, 0x74, 0x61, 0x74, 0x69, 0x6f, 0x6e, 0x40, 0x50, 0x49, 0x6e, 0x74, 0x65
.byte 0x72, 0x6e, 0x61, 0x6c, 0x40, 0x50, 0x68, 0x79, 0x72, 0x65, 0x40, 0x40, 0x00, 0x00, 0x00, 0x00
.byte 0x00, 0x00, 0x00, 0x00
.globl _sym_00c10cb0
_sym_00c10cb0:
.long _sym_00b69fe8
.byte 0x00, 0x00, 0x00, 0x00, 0x2e, 0x3f, 0x41, 0x56, 0x3f, 0x24, 0x50, 0x4d, 0x65, 0x74, 0x68, 0x6f
.byte 0x64, 0x43, 0x61, 0x6c, 0x6c, 0x65, 0x72, 0x43, 0x6f, 0x6e, 0x63, 0x72, 0x65, 0x74, 0x65, 0x40
.byte 0x56, 0x50, 0x4c, 0x69, 0x67, 0x68, 0x74, 0x40, 0x50, 0x52, 0x65, 0x6e, 0x64, 0x65, 0x72, 0x69
.byte 0x6e, 0x67, 0x40, 0x50, 0x68, 0x79, 0x72, 0x65, 0x40, 0x40, 0x58, 0x50, 0x42, 0x56, 0x56, 0x65
.byte 0x63, 0x74, 0x6f, 0x72, 0x34, 0x40, 0x41, 0x6f, 0x73, 0x40, 0x53, 0x63, 0x61, 0x6c, 0x61, 0x72
.byte 0x40, 0x56, 0x65, 0x63, 0x74, 0x6f, 0x72, 0x6d, 0x61, 0x74, 0x68, 0x40, 0x73, 0x63, 0x65, 0x40
.byte 0x40, 0x40, 0x50, 0x43, 0x61, 0x6c, 0x6c, 0x65, 0x72, 0x49, 0x6d, 0x70, 0x6c, 0x65, 0x6d, 0x65
.byte 0x6e, 0x74, 0x61, 0x74, 0x69, 0x6f, 0x6e, 0x31, 0x40, 0x50, 0x43, 0x61, 0x6c, 0x6c, 0x65, 0x72
.byte 0x49, 0x6d, 0x70, 0x6c, 0x65, 0x6d, 0x65, 0x6e, 0x74, 0x61, 0x74, 0x69, 0x6f, 0x6e, 0x40, 0x50
.byte 0x49, 0x6e, 0x74, 0x65, 0x72, 0x6e, 0x61, 0x6c, 0x40, 0x50, 0x68, 0x79, 0x72, 0x65, 0x40, 0x40
.byte 0x00, 0x00, 0x00, 0x00
.globl _sym_00c10d58
_sym_00c10d58:
.long _sym_00b69fe8
.byte 0x00, 0x00, 0x00, 0x00, 0x2e, 0x3f, 0x41, 0x56, 0x3f, 0x24, 0x50, 0x4d, 0x65, 0x74, 0x68, 0x6f
.byte 0x64, 0x43, 0x61, 0x6c, 0x6c, 0x65, 0x72, 0x43, 0x6f, 0x6e, 0x63, 0x72, 0x65, 0x74, 0x65, 0x40
.byte 0x56, 0x50, 0x4c, 0x69, 0x67, 0x68, 0x74, 0x40, 0x50, 0x52, 0x65, 0x6e, 0x64, 0x65, 0x72, 0x69
.byte 0x6e, 0x67, 0x40, 0x50, 0x68, 0x79, 0x72, 0x65, 0x40, 0x40, 0x58, 0x50, 0x41, 0x56, 0x50, 0x57
.byte 0x6f, 0x72, 0x6c, 0x64, 0x4d, 0x61, 0x74, 0x72, 0x69, 0x78, 0x40, 0x33, 0x40, 0x40, 0x50, 0x43
.byte 0x61, 0x6c, 0x6c, 0x65, 0x72, 0x49, 0x6d, 0x70, 0x6c, 0x65, 0x6d, 0x65, 0x6e, 0x74, 0x61, 0x74
.byte 0x69, 0x6f, 0x6e, 0x31, 0x40, 0x50, 0x43, 0x61, 0x6c, 0x6c, 0x65, 0x72, 0x49, 0x6d, 0x70, 0x6c
.byte 0x65, 0x6d, 0x65, 0x6e, 0x74, 0x61, 0x74, 0x69, 0x6f, 0x6e, 0x40, 0x50, 0x49, 0x6e, 0x74, 0x65
.byte 0x72, 0x6e, 0x61, 0x6c, 0x40, 0x50, 0x68, 0x79, 0x72, 0x65, 0x40, 0x40, 0x00, 0x00, 0x00, 0x00
.byte 0x00, 0x00, 0x00, 0x00
.globl _sym_00c10df0
_sym_00c10df0:
.long _sym_00b69fe8
.byte 0x00, 0x00, 0x00, 0x00, 0x2e, 0x3f, 0x41, 0x56, 0x3f, 0x24, 0x50, 0x43, 0x6c, 0x61, 0x73, 0x73
.byte 0x44, 0x65, 0x73, 0x63, 0x72, 0x69, 0x70, 0x74, 0x6f, 0x72, 0x43, 0x6f, 0x6e, 0x63, 0x72, 0x65
.byte 0x74, 0x65, 0x40, 0x56, 0x50, 0x43, 0x6f, 0x6e, 0x73, 0x74, 0x61, 0x6e, 0x74, 0x42, 0x75, 0x66
.byte 0x66, 0x65, 0x72, 0x42, 0x61, 0x73, 0x65, 0x40, 0x50, 0x52, 0x65, 0x6e, 0x64, 0x65, 0x72, 0x69
.byte 0x6e, 0x67, 0x40, 0x50, 0x68, 0x79, 0x72, 0x65, 0x40, 0x40, 0x40, 0x50, 0x68, 0x79, 0x72, 0x65
.byte 0x40, 0x40, 0x00, 0x00
.globl _sym_00c10e48
_sym_00c10e48:
.long _sym_00b69fe8
.byte 0x00, 0x00, 0x00, 0x00, 0x2e, 0x3f, 0x41, 0x56, 0x3f, 0x24, 0x50, 0x43, 0x6c, 0x61, 0x73, 0x73
.byte 0x44, 0x65, 0x73, 0x63, 0x72, 0x69, 0x70, 0x74, 0x6f, 0x72, 0x41, 0x62, 0x73, 0x74, 0x72, 0x61
.byte 0x63, 0x74, 0x40, 0x56, 0x50, 0x43, 0x6f, 0x6e, 0x73, 0x74, 0x61, 0x6e, 0x74, 0x42, 0x75, 0x66
.byte 0x66, 0x65, 0x72, 0x42, 0x61, 0x73, 0x65, 0x40, 0x50, 0x52, 0x65, 0x6e, 0x64, 0x65, 0x72, 0x69
.byte 0x6e, 0x67, 0x40, 0x50, 0x68, 0x79, 0x72, 0x65, 0x40, 0x40, 0x40, 0x50, 0x68, 0x79, 0x72, 0x65
.byte 0x40, 0x40, 0x00, 0x00
.globl _sym_00c10ea0
_sym_00c10ea0:
.long _sym_00b69fe8
.byte 0x00, 0x00, 0x00, 0x00, 0x2e, 0x3f, 0x41, 0x56, 0x3f, 0x24, 0x50, 0x43, 0x6c, 0x61, 0x73, 0x73
.byte 0x44, 0x65, 0x73, 0x63, 0x72, 0x69, 0x70, 0x74, 0x6f, 0x72, 0x46, 0x6f, 0x72, 0x54, 0x79, 0x70
.byte 0x65, 0x40, 0x56, 0x50, 0x43, 0x6f, 0x6e, 0x73, 0x74, 0x61, 0x6e, 0x74, 0x42, 0x75, 0x66, 0x66
.byte 0x65, 0x72, 0x42, 0x61, 0x73, 0x65, 0x40, 0x50, 0x52, 0x65, 0x6e, 0x64, 0x65, 0x72, 0x69, 0x6e
.byte 0x67, 0x40, 0x50, 0x68, 0x79, 0x72, 0x65, 0x40, 0x40, 0x40, 0x50, 0x68, 0x79, 0x72, 0x65, 0x40
.byte 0x40, 0x00, 0x00, 0x00
.globl _sym_00c10ef8
_sym_00c10ef8:
.long _sym_00b69fe8
.byte 0x00, 0x00, 0x00, 0x00, 0x2e, 0x3f, 0x41, 0x56, 0x3f, 0x24, 0x50, 0x43, 0x6c, 0x61, 0x73, 0x73
.byte 0x44, 0x65, 0x73, 0x63, 0x72, 0x69, 0x70, 0x74, 0x6f, 0x72, 0x43, 0x6f, 0x6e, 0x63, 0x72, 0x65
.byte 0x74, 0x65, 0x40, 0x56, 0x50, 0x43, 0x6f, 0x6e, 0x73, 0x74, 0x61, 0x6e, 0x74, 0x42, 0x75, 0x66
.byte 0x66, 0x65, 0x72, 0x40, 0x50, 0x52, 0x65, 0x6e, 0x64, 0x65, 0x72, 0x69, 0x6e, 0x67, 0x40, 0x50
.byte 0x68, 0x79, 0x72, 0x65, 0x40, 0x40, 0x40, 0x50, 0x68, 0x79, 0x72, 0x65, 0x40, 0x40, 0x00, 0x00
.byte 0x00, 0x00, 0x00, 0x00
.globl _sym_00c10f50
_sym_00c10f50:
.long _sym_00b69fe8
.byte 0x00, 0x00, 0x00, 0x00, 0x2e, 0x3f, 0x41, 0x56, 0x3f, 0x24, 0x50, 0x43, 0x6c, 0x61, 0x73, 0x73
.byte 0x44, 0x65, 0x73, 0x63, 0x72, 0x69, 0x70, 0x74, 0x6f, 0x72, 0x41, 0x62, 0x73, 0x74, 0x72, 0x61
.byte 0x63, 0x74, 0x40, 0x56, 0x50, 0x43, 0x6f, 0x6e, 0x73, 0x74, 0x61, 0x6e, 0x74, 0x42, 0x75, 0x66
.byte 0x66, 0x65, 0x72, 0x40, 0x50, 0x52, 0x65, 0x6e, 0x64, 0x65, 0x72, 0x69, 0x6e, 0x67, 0x40, 0x50
.byte 0x68, 0x79, 0x72, 0x65, 0x40, 0x40, 0x40, 0x50, 0x68, 0x79, 0x72, 0x65, 0x40, 0x40, 0x00, 0x00
.byte 0x00, 0x00, 0x00, 0x00
.globl _sym_00c10fa8
_sym_00c10fa8:
.long _sym_00b69fe8
.byte 0x00, 0x00, 0x00, 0x00, 0x2e, 0x3f, 0x41, 0x56, 0x3f, 0x24, 0x50, 0x43, 0x6c, 0x61, 0x73, 0x73
.byte 0x44, 0x65, 0x73, 0x63, 0x72, 0x69, 0x70, 0x74, 0x6f, 0x72, 0x46, 0x6f, 0x72, 0x54, 0x79, 0x70
.byte 0x65, 0x40, 0x56, 0x50, 0x43, 0x6f, 0x6e, 0x73, 0x74, 0x61, 0x6e, 0x74, 0x42, 0x75, 0x66, 0x66
.byte 0x65, 0x72, 0x40, 0x50, 0x52, 0x65, 0x6e, 0x64, 0x65, 0x72, 0x69, 0x6e, 0x67, 0x40, 0x50, 0x68
.byte 0x79, 0x72, 0x65, 0x40, 0x40, 0x40, 0x50, 0x68, 0x79, 0x72, 0x65, 0x40, 0x40, 0x00, 0x00, 0x00
.byte 0x00, 0x00, 0x00, 0x00
.globl _sym_00c11000
_sym_00c11000:
.long _sym_00b69fe8
.byte 0x00, 0x00, 0x00, 0x00, 0x2e, 0x3f, 0x41, 0x56, 0x3f, 0x24, 0x50, 0x43, 0x6c, 0x61, 0x73, 0x73
.byte 0x44, 0x65, 0x73, 0x63, 0x72, 0x69, 0x70, 0x74, 0x6f, 0x72, 0x43, 0x6f, 0x6e, 0x63, 0x72, 0x65
.byte 0x74, 0x65, 0x40, 0x56, 0x50, 0x53, 0x68, 0x61, 0x64, 0x65, 0x72, 0x50, 0x61, 0x72, 0x61, 0x6d
.byte 0x65, 0x74, 0x65, 0x72, 0x43, 0x61, 0x70, 0x74, 0x75, 0x72, 0x65, 0x42, 0x75, 0x66, 0x66, 0x65
.byte 0x72, 0x4c, 0x6f, 0x63, 0x61, 0x74, 0x69, 0x6f, 0x6e, 0x40, 0x50, 0x52, 0x65, 0x6e, 0x64, 0x65
.byte 0x72, 0x69, 0x6e, 0x67, 0x40, 0x50, 0x68, 0x79, 0x72, 0x65, 0x40, 0x40, 0x40, 0x50, 0x68, 0x79
.byte 0x72, 0x65, 0x40, 0x40, 0x00, 0x00, 0x00, 0x00, 0x00, 0x00, 0x00, 0x00
.globl _sym_00c11070
_sym_00c11070:
.long _sym_00b69fe8
.byte 0x00, 0x00, 0x00, 0x00, 0x2e, 0x3f, 0x41, 0x56, 0x3f, 0x24, 0x50, 0x43, 0x6c, 0x61, 0x73, 0x73
.byte 0x44, 0x65, 0x73, 0x63, 0x72, 0x69, 0x70, 0x74, 0x6f, 0x72, 0x41, 0x62, 0x73, 0x74, 0x72, 0x61
.byte 0x63, 0x74, 0x40, 0x56, 0x50, 0x53, 0x68, 0x61, 0x64, 0x65, 0x72, 0x50, 0x61, 0x72, 0x61, 0x6d
.byte 0x65, 0x74, 0x65, 0x72, 0x43, 0x61, 0x70, 0x74, 0x75, 0x72, 0x65, 0x42, 0x75, 0x66, 0x66, 0x65
.byte 0x72, 0x4c, 0x6f, 0x63, 0x61, 0x74, 0x69, 0x6f, 0x6e, 0x40, 0x50, 0x52, 0x65, 0x6e, 0x64, 0x65
.byte 0x72, 0x69, 0x6e, 0x67, 0x40, 0x50, 0x68, 0x79, 0x72, 0x65, 0x40, 0x40, 0x40, 0x50, 0x68, 0x79
.byte 0x72, 0x65, 0x40, 0x40, 0x00, 0x00, 0x00, 0x00, 0x00, 0x00, 0x00, 0x00
.globl _sym_00c110e0
_sym_00c110e0:
.long _sym_00b69fe8
.byte 0x00, 0x00, 0x00, 0x00, 0x2e, 0x3f, 0x41, 0x56, 0x3f, 0x24, 0x50, 0x43, 0x6c, 0x61, 0x73, 0x73
.byte 0x44, 0x65, 0x73, 0x63, 0x72, 0x69, 0x70, 0x74, 0x6f, 0x72, 0x46, 0x6f, 0x72, 0x54, 0x79, 0x70
.byte 0x65, 0x40, 0x56, 0x50, 0x53, 0x68, 0x61, 0x64, 0x65, 0x72, 0x50, 0x61, 0x72, 0x61, 0x6d, 0x65
.byte 0x74, 0x65, 0x72, 0x43, 0x61, 0x70, 0x74, 0x75, 0x72, 0x65, 0x42, 0x75, 0x66, 0x66, 0x65, 0x72
.byte 0x4c, 0x6f, 0x63, 0x61, 0x74, 0x69, 0x6f, 0x6e, 0x40, 0x50, 0x52, 0x65, 0x6e, 0x64, 0x65, 0x72
.byte 0x69, 0x6e, 0x67, 0x40, 0x50, 0x68, 0x79, 0x72, 0x65, 0x40, 0x40, 0x40, 0x50, 0x68, 0x79, 0x72
.byte 0x65, 0x40, 0x40, 0x00
.globl _sym_00c11148
_sym_00c11148:
.long _sym_00b69fe8
.byte 0x00, 0x00, 0x00, 0x00, 0x2e, 0x3f, 0x41, 0x56, 0x3f, 0x24, 0x50, 0x43, 0x6c, 0x61, 0x73, 0x73
.byte 0x44, 0x65, 0x73, 0x63, 0x72, 0x69, 0x70, 0x74, 0x6f, 0x72, 0x43, 0x6f, 0x6e, 0x63, 0x72, 0x65
.byte 0x74, 0x65, 0x40, 0x56, 0x50, 0x53, 0x68, 0x61, 0x64, 0x65, 0x72, 0x50, 0x61, 0x72, 0x61, 0x6d
.byte 0x65, 0x74, 0x65, 0x72, 0x43, 0x61, 0x70, 0x74, 0x75, 0x72, 0x65, 0x42, 0x75, 0x66, 0x66, 0x65
.byte 0x72, 0x4c, 0x6f, 0x63, 0x61, 0x74, 0x69, 0x6f, 0x6e, 0x53, 0x69, 0x7a, 0x65, 0x40, 0x50, 0x52
.byte 0x65, 0x6e, 0x64, 0x65, 0x72, 0x69, 0x6e, 0x67, 0x40, 0x50, 0x68, 0x79, 0x72, 0x65, 0x40, 0x40
.byte 0x40, 0x50, 0x68, 0x79, 0x72, 0x65, 0x40, 0x40, 0x00, 0x00, 0x00, 0x00
.globl _sym_00c111b8
_sym_00c111b8:
.long _sym_00b69fe8
.byte 0x00, 0x00, 0x00, 0x00, 0x2e, 0x3f, 0x41, 0x56, 0x3f, 0x24, 0x50, 0x43, 0x6c, 0x61, 0x73, 0x73
.byte 0x44, 0x65, 0x73, 0x63, 0x72, 0x69, 0x70, 0x74, 0x6f, 0x72, 0x41, 0x62, 0x73, 0x74, 0x72, 0x61
.byte 0x63, 0x74, 0x40, 0x56, 0x50, 0x53, 0x68, 0x61, 0x64, 0x65, 0x72, 0x50, 0x61, 0x72, 0x61, 0x6d
.byte 0x65, 0x74, 0x65, 0x72, 0x43, 0x61, 0x70, 0x74, 0x75, 0x72, 0x65, 0x42, 0x75, 0x66, 0x66, 0x65
.byte 0x72, 0x4c, 0x6f, 0x63, 0x61, 0x74, 0x69, 0x6f, 0x6e, 0x53, 0x69, 0x7a, 0x65, 0x40, 0x50, 0x52
.byte 0x65, 0x6e, 0x64, 0x65, 0x72, 0x69, 0x6e, 0x67, 0x40, 0x50, 0x68, 0x79, 0x72, 0x65, 0x40, 0x40
.byte 0x40, 0x50, 0x68, 0x79, 0x72, 0x65, 0x40, 0x40, 0x00, 0x00, 0x00, 0x00
.globl _sym_00c11228
_sym_00c11228:
.long _sym_00b69fe8
.byte 0x00, 0x00, 0x00, 0x00, 0x2e, 0x3f, 0x41, 0x56, 0x3f, 0x24, 0x50, 0x43, 0x6c, 0x61, 0x73, 0x73
.byte 0x44, 0x65, 0x73, 0x63, 0x72, 0x69, 0x70, 0x74, 0x6f, 0x72, 0x46, 0x6f, 0x72, 0x54, 0x79, 0x70
.byte 0x65, 0x40, 0x56, 0x50, 0x53, 0x68, 0x61, 0x64, 0x65, 0x72, 0x50, 0x61, 0x72, 0x61, 0x6d, 0x65
.byte 0x74, 0x65, 0x72, 0x43, 0x61, 0x70, 0x74, 0x75, 0x72, 0x65, 0x42, 0x75, 0x66, 0x66, 0x65, 0x72
.byte 0x4c, 0x6f, 0x63, 0x61, 0x74, 0x69, 0x6f, 0x6e, 0x53, 0x69, 0x7a, 0x65, 0x40, 0x50, 0x52, 0x65
.byte 0x6e, 0x64, 0x65, 0x72, 0x69, 0x6e, 0x67, 0x40, 0x50, 0x68, 0x79, 0x72, 0x65, 0x40, 0x40, 0x40
.byte 0x50, 0x68, 0x79, 0x72, 0x65, 0x40, 0x40, 0x00, 0x00, 0x00, 0x00, 0x00
.globl _sym_00c11298
_sym_00c11298:
.long _sym_00b69fe8
.byte 0x00, 0x00, 0x00, 0x00, 0x2e, 0x3f, 0x41, 0x56, 0x3f, 0x24, 0x50, 0x43, 0x6c, 0x61, 0x73, 0x73
.byte 0x44, 0x65, 0x73, 0x63, 0x72, 0x69, 0x70, 0x74, 0x6f, 0x72, 0x43, 0x6f, 0x6e, 0x63, 0x72, 0x65
.byte 0x74, 0x65, 0x40, 0x56, 0x50, 0x53, 0x68, 0x61, 0x64, 0x65, 0x72, 0x50, 0x61, 0x72, 0x61, 0x6d
.byte 0x65, 0x74, 0x65, 0x72, 0x43, 0x61, 0x70, 0x74, 0x75, 0x72, 0x65, 0x42, 0x75, 0x66, 0x66, 0x65
.byte 0x72, 0x4c, 0x6f, 0x63, 0x61, 0x74, 0x69, 0x6f, 0x6e, 0x54, 0x79, 0x70, 0x65, 0x40, 0x50, 0x52
.byte 0x65, 0x6e, 0x64, 0x65, 0x72, 0x69, 0x6e, 0x67, 0x40, 0x50, 0x68, 0x79, 0x72, 0x65, 0x40, 0x40
.byte 0x40, 0x50, 0x68, 0x79, 0x72, 0x65, 0x40, 0x40, 0x00, 0x00, 0x00, 0x00
.globl _sym_00c11308
_sym_00c11308:
.long _sym_00b69fe8
.byte 0x00, 0x00, 0x00, 0x00, 0x2e, 0x3f, 0x41, 0x56, 0x3f, 0x24, 0x50, 0x43, 0x6c, 0x61, 0x73, 0x73
.byte 0x44, 0x65, 0x73, 0x63, 0x72, 0x69, 0x70, 0x74, 0x6f, 0x72, 0x41, 0x62, 0x73, 0x74, 0x72, 0x61
.byte 0x63, 0x74, 0x40, 0x56, 0x50, 0x53, 0x68, 0x61, 0x64, 0x65, 0x72, 0x50, 0x61, 0x72, 0x61, 0x6d
.byte 0x65, 0x74, 0x65, 0x72, 0x43, 0x61, 0x70, 0x74, 0x75, 0x72, 0x65, 0x42, 0x75, 0x66, 0x66, 0x65
.byte 0x72, 0x4c, 0x6f, 0x63, 0x61, 0x74, 0x69, 0x6f, 0x6e, 0x54, 0x79, 0x70, 0x65, 0x40, 0x50, 0x52
.byte 0x65, 0x6e, 0x64, 0x65, 0x72, 0x69, 0x6e, 0x67, 0x40, 0x50, 0x68, 0x79, 0x72, 0x65, 0x40, 0x40
.byte 0x40, 0x50, 0x68, 0x79, 0x72, 0x65, 0x40, 0x40, 0x00, 0x00, 0x00, 0x00
.globl _sym_00c11378
_sym_00c11378:
.long _sym_00b69fe8
.byte 0x00, 0x00, 0x00, 0x00, 0x2e, 0x3f, 0x41, 0x56, 0x3f, 0x24, 0x50, 0x43, 0x6c, 0x61, 0x73, 0x73
.byte 0x44, 0x65, 0x73, 0x63, 0x72, 0x69, 0x70, 0x74, 0x6f, 0x72, 0x46, 0x6f, 0x72, 0x54, 0x79, 0x70
.byte 0x65, 0x40, 0x56, 0x50, 0x53, 0x68, 0x61, 0x64, 0x65, 0x72, 0x50, 0x61, 0x72, 0x61, 0x6d, 0x65
.byte 0x74, 0x65, 0x72, 0x43, 0x61, 0x70, 0x74, 0x75, 0x72, 0x65, 0x42, 0x75, 0x66, 0x66, 0x65, 0x72
.byte 0x4c, 0x6f, 0x63, 0x61, 0x74, 0x69, 0x6f, 0x6e, 0x54, 0x79, 0x70, 0x65, 0x40, 0x50, 0x52, 0x65
.byte 0x6e, 0x64, 0x65, 0x72, 0x69, 0x6e, 0x67, 0x40, 0x50, 0x68, 0x79, 0x72, 0x65, 0x40, 0x40, 0x40
.byte 0x50, 0x68, 0x79, 0x72, 0x65, 0x40, 0x40, 0x00, 0x00, 0x00, 0x00, 0x00
.globl _sym_00c113e8
_sym_00c113e8:
.long _sym_00b69fe8
.byte 0x00, 0x00, 0x00, 0x00, 0x2e, 0x3f, 0x41, 0x56, 0x3f, 0x24, 0x50, 0x43, 0x6c, 0x61, 0x73, 0x73
.byte 0x44, 0x65, 0x73, 0x63, 0x72, 0x69, 0x70, 0x74, 0x6f, 0x72, 0x43, 0x6f, 0x6e, 0x63, 0x72, 0x65
.byte 0x74, 0x65, 0x40, 0x56, 0x50, 0x53, 0x68, 0x61, 0x64, 0x65, 0x72, 0x50, 0x61, 0x72, 0x61, 0x6d
.byte 0x65, 0x74, 0x65, 0x72, 0x43, 0x61, 0x70, 0x74, 0x75, 0x72, 0x65, 0x42, 0x75, 0x66, 0x66, 0x65
.byte 0x72, 0x4c, 0x6f, 0x63, 0x61, 0x74, 0x69, 0x6f, 0x6e, 0x54, 0x79, 0x70, 0x65, 0x43, 0x6f, 0x6e
.byte 0x73, 0x74, 0x61, 0x6e, 0x74, 0x42, 0x75, 0x66, 0x66, 0x65, 0x72, 0x40, 0x50, 0x52, 0x65, 0x6e
.byte 0x64, 0x65, 0x72, 0x69, 0x6e, 0x67, 0x40, 0x50, 0x68, 0x79, 0x72, 0x65, 0x40, 0x40, 0x40, 0x50
.byte 0x68, 0x79, 0x72, 0x65, 0x40, 0x40, 0x00, 0x00, 0x00, 0x00, 0x00, 0x00
.globl _sym_00c11468
_sym_00c11468:
.long _sym_00b69fe8
.byte 0x00, 0x00, 0x00, 0x00, 0x2e, 0x3f, 0x41, 0x56, 0x3f, 0x24, 0x50, 0x43, 0x6c, 0x61, 0x73, 0x73
.byte 0x44, 0x65, 0x73, 0x63, 0x72, 0x69, 0x70, 0x74, 0x6f, 0x72, 0x41, 0x62, 0x73, 0x74, 0x72, 0x61
.byte 0x63, 0x74, 0x40, 0x56, 0x50, 0x53, 0x68, 0x61, 0x64, 0x65, 0x72, 0x50, 0x61, 0x72, 0x61, 0x6d
.byte 0x65, 0x74, 0x65, 0x72, 0x43, 0x61, 0x70, 0x74, 0x75, 0x72, 0x65, 0x42, 0x75, 0x66, 0x66, 0x65
.byte 0x72, 0x4c, 0x6f, 0x63, 0x61, 0x74, 0x69, 0x6f, 0x6e, 0x54, 0x79, 0x70, 0x65, 0x43, 0x6f, 0x6e
.byte 0x73, 0x74, 0x61, 0x6e, 0x74, 0x42, 0x75, 0x66, 0x66, 0x65, 0x72, 0x40, 0x50, 0x52, 0x65, 0x6e
.byte 0x64, 0x65, 0x72, 0x69, 0x6e, 0x67, 0x40, 0x50, 0x68, 0x79, 0x72, 0x65, 0x40, 0x40, 0x40, 0x50
.byte 0x68, 0x79, 0x72, 0x65, 0x40, 0x40, 0x00, 0x00, 0x00, 0x00, 0x00, 0x00
.globl _sym_00c114e8
_sym_00c114e8:
.long _sym_00b69fe8
.byte 0x00, 0x00, 0x00, 0x00, 0x2e, 0x3f, 0x41, 0x56, 0x3f, 0x24, 0x50, 0x43, 0x6c, 0x61, 0x73, 0x73
.byte 0x44, 0x65, 0x73, 0x63, 0x72, 0x69, 0x70, 0x74, 0x6f, 0x72, 0x46, 0x6f, 0x72, 0x54, 0x79, 0x70
.byte 0x65, 0x40, 0x56, 0x50, 0x53, 0x68, 0x61, 0x64, 0x65, 0x72, 0x50, 0x61, 0x72, 0x61, 0x6d, 0x65
.byte 0x74, 0x65, 0x72, 0x43, 0x61, 0x70, 0x74, 0x75, 0x72, 0x65, 0x42, 0x75, 0x66, 0x66, 0x65, 0x72
.byte 0x4c, 0x6f, 0x63, 0x61, 0x74, 0x69, 0x6f, 0x6e, 0x54, 0x79, 0x70, 0x65, 0x43, 0x6f, 0x6e, 0x73
.byte 0x74, 0x61, 0x6e, 0x74, 0x42, 0x75, 0x66, 0x66, 0x65, 0x72, 0x40, 0x50, 0x52, 0x65, 0x6e, 0x64
.byte 0x65, 0x72, 0x69, 0x6e, 0x67, 0x40, 0x50, 0x68, 0x79, 0x72, 0x65, 0x40, 0x40, 0x40, 0x50, 0x68
.byte 0x79, 0x72, 0x65, 0x40, 0x40, 0x00, 0x00, 0x00, 0x00, 0x00, 0x00, 0x00
.globl _sym_00c11568
_sym_00c11568:
.long _sym_00b69fe8
.byte 0x00, 0x00, 0x00, 0x00, 0x2e, 0x3f, 0x41, 0x56, 0x3f, 0x24, 0x50, 0x43, 0x6c, 0x61, 0x73, 0x73
.byte 0x44, 0x65, 0x73, 0x63, 0x72, 0x69, 0x70, 0x74, 0x6f, 0x72, 0x43, 0x6f, 0x6e, 0x63, 0x72, 0x65
.byte 0x74, 0x65, 0x40, 0x56, 0x50, 0x53, 0x68, 0x61, 0x64, 0x65, 0x72, 0x50, 0x61, 0x72, 0x61, 0x6d
.byte 0x65, 0x74, 0x65, 0x72, 0x44, 0x65, 0x66, 0x69, 0x6e, 0x69, 0x74, 0x69, 0x6f, 0x6e, 0x40, 0x50
.byte 0x52, 0x65, 0x6e, 0x64, 0x65, 0x72, 0x69, 0x6e, 0x67, 0x40, 0x50, 0x68, 0x79, 0x72, 0x65, 0x40
.byte 0x40, 0x40, 0x50, 0x68, 0x79, 0x72, 0x65, 0x40, 0x40, 0x00, 0x00, 0x00
.globl _sym_00c115c8
_sym_00c115c8:
.long _sym_00b69fe8
.byte 0x00, 0x00, 0x00, 0x00, 0x2e, 0x3f, 0x41, 0x56, 0x3f, 0x24, 0x50, 0x43, 0x6c, 0x61, 0x73, 0x73
.byte 0x44, 0x65, 0x73, 0x63, 0x72, 0x69, 0x70, 0x74, 0x6f, 0x72, 0x41, 0x62, 0x73, 0x74, 0x72, 0x61
.byte 0x63, 0x74, 0x40, 0x56, 0x50, 0x53, 0x68, 0x61, 0x64, 0x65, 0x72, 0x50, 0x61, 0x72, 0x61, 0x6d
.byte 0x65, 0x74, 0x65, 0x72, 0x44, 0x65, 0x66, 0x69, 0x6e, 0x69, 0x74, 0x69, 0x6f, 0x6e, 0x40, 0x50
.byte 0x52, 0x65, 0x6e, 0x64, 0x65, 0x72, 0x69, 0x6e, 0x67, 0x40, 0x50, 0x68, 0x79, 0x72, 0x65, 0x40
.byte 0x40, 0x40, 0x50, 0x68, 0x79, 0x72, 0x65, 0x40, 0x40, 0x00, 0x00, 0x00
.globl _sym_00c11628
_sym_00c11628:
.long _sym_00b69fe8
.byte 0x00, 0x00, 0x00, 0x00, 0x2e, 0x3f, 0x41, 0x56, 0x3f, 0x24, 0x50, 0x43, 0x6c, 0x61, 0x73, 0x73
.byte 0x44, 0x65, 0x73, 0x63, 0x72, 0x69, 0x70, 0x74, 0x6f, 0x72, 0x46, 0x6f, 0x72, 0x54, 0x79, 0x70
.byte 0x65, 0x40, 0x56, 0x50, 0x53, 0x68, 0x61, 0x64, 0x65, 0x72, 0x50, 0x61, 0x72, 0x61, 0x6d, 0x65
.byte 0x74, 0x65, 0x72, 0x44, 0x65, 0x66, 0x69, 0x6e, 0x69, 0x74, 0x69, 0x6f, 0x6e, 0x40, 0x50, 0x52
.byte 0x65, 0x6e, 0x64, 0x65, 0x72, 0x69, 0x6e, 0x67, 0x40, 0x50, 0x68, 0x79, 0x72, 0x65, 0x40, 0x40
.byte 0x40, 0x50, 0x68, 0x79, 0x72, 0x65, 0x40, 0x40, 0x00, 0x00, 0x00, 0x00
.globl _sym_00c11688
_sym_00c11688:
.long _sym_00b69fe8
.byte 0x00, 0x00, 0x00, 0x00, 0x2e, 0x3f, 0x41, 0x56, 0x3f, 0x24, 0x50, 0x43, 0x6c, 0x61, 0x73, 0x73
.byte 0x44, 0x65, 0x73, 0x63, 0x72, 0x69, 0x70, 0x74, 0x6f, 0x72, 0x43, 0x6f, 0x6e, 0x63, 0x72, 0x65
.byte 0x74, 0x65, 0x40, 0x56, 0x50, 0x53, 0x68, 0x61, 0x64, 0x65, 0x72, 0x53, 0x74, 0x72, 0x65, 0x61
.byte 0x6d, 0x44, 0x65, 0x66, 0x69, 0x6e, 0x69, 0x74, 0x69, 0x6f, 0x6e, 0x40, 0x50, 0x52, 0x65, 0x6e
.byte 0x64, 0x65, 0x72, 0x69, 0x6e, 0x67, 0x40, 0x50, 0x68, 0x79, 0x72, 0x65, 0x40, 0x40, 0x40, 0x50
.byte 0x68, 0x79, 0x72, 0x65, 0x40, 0x40, 0x00, 0x00, 0x00, 0x00, 0x00, 0x00
.globl _sym_00c116e8
_sym_00c116e8:
.long _sym_00b69fe8
.byte 0x00, 0x00, 0x00, 0x00, 0x2e, 0x3f, 0x41, 0x56, 0x3f, 0x24, 0x50, 0x43, 0x6c, 0x61, 0x73, 0x73
.byte 0x44, 0x65, 0x73, 0x63, 0x72, 0x69, 0x70, 0x74, 0x6f, 0x72, 0x41, 0x62, 0x73, 0x74, 0x72, 0x61
.byte 0x63, 0x74, 0x40, 0x56, 0x50, 0x53, 0x68, 0x61, 0x64, 0x65, 0x72, 0x53, 0x74, 0x72, 0x65, 0x61
.byte 0x6d, 0x44, 0x65, 0x66, 0x69, 0x6e, 0x69, 0x74, 0x69, 0x6f, 0x6e, 0x40, 0x50, 0x52, 0x65, 0x6e
.byte 0x64, 0x65, 0x72, 0x69, 0x6e, 0x67, 0x40, 0x50, 0x68, 0x79, 0x72, 0x65, 0x40, 0x40, 0x40, 0x50
.byte 0x68, 0x79, 0x72, 0x65, 0x40, 0x40, 0x00, 0x00, 0x00, 0x00, 0x00, 0x00
.globl _sym_00c11748
_sym_00c11748:
.long _sym_00b69fe8
.byte 0x00, 0x00, 0x00, 0x00, 0x2e, 0x3f, 0x41, 0x56, 0x3f, 0x24, 0x50, 0x43, 0x6c, 0x61, 0x73, 0x73
.byte 0x44, 0x65, 0x73, 0x63, 0x72, 0x69, 0x70, 0x74, 0x6f, 0x72, 0x46, 0x6f, 0x72, 0x54, 0x79, 0x70
.byte 0x65, 0x40, 0x56, 0x50, 0x53, 0x68, 0x61, 0x64, 0x65, 0x72, 0x53, 0x74, 0x72, 0x65, 0x61, 0x6d
.byte 0x44, 0x65, 0x66, 0x69, 0x6e, 0x69, 0x74, 0x69, 0x6f, 0x6e, 0x40, 0x50, 0x52, 0x65, 0x6e, 0x64
.byte 0x65, 0x72, 0x69, 0x6e, 0x67, 0x40, 0x50, 0x68, 0x79, 0x72, 0x65, 0x40, 0x40, 0x40, 0x50, 0x68
.byte 0x79, 0x72, 0x65, 0x40, 0x40, 0x00, 0x00, 0x00, 0x00, 0x00, 0x00, 0x00
.globl _sym_00c117a8
_sym_00c117a8:
.long _sym_00b69fe8
.byte 0x00, 0x00, 0x00, 0x00, 0x2e, 0x3f, 0x41, 0x56, 0x3f, 0x24, 0x50, 0x43, 0x6c, 0x61, 0x73, 0x73
.byte 0x44, 0x65, 0x73, 0x63, 0x72, 0x69, 0x70, 0x74, 0x6f, 0x72, 0x43, 0x6f, 0x6e, 0x63, 0x72, 0x65
.byte 0x74, 0x65, 0x40, 0x56, 0x50, 0x53, 0x68, 0x61, 0x64, 0x65, 0x72, 0x50, 0x61, 0x72, 0x61, 0x6d
.byte 0x65, 0x74, 0x65, 0x72, 0x43, 0x61, 0x70, 0x74, 0x75, 0x72, 0x65, 0x42, 0x75, 0x66, 0x66, 0x65
.byte 0x72, 0x53, 0x74, 0x72, 0x65, 0x61, 0x6d, 0x40, 0x50, 0x52, 0x65, 0x6e, 0x64, 0x65, 0x72, 0x69
.byte 0x6e, 0x67, 0x40, 0x50, 0x68, 0x79, 0x72, 0x65, 0x40, 0x40, 0x40, 0x50, 0x68, 0x79, 0x72, 0x65
.byte 0x40, 0x40, 0x00, 0x00
.globl _sym_00c11810
_sym_00c11810:
.long _sym_00b69fe8
.byte 0x00, 0x00, 0x00, 0x00, 0x2e, 0x3f, 0x41, 0x56, 0x3f, 0x24, 0x50, 0x43, 0x6c, 0x61, 0x73, 0x73
.byte 0x44, 0x65, 0x73, 0x63, 0x72, 0x69, 0x70, 0x74, 0x6f, 0x72, 0x41, 0x62, 0x73, 0x74, 0x72, 0x61
.byte 0x63, 0x74, 0x40, 0x56, 0x50, 0x53, 0x68, 0x61, 0x64, 0x65, 0x72, 0x50, 0x61, 0x72, 0x61, 0x6d
.byte 0x65, 0x74, 0x65, 0x72, 0x43, 0x61, 0x70, 0x74, 0x75, 0x72, 0x65, 0x42, 0x75, 0x66, 0x66, 0x65
.byte 0x72, 0x53, 0x74, 0x72, 0x65, 0x61, 0x6d, 0x40, 0x50, 0x52, 0x65, 0x6e, 0x64, 0x65, 0x72, 0x69
.byte 0x6e, 0x67, 0x40, 0x50, 0x68, 0x79, 0x72, 0x65, 0x40, 0x40, 0x40, 0x50, 0x68, 0x79, 0x72, 0x65
.byte 0x40, 0x40, 0x00, 0x00
.globl _sym_00c11878
_sym_00c11878:
.long _sym_00b69fe8
.byte 0x00, 0x00, 0x00, 0x00, 0x2e, 0x3f, 0x41, 0x56, 0x3f, 0x24, 0x50, 0x43, 0x6c, 0x61, 0x73, 0x73
.byte 0x44, 0x65, 0x73, 0x63, 0x72, 0x69, 0x70, 0x74, 0x6f, 0x72, 0x46, 0x6f, 0x72, 0x54, 0x79, 0x70
.byte 0x65, 0x40, 0x56, 0x50, 0x53, 0x68, 0x61, 0x64, 0x65, 0x72, 0x50, 0x61, 0x72, 0x61, 0x6d, 0x65
.byte 0x74, 0x65, 0x72, 0x43, 0x61, 0x70, 0x74, 0x75, 0x72, 0x65, 0x42, 0x75, 0x66, 0x66, 0x65, 0x72
.byte 0x53, 0x74, 0x72, 0x65, 0x61, 0x6d, 0x40, 0x50, 0x52, 0x65, 0x6e, 0x64, 0x65, 0x72, 0x69, 0x6e
.byte 0x67, 0x40, 0x50, 0x68, 0x79, 0x72, 0x65, 0x40, 0x40, 0x40, 0x50, 0x68, 0x79, 0x72, 0x65, 0x40
.byte 0x40, 0x00, 0x00, 0x00
.globl _sym_00c118e0
_sym_00c118e0:
.long _sym_00b69fe8
.byte 0x00, 0x00, 0x00, 0x00, 0x2e, 0x3f, 0x41, 0x56, 0x3f, 0x24, 0x50, 0x43, 0x6c, 0x61, 0x73, 0x73
.byte 0x44, 0x65, 0x73, 0x63, 0x72, 0x69, 0x70, 0x74, 0x6f, 0x72, 0x57, 0x69, 0x74, 0x68, 0x6f, 0x75
.byte 0x74, 0x44, 0x65, 0x66, 0x61, 0x75, 0x6c, 0x74, 0x43, 0x6f, 0x6e, 0x73, 0x74, 0x72, 0x75, 0x63
.byte 0x74, 0x6f, 0x72, 0x40, 0x56, 0x50, 0x53, 0x68, 0x61, 0x64, 0x65, 0x72, 0x50, 0x61, 0x72, 0x61
.byte 0x6d, 0x65, 0x74, 0x65, 0x72, 0x43, 0x61, 0x70, 0x74, 0x75, 0x72, 0x65, 0x42, 0x75, 0x66, 0x66
.byte 0x65, 0x72, 0x54, 0x65, 0x78, 0x74, 0x75, 0x72, 0x65, 0x42, 0x61, 0x73, 0x65, 0x40, 0x50, 0x52
.byte 0x65, 0x6e, 0x64, 0x65, 0x72, 0x69, 0x6e, 0x67, 0x40, 0x50, 0x68, 0x79, 0x72, 0x65, 0x40, 0x40
.byte 0x40, 0x50, 0x68, 0x79, 0x72, 0x65, 0x40, 0x40, 0x00, 0x00, 0x00, 0x00
.globl _sym_00c11960
_sym_00c11960:
.long _sym_00b69fe8
.byte 0x00, 0x00, 0x00, 0x00, 0x2e, 0x3f, 0x41, 0x56, 0x3f, 0x24, 0x50, 0x43, 0x6c, 0x61, 0x73, 0x73
.byte 0x44, 0x65, 0x73, 0x63, 0x72, 0x69, 0x70, 0x74, 0x6f, 0x72, 0x41, 0x62, 0x73, 0x74, 0x72, 0x61
.byte 0x63, 0x74, 0x40, 0x56, 0x50, 0x53, 0x68, 0x61, 0x64, 0x65, 0x72, 0x50, 0x61, 0x72, 0x61, 0x6d
.byte 0x65, 0x74, 0x65, 0x72, 0x43, 0x61, 0x70, 0x74, 0x75, 0x72, 0x65, 0x42, 0x75, 0x66, 0x66, 0x65
.byte 0x72, 0x54, 0x65, 0x78, 0x74, 0x75, 0x72, 0x65, 0x42, 0x61, 0x73, 0x65, 0x40, 0x50, 0x52, 0x65
.byte 0x6e, 0x64, 0x65, 0x72, 0x69, 0x6e, 0x67, 0x40, 0x50, 0x68, 0x79, 0x72, 0x65, 0x40, 0x40, 0x40
.byte 0x50, 0x68, 0x79, 0x72, 0x65, 0x40, 0x40, 0x00, 0x00, 0x00, 0x00, 0x00
.globl _sym_00c119d0
_sym_00c119d0:
.long _sym_00b69fe8
.byte 0x00, 0x00, 0x00, 0x00, 0x2e, 0x3f, 0x41, 0x56, 0x3f, 0x24, 0x50, 0x43, 0x6c, 0x61, 0x73, 0x73
.byte 0x44, 0x65, 0x73, 0x63, 0x72, 0x69, 0x70, 0x74, 0x6f, 0x72, 0x46, 0x6f, 0x72, 0x54, 0x79, 0x70
.byte 0x65, 0x40, 0x56, 0x50, 0x53, 0x68, 0x61, 0x64, 0x65, 0x72, 0x50, 0x61, 0x72, 0x61, 0x6d, 0x65
.byte 0x74, 0x65, 0x72, 0x43, 0x61, 0x70, 0x74, 0x75, 0x72, 0x65, 0x42, 0x75, 0x66, 0x66, 0x65, 0x72
.byte 0x54, 0x65, 0x78, 0x74, 0x75, 0x72, 0x65, 0x42, 0x61, 0x73, 0x65, 0x40, 0x50, 0x52, 0x65, 0x6e
.byte 0x64, 0x65, 0x72, 0x69, 0x6e, 0x67, 0x40, 0x50, 0x68, 0x79, 0x72, 0x65, 0x40, 0x40, 0x40, 0x50
.byte 0x68, 0x79, 0x72, 0x65, 0x40, 0x40, 0x00, 0x00, 0x00, 0x00, 0x00, 0x00
.globl _sym_00c11a40
_sym_00c11a40:
.long _sym_00b69fe8
.byte 0x00, 0x00, 0x00, 0x00, 0x2e, 0x3f, 0x41, 0x56, 0x3f, 0x24, 0x50, 0x43, 0x6c, 0x61, 0x73, 0x73
.byte 0x44, 0x65, 0x73, 0x63, 0x72, 0x69, 0x70, 0x74, 0x6f, 0x72, 0x43, 0x6f, 0x6e, 0x63, 0x72, 0x65
.byte 0x74, 0x65, 0x40, 0x56, 0x50, 0x53, 0x68, 0x61, 0x64, 0x65, 0x72, 0x50, 0x61, 0x72, 0x61, 0x6d
.byte 0x65, 0x74, 0x65, 0x72, 0x43, 0x61, 0x70, 0x74, 0x75, 0x72, 0x65, 0x42, 0x75, 0x66, 0x66, 0x65
.byte 0x72, 0x54, 0x65, 0x78, 0x74, 0x75, 0x72, 0x65, 0x32, 0x44, 0x40, 0x50, 0x52, 0x65, 0x6e, 0x64
.byte 0x65, 0x72, 0x69, 0x6e, 0x67, 0x40, 0x50, 0x68, 0x79, 0x72, 0x65, 0x40, 0x40, 0x40, 0x50, 0x68
.byte 0x79, 0x72, 0x65, 0x40, 0x40, 0x00, 0x00, 0x00, 0x00, 0x00, 0x00, 0x00
.globl _sym_00c11ab0
_sym_00c11ab0:
.long _sym_00b69fe8
.byte 0x00, 0x00, 0x00, 0x00, 0x2e, 0x3f, 0x41, 0x56, 0x3f, 0x24, 0x50, 0x43, 0x6c, 0x61, 0x73, 0x73
.byte 0x44, 0x65, 0x73, 0x63, 0x72, 0x69, 0x70, 0x74, 0x6f, 0x72, 0x41, 0x62, 0x73, 0x74, 0x72, 0x61
.byte 0x63, 0x74, 0x40, 0x56, 0x50, 0x53, 0x68, 0x61, 0x64, 0x65, 0x72, 0x50, 0x61, 0x72, 0x61, 0x6d
.byte 0x65, 0x74, 0x65, 0x72, 0x43, 0x61, 0x70, 0x74, 0x75, 0x72, 0x65, 0x42, 0x75, 0x66, 0x66, 0x65
.byte 0x72, 0x54, 0x65, 0x78, 0x74, 0x75, 0x72, 0x65, 0x32, 0x44, 0x40, 0x50, 0x52, 0x65, 0x6e, 0x64
.byte 0x65, 0x72, 0x69, 0x6e, 0x67, 0x40, 0x50, 0x68, 0x79, 0x72, 0x65, 0x40, 0x40, 0x40, 0x50, 0x68
.byte 0x79, 0x72, 0x65, 0x40, 0x40, 0x00, 0x00, 0x00, 0x00, 0x00, 0x00, 0x00
.globl _sym_00c11b20
_sym_00c11b20:
.long _sym_00b69fe8
.byte 0x00, 0x00, 0x00, 0x00, 0x2e, 0x3f, 0x41, 0x56, 0x3f, 0x24, 0x50, 0x43, 0x6c, 0x61, 0x73, 0x73
.byte 0x44, 0x65, 0x73, 0x63, 0x72, 0x69, 0x70, 0x74, 0x6f, 0x72, 0x46, 0x6f, 0x72, 0x54, 0x79, 0x70
.byte 0x65, 0x40, 0x56, 0x50, 0x53, 0x68, 0x61, 0x64, 0x65, 0x72, 0x50, 0x61, 0x72, 0x61, 0x6d, 0x65
.byte 0x74, 0x65, 0x72, 0x43, 0x61, 0x70, 0x74, 0x75, 0x72, 0x65, 0x42, 0x75, 0x66, 0x66, 0x65, 0x72
.byte 0x54, 0x65, 0x78, 0x74, 0x75, 0x72, 0x65, 0x32, 0x44, 0x40, 0x50, 0x52, 0x65, 0x6e, 0x64, 0x65
.byte 0x72, 0x69, 0x6e, 0x67, 0x40, 0x50, 0x68, 0x79, 0x72, 0x65, 0x40, 0x40, 0x40, 0x50, 0x68, 0x79
.byte 0x72, 0x65, 0x40, 0x40, 0x00, 0x00, 0x00, 0x00, 0x00, 0x00, 0x00, 0x00
.globl _sym_00c11b90
_sym_00c11b90:
.long _sym_00b69fe8
.byte 0x00, 0x00, 0x00, 0x00, 0x2e, 0x3f, 0x41, 0x56, 0x3f, 0x24, 0x50, 0x43, 0x6c, 0x61, 0x73, 0x73
.byte 0x44, 0x65, 0x73, 0x63, 0x72, 0x69, 0x70, 0x74, 0x6f, 0x72, 0x43, 0x6f, 0x6e, 0x63, 0x72, 0x65
.byte 0x74, 0x65, 0x40, 0x56, 0x50, 0x53, 0x68, 0x61, 0x64, 0x65, 0x72, 0x50, 0x61, 0x72, 0x61, 0x6d
.byte 0x65, 0x74, 0x65, 0x72, 0x43, 0x61, 0x70, 0x74, 0x75, 0x72, 0x65, 0x42, 0x75, 0x66, 0x66, 0x65
.byte 0x72, 0x54, 0x65, 0x78, 0x74, 0x75, 0x72, 0x65, 0x33, 0x44, 0x40, 0x50, 0x52, 0x65, 0x6e, 0x64
.byte 0x65, 0x72, 0x69, 0x6e, 0x67, 0x40, 0x50, 0x68, 0x79, 0x72, 0x65, 0x40, 0x40, 0x40, 0x50, 0x68
.byte 0x79, 0x72, 0x65, 0x40, 0x40, 0x00, 0x00, 0x00, 0x00, 0x00, 0x00, 0x00
.globl _sym_00c11c00
_sym_00c11c00:
.long _sym_00b69fe8
.byte 0x00, 0x00, 0x00, 0x00, 0x2e, 0x3f, 0x41, 0x56, 0x3f, 0x24, 0x50, 0x43, 0x6c, 0x61, 0x73, 0x73
.byte 0x44, 0x65, 0x73, 0x63, 0x72, 0x69, 0x70, 0x74, 0x6f, 0x72, 0x41, 0x62, 0x73, 0x74, 0x72, 0x61
.byte 0x63, 0x74, 0x40, 0x56, 0x50, 0x53, 0x68, 0x61, 0x64, 0x65, 0x72, 0x50, 0x61, 0x72, 0x61, 0x6d
.byte 0x65, 0x74, 0x65, 0x72, 0x43, 0x61, 0x70, 0x74, 0x75, 0x72, 0x65, 0x42, 0x75, 0x66, 0x66, 0x65
.byte 0x72, 0x54, 0x65, 0x78, 0x74, 0x75, 0x72, 0x65, 0x33, 0x44, 0x40, 0x50, 0x52, 0x65, 0x6e, 0x64
.byte 0x65, 0x72, 0x69, 0x6e, 0x67, 0x40, 0x50, 0x68, 0x79, 0x72, 0x65, 0x40, 0x40, 0x40, 0x50, 0x68
.byte 0x79, 0x72, 0x65, 0x40, 0x40, 0x00, 0x00, 0x00, 0x00, 0x00, 0x00, 0x00
.globl _sym_00c11c70
_sym_00c11c70:
.long _sym_00b69fe8
.byte 0x00, 0x00, 0x00, 0x00, 0x2e, 0x3f, 0x41, 0x56, 0x3f, 0x24, 0x50, 0x43, 0x6c, 0x61, 0x73, 0x73
.byte 0x44, 0x65, 0x73, 0x63, 0x72, 0x69, 0x70, 0x74, 0x6f, 0x72, 0x46, 0x6f, 0x72, 0x54, 0x79, 0x70
.byte 0x65, 0x40, 0x56, 0x50, 0x53, 0x68, 0x61, 0x64, 0x65, 0x72, 0x50, 0x61, 0x72, 0x61, 0x6d, 0x65
.byte 0x74, 0x65, 0x72, 0x43, 0x61, 0x70, 0x74, 0x75, 0x72, 0x65, 0x42, 0x75, 0x66, 0x66, 0x65, 0x72
.byte 0x54, 0x65, 0x78, 0x74, 0x75, 0x72, 0x65, 0x33, 0x44, 0x40, 0x50, 0x52, 0x65, 0x6e, 0x64, 0x65
.byte 0x72, 0x69, 0x6e, 0x67, 0x40, 0x50, 0x68, 0x79, 0x72, 0x65, 0x40, 0x40, 0x40, 0x50, 0x68, 0x79
.byte 0x72, 0x65, 0x40, 0x40, 0x00, 0x00, 0x00, 0x00, 0x00, 0x00, 0x00, 0x00
.globl _sym_00c11ce0
_sym_00c11ce0:
.long _sym_00b69fe8
.byte 0x00, 0x00, 0x00, 0x00, 0x2e, 0x3f, 0x41, 0x56, 0x3f, 0x24, 0x50, 0x43, 0x6c, 0x61, 0x73, 0x73
.byte 0x44, 0x65, 0x73, 0x63, 0x72, 0x69, 0x70, 0x74, 0x6f, 0x72, 0x43, 0x6f, 0x6e, 0x63, 0x72, 0x65
.byte 0x74, 0x65, 0x40, 0x56, 0x50, 0x53, 0x68, 0x61, 0x64, 0x65, 0x72, 0x50, 0x61, 0x72, 0x61, 0x6d
.byte 0x65, 0x74, 0x65, 0x72, 0x43, 0x61, 0x70, 0x74, 0x75, 0x72, 0x65, 0x42, 0x75, 0x66, 0x66, 0x65
.byte 0x72, 0x54, 0x65, 0x78, 0x74, 0x75, 0x72, 0x65, 0x43, 0x75, 0x62, 0x65, 0x4d, 0x61, 0x70, 0x40
.byte 0x50, 0x52, 0x65, 0x6e, 0x64, 0x65, 0x72, 0x69, 0x6e, 0x67, 0x40, 0x50, 0x68, 0x79, 0x72, 0x65
.byte 0x40, 0x40, 0x40, 0x50, 0x68, 0x79, 0x72, 0x65, 0x40, 0x40, 0x00, 0x00
.globl _sym_00c11d50
_sym_00c11d50:
.long _sym_00b69fe8
.byte 0x00, 0x00, 0x00, 0x00, 0x2e, 0x3f, 0x41, 0x56, 0x3f, 0x24, 0x50, 0x43, 0x6c, 0x61, 0x73, 0x73
.byte 0x44, 0x65, 0x73, 0x63, 0x72, 0x69, 0x70, 0x74, 0x6f, 0x72, 0x41, 0x62, 0x73, 0x74, 0x72, 0x61
.byte 0x63, 0x74, 0x40, 0x56, 0x50, 0x53, 0x68, 0x61, 0x64, 0x65, 0x72, 0x50, 0x61, 0x72, 0x61, 0x6d
.byte 0x65, 0x74, 0x65, 0x72, 0x43, 0x61, 0x70, 0x74, 0x75, 0x72, 0x65, 0x42, 0x75, 0x66, 0x66, 0x65
.byte 0x72, 0x54, 0x65, 0x78, 0x74, 0x75, 0x72, 0x65, 0x43, 0x75, 0x62, 0x65, 0x4d, 0x61, 0x70, 0x40
.byte 0x50, 0x52, 0x65, 0x6e, 0x64, 0x65, 0x72, 0x69, 0x6e, 0x67, 0x40, 0x50, 0x68, 0x79, 0x72, 0x65
.byte 0x40, 0x40, 0x40, 0x50, 0x68, 0x79, 0x72, 0x65, 0x40, 0x40, 0x00, 0x00
.globl _sym_00c11dc0
_sym_00c11dc0:
.long _sym_00b69fe8
.byte 0x00, 0x00, 0x00, 0x00, 0x2e, 0x3f, 0x41, 0x56, 0x3f, 0x24, 0x50, 0x43, 0x6c, 0x61, 0x73, 0x73
.byte 0x44, 0x65, 0x73, 0x63, 0x72, 0x69, 0x70, 0x74, 0x6f, 0x72, 0x46, 0x6f, 0x72, 0x54, 0x79, 0x70
.byte 0x65, 0x40, 0x56, 0x50, 0x53, 0x68, 0x61, 0x64, 0x65, 0x72, 0x50, 0x61, 0x72, 0x61, 0x6d, 0x65
.byte 0x74, 0x65, 0x72, 0x43, 0x61, 0x70, 0x74, 0x75, 0x72, 0x65, 0x42, 0x75, 0x66, 0x66, 0x65, 0x72
.byte 0x54, 0x65, 0x78, 0x74, 0x75, 0x72, 0x65, 0x43, 0x75, 0x62, 0x65, 0x4d, 0x61, 0x70, 0x40, 0x50
.byte 0x52, 0x65, 0x6e, 0x64, 0x65, 0x72, 0x69, 0x6e, 0x67, 0x40, 0x50, 0x68, 0x79, 0x72, 0x65, 0x40
.byte 0x40, 0x40, 0x50, 0x68, 0x79, 0x72, 0x65, 0x40, 0x40, 0x00, 0x00, 0x00
.globl _sym_00c11e30
_sym_00c11e30:
.long _sym_00b69fe8
.byte 0x00, 0x00, 0x00, 0x00, 0x2e, 0x3f, 0x41, 0x56, 0x3f, 0x24, 0x50, 0x43, 0x6c, 0x61, 0x73, 0x73
.byte 0x44, 0x65, 0x73, 0x63, 0x72, 0x69, 0x70, 0x74, 0x6f, 0x72, 0x43, 0x6f, 0x6e, 0x63, 0x72, 0x65
.byte 0x74, 0x65, 0x40, 0x56, 0x50, 0x53, 0x68, 0x61, 0x64, 0x65, 0x72, 0x50, 0x61, 0x72, 0x61, 0x6d
.byte 0x65, 0x74, 0x65, 0x72, 0x43, 0x61, 0x70, 0x74, 0x75, 0x72, 0x65, 0x42, 0x75, 0x66, 0x66, 0x65
.byte 0x72, 0x52, 0x57, 0x54, 0x65, 0x78, 0x74, 0x75, 0x72, 0x65, 0x32, 0x44, 0x40, 0x50, 0x52, 0x65
.byte 0x6e, 0x64, 0x65, 0x72, 0x69, 0x6e, 0x67, 0x40, 0x50, 0x68, 0x79, 0x72, 0x65, 0x40, 0x40, 0x40
.byte 0x50, 0x68, 0x79, 0x72, 0x65, 0x40, 0x40, 0x00, 0x00, 0x00, 0x00, 0x00
.globl _sym_00c11ea0
_sym_00c11ea0:
.long _sym_00b69fe8
.byte 0x00, 0x00, 0x00, 0x00, 0x2e, 0x3f, 0x41, 0x56, 0x3f, 0x24, 0x50, 0x43, 0x6c, 0x61, 0x73, 0x73
.byte 0x44, 0x65, 0x73, 0x63, 0x72, 0x69, 0x70, 0x74, 0x6f, 0x72, 0x41, 0x62, 0x73, 0x74, 0x72, 0x61
.byte 0x63, 0x74, 0x40, 0x56, 0x50, 0x53, 0x68, 0x61, 0x64, 0x65, 0x72, 0x50, 0x61, 0x72, 0x61, 0x6d
.byte 0x65, 0x74, 0x65, 0x72, 0x43, 0x61, 0x70, 0x74, 0x75, 0x72, 0x65, 0x42, 0x75, 0x66, 0x66, 0x65
.byte 0x72, 0x52, 0x57, 0x54, 0x65, 0x78, 0x74, 0x75, 0x72, 0x65, 0x32, 0x44, 0x40, 0x50, 0x52, 0x65
.byte 0x6e, 0x64, 0x65, 0x72, 0x69, 0x6e, 0x67, 0x40, 0x50, 0x68, 0x79, 0x72, 0x65, 0x40, 0x40, 0x40
.byte 0x50, 0x68, 0x79, 0x72, 0x65, 0x40, 0x40, 0x00, 0x00, 0x00, 0x00, 0x00
.globl _sym_00c11f10
_sym_00c11f10:
.long _sym_00b69fe8
.byte 0x00, 0x00, 0x00, 0x00, 0x2e, 0x3f, 0x41, 0x56, 0x3f, 0x24, 0x50, 0x43, 0x6c, 0x61, 0x73, 0x73
.byte 0x44, 0x65, 0x73, 0x63, 0x72, 0x69, 0x70, 0x74, 0x6f, 0x72, 0x46, 0x6f, 0x72, 0x54, 0x79, 0x70
.byte 0x65, 0x40, 0x56, 0x50, 0x53, 0x68, 0x61, 0x64, 0x65, 0x72, 0x50, 0x61, 0x72, 0x61, 0x6d, 0x65
.byte 0x74, 0x65, 0x72, 0x43, 0x61, 0x70, 0x74, 0x75, 0x72, 0x65, 0x42, 0x75, 0x66, 0x66, 0x65, 0x72
.byte 0x52, 0x57, 0x54, 0x65, 0x78, 0x74, 0x75, 0x72, 0x65, 0x32, 0x44, 0x40, 0x50, 0x52, 0x65, 0x6e
.byte 0x64, 0x65, 0x72, 0x69, 0x6e, 0x67, 0x40, 0x50, 0x68, 0x79, 0x72, 0x65, 0x40, 0x40, 0x40, 0x50
.byte 0x68, 0x79, 0x72, 0x65, 0x40, 0x40, 0x00, 0x00, 0x00, 0x00, 0x00, 0x00
.globl _sym_00c11f80
_sym_00c11f80:
.long _sym_00b69fe8
.byte 0x00, 0x00, 0x00, 0x00, 0x2e, 0x3f, 0x41, 0x56, 0x3f, 0x24, 0x50, 0x43, 0x6c, 0x61, 0x73, 0x73
.byte 0x44, 0x65, 0x73, 0x63, 0x72, 0x69, 0x70, 0x74, 0x6f, 0x72, 0x43, 0x6f, 0x6e, 0x63, 0x72, 0x65
.byte 0x74, 0x65, 0x40, 0x56, 0x50, 0x53, 0x68, 0x61, 0x64, 0x65, 0x72, 0x50, 0x61, 0x72, 0x61, 0x6d
.byte 0x65, 0x74, 0x65, 0x72, 0x43, 0x61, 0x70, 0x74, 0x75, 0x72, 0x65, 0x42, 0x75, 0x66, 0x66, 0x65
.byte 0x72, 0x52, 0x57, 0x54, 0x65, 0x78, 0x74, 0x75, 0x72, 0x65, 0x33, 0x44, 0x40, 0x50, 0x52, 0x65
.byte 0x6e, 0x64, 0x65, 0x72, 0x69, 0x6e, 0x67, 0x40, 0x50, 0x68, 0x79, 0x72, 0x65, 0x40, 0x40, 0x40
.byte 0x50, 0x68, 0x79, 0x72, 0x65, 0x40, 0x40, 0x00, 0x00, 0x00, 0x00, 0x00
.globl _sym_00c11ff0
_sym_00c11ff0:
.long _sym_00b69fe8
.byte 0x00, 0x00, 0x00, 0x00, 0x2e, 0x3f, 0x41, 0x56, 0x3f, 0x24, 0x50, 0x43, 0x6c, 0x61, 0x73, 0x73
.byte 0x44, 0x65, 0x73, 0x63, 0x72, 0x69, 0x70, 0x74, 0x6f, 0x72, 0x41, 0x62, 0x73, 0x74, 0x72, 0x61
.byte 0x63, 0x74, 0x40, 0x56, 0x50, 0x53, 0x68, 0x61, 0x64, 0x65, 0x72, 0x50, 0x61, 0x72, 0x61, 0x6d
.byte 0x65, 0x74, 0x65, 0x72, 0x43, 0x61, 0x70, 0x74, 0x75, 0x72, 0x65, 0x42, 0x75, 0x66, 0x66, 0x65
.byte 0x72, 0x52, 0x57, 0x54, 0x65, 0x78, 0x74, 0x75, 0x72, 0x65, 0x33, 0x44, 0x40, 0x50, 0x52, 0x65
.byte 0x6e, 0x64, 0x65, 0x72, 0x69, 0x6e, 0x67, 0x40, 0x50, 0x68, 0x79, 0x72, 0x65, 0x40, 0x40, 0x40
.byte 0x50, 0x68, 0x79, 0x72, 0x65, 0x40, 0x40, 0x00, 0x00, 0x00, 0x00, 0x00
.globl _sym_00c12060
_sym_00c12060:
.long _sym_00b69fe8
.byte 0x00, 0x00, 0x00, 0x00, 0x2e, 0x3f, 0x41, 0x56, 0x3f, 0x24, 0x50, 0x43, 0x6c, 0x61, 0x73, 0x73
.byte 0x44, 0x65, 0x73, 0x63, 0x72, 0x69, 0x70, 0x74, 0x6f, 0x72, 0x46, 0x6f, 0x72, 0x54, 0x79, 0x70
.byte 0x65, 0x40, 0x56, 0x50, 0x53, 0x68, 0x61, 0x64, 0x65, 0x72, 0x50, 0x61, 0x72, 0x61, 0x6d, 0x65
.byte 0x74, 0x65, 0x72, 0x43, 0x61, 0x70, 0x74, 0x75, 0x72, 0x65, 0x42, 0x75, 0x66, 0x66, 0x65, 0x72
.byte 0x52, 0x57, 0x54, 0x65, 0x78, 0x74, 0x75, 0x72, 0x65, 0x33, 0x44, 0x40, 0x50, 0x52, 0x65, 0x6e
.byte 0x64, 0x65, 0x72, 0x69, 0x6e, 0x67, 0x40, 0x50, 0x68, 0x79, 0x72, 0x65, 0x40, 0x40, 0x40, 0x50
.byte 0x68, 0x79, 0x72, 0x65, 0x40, 0x40, 0x00, 0x00, 0x00, 0x00, 0x00, 0x00
.globl _sym_00c120d0
_sym_00c120d0:
.long _sym_00b69fe8
.byte 0x00, 0x00, 0x00, 0x00, 0x2e, 0x3f, 0x41, 0x56, 0x3f, 0x24, 0x50, 0x43, 0x6c, 0x61, 0x73, 0x73
.byte 0x44, 0x65, 0x73, 0x63, 0x72, 0x69, 0x70, 0x74, 0x6f, 0x72, 0x43, 0x6f, 0x6e, 0x63, 0x72, 0x65
.byte 0x74, 0x65, 0x40, 0x56, 0x50, 0x53, 0x68, 0x61, 0x64, 0x65, 0x72, 0x50, 0x61, 0x72, 0x61, 0x6d
.byte 0x65, 0x74, 0x65, 0x72, 0x43, 0x61, 0x70, 0x74, 0x75, 0x72, 0x65, 0x42, 0x75, 0x66, 0x66, 0x65
.byte 0x72, 0x53, 0x61, 0x6d, 0x70, 0x6c, 0x65, 0x72, 0x40, 0x50, 0x52, 0x65, 0x6e, 0x64, 0x65, 0x72
.byte 0x69, 0x6e, 0x67, 0x40, 0x50, 0x68, 0x79, 0x72, 0x65, 0x40, 0x40, 0x40, 0x50, 0x68, 0x79, 0x72
.byte 0x65, 0x40, 0x40, 0x00
.globl _sym_00c12138
_sym_00c12138:
.long _sym_00b69fe8
.byte 0x00, 0x00, 0x00, 0x00, 0x2e, 0x3f, 0x41, 0x56, 0x3f, 0x24, 0x50, 0x43, 0x6c, 0x61, 0x73, 0x73
.byte 0x44, 0x65, 0x73, 0x63, 0x72, 0x69, 0x70, 0x74, 0x6f, 0x72, 0x41, 0x62, 0x73, 0x74, 0x72, 0x61
.byte 0x63, 0x74, 0x40, 0x56, 0x50, 0x53, 0x68, 0x61, 0x64, 0x65, 0x72, 0x50, 0x61, 0x72, 0x61, 0x6d
.byte 0x65, 0x74, 0x65, 0x72, 0x43, 0x61, 0x70, 0x74, 0x75, 0x72, 0x65, 0x42, 0x75, 0x66, 0x66, 0x65
.byte 0x72, 0x53, 0x61, 0x6d, 0x70, 0x6c, 0x65, 0x72, 0x40, 0x50, 0x52, 0x65, 0x6e, 0x64, 0x65, 0x72
.byte 0x69, 0x6e, 0x67, 0x40, 0x50, 0x68, 0x79, 0x72, 0x65, 0x40, 0x40, 0x40, 0x50, 0x68, 0x79, 0x72
.byte 0x65, 0x40, 0x40, 0x00
.globl _sym_00c121a0
_sym_00c121a0:
.long _sym_00b69fe8
.byte 0x00, 0x00, 0x00, 0x00, 0x2e, 0x3f, 0x41, 0x56, 0x3f, 0x24, 0x50, 0x43, 0x6c, 0x61, 0x73, 0x73
.byte 0x44, 0x65, 0x73, 0x63, 0x72, 0x69, 0x70, 0x74, 0x6f, 0x72, 0x46, 0x6f, 0x72, 0x54, 0x79, 0x70
.byte 0x65, 0x40, 0x56, 0x50, 0x53, 0x68, 0x61, 0x64, 0x65, 0x72, 0x50, 0x61, 0x72, 0x61, 0x6d, 0x65
.byte 0x74, 0x65, 0x72, 0x43, 0x61, 0x70, 0x74, 0x75, 0x72, 0x65, 0x42, 0x75, 0x66, 0x66, 0x65, 0x72
.byte 0x53, 0x61, 0x6d, 0x70, 0x6c, 0x65, 0x72, 0x40, 0x50, 0x52, 0x65, 0x6e, 0x64, 0x65, 0x72, 0x69
.byte 0x6e, 0x67, 0x40, 0x50, 0x68, 0x79, 0x72, 0x65, 0x40, 0x40, 0x40, 0x50, 0x68, 0x79, 0x72, 0x65
.byte 0x40, 0x40, 0x00, 0x00
.globl _sym_00c12208
_sym_00c12208:
.long _sym_00b69fe8
.byte 0x00, 0x00, 0x00, 0x00, 0x2e, 0x3f, 0x41, 0x56, 0x3f, 0x24, 0x50, 0x43, 0x6c, 0x61, 0x73, 0x73
.byte 0x44, 0x65, 0x73, 0x63, 0x72, 0x69, 0x70, 0x74, 0x6f, 0x72, 0x43, 0x6f, 0x6e, 0x63, 0x72, 0x65
.byte 0x74, 0x65, 0x40, 0x56, 0x50, 0x53, 0x68, 0x61, 0x64, 0x65, 0x72, 0x50, 0x61, 0x72, 0x61, 0x6d
.byte 0x65, 0x74, 0x65, 0x72, 0x43, 0x61, 0x70, 0x74, 0x75, 0x72, 0x65, 0x42, 0x75, 0x66, 0x66, 0x65
.byte 0x72, 0x53, 0x74, 0x72, 0x75, 0x63, 0x74, 0x75, 0x72, 0x65, 0x64, 0x42, 0x75, 0x66, 0x66, 0x65
.byte 0x72, 0x40, 0x50, 0x52, 0x65, 0x6e, 0x64, 0x65, 0x72, 0x69, 0x6e, 0x67, 0x40, 0x50, 0x68, 0x79
.byte 0x72, 0x65, 0x40, 0x40, 0x40, 0x50, 0x68, 0x79, 0x72, 0x65, 0x40, 0x40, 0x00, 0x00, 0x00, 0x00
.byte 0x00, 0x00, 0x00, 0x00
.globl _sym_00c12280
_sym_00c12280:
.long _sym_00b69fe8
.byte 0x00, 0x00, 0x00, 0x00, 0x2e, 0x3f, 0x41, 0x56, 0x3f, 0x24, 0x50, 0x43, 0x6c, 0x61, 0x73, 0x73
.byte 0x44, 0x65, 0x73, 0x63, 0x72, 0x69, 0x70, 0x74, 0x6f, 0x72, 0x41, 0x62, 0x73, 0x74, 0x72, 0x61
.byte 0x63, 0x74, 0x40, 0x56, 0x50, 0x53, 0x68, 0x61, 0x64, 0x65, 0x72, 0x50, 0x61, 0x72, 0x61, 0x6d
.byte 0x65, 0x74, 0x65, 0x72, 0x43, 0x61, 0x70, 0x74, 0x75, 0x72, 0x65, 0x42, 0x75, 0x66, 0x66, 0x65
.byte 0x72, 0x53, 0x74, 0x72, 0x75, 0x63, 0x74, 0x75, 0x72, 0x65, 0x64, 0x42, 0x75, 0x66, 0x66, 0x65
.byte 0x72, 0x40, 0x50, 0x52, 0x65, 0x6e, 0x64, 0x65, 0x72, 0x69, 0x6e, 0x67, 0x40, 0x50, 0x68, 0x79
.byte 0x72, 0x65, 0x40, 0x40, 0x40, 0x50, 0x68, 0x79, 0x72, 0x65, 0x40, 0x40, 0x00, 0x00, 0x00, 0x00
.byte 0x00, 0x00, 0x00, 0x00
.globl _sym_00c122f8
_sym_00c122f8:
.long _sym_00b69fe8
.byte 0x00, 0x00, 0x00, 0x00, 0x2e, 0x3f, 0x41, 0x56, 0x3f, 0x24, 0x50, 0x43, 0x6c, 0x61, 0x73, 0x73
.byte 0x44, 0x65, 0x73, 0x63, 0x72, 0x69, 0x70, 0x74, 0x6f, 0x72, 0x46, 0x6f, 0x72, 0x54, 0x79, 0x70
.byte 0x65, 0x40, 0x56, 0x50, 0x53, 0x68, 0x61, 0x64, 0x65, 0x72, 0x50, 0x61, 0x72, 0x61, 0x6d, 0x65
.byte 0x74, 0x65, 0x72, 0x43, 0x61, 0x70, 0x74, 0x75, 0x72, 0x65, 0x42, 0x75, 0x66, 0x66, 0x65, 0x72
.byte 0x53, 0x74, 0x72, 0x75, 0x63, 0x74, 0x75, 0x72, 0x65, 0x64, 0x42, 0x75, 0x66, 0x66, 0x65, 0x72
.byte 0x40, 0x50, 0x52, 0x65, 0x6e, 0x64, 0x65, 0x72, 0x69, 0x6e, 0x67, 0x40, 0x50, 0x68, 0x79, 0x72
.byte 0x65, 0x40, 0x40, 0x40, 0x50, 0x68, 0x79, 0x72, 0x65, 0x40, 0x40, 0x00
.globl _sym_00c12368
_sym_00c12368:
.long _sym_00b69fe8
.byte 0x00, 0x00, 0x00, 0x00, 0x2e, 0x3f, 0x41, 0x56, 0x3f, 0x24, 0x50, 0x43, 0x6c, 0x61, 0x73, 0x73
.byte 0x44, 0x65, 0x73, 0x63, 0x72, 0x69, 0x70, 0x74, 0x6f, 0x72, 0x43, 0x6f, 0x6e, 0x63, 0x72, 0x65
.byte 0x74, 0x65, 0x40, 0x56, 0x50, 0x53, 0x68, 0x61, 0x64, 0x65, 0x72, 0x50, 0x61, 0x72, 0x61, 0x6d
.byte 0x65, 0x74, 0x65, 0x72, 0x43, 0x61, 0x70, 0x74, 0x75, 0x72, 0x65, 0x42, 0x75, 0x66, 0x66, 0x65
.byte 0x72, 0x52, 0x57, 0x53, 0x74, 0x72, 0x75, 0x63, 0x74, 0x75, 0x72, 0x65, 0x64, 0x42, 0x75, 0x66
.byte 0x66, 0x65, 0x72, 0x40, 0x50, 0x52, 0x65, 0x6e, 0x64, 0x65, 0x72, 0x69, 0x6e, 0x67, 0x40, 0x50
.byte 0x68, 0x79, 0x72, 0x65, 0x40, 0x40, 0x40, 0x50, 0x68, 0x79, 0x72, 0x65, 0x40, 0x40, 0x00, 0x00
.byte 0x00, 0x00, 0x00, 0x00
.globl _sym_00c123e0
_sym_00c123e0:
.long _sym_00b69fe8
.byte 0x00, 0x00, 0x00, 0x00, 0x2e, 0x3f, 0x41, 0x56, 0x3f, 0x24, 0x50, 0x43, 0x6c, 0x61, 0x73, 0x73
.byte 0x44, 0x65, 0x73, 0x63, 0x72, 0x69, 0x70, 0x74, 0x6f, 0x72, 0x41, 0x62, 0x73, 0x74, 0x72, 0x61
.byte 0x63, 0x74, 0x40, 0x56, 0x50, 0x53, 0x68, 0x61, 0x64, 0x65, 0x72, 0x50, 0x61, 0x72, 0x61, 0x6d
.byte 0x65, 0x74, 0x65, 0x72, 0x43, 0x61, 0x70, 0x74, 0x75, 0x72, 0x65, 0x42, 0x75, 0x66, 0x66, 0x65
.byte 0x72, 0x52, 0x57, 0x53, 0x74, 0x72, 0x75, 0x63, 0x74, 0x75, 0x72, 0x65, 0x64, 0x42, 0x75, 0x66
.byte 0x66, 0x65, 0x72, 0x40, 0x50, 0x52, 0x65, 0x6e, 0x64, 0x65, 0x72, 0x69, 0x6e, 0x67, 0x40, 0x50
.byte 0x68, 0x79, 0x72, 0x65, 0x40, 0x40, 0x40, 0x50, 0x68, 0x79, 0x72, 0x65, 0x40, 0x40, 0x00, 0x00
.byte 0x00, 0x00, 0x00, 0x00
.globl _sym_00c12458
_sym_00c12458:
.long _sym_00b69fe8
.byte 0x00, 0x00, 0x00, 0x00, 0x2e, 0x3f, 0x41, 0x56, 0x3f, 0x24, 0x50, 0x43, 0x6c, 0x61, 0x73, 0x73
.byte 0x44, 0x65, 0x73, 0x63, 0x72, 0x69, 0x70, 0x74, 0x6f, 0x72, 0x46, 0x6f, 0x72, 0x54, 0x79, 0x70
.byte 0x65, 0x40, 0x56, 0x50, 0x53, 0x68, 0x61, 0x64, 0x65, 0x72, 0x50, 0x61, 0x72, 0x61, 0x6d, 0x65
.byte 0x74, 0x65, 0x72, 0x43, 0x61, 0x70, 0x74, 0x75, 0x72, 0x65, 0x42, 0x75, 0x66, 0x66, 0x65, 0x72
.byte 0x52, 0x57, 0x53, 0x74, 0x72, 0x75, 0x63, 0x74, 0x75, 0x72, 0x65, 0x64, 0x42, 0x75, 0x66, 0x66
.byte 0x65, 0x72, 0x40, 0x50, 0x52, 0x65, 0x6e, 0x64, 0x65, 0x72, 0x69, 0x6e, 0x67, 0x40, 0x50, 0x68
.byte 0x79, 0x72, 0x65, 0x40, 0x40, 0x40, 0x50, 0x68, 0x79, 0x72, 0x65, 0x40, 0x40, 0x00, 0x00, 0x00
.byte 0x00, 0x00, 0x00, 0x00
.globl _sym_00c124d0
_sym_00c124d0:
.long _sym_00b69fe8
.byte 0x00, 0x00, 0x00, 0x00, 0x2e, 0x3f, 0x41, 0x56, 0x3f, 0x24, 0x50, 0x43, 0x6c, 0x61, 0x73, 0x73
.byte 0x44, 0x65, 0x73, 0x63, 0x72, 0x69, 0x70, 0x74, 0x6f, 0x72, 0x43, 0x6f, 0x6e, 0x63, 0x72, 0x65
.byte 0x74, 0x65, 0x40, 0x56, 0x50, 0x53, 0x68, 0x61, 0x64, 0x65, 0x72, 0x50, 0x61, 0x72, 0x61, 0x6d
.byte 0x65, 0x74, 0x65, 0x72, 0x43, 0x61, 0x70, 0x74, 0x75, 0x72, 0x65, 0x42, 0x75, 0x66, 0x66, 0x65
.byte 0x72, 0x42, 0x79, 0x74, 0x65, 0x41, 0x64, 0x64, 0x72, 0x65, 0x73, 0x73, 0x42, 0x75, 0x66, 0x66
.byte 0x65, 0x72, 0x40, 0x50, 0x52, 0x65, 0x6e, 0x64, 0x65, 0x72, 0x69, 0x6e, 0x67, 0x40, 0x50, 0x68
.byte 0x79, 0x72, 0x65, 0x40, 0x40, 0x40, 0x50, 0x68, 0x79, 0x72, 0x65, 0x40, 0x40, 0x00, 0x00, 0x00
.byte 0x00, 0x00, 0x00, 0x00
.globl _sym_00c12548
_sym_00c12548:
.long _sym_00b69fe8
.byte 0x00, 0x00, 0x00, 0x00, 0x2e, 0x3f, 0x41, 0x56, 0x3f, 0x24, 0x50, 0x43, 0x6c, 0x61, 0x73, 0x73
.byte 0x44, 0x65, 0x73, 0x63, 0x72, 0x69, 0x70, 0x74, 0x6f, 0x72, 0x41, 0x62, 0x73, 0x74, 0x72, 0x61
.byte 0x63, 0x74, 0x40, 0x56, 0x50, 0x53, 0x68, 0x61, 0x64, 0x65, 0x72, 0x50, 0x61, 0x72, 0x61, 0x6d
.byte 0x65, 0x74, 0x65, 0x72, 0x43, 0x61, 0x70, 0x74, 0x75, 0x72, 0x65, 0x42, 0x75, 0x66, 0x66, 0x65
.byte 0x72, 0x42, 0x79, 0x74, 0x65, 0x41, 0x64, 0x64, 0x72, 0x65, 0x73, 0x73, 0x42, 0x75, 0x66, 0x66
.byte 0x65, 0x72, 0x40, 0x50, 0x52, 0x65, 0x6e, 0x64, 0x65, 0x72, 0x69, 0x6e, 0x67, 0x40, 0x50, 0x68
.byte 0x79, 0x72, 0x65, 0x40, 0x40, 0x40, 0x50, 0x68, 0x79, 0x72, 0x65, 0x40, 0x40, 0x00, 0x00, 0x00
.byte 0x00, 0x00, 0x00, 0x00
.globl _sym_00c125c0
_sym_00c125c0:
.long _sym_00b69fe8
.byte 0x00, 0x00, 0x00, 0x00, 0x2e, 0x3f, 0x41, 0x56, 0x3f, 0x24, 0x50, 0x43, 0x6c, 0x61, 0x73, 0x73
.byte 0x44, 0x65, 0x73, 0x63, 0x72, 0x69, 0x70, 0x74, 0x6f, 0x72, 0x46, 0x6f, 0x72, 0x54, 0x79, 0x70
.byte 0x65, 0x40, 0x56, 0x50, 0x53, 0x68, 0x61, 0x64, 0x65, 0x72, 0x50, 0x61, 0x72, 0x61, 0x6d, 0x65
.byte 0x74, 0x65, 0x72, 0x43, 0x61, 0x70, 0x74, 0x75, 0x72, 0x65, 0x42, 0x75, 0x66, 0x66, 0x65, 0x72
.byte 0x42, 0x79, 0x74, 0x65, 0x41, 0x64, 0x64, 0x72, 0x65, 0x73, 0x73, 0x42, 0x75, 0x66, 0x66, 0x65
.byte 0x72, 0x40, 0x50, 0x52, 0x65, 0x6e, 0x64, 0x65, 0x72, 0x69, 0x6e, 0x67, 0x40, 0x50, 0x68, 0x79
.byte 0x72, 0x65, 0x40, 0x40, 0x40, 0x50, 0x68, 0x79, 0x72, 0x65, 0x40, 0x40, 0x00, 0x00, 0x00, 0x00
.byte 0x00, 0x00, 0x00, 0x00
.globl _sym_00c12638
_sym_00c12638:
.long _sym_00b69fe8
.byte 0x00, 0x00, 0x00, 0x00, 0x2e, 0x3f, 0x41, 0x56, 0x3f, 0x24, 0x50, 0x43, 0x6c, 0x61, 0x73, 0x73
.byte 0x44, 0x65, 0x73, 0x63, 0x72, 0x69, 0x70, 0x74, 0x6f, 0x72, 0x43, 0x6f, 0x6e, 0x63, 0x72, 0x65
.byte 0x74, 0x65, 0x40, 0x56, 0x50, 0x53, 0x68, 0x61, 0x64, 0x65, 0x72, 0x50, 0x61, 0x72, 0x61, 0x6d
.byte 0x65, 0x74, 0x65, 0x72, 0x43, 0x61, 0x70, 0x74, 0x75, 0x72, 0x65, 0x42, 0x75, 0x66, 0x66, 0x65
.byte 0x72, 0x52, 0x57, 0x42, 0x79, 0x74, 0x65, 0x41, 0x64, 0x64, 0x72, 0x65, 0x73, 0x73, 0x42, 0x75
.byte 0x66, 0x66, 0x65, 0x72, 0x40, 0x50, 0x52, 0x65, 0x6e, 0x64, 0x65, 0x72, 0x69, 0x6e, 0x67, 0x40
.byte 0x50, 0x68, 0x79, 0x72, 0x65, 0x40, 0x40, 0x40, 0x50, 0x68, 0x79, 0x72, 0x65, 0x40, 0x40, 0x00
.byte 0x00, 0x00, 0x00, 0x00
.globl _sym_00c126b0
_sym_00c126b0:
.long _sym_00b69fe8
.byte 0x00, 0x00, 0x00, 0x00, 0x2e, 0x3f, 0x41, 0x56, 0x3f, 0x24, 0x50, 0x43, 0x6c, 0x61, 0x73, 0x73
.byte 0x44, 0x65, 0x73, 0x63, 0x72, 0x69, 0x70, 0x74, 0x6f, 0x72, 0x41, 0x62, 0x73, 0x74, 0x72, 0x61
.byte 0x63, 0x74, 0x40, 0x56, 0x50, 0x53, 0x68, 0x61, 0x64, 0x65, 0x72, 0x50, 0x61, 0x72, 0x61, 0x6d
.byte 0x65, 0x74, 0x65, 0x72, 0x43, 0x61, 0x70, 0x74, 0x75, 0x72, 0x65, 0x42, 0x75, 0x66, 0x66, 0x65
.byte 0x72, 0x52, 0x57, 0x42, 0x79, 0x74, 0x65, 0x41, 0x64, 0x64, 0x72, 0x65, 0x73, 0x73, 0x42, 0x75
.byte 0x66, 0x66, 0x65, 0x72, 0x40, 0x50, 0x52, 0x65, 0x6e, 0x64, 0x65, 0x72, 0x69, 0x6e, 0x67, 0x40
.byte 0x50, 0x68, 0x79, 0x72, 0x65, 0x40, 0x40, 0x40, 0x50, 0x68, 0x79, 0x72, 0x65, 0x40, 0x40, 0x00
.byte 0x00, 0x00, 0x00, 0x00
.globl _sym_00c12728
_sym_00c12728:
.long _sym_00b69fe8
.byte 0x00, 0x00, 0x00, 0x00, 0x2e, 0x3f, 0x41, 0x56, 0x3f, 0x24, 0x50, 0x43, 0x6c, 0x61, 0x73, 0x73
.byte 0x44, 0x65, 0x73, 0x63, 0x72, 0x69, 0x70, 0x74, 0x6f, 0x72, 0x46, 0x6f, 0x72, 0x54, 0x79, 0x70
.byte 0x65, 0x40, 0x56, 0x50, 0x53, 0x68, 0x61, 0x64, 0x65, 0x72, 0x50, 0x61, 0x72, 0x61, 0x6d, 0x65
.byte 0x74, 0x65, 0x72, 0x43, 0x61, 0x70, 0x74, 0x75, 0x72, 0x65, 0x42, 0x75, 0x66, 0x66, 0x65, 0x72
.byte 0x52, 0x57, 0x42, 0x79, 0x74, 0x65, 0x41, 0x64, 0x64, 0x72, 0x65, 0x73, 0x73, 0x42, 0x75, 0x66
.byte 0x66, 0x65, 0x72, 0x40, 0x50, 0x52, 0x65, 0x6e, 0x64, 0x65, 0x72, 0x69, 0x6e, 0x67, 0x40, 0x50
.byte 0x68, 0x79, 0x72, 0x65, 0x40, 0x40, 0x40, 0x50, 0x68, 0x79, 0x72, 0x65, 0x40, 0x40, 0x00, 0x00
.byte 0x00, 0x00, 0x00, 0x00
.globl _sym_00c127a0
_sym_00c127a0:
.long _sym_00b69fe8
.byte 0x00, 0x00, 0x00, 0x00, 0x2e, 0x3f, 0x41, 0x56, 0x3f, 0x24, 0x50, 0x43, 0x6c, 0x61, 0x73, 0x73
.byte 0x44, 0x65, 0x73, 0x63, 0x72, 0x69, 0x70, 0x74, 0x6f, 0x72, 0x43, 0x6f, 0x6e, 0x63, 0x72, 0x65
.byte 0x74, 0x65, 0x40, 0x56, 0x50, 0x53, 0x68, 0x61, 0x64, 0x65, 0x72, 0x50, 0x61, 0x72, 0x61, 0x6d
.byte 0x65, 0x74, 0x65, 0x72, 0x43, 0x61, 0x70, 0x74, 0x75, 0x72, 0x65, 0x43, 0x6f, 0x6e, 0x73, 0x74
.byte 0x61, 0x6e, 0x74, 0x42, 0x75, 0x66, 0x66, 0x65, 0x72, 0x40, 0x50, 0x52, 0x65, 0x6e, 0x64, 0x65
.byte 0x72, 0x69, 0x6e, 0x67, 0x40, 0x50, 0x68, 0x79, 0x72, 0x65, 0x40, 0x40, 0x40, 0x50, 0x68, 0x79
.byte 0x72, 0x65, 0x40, 0x40, 0x00, 0x00, 0x00, 0x00, 0x00, 0x00, 0x00, 0x00
.globl _sym_00c12810
_sym_00c12810:
.long _sym_00b69fe8
.byte 0x00, 0x00, 0x00, 0x00, 0x2e, 0x3f, 0x41, 0x56, 0x3f, 0x24, 0x50, 0x43, 0x6c, 0x61, 0x73, 0x73
.byte 0x44, 0x65, 0x73, 0x63, 0x72, 0x69, 0x70, 0x74, 0x6f, 0x72, 0x41, 0x62, 0x73, 0x74, 0x72, 0x61
.byte 0x63, 0x74, 0x40, 0x56, 0x50, 0x53, 0x68, 0x61, 0x64, 0x65, 0x72, 0x50, 0x61, 0x72, 0x61, 0x6d
.byte 0x65, 0x74, 0x65, 0x72, 0x43, 0x61, 0x70, 0x74, 0x75, 0x72, 0x65, 0x43, 0x6f, 0x6e, 0x73, 0x74
.byte 0x61, 0x6e, 0x74, 0x42, 0x75, 0x66, 0x66, 0x65, 0x72, 0x40, 0x50, 0x52, 0x65, 0x6e, 0x64, 0x65
.byte 0x72, 0x69, 0x6e, 0x67, 0x40, 0x50, 0x68, 0x79, 0x72, 0x65, 0x40, 0x40, 0x40, 0x50, 0x68, 0x79
.byte 0x72, 0x65, 0x40, 0x40, 0x00, 0x00, 0x00, 0x00, 0x00, 0x00, 0x00, 0x00
.globl _sym_00c12880
_sym_00c12880:
.long _sym_00b69fe8
.byte 0x00, 0x00, 0x00, 0x00, 0x2e, 0x3f, 0x41, 0x56, 0x3f, 0x24, 0x50, 0x43, 0x6c, 0x61, 0x73, 0x73
.byte 0x44, 0x65, 0x73, 0x63, 0x72, 0x69, 0x70, 0x74, 0x6f, 0x72, 0x46, 0x6f, 0x72, 0x54, 0x79, 0x70
.byte 0x65, 0x40, 0x56, 0x50, 0x53, 0x68, 0x61, 0x64, 0x65, 0x72, 0x50, 0x61, 0x72, 0x61, 0x6d, 0x65
.byte 0x74, 0x65, 0x72, 0x43, 0x61, 0x70, 0x74, 0x75, 0x72, 0x65, 0x43, 0x6f, 0x6e, 0x73, 0x74, 0x61
.byte 0x6e, 0x74, 0x42, 0x75, 0x66, 0x66, 0x65, 0x72, 0x40, 0x50, 0x52, 0x65, 0x6e, 0x64, 0x65, 0x72
.byte 0x69, 0x6e, 0x67, 0x40, 0x50, 0x68, 0x79, 0x72, 0x65, 0x40, 0x40, 0x40, 0x50, 0x68, 0x79, 0x72
.byte 0x65, 0x40, 0x40, 0x00
.globl _sym_00c128e8
_sym_00c128e8:
.long _sym_00b69fe8
.byte 0x00, 0x00, 0x00, 0x00, 0x2e, 0x3f, 0x41, 0x56, 0x3f, 0x24, 0x50, 0x43, 0x6c, 0x61, 0x73, 0x73
.byte 0x44, 0x65, 0x73, 0x63, 0x72, 0x69, 0x70, 0x74, 0x6f, 0x72, 0x43, 0x6f, 0x6e, 0x63, 0x72, 0x65
.byte 0x74, 0x65, 0x40, 0x56, 0x50, 0x53, 0x68, 0x61, 0x64, 0x65, 0x72, 0x50, 0x61, 0x72, 0x61, 0x6d
.byte 0x65, 0x74, 0x65, 0x72, 0x43, 0x61, 0x70, 0x74, 0x75, 0x72, 0x65, 0x42, 0x75, 0x66, 0x66, 0x65
.byte 0x72, 0x44, 0x61, 0x74, 0x61, 0x42, 0x6c, 0x6f, 0x63, 0x6b, 0x40, 0x50, 0x52, 0x65, 0x6e, 0x64
.byte 0x65, 0x72, 0x69, 0x6e, 0x67, 0x40, 0x50, 0x68, 0x79, 0x72, 0x65, 0x40, 0x40, 0x40, 0x50, 0x68
.byte 0x79, 0x72, 0x65, 0x40, 0x40, 0x00, 0x00, 0x00, 0x00, 0x00, 0x00, 0x00
.globl _sym_00c12958
_sym_00c12958:
.long _sym_00b69fe8
.byte 0x00, 0x00, 0x00, 0x00, 0x2e, 0x3f, 0x41, 0x56, 0x3f, 0x24, 0x50, 0x43, 0x6c, 0x61, 0x73, 0x73
.byte 0x44, 0x65, 0x73, 0x63, 0x72, 0x69, 0x70, 0x74, 0x6f, 0x72, 0x41, 0x62, 0x73, 0x74, 0x72, 0x61
.byte 0x63, 0x74, 0x40, 0x56, 0x50, 0x53, 0x68, 0x61, 0x64, 0x65, 0x72, 0x50, 0x61, 0x72, 0x61, 0x6d
.byte 0x65, 0x74, 0x65, 0x72, 0x43, 0x61, 0x70, 0x74, 0x75, 0x72, 0x65, 0x42, 0x75, 0x66, 0x66, 0x65
.byte 0x72, 0x44, 0x61, 0x74, 0x61, 0x42, 0x6c, 0x6f, 0x63, 0x6b, 0x40, 0x50, 0x52, 0x65, 0x6e, 0x64
.byte 0x65, 0x72, 0x69, 0x6e, 0x67, 0x40, 0x50, 0x68, 0x79, 0x72, 0x65, 0x40, 0x40, 0x40, 0x50, 0x68
.byte 0x79, 0x72, 0x65, 0x40, 0x40, 0x00, 0x00, 0x00, 0x00, 0x00, 0x00, 0x00
.globl _sym_00c129c8
_sym_00c129c8:
.long _sym_00b69fe8
.byte 0x00, 0x00, 0x00, 0x00, 0x2e, 0x3f, 0x41, 0x56, 0x3f, 0x24, 0x50, 0x43, 0x6c, 0x61, 0x73, 0x73
.byte 0x44, 0x65, 0x73, 0x63, 0x72, 0x69, 0x70, 0x74, 0x6f, 0x72, 0x46, 0x6f, 0x72, 0x54, 0x79, 0x70
.byte 0x65, 0x40, 0x56, 0x50, 0x53, 0x68, 0x61, 0x64, 0x65, 0x72, 0x50, 0x61, 0x72, 0x61, 0x6d, 0x65
.byte 0x74, 0x65, 0x72, 0x43, 0x61, 0x70, 0x74, 0x75, 0x72, 0x65, 0x42, 0x75, 0x66, 0x66, 0x65, 0x72
.byte 0x44, 0x61, 0x74, 0x61, 0x42, 0x6c, 0x6f, 0x63, 0x6b, 0x40, 0x50, 0x52, 0x65, 0x6e, 0x64, 0x65
.byte 0x72, 0x69, 0x6e, 0x67, 0x40, 0x50, 0x68, 0x79, 0x72, 0x65, 0x40, 0x40, 0x40, 0x50, 0x68, 0x79
.byte 0x72, 0x65, 0x40, 0x40, 0x00, 0x00, 0x00, 0x00, 0x00, 0x00, 0x00, 0x00
.globl _sym_00c12a38
_sym_00c12a38:
.long _sym_00b69fe8
.byte 0x00, 0x00, 0x00, 0x00, 0x2e, 0x3f, 0x41, 0x56, 0x3f, 0x24, 0x50, 0x43, 0x6c, 0x61, 0x73, 0x73
.byte 0x44, 0x65, 0x73, 0x63, 0x72, 0x69, 0x70, 0x74, 0x6f, 0x72, 0x43, 0x6f, 0x6e, 0x63, 0x72, 0x65
.byte 0x74, 0x65, 0x40, 0x56, 0x50, 0x53, 0x68, 0x61, 0x64, 0x65, 0x72, 0x50, 0x61, 0x72, 0x61, 0x6d
.byte 0x65, 0x74, 0x65, 0x72, 0x43, 0x61, 0x70, 0x74, 0x75, 0x72, 0x65, 0x42, 0x75, 0x66, 0x66, 0x65
.byte 0x72, 0x49, 0x6e, 0x64, 0x65, 0x78, 0x44, 0x61, 0x74, 0x61, 0x42, 0x6c, 0x6f, 0x63, 0x6b, 0x40
.byte 0x50, 0x52, 0x65, 0x6e, 0x64, 0x65, 0x72, 0x69, 0x6e, 0x67, 0x40, 0x50, 0x68, 0x79, 0x72, 0x65
.byte 0x40, 0x40, 0x40, 0x50, 0x68, 0x79, 0x72, 0x65, 0x40, 0x40, 0x00, 0x00
.globl _sym_00c12aa8
_sym_00c12aa8:
.long _sym_00b69fe8
.byte 0x00, 0x00, 0x00, 0x00, 0x2e, 0x3f, 0x41, 0x56, 0x3f, 0x24, 0x50, 0x43, 0x6c, 0x61, 0x73, 0x73
.byte 0x44, 0x65, 0x73, 0x63, 0x72, 0x69, 0x70, 0x74, 0x6f, 0x72, 0x41, 0x62, 0x73, 0x74, 0x72, 0x61
.byte 0x63, 0x74, 0x40, 0x56, 0x50, 0x53, 0x68, 0x61, 0x64, 0x65, 0x72, 0x50, 0x61, 0x72, 0x61, 0x6d
.byte 0x65, 0x74, 0x65, 0x72, 0x43, 0x61, 0x70, 0x74, 0x75, 0x72, 0x65, 0x42, 0x75, 0x66, 0x66, 0x65
.byte 0x72, 0x49, 0x6e, 0x64, 0x65, 0x78, 0x44, 0x61, 0x74, 0x61, 0x42, 0x6c, 0x6f, 0x63, 0x6b, 0x40
.byte 0x50, 0x52, 0x65, 0x6e, 0x64, 0x65, 0x72, 0x69, 0x6e, 0x67, 0x40, 0x50, 0x68, 0x79, 0x72, 0x65
.byte 0x40, 0x40, 0x40, 0x50, 0x68, 0x79, 0x72, 0x65, 0x40, 0x40, 0x00, 0x00
.globl _sym_00c12b18
_sym_00c12b18:
.long _sym_00b69fe8
.byte 0x00, 0x00, 0x00, 0x00, 0x2e, 0x3f, 0x41, 0x56, 0x3f, 0x24, 0x50, 0x43, 0x6c, 0x61, 0x73, 0x73
.byte 0x44, 0x65, 0x73, 0x63, 0x72, 0x69, 0x70, 0x74, 0x6f, 0x72, 0x46, 0x6f, 0x72, 0x54, 0x79, 0x70
.byte 0x65, 0x40, 0x56, 0x50, 0x53, 0x68, 0x61, 0x64, 0x65, 0x72, 0x50, 0x61, 0x72, 0x61, 0x6d, 0x65
.byte 0x74, 0x65, 0x72, 0x43, 0x61, 0x70, 0x74, 0x75, 0x72, 0x65, 0x42, 0x75, 0x66, 0x66, 0x65, 0x72
.byte 0x49, 0x6e, 0x64, 0x65, 0x78, 0x44, 0x61, 0x74, 0x61, 0x42, 0x6c, 0x6f, 0x63, 0x6b, 0x40, 0x50
.byte 0x52, 0x65, 0x6e, 0x64, 0x65, 0x72, 0x69, 0x6e, 0x67, 0x40, 0x50, 0x68, 0x79, 0x72, 0x65, 0x40
.byte 0x40, 0x40, 0x50, 0x68, 0x79, 0x72, 0x65, 0x40, 0x40, 0x00, 0x00, 0x00
.globl _sym_00c12b88
_sym_00c12b88:
.long _sym_00b69fe8
.byte 0x00, 0x00, 0x00, 0x00, 0x2e, 0x3f, 0x41, 0x56, 0x3f, 0x24, 0x50, 0x43, 0x6c, 0x61, 0x73, 0x73
.byte 0x44, 0x65, 0x73, 0x63, 0x72, 0x69, 0x70, 0x74, 0x6f, 0x72, 0x57, 0x69, 0x74, 0x68, 0x6f, 0x75
.byte 0x74, 0x44, 0x65, 0x66, 0x61, 0x75, 0x6c, 0x74, 0x43, 0x6f, 0x6e, 0x73, 0x74, 0x72, 0x75, 0x63
.byte 0x74, 0x6f, 0x72, 0x40, 0x56, 0x50, 0x53, 0x68, 0x61, 0x64, 0x65, 0x72, 0x53, 0x6f, 0x75, 0x72
.byte 0x63, 0x65, 0x40, 0x50, 0x52, 0x65, 0x6e, 0x64, 0x65, 0x72, 0x69, 0x6e, 0x67, 0x40, 0x50, 0x68
.byte 0x79, 0x72, 0x65, 0x40, 0x40, 0x40, 0x50, 0x68, 0x79, 0x72, 0x65, 0x40, 0x40, 0x00, 0x00, 0x00
.byte 0x00, 0x00, 0x00, 0x00
.globl _sym_00c12bf0
_sym_00c12bf0:
.long _sym_00b69fe8
.byte 0x00, 0x00, 0x00, 0x00, 0x2e, 0x3f, 0x41, 0x56, 0x3f, 0x24, 0x50, 0x43, 0x6c, 0x61, 0x73, 0x73
.byte 0x44, 0x65, 0x73, 0x63, 0x72, 0x69, 0x70, 0x74, 0x6f, 0x72, 0x41, 0x62, 0x73, 0x74, 0x72, 0x61
.byte 0x63, 0x74, 0x40, 0x56, 0x50, 0x53, 0x68, 0x61, 0x64, 0x65, 0x72, 0x53, 0x6f, 0x75, 0x72, 0x63
.byte 0x65, 0x40, 0x50, 0x52, 0x65, 0x6e, 0x64, 0x65, 0x72, 0x69, 0x6e, 0x67, 0x40, 0x50, 0x68, 0x79
.byte 0x72, 0x65, 0x40, 0x40, 0x40, 0x50, 0x68, 0x79, 0x72, 0x65, 0x40, 0x40, 0x00, 0x00, 0x00, 0x00
.byte 0x00, 0x00, 0x00, 0x00
.globl _sym_00c12c48
_sym_00c12c48:
.long _sym_00b69fe8
.byte 0x00, 0x00, 0x00, 0x00, 0x2e, 0x3f, 0x41, 0x56, 0x3f, 0x24, 0x50, 0x43, 0x6c, 0x61, 0x73, 0x73
.byte 0x44, 0x65, 0x73, 0x63, 0x72, 0x69, 0x70, 0x74, 0x6f, 0x72, 0x46, 0x6f, 0x72, 0x54, 0x79, 0x70
.byte 0x65, 0x40, 0x56, 0x50, 0x53, 0x68, 0x61, 0x64, 0x65, 0x72, 0x53, 0x6f, 0x75, 0x72, 0x63, 0x65
.byte 0x40, 0x50, 0x52, 0x65, 0x6e, 0x64, 0x65, 0x72, 0x69, 0x6e, 0x67, 0x40, 0x50, 0x68, 0x79, 0x72
.byte 0x65, 0x40, 0x40, 0x40, 0x50, 0x68, 0x79, 0x72, 0x65, 0x40, 0x40, 0x00
.globl _sym_00c12c98
_sym_00c12c98:
.long _sym_00b69fe8
.byte 0x00, 0x00, 0x00, 0x00, 0x2e, 0x3f, 0x41, 0x56, 0x3f, 0x24, 0x50, 0x43, 0x6c, 0x61, 0x73, 0x73
.byte 0x44, 0x65, 0x73, 0x63, 0x72, 0x69, 0x70, 0x74, 0x6f, 0x72, 0x43, 0x6f, 0x6e, 0x63, 0x72, 0x65
.byte 0x74, 0x65, 0x40, 0x56, 0x50, 0x53, 0x68, 0x61, 0x64, 0x65, 0x72, 0x50, 0x72, 0x6f, 0x67, 0x72
.byte 0x61, 0x6d, 0x50, 0x61, 0x72, 0x61, 0x6d, 0x73, 0x41, 0x6e, 0x64, 0x53, 0x74, 0x72, 0x65, 0x61
.byte 0x6d, 0x73, 0x40, 0x50, 0x52, 0x65, 0x6e, 0x64, 0x65, 0x72, 0x69, 0x6e, 0x67, 0x40, 0x50, 0x68
.byte 0x79, 0x72, 0x65, 0x40, 0x40, 0x40, 0x50, 0x68, 0x79, 0x72, 0x65, 0x40, 0x40, 0x00, 0x00, 0x00
.byte 0x00, 0x00, 0x00, 0x00
.globl _sym_00c12d00
_sym_00c12d00:
.long _sym_00b69fe8
.byte 0x00, 0x00, 0x00, 0x00, 0x2e, 0x3f, 0x41, 0x56, 0x3f, 0x24, 0x50, 0x43, 0x6c, 0x61, 0x73, 0x73
.byte 0x44, 0x65, 0x73, 0x63, 0x72, 0x69, 0x70, 0x74, 0x6f, 0x72, 0x41, 0x62, 0x73, 0x74, 0x72, 0x61
.byte 0x63, 0x74, 0x40, 0x56, 0x50, 0x53, 0x68, 0x61, 0x64, 0x65, 0x72, 0x50, 0x72, 0x6f, 0x67, 0x72
.byte 0x61, 0x6d, 0x50, 0x61, 0x72, 0x61, 0x6d, 0x73, 0x41, 0x6e, 0x64, 0x53, 0x74, 0x72, 0x65, 0x61
.byte 0x6d, 0x73, 0x40, 0x50, 0x52, 0x65, 0x6e, 0x64, 0x65, 0x72, 0x69, 0x6e, 0x67, 0x40, 0x50, 0x68
.byte 0x79, 0x72, 0x65, 0x40, 0x40, 0x40, 0x50, 0x68, 0x79, 0x72, 0x65, 0x40, 0x40, 0x00, 0x00, 0x00
.byte 0x00, 0x00, 0x00, 0x00
.globl _sym_00c12d68
_sym_00c12d68:
.long _sym_00b69fe8
.byte 0x00, 0x00, 0x00, 0x00, 0x2e, 0x3f, 0x41, 0x56, 0x3f, 0x24, 0x50, 0x43, 0x6c, 0x61, 0x73, 0x73
.byte 0x44, 0x65, 0x73, 0x63, 0x72, 0x69, 0x70, 0x74, 0x6f, 0x72, 0x46, 0x6f, 0x72, 0x54, 0x79, 0x70
.byte 0x65, 0x40, 0x56, 0x50, 0x53, 0x68, 0x61, 0x64, 0x65, 0x72, 0x50, 0x72, 0x6f, 0x67, 0x72, 0x61
.byte 0x6d, 0x50, 0x61, 0x72, 0x61, 0x6d, 0x73, 0x41, 0x6e, 0x64, 0x53, 0x74, 0x72, 0x65, 0x61, 0x6d
.byte 0x73, 0x40, 0x50, 0x52, 0x65, 0x6e, 0x64, 0x65, 0x72, 0x69, 0x6e, 0x67, 0x40, 0x50, 0x68, 0x79
.byte 0x72, 0x65, 0x40, 0x40, 0x40, 0x50, 0x68, 0x79, 0x72, 0x65, 0x40, 0x40, 0x00, 0x00, 0x00, 0x00
.byte 0x00, 0x00, 0x00, 0x00
.globl _sym_00c12dd0
_sym_00c12dd0:
.long _sym_00b69fe8
.byte 0x00, 0x00, 0x00, 0x00, 0x2e, 0x3f, 0x41, 0x56, 0x3f, 0x24, 0x50, 0x43, 0x6c, 0x61, 0x73, 0x73
.byte 0x44, 0x65, 0x73, 0x63, 0x72, 0x69, 0x70, 0x74, 0x6f, 0x72, 0x43, 0x6f, 0x6e, 0x63, 0x72, 0x65
.byte 0x74, 0x65, 0x40, 0x56, 0x50, 0x53, 0x68, 0x61, 0x64, 0x65, 0x72, 0x50, 0x72, 0x6f, 0x67, 0x72
.byte 0x61, 0x6d, 0x42, 0x61, 0x73, 0x65, 0x40, 0x50, 0x52, 0x65, 0x6e, 0x64, 0x65, 0x72, 0x69, 0x6e
.byte 0x67, 0x40, 0x50, 0x68, 0x79, 0x72, 0x65, 0x40, 0x40, 0x40, 0x50, 0x68, 0x79, 0x72, 0x65, 0x40
.byte 0x40, 0x00, 0x00, 0x00
.globl _sym_00c12e28
_sym_00c12e28:
.long _sym_00b69fe8
.byte 0x00, 0x00, 0x00, 0x00, 0x2e, 0x3f, 0x41, 0x56, 0x3f, 0x24, 0x50, 0x43, 0x6c, 0x61, 0x73, 0x73
.byte 0x44, 0x65, 0x73, 0x63, 0x72, 0x69, 0x70, 0x74, 0x6f, 0x72, 0x41, 0x62, 0x73, 0x74, 0x72, 0x61
.byte 0x63, 0x74, 0x40, 0x56, 0x50, 0x53, 0x68, 0x61, 0x64, 0x65, 0x72, 0x50, 0x72, 0x6f, 0x67, 0x72
.byte 0x61, 0x6d, 0x42, 0x61, 0x73, 0x65, 0x40, 0x50, 0x52, 0x65, 0x6e, 0x64, 0x65, 0x72, 0x69, 0x6e
.byte 0x67, 0x40, 0x50, 0x68, 0x79, 0x72, 0x65, 0x40, 0x40, 0x40, 0x50, 0x68, 0x79, 0x72, 0x65, 0x40
.byte 0x40, 0x00, 0x00, 0x00
.globl _sym_00c12e80
_sym_00c12e80:
.long _sym_00b69fe8
.byte 0x00, 0x00, 0x00, 0x00, 0x2e, 0x3f, 0x41, 0x56, 0x3f, 0x24, 0x50, 0x43, 0x6c, 0x61, 0x73, 0x73
.byte 0x44, 0x65, 0x73, 0x63, 0x72, 0x69, 0x70, 0x74, 0x6f, 0x72, 0x46, 0x6f, 0x72, 0x54, 0x79, 0x70
.byte 0x65, 0x40, 0x56, 0x50, 0x53, 0x68, 0x61, 0x64, 0x65, 0x72, 0x50, 0x72, 0x6f, 0x67, 0x72, 0x61
.byte 0x6d, 0x42, 0x61, 0x73, 0x65, 0x40, 0x50, 0x52, 0x65, 0x6e, 0x64, 0x65, 0x72, 0x69, 0x6e, 0x67
.byte 0x40, 0x50, 0x68, 0x79, 0x72, 0x65, 0x40, 0x40, 0x40, 0x50, 0x68, 0x79, 0x72, 0x65, 0x40, 0x40
.byte 0x00, 0x00, 0x00, 0x00
.globl _sym_00c12ed8
_sym_00c12ed8:
.long _sym_00b69fe8
.byte 0x00, 0x00, 0x00, 0x00, 0x2e, 0x3f, 0x41, 0x56, 0x3f, 0x24, 0x50, 0x43, 0x6c, 0x61, 0x73, 0x73
.byte 0x44, 0x65, 0x73, 0x63, 0x72, 0x69, 0x70, 0x74, 0x6f, 0x72, 0x57, 0x69, 0x74, 0x68, 0x6f, 0x75
.byte 0x74, 0x44, 0x65, 0x66, 0x61, 0x75, 0x6c, 0x74, 0x43, 0x6f, 0x6e, 0x73, 0x74, 0x72, 0x75, 0x63
.byte 0x74, 0x6f, 0x72, 0x40, 0x56, 0x50, 0x53, 0x68, 0x61, 0x64, 0x65, 0x72, 0x56, 0x65, 0x72, 0x74
.byte 0x65, 0x78, 0x50, 0x72, 0x6f, 0x67, 0x72, 0x61, 0x6d, 0x40, 0x50, 0x52, 0x65, 0x6e, 0x64, 0x65
.byte 0x72, 0x69, 0x6e, 0x67, 0x40, 0x50, 0x68, 0x79, 0x72, 0x65, 0x40, 0x40, 0x40, 0x50, 0x68, 0x79
.byte 0x72, 0x65, 0x40, 0x40, 0x00, 0x00, 0x00, 0x00, 0x00, 0x00, 0x00, 0x00
.globl _sym_00c12f48
_sym_00c12f48:
.long _sym_00b69fe8
.byte 0x00, 0x00, 0x00, 0x00, 0x2e, 0x3f, 0x41, 0x56, 0x3f, 0x24, 0x50, 0x43, 0x6c, 0x61, 0x73, 0x73
.byte 0x44, 0x65, 0x73, 0x63, 0x72, 0x69, 0x70, 0x74, 0x6f, 0x72, 0x41, 0x62, 0x73, 0x74, 0x72, 0x61
.byte 0x63, 0x74, 0x40, 0x56, 0x50, 0x53, 0x68, 0x61, 0x64, 0x65, 0x72, 0x56, 0x65, 0x72, 0x74, 0x65
.byte 0x78, 0x50, 0x72, 0x6f, 0x67, 0x72, 0x61, 0x6d, 0x40, 0x50, 0x52, 0x65, 0x6e, 0x64, 0x65, 0x72
.byte 0x69, 0x6e, 0x67, 0x40, 0x50, 0x68, 0x79, 0x72, 0x65, 0x40, 0x40, 0x40, 0x50, 0x68, 0x79, 0x72
.byte 0x65, 0x40, 0x40, 0x00
.globl _sym_00c12fa0
_sym_00c12fa0:
.long _sym_00b69fe8
.byte 0x00, 0x00, 0x00, 0x00, 0x2e, 0x3f, 0x41, 0x56, 0x3f, 0x24, 0x50, 0x43, 0x6c, 0x61, 0x73, 0x73
.byte 0x44, 0x65, 0x73, 0x63, 0x72, 0x69, 0x70, 0x74, 0x6f, 0x72, 0x46, 0x6f, 0x72, 0x54, 0x79, 0x70
.byte 0x65, 0x40, 0x56, 0x50, 0x53, 0x68, 0x61, 0x64, 0x65, 0x72, 0x56, 0x65, 0x72, 0x74, 0x65, 0x78
.byte 0x50, 0x72, 0x6f, 0x67, 0x72, 0x61, 0x6d, 0x40, 0x50, 0x52, 0x65, 0x6e, 0x64, 0x65, 0x72, 0x69
.byte 0x6e, 0x67, 0x40, 0x50, 0x68, 0x79, 0x72, 0x65, 0x40, 0x40, 0x40, 0x50, 0x68, 0x79, 0x72, 0x65
.byte 0x40, 0x40, 0x00, 0x00
.globl _sym_00c12ff8
_sym_00c12ff8:
.long _sym_00b69fe8
.byte 0x00, 0x00, 0x00, 0x00, 0x2e, 0x3f, 0x41, 0x56, 0x3f, 0x24, 0x50, 0x43, 0x6c, 0x61, 0x73, 0x73
.byte 0x44, 0x65, 0x73, 0x63, 0x72, 0x69, 0x70, 0x74, 0x6f, 0x72, 0x57, 0x69, 0x74, 0x68, 0x6f, 0x75
.byte 0x74, 0x44, 0x65, 0x66, 0x61, 0x75, 0x6c, 0x74, 0x43, 0x6f, 0x6e, 0x73, 0x74, 0x72, 0x75, 0x63
.byte 0x74, 0x6f, 0x72, 0x40, 0x56, 0x50, 0x53, 0x68, 0x61, 0x64, 0x65, 0x72, 0x46, 0x72, 0x61, 0x67
.byte 0x6d, 0x65, 0x6e, 0x74, 0x50, 0x72, 0x6f, 0x67, 0x72, 0x61, 0x6d, 0x40, 0x50, 0x52, 0x65, 0x6e
.byte 0x64, 0x65, 0x72, 0x69, 0x6e, 0x67, 0x40, 0x50, 0x68, 0x79, 0x72, 0x65, 0x40, 0x40, 0x40, 0x50
.byte 0x68, 0x79, 0x72, 0x65, 0x40, 0x40, 0x00, 0x00, 0x00, 0x00, 0x00, 0x00
.globl _sym_00c13068
_sym_00c13068:
.long _sym_00b69fe8
.byte 0x00, 0x00, 0x00, 0x00, 0x2e, 0x3f, 0x41, 0x56, 0x3f, 0x24, 0x50, 0x43, 0x6c, 0x61, 0x73, 0x73
.byte 0x44, 0x65, 0x73, 0x63, 0x72, 0x69, 0x70, 0x74, 0x6f, 0x72, 0x41, 0x62, 0x73, 0x74, 0x72, 0x61
.byte 0x63, 0x74, 0x40, 0x56, 0x50, 0x53, 0x68, 0x61, 0x64, 0x65, 0x72, 0x46, 0x72, 0x61, 0x67, 0x6d
.byte 0x65, 0x6e, 0x74, 0x50, 0x72, 0x6f, 0x67, 0x72, 0x61, 0x6d, 0x40, 0x50, 0x52, 0x65, 0x6e, 0x64
.byte 0x65, 0x72, 0x69, 0x6e, 0x67, 0x40, 0x50, 0x68, 0x79, 0x72, 0x65, 0x40, 0x40, 0x40, 0x50, 0x68
.byte 0x79, 0x72, 0x65, 0x40, 0x40, 0x00, 0x00, 0x00, 0x00, 0x00, 0x00, 0x00
.globl _sym_00c130c8
_sym_00c130c8:
.long _sym_00b69fe8
.byte 0x00, 0x00, 0x00, 0x00, 0x2e, 0x3f, 0x41, 0x56, 0x3f, 0x24, 0x50, 0x43, 0x6c, 0x61, 0x73, 0x73
.byte 0x44, 0x65, 0x73, 0x63, 0x72, 0x69, 0x70, 0x74, 0x6f, 0x72, 0x46, 0x6f, 0x72, 0x54, 0x79, 0x70
.byte 0x65, 0x40, 0x56, 0x50, 0x53, 0x68, 0x61, 0x64, 0x65, 0x72, 0x46, 0x72, 0x61, 0x67, 0x6d, 0x65
.byte 0x6e, 0x74, 0x50, 0x72, 0x6f, 0x67, 0x72, 0x61, 0x6d, 0x40, 0x50, 0x52, 0x65, 0x6e, 0x64, 0x65
.byte 0x72, 0x69, 0x6e, 0x67, 0x40, 0x50, 0x68, 0x79, 0x72, 0x65, 0x40, 0x40, 0x40, 0x50, 0x68, 0x79
.byte 0x72, 0x65, 0x40, 0x40, 0x00, 0x00, 0x00, 0x00, 0x00, 0x00, 0x00, 0x00
.globl _sym_00c13128
_sym_00c13128:
.long _sym_00b69fe8
.byte 0x00, 0x00, 0x00, 0x00, 0x2e, 0x3f, 0x41, 0x56, 0x3f, 0x24, 0x50, 0x43, 0x6c, 0x61, 0x73, 0x73
.byte 0x44, 0x65, 0x73, 0x63, 0x72, 0x69, 0x70, 0x74, 0x6f, 0x72, 0x57, 0x69, 0x74, 0x68, 0x6f, 0x75
.byte 0x74, 0x44, 0x65, 0x66, 0x61, 0x75, 0x6c, 0x74, 0x43, 0x6f, 0x6e, 0x73, 0x74, 0x72, 0x75, 0x63
.byte 0x74, 0x6f, 0x72, 0x40, 0x56, 0x50, 0x53, 0x68, 0x61, 0x64, 0x65, 0x72, 0x47, 0x65, 0x6f, 0x6d
.byte 0x65, 0x74, 0x72, 0x79, 0x50, 0x72, 0x6f, 0x67, 0x72, 0x61, 0x6d, 0x40, 0x50, 0x52, 0x65, 0x6e
.byte 0x64, 0x65, 0x72, 0x69, 0x6e, 0x67, 0x40, 0x50, 0x68, 0x79, 0x72, 0x65, 0x40, 0x40, 0x40, 0x50
.byte 0x68, 0x79, 0x72, 0x65, 0x40, 0x40, 0x00, 0x00, 0x00, 0x00, 0x00, 0x00
.globl _sym_00c13198
_sym_00c13198:
.long _sym_00b69fe8
.byte 0x00, 0x00, 0x00, 0x00, 0x2e, 0x3f, 0x41, 0x56, 0x3f, 0x24, 0x50, 0x43, 0x6c, 0x61, 0x73, 0x73
.byte 0x44, 0x65, 0x73, 0x63, 0x72, 0x69, 0x70, 0x74, 0x6f, 0x72, 0x41, 0x62, 0x73, 0x74, 0x72, 0x61
.byte 0x63, 0x74, 0x40, 0x56, 0x50, 0x53, 0x68, 0x61, 0x64, 0x65, 0x72, 0x47, 0x65, 0x6f, 0x6d, 0x65
.byte 0x74, 0x72, 0x79, 0x50, 0x72, 0x6f, 0x67, 0x72, 0x61, 0x6d, 0x40, 0x50, 0x52, 0x65, 0x6e, 0x64
.byte 0x65, 0x72, 0x69, 0x6e, 0x67, 0x40, 0x50, 0x68, 0x79, 0x72, 0x65, 0x40, 0x40, 0x40, 0x50, 0x68
.byte 0x79, 0x72, 0x65, 0x40, 0x40, 0x00, 0x00, 0x00, 0x00, 0x00, 0x00, 0x00
.globl _sym_00c131f8
_sym_00c131f8:
.long _sym_00b69fe8
.byte 0x00, 0x00, 0x00, 0x00, 0x2e, 0x3f, 0x41, 0x56, 0x3f, 0x24, 0x50, 0x43, 0x6c, 0x61, 0x73, 0x73
.byte 0x44, 0x65, 0x73, 0x63, 0x72, 0x69, 0x70, 0x74, 0x6f, 0x72, 0x46, 0x6f, 0x72, 0x54, 0x79, 0x70
.byte 0x65, 0x40, 0x56, 0x50, 0x53, 0x68, 0x61, 0x64, 0x65, 0x72, 0x47, 0x65, 0x6f, 0x6d, 0x65, 0x74
.byte 0x72, 0x79, 0x50, 0x72, 0x6f, 0x67, 0x72, 0x61, 0x6d, 0x40, 0x50, 0x52, 0x65, 0x6e, 0x64, 0x65
.byte 0x72, 0x69, 0x6e, 0x67, 0x40, 0x50, 0x68, 0x79, 0x72, 0x65, 0x40, 0x40, 0x40, 0x50, 0x68, 0x79
.byte 0x72, 0x65, 0x40, 0x40, 0x00, 0x00, 0x00, 0x00, 0x00, 0x00, 0x00, 0x00
.globl _sym_00c13258
_sym_00c13258:
.long _sym_00b69fe8
.byte 0x00, 0x00, 0x00, 0x00, 0x2e, 0x3f, 0x41, 0x56, 0x3f, 0x24, 0x50, 0x43, 0x6c, 0x61, 0x73, 0x73
.byte 0x44, 0x65, 0x73, 0x63, 0x72, 0x69, 0x70, 0x74, 0x6f, 0x72, 0x57, 0x69, 0x74, 0x68, 0x6f, 0x75
.byte 0x74, 0x44, 0x65, 0x66, 0x61, 0x75, 0x6c, 0x74, 0x43, 0x6f, 0x6e, 0x73, 0x74, 0x72, 0x75, 0x63
.byte 0x74, 0x6f, 0x72, 0x40, 0x56, 0x50, 0x53, 0x68, 0x61, 0x64, 0x65, 0x72, 0x43, 0x6f, 0x6d, 0x70
.byte 0x75, 0x74, 0x65, 0x50, 0x72, 0x6f, 0x67, 0x72, 0x61, 0x6d, 0x40, 0x50, 0x52, 0x65, 0x6e, 0x64
.byte 0x65, 0x72, 0x69, 0x6e, 0x67, 0x40, 0x50, 0x68, 0x79, 0x72, 0x65, 0x40, 0x40, 0x40, 0x50, 0x68
.byte 0x79, 0x72, 0x65, 0x40, 0x40, 0x00, 0x00, 0x00, 0x00, 0x00, 0x00, 0x00
.globl _sym_00c132c8
_sym_00c132c8:
.long _sym_00b69fe8
.byte 0x00, 0x00, 0x00, 0x00, 0x2e, 0x3f, 0x41, 0x56, 0x3f, 0x24, 0x50, 0x43, 0x6c, 0x61, 0x73, 0x73
.byte 0x44, 0x65, 0x73, 0x63, 0x72, 0x69, 0x70, 0x74, 0x6f, 0x72, 0x41, 0x62, 0x73, 0x74, 0x72, 0x61
.byte 0x63, 0x74, 0x40, 0x56, 0x50, 0x53, 0x68, 0x61, 0x64, 0x65, 0x72, 0x43, 0x6f, 0x6d, 0x70, 0x75
.byte 0x74, 0x65, 0x50, 0x72, 0x6f, 0x67, 0x72, 0x61, 0x6d, 0x40, 0x50, 0x52, 0x65, 0x6e, 0x64, 0x65
.byte 0x72, 0x69, 0x6e, 0x67, 0x40, 0x50, 0x68, 0x79, 0x72, 0x65, 0x40, 0x40, 0x40, 0x50, 0x68, 0x79
.byte 0x72, 0x65, 0x40, 0x40, 0x00, 0x00, 0x00, 0x00, 0x00, 0x00, 0x00, 0x00
.globl _sym_00c13328
_sym_00c13328:
.long _sym_00b69fe8
.byte 0x00, 0x00, 0x00, 0x00, 0x2e, 0x3f, 0x41, 0x56, 0x3f, 0x24, 0x50, 0x43, 0x6c, 0x61, 0x73, 0x73
.byte 0x44, 0x65, 0x73, 0x63, 0x72, 0x69, 0x70, 0x74, 0x6f, 0x72, 0x46, 0x6f, 0x72, 0x54, 0x79, 0x70
.byte 0x65, 0x40, 0x56, 0x50, 0x53, 0x68, 0x61, 0x64, 0x65, 0x72, 0x43, 0x6f, 0x6d, 0x70, 0x75, 0x74
.byte 0x65, 0x50, 0x72, 0x6f, 0x67, 0x72, 0x61, 0x6d, 0x40, 0x50, 0x52, 0x65, 0x6e, 0x64, 0x65, 0x72
.byte 0x69, 0x6e, 0x67, 0x40, 0x50, 0x68, 0x79, 0x72, 0x65, 0x40, 0x40, 0x40, 0x50, 0x68, 0x79, 0x72
.byte 0x65, 0x40, 0x40, 0x00
.globl _sym_00c13380
_sym_00c13380:
.long _sym_00b15c88
.globl _sym_00c13384
_sym_00c13384:
.long _sym_00b1b818
.globl _sym_00c13388
_sym_00c13388:
.long _sym_00b1b87c
.byte 0x00, 0x00, 0x00, 0x00
.globl _sym_00c13390
_sym_00c13390:
.long _sym_00b69fe8
.byte 0x00, 0x00, 0x00, 0x00, 0x2e, 0x3f, 0x41, 0x56, 0x3f, 0x24, 0x50, 0x43, 0x6c, 0x61, 0x73, 0x73
.byte 0x44, 0x61, 0x74, 0x61, 0x4d, 0x65, 0x6d, 0x62, 0x65, 0x72, 0x50, 0x68, 0x79, 0x72, 0x65, 0x41
.byte 0x72, 0x72, 0x61, 0x79, 0x40, 0x56, 0x50, 0x53, 0x68, 0x61, 0x64, 0x65, 0x72, 0x53, 0x74, 0x72
.byte 0x65, 0x61, 0x6d, 0x44, 0x65, 0x66, 0x69, 0x6e, 0x69, 0x74, 0x69, 0x6f, 0x6e, 0x40, 0x50, 0x52
.byte 0x65, 0x6e, 0x64, 0x65, 0x72, 0x69, 0x6e, 0x67, 0x40, 0x50, 0x68, 0x79, 0x72, 0x65, 0x40, 0x40
.byte 0x40, 0x50, 0x68, 0x79, 0x72, 0x65, 0x40, 0x40, 0x00, 0x00, 0x00, 0x00
.globl _sym_00c133f0
_sym_00c133f0:
.long _sym_00b69fe8
.byte 0x00, 0x00, 0x00, 0x00, 0x2e, 0x3f, 0x41, 0x56, 0x3f, 0x24, 0x50, 0x43, 0x6c, 0x61, 0x73, 0x73
.byte 0x44, 0x61, 0x74, 0x61, 0x4d, 0x65, 0x6d, 0x62, 0x65, 0x72, 0x50, 0x68, 0x79, 0x72, 0x65, 0x41
.byte 0x72, 0x72, 0x61, 0x79, 0x40, 0x56, 0x50, 0x53, 0x68, 0x61, 0x64, 0x65, 0x72, 0x50, 0x61, 0x72
.byte 0x61, 0x6d, 0x65, 0x74, 0x65, 0x72, 0x44, 0x65, 0x66, 0x69, 0x6e, 0x69, 0x74, 0x69, 0x6f, 0x6e
.byte 0x40, 0x50, 0x52, 0x65, 0x6e, 0x64, 0x65, 0x72, 0x69, 0x6e, 0x67, 0x40, 0x50, 0x68, 0x79, 0x72
.byte 0x65, 0x40, 0x40, 0x40, 0x50, 0x68, 0x79, 0x72, 0x65, 0x40, 0x40, 0x00
.globl _sym_00c13450
_sym_00c13450:
.long _sym_00b69fe8
.byte 0x00, 0x00, 0x00, 0x00, 0x2e, 0x3f, 0x41, 0x56, 0x3f, 0x24, 0x50, 0x43, 0x6c, 0x61, 0x73, 0x73
.byte 0x44, 0x65, 0x73, 0x63, 0x72, 0x69, 0x70, 0x74, 0x6f, 0x72, 0x43, 0x6f, 0x6e, 0x63, 0x72, 0x65
.byte 0x74, 0x65, 0x40, 0x56, 0x3f, 0x24, 0x50, 0x41, 0x72, 0x72, 0x61, 0x79, 0x40, 0x56, 0x50, 0x53
.byte 0x68, 0x61, 0x64, 0x65, 0x72, 0x50, 0x61, 0x72, 0x61, 0x6d, 0x65, 0x74, 0x65, 0x72, 0x44, 0x65
.byte 0x66, 0x69, 0x6e, 0x69, 0x74, 0x69, 0x6f, 0x6e, 0x40, 0x50, 0x52, 0x65, 0x6e, 0x64, 0x65, 0x72
.byte 0x69, 0x6e, 0x67, 0x40, 0x50, 0x68, 0x79, 0x72, 0x65, 0x40, 0x40, 0x24, 0x30, 0x33, 0x40, 0x50
.byte 0x68, 0x79, 0x72, 0x65, 0x40, 0x40, 0x40, 0x50, 0x68, 0x79, 0x72, 0x65, 0x40, 0x40, 0x00, 0x00
.byte 0x00, 0x00, 0x00, 0x00
.globl _sym_00c134c8
_sym_00c134c8:
.long _sym_00b69fe8
.byte 0x00, 0x00, 0x00, 0x00, 0x2e, 0x3f, 0x41, 0x56, 0x3f, 0x24, 0x50, 0x43, 0x6c, 0x61, 0x73, 0x73
.byte 0x44, 0x65, 0x73, 0x63, 0x72, 0x69, 0x70, 0x74, 0x6f, 0x72, 0x41, 0x62, 0x73, 0x74, 0x72, 0x61
.byte 0x63, 0x74, 0x40, 0x56, 0x3f, 0x24, 0x50, 0x41, 0x72, 0x72, 0x61, 0x79, 0x40, 0x56, 0x50, 0x53
.byte 0x68, 0x61, 0x64, 0x65, 0x72, 0x50, 0x61, 0x72, 0x61, 0x6d, 0x65, 0x74, 0x65, 0x72, 0x44, 0x65
.byte 0x66, 0x69, 0x6e, 0x69, 0x74, 0x69, 0x6f, 0x6e, 0x40, 0x50, 0x52, 0x65, 0x6e, 0x64, 0x65, 0x72
.byte 0x69, 0x6e, 0x67, 0x40, 0x50, 0x68, 0x79, 0x72, 0x65, 0x40, 0x40, 0x24, 0x30, 0x33, 0x40, 0x50
.byte 0x68, 0x79, 0x72, 0x65, 0x40, 0x40, 0x40, 0x50, 0x68, 0x79, 0x72, 0x65, 0x40, 0x40, 0x00, 0x00
.byte 0x00, 0x00, 0x00, 0x00
.globl _sym_00c13540
_sym_00c13540:
.long _sym_00b69fe8
.byte 0x00, 0x00, 0x00, 0x00, 0x2e, 0x3f, 0x41, 0x56, 0x3f, 0x24, 0x50, 0x43, 0x6c, 0x61, 0x73, 0x73
.byte 0x44, 0x65, 0x73, 0x63, 0x72, 0x69, 0x70, 0x74, 0x6f, 0x72, 0x46, 0x6f, 0x72, 0x54, 0x79, 0x70
.byte 0x65, 0x40, 0x56, 0x3f, 0x24, 0x50, 0x41, 0x72, 0x72, 0x61, 0x79, 0x40, 0x56, 0x50, 0x53, 0x68
.byte 0x61, 0x64, 0x65, 0x72, 0x50, 0x61, 0x72, 0x61, 0x6d, 0x65, 0x74, 0x65, 0x72, 0x44, 0x65, 0x66
.byte 0x69, 0x6e, 0x69, 0x74, 0x69, 0x6f, 0x6e, 0x40, 0x50, 0x52, 0x65, 0x6e, 0x64, 0x65, 0x72, 0x69
.byte 0x6e, 0x67, 0x40, 0x50, 0x68, 0x79, 0x72, 0x65, 0x40, 0x40, 0x24, 0x30, 0x33, 0x40, 0x50, 0x68
.byte 0x79, 0x72, 0x65, 0x40, 0x40, 0x40, 0x50, 0x68, 0x79, 0x72, 0x65, 0x40, 0x40, 0x00, 0x00, 0x00
.byte 0x00, 0x00, 0x00, 0x00
.globl _sym_00c135b8
_sym_00c135b8:
.long _sym_00b69fe8
.byte 0x00, 0x00, 0x00, 0x00, 0x2e, 0x3f, 0x41, 0x56, 0x3f, 0x24, 0x50, 0x43, 0x6c, 0x61, 0x73, 0x73
.byte 0x44, 0x61, 0x74, 0x61, 0x4d, 0x65, 0x6d, 0x62, 0x65, 0x72, 0x41, 0x72, 0x72, 0x61, 0x79, 0x44
.byte 0x79, 0x6e, 0x61, 0x6d, 0x69, 0x63, 0x40, 0x56, 0x3f, 0x24, 0x50, 0x41, 0x72, 0x72, 0x61, 0x79
.byte 0x40, 0x56, 0x50, 0x53, 0x68, 0x61, 0x64, 0x65, 0x72, 0x50, 0x61, 0x72, 0x61, 0x6d, 0x65, 0x74
.byte 0x65, 0x72, 0x44, 0x65, 0x66, 0x69, 0x6e, 0x69, 0x74, 0x69, 0x6f, 0x6e, 0x40, 0x50, 0x52, 0x65
.byte 0x6e, 0x64, 0x65, 0x72, 0x69, 0x6e, 0x67, 0x40, 0x50, 0x68, 0x79, 0x72, 0x65, 0x40, 0x40, 0x24
.byte 0x30, 0x33, 0x40, 0x50, 0x68, 0x79, 0x72, 0x65, 0x40, 0x40, 0x40, 0x50, 0x68, 0x79, 0x72, 0x65
.byte 0x40, 0x40, 0x00, 0x00
.globl _sym_00c13630
_sym_00c13630:
.long _sym_00b69fe8
.byte 0x00, 0x00, 0x00, 0x00, 0x2e, 0x3f, 0x41, 0x56, 0x3f, 0x24, 0x50, 0x43, 0x6c, 0x61, 0x73, 0x73
.byte 0x44, 0x65, 0x73, 0x63, 0x72, 0x69, 0x70, 0x74, 0x6f, 0x72, 0x43, 0x6f, 0x6e, 0x63, 0x72, 0x65
.byte 0x74, 0x65, 0x40, 0x56, 0x3f, 0x24, 0x50, 0x41, 0x72, 0x72, 0x61, 0x79, 0x40, 0x56, 0x50, 0x53
.byte 0x68, 0x61, 0x64, 0x65, 0x72, 0x53, 0x74, 0x72, 0x65, 0x61, 0x6d, 0x44, 0x65, 0x66, 0x69, 0x6e
.byte 0x69, 0x74, 0x69, 0x6f, 0x6e, 0x40, 0x50, 0x52, 0x65, 0x6e, 0x64, 0x65, 0x72, 0x69, 0x6e, 0x67
.byte 0x40, 0x50, 0x68, 0x79, 0x72, 0x65, 0x40, 0x40, 0x24, 0x30, 0x33, 0x40, 0x50, 0x68, 0x79, 0x72
.byte 0x65, 0x40, 0x40, 0x40, 0x50, 0x68, 0x79, 0x72, 0x65, 0x40, 0x40, 0x00
.globl _sym_00c136a0
_sym_00c136a0:
.long _sym_00b69fe8
.byte 0x00, 0x00, 0x00, 0x00, 0x2e, 0x3f, 0x41, 0x56, 0x3f, 0x24, 0x50, 0x43, 0x6c, 0x61, 0x73, 0x73
.byte 0x44, 0x65, 0x73, 0x63, 0x72, 0x69, 0x70, 0x74, 0x6f, 0x72, 0x41, 0x62, 0x73, 0x74, 0x72, 0x61
.byte 0x63, 0x74, 0x40, 0x56, 0x3f, 0x24, 0x50, 0x41, 0x72, 0x72, 0x61, 0x79, 0x40, 0x56, 0x50, 0x53
.byte 0x68, 0x61, 0x64, 0x65, 0x72, 0x53, 0x74, 0x72, 0x65, 0x61, 0x6d, 0x44, 0x65, 0x66, 0x69, 0x6e
.byte 0x69, 0x74, 0x69, 0x6f, 0x6e, 0x40, 0x50, 0x52, 0x65, 0x6e, 0x64, 0x65, 0x72, 0x69, 0x6e, 0x67
.byte 0x40, 0x50, 0x68, 0x79, 0x72, 0x65, 0x40, 0x40, 0x24, 0x30, 0x33, 0x40, 0x50, 0x68, 0x79, 0x72
.byte 0x65, 0x40, 0x40, 0x40, 0x50, 0x68, 0x79, 0x72, 0x65, 0x40, 0x40, 0x00
.globl _sym_00c13710
_sym_00c13710:
.long _sym_00b69fe8
.byte 0x00, 0x00, 0x00, 0x00, 0x2e, 0x3f, 0x41, 0x56, 0x3f, 0x24, 0x50, 0x43, 0x6c, 0x61, 0x73, 0x73
.byte 0x44, 0x65, 0x73, 0x63, 0x72, 0x69, 0x70, 0x74, 0x6f, 0x72, 0x46, 0x6f, 0x72, 0x54, 0x79, 0x70
.byte 0x65, 0x40, 0x56, 0x3f, 0x24, 0x50, 0x41, 0x72, 0x72, 0x61, 0x79, 0x40, 0x56, 0x50, 0x53, 0x68
.byte 0x61, 0x64, 0x65, 0x72, 0x53, 0x74, 0x72, 0x65, 0x61, 0x6d, 0x44, 0x65, 0x66, 0x69, 0x6e, 0x69
.byte 0x74, 0x69, 0x6f, 0x6e, 0x40, 0x50, 0x52, 0x65, 0x6e, 0x64, 0x65, 0x72, 0x69, 0x6e, 0x67, 0x40
.byte 0x50, 0x68, 0x79, 0x72, 0x65, 0x40, 0x40, 0x24, 0x30, 0x33, 0x40, 0x50, 0x68, 0x79, 0x72, 0x65
.byte 0x40, 0x40, 0x40, 0x50, 0x68, 0x79, 0x72, 0x65, 0x40, 0x40, 0x00, 0x00
.globl _sym_00c13780
_sym_00c13780:
.long _sym_00b69fe8
.byte 0x00, 0x00, 0x00, 0x00, 0x2e, 0x3f, 0x41, 0x56, 0x3f, 0x24, 0x50, 0x43, 0x6c, 0x61, 0x73, 0x73
.byte 0x44, 0x61, 0x74, 0x61, 0x4d, 0x65, 0x6d, 0x62, 0x65, 0x72, 0x41, 0x72, 0x72, 0x61, 0x79, 0x44
.byte 0x79, 0x6e, 0x61, 0x6d, 0x69, 0x63, 0x40, 0x56, 0x3f, 0x24, 0x50, 0x41, 0x72, 0x72, 0x61, 0x79
.byte 0x40, 0x56, 0x50, 0x53, 0x68, 0x61, 0x64, 0x65, 0x72, 0x53, 0x74, 0x72, 0x65, 0x61, 0x6d, 0x44
.byte 0x65, 0x66, 0x69, 0x6e, 0x69, 0x74, 0x69, 0x6f, 0x6e, 0x40, 0x50, 0x52, 0x65, 0x6e, 0x64, 0x65
.byte 0x72, 0x69, 0x6e, 0x67, 0x40, 0x50, 0x68, 0x79, 0x72, 0x65, 0x40, 0x40, 0x24, 0x30, 0x33, 0x40
.byte 0x50, 0x68, 0x79, 0x72, 0x65, 0x40, 0x40, 0x40, 0x50, 0x68, 0x79, 0x72, 0x65, 0x40, 0x40, 0x00
.byte 0x00, 0x00, 0x00, 0x00
.globl _sym_00c137f8
_sym_00c137f8:
.long _sym_00b69fe8
.byte 0x00, 0x00, 0x00, 0x00, 0x2e, 0x3f, 0x41, 0x56, 0x3f, 0x24, 0x50, 0x43, 0x6c, 0x61, 0x73, 0x73
.byte 0x44, 0x65, 0x73, 0x63, 0x72, 0x69, 0x70, 0x74, 0x6f, 0x72, 0x43, 0x6f, 0x6e, 0x63, 0x72, 0x65
.byte 0x74, 0x65, 0x40, 0x56, 0x50, 0x53, 0x68, 0x61, 0x64, 0x65, 0x72, 0x50, 0x61, 0x73, 0x73, 0x50
.byte 0x61, 0x72, 0x61, 0x6d, 0x65, 0x74, 0x65, 0x72, 0x4c, 0x6f, 0x63, 0x61, 0x74, 0x69, 0x6f, 0x6e
.byte 0x54, 0x79, 0x70, 0x65, 0x73, 0x42, 0x61, 0x73, 0x65, 0x40, 0x50, 0x52, 0x65, 0x6e, 0x64, 0x65
.byte 0x72, 0x69, 0x6e, 0x67, 0x40, 0x50, 0x68, 0x79, 0x72, 0x65, 0x40, 0x40, 0x40, 0x50, 0x68, 0x79
.byte 0x72, 0x65, 0x40, 0x40, 0x00, 0x00, 0x00, 0x00, 0x00, 0x00, 0x00, 0x00
.globl _sym_00c13868
_sym_00c13868:
.long _sym_00b69fe8
.byte 0x00, 0x00, 0x00, 0x00, 0x2e, 0x3f, 0x41, 0x56, 0x3f, 0x24, 0x50, 0x43, 0x6c, 0x61, 0x73, 0x73
.byte 0x44, 0x65, 0x73, 0x63, 0x72, 0x69, 0x70, 0x74, 0x6f, 0x72, 0x41, 0x62, 0x73, 0x74, 0x72, 0x61
.byte 0x63, 0x74, 0x40, 0x56, 0x50, 0x53, 0x68, 0x61, 0x64, 0x65, 0x72, 0x50, 0x61, 0x73, 0x73, 0x50
.byte 0x61, 0x72, 0x61, 0x6d, 0x65, 0x74, 0x65, 0x72, 0x4c, 0x6f, 0x63, 0x61, 0x74, 0x69, 0x6f, 0x6e
.byte 0x54, 0x79, 0x70, 0x65, 0x73, 0x42, 0x61, 0x73, 0x65, 0x40, 0x50, 0x52, 0x65, 0x6e, 0x64, 0x65
.byte 0x72, 0x69, 0x6e, 0x67, 0x40, 0x50, 0x68, 0x79, 0x72, 0x65, 0x40, 0x40, 0x40, 0x50, 0x68, 0x79
.byte 0x72, 0x65, 0x40, 0x40, 0x00, 0x00, 0x00, 0x00, 0x00, 0x00, 0x00, 0x00
.globl _sym_00c138d8
_sym_00c138d8:
.long _sym_00b69fe8
.byte 0x00, 0x00, 0x00, 0x00, 0x2e, 0x3f, 0x41, 0x56, 0x3f, 0x24, 0x50, 0x43, 0x6c, 0x61, 0x73, 0x73
.byte 0x44, 0x65, 0x73, 0x63, 0x72, 0x69, 0x70, 0x74, 0x6f, 0x72, 0x46, 0x6f, 0x72, 0x54, 0x79, 0x70
.byte 0x65, 0x40, 0x56, 0x50, 0x53, 0x68, 0x61, 0x64, 0x65, 0x72, 0x50, 0x61, 0x73, 0x73, 0x50, 0x61
.byte 0x72, 0x61, 0x6d, 0x65, 0x74, 0x65, 0x72, 0x4c, 0x6f, 0x63, 0x61, 0x74, 0x69, 0x6f, 0x6e, 0x54
.byte 0x79, 0x70, 0x65, 0x73, 0x42, 0x61, 0x73, 0x65, 0x40, 0x50, 0x52, 0x65, 0x6e, 0x64, 0x65, 0x72
.byte 0x69, 0x6e, 0x67, 0x40, 0x50, 0x68, 0x79, 0x72, 0x65, 0x40, 0x40, 0x40, 0x50, 0x68, 0x79, 0x72
.byte 0x65, 0x40, 0x40, 0x00
.globl _sym_00c13940
_sym_00c13940:
.long _sym_00b69fe8
.byte 0x00, 0x00, 0x00, 0x00, 0x2e, 0x3f, 0x41, 0x56, 0x3f, 0x24, 0x50, 0x43, 0x6c, 0x61, 0x73, 0x73
.byte 0x44, 0x65, 0x73, 0x63, 0x72, 0x69, 0x70, 0x74, 0x6f, 0x72, 0x43, 0x6f, 0x6e, 0x63, 0x72, 0x65
.byte 0x74, 0x65, 0x40, 0x56, 0x50, 0x53, 0x68, 0x61, 0x64, 0x65, 0x72, 0x50, 0x61, 0x73, 0x73, 0x50
.byte 0x61, 0x72, 0x61, 0x6d, 0x65, 0x74, 0x65, 0x72, 0x4c, 0x6f, 0x63, 0x61, 0x74, 0x69, 0x6f, 0x6e
.byte 0x54, 0x79, 0x70, 0x65, 0x73, 0x40, 0x50, 0x52, 0x65, 0x6e, 0x64, 0x65, 0x72, 0x69, 0x6e, 0x67
.byte 0x40, 0x50, 0x68, 0x79, 0x72, 0x65, 0x40, 0x40, 0x40, 0x50, 0x68, 0x79, 0x72, 0x65, 0x40, 0x40
.byte 0x00, 0x00, 0x00, 0x00
.globl _sym_00c139a8
_sym_00c139a8:
.long _sym_00b69fe8
.byte 0x00, 0x00, 0x00, 0x00, 0x2e, 0x3f, 0x41, 0x56, 0x3f, 0x24, 0x50, 0x43, 0x6c, 0x61, 0x73, 0x73
.byte 0x44, 0x65, 0x73, 0x63, 0x72, 0x69, 0x70, 0x74, 0x6f, 0x72, 0x41, 0x62, 0x73, 0x74, 0x72, 0x61
.byte 0x63, 0x74, 0x40, 0x56, 0x50, 0x53, 0x68, 0x61, 0x64, 0x65, 0x72, 0x50, 0x61, 0x73, 0x73, 0x50
.byte 0x61, 0x72, 0x61, 0x6d, 0x65, 0x74, 0x65, 0x72, 0x4c, 0x6f, 0x63, 0x61, 0x74, 0x69, 0x6f, 0x6e
.byte 0x54, 0x79, 0x70, 0x65, 0x73, 0x40, 0x50, 0x52, 0x65, 0x6e, 0x64, 0x65, 0x72, 0x69, 0x6e, 0x67
.byte 0x40, 0x50, 0x68, 0x79, 0x72, 0x65, 0x40, 0x40, 0x40, 0x50, 0x68, 0x79, 0x72, 0x65, 0x40, 0x40
.byte 0x00, 0x00, 0x00, 0x00
.globl _sym_00c13a10
_sym_00c13a10:
.long _sym_00b69fe8
.byte 0x00, 0x00, 0x00, 0x00, 0x2e, 0x3f, 0x41, 0x56, 0x3f, 0x24, 0x50, 0x43, 0x6c, 0x61, 0x73, 0x73
.byte 0x44, 0x65, 0x73, 0x63, 0x72, 0x69, 0x70, 0x74, 0x6f, 0x72, 0x46, 0x6f, 0x72, 0x54, 0x79, 0x70
.byte 0x65, 0x40, 0x56, 0x50, 0x53, 0x68, 0x61, 0x64, 0x65, 0x72, 0x50, 0x61, 0x73, 0x73, 0x50, 0x61
.byte 0x72, 0x61, 0x6d, 0x65, 0x74, 0x65, 0x72, 0x4c, 0x6f, 0x63, 0x61, 0x74, 0x69, 0x6f, 0x6e, 0x54
.byte 0x79, 0x70, 0x65, 0x73, 0x40, 0x50, 0x52, 0x65, 0x6e, 0x64, 0x65, 0x72, 0x69, 0x6e, 0x67, 0x40
.byte 0x50, 0x68, 0x79, 0x72, 0x65, 0x40, 0x40, 0x40, 0x50, 0x68, 0x79, 0x72, 0x65, 0x40, 0x40, 0x00
.byte 0x00, 0x00, 0x00, 0x00
.globl _sym_00c13a78
_sym_00c13a78:
.long _sym_00b69fe8
.byte 0x00, 0x00, 0x00, 0x00, 0x2e, 0x3f, 0x41, 0x56, 0x3f, 0x24, 0x50, 0x43, 0x6c, 0x61, 0x73, 0x73
.byte 0x44, 0x65, 0x73, 0x63, 0x72, 0x69, 0x70, 0x74, 0x6f, 0x72, 0x43, 0x6f, 0x6e, 0x63, 0x72, 0x65
.byte 0x74, 0x65, 0x40, 0x56, 0x50, 0x53, 0x68, 0x61, 0x64, 0x65, 0x72, 0x50, 0x61, 0x73, 0x73, 0x50
.byte 0x61, 0x72, 0x61, 0x6d, 0x65, 0x74, 0x65, 0x72, 0x4c, 0x6f, 0x63, 0x61, 0x74, 0x69, 0x6f, 0x6e
.byte 0x54, 0x79, 0x70, 0x65, 0x73, 0x43, 0x6f, 0x6e, 0x73, 0x74, 0x61, 0x6e, 0x74, 0x42, 0x75, 0x66
.byte 0x66, 0x65, 0x72, 0x40, 0x50, 0x52, 0x65, 0x6e, 0x64, 0x65, 0x72, 0x69, 0x6e, 0x67, 0x40, 0x50
.byte 0x68, 0x79, 0x72, 0x65, 0x40, 0x40, 0x40, 0x50, 0x68, 0x79, 0x72, 0x65, 0x40, 0x40, 0x00, 0x00
.byte 0x00, 0x00, 0x00, 0x00
.globl _sym_00c13af0
_sym_00c13af0:
.long _sym_00b69fe8
.byte 0x00, 0x00, 0x00, 0x00, 0x2e, 0x3f, 0x41, 0x56, 0x3f, 0x24, 0x50, 0x43, 0x6c, 0x61, 0x73, 0x73
.byte 0x44, 0x65, 0x73, 0x63, 0x72, 0x69, 0x70, 0x74, 0x6f, 0x72, 0x41, 0x62, 0x73, 0x74, 0x72, 0x61
.byte 0x63, 0x74, 0x40, 0x56, 0x50, 0x53, 0x68, 0x61, 0x64, 0x65, 0x72, 0x50, 0x61, 0x73, 0x73, 0x50
.byte 0x61, 0x72, 0x61, 0x6d, 0x65, 0x74, 0x65, 0x72, 0x4c, 0x6f, 0x63, 0x61, 0x74, 0x69, 0x6f, 0x6e
.byte 0x54, 0x79, 0x70, 0x65, 0x73, 0x43, 0x6f, 0x6e, 0x73, 0x74, 0x61, 0x6e, 0x74, 0x42, 0x75, 0x66
.byte 0x66, 0x65, 0x72, 0x40, 0x50, 0x52, 0x65, 0x6e, 0x64, 0x65, 0x72, 0x69, 0x6e, 0x67, 0x40, 0x50
.byte 0x68, 0x79, 0x72, 0x65, 0x40, 0x40, 0x40, 0x50, 0x68, 0x79, 0x72, 0x65, 0x40, 0x40, 0x00, 0x00
.byte 0x00, 0x00, 0x00, 0x00
.globl _sym_00c13b68
_sym_00c13b68:
.long _sym_00b69fe8
.byte 0x00, 0x00, 0x00, 0x00, 0x2e, 0x3f, 0x41, 0x56, 0x3f, 0x24, 0x50, 0x43, 0x6c, 0x61, 0x73, 0x73
.byte 0x44, 0x65, 0x73, 0x63, 0x72, 0x69, 0x70, 0x74, 0x6f, 0x72, 0x46, 0x6f, 0x72, 0x54, 0x79, 0x70
.byte 0x65, 0x40, 0x56, 0x50, 0x53, 0x68, 0x61, 0x64, 0x65, 0x72, 0x50, 0x61, 0x73, 0x73, 0x50, 0x61
.byte 0x72, 0x61, 0x6d, 0x65, 0x74, 0x65, 0x72, 0x4c, 0x6f, 0x63, 0x61, 0x74, 0x69, 0x6f, 0x6e, 0x54
.byte 0x79, 0x70, 0x65, 0x73, 0x43, 0x6f, 0x6e, 0x73, 0x74, 0x61, 0x6e, 0x74, 0x42, 0x75, 0x66, 0x66
.byte 0x65, 0x72, 0x40, 0x50, 0x52, 0x65, 0x6e, 0x64, 0x65, 0x72, 0x69, 0x6e, 0x67, 0x40, 0x50, 0x68
.byte 0x79, 0x72, 0x65, 0x40, 0x40, 0x40, 0x50, 0x68, 0x79, 0x72, 0x65, 0x40, 0x40, 0x00, 0x00, 0x00
.byte 0x00, 0x00, 0x00, 0x00
.globl _sym_00c13be0
_sym_00c13be0:
.long _sym_00b69fe8
.byte 0x00, 0x00, 0x00, 0x00, 0x2e, 0x3f, 0x41, 0x56, 0x3f, 0x24, 0x50, 0x43, 0x6c, 0x61, 0x73, 0x73
.byte 0x44, 0x65, 0x73, 0x63, 0x72, 0x69, 0x70, 0x74, 0x6f, 0x72, 0x43, 0x6f, 0x6e, 0x63, 0x72, 0x65
.byte 0x74, 0x65, 0x40, 0x56, 0x50, 0x53, 0x68, 0x61, 0x64, 0x65, 0x72, 0x50, 0x61, 0x73, 0x73, 0x53
.byte 0x74, 0x61, 0x74, 0x65, 0x42, 0x61, 0x73, 0x65, 0x40, 0x50, 0x52, 0x65, 0x6e, 0x64, 0x65, 0x72
.byte 0x69, 0x6e, 0x67, 0x40, 0x50, 0x68, 0x79, 0x72, 0x65, 0x40, 0x40, 0x40, 0x50, 0x68, 0x79, 0x72
.byte 0x65, 0x40, 0x40, 0x00
.globl _sym_00c13c38
_sym_00c13c38:
.long _sym_00b69fe8
.byte 0x00, 0x00, 0x00, 0x00, 0x2e, 0x3f, 0x41, 0x56, 0x3f, 0x24, 0x50, 0x43, 0x6c, 0x61, 0x73, 0x73
.byte 0x44, 0x65, 0x73, 0x63, 0x72, 0x69, 0x70, 0x74, 0x6f, 0x72, 0x41, 0x62, 0x73, 0x74, 0x72, 0x61
.byte 0x63, 0x74, 0x40, 0x56, 0x50, 0x53, 0x68, 0x61, 0x64, 0x65, 0x72, 0x50, 0x61, 0x73, 0x73, 0x53
.byte 0x74, 0x61, 0x74, 0x65, 0x42, 0x61, 0x73, 0x65, 0x40, 0x50, 0x52, 0x65, 0x6e, 0x64, 0x65, 0x72
.byte 0x69, 0x6e, 0x67, 0x40, 0x50, 0x68, 0x79, 0x72, 0x65, 0x40, 0x40, 0x40, 0x50, 0x68, 0x79, 0x72
.byte 0x65, 0x40, 0x40, 0x00
.globl _sym_00c13c90
_sym_00c13c90:
.long _sym_00b69fe8
.byte 0x00, 0x00, 0x00, 0x00, 0x2e, 0x3f, 0x41, 0x56, 0x3f, 0x24, 0x50, 0x43, 0x6c, 0x61, 0x73, 0x73
.byte 0x44, 0x65, 0x73, 0x63, 0x72, 0x69, 0x70, 0x74, 0x6f, 0x72, 0x46, 0x6f, 0x72, 0x54, 0x79, 0x70
.byte 0x65, 0x40, 0x56, 0x50, 0x53, 0x68, 0x61, 0x64, 0x65, 0x72, 0x50, 0x61, 0x73, 0x73, 0x53, 0x74
.byte 0x61, 0x74, 0x65, 0x42, 0x61, 0x73, 0x65, 0x40, 0x50, 0x52, 0x65, 0x6e, 0x64, 0x65, 0x72, 0x69
.byte 0x6e, 0x67, 0x40, 0x50, 0x68, 0x79, 0x72, 0x65, 0x40, 0x40, 0x40, 0x50, 0x68, 0x79, 0x72, 0x65
.byte 0x40, 0x40, 0x00, 0x00
.globl _sym_00c13ce8
_sym_00c13ce8:
.long _sym_00b69fe8
.byte 0x00, 0x00, 0x00, 0x00, 0x2e, 0x3f, 0x41, 0x56, 0x3f, 0x24, 0x50, 0x43, 0x6c, 0x61, 0x73, 0x73
.byte 0x44, 0x65, 0x73, 0x63, 0x72, 0x69, 0x70, 0x74, 0x6f, 0x72, 0x43, 0x6f, 0x6e, 0x63, 0x72, 0x65
.byte 0x74, 0x65, 0x40, 0x56, 0x50, 0x53, 0x68, 0x61, 0x64, 0x65, 0x72, 0x50, 0x61, 0x73, 0x73, 0x42
.byte 0x61, 0x73, 0x65, 0x40, 0x50, 0x52, 0x65, 0x6e, 0x64, 0x65, 0x72, 0x69, 0x6e, 0x67, 0x40, 0x50
.byte 0x68, 0x79, 0x72, 0x65, 0x40, 0x40, 0x40, 0x50, 0x68, 0x79, 0x72, 0x65, 0x40, 0x40, 0x00, 0x00
.byte 0x00, 0x00, 0x00, 0x00
.globl _sym_00c13d40
_sym_00c13d40:
.long _sym_00b69fe8
.byte 0x00, 0x00, 0x00, 0x00, 0x2e, 0x3f, 0x41, 0x56, 0x3f, 0x24, 0x50, 0x43, 0x6c, 0x61, 0x73, 0x73
.byte 0x44, 0x65, 0x73, 0x63, 0x72, 0x69, 0x70, 0x74, 0x6f, 0x72, 0x41, 0x62, 0x73, 0x74, 0x72, 0x61
.byte 0x63, 0x74, 0x40, 0x56, 0x50, 0x53, 0x68, 0x61, 0x64, 0x65, 0x72, 0x50, 0x61, 0x73, 0x73, 0x42
.byte 0x61, 0x73, 0x65, 0x40, 0x50, 0x52, 0x65, 0x6e, 0x64, 0x65, 0x72, 0x69, 0x6e, 0x67, 0x40, 0x50
.byte 0x68, 0x79, 0x72, 0x65, 0x40, 0x40, 0x40, 0x50, 0x68, 0x79, 0x72, 0x65, 0x40, 0x40, 0x00, 0x00
.byte 0x00, 0x00, 0x00, 0x00
.globl _sym_00c13d98
_sym_00c13d98:
.long _sym_00b69fe8
.byte 0x00, 0x00, 0x00, 0x00, 0x2e, 0x3f, 0x41, 0x56, 0x3f, 0x24, 0x50, 0x43, 0x6c, 0x61, 0x73, 0x73
.byte 0x44, 0x65, 0x73, 0x63, 0x72, 0x69, 0x70, 0x74, 0x6f, 0x72, 0x46, 0x6f, 0x72, 0x54, 0x79, 0x70
.byte 0x65, 0x40, 0x56, 0x50, 0x53, 0x68, 0x61, 0x64, 0x65, 0x72, 0x50, 0x61, 0x73, 0x73, 0x42, 0x61
.byte 0x73, 0x65, 0x40, 0x50, 0x52, 0x65, 0x6e, 0x64, 0x65, 0x72, 0x69, 0x6e, 0x67, 0x40, 0x50, 0x68
.byte 0x79, 0x72, 0x65, 0x40, 0x40, 0x40, 0x50, 0x68, 0x79, 0x72, 0x65, 0x40, 0x40, 0x00, 0x00, 0x00
.byte 0x00, 0x00, 0x00, 0x00
.globl _sym_00c13df0
_sym_00c13df0:
.long _sym_00b69fe8
.byte 0x00, 0x00, 0x00, 0x00, 0x2e, 0x3f, 0x41, 0x56, 0x3f, 0x24, 0x50, 0x43, 0x6c, 0x61, 0x73, 0x73
.byte 0x44, 0x65, 0x73, 0x63, 0x72, 0x69, 0x70, 0x74, 0x6f, 0x72, 0x43, 0x6f, 0x6e, 0x63, 0x72, 0x65
.byte 0x74, 0x65, 0x40, 0x56, 0x50, 0x53, 0x68, 0x61, 0x64, 0x65, 0x72, 0x50, 0x61, 0x73, 0x73, 0x40
.byte 0x50, 0x52, 0x65, 0x6e, 0x64, 0x65, 0x72, 0x69, 0x6e, 0x67, 0x40, 0x50, 0x68, 0x79, 0x72, 0x65
.byte 0x40, 0x40, 0x40, 0x50, 0x68, 0x79, 0x72, 0x65, 0x40, 0x40, 0x00, 0x00
.globl _sym_00c13e40
_sym_00c13e40:
.long _sym_00b69fe8
.byte 0x00, 0x00, 0x00, 0x00, 0x2e, 0x3f, 0x41, 0x56, 0x3f, 0x24, 0x50, 0x43, 0x6c, 0x61, 0x73, 0x73
.byte 0x44, 0x65, 0x73, 0x63, 0x72, 0x69, 0x70, 0x74, 0x6f, 0x72, 0x41, 0x62, 0x73, 0x74, 0x72, 0x61
.byte 0x63, 0x74, 0x40, 0x56, 0x50, 0x53, 0x68, 0x61, 0x64, 0x65, 0x72, 0x50, 0x61, 0x73, 0x73, 0x40
.byte 0x50, 0x52, 0x65, 0x6e, 0x64, 0x65, 0x72, 0x69, 0x6e, 0x67, 0x40, 0x50, 0x68, 0x79, 0x72, 0x65
.byte 0x40, 0x40, 0x40, 0x50, 0x68, 0x79, 0x72, 0x65, 0x40, 0x40, 0x00, 0x00
.globl _sym_00c13e90
_sym_00c13e90:
.long _sym_00b69fe8
.byte 0x00, 0x00, 0x00, 0x00, 0x2e, 0x3f, 0x41, 0x56, 0x3f, 0x24, 0x50, 0x43, 0x6c, 0x61, 0x73, 0x73
.byte 0x44, 0x65, 0x73, 0x63, 0x72, 0x69, 0x70, 0x74, 0x6f, 0x72, 0x46, 0x6f, 0x72, 0x54, 0x79, 0x70
.byte 0x65, 0x40, 0x56, 0x50, 0x53, 0x68, 0x61, 0x64, 0x65, 0x72, 0x50, 0x61, 0x73, 0x73, 0x40, 0x50
.byte 0x52, 0x65, 0x6e, 0x64, 0x65, 0x72, 0x69, 0x6e, 0x67, 0x40, 0x50, 0x68, 0x79, 0x72, 0x65, 0x40
.byte 0x40, 0x40, 0x50, 0x68, 0x79, 0x72, 0x65, 0x40, 0x40, 0x00, 0x00, 0x00
.globl _sym_00c13ee0
_sym_00c13ee0:
.long _sym_00b1c89c
.globl _sym_00c13ee4
_sym_00c13ee4:
.long _sym_00b1c918
.globl _sym_00c13ee8
_sym_00c13ee8:
.long _sym_00b1c9d4
.byte 0x00, 0x00, 0x00, 0x00
.globl _sym_00c13ef0
_sym_00c13ef0:
.long _sym_00b69fe8
.byte 0x00, 0x00, 0x00, 0x00, 0x2e, 0x3f, 0x41, 0x56, 0x3f, 0x24, 0x50, 0x43, 0x6c, 0x61, 0x73, 0x73
.byte 0x44, 0x61, 0x74, 0x61, 0x4d, 0x65, 0x6d, 0x62, 0x65, 0x72, 0x50, 0x68, 0x79, 0x72, 0x65, 0x41
.byte 0x72, 0x72, 0x61, 0x79, 0x40, 0x56, 0x50, 0x53, 0x68, 0x61, 0x64, 0x65, 0x72, 0x50, 0x61, 0x72
.byte 0x61, 0x6d, 0x65, 0x74, 0x65, 0x72, 0x43, 0x61, 0x70, 0x74, 0x75, 0x72, 0x65, 0x42, 0x75, 0x66
.byte 0x66, 0x65, 0x72, 0x4c, 0x6f, 0x63, 0x61, 0x74, 0x69, 0x6f, 0x6e, 0x54, 0x79, 0x70, 0x65, 0x40
.byte 0x50, 0x52, 0x65, 0x6e, 0x64, 0x65, 0x72, 0x69, 0x6e, 0x67, 0x40, 0x50, 0x68, 0x79, 0x72, 0x65
.byte 0x40, 0x40, 0x40, 0x50, 0x68, 0x79, 0x72, 0x65, 0x40, 0x40, 0x00, 0x00
.globl _sym_00c13f60
_sym_00c13f60:
.long _sym_00b69fe8
.byte 0x00, 0x00, 0x00, 0x00, 0x2e, 0x3f, 0x41, 0x56, 0x3f, 0x24, 0x50, 0x43, 0x6c, 0x61, 0x73, 0x73
.byte 0x44, 0x61, 0x74, 0x61, 0x4d, 0x65, 0x6d, 0x62, 0x65, 0x72, 0x50, 0x68, 0x79, 0x72, 0x65, 0x41
.byte 0x72, 0x72, 0x61, 0x79, 0x40, 0x56, 0x50, 0x53, 0x68, 0x61, 0x64, 0x65, 0x72, 0x50, 0x61, 0x72
.byte 0x61, 0x6d, 0x65, 0x74, 0x65, 0x72, 0x43, 0x61, 0x70, 0x74, 0x75, 0x72, 0x65, 0x42, 0x75, 0x66
.byte 0x66, 0x65, 0x72, 0x4c, 0x6f, 0x63, 0x61, 0x74, 0x69, 0x6f, 0x6e, 0x54, 0x79, 0x70, 0x65, 0x43
.byte 0x6f, 0x6e, 0x73, 0x74, 0x61, 0x6e, 0x74, 0x42, 0x75, 0x66, 0x66, 0x65, 0x72, 0x40, 0x50, 0x52
.byte 0x65, 0x6e, 0x64, 0x65, 0x72, 0x69, 0x6e, 0x67, 0x40, 0x50, 0x68, 0x79, 0x72, 0x65, 0x40, 0x40
.byte 0x40, 0x50, 0x68, 0x79, 0x72, 0x65, 0x40, 0x40, 0x00, 0x00, 0x00, 0x00
.globl _sym_00c13fe0
_sym_00c13fe0:
.long _sym_00b69fe8
.byte 0x00, 0x00, 0x00, 0x00, 0x2e, 0x3f, 0x41, 0x56, 0x3f, 0x24, 0x50, 0x43, 0x6c, 0x61, 0x73, 0x73
.byte 0x44, 0x61, 0x74, 0x61, 0x4d, 0x65, 0x6d, 0x62, 0x65, 0x72, 0x50, 0x68, 0x79, 0x72, 0x65, 0x41
.byte 0x72, 0x72, 0x61, 0x79, 0x40, 0x56, 0x50, 0x53, 0x68, 0x61, 0x64, 0x65, 0x72, 0x50, 0x61, 0x72
.byte 0x61, 0x6d, 0x65, 0x74, 0x65, 0x72, 0x43, 0x61, 0x70, 0x74, 0x75, 0x72, 0x65, 0x42, 0x75, 0x66
.byte 0x66, 0x65, 0x72, 0x4c, 0x6f, 0x63, 0x61, 0x74, 0x69, 0x6f, 0x6e, 0x40, 0x50, 0x52, 0x65, 0x6e
.byte 0x64, 0x65, 0x72, 0x69, 0x6e, 0x67, 0x40, 0x50, 0x68, 0x79, 0x72, 0x65, 0x40, 0x40, 0x40, 0x50
.byte 0x68, 0x79, 0x72, 0x65, 0x40, 0x40, 0x00, 0x00, 0x00, 0x00, 0x00, 0x00
.globl _sym_00c14050
_sym_00c14050:
.long _sym_00b69fe8
.byte 0x00, 0x00, 0x00, 0x00, 0x2e, 0x3f, 0x41, 0x56, 0x3f, 0x24, 0x50, 0x43, 0x6c, 0x61, 0x73, 0x73
.byte 0x44, 0x65, 0x73, 0x63, 0x72, 0x69, 0x70, 0x74, 0x6f, 0x72, 0x43, 0x6f, 0x6e, 0x63, 0x72, 0x65
.byte 0x74, 0x65, 0x40, 0x56, 0x3f, 0x24, 0x50, 0x41, 0x72, 0x72, 0x61, 0x79, 0x40, 0x56, 0x50, 0x53
.byte 0x68, 0x61, 0x64, 0x65, 0x72, 0x50, 0x61, 0x72, 0x61, 0x6d, 0x65, 0x74, 0x65, 0x72, 0x43, 0x61
.byte 0x70, 0x74, 0x75, 0x72, 0x65, 0x42, 0x75, 0x66, 0x66, 0x65, 0x72, 0x4c, 0x6f, 0x63, 0x61, 0x74
.byte 0x69, 0x6f, 0x6e, 0x54, 0x79, 0x70, 0x65, 0x40, 0x50, 0x52, 0x65, 0x6e, 0x64, 0x65, 0x72, 0x69
.byte 0x6e, 0x67, 0x40, 0x50, 0x68, 0x79, 0x72, 0x65, 0x40, 0x40, 0x24, 0x30, 0x31, 0x40, 0x50, 0x68
.byte 0x79, 0x72, 0x65, 0x40, 0x40, 0x40, 0x50, 0x68, 0x79, 0x72, 0x65, 0x40, 0x40, 0x00, 0x00, 0x00
.byte 0x00, 0x00, 0x00, 0x00
.globl _sym_00c140d8
_sym_00c140d8:
.long _sym_00b69fe8
.byte 0x00, 0x00, 0x00, 0x00, 0x2e, 0x3f, 0x41, 0x56, 0x3f, 0x24, 0x50, 0x43, 0x6c, 0x61, 0x73, 0x73
.byte 0x44, 0x65, 0x73, 0x63, 0x72, 0x69, 0x70, 0x74, 0x6f, 0x72, 0x41, 0x62, 0x73, 0x74, 0x72, 0x61
.byte 0x63, 0x74, 0x40, 0x56, 0x3f, 0x24, 0x50, 0x41, 0x72, 0x72, 0x61, 0x79, 0x40, 0x56, 0x50, 0x53
.byte 0x68, 0x61, 0x64, 0x65, 0x72, 0x50, 0x61, 0x72, 0x61, 0x6d, 0x65, 0x74, 0x65, 0x72, 0x43, 0x61
.byte 0x70, 0x74, 0x75, 0x72, 0x65, 0x42, 0x75, 0x66, 0x66, 0x65, 0x72, 0x4c, 0x6f, 0x63, 0x61, 0x74
.byte 0x69, 0x6f, 0x6e, 0x54, 0x79, 0x70, 0x65, 0x40, 0x50, 0x52, 0x65, 0x6e, 0x64, 0x65, 0x72, 0x69
.byte 0x6e, 0x67, 0x40, 0x50, 0x68, 0x79, 0x72, 0x65, 0x40, 0x40, 0x24, 0x30, 0x31, 0x40, 0x50, 0x68
.byte 0x79, 0x72, 0x65, 0x40, 0x40, 0x40, 0x50, 0x68, 0x79, 0x72, 0x65, 0x40, 0x40, 0x00, 0x00, 0x00
.byte 0x00, 0x00, 0x00, 0x00
.globl _sym_00c14160
_sym_00c14160:
.long _sym_00b69fe8
.byte 0x00, 0x00, 0x00, 0x00, 0x2e, 0x3f, 0x41, 0x56, 0x3f, 0x24, 0x50, 0x43, 0x6c, 0x61, 0x73, 0x73
.byte 0x44, 0x65, 0x73, 0x63, 0x72, 0x69, 0x70, 0x74, 0x6f, 0x72, 0x46, 0x6f, 0x72, 0x54, 0x79, 0x70
.byte 0x65, 0x40, 0x56, 0x3f, 0x24, 0x50, 0x41, 0x72, 0x72, 0x61, 0x79, 0x40, 0x56, 0x50, 0x53, 0x68
.byte 0x61, 0x64, 0x65, 0x72, 0x50, 0x61, 0x72, 0x61, 0x6d, 0x65, 0x74, 0x65, 0x72, 0x43, 0x61, 0x70
.byte 0x74, 0x75, 0x72, 0x65, 0x42, 0x75, 0x66, 0x66, 0x65, 0x72, 0x4c, 0x6f, 0x63, 0x61, 0x74, 0x69
.byte 0x6f, 0x6e, 0x54, 0x79, 0x70, 0x65, 0x40, 0x50, 0x52, 0x65, 0x6e, 0x64, 0x65, 0x72, 0x69, 0x6e
.byte 0x67, 0x40, 0x50, 0x68, 0x79, 0x72, 0x65, 0x40, 0x40, 0x24, 0x30, 0x31, 0x40, 0x50, 0x68, 0x79
.byte 0x72, 0x65, 0x40, 0x40, 0x40, 0x50, 0x68, 0x79, 0x72, 0x65, 0x40, 0x40, 0x00, 0x00, 0x00, 0x00
.byte 0x00, 0x00, 0x00, 0x00
.globl _sym_00c141e8
_sym_00c141e8:
.long _sym_00b69fe8
.byte 0x00, 0x00, 0x00, 0x00, 0x2e, 0x3f, 0x41, 0x56, 0x3f, 0x24, 0x50, 0x43, 0x6c, 0x61, 0x73, 0x73
.byte 0x44, 0x61, 0x74, 0x61, 0x4d, 0x65, 0x6d, 0x62, 0x65, 0x72, 0x41, 0x72, 0x72, 0x61, 0x79, 0x44
.byte 0x79, 0x6e, 0x61, 0x6d, 0x69, 0x63, 0x40, 0x56, 0x3f, 0x24, 0x50, 0x41, 0x72, 0x72, 0x61, 0x79
.byte 0x40, 0x56, 0x50, 0x53, 0x68, 0x61, 0x64, 0x65, 0x72, 0x50, 0x61, 0x72, 0x61, 0x6d, 0x65, 0x74
.byte 0x65, 0x72, 0x43, 0x61, 0x70, 0x74, 0x75, 0x72, 0x65, 0x42, 0x75, 0x66, 0x66, 0x65, 0x72, 0x4c
.byte 0x6f, 0x63, 0x61, 0x74, 0x69, 0x6f, 0x6e, 0x54, 0x79, 0x70, 0x65, 0x40, 0x50, 0x52, 0x65, 0x6e
.byte 0x64, 0x65, 0x72, 0x69, 0x6e, 0x67, 0x40, 0x50, 0x68, 0x79, 0x72, 0x65, 0x40, 0x40, 0x24, 0x30
.byte 0x31, 0x40, 0x50, 0x68, 0x79, 0x72, 0x65, 0x40, 0x40, 0x40, 0x50, 0x68, 0x79, 0x72, 0x65, 0x40
.byte 0x40, 0x00, 0x00, 0x00
.globl _sym_00c14270
_sym_00c14270:
.long _sym_00b69fe8
.byte 0x00, 0x00, 0x00, 0x00, 0x2e, 0x3f, 0x41, 0x56, 0x3f, 0x24, 0x50, 0x43, 0x6c, 0x61, 0x73, 0x73
.byte 0x44, 0x65, 0x73, 0x63, 0x72, 0x69, 0x70, 0x74, 0x6f, 0x72, 0x43, 0x6f, 0x6e, 0x63, 0x72, 0x65
.byte 0x74, 0x65, 0x40, 0x56, 0x3f, 0x24, 0x50, 0x41, 0x72, 0x72, 0x61, 0x79, 0x40, 0x56, 0x50, 0x53
.byte 0x68, 0x61, 0x64, 0x65, 0x72, 0x50, 0x61, 0x72, 0x61, 0x6d, 0x65, 0x74, 0x65, 0x72, 0x43, 0x61
.byte 0x70, 0x74, 0x75, 0x72, 0x65, 0x42, 0x75, 0x66, 0x66, 0x65, 0x72, 0x4c, 0x6f, 0x63, 0x61, 0x74
.byte 0x69, 0x6f, 0x6e, 0x54, 0x79, 0x70, 0x65, 0x43, 0x6f, 0x6e, 0x73, 0x74, 0x61, 0x6e, 0x74, 0x42
.byte 0x75, 0x66, 0x66, 0x65, 0x72, 0x40, 0x50, 0x52, 0x65, 0x6e, 0x64, 0x65, 0x72, 0x69, 0x6e, 0x67
.byte 0x40, 0x50, 0x68, 0x79, 0x72, 0x65, 0x40, 0x40, 0x24, 0x30, 0x33, 0x40, 0x50, 0x68, 0x79, 0x72
.byte 0x65, 0x40, 0x40, 0x40, 0x50, 0x68, 0x79, 0x72, 0x65, 0x40, 0x40, 0x00
.globl _sym_00c14300
_sym_00c14300:
.long _sym_00b69fe8
.byte 0x00, 0x00, 0x00, 0x00, 0x2e, 0x3f, 0x41, 0x56, 0x3f, 0x24, 0x50, 0x43, 0x6c, 0x61, 0x73, 0x73
.byte 0x44, 0x65, 0x73, 0x63, 0x72, 0x69, 0x70, 0x74, 0x6f, 0x72, 0x41, 0x62, 0x73, 0x74, 0x72, 0x61
.byte 0x63, 0x74, 0x40, 0x56, 0x3f, 0x24, 0x50, 0x41, 0x72, 0x72, 0x61, 0x79, 0x40, 0x56, 0x50, 0x53
.byte 0x68, 0x61, 0x64, 0x65, 0x72, 0x50, 0x61, 0x72, 0x61, 0x6d, 0x65, 0x74, 0x65, 0x72, 0x43, 0x61
.byte 0x70, 0x74, 0x75, 0x72, 0x65, 0x42, 0x75, 0x66, 0x66, 0x65, 0x72, 0x4c, 0x6f, 0x63, 0x61, 0x74
.byte 0x69, 0x6f, 0x6e, 0x54, 0x79, 0x70, 0x65, 0x43, 0x6f, 0x6e, 0x73, 0x74, 0x61, 0x6e, 0x74, 0x42
.byte 0x75, 0x66, 0x66, 0x65, 0x72, 0x40, 0x50, 0x52, 0x65, 0x6e, 0x64, 0x65, 0x72, 0x69, 0x6e, 0x67
.byte 0x40, 0x50, 0x68, 0x79, 0x72, 0x65, 0x40, 0x40, 0x24, 0x30, 0x33, 0x40, 0x50, 0x68, 0x79, 0x72
.byte 0x65, 0x40, 0x40, 0x40, 0x50, 0x68, 0x79, 0x72, 0x65, 0x40, 0x40, 0x00
.globl _sym_00c14390
_sym_00c14390:
.long _sym_00b69fe8
.byte 0x00, 0x00, 0x00, 0x00, 0x2e, 0x3f, 0x41, 0x56, 0x3f, 0x24, 0x50, 0x43, 0x6c, 0x61, 0x73, 0x73
.byte 0x44, 0x65, 0x73, 0x63, 0x72, 0x69, 0x70, 0x74, 0x6f, 0x72, 0x46, 0x6f, 0x72, 0x54, 0x79, 0x70
.byte 0x65, 0x40, 0x56, 0x3f, 0x24, 0x50, 0x41, 0x72, 0x72, 0x61, 0x79, 0x40, 0x56, 0x50, 0x53, 0x68
.byte 0x61, 0x64, 0x65, 0x72, 0x50, 0x61, 0x72, 0x61, 0x6d, 0x65, 0x74, 0x65, 0x72, 0x43, 0x61, 0x70
.byte 0x74, 0x75, 0x72, 0x65, 0x42, 0x75, 0x66, 0x66, 0x65, 0x72, 0x4c, 0x6f, 0x63, 0x61, 0x74, 0x69
.byte 0x6f, 0x6e, 0x54, 0x79, 0x70, 0x65, 0x43, 0x6f, 0x6e, 0x73, 0x74, 0x61, 0x6e, 0x74, 0x42, 0x75
.byte 0x66, 0x66, 0x65, 0x72, 0x40, 0x50, 0x52, 0x65, 0x6e, 0x64, 0x65, 0x72, 0x69, 0x6e, 0x67, 0x40
.byte 0x50, 0x68, 0x79, 0x72, 0x65, 0x40, 0x40, 0x24, 0x30, 0x33, 0x40, 0x50, 0x68, 0x79, 0x72, 0x65
.byte 0x40, 0x40, 0x40, 0x50, 0x68, 0x79, 0x72, 0x65, 0x40, 0x40, 0x00, 0x00
.globl _sym_00c14420
_sym_00c14420:
.long _sym_00b69fe8
.byte 0x00, 0x00, 0x00, 0x00, 0x2e, 0x3f, 0x41, 0x56, 0x3f, 0x24, 0x50, 0x43, 0x6c, 0x61, 0x73, 0x73
.byte 0x44, 0x61, 0x74, 0x61, 0x4d, 0x65, 0x6d, 0x62, 0x65, 0x72, 0x41, 0x72, 0x72, 0x61, 0x79, 0x44
.byte 0x79, 0x6e, 0x61, 0x6d, 0x69, 0x63, 0x40, 0x56, 0x3f, 0x24, 0x50, 0x41, 0x72, 0x72, 0x61, 0x79
.byte 0x40, 0x56, 0x50, 0x53, 0x68, 0x61, 0x64, 0x65, 0x72, 0x50, 0x61, 0x72, 0x61, 0x6d, 0x65, 0x74
.byte 0x65, 0x72, 0x43, 0x61, 0x70, 0x74, 0x75, 0x72, 0x65, 0x42, 0x75, 0x66, 0x66, 0x65, 0x72, 0x4c
.byte 0x6f, 0x63, 0x61, 0x74, 0x69, 0x6f, 0x6e, 0x54, 0x79, 0x70, 0x65, 0x43, 0x6f, 0x6e, 0x73, 0x74
.byte 0x61, 0x6e, 0x74, 0x42, 0x75, 0x66, 0x66, 0x65, 0x72, 0x40, 0x50, 0x52, 0x65, 0x6e, 0x64, 0x65
.byte 0x72, 0x69, 0x6e, 0x67, 0x40, 0x50, 0x68, 0x79, 0x72, 0x65, 0x40, 0x40, 0x24, 0x30, 0x33, 0x40
.byte 0x50, 0x68, 0x79, 0x72, 0x65, 0x40, 0x40, 0x40, 0x50, 0x68, 0x79, 0x72, 0x65, 0x40, 0x40, 0x00
.byte 0x00, 0x00, 0x00, 0x00
.globl _sym_00c144b8
_sym_00c144b8:
.long _sym_00b69fe8
.byte 0x00, 0x00, 0x00, 0x00, 0x2e, 0x3f, 0x41, 0x56, 0x3f, 0x24, 0x50, 0x43, 0x6c, 0x61, 0x73, 0x73
.byte 0x44, 0x65, 0x73, 0x63, 0x72, 0x69, 0x70, 0x74, 0x6f, 0x72, 0x43, 0x6f, 0x6e, 0x63, 0x72, 0x65
.byte 0x74, 0x65, 0x40, 0x56, 0x3f, 0x24, 0x50, 0x41, 0x72, 0x72, 0x61, 0x79, 0x40, 0x56, 0x50, 0x53
.byte 0x68, 0x61, 0x64, 0x65, 0x72, 0x50, 0x61, 0x72, 0x61, 0x6d, 0x65, 0x74, 0x65, 0x72, 0x43, 0x61
.byte 0x70, 0x74, 0x75, 0x72, 0x65, 0x42, 0x75, 0x66, 0x66, 0x65, 0x72, 0x4c, 0x6f, 0x63, 0x61, 0x74
.byte 0x69, 0x6f, 0x6e, 0x40, 0x50, 0x52, 0x65, 0x6e, 0x64, 0x65, 0x72, 0x69, 0x6e, 0x67, 0x40, 0x50
.byte 0x68, 0x79, 0x72, 0x65, 0x40, 0x40, 0x24, 0x30, 0x31, 0x40, 0x50, 0x68, 0x79, 0x72, 0x65, 0x40
.byte 0x40, 0x40, 0x50, 0x68, 0x79, 0x72, 0x65, 0x40, 0x40, 0x00, 0x00, 0x00
.globl _sym_00c14538
_sym_00c14538:
.long _sym_00b69fe8
.byte 0x00, 0x00, 0x00, 0x00, 0x2e, 0x3f, 0x41, 0x56, 0x3f, 0x24, 0x50, 0x43, 0x6c, 0x61, 0x73, 0x73
.byte 0x44, 0x65, 0x73, 0x63, 0x72, 0x69, 0x70, 0x74, 0x6f, 0x72, 0x41, 0x62, 0x73, 0x74, 0x72, 0x61
.byte 0x63, 0x74, 0x40, 0x56, 0x3f, 0x24, 0x50, 0x41, 0x72, 0x72, 0x61, 0x79, 0x40, 0x56, 0x50, 0x53
.byte 0x68, 0x61, 0x64, 0x65, 0x72, 0x50, 0x61, 0x72, 0x61, 0x6d, 0x65, 0x74, 0x65, 0x72, 0x43, 0x61
.byte 0x70, 0x74, 0x75, 0x72, 0x65, 0x42, 0x75, 0x66, 0x66, 0x65, 0x72, 0x4c, 0x6f, 0x63, 0x61, 0x74
.byte 0x69, 0x6f, 0x6e, 0x40, 0x50, 0x52, 0x65, 0x6e, 0x64, 0x65, 0x72, 0x69, 0x6e, 0x67, 0x40, 0x50
.byte 0x68, 0x79, 0x72, 0x65, 0x40, 0x40, 0x24, 0x30, 0x31, 0x40, 0x50, 0x68, 0x79, 0x72, 0x65, 0x40
.byte 0x40, 0x40, 0x50, 0x68, 0x79, 0x72, 0x65, 0x40, 0x40, 0x00, 0x00, 0x00
.globl _sym_00c145b8
_sym_00c145b8:
.long _sym_00b69fe8
.byte 0x00, 0x00, 0x00, 0x00, 0x2e, 0x3f, 0x41, 0x56, 0x3f, 0x24, 0x50, 0x43, 0x6c, 0x61, 0x73, 0x73
.byte 0x44, 0x65, 0x73, 0x63, 0x72, 0x69, 0x70, 0x74, 0x6f, 0x72, 0x46, 0x6f, 0x72, 0x54, 0x79, 0x70
.byte 0x65, 0x40, 0x56, 0x3f, 0x24, 0x50, 0x41, 0x72, 0x72, 0x61, 0x79, 0x40, 0x56, 0x50, 0x53, 0x68
.byte 0x61, 0x64, 0x65, 0x72, 0x50, 0x61, 0x72, 0x61, 0x6d, 0x65, 0x74, 0x65, 0x72, 0x43, 0x61, 0x70
.byte 0x74, 0x75, 0x72, 0x65, 0x42, 0x75, 0x66, 0x66, 0x65, 0x72, 0x4c, 0x6f, 0x63, 0x61, 0x74, 0x69
.byte 0x6f, 0x6e, 0x40, 0x50, 0x52, 0x65, 0x6e, 0x64, 0x65, 0x72, 0x69, 0x6e, 0x67, 0x40, 0x50, 0x68
.byte 0x79, 0x72, 0x65, 0x40, 0x40, 0x24, 0x30, 0x31, 0x40, 0x50, 0x68, 0x79, 0x72, 0x65, 0x40, 0x40
.byte 0x40, 0x50, 0x68, 0x79, 0x72, 0x65, 0x40, 0x40, 0x00, 0x00, 0x00, 0x00
.globl _sym_00c14638
_sym_00c14638:
.long _sym_00b69fe8
.byte 0x00, 0x00, 0x00, 0x00, 0x2e, 0x3f, 0x41, 0x56, 0x3f, 0x24, 0x50, 0x43, 0x6c, 0x61, 0x73, 0x73
.byte 0x44, 0x61, 0x74, 0x61, 0x4d, 0x65, 0x6d, 0x62, 0x65, 0x72, 0x41, 0x72, 0x72, 0x61, 0x79, 0x44
.byte 0x79, 0x6e, 0x61, 0x6d, 0x69, 0x63, 0x40, 0x56, 0x3f, 0x24, 0x50, 0x41, 0x72, 0x72, 0x61, 0x79
.byte 0x40, 0x56, 0x50, 0x53, 0x68, 0x61, 0x64, 0x65, 0x72, 0x50, 0x61, 0x72, 0x61, 0x6d, 0x65, 0x74
.byte 0x65, 0x72, 0x43, 0x61, 0x70, 0x74, 0x75, 0x72, 0x65, 0x42, 0x75, 0x66, 0x66, 0x65, 0x72, 0x4c
.byte 0x6f, 0x63, 0x61, 0x74, 0x69, 0x6f, 0x6e, 0x40, 0x50, 0x52, 0x65, 0x6e, 0x64, 0x65, 0x72, 0x69
.byte 0x6e, 0x67, 0x40, 0x50, 0x68, 0x79, 0x72, 0x65, 0x40, 0x40, 0x24, 0x30, 0x31, 0x40, 0x50, 0x68
.byte 0x79, 0x72, 0x65, 0x40, 0x40, 0x40, 0x50, 0x68, 0x79, 0x72, 0x65, 0x40, 0x40, 0x00, 0x00, 0x00
.byte 0x00, 0x00, 0x00, 0x00
.globl _sym_00c146c0
_sym_00c146c0:
.long _sym_00b69fe8
.byte 0x00, 0x00, 0x00, 0x00, 0x2e, 0x3f, 0x41, 0x56, 0x3f, 0x24, 0x50, 0x43, 0x6c, 0x61, 0x73, 0x73
.byte 0x44, 0x65, 0x73, 0x63, 0x72, 0x69, 0x70, 0x74, 0x6f, 0x72, 0x43, 0x6f, 0x6e, 0x63, 0x72, 0x65
.byte 0x74, 0x65, 0x40, 0x56, 0x50, 0x53, 0x68, 0x61, 0x64, 0x65, 0x72, 0x40, 0x50, 0x52, 0x65, 0x6e
.byte 0x64, 0x65, 0x72, 0x69, 0x6e, 0x67, 0x40, 0x50, 0x68, 0x79, 0x72, 0x65, 0x40, 0x40, 0x40, 0x50
.byte 0x68, 0x79, 0x72, 0x65, 0x40, 0x40, 0x00, 0x00, 0x00, 0x00, 0x00, 0x00
.globl _sym_00c14710
_sym_00c14710:
.long _sym_00b69fe8
.byte 0x00, 0x00, 0x00, 0x00, 0x2e, 0x3f, 0x41, 0x56, 0x3f, 0x24, 0x50, 0x43, 0x6c, 0x61, 0x73, 0x73
.byte 0x44, 0x65, 0x73, 0x63, 0x72, 0x69, 0x70, 0x74, 0x6f, 0x72, 0x41, 0x62, 0x73, 0x74, 0x72, 0x61
.byte 0x63, 0x74, 0x40, 0x56, 0x50, 0x53, 0x68, 0x61, 0x64, 0x65, 0x72, 0x40, 0x50, 0x52, 0x65, 0x6e
.byte 0x64, 0x65, 0x72, 0x69, 0x6e, 0x67, 0x40, 0x50, 0x68, 0x79, 0x72, 0x65, 0x40, 0x40, 0x40, 0x50
.byte 0x68, 0x79, 0x72, 0x65, 0x40, 0x40, 0x00, 0x00, 0x00, 0x00, 0x00, 0x00
.globl _sym_00c14760
_sym_00c14760:
.long _sym_00b69fe8
.byte 0x00, 0x00, 0x00, 0x00, 0x2e, 0x3f, 0x41, 0x56, 0x3f, 0x24, 0x50, 0x43, 0x6c, 0x61, 0x73, 0x73
.byte 0x44, 0x65, 0x73, 0x63, 0x72, 0x69, 0x70, 0x74, 0x6f, 0x72, 0x46, 0x6f, 0x72, 0x54, 0x79, 0x70
.byte 0x65, 0x40, 0x56, 0x50, 0x53, 0x68, 0x61, 0x64, 0x65, 0x72, 0x40, 0x50, 0x52, 0x65, 0x6e, 0x64
.byte 0x65, 0x72, 0x69, 0x6e, 0x67, 0x40, 0x50, 0x68, 0x79, 0x72, 0x65, 0x40, 0x40, 0x40, 0x50, 0x68
.byte 0x79, 0x72, 0x65, 0x40, 0x40, 0x00, 0x00, 0x00
.globl _sym_00c147ac
_sym_00c147ac:
.long _sym_00b1d2c8
.globl _sym_00c147b0
_sym_00c147b0:
.long _sym_00b1b87c
.globl _sym_00c147b4
_sym_00c147b4:
.long _sym_00b1b818
.globl _sym_00c147b8
_sym_00c147b8:
.long _sym_00b69fe8
.byte 0x00, 0x00, 0x00, 0x00, 0x2e, 0x3f, 0x41, 0x56, 0x3f, 0x24, 0x50, 0x43, 0x6c, 0x61, 0x73, 0x73
.byte 0x44, 0x61, 0x74, 0x61, 0x4d, 0x65, 0x6d, 0x62, 0x65, 0x72, 0x50, 0x68, 0x79, 0x72, 0x65, 0x41
.byte 0x72, 0x72, 0x61, 0x79, 0x40, 0x56, 0x50, 0x53, 0x68, 0x61, 0x64, 0x65, 0x72, 0x50, 0x61, 0x73
.byte 0x73, 0x40, 0x50, 0x52, 0x65, 0x6e, 0x64, 0x65, 0x72, 0x69, 0x6e, 0x67, 0x40, 0x50, 0x68, 0x79
.byte 0x72, 0x65, 0x40, 0x40, 0x40, 0x50, 0x68, 0x79, 0x72, 0x65, 0x40, 0x40, 0x00, 0x00, 0x00, 0x00
.byte 0x00, 0x00, 0x00, 0x00
.globl _sym_00c14810
_sym_00c14810:
.long _sym_00b69fe8
.byte 0x00, 0x00, 0x00, 0x00, 0x2e, 0x3f, 0x41, 0x56, 0x3f, 0x24, 0x50, 0x43, 0x6c, 0x61, 0x73, 0x73
.byte 0x44, 0x65, 0x73, 0x63, 0x72, 0x69, 0x70, 0x74, 0x6f, 0x72, 0x43, 0x6f, 0x6e, 0x63, 0x72, 0x65
.byte 0x74, 0x65, 0x40, 0x56, 0x3f, 0x24, 0x50, 0x41, 0x72, 0x72, 0x61, 0x79, 0x40, 0x56, 0x50, 0x53
.byte 0x68, 0x61, 0x64, 0x65, 0x72, 0x50, 0x61, 0x73, 0x73, 0x40, 0x50, 0x52, 0x65, 0x6e, 0x64, 0x65
.byte 0x72, 0x69, 0x6e, 0x67, 0x40, 0x50, 0x68, 0x79, 0x72, 0x65, 0x40, 0x40, 0x24, 0x30, 0x33, 0x40
.byte 0x50, 0x68, 0x79, 0x72, 0x65, 0x40, 0x40, 0x40, 0x50, 0x68, 0x79, 0x72, 0x65, 0x40, 0x40, 0x00
.byte 0x00, 0x00, 0x00, 0x00
.globl _sym_00c14878
_sym_00c14878:
.long _sym_00b69fe8
.byte 0x00, 0x00, 0x00, 0x00, 0x2e, 0x3f, 0x41, 0x56, 0x3f, 0x24, 0x50, 0x43, 0x6c, 0x61, 0x73, 0x73
.byte 0x44, 0x65, 0x73, 0x63, 0x72, 0x69, 0x70, 0x74, 0x6f, 0x72, 0x41, 0x62, 0x73, 0x74, 0x72, 0x61
.byte 0x63, 0x74, 0x40, 0x56, 0x3f, 0x24, 0x50, 0x41, 0x72, 0x72, 0x61, 0x79, 0x40, 0x56, 0x50, 0x53
.byte 0x68, 0x61, 0x64, 0x65, 0x72, 0x50, 0x61, 0x73, 0x73, 0x40, 0x50, 0x52, 0x65, 0x6e, 0x64, 0x65
.byte 0x72, 0x69, 0x6e, 0x67, 0x40, 0x50, 0x68, 0x79, 0x72, 0x65, 0x40, 0x40, 0x24, 0x30, 0x33, 0x40
.byte 0x50, 0x68, 0x79, 0x72, 0x65, 0x40, 0x40, 0x40, 0x50, 0x68, 0x79, 0x72, 0x65, 0x40, 0x40, 0x00
.byte 0x00, 0x00, 0x00, 0x00
.globl _sym_00c148e0
_sym_00c148e0:
.long _sym_00b69fe8
.byte 0x00, 0x00, 0x00, 0x00, 0x2e, 0x3f, 0x41, 0x56, 0x3f, 0x24, 0x50, 0x43, 0x6c, 0x61, 0x73, 0x73
.byte 0x44, 0x65, 0x73, 0x63, 0x72, 0x69, 0x70, 0x74, 0x6f, 0x72, 0x46, 0x6f, 0x72, 0x54, 0x79, 0x70
.byte 0x65, 0x40, 0x56, 0x3f, 0x24, 0x50, 0x41, 0x72, 0x72, 0x61, 0x79, 0x40, 0x56, 0x50, 0x53, 0x68
.byte 0x61, 0x64, 0x65, 0x72, 0x50, 0x61, 0x73, 0x73, 0x40, 0x50, 0x52, 0x65, 0x6e, 0x64, 0x65, 0x72
.byte 0x69, 0x6e, 0x67, 0x40, 0x50, 0x68, 0x79, 0x72, 0x65, 0x40, 0x40, 0x24, 0x30, 0x33, 0x40, 0x50
.byte 0x68, 0x79, 0x72, 0x65, 0x40, 0x40, 0x40, 0x50, 0x68, 0x79, 0x72, 0x65, 0x40, 0x40, 0x00, 0x00
.byte 0x00, 0x00, 0x00, 0x00
.globl _sym_00c14948
_sym_00c14948:
.long _sym_00b69fe8
.byte 0x00, 0x00, 0x00, 0x00, 0x2e, 0x3f, 0x41, 0x56, 0x3f, 0x24, 0x50, 0x43, 0x6c, 0x61, 0x73, 0x73
.byte 0x44, 0x61, 0x74, 0x61, 0x4d, 0x65, 0x6d, 0x62, 0x65, 0x72, 0x41, 0x72, 0x72, 0x61, 0x79, 0x44
.byte 0x79, 0x6e, 0x61, 0x6d, 0x69, 0x63, 0x40, 0x56, 0x3f, 0x24, 0x50, 0x41, 0x72, 0x72, 0x61, 0x79
.byte 0x40, 0x56, 0x50, 0x53, 0x68, 0x61, 0x64, 0x65, 0x72, 0x50, 0x61, 0x73, 0x73, 0x40, 0x50, 0x52
.byte 0x65, 0x6e, 0x64, 0x65, 0x72, 0x69, 0x6e, 0x67, 0x40, 0x50, 0x68, 0x79, 0x72, 0x65, 0x40, 0x40
.byte 0x24, 0x30, 0x33, 0x40, 0x50, 0x68, 0x79, 0x72, 0x65, 0x40, 0x40, 0x40, 0x50, 0x68, 0x79, 0x72
.byte 0x65, 0x40, 0x40, 0x00
.globl _sym_00c149b0
_sym_00c149b0:
.long _sym_00b69fe8
.byte 0x00, 0x00, 0x00, 0x00, 0x2e, 0x3f, 0x41, 0x56, 0x3f, 0x24, 0x50, 0x43, 0x6c, 0x61, 0x73, 0x73
.byte 0x44, 0x65, 0x73, 0x63, 0x72, 0x69, 0x70, 0x74, 0x6f, 0x72, 0x43, 0x6f, 0x6e, 0x63, 0x72, 0x65
.byte 0x74, 0x65, 0x40, 0x56, 0x50, 0x53, 0x61, 0x6d, 0x70, 0x6c, 0x65, 0x72, 0x53, 0x74, 0x61, 0x74
.byte 0x65, 0x42, 0x61, 0x73, 0x65, 0x40, 0x50, 0x52, 0x65, 0x6e, 0x64, 0x65, 0x72, 0x69, 0x6e, 0x67
.byte 0x40, 0x50, 0x68, 0x79, 0x72, 0x65, 0x40, 0x40, 0x40, 0x50, 0x68, 0x79, 0x72, 0x65, 0x40, 0x40
.byte 0x00, 0x00, 0x00, 0x00
.globl _sym_00c14a08
_sym_00c14a08:
.long _sym_00b69fe8
.byte 0x00, 0x00, 0x00, 0x00, 0x2e, 0x3f, 0x41, 0x56, 0x3f, 0x24, 0x50, 0x43, 0x6c, 0x61, 0x73, 0x73
.byte 0x44, 0x65, 0x73, 0x63, 0x72, 0x69, 0x70, 0x74, 0x6f, 0x72, 0x41, 0x62, 0x73, 0x74, 0x72, 0x61
.byte 0x63, 0x74, 0x40, 0x56, 0x50, 0x53, 0x61, 0x6d, 0x70, 0x6c, 0x65, 0x72, 0x53, 0x74, 0x61, 0x74
.byte 0x65, 0x42, 0x61, 0x73, 0x65, 0x40, 0x50, 0x52, 0x65, 0x6e, 0x64, 0x65, 0x72, 0x69, 0x6e, 0x67
.byte 0x40, 0x50, 0x68, 0x79, 0x72, 0x65, 0x40, 0x40, 0x40, 0x50, 0x68, 0x79, 0x72, 0x65, 0x40, 0x40
.byte 0x00, 0x00, 0x00, 0x00
.globl _sym_00c14a60
_sym_00c14a60:
.long _sym_00b69fe8
.byte 0x00, 0x00, 0x00, 0x00, 0x2e, 0x3f, 0x41, 0x56, 0x3f, 0x24, 0x50, 0x43, 0x6c, 0x61, 0x73, 0x73
.byte 0x44, 0x65, 0x73, 0x63, 0x72, 0x69, 0x70, 0x74, 0x6f, 0x72, 0x46, 0x6f, 0x72, 0x54, 0x79, 0x70
.byte 0x65, 0x40, 0x56, 0x50, 0x53, 0x61, 0x6d, 0x70, 0x6c, 0x65, 0x72, 0x53, 0x74, 0x61, 0x74, 0x65
.byte 0x42, 0x61, 0x73, 0x65, 0x40, 0x50, 0x52, 0x65, 0x6e, 0x64, 0x65, 0x72, 0x69, 0x6e, 0x67, 0x40
.byte 0x50, 0x68, 0x79, 0x72, 0x65, 0x40, 0x40, 0x40, 0x50, 0x68, 0x79, 0x72, 0x65, 0x40, 0x40, 0x00
.byte 0x00, 0x00, 0x00, 0x00
.globl _sym_00c14ab8
_sym_00c14ab8:
.long _sym_00b69fe8
.byte 0x00, 0x00, 0x00, 0x00, 0x2e, 0x3f, 0x41, 0x56, 0x3f, 0x24, 0x50, 0x43, 0x6c, 0x61, 0x73, 0x73
.byte 0x44, 0x65, 0x73, 0x63, 0x72, 0x69, 0x70, 0x74, 0x6f, 0x72, 0x43, 0x6f, 0x6e, 0x63, 0x72, 0x65
.byte 0x74, 0x65, 0x40, 0x56, 0x50, 0x53, 0x61, 0x6d, 0x70, 0x6c, 0x65, 0x72, 0x53, 0x74, 0x61, 0x74
.byte 0x65, 0x40, 0x50, 0x52, 0x65, 0x6e, 0x64, 0x65, 0x72, 0x69, 0x6e, 0x67, 0x40, 0x50, 0x68, 0x79
.byte 0x72, 0x65, 0x40, 0x40, 0x40, 0x50, 0x68, 0x79, 0x72, 0x65, 0x40, 0x40, 0x00, 0x00, 0x00, 0x00
.byte 0x00, 0x00, 0x00, 0x00
.globl _sym_00c14b10
_sym_00c14b10:
.long _sym_00b69fe8
.byte 0x00, 0x00, 0x00, 0x00, 0x2e, 0x3f, 0x41, 0x56, 0x3f, 0x24, 0x50, 0x43, 0x6c, 0x61, 0x73, 0x73
.byte 0x44, 0x65, 0x73, 0x63, 0x72, 0x69, 0x70, 0x74, 0x6f, 0x72, 0x41, 0x62, 0x73, 0x74, 0x72, 0x61
.byte 0x63, 0x74, 0x40, 0x56, 0x50, 0x53, 0x61, 0x6d, 0x70, 0x6c, 0x65, 0x72, 0x53, 0x74, 0x61, 0x74
.byte 0x65, 0x40, 0x50, 0x52, 0x65, 0x6e, 0x64, 0x65, 0x72, 0x69, 0x6e, 0x67, 0x40, 0x50, 0x68, 0x79
.byte 0x72, 0x65, 0x40, 0x40, 0x40, 0x50, 0x68, 0x79, 0x72, 0x65, 0x40, 0x40, 0x00, 0x00, 0x00, 0x00
.byte 0x00, 0x00, 0x00, 0x00
.globl _sym_00c14b68
_sym_00c14b68:
.long _sym_00b69fe8
.byte 0x00, 0x00, 0x00, 0x00, 0x2e, 0x3f, 0x41, 0x56, 0x3f, 0x24, 0x50, 0x43, 0x6c, 0x61, 0x73, 0x73
.byte 0x44, 0x65, 0x73, 0x63, 0x72, 0x69, 0x70, 0x74, 0x6f, 0x72, 0x46, 0x6f, 0x72, 0x54, 0x79, 0x70
.byte 0x65, 0x40, 0x56, 0x50, 0x53, 0x61, 0x6d, 0x70, 0x6c, 0x65, 0x72, 0x53, 0x74, 0x61, 0x74, 0x65
.byte 0x40, 0x50, 0x52, 0x65, 0x6e, 0x64, 0x65, 0x72, 0x69, 0x6e, 0x67, 0x40, 0x50, 0x68, 0x79, 0x72
.byte 0x65, 0x40, 0x40, 0x40, 0x50, 0x68, 0x79, 0x72, 0x65, 0x40, 0x40, 0x00
.globl _sym_00c14bb8
_sym_00c14bb8:
.long _sym_00b69fe8
.byte 0x00, 0x00, 0x00, 0x00, 0x2e, 0x3f, 0x41, 0x56, 0x3f, 0x24, 0x50, 0x4d, 0x65, 0x74, 0x68, 0x6f
.byte 0x64, 0x43, 0x61, 0x6c, 0x6c, 0x65, 0x72, 0x43, 0x6f, 0x6e, 0x63, 0x72, 0x65, 0x74, 0x65, 0x40
.byte 0x56, 0x50, 0x53, 0x61, 0x6d, 0x70, 0x6c, 0x65, 0x72, 0x53, 0x74, 0x61, 0x74, 0x65, 0x42, 0x61
.byte 0x73, 0x65, 0x40, 0x50, 0x52, 0x65, 0x6e, 0x64, 0x65, 0x72, 0x69, 0x6e, 0x67, 0x40, 0x50, 0x68
.byte 0x79, 0x72, 0x65, 0x40, 0x40, 0x57, 0x34, 0x50, 0x52, 0x65, 0x73, 0x75, 0x6c, 0x74, 0x40, 0x33
.byte 0x40, 0x57, 0x34, 0x50, 0x53, 0x61, 0x6d, 0x70, 0x6c, 0x65, 0x72, 0x53, 0x74, 0x61, 0x74, 0x65
.byte 0x46, 0x69, 0x6c, 0x74, 0x65, 0x72, 0x46, 0x6f, 0x72, 0x6d, 0x61, 0x74, 0x54, 0x79, 0x70, 0x65
.byte 0x40, 0x31, 0x32, 0x33, 0x40, 0x40, 0x50, 0x43, 0x61, 0x6c, 0x6c, 0x65, 0x72, 0x49, 0x6d, 0x70
.byte 0x6c, 0x65, 0x6d, 0x65, 0x6e, 0x74, 0x61, 0x74, 0x69, 0x6f, 0x6e, 0x31, 0x40, 0x50, 0x43, 0x61
.byte 0x6c, 0x6c, 0x65, 0x72, 0x49, 0x6d, 0x70, 0x6c, 0x65, 0x6d, 0x65, 0x6e, 0x74, 0x61, 0x74, 0x69
.byte 0x6f, 0x6e, 0x40, 0x50, 0x49, 0x6e, 0x74, 0x65, 0x72, 0x6e, 0x61, 0x6c, 0x40, 0x50, 0x68, 0x79
.byte 0x72, 0x65, 0x40, 0x40, 0x00, 0x00, 0x00, 0x00, 0x00, 0x00, 0x00, 0x00
.globl _sym_00c14c78
_sym_00c14c78:
.long _sym_00b69fe8
.byte 0x00, 0x00, 0x00, 0x00, 0x2e, 0x3f, 0x41, 0x56, 0x3f, 0x24, 0x50, 0x4d, 0x65, 0x74, 0x68, 0x6f
.byte 0x64, 0x43, 0x61, 0x6c, 0x6c, 0x65, 0x72, 0x43, 0x6f, 0x6e, 0x63, 0x72, 0x65, 0x74, 0x65, 0x40
.byte 0x56, 0x50, 0x53, 0x61, 0x6d, 0x70, 0x6c, 0x65, 0x72, 0x53, 0x74, 0x61, 0x74, 0x65, 0x42, 0x61
.byte 0x73, 0x65, 0x40, 0x50, 0x52, 0x65, 0x6e, 0x64, 0x65, 0x72, 0x69, 0x6e, 0x67, 0x40, 0x50, 0x68
.byte 0x79, 0x72, 0x65, 0x40, 0x40, 0x57, 0x34, 0x50, 0x52, 0x65, 0x73, 0x75, 0x6c, 0x74, 0x40, 0x33
.byte 0x40, 0x57, 0x34, 0x50, 0x53, 0x61, 0x6d, 0x70, 0x6c, 0x65, 0x72, 0x53, 0x74, 0x61, 0x74, 0x65
.byte 0x57, 0x72, 0x61, 0x70, 0x46, 0x6f, 0x72, 0x6d, 0x61, 0x74, 0x54, 0x79, 0x70, 0x65, 0x40, 0x31
.byte 0x32, 0x33, 0x40, 0x40, 0x50, 0x43, 0x61, 0x6c, 0x6c, 0x65, 0x72, 0x49, 0x6d, 0x70, 0x6c, 0x65
.byte 0x6d, 0x65, 0x6e, 0x74, 0x61, 0x74, 0x69, 0x6f, 0x6e, 0x31, 0x40, 0x50, 0x43, 0x61, 0x6c, 0x6c
.byte 0x65, 0x72, 0x49, 0x6d, 0x70, 0x6c, 0x65, 0x6d, 0x65, 0x6e, 0x74, 0x61, 0x74, 0x69, 0x6f, 0x6e
.byte 0x40, 0x50, 0x49, 0x6e, 0x74, 0x65, 0x72, 0x6e, 0x61, 0x6c, 0x40, 0x50, 0x68, 0x79, 0x72, 0x65
.byte 0x40, 0x40, 0x00, 0x00
.globl _sym_00c14d30
_sym_00c14d30:
.long _sym_00b69fe8
.byte 0x00, 0x00, 0x00, 0x00, 0x2e, 0x3f, 0x41, 0x56, 0x3f, 0x24, 0x50, 0x4d, 0x65, 0x74, 0x68, 0x6f
.byte 0x64, 0x43, 0x61, 0x6c, 0x6c, 0x65, 0x72, 0x43, 0x6f, 0x6e, 0x63, 0x72, 0x65, 0x74, 0x65, 0x40
.byte 0x56, 0x50, 0x53, 0x61, 0x6d, 0x70, 0x6c, 0x65, 0x72, 0x53, 0x74, 0x61, 0x74, 0x65, 0x42, 0x61
.byte 0x73, 0x65, 0x40, 0x50, 0x52, 0x65, 0x6e, 0x64, 0x65, 0x72, 0x69, 0x6e, 0x67, 0x40, 0x50, 0x68
.byte 0x79, 0x72, 0x65, 0x40, 0x40, 0x57, 0x34, 0x50, 0x52, 0x65, 0x73, 0x75, 0x6c, 0x74, 0x40, 0x33
.byte 0x40, 0x4d, 0x40, 0x50, 0x43, 0x61, 0x6c, 0x6c, 0x65, 0x72, 0x49, 0x6d, 0x70, 0x6c, 0x65, 0x6d
.byte 0x65, 0x6e, 0x74, 0x61, 0x74, 0x69, 0x6f, 0x6e, 0x31, 0x40, 0x50, 0x43, 0x61, 0x6c, 0x6c, 0x65
.byte 0x72, 0x49, 0x6d, 0x70, 0x6c, 0x65, 0x6d, 0x65, 0x6e, 0x74, 0x61, 0x74, 0x69, 0x6f, 0x6e, 0x40
.byte 0x50, 0x49, 0x6e, 0x74, 0x65, 0x72, 0x6e, 0x61, 0x6c, 0x40, 0x50, 0x68, 0x79, 0x72, 0x65, 0x40
.byte 0x40, 0x00, 0x00, 0x00
.globl _sym_00c14dc8
_sym_00c14dc8:
.long _sym_00b69fe8
.byte 0x00, 0x00, 0x00, 0x00, 0x2e, 0x3f, 0x41, 0x56, 0x3f, 0x24, 0x50, 0x4d, 0x65, 0x74, 0x68, 0x6f
.byte 0x64, 0x43, 0x61, 0x6c, 0x6c, 0x65, 0x72, 0x43, 0x6f, 0x6e, 0x63, 0x72, 0x65, 0x74, 0x65, 0x40
.byte 0x56, 0x50, 0x53, 0x61, 0x6d, 0x70, 0x6c, 0x65, 0x72, 0x53, 0x74, 0x61, 0x74, 0x65, 0x42, 0x61
.byte 0x73, 0x65, 0x40, 0x50, 0x52, 0x65, 0x6e, 0x64, 0x65, 0x72, 0x69, 0x6e, 0x67, 0x40, 0x50, 0x68
.byte 0x79, 0x72, 0x65, 0x40, 0x40, 0x57, 0x34, 0x50, 0x52, 0x65, 0x73, 0x75, 0x6c, 0x74, 0x40, 0x33
.byte 0x40, 0x49, 0x40, 0x50, 0x43, 0x61, 0x6c, 0x6c, 0x65, 0x72, 0x49, 0x6d, 0x70, 0x6c, 0x65, 0x6d
.byte 0x65, 0x6e, 0x74, 0x61, 0x74, 0x69, 0x6f, 0x6e, 0x31, 0x40, 0x50, 0x43, 0x61, 0x6c, 0x6c, 0x65
.byte 0x72, 0x49, 0x6d, 0x70, 0x6c, 0x65, 0x6d, 0x65, 0x6e, 0x74, 0x61, 0x74, 0x69, 0x6f, 0x6e, 0x40
.byte 0x50, 0x49, 0x6e, 0x74, 0x65, 0x72, 0x6e, 0x61, 0x6c, 0x40, 0x50, 0x68, 0x79, 0x72, 0x65, 0x40
.byte 0x40, 0x00, 0x00, 0x00
.globl _sym_00c14e60
_sym_00c14e60:
.long _sym_00b69fe8
.byte 0x00, 0x00, 0x00, 0x00, 0x2e, 0x3f, 0x41, 0x56, 0x3f, 0x24, 0x50, 0x4d, 0x65, 0x74, 0x68, 0x6f
.byte 0x64, 0x43, 0x61, 0x6c, 0x6c, 0x65, 0x72, 0x43, 0x6f, 0x6e, 0x63, 0x72, 0x65, 0x74, 0x65, 0x40
.byte 0x56, 0x50, 0x53, 0x61, 0x6d, 0x70, 0x6c, 0x65, 0x72, 0x53, 0x74, 0x61, 0x74, 0x65, 0x42, 0x61
.byte 0x73, 0x65, 0x40, 0x50, 0x52, 0x65, 0x6e, 0x64, 0x65, 0x72, 0x69, 0x6e, 0x67, 0x40, 0x50, 0x68
.byte 0x79, 0x72, 0x65, 0x40, 0x40, 0x57, 0x34, 0x50, 0x52, 0x65, 0x73, 0x75, 0x6c, 0x74, 0x40, 0x33
.byte 0x40, 0x5f, 0x4e, 0x40, 0x50, 0x43, 0x61, 0x6c, 0x6c, 0x65, 0x72, 0x49, 0x6d, 0x70, 0x6c, 0x65
.byte 0x6d, 0x65, 0x6e, 0x74, 0x61, 0x74, 0x69, 0x6f, 0x6e, 0x31, 0x40, 0x50, 0x43, 0x61, 0x6c, 0x6c
.byte 0x65, 0x72, 0x49, 0x6d, 0x70, 0x6c, 0x65, 0x6d, 0x65, 0x6e, 0x74, 0x61, 0x74, 0x69, 0x6f, 0x6e
.byte 0x40, 0x50, 0x49, 0x6e, 0x74, 0x65, 0x72, 0x6e, 0x61, 0x6c, 0x40, 0x50, 0x68, 0x79, 0x72, 0x65
.byte 0x40, 0x40, 0x00, 0x00
.globl _sym_00c14ef8
_sym_00c14ef8:
.long _sym_00b69fe8
.byte 0x00, 0x00, 0x00, 0x00, 0x2e, 0x3f, 0x41, 0x56, 0x3f, 0x24, 0x50, 0x4e, 0x61, 0x6d, 0x65, 0x64
.byte 0x53, 0x65, 0x6d, 0x61, 0x6e, 0x74, 0x69, 0x63, 0x44, 0x65, 0x73, 0x63, 0x72, 0x69, 0x70, 0x74
.byte 0x6f, 0x72, 0x46, 0x6f, 0x72, 0x54, 0x79, 0x70, 0x65, 0x40, 0x56, 0x50, 0x54, 0x65, 0x78, 0x74
.byte 0x75, 0x72, 0x65, 0x46, 0x6f, 0x72, 0x6d, 0x61, 0x74, 0x42, 0x61, 0x73, 0x65, 0x40, 0x50, 0x52
.byte 0x65, 0x6e, 0x64, 0x65, 0x72, 0x69, 0x6e, 0x67, 0x40, 0x50, 0x68, 0x79, 0x72, 0x65, 0x40, 0x40
.byte 0x40, 0x50, 0x68, 0x79, 0x72, 0x65, 0x40, 0x40, 0x00, 0x00, 0x00, 0x00
.globl _sym_00c14f58
_sym_00c14f58:
.long _sym_00b69fe8
.byte 0x00, 0x00, 0x00, 0x00, 0x2e, 0x3f, 0x41, 0x56, 0x3f, 0x24, 0x50, 0x43, 0x6c, 0x61, 0x73, 0x73
.byte 0x44, 0x65, 0x73, 0x63, 0x72, 0x69, 0x70, 0x74, 0x6f, 0x72, 0x43, 0x6f, 0x6e, 0x63, 0x72, 0x65
.byte 0x74, 0x65, 0x40, 0x56, 0x50, 0x54, 0x65, 0x78, 0x74, 0x75, 0x72, 0x65, 0x43, 0x6f, 0x6d, 0x6d
.byte 0x6f, 0x6e, 0x42, 0x61, 0x73, 0x65, 0x40, 0x50, 0x52, 0x65, 0x6e, 0x64, 0x65, 0x72, 0x69, 0x6e
.byte 0x67, 0x40, 0x50, 0x68, 0x79, 0x72, 0x65, 0x40, 0x40, 0x40, 0x50, 0x68, 0x79, 0x72, 0x65, 0x40
.byte 0x40, 0x00, 0x00, 0x00
.globl _sym_00c14fb0
_sym_00c14fb0:
.long _sym_00b69fe8
.byte 0x00, 0x00, 0x00, 0x00, 0x2e, 0x3f, 0x41, 0x56, 0x3f, 0x24, 0x50, 0x43, 0x6c, 0x61, 0x73, 0x73
.byte 0x44, 0x65, 0x73, 0x63, 0x72, 0x69, 0x70, 0x74, 0x6f, 0x72, 0x41, 0x62, 0x73, 0x74, 0x72, 0x61
.byte 0x63, 0x74, 0x40, 0x56, 0x50, 0x54, 0x65, 0x78, 0x74, 0x75, 0x72, 0x65, 0x43, 0x6f, 0x6d, 0x6d
.byte 0x6f, 0x6e, 0x42, 0x61, 0x73, 0x65, 0x40, 0x50, 0x52, 0x65, 0x6e, 0x64, 0x65, 0x72, 0x69, 0x6e
.byte 0x67, 0x40, 0x50, 0x68, 0x79, 0x72, 0x65, 0x40, 0x40, 0x40, 0x50, 0x68, 0x79, 0x72, 0x65, 0x40
.byte 0x40, 0x00, 0x00, 0x00
.globl _sym_00c15008
_sym_00c15008:
.long _sym_00b69fe8
.byte 0x00, 0x00, 0x00, 0x00, 0x2e, 0x3f, 0x41, 0x56, 0x3f, 0x24, 0x50, 0x43, 0x6c, 0x61, 0x73, 0x73
.byte 0x44, 0x65, 0x73, 0x63, 0x72, 0x69, 0x70, 0x74, 0x6f, 0x72, 0x46, 0x6f, 0x72, 0x54, 0x79, 0x70
.byte 0x65, 0x40, 0x56, 0x50, 0x54, 0x65, 0x78, 0x74, 0x75, 0x72, 0x65, 0x43, 0x6f, 0x6d, 0x6d, 0x6f
.byte 0x6e, 0x42, 0x61, 0x73, 0x65, 0x40, 0x50, 0x52, 0x65, 0x6e, 0x64, 0x65, 0x72, 0x69, 0x6e, 0x67
.byte 0x40, 0x50, 0x68, 0x79, 0x72, 0x65, 0x40, 0x40, 0x40, 0x50, 0x68, 0x79, 0x72, 0x65, 0x40, 0x40
.byte 0x00, 0x00, 0x00, 0x00
.globl _sym_00c15060
_sym_00c15060:
.long _sym_00b69fe8
.byte 0x00, 0x00, 0x00, 0x00, 0x2e, 0x3f, 0x41, 0x56, 0x3f, 0x24, 0x50, 0x4d, 0x65, 0x74, 0x68, 0x6f
.byte 0x64, 0x43, 0x61, 0x6c, 0x6c, 0x65, 0x72, 0x43, 0x6f, 0x6e, 0x63, 0x72, 0x65, 0x74, 0x65, 0x40
.byte 0x56, 0x50, 0x54, 0x65, 0x78, 0x74, 0x75, 0x72, 0x65, 0x43, 0x6f, 0x6d, 0x6d, 0x6f, 0x6e, 0x42
.byte 0x61, 0x73, 0x65, 0x40, 0x50, 0x52, 0x65, 0x6e, 0x64, 0x65, 0x72, 0x69, 0x6e, 0x67, 0x40, 0x50
.byte 0x68, 0x79, 0x72, 0x65, 0x40, 0x40, 0x50, 0x42, 0x44, 0x40, 0x50, 0x43, 0x61, 0x6c, 0x6c, 0x65
.byte 0x72, 0x49, 0x6d, 0x70, 0x6c, 0x65, 0x6d, 0x65, 0x6e, 0x74, 0x61, 0x74, 0x69, 0x6f, 0x6e, 0x30
.byte 0x40, 0x50, 0x43, 0x61, 0x6c, 0x6c, 0x65, 0x72, 0x49, 0x6d, 0x70, 0x6c, 0x65, 0x6d, 0x65, 0x6e
.byte 0x74, 0x61, 0x74, 0x69, 0x6f, 0x6e, 0x40, 0x50, 0x49, 0x6e, 0x74, 0x65, 0x72, 0x6e, 0x61, 0x6c
.byte 0x40, 0x50, 0x68, 0x79, 0x72, 0x65, 0x40, 0x40, 0x00, 0x00, 0x00, 0x00
.globl _sym_00c150f0
_sym_00c150f0:
.long _sym_00b69fe8
.byte 0x00, 0x00, 0x00, 0x00, 0x2e, 0x3f, 0x41, 0x56, 0x3f, 0x24, 0x50, 0x43, 0x6c, 0x61, 0x73, 0x73
.byte 0x44, 0x65, 0x73, 0x63, 0x72, 0x69, 0x70, 0x74, 0x6f, 0x72, 0x43, 0x6f, 0x6e, 0x63, 0x72, 0x65
.byte 0x74, 0x65, 0x40, 0x56, 0x50, 0x54, 0x65, 0x78, 0x74, 0x75, 0x72, 0x65, 0x32, 0x44, 0x42, 0x61
.byte 0x73, 0x65, 0x40, 0x50, 0x52, 0x65, 0x6e, 0x64, 0x65, 0x72, 0x69, 0x6e, 0x67, 0x40, 0x50, 0x68
.byte 0x79, 0x72, 0x65, 0x40, 0x40, 0x40, 0x50, 0x68, 0x79, 0x72, 0x65, 0x40, 0x40, 0x00, 0x00, 0x00
.byte 0x00, 0x00, 0x00, 0x00
.globl _sym_00c15148
_sym_00c15148:
.long _sym_00b69fe8
.byte 0x00, 0x00, 0x00, 0x00, 0x2e, 0x3f, 0x41, 0x56, 0x3f, 0x24, 0x50, 0x43, 0x6c, 0x61, 0x73, 0x73
.byte 0x44, 0x65, 0x73, 0x63, 0x72, 0x69, 0x70, 0x74, 0x6f, 0x72, 0x41, 0x62, 0x73, 0x74, 0x72, 0x61
.byte 0x63, 0x74, 0x40, 0x56, 0x50, 0x54, 0x65, 0x78, 0x74, 0x75, 0x72, 0x65, 0x32, 0x44, 0x42, 0x61
.byte 0x73, 0x65, 0x40, 0x50, 0x52, 0x65, 0x6e, 0x64, 0x65, 0x72, 0x69, 0x6e, 0x67, 0x40, 0x50, 0x68
.byte 0x79, 0x72, 0x65, 0x40, 0x40, 0x40, 0x50, 0x68, 0x79, 0x72, 0x65, 0x40, 0x40, 0x00, 0x00, 0x00
.byte 0x00, 0x00, 0x00, 0x00
.globl _sym_00c151a0
_sym_00c151a0:
.long _sym_00b69fe8
.byte 0x00, 0x00, 0x00, 0x00, 0x2e, 0x3f, 0x41, 0x56, 0x3f, 0x24, 0x50, 0x43, 0x6c, 0x61, 0x73, 0x73
.byte 0x44, 0x65, 0x73, 0x63, 0x72, 0x69, 0x70, 0x74, 0x6f, 0x72, 0x46, 0x6f, 0x72, 0x54, 0x79, 0x70
.byte 0x65, 0x40, 0x56, 0x50, 0x54, 0x65, 0x78, 0x74, 0x75, 0x72, 0x65, 0x32, 0x44, 0x42, 0x61, 0x73
.byte 0x65, 0x40, 0x50, 0x52, 0x65, 0x6e, 0x64, 0x65, 0x72, 0x69, 0x6e, 0x67, 0x40, 0x50, 0x68, 0x79
.byte 0x72, 0x65, 0x40, 0x40, 0x40, 0x50, 0x68, 0x79, 0x72, 0x65, 0x40, 0x40, 0x00, 0x00, 0x00, 0x00
.byte 0x00, 0x00, 0x00, 0x00
.globl _sym_00c151f8
_sym_00c151f8:
.long _sym_00b69fe8
.byte 0x00, 0x00, 0x00, 0x00, 0x2e, 0x3f, 0x41, 0x56, 0x3f, 0x24, 0x50, 0x43, 0x6c, 0x61, 0x73, 0x73
.byte 0x44, 0x65, 0x73, 0x63, 0x72, 0x69, 0x70, 0x74, 0x6f, 0x72, 0x43, 0x6f, 0x6e, 0x63, 0x72, 0x65
.byte 0x74, 0x65, 0x40, 0x56, 0x50, 0x54, 0x65, 0x78, 0x74, 0x75, 0x72, 0x65, 0x32, 0x44, 0x40, 0x50
.byte 0x52, 0x65, 0x6e, 0x64, 0x65, 0x72, 0x69, 0x6e, 0x67, 0x40, 0x50, 0x68, 0x79, 0x72, 0x65, 0x40
.byte 0x40, 0x40, 0x50, 0x68, 0x79, 0x72, 0x65, 0x40, 0x40, 0x00, 0x00, 0x00
.globl _sym_00c15248
_sym_00c15248:
.long _sym_00b69fe8
.byte 0x00, 0x00, 0x00, 0x00, 0x2e, 0x3f, 0x41, 0x56, 0x3f, 0x24, 0x50, 0x43, 0x6c, 0x61, 0x73, 0x73
.byte 0x44, 0x65, 0x73, 0x63, 0x72, 0x69, 0x70, 0x74, 0x6f, 0x72, 0x41, 0x62, 0x73, 0x74, 0x72, 0x61
.byte 0x63, 0x74, 0x40, 0x56, 0x50, 0x54, 0x65, 0x78, 0x74, 0x75, 0x72, 0x65, 0x32, 0x44, 0x40, 0x50
.byte 0x52, 0x65, 0x6e, 0x64, 0x65, 0x72, 0x69, 0x6e, 0x67, 0x40, 0x50, 0x68, 0x79, 0x72, 0x65, 0x40
.byte 0x40, 0x40, 0x50, 0x68, 0x79, 0x72, 0x65, 0x40, 0x40, 0x00, 0x00, 0x00
.globl _sym_00c15298
_sym_00c15298:
.long _sym_00b69fe8
.byte 0x00, 0x00, 0x00, 0x00, 0x2e, 0x3f, 0x41, 0x56, 0x3f, 0x24, 0x50, 0x43, 0x6c, 0x61, 0x73, 0x73
.byte 0x44, 0x65, 0x73, 0x63, 0x72, 0x69, 0x70, 0x74, 0x6f, 0x72, 0x46, 0x6f, 0x72, 0x54, 0x79, 0x70
.byte 0x65, 0x40, 0x56, 0x50, 0x54, 0x65, 0x78, 0x74, 0x75, 0x72, 0x65, 0x32, 0x44, 0x40, 0x50, 0x52
.byte 0x65, 0x6e, 0x64, 0x65, 0x72, 0x69, 0x6e, 0x67, 0x40, 0x50, 0x68, 0x79, 0x72, 0x65, 0x40, 0x40
.byte 0x40, 0x50, 0x68, 0x79, 0x72, 0x65, 0x40, 0x40, 0x00, 0x00, 0x00, 0x00
.globl _sym_00c152e8
_sym_00c152e8:
.long _sym_00b69fe8
.byte 0x00, 0x00, 0x00, 0x00, 0x2e, 0x3f, 0x41, 0x56, 0x3f, 0x24, 0x50, 0x43, 0x6c, 0x61, 0x73, 0x73
.byte 0x44, 0x65, 0x73, 0x63, 0x72, 0x69, 0x70, 0x74, 0x6f, 0x72, 0x43, 0x6f, 0x6e, 0x63, 0x72, 0x65
.byte 0x74, 0x65, 0x40, 0x56, 0x50, 0x54, 0x65, 0x78, 0x74, 0x75, 0x72, 0x65, 0x33, 0x44, 0x42, 0x61
.byte 0x73, 0x65, 0x40, 0x50, 0x52, 0x65, 0x6e, 0x64, 0x65, 0x72, 0x69, 0x6e, 0x67, 0x40, 0x50, 0x68
.byte 0x79, 0x72, 0x65, 0x40, 0x40, 0x40, 0x50, 0x68, 0x79, 0x72, 0x65, 0x40, 0x40, 0x00, 0x00, 0x00
.byte 0x00, 0x00, 0x00, 0x00
.globl _sym_00c15340
_sym_00c15340:
.long _sym_00b69fe8
.byte 0x00, 0x00, 0x00, 0x00, 0x2e, 0x3f, 0x41, 0x56, 0x3f, 0x24, 0x50, 0x43, 0x6c, 0x61, 0x73, 0x73
.byte 0x44, 0x65, 0x73, 0x63, 0x72, 0x69, 0x70, 0x74, 0x6f, 0x72, 0x41, 0x62, 0x73, 0x74, 0x72, 0x61
.byte 0x63, 0x74, 0x40, 0x56, 0x50, 0x54, 0x65, 0x78, 0x74, 0x75, 0x72, 0x65, 0x33, 0x44, 0x42, 0x61
.byte 0x73, 0x65, 0x40, 0x50, 0x52, 0x65, 0x6e, 0x64, 0x65, 0x72, 0x69, 0x6e, 0x67, 0x40, 0x50, 0x68
.byte 0x79, 0x72, 0x65, 0x40, 0x40, 0x40, 0x50, 0x68, 0x79, 0x72, 0x65, 0x40, 0x40, 0x00, 0x00, 0x00
.byte 0x00, 0x00, 0x00, 0x00
.globl _sym_00c15398
_sym_00c15398:
.long _sym_00b69fe8
.byte 0x00, 0x00, 0x00, 0x00, 0x2e, 0x3f, 0x41, 0x56, 0x3f, 0x24, 0x50, 0x43, 0x6c, 0x61, 0x73, 0x73
.byte 0x44, 0x65, 0x73, 0x63, 0x72, 0x69, 0x70, 0x74, 0x6f, 0x72, 0x46, 0x6f, 0x72, 0x54, 0x79, 0x70
.byte 0x65, 0x40, 0x56, 0x50, 0x54, 0x65, 0x78, 0x74, 0x75, 0x72, 0x65, 0x33, 0x44, 0x42, 0x61, 0x73
.byte 0x65, 0x40, 0x50, 0x52, 0x65, 0x6e, 0x64, 0x65, 0x72, 0x69, 0x6e, 0x67, 0x40, 0x50, 0x68, 0x79
.byte 0x72, 0x65, 0x40, 0x40, 0x40, 0x50, 0x68, 0x79, 0x72, 0x65, 0x40, 0x40, 0x00, 0x00, 0x00, 0x00
.byte 0x00, 0x00, 0x00, 0x00
.globl _sym_00c153f0
_sym_00c153f0:
.long _sym_00b69fe8
.byte 0x00, 0x00, 0x00, 0x00, 0x2e, 0x3f, 0x41, 0x56, 0x3f, 0x24, 0x50, 0x43, 0x6c, 0x61, 0x73, 0x73
.byte 0x44, 0x65, 0x73, 0x63, 0x72, 0x69, 0x70, 0x74, 0x6f, 0x72, 0x43, 0x6f, 0x6e, 0x63, 0x72, 0x65
.byte 0x74, 0x65, 0x40, 0x56, 0x50, 0x54, 0x65, 0x78, 0x74, 0x75, 0x72, 0x65, 0x33, 0x44, 0x40, 0x50
.byte 0x52, 0x65, 0x6e, 0x64, 0x65, 0x72, 0x69, 0x6e, 0x67, 0x40, 0x50, 0x68, 0x79, 0x72, 0x65, 0x40
.byte 0x40, 0x40, 0x50, 0x68, 0x79, 0x72, 0x65, 0x40, 0x40, 0x00, 0x00, 0x00
.globl _sym_00c15440
_sym_00c15440:
.long _sym_00b69fe8
.byte 0x00, 0x00, 0x00, 0x00, 0x2e, 0x3f, 0x41, 0x56, 0x3f, 0x24, 0x50, 0x43, 0x6c, 0x61, 0x73, 0x73
.byte 0x44, 0x65, 0x73, 0x63, 0x72, 0x69, 0x70, 0x74, 0x6f, 0x72, 0x41, 0x62, 0x73, 0x74, 0x72, 0x61
.byte 0x63, 0x74, 0x40, 0x56, 0x50, 0x54, 0x65, 0x78, 0x74, 0x75, 0x72, 0x65, 0x33, 0x44, 0x40, 0x50
.byte 0x52, 0x65, 0x6e, 0x64, 0x65, 0x72, 0x69, 0x6e, 0x67, 0x40, 0x50, 0x68, 0x79, 0x72, 0x65, 0x40
.byte 0x40, 0x40, 0x50, 0x68, 0x79, 0x72, 0x65, 0x40, 0x40, 0x00, 0x00, 0x00
.globl _sym_00c15490
_sym_00c15490:
.long _sym_00b69fe8
.byte 0x00, 0x00, 0x00, 0x00, 0x2e, 0x3f, 0x41, 0x56, 0x3f, 0x24, 0x50, 0x43, 0x6c, 0x61, 0x73, 0x73
.byte 0x44, 0x65, 0x73, 0x63, 0x72, 0x69, 0x70, 0x74, 0x6f, 0x72, 0x46, 0x6f, 0x72, 0x54, 0x79, 0x70
.byte 0x65, 0x40, 0x56, 0x50, 0x54, 0x65, 0x78, 0x74, 0x75, 0x72, 0x65, 0x33, 0x44, 0x40, 0x50, 0x52
.byte 0x65, 0x6e, 0x64, 0x65, 0x72, 0x69, 0x6e, 0x67, 0x40, 0x50, 0x68, 0x79, 0x72, 0x65, 0x40, 0x40
.byte 0x40, 0x50, 0x68, 0x79, 0x72, 0x65, 0x40, 0x40, 0x00, 0x00, 0x00, 0x00
.globl _sym_00c154e0
_sym_00c154e0:
.long _sym_00b69fe8
.byte 0x00, 0x00, 0x00, 0x00, 0x2e, 0x3f, 0x41, 0x56, 0x3f, 0x24, 0x50, 0x43, 0x6c, 0x61, 0x73, 0x73
.byte 0x44, 0x65, 0x73, 0x63, 0x72, 0x69, 0x70, 0x74, 0x6f, 0x72, 0x43, 0x6f, 0x6e, 0x63, 0x72, 0x65
.byte 0x74, 0x65, 0x40, 0x56, 0x50, 0x54, 0x65, 0x78, 0x74, 0x75, 0x72, 0x65, 0x43, 0x75, 0x62, 0x65
.byte 0x4d, 0x61, 0x70, 0x42, 0x61, 0x73, 0x65, 0x40, 0x50, 0x52, 0x65, 0x6e, 0x64, 0x65, 0x72, 0x69
.byte 0x6e, 0x67, 0x40, 0x50, 0x68, 0x79, 0x72, 0x65, 0x40, 0x40, 0x40, 0x50, 0x68, 0x79, 0x72, 0x65
.byte 0x40, 0x40, 0x00, 0x00
.globl _sym_00c15538
_sym_00c15538:
.long _sym_00b69fe8
.byte 0x00, 0x00, 0x00, 0x00, 0x2e, 0x3f, 0x41, 0x56, 0x3f, 0x24, 0x50, 0x43, 0x6c, 0x61, 0x73, 0x73
.byte 0x44, 0x65, 0x73, 0x63, 0x72, 0x69, 0x70, 0x74, 0x6f, 0x72, 0x41, 0x62, 0x73, 0x74, 0x72, 0x61
.byte 0x63, 0x74, 0x40, 0x56, 0x50, 0x54, 0x65, 0x78, 0x74, 0x75, 0x72, 0x65, 0x43, 0x75, 0x62, 0x65
.byte 0x4d, 0x61, 0x70, 0x42, 0x61, 0x73, 0x65, 0x40, 0x50, 0x52, 0x65, 0x6e, 0x64, 0x65, 0x72, 0x69
.byte 0x6e, 0x67, 0x40, 0x50, 0x68, 0x79, 0x72, 0x65, 0x40, 0x40, 0x40, 0x50, 0x68, 0x79, 0x72, 0x65
.byte 0x40, 0x40, 0x00, 0x00
.globl _sym_00c15590
_sym_00c15590:
.long _sym_00b69fe8
.byte 0x00, 0x00, 0x00, 0x00, 0x2e, 0x3f, 0x41, 0x56, 0x3f, 0x24, 0x50, 0x43, 0x6c, 0x61, 0x73, 0x73
.byte 0x44, 0x65, 0x73, 0x63, 0x72, 0x69, 0x70, 0x74, 0x6f, 0x72, 0x46, 0x6f, 0x72, 0x54, 0x79, 0x70
.byte 0x65, 0x40, 0x56, 0x50, 0x54, 0x65, 0x78, 0x74, 0x75, 0x72, 0x65, 0x43, 0x75, 0x62, 0x65, 0x4d
.byte 0x61, 0x70, 0x42, 0x61, 0x73, 0x65, 0x40, 0x50, 0x52, 0x65, 0x6e, 0x64, 0x65, 0x72, 0x69, 0x6e
.byte 0x67, 0x40, 0x50, 0x68, 0x79, 0x72, 0x65, 0x40, 0x40, 0x40, 0x50, 0x68, 0x79, 0x72, 0x65, 0x40
.byte 0x40, 0x00, 0x00, 0x00
.globl _sym_00c155e8
_sym_00c155e8:
.long _sym_00b69fe8
.byte 0x00, 0x00, 0x00, 0x00, 0x2e, 0x3f, 0x41, 0x56, 0x3f, 0x24, 0x50, 0x43, 0x6c, 0x61, 0x73, 0x73
.byte 0x44, 0x65, 0x73, 0x63, 0x72, 0x69, 0x70, 0x74, 0x6f, 0x72, 0x43, 0x6f, 0x6e, 0x63, 0x72, 0x65
.byte 0x74, 0x65, 0x40, 0x56, 0x50, 0x54, 0x65, 0x78, 0x74, 0x75, 0x72, 0x65, 0x43, 0x75, 0x62, 0x65
.byte 0x4d, 0x61, 0x70, 0x40, 0x50, 0x52, 0x65, 0x6e, 0x64, 0x65, 0x72, 0x69, 0x6e, 0x67, 0x40, 0x50
.byte 0x68, 0x79, 0x72, 0x65, 0x40, 0x40, 0x40, 0x50, 0x68, 0x79, 0x72, 0x65, 0x40, 0x40, 0x00, 0x00
.byte 0x00, 0x00, 0x00, 0x00
.globl _sym_00c15640
_sym_00c15640:
.long _sym_00b69fe8
.byte 0x00, 0x00, 0x00, 0x00, 0x2e, 0x3f, 0x41, 0x56, 0x3f, 0x24, 0x50, 0x43, 0x6c, 0x61, 0x73, 0x73
.byte 0x44, 0x65, 0x73, 0x63, 0x72, 0x69, 0x70, 0x74, 0x6f, 0x72, 0x41, 0x62, 0x73, 0x74, 0x72, 0x61
.byte 0x63, 0x74, 0x40, 0x56, 0x50, 0x54, 0x65, 0x78, 0x74, 0x75, 0x72, 0x65, 0x43, 0x75, 0x62, 0x65
.byte 0x4d, 0x61, 0x70, 0x40, 0x50, 0x52, 0x65, 0x6e, 0x64, 0x65, 0x72, 0x69, 0x6e, 0x67, 0x40, 0x50
.byte 0x68, 0x79, 0x72, 0x65, 0x40, 0x40, 0x40, 0x50, 0x68, 0x79, 0x72, 0x65, 0x40, 0x40, 0x00, 0x00
.byte 0x00, 0x00, 0x00, 0x00
.globl _sym_00c15698
_sym_00c15698:
.long _sym_00b69fe8
.byte 0x00, 0x00, 0x00, 0x00, 0x2e, 0x3f, 0x41, 0x56, 0x3f, 0x24, 0x50, 0x43, 0x6c, 0x61, 0x73, 0x73
.byte 0x44, 0x65, 0x73, 0x63, 0x72, 0x69, 0x70, 0x74, 0x6f, 0x72, 0x46, 0x6f, 0x72, 0x54, 0x79, 0x70
.byte 0x65, 0x40, 0x56, 0x50, 0x54, 0x65, 0x78, 0x74, 0x75, 0x72, 0x65, 0x43, 0x75, 0x62, 0x65, 0x4d
.byte 0x61, 0x70, 0x40, 0x50, 0x52, 0x65, 0x6e, 0x64, 0x65, 0x72, 0x69, 0x6e, 0x67, 0x40, 0x50, 0x68
.byte 0x79, 0x72, 0x65, 0x40, 0x40, 0x40, 0x50, 0x68, 0x79, 0x72, 0x65, 0x40, 0x40, 0x00, 0x00, 0x00
.byte 0x00, 0x00, 0x00, 0x00
.globl _sym_00c156f0
_sym_00c156f0:
.long _sym_00b69fe8
.byte 0x00, 0x00, 0x00, 0x00, 0x2e, 0x3f, 0x41, 0x56, 0x3f, 0x24, 0x50, 0x43, 0x6c, 0x61, 0x73, 0x73
.byte 0x44, 0x65, 0x73, 0x63, 0x72, 0x69, 0x70, 0x74, 0x6f, 0x72, 0x41, 0x62, 0x73, 0x74, 0x72, 0x61
.byte 0x63, 0x74, 0x40, 0x56, 0x50, 0x52, 0x65, 0x6e, 0x64, 0x65, 0x72, 0x54, 0x61, 0x72, 0x67, 0x65
.byte 0x74, 0x42, 0x61, 0x73, 0x65, 0x40, 0x50, 0x52, 0x65, 0x6e, 0x64, 0x65, 0x72, 0x69, 0x6e, 0x67
.byte 0x40, 0x50, 0x68, 0x79, 0x72, 0x65, 0x40, 0x40, 0x40, 0x50, 0x68, 0x79, 0x72, 0x65, 0x40, 0x40
.byte 0x00, 0x00, 0x00, 0x00
.globl _sym_00c15748
_sym_00c15748:
.long _sym_00b69fe8
.byte 0x00, 0x00, 0x00, 0x00, 0x2e, 0x3f, 0x41, 0x56, 0x3f, 0x24, 0x50, 0x43, 0x6c, 0x61, 0x73, 0x73
.byte 0x44, 0x65, 0x73, 0x63, 0x72, 0x69, 0x70, 0x74, 0x6f, 0x72, 0x46, 0x6f, 0x72, 0x54, 0x79, 0x70
.byte 0x65, 0x40, 0x56, 0x50, 0x52, 0x65, 0x6e, 0x64, 0x65, 0x72, 0x54, 0x61, 0x72, 0x67, 0x65, 0x74
.byte 0x42, 0x61, 0x73, 0x65, 0x40, 0x50, 0x52, 0x65, 0x6e, 0x64, 0x65, 0x72, 0x69, 0x6e, 0x67, 0x40
.byte 0x50, 0x68, 0x79, 0x72, 0x65, 0x40, 0x40, 0x40, 0x50, 0x68, 0x79, 0x72, 0x65, 0x40, 0x40, 0x00
.byte 0x00, 0x00, 0x00, 0x00
.globl _sym_00c157a0
_sym_00c157a0:
.long _sym_00b69fe8
.byte 0x00, 0x00, 0x00, 0x00, 0x2e, 0x3f, 0x41, 0x56, 0x3f, 0x24, 0x50, 0x43, 0x6c, 0x61, 0x73, 0x73
.byte 0x44, 0x65, 0x73, 0x63, 0x72, 0x69, 0x70, 0x74, 0x6f, 0x72, 0x57, 0x69, 0x74, 0x68, 0x6f, 0x75
.byte 0x74, 0x44, 0x65, 0x66, 0x61, 0x75, 0x6c, 0x74, 0x43, 0x6f, 0x6e, 0x73, 0x74, 0x72, 0x75, 0x63
.byte 0x74, 0x6f, 0x72, 0x40, 0x56, 0x50, 0x52, 0x65, 0x6e, 0x64, 0x65, 0x72, 0x54, 0x61, 0x72, 0x67
.byte 0x65, 0x74, 0x40, 0x50, 0x52, 0x65, 0x6e, 0x64, 0x65, 0x72, 0x69, 0x6e, 0x67, 0x40, 0x50, 0x68
.byte 0x79, 0x72, 0x65, 0x40, 0x40, 0x40, 0x50, 0x68, 0x79, 0x72, 0x65, 0x40, 0x40, 0x00, 0x00, 0x00
.byte 0x00, 0x00, 0x00, 0x00
.globl _sym_00c15808
_sym_00c15808:
.long _sym_00b69fe8
.byte 0x00, 0x00, 0x00, 0x00, 0x2e, 0x3f, 0x41, 0x56, 0x3f, 0x24, 0x50, 0x43, 0x6c, 0x61, 0x73, 0x73
.byte 0x44, 0x65, 0x73, 0x63, 0x72, 0x69, 0x70, 0x74, 0x6f, 0x72, 0x41, 0x62, 0x73, 0x74, 0x72, 0x61
.byte 0x63, 0x74, 0x40, 0x56, 0x50, 0x52, 0x65, 0x6e, 0x64, 0x65, 0x72, 0x54, 0x61, 0x72, 0x67, 0x65
.byte 0x74, 0x40, 0x50, 0x52, 0x65, 0x6e, 0x64, 0x65, 0x72, 0x69, 0x6e, 0x67, 0x40, 0x50, 0x68, 0x79
.byte 0x72, 0x65, 0x40, 0x40, 0x40, 0x50, 0x68, 0x79, 0x72, 0x65, 0x40, 0x40, 0x00, 0x00, 0x00, 0x00
.byte 0x00, 0x00, 0x00, 0x00
.globl _sym_00c15860
_sym_00c15860:
.long _sym_00b69fe8
.byte 0x00, 0x00, 0x00, 0x00, 0x2e, 0x3f, 0x41, 0x56, 0x3f, 0x24, 0x50, 0x43, 0x6c, 0x61, 0x73, 0x73
.byte 0x44, 0x65, 0x73, 0x63, 0x72, 0x69, 0x70, 0x74, 0x6f, 0x72, 0x46, 0x6f, 0x72, 0x54, 0x79, 0x70
.byte 0x65, 0x40, 0x56, 0x50, 0x52, 0x65, 0x6e, 0x64, 0x65, 0x72, 0x54, 0x61, 0x72, 0x67, 0x65, 0x74
.byte 0x40, 0x50, 0x52, 0x65, 0x6e, 0x64, 0x65, 0x72, 0x69, 0x6e, 0x67, 0x40, 0x50, 0x68, 0x79, 0x72
.byte 0x65, 0x40, 0x40, 0x40, 0x50, 0x68, 0x79, 0x72, 0x65, 0x40, 0x40, 0x00
.globl _sym_00c158b0
_sym_00c158b0:
.long _sym_00b1eb98
.long _sym_00b1ef6c
.globl _sym_00c158b8
_sym_00c158b8:
.byte 0x00, 0x00, 0x00, 0x00
.globl _sym_00c158bc
_sym_00c158bc:
.byte 0x00, 0x00, 0x00, 0x00
.globl _sym_00c158c0
_sym_00c158c0:
.byte 0x00, 0x00, 0x00, 0x00
.globl _sym_00c158c4
_sym_00c158c4:
.long _sym_00b1eb98
.long _sym_00b1ef78
.globl _sym_00c158cc
_sym_00c158cc:
.byte 0x00, 0x00, 0x00, 0x00
.globl _sym_00c158d0
_sym_00c158d0:
.byte 0x00, 0x00, 0x00, 0x00
.globl _sym_00c158d4
_sym_00c158d4:
.byte 0x00, 0x00, 0x00, 0x00
.globl _sym_00c158d8
_sym_00c158d8:
.long _sym_00b1eb98
.long _sym_00b1ef88
.globl _sym_00c158e0
_sym_00c158e0:
.byte 0x00, 0x00, 0x00, 0x00
.globl _sym_00c158e4
_sym_00c158e4:
.byte 0x00, 0x00, 0x00, 0x00
.globl _sym_00c158e8
_sym_00c158e8:
.byte 0x00, 0x00, 0x00, 0x00
.globl _sym_00c158ec
_sym_00c158ec:
.long _sym_00b1eb98
.long _sym_00b1ef9c
.globl _sym_00c158f4
_sym_00c158f4:
.byte 0x00, 0x00, 0x00, 0x00
.globl _sym_00c158f8
_sym_00c158f8:
.byte 0x00, 0x00, 0x00, 0x00
.globl _sym_00c158fc
_sym_00c158fc:
.byte 0x00, 0x00, 0x00, 0x00
.globl _sym_00c15900
_sym_00c15900:
.long _sym_00b69fe8
.byte 0x00, 0x00, 0x00, 0x00, 0x2e, 0x3f, 0x41, 0x56, 0x3f, 0x24, 0x50, 0x43, 0x6c, 0x61, 0x73, 0x73
.byte 0x44, 0x65, 0x73, 0x63, 0x72, 0x69, 0x70, 0x74, 0x6f, 0x72, 0x43, 0x6f, 0x6e, 0x63, 0x72, 0x65
.byte 0x74, 0x65, 0x40, 0x56, 0x50, 0x53, 0x68, 0x61, 0x64, 0x6f, 0x77, 0x43, 0x61, 0x73, 0x74, 0x65
.byte 0x72, 0x40, 0x50, 0x52, 0x65, 0x6e, 0x64, 0x65, 0x72, 0x69, 0x6e, 0x67, 0x40, 0x50, 0x68, 0x79
.byte 0x72, 0x65, 0x40, 0x40, 0x40, 0x50, 0x68, 0x79, 0x72, 0x65, 0x40, 0x40, 0x00, 0x00, 0x00, 0x00
.byte 0x00, 0x00, 0x00, 0x00
.globl _sym_00c15958
_sym_00c15958:
.long _sym_00b69fe8
.byte 0x00, 0x00, 0x00, 0x00, 0x2e, 0x3f, 0x41, 0x56, 0x3f, 0x24, 0x50, 0x43, 0x6c, 0x61, 0x73, 0x73
.byte 0x44, 0x65, 0x73, 0x63, 0x72, 0x69, 0x70, 0x74, 0x6f, 0x72, 0x41, 0x62, 0x73, 0x74, 0x72, 0x61
.byte 0x63, 0x74, 0x40, 0x56, 0x50, 0x53, 0x68, 0x61, 0x64, 0x6f, 0x77, 0x43, 0x61, 0x73, 0x74, 0x65
.byte 0x72, 0x40, 0x50, 0x52, 0x65, 0x6e, 0x64, 0x65, 0x72, 0x69, 0x6e, 0x67, 0x40, 0x50, 0x68, 0x79
.byte 0x72, 0x65, 0x40, 0x40, 0x40, 0x50, 0x68, 0x79, 0x72, 0x65, 0x40, 0x40, 0x00, 0x00, 0x00, 0x00
.byte 0x00, 0x00, 0x00, 0x00
.globl _sym_00c159b0
_sym_00c159b0:
.long _sym_00b69fe8
.byte 0x00, 0x00, 0x00, 0x00, 0x2e, 0x3f, 0x41, 0x56, 0x3f, 0x24, 0x50, 0x43, 0x6c, 0x61, 0x73, 0x73
.byte 0x44, 0x65, 0x73, 0x63, 0x72, 0x69, 0x70, 0x74, 0x6f, 0x72, 0x46, 0x6f, 0x72, 0x54, 0x79, 0x70
.byte 0x65, 0x40, 0x56, 0x50, 0x53, 0x68, 0x61, 0x64, 0x6f, 0x77, 0x43, 0x61, 0x73, 0x74, 0x65, 0x72
.byte 0x40, 0x50, 0x52, 0x65, 0x6e, 0x64, 0x65, 0x72, 0x69, 0x6e, 0x67, 0x40, 0x50, 0x68, 0x79, 0x72
.byte 0x65, 0x40, 0x40, 0x40, 0x50, 0x68, 0x79, 0x72, 0x65, 0x40, 0x40, 0x00
.globl _sym_00c15a00
_sym_00c15a00:
.long _sym_00b69fe8
.byte 0x00, 0x00, 0x00, 0x00, 0x2e, 0x3f, 0x41, 0x56, 0x3f, 0x24, 0x50, 0x43, 0x6c, 0x61, 0x73, 0x73
.byte 0x44, 0x65, 0x73, 0x63, 0x72, 0x69, 0x70, 0x74, 0x6f, 0x72, 0x43, 0x6f, 0x6e, 0x63, 0x72, 0x65
.byte 0x74, 0x65, 0x40, 0x56, 0x50, 0x53, 0x68, 0x61, 0x64, 0x6f, 0x77, 0x53, 0x70, 0x6c, 0x69, 0x74
.byte 0x40, 0x50, 0x53, 0x68, 0x61, 0x64, 0x6f, 0x77, 0x43, 0x61, 0x73, 0x74, 0x65, 0x72, 0x40, 0x50
.byte 0x52, 0x65, 0x6e, 0x64, 0x65, 0x72, 0x69, 0x6e, 0x67, 0x40, 0x50, 0x68, 0x79, 0x72, 0x65, 0x40
.byte 0x40, 0x40, 0x50, 0x68, 0x79, 0x72, 0x65, 0x40, 0x40, 0x00, 0x00, 0x00
.globl _sym_00c15a60
_sym_00c15a60:
.long _sym_00b69fe8
.byte 0x00, 0x00, 0x00, 0x00, 0x2e, 0x3f, 0x41, 0x56, 0x3f, 0x24, 0x50, 0x43, 0x6c, 0x61, 0x73, 0x73
.byte 0x44, 0x65, 0x73, 0x63, 0x72, 0x69, 0x70, 0x74, 0x6f, 0x72, 0x41, 0x62, 0x73, 0x74, 0x72, 0x61
.byte 0x63, 0x74, 0x40, 0x56, 0x50, 0x53, 0x68, 0x61, 0x64, 0x6f, 0x77, 0x53, 0x70, 0x6c, 0x69, 0x74
.byte 0x40, 0x50, 0x53, 0x68, 0x61, 0x64, 0x6f, 0x77, 0x43, 0x61, 0x73, 0x74, 0x65, 0x72, 0x40, 0x50
.byte 0x52, 0x65, 0x6e, 0x64, 0x65, 0x72, 0x69, 0x6e, 0x67, 0x40, 0x50, 0x68, 0x79, 0x72, 0x65, 0x40
.byte 0x40, 0x40, 0x50, 0x68, 0x79, 0x72, 0x65, 0x40, 0x40, 0x00, 0x00, 0x00
.globl _sym_00c15ac0
_sym_00c15ac0:
.long _sym_00b69fe8
.byte 0x00, 0x00, 0x00, 0x00, 0x2e, 0x3f, 0x41, 0x56, 0x3f, 0x24, 0x50, 0x43, 0x6c, 0x61, 0x73, 0x73
.byte 0x44, 0x65, 0x73, 0x63, 0x72, 0x69, 0x70, 0x74, 0x6f, 0x72, 0x46, 0x6f, 0x72, 0x54, 0x79, 0x70
.byte 0x65, 0x40, 0x56, 0x50, 0x53, 0x68, 0x61, 0x64, 0x6f, 0x77, 0x53, 0x70, 0x6c, 0x69, 0x74, 0x40
.byte 0x50, 0x53, 0x68, 0x61, 0x64, 0x6f, 0x77, 0x43, 0x61, 0x73, 0x74, 0x65, 0x72, 0x40, 0x50, 0x52
.byte 0x65, 0x6e, 0x64, 0x65, 0x72, 0x69, 0x6e, 0x67, 0x40, 0x50, 0x68, 0x79, 0x72, 0x65, 0x40, 0x40
.byte 0x40, 0x50, 0x68, 0x79, 0x72, 0x65, 0x40, 0x40, 0x00, 0x00, 0x00, 0x00
.globl _sym_00c15b20
_sym_00c15b20:
.long _sym_00b1efb8
.globl _sym_00c15b24
_sym_00c15b24:
.long _sym_00b69fe8
.byte 0x00, 0x00, 0x00, 0x00, 0x2e, 0x3f, 0x41, 0x56, 0x50, 0x53, 0x68, 0x61, 0x64, 0x6f, 0x77, 0x43
.byte 0x61, 0x73, 0x74, 0x65, 0x72, 0x54, 0x79, 0x70, 0x65, 0x40, 0x50, 0x52, 0x65, 0x6e, 0x64, 0x65
.byte 0x72, 0x69, 0x6e, 0x67, 0x40, 0x50, 0x68, 0x79, 0x72, 0x65, 0x40, 0x40, 0x00, 0x00, 0x00, 0x00
.globl _sym_00c15b58
_sym_00c15b58:
.long _sym_00b69fe8
.byte 0x00, 0x00, 0x00, 0x00, 0x2e, 0x3f, 0x41, 0x56, 0x3f, 0x24, 0x50, 0x4e, 0x61, 0x6d, 0x65, 0x64
.byte 0x53, 0x65, 0x6d, 0x61, 0x6e, 0x74, 0x69, 0x63, 0x40, 0x56, 0x50, 0x53, 0x68, 0x61, 0x64, 0x6f
.byte 0x77, 0x43, 0x61, 0x73, 0x74, 0x65, 0x72, 0x54, 0x79, 0x70, 0x65, 0x40, 0x50, 0x52, 0x65, 0x6e
.byte 0x64, 0x65, 0x72, 0x69, 0x6e, 0x67, 0x40, 0x50, 0x68, 0x79, 0x72, 0x65, 0x40, 0x40, 0x40, 0x50
.byte 0x68, 0x79, 0x72, 0x65, 0x40, 0x40, 0x00, 0x00, 0x00, 0x00, 0x00, 0x00
.globl _sym_00c15ba8
_sym_00c15ba8:
.long _sym_00b69fe8
.byte 0x00, 0x00, 0x00, 0x00, 0x2e, 0x3f, 0x41, 0x56, 0x3f, 0x24, 0x50, 0x53, 0x69, 0x6d, 0x70, 0x6c
.byte 0x65, 0x4c, 0x69, 0x73, 0x74, 0x45, 0x6c, 0x65, 0x6d, 0x65, 0x6e, 0x74, 0x40, 0x56, 0x50, 0x53
.byte 0x68, 0x61, 0x64, 0x6f, 0x77, 0x43, 0x61, 0x73, 0x74, 0x65, 0x72, 0x54, 0x79, 0x70, 0x65, 0x40
.byte 0x50, 0x52, 0x65, 0x6e, 0x64, 0x65, 0x72, 0x69, 0x6e, 0x67, 0x40, 0x50, 0x68, 0x79, 0x72, 0x65
.byte 0x40, 0x40, 0x40, 0x50, 0x68, 0x79, 0x72, 0x65, 0x40, 0x40, 0x00, 0x00
.globl _sym_00c15bf8
_sym_00c15bf8:
.long _sym_00b69fe8
.byte 0x00, 0x00, 0x00, 0x00, 0x2e, 0x3f, 0x41, 0x56, 0x3f, 0x24, 0x50, 0x4e, 0x61, 0x6d, 0x65, 0x64
.byte 0x53, 0x65, 0x6d, 0x61, 0x6e, 0x74, 0x69, 0x63, 0x44, 0x65, 0x73, 0x63, 0x72, 0x69, 0x70, 0x74
.byte 0x6f, 0x72, 0x46, 0x6f, 0x72, 0x54, 0x79, 0x70, 0x65, 0x40, 0x56, 0x50, 0x53, 0x68, 0x61, 0x64
.byte 0x6f, 0x77, 0x43, 0x61, 0x73, 0x74, 0x65, 0x72, 0x54, 0x79, 0x70, 0x65, 0x40, 0x50, 0x52, 0x65
.byte 0x6e, 0x64, 0x65, 0x72, 0x69, 0x6e, 0x67, 0x40, 0x50, 0x68, 0x79, 0x72, 0x65, 0x40, 0x40, 0x40
.byte 0x50, 0x68, 0x79, 0x72, 0x65, 0x40, 0x40, 0x00, 0x00, 0x00, 0x00, 0x00
.globl _sym_00c15c58
_sym_00c15c58:
.long _sym_00b69fe8
.byte 0x00, 0x00, 0x00, 0x00, 0x2e, 0x3f, 0x41, 0x56, 0x3f, 0x24, 0x50, 0x43, 0x6c, 0x61, 0x73, 0x73
.byte 0x44, 0x61, 0x74, 0x61, 0x4d, 0x65, 0x6d, 0x62, 0x65, 0x72, 0x50, 0x68, 0x79, 0x72, 0x65, 0x41
.byte 0x72, 0x72, 0x61, 0x79, 0x40, 0x56, 0x50, 0x53, 0x68, 0x61, 0x64, 0x6f, 0x77, 0x53, 0x70, 0x6c
.byte 0x69, 0x74, 0x40, 0x50, 0x53, 0x68, 0x61, 0x64, 0x6f, 0x77, 0x43, 0x61, 0x73, 0x74, 0x65, 0x72
.byte 0x40, 0x50, 0x52, 0x65, 0x6e, 0x64, 0x65, 0x72, 0x69, 0x6e, 0x67, 0x40, 0x50, 0x68, 0x79, 0x72
.byte 0x65, 0x40, 0x40, 0x40, 0x50, 0x68, 0x79, 0x72, 0x65, 0x40, 0x40, 0x00
.globl _sym_00c15cb8
_sym_00c15cb8:
.long _sym_00b69fe8
.byte 0x00, 0x00, 0x00, 0x00, 0x2e, 0x3f, 0x41, 0x56, 0x3f, 0x24, 0x50, 0x43, 0x6c, 0x61, 0x73, 0x73
.byte 0x44, 0x65, 0x73, 0x63, 0x72, 0x69, 0x70, 0x74, 0x6f, 0x72, 0x43, 0x6f, 0x6e, 0x63, 0x72, 0x65
.byte 0x74, 0x65, 0x40, 0x56, 0x3f, 0x24, 0x50, 0x41, 0x72, 0x72, 0x61, 0x79, 0x40, 0x56, 0x50, 0x53
.byte 0x68, 0x61, 0x64, 0x6f, 0x77, 0x53, 0x70, 0x6c, 0x69, 0x74, 0x40, 0x50, 0x53, 0x68, 0x61, 0x64
.byte 0x6f, 0x77, 0x43, 0x61, 0x73, 0x74, 0x65, 0x72, 0x40, 0x50, 0x52, 0x65, 0x6e, 0x64, 0x65, 0x72
.byte 0x69, 0x6e, 0x67, 0x40, 0x50, 0x68, 0x79, 0x72, 0x65, 0x40, 0x40, 0x24, 0x30, 0x33, 0x40, 0x50
.byte 0x68, 0x79, 0x72, 0x65, 0x40, 0x40, 0x40, 0x50, 0x68, 0x79, 0x72, 0x65, 0x40, 0x40, 0x00, 0x00
.byte 0x00, 0x00, 0x00, 0x00
.globl _sym_00c15d30
_sym_00c15d30:
.long _sym_00b69fe8
.byte 0x00, 0x00, 0x00, 0x00, 0x2e, 0x3f, 0x41, 0x56, 0x3f, 0x24, 0x50, 0x43, 0x6c, 0x61, 0x73, 0x73
.byte 0x44, 0x65, 0x73, 0x63, 0x72, 0x69, 0x70, 0x74, 0x6f, 0x72, 0x41, 0x62, 0x73, 0x74, 0x72, 0x61
.byte 0x63, 0x74, 0x40, 0x56, 0x3f, 0x24, 0x50, 0x41, 0x72, 0x72, 0x61, 0x79, 0x40, 0x56, 0x50, 0x53
.byte 0x68, 0x61, 0x64, 0x6f, 0x77, 0x53, 0x70, 0x6c, 0x69, 0x74, 0x40, 0x50, 0x53, 0x68, 0x61, 0x64
.byte 0x6f, 0x77, 0x43, 0x61, 0x73, 0x74, 0x65, 0x72, 0x40, 0x50, 0x52, 0x65, 0x6e, 0x64, 0x65, 0x72
.byte 0x69, 0x6e, 0x67, 0x40, 0x50, 0x68, 0x79, 0x72, 0x65, 0x40, 0x40, 0x24, 0x30, 0x33, 0x40, 0x50
.byte 0x68, 0x79, 0x72, 0x65, 0x40, 0x40, 0x40, 0x50, 0x68, 0x79, 0x72, 0x65, 0x40, 0x40, 0x00, 0x00
.byte 0x00, 0x00, 0x00, 0x00
.globl _sym_00c15da8
_sym_00c15da8:
.long _sym_00b69fe8
.byte 0x00, 0x00, 0x00, 0x00, 0x2e, 0x3f, 0x41, 0x56, 0x3f, 0x24, 0x50, 0x43, 0x6c, 0x61, 0x73, 0x73
.byte 0x44, 0x65, 0x73, 0x63, 0x72, 0x69, 0x70, 0x74, 0x6f, 0x72, 0x46, 0x6f, 0x72, 0x54, 0x79, 0x70
.byte 0x65, 0x40, 0x56, 0x3f, 0x24, 0x50, 0x41, 0x72, 0x72, 0x61, 0x79, 0x40, 0x56, 0x50, 0x53, 0x68
.byte 0x61, 0x64, 0x6f, 0x77, 0x53, 0x70, 0x6c, 0x69, 0x74, 0x40, 0x50, 0x53, 0x68, 0x61, 0x64, 0x6f
.byte 0x77, 0x43, 0x61, 0x73, 0x74, 0x65, 0x72, 0x40, 0x50, 0x52, 0x65, 0x6e, 0x64, 0x65, 0x72, 0x69
.byte 0x6e, 0x67, 0x40, 0x50, 0x68, 0x79, 0x72, 0x65, 0x40, 0x40, 0x24, 0x30, 0x33, 0x40, 0x50, 0x68
.byte 0x79, 0x72, 0x65, 0x40, 0x40, 0x40, 0x50, 0x68, 0x79, 0x72, 0x65, 0x40, 0x40, 0x00, 0x00, 0x00
.byte 0x00, 0x00, 0x00, 0x00
.globl _sym_00c15e20
_sym_00c15e20:
.long _sym_00b69fe8
.byte 0x00, 0x00, 0x00, 0x00, 0x2e, 0x3f, 0x41, 0x56, 0x3f, 0x24, 0x50, 0x43, 0x6c, 0x61, 0x73, 0x73
.byte 0x44, 0x61, 0x74, 0x61, 0x4d, 0x65, 0x6d, 0x62, 0x65, 0x72, 0x41, 0x72, 0x72, 0x61, 0x79, 0x44
.byte 0x79, 0x6e, 0x61, 0x6d, 0x69, 0x63, 0x40, 0x56, 0x3f, 0x24, 0x50, 0x41, 0x72, 0x72, 0x61, 0x79
.byte 0x40, 0x56, 0x50, 0x53, 0x68, 0x61, 0x64, 0x6f, 0x77, 0x53, 0x70, 0x6c, 0x69, 0x74, 0x40, 0x50
.byte 0x53, 0x68, 0x61, 0x64, 0x6f, 0x77, 0x43, 0x61, 0x73, 0x74, 0x65, 0x72, 0x40, 0x50, 0x52, 0x65
.byte 0x6e, 0x64, 0x65, 0x72, 0x69, 0x6e, 0x67, 0x40, 0x50, 0x68, 0x79, 0x72, 0x65, 0x40, 0x40, 0x24
.byte 0x30, 0x33, 0x40, 0x50, 0x68, 0x79, 0x72, 0x65, 0x40, 0x40, 0x40, 0x50, 0x68, 0x79, 0x72, 0x65
.byte 0x40, 0x40, 0x00, 0x00
.globl _sym_00c15e98
_sym_00c15e98:
.long _sym_00b69fe8
.byte 0x00, 0x00, 0x00, 0x00, 0x2e, 0x3f, 0x41, 0x56, 0x3f, 0x24, 0x50, 0x43, 0x6c, 0x61, 0x73, 0x73
.byte 0x44, 0x65, 0x73, 0x63, 0x72, 0x69, 0x70, 0x74, 0x6f, 0x72, 0x43, 0x6f, 0x6e, 0x63, 0x72, 0x65
.byte 0x74, 0x65, 0x40, 0x56, 0x50, 0x4e, 0x6f, 0x64, 0x65, 0x43, 0x6f, 0x6e, 0x74, 0x65, 0x78, 0x74
.byte 0x40, 0x50, 0x52, 0x65, 0x6e, 0x64, 0x65, 0x72, 0x69, 0x6e, 0x67, 0x40, 0x50, 0x68, 0x79, 0x72
.byte 0x65, 0x40, 0x40, 0x40, 0x50, 0x68, 0x79, 0x72, 0x65, 0x40, 0x40, 0x00
.globl _sym_00c15ee8
_sym_00c15ee8:
.long _sym_00b69fe8
.byte 0x00, 0x00, 0x00, 0x00, 0x2e, 0x3f, 0x41, 0x56, 0x3f, 0x24, 0x50, 0x43, 0x6c, 0x61, 0x73, 0x73
.byte 0x44, 0x65, 0x73, 0x63, 0x72, 0x69, 0x70, 0x74, 0x6f, 0x72, 0x41, 0x62, 0x73, 0x74, 0x72, 0x61
.byte 0x63, 0x74, 0x40, 0x56, 0x50, 0x4e, 0x6f, 0x64, 0x65, 0x43, 0x6f, 0x6e, 0x74, 0x65, 0x78, 0x74
.byte 0x40, 0x50, 0x52, 0x65, 0x6e, 0x64, 0x65, 0x72, 0x69, 0x6e, 0x67, 0x40, 0x50, 0x68, 0x79, 0x72
.byte 0x65, 0x40, 0x40, 0x40, 0x50, 0x68, 0x79, 0x72, 0x65, 0x40, 0x40, 0x00
.globl _sym_00c15f38
_sym_00c15f38:
.long _sym_00b69fe8
.byte 0x00, 0x00, 0x00, 0x00, 0x2e, 0x3f, 0x41, 0x56, 0x3f, 0x24, 0x50, 0x43, 0x6c, 0x61, 0x73, 0x73
.byte 0x44, 0x65, 0x73, 0x63, 0x72, 0x69, 0x70, 0x74, 0x6f, 0x72, 0x46, 0x6f, 0x72, 0x54, 0x79, 0x70
.byte 0x65, 0x40, 0x56, 0x50, 0x4e, 0x6f, 0x64, 0x65, 0x43, 0x6f, 0x6e, 0x74, 0x65, 0x78, 0x74, 0x40
.byte 0x50, 0x52, 0x65, 0x6e, 0x64, 0x65, 0x72, 0x69, 0x6e, 0x67, 0x40, 0x50, 0x68, 0x79, 0x72, 0x65
.byte 0x40, 0x40, 0x40, 0x50, 0x68, 0x79, 0x72, 0x65, 0x40, 0x40, 0x00, 0x00
.globl _sym_00c15f88
_sym_00c15f88:
.long _sym_00b1f494
.globl _sym_00c15f8c
_sym_00c15f8c:
.long _sym_00b69fe8
.byte 0x00, 0x00, 0x00, 0x00, 0x2e, 0x3f, 0x41, 0x56, 0x3f, 0x24, 0x50, 0x43, 0x6c, 0x61, 0x73, 0x73
.byte 0x44, 0x61, 0x74, 0x61, 0x4d, 0x65, 0x6d, 0x62, 0x65, 0x72, 0x50, 0x68, 0x79, 0x72, 0x65, 0x53
.byte 0x68, 0x61, 0x72, 0x72, 0x61, 0x79, 0x40, 0x49, 0x40, 0x50, 0x68, 0x79, 0x72, 0x65, 0x40, 0x40
.byte 0x00, 0x00, 0x00, 0x00, 0x00, 0x00, 0x00, 0x00
.globl _sym_00c15fc8
_sym_00c15fc8:
.long _sym_00b69fe8
.byte 0x00, 0x00, 0x00, 0x00, 0x2e, 0x3f, 0x41, 0x56, 0x3f, 0x24, 0x50, 0x43, 0x6c, 0x61, 0x73, 0x73
.byte 0x44, 0x65, 0x73, 0x63, 0x72, 0x69, 0x70, 0x74, 0x6f, 0x72, 0x43, 0x6f, 0x6e, 0x63, 0x72, 0x65
.byte 0x74, 0x65, 0x40, 0x56, 0x3f, 0x24, 0x50, 0x53, 0x68, 0x61, 0x72, 0x72, 0x61, 0x79, 0x40, 0x49
.byte 0x40, 0x50, 0x68, 0x79, 0x72, 0x65, 0x40, 0x40, 0x40, 0x50, 0x68, 0x79, 0x72, 0x65, 0x40, 0x40
.byte 0x00, 0x00, 0x00, 0x00
.globl _sym_00c16010
_sym_00c16010:
.long _sym_00b69fe8
.byte 0x00, 0x00, 0x00, 0x00, 0x2e, 0x3f, 0x41, 0x56, 0x3f, 0x24, 0x50, 0x43, 0x6c, 0x61, 0x73, 0x73
.byte 0x44, 0x65, 0x73, 0x63, 0x72, 0x69, 0x70, 0x74, 0x6f, 0x72, 0x41, 0x62, 0x73, 0x74, 0x72, 0x61
.byte 0x63, 0x74, 0x40, 0x56, 0x3f, 0x24, 0x50, 0x53, 0x68, 0x61, 0x72, 0x72, 0x61, 0x79, 0x40, 0x49
.byte 0x40, 0x50, 0x68, 0x79, 0x72, 0x65, 0x40, 0x40, 0x40, 0x50, 0x68, 0x79, 0x72, 0x65, 0x40, 0x40
.byte 0x00, 0x00, 0x00, 0x00
.globl _sym_00c16058
_sym_00c16058:
.long _sym_00b69fe8
.byte 0x00, 0x00, 0x00, 0x00, 0x2e, 0x3f, 0x41, 0x56, 0x3f, 0x24, 0x50, 0x43, 0x6c, 0x61, 0x73, 0x73
.byte 0x44, 0x65, 0x73, 0x63, 0x72, 0x69, 0x70, 0x74, 0x6f, 0x72, 0x46, 0x6f, 0x72, 0x54, 0x79, 0x70
.byte 0x65, 0x40, 0x56, 0x3f, 0x24, 0x50, 0x53, 0x68, 0x61, 0x72, 0x72, 0x61, 0x79, 0x40, 0x49, 0x40
.byte 0x50, 0x68, 0x79, 0x72, 0x65, 0x40, 0x40, 0x40, 0x50, 0x68, 0x79, 0x72, 0x65, 0x40, 0x40, 0x00
.byte 0x00, 0x00, 0x00, 0x00
.globl _sym_00c160a0
_sym_00c160a0:
.long _sym_00b69fe8
.byte 0x00, 0x00, 0x00, 0x00, 0x2e, 0x3f, 0x41, 0x56, 0x3f, 0x24, 0x50, 0x43, 0x6c, 0x61, 0x73, 0x73
.byte 0x44, 0x61, 0x74, 0x61, 0x4d, 0x65, 0x6d, 0x62, 0x65, 0x72, 0x41, 0x72, 0x72, 0x61, 0x79, 0x44
.byte 0x79, 0x6e, 0x61, 0x6d, 0x69, 0x63, 0x40, 0x56, 0x3f, 0x24, 0x50, 0x53, 0x68, 0x61, 0x72, 0x72
.byte 0x61, 0x79, 0x40, 0x49, 0x40, 0x50, 0x68, 0x79, 0x72, 0x65, 0x40, 0x40, 0x40, 0x50, 0x68, 0x79
.byte 0x72, 0x65, 0x40, 0x40, 0x00, 0x00, 0x00, 0x00
.globl _sym_00c160ec
_sym_00c160ec:
.long _sym_00c16a54
.globl _sym_00c160f0
_sym_00c160f0:
.long _sym_00b1f7b4
.long _sym_00b1fa00
.globl _sym_00c160f8
_sym_00c160f8:
.byte 0x00, 0x00, 0x00, 0x00, 0x00, 0x00, 0x00, 0x00
.globl _sym_00c16100
_sym_00c16100:
.byte 0x00, 0x00, 0x00, 0x00, 0x01, 0x00, 0x00, 0x00
.globl _sym_00c16108
_sym_00c16108:
.long _sym_00b1f7b4
.long _sym_00b1fa0c
.globl _sym_00c16110
_sym_00c16110:
.byte 0x00, 0x00, 0x00, 0x00, 0x00, 0x00, 0x00, 0x00
.globl _sym_00c16118
_sym_00c16118:
.byte 0x00, 0x00, 0x00, 0x00, 0x01, 0x00, 0x00, 0x00
.globl _sym_00c16120
_sym_00c16120:
.long _sym_00b1f7b4
.long _sym_00b1fa20
.globl _sym_00c16128
_sym_00c16128:
.byte 0x00, 0x00, 0x00, 0x00, 0x00, 0x00, 0x00, 0x00
.globl _sym_00c16130
_sym_00c16130:
.byte 0x00, 0x00, 0x00, 0x00, 0x01, 0x00, 0x00, 0x00
.globl _sym_00c16138
_sym_00c16138:
.long _sym_00b1f7b4
.long _sym_00b1fa34
.globl _sym_00c16140
_sym_00c16140:
.byte 0x00, 0x00, 0x00, 0x00, 0x00, 0x00, 0x00, 0x00
.globl _sym_00c16148
_sym_00c16148:
.byte 0x00, 0x00, 0x00, 0x00, 0x01, 0x00, 0x00, 0x00
.globl _sym_00c16150
_sym_00c16150:
.long _sym_00b1f7b4
.long _sym_00b1fa44
.globl _sym_00c16158
_sym_00c16158:
.byte 0x00, 0x00, 0x00, 0x00, 0x00, 0x00, 0x00, 0x00
.globl _sym_00c16160
_sym_00c16160:
.byte 0x00, 0x00, 0x00, 0x00, 0x01, 0x00, 0x00, 0x00
.globl _sym_00c16168
_sym_00c16168:
.long _sym_00b69fe8
.byte 0x00, 0x00, 0x00, 0x00, 0x2e, 0x3f, 0x41, 0x56, 0x3f, 0x24, 0x50, 0x43, 0x6c, 0x61, 0x73, 0x73
.byte 0x44, 0x65, 0x73, 0x63, 0x72, 0x69, 0x70, 0x74, 0x6f, 0x72, 0x43, 0x6f, 0x6e, 0x63, 0x72, 0x65
.byte 0x74, 0x65, 0x40, 0x56, 0x50, 0x4d, 0x65, 0x73, 0x68, 0x53, 0x65, 0x67, 0x6d, 0x65, 0x6e, 0x74
.byte 0x43, 0x6f, 0x6e, 0x74, 0x65, 0x78, 0x74, 0x40, 0x50, 0x52, 0x65, 0x6e, 0x64, 0x65, 0x72, 0x69
.byte 0x6e, 0x67, 0x40, 0x50, 0x68, 0x79, 0x72, 0x65, 0x40, 0x40, 0x40, 0x50, 0x68, 0x79, 0x72, 0x65
.byte 0x40, 0x40, 0x00, 0x00
.globl _sym_00c161c0
_sym_00c161c0:
.long _sym_00b69fe8
.byte 0x00, 0x00, 0x00, 0x00, 0x2e, 0x3f, 0x41, 0x56, 0x3f, 0x24, 0x50, 0x43, 0x6c, 0x61, 0x73, 0x73
.byte 0x44, 0x65, 0x73, 0x63, 0x72, 0x69, 0x70, 0x74, 0x6f, 0x72, 0x41, 0x62, 0x73, 0x74, 0x72, 0x61
.byte 0x63, 0x74, 0x40, 0x56, 0x50, 0x4d, 0x65, 0x73, 0x68, 0x53, 0x65, 0x67, 0x6d, 0x65, 0x6e, 0x74
.byte 0x43, 0x6f, 0x6e, 0x74, 0x65, 0x78, 0x74, 0x40, 0x50, 0x52, 0x65, 0x6e, 0x64, 0x65, 0x72, 0x69
.byte 0x6e, 0x67, 0x40, 0x50, 0x68, 0x79, 0x72, 0x65, 0x40, 0x40, 0x40, 0x50, 0x68, 0x79, 0x72, 0x65
.byte 0x40, 0x40, 0x00, 0x00
.globl _sym_00c16218
_sym_00c16218:
.long _sym_00b69fe8
.byte 0x00, 0x00, 0x00, 0x00, 0x2e, 0x3f, 0x41, 0x56, 0x3f, 0x24, 0x50, 0x43, 0x6c, 0x61, 0x73, 0x73
.byte 0x44, 0x65, 0x73, 0x63, 0x72, 0x69, 0x70, 0x74, 0x6f, 0x72, 0x46, 0x6f, 0x72, 0x54, 0x79, 0x70
.byte 0x65, 0x40, 0x56, 0x50, 0x4d, 0x65, 0x73, 0x68, 0x53, 0x65, 0x67, 0x6d, 0x65, 0x6e, 0x74, 0x43
.byte 0x6f, 0x6e, 0x74, 0x65, 0x78, 0x74, 0x40, 0x50, 0x52, 0x65, 0x6e, 0x64, 0x65, 0x72, 0x69, 0x6e
.byte 0x67, 0x40, 0x50, 0x68, 0x79, 0x72, 0x65, 0x40, 0x40, 0x40, 0x50, 0x68, 0x79, 0x72, 0x65, 0x40
.byte 0x40, 0x00, 0x00, 0x00
.globl _sym_00c16270
_sym_00c16270:
.long _sym_00b69fe8
.byte 0x00, 0x00, 0x00, 0x00, 0x2e, 0x3f, 0x41, 0x56, 0x50, 0x43, 0x6f, 0x6e, 0x74, 0x65, 0x78, 0x74
.byte 0x53, 0x77, 0x69, 0x74, 0x63, 0x68, 0x40, 0x50, 0x52, 0x65, 0x6e, 0x64, 0x65, 0x72, 0x69, 0x6e
.byte 0x67, 0x40, 0x50, 0x68, 0x79, 0x72, 0x65, 0x40, 0x40, 0x00, 0x00, 0x00
.globl _sym_00c162a0
_sym_00c162a0:
.long _sym_00b69fe8
.byte 0x00, 0x00, 0x00, 0x00, 0x2e, 0x3f, 0x41, 0x56, 0x3f, 0x24, 0x50, 0x4e, 0x61, 0x6d, 0x65, 0x64
.byte 0x53, 0x65, 0x6d, 0x61, 0x6e, 0x74, 0x69, 0x63, 0x44, 0x79, 0x6e, 0x61, 0x6d, 0x69, 0x63, 0x40
.byte 0x56, 0x50, 0x43, 0x6f, 0x6e, 0x74, 0x65, 0x78, 0x74, 0x53, 0x77, 0x69, 0x74, 0x63, 0x68, 0x40
.byte 0x50, 0x52, 0x65, 0x6e, 0x64, 0x65, 0x72, 0x69, 0x6e, 0x67, 0x40, 0x50, 0x68, 0x79, 0x72, 0x65
.byte 0x40, 0x40, 0x40, 0x50, 0x68, 0x79, 0x72, 0x65, 0x40, 0x40, 0x00, 0x00
.globl _sym_00c162f0
_sym_00c162f0:
.long _sym_00b69fe8
.byte 0x00, 0x00, 0x00, 0x00, 0x2e, 0x3f, 0x41, 0x56, 0x3f, 0x24, 0x50, 0x4e, 0x61, 0x6d, 0x65, 0x64
.byte 0x53, 0x65, 0x6d, 0x61, 0x6e, 0x74, 0x69, 0x63, 0x40, 0x56, 0x50, 0x43, 0x6f, 0x6e, 0x74, 0x65
.byte 0x78, 0x74, 0x53, 0x77, 0x69, 0x74, 0x63, 0x68, 0x40, 0x50, 0x52, 0x65, 0x6e, 0x64, 0x65, 0x72
.byte 0x69, 0x6e, 0x67, 0x40, 0x50, 0x68, 0x79, 0x72, 0x65, 0x40, 0x40, 0x40, 0x50, 0x68, 0x79, 0x72
.byte 0x65, 0x40, 0x40, 0x00
.globl _sym_00c16338
_sym_00c16338:
.long _sym_00b69fe8
.byte 0x00, 0x00, 0x00, 0x00, 0x2e, 0x3f, 0x41, 0x56, 0x3f, 0x24, 0x50, 0x53, 0x69, 0x6d, 0x70, 0x6c
.byte 0x65, 0x4c, 0x69, 0x73, 0x74, 0x45, 0x6c, 0x65, 0x6d, 0x65, 0x6e, 0x74, 0x40, 0x56, 0x50, 0x43
.byte 0x6f, 0x6e, 0x74, 0x65, 0x78, 0x74, 0x53, 0x77, 0x69, 0x74, 0x63, 0x68, 0x40, 0x50, 0x52, 0x65
.byte 0x6e, 0x64, 0x65, 0x72, 0x69, 0x6e, 0x67, 0x40, 0x50, 0x68, 0x79, 0x72, 0x65, 0x40, 0x40, 0x40
.byte 0x50, 0x68, 0x79, 0x72, 0x65, 0x40, 0x40, 0x00
.globl _sym_00c16384
_sym_00c16384:
.long _sym_00b69fe8
.byte 0x00, 0x00, 0x00, 0x00, 0x2e, 0x3f, 0x41, 0x56, 0x50, 0x43, 0x6f, 0x6e, 0x74, 0x65, 0x78, 0x74
.byte 0x53, 0x77, 0x69, 0x74, 0x63, 0x68, 0x4c, 0x69, 0x67, 0x68, 0x74, 0x73, 0x40, 0x50, 0x52, 0x65
.byte 0x6e, 0x64, 0x65, 0x72, 0x69, 0x6e, 0x67, 0x40, 0x50, 0x68, 0x79, 0x72, 0x65, 0x40, 0x40, 0x00
.globl _sym_00c163b8
_sym_00c163b8:
.long _sym_00b69fe8
.byte 0x00, 0x00, 0x00, 0x00, 0x2e, 0x3f, 0x41, 0x56, 0x50, 0x43, 0x6f, 0x6e, 0x74, 0x65, 0x78, 0x74
.byte 0x53, 0x77, 0x69, 0x74, 0x63, 0x68, 0x4c, 0x4f, 0x44, 0x42, 0x6c, 0x65, 0x6e, 0x64, 0x40, 0x50
.byte 0x52, 0x65, 0x6e, 0x64, 0x65, 0x72, 0x69, 0x6e, 0x67, 0x40, 0x50, 0x68, 0x79, 0x72, 0x65, 0x40
.byte 0x40, 0x00, 0x00, 0x00
.globl _sym_00c163f0
_sym_00c163f0:
.long _sym_00b69fe8
.byte 0x00, 0x00, 0x00, 0x00, 0x2e, 0x3f, 0x41, 0x56, 0x50, 0x43, 0x6f, 0x6e, 0x74, 0x65, 0x78, 0x74
.byte 0x53, 0x77, 0x69, 0x74, 0x63, 0x68, 0x49, 0x6e, 0x73, 0x74, 0x61, 0x6e, 0x63, 0x69, 0x6e, 0x67
.byte 0x40, 0x50, 0x52, 0x65, 0x6e, 0x64, 0x65, 0x72, 0x69, 0x6e, 0x67, 0x40, 0x50, 0x68, 0x79, 0x72
.byte 0x65, 0x40, 0x40, 0x00
.globl _sym_00c16428
_sym_00c16428:
.long _sym_00b69fe8
.byte 0x00, 0x00, 0x00, 0x00, 0x2e, 0x3f, 0x41, 0x56, 0x50, 0x43, 0x6f, 0x6e, 0x74, 0x65, 0x78, 0x74
.byte 0x53, 0x77, 0x69, 0x74, 0x63, 0x68, 0x53, 0x68, 0x61, 0x64, 0x65, 0x72, 0x4c, 0x4f, 0x44, 0x4c
.byte 0x65, 0x76, 0x65, 0x6c, 0x40, 0x50, 0x52, 0x65, 0x6e, 0x64, 0x65, 0x72, 0x69, 0x6e, 0x67, 0x40
.byte 0x50, 0x68, 0x79, 0x72, 0x65, 0x40, 0x40, 0x00
.globl _sym_00c16464
_sym_00c16464:
.long _sym_00b69fe8
.byte 0x00, 0x00, 0x00, 0x00, 0x2e, 0x3f, 0x41, 0x56, 0x50, 0x43, 0x6f, 0x6e, 0x74, 0x65, 0x78, 0x74
.byte 0x53, 0x77, 0x69, 0x74, 0x63, 0x68, 0x53, 0x68, 0x61, 0x64, 0x65, 0x72, 0x4f, 0x72, 0x74, 0x68
.byte 0x6f, 0x43, 0x61, 0x6d, 0x65, 0x72, 0x61, 0x40, 0x50, 0x52, 0x65, 0x6e, 0x64, 0x65, 0x72, 0x69
.byte 0x6e, 0x67, 0x40, 0x50, 0x68, 0x79, 0x72, 0x65, 0x40, 0x40, 0x00, 0x00, 0x00, 0x00, 0x00, 0x00
.globl _sym_00c164a8
_sym_00c164a8:
.long _sym_00b69fe8
.byte 0x00, 0x00, 0x00, 0x00, 0x2e, 0x3f, 0x41, 0x56, 0x50, 0x43, 0x6f, 0x6e, 0x74, 0x65, 0x78, 0x74
.byte 0x53, 0x77, 0x69, 0x74, 0x63, 0x68, 0x53, 0x68, 0x61, 0x64, 0x65, 0x72, 0x31, 0x36, 0x42, 0x69
.byte 0x74, 0x49, 0x6e, 0x64, 0x69, 0x63, 0x65, 0x73, 0x40, 0x50, 0x52, 0x65, 0x6e, 0x64, 0x65, 0x72
.byte 0x69, 0x6e, 0x67, 0x40, 0x50, 0x68, 0x79, 0x72, 0x65, 0x40, 0x40, 0x00
.globl _sym_00c164e8
_sym_00c164e8:
.long _sym_00b69fe8
.byte 0x00, 0x00, 0x00, 0x00, 0x2e, 0x3f, 0x41, 0x56, 0x3f, 0x24, 0x50, 0x4e, 0x61, 0x6d, 0x65, 0x64
.byte 0x53, 0x65, 0x6d, 0x61, 0x6e, 0x74, 0x69, 0x63, 0x44, 0x65, 0x73, 0x63, 0x72, 0x69, 0x70, 0x74
.byte 0x6f, 0x72, 0x46, 0x6f, 0x72, 0x44, 0x79, 0x6e, 0x61, 0x6d, 0x69, 0x63, 0x54, 0x79, 0x70, 0x65
.byte 0x40, 0x56, 0x50, 0x43, 0x6f, 0x6e, 0x74, 0x65, 0x78, 0x74, 0x53, 0x77, 0x69, 0x74, 0x63, 0x68
.byte 0x40, 0x50, 0x52, 0x65, 0x6e, 0x64, 0x65, 0x72, 0x69, 0x6e, 0x67, 0x40, 0x50, 0x68, 0x79, 0x72
.byte 0x65, 0x40, 0x40, 0x40, 0x50, 0x68, 0x79, 0x72, 0x65, 0x40, 0x40, 0x00
.globl _sym_00c16548
_sym_00c16548:
.long _sym_00b69fe8
.byte 0x00, 0x00, 0x00, 0x00, 0x2e, 0x3f, 0x41, 0x56, 0x3f, 0x24, 0x50, 0x4e, 0x61, 0x6d, 0x65, 0x64
.byte 0x53, 0x65, 0x6d, 0x61, 0x6e, 0x74, 0x69, 0x63, 0x44, 0x65, 0x73, 0x63, 0x72, 0x69, 0x70, 0x74
.byte 0x6f, 0x72, 0x46, 0x6f, 0x72, 0x54, 0x79, 0x70, 0x65, 0x40, 0x56, 0x50, 0x43, 0x6f, 0x6e, 0x74
.byte 0x65, 0x78, 0x74, 0x53, 0x77, 0x69, 0x74, 0x63, 0x68, 0x40, 0x50, 0x52, 0x65, 0x6e, 0x64, 0x65
.byte 0x72, 0x69, 0x6e, 0x67, 0x40, 0x50, 0x68, 0x79, 0x72, 0x65, 0x40, 0x40, 0x40, 0x50, 0x68, 0x79
.byte 0x72, 0x65, 0x40, 0x40, 0x00, 0x00, 0x00, 0x00
.globl _sym_00c165a4
_sym_00c165a4:
.long _sym_00b69fe8
.byte 0x00, 0x00, 0x00, 0x00, 0x2e, 0x3f, 0x41, 0x56, 0x50, 0x44, 0x65, 0x6c, 0x65, 0x74, 0x65, 0x43
.byte 0x68, 0x69, 0x6c, 0x64, 0x72, 0x65, 0x6e, 0x56, 0x69, 0x73, 0x69, 0x74, 0x6f, 0x72, 0x40, 0x50
.byte 0x49, 0x6e, 0x74, 0x65, 0x72, 0x6e, 0x61, 0x6c, 0x40, 0x50, 0x68, 0x79, 0x72, 0x65, 0x40, 0x40
.byte 0x00, 0x00, 0x00, 0x00, 0x00, 0x00, 0x00, 0x00
.globl _sym_00c165e0
_sym_00c165e0:
.long _sym_00b69fe8
.byte 0x00, 0x00, 0x00, 0x00, 0x2e, 0x3f, 0x41, 0x56, 0x3f, 0x24, 0x50, 0x43, 0x6c, 0x61, 0x73, 0x73
.byte 0x44, 0x65, 0x73, 0x63, 0x72, 0x69, 0x70, 0x74, 0x6f, 0x72, 0x41, 0x62, 0x73, 0x74, 0x72, 0x61
.byte 0x63, 0x74, 0x40, 0x56, 0x50, 0x50, 0x61, 0x72, 0x61, 0x6d, 0x65, 0x74, 0x65, 0x72, 0x42, 0x75
.byte 0x66, 0x66, 0x65, 0x72, 0x42, 0x61, 0x73, 0x65, 0x40, 0x50, 0x52, 0x65, 0x6e, 0x64, 0x65, 0x72
.byte 0x69, 0x6e, 0x67, 0x40, 0x50, 0x68, 0x79, 0x72, 0x65, 0x40, 0x40, 0x40, 0x50, 0x68, 0x79, 0x72
.byte 0x65, 0x40, 0x40, 0x00
.globl _sym_00c16638
_sym_00c16638:
.long _sym_00b69fe8
.byte 0x00, 0x00, 0x00, 0x00, 0x2e, 0x3f, 0x41, 0x56, 0x3f, 0x24, 0x50, 0x43, 0x6c, 0x61, 0x73, 0x73
.byte 0x44, 0x65, 0x73, 0x63, 0x72, 0x69, 0x70, 0x74, 0x6f, 0x72, 0x46, 0x6f, 0x72, 0x54, 0x79, 0x70
.byte 0x65, 0x40, 0x56, 0x50, 0x50, 0x61, 0x72, 0x61, 0x6d, 0x65, 0x74, 0x65, 0x72, 0x42, 0x75, 0x66
.byte 0x66, 0x65, 0x72, 0x42, 0x61, 0x73, 0x65, 0x40, 0x50, 0x52, 0x65, 0x6e, 0x64, 0x65, 0x72, 0x69
.byte 0x6e, 0x67, 0x40, 0x50, 0x68, 0x79, 0x72, 0x65, 0x40, 0x40, 0x40, 0x50, 0x68, 0x79, 0x72, 0x65
.byte 0x40, 0x40, 0x00, 0x00
.globl _sym_00c16690
_sym_00c16690:
.long _sym_00b69fe8
.byte 0x00, 0x00, 0x00, 0x00, 0x2e, 0x3f, 0x41, 0x56, 0x3f, 0x24, 0x50, 0x43, 0x6c, 0x61, 0x73, 0x73
.byte 0x44, 0x65, 0x73, 0x63, 0x72, 0x69, 0x70, 0x74, 0x6f, 0x72, 0x48, 0x65, 0x61, 0x64, 0x65, 0x72
.byte 0x57, 0x69, 0x74, 0x68, 0x6f, 0x75, 0x74, 0x44, 0x65, 0x66, 0x61, 0x75, 0x6c, 0x74, 0x43, 0x6f
.byte 0x6e, 0x73, 0x74, 0x72, 0x75, 0x63, 0x74, 0x6f, 0x72, 0x40, 0x56, 0x50, 0x50, 0x61, 0x72, 0x61
.byte 0x6d, 0x65, 0x74, 0x65, 0x72, 0x42, 0x75, 0x66, 0x66, 0x65, 0x72, 0x40, 0x50, 0x52, 0x65, 0x6e
.byte 0x64, 0x65, 0x72, 0x69, 0x6e, 0x67, 0x40, 0x50, 0x68, 0x79, 0x72, 0x65, 0x40, 0x40, 0x40, 0x50
.byte 0x68, 0x79, 0x72, 0x65, 0x40, 0x40, 0x00, 0x00, 0x00, 0x00, 0x00, 0x00
.globl _sym_00c16700
_sym_00c16700:
.long _sym_00b69fe8
.byte 0x00, 0x00, 0x00, 0x00, 0x2e, 0x3f, 0x41, 0x56, 0x3f, 0x24, 0x50, 0x43, 0x6c, 0x61, 0x73, 0x73
.byte 0x44, 0x65, 0x73, 0x63, 0x72, 0x69, 0x70, 0x74, 0x6f, 0x72, 0x41, 0x62, 0x73, 0x74, 0x72, 0x61
.byte 0x63, 0x74, 0x40, 0x56, 0x50, 0x50, 0x61, 0x72, 0x61, 0x6d, 0x65, 0x74, 0x65, 0x72, 0x42, 0x75
.byte 0x66, 0x66, 0x65, 0x72, 0x40, 0x50, 0x52, 0x65, 0x6e, 0x64, 0x65, 0x72, 0x69, 0x6e, 0x67, 0x40
.byte 0x50, 0x68, 0x79, 0x72, 0x65, 0x40, 0x40, 0x40, 0x50, 0x68, 0x79, 0x72, 0x65, 0x40, 0x40, 0x00
.byte 0x00, 0x00, 0x00, 0x00
.globl _sym_00c16758
_sym_00c16758:
.long _sym_00b69fe8
.byte 0x00, 0x00, 0x00, 0x00, 0x2e, 0x3f, 0x41, 0x56, 0x3f, 0x24, 0x50, 0x43, 0x6c, 0x61, 0x73, 0x73
.byte 0x44, 0x65, 0x73, 0x63, 0x72, 0x69, 0x70, 0x74, 0x6f, 0x72, 0x46, 0x6f, 0x72, 0x54, 0x79, 0x70
.byte 0x65, 0x40, 0x56, 0x50, 0x50, 0x61, 0x72, 0x61, 0x6d, 0x65, 0x74, 0x65, 0x72, 0x42, 0x75, 0x66
.byte 0x66, 0x65, 0x72, 0x40, 0x50, 0x52, 0x65, 0x6e, 0x64, 0x65, 0x72, 0x69, 0x6e, 0x67, 0x40, 0x50
.byte 0x68, 0x79, 0x72, 0x65, 0x40, 0x40, 0x40, 0x50, 0x68, 0x79, 0x72, 0x65, 0x40, 0x40, 0x00, 0x00
.globl _sym_00c167ac
_sym_00c167ac:
.long _sym_00b1b87c
.globl _sym_00c167b0
_sym_00c167b0:
.long _sym_00b69fe8
.byte 0x00, 0x00, 0x00, 0x00, 0x2e, 0x3f, 0x41, 0x56, 0x3f, 0x24, 0x50, 0x43, 0x6c, 0x61, 0x73, 0x73
.byte 0x44, 0x65, 0x73, 0x63, 0x72, 0x69, 0x70, 0x74, 0x6f, 0x72, 0x43, 0x6f, 0x6e, 0x63, 0x72, 0x65
.byte 0x74, 0x65, 0x40, 0x56, 0x50, 0x4d, 0x61, 0x74, 0x65, 0x72, 0x69, 0x61, 0x6c, 0x53, 0x77, 0x69
.byte 0x74, 0x63, 0x68, 0x40, 0x50, 0x52, 0x65, 0x6e, 0x64, 0x65, 0x72, 0x69, 0x6e, 0x67, 0x40, 0x50
.byte 0x68, 0x79, 0x72, 0x65, 0x40, 0x40, 0x40, 0x50, 0x68, 0x79, 0x72, 0x65, 0x40, 0x40, 0x00, 0x00
.byte 0x00, 0x00, 0x00, 0x00
.globl _sym_00c16808
_sym_00c16808:
.long _sym_00b69fe8
.byte 0x00, 0x00, 0x00, 0x00, 0x2e, 0x3f, 0x41, 0x56, 0x3f, 0x24, 0x50, 0x43, 0x6c, 0x61, 0x73, 0x73
.byte 0x44, 0x65, 0x73, 0x63, 0x72, 0x69, 0x70, 0x74, 0x6f, 0x72, 0x41, 0x62, 0x73, 0x74, 0x72, 0x61
.byte 0x63, 0x74, 0x40, 0x56, 0x50, 0x4d, 0x61, 0x74, 0x65, 0x72, 0x69, 0x61, 0x6c, 0x53, 0x77, 0x69
.byte 0x74, 0x63, 0x68, 0x40, 0x50, 0x52, 0x65, 0x6e, 0x64, 0x65, 0x72, 0x69, 0x6e, 0x67, 0x40, 0x50
.byte 0x68, 0x79, 0x72, 0x65, 0x40, 0x40, 0x40, 0x50, 0x68, 0x79, 0x72, 0x65, 0x40, 0x40, 0x00, 0x00
.byte 0x00, 0x00, 0x00, 0x00
.globl _sym_00c16860
_sym_00c16860:
.long _sym_00b69fe8
.byte 0x00, 0x00, 0x00, 0x00, 0x2e, 0x3f, 0x41, 0x56, 0x3f, 0x24, 0x50, 0x43, 0x6c, 0x61, 0x73, 0x73
.byte 0x44, 0x65, 0x73, 0x63, 0x72, 0x69, 0x70, 0x74, 0x6f, 0x72, 0x46, 0x6f, 0x72, 0x54, 0x79, 0x70
.byte 0x65, 0x40, 0x56, 0x50, 0x4d, 0x61, 0x74, 0x65, 0x72, 0x69, 0x61, 0x6c, 0x53, 0x77, 0x69, 0x74
.byte 0x63, 0x68, 0x40, 0x50, 0x52, 0x65, 0x6e, 0x64, 0x65, 0x72, 0x69, 0x6e, 0x67, 0x40, 0x50, 0x68
.byte 0x79, 0x72, 0x65, 0x40, 0x40, 0x40, 0x50, 0x68, 0x79, 0x72, 0x65, 0x40, 0x40, 0x00, 0x00, 0x00
.byte 0x00, 0x00, 0x00, 0x00
.globl _sym_00c168b8
_sym_00c168b8:
.long _sym_00b69fe8
.byte 0x00, 0x00, 0x00, 0x00, 0x2e, 0x3f, 0x41, 0x56, 0x3f, 0x24, 0x50, 0x43, 0x6c, 0x61, 0x73, 0x73
.byte 0x44, 0x65, 0x73, 0x63, 0x72, 0x69, 0x70, 0x74, 0x6f, 0x72, 0x57, 0x69, 0x74, 0x68, 0x6f, 0x75
.byte 0x74, 0x44, 0x65, 0x66, 0x61, 0x75, 0x6c, 0x74, 0x43, 0x6f, 0x6e, 0x73, 0x74, 0x72, 0x75, 0x63
.byte 0x74, 0x6f, 0x72, 0x40, 0x56, 0x50, 0x4d, 0x61, 0x74, 0x65, 0x72, 0x69, 0x61, 0x6c, 0x40, 0x50
.byte 0x52, 0x65, 0x6e, 0x64, 0x65, 0x72, 0x69, 0x6e, 0x67, 0x40, 0x50, 0x68, 0x79, 0x72, 0x65, 0x40
.byte 0x40, 0x40, 0x50, 0x68, 0x79, 0x72, 0x65, 0x40, 0x40, 0x00, 0x00, 0x00
.globl _sym_00c16918
_sym_00c16918:
.long _sym_00b69fe8
.byte 0x00, 0x00, 0x00, 0x00, 0x2e, 0x3f, 0x41, 0x56, 0x3f, 0x24, 0x50, 0x43, 0x6c, 0x61, 0x73, 0x73
.byte 0x44, 0x65, 0x73, 0x63, 0x72, 0x69, 0x70, 0x74, 0x6f, 0x72, 0x41, 0x62, 0x73, 0x74, 0x72, 0x61
.byte 0x63, 0x74, 0x40, 0x56, 0x50, 0x4d, 0x61, 0x74, 0x65, 0x72, 0x69, 0x61, 0x6c, 0x40, 0x50, 0x52
.byte 0x65, 0x6e, 0x64, 0x65, 0x72, 0x69, 0x6e, 0x67, 0x40, 0x50, 0x68, 0x79, 0x72, 0x65, 0x40, 0x40
.byte 0x40, 0x50, 0x68, 0x79, 0x72, 0x65, 0x40, 0x40, 0x00, 0x00, 0x00, 0x00
.globl _sym_00c16968
_sym_00c16968:
.long _sym_00b69fe8
.byte 0x00, 0x00, 0x00, 0x00, 0x2e, 0x3f, 0x41, 0x56, 0x3f, 0x24, 0x50, 0x43, 0x6c, 0x61, 0x73, 0x73
.byte 0x44, 0x65, 0x73, 0x63, 0x72, 0x69, 0x70, 0x74, 0x6f, 0x72, 0x46, 0x6f, 0x72, 0x54, 0x79, 0x70
.byte 0x65, 0x40, 0x56, 0x50, 0x4d, 0x61, 0x74, 0x65, 0x72, 0x69, 0x61, 0x6c, 0x40, 0x50, 0x52, 0x65
.byte 0x6e, 0x64, 0x65, 0x72, 0x69, 0x6e, 0x67, 0x40, 0x50, 0x68, 0x79, 0x72, 0x65, 0x40, 0x40, 0x40
.byte 0x50, 0x68, 0x79, 0x72, 0x65, 0x40, 0x40, 0x00
.globl _sym_00c169b4
_sym_00c169b4:
.long _sym_00b208ec
.globl _sym_00c169b8
_sym_00c169b8:
.byte 0x00, 0x00, 0x00, 0x00, 0x00, 0x00, 0x00, 0x00, 0xff, 0xff, 0xff, 0xff
.globl _sym_00c169c4
_sym_00c169c4:
.long _sym_00b20a60
.globl _sym_00c169c8
_sym_00c169c8:
.byte 0x00, 0x00, 0x00, 0x00, 0x00, 0x00, 0x00, 0x00, 0xff, 0xff, 0xff, 0xff
.globl _sym_00c169d4
_sym_00c169d4:
.long _sym_00b208f4
.globl _sym_00c169d8
_sym_00c169d8:
.byte 0x00, 0x00, 0x00, 0x00, 0x00, 0x00, 0x00, 0x00, 0xff, 0xff, 0xff, 0xff
.globl _sym_00c169e4
_sym_00c169e4:
.long _sym_00b20900
.globl _sym_00c169e8
_sym_00c169e8:
.byte 0x00, 0x00, 0x00, 0x00, 0x00, 0x00, 0x00, 0x00, 0xff, 0xff, 0xff, 0xff
.globl _sym_00c169f4
_sym_00c169f4:
.long _sym_00b20910
.globl _sym_00c169f8
_sym_00c169f8:
.byte 0x00, 0x00, 0x00, 0x00, 0x00, 0x00, 0x00, 0x00, 0xff, 0xff, 0xff, 0xff
.globl _sym_00c16a04
_sym_00c16a04:
.long _sym_00b208bc
.globl _sym_00c16a08
_sym_00c16a08:
.byte 0x00, 0x00, 0x00, 0x00, 0x00, 0x00, 0x00, 0x00, 0xff, 0xff, 0xff, 0xff
.globl _sym_00c16a14
_sym_00c16a14:
.long _sym_00b208c8
.globl _sym_00c16a18
_sym_00c16a18:
.byte 0x00, 0x00, 0x00, 0x00, 0x00, 0x00, 0x00, 0x00, 0xff, 0xff, 0xff, 0xff
.globl _sym_00c16a24
_sym_00c16a24:
.long _sym_00b208d8
.globl _sym_00c16a28
_sym_00c16a28:
.byte 0x00, 0x00, 0x00, 0x00, 0x00, 0x00, 0x00, 0x00, 0xff, 0xff, 0xff, 0xff
.globl _sym_00c16a34
_sym_00c16a34:
.long _sym_00b20924
.globl _sym_00c16a38
_sym_00c16a38:
.byte 0x00, 0x00, 0x00, 0x00, 0x00, 0x00, 0x00, 0x00, 0xff, 0xff, 0xff, 0xff
.globl _sym_00c16a44
_sym_00c16a44:
.long _sym_00b20930
.globl _sym_00c16a48
_sym_00c16a48:
.byte 0x00, 0x00, 0x00, 0x00, 0x00, 0x00, 0x00, 0x00, 0xff, 0xff, 0xff, 0xff
.globl _sym_00c16a54
_sym_00c16a54:
.long _sym_00b7c858
.globl _sym_00c16a58
_sym_00c16a58:
.byte 0x00, 0x00, 0x00, 0x00, 0x00, 0x00, 0x00, 0x00, 0xff, 0xff, 0xff, 0xff
.globl _sym_00c16a64
_sym_00c16a64:
.long _sym_00b20940
.globl _sym_00c16a68
_sym_00c16a68:
.byte 0x00, 0x00, 0x00, 0x00, 0x00, 0x00, 0x00, 0x00, 0xff, 0xff, 0xff, 0xff
.globl _sym_00c16a74
_sym_00c16a74:
.long _sym_00b20954
.globl _sym_00c16a78
_sym_00c16a78:
.byte 0x00, 0x00, 0x00, 0x00, 0x00, 0x00, 0x00, 0x00, 0xff, 0xff, 0xff, 0xff
.globl _sym_00c16a84
_sym_00c16a84:
.long _sym_00b20960
.globl _sym_00c16a88
_sym_00c16a88:
.byte 0x00, 0x00, 0x00, 0x00, 0x00, 0x00, 0x00, 0x00, 0xff, 0xff, 0xff, 0xff
.globl _sym_00c16a94
_sym_00c16a94:
.long _sym_00b20970
.globl _sym_00c16a98
_sym_00c16a98:
.byte 0x00, 0x00, 0x00, 0x00, 0x00, 0x00, 0x00, 0x00, 0xff, 0xff, 0xff, 0xff
.globl _sym_00c16aa4
_sym_00c16aa4:
.long _sym_00b20980
.globl _sym_00c16aa8
_sym_00c16aa8:
.byte 0x00, 0x00, 0x00, 0x00, 0x00, 0x00, 0x00, 0x00, 0xff, 0xff, 0xff, 0xff
.globl _sym_00c16ab4
_sym_00c16ab4:
.long _sym_00b20998
.globl _sym_00c16ab8
_sym_00c16ab8:
.byte 0x00, 0x00, 0x00, 0x00, 0x00, 0x00, 0x00, 0x00, 0xff, 0xff, 0xff, 0xff
.globl _sym_00c16ac4
_sym_00c16ac4:
.long _sym_00b209b4
.globl _sym_00c16ac8
_sym_00c16ac8:
.byte 0x00, 0x00, 0x00, 0x00, 0x00, 0x00, 0x00, 0x00, 0xff, 0xff, 0xff, 0xff
.globl _sym_00c16ad4
_sym_00c16ad4:
.long _sym_00b209d0
.globl _sym_00c16ad8
_sym_00c16ad8:
.byte 0x00, 0x00, 0x00, 0x00, 0x00, 0x00, 0x00, 0x00, 0xff, 0xff, 0xff, 0xff
.globl _sym_00c16ae4
_sym_00c16ae4:
.long _sym_00b209ec
.globl _sym_00c16ae8
_sym_00c16ae8:
.byte 0x00, 0x00, 0x00, 0x00, 0x00, 0x00, 0x00, 0x00, 0xff, 0xff, 0xff, 0xff
.globl _sym_00c16af4
_sym_00c16af4:
.long _sym_00b20a00
.globl _sym_00c16af8
_sym_00c16af8:
.byte 0x00, 0x00, 0x00, 0x00, 0x00, 0x00, 0x00, 0x00, 0xff, 0xff, 0xff, 0xff
.globl _sym_00c16b04
_sym_00c16b04:
.long _sym_00b20a0c
.globl _sym_00c16b08
_sym_00c16b08:
.byte 0x00, 0x00, 0x00, 0x00, 0x00, 0x00, 0x00, 0x00, 0xff, 0xff, 0xff, 0xff
.globl _sym_00c16b14
_sym_00c16b14:
.long _sym_00b20a1c
.globl _sym_00c16b18
_sym_00c16b18:
.byte 0x00, 0x00, 0x00, 0x00, 0x00, 0x00, 0x00, 0x00, 0xff, 0xff, 0xff, 0xff
.globl _sym_00c16b24
_sym_00c16b24:
.long _sym_00b20a34
.globl _sym_00c16b28
_sym_00c16b28:
.byte 0x00, 0x00, 0x00, 0x00, 0x00, 0x00, 0x00, 0x00, 0xff, 0xff, 0xff, 0xff
.globl _sym_00c16b34
_sym_00c16b34:
.long _sym_00b20a40
.globl _sym_00c16b38
_sym_00c16b38:
.byte 0x00, 0x00, 0x00, 0x00, 0x00, 0x00, 0x00, 0x00, 0xff, 0xff, 0xff, 0xff
.globl _sym_00c16b44
_sym_00c16b44:
.long _sym_00b20a2c
.globl _sym_00c16b48
_sym_00c16b48:
.byte 0x00, 0x00, 0x00, 0x00, 0x00, 0x00, 0x00, 0x00, 0xff, 0xff, 0xff, 0xff
.globl _sym_00c16b54
_sym_00c16b54:
.long _sym_00b20a4c
.globl _sym_00c16b58
_sym_00c16b58:
.byte 0x00, 0x00, 0x00, 0x00, 0x00, 0x00, 0x00, 0x00, 0xff, 0xff, 0xff, 0xff
.globl _sym_00c16b64
_sym_00c16b64:
.long _sym_00b20a6c
.globl _sym_00c16b68
_sym_00c16b68:
.byte 0x00, 0x00, 0x00, 0x00, 0x00, 0x00, 0x00, 0x00, 0xff, 0xff, 0xff, 0xff
.globl _sym_00c16b74
_sym_00c16b74:
.long _sym_00b20a7c
.globl _sym_00c16b78
_sym_00c16b78:
.byte 0x00, 0x00, 0x00, 0x00, 0x00, 0x00, 0x00, 0x00, 0xff, 0xff, 0xff, 0xff
.globl _sym_00c16b84
_sym_00c16b84:
.long _sym_00b20a90
.globl _sym_00c16b88
_sym_00c16b88:
.byte 0x00, 0x00, 0x00, 0x00, 0x00, 0x00, 0x00, 0x00, 0xff, 0xff, 0xff, 0xff
.globl _sym_00c16b94
_sym_00c16b94:
.long _sym_00b20aa0
.globl _sym_00c16b98
_sym_00c16b98:
.byte 0x00, 0x00, 0x00, 0x00, 0x00, 0x00, 0x00, 0x00, 0xff, 0xff, 0xff, 0xff
.globl _sym_00c16ba4
_sym_00c16ba4:
.long _sym_00b20ab4
.globl _sym_00c16ba8
_sym_00c16ba8:
.byte 0x00, 0x00, 0x00, 0x00, 0x00, 0x00, 0x00, 0x00, 0xff, 0xff, 0xff, 0xff
.globl _sym_00c16bb4
_sym_00c16bb4:
.long _sym_00b20ad4
.globl _sym_00c16bb8
_sym_00c16bb8:
.byte 0x00, 0x00, 0x00, 0x00, 0x00, 0x00, 0x00, 0x00, 0xff, 0xff, 0xff, 0xff
.globl _sym_00c16bc4
_sym_00c16bc4:
.long _sym_00b20aec
.globl _sym_00c16bc8
_sym_00c16bc8:
.byte 0x00, 0x00, 0x00, 0x00, 0x00, 0x00, 0x00, 0x00, 0xff, 0xff, 0xff, 0xff
.globl _sym_00c16bd4
_sym_00c16bd4:
.long _sym_00b13d84
.globl _sym_00c16bd8
_sym_00c16bd8:
.byte 0x00, 0x00, 0x00, 0x00, 0x00, 0x00, 0x00, 0x00, 0xff, 0xff, 0xff, 0xff, 0x00, 0x00, 0x00, 0x00
.globl _sym_00c16be8
_sym_00c16be8:
.long _sym_00b69fe8
.byte 0x00, 0x00, 0x00, 0x00, 0x2e, 0x3f, 0x41, 0x56, 0x3f, 0x24, 0x50, 0x43, 0x6c, 0x61, 0x73, 0x73
.byte 0x44, 0x65, 0x73, 0x63, 0x72, 0x69, 0x70, 0x74, 0x6f, 0x72, 0x43, 0x6f, 0x6e, 0x63, 0x72, 0x65
.byte 0x74, 0x65, 0x40, 0x56, 0x50, 0x53, 0x68, 0x61, 0x64, 0x65, 0x72, 0x50, 0x61, 0x73, 0x73, 0x49
.byte 0x6e, 0x66, 0x6f, 0x40, 0x50, 0x52, 0x65, 0x6e, 0x64, 0x65, 0x72, 0x69, 0x6e, 0x67, 0x40, 0x50
.byte 0x68, 0x79, 0x72, 0x65, 0x40, 0x40, 0x40, 0x50, 0x68, 0x79, 0x72, 0x65, 0x40, 0x40, 0x00, 0x00
.byte 0x00, 0x00, 0x00, 0x00
.globl _sym_00c16c40
_sym_00c16c40:
.long _sym_00b69fe8
.byte 0x00, 0x00, 0x00, 0x00, 0x2e, 0x3f, 0x41, 0x56, 0x3f, 0x24, 0x50, 0x43, 0x6c, 0x61, 0x73, 0x73
.byte 0x44, 0x65, 0x73, 0x63, 0x72, 0x69, 0x70, 0x74, 0x6f, 0x72, 0x41, 0x62, 0x73, 0x74, 0x72, 0x61
.byte 0x63, 0x74, 0x40, 0x56, 0x50, 0x53, 0x68, 0x61, 0x64, 0x65, 0x72, 0x50, 0x61, 0x73, 0x73, 0x49
.byte 0x6e, 0x66, 0x6f, 0x40, 0x50, 0x52, 0x65, 0x6e, 0x64, 0x65, 0x72, 0x69, 0x6e, 0x67, 0x40, 0x50
.byte 0x68, 0x79, 0x72, 0x65, 0x40, 0x40, 0x40, 0x50, 0x68, 0x79, 0x72, 0x65, 0x40, 0x40, 0x00, 0x00
.byte 0x00, 0x00, 0x00, 0x00
.globl _sym_00c16c98
_sym_00c16c98:
.long _sym_00b69fe8
.byte 0x00, 0x00, 0x00, 0x00, 0x2e, 0x3f, 0x41, 0x56, 0x3f, 0x24, 0x50, 0x43, 0x6c, 0x61, 0x73, 0x73
.byte 0x44, 0x65, 0x73, 0x63, 0x72, 0x69, 0x70, 0x74, 0x6f, 0x72, 0x46, 0x6f, 0x72, 0x54, 0x79, 0x70
.byte 0x65, 0x40, 0x56, 0x50, 0x53, 0x68, 0x61, 0x64, 0x65, 0x72, 0x50, 0x61, 0x73, 0x73, 0x49, 0x6e
.byte 0x66, 0x6f, 0x40, 0x50, 0x52, 0x65, 0x6e, 0x64, 0x65, 0x72, 0x69, 0x6e, 0x67, 0x40, 0x50, 0x68
.byte 0x79, 0x72, 0x65, 0x40, 0x40, 0x40, 0x50, 0x68, 0x79, 0x72, 0x65, 0x40, 0x40, 0x00, 0x00, 0x00
.byte 0x00, 0x00, 0x00, 0x00
.globl _sym_00c16cf0
_sym_00c16cf0:
.long _sym_00b69fe8
.byte 0x00, 0x00, 0x00, 0x00, 0x2e, 0x3f, 0x41, 0x56, 0x3f, 0x24, 0x50, 0x43, 0x6c, 0x61, 0x73, 0x73
.byte 0x44, 0x65, 0x73, 0x63, 0x72, 0x69, 0x70, 0x74, 0x6f, 0x72, 0x43, 0x6f, 0x6e, 0x63, 0x72, 0x65
.byte 0x74, 0x65, 0x40, 0x56, 0x50, 0x43, 0x6f, 0x6e, 0x74, 0x65, 0x78, 0x74, 0x56, 0x61, 0x72, 0x69
.byte 0x61, 0x6e, 0x74, 0x46, 0x6f, 0x6c, 0x64, 0x69, 0x6e, 0x67, 0x54, 0x61, 0x62, 0x6c, 0x65, 0x40
.byte 0x50, 0x52, 0x65, 0x6e, 0x64, 0x65, 0x72, 0x69, 0x6e, 0x67, 0x40, 0x50, 0x68, 0x79, 0x72, 0x65
.byte 0x40, 0x40, 0x40, 0x50, 0x68, 0x79, 0x72, 0x65, 0x40, 0x40, 0x00, 0x00
.globl _sym_00c16d50
_sym_00c16d50:
.long _sym_00b69fe8
.byte 0x00, 0x00, 0x00, 0x00, 0x2e, 0x3f, 0x41, 0x56, 0x3f, 0x24, 0x50, 0x43, 0x6c, 0x61, 0x73, 0x73
.byte 0x44, 0x65, 0x73, 0x63, 0x72, 0x69, 0x70, 0x74, 0x6f, 0x72, 0x41, 0x62, 0x73, 0x74, 0x72, 0x61
.byte 0x63, 0x74, 0x40, 0x56, 0x50, 0x43, 0x6f, 0x6e, 0x74, 0x65, 0x78, 0x74, 0x56, 0x61, 0x72, 0x69
.byte 0x61, 0x6e, 0x74, 0x46, 0x6f, 0x6c, 0x64, 0x69, 0x6e, 0x67, 0x54, 0x61, 0x62, 0x6c, 0x65, 0x40
.byte 0x50, 0x52, 0x65, 0x6e, 0x64, 0x65, 0x72, 0x69, 0x6e, 0x67, 0x40, 0x50, 0x68, 0x79, 0x72, 0x65
.byte 0x40, 0x40, 0x40, 0x50, 0x68, 0x79, 0x72, 0x65, 0x40, 0x40, 0x00, 0x00
.globl _sym_00c16db0
_sym_00c16db0:
.long _sym_00b69fe8
.byte 0x00, 0x00, 0x00, 0x00, 0x2e, 0x3f, 0x41, 0x56, 0x3f, 0x24, 0x50, 0x43, 0x6c, 0x61, 0x73, 0x73
.byte 0x44, 0x65, 0x73, 0x63, 0x72, 0x69, 0x70, 0x74, 0x6f, 0x72, 0x46, 0x6f, 0x72, 0x54, 0x79, 0x70
.byte 0x65, 0x40, 0x56, 0x50, 0x43, 0x6f, 0x6e, 0x74, 0x65, 0x78, 0x74, 0x56, 0x61, 0x72, 0x69, 0x61
.byte 0x6e, 0x74, 0x46, 0x6f, 0x6c, 0x64, 0x69, 0x6e, 0x67, 0x54, 0x61, 0x62, 0x6c, 0x65, 0x40, 0x50
.byte 0x52, 0x65, 0x6e, 0x64, 0x65, 0x72, 0x69, 0x6e, 0x67, 0x40, 0x50, 0x68, 0x79, 0x72, 0x65, 0x40
.byte 0x40, 0x40, 0x50, 0x68, 0x79, 0x72, 0x65, 0x40, 0x40, 0x00, 0x00, 0x00
.globl _sym_00c16e10
_sym_00c16e10:
.long _sym_00b69fe8
.byte 0x00, 0x00, 0x00, 0x00, 0x2e, 0x3f, 0x41, 0x56, 0x3f, 0x24, 0x50, 0x43, 0x6c, 0x61, 0x73, 0x73
.byte 0x44, 0x65, 0x73, 0x63, 0x72, 0x69, 0x70, 0x74, 0x6f, 0x72, 0x43, 0x6f, 0x6e, 0x63, 0x72, 0x65
.byte 0x74, 0x65, 0x40, 0x56, 0x50, 0x53, 0x63, 0x65, 0x6e, 0x65, 0x52, 0x65, 0x6e, 0x64, 0x65, 0x72
.byte 0x50, 0x61, 0x73, 0x73, 0x40, 0x50, 0x52, 0x65, 0x6e, 0x64, 0x65, 0x72, 0x69, 0x6e, 0x67, 0x40
.byte 0x50, 0x68, 0x79, 0x72, 0x65, 0x40, 0x40, 0x40, 0x50, 0x68, 0x79, 0x72, 0x65, 0x40, 0x40, 0x00
.byte 0x00, 0x00, 0x00, 0x00
.globl _sym_00c16e68
_sym_00c16e68:
.long _sym_00b69fe8
.byte 0x00, 0x00, 0x00, 0x00, 0x2e, 0x3f, 0x41, 0x56, 0x3f, 0x24, 0x50, 0x43, 0x6c, 0x61, 0x73, 0x73
.byte 0x44, 0x65, 0x73, 0x63, 0x72, 0x69, 0x70, 0x74, 0x6f, 0x72, 0x41, 0x62, 0x73, 0x74, 0x72, 0x61
.byte 0x63, 0x74, 0x40, 0x56, 0x50, 0x53, 0x63, 0x65, 0x6e, 0x65, 0x52, 0x65, 0x6e, 0x64, 0x65, 0x72
.byte 0x50, 0x61, 0x73, 0x73, 0x40, 0x50, 0x52, 0x65, 0x6e, 0x64, 0x65, 0x72, 0x69, 0x6e, 0x67, 0x40
.byte 0x50, 0x68, 0x79, 0x72, 0x65, 0x40, 0x40, 0x40, 0x50, 0x68, 0x79, 0x72, 0x65, 0x40, 0x40, 0x00
.byte 0x00, 0x00, 0x00, 0x00
.globl _sym_00c16ec0
_sym_00c16ec0:
.long _sym_00b69fe8
.byte 0x00, 0x00, 0x00, 0x00, 0x2e, 0x3f, 0x41, 0x56, 0x3f, 0x24, 0x50, 0x43, 0x6c, 0x61, 0x73, 0x73
.byte 0x44, 0x65, 0x73, 0x63, 0x72, 0x69, 0x70, 0x74, 0x6f, 0x72, 0x46, 0x6f, 0x72, 0x54, 0x79, 0x70
.byte 0x65, 0x40, 0x56, 0x50, 0x53, 0x63, 0x65, 0x6e, 0x65, 0x52, 0x65, 0x6e, 0x64, 0x65, 0x72, 0x50
.byte 0x61, 0x73, 0x73, 0x40, 0x50, 0x52, 0x65, 0x6e, 0x64, 0x65, 0x72, 0x69, 0x6e, 0x67, 0x40, 0x50
.byte 0x68, 0x79, 0x72, 0x65, 0x40, 0x40, 0x40, 0x50, 0x68, 0x79, 0x72, 0x65, 0x40, 0x40, 0x00, 0x00
.globl _sym_00c16f14
_sym_00c16f14:
.long _sym_00b2066c
.globl _sym_00c16f18
_sym_00c16f18:
.long _sym_00b206b8
.globl _sym_00c16f1c
_sym_00c16f1c:
.long _sym_00b20710
.globl _sym_00c16f20
_sym_00c16f20:
.long _sym_00b15c88
.byte 0x00, 0x00, 0x00, 0x00
.globl _sym_00c16f28
_sym_00c16f28:
.long _sym_00b69fe8
.byte 0x00, 0x00, 0x00, 0x00, 0x2e, 0x3f, 0x41, 0x56, 0x3f, 0x24, 0x50, 0x4e, 0x61, 0x6d, 0x65, 0x64
.byte 0x53, 0x65, 0x6d, 0x61, 0x6e, 0x74, 0x69, 0x63, 0x44, 0x65, 0x73, 0x63, 0x72, 0x69, 0x70, 0x74
.byte 0x6f, 0x72, 0x46, 0x6f, 0x72, 0x44, 0x79, 0x6e, 0x61, 0x6d, 0x69, 0x63, 0x54, 0x79, 0x70, 0x65
.byte 0x40, 0x56, 0x50, 0x53, 0x63, 0x65, 0x6e, 0x65, 0x52, 0x65, 0x6e, 0x64, 0x65, 0x72, 0x50, 0x61
.byte 0x73, 0x73, 0x54, 0x79, 0x70, 0x65, 0x40, 0x50, 0x52, 0x65, 0x6e, 0x64, 0x65, 0x72, 0x69, 0x6e
.byte 0x67, 0x40, 0x50, 0x68, 0x79, 0x72, 0x65, 0x40, 0x40, 0x40, 0x50, 0x68, 0x79, 0x72, 0x65, 0x40
.byte 0x40, 0x00, 0x00, 0x00
.globl _sym_00c16f90
_sym_00c16f90:
.long _sym_00b69fe8
.byte 0x00, 0x00, 0x00, 0x00, 0x2e, 0x3f, 0x41, 0x56, 0x3f, 0x24, 0x50, 0x4e, 0x61, 0x6d, 0x65, 0x64
.byte 0x53, 0x65, 0x6d, 0x61, 0x6e, 0x74, 0x69, 0x63, 0x44, 0x65, 0x73, 0x63, 0x72, 0x69, 0x70, 0x74
.byte 0x6f, 0x72, 0x46, 0x6f, 0x72, 0x54, 0x79, 0x70, 0x65, 0x40, 0x56, 0x50, 0x53, 0x63, 0x65, 0x6e
.byte 0x65, 0x52, 0x65, 0x6e, 0x64, 0x65, 0x72, 0x50, 0x61, 0x73, 0x73, 0x54, 0x79, 0x70, 0x65, 0x40
.byte 0x50, 0x52, 0x65, 0x6e, 0x64, 0x65, 0x72, 0x69, 0x6e, 0x67, 0x40, 0x50, 0x68, 0x79, 0x72, 0x65
.byte 0x40, 0x40, 0x40, 0x50, 0x68, 0x79, 0x72, 0x65, 0x40, 0x40, 0x00, 0x00
.globl _sym_00c16ff0
_sym_00c16ff0:
.long _sym_00b69fe8
.byte 0x00, 0x00, 0x00, 0x00, 0x2e, 0x3f, 0x41, 0x56, 0x3f, 0x24, 0x50, 0x43, 0x6c, 0x61, 0x73, 0x73
.byte 0x44, 0x61, 0x74, 0x61, 0x4d, 0x65, 0x6d, 0x62, 0x65, 0x72, 0x50, 0x68, 0x79, 0x72, 0x65, 0x41
.byte 0x72, 0x72, 0x61, 0x79, 0x40, 0x56, 0x50, 0x53, 0x68, 0x61, 0x64, 0x65, 0x72, 0x40, 0x50, 0x52
.byte 0x65, 0x6e, 0x64, 0x65, 0x72, 0x69, 0x6e, 0x67, 0x40, 0x50, 0x68, 0x79, 0x72, 0x65, 0x40, 0x40
.byte 0x40, 0x50, 0x68, 0x79, 0x72, 0x65, 0x40, 0x40, 0x00, 0x00, 0x00, 0x00
.globl _sym_00c17040
_sym_00c17040:
.long _sym_00b69fe8
.byte 0x00, 0x00, 0x00, 0x00, 0x2e, 0x3f, 0x41, 0x56, 0x3f, 0x24, 0x50, 0x43, 0x6c, 0x61, 0x73, 0x73
.byte 0x44, 0x61, 0x74, 0x61, 0x4d, 0x65, 0x6d, 0x62, 0x65, 0x72, 0x50, 0x68, 0x79, 0x72, 0x65, 0x41
.byte 0x72, 0x72, 0x61, 0x79, 0x40, 0x56, 0x50, 0x53, 0x68, 0x61, 0x64, 0x65, 0x72, 0x50, 0x61, 0x73
.byte 0x73, 0x49, 0x6e, 0x66, 0x6f, 0x40, 0x50, 0x52, 0x65, 0x6e, 0x64, 0x65, 0x72, 0x69, 0x6e, 0x67
.byte 0x40, 0x50, 0x68, 0x79, 0x72, 0x65, 0x40, 0x40, 0x40, 0x50, 0x68, 0x79, 0x72, 0x65, 0x40, 0x40
.byte 0x00, 0x00, 0x00, 0x00
.globl _sym_00c17098
_sym_00c17098:
.long _sym_00b69fe8
.byte 0x00, 0x00, 0x00, 0x00, 0x2e, 0x3f, 0x41, 0x56, 0x3f, 0x24, 0x50, 0x43, 0x6c, 0x61, 0x73, 0x73
.byte 0x44, 0x61, 0x74, 0x61, 0x4d, 0x65, 0x6d, 0x62, 0x65, 0x72, 0x50, 0x68, 0x79, 0x72, 0x65, 0x41
.byte 0x72, 0x72, 0x61, 0x79, 0x40, 0x56, 0x50, 0x43, 0x6f, 0x6e, 0x74, 0x65, 0x78, 0x74, 0x56, 0x61
.byte 0x72, 0x69, 0x61, 0x6e, 0x74, 0x46, 0x6f, 0x6c, 0x64, 0x69, 0x6e, 0x67, 0x54, 0x61, 0x62, 0x6c
.byte 0x65, 0x40, 0x50, 0x52, 0x65, 0x6e, 0x64, 0x65, 0x72, 0x69, 0x6e, 0x67, 0x40, 0x50, 0x68, 0x79
.byte 0x72, 0x65, 0x40, 0x40, 0x40, 0x50, 0x68, 0x79, 0x72, 0x65, 0x40, 0x40, 0x00, 0x00, 0x00, 0x00
.byte 0x00, 0x00, 0x00, 0x00
.globl _sym_00c17100
_sym_00c17100:
.long _sym_00b69fe8
.byte 0x00, 0x00, 0x00, 0x00, 0x2e, 0x3f, 0x41, 0x56, 0x3f, 0x24, 0x50, 0x43, 0x6c, 0x61, 0x73, 0x73
.byte 0x44, 0x65, 0x73, 0x63, 0x72, 0x69, 0x70, 0x74, 0x6f, 0x72, 0x43, 0x6f, 0x6e, 0x63, 0x72, 0x65
.byte 0x74, 0x65, 0x40, 0x56, 0x3f, 0x24, 0x50, 0x41, 0x72, 0x72, 0x61, 0x79, 0x40, 0x56, 0x50, 0x43
.byte 0x6f, 0x6e, 0x74, 0x65, 0x78, 0x74, 0x56, 0x61, 0x72, 0x69, 0x61, 0x6e, 0x74, 0x46, 0x6f, 0x6c
.byte 0x64, 0x69, 0x6e, 0x67, 0x54, 0x61, 0x62, 0x6c, 0x65, 0x40, 0x50, 0x52, 0x65, 0x6e, 0x64, 0x65
.byte 0x72, 0x69, 0x6e, 0x67, 0x40, 0x50, 0x68, 0x79, 0x72, 0x65, 0x40, 0x40, 0x24, 0x30, 0x33, 0x40
.byte 0x50, 0x68, 0x79, 0x72, 0x65, 0x40, 0x40, 0x40, 0x50, 0x68, 0x79, 0x72, 0x65, 0x40, 0x40, 0x00
.byte 0x00, 0x00, 0x00, 0x00
.globl _sym_00c17178
_sym_00c17178:
.long _sym_00b69fe8
.byte 0x00, 0x00, 0x00, 0x00, 0x2e, 0x3f, 0x41, 0x56, 0x3f, 0x24, 0x50, 0x43, 0x6c, 0x61, 0x73, 0x73
.byte 0x44, 0x65, 0x73, 0x63, 0x72, 0x69, 0x70, 0x74, 0x6f, 0x72, 0x41, 0x62, 0x73, 0x74, 0x72, 0x61
.byte 0x63, 0x74, 0x40, 0x56, 0x3f, 0x24, 0x50, 0x41, 0x72, 0x72, 0x61, 0x79, 0x40, 0x56, 0x50, 0x43
.byte 0x6f, 0x6e, 0x74, 0x65, 0x78, 0x74, 0x56, 0x61, 0x72, 0x69, 0x61, 0x6e, 0x74, 0x46, 0x6f, 0x6c
.byte 0x64, 0x69, 0x6e, 0x67, 0x54, 0x61, 0x62, 0x6c, 0x65, 0x40, 0x50, 0x52, 0x65, 0x6e, 0x64, 0x65
.byte 0x72, 0x69, 0x6e, 0x67, 0x40, 0x50, 0x68, 0x79, 0x72, 0x65, 0x40, 0x40, 0x24, 0x30, 0x33, 0x40
.byte 0x50, 0x68, 0x79, 0x72, 0x65, 0x40, 0x40, 0x40, 0x50, 0x68, 0x79, 0x72, 0x65, 0x40, 0x40, 0x00
.byte 0x00, 0x00, 0x00, 0x00
.globl _sym_00c171f0
_sym_00c171f0:
.long _sym_00b69fe8
.byte 0x00, 0x00, 0x00, 0x00, 0x2e, 0x3f, 0x41, 0x56, 0x3f, 0x24, 0x50, 0x43, 0x6c, 0x61, 0x73, 0x73
.byte 0x44, 0x65, 0x73, 0x63, 0x72, 0x69, 0x70, 0x74, 0x6f, 0x72, 0x46, 0x6f, 0x72, 0x54, 0x79, 0x70
.byte 0x65, 0x40, 0x56, 0x3f, 0x24, 0x50, 0x41, 0x72, 0x72, 0x61, 0x79, 0x40, 0x56, 0x50, 0x43, 0x6f
.byte 0x6e, 0x74, 0x65, 0x78, 0x74, 0x56, 0x61, 0x72, 0x69, 0x61, 0x6e, 0x74, 0x46, 0x6f, 0x6c, 0x64
.byte 0x69, 0x6e, 0x67, 0x54, 0x61, 0x62, 0x6c, 0x65, 0x40, 0x50, 0x52, 0x65, 0x6e, 0x64, 0x65, 0x72
.byte 0x69, 0x6e, 0x67, 0x40, 0x50, 0x68, 0x79, 0x72, 0x65, 0x40, 0x40, 0x24, 0x30, 0x33, 0x40, 0x50
.byte 0x68, 0x79, 0x72, 0x65, 0x40, 0x40, 0x40, 0x50, 0x68, 0x79, 0x72, 0x65, 0x40, 0x40, 0x00, 0x00
.byte 0x00, 0x00, 0x00, 0x00
.globl _sym_00c17268
_sym_00c17268:
.long _sym_00b69fe8
.byte 0x00, 0x00, 0x00, 0x00, 0x2e, 0x3f, 0x41, 0x56, 0x3f, 0x24, 0x50, 0x43, 0x6c, 0x61, 0x73, 0x73
.byte 0x44, 0x61, 0x74, 0x61, 0x4d, 0x65, 0x6d, 0x62, 0x65, 0x72, 0x41, 0x72, 0x72, 0x61, 0x79, 0x44
.byte 0x79, 0x6e, 0x61, 0x6d, 0x69, 0x63, 0x40, 0x56, 0x3f, 0x24, 0x50, 0x41, 0x72, 0x72, 0x61, 0x79
.byte 0x40, 0x56, 0x50, 0x43, 0x6f, 0x6e, 0x74, 0x65, 0x78, 0x74, 0x56, 0x61, 0x72, 0x69, 0x61, 0x6e
.byte 0x74, 0x46, 0x6f, 0x6c, 0x64, 0x69, 0x6e, 0x67, 0x54, 0x61, 0x62, 0x6c, 0x65, 0x40, 0x50, 0x52
.byte 0x65, 0x6e, 0x64, 0x65, 0x72, 0x69, 0x6e, 0x67, 0x40, 0x50, 0x68, 0x79, 0x72, 0x65, 0x40, 0x40
.byte 0x24, 0x30, 0x33, 0x40, 0x50, 0x68, 0x79, 0x72, 0x65, 0x40, 0x40, 0x40, 0x50, 0x68, 0x79, 0x72
.byte 0x65, 0x40, 0x40, 0x00
.globl _sym_00c172e0
_sym_00c172e0:
.long _sym_00b69fe8
.byte 0x00, 0x00, 0x00, 0x00, 0x2e, 0x3f, 0x41, 0x56, 0x3f, 0x24, 0x50, 0x43, 0x6c, 0x61, 0x73, 0x73
.byte 0x44, 0x65, 0x73, 0x63, 0x72, 0x69, 0x70, 0x74, 0x6f, 0x72, 0x43, 0x6f, 0x6e, 0x63, 0x72, 0x65
.byte 0x74, 0x65, 0x40, 0x56, 0x3f, 0x24, 0x50, 0x41, 0x72, 0x72, 0x61, 0x79, 0x40, 0x56, 0x50, 0x53
.byte 0x68, 0x61, 0x64, 0x65, 0x72, 0x50, 0x61, 0x73, 0x73, 0x49, 0x6e, 0x66, 0x6f, 0x40, 0x50, 0x52
.byte 0x65, 0x6e, 0x64, 0x65, 0x72, 0x69, 0x6e, 0x67, 0x40, 0x50, 0x68, 0x79, 0x72, 0x65, 0x40, 0x40
.byte 0x24, 0x30, 0x33, 0x40, 0x50, 0x68, 0x79, 0x72, 0x65, 0x40, 0x40, 0x40, 0x50, 0x68, 0x79, 0x72
.byte 0x65, 0x40, 0x40, 0x00
.globl _sym_00c17348
_sym_00c17348:
.long _sym_00b69fe8
.byte 0x00, 0x00, 0x00, 0x00, 0x2e, 0x3f, 0x41, 0x56, 0x3f, 0x24, 0x50, 0x43, 0x6c, 0x61, 0x73, 0x73
.byte 0x44, 0x65, 0x73, 0x63, 0x72, 0x69, 0x70, 0x74, 0x6f, 0x72, 0x41, 0x62, 0x73, 0x74, 0x72, 0x61
.byte 0x63, 0x74, 0x40, 0x56, 0x3f, 0x24, 0x50, 0x41, 0x72, 0x72, 0x61, 0x79, 0x40, 0x56, 0x50, 0x53
.byte 0x68, 0x61, 0x64, 0x65, 0x72, 0x50, 0x61, 0x73, 0x73, 0x49, 0x6e, 0x66, 0x6f, 0x40, 0x50, 0x52
.byte 0x65, 0x6e, 0x64, 0x65, 0x72, 0x69, 0x6e, 0x67, 0x40, 0x50, 0x68, 0x79, 0x72, 0x65, 0x40, 0x40
.byte 0x24, 0x30, 0x33, 0x40, 0x50, 0x68, 0x79, 0x72, 0x65, 0x40, 0x40, 0x40, 0x50, 0x68, 0x79, 0x72
.byte 0x65, 0x40, 0x40, 0x00
.globl _sym_00c173b0
_sym_00c173b0:
.long _sym_00b69fe8
.byte 0x00, 0x00, 0x00, 0x00, 0x2e, 0x3f, 0x41, 0x56, 0x3f, 0x24, 0x50, 0x43, 0x6c, 0x61, 0x73, 0x73
.byte 0x44, 0x65, 0x73, 0x63, 0x72, 0x69, 0x70, 0x74, 0x6f, 0x72, 0x46, 0x6f, 0x72, 0x54, 0x79, 0x70
.byte 0x65, 0x40, 0x56, 0x3f, 0x24, 0x50, 0x41, 0x72, 0x72, 0x61, 0x79, 0x40, 0x56, 0x50, 0x53, 0x68
.byte 0x61, 0x64, 0x65, 0x72, 0x50, 0x61, 0x73, 0x73, 0x49, 0x6e, 0x66, 0x6f, 0x40, 0x50, 0x52, 0x65
.byte 0x6e, 0x64, 0x65, 0x72, 0x69, 0x6e, 0x67, 0x40, 0x50, 0x68, 0x79, 0x72, 0x65, 0x40, 0x40, 0x24
.byte 0x30, 0x33, 0x40, 0x50, 0x68, 0x79, 0x72, 0x65, 0x40, 0x40, 0x40, 0x50, 0x68, 0x79, 0x72, 0x65
.byte 0x40, 0x40, 0x00, 0x00
.globl _sym_00c17418
_sym_00c17418:
.long _sym_00b69fe8
.byte 0x00, 0x00, 0x00, 0x00, 0x2e, 0x3f, 0x41, 0x56, 0x3f, 0x24, 0x50, 0x43, 0x6c, 0x61, 0x73, 0x73
.byte 0x44, 0x61, 0x74, 0x61, 0x4d, 0x65, 0x6d, 0x62, 0x65, 0x72, 0x41, 0x72, 0x72, 0x61, 0x79, 0x44
.byte 0x79, 0x6e, 0x61, 0x6d, 0x69, 0x63, 0x40, 0x56, 0x3f, 0x24, 0x50, 0x41, 0x72, 0x72, 0x61, 0x79
.byte 0x40, 0x56, 0x50, 0x53, 0x68, 0x61, 0x64, 0x65, 0x72, 0x50, 0x61, 0x73, 0x73, 0x49, 0x6e, 0x66
.byte 0x6f, 0x40, 0x50, 0x52, 0x65, 0x6e, 0x64, 0x65, 0x72, 0x69, 0x6e, 0x67, 0x40, 0x50, 0x68, 0x79
.byte 0x72, 0x65, 0x40, 0x40, 0x24, 0x30, 0x33, 0x40, 0x50, 0x68, 0x79, 0x72, 0x65, 0x40, 0x40, 0x40
.byte 0x50, 0x68, 0x79, 0x72, 0x65, 0x40, 0x40, 0x00, 0x00, 0x00, 0x00, 0x00
.globl _sym_00c17488
_sym_00c17488:
.long _sym_00b69fe8
.byte 0x00, 0x00, 0x00, 0x00, 0x2e, 0x3f, 0x41, 0x56, 0x3f, 0x24, 0x50, 0x43, 0x6c, 0x61, 0x73, 0x73
.byte 0x44, 0x65, 0x73, 0x63, 0x72, 0x69, 0x70, 0x74, 0x6f, 0x72, 0x43, 0x6f, 0x6e, 0x63, 0x72, 0x65
.byte 0x74, 0x65, 0x40, 0x56, 0x3f, 0x24, 0x50, 0x41, 0x72, 0x72, 0x61, 0x79, 0x40, 0x56, 0x50, 0x53
.byte 0x68, 0x61, 0x64, 0x65, 0x72, 0x40, 0x50, 0x52, 0x65, 0x6e, 0x64, 0x65, 0x72, 0x69, 0x6e, 0x67
.byte 0x40, 0x50, 0x68, 0x79, 0x72, 0x65, 0x40, 0x40, 0x24, 0x30, 0x33, 0x40, 0x50, 0x68, 0x79, 0x72
.byte 0x65, 0x40, 0x40, 0x40, 0x50, 0x68, 0x79, 0x72, 0x65, 0x40, 0x40, 0x00
.globl _sym_00c174e8
_sym_00c174e8:
.long _sym_00b69fe8
.byte 0x00, 0x00, 0x00, 0x00, 0x2e, 0x3f, 0x41, 0x56, 0x3f, 0x24, 0x50, 0x43, 0x6c, 0x61, 0x73, 0x73
.byte 0x44, 0x65, 0x73, 0x63, 0x72, 0x69, 0x70, 0x74, 0x6f, 0x72, 0x41, 0x62, 0x73, 0x74, 0x72, 0x61
.byte 0x63, 0x74, 0x40, 0x56, 0x3f, 0x24, 0x50, 0x41, 0x72, 0x72, 0x61, 0x79, 0x40, 0x56, 0x50, 0x53
.byte 0x68, 0x61, 0x64, 0x65, 0x72, 0x40, 0x50, 0x52, 0x65, 0x6e, 0x64, 0x65, 0x72, 0x69, 0x6e, 0x67
.byte 0x40, 0x50, 0x68, 0x79, 0x72, 0x65, 0x40, 0x40, 0x24, 0x30, 0x33, 0x40, 0x50, 0x68, 0x79, 0x72
.byte 0x65, 0x40, 0x40, 0x40, 0x50, 0x68, 0x79, 0x72, 0x65, 0x40, 0x40, 0x00
.globl _sym_00c17548
_sym_00c17548:
.long _sym_00b69fe8
.byte 0x00, 0x00, 0x00, 0x00, 0x2e, 0x3f, 0x41, 0x56, 0x3f, 0x24, 0x50, 0x43, 0x6c, 0x61, 0x73, 0x73
.byte 0x44, 0x65, 0x73, 0x63, 0x72, 0x69, 0x70, 0x74, 0x6f, 0x72, 0x46, 0x6f, 0x72, 0x54, 0x79, 0x70
.byte 0x65, 0x40, 0x56, 0x3f, 0x24, 0x50, 0x41, 0x72, 0x72, 0x61, 0x79, 0x40, 0x56, 0x50, 0x53, 0x68
.byte 0x61, 0x64, 0x65, 0x72, 0x40, 0x50, 0x52, 0x65, 0x6e, 0x64, 0x65, 0x72, 0x69, 0x6e, 0x67, 0x40
.byte 0x50, 0x68, 0x79, 0x72, 0x65, 0x40, 0x40, 0x24, 0x30, 0x33, 0x40, 0x50, 0x68, 0x79, 0x72, 0x65
.byte 0x40, 0x40, 0x40, 0x50, 0x68, 0x79, 0x72, 0x65, 0x40, 0x40, 0x00, 0x00
.globl _sym_00c175a8
_sym_00c175a8:
.long _sym_00b69fe8
.byte 0x00, 0x00, 0x00, 0x00, 0x2e, 0x3f, 0x41, 0x56, 0x3f, 0x24, 0x50, 0x43, 0x6c, 0x61, 0x73, 0x73
.byte 0x44, 0x61, 0x74, 0x61, 0x4d, 0x65, 0x6d, 0x62, 0x65, 0x72, 0x41, 0x72, 0x72, 0x61, 0x79, 0x44
.byte 0x79, 0x6e, 0x61, 0x6d, 0x69, 0x63, 0x40, 0x56, 0x3f, 0x24, 0x50, 0x41, 0x72, 0x72, 0x61, 0x79
.byte 0x40, 0x56, 0x50, 0x53, 0x68, 0x61, 0x64, 0x65, 0x72, 0x40, 0x50, 0x52, 0x65, 0x6e, 0x64, 0x65
.byte 0x72, 0x69, 0x6e, 0x67, 0x40, 0x50, 0x68, 0x79, 0x72, 0x65, 0x40, 0x40, 0x24, 0x30, 0x33, 0x40
.byte 0x50, 0x68, 0x79, 0x72, 0x65, 0x40, 0x40, 0x40, 0x50, 0x68, 0x79, 0x72, 0x65, 0x40, 0x40, 0x00
.byte 0x00, 0x00, 0x00, 0x00
.globl _sym_00c17610
_sym_00c17610:
.long _sym_00b69fe8
.byte 0x00, 0x00, 0x00, 0x00, 0x2e, 0x3f, 0x41, 0x56, 0x3f, 0x24, 0x50, 0x43, 0x6c, 0x61, 0x73, 0x73
.byte 0x44, 0x65, 0x73, 0x63, 0x72, 0x69, 0x70, 0x74, 0x6f, 0x72, 0x57, 0x69, 0x74, 0x68, 0x6f, 0x75
.byte 0x74, 0x44, 0x65, 0x66, 0x61, 0x75, 0x6c, 0x74, 0x43, 0x6f, 0x6e, 0x73, 0x74, 0x72, 0x75, 0x63
.byte 0x74, 0x6f, 0x72, 0x40, 0x56, 0x50, 0x45, 0x66, 0x66, 0x65, 0x63, 0x74, 0x56, 0x61, 0x72, 0x69
.byte 0x61, 0x6e, 0x74, 0x40, 0x50, 0x52, 0x65, 0x6e, 0x64, 0x65, 0x72, 0x69, 0x6e, 0x67, 0x40, 0x50
.byte 0x68, 0x79, 0x72, 0x65, 0x40, 0x40, 0x40, 0x50, 0x68, 0x79, 0x72, 0x65, 0x40, 0x40, 0x00, 0x00
.byte 0x00, 0x00, 0x00, 0x00
.globl _sym_00c17678
_sym_00c17678:
.long _sym_00b69fe8
.byte 0x00, 0x00, 0x00, 0x00, 0x2e, 0x3f, 0x41, 0x56, 0x3f, 0x24, 0x50, 0x43, 0x6c, 0x61, 0x73, 0x73
.byte 0x44, 0x65, 0x73, 0x63, 0x72, 0x69, 0x70, 0x74, 0x6f, 0x72, 0x41, 0x62, 0x73, 0x74, 0x72, 0x61
.byte 0x63, 0x74, 0x40, 0x56, 0x50, 0x45, 0x66, 0x66, 0x65, 0x63, 0x74, 0x56, 0x61, 0x72, 0x69, 0x61
.byte 0x6e, 0x74, 0x40, 0x50, 0x52, 0x65, 0x6e, 0x64, 0x65, 0x72, 0x69, 0x6e, 0x67, 0x40, 0x50, 0x68
.byte 0x79, 0x72, 0x65, 0x40, 0x40, 0x40, 0x50, 0x68, 0x79, 0x72, 0x65, 0x40, 0x40, 0x00, 0x00, 0x00
.byte 0x00, 0x00, 0x00, 0x00
.globl _sym_00c176d0
_sym_00c176d0:
.long _sym_00b69fe8
.byte 0x00, 0x00, 0x00, 0x00, 0x2e, 0x3f, 0x41, 0x56, 0x3f, 0x24, 0x50, 0x43, 0x6c, 0x61, 0x73, 0x73
.byte 0x44, 0x65, 0x73, 0x63, 0x72, 0x69, 0x70, 0x74, 0x6f, 0x72, 0x46, 0x6f, 0x72, 0x54, 0x79, 0x70
.byte 0x65, 0x40, 0x56, 0x50, 0x45, 0x66, 0x66, 0x65, 0x63, 0x74, 0x56, 0x61, 0x72, 0x69, 0x61, 0x6e
.byte 0x74, 0x40, 0x50, 0x52, 0x65, 0x6e, 0x64, 0x65, 0x72, 0x69, 0x6e, 0x67, 0x40, 0x50, 0x68, 0x79
.byte 0x72, 0x65, 0x40, 0x40, 0x40, 0x50, 0x68, 0x79, 0x72, 0x65, 0x40, 0x40, 0x00, 0x00, 0x00, 0x00
.globl _sym_00c17724
_sym_00c17724:
.long _sym_00b2130c
.globl _sym_00c17728
_sym_00c17728:
.long _sym_00b21360
.globl _sym_00c1772c
_sym_00c1772c:
.long _sym_00b213c0
.globl _sym_00c17730
_sym_00c17730:
.long _sym_00b1b87c
.globl _sym_00c17734
_sym_00c17734:
.long _sym_00b1b87c
.globl _sym_00c17738
_sym_00c17738:
.long _sym_00b69fe8
.byte 0x00, 0x00, 0x00, 0x00, 0x2e, 0x3f, 0x41, 0x56, 0x3f, 0x24, 0x50, 0x43, 0x6c, 0x61, 0x73, 0x73
.byte 0x44, 0x61, 0x74, 0x61, 0x4d, 0x65, 0x6d, 0x62, 0x65, 0x72, 0x50, 0x68, 0x79, 0x72, 0x65, 0x41
.byte 0x72, 0x72, 0x61, 0x79, 0x40, 0x56, 0x50, 0x4d, 0x61, 0x74, 0x65, 0x72, 0x69, 0x61, 0x6c, 0x53
.byte 0x77, 0x69, 0x74, 0x63, 0x68, 0x40, 0x50, 0x52, 0x65, 0x6e, 0x64, 0x65, 0x72, 0x69, 0x6e, 0x67
.byte 0x40, 0x50, 0x68, 0x79, 0x72, 0x65, 0x40, 0x40, 0x40, 0x50, 0x68, 0x79, 0x72, 0x65, 0x40, 0x40
.byte 0x00, 0x00, 0x00, 0x00
.globl _sym_00c17790
_sym_00c17790:
.long _sym_00b69fe8
.byte 0x00, 0x00, 0x00, 0x00, 0x2e, 0x3f, 0x41, 0x56, 0x3f, 0x24, 0x50, 0x43, 0x6c, 0x61, 0x73, 0x73
.byte 0x44, 0x61, 0x74, 0x61, 0x4d, 0x65, 0x6d, 0x62, 0x65, 0x72, 0x50, 0x68, 0x79, 0x72, 0x65, 0x41
.byte 0x72, 0x72, 0x61, 0x79, 0x40, 0x56, 0x50, 0x53, 0x63, 0x65, 0x6e, 0x65, 0x52, 0x65, 0x6e, 0x64
.byte 0x65, 0x72, 0x50, 0x61, 0x73, 0x73, 0x40, 0x50, 0x52, 0x65, 0x6e, 0x64, 0x65, 0x72, 0x69, 0x6e
.byte 0x67, 0x40, 0x50, 0x68, 0x79, 0x72, 0x65, 0x40, 0x40, 0x40, 0x50, 0x68, 0x79, 0x72, 0x65, 0x40
.byte 0x40, 0x00, 0x00, 0x00
.globl _sym_00c177e8
_sym_00c177e8:
.long _sym_00b69fe8
.byte 0x00, 0x00, 0x00, 0x00, 0x2e, 0x3f, 0x41, 0x56, 0x3f, 0x24, 0x50, 0x43, 0x6c, 0x61, 0x73, 0x73
.byte 0x44, 0x61, 0x74, 0x61, 0x4d, 0x65, 0x6d, 0x62, 0x65, 0x72, 0x50, 0x68, 0x79, 0x72, 0x65, 0x41
.byte 0x72, 0x72, 0x61, 0x79, 0x40, 0x50, 0x41, 0x56, 0x50, 0x53, 0x63, 0x65, 0x6e, 0x65, 0x52, 0x65
.byte 0x6e, 0x64, 0x65, 0x72, 0x50, 0x61, 0x73, 0x73, 0x40, 0x50, 0x52, 0x65, 0x6e, 0x64, 0x65, 0x72
.byte 0x69, 0x6e, 0x67, 0x40, 0x50, 0x68, 0x79, 0x72, 0x65, 0x40, 0x40, 0x40, 0x50, 0x68, 0x79, 0x72
.byte 0x65, 0x40, 0x40, 0x00
.globl _sym_00c17840
_sym_00c17840:
.long _sym_00b69fe8
.byte 0x00, 0x00, 0x00, 0x00, 0x2e, 0x3f, 0x41, 0x56, 0x3f, 0x24, 0x50, 0x43, 0x6c, 0x61, 0x73, 0x73
.byte 0x44, 0x65, 0x73, 0x63, 0x72, 0x69, 0x70, 0x74, 0x6f, 0x72, 0x43, 0x6f, 0x6e, 0x63, 0x72, 0x65
.byte 0x74, 0x65, 0x40, 0x56, 0x3f, 0x24, 0x50, 0x41, 0x72, 0x72, 0x61, 0x79, 0x40, 0x50, 0x41, 0x56
.byte 0x50, 0x53, 0x63, 0x65, 0x6e, 0x65, 0x52, 0x65, 0x6e, 0x64, 0x65, 0x72, 0x50, 0x61, 0x73, 0x73
.byte 0x40, 0x50, 0x52, 0x65, 0x6e, 0x64, 0x65, 0x72, 0x69, 0x6e, 0x67, 0x40, 0x50, 0x68, 0x79, 0x72
.byte 0x65, 0x40, 0x40, 0x24, 0x30, 0x33, 0x40, 0x50, 0x68, 0x79, 0x72, 0x65, 0x40, 0x40, 0x40, 0x50
.byte 0x68, 0x79, 0x72, 0x65, 0x40, 0x40, 0x00, 0x00, 0x00, 0x00, 0x00, 0x00
.globl _sym_00c178b0
_sym_00c178b0:
.long _sym_00b69fe8
.byte 0x00, 0x00, 0x00, 0x00, 0x2e, 0x3f, 0x41, 0x56, 0x3f, 0x24, 0x50, 0x43, 0x6c, 0x61, 0x73, 0x73
.byte 0x44, 0x65, 0x73, 0x63, 0x72, 0x69, 0x70, 0x74, 0x6f, 0x72, 0x41, 0x62, 0x73, 0x74, 0x72, 0x61
.byte 0x63, 0x74, 0x40, 0x56, 0x3f, 0x24, 0x50, 0x41, 0x72, 0x72, 0x61, 0x79, 0x40, 0x50, 0x41, 0x56
.byte 0x50, 0x53, 0x63, 0x65, 0x6e, 0x65, 0x52, 0x65, 0x6e, 0x64, 0x65, 0x72, 0x50, 0x61, 0x73, 0x73
.byte 0x40, 0x50, 0x52, 0x65, 0x6e, 0x64, 0x65, 0x72, 0x69, 0x6e, 0x67, 0x40, 0x50, 0x68, 0x79, 0x72
.byte 0x65, 0x40, 0x40, 0x24, 0x30, 0x33, 0x40, 0x50, 0x68, 0x79, 0x72, 0x65, 0x40, 0x40, 0x40, 0x50
.byte 0x68, 0x79, 0x72, 0x65, 0x40, 0x40, 0x00, 0x00, 0x00, 0x00, 0x00, 0x00
.globl _sym_00c17920
_sym_00c17920:
.long _sym_00b69fe8
.byte 0x00, 0x00, 0x00, 0x00, 0x2e, 0x3f, 0x41, 0x56, 0x3f, 0x24, 0x50, 0x43, 0x6c, 0x61, 0x73, 0x73
.byte 0x44, 0x65, 0x73, 0x63, 0x72, 0x69, 0x70, 0x74, 0x6f, 0x72, 0x46, 0x6f, 0x72, 0x54, 0x79, 0x70
.byte 0x65, 0x40, 0x56, 0x3f, 0x24, 0x50, 0x41, 0x72, 0x72, 0x61, 0x79, 0x40, 0x50, 0x41, 0x56, 0x50
.byte 0x53, 0x63, 0x65, 0x6e, 0x65, 0x52, 0x65, 0x6e, 0x64, 0x65, 0x72, 0x50, 0x61, 0x73, 0x73, 0x40
.byte 0x50, 0x52, 0x65, 0x6e, 0x64, 0x65, 0x72, 0x69, 0x6e, 0x67, 0x40, 0x50, 0x68, 0x79, 0x72, 0x65
.byte 0x40, 0x40, 0x24, 0x30, 0x33, 0x40, 0x50, 0x68, 0x79, 0x72, 0x65, 0x40, 0x40, 0x40, 0x50, 0x68
.byte 0x79, 0x72, 0x65, 0x40, 0x40, 0x00, 0x00, 0x00, 0x00, 0x00, 0x00, 0x00
.globl _sym_00c17990
_sym_00c17990:
.long _sym_00b69fe8
.byte 0x00, 0x00, 0x00, 0x00, 0x2e, 0x3f, 0x41, 0x56, 0x3f, 0x24, 0x50, 0x43, 0x6c, 0x61, 0x73, 0x73
.byte 0x44, 0x61, 0x74, 0x61, 0x4d, 0x65, 0x6d, 0x62, 0x65, 0x72, 0x41, 0x72, 0x72, 0x61, 0x79, 0x44
.byte 0x79, 0x6e, 0x61, 0x6d, 0x69, 0x63, 0x40, 0x56, 0x3f, 0x24, 0x50, 0x41, 0x72, 0x72, 0x61, 0x79
.byte 0x40, 0x50, 0x41, 0x56, 0x50, 0x53, 0x63, 0x65, 0x6e, 0x65, 0x52, 0x65, 0x6e, 0x64, 0x65, 0x72
.byte 0x50, 0x61, 0x73, 0x73, 0x40, 0x50, 0x52, 0x65, 0x6e, 0x64, 0x65, 0x72, 0x69, 0x6e, 0x67, 0x40
.byte 0x50, 0x68, 0x79, 0x72, 0x65, 0x40, 0x40, 0x24, 0x30, 0x33, 0x40, 0x50, 0x68, 0x79, 0x72, 0x65
.byte 0x40, 0x40, 0x40, 0x50, 0x68, 0x79, 0x72, 0x65, 0x40, 0x40, 0x00, 0x00
.globl _sym_00c17a00
_sym_00c17a00:
.long _sym_00b69fe8
.byte 0x00, 0x00, 0x00, 0x00, 0x2e, 0x3f, 0x41, 0x56, 0x3f, 0x24, 0x50, 0x43, 0x6c, 0x61, 0x73, 0x73
.byte 0x44, 0x65, 0x73, 0x63, 0x72, 0x69, 0x70, 0x74, 0x6f, 0x72, 0x43, 0x6f, 0x6e, 0x63, 0x72, 0x65
.byte 0x74, 0x65, 0x40, 0x56, 0x3f, 0x24, 0x50, 0x41, 0x72, 0x72, 0x61, 0x79, 0x40, 0x56, 0x50, 0x53
.byte 0x63, 0x65, 0x6e, 0x65, 0x52, 0x65, 0x6e, 0x64, 0x65, 0x72, 0x50, 0x61, 0x73, 0x73, 0x40, 0x50
.byte 0x52, 0x65, 0x6e, 0x64, 0x65, 0x72, 0x69, 0x6e, 0x67, 0x40, 0x50, 0x68, 0x79, 0x72, 0x65, 0x40
.byte 0x40, 0x24, 0x30, 0x33, 0x40, 0x50, 0x68, 0x79, 0x72, 0x65, 0x40, 0x40, 0x40, 0x50, 0x68, 0x79
.byte 0x72, 0x65, 0x40, 0x40, 0x00, 0x00, 0x00, 0x00, 0x00, 0x00, 0x00, 0x00
.globl _sym_00c17a70
_sym_00c17a70:
.long _sym_00b69fe8
.byte 0x00, 0x00, 0x00, 0x00, 0x2e, 0x3f, 0x41, 0x56, 0x3f, 0x24, 0x50, 0x43, 0x6c, 0x61, 0x73, 0x73
.byte 0x44, 0x65, 0x73, 0x63, 0x72, 0x69, 0x70, 0x74, 0x6f, 0x72, 0x41, 0x62, 0x73, 0x74, 0x72, 0x61
.byte 0x63, 0x74, 0x40, 0x56, 0x3f, 0x24, 0x50, 0x41, 0x72, 0x72, 0x61, 0x79, 0x40, 0x56, 0x50, 0x53
.byte 0x63, 0x65, 0x6e, 0x65, 0x52, 0x65, 0x6e, 0x64, 0x65, 0x72, 0x50, 0x61, 0x73, 0x73, 0x40, 0x50
.byte 0x52, 0x65, 0x6e, 0x64, 0x65, 0x72, 0x69, 0x6e, 0x67, 0x40, 0x50, 0x68, 0x79, 0x72, 0x65, 0x40
.byte 0x40, 0x24, 0x30, 0x33, 0x40, 0x50, 0x68, 0x79, 0x72, 0x65, 0x40, 0x40, 0x40, 0x50, 0x68, 0x79
.byte 0x72, 0x65, 0x40, 0x40, 0x00, 0x00, 0x00, 0x00, 0x00, 0x00, 0x00, 0x00
.globl _sym_00c17ae0
_sym_00c17ae0:
.long _sym_00b69fe8
.byte 0x00, 0x00, 0x00, 0x00, 0x2e, 0x3f, 0x41, 0x56, 0x3f, 0x24, 0x50, 0x43, 0x6c, 0x61, 0x73, 0x73
.byte 0x44, 0x65, 0x73, 0x63, 0x72, 0x69, 0x70, 0x74, 0x6f, 0x72, 0x46, 0x6f, 0x72, 0x54, 0x79, 0x70
.byte 0x65, 0x40, 0x56, 0x3f, 0x24, 0x50, 0x41, 0x72, 0x72, 0x61, 0x79, 0x40, 0x56, 0x50, 0x53, 0x63
.byte 0x65, 0x6e, 0x65, 0x52, 0x65, 0x6e, 0x64, 0x65, 0x72, 0x50, 0x61, 0x73, 0x73, 0x40, 0x50, 0x52
.byte 0x65, 0x6e, 0x64, 0x65, 0x72, 0x69, 0x6e, 0x67, 0x40, 0x50, 0x68, 0x79, 0x72, 0x65, 0x40, 0x40
.byte 0x24, 0x30, 0x33, 0x40, 0x50, 0x68, 0x79, 0x72, 0x65, 0x40, 0x40, 0x40, 0x50, 0x68, 0x79, 0x72
.byte 0x65, 0x40, 0x40, 0x00
.globl _sym_00c17b48
_sym_00c17b48:
.long _sym_00b69fe8
.byte 0x00, 0x00, 0x00, 0x00, 0x2e, 0x3f, 0x41, 0x56, 0x3f, 0x24, 0x50, 0x43, 0x6c, 0x61, 0x73, 0x73
.byte 0x44, 0x61, 0x74, 0x61, 0x4d, 0x65, 0x6d, 0x62, 0x65, 0x72, 0x41, 0x72, 0x72, 0x61, 0x79, 0x44
.byte 0x79, 0x6e, 0x61, 0x6d, 0x69, 0x63, 0x40, 0x56, 0x3f, 0x24, 0x50, 0x41, 0x72, 0x72, 0x61, 0x79
.byte 0x40, 0x56, 0x50, 0x53, 0x63, 0x65, 0x6e, 0x65, 0x52, 0x65, 0x6e, 0x64, 0x65, 0x72, 0x50, 0x61
.byte 0x73, 0x73, 0x40, 0x50, 0x52, 0x65, 0x6e, 0x64, 0x65, 0x72, 0x69, 0x6e, 0x67, 0x40, 0x50, 0x68
.byte 0x79, 0x72, 0x65, 0x40, 0x40, 0x24, 0x30, 0x33, 0x40, 0x50, 0x68, 0x79, 0x72, 0x65, 0x40, 0x40
.byte 0x40, 0x50, 0x68, 0x79, 0x72, 0x65, 0x40, 0x40, 0x00, 0x00, 0x00, 0x00
.globl _sym_00c17bb8
_sym_00c17bb8:
.long _sym_00b69fe8
.byte 0x00, 0x00, 0x00, 0x00, 0x2e, 0x3f, 0x41, 0x56, 0x3f, 0x24, 0x50, 0x43, 0x6c, 0x61, 0x73, 0x73
.byte 0x44, 0x65, 0x73, 0x63, 0x72, 0x69, 0x70, 0x74, 0x6f, 0x72, 0x43, 0x6f, 0x6e, 0x63, 0x72, 0x65
.byte 0x74, 0x65, 0x40, 0x56, 0x3f, 0x24, 0x50, 0x41, 0x72, 0x72, 0x61, 0x79, 0x40, 0x56, 0x50, 0x4d
.byte 0x61, 0x74, 0x65, 0x72, 0x69, 0x61, 0x6c, 0x53, 0x77, 0x69, 0x74, 0x63, 0x68, 0x40, 0x50, 0x52
.byte 0x65, 0x6e, 0x64, 0x65, 0x72, 0x69, 0x6e, 0x67, 0x40, 0x50, 0x68, 0x79, 0x72, 0x65, 0x40, 0x40
.byte 0x24, 0x30, 0x33, 0x40, 0x50, 0x68, 0x79, 0x72, 0x65, 0x40, 0x40, 0x40, 0x50, 0x68, 0x79, 0x72
.byte 0x65, 0x40, 0x40, 0x00
.globl _sym_00c17c20
_sym_00c17c20:
.long _sym_00b69fe8
.byte 0x00, 0x00, 0x00, 0x00, 0x2e, 0x3f, 0x41, 0x56, 0x3f, 0x24, 0x50, 0x43, 0x6c, 0x61, 0x73, 0x73
.byte 0x44, 0x65, 0x73, 0x63, 0x72, 0x69, 0x70, 0x74, 0x6f, 0x72, 0x41, 0x62, 0x73, 0x74, 0x72, 0x61
.byte 0x63, 0x74, 0x40, 0x56, 0x3f, 0x24, 0x50, 0x41, 0x72, 0x72, 0x61, 0x79, 0x40, 0x56, 0x50, 0x4d
.byte 0x61, 0x74, 0x65, 0x72, 0x69, 0x61, 0x6c, 0x53, 0x77, 0x69, 0x74, 0x63, 0x68, 0x40, 0x50, 0x52
.byte 0x65, 0x6e, 0x64, 0x65, 0x72, 0x69, 0x6e, 0x67, 0x40, 0x50, 0x68, 0x79, 0x72, 0x65, 0x40, 0x40
.byte 0x24, 0x30, 0x33, 0x40, 0x50, 0x68, 0x79, 0x72, 0x65, 0x40, 0x40, 0x40, 0x50, 0x68, 0x79, 0x72
.byte 0x65, 0x40, 0x40, 0x00
.globl _sym_00c17c88
_sym_00c17c88:
.long _sym_00b69fe8
.byte 0x00, 0x00, 0x00, 0x00, 0x2e, 0x3f, 0x41, 0x56, 0x3f, 0x24, 0x50, 0x43, 0x6c, 0x61, 0x73, 0x73
.byte 0x44, 0x65, 0x73, 0x63, 0x72, 0x69, 0x70, 0x74, 0x6f, 0x72, 0x46, 0x6f, 0x72, 0x54, 0x79, 0x70
.byte 0x65, 0x40, 0x56, 0x3f, 0x24, 0x50, 0x41, 0x72, 0x72, 0x61, 0x79, 0x40, 0x56, 0x50, 0x4d, 0x61
.byte 0x74, 0x65, 0x72, 0x69, 0x61, 0x6c, 0x53, 0x77, 0x69, 0x74, 0x63, 0x68, 0x40, 0x50, 0x52, 0x65
.byte 0x6e, 0x64, 0x65, 0x72, 0x69, 0x6e, 0x67, 0x40, 0x50, 0x68, 0x79, 0x72, 0x65, 0x40, 0x40, 0x24
.byte 0x30, 0x33, 0x40, 0x50, 0x68, 0x79, 0x72, 0x65, 0x40, 0x40, 0x40, 0x50, 0x68, 0x79, 0x72, 0x65
.byte 0x40, 0x40, 0x00, 0x00
.globl _sym_00c17cf0
_sym_00c17cf0:
.long _sym_00b69fe8
.byte 0x00, 0x00, 0x00, 0x00, 0x2e, 0x3f, 0x41, 0x56, 0x3f, 0x24, 0x50, 0x43, 0x6c, 0x61, 0x73, 0x73
.byte 0x44, 0x61, 0x74, 0x61, 0x4d, 0x65, 0x6d, 0x62, 0x65, 0x72, 0x41, 0x72, 0x72, 0x61, 0x79, 0x44
.byte 0x79, 0x6e, 0x61, 0x6d, 0x69, 0x63, 0x40, 0x56, 0x3f, 0x24, 0x50, 0x41, 0x72, 0x72, 0x61, 0x79
.byte 0x40, 0x56, 0x50, 0x4d, 0x61, 0x74, 0x65, 0x72, 0x69, 0x61, 0x6c, 0x53, 0x77, 0x69, 0x74, 0x63
.byte 0x68, 0x40, 0x50, 0x52, 0x65, 0x6e, 0x64, 0x65, 0x72, 0x69, 0x6e, 0x67, 0x40, 0x50, 0x68, 0x79
.byte 0x72, 0x65, 0x40, 0x40, 0x24, 0x30, 0x33, 0x40, 0x50, 0x68, 0x79, 0x72, 0x65, 0x40, 0x40, 0x40
.byte 0x50, 0x68, 0x79, 0x72, 0x65, 0x40, 0x40, 0x00, 0x00, 0x00, 0x00, 0x00
.globl _sym_00c17d60
_sym_00c17d60:
.long _sym_00b69fe8
.byte 0x00, 0x00, 0x00, 0x00, 0x2e, 0x3f, 0x41, 0x56, 0x3f, 0x24, 0x50, 0x43, 0x6c, 0x61, 0x73, 0x73
.byte 0x44, 0x65, 0x73, 0x63, 0x72, 0x69, 0x70, 0x74, 0x6f, 0x72, 0x43, 0x6f, 0x6e, 0x63, 0x72, 0x65
.byte 0x74, 0x65, 0x40, 0x56, 0x50, 0x45, 0x66, 0x66, 0x65, 0x63, 0x74, 0x40, 0x50, 0x52, 0x65, 0x6e
.byte 0x64, 0x65, 0x72, 0x69, 0x6e, 0x67, 0x40, 0x50, 0x68, 0x79, 0x72, 0x65, 0x40, 0x40, 0x40, 0x50
.byte 0x68, 0x79, 0x72, 0x65, 0x40, 0x40, 0x00, 0x00, 0x00, 0x00, 0x00, 0x00
.globl _sym_00c17db0
_sym_00c17db0:
.long _sym_00b69fe8
.byte 0x00, 0x00, 0x00, 0x00, 0x2e, 0x3f, 0x41, 0x56, 0x3f, 0x24, 0x50, 0x43, 0x6c, 0x61, 0x73, 0x73
.byte 0x44, 0x65, 0x73, 0x63, 0x72, 0x69, 0x70, 0x74, 0x6f, 0x72, 0x41, 0x62, 0x73, 0x74, 0x72, 0x61
.byte 0x63, 0x74, 0x40, 0x56, 0x50, 0x45, 0x66, 0x66, 0x65, 0x63, 0x74, 0x40, 0x50, 0x52, 0x65, 0x6e
.byte 0x64, 0x65, 0x72, 0x69, 0x6e, 0x67, 0x40, 0x50, 0x68, 0x79, 0x72, 0x65, 0x40, 0x40, 0x40, 0x50
.byte 0x68, 0x79, 0x72, 0x65, 0x40, 0x40, 0x00, 0x00, 0x00, 0x00, 0x00, 0x00
.globl _sym_00c17e00
_sym_00c17e00:
.long _sym_00b69fe8
.byte 0x00, 0x00, 0x00, 0x00, 0x2e, 0x3f, 0x41, 0x56, 0x3f, 0x24, 0x50, 0x43, 0x6c, 0x61, 0x73, 0x73
.byte 0x44, 0x65, 0x73, 0x63, 0x72, 0x69, 0x70, 0x74, 0x6f, 0x72, 0x46, 0x6f, 0x72, 0x54, 0x79, 0x70
.byte 0x65, 0x40, 0x56, 0x50, 0x45, 0x66, 0x66, 0x65, 0x63, 0x74, 0x40, 0x50, 0x52, 0x65, 0x6e, 0x64
.byte 0x65, 0x72, 0x69, 0x6e, 0x67, 0x40, 0x50, 0x68, 0x79, 0x72, 0x65, 0x40, 0x40, 0x40, 0x50, 0x68
.byte 0x79, 0x72, 0x65, 0x40, 0x40, 0x00, 0x00, 0x00
.globl _sym_00c17e4c
_sym_00c17e4c:
.long _sym_00b21cbc
.globl _sym_00c17e50
_sym_00c17e50:
.long _sym_00b21d1c
.globl _sym_00c17e54
_sym_00c17e54:
.long _sym_00b21d7c
.globl _sym_00c17e58
_sym_00c17e58:
.long _sym_00b21de8
.globl _sym_00c17e5c
_sym_00c17e5c:
.long _sym_00b21e48
.globl _sym_00c17e60
_sym_00c17e60:
.long _sym_00b69fe8
.byte 0x00, 0x00, 0x00, 0x00, 0x2e, 0x3f, 0x41, 0x56, 0x3f, 0x24, 0x50, 0x43, 0x6c, 0x61, 0x73, 0x73
.byte 0x44, 0x61, 0x74, 0x61, 0x4d, 0x65, 0x6d, 0x62, 0x65, 0x72, 0x50, 0x68, 0x79, 0x72, 0x65, 0x41
.byte 0x72, 0x72, 0x61, 0x79, 0x40, 0x50, 0x41, 0x56, 0x50, 0x45, 0x66, 0x66, 0x65, 0x63, 0x74, 0x56
.byte 0x61, 0x72, 0x69, 0x61, 0x6e, 0x74, 0x40, 0x50, 0x52, 0x65, 0x6e, 0x64, 0x65, 0x72, 0x69, 0x6e
.byte 0x67, 0x40, 0x50, 0x68, 0x79, 0x72, 0x65, 0x40, 0x40, 0x40, 0x50, 0x68, 0x79, 0x72, 0x65, 0x40
.byte 0x40, 0x00, 0x00, 0x00
.globl _sym_00c17eb8
_sym_00c17eb8:
.long _sym_00b69fe8
.byte 0x00, 0x00, 0x00, 0x00, 0x2e, 0x3f, 0x41, 0x56, 0x3f, 0x24, 0x50, 0x43, 0x6c, 0x61, 0x73, 0x73
.byte 0x44, 0x61, 0x74, 0x61, 0x4d, 0x65, 0x6d, 0x62, 0x65, 0x72, 0x50, 0x68, 0x79, 0x72, 0x65, 0x41
.byte 0x72, 0x72, 0x61, 0x79, 0x40, 0x50, 0x41, 0x56, 0x50, 0x4c, 0x69, 0x67, 0x68, 0x74, 0x54, 0x79
.byte 0x70, 0x65, 0x40, 0x50, 0x52, 0x65, 0x6e, 0x64, 0x65, 0x72, 0x69, 0x6e, 0x67, 0x40, 0x50, 0x68
.byte 0x79, 0x72, 0x65, 0x40, 0x40, 0x40, 0x50, 0x68, 0x79, 0x72, 0x65, 0x40, 0x40, 0x00, 0x00, 0x00
.byte 0x00, 0x00, 0x00, 0x00
.globl _sym_00c17f10
_sym_00c17f10:
.long _sym_00b69fe8
.byte 0x00, 0x00, 0x00, 0x00, 0x2e, 0x3f, 0x41, 0x56, 0x3f, 0x24, 0x50, 0x43, 0x6c, 0x61, 0x73, 0x73
.byte 0x44, 0x61, 0x74, 0x61, 0x4d, 0x65, 0x6d, 0x62, 0x65, 0x72, 0x50, 0x68, 0x79, 0x72, 0x65, 0x41
.byte 0x72, 0x72, 0x61, 0x79, 0x40, 0x50, 0x41, 0x56, 0x50, 0x53, 0x68, 0x61, 0x64, 0x6f, 0x77, 0x43
.byte 0x61, 0x73, 0x74, 0x65, 0x72, 0x54, 0x79, 0x70, 0x65, 0x40, 0x50, 0x52, 0x65, 0x6e, 0x64, 0x65
.byte 0x72, 0x69, 0x6e, 0x67, 0x40, 0x50, 0x68, 0x79, 0x72, 0x65, 0x40, 0x40, 0x40, 0x50, 0x68, 0x79
.byte 0x72, 0x65, 0x40, 0x40, 0x00, 0x00, 0x00, 0x00, 0x00, 0x00, 0x00, 0x00
.globl _sym_00c17f70
_sym_00c17f70:
.long _sym_00b69fe8
.byte 0x00, 0x00, 0x00, 0x00, 0x2e, 0x3f, 0x41, 0x56, 0x3f, 0x24, 0x50, 0x43, 0x6c, 0x61, 0x73, 0x73
.byte 0x44, 0x61, 0x74, 0x61, 0x4d, 0x65, 0x6d, 0x62, 0x65, 0x72, 0x50, 0x68, 0x79, 0x72, 0x65, 0x41
.byte 0x72, 0x72, 0x61, 0x79, 0x40, 0x50, 0x41, 0x56, 0x50, 0x43, 0x6f, 0x6e, 0x74, 0x65, 0x78, 0x74
.byte 0x53, 0x77, 0x69, 0x74, 0x63, 0x68, 0x40, 0x50, 0x52, 0x65, 0x6e, 0x64, 0x65, 0x72, 0x69, 0x6e
.byte 0x67, 0x40, 0x50, 0x68, 0x79, 0x72, 0x65, 0x40, 0x40, 0x40, 0x50, 0x68, 0x79, 0x72, 0x65, 0x40
.byte 0x40, 0x00, 0x00, 0x00
.globl _sym_00c17fc8
_sym_00c17fc8:
.long _sym_00b69fe8
.byte 0x00, 0x00, 0x00, 0x00, 0x2e, 0x3f, 0x41, 0x56, 0x3f, 0x24, 0x50, 0x43, 0x6c, 0x61, 0x73, 0x73
.byte 0x44, 0x61, 0x74, 0x61, 0x4d, 0x65, 0x6d, 0x62, 0x65, 0x72, 0x50, 0x68, 0x79, 0x72, 0x65, 0x41
.byte 0x72, 0x72, 0x61, 0x79, 0x40, 0x56, 0x50, 0x4e, 0x6f, 0x64, 0x65, 0x43, 0x6f, 0x6e, 0x74, 0x65
.byte 0x78, 0x74, 0x40, 0x50, 0x52, 0x65, 0x6e, 0x64, 0x65, 0x72, 0x69, 0x6e, 0x67, 0x40, 0x50, 0x68
.byte 0x79, 0x72, 0x65, 0x40, 0x40, 0x40, 0x50, 0x68, 0x79, 0x72, 0x65, 0x40, 0x40, 0x00, 0x00, 0x00
.byte 0x00, 0x00, 0x00, 0x00
.globl _sym_00c18020
_sym_00c18020:
.long _sym_00b69fe8
.byte 0x00, 0x00, 0x00, 0x00, 0x2e, 0x3f, 0x41, 0x56, 0x3f, 0x24, 0x50, 0x43, 0x6c, 0x61, 0x73, 0x73
.byte 0x44, 0x65, 0x73, 0x63, 0x72, 0x69, 0x70, 0x74, 0x6f, 0x72, 0x43, 0x6f, 0x6e, 0x63, 0x72, 0x65
.byte 0x74, 0x65, 0x40, 0x56, 0x3f, 0x24, 0x50, 0x41, 0x72, 0x72, 0x61, 0x79, 0x40, 0x56, 0x50, 0x4e
.byte 0x6f, 0x64, 0x65, 0x43, 0x6f, 0x6e, 0x74, 0x65, 0x78, 0x74, 0x40, 0x50, 0x52, 0x65, 0x6e, 0x64
.byte 0x65, 0x72, 0x69, 0x6e, 0x67, 0x40, 0x50, 0x68, 0x79, 0x72, 0x65, 0x40, 0x40, 0x24, 0x30, 0x33
.byte 0x40, 0x50, 0x68, 0x79, 0x72, 0x65, 0x40, 0x40, 0x40, 0x50, 0x68, 0x79, 0x72, 0x65, 0x40, 0x40
.byte 0x00, 0x00, 0x00, 0x00
.globl _sym_00c18088
_sym_00c18088:
.long _sym_00b69fe8
.byte 0x00, 0x00, 0x00, 0x00, 0x2e, 0x3f, 0x41, 0x56, 0x3f, 0x24, 0x50, 0x43, 0x6c, 0x61, 0x73, 0x73
.byte 0x44, 0x65, 0x73, 0x63, 0x72, 0x69, 0x70, 0x74, 0x6f, 0x72, 0x41, 0x62, 0x73, 0x74, 0x72, 0x61
.byte 0x63, 0x74, 0x40, 0x56, 0x3f, 0x24, 0x50, 0x41, 0x72, 0x72, 0x61, 0x79, 0x40, 0x56, 0x50, 0x4e
.byte 0x6f, 0x64, 0x65, 0x43, 0x6f, 0x6e, 0x74, 0x65, 0x78, 0x74, 0x40, 0x50, 0x52, 0x65, 0x6e, 0x64
.byte 0x65, 0x72, 0x69, 0x6e, 0x67, 0x40, 0x50, 0x68, 0x79, 0x72, 0x65, 0x40, 0x40, 0x24, 0x30, 0x33
.byte 0x40, 0x50, 0x68, 0x79, 0x72, 0x65, 0x40, 0x40, 0x40, 0x50, 0x68, 0x79, 0x72, 0x65, 0x40, 0x40
.byte 0x00, 0x00, 0x00, 0x00
.globl _sym_00c180f0
_sym_00c180f0:
.long _sym_00b69fe8
.byte 0x00, 0x00, 0x00, 0x00, 0x2e, 0x3f, 0x41, 0x56, 0x3f, 0x24, 0x50, 0x43, 0x6c, 0x61, 0x73, 0x73
.byte 0x44, 0x65, 0x73, 0x63, 0x72, 0x69, 0x70, 0x74, 0x6f, 0x72, 0x46, 0x6f, 0x72, 0x54, 0x79, 0x70
.byte 0x65, 0x40, 0x56, 0x3f, 0x24, 0x50, 0x41, 0x72, 0x72, 0x61, 0x79, 0x40, 0x56, 0x50, 0x4e, 0x6f
.byte 0x64, 0x65, 0x43, 0x6f, 0x6e, 0x74, 0x65, 0x78, 0x74, 0x40, 0x50, 0x52, 0x65, 0x6e, 0x64, 0x65
.byte 0x72, 0x69, 0x6e, 0x67, 0x40, 0x50, 0x68, 0x79, 0x72, 0x65, 0x40, 0x40, 0x24, 0x30, 0x33, 0x40
.byte 0x50, 0x68, 0x79, 0x72, 0x65, 0x40, 0x40, 0x40, 0x50, 0x68, 0x79, 0x72, 0x65, 0x40, 0x40, 0x00
.byte 0x00, 0x00, 0x00, 0x00
.globl _sym_00c18158
_sym_00c18158:
.long _sym_00b69fe8
.byte 0x00, 0x00, 0x00, 0x00, 0x2e, 0x3f, 0x41, 0x56, 0x3f, 0x24, 0x50, 0x43, 0x6c, 0x61, 0x73, 0x73
.byte 0x44, 0x61, 0x74, 0x61, 0x4d, 0x65, 0x6d, 0x62, 0x65, 0x72, 0x41, 0x72, 0x72, 0x61, 0x79, 0x44
.byte 0x79, 0x6e, 0x61, 0x6d, 0x69, 0x63, 0x40, 0x56, 0x3f, 0x24, 0x50, 0x41, 0x72, 0x72, 0x61, 0x79
.byte 0x40, 0x56, 0x50, 0x4e, 0x6f, 0x64, 0x65, 0x43, 0x6f, 0x6e, 0x74, 0x65, 0x78, 0x74, 0x40, 0x50
.byte 0x52, 0x65, 0x6e, 0x64, 0x65, 0x72, 0x69, 0x6e, 0x67, 0x40, 0x50, 0x68, 0x79, 0x72, 0x65, 0x40
.byte 0x40, 0x24, 0x30, 0x33, 0x40, 0x50, 0x68, 0x79, 0x72, 0x65, 0x40, 0x40, 0x40, 0x50, 0x68, 0x79
.byte 0x72, 0x65, 0x40, 0x40, 0x00, 0x00, 0x00, 0x00, 0x00, 0x00, 0x00, 0x00
.globl _sym_00c181c8
_sym_00c181c8:
.long _sym_00b69fe8
.byte 0x00, 0x00, 0x00, 0x00, 0x2e, 0x3f, 0x41, 0x56, 0x3f, 0x24, 0x50, 0x43, 0x6c, 0x61, 0x73, 0x73
.byte 0x44, 0x65, 0x73, 0x63, 0x72, 0x69, 0x70, 0x74, 0x6f, 0x72, 0x43, 0x6f, 0x6e, 0x63, 0x72, 0x65
.byte 0x74, 0x65, 0x40, 0x56, 0x3f, 0x24, 0x50, 0x41, 0x72, 0x72, 0x61, 0x79, 0x40, 0x50, 0x42, 0x56
.byte 0x50, 0x43, 0x6f, 0x6e, 0x74, 0x65, 0x78, 0x74, 0x53, 0x77, 0x69, 0x74, 0x63, 0x68, 0x40, 0x50
.byte 0x52, 0x65, 0x6e, 0x64, 0x65, 0x72, 0x69, 0x6e, 0x67, 0x40, 0x50, 0x68, 0x79, 0x72, 0x65, 0x40
.byte 0x40, 0x24, 0x30, 0x33, 0x40, 0x50, 0x68, 0x79, 0x72, 0x65, 0x40, 0x40, 0x40, 0x50, 0x68, 0x79
.byte 0x72, 0x65, 0x40, 0x40, 0x00, 0x00, 0x00, 0x00, 0x00, 0x00, 0x00, 0x00
.globl _sym_00c18238
_sym_00c18238:
.long _sym_00b69fe8
.byte 0x00, 0x00, 0x00, 0x00, 0x2e, 0x3f, 0x41, 0x56, 0x3f, 0x24, 0x50, 0x43, 0x6c, 0x61, 0x73, 0x73
.byte 0x44, 0x65, 0x73, 0x63, 0x72, 0x69, 0x70, 0x74, 0x6f, 0x72, 0x41, 0x62, 0x73, 0x74, 0x72, 0x61
.byte 0x63, 0x74, 0x40, 0x56, 0x3f, 0x24, 0x50, 0x41, 0x72, 0x72, 0x61, 0x79, 0x40, 0x50, 0x42, 0x56
.byte 0x50, 0x43, 0x6f, 0x6e, 0x74, 0x65, 0x78, 0x74, 0x53, 0x77, 0x69, 0x74, 0x63, 0x68, 0x40, 0x50
.byte 0x52, 0x65, 0x6e, 0x64, 0x65, 0x72, 0x69, 0x6e, 0x67, 0x40, 0x50, 0x68, 0x79, 0x72, 0x65, 0x40
.byte 0x40, 0x24, 0x30, 0x33, 0x40, 0x50, 0x68, 0x79, 0x72, 0x65, 0x40, 0x40, 0x40, 0x50, 0x68, 0x79
.byte 0x72, 0x65, 0x40, 0x40, 0x00, 0x00, 0x00, 0x00, 0x00, 0x00, 0x00, 0x00
.globl _sym_00c182a8
_sym_00c182a8:
.long _sym_00b69fe8
.byte 0x00, 0x00, 0x00, 0x00, 0x2e, 0x3f, 0x41, 0x56, 0x3f, 0x24, 0x50, 0x43, 0x6c, 0x61, 0x73, 0x73
.byte 0x44, 0x65, 0x73, 0x63, 0x72, 0x69, 0x70, 0x74, 0x6f, 0x72, 0x46, 0x6f, 0x72, 0x54, 0x79, 0x70
.byte 0x65, 0x40, 0x56, 0x3f, 0x24, 0x50, 0x41, 0x72, 0x72, 0x61, 0x79, 0x40, 0x50, 0x42, 0x56, 0x50
.byte 0x43, 0x6f, 0x6e, 0x74, 0x65, 0x78, 0x74, 0x53, 0x77, 0x69, 0x74, 0x63, 0x68, 0x40, 0x50, 0x52
.byte 0x65, 0x6e, 0x64, 0x65, 0x72, 0x69, 0x6e, 0x67, 0x40, 0x50, 0x68, 0x79, 0x72, 0x65, 0x40, 0x40
.byte 0x24, 0x30, 0x33, 0x40, 0x50, 0x68, 0x79, 0x72, 0x65, 0x40, 0x40, 0x40, 0x50, 0x68, 0x79, 0x72
.byte 0x65, 0x40, 0x40, 0x00
.globl _sym_00c18310
_sym_00c18310:
.long _sym_00b69fe8
.byte 0x00, 0x00, 0x00, 0x00, 0x2e, 0x3f, 0x41, 0x56, 0x3f, 0x24, 0x50, 0x43, 0x6c, 0x61, 0x73, 0x73
.byte 0x44, 0x61, 0x74, 0x61, 0x4d, 0x65, 0x6d, 0x62, 0x65, 0x72, 0x41, 0x72, 0x72, 0x61, 0x79, 0x44
.byte 0x79, 0x6e, 0x61, 0x6d, 0x69, 0x63, 0x40, 0x56, 0x3f, 0x24, 0x50, 0x41, 0x72, 0x72, 0x61, 0x79
.byte 0x40, 0x50, 0x42, 0x56, 0x50, 0x43, 0x6f, 0x6e, 0x74, 0x65, 0x78, 0x74, 0x53, 0x77, 0x69, 0x74
.byte 0x63, 0x68, 0x40, 0x50, 0x52, 0x65, 0x6e, 0x64, 0x65, 0x72, 0x69, 0x6e, 0x67, 0x40, 0x50, 0x68
.byte 0x79, 0x72, 0x65, 0x40, 0x40, 0x24, 0x30, 0x33, 0x40, 0x50, 0x68, 0x79, 0x72, 0x65, 0x40, 0x40
.byte 0x40, 0x50, 0x68, 0x79, 0x72, 0x65, 0x40, 0x40, 0x00, 0x00, 0x00, 0x00
.globl _sym_00c18380
_sym_00c18380:
.long _sym_00b69fe8
.byte 0x00, 0x00, 0x00, 0x00, 0x2e, 0x3f, 0x41, 0x56, 0x3f, 0x24, 0x50, 0x43, 0x6c, 0x61, 0x73, 0x73
.byte 0x44, 0x65, 0x73, 0x63, 0x72, 0x69, 0x70, 0x74, 0x6f, 0x72, 0x43, 0x6f, 0x6e, 0x63, 0x72, 0x65
.byte 0x74, 0x65, 0x40, 0x56, 0x3f, 0x24, 0x50, 0x41, 0x72, 0x72, 0x61, 0x79, 0x40, 0x50, 0x42, 0x56
.byte 0x50, 0x53, 0x68, 0x61, 0x64, 0x6f, 0x77, 0x43, 0x61, 0x73, 0x74, 0x65, 0x72, 0x54, 0x79, 0x70
.byte 0x65, 0x40, 0x50, 0x52, 0x65, 0x6e, 0x64, 0x65, 0x72, 0x69, 0x6e, 0x67, 0x40, 0x50, 0x68, 0x79
.byte 0x72, 0x65, 0x40, 0x40, 0x24, 0x30, 0x33, 0x40, 0x50, 0x68, 0x79, 0x72, 0x65, 0x40, 0x40, 0x40
.byte 0x50, 0x68, 0x79, 0x72, 0x65, 0x40, 0x40, 0x00, 0x00, 0x00, 0x00, 0x00
.globl _sym_00c183f0
_sym_00c183f0:
.long _sym_00b69fe8
.byte 0x00, 0x00, 0x00, 0x00, 0x2e, 0x3f, 0x41, 0x56, 0x3f, 0x24, 0x50, 0x43, 0x6c, 0x61, 0x73, 0x73
.byte 0x44, 0x65, 0x73, 0x63, 0x72, 0x69, 0x70, 0x74, 0x6f, 0x72, 0x41, 0x62, 0x73, 0x74, 0x72, 0x61
.byte 0x63, 0x74, 0x40, 0x56, 0x3f, 0x24, 0x50, 0x41, 0x72, 0x72, 0x61, 0x79, 0x40, 0x50, 0x42, 0x56
.byte 0x50, 0x53, 0x68, 0x61, 0x64, 0x6f, 0x77, 0x43, 0x61, 0x73, 0x74, 0x65, 0x72, 0x54, 0x79, 0x70
.byte 0x65, 0x40, 0x50, 0x52, 0x65, 0x6e, 0x64, 0x65, 0x72, 0x69, 0x6e, 0x67, 0x40, 0x50, 0x68, 0x79
.byte 0x72, 0x65, 0x40, 0x40, 0x24, 0x30, 0x33, 0x40, 0x50, 0x68, 0x79, 0x72, 0x65, 0x40, 0x40, 0x40
.byte 0x50, 0x68, 0x79, 0x72, 0x65, 0x40, 0x40, 0x00, 0x00, 0x00, 0x00, 0x00
.globl _sym_00c18460
_sym_00c18460:
.long _sym_00b69fe8
.byte 0x00, 0x00, 0x00, 0x00, 0x2e, 0x3f, 0x41, 0x56, 0x3f, 0x24, 0x50, 0x43, 0x6c, 0x61, 0x73, 0x73
.byte 0x44, 0x65, 0x73, 0x63, 0x72, 0x69, 0x70, 0x74, 0x6f, 0x72, 0x46, 0x6f, 0x72, 0x54, 0x79, 0x70
.byte 0x65, 0x40, 0x56, 0x3f, 0x24, 0x50, 0x41, 0x72, 0x72, 0x61, 0x79, 0x40, 0x50, 0x42, 0x56, 0x50
.byte 0x53, 0x68, 0x61, 0x64, 0x6f, 0x77, 0x43, 0x61, 0x73, 0x74, 0x65, 0x72, 0x54, 0x79, 0x70, 0x65
.byte 0x40, 0x50, 0x52, 0x65, 0x6e, 0x64, 0x65, 0x72, 0x69, 0x6e, 0x67, 0x40, 0x50, 0x68, 0x79, 0x72
.byte 0x65, 0x40, 0x40, 0x24, 0x30, 0x33, 0x40, 0x50, 0x68, 0x79, 0x72, 0x65, 0x40, 0x40, 0x40, 0x50
.byte 0x68, 0x79, 0x72, 0x65, 0x40, 0x40, 0x00, 0x00, 0x00, 0x00, 0x00, 0x00
.globl _sym_00c184d0
_sym_00c184d0:
.long _sym_00b69fe8
.byte 0x00, 0x00, 0x00, 0x00, 0x2e, 0x3f, 0x41, 0x56, 0x3f, 0x24, 0x50, 0x43, 0x6c, 0x61, 0x73, 0x73
.byte 0x44, 0x61, 0x74, 0x61, 0x4d, 0x65, 0x6d, 0x62, 0x65, 0x72, 0x41, 0x72, 0x72, 0x61, 0x79, 0x44
.byte 0x79, 0x6e, 0x61, 0x6d, 0x69, 0x63, 0x40, 0x56, 0x3f, 0x24, 0x50, 0x41, 0x72, 0x72, 0x61, 0x79
.byte 0x40, 0x50, 0x42, 0x56, 0x50, 0x53, 0x68, 0x61, 0x64, 0x6f, 0x77, 0x43, 0x61, 0x73, 0x74, 0x65
.byte 0x72, 0x54, 0x79, 0x70, 0x65, 0x40, 0x50, 0x52, 0x65, 0x6e, 0x64, 0x65, 0x72, 0x69, 0x6e, 0x67
.byte 0x40, 0x50, 0x68, 0x79, 0x72, 0x65, 0x40, 0x40, 0x24, 0x30, 0x33, 0x40, 0x50, 0x68, 0x79, 0x72
.byte 0x65, 0x40, 0x40, 0x40, 0x50, 0x68, 0x79, 0x72, 0x65, 0x40, 0x40, 0x00
.globl _sym_00c18540
_sym_00c18540:
.long _sym_00b69fe8
.byte 0x00, 0x00, 0x00, 0x00, 0x2e, 0x3f, 0x41, 0x56, 0x3f, 0x24, 0x50, 0x43, 0x6c, 0x61, 0x73, 0x73
.byte 0x44, 0x65, 0x73, 0x63, 0x72, 0x69, 0x70, 0x74, 0x6f, 0x72, 0x43, 0x6f, 0x6e, 0x63, 0x72, 0x65
.byte 0x74, 0x65, 0x40, 0x56, 0x3f, 0x24, 0x50, 0x41, 0x72, 0x72, 0x61, 0x79, 0x40, 0x50, 0x42, 0x56
.byte 0x50, 0x4c, 0x69, 0x67, 0x68, 0x74, 0x54, 0x79, 0x70, 0x65, 0x40, 0x50, 0x52, 0x65, 0x6e, 0x64
.byte 0x65, 0x72, 0x69, 0x6e, 0x67, 0x40, 0x50, 0x68, 0x79, 0x72, 0x65, 0x40, 0x40, 0x24, 0x30, 0x33
.byte 0x40, 0x50, 0x68, 0x79, 0x72, 0x65, 0x40, 0x40, 0x40, 0x50, 0x68, 0x79, 0x72, 0x65, 0x40, 0x40
.byte 0x00, 0x00, 0x00, 0x00
.globl _sym_00c185a8
_sym_00c185a8:
.long _sym_00b69fe8
.byte 0x00, 0x00, 0x00, 0x00, 0x2e, 0x3f, 0x41, 0x56, 0x3f, 0x24, 0x50, 0x43, 0x6c, 0x61, 0x73, 0x73
.byte 0x44, 0x65, 0x73, 0x63, 0x72, 0x69, 0x70, 0x74, 0x6f, 0x72, 0x41, 0x62, 0x73, 0x74, 0x72, 0x61
.byte 0x63, 0x74, 0x40, 0x56, 0x3f, 0x24, 0x50, 0x41, 0x72, 0x72, 0x61, 0x79, 0x40, 0x50, 0x42, 0x56
.byte 0x50, 0x4c, 0x69, 0x67, 0x68, 0x74, 0x54, 0x79, 0x70, 0x65, 0x40, 0x50, 0x52, 0x65, 0x6e, 0x64
.byte 0x65, 0x72, 0x69, 0x6e, 0x67, 0x40, 0x50, 0x68, 0x79, 0x72, 0x65, 0x40, 0x40, 0x24, 0x30, 0x33
.byte 0x40, 0x50, 0x68, 0x79, 0x72, 0x65, 0x40, 0x40, 0x40, 0x50, 0x68, 0x79, 0x72, 0x65, 0x40, 0x40
.byte 0x00, 0x00, 0x00, 0x00
.globl _sym_00c18610
_sym_00c18610:
.long _sym_00b69fe8
.byte 0x00, 0x00, 0x00, 0x00, 0x2e, 0x3f, 0x41, 0x56, 0x3f, 0x24, 0x50, 0x43, 0x6c, 0x61, 0x73, 0x73
.byte 0x44, 0x65, 0x73, 0x63, 0x72, 0x69, 0x70, 0x74, 0x6f, 0x72, 0x46, 0x6f, 0x72, 0x54, 0x79, 0x70
.byte 0x65, 0x40, 0x56, 0x3f, 0x24, 0x50, 0x41, 0x72, 0x72, 0x61, 0x79, 0x40, 0x50, 0x42, 0x56, 0x50
.byte 0x4c, 0x69, 0x67, 0x68, 0x74, 0x54, 0x79, 0x70, 0x65, 0x40, 0x50, 0x52, 0x65, 0x6e, 0x64, 0x65
.byte 0x72, 0x69, 0x6e, 0x67, 0x40, 0x50, 0x68, 0x79, 0x72, 0x65, 0x40, 0x40, 0x24, 0x30, 0x33, 0x40
.byte 0x50, 0x68, 0x79, 0x72, 0x65, 0x40, 0x40, 0x40, 0x50, 0x68, 0x79, 0x72, 0x65, 0x40, 0x40, 0x00
.byte 0x00, 0x00, 0x00, 0x00
.globl _sym_00c18678
_sym_00c18678:
.long _sym_00b69fe8
.byte 0x00, 0x00, 0x00, 0x00, 0x2e, 0x3f, 0x41, 0x56, 0x3f, 0x24, 0x50, 0x43, 0x6c, 0x61, 0x73, 0x73
.byte 0x44, 0x61, 0x74, 0x61, 0x4d, 0x65, 0x6d, 0x62, 0x65, 0x72, 0x41, 0x72, 0x72, 0x61, 0x79, 0x44
.byte 0x79, 0x6e, 0x61, 0x6d, 0x69, 0x63, 0x40, 0x56, 0x3f, 0x24, 0x50, 0x41, 0x72, 0x72, 0x61, 0x79
.byte 0x40, 0x50, 0x42, 0x56, 0x50, 0x4c, 0x69, 0x67, 0x68, 0x74, 0x54, 0x79, 0x70, 0x65, 0x40, 0x50
.byte 0x52, 0x65, 0x6e, 0x64, 0x65, 0x72, 0x69, 0x6e, 0x67, 0x40, 0x50, 0x68, 0x79, 0x72, 0x65, 0x40
.byte 0x40, 0x24, 0x30, 0x33, 0x40, 0x50, 0x68, 0x79, 0x72, 0x65, 0x40, 0x40, 0x40, 0x50, 0x68, 0x79
.byte 0x72, 0x65, 0x40, 0x40, 0x00, 0x00, 0x00, 0x00, 0x00, 0x00, 0x00, 0x00
.globl _sym_00c186e8
_sym_00c186e8:
.long _sym_00b69fe8
.byte 0x00, 0x00, 0x00, 0x00, 0x2e, 0x3f, 0x41, 0x56, 0x3f, 0x24, 0x50, 0x43, 0x6c, 0x61, 0x73, 0x73
.byte 0x44, 0x65, 0x73, 0x63, 0x72, 0x69, 0x70, 0x74, 0x6f, 0x72, 0x43, 0x6f, 0x6e, 0x63, 0x72, 0x65
.byte 0x74, 0x65, 0x40, 0x56, 0x3f, 0x24, 0x50, 0x41, 0x72, 0x72, 0x61, 0x79, 0x40, 0x50, 0x41, 0x56
.byte 0x50, 0x45, 0x66, 0x66, 0x65, 0x63, 0x74, 0x56, 0x61, 0x72, 0x69, 0x61, 0x6e, 0x74, 0x40, 0x50
.byte 0x52, 0x65, 0x6e, 0x64, 0x65, 0x72, 0x69, 0x6e, 0x67, 0x40, 0x50, 0x68, 0x79, 0x72, 0x65, 0x40
.byte 0x40, 0x24, 0x30, 0x33, 0x40, 0x50, 0x68, 0x79, 0x72, 0x65, 0x40, 0x40, 0x40, 0x50, 0x68, 0x79
.byte 0x72, 0x65, 0x40, 0x40, 0x00, 0x00, 0x00, 0x00, 0x00, 0x00, 0x00, 0x00
.globl _sym_00c18758
_sym_00c18758:
.long _sym_00b69fe8
.byte 0x00, 0x00, 0x00, 0x00, 0x2e, 0x3f, 0x41, 0x56, 0x3f, 0x24, 0x50, 0x43, 0x6c, 0x61, 0x73, 0x73
.byte 0x44, 0x65, 0x73, 0x63, 0x72, 0x69, 0x70, 0x74, 0x6f, 0x72, 0x41, 0x62, 0x73, 0x74, 0x72, 0x61
.byte 0x63, 0x74, 0x40, 0x56, 0x3f, 0x24, 0x50, 0x41, 0x72, 0x72, 0x61, 0x79, 0x40, 0x50, 0x41, 0x56
.byte 0x50, 0x45, 0x66, 0x66, 0x65, 0x63, 0x74, 0x56, 0x61, 0x72, 0x69, 0x61, 0x6e, 0x74, 0x40, 0x50
.byte 0x52, 0x65, 0x6e, 0x64, 0x65, 0x72, 0x69, 0x6e, 0x67, 0x40, 0x50, 0x68, 0x79, 0x72, 0x65, 0x40
.byte 0x40, 0x24, 0x30, 0x33, 0x40, 0x50, 0x68, 0x79, 0x72, 0x65, 0x40, 0x40, 0x40, 0x50, 0x68, 0x79
.byte 0x72, 0x65, 0x40, 0x40, 0x00, 0x00, 0x00, 0x00, 0x00, 0x00, 0x00, 0x00
.globl _sym_00c187c8
_sym_00c187c8:
.long _sym_00b69fe8
.byte 0x00, 0x00, 0x00, 0x00, 0x2e, 0x3f, 0x41, 0x56, 0x3f, 0x24, 0x50, 0x43, 0x6c, 0x61, 0x73, 0x73
.byte 0x44, 0x65, 0x73, 0x63, 0x72, 0x69, 0x70, 0x74, 0x6f, 0x72, 0x46, 0x6f, 0x72, 0x54, 0x79, 0x70
.byte 0x65, 0x40, 0x56, 0x3f, 0x24, 0x50, 0x41, 0x72, 0x72, 0x61, 0x79, 0x40, 0x50, 0x41, 0x56, 0x50
.byte 0x45, 0x66, 0x66, 0x65, 0x63, 0x74, 0x56, 0x61, 0x72, 0x69, 0x61, 0x6e, 0x74, 0x40, 0x50, 0x52
.byte 0x65, 0x6e, 0x64, 0x65, 0x72, 0x69, 0x6e, 0x67, 0x40, 0x50, 0x68, 0x79, 0x72, 0x65, 0x40, 0x40
.byte 0x24, 0x30, 0x33, 0x40, 0x50, 0x68, 0x79, 0x72, 0x65, 0x40, 0x40, 0x40, 0x50, 0x68, 0x79, 0x72
.byte 0x65, 0x40, 0x40, 0x00
.globl _sym_00c18830
_sym_00c18830:
.long _sym_00b69fe8
.byte 0x00, 0x00, 0x00, 0x00, 0x2e, 0x3f, 0x41, 0x56, 0x3f, 0x24, 0x50, 0x43, 0x6c, 0x61, 0x73, 0x73
.byte 0x44, 0x61, 0x74, 0x61, 0x4d, 0x65, 0x6d, 0x62, 0x65, 0x72, 0x41, 0x72, 0x72, 0x61, 0x79, 0x44
.byte 0x79, 0x6e, 0x61, 0x6d, 0x69, 0x63, 0x40, 0x56, 0x3f, 0x24, 0x50, 0x41, 0x72, 0x72, 0x61, 0x79
.byte 0x40, 0x50, 0x41, 0x56, 0x50, 0x45, 0x66, 0x66, 0x65, 0x63, 0x74, 0x56, 0x61, 0x72, 0x69, 0x61
.byte 0x6e, 0x74, 0x40, 0x50, 0x52, 0x65, 0x6e, 0x64, 0x65, 0x72, 0x69, 0x6e, 0x67, 0x40, 0x50, 0x68
.byte 0x79, 0x72, 0x65, 0x40, 0x40, 0x24, 0x30, 0x33, 0x40, 0x50, 0x68, 0x79, 0x72, 0x65, 0x40, 0x40
.byte 0x40, 0x50, 0x68, 0x79, 0x72, 0x65, 0x40, 0x40, 0x00, 0x00, 0x00, 0x00
.globl _sym_00c188a0
_sym_00c188a0:
.long _sym_00b69fe8
.byte 0x00, 0x00, 0x00, 0x00, 0x2e, 0x3f, 0x41, 0x56, 0x3f, 0x24, 0x50, 0x43, 0x6c, 0x61, 0x73, 0x73
.byte 0x44, 0x65, 0x73, 0x63, 0x72, 0x69, 0x70, 0x74, 0x6f, 0x72, 0x43, 0x6f, 0x6e, 0x63, 0x72, 0x65
.byte 0x74, 0x65, 0x40, 0x56, 0x50, 0x4d, 0x65, 0x73, 0x68, 0x49, 0x6e, 0x73, 0x74, 0x61, 0x6e, 0x63
.byte 0x65, 0x53, 0x65, 0x67, 0x6d, 0x65, 0x6e, 0x74, 0x53, 0x74, 0x72, 0x65, 0x61, 0x6d, 0x42, 0x69
.byte 0x6e, 0x64, 0x69, 0x6e, 0x67, 0x40, 0x50, 0x52, 0x65, 0x6e, 0x64, 0x65, 0x72, 0x69, 0x6e, 0x67
.byte 0x40, 0x50, 0x68, 0x79, 0x72, 0x65, 0x40, 0x40, 0x40, 0x50, 0x68, 0x79, 0x72, 0x65, 0x40, 0x40
.byte 0x00, 0x00, 0x00, 0x00
.globl _sym_00c18908
_sym_00c18908:
.long _sym_00b69fe8
.byte 0x00, 0x00, 0x00, 0x00, 0x2e, 0x3f, 0x41, 0x56, 0x3f, 0x24, 0x50, 0x43, 0x6c, 0x61, 0x73, 0x73
.byte 0x44, 0x65, 0x73, 0x63, 0x72, 0x69, 0x70, 0x74, 0x6f, 0x72, 0x41, 0x62, 0x73, 0x74, 0x72, 0x61
.byte 0x63, 0x74, 0x40, 0x56, 0x50, 0x4d, 0x65, 0x73, 0x68, 0x49, 0x6e, 0x73, 0x74, 0x61, 0x6e, 0x63
.byte 0x65, 0x53, 0x65, 0x67, 0x6d, 0x65, 0x6e, 0x74, 0x53, 0x74, 0x72, 0x65, 0x61, 0x6d, 0x42, 0x69
.byte 0x6e, 0x64, 0x69, 0x6e, 0x67, 0x40, 0x50, 0x52, 0x65, 0x6e, 0x64, 0x65, 0x72, 0x69, 0x6e, 0x67
.byte 0x40, 0x50, 0x68, 0x79, 0x72, 0x65, 0x40, 0x40, 0x40, 0x50, 0x68, 0x79, 0x72, 0x65, 0x40, 0x40
.byte 0x00, 0x00, 0x00, 0x00
.globl _sym_00c18970
_sym_00c18970:
.long _sym_00b69fe8
.byte 0x00, 0x00, 0x00, 0x00, 0x2e, 0x3f, 0x41, 0x56, 0x3f, 0x24, 0x50, 0x43, 0x6c, 0x61, 0x73, 0x73
.byte 0x44, 0x65, 0x73, 0x63, 0x72, 0x69, 0x70, 0x74, 0x6f, 0x72, 0x46, 0x6f, 0x72, 0x54, 0x79, 0x70
.byte 0x65, 0x40, 0x56, 0x50, 0x4d, 0x65, 0x73, 0x68, 0x49, 0x6e, 0x73, 0x74, 0x61, 0x6e, 0x63, 0x65
.byte 0x53, 0x65, 0x67, 0x6d, 0x65, 0x6e, 0x74, 0x53, 0x74, 0x72, 0x65, 0x61, 0x6d, 0x42, 0x69, 0x6e
.byte 0x64, 0x69, 0x6e, 0x67, 0x40, 0x50, 0x52, 0x65, 0x6e, 0x64, 0x65, 0x72, 0x69, 0x6e, 0x67, 0x40
.byte 0x50, 0x68, 0x79, 0x72, 0x65, 0x40, 0x40, 0x40, 0x50, 0x68, 0x79, 0x72, 0x65, 0x40, 0x40, 0x00
.byte 0x00, 0x00, 0x00, 0x00
.globl _sym_00c189d8
_sym_00c189d8:
.long _sym_00b69fe8
.byte 0x00, 0x00, 0x00, 0x00, 0x2e, 0x3f, 0x41, 0x56, 0x3f, 0x24, 0x50, 0x43, 0x6c, 0x61, 0x73, 0x73
.byte 0x44, 0x65, 0x73, 0x63, 0x72, 0x69, 0x70, 0x74, 0x6f, 0x72, 0x43, 0x6f, 0x6e, 0x63, 0x72, 0x65
.byte 0x74, 0x65, 0x40, 0x56, 0x50, 0x4d, 0x65, 0x73, 0x68, 0x49, 0x6e, 0x73, 0x74, 0x61, 0x6e, 0x63
.byte 0x65, 0x53, 0x65, 0x67, 0x6d, 0x65, 0x6e, 0x74, 0x43, 0x6f, 0x6e, 0x74, 0x65, 0x78, 0x74, 0x40
.byte 0x50, 0x52, 0x65, 0x6e, 0x64, 0x65, 0x72, 0x69, 0x6e, 0x67, 0x40, 0x50, 0x68, 0x79, 0x72, 0x65
.byte 0x40, 0x40, 0x40, 0x50, 0x68, 0x79, 0x72, 0x65, 0x40, 0x40, 0x00, 0x00
.globl _sym_00c18a38
_sym_00c18a38:
.long _sym_00b69fe8
.byte 0x00, 0x00, 0x00, 0x00, 0x2e, 0x3f, 0x41, 0x56, 0x3f, 0x24, 0x50, 0x43, 0x6c, 0x61, 0x73, 0x73
.byte 0x44, 0x65, 0x73, 0x63, 0x72, 0x69, 0x70, 0x74, 0x6f, 0x72, 0x41, 0x62, 0x73, 0x74, 0x72, 0x61
.byte 0x63, 0x74, 0x40, 0x56, 0x50, 0x4d, 0x65, 0x73, 0x68, 0x49, 0x6e, 0x73, 0x74, 0x61, 0x6e, 0x63
.byte 0x65, 0x53, 0x65, 0x67, 0x6d, 0x65, 0x6e, 0x74, 0x43, 0x6f, 0x6e, 0x74, 0x65, 0x78, 0x74, 0x40
.byte 0x50, 0x52, 0x65, 0x6e, 0x64, 0x65, 0x72, 0x69, 0x6e, 0x67, 0x40, 0x50, 0x68, 0x79, 0x72, 0x65
.byte 0x40, 0x40, 0x40, 0x50, 0x68, 0x79, 0x72, 0x65, 0x40, 0x40, 0x00, 0x00
.globl _sym_00c18a98
_sym_00c18a98:
.long _sym_00b69fe8
.byte 0x00, 0x00, 0x00, 0x00, 0x2e, 0x3f, 0x41, 0x56, 0x3f, 0x24, 0x50, 0x43, 0x6c, 0x61, 0x73, 0x73
.byte 0x44, 0x65, 0x73, 0x63, 0x72, 0x69, 0x70, 0x74, 0x6f, 0x72, 0x46, 0x6f, 0x72, 0x54, 0x79, 0x70
.byte 0x65, 0x40, 0x56, 0x50, 0x4d, 0x65, 0x73, 0x68, 0x49, 0x6e, 0x73, 0x74, 0x61, 0x6e, 0x63, 0x65
.byte 0x53, 0x65, 0x67, 0x6d, 0x65, 0x6e, 0x74, 0x43, 0x6f, 0x6e, 0x74, 0x65, 0x78, 0x74, 0x40, 0x50
.byte 0x52, 0x65, 0x6e, 0x64, 0x65, 0x72, 0x69, 0x6e, 0x67, 0x40, 0x50, 0x68, 0x79, 0x72, 0x65, 0x40
.byte 0x40, 0x40, 0x50, 0x68, 0x79, 0x72, 0x65, 0x40, 0x40, 0x00, 0x00, 0x00
.globl _sym_00c18af8
_sym_00c18af8:
.long _sym_00b69fe8
.byte 0x00, 0x00, 0x00, 0x00, 0x2e, 0x3f, 0x41, 0x56, 0x3f, 0x24, 0x50, 0x43, 0x6c, 0x61, 0x73, 0x73
.byte 0x44, 0x65, 0x73, 0x63, 0x72, 0x69, 0x70, 0x74, 0x6f, 0x72, 0x57, 0x69, 0x74, 0x68, 0x6f, 0x75
.byte 0x74, 0x44, 0x65, 0x66, 0x61, 0x75, 0x6c, 0x74, 0x43, 0x6f, 0x6e, 0x73, 0x74, 0x72, 0x75, 0x63
.byte 0x74, 0x6f, 0x72, 0x40, 0x56, 0x50, 0x4d, 0x65, 0x73, 0x68, 0x49, 0x6e, 0x73, 0x74, 0x61, 0x6e
.byte 0x63, 0x65, 0x40, 0x50, 0x52, 0x65, 0x6e, 0x64, 0x65, 0x72, 0x69, 0x6e, 0x67, 0x40, 0x50, 0x68
.byte 0x79, 0x72, 0x65, 0x40, 0x40, 0x40, 0x50, 0x68, 0x79, 0x72, 0x65, 0x40, 0x40, 0x00, 0x00, 0x00
.byte 0x00, 0x00, 0x00, 0x00
.globl _sym_00c18b60
_sym_00c18b60:
.long _sym_00b69fe8
.byte 0x00, 0x00, 0x00, 0x00, 0x2e, 0x3f, 0x41, 0x56, 0x3f, 0x24, 0x50, 0x43, 0x6c, 0x61, 0x73, 0x73
.byte 0x44, 0x65, 0x73, 0x63, 0x72, 0x69, 0x70, 0x74, 0x6f, 0x72, 0x41, 0x62, 0x73, 0x74, 0x72, 0x61
.byte 0x63, 0x74, 0x40, 0x56, 0x50, 0x4d, 0x65, 0x73, 0x68, 0x49, 0x6e, 0x73, 0x74, 0x61, 0x6e, 0x63
.byte 0x65, 0x40, 0x50, 0x52, 0x65, 0x6e, 0x64, 0x65, 0x72, 0x69, 0x6e, 0x67, 0x40, 0x50, 0x68, 0x79
.byte 0x72, 0x65, 0x40, 0x40, 0x40, 0x50, 0x68, 0x79, 0x72, 0x65, 0x40, 0x40, 0x00, 0x00, 0x00, 0x00
.byte 0x00, 0x00, 0x00, 0x00
.globl _sym_00c18bb8
_sym_00c18bb8:
.long _sym_00b69fe8
.byte 0x00, 0x00, 0x00, 0x00, 0x2e, 0x3f, 0x41, 0x56, 0x3f, 0x24, 0x50, 0x43, 0x6c, 0x61, 0x73, 0x73
.byte 0x44, 0x65, 0x73, 0x63, 0x72, 0x69, 0x70, 0x74, 0x6f, 0x72, 0x46, 0x6f, 0x72, 0x54, 0x79, 0x70
.byte 0x65, 0x40, 0x56, 0x50, 0x4d, 0x65, 0x73, 0x68, 0x49, 0x6e, 0x73, 0x74, 0x61, 0x6e, 0x63, 0x65
.byte 0x40, 0x50, 0x52, 0x65, 0x6e, 0x64, 0x65, 0x72, 0x69, 0x6e, 0x67, 0x40, 0x50, 0x68, 0x79, 0x72
.byte 0x65, 0x40, 0x40, 0x40, 0x50, 0x68, 0x79, 0x72, 0x65, 0x40, 0x40, 0x00
.globl _sym_00c18c08
_sym_00c18c08:
.long _sym_00b22eb8
.globl _sym_00c18c0c
_sym_00c18c0c:
.long _sym_00b15bbc
.globl _sym_00c18c10
_sym_00c18c10:
.long _sym_00b22f80
.byte 0x00, 0x00, 0x00, 0x00
.globl _sym_00c18c18
_sym_00c18c18:
.long _sym_00b69fe8
.byte 0x00, 0x00, 0x00, 0x00, 0x2e, 0x3f, 0x41, 0x56, 0x3f, 0x24, 0x50, 0x43, 0x6c, 0x61, 0x73, 0x73
.byte 0x44, 0x61, 0x74, 0x61, 0x4d, 0x65, 0x6d, 0x62, 0x65, 0x72, 0x50, 0x68, 0x79, 0x72, 0x65, 0x53
.byte 0x68, 0x61, 0x72, 0x72, 0x61, 0x79, 0x40, 0x50, 0x41, 0x56, 0x50, 0x4d, 0x65, 0x73, 0x68, 0x49
.byte 0x6e, 0x73, 0x74, 0x61, 0x6e, 0x63, 0x65, 0x53, 0x65, 0x67, 0x6d, 0x65, 0x6e, 0x74, 0x53, 0x74
.byte 0x72, 0x65, 0x61, 0x6d, 0x42, 0x69, 0x6e, 0x64, 0x69, 0x6e, 0x67, 0x40, 0x50, 0x52, 0x65, 0x6e
.byte 0x64, 0x65, 0x72, 0x69, 0x6e, 0x67, 0x40, 0x50, 0x68, 0x79, 0x72, 0x65, 0x40, 0x40, 0x40, 0x50
.byte 0x68, 0x79, 0x72, 0x65, 0x40, 0x40, 0x00, 0x00, 0x00, 0x00, 0x00, 0x00
.globl _sym_00c18c88
_sym_00c18c88:
.long _sym_00b69fe8
.byte 0x00, 0x00, 0x00, 0x00, 0x2e, 0x3f, 0x41, 0x56, 0x3f, 0x24, 0x50, 0x43, 0x6c, 0x61, 0x73, 0x73
.byte 0x44, 0x61, 0x74, 0x61, 0x4d, 0x65, 0x6d, 0x62, 0x65, 0x72, 0x50, 0x68, 0x79, 0x72, 0x65, 0x41
.byte 0x72, 0x72, 0x61, 0x79, 0x40, 0x56, 0x50, 0x4d, 0x65, 0x73, 0x68, 0x49, 0x6e, 0x73, 0x74, 0x61
.byte 0x6e, 0x63, 0x65, 0x53, 0x65, 0x67, 0x6d, 0x65, 0x6e, 0x74, 0x43, 0x6f, 0x6e, 0x74, 0x65, 0x78
.byte 0x74, 0x40, 0x50, 0x52, 0x65, 0x6e, 0x64, 0x65, 0x72, 0x69, 0x6e, 0x67, 0x40, 0x50, 0x68, 0x79
.byte 0x72, 0x65, 0x40, 0x40, 0x40, 0x50, 0x68, 0x79, 0x72, 0x65, 0x40, 0x40, 0x00, 0x00, 0x00, 0x00
.byte 0x00, 0x00, 0x00, 0x00
.globl _sym_00c18cf0
_sym_00c18cf0:
.long _sym_00b69fe8
.byte 0x00, 0x00, 0x00, 0x00, 0x2e, 0x3f, 0x41, 0x56, 0x3f, 0x24, 0x50, 0x43, 0x6c, 0x61, 0x73, 0x73
.byte 0x44, 0x65, 0x73, 0x63, 0x72, 0x69, 0x70, 0x74, 0x6f, 0x72, 0x43, 0x6f, 0x6e, 0x63, 0x72, 0x65
.byte 0x74, 0x65, 0x40, 0x56, 0x3f, 0x24, 0x50, 0x53, 0x68, 0x61, 0x72, 0x72, 0x61, 0x79, 0x40, 0x50
.byte 0x42, 0x56, 0x50, 0x4d, 0x65, 0x73, 0x68, 0x49, 0x6e, 0x73, 0x74, 0x61, 0x6e, 0x63, 0x65, 0x53
.byte 0x65, 0x67, 0x6d, 0x65, 0x6e, 0x74, 0x53, 0x74, 0x72, 0x65, 0x61, 0x6d, 0x42, 0x69, 0x6e, 0x64
.byte 0x69, 0x6e, 0x67, 0x40, 0x50, 0x52, 0x65, 0x6e, 0x64, 0x65, 0x72, 0x69, 0x6e, 0x67, 0x40, 0x50
.byte 0x68, 0x79, 0x72, 0x65, 0x40, 0x40, 0x40, 0x50, 0x68, 0x79, 0x72, 0x65, 0x40, 0x40, 0x40, 0x50
.byte 0x68, 0x79, 0x72, 0x65, 0x40, 0x40, 0x00, 0x00, 0x00, 0x00, 0x00, 0x00
.globl _sym_00c18d70
_sym_00c18d70:
.long _sym_00b69fe8
.byte 0x00, 0x00, 0x00, 0x00, 0x2e, 0x3f, 0x41, 0x56, 0x3f, 0x24, 0x50, 0x43, 0x6c, 0x61, 0x73, 0x73
.byte 0x44, 0x65, 0x73, 0x63, 0x72, 0x69, 0x70, 0x74, 0x6f, 0x72, 0x41, 0x62, 0x73, 0x74, 0x72, 0x61
.byte 0x63, 0x74, 0x40, 0x56, 0x3f, 0x24, 0x50, 0x53, 0x68, 0x61, 0x72, 0x72, 0x61, 0x79, 0x40, 0x50
.byte 0x42, 0x56, 0x50, 0x4d, 0x65, 0x73, 0x68, 0x49, 0x6e, 0x73, 0x74, 0x61, 0x6e, 0x63, 0x65, 0x53
.byte 0x65, 0x67, 0x6d, 0x65, 0x6e, 0x74, 0x53, 0x74, 0x72, 0x65, 0x61, 0x6d, 0x42, 0x69, 0x6e, 0x64
.byte 0x69, 0x6e, 0x67, 0x40, 0x50, 0x52, 0x65, 0x6e, 0x64, 0x65, 0x72, 0x69, 0x6e, 0x67, 0x40, 0x50
.byte 0x68, 0x79, 0x72, 0x65, 0x40, 0x40, 0x40, 0x50, 0x68, 0x79, 0x72, 0x65, 0x40, 0x40, 0x40, 0x50
.byte 0x68, 0x79, 0x72, 0x65, 0x40, 0x40, 0x00, 0x00, 0x00, 0x00, 0x00, 0x00
.globl _sym_00c18df0
_sym_00c18df0:
.long _sym_00b69fe8
.byte 0x00, 0x00, 0x00, 0x00, 0x2e, 0x3f, 0x41, 0x56, 0x3f, 0x24, 0x50, 0x43, 0x6c, 0x61, 0x73, 0x73
.byte 0x44, 0x65, 0x73, 0x63, 0x72, 0x69, 0x70, 0x74, 0x6f, 0x72, 0x46, 0x6f, 0x72, 0x54, 0x79, 0x70
.byte 0x65, 0x40, 0x56, 0x3f, 0x24, 0x50, 0x53, 0x68, 0x61, 0x72, 0x72, 0x61, 0x79, 0x40, 0x50, 0x42
.byte 0x56, 0x50, 0x4d, 0x65, 0x73, 0x68, 0x49, 0x6e, 0x73, 0x74, 0x61, 0x6e, 0x63, 0x65, 0x53, 0x65
.byte 0x67, 0x6d, 0x65, 0x6e, 0x74, 0x53, 0x74, 0x72, 0x65, 0x61, 0x6d, 0x42, 0x69, 0x6e, 0x64, 0x69
.byte 0x6e, 0x67, 0x40, 0x50, 0x52, 0x65, 0x6e, 0x64, 0x65, 0x72, 0x69, 0x6e, 0x67, 0x40, 0x50, 0x68
.byte 0x79, 0x72, 0x65, 0x40, 0x40, 0x40, 0x50, 0x68, 0x79, 0x72, 0x65, 0x40, 0x40, 0x40, 0x50, 0x68
.byte 0x79, 0x72, 0x65, 0x40, 0x40, 0x00, 0x00, 0x00, 0x00, 0x00, 0x00, 0x00
.globl _sym_00c18e70
_sym_00c18e70:
.long _sym_00b69fe8
.byte 0x00, 0x00, 0x00, 0x00, 0x2e, 0x3f, 0x41, 0x56, 0x3f, 0x24, 0x50, 0x43, 0x6c, 0x61, 0x73, 0x73
.byte 0x44, 0x61, 0x74, 0x61, 0x4d, 0x65, 0x6d, 0x62, 0x65, 0x72, 0x41, 0x72, 0x72, 0x61, 0x79, 0x44
.byte 0x79, 0x6e, 0x61, 0x6d, 0x69, 0x63, 0x40, 0x56, 0x3f, 0x24, 0x50, 0x53, 0x68, 0x61, 0x72, 0x72
.byte 0x61, 0x79, 0x40, 0x50, 0x42, 0x56, 0x50, 0x4d, 0x65, 0x73, 0x68, 0x49, 0x6e, 0x73, 0x74, 0x61
.byte 0x6e, 0x63, 0x65, 0x53, 0x65, 0x67, 0x6d, 0x65, 0x6e, 0x74, 0x53, 0x74, 0x72, 0x65, 0x61, 0x6d
.byte 0x42, 0x69, 0x6e, 0x64, 0x69, 0x6e, 0x67, 0x40, 0x50, 0x52, 0x65, 0x6e, 0x64, 0x65, 0x72, 0x69
.byte 0x6e, 0x67, 0x40, 0x50, 0x68, 0x79, 0x72, 0x65, 0x40, 0x40, 0x40, 0x50, 0x68, 0x79, 0x72, 0x65
.byte 0x40, 0x40, 0x40, 0x50, 0x68, 0x79, 0x72, 0x65, 0x40, 0x40, 0x00, 0x00
.globl _sym_00c18ef0
_sym_00c18ef0:
.long _sym_00b69fe8
.byte 0x00, 0x00, 0x00, 0x00, 0x2e, 0x3f, 0x41, 0x56, 0x3f, 0x24, 0x50, 0x43, 0x6c, 0x61, 0x73, 0x73
.byte 0x44, 0x65, 0x73, 0x63, 0x72, 0x69, 0x70, 0x74, 0x6f, 0x72, 0x43, 0x6f, 0x6e, 0x63, 0x72, 0x65
.byte 0x74, 0x65, 0x40, 0x56, 0x3f, 0x24, 0x50, 0x41, 0x72, 0x72, 0x61, 0x79, 0x40, 0x56, 0x50, 0x4d
.byte 0x65, 0x73, 0x68, 0x49, 0x6e, 0x73, 0x74, 0x61, 0x6e, 0x63, 0x65, 0x53, 0x65, 0x67, 0x6d, 0x65
.byte 0x6e, 0x74, 0x43, 0x6f, 0x6e, 0x74, 0x65, 0x78, 0x74, 0x40, 0x50, 0x52, 0x65, 0x6e, 0x64, 0x65
.byte 0x72, 0x69, 0x6e, 0x67, 0x40, 0x50, 0x68, 0x79, 0x72, 0x65, 0x40, 0x40, 0x24, 0x30, 0x33, 0x40
.byte 0x50, 0x68, 0x79, 0x72, 0x65, 0x40, 0x40, 0x40, 0x50, 0x68, 0x79, 0x72, 0x65, 0x40, 0x40, 0x00
.byte 0x00, 0x00, 0x00, 0x00
.globl _sym_00c18f68
_sym_00c18f68:
.long _sym_00b69fe8
.byte 0x00, 0x00, 0x00, 0x00, 0x2e, 0x3f, 0x41, 0x56, 0x3f, 0x24, 0x50, 0x43, 0x6c, 0x61, 0x73, 0x73
.byte 0x44, 0x65, 0x73, 0x63, 0x72, 0x69, 0x70, 0x74, 0x6f, 0x72, 0x41, 0x62, 0x73, 0x74, 0x72, 0x61
.byte 0x63, 0x74, 0x40, 0x56, 0x3f, 0x24, 0x50, 0x41, 0x72, 0x72, 0x61, 0x79, 0x40, 0x56, 0x50, 0x4d
.byte 0x65, 0x73, 0x68, 0x49, 0x6e, 0x73, 0x74, 0x61, 0x6e, 0x63, 0x65, 0x53, 0x65, 0x67, 0x6d, 0x65
.byte 0x6e, 0x74, 0x43, 0x6f, 0x6e, 0x74, 0x65, 0x78, 0x74, 0x40, 0x50, 0x52, 0x65, 0x6e, 0x64, 0x65
.byte 0x72, 0x69, 0x6e, 0x67, 0x40, 0x50, 0x68, 0x79, 0x72, 0x65, 0x40, 0x40, 0x24, 0x30, 0x33, 0x40
.byte 0x50, 0x68, 0x79, 0x72, 0x65, 0x40, 0x40, 0x40, 0x50, 0x68, 0x79, 0x72, 0x65, 0x40, 0x40, 0x00
.byte 0x00, 0x00, 0x00, 0x00
.globl _sym_00c18fe0
_sym_00c18fe0:
.long _sym_00b69fe8
.byte 0x00, 0x00, 0x00, 0x00, 0x2e, 0x3f, 0x41, 0x56, 0x3f, 0x24, 0x50, 0x43, 0x6c, 0x61, 0x73, 0x73
.byte 0x44, 0x65, 0x73, 0x63, 0x72, 0x69, 0x70, 0x74, 0x6f, 0x72, 0x46, 0x6f, 0x72, 0x54, 0x79, 0x70
.byte 0x65, 0x40, 0x56, 0x3f, 0x24, 0x50, 0x41, 0x72, 0x72, 0x61, 0x79, 0x40, 0x56, 0x50, 0x4d, 0x65
.byte 0x73, 0x68, 0x49, 0x6e, 0x73, 0x74, 0x61, 0x6e, 0x63, 0x65, 0x53, 0x65, 0x67, 0x6d, 0x65, 0x6e
.byte 0x74, 0x43, 0x6f, 0x6e, 0x74, 0x65, 0x78, 0x74, 0x40, 0x50, 0x52, 0x65, 0x6e, 0x64, 0x65, 0x72
.byte 0x69, 0x6e, 0x67, 0x40, 0x50, 0x68, 0x79, 0x72, 0x65, 0x40, 0x40, 0x24, 0x30, 0x33, 0x40, 0x50
.byte 0x68, 0x79, 0x72, 0x65, 0x40, 0x40, 0x40, 0x50, 0x68, 0x79, 0x72, 0x65, 0x40, 0x40, 0x00, 0x00
.byte 0x00, 0x00, 0x00, 0x00
.globl _sym_00c19058
_sym_00c19058:
.long _sym_00b69fe8
.byte 0x00, 0x00, 0x00, 0x00, 0x2e, 0x3f, 0x41, 0x56, 0x3f, 0x24, 0x50, 0x43, 0x6c, 0x61, 0x73, 0x73
.byte 0x44, 0x61, 0x74, 0x61, 0x4d, 0x65, 0x6d, 0x62, 0x65, 0x72, 0x41, 0x72, 0x72, 0x61, 0x79, 0x44
.byte 0x79, 0x6e, 0x61, 0x6d, 0x69, 0x63, 0x40, 0x56, 0x3f, 0x24, 0x50, 0x41, 0x72, 0x72, 0x61, 0x79
.byte 0x40, 0x56, 0x50, 0x4d, 0x65, 0x73, 0x68, 0x49, 0x6e, 0x73, 0x74, 0x61, 0x6e, 0x63, 0x65, 0x53
.byte 0x65, 0x67, 0x6d, 0x65, 0x6e, 0x74, 0x43, 0x6f, 0x6e, 0x74, 0x65, 0x78, 0x74, 0x40, 0x50, 0x52
.byte 0x65, 0x6e, 0x64, 0x65, 0x72, 0x69, 0x6e, 0x67, 0x40, 0x50, 0x68, 0x79, 0x72, 0x65, 0x40, 0x40
.byte 0x24, 0x30, 0x33, 0x40, 0x50, 0x68, 0x79, 0x72, 0x65, 0x40, 0x40, 0x40, 0x50, 0x68, 0x79, 0x72
.byte 0x65, 0x40, 0x40, 0x00
.globl _sym_00c190d0
_sym_00c190d0:
.long _sym_00b69fe8
.byte 0x00, 0x00, 0x00, 0x00, 0x2e, 0x3f, 0x41, 0x56, 0x3f, 0x24, 0x50, 0x4d, 0x65, 0x74, 0x68, 0x6f
.byte 0x64, 0x43, 0x61, 0x6c, 0x6c, 0x65, 0x72, 0x43, 0x6f, 0x6e, 0x63, 0x72, 0x65, 0x74, 0x65, 0x40
.byte 0x56, 0x50, 0x4d, 0x65, 0x73, 0x68, 0x49, 0x6e, 0x73, 0x74, 0x61, 0x6e, 0x63, 0x65, 0x40, 0x50
.byte 0x52, 0x65, 0x6e, 0x64, 0x65, 0x72, 0x69, 0x6e, 0x67, 0x40, 0x50, 0x68, 0x79, 0x72, 0x65, 0x40
.byte 0x40, 0x58, 0x50, 0x42, 0x56, 0x56, 0x65, 0x63, 0x74, 0x6f, 0x72, 0x34, 0x40, 0x41, 0x6f, 0x73
.byte 0x40, 0x53, 0x63, 0x61, 0x6c, 0x61, 0x72, 0x40, 0x56, 0x65, 0x63, 0x74, 0x6f, 0x72, 0x6d, 0x61
.byte 0x74, 0x68, 0x40, 0x73, 0x63, 0x65, 0x40, 0x40, 0x40, 0x50, 0x43, 0x61, 0x6c, 0x6c, 0x65, 0x72
.byte 0x49, 0x6d, 0x70, 0x6c, 0x65, 0x6d, 0x65, 0x6e, 0x74, 0x61, 0x74, 0x69, 0x6f, 0x6e, 0x31, 0x40
.byte 0x50, 0x43, 0x61, 0x6c, 0x6c, 0x65, 0x72, 0x49, 0x6d, 0x70, 0x6c, 0x65, 0x6d, 0x65, 0x6e, 0x74
.byte 0x61, 0x74, 0x69, 0x6f, 0x6e, 0x40, 0x50, 0x49, 0x6e, 0x74, 0x65, 0x72, 0x6e, 0x61, 0x6c, 0x40
.byte 0x50, 0x68, 0x79, 0x72, 0x65, 0x40, 0x40, 0x00, 0x00, 0x00, 0x00, 0x00
.globl _sym_00c19180
_sym_00c19180:
.long _sym_00b69fe8
.byte 0x00, 0x00, 0x00, 0x00, 0x2e, 0x3f, 0x41, 0x56, 0x3f, 0x24, 0x50, 0x4d, 0x65, 0x74, 0x68, 0x6f
.byte 0x64, 0x43, 0x61, 0x6c, 0x6c, 0x65, 0x72, 0x43, 0x6f, 0x6e, 0x63, 0x72, 0x65, 0x74, 0x65, 0x40
.byte 0x56, 0x50, 0x4d, 0x65, 0x73, 0x68, 0x49, 0x6e, 0x73, 0x74, 0x61, 0x6e, 0x63, 0x65, 0x40, 0x50
.byte 0x52, 0x65, 0x6e, 0x64, 0x65, 0x72, 0x69, 0x6e, 0x67, 0x40, 0x50, 0x68, 0x79, 0x72, 0x65, 0x40
.byte 0x40, 0x58, 0x50, 0x41, 0x56, 0x50, 0x4d, 0x65, 0x73, 0x68, 0x49, 0x6e, 0x73, 0x74, 0x61, 0x6e
.byte 0x63, 0x65, 0x42, 0x6f, 0x75, 0x6e, 0x64, 0x73, 0x40, 0x32, 0x33, 0x40, 0x40, 0x50, 0x43, 0x61
.byte 0x6c, 0x6c, 0x65, 0x72, 0x49, 0x6d, 0x70, 0x6c, 0x65, 0x6d, 0x65, 0x6e, 0x74, 0x61, 0x74, 0x69
.byte 0x6f, 0x6e, 0x31, 0x40, 0x50, 0x43, 0x61, 0x6c, 0x6c, 0x65, 0x72, 0x49, 0x6d, 0x70, 0x6c, 0x65
.byte 0x6d, 0x65, 0x6e, 0x74, 0x61, 0x74, 0x69, 0x6f, 0x6e, 0x40, 0x50, 0x49, 0x6e, 0x74, 0x65, 0x72
.byte 0x6e, 0x61, 0x6c, 0x40, 0x50, 0x68, 0x79, 0x72, 0x65, 0x40, 0x40, 0x00
.globl _sym_00c19220
_sym_00c19220:
.long _sym_00b69fe8
.byte 0x00, 0x00, 0x00, 0x00, 0x2e, 0x3f, 0x41, 0x56, 0x3f, 0x24, 0x50, 0x4d, 0x65, 0x74, 0x68, 0x6f
.byte 0x64, 0x43, 0x61, 0x6c, 0x6c, 0x65, 0x72, 0x43, 0x6f, 0x6e, 0x63, 0x72, 0x65, 0x74, 0x65, 0x40
.byte 0x56, 0x50, 0x4d, 0x65, 0x73, 0x68, 0x49, 0x6e, 0x73, 0x74, 0x61, 0x6e, 0x63, 0x65, 0x40, 0x50
.byte 0x52, 0x65, 0x6e, 0x64, 0x65, 0x72, 0x69, 0x6e, 0x67, 0x40, 0x50, 0x68, 0x79, 0x72, 0x65, 0x40
.byte 0x40, 0x58, 0x49, 0x41, 0x42, 0x56, 0x50, 0x4d, 0x61, 0x74, 0x72, 0x69, 0x78, 0x34, 0x40, 0x33
.byte 0x40, 0x40, 0x50, 0x43, 0x61, 0x6c, 0x6c, 0x65, 0x72, 0x49, 0x6d, 0x70, 0x6c, 0x65, 0x6d, 0x65
.byte 0x6e, 0x74, 0x61, 0x74, 0x69, 0x6f, 0x6e, 0x32, 0x40, 0x50, 0x43, 0x61, 0x6c, 0x6c, 0x65, 0x72
.byte 0x49, 0x6d, 0x70, 0x6c, 0x65, 0x6d, 0x65, 0x6e, 0x74, 0x61, 0x74, 0x69, 0x6f, 0x6e, 0x40, 0x50
.byte 0x49, 0x6e, 0x74, 0x65, 0x72, 0x6e, 0x61, 0x6c, 0x40, 0x50, 0x68, 0x79, 0x72, 0x65, 0x40, 0x40
.byte 0x00, 0x00, 0x00, 0x00
.globl _sym_00c192b8
_sym_00c192b8:
.long _sym_00b69fe8
.byte 0x00, 0x00, 0x00, 0x00, 0x2e, 0x3f, 0x41, 0x56, 0x3f, 0x24, 0x50, 0x4d, 0x65, 0x74, 0x68, 0x6f
.byte 0x64, 0x43, 0x61, 0x6c, 0x6c, 0x65, 0x72, 0x43, 0x6f, 0x6e, 0x63, 0x72, 0x65, 0x74, 0x65, 0x40
.byte 0x56, 0x50, 0x4d, 0x65, 0x73, 0x68, 0x49, 0x6e, 0x73, 0x74, 0x61, 0x6e, 0x63, 0x65, 0x40, 0x50
.byte 0x52, 0x65, 0x6e, 0x64, 0x65, 0x72, 0x69, 0x6e, 0x67, 0x40, 0x50, 0x68, 0x79, 0x72, 0x65, 0x40
.byte 0x40, 0x50, 0x41, 0x56, 0x50, 0x57, 0x6f, 0x72, 0x6c, 0x64, 0x4d, 0x61, 0x74, 0x72, 0x69, 0x78
.byte 0x40, 0x33, 0x40, 0x40, 0x50, 0x43, 0x61, 0x6c, 0x6c, 0x65, 0x72, 0x49, 0x6d, 0x70, 0x6c, 0x65
.byte 0x6d, 0x65, 0x6e, 0x74, 0x61, 0x74, 0x69, 0x6f, 0x6e, 0x30, 0x40, 0x50, 0x43, 0x61, 0x6c, 0x6c
.byte 0x65, 0x72, 0x49, 0x6d, 0x70, 0x6c, 0x65, 0x6d, 0x65, 0x6e, 0x74, 0x61, 0x74, 0x69, 0x6f, 0x6e
.byte 0x40, 0x50, 0x49, 0x6e, 0x74, 0x65, 0x72, 0x6e, 0x61, 0x6c, 0x40, 0x50, 0x68, 0x79, 0x72, 0x65
.byte 0x40, 0x40, 0x00, 0x00
.globl _sym_00c19350
_sym_00c19350:
.long _sym_00b69fe8
.byte 0x00, 0x00, 0x00, 0x00, 0x2e, 0x3f, 0x41, 0x56, 0x3f, 0x24, 0x50, 0x4d, 0x65, 0x74, 0x68, 0x6f
.byte 0x64, 0x43, 0x61, 0x6c, 0x6c, 0x65, 0x72, 0x43, 0x6f, 0x6e, 0x63, 0x72, 0x65, 0x74, 0x65, 0x40
.byte 0x56, 0x50, 0x4d, 0x65, 0x73, 0x68, 0x49, 0x6e, 0x73, 0x74, 0x61, 0x6e, 0x63, 0x65, 0x40, 0x50
.byte 0x52, 0x65, 0x6e, 0x64, 0x65, 0x72, 0x69, 0x6e, 0x67, 0x40, 0x50, 0x68, 0x79, 0x72, 0x65, 0x40
.byte 0x40, 0x50, 0x41, 0x56, 0x50, 0x4d, 0x65, 0x73, 0x68, 0x49, 0x6e, 0x73, 0x74, 0x61, 0x6e, 0x63
.byte 0x65, 0x42, 0x6f, 0x75, 0x6e, 0x64, 0x73, 0x40, 0x32, 0x33, 0x40, 0x40, 0x50, 0x43, 0x61, 0x6c
.byte 0x6c, 0x65, 0x72, 0x49, 0x6d, 0x70, 0x6c, 0x65, 0x6d, 0x65, 0x6e, 0x74, 0x61, 0x74, 0x69, 0x6f
.byte 0x6e, 0x30, 0x40, 0x50, 0x43, 0x61, 0x6c, 0x6c, 0x65, 0x72, 0x49, 0x6d, 0x70, 0x6c, 0x65, 0x6d
.byte 0x65, 0x6e, 0x74, 0x61, 0x74, 0x69, 0x6f, 0x6e, 0x40, 0x50, 0x49, 0x6e, 0x74, 0x65, 0x72, 0x6e
.byte 0x61, 0x6c, 0x40, 0x50, 0x68, 0x79, 0x72, 0x65, 0x40, 0x40, 0x00, 0x00
.globl _sym_00c193f0
_sym_00c193f0:
.long _sym_00b69fe8
.byte 0x00, 0x00, 0x00, 0x00, 0x2e, 0x3f, 0x41, 0x56, 0x3f, 0x24, 0x50, 0x4d, 0x65, 0x74, 0x68, 0x6f
.byte 0x64, 0x43, 0x61, 0x6c, 0x6c, 0x65, 0x72, 0x43, 0x6f, 0x6e, 0x63, 0x72, 0x65, 0x74, 0x65, 0x40
.byte 0x56, 0x50, 0x4d, 0x65, 0x73, 0x68, 0x49, 0x6e, 0x73, 0x74, 0x61, 0x6e, 0x63, 0x65, 0x40, 0x50
.byte 0x52, 0x65, 0x6e, 0x64, 0x65, 0x72, 0x69, 0x6e, 0x67, 0x40, 0x50, 0x68, 0x79, 0x72, 0x65, 0x40
.byte 0x40, 0x41, 0x41, 0x56, 0x50, 0x4d, 0x65, 0x73, 0x68, 0x40, 0x50, 0x47, 0x65, 0x6f, 0x6d, 0x65
.byte 0x74, 0x72, 0x79, 0x40, 0x33, 0x40, 0x40, 0x50, 0x43, 0x61, 0x6c, 0x6c, 0x65, 0x72, 0x49, 0x6d
.byte 0x70, 0x6c, 0x65, 0x6d, 0x65, 0x6e, 0x74, 0x61, 0x74, 0x69, 0x6f, 0x6e, 0x30, 0x40, 0x50, 0x43
.byte 0x61, 0x6c, 0x6c, 0x65, 0x72, 0x49, 0x6d, 0x70, 0x6c, 0x65, 0x6d, 0x65, 0x6e, 0x74, 0x61, 0x74
.byte 0x69, 0x6f, 0x6e, 0x40, 0x50, 0x49, 0x6e, 0x74, 0x65, 0x72, 0x6e, 0x61, 0x6c, 0x40, 0x50, 0x68
.byte 0x79, 0x72, 0x65, 0x40, 0x40, 0x00, 0x00, 0x00, 0x00, 0x00, 0x00, 0x00
.globl _sym_00c19490
_sym_00c19490:
.long _sym_00b69fe8
.byte 0x00, 0x00, 0x00, 0x00, 0x2e, 0x3f, 0x41, 0x56, 0x3f, 0x24, 0x50, 0x4d, 0x65, 0x74, 0x68, 0x6f
.byte 0x64, 0x43, 0x61, 0x6c, 0x6c, 0x65, 0x72, 0x43, 0x6f, 0x6e, 0x63, 0x72, 0x65, 0x74, 0x65, 0x40
.byte 0x56, 0x50, 0x4d, 0x65, 0x73, 0x68, 0x49, 0x6e, 0x73, 0x74, 0x61, 0x6e, 0x63, 0x65, 0x40, 0x50
.byte 0x52, 0x65, 0x6e, 0x64, 0x65, 0x72, 0x69, 0x6e, 0x67, 0x40, 0x50, 0x68, 0x79, 0x72, 0x65, 0x40
.byte 0x40, 0x41, 0x41, 0x56, 0x50, 0x4d, 0x61, 0x74, 0x65, 0x72, 0x69, 0x61, 0x6c, 0x53, 0x65, 0x74
.byte 0x40, 0x50, 0x47, 0x65, 0x6f, 0x6d, 0x65, 0x74, 0x72, 0x79, 0x40, 0x33, 0x40, 0x40, 0x50, 0x43
.byte 0x61, 0x6c, 0x6c, 0x65, 0x72, 0x49, 0x6d, 0x70, 0x6c, 0x65, 0x6d, 0x65, 0x6e, 0x74, 0x61, 0x74
.byte 0x69, 0x6f, 0x6e, 0x30, 0x40, 0x50, 0x43, 0x61, 0x6c, 0x6c, 0x65, 0x72, 0x49, 0x6d, 0x70, 0x6c
.byte 0x65, 0x6d, 0x65, 0x6e, 0x74, 0x61, 0x74, 0x69, 0x6f, 0x6e, 0x40, 0x50, 0x49, 0x6e, 0x74, 0x65
.byte 0x72, 0x6e, 0x61, 0x6c, 0x40, 0x50, 0x68, 0x79, 0x72, 0x65, 0x40, 0x40, 0x00, 0x00, 0x00, 0x00
.byte 0x00, 0x00, 0x00, 0x00
.globl _sym_00c19538
_sym_00c19538:
.long _sym_00b69fe8
.byte 0x00, 0x00, 0x00, 0x00, 0x2e, 0x3f, 0x41, 0x56, 0x3f, 0x24, 0x50, 0x4d, 0x65, 0x74, 0x68, 0x6f
.byte 0x64, 0x43, 0x61, 0x6c, 0x6c, 0x65, 0x72, 0x43, 0x6f, 0x6e, 0x63, 0x72, 0x65, 0x74, 0x65, 0x40
.byte 0x56, 0x50, 0x4d, 0x65, 0x73, 0x68, 0x49, 0x6e, 0x73, 0x74, 0x61, 0x6e, 0x63, 0x65, 0x40, 0x50
.byte 0x52, 0x65, 0x6e, 0x64, 0x65, 0x72, 0x69, 0x6e, 0x67, 0x40, 0x50, 0x68, 0x79, 0x72, 0x65, 0x40
.byte 0x40, 0x41, 0x42, 0x56, 0x50, 0x4d, 0x61, 0x74, 0x72, 0x69, 0x78, 0x34, 0x40, 0x33, 0x40, 0x49
.byte 0x40, 0x50, 0x43, 0x61, 0x6c, 0x6c, 0x65, 0x72, 0x49, 0x6d, 0x70, 0x6c, 0x65, 0x6d, 0x65, 0x6e
.byte 0x74, 0x61, 0x74, 0x69, 0x6f, 0x6e, 0x31, 0x40, 0x50, 0x43, 0x61, 0x6c, 0x6c, 0x65, 0x72, 0x49
.byte 0x6d, 0x70, 0x6c, 0x65, 0x6d, 0x65, 0x6e, 0x74, 0x61, 0x74, 0x69, 0x6f, 0x6e, 0x40, 0x50, 0x49
.byte 0x6e, 0x74, 0x65, 0x72, 0x6e, 0x61, 0x6c, 0x40, 0x50, 0x68, 0x79, 0x72, 0x65, 0x40, 0x40, 0x00
.byte 0x00, 0x00, 0x00, 0x00
.globl _sym_00c195d0
_sym_00c195d0:
.long _sym_00b69fe8
.byte 0x00, 0x00, 0x00, 0x00, 0x2e, 0x3f, 0x41, 0x56, 0x3f, 0x24, 0x50, 0x43, 0x6c, 0x61, 0x73, 0x73
.byte 0x44, 0x65, 0x73, 0x63, 0x72, 0x69, 0x70, 0x74, 0x6f, 0x72, 0x57, 0x69, 0x74, 0x68, 0x6f, 0x75
.byte 0x74, 0x44, 0x65, 0x66, 0x61, 0x75, 0x6c, 0x74, 0x43, 0x6f, 0x6e, 0x73, 0x74, 0x72, 0x75, 0x63
.byte 0x74, 0x6f, 0x72, 0x40, 0x56, 0x50, 0x44, 0x79, 0x6e, 0x61, 0x6d, 0x69, 0x63, 0x4d, 0x65, 0x73
.byte 0x68, 0x49, 0x6e, 0x73, 0x74, 0x61, 0x6e, 0x63, 0x65, 0x40, 0x50, 0x52, 0x65, 0x6e, 0x64, 0x65
.byte 0x72, 0x69, 0x6e, 0x67, 0x40, 0x50, 0x68, 0x79, 0x72, 0x65, 0x40, 0x40, 0x40, 0x50, 0x68, 0x79
.byte 0x72, 0x65, 0x40, 0x40, 0x00, 0x00, 0x00, 0x00, 0x00, 0x00, 0x00, 0x00
.globl _sym_00c19640
_sym_00c19640:
.long _sym_00b69fe8
.byte 0x00, 0x00, 0x00, 0x00, 0x2e, 0x3f, 0x41, 0x56, 0x3f, 0x24, 0x50, 0x43, 0x6c, 0x61, 0x73, 0x73
.byte 0x44, 0x65, 0x73, 0x63, 0x72, 0x69, 0x70, 0x74, 0x6f, 0x72, 0x41, 0x62, 0x73, 0x74, 0x72, 0x61
.byte 0x63, 0x74, 0x40, 0x56, 0x50, 0x44, 0x79, 0x6e, 0x61, 0x6d, 0x69, 0x63, 0x4d, 0x65, 0x73, 0x68
.byte 0x49, 0x6e, 0x73, 0x74, 0x61, 0x6e, 0x63, 0x65, 0x40, 0x50, 0x52, 0x65, 0x6e, 0x64, 0x65, 0x72
.byte 0x69, 0x6e, 0x67, 0x40, 0x50, 0x68, 0x79, 0x72, 0x65, 0x40, 0x40, 0x40, 0x50, 0x68, 0x79, 0x72
.byte 0x65, 0x40, 0x40, 0x00
.globl _sym_00c19698
_sym_00c19698:
.long _sym_00b69fe8
.byte 0x00, 0x00, 0x00, 0x00, 0x2e, 0x3f, 0x41, 0x56, 0x3f, 0x24, 0x50, 0x43, 0x6c, 0x61, 0x73, 0x73
.byte 0x44, 0x65, 0x73, 0x63, 0x72, 0x69, 0x70, 0x74, 0x6f, 0x72, 0x46, 0x6f, 0x72, 0x54, 0x79, 0x70
.byte 0x65, 0x40, 0x56, 0x50, 0x44, 0x79, 0x6e, 0x61, 0x6d, 0x69, 0x63, 0x4d, 0x65, 0x73, 0x68, 0x49
.byte 0x6e, 0x73, 0x74, 0x61, 0x6e, 0x63, 0x65, 0x40, 0x50, 0x52, 0x65, 0x6e, 0x64, 0x65, 0x72, 0x69
.byte 0x6e, 0x67, 0x40, 0x50, 0x68, 0x79, 0x72, 0x65, 0x40, 0x40, 0x40, 0x50, 0x68, 0x79, 0x72, 0x65
.byte 0x40, 0x40, 0x00, 0x00
.globl _sym_00c196f0
_sym_00c196f0:
.long _sym_00b69fe8
.byte 0x00, 0x00, 0x00, 0x00, 0x2e, 0x3f, 0x41, 0x56, 0x50, 0x44, 0x79, 0x6e, 0x61, 0x6d, 0x69, 0x63
.byte 0x4d, 0x65, 0x73, 0x68, 0x49, 0x6e, 0x73, 0x74, 0x61, 0x6e, 0x63, 0x65, 0x40, 0x50, 0x52, 0x65
.byte 0x6e, 0x64, 0x65, 0x72, 0x69, 0x6e, 0x67, 0x40, 0x50, 0x68, 0x79, 0x72, 0x65, 0x40, 0x40, 0x00
.byte 0x00, 0x00, 0x00, 0x00
.globl _sym_00c19728
_sym_00c19728:
.long _sym_00b69fe8
.byte 0x00, 0x00, 0x00, 0x00, 0x2e, 0x3f, 0x41, 0x56, 0x3f, 0x24, 0x50, 0x43, 0x6c, 0x61, 0x73, 0x73
.byte 0x44, 0x65, 0x73, 0x63, 0x72, 0x69, 0x70, 0x74, 0x6f, 0x72, 0x57, 0x69, 0x74, 0x68, 0x6f, 0x75
.byte 0x74, 0x44, 0x65, 0x66, 0x61, 0x75, 0x6c, 0x74, 0x43, 0x6f, 0x6e, 0x73, 0x74, 0x72, 0x75, 0x63
.byte 0x74, 0x6f, 0x72, 0x40, 0x56, 0x50, 0x4d, 0x6f, 0x64, 0x69, 0x66, 0x69, 0x65, 0x72, 0x4e, 0x65
.byte 0x74, 0x77, 0x6f, 0x72, 0x6b, 0x44, 0x79, 0x6e, 0x61, 0x6d, 0x69, 0x63, 0x4d, 0x65, 0x73, 0x68
.byte 0x49, 0x6e, 0x73, 0x74, 0x61, 0x6e, 0x63, 0x65, 0x40, 0x50, 0x52, 0x65, 0x6e, 0x64, 0x65, 0x72
.byte 0x69, 0x6e, 0x67, 0x40, 0x50, 0x68, 0x79, 0x72, 0x65, 0x40, 0x40, 0x40, 0x50, 0x68, 0x79, 0x72
.byte 0x65, 0x40, 0x40, 0x00
.globl _sym_00c197a0
_sym_00c197a0:
.long _sym_00b69fe8
.byte 0x00, 0x00, 0x00, 0x00, 0x2e, 0x3f, 0x41, 0x56, 0x3f, 0x24, 0x50, 0x43, 0x6c, 0x61, 0x73, 0x73
.byte 0x44, 0x65, 0x73, 0x63, 0x72, 0x69, 0x70, 0x74, 0x6f, 0x72, 0x41, 0x62, 0x73, 0x74, 0x72, 0x61
.byte 0x63, 0x74, 0x40, 0x56, 0x50, 0x4d, 0x6f, 0x64, 0x69, 0x66, 0x69, 0x65, 0x72, 0x4e, 0x65, 0x74
.byte 0x77, 0x6f, 0x72, 0x6b, 0x44, 0x79, 0x6e, 0x61, 0x6d, 0x69, 0x63, 0x4d, 0x65, 0x73, 0x68, 0x49
.byte 0x6e, 0x73, 0x74, 0x61, 0x6e, 0x63, 0x65, 0x40, 0x50, 0x52, 0x65, 0x6e, 0x64, 0x65, 0x72, 0x69
.byte 0x6e, 0x67, 0x40, 0x50, 0x68, 0x79, 0x72, 0x65, 0x40, 0x40, 0x40, 0x50, 0x68, 0x79, 0x72, 0x65
.byte 0x40, 0x40, 0x00, 0x00
.globl _sym_00c19808
_sym_00c19808:
.long _sym_00b69fe8
.byte 0x00, 0x00, 0x00, 0x00, 0x2e, 0x3f, 0x41, 0x56, 0x3f, 0x24, 0x50, 0x43, 0x6c, 0x61, 0x73, 0x73
.byte 0x44, 0x65, 0x73, 0x63, 0x72, 0x69, 0x70, 0x74, 0x6f, 0x72, 0x46, 0x6f, 0x72, 0x54, 0x79, 0x70
.byte 0x65, 0x40, 0x56, 0x50, 0x4d, 0x6f, 0x64, 0x69, 0x66, 0x69, 0x65, 0x72, 0x4e, 0x65, 0x74, 0x77
.byte 0x6f, 0x72, 0x6b, 0x44, 0x79, 0x6e, 0x61, 0x6d, 0x69, 0x63, 0x4d, 0x65, 0x73, 0x68, 0x49, 0x6e
.byte 0x73, 0x74, 0x61, 0x6e, 0x63, 0x65, 0x40, 0x50, 0x52, 0x65, 0x6e, 0x64, 0x65, 0x72, 0x69, 0x6e
.byte 0x67, 0x40, 0x50, 0x68, 0x79, 0x72, 0x65, 0x40, 0x40, 0x40, 0x50, 0x68, 0x79, 0x72, 0x65, 0x40
.byte 0x40, 0x00, 0x00, 0x00
.globl _sym_00c19870
_sym_00c19870:
.long _sym_00b23934
.byte 0x00, 0x00, 0x00, 0x00
.globl _sym_00c19878
_sym_00c19878:
.long _sym_00b69fe8
.byte 0x00, 0x00, 0x00, 0x00, 0x2e, 0x3f, 0x41, 0x56, 0x50, 0x4d, 0x6f, 0x64, 0x69, 0x66, 0x69, 0x65
.byte 0x72, 0x4e, 0x65, 0x74, 0x77, 0x6f, 0x72, 0x6b, 0x44, 0x79, 0x6e, 0x61, 0x6d, 0x69, 0x63, 0x4d
.byte 0x65, 0x73, 0x68, 0x49, 0x6e, 0x73, 0x74, 0x61, 0x6e, 0x63, 0x65, 0x40, 0x50, 0x52, 0x65, 0x6e
.byte 0x64, 0x65, 0x72, 0x69, 0x6e, 0x67, 0x40, 0x50, 0x68, 0x79, 0x72, 0x65, 0x40, 0x40, 0x00, 0x00
.byte 0x00, 0x00, 0x00, 0x00
.globl _sym_00c198c0
_sym_00c198c0:
.long _sym_00b69fe8
.byte 0x00, 0x00, 0x00, 0x00, 0x2e, 0x3f, 0x41, 0x56, 0x3f, 0x24, 0x50, 0x43, 0x6c, 0x61, 0x73, 0x73
.byte 0x44, 0x61, 0x74, 0x61, 0x4d, 0x65, 0x6d, 0x62, 0x65, 0x72, 0x50, 0x68, 0x79, 0x72, 0x65, 0x41
.byte 0x72, 0x72, 0x61, 0x79, 0x40, 0x50, 0x41, 0x56, 0x50, 0x4d, 0x6f, 0x64, 0x69, 0x66, 0x69, 0x65
.byte 0x72, 0x4e, 0x65, 0x74, 0x77, 0x6f, 0x72, 0x6b, 0x49, 0x6e, 0x73, 0x74, 0x61, 0x6e, 0x63, 0x65
.byte 0x40, 0x50, 0x44, 0x79, 0x6e, 0x61, 0x6d, 0x69, 0x63, 0x47, 0x65, 0x6f, 0x6d, 0x65, 0x74, 0x72
.byte 0x79, 0x40, 0x50, 0x68, 0x79, 0x72, 0x65, 0x40, 0x40, 0x40, 0x50, 0x68, 0x79, 0x72, 0x65, 0x40
.byte 0x40, 0x00, 0x00, 0x00
.globl _sym_00c19928
_sym_00c19928:
.long _sym_00b69fe8
.byte 0x00, 0x00, 0x00, 0x00, 0x2e, 0x3f, 0x41, 0x56, 0x3f, 0x24, 0x50, 0x43, 0x6c, 0x61, 0x73, 0x73
.byte 0x44, 0x65, 0x73, 0x63, 0x72, 0x69, 0x70, 0x74, 0x6f, 0x72, 0x43, 0x6f, 0x6e, 0x63, 0x72, 0x65
.byte 0x74, 0x65, 0x40, 0x56, 0x3f, 0x24, 0x50, 0x41, 0x72, 0x72, 0x61, 0x79, 0x40, 0x50, 0x41, 0x56
.byte 0x50, 0x4d, 0x6f, 0x64, 0x69, 0x66, 0x69, 0x65, 0x72, 0x4e, 0x65, 0x74, 0x77, 0x6f, 0x72, 0x6b
.byte 0x49, 0x6e, 0x73, 0x74, 0x61, 0x6e, 0x63, 0x65, 0x40, 0x50, 0x44, 0x79, 0x6e, 0x61, 0x6d, 0x69
.byte 0x63, 0x47, 0x65, 0x6f, 0x6d, 0x65, 0x74, 0x72, 0x79, 0x40, 0x50, 0x68, 0x79, 0x72, 0x65, 0x40
.byte 0x40, 0x24, 0x30, 0x33, 0x40, 0x50, 0x68, 0x79, 0x72, 0x65, 0x40, 0x40, 0x40, 0x50, 0x68, 0x79
.byte 0x72, 0x65, 0x40, 0x40, 0x00, 0x00, 0x00, 0x00, 0x00, 0x00, 0x00, 0x00
.globl _sym_00c199a8
_sym_00c199a8:
.long _sym_00b69fe8
.byte 0x00, 0x00, 0x00, 0x00, 0x2e, 0x3f, 0x41, 0x56, 0x3f, 0x24, 0x50, 0x43, 0x6c, 0x61, 0x73, 0x73
.byte 0x44, 0x65, 0x73, 0x63, 0x72, 0x69, 0x70, 0x74, 0x6f, 0x72, 0x41, 0x62, 0x73, 0x74, 0x72, 0x61
.byte 0x63, 0x74, 0x40, 0x56, 0x3f, 0x24, 0x50, 0x41, 0x72, 0x72, 0x61, 0x79, 0x40, 0x50, 0x41, 0x56
.byte 0x50, 0x4d, 0x6f, 0x64, 0x69, 0x66, 0x69, 0x65, 0x72, 0x4e, 0x65, 0x74, 0x77, 0x6f, 0x72, 0x6b
.byte 0x49, 0x6e, 0x73, 0x74, 0x61, 0x6e, 0x63, 0x65, 0x40, 0x50, 0x44, 0x79, 0x6e, 0x61, 0x6d, 0x69
.byte 0x63, 0x47, 0x65, 0x6f, 0x6d, 0x65, 0x74, 0x72, 0x79, 0x40, 0x50, 0x68, 0x79, 0x72, 0x65, 0x40
.byte 0x40, 0x24, 0x30, 0x33, 0x40, 0x50, 0x68, 0x79, 0x72, 0x65, 0x40, 0x40, 0x40, 0x50, 0x68, 0x79
.byte 0x72, 0x65, 0x40, 0x40, 0x00, 0x00, 0x00, 0x00, 0x00, 0x00, 0x00, 0x00
.globl _sym_00c19a28
_sym_00c19a28:
.long _sym_00b69fe8
.byte 0x00, 0x00, 0x00, 0x00, 0x2e, 0x3f, 0x41, 0x56, 0x3f, 0x24, 0x50, 0x43, 0x6c, 0x61, 0x73, 0x73
.byte 0x44, 0x65, 0x73, 0x63, 0x72, 0x69, 0x70, 0x74, 0x6f, 0x72, 0x46, 0x6f, 0x72, 0x54, 0x79, 0x70
.byte 0x65, 0x40, 0x56, 0x3f, 0x24, 0x50, 0x41, 0x72, 0x72, 0x61, 0x79, 0x40, 0x50, 0x41, 0x56, 0x50
.byte 0x4d, 0x6f, 0x64, 0x69, 0x66, 0x69, 0x65, 0x72, 0x4e, 0x65, 0x74, 0x77, 0x6f, 0x72, 0x6b, 0x49
.byte 0x6e, 0x73, 0x74, 0x61, 0x6e, 0x63, 0x65, 0x40, 0x50, 0x44, 0x79, 0x6e, 0x61, 0x6d, 0x69, 0x63
.byte 0x47, 0x65, 0x6f, 0x6d, 0x65, 0x74, 0x72, 0x79, 0x40, 0x50, 0x68, 0x79, 0x72, 0x65, 0x40, 0x40
.byte 0x24, 0x30, 0x33, 0x40, 0x50, 0x68, 0x79, 0x72, 0x65, 0x40, 0x40, 0x40, 0x50, 0x68, 0x79, 0x72
.byte 0x65, 0x40, 0x40, 0x00
.globl _sym_00c19aa0
_sym_00c19aa0:
.long _sym_00b69fe8
.byte 0x00, 0x00, 0x00, 0x00, 0x2e, 0x3f, 0x41, 0x56, 0x3f, 0x24, 0x50, 0x43, 0x6c, 0x61, 0x73, 0x73
.byte 0x44, 0x61, 0x74, 0x61, 0x4d, 0x65, 0x6d, 0x62, 0x65, 0x72, 0x41, 0x72, 0x72, 0x61, 0x79, 0x44
.byte 0x79, 0x6e, 0x61, 0x6d, 0x69, 0x63, 0x40, 0x56, 0x3f, 0x24, 0x50, 0x41, 0x72, 0x72, 0x61, 0x79
.byte 0x40, 0x50, 0x41, 0x56, 0x50, 0x4d, 0x6f, 0x64, 0x69, 0x66, 0x69, 0x65, 0x72, 0x4e, 0x65, 0x74
.byte 0x77, 0x6f, 0x72, 0x6b, 0x49, 0x6e, 0x73, 0x74, 0x61, 0x6e, 0x63, 0x65, 0x40, 0x50, 0x44, 0x79
.byte 0x6e, 0x61, 0x6d, 0x69, 0x63, 0x47, 0x65, 0x6f, 0x6d, 0x65, 0x74, 0x72, 0x79, 0x40, 0x50, 0x68
.byte 0x79, 0x72, 0x65, 0x40, 0x40, 0x24, 0x30, 0x33, 0x40, 0x50, 0x68, 0x79, 0x72, 0x65, 0x40, 0x40
.byte 0x40, 0x50, 0x68, 0x79, 0x72, 0x65, 0x40, 0x40, 0x00, 0x00, 0x00, 0x00
.globl _sym_00c19b20
_sym_00c19b20:
.long _sym_00b69fe8
.byte 0x00, 0x00, 0x00, 0x00, 0x2e, 0x3f, 0x41, 0x56, 0x3f, 0x24, 0x50, 0x43, 0x6c, 0x61, 0x73, 0x73
.byte 0x44, 0x65, 0x73, 0x63, 0x72, 0x69, 0x70, 0x74, 0x6f, 0x72, 0x43, 0x6f, 0x6e, 0x63, 0x72, 0x65
.byte 0x74, 0x65, 0x40, 0x56, 0x50, 0x53, 0x63, 0x65, 0x6e, 0x65, 0x57, 0x69, 0x64, 0x65, 0x50, 0x61
.byte 0x72, 0x61, 0x6d, 0x65, 0x74, 0x65, 0x72, 0x42, 0x75, 0x66, 0x66, 0x65, 0x72, 0x40, 0x50, 0x52
.byte 0x65, 0x6e, 0x64, 0x65, 0x72, 0x69, 0x6e, 0x67, 0x40, 0x50, 0x68, 0x79, 0x72, 0x65, 0x40, 0x40
.byte 0x40, 0x50, 0x68, 0x79, 0x72, 0x65, 0x40, 0x40, 0x00, 0x00, 0x00, 0x00
.globl _sym_00c19b80
_sym_00c19b80:
.long _sym_00b69fe8
.byte 0x00, 0x00, 0x00, 0x00, 0x2e, 0x3f, 0x41, 0x56, 0x3f, 0x24, 0x50, 0x43, 0x6c, 0x61, 0x73, 0x73
.byte 0x44, 0x65, 0x73, 0x63, 0x72, 0x69, 0x70, 0x74, 0x6f, 0x72, 0x41, 0x62, 0x73, 0x74, 0x72, 0x61
.byte 0x63, 0x74, 0x40, 0x56, 0x50, 0x53, 0x63, 0x65, 0x6e, 0x65, 0x57, 0x69, 0x64, 0x65, 0x50, 0x61
.byte 0x72, 0x61, 0x6d, 0x65, 0x74, 0x65, 0x72, 0x42, 0x75, 0x66, 0x66, 0x65, 0x72, 0x40, 0x50, 0x52
.byte 0x65, 0x6e, 0x64, 0x65, 0x72, 0x69, 0x6e, 0x67, 0x40, 0x50, 0x68, 0x79, 0x72, 0x65, 0x40, 0x40
.byte 0x40, 0x50, 0x68, 0x79, 0x72, 0x65, 0x40, 0x40, 0x00, 0x00, 0x00, 0x00
.globl _sym_00c19be0
_sym_00c19be0:
.long _sym_00b69fe8
.byte 0x00, 0x00, 0x00, 0x00, 0x2e, 0x3f, 0x41, 0x56, 0x3f, 0x24, 0x50, 0x43, 0x6c, 0x61, 0x73, 0x73
.byte 0x44, 0x65, 0x73, 0x63, 0x72, 0x69, 0x70, 0x74, 0x6f, 0x72, 0x46, 0x6f, 0x72, 0x54, 0x79, 0x70
.byte 0x65, 0x40, 0x56, 0x50, 0x53, 0x63, 0x65, 0x6e, 0x65, 0x57, 0x69, 0x64, 0x65, 0x50, 0x61, 0x72
.byte 0x61, 0x6d, 0x65, 0x74, 0x65, 0x72, 0x42, 0x75, 0x66, 0x66, 0x65, 0x72, 0x40, 0x50, 0x52, 0x65
.byte 0x6e, 0x64, 0x65, 0x72, 0x69, 0x6e, 0x67, 0x40, 0x50, 0x68, 0x79, 0x72, 0x65, 0x40, 0x40, 0x40
.byte 0x50, 0x68, 0x79, 0x72, 0x65, 0x40, 0x40, 0x00, 0x00, 0x00, 0x00, 0x00
.globl _sym_00c19c40
_sym_00c19c40:
.long _sym_00b240ec
.long _sym_00b240f8
.long _sym_00b24104
.long _sym_00b24110
.long _sym_00b24124
.long _sym_00b24130
.long _sym_00b24144
.long _sym_00b24158
.long _sym_00b24170
.long _sym_00b24180
.long _sym_00b24194
.long _sym_00b241a8
.long _sym_00b241c4
.long _sym_00b241d8
.long _sym_00b241f4
.long _sym_00b24210
.globl _sym_00c19c80
_sym_00c19c80:
.long _sym_00b69fe8
.byte 0x00, 0x00, 0x00, 0x00, 0x2e, 0x3f, 0x41, 0x56, 0x3f, 0x24, 0x50, 0x43, 0x6c, 0x61, 0x73, 0x73
.byte 0x44, 0x65, 0x73, 0x63, 0x72, 0x69, 0x70, 0x74, 0x6f, 0x72, 0x43, 0x6f, 0x6e, 0x63, 0x72, 0x65
.byte 0x74, 0x65, 0x40, 0x56, 0x50, 0x4d, 0x65, 0x73, 0x68, 0x49, 0x6e, 0x73, 0x74, 0x61, 0x6e, 0x63
.byte 0x65, 0x42, 0x6f, 0x75, 0x6e, 0x64, 0x73, 0x40, 0x50, 0x52, 0x65, 0x6e, 0x64, 0x65, 0x72, 0x69
.byte 0x6e, 0x67, 0x40, 0x50, 0x68, 0x79, 0x72, 0x65, 0x40, 0x40, 0x40, 0x50, 0x68, 0x79, 0x72, 0x65
.byte 0x40, 0x40, 0x00, 0x00
.globl _sym_00c19cd8
_sym_00c19cd8:
.long _sym_00b69fe8
.byte 0x00, 0x00, 0x00, 0x00, 0x2e, 0x3f, 0x41, 0x56, 0x3f, 0x24, 0x50, 0x43, 0x6c, 0x61, 0x73, 0x73
.byte 0x44, 0x65, 0x73, 0x63, 0x72, 0x69, 0x70, 0x74, 0x6f, 0x72, 0x41, 0x62, 0x73, 0x74, 0x72, 0x61
.byte 0x63, 0x74, 0x40, 0x56, 0x50, 0x4d, 0x65, 0x73, 0x68, 0x49, 0x6e, 0x73, 0x74, 0x61, 0x6e, 0x63
.byte 0x65, 0x42, 0x6f, 0x75, 0x6e, 0x64, 0x73, 0x40, 0x50, 0x52, 0x65, 0x6e, 0x64, 0x65, 0x72, 0x69
.byte 0x6e, 0x67, 0x40, 0x50, 0x68, 0x79, 0x72, 0x65, 0x40, 0x40, 0x40, 0x50, 0x68, 0x79, 0x72, 0x65
.byte 0x40, 0x40, 0x00, 0x00
.globl _sym_00c19d30
_sym_00c19d30:
.long _sym_00b69fe8
.byte 0x00, 0x00, 0x00, 0x00, 0x2e, 0x3f, 0x41, 0x56, 0x3f, 0x24, 0x50, 0x43, 0x6c, 0x61, 0x73, 0x73
.byte 0x44, 0x65, 0x73, 0x63, 0x72, 0x69, 0x70, 0x74, 0x6f, 0x72, 0x46, 0x6f, 0x72, 0x54, 0x79, 0x70
.byte 0x65, 0x40, 0x56, 0x50, 0x4d, 0x65, 0x73, 0x68, 0x49, 0x6e, 0x73, 0x74, 0x61, 0x6e, 0x63, 0x65
.byte 0x42, 0x6f, 0x75, 0x6e, 0x64, 0x73, 0x40, 0x50, 0x52, 0x65, 0x6e, 0x64, 0x65, 0x72, 0x69, 0x6e
.byte 0x67, 0x40, 0x50, 0x68, 0x79, 0x72, 0x65, 0x40, 0x40, 0x40, 0x50, 0x68, 0x79, 0x72, 0x65, 0x40
.byte 0x40, 0x00, 0x00, 0x00
.globl _sym_00c19d88
_sym_00c19d88:
.long _sym_00b69fe8
.byte 0x00, 0x00, 0x00, 0x00, 0x2e, 0x3f, 0x41, 0x56, 0x3f, 0x24, 0x50, 0x43, 0x6c, 0x61, 0x73, 0x73
.byte 0x44, 0x65, 0x73, 0x63, 0x72, 0x69, 0x70, 0x74, 0x6f, 0x72, 0x57, 0x69, 0x74, 0x68, 0x6f, 0x75
.byte 0x74, 0x44, 0x65, 0x66, 0x61, 0x75, 0x6c, 0x74, 0x43, 0x6f, 0x6e, 0x73, 0x74, 0x72, 0x75, 0x63
.byte 0x74, 0x6f, 0x72, 0x40, 0x56, 0x50, 0x4d, 0x65, 0x73, 0x68, 0x49, 0x6e, 0x73, 0x74, 0x61, 0x6e
.byte 0x63, 0x65, 0x41, 0x74, 0x74, 0x61, 0x63, 0x68, 0x50, 0x6f, 0x69, 0x6e, 0x74, 0x40, 0x50, 0x52
.byte 0x65, 0x6e, 0x64, 0x65, 0x72, 0x69, 0x6e, 0x67, 0x40, 0x50, 0x68, 0x79, 0x72, 0x65, 0x40, 0x40
.byte 0x40, 0x50, 0x68, 0x79, 0x72, 0x65, 0x40, 0x40, 0x00, 0x00, 0x00, 0x00
.globl _sym_00c19df8
_sym_00c19df8:
.long _sym_00b69fe8
.byte 0x00, 0x00, 0x00, 0x00, 0x2e, 0x3f, 0x41, 0x56, 0x3f, 0x24, 0x50, 0x43, 0x6c, 0x61, 0x73, 0x73
.byte 0x44, 0x65, 0x73, 0x63, 0x72, 0x69, 0x70, 0x74, 0x6f, 0x72, 0x41, 0x62, 0x73, 0x74, 0x72, 0x61
.byte 0x63, 0x74, 0x40, 0x56, 0x50, 0x4d, 0x65, 0x73, 0x68, 0x49, 0x6e, 0x73, 0x74, 0x61, 0x6e, 0x63
.byte 0x65, 0x41, 0x74, 0x74, 0x61, 0x63, 0x68, 0x50, 0x6f, 0x69, 0x6e, 0x74, 0x40, 0x50, 0x52, 0x65
.byte 0x6e, 0x64, 0x65, 0x72, 0x69, 0x6e, 0x67, 0x40, 0x50, 0x68, 0x79, 0x72, 0x65, 0x40, 0x40, 0x40
.byte 0x50, 0x68, 0x79, 0x72, 0x65, 0x40, 0x40, 0x00, 0x00, 0x00, 0x00, 0x00
.globl _sym_00c19e58
_sym_00c19e58:
.long _sym_00b69fe8
.byte 0x00, 0x00, 0x00, 0x00, 0x2e, 0x3f, 0x41, 0x56, 0x3f, 0x24, 0x50, 0x43, 0x6c, 0x61, 0x73, 0x73
.byte 0x44, 0x65, 0x73, 0x63, 0x72, 0x69, 0x70, 0x74, 0x6f, 0x72, 0x46, 0x6f, 0x72, 0x54, 0x79, 0x70
.byte 0x65, 0x40, 0x56, 0x50, 0x4d, 0x65, 0x73, 0x68, 0x49, 0x6e, 0x73, 0x74, 0x61, 0x6e, 0x63, 0x65
.byte 0x41, 0x74, 0x74, 0x61, 0x63, 0x68, 0x50, 0x6f, 0x69, 0x6e, 0x74, 0x40, 0x50, 0x52, 0x65, 0x6e
.byte 0x64, 0x65, 0x72, 0x69, 0x6e, 0x67, 0x40, 0x50, 0x68, 0x79, 0x72, 0x65, 0x40, 0x40, 0x40, 0x50
.byte 0x68, 0x79, 0x72, 0x65, 0x40, 0x40, 0x00, 0x00, 0x00, 0x00, 0x00, 0x00
.globl _sym_00c19eb8
_sym_00c19eb8:
.long _sym_00b69fe8
.byte 0x00, 0x00, 0x00, 0x00, 0x2e, 0x3f, 0x41, 0x56, 0x3f, 0x24, 0x50, 0x43, 0x6c, 0x61, 0x73, 0x73
.byte 0x44, 0x65, 0x73, 0x63, 0x72, 0x69, 0x70, 0x74, 0x6f, 0x72, 0x43, 0x6f, 0x6e, 0x63, 0x72, 0x65
.byte 0x74, 0x65, 0x40, 0x56, 0x50, 0x53, 0x74, 0x72, 0x75, 0x63, 0x74, 0x75, 0x72, 0x65, 0x64, 0x42
.byte 0x75, 0x66, 0x66, 0x65, 0x72, 0x42, 0x61, 0x73, 0x65, 0x40, 0x50, 0x52, 0x65, 0x6e, 0x64, 0x65
.byte 0x72, 0x69, 0x6e, 0x67, 0x40, 0x50, 0x68, 0x79, 0x72, 0x65, 0x40, 0x40, 0x40, 0x50, 0x68, 0x79
.byte 0x72, 0x65, 0x40, 0x40, 0x00, 0x00, 0x00, 0x00, 0x00, 0x00, 0x00, 0x00
.globl _sym_00c19f18
_sym_00c19f18:
.long _sym_00b69fe8
.byte 0x00, 0x00, 0x00, 0x00, 0x2e, 0x3f, 0x41, 0x56, 0x3f, 0x24, 0x50, 0x43, 0x6c, 0x61, 0x73, 0x73
.byte 0x44, 0x65, 0x73, 0x63, 0x72, 0x69, 0x70, 0x74, 0x6f, 0x72, 0x41, 0x62, 0x73, 0x74, 0x72, 0x61
.byte 0x63, 0x74, 0x40, 0x56, 0x50, 0x53, 0x74, 0x72, 0x75, 0x63, 0x74, 0x75, 0x72, 0x65, 0x64, 0x42
.byte 0x75, 0x66, 0x66, 0x65, 0x72, 0x42, 0x61, 0x73, 0x65, 0x40, 0x50, 0x52, 0x65, 0x6e, 0x64, 0x65
.byte 0x72, 0x69, 0x6e, 0x67, 0x40, 0x50, 0x68, 0x79, 0x72, 0x65, 0x40, 0x40, 0x40, 0x50, 0x68, 0x79
.byte 0x72, 0x65, 0x40, 0x40, 0x00, 0x00, 0x00, 0x00, 0x00, 0x00, 0x00, 0x00
.globl _sym_00c19f78
_sym_00c19f78:
.long _sym_00b69fe8
.byte 0x00, 0x00, 0x00, 0x00, 0x2e, 0x3f, 0x41, 0x56, 0x3f, 0x24, 0x50, 0x43, 0x6c, 0x61, 0x73, 0x73
.byte 0x44, 0x65, 0x73, 0x63, 0x72, 0x69, 0x70, 0x74, 0x6f, 0x72, 0x46, 0x6f, 0x72, 0x54, 0x79, 0x70
.byte 0x65, 0x40, 0x56, 0x50, 0x53, 0x74, 0x72, 0x75, 0x63, 0x74, 0x75, 0x72, 0x65, 0x64, 0x42, 0x75
.byte 0x66, 0x66, 0x65, 0x72, 0x42, 0x61, 0x73, 0x65, 0x40, 0x50, 0x52, 0x65, 0x6e, 0x64, 0x65, 0x72
.byte 0x69, 0x6e, 0x67, 0x40, 0x50, 0x68, 0x79, 0x72, 0x65, 0x40, 0x40, 0x40, 0x50, 0x68, 0x79, 0x72
.byte 0x65, 0x40, 0x40, 0x00
.globl _sym_00c19fd0
_sym_00c19fd0:
.long _sym_00b69fe8
.byte 0x00, 0x00, 0x00, 0x00, 0x2e, 0x3f, 0x41, 0x56, 0x3f, 0x24, 0x50, 0x43, 0x6c, 0x61, 0x73, 0x73
.byte 0x44, 0x65, 0x73, 0x63, 0x72, 0x69, 0x70, 0x74, 0x6f, 0x72, 0x43, 0x6f, 0x6e, 0x63, 0x72, 0x65
.byte 0x74, 0x65, 0x40, 0x56, 0x50, 0x53, 0x74, 0x72, 0x75, 0x63, 0x74, 0x75
