.code32
.section d083a000,"dw"
.long _sym_00b7c934
.byte 0x00, 0x00, 0x00, 0x00, 0x00, 0x00, 0x00, 0x00, 0x00, 0x00, 0x00, 0x00, 0x00, 0x00, 0x00, 0x00
.byte 0x00, 0x00, 0x00, 0x00
.long _sym_00b7c944
.long _sym_00b7c94c
.long _sym_00b7c958
.long _sym_00b7c960
.byte 0x00, 0x00, 0x00, 0x00, 0x00, 0x00, 0x00, 0x00, 0x00, 0x00, 0x00, 0x00, 0x00, 0x00, 0x00, 0x00
.long _sym_00b7c96c
.long _sym_00b7c970
.byte 0x00, 0x00, 0x00, 0x00, 0x00, 0x00, 0x00, 0x00, 0x00, 0x00, 0x00, 0x00, 0x00, 0x00, 0x00, 0x00
.byte 0x00, 0x00, 0x00, 0x00, 0x00, 0x00, 0x00, 0x00
.long _sym_00b7c910
.byte 0x00, 0x00, 0x00, 0x00, 0x00, 0x00, 0x00, 0x00, 0x00, 0x00, 0x00, 0x00, 0x00, 0x00, 0x00, 0x00
.byte 0x00, 0x00, 0x00, 0x00, 0x00, 0x00, 0x00, 0x00, 0x00, 0x00, 0x00, 0x00
.long _sym_00b7c910
.byte 0x00, 0x00, 0x00, 0x00, 0x00, 0x00, 0x00, 0x00, 0x00, 0x00, 0x00, 0x00, 0x00, 0x00, 0x00, 0x00
.byte 0x00, 0x00, 0x00, 0x00, 0x00, 0x00, 0x00, 0x00, 0x00, 0x00, 0x00, 0x00
.long _sym_00b7c910
.byte 0x00, 0x00, 0x00, 0x00, 0x00, 0x00, 0x00, 0x00, 0x00, 0x00, 0x00, 0x00, 0x00, 0x00, 0x00, 0x00
.byte 0x00, 0x00, 0x00, 0x00, 0x00, 0x00, 0x00, 0x00, 0x00, 0x00, 0x00, 0x00
.long _sym_00b7c910
.byte 0x00, 0x00, 0x00, 0x00, 0x00, 0x00, 0x00, 0x00, 0x00, 0x00, 0x00, 0x00, 0x00, 0x00, 0x00, 0x00
.byte 0x00, 0x00, 0x00, 0x00, 0x00, 0x00, 0x00, 0x00, 0x00, 0x00, 0x00, 0x00
.long _sym_00b7c910
.byte 0x00, 0x00, 0x00, 0x00, 0x00, 0x00, 0x00, 0x00, 0x00, 0x00, 0x00, 0x00, 0x00, 0x00, 0x00, 0x00
.byte 0x00, 0x00, 0x00, 0x00, 0x00, 0x00, 0x00, 0x00, 0x00, 0x00, 0x00, 0x00
.long _sym_00b7c96c
.long _sym_00b7c970
.byte 0x00, 0x00, 0x00, 0x00, 0x00, 0x00, 0x00, 0x00, 0x00, 0x00, 0x00, 0x00, 0x00, 0x00, 0x00, 0x00
.byte 0x00, 0x00, 0x00, 0x00, 0x00, 0x00, 0x00, 0x00
.long _sym_00b7c974
.long _sym_00b7c978
.long _sym_00b7c97c
.long _sym_00b7c980
.long _sym_00b7c984
.byte 0x00, 0x00, 0x00, 0x00, 0x00, 0x00, 0x00, 0x00, 0x00, 0x00, 0x00, 0x00
.long _sym_00b7c988
.long _sym_00b7c974
.long _sym_00b7c978
.long _sym_00b7c98c
.byte 0x00, 0x00, 0x00, 0x00, 0x00, 0x00, 0x00, 0x00, 0x00, 0x00, 0x00, 0x00, 0x00, 0x00, 0x00, 0x00
.long _sym_00b7c990
.long _sym_00b7c998
.long _sym_00b7c9a4
.byte 0x00, 0x00, 0x00, 0x00, 0x00, 0x00, 0x00, 0x00, 0x00, 0x00, 0x00, 0x00, 0x00, 0x00, 0x00, 0x00
.byte 0x00, 0x00, 0x00, 0x00
.long _sym_00b7c910
.byte 0x00, 0x00, 0x00, 0x00, 0x00, 0x00, 0x00, 0x00, 0x00, 0x00, 0x00, 0x00, 0x00, 0x00, 0x00, 0x00
.byte 0x00, 0x00, 0x00, 0x00, 0x00, 0x00, 0x00, 0x00, 0x00, 0x00, 0x00, 0x00
.long _sym_00b7c96c
.long _sym_00b7c970
.byte 0x00, 0x00, 0x00, 0x00, 0x00, 0x00, 0x00, 0x00, 0x00, 0x00, 0x00, 0x00, 0x00, 0x00, 0x00, 0x00
.byte 0x00, 0x00, 0x00, 0x00, 0x00, 0x00, 0x00, 0x00
.long _sym_00b7c9ac
.long _sym_00b7c9b4
.long _sym_00b7c9c0
.long _sym_00b7c9cc
.long _sym_00b7c9d8
.long _sym_00b7c9e4
.byte 0x00, 0x00, 0x00, 0x00, 0x00, 0x00, 0x00, 0x00
.long _sym_00b7c96c
.long _sym_00b7c970
.byte 0x00, 0x00, 0x00, 0x00, 0x00, 0x00, 0x00, 0x00, 0x00, 0x00, 0x00, 0x00, 0x00, 0x00, 0x00, 0x00
.byte 0x00, 0x00, 0x00, 0x00, 0x00, 0x00, 0x00, 0x00
.long _sym_00b7c96c
.long _sym_00b7c9f0
.long _sym_00b7c9f4
.long _sym_00b7c9fc
.byte 0x00, 0x00, 0x00, 0x00, 0x00, 0x00, 0x00, 0x00, 0x00, 0x00, 0x00, 0x00, 0x00, 0x00, 0x00, 0x00
.long _sym_00b7c96c
.long _sym_00b7c970
.byte 0x00, 0x00, 0x00, 0x00, 0x00, 0x00, 0x00, 0x00, 0x00, 0x00, 0x00, 0x00, 0x00, 0x00, 0x00, 0x00
.byte 0x00, 0x00, 0x00, 0x00, 0x00, 0x00, 0x00, 0x00
.long _sym_00b7ca04
.long _sym_00b7ca0c
.long _sym_00b7ca18
.byte 0x00, 0x00, 0x00, 0x00, 0x00, 0x00, 0x00, 0x00, 0x00, 0x00, 0x00, 0x00, 0x00, 0x00, 0x00, 0x00
.byte 0x00, 0x00, 0x00, 0x00
.long _sym_00b7c910
.byte 0x00, 0x00, 0x00, 0x00, 0x00, 0x00, 0x00, 0x00, 0x00, 0x00, 0x00, 0x00, 0x00, 0x00, 0x00, 0x00
.byte 0x00, 0x00, 0x00, 0x00, 0x00, 0x00, 0x00, 0x00, 0x00, 0x00, 0x00, 0x00
.long _sym_00b7c910
.byte 0x00, 0x00, 0x00, 0x00, 0x00, 0x00, 0x00, 0x00, 0x00, 0x00, 0x00, 0x00, 0x00, 0x00, 0x00, 0x00
.byte 0x00, 0x00, 0x00, 0x00, 0x00, 0x00, 0x00, 0x00, 0x00, 0x00, 0x00, 0x00
.long _sym_00b7c910
.byte 0x00, 0x00, 0x00, 0x00, 0x00, 0x00, 0x00, 0x00, 0x00, 0x00, 0x00, 0x00, 0x00, 0x00, 0x00, 0x00
.byte 0x00, 0x00, 0x00, 0x00, 0x00, 0x00, 0x00, 0x00, 0x00, 0x00, 0x00, 0x00
.globl _sym_00c3a2b8
_sym_00c3a2b8:
.byte 0x1c, 0x00, 0x00, 0x00
.globl _sym_00c3a2bc
_sym_00c3a2bc:
.byte 0x91, 0x02, 0x00, 0x00
.globl _sym_00c3a2c0
_sym_00c3a2c0:
.byte 0x90, 0x02, 0x00, 0x00
.globl _sym_00c3a2c4
_sym_00c3a2c4:
.byte 0x92, 0x02, 0x00, 0x00, 0x00, 0x00, 0x00, 0x00
.globl _sym_00c3a2cc
_sym_00c3a2cc:
.byte 0x93, 0x02, 0x00, 0x00, 0x21, 0x00, 0x00, 0x00, 0x94, 0x02, 0x00, 0x00, 0x90, 0x02, 0x00, 0x00
.byte 0x95, 0x02, 0x00, 0x00, 0x00, 0x00, 0x00, 0x00, 0x96, 0x02, 0x00, 0x00, 0x22, 0x00, 0x00, 0x00
.byte 0x97, 0x02, 0x00, 0x00, 0x90, 0x02, 0x00, 0x00, 0x98, 0x02, 0x00, 0x00, 0x00, 0x00, 0x00, 0x00
.byte 0x99, 0x02, 0x00, 0x00, 0x1d, 0x00, 0x00, 0x00, 0x9a, 0x02, 0x00, 0x00, 0x90, 0x02, 0x00, 0x00
.byte 0x9b, 0x02, 0x00, 0x00, 0x00, 0x00, 0x00, 0x00, 0x9d, 0x02, 0x00, 0x00, 0x1f, 0x00, 0x00, 0x00
.byte 0xa4, 0x02, 0x00, 0x00, 0x90, 0x02, 0x00, 0x00, 0xa5, 0x02, 0x00, 0x00, 0x00, 0x00, 0x00, 0x00
.byte 0xa6, 0x02, 0x00, 0x00
.globl _sym_00c3a330
_sym_00c3a330:
.long _sym_00b69fe8
.byte 0x00, 0x00, 0x00, 0x00, 0x2e, 0x3f, 0x41, 0x56, 0x4a, 0x6f, 0x62, 0x57, 0x6f, 0x72, 0x6b, 0x65
.byte 0x72, 0x40, 0x4a, 0x6f, 0x62, 0x53, 0x63, 0x68, 0x65, 0x64, 0x75, 0x6c, 0x65, 0x40, 0x40, 0x00
.byte 0xff, 0xff, 0x7f, 0xff, 0xff, 0xff, 0x7f, 0xff, 0x00, 0x00, 0x00, 0x00
.globl _sym_00c3a360
_sym_00c3a360:
.long _sym_00707c80
.long _sym_00707ca0
.long _sym_00707cb0
.long _sym_00707cc0
.long _sym_00707cd0
.long _sym_00707cf0
.long _sym_00707d00
.long _sym_00707d20
.long _sym_00707d30
.long _sym_00707d50
.long _sym_00707d70
.long _sym_00707d80
.long _sym_00707de0
.long _sym_00707e00
.long _sym_00707e60
.long _sym_00707e90
.long _sym_00707eb0
.long _sym_00707ed0
.long _sym_00707ee0
.long _sym_00707ef0
.long _sym_00707f00
.long _sym_00707f10
.long _sym_00707f30
.long _sym_00707f50
.long _sym_00707f70
.long _sym_00707f90
.long _sym_00707fa0
.long _sym_00707fc0
.long _sym_00707fe0
.long _sym_00708000
.long _sym_00708060
.long _sym_00708080
.long _sym_007080a0
.long _sym_007080c0
.long _sym_007080e0
.long _sym_00708140
.long _sym_00708170
.long _sym_00708190
.long _sym_007081b0
.long _sym_007081d0
.long _sym_007081f0
.long _sym_00708210
.long _sym_00708220
.long _sym_00708230
.long _sym_00708240
.long _sym_00708250
.long _sym_00708260
.long _sym_00708280
.long _sym_007082a0
.long _sym_007082c0
.long _sym_007082d0
.long _sym_007082f0
.long _sym_00708310
.long _sym_00708330
.long _sym_00708350
.long _sym_00708370
.long _sym_007083a0
.long _sym_007083e0
.long _sym_007083c0
.long _sym_007083f0
.long _sym_00708410
.long _sym_00708430
.long _sym_00708450
.long _sym_00708470
.long _sym_00708490
.long _sym_007084b0
.long _sym_007084c0
.long _sym_007084f0
.long _sym_00708520
.long _sym_00708550
.globl _sym_00c3a478
_sym_00c3a478:
.byte 0xff, 0xff, 0xff, 0xff
.globl _sym_00c3a47c
_sym_00c3a47c:
.byte 0x02, 0x00, 0x00, 0x00
.globl _sym_00c3a480
_sym_00c3a480:
.byte 0x00, 0x00, 0x00, 0x38, 0x00, 0x00, 0x00, 0x38, 0x00, 0x00, 0x00, 0x38
.globl _sym_00c3a48c
_sym_00c3a48c:
.byte 0x00, 0x00, 0x00, 0x38, 0x00, 0x00, 0x80, 0x39, 0x00, 0x00, 0x80, 0x39, 0x00, 0x00, 0x80, 0x39
.byte 0x00, 0x00, 0x80, 0x39, 0x00, 0x00, 0x00, 0x00, 0x00, 0x00, 0x80, 0x3f, 0x00, 0x00, 0x00, 0x00
.byte 0x00, 0x00, 0x80, 0x3f, 0x00, 0x00, 0x80, 0x3f, 0x00, 0x00, 0x80, 0xbf, 0x00, 0x00, 0x80, 0x3f
.byte 0x00, 0x00, 0x80, 0xbf, 0x7f, 0x96, 0x18, 0x4b
.globl _sym_00c3a4c4
_sym_00c3a4c4:
.long _sym_0230ffe0
.globl _sym_00c3a4c8
_sym_00c3a4c8:
.byte 0x00, 0x00, 0x80, 0x43
.globl _sym_00c3a4cc
_sym_00c3a4cc:
.byte 0xc8, 0x00, 0x00, 0x00
.globl _sym_00c3a4d0
_sym_00c3a4d0:
.byte 0x01, 0x00, 0x00, 0x00
.globl _sym_00c3a4d4
_sym_00c3a4d4:
.byte 0x01, 0x00, 0x00, 0x00
.globl _sym_00c3a4d8
_sym_00c3a4d8:
.long _sym_00b50274
.long _sym_00b5028c
.long _sym_00b50294
.globl _sym_00c3a4e4
_sym_00c3a4e4:
.long _sym_00b5029c
.long _sym_00b502a4
.long _sym_00b502ac
.long _sym_00b502b4
.long _sym_00b502bc
.globl _sym_00c3a4f8
_sym_00c3a4f8:
.byte 0xff, 0xff, 0xff, 0xff
.globl _sym_00c3a4fc
_sym_00c3a4fc:
.byte 0xff, 0xff, 0xff, 0xff
.globl _sym_00c3a500
_sym_00c3a500:
.long _sym_00b5069c
.byte 0x00, 0x00, 0x00, 0x00
.long _sym_0075b830
.byte 0x00, 0x00, 0x00, 0x00, 0x00, 0x00, 0x00, 0x00, 0x00, 0x00, 0x00, 0x00, 0x00, 0x00, 0x00, 0x00
.long _sym_0075b900
.long _sym_0075b900
.byte 0x00, 0x00, 0x00, 0x00
.long _sym_00b506d8
.byte 0x00, 0x00, 0x00, 0x00
.long _sym_0075b940
.byte 0x00, 0x00, 0x00, 0x00, 0x00, 0x00, 0x00, 0x00, 0x00, 0x00, 0x00, 0x00, 0x00, 0x00, 0x00, 0x00
.long _sym_0075b9b0
.long _sym_0075b9b0
.byte 0x00, 0x00, 0x00, 0x00
.long _sym_00b50720
.byte 0x00, 0x00, 0x00, 0x00
.long _sym_0075b9f0
.byte 0x00, 0x00, 0x00, 0x00, 0x00, 0x00, 0x00, 0x00, 0x00, 0x00, 0x00, 0x00, 0x00, 0x00, 0x00, 0x00
.long _sym_0075bac0
.long _sym_0075bac0
.byte 0x00, 0x00, 0x00, 0x00
.long _sym_00b50760
.byte 0x00, 0x00, 0x00, 0x00
.long _sym_0075bb30
.byte 0x00, 0x00, 0x00, 0x00, 0x00, 0x00, 0x00, 0x00, 0x00, 0x00, 0x00, 0x00, 0x00, 0x00, 0x00, 0x00
.long _sym_0075bbb0
.long _sym_0075bbb0
.byte 0x00, 0x00, 0x00, 0x00
.long _sym_00b5079c
.byte 0x00, 0x00, 0x00, 0x00
.long _sym_0075bed0
.byte 0x00, 0x00, 0x00, 0x00, 0x00, 0x00, 0x00, 0x00, 0x00, 0x00, 0x00, 0x00, 0x00, 0x00, 0x00, 0x00
.long _sym_0075bfa0
.long _sym_0075bfa0
.byte 0x00, 0x00, 0x00, 0x00
.long _sym_00b507d0
.byte 0x00, 0x00, 0x00, 0x00
.long _sym_0075bfe0
.byte 0x00, 0x00, 0x00, 0x00, 0x00, 0x00, 0x00, 0x00, 0x00, 0x00, 0x00, 0x00, 0x00, 0x00, 0x00, 0x00
.long _sym_0075c050
.long _sym_0075c050
.byte 0x00, 0x00, 0x00, 0x00
.long _sym_00b5080c
.byte 0x00, 0x00, 0x00, 0x00
.long _sym_0075c090
.byte 0x00, 0x00, 0x00, 0x00, 0x00, 0x00, 0x00, 0x00, 0x00, 0x00, 0x00, 0x00, 0x00, 0x00, 0x00, 0x00
.long _sym_0075c160
.long _sym_0075c160
.byte 0x00, 0x00, 0x00, 0x00
.long _sym_00b50848
.byte 0x00, 0x00, 0x00, 0x00
.long _sym_0075c480
.byte 0x00, 0x00, 0x00, 0x00, 0x00, 0x00, 0x00, 0x00, 0x00, 0x00, 0x00, 0x00, 0x00, 0x00, 0x00, 0x00
.long _sym_0075c500
.long _sym_0075c500
.byte 0x00, 0x00, 0x00, 0x00
.long _sym_00b5088c
.byte 0x00, 0x00, 0x00, 0x00
.long _sym_0075c540
.byte 0x00, 0x00, 0x00, 0x00, 0x00, 0x00, 0x00, 0x00, 0x00, 0x00, 0x00, 0x00, 0x00, 0x00, 0x00, 0x00
.long _sym_0075c5b0
.long _sym_0075c5b0
.byte 0x00, 0x00, 0x00, 0x00
.long _sym_00b508d4
.byte 0x00, 0x00, 0x00, 0x00
.long _sym_0075cf20
.byte 0x00, 0x00, 0x00, 0x00, 0x00, 0x00, 0x00, 0x00, 0x00, 0x00, 0x00, 0x00, 0x00, 0x00, 0x00, 0x00
.long _sym_0075cf70
.long _sym_0075cf70
.byte 0x00, 0x00, 0x00, 0x00
.long _sym_00b5091c
.byte 0x00, 0x00, 0x00, 0x00
.long _sym_0075d0d0
.byte 0x00, 0x00, 0x00, 0x00, 0x00, 0x00, 0x00, 0x00, 0x00, 0x00, 0x00, 0x00, 0x00, 0x00, 0x00, 0x00
.long _sym_0075d140
.long _sym_0075d140
.byte 0x00, 0x00, 0x00, 0x00
.long _sym_00b50958
.byte 0x00, 0x00, 0x00, 0x00
.long _sym_0075d2e0
.byte 0x00, 0x00, 0x00, 0x00, 0x00, 0x00, 0x00, 0x00, 0x00, 0x00, 0x00, 0x00, 0x00, 0x00, 0x00, 0x00
.long _sym_0075d330
.long _sym_0075d330
.byte 0x00, 0x00, 0x00, 0x00
.long _sym_00b50990
.byte 0x00, 0x00, 0x00, 0x00
.long _sym_00730ba0
.byte 0x00, 0x00, 0x00, 0x00, 0x00, 0x00, 0x00, 0x00, 0x00, 0x00, 0x00, 0x00, 0x00, 0x00, 0x00, 0x00
.byte 0x00, 0x00, 0x00, 0x00, 0x00, 0x00, 0x00, 0x00, 0x00, 0x00, 0x00, 0x00
.long _sym_00b509c8
.byte 0x00, 0x00, 0x00, 0x00
.long _sym_007311e0
.byte 0x00, 0x00, 0x00, 0x00, 0x00, 0x00, 0x00, 0x00, 0x00, 0x00, 0x00, 0x00, 0x00, 0x00, 0x00, 0x00
.byte 0x00, 0x00, 0x00, 0x00, 0x00, 0x00, 0x00, 0x00, 0x00, 0x00, 0x00, 0x00
.long _sym_00b50a00
.byte 0x00, 0x00, 0x00, 0x00
.long _sym_007326c0
.byte 0x00, 0x00, 0x00, 0x00, 0x00, 0x00, 0x00, 0x00, 0x00, 0x00, 0x00, 0x00, 0x00, 0x00, 0x00, 0x00
.byte 0x00, 0x00, 0x00, 0x00, 0x00, 0x00, 0x00, 0x00, 0x00, 0x00, 0x00, 0x00
.long _sym_00b50a38
.byte 0x00, 0x00, 0x00, 0x00, 0x00, 0x00, 0x00, 0x00, 0x00, 0x00, 0x00, 0x00, 0x00, 0x00, 0x00, 0x00
.byte 0x00, 0x00, 0x00, 0x00, 0x00, 0x00, 0x00, 0x00, 0x00, 0x00, 0x00, 0x00, 0x00, 0x00, 0x00, 0x00
.byte 0x00, 0x00, 0x00, 0x00
.long _sym_00b50a78
.byte 0x00, 0x00, 0x00, 0x00
.long _sym_0072d470
.byte 0x00, 0x00, 0x00, 0x00, 0x00, 0x00, 0x00, 0x00, 0x00, 0x00, 0x00, 0x00, 0x00, 0x00, 0x00, 0x00
.byte 0x00, 0x00, 0x00, 0x00, 0x00, 0x00, 0x00, 0x00, 0x00, 0x00, 0x00, 0x00
.long _sym_00b50ab8
.byte 0x00, 0x00, 0x00, 0x00
.long _sym_00734240
.byte 0x00, 0x00, 0x00, 0x00, 0x00, 0x00, 0x00, 0x00, 0x00, 0x00, 0x00, 0x00, 0x00, 0x00, 0x00, 0x00
.byte 0x00, 0x00, 0x00, 0x00, 0x00, 0x00, 0x00, 0x00, 0x00, 0x00, 0x00, 0x00
.long _sym_00b50afc
.byte 0x00, 0x00, 0x00, 0x00
.long _sym_00734710
.byte 0x00, 0x00, 0x00, 0x00, 0x00, 0x00, 0x00, 0x00, 0x00, 0x00, 0x00, 0x00, 0x00, 0x00, 0x00, 0x00
.byte 0x00, 0x00, 0x00, 0x00, 0x00, 0x00, 0x00, 0x00, 0x00, 0x00, 0x00, 0x00
.long _sym_00b50b44
.byte 0x00, 0x00, 0x00, 0x00, 0x00, 0x00, 0x00, 0x00
.long _sym_00734c40
.byte 0x00, 0x00, 0x00, 0x00, 0x00, 0x00, 0x00, 0x00, 0x00, 0x00, 0x00, 0x00, 0x00, 0x00, 0x00, 0x00
.byte 0x00, 0x00, 0x00, 0x00, 0x00, 0x00, 0x00, 0x00
.long _sym_00b50b90
.byte 0x00, 0x00, 0x00, 0x00, 0x00, 0x00, 0x00, 0x00
.long _sym_00734ca0
.byte 0x00, 0x00, 0x00, 0x00, 0x00, 0x00, 0x00, 0x00, 0x00, 0x00, 0x00, 0x00, 0x00, 0x00, 0x00, 0x00
.byte 0x00, 0x00, 0x00, 0x00, 0x00, 0x00, 0x00, 0x00
.long _sym_00b50bd8
.byte 0x00, 0x00, 0x00, 0x00, 0x00, 0x00, 0x00, 0x00
.long _sym_00737830
.byte 0x00, 0x00, 0x00, 0x00, 0x00, 0x00, 0x00, 0x00, 0x00, 0x00, 0x00, 0x00, 0x00, 0x00, 0x00, 0x00
.byte 0x00, 0x00, 0x00, 0x00, 0x00, 0x00, 0x00, 0x00
.long _sym_00b50c20
.byte 0x00, 0x00, 0x00, 0x00, 0x00, 0x00, 0x00, 0x00
.long _sym_00737be0
.byte 0x00, 0x00, 0x00, 0x00, 0x00, 0x00, 0x00, 0x00, 0x00, 0x00, 0x00, 0x00, 0x00, 0x00, 0x00, 0x00
.byte 0x00, 0x00, 0x00, 0x00, 0x00, 0x00, 0x00, 0x00
.long _sym_00b50c6c
.byte 0x00, 0x00, 0x00, 0x00, 0x00, 0x00, 0x00, 0x00
.long _sym_00738000
.byte 0x00, 0x00, 0x00, 0x00, 0x00, 0x00, 0x00, 0x00, 0x00, 0x00, 0x00, 0x00
.long _sym_007385b0
.long _sym_007385b0
.byte 0x00, 0x00, 0x00, 0x00
.long _sym_00b50cb0
.long _sym_00740aa0
.byte 0x00, 0x00, 0x00, 0x00, 0x00, 0x00, 0x00, 0x00, 0x00, 0x00, 0x00, 0x00, 0x00, 0x00, 0x00, 0x00
.byte 0x00, 0x00, 0x00, 0x00
.long _sym_00740f70
.long _sym_00740f70
.byte 0x00, 0x00, 0x00, 0x00
.long _sym_00b50cf4
.byte 0x00, 0x00, 0x00, 0x00
.long _sym_0074c570
.long _sym_0074c650
.byte 0x00, 0x00, 0x00, 0x00, 0x00, 0x00, 0x00, 0x00, 0x00, 0x00, 0x00, 0x00
.long _sym_0074c620
.byte 0x00, 0x00, 0x00, 0x00, 0x00, 0x00, 0x00, 0x00
.long _sym_00b50d38
.byte 0x00, 0x00, 0x00, 0x00
.long _sym_0074e570
.long _sym_0074e650
.byte 0x00, 0x00, 0x00, 0x00, 0x00, 0x00, 0x00, 0x00, 0x00, 0x00, 0x00, 0x00
.long _sym_0074e620
.byte 0x00, 0x00, 0x00, 0x00, 0x00, 0x00, 0x00, 0x00
.long _sym_00b50d78
.byte 0x00, 0x00, 0x00, 0x00
.long _sym_00757930
.byte 0x00, 0x00, 0x00, 0x00, 0x00, 0x00, 0x00, 0x00, 0x00, 0x00, 0x00, 0x00, 0x00, 0x00, 0x00, 0x00
.long _sym_00757c20
.byte 0x00, 0x00, 0x00, 0x00, 0x00, 0x00, 0x00, 0x00
.long _sym_00b50dc4
.byte 0x00, 0x00, 0x00, 0x00
.long _sym_007580e0
.byte 0x00, 0x00, 0x00, 0x00, 0x00, 0x00, 0x00, 0x00, 0x00, 0x00, 0x00, 0x00, 0x00, 0x00, 0x00, 0x00
.long _sym_00758340
.long _sym_00758340
.byte 0x00, 0x00, 0x00, 0x00
.long _sym_00b50e0c
.byte 0x00, 0x00, 0x00, 0x00
.long _sym_00730dd0
.byte 0x00, 0x00, 0x00, 0x00, 0x00, 0x00, 0x00, 0x00, 0x00, 0x00, 0x00, 0x00, 0x00, 0x00, 0x00, 0x00
.byte 0x00, 0x00, 0x00, 0x00, 0x00, 0x00, 0x00, 0x00, 0x00, 0x00, 0x00, 0x00
.long _sym_00b50e54
.byte 0x00, 0x00, 0x00, 0x00
.long _sym_00730fd0
.byte 0x00, 0x00, 0x00, 0x00, 0x00, 0x00, 0x00, 0x00, 0x00, 0x00, 0x00, 0x00, 0x00, 0x00, 0x00, 0x00
.byte 0x00, 0x00, 0x00, 0x00, 0x00, 0x00, 0x00, 0x00, 0x00, 0x00, 0x00, 0x00
.long _sym_00b50e98
.byte 0x00, 0x00, 0x00, 0x00
.long _sym_00759010
.byte 0x00, 0x00, 0x00, 0x00, 0x00, 0x00, 0x00, 0x00, 0x00, 0x00, 0x00, 0x00, 0x00, 0x00, 0x00, 0x00
.long _sym_00759080
.byte 0x00, 0x00, 0x00, 0x00, 0x00, 0x00, 0x00, 0x00
.long _sym_00b50edc
.byte 0x00, 0x00, 0x00, 0x00, 0x00, 0x00, 0x00, 0x00
.long _sym_0075b070
.byte 0x00, 0x00, 0x00, 0x00, 0x00, 0x00, 0x00, 0x00, 0x00, 0x00, 0x00, 0x00
.long _sym_0075b020
.long _sym_0075b050
.byte 0x00, 0x00, 0x00, 0x00
.long _sym_00b50f0c
.byte 0x00, 0x00, 0x00, 0x00, 0x00, 0x00, 0x00, 0x00
.long _sym_0075a0e0
.byte 0x00, 0x00, 0x00, 0x00, 0x00, 0x00, 0x00, 0x00, 0x00, 0x00, 0x00, 0x00
.long _sym_0075a0c0
.byte 0x00, 0x00, 0x00, 0x00, 0x00, 0x00, 0x00, 0x00
.long _sym_00b50f48
.byte 0x00, 0x00, 0x00, 0x00, 0x00, 0x00, 0x00, 0x00
.long _sym_0075a490
.byte 0x00, 0x00, 0x00, 0x00, 0x00, 0x00, 0x00, 0x00, 0x00, 0x00, 0x00, 0x00
.long _sym_0075a460
.byte 0x00, 0x00, 0x00, 0x00, 0x00, 0x00, 0x00, 0x00
.long _sym_00b50f74
.byte 0x00, 0x00, 0x00, 0x00, 0x00, 0x00, 0x00, 0x00
.long _sym_0075a850
.byte 0x00, 0x00, 0x00, 0x00, 0x00, 0x00, 0x00, 0x00, 0x00, 0x00, 0x00, 0x00
.long _sym_0075a830
.byte 0x00, 0x00, 0x00, 0x00, 0x00, 0x00, 0x00, 0x00
.long _sym_00b50fa8
.byte 0x00, 0x00, 0x00, 0x00, 0x00, 0x00, 0x00, 0x00
.long _sym_0075ac40
.byte 0x00, 0x00, 0x00, 0x00, 0x00, 0x00, 0x00, 0x00, 0x00, 0x00, 0x00, 0x00
.long _sym_0075ac20
.byte 0x00, 0x00, 0x00, 0x00, 0x00, 0x00, 0x00, 0x00
.long _sym_00b50fdc
.byte 0x00, 0x00, 0x00, 0x00
.long _sym_00732c10
.byte 0x00, 0x00, 0x00, 0x00, 0x00, 0x00, 0x00, 0x00, 0x00, 0x00, 0x00, 0x00, 0x00, 0x00, 0x00, 0x00
.byte 0x00, 0x00, 0x00, 0x00, 0x00, 0x00, 0x00, 0x00, 0x00, 0x00, 0x00, 0x00
.long _sym_00b51010
.byte 0x00, 0x00, 0x00, 0x00
.long _sym_00732460
.byte 0x00, 0x00, 0x00, 0x00, 0x00, 0x00, 0x00, 0x00, 0x00, 0x00, 0x00, 0x00, 0x00, 0x00, 0x00, 0x00
.byte 0x00, 0x00, 0x00, 0x00, 0x00, 0x00, 0x00, 0x00, 0x00, 0x00, 0x00, 0x00
.long _sym_00b5103c
.byte 0x00, 0x00, 0x00, 0x00
.long _sym_00732980
.byte 0x00, 0x00, 0x00, 0x00, 0x00, 0x00, 0x00, 0x00, 0x00, 0x00, 0x00, 0x00, 0x00, 0x00, 0x00, 0x00
.byte 0x00, 0x00, 0x00, 0x00, 0x00, 0x00, 0x00, 0x00, 0x00, 0x00, 0x00, 0x00
.long _sym_00b51074
.byte 0x00, 0x00, 0x00, 0x00
.long _sym_00731640
.byte 0x00, 0x00, 0x00, 0x00, 0x00, 0x00, 0x00, 0x00, 0x00, 0x00, 0x00, 0x00, 0x00, 0x00, 0x00, 0x00
.byte 0x00, 0x00, 0x00, 0x00, 0x00, 0x00, 0x00, 0x00, 0x00, 0x00, 0x00, 0x00
.long _sym_00b510a8
.byte 0x00, 0x00, 0x00, 0x00
.long _sym_007574b0
.byte 0x00, 0x00, 0x00, 0x00, 0x00, 0x00, 0x00, 0x00, 0x00, 0x00, 0x00, 0x00, 0x00, 0x00, 0x00, 0x00
.long _sym_00757560
.byte 0x00, 0x00, 0x00, 0x00, 0x00, 0x00, 0x00, 0x00
.long _sym_00b510d8
.byte 0x00, 0x00, 0x00, 0x00, 0x00, 0x00, 0x00, 0x00
.long _sym_007498e0
.byte 0x00, 0x00, 0x00, 0x00, 0x00, 0x00, 0x00, 0x00, 0x00, 0x00, 0x00, 0x00
.long _sym_007498b0
.long _sym_007498b0
.byte 0x00, 0x00, 0x00, 0x00
.long _sym_00b51100
.byte 0x00, 0x00, 0x00, 0x00
.long _sym_0075e400
.byte 0x00, 0x00, 0x00, 0x00, 0x00, 0x00, 0x00, 0x00, 0x00, 0x00, 0x00, 0x00, 0x00, 0x00, 0x00, 0x00
.byte 0x00, 0x00, 0x00, 0x00, 0x00, 0x00, 0x00, 0x00, 0x00, 0x00, 0x00, 0x00
.long _sym_00b51130
.byte 0x00, 0x00, 0x00, 0x00, 0x00, 0x00, 0x00, 0x00
.long _sym_00734f80
.byte 0x00, 0x00, 0x00, 0x00, 0x00, 0x00, 0x00, 0x00, 0x00, 0x00, 0x00, 0x00, 0x00, 0x00, 0x00, 0x00
.byte 0x00, 0x00, 0x00, 0x00, 0x00, 0x00, 0x00, 0x00
.long _sym_00b5115c
.byte 0x00, 0x00, 0x00, 0x00
.long _sym_007550f0
.long _sym_00755130
.byte 0x00, 0x00, 0x00, 0x00, 0x00, 0x00, 0x00, 0x00, 0x00, 0x00, 0x00, 0x00
.long _sym_00755100
.long _sym_00755100
.byte 0x00, 0x00, 0x00, 0x00
.long _sym_00b5118c
.byte 0x00, 0x00, 0x00, 0x00
.long _sym_00750390
.long _sym_00750700
.byte 0x00, 0x00, 0x00, 0x00, 0x00, 0x00, 0x00, 0x00, 0x00, 0x00, 0x00, 0x00
.long _sym_007505e0
.long _sym_00750670
.byte 0x00, 0x00, 0x00, 0x00
.long _sym_00b511b8
.byte 0x00, 0x00, 0x00, 0x00
.long _sym_0075a020
.byte 0x00, 0x00, 0x00, 0x00, 0x00, 0x00, 0x00, 0x00, 0x00, 0x00, 0x00, 0x00, 0x00, 0x00, 0x00, 0x00
.long _sym_0075a0a0
.long _sym_0075a0a0
.byte 0x00, 0x00, 0x00, 0x00
.long _sym_00b511e4
.byte 0x00, 0x00, 0x00, 0x00, 0x00, 0x00, 0x00, 0x00
.long _sym_00734dc0
.byte 0x00, 0x00, 0x00, 0x00
.long _sym_00734e60
.byte 0x00, 0x00, 0x00, 0x00, 0x00, 0x00, 0x00, 0x00, 0x00, 0x00, 0x00, 0x00, 0x00, 0x00, 0x00, 0x00
.long _sym_00b51218
.byte 0x00, 0x00, 0x00, 0x00, 0x00, 0x00, 0x00, 0x00
.long _sym_00742d80
.byte 0x00, 0x00, 0x00, 0x00, 0x00, 0x00, 0x00, 0x00, 0x00, 0x00, 0x00, 0x00
.long _sym_00742c10
.byte 0x00, 0x00, 0x00, 0x00
.long _sym_00742c90
.long _sym_00b5124c
.byte 0x00, 0x00, 0x00, 0x00, 0x00, 0x00, 0x00, 0x00
.long _sym_0072e870
.byte 0x00, 0x00, 0x00, 0x00, 0x00, 0x00, 0x00, 0x00, 0x00, 0x00, 0x00, 0x00
.long _sym_0072e810
.long _sym_0072e840
.byte 0x00, 0x00, 0x00, 0x00
.long _sym_00b51278
.byte 0x00, 0x00, 0x00, 0x00, 0x00, 0x00, 0x00, 0x00
.long _sym_0073aca0
.byte 0x00, 0x00, 0x00, 0x00, 0x00, 0x00, 0x00, 0x00, 0x00, 0x00, 0x00, 0x00
.long _sym_0073abc0
.long _sym_0073ac00
.long _sym_0073ac30
.long _sym_00b51294
.byte 0x00, 0x00, 0x00, 0x00, 0x00, 0x00, 0x00, 0x00
.long _sym_00734fc0
.byte 0x00, 0x00, 0x00, 0x00, 0x00, 0x00, 0x00, 0x00, 0x00, 0x00, 0x00, 0x00, 0x00, 0x00, 0x00, 0x00
.byte 0x00, 0x00, 0x00, 0x00, 0x00, 0x00, 0x00, 0x00
.long _sym_00b512b0
.byte 0x00, 0x00, 0x00, 0x00
.long _sym_00759920
.byte 0x00, 0x00, 0x00, 0x00, 0x00, 0x00, 0x00, 0x00, 0x00, 0x00, 0x00, 0x00, 0x00, 0x00, 0x00, 0x00
.long _sym_00759970
.byte 0x00, 0x00, 0x00, 0x00, 0x00, 0x00, 0x00, 0x00
.long _sym_00b512d0
.byte 0x00, 0x00, 0x00, 0x00
.long _sym_00759aa0
.byte 0x00, 0x00, 0x00, 0x00, 0x00, 0x00, 0x00, 0x00, 0x00, 0x00, 0x00, 0x00, 0x00, 0x00, 0x00, 0x00
.long _sym_00759cb0
.byte 0x00, 0x00, 0x00, 0x00, 0x00, 0x00, 0x00, 0x00
.long _sym_00b512f4
.byte 0x00, 0x00, 0x00, 0x00, 0x00, 0x00, 0x00, 0x00
.long _sym_007385f0
.byte 0x00, 0x00, 0x00, 0x00, 0x00, 0x00, 0x00, 0x00, 0x00, 0x00, 0x00, 0x00, 0x00, 0x00, 0x00, 0x00
.byte 0x00, 0x00, 0x00, 0x00, 0x00, 0x00, 0x00, 0x00
.long _sym_00b51314
.byte 0x00, 0x00, 0x00, 0x00, 0x00, 0x00, 0x00, 0x00, 0x00, 0x00, 0x00, 0x00, 0x00, 0x00, 0x00, 0x00
.byte 0x00, 0x00, 0x00, 0x00, 0x00, 0x00, 0x00, 0x00
.long _sym_007367e0
.byte 0x00, 0x00, 0x00, 0x00, 0x00, 0x00, 0x00, 0x00
.long _sym_00b51338
.byte 0x00, 0x00, 0x00, 0x00
.long _sym_0075e520
.byte 0x00, 0x00, 0x00, 0x00, 0x00, 0x00, 0x00, 0x00, 0x00, 0x00, 0x00, 0x00, 0x00, 0x00, 0x00, 0x00
.long _sym_0075e560
.byte 0x00, 0x00, 0x00, 0x00, 0x00, 0x00, 0x00, 0x00
.long _sym_00b51358
.byte 0x00, 0x00, 0x00, 0x00
.long _sym_00734200
.byte 0x00, 0x00, 0x00, 0x00, 0x00, 0x00, 0x00, 0x00, 0x00, 0x00, 0x00, 0x00, 0x00, 0x00, 0x00, 0x00
.byte 0x00, 0x00, 0x00, 0x00, 0x00, 0x00, 0x00, 0x00, 0x00, 0x00, 0x00, 0x00
.long _sym_00b5137c
.byte 0x00, 0x00, 0x00, 0x00
.long _sym_00736e40
.byte 0x00, 0x00, 0x00, 0x00, 0x00, 0x00, 0x00, 0x00, 0x00, 0x00, 0x00, 0x00, 0x00, 0x00, 0x00, 0x00
.long _sym_00736f20
.byte 0x00, 0x00, 0x00, 0x00, 0x00, 0x00, 0x00, 0x00
.long _sym_00b513a0
.byte 0x00, 0x00, 0x00, 0x00
.long _sym_00736f50
.byte 0x00, 0x00, 0x00, 0x00, 0x00, 0x00, 0x00, 0x00, 0x00, 0x00, 0x00, 0x00, 0x00, 0x00, 0x00, 0x00
.long _sym_007371f0
.long _sym_007371f0
.byte 0x00, 0x00, 0x00, 0x00
.long _sym_00b50240
.byte 0x00, 0x00, 0x00, 0x00
.long _sym_00736110
.long _sym_00736640
.byte 0x00, 0x00, 0x00, 0x00, 0x00, 0x00, 0x00, 0x00, 0x00, 0x00, 0x00, 0x00
.long _sym_00736520
.long _sym_007365a0
.long _sym_00736630
.long _sym_00b50258
.byte 0x00, 0x00, 0x00, 0x00
.long _sym_00758a50
.byte 0x00, 0x00, 0x00, 0x00, 0x00, 0x00, 0x00, 0x00, 0x00, 0x00, 0x00, 0x00, 0x00, 0x00, 0x00, 0x00
.long _sym_00758ac0
.byte 0x00, 0x00, 0x00, 0x00, 0x00, 0x00, 0x00, 0x00
.long _sym_00b5027c
.byte 0x00, 0x00, 0x00, 0x00
.long _sym_007588a0
.byte 0x00, 0x00, 0x00, 0x00, 0x00, 0x00, 0x00, 0x00, 0x00, 0x00, 0x00, 0x00, 0x00, 0x00, 0x00, 0x00
.long _sym_00758910
.byte 0x00, 0x00, 0x00, 0x00, 0x00, 0x00, 0x00, 0x00
.long _sym_00b502d8
.byte 0x00, 0x00, 0x00, 0x00
.long _sym_007337b0
.byte 0x00, 0x00, 0x00, 0x00, 0x00, 0x00, 0x00, 0x00, 0x00, 0x00, 0x00, 0x00, 0x00, 0x00, 0x00, 0x00
.byte 0x00, 0x00, 0x00, 0x00, 0x00, 0x00, 0x00, 0x00, 0x00, 0x00, 0x00, 0x00
.long _sym_00b502f4
.byte 0x00, 0x00, 0x00, 0x00, 0x00, 0x00, 0x00, 0x00, 0x00, 0x00, 0x00, 0x00, 0x00, 0x00, 0x00, 0x00
.byte 0x00, 0x00, 0x00, 0x00, 0x00, 0x00, 0x00, 0x00
.long _sym_00736a20
.byte 0x00, 0x00, 0x00, 0x00, 0x00, 0x00, 0x00, 0x00
.long _sym_00b50314
.byte 0x00, 0x00, 0x00, 0x00
.long _sym_00732ea0
.byte 0x00, 0x00, 0x00, 0x00, 0x00, 0x00, 0x00, 0x00, 0x00, 0x00, 0x00, 0x00, 0x00, 0x00, 0x00, 0x00
.byte 0x00, 0x00, 0x00, 0x00, 0x00, 0x00, 0x00, 0x00, 0x00, 0x00, 0x00, 0x00
.long _sym_00b5032c
.byte 0x00, 0x00, 0x00, 0x00
.long _sym_007592f0
.byte 0x00, 0x00, 0x00, 0x00, 0x00, 0x00, 0x00, 0x00, 0x00, 0x00, 0x00, 0x00, 0x00, 0x00, 0x00, 0x00
.long _sym_00759360
.byte 0x00, 0x00, 0x00, 0x00, 0x00, 0x00, 0x00, 0x00
.long _sym_00b5034c
.byte 0x00, 0x00, 0x00, 0x00, 0x00, 0x00, 0x00, 0x00, 0x00, 0x00, 0x00, 0x00, 0x00, 0x00, 0x00, 0x00
.byte 0x00, 0x00, 0x00, 0x00, 0x00, 0x00, 0x00, 0x00
.long _sym_00736b40
.byte 0x00, 0x00, 0x00, 0x00, 0x00, 0x00, 0x00, 0x00
.long _sym_00b5036c
.byte 0x00, 0x00, 0x00, 0x00, 0x00, 0x00, 0x00, 0x00, 0x00, 0x00, 0x00, 0x00, 0x00, 0x00, 0x00, 0x00
.byte 0x00, 0x00, 0x00, 0x00, 0x00, 0x00, 0x00, 0x00
.long _sym_00736d20
.byte 0x00, 0x00, 0x00, 0x00, 0x00, 0x00, 0x00, 0x00
.long _sym_00b5038c
.byte 0x00, 0x00, 0x00, 0x00
.long _sym_007585c0
.byte 0x00, 0x00, 0x00, 0x00, 0x00, 0x00, 0x00, 0x00, 0x00, 0x00, 0x00, 0x00, 0x00, 0x00, 0x00, 0x00
.long _sym_00758880
.byte 0x00, 0x00, 0x00, 0x00, 0x00, 0x00, 0x00, 0x00
.long _sym_00b503ac
.byte 0x00, 0x00, 0x00, 0x00, 0x00, 0x00, 0x00, 0x00
.long _sym_00738f80
.byte 0x00, 0x00, 0x00, 0x00, 0x00, 0x00, 0x00, 0x00, 0x00, 0x00, 0x00, 0x00
.long _sym_00739540
.long _sym_00739540
.byte 0x00, 0x00, 0x00, 0x00
.long _sym_00b503cc
.byte 0x00, 0x00, 0x00, 0x00
.long _sym_0075d540
.byte 0x00, 0x00, 0x00, 0x00, 0x00, 0x00, 0x00, 0x00, 0x00, 0x00, 0x00, 0x00, 0x00, 0x00, 0x00, 0x00
.long _sym_0075d680
.byte 0x00, 0x00, 0x00, 0x00, 0x00, 0x00, 0x00, 0x00
.long _sym_00b503f4
.byte 0x00, 0x00, 0x00, 0x00, 0x00, 0x00, 0x00, 0x00, 0x00, 0x00, 0x00, 0x00, 0x00, 0x00, 0x00, 0x00
.byte 0x00, 0x00, 0x00, 0x00, 0x00, 0x00, 0x00, 0x00
.long _sym_00736960
.byte 0x00, 0x00, 0x00, 0x00, 0x00, 0x00, 0x00, 0x00
.long _sym_00b50420
.byte 0x00, 0x00, 0x00, 0x00, 0x00, 0x00, 0x00, 0x00, 0x00, 0x00, 0x00, 0x00, 0x00, 0x00, 0x00, 0x00
.byte 0x00, 0x00, 0x00, 0x00, 0x00, 0x00, 0x00, 0x00
.long _sym_00736870
.byte 0x00, 0x00, 0x00, 0x00, 0x00, 0x00, 0x00, 0x00
.long _sym_00b5044c
.byte 0x00, 0x00, 0x00, 0x00, 0x00, 0x00, 0x00, 0x00, 0x00, 0x00, 0x00, 0x00, 0x00, 0x00, 0x00, 0x00
.byte 0x00, 0x00, 0x00, 0x00, 0x00, 0x00, 0x00, 0x00
.long _sym_00736cf0
.byte 0x00, 0x00, 0x00, 0x00, 0x00, 0x00, 0x00, 0x00
.long _sym_00b50478
.byte 0x00, 0x00, 0x00, 0x00, 0x00, 0x00, 0x00, 0x00, 0x00, 0x00, 0x00, 0x00, 0x00, 0x00, 0x00, 0x00
.byte 0x00, 0x00, 0x00, 0x00, 0x00, 0x00, 0x00, 0x00
.long _sym_00736c60
.byte 0x00, 0x00, 0x00, 0x00, 0x00, 0x00, 0x00, 0x00
.long _sym_00b50498
.byte 0x00, 0x00, 0x00, 0x00, 0x00, 0x00, 0x00, 0x00
.long _sym_00735230
.byte 0x00, 0x00, 0x00, 0x00, 0x00, 0x00, 0x00, 0x00, 0x00, 0x00, 0x00, 0x00, 0x00, 0x00, 0x00, 0x00
.byte 0x00, 0x00, 0x00, 0x00, 0x00, 0x00, 0x00, 0x00
.long _sym_00b504b4
.byte 0x00, 0x00, 0x00, 0x00, 0x00, 0x00, 0x00, 0x00
.long _sym_0073a430
.byte 0x00, 0x00, 0x00, 0x00, 0x00, 0x00, 0x00, 0x00, 0x00, 0x00, 0x00, 0x00
.long _sym_0073ab80
.long _sym_0073ab80
.byte 0x00, 0x00, 0x00, 0x00
.long _sym_00b504d4
.byte 0x00, 0x00, 0x00, 0x00, 0x00, 0x00, 0x00, 0x00
.long _sym_00735590
.byte 0x00, 0x00, 0x00, 0x00, 0x00, 0x00, 0x00, 0x00, 0x00, 0x00, 0x00, 0x00, 0x00, 0x00, 0x00, 0x00
.byte 0x00, 0x00, 0x00, 0x00, 0x00, 0x00, 0x00, 0x00
.long _sym_00b504f0
.byte 0x00, 0x00, 0x00, 0x00, 0x00, 0x00, 0x00, 0x00
.long _sym_00739580
.byte 0x00, 0x00, 0x00, 0x00, 0x00, 0x00, 0x00, 0x00, 0x00, 0x00, 0x00, 0x00, 0x00, 0x00, 0x00, 0x00
.byte 0x00, 0x00, 0x00, 0x00, 0x00, 0x00, 0x00, 0x00
.long _sym_00b5050c
.long _sym_00740f90
.byte 0x00, 0x00, 0x00, 0x00, 0x00, 0x00, 0x00, 0x00, 0x00, 0x00, 0x00, 0x00, 0x00, 0x00, 0x00, 0x00
.byte 0x00, 0x00, 0x00, 0x00
.long _sym_00741510
.long _sym_00741510
.byte 0x00, 0x00, 0x00, 0x00
.long _sym_00b50528
.byte 0x00, 0x00, 0x00, 0x00
.long _sym_0075bc20
.byte 0x00, 0x00, 0x00, 0x00, 0x00, 0x00, 0x00, 0x00, 0x00, 0x00, 0x00, 0x00, 0x00, 0x00, 0x00, 0x00
.byte 0x00, 0x00, 0x00, 0x00, 0x00, 0x00, 0x00, 0x00, 0x00, 0x00, 0x00, 0x00
.long _sym_00b50540
.byte 0x00, 0x00, 0x00, 0x00
.long _sym_0072d650
.byte 0x00, 0x00, 0x00, 0x00, 0x00, 0x00, 0x00, 0x00, 0x00, 0x00, 0x00, 0x00, 0x00, 0x00, 0x00, 0x00
.byte 0x00, 0x00, 0x00, 0x00, 0x00, 0x00, 0x00, 0x00, 0x00, 0x00, 0x00, 0x00
.long _sym_00b5055c
.byte 0x00, 0x00, 0x00, 0x00
.long _sym_0074d570
.long _sym_0074d650
.byte 0x00, 0x00, 0x00, 0x00, 0x00, 0x00, 0x00, 0x00, 0x00, 0x00, 0x00, 0x00
.long _sym_0074d620
.byte 0x00, 0x00, 0x00, 0x00, 0x00, 0x00, 0x00, 0x00
.long _sym_00b50578
.byte 0x00, 0x00, 0x00, 0x00
.long _sym_00731f90
.byte 0x00, 0x00, 0x00, 0x00, 0x00, 0x00, 0x00, 0x00, 0x00, 0x00, 0x00, 0x00, 0x00, 0x00, 0x00, 0x00
.byte 0x00, 0x00, 0x00, 0x00, 0x00, 0x00, 0x00, 0x00, 0x00, 0x00, 0x00, 0x00
.long _sym_00b50594
.byte 0x00, 0x00, 0x00, 0x00, 0x00, 0x00, 0x00, 0x00
.long _sym_0072ec00
.byte 0x00, 0x00, 0x00, 0x00, 0x00, 0x00, 0x00, 0x00, 0x00, 0x00, 0x00, 0x00
.long _sym_0072ee50
.long _sym_0072ee90
.long _sym_0072eec0
.long _sym_00b505b0
.byte 0x00, 0x00, 0x00, 0x00
.long _sym_0072f590
.byte 0x00, 0x00, 0x00, 0x00, 0x00, 0x00, 0x00, 0x00, 0x00, 0x00, 0x00, 0x00, 0x00, 0x00, 0x00, 0x00
.byte 0x00, 0x00, 0x00, 0x00, 0x00, 0x00, 0x00, 0x00, 0x00, 0x00, 0x00, 0x00
.long _sym_00b505d0
.byte 0x00, 0x00, 0x00, 0x00, 0x00, 0x00, 0x00, 0x00
.long _sym_0073ba70
.byte 0x00, 0x00, 0x00, 0x00, 0x00, 0x00, 0x00, 0x00, 0x00, 0x00, 0x00, 0x00
.long _sym_0073b870
.long _sym_0073b8c0
.long _sym_0073b8f0
.long _sym_00b505f0
.byte 0x00, 0x00, 0x00, 0x00, 0x00, 0x00, 0x00, 0x00
.long _sym_00738b00
.byte 0x00, 0x00, 0x00, 0x00, 0x00, 0x00, 0x00, 0x00, 0x00, 0x00, 0x00, 0x00, 0x00, 0x00, 0x00, 0x00
.byte 0x00, 0x00, 0x00, 0x00, 0x00, 0x00, 0x00, 0x00
.long _sym_00b50610
.byte 0x00, 0x00, 0x00, 0x00, 0x00, 0x00, 0x00, 0x00, 0x00, 0x00, 0x00, 0x00, 0x00, 0x00, 0x00, 0x00
.byte 0x00, 0x00, 0x00, 0x00, 0x00, 0x00, 0x00, 0x00
.long _sym_00736900
.byte 0x00, 0x00, 0x00, 0x00, 0x00, 0x00, 0x00, 0x00
.long _sym_00b5063c
.byte 0x00, 0x00, 0x00, 0x00, 0x00, 0x00, 0x00, 0x00, 0x00, 0x00, 0x00, 0x00, 0x00, 0x00, 0x00, 0x00
.byte 0x00, 0x00, 0x00, 0x00, 0x00, 0x00, 0x00, 0x00
.long _sym_00736d80
.byte 0x00, 0x00, 0x00, 0x00, 0x00, 0x00, 0x00, 0x00
.long _sym_00b50664
.byte 0x00, 0x00, 0x00, 0x00
.long _sym_007598a0
.byte 0x00, 0x00, 0x00, 0x00, 0x00, 0x00, 0x00, 0x00, 0x00, 0x00, 0x00, 0x00, 0x00, 0x00, 0x00, 0x00
.long _sym_007598f0
.byte 0x00, 0x00, 0x00, 0x00, 0x00, 0x00, 0x00, 0x00
.long _sym_00b50690
.byte 0x00, 0x00, 0x00, 0x00
.long _sym_00759740
.byte 0x00, 0x00, 0x00, 0x00, 0x00, 0x00, 0x00, 0x00, 0x00, 0x00, 0x00, 0x00, 0x00, 0x00, 0x00, 0x00
.long _sym_00759890
.byte 0x00, 0x00, 0x00, 0x00, 0x00, 0x00, 0x00, 0x00
.long _sym_00b506c8
.byte 0x00, 0x00, 0x00, 0x00, 0x00, 0x00, 0x00, 0x00
.long _sym_00739df0
.byte 0x00, 0x00, 0x00, 0x00, 0x00, 0x00, 0x00, 0x00, 0x00, 0x00, 0x00, 0x00, 0x00, 0x00, 0x00, 0x00
.byte 0x00, 0x00, 0x00, 0x00, 0x00, 0x00, 0x00, 0x00
.long _sym_00b5070c
.byte 0x00, 0x00, 0x00, 0x00
.long _sym_0072f930
.byte 0x00, 0x00, 0x00, 0x00, 0x00, 0x00, 0x00, 0x00, 0x00, 0x00, 0x00, 0x00, 0x00, 0x00, 0x00, 0x00
.byte 0x00, 0x00, 0x00, 0x00, 0x00, 0x00, 0x00, 0x00, 0x00, 0x00, 0x00, 0x00
.long _sym_00b50750
.byte 0x00, 0x00, 0x00, 0x00
.long _sym_00733de0
.byte 0x00, 0x00, 0x00, 0x00, 0x00, 0x00, 0x00, 0x00, 0x00, 0x00, 0x00, 0x00, 0x00, 0x00, 0x00, 0x00
.byte 0x00, 0x00, 0x00, 0x00, 0x00, 0x00, 0x00, 0x00, 0x00, 0x00, 0x00, 0x00
.long _sym_00b50790
.byte 0x00, 0x00, 0x00, 0x00, 0x00, 0x00, 0x00, 0x00
.long _sym_007563b0
.byte 0x00, 0x00, 0x00, 0x00, 0x00, 0x00, 0x00, 0x00, 0x00, 0x00, 0x00, 0x00
.long _sym_00756330
.byte 0x00, 0x00, 0x00, 0x00
.long _sym_00756360
.long _sym_00b507c4
.byte 0x00, 0x00, 0x00, 0x00
.long _sym_00757fb0
.byte 0x00, 0x00, 0x00, 0x00, 0x00, 0x00, 0x00, 0x00, 0x00, 0x00, 0x00, 0x00, 0x00, 0x00, 0x00, 0x00
.byte 0x00, 0x00, 0x00, 0x00, 0x00, 0x00, 0x00, 0x00, 0x00, 0x00, 0x00, 0x00
.long _sym_00b507fc
.byte 0x00, 0x00, 0x00, 0x00
.long _sym_0074f5b0
.long _sym_0074f690
.byte 0x00, 0x00, 0x00, 0x00, 0x00, 0x00, 0x00, 0x00, 0x00, 0x00, 0x00, 0x00
.long _sym_0074f660
.byte 0x00, 0x00, 0x00, 0x00, 0x00, 0x00, 0x00, 0x00
.long _sym_00b50838
.byte 0x00, 0x00, 0x00, 0x00
.long _sym_0075d8e0
.byte 0x00, 0x00, 0x00, 0x00, 0x00, 0x00, 0x00, 0x00, 0x00, 0x00, 0x00, 0x00, 0x00, 0x00, 0x00, 0x00
.long _sym_0075da00
.long _sym_0075da10
.byte 0x00, 0x00, 0x00, 0x00
.long _sym_00b5087c
.byte 0x00, 0x00, 0x00, 0x00, 0x00, 0x00, 0x00, 0x00
.long _sym_0073d130
.byte 0x00, 0x00, 0x00, 0x00, 0x00, 0x00, 0x00, 0x00, 0x00, 0x00, 0x00, 0x00
.long _sym_0073d070
.long _sym_0073d0a0
.long _sym_0073d0d0
.long _sym_00b508c0
.byte 0x00, 0x00, 0x00, 0x00, 0x00, 0x00, 0x00, 0x00
.long _sym_00747600
.byte 0x00, 0x00, 0x00, 0x00, 0x00, 0x00, 0x00, 0x00, 0x00, 0x00, 0x00, 0x00
.long _sym_007474d0
.byte 0x00, 0x00, 0x00, 0x00
.long _sym_00747550
.long _sym_00b5090c
.byte 0x00, 0x00, 0x00, 0x00
.long _sym_00732200
.byte 0x00, 0x00, 0x00, 0x00, 0x00, 0x00, 0x00, 0x00, 0x00, 0x00, 0x00, 0x00, 0x00, 0x00, 0x00, 0x00
.byte 0x00, 0x00, 0x00, 0x00, 0x00, 0x00, 0x00, 0x00, 0x00, 0x00, 0x00, 0x00
.long _sym_00b50948
.byte 0x00, 0x00, 0x00, 0x00
.long _sym_0075c2a0
.byte 0x00, 0x00, 0x00, 0x00, 0x00, 0x00, 0x00, 0x00, 0x00, 0x00, 0x00, 0x00, 0x00, 0x00, 0x00, 0x00
.long _sym_0075c300
.long _sym_0075c340
.byte 0x00, 0x00, 0x00, 0x00
.long _sym_00b50980
.byte 0x00, 0x00, 0x00, 0x00
.long _sym_0075c5f0
.byte 0x00, 0x00, 0x00, 0x00, 0x00, 0x00, 0x00, 0x00, 0x00, 0x00, 0x00, 0x00, 0x00, 0x00, 0x00, 0x00
.long _sym_0075c690
.long _sym_0075c6c0
.byte 0x00, 0x00, 0x00, 0x00
.long _sym_00b509b8
.byte 0x00, 0x00, 0x00, 0x00
.long _sym_0075cfb0
.byte 0x00, 0x00, 0x00, 0x00, 0x00, 0x00, 0x00, 0x00, 0x00, 0x00, 0x00, 0x00, 0x00, 0x00, 0x00, 0x00
.long _sym_0075d030
.long _sym_0075d060
.byte 0x00, 0x00, 0x00, 0x00
.long _sym_00b509f0
.byte 0x00, 0x00, 0x00, 0x00
.long _sym_0075d180
.byte 0x00, 0x00, 0x00, 0x00, 0x00, 0x00, 0x00, 0x00, 0x00, 0x00, 0x00, 0x00, 0x00, 0x00, 0x00, 0x00
.long _sym_0075d220
.long _sym_0075d250
.byte 0x00, 0x00, 0x00, 0x00
.long _sym_00b50a28
.byte 0x00, 0x00, 0x00, 0x00
.long _sym_0072d290
.byte 0x00, 0x00, 0x00, 0x00, 0x00, 0x00, 0x00, 0x00, 0x00, 0x00, 0x00, 0x00, 0x00, 0x00, 0x00, 0x00
.byte 0x00, 0x00, 0x00, 0x00, 0x00, 0x00, 0x00, 0x00, 0x00, 0x00, 0x00, 0x00
.long _sym_00b50a64
.byte 0x00, 0x00, 0x00, 0x00, 0x00, 0x00, 0x00, 0x00
.long _sym_00734c70
.byte 0x00, 0x00, 0x00, 0x00, 0x00, 0x00, 0x00, 0x00, 0x00, 0x00, 0x00, 0x00, 0x00, 0x00, 0x00, 0x00
.byte 0x00, 0x00, 0x00, 0x00, 0x00, 0x00, 0x00, 0x00
.long _sym_00b50aa8
.byte 0x00, 0x00, 0x00, 0x00, 0x00, 0x00, 0x00, 0x00
.long _sym_0073e370
.byte 0x00, 0x00, 0x00, 0x00, 0x00, 0x00, 0x00, 0x00, 0x00, 0x00, 0x00, 0x00
.long _sym_0073e300
.long _sym_0073e330
.long _sym_0073e360
.long _sym_00b50ae8
.byte 0x00, 0x00, 0x00, 0x00
.long _sym_0075d6c0
.byte 0x00, 0x00, 0x00, 0x00, 0x00, 0x00, 0x00, 0x00, 0x00, 0x00, 0x00, 0x00, 0x00, 0x00, 0x00, 0x00
.long _sym_0075d7b0
.long _sym_0075d7b0
.byte 0x00, 0x00, 0x00, 0x00
.long _sym_00b50b30
.byte 0x00, 0x00, 0x00, 0x00, 0x00, 0x00, 0x00, 0x00
.long _sym_0073d9f0
.byte 0x00, 0x00, 0x00, 0x00, 0x00, 0x00, 0x00, 0x00, 0x00, 0x00, 0x00, 0x00
.long _sym_0073d980
.long _sym_0073d9b0
.long _sym_0073d9e0
.long _sym_00b50b78
.byte 0x00, 0x00, 0x00, 0x00, 0x00, 0x00, 0x00, 0x00
.long _sym_0073fb10
.byte 0x00, 0x00, 0x00, 0x00, 0x00, 0x00, 0x00, 0x00, 0x00, 0x00, 0x00, 0x00
.long _sym_0073faa0
.long _sym_0073fad0
.long _sym_0073fb00
.long _sym_00b50bc8
.byte 0x00, 0x00, 0x00, 0x00
.long _sym_0075d430
.byte 0x00, 0x00, 0x00, 0x00, 0x00, 0x00, 0x00, 0x00, 0x00, 0x00, 0x00, 0x00, 0x00, 0x00, 0x00, 0x00
.byte 0x00, 0x00, 0x00, 0x00, 0x00, 0x00, 0x00, 0x00, 0x00, 0x00, 0x00, 0x00
.long _sym_00b50c10
.byte 0x00, 0x00, 0x00, 0x00
.long _sym_0072d830
.byte 0x00, 0x00, 0x00, 0x00, 0x00, 0x00, 0x00, 0x00, 0x00, 0x00, 0x00, 0x00, 0x00, 0x00, 0x00, 0x00
.byte 0x00, 0x00, 0x00, 0x00, 0x00, 0x00, 0x00, 0x00, 0x00, 0x00, 0x00, 0x00
.long _sym_00b50c5c
.byte 0x00, 0x00, 0x00, 0x00
.long _sym_007583d0
.byte 0x00, 0x00, 0x00, 0x00, 0x00, 0x00, 0x00, 0x00, 0x00, 0x00, 0x00, 0x00, 0x00, 0x00, 0x00, 0x00
.long _sym_007585a0
.long _sym_007585a0
.byte 0x00, 0x00, 0x00, 0x00
.long _sym_00b50ca0
.byte 0x00, 0x00, 0x00, 0x00
.long _sym_0075c380
.byte 0x00, 0x00, 0x00, 0x00, 0x00, 0x00, 0x00, 0x00, 0x00, 0x00, 0x00, 0x00, 0x00, 0x00, 0x00, 0x00
.long _sym_0075c420
.long _sym_0075c450
.byte 0x00, 0x00, 0x00, 0x00
.long _sym_00b50ce0
.byte 0x00, 0x00, 0x00, 0x00
.long _sym_00757d20
.byte 0x00, 0x00, 0x00, 0x00, 0x00, 0x00, 0x00, 0x00, 0x00, 0x00, 0x00, 0x00, 0x00, 0x00, 0x00, 0x00
.long _sym_00757f80
.byte 0x00, 0x00, 0x00, 0x00, 0x00, 0x00, 0x00, 0x00
.long _sym_00b50d28
.byte 0x00, 0x00, 0x00, 0x00, 0x00, 0x00, 0x00, 0x00
.long _sym_00741660
.byte 0x00, 0x00, 0x00, 0x00, 0x00, 0x00, 0x00, 0x00, 0x00, 0x00, 0x00, 0x00
.long _sym_00741630
.long _sym_00741630
.byte 0x00, 0x00, 0x00, 0x00
.long _sym_00b50d68
.byte 0x00, 0x00, 0x00, 0x00, 0x00, 0x00, 0x00, 0x00
.long _sym_0073eb00
.byte 0x00, 0x00, 0x00, 0x00, 0x00, 0x00, 0x00, 0x00, 0x00, 0x00, 0x00, 0x00
.long _sym_0073ea90
.long _sym_0073eac0
.long _sym_0073eaf0
.long _sym_00b50dac
.byte 0x00, 0x00, 0x00, 0x00, 0x00, 0x00, 0x00, 0x00
.long _sym_0073f2f0
.byte 0x00, 0x00, 0x00, 0x00, 0x00, 0x00, 0x00, 0x00, 0x00, 0x00, 0x00, 0x00
.long _sym_0073f280
.long _sym_0073f2b0
.long _sym_0073f2e0
.long _sym_00b50df8
.byte 0x00, 0x00, 0x00, 0x00, 0x00, 0x00, 0x00, 0x00
.long _sym_00735fa0
.byte 0x00, 0x00, 0x00, 0x00, 0x00, 0x00, 0x00, 0x00, 0x00, 0x00, 0x00, 0x00, 0x00, 0x00, 0x00, 0x00
.byte 0x00, 0x00, 0x00, 0x00, 0x00, 0x00, 0x00, 0x00
.long _sym_00b50e3c
.byte 0x00, 0x00, 0x00, 0x00, 0x00, 0x00, 0x00, 0x00
.long _sym_00744100
.byte 0x00, 0x00, 0x00, 0x00, 0x00, 0x00, 0x00, 0x00, 0x00, 0x00, 0x00, 0x00
.long _sym_00743fc0
.byte 0x00, 0x00, 0x00, 0x00
.long _sym_00744040
.long _sym_00b50e88
.byte 0x00, 0x00, 0x00, 0x00
.long _sym_00751d80
.long _sym_007520b0
.byte 0x00, 0x00, 0x00, 0x00, 0x00, 0x00, 0x00, 0x00, 0x00, 0x00, 0x00, 0x00
.long _sym_00751f90
.long _sym_00752020
.byte 0x00, 0x00, 0x00, 0x00
.long _sym_00b50ecc
.byte 0x00, 0x00, 0x00, 0x00, 0x00, 0x00, 0x00, 0x00, 0x00, 0x00, 0x00, 0x00, 0x00, 0x00, 0x00, 0x00
.byte 0x00, 0x00, 0x00, 0x00, 0x00, 0x00, 0x00, 0x00, 0x00, 0x00, 0x00, 0x00, 0x00, 0x00, 0x00, 0x00
.byte 0x00, 0x00, 0x00, 0x00
.long _sym_00b50ef8
.byte 0x00, 0x00, 0x00, 0x00
.long _sym_0075d7f0
.byte 0x00, 0x00, 0x00, 0x00, 0x00, 0x00, 0x00, 0x00, 0x00, 0x00, 0x00, 0x00, 0x00, 0x00, 0x00, 0x00
.long _sym_0075d8b0
.long _sym_0075d8b0
.byte 0x00, 0x00, 0x00, 0x00
.long _sym_00b50f2c
.byte 0x00, 0x00, 0x00, 0x00, 0x00, 0x00, 0x00, 0x00
.long _sym_00748860
.byte 0x00, 0x00, 0x00, 0x00, 0x00, 0x00, 0x00, 0x00, 0x00, 0x00, 0x00, 0x00
.long _sym_00748730
.byte 0x00, 0x00, 0x00, 0x00
.long _sym_007487b0
.long _sym_00b50f64
.byte 0x00, 0x00, 0x00, 0x00, 0x00, 0x00, 0x00, 0x00, 0x00, 0x00, 0x00, 0x00, 0x00, 0x00, 0x00, 0x00
.byte 0x00, 0x00, 0x00, 0x00, 0x00, 0x00, 0x00, 0x00
.long _sym_00736c00
.byte 0x00, 0x00, 0x00, 0x00, 0x00, 0x00, 0x00, 0x00
.long _sym_00b50f90
.byte 0x00, 0x00, 0x00, 0x00
.long _sym_0075da20
.byte 0x00, 0x00, 0x00, 0x00, 0x00, 0x00, 0x00, 0x00, 0x00, 0x00, 0x00, 0x00, 0x00, 0x00, 0x00, 0x00
.long _sym_0075dc00
.long _sym_0075dc10
.byte 0x00, 0x00, 0x00, 0x00
.long _sym_00b50fc8
.byte 0x00, 0x00, 0x00, 0x00
.long _sym_0075dc20
.byte 0x00, 0x00, 0x00, 0x00, 0x00, 0x00, 0x00, 0x00, 0x00, 0x00, 0x00, 0x00, 0x00, 0x00, 0x00, 0x00
.long _sym_0075de40
.long _sym_0075de50
.byte 0x00, 0x00, 0x00, 0x00
.long _sym_00b50ff8
.byte 0x00, 0x00, 0x00, 0x00, 0x00, 0x00, 0x00, 0x00
.long _sym_007452d0
.byte 0x00, 0x00, 0x00, 0x00, 0x00, 0x00, 0x00, 0x00, 0x00, 0x00, 0x00, 0x00
.long _sym_00745160
.byte 0x00, 0x00, 0x00, 0x00
.long _sym_007451f0
.long _sym_00b51030
.byte 0x00, 0x00, 0x00, 0x00
.long _sym_007340f0
.byte 0x00, 0x00, 0x00, 0x00, 0x00, 0x00, 0x00, 0x00, 0x00, 0x00, 0x00, 0x00, 0x00, 0x00, 0x00, 0x00
.long _sym_007341c0
.byte 0x00, 0x00, 0x00, 0x00, 0x00, 0x00, 0x00, 0x00
.long _sym_00b5105c
.byte 0x00, 0x00, 0x00, 0x00, 0x00, 0x00, 0x00, 0x00
.long _sym_007463e0
.byte 0x00, 0x00, 0x00, 0x00, 0x00, 0x00, 0x00, 0x00, 0x00, 0x00, 0x00, 0x00
.long _sym_007462c0
.byte 0x00, 0x00, 0x00, 0x00
.long _sym_00746340
.long _sym_00b51090
.byte 0x00, 0x00, 0x00, 0x00
.long _sym_0075de60
.byte 0x00, 0x00, 0x00, 0x00, 0x00, 0x00, 0x00, 0x00, 0x00, 0x00, 0x00, 0x00, 0x00, 0x00, 0x00, 0x00
.long _sym_0075e060
.long _sym_0075e070
.byte 0x00, 0x00, 0x00, 0x00
.long _sym_00b510c0
.byte 0x00, 0x00, 0x00, 0x00
.long _sym_0075e080
.byte 0x00, 0x00, 0x00, 0x00, 0x00, 0x00, 0x00, 0x00, 0x00, 0x00, 0x00, 0x00, 0x00, 0x00, 0x00, 0x00
.long _sym_0075e2c0
.long _sym_0075e2d0
.byte 0x00, 0x00, 0x00, 0x00
.long _sym_00b510f0
.byte 0x00, 0x00, 0x00, 0x00, 0x00, 0x00, 0x00, 0x00, 0x00, 0x00, 0x00, 0x00, 0x00, 0x00, 0x00, 0x00
.byte 0x00, 0x00, 0x00, 0x00, 0x00, 0x00, 0x00, 0x00
.long _sym_00736ae0
.byte 0x00, 0x00, 0x00, 0x00, 0x00, 0x00, 0x00, 0x00
.long _sym_00b51120
.byte 0x00, 0x00, 0x00, 0x00
.long _sym_0072dbf0
.byte 0x00, 0x00, 0x00, 0x00, 0x00, 0x00, 0x00, 0x00, 0x00, 0x00, 0x00, 0x00, 0x00, 0x00, 0x00, 0x00
.byte 0x00, 0x00, 0x00, 0x00, 0x00, 0x00, 0x00, 0x00, 0x00, 0x00, 0x00, 0x00
.long _sym_00b5114c
.byte 0x00, 0x00, 0x00, 0x00, 0x00, 0x00, 0x00, 0x00
.long _sym_00757370
.byte 0x00, 0x00, 0x00, 0x00, 0x00, 0x00, 0x00, 0x00, 0x00, 0x00, 0x00, 0x00
.long _sym_00757300
.long _sym_00757330
.long _sym_00757340
.long _sym_00b51178
.byte 0x00, 0x00, 0x00, 0x00, 0x00, 0x00, 0x00, 0x00
.long _sym_00734d20
.byte 0x00, 0x00, 0x00, 0x00, 0x00, 0x00, 0x00, 0x00, 0x00, 0x00, 0x00, 0x00, 0x00, 0x00, 0x00, 0x00
.byte 0x00, 0x00, 0x00, 0x00, 0x00, 0x00, 0x00, 0x00
.long _sym_00b511ac
.byte 0x00, 0x00, 0x00, 0x00, 0x00, 0x00, 0x00, 0x00
.long _sym_0075b250
.byte 0x00, 0x00, 0x00, 0x00, 0x00, 0x00, 0x00, 0x00, 0x00, 0x00, 0x00, 0x00
.long _sym_0075b180
.long _sym_0075b200
.long _sym_0075b220
.long _sym_00b511d4
.byte 0x00, 0x00, 0x00, 0x00, 0x00, 0x00, 0x00, 0x00
.long _sym_0075a280
.byte 0x00, 0x00, 0x00, 0x00, 0x00, 0x00, 0x00, 0x00, 0x00, 0x00, 0x00, 0x00
.long _sym_0075a1e0
.byte 0x00, 0x00, 0x00, 0x00
.long _sym_0075a230
.long _sym_00b51208
.byte 0x00, 0x00, 0x00, 0x00, 0x00, 0x00, 0x00, 0x00
.long _sym_0075adf0
.byte 0x00, 0x00, 0x00, 0x00, 0x00, 0x00, 0x00, 0x00, 0x00, 0x00, 0x00, 0x00
.long _sym_0075ad50
.byte 0x00, 0x00, 0x00, 0x00
.long _sym_0075ada0
.long _sym_00b5123c
.byte 0x00, 0x00, 0x00, 0x00, 0x00, 0x00, 0x00, 0x00
.long _sym_0075a630
.byte 0x00, 0x00, 0x00, 0x00, 0x00, 0x00, 0x00, 0x00, 0x00, 0x00, 0x00, 0x00
.long _sym_0075a590
.byte 0x00, 0x00, 0x00, 0x00
.long _sym_0075a5e0
.long _sym_00b51268
.byte 0x00, 0x00, 0x00, 0x00, 0x00, 0x00, 0x00, 0x00
.long _sym_0075a9f0
.byte 0x00, 0x00, 0x00, 0x00, 0x00, 0x00, 0x00, 0x00, 0x00, 0x00, 0x00, 0x00
.long _sym_0075a960
.byte 0x00, 0x00, 0x00, 0x00
.long _sym_0075a9a0
.globl _sym_00c3bba8
_sym_00c3bba8:
.long _sym_00b5069c
.byte 0x00, 0x00, 0x00, 0x00
.long _sym_0075b830
.byte 0x00, 0x00, 0x00, 0x00, 0x00, 0x00, 0x00, 0x00, 0x00, 0x00, 0x00, 0x00, 0x00, 0x00, 0x00, 0x00
.long _sym_0075b900
.long _sym_0075b900
.byte 0x00, 0x00, 0x00, 0x00
.long _sym_00b506d8
.byte 0x00, 0x00, 0x00, 0x00
.long _sym_0075b940
.byte 0x00, 0x00, 0x00, 0x00, 0x00, 0x00, 0x00, 0x00, 0x00, 0x00, 0x00, 0x00, 0x00, 0x00, 0x00, 0x00
.long _sym_0075b9b0
.long _sym_0075b9b0
.byte 0x00, 0x00, 0x00, 0x00
.long _sym_00b50720
.byte 0x00, 0x00, 0x00, 0x00
.long _sym_0075b9f0
.byte 0x00, 0x00, 0x00, 0x00, 0x00, 0x00, 0x00, 0x00, 0x00, 0x00, 0x00, 0x00, 0x00, 0x00, 0x00, 0x00
.long _sym_0075bac0
.long _sym_0075bac0
.byte 0x00, 0x00, 0x00, 0x00
.long _sym_00b50760
.byte 0x00, 0x00, 0x00, 0x00
.long _sym_0075bb30
.byte 0x00, 0x00, 0x00, 0x00, 0x00, 0x00, 0x00, 0x00, 0x00, 0x00, 0x00, 0x00, 0x00, 0x00, 0x00, 0x00
.long _sym_0075bbb0
.long _sym_0075bbb0
.byte 0x00, 0x00, 0x00, 0x00
.long _sym_00b5079c
.byte 0x00, 0x00, 0x00, 0x00
.long _sym_0075bed0
.byte 0x00, 0x00, 0x00, 0x00, 0x00, 0x00, 0x00, 0x00, 0x00, 0x00, 0x00, 0x00, 0x00, 0x00, 0x00, 0x00
.long _sym_0075bfa0
.long _sym_0075bfa0
.byte 0x00, 0x00, 0x00, 0x00
.long _sym_00b507d0
.byte 0x00, 0x00, 0x00, 0x00
.long _sym_0075bfe0
.byte 0x00, 0x00, 0x00, 0x00, 0x00, 0x00, 0x00, 0x00, 0x00, 0x00, 0x00, 0x00, 0x00, 0x00, 0x00, 0x00
.long _sym_0075c050
.long _sym_0075c050
.byte 0x00, 0x00, 0x00, 0x00
.long _sym_00b5080c
.byte 0x00, 0x00, 0x00, 0x00
.long _sym_0075c090
.byte 0x00, 0x00, 0x00, 0x00, 0x00, 0x00, 0x00, 0x00, 0x00, 0x00, 0x00, 0x00, 0x00, 0x00, 0x00, 0x00
.long _sym_0075c160
.long _sym_0075c160
.byte 0x00, 0x00, 0x00, 0x00
.long _sym_00b50848
.byte 0x00, 0x00, 0x00, 0x00
.long _sym_0075c480
.byte 0x00, 0x00, 0x00, 0x00, 0x00, 0x00, 0x00, 0x00, 0x00, 0x00, 0x00, 0x00, 0x00, 0x00, 0x00, 0x00
.long _sym_0075c500
.long _sym_0075c500
.byte 0x00, 0x00, 0x00, 0x00
.long _sym_00b5088c
.byte 0x00, 0x00, 0x00, 0x00
.long _sym_0075c540
.byte 0x00, 0x00, 0x00, 0x00, 0x00, 0x00, 0x00, 0x00, 0x00, 0x00, 0x00, 0x00, 0x00, 0x00, 0x00, 0x00
.long _sym_0075c5b0
.long _sym_0075c5b0
.byte 0x00, 0x00, 0x00, 0x00
.long _sym_00b508d4
.byte 0x00, 0x00, 0x00, 0x00
.long _sym_0075cf20
.byte 0x00, 0x00, 0x00, 0x00, 0x00, 0x00, 0x00, 0x00, 0x00, 0x00, 0x00, 0x00, 0x00, 0x00, 0x00, 0x00
.long _sym_0075cf70
.long _sym_0075cf70
.byte 0x00, 0x00, 0x00, 0x00
.long _sym_00b5091c
.byte 0x00, 0x00, 0x00, 0x00
.long _sym_0075d0d0
.byte 0x00, 0x00, 0x00, 0x00, 0x00, 0x00, 0x00, 0x00, 0x00, 0x00, 0x00, 0x00, 0x00, 0x00, 0x00, 0x00
.long _sym_0075d140
.long _sym_0075d140
.byte 0x00, 0x00, 0x00, 0x00
.long _sym_00b50958
.byte 0x00, 0x00, 0x00, 0x00
.long _sym_0075d2e0
.byte 0x00, 0x00, 0x00, 0x00, 0x00, 0x00, 0x00, 0x00, 0x00, 0x00, 0x00, 0x00, 0x00, 0x00, 0x00, 0x00
.long _sym_0075d330
.long _sym_0075d330
.byte 0x00, 0x00, 0x00, 0x00
.long _sym_00b50990
.byte 0x00, 0x00, 0x00, 0x00
.long _sym_00730ba0
.byte 0x00, 0x00, 0x00, 0x00, 0x00, 0x00, 0x00, 0x00, 0x00, 0x00, 0x00, 0x00, 0x00, 0x00, 0x00, 0x00
.byte 0x00, 0x00, 0x00, 0x00, 0x00, 0x00, 0x00, 0x00, 0x00, 0x00, 0x00, 0x00
.long _sym_00b509c8
.byte 0x00, 0x00, 0x00, 0x00
.long _sym_007311e0
.byte 0x00, 0x00, 0x00, 0x00, 0x00, 0x00, 0x00, 0x00, 0x00, 0x00, 0x00, 0x00, 0x00, 0x00, 0x00, 0x00
.byte 0x00, 0x00, 0x00, 0x00, 0x00, 0x00, 0x00, 0x00, 0x00, 0x00, 0x00, 0x00
.long _sym_00b50a00
.byte 0x00, 0x00, 0x00, 0x00
.long _sym_007326c0
.byte 0x00, 0x00, 0x00, 0x00, 0x00, 0x00, 0x00, 0x00, 0x00, 0x00, 0x00, 0x00, 0x00, 0x00, 0x00, 0x00
.byte 0x00, 0x00, 0x00, 0x00, 0x00, 0x00, 0x00, 0x00, 0x00, 0x00, 0x00, 0x00
.long _sym_00b50a38
.byte 0x00, 0x00, 0x00, 0x00, 0x00, 0x00, 0x00, 0x00, 0x00, 0x00, 0x00, 0x00, 0x00, 0x00, 0x00, 0x00
.byte 0x00, 0x00, 0x00, 0x00, 0x00, 0x00, 0x00, 0x00, 0x00, 0x00, 0x00, 0x00, 0x00, 0x00, 0x00, 0x00
.byte 0x00, 0x00, 0x00, 0x00
.long _sym_00b50a78
.byte 0x00, 0x00, 0x00, 0x00
.long _sym_0072d470
.byte 0x00, 0x00, 0x00, 0x00, 0x00, 0x00, 0x00, 0x00, 0x00, 0x00, 0x00, 0x00, 0x00, 0x00, 0x00, 0x00
.byte 0x00, 0x00, 0x00, 0x00, 0x00, 0x00, 0x00, 0x00, 0x00, 0x00, 0x00, 0x00
.long _sym_00b50ab8
.byte 0x00, 0x00, 0x00, 0x00
.long _sym_00734240
.byte 0x00, 0x00, 0x00, 0x00, 0x00, 0x00, 0x00, 0x00, 0x00, 0x00, 0x00, 0x00, 0x00, 0x00, 0x00, 0x00
.byte 0x00, 0x00, 0x00, 0x00, 0x00, 0x00, 0x00, 0x00, 0x00, 0x00, 0x00, 0x00
.long _sym_00b50afc
.byte 0x00, 0x00, 0x00, 0x00
.long _sym_00734710
.byte 0x00, 0x00, 0x00, 0x00, 0x00, 0x00, 0x00, 0x00, 0x00, 0x00, 0x00, 0x00, 0x00, 0x00, 0x00, 0x00
.byte 0x00, 0x00, 0x00, 0x00, 0x00, 0x00, 0x00, 0x00, 0x00, 0x00, 0x00, 0x00
.long _sym_00b50b44
.byte 0x00, 0x00, 0x00, 0x00, 0x00, 0x00, 0x00, 0x00
.long _sym_00734c40
.byte 0x00, 0x00, 0x00, 0x00, 0x00, 0x00, 0x00, 0x00, 0x00, 0x00, 0x00, 0x00, 0x00, 0x00, 0x00, 0x00
.byte 0x00, 0x00, 0x00, 0x00, 0x00, 0x00, 0x00, 0x00
.long _sym_00b50b90
.byte 0x00, 0x00, 0x00, 0x00, 0x00, 0x00, 0x00, 0x00
.long _sym_00734ca0
.byte 0x00, 0x00, 0x00, 0x00, 0x00, 0x00, 0x00, 0x00, 0x00, 0x00, 0x00, 0x00, 0x00, 0x00, 0x00, 0x00
.byte 0x00, 0x00, 0x00, 0x00, 0x00, 0x00, 0x00, 0x00
.long _sym_00b50bd8
.byte 0x00, 0x00, 0x00, 0x00, 0x00, 0x00, 0x00, 0x00
.long _sym_00737830
.byte 0x00, 0x00, 0x00, 0x00, 0x00, 0x00, 0x00, 0x00, 0x00, 0x00, 0x00, 0x00, 0x00, 0x00, 0x00, 0x00
.byte 0x00, 0x00, 0x00, 0x00, 0x00, 0x00, 0x00, 0x00
.long _sym_00b50c20
.byte 0x00, 0x00, 0x00, 0x00, 0x00, 0x00, 0x00, 0x00
.long _sym_00737be0
.byte 0x00, 0x00, 0x00, 0x00, 0x00, 0x00, 0x00, 0x00, 0x00, 0x00, 0x00, 0x00, 0x00, 0x00, 0x00, 0x00
.byte 0x00, 0x00, 0x00, 0x00, 0x00, 0x00, 0x00, 0x00
.long _sym_00b50c6c
.byte 0x00, 0x00, 0x00, 0x00, 0x00, 0x00, 0x00, 0x00
.long _sym_00738000
.byte 0x00, 0x00, 0x00, 0x00, 0x00, 0x00, 0x00, 0x00, 0x00, 0x00, 0x00, 0x00
.long _sym_007385b0
.long _sym_007385b0
.byte 0x00, 0x00, 0x00, 0x00
.long _sym_00b50cb0
.long _sym_00740aa0
.byte 0x00, 0x00, 0x00, 0x00, 0x00, 0x00, 0x00, 0x00, 0x00, 0x00, 0x00, 0x00, 0x00, 0x00, 0x00, 0x00
.byte 0x00, 0x00, 0x00, 0x00
.long _sym_00740f70
.long _sym_00740f70
.byte 0x00, 0x00, 0x00, 0x00
.long _sym_00b50cf4
.byte 0x00, 0x00, 0x00, 0x00
.long _sym_0074c570
.long _sym_0074c650
.byte 0x00, 0x00, 0x00, 0x00, 0x00, 0x00, 0x00, 0x00, 0x00, 0x00, 0x00, 0x00
.long _sym_0074c620
.byte 0x00, 0x00, 0x00, 0x00, 0x00, 0x00, 0x00, 0x00
.long _sym_00b50d38
.byte 0x00, 0x00, 0x00, 0x00
.long _sym_0074e570
.long _sym_0074e650
.byte 0x00, 0x00, 0x00, 0x00, 0x00, 0x00, 0x00, 0x00, 0x00, 0x00, 0x00, 0x00
.long _sym_0074e620
.byte 0x00, 0x00, 0x00, 0x00, 0x00, 0x00, 0x00, 0x00
.long _sym_00b50d78
.byte 0x00, 0x00, 0x00, 0x00
.long _sym_00757930
.byte 0x00, 0x00, 0x00, 0x00, 0x00, 0x00, 0x00, 0x00, 0x00, 0x00, 0x00, 0x00, 0x00, 0x00, 0x00, 0x00
.long _sym_00757c20
.byte 0x00, 0x00, 0x00, 0x00, 0x00, 0x00, 0x00, 0x00
.long _sym_00b50dc4
.byte 0x00, 0x00, 0x00, 0x00
.long _sym_007580e0
.byte 0x00, 0x00, 0x00, 0x00, 0x00, 0x00, 0x00, 0x00, 0x00, 0x00, 0x00, 0x00, 0x00, 0x00, 0x00, 0x00
.long _sym_00758340
.long _sym_00758340
.byte 0x00, 0x00, 0x00, 0x00
.long _sym_00b50e0c
.byte 0x00, 0x00, 0x00, 0x00
.long _sym_00730dd0
.byte 0x00, 0x00, 0x00, 0x00, 0x00, 0x00, 0x00, 0x00, 0x00, 0x00, 0x00, 0x00, 0x00, 0x00, 0x00, 0x00
.byte 0x00, 0x00, 0x00, 0x00, 0x00, 0x00, 0x00, 0x00, 0x00, 0x00, 0x00, 0x00
.long _sym_00b50e54
.byte 0x00, 0x00, 0x00, 0x00
.long _sym_00730fd0
.byte 0x00, 0x00, 0x00, 0x00, 0x00, 0x00, 0x00, 0x00, 0x00, 0x00, 0x00, 0x00, 0x00, 0x00, 0x00, 0x00
.byte 0x00, 0x00, 0x00, 0x00, 0x00, 0x00, 0x00, 0x00, 0x00, 0x00, 0x00, 0x00
.long _sym_00b50e98
.byte 0x00, 0x00, 0x00, 0x00
.long _sym_00759010
.byte 0x00, 0x00, 0x00, 0x00, 0x00, 0x00, 0x00, 0x00, 0x00, 0x00, 0x00, 0x00, 0x00, 0x00, 0x00, 0x00
.long _sym_00759080
.byte 0x00, 0x00, 0x00, 0x00, 0x00, 0x00, 0x00, 0x00
.long _sym_00b50edc
.byte 0x00, 0x00, 0x00, 0x00, 0x00, 0x00, 0x00, 0x00
.long _sym_0075b070
.byte 0x00, 0x00, 0x00, 0x00, 0x00, 0x00, 0x00, 0x00, 0x00, 0x00, 0x00, 0x00
.long _sym_0075b020
.long _sym_0075b050
.byte 0x00, 0x00, 0x00, 0x00
.long _sym_00b50f0c
.byte 0x00, 0x00, 0x00, 0x00, 0x00, 0x00, 0x00, 0x00
.long _sym_0075a0e0
.byte 0x00, 0x00, 0x00, 0x00, 0x00, 0x00, 0x00, 0x00, 0x00, 0x00, 0x00, 0x00
.long _sym_0075a0c0
.byte 0x00, 0x00, 0x00, 0x00, 0x00, 0x00, 0x00, 0x00
.long _sym_00b50f48
.byte 0x00, 0x00, 0x00, 0x00, 0x00, 0x00, 0x00, 0x00
.long _sym_0075a490
.byte 0x00, 0x00, 0x00, 0x00, 0x00, 0x00, 0x00, 0x00, 0x00, 0x00, 0x00, 0x00
.long _sym_0075a460
.byte 0x00, 0x00, 0x00, 0x00, 0x00, 0x00, 0x00, 0x00
.long _sym_00b50f74
.byte 0x00, 0x00, 0x00, 0x00, 0x00, 0x00, 0x00, 0x00
.long _sym_0075a850
.byte 0x00, 0x00, 0x00, 0x00, 0x00, 0x00, 0x00, 0x00, 0x00, 0x00, 0x00, 0x00
.long _sym_0075a830
.byte 0x00, 0x00, 0x00, 0x00, 0x00, 0x00, 0x00, 0x00
.long _sym_00b50fa8
.byte 0x00, 0x00, 0x00, 0x00, 0x00, 0x00, 0x00, 0x00
.long _sym_0075ac40
.byte 0x00, 0x00, 0x00, 0x00, 0x00, 0x00, 0x00, 0x00, 0x00, 0x00, 0x00, 0x00
.long _sym_0075ac20
.byte 0x00, 0x00, 0x00, 0x00, 0x00, 0x00, 0x00, 0x00
.long _sym_00b50fdc
.byte 0x00, 0x00, 0x00, 0x00
.long _sym_00732c10
.byte 0x00, 0x00, 0x00, 0x00, 0x00, 0x00, 0x00, 0x00, 0x00, 0x00, 0x00, 0x00, 0x00, 0x00, 0x00, 0x00
.byte 0x00, 0x00, 0x00, 0x00, 0x00, 0x00, 0x00, 0x00, 0x00, 0x00, 0x00, 0x00
.long _sym_00b51010
.byte 0x00, 0x00, 0x00, 0x00
.long _sym_00732460
.byte 0x00, 0x00, 0x00, 0x00, 0x00, 0x00, 0x00, 0x00, 0x00, 0x00, 0x00, 0x00, 0x00, 0x00, 0x00, 0x00
.byte 0x00, 0x00, 0x00, 0x00, 0x00, 0x00, 0x00, 0x00, 0x00, 0x00, 0x00, 0x00
.long _sym_00b5103c
.byte 0x00, 0x00, 0x00, 0x00
.long _sym_00732980
.byte 0x00, 0x00, 0x00, 0x00, 0x00, 0x00, 0x00, 0x00, 0x00, 0x00, 0x00, 0x00, 0x00, 0x00, 0x00, 0x00
.byte 0x00, 0x00, 0x00, 0x00, 0x00, 0x00, 0x00, 0x00, 0x00, 0x00, 0x00, 0x00
.long _sym_00b51074
.byte 0x00, 0x00, 0x00, 0x00
.long _sym_00731640
.byte 0x00, 0x00, 0x00, 0x00, 0x00, 0x00, 0x00, 0x00, 0x00, 0x00, 0x00, 0x00, 0x00, 0x00, 0x00, 0x00
.byte 0x00, 0x00, 0x00, 0x00, 0x00, 0x00, 0x00, 0x00, 0x00, 0x00, 0x00, 0x00
.long _sym_00b510a8
.byte 0x00, 0x00, 0x00, 0x00
.long _sym_007574b0
.byte 0x00, 0x00, 0x00, 0x00, 0x00, 0x00, 0x00, 0x00, 0x00, 0x00, 0x00, 0x00, 0x00, 0x00, 0x00, 0x00
.long _sym_00757560
.byte 0x00, 0x00, 0x00, 0x00, 0x00, 0x00, 0x00, 0x00
.long _sym_00b510d8
.byte 0x00, 0x00, 0x00, 0x00, 0x00, 0x00, 0x00, 0x00
.long _sym_007498e0
.byte 0x00, 0x00, 0x00, 0x00, 0x00, 0x00, 0x00, 0x00, 0x00, 0x00, 0x00, 0x00
.long _sym_007498b0
.long _sym_007498b0
.byte 0x00, 0x00, 0x00, 0x00
.long _sym_00b51100
.byte 0x00, 0x00, 0x00, 0x00
.long _sym_0075e400
.byte 0x00, 0x00, 0x00, 0x00, 0x00, 0x00, 0x00, 0x00, 0x00, 0x00, 0x00, 0x00, 0x00, 0x00, 0x00, 0x00
.byte 0x00, 0x00, 0x00, 0x00, 0x00, 0x00, 0x00, 0x00, 0x00, 0x00, 0x00, 0x00
.long _sym_00b51130
.byte 0x00, 0x00, 0x00, 0x00, 0x00, 0x00, 0x00, 0x00
.long _sym_00734f80
.byte 0x00, 0x00, 0x00, 0x00, 0x00, 0x00, 0x00, 0x00, 0x00, 0x00, 0x00, 0x00, 0x00, 0x00, 0x00, 0x00
.byte 0x00, 0x00, 0x00, 0x00, 0x00, 0x00, 0x00, 0x00
.long _sym_00b5115c
.byte 0x00, 0x00, 0x00, 0x00
.long _sym_007550f0
.long _sym_00755130
.byte 0x00, 0x00, 0x00, 0x00, 0x00, 0x00, 0x00, 0x00, 0x00, 0x00, 0x00, 0x00
.long _sym_00755100
.long _sym_00755100
.byte 0x00, 0x00, 0x00, 0x00
.long _sym_00b5118c
.byte 0x00, 0x00, 0x00, 0x00
.long _sym_00750390
.long _sym_00750700
.byte 0x00, 0x00, 0x00, 0x00, 0x00, 0x00, 0x00, 0x00, 0x00, 0x00, 0x00, 0x00
.long _sym_007505e0
.long _sym_00750670
.byte 0x00, 0x00, 0x00, 0x00
.long _sym_00b511b8
.byte 0x00, 0x00, 0x00, 0x00
.long _sym_0075a020
.byte 0x00, 0x00, 0x00, 0x00, 0x00, 0x00, 0x00, 0x00, 0x00, 0x00, 0x00, 0x00, 0x00, 0x00, 0x00, 0x00
.long _sym_0075a0a0
.long _sym_0075a0a0
.byte 0x00, 0x00, 0x00, 0x00
.long _sym_00b511e4
.byte 0x00, 0x00, 0x00, 0x00, 0x00, 0x00, 0x00, 0x00
.long _sym_00734dc0
.byte 0x00, 0x00, 0x00, 0x00
.long _sym_00734e60
.byte 0x00, 0x00, 0x00, 0x00, 0x00, 0x00, 0x00, 0x00, 0x00, 0x00, 0x00, 0x00, 0x00, 0x00, 0x00, 0x00
.long _sym_00b51218
.byte 0x00, 0x00, 0x00, 0x00, 0x00, 0x00, 0x00, 0x00
.long _sym_00742d80
.byte 0x00, 0x00, 0x00, 0x00, 0x00, 0x00, 0x00, 0x00, 0x00, 0x00, 0x00, 0x00
.long _sym_00742c10
.byte 0x00, 0x00, 0x00, 0x00
.long _sym_00742c90
.long _sym_00b5124c
.byte 0x00, 0x00, 0x00, 0x00, 0x00, 0x00, 0x00, 0x00
.long _sym_0072e870
.byte 0x00, 0x00, 0x00, 0x00, 0x00, 0x00, 0x00, 0x00, 0x00, 0x00, 0x00, 0x00
.long _sym_0072e810
.long _sym_0072e840
.byte 0x00, 0x00, 0x00, 0x00
.long _sym_00b51278
.byte 0x00, 0x00, 0x00, 0x00, 0x00, 0x00, 0x00, 0x00
.long _sym_0073aca0
.byte 0x00, 0x00, 0x00, 0x00, 0x00, 0x00, 0x00, 0x00, 0x00, 0x00, 0x00, 0x00
.long _sym_0073abc0
.long _sym_0073ac00
.long _sym_0073ac30
.long _sym_00b51294
.byte 0x00, 0x00, 0x00, 0x00, 0x00, 0x00, 0x00, 0x00
.long _sym_00734fc0
.byte 0x00, 0x00, 0x00, 0x00, 0x00, 0x00, 0x00, 0x00, 0x00, 0x00, 0x00, 0x00, 0x00, 0x00, 0x00, 0x00
.byte 0x00, 0x00, 0x00, 0x00, 0x00, 0x00, 0x00, 0x00
.long _sym_00b512b0
.byte 0x00, 0x00, 0x00, 0x00
.long _sym_00759920
.byte 0x00, 0x00, 0x00, 0x00, 0x00, 0x00, 0x00, 0x00, 0x00, 0x00, 0x00, 0x00, 0x00, 0x00, 0x00, 0x00
.long _sym_00759970
.byte 0x00, 0x00, 0x00, 0x00, 0x00, 0x00, 0x00, 0x00
.long _sym_00b512d0
.byte 0x00, 0x00, 0x00, 0x00
.long _sym_00759aa0
.byte 0x00, 0x00, 0x00, 0x00, 0x00, 0x00, 0x00, 0x00, 0x00, 0x00, 0x00, 0x00, 0x00, 0x00, 0x00, 0x00
.long _sym_00759cb0
.byte 0x00, 0x00, 0x00, 0x00, 0x00, 0x00, 0x00, 0x00
.long _sym_00b512f4
.byte 0x00, 0x00, 0x00, 0x00, 0x00, 0x00, 0x00, 0x00
.long _sym_007385f0
.byte 0x00, 0x00, 0x00, 0x00, 0x00, 0x00, 0x00, 0x00, 0x00, 0x00, 0x00, 0x00, 0x00, 0x00, 0x00, 0x00
.byte 0x00, 0x00, 0x00, 0x00, 0x00, 0x00, 0x00, 0x00
.long _sym_00b51314
.byte 0x00, 0x00, 0x00, 0x00, 0x00, 0x00, 0x00, 0x00, 0x00, 0x00, 0x00, 0x00, 0x00, 0x00, 0x00, 0x00
.byte 0x00, 0x00, 0x00, 0x00, 0x00, 0x00, 0x00, 0x00
.long _sym_007367e0
.byte 0x00, 0x00, 0x00, 0x00, 0x00, 0x00, 0x00, 0x00
.long _sym_00b51338
.byte 0x00, 0x00, 0x00, 0x00
.long _sym_0075e520
.byte 0x00, 0x00, 0x00, 0x00, 0x00, 0x00, 0x00, 0x00, 0x00, 0x00, 0x00, 0x00, 0x00, 0x00, 0x00, 0x00
.long _sym_0075e560
.byte 0x00, 0x00, 0x00, 0x00, 0x00, 0x00, 0x00, 0x00
.long _sym_00b51358
.byte 0x00, 0x00, 0x00, 0x00
.long _sym_00734200
.byte 0x00, 0x00, 0x00, 0x00, 0x00, 0x00, 0x00, 0x00, 0x00, 0x00, 0x00, 0x00, 0x00, 0x00, 0x00, 0x00
.byte 0x00, 0x00, 0x00, 0x00, 0x00, 0x00, 0x00, 0x00, 0x00, 0x00, 0x00, 0x00
.long _sym_00b5137c
.byte 0x00, 0x00, 0x00, 0x00
.long _sym_00736e40
.byte 0x00, 0x00, 0x00, 0x00, 0x00, 0x00, 0x00, 0x00, 0x00, 0x00, 0x00, 0x00, 0x00, 0x00, 0x00, 0x00
.long _sym_00736f20
.byte 0x00, 0x00, 0x00, 0x00, 0x00, 0x00, 0x00, 0x00
.long _sym_00b513a0
.byte 0x00, 0x00, 0x00, 0x00
.long _sym_00736f50
.byte 0x00, 0x00, 0x00, 0x00, 0x00, 0x00, 0x00, 0x00, 0x00, 0x00, 0x00, 0x00, 0x00, 0x00, 0x00, 0x00
.long _sym_007371f0
.long _sym_007371f0
.byte 0x00, 0x00, 0x00, 0x00
.long _sym_00b50240
.byte 0x00, 0x00, 0x00, 0x00
.long _sym_00736110
.long _sym_00736640
.byte 0x00, 0x00, 0x00, 0x00, 0x00, 0x00, 0x00, 0x00, 0x00, 0x00, 0x00, 0x00
.long _sym_00736520
.long _sym_007365a0
.long _sym_00736630
.long _sym_00b50258
.byte 0x00, 0x00, 0x00, 0x00
.long _sym_00758a50
.byte 0x00, 0x00, 0x00, 0x00, 0x00, 0x00, 0x00, 0x00, 0x00, 0x00, 0x00, 0x00, 0x00, 0x00, 0x00, 0x00
.long _sym_00758ac0
.byte 0x00, 0x00, 0x00, 0x00, 0x00, 0x00, 0x00, 0x00
.long _sym_00b5027c
.byte 0x00, 0x00, 0x00, 0x00
.long _sym_007588a0
.byte 0x00, 0x00, 0x00, 0x00, 0x00, 0x00, 0x00, 0x00, 0x00, 0x00, 0x00, 0x00, 0x00, 0x00, 0x00, 0x00
.long _sym_00758910
.byte 0x00, 0x00, 0x00, 0x00, 0x00, 0x00, 0x00, 0x00
.long _sym_00b502d8
.byte 0x00, 0x00, 0x00, 0x00
.long _sym_007337b0
.byte 0x00, 0x00, 0x00, 0x00, 0x00, 0x00, 0x00, 0x00, 0x00, 0x00, 0x00, 0x00, 0x00, 0x00, 0x00, 0x00
.byte 0x00, 0x00, 0x00, 0x00, 0x00, 0x00, 0x00, 0x00, 0x00, 0x00, 0x00, 0x00
.long _sym_00b502f4
.byte 0x00, 0x00, 0x00, 0x00, 0x00, 0x00, 0x00, 0x00, 0x00, 0x00, 0x00, 0x00, 0x00, 0x00, 0x00, 0x00
.byte 0x00, 0x00, 0x00, 0x00, 0x00, 0x00, 0x00, 0x00
.long _sym_00736a20
.byte 0x00, 0x00, 0x00, 0x00, 0x00, 0x00, 0x00, 0x00
.long _sym_00b50314
.byte 0x00, 0x00, 0x00, 0x00
.long _sym_00732ea0
.byte 0x00, 0x00, 0x00, 0x00, 0x00, 0x00, 0x00, 0x00, 0x00, 0x00, 0x00, 0x00, 0x00, 0x00, 0x00, 0x00
.byte 0x00, 0x00, 0x00, 0x00, 0x00, 0x00, 0x00, 0x00, 0x00, 0x00, 0x00, 0x00
.long _sym_00b5032c
.byte 0x00, 0x00, 0x00, 0x00
.long _sym_007592f0
.byte 0x00, 0x00, 0x00, 0x00, 0x00, 0x00, 0x00, 0x00, 0x00, 0x00, 0x00, 0x00, 0x00, 0x00, 0x00, 0x00
.long _sym_00759360
.byte 0x00, 0x00, 0x00, 0x00, 0x00, 0x00, 0x00, 0x00
.long _sym_00b5034c
.byte 0x00, 0x00, 0x00, 0x00, 0x00, 0x00, 0x00, 0x00, 0x00, 0x00, 0x00, 0x00, 0x00, 0x00, 0x00, 0x00
.byte 0x00, 0x00, 0x00, 0x00, 0x00, 0x00, 0x00, 0x00
.long _sym_00736b40
.byte 0x00, 0x00, 0x00, 0x00, 0x00, 0x00, 0x00, 0x00
.long _sym_00b5036c
.byte 0x00, 0x00, 0x00, 0x00, 0x00, 0x00, 0x00, 0x00, 0x00, 0x00, 0x00, 0x00, 0x00, 0x00, 0x00, 0x00
.byte 0x00, 0x00, 0x00, 0x00, 0x00, 0x00, 0x00, 0x00
.long _sym_00736d20
.byte 0x00, 0x00, 0x00, 0x00, 0x00, 0x00, 0x00, 0x00
.long _sym_00b5038c
.byte 0x00, 0x00, 0x00, 0x00
.long _sym_007585c0
.byte 0x00, 0x00, 0x00, 0x00, 0x00, 0x00, 0x00, 0x00, 0x00, 0x00, 0x00, 0x00, 0x00, 0x00, 0x00, 0x00
.long _sym_00758880
.byte 0x00, 0x00, 0x00, 0x00, 0x00, 0x00, 0x00, 0x00
.long _sym_00b503ac
.byte 0x00, 0x00, 0x00, 0x00, 0x00, 0x00, 0x00, 0x00
.long _sym_00738f80
.byte 0x00, 0x00, 0x00, 0x00, 0x00, 0x00, 0x00, 0x00, 0x00, 0x00, 0x00, 0x00
.long _sym_00739540
.long _sym_00739540
.byte 0x00, 0x00, 0x00, 0x00
.long _sym_00b503cc
.byte 0x00, 0x00, 0x00, 0x00
.long _sym_0075d540
.byte 0x00, 0x00, 0x00, 0x00, 0x00, 0x00, 0x00, 0x00, 0x00, 0x00, 0x00, 0x00, 0x00, 0x00, 0x00, 0x00
.long _sym_0075d680
.byte 0x00, 0x00, 0x00, 0x00, 0x00, 0x00, 0x00, 0x00
.long _sym_00b503f4
.byte 0x00, 0x00, 0x00, 0x00, 0x00, 0x00, 0x00, 0x00, 0x00, 0x00, 0x00, 0x00, 0x00, 0x00, 0x00, 0x00
.byte 0x00, 0x00, 0x00, 0x00, 0x00, 0x00, 0x00, 0x00
.long _sym_00736960
.byte 0x00, 0x00, 0x00, 0x00, 0x00, 0x00, 0x00, 0x00
.long _sym_00b50420
.byte 0x00, 0x00, 0x00, 0x00, 0x00, 0x00, 0x00, 0x00, 0x00, 0x00, 0x00, 0x00, 0x00, 0x00, 0x00, 0x00
.byte 0x00, 0x00, 0x00, 0x00, 0x00, 0x00, 0x00, 0x00
.long _sym_00736870
.byte 0x00, 0x00, 0x00, 0x00, 0x00, 0x00, 0x00, 0x00
.long _sym_00b5044c
.byte 0x00, 0x00, 0x00, 0x00, 0x00, 0x00, 0x00, 0x00, 0x00, 0x00, 0x00, 0x00, 0x00, 0x00, 0x00, 0x00
.byte 0x00, 0x00, 0x00, 0x00, 0x00, 0x00, 0x00, 0x00
.long _sym_00736cf0
.byte 0x00, 0x00, 0x00, 0x00, 0x00, 0x00, 0x00, 0x00
.long _sym_00b50478
.byte 0x00, 0x00, 0x00, 0x00, 0x00, 0x00, 0x00, 0x00, 0x00, 0x00, 0x00, 0x00, 0x00, 0x00, 0x00, 0x00
.byte 0x00, 0x00, 0x00, 0x00, 0x00, 0x00, 0x00, 0x00
.long _sym_00736c60
.byte 0x00, 0x00, 0x00, 0x00, 0x00, 0x00, 0x00, 0x00
.long _sym_00b50498
.byte 0x00, 0x00, 0x00, 0x00, 0x00, 0x00, 0x00, 0x00
.long _sym_00735230
.byte 0x00, 0x00, 0x00, 0x00, 0x00, 0x00, 0x00, 0x00, 0x00, 0x00, 0x00, 0x00, 0x00, 0x00, 0x00, 0x00
.byte 0x00, 0x00, 0x00, 0x00, 0x00, 0x00, 0x00, 0x00
.long _sym_00b504b4
.byte 0x00, 0x00, 0x00, 0x00, 0x00, 0x00, 0x00, 0x00
.long _sym_0073a430
.byte 0x00, 0x00, 0x00, 0x00, 0x00, 0x00, 0x00, 0x00, 0x00, 0x00, 0x00, 0x00
.long _sym_0073ab80
.long _sym_0073ab80
.byte 0x00, 0x00, 0x00, 0x00
.long _sym_00b504d4
.byte 0x00, 0x00, 0x00, 0x00, 0x00, 0x00, 0x00, 0x00
.long _sym_00735590
.byte 0x00, 0x00, 0x00, 0x00, 0x00, 0x00, 0x00, 0x00, 0x00, 0x00, 0x00, 0x00, 0x00, 0x00, 0x00, 0x00
.byte 0x00, 0x00, 0x00, 0x00, 0x00, 0x00, 0x00, 0x00
.long _sym_00b504f0
.byte 0x00, 0x00, 0x00, 0x00, 0x00, 0x00, 0x00, 0x00
.long _sym_00739580
.byte 0x00, 0x00, 0x00, 0x00, 0x00, 0x00, 0x00, 0x00, 0x00, 0x00, 0x00, 0x00, 0x00, 0x00, 0x00, 0x00
.byte 0x00, 0x00, 0x00, 0x00, 0x00, 0x00, 0x00, 0x00
.long _sym_00b5050c
.long _sym_00740f90
.byte 0x00, 0x00, 0x00, 0x00, 0x00, 0x00, 0x00, 0x00, 0x00, 0x00, 0x00, 0x00, 0x00, 0x00, 0x00, 0x00
.byte 0x00, 0x00, 0x00, 0x00
.long _sym_00741510
.long _sym_00741510
.byte 0x00, 0x00, 0x00, 0x00
.long _sym_00b50528
.byte 0x00, 0x00, 0x00, 0x00
.long _sym_0075bc20
.byte 0x00, 0x00, 0x00, 0x00, 0x00, 0x00, 0x00, 0x00, 0x00, 0x00, 0x00, 0x00, 0x00, 0x00, 0x00, 0x00
.byte 0x00, 0x00, 0x00, 0x00, 0x00, 0x00, 0x00, 0x00, 0x00, 0x00, 0x00, 0x00
.long _sym_00b50540
.byte 0x00, 0x00, 0x00, 0x00
.long _sym_0072d650
.byte 0x00, 0x00, 0x00, 0x00, 0x00, 0x00, 0x00, 0x00, 0x00, 0x00, 0x00, 0x00, 0x00, 0x00, 0x00, 0x00
.byte 0x00, 0x00, 0x00, 0x00, 0x00, 0x00, 0x00, 0x00, 0x00, 0x00, 0x00, 0x00
.long _sym_00b5055c
.byte 0x00, 0x00, 0x00, 0x00
.long _sym_0074d570
.long _sym_0074d650
.byte 0x00, 0x00, 0x00, 0x00, 0x00, 0x00, 0x00, 0x00, 0x00, 0x00, 0x00, 0x00
.long _sym_0074d620
.byte 0x00, 0x00, 0x00, 0x00, 0x00, 0x00, 0x00, 0x00
.long _sym_00b50578
.byte 0x00, 0x00, 0x00, 0x00
.long _sym_00731f90
.byte 0x00, 0x00, 0x00, 0x00, 0x00, 0x00, 0x00, 0x00, 0x00, 0x00, 0x00, 0x00, 0x00, 0x00, 0x00, 0x00
.byte 0x00, 0x00, 0x00, 0x00, 0x00, 0x00, 0x00, 0x00, 0x00, 0x00, 0x00, 0x00
.long _sym_00b50594
.byte 0x00, 0x00, 0x00, 0x00, 0x00, 0x00, 0x00, 0x00
.long _sym_0072ec00
.byte 0x00, 0x00, 0x00, 0x00, 0x00, 0x00, 0x00, 0x00, 0x00, 0x00, 0x00, 0x00
.long _sym_0072ee50
.long _sym_0072ee90
.long _sym_0072eec0
.long _sym_00b505b0
.byte 0x00, 0x00, 0x00, 0x00
.long _sym_0072f590
.byte 0x00, 0x00, 0x00, 0x00, 0x00, 0x00, 0x00, 0x00, 0x00, 0x00, 0x00, 0x00, 0x00, 0x00, 0x00, 0x00
.byte 0x00, 0x00, 0x00, 0x00, 0x00, 0x00, 0x00, 0x00, 0x00, 0x00, 0x00, 0x00
.long _sym_00b505d0
.byte 0x00, 0x00, 0x00, 0x00, 0x00, 0x00, 0x00, 0x00
.long _sym_0073ba70
.byte 0x00, 0x00, 0x00, 0x00, 0x00, 0x00, 0x00, 0x00, 0x00, 0x00, 0x00, 0x00
.long _sym_0073b870
.long _sym_0073b8c0
.long _sym_0073b8f0
.long _sym_00b505f0
.byte 0x00, 0x00, 0x00, 0x00, 0x00, 0x00, 0x00, 0x00
.long _sym_00738b00
.byte 0x00, 0x00, 0x00, 0x00, 0x00, 0x00, 0x00, 0x00, 0x00, 0x00, 0x00, 0x00, 0x00, 0x00, 0x00, 0x00
.byte 0x00, 0x00, 0x00, 0x00, 0x00, 0x00, 0x00, 0x00
.long _sym_00b50610
.byte 0x00, 0x00, 0x00, 0x00, 0x00, 0x00, 0x00, 0x00, 0x00, 0x00, 0x00, 0x00, 0x00, 0x00, 0x00, 0x00
.byte 0x00, 0x00, 0x00, 0x00, 0x00, 0x00, 0x00, 0x00
.long _sym_00736900
.byte 0x00, 0x00, 0x00, 0x00, 0x00, 0x00, 0x00, 0x00
.long _sym_00b5063c
.byte 0x00, 0x00, 0x00, 0x00, 0x00, 0x00, 0x00, 0x00, 0x00, 0x00, 0x00, 0x00, 0x00, 0x00, 0x00, 0x00
.byte 0x00, 0x00, 0x00, 0x00, 0x00, 0x00, 0x00, 0x00
.long _sym_00736d80
.byte 0x00, 0x00, 0x00, 0x00, 0x00, 0x00, 0x00, 0x00
.long _sym_00b50664
.byte 0x00, 0x00, 0x00, 0x00
.long _sym_007598a0
.byte 0x00, 0x00, 0x00, 0x00, 0x00, 0x00, 0x00, 0x00, 0x00, 0x00, 0x00, 0x00, 0x00, 0x00, 0x00, 0x00
.long _sym_007598f0
.byte 0x00, 0x00, 0x00, 0x00, 0x00, 0x00, 0x00, 0x00
.long _sym_00b50690
.byte 0x00, 0x00, 0x00, 0x00
.long _sym_00759740
.byte 0x00, 0x00, 0x00, 0x00, 0x00, 0x00, 0x00, 0x00, 0x00, 0x00, 0x00, 0x00, 0x00, 0x00, 0x00, 0x00
.long _sym_00759890
.byte 0x00, 0x00, 0x00, 0x00, 0x00, 0x00, 0x00, 0x00
.long _sym_00b506c8
.byte 0x00, 0x00, 0x00, 0x00, 0x00, 0x00, 0x00, 0x00
.long _sym_00739df0
.byte 0x00, 0x00, 0x00, 0x00, 0x00, 0x00, 0x00, 0x00, 0x00, 0x00, 0x00, 0x00, 0x00, 0x00, 0x00, 0x00
.byte 0x00, 0x00, 0x00, 0x00, 0x00, 0x00, 0x00, 0x00
.long _sym_00b5070c
.byte 0x00, 0x00, 0x00, 0x00
.long _sym_0072f930
.byte 0x00, 0x00, 0x00, 0x00, 0x00, 0x00, 0x00, 0x00, 0x00, 0x00, 0x00, 0x00, 0x00, 0x00, 0x00, 0x00
.byte 0x00, 0x00, 0x00, 0x00, 0x00, 0x00, 0x00, 0x00, 0x00, 0x00, 0x00, 0x00
.long _sym_00b50750
.byte 0x00, 0x00, 0x00, 0x00
.long _sym_00733de0
.byte 0x00, 0x00, 0x00, 0x00, 0x00, 0x00, 0x00, 0x00, 0x00, 0x00, 0x00, 0x00, 0x00, 0x00, 0x00, 0x00
.byte 0x00, 0x00, 0x00, 0x00, 0x00, 0x00, 0x00, 0x00, 0x00, 0x00, 0x00, 0x00
.long _sym_00b50790
.byte 0x00, 0x00, 0x00, 0x00, 0x00, 0x00, 0x00, 0x00
.long _sym_007563b0
.byte 0x00, 0x00, 0x00, 0x00, 0x00, 0x00, 0x00, 0x00, 0x00, 0x00, 0x00, 0x00
.long _sym_00756330
.byte 0x00, 0x00, 0x00, 0x00
.long _sym_00756360
.long _sym_00b507c4
.byte 0x00, 0x00, 0x00, 0x00
.long _sym_00757fb0
.byte 0x00, 0x00, 0x00, 0x00, 0x00, 0x00, 0x00, 0x00, 0x00, 0x00, 0x00, 0x00, 0x00, 0x00, 0x00, 0x00
.byte 0x00, 0x00, 0x00, 0x00, 0x00, 0x00, 0x00, 0x00, 0x00, 0x00, 0x00, 0x00
.long _sym_00b507fc
.byte 0x00, 0x00, 0x00, 0x00
.long _sym_0074f5b0
.long _sym_0074f690
.byte 0x00, 0x00, 0x00, 0x00, 0x00, 0x00, 0x00, 0x00, 0x00, 0x00, 0x00, 0x00
.long _sym_0074f660
.byte 0x00, 0x00, 0x00, 0x00, 0x00, 0x00, 0x00, 0x00
.long _sym_00b50838
.byte 0x00, 0x00, 0x00, 0x00
.long _sym_0075d8e0
.byte 0x00, 0x00, 0x00, 0x00, 0x00, 0x00, 0x00, 0x00, 0x00, 0x00, 0x00, 0x00, 0x00, 0x00, 0x00, 0x00
.long _sym_0075da00
.long _sym_0075da10
.byte 0x00, 0x00, 0x00, 0x00
.long _sym_00b5087c
.byte 0x00, 0x00, 0x00, 0x00, 0x00, 0x00, 0x00, 0x00
.long _sym_0073d130
.byte 0x00, 0x00, 0x00, 0x00, 0x00, 0x00, 0x00, 0x00, 0x00, 0x00, 0x00, 0x00
.long _sym_0073d070
.long _sym_0073d0a0
.long _sym_0073d0d0
.long _sym_00b508c0
.byte 0x00, 0x00, 0x00, 0x00, 0x00, 0x00, 0x00, 0x00
.long _sym_00747600
.byte 0x00, 0x00, 0x00, 0x00, 0x00, 0x00, 0x00, 0x00, 0x00, 0x00, 0x00, 0x00
.long _sym_007474d0
.byte 0x00, 0x00, 0x00, 0x00
.long _sym_00747550
.long _sym_00b5090c
.byte 0x00, 0x00, 0x00, 0x00
.long _sym_00732200
.byte 0x00, 0x00, 0x00, 0x00, 0x00, 0x00, 0x00, 0x00, 0x00, 0x00, 0x00, 0x00, 0x00, 0x00, 0x00, 0x00
.byte 0x00, 0x00, 0x00, 0x00, 0x00, 0x00, 0x00, 0x00, 0x00, 0x00, 0x00, 0x00
.long _sym_00b50948
.byte 0x00, 0x00, 0x00, 0x00
.long _sym_0075c2a0
.byte 0x00, 0x00, 0x00, 0x00, 0x00, 0x00, 0x00, 0x00, 0x00, 0x00, 0x00, 0x00, 0x00, 0x00, 0x00, 0x00
.long _sym_0075c300
.long _sym_0075c340
.byte 0x00, 0x00, 0x00, 0x00
.long _sym_00b50980
.byte 0x00, 0x00, 0x00, 0x00
.long _sym_0075c5f0
.byte 0x00, 0x00, 0x00, 0x00, 0x00, 0x00, 0x00, 0x00, 0x00, 0x00, 0x00, 0x00, 0x00, 0x00, 0x00, 0x00
.long _sym_0075c690
.long _sym_0075c6c0
.byte 0x00, 0x00, 0x00, 0x00
.long _sym_00b509b8
.byte 0x00, 0x00, 0x00, 0x00
.long _sym_0075cfb0
.byte 0x00, 0x00, 0x00, 0x00, 0x00, 0x00, 0x00, 0x00, 0x00, 0x00, 0x00, 0x00, 0x00, 0x00, 0x00, 0x00
.long _sym_0075d030
.long _sym_0075d060
.byte 0x00, 0x00, 0x00, 0x00
.long _sym_00b509f0
.byte 0x00, 0x00, 0x00, 0x00
.long _sym_0075d180
.byte 0x00, 0x00, 0x00, 0x00, 0x00, 0x00, 0x00, 0x00, 0x00, 0x00, 0x00, 0x00, 0x00, 0x00, 0x00, 0x00
.long _sym_0075d220
.long _sym_0075d250
.byte 0x00, 0x00, 0x00, 0x00
.long _sym_00b50a28
.byte 0x00, 0x00, 0x00, 0x00
.long _sym_0072d290
.byte 0x00, 0x00, 0x00, 0x00, 0x00, 0x00, 0x00, 0x00, 0x00, 0x00, 0x00, 0x00, 0x00, 0x00, 0x00, 0x00
.byte 0x00, 0x00, 0x00, 0x00, 0x00, 0x00, 0x00, 0x00, 0x00, 0x00, 0x00, 0x00
.long _sym_00b50a64
.byte 0x00, 0x00, 0x00, 0x00, 0x00, 0x00, 0x00, 0x00
.long _sym_00734c70
.byte 0x00, 0x00, 0x00, 0x00, 0x00, 0x00, 0x00, 0x00, 0x00, 0x00, 0x00, 0x00, 0x00, 0x00, 0x00, 0x00
.byte 0x00, 0x00, 0x00, 0x00, 0x00, 0x00, 0x00, 0x00
.long _sym_00b50aa8
.byte 0x00, 0x00, 0x00, 0x00, 0x00, 0x00, 0x00, 0x00
.long _sym_0073e370
.byte 0x00, 0x00, 0x00, 0x00, 0x00, 0x00, 0x00, 0x00, 0x00, 0x00, 0x00, 0x00
.long _sym_0073e300
.long _sym_0073e330
.long _sym_0073e360
.long _sym_00b50ae8
.byte 0x00, 0x00, 0x00, 0x00
.long _sym_0075d6c0
.byte 0x00, 0x00, 0x00, 0x00, 0x00, 0x00, 0x00, 0x00, 0x00, 0x00, 0x00, 0x00, 0x00, 0x00, 0x00, 0x00
.long _sym_0075d7b0
.long _sym_0075d7b0
.byte 0x00, 0x00, 0x00, 0x00
.long _sym_00b50b30
.byte 0x00, 0x00, 0x00, 0x00, 0x00, 0x00, 0x00, 0x00
.long _sym_0073d9f0
.byte 0x00, 0x00, 0x00, 0x00, 0x00, 0x00, 0x00, 0x00, 0x00, 0x00, 0x00, 0x00
.long _sym_0073d980
.long _sym_0073d9b0
.long _sym_0073d9e0
.long _sym_00b50b78
.byte 0x00, 0x00, 0x00, 0x00, 0x00, 0x00, 0x00, 0x00
.long _sym_0073fb10
.byte 0x00, 0x00, 0x00, 0x00, 0x00, 0x00, 0x00, 0x00, 0x00, 0x00, 0x00, 0x00
.long _sym_0073faa0
.long _sym_0073fad0
.long _sym_0073fb00
.long _sym_00b50bc8
.byte 0x00, 0x00, 0x00, 0x00
.long _sym_0075d430
.byte 0x00, 0x00, 0x00, 0x00, 0x00, 0x00, 0x00, 0x00, 0x00, 0x00, 0x00, 0x00, 0x00, 0x00, 0x00, 0x00
.byte 0x00, 0x00, 0x00, 0x00, 0x00, 0x00, 0x00, 0x00, 0x00, 0x00, 0x00, 0x00
.long _sym_00b50c10
.byte 0x00, 0x00, 0x00, 0x00
.long _sym_0072d830
.byte 0x00, 0x00, 0x00, 0x00, 0x00, 0x00, 0x00, 0x00, 0x00, 0x00, 0x00, 0x00, 0x00, 0x00, 0x00, 0x00
.byte 0x00, 0x00, 0x00, 0x00, 0x00, 0x00, 0x00, 0x00, 0x00, 0x00, 0x00, 0x00
.long _sym_00b50c5c
.byte 0x00, 0x00, 0x00, 0x00
.long _sym_007583d0
.byte 0x00, 0x00, 0x00, 0x00, 0x00, 0x00, 0x00, 0x00, 0x00, 0x00, 0x00, 0x00, 0x00, 0x00, 0x00, 0x00
.long _sym_007585a0
.long _sym_007585a0
.byte 0x00, 0x00, 0x00, 0x00
.long _sym_00b50ca0
.byte 0x00, 0x00, 0x00, 0x00
.long _sym_0075c380
.byte 0x00, 0x00, 0x00, 0x00, 0x00, 0x00, 0x00, 0x00, 0x00, 0x00, 0x00, 0x00, 0x00, 0x00, 0x00, 0x00
.long _sym_0075c420
.long _sym_0075c450
.byte 0x00, 0x00, 0x00, 0x00
.long _sym_00b50ce0
.byte 0x00, 0x00, 0x00, 0x00
.long _sym_00757d20
.byte 0x00, 0x00, 0x00, 0x00, 0x00, 0x00, 0x00, 0x00, 0x00, 0x00, 0x00, 0x00, 0x00, 0x00, 0x00, 0x00
.long _sym_00757f80
.byte 0x00, 0x00, 0x00, 0x00, 0x00, 0x00, 0x00, 0x00
.long _sym_00b50d28
.byte 0x00, 0x00, 0x00, 0x00, 0x00, 0x00, 0x00, 0x00
.long _sym_00741660
.byte 0x00, 0x00, 0x00, 0x00, 0x00, 0x00, 0x00, 0x00, 0x00, 0x00, 0x00, 0x00
.long _sym_00741630
.long _sym_00741630
.byte 0x00, 0x00, 0x00, 0x00
.long _sym_00b50d68
.byte 0x00, 0x00, 0x00, 0x00, 0x00, 0x00, 0x00, 0x00
.long _sym_0073eb00
.byte 0x00, 0x00, 0x00, 0x00, 0x00, 0x00, 0x00, 0x00, 0x00, 0x00, 0x00, 0x00
.long _sym_0073ea90
.long _sym_0073eac0
.long _sym_0073eaf0
.long _sym_00b50dac
.byte 0x00, 0x00, 0x00, 0x00, 0x00, 0x00, 0x00, 0x00
.long _sym_0073f2f0
.byte 0x00, 0x00, 0x00, 0x00, 0x00, 0x00, 0x00, 0x00, 0x00, 0x00, 0x00, 0x00
.long _sym_0073f280
.long _sym_0073f2b0
.long _sym_0073f2e0
.long _sym_00b50df8
.byte 0x00, 0x00, 0x00, 0x00, 0x00, 0x00, 0x00, 0x00
.long _sym_00735fa0
.byte 0x00, 0x00, 0x00, 0x00, 0x00, 0x00, 0x00, 0x00, 0x00, 0x00, 0x00, 0x00, 0x00, 0x00, 0x00, 0x00
.byte 0x00, 0x00, 0x00, 0x00, 0x00, 0x00, 0x00, 0x00
.long _sym_00b50e3c
.byte 0x00, 0x00, 0x00, 0x00, 0x00, 0x00, 0x00, 0x00
.long _sym_00744100
.byte 0x00, 0x00, 0x00, 0x00, 0x00, 0x00, 0x00, 0x00, 0x00, 0x00, 0x00, 0x00
.long _sym_00743fc0
.byte 0x00, 0x00, 0x00, 0x00
.long _sym_00744040
.long _sym_00b50e88
.byte 0x00, 0x00, 0x00, 0x00
.long _sym_00751d80
.long _sym_007520b0
.byte 0x00, 0x00, 0x00, 0x00, 0x00, 0x00, 0x00, 0x00, 0x00, 0x00, 0x00, 0x00
.long _sym_00751f90
.long _sym_00752020
.byte 0x00, 0x00, 0x00, 0x00
.long _sym_00b50ecc
.byte 0x00, 0x00, 0x00, 0x00, 0x00, 0x00, 0x00, 0x00, 0x00, 0x00, 0x00, 0x00, 0x00, 0x00, 0x00, 0x00
.byte 0x00, 0x00, 0x00, 0x00, 0x00, 0x00, 0x00, 0x00, 0x00, 0x00, 0x00, 0x00, 0x00, 0x00, 0x00, 0x00
.byte 0x00, 0x00, 0x00, 0x00
.long _sym_00b50ef8
.byte 0x00, 0x00, 0x00, 0x00
.long _sym_0075d7f0
.byte 0x00, 0x00, 0x00, 0x00, 0x00, 0x00, 0x00, 0x00, 0x00, 0x00, 0x00, 0x00, 0x00, 0x00, 0x00, 0x00
.long _sym_0075d8b0
.long _sym_0075d8b0
.byte 0x00, 0x00, 0x00, 0x00
.long _sym_00b50f2c
.byte 0x00, 0x00, 0x00, 0x00, 0x00, 0x00, 0x00, 0x00
.long _sym_00748860
.byte 0x00, 0x00, 0x00, 0x00, 0x00, 0x00, 0x00, 0x00, 0x00, 0x00, 0x00, 0x00
.long _sym_00748730
.byte 0x00, 0x00, 0x00, 0x00
.long _sym_007487b0
.long _sym_00b50f64
.byte 0x00, 0x00, 0x00, 0x00, 0x00, 0x00, 0x00, 0x00, 0x00, 0x00, 0x00, 0x00, 0x00, 0x00, 0x00, 0x00
.byte 0x00, 0x00, 0x00, 0x00, 0x00, 0x00, 0x00, 0x00
.long _sym_00736c00
.byte 0x00, 0x00, 0x00, 0x00, 0x00, 0x00, 0x00, 0x00
.long _sym_00b50f90
.byte 0x00, 0x00, 0x00, 0x00
.long _sym_0075da20
.byte 0x00, 0x00, 0x00, 0x00, 0x00, 0x00, 0x00, 0x00, 0x00, 0x00, 0x00, 0x00, 0x00, 0x00, 0x00, 0x00
.long _sym_0075dc00
.long _sym_0075dc10
.byte 0x00, 0x00, 0x00, 0x00
.long _sym_00b50fc8
.byte 0x00, 0x00, 0x00, 0x00
.long _sym_0075dc20
.byte 0x00, 0x00, 0x00, 0x00, 0x00, 0x00, 0x00, 0x00, 0x00, 0x00, 0x00, 0x00, 0x00, 0x00, 0x00, 0x00
.long _sym_0075de40
.long _sym_0075de50
.byte 0x00, 0x00, 0x00, 0x00
.long _sym_00b50ff8
.byte 0x00, 0x00, 0x00, 0x00, 0x00, 0x00, 0x00, 0x00
.long _sym_007452d0
.byte 0x00, 0x00, 0x00, 0x00, 0x00, 0x00, 0x00, 0x00, 0x00, 0x00, 0x00, 0x00
.long _sym_00745160
.byte 0x00, 0x00, 0x00, 0x00
.long _sym_007451f0
.long _sym_00b51030
.byte 0x00, 0x00, 0x00, 0x00
.long _sym_007340f0
.byte 0x00, 0x00, 0x00, 0x00, 0x00, 0x00, 0x00, 0x00, 0x00, 0x00, 0x00, 0x00, 0x00, 0x00, 0x00, 0x00
.long _sym_007341c0
.byte 0x00, 0x00, 0x00, 0x00, 0x00, 0x00, 0x00, 0x00
.long _sym_00b5105c
.byte 0x00, 0x00, 0x00, 0x00, 0x00, 0x00, 0x00, 0x00
.long _sym_007463e0
.byte 0x00, 0x00, 0x00, 0x00, 0x00, 0x00, 0x00, 0x00, 0x00, 0x00, 0x00, 0x00
.long _sym_007462c0
.byte 0x00, 0x00, 0x00, 0x00
.long _sym_00746340
.long _sym_00b51090
.byte 0x00, 0x00, 0x00, 0x00
.long _sym_0075de60
.byte 0x00, 0x00, 0x00, 0x00, 0x00, 0x00, 0x00, 0x00, 0x00, 0x00, 0x00, 0x00, 0x00, 0x00, 0x00, 0x00
.long _sym_0075e060
.long _sym_0075e070
.byte 0x00, 0x00, 0x00, 0x00
.long _sym_00b510c0
.byte 0x00, 0x00, 0x00, 0x00
.long _sym_0075e080
.byte 0x00, 0x00, 0x00, 0x00, 0x00, 0x00, 0x00, 0x00, 0x00, 0x00, 0x00, 0x00, 0x00, 0x00, 0x00, 0x00
.long _sym_0075e2c0
.long _sym_0075e2d0
.byte 0x00, 0x00, 0x00, 0x00
.long _sym_00b510f0
.byte 0x00, 0x00, 0x00, 0x00, 0x00, 0x00, 0x00, 0x00, 0x00, 0x00, 0x00, 0x00, 0x00, 0x00, 0x00, 0x00
.byte 0x00, 0x00, 0x00, 0x00, 0x00, 0x00, 0x00, 0x00
.long _sym_00736ae0
.byte 0x00, 0x00, 0x00, 0x00, 0x00, 0x00, 0x00, 0x00
.long _sym_00b51120
.byte 0x00, 0x00, 0x00, 0x00
.long _sym_0072dbf0
.byte 0x00, 0x00, 0x00, 0x00, 0x00, 0x00, 0x00, 0x00, 0x00, 0x00, 0x00, 0x00, 0x00, 0x00, 0x00, 0x00
.byte 0x00, 0x00, 0x00, 0x00, 0x00, 0x00, 0x00, 0x00, 0x00, 0x00, 0x00, 0x00
.long _sym_00b5114c
.byte 0x00, 0x00, 0x00, 0x00, 0x00, 0x00, 0x00, 0x00
.long _sym_00757370
.byte 0x00, 0x00, 0x00, 0x00, 0x00, 0x00, 0x00, 0x00, 0x00, 0x00, 0x00, 0x00
.long _sym_00757300
.long _sym_00757330
.long _sym_00757340
.long _sym_00b51178
.byte 0x00, 0x00, 0x00, 0x00, 0x00, 0x00, 0x00, 0x00
.long _sym_00734d20
.byte 0x00, 0x00, 0x00, 0x00, 0x00, 0x00, 0x00, 0x00, 0x00, 0x00, 0x00, 0x00, 0x00, 0x00, 0x00, 0x00
.byte 0x00, 0x00, 0x00, 0x00, 0x00, 0x00, 0x00, 0x00
.long _sym_00b511ac
.byte 0x00, 0x00, 0x00, 0x00, 0x00, 0x00, 0x00, 0x00
.long _sym_0075b250
.byte 0x00, 0x00, 0x00, 0x00, 0x00, 0x00, 0x00, 0x00, 0x00, 0x00, 0x00, 0x00
.long _sym_0075b180
.long _sym_0075b200
.long _sym_0075b220
.long _sym_00b511d4
.byte 0x00, 0x00, 0x00, 0x00, 0x00, 0x00, 0x00, 0x00
.long _sym_0075a280
.byte 0x00, 0x00, 0x00, 0x00, 0x00, 0x00, 0x00, 0x00, 0x00, 0x00, 0x00, 0x00
.long _sym_0075a1e0
.byte 0x00, 0x00, 0x00, 0x00
.long _sym_0075a230
.long _sym_00b51208
.byte 0x00, 0x00, 0x00, 0x00, 0x00, 0x00, 0x00, 0x00
.long _sym_0075adf0
.byte 0x00, 0x00, 0x00, 0x00, 0x00, 0x00, 0x00, 0x00, 0x00, 0x00, 0x00, 0x00
.long _sym_0075ad50
.byte 0x00, 0x00, 0x00, 0x00
.long _sym_0075ada0
.long _sym_00b5123c
.byte 0x00, 0x00, 0x00, 0x00, 0x00, 0x00, 0x00, 0x00
.long _sym_0075a630
.byte 0x00, 0x00, 0x00, 0x00, 0x00, 0x00, 0x00, 0x00, 0x00, 0x00, 0x00, 0x00
.long _sym_0075a590
.byte 0x00, 0x00, 0x00, 0x00
.long _sym_0075a5e0
.long _sym_00b51268
.byte 0x00, 0x00, 0x00, 0x00, 0x00, 0x00, 0x00, 0x00
.long _sym_0075a9f0
.byte 0x00, 0x00, 0x00, 0x00, 0x00, 0x00, 0x00, 0x00, 0x00, 0x00, 0x00, 0x00
.long _sym_0075a960
.byte 0x00, 0x00, 0x00, 0x00
.long _sym_0075a9a0
.long _sym_00b50630
.byte 0x00, 0x00, 0x00, 0x00, 0x00, 0x00, 0x00, 0x00, 0x00, 0x00, 0x00, 0x00, 0x00, 0x00, 0x00, 0x00
.byte 0x00, 0x00, 0x00, 0x00, 0x00, 0x00, 0x00, 0x00
.long _sym_00736e10
.byte 0x00, 0x00, 0x00, 0x00, 0x00, 0x00, 0x00, 0x00
.long _sym_00b50654
.byte 0x00, 0x00, 0x00, 0x00, 0x00, 0x00, 0x00, 0x00, 0x00, 0x00, 0x00, 0x00, 0x00, 0x00, 0x00, 0x00
.byte 0x00, 0x00, 0x00, 0x00, 0x00, 0x00, 0x00, 0x00
.long _sym_00736de0
.byte 0x00, 0x00, 0x00, 0x00, 0x00, 0x00, 0x00, 0x00
.long _sym_00b50680
.byte 0x00, 0x00, 0x00, 0x00, 0x00, 0x00, 0x00, 0x00, 0x00, 0x00, 0x00, 0x00, 0x00, 0x00, 0x00, 0x00
.byte 0x00, 0x00, 0x00, 0x00, 0x00, 0x00, 0x00, 0x00
.long _sym_00736db0
.byte 0x00, 0x00, 0x00, 0x00, 0x00, 0x00, 0x00, 0x00
.long _sym_00b506b8
.byte 0x00, 0x00, 0x00, 0x00, 0x00, 0x00, 0x00, 0x00, 0x00, 0x00, 0x00, 0x00, 0x00, 0x00, 0x00, 0x00
.byte 0x00, 0x00, 0x00, 0x00, 0x00, 0x00, 0x00, 0x00
.long _sym_007368a0
.byte 0x00, 0x00, 0x00, 0x00, 0x00, 0x00, 0x00, 0x00
.long _sym_00b506fc
.byte 0x00, 0x00, 0x00, 0x00, 0x00, 0x00, 0x00, 0x00, 0x00, 0x00, 0x00, 0x00, 0x00, 0x00, 0x00, 0x00
.byte 0x00, 0x00, 0x00, 0x00, 0x00, 0x00, 0x00, 0x00
.long _sym_00736ab0
.byte 0x00, 0x00, 0x00, 0x00, 0x00, 0x00, 0x00, 0x00
.long _sym_00b50740
.byte 0x00, 0x00, 0x00, 0x00, 0x00, 0x00, 0x00, 0x00, 0x00, 0x00, 0x00, 0x00, 0x00, 0x00, 0x00, 0x00
.byte 0x00, 0x00, 0x00, 0x00, 0x00, 0x00, 0x00, 0x00
.long _sym_00736ba0
.byte 0x00, 0x00, 0x00, 0x00, 0x00, 0x00, 0x00, 0x00
.long _sym_00b50780
.byte 0x00, 0x00, 0x00, 0x00, 0x00, 0x00, 0x00, 0x00, 0x00, 0x00, 0x00, 0x00, 0x00, 0x00, 0x00, 0x00
.byte 0x00, 0x00, 0x00, 0x00, 0x00, 0x00, 0x00, 0x00
.long _sym_00736cc0
.byte 0x00, 0x00, 0x00, 0x00, 0x00, 0x00, 0x00, 0x00
.long _sym_00b507b4
.byte 0x00, 0x00, 0x00, 0x00, 0x00, 0x00, 0x00, 0x00, 0x00, 0x00, 0x00, 0x00, 0x00, 0x00, 0x00, 0x00
.byte 0x00, 0x00, 0x00, 0x00, 0x00, 0x00, 0x00, 0x00
.long _sym_00736750
.byte 0x00, 0x00, 0x00, 0x00, 0x00, 0x00, 0x00, 0x00
.long _sym_00b507ec
.byte 0x00, 0x00, 0x00, 0x00, 0x00, 0x00, 0x00, 0x00, 0x00, 0x00, 0x00, 0x00, 0x00, 0x00, 0x00, 0x00
.byte 0x00, 0x00, 0x00, 0x00, 0x00, 0x00, 0x00, 0x00
.long _sym_00736780
.byte 0x00, 0x00, 0x00, 0x00, 0x00, 0x00, 0x00, 0x00
.long _sym_00b50828
.byte 0x00, 0x00, 0x00, 0x00, 0x00, 0x00, 0x00, 0x00, 0x00, 0x00, 0x00, 0x00, 0x00, 0x00, 0x00, 0x00
.byte 0x00, 0x00, 0x00, 0x00, 0x00, 0x00, 0x00, 0x00
.long _sym_007367b0
.byte 0x00, 0x00, 0x00, 0x00, 0x00, 0x00, 0x00, 0x00
.long _sym_00b5086c
.byte 0x00, 0x00, 0x00, 0x00, 0x00, 0x00, 0x00, 0x00, 0x00, 0x00, 0x00, 0x00, 0x00, 0x00, 0x00, 0x00
.byte 0x00, 0x00, 0x00, 0x00, 0x00, 0x00, 0x00, 0x00
.long _sym_007369c0
.byte 0x00, 0x00, 0x00, 0x00, 0x00, 0x00, 0x00, 0x00
.long _sym_00b508b0
.byte 0x00, 0x00, 0x00, 0x00, 0x00, 0x00, 0x00, 0x00, 0x00, 0x00, 0x00, 0x00, 0x00, 0x00, 0x00, 0x00
.byte 0x00, 0x00, 0x00, 0x00, 0x00, 0x00, 0x00, 0x00
.long _sym_007369f0
.byte 0x00, 0x00, 0x00, 0x00, 0x00, 0x00, 0x00, 0x00
.long _sym_00b508fc
.byte 0x00, 0x00, 0x00, 0x00, 0x00, 0x00, 0x00, 0x00, 0x00, 0x00, 0x00, 0x00, 0x00, 0x00, 0x00, 0x00
.byte 0x00, 0x00, 0x00, 0x00, 0x00, 0x00, 0x00, 0x00
.long _sym_007368d0
.byte 0x00, 0x00, 0x00, 0x00, 0x00, 0x00, 0x00, 0x00
.long _sym_00b50938
.byte 0x00, 0x00, 0x00, 0x00, 0x00, 0x00, 0x00, 0x00, 0x00, 0x00, 0x00, 0x00, 0x00, 0x00, 0x00, 0x00
.byte 0x00, 0x00, 0x00, 0x00, 0x00, 0x00, 0x00, 0x00
.long _sym_00736810
.byte 0x00, 0x00, 0x00, 0x00, 0x00, 0x00, 0x00, 0x00
.long _sym_00b50970
.byte 0x00, 0x00, 0x00, 0x00, 0x00, 0x00, 0x00, 0x00, 0x00, 0x00, 0x00, 0x00, 0x00, 0x00, 0x00, 0x00
.byte 0x00, 0x00, 0x00, 0x00, 0x00, 0x00, 0x00, 0x00
.long _sym_00736840
.byte 0x00, 0x00, 0x00, 0x00, 0x00, 0x00, 0x00, 0x00
.long _sym_00b509a8
.byte 0x00, 0x00, 0x00, 0x00, 0x00, 0x00, 0x00, 0x00, 0x00, 0x00, 0x00, 0x00, 0x00, 0x00, 0x00, 0x00
.byte 0x00, 0x00, 0x00, 0x00, 0x00, 0x00, 0x00, 0x00
.long _sym_00736990
.byte 0x00, 0x00, 0x00, 0x00, 0x00, 0x00, 0x00, 0x00
.long _sym_00b509e0
.byte 0x00, 0x00, 0x00, 0x00, 0x00, 0x00, 0x00, 0x00, 0x00, 0x00, 0x00, 0x00, 0x00, 0x00, 0x00, 0x00
.byte 0x00, 0x00, 0x00, 0x00, 0x00, 0x00, 0x00, 0x00
.long _sym_00736930
.byte 0x00, 0x00, 0x00, 0x00, 0x00, 0x00, 0x00, 0x00
.long _sym_00b50a18
.byte 0x00, 0x00, 0x00, 0x00, 0x00, 0x00, 0x00, 0x00, 0x00, 0x00, 0x00, 0x00, 0x00, 0x00, 0x00, 0x00
.byte 0x00, 0x00, 0x00, 0x00, 0x00, 0x00, 0x00, 0x00
.long _sym_00736b10
.byte 0x00, 0x00, 0x00, 0x00, 0x00, 0x00, 0x00, 0x00
.long _sym_00b50a54
.byte 0x00, 0x00, 0x00, 0x00, 0x00, 0x00, 0x00, 0x00, 0x00, 0x00, 0x00, 0x00, 0x00, 0x00, 0x00, 0x00
.byte 0x00, 0x00, 0x00, 0x00, 0x00, 0x00, 0x00, 0x00
.long _sym_00736a50
.byte 0x00, 0x00, 0x00, 0x00, 0x00, 0x00, 0x00, 0x00
.long _sym_00b50a98
.byte 0x00, 0x00, 0x00, 0x00, 0x00, 0x00, 0x00, 0x00, 0x00, 0x00, 0x00, 0x00, 0x00, 0x00, 0x00, 0x00
.byte 0x00, 0x00, 0x00, 0x00, 0x00, 0x00, 0x00, 0x00
.long _sym_00736a80
.byte 0x00, 0x00, 0x00, 0x00, 0x00, 0x00, 0x00, 0x00
.long _sym_00b50ad8
.byte 0x00, 0x00, 0x00, 0x00, 0x00, 0x00, 0x00, 0x00, 0x00, 0x00, 0x00, 0x00, 0x00, 0x00, 0x00, 0x00
.byte 0x00, 0x00, 0x00, 0x00, 0x00, 0x00, 0x00, 0x00
.long _sym_00736bd0
.byte 0x00, 0x00, 0x00, 0x00, 0x00, 0x00, 0x00, 0x00
.long _sym_00b50b20
.byte 0x00, 0x00, 0x00, 0x00, 0x00, 0x00, 0x00, 0x00, 0x00, 0x00, 0x00, 0x00, 0x00, 0x00, 0x00, 0x00
.byte 0x00, 0x00, 0x00, 0x00, 0x00, 0x00, 0x00, 0x00
.long _sym_00736b70
.byte 0x00, 0x00, 0x00, 0x00, 0x00, 0x00, 0x00, 0x00
.long _sym_00b50b68
.byte 0x00, 0x00, 0x00, 0x00, 0x00, 0x00, 0x00, 0x00, 0x00, 0x00, 0x00, 0x00, 0x00, 0x00, 0x00, 0x00
.byte 0x00, 0x00, 0x00, 0x00, 0x00, 0x00, 0x00, 0x00
.long _sym_00736c90
.byte 0x00, 0x00, 0x00, 0x00, 0x00, 0x00, 0x00, 0x00
.long _sym_00b50bb8
.byte 0x00, 0x00, 0x00, 0x00, 0x00, 0x00, 0x00, 0x00, 0x00, 0x00, 0x00, 0x00, 0x00, 0x00, 0x00, 0x00
.byte 0x00, 0x00, 0x00, 0x00, 0x00, 0x00, 0x00, 0x00
.long _sym_00736c30
.byte 0x00, 0x00, 0x00, 0x00, 0x00, 0x00, 0x00, 0x00
.long _sym_00b50c00
.byte 0x00, 0x00, 0x00, 0x00, 0x00, 0x00, 0x00, 0x00, 0x00, 0x00, 0x00, 0x00, 0x00, 0x00, 0x00, 0x00
.byte 0x00, 0x00, 0x00, 0x00, 0x00, 0x00, 0x00, 0x00
.long _sym_00736d50
.byte 0x00, 0x00, 0x00, 0x00, 0x00, 0x00, 0x00, 0x00
.long _sym_00b50c50
.byte 0x00, 0x00, 0x00, 0x00
.long _sym_00759ce0
.byte 0x00, 0x00, 0x00, 0x00, 0x00, 0x00, 0x00, 0x00, 0x00, 0x00, 0x00, 0x00, 0x00, 0x00, 0x00, 0x00
.long _sym_00759e60
.byte 0x00, 0x00, 0x00, 0x00, 0x00, 0x00, 0x00, 0x00
.long _sym_00b50c94
.byte 0x00, 0x00, 0x00, 0x00
.long _sym_0075c1a0
.byte 0x00, 0x00, 0x00, 0x00, 0x00, 0x00, 0x00, 0x00, 0x00, 0x00, 0x00, 0x00, 0x00, 0x00, 0x00, 0x00
.long _sym_0075c240
.long _sym_0075c270
.byte 0x00, 0x00, 0x00, 0x00
.long _sym_00b50cd4
.byte 0x00, 0x00, 0x00, 0x00
.long _sym_0075ce20
.byte 0x00, 0x00, 0x00, 0x00, 0x00, 0x00, 0x00, 0x00, 0x00, 0x00, 0x00, 0x00, 0x00, 0x00, 0x00, 0x00
.long _sym_0075cee0
.long _sym_0075cee0
.byte 0x00, 0x00, 0x00, 0x00
.long _sym_00b50d18
.byte 0x00, 0x00, 0x00, 0x00
.long _sym_00728ac0
.byte 0x00, 0x00, 0x00, 0x00, 0x00, 0x00, 0x00, 0x00, 0x00, 0x00, 0x00, 0x00, 0x00, 0x00, 0x00, 0x00
.long _sym_00728ac0
.long _sym_00728ac0
.byte 0x00, 0x00, 0x00, 0x00
.long _sym_00b50d5c
.byte 0x00, 0x00, 0x00, 0x00
.long _sym_00728ac0
.byte 0x00, 0x00, 0x00, 0x00, 0x00, 0x00, 0x00, 0x00, 0x00, 0x00, 0x00, 0x00, 0x00, 0x00, 0x00, 0x00
.long _sym_00728ac0
.long _sym_00728ac0
.byte 0x00, 0x00, 0x00, 0x00
.long _sym_00b50d98
.byte 0x00, 0x00, 0x00, 0x00
.long _sym_00728ac0
.byte 0x00, 0x00, 0x00, 0x00, 0x00, 0x00, 0x00, 0x00, 0x00, 0x00, 0x00, 0x00, 0x00, 0x00, 0x00, 0x00
.long _sym_00728ac0
.long _sym_00728ac0
.byte 0x00, 0x00, 0x00, 0x00
.long _sym_00b50de8
.byte 0x00, 0x00, 0x00, 0x00
.long _sym_0075d370
.byte 0x00, 0x00, 0x00, 0x00, 0x00, 0x00, 0x00, 0x00, 0x00, 0x00, 0x00, 0x00, 0x00, 0x00, 0x00, 0x00
.byte 0x00, 0x00, 0x00, 0x00, 0x00, 0x00, 0x00, 0x00, 0x00, 0x00, 0x00, 0x00
.long _sym_00b50e30
.byte 0x00, 0x00, 0x00, 0x00, 0x00, 0x00, 0x00, 0x00
.long _sym_0072ef30
.byte 0x00, 0x00, 0x00, 0x00, 0x00, 0x00, 0x00, 0x00, 0x00, 0x00, 0x00, 0x00
.long _sym_0072ef00
.long _sym_0072ef00
.byte 0x00, 0x00, 0x00, 0x00
.long _sym_00b50e78
.byte 0x00, 0x00, 0x00, 0x00
.long _sym_0072f760
.byte 0x00, 0x00, 0x00, 0x00, 0x00, 0x00, 0x00, 0x00, 0x00, 0x00, 0x00, 0x00, 0x00, 0x00, 0x00, 0x00
.byte 0x00, 0x00, 0x00, 0x00, 0x00, 0x00, 0x00, 0x00, 0x00, 0x00, 0x00, 0x00
.long _sym_00b50ec0
.byte 0x00, 0x00, 0x00, 0x00
.long _sym_0072fb00
.byte 0x00, 0x00, 0x00, 0x00, 0x00, 0x00, 0x00, 0x00, 0x00, 0x00, 0x00, 0x00, 0x00, 0x00, 0x00, 0x00
.byte 0x00, 0x00, 0x00, 0x00, 0x00, 0x00, 0x00, 0x00, 0x00, 0x00, 0x00, 0x00
.long _sym_00b50ee8
.byte 0x00, 0x00, 0x00, 0x00
.long _sym_0072fcd0
.byte 0x00, 0x00, 0x00, 0x00, 0x00, 0x00, 0x00, 0x00, 0x00, 0x00, 0x00, 0x00, 0x00, 0x00, 0x00, 0x00
.byte 0x00, 0x00, 0x00, 0x00, 0x00, 0x00, 0x00, 0x00, 0x00, 0x00, 0x00, 0x00
.long _sym_00b50f1c
.byte 0x00, 0x00, 0x00, 0x00
.long _sym_0072feb0
.byte 0x00, 0x00, 0x00, 0x00, 0x00, 0x00, 0x00, 0x00, 0x00, 0x00, 0x00, 0x00, 0x00, 0x00, 0x00, 0x00
.byte 0x00, 0x00, 0x00, 0x00, 0x00, 0x00, 0x00, 0x00, 0x00, 0x00, 0x00, 0x00
.long _sym_00b50f54
.byte 0x00, 0x00, 0x00, 0x00
.long _sym_00730090
.byte 0x00, 0x00, 0x00, 0x00, 0x00, 0x00, 0x00, 0x00, 0x00, 0x00, 0x00, 0x00, 0x00, 0x00, 0x00, 0x00
.byte 0x00, 0x00, 0x00, 0x00, 0x00, 0x00, 0x00, 0x00, 0x00, 0x00, 0x00, 0x00
.long _sym_00b50f80
.byte 0x00, 0x00, 0x00, 0x00
.long _sym_00730260
.byte 0x00, 0x00, 0x00, 0x00, 0x00, 0x00, 0x00, 0x00, 0x00, 0x00, 0x00, 0x00, 0x00, 0x00, 0x00, 0x00
.byte 0x00, 0x00, 0x00, 0x00, 0x00, 0x00, 0x00, 0x00, 0x00, 0x00, 0x00, 0x00
.long _sym_00b50fb4
.byte 0x00, 0x00, 0x00, 0x00
.long _sym_00730430
.byte 0x00, 0x00, 0x00, 0x00, 0x00, 0x00, 0x00, 0x00, 0x00, 0x00, 0x00, 0x00, 0x00, 0x00, 0x00, 0x00
.byte 0x00, 0x00, 0x00, 0x00, 0x00, 0x00, 0x00, 0x00, 0x00, 0x00, 0x00, 0x00
.long _sym_00b50fec
.byte 0x00, 0x00, 0x00, 0x00
.long _sym_00730610
.byte 0x00, 0x00, 0x00, 0x00, 0x00, 0x00, 0x00, 0x00, 0x00, 0x00, 0x00, 0x00, 0x00, 0x00, 0x00, 0x00
.byte 0x00, 0x00, 0x00, 0x00, 0x00, 0x00, 0x00, 0x00, 0x00, 0x00, 0x00, 0x00
.long _sym_00b51020
.byte 0x00, 0x00, 0x00, 0x00
.long _sym_007307f0
.byte 0x00, 0x00, 0x00, 0x00, 0x00, 0x00, 0x00, 0x00, 0x00, 0x00, 0x00, 0x00, 0x00, 0x00, 0x00, 0x00
.byte 0x00, 0x00, 0x00, 0x00, 0x00, 0x00, 0x00, 0x00, 0x00, 0x00, 0x00, 0x00
.long _sym_00b5104c
.byte 0x00, 0x00, 0x00, 0x00
.long _sym_007309c0
.byte 0x00, 0x00, 0x00, 0x00, 0x00, 0x00, 0x00, 0x00, 0x00, 0x00, 0x00, 0x00, 0x00, 0x00, 0x00, 0x00
.byte 0x00, 0x00, 0x00, 0x00, 0x00, 0x00, 0x00, 0x00, 0x00, 0x00, 0x00, 0x00
.long _sym_00b51084
.byte 0x00, 0x00, 0x00, 0x00
.long _sym_00731430
.byte 0x00, 0x00, 0x00, 0x00, 0x00, 0x00, 0x00, 0x00, 0x00, 0x00, 0x00, 0x00, 0x00, 0x00, 0x00, 0x00
.byte 0x00, 0x00, 0x00, 0x00, 0x00, 0x00, 0x00, 0x00, 0x00, 0x00, 0x00, 0x00
.long _sym_00b510b4
.byte 0x00, 0x00, 0x00, 0x00
.long _sym_00731860
.byte 0x00, 0x00, 0x00, 0x00, 0x00, 0x00, 0x00, 0x00, 0x00, 0x00, 0x00, 0x00, 0x00, 0x00, 0x00, 0x00
.byte 0x00, 0x00, 0x00, 0x00, 0x00, 0x00, 0x00, 0x00, 0x00, 0x00, 0x00, 0x00
.long _sym_00b510e4
.byte 0x00, 0x00, 0x00, 0x00
.long _sym_00731ad0
.byte 0x00, 0x00, 0x00, 0x00, 0x00, 0x00, 0x00, 0x00, 0x00, 0x00, 0x00, 0x00, 0x00, 0x00, 0x00, 0x00
.byte 0x00, 0x00, 0x00, 0x00, 0x00, 0x00, 0x00, 0x00, 0x00, 0x00, 0x00, 0x00
.long _sym_00b51110
.byte 0x00, 0x00, 0x00, 0x00
.long _sym_00731d30
.byte 0x00, 0x00, 0x00, 0x00, 0x00, 0x00, 0x00, 0x00, 0x00, 0x00, 0x00, 0x00, 0x00, 0x00, 0x00, 0x00
.byte 0x00, 0x00, 0x00, 0x00, 0x00, 0x00, 0x00, 0x00, 0x00, 0x00, 0x00, 0x00
.long _sym_00b5113c
.byte 0x00, 0x00, 0x00, 0x00
.long _sym_007331b0
.byte 0x00, 0x00, 0x00, 0x00, 0x00, 0x00, 0x00, 0x00, 0x00, 0x00, 0x00, 0x00, 0x00, 0x00, 0x00, 0x00
.byte 0x00, 0x00, 0x00, 0x00, 0x00, 0x00, 0x00, 0x00, 0x00, 0x00, 0x00, 0x00
.long _sym_00b51168
.byte 0x00, 0x00, 0x00, 0x00
.long _sym_007334b0
.byte 0x00, 0x00, 0x00, 0x00, 0x00, 0x00, 0x00, 0x00, 0x00, 0x00, 0x00, 0x00, 0x00, 0x00, 0x00, 0x00
.byte 0x00, 0x00, 0x00, 0x00, 0x00, 0x00, 0x00, 0x00, 0x00, 0x00, 0x00, 0x00
.long _sym_00b5119c
.byte 0x00, 0x00, 0x00, 0x00
.long _sym_00733ad0
.byte 0x00, 0x00, 0x00, 0x00, 0x00, 0x00, 0x00, 0x00, 0x00, 0x00, 0x00, 0x00, 0x00, 0x00, 0x00, 0x00
.byte 0x00, 0x00, 0x00, 0x00, 0x00, 0x00, 0x00, 0x00, 0x00, 0x00, 0x00, 0x00
.long _sym_00b511c8
.byte 0x00, 0x00, 0x00, 0x00
.long _sym_0072d470
.byte 0x00, 0x00, 0x00, 0x00, 0x00, 0x00, 0x00, 0x00, 0x00, 0x00, 0x00, 0x00, 0x00, 0x00, 0x00, 0x00
.byte 0x00, 0x00, 0x00, 0x00, 0x00, 0x00, 0x00, 0x00, 0x00, 0x00, 0x00, 0x00
.long _sym_00b511f8
.byte 0x00, 0x00, 0x00, 0x00
.long _sym_0072da10
.byte 0x00, 0x00, 0x00, 0x00, 0x00, 0x00, 0x00, 0x00, 0x00, 0x00, 0x00, 0x00, 0x00, 0x00, 0x00, 0x00
.byte 0x00, 0x00, 0x00, 0x00, 0x00, 0x00, 0x00, 0x00, 0x00, 0x00, 0x00, 0x00
.long _sym_00b5122c
.byte 0x00, 0x00, 0x00, 0x00
.long _sym_0072ddd0
.byte 0x00, 0x00, 0x00, 0x00, 0x00, 0x00, 0x00, 0x00, 0x00, 0x00, 0x00, 0x00, 0x00, 0x00, 0x00, 0x00
.byte 0x00, 0x00, 0x00, 0x00, 0x00, 0x00, 0x00, 0x00, 0x00, 0x00, 0x00, 0x00
.long _sym_00b51258
.byte 0x00, 0x00, 0x00, 0x00, 0x00, 0x00, 0x00, 0x00, 0x00, 0x00, 0x00, 0x00, 0x00, 0x00, 0x00, 0x00
.byte 0x00, 0x00, 0x00, 0x00, 0x00, 0x00, 0x00, 0x00, 0x00, 0x00, 0x00, 0x00, 0x00, 0x00, 0x00, 0x00
.byte 0x00, 0x00, 0x00, 0x00
.long _sym_00b51288
.byte 0x00, 0x00, 0x00, 0x00
.long _sym_007342b0
.byte 0x00, 0x00, 0x00, 0x00, 0x00, 0x00, 0x00, 0x00, 0x00, 0x00, 0x00, 0x00, 0x00, 0x00, 0x00, 0x00
.byte 0x00, 0x00, 0x00, 0x00, 0x00, 0x00, 0x00, 0x00, 0x00, 0x00, 0x00, 0x00
.long _sym_00b512a0
.byte 0x00, 0x00, 0x00, 0x00
.long _sym_007344d0
.byte 0x00, 0x00, 0x00, 0x00, 0x00, 0x00, 0x00, 0x00, 0x00, 0x00, 0x00, 0x00, 0x00, 0x00, 0x00, 0x00
.byte 0x00, 0x00, 0x00, 0x00, 0x00, 0x00, 0x00, 0x00, 0x00, 0x00, 0x00, 0x00
.long _sym_00b512c0
.byte 0x00, 0x00, 0x00, 0x00
.long _sym_00734950
.byte 0x00, 0x00, 0x00, 0x00, 0x00, 0x00, 0x00, 0x00, 0x00, 0x00, 0x00, 0x00, 0x00, 0x00, 0x00, 0x00
.byte 0x00, 0x00, 0x00, 0x00, 0x00, 0x00, 0x00, 0x00, 0x00, 0x00, 0x00, 0x00
.long _sym_00b512e0
.byte 0x00, 0x00, 0x00, 0x00
.long _sym_007349e0
.byte 0x00, 0x00, 0x00, 0x00, 0x00, 0x00, 0x00, 0x00, 0x00, 0x00, 0x00, 0x00, 0x00, 0x00, 0x00, 0x00
.byte 0x00, 0x00, 0x00, 0x00, 0x00, 0x00, 0x00, 0x00, 0x00, 0x00, 0x00, 0x00
.long _sym_00b51300
.byte 0x00, 0x00, 0x00, 0x00
.long _sym_00734a80
.byte 0x00, 0x00, 0x00, 0x00, 0x00, 0x00, 0x00, 0x00, 0x00, 0x00, 0x00, 0x00, 0x00, 0x00, 0x00, 0x00
.byte 0x00, 0x00, 0x00, 0x00, 0x00, 0x00, 0x00, 0x00, 0x00, 0x00, 0x00, 0x00
.long _sym_00b51324
.byte 0x00, 0x00, 0x00, 0x00
.long _sym_00734b00
.byte 0x00, 0x00, 0x00, 0x00, 0x00, 0x00, 0x00, 0x00, 0x00, 0x00, 0x00, 0x00, 0x00, 0x00, 0x00, 0x00
.byte 0x00, 0x00, 0x00, 0x00, 0x00, 0x00, 0x00, 0x00, 0x00, 0x00, 0x00, 0x00
.long _sym_00b51344
.byte 0x00, 0x00, 0x00, 0x00
.long _sym_00734b70
.byte 0x00, 0x00, 0x00, 0x00, 0x00, 0x00, 0x00, 0x00, 0x00, 0x00, 0x00, 0x00, 0x00, 0x00, 0x00, 0x00
.byte 0x00, 0x00, 0x00, 0x00, 0x00, 0x00, 0x00, 0x00, 0x00, 0x00, 0x00, 0x00
.long _sym_00b51368
.byte 0x00, 0x00, 0x00, 0x00
.long _sym_00734bc0
.byte 0x00, 0x00, 0x00, 0x00, 0x00, 0x00, 0x00, 0x00, 0x00, 0x00, 0x00, 0x00, 0x00, 0x00, 0x00, 0x00
.byte 0x00, 0x00, 0x00, 0x00, 0x00, 0x00, 0x00, 0x00, 0x00, 0x00, 0x00, 0x00
.long _sym_00b51388
.byte 0x00, 0x00, 0x00, 0x00, 0x00, 0x00, 0x00, 0x00
.long _sym_00728ac0
.byte 0x00, 0x00, 0x00, 0x00
.long _sym_00728ac0
.byte 0x00, 0x00, 0x00, 0x00, 0x00, 0x00, 0x00, 0x00, 0x00, 0x00, 0x00, 0x00, 0x00, 0x00, 0x00, 0x00
.long _sym_00b50230
.byte 0x00, 0x00, 0x00, 0x00, 0x00, 0x00, 0x00, 0x00
.long _sym_00735050
.byte 0x00, 0x00, 0x00, 0x00, 0x00, 0x00, 0x00, 0x00, 0x00, 0x00, 0x00, 0x00, 0x00, 0x00, 0x00, 0x00
.byte 0x00, 0x00, 0x00, 0x00, 0x00, 0x00, 0x00, 0x00
.long _sym_00b50248
.byte 0x00, 0x00, 0x00, 0x00, 0x00, 0x00, 0x00, 0x00
.long _sym_007350f0
.byte 0x00, 0x00, 0x00, 0x00, 0x00, 0x00, 0x00, 0x00, 0x00, 0x00, 0x00, 0x00, 0x00, 0x00, 0x00, 0x00
.byte 0x00, 0x00, 0x00, 0x00, 0x00, 0x00, 0x00, 0x00
.long _sym_00b50268
.byte 0x00, 0x00, 0x00, 0x00
.long _sym_00736e40
.byte 0x00, 0x00, 0x00, 0x00, 0x00, 0x00, 0x00, 0x00, 0x00, 0x00, 0x00, 0x00, 0x00, 0x00, 0x00, 0x00
.long _sym_00736ef0
.byte 0x00, 0x00, 0x00, 0x00, 0x00, 0x00, 0x00, 0x00
.long _sym_00b502c4
.byte 0x00, 0x00, 0x00, 0x00, 0x00, 0x00, 0x00, 0x00
.long _sym_00737280
.byte 0x00, 0x00, 0x00, 0x00, 0x00, 0x00, 0x00, 0x00, 0x00, 0x00, 0x00, 0x00
.long _sym_00737370
.byte 0x00, 0x00, 0x00, 0x00
.long _sym_00737380
.long _sym_00b502e4
.byte 0x00, 0x00, 0x00, 0x00, 0x00, 0x00, 0x00, 0x00
.long _sym_00737830
.byte 0x00, 0x00, 0x00, 0x00, 0x00, 0x00, 0x00, 0x00, 0x00, 0x00, 0x00, 0x00, 0x00, 0x00, 0x00, 0x00
.byte 0x00, 0x00, 0x00, 0x00, 0x00, 0x00, 0x00, 0x00
.long _sym_00b50304
.byte 0x00, 0x00, 0x00, 0x00, 0x00, 0x00, 0x00, 0x00
.long _sym_007404d0
.byte 0x00, 0x00, 0x00, 0x00, 0x00, 0x00, 0x00, 0x00, 0x00, 0x00, 0x00, 0x00
.long _sym_007404b0
.byte 0x00, 0x00, 0x00, 0x00, 0x00, 0x00, 0x00, 0x00
.long _sym_00b50320
.byte 0x00, 0x00, 0x00, 0x00, 0x00, 0x00, 0x00, 0x00
.long _sym_007491a0
.byte 0x00, 0x00, 0x00, 0x00, 0x00, 0x00, 0x00, 0x00, 0x00, 0x00, 0x00, 0x00
.long _sym_00749180
.long _sym_00749190
.byte 0x00, 0x00, 0x00, 0x00
.long _sym_00b5033c
.byte 0x00, 0x00, 0x00, 0x00, 0x00, 0x00, 0x00, 0x00
.long _sym_00749a20
.byte 0x00, 0x00, 0x00, 0x00, 0x00, 0x00, 0x00, 0x00, 0x00, 0x00, 0x00, 0x00
.long _sym_007499c0
.long _sym_007499c0
.byte 0x00, 0x00, 0x00, 0x00
.long _sym_00b5035c
.byte 0x00, 0x00, 0x00, 0x00, 0x00, 0x00, 0x00, 0x00
.long _sym_00749c10
.byte 0x00, 0x00, 0x00, 0x00, 0x00, 0x00, 0x00, 0x00, 0x00, 0x00, 0x00, 0x00
.long _sym_00749be0
.long _sym_00749be0
.byte 0x00, 0x00, 0x00, 0x00
.long _sym_00b5037c
.byte 0x00, 0x00, 0x00, 0x00, 0x00, 0x00, 0x00, 0x00
.long _sym_00749d60
.byte 0x00, 0x00, 0x00, 0x00, 0x00, 0x00, 0x00, 0x00, 0x00, 0x00, 0x00, 0x00
.long _sym_00749d00
.long _sym_00749d00
.byte 0x00, 0x00, 0x00, 0x00
.long _sym_00b5039c
.byte 0x00, 0x00, 0x00, 0x00, 0x00, 0x00, 0x00, 0x00
.long _sym_00749f60
.byte 0x00, 0x00, 0x00, 0x00, 0x00, 0x00, 0x00, 0x00, 0x00, 0x00, 0x00, 0x00
.long _sym_00749f30
.long _sym_00749f30
.byte 0x00, 0x00, 0x00, 0x00
.long _sym_00b503bc
.byte 0x00, 0x00, 0x00, 0x00, 0x00, 0x00, 0x00, 0x00
.long _sym_0074a0c0
.byte 0x00, 0x00, 0x00, 0x00, 0x00, 0x00, 0x00, 0x00, 0x00, 0x00, 0x00, 0x00
.long _sym_0074a060
.long _sym_0074a060
.byte 0x00, 0x00, 0x00, 0x00
.long _sym_00b503dc
.byte 0x00, 0x00, 0x00, 0x00, 0x00, 0x00, 0x00, 0x00
.long _sym_0074a2b0
.byte 0x00, 0x00, 0x00, 0x00, 0x00, 0x00, 0x00, 0x00, 0x00, 0x00, 0x00, 0x00, 0x00, 0x00, 0x00, 0x00
.byte 0x00, 0x00, 0x00, 0x00, 0x00, 0x00, 0x00, 0x00
.long _sym_00b50404
.byte 0x00, 0x00, 0x00, 0x00, 0x00, 0x00, 0x00, 0x00
.long _sym_0074a920
.byte 0x00, 0x00, 0x00, 0x00, 0x00, 0x00, 0x00, 0x00, 0x00, 0x00, 0x00, 0x00, 0x00, 0x00, 0x00, 0x00
.byte 0x00, 0x00, 0x00, 0x00, 0x00, 0x00, 0x00, 0x00
.long _sym_00b50430
.byte 0x00, 0x00, 0x00, 0x00, 0x00, 0x00, 0x00, 0x00
.long _sym_0074af40
.byte 0x00, 0x00, 0x00, 0x00, 0x00, 0x00, 0x00, 0x00, 0x00, 0x00, 0x00, 0x00
.long _sym_0074b5d0
.long _sym_0074b5d0
.byte 0x00, 0x00, 0x00, 0x00
.long _sym_00b5045c
.byte 0x00, 0x00, 0x00, 0x00, 0x00, 0x00, 0x00, 0x00
.long _sym_0074b770
.byte 0x00, 0x00, 0x00, 0x00, 0x00, 0x00, 0x00, 0x00, 0x00, 0x00, 0x00, 0x00
.long _sym_0074ba70
.long _sym_0074ba70
.byte 0x00, 0x00, 0x00, 0x00
.long _sym_00b50488
.byte 0x00, 0x00, 0x00, 0x00
.long _sym_00754000
.long _sym_007543f0
.byte 0x00, 0x00, 0x00, 0x00, 0x00, 0x00, 0x00, 0x00, 0x00, 0x00, 0x00, 0x00
.long _sym_00754270
.long _sym_00754350
.byte 0x00, 0x00, 0x00, 0x00
.long _sym_00b504a4
.byte 0x00, 0x00, 0x00, 0x00
.long _sym_007550a0
.long _sym_007550e0
.byte 0x00, 0x00, 0x00, 0x00, 0x00, 0x00, 0x00, 0x00, 0x00, 0x00, 0x00, 0x00
.long _sym_007550b0
.byte 0x00, 0x00, 0x00, 0x00, 0x00, 0x00, 0x00, 0x00
.long _sym_00b504c4
.byte 0x00, 0x00, 0x00, 0x00, 0x00, 0x00, 0x00, 0x00
.long _sym_007567d0
.byte 0x00, 0x00, 0x00, 0x00, 0x00, 0x00, 0x00, 0x00, 0x00, 0x00, 0x00, 0x00
.long _sym_00756790
.byte 0x00, 0x00, 0x00, 0x00
.long _sym_007567c0
.long _sym_00b504e4
.byte 0x00, 0x00, 0x00, 0x00
.long _sym_00728ac0
.byte 0x00, 0x00, 0x00, 0x00, 0x00, 0x00, 0x00, 0x00, 0x00, 0x00, 0x00, 0x00, 0x00, 0x00, 0x00, 0x00
.long _sym_00728ac0
.long _sym_00728ac0
.byte 0x00, 0x00, 0x00, 0x00
.long _sym_00b504fc
.byte 0x00, 0x00, 0x00, 0x00
.long _sym_00728ac0
.byte 0x00, 0x00, 0x00, 0x00, 0x00, 0x00, 0x00, 0x00, 0x00, 0x00, 0x00, 0x00, 0x00, 0x00, 0x00, 0x00
.long _sym_00728ac0
.long _sym_00728ac0
.byte 0x00, 0x00, 0x00, 0x00
.long _sym_00b5051c
.byte 0x00, 0x00, 0x00, 0x00, 0x00, 0x00, 0x00, 0x00
.long _sym_00757460
.byte 0x00, 0x00, 0x00, 0x00, 0x00, 0x00, 0x00, 0x00, 0x00, 0x00, 0x00, 0x00, 0x00, 0x00, 0x00, 0x00
.byte 0x00, 0x00, 0x00, 0x00, 0x00, 0x00, 0x00, 0x00
.long _sym_00b50534
.byte 0x00, 0x00, 0x00, 0x00, 0x00, 0x00, 0x00, 0x00, 0x00, 0x00, 0x00, 0x00, 0x00, 0x00, 0x00, 0x00
.byte 0x00, 0x00, 0x00, 0x00, 0x00, 0x00, 0x00, 0x00, 0x00, 0x00, 0x00, 0x00, 0x00, 0x00, 0x00, 0x00
.byte 0x00, 0x00, 0x00, 0x00
.long _sym_00b50550
.byte 0x00, 0x00, 0x00, 0x00, 0x00, 0x00, 0x00, 0x00, 0x00, 0x00, 0x00, 0x00, 0x00, 0x00, 0x00, 0x00
.byte 0x00, 0x00, 0x00, 0x00, 0x00, 0x00, 0x00, 0x00, 0x00, 0x00, 0x00, 0x00, 0x00, 0x00, 0x00, 0x00
.byte 0x00, 0x00, 0x00, 0x00
.long _sym_00b5056c
.byte 0x00, 0x00, 0x00, 0x00, 0x00, 0x00, 0x00, 0x00, 0x00, 0x00, 0x00, 0x00, 0x00, 0x00, 0x00, 0x00
.byte 0x00, 0x00, 0x00, 0x00, 0x00, 0x00, 0x00, 0x00, 0x00, 0x00, 0x00, 0x00, 0x00, 0x00, 0x00, 0x00
.byte 0x00, 0x00, 0x00, 0x00
.long _sym_00b50584
.byte 0x00, 0x00, 0x00, 0x00, 0x00, 0x00, 0x00, 0x00, 0x00, 0x00, 0x00, 0x00, 0x00, 0x00, 0x00, 0x00
.byte 0x00, 0x00, 0x00, 0x00, 0x00, 0x00, 0x00, 0x00, 0x00, 0x00, 0x00, 0x00, 0x00, 0x00, 0x00, 0x00
.byte 0x00, 0x00, 0x00, 0x00
.long _sym_00b505a0
.byte 0x00, 0x00, 0x00, 0x00, 0x00, 0x00, 0x00, 0x00, 0x00, 0x00, 0x00, 0x00, 0x00, 0x00, 0x00, 0x00
.byte 0x00, 0x00, 0x00, 0x00, 0x00, 0x00, 0x00, 0x00, 0x00, 0x00, 0x00, 0x00, 0x00, 0x00, 0x00, 0x00
.byte 0x00, 0x00, 0x00, 0x00
.long _sym_00b505c0
.byte 0x00, 0x00, 0x00, 0x00, 0x00, 0x00, 0x00, 0x00, 0x00, 0x00, 0x00, 0x00, 0x00, 0x00, 0x00, 0x00
.byte 0x00, 0x00, 0x00, 0x00, 0x00, 0x00, 0x00, 0x00, 0x00, 0x00, 0x00, 0x00, 0x00, 0x00, 0x00, 0x00
.byte 0x00, 0x00, 0x00, 0x00
.long _sym_00b505e0
.byte 0x00, 0x00, 0x00, 0x00, 0x00, 0x00, 0x00, 0x00, 0x00, 0x00, 0x00, 0x00, 0x00, 0x00, 0x00, 0x00
.byte 0x00, 0x00, 0x00, 0x00, 0x00, 0x00, 0x00, 0x00, 0x00, 0x00, 0x00, 0x00, 0x00, 0x00, 0x00, 0x00
.byte 0x00, 0x00, 0x00, 0x00
.long _sym_00b50600
.byte 0x00, 0x00, 0x00, 0x00, 0x00, 0x00, 0x00, 0x00, 0x00, 0x00, 0x00, 0x00, 0x00, 0x00, 0x00, 0x00
.byte 0x00, 0x00, 0x00, 0x00, 0x00, 0x00, 0x00, 0x00, 0x00, 0x00, 0x00, 0x00, 0x00, 0x00, 0x00, 0x00
.byte 0x00, 0x00, 0x00, 0x00
.long _sym_00b50620
.byte 0x00, 0x00, 0x00, 0x00, 0x00, 0x00, 0x00, 0x00, 0x00, 0x00, 0x00, 0x00, 0x00, 0x00, 0x00, 0x00
.byte 0x00, 0x00, 0x00, 0x00, 0x00, 0x00, 0x00, 0x00, 0x00, 0x00, 0x00, 0x00, 0x00, 0x00, 0x00, 0x00
.byte 0x00, 0x00, 0x00, 0x00
.long _sym_00b50648
.byte 0x00, 0x00, 0x00, 0x00
.long _sym_00757580
.byte 0x00, 0x00, 0x00, 0x00, 0x00, 0x00, 0x00, 0x00, 0x00, 0x00, 0x00, 0x00, 0x00, 0x00, 0x00, 0x00
.long _sym_00757840
.byte 0x00, 0x00, 0x00, 0x00, 0x00, 0x00, 0x00, 0x00
.long _sym_00b50670
.byte 0x00, 0x00, 0x00, 0x00
.long _sym_00757fa0
.byte 0x00, 0x00, 0x00, 0x00, 0x00, 0x00, 0x00, 0x00, 0x00, 0x00, 0x00, 0x00, 0x00, 0x00, 0x00, 0x00
.byte 0x00, 0x00, 0x00, 0x00, 0x00, 0x00, 0x00, 0x00, 0x00, 0x00, 0x00, 0x00
.long _sym_00b506a8
.byte 0x00, 0x00, 0x00, 0x00
.long _sym_00728ac0
.byte 0x00, 0x00, 0x00, 0x00, 0x00, 0x00, 0x00, 0x00, 0x00, 0x00, 0x00, 0x00, 0x00, 0x00, 0x00, 0x00
.long _sym_00728ac0
.byte 0x00, 0x00, 0x00, 0x00, 0x00, 0x00, 0x00, 0x00
.long _sym_00b506e8
.byte 0x00, 0x00, 0x00, 0x00
.long _sym_00728ac0
.byte 0x00, 0x00, 0x00, 0x00, 0x00, 0x00, 0x00, 0x00, 0x00, 0x00, 0x00, 0x00, 0x00, 0x00, 0x00, 0x00
.long _sym_00728ac0
.byte 0x00, 0x00, 0x00, 0x00, 0x00, 0x00, 0x00, 0x00
.long _sym_00b50730
.byte 0x00, 0x00, 0x00, 0x00
.long _sym_00758bd0
.byte 0x00, 0x00, 0x00, 0x00, 0x00, 0x00, 0x00, 0x00, 0x00, 0x00, 0x00, 0x00, 0x00, 0x00, 0x00, 0x00
.long _sym_00758ec0
.byte 0x00, 0x00, 0x00, 0x00, 0x00, 0x00, 0x00, 0x00
.long _sym_00b50770
.byte 0x00, 0x00, 0x00, 0x00
.long _sym_007596d0
.byte 0x00, 0x00, 0x00, 0x00, 0x00, 0x00, 0x00, 0x00, 0x00, 0x00, 0x00, 0x00, 0x00, 0x00, 0x00, 0x00
.long _sym_00759710
.byte 0x00, 0x00, 0x00, 0x00, 0x00, 0x00, 0x00, 0x00
.long _sym_00b507a4
.byte 0x00, 0x00, 0x00, 0x00
.long _sym_00759980
.byte 0x00, 0x00, 0x00, 0x00, 0x00, 0x00, 0x00, 0x00, 0x00, 0x00, 0x00, 0x00, 0x00, 0x00, 0x00, 0x00
.long _sym_00759a80
.byte 0x00, 0x00, 0x00, 0x00, 0x00, 0x00, 0x00, 0x00
.long _sym_00b507dc
.byte 0x00, 0x00, 0x00, 0x00
.long _sym_00759e70
.byte 0x00, 0x00, 0x00, 0x00, 0x00, 0x00, 0x00, 0x00, 0x00, 0x00, 0x00, 0x00, 0x00, 0x00, 0x00, 0x00
.long _sym_0075a000
.byte 0x00, 0x00, 0x00, 0x00, 0x00, 0x00, 0x00, 0x00
.long _sym_00b50818
.byte 0x00, 0x00, 0x00, 0x00
.long _sym_00728ac0
.long _sym_00728ac0
.byte 0x00, 0x00, 0x00, 0x00, 0x00, 0x00, 0x00, 0x00, 0x00, 0x00, 0x00, 0x00
.long _sym_00728ac0
.byte 0x00, 0x00, 0x00, 0x00
.long _sym_00728ac0
.long _sym_00b50854
.byte 0x00, 0x00, 0x00, 0x00
.long _sym_00728ac0
.long _sym_00728ac0
.byte 0x00, 0x00, 0x00, 0x00, 0x00, 0x00, 0x00, 0x00, 0x00, 0x00, 0x00, 0x00
.long _sym_00728ac0
.byte 0x00, 0x00, 0x00, 0x00
.long _sym_00728ac0
.long _sym_00b50898
.byte 0x00, 0x00, 0x00, 0x00
.long _sym_00728ac0
.long _sym_00728ac0
.byte 0x00, 0x00, 0x00, 0x00
.long _sym_00728ac0
.byte 0x00, 0x00, 0x00, 0x00
.long _sym_00728ac0
.byte 0x00, 0x00, 0x00, 0x00
.long _sym_00728ac0
.long _sym_00b508e0
.byte 0x00, 0x00, 0x00, 0x00
.long _sym_00728ac0
.long _sym_00728ac0
.byte 0x00, 0x00, 0x00, 0x00
.long _sym_00728ac0
.byte 0x00, 0x00, 0x00, 0x00
.long _sym_00728ac0
.byte 0x00, 0x00, 0x00, 0x00
.long _sym_00728ac0
.long _sym_00b50928
.byte 0x00, 0x00, 0x00, 0x00, 0x00, 0x00, 0x00, 0x00, 0x00, 0x00, 0x00, 0x00, 0x00, 0x00, 0x00, 0x00
.byte 0x00, 0x00, 0x00, 0x00
.long _sym_0075b770
.byte 0x00, 0x00, 0x00, 0x00, 0x00, 0x00, 0x00, 0x00, 0x00, 0x00, 0x00, 0x00
.long _sym_00b50964
.byte 0x00, 0x00, 0x00, 0x00
.long _sym_0075b780
.byte 0x00, 0x00, 0x00, 0x00, 0x00, 0x00, 0x00, 0x00, 0x00, 0x00, 0x00, 0x00, 0x00, 0x00, 0x00, 0x00
.byte 0x00, 0x00, 0x00, 0x00, 0x00, 0x00, 0x00, 0x00, 0x00, 0x00, 0x00, 0x00
.long _sym_00b5099c
.byte 0x00, 0x00, 0x00, 0x00, 0x00, 0x00, 0x00, 0x00, 0x00, 0x00, 0x00, 0x00, 0x00, 0x00, 0x00, 0x00
.byte 0x00, 0x00, 0x00, 0x00, 0x00, 0x00, 0x00, 0x00, 0x00, 0x00, 0x00, 0x00, 0x00, 0x00, 0x00, 0x00
.byte 0x00, 0x00, 0x00, 0x00
.long _sym_00b509d4
.byte 0x00, 0x00, 0x00, 0x00
.long _sym_0075b800
.byte 0x00, 0x00, 0x00, 0x00, 0x00, 0x00, 0x00, 0x00, 0x00, 0x00, 0x00, 0x00, 0x00, 0x00, 0x00, 0x00
.long _sym_0075b810
.byte 0x00, 0x00, 0x00, 0x00
.long _sym_0075b820
.long _sym_00b50a0c
.byte 0x00, 0x00, 0x00, 0x00
.long _sym_0075b7c0
.byte 0x00, 0x00, 0x00, 0x00, 0x00, 0x00, 0x00, 0x00, 0x00, 0x00, 0x00, 0x00, 0x00, 0x00, 0x00, 0x00
.long _sym_0075b7d0
.byte 0x00, 0x00, 0x00, 0x00
.long _sym_0075b7e0
.long _sym_00b50a44
.byte 0x00, 0x00, 0x00, 0x00
.long _sym_0075b7f0
.byte 0x00, 0x00, 0x00, 0x00, 0x00, 0x00, 0x00, 0x00, 0x00, 0x00, 0x00, 0x00, 0x00, 0x00, 0x00, 0x00
.byte 0x00, 0x00, 0x00, 0x00, 0x00, 0x00, 0x00, 0x00, 0x00, 0x00, 0x00, 0x00
.long _sym_00b50a88
.byte 0x00, 0x00, 0x00, 0x00
.long _sym_0075b7a0
.byte 0x00, 0x00, 0x00, 0x00, 0x00, 0x00, 0x00, 0x00, 0x00, 0x00, 0x00, 0x00, 0x00, 0x00, 0x00, 0x00
.long _sym_0075b7b0
.byte 0x00, 0x00, 0x00, 0x00, 0x00, 0x00, 0x00, 0x00
.long _sym_00b50ac8
.byte 0x00, 0x00, 0x00, 0x00
.long _sym_00728ac0
.byte 0x00, 0x00, 0x00, 0x00, 0x00, 0x00, 0x00, 0x00, 0x00, 0x00, 0x00, 0x00, 0x00, 0x00, 0x00, 0x00
.long _sym_00728ac0
.byte 0x00, 0x00, 0x00, 0x00, 0x00, 0x00, 0x00, 0x00
.long _sym_00b50b0c
.byte 0x00, 0x00, 0x00, 0x00, 0x00, 0x00, 0x00, 0x00
.long _sym_00728ac0
.byte 0x00, 0x00, 0x00, 0x00, 0x00, 0x00, 0x00, 0x00, 0x00, 0x00, 0x00, 0x00, 0x00, 0x00, 0x00, 0x00
.byte 0x00, 0x00, 0x00, 0x00, 0x00, 0x00, 0x00, 0x00
.long _sym_00b50b54
.byte 0x00, 0x00, 0x00, 0x00
.long _sym_00728ac0
.byte 0x00, 0x00, 0x00, 0x00, 0x00, 0x00, 0x00, 0x00, 0x00, 0x00, 0x00, 0x00, 0x00, 0x00, 0x00, 0x00
.long _sym_00728ac0
.byte 0x00, 0x00, 0x00, 0x00, 0x00, 0x00, 0x00, 0x00
.long _sym_00b50ba4
.byte 0x00, 0x00, 0x00, 0x00
.long _sym_00728ac0
.byte 0x00, 0x00, 0x00, 0x00, 0x00, 0x00, 0x00, 0x00, 0x00, 0x00, 0x00, 0x00, 0x00, 0x00, 0x00, 0x00
.long _sym_00728ac0
.long _sym_00728ac0
.byte 0x00, 0x00, 0x00, 0x00
.long _sym_00b50be4
.byte 0x00, 0x00, 0x00, 0x00
.long _sym_00728ac0
.byte 0x00, 0x00, 0x00, 0x00, 0x00, 0x00, 0x00, 0x00, 0x00, 0x00, 0x00, 0x00, 0x00, 0x00, 0x00, 0x00
.long _sym_00728ac0
.long _sym_00728ac0
.byte 0x00, 0x00, 0x00, 0x00
.long _sym_00b50c30
.byte 0x00, 0x00, 0x00, 0x00
.long _sym_00728ac0
.byte 0x00, 0x00, 0x00, 0x00, 0x00, 0x00, 0x00, 0x00, 0x00, 0x00, 0x00, 0x00, 0x00, 0x00, 0x00, 0x00
.long _sym_00728ac0
.long _sym_00728ac0
.byte 0x00, 0x00, 0x00, 0x00
.long _sym_00b50c7c
.byte 0x00, 0x00, 0x00, 0x00, 0x00, 0x00, 0x00, 0x00
.long _sym_00728ac0
.byte 0x00, 0x00, 0x00, 0x00, 0x00, 0x00, 0x00, 0x00, 0x00, 0x00, 0x00, 0x00, 0x00, 0x00, 0x00, 0x00
.byte 0x00, 0x00, 0x00, 0x00, 0x00, 0x00, 0x00, 0x00
.long _sym_00b50cc0
.byte 0x00, 0x00, 0x00, 0x00
.long _sym_00728ac0
.byte 0x00, 0x00, 0x00, 0x00, 0x00, 0x00, 0x00, 0x00, 0x00, 0x00, 0x00, 0x00, 0x00, 0x00, 0x00, 0x00
.long _sym_00728ac0
.byte 0x00, 0x00, 0x00, 0x00, 0x00, 0x00, 0x00, 0x00
.long _sym_00b50d04
.long _sym_00728ac0
.byte 0x00, 0x00, 0x00, 0x00, 0x00, 0x00, 0x00, 0x00, 0x00, 0x00, 0x00, 0x00, 0x00, 0x00, 0x00, 0x00
.byte 0x00, 0x00, 0x00, 0x00
.long _sym_00728ac0
.long _sym_00728ac0
.byte 0x00, 0x00, 0x00, 0x00
.long _sym_00b50d48
.byte 0x00, 0x00, 0x00, 0x00
.long _sym_00728ac0
.long _sym_00728ac0
.byte 0x00, 0x00, 0x00, 0x00, 0x00, 0x00, 0x00, 0x00, 0x00, 0x00, 0x00, 0x00
.long _sym_00728ac0
.long _sym_00728ac0
.byte 0x00, 0x00, 0x00, 0x00
.long _sym_00b50d84
.byte 0x00, 0x00, 0x00, 0x00
.long _sym_00728ac0
.byte 0x00, 0x00, 0x00, 0x00, 0x00, 0x00, 0x00, 0x00, 0x00, 0x00, 0x00, 0x00, 0x00, 0x00, 0x00, 0x00
.long _sym_00728ac0
.long _sym_00728ac0
.byte 0x00, 0x00, 0x00, 0x00
.long _sym_00b50dd4
.byte 0x00, 0x00, 0x00, 0x00
.long _sym_00728ac0
.byte 0x00, 0x00, 0x00, 0x00, 0x00, 0x00, 0x00, 0x00, 0x00, 0x00, 0x00, 0x00, 0x00, 0x00, 0x00, 0x00
.long _sym_00728ac0
.byte 0x00, 0x00, 0x00, 0x00, 0x00, 0x00, 0x00, 0x00
.long _sym_00b50e18
.byte 0x00, 0x00, 0x00, 0x00
.long _sym_00728ac0
.byte 0x00, 0x00, 0x00, 0x00, 0x00, 0x00, 0x00, 0x00, 0x00, 0x00, 0x00, 0x00, 0x00, 0x00, 0x00, 0x00
.long _sym_00728ac0
.byte 0x00, 0x00, 0x00, 0x00, 0x00, 0x00, 0x00, 0x00
.long _sym_00b50e64
.byte 0x00, 0x00, 0x00, 0x00, 0x00, 0x00, 0x00, 0x00
.long _sym_00728ac0
.byte 0x00, 0x00, 0x00, 0x00, 0x00, 0x00, 0x00, 0x00, 0x00, 0x00, 0x00, 0x00, 0x00, 0x00, 0x00, 0x00
.byte 0x00, 0x00, 0x00, 0x00, 0x00, 0x00, 0x00, 0x00
.long _sym_00b50ea8
.byte 0x00, 0x00, 0x00, 0x00
.long _sym_00728ac0
.byte 0x00, 0x00, 0x00, 0x00, 0x00, 0x00, 0x00, 0x00, 0x00, 0x00, 0x00, 0x00, 0x00, 0x00, 0x00, 0x00
.long _sym_00728ac0
.byte 0x00, 0x00, 0x00, 0x00, 0x00, 0x00, 0x00, 0x00, 0x14, 0x1c, 0x20, 0x28, 0x18, 0x20, 0x28, 0x30
.byte 0x02, 0x00, 0x00, 0x00, 0x00, 0x00, 0x00, 0x00, 0x01, 0x00, 0x00, 0x00, 0x03, 0x00, 0x00, 0x00
.byte 0x01, 0x00, 0x00, 0x00, 0x03, 0x00, 0x00, 0x00, 0x02, 0x00, 0x00, 0x00, 0x00, 0x00, 0x00, 0x00
.byte 0x02, 0x00, 0x00, 0x00, 0x00, 0x00, 0x00, 0x00, 0x01, 0x00, 0x00, 0x00, 0x01, 0x00, 0x00, 0x00
.byte 0x02, 0x00, 0x00, 0x00, 0x00, 0x00, 0x00, 0x00
.globl _sym_00c3e690
_sym_00c3e690:
.byte 0x01, 0x01, 0x01, 0x01
.globl _sym_00c3e694
_sym_00c3e694:
.byte 0x01, 0x01, 0x01, 0x09
.globl _sym_00c3e698
_sym_00c3e698:
.byte 0x01, 0x01, 0x01, 0x01
.globl _sym_00c3e69c
_sym_00c3e69c:
.byte 0x01, 0x01, 0x01, 0xf1
.globl _sym_00c3e6a0
_sym_00c3e6a0:
.byte 0x01, 0x01, 0x01, 0x01
.globl _sym_00c3e6a4
_sym_00c3e6a4:
.byte 0x01, 0x01, 0x01, 0x09
.globl _sym_00c3e6a8
_sym_00c3e6a8:
.byte 0x01, 0x01, 0x01, 0x01
.globl _sym_00c3e6ac
_sym_00c3e6ac:
.byte 0x01, 0x01, 0x01, 0x01
.globl _sym_00c3e6b0
_sym_00c3e6b0:
.byte 0x00, 0x01, 0x02, 0x03, 0x04, 0x05, 0x06, 0x07, 0x10, 0x11, 0x12, 0x13, 0x14, 0x15, 0x16, 0x17
.byte 0x08, 0x09, 0x0a, 0x0b, 0x0c, 0x0d, 0x0e, 0x0f, 0x18, 0x19, 0x1a, 0x1b, 0x1c, 0x1d, 0x1e, 0x1f
.globl _sym_00c3e6d0
_sym_00c3e6d0:
.byte 0x00, 0x00, 0x00, 0x00
.globl _sym_00c3e6d4
_sym_00c3e6d4:
.byte 0x00, 0x00, 0x00, 0x00, 0x00, 0x00, 0x00, 0x00, 0x00, 0x00, 0x80, 0x3f, 0x00, 0x00, 0x80, 0x3f
.byte 0x00, 0x00, 0x00, 0x00, 0x00, 0x00, 0x00, 0x00, 0x00, 0x00, 0x80, 0x3f, 0x00, 0x00, 0x00, 0x00
.byte 0x00, 0x00, 0x80, 0x3f, 0x00, 0x00, 0x00, 0x00, 0x00, 0x00, 0x80, 0x3f, 0x00, 0x00, 0x00, 0x00
.byte 0x00, 0x00, 0x00, 0x00, 0x00, 0x00, 0x80, 0x3f, 0x00, 0x00, 0x80, 0x3f
.globl _sym_00c3e710
_sym_00c3e710:
.byte 0x00, 0x00, 0x80, 0x44, 0x00, 0x00, 0x00, 0x00, 0x00, 0x00, 0x00, 0x00, 0x00, 0x00, 0x00, 0x00
.globl _sym_00c3e720
_sym_00c3e720:
.long _sym_006ed8c0
.long _sym_006ed900
.long _sym_006ed940
.byte 0x00, 0x00, 0x00, 0x00, 0x01, 0x00, 0x00, 0x00, 0x00, 0x00, 0x00, 0x20, 0xee, 0x00, 0x00, 0x00
.byte 0x00, 0x00, 0x00, 0x00, 0x0a, 0x00, 0x00, 0x00, 0x00, 0x40, 0x26, 0x20, 0x51, 0x00, 0x00, 0x00
.byte 0x00, 0x00, 0x00, 0x00, 0x06, 0x00, 0x00, 0x00, 0x00, 0xc0, 0x26, 0x20, 0x51, 0x00, 0x00, 0x00
.byte 0x00, 0x00, 0x00, 0x00, 0x01, 0x00, 0x00, 0x00, 0x00, 0x00, 0x00, 0x10, 0x0e, 0x00, 0x00, 0x00
.byte 0x00, 0x00, 0x00, 0x00
.globl _sym_00c3e770
_sym_00c3e770:
.byte 0x00, 0x00, 0x00, 0x00, 0x00, 0x00, 0x00, 0x00, 0x00, 0x00, 0x00, 0x00, 0x00, 0x00, 0x00, 0x00
.byte 0x00, 0x00, 0x00, 0x00, 0x00, 0x00, 0x00, 0x00, 0x00, 0x00, 0x00, 0x00, 0x00, 0x00, 0x00, 0x00
.byte 0x00, 0x00, 0x00, 0x00, 0x00, 0x00, 0x00, 0x00
.long _sym_00b50ecc
.byte 0x00, 0x00, 0x00, 0x00, 0x00, 0x00, 0x00, 0x00, 0x00, 0x00, 0x00, 0x00, 0x00, 0x00, 0x00, 0x00
.byte 0x00, 0x00, 0x00, 0x00, 0x00, 0x00, 0x00, 0x00, 0x00, 0x00, 0x00, 0x00, 0x00, 0x00, 0x00, 0x00
.byte 0x00, 0x00, 0x00, 0x00
.long _sym_00b50630
.byte 0x00, 0x00, 0x00, 0x00, 0x00, 0x00, 0x00, 0x00, 0x00, 0x00, 0x00, 0x00, 0x00, 0x00, 0x00, 0x00
.byte 0x00, 0x00, 0x00, 0x00, 0x00, 0x00, 0x00, 0x00
.long _sym_00736e10
.byte 0x00, 0x00, 0x00, 0x00, 0x00, 0x00, 0x00, 0x00
.long _sym_00b5063c
.byte 0x00, 0x00, 0x00, 0x00, 0x00, 0x00, 0x00, 0x00, 0x00, 0x00, 0x00, 0x00, 0x00, 0x00, 0x00, 0x00
.byte 0x00, 0x00, 0x00, 0x00, 0x00, 0x00, 0x00, 0x00
.long _sym_00736d80
.byte 0x00, 0x00, 0x00, 0x00, 0x00, 0x00, 0x00, 0x00
.long _sym_00b50654
.byte 0x00, 0x00, 0x00, 0x00, 0x00, 0x00, 0x00, 0x00, 0x00, 0x00, 0x00, 0x00, 0x00, 0x00, 0x00, 0x00
.byte 0x00, 0x00, 0x00, 0x00, 0x00, 0x00, 0x00, 0x00
.long _sym_00736de0
.byte 0x00, 0x00, 0x00, 0x00, 0x00, 0x00, 0x00, 0x00
.long _sym_00b50680
.byte 0x00, 0x00, 0x00, 0x00, 0x00, 0x00, 0x00, 0x00, 0x00, 0x00, 0x00, 0x00, 0x00, 0x00, 0x00, 0x00
.byte 0x00, 0x00, 0x00, 0x00, 0x00, 0x00, 0x00, 0x00
.long _sym_00736db0
.byte 0x00, 0x00, 0x00, 0x00, 0x00, 0x00, 0x00, 0x00
.long _sym_00b51314
.byte 0x00, 0x00, 0x00, 0x00, 0x00, 0x00, 0x00, 0x00, 0x00, 0x00, 0x00, 0x00, 0x00, 0x00, 0x00, 0x00
.byte 0x00, 0x00, 0x00, 0x00, 0x00, 0x00, 0x00, 0x00
.long _sym_007367e0
.byte 0x00, 0x00, 0x00, 0x00, 0x00, 0x00, 0x00, 0x00
.long _sym_00b50420
.byte 0x00, 0x00, 0x00, 0x00, 0x00, 0x00, 0x00, 0x00, 0x00, 0x00, 0x00, 0x00, 0x00, 0x00, 0x00, 0x00
.byte 0x00, 0x00, 0x00, 0x00, 0x00, 0x00, 0x00, 0x00
.long _sym_00736870
.byte 0x00, 0x00, 0x00, 0x00, 0x00, 0x00, 0x00, 0x00
.long _sym_00b506b8
.byte 0x00, 0x00, 0x00, 0x00, 0x00, 0x00, 0x00, 0x00, 0x00, 0x00, 0x00, 0x00, 0x00, 0x00, 0x00, 0x00
.byte 0x00, 0x00, 0x00, 0x00, 0x00, 0x00, 0x00, 0x00
.long _sym_007368a0
.byte 0x00, 0x00, 0x00, 0x00, 0x00, 0x00, 0x00, 0x00
.long _sym_00b50610
.byte 0x00, 0x00, 0x00, 0x00, 0x00, 0x00, 0x00, 0x00, 0x00, 0x00, 0x00, 0x00, 0x00, 0x00, 0x00, 0x00
.byte 0x00, 0x00, 0x00, 0x00, 0x00, 0x00, 0x00, 0x00
.long _sym_00736900
.byte 0x00, 0x00, 0x00, 0x00, 0x00, 0x00, 0x00, 0x00
.long _sym_00b503f4
.byte 0x00, 0x00, 0x00, 0x00, 0x00, 0x00, 0x00, 0x00, 0x00, 0x00, 0x00, 0x00, 0x00, 0x00, 0x00, 0x00
.byte 0x00, 0x00, 0x00, 0x00, 0x00, 0x00, 0x00, 0x00
.long _sym_00736960
.byte 0x00, 0x00, 0x00, 0x00, 0x00, 0x00, 0x00, 0x00
.long _sym_00b502f4
.byte 0x00, 0x00, 0x00, 0x00, 0x00, 0x00, 0x00, 0x00, 0x00, 0x00, 0x00, 0x00, 0x00, 0x00, 0x00, 0x00
.byte 0x00, 0x00, 0x00, 0x00, 0x00, 0x00, 0x00, 0x00
.long _sym_00736a20
.byte 0x00, 0x00, 0x00, 0x00, 0x00, 0x00, 0x00, 0x00
.long _sym_00b510f0
.byte 0x00, 0x00, 0x00, 0x00, 0x00, 0x00, 0x00, 0x00, 0x00, 0x00, 0x00, 0x00, 0x00, 0x00, 0x00, 0x00
.byte 0x00, 0x00, 0x00, 0x00, 0x00, 0x00, 0x00, 0x00
.long _sym_00736ae0
.byte 0x00, 0x00, 0x00, 0x00, 0x00, 0x00, 0x00, 0x00
.long _sym_00b506fc
.byte 0x00, 0x00, 0x00, 0x00, 0x00, 0x00, 0x00, 0x00, 0x00, 0x00, 0x00, 0x00, 0x00, 0x00, 0x00, 0x00
.byte 0x00, 0x00, 0x00, 0x00, 0x00, 0x00, 0x00, 0x00
.long _sym_00736ab0
.byte 0x00, 0x00, 0x00, 0x00, 0x00, 0x00, 0x00, 0x00
.long _sym_00b5034c
.byte 0x00, 0x00, 0x00, 0x00, 0x00, 0x00, 0x00, 0x00, 0x00, 0x00, 0x00, 0x00, 0x00, 0x00, 0x00, 0x00
.byte 0x00, 0x00, 0x00, 0x00, 0x00, 0x00, 0x00, 0x00
.long _sym_00736b40
.byte 0x00, 0x00, 0x00, 0x00, 0x00, 0x00, 0x00, 0x00
.long _sym_00b50740
.byte 0x00, 0x00, 0x00, 0x00, 0x00, 0x00, 0x00, 0x00, 0x00, 0x00, 0x00, 0x00, 0x00, 0x00, 0x00, 0x00
.byte 0x00, 0x00, 0x00, 0x00, 0x00, 0x00, 0x00, 0x00
.long _sym_00736ba0
.byte 0x00, 0x00, 0x00, 0x00, 0x00, 0x00, 0x00, 0x00
.long _sym_00b50f64
.byte 0x00, 0x00, 0x00, 0x00, 0x00, 0x00, 0x00, 0x00, 0x00, 0x00, 0x00, 0x00, 0x00, 0x00, 0x00, 0x00
.byte 0x00, 0x00, 0x00, 0x00, 0x00, 0x00, 0x00, 0x00
.long _sym_00736c00
.byte 0x00, 0x00, 0x00, 0x00, 0x00, 0x00, 0x00, 0x00
.long _sym_00b50478
.byte 0x00, 0x00, 0x00, 0x00, 0x00, 0x00, 0x00, 0x00, 0x00, 0x00, 0x00, 0x00, 0x00, 0x00, 0x00, 0x00
.byte 0x00, 0x00, 0x00, 0x00, 0x00, 0x00, 0x00, 0x00
.long _sym_00736c60
.byte 0x00, 0x00, 0x00, 0x00, 0x00, 0x00, 0x00, 0x00
.long _sym_00b50780
.byte 0x00, 0x00, 0x00, 0x00, 0x00, 0x00, 0x00, 0x00, 0x00, 0x00, 0x00, 0x00, 0x00, 0x00, 0x00, 0x00
.byte 0x00, 0x00, 0x00, 0x00, 0x00, 0x00, 0x00, 0x00
.long _sym_00736cc0
.byte 0x00, 0x00, 0x00, 0x00, 0x00, 0x00, 0x00, 0x00
.long _sym_00b5036c
.byte 0x00, 0x00, 0x00, 0x00, 0x00, 0x00, 0x00, 0x00, 0x00, 0x00, 0x00, 0x00, 0x00, 0x00, 0x00, 0x00
.byte 0x00, 0x00, 0x00, 0x00, 0x00, 0x00, 0x00, 0x00
.long _sym_00736d20
.byte 0x00, 0x00, 0x00, 0x00, 0x00, 0x00, 0x00, 0x00
.long _sym_00b5044c
.byte 0x00, 0x00, 0x00, 0x00, 0x00, 0x00, 0x00, 0x00, 0x00, 0x00, 0x00, 0x00, 0x00, 0x00, 0x00, 0x00
.byte 0x00, 0x00, 0x00, 0x00, 0x00, 0x00, 0x00, 0x00
.long _sym_00736cf0
.byte 0x00, 0x00, 0x00, 0x00, 0x00, 0x00, 0x00, 0x00
.long _sym_00b507b4
.byte 0x00, 0x00, 0x00, 0x00, 0x00, 0x00, 0x00, 0x00, 0x00, 0x00, 0x00, 0x00, 0x00, 0x00, 0x00, 0x00
.byte 0x00, 0x00, 0x00, 0x00, 0x00, 0x00, 0x00, 0x00
.long _sym_00736750
.byte 0x00, 0x00, 0x00, 0x00, 0x00, 0x00, 0x00, 0x00
.long _sym_00b507ec
.byte 0x00, 0x00, 0x00, 0x00, 0x00, 0x00, 0x00, 0x00, 0x00, 0x00, 0x00, 0x00, 0x00, 0x00, 0x00, 0x00
.byte 0x00, 0x00, 0x00, 0x00, 0x00, 0x00, 0x00, 0x00
.long _sym_00736780
.byte 0x00, 0x00, 0x00, 0x00, 0x00, 0x00, 0x00, 0x00
.long _sym_00b50828
.byte 0x00, 0x00, 0x00, 0x00, 0x00, 0x00, 0x00, 0x00, 0x00, 0x00, 0x00, 0x00, 0x00, 0x00, 0x00, 0x00
.byte 0x00, 0x00, 0x00, 0x00, 0x00, 0x00, 0x00, 0x00
.long _sym_007367b0
.byte 0x00, 0x00, 0x00, 0x00, 0x00, 0x00, 0x00, 0x00
.long _sym_00b5086c
.byte 0x00, 0x00, 0x00, 0x00, 0x00, 0x00, 0x00, 0x00, 0x00, 0x00, 0x00, 0x00, 0x00, 0x00, 0x00, 0x00
.byte 0x00, 0x00, 0x00, 0x00, 0x00, 0x00, 0x00, 0x00
.long _sym_007369c0
.byte 0x00, 0x00, 0x00, 0x00, 0x00, 0x00, 0x00, 0x00
.long _sym_00b508b0
.byte 0x00, 0x00, 0x00, 0x00, 0x00, 0x00, 0x00, 0x00, 0x00, 0x00, 0x00, 0x00, 0x00, 0x00, 0x00, 0x00
.byte 0x00, 0x00, 0x00, 0x00, 0x00, 0x00, 0x00, 0x00
.long _sym_007369f0
.byte 0x00, 0x00, 0x00, 0x00, 0x00, 0x00, 0x00, 0x00
.long _sym_00b508fc
.byte 0x00, 0x00, 0x00, 0x00, 0x00, 0x00, 0x00, 0x00, 0x00, 0x00, 0x00, 0x00, 0x00, 0x00, 0x00, 0x00
.byte 0x00, 0x00, 0x00, 0x00, 0x00, 0x00, 0x00, 0x00
.long _sym_007368d0
.byte 0x00, 0x00, 0x00, 0x00, 0x00, 0x00, 0x00, 0x00
.long _sym_00b50938
.byte 0x00, 0x00, 0x00, 0x00, 0x00, 0x00, 0x00, 0x00, 0x00, 0x00, 0x00, 0x00, 0x00, 0x00, 0x00, 0x00
.byte 0x00, 0x00, 0x00, 0x00, 0x00, 0x00, 0x00, 0x00
.long _sym_00736810
.byte 0x00, 0x00, 0x00, 0x00, 0x00, 0x00, 0x00, 0x00
.long _sym_00b50970
.byte 0x00, 0x00, 0x00, 0x00, 0x00, 0x00, 0x00, 0x00, 0x00, 0x00, 0x00, 0x00, 0x00, 0x00, 0x00, 0x00
.byte 0x00, 0x00, 0x00, 0x00, 0x00, 0x00, 0x00, 0x00
.long _sym_00736840
.byte 0x00, 0x00, 0x00, 0x00, 0x00, 0x00, 0x00, 0x00
.long _sym_00b509a8
.byte 0x00, 0x00, 0x00, 0x00, 0x00, 0x00, 0x00, 0x00, 0x00, 0x00, 0x00, 0x00, 0x00, 0x00, 0x00, 0x00
.byte 0x00, 0x00, 0x00, 0x00, 0x00, 0x00, 0x00, 0x00
.long _sym_00736990
.byte 0x00, 0x00, 0x00, 0x00, 0x00, 0x00, 0x00, 0x00
.long _sym_00b509e0
.byte 0x00, 0x00, 0x00, 0x00, 0x00, 0x00, 0x00, 0x00, 0x00, 0x00, 0x00, 0x00, 0x00, 0x00, 0x00, 0x00
.byte 0x00, 0x00, 0x00, 0x00, 0x00, 0x00, 0x00, 0x00
.long _sym_00736930
.byte 0x00, 0x00, 0x00, 0x00, 0x00, 0x00, 0x00, 0x00
.long _sym_00b50a18
.byte 0x00, 0x00, 0x00, 0x00, 0x00, 0x00, 0x00, 0x00, 0x00, 0x00, 0x00, 0x00, 0x00, 0x00, 0x00, 0x00
.byte 0x00, 0x00, 0x00, 0x00, 0x00, 0x00, 0x00, 0x00
.long _sym_00736b10
.byte 0x00, 0x00, 0x00, 0x00, 0x00, 0x00, 0x00, 0x00
.long _sym_00b50a54
.byte 0x00, 0x00, 0x00, 0x00, 0x00, 0x00, 0x00, 0x00, 0x00, 0x00, 0x00, 0x00, 0x00, 0x00, 0x00, 0x00
.byte 0x00, 0x00, 0x00, 0x00, 0x00, 0x00, 0x00, 0x00
.long _sym_00736a50
.byte 0x00, 0x00, 0x00, 0x00, 0x00, 0x00, 0x00, 0x00
.long _sym_00b50a98
.byte 0x00, 0x00, 0x00, 0x00, 0x00, 0x00, 0x00, 0x00, 0x00, 0x00, 0x00, 0x00, 0x00, 0x00, 0x00, 0x00
.byte 0x00, 0x00, 0x00, 0x00, 0x00, 0x00, 0x00, 0x00
.long _sym_00736a80
.byte 0x00, 0x00, 0x00, 0x00, 0x00, 0x00, 0x00, 0x00
.long _sym_00b50ad8
.byte 0x00, 0x00, 0x00, 0x00, 0x00, 0x00, 0x00, 0x00, 0x00, 0x00, 0x00, 0x00, 0x00, 0x00, 0x00, 0x00
.byte 0x00, 0x00, 0x00, 0x00, 0x00, 0x00, 0x00, 0x00
.long _sym_00736bd0
.byte 0x00, 0x00, 0x00, 0x00, 0x00, 0x00, 0x00, 0x00
.long _sym_00b50b20
.byte 0x00, 0x00, 0x00, 0x00, 0x00, 0x00, 0x00, 0x00, 0x00, 0x00, 0x00, 0x00, 0x00, 0x00, 0x00, 0x00
.byte 0x00, 0x00, 0x00, 0x00, 0x00, 0x00, 0x00, 0x00
.long _sym_00736b70
.byte 0x00, 0x00, 0x00, 0x00, 0x00, 0x00, 0x00, 0x00
.long _sym_00b50b68
.byte 0x00, 0x00, 0x00, 0x00, 0x00, 0x00, 0x00, 0x00, 0x00, 0x00, 0x00, 0x00, 0x00, 0x00, 0x00, 0x00
.byte 0x00, 0x00, 0x00, 0x00, 0x00, 0x00, 0x00, 0x00
.long _sym_00736c90
.byte 0x00, 0x00, 0x00, 0x00, 0x00, 0x00, 0x00, 0x00
.long _sym_00b50bb8
.byte 0x00, 0x00, 0x00, 0x00, 0x00, 0x00, 0x00, 0x00, 0x00, 0x00, 0x00, 0x00, 0x00, 0x00, 0x00, 0x00
.byte 0x00, 0x00, 0x00, 0x00, 0x00, 0x00, 0x00, 0x00
.long _sym_00736c30
.byte 0x00, 0x00, 0x00, 0x00, 0x00, 0x00, 0x00, 0x00
.long _sym_00b50c00
.byte 0x00, 0x00, 0x00, 0x00, 0x00, 0x00, 0x00, 0x00, 0x00, 0x00, 0x00, 0x00, 0x00, 0x00, 0x00, 0x00
.byte 0x00, 0x00, 0x00, 0x00, 0x00, 0x00, 0x00, 0x00
.long _sym_00736d50
.byte 0x00, 0x00, 0x00, 0x00, 0x00, 0x00, 0x00, 0x00
.long _sym_00b512b0
.byte 0x00, 0x00, 0x00, 0x00
.long _sym_00759920
.byte 0x00, 0x00, 0x00, 0x00, 0x00, 0x00, 0x00, 0x00, 0x00, 0x00, 0x00, 0x00, 0x00, 0x00, 0x00, 0x00
.long _sym_00759970
.byte 0x00, 0x00, 0x00, 0x00, 0x00, 0x00, 0x00, 0x00
.long _sym_00b50664
.byte 0x00, 0x00, 0x00, 0x00
.long _sym_007598a0
.byte 0x00, 0x00, 0x00, 0x00, 0x00, 0x00, 0x00, 0x00, 0x00, 0x00, 0x00, 0x00, 0x00, 0x00, 0x00, 0x00
.long _sym_007598f0
.byte 0x00, 0x00, 0x00, 0x00, 0x00, 0x00, 0x00, 0x00
.long _sym_00b5069c
.byte 0x00, 0x00, 0x00, 0x00
.long _sym_0075b830
.byte 0x00, 0x00, 0x00, 0x00, 0x00, 0x00, 0x00, 0x00, 0x00, 0x00, 0x00, 0x00, 0x00, 0x00, 0x00, 0x00
.long _sym_0075b900
.long _sym_0075b900
.byte 0x00, 0x00, 0x00, 0x00
.long _sym_00b506d8
.byte 0x00, 0x00, 0x00, 0x00
.long _sym_0075b940
.byte 0x00, 0x00, 0x00, 0x00, 0x00, 0x00, 0x00, 0x00, 0x00, 0x00, 0x00, 0x00, 0x00, 0x00, 0x00, 0x00
.long _sym_0075b9b0
.long _sym_0075b9b0
.byte 0x00, 0x00, 0x00, 0x00
.long _sym_00b50720
.byte 0x00, 0x00, 0x00, 0x00
.long _sym_0075b9f0
.byte 0x00, 0x00, 0x00, 0x00, 0x00, 0x00, 0x00, 0x00, 0x00, 0x00, 0x00, 0x00, 0x00, 0x00, 0x00, 0x00
.long _sym_0075bac0
.long _sym_0075bac0
.byte 0x00, 0x00, 0x00, 0x00
.long _sym_00b50760
.byte 0x00, 0x00, 0x00, 0x00
.long _sym_0075bb30
.byte 0x00, 0x00, 0x00, 0x00, 0x00, 0x00, 0x00, 0x00, 0x00, 0x00, 0x00, 0x00, 0x00, 0x00, 0x00, 0x00
.long _sym_0075bbb0
.long _sym_0075bbb0
.byte 0x00, 0x00, 0x00, 0x00
.long _sym_00b50528
.byte 0x00, 0x00, 0x00, 0x00
.long _sym_0075bc20
.byte 0x00, 0x00, 0x00, 0x00, 0x00, 0x00, 0x00, 0x00, 0x00, 0x00, 0x00, 0x00, 0x00, 0x00, 0x00, 0x00
.byte 0x00, 0x00, 0x00, 0x00, 0x00, 0x00, 0x00, 0x00, 0x00, 0x00, 0x00, 0x00
.long _sym_00b50c50
.byte 0x00, 0x00, 0x00, 0x00
.long _sym_00759ce0
.byte 0x00, 0x00, 0x00, 0x00, 0x00, 0x00, 0x00, 0x00, 0x00, 0x00, 0x00, 0x00, 0x00, 0x00, 0x00, 0x00
.long _sym_00759e60
.byte 0x00, 0x00, 0x00, 0x00, 0x00, 0x00, 0x00, 0x00
.long _sym_00b50690
.byte 0x00, 0x00, 0x00, 0x00
.long _sym_00759740
.byte 0x00, 0x00, 0x00, 0x00, 0x00, 0x00, 0x00, 0x00, 0x00, 0x00, 0x00, 0x00, 0x00, 0x00, 0x00, 0x00
.long _sym_00759890
.byte 0x00, 0x00, 0x00, 0x00, 0x00, 0x00, 0x00, 0x00
.long _sym_00b512d0
.byte 0x00, 0x00, 0x00, 0x00
.long _sym_00759aa0
.byte 0x00, 0x00, 0x00, 0x00, 0x00, 0x00, 0x00, 0x00, 0x00, 0x00, 0x00, 0x00, 0x00, 0x00, 0x00, 0x00
.long _sym_00759cb0
.byte 0x00, 0x00, 0x00, 0x00, 0x00, 0x00, 0x00, 0x00
.long _sym_00b5079c
.byte 0x00, 0x00, 0x00, 0x00
.long _sym_0075bed0
.byte 0x00, 0x00, 0x00, 0x00, 0x00, 0x00, 0x00, 0x00, 0x00, 0x00, 0x00, 0x00, 0x00, 0x00, 0x00, 0x00
.long _sym_0075bfa0
.long _sym_0075bfa0
.byte 0x00, 0x00, 0x00, 0x00
.long _sym_00b507d0
.byte 0x00, 0x00, 0x00, 0x00
.long _sym_0075bfe0
.byte 0x00, 0x00, 0x00, 0x00, 0x00, 0x00, 0x00, 0x00, 0x00, 0x00, 0x00, 0x00, 0x00, 0x00, 0x00, 0x00
.long _sym_0075c050
.long _sym_0075c050
.byte 0x00, 0x00, 0x00, 0x00
.long _sym_00b5080c
.byte 0x00, 0x00, 0x00, 0x00
.long _sym_0075c090
.byte 0x00, 0x00, 0x00, 0x00, 0x00, 0x00, 0x00, 0x00, 0x00, 0x00, 0x00, 0x00, 0x00, 0x00, 0x00, 0x00
.long _sym_0075c160
.long _sym_0075c160
.byte 0x00, 0x00, 0x00, 0x00
.long _sym_00b50c94
.byte 0x00, 0x00, 0x00, 0x00
.long _sym_0075c1a0
.byte 0x00, 0x00, 0x00, 0x00, 0x00, 0x00, 0x00, 0x00, 0x00, 0x00, 0x00, 0x00, 0x00, 0x00, 0x00, 0x00
.long _sym_0075c240
.long _sym_0075c270
.byte 0x00, 0x00, 0x00, 0x00
.long _sym_00b50948
.byte 0x00, 0x00, 0x00, 0x00
.long _sym_0075c2a0
.byte 0x00, 0x00, 0x00, 0x00, 0x00, 0x00, 0x00, 0x00, 0x00, 0x00, 0x00, 0x00, 0x00, 0x00, 0x00, 0x00
.long _sym_0075c300
.long _sym_0075c340
.byte 0x00, 0x00, 0x00, 0x00
.long _sym_00b50ca0
.byte 0x00, 0x00, 0x00, 0x00
.long _sym_0075c380
.byte 0x00, 0x00, 0x00, 0x00, 0x00, 0x00, 0x00, 0x00, 0x00, 0x00, 0x00, 0x00, 0x00, 0x00, 0x00, 0x00
.long _sym_0075c420
.long _sym_0075c450
.byte 0x00, 0x00, 0x00, 0x00
.long _sym_00b50848
.byte 0x00, 0x00, 0x00, 0x00
.long _sym_0075c480
.byte 0x00, 0x00, 0x00, 0x00, 0x00, 0x00, 0x00, 0x00, 0x00, 0x00, 0x00, 0x00, 0x00, 0x00, 0x00, 0x00
.long _sym_0075c500
.long _sym_0075c500
.byte 0x00, 0x00, 0x00, 0x00
.long _sym_00b5088c
.byte 0x00, 0x00, 0x00, 0x00
.long _sym_0075c540
.byte 0x00, 0x00, 0x00, 0x00, 0x00, 0x00, 0x00, 0x00, 0x00, 0x00, 0x00, 0x00, 0x00, 0x00, 0x00, 0x00
.long _sym_0075c5b0
.long _sym_0075c5b0
.byte 0x00, 0x00, 0x00, 0x00
.long _sym_00b50980
.byte 0x00, 0x00, 0x00, 0x00
.long _sym_0075c5f0
.byte 0x00, 0x00, 0x00, 0x00, 0x00, 0x00, 0x00, 0x00, 0x00, 0x00, 0x00, 0x00, 0x00, 0x00, 0x00, 0x00
.long _sym_0075c690
.long _sym_0075c6c0
.byte 0x00, 0x00, 0x00, 0x00
.long _sym_00b50cd4
.byte 0x00, 0x00, 0x00, 0x00
.long _sym_0075ce20
.byte 0x00, 0x00, 0x00, 0x00, 0x00, 0x00, 0x00, 0x00, 0x00, 0x00, 0x00, 0x00, 0x00, 0x00, 0x00, 0x00
.long _sym_0075cee0
.long _sym_0075cee0
.byte 0x00, 0x00, 0x00, 0x00
.long _sym_00b508d4
.byte 0x00, 0x00, 0x00, 0x00
.long _sym_0075cf20
.byte 0x00, 0x00, 0x00, 0x00, 0x00, 0x00, 0x00, 0x00, 0x00, 0x00, 0x00, 0x00, 0x00, 0x00, 0x00, 0x00
.long _sym_0075cf70
.long _sym_0075cf70
.byte 0x00, 0x00, 0x00, 0x00
.long _sym_00b509b8
.byte 0x00, 0x00, 0x00, 0x00
.long _sym_0075cfb0
.byte 0x00, 0x00, 0x00, 0x00, 0x00, 0x00, 0x00, 0x00, 0x00, 0x00, 0x00, 0x00, 0x00, 0x00, 0x00, 0x00
.long _sym_0075d030
.long _sym_0075d060
.byte 0x00, 0x00, 0x00, 0x00
.long _sym_00b5091c
.byte 0x00, 0x00, 0x00, 0x00
.long _sym_0075d0d0
.byte 0x00, 0x00, 0x00, 0x00, 0x00, 0x00, 0x00, 0x00, 0x00, 0x00, 0x00, 0x00, 0x00, 0x00, 0x00, 0x00
.long _sym_0075d140
.long _sym_0075d140
.byte 0x00, 0x00, 0x00, 0x00
.long _sym_00b509f0
.byte 0x00, 0x00, 0x00, 0x00
.long _sym_0075d180
.byte 0x00, 0x00, 0x00, 0x00, 0x00, 0x00, 0x00, 0x00, 0x00, 0x00, 0x00, 0x00, 0x00, 0x00, 0x00, 0x00
.long _sym_0075d220
.long _sym_0075d250
.byte 0x00, 0x00, 0x00, 0x00
.long _sym_00b50958
.byte 0x00, 0x00, 0x00, 0x00
.long _sym_0075d2e0
.byte 0x00, 0x00, 0x00, 0x00, 0x00, 0x00, 0x00, 0x00, 0x00, 0x00, 0x00, 0x00, 0x00, 0x00, 0x00, 0x00
.long _sym_0075d330
.long _sym_0075d330
.byte 0x00, 0x00, 0x00, 0x00
.long _sym_00b50de8
.byte 0x00, 0x00, 0x00, 0x00
.long _sym_0075d370
.byte 0x00, 0x00, 0x00, 0x00, 0x00, 0x00, 0x00, 0x00, 0x00, 0x00, 0x00, 0x00, 0x00, 0x00, 0x00, 0x00
.byte 0x00, 0x00, 0x00, 0x00, 0x00, 0x00, 0x00, 0x00, 0x00, 0x00, 0x00, 0x00
.long _sym_00b50bc8
.byte 0x00, 0x00, 0x00, 0x00
.long _sym_0075d430
.byte 0x00, 0x00, 0x00, 0x00, 0x00, 0x00, 0x00, 0x00, 0x00, 0x00, 0x00, 0x00, 0x00, 0x00, 0x00, 0x00
.byte 0x00, 0x00, 0x00, 0x00, 0x00, 0x00, 0x00, 0x00, 0x00, 0x00, 0x00, 0x00
.long _sym_00b503cc
.byte 0x00, 0x00, 0x00, 0x00
.long _sym_0075d540
.byte 0x00, 0x00, 0x00, 0x00, 0x00, 0x00, 0x00, 0x00, 0x00, 0x00, 0x00, 0x00, 0x00, 0x00, 0x00, 0x00
.long _sym_0075d680
.byte 0x00, 0x00, 0x00, 0x00, 0x00, 0x00, 0x00, 0x00
.long _sym_00b50ae8
.byte 0x00, 0x00, 0x00, 0x00
.long _sym_0075d6c0
.byte 0x00, 0x00, 0x00, 0x00, 0x00, 0x00, 0x00, 0x00, 0x00, 0x00, 0x00, 0x00, 0x00, 0x00, 0x00, 0x00
.long _sym_0075d7b0
.long _sym_0075d7b0
.byte 0x00, 0x00, 0x00, 0x00
.long _sym_00b50ef8
.byte 0x00, 0x00, 0x00, 0x00
.long _sym_0075d7f0
.byte 0x00, 0x00, 0x00, 0x00, 0x00, 0x00, 0x00, 0x00, 0x00, 0x00, 0x00, 0x00, 0x00, 0x00, 0x00, 0x00
.long _sym_0075d8b0
.long _sym_0075d8b0
.byte 0x00, 0x00, 0x00, 0x00
.long _sym_00b50838
.byte 0x00, 0x00, 0x00, 0x00
.long _sym_0075d8e0
.byte 0x00, 0x00, 0x00, 0x00, 0x00, 0x00, 0x00, 0x00, 0x00, 0x00, 0x00, 0x00, 0x00, 0x00, 0x00, 0x00
.long _sym_0075da00
.long _sym_0075da10
.byte 0x00, 0x00, 0x00, 0x00
.long _sym_00b50f90
.byte 0x00, 0x00, 0x00, 0x00
.long _sym_0075da20
.byte 0x00, 0x00, 0x00, 0x00, 0x00, 0x00, 0x00, 0x00, 0x00, 0x00, 0x00, 0x00, 0x00, 0x00, 0x00, 0x00
.long _sym_0075dc00
.long _sym_0075dc10
.byte 0x00, 0x00, 0x00, 0x00
.long _sym_00b50fc8
.byte 0x00, 0x00, 0x00, 0x00
.long _sym_0075dc20
.byte 0x00, 0x00, 0x00, 0x00, 0x00, 0x00, 0x00, 0x00, 0x00, 0x00, 0x00, 0x00, 0x00, 0x00, 0x00, 0x00
.long _sym_0075de40
.long _sym_0075de50
.byte 0x00, 0x00, 0x00, 0x00
.long _sym_00b51090
.byte 0x00, 0x00, 0x00, 0x00
.long _sym_0075de60
.byte 0x00, 0x00, 0x00, 0x00, 0x00, 0x00, 0x00, 0x00, 0x00, 0x00, 0x00, 0x00, 0x00, 0x00, 0x00, 0x00
.long _sym_0075e060
.long _sym_0075e070
.byte 0x00, 0x00, 0x00, 0x00
.long _sym_00b510c0
.byte 0x00, 0x00, 0x00, 0x00
.long _sym_0075e080
.byte 0x00, 0x00, 0x00, 0x00, 0x00, 0x00, 0x00, 0x00, 0x00, 0x00, 0x00, 0x00, 0x00, 0x00, 0x00, 0x00
.long _sym_0075e2c0
.long _sym_0075e2d0
.byte 0x00, 0x00, 0x00, 0x00
.long _sym_00b51100
.byte 0x00, 0x00, 0x00, 0x00
.long _sym_0075e400
.byte 0x00, 0x00, 0x00, 0x00, 0x00, 0x00, 0x00, 0x00, 0x00, 0x00, 0x00, 0x00, 0x00, 0x00, 0x00, 0x00
.byte 0x00, 0x00, 0x00, 0x00, 0x00, 0x00, 0x00, 0x00, 0x00, 0x00, 0x00, 0x00
.long _sym_00b51338
.byte 0x00, 0x00, 0x00, 0x00
.long _sym_0075e520
.byte 0x00, 0x00, 0x00, 0x00, 0x00, 0x00, 0x00, 0x00, 0x00, 0x00, 0x00, 0x00, 0x00, 0x00, 0x00, 0x00
.long _sym_0075e560
.byte 0x00, 0x00, 0x00, 0x00, 0x00, 0x00, 0x00, 0x00
.long _sym_00b50594
.byte 0x00, 0x00, 0x00, 0x00, 0x00, 0x00, 0x00, 0x00
.long _sym_0072ec00
.byte 0x00, 0x00, 0x00, 0x00, 0x00, 0x00, 0x00, 0x00, 0x00, 0x00, 0x00, 0x00
.long _sym_0072ee50
.long _sym_0072ee90
.long _sym_0072eec0
.long _sym_00b50e30
.byte 0x00, 0x00, 0x00, 0x00, 0x00, 0x00, 0x00, 0x00
.long _sym_0072ef30
.byte 0x00, 0x00, 0x00, 0x00, 0x00, 0x00, 0x00, 0x00, 0x00, 0x00, 0x00, 0x00
.long _sym_0072ef00
.long _sym_0072ef00
.byte 0x00, 0x00, 0x00, 0x00
.long _sym_00b505b0
.byte 0x00, 0x00, 0x00, 0x00
.long _sym_0072f590
.byte 0x00, 0x00, 0x00, 0x00, 0x00, 0x00, 0x00, 0x00, 0x00, 0x00, 0x00, 0x00, 0x00, 0x00, 0x00, 0x00
.byte 0x00, 0x00, 0x00, 0x00, 0x00, 0x00, 0x00, 0x00, 0x00, 0x00, 0x00, 0x00
.long _sym_00b50e78
.byte 0x00, 0x00, 0x00, 0x00
.long _sym_0072f760
.byte 0x00, 0x00, 0x00, 0x00, 0x00, 0x00, 0x00, 0x00, 0x00, 0x00, 0x00, 0x00, 0x00, 0x00, 0x00, 0x00
.byte 0x00, 0x00, 0x00, 0x00, 0x00, 0x00, 0x00, 0x00, 0x00, 0x00, 0x00, 0x00
.long _sym_00b5070c
.byte 0x00, 0x00, 0x00, 0x00
.long _sym_0072f930
.byte 0x00, 0x00, 0x00, 0x00, 0x00, 0x00, 0x00, 0x00, 0x00, 0x00, 0x00, 0x00, 0x00, 0x00, 0x00, 0x00
.byte 0x00, 0x00, 0x00, 0x00, 0x00, 0x00, 0x00, 0x00, 0x00, 0x00, 0x00, 0x00
.long _sym_00b50ec0
.byte 0x00, 0x00, 0x00, 0x00
.long _sym_0072fb00
.byte 0x00, 0x00, 0x00, 0x00, 0x00, 0x00, 0x00, 0x00, 0x00, 0x00, 0x00, 0x00, 0x00, 0x00, 0x00, 0x00
.byte 0x00, 0x00, 0x00, 0x00, 0x00, 0x00, 0x00, 0x00, 0x00, 0x00, 0x00, 0x00
.long _sym_00b50ee8
.byte 0x00, 0x00, 0x00, 0x00
.long _sym_0072fcd0
.byte 0x00, 0x00, 0x00, 0x00, 0x00, 0x00, 0x00, 0x00, 0x00, 0x00, 0x00, 0x00, 0x00, 0x00, 0x00, 0x00
.byte 0x00, 0x00, 0x00, 0x00, 0x00, 0x00, 0x00, 0x00, 0x00, 0x00, 0x00, 0x00
.long _sym_00b50f1c
.byte 0x00, 0x00, 0x00, 0x00
.long _sym_0072feb0
.byte 0x00, 0x00, 0x00, 0x00, 0x00, 0x00, 0x00, 0x00, 0x00, 0x00, 0x00, 0x00, 0x00, 0x00, 0x00, 0x00
.byte 0x00, 0x00, 0x00, 0x00, 0x00, 0x00, 0x00, 0x00, 0x00, 0x00, 0x00, 0x00
.long _sym_00b50f54
.byte 0x00, 0x00, 0x00, 0x00
.long _sym_00730090
.byte 0x00, 0x00, 0x00, 0x00, 0x00, 0x00, 0x00, 0x00, 0x00, 0x00, 0x00, 0x00, 0x00, 0x00, 0x00, 0x00
.byte 0x00, 0x00, 0x00, 0x00, 0x00, 0x00, 0x00, 0x00, 0x00, 0x00, 0x00, 0x00
.long _sym_00b50f80
.byte 0x00, 0x00, 0x00, 0x00
.long _sym_00730260
.byte 0x00, 0x00, 0x00, 0x00, 0x00, 0x00, 0x00, 0x00, 0x00, 0x00, 0x00, 0x00, 0x00, 0x00, 0x00, 0x00
.byte 0x00, 0x00, 0x00, 0x00, 0x00, 0x00, 0x00, 0x00, 0x00, 0x00, 0x00, 0x00
.long _sym_00b50fb4
.byte 0x00, 0x00, 0x00, 0x00
.long _sym_00730430
.byte 0x00, 0x00, 0x00, 0x00, 0x00, 0x00, 0x00, 0x00, 0x00, 0x00, 0x00, 0x00, 0x00, 0x00, 0x00, 0x00
.byte 0x00, 0x00, 0x00, 0x00, 0x00, 0x00, 0x00, 0x00, 0x00, 0x00, 0x00, 0x00
.long _sym_00b50fec
.byte 0x00, 0x00, 0x00, 0x00
.long _sym_00730610
.byte 0x00, 0x00, 0x00, 0x00, 0x00, 0x00, 0x00, 0x00, 0x00, 0x00, 0x00, 0x00, 0x00, 0x00, 0x00, 0x00
.byte 0x00, 0x00, 0x00, 0x00, 0x00, 0x00, 0x00, 0x00, 0x00, 0x00, 0x00, 0x00
.long _sym_00b51020
.byte 0x00, 0x00, 0x00, 0x00
.long _sym_007307f0
.byte 0x00, 0x00, 0x00, 0x00, 0x00, 0x00, 0x00, 0x00, 0x00, 0x00, 0x00, 0x00, 0x00, 0x00, 0x00, 0x00
.byte 0x00, 0x00, 0x00, 0x00, 0x00, 0x00, 0x00, 0x00, 0x00, 0x00, 0x00, 0x00
.long _sym_00b5104c
.byte 0x00, 0x00, 0x00, 0x00
.long _sym_007309c0
.byte 0x00, 0x00, 0x00, 0x00, 0x00, 0x00, 0x00, 0x00, 0x00, 0x00, 0x00, 0x00, 0x00, 0x00, 0x00, 0x00
.byte 0x00, 0x00, 0x00, 0x00, 0x00, 0x00, 0x00, 0x00, 0x00, 0x00, 0x00, 0x00
.long _sym_00b50990
.byte 0x00, 0x00, 0x00, 0x00
.long _sym_00730ba0
.byte 0x00, 0x00, 0x00, 0x00, 0x00, 0x00, 0x00, 0x00, 0x00, 0x00, 0x00, 0x00, 0x00, 0x00, 0x00, 0x00
.byte 0x00, 0x00, 0x00, 0x00, 0x00, 0x00, 0x00, 0x00, 0x00, 0x00, 0x00, 0x00
.long _sym_00b50e0c
.byte 0x00, 0x00, 0x00, 0x00
.long _sym_00730dd0
.byte 0x00, 0x00, 0x00, 0x00, 0x00, 0x00, 0x00, 0x00, 0x00, 0x00, 0x00, 0x00, 0x00, 0x00, 0x00, 0x00
.byte 0x00, 0x00, 0x00, 0x00, 0x00, 0x00, 0x00, 0x00, 0x00, 0x00, 0x00, 0x00
.long _sym_00b50e54
.byte 0x00, 0x00, 0x00, 0x00
.long _sym_00730fd0
.byte 0x00, 0x00, 0x00, 0x00, 0x00, 0x00, 0x00, 0x00, 0x00, 0x00, 0x00, 0x00, 0x00, 0x00, 0x00, 0x00
.byte 0x00, 0x00, 0x00, 0x00, 0x00, 0x00, 0x00, 0x00, 0x00, 0x00, 0x00, 0x00
.long _sym_00b509c8
.byte 0x00, 0x00, 0x00, 0x00
.long _sym_007311e0
.byte 0x00, 0x00, 0x00, 0x00, 0x00, 0x00, 0x00, 0x00, 0x00, 0x00, 0x00, 0x00, 0x00, 0x00, 0x00, 0x00
.byte 0x00, 0x00, 0x00, 0x00, 0x00, 0x00, 0x00, 0x00, 0x00, 0x00, 0x00, 0x00
.long _sym_00b51084
.byte 0x00, 0x00, 0x00, 0x00
.long _sym_00731430
.byte 0x00, 0x00, 0x00, 0x00, 0x00, 0x00, 0x00, 0x00, 0x00, 0x00, 0x00, 0x00, 0x00, 0x00, 0x00, 0x00
.byte 0x00, 0x00, 0x00, 0x00, 0x00, 0x00, 0x00, 0x00, 0x00, 0x00, 0x00, 0x00
.long _sym_00b51074
.byte 0x00, 0x00, 0x00, 0x00
.long _sym_00731640
.byte 0x00, 0x00, 0x00, 0x00, 0x00, 0x00, 0x00, 0x00, 0x00, 0x00, 0x00, 0x00, 0x00, 0x00, 0x00, 0x00
.byte 0x00, 0x00, 0x00, 0x00, 0x00, 0x00, 0x00, 0x00, 0x00, 0x00, 0x00, 0x00
.long _sym_00b510b4
.byte 0x00, 0x00, 0x00, 0x00
.long _sym_00731860
.byte 0x00, 0x00, 0x00, 0x00, 0x00, 0x00, 0x00, 0x00, 0x00, 0x00, 0x00, 0x00, 0x00, 0x00, 0x00, 0x00
.byte 0x00, 0x00, 0x00, 0x00, 0x00, 0x00, 0x00, 0x00, 0x00, 0x00, 0x00, 0x00
.long _sym_00b510e4
.byte 0x00, 0x00, 0x00, 0x00
.long _sym_00731ad0
.byte 0x00, 0x00, 0x00, 0x00, 0x00, 0x00, 0x00, 0x00, 0x00, 0x00, 0x00, 0x00, 0x00, 0x00, 0x00, 0x00
.byte 0x00, 0x00, 0x00, 0x00, 0x00, 0x00, 0x00, 0x00, 0x00, 0x00, 0x00, 0x00
.long _sym_00b51110
.byte 0x00, 0x00, 0x00, 0x00
.long _sym_00731d30
.byte 0x00, 0x00, 0x00, 0x00, 0x00, 0x00, 0x00, 0x00, 0x00, 0x00, 0x00, 0x00, 0x00, 0x00, 0x00, 0x00
.byte 0x00, 0x00, 0x00, 0x00, 0x00, 0x00, 0x00, 0x00, 0x00, 0x00, 0x00, 0x00
.long _sym_00b50578
.byte 0x00, 0x00, 0x00, 0x00
.long _sym_00731f90
.byte 0x00, 0x00, 0x00, 0x00, 0x00, 0x00, 0x00, 0x00, 0x00, 0x00, 0x00, 0x00, 0x00, 0x00, 0x00, 0x00
.byte 0x00, 0x00, 0x00, 0x00, 0x00, 0x00, 0x00, 0x00, 0x00, 0x00, 0x00, 0x00
.long _sym_00b5090c
.byte 0x00, 0x00, 0x00, 0x00
.long _sym_00732200
.byte 0x00, 0x00, 0x00, 0x00, 0x00, 0x00, 0x00, 0x00, 0x00, 0x00, 0x00, 0x00, 0x00, 0x00, 0x00, 0x00
.byte 0x00, 0x00, 0x00, 0x00, 0x00, 0x00, 0x00, 0x00, 0x00, 0x00, 0x00, 0x00
.long _sym_00b51010
.byte 0x00, 0x00, 0x00, 0x00
.long _sym_00732460
.byte 0x00, 0x00, 0x00, 0x00, 0x00, 0x00, 0x00, 0x00, 0x00, 0x00, 0x00, 0x00, 0x00, 0x00, 0x00, 0x00
.byte 0x00, 0x00, 0x00, 0x00, 0x00, 0x00, 0x00, 0x00, 0x00, 0x00, 0x00, 0x00
.long _sym_00b50a00
.byte 0x00, 0x00, 0x00, 0x00
.long _sym_007326c0
.byte 0x00, 0x00, 0x00, 0x00, 0x00, 0x00, 0x00, 0x00, 0x00, 0x00, 0x00, 0x00, 0x00, 0x00, 0x00, 0x00
.byte 0x00, 0x00, 0x00, 0x00, 0x00, 0x00, 0x00, 0x00, 0x00, 0x00, 0x00, 0x00
.long _sym_00b5103c
.byte 0x00, 0x00, 0x00, 0x00
.long _sym_00732980
.byte 0x00, 0x00, 0x00, 0x00, 0x00, 0x00, 0x00, 0x00, 0x00, 0x00, 0x00, 0x00, 0x00, 0x00, 0x00, 0x00
.byte 0x00, 0x00, 0x00, 0x00, 0x00, 0x00, 0x00, 0x00, 0x00, 0x00, 0x00, 0x00
.long _sym_00b50fdc
.byte 0x00, 0x00, 0x00, 0x00
.long _sym_00732c10
.byte 0x00, 0x00, 0x00, 0x00, 0x00, 0x00, 0x00, 0x00, 0x00, 0x00, 0x00, 0x00, 0x00, 0x00, 0x00, 0x00
.byte 0x00, 0x00, 0x00, 0x00, 0x00, 0x00, 0x00, 0x00, 0x00, 0x00, 0x00, 0x00
.long _sym_00b50314
.byte 0x00, 0x00, 0x00, 0x00
.long _sym_00732ea0
.byte 0x00, 0x00, 0x00, 0x00, 0x00, 0x00, 0x00, 0x00, 0x00, 0x00, 0x00, 0x00, 0x00, 0x00, 0x00, 0x00
.byte 0x00, 0x00, 0x00, 0x00, 0x00, 0x00, 0x00, 0x00, 0x00, 0x00, 0x00, 0x00
.long _sym_00b5113c
.byte 0x00, 0x00, 0x00, 0x00
.long _sym_007331b0
.byte 0x00, 0x00, 0x00, 0x00, 0x00, 0x00, 0x00, 0x00, 0x00, 0x00, 0x00, 0x00, 0x00, 0x00, 0x00, 0x00
.byte 0x00, 0x00, 0x00, 0x00, 0x00, 0x00, 0x00, 0x00, 0x00, 0x00, 0x00, 0x00
.long _sym_00b51168
.byte 0x00, 0x00, 0x00, 0x00
.long _sym_007334b0
.byte 0x00, 0x00, 0x00, 0x00, 0x00, 0x00, 0x00, 0x00, 0x00, 0x00, 0x00, 0x00, 0x00, 0x00, 0x00, 0x00
.byte 0x00, 0x00, 0x00, 0x00, 0x00, 0x00, 0x00, 0x00, 0x00, 0x00, 0x00, 0x00
.long _sym_00b502d8
.byte 0x00, 0x00, 0x00, 0x00
.long _sym_007337b0
.byte 0x00, 0x00, 0x00, 0x00, 0x00, 0x00, 0x00, 0x00, 0x00, 0x00, 0x00, 0x00, 0x00, 0x00, 0x00, 0x00
.byte 0x00, 0x00, 0x00, 0x00, 0x00, 0x00, 0x00, 0x00, 0x00, 0x00, 0x00, 0x00
.long _sym_00b5119c
.byte 0x00, 0x00, 0x00, 0x00
.long _sym_00733ad0
.byte 0x00, 0x00, 0x00, 0x00, 0x00, 0x00, 0x00, 0x00, 0x00, 0x00, 0x00, 0x00, 0x00, 0x00, 0x00, 0x00
.byte 0x00, 0x00, 0x00, 0x00, 0x00, 0x00, 0x00, 0x00, 0x00, 0x00, 0x00, 0x00
.long _sym_00b50750
.byte 0x00, 0x00, 0x00, 0x00
.long _sym_00733de0
.byte 0x00, 0x00, 0x00, 0x00, 0x00, 0x00, 0x00, 0x00, 0x00, 0x00, 0x00, 0x00, 0x00, 0x00, 0x00, 0x00
.byte 0x00, 0x00, 0x00, 0x00, 0x00, 0x00, 0x00, 0x00, 0x00, 0x00, 0x00, 0x00
.long _sym_00b50a38
.byte 0x00, 0x00, 0x00, 0x00, 0x00, 0x00, 0x00, 0x00, 0x00, 0x00, 0x00, 0x00, 0x00, 0x00, 0x00, 0x00
.byte 0x00, 0x00, 0x00, 0x00, 0x00, 0x00, 0x00, 0x00, 0x00, 0x00, 0x00, 0x00, 0x00, 0x00, 0x00, 0x00
.byte 0x00, 0x00, 0x00, 0x00
.long _sym_00b51030
.byte 0x00, 0x00, 0x00, 0x00
.long _sym_007340f0
.byte 0x00, 0x00, 0x00, 0x00, 0x00, 0x00, 0x00, 0x00, 0x00, 0x00, 0x00, 0x00, 0x00, 0x00, 0x00, 0x00
.long _sym_007341c0
.byte 0x00, 0x00, 0x00, 0x00, 0x00, 0x00, 0x00, 0x00
.long _sym_00b511c8
.byte 0x00, 0x00, 0x00, 0x00
.long _sym_0072d470
.byte 0x00, 0x00, 0x00, 0x00, 0x00, 0x00, 0x00, 0x00, 0x00, 0x00, 0x00, 0x00, 0x00, 0x00, 0x00, 0x00
.byte 0x00, 0x00, 0x00, 0x00, 0x00, 0x00, 0x00, 0x00, 0x00, 0x00, 0x00, 0x00
.long _sym_00b50a28
.byte 0x00, 0x00, 0x00, 0x00
.long _sym_0072d290
.byte 0x00, 0x00, 0x00, 0x00, 0x00, 0x00, 0x00, 0x00, 0x00, 0x00, 0x00, 0x00, 0x00, 0x00, 0x00, 0x00
.byte 0x00, 0x00, 0x00, 0x00, 0x00, 0x00, 0x00, 0x00, 0x00, 0x00, 0x00, 0x00
.long _sym_00b50a78
.byte 0x00, 0x00, 0x00, 0x00
.long _sym_0072d470
.byte 0x00, 0x00, 0x00, 0x00, 0x00, 0x00, 0x00, 0x00, 0x00, 0x00, 0x00, 0x00, 0x00, 0x00, 0x00, 0x00
.byte 0x00, 0x00, 0x00, 0x00, 0x00, 0x00, 0x00, 0x00, 0x00, 0x00, 0x00, 0x00
.long _sym_00b50540
.byte 0x00, 0x00, 0x00, 0x00
.long _sym_0072d650
.byte 0x00, 0x00, 0x00, 0x00, 0x00, 0x00, 0x00, 0x00, 0x00, 0x00, 0x00, 0x00, 0x00, 0x00, 0x00, 0x00
.byte 0x00, 0x00, 0x00, 0x00, 0x00, 0x00, 0x00, 0x00, 0x00, 0x00, 0x00, 0x00
.long _sym_00b511f8
.byte 0x00, 0x00, 0x00, 0x00
.long _sym_0072da10
.byte 0x00, 0x00, 0x00, 0x00, 0x00, 0x00, 0x00, 0x00, 0x00, 0x00, 0x00, 0x00, 0x00, 0x00, 0x00, 0x00
.byte 0x00, 0x00, 0x00, 0x00, 0x00, 0x00, 0x00, 0x00, 0x00, 0x00, 0x00, 0x00
.long _sym_00b50c10
.byte 0x00, 0x00, 0x00, 0x00
.long _sym_0072d830
.byte 0x00, 0x00, 0x00, 0x00, 0x00, 0x00, 0x00, 0x00, 0x00, 0x00, 0x00, 0x00, 0x00, 0x00, 0x00, 0x00
.byte 0x00, 0x00, 0x00, 0x00, 0x00, 0x00, 0x00, 0x00, 0x00, 0x00, 0x00, 0x00
.long _sym_00b51120
.byte 0x00, 0x00, 0x00, 0x00
.long _sym_0072dbf0
.byte 0x00, 0x00, 0x00, 0x00, 0x00, 0x00, 0x00, 0x00, 0x00, 0x00, 0x00, 0x00, 0x00, 0x00, 0x00, 0x00
.byte 0x00, 0x00, 0x00, 0x00, 0x00, 0x00, 0x00, 0x00, 0x00, 0x00, 0x00, 0x00
.long _sym_00b5122c
.byte 0x00, 0x00, 0x00, 0x00
.long _sym_0072ddd0
.byte 0x00, 0x00, 0x00, 0x00, 0x00, 0x00, 0x00, 0x00, 0x00, 0x00, 0x00, 0x00, 0x00, 0x00, 0x00, 0x00
.byte 0x00, 0x00, 0x00, 0x00, 0x00, 0x00, 0x00, 0x00, 0x00, 0x00, 0x00, 0x00
.long _sym_00b51358
.byte 0x00, 0x00, 0x00, 0x00
.long _sym_00734200
.byte 0x00, 0x00, 0x00, 0x00, 0x00, 0x00, 0x00, 0x00, 0x00, 0x00, 0x00, 0x00, 0x00, 0x00, 0x00, 0x00
.byte 0x00, 0x00, 0x00, 0x00, 0x00, 0x00, 0x00, 0x00, 0x00, 0x00, 0x00, 0x00
.long _sym_00b50ab8
.byte 0x00, 0x00, 0x00, 0x00
.long _sym_00734240
.byte 0x00, 0x00, 0x00, 0x00, 0x00, 0x00, 0x00, 0x00, 0x00, 0x00, 0x00, 0x00, 0x00, 0x00, 0x00, 0x00
.byte 0x00, 0x00, 0x00, 0x00, 0x00, 0x00, 0x00, 0x00, 0x00, 0x00, 0x00, 0x00
.long _sym_00b51258
.byte 0x00, 0x00, 0x00, 0x00, 0x00, 0x00, 0x00, 0x00, 0x00, 0x00, 0x00, 0x00, 0x00, 0x00, 0x00, 0x00
.byte 0x00, 0x00, 0x00, 0x00, 0x00, 0x00, 0x00, 0x00, 0x00, 0x00, 0x00, 0x00, 0x00, 0x00, 0x00, 0x00
.byte 0x00, 0x00, 0x00, 0x00
.long _sym_00b51288
.byte 0x00, 0x00, 0x00, 0x00
.long _sym_007342b0
.byte 0x00, 0x00, 0x00, 0x00, 0x00, 0x00, 0x00, 0x00, 0x00, 0x00, 0x00, 0x00, 0x00, 0x00, 0x00, 0x00
.byte 0x00, 0x00, 0x00, 0x00, 0x00, 0x00, 0x00, 0x00, 0x00, 0x00, 0x00, 0x00
.long _sym_00b512a0
.byte 0x00, 0x00, 0x00, 0x00
.long _sym_007344d0
.byte 0x00, 0x00, 0x00, 0x00, 0x00, 0x00, 0x00, 0x00, 0x00, 0x00, 0x00, 0x00, 0x00, 0x00, 0x00, 0x00
.byte 0x00, 0x00, 0x00, 0x00, 0x00, 0x00, 0x00, 0x00, 0x00, 0x00, 0x00, 0x00
.long _sym_00b50afc
.byte 0x00, 0x00, 0x00, 0x00
.long _sym_00734710
.byte 0x00, 0x00, 0x00, 0x00, 0x00, 0x00, 0x00, 0x00, 0x00, 0x00, 0x00, 0x00, 0x00, 0x00, 0x00, 0x00
.byte 0x00, 0x00, 0x00, 0x00, 0x00, 0x00, 0x00, 0x00, 0x00, 0x00, 0x00, 0x00
.long _sym_00b512c0
.byte 0x00, 0x00, 0x00, 0x00
.long _sym_00734950
.byte 0x00, 0x00, 0x00, 0x00, 0x00, 0x00, 0x00, 0x00, 0x00, 0x00, 0x00, 0x00, 0x00, 0x00, 0x00, 0x00
.byte 0x00, 0x00, 0x00, 0x00, 0x00, 0x00, 0x00, 0x00, 0x00, 0x00, 0x00, 0x00
.long _sym_00b512e0
.byte 0x00, 0x00, 0x00, 0x00
.long _sym_007349e0
.byte 0x00, 0x00, 0x00, 0x00, 0x00, 0x00, 0x00, 0x00, 0x00, 0x00, 0x00, 0x00, 0x00, 0x00, 0x00, 0x00
.byte 0x00, 0x00, 0x00, 0x00, 0x00, 0x00, 0x00, 0x00, 0x00, 0x00, 0x00, 0x00
.long _sym_00b51300
.byte 0x00, 0x00, 0x00, 0x00
.long _sym_00734a80
.byte 0x00, 0x00, 0x00, 0x00, 0x00, 0x00, 0x00, 0x00, 0x00, 0x00, 0x00, 0x00, 0x00, 0x00, 0x00, 0x00
.byte 0x00, 0x00, 0x00, 0x00, 0x00, 0x00, 0x00, 0x00, 0x00, 0x00, 0x00, 0x00
.long _sym_00b51324
.byte 0x00, 0x00, 0x00, 0x00
.long _sym_00734b00
.byte 0x00, 0x00, 0x00, 0x00, 0x00, 0x00, 0x00, 0x00, 0x00, 0x00, 0x00, 0x00, 0x00, 0x00, 0x00, 0x00
.byte 0x00, 0x00, 0x00, 0x00, 0x00, 0x00, 0x00, 0x00, 0x00, 0x00, 0x00, 0x00
.long _sym_00b51344
.byte 0x00, 0x00, 0x00, 0x00
.long _sym_00734b70
.byte 0x00, 0x00, 0x00, 0x00, 0x00, 0x00, 0x00, 0x00, 0x00, 0x00, 0x00, 0x00, 0x00, 0x00, 0x00, 0x00
.byte 0x00, 0x00, 0x00, 0x00, 0x00, 0x00, 0x00, 0x00, 0x00, 0x00, 0x00, 0x00
.long _sym_00b51368
.byte 0x00, 0x00, 0x00, 0x00
.long _sym_00734bc0
.byte 0x00, 0x00, 0x00, 0x00, 0x00, 0x00, 0x00, 0x00, 0x00, 0x00, 0x00, 0x00, 0x00, 0x00, 0x00, 0x00
.byte 0x00, 0x00, 0x00, 0x00, 0x00, 0x00, 0x00, 0x00, 0x00, 0x00, 0x00, 0x00
.long _sym_00b50b44
.byte 0x00, 0x00, 0x00, 0x00, 0x00, 0x00, 0x00, 0x00
.long _sym_00734c40
.byte 0x00, 0x00, 0x00, 0x00, 0x00, 0x00, 0x00, 0x00, 0x00, 0x00, 0x00, 0x00, 0x00, 0x00, 0x00, 0x00
.byte 0x00, 0x00, 0x00, 0x00, 0x00, 0x00, 0x00, 0x00
.long _sym_00b50a64
.byte 0x00, 0x00, 0x00, 0x00, 0x00, 0x00, 0x00, 0x00
.long _sym_00734c70
.byte 0x00, 0x00, 0x00, 0x00, 0x00, 0x00, 0x00, 0x00, 0x00, 0x00, 0x00, 0x00, 0x00, 0x00, 0x00, 0x00
.byte 0x00, 0x00, 0x00, 0x00, 0x00, 0x00, 0x00, 0x00
.long _sym_00b50b90
.byte 0x00, 0x00, 0x00, 0x00, 0x00, 0x00, 0x00, 0x00
.long _sym_00734ca0
.byte 0x00, 0x00, 0x00, 0x00, 0x00, 0x00, 0x00, 0x00, 0x00, 0x00, 0x00, 0x00, 0x00, 0x00, 0x00, 0x00
.byte 0x00, 0x00, 0x00, 0x00, 0x00, 0x00, 0x00, 0x00
.long _sym_00b51178
.byte 0x00, 0x00, 0x00, 0x00, 0x00, 0x00, 0x00, 0x00
.long _sym_00734d20
.byte 0x00, 0x00, 0x00, 0x00, 0x00, 0x00, 0x00, 0x00, 0x00, 0x00, 0x00, 0x00, 0x00, 0x00, 0x00, 0x00
.byte 0x00, 0x00, 0x00, 0x00, 0x00, 0x00, 0x00, 0x00
.long _sym_00b511e4
.byte 0x00, 0x00, 0x00, 0x00, 0x00, 0x00, 0x00, 0x00
.long _sym_00734dc0
.byte 0x00, 0x00, 0x00, 0x00
.long _sym_00734e60
.byte 0x00, 0x00, 0x00, 0x00, 0x00, 0x00, 0x00, 0x00, 0x00, 0x00, 0x00, 0x00, 0x00, 0x00, 0x00, 0x00
.long _sym_00b51130
.byte 0x00, 0x00, 0x00, 0x00, 0x00, 0x00, 0x00, 0x00
.long _sym_00734f80
.byte 0x00, 0x00, 0x00, 0x00, 0x00, 0x00, 0x00, 0x00, 0x00, 0x00, 0x00, 0x00, 0x00, 0x00, 0x00, 0x00
.byte 0x00, 0x00, 0x00, 0x00, 0x00, 0x00, 0x00, 0x00
.long _sym_00b51294
.byte 0x00, 0x00, 0x00, 0x00, 0x00, 0x00, 0x00, 0x00
.long _sym_00734fc0
.byte 0x00, 0x00, 0x00, 0x00, 0x00, 0x00, 0x00, 0x00, 0x00, 0x00, 0x00, 0x00, 0x00, 0x00, 0x00, 0x00
.byte 0x00, 0x00, 0x00, 0x00, 0x00, 0x00, 0x00, 0x00
.long _sym_00b50230
.byte 0x00, 0x00, 0x00, 0x00, 0x00, 0x00, 0x00, 0x00
.long _sym_00735050
.byte 0x00, 0x00, 0x00, 0x00, 0x00, 0x00, 0x00, 0x00, 0x00, 0x00, 0x00, 0x00, 0x00, 0x00, 0x00, 0x00
.byte 0x00, 0x00, 0x00, 0x00, 0x00, 0x00, 0x00, 0x00
.long _sym_00b50248
.byte 0x00, 0x00, 0x00, 0x00, 0x00, 0x00, 0x00, 0x00
.long _sym_007350f0
.byte 0x00, 0x00, 0x00, 0x00, 0x00, 0x00, 0x00, 0x00, 0x00, 0x00, 0x00, 0x00, 0x00, 0x00, 0x00, 0x00
.byte 0x00, 0x00, 0x00, 0x00, 0x00, 0x00, 0x00, 0x00
.long _sym_00b50498
.byte 0x00, 0x00, 0x00, 0x00, 0x00, 0x00, 0x00, 0x00
.long _sym_00735230
.byte 0x00, 0x00, 0x00, 0x00, 0x00, 0x00, 0x00, 0x00, 0x00, 0x00, 0x00, 0x00, 0x00, 0x00, 0x00, 0x00
.byte 0x00, 0x00, 0x00, 0x00, 0x00, 0x00, 0x00, 0x00
.long _sym_00b504d4
.byte 0x00, 0x00, 0x00, 0x00, 0x00, 0x00, 0x00, 0x00
.long _sym_00735590
.byte 0x00, 0x00, 0x00, 0x00, 0x00, 0x00, 0x00, 0x00, 0x00, 0x00, 0x00, 0x00, 0x00, 0x00, 0x00, 0x00
.byte 0x00, 0x00, 0x00, 0x00, 0x00, 0x00, 0x00, 0x00
.long _sym_00b50df8
.byte 0x00, 0x00, 0x00, 0x00, 0x00, 0x00, 0x00, 0x00
.long _sym_00735fa0
.byte 0x00, 0x00, 0x00, 0x00, 0x00, 0x00, 0x00, 0x00, 0x00, 0x00, 0x00, 0x00, 0x00, 0x00, 0x00, 0x00
.byte 0x00, 0x00, 0x00, 0x00, 0x00, 0x00, 0x00, 0x00
.long _sym_00b5137c
.byte 0x00, 0x00, 0x00, 0x00
.long _sym_00736e40
.byte 0x00, 0x00, 0x00, 0x00, 0x00, 0x00, 0x00, 0x00, 0x00, 0x00, 0x00, 0x00, 0x00, 0x00, 0x00, 0x00
.long _sym_00736f20
.byte 0x00, 0x00, 0x00, 0x00, 0x00, 0x00, 0x00, 0x00
.long _sym_00b50268
.byte 0x00, 0x00, 0x00, 0x00
.long _sym_00736e40
.byte 0x00, 0x00, 0x00, 0x00, 0x00, 0x00, 0x00, 0x00, 0x00, 0x00, 0x00, 0x00, 0x00, 0x00, 0x00, 0x00
.long _sym_00736ef0
.byte 0x00, 0x00, 0x00, 0x00, 0x00, 0x00, 0x00, 0x00
.long _sym_00b513a0
.byte 0x00, 0x00, 0x00, 0x00
.long _sym_00736f50
.byte 0x00, 0x00, 0x00, 0x00, 0x00, 0x00, 0x00, 0x00, 0x00, 0x00, 0x00, 0x00, 0x00, 0x00, 0x00, 0x00
.long _sym_007371f0
.long _sym_007371f0
.byte 0x00, 0x00, 0x00, 0x00
.long _sym_00b50240
.byte 0x00, 0x00, 0x00, 0x00
.long _sym_00736110
.long _sym_00736640
.byte 0x00, 0x00, 0x00, 0x00, 0x00, 0x00, 0x00, 0x00, 0x00, 0x00, 0x00, 0x00
.long _sym_00736520
.long _sym_007365a0
.long _sym_00736630
.long _sym_00b502c4
.byte 0x00, 0x00, 0x00, 0x00, 0x00, 0x00, 0x00, 0x00
.long _sym_00737280
.byte 0x00, 0x00, 0x00, 0x00, 0x00, 0x00, 0x00, 0x00, 0x00, 0x00, 0x00, 0x00
.long _sym_00737370
.byte 0x00, 0x00, 0x00, 0x00
.long _sym_00737380
.long _sym_00b502e4
.byte 0x00, 0x00, 0x00, 0x00, 0x00, 0x00, 0x00, 0x00
.long _sym_00737830
.byte 0x00, 0x00, 0x00, 0x00, 0x00, 0x00, 0x00, 0x00, 0x00, 0x00, 0x00, 0x00, 0x00, 0x00, 0x00, 0x00
.byte 0x00, 0x00, 0x00, 0x00, 0x00, 0x00, 0x00, 0x00
.long _sym_00b50bd8
.byte 0x00, 0x00, 0x00, 0x00, 0x00, 0x00, 0x00, 0x00
.long _sym_00737830
.byte 0x00, 0x00, 0x00, 0x00, 0x00, 0x00, 0x00, 0x00, 0x00, 0x00, 0x00, 0x00, 0x00, 0x00, 0x00, 0x00
.byte 0x00, 0x00, 0x00, 0x00, 0x00, 0x00, 0x00, 0x00
.long _sym_00b50c20
.byte 0x00, 0x00, 0x00, 0x00, 0x00, 0x00, 0x00, 0x00
.long _sym_00737be0
.byte 0x00, 0x00, 0x00, 0x00, 0x00, 0x00, 0x00, 0x00, 0x00, 0x00, 0x00, 0x00, 0x00, 0x00, 0x00, 0x00
.byte 0x00, 0x00, 0x00, 0x00, 0x00, 0x00, 0x00, 0x00
.long _sym_00b50c6c
.byte 0x00, 0x00, 0x00, 0x00, 0x00, 0x00, 0x00, 0x00
.long _sym_00738000
.byte 0x00, 0x00, 0x00, 0x00, 0x00, 0x00, 0x00, 0x00, 0x00, 0x00, 0x00, 0x00
.long _sym_007385b0
.long _sym_007385b0
.byte 0x00, 0x00, 0x00, 0x00
.long _sym_00b512f4
.byte 0x00, 0x00, 0x00, 0x00, 0x00, 0x00, 0x00, 0x00
.long _sym_007385f0
.byte 0x00, 0x00, 0x00, 0x00, 0x00, 0x00, 0x00, 0x00, 0x00, 0x00, 0x00, 0x00, 0x00, 0x00, 0x00, 0x00
.byte 0x00, 0x00, 0x00, 0x00, 0x00, 0x00, 0x00, 0x00
.long _sym_00b505f0
.byte 0x00, 0x00, 0x00, 0x00, 0x00, 0x00, 0x00, 0x00
.long _sym_00738b00
.byte 0x00, 0x00, 0x00, 0x00, 0x00, 0x00, 0x00, 0x00, 0x00, 0x00, 0x00, 0x00, 0x00, 0x00, 0x00, 0x00
.byte 0x00, 0x00, 0x00, 0x00, 0x00, 0x00, 0x00, 0x00
.long _sym_00b503ac
.byte 0x00, 0x00, 0x00, 0x00, 0x00, 0x00, 0x00, 0x00
.long _sym_00738f80
.byte 0x00, 0x00, 0x00, 0x00, 0x00, 0x00, 0x00, 0x00, 0x00, 0x00, 0x00, 0x00
.long _sym_00739540
.long _sym_00739540
.byte 0x00, 0x00, 0x00, 0x00
.long _sym_00b504f0
.byte 0x00, 0x00, 0x00, 0x00, 0x00, 0x00, 0x00, 0x00
.long _sym_00739580
.byte 0x00, 0x00, 0x00, 0x00, 0x00, 0x00, 0x00, 0x00, 0x00, 0x00, 0x00, 0x00, 0x00, 0x00, 0x00, 0x00
.byte 0x00, 0x00, 0x00, 0x00, 0x00, 0x00, 0x00, 0x00
.long _sym_00b506c8
.byte 0x00, 0x00, 0x00, 0x00, 0x00, 0x00, 0x00, 0x00
.long _sym_00739df0
.byte 0x00, 0x00, 0x00, 0x00, 0x00, 0x00, 0x00, 0x00, 0x00, 0x00, 0x00, 0x00, 0x00, 0x00, 0x00, 0x00
.byte 0x00, 0x00, 0x00, 0x00, 0x00, 0x00, 0x00, 0x00
.long _sym_00b504b4
.byte 0x00, 0x00, 0x00, 0x00, 0x00, 0x00, 0x00, 0x00
.long _sym_0073a430
.byte 0x00, 0x00, 0x00, 0x00, 0x00, 0x00, 0x00, 0x00, 0x00, 0x00, 0x00, 0x00
.long _sym_0073ab80
.long _sym_0073ab80
.byte 0x00, 0x00, 0x00, 0x00
.long _sym_00b51278
.byte 0x00, 0x00, 0x00, 0x00, 0x00, 0x00, 0x00, 0x00
.long _sym_0073aca0
.byte 0x00, 0x00, 0x00, 0x00, 0x00, 0x00, 0x00, 0x00, 0x00, 0x00, 0x00, 0x00
.long _sym_0073abc0
.long _sym_0073ac00
.long _sym_0073ac30
.long _sym_00b505d0
.byte 0x00, 0x00, 0x00, 0x00, 0x00, 0x00, 0x00, 0x00
.long _sym_0073ba70
.byte 0x00, 0x00, 0x00, 0x00, 0x00, 0x00, 0x00, 0x00, 0x00, 0x00, 0x00, 0x00
.long _sym_0073b870
.long _sym_0073b8c0
.long _sym_0073b8f0
.long _sym_00b5087c
.byte 0x00, 0x00, 0x00, 0x00, 0x00, 0x00, 0x00, 0x00
.long _sym_0073d130
.byte 0x00, 0x00, 0x00, 0x00, 0x00, 0x00, 0x00, 0x00, 0x00, 0x00, 0x00, 0x00
.long _sym_0073d070
.long _sym_0073d0a0
.long _sym_0073d0d0
.long _sym_00b50b30
.byte 0x00, 0x00, 0x00, 0x00, 0x00, 0x00, 0x00, 0x00
.long _sym_0073d9f0
.byte 0x00, 0x00, 0x00, 0x00, 0x00, 0x00, 0x00, 0x00, 0x00, 0x00, 0x00, 0x00
.long _sym_0073d980
.long _sym_0073d9b0
.long _sym_0073d9e0
.long _sym_00b50aa8
.byte 0x00, 0x00, 0x00, 0x00, 0x00, 0x00, 0x00, 0x00
.long _sym_0073e370
.byte 0x00, 0x00, 0x00, 0x00, 0x00, 0x00, 0x00, 0x00, 0x00, 0x00, 0x00, 0x00
.long _sym_0073e300
.long _sym_0073e330
.long _sym_0073e360
.long _sym_00b50d68
.byte 0x00, 0x00, 0x00, 0x00, 0x00, 0x00, 0x00, 0x00
.long _sym_0073eb00
.byte 0x00, 0x00, 0x00, 0x00, 0x00, 0x00, 0x00, 0x00, 0x00, 0x00, 0x00, 0x00
.long _sym_0073ea90
.long _sym_0073eac0
.long _sym_0073eaf0
.long _sym_00b50dac
.byte 0x00, 0x00, 0x00, 0x00, 0x00, 0x00, 0x00, 0x00
.long _sym_0073f2f0
.byte 0x00, 0x00, 0x00, 0x00, 0x00, 0x00, 0x00, 0x00, 0x00, 0x00, 0x00, 0x00
.long _sym_0073f280
.long _sym_0073f2b0
.long _sym_0073f2e0
.long _sym_00b50b78
.byte 0x00, 0x00, 0x00, 0x00, 0x00, 0x00, 0x00, 0x00
.long _sym_0073fb10
.byte 0x00, 0x00, 0x00, 0x00, 0x00, 0x00, 0x00, 0x00, 0x00, 0x00, 0x00, 0x00
.long _sym_0073faa0
.long _sym_0073fad0
.long _sym_0073fb00
.long _sym_00b50304
.byte 0x00, 0x00, 0x00, 0x00, 0x00, 0x00, 0x00, 0x00
.long _sym_007404d0
.byte 0x00, 0x00, 0x00, 0x00, 0x00, 0x00, 0x00, 0x00, 0x00, 0x00, 0x00, 0x00
.long _sym_007404b0
.byte 0x00, 0x00, 0x00, 0x00, 0x00, 0x00, 0x00, 0x00
.long _sym_00b50cb0
.long _sym_00740aa0
.byte 0x00, 0x00, 0x00, 0x00, 0x00, 0x00, 0x00, 0x00, 0x00, 0x00, 0x00, 0x00, 0x00, 0x00, 0x00, 0x00
.byte 0x00, 0x00, 0x00, 0x00
.long _sym_00740f70
.long _sym_00740f70
.byte 0x00, 0x00, 0x00, 0x00
.long _sym_00b5050c
.long _sym_00740f90
.byte 0x00, 0x00, 0x00, 0x00, 0x00, 0x00, 0x00, 0x00, 0x00, 0x00, 0x00, 0x00, 0x00, 0x00, 0x00, 0x00
.byte 0x00, 0x00, 0x00, 0x00
.long _sym_00741510
.long _sym_00741510
.byte 0x00, 0x00, 0x00, 0x00
.long _sym_00b50d28
.byte 0x00, 0x00, 0x00, 0x00, 0x00, 0x00, 0x00, 0x00
.long _sym_00741660
.byte 0x00, 0x00, 0x00, 0x00, 0x00, 0x00, 0x00, 0x00, 0x00, 0x00, 0x00, 0x00
.long _sym_00741630
.long _sym_00741630
.byte 0x00, 0x00, 0x00, 0x00
.long _sym_00b51218
.byte 0x00, 0x00, 0x00, 0x00, 0x00, 0x00, 0x00, 0x00
.long _sym_00742d80
.byte 0x00, 0x00, 0x00, 0x00, 0x00, 0x00, 0x00, 0x00, 0x00, 0x00, 0x00, 0x00
.long _sym_00742c10
.byte 0x00, 0x00, 0x00, 0x00
.long _sym_00742c90
.long _sym_00b50e3c
.byte 0x00, 0x00, 0x00, 0x00, 0x00, 0x00, 0x00, 0x00
.long _sym_00744100
.byte 0x00, 0x00, 0x00, 0x00, 0x00, 0x00, 0x00, 0x00, 0x00, 0x00, 0x00, 0x00
.long _sym_00743fc0
.byte 0x00, 0x00, 0x00, 0x00
.long _sym_00744040
.long _sym_00b50ff8
.byte 0x00, 0x00, 0x00, 0x00, 0x00, 0x00, 0x00, 0x00
.long _sym_007452d0
.byte 0x00, 0x00, 0x00, 0x00, 0x00, 0x00, 0x00, 0x00, 0x00, 0x00, 0x00, 0x00
.long _sym_00745160
.byte 0x00, 0x00, 0x00, 0x00
.long _sym_007451f0
.long _sym_00b5105c
.byte 0x00, 0x00, 0x00, 0x00, 0x00, 0x00, 0x00, 0x00
.long _sym_007463e0
.byte 0x00, 0x00, 0x00, 0x00, 0x00, 0x00, 0x00, 0x00, 0x00, 0x00, 0x00, 0x00
.long _sym_007462c0
.byte 0x00, 0x00, 0x00, 0x00
.long _sym_00746340
.long _sym_00b508c0
.byte 0x00, 0x00, 0x00, 0x00, 0x00, 0x00, 0x00, 0x00
.long _sym_00747600
.byte 0x00, 0x00, 0x00, 0x00, 0x00, 0x00, 0x00, 0x00, 0x00, 0x00, 0x00, 0x00
.long _sym_007474d0
.byte 0x00, 0x00, 0x00, 0x00
.long _sym_00747550
.long _sym_00b50f2c
.byte 0x00, 0x00, 0x00, 0x00, 0x00, 0x00, 0x00, 0x00
.long _sym_00748860
.byte 0x00, 0x00, 0x00, 0x00, 0x00, 0x00, 0x00, 0x00, 0x00, 0x00, 0x00, 0x00
.long _sym_00748730
.byte 0x00, 0x00, 0x00, 0x00
.long _sym_007487b0
.long _sym_00b50320
.byte 0x00, 0x00, 0x00, 0x00, 0x00, 0x00, 0x00, 0x00
.long _sym_007491a0
.byte 0x00, 0x00, 0x00, 0x00, 0x00, 0x00, 0x00, 0x00, 0x00, 0x00, 0x00, 0x00
.long _sym_00749180
.long _sym_00749190
.byte 0x00, 0x00, 0x00, 0x00
.long _sym_00b5124c
.byte 0x00, 0x00, 0x00, 0x00, 0x00, 0x00, 0x00, 0x00
.long _sym_0072e870
.byte 0x00, 0x00, 0x00, 0x00, 0x00, 0x00, 0x00, 0x00, 0x00, 0x00, 0x00, 0x00
.long _sym_0072e810
.long _sym_0072e840
.byte 0x00, 0x00, 0x00, 0x00
.long _sym_00b510d8
.byte 0x00, 0x00, 0x00, 0x00, 0x00, 0x00, 0x00, 0x00
.long _sym_007498e0
.byte 0x00, 0x00, 0x00, 0x00, 0x00, 0x00, 0x00, 0x00, 0x00, 0x00, 0x00, 0x00
.long _sym_007498b0
.long _sym_007498b0
.byte 0x00, 0x00, 0x00, 0x00
.long _sym_00b5033c
.byte 0x00, 0x00, 0x00, 0x00, 0x00, 0x00, 0x00, 0x00
.long _sym_00749a20
.byte 0x00, 0x00, 0x00, 0x00, 0x00, 0x00, 0x00, 0x00, 0x00, 0x00, 0x00, 0x00
.long _sym_007499c0
.long _sym_007499c0
.byte 0x00, 0x00, 0x00, 0x00
.long _sym_00b5035c
.byte 0x00, 0x00, 0x00, 0x00, 0x00, 0x00, 0x00, 0x00
.long _sym_00749c10
.byte 0x00, 0x00, 0x00, 0x00, 0x00, 0x00, 0x00, 0x00, 0x00, 0x00, 0x00, 0x00
.long _sym_00749be0
.long _sym_00749be0
.byte 0x00, 0x00, 0x00, 0x00
.long _sym_00b5037c
.byte 0x00, 0x00, 0x00, 0x00, 0x00, 0x00, 0x00, 0x00
.long _sym_00749d60
.byte 0x00, 0x00, 0x00, 0x00, 0x00, 0x00, 0x00, 0x00, 0x00, 0x00, 0x00, 0x00
.long _sym_00749d00
.long _sym_00749d00
.byte 0x00, 0x00, 0x00, 0x00
.long _sym_00b5039c
.byte 0x00, 0x00, 0x00, 0x00, 0x00, 0x00, 0x00, 0x00
.long _sym_00749f60
.byte 0x00, 0x00, 0x00, 0x00, 0x00, 0x00, 0x00, 0x00, 0x00, 0x00, 0x00, 0x00
.long _sym_00749f30
.long _sym_00749f30
.byte 0x00, 0x00, 0x00, 0x00
.long _sym_00b503bc
.byte 0x00, 0x00, 0x00, 0x00, 0x00, 0x00, 0x00, 0x00
.long _sym_0074a0c0
.byte 0x00, 0x00, 0x00, 0x00, 0x00, 0x00, 0x00, 0x00, 0x00, 0x00, 0x00, 0x00
.long _sym_0074a060
.long _sym_0074a060
.byte 0x00, 0x00, 0x00, 0x00
.long _sym_00b503dc
.byte 0x00, 0x00, 0x00, 0x00, 0x00, 0x00, 0x00, 0x00
.long _sym_0074a2b0
.byte 0x00, 0x00, 0x00, 0x00, 0x00, 0x00, 0x00, 0x00, 0x00, 0x00, 0x00, 0x00, 0x00, 0x00, 0x00, 0x00
.byte 0x00, 0x00, 0x00, 0x00, 0x00, 0x00, 0x00, 0x00
.long _sym_00b50404
.byte 0x00, 0x00, 0x00, 0x00, 0x00, 0x00, 0x00, 0x00
.long _sym_0074a920
.byte 0x00, 0x00, 0x00, 0x00, 0x00, 0x00, 0x00, 0x00, 0x00, 0x00, 0x00, 0x00, 0x00, 0x00, 0x00, 0x00
.byte 0x00, 0x00, 0x00, 0x00, 0x00, 0x00, 0x00, 0x00
.long _sym_00b50430
.byte 0x00, 0x00, 0x00, 0x00, 0x00, 0x00, 0x00, 0x00
.long _sym_0074af40
.byte 0x00, 0x00, 0x00, 0x00, 0x00, 0x00, 0x00, 0x00, 0x00, 0x00, 0x00, 0x00
.long _sym_0074b5d0
.long _sym_0074b5d0
.byte 0x00, 0x00, 0x00, 0x00
.long _sym_00b5045c
.byte 0x00, 0x00, 0x00, 0x00, 0x00, 0x00, 0x00, 0x00
.long _sym_0074b770
.byte 0x00, 0x00, 0x00, 0x00, 0x00, 0x00, 0x00, 0x00, 0x00, 0x00, 0x00, 0x00
.long _sym_0074ba70
.long _sym_0074ba70
.byte 0x00, 0x00, 0x00, 0x00
.long _sym_00b50cf4
.byte 0x00, 0x00, 0x00, 0x00
.long _sym_0074c570
.long _sym_0074c650
.byte 0x00, 0x00, 0x00, 0x00, 0x00, 0x00, 0x00, 0x00, 0x00, 0x00, 0x00, 0x00
.long _sym_0074c620
.byte 0x00, 0x00, 0x00, 0x00, 0x00, 0x00, 0x00, 0x00
.long _sym_00b5055c
.byte 0x00, 0x00, 0x00, 0x00
.long _sym_0074d570
.long _sym_0074d650
.byte 0x00, 0x00, 0x00, 0x00, 0x00, 0x00, 0x00, 0x00, 0x00, 0x00, 0x00, 0x00
.long _sym_0074d620
.byte 0x00, 0x00, 0x00, 0x00, 0x00, 0x00, 0x00, 0x00
.long _sym_00b50d38
.byte 0x00, 0x00, 0x00, 0x00
.long _sym_0074e570
.long _sym_0074e650
.byte 0x00, 0x00, 0x00, 0x00, 0x00, 0x00, 0x00, 0x00, 0x00, 0x00, 0x00, 0x00
.long _sym_0074e620
.byte 0x00, 0x00, 0x00, 0x00, 0x00, 0x00, 0x00, 0x00
.long _sym_00b507fc
.byte 0x00, 0x00, 0x00, 0x00
.long _sym_0074f5b0
.long _sym_0074f690
.byte 0x00, 0x00, 0x00, 0x00, 0x00, 0x00, 0x00, 0x00, 0x00, 0x00, 0x00, 0x00
.long _sym_0074f660
.byte 0x00, 0x00, 0x00, 0x00, 0x00, 0x00, 0x00, 0x00
.long _sym_00b5118c
.byte 0x00, 0x00, 0x00, 0x00
.long _sym_00750390
.long _sym_00750700
.byte 0x00, 0x00, 0x00, 0x00, 0x00, 0x00, 0x00, 0x00, 0x00, 0x00, 0x00, 0x00
.long _sym_007505e0
.long _sym_00750670
.byte 0x00, 0x00, 0x00, 0x00
.long _sym_00b50e88
.byte 0x00, 0x00, 0x00, 0x00
.long _sym_00751d80
.long _sym_007520b0
.byte 0x00, 0x00, 0x00, 0x00, 0x00, 0x00, 0x00, 0x00, 0x00, 0x00, 0x00, 0x00
.long _sym_00751f90
.long _sym_00752020
.byte 0x00, 0x00, 0x00, 0x00
.long _sym_00b50488
.byte 0x00, 0x00, 0x00, 0x00
.long _sym_00754000
.long _sym_007543f0
.byte 0x00, 0x00, 0x00, 0x00, 0x00, 0x00, 0x00, 0x00, 0x00, 0x00, 0x00, 0x00
.long _sym_00754270
.long _sym_00754350
.byte 0x00, 0x00, 0x00, 0x00
.long _sym_00b504a4
.byte 0x00, 0x00, 0x00, 0x00
.long _sym_007550a0
.long _sym_007550e0
.byte 0x00, 0x00, 0x00, 0x00, 0x00, 0x00, 0x00, 0x00, 0x00, 0x00, 0x00, 0x00
.long _sym_007550b0
.byte 0x00, 0x00, 0x00, 0x00, 0x00, 0x00, 0x00, 0x00
.long _sym_00b5115c
.byte 0x00, 0x00, 0x00, 0x00
.long _sym_007550f0
.long _sym_00755130
.byte 0x00, 0x00, 0x00, 0x00, 0x00, 0x00, 0x00, 0x00, 0x00, 0x00, 0x00, 0x00
.long _sym_00755100
.long _sym_00755100
.byte 0x00, 0x00, 0x00, 0x00
.long _sym_00b50790
.byte 0x00, 0x00, 0x00, 0x00, 0x00, 0x00, 0x00, 0x00
.long _sym_007563b0
.byte 0x00, 0x00, 0x00, 0x00, 0x00, 0x00, 0x00, 0x00, 0x00, 0x00, 0x00, 0x00
.long _sym_00756330
.byte 0x00, 0x00, 0x00, 0x00
.long _sym_00756360
.long _sym_00b504c4
.byte 0x00, 0x00, 0x00, 0x00, 0x00, 0x00, 0x00, 0x00
.long _sym_007567d0
.byte 0x00, 0x00, 0x00, 0x00, 0x00, 0x00, 0x00, 0x00, 0x00, 0x00, 0x00, 0x00
.long _sym_00756790
.byte 0x00, 0x00, 0x00, 0x00
.long _sym_007567c0
.long _sym_00b5114c
.byte 0x00, 0x00, 0x00, 0x00, 0x00, 0x00, 0x00, 0x00
.long _sym_00757370
.byte 0x00, 0x00, 0x00, 0x00, 0x00, 0x00, 0x00, 0x00, 0x00, 0x00, 0x00, 0x00
.long _sym_00757300
.long _sym_00757330
.long _sym_00757340
.long _sym_00b5051c
.byte 0x00, 0x00, 0x00, 0x00, 0x00, 0x00, 0x00, 0x00
.long _sym_00757460
.byte 0x00, 0x00, 0x00, 0x00, 0x00, 0x00, 0x00, 0x00, 0x00, 0x00, 0x00, 0x00, 0x00, 0x00, 0x00, 0x00
.byte 0x00, 0x00, 0x00, 0x00, 0x00, 0x00, 0x00, 0x00
.long _sym_00b50534
.byte 0x00, 0x00, 0x00, 0x00, 0x00, 0x00, 0x00, 0x00, 0x00, 0x00, 0x00, 0x00, 0x00, 0x00, 0x00, 0x00
.byte 0x00, 0x00, 0x00, 0x00, 0x00, 0x00, 0x00, 0x00, 0x00, 0x00, 0x00, 0x00, 0x00, 0x00, 0x00, 0x00
.byte 0x00, 0x00, 0x00, 0x00
.long _sym_00b50550
.byte 0x00, 0x00, 0x00, 0x00, 0x00, 0x00, 0x00, 0x00, 0x00, 0x00, 0x00, 0x00, 0x00, 0x00, 0x00, 0x00
.byte 0x00, 0x00, 0x00, 0x00, 0x00, 0x00, 0x00, 0x00, 0x00, 0x00, 0x00, 0x00, 0x00, 0x00, 0x00, 0x00
.byte 0x00, 0x00, 0x00, 0x00
.long _sym_00b5056c
.byte 0x00, 0x00, 0x00, 0x00, 0x00, 0x00, 0x00, 0x00, 0x00, 0x00, 0x00, 0x00, 0x00, 0x00, 0x00, 0x00
.byte 0x00, 0x00, 0x00, 0x00, 0x00, 0x00, 0x00, 0x00, 0x00, 0x00, 0x00, 0x00, 0x00, 0x00, 0x00, 0x00
.byte 0x00, 0x00, 0x00, 0x00
.long _sym_00b50584
.byte 0x00, 0x00, 0x00, 0x00, 0x00, 0x00, 0x00, 0x00, 0x00, 0x00, 0x00, 0x00, 0x00, 0x00, 0x00, 0x00
.byte 0x00, 0x00, 0x00, 0x00, 0x00, 0x00, 0x00, 0x00, 0x00, 0x00, 0x00, 0x00, 0x00, 0x00, 0x00, 0x00
.byte 0x00, 0x00, 0x00, 0x00
.long _sym_00b505a0
.byte 0x00, 0x00, 0x00, 0x00, 0x00, 0x00, 0x00, 0x00, 0x00, 0x00, 0x00, 0x00, 0x00, 0x00, 0x00, 0x00
.byte 0x00, 0x00, 0x00, 0x00, 0x00, 0x00, 0x00, 0x00, 0x00, 0x00, 0x00, 0x00, 0x00, 0x00, 0x00, 0x00
.byte 0x00, 0x00, 0x00, 0x00
.long _sym_00b505c0
.byte 0x00, 0x00, 0x00, 0x00, 0x00, 0x00, 0x00, 0x00, 0x00, 0x00, 0x00, 0x00, 0x00, 0x00, 0x00, 0x00
.byte 0x00, 0x00, 0x00, 0x00, 0x00, 0x00, 0x00, 0x00, 0x00, 0x00, 0x00, 0x00, 0x00, 0x00, 0x00, 0x00
.byte 0x00, 0x00, 0x00, 0x00
.long _sym_00b505e0
.byte 0x00, 0x00, 0x00, 0x00, 0x00, 0x00, 0x00, 0x00, 0x00, 0x00, 0x00, 0x00, 0x00, 0x00, 0x00, 0x00
.byte 0x00, 0x00, 0x00, 0x00, 0x00, 0x00, 0x00, 0x00, 0x00, 0x00, 0x00, 0x00, 0x00, 0x00, 0x00, 0x00
.byte 0x00, 0x00, 0x00, 0x00
.long _sym_00b50600
.byte 0x00, 0x00, 0x00, 0x00, 0x00, 0x00, 0x00, 0x00, 0x00, 0x00, 0x00, 0x00, 0x00, 0x00, 0x00, 0x00
.byte 0x00, 0x00, 0x00, 0x00, 0x00, 0x00, 0x00, 0x00, 0x00, 0x00, 0x00, 0x00, 0x00, 0x00, 0x00, 0x00
.byte 0x00, 0x00, 0x00, 0x00
.long _sym_00b50620
.byte 0x00, 0x00, 0x00, 0x00, 0x00, 0x00, 0x00, 0x00, 0x00, 0x00, 0x00, 0x00, 0x00, 0x00, 0x00, 0x00
.byte 0x00, 0x00, 0x00, 0x00, 0x00, 0x00, 0x00, 0x00, 0x00, 0x00, 0x00, 0x00, 0x00, 0x00, 0x00, 0x00
.byte 0x00, 0x00, 0x00, 0x00
.long _sym_00b510a8
.byte 0x00, 0x00, 0x00, 0x00
.long _sym_007574b0
.byte 0x00, 0x00, 0x00, 0x00, 0x00, 0x00, 0x00, 0x00, 0x00, 0x00, 0x00, 0x00, 0x00, 0x00, 0x00, 0x00
.long _sym_00757560
.byte 0x00, 0x00, 0x00, 0x00, 0x00, 0x00, 0x00, 0x00
.long _sym_00b50648
.byte 0x00, 0x00, 0x00, 0x00
.long _sym_00757580
.byte 0x00, 0x00, 0x00, 0x00, 0x00, 0x00, 0x00, 0x00, 0x00, 0x00, 0x00, 0x00, 0x00, 0x00, 0x00, 0x00
.long _sym_00757840
.byte 0x00, 0x00, 0x00, 0x00, 0x00, 0x00, 0x00, 0x00
.long _sym_00b50d78
.byte 0x00, 0x00, 0x00, 0x00
.long _sym_00757930
.byte 0x00, 0x00, 0x00, 0x00, 0x00, 0x00, 0x00, 0x00, 0x00, 0x00, 0x00, 0x00, 0x00, 0x00, 0x00, 0x00
.long _sym_00757c20
.byte 0x00, 0x00, 0x00, 0x00, 0x00, 0x00, 0x00, 0x00
.long _sym_00b50ce0
.byte 0x00, 0x00, 0x00, 0x00
.long _sym_00757d20
.byte 0x00, 0x00, 0x00, 0x00, 0x00, 0x00, 0x00, 0x00, 0x00, 0x00, 0x00, 0x00, 0x00, 0x00, 0x00, 0x00
.long _sym_00757f80
.byte 0x00, 0x00, 0x00, 0x00, 0x00, 0x00, 0x00, 0x00
.long _sym_00b50670
.byte 0x00, 0x00, 0x00, 0x00
.long _sym_00757fa0
.byte 0x00, 0x00, 0x00, 0x00, 0x00, 0x00, 0x00, 0x00, 0x00, 0x00, 0x00, 0x00, 0x00, 0x00, 0x00, 0x00
.byte 0x00, 0x00, 0x00, 0x00, 0x00, 0x00, 0x00, 0x00, 0x00, 0x00, 0x00, 0x00
.long _sym_00b507c4
.byte 0x00, 0x00, 0x00, 0x00
.long _sym_00757fb0
.byte 0x00, 0x00, 0x00, 0x00, 0x00, 0x00, 0x00, 0x00, 0x00, 0x00, 0x00, 0x00, 0x00, 0x00, 0x00, 0x00
.byte 0x00, 0x00, 0x00, 0x00, 0x00, 0x00, 0x00, 0x00, 0x00, 0x00, 0x00, 0x00
.long _sym_00b50dc4
.byte 0x00, 0x00, 0x00, 0x00
.long _sym_007580e0
.byte 0x00, 0x00, 0x00, 0x00, 0x00, 0x00, 0x00, 0x00, 0x00, 0x00, 0x00, 0x00, 0x00, 0x00, 0x00, 0x00
.long _sym_00758340
.long _sym_00758340
.byte 0x00, 0x00, 0x00, 0x00
.long _sym_00b50c5c
.byte 0x00, 0x00, 0x00, 0x00
.long _sym_007583d0
.byte 0x00, 0x00, 0x00, 0x00, 0x00, 0x00, 0x00, 0x00, 0x00, 0x00, 0x00, 0x00, 0x00, 0x00, 0x00, 0x00
.long _sym_007585a0
.long _sym_007585a0
.byte 0x00, 0x00, 0x00, 0x00
.long _sym_00b5038c
.byte 0x00, 0x00, 0x00, 0x00
.long _sym_007585c0
.byte 0x00, 0x00, 0x00, 0x00, 0x00, 0x00, 0x00, 0x00, 0x00, 0x00, 0x00, 0x00, 0x00, 0x00, 0x00, 0x00
.long _sym_00758880
.byte 0x00, 0x00, 0x00, 0x00, 0x00, 0x00, 0x00, 0x00
.long _sym_00b5027c
.byte 0x00, 0x00, 0x00, 0x00
.long _sym_007588a0
.byte 0x00, 0x00, 0x00, 0x00, 0x00, 0x00, 0x00, 0x00, 0x00, 0x00, 0x00, 0x00, 0x00, 0x00, 0x00, 0x00
.long _sym_00758910
.byte 0x00, 0x00, 0x00, 0x00, 0x00, 0x00, 0x00, 0x00
.long _sym_00b50258
.byte 0x00, 0x00, 0x00, 0x00
.long _sym_00758a50
.byte 0x00, 0x00, 0x00, 0x00, 0x00, 0x00, 0x00, 0x00, 0x00, 0x00, 0x00, 0x00, 0x00, 0x00, 0x00, 0x00
.long _sym_00758ac0
.byte 0x00, 0x00, 0x00, 0x00, 0x00, 0x00, 0x00, 0x00
.long _sym_00b50730
.byte 0x00, 0x00, 0x00, 0x00
.long _sym_00758bd0
.byte 0x00, 0x00, 0x00, 0x00, 0x00, 0x00, 0x00, 0x00, 0x00, 0x00, 0x00, 0x00, 0x00, 0x00, 0x00, 0x00
.long _sym_00758ec0
.byte 0x00, 0x00, 0x00, 0x00, 0x00, 0x00, 0x00, 0x00
.long _sym_00b50e98
.byte 0x00, 0x00, 0x00, 0x00
.long _sym_00759010
.byte 0x00, 0x00, 0x00, 0x00, 0x00, 0x00, 0x00, 0x00, 0x00, 0x00, 0x00, 0x00, 0x00, 0x00, 0x00, 0x00
.long _sym_00759080
.byte 0x00, 0x00, 0x00, 0x00, 0x00, 0x00, 0x00, 0x00
.long _sym_00b5032c
.byte 0x00, 0x00, 0x00, 0x00
.long _sym_007592f0
.byte 0x00, 0x00, 0x00, 0x00, 0x00, 0x00, 0x00, 0x00, 0x00, 0x00, 0x00, 0x00, 0x00, 0x00, 0x00, 0x00
.long _sym_00759360
.byte 0x00, 0x00, 0x00, 0x00, 0x00, 0x00, 0x00, 0x00
.long _sym_00b50770
.byte 0x00, 0x00, 0x00, 0x00
.long _sym_007596d0
.byte 0x00, 0x00, 0x00, 0x00, 0x00, 0x00, 0x00, 0x00, 0x00, 0x00, 0x00, 0x00, 0x00, 0x00, 0x00, 0x00
.long _sym_00759710
.byte 0x00, 0x00, 0x00, 0x00, 0x00, 0x00, 0x00, 0x00
.long _sym_00b507a4
.byte 0x00, 0x00, 0x00, 0x00
.long _sym_00759980
.byte 0x00, 0x00, 0x00, 0x00, 0x00, 0x00, 0x00, 0x00, 0x00, 0x00, 0x00, 0x00, 0x00, 0x00, 0x00, 0x00
.long _sym_00759a80
.byte 0x00, 0x00, 0x00, 0x00, 0x00, 0x00, 0x00, 0x00
.long _sym_00b507dc
.byte 0x00, 0x00, 0x00, 0x00
.long _sym_00759e70
.byte 0x00, 0x00, 0x00, 0x00, 0x00, 0x00, 0x00, 0x00, 0x00, 0x00, 0x00, 0x00, 0x00, 0x00, 0x00, 0x00
.long _sym_0075a000
.byte 0x00, 0x00, 0x00, 0x00, 0x00, 0x00, 0x00, 0x00
.long _sym_00b511b8
.byte 0x00, 0x00, 0x00, 0x00
.long _sym_0075a020
.byte 0x00, 0x00, 0x00, 0x00, 0x00, 0x00, 0x00, 0x00, 0x00, 0x00, 0x00, 0x00, 0x00, 0x00, 0x00, 0x00
.long _sym_0075a0a0
.long _sym_0075a0a0
.byte 0x00, 0x00, 0x00, 0x00
.long _sym_00b50edc
.byte 0x00, 0x00, 0x00, 0x00, 0x00, 0x00, 0x00, 0x00
.long _sym_0075b070
.byte 0x00, 0x00, 0x00, 0x00, 0x00, 0x00, 0x00, 0x00, 0x00, 0x00, 0x00, 0x00
.long _sym_0075b020
.long _sym_0075b050
.byte 0x00, 0x00, 0x00, 0x00
.long _sym_00b511ac
.byte 0x00, 0x00, 0x00, 0x00, 0x00, 0x00, 0x00, 0x00
.long _sym_0075b250
.byte 0x00, 0x00, 0x00, 0x00, 0x00, 0x00, 0x00, 0x00, 0x00, 0x00, 0x00, 0x00
.long _sym_0075b180
.long _sym_0075b200
.long _sym_0075b220
.long _sym_00b50f0c
.byte 0x00, 0x00, 0x00, 0x00, 0x00, 0x00, 0x00, 0x00
.long _sym_0075a0e0
.byte 0x00, 0x00, 0x00, 0x00, 0x00, 0x00, 0x00, 0x00, 0x00, 0x00, 0x00, 0x00
.long _sym_0075a0c0
.byte 0x00, 0x00, 0x00, 0x00, 0x00, 0x00, 0x00, 0x00
.long _sym_00b50f48
.byte 0x00, 0x00, 0x00, 0x00, 0x00, 0x00, 0x00, 0x00
.long _sym_0075a490
.byte 0x00, 0x00, 0x00, 0x00, 0x00, 0x00, 0x00, 0x00, 0x00, 0x00, 0x00, 0x00
.long _sym_0075a460
.byte 0x00, 0x00, 0x00, 0x00, 0x00, 0x00, 0x00, 0x00
.long _sym_00b50f74
.byte 0x00, 0x00, 0x00, 0x00, 0x00, 0x00, 0x00, 0x00
.long _sym_0075a850
.byte 0x00, 0x00, 0x00, 0x00, 0x00, 0x00, 0x00, 0x00, 0x00, 0x00, 0x00, 0x00
.long _sym_0075a830
.byte 0x00, 0x00, 0x00, 0x00, 0x00, 0x00, 0x00, 0x00
.long _sym_00b50fa8
.byte 0x00, 0x00, 0x00, 0x00, 0x00, 0x00, 0x00, 0x00
.long _sym_0075ac40
.byte 0x00, 0x00, 0x00, 0x00, 0x00, 0x00, 0x00, 0x00, 0x00, 0x00, 0x00, 0x00
.long _sym_0075ac20
.byte 0x00, 0x00, 0x00, 0x00, 0x00, 0x00, 0x00, 0x00
.long _sym_00b511d4
.byte 0x00, 0x00, 0x00, 0x00, 0x00, 0x00, 0x00, 0x00
.long _sym_0075a280
.byte 0x00, 0x00, 0x00, 0x00, 0x00, 0x00, 0x00, 0x00, 0x00, 0x00, 0x00, 0x00
.long _sym_0075a1e0
.byte 0x00, 0x00, 0x00, 0x00
.long _sym_0075a230
.long _sym_00b5123c
.byte 0x00, 0x00, 0x00, 0x00, 0x00, 0x00, 0x00, 0x00
.long _sym_0075a630
.byte 0x00, 0x00, 0x00, 0x00, 0x00, 0x00, 0x00, 0x00, 0x00, 0x00, 0x00, 0x00
.long _sym_0075a590
.byte 0x00, 0x00, 0x00, 0x00
.long _sym_0075a5e0
.long _sym_00b51268
.byte 0x00, 0x00, 0x00, 0x00, 0x00, 0x00, 0x00, 0x00
.long _sym_0075a9f0
.byte 0x00, 0x00, 0x00, 0x00, 0x00, 0x00, 0x00, 0x00, 0x00, 0x00, 0x00, 0x00
.long _sym_0075a960
.byte 0x00, 0x00, 0x00, 0x00
.long _sym_0075a9a0
.long _sym_00b51208
.byte 0x00, 0x00, 0x00, 0x00, 0x00, 0x00, 0x00, 0x00
.long _sym_0075adf0
.byte 0x00, 0x00, 0x00, 0x00, 0x00, 0x00, 0x00, 0x00, 0x00, 0x00, 0x00, 0x00
.long _sym_0075ad50
.byte 0x00, 0x00, 0x00, 0x00
.long _sym_0075ada0
.long _sym_00b50928
.byte 0x00, 0x00, 0x00, 0x00, 0x00, 0x00, 0x00, 0x00, 0x00, 0x00, 0x00, 0x00, 0x00, 0x00, 0x00, 0x00
.byte 0x00, 0x00, 0x00, 0x00
.long _sym_0075b770
.byte 0x00, 0x00, 0x00, 0x00, 0x00, 0x00, 0x00, 0x00, 0x00, 0x00, 0x00, 0x00
.long _sym_00b50964
.byte 0x00, 0x00, 0x00, 0x00
.long _sym_0075b780
.byte 0x00, 0x00, 0x00, 0x00, 0x00, 0x00, 0x00, 0x00, 0x00, 0x00, 0x00, 0x00, 0x00, 0x00, 0x00, 0x00
.byte 0x00, 0x00, 0x00, 0x00, 0x00, 0x00, 0x00, 0x00, 0x00, 0x00, 0x00, 0x00
.long _sym_00b5099c
.byte 0x00, 0x00, 0x00, 0x00, 0x00, 0x00, 0x00, 0x00, 0x00, 0x00, 0x00, 0x00, 0x00, 0x00, 0x00, 0x00
.byte 0x00, 0x00, 0x00, 0x00, 0x00, 0x00, 0x00, 0x00, 0x00, 0x00, 0x00, 0x00, 0x00, 0x00, 0x00, 0x00
.byte 0x00, 0x00, 0x00, 0x00
.long _sym_00b509d4
.byte 0x00, 0x00, 0x00, 0x00
.long _sym_0075b800
.byte 0x00, 0x00, 0x00, 0x00, 0x00, 0x00, 0x00, 0x00, 0x00, 0x00, 0x00, 0x00, 0x00, 0x00, 0x00, 0x00
.long _sym_0075b810
.byte 0x00, 0x00, 0x00, 0x00
.long _sym_0075b820
.long _sym_00b50a0c
.byte 0x00, 0x00, 0x00, 0x00
.long _sym_0075b7c0
.byte 0x00, 0x00, 0x00, 0x00, 0x00, 0x00, 0x00, 0x00, 0x00, 0x00, 0x00, 0x00, 0x00, 0x00, 0x00, 0x00
.long _sym_0075b7d0
.byte 0x00, 0x00, 0x00, 0x00
.long _sym_0075b7e0
.long _sym_00b50a44
.byte 0x00, 0x00, 0x00, 0x00
.long _sym_0075b7f0
.byte 0x00, 0x00, 0x00, 0x00, 0x00, 0x00, 0x00, 0x00, 0x00, 0x00, 0x00, 0x00, 0x00, 0x00, 0x00, 0x00
.byte 0x00, 0x00, 0x00, 0x00, 0x00, 0x00, 0x00, 0x00, 0x00, 0x00, 0x00, 0x00
.long _sym_00b50a88
.byte 0x00, 0x00, 0x00, 0x00
.long _sym_0075b7a0
.byte 0x00, 0x00, 0x00, 0x00, 0x00, 0x00, 0x00, 0x00, 0x00, 0x00, 0x00, 0x00, 0x00, 0x00, 0x00, 0x00
.long _sym_0075b7b0
.byte 0x00, 0x00, 0x00, 0x00, 0x00, 0x00, 0x00, 0x00
.globl _sym_00c40e08
_sym_00c40e08:
.byte 0x00
.globl _sym_00c40e09
_sym_00c40e09:
.byte 0x01, 0x00, 0x00
.globl _sym_00c40e0c
_sym_00c40e0c:
.byte 0x44, 0x56, 0x44, 0x20, 0x46, 0x49, 0x4c, 0x45, 0x00, 0x00, 0x00, 0x00
.globl _sym_00c40e18
_sym_00c40e18:
.byte 0xff, 0xff, 0xff, 0xff
.globl _sym_00c40e1c
_sym_00c40e1c:
.byte 0x01, 0x00, 0x00, 0x00
.globl _sym_00c40e20
_sym_00c40e20:
.long _sym_0076ea20
.long _sym_0076ea90
.byte 0x00, 0x00, 0x00, 0x00
.long _sym_0076eaa0
.long _sym_0076eac0
.long _sym_0076ead0
.byte 0x00, 0x00, 0x00, 0x00
.long _sym_0076eb00
.byte 0x00, 0x00, 0x00, 0x00, 0x00, 0x00, 0x00, 0x00, 0x00, 0x00, 0x00, 0x00
.long _sym_0076eb40
.byte 0x00, 0x00, 0x00, 0x00, 0x00, 0x00, 0x00, 0x00, 0x00, 0x00, 0x00, 0x00
.long _sym_0076eb50
.long _sym_0076eb60
.long _sym_0076eb70
.byte 0x00, 0x00, 0x00, 0x00
.long _sym_0076ebd0
.byte 0x00, 0x00, 0x00, 0x00, 0x00, 0x00, 0x00, 0x00, 0x00, 0x00, 0x00, 0x00
.long _sym_0076ebe0
.byte 0x00, 0x00, 0x00, 0x00, 0x00, 0x00, 0x00, 0x00, 0x00, 0x00, 0x00, 0x00
.long _sym_0076ebf0
.byte 0x00, 0x00, 0x00, 0x00, 0x00, 0x00, 0x00, 0x00, 0x00, 0x00, 0x00, 0x00
.long _sym_0076ec00
.long _sym_0076ec10
.long _sym_0076ec20
.byte 0x00, 0x00, 0x00, 0x00
.long _sym_0076ec30
.long _sym_0076ec40
.long _sym_0076ec50
.byte 0x00, 0x00, 0x00, 0x00
.long _sym_0076ec70
.long _sym_0076ec90
.long _sym_0076ecf0
.byte 0x00, 0x00, 0x00, 0x00
.long _sym_0076ed20
.long _sym_0076ed30
.long _sym_0076ed40
.byte 0x00, 0x00, 0x00, 0x00
.long _sym_0076ed50
.byte 0x00, 0x00, 0x00, 0x00, 0x00, 0x00, 0x00, 0x00, 0x00, 0x00, 0x00, 0x00
.long _sym_0076eda0
.byte 0x00, 0x00, 0x00, 0x00, 0x00, 0x00, 0x00, 0x00, 0x00, 0x00, 0x00, 0x00
.long _sym_0076edc0
.byte 0x00, 0x00, 0x00, 0x00, 0x00, 0x00, 0x00, 0x00, 0x00, 0x00, 0x00, 0x00
.long _sym_0076edd0
.byte 0x00, 0x00, 0x00, 0x00, 0x00, 0x00, 0x00, 0x00, 0x00, 0x00, 0x00, 0x00
.long _sym_0076ede0
.globl _sym_00c40f20
_sym_00c40f20:
.long _sym_007723b0
.long _sym_00772420
.long _sym_00772480
.long _sym_007724f0
.long _sym_00772560
.long _sym_007725d0
.long _sym_00772600
.long _sym_00772660
.long _sym_007726c0
.long _sym_00772730
.long _sym_007727e0
.long _sym_00772840
.long _sym_007728a0
.long _sym_00772900
.byte 0x00, 0x00, 0x00, 0x00, 0x00, 0x00, 0x00, 0x00
.long _sym_00772af0
.long _sym_00772b60
.long _sym_00772bd0
.long _sym_00772c40
.long _sym_00772cb0
.long _sym_00772d20
.long _sym_00772d60
.long _sym_00772dd0
.long _sym_00772e40
.long _sym_00772eb0
.long _sym_00772f30
.long _sym_00772fb0
.long _sym_00772ff0
.long _sym_00773060
.long _sym_007730d0
.long _sym_00773140
.long _sym_007731b0
.long _sym_00773220
.long _sym_00773260
.long _sym_007732d0
.long _sym_00773340
.long _sym_007733b0
.long _sym_00773420
.long _sym_00773490
.long _sym_007734d0
.long _sym_00773540
.long _sym_007735b0
.long _sym_00773620
.long _sym_00773670
.long _sym_007736b0
.long _sym_007736f0
.long _sym_00773730
.long _sym_00773770
.long _sym_007737b0
.long _sym_007737f0
.long _sym_00773830
.long _sym_00773870
.long _sym_007738d0
.long _sym_007738f0
.long _sym_00773950
.long _sym_007739d0
.long _sym_00773a10
.long _sym_00772ae0
.long _sym_00773a60
.long _sym_00773ab0
.long _sym_00773b20
.long _sym_00773b90
.long _sym_00773c00
.long _sym_00773c50
.long _sym_00773cb0
.long _sym_00773cf0
.long _sym_00773d30
.long _sym_00773da0
.long _sym_00773de0
.long _sym_00773e20
.long _sym_00773e60
.long _sym_00773ea0
.long _sym_00773ee0
.long _sym_00773f20
.long _sym_00773f60
.long _sym_00773fa0
.long _sym_00773fe0
.long _sym_00774020
.long _sym_00774060
.long _sym_007740a0
.long _sym_007740e0
.long _sym_00774120
.long _sym_00774160
.long _sym_007741a0
.long _sym_007741e0
.long _sym_00774220
.long _sym_00774260
.long _sym_007742a0
.long _sym_007742e0
.long _sym_00774320
.long _sym_00774360
.long _sym_007743a0
.long _sym_007743e0
.long _sym_00774420
.long _sym_00774460
.long _sym_00774480
.long _sym_007744d0
.long _sym_00774520
.long _sym_00774540
.long _sym_00774590
.long _sym_007745e0
.long _sym_0076f290
.long _sym_00772a80
.long _sym_0076f2e0
.long _sym_0076f330
.long _sym_0076f350
.long _sym_0076f3a0
.long _sym_0076f3f0
.long _sym_0076f440
.long _sym_0076f480
.long _sym_0076f560
.long _sym_00770430
.long _sym_00770a60
.long _sym_00770a80
.long _sym_00770ac0
.long _sym_00770b00
.long _sym_00770b50
.long _sym_00770ba0
.long _sym_00770bf0
.long _sym_00770c40
.long _sym_00770c90
.long _sym_00770cb0
.long _sym_00770d00
.long _sym_00770d50
.long _sym_00770da0
.long _sym_00770df0
.long _sym_00770e40
.long _sym_00770e60
.long _sym_00770eb0
.long _sym_00770f00
.long _sym_00770f50
.long _sym_00770fa0
.long _sym_00770ff0
.long _sym_00771010
.long _sym_00771060
.long _sym_00779490
.long _sym_00779380
.long _sym_00773640
.long _sym_00779970
.long _sym_007790a0
.long _sym_00773c90
.byte 0x00, 0x00, 0x00, 0x00, 0x00, 0x00, 0x00, 0x00, 0x00, 0x00, 0x00, 0x00, 0x00, 0x00, 0x00, 0x00
.byte 0x00, 0x00, 0x00, 0x00, 0x00, 0x00, 0x00, 0x00, 0x00, 0x00, 0x00, 0x00, 0x00, 0x00, 0x00, 0x00
.byte 0x00, 0x00, 0x00, 0x00, 0x00, 0x00, 0x00, 0x00, 0x00, 0x00, 0x00, 0x00, 0x00, 0x00, 0x00, 0x00
.byte 0x00, 0x00, 0x00, 0x00
.long _sym_007710b0
.long _sym_00771100
.long _sym_00771150
.long _sym_007711a0
.long _sym_007711c0
.long _sym_00771210
.long _sym_00771260
.long _sym_007712b0
.long _sym_00771300
.long _sym_00771350
.long _sym_00771370
.long _sym_007713c0
.long _sym_00771410
.long _sym_00771460
.long _sym_007714b0
.long _sym_00771500
.long _sym_00771520
.long _sym_00771570
.long _sym_007715c0
.long _sym_00771610
.long _sym_00771660
.long _sym_007716b0
.long _sym_007716d0
.long _sym_00771720
.long _sym_00771770
.long _sym_007717c0
.long _sym_00771810
.long _sym_00771860
.long _sym_00771880
.long _sym_007718d0
.long _sym_00771920
.long _sym_00771970
.long _sym_007719c0
.long _sym_00771a10
.long _sym_00771a30
.long _sym_00771a80
.long _sym_00771ad0
.long _sym_00771b20
.long _sym_00771b70
.long _sym_00771bc0
.long _sym_00771be0
.long _sym_00771c30
.long _sym_00771c80
.long _sym_00771cd0
.long _sym_00771d20
.long _sym_00771d70
.long _sym_00771d90
.long _sym_00771de0
.long _sym_00771e30
.long _sym_00771e80
.long _sym_00771ed0
.long _sym_00771f20
.long _sym_00771f40
.long _sym_00771f90
.long _sym_00771fe0
.long _sym_00772030
.long _sym_00772080
.long _sym_007720d0
.long _sym_007720f0
.long _sym_00772140
.long _sym_00772190
.long _sym_007721e0
.long _sym_00772230
.long _sym_00772280
.long _sym_007722a0
.long _sym_007722f0
.long _sym_00772340
.long _sym_00772390
.long _sym_00772400
.long _sym_00772460
.long _sym_007724a0
.long _sym_00772510
.long _sym_00772580
.long _sym_007725e0
.long _sym_00772640
.long _sym_007726a0
.long _sym_007726e0
.long _sym_00772770
.long _sym_007727c0
.long _sym_00772820
.long _sym_00772880
.long _sym_007728e0
.long _sym_00772920
.long _sym_007729a0
.long _sym_007729f0
.long _sym_00772a60
.long _sym_00772ac0
.long _sym_00772b40
.long _sym_00772b80
.long _sym_00772bf0
.long _sym_00772c60
.long _sym_00772cd0
.long _sym_00772d40
.long _sym_00772db0
.long _sym_00772df0
.long _sym_00772e60
.long _sym_00772ed0
.long _sym_00772f50
.byte 0x00, 0x00, 0x00, 0x00, 0x00, 0x00, 0x00, 0x00, 0x00, 0x00, 0x00, 0x00, 0x00, 0x00, 0x00, 0x00
.byte 0x00, 0x00, 0x00, 0x00, 0x00, 0x00, 0x00, 0x00, 0x00, 0x00, 0x00, 0x00, 0x00, 0x00, 0x00, 0x00
.byte 0x00, 0x00, 0x00, 0x00, 0x00, 0x00, 0x00, 0x00, 0x00, 0x00, 0x00, 0x00, 0x00, 0x00, 0x00, 0x00
.byte 0x00, 0x00, 0x00, 0x00, 0x00, 0x00, 0x00, 0x00, 0x00, 0x00, 0x00, 0x00, 0x00, 0x00, 0x00, 0x00
.byte 0x00, 0x00, 0x00, 0x00, 0x00, 0x00, 0x00, 0x00
.long _sym_00772fd0
.long _sym_00773040
.long _sym_007730b0
.long _sym_00773120
.long _sym_00773190
.long _sym_007731d0
.long _sym_00773240
.long _sym_007732b0
.long _sym_00773320
.long _sym_00773390
.long _sym_00773400
.long _sym_00773440
.long _sym_007734b0
.long _sym_00772910
.long _sym_00772970
.long _sym_00772a10
.byte 0x00, 0x00, 0x00, 0x00, 0x00, 0x00, 0x00, 0x00, 0x00, 0x00, 0x00, 0x00, 0x00, 0x00, 0x00, 0x00
.long _sym_00773520
.long _sym_00773590
.long _sym_00773600
.long _sym_00773650
.long _sym_00773690
.long _sym_007736d0
.long _sym_00773710
.long _sym_00773750
.long _sym_00773790
.long _sym_007737d0
.long _sym_00773810
.long _sym_00773850
.byte 0x00, 0x00, 0x00, 0x00, 0x00, 0x00, 0x00, 0x00, 0x00, 0x00, 0x00, 0x00, 0x00, 0x00, 0x00, 0x00
.byte 0x00, 0x00, 0x00, 0x00, 0x00, 0x00, 0x00, 0x00, 0x00, 0x00, 0x00, 0x00
.long _sym_00773890
.long _sym_00773930
.long _sym_00773970
.long _sym_007739f0
.long _sym_00773a30
.long _sym_00773a80
.long _sym_00773b00
.long _sym_00773b70
.long _sym_00773be0
.long _sym_00773c30
.long _sym_00773c70
.long _sym_00773cd0
.long _sym_00773d10
.long _sym_00773d50
.long _sym_00773dc0
.long _sym_00773e00
.long _sym_00773e40
.long _sym_00773e80
.long _sym_00773ec0
.long _sym_00773f00
.long _sym_00773f40
.long _sym_00773f80
.long _sym_00773fc0
.long _sym_00774000
.long _sym_00774040
.long _sym_00774080
.long _sym_007740c0
.long _sym_00774100
.long _sym_00774140
.long _sym_00774180
.long _sym_007741c0
.long _sym_00774200
.long _sym_00774240
.long _sym_00774280
.long _sym_007742c0
.long _sym_00774300
.long _sym_00774340
.long _sym_00774380
.long _sym_007743c0
.long _sym_00774400
.long _sym_00774440
.long _sym_007744a0
.long _sym_007744f0
.long _sym_00774560
.long _sym_007745b0
.long _sym_00774600
.long _sym_0076f2b0
.long _sym_0076f300
.long _sym_0076f370
.long _sym_0076f3c0
.long _sym_0076f410
.long _sym_0076f460
.long _sym_0076f4a0
.long _sym_00770a30
.long _sym_00770aa0
.long _sym_00770ae0
.long _sym_00770b20
.long _sym_00770b70
.long _sym_00770bc0
.long _sym_00770c10
.long _sym_00770c60
.long _sym_00770cd0
.long _sym_00770d20
.long _sym_00770d70
.long _sym_00770dc0
.long _sym_00770e10
.long _sym_00770e80
.long _sym_00770ed0
.long _sym_00770f20
.long _sym_00770f70
.long _sym_00770fc0
.long _sym_00771030
.long _sym_00771080
.long _sym_007710d0
.long _sym_00771120
.long _sym_00771170
.long _sym_007711e0
.long _sym_00771230
.long _sym_00771280
.long _sym_007712d0
.long _sym_00771320
.long _sym_00771390
.long _sym_007713e0
.long _sym_00771430
.long _sym_00771480
.long _sym_007714d0
.long _sym_00771540
.long _sym_00771590
.long _sym_007715e0
.long _sym_00771630
.long _sym_00771680
.long _sym_007716f0
.long _sym_00771740
.long _sym_00771790
.long _sym_007717e0
.long _sym_00771830
.long _sym_007718a0
.long _sym_007718f0
.long _sym_00771940
.long _sym_00771990
.long _sym_007719e0
.long _sym_00771a50
.long _sym_00771aa0
.long _sym_00771af0
.long _sym_00771b40
.long _sym_00771b90
.long _sym_00771c00
.long _sym_00771c50
.long _sym_00771ca0
.long _sym_00771cf0
.long _sym_00771d40
.long _sym_00771db0
.long _sym_00771e00
.long _sym_00771e50
.long _sym_00771ea0
.long _sym_00771ef0
.long _sym_00771f60
.long _sym_00771fb0
.long _sym_00772000
.long _sym_00772050
.long _sym_007720a0
.long _sym_00772110
.long _sym_00772160
.long _sym_007721b0
.long _sym_00772200
.long _sym_00772250
.long _sym_007722c0
.long _sym_00772310
.long _sym_00772360
.long _sym_007723d0
.long _sym_00772430
.long _sym_007724c0
.long _sym_00772530
.long _sym_007725a0
.long _sym_00772610
.long _sym_00772670
.long _sym_00772700
.long _sym_00772790
.long _sym_007727f0
.long _sym_00772850
.long _sym_007728b0
.long _sym_00772940
.long _sym_007729c0
.long _sym_00772a30
.long _sym_00772a90
.long _sym_00772b10
.long _sym_00772ba0
.long _sym_00772c10
.long _sym_00772c80
.long _sym_00772cf0
.long _sym_00772d80
.long _sym_00772e10
.long _sym_00772e80
.long _sym_00772f00
.long _sym_00772f80
.long _sym_00773010
.long _sym_00773080
.long _sym_007730f0
.long _sym_00773160
.long _sym_007731f0
.long _sym_00773280
.long _sym_007732f0
.long _sym_00773360
.long _sym_007733d0
.long _sym_00773460
.long _sym_007734f0
.long _sym_00773560
.long _sym_007735d0
.globl _sym_00c41698
_sym_00c41698:
.long _sym_0076f4c0
.globl _sym_00c4169c
_sym_00c4169c:
.long _sym_0076f580
.globl _sym_00c416a0
_sym_00c416a0:
.long _sym_0076f960
.globl _sym_00c416a4
_sym_00c416a4:
.long _sym_00770450
.globl _sym_00c416a8
_sym_00c416a8:
.long _sym_00770540
.globl _sym_00c416ac
_sym_00c416ac:
.byte 0x01, 0x00, 0x00, 0x00
.globl _sym_00c416b0
_sym_00c416b0:
.byte 0x02, 0x00, 0x00, 0x00
.globl _sym_00c416b4
_sym_00c416b4:
.byte 0x30, 0x00, 0x00, 0x00
.globl _sym_00c416b8
_sym_00c416b8:
.byte 0x00, 0x2f, 0x00, 0x00
.globl _sym_00c416bc
_sym_00c416bc:
.byte 0xfc, 0x38, 0x00, 0x00
.globl _sym_00c416c0
_sym_00c416c0:
.byte 0x00, 0x00, 0x00, 0x00
.globl _sym_00c416c4
_sym_00c416c4:
.byte 0x00, 0x00, 0x00, 0x00
.globl _sym_00c416c8
_sym_00c416c8:
.byte 0x00, 0x00, 0x00, 0x00
.globl _sym_00c416cc
_sym_00c416cc:
.byte 0x00, 0x00, 0x00, 0x00
.globl _sym_00c416d0
_sym_00c416d0:
.long _sym_00773ca0
.long _sym_00773ca0
.long _sym_00773ca0
.long _sym_00773ca0
.long _sym_00773ca0
.long _sym_00773ca0
.long _sym_00773ca0
.long _sym_00773ca0
.long _sym_00773910
.long _sym_00773990
.long _sym_00773ca0
.long _sym_00773ca0
.long _sym_00773ca0
.long _sym_00773a50
.long _sym_00773ca0
.long _sym_00773ca0
.globl _sym_00c41710
_sym_00c41710:
.long _sym_007793d0
.long _sym_007793b0
.long _sym_00773aa0
.long _sym_00773ad0
.long _sym_00773b40
.long _sym_00773bb0
.long _sym_00778a90
.long _sym_00779210
.long _sym_00773c20
.long _sym_00773d70
.globl _sym_00c41738
_sym_00c41738:
.byte 0x00, 0x01, 0x00, 0x00, 0x00, 0x00, 0x00, 0x00
.globl _sym_00c41740
_sym_00c41740:
.byte 0x31, 0x32, 0x38, 0x4d, 0x00, 0x00, 0x00, 0x00
.globl _sym_00c41748
_sym_00c41748:
.byte 0x66, 0x66, 0x78, 0x70
.globl _sym_00c4174c
_sym_00c4174c:
.byte 0x61, 0x73, 0x73, 0x66, 0x00, 0x00, 0x00, 0x00
.globl _sym_00c41754
_sym_00c41754:
.byte 0x66, 0x66, 0x78, 0x70
.globl _sym_00c41758
_sym_00c41758:
.byte 0x61, 0x73, 0x73, 0x72, 0x00, 0x00, 0x00, 0x00
.globl _sym_00c41760
_sym_00c41760:
.byte 0x46, 0x49, 0x4e, 0x41, 0x4c, 0x20, 0x46, 0x41, 0x4e, 0x54, 0x41, 0x53, 0x59, 0x20, 0xe2, 0x85
.byte 0xa9, 0x20, 0x49, 0x4e, 0x54, 0x45, 0x52, 0x4e, 0x41, 0x54, 0x49, 0x4f, 0x4e, 0x41, 0x4c, 0x00
.globl _sym_00c41780
_sym_00c41780:
.byte 0x50, 0x53, 0x32, 0x58, 0x0a, 0x74, 0x69, 0x74, 0x6c, 0x65, 0x30, 0x20, 0x3d, 0x20, 0x2a, 0x2a
.byte 0x2a, 0x2a, 0x2a, 0x2a, 0x2a, 0x2a, 0x2a, 0x2a, 0x2a, 0x2a, 0x2a, 0x2a, 0x2a, 0x2a, 0x2a, 0x2a
.byte 0x2a, 0x2a, 0x2a, 0x2a, 0x2a, 0x2a, 0x2a, 0x2a, 0x2a, 0x2a, 0x2a, 0x2a, 0x2a, 0x0a, 0x74, 0x69
.byte 0x74, 0x6c, 0x65, 0x31, 0x20, 0x3d, 0x20, 0x0a, 0x62, 0x67, 0x63, 0x6f, 0x6c, 0x61, 0x20, 0x3d
.byte 0x20, 0x36, 0x34, 0x0a, 0x62, 0x67, 0x63, 0x6f, 0x6c, 0x30, 0x20, 0x3d, 0x20, 0x30, 0x2c, 0x20
.byte 0x30, 0x2c, 0x20, 0x31, 0x32, 0x38, 0x0a, 0x62, 0x67, 0x63, 0x6f, 0x6c, 0x31, 0x20, 0x3d, 0x20
.byte 0x30, 0x2c, 0x20, 0x30, 0x2c, 0x20, 0x31, 0x32, 0x38, 0x0a, 0x62, 0x67, 0x63, 0x6f, 0x6c, 0x32
.byte 0x20, 0x3d, 0x20, 0x30, 0x2c, 0x20, 0x30, 0x2c, 0x20, 0x33, 0x32, 0x0a, 0x62, 0x67, 0x63, 0x6f
.byte 0x6c, 0x33, 0x20, 0x3d, 0x20, 0x30, 0x2c, 0x20, 0x30, 0x2c, 0x20, 0x33, 0x32, 0x0a, 0x6c, 0x69
.byte 0x67, 0x68, 0x74, 0x64, 0x69, 0x72, 0x30, 0x20, 0x3d, 0x20, 0x30, 0x2e, 0x35, 0x2c, 0x30, 0x2e
.byte 0x35, 0x2c, 0x30, 0x2e, 0x35, 0x0a, 0x6c, 0x69, 0x67, 0x68, 0x74, 0x64, 0x69, 0x72, 0x31, 0x20
.byte 0x3d, 0x20, 0x30, 0x2e, 0x30, 0x2c, 0x2d, 0x30, 0x2e, 0x34, 0x2c, 0x2d, 0x30, 0x2e, 0x31, 0x0a
.byte 0x6c, 0x69, 0x67, 0x68, 0x74, 0x64, 0x69, 0x72, 0x32, 0x20, 0x3d, 0x20, 0x2d, 0x30, 0x2e, 0x35
.byte 0x2c, 0x2d, 0x30, 0x2e, 0x35, 0x2c, 0x30, 0x2e, 0x35, 0x0a, 0x6c, 0x69, 0x67, 0x68, 0x74, 0x63
.byte 0x6f, 0x6c, 0x61, 0x6d, 0x62, 0x20, 0x3d, 0x20, 0x36, 0x34, 0x2c, 0x20, 0x36, 0x34, 0x2c, 0x20
.byte 0x36, 0x34, 0x0a, 0x6c, 0x69, 0x67, 0x68, 0x74, 0x63, 0x6f, 0x6c, 0x30, 0x20, 0x20, 0x20, 0x3d
.byte 0x20, 0x20, 0x36, 0x31, 0x2c, 0x20, 0x20, 0x36, 0x31, 0x2c, 0x20, 0x20, 0x33, 0x0a, 0x6c, 0x69
.byte 0x67, 0x68, 0x74, 0x63, 0x6f, 0x6c, 0x31, 0x20, 0x20, 0x20, 0x3d, 0x20, 0x20, 0x36, 0x34, 0x2c
.byte 0x20, 0x20, 0x34, 0x32, 0x2c, 0x20, 0x20, 0x32, 0x35, 0x0a, 0x6c, 0x69, 0x67, 0x68, 0x74, 0x63
.byte 0x6f, 0x6c, 0x32, 0x20, 0x20, 0x20, 0x3d, 0x20, 0x20, 0x31, 0x38, 0x2c, 0x20, 0x20, 0x31, 0x38
.byte 0x2c, 0x20, 0x20, 0x34, 0x38, 0x0a, 0x75, 0x6e, 0x69, 0x6e, 0x73, 0x74, 0x61, 0x6c, 0x6c, 0x6d
.byte 0x65, 0x73, 0x30, 0x20, 0x3d, 0x20, 0x0a, 0x75, 0x6e, 0x69, 0x6e, 0x73, 0x74, 0x61, 0x6c, 0x6c
.byte 0x6d, 0x65, 0x73, 0x31, 0x20, 0x3d, 0x20, 0x0a, 0x75, 0x6e, 0x69, 0x6e, 0x73, 0x74, 0x61, 0x6c
.byte 0x6c, 0x6d, 0x65, 0x73, 0x32, 0x20, 0x3d, 0x20, 0x0a, 0x00, 0x00, 0x00
.globl _sym_00c418fc
_sym_00c418fc:
.byte 0xb2, 0x01
.globl _sym_00c418fe
_sym_00c418fe:
.byte 0xb2, 0x01, 0xb2, 0x01, 0xb2, 0x01, 0xb2, 0x01, 0x00, 0x00
.globl _sym_00c41908
_sym_00c41908:
.byte 0xa0, 0x01
.globl _sym_00c4190a
_sym_00c4190a:
.byte 0xa0, 0x01, 0xa0, 0x01, 0xa0, 0x01, 0xa0, 0x01, 0x00, 0x00
.globl _sym_00c41914
_sym_00c41914:
.long _sym_0077a070
.long _sym_0077a090
.long _sym_0077a0b0
.long _sym_0077a0d0
.long _sym_0077a0f0
.long _sym_0077a110
.long _sym_0077a130
.long _sym_0077a150
.globl _sym_00c41934
_sym_00c41934:
.long _sym_0077a170
.long _sym_0077a180
.long _sym_0077a190
.long _sym_0077a1a0
.long _sym_0077a1b0
.long _sym_0077a1c0
.long _sym_0077a1d0
.long _sym_0077a1e0
.globl _sym_00c41954
_sym_00c41954:
.long _sym_0077a1f0
.long _sym_0077a200
.long _sym_0077a210
.long _sym_0077a220
.long _sym_0077a230
.long _sym_0077a240
.long _sym_0077a250
.long _sym_0077a260
.byte 0x00, 0x00, 0x00, 0x00
.globl _sym_00c41978
_sym_00c41978:
.byte 0x77, 0x0b, 0xd3, 0xc6, 0x40, 0x1e, 0xdf, 0xe1, 0xc0, 0xfc, 0xff, 0x3e, 0x7f, 0x59, 0xc3, 0xc3
.byte 0x78, 0xf8, 0x0f, 0x7f, 0xe1, 0x0f, 0xfc, 0xe1, 0x15, 0x3c, 0x8f, 0x57, 0x3e, 0x9f, 0xf9, 0x7c
.byte 0xe7, 0xf3, 0x9f, 0xcf, 0x7c, 0x3e, 0xf3, 0xf9, 0xcf, 0xe7, 0x3e, 0x9f, 0xff, 0x7d, 0xbe, 0x3a
.byte 0xf9, 0x7c, 0xe7, 0xf3, 0x9f, 0xcf, 0x7c, 0x3e, 0xf3, 0xf9, 0xcf, 0xe7, 0x3e, 0x9f, 0xf9, 0x7c
.byte 0xe7, 0xf3, 0x9f, 0xcf, 0x7c, 0x3e, 0xf3, 0xf9, 0xcf, 0xe7, 0x3e, 0x9f, 0xf9, 0x7c, 0xe7, 0xf3
.byte 0x9f, 0xcf, 0x7c, 0x3e, 0xf3, 0xf9, 0xcf, 0xe7, 0x3e, 0x9f, 0xff, 0x7d, 0xaf, 0xce, 0x3e, 0x9f
.byte 0xf9, 0x7c, 0xe7, 0xf3, 0x9f, 0xcf, 0x7c, 0x3e, 0xf3, 0xf9, 0xcf, 0xe7, 0x3e, 0x9f, 0xf9, 0x7c
.byte 0xe7, 0xf3, 0x9f, 0xcf, 0x7c, 0x3e, 0xf3, 0xf9, 0xcf, 0xe7, 0x3e, 0x9f, 0xf9, 0x7c, 0xe7, 0xf3
.byte 0x9f, 0xcf, 0x7c, 0x3e, 0xf3, 0xf9, 0xcf, 0xe7, 0x7f, 0x9f, 0xab, 0xf3, 0xcf, 0xe7, 0x3e, 0x9f
.byte 0xf9, 0x7c, 0xe7, 0xf3, 0x9f, 0xcf, 0x7c, 0x3e, 0xf3, 0xf9, 0xcf, 0xe7, 0x3e, 0x9f, 0xf9, 0x7c
.byte 0xe7, 0xf3, 0x9f, 0xcf, 0x7c, 0x3e, 0xf3, 0xf9, 0xcf, 0xe7, 0x3e, 0x9f, 0xf9, 0x7c, 0xe7, 0xf3
.byte 0x9f, 0xcf, 0x7c, 0x3e, 0xf3, 0xf9, 0xdf, 0xe7, 0xea, 0xfc, 0xf3, 0xf9, 0xcf, 0xe7, 0x3e, 0x9f
.byte 0xf9, 0x7c, 0xe7, 0xf3, 0x9f, 0xcf, 0x7c, 0x3e, 0xf3, 0xf9, 0xcf, 0xe7, 0x3e, 0x9f, 0xf9, 0x7c
.byte 0xe7, 0xf3, 0x9f, 0xcf, 0x7c, 0x3e, 0xf3, 0xf9, 0xcf, 0xe7, 0x3e, 0x9f, 0xf9, 0x7c, 0xe7, 0xf3
.byte 0x9f, 0xcf, 0x7c, 0x3e, 0xf7, 0xf9, 0x3a, 0xff, 0x7c, 0xbe, 0xf3, 0xf9, 0xcf, 0xe7, 0x3e, 0x9f
.byte 0xf9, 0x7c, 0xe7, 0xf3, 0x9f, 0xcf, 0x7c, 0x3e, 0xf3, 0xf9, 0xcf, 0xe7, 0x3e, 0x9f, 0xf9, 0x7c
.byte 0xe7, 0xf3, 0x9f, 0xcf, 0x7c, 0x3e, 0xf3, 0xf9, 0xcf, 0xe7, 0x3e, 0x9f, 0xf9, 0x7c, 0xe7, 0xf3
.byte 0x9f, 0xcf, 0x7d, 0x3e, 0xce, 0xff, 0x4f, 0xb9, 0x24, 0x86, 0x91, 0x48, 0x44, 0x22, 0x00, 0x89
.byte 0x00, 0x00, 0x01, 0x00, 0x6d, 0xbe, 0xdb, 0xb6, 0xb6, 0x6d, 0x78, 0xdb, 0xe3, 0xf1, 0xbb, 0xbb
.byte 0xbb, 0xbb, 0xbb, 0xbb, 0xbb, 0xbb, 0xbb, 0xbb, 0xbb, 0xbb, 0xbc, 0xbb, 0xf1, 0x78, 0xdb, 0xb6
.byte 0xf9, 0x7c, 0x6b, 0xad, 0xd6, 0x5a, 0xad, 0xb5, 0x5a, 0x6b, 0xb5, 0xd6, 0x6b, 0xad, 0xd6, 0x5a
.byte 0x00, 0xb4, 0x00, 0x00, 0xdb, 0x06, 0xb6, 0x6d, 0x6d, 0xdb, 0xf1, 0xb6, 0xc7, 0xe3, 0x77, 0x77
.byte 0x77, 0x77, 0x77, 0x77, 0x77, 0x77, 0x77, 0x77, 0x77, 0x77, 0x78, 0x77, 0xe3, 0xf1, 0xb6, 0x6d
.byte 0xf3, 0xf9, 0xd6, 0x5a, 0xad, 0xb5, 0x5a, 0x6b, 0xb5, 0xd6, 0x6b, 0xad, 0xd6, 0x5a, 0xad, 0xb5
.byte 0x00, 0x68, 0x00, 0x00, 0xb6, 0x0d, 0x6d, 0xdb, 0xdb, 0xb6, 0xe3, 0x6d, 0x8e, 0xc7, 0xee, 0xee
.byte 0xee, 0xee, 0xee, 0xee, 0xee, 0xee, 0xee, 0xee, 0xee, 0xee, 0xf1, 0xee, 0xc6, 0xe3, 0x6d, 0xdb
.byte 0xe6, 0xf3, 0xad, 0xb5, 0x5a, 0x6b, 0xb5, 0xd6, 0x6b, 0xad, 0xd6, 0x5a, 0xad, 0xb5, 0x5a, 0x6b
.byte 0x00, 0xd0, 0x00, 0x00, 0xe6, 0x1b, 0x6d, 0xdb, 0xdb, 0xb6, 0xb7, 0x6d, 0x1e, 0x8f, 0xbb, 0x3b
.byte 0xbb, 0xbb, 0xbb, 0xbb, 0xbb, 0xbb, 0xbb, 0xbb, 0xbb, 0xbb, 0xbb, 0xbb, 0x8f, 0xc7, 0x6d, 0x1b
.byte 0xcf, 0xb7, 0xd6, 0x9a, 0xad, 0xb5, 0x5a, 0x6b, 0xb5, 0xd6, 0x6b, 0xad, 0xd6, 0x5a, 0xad, 0xb5
.byte 0x40, 0x6b, 0x00, 0x00, 0x6d, 0x00, 0xdb, 0xb6, 0xb6, 0x6d, 0x6f, 0xdb, 0x3c, 0x1e, 0x77, 0x77
.byte 0x77, 0x77, 0x77, 0x77, 0x77, 0x77, 0x77, 0x77, 0x77, 0x77, 0x77, 0x77, 0x1e, 0x8f, 0xdb, 0x36
.byte 0x9f, 0x6f, 0xad, 0x35, 0x5a, 0x6b, 0xb5, 0xd6, 0x6b, 0xad, 0xd6, 0x5a, 0xad, 0xb5, 0x5a, 0x6b
.byte 0x80, 0xd6, 0x00, 0x00, 0xd8, 0x00, 0x00, 0x3e, 0x00, 0x00, 0x00, 0x00, 0x01, 0x00, 0x6d, 0xbe
.byte 0xdb, 0xb6, 0xb6, 0x6d, 0x78, 0xdb, 0xe3, 0xf1, 0xbb, 0xbb, 0xbb, 0xbb, 0xbb, 0xbb, 0xbb, 0xbb
.byte 0xbb, 0xbb, 0xbb, 0xbb, 0xbc, 0xbb, 0xf1, 0x78, 0xdb, 0xb6, 0xf9, 0x7c, 0x6b, 0xad, 0xd6, 0x5a
.byte 0xad, 0xb5, 0x5a, 0x6b, 0xb5, 0xd6, 0x6b, 0xad, 0xd6, 0x5a, 0x00, 0xb4, 0x00, 0x00, 0xdb, 0x06
.byte 0xb6, 0x6d, 0x6d, 0xdb, 0xf1, 0xb6, 0xc7, 0xe3, 0x77, 0x77, 0x77, 0x77, 0x77, 0x77, 0x77, 0x77
.byte 0x77, 0x77, 0x77, 0x77, 0x78, 0x77, 0xe3, 0xf1, 0xb6, 0x6d, 0xf3, 0xf9, 0xd6, 0x5a, 0xad, 0xb5
.byte 0x5a, 0x6b, 0xb5, 0xd6, 0x6b, 0xad, 0xd6, 0x5a, 0xad, 0xb5, 0x00, 0x68, 0x00, 0x00, 0xb6, 0x0d
.byte 0x6d, 0xdb, 0xdb, 0xb6, 0xe3, 0x6d, 0x8e, 0xc7, 0xee, 0xee, 0xee, 0xee, 0xee, 0xee, 0xee, 0xee
.byte 0xee, 0xee, 0xee, 0xee, 0xf1, 0xee, 0xc6, 0xe3, 0x6d, 0xdb, 0xe6, 0xf3, 0xad, 0xb5, 0x5a, 0x6b
.byte 0xb5, 0xd6, 0x6b, 0xad, 0xd6, 0x5a, 0xad, 0xb5, 0x5a, 0x6b, 0x00, 0xd0, 0x00, 0x00, 0xe6, 0x1b
.byte 0x6d, 0xdb, 0xdb, 0xb6, 0xb7, 0x6d, 0x1e, 0x8f, 0xbb, 0x3b, 0xbb, 0xbb, 0xbb, 0xbb, 0xbb, 0xbb
.byte 0xbb, 0xbb, 0xbb, 0xbb, 0xbb, 0xbb, 0x8f, 0xc7, 0x6d, 0x1b, 0xcf, 0xb7, 0xd6, 0x9a, 0xad, 0xb5
.byte 0x5a, 0x6b, 0xb5, 0xd6, 0x6b, 0xad, 0xd6, 0x5a, 0xad, 0xb5, 0x40, 0x6b, 0x00, 0x00, 0x6d, 0x00
.byte 0xdb, 0xb6, 0xb6, 0x6d, 0x6f, 0xdb, 0x3c, 0x1e, 0x77, 0x77, 0x77, 0x77, 0x77, 0x77, 0x77, 0x77
.byte 0x77, 0x77, 0x77, 0x77, 0x77, 0x77, 0x1e, 0x8f, 0xdb, 0x36, 0x9f, 0x6f, 0xad, 0x35, 0x5a, 0x6b
.byte 0xb5, 0xd6, 0x6b, 0xad, 0xd6, 0x5a, 0xad, 0xb5, 0x5a, 0x6b, 0x80, 0xd6, 0x00, 0x00, 0xd8, 0x00
.byte 0x00, 0x3e, 0x00, 0x00, 0x00, 0x00, 0x01, 0x00, 0x6d, 0xbe, 0xdb, 0xb6, 0xb6, 0x6d, 0x78, 0xdb
.byte 0xe3, 0xf1, 0xbb, 0xbb, 0xbb, 0xbb, 0xbb, 0xbb, 0xbb, 0xbb, 0xbb, 0xbb, 0xbb, 0xbb, 0xbc, 0xbb
.byte 0xf1, 0x78, 0xdb, 0xb6, 0xf9, 0x7c, 0x6b, 0xad, 0xd6, 0x5a, 0xad, 0xb5, 0x5a, 0x6b, 0xb5, 0xd6
.byte 0x6b, 0xad, 0xd6, 0x5a, 0x00, 0xb4, 0x00, 0x00, 0xdb, 0x06, 0xb6, 0x6d, 0x6d, 0xdb, 0xf1, 0xb6
.byte 0xc7, 0xe3, 0x77, 0x77, 0x77, 0x77, 0x77, 0x77, 0x77, 0x77, 0x77, 0x77, 0x77, 0x77, 0x78, 0x77
.byte 0xe3, 0xf1, 0xb6, 0x6d, 0xf3, 0xf9, 0xd6, 0x5a, 0xad, 0xb5, 0x5a, 0x6b, 0xb5, 0xd6, 0x6b, 0xad
.byte 0xd6, 0x5a, 0xad, 0xb5, 0x00, 0x68, 0x00, 0x00, 0xb6, 0x0d, 0x6d, 0xdb, 0xdb, 0xb6, 0xe3, 0x6d
.byte 0x8e, 0xc7, 0xee, 0xee, 0xee, 0xee, 0xee, 0xee, 0xee, 0xee, 0xee, 0xee, 0xee, 0xee, 0xf1, 0xee
.byte 0xc6, 0xe3, 0x6d, 0xdb, 0xe6, 0xf3, 0xad, 0xb5, 0x5a, 0x6b, 0xb5, 0xd6, 0x6b, 0xad, 0xd6, 0x5a
.byte 0xad, 0xb5, 0x5a, 0x6b, 0x00, 0xd0, 0x00, 0x00, 0xe6, 0x1b, 0x6d, 0xdb, 0xdb, 0xb6, 0xb7, 0x6d
.byte 0x1e, 0x8f, 0xbb, 0x3b, 0xbb, 0xbb, 0xbb, 0xbb, 0xbb, 0xbb, 0xbb, 0xbb, 0xbb, 0xbb, 0xbb, 0xbb
.byte 0x8f, 0xc7, 0x6d, 0x1b, 0xcf, 0xb7, 0xd6, 0x9a, 0xad, 0xb5, 0x5a, 0x6b, 0xb5, 0xd6, 0x6b, 0xad
.byte 0xd6, 0x5a, 0xad, 0xb5, 0x40, 0x6b, 0x00, 0x00, 0x6d, 0x00, 0xdb, 0xb6, 0xb6, 0x6d, 0x6f, 0xdb
.byte 0x3c, 0x1e, 0x77, 0x77, 0x77, 0x77, 0x77, 0x77, 0x77, 0x77, 0x77, 0x77, 0x77, 0x77, 0x77, 0x77
.byte 0x1e, 0x8f, 0xdb, 0x36, 0x9f, 0x6f, 0xad, 0x35, 0x5a, 0x6b, 0xb5, 0xd6, 0x6b, 0xad, 0xd6, 0x5a
.byte 0xad, 0xb5, 0x5a, 0x6b, 0x80, 0xd6, 0x00, 0x00, 0xd8, 0x00, 0x00, 0x3e, 0x00, 0x00, 0x00, 0x00
.byte 0x01, 0x00, 0x6d, 0xbe, 0xdb, 0xb6, 0xb6, 0x6d, 0x78, 0xdb, 0xe3, 0xf1, 0xbb, 0xbb, 0xbb, 0xbb
.byte 0xbb, 0xbb, 0xbb, 0xbb, 0xbb, 0xbb, 0xbb, 0xbb, 0xbc, 0xbb, 0xf1, 0x78, 0xdb, 0xb6, 0xf9, 0x7c
.byte 0x6b, 0xad, 0xd6, 0x5a, 0xad, 0xb5, 0x5a, 0x6b, 0xb5, 0xd6, 0x6b, 0xad, 0xd6, 0x5a, 0x00, 0xb4
.byte 0x00, 0x00, 0xdb, 0x06, 0xb6, 0x6d, 0x6d, 0xdb, 0xf1, 0xb6, 0xc7, 0xe3, 0x77, 0x77, 0x77, 0x77
.byte 0x77, 0x77, 0x77, 0x77, 0x77, 0x77, 0x77, 0x77, 0x78, 0x77, 0xe3, 0xf1, 0xb6, 0x6d, 0xf3, 0xf9
.byte 0xd6, 0x5a, 0xad, 0xb5, 0x5a, 0x6b, 0xb5, 0xd6, 0x6b, 0xad, 0xd6, 0x5a, 0xad, 0xb5, 0x00, 0x68
.byte 0x00, 0x00, 0xb6, 0x0d, 0x6d, 0xdb, 0xdb, 0xb6, 0xe3, 0x6d, 0x8e, 0xc7, 0xee, 0xee, 0xee, 0xee
.byte 0xee, 0xee, 0xee, 0xee, 0xee, 0xee, 0xee, 0xee, 0xf1, 0xee, 0xc6, 0xe3, 0x6d, 0xdb, 0xe6, 0xf3
.byte 0xad, 0xb5, 0x5a, 0x6b, 0xb5, 0xd6, 0x6b, 0xad, 0xd6, 0x5a, 0xad, 0xb5, 0x5a, 0x6b, 0x00, 0xd0
.byte 0x00, 0x00, 0xe6, 0x1b, 0x6d, 0xdb, 0xdb, 0xb6, 0xb7, 0x6d, 0x1e, 0x8f, 0xbb, 0x3b, 0xbb, 0xbb
.byte 0xbb, 0xbb, 0xbb, 0xbb, 0xbb, 0xbb, 0xbb, 0xbb, 0xbb, 0xbb, 0x8f, 0xc7, 0x6d, 0x1b, 0xcf, 0xb7
.byte 0xd6, 0x9a, 0xad, 0xb5, 0x5a, 0x6b, 0xb5, 0xd6, 0x6b, 0xad, 0xd6, 0x5a, 0xad, 0xb5, 0x40, 0x6b
.byte 0x00, 0x00, 0x6d, 0x00, 0xdb, 0xb6, 0xb6, 0x6d, 0x6f, 0xdb, 0x3c, 0x1e, 0x77, 0x77, 0x77, 0x77
.byte 0x77, 0x77, 0x77, 0x77, 0x77, 0x77, 0x77, 0x77, 0x77, 0x77, 0x1e, 0x8f, 0xdb, 0x36, 0x9f, 0x6f
.byte 0xad, 0x35, 0x5a, 0x6b, 0xb5, 0xd6, 0x6b, 0xad, 0xd6, 0x5a, 0xad, 0xb5, 0x5a, 0x6b, 0x80, 0xd6
.byte 0x00, 0x00, 0xd8, 0x00, 0x00, 0x3e, 0x00, 0x00, 0x00, 0x00, 0x01, 0x00, 0x6d, 0xbe, 0xdb, 0xb6
.byte 0xb6, 0x6d, 0x78, 0xdb, 0xe3, 0xf1, 0xbb, 0xbb, 0xbb, 0xbb, 0xbb, 0xbb, 0xbb, 0xbb, 0xbb, 0xbb
.byte 0xbb, 0xbb, 0xbc, 0xbb, 0xf1, 0x78, 0xdb, 0xb6, 0xf9, 0x7c, 0x6b, 0xad, 0xd6, 0x5a, 0xad, 0xb5
.byte 0x5a, 0x6b, 0xb5, 0xd6, 0x6b, 0xad, 0xd6, 0x5a, 0x00, 0xb4, 0x00, 0x00, 0xdb, 0x06, 0xb6, 0x6d
.byte 0x6d, 0xdb, 0xf1, 0xb6, 0xc7, 0xe3, 0x77, 0x77, 0x77, 0x77, 0x77, 0x77, 0x77, 0x77, 0x77, 0x77
.byte 0x77, 0x77, 0x78, 0x77, 0xe3, 0xf1, 0xb6, 0x6d, 0xf3, 0xf9, 0xd6, 0x5a, 0xad, 0xb5, 0x5a, 0x6b
.byte 0xb5, 0xd6, 0x6b, 0xad, 0xd6, 0x5a, 0xad, 0xb5, 0x00, 0x68, 0x00, 0x00, 0xb6, 0x0d, 0x6d, 0xdb
.byte 0xdb, 0xb6, 0xe3, 0x6d, 0x8e, 0xc7, 0xee, 0xee, 0xee, 0xee, 0xee, 0xee, 0xee, 0xee, 0xee, 0xee
.byte 0xee, 0xee, 0xf1, 0xee, 0xc6, 0xe3, 0x6d, 0xdb, 0xe6, 0xf3, 0xad, 0xb5, 0x5a, 0x6b, 0xb5, 0xd6
.byte 0x6b, 0xad, 0xd6, 0x5a, 0xad, 0xb5, 0x5a, 0x6b, 0x00, 0xd0, 0x00, 0x00, 0xe6, 0x1b, 0x6d, 0xdb
.byte 0xdb, 0xb6, 0xb7, 0x6d, 0x1e, 0x8f, 0xbb, 0x3b, 0xbb, 0xbb, 0xbb, 0xbb, 0xbb, 0xbb, 0xbb, 0xbb
.byte 0xbb, 0xbb, 0xbb, 0xbb, 0x8f, 0xc7, 0x6d, 0x1b, 0xcf, 0xb7, 0xd6, 0x9a, 0xad, 0xb5, 0x5a, 0x6b
.byte 0xb5, 0xd6, 0x6b, 0xad, 0xd6, 0x5a, 0xad, 0xb5, 0x40, 0x6b, 0x00, 0x00, 0x6d, 0x00, 0xdb, 0xb6
.byte 0xb6, 0x6d, 0x6f, 0xdb, 0x3c, 0x1e, 0x77, 0x77, 0x77, 0x77, 0x77, 0x77, 0x77, 0x77, 0x77, 0x77
.byte 0x77, 0x77, 0x77, 0x77, 0x1e, 0x8f, 0xdb, 0x36, 0x9f, 0x6f, 0xad, 0x35, 0x5a, 0x6b, 0xb5, 0xd6
.byte 0x6b, 0xad, 0xd6, 0x5a, 0xad, 0xb5, 0x5a, 0x6b, 0x80, 0xd6, 0x00, 0x00, 0xd8, 0x00, 0x00, 0x3e
.byte 0x01, 0x00, 0x80, 0x02, 0x91, 0x5d, 0xa7, 0xcc, 0x00, 0x80, 0x00, 0x00, 0x36, 0xdf, 0x6d, 0xdb
.byte 0xdb, 0xb6, 0xbc, 0x6d, 0xf1, 0x78, 0xdd, 0xdd, 0xdd, 0xdd, 0xdd, 0xdd, 0xdd, 0xdd, 0xdd, 0xdd
.byte 0xdd, 0xdd, 0xde, 0xdd, 0x78, 0x3c, 0x6d, 0xdb, 0x7c, 0xbe, 0xb5, 0xd6, 0x6b, 0xad, 0xd6, 0x5a
.byte 0xad, 0xb5, 0x5a, 0x6b, 0xb5, 0xd6, 0x6b, 0xad, 0x00, 0x5a, 0x00, 0x00, 0x6d, 0x03, 0xdb, 0xb6
.byte 0xb6, 0x6d, 0x78, 0xdb, 0xe3, 0xf1, 0xbb, 0xbb, 0xbb, 0xbb, 0xbb, 0xbb, 0xbb, 0xbb, 0xbb, 0xbb
.byte 0xbb, 0xbb, 0xbc, 0xbb, 0xf1, 0x78, 0xdb, 0xb6, 0xf9, 0x7c, 0x6b, 0xad, 0xd6, 0x5a, 0xad, 0xb5
.byte 0x5a, 0x6b, 0xb5, 0xd6, 0x6b, 0xad, 0xd6, 0x5a, 0x00, 0xb4, 0x00, 0x00, 0xdb, 0x06, 0xb6, 0x6d
.byte 0x6d, 0xdb, 0xf1, 0xb6, 0xc7, 0xe3, 0x77, 0x77, 0x77, 0x77, 0x77, 0x77, 0x77, 0x77, 0x77, 0x77
.byte 0x77, 0x77, 0x78, 0x77, 0xe3, 0xf1, 0xb6, 0x6d, 0xf3, 0xf9, 0xd6, 0x5a, 0xad, 0xb5, 0x5a, 0x6b
.byte 0xb5, 0xd6, 0x6b, 0xad, 0xd6, 0x5a, 0xad, 0xb5, 0x00, 0x68, 0x00, 0x00, 0xf3, 0x0d, 0xb6, 0x6d
.byte 0x6d, 0xdb, 0xdb, 0xb6, 0x8f, 0xc7, 0xdd, 0x1d, 0xdd, 0xdd, 0xdd, 0xdd, 0xdd, 0xdd, 0xdd, 0xdd
.byte 0xdd, 0xdd, 0xdd, 0xdd, 0xc7, 0xe3, 0xb6, 0x8d, 0xe7, 0xdb, 0x6b, 0xcd, 0xd6, 0x5a, 0xad, 0xb5
.byte 0x5a, 0x6b, 0xb5, 0xd6, 0x6b, 0xad, 0xd6, 0x5a, 0xa0, 0xb5, 0x00, 0x00, 0x36, 0x00, 0x6d, 0xdb
.byte 0xdb, 0xb6, 0xb7, 0x6d, 0x1e, 0x8f, 0xbb, 0x3b, 0xbb, 0xbb, 0xbb, 0xbb, 0xbb, 0xbb, 0xbb, 0xbb
.byte 0xbb, 0xbb, 0xbb, 0xbb, 0x8f, 0xc7, 0x6d, 0x1b, 0xcf, 0xb7, 0xd6, 0x9a, 0xad, 0xb5, 0x5a, 0x6b
.byte 0xb5, 0xd6, 0x6b, 0xad, 0xd6, 0x5a, 0xad, 0xb5, 0x40, 0x6b, 0x00, 0x00, 0x6c, 0x00, 0x7d, 0xc1
.globl _sym_00c42078
_sym_00c42078:
.byte 0x00, 0x00, 0x00, 0x00
.globl _sym_00c4207c
_sym_00c4207c:
.byte 0x00, 0x00, 0x00, 0x00, 0x3c, 0x00, 0x00, 0x00, 0x00, 0x00, 0x00, 0x00, 0x73, 0x00, 0x00, 0x00
.byte 0xcc, 0xff, 0xff, 0xff, 0x62, 0x00, 0x00, 0x00, 0xc9, 0xff, 0xff, 0xff, 0x7a, 0x00, 0x00, 0x00
.byte 0xc4, 0xff, 0xff, 0xff
.globl _sym_00c420a0
_sym_00c420a0:
.byte 0x08, 0x10, 0x13, 0x16, 0x1a, 0x1b, 0x1d, 0x22, 0x10, 0x10, 0x16, 0x18, 0x1b, 0x1d, 0x22, 0x25
.byte 0x13, 0x16, 0x1a, 0x1b, 0x1d, 0x22, 0x22, 0x26, 0x16, 0x16, 0x1a, 0x1b, 0x1d, 0x22, 0x25, 0x28
.byte 0x16, 0x1a, 0x1b, 0x1d, 0x20, 0x23, 0x28, 0x30, 0x1a, 0x1b, 0x1d, 0x20, 0x23, 0x28, 0x30, 0x3a
.byte 0x1a, 0x1b, 0x1d, 0x22, 0x26, 0x2e, 0x38, 0x45, 0x1b, 0x1d, 0x23, 0x26, 0x2e, 0x38, 0x45, 0x53
.globl _sym_00c420e0
_sym_00c420e0:
.byte 0x10, 0x11, 0x12, 0x13, 0x14, 0x15, 0x16, 0x17, 0x11, 0x12, 0x13, 0x14, 0x15, 0x16, 0x17, 0x18
.byte 0x12, 0x13, 0x14, 0x15, 0x16, 0x17, 0x18, 0x19, 0x13, 0x14, 0x15, 0x16, 0x17, 0x18, 0x1a, 0x1b
.byte 0x14, 0x15, 0x16, 0x17, 0x19, 0x1a, 0x1b, 0x1c, 0x15, 0x16, 0x17, 0x18, 0x1a, 0x1b, 0x1c, 0x1e
.byte 0x16, 0x17, 0x18, 0x1a, 0x1b, 0x1c, 0x1e, 0x1f, 0x17, 0x18, 0x19, 0x1b, 0x1c, 0x1e, 0x1f, 0x21
.globl _sym_00c42120
_sym_00c42120:
.byte 0x00, 0x01, 0x08, 0x10, 0x09, 0x02, 0x03, 0x0a, 0x11, 0x18, 0x20, 0x19, 0x12, 0x0b, 0x04, 0x05
.byte 0x0c, 0x13, 0x1a, 0x21, 0x28, 0x30, 0x29, 0x22, 0x1b, 0x14, 0x0d, 0x06, 0x07, 0x0e, 0x15, 0x1c
.byte 0x23, 0x2a, 0x31, 0x38, 0x39, 0x32, 0x2b, 0x24, 0x1d, 0x16, 0x0f, 0x17, 0x1e, 0x25, 0x2c, 0x33
.byte 0x3a, 0x3b, 0x34, 0x2d, 0x26, 0x1f, 0x27, 0x2e, 0x35, 0x3c, 0x3d, 0x36, 0x2f, 0x37, 0x3e, 0x3f
.globl _sym_00c42160
_sym_00c42160:
.byte 0x00, 0x08, 0x10, 0x18, 0x01, 0x09, 0x02, 0x0a, 0x11, 0x19, 0x20, 0x28, 0x30, 0x38, 0x39, 0x31
.byte 0x29, 0x21, 0x1a, 0x12, 0x03, 0x0b, 0x04, 0x0c, 0x13, 0x1b, 0x22, 0x2a, 0x32, 0x3a, 0x23, 0x2b
.byte 0x33, 0x3b, 0x14, 0x1c, 0x05, 0x0d, 0x06, 0x0e, 0x15, 0x1d, 0x24, 0x2c, 0x34, 0x3c, 0x25, 0x2d
.byte 0x35, 0x3d, 0x16, 0x1e, 0x07, 0x0f, 0x17, 0x1f, 0x26, 0x2e, 0x36, 0x3e, 0x27, 0x2f, 0x37, 0x3f
.globl _sym_00c421a0
_sym_00c421a0:
.byte 0x01, 0x00, 0x00, 0x00
.globl _sym_00c421a4
_sym_00c421a4:
.byte 0x00, 0x01, 0x04, 0x05, 0x06, 0x08, 0x0a, 0x0b, 0x0c, 0xff, 0x00, 0x00
.globl _sym_00c421b0
_sym_00c421b0:
.byte 0x62, 0x74, 0x6c, 0x65, 0x6e, 0x76, 0x2e, 0x74, 0x78, 0x74, 0x00, 0x00
.globl _sym_00c421bc
_sym_00c421bc:
.byte 0x01, 0x00, 0x00, 0x00
.globl _sym_00c421c0
_sym_00c421c0:
.byte 0xff, 0xff, 0xff, 0xff
.globl _sym_00c421c4
_sym_00c421c4:
.byte 0xff, 0xff, 0xff, 0xff
.globl _sym_00c421c8
_sym_00c421c8:
.byte 0x01, 0x00, 0x00, 0x00
.globl _sym_00c421cc
_sym_00c421cc:
.byte 0xff, 0xff, 0xff, 0xff
.globl _sym_00c421d0
_sym_00c421d0:
.byte 0xff, 0xff, 0xff, 0xff
.globl _sym_00c421d4
_sym_00c421d4:
.byte 0xff, 0xff, 0xff, 0xff
.globl _sym_00c421d8
_sym_00c421d8:
.byte 0xff, 0xff, 0xff, 0xff
.globl _sym_00c421dc
_sym_00c421dc:
.byte 0x01, 0x00, 0x00, 0x00
.globl _sym_00c421e0
_sym_00c421e0:
.byte 0x19, 0x1e, 0x1e, 0x28, 0x28, 0x32, 0x3c, 0x50, 0x64, 0x00, 0x00, 0x00
.globl _sym_00c421ec
_sym_00c421ec:
.byte 0x01, 0x00, 0x00, 0x00
.globl _sym_00c421f0
_sym_00c421f0:
.byte 0x01, 0x00, 0x00, 0x00
.globl _sym_00c421f4
_sym_00c421f4:
.byte 0x01, 0x00, 0x00, 0x00
.globl _sym_00c421f8
_sym_00c421f8:
.byte 0xdd, 0x89, 0x2b, 0x7d, 0x9b, 0x2e, 0x54, 0x65, 0xd7, 0x6b, 0xbb, 0x0e, 0xa6, 0x6b, 0x25, 0x35
.byte 0x60, 0x26, 0x9d, 0x50, 0x95, 0x36, 0x2d, 0x5d, 0x42, 0x78, 0x14, 0x5b, 0x7c, 0x01, 0x80, 0x1e
.byte 0x6a, 0x31, 0xb5, 0x67, 0x01, 0x3f, 0xbb, 0x17, 0x37, 0x2a, 0x30, 0x4c, 0x28, 0x22, 0x40, 0x01
.byte 0xa5, 0x79, 0x42, 0x46, 0x1d, 0x6f, 0xdb, 0x2f, 0x54, 0x2f, 0x64, 0x43, 0x83, 0x0f, 0x58, 0x5f
.byte 0xf4, 0x0c, 0xc9, 0x38, 0xa7, 0xd8, 0x6d, 0xca, 0x3e, 0x2b, 0x8e, 0xbe, 0x65, 0xb8, 0xfc, 0x87
.byte 0x08, 0xcf, 0xce, 0xeb, 0xb0, 0x4a, 0xb8, 0xda, 0xd2, 0x59, 0xd3, 0x85, 0x1b, 0xb8, 0x31, 0xdf
.byte 0xbc, 0xd5, 0xad, 0xff, 0xbf, 0x88, 0x52, 0xf8, 0x91, 0x1d, 0x55, 0x97, 0x1e, 0xf8, 0x3b, 0x52
.byte 0xc4, 0x42, 0xf0, 0x35, 0xe2, 0x93, 0xe8, 0xb7, 0xb9, 0xcf, 0x14, 0x9c, 0x51, 0x0c, 0x3c, 0xb3
.byte 0x9a, 0x07, 0x93, 0x62, 0x6f, 0x15, 0x79, 0x17, 0x44, 0xb9, 0xd4, 0xce, 0x85, 0x30, 0x88, 0x6d
.byte 0x8b, 0x42, 0x63, 0x38, 0x95, 0xc6, 0x65, 0x4a, 0x9d, 0x0a, 0x9f, 0x9b, 0x1d, 0x6d, 0x54, 0x82
.byte 0xf8, 0x27, 0x5c, 0xd7, 0x24, 0x84, 0xd7, 0x3b, 0x1d, 0xdf, 0xd4, 0x5f, 0xcf, 0x81, 0x1c, 0xdd
.byte 0x52, 0x86, 0x9a, 0x4c, 0x51, 0xa8, 0x08, 0x77, 0x18, 0x11, 0xa4, 0xf9, 0xba, 0x1a, 0x25, 0x70
.byte 0x8c, 0x24, 0x62, 0x1c, 0x64, 0x68, 0x53, 0x12, 0xda, 0x37, 0xef, 0x4c, 0xe8, 0xa9, 0xaf, 0x09
.byte 0x57, 0x88, 0x41, 0xf3, 0xf2, 0x5c, 0x4a, 0xbc, 0xbd, 0x28, 0x2a, 0xb4, 0xd1, 0x6f, 0x77, 0x58
.byte 0x0e, 0x32, 0x06, 0xa3, 0xee, 0xb0, 0xe6, 0x53, 0xee, 0xcb, 0xe4, 0x47, 0x02, 0xee, 0x5d, 0xa4
.byte 0x77, 0xb5, 0x14, 0x26, 0xaf, 0xb5, 0xab, 0x22, 0x6d, 0x38, 0x6a, 0x45, 0x1e, 0xe9, 0x5e, 0xaa
.byte 0x06, 0xa8, 0x2a, 0x54, 0x0a, 0x10, 0x51, 0xa4, 0xb0, 0x98, 0x03, 0xef, 0x98, 0xc9, 0x14, 0x2a
.globl _sym_00c42308
_sym_00c42308:
.byte 0x13, 0x28, 0xf3, 0x5f, 0xa9, 0x2b, 0x78, 0xde, 0x75, 0xb4, 0xa2, 0xc2, 0xc5, 0x69, 0xe9, 0x04
.byte 0x84, 0xac, 0xf5, 0xdc, 0x21, 0x79, 0x1a, 0xb6, 0x8d, 0xfb, 0x09, 0xb4, 0x07, 0xe3, 0x22, 0x33
.byte 0x28, 0x4c, 0x54, 0xba, 0xab, 0x52, 0x77, 0x3f, 0x3e, 0x02, 0xe2, 0x48, 0x4f, 0xec, 0x4a, 0xa4
.byte 0x54, 0x9e, 0x51, 0x35, 0x71, 0x1f, 0x19, 0x63, 0x9d, 0x24, 0x35, 0xbf, 0x75, 0x5a, 0xdf, 0x7f
.byte 0xa5, 0x73, 0xed, 0xab, 0xef, 0x40, 0xf2, 0x3a, 0xf7, 0xaa, 0x92, 0xc8, 0x45, 0x6f, 0x18, 0x99
.byte 0x95, 0x9c, 0x7d, 0x80, 0xb8, 0xa1, 0xf3, 0x04, 0x4c, 0x3c, 0x6d, 0x83, 0x45, 0x91, 0x19, 0xe3
.byte 0x88, 0x3f, 0x11, 0xe9, 0x9f, 0xd1, 0x08, 0x2d, 0xd0, 0x92, 0xfb, 0x47, 0xb3, 0xe9, 0x31, 0xc1
.byte 0x8a, 0x59, 0x94, 0x5e, 0x43, 0xf5, 0xb1, 0xdb, 0x16, 0xd8, 0x99, 0x25, 0x16, 0xe1, 0x9c, 0x1d
.byte 0x95, 0xdc, 0x38, 0xc0, 0xc7, 0xa2, 0x6a, 0x8e
.globl _sym_00c42390
_sym_00c42390:
.byte 0x01, 0x00, 0x00, 0x00, 0x02, 0x00, 0x00, 0x00, 0x03, 0x00, 0x00, 0x00, 0x04, 0x00, 0x00, 0x00
.byte 0x05, 0x00, 0x00, 0x00, 0x06, 0x00, 0x00, 0x00, 0x07, 0x00, 0x00, 0x00, 0x08, 0x00, 0x00, 0x00
.byte 0x01, 0x30, 0x00, 0x00, 0x02, 0x30, 0x00, 0x00, 0x03, 0x30, 0x00, 0x00, 0x04, 0x30, 0x00, 0x00
.byte 0x06, 0x30, 0x00, 0x00, 0x07, 0x30, 0x00, 0x00, 0x08, 0x30, 0x00, 0x00, 0x09, 0x30, 0x00, 0x00
.byte 0x0a, 0x30, 0x00, 0x00, 0x0b, 0x30, 0x00, 0x00
.globl _sym_00c423d8
_sym_00c423d8:
.byte 0xff, 0xff, 0x00
.globl _sym_00c423db
_sym_00c423db:
.byte 0x80, 0x2d, 0x2d, 0x00, 0xc0, 0xff, 0xff, 0x00, 0x80, 0x17, 0x17, 0x00, 0xc0, 0xff, 0xff, 0x00
.byte 0x80, 0xff, 0xff, 0x00, 0x80, 0xff, 0xff, 0x00, 0x80, 0xff, 0xff, 0x00, 0x80, 0x1d, 0x1d, 0x00
.byte 0xc0, 0x1b, 0x1b, 0x00, 0x80, 0xff, 0xff, 0x00, 0x80, 0xff, 0xff, 0x00, 0x80, 0x00, 0x00, 0x00
.byte 0x00, 0x00, 0x00, 0x00, 0x00
.globl _sym_00c42410
_sym_00c42410:
.byte 0xff, 0xff, 0x00
.globl _sym_00c42413
_sym_00c42413:
.byte 0x00, 0xff, 0xff, 0x00, 0x00, 0xff, 0xff, 0x00, 0x00, 0xff, 0xff, 0x00, 0x00, 0xff, 0xff, 0x00
.byte 0x00, 0xff, 0xff, 0x00, 0x00, 0xff, 0xff, 0x00, 0x00, 0xff, 0xff, 0x00, 0x00, 0xff, 0xff, 0x00
.byte 0x80, 0x26, 0x26, 0x00, 0x00, 0xff, 0xff, 0x00, 0x80, 0x15, 0x15, 0x00, 0x10, 0xff, 0xff, 0x00
.byte 0x00, 0x16, 0x16, 0x00, 0x10, 0xff, 0xff, 0x00, 0x80, 0xff, 0xff, 0x00, 0x00, 0x00, 0x00, 0x00
.byte 0x00
.globl _sym_00c42454
_sym_00c42454:
.byte 0x18, 0x18, 0x00
.globl _sym_00c42457
_sym_00c42457:
.byte 0xac, 0x19, 0x19, 0x00, 0xcc, 0x1a, 0x1a, 0x00, 0xcc, 0x0d, 0x0d, 0x00, 0x14, 0x0e, 0x0e, 0x00
.byte 0x14, 0x0f, 0x0f, 0x00, 0x14, 0x13, 0x13, 0x00, 0x00, 0x11, 0x11, 0x00, 0x00, 0x12, 0x12, 0x00
.byte 0x00, 0x10, 0x10, 0x00, 0x00, 0x0c, 0x0c, 0x00, 0x03, 0xff, 0xff, 0x00, 0x0c, 0xff, 0xff, 0x00
.byte 0x8c, 0x00, 0x00, 0x00, 0x00, 0x00, 0x00, 0x00, 0x00
.globl _sym_00c42490
_sym_00c42490:
.byte 0x3b, 0x00, 0x00, 0x00
.globl _sym_00c42494
_sym_00c42494:
.byte 0x3c, 0x00, 0x00, 0x00
.globl _sym_00c42498
_sym_00c42498:
.byte 0x3a, 0x00, 0x00, 0x00
.globl _sym_00c4249c
_sym_00c4249c:
.byte 0x3d, 0x00, 0x00, 0x00
.globl _sym_00c424a0
_sym_00c424a0:
.byte 0x00
.globl _sym_00c424a1
_sym_00c424a1:
.byte 0x00
.globl _sym_00c424a2
_sym_00c424a2:
.byte 0x20, 0x00, 0x03, 0x3c, 0x00, 0x06, 0x54, 0x00, 0x08, 0x68, 0x00, 0x0a, 0x78, 0x00, 0x0b, 0x80
.byte 0x00, 0x0c, 0x80, 0x00, 0x0b, 0x80, 0x00, 0x0a, 0x80, 0x00, 0x08, 0x80, 0x00, 0x06, 0x80, 0x00
.byte 0x03, 0x80, 0x00, 0x00, 0x80, 0x00, 0x02, 0x80, 0x00, 0x03, 0x80, 0x00, 0x02, 0x80, 0x00, 0x00
.byte 0x80, 0x00, 0x01, 0x80, 0x00, 0x00, 0x80, 0x00, 0x00, 0x80, 0x00, 0x00, 0x80, 0x00, 0x00, 0x80
.byte 0x00, 0x00, 0x80, 0x00, 0x00, 0x80, 0x00, 0x00, 0x80, 0x00, 0x00, 0x80, 0x00, 0x00, 0x80, 0x00
.byte 0x00, 0x80, 0x00, 0x00, 0x80, 0x00, 0x00, 0x80, 0x00, 0x00, 0x80, 0x00, 0x00, 0x80
.globl _sym_00c42500
_sym_00c42500:
.byte 0x01, 0x02, 0x03, 0x04, 0x05, 0x06, 0x07, 0xff, 0x08, 0x09, 0xff, 0xff, 0xff, 0x0a, 0x0b, 0xff
.byte 0x0c, 0x0d, 0x0e, 0x0f, 0x10, 0x11, 0x12, 0xff, 0x13, 0x14, 0xff, 0xff, 0xff, 0xff, 0xff, 0xff
.byte 0x15, 0x16, 0x17, 0x18, 0x19, 0x1a, 0x1b, 0xff, 0x1c, 0x1d, 0x1e, 0x1f, 0x20, 0x21, 0x22, 0xff
.byte 0x23, 0x24, 0x25, 0x26, 0x27, 0x28, 0x29, 0x2a, 0x2b, 0x2c, 0xff, 0xff, 0xff, 0xff, 0xff, 0xff
.globl _sym_00c42540
_sym_00c42540:
.byte 0x00, 0x00, 0x01, 0x00, 0x02, 0x00, 0x03, 0x00, 0x04, 0x00, 0x0b, 0x04, 0x00, 0x11, 0x04, 0x10
.byte 0x05, 0x10, 0xff, 0x00, 0xff, 0x00, 0x0a, 0x00, 0x0a, 0x00, 0x0a, 0x00, 0x09, 0x00, 0x09, 0x00
.byte 0x09, 0x00, 0x09, 0x00, 0x09, 0x00, 0xff, 0x00, 0xff, 0x00, 0xff, 0x00, 0xff, 0x00, 0xff, 0x00
.byte 0xff, 0x00, 0xff, 0x00, 0xff, 0x00, 0xff, 0x00, 0x05, 0x08, 0x0e, 0x04, 0x10, 0x04, 0x12, 0x00
.byte 0xff, 0x00, 0x00, 0x00, 0x00, 0x00, 0x00, 0x00
.globl _sym_00c42588
_sym_00c42588:
.byte 0x00, 0x00, 0x01, 0x00, 0x02, 0x00, 0x03, 0x00, 0x04, 0x00, 0x0b, 0x04, 0x06, 0x02, 0xff, 0x00
.byte 0x08, 0x00, 0xff, 0x00, 0xff, 0x00, 0x0a, 0x00, 0x0a, 0x00, 0x0a, 0x00, 0x09, 0x00, 0x09, 0x00
.byte 0x09, 0x00, 0x09, 0x00, 0x09, 0x00, 0xff, 0x00, 0xff, 0x00, 0xff, 0x00, 0xff, 0x00, 0xff, 0x00
.byte 0xff, 0x00, 0xff, 0x00, 0xff, 0x00, 0xff, 0x00, 0x05, 0x08, 0x0e, 0x04, 0x10, 0x04, 0x12, 0x00
.byte 0xff, 0x00, 0x00, 0x00, 0x00, 0x00, 0x00, 0x00
.globl _sym_00c425d0
_sym_00c425d0:
.byte 0x13, 0x00, 0x13, 0x00, 0x13, 0x00, 0xff, 0x00, 0xff, 0x00, 0x04, 0x00, 0x05, 0x02, 0x05, 0x02
.byte 0x05, 0x02, 0x00, 0x00, 0x01, 0x00, 0x02, 0x00, 0x03, 0x00, 0x0b, 0x00, 0x07, 0x00, 0x08, 0x00
.byte 0x09, 0x00, 0x0a, 0x00, 0x14, 0x00, 0x0c, 0x00, 0x0d, 0x00, 0x0e, 0x00, 0x0f, 0x00, 0x10, 0x00
.byte 0x11, 0x00, 0x12, 0x00, 0xff, 0x00, 0x15, 0x00, 0xff, 0x00, 0x16, 0x00, 0xff, 0x00, 0xff, 0x00
.byte 0x17, 0x00, 0x00, 0x00, 0x00, 0x00, 0x00, 0x00
.globl _sym_00c42618
_sym_00c42618:
.byte 0x00, 0x00, 0x00, 0x00, 0x00, 0x00, 0x00, 0x00, 0x00, 0x00, 0x00, 0x00
.long _sym_007a8640
.byte 0x00, 0x00, 0x00, 0x00, 0x00, 0x00, 0x00, 0x00, 0x00, 0x00, 0x00, 0x00
.long _sym_007a39f0
.long _sym_007a3550
.long _sym_007a35e0
.byte 0x00, 0x00, 0x00, 0x00, 0x00, 0x00, 0x00, 0x00, 0x00, 0x00, 0x00, 0x00, 0x00, 0x00, 0x00, 0x00
.byte 0x00, 0x00, 0x00, 0x00
.long _sym_007a3db0
.byte 0x00, 0x00, 0x00, 0x00, 0x00, 0x00, 0x00, 0x00, 0x00, 0x00, 0x00, 0x00
.long _sym_007a3ac0
.byte 0x00, 0x00, 0x00, 0x00, 0x00, 0x00, 0x00, 0x00, 0x00, 0x00, 0x00, 0x00
.long _sym_007a4570
.byte 0x00, 0x00, 0x00, 0x00, 0x00, 0x00, 0x00, 0x00, 0x00, 0x00, 0x00, 0x00
.long _sym_007a3f70
.byte 0x00, 0x00, 0x00, 0x00, 0x00, 0x00, 0x00, 0x00, 0x00, 0x00, 0x00, 0x00
.long _sym_007a35c0
.byte 0x00, 0x00, 0x00, 0x00
.long _sym_007a39a0
.byte 0x00, 0x00, 0x00, 0x00, 0x00, 0x00, 0x00, 0x00, 0x00, 0x00, 0x00, 0x00, 0x00, 0x00, 0x00, 0x00
.byte 0x00, 0x00, 0x00, 0x00
.long _sym_007a3b40
.byte 0x00, 0x00, 0x00, 0x00, 0x00, 0x00, 0x00, 0x00, 0x00, 0x00, 0x00, 0x00
.long _sym_007a4120
.byte 0x00, 0x00, 0x00, 0x00, 0x00, 0x00, 0x00, 0x00, 0x00, 0x00, 0x00, 0x00
.long _sym_007a44d0
.byte 0x00, 0x00, 0x00, 0x00, 0x00, 0x00, 0x00, 0x00, 0x00, 0x00, 0x00, 0x00
.long _sym_007a4330
.byte 0x00, 0x00, 0x00, 0x00, 0x00, 0x00, 0x00, 0x00, 0x00, 0x00, 0x00, 0x00
.long _sym_007a6410
.byte 0x00, 0x00, 0x00, 0x00, 0x00, 0x00, 0x00, 0x00, 0x00, 0x00, 0x00, 0x00
.long _sym_007a56b0
.byte 0x00, 0x00, 0x00, 0x00, 0x00, 0x00, 0x00, 0x00, 0x00, 0x00, 0x00, 0x00
.long _sym_007a4d70
.byte 0x00, 0x00, 0x00, 0x00, 0x00, 0x00, 0x00, 0x00, 0x00, 0x00, 0x00, 0x00
.long _sym_007a5b10
.byte 0x00, 0x00, 0x00, 0x00, 0x00, 0x00, 0x00, 0x00, 0x00, 0x00, 0x00, 0x00
.long _sym_007a42a0
.byte 0x00, 0x00, 0x00, 0x00, 0x00, 0x00, 0x00, 0x00, 0x00, 0x00, 0x00, 0x00
.long _sym_007a29c0
.byte 0x00, 0x00, 0x00, 0x00, 0x00, 0x00, 0x00, 0x00, 0x00, 0x00, 0x00, 0x00
.long _sym_007a5860
.byte 0x00, 0x00, 0x00, 0x00, 0x00, 0x00, 0x00, 0x00, 0x00, 0x00, 0x00, 0x00
.long _sym_007a4450
.byte 0x00, 0x00, 0x00, 0x00, 0x00, 0x00, 0x00, 0x00, 0x00, 0x00, 0x00, 0x00
.long _sym_007a4930
.byte 0x00, 0x00, 0x00, 0x00, 0x00, 0x00, 0x00, 0x00, 0x00, 0x00, 0x00, 0x00
.long _sym_007a2a40
.byte 0x00, 0x00, 0x00, 0x00, 0x00, 0x00, 0x00, 0x00, 0x00, 0x00, 0x00, 0x00
.long _sym_007a4070
.byte 0x00, 0x00, 0x00, 0x00, 0x00, 0x00, 0x00, 0x00, 0x00, 0x00, 0x00, 0x00
.long _sym_007a50e0
.byte 0x00, 0x00, 0x00, 0x00, 0x00, 0x00, 0x00, 0x00, 0x00, 0x00, 0x00, 0x00
.long _sym_007a62f0
.byte 0x00, 0x00, 0x00, 0x00, 0x00, 0x00, 0x00, 0x00, 0x00, 0x00, 0x00, 0x00
.long _sym_007a63b0
.byte 0x00, 0x00, 0x00, 0x00, 0x00, 0x00, 0x00, 0x00, 0x00, 0x00, 0x00, 0x00
.long _sym_007a66c0
.byte 0x00, 0x00, 0x00, 0x00, 0x00, 0x00, 0x00, 0x00, 0x00, 0x00, 0x00, 0x00
.long _sym_007a59f0
.byte 0x00, 0x00, 0x00, 0x00, 0x00, 0x00, 0x00, 0x00, 0x00, 0x00, 0x00, 0x00
.long _sym_007a5c10
.byte 0x00, 0x00, 0x00, 0x00, 0x00, 0x00, 0x00, 0x00, 0x00, 0x00, 0x00, 0x00
.long _sym_007a6890
.byte 0x00, 0x00, 0x00, 0x00, 0x00, 0x00, 0x00, 0x00, 0x00, 0x00, 0x00, 0x00
.long _sym_007a5fa0
.byte 0x00, 0x00, 0x00, 0x00, 0x00, 0x00, 0x00, 0x00, 0x00, 0x00, 0x00, 0x00
.long _sym_007a53d0
.byte 0x00, 0x00, 0x00, 0x00, 0x00, 0x00, 0x00, 0x00, 0x00, 0x00, 0x00, 0x00
.long _sym_007a6aa0
.byte 0x00, 0x00, 0x00, 0x00, 0x00, 0x00, 0x00, 0x00, 0x00, 0x00, 0x00, 0x00
.long _sym_007a4cf0
.byte 0x00, 0x00, 0x00, 0x00, 0x00, 0x00, 0x00, 0x00, 0x00, 0x00, 0x00, 0x00
.long _sym_007a4960
.byte 0x00, 0x00, 0x00, 0x00, 0x00, 0x00, 0x00, 0x00, 0x00, 0x00, 0x00, 0x00
.long _sym_007a4eb0
.byte 0x00, 0x00, 0x00, 0x00, 0x00, 0x00, 0x00, 0x00, 0x00, 0x00, 0x00, 0x00
.long _sym_007a5d10
.byte 0x00, 0x00, 0x00, 0x00, 0x00, 0x00, 0x00, 0x00, 0x00, 0x00, 0x00, 0x00
.long _sym_007a5da0
.byte 0x00, 0x00, 0x00, 0x00, 0x00, 0x00, 0x00, 0x00, 0x00, 0x00, 0x00, 0x00
.long _sym_007a5eb0
.byte 0x00, 0x00, 0x00, 0x00, 0x00, 0x00, 0x00, 0x00, 0x00, 0x00, 0x00, 0x00
.long _sym_007a6990
.byte 0x00, 0x00, 0x00, 0x00, 0x00, 0x00, 0x00, 0x00, 0x00, 0x00, 0x00, 0x00
.long _sym_007a3fd0
.byte 0x00, 0x00, 0x00, 0x00, 0x00, 0x00, 0x00, 0x00, 0x00, 0x00, 0x00, 0x00
.long _sym_007a5be0
.byte 0x00, 0x00, 0x00, 0x00, 0x00, 0x00, 0x00, 0x00, 0x00, 0x00, 0x00, 0x00
.long _sym_007a3c70
.byte 0x00, 0x00, 0x00, 0x00, 0x00, 0x00, 0x00, 0x00, 0x00, 0x00, 0x00, 0x00
.long _sym_007a45e0
.byte 0x00, 0x00, 0x00, 0x00, 0x00, 0x00, 0x00, 0x00, 0x00, 0x00, 0x00, 0x00
.long _sym_007a4e80
.byte 0x00, 0x00, 0x00, 0x00, 0x00, 0x00, 0x00, 0x00
.long _sym_007a6d90
.byte 0x00, 0x00, 0x00, 0x00, 0x00, 0x00, 0x00, 0x00, 0x00, 0x00, 0x00, 0x00, 0x00, 0x00, 0x00, 0x00
.long _sym_007a5160
.byte 0x00, 0x00, 0x00, 0x00, 0x00, 0x00, 0x00, 0x00, 0x00, 0x00, 0x00, 0x00
.long _sym_007a50b0
.byte 0x00, 0x00, 0x00, 0x00, 0x00, 0x00, 0x00, 0x00, 0x00, 0x00, 0x00, 0x00
.long _sym_007a2d20
.byte 0x00, 0x00, 0x00, 0x00, 0x00, 0x00, 0x00, 0x00, 0x00, 0x00, 0x00, 0x00
.long _sym_007a6f90
.byte 0x00, 0x00, 0x00, 0x00, 0x00, 0x00, 0x00, 0x00, 0x00, 0x00, 0x00, 0x00
.long _sym_007a3ce0
.byte 0x00, 0x00, 0x00, 0x00, 0x00, 0x00, 0x00, 0x00, 0x00, 0x00, 0x00, 0x00
.long _sym_007a5350
.byte 0x00, 0x00, 0x00, 0x00, 0x00, 0x00, 0x00, 0x00, 0x00, 0x00, 0x00, 0x00
.long _sym_007a53c0
.byte 0x00, 0x00, 0x00, 0x00, 0x00, 0x00, 0x00, 0x00, 0x00, 0x00, 0x00, 0x00
.long _sym_007a71a0
.byte 0x00, 0x00, 0x00, 0x00, 0x00, 0x00, 0x00, 0x00, 0x00, 0x00, 0x00, 0x00
.long _sym_007a6d50
.byte 0x00, 0x00, 0x00, 0x00, 0x00, 0x00, 0x00, 0x00, 0x00, 0x00, 0x00, 0x00
.long _sym_007a6df0
.byte 0x00, 0x00, 0x00, 0x00, 0x00, 0x00, 0x00, 0x00, 0x00, 0x00, 0x00, 0x00
.long _sym_007a2b30
.byte 0x00, 0x00, 0x00, 0x00, 0x00, 0x00, 0x00, 0x00, 0x00, 0x00, 0x00, 0x00
.long _sym_007a7380
.byte 0x00, 0x00, 0x00, 0x00, 0x00, 0x00, 0x00, 0x00, 0x00, 0x00, 0x00, 0x00
.long _sym_007a6f10
.long _sym_007a5560
.long _sym_007a56a0
.byte 0x00, 0x00, 0x00, 0x00, 0x00, 0x00, 0x00, 0x00, 0x00, 0x00, 0x00, 0x00, 0x00, 0x00, 0x00, 0x00
.byte 0x00, 0x00, 0x00, 0x00
.long _sym_007a59a0
.byte 0x00, 0x00, 0x00, 0x00
.long _sym_007a5a30
.byte 0x00, 0x00, 0x00, 0x00, 0x00, 0x00, 0x00, 0x00
.long _sym_007a5e10
.long _sym_007a5ee0
.byte 0x00, 0x00, 0x00, 0x00, 0x00, 0x00, 0x00, 0x00, 0x00, 0x00, 0x00, 0x00, 0x00, 0x00, 0x00, 0x00
.byte 0x00, 0x00, 0x00, 0x00
.long _sym_007a5630
.byte 0x00, 0x00, 0x00, 0x00, 0x00, 0x00, 0x00, 0x00, 0x00, 0x00, 0x00, 0x00
.long _sym_007a56f0
.byte 0x00, 0x00, 0x00, 0x00, 0x00, 0x00, 0x00, 0x00, 0x00, 0x00, 0x00, 0x00
.long _sym_007a6080
.long _sym_007a6a30
.long _sym_007a6a60
.byte 0x00, 0x00, 0x00, 0x00, 0x00, 0x00, 0x00, 0x00, 0x00, 0x00, 0x00, 0x00, 0x00, 0x00, 0x00, 0x00
.byte 0x00, 0x00, 0x00, 0x00
.long _sym_007a6e30
.byte 0x00, 0x00, 0x00, 0x00, 0x00, 0x00, 0x00, 0x00, 0x00, 0x00, 0x00, 0x00
.long _sym_007a4dc0
.byte 0x00, 0x00, 0x00, 0x00, 0x00, 0x00, 0x00, 0x00, 0x00, 0x00, 0x00, 0x00
.long _sym_007a5240
.byte 0x00, 0x00, 0x00, 0x00, 0x00, 0x00, 0x00, 0x00, 0x00, 0x00, 0x00, 0x00
.long _sym_007a5290
.byte 0x00, 0x00, 0x00, 0x00, 0x00, 0x00, 0x00, 0x00, 0x00, 0x00, 0x00, 0x00
.long _sym_007a5410
.byte 0x00, 0x00, 0x00, 0x00, 0x00, 0x00, 0x00, 0x00, 0x00, 0x00, 0x00, 0x00
.long _sym_007a55c0
.byte 0x00, 0x00, 0x00, 0x00, 0x00, 0x00, 0x00, 0x00, 0x00, 0x00, 0x00, 0x00
.long _sym_007a58f0
.long _sym_007a7660
.long _sym_007a7870
.byte 0x00, 0x00, 0x00, 0x00, 0x00, 0x00, 0x00, 0x00
.long _sym_007a7c10
.long _sym_007a7d10
.byte 0x00, 0x00, 0x00, 0x00, 0x00, 0x00, 0x00, 0x00, 0x00, 0x00, 0x00, 0x00, 0x00, 0x00, 0x00, 0x00
.byte 0x00, 0x00, 0x00, 0x00
.long _sym_007a7500
.byte 0x00, 0x00, 0x00, 0x00, 0x00, 0x00, 0x00, 0x00, 0x00, 0x00, 0x00, 0x00
.long _sym_007a7550
.byte 0x00, 0x00, 0x00, 0x00, 0x00, 0x00, 0x00, 0x00, 0x00, 0x00, 0x00, 0x00
.long _sym_007a70e0
.long _sym_007a7420
.long _sym_007a7510
.byte 0x00, 0x00, 0x00, 0x00, 0x00, 0x00, 0x00, 0x00, 0x00, 0x00, 0x00, 0x00
.long _sym_007a58b0
.byte 0x00, 0x00, 0x00, 0x00, 0x00, 0x00, 0x00, 0x00, 0x00, 0x00, 0x00, 0x00, 0x00, 0x00, 0x00, 0x00
.byte 0x00, 0x00, 0x00, 0x00
.long _sym_007a7e30
.byte 0x00, 0x00, 0x00, 0x00, 0x00, 0x00, 0x00, 0x00, 0x00, 0x00, 0x00, 0x00
.long _sym_007a4490
.byte 0x00, 0x00, 0x00, 0x00, 0x00, 0x00, 0x00, 0x00, 0x00, 0x00, 0x00, 0x00
.long _sym_007a8000
.byte 0x00, 0x00, 0x00, 0x00, 0x00, 0x00, 0x00, 0x00, 0x00, 0x00, 0x00, 0x00
.long _sym_007a3ed0
.byte 0x00, 0x00, 0x00, 0x00, 0x00, 0x00, 0x00, 0x00, 0x00, 0x00, 0x00, 0x00
.long _sym_007a6ea0
.byte 0x00, 0x00, 0x00, 0x00, 0x00, 0x00, 0x00, 0x00, 0x00, 0x00, 0x00, 0x00
.long _sym_007a4240
.byte 0x00, 0x00, 0x00, 0x00, 0x00, 0x00, 0x00, 0x00, 0x00, 0x00, 0x00, 0x00
.long _sym_007a8180
.byte 0x00, 0x00, 0x00, 0x00, 0x00, 0x00, 0x00, 0x00
.long _sym_007a6e60
.byte 0x00, 0x00, 0x00, 0x00, 0x00, 0x00, 0x00, 0x00, 0x00, 0x00, 0x00, 0x00, 0x00, 0x00, 0x00, 0x00
.long _sym_007a4a10
.byte 0x00, 0x00, 0x00, 0x00, 0x00, 0x00, 0x00, 0x00
.long _sym_007a2da0
.byte 0x00, 0x00, 0x00, 0x00, 0x00, 0x00, 0x00, 0x00, 0x00, 0x00, 0x00, 0x00
.long _sym_007a2e10
.byte 0x00, 0x00, 0x00, 0x00, 0x00, 0x00, 0x00, 0x00, 0x00, 0x00, 0x00, 0x00, 0x00, 0x00, 0x00, 0x00
.long _sym_007a5200
.byte 0x00, 0x00, 0x00, 0x00, 0x00, 0x00, 0x00, 0x00, 0x00, 0x00, 0x00, 0x00
.long _sym_007a5330
.byte 0x00, 0x00, 0x00, 0x00, 0x00, 0x00, 0x00, 0x00, 0x00, 0x00, 0x00, 0x00
.long _sym_007a4c50
.byte 0x00, 0x00, 0x00, 0x00, 0x00, 0x00, 0x00, 0x00, 0x00, 0x00, 0x00, 0x00
.long _sym_007a62c0
.byte 0x00, 0x00, 0x00, 0x00, 0x00, 0x00, 0x00, 0x00, 0x00, 0x00, 0x00, 0x00
.long _sym_007a6320
.byte 0x00, 0x00, 0x00, 0x00, 0x00, 0x00, 0x00, 0x00, 0x00, 0x00, 0x00, 0x00
.long _sym_007a45a0
.byte 0x00, 0x00, 0x00, 0x00
.long _sym_007a5de0
.byte 0x00, 0x00, 0x00, 0x00, 0x00, 0x00, 0x00, 0x00
.long _sym_007a63f0
.long _sym_007a64e0
.byte 0x00, 0x00, 0x00, 0x00
.long _sym_007a65f0
.byte 0x00, 0x00, 0x00, 0x00
.long _sym_007a6780
.byte 0x00, 0x00, 0x00, 0x00
.long _sym_007a6970
.byte 0x00, 0x00, 0x00, 0x00, 0x00, 0x00, 0x00, 0x00, 0x00, 0x00, 0x00, 0x00
.long _sym_007a6980
.byte 0x00, 0x00, 0x00, 0x00, 0x00, 0x00, 0x00, 0x00, 0x00, 0x00, 0x00, 0x00
.long _sym_007a6a50
.byte 0x00, 0x00, 0x00, 0x00
.long _sym_007a6af0
.byte 0x00, 0x00, 0x00, 0x00, 0x00, 0x00, 0x00, 0x00, 0x00, 0x00, 0x00, 0x00, 0x00, 0x00, 0x00, 0x00
.byte 0x00, 0x00, 0x00, 0x00
.long _sym_007a6190
.byte 0x00, 0x00, 0x00, 0x00, 0x00, 0x00, 0x00, 0x00, 0x00, 0x00, 0x00, 0x00
.long _sym_007a75a0
.byte 0x00, 0x00, 0x00, 0x00, 0x00, 0x00, 0x00, 0x00, 0x00, 0x00, 0x00, 0x00
.long _sym_007a84e0
.byte 0x00, 0x00, 0x00, 0x00, 0x00, 0x00, 0x00, 0x00, 0x00, 0x00, 0x00, 0x00
.long _sym_007a6be0
.long _sym_007a6d20
.long _sym_007a6dd0
.byte 0x00, 0x00, 0x00, 0x00
.long _sym_007a6ec0
.long _sym_007a7040
.long _sym_007a7210
.byte 0x00, 0x00, 0x00, 0x00, 0x00, 0x00, 0x00, 0x00, 0x00, 0x00, 0x00, 0x00, 0x00, 0x00, 0x00, 0x00
.byte 0x00, 0x00, 0x00, 0x00
.long _sym_007a36e0
.byte 0x00, 0x00, 0x00, 0x00, 0x00, 0x00, 0x00, 0x00, 0x00, 0x00, 0x00, 0x00
.long _sym_007a7030
.byte 0x00, 0x00, 0x00, 0x00, 0x00, 0x00, 0x00, 0x00, 0x00, 0x00, 0x00, 0x00
.long _sym_007a70d0
.byte 0x00, 0x00, 0x00, 0x00, 0x00, 0x00, 0x00, 0x00, 0x00, 0x00, 0x00, 0x00
.long _sym_007a6350
.byte 0x00, 0x00, 0x00, 0x00, 0x00, 0x00, 0x00, 0x00, 0x00, 0x00, 0x00, 0x00
.long _sym_007a8610
.byte 0x00, 0x00, 0x00, 0x00, 0x00, 0x00, 0x00, 0x00, 0x00, 0x00, 0x00, 0x00
.long _sym_007a2a10
.long _sym_007a7910
.long _sym_007a7ac0
.byte 0x00, 0x00, 0x00, 0x00, 0x00, 0x00, 0x00, 0x00, 0x00, 0x00, 0x00, 0x00, 0x00, 0x00, 0x00, 0x00
.byte 0x00, 0x00, 0x00, 0x00
.long _sym_007a5710
.byte 0x00, 0x00, 0x00, 0x00, 0x00, 0x00, 0x00, 0x00, 0x00, 0x00, 0x00, 0x00
.long _sym_007a5470
.byte 0x00, 0x00, 0x00, 0x00, 0x00, 0x00, 0x00, 0x00, 0x00, 0x00, 0x00, 0x00
.long _sym_007a6560
.byte 0x00, 0x00, 0x00, 0x00, 0x00, 0x00, 0x00, 0x00, 0x00, 0x00, 0x00, 0x00
.long _sym_007a7220
.byte 0x00, 0x00, 0x00, 0x00, 0x00, 0x00, 0x00, 0x00, 0x00, 0x00, 0x00, 0x00
.long _sym_007a2aa0
.byte 0x00, 0x00, 0x00, 0x00, 0x00, 0x00, 0x00, 0x00, 0x00, 0x00, 0x00, 0x00
.long _sym_007a7490
.byte 0x00, 0x00, 0x00, 0x00
.long _sym_007a7280
.byte 0x00, 0x00, 0x00, 0x00, 0x00, 0x00, 0x00, 0x00, 0x00, 0x00, 0x00, 0x00, 0x00, 0x00, 0x00, 0x00
.byte 0x00, 0x00, 0x00, 0x00
.long _sym_007a8210
.byte 0x00, 0x00, 0x00, 0x00, 0x00, 0x00, 0x00, 0x00, 0x00, 0x00, 0x00, 0x00
.long _sym_007a2800
.byte 0x00, 0x00, 0x00, 0x00, 0x00, 0x00, 0x00, 0x00, 0x00, 0x00, 0x00, 0x00
.long _sym_007a5e70
.byte 0x00, 0x00, 0x00, 0x00, 0x00, 0x00, 0x00, 0x00, 0x00, 0x00, 0x00, 0x00
.long _sym_007a2c90
.byte 0x00, 0x00, 0x00, 0x00
.long _sym_007a5d80
.byte 0x00, 0x00, 0x00, 0x00, 0x00, 0x00, 0x00, 0x00, 0x00, 0x00, 0x00, 0x00, 0x00, 0x00, 0x00, 0x00
.byte 0x00, 0x00, 0x00, 0x00
.long _sym_007a4200
.byte 0x00, 0x00, 0x00, 0x00, 0x00, 0x00, 0x00, 0x00, 0x00, 0x00, 0x00, 0x00
.long _sym_007a42c0
.byte 0x00, 0x00, 0x00, 0x00, 0x00, 0x00, 0x00, 0x00, 0x00, 0x00, 0x00, 0x00
.long _sym_007a4460
.byte 0x00, 0x00, 0x00, 0x00, 0x00, 0x00, 0x00, 0x00, 0x00, 0x00, 0x00, 0x00
.long _sym_007a43c0
.byte 0x00, 0x00, 0x00, 0x00, 0x00, 0x00, 0x00, 0x00, 0x00, 0x00, 0x00, 0x00
.long _sym_007a2d00
.byte 0x00, 0x00, 0x00, 0x00, 0x00, 0x00, 0x00, 0x00, 0x00, 0x00, 0x00, 0x00
.long _sym_007a78a0
.byte 0x00, 0x00, 0x00, 0x00, 0x00, 0x00, 0x00, 0x00, 0x00, 0x00, 0x00, 0x00
.long _sym_007a79e0
.byte 0x00, 0x00, 0x00, 0x00, 0x00, 0x00, 0x00, 0x00, 0x00, 0x00, 0x00, 0x00
.long _sym_007a7c60
.byte 0x00, 0x00, 0x00, 0x00, 0x00, 0x00, 0x00, 0x00, 0x00, 0x00, 0x00, 0x00
.long _sym_007a3730
.byte 0x00, 0x00, 0x00, 0x00, 0x00, 0x00, 0x00, 0x00, 0x00, 0x00, 0x00, 0x00
.long _sym_007a3920
.byte 0x00, 0x00, 0x00, 0x00, 0x00, 0x00, 0x00, 0x00, 0x00, 0x00, 0x00, 0x00
.long _sym_007a3940
.byte 0x00, 0x00, 0x00, 0x00, 0x00, 0x00, 0x00, 0x00, 0x00, 0x00, 0x00, 0x00
.long _sym_007a7700
.byte 0x00, 0x00, 0x00, 0x00, 0x00, 0x00, 0x00, 0x00, 0x00, 0x00, 0x00, 0x00
.long _sym_007a5c40
.byte 0x00, 0x00, 0x00, 0x00, 0x00, 0x00, 0x00, 0x00, 0x00, 0x00, 0x00, 0x00
.long _sym_007a6720
.byte 0x00, 0x00, 0x00, 0x00, 0x00, 0x00, 0x00, 0x00, 0x00, 0x00, 0x00, 0x00
.long _sym_007a49e0
.byte 0x00, 0x00, 0x00, 0x00, 0x00, 0x00, 0x00, 0x00, 0x00, 0x00, 0x00, 0x00
.long _sym_007a77e0
.byte 0x00, 0x00, 0x00, 0x00, 0x00, 0x00, 0x00, 0x00, 0x00, 0x00, 0x00, 0x00
.long _sym_007a5f30
.byte 0x00, 0x00, 0x00, 0x00, 0x00, 0x00, 0x00, 0x00, 0x00, 0x00, 0x00, 0x00
.long _sym_007a6110
.byte 0x00, 0x00, 0x00, 0x00, 0x00, 0x00, 0x00, 0x00, 0x00, 0x00, 0x00, 0x00
.long _sym_007a72e0
.byte 0x00, 0x00, 0x00, 0x00, 0x00, 0x00, 0x00, 0x00, 0x00, 0x00, 0x00, 0x00
.long _sym_007a61f0
.byte 0x00, 0x00, 0x00, 0x00, 0x00, 0x00, 0x00, 0x00, 0x00, 0x00, 0x00, 0x00
.long _sym_007a7b50
.long _sym_007a57a0
.long _sym_007a58e0
.byte 0x00, 0x00, 0x00, 0x00, 0x00, 0x00, 0x00, 0x00, 0x00, 0x00, 0x00, 0x00, 0x00, 0x00, 0x00, 0x00
.byte 0x00, 0x00, 0x00, 0x00
.long _sym_007a2de0
.byte 0x00, 0x00, 0x00, 0x00, 0x00, 0x00, 0x00, 0x00, 0x00, 0x00, 0x00, 0x00
.long _sym_007a7360
.byte 0x00, 0x00, 0x00, 0x00, 0x00, 0x00, 0x00, 0x00, 0x00, 0x00, 0x00, 0x00
.long _sym_007a2ed0
.byte 0x00, 0x00, 0x00, 0x00, 0x00, 0x00, 0x00, 0x00
.long _sym_007a3190
.byte 0x00, 0x00, 0x00, 0x00, 0x00, 0x00, 0x00, 0x00, 0x00, 0x00, 0x00, 0x00
.long _sym_007a3350
.byte 0x00, 0x00, 0x00, 0x00, 0x00, 0x00, 0x00, 0x00
.long _sym_007a3b00
.byte 0x00, 0x00, 0x00, 0x00, 0x00, 0x00, 0x00, 0x00, 0x00, 0x00, 0x00, 0x00, 0x00, 0x00, 0x00, 0x00
.byte 0x00, 0x00, 0x00, 0x00
.long _sym_007a3000
.byte 0x00, 0x00, 0x00, 0x00, 0x00, 0x00, 0x00, 0x00
.long _sym_007a3480
.byte 0x00, 0x00, 0x00, 0x00, 0x00, 0x00, 0x00, 0x00, 0x00, 0x00, 0x00, 0x00, 0x00, 0x00, 0x00, 0x00
.long _sym_007a73f0
.byte 0x00, 0x00, 0x00, 0x00, 0x00, 0x00, 0x00, 0x00, 0x00, 0x00, 0x00, 0x00
.long _sym_007a6b60
.long _sym_007a7460
.long _sym_007a7520
.byte 0x00, 0x00, 0x00, 0x00, 0x00, 0x00, 0x00, 0x00, 0x00, 0x00, 0x00, 0x00, 0x00, 0x00, 0x00, 0x00
.byte 0x00, 0x00, 0x00, 0x00
.long _sym_007a3750
.byte 0x00, 0x00, 0x00, 0x00, 0x00, 0x00, 0x00, 0x00, 0x00, 0x00, 0x00, 0x00
.long _sym_007a7650
.byte 0x00, 0x00, 0x00, 0x00, 0x00, 0x00, 0x00, 0x00, 0x00, 0x00, 0x00, 0x00
.long _sym_007a7710
.byte 0x00, 0x00, 0x00, 0x00, 0x00, 0x00, 0x00, 0x00, 0x00, 0x00, 0x00, 0x00
.long _sym_007a77c0
.byte 0x00, 0x00, 0x00, 0x00, 0x00, 0x00, 0x00, 0x00
.long _sym_007a5510
.byte 0x00, 0x00, 0x00, 0x00, 0x00, 0x00, 0x00, 0x00, 0x00, 0x00, 0x00, 0x00, 0x00, 0x00, 0x00, 0x00
.long _sym_007a5800
.long _sym_007a6c70
.long _sym_007a6cd0
.byte 0x00, 0x00, 0x00, 0x00, 0x00, 0x00, 0x00, 0x00, 0x00, 0x00, 0x00, 0x00, 0x00, 0x00, 0x00, 0x00
.byte 0x00, 0x00, 0x00, 0x00
.long _sym_007a4ec0
.byte 0x00, 0x00, 0x00, 0x00, 0x00, 0x00, 0x00, 0x00, 0x00, 0x00, 0x00, 0x00
.long _sym_007a5380
.byte 0x00, 0x00, 0x00, 0x00, 0x00, 0x00, 0x00, 0x00
.long _sym_007a5670
.byte 0x00, 0x00, 0x00, 0x00, 0x00, 0x00, 0x00, 0x00, 0x00, 0x00, 0x00, 0x00, 0x00, 0x00, 0x00, 0x00
.long _sym_007a2cf0
.byte 0x00, 0x00, 0x00, 0x00, 0x00, 0x00, 0x00, 0x00, 0x00, 0x00, 0x00, 0x00
.long _sym_007a77b0
.byte 0x00, 0x00, 0x00, 0x00, 0x00, 0x00, 0x00, 0x00, 0x00, 0x00, 0x00, 0x00
.long _sym_007a79c0
.byte 0x00, 0x00, 0x00, 0x00, 0x00, 0x00, 0x00, 0x00, 0x00, 0x00, 0x00, 0x00
.long _sym_007a4fa0
.byte 0x00, 0x00, 0x00, 0x00, 0x00, 0x00, 0x00, 0x00, 0x00, 0x00, 0x00, 0x00
.long _sym_007a4a80
.byte 0x00, 0x00, 0x00, 0x00, 0x00, 0x00, 0x00, 0x00, 0x00, 0x00, 0x00, 0x00
.long _sym_007a5950
.byte 0x00, 0x00, 0x00, 0x00, 0x00, 0x00, 0x00, 0x00, 0x00, 0x00, 0x00, 0x00
.long _sym_007a7e10
.byte 0x00, 0x00, 0x00, 0x00, 0x00, 0x00, 0x00, 0x00, 0x00, 0x00, 0x00, 0x00
.long _sym_007a7150
.byte 0x00, 0x00, 0x00, 0x00, 0x00, 0x00, 0x00, 0x00, 0x00, 0x00, 0x00, 0x00
.long _sym_007a2f60
.byte 0x00, 0x00, 0x00, 0x00, 0x00, 0x00, 0x00, 0x00, 0x00, 0x00, 0x00, 0x00
.long _sym_007a52d0
.byte 0x00, 0x00, 0x00, 0x00, 0x00, 0x00, 0x00, 0x00, 0x00, 0x00, 0x00, 0x00
.long _sym_007a6660
.byte 0x00, 0x00, 0x00, 0x00, 0x00, 0x00, 0x00, 0x00, 0x00, 0x00, 0x00, 0x00
.long _sym_007a7880
.byte 0x00, 0x00, 0x00, 0x00, 0x00, 0x00, 0x00, 0x00
.long _sym_007a2f00
.byte 0x00, 0x00, 0x00, 0x00, 0x00, 0x00, 0x00, 0x00, 0x00, 0x00, 0x00, 0x00
.long _sym_007a3060
.byte 0x00, 0x00, 0x00, 0x00, 0x00, 0x00, 0x00, 0x00, 0x00, 0x00, 0x00, 0x00, 0x00, 0x00, 0x00, 0x00
.long _sym_007a4d10
.long _sym_007a59b0
.long _sym_007a5bb0
.byte 0x00, 0x00, 0x00, 0x00, 0x00, 0x00, 0x00, 0x00
.long _sym_007a5ef0
.long _sym_007a6050
.byte 0x00, 0x00, 0x00, 0x00, 0x00, 0x00, 0x00, 0x00, 0x00, 0x00, 0x00, 0x00, 0x00, 0x00, 0x00, 0x00
.long _sym_007a37a0
.byte 0x00, 0x00, 0x00, 0x00, 0x00, 0x00, 0x00, 0x00, 0x00, 0x00, 0x00, 0x00, 0x00, 0x00, 0x00, 0x00
.long _sym_007a6b00
.byte 0x00, 0x00, 0x00, 0x00, 0x00, 0x00, 0x00, 0x00
.long _sym_007a6c90
.byte 0x00, 0x00, 0x00, 0x00, 0x00, 0x00, 0x00, 0x00, 0x00, 0x00, 0x00, 0x00, 0x00, 0x00, 0x00, 0x00
.long _sym_007a4bb0
.byte 0x00, 0x00, 0x00, 0x00, 0x00, 0x00, 0x00, 0x00
.long _sym_007a31f0
.byte 0x00, 0x00, 0x00, 0x00, 0x00, 0x00, 0x00, 0x00, 0x00, 0x00, 0x00, 0x00
.long _sym_007a3670
.byte 0x00, 0x00, 0x00, 0x00, 0x00, 0x00, 0x00, 0x00, 0x00, 0x00, 0x00, 0x00, 0x00, 0x00, 0x00, 0x00
.long _sym_007a2bc0
.byte 0x00, 0x00, 0x00, 0x00, 0x00, 0x00, 0x00, 0x00, 0x00, 0x00, 0x00, 0x00
.long _sym_007a7c40
.byte 0x00, 0x00, 0x00, 0x00, 0x00, 0x00, 0x00, 0x00, 0x00, 0x00, 0x00, 0x00
.long _sym_007a3970
.byte 0x00, 0x00, 0x00, 0x00, 0x00, 0x00, 0x00, 0x00
.long _sym_007a3a10
.byte 0x00, 0x00, 0x00, 0x00, 0x00, 0x00, 0x00, 0x00, 0x00, 0x00, 0x00, 0x00, 0x00, 0x00, 0x00, 0x00
.long _sym_007a7600
.byte 0x00, 0x00, 0x00, 0x00, 0x00, 0x00, 0x00, 0x00, 0x00, 0x00, 0x00, 0x00
.long _sym_007a7760
.byte 0x00, 0x00, 0x00, 0x00, 0x00, 0x00, 0x00, 0x00, 0x00, 0x00, 0x00, 0x00
.long _sym_007a7ad0
.byte 0x00, 0x00, 0x00, 0x00, 0x00, 0x00, 0x00, 0x00, 0x00, 0x00, 0x00, 0x00
.long _sym_007a7b60
.byte 0x00, 0x00, 0x00, 0x00, 0x00, 0x00, 0x00, 0x00, 0x00, 0x00, 0x00, 0x00
.long _sym_007a7cd0
.byte 0x00, 0x00, 0x00, 0x00, 0x00, 0x00, 0x00, 0x00, 0x00, 0x00, 0x00, 0x00
.long _sym_007a7d80
.byte 0x00, 0x00, 0x00, 0x00, 0x00, 0x00, 0x00, 0x00, 0x00, 0x00, 0x00, 0x00
.long _sym_007a7f40
.byte 0x00, 0x00, 0x00, 0x00, 0x00, 0x00, 0x00, 0x00, 0x00, 0x00, 0x00, 0x00
.long _sym_007a7f90
.byte 0x00, 0x00, 0x00, 0x00, 0x00, 0x00, 0x00, 0x00, 0x00, 0x00, 0x00, 0x00
.long _sym_007a43a0
.byte 0x00, 0x00, 0x00, 0x00, 0x00, 0x00, 0x00, 0x00, 0x00, 0x00, 0x00, 0x00
.long _sym_007a5cd0
.byte 0x00, 0x00, 0x00, 0x00, 0x00, 0x00, 0x00, 0x00, 0x00, 0x00, 0x00, 0x00
.long _sym_007a6150
.byte 0x00, 0x00, 0x00, 0x00, 0x00, 0x00, 0x00, 0x00, 0x00, 0x00, 0x00, 0x00
.long _sym_007a4ab0
.byte 0x00, 0x00, 0x00, 0x00, 0x00, 0x00, 0x00, 0x00, 0x00, 0x00, 0x00, 0x00
.long _sym_007a4f40
.byte 0x00, 0x00, 0x00, 0x00, 0x00, 0x00, 0x00, 0x00, 0x00, 0x00, 0x00, 0x00
.long _sym_007a7fc0
.byte 0x00, 0x00, 0x00, 0x00, 0x00, 0x00, 0x00, 0x00, 0x00, 0x00, 0x00, 0x00
.long _sym_007a80d0
.byte 0x00, 0x00, 0x00, 0x00, 0x00, 0x00, 0x00, 0x00, 0x00, 0x00, 0x00, 0x00
.long _sym_007a3110
.byte 0x00, 0x00, 0x00, 0x00, 0x00, 0x00, 0x00, 0x00, 0x00, 0x00, 0x00, 0x00
.long _sym_007a3420
.byte 0x00, 0x00, 0x00, 0x00, 0x00, 0x00, 0x00, 0x00, 0x00, 0x00, 0x00, 0x00
.long _sym_007a3520
.byte 0x00, 0x00, 0x00, 0x00, 0x00, 0x00, 0x00, 0x00, 0x00, 0x00, 0x00, 0x00
.long _sym_007a4e10
.byte 0x00, 0x00, 0x00, 0x00, 0x00, 0x00, 0x00, 0x00, 0x00, 0x00, 0x00, 0x00
.long _sym_007a3470
.byte 0x00, 0x00, 0x00, 0x00, 0x00, 0x00, 0x00, 0x00, 0x00, 0x00, 0x00, 0x00
.long _sym_007a7a30
.byte 0x00, 0x00, 0x00, 0x00, 0x00, 0x00, 0x00, 0x00, 0x00, 0x00, 0x00, 0x00
.long _sym_007a7fa0
.byte 0x00, 0x00, 0x00, 0x00, 0x00, 0x00, 0x00, 0x00, 0x00, 0x00, 0x00, 0x00
.long _sym_007a79d0
.byte 0x00, 0x00, 0x00, 0x00, 0x00, 0x00, 0x00, 0x00, 0x00, 0x00, 0x00, 0x00
.long _sym_007a4f00
.byte 0x00, 0x00, 0x00, 0x00, 0x00, 0x00, 0x00, 0x00, 0x00, 0x00, 0x00, 0x00
.long _sym_007a8470
.byte 0x00, 0x00, 0x00, 0x00, 0x00, 0x00, 0x00, 0x00, 0x00, 0x00, 0x00, 0x00
.long _sym_007a85c0
.byte 0x00, 0x00, 0x00, 0x00, 0x00, 0x00, 0x00, 0x00, 0x00, 0x00, 0x00, 0x00
.long _sym_007a32c0
.byte 0x00, 0x00, 0x00, 0x00, 0x00, 0x00, 0x00, 0x00, 0x00, 0x00, 0x00, 0x00
.long _sym_007a7dc0
.byte 0x00, 0x00, 0x00, 0x00, 0x00, 0x00, 0x00, 0x00, 0x00, 0x00, 0x00, 0x00
.long _sym_007a2b70
.byte 0x00, 0x00, 0x00, 0x00, 0x00, 0x00, 0x00, 0x00, 0x00, 0x00, 0x00, 0x00
.long _sym_007a4c90
.byte 0x00, 0x00, 0x00, 0x00, 0x00, 0x00, 0x00, 0x00, 0x00, 0x00, 0x00, 0x00
.long _sym_007a4e20
.byte 0x00, 0x00, 0x00, 0x00, 0x00, 0x00, 0x00, 0x00, 0x00, 0x00, 0x00, 0x00
.long _sym_007a86a0
.byte 0x00, 0x00, 0x00, 0x00, 0x00, 0x00, 0x00, 0x00, 0x00, 0x00, 0x00, 0x00
.long _sym_007a7ab0
.byte 0x00, 0x00, 0x00, 0x00, 0x00, 0x00, 0x00, 0x00, 0x00, 0x00, 0x00, 0x00
.long _sym_007a7b20
.byte 0x00, 0x00, 0x00, 0x00, 0x00, 0x00, 0x00, 0x00, 0x00, 0x00, 0x00, 0x00
.long _sym_007a7b30
.byte 0x00, 0x00, 0x00, 0x00, 0x00, 0x00, 0x00, 0x00, 0x00, 0x00, 0x00, 0x00
.long _sym_007a7d30
.byte 0x00, 0x00, 0x00, 0x00, 0x00, 0x00, 0x00, 0x00, 0x00, 0x00, 0x00, 0x00
.long _sym_007a2c70
.byte 0x00, 0x00, 0x00, 0x00, 0x00, 0x00, 0x00, 0x00, 0x00, 0x00, 0x00, 0x00
.long _sym_007a2cc0
.byte 0x00, 0x00, 0x00, 0x00, 0x00, 0x00, 0x00, 0x00, 0x00, 0x00, 0x00, 0x00
.long _sym_007a7bb0
.byte 0x00, 0x00, 0x00, 0x00, 0x00, 0x00, 0x00, 0x00, 0x00, 0x00, 0x00, 0x00
.long _sym_007a6510
.byte 0x00, 0x00, 0x00, 0x00, 0x00, 0x00, 0x00, 0x00
.long _sym_007a3ae0
.byte 0x00, 0x00, 0x00, 0x00, 0x00, 0x00, 0x00, 0x00, 0x00, 0x00, 0x00, 0x00, 0x00, 0x00, 0x00, 0x00
.long _sym_007a2d50
.byte 0x00, 0x00, 0x00, 0x00, 0x00, 0x00, 0x00, 0x00, 0x00, 0x00, 0x00, 0x00
.long _sym_007a2e80
.byte 0x00, 0x00, 0x00, 0x00, 0x00, 0x00, 0x00, 0x00, 0x00, 0x00, 0x00, 0x00
.long _sym_007a3320
.byte 0x00, 0x00, 0x00, 0x00, 0x00, 0x00, 0x00, 0x00, 0x00, 0x00, 0x00, 0x00
.long _sym_007a2af0
.byte 0x00, 0x00, 0x00, 0x00, 0x00, 0x00, 0x00, 0x00, 0x00, 0x00, 0x00, 0x00
.long _sym_007a2fa0
.byte 0x00, 0x00, 0x00, 0x00, 0x00, 0x00, 0x00, 0x00, 0x00, 0x00, 0x00, 0x00
.long _sym_007a3500
.byte 0x00, 0x00, 0x00, 0x00, 0x00, 0x00, 0x00, 0x00, 0x00, 0x00, 0x00, 0x00
.long _sym_007a3580
.byte 0x00, 0x00, 0x00, 0x00, 0x00, 0x00, 0x00, 0x00, 0x00, 0x00, 0x00, 0x00
.long _sym_007a3700
.byte 0x00, 0x00, 0x00, 0x00, 0x00, 0x00, 0x00, 0x00, 0x00, 0x00, 0x00, 0x00
.long _sym_007a5fe0
.byte 0x00, 0x00, 0x00, 0x00, 0x00, 0x00, 0x00, 0x00, 0x00, 0x00, 0x00, 0x00
.long _sym_007a3440
.byte 0x00, 0x00, 0x00, 0x00, 0x00, 0x00, 0x00, 0x00, 0x00, 0x00, 0x00, 0x00
.long _sym_007a3800
.byte 0x00, 0x00, 0x00, 0x00, 0x00, 0x00, 0x00, 0x00, 0x00, 0x00, 0x00, 0x00
.long _sym_007a3460
.byte 0x00, 0x00, 0x00, 0x00, 0x00, 0x00, 0x00, 0x00, 0x00, 0x00, 0x00, 0x00
.long _sym_007a3a30
.byte 0x00, 0x00, 0x00, 0x00, 0x00, 0x00, 0x00, 0x00, 0x00, 0x00, 0x00, 0x00
.long _sym_007a3ba0
.byte 0x00, 0x00, 0x00, 0x00, 0x00, 0x00, 0x00, 0x00, 0x00, 0x00, 0x00, 0x00
.long _sym_007a3d20
.byte 0x00, 0x00, 0x00, 0x00, 0x00, 0x00, 0x00, 0x00, 0x00, 0x00, 0x00, 0x00
.long _sym_007a7d40
.byte 0x00, 0x00, 0x00, 0x00, 0x00, 0x00, 0x00, 0x00, 0x00, 0x00, 0x00, 0x00
.long _sym_007a7f80
.byte 0x00, 0x00, 0x00, 0x00, 0x00, 0x00, 0x00, 0x00, 0x00, 0x00, 0x00, 0x00
.long _sym_007a35f0
.byte 0x00, 0x00, 0x00, 0x00, 0x00, 0x00, 0x00, 0x00, 0x00, 0x00, 0x00, 0x00
.long _sym_007a38a0
.byte 0x00, 0x00, 0x00, 0x00, 0x00, 0x00, 0x00, 0x00, 0x00, 0x00, 0x00, 0x00
.long _sym_007a6620
.byte 0x00, 0x00, 0x00, 0x00
.long _sym_007a6750
.byte 0x00, 0x00, 0x00, 0x00, 0x00, 0x00, 0x00, 0x00, 0x00, 0x00, 0x00, 0x00, 0x00, 0x00, 0x00, 0x00
.byte 0x00, 0x00, 0x00, 0x00
.long _sym_007a30c0
.byte 0x00, 0x00, 0x00, 0x00, 0x00, 0x00, 0x00, 0x00, 0x00, 0x00, 0x00, 0x00
.long _sym_007a6820
.byte 0x00, 0x00, 0x00, 0x00, 0x00, 0x00, 0x00, 0x00, 0x00, 0x00, 0x00, 0x00
.long _sym_007a40c0
.byte 0x00, 0x00, 0x00, 0x00, 0x00, 0x00, 0x00, 0x00, 0x00, 0x00, 0x00, 0x00
.long _sym_007a3e10
.byte 0x00, 0x00, 0x00, 0x00, 0x00, 0x00, 0x00, 0x00, 0x00, 0x00, 0x00, 0x00
.long _sym_007a3990
.byte 0x00, 0x00, 0x00, 0x00
.long _sym_007a3aa0
.byte 0x00, 0x00, 0x00, 0x00, 0x00, 0x00, 0x00, 0x00, 0x00, 0x00, 0x00, 0x00, 0x00, 0x00, 0x00, 0x00
.byte 0x00, 0x00, 0x00, 0x00
.long _sym_007a2c30
.byte 0x00, 0x00, 0x00, 0x00, 0x00, 0x00, 0x00, 0x00, 0x00, 0x00, 0x00, 0x00
.long _sym_007a3c40
.byte 0x00, 0x00, 0x00, 0x00, 0x00, 0x00, 0x00, 0x00, 0x00, 0x00, 0x00, 0x00
.long _sym_007a3c20
.byte 0x00, 0x00, 0x00, 0x00, 0x00, 0x00, 0x00, 0x00, 0x00, 0x00, 0x00, 0x00
.long _sym_007a3cb0
.byte 0x00, 0x00, 0x00, 0x00, 0x00, 0x00, 0x00, 0x00, 0x00, 0x00, 0x00, 0x00
.long _sym_007a3d50
.byte 0x00, 0x00, 0x00, 0x00, 0x00, 0x00, 0x00, 0x00, 0x00, 0x00, 0x00, 0x00
.long _sym_007a4010
.byte 0x00, 0x00, 0x00, 0x00, 0x00, 0x00, 0x00, 0x00, 0x00, 0x00, 0x00, 0x00
.long _sym_007a43f0
.byte 0x00, 0x00, 0x00, 0x00, 0x00, 0x00, 0x00, 0x00, 0x00, 0x00, 0x00, 0x00
.long _sym_007a80b0
.byte 0x00, 0x00, 0x00, 0x00, 0x00, 0x00, 0x00, 0x00, 0x00, 0x00, 0x00, 0x00
.long _sym_007a80c0
.byte 0x00, 0x00, 0x00, 0x00, 0x00, 0x00, 0x00, 0x00, 0x00, 0x00, 0x00, 0x00
.long _sym_007a4580
.byte 0x00, 0x00, 0x00, 0x00, 0x00, 0x00, 0x00, 0x00, 0x00, 0x00, 0x00, 0x00
.long _sym_007a6950
.byte 0x00, 0x00, 0x00, 0x00, 0x00, 0x00, 0x00, 0x00, 0x00, 0x00, 0x00, 0x00
.long _sym_007a4b20
.byte 0x00, 0x00, 0x00, 0x00, 0x00, 0x00, 0x00, 0x00, 0x00, 0x00, 0x00, 0x00
.long _sym_007a81f0
.byte 0x00, 0x00, 0x00, 0x00, 0x00, 0x00, 0x00, 0x00, 0x00, 0x00, 0x00, 0x00
.long _sym_007a8450
.byte 0x00, 0x00, 0x00, 0x00, 0x00, 0x00, 0x00, 0x00, 0x00, 0x00, 0x00, 0x00
.long _sym_007a4180
.byte 0x00, 0x00, 0x00, 0x00, 0x00, 0x00, 0x00, 0x00, 0x00, 0x00, 0x00, 0x00
.long _sym_007a3df0
.byte 0x00, 0x00, 0x00, 0x00, 0x00, 0x00, 0x00, 0x00, 0x00, 0x00, 0x00, 0x00
.long _sym_007a8550
.byte 0x00, 0x00, 0x00, 0x00, 0x00, 0x00, 0x00, 0x00, 0x00, 0x00, 0x00, 0x00
.long _sym_007a4350
.byte 0x00, 0x00, 0x00, 0x00, 0x00, 0x00, 0x00, 0x00, 0x00, 0x00, 0x00, 0x00
.long _sym_007a3f60
.byte 0x00, 0x00, 0x00, 0x00, 0x00, 0x00, 0x00, 0x00, 0x00, 0x00, 0x00, 0x00
.long _sym_007a6220
.byte 0x00, 0x00, 0x00, 0x00, 0x00, 0x00, 0x00, 0x00, 0x00, 0x00, 0x00, 0x00
.long _sym_007a65c0
.byte 0x00, 0x00, 0x00, 0x00, 0x00, 0x00, 0x00, 0x00, 0x00, 0x00, 0x00, 0x00
.long _sym_007a67b0
.byte 0x00, 0x00, 0x00, 0x00, 0x00, 0x00, 0x00, 0x00, 0x00, 0x00, 0x00, 0x00
.long _sym_007a3f10
.byte 0x00, 0x00, 0x00, 0x00, 0x00, 0x00, 0x00, 0x00, 0x00, 0x00, 0x00, 0x00
.long _sym_007a29a0
.byte 0x00, 0x00, 0x00, 0x00, 0x00, 0x00, 0x00, 0x00, 0x00, 0x00, 0x00, 0x00
.long _sym_007a7f00
.byte 0x00, 0x00, 0x00, 0x00, 0x00, 0x00, 0x00, 0x00, 0x00, 0x00, 0x00, 0x00
.long _sym_007a8670
.byte 0x00, 0x00, 0x00, 0x00, 0x00, 0x00, 0x00, 0x00, 0x00, 0x00, 0x00, 0x00
.long _sym_007a8570
.byte 0x00, 0x00, 0x00, 0x00, 0x00, 0x00, 0x00, 0x00, 0x00, 0x00, 0x00, 0x00
.long _sym_007a5260
.globl _sym_00c43898
_sym_00c43898:
.byte 0x94, 0x00, 0x01, 0x00, 0x53, 0x02, 0x01, 0x00, 0x35, 0x01, 0x00, 0x00, 0x17, 0x01, 0x00, 0x00
.byte 0x30, 0x01, 0x01, 0x00, 0x54, 0x02, 0x01, 0x00, 0x34, 0x01, 0x00, 0x00, 0xa1, 0x00, 0x00, 0x00
.byte 0x46, 0x00, 0x01, 0x00, 0x55, 0x02, 0x01, 0x00, 0x9f, 0x00, 0x00, 0x00, 0xa0, 0x00, 0x00, 0x00
.byte 0xa2, 0x00, 0x01, 0x00, 0x56, 0x02, 0x01, 0x00, 0xa6, 0x00, 0x00, 0x00, 0xa7, 0x00, 0x00, 0x00
.byte 0xa8, 0x00, 0x01, 0x00, 0x57, 0x02, 0x01, 0x00, 0x43, 0x01, 0x00, 0x00, 0x44, 0x01, 0x00, 0x00
.byte 0x98, 0x00, 0x01, 0x00, 0x59, 0x02, 0x01, 0x00, 0x36, 0x01, 0x00, 0x00, 0x2e, 0x01, 0x00, 0x00
.byte 0xae, 0x01, 0x01, 0x00, 0x58, 0x02, 0x01, 0x00, 0xb3, 0x01, 0x00, 0x00, 0xb4, 0x01, 0x00, 0x00
.byte 0xff, 0x01, 0x01, 0x00, 0x5a, 0x02, 0x01, 0x00, 0x34, 0x02, 0x00, 0x00, 0x04, 0x02, 0x00, 0x00
.byte 0xff, 0x01, 0x01, 0x00, 0x5a, 0x02, 0x01, 0x00, 0x34, 0x02, 0x00, 0x00, 0x04, 0x02, 0x00, 0x00
.byte 0xff, 0x01, 0x01, 0x00, 0x5a, 0x02, 0x01, 0x00, 0x34, 0x02, 0x00, 0x00, 0x04, 0x02, 0x00, 0x00
.globl _sym_00c43938
_sym_00c43938:
.byte 0x60, 0x30, 0x61, 0x30, 0x62, 0x30, 0x63, 0x30
.globl _sym_00c43940
_sym_00c43940:
.byte 0x00, 0x00, 0x00, 0x00, 0x0a, 0x00, 0x00, 0x00, 0x1e, 0x00, 0x00, 0x00, 0x50, 0x00
.globl _sym_00c4394e
_sym_00c4394e:
.byte 0x00, 0x00, 0xef, 0x30, 0xf0, 0x30, 0xf1, 0x30, 0xf2, 0x30, 0xf3, 0x30, 0xf4, 0x30, 0xf5, 0x30
.byte 0xf6, 0x30, 0xf7, 0x30, 0xf8, 0x30, 0xf9, 0x30, 0xfa, 0x30, 0xfb, 0x30, 0xfc, 0x30, 0xfd, 0x30
.byte 0xfe, 0x30, 0x2e, 0x31, 0x00, 0x00
.globl _sym_00c43974
_sym_00c43974:
.byte 0x33, 0x40, 0x34, 0x40, 0x35, 0x40, 0x36, 0x40, 0x37, 0x40, 0x38, 0x40, 0x17, 0x30, 0x00, 0x00
.byte 0x00, 0x00, 0x00, 0x00
.globl _sym_00c43988
_sym_00c43988:
.byte 0x00, 0x00, 0x00, 0x00, 0x00, 0x00, 0x00, 0x00, 0x00, 0x00, 0x00, 0x00
.long _sym_007b8e20
.byte 0x00, 0x00, 0x00, 0x00, 0x00, 0x00, 0x00, 0x00, 0x00, 0x00, 0x00, 0x00
.long _sym_007b8eb0
.byte 0x00, 0x00, 0x00, 0x00, 0x00, 0x00, 0x00, 0x00, 0x00, 0x00, 0x00, 0x00
.long _sym_007b91a0
.byte 0x00, 0x00, 0x00, 0x00, 0x00, 0x00, 0x00, 0x00, 0x00, 0x00, 0x00, 0x00
.long _sym_007b91e0
.byte 0x00, 0x00, 0x00, 0x00, 0x00, 0x00, 0x00, 0x00, 0x00, 0x00, 0x00, 0x00
.long _sym_007b9260
.byte 0x00, 0x00, 0x00, 0x00, 0x00, 0x00, 0x00, 0x00, 0x00, 0x00, 0x00, 0x00
.long _sym_007b92a0
.byte 0x00, 0x00, 0x00, 0x00, 0x00, 0x00, 0x00, 0x00, 0x00, 0x00, 0x00, 0x00
.long _sym_007b92e0
.byte 0x00, 0x00, 0x00, 0x00, 0x00, 0x00, 0x00, 0x00, 0x00, 0x00, 0x00, 0x00
.long _sym_007b9320
.byte 0x00, 0x00, 0x00, 0x00, 0x00, 0x00, 0x00, 0x00, 0x00, 0x00, 0x00, 0x00
.long _sym_007b9340
.byte 0x00, 0x00, 0x00, 0x00, 0x00, 0x00, 0x00, 0x00, 0x00, 0x00, 0x00, 0x00
.long _sym_007b9360
.byte 0x00, 0x00, 0x00, 0x00, 0x00, 0x00, 0x00, 0x00, 0x00, 0x00, 0x00, 0x00
.long _sym_007b93c0
.byte 0x00, 0x00, 0x00, 0x00, 0x00, 0x00, 0x00, 0x00, 0x00, 0x00, 0x00, 0x00
.long _sym_007b9400
.byte 0x00, 0x00, 0x00, 0x00, 0x00, 0x00, 0x00, 0x00, 0x00, 0x00, 0x00, 0x00
.long _sym_007b9440
.byte 0x00, 0x00, 0x00, 0x00, 0x00, 0x00, 0x00, 0x00, 0x00, 0x00, 0x00, 0x00
.long _sym_007b9480
.byte 0x00, 0x00, 0x00, 0x00, 0x00, 0x00, 0x00, 0x00, 0x00, 0x00, 0x00, 0x00
.long _sym_007b9520
.byte 0x00, 0x00, 0x00, 0x00, 0x00, 0x00, 0x00, 0x00, 0x00, 0x00, 0x00, 0x00
.long _sym_007b94a0
.byte 0x00, 0x00, 0x00, 0x00, 0x00, 0x00, 0x00, 0x00, 0x00, 0x00, 0x00, 0x00
.long _sym_007b9640
.byte 0x00, 0x00, 0x00, 0x00, 0x00, 0x00, 0x00, 0x00, 0x00, 0x00, 0x00, 0x00
.long _sym_007b96b0
.byte 0x00, 0x00, 0x00, 0x00, 0x00, 0x00, 0x00, 0x00, 0x00, 0x00, 0x00, 0x00
.long _sym_007b9780
.byte 0x00, 0x00, 0x00, 0x00, 0x00, 0x00, 0x00, 0x00, 0x00, 0x00, 0x00, 0x00
.long _sym_007b97f0
.byte 0x00, 0x00, 0x00, 0x00, 0x00, 0x00, 0x00, 0x00, 0x00, 0x00, 0x00, 0x00
.long _sym_007b98c0
.byte 0x00, 0x00, 0x00, 0x00, 0x00, 0x00, 0x00, 0x00, 0x00, 0x00, 0x00, 0x00
.long _sym_007b9900
.byte 0x00, 0x00, 0x00, 0x00, 0x00, 0x00, 0x00, 0x00, 0x00, 0x00, 0x00, 0x00
.long _sym_007b9ac0
.byte 0x00, 0x00, 0x00, 0x00, 0x00, 0x00, 0x00, 0x00, 0x00, 0x00, 0x00, 0x00
.long _sym_007b9980
.byte 0x00, 0x00, 0x00, 0x00, 0x00, 0x00, 0x00, 0x00, 0x00, 0x00, 0x00, 0x00
.long _sym_007b9a00
.byte 0x00, 0x00, 0x00, 0x00, 0x00, 0x00, 0x00, 0x00, 0x00, 0x00, 0x00, 0x00
.long _sym_007b9a40
.byte 0x00, 0x00, 0x00, 0x00
.long _sym_007b9b60
.byte 0x00, 0x00, 0x00, 0x00, 0x00, 0x00, 0x00, 0x00, 0x00, 0x00, 0x00, 0x00, 0x00, 0x00, 0x00, 0x00
.byte 0x00, 0x00, 0x00, 0x00
.long _sym_007b9c20
.byte 0x00, 0x00, 0x00, 0x00, 0x00, 0x00, 0x00, 0x00, 0x00, 0x00, 0x00, 0x00
.long _sym_007b82b0
.byte 0x00, 0x00, 0x00, 0x00, 0x00, 0x00, 0x00, 0x00, 0x00, 0x00, 0x00, 0x00
.long _sym_007b83f0
.byte 0x00, 0x00, 0x00, 0x00, 0x00, 0x00, 0x00, 0x00, 0x00, 0x00, 0x00, 0x00
.long _sym_007b8350
.byte 0x00, 0x00, 0x00, 0x00, 0x00, 0x00, 0x00, 0x00, 0x00, 0x00, 0x00, 0x00
.long _sym_007b84b0
.byte 0x00, 0x00, 0x00, 0x00, 0x00, 0x00, 0x00, 0x00, 0x00, 0x00, 0x00, 0x00
.long _sym_007b9c80
.byte 0x00, 0x00, 0x00, 0x00, 0x00, 0x00, 0x00, 0x00, 0x00, 0x00, 0x00, 0x00
.long _sym_007b9cc0
.byte 0x00, 0x00, 0x00, 0x00, 0x00, 0x00, 0x00, 0x00, 0x00, 0x00, 0x00, 0x00
.long _sym_007b9d90
.byte 0x00, 0x00, 0x00, 0x00, 0x00, 0x00, 0x00, 0x00, 0x00, 0x00, 0x00, 0x00
.long _sym_007b9e10
.byte 0x00, 0x00, 0x00, 0x00, 0x00, 0x00, 0x00, 0x00, 0x00, 0x00, 0x00, 0x00
.long _sym_007b9ea0
.byte 0x00, 0x00, 0x00, 0x00, 0x00, 0x00, 0x00, 0x00
.globl _sym_00c43be0
_sym_00c43be0:
.byte 0x00, 0x00, 0x00, 0x00
.long _sym_007b9f20
.byte 0x00, 0x00, 0x00, 0x00, 0x00, 0x00, 0x00, 0x00, 0x00, 0x00, 0x00, 0x00
.long _sym_007b9f40
.byte 0x00, 0x00, 0x00, 0x00, 0x00, 0x00, 0x00, 0x00, 0x00, 0x00, 0x00, 0x00
.long _sym_007b9f60
.byte 0x00, 0x00, 0x00, 0x00, 0x00, 0x00, 0x00, 0x00, 0x00, 0x00, 0x00, 0x00
.long _sym_007ba060
.byte 0x00, 0x00, 0x00, 0x00, 0x00, 0x00, 0x00, 0x00, 0x00, 0x00, 0x00, 0x00
.long _sym_007ba150
.byte 0x00, 0x00, 0x00, 0x00, 0x00, 0x00, 0x00, 0x00, 0x00, 0x00, 0x00, 0x00
.long _sym_007ba170
.byte 0x00, 0x00, 0x00, 0x00, 0x00, 0x00, 0x00, 0x00, 0x00, 0x00, 0x00, 0x00
.long _sym_007ba250
.byte 0x00, 0x00, 0x00, 0x00, 0x00, 0x00, 0x00, 0x00, 0x00, 0x00, 0x00, 0x00
.long _sym_007ba2d0
.byte 0x00, 0x00, 0x00, 0x00, 0x00, 0x00, 0x00, 0x00, 0x00, 0x00, 0x00, 0x00
.long _sym_007ba270
.byte 0x00, 0x00, 0x00, 0x00, 0x00, 0x00, 0x00, 0x00, 0x00, 0x00, 0x00, 0x00
.long _sym_007b7ef0
.byte 0x00, 0x00, 0x00, 0x00, 0x00, 0x00, 0x00, 0x00, 0x00, 0x00, 0x00, 0x00
.long _sym_007b7f60
.byte 0x00, 0x00, 0x00, 0x00, 0x00, 0x00, 0x00, 0x00, 0x00, 0x00, 0x00, 0x00
.long _sym_007b7fd0
.byte 0x00, 0x00, 0x00, 0x00, 0x00, 0x00, 0x00, 0x00, 0x00, 0x00, 0x00, 0x00
.long _sym_007b8040
.byte 0x00, 0x00, 0x00, 0x00, 0x00, 0x00, 0x00, 0x00, 0x00, 0x00, 0x00, 0x00
.long _sym_007b80b0
.byte 0x00, 0x00, 0x00, 0x00, 0x00, 0x00, 0x00, 0x00, 0x00, 0x00, 0x00, 0x00
.long _sym_007b80d0
.byte 0x00, 0x00, 0x00, 0x00, 0x00, 0x00, 0x00, 0x00, 0x00, 0x00, 0x00, 0x00
.long _sym_007b8190
.byte 0x00, 0x00, 0x00, 0x00, 0x00, 0x00, 0x00, 0x00, 0x00, 0x00, 0x00, 0x00
.long _sym_007b80f0
.byte 0x00, 0x00, 0x00, 0x00, 0x00, 0x00, 0x00, 0x00, 0x00, 0x00, 0x00, 0x00
.long _sym_007b8110
.byte 0x00, 0x00, 0x00, 0x00, 0x00, 0x00, 0x00, 0x00, 0x00, 0x00, 0x00, 0x00
.long _sym_007b8130
.byte 0x00, 0x00, 0x00, 0x00
.long _sym_007b81f0
.byte 0x00, 0x00, 0x00, 0x00, 0x00, 0x00, 0x00, 0x00, 0x00, 0x00, 0x00, 0x00, 0x00, 0x00, 0x00, 0x00
.byte 0x00, 0x00, 0x00, 0x00
.long _sym_007b8250
.byte 0x00, 0x00, 0x00, 0x00, 0x00, 0x00, 0x00, 0x00, 0x00, 0x00, 0x00, 0x00
.long _sym_007b8f90
.byte 0x00, 0x00, 0x00, 0x00, 0x00, 0x00, 0x00, 0x00, 0x00, 0x00, 0x00, 0x00
.long _sym_007b9030
.byte 0x00, 0x00, 0x00, 0x00, 0x00, 0x00, 0x00, 0x00, 0x00, 0x00, 0x00, 0x00
.long _sym_007b9380
.byte 0x00, 0x00, 0x00, 0x00, 0x00, 0x00, 0x00, 0x00, 0x00, 0x00, 0x00, 0x00
.long _sym_007b9f80
.byte 0x00, 0x00, 0x00, 0x00, 0x00, 0x00, 0x00, 0x00, 0x00, 0x00, 0x00, 0x00
.long _sym_007b8650
.byte 0x00, 0x00, 0x00, 0x00, 0x00, 0x00, 0x00, 0x00, 0x00, 0x00, 0x00, 0x00
.long _sym_007b8670
.byte 0x00, 0x00, 0x00, 0x00, 0x00, 0x00, 0x00, 0x00, 0x00, 0x00, 0x00, 0x00
.long _sym_007b8690
.byte 0x00, 0x00, 0x00, 0x00, 0x00, 0x00, 0x00, 0x00, 0x00, 0x00, 0x00, 0x00
.long _sym_007b86b0
.byte 0x00, 0x00, 0x00, 0x00, 0x00, 0x00, 0x00, 0x00, 0x00, 0x00, 0x00, 0x00
.long _sym_007b8570
.byte 0x00, 0x00, 0x00, 0x00, 0x00, 0x00, 0x00, 0x00, 0x00, 0x00, 0x00, 0x00
.long _sym_007b85e0
.byte 0x00, 0x00, 0x00, 0x00, 0x00, 0x00, 0x00, 0x00, 0x00, 0x00, 0x00, 0x00
.long _sym_007b86d0
.byte 0x00, 0x00, 0x00, 0x00, 0x00, 0x00, 0x00, 0x00, 0x00, 0x00, 0x00, 0x00
.long _sym_007b86f0
.byte 0x00, 0x00, 0x00, 0x00, 0x00, 0x00, 0x00, 0x00, 0x00, 0x00, 0x00, 0x00
.long _sym_007b9ca0
.byte 0x00, 0x00, 0x00, 0x00, 0x00, 0x00, 0x00, 0x00, 0x00, 0x00, 0x00, 0x00
.long _sym_007b9ce0
.byte 0x00, 0x00, 0x00, 0x00, 0x00, 0x00, 0x00, 0x00, 0x00, 0x00, 0x00, 0x00
.long _sym_007b9d20
.byte 0x00, 0x00, 0x00, 0x00, 0x00, 0x00, 0x00, 0x00, 0x00, 0x00, 0x00, 0x00
.long _sym_007b9db0
.byte 0x00, 0x00, 0x00, 0x00, 0x00, 0x00, 0x00, 0x00, 0x00, 0x00, 0x00, 0x00
.long _sym_007b9e30
.byte 0x00, 0x00, 0x00, 0x00, 0x00, 0x00, 0x00, 0x00, 0x00, 0x00, 0x00, 0x00
.long _sym_007b9ec0
.byte 0x00, 0x00, 0x00, 0x00, 0x00, 0x00, 0x00, 0x00, 0x00, 0x00, 0x00, 0x00
.long _sym_007b8710
.byte 0x00, 0x00, 0x00, 0x00, 0x00, 0x00, 0x00, 0x00, 0x00, 0x00, 0x00, 0x00
.long _sym_007b8730
.byte 0x00, 0x00, 0x00, 0x00, 0x00, 0x00, 0x00, 0x00, 0x00, 0x00, 0x00, 0x00
.long _sym_007b8a50
.byte 0x00, 0x00, 0x00, 0x00, 0x00, 0x00, 0x00, 0x00, 0x00, 0x00, 0x00, 0x00
.long _sym_007b8b00
.byte 0x00, 0x00, 0x00, 0x00, 0x00, 0x00, 0x00, 0x00, 0x00, 0x00, 0x00, 0x00
.long _sym_007b8b20
.byte 0x00, 0x00, 0x00, 0x00, 0x00, 0x00, 0x00, 0x00, 0x00, 0x00, 0x00, 0x00
.long _sym_007b8bb0
.byte 0x00, 0x00, 0x00, 0x00, 0x00, 0x00, 0x00, 0x00, 0x00, 0x00, 0x00, 0x00
.long _sym_007b8b80
.byte 0x00, 0x00, 0x00, 0x00, 0x00, 0x00, 0x00, 0x00, 0x00, 0x00, 0x00, 0x00
.long _sym_007b8be0
.byte 0x00, 0x00, 0x00, 0x00, 0x00, 0x00, 0x00, 0x00, 0x00, 0x00, 0x00, 0x00
.long _sym_007b8c10
.byte 0x00, 0x00, 0x00, 0x00, 0x00, 0x00, 0x00, 0x00, 0x00, 0x00, 0x00, 0x00
.long _sym_007b8c40
.byte 0x00, 0x00, 0x00, 0x00, 0x00, 0x00, 0x00, 0x00, 0x00, 0x00, 0x00, 0x00
.long _sym_007b8c90
.byte 0x00, 0x00, 0x00, 0x00, 0x00, 0x00, 0x00, 0x00, 0x00, 0x00, 0x00, 0x00
.long _sym_007b8cc0
.byte 0x00, 0x00, 0x00, 0x00, 0x00, 0x00, 0x00, 0x00, 0x00, 0x00, 0x00, 0x00
.long _sym_007b8cf0
.byte 0x00, 0x00, 0x00, 0x00, 0x00, 0x00, 0x00, 0x00, 0x00, 0x00, 0x00, 0x00
.long _sym_007b9fa0
.byte 0x00, 0x00, 0x00, 0x00, 0x00, 0x00, 0x00, 0x00, 0x00, 0x00, 0x00, 0x00
.long _sym_007ba080
.byte 0x00, 0x00, 0x00, 0x00, 0x00, 0x00, 0x00, 0x00, 0x00, 0x00, 0x00, 0x00
.long _sym_007ba190
.byte 0x00, 0x00, 0x00, 0x00, 0x00, 0x00, 0x00, 0x00, 0x00, 0x00, 0x00, 0x00
.long _sym_007b8e00
.byte 0x00, 0x00, 0x00, 0x00, 0x00, 0x00, 0x00, 0x00, 0x00, 0x00, 0x00, 0x00
.long _sym_007b8e90
.byte 0x00, 0x00, 0x00, 0x00, 0x00, 0x00, 0x00, 0x00, 0x00, 0x00, 0x00, 0x00
.long _sym_007b93a0
.byte 0x00, 0x00, 0x00, 0x00, 0x00, 0x00, 0x00, 0x00, 0x00, 0x00, 0x00, 0x00
.long _sym_007b9720
.byte 0x00, 0x00, 0x00, 0x00, 0x00, 0x00, 0x00, 0x00, 0x00, 0x00, 0x00, 0x00
.long _sym_007b9860
.byte 0x00, 0x00, 0x00, 0x00, 0x00, 0x00, 0x00, 0x00, 0x00, 0x00, 0x00, 0x00
.long _sym_007b98e0
.byte 0x00, 0x00, 0x00, 0x00
.long _sym_007b99a0
.byte 0x00, 0x00, 0x00, 0x00, 0x00, 0x00, 0x00, 0x00, 0x00, 0x00, 0x00, 0x00
.long _sym_007b9920
.byte 0x00, 0x00, 0x00, 0x00, 0x00, 0x00, 0x00, 0x00
.long _sym_007b9a20
.long _sym_007b9aa0
.byte 0x00, 0x00, 0x00, 0x00, 0x00, 0x00, 0x00, 0x00, 0x00, 0x00, 0x00, 0x00, 0x00, 0x00, 0x00, 0x00
.byte 0x00, 0x00, 0x00, 0x00
.long _sym_007b8750
.byte 0x00, 0x00, 0x00, 0x00, 0x00, 0x00, 0x00, 0x00, 0x00, 0x00, 0x00, 0x00
.long _sym_007b8f20
.byte 0x00, 0x00, 0x00, 0x00, 0x00, 0x00, 0x00, 0x00, 0x00, 0x00, 0x00, 0x00
.long _sym_007b8f40
.byte 0x00, 0x00, 0x00, 0x00, 0x00, 0x00, 0x00, 0x00, 0x00, 0x00, 0x00, 0x00
.long _sym_007b93e0
.byte 0x00, 0x00, 0x00, 0x00, 0x00, 0x00, 0x00, 0x00, 0x00, 0x00, 0x00, 0x00
.long _sym_007b8f70
.byte 0x00, 0x00, 0x00, 0x00, 0x00, 0x00, 0x00, 0x00, 0x00, 0x00, 0x00, 0x00
.long _sym_007b9010
.byte 0x00, 0x00, 0x00, 0x00, 0x00, 0x00, 0x00, 0x00, 0x00, 0x00, 0x00, 0x00
.long _sym_007b9420
.byte 0x00, 0x00, 0x00, 0x00, 0x00, 0x00, 0x00, 0x00, 0x00, 0x00, 0x00, 0x00
.long _sym_007b90d0
.byte 0x00, 0x00, 0x00, 0x00, 0x00, 0x00, 0x00, 0x00, 0x00, 0x00, 0x00, 0x00
.long _sym_007b90f0
.byte 0x00, 0x00, 0x00, 0x00, 0x00, 0x00, 0x00, 0x00, 0x00, 0x00, 0x00, 0x00
.long _sym_007b9460
.byte 0x00, 0x00, 0x00, 0x00, 0x00, 0x00, 0x00, 0x00, 0x00, 0x00, 0x00, 0x00
.long _sym_007b9150
.byte 0x00, 0x00, 0x00, 0x00, 0x00, 0x00, 0x00, 0x00, 0x00, 0x00, 0x00, 0x00
.long _sym_007b9180
.byte 0x00, 0x00, 0x00, 0x00, 0x00, 0x00, 0x00, 0x00, 0x00, 0x00, 0x00, 0x00
.long _sym_007b9500
.byte 0x00, 0x00, 0x00, 0x00, 0x00, 0x00, 0x00, 0x00, 0x00, 0x00, 0x00, 0x00
.long _sym_007b91c0
.byte 0x00, 0x00, 0x00, 0x00, 0x00, 0x00, 0x00, 0x00, 0x00, 0x00, 0x00, 0x00
.long _sym_007b9200
.byte 0x00, 0x00, 0x00, 0x00, 0x00, 0x00, 0x00, 0x00, 0x00, 0x00, 0x00, 0x00
.long _sym_007b9590
.byte 0x00, 0x00, 0x00, 0x00, 0x00, 0x00, 0x00, 0x00, 0x00, 0x00, 0x00, 0x00
.long _sym_007b8ad0
.byte 0x00, 0x00, 0x00, 0x00, 0x00, 0x00, 0x00, 0x00, 0x00, 0x00, 0x00, 0x00
.long _sym_007b8f60
.byte 0x00, 0x00, 0x00, 0x00, 0x00, 0x00, 0x00, 0x00
.long _sym_007b9110
.byte 0x00, 0x00, 0x00, 0x00, 0x00, 0x00, 0x00, 0x00, 0x00, 0x00, 0x00, 0x00
.long _sym_007b9170
.byte 0x00, 0x00, 0x00, 0x00, 0x00, 0x00, 0x00, 0x00, 0x00, 0x00, 0x00, 0x00, 0x00, 0x00, 0x00, 0x00
.long _sym_007b8d40
.byte 0x00, 0x00, 0x00, 0x00, 0x00, 0x00, 0x00, 0x00, 0x00, 0x00, 0x00, 0x00
.long _sym_007b8d60
.long _sym_007b8dc0
.long _sym_007b8de0
.byte 0x00, 0x00, 0x00, 0x00, 0x00, 0x00, 0x00, 0x00
.long _sym_007b8d80
.long _sym_007b8da0
.byte 0x00, 0x00, 0x00, 0x00, 0x00, 0x00, 0x00, 0x00, 0x00, 0x00, 0x00, 0x00, 0x00, 0x00, 0x00, 0x00
.byte 0x00, 0x00, 0x00, 0x00
.long _sym_007b87c0
.byte 0x00, 0x00, 0x00, 0x00, 0x00, 0x00, 0x00, 0x00, 0x00, 0x00, 0x00, 0x00
.long _sym_007b8830
.byte 0x00, 0x00, 0x00, 0x00, 0x00, 0x00, 0x00, 0x00, 0x00, 0x00, 0x00, 0x00
.long _sym_007b88a0
.byte 0x00, 0x00, 0x00, 0x00, 0x00, 0x00, 0x00, 0x00, 0x00, 0x00, 0x00, 0x00
.long _sym_007b8920
.byte 0x00, 0x00, 0x00, 0x00, 0x00, 0x00, 0x00, 0x00, 0x00, 0x00, 0x00, 0x00
.long _sym_007b9240
.byte 0x00, 0x00, 0x00, 0x00, 0x00, 0x00, 0x00, 0x00, 0x00, 0x00, 0x00, 0x00
.long _sym_007b9280
.byte 0x00, 0x00, 0x00, 0x00, 0x00, 0x00, 0x00, 0x00, 0x00, 0x00, 0x00, 0x00
.long _sym_007b92c0
.byte 0x00, 0x00, 0x00, 0x00, 0x00, 0x00, 0x00, 0x00, 0x00, 0x00, 0x00, 0x00
.long _sym_007b9300
.byte 0x00, 0x00, 0x00, 0x00, 0x00, 0x00, 0x00, 0x00, 0x00, 0x00, 0x00, 0x00
.long _sym_007b9220
.byte 0x00, 0x00, 0x00, 0x00, 0x00, 0x00, 0x00, 0x00, 0x00, 0x00, 0x00, 0x00
.long _sym_007b9d00
.byte 0x00, 0x00, 0x00, 0x00, 0x00, 0x00, 0x00, 0x00, 0x00, 0x00, 0x00, 0x00
.long _sym_007b8990
.byte 0x00, 0x00, 0x00, 0x00, 0x00, 0x00, 0x00, 0x00, 0x00, 0x00, 0x00, 0x00
.long _sym_007b89f0
.byte 0x00, 0x00, 0x00, 0x00, 0x00, 0x00, 0x00, 0x00, 0x00, 0x00, 0x00, 0x00
.long _sym_007b95b0
.globl _sym_00c44228
_sym_00c44228:
.byte 0x01, 0x00, 0x00, 0x00
.globl _sym_00c4422c
_sym_00c4422c:
.byte 0xff, 0xff, 0xff, 0xff
.globl _sym_00c44230
_sym_00c44230:
.byte 0x00, 0x02, 0x00, 0x00
.globl _sym_00c44234
_sym_00c44234:
.byte 0xa0, 0x01, 0x00, 0x00
.globl _sym_00c44238
_sym_00c44238:
.byte 0x01, 0x00, 0x00, 0x00
.globl _sym_00c4423c
_sym_00c4423c:
.long _sym_00b551e0
.long _sym_00b551ec
.long _sym_00b551f8
.globl _sym_00c44248
_sym_00c44248:
.long _sym_00b20b38
.long _sym_00b8f798
.globl _sym_00c44250
_sym_00c44250:
.byte 0xff, 0xff, 0xff, 0xff
.globl _sym_00c44254
_sym_00c44254:
.long _sym_00b554bc
.long _sym_00b554c4
.long _sym_00b554cc
.globl _sym_00c44260
_sym_00c44260:
.long _sym_00b5555c
.byte 0x01, 0x00, 0x00, 0x00, 0x00, 0x00, 0x00, 0x00
.long _sym_00b55568
.byte 0x02, 0x00, 0x00, 0x00, 0x00, 0x00, 0x00, 0x00
.long _sym_00b55570
.byte 0x03, 0x00, 0x00, 0x00, 0x00, 0x00, 0x00, 0x00
.long _sym_00b5557c
.byte 0x04, 0x00, 0x00, 0x00, 0x00, 0x00, 0x00, 0x00
.long _sym_00b55588
.byte 0x05, 0x00, 0x00, 0x00, 0x00, 0x00, 0x00, 0x00
.long _sym_00b55590
.byte 0x06, 0x00, 0x00, 0x00, 0x00, 0x00, 0x00, 0x00
.long _sym_00b5559c
.byte 0x07, 0x00, 0x00, 0x00, 0x00, 0x00, 0x00, 0x00
.long _sym_00b555a4
.byte 0x08, 0x00, 0x00, 0x00, 0x00, 0x00, 0x00, 0x00
.long _sym_00b555b0
.byte 0x09, 0x00, 0x00, 0x00, 0x00, 0x00, 0x00, 0x00
.long _sym_00b555b8
.byte 0x0a, 0x00, 0x00, 0x00, 0x00, 0x00, 0x00, 0x00
.long _sym_00b555c4
.byte 0x0b, 0x00, 0x00, 0x00, 0x00, 0x00, 0x00, 0x00
.long _sym_00b555d0
.byte 0x0c, 0x00, 0x00, 0x00, 0x00, 0x00, 0x00, 0x00
.long _sym_00b555d8
.byte 0x0d, 0x00, 0x00, 0x00, 0x00, 0x00, 0x00, 0x00
.long _sym_00b555e4
.byte 0x0e, 0x00, 0x00, 0x00, 0x00, 0x00, 0x00, 0x00
.long _sym_00b555f0
.byte 0x0f, 0x00, 0x00, 0x00, 0x00, 0x00, 0x00, 0x00
.long _sym_00b555fc
.byte 0x10, 0x00, 0x00, 0x00, 0x00, 0x00, 0x00, 0x00
.long _sym_00b55604
.byte 0x11, 0x00, 0x00, 0x00, 0x00, 0x00, 0x00, 0x00
.long _sym_00b55610
.byte 0x12, 0x00, 0x00, 0x00, 0x00, 0x00, 0x00, 0x00
.long _sym_00b55618
.byte 0x13, 0x00, 0x00, 0x00, 0x00, 0x00, 0x00, 0x00
.long _sym_00b55624
.byte 0x14, 0x00, 0x00, 0x00, 0x00, 0x00, 0x00, 0x00
.long _sym_00b55630
.byte 0x15, 0x00, 0x00, 0x00, 0x00, 0x00, 0x00, 0x00
.long _sym_00b55638
.byte 0x16, 0x00, 0x00, 0x00, 0x00, 0x00, 0x00, 0x00
.long _sym_00b55644
.byte 0x17, 0x00, 0x00, 0x00, 0x00, 0x00, 0x00, 0x00
.long _sym_00b55648
.byte 0x18, 0x00, 0x00, 0x00, 0x00, 0x00, 0x00, 0x00
.long _sym_00b55650
.byte 0x19, 0x00, 0x00, 0x00, 0x00, 0x00, 0x00, 0x00
.long _sym_00b5565c
.byte 0x1a, 0x00, 0x00, 0x00, 0x00, 0x00, 0x00, 0x00
.long _sym_00b55668
.byte 0x1b, 0x00, 0x00, 0x00, 0x00, 0x00, 0x00, 0x00
.long _sym_00b55670
.byte 0x1c, 0x00, 0x00, 0x00, 0x00, 0x00, 0x00, 0x00
.long _sym_00b5567c
.byte 0x1d, 0x00, 0x00, 0x00, 0x00, 0x00, 0x00, 0x00
.long _sym_00b55688
.byte 0x1e, 0x00, 0x00, 0x00, 0x00, 0x00, 0x00, 0x00, 0x00, 0x00, 0x00, 0x00, 0x00, 0x00, 0x00, 0x00
.byte 0x00, 0x00, 0x00, 0x00, 0x0d, 0x0a, 0x00, 0x00, 0x0d, 0x0a, 0x00, 0x00, 0x00, 0x00, 0x00, 0x00
.globl _sym_00c443e0
_sym_00c443e0:
.long _sym_00b55a48
.byte 0x01, 0x00, 0x00, 0x00, 0x00, 0x00, 0x00, 0x00
.long _sym_00b55a50
.byte 0x02, 0x00, 0x00, 0x00, 0x00, 0x00, 0x00, 0x00
.long _sym_00b55a58
.byte 0x03, 0x00, 0x00, 0x00, 0x00, 0x00, 0x00, 0x00
.long _sym_00b55a60
.byte 0x04, 0x00, 0x00, 0x00, 0x00, 0x00, 0x00, 0x00
.long _sym_00b55a6c
.byte 0x05, 0x00, 0x00, 0x00, 0x00, 0x00, 0x00, 0x00
.long _sym_00b55a74
.byte 0x06, 0x00, 0x00, 0x00, 0x00, 0x00, 0x00, 0x00
.long _sym_00b55a80
.byte 0x07, 0x00, 0x00, 0x00, 0x00, 0x00, 0x00, 0x00
.long _sym_00b55a88
.byte 0x08, 0x00, 0x00, 0x00, 0x00, 0x00, 0x00, 0x00
.long _sym_00b55a90
.byte 0x09, 0x00, 0x00, 0x00, 0x00, 0x00, 0x00, 0x00
.long _sym_00b55a98
.byte 0x0a, 0x00, 0x00, 0x00, 0x00, 0x00, 0x00, 0x00
.long _sym_00b55aa0
.byte 0x0b, 0x00, 0x00, 0x00, 0x00, 0x00, 0x00, 0x00
.long _sym_00b55aa8
.byte 0x0c, 0x00, 0x00, 0x00, 0x00, 0x00, 0x00, 0x00
.long _sym_00b55ab4
.byte 0x0d, 0x00, 0x00, 0x00, 0x00, 0x00, 0x00, 0x00
.long _sym_00b55abc
.byte 0x0e, 0x00, 0x00, 0x00, 0x00, 0x00, 0x00, 0x00
.long _sym_00b55ac4
.byte 0x0f, 0x00, 0x00, 0x00, 0x00, 0x00, 0x00, 0x00
.long _sym_00b55ad0
.byte 0x10, 0x00, 0x00, 0x00, 0x00, 0x00, 0x00, 0x00
.long _sym_00b55ad8
.byte 0x11, 0x00, 0x00, 0x00, 0x00, 0x00, 0x00, 0x00
.long _sym_00b55ae0
.byte 0x12, 0x00, 0x00, 0x00, 0x00, 0x00, 0x00, 0x00
.long _sym_00b55ae8
.byte 0x13, 0x00, 0x00, 0x00, 0x00, 0x00, 0x00, 0x00
.long _sym_00b55af0
.byte 0x14, 0x00, 0x00, 0x00, 0x00, 0x00, 0x00, 0x00
.long _sym_00b55afc
.byte 0x15, 0x00, 0x00, 0x00, 0x00, 0x00, 0x00, 0x00
.long _sym_00b55b08
.byte 0x16, 0x00, 0x00, 0x00, 0x00, 0x00, 0x00, 0x00
.long _sym_00b55b10
.byte 0x17, 0x00, 0x00, 0x00, 0x00, 0x00, 0x00, 0x00
.long _sym_00b55b1c
.byte 0x18, 0x00, 0x00, 0x00, 0x00, 0x00, 0x00, 0x00
.long _sym_00b55b24
.byte 0x19, 0x00, 0x00, 0x00, 0x00, 0x00, 0x00, 0x00
.long _sym_00b55b2c
.byte 0x1a, 0x00, 0x00, 0x00, 0x00, 0x00, 0x00, 0x00
.long _sym_00b55b34
.byte 0x1b, 0x00, 0x00, 0x00, 0x00, 0x00, 0x00, 0x00
.long _sym_00b55b3c
.byte 0x1c, 0x00, 0x00, 0x00, 0x00, 0x00, 0x00, 0x00
.long _sym_00b55b48
.byte 0x1d, 0x00, 0x00, 0x00, 0x00, 0x00, 0x00, 0x00
.long _sym_00b55b50
.byte 0x1e, 0x00, 0x00, 0x00, 0x00, 0x00, 0x00, 0x00
.long _sym_00b55b58
.byte 0x1f, 0x00, 0x00, 0x00, 0x00, 0x00, 0x00, 0x00
.long _sym_00b55b64
.byte 0x20, 0x00, 0x00, 0x00, 0x00, 0x00, 0x00, 0x00
.long _sym_00b55b70
.byte 0x21, 0x00, 0x00, 0x00, 0x00, 0x00, 0x00, 0x00
.long _sym_00b55b7c
.byte 0x22, 0x00, 0x00, 0x00, 0x00, 0x00, 0x00, 0x00
.long _sym_00b55b84
.byte 0x23, 0x00, 0x00, 0x00, 0x00, 0x00, 0x00, 0x00
.long _sym_00b55b90
.byte 0x24, 0x00, 0x00, 0x00, 0x00, 0x00, 0x00, 0x00
.long _sym_00b55b9c
.byte 0x25, 0x00, 0x00, 0x00, 0x00, 0x00, 0x00, 0x00
.long _sym_00b55ba8
.byte 0x26, 0x00, 0x00, 0x00, 0x00, 0x00, 0x00, 0x00
.long _sym_00b55bb0
.byte 0x27, 0x00, 0x00, 0x00, 0x00, 0x00, 0x00, 0x00
.long _sym_00b55bb8
.byte 0x28, 0x00, 0x00, 0x00, 0x00, 0x00, 0x00, 0x00
.long _sym_00b55bc0
.byte 0x29, 0x00, 0x00, 0x00, 0x00, 0x00, 0x00, 0x00
.long _sym_00b55bc8
.byte 0x2a, 0x00, 0x00, 0x00, 0x00, 0x00, 0x00, 0x00
.long _sym_00b55bd4
.byte 0x2b, 0x00, 0x00, 0x00, 0x00, 0x00, 0x00, 0x00
.long _sym_00b55be0
.byte 0x2c, 0x00, 0x00, 0x00, 0x00, 0x00, 0x00, 0x00
.long _sym_00b55be8
.byte 0x2d, 0x00, 0x00, 0x00, 0x00, 0x00, 0x00, 0x00
.long _sym_00b55bf4
.byte 0x2e, 0x00, 0x00, 0x00, 0x00, 0x00, 0x00, 0x00
.long _sym_00b55bfc
.byte 0x2f, 0x00, 0x00, 0x00, 0x00, 0x00, 0x00, 0x00
.long _sym_00b55c04
.byte 0x30, 0x00, 0x00, 0x00, 0x00, 0x00, 0x00, 0x00, 0x00, 0x00, 0x00, 0x00, 0x00, 0x00, 0x00, 0x00
.byte 0x00, 0x00, 0x00, 0x00, 0x0d, 0x0a, 0x00, 0x00
.globl _sym_00c44630
_sym_00c44630:
.long _sym_00b55d78
.long _sym_00b55d7c
.long _sym_00b55d80
.long _sym_00b55d84
.long _sym_00b55d88
.long _sym_00b55d90
.long _sym_00b55d98
.long _sym_00b55da0
.long _sym_00b55da8
.long _sym_00b55db0
.long _sym_00b55db8
.long _sym_00b55dc0
.long _sym_00b55dc8
.long _sym_00b55dd0
.long _sym_00b55dd8
.long _sym_00b55de0
.long _sym_00b55de8
.long _sym_00b55df0
.byte 0x00, 0x00, 0x00, 0x00
.globl _sym_00c4467c
_sym_00c4467c:
.long _sym_00b20b38
.globl _sym_00c44680
_sym_00c44680:
.long _sym_00b8f7f0
.byte 0x00, 0x00, 0x00, 0x00, 0x0d, 0x0a, 0x00, 0x00, 0x00, 0x00, 0x00, 0x00
.globl _sym_00c44690
_sym_00c44690:
.byte 0x2e, 0x2e, 0x2f, 0x2e, 0x2e, 0x2f, 0x2e, 0x2e, 0x2f, 0x66, 0x66, 0x78, 0x5f, 0x70, 0x73, 0x32
.byte 0x2f, 0x66, 0x66, 0x78, 0x2f, 0x70, 0x72, 0x6f, 0x6a, 0x2f, 0x6d, 0x61, 0x70, 0x2f, 0x6d, 0x61
.byte 0x73, 0x61, 0x6b, 0x69, 0x2f, 0x63, 0x61, 0x6d, 0x74, 0x65, 0x73, 0x74, 0x00, 0x00, 0x00, 0x00
.byte 0x00, 0x00, 0x00, 0x00, 0x00, 0x00, 0x00, 0x00, 0x00, 0x00, 0x00, 0x00, 0x00, 0x00, 0x00, 0x00
.byte 0x00, 0x00, 0x00, 0x00, 0x00, 0x00, 0x00, 0x00, 0x00, 0x00, 0x00, 0x00, 0x00, 0x00, 0x00, 0x00
.byte 0x00, 0x00, 0x00, 0x00, 0x00, 0x00, 0x00, 0x00, 0x00, 0x00, 0x00, 0x00, 0x00, 0x00, 0x00, 0x00
.byte 0x00, 0x00, 0x00, 0x00, 0x00, 0x00, 0x00, 0x00, 0x00, 0x00, 0x00, 0x00, 0x00, 0x00, 0x00, 0x00
.byte 0x00, 0x00, 0x00, 0x00, 0x00, 0x00, 0x00, 0x00, 0x00, 0x00, 0x00, 0x00, 0x00, 0x00, 0x00, 0x00
.byte 0x00, 0x00, 0x00, 0x00, 0x00, 0x00, 0x00, 0x00, 0x00, 0x00, 0x00, 0x00, 0x00, 0x00, 0x00, 0x00
.byte 0x00, 0x00, 0x00, 0x00, 0x00, 0x00, 0x00, 0x00, 0x00, 0x00, 0x00, 0x00, 0x00, 0x00, 0x00, 0x00
.byte 0x00, 0x00, 0x00, 0x00, 0x00, 0x00, 0x00, 0x00, 0x00, 0x00, 0x00, 0x00, 0x00, 0x00, 0x00, 0x00
.byte 0x00, 0x00, 0x00, 0x00, 0x00, 0x00, 0x00, 0x00, 0x00, 0x00, 0x00, 0x00, 0x00, 0x00, 0x00, 0x00
.byte 0x00, 0x00, 0x00, 0x00, 0x00, 0x00, 0x00, 0x00, 0x00, 0x00, 0x00, 0x00, 0x00, 0x00, 0x00, 0x00
.byte 0x00, 0x00, 0x00, 0x00, 0x00, 0x00, 0x00, 0x00, 0x00, 0x00, 0x00, 0x00, 0x00, 0x00, 0x00, 0x00
.byte 0x00, 0x00, 0x00, 0x00, 0x00, 0x00, 0x00, 0x00, 0x00, 0x00, 0x00, 0x00, 0x00, 0x00, 0x00, 0x00
.byte 0x00, 0x00, 0x00, 0x00, 0x00, 0x00, 0x00, 0x00, 0x00, 0x00, 0x00, 0x00, 0x00, 0x00, 0x00, 0x00
.globl _sym_00c44790
_sym_00c44790:
.byte 0x2e, 0x2e, 0x2f, 0x2e, 0x2e, 0x2f, 0x2e, 0x2e, 0x2f, 0x66, 0x66, 0x78, 0x5f, 0x70, 0x73, 0x32
.byte 0x2f, 0x66, 0x66, 0x78, 0x2f, 0x70, 0x72, 0x6f, 0x6a, 0x2f, 0x6d, 0x61, 0x70, 0x2f, 0x6d, 0x61
.byte 0x73, 0x61, 0x6b, 0x69, 0x2f, 0x00, 0x00, 0x00
.globl _sym_00c447b8
_sym_00c447b8:
.byte 0x2e, 0x2e, 0x2f, 0x2e, 0x2e, 0x2f, 0x2e, 0x2e, 0x2f, 0x66, 0x66, 0x78, 0x5f, 0x70, 0x73, 0x32
.byte 0x2f, 0x66, 0x66, 0x78, 0x2f, 0x70, 0x72, 0x6f, 0x6a, 0x2f, 0x6d, 0x61, 0x70, 0x2f, 0x6d, 0x61
.byte 0x73, 0x61, 0x6b, 0x69, 0x2f, 0x00, 0x00, 0x00
.globl _sym_00c447e0
_sym_00c447e0:
.byte 0x01, 0x00, 0x00, 0x00, 0x02, 0x00, 0x00, 0x00, 0x04, 0x00, 0x00, 0x00, 0x05, 0x00, 0x00, 0x00
.byte 0x06, 0x00, 0x00, 0x00, 0x08, 0x00, 0x00, 0x00, 0x09, 0x00, 0x00, 0x00, 0x0a, 0x00, 0x00, 0x00
.byte 0x0b, 0x00, 0x00, 0x00, 0x0c, 0x00, 0x00, 0x00, 0x0d, 0x00, 0x00, 0x00, 0x0f, 0x00, 0x00, 0x00
.byte 0x10, 0x00, 0x00, 0x00, 0x00, 0x00, 0x00, 0x00
.globl _sym_00c44818
_sym_00c44818:
.long _sym_00b55268
.long _sym_00b55f74
.long _sym_00b55f7c
.long _sym_00b55f84
.long _sym_00b55f90
.long _sym_00b55f94
.long _sym_00b55f9c
.long _sym_00b55fa4
.long _sym_00b55fac
.long _sym_00b55fb4
.long _sym_00b55fbc
.long _sym_00b55fc4
.long _sym_00b55fcc
.long _sym_00b55fd0
.long _sym_00b55fd8
.long _sym_00b55fe0
.long _sym_00b55fec
.long _sym_00b55ff8
.globl _sym_00c44860
_sym_00c44860:
.long _sym_00b56000
.long _sym_00b5600c
.long _sym_00b5601c
.long _sym_00b5602c
.long _sym_00b56040
.long _sym_00b5604c
.long _sym_00b5605c
.long _sym_00b5606c
.long _sym_00b5607c
.long _sym_00b5608c
.long _sym_00b5609c
.long _sym_00b560ac
.long _sym_00b560bc
.long _sym_00b560c8
.long _sym_00b560d8
.long _sym_00b560e8
.long _sym_00b560fc
.long _sym_00b56110
.globl _sym_00c448a8
_sym_00c448a8:
.byte 0xee, 0xff, 0xff, 0xff, 0xfd, 0xff, 0xff, 0xff, 0xfe, 0xff, 0xff, 0xff, 0xff, 0xff, 0xff, 0xff
.byte 0x00, 0x00, 0x00, 0x00, 0x08, 0x00, 0x00, 0x00
.globl _sym_00c448c0
_sym_00c448c0:
.byte 0x14, 0x00, 0x00, 0x00
.globl _sym_00c448c4
_sym_00c448c4:
.long _sym_00b56204
.long _sym_00b5620c
.byte 0x00, 0x00, 0x00, 0x00, 0x00, 0x00, 0x00, 0x00, 0x00, 0x00, 0x00, 0x00, 0x00, 0x00, 0x00, 0x00
.byte 0x00, 0x00, 0x00, 0x00
.globl _sym_00c448e0
_sym_00c448e0:
.long _sym_00b56214
.long _sym_00b5621c
.long _sym_00b56228
.long _sym_00b56234
.long _sym_00b56238
.long _sym_00b56240
.long _sym_00b56248
.long _sym_00b56250
.long _sym_00b56258
.long _sym_00b56260
.long _sym_00b56268
.long _sym_00b56274
.long _sym_00b56280
.long _sym_00b5628c
.long _sym_00b56294
.long _sym_00b5629c
.long _sym_00b562a4
.long _sym_00b562b0
.long _sym_00b562b8
.long _sym_00b562c4
.long _sym_00b562cc
.long _sym_00b562d8
.long _sym_00b562e0
.byte 0x00, 0x00, 0x00, 0x00
.globl _sym_00c44940
_sym_00c44940:
.long _sym_00b56120
.long _sym_00b56128
.long _sym_00b56130
.long _sym_00b56138
.long _sym_00b56140
.long _sym_00b56148
.long _sym_00b56150
.long _sym_00b56158
.long _sym_00b56160
.long _sym_00b56168
.long _sym_00b56170
.long _sym_00b56178
.long _sym_00b56180
.long _sym_00b56188
.long _sym_00b56190
.long _sym_00b5619c
.long _sym_00b561a4
.long _sym_00b561ac
.long _sym_00b7c788
.long _sym_00b7c788
.long _sym_00b548f4
.long _sym_00b54900
.long _sym_00b5490c
.long _sym_00b561b4
.long _sym_00b561c0
.long _sym_00b561cc
.long _sym_00b561d8
.long _sym_00b561e4
.long _sym_00b561f0
.long _sym_00b561f8
.long _sym_00b56200
.globl _sym_00c449bc
_sym_00c449bc:
.byte 0x03, 0x00, 0x00, 0x00
.globl _sym_00c449c0
_sym_00c449c0:
.long _sym_00b25028
.long _sym_00b567ac
.long _sym_00b567b4
.long _sym_00b555b0
.long _sym_00b55668
.long _sym_00b555d0
.long _sym_00b567bc
.long _sym_00b567c4
.long _sym_00b567cc
.long _sym_00b567d4
.long _sym_00b567dc
.long _sym_00b55648
.globl _sym_00c449f0
_sym_00c449f0:
.byte 0x6f, 0x75, 0x74, 0x70, 0x75, 0x74, 0x00, 0x00
.globl _sym_00c449f8
_sym_00c449f8:
.byte 0x73, 0x79, 0x73, 0x74, 0x65, 0x6d, 0x00, 0x00
.globl _sym_00c44a00
_sym_00c44a00:
.byte 0x01, 0x00, 0x00, 0x00, 0x03, 0x00, 0x00, 0x00, 0x0b, 0x00, 0x00, 0x00, 0x0c, 0x00, 0x00, 0x00
.byte 0x0d, 0x00, 0x00, 0x00
.globl _sym_00c44a14
_sym_00c44a14:
.long _sym_00b569f8
.long _sym_00b569fc
.globl _sym_00c44a1c
_sym_00c44a1c:
.long _sym_00b56a00
.long _sym_00b56a04
.long _sym_00b56a08
.long _sym_00b56a0c
.globl _sym_00c44a2c
_sym_00c44a2c:
.byte 0x50, 0x00, 0x00, 0x00, 0x0d, 0x0a, 0x00, 0x00, 0x0d, 0x0a, 0x00, 0x00
.globl _sym_00c44a38
_sym_00c44a38:
.byte 0x0d, 0x0a, 0x00, 0x00, 0x00, 0x00, 0x00, 0x00
.globl _sym_00c44a40
_sym_00c44a40:
.long _sym_00b57d68
.byte 0x00, 0x00, 0x00, 0x00, 0x00, 0x00, 0x00, 0x00, 0x00, 0x00, 0x00, 0x00, 0x01, 0x00, 0x01, 0x00
.byte 0x01, 0x00, 0x00, 0x00, 0x00, 0x00, 0x00, 0x00, 0x00, 0x00, 0x00, 0x00, 0x00, 0x00, 0x00, 0x00
.long _sym_00b57d74
.byte 0x00, 0x00, 0x00, 0x00, 0x00, 0x00, 0x00, 0x00, 0x00, 0x00, 0x00, 0x00, 0x02, 0x00, 0x01, 0x00
.byte 0x01, 0x00, 0x00, 0x00, 0x00, 0x00, 0x00, 0x00, 0x00, 0x00, 0x00, 0x00, 0x00, 0x00, 0x00, 0x00
.long _sym_00b57d7c
.byte 0x00, 0x00, 0x00, 0x00, 0x00, 0x00, 0x00, 0x00, 0x00, 0x00, 0x00, 0x00, 0x03, 0x00, 0x01, 0x00
.byte 0x01, 0x00, 0x00, 0x00, 0x00, 0x00, 0x00, 0x00, 0x00, 0x00, 0x00, 0x00, 0x00, 0x00, 0x00, 0x00
.long _sym_00b57d88
.byte 0x00, 0x00, 0x00, 0x00, 0x00, 0x00, 0x00, 0x00, 0x00, 0x00, 0x00, 0x00, 0x04, 0x00, 0x01, 0x00
.byte 0x00, 0x00, 0x00, 0x00, 0x00, 0x00, 0x00, 0x00, 0x00, 0x00, 0x00, 0x00, 0x00, 0x00, 0x00, 0x00
.long _sym_00b57d90
.byte 0x00, 0x00, 0x00, 0x00, 0x00, 0x00, 0x00, 0x00, 0x00, 0x00, 0x00, 0x00, 0x05, 0x00, 0x01, 0x00
.byte 0x00, 0x00, 0x00, 0x00, 0x00, 0x00, 0x00, 0x00, 0x00, 0x00, 0x00, 0x00, 0x00, 0x00, 0x00, 0x00
.long _sym_00b57d98
.byte 0x00, 0x00, 0x00, 0x00, 0x00, 0x00, 0x00, 0x00, 0x00, 0x00, 0x00, 0x00, 0x06, 0x00, 0x01, 0x00
.byte 0x00, 0x00, 0x00, 0x00, 0x00, 0x00, 0x00, 0x00, 0x00, 0x00, 0x00, 0x00, 0x00, 0x00, 0x00, 0x00
.long _sym_00b4bc3c
.byte 0x00, 0x00, 0x00, 0x00, 0x00, 0x00, 0x00, 0x00, 0x00, 0x00, 0x00, 0x00, 0x07, 0x00, 0x01, 0x00
.byte 0x00, 0x00, 0x00, 0x00, 0x00, 0x00, 0x00, 0x00, 0x00, 0x00, 0x00, 0x00, 0x00, 0x00, 0x00, 0x00
.long _sym_00b57da0
.byte 0x00, 0x00, 0x00, 0x00, 0x00, 0x00, 0x00, 0x00, 0x00, 0x00, 0x00, 0x00, 0x08, 0x00, 0x01, 0x00
.byte 0x00, 0x00, 0x00, 0x00, 0x00, 0x00, 0x00, 0x00, 0x00, 0x00, 0x00, 0x00, 0x00, 0x00, 0x00, 0x00
.long _sym_00b57da8
.byte 0x00, 0x00, 0x00, 0x00, 0x00, 0x00, 0x00, 0x00, 0x00, 0x00, 0x00, 0x00, 0x09, 0x00, 0x01, 0x00
.byte 0x00, 0x00, 0x00, 0x00, 0x00, 0x00, 0x00, 0x00, 0x00, 0x00, 0x00, 0x00, 0x00, 0x00, 0x00, 0x00
.long _sym_00b57dac
.byte 0x00, 0x00, 0x00, 0x00, 0x00, 0x00, 0x00, 0x00, 0x00, 0x00, 0x00, 0x00, 0x00, 0x00, 0x00, 0x00
.byte 0x00, 0x00, 0x00, 0x00, 0x00, 0x00, 0x00, 0x00, 0x00, 0x00, 0x00, 0x00, 0x00, 0x00, 0x00, 0x00
.globl _sym_00c44ba8
_sym_00c44ba8:
.byte 0x40, 0x30, 0x20, 0x00, 0x00, 0x00, 0x00, 0x00, 0x00, 0x00, 0x20, 0x00, 0x00, 0x00, 0x00, 0x00
.byte 0x00, 0x00, 0x00, 0x10, 0x08, 0x00, 0x00, 0x00, 0x00, 0x00, 0x00, 0x10, 0x00, 0x00, 0x00, 0x00
.byte 0x00, 0x00, 0x00, 0x08, 0x00, 0x00, 0x00, 0x00, 0x00, 0x00, 0x00, 0x08
.globl _sym_00c44bd4
_sym_00c44bd4:
.byte 0x00, 0x02, 0x01, 0x00, 0x14, 0x13, 0x00, 0x00, 0x00, 0x00, 0x00, 0x00
.globl _sym_00c44be0
_sym_00c44be0:
.byte 0x00, 0x00, 0x00, 0x00, 0xd5, 0x0f, 0xc9, 0x3a, 0xc6, 0x0f, 0x49, 0x3b, 0xc1, 0xcb, 0x96, 0x3b
.byte 0x88, 0x0f, 0xc9, 0x3b, 0x30, 0x53, 0xfb, 0x3b, 0x58, 0xcb, 0x16, 0x3c, 0x02, 0xed, 0x2f, 0x3c
.byte 0x90, 0x0e, 0x49, 0x3c, 0xff, 0x2f, 0x62, 0x3c, 0x4b, 0x51, 0x7b, 0x3c, 0x38, 0x39, 0x8a, 0x3c
.byte 0xb6, 0xc9, 0x96, 0x3c, 0x1c, 0x5a, 0xa3, 0x3c, 0x69, 0xea, 0xaf, 0x3c, 0x9b, 0x7a, 0xbc, 0x3c
.byte 0xb0, 0x0a, 0xc9, 0x3c, 0xa6, 0x9a, 0xd5, 0x3c, 0x7a, 0x2a, 0xe2, 0x3c, 0x2c, 0xba, 0xee, 0x3c
.byte 0xba, 0x49, 0xfb, 0x3c, 0x90, 0xec, 0x03, 0x3d, 0x2f, 0x34, 0x0a, 0x3d, 0xb8, 0x7b, 0x10, 0x3d
.byte 0x2c, 0xc3, 0x16, 0x3d, 0x88, 0x0a, 0x1d, 0x3d, 0xcb, 0x51, 0x23, 0x3d, 0xf6, 0x98, 0x29, 0x3d
.byte 0x07, 0xe0, 0x2f, 0x3d, 0xfc, 0x26, 0x36, 0x3d, 0xd5, 0x6d, 0x3c, 0x3d, 0x91, 0xb4, 0x42, 0x3d
.byte 0x30, 0xfb, 0x48, 0x3d, 0xaf, 0x41, 0x4f, 0x3d, 0x0e, 0x88, 0x55, 0x3d, 0x4c, 0xce, 0x5b, 0x3d
.byte 0x69, 0x14, 0x62, 0x3d, 0x62, 0x5a, 0x68, 0x3d, 0x38, 0xa0, 0x6e, 0x3d, 0xe9, 0xe5, 0x74, 0x3d
.byte 0x74, 0x2b, 0x7b, 0x3d, 0x6c, 0xb8, 0x80, 0x3d, 0x0a, 0xdb, 0x83, 0x3d, 0x94, 0xfd, 0x86, 0x3d
.byte 0x0a, 0x20, 0x8a, 0x3d, 0x6a, 0x42, 0x8d, 0x3d, 0xb4, 0x64, 0x90, 0x3d, 0xe7, 0x86, 0x93, 0x3d
.byte 0x05, 0xa9, 0x96, 0x3d, 0x0a, 0xcb, 0x99, 0x3d, 0xf9, 0xec, 0x9c, 0x3d, 0xcf, 0x0e, 0xa0, 0x3d
.byte 0x8c, 0x30, 0xa3, 0x3d, 0x30, 0x52, 0xa6, 0x3d, 0xba, 0x73, 0xa9, 0x3d, 0x2b, 0x95, 0xac, 0x3d
.byte 0x80, 0xb6, 0xaf, 0x3d, 0xbb, 0xd7, 0xb2, 0x3d, 0xda, 0xf8, 0xb5, 0x3d, 0xdd, 0x19, 0xb9, 0x3d
.byte 0xc3, 0x3a, 0xbc, 0x3d, 0x8d, 0x5b, 0xbf, 0x3d, 0x39, 0x7c, 0xc2, 0x3d, 0xc6, 0x9c, 0xc5, 0x3d
.byte 0x36, 0xbd, 0xc8, 0x3d, 0x86, 0xdd, 0xcb, 0x3d, 0xb7, 0xfd, 0xce, 0x3d, 0xc8, 0x1d, 0xd2, 0x3d
.byte 0xb9, 0x3d, 0xd5, 0x3d, 0x89, 0x5d, 0xd8, 0x3d, 0x37, 0x7d, 0xdb, 0x3d, 0xc4, 0x9c, 0xde, 0x3d
.byte 0x2e, 0xbc, 0xe1, 0x3d, 0x76, 0xdb, 0xe4, 0x3d, 0x9a, 0xfa, 0xe7, 0x3d, 0x9a, 0x19, 0xeb, 0x3d
.byte 0x76, 0x38, 0xee, 0x3d, 0x2e, 0x57, 0xf1, 0x3d, 0xc0, 0x75, 0xf4, 0x3d, 0x2c, 0x94, 0xf7, 0x3d
.byte 0x73, 0xb2, 0xfa, 0x3d, 0x92, 0xd0, 0xfd, 0x3d, 0x45, 0x77, 0x00, 0x3e, 0x2e, 0x06, 0x02, 0x3e
.byte 0x02, 0x95, 0x03, 0x3e, 0xc2, 0x23, 0x05, 0x3e, 0x6e, 0xb2, 0x06, 0x3e, 0x05, 0x41, 0x08, 0x3e
.byte 0x86, 0xcf, 0x09, 0x3e, 0xf3, 0x5d, 0x0b, 0x3e, 0x4a, 0xec, 0x0c, 0x3e, 0x8b, 0x7a, 0x0e, 0x3e
.byte 0xb7, 0x08, 0x10, 0x3e, 0xcc, 0x96, 0x11, 0x3e, 0xca, 0x24, 0x13, 0x3e, 0xb2, 0xb2, 0x14, 0x3e
.byte 0x83, 0x40, 0x16, 0x3e, 0x3d, 0xce, 0x17, 0x3e, 0xe0, 0x5b, 0x19, 0x3e, 0x6b, 0xe9, 0x1a, 0x3e
.byte 0xde, 0x76, 0x1c, 0x3e, 0x38, 0x04, 0x1e, 0x3e, 0x7b, 0x91, 0x1f, 0x3e, 0xa5, 0x1e, 0x21, 0x3e
.byte 0xb6, 0xab, 0x22, 0x3e, 0xad, 0x38, 0x24, 0x3e, 0x8c, 0xc5, 0x25, 0x3e, 0x51, 0x52, 0x27, 0x3e
.byte 0xfc, 0xde, 0x28, 0x3e, 0x8d, 0x6b, 0x2a, 0x3e, 0x04, 0xf8, 0x2b, 0x3e, 0x61, 0x84, 0x2d, 0x3e
.byte 0xa2, 0x10, 0x2f, 0x3e, 0xc9, 0x9c, 0x30, 0x3e, 0xd4, 0x28, 0x32, 0x3e, 0xc4, 0xb4, 0x33, 0x3e
.byte 0x98, 0x40, 0x35, 0x3e, 0x50, 0xcc, 0x36, 0x3e, 0xec, 0x57, 0x38, 0x3e, 0x6c, 0xe3, 0x39, 0x3e
.byte 0xcf, 0x6e, 0x3b, 0x3e, 0x15, 0xfa, 0x3c, 0x3e, 0x3e, 0x85, 0x3e, 0x3e, 0x49, 0x10, 0x40, 0x3e
.byte 0x37, 0x9b, 0x41, 0x3e, 0x07, 0x26, 0x43, 0x3e, 0xb9, 0xb0, 0x44, 0x3e, 0x4d, 0x3b, 0x46, 0x3e
.byte 0xc2, 0xc5, 0x47, 0x3e, 0x18, 0x50, 0x49, 0x3e, 0x4f, 0xda, 0x4a, 0x3e, 0x67, 0x64, 0x4c, 0x3e
.byte 0x60, 0xee, 0x4d, 0x3e, 0x38, 0x78, 0x4f, 0x3e, 0xf1, 0x01, 0x51, 0x3e, 0x89, 0x8b, 0x52, 0x3e
.byte 0x01, 0x15, 0x54, 0x3e, 0x58, 0x9e, 0x55, 0x3e, 0x8f, 0x27, 0x57, 0x3e, 0xa4, 0xb0, 0x58, 0x3e
.byte 0x97, 0x39, 0x5a, 0x3e, 0x6a, 0xc2, 0x5b, 0x3e, 0x1a, 0x4b, 0x5d, 0x3e, 0xa8, 0xd3, 0x5e, 0x3e
.byte 0x13, 0x5c, 0x60, 0x3e, 0x5c, 0xe4, 0x61, 0x3e, 0x83, 0x6c, 0x63, 0x3e, 0x86, 0xf4, 0x64, 0x3e
.byte 0x66, 0x7c, 0x66, 0x3e, 0x22, 0x04, 0x68, 0x3e, 0xba, 0x8b, 0x69, 0x3e, 0x2f, 0x13, 0x6b, 0x3e
.byte 0x7f, 0x9a, 0x6c, 0x3e, 0xab, 0x21, 0x6e, 0x3e, 0xb2, 0xa8, 0x6f, 0x3e, 0x94, 0x2f, 0x71, 0x3e
.byte 0x51, 0xb6, 0x72, 0x3e, 0xe8, 0x3c, 0x74, 0x3e, 0x5a, 0xc3, 0x75, 0x3e, 0xa6, 0x49, 0x77, 0x3e
.byte 0xcc, 0xcf, 0x78, 0x3e, 0xcb, 0x55, 0x7a, 0x3e, 0xa4, 0xdb, 0x7b, 0x3e, 0x56, 0x61, 0x7d, 0x3e
.byte 0xe1, 0xe6, 0x7e, 0x3e, 0x22, 0x36, 0x80, 0x3e, 0xc0, 0xf8, 0x80, 0x3e, 0x4a, 0xbb, 0x81, 0x3e
.byte 0xc0, 0x7d, 0x82, 0x3e, 0x22, 0x40, 0x83, 0x3e, 0x70, 0x02, 0x84, 0x3e, 0xaa, 0xc4, 0x84, 0x3e
.byte 0xce, 0x86, 0x85, 0x3e, 0xdf, 0x48, 0x86, 0x3e, 0xda, 0x0a, 0x87, 0x3e, 0xc1, 0xcc, 0x87, 0x3e
.byte 0x93, 0x8e, 0x88, 0x3e, 0x50, 0x50, 0x89, 0x3e, 0xf7, 0x11, 0x8a, 0x3e, 0x8a, 0xd3, 0x8a, 0x3e
.byte 0x07, 0x95, 0x8b, 0x3e, 0x6e, 0x56, 0x8c, 0x3e, 0xc0, 0x17, 0x8d, 0x3e, 0xfc, 0xd8, 0x8d, 0x3e
.byte 0x22, 0x9a, 0x8e, 0x3e, 0x32, 0x5b, 0x8f, 0x3e, 0x2c, 0x1c, 0x90, 0x3e, 0x10, 0xdd, 0x90, 0x3e
.byte 0xdd, 0x9d, 0x91, 0x3e, 0x94, 0x5e, 0x92, 0x3e, 0x35, 0x1f, 0x93, 0x3e, 0xbf, 0xdf, 0x93, 0x3e
.byte 0x31, 0xa0, 0x94, 0x3e, 0x8d, 0x60, 0x95, 0x3e, 0xd2, 0x20, 0x96, 0x3e, 0x00, 0xe1, 0x96, 0x3e
.byte 0x17, 0xa1, 0x97, 0x3e, 0x16, 0x61, 0x98, 0x3e, 0xfe, 0x20, 0x99, 0x3e, 0xce, 0xe0, 0x99, 0x3e
.byte 0x86, 0xa0, 0x9a, 0x3e, 0x27, 0x60, 0x9b, 0x3e, 0xaf, 0x1f, 0x9c, 0x3e, 0x20, 0xdf, 0x9c, 0x3e
.byte 0x78, 0x9e, 0x9d, 0x3e, 0xb8, 0x5d, 0x9e, 0x3e, 0xdf, 0x1c, 0x9f, 0x3e, 0xee, 0xdb, 0x9f, 0x3e
.byte 0xe5, 0x9a, 0xa0, 0x3e, 0xc2, 0x59, 0xa1, 0x3e, 0x87, 0x18, 0xa2, 0x3e, 0x33, 0xd7, 0xa2, 0x3e
.byte 0xc5, 0x95, 0xa3, 0x3e, 0x3f, 0x54, 0xa4, 0x3e, 0x9f, 0x12, 0xa5, 0x3e, 0xe5, 0xd0, 0xa5, 0x3e
.byte 0x12, 0x8f, 0xa6, 0x3e, 0x25, 0x4d, 0xa7, 0x3e, 0x1f, 0x0b, 0xa8, 0x3e, 0xfe, 0xc8, 0xa8, 0x3e
.byte 0xc4, 0x86, 0xa9, 0x3e, 0x6f, 0x44, 0xaa, 0x3e, 0x01, 0x02, 0xab, 0x3e, 0x77, 0xbf, 0xab, 0x3e
.byte 0xd4, 0x7c, 0xac, 0x3e, 0x15, 0x3a, 0xad, 0x3e, 0x3c, 0xf7, 0xad, 0x3e, 0x49, 0xb4, 0xae, 0x3e
.byte 0x3a, 0x71, 0xaf, 0x3e, 0x10, 0x2e, 0xb0, 0x3e, 0xcb, 0xea, 0xb0, 0x3e, 0x6b, 0xa7, 0xb1, 0x3e
.byte 0xef, 0x63, 0xb2, 0x3e, 0x58, 0x20, 0xb3, 0x3e, 0xa5, 0xdc, 0xb3, 0x3e, 0xd6, 0x98, 0xb4, 0x3e
.byte 0xec, 0x54, 0xb5, 0x3e, 0xe6, 0x10, 0xb6, 0x3e, 0xc3, 0xcc, 0xb6, 0x3e, 0x84, 0x88, 0xb7, 0x3e
.byte 0x2a, 0x44, 0xb8, 0x3e, 0xb2, 0xff, 0xb8, 0x3e, 0x1e, 0xbb, 0xb9, 0x3e, 0x6e, 0x76, 0xba, 0x3e
.byte 0xa0, 0x31, 0xbb, 0x3e, 0xb6, 0xec, 0xbb, 0x3e, 0xaf, 0xa7, 0xbc, 0x3e, 0x8b, 0x62, 0xbd, 0x3e
.byte 0x4a, 0x1d, 0xbe, 0x3e, 0xeb, 0xd7, 0xbe, 0x3e, 0x6f, 0x92, 0xbf, 0x3e, 0xd5, 0x4c, 0xc0, 0x3e
.byte 0x1e, 0x07, 0xc1, 0x3e, 0x48, 0xc1, 0xc1, 0x3e, 0x55, 0x7b, 0xc2, 0x3e, 0x44, 0x35, 0xc3, 0x3e
.byte 0x15, 0xef, 0xc3, 0x3e, 0xc8, 0xa8, 0xc4, 0x3e, 0x5c, 0x62, 0xc5, 0x3e, 0xd2, 0x1b, 0xc6, 0x3e
.byte 0x29, 0xd5, 0xc6, 0x3e, 0x62, 0x8e, 0xc7, 0x3e, 0x7c, 0x47, 0xc8, 0x3e, 0x77, 0x00, 0xc9, 0x3e
.byte 0x53, 0xb9, 0xc9, 0x3e, 0x10, 0x72, 0xca, 0x3e, 0xae, 0x2a, 0xcb, 0x3e, 0x2c, 0xe3, 0xcb, 0x3e
.byte 0x8b, 0x9b, 0xcc, 0x3e, 0xca, 0x53, 0xcd, 0x3e, 0xea, 0x0b, 0xce, 0x3e, 0xea, 0xc3, 0xce, 0x3e
.byte 0xca, 0x7b, 0xcf, 0x3e, 0x8a, 0x33, 0xd0, 0x3e, 0x2a, 0xeb, 0xd0, 0x3e, 0xaa, 0xa2, 0xd1, 0x3e
.byte 0x09, 0x5a, 0xd2, 0x3e, 0x48, 0x11, 0xd3, 0x3e, 0x67, 0xc8, 0xd3, 0x3e, 0x64, 0x7f, 0xd4, 0x3e
.byte 0x41, 0x36, 0xd5, 0x3e, 0xfd, 0xec, 0xd5, 0x3e, 0x99, 0xa3, 0xd6, 0x3e, 0x13, 0x5a, 0xd7, 0x3e
.byte 0x6b, 0x10, 0xd8, 0x3e, 0xa3, 0xc6, 0xd8, 0x3e, 0xb9, 0x7c, 0xd9, 0x3e, 0xad, 0x32, 0xda, 0x3e
.byte 0x80, 0xe8, 0xda, 0x3e, 0x31, 0x9e, 0xdb, 0x3e, 0xc1, 0x53, 0xdc, 0x3e, 0x2e, 0x09, 0xdd, 0x3e
.byte 0x79, 0xbe, 0xdd, 0x3e, 0xa2, 0x73, 0xde, 0x3e, 0xa9, 0x28, 0xdf, 0x3e, 0x8d, 0xdd, 0xdf, 0x3e
.byte 0x4f, 0x92, 0xe0, 0x3e, 0xee, 0x46, 0xe1, 0x3e, 0x6a, 0xfb, 0xe1, 0x3e, 0xc4, 0xaf, 0xe2, 0x3e
.byte 0xfa, 0x63, 0xe3, 0x3e, 0x0e, 0x18, 0xe4, 0x3e, 0xfe, 0xcb, 0xe4, 0x3e, 0xcb, 0x7f, 0xe5, 0x3e
.byte 0x75, 0x33, 0xe6, 0x3e, 0xfb, 0xe6, 0xe6, 0x3e, 0x5d, 0x9a, 0xe7, 0x3e, 0x9c, 0x4d, 0xe8, 0x3e
.byte 0xb7, 0x00, 0xe9, 0x3e, 0xae, 0xb3, 0xe9, 0x3e, 0x81, 0x66, 0xea, 0x3e, 0x30, 0x19, 0xeb, 0x3e
.byte 0xbb, 0xcb, 0xeb, 0x3e, 0x21, 0x7e, 0xec, 0x3e, 0x63, 0x30, 0xed, 0x3e, 0x80, 0xe2, 0xed, 0x3e
.byte 0x79, 0x94, 0xee, 0x3e, 0x4c, 0x46, 0xef, 0x3e, 0xfb, 0xf7, 0xef, 0x3e, 0x85, 0xa9, 0xf0, 0x3e
.byte 0xea, 0x5a, 0xf1, 0x3e, 0x29, 0x0c, 0xf2, 0x3e, 0x43, 0xbd, 0xf2, 0x3e, 0x38, 0x6e, 0xf3, 0x3e
.byte 0x07, 0x1f, 0xf4, 0x3e, 0xb1, 0xcf, 0xf4, 0x3e, 0x35, 0x80, 0xf5, 0x3e, 0x93, 0x30, 0xf6, 0x3e
.byte 0xcb, 0xe0, 0xf6, 0x3e, 0xdc, 0x90, 0xf7, 0x3e, 0xc8, 0x40, 0xf8, 0x3e, 0x8e, 0xf0, 0xf8, 0x3e
.byte 0x2d, 0xa0, 0xf9, 0x3e, 0xa5, 0x4f, 0xfa, 0x3e, 0xf7, 0xfe, 0xfa, 0x3e, 0x22, 0xae, 0xfb, 0x3e
.byte 0x27, 0x5d, 0xfc, 0x3e, 0x04, 0x0c, 0xfd, 0x3e, 0xbb, 0xba, 0xfd, 0x3e, 0x4a, 0x69, 0xfe, 0x3e
.byte 0xb2, 0x17, 0xff, 0x3e, 0xf3, 0xc5, 0xff, 0x3e, 0x06, 0x3a, 0x00, 0x3f, 0xff, 0x90, 0x00, 0x3f
.byte 0xe4, 0xe7, 0x00, 0x3f, 0xb5, 0x3e, 0x01, 0x3f, 0x73, 0x95, 0x01, 0x3f, 0x1c, 0xec, 0x01, 0x3f
.byte 0xb1, 0x42, 0x02, 0x3f, 0x32, 0x99, 0x02, 0x3f, 0x9f, 0xef, 0x02, 0x3f, 0xf8, 0x45, 0x03, 0x3f
.byte 0x3d, 0x9c, 0x03, 0x3f, 0x6d, 0xf2, 0x03, 0x3f, 0x89, 0x48, 0x04, 0x3f, 0x91, 0x9e, 0x04, 0x3f
.byte 0x84, 0xf4, 0x04, 0x3f, 0x62, 0x4a, 0x05, 0x3f, 0x2c, 0xa0, 0x05, 0x3f, 0xe2, 0xf5, 0x05, 0x3f
.byte 0x82, 0x4b, 0x06, 0x3f, 0x0e, 0xa1, 0x06, 0x3f, 0x86, 0xf6, 0x06, 0x3f, 0xe8, 0x4b, 0x07, 0x3f
.byte 0x36, 0xa1, 0x07, 0x3f, 0x6f, 0xf6, 0x07, 0x3f, 0x92, 0x4b, 0x08, 0x3f, 0xa1, 0xa0, 0x08, 0x3f
.byte 0x9b, 0xf5, 0x08, 0x3f, 0x7f, 0x4a, 0x09, 0x3f, 0x4e, 0x9f, 0x09, 0x3f, 0x09, 0xf4, 0x09, 0x3f
.byte 0xad, 0x48, 0x0a, 0x3f, 0x3d, 0x9d, 0x0a, 0x3f, 0xb7, 0xf1, 0x0a, 0x3f, 0x1c, 0x46, 0x0b, 0x3f
.byte 0x6b, 0x9a, 0x0b, 0x3f, 0xa5, 0xee, 0x0b, 0x3f, 0xc9, 0x42, 0x0c, 0x3f, 0xd7, 0x96, 0x0c, 0x3f
.byte 0xd0, 0xea, 0x0c, 0x3f, 0xb3, 0x3e, 0x0d, 0x3f, 0x81, 0x92, 0x0d, 0x3f, 0x38, 0xe6, 0x0d, 0x3f
.byte 0xda, 0x39, 0x0e, 0x3f, 0x65, 0x8d, 0x0e, 0x3f, 0xdb, 0xe0, 0x0e, 0x3f, 0x3b, 0x34, 0x0f, 0x3f
.byte 0x84, 0x87, 0x0f, 0x3f, 0xb8, 0xda, 0x0f, 0x3f, 0xd5, 0x2d, 0x10, 0x3f, 0xdc, 0x80, 0x10, 0x3f
.byte 0xcd, 0xd3, 0x10, 0x3f, 0xa7, 0x26, 0x11, 0x3f, 0x6b, 0x79, 0x11, 0x3f, 0x19, 0xcc, 0x11, 0x3f
.byte 0xb0, 0x1e, 0x12, 0x3f, 0x30, 0x71, 0x12, 0x3f, 0x9a, 0xc3, 0x12, 0x3f, 0xee, 0x15, 0x13, 0x3f
.byte 0x2a, 0x68, 0x13, 0x3f, 0x50, 0xba, 0x13, 0x3f, 0x5f, 0x0c, 0x14, 0x3f, 0x58, 0x5e, 0x14, 0x3f
.byte 0x39, 0xb0, 0x14, 0x3f, 0x04, 0x02, 0x15, 0x3f, 0xb7, 0x53, 0x15, 0x3f, 0x54, 0xa5, 0x15, 0x3f
.byte 0xd9, 0xf6, 0x15, 0x3f, 0x47, 0x48, 0x16, 0x3f, 0x9f, 0x99, 0x16, 0x3f, 0xde, 0xea, 0x16, 0x3f
.byte 0x07, 0x3c, 0x17, 0x3f, 0x18, 0x8d, 0x17, 0x3f, 0x12, 0xde, 0x17, 0x3f, 0xf5, 0x2e, 0x18, 0x3f
.byte 0xc0, 0x7f, 0x18, 0x3f, 0x73, 0xd0, 0x18, 0x3f, 0x0f, 0x21, 0x19, 0x3f, 0x94, 0x71, 0x19, 0x3f
.byte 0x00, 0xc2, 0x19, 0x3f, 0x55, 0x12, 0x1a, 0x3f, 0x93, 0x62, 0x1a, 0x3f, 0xb8, 0xb2, 0x1a, 0x3f
.byte 0xc6, 0x02, 0x1b, 0x3f, 0xbb, 0x52, 0x1b, 0x3f, 0x99, 0xa2, 0x1b, 0x3f, 0x5f, 0xf2, 0x1b, 0x3f
.byte 0x0c, 0x42, 0x1c, 0x3f, 0xa2, 0x91, 0x1c, 0x3f, 0x1f, 0xe1, 0x1c, 0x3f, 0x84, 0x30, 0x1d, 0x3f
.byte 0xd1, 0x7f, 0x1d, 0x3f, 0x06, 0xcf, 0x1d, 0x3f, 0x22, 0x1e, 0x1e, 0x3f, 0x26, 0x6d, 0x1e, 0x3f
.byte 0x12, 0xbc, 0x1e, 0x3f, 0xe5, 0x0a, 0x1f, 0x3f, 0x9f, 0x59, 0x1f, 0x3f, 0x41, 0xa8, 0x1f, 0x3f
.byte 0xcb, 0xf6, 0x1f, 0x3f, 0x3b, 0x45, 0x20, 0x3f, 0x93, 0x93, 0x20, 0x3f, 0xd2, 0xe1, 0x20, 0x3f
.byte 0xf9, 0x2f, 0x21, 0x3f, 0x06, 0x7e, 0x21, 0x3f, 0xfb, 0xcb, 0x21, 0x3f, 0xd7, 0x19, 0x22, 0x3f
.byte 0x99, 0x67, 0x22, 0x3f, 0x43, 0xb5, 0x22, 0x3f, 0xd3, 0x02, 0x23, 0x3f, 0x4b, 0x50, 0x23, 0x3f
.byte 0xa9, 0x9d, 0x23, 0x3f, 0xee, 0xea, 0x23, 0x3f, 0x1a, 0x38, 0x24, 0x3f, 0x2c, 0x85, 0x24, 0x3f
.byte 0x25, 0xd2, 0x24, 0x3f, 0x04, 0x1f, 0x25, 0x3f, 0xcb, 0x6b, 0x25, 0x3f, 0x77, 0xb8, 0x25, 0x3f
.byte 0x0a, 0x05, 0x26, 0x3f, 0x84, 0x51, 0x26, 0x3f, 0xe3, 0x9d, 0x26, 0x3f, 0x2a, 0xea, 0x26, 0x3f
.byte 0x56, 0x36, 0x27, 0x3f, 0x68, 0x82, 0x27, 0x3f, 0x61, 0xce, 0x27, 0x3f, 0x40, 0x1a, 0x28, 0x3f
.byte 0x05, 0x66, 0x28, 0x3f, 0xb0, 0xb1, 0x28, 0x3f, 0x41, 0xfd, 0x28, 0x3f, 0xb8, 0x48, 0x29, 0x3f
.byte 0x15, 0x94, 0x29, 0x3f, 0x57, 0xdf, 0x29, 0x3f, 0x80, 0x2a, 0x2a, 0x3f, 0x8e, 0x75, 0x2a, 0x3f
.byte 0x82, 0xc0, 0x2a, 0x3f, 0x5b, 0x0b, 0x2b, 0x3f, 0x1b, 0x56, 0x2b, 0x3f, 0xbf, 0xa0, 0x2b, 0x3f
.byte 0x4a, 0xeb, 0x2b, 0x3f, 0xb9, 0x35, 0x2c, 0x3f, 0x0f, 0x80, 0x2c, 0x3f, 0x49, 0xca, 0x2c, 0x3f
.byte 0x69, 0x14, 0x2d, 0x3f, 0x6f, 0x5e, 0x2d, 0x3f, 0x59, 0xa8, 0x2d, 0x3f, 0x29, 0xf2, 0x2d, 0x3f
.byte 0xde, 0x3b, 0x2e, 0x3f, 0x78, 0x85, 0x2e, 0x3f, 0xf7, 0xce, 0x2e, 0x3f, 0x5b, 0x18, 0x2f, 0x3f
.byte 0xa5, 0x61, 0x2f, 0x3f, 0xd3, 0xaa, 0x2f, 0x3f, 0xe6, 0xf3, 0x2f, 0x3f, 0xde, 0x3c, 0x30, 0x3f
.byte 0xbb, 0x85, 0x30, 0x3f, 0x7c, 0xce, 0x30, 0x3f, 0x22, 0x17, 0x31, 0x3f, 0xad, 0x5f, 0x31, 0x3f
.byte 0x1d, 0xa8, 0x31, 0x3f, 0x71, 0xf0, 0x31, 0x3f, 0xaa, 0x38, 0x32, 0x3f, 0xc7, 0x80, 0x32, 0x3f
.byte 0xc9, 0xc8, 0x32, 0x3f, 0xaf, 0x10, 0x33, 0x3f, 0x7a, 0x58, 0x33, 0x3f, 0x29, 0xa0, 0x33, 0x3f
.byte 0xbc, 0xe7, 0x33, 0x3f, 0x34, 0x2f, 0x34, 0x3f, 0x8f, 0x76, 0x34, 0x3f, 0xcf, 0xbd, 0x34, 0x3f
.byte 0xf3, 0x04, 0x35, 0x3f, 0xfb, 0x4b, 0x35, 0x3f, 0xe7, 0x92, 0x35, 0x3f, 0xb8, 0xd9, 0x35, 0x3f
.byte 0x6c, 0x20, 0x36, 0x3f, 0x04, 0x67, 0x36, 0x3f, 0x7f, 0xad, 0x36, 0x3f, 0xdf, 0xf3, 0x36, 0x3f
.byte 0x23, 0x3a, 0x37, 0x3f, 0x4a, 0x80, 0x37, 0x3f, 0x55, 0xc6, 0x37, 0x3f, 0x43, 0x0c, 0x38, 0x3f
.byte 0x16, 0x52, 0x38, 0x3f, 0xcb, 0x97, 0x38, 0x3f, 0x65, 0xdd, 0x38, 0x3f, 0xe1, 0x22, 0x39, 0x3f
.byte 0x42, 0x68, 0x39, 0x3f, 0x85, 0xad, 0x39, 0x3f, 0xac, 0xf2, 0x39, 0x3f, 0xb7, 0x37, 0x3a, 0x3f
.byte 0xa4, 0x7c, 0x3a, 0x3f, 0x75, 0xc1, 0x3a, 0x3f, 0x29, 0x06, 0x3b, 0x3f, 0xc1, 0x4a, 0x3b, 0x3f
.byte 0x3b, 0x8f, 0x3b, 0x3f, 0x98, 0xd3, 0x3b, 0x3f, 0xd9, 0x17, 0x3c, 0x3f, 0xfc, 0x5b, 0x3c, 0x3f
.byte 0x03, 0xa0, 0x3c, 0x3f, 0xec, 0xe3, 0x3c, 0x3f, 0xb8, 0x27, 0x3d, 0x3f, 0x67, 0x6b, 0x3d, 0x3f
.byte 0xf9, 0xae, 0x3d, 0x3f, 0x6e, 0xf2, 0x3d, 0x3f, 0xc5, 0x35, 0x3e, 0x3f, 0xff, 0x78, 0x3e, 0x3f
.byte 0x1b, 0xbc, 0x3e, 0x3f, 0x1b, 0xff, 0x3e, 0x3f, 0xfc, 0x41, 0x3f, 0x3f, 0xc0, 0x84, 0x3f, 0x3f
.byte 0x67, 0xc7, 0x3f, 0x3f, 0xf0, 0x09, 0x40, 0x3f, 0x5c, 0x4c, 0x40, 0x3f, 0xa9, 0x8e, 0x40, 0x3f
.byte 0xda, 0xd0, 0x40, 0x3f, 0xec, 0x12, 0x41, 0x3f, 0xe1, 0x54, 0x41, 0x3f, 0xb7, 0x96, 0x41, 0x3f
.byte 0x70, 0xd8, 0x41, 0x3f, 0x0b, 0x1a, 0x42, 0x3f, 0x89, 0x5b, 0x42, 0x3f, 0xe8, 0x9c, 0x42, 0x3f
.byte 0x29, 0xde, 0x42, 0x3f, 0x4c, 0x1f, 0x43, 0x3f, 0x51, 0x60, 0x43, 0x3f, 0x38, 0xa1, 0x43, 0x3f
.byte 0x00, 0xe2, 0x43, 0x3f, 0xab, 0x22, 0x44, 0x3f, 0x37, 0x63, 0x44, 0x3f, 0xa5, 0xa3, 0x44, 0x3f
.byte 0xf5, 0xe3, 0x44, 0x3f, 0x26, 0x24, 0x45, 0x3f, 0x39, 0x64, 0x45, 0x3f, 0x2d, 0xa4, 0x45, 0x3f
.byte 0x03, 0xe4, 0x45, 0x3f, 0xbb, 0x23, 0x46, 0x3f, 0x54, 0x63, 0x46, 0x3f, 0xce, 0xa2, 0x46, 0x3f
.byte 0x2a, 0xe2, 0x46, 0x3f, 0x67, 0x21, 0x47, 0x3f, 0x85, 0x60, 0x47, 0x3f, 0x84, 0x9f, 0x47, 0x3f
.byte 0x65, 0xde, 0x47, 0x3f, 0x27, 0x1d, 0x48, 0x3f, 0xca, 0x5b, 0x48, 0x3f, 0x4e, 0x9a, 0x48, 0x3f
.byte 0xb3, 0xd8, 0x48, 0x3f, 0xfa, 0x16, 0x49, 0x3f, 0x21, 0x55, 0x49, 0x3f, 0x29, 0x93, 0x49, 0x3f
.byte 0x12, 0xd1, 0x49, 0x3f, 0xdc, 0x0e, 0x4a, 0x3f, 0x87, 0x4c, 0x4a, 0x3f, 0x13, 0x8a, 0x4a, 0x3f
.byte 0x7f, 0xc7, 0x4a, 0x3f, 0xcc, 0x04, 0x4b, 0x3f, 0xfa, 0x41, 0x4b, 0x3f, 0x09, 0x7f, 0x4b, 0x3f
.byte 0xf8, 0xbb, 0x4b, 0x3f, 0xc7, 0xf8, 0x4b, 0x3f, 0x78, 0x35, 0x4c, 0x3f, 0x08, 0x72, 0x4c, 0x3f
.byte 0x79, 0xae, 0x4c, 0x3f, 0xcb, 0xea, 0x4c, 0x3f, 0xfd, 0x26, 0x4d, 0x3f, 0x10, 0x63, 0x4d, 0x3f
.byte 0x02, 0x9f, 0x4d, 0x3f, 0xd5, 0xda, 0x4d, 0x3f, 0x89, 0x16, 0x4e, 0x3f, 0x1c, 0x52, 0x4e, 0x3f
.byte 0x90, 0x8d, 0x4e, 0x3f, 0xe4, 0xc8, 0x4e, 0x3f, 0x17, 0x04, 0x4f, 0x3f, 0x2b, 0x3f, 0x4f, 0x3f
.byte 0x1f, 0x7a, 0x4f, 0x3f, 0xf4, 0xb4, 0x4f, 0x3f, 0xa8, 0xef, 0x4f, 0x3f, 0x3b, 0x2a, 0x50, 0x3f
.byte 0xaf, 0x64, 0x50, 0x3f, 0x03, 0x9f, 0x50, 0x3f, 0x37, 0xd9, 0x50, 0x3f, 0x4a, 0x13, 0x51, 0x3f
.byte 0x3d, 0x4d, 0x51, 0x3f, 0x10, 0x87, 0x51, 0x3f, 0xc2, 0xc0, 0x51, 0x3f, 0x54, 0xfa, 0x51, 0x3f
.byte 0xc6, 0x33, 0x52, 0x3f, 0x18, 0x6d, 0x52, 0x3f, 0x49, 0xa6, 0x52, 0x3f, 0x59, 0xdf, 0x52, 0x3f
.byte 0x49, 0x18, 0x53, 0x3f, 0x18, 0x51, 0x53, 0x3f, 0xc7, 0x89, 0x53, 0x3f, 0x55, 0xc2, 0x53, 0x3f
.byte 0xc3, 0xfa, 0x53, 0x3f, 0x0f, 0x33, 0x54, 0x3f, 0x3b, 0x6b, 0x54, 0x3f, 0x47, 0xa3, 0x54, 0x3f
.byte 0x31, 0xdb, 0x54, 0x3f, 0xfb, 0x12, 0x55, 0x3f, 0xa4, 0x4a, 0x55, 0x3f, 0x2c, 0x82, 0x55, 0x3f
.byte 0x93, 0xb9, 0x55, 0x3f, 0xd9, 0xf0, 0x55, 0x3f, 0xfe, 0x27, 0x56, 0x3f, 0x02, 0x5f, 0x56, 0x3f
.byte 0xe5, 0x95, 0x56, 0x3f, 0xa7, 0xcc, 0x56, 0x3f, 0x48, 0x03, 0x57, 0x3f, 0xc7, 0x39, 0x57, 0x3f
.byte 0x26, 0x70, 0x57, 0x3f, 0x63, 0xa6, 0x57, 0x3f, 0x7f, 0xdc, 0x57, 0x3f, 0x79, 0x12, 0x58, 0x3f
.byte 0x53, 0x48, 0x58, 0x3f, 0x0b, 0x7e, 0x58, 0x3f, 0xa1, 0xb3, 0x58, 0x3f, 0x16, 0xe9, 0x58, 0x3f
.byte 0x6a, 0x1e, 0x59, 0x3f, 0x9c, 0x53, 0x59, 0x3f, 0xad, 0x88, 0x59, 0x3f, 0x9c, 0xbd, 0x59, 0x3f
.byte 0x6a, 0xf2, 0x59, 0x3f, 0x16, 0x27, 0x5a, 0x3f, 0xa0, 0x5b, 0x5a, 0x3f, 0x09, 0x90, 0x5a, 0x3f
.byte 0x50, 0xc4, 0x5a, 0x3f, 0x75, 0xf8, 0x5a, 0x3f, 0x79, 0x2c, 0x5b, 0x3f, 0x5a, 0x60, 0x5b, 0x3f
.byte 0x1a, 0x94, 0x5b, 0x3f, 0xb8, 0xc7, 0x5b, 0x3f, 0x34, 0xfb, 0x5b, 0x3f, 0x8e, 0x2e, 0x5c, 0x3f
.byte 0xc7, 0x61, 0x5c, 0x3f, 0xdd, 0x94, 0x5c, 0x3f, 0xd1, 0xc7, 0x5c, 0x3f, 0xa3, 0xfa, 0x5c, 0x3f
.byte 0x53, 0x2d, 0x5d, 0x3f, 0xe1, 0x5f, 0x5d, 0x3f, 0x4d, 0x92, 0x5d, 0x3f, 0x97, 0xc4, 0x5d, 0x3f
.byte 0xbe, 0xf6, 0x5d, 0x3f, 0xc3, 0x28, 0x5e, 0x3f, 0xa6, 0x5a, 0x5e, 0x3f, 0x67, 0x8c, 0x5e, 0x3f
.byte 0x05, 0xbe, 0x5e, 0x3f, 0x81, 0xef, 0x5e, 0x3f, 0xdb, 0x20, 0x5f, 0x3f, 0x12, 0x52, 0x5f, 0x3f
.byte 0x27, 0x83, 0x5f, 0x3f, 0x19, 0xb4, 0x5f, 0x3f, 0xe9, 0xe4, 0x5f, 0x3f, 0x96, 0x15, 0x60, 0x3f
.byte 0x21, 0x46, 0x60, 0x3f, 0x89, 0x76, 0x60, 0x3f, 0xcf, 0xa6, 0x60, 0x3f, 0xf2, 0xd6, 0x60, 0x3f
.byte 0xf2, 0x06, 0x61, 0x3f, 0xd0, 0x36, 0x61, 0x3f, 0x8a, 0x66, 0x61, 0x3f, 0x22, 0x96, 0x61, 0x3f
.byte 0x98, 0xc5, 0x61, 0x3f, 0xea, 0xf4, 0x61, 0x3f, 0x1a, 0x24, 0x62, 0x3f, 0x26, 0x53, 0x62, 0x3f
.byte 0x10, 0x82, 0x62, 0x3f, 0xd7, 0xb0, 0x62, 0x3f, 0x7b, 0xdf, 0x62, 0x3f, 0xfc, 0x0d, 0x63, 0x3f
.byte 0x5a, 0x3c, 0x63, 0x3f, 0x95, 0x6a, 0x63, 0x3f, 0xac, 0x98, 0x63, 0x3f, 0xa1, 0xc6, 0x63, 0x3f
.byte 0x73, 0xf4, 0x63, 0x3f, 0x21, 0x22, 0x64, 0x3f, 0xac, 0x4f, 0x64, 0x3f, 0x14, 0x7d, 0x64, 0x3f
.byte 0x59, 0xaa, 0x64, 0x3f, 0x7b, 0xd7, 0x64, 0x3f, 0x79, 0x04, 0x65, 0x3f, 0x54, 0x31, 0x65, 0x3f
.byte 0x0b, 0x5e, 0x65, 0x3f, 0xa0, 0x8a, 0x65, 0x3f, 0x10, 0xb7, 0x65, 0x3f, 0x5e, 0xe3, 0x65, 0x3f
.byte 0x88, 0x0f, 0x66, 0x3f, 0x8e, 0x3b, 0x66, 0x3f, 0x71, 0x67, 0x66, 0x3f, 0x30, 0x93, 0x66, 0x3f
.byte 0xcc, 0xbe, 0x66, 0x3f, 0x45, 0xea, 0x66, 0x3f, 0x99, 0x15, 0x67, 0x3f, 0xca, 0x40, 0x67, 0x3f
.byte 0xd8, 0x6b, 0x67, 0x3f, 0xc1, 0x96, 0x67, 0x3f, 0x87, 0xc1, 0x67, 0x3f, 0x29, 0xec, 0x67, 0x3f
.byte 0xa8, 0x16, 0x68, 0x3f, 0x03, 0x41, 0x68, 0x3f, 0x39, 0x6b, 0x68, 0x3f, 0x4c, 0x95, 0x68, 0x3f
.byte 0x3c, 0xbf, 0x68, 0x3f, 0x07, 0xe9, 0x68, 0x3f, 0xae, 0x12, 0x69, 0x3f, 0x32, 0x3c, 0x69, 0x3f
.byte 0x91, 0x65, 0x69, 0x3f, 0xcc, 0x8e, 0x69, 0x3f, 0xe4, 0xb7, 0x69, 0x3f, 0xd7, 0xe0, 0x69, 0x3f
.byte 0xa7, 0x09, 0x6a, 0x3f, 0x52, 0x32, 0x6a, 0x3f, 0xd9, 0x5a, 0x6a, 0x3f, 0x3c, 0x83, 0x6a, 0x3f
.byte 0x7b, 0xab, 0x6a, 0x3f, 0x95, 0xd3, 0x6a, 0x3f, 0x8c, 0xfb, 0x6a, 0x3f, 0x5e, 0x23, 0x6b, 0x3f
.byte 0x0c, 0x4b, 0x6b, 0x3f, 0x95, 0x72, 0x6b, 0x3f, 0xfb, 0x99, 0x6b, 0x3f, 0x3b, 0xc1, 0x6b, 0x3f
.byte 0x58, 0xe8, 0x6b, 0x3f, 0x50, 0x0f, 0x6c, 0x3f, 0x24, 0x36, 0x6c, 0x3f, 0xd4, 0x5c, 0x6c, 0x3f
.byte 0x5e, 0x83, 0x6c, 0x3f, 0xc5, 0xa9, 0x6c, 0x3f, 0x07, 0xd0, 0x6c, 0x3f, 0x24, 0xf6, 0x6c, 0x3f
.byte 0x1d, 0x1c, 0x6d, 0x3f, 0xf2, 0x41, 0x6d, 0x3f, 0xa1, 0x67, 0x6d, 0x3f, 0x2d, 0x8d, 0x6d, 0x3f
.byte 0x93, 0xb2, 0x6d, 0x3f, 0xd5, 0xd7, 0x6d, 0x3f, 0xf2, 0xfc, 0x6d, 0x3f, 0xeb, 0x21, 0x6e, 0x3f
.byte 0xbe, 0x46, 0x6e, 0x3f, 0x6d, 0x6b, 0x6e, 0x3f, 0xf8, 0x8f, 0x6e, 0x3f, 0x5d, 0xb4, 0x6e, 0x3f
.byte 0x9e, 0xd8, 0x6e, 0x3f, 0xba, 0xfc, 0x6e, 0x3f, 0xb0, 0x20, 0x6f, 0x3f, 0x83, 0x44, 0x6f, 0x3f
.byte 0x30, 0x68, 0x6f, 0x3f, 0xb8, 0x8b, 0x6f, 0x3f, 0x1b, 0xaf, 0x6f, 0x3f, 0x5a, 0xd2, 0x6f, 0x3f
.byte 0x73, 0xf5, 0x6f, 0x3f, 0x67, 0x18, 0x70, 0x3f, 0x37, 0x3b, 0x70, 0x3f, 0xe1, 0x5d, 0x70, 0x3f
.byte 0x66, 0x80, 0x70, 0x3f, 0xc6, 0xa2, 0x70, 0x3f, 0x01, 0xc5, 0x70, 0x3f, 0x17, 0xe7, 0x70, 0x3f
.byte 0x08, 0x09, 0x71, 0x3f, 0xd4, 0x2a, 0x71, 0x3f, 0x7a, 0x4c, 0x71, 0x3f, 0xfb, 0x6d, 0x71, 0x3f
.byte 0x57, 0x8f, 0x71, 0x3f, 0x8e, 0xb0, 0x71, 0x3f, 0x9f, 0xd1, 0x71, 0x3f, 0x8c, 0xf2, 0x71, 0x3f
.byte 0x52, 0x13, 0x72, 0x3f, 0xf4, 0x33, 0x72, 0x3f, 0x70, 0x54, 0x72, 0x3f, 0xc7, 0x74, 0x72, 0x3f
.byte 0xf8, 0x94, 0x72, 0x3f, 0x04, 0xb5, 0x72, 0x3f, 0xeb, 0xd4, 0x72, 0x3f, 0xac, 0xf4, 0x72, 0x3f
.byte 0x47, 0x14, 0x73, 0x3f, 0xbe, 0x33, 0x73, 0x3f, 0x0e, 0x53, 0x73, 0x3f, 0x39, 0x72, 0x73, 0x3f
.byte 0x3f, 0x91, 0x73, 0x3f, 0x1f, 0xb0, 0x73, 0x3f, 0xd9, 0xce, 0x73, 0x3f, 0x6e, 0xed, 0x73, 0x3f
.byte 0xdd, 0x0b, 0x74, 0x3f, 0x27, 0x2a, 0x74, 0x3f, 0x4b, 0x48, 0x74, 0x3f, 0x49, 0x66, 0x74, 0x3f
.byte 0x22, 0x84, 0x74, 0x3f, 0xd5, 0xa1, 0x74, 0x3f, 0x62, 0xbf, 0x74, 0x3f, 0xc9, 0xdc, 0x74, 0x3f
.byte 0x0b, 0xfa, 0x74, 0x3f, 0x27, 0x17, 0x75, 0x3f, 0x1d, 0x34, 0x75, 0x3f, 0xed, 0x50, 0x75, 0x3f
.byte 0x97, 0x6d, 0x75, 0x3f, 0x1c, 0x8a, 0x75, 0x3f, 0x7b, 0xa6, 0x75, 0x3f, 0xb3, 0xc2, 0x75, 0x3f
.byte 0xc6, 0xde, 0x75, 0x3f, 0xb3, 0xfa, 0x75, 0x3f, 0x7a, 0x16, 0x76, 0x3f, 0x1b, 0x32, 0x76, 0x3f
.byte 0x97, 0x4d, 0x76, 0x3f, 0xec, 0x68, 0x76, 0x3f, 0x1b, 0x84, 0x76, 0x3f, 0x24, 0x9f, 0x76, 0x3f
.byte 0x07, 0xba, 0x76, 0x3f, 0xc4, 0xd4, 0x76, 0x3f, 0x5b, 0xef, 0x76, 0x3f, 0xcc, 0x09, 0x77, 0x3f
.byte 0x17, 0x24, 0x77, 0x3f, 0x3c, 0x3e, 0x77, 0x3f, 0x3a, 0x58, 0x77, 0x3f, 0x13, 0x72, 0x77, 0x3f
.byte 0xc5, 0x8b, 0x77, 0x3f, 0x51, 0xa5, 0x77, 0x3f, 0xb7, 0xbe, 0x77, 0x3f, 0xf7, 0xd7, 0x77, 0x3f
.byte 0x10, 0xf1, 0x77, 0x3f, 0x04, 0x0a, 0x78, 0x3f, 0xd1, 0x22, 0x78, 0x3f, 0x77, 0x3b, 0x78, 0x3f
.byte 0xf8, 0x53, 0x78, 0x3f, 0x52, 0x6c, 0x78, 0x3f, 0x86, 0x84, 0x78, 0x3f, 0x93, 0x9c, 0x78, 0x3f
.byte 0x7b, 0xb4, 0x78, 0x3f, 0x3b, 0xcc, 0x78, 0x3f, 0xd6, 0xe3, 0x78, 0x3f, 0x4a, 0xfb, 0x78, 0x3f
.byte 0x98, 0x12, 0x79, 0x3f, 0xbf, 0x29, 0x79, 0x3f, 0xc0, 0x40, 0x79, 0x3f, 0x9a, 0x57, 0x79, 0x3f
.byte 0x4e, 0x6e, 0x79, 0x3f, 0xdc, 0x84, 0x79, 0x3f, 0x43, 0x9b, 0x79, 0x3f, 0x83, 0xb1, 0x79, 0x3f
.byte 0x9d, 0xc7, 0x79, 0x3f, 0x91, 0xdd, 0x79, 0x3f, 0x5e, 0xf3, 0x79, 0x3f, 0x04, 0x09, 0x7a, 0x3f
.byte 0x84, 0x1e, 0x7a, 0x3f, 0xdd, 0x33, 0x7a, 0x3f, 0x10, 0x49, 0x7a, 0x3f, 0x1c, 0x5e, 0x7a, 0x3f
.byte 0x02, 0x73, 0x7a, 0x3f, 0xc1, 0x87, 0x7a, 0x3f, 0x59, 0x9c, 0x7a, 0x3f, 0xcb, 0xb0, 0x7a, 0x3f
.byte 0x16, 0xc5, 0x7a, 0x3f, 0x3a, 0xd9, 0x7a, 0x3f, 0x37, 0xed, 0x7a, 0x3f, 0x0e, 0x01, 0x7b, 0x3f
.byte 0xbe, 0x14, 0x7b, 0x3f, 0x48, 0x28, 0x7b, 0x3f, 0xab, 0x3b, 0x7b, 0x3f, 0xe7, 0x4e, 0x7b, 0x3f
.byte 0xfc, 0x61, 0x7b, 0x3f, 0xea, 0x74, 0x7b, 0x3f, 0xb2, 0x87, 0x7b, 0x3f, 0x53, 0x9a, 0x7b, 0x3f
.byte 0xcd, 0xac, 0x7b, 0x3f, 0x20, 0xbf, 0x7b, 0x3f, 0x4d, 0xd1, 0x7b, 0x3f, 0x53, 0xe3, 0x7b, 0x3f
.byte 0x31, 0xf5, 0x7b, 0x3f, 0xe9, 0x06, 0x7c, 0x3f, 0x7a, 0x18, 0x7c, 0x3f, 0xe5, 0x29, 0x7c, 0x3f
.byte 0x28, 0x3b, 0x7c, 0x3f, 0x44, 0x4c, 0x7c, 0x3f, 0x3a, 0x5d, 0x7c, 0x3f, 0x08, 0x6e, 0x7c, 0x3f
.byte 0xb0, 0x7e, 0x7c, 0x3f, 0x31, 0x8f, 0x7c, 0x3f, 0x8a, 0x9f, 0x7c, 0x3f, 0xbd, 0xaf, 0x7c, 0x3f
.byte 0xc9, 0xbf, 0x7c, 0x3f, 0xae, 0xcf, 0x7c, 0x3f, 0x6c, 0xdf, 0x7c, 0x3f, 0x03, 0xef, 0x7c, 0x3f
.byte 0x73, 0xfe, 0x7c, 0x3f, 0xbc, 0x0d, 0x7d, 0x3f, 0xdd, 0x1c, 0x7d, 0x3f, 0xd8, 0x2b, 0x7d, 0x3f
.byte 0xac, 0x3a, 0x7d, 0x3f, 0x59, 0x49, 0x7d, 0x3f, 0xde, 0x57, 0x7d, 0x3f, 0x3d, 0x66, 0x7d, 0x3f
.byte 0x74, 0x74, 0x7d, 0x3f, 0x85, 0x82, 0x7d, 0x3f, 0x6e, 0x90, 0x7d, 0x3f, 0x30, 0x9e, 0x7d, 0x3f
.byte 0xcc, 0xab, 0x7d, 0x3f, 0x40, 0xb9, 0x7d, 0x3f, 0x8c, 0xc6, 0x7d, 0x3f, 0xb2, 0xd3, 0x7d, 0x3f
.byte 0xb1, 0xe0, 0x7d, 0x3f, 0x88, 0xed, 0x7d, 0x3f, 0x38, 0xfa, 0x7d, 0x3f, 0xc2, 0x06, 0x7e, 0x3f
.byte 0x24, 0x13, 0x7e, 0x3f, 0x5e, 0x1f, 0x7e, 0x3f, 0x72, 0x2b, 0x7e, 0x3f, 0x5e, 0x37, 0x7e, 0x3f
.byte 0x23, 0x43, 0x7e, 0x3f, 0xc1, 0x4e, 0x7e, 0x3f, 0x38, 0x5a, 0x7e, 0x3f, 0x88, 0x65, 0x7e, 0x3f
.byte 0xb0, 0x70, 0x7e, 0x3f, 0xb1, 0x7b, 0x7e, 0x3f, 0x8b, 0x86, 0x7e, 0x3f, 0x3d, 0x91, 0x7e, 0x3f
.byte 0xc9, 0x9b, 0x7e, 0x3f, 0x2d, 0xa6, 0x7e, 0x3f, 0x69, 0xb0, 0x7e, 0x3f, 0x7f, 0xba, 0x7e, 0x3f
.byte 0x6d, 0xc4, 0x7e, 0x3f, 0x34, 0xce, 0x7e, 0x3f, 0xd4, 0xd7, 0x7e, 0x3f, 0x4c, 0xe1, 0x7e, 0x3f
.byte 0x9d, 0xea, 0x7e, 0x3f, 0xc7, 0xf3, 0x7e, 0x3f, 0xc9, 0xfc, 0x7e, 0x3f, 0xa4, 0x05, 0x7f, 0x3f
.byte 0x58, 0x0e, 0x7f, 0x3f, 0xe4, 0x16, 0x7f, 0x3f, 0x49, 0x1f, 0x7f, 0x3f, 0x87, 0x27, 0x7f, 0x3f
.byte 0x9d, 0x2f, 0x7f, 0x3f, 0x8c, 0x37, 0x7f, 0x3f, 0x54, 0x3f, 0x7f, 0x3f, 0xf4, 0x46, 0x7f, 0x3f
.byte 0x6d, 0x4e, 0x7f, 0x3f, 0xbf, 0x55, 0x7f, 0x3f, 0xe9, 0x5c, 0x7f, 0x3f, 0xec, 0x63, 0x7f, 0x3f
.byte 0xc7, 0x6a, 0x7f, 0x3f, 0x7b, 0x71, 0x7f, 0x3f, 0x08, 0x78, 0x7f, 0x3f, 0x6d, 0x7e, 0x7f, 0x3f
.byte 0xab, 0x84, 0x7f, 0x3f, 0xc2, 0x8a, 0x7f, 0x3f, 0xb1, 0x90, 0x7f, 0x3f, 0x78, 0x96, 0x7f, 0x3f
.byte 0x18, 0x9c, 0x7f, 0x3f, 0x91, 0xa1, 0x7f, 0x3f, 0xe3, 0xa6, 0x7f, 0x3f, 0x0d, 0xac, 0x7f, 0x3f
.byte 0x0f, 0xb1, 0x7f, 0x3f, 0xea, 0xb5, 0x7f, 0x3f, 0x9e, 0xba, 0x7f, 0x3f, 0x2a, 0xbf, 0x7f, 0x3f
.byte 0x8f, 0xc3, 0x7f, 0x3f, 0xcc, 0xc7, 0x7f, 0x3f, 0xe2, 0xcb, 0x7f, 0x3f, 0xd1, 0xcf, 0x7f, 0x3f
.byte 0x97, 0xd3, 0x7f, 0x3f, 0x37, 0xd7, 0x7f, 0x3f, 0xaf, 0xda, 0x7f, 0x3f, 0x00, 0xde, 0x7f, 0x3f
.byte 0x29, 0xe1, 0x7f, 0x3f, 0x2b, 0xe4, 0x7f, 0x3f, 0x05, 0xe7, 0x7f, 0x3f, 0xb8, 0xe9, 0x7f, 0x3f
.byte 0x43, 0xec, 0x7f, 0x3f, 0xa7, 0xee, 0x7f, 0x3f, 0xe3, 0xf0, 0x7f, 0x3f, 0xf8, 0xf2, 0x7f, 0x3f
.byte 0xe6, 0xf4, 0x7f, 0x3f, 0xac, 0xf6, 0x7f, 0x3f, 0x4a, 0xf8, 0x7f, 0x3f, 0xc1, 0xf9, 0x7f, 0x3f
.byte 0x11, 0xfb, 0x7f, 0x3f, 0x39, 0xfc, 0x7f, 0x3f, 0x39, 0xfd, 0x7f, 0x3f, 0x13, 0xfe, 0x7f, 0x3f
.byte 0xc4, 0xfe, 0x7f, 0x3f, 0x4e, 0xff, 0x7f, 0x3f, 0xb1, 0xff, 0x7f, 0x3f, 0xec, 0xff, 0x7f, 0x3f
.globl _sym_00c45be0
_sym_00c45be0:
.byte 0x00, 0x00, 0x80, 0x3f, 0xec, 0xff, 0x7f, 0x3f, 0xb1, 0xff, 0x7f, 0x3f, 0x4e, 0xff, 0x7f, 0x3f
.byte 0xc4, 0xfe, 0x7f, 0x3f, 0x13, 0xfe, 0x7f, 0x3f, 0x39, 0xfd, 0x7f, 0x3f, 0x39, 0xfc, 0x7f, 0x3f
.byte 0x11, 0xfb, 0x7f, 0x3f, 0xc1, 0xf9, 0x7f, 0x3f, 0x4a, 0xf8, 0x7f, 0x3f, 0xac, 0xf6, 0x7f, 0x3f
.byte 0xe6, 0xf4, 0x7f, 0x3f, 0xf8, 0xf2, 0x7f, 0x3f, 0xe3, 0xf0, 0x7f, 0x3f, 0xa7, 0xee, 0x7f, 0x3f
.byte 0x43, 0xec, 0x7f, 0x3f, 0xb8, 0xe9, 0x7f, 0x3f, 0x05, 0xe7, 0x7f, 0x3f, 0x2b, 0xe4, 0x7f, 0x3f
.byte 0x29, 0xe1, 0x7f, 0x3f, 0x00, 0xde, 0x7f, 0x3f, 0xaf, 0xda, 0x7f, 0x3f, 0x37, 0xd7, 0x7f, 0x3f
.byte 0x97, 0xd3, 0x7f, 0x3f, 0xd1, 0xcf, 0x7f, 0x3f, 0xe2, 0xcb, 0x7f, 0x3f, 0xcc, 0xc7, 0x7f, 0x3f
.byte 0x8f, 0xc3, 0x7f, 0x3f, 0x2a, 0xbf, 0x7f, 0x3f, 0x9e, 0xba, 0x7f, 0x3f, 0xea, 0xb5, 0x7f, 0x3f
.byte 0x0f, 0xb1, 0x7f, 0x3f, 0x0d, 0xac, 0x7f, 0x3f, 0xe3, 0xa6, 0x7f, 0x3f, 0x91, 0xa1, 0x7f, 0x3f
.byte 0x18, 0x9c, 0x7f, 0x3f, 0x78, 0x96, 0x7f, 0x3f, 0xb1, 0x90, 0x7f, 0x3f, 0xc2, 0x8a, 0x7f, 0x3f
.byte 0xab, 0x84, 0x7f, 0x3f, 0x6d, 0x7e, 0x7f, 0x3f, 0x08, 0x78, 0x7f, 0x3f, 0x7b, 0x71, 0x7f, 0x3f
.byte 0xc7, 0x6a, 0x7f, 0x3f, 0xec, 0x63, 0x7f, 0x3f, 0xe9, 0x5c, 0x7f, 0x3f, 0xbf, 0x55, 0x7f, 0x3f
.byte 0x6d, 0x4e, 0x7f, 0x3f, 0xf4, 0x46, 0x7f, 0x3f, 0x54, 0x3f, 0x7f, 0x3f, 0x8c, 0x37, 0x7f, 0x3f
.byte 0x9d, 0x2f, 0x7f, 0x3f, 0x87, 0x27, 0x7f, 0x3f, 0x49, 0x1f, 0x7f, 0x3f, 0xe4, 0x16, 0x7f, 0x3f
.byte 0x58, 0x0e, 0x7f, 0x3f, 0xa4, 0x05, 0x7f, 0x3f, 0xc9, 0xfc, 0x7e, 0x3f, 0xc7, 0xf3, 0x7e, 0x3f
.byte 0x9d, 0xea, 0x7e, 0x3f, 0x4c, 0xe1, 0x7e, 0x3f, 0xd4, 0xd7, 0x7e, 0x3f, 0x34, 0xce, 0x7e, 0x3f
.byte 0x6d, 0xc4, 0x7e, 0x3f, 0x7f, 0xba, 0x7e, 0x3f, 0x69, 0xb0, 0x7e, 0x3f, 0x2d, 0xa6, 0x7e, 0x3f
.byte 0xc9, 0x9b, 0x7e, 0x3f, 0x3d, 0x91, 0x7e, 0x3f, 0x8b, 0x86, 0x7e, 0x3f, 0xb1, 0x7b, 0x7e, 0x3f
.byte 0xb0, 0x70, 0x7e, 0x3f, 0x88, 0x65, 0x7e, 0x3f, 0x38, 0x5a, 0x7e, 0x3f, 0xc1, 0x4e, 0x7e, 0x3f
.byte 0x23, 0x43, 0x7e, 0x3f, 0x5e, 0x37, 0x7e, 0x3f, 0x72, 0x2b, 0x7e, 0x3f, 0x5e, 0x1f, 0x7e, 0x3f
.byte 0x24, 0x13, 0x7e, 0x3f, 0xc2, 0x06, 0x7e, 0x3f, 0x38, 0xfa, 0x7d, 0x3f, 0x88, 0xed, 0x7d, 0x3f
.byte 0xb1, 0xe0, 0x7d, 0x3f, 0xb2, 0xd3, 0x7d, 0x3f, 0x8c, 0xc6, 0x7d, 0x3f, 0x40, 0xb9, 0x7d, 0x3f
.byte 0xcc, 0xab, 0x7d, 0x3f, 0x30, 0x9e, 0x7d, 0x3f, 0x6e, 0x90, 0x7d, 0x3f, 0x85, 0x82, 0x7d, 0x3f
.byte 0x74, 0x74, 0x7d, 0x3f, 0x3d, 0x66, 0x7d, 0x3f, 0xde, 0x57, 0x7d, 0x3f, 0x59, 0x49, 0x7d, 0x3f
.byte 0xac, 0x3a, 0x7d, 0x3f, 0xd8, 0x2b, 0x7d, 0x3f, 0xdd, 0x1c, 0x7d, 0x3f, 0xbc, 0x0d, 0x7d, 0x3f
.byte 0x73, 0xfe, 0x7c, 0x3f, 0x03, 0xef, 0x7c, 0x3f, 0x6c, 0xdf, 0x7c, 0x3f, 0xae, 0xcf, 0x7c, 0x3f
.byte 0xc9, 0xbf, 0x7c, 0x3f, 0xbd, 0xaf, 0x7c, 0x3f, 0x8a, 0x9f, 0x7c, 0x3f, 0x31, 0x8f, 0x7c, 0x3f
.byte 0xb0, 0x7e, 0x7c, 0x3f, 0x08, 0x6e, 0x7c, 0x3f, 0x3a, 0x5d, 0x7c, 0x3f, 0x44, 0x4c, 0x7c, 0x3f
.byte 0x28, 0x3b, 0x7c, 0x3f, 0xe5, 0x29, 0x7c, 0x3f, 0x7a, 0x18, 0x7c, 0x3f, 0xe9, 0x06, 0x7c, 0x3f
.byte 0x31, 0xf5, 0x7b, 0x3f, 0x53, 0xe3, 0x7b, 0x3f, 0x4d, 0xd1, 0x7b, 0x3f, 0x20, 0xbf, 0x7b, 0x3f
.byte 0xcd, 0xac, 0x7b, 0x3f, 0x53, 0x9a, 0x7b, 0x3f, 0xb2, 0x87, 0x7b, 0x3f, 0xea, 0x74, 0x7b, 0x3f
.byte 0xfc, 0x61, 0x7b, 0x3f, 0xe7, 0x4e, 0x7b, 0x3f, 0xab, 0x3b, 0x7b, 0x3f, 0x48, 0x28, 0x7b, 0x3f
.byte 0xbe, 0x14, 0x7b, 0x3f, 0x0e, 0x01, 0x7b, 0x3f, 0x37, 0xed, 0x7a, 0x3f, 0x3a, 0xd9, 0x7a, 0x3f
.byte 0x16, 0xc5, 0x7a, 0x3f, 0xcb, 0xb0, 0x7a, 0x3f, 0x59, 0x9c, 0x7a, 0x3f, 0xc1, 0x87, 0x7a, 0x3f
.byte 0x02, 0x73, 0x7a, 0x3f, 0x1c, 0x5e, 0x7a, 0x3f, 0x10, 0x49, 0x7a, 0x3f, 0xdd, 0x33, 0x7a, 0x3f
.byte 0x84, 0x1e, 0x7a, 0x3f, 0x04, 0x09, 0x7a, 0x3f, 0x5e, 0xf3, 0x79, 0x3f, 0x91, 0xdd, 0x79, 0x3f
.byte 0x9d, 0xc7, 0x79, 0x3f, 0x83, 0xb1, 0x79, 0x3f, 0x43, 0x9b, 0x79, 0x3f, 0xdc, 0x84, 0x79, 0x3f
.byte 0x4e, 0x6e, 0x79, 0x3f, 0x9a, 0x57, 0x79, 0x3f, 0xc0, 0x40, 0x79, 0x3f, 0xbf, 0x29, 0x79, 0x3f
.byte 0x98, 0x12, 0x79, 0x3f, 0x4a, 0xfb, 0x78, 0x3f, 0xd6, 0xe3, 0x78, 0x3f, 0x3b, 0xcc, 0x78, 0x3f
.byte 0x7b, 0xb4, 0x78, 0x3f, 0x93, 0x9c, 0x78, 0x3f, 0x86, 0x84, 0x78, 0x3f, 0x52, 0x6c, 0x78, 0x3f
.byte 0xf8, 0x53, 0x78, 0x3f, 0x77, 0x3b, 0x78, 0x3f, 0xd1, 0x22, 0x78, 0x3f, 0x04, 0x0a, 0x78, 0x3f
.byte 0x10, 0xf1, 0x77, 0x3f, 0xf7, 0xd7, 0x77, 0x3f, 0xb7, 0xbe, 0x77, 0x3f, 0x51, 0xa5, 0x77, 0x3f
.byte 0xc5, 0x8b, 0x77, 0x3f, 0x13, 0x72, 0x77, 0x3f, 0x3a, 0x58, 0x77, 0x3f, 0x3c, 0x3e, 0x77, 0x3f
.byte 0x17, 0x24, 0x77, 0x3f, 0xcc, 0x09, 0x77, 0x3f, 0x5b, 0xef, 0x76, 0x3f, 0xc4, 0xd4, 0x76, 0x3f
.byte 0x07, 0xba, 0x76, 0x3f, 0x24, 0x9f, 0x76, 0x3f, 0x1b, 0x84, 0x76, 0x3f, 0xec, 0x68, 0x76, 0x3f
.byte 0x97, 0x4d, 0x76, 0x3f, 0x1b, 0x32, 0x76, 0x3f, 0x7a, 0x16, 0x76, 0x3f, 0xb3, 0xfa, 0x75, 0x3f
.byte 0xc6, 0xde, 0x75, 0x3f, 0xb3, 0xc2, 0x75, 0x3f, 0x7b, 0xa6, 0x75, 0x3f, 0x1c, 0x8a, 0x75, 0x3f
.byte 0x97, 0x6d, 0x75, 0x3f, 0xed, 0x50, 0x75, 0x3f, 0x1d, 0x34, 0x75, 0x3f, 0x27, 0x17, 0x75, 0x3f
.byte 0x0b, 0xfa, 0x74, 0x3f, 0xc9, 0xdc, 0x74, 0x3f, 0x62, 0xbf, 0x74, 0x3f, 0xd5, 0xa1, 0x74, 0x3f
.byte 0x22, 0x84, 0x74, 0x3f, 0x49, 0x66, 0x74, 0x3f, 0x4b, 0x48, 0x74, 0x3f, 0x27, 0x2a, 0x74, 0x3f
.byte 0xdd, 0x0b, 0x74, 0x3f, 0x6e, 0xed, 0x73, 0x3f, 0xd9, 0xce, 0x73, 0x3f, 0x1f, 0xb0, 0x73, 0x3f
.byte 0x3f, 0x91, 0x73, 0x3f, 0x39, 0x72, 0x73, 0x3f, 0x0e, 0x53, 0x73, 0x3f, 0xbe, 0x33, 0x73, 0x3f
.byte 0x47, 0x14, 0x73, 0x3f, 0xac, 0xf4, 0x72, 0x3f, 0xeb, 0xd4, 0x72, 0x3f, 0x04, 0xb5, 0x72, 0x3f
.byte 0xf8, 0x94, 0x72, 0x3f, 0xc7, 0x74, 0x72, 0x3f, 0x70, 0x54, 0x72, 0x3f, 0xf4, 0x33, 0x72, 0x3f
.byte 0x52, 0x13, 0x72, 0x3f, 0x8c, 0xf2, 0x71, 0x3f, 0x9f, 0xd1, 0x71, 0x3f, 0x8e, 0xb0, 0x71, 0x3f
.byte 0x57, 0x8f, 0x71, 0x3f, 0xfb, 0x6d, 0x71, 0x3f, 0x7a, 0x4c, 0x71, 0x3f, 0xd4, 0x2a, 0x71, 0x3f
.byte 0x08, 0x09, 0x71, 0x3f, 0x17, 0xe7, 0x70, 0x3f, 0x01, 0xc5, 0x70, 0x3f, 0xc6, 0xa2, 0x70, 0x3f
.byte 0x66, 0x80, 0x70, 0x3f, 0xe1, 0x5d, 0x70, 0x3f, 0x37, 0x3b, 0x70, 0x3f, 0x67, 0x18, 0x70, 0x3f
.byte 0x73, 0xf5, 0x6f, 0x3f, 0x5a, 0xd2, 0x6f, 0x3f, 0x1b, 0xaf, 0x6f, 0x3f, 0xb8, 0x8b, 0x6f, 0x3f
.byte 0x30, 0x68, 0x6f, 0x3f, 0x83, 0x44, 0x6f, 0x3f, 0xb0, 0x20, 0x6f, 0x3f, 0xba, 0xfc, 0x6e, 0x3f
.byte 0x9e, 0xd8, 0x6e, 0x3f, 0x5d, 0xb4, 0x6e, 0x3f, 0xf8, 0x8f, 0x6e, 0x3f, 0x6d, 0x6b, 0x6e, 0x3f
.byte 0xbe, 0x46, 0x6e, 0x3f, 0xeb, 0x21, 0x6e, 0x3f, 0xf2, 0xfc, 0x6d, 0x3f, 0xd5, 0xd7, 0x6d, 0x3f
.byte 0x93, 0xb2, 0x6d, 0x3f, 0x2d, 0x8d, 0x6d, 0x3f, 0xa1, 0x67, 0x6d, 0x3f, 0xf2, 0x41, 0x6d, 0x3f
.byte 0x1d, 0x1c, 0x6d, 0x3f, 0x24, 0xf6, 0x6c, 0x3f, 0x07, 0xd0, 0x6c, 0x3f, 0xc5, 0xa9, 0x6c, 0x3f
.byte 0x5e, 0x83, 0x6c, 0x3f, 0xd4, 0x5c, 0x6c, 0x3f, 0x24, 0x36, 0x6c, 0x3f, 0x50, 0x0f, 0x6c, 0x3f
.byte 0x58, 0xe8, 0x6b, 0x3f, 0x3b, 0xc1, 0x6b, 0x3f, 0xfb, 0x99, 0x6b, 0x3f, 0x95, 0x72, 0x6b, 0x3f
.byte 0x0c, 0x4b, 0x6b, 0x3f, 0x5e, 0x23, 0x6b, 0x3f, 0x8c, 0xfb, 0x6a, 0x3f, 0x95, 0xd3, 0x6a, 0x3f
.byte 0x7b, 0xab, 0x6a, 0x3f, 0x3c, 0x83, 0x6a, 0x3f, 0xd9, 0x5a, 0x6a, 0x3f, 0x52, 0x32, 0x6a, 0x3f
.byte 0xa7, 0x09, 0x6a, 0x3f, 0xd7, 0xe0, 0x69, 0x3f, 0xe4, 0xb7, 0x69, 0x3f, 0xcc, 0x8e, 0x69, 0x3f
.byte 0x91, 0x65, 0x69, 0x3f, 0x32, 0x3c, 0x69, 0x3f, 0xae, 0x12, 0x69, 0x3f, 0x07, 0xe9, 0x68, 0x3f
.byte 0x3c, 0xbf, 0x68, 0x3f, 0x4c, 0x95, 0x68, 0x3f, 0x39, 0x6b, 0x68, 0x3f, 0x03, 0x41, 0x68, 0x3f
.byte 0xa8, 0x16, 0x68, 0x3f, 0x29, 0xec, 0x67, 0x3f, 0x87, 0xc1, 0x67, 0x3f, 0xc1, 0x96, 0x67, 0x3f
.byte 0xd8, 0x6b, 0x67, 0x3f, 0xca, 0x40, 0x67, 0x3f, 0x99, 0x15, 0x67, 0x3f, 0x45, 0xea, 0x66, 0x3f
.byte 0xcc, 0xbe, 0x66, 0x3f, 0x30, 0x93, 0x66, 0x3f, 0x71, 0x67, 0x66, 0x3f, 0x8e, 0x3b, 0x66, 0x3f
.byte 0x88, 0x0f, 0x66, 0x3f, 0x5e, 0xe3, 0x65, 0x3f, 0x10, 0xb7, 0x65, 0x3f, 0xa0, 0x8a, 0x65, 0x3f
.byte 0x0b, 0x5e, 0x65, 0x3f, 0x54, 0x31, 0x65, 0x3f, 0x79, 0x04, 0x65, 0x3f, 0x7b, 0xd7, 0x64, 0x3f
.byte 0x59, 0xaa, 0x64, 0x3f, 0x14, 0x7d, 0x64, 0x3f, 0xac, 0x4f, 0x64, 0x3f, 0x21, 0x22, 0x64, 0x3f
.byte 0x73, 0xf4, 0x63, 0x3f, 0xa1, 0xc6, 0x63, 0x3f, 0xac, 0x98, 0x63, 0x3f, 0x95, 0x6a, 0x63, 0x3f
.byte 0x5a, 0x3c, 0x63, 0x3f, 0xfc, 0x0d, 0x63, 0x3f, 0x7b, 0xdf, 0x62, 0x3f, 0xd7, 0xb0, 0x62, 0x3f
.byte 0x10, 0x82, 0x62, 0x3f, 0x26, 0x53, 0x62, 0x3f, 0x1a, 0x24, 0x62, 0x3f, 0xea, 0xf4, 0x61, 0x3f
.byte 0x98, 0xc5, 0x61, 0x3f, 0x22, 0x96, 0x61, 0x3f, 0x8a, 0x66, 0x61, 0x3f, 0xd0, 0x36, 0x61, 0x3f
.byte 0xf2, 0x06, 0x61, 0x3f, 0xf2, 0xd6, 0x60, 0x3f, 0xcf, 0xa6, 0x60, 0x3f, 0x89, 0x76, 0x60, 0x3f
.byte 0x21, 0x46, 0x60, 0x3f, 0x96, 0x15, 0x60, 0x3f, 0xe9, 0xe4, 0x5f, 0x3f, 0x19, 0xb4, 0x5f, 0x3f
.byte 0x27, 0x83, 0x5f, 0x3f, 0x12, 0x52, 0x5f, 0x3f, 0xdb, 0x20, 0x5f, 0x3f, 0x81, 0xef, 0x5e, 0x3f
.byte 0x05, 0xbe, 0x5e, 0x3f, 0x67, 0x8c, 0x5e, 0x3f, 0xa6, 0x5a, 0x5e, 0x3f, 0xc3, 0x28, 0x5e, 0x3f
.byte 0xbe, 0xf6, 0x5d, 0x3f, 0x97, 0xc4, 0x5d, 0x3f, 0x4d, 0x92, 0x5d, 0x3f, 0xe1, 0x5f, 0x5d, 0x3f
.byte 0x53, 0x2d, 0x5d, 0x3f, 0xa3, 0xfa, 0x5c, 0x3f, 0xd1, 0xc7, 0x5c, 0x3f, 0xdd, 0x94, 0x5c, 0x3f
.byte 0xc7, 0x61, 0x5c, 0x3f, 0x8e, 0x2e, 0x5c, 0x3f, 0x34, 0xfb, 0x5b, 0x3f, 0xb8, 0xc7, 0x5b, 0x3f
.byte 0x1a, 0x94, 0x5b, 0x3f, 0x5a, 0x60, 0x5b, 0x3f, 0x79, 0x2c, 0x5b, 0x3f, 0x75, 0xf8, 0x5a, 0x3f
.byte 0x50, 0xc4, 0x5a, 0x3f, 0x09, 0x90, 0x5a, 0x3f, 0xa0, 0x5b, 0x5a, 0x3f, 0x16, 0x27, 0x5a, 0x3f
.byte 0x6a, 0xf2, 0x59, 0x3f, 0x9c, 0xbd, 0x59, 0x3f, 0xad, 0x88, 0x59, 0x3f, 0x9c, 0x53, 0x59, 0x3f
.byte 0x6a, 0x1e, 0x59, 0x3f, 0x16, 0xe9, 0x58, 0x3f, 0xa1, 0xb3, 0x58, 0x3f, 0x0b, 0x7e, 0x58, 0x3f
.byte 0x53, 0x48, 0x58, 0x3f, 0x79, 0x12, 0x58, 0x3f, 0x7f, 0xdc, 0x57, 0x3f, 0x63, 0xa6, 0x57, 0x3f
.byte 0x26, 0x70, 0x57, 0x3f, 0xc7, 0x39, 0x57, 0x3f, 0x48, 0x03, 0x57, 0x3f, 0xa7, 0xcc, 0x56, 0x3f
.byte 0xe5, 0x95, 0x56, 0x3f, 0x02, 0x5f, 0x56, 0x3f, 0xfe, 0x27, 0x56, 0x3f, 0xd9, 0xf0, 0x55, 0x3f
.byte 0x93, 0xb9, 0x55, 0x3f, 0x2c, 0x82, 0x55, 0x3f, 0xa4, 0x4a, 0x55, 0x3f, 0xfb, 0x12, 0x55, 0x3f
.byte 0x31, 0xdb, 0x54, 0x3f, 0x47, 0xa3, 0x54, 0x3f, 0x3b, 0x6b, 0x54, 0x3f, 0x0f, 0x33, 0x54, 0x3f
.byte 0xc3, 0xfa, 0x53, 0x3f, 0x55, 0xc2, 0x53, 0x3f, 0xc7, 0x89, 0x53, 0x3f, 0x18, 0x51, 0x53, 0x3f
.byte 0x49, 0x18, 0x53, 0x3f, 0x59, 0xdf, 0x52, 0x3f, 0x49, 0xa6, 0x52, 0x3f, 0x18, 0x6d, 0x52, 0x3f
.byte 0xc6, 0x33, 0x52, 0x3f, 0x54, 0xfa, 0x51, 0x3f, 0xc2, 0xc0, 0x51, 0x3f, 0x10, 0x87, 0x51, 0x3f
.byte 0x3d, 0x4d, 0x51, 0x3f, 0x4a, 0x13, 0x51, 0x3f, 0x37, 0xd9, 0x50, 0x3f, 0x03, 0x9f, 0x50, 0x3f
.byte 0xaf, 0x64, 0x50, 0x3f, 0x3b, 0x2a, 0x50, 0x3f, 0xa8, 0xef, 0x4f, 0x3f, 0xf4, 0xb4, 0x4f, 0x3f
.byte 0x1f, 0x7a, 0x4f, 0x3f, 0x2b, 0x3f, 0x4f, 0x3f, 0x17, 0x04, 0x4f, 0x3f, 0xe4, 0xc8, 0x4e, 0x3f
.byte 0x90, 0x8d, 0x4e, 0x3f, 0x1c, 0x52, 0x4e, 0x3f, 0x89, 0x16, 0x4e, 0x3f, 0xd5, 0xda, 0x4d, 0x3f
.byte 0x02, 0x9f, 0x4d, 0x3f, 0x10, 0x63, 0x4d, 0x3f, 0xfd, 0x26, 0x4d, 0x3f, 0xcb, 0xea, 0x4c, 0x3f
.byte 0x79, 0xae, 0x4c, 0x3f, 0x08, 0x72, 0x4c, 0x3f, 0x78, 0x35, 0x4c, 0x3f, 0xc7, 0xf8, 0x4b, 0x3f
.byte 0xf8, 0xbb, 0x4b, 0x3f, 0x09, 0x7f, 0x4b, 0x3f, 0xfa, 0x41, 0x4b, 0x3f, 0xcc, 0x04, 0x4b, 0x3f
.byte 0x7f, 0xc7, 0x4a, 0x3f, 0x13, 0x8a, 0x4a, 0x3f, 0x87, 0x4c, 0x4a, 0x3f, 0xdc, 0x0e, 0x4a, 0x3f
.byte 0x12, 0xd1, 0x49, 0x3f, 0x29, 0x93, 0x49, 0x3f, 0x21, 0x55, 0x49, 0x3f, 0xfa, 0x16, 0x49, 0x3f
.byte 0xb3, 0xd8, 0x48, 0x3f, 0x4e, 0x9a, 0x48, 0x3f, 0xca, 0x5b, 0x48, 0x3f, 0x27, 0x1d, 0x48, 0x3f
.byte 0x65, 0xde, 0x47, 0x3f, 0x84, 0x9f, 0x47, 0x3f, 0x85, 0x60, 0x47, 0x3f, 0x67, 0x21, 0x47, 0x3f
.byte 0x2a, 0xe2, 0x46, 0x3f, 0xce, 0xa2, 0x46, 0x3f, 0x54, 0x63, 0x46, 0x3f, 0xbb, 0x23, 0x46, 0x3f
.byte 0x03, 0xe4, 0x45, 0x3f, 0x2d, 0xa4, 0x45, 0x3f, 0x39, 0x64, 0x45, 0x3f, 0x26, 0x24, 0x45, 0x3f
.byte 0xf5, 0xe3, 0x44, 0x3f, 0xa5, 0xa3, 0x44, 0x3f, 0x37, 0x63, 0x44, 0x3f, 0xab, 0x22, 0x44, 0x3f
.byte 0x00, 0xe2, 0x43, 0x3f, 0x38, 0xa1, 0x43, 0x3f, 0x51, 0x60, 0x43, 0x3f, 0x4c, 0x1f, 0x43, 0x3f
.byte 0x29, 0xde, 0x42, 0x3f, 0xe8, 0x9c, 0x42, 0x3f, 0x89, 0x5b, 0x42, 0x3f, 0x0b, 0x1a, 0x42, 0x3f
.byte 0x70, 0xd8, 0x41, 0x3f, 0xb7, 0x96, 0x41, 0x3f, 0xe1, 0x54, 0x41, 0x3f, 0xec, 0x12, 0x41, 0x3f
.byte 0xda, 0xd0, 0x40, 0x3f, 0xa9, 0x8e, 0x40, 0x3f, 0x5c, 0x4c, 0x40, 0x3f, 0xf0, 0x09, 0x40, 0x3f
.byte 0x67, 0xc7, 0x3f, 0x3f, 0xc0, 0x84, 0x3f, 0x3f, 0xfc, 0x41, 0x3f, 0x3f, 0x1b, 0xff, 0x3e, 0x3f
.byte 0x1b, 0xbc, 0x3e, 0x3f, 0xff, 0x78, 0x3e, 0x3f, 0xc5, 0x35, 0x3e, 0x3f, 0x6e, 0xf2, 0x3d, 0x3f
.byte 0xf9, 0xae, 0x3d, 0x3f, 0x67, 0x6b, 0x3d, 0x3f, 0xb8, 0x27, 0x3d, 0x3f, 0xec, 0xe3, 0x3c, 0x3f
.byte 0x03, 0xa0, 0x3c, 0x3f, 0xfc, 0x5b, 0x3c, 0x3f, 0xd9, 0x17, 0x3c, 0x3f, 0x98, 0xd3, 0x3b, 0x3f
.byte 0x3b, 0x8f, 0x3b, 0x3f, 0xc1, 0x4a, 0x3b, 0x3f, 0x29, 0x06, 0x3b, 0x3f, 0x75, 0xc1, 0x3a, 0x3f
.byte 0xa4, 0x7c, 0x3a, 0x3f, 0xb7, 0x37, 0x3a, 0x3f, 0xac, 0xf2, 0x39, 0x3f, 0x85, 0xad, 0x39, 0x3f
.byte 0x42, 0x68, 0x39, 0x3f, 0xe1, 0x22, 0x39, 0x3f, 0x65, 0xdd, 0x38, 0x3f, 0xcb, 0x97, 0x38, 0x3f
.byte 0x16, 0x52, 0x38, 0x3f, 0x43, 0x0c, 0x38, 0x3f, 0x55, 0xc6, 0x37, 0x3f, 0x4a, 0x80, 0x37, 0x3f
.byte 0x23, 0x3a, 0x37, 0x3f, 0xdf, 0xf3, 0x36, 0x3f, 0x7f, 0xad, 0x36, 0x3f, 0x04, 0x67, 0x36, 0x3f
.byte 0x6c, 0x20, 0x36, 0x3f, 0xb8, 0xd9, 0x35, 0x3f, 0xe7, 0x92, 0x35, 0x3f, 0xfb, 0x4b, 0x35, 0x3f
.byte 0xf3, 0x04, 0x35, 0x3f, 0xcf, 0xbd, 0x34, 0x3f, 0x8f, 0x76, 0x34, 0x3f, 0x34, 0x2f, 0x34, 0x3f
.byte 0xbc, 0xe7, 0x33, 0x3f, 0x29, 0xa0, 0x33, 0x3f, 0x7a, 0x58, 0x33, 0x3f, 0xaf, 0x10, 0x33, 0x3f
.byte 0xc9, 0xc8, 0x32, 0x3f, 0xc7, 0x80, 0x32, 0x3f, 0xaa, 0x38, 0x32, 0x3f, 0x71, 0xf0, 0x31, 0x3f
.byte 0x1d, 0xa8, 0x31, 0x3f, 0xad, 0x5f, 0x31, 0x3f, 0x22, 0x17, 0x31, 0x3f, 0x7c, 0xce, 0x30, 0x3f
.byte 0xbb, 0x85, 0x30, 0x3f, 0xde, 0x3c, 0x30, 0x3f, 0xe6, 0xf3, 0x2f, 0x3f, 0xd3, 0xaa, 0x2f, 0x3f
.byte 0xa5, 0x61, 0x2f, 0x3f, 0x5b, 0x18, 0x2f, 0x3f, 0xf7, 0xce, 0x2e, 0x3f, 0x78, 0x85, 0x2e, 0x3f
.byte 0xde, 0x3b, 0x2e, 0x3f, 0x29, 0xf2, 0x2d, 0x3f, 0x59, 0xa8, 0x2d, 0x3f, 0x6f, 0x5e, 0x2d, 0x3f
.byte 0x69, 0x14, 0x2d, 0x3f, 0x49, 0xca, 0x2c, 0x3f, 0x0f, 0x80, 0x2c, 0x3f, 0xb9, 0x35, 0x2c, 0x3f
.byte 0x4a, 0xeb, 0x2b, 0x3f, 0xbf, 0xa0, 0x2b, 0x3f, 0x1b, 0x56, 0x2b, 0x3f, 0x5b, 0x0b, 0x2b, 0x3f
.byte 0x82, 0xc0, 0x2a, 0x3f, 0x8e, 0x75, 0x2a, 0x3f, 0x80, 0x2a, 0x2a, 0x3f, 0x57, 0xdf, 0x29, 0x3f
.byte 0x15, 0x94, 0x29, 0x3f, 0xb8, 0x48, 0x29, 0x3f, 0x41, 0xfd, 0x28, 0x3f, 0xb0, 0xb1, 0x28, 0x3f
.byte 0x05, 0x66, 0x28, 0x3f, 0x40, 0x1a, 0x28, 0x3f, 0x61, 0xce, 0x27, 0x3f, 0x68, 0x82, 0x27, 0x3f
.byte 0x56, 0x36, 0x27, 0x3f, 0x2a, 0xea, 0x26, 0x3f, 0xe3, 0x9d, 0x26, 0x3f, 0x84, 0x51, 0x26, 0x3f
.byte 0x0a, 0x05, 0x26, 0x3f, 0x77, 0xb8, 0x25, 0x3f, 0xcb, 0x6b, 0x25, 0x3f, 0x04, 0x1f, 0x25, 0x3f
.globl _sym_00c464c0
_sym_00c464c0:
.byte 0x25, 0xd2, 0x24, 0x3f, 0x2c, 0x85, 0x24, 0x3f, 0x1a, 0x38, 0x24, 0x3f, 0xee, 0xea, 0x23, 0x3f
.byte 0xa9, 0x9d, 0x23, 0x3f, 0x4b, 0x50, 0x23, 0x3f, 0xd3, 0x02, 0x23, 0x3f, 0x43, 0xb5, 0x22, 0x3f
.byte 0x99, 0x67, 0x22, 0x3f, 0xd7, 0x19, 0x22, 0x3f, 0xfb, 0xcb, 0x21, 0x3f, 0x06, 0x7e, 0x21, 0x3f
.byte 0xf9, 0x2f, 0x21, 0x3f, 0xd2, 0xe1, 0x20, 0x3f, 0x93, 0x93, 0x20, 0x3f, 0x3b, 0x45, 0x20, 0x3f
.byte 0xcb, 0xf6, 0x1f, 0x3f, 0x41, 0xa8, 0x1f, 0x3f, 0x9f, 0x59, 0x1f, 0x3f, 0xe5, 0x0a, 0x1f, 0x3f
.byte 0x12, 0xbc, 0x1e, 0x3f, 0x26, 0x6d, 0x1e, 0x3f, 0x22, 0x1e, 0x1e, 0x3f, 0x06, 0xcf, 0x1d, 0x3f
.byte 0xd1, 0x7f, 0x1d, 0x3f, 0x84, 0x30, 0x1d, 0x3f, 0x1f, 0xe1, 0x1c, 0x3f, 0xa2, 0x91, 0x1c, 0x3f
.byte 0x0c, 0x42, 0x1c, 0x3f, 0x5f, 0xf2, 0x1b, 0x3f, 0x99, 0xa2, 0x1b, 0x3f, 0xbb, 0x52, 0x1b, 0x3f
.byte 0xc6, 0x02, 0x1b, 0x3f, 0xb8, 0xb2, 0x1a, 0x3f, 0x93, 0x62, 0x1a, 0x3f, 0x55, 0x12, 0x1a, 0x3f
.byte 0x00, 0xc2, 0x19, 0x3f, 0x94, 0x71, 0x19, 0x3f, 0x0f, 0x21, 0x19, 0x3f, 0x73, 0xd0, 0x18, 0x3f
.byte 0xc0, 0x7f, 0x18, 0x3f, 0xf5, 0x2e, 0x18, 0x3f, 0x12, 0xde, 0x17, 0x3f, 0x18, 0x8d, 0x17, 0x3f
.byte 0x07, 0x3c, 0x17, 0x3f, 0xde, 0xea, 0x16, 0x3f, 0x9f, 0x99, 0x16, 0x3f, 0x47, 0x48, 0x16, 0x3f
.byte 0xd9, 0xf6, 0x15, 0x3f, 0x54, 0xa5, 0x15, 0x3f, 0xb7, 0x53, 0x15, 0x3f, 0x04, 0x02, 0x15, 0x3f
.byte 0x39, 0xb0, 0x14, 0x3f, 0x58, 0x5e, 0x14, 0x3f, 0x5f, 0x0c, 0x14, 0x3f, 0x50, 0xba, 0x13, 0x3f
.byte 0x2a, 0x68, 0x13, 0x3f, 0xee, 0x15, 0x13, 0x3f, 0x9a, 0xc3, 0x12, 0x3f, 0x30, 0x71, 0x12, 0x3f
.byte 0xb0, 0x1e, 0x12, 0x3f, 0x19, 0xcc, 0x11, 0x3f, 0x6b, 0x79, 0x11, 0x3f, 0xa7, 0x26, 0x11, 0x3f
.byte 0xcd, 0xd3, 0x10, 0x3f, 0xdc, 0x80, 0x10, 0x3f, 0xd5, 0x2d, 0x10, 0x3f, 0xb8, 0xda, 0x0f, 0x3f
.byte 0x84, 0x87, 0x0f, 0x3f, 0x3b, 0x34, 0x0f, 0x3f, 0xdb, 0xe0, 0x0e, 0x3f, 0x65, 0x8d, 0x0e, 0x3f
.byte 0xda, 0x39, 0x0e, 0x3f, 0x38, 0xe6, 0x0d, 0x3f, 0x81, 0x92, 0x0d, 0x3f, 0xb3, 0x3e, 0x0d, 0x3f
.byte 0xd0, 0xea, 0x0c, 0x3f, 0xd7, 0x96, 0x0c, 0x3f, 0xc9, 0x42, 0x0c, 0x3f, 0xa5, 0xee, 0x0b, 0x3f
.byte 0x6b, 0x9a, 0x0b, 0x3f, 0x1c, 0x46, 0x0b, 0x3f, 0xb7, 0xf1, 0x0a, 0x3f, 0x3d, 0x9d, 0x0a, 0x3f
.byte 0xad, 0x48, 0x0a, 0x3f, 0x09, 0xf4, 0x09, 0x3f, 0x4e, 0x9f, 0x09, 0x3f, 0x7f, 0x4a, 0x09, 0x3f
.byte 0x9b, 0xf5, 0x08, 0x3f, 0xa1, 0xa0, 0x08, 0x3f, 0x92, 0x4b, 0x08, 0x3f, 0x6f, 0xf6, 0x07, 0x3f
.byte 0x36, 0xa1, 0x07, 0x3f, 0xe8, 0x4b, 0x07, 0x3f, 0x86, 0xf6, 0x06, 0x3f, 0x0e, 0xa1, 0x06, 0x3f
.byte 0x82, 0x4b, 0x06, 0x3f, 0xe2, 0xf5, 0x05, 0x3f, 0x2c, 0xa0, 0x05, 0x3f, 0x62, 0x4a, 0x05, 0x3f
.byte 0x84, 0xf4, 0x04, 0x3f, 0x91, 0x9e, 0x04, 0x3f, 0x89, 0x48, 0x04, 0x3f, 0x6d, 0xf2, 0x03, 0x3f
.byte 0x3d, 0x9c, 0x03, 0x3f, 0xf8, 0x45, 0x03, 0x3f, 0x9f, 0xef, 0x02, 0x3f, 0x32, 0x99, 0x02, 0x3f
.byte 0xb1, 0x42, 0x02, 0x3f, 0x1c, 0xec, 0x01, 0x3f, 0x73, 0x95, 0x01, 0x3f, 0xb5, 0x3e, 0x01, 0x3f
.byte 0xe4, 0xe7, 0x00, 0x3f, 0xff, 0x90, 0x00, 0x3f, 0x06, 0x3a, 0x00, 0x3f, 0xf3, 0xc5, 0xff, 0x3e
.byte 0xb2, 0x17, 0xff, 0x3e, 0x4a, 0x69, 0xfe, 0x3e, 0xbb, 0xba, 0xfd, 0x3e, 0x04, 0x0c, 0xfd, 0x3e
.byte 0x27, 0x5d, 0xfc, 0x3e, 0x22, 0xae, 0xfb, 0x3e, 0xf7, 0xfe, 0xfa, 0x3e, 0xa5, 0x4f, 0xfa, 0x3e
.byte 0x2d, 0xa0, 0xf9, 0x3e, 0x8e, 0xf0, 0xf8, 0x3e, 0xc8, 0x40, 0xf8, 0x3e, 0xdc, 0x90, 0xf7, 0x3e
.byte 0xcb, 0xe0, 0xf6, 0x3e, 0x93, 0x30, 0xf6, 0x3e, 0x35, 0x80, 0xf5, 0x3e, 0xb1, 0xcf, 0xf4, 0x3e
.byte 0x07, 0x1f, 0xf4, 0x3e, 0x38, 0x6e, 0xf3, 0x3e, 0x43, 0xbd, 0xf2, 0x3e, 0x29, 0x0c, 0xf2, 0x3e
.byte 0xea, 0x5a, 0xf1, 0x3e, 0x85, 0xa9, 0xf0, 0x3e, 0xfb, 0xf7, 0xef, 0x3e, 0x4c, 0x46, 0xef, 0x3e
.byte 0x79, 0x94, 0xee, 0x3e, 0x80, 0xe2, 0xed, 0x3e, 0x63, 0x30, 0xed, 0x3e, 0x21, 0x7e, 0xec, 0x3e
.byte 0xbb, 0xcb, 0xeb, 0x3e, 0x30, 0x19, 0xeb, 0x3e, 0x81, 0x66, 0xea, 0x3e, 0xae, 0xb3, 0xe9, 0x3e
.byte 0xb7, 0x00, 0xe9, 0x3e, 0x9c, 0x4d, 0xe8, 0x3e, 0x5d, 0x9a, 0xe7, 0x3e, 0xfb, 0xe6, 0xe6, 0x3e
.byte 0x75, 0x33, 0xe6, 0x3e, 0xcb, 0x7f, 0xe5, 0x3e, 0xfe, 0xcb, 0xe4, 0x3e, 0x0e, 0x18, 0xe4, 0x3e
.byte 0xfa, 0x63, 0xe3, 0x3e, 0xc4, 0xaf, 0xe2, 0x3e, 0x6a, 0xfb, 0xe1, 0x3e, 0xee, 0x46, 0xe1, 0x3e
.byte 0x4f, 0x92, 0xe0, 0x3e, 0x8d, 0xdd, 0xdf, 0x3e, 0xa9, 0x28, 0xdf, 0x3e, 0xa2, 0x73, 0xde, 0x3e
.byte 0x79, 0xbe, 0xdd, 0x3e, 0x2e, 0x09, 0xdd, 0x3e, 0xc1, 0x53, 0xdc, 0x3e, 0x31, 0x9e, 0xdb, 0x3e
.byte 0x80, 0xe8, 0xda, 0x3e, 0xad, 0x32, 0xda, 0x3e, 0xb9, 0x7c, 0xd9, 0x3e, 0xa3, 0xc6, 0xd8, 0x3e
.byte 0x6b, 0x10, 0xd8, 0x3e, 0x13, 0x5a, 0xd7, 0x3e, 0x99, 0xa3, 0xd6, 0x3e, 0xfd, 0xec, 0xd5, 0x3e
.byte 0x41, 0x36, 0xd5, 0x3e, 0x64, 0x7f, 0xd4, 0x3e, 0x67, 0xc8, 0xd3, 0x3e, 0x48, 0x11, 0xd3, 0x3e
.byte 0x09, 0x5a, 0xd2, 0x3e, 0xaa, 0xa2, 0xd1, 0x3e, 0x2a, 0xeb, 0xd0, 0x3e, 0x8a, 0x33, 0xd0, 0x3e
.byte 0xca, 0x7b, 0xcf, 0x3e, 0xea, 0xc3, 0xce, 0x3e, 0xea, 0x0b, 0xce, 0x3e, 0xca, 0x53, 0xcd, 0x3e
.byte 0x8b, 0x9b, 0xcc, 0x3e, 0x2c, 0xe3, 0xcb, 0x3e, 0xae, 0x2a, 0xcb, 0x3e, 0x10, 0x72, 0xca, 0x3e
.byte 0x53, 0xb9, 0xc9, 0x3e, 0x77, 0x00, 0xc9, 0x3e, 0x7c, 0x47, 0xc8, 0x3e, 0x62, 0x8e, 0xc7, 0x3e
.byte 0x29, 0xd5, 0xc6, 0x3e, 0xd2, 0x1b, 0xc6, 0x3e, 0x5c, 0x62, 0xc5, 0x3e, 0xc8, 0xa8, 0xc4, 0x3e
.byte 0x15, 0xef, 0xc3, 0x3e, 0x44, 0x35, 0xc3, 0x3e, 0x55, 0x7b, 0xc2, 0x3e, 0x48, 0xc1, 0xc1, 0x3e
.byte 0x1e, 0x07, 0xc1, 0x3e, 0xd5, 0x4c, 0xc0, 0x3e, 0x6f, 0x92, 0xbf, 0x3e, 0xeb, 0xd7, 0xbe, 0x3e
.byte 0x4a, 0x1d, 0xbe, 0x3e, 0x8b, 0x62, 0xbd, 0x3e, 0xaf, 0xa7, 0xbc, 0x3e, 0xb6, 0xec, 0xbb, 0x3e
.byte 0xa0, 0x31, 0xbb, 0x3e, 0x6e, 0x76, 0xba, 0x3e, 0x1e, 0xbb, 0xb9, 0x3e, 0xb2, 0xff, 0xb8, 0x3e
.byte 0x2a, 0x44, 0xb8, 0x3e, 0x84, 0x88, 0xb7, 0x3e, 0xc3, 0xcc, 0xb6, 0x3e, 0xe6, 0x10, 0xb6, 0x3e
.byte 0xec, 0x54, 0xb5, 0x3e, 0xd6, 0x98, 0xb4, 0x3e, 0xa5, 0xdc, 0xb3, 0x3e, 0x58, 0x20, 0xb3, 0x3e
.byte 0xef, 0x63, 0xb2, 0x3e, 0x6b, 0xa7, 0xb1, 0x3e, 0xcb, 0xea, 0xb0, 0x3e, 0x10, 0x2e, 0xb0, 0x3e
.byte 0x3a, 0x71, 0xaf, 0x3e, 0x49, 0xb4, 0xae, 0x3e, 0x3c, 0xf7, 0xad, 0x3e, 0x15, 0x3a, 0xad, 0x3e
.byte 0xd4, 0x7c, 0xac, 0x3e, 0x77, 0xbf, 0xab, 0x3e, 0x01, 0x02, 0xab, 0x3e, 0x6f, 0x44, 0xaa, 0x3e
.byte 0xc4, 0x86, 0xa9, 0x3e, 0xfe, 0xc8, 0xa8, 0x3e, 0x1f, 0x0b, 0xa8, 0x3e, 0x25, 0x4d, 0xa7, 0x3e
.byte 0x12, 0x8f, 0xa6, 0x3e, 0xe5, 0xd0, 0xa5, 0x3e, 0x9f, 0x12, 0xa5, 0x3e, 0x3f, 0x54, 0xa4, 0x3e
.byte 0xc5, 0x95, 0xa3, 0x3e, 0x33, 0xd7, 0xa2, 0x3e, 0x87, 0x18, 0xa2, 0x3e, 0xc2, 0x59, 0xa1, 0x3e
.byte 0xe5, 0x9a, 0xa0, 0x3e, 0xee, 0xdb, 0x9f, 0x3e, 0xdf, 0x1c, 0x9f, 0x3e, 0xb8, 0x5d, 0x9e, 0x3e
.byte 0x78, 0x9e, 0x9d, 0x3e, 0x20, 0xdf, 0x9c, 0x3e, 0xaf, 0x1f, 0x9c, 0x3e, 0x27, 0x60, 0x9b, 0x3e
.byte 0x86, 0xa0, 0x9a, 0x3e, 0xce, 0xe0, 0x99, 0x3e, 0xfe, 0x20, 0x99, 0x3e, 0x16, 0x61, 0x98, 0x3e
.byte 0x17, 0xa1, 0x97, 0x3e, 0x00, 0xe1, 0x96, 0x3e, 0xd2, 0x20, 0x96, 0x3e, 0x8d, 0x60, 0x95, 0x3e
.byte 0x31, 0xa0, 0x94, 0x3e, 0xbf, 0xdf, 0x93, 0x3e, 0x35, 0x1f, 0x93, 0x3e, 0x94, 0x5e, 0x92, 0x3e
.byte 0xdd, 0x9d, 0x91, 0x3e, 0x10, 0xdd, 0x90, 0x3e, 0x2c, 0x1c, 0x90, 0x3e, 0x32, 0x5b, 0x8f, 0x3e
.byte 0x22, 0x9a, 0x8e, 0x3e, 0xfc, 0xd8, 0x8d, 0x3e, 0xc0, 0x17, 0x8d, 0x3e, 0x6e, 0x56, 0x8c, 0x3e
.byte 0x07, 0x95, 0x8b, 0x3e, 0x8a, 0xd3, 0x8a, 0x3e, 0xf7, 0x11, 0x8a, 0x3e, 0x50, 0x50, 0x89, 0x3e
.byte 0x93, 0x8e, 0x88, 0x3e, 0xc1, 0xcc, 0x87, 0x3e, 0xda, 0x0a, 0x87, 0x3e, 0xdf, 0x48, 0x86, 0x3e
.byte 0xce, 0x86, 0x85, 0x3e, 0xaa, 0xc4, 0x84, 0x3e, 0x70, 0x02, 0x84, 0x3e, 0x22, 0x40, 0x83, 0x3e
.byte 0xc0, 0x7d, 0x82, 0x3e, 0x4a, 0xbb, 0x81, 0x3e, 0xc0, 0xf8, 0x80, 0x3e, 0x22, 0x36, 0x80, 0x3e
.byte 0xe1, 0xe6, 0x7e, 0x3e, 0x56, 0x61, 0x7d, 0x3e, 0xa4, 0xdb, 0x7b, 0x3e, 0xcb, 0x55, 0x7a, 0x3e
.byte 0xcc, 0xcf, 0x78, 0x3e, 0xa6, 0x49, 0x77, 0x3e, 0x5a, 0xc3, 0x75, 0x3e, 0xe8, 0x3c, 0x74, 0x3e
.byte 0x51, 0xb6, 0x72, 0x3e, 0x94, 0x2f, 0x71, 0x3e, 0xb2, 0xa8, 0x6f, 0x3e, 0xab, 0x21, 0x6e, 0x3e
.byte 0x7f, 0x9a, 0x6c, 0x3e, 0x2f, 0x13, 0x6b, 0x3e, 0xba, 0x8b, 0x69, 0x3e, 0x22, 0x04, 0x68, 0x3e
.byte 0x66, 0x7c, 0x66, 0x3e, 0x86, 0xf4, 0x64, 0x3e, 0x83, 0x6c, 0x63, 0x3e, 0x5c, 0xe4, 0x61, 0x3e
.byte 0x13, 0x5c, 0x60, 0x3e, 0xa8, 0xd3, 0x5e, 0x3e, 0x1a, 0x4b, 0x5d, 0x3e, 0x6a, 0xc2, 0x5b, 0x3e
.byte 0x97, 0x39, 0x5a, 0x3e, 0xa4, 0xb0, 0x58, 0x3e, 0x8f, 0x27, 0x57, 0x3e, 0x58, 0x9e, 0x55, 0x3e
.byte 0x01, 0x15, 0x54, 0x3e, 0x89, 0x8b, 0x52, 0x3e, 0xf1, 0x01, 0x51, 0x3e, 0x38, 0x78, 0x4f, 0x3e
.byte 0x60, 0xee, 0x4d, 0x3e, 0x67, 0x64, 0x4c, 0x3e, 0x4f, 0xda, 0x4a, 0x3e, 0x18, 0x50, 0x49, 0x3e
.byte 0xc2, 0xc5, 0x47, 0x3e, 0x4d, 0x3b, 0x46, 0x3e, 0xb9, 0xb0, 0x44, 0x3e, 0x07, 0x26, 0x43, 0x3e
.byte 0x37, 0x9b, 0x41, 0x3e, 0x49, 0x10, 0x40, 0x3e, 0x3e, 0x85, 0x3e, 0x3e, 0x15, 0xfa, 0x3c, 0x3e
.byte 0xcf, 0x6e, 0x3b, 0x3e, 0x6c, 0xe3, 0x39, 0x3e, 0xec, 0x57, 0x38, 0x3e, 0x50, 0xcc, 0x36, 0x3e
.byte 0x98, 0x40, 0x35, 0x3e, 0xc4, 0xb4, 0x33, 0x3e, 0xd4, 0x28, 0x32, 0x3e, 0xc9, 0x9c, 0x30, 0x3e
.byte 0xa2, 0x10, 0x2f, 0x3e, 0x61, 0x84, 0x2d, 0x3e, 0x04, 0xf8, 0x2b, 0x3e, 0x8d, 0x6b, 0x2a, 0x3e
.byte 0xfc, 0xde, 0x28, 0x3e, 0x51, 0x52, 0x27, 0x3e, 0x8c, 0xc5, 0x25, 0x3e, 0xad, 0x38, 0x24, 0x3e
.byte 0xb6, 0xab, 0x22, 0x3e, 0xa5, 0x1e, 0x21, 0x3e, 0x7b, 0x91, 0x1f, 0x3e, 0x38, 0x04, 0x1e, 0x3e
.byte 0xde, 0x76, 0x1c, 0x3e, 0x6b, 0xe9, 0x1a, 0x3e, 0xe0, 0x5b, 0x19, 0x3e, 0x3d, 0xce, 0x17, 0x3e
.byte 0x83, 0x40, 0x16, 0x3e, 0xb2, 0xb2, 0x14, 0x3e, 0xca, 0x24, 0x13, 0x3e, 0xcc, 0x96, 0x11, 0x3e
.byte 0xb7, 0x08, 0x10, 0x3e, 0x8b, 0x7a, 0x0e, 0x3e, 0x4a, 0xec, 0x0c, 0x3e, 0xf3, 0x5d, 0x0b, 0x3e
.byte 0x86, 0xcf, 0x09, 0x3e, 0x05, 0x41, 0x08, 0x3e, 0x6e, 0xb2, 0x06, 0x3e, 0xc2, 0x23, 0x05, 0x3e
.byte 0x02, 0x95, 0x03, 0x3e, 0x2e, 0x06, 0x02, 0x3e, 0x45, 0x77, 0x00, 0x3e, 0x92, 0xd0, 0xfd, 0x3d
.byte 0x73, 0xb2, 0xfa, 0x3d, 0x2c, 0x94, 0xf7, 0x3d, 0xc0, 0x75, 0xf4, 0x3d, 0x2e, 0x57, 0xf1, 0x3d
.byte 0x76, 0x38, 0xee, 0x3d, 0x9a, 0x19, 0xeb, 0x3d, 0x9a, 0xfa, 0xe7, 0x3d, 0x76, 0xdb, 0xe4, 0x3d
.byte 0x2e, 0xbc, 0xe1, 0x3d, 0xc4, 0x9c, 0xde, 0x3d, 0x37, 0x7d, 0xdb, 0x3d, 0x89, 0x5d, 0xd8, 0x3d
.byte 0xb9, 0x3d, 0xd5, 0x3d, 0xc8, 0x1d, 0xd2, 0x3d, 0xb7, 0xfd, 0xce, 0x3d, 0x86, 0xdd, 0xcb, 0x3d
.byte 0x36, 0xbd, 0xc8, 0x3d, 0xc6, 0x9c, 0xc5, 0x3d, 0x39, 0x7c, 0xc2, 0x3d, 0x8d, 0x5b, 0xbf, 0x3d
.byte 0xc3, 0x3a, 0xbc, 0x3d, 0xdd, 0x19, 0xb9, 0x3d, 0xda, 0xf8, 0xb5, 0x3d, 0xbb, 0xd7, 0xb2, 0x3d
.byte 0x80, 0xb6, 0xaf, 0x3d, 0x2b, 0x95, 0xac, 0x3d, 0xba, 0x73, 0xa9, 0x3d, 0x30, 0x52, 0xa6, 0x3d
.byte 0x8c, 0x30, 0xa3, 0x3d, 0xcf, 0x0e, 0xa0, 0x3d, 0xf9, 0xec, 0x9c, 0x3d, 0x0a, 0xcb, 0x99, 0x3d
.byte 0x05, 0xa9, 0x96, 0x3d, 0xe7, 0x86, 0x93, 0x3d, 0xb4, 0x64, 0x90, 0x3d, 0x6a, 0x42, 0x8d, 0x3d
.byte 0x0a, 0x20, 0x8a, 0x3d, 0x94, 0xfd, 0x86, 0x3d, 0x0a, 0xdb, 0x83, 0x3d, 0x6c, 0xb8, 0x80, 0x3d
.byte 0x74, 0x2b, 0x7b, 0x3d, 0xe9, 0xe5, 0x74, 0x3d, 0x38, 0xa0, 0x6e, 0x3d, 0x62, 0x5a, 0x68, 0x3d
.byte 0x69, 0x14, 0x62, 0x3d, 0x4c, 0xce, 0x5b, 0x3d, 0x0e, 0x88, 0x55, 0x3d, 0xaf, 0x41, 0x4f, 0x3d
.byte 0x30, 0xfb, 0x48, 0x3d, 0x91, 0xb4, 0x42, 0x3d, 0xd5, 0x6d, 0x3c, 0x3d, 0xfc, 0x26, 0x36, 0x3d
.byte 0x07, 0xe0, 0x2f, 0x3d, 0xf6, 0x98, 0x29, 0x3d, 0xcb, 0x51, 0x23, 0x3d, 0x88, 0x0a, 0x1d, 0x3d
.byte 0x2c, 0xc3, 0x16, 0x3d, 0xb8, 0x7b, 0x10, 0x3d, 0x2f, 0x34, 0x0a, 0x3d, 0x90, 0xec, 0x03, 0x3d
.byte 0xba, 0x49, 0xfb, 0x3c, 0x2c, 0xba, 0xee, 0x3c, 0x7a, 0x2a, 0xe2, 0x3c, 0xa6, 0x9a, 0xd5, 0x3c
.byte 0xb0, 0x0a, 0xc9, 0x3c, 0x9b, 0x7a, 0xbc, 0x3c, 0x69, 0xea, 0xaf, 0x3c, 0x1c, 0x5a, 0xa3, 0x3c
.byte 0xb6, 0xc9, 0x96, 0x3c, 0x38, 0x39, 0x8a, 0x3c, 0x4b, 0x51, 0x7b, 0x3c, 0xff, 0x2f, 0x62, 0x3c
.byte 0x90, 0x0e, 0x49, 0x3c, 0x02, 0xed, 0x2f, 0x3c, 0x58, 0xcb, 0x16, 0x3c, 0x30, 0x53, 0xfb, 0x3b
.byte 0x88, 0x0f, 0xc9, 0x3b, 0xc1, 0xcb, 0x96, 0x3b, 0xc6, 0x0f, 0x49, 0x3b, 0xd5, 0x0f, 0xc9, 0x3a
.globl _sym_00c46be0
_sym_00c46be0:
.byte 0x00, 0x30, 0x0d, 0x25, 0xd5, 0x0f, 0xc9, 0xba, 0xc6, 0x0f, 0x49, 0xbb, 0xc1, 0xcb, 0x96, 0xbb
.byte 0x88, 0x0f, 0xc9, 0xbb, 0x30, 0x53, 0xfb, 0xbb, 0x58, 0xcb, 0x16, 0xbc, 0x02, 0xed, 0x2f, 0xbc
.byte 0x90, 0x0e, 0x49, 0xbc, 0xff, 0x2f, 0x62, 0xbc, 0x4b, 0x51, 0x7b, 0xbc, 0x38, 0x39, 0x8a, 0xbc
.byte 0xb6, 0xc9, 0x96, 0xbc, 0x1c, 0x5a, 0xa3, 0xbc, 0x69, 0xea, 0xaf, 0xbc, 0x9b, 0x7a, 0xbc, 0xbc
.byte 0xb0, 0x0a, 0xc9, 0xbc, 0xa6, 0x9a, 0xd5, 0xbc, 0x7a, 0x2a, 0xe2, 0xbc, 0x2c, 0xba, 0xee, 0xbc
.byte 0xba, 0x49, 0xfb, 0xbc, 0x90, 0xec, 0x03, 0xbd, 0x2f, 0x34, 0x0a, 0xbd, 0xb8, 0x7b, 0x10, 0xbd
.byte 0x2c, 0xc3, 0x16, 0xbd, 0x88, 0x0a, 0x1d, 0xbd, 0xcb, 0x51, 0x23, 0xbd, 0xf6, 0x98, 0x29, 0xbd
.byte 0x07, 0xe0, 0x2f, 0xbd, 0xfc, 0x26, 0x36, 0xbd, 0xd5, 0x6d, 0x3c, 0xbd, 0x91, 0xb4, 0x42, 0xbd
.byte 0x30, 0xfb, 0x48, 0xbd, 0xaf, 0x41, 0x4f, 0xbd, 0x0e, 0x88, 0x55, 0xbd, 0x4c, 0xce, 0x5b, 0xbd
.byte 0x69, 0x14, 0x62, 0xbd, 0x62, 0x5a, 0x68, 0xbd, 0x38, 0xa0, 0x6e, 0xbd, 0xe9, 0xe5, 0x74, 0xbd
.byte 0x74, 0x2b, 0x7b, 0xbd, 0x6c, 0xb8, 0x80, 0xbd, 0x0a, 0xdb, 0x83, 0xbd, 0x94, 0xfd, 0x86, 0xbd
.byte 0x0a, 0x20, 0x8a, 0xbd, 0x6a, 0x42, 0x8d, 0xbd, 0xb4, 0x64, 0x90, 0xbd, 0xe7, 0x86, 0x93, 0xbd
.byte 0x05, 0xa9, 0x96, 0xbd, 0x0a, 0xcb, 0x99, 0xbd, 0xf9, 0xec, 0x9c, 0xbd, 0xcf, 0x0e, 0xa0, 0xbd
.byte 0x8c, 0x30, 0xa3, 0xbd, 0x30, 0x52, 0xa6, 0xbd, 0xba, 0x73, 0xa9, 0xbd, 0x2b, 0x95, 0xac, 0xbd
.byte 0x80, 0xb6, 0xaf, 0xbd, 0xbb, 0xd7, 0xb2, 0xbd, 0xda, 0xf8, 0xb5, 0xbd, 0xdd, 0x19, 0xb9, 0xbd
.byte 0xc3, 0x3a, 0xbc, 0xbd, 0x8d, 0x5b, 0xbf, 0xbd, 0x39, 0x7c, 0xc2, 0xbd, 0xc6, 0x9c, 0xc5, 0xbd
.byte 0x36, 0xbd, 0xc8, 0xbd, 0x86, 0xdd, 0xcb, 0xbd, 0xb7, 0xfd, 0xce, 0xbd, 0xc8, 0x1d, 0xd2, 0xbd
.byte 0xb9, 0x3d, 0xd5, 0xbd, 0x89, 0x5d, 0xd8, 0xbd, 0x37, 0x7d, 0xdb, 0xbd, 0xc4, 0x9c, 0xde, 0xbd
.byte 0x2e, 0xbc, 0xe1, 0xbd, 0x76, 0xdb, 0xe4, 0xbd, 0x9a, 0xfa, 0xe7, 0xbd, 0x9a, 0x19, 0xeb, 0xbd
.byte 0x76, 0x38, 0xee, 0xbd, 0x2e, 0x57, 0xf1, 0xbd, 0xc0, 0x75, 0xf4, 0xbd, 0x2c, 0x94, 0xf7, 0xbd
.byte 0x73, 0xb2, 0xfa, 0xbd, 0x92, 0xd0, 0xfd, 0xbd, 0x45, 0x77, 0x00, 0xbe, 0x2e, 0x06, 0x02, 0xbe
.byte 0x02, 0x95, 0x03, 0xbe, 0xc2, 0x23, 0x05, 0xbe, 0x6e, 0xb2, 0x06, 0xbe, 0x05, 0x41, 0x08, 0xbe
.byte 0x86, 0xcf, 0x09, 0xbe, 0xf3, 0x5d, 0x0b, 0xbe, 0x4a, 0xec, 0x0c, 0xbe, 0x8b, 0x7a, 0x0e, 0xbe
.byte 0xb7, 0x08, 0x10, 0xbe, 0xcc, 0x96, 0x11, 0xbe, 0xca, 0x24, 0x13, 0xbe, 0xb2, 0xb2, 0x14, 0xbe
.byte 0x83, 0x40, 0x16, 0xbe, 0x3d, 0xce, 0x17, 0xbe, 0xe0, 0x5b, 0x19, 0xbe, 0x6b, 0xe9, 0x1a, 0xbe
.byte 0xde, 0x76, 0x1c, 0xbe, 0x38, 0x04, 0x1e, 0xbe, 0x7b, 0x91, 0x1f, 0xbe, 0xa5, 0x1e, 0x21, 0xbe
.byte 0xb6, 0xab, 0x22, 0xbe, 0xad, 0x38, 0x24, 0xbe, 0x8c, 0xc5, 0x25, 0xbe, 0x51, 0x52, 0x27, 0xbe
.byte 0xfc, 0xde, 0x28, 0xbe, 0x8d, 0x6b, 0x2a, 0xbe, 0x04, 0xf8, 0x2b, 0xbe, 0x61, 0x84, 0x2d, 0xbe
.byte 0xa2, 0x10, 0x2f, 0xbe, 0xc9, 0x9c, 0x30, 0xbe, 0xd4, 0x28, 0x32, 0xbe, 0xc4, 0xb4, 0x33, 0xbe
.byte 0x98, 0x40, 0x35, 0xbe, 0x50, 0xcc, 0x36, 0xbe, 0xec, 0x57, 0x38, 0xbe, 0x6c, 0xe3, 0x39, 0xbe
.byte 0xcf, 0x6e, 0x3b, 0xbe, 0x15, 0xfa, 0x3c, 0xbe, 0x3e, 0x85, 0x3e, 0xbe, 0x49, 0x10, 0x40, 0xbe
.byte 0x37, 0x9b, 0x41, 0xbe, 0x07, 0x26, 0x43, 0xbe, 0xb9, 0xb0, 0x44, 0xbe, 0x4d, 0x3b, 0x46, 0xbe
.byte 0xc2, 0xc5, 0x47, 0xbe, 0x18, 0x50, 0x49, 0xbe, 0x4f, 0xda, 0x4a, 0xbe, 0x67, 0x64, 0x4c, 0xbe
.byte 0x60, 0xee, 0x4d, 0xbe, 0x38, 0x78, 0x4f, 0xbe, 0xf1, 0x01, 0x51, 0xbe, 0x89, 0x8b, 0x52, 0xbe
.byte 0x01, 0x15, 0x54, 0xbe, 0x58, 0x9e, 0x55, 0xbe, 0x8f, 0x27, 0x57, 0xbe, 0xa4, 0xb0, 0x58, 0xbe
.byte 0x97, 0x39, 0x5a, 0xbe, 0x6a, 0xc2, 0x5b, 0xbe, 0x1a, 0x4b, 0x5d, 0xbe, 0xa8, 0xd3, 0x5e, 0xbe
.byte 0x13, 0x5c, 0x60, 0xbe, 0x5c, 0xe4, 0x61, 0xbe, 0x83, 0x6c, 0x63, 0xbe, 0x86, 0xf4, 0x64, 0xbe
.byte 0x66, 0x7c, 0x66, 0xbe, 0x22, 0x04, 0x68, 0xbe, 0xba, 0x8b, 0x69, 0xbe, 0x2f, 0x13, 0x6b, 0xbe
.byte 0x7f, 0x9a, 0x6c, 0xbe, 0xab, 0x21, 0x6e, 0xbe, 0xb2, 0xa8, 0x6f, 0xbe, 0x94, 0x2f, 0x71, 0xbe
.byte 0x51, 0xb6, 0x72, 0xbe, 0xe8, 0x3c, 0x74, 0xbe, 0x5a, 0xc3, 0x75, 0xbe, 0xa6, 0x49, 0x77, 0xbe
.byte 0xcc, 0xcf, 0x78, 0xbe, 0xcb, 0x55, 0x7a, 0xbe, 0xa4, 0xdb, 0x7b, 0xbe, 0x56, 0x61, 0x7d, 0xbe
.byte 0xe1, 0xe6, 0x7e, 0xbe, 0x22, 0x36, 0x80, 0xbe, 0xc0, 0xf8, 0x80, 0xbe, 0x4a, 0xbb, 0x81, 0xbe
.byte 0xc0, 0x7d, 0x82, 0xbe, 0x22, 0x40, 0x83, 0xbe, 0x70, 0x02, 0x84, 0xbe, 0xaa, 0xc4, 0x84, 0xbe
.byte 0xce, 0x86, 0x85, 0xbe, 0xdf, 0x48, 0x86, 0xbe, 0xda, 0x0a, 0x87, 0xbe, 0xc1, 0xcc, 0x87, 0xbe
.byte 0x93, 0x8e, 0x88, 0xbe, 0x50, 0x50, 0x89, 0xbe, 0xf7, 0x11, 0x8a, 0xbe, 0x8a, 0xd3, 0x8a, 0xbe
.byte 0x07, 0x95, 0x8b, 0xbe, 0x6e, 0x56, 0x8c, 0xbe, 0xc0, 0x17, 0x8d, 0xbe, 0xfc, 0xd8, 0x8d, 0xbe
.byte 0x22, 0x9a, 0x8e, 0xbe, 0x32, 0x5b, 0x8f, 0xbe, 0x2c, 0x1c, 0x90, 0xbe, 0x10, 0xdd, 0x90, 0xbe
.byte 0xdd, 0x9d, 0x91, 0xbe, 0x94, 0x5e, 0x92, 0xbe, 0x35, 0x1f, 0x93, 0xbe, 0xbf, 0xdf, 0x93, 0xbe
.byte 0x31, 0xa0, 0x94, 0xbe, 0x8d, 0x60, 0x95, 0xbe, 0xd2, 0x20, 0x96, 0xbe, 0x00, 0xe1, 0x96, 0xbe
.byte 0x17, 0xa1, 0x97, 0xbe, 0x16, 0x61, 0x98, 0xbe, 0xfe, 0x20, 0x99, 0xbe, 0xce, 0xe0, 0x99, 0xbe
.byte 0x86, 0xa0, 0x9a, 0xbe, 0x27, 0x60, 0x9b, 0xbe, 0xaf, 0x1f, 0x9c, 0xbe, 0x20, 0xdf, 0x9c, 0xbe
.byte 0x78, 0x9e, 0x9d, 0xbe, 0xb8, 0x5d, 0x9e, 0xbe, 0xdf, 0x1c, 0x9f, 0xbe, 0xee, 0xdb, 0x9f, 0xbe
.byte 0xe5, 0x9a, 0xa0, 0xbe, 0xc2, 0x59, 0xa1, 0xbe, 0x87, 0x18, 0xa2, 0xbe, 0x33, 0xd7, 0xa2, 0xbe
.byte 0xc5, 0x95, 0xa3, 0xbe, 0x3f, 0x54, 0xa4, 0xbe, 0x9f, 0x12, 0xa5, 0xbe, 0xe5, 0xd0, 0xa5, 0xbe
.byte 0x12, 0x8f, 0xa6, 0xbe, 0x25, 0x4d, 0xa7, 0xbe, 0x1f, 0x0b, 0xa8, 0xbe, 0xfe, 0xc8, 0xa8, 0xbe
.byte 0xc4, 0x86, 0xa9, 0xbe, 0x6f, 0x44, 0xaa, 0xbe, 0x01, 0x02, 0xab, 0xbe, 0x77, 0xbf, 0xab, 0xbe
.byte 0xd4, 0x7c, 0xac, 0xbe, 0x15, 0x3a, 0xad, 0xbe, 0x3c, 0xf7, 0xad, 0xbe, 0x49, 0xb4, 0xae, 0xbe
.byte 0x3a, 0x71, 0xaf, 0xbe, 0x10, 0x2e, 0xb0, 0xbe, 0xcb, 0xea, 0xb0, 0xbe, 0x6b, 0xa7, 0xb1, 0xbe
.byte 0xef, 0x63, 0xb2, 0xbe, 0x58, 0x20, 0xb3, 0xbe, 0xa5, 0xdc, 0xb3, 0xbe, 0xd6, 0x98, 0xb4, 0xbe
.byte 0xec, 0x54, 0xb5, 0xbe, 0xe6, 0x10, 0xb6, 0xbe, 0xc3, 0xcc, 0xb6, 0xbe, 0x84, 0x88, 0xb7, 0xbe
.byte 0x2a, 0x44, 0xb8, 0xbe, 0xb2, 0xff, 0xb8, 0xbe, 0x1e, 0xbb, 0xb9, 0xbe, 0x6e, 0x76, 0xba, 0xbe
.byte 0xa0, 0x31, 0xbb, 0xbe, 0xb6, 0xec, 0xbb, 0xbe, 0xaf, 0xa7, 0xbc, 0xbe, 0x8b, 0x62, 0xbd, 0xbe
.byte 0x4a, 0x1d, 0xbe, 0xbe, 0xeb, 0xd7, 0xbe, 0xbe, 0x6f, 0x92, 0xbf, 0xbe, 0xd5, 0x4c, 0xc0, 0xbe
.byte 0x1e, 0x07, 0xc1, 0xbe, 0x48, 0xc1, 0xc1, 0xbe, 0x55, 0x7b, 0xc2, 0xbe, 0x44, 0x35, 0xc3, 0xbe
.byte 0x15, 0xef, 0xc3, 0xbe, 0xc8, 0xa8, 0xc4, 0xbe, 0x5c, 0x62, 0xc5, 0xbe, 0xd2, 0x1b, 0xc6, 0xbe
.byte 0x29, 0xd5, 0xc6, 0xbe, 0x62, 0x8e, 0xc7, 0xbe, 0x7c, 0x47, 0xc8, 0xbe, 0x77, 0x00, 0xc9, 0xbe
.byte 0x53, 0xb9, 0xc9, 0xbe, 0x10, 0x72, 0xca, 0xbe, 0xae, 0x2a, 0xcb, 0xbe, 0x2c, 0xe3, 0xcb, 0xbe
.byte 0x8b, 0x9b, 0xcc, 0xbe, 0xca, 0x53, 0xcd, 0xbe, 0xea, 0x0b, 0xce, 0xbe, 0xea, 0xc3, 0xce, 0xbe
.byte 0xca, 0x7b, 0xcf, 0xbe, 0x8a, 0x33, 0xd0, 0xbe, 0x2a, 0xeb, 0xd0, 0xbe, 0xaa, 0xa2, 0xd1, 0xbe
.byte 0x09, 0x5a, 0xd2, 0xbe, 0x48, 0x11, 0xd3, 0xbe, 0x67, 0xc8, 0xd3, 0xbe, 0x64, 0x7f, 0xd4, 0xbe
.byte 0x41, 0x36, 0xd5, 0xbe, 0xfd, 0xec, 0xd5, 0xbe, 0x99, 0xa3, 0xd6, 0xbe, 0x13, 0x5a, 0xd7, 0xbe
.byte 0x6b, 0x10, 0xd8, 0xbe, 0xa3, 0xc6, 0xd8, 0xbe, 0xb9, 0x7c, 0xd9, 0xbe, 0xad, 0x32, 0xda, 0xbe
.byte 0x80, 0xe8, 0xda, 0xbe, 0x31, 0x9e, 0xdb, 0xbe, 0xc1, 0x53, 0xdc, 0xbe, 0x2e, 0x09, 0xdd, 0xbe
.byte 0x79, 0xbe, 0xdd, 0xbe, 0xa2, 0x73, 0xde, 0xbe, 0xa9, 0x28, 0xdf, 0xbe, 0x8d, 0xdd, 0xdf, 0xbe
.byte 0x4f, 0x92, 0xe0, 0xbe, 0xee, 0x46, 0xe1, 0xbe, 0x6a, 0xfb, 0xe1, 0xbe, 0xc4, 0xaf, 0xe2, 0xbe
.byte 0xfa, 0x63, 0xe3, 0xbe, 0x0e, 0x18, 0xe4, 0xbe, 0xfe, 0xcb, 0xe4, 0xbe, 0xcb, 0x7f, 0xe5, 0xbe
.byte 0x75, 0x33, 0xe6, 0xbe, 0xfb, 0xe6, 0xe6, 0xbe, 0x5d, 0x9a, 0xe7, 0xbe, 0x9c, 0x4d, 0xe8, 0xbe
.byte 0xb7, 0x00, 0xe9, 0xbe, 0xae, 0xb3, 0xe9, 0xbe, 0x81, 0x66, 0xea, 0xbe, 0x30, 0x19, 0xeb, 0xbe
.byte 0xbb, 0xcb, 0xeb, 0xbe, 0x21, 0x7e, 0xec, 0xbe, 0x63, 0x30, 0xed, 0xbe, 0x80, 0xe2, 0xed, 0xbe
.byte 0x79, 0x94, 0xee, 0xbe, 0x4c, 0x46, 0xef, 0xbe, 0xfb, 0xf7, 0xef, 0xbe, 0x85, 0xa9, 0xf0, 0xbe
.byte 0xea, 0x5a, 0xf1, 0xbe, 0x29, 0x0c, 0xf2, 0xbe, 0x43, 0xbd, 0xf2, 0xbe, 0x38, 0x6e, 0xf3, 0xbe
.byte 0x07, 0x1f, 0xf4, 0xbe, 0xb1, 0xcf, 0xf4, 0xbe, 0x35, 0x80, 0xf5, 0xbe, 0x93, 0x30, 0xf6, 0xbe
.byte 0xcb, 0xe0, 0xf6, 0xbe, 0xdc, 0x90, 0xf7, 0xbe, 0xc8, 0x40, 0xf8, 0xbe, 0x8e, 0xf0, 0xf8, 0xbe
.byte 0x2d, 0xa0, 0xf9, 0xbe, 0xa5, 0x4f, 0xfa, 0xbe, 0xf7, 0xfe, 0xfa, 0xbe, 0x22, 0xae, 0xfb, 0xbe
.byte 0x27, 0x5d, 0xfc, 0xbe, 0x04, 0x0c, 0xfd, 0xbe, 0xbb, 0xba, 0xfd, 0xbe, 0x4a, 0x69, 0xfe, 0xbe
.byte 0xb2, 0x17, 0xff, 0xbe, 0xf3, 0xc5, 0xff, 0xbe, 0x06, 0x3a, 0x00, 0xbf, 0xff, 0x90, 0x00, 0xbf
.byte 0xe4, 0xe7, 0x00, 0xbf, 0xb5, 0x3e, 0x01, 0xbf, 0x73, 0x95, 0x01, 0xbf, 0x1c, 0xec, 0x01, 0xbf
.byte 0xb1, 0x42, 0x02, 0xbf, 0x32, 0x99, 0x02, 0xbf, 0x9f, 0xef, 0x02, 0xbf, 0xf8, 0x45, 0x03, 0xbf
.byte 0x3d, 0x9c, 0x03, 0xbf, 0x6d, 0xf2, 0x03, 0xbf, 0x89, 0x48, 0x04, 0xbf, 0x91, 0x9e, 0x04, 0xbf
.byte 0x84, 0xf4, 0x04, 0xbf, 0x62, 0x4a, 0x05, 0xbf, 0x2c, 0xa0, 0x05, 0xbf, 0xe2, 0xf5, 0x05, 0xbf
.byte 0x82, 0x4b, 0x06, 0xbf, 0x0e, 0xa1, 0x06, 0xbf, 0x86, 0xf6, 0x06, 0xbf, 0xe8, 0x4b, 0x07, 0xbf
.byte 0x36, 0xa1, 0x07, 0xbf, 0x6f, 0xf6, 0x07, 0xbf, 0x92, 0x4b, 0x08, 0xbf, 0xa1, 0xa0, 0x08, 0xbf
.byte 0x9b, 0xf5, 0x08, 0xbf, 0x7f, 0x4a, 0x09, 0xbf, 0x4e, 0x9f, 0x09, 0xbf, 0x09, 0xf4, 0x09, 0xbf
.byte 0xad, 0x48, 0x0a, 0xbf, 0x3d, 0x9d, 0x0a, 0xbf, 0xb7, 0xf1, 0x0a, 0xbf, 0x1c, 0x46, 0x0b, 0xbf
.byte 0x6b, 0x9a, 0x0b, 0xbf, 0xa5, 0xee, 0x0b, 0xbf, 0xc9, 0x42, 0x0c, 0xbf, 0xd7, 0x96, 0x0c, 0xbf
.byte 0xd0, 0xea, 0x0c, 0xbf, 0xb3, 0x3e, 0x0d, 0xbf, 0x81, 0x92, 0x0d, 0xbf, 0x38, 0xe6, 0x0d, 0xbf
.byte 0xda, 0x39, 0x0e, 0xbf, 0x65, 0x8d, 0x0e, 0xbf, 0xdb, 0xe0, 0x0e, 0xbf, 0x3b, 0x34, 0x0f, 0xbf
.byte 0x84, 0x87, 0x0f, 0xbf, 0xb8, 0xda, 0x0f, 0xbf, 0xd5, 0x2d, 0x10, 0xbf, 0xdc, 0x80, 0x10, 0xbf
.byte 0xcd, 0xd3, 0x10, 0xbf, 0xa7, 0x26, 0x11, 0xbf, 0x6b, 0x79, 0x11, 0xbf, 0x19, 0xcc, 0x11, 0xbf
.byte 0xb0, 0x1e, 0x12, 0xbf, 0x30, 0x71, 0x12, 0xbf, 0x9a, 0xc3, 0x12, 0xbf, 0xee, 0x15, 0x13, 0xbf
.byte 0x2a, 0x68, 0x13, 0xbf, 0x50, 0xba, 0x13, 0xbf, 0x5f, 0x0c, 0x14, 0xbf, 0x58, 0x5e, 0x14, 0xbf
.byte 0x39, 0xb0, 0x14, 0xbf, 0x04, 0x02, 0x15, 0xbf, 0xb7, 0x53, 0x15, 0xbf, 0x54, 0xa5, 0x15, 0xbf
.byte 0xd9, 0xf6, 0x15, 0xbf, 0x47, 0x48, 0x16, 0xbf, 0x9f, 0x99, 0x16, 0xbf, 0xde, 0xea, 0x16, 0xbf
.byte 0x07, 0x3c, 0x17, 0xbf, 0x18, 0x8d, 0x17, 0xbf, 0x12, 0xde, 0x17, 0xbf, 0xf5, 0x2e, 0x18, 0xbf
.byte 0xc0, 0x7f, 0x18, 0xbf, 0x73, 0xd0, 0x18, 0xbf, 0x0f, 0x21, 0x19, 0xbf, 0x94, 0x71, 0x19, 0xbf
.byte 0x00, 0xc2, 0x19, 0xbf, 0x55, 0x12, 0x1a, 0xbf, 0x93, 0x62, 0x1a, 0xbf, 0xb8, 0xb2, 0x1a, 0xbf
.byte 0xc6, 0x02, 0x1b, 0xbf, 0xbb, 0x52, 0x1b, 0xbf, 0x99, 0xa2, 0x1b, 0xbf, 0x5f, 0xf2, 0x1b, 0xbf
.byte 0x0c, 0x42, 0x1c, 0xbf, 0xa2, 0x91, 0x1c, 0xbf, 0x1f, 0xe1, 0x1c, 0xbf, 0x84, 0x30, 0x1d, 0xbf
.byte 0xd1, 0x7f, 0x1d, 0xbf, 0x06, 0xcf, 0x1d, 0xbf, 0x22, 0x1e, 0x1e, 0xbf, 0x26, 0x6d, 0x1e, 0xbf
.byte 0x12, 0xbc, 0x1e, 0xbf, 0xe5, 0x0a, 0x1f, 0xbf, 0x9f, 0x59, 0x1f, 0xbf, 0x41, 0xa8, 0x1f, 0xbf
.byte 0xcb, 0xf6, 0x1f, 0xbf, 0x3b, 0x45, 0x20, 0xbf, 0x93, 0x93, 0x20, 0xbf, 0xd2, 0xe1, 0x20, 0xbf
.byte 0xf9, 0x2f, 0x21, 0xbf, 0x06, 0x7e, 0x21, 0xbf, 0xfb, 0xcb, 0x21, 0xbf, 0xd7, 0x19, 0x22, 0xbf
.byte 0x99, 0x67, 0x22, 0xbf, 0x43, 0xb5, 0x22, 0xbf, 0xd3, 0x02, 0x23, 0xbf, 0x4b, 0x50, 0x23, 0xbf
.byte 0xa9, 0x9d, 0x23, 0xbf, 0xee, 0xea, 0x23, 0xbf, 0x1a, 0x38, 0x24, 0xbf
.globl _sym_00c472fc
_sym_00c472fc:
.byte 0x2c, 0x85, 0x24, 0xbf, 0x25, 0xd2, 0x24, 0xbf, 0x04, 0x1f, 0x25, 0xbf, 0xcb, 0x6b, 0x25, 0xbf
.byte 0x77, 0xb8, 0x25, 0xbf, 0x0a, 0x05, 0x26, 0xbf, 0x84, 0x51, 0x26, 0xbf, 0xe3, 0x9d, 0x26, 0xbf
.byte 0x2a, 0xea, 0x26, 0xbf, 0x56, 0x36, 0x27, 0xbf, 0x68, 0x82, 0x27, 0xbf, 0x61, 0xce, 0x27, 0xbf
.byte 0x40, 0x1a, 0x28, 0xbf, 0x05, 0x66, 0x28, 0xbf, 0xb0, 0xb1, 0x28, 0xbf, 0x41, 0xfd, 0x28, 0xbf
.byte 0xb8, 0x48, 0x29, 0xbf, 0x15, 0x94, 0x29, 0xbf, 0x57, 0xdf, 0x29, 0xbf, 0x80, 0x2a, 0x2a, 0xbf
.byte 0x8e, 0x75, 0x2a, 0xbf, 0x82, 0xc0, 0x2a, 0xbf, 0x5b, 0x0b, 0x2b, 0xbf, 0x1b, 0x56, 0x2b, 0xbf
.byte 0xbf, 0xa0, 0x2b, 0xbf, 0x4a, 0xeb, 0x2b, 0xbf, 0xb9, 0x35, 0x2c, 0xbf, 0x0f, 0x80, 0x2c, 0xbf
.byte 0x49, 0xca, 0x2c, 0xbf, 0x69, 0x14, 0x2d, 0xbf, 0x6f, 0x5e, 0x2d, 0xbf, 0x59, 0xa8, 0x2d, 0xbf
.byte 0x29, 0xf2, 0x2d, 0xbf, 0xde, 0x3b, 0x2e, 0xbf, 0x78, 0x85, 0x2e, 0xbf, 0xf7, 0xce, 0x2e, 0xbf
.byte 0x5b, 0x18, 0x2f, 0xbf, 0xa5, 0x61, 0x2f, 0xbf, 0xd3, 0xaa, 0x2f, 0xbf, 0xe6, 0xf3, 0x2f, 0xbf
.byte 0xde, 0x3c, 0x30, 0xbf, 0xbb, 0x85, 0x30, 0xbf, 0x7c, 0xce, 0x30, 0xbf, 0x22, 0x17, 0x31, 0xbf
.byte 0xad, 0x5f, 0x31, 0xbf, 0x1d, 0xa8, 0x31, 0xbf, 0x71, 0xf0, 0x31, 0xbf, 0xaa, 0x38, 0x32, 0xbf
.byte 0xc7, 0x80, 0x32, 0xbf, 0xc9, 0xc8, 0x32, 0xbf, 0xaf, 0x10, 0x33, 0xbf, 0x7a, 0x58, 0x33, 0xbf
.byte 0x29, 0xa0, 0x33, 0xbf, 0xbc, 0xe7, 0x33, 0xbf, 0x34, 0x2f, 0x34, 0xbf, 0x8f, 0x76, 0x34, 0xbf
.byte 0xcf, 0xbd, 0x34, 0xbf, 0xf3, 0x04, 0x35, 0xbf, 0xfb, 0x4b, 0x35, 0xbf, 0xe7, 0x92, 0x35, 0xbf
.byte 0xb8, 0xd9, 0x35, 0xbf, 0x6c, 0x20, 0x36, 0xbf, 0x04, 0x67, 0x36, 0xbf, 0x7f, 0xad, 0x36, 0xbf
.byte 0xdf, 0xf3, 0x36, 0xbf, 0x23, 0x3a, 0x37, 0xbf, 0x4a, 0x80, 0x37, 0xbf, 0x55, 0xc6, 0x37, 0xbf
.byte 0x43, 0x0c, 0x38, 0xbf, 0x16, 0x52, 0x38, 0xbf, 0xcb, 0x97, 0x38, 0xbf, 0x65, 0xdd, 0x38, 0xbf
.byte 0xe1, 0x22, 0x39, 0xbf, 0x42, 0x68, 0x39, 0xbf, 0x85, 0xad, 0x39, 0xbf, 0xac, 0xf2, 0x39, 0xbf
.byte 0xb7, 0x37, 0x3a, 0xbf, 0xa4, 0x7c, 0x3a, 0xbf, 0x75, 0xc1, 0x3a, 0xbf, 0x29, 0x06, 0x3b, 0xbf
.byte 0xc1, 0x4a, 0x3b, 0xbf, 0x3b, 0x8f, 0x3b, 0xbf, 0x98, 0xd3, 0x3b, 0xbf, 0xd9, 0x17, 0x3c, 0xbf
.byte 0xfc, 0x5b, 0x3c, 0xbf, 0x03, 0xa0, 0x3c, 0xbf, 0xec, 0xe3, 0x3c, 0xbf, 0xb8, 0x27, 0x3d, 0xbf
.byte 0x67, 0x6b, 0x3d, 0xbf, 0xf9, 0xae, 0x3d, 0xbf, 0x6e, 0xf2, 0x3d, 0xbf, 0xc5, 0x35, 0x3e, 0xbf
.byte 0xff, 0x78, 0x3e, 0xbf, 0x1b, 0xbc, 0x3e, 0xbf, 0x1b, 0xff, 0x3e, 0xbf, 0xfc, 0x41, 0x3f, 0xbf
.byte 0xc0, 0x84, 0x3f, 0xbf, 0x67, 0xc7, 0x3f, 0xbf, 0xf0, 0x09, 0x40, 0xbf, 0x5c, 0x4c, 0x40, 0xbf
.byte 0xa9, 0x8e, 0x40, 0xbf, 0xda, 0xd0, 0x40, 0xbf, 0xec, 0x12, 0x41, 0xbf, 0xe1, 0x54, 0x41, 0xbf
.byte 0xb7, 0x96, 0x41, 0xbf, 0x70, 0xd8, 0x41, 0xbf, 0x0b, 0x1a, 0x42, 0xbf, 0x89, 0x5b, 0x42, 0xbf
.byte 0xe8, 0x9c, 0x42, 0xbf, 0x29, 0xde, 0x42, 0xbf, 0x4c, 0x1f, 0x43, 0xbf, 0x51, 0x60, 0x43, 0xbf
.byte 0x38, 0xa1, 0x43, 0xbf
.globl _sym_00c474c0
_sym_00c474c0:
.byte 0x00, 0xe2, 0x43, 0xbf, 0xab, 0x22, 0x44, 0xbf, 0x37, 0x63, 0x44, 0xbf, 0xa5, 0xa3, 0x44, 0xbf
.byte 0xf5, 0xe3, 0x44, 0xbf, 0x26, 0x24, 0x45, 0xbf, 0x39, 0x64, 0x45, 0xbf, 0x2d, 0xa4, 0x45, 0xbf
.byte 0x03, 0xe4, 0x45, 0xbf, 0xbb, 0x23, 0x46, 0xbf, 0x54, 0x63, 0x46, 0xbf, 0xce, 0xa2, 0x46, 0xbf
.byte 0x2a, 0xe2, 0x46, 0xbf, 0x67, 0x21, 0x47, 0xbf, 0x85, 0x60, 0x47, 0xbf, 0x84, 0x9f, 0x47, 0xbf
.byte 0x65, 0xde, 0x47, 0xbf, 0x27, 0x1d, 0x48, 0xbf, 0xca, 0x5b, 0x48, 0xbf, 0x4e, 0x9a, 0x48, 0xbf
.byte 0xb3, 0xd8, 0x48, 0xbf, 0xfa, 0x16, 0x49, 0xbf, 0x21, 0x55, 0x49, 0xbf, 0x29, 0x93, 0x49, 0xbf
.byte 0x12, 0xd1, 0x49, 0xbf, 0xdc, 0x0e, 0x4a, 0xbf, 0x87, 0x4c, 0x4a, 0xbf, 0x13, 0x8a, 0x4a, 0xbf
.byte 0x7f, 0xc7, 0x4a, 0xbf, 0xcc, 0x04, 0x4b, 0xbf, 0xfa, 0x41, 0x4b, 0xbf, 0x09, 0x7f, 0x4b, 0xbf
.byte 0xf8, 0xbb, 0x4b, 0xbf, 0xc7, 0xf8, 0x4b, 0xbf, 0x78, 0x35, 0x4c, 0xbf, 0x08, 0x72, 0x4c, 0xbf
.byte 0x79, 0xae, 0x4c, 0xbf, 0xcb, 0xea, 0x4c, 0xbf, 0xfd, 0x26, 0x4d, 0xbf, 0x10, 0x63, 0x4d, 0xbf
.byte 0x02, 0x9f, 0x4d, 0xbf, 0xd5, 0xda, 0x4d, 0xbf, 0x89, 0x16, 0x4e, 0xbf, 0x1c, 0x52, 0x4e, 0xbf
.byte 0x90, 0x8d, 0x4e, 0xbf, 0xe4, 0xc8, 0x4e, 0xbf, 0x17, 0x04, 0x4f, 0xbf, 0x2b, 0x3f, 0x4f, 0xbf
.byte 0x1f, 0x7a, 0x4f, 0xbf, 0xf4, 0xb4, 0x4f, 0xbf, 0xa8, 0xef, 0x4f, 0xbf, 0x3b, 0x2a, 0x50, 0xbf
.byte 0xaf, 0x64, 0x50, 0xbf, 0x03, 0x9f, 0x50, 0xbf, 0x37, 0xd9, 0x50, 0xbf, 0x4a, 0x13, 0x51, 0xbf
.byte 0x3d, 0x4d, 0x51, 0xbf, 0x10, 0x87, 0x51, 0xbf, 0xc2, 0xc0, 0x51, 0xbf, 0x54, 0xfa, 0x51, 0xbf
.byte 0xc6, 0x33, 0x52, 0xbf, 0x18, 0x6d, 0x52, 0xbf, 0x49, 0xa6, 0x52, 0xbf, 0x59, 0xdf, 0x52, 0xbf
.byte 0x49, 0x18, 0x53, 0xbf, 0x18, 0x51, 0x53, 0xbf, 0xc7, 0x89, 0x53, 0xbf, 0x55, 0xc2, 0x53, 0xbf
.byte 0xc3, 0xfa, 0x53, 0xbf, 0x0f, 0x33, 0x54, 0xbf, 0x3b, 0x6b, 0x54, 0xbf, 0x47, 0xa3, 0x54, 0xbf
.byte 0x31, 0xdb, 0x54, 0xbf, 0xfb, 0x12, 0x55, 0xbf, 0xa4, 0x4a, 0x55, 0xbf, 0x2c, 0x82, 0x55, 0xbf
.byte 0x93, 0xb9, 0x55, 0xbf, 0xd9, 0xf0, 0x55, 0xbf, 0xfe, 0x27, 0x56, 0xbf, 0x02, 0x5f, 0x56, 0xbf
.byte 0xe5, 0x95, 0x56, 0xbf, 0xa7, 0xcc, 0x56, 0xbf, 0x48, 0x03, 0x57, 0xbf, 0xc7, 0x39, 0x57, 0xbf
.byte 0x26, 0x70, 0x57, 0xbf, 0x63, 0xa6, 0x57, 0xbf, 0x7f, 0xdc, 0x57, 0xbf, 0x79, 0x12, 0x58, 0xbf
.byte 0x53, 0x48, 0x58, 0xbf, 0x0b, 0x7e, 0x58, 0xbf, 0xa1, 0xb3, 0x58, 0xbf, 0x16, 0xe9, 0x58, 0xbf
.byte 0x6a, 0x1e, 0x59, 0xbf, 0x9c, 0x53, 0x59, 0xbf, 0xad, 0x88, 0x59, 0xbf, 0x9c, 0xbd, 0x59, 0xbf
.byte 0x6a, 0xf2, 0x59, 0xbf, 0x16, 0x27, 0x5a, 0xbf, 0xa0, 0x5b, 0x5a, 0xbf, 0x09, 0x90, 0x5a, 0xbf
.byte 0x50, 0xc4, 0x5a, 0xbf, 0x75, 0xf8, 0x5a, 0xbf, 0x79, 0x2c, 0x5b, 0xbf, 0x5a, 0x60, 0x5b, 0xbf
.byte 0x1a, 0x94, 0x5b, 0xbf, 0xb8, 0xc7, 0x5b, 0xbf, 0x34, 0xfb, 0x5b, 0xbf, 0x8e, 0x2e, 0x5c, 0xbf
.byte 0xc7, 0x61, 0x5c, 0xbf, 0xdd, 0x94, 0x5c, 0xbf, 0xd1, 0xc7, 0x5c, 0xbf, 0xa3, 0xfa, 0x5c, 0xbf
.byte 0x53, 0x2d, 0x5d, 0xbf, 0xe1, 0x5f, 0x5d, 0xbf, 0x4d, 0x92, 0x5d, 0xbf, 0x97, 0xc4, 0x5d, 0xbf
.byte 0xbe, 0xf6, 0x5d, 0xbf, 0xc3, 0x28, 0x5e, 0xbf, 0xa6, 0x5a, 0x5e, 0xbf, 0x67, 0x8c, 0x5e, 0xbf
.byte 0x05, 0xbe, 0x5e, 0xbf, 0x81, 0xef, 0x5e, 0xbf, 0xdb, 0x20, 0x5f, 0xbf, 0x12, 0x52, 0x5f, 0xbf
.byte 0x27, 0x83, 0x5f, 0xbf, 0x19, 0xb4, 0x5f, 0xbf, 0xe9, 0xe4, 0x5f, 0xbf, 0x96, 0x15, 0x60, 0xbf
.byte 0x21, 0x46, 0x60, 0xbf, 0x89, 0x76, 0x60, 0xbf, 0xcf, 0xa6, 0x60, 0xbf, 0xf2, 0xd6, 0x60, 0xbf
.byte 0xf2, 0x06, 0x61, 0xbf, 0xd0, 0x36, 0x61, 0xbf, 0x8a, 0x66, 0x61, 0xbf, 0x22, 0x96, 0x61, 0xbf
.byte 0x98, 0xc5, 0x61, 0xbf, 0xea, 0xf4, 0x61, 0xbf, 0x1a, 0x24, 0x62, 0xbf, 0x26, 0x53, 0x62, 0xbf
.byte 0x10, 0x82, 0x62, 0xbf, 0xd7, 0xb0, 0x62, 0xbf, 0x7b, 0xdf, 0x62, 0xbf, 0xfc, 0x0d, 0x63, 0xbf
.byte 0x5a, 0x3c, 0x63, 0xbf, 0x95, 0x6a, 0x63, 0xbf, 0xac, 0x98, 0x63, 0xbf, 0xa1, 0xc6, 0x63, 0xbf
.byte 0x73, 0xf4, 0x63, 0xbf, 0x21, 0x22, 0x64, 0xbf, 0xac, 0x4f, 0x64, 0xbf, 0x14, 0x7d, 0x64, 0xbf
.byte 0x59, 0xaa, 0x64, 0xbf, 0x7b, 0xd7, 0x64, 0xbf, 0x79, 0x04, 0x65, 0xbf, 0x54, 0x31, 0x65, 0xbf
.byte 0x0b, 0x5e, 0x65, 0xbf, 0xa0, 0x8a, 0x65, 0xbf, 0x10, 0xb7, 0x65, 0xbf, 0x5e, 0xe3, 0x65, 0xbf
.byte 0x88, 0x0f, 0x66, 0xbf, 0x8e, 0x3b, 0x66, 0xbf, 0x71, 0x67, 0x66, 0xbf, 0x30, 0x93, 0x66, 0xbf
.byte 0xcc, 0xbe, 0x66, 0xbf, 0x45, 0xea, 0x66, 0xbf, 0x99, 0x15, 0x67, 0xbf, 0xca, 0x40, 0x67, 0xbf
.byte 0xd8, 0x6b, 0x67, 0xbf, 0xc1, 0x96, 0x67, 0xbf, 0x87, 0xc1, 0x67, 0xbf, 0x29, 0xec, 0x67, 0xbf
.byte 0xa8, 0x16, 0x68, 0xbf, 0x03, 0x41, 0x68, 0xbf, 0x39, 0x6b, 0x68, 0xbf, 0x4c, 0x95, 0x68, 0xbf
.byte 0x3c, 0xbf, 0x68, 0xbf, 0x07, 0xe9, 0x68, 0xbf, 0xae, 0x12, 0x69, 0xbf, 0x32, 0x3c, 0x69, 0xbf
.byte 0x91, 0x65, 0x69, 0xbf, 0xcc, 0x8e, 0x69, 0xbf, 0xe4, 0xb7, 0x69, 0xbf, 0xd7, 0xe0, 0x69, 0xbf
.byte 0xa7, 0x09, 0x6a, 0xbf, 0x52, 0x32, 0x6a, 0xbf, 0xd9, 0x5a, 0x6a, 0xbf, 0x3c, 0x83, 0x6a, 0xbf
.byte 0x7b, 0xab, 0x6a, 0xbf, 0x95, 0xd3, 0x6a, 0xbf, 0x8c, 0xfb, 0x6a, 0xbf, 0x5e, 0x23, 0x6b, 0xbf
.byte 0x0c, 0x4b, 0x6b, 0xbf, 0x95, 0x72, 0x6b, 0xbf, 0xfb, 0x99, 0x6b, 0xbf, 0x3b, 0xc1, 0x6b, 0xbf
.byte 0x58, 0xe8, 0x6b, 0xbf, 0x50, 0x0f, 0x6c, 0xbf, 0x24, 0x36, 0x6c, 0xbf, 0xd4, 0x5c, 0x6c, 0xbf
.byte 0x5e, 0x83, 0x6c, 0xbf, 0xc5, 0xa9, 0x6c, 0xbf, 0x07, 0xd0, 0x6c, 0xbf, 0x24, 0xf6, 0x6c, 0xbf
.byte 0x1d, 0x1c, 0x6d, 0xbf, 0xf2, 0x41, 0x6d, 0xbf, 0xa1, 0x67, 0x6d, 0xbf, 0x2d, 0x8d, 0x6d, 0xbf
.byte 0x93, 0xb2, 0x6d, 0xbf, 0xd5, 0xd7, 0x6d, 0xbf, 0xf2, 0xfc, 0x6d, 0xbf, 0xeb, 0x21, 0x6e, 0xbf
.byte 0xbe, 0x46, 0x6e, 0xbf, 0x6d, 0x6b, 0x6e, 0xbf, 0xf8, 0x8f, 0x6e, 0xbf, 0x5d, 0xb4, 0x6e, 0xbf
.byte 0x9e, 0xd8, 0x6e, 0xbf, 0xba, 0xfc, 0x6e, 0xbf, 0xb0, 0x20, 0x6f, 0xbf, 0x83, 0x44, 0x6f, 0xbf
.byte 0x30, 0x68, 0x6f, 0xbf, 0xb8, 0x8b, 0x6f, 0xbf, 0x1b, 0xaf, 0x6f, 0xbf, 0x5a, 0xd2, 0x6f, 0xbf
.byte 0x73, 0xf5, 0x6f, 0xbf, 0x67, 0x18, 0x70, 0xbf, 0x37, 0x3b, 0x70, 0xbf, 0xe1, 0x5d, 0x70, 0xbf
.byte 0x66, 0x80, 0x70, 0xbf, 0xc6, 0xa2, 0x70, 0xbf, 0x01, 0xc5, 0x70, 0xbf, 0x17, 0xe7, 0x70, 0xbf
.byte 0x08, 0x09, 0x71, 0xbf, 0xd4, 0x2a, 0x71, 0xbf, 0x7a, 0x4c, 0x71, 0xbf, 0xfb, 0x6d, 0x71, 0xbf
.byte 0x57, 0x8f, 0x71, 0xbf, 0x8e, 0xb0, 0x71, 0xbf, 0x9f, 0xd1, 0x71, 0xbf, 0x8c, 0xf2, 0x71, 0xbf
.byte 0x52, 0x13, 0x72, 0xbf, 0xf4, 0x33, 0x72, 0xbf, 0x70, 0x54, 0x72, 0xbf, 0xc7, 0x74, 0x72, 0xbf
.byte 0xf8, 0x94, 0x72, 0xbf, 0x04, 0xb5, 0x72, 0xbf, 0xeb, 0xd4, 0x72, 0xbf, 0xac, 0xf4, 0x72, 0xbf
.byte 0x47, 0x14, 0x73, 0xbf, 0xbe, 0x33, 0x73, 0xbf, 0x0e, 0x53, 0x73, 0xbf, 0x39, 0x72, 0x73, 0xbf
.byte 0x3f, 0x91, 0x73, 0xbf, 0x1f, 0xb0, 0x73, 0xbf, 0xd9, 0xce, 0x73, 0xbf, 0x6e, 0xed, 0x73, 0xbf
.byte 0xdd, 0x0b, 0x74, 0xbf, 0x27, 0x2a, 0x74, 0xbf, 0x4b, 0x48, 0x74, 0xbf, 0x49, 0x66, 0x74, 0xbf
.byte 0x22, 0x84, 0x74, 0xbf, 0xd5, 0xa1, 0x74, 0xbf, 0x62, 0xbf, 0x74, 0xbf, 0xc9, 0xdc, 0x74, 0xbf
.byte 0x0b, 0xfa, 0x74, 0xbf, 0x27, 0x17, 0x75, 0xbf, 0x1d, 0x34, 0x75, 0xbf, 0xed, 0x50, 0x75, 0xbf
.byte 0x97, 0x6d, 0x75, 0xbf, 0x1c, 0x8a, 0x75, 0xbf, 0x7b, 0xa6, 0x75, 0xbf, 0xb3, 0xc2, 0x75, 0xbf
.byte 0xc6, 0xde, 0x75, 0xbf, 0xb3, 0xfa, 0x75, 0xbf, 0x7a, 0x16, 0x76, 0xbf, 0x1b, 0x32, 0x76, 0xbf
.byte 0x97, 0x4d, 0x76, 0xbf, 0xec, 0x68, 0x76, 0xbf, 0x1b, 0x84, 0x76, 0xbf, 0x24, 0x9f, 0x76, 0xbf
.byte 0x07, 0xba, 0x76, 0xbf, 0xc4, 0xd4, 0x76, 0xbf, 0x5b, 0xef, 0x76, 0xbf, 0xcc, 0x09, 0x77, 0xbf
.byte 0x17, 0x24, 0x77, 0xbf, 0x3c, 0x3e, 0x77, 0xbf, 0x3a, 0x58, 0x77, 0xbf, 0x13, 0x72, 0x77, 0xbf
.byte 0xc5, 0x8b, 0x77, 0xbf, 0x51, 0xa5, 0x77, 0xbf, 0xb7, 0xbe, 0x77, 0xbf, 0xf7, 0xd7, 0x77, 0xbf
.byte 0x10, 0xf1, 0x77, 0xbf, 0x04, 0x0a, 0x78, 0xbf, 0xd1, 0x22, 0x78, 0xbf, 0x77, 0x3b, 0x78, 0xbf
.byte 0xf8, 0x53, 0x78, 0xbf, 0x52, 0x6c, 0x78, 0xbf, 0x86, 0x84, 0x78, 0xbf, 0x93, 0x9c, 0x78, 0xbf
.byte 0x7b, 0xb4, 0x78, 0xbf, 0x3b, 0xcc, 0x78, 0xbf, 0xd6, 0xe3, 0x78, 0xbf, 0x4a, 0xfb, 0x78, 0xbf
.byte 0x98, 0x12, 0x79, 0xbf, 0xbf, 0x29, 0x79, 0xbf, 0xc0, 0x40, 0x79, 0xbf, 0x9a, 0x57, 0x79, 0xbf
.byte 0x4e, 0x6e, 0x79, 0xbf, 0xdc, 0x84, 0x79, 0xbf, 0x43, 0x9b, 0x79, 0xbf, 0x83, 0xb1, 0x79, 0xbf
.byte 0x9d, 0xc7, 0x79, 0xbf, 0x91, 0xdd, 0x79, 0xbf, 0x5e, 0xf3, 0x79, 0xbf, 0x04, 0x09, 0x7a, 0xbf
.byte 0x84, 0x1e, 0x7a, 0xbf, 0xdd, 0x33, 0x7a, 0xbf, 0x10, 0x49, 0x7a, 0xbf, 0x1c, 0x5e, 0x7a, 0xbf
.byte 0x02, 0x73, 0x7a, 0xbf, 0xc1, 0x87, 0x7a, 0xbf, 0x59, 0x9c, 0x7a, 0xbf, 0xcb, 0xb0, 0x7a, 0xbf
.byte 0x16, 0xc5, 0x7a, 0xbf, 0x3a, 0xd9, 0x7a, 0xbf, 0x37, 0xed, 0x7a, 0xbf, 0x0e, 0x01, 0x7b, 0xbf
.byte 0xbe, 0x14, 0x7b, 0xbf, 0x48, 0x28, 0x7b, 0xbf, 0xab, 0x3b, 0x7b, 0xbf, 0xe7, 0x4e, 0x7b, 0xbf
.byte 0xfc, 0x61, 0x7b, 0xbf, 0xea, 0x74, 0x7b, 0xbf, 0xb2, 0x87, 0x7b, 0xbf, 0x53, 0x9a, 0x7b, 0xbf
.byte 0xcd, 0xac, 0x7b, 0xbf, 0x20, 0xbf, 0x7b, 0xbf, 0x4d, 0xd1, 0x7b, 0xbf, 0x53, 0xe3, 0x7b, 0xbf
.byte 0x31, 0xf5, 0x7b, 0xbf, 0xe9, 0x06, 0x7c, 0xbf, 0x7a, 0x18, 0x7c, 0xbf, 0xe5, 0x29, 0x7c, 0xbf
.byte 0x28, 0x3b, 0x7c, 0xbf, 0x44, 0x4c, 0x7c, 0xbf, 0x3a, 0x5d, 0x7c, 0xbf, 0x08, 0x6e, 0x7c, 0xbf
.byte 0xb0, 0x7e, 0x7c, 0xbf, 0x31, 0x8f, 0x7c, 0xbf, 0x8a, 0x9f, 0x7c, 0xbf, 0xbd, 0xaf, 0x7c, 0xbf
.byte 0xc9, 0xbf, 0x7c, 0xbf, 0xae, 0xcf, 0x7c, 0xbf, 0x6c, 0xdf, 0x7c, 0xbf, 0x03, 0xef, 0x7c, 0xbf
.byte 0x73, 0xfe, 0x7c, 0xbf, 0xbc, 0x0d, 0x7d, 0xbf, 0xdd, 0x1c, 0x7d, 0xbf, 0xd8, 0x2b, 0x7d, 0xbf
.byte 0xac, 0x3a, 0x7d, 0xbf, 0x59, 0x49, 0x7d, 0xbf, 0xde, 0x57, 0x7d, 0xbf, 0x3d, 0x66, 0x7d, 0xbf
.byte 0x74, 0x74, 0x7d, 0xbf, 0x85, 0x82, 0x7d, 0xbf, 0x6e, 0x90, 0x7d, 0xbf, 0x30, 0x9e, 0x7d, 0xbf
.byte 0xcc, 0xab, 0x7d, 0xbf, 0x40, 0xb9, 0x7d, 0xbf, 0x8c, 0xc6, 0x7d, 0xbf, 0xb2, 0xd3, 0x7d, 0xbf
.byte 0xb1, 0xe0, 0x7d, 0xbf, 0x88, 0xed, 0x7d, 0xbf, 0x38, 0xfa, 0x7d, 0xbf, 0xc2, 0x06, 0x7e, 0xbf
.byte 0x24, 0x13, 0x7e, 0xbf, 0x5e, 0x1f, 0x7e, 0xbf, 0x72, 0x2b, 0x7e, 0xbf, 0x5e, 0x37, 0x7e, 0xbf
.byte 0x23, 0x43, 0x7e, 0xbf, 0xc1, 0x4e, 0x7e, 0xbf, 0x38, 0x5a, 0x7e, 0xbf, 0x88, 0x65, 0x7e, 0xbf
.byte 0xb0, 0x70, 0x7e, 0xbf, 0xb1, 0x7b, 0x7e, 0xbf, 0x8b, 0x86, 0x7e, 0xbf, 0x3d, 0x91, 0x7e, 0xbf
.byte 0xc9, 0x9b, 0x7e, 0xbf, 0x2d, 0xa6, 0x7e, 0xbf, 0x69, 0xb0, 0x7e, 0xbf, 0x7f, 0xba, 0x7e, 0xbf
.byte 0x6d, 0xc4, 0x7e, 0xbf, 0x34, 0xce, 0x7e, 0xbf, 0xd4, 0xd7, 0x7e, 0xbf, 0x4c, 0xe1, 0x7e, 0xbf
.byte 0x9d, 0xea, 0x7e, 0xbf, 0xc7, 0xf3, 0x7e, 0xbf, 0xc9, 0xfc, 0x7e, 0xbf, 0xa4, 0x05, 0x7f, 0xbf
.byte 0x58, 0x0e, 0x7f, 0xbf, 0xe4, 0x16, 0x7f, 0xbf, 0x49, 0x1f, 0x7f, 0xbf, 0x87, 0x27, 0x7f, 0xbf
.byte 0x9d, 0x2f, 0x7f, 0xbf, 0x8c, 0x37, 0x7f, 0xbf, 0x54, 0x3f, 0x7f, 0xbf, 0xf4, 0x46, 0x7f, 0xbf
.byte 0x6d, 0x4e, 0x7f, 0xbf, 0xbf, 0x55, 0x7f, 0xbf, 0xe9, 0x5c, 0x7f, 0xbf, 0xec, 0x63, 0x7f, 0xbf
.byte 0xc7, 0x6a, 0x7f, 0xbf, 0x7b, 0x71, 0x7f, 0xbf, 0x08, 0x78, 0x7f, 0xbf, 0x6d, 0x7e, 0x7f, 0xbf
.byte 0xab, 0x84, 0x7f, 0xbf, 0xc2, 0x8a, 0x7f, 0xbf, 0xb1, 0x90, 0x7f, 0xbf, 0x78, 0x96, 0x7f, 0xbf
.byte 0x18, 0x9c, 0x7f, 0xbf, 0x91, 0xa1, 0x7f, 0xbf, 0xe3, 0xa6, 0x7f, 0xbf, 0x0d, 0xac, 0x7f, 0xbf
.byte 0x0f, 0xb1, 0x7f, 0xbf, 0xea, 0xb5, 0x7f, 0xbf, 0x9e, 0xba, 0x7f, 0xbf, 0x2a, 0xbf, 0x7f, 0xbf
.byte 0x8f, 0xc3, 0x7f, 0xbf, 0xcc, 0xc7, 0x7f, 0xbf, 0xe2, 0xcb, 0x7f, 0xbf, 0xd1, 0xcf, 0x7f, 0xbf
.byte 0x97, 0xd3, 0x7f, 0xbf, 0x37, 0xd7, 0x7f, 0xbf, 0xaf, 0xda, 0x7f, 0xbf, 0x00, 0xde, 0x7f, 0xbf
.byte 0x29, 0xe1, 0x7f, 0xbf, 0x2b, 0xe4, 0x7f, 0xbf, 0x05, 0xe7, 0x7f, 0xbf, 0xb8, 0xe9, 0x7f, 0xbf
.byte 0x43, 0xec, 0x7f, 0xbf, 0xa7, 0xee, 0x7f, 0xbf, 0xe3, 0xf0, 0x7f, 0xbf, 0xf8, 0xf2, 0x7f, 0xbf
.byte 0xe6, 0xf4, 0x7f, 0xbf, 0xac, 0xf6, 0x7f, 0xbf, 0x4a, 0xf8, 0x7f, 0xbf, 0xc1, 0xf9, 0x7f, 0xbf
.byte 0x11, 0xfb, 0x7f, 0xbf, 0x39, 0xfc, 0x7f, 0xbf, 0x39, 0xfd, 0x7f, 0xbf, 0x13, 0xfe, 0x7f, 0xbf
.byte 0xc4, 0xfe, 0x7f, 0xbf, 0x4e, 0xff, 0x7f, 0xbf, 0xb1, 0xff, 0x7f, 0xbf, 0xec, 0xff, 0x7f, 0xbf
.globl _sym_00c47be0
_sym_00c47be0:
.byte 0x00, 0x00, 0x80, 0xbf, 0xec, 0xff, 0x7f, 0xbf, 0xb1, 0xff, 0x7f, 0xbf, 0x4e, 0xff, 0x7f, 0xbf
.byte 0xc4, 0xfe, 0x7f, 0xbf, 0x13, 0xfe, 0x7f, 0xbf, 0x39, 0xfd, 0x7f, 0xbf, 0x39, 0xfc, 0x7f, 0xbf
.byte 0x11, 0xfb, 0x7f, 0xbf, 0xc1, 0xf9, 0x7f, 0xbf, 0x4a, 0xf8, 0x7f, 0xbf, 0xac, 0xf6, 0x7f, 0xbf
.byte 0xe6, 0xf4, 0x7f, 0xbf, 0xf8, 0xf2, 0x7f, 0xbf, 0xe3, 0xf0, 0x7f, 0xbf, 0xa7, 0xee, 0x7f, 0xbf
.byte 0x43, 0xec, 0x7f, 0xbf, 0xb8, 0xe9, 0x7f, 0xbf, 0x05, 0xe7, 0x7f, 0xbf, 0x2b, 0xe4, 0x7f, 0xbf
.byte 0x29, 0xe1, 0x7f, 0xbf, 0x00, 0xde, 0x7f, 0xbf, 0xaf, 0xda, 0x7f, 0xbf, 0x37, 0xd7, 0x7f, 0xbf
.byte 0x97, 0xd3, 0x7f, 0xbf, 0xd1, 0xcf, 0x7f, 0xbf, 0xe2, 0xcb, 0x7f, 0xbf, 0xcc, 0xc7, 0x7f, 0xbf
.byte 0x8f, 0xc3, 0x7f, 0xbf, 0x2a, 0xbf, 0x7f, 0xbf, 0x9e, 0xba, 0x7f, 0xbf, 0xea, 0xb5, 0x7f, 0xbf
.byte 0x0f, 0xb1, 0x7f, 0xbf, 0x0d, 0xac, 0x7f, 0xbf, 0xe3, 0xa6, 0x7f, 0xbf, 0x91, 0xa1, 0x7f, 0xbf
.byte 0x18, 0x9c, 0x7f, 0xbf, 0x78, 0x96, 0x7f, 0xbf, 0xb1, 0x90, 0x7f, 0xbf, 0xc2, 0x8a, 0x7f, 0xbf
.byte 0xab, 0x84, 0x7f, 0xbf, 0x6d, 0x7e, 0x7f, 0xbf, 0x08, 0x78, 0x7f, 0xbf, 0x7b, 0x71, 0x7f, 0xbf
.byte 0xc7, 0x6a, 0x7f, 0xbf, 0xec, 0x63, 0x7f, 0xbf, 0xe9, 0x5c, 0x7f, 0xbf, 0xbf, 0x55, 0x7f, 0xbf
.byte 0x6d, 0x4e, 0x7f, 0xbf, 0xf4, 0x46, 0x7f, 0xbf, 0x54, 0x3f, 0x7f, 0xbf, 0x8c, 0x37, 0x7f, 0xbf
.byte 0x9d, 0x2f, 0x7f, 0xbf, 0x87, 0x27, 0x7f, 0xbf, 0x49, 0x1f, 0x7f, 0xbf, 0xe4, 0x16, 0x7f, 0xbf
.byte 0x58, 0x0e, 0x7f, 0xbf, 0xa4, 0x05, 0x7f, 0xbf, 0xc9, 0xfc, 0x7e, 0xbf, 0xc7, 0xf3, 0x7e, 0xbf
.byte 0x9d, 0xea, 0x7e, 0xbf, 0x4c, 0xe1, 0x7e, 0xbf, 0xd4, 0xd7, 0x7e, 0xbf, 0x34, 0xce, 0x7e, 0xbf
.byte 0x6d, 0xc4, 0x7e, 0xbf, 0x7f, 0xba, 0x7e, 0xbf, 0x69, 0xb0, 0x7e, 0xbf, 0x2d, 0xa6, 0x7e, 0xbf
.byte 0xc9, 0x9b, 0x7e, 0xbf, 0x3d, 0x91, 0x7e, 0xbf, 0x8b, 0x86, 0x7e, 0xbf, 0xb1, 0x7b, 0x7e, 0xbf
.byte 0xb0, 0x70, 0x7e, 0xbf, 0x88, 0x65, 0x7e, 0xbf, 0x38, 0x5a, 0x7e, 0xbf, 0xc1, 0x4e, 0x7e, 0xbf
.byte 0x23, 0x43, 0x7e, 0xbf, 0x5e, 0x37, 0x7e, 0xbf, 0x72, 0x2b, 0x7e, 0xbf, 0x5e, 0x1f, 0x7e, 0xbf
.byte 0x24, 0x13, 0x7e, 0xbf, 0xc2, 0x06, 0x7e, 0xbf, 0x38, 0xfa, 0x7d, 0xbf, 0x88, 0xed, 0x7d, 0xbf
.byte 0xb1, 0xe0, 0x7d, 0xbf, 0xb2, 0xd3, 0x7d, 0xbf, 0x8c, 0xc6, 0x7d, 0xbf, 0x40, 0xb9, 0x7d, 0xbf
.byte 0xcc, 0xab, 0x7d, 0xbf, 0x30, 0x9e, 0x7d, 0xbf, 0x6e, 0x90, 0x7d, 0xbf, 0x85, 0x82, 0x7d, 0xbf
.byte 0x74, 0x74, 0x7d, 0xbf, 0x3d, 0x66, 0x7d, 0xbf, 0xde, 0x57, 0x7d, 0xbf, 0x59, 0x49, 0x7d, 0xbf
.byte 0xac, 0x3a, 0x7d, 0xbf, 0xd8, 0x2b, 0x7d, 0xbf, 0xdd, 0x1c, 0x7d, 0xbf, 0xbc, 0x0d, 0x7d, 0xbf
.byte 0x73, 0xfe, 0x7c, 0xbf, 0x03, 0xef, 0x7c, 0xbf, 0x6c, 0xdf, 0x7c, 0xbf, 0xae, 0xcf, 0x7c, 0xbf
.byte 0xc9, 0xbf, 0x7c, 0xbf, 0xbd, 0xaf, 0x7c, 0xbf, 0x8a, 0x9f, 0x7c, 0xbf, 0x31, 0x8f, 0x7c, 0xbf
.byte 0xb0, 0x7e, 0x7c, 0xbf, 0x08, 0x6e, 0x7c, 0xbf, 0x3a, 0x5d, 0x7c, 0xbf, 0x44, 0x4c, 0x7c, 0xbf
.byte 0x28, 0x3b, 0x7c, 0xbf, 0xe5, 0x29, 0x7c, 0xbf, 0x7a, 0x18, 0x7c, 0xbf, 0xe9, 0x06, 0x7c, 0xbf
.byte 0x31, 0xf5, 0x7b, 0xbf, 0x53, 0xe3, 0x7b, 0xbf, 0x4d, 0xd1, 0x7b, 0xbf, 0x20, 0xbf, 0x7b, 0xbf
.byte 0xcd, 0xac, 0x7b, 0xbf, 0x53, 0x9a, 0x7b, 0xbf, 0xb2, 0x87, 0x7b, 0xbf, 0xea, 0x74, 0x7b, 0xbf
.byte 0xfc, 0x61, 0x7b, 0xbf, 0xe7, 0x4e, 0x7b, 0xbf, 0xab, 0x3b, 0x7b, 0xbf, 0x48, 0x28, 0x7b, 0xbf
.byte 0xbe, 0x14, 0x7b, 0xbf, 0x0e, 0x01, 0x7b, 0xbf, 0x37, 0xed, 0x7a, 0xbf, 0x3a, 0xd9, 0x7a, 0xbf
.byte 0x16, 0xc5, 0x7a, 0xbf, 0xcb, 0xb0, 0x7a, 0xbf, 0x59, 0x9c, 0x7a, 0xbf, 0xc1, 0x87, 0x7a, 0xbf
.byte 0x02, 0x73, 0x7a, 0xbf, 0x1c, 0x5e, 0x7a, 0xbf, 0x10, 0x49, 0x7a, 0xbf, 0xdd, 0x33, 0x7a, 0xbf
.byte 0x84, 0x1e, 0x7a, 0xbf, 0x04, 0x09, 0x7a, 0xbf, 0x5e, 0xf3, 0x79, 0xbf, 0x91, 0xdd, 0x79, 0xbf
.byte 0x9d, 0xc7, 0x79, 0xbf, 0x83, 0xb1, 0x79, 0xbf, 0x43, 0x9b, 0x79, 0xbf, 0xdc, 0x84, 0x79, 0xbf
.byte 0x4e, 0x6e, 0x79, 0xbf, 0x9a, 0x57, 0x79, 0xbf, 0xc0, 0x40, 0x79, 0xbf, 0xbf, 0x29, 0x79, 0xbf
.byte 0x98, 0x12, 0x79, 0xbf, 0x4a, 0xfb, 0x78, 0xbf, 0xd6, 0xe3, 0x78, 0xbf, 0x3b, 0xcc, 0x78, 0xbf
.byte 0x7b, 0xb4, 0x78, 0xbf, 0x93, 0x9c, 0x78, 0xbf, 0x86, 0x84, 0x78, 0xbf, 0x52, 0x6c, 0x78, 0xbf
.byte 0xf8, 0x53, 0x78, 0xbf, 0x77, 0x3b, 0x78, 0xbf, 0xd1, 0x22, 0x78, 0xbf, 0x04, 0x0a, 0x78, 0xbf
.byte 0x10, 0xf1, 0x77, 0xbf, 0xf7, 0xd7, 0x77, 0xbf, 0xb7, 0xbe, 0x77, 0xbf, 0x51, 0xa5, 0x77, 0xbf
.byte 0xc5, 0x8b, 0x77, 0xbf, 0x13, 0x72, 0x77, 0xbf, 0x3a, 0x58, 0x77, 0xbf, 0x3c, 0x3e, 0x77, 0xbf
.byte 0x17, 0x24, 0x77, 0xbf, 0xcc, 0x09, 0x77, 0xbf, 0x5b, 0xef, 0x76, 0xbf, 0xc4, 0xd4, 0x76, 0xbf
.byte 0x07, 0xba, 0x76, 0xbf, 0x24, 0x9f, 0x76, 0xbf, 0x1b, 0x84, 0x76, 0xbf, 0xec, 0x68, 0x76, 0xbf
.byte 0x97, 0x4d, 0x76, 0xbf, 0x1b, 0x32, 0x76, 0xbf, 0x7a, 0x16, 0x76, 0xbf, 0xb3, 0xfa, 0x75, 0xbf
.byte 0xc6, 0xde, 0x75, 0xbf, 0xb3, 0xc2, 0x75, 0xbf, 0x7b, 0xa6, 0x75, 0xbf, 0x1c, 0x8a, 0x75, 0xbf
.byte 0x97, 0x6d, 0x75, 0xbf, 0xed, 0x50, 0x75, 0xbf, 0x1d, 0x34, 0x75, 0xbf, 0x27, 0x17, 0x75, 0xbf
.byte 0x0b, 0xfa, 0x74, 0xbf, 0xc9, 0xdc, 0x74, 0xbf, 0x62, 0xbf, 0x74, 0xbf, 0xd5, 0xa1, 0x74, 0xbf
.byte 0x22, 0x84, 0x74, 0xbf, 0x49, 0x66, 0x74, 0xbf, 0x4b, 0x48, 0x74, 0xbf, 0x27, 0x2a, 0x74, 0xbf
.byte 0xdd, 0x0b, 0x74, 0xbf, 0x6e, 0xed, 0x73, 0xbf, 0xd9, 0xce, 0x73, 0xbf, 0x1f, 0xb0, 0x73, 0xbf
.byte 0x3f, 0x91, 0x73, 0xbf, 0x39, 0x72, 0x73, 0xbf, 0x0e, 0x53, 0x73, 0xbf, 0xbe, 0x33, 0x73, 0xbf
.byte 0x47, 0x14, 0x73, 0xbf, 0xac, 0xf4, 0x72, 0xbf, 0xeb, 0xd4, 0x72, 0xbf, 0x04, 0xb5, 0x72, 0xbf
.byte 0xf8, 0x94, 0x72, 0xbf, 0xc7, 0x74, 0x72, 0xbf, 0x70, 0x54, 0x72, 0xbf, 0xf4, 0x33, 0x72, 0xbf
.byte 0x52, 0x13, 0x72, 0xbf, 0x8c, 0xf2, 0x71, 0xbf, 0x9f, 0xd1, 0x71, 0xbf, 0x8e, 0xb0, 0x71, 0xbf
.byte 0x57, 0x8f, 0x71, 0xbf, 0xfb, 0x6d, 0x71, 0xbf, 0x7a, 0x4c, 0x71, 0xbf, 0xd4, 0x2a, 0x71, 0xbf
.byte 0x08, 0x09, 0x71, 0xbf, 0x17, 0xe7, 0x70, 0xbf, 0x01, 0xc5, 0x70, 0xbf, 0xc6, 0xa2, 0x70, 0xbf
.byte 0x66, 0x80, 0x70, 0xbf, 0xe1, 0x5d, 0x70, 0xbf, 0x37, 0x3b, 0x70, 0xbf, 0x67, 0x18, 0x70, 0xbf
.byte 0x73, 0xf5, 0x6f, 0xbf, 0x5a, 0xd2, 0x6f, 0xbf, 0x1b, 0xaf, 0x6f, 0xbf, 0xb8, 0x8b, 0x6f, 0xbf
.byte 0x30, 0x68, 0x6f, 0xbf, 0x83, 0x44, 0x6f, 0xbf, 0xb0, 0x20, 0x6f, 0xbf, 0xba, 0xfc, 0x6e, 0xbf
.byte 0x9e, 0xd8, 0x6e, 0xbf, 0x5d, 0xb4, 0x6e, 0xbf, 0xf8, 0x8f, 0x6e, 0xbf, 0x6d, 0x6b, 0x6e, 0xbf
.byte 0xbe, 0x46, 0x6e, 0xbf, 0xeb, 0x21, 0x6e, 0xbf, 0xf2, 0xfc, 0x6d, 0xbf, 0xd5, 0xd7, 0x6d, 0xbf
.byte 0x93, 0xb2, 0x6d, 0xbf, 0x2d, 0x8d, 0x6d, 0xbf, 0xa1, 0x67, 0x6d, 0xbf, 0xf2, 0x41, 0x6d, 0xbf
.byte 0x1d, 0x1c, 0x6d, 0xbf, 0x24, 0xf6, 0x6c, 0xbf, 0x07, 0xd0, 0x6c, 0xbf, 0xc5, 0xa9, 0x6c, 0xbf
.byte 0x5e, 0x83, 0x6c, 0xbf, 0xd4, 0x5c, 0x6c, 0xbf, 0x24, 0x36, 0x6c, 0xbf, 0x50, 0x0f, 0x6c, 0xbf
.byte 0x58, 0xe8, 0x6b, 0xbf, 0x3b, 0xc1, 0x6b, 0xbf, 0xfb, 0x99, 0x6b, 0xbf, 0x95, 0x72, 0x6b, 0xbf
.byte 0x0c, 0x4b, 0x6b, 0xbf, 0x5e, 0x23, 0x6b, 0xbf, 0x8c, 0xfb, 0x6a, 0xbf, 0x95, 0xd3, 0x6a, 0xbf
.byte 0x7b, 0xab, 0x6a, 0xbf, 0x3c, 0x83, 0x6a, 0xbf, 0xd9, 0x5a, 0x6a, 0xbf, 0x52, 0x32, 0x6a, 0xbf
.byte 0xa7, 0x09, 0x6a, 0xbf, 0xd7, 0xe0, 0x69, 0xbf, 0xe4, 0xb7, 0x69, 0xbf, 0xcc, 0x8e, 0x69, 0xbf
.byte 0x91, 0x65, 0x69, 0xbf, 0x32, 0x3c, 0x69, 0xbf, 0xae, 0x12, 0x69, 0xbf, 0x07, 0xe9, 0x68, 0xbf
.byte 0x3c, 0xbf, 0x68, 0xbf, 0x4c, 0x95, 0x68, 0xbf, 0x39, 0x6b, 0x68, 0xbf, 0x03, 0x41, 0x68, 0xbf
.byte 0xa8, 0x16, 0x68, 0xbf, 0x29, 0xec, 0x67, 0xbf, 0x87, 0xc1, 0x67, 0xbf, 0xc1, 0x96, 0x67, 0xbf
.byte 0xd8, 0x6b, 0x67, 0xbf, 0xca, 0x40, 0x67, 0xbf, 0x99, 0x15, 0x67, 0xbf, 0x45, 0xea, 0x66, 0xbf
.byte 0xcc, 0xbe, 0x66, 0xbf, 0x30, 0x93, 0x66, 0xbf, 0x71, 0x67, 0x66, 0xbf, 0x8e, 0x3b, 0x66, 0xbf
.byte 0x88, 0x0f, 0x66, 0xbf, 0x5e, 0xe3, 0x65, 0xbf, 0x10, 0xb7, 0x65, 0xbf, 0xa0, 0x8a, 0x65, 0xbf
.byte 0x0b, 0x5e, 0x65, 0xbf, 0x54, 0x31, 0x65, 0xbf, 0x79, 0x04, 0x65, 0xbf, 0x7b, 0xd7, 0x64, 0xbf
.byte 0x59, 0xaa, 0x64, 0xbf, 0x14, 0x7d, 0x64, 0xbf, 0xac, 0x4f, 0x64, 0xbf, 0x21, 0x22, 0x64, 0xbf
.byte 0x73, 0xf4, 0x63, 0xbf, 0xa1, 0xc6, 0x63, 0xbf, 0xac, 0x98, 0x63, 0xbf, 0x95, 0x6a, 0x63, 0xbf
.byte 0x5a, 0x3c, 0x63, 0xbf, 0xfc, 0x0d, 0x63, 0xbf, 0x7b, 0xdf, 0x62, 0xbf, 0xd7, 0xb0, 0x62, 0xbf
.byte 0x10, 0x82, 0x62, 0xbf, 0x26, 0x53, 0x62, 0xbf, 0x1a, 0x24, 0x62, 0xbf, 0xea, 0xf4, 0x61, 0xbf
.byte 0x98, 0xc5, 0x61, 0xbf, 0x22, 0x96, 0x61, 0xbf, 0x8a, 0x66, 0x61, 0xbf, 0xd0, 0x36, 0x61, 0xbf
.byte 0xf2, 0x06, 0x61, 0xbf, 0xf2, 0xd6, 0x60, 0xbf, 0xcf, 0xa6, 0x60, 0xbf, 0x89, 0x76, 0x60, 0xbf
.byte 0x21, 0x46, 0x60, 0xbf, 0x96, 0x15, 0x60, 0xbf, 0xe9, 0xe4, 0x5f, 0xbf, 0x19, 0xb4, 0x5f, 0xbf
.byte 0x27, 0x83, 0x5f, 0xbf, 0x12, 0x52, 0x5f, 0xbf, 0xdb, 0x20, 0x5f, 0xbf, 0x81, 0xef, 0x5e, 0xbf
.byte 0x05, 0xbe, 0x5e, 0xbf, 0x67, 0x8c, 0x5e, 0xbf, 0xa6, 0x5a, 0x5e, 0xbf, 0xc3, 0x28, 0x5e, 0xbf
.byte 0xbe, 0xf6, 0x5d, 0xbf, 0x97, 0xc4, 0x5d, 0xbf, 0x4d, 0x92, 0x5d, 0xbf, 0xe1, 0x5f, 0x5d, 0xbf
.byte 0x53, 0x2d, 0x5d, 0xbf, 0xa3, 0xfa, 0x5c, 0xbf, 0xd1, 0xc7, 0x5c, 0xbf, 0xdd, 0x94, 0x5c, 0xbf
.byte 0xc7, 0x61, 0x5c, 0xbf, 0x8e, 0x2e, 0x5c, 0xbf, 0x34, 0xfb, 0x5b, 0xbf, 0xb8, 0xc7, 0x5b, 0xbf
.byte 0x1a, 0x94, 0x5b, 0xbf, 0x5a, 0x60, 0x5b, 0xbf, 0x79, 0x2c, 0x5b, 0xbf, 0x75, 0xf8, 0x5a, 0xbf
.byte 0x50, 0xc4, 0x5a, 0xbf, 0x09, 0x90, 0x5a, 0xbf, 0xa0, 0x5b, 0x5a, 0xbf, 0x16, 0x27, 0x5a, 0xbf
.byte 0x6a, 0xf2, 0x59, 0xbf, 0x9c, 0xbd, 0x59, 0xbf, 0xad, 0x88, 0x59, 0xbf, 0x9c, 0x53, 0x59, 0xbf
.byte 0x6a, 0x1e, 0x59, 0xbf, 0x16, 0xe9, 0x58, 0xbf, 0xa1, 0xb3, 0x58, 0xbf, 0x0b, 0x7e, 0x58, 0xbf
.byte 0x53, 0x48, 0x58, 0xbf, 0x79, 0x12, 0x58, 0xbf, 0x7f, 0xdc, 0x57, 0xbf, 0x63, 0xa6, 0x57, 0xbf
.byte 0x26, 0x70, 0x57, 0xbf, 0xc7, 0x39, 0x57, 0xbf, 0x48, 0x03, 0x57, 0xbf, 0xa7, 0xcc, 0x56, 0xbf
.byte 0xe5, 0x95, 0x56, 0xbf, 0x02, 0x5f, 0x56, 0xbf, 0xfe, 0x27, 0x56, 0xbf, 0xd9, 0xf0, 0x55, 0xbf
.byte 0x93, 0xb9, 0x55, 0xbf, 0x2c, 0x82, 0x55, 0xbf, 0xa4, 0x4a, 0x55, 0xbf, 0xfb, 0x12, 0x55, 0xbf
.byte 0x31, 0xdb, 0x54, 0xbf, 0x47, 0xa3, 0x54, 0xbf, 0x3b, 0x6b, 0x54, 0xbf, 0x0f, 0x33, 0x54, 0xbf
.byte 0xc3, 0xfa, 0x53, 0xbf, 0x55, 0xc2, 0x53, 0xbf, 0xc7, 0x89, 0x53, 0xbf, 0x18, 0x51, 0x53, 0xbf
.byte 0x49, 0x18, 0x53, 0xbf, 0x59, 0xdf, 0x52, 0xbf, 0x49, 0xa6, 0x52, 0xbf, 0x18, 0x6d, 0x52, 0xbf
.byte 0xc6, 0x33, 0x52, 0xbf, 0x54, 0xfa, 0x51, 0xbf, 0xc2, 0xc0, 0x51, 0xbf, 0x10, 0x87, 0x51, 0xbf
.byte 0x3d, 0x4d, 0x51, 0xbf, 0x4a, 0x13, 0x51, 0xbf, 0x37, 0xd9, 0x50, 0xbf, 0x03, 0x9f, 0x50, 0xbf
.byte 0xaf, 0x64, 0x50, 0xbf, 0x3b, 0x2a, 0x50, 0xbf, 0xa8, 0xef, 0x4f, 0xbf, 0xf4, 0xb4, 0x4f, 0xbf
.byte 0x1f, 0x7a, 0x4f, 0xbf, 0x2b, 0x3f, 0x4f, 0xbf, 0x17, 0x04, 0x4f, 0xbf, 0xe4, 0xc8, 0x4e, 0xbf
.byte 0x90, 0x8d, 0x4e, 0xbf, 0x1c, 0x52, 0x4e, 0xbf, 0x89, 0x16, 0x4e, 0xbf, 0xd5, 0xda, 0x4d, 0xbf
.byte 0x02, 0x9f, 0x4d, 0xbf, 0x10, 0x63, 0x4d, 0xbf, 0xfd, 0x26, 0x4d, 0xbf, 0xcb, 0xea, 0x4c, 0xbf
.byte 0x79, 0xae, 0x4c, 0xbf, 0x08, 0x72, 0x4c, 0xbf, 0x78, 0x35, 0x4c, 0xbf, 0xc7, 0xf8, 0x4b, 0xbf
.byte 0xf8, 0xbb, 0x4b, 0xbf, 0x09, 0x7f, 0x4b, 0xbf, 0xfa, 0x41, 0x4b, 0xbf, 0xcc, 0x04, 0x4b, 0xbf
.byte 0x7f, 0xc7, 0x4a, 0xbf, 0x13, 0x8a, 0x4a, 0xbf, 0x87, 0x4c, 0x4a, 0xbf, 0xdc, 0x0e, 0x4a, 0xbf
.byte 0x12, 0xd1, 0x49, 0xbf, 0x29, 0x93, 0x49, 0xbf, 0x21, 0x55, 0x49, 0xbf, 0xfa, 0x16, 0x49, 0xbf
.byte 0xb3, 0xd8, 0x48, 0xbf, 0x4e, 0x9a, 0x48, 0xbf, 0xca, 0x5b, 0x48, 0xbf, 0x27, 0x1d, 0x48, 0xbf
.byte 0x65, 0xde, 0x47, 0xbf, 0x84, 0x9f, 0x47, 0xbf, 0x85, 0x60, 0x47, 0xbf, 0x67, 0x21, 0x47, 0xbf
.byte 0x2a, 0xe2, 0x46, 0xbf, 0xce, 0xa2, 0x46, 0xbf, 0x54, 0x63, 0x46, 0xbf, 0xbb, 0x23, 0x46, 0xbf
.byte 0x03, 0xe4, 0x45, 0xbf, 0x2d, 0xa4, 0x45, 0xbf, 0x39, 0x64, 0x45, 0xbf, 0x26, 0x24, 0x45, 0xbf
.byte 0xf5, 0xe3, 0x44, 0xbf, 0xa5, 0xa3, 0x44, 0xbf, 0x37, 0x63, 0x44, 0xbf
.globl _sym_00c482fc
_sym_00c482fc:
.byte 0xab, 0x22, 0x44, 0xbf, 0x00, 0xe2, 0x43, 0xbf, 0x38, 0xa1, 0x43, 0xbf, 0x51, 0x60, 0x43, 0xbf
.byte 0x4c, 0x1f, 0x43, 0xbf, 0x29, 0xde, 0x42, 0xbf, 0xe8, 0x9c, 0x42, 0xbf, 0x89, 0x5b, 0x42, 0xbf
.byte 0x0b, 0x1a, 0x42, 0xbf, 0x70, 0xd8, 0x41, 0xbf, 0xb7, 0x96, 0x41, 0xbf, 0xe1, 0x54, 0x41, 0xbf
.byte 0xec, 0x12, 0x41, 0xbf, 0xda, 0xd0, 0x40, 0xbf, 0xa9, 0x8e, 0x40, 0xbf, 0x5c, 0x4c, 0x40, 0xbf
.byte 0xf0, 0x09, 0x40, 0xbf, 0x67, 0xc7, 0x3f, 0xbf, 0xc0, 0x84, 0x3f, 0xbf, 0xfc, 0x41, 0x3f, 0xbf
.byte 0x1b, 0xff, 0x3e, 0xbf, 0x1b, 0xbc, 0x3e, 0xbf, 0xff, 0x78, 0x3e, 0xbf, 0xc5, 0x35, 0x3e, 0xbf
.byte 0x6e, 0xf2, 0x3d, 0xbf, 0xf9, 0xae, 0x3d, 0xbf, 0x67, 0x6b, 0x3d, 0xbf, 0xb8, 0x27, 0x3d, 0xbf
.byte 0xec, 0xe3, 0x3c, 0xbf, 0x03, 0xa0, 0x3c, 0xbf, 0xfc, 0x5b, 0x3c, 0xbf, 0xd9, 0x17, 0x3c, 0xbf
.byte 0x98, 0xd3, 0x3b, 0xbf, 0x3b, 0x8f, 0x3b, 0xbf, 0xc1, 0x4a, 0x3b, 0xbf, 0x29, 0x06, 0x3b, 0xbf
.byte 0x75, 0xc1, 0x3a, 0xbf, 0xa4, 0x7c, 0x3a, 0xbf, 0xb7, 0x37, 0x3a, 0xbf, 0xac, 0xf2, 0x39, 0xbf
.byte 0x85, 0xad, 0x39, 0xbf, 0x42, 0x68, 0x39, 0xbf, 0xe1, 0x22, 0x39, 0xbf, 0x65, 0xdd, 0x38, 0xbf
.byte 0xcb, 0x97, 0x38, 0xbf, 0x16, 0x52, 0x38, 0xbf, 0x43, 0x0c, 0x38, 0xbf, 0x55, 0xc6, 0x37, 0xbf
.byte 0x4a, 0x80, 0x37, 0xbf, 0x23, 0x3a, 0x37, 0xbf, 0xdf, 0xf3, 0x36, 0xbf, 0x7f, 0xad, 0x36, 0xbf
.byte 0x04, 0x67, 0x36, 0xbf, 0x6c, 0x20, 0x36, 0xbf, 0xb8, 0xd9, 0x35, 0xbf, 0xe7, 0x92, 0x35, 0xbf
.byte 0xfb, 0x4b, 0x35, 0xbf, 0xf3, 0x04, 0x35, 0xbf, 0xcf, 0xbd, 0x34, 0xbf, 0x8f, 0x76, 0x34, 0xbf
.byte 0x34, 0x2f, 0x34, 0xbf, 0xbc, 0xe7, 0x33, 0xbf, 0x29, 0xa0, 0x33, 0xbf, 0x7a, 0x58, 0x33, 0xbf
.byte 0xaf, 0x10, 0x33, 0xbf, 0xc9, 0xc8, 0x32, 0xbf, 0xc7, 0x80, 0x32, 0xbf, 0xaa, 0x38, 0x32, 0xbf
.byte 0x71, 0xf0, 0x31, 0xbf, 0x1d, 0xa8, 0x31, 0xbf, 0xad, 0x5f, 0x31, 0xbf, 0x22, 0x17, 0x31, 0xbf
.byte 0x7c, 0xce, 0x30, 0xbf, 0xbb, 0x85, 0x30, 0xbf, 0xde, 0x3c, 0x30, 0xbf, 0xe6, 0xf3, 0x2f, 0xbf
.byte 0xd3, 0xaa, 0x2f, 0xbf, 0xa5, 0x61, 0x2f, 0xbf, 0x5b, 0x18, 0x2f, 0xbf, 0xf7, 0xce, 0x2e, 0xbf
.byte 0x78, 0x85, 0x2e, 0xbf, 0xde, 0x3b, 0x2e, 0xbf, 0x29, 0xf2, 0x2d, 0xbf, 0x59, 0xa8, 0x2d, 0xbf
.byte 0x6f, 0x5e, 0x2d, 0xbf, 0x69, 0x14, 0x2d, 0xbf, 0x49, 0xca, 0x2c, 0xbf, 0x0f, 0x80, 0x2c, 0xbf
.byte 0xb9, 0x35, 0x2c, 0xbf, 0x4a, 0xeb, 0x2b, 0xbf, 0xbf, 0xa0, 0x2b, 0xbf, 0x1b, 0x56, 0x2b, 0xbf
.byte 0x5b, 0x0b, 0x2b, 0xbf, 0x82, 0xc0, 0x2a, 0xbf, 0x8e, 0x75, 0x2a, 0xbf, 0x80, 0x2a, 0x2a, 0xbf
.byte 0x57, 0xdf, 0x29, 0xbf, 0x15, 0x94, 0x29, 0xbf, 0xb8, 0x48, 0x29, 0xbf, 0x41, 0xfd, 0x28, 0xbf
.byte 0xb0, 0xb1, 0x28, 0xbf, 0x05, 0x66, 0x28, 0xbf, 0x40, 0x1a, 0x28, 0xbf, 0x61, 0xce, 0x27, 0xbf
.byte 0x68, 0x82, 0x27, 0xbf, 0x56, 0x36, 0x27, 0xbf, 0x2a, 0xea, 0x26, 0xbf, 0xe3, 0x9d, 0x26, 0xbf
.byte 0x84, 0x51, 0x26, 0xbf, 0x0a, 0x05, 0x26, 0xbf, 0x77, 0xb8, 0x25, 0xbf, 0xcb, 0x6b, 0x25, 0xbf
.byte 0x04, 0x1f, 0x25, 0xbf, 0x25, 0xd2, 0x24, 0xbf, 0x2c, 0x85, 0x24, 0xbf, 0x1a, 0x38, 0x24, 0xbf
.byte 0xee, 0xea, 0x23, 0xbf, 0xa9, 0x9d, 0x23, 0xbf, 0x4b, 0x50, 0x23, 0xbf, 0xd3, 0x02, 0x23, 0xbf
.byte 0x43, 0xb5, 0x22, 0xbf, 0x99, 0x67, 0x22, 0xbf, 0xd7, 0x19, 0x22, 0xbf, 0xfb, 0xcb, 0x21, 0xbf
.byte 0x06, 0x7e, 0x21, 0xbf, 0xf9, 0x2f, 0x21, 0xbf, 0xd2, 0xe1, 0x20, 0xbf, 0x93, 0x93, 0x20, 0xbf
.byte 0x3b, 0x45, 0x20, 0xbf, 0xcb, 0xf6, 0x1f, 0xbf, 0x41, 0xa8, 0x1f, 0xbf, 0x9f, 0x59, 0x1f, 0xbf
.byte 0xe5, 0x0a, 0x1f, 0xbf, 0x12, 0xbc, 0x1e, 0xbf, 0x26, 0x6d, 0x1e, 0xbf, 0x22, 0x1e, 0x1e, 0xbf
.byte 0x06, 0xcf, 0x1d, 0xbf, 0xd1, 0x7f, 0x1d, 0xbf, 0x84, 0x30, 0x1d, 0xbf, 0x1f, 0xe1, 0x1c, 0xbf
.byte 0xa2, 0x91, 0x1c, 0xbf, 0x0c, 0x42, 0x1c, 0xbf, 0x5f, 0xf2, 0x1b, 0xbf, 0x99, 0xa2, 0x1b, 0xbf
.byte 0xbb, 0x52, 0x1b, 0xbf, 0xc6, 0x02, 0x1b, 0xbf, 0xb8, 0xb2, 0x1a, 0xbf, 0x93, 0x62, 0x1a, 0xbf
.byte 0x55, 0x12, 0x1a, 0xbf, 0x00, 0xc2, 0x19, 0xbf, 0x94, 0x71, 0x19, 0xbf, 0x0f, 0x21, 0x19, 0xbf
.byte 0x73, 0xd0, 0x18, 0xbf, 0xc0, 0x7f, 0x18, 0xbf, 0xf5, 0x2e, 0x18, 0xbf, 0x12, 0xde, 0x17, 0xbf
.byte 0x18, 0x8d, 0x17, 0xbf, 0x07, 0x3c, 0x17, 0xbf, 0xde, 0xea, 0x16, 0xbf, 0x9f, 0x99, 0x16, 0xbf
.byte 0x47, 0x48, 0x16, 0xbf, 0xd9, 0xf6, 0x15, 0xbf, 0x54, 0xa5, 0x15, 0xbf, 0xb7, 0x53, 0x15, 0xbf
.byte 0x04, 0x02, 0x15, 0xbf, 0x39, 0xb0, 0x14, 0xbf, 0x58, 0x5e, 0x14, 0xbf, 0x5f, 0x0c, 0x14, 0xbf
.byte 0x50, 0xba, 0x13, 0xbf, 0x2a, 0x68, 0x13, 0xbf, 0xee, 0x15, 0x13, 0xbf, 0x9a, 0xc3, 0x12, 0xbf
.byte 0x30, 0x71, 0x12, 0xbf, 0xb0, 0x1e, 0x12, 0xbf, 0x19, 0xcc, 0x11, 0xbf, 0x6b, 0x79, 0x11, 0xbf
.byte 0xa7, 0x26, 0x11, 0xbf, 0xcd, 0xd3, 0x10, 0xbf, 0xdc, 0x80, 0x10, 0xbf, 0xd5, 0x2d, 0x10, 0xbf
.byte 0xb8, 0xda, 0x0f, 0xbf, 0x84, 0x87, 0x0f, 0xbf, 0x3b, 0x34, 0x0f, 0xbf, 0xdb, 0xe0, 0x0e, 0xbf
.byte 0x65, 0x8d, 0x0e, 0xbf, 0xda, 0x39, 0x0e, 0xbf, 0x38, 0xe6, 0x0d, 0xbf, 0x81, 0x92, 0x0d, 0xbf
.byte 0xb3, 0x3e, 0x0d, 0xbf, 0xd0, 0xea, 0x0c, 0xbf, 0xd7, 0x96, 0x0c, 0xbf, 0xc9, 0x42, 0x0c, 0xbf
.byte 0xa5, 0xee, 0x0b, 0xbf, 0x6b, 0x9a, 0x0b, 0xbf, 0x1c, 0x46, 0x0b, 0xbf, 0xb7, 0xf1, 0x0a, 0xbf
.byte 0x3d, 0x9d, 0x0a, 0xbf, 0xad, 0x48, 0x0a, 0xbf, 0x09, 0xf4, 0x09, 0xbf, 0x4e, 0x9f, 0x09, 0xbf
.byte 0x7f, 0x4a, 0x09, 0xbf, 0x9b, 0xf5, 0x08, 0xbf, 0xa1, 0xa0, 0x08, 0xbf, 0x92, 0x4b, 0x08, 0xbf
.byte 0x6f, 0xf6, 0x07, 0xbf, 0x36, 0xa1, 0x07, 0xbf, 0xe8, 0x4b, 0x07, 0xbf, 0x86, 0xf6, 0x06, 0xbf
.byte 0x0e, 0xa1, 0x06, 0xbf, 0x82, 0x4b, 0x06, 0xbf, 0xe2, 0xf5, 0x05, 0xbf, 0x2c, 0xa0, 0x05, 0xbf
.byte 0x62, 0x4a, 0x05, 0xbf, 0x84, 0xf4, 0x04, 0xbf, 0x91, 0x9e, 0x04, 0xbf, 0x89, 0x48, 0x04, 0xbf
.byte 0x6d, 0xf2, 0x03, 0xbf, 0x3d, 0x9c, 0x03, 0xbf, 0xf8, 0x45, 0x03, 0xbf, 0x9f, 0xef, 0x02, 0xbf
.byte 0x32, 0x99, 0x02, 0xbf, 0xb1, 0x42, 0x02, 0xbf, 0x1c, 0xec, 0x01, 0xbf, 0x73, 0x95, 0x01, 0xbf
.byte 0xb5, 0x3e, 0x01, 0xbf, 0xe4, 0xe7, 0x00, 0xbf, 0xff, 0x90, 0x00, 0xbf, 0x06, 0x3a, 0x00, 0xbf
.byte 0xf3, 0xc5, 0xff, 0xbe, 0xb2, 0x17, 0xff, 0xbe, 0x4a, 0x69, 0xfe, 0xbe, 0xbb, 0xba, 0xfd, 0xbe
.byte 0x04, 0x0c, 0xfd, 0xbe, 0x27, 0x5d, 0xfc, 0xbe, 0x22, 0xae, 0xfb, 0xbe, 0xf7, 0xfe, 0xfa, 0xbe
.byte 0xa5, 0x4f, 0xfa, 0xbe, 0x2d, 0xa0, 0xf9, 0xbe, 0x8e, 0xf0, 0xf8, 0xbe, 0xc8, 0x40, 0xf8, 0xbe
.byte 0xdc, 0x90, 0xf7, 0xbe, 0xcb, 0xe0, 0xf6, 0xbe, 0x93, 0x30, 0xf6, 0xbe, 0x35, 0x80, 0xf5, 0xbe
.byte 0xb1, 0xcf, 0xf4, 0xbe, 0x07, 0x1f, 0xf4, 0xbe, 0x38, 0x6e, 0xf3, 0xbe, 0x43, 0xbd, 0xf2, 0xbe
.byte 0x29, 0x0c, 0xf2, 0xbe, 0xea, 0x5a, 0xf1, 0xbe, 0x85, 0xa9, 0xf0, 0xbe, 0xfb, 0xf7, 0xef, 0xbe
.byte 0x4c, 0x46, 0xef, 0xbe, 0x79, 0x94, 0xee, 0xbe, 0x80, 0xe2, 0xed, 0xbe, 0x63, 0x30, 0xed, 0xbe
.byte 0x21, 0x7e, 0xec, 0xbe, 0xbb, 0xcb, 0xeb, 0xbe, 0x30, 0x19, 0xeb, 0xbe, 0x81, 0x66, 0xea, 0xbe
.byte 0xae, 0xb3, 0xe9, 0xbe, 0xb7, 0x00, 0xe9, 0xbe, 0x9c, 0x4d, 0xe8, 0xbe, 0x5d, 0x9a, 0xe7, 0xbe
.byte 0xfb, 0xe6, 0xe6, 0xbe, 0x75, 0x33, 0xe6, 0xbe, 0xcb, 0x7f, 0xe5, 0xbe, 0xfe, 0xcb, 0xe4, 0xbe
.byte 0x0e, 0x18, 0xe4, 0xbe, 0xfa, 0x63, 0xe3, 0xbe, 0xc4, 0xaf, 0xe2, 0xbe, 0x6a, 0xfb, 0xe1, 0xbe
.byte 0xee, 0x46, 0xe1, 0xbe, 0x4f, 0x92, 0xe0, 0xbe, 0x8d, 0xdd, 0xdf, 0xbe, 0xa9, 0x28, 0xdf, 0xbe
.byte 0xa2, 0x73, 0xde, 0xbe, 0x79, 0xbe, 0xdd, 0xbe, 0x2e, 0x09, 0xdd, 0xbe, 0xc1, 0x53, 0xdc, 0xbe
.byte 0x31, 0x9e, 0xdb, 0xbe, 0x80, 0xe8, 0xda, 0xbe, 0xad, 0x32, 0xda, 0xbe, 0xb9, 0x7c, 0xd9, 0xbe
.byte 0xa3, 0xc6, 0xd8, 0xbe, 0x6b, 0x10, 0xd8, 0xbe, 0x13, 0x5a, 0xd7, 0xbe, 0x99, 0xa3, 0xd6, 0xbe
.byte 0xfd, 0xec, 0xd5, 0xbe, 0x41, 0x36, 0xd5, 0xbe, 0x64, 0x7f, 0xd4, 0xbe, 0x67, 0xc8, 0xd3, 0xbe
.byte 0x48, 0x11, 0xd3, 0xbe, 0x09, 0x5a, 0xd2, 0xbe, 0xaa, 0xa2, 0xd1, 0xbe, 0x2a, 0xeb, 0xd0, 0xbe
.byte 0x8a, 0x33, 0xd0, 0xbe, 0xca, 0x7b, 0xcf, 0xbe, 0xea, 0xc3, 0xce, 0xbe, 0xea, 0x0b, 0xce, 0xbe
.byte 0xca, 0x53, 0xcd, 0xbe, 0x8b, 0x9b, 0xcc, 0xbe, 0x2c, 0xe3, 0xcb, 0xbe, 0xae, 0x2a, 0xcb, 0xbe
.byte 0x10, 0x72, 0xca, 0xbe, 0x53, 0xb9, 0xc9, 0xbe, 0x77, 0x00, 0xc9, 0xbe, 0x7c, 0x47, 0xc8, 0xbe
.byte 0x62, 0x8e, 0xc7, 0xbe, 0x29, 0xd5, 0xc6, 0xbe, 0xd2, 0x1b, 0xc6, 0xbe, 0x5c, 0x62, 0xc5, 0xbe
.byte 0xc8, 0xa8, 0xc4, 0xbe, 0x15, 0xef, 0xc3, 0xbe, 0x44, 0x35, 0xc3, 0xbe, 0x55, 0x7b, 0xc2, 0xbe
.byte 0x48, 0xc1, 0xc1, 0xbe, 0x1e, 0x07, 0xc1, 0xbe, 0xd5, 0x4c, 0xc0, 0xbe, 0x6f, 0x92, 0xbf, 0xbe
.byte 0xeb, 0xd7, 0xbe, 0xbe, 0x4a, 0x1d, 0xbe, 0xbe, 0x8b, 0x62, 0xbd, 0xbe, 0xaf, 0xa7, 0xbc, 0xbe
.byte 0xb6, 0xec, 0xbb, 0xbe, 0xa0, 0x31, 0xbb, 0xbe, 0x6e, 0x76, 0xba, 0xbe, 0x1e, 0xbb, 0xb9, 0xbe
.byte 0xb2, 0xff, 0xb8, 0xbe, 0x2a, 0x44, 0xb8, 0xbe, 0x84, 0x88, 0xb7, 0xbe, 0xc3, 0xcc, 0xb6, 0xbe
.byte 0xe6, 0x10, 0xb6, 0xbe, 0xec, 0x54, 0xb5, 0xbe, 0xd6, 0x98, 0xb4, 0xbe, 0xa5, 0xdc, 0xb3, 0xbe
.byte 0x58, 0x20, 0xb3, 0xbe, 0xef, 0x63, 0xb2, 0xbe, 0x6b, 0xa7, 0xb1, 0xbe, 0xcb, 0xea, 0xb0, 0xbe
.byte 0x10, 0x2e, 0xb0, 0xbe, 0x3a, 0x71, 0xaf, 0xbe, 0x49, 0xb4, 0xae, 0xbe, 0x3c, 0xf7, 0xad, 0xbe
.byte 0x15, 0x3a, 0xad, 0xbe, 0xd4, 0x7c, 0xac, 0xbe, 0x77, 0xbf, 0xab, 0xbe, 0x01, 0x02, 0xab, 0xbe
.byte 0x6f, 0x44, 0xaa, 0xbe, 0xc4, 0x86, 0xa9, 0xbe, 0xfe, 0xc8, 0xa8, 0xbe, 0x1f, 0x0b, 0xa8, 0xbe
.byte 0x25, 0x4d, 0xa7, 0xbe, 0x12, 0x8f, 0xa6, 0xbe, 0xe5, 0xd0, 0xa5, 0xbe, 0x9f, 0x12, 0xa5, 0xbe
.byte 0x3f, 0x54, 0xa4, 0xbe, 0xc5, 0x95, 0xa3, 0xbe, 0x33, 0xd7, 0xa2, 0xbe, 0x87, 0x18, 0xa2, 0xbe
.byte 0xc2, 0x59, 0xa1, 0xbe, 0xe5, 0x9a, 0xa0, 0xbe, 0xee, 0xdb, 0x9f, 0xbe, 0xdf, 0x1c, 0x9f, 0xbe
.byte 0xb8, 0x5d, 0x9e, 0xbe, 0x78, 0x9e, 0x9d, 0xbe, 0x20, 0xdf, 0x9c, 0xbe, 0xaf, 0x1f, 0x9c, 0xbe
.byte 0x27, 0x60, 0x9b, 0xbe, 0x86, 0xa0, 0x9a, 0xbe, 0xce, 0xe0, 0x99, 0xbe, 0xfe, 0x20, 0x99, 0xbe
.byte 0x16, 0x61, 0x98, 0xbe, 0x17, 0xa1, 0x97, 0xbe, 0x00, 0xe1, 0x96, 0xbe, 0xd2, 0x20, 0x96, 0xbe
.byte 0x8d, 0x60, 0x95, 0xbe, 0x31, 0xa0, 0x94, 0xbe, 0xbf, 0xdf, 0x93, 0xbe, 0x35, 0x1f, 0x93, 0xbe
.byte 0x94, 0x5e, 0x92, 0xbe, 0xdd, 0x9d, 0x91, 0xbe, 0x10, 0xdd, 0x90, 0xbe, 0x2c, 0x1c, 0x90, 0xbe
.byte 0x32, 0x5b, 0x8f, 0xbe, 0x22, 0x9a, 0x8e, 0xbe, 0xfc, 0xd8, 0x8d, 0xbe, 0xc0, 0x17, 0x8d, 0xbe
.byte 0x6e, 0x56, 0x8c, 0xbe, 0x07, 0x95, 0x8b, 0xbe, 0x8a, 0xd3, 0x8a, 0xbe, 0xf7, 0x11, 0x8a, 0xbe
.byte 0x50, 0x50, 0x89, 0xbe, 0x93, 0x8e, 0x88, 0xbe, 0xc1, 0xcc, 0x87, 0xbe, 0xda, 0x0a, 0x87, 0xbe
.byte 0xdf, 0x48, 0x86, 0xbe, 0xce, 0x86, 0x85, 0xbe, 0xaa, 0xc4, 0x84, 0xbe, 0x70, 0x02, 0x84, 0xbe
.byte 0x22, 0x40, 0x83, 0xbe, 0xc0, 0x7d, 0x82, 0xbe, 0x4a, 0xbb, 0x81, 0xbe, 0xc0, 0xf8, 0x80, 0xbe
.byte 0x22, 0x36, 0x80, 0xbe, 0xe1, 0xe6, 0x7e, 0xbe, 0x56, 0x61, 0x7d, 0xbe, 0xa4, 0xdb, 0x7b, 0xbe
.byte 0xcb, 0x55, 0x7a, 0xbe, 0xcc, 0xcf, 0x78, 0xbe, 0xa6, 0x49, 0x77, 0xbe, 0x5a, 0xc3, 0x75, 0xbe
.byte 0xe8, 0x3c, 0x74, 0xbe, 0x51, 0xb6, 0x72, 0xbe, 0x94, 0x2f, 0x71, 0xbe, 0xb2, 0xa8, 0x6f, 0xbe
.byte 0xab, 0x21, 0x6e, 0xbe, 0x7f, 0x9a, 0x6c, 0xbe, 0x2f, 0x13, 0x6b, 0xbe, 0xba, 0x8b, 0x69, 0xbe
.byte 0x22, 0x04, 0x68, 0xbe, 0x66, 0x7c, 0x66, 0xbe, 0x86, 0xf4, 0x64, 0xbe, 0x83, 0x6c, 0x63, 0xbe
.byte 0x5c, 0xe4, 0x61, 0xbe, 0x13, 0x5c, 0x60, 0xbe, 0xa8, 0xd3, 0x5e, 0xbe, 0x1a, 0x4b, 0x5d, 0xbe
.byte 0x6a, 0xc2, 0x5b, 0xbe, 0x97, 0x39, 0x5a, 0xbe, 0xa4, 0xb0, 0x58, 0xbe, 0x8f, 0x27, 0x57, 0xbe
.byte 0x58, 0x9e, 0x55, 0xbe, 0x01, 0x15, 0x54, 0xbe, 0x89, 0x8b, 0x52, 0xbe, 0xf1, 0x01, 0x51, 0xbe
.byte 0x38, 0x78, 0x4f, 0xbe, 0x60, 0xee, 0x4d, 0xbe, 0x67, 0x64, 0x4c, 0xbe, 0x4f, 0xda, 0x4a, 0xbe
.byte 0x18, 0x50, 0x49, 0xbe, 0xc2, 0xc5, 0x47, 0xbe, 0x4d, 0x3b, 0x46, 0xbe, 0xb9, 0xb0, 0x44, 0xbe
.byte 0x07, 0x26, 0x43, 0xbe, 0x37, 0x9b, 0x41, 0xbe, 0x49, 0x10, 0x40, 0xbe, 0x3e, 0x85, 0x3e, 0xbe
.byte 0x15, 0xfa, 0x3c, 0xbe, 0xcf, 0x6e, 0x3b, 0xbe, 0x6c, 0xe3, 0x39, 0xbe, 0xec, 0x57, 0x38, 0xbe
.byte 0x50, 0xcc, 0x36, 0xbe, 0x98, 0x40, 0x35, 0xbe, 0xc4, 0xb4, 0x33, 0xbe, 0xd4, 0x28, 0x32, 0xbe
.byte 0xc9, 0x9c, 0x30, 0xbe, 0xa2, 0x10, 0x2f, 0xbe, 0x61, 0x84, 0x2d, 0xbe, 0x04, 0xf8, 0x2b, 0xbe
.byte 0x8d, 0x6b, 0x2a, 0xbe, 0xfc, 0xde, 0x28, 0xbe, 0x51, 0x52, 0x27, 0xbe, 0x8c, 0xc5, 0x25, 0xbe
.byte 0xad, 0x38, 0x24, 0xbe, 0xb6, 0xab, 0x22, 0xbe, 0xa5, 0x1e, 0x21, 0xbe, 0x7b, 0x91, 0x1f, 0xbe
.byte 0x38, 0x04, 0x1e, 0xbe, 0xde, 0x76, 0x1c, 0xbe, 0x6b, 0xe9, 0x1a, 0xbe, 0xe0, 0x5b, 0x19, 0xbe
.byte 0x3d, 0xce, 0x17, 0xbe, 0x83, 0x40, 0x16, 0xbe, 0xb2, 0xb2, 0x14, 0xbe, 0xca, 0x24, 0x13, 0xbe
.byte 0xcc, 0x96, 0x11, 0xbe, 0xb7, 0x08, 0x10, 0xbe, 0x8b, 0x7a, 0x0e, 0xbe, 0x4a, 0xec, 0x0c, 0xbe
.byte 0xf3, 0x5d, 0x0b, 0xbe, 0x86, 0xcf, 0x09, 0xbe, 0x05, 0x41, 0x08, 0xbe, 0x6e, 0xb2, 0x06, 0xbe
.byte 0xc2, 0x23, 0x05, 0xbe, 0x02, 0x95, 0x03, 0xbe, 0x2e, 0x06, 0x02, 0xbe, 0x45, 0x77, 0x00, 0xbe
.byte 0x92, 0xd0, 0xfd, 0xbd, 0x73, 0xb2, 0xfa, 0xbd, 0x2c, 0x94, 0xf7, 0xbd, 0xc0, 0x75, 0xf4, 0xbd
.byte 0x2e, 0x57, 0xf1, 0xbd, 0x76, 0x38, 0xee, 0xbd, 0x9a, 0x19, 0xeb, 0xbd, 0x9a, 0xfa, 0xe7, 0xbd
.byte 0x76, 0xdb, 0xe4, 0xbd, 0x2e, 0xbc, 0xe1, 0xbd, 0xc4, 0x9c, 0xde, 0xbd, 0x37, 0x7d, 0xdb, 0xbd
.byte 0x89, 0x5d, 0xd8, 0xbd, 0xb9, 0x3d, 0xd5, 0xbd, 0xc8, 0x1d, 0xd2, 0xbd, 0xb7, 0xfd, 0xce, 0xbd
.byte 0x86, 0xdd, 0xcb, 0xbd, 0x36, 0xbd, 0xc8, 0xbd, 0xc6, 0x9c, 0xc5, 0xbd, 0x39, 0x7c, 0xc2, 0xbd
.byte 0x8d, 0x5b, 0xbf, 0xbd, 0xc3, 0x3a, 0xbc, 0xbd, 0xdd, 0x19, 0xb9, 0xbd, 0xda, 0xf8, 0xb5, 0xbd
.byte 0xbb, 0xd7, 0xb2, 0xbd, 0x80, 0xb6, 0xaf, 0xbd, 0x2b, 0x95, 0xac, 0xbd, 0xba, 0x73, 0xa9, 0xbd
.byte 0x30, 0x52, 0xa6, 0xbd, 0x8c, 0x30, 0xa3, 0xbd, 0xcf, 0x0e, 0xa0, 0xbd, 0xf9, 0xec, 0x9c, 0xbd
.byte 0x0a, 0xcb, 0x99, 0xbd, 0x05, 0xa9, 0x96, 0xbd, 0xe7, 0x86, 0x93, 0xbd, 0xb4, 0x64, 0x90, 0xbd
.byte 0x6a, 0x42, 0x8d, 0xbd, 0x0a, 0x20, 0x8a, 0xbd, 0x94, 0xfd, 0x86, 0xbd, 0x0a, 0xdb, 0x83, 0xbd
.byte 0x6c, 0xb8, 0x80, 0xbd, 0x74, 0x2b, 0x7b, 0xbd, 0xe9, 0xe5, 0x74, 0xbd, 0x38, 0xa0, 0x6e, 0xbd
.byte 0x62, 0x5a, 0x68, 0xbd, 0x69, 0x14, 0x62, 0xbd, 0x4c, 0xce, 0x5b, 0xbd, 0x0e, 0x88, 0x55, 0xbd
.byte 0xaf, 0x41, 0x4f, 0xbd, 0x30, 0xfb, 0x48, 0xbd, 0x91, 0xb4, 0x42, 0xbd, 0xd5, 0x6d, 0x3c, 0xbd
.byte 0xfc, 0x26, 0x36, 0xbd, 0x07, 0xe0, 0x2f, 0xbd, 0xf6, 0x98, 0x29, 0xbd, 0xcb, 0x51, 0x23, 0xbd
.byte 0x88, 0x0a, 0x1d, 0xbd, 0x2c, 0xc3, 0x16, 0xbd, 0xb8, 0x7b, 0x10, 0xbd, 0x2f, 0x34, 0x0a, 0xbd
.byte 0x90, 0xec, 0x03, 0xbd, 0xba, 0x49, 0xfb, 0xbc, 0x2c, 0xba, 0xee, 0xbc, 0x7a, 0x2a, 0xe2, 0xbc
.byte 0xa6, 0x9a, 0xd5, 0xbc, 0xb0, 0x0a, 0xc9, 0xbc, 0x9b, 0x7a, 0xbc, 0xbc, 0x69, 0xea, 0xaf, 0xbc
.byte 0x1c, 0x5a, 0xa3, 0xbc, 0xb6, 0xc9, 0x96, 0xbc, 0x38, 0x39, 0x8a, 0xbc, 0x4b, 0x51, 0x7b, 0xbc
.byte 0xff, 0x2f, 0x62, 0xbc, 0x90, 0x0e, 0x49, 0xbc, 0x02, 0xed, 0x2f, 0xbc, 0x58, 0xcb, 0x16, 0xbc
.byte 0x30, 0x53, 0xfb, 0xbb, 0x88, 0x0f, 0xc9, 0xbb, 0xc1, 0xcb, 0x96, 0xbb, 0xc6, 0x0f, 0x49, 0xbb
.byte 0xd5, 0x0f, 0xc9, 0xba
.globl _sym_00c48be0
_sym_00c48be0:
.byte 0x00, 0x00, 0x00, 0x00, 0x00, 0x00, 0x80, 0x3f, 0x00, 0x00, 0x00, 0x00, 0x00, 0x00, 0x80, 0x3f
.globl _sym_00c48bf0
_sym_00c48bf0:
.byte 0x00, 0x00, 0x00, 0x00, 0x00, 0x00, 0x00, 0x00, 0x00, 0x00, 0x80, 0x3f, 0x00, 0x00, 0x80, 0x3f
.globl _sym_00c48c00
_sym_00c48c00:
.byte 0x01, 0x00, 0x00, 0x00
.globl _sym_00c48c04
_sym_00c48c04:
.byte 0x00, 0x00, 0x00, 0x00, 0x00, 0x00, 0x00, 0x00, 0x00, 0x00, 0x00, 0x00, 0x00, 0x00, 0x00, 0x00
.byte 0x00, 0x00, 0x00, 0x00, 0x00, 0x00, 0x00, 0x00, 0x00, 0x00, 0x00, 0x00, 0x00, 0x00, 0x00, 0x00
.byte 0x00, 0x00, 0x00, 0x00, 0x00, 0x00, 0x00, 0x00, 0x00, 0x00, 0x00, 0x00, 0x00, 0x00, 0x00, 0x00
.byte 0x00, 0x00, 0x00, 0x00, 0x00, 0x00, 0x00, 0x00, 0x00, 0x00, 0x00, 0x00, 0x01, 0x00, 0x00, 0x00
.byte 0x02, 0x00, 0x00, 0x00, 0x04, 0x00, 0x00, 0x00, 0x08, 0x00, 0x00, 0x00, 0x10, 0x00, 0x00, 0x00
.byte 0x20, 0x00, 0x00, 0x00, 0x40, 0x00, 0x00, 0x00, 0x80, 0x00, 0x00, 0x00, 0x00, 0x01, 0x00, 0x00
.byte 0x00, 0x02, 0x00, 0x00, 0x00, 0x04, 0x00, 0x00, 0x00, 0x08, 0x00, 0x00, 0x00, 0x10, 0x00, 0x00
.byte 0x00, 0x20, 0x00, 0x00, 0x00, 0x40, 0x00, 0x00, 0x00, 0x80, 0x00, 0x00
.globl _sym_00c48c80
_sym_00c48c80:
.byte 0x00, 0x00, 0x00, 0x00
.globl _sym_00c48c84
_sym_00c48c84:
.byte 0x00, 0x00, 0x00, 0x00
.globl _sym_00c48c88
_sym_00c48c88:
.byte 0x00, 0x00, 0x00, 0x00
.globl _sym_00c48c8c
_sym_00c48c8c:
.byte 0x00, 0x00, 0x80, 0x3f
.globl _sym_00c48c90
_sym_00c48c90:
.byte 0x00, 0x00, 0x00, 0x00
.globl _sym_00c48c94
_sym_00c48c94:
.byte 0x00, 0x00, 0x00, 0x00
.globl _sym_00c48c98
_sym_00c48c98:
.byte 0x00, 0x00, 0x00, 0x00, 0x00, 0x00, 0x80, 0x3f
.globl _sym_00c48ca0
_sym_00c48ca0:
.byte 0x00, 0x00, 0x00, 0x00, 0x00, 0x00, 0x80, 0x3f, 0x00, 0x00, 0x00, 0x00, 0x00, 0x00, 0x80, 0x3f
.byte 0x00, 0x00, 0x00, 0x00, 0x00, 0x00, 0x00, 0x00, 0x00, 0x00, 0x00, 0x00, 0x00, 0x00, 0x80, 0x3f
.globl _sym_00c48cc0
_sym_00c48cc0:
.byte 0x00, 0x00, 0x00, 0x00
.globl _sym_00c48cc4
_sym_00c48cc4:
.byte 0x00, 0x00, 0x00, 0x00
.globl _sym_00c48cc8
_sym_00c48cc8:
.byte 0x00, 0x00, 0x00, 0x00
.globl _sym_00c48ccc
_sym_00c48ccc:
.byte 0x00, 0x00, 0x80, 0x3f
.globl _sym_00c48cd0
_sym_00c48cd0:
.byte 0x00, 0x00, 0x20, 0x43
.globl _sym_00c48cd4
_sym_00c48cd4:
.byte 0x00, 0x08, 0x00, 0x00
.globl _sym_00c48cd8
_sym_00c48cd8:
.byte 0x00, 0xfc, 0xff, 0xff, 0x00, 0x00, 0x00, 0x00, 0x00, 0x00, 0x80, 0x4b, 0x00, 0x00, 0x80, 0x43
.byte 0x00, 0x00, 0x80, 0xbf, 0x00, 0x00, 0x00, 0x43, 0x00, 0x00, 0x00, 0x00, 0x00, 0x00, 0x00, 0x3c
.byte 0xab, 0xaa, 0xaa, 0x38, 0xab, 0xaa, 0xaa, 0x38, 0x16, 0x00, 0x80, 0x4b, 0x00, 0x00, 0x00, 0x4b
.byte 0x80, 0xc1, 0x7f, 0x4a, 0x00, 0x00, 0x00, 0x4a, 0x00, 0x00, 0x40, 0x49, 0x00, 0x00, 0x00, 0x49
.byte 0x00, 0x00, 0x80, 0x48, 0x00, 0x00, 0x00, 0x48, 0x00, 0x00, 0x80, 0xc7, 0x00, 0x00, 0x00, 0x45
.byte 0x00, 0x00, 0x80, 0x45, 0x00, 0x00, 0x80, 0x44, 0x1e, 0x00, 0x00, 0x00
.globl _sym_00c48d34
_sym_00c48d34:
.byte 0x20, 0x00, 0x00, 0x00, 0x21, 0x00, 0x00, 0x00, 0x26, 0x00, 0x00, 0x00, 0x32, 0x00, 0x00, 0x00
.byte 0x41, 0x00, 0x00, 0x00, 0x42, 0x00, 0x00, 0x00, 0x26, 0x00, 0x00, 0x00, 0x6a, 0x00, 0x00, 0x00
.byte 0xe2, 0x00, 0x00, 0x00, 0xfe, 0x00, 0x00, 0x00, 0x39, 0x01, 0x00, 0x00, 0x42, 0x01, 0x00, 0x00
.byte 0x4e, 0x01, 0x00, 0x00, 0x5e, 0x01, 0x00, 0x00, 0x9a, 0x01, 0x00, 0x00, 0xeb, 0x01, 0x00, 0x00
.byte 0xec, 0x01, 0x00, 0x00
.globl _sym_00c48d78
_sym_00c48d78:
.byte 0xff, 0xff, 0xff, 0xff
.globl _sym_00c48d7c
_sym_00c48d7c:
.byte 0x79, 0x6f, 0x6e, 0x69, 0x73, 0x68, 0x69, 0x00, 0x00, 0x00, 0x00, 0x00
.globl _sym_00c48d88
_sym_00c48d88:
.long _sym_00c48d90
.long _sym_00c48dd0
.globl _sym_00c48d90
_sym_00c48d90:
.long _sym_008004a0
.long _sym_00800510
.long _sym_00800520
.long _sym_00800530
.long _sym_00800590
.long _sym_008009a0
.long _sym_008009a0
.byte 0x00, 0x00, 0x00, 0x00
.long _sym_008009a0
.long _sym_008009a0
.long _sym_008009a0
.long _sym_008009a0
.long _sym_008009a0
.long _sym_008009a0
.long _sym_008009a0
.long _sym_00800610
.globl _sym_00c48dd0
_sym_00c48dd0:
.long _sym_00800620
.long _sym_00800690
.long _sym_008007d0
.long _sym_00800880
.long _sym_00800890
.long _sym_008008e0
.byte 0x00, 0x00, 0x00, 0x00, 0x00, 0x00, 0x00, 0x00, 0x00, 0x00, 0x00, 0x00, 0x00, 0x00, 0x00, 0x00
.byte 0x00, 0x00, 0x00, 0x00, 0x00, 0x00, 0x00, 0x00, 0x00, 0x00, 0x00, 0x00
.long _sym_00800950
.byte 0x00, 0x00, 0x00, 0x00, 0x00, 0x00, 0x00, 0x00
.globl _sym_00c48e10
_sym_00c48e10:
.byte 0x00
.globl _sym_00c48e11
_sym_00c48e11:
.byte 0x01
.globl _sym_00c48e12
_sym_00c48e12:
.byte 0x02, 0x00, 0x01, 0x00, 0x02, 0x00, 0x01, 0x02, 0x00, 0x00, 0x00, 0x02, 0x01, 0x00, 0x02, 0x01
.byte 0x00, 0x00, 0x02, 0x00, 0x01, 0x00
.globl _sym_00c48e28
_sym_00c48e28:
.byte 0x01, 0x00, 0x00, 0x00, 0x02, 0x00, 0x00, 0x00, 0x00, 0x00, 0x00, 0x00, 0x05, 0x00, 0x00, 0x00
.byte 0x04, 0x00, 0x00, 0x00, 0x03, 0x00, 0x00, 0x00, 0x00, 0x00, 0x00, 0x00
.globl _sym_00c48e44
_sym_00c48e44:
.byte 0x17, 0x01, 0x00, 0x00
.globl _sym_00c48e48
_sym_00c48e48:
.byte 0xa1, 0x00, 0x00, 0x00
.globl _sym_00c48e4c
_sym_00c48e4c:
.byte 0xa0, 0x00, 0x00, 0x00
.globl _sym_00c48e50
_sym_00c48e50:
.byte 0xa7, 0x00, 0x00, 0x00
.globl _sym_00c48e54
_sym_00c48e54:
.byte 0x44, 0x01, 0x00, 0x00
.globl _sym_00c48e58
_sym_00c48e58:
.byte 0xb4, 0x01, 0x00, 0x00
.globl _sym_00c48e5c
_sym_00c48e5c:
.byte 0x04, 0x02, 0x00, 0x00
.globl _sym_00c48e60
_sym_00c48e60:
.byte 0x0f, 0x01, 0x03, 0x07
.globl _sym_00c48e64
_sym_00c48e64:
.byte 0x00, 0x00, 0x80, 0x3f
.globl _sym_00c48e68
_sym_00c48e68:
.byte 0x00, 0x00, 0x80, 0x3f
.globl _sym_00c48e6c
_sym_00c48e6c:
.byte 0x00, 0x00, 0x80, 0x3f
.globl _sym_00c48e70
_sym_00c48e70:
.byte 0x00, 0x00, 0x80, 0x3f, 0x00, 0x00, 0x80, 0xbf
.globl _sym_00c48e78
_sym_00c48e78:
.byte 0x00, 0x00, 0x00, 0x00
.long _sym_00811280
.long _sym_00801fc0
.byte 0x00, 0x00, 0x00, 0x00
.long _sym_00813100
.long _sym_00813570
.long _sym_00813180
.long _sym_0080f7e0
.long _sym_0080f960
.long _sym_00812610
.long _sym_00811690
.long _sym_008135c0
.long _sym_00812cb0
.long _sym_0080e060
.long _sym_0080e070
.long _sym_0080e190
.long _sym_00802270
.long _sym_00811d20
.long _sym_0080ecb0
.byte 0x00, 0x00, 0x00, 0x00
.globl _sym_00c48ec8
_sym_00c48ec8:
.long _sym_0080c540
.long _sym_007fd640
.long _sym_008169f0
.long _sym_008158b0
.long _sym_008173c0
.long _sym_00817830
.byte 0x00, 0x00, 0x00, 0x00, 0x00, 0x00, 0x00, 0x00, 0x00, 0x00, 0x00, 0x00
.long _sym_0080c650
.long _sym_00818550
.long _sym_00818550
.long _sym_00818550
.long _sym_00818550
.long _sym_00818550
.long _sym_00818550
.byte 0x00, 0x00, 0x00, 0x00, 0x00, 0x00, 0x00, 0x00
.long _sym_0081a5e0
.long _sym_0081a5e0
.long _sym_0081a5e0
.long _sym_0081a5e0
.long _sym_0081a5e0
.long _sym_0081a5e0
.byte 0x00, 0x00, 0x00, 0x00, 0x00, 0x00, 0x00, 0x00
.long _sym_00804760
.byte 0x00, 0x00, 0x00, 0x00, 0x00, 0x00, 0x00, 0x00
.long _sym_0080c7a0
.long _sym_00817440
.long _sym_008169b0
.byte 0x00, 0x00, 0x00, 0x00
.long _sym_00817200
.long _sym_00815ee0
.long _sym_0081c250
.long _sym_0081b9e0
.long _sym_0081b9e0
.long _sym_0080ae80
.long _sym_00808710
.long _sym_00808170
.long _sym_00808a30
.long _sym_0080af20
.long _sym_008142b0
.byte 0x00, 0x00, 0x00, 0x00, 0x00, 0x00, 0x00, 0x00
.long _sym_00817af0
.long _sym_00817930
.byte 0x00, 0x00, 0x00, 0x00, 0x00, 0x00, 0x00, 0x00
.long _sym_0080af90
.long _sym_00817390
.byte 0x00, 0x00, 0x00, 0x00
.long _sym_00816060
.long _sym_00819dd0
.long _sym_0081b0b0
.long _sym_00809780
.long _sym_008158f0
.long _sym_00815860
.byte 0x00, 0x00, 0x00, 0x00
.long _sym_0081c570
.long _sym_00815fd0
.long _sym_00817a30
.long _sym_00804400
.long _sym_008092e0
.long _sym_008046d0
.byte 0x00, 0x00, 0x00, 0x00, 0x00, 0x00, 0x00, 0x00
.long _sym_0081cb70
.byte 0x00, 0x00, 0x00, 0x00, 0x00, 0x00, 0x00, 0x00, 0x00, 0x00, 0x00, 0x00
.long _sym_00819220
.byte 0x00, 0x00, 0x00, 0x00
.long _sym_0081bac0
.byte 0x00, 0x00, 0x00, 0x00, 0x00, 0x00, 0x00, 0x00
.long _sym_0081c000
.long _sym_0080f370
.long _sym_008175b0
.byte 0x00, 0x00, 0x00, 0x00
.long _sym_0081c370
.long _sym_00814680
.long _sym_008172e0
.long _sym_00814960
.long _sym_0080ae00
.long _sym_00815f60
.long _sym_008173b0
.byte 0x00, 0x00, 0x00, 0x00, 0x00, 0x00, 0x00, 0x00
.long _sym_0081b5e0
.byte 0x00, 0x00, 0x00, 0x00
.long _sym_008173f0
.long _sym_0080b0d0
.byte 0x00, 0x00, 0x00, 0x00
.long _sym_00819010
.byte 0x00, 0x00, 0x00, 0x00
.long _sym_00819a80
.byte 0x00, 0x00, 0x00, 0x00
.long _sym_00818020
.long _sym_00816180
.byte 0x00, 0x00, 0x00, 0x00, 0x00, 0x00, 0x00, 0x00
.long _sym_008016f0
.long _sym_00801970
.byte 0x00, 0x00, 0x00, 0x00, 0x00, 0x00, 0x00, 0x00
.long _sym_0081c270
.long _sym_00814540
.long _sym_008145a0
.long _sym_00818250
.long _sym_0081c600
.long _sym_00817c10
.long _sym_00818f00
.long _sym_00818090
.long _sym_00818430
.byte 0x00, 0x00, 0x00, 0x00, 0x00, 0x00, 0x00, 0x00, 0x00, 0x00, 0x00, 0x00, 0x00, 0x00, 0x00, 0x00
.byte 0x00, 0x00, 0x00, 0x00, 0x00, 0x00, 0x00, 0x00, 0x00, 0x00, 0x00, 0x00, 0x00, 0x00, 0x00, 0x00
.byte 0x00, 0x00, 0x00, 0x00
.long _sym_00817670
.long _sym_00816710
.long _sym_0080c5e0
.long _sym_0080b2e0
.long _sym_00819c30
.long _sym_00804190
.long _sym_0080b5c0
.long _sym_007f7d50
.long _sym_00813b10
.long _sym_0081b670
.byte 0x00, 0x00, 0x00, 0x00
.long _sym_00816750
.long _sym_00803b20
.long _sym_008019d0
.byte 0x00, 0x00, 0x00, 0x00
.long _sym_00819590
.byte 0x00, 0x00, 0x00, 0x00
.long _sym_00817fa0
.long _sym_0081bcd0
.long _sym_0080a0f0
.byte 0x00, 0x00, 0x00, 0x00
.long _sym_008188f0
.byte 0x00, 0x00, 0x00, 0x00, 0x00, 0x00, 0x00, 0x00, 0x00, 0x00, 0x00, 0x00
.long _sym_00808100
.long _sym_00816340
.long _sym_00804bb0
.long _sym_00804bb0
.byte 0x00, 0x00, 0x00, 0x00, 0x00, 0x00, 0x00, 0x00
.long _sym_0080ca90
.byte 0x00, 0x00, 0x00, 0x00, 0x00, 0x00, 0x00, 0x00, 0x00, 0x00, 0x00, 0x00, 0x00, 0x00, 0x00, 0x00
.long _sym_00816a00
.long _sym_00816f90
.byte 0x00, 0x00, 0x00, 0x00
.long _sym_0080c910
.byte 0x00, 0x00, 0x00, 0x00, 0x00, 0x00, 0x00, 0x00, 0x00, 0x00, 0x00, 0x00
.long _sym_00808e50
.long _sym_0080c7f0
.long _sym_00803860
.long _sym_008084f0
.long _sym_0081ad20
.long _sym_0080c7f0
.byte 0x00, 0x00, 0x00, 0x00
.long _sym_0080cbd0
.long _sym_0080c670
.byte 0x00, 0x00, 0x00, 0x00, 0x00, 0x00, 0x00, 0x00, 0x00, 0x00, 0x00, 0x00, 0x00, 0x00, 0x00, 0x00
.byte 0x00, 0x00, 0x00, 0x00, 0x00, 0x00, 0x00, 0x00, 0x00, 0x00, 0x00, 0x00, 0x00, 0x00, 0x00, 0x00
.byte 0x00, 0x00, 0x00, 0x00, 0x00, 0x00, 0x00, 0x00, 0x00, 0x00, 0x00, 0x00, 0x00, 0x00, 0x00, 0x00
.byte 0x00, 0x00, 0x00, 0x00, 0x00, 0x00, 0x00, 0x00, 0x00, 0x00, 0x00, 0x00
.long _sym_008167c0
.byte 0x00, 0x00, 0x00, 0x00, 0x00, 0x00, 0x00, 0x00, 0x00, 0x00, 0x00, 0x00, 0x00, 0x00, 0x00, 0x00
.byte 0x00, 0x00, 0x00, 0x00, 0x00, 0x00, 0x00, 0x00, 0x00, 0x00, 0x00, 0x00, 0x00, 0x00, 0x00, 0x00
.long _sym_008160b0
.long _sym_00818340
.byte 0x00, 0x00, 0x00, 0x00, 0x00, 0x00, 0x00, 0x00, 0x00, 0x00, 0x00, 0x00, 0x00, 0x00, 0x00, 0x00
.byte 0x00, 0x00, 0x00, 0x00, 0x00, 0x00, 0x00, 0x00, 0x00, 0x00, 0x00, 0x00
.long _sym_00819b60
.long _sym_00804a90
.long _sym_00814610
.long _sym_008148f0
.long _sym_0081a110
.long _sym_0081a110
.long _sym_0081a110
.long _sym_0081a110
.long _sym_0081a110
.long _sym_0081a110
.long _sym_0080b7d0
.long _sym_0080b960
.long _sym_0080b930
.long _sym_00814b60
.long _sym_00818b70
.long _sym_0081ad10
.byte 0x00, 0x00, 0x00, 0x00, 0x00, 0x00, 0x00, 0x00, 0x00, 0x00, 0x00, 0x00, 0x00, 0x00, 0x00, 0x00
.byte 0x00, 0x00, 0x00, 0x00, 0x00, 0x00, 0x00, 0x00, 0x00, 0x00, 0x00, 0x00, 0x00, 0x00, 0x00, 0x00
.byte 0x00, 0x00, 0x00, 0x00, 0x00, 0x00, 0x00, 0x00, 0x00, 0x00, 0x00, 0x00, 0x00, 0x00, 0x00, 0x00
.byte 0x00, 0x00, 0x00, 0x00, 0x00, 0x00, 0x00, 0x00, 0x00, 0x00, 0x00, 0x00, 0x00, 0x00, 0x00, 0x00
.long _sym_008168f0
.byte 0x00, 0x00, 0x00, 0x00, 0x00, 0x00, 0x00, 0x00, 0x00, 0x00, 0x00, 0x00, 0x00, 0x00, 0x00, 0x00
.byte 0x00, 0x00, 0x00, 0x00, 0x00, 0x00, 0x00, 0x00, 0x00, 0x00, 0x00, 0x00, 0x00, 0x00, 0x00, 0x00
.byte 0x00, 0x00, 0x00, 0x00, 0x00, 0x00, 0x00, 0x00, 0x00, 0x00, 0x00, 0x00
.long _sym_00814a20
.long _sym_00801c20
.globl _sym_00c492c8
_sym_00c492c8:
.long _sym_008151a0
.byte 0x00, 0x00, 0x00, 0x00, 0x00, 0x00, 0x00, 0x00
.long _sym_00814df0
.long _sym_00815700
.long _sym_00815060
.long _sym_00815270
.long _sym_00814e80
.long _sym_00814fb0
.long _sym_008150f0
.long _sym_008157c0
.long _sym_008154a0
.byte 0x00, 0x00, 0x00, 0x00, 0x00, 0x00, 0x00, 0x00
.globl _sym_00c49300
_sym_00c49300:
.byte 0x10, 0x00, 0x10, 0x00, 0x20, 0x00, 0x20, 0x00, 0x30, 0x00, 0x30, 0x00
.globl _sym_00c4930c
_sym_00c4930c:
.byte 0x0c, 0x00, 0x0e, 0x00, 0x3c, 0x00, 0x3e, 0x00, 0x00, 0x00, 0x00, 0x00
.globl _sym_00c49318
_sym_00c49318:
.long _sym_00810800
.long _sym_00810820
.long _sym_00810870
.long _sym_00810840
.long _sym_00810920
.long _sym_008109f0
.long _sym_00810bf0
.long _sym_00810880
.long _sym_008108f0
.long _sym_00810cd0
.long _sym_00810d00
.long _sym_00810d40
.long _sym_00810d80
.long _sym_00810dc0
.long _sym_00810e30
.long _sym_00810e50
.long _sym_00810e70
.long _sym_00810eb0
.long _sym_00810f00
.long _sym_00810f30
.long _sym_00810f80
.long _sym_00811030
.long _sym_00811050
.long _sym_00811150
.long _sym_008111b0
.long _sym_00811230
.byte 0x00, 0x00, 0x00, 0x00, 0x00, 0x00, 0x00, 0x00
.globl _sym_00c49388
_sym_00c49388:
.byte 0x30, 0x00, 0x40, 0x00, 0x50, 0x00, 0x60, 0x00, 0x70, 0x00, 0x80, 0x00, 0x00, 0x00, 0x00, 0x00
.globl _sym_00c49398
_sym_00c49398:
.byte 0x00, 0x10, 0x00, 0x00, 0x00, 0x10, 0x00, 0x00, 0x00, 0x10, 0x00, 0x00, 0x00, 0x10, 0x00, 0x00
.byte 0x00, 0x10, 0x00, 0x00, 0x00, 0x10, 0x00, 0x00, 0x00, 0x10, 0x00, 0x00, 0x00, 0x10, 0x00, 0x00
.byte 0x10, 0x00, 0x00, 0x00, 0x10, 0x00, 0x00, 0x00, 0x10, 0x00, 0x00, 0x00, 0x10, 0x00, 0x00, 0x00
.byte 0x10, 0x00, 0x00, 0x00, 0x10, 0x00, 0x00, 0x00, 0x10, 0x00, 0x00, 0x00, 0x10, 0x00, 0x00, 0x00
.byte 0x01, 0x00, 0x00, 0x00, 0x01, 0x00, 0x00, 0x00, 0x01, 0x00, 0x00, 0x00, 0x01, 0x00, 0x00, 0x00
.byte 0x01, 0x00, 0x00, 0x00, 0x01, 0x00, 0x00, 0x00, 0x01, 0x00, 0x00, 0x00, 0x01, 0x00, 0x00, 0x00
.globl _sym_00c493f8
_sym_00c493f8:
.byte 0x00, 0x00, 0x10, 0x00, 0x00, 0x00, 0x10, 0x00, 0x00, 0x00, 0x10, 0x00, 0x00, 0x00, 0x10, 0x00
.byte 0x00, 0x00, 0x10, 0x00, 0x00, 0x00, 0x10, 0x00, 0x00, 0x00, 0x10, 0x00, 0x00, 0x00, 0x10, 0x00
.byte 0x00, 0x10, 0x00, 0x00, 0x00, 0x10, 0x00, 0x00, 0x00, 0x10, 0x00, 0x00, 0x00, 0x10, 0x00, 0x00
.byte 0x00, 0x10, 0x00, 0x00, 0x00, 0x10, 0x00, 0x00, 0x00, 0x10, 0x00, 0x00, 0x00, 0x10, 0x00, 0x00
.byte 0x00, 0x01, 0x00, 0x00, 0x00, 0x01, 0x00, 0x00, 0x00, 0x01, 0x00, 0x00, 0x00, 0x01, 0x00, 0x00
.byte 0x00, 0x01, 0x00, 0x00, 0x00, 0x01, 0x00, 0x00, 0x00, 0x01, 0x00, 0x00, 0x00, 0x01, 0x00, 0x00
.globl _sym_00c49458
_sym_00c49458:
.long _sym_012f4140
.globl _sym_00c4945c
_sym_00c4945c:
.long _sym_012f4940
.globl _sym_00c49460
_sym_00c49460:
.long _sym_012f4540
.globl _sym_00c49464
_sym_00c49464:
.long _sym_012f4980
.globl _sym_00c49468
_sym_00c49468:
.long _sym_012f49c0
.globl _sym_00c4946c
_sym_00c4946c:
.long _sym_012f49c0
.globl _sym_00c49470
_sym_00c49470:
.byte 0x00, 0x00, 0x00, 0x00
.globl _sym_00c49474
_sym_00c49474:
.byte 0x00, 0x00, 0x00, 0x00, 0x3c, 0x00, 0x00, 0x00, 0x00, 0x00, 0x00, 0x00, 0x73, 0x00, 0x00, 0x00
.byte 0xcc, 0xff, 0xff, 0xff, 0x62, 0x00, 0x00, 0x00, 0xc9, 0xff, 0xff, 0xff, 0x7a, 0x00, 0x00, 0x00
.byte 0xc4, 0xff, 0xff, 0xff
.globl _sym_00c49498
_sym_00c49498:
.byte 0xff, 0xff, 0xff, 0xff
.globl _sym_00c4949c
_sym_00c4949c:
.byte 0xff, 0xff, 0xff, 0xff
.globl _sym_00c494a0
_sym_00c494a0:
.byte 0xff, 0xff, 0xff, 0xff
.globl _sym_00c494a4
_sym_00c494a4:
.byte 0xff, 0xff, 0xff, 0xff
.globl _sym_00c494a8
_sym_00c494a8:
.long _sym_00b8fbdb
.globl _sym_00c494ac
_sym_00c494ac:
.byte 0x00, 0x02
.globl _sym_00c494ae
_sym_00c494ae:
.byte 0xa0, 0x01, 0x80, 0x02, 0xc0, 0x01, 0x40, 0x01, 0xc0, 0x01, 0x40, 0x01, 0xe0, 0x00, 0x80, 0x02
.byte 0xa0, 0x01, 0x40, 0x01, 0xa0, 0x01, 0x00, 0x02, 0xa0, 0x01
.globl _sym_00c494c8
_sym_00c494c8:
.byte 0xff, 0xff, 0xff, 0xff
.globl _sym_00c494cc
_sym_00c494cc:
.byte 0xff, 0xff, 0xff, 0xff, 0x01, 0x00, 0x00, 0x00
.globl _sym_00c494d4
_sym_00c494d4:
.byte 0x01, 0x00, 0x00, 0x00
.globl _sym_00c494d8
_sym_00c494d8:
.byte 0x03, 0x10
.globl _sym_00c494da
_sym_00c494da:
.byte 0x10, 0x10, 0x11, 0x10, 0x12, 0x10, 0x13, 0x10, 0x14, 0x10, 0x15, 0x10, 0x16, 0x10, 0x17, 0x10
.byte 0x18, 0x10, 0x19, 0x10, 0x1a, 0x10, 0x1b, 0x10, 0x33, 0x10, 0x34, 0x10, 0x4d, 0x10, 0x4e, 0x10
.byte 0x4f, 0x10, 0x50, 0x10, 0x51, 0x10, 0x52, 0x10, 0x53, 0x10, 0xad, 0x10, 0xae, 0x10, 0xd1, 0x10
.byte 0xdb, 0x10, 0xe8, 0x10, 0xef, 0x10, 0xf3, 0x10, 0xf5, 0x10, 0x24, 0x11, 0x27, 0x11, 0x28, 0x11
.byte 0x32, 0x11, 0x09, 0x10, 0x0a, 0x10, 0x0b, 0x10, 0x0c, 0x10, 0x0d, 0x10, 0x0e, 0x10, 0x0f, 0x10
.byte 0x1c, 0x10, 0x1d, 0x10, 0x1e, 0x10, 0x27, 0x10, 0x28, 0x10, 0x29, 0x10, 0x2a, 0x10, 0x2b, 0x10
.byte 0x37, 0x10, 0x38, 0x10, 0x39, 0x10, 0x3b, 0x10, 0x3c, 0x10, 0x3d, 0x10, 0x3e, 0x10, 0x3f, 0x10
.byte 0x44, 0x10, 0x45, 0x10, 0x46, 0x10, 0x47, 0x10, 0x48, 0x10, 0x49, 0x10, 0x4a, 0x10, 0x4b, 0x10
.byte 0x4c, 0x10, 0x97, 0x10, 0x9b, 0x10, 0x9c, 0x10, 0xdd, 0x10, 0xe7, 0x10, 0xe9, 0x10, 0xea, 0x10
.byte 0x26, 0x11, 0x29, 0x11, 0x2e, 0x11, 0x2f, 0x11, 0x23, 0x10, 0x24, 0x10, 0x25, 0x10, 0x26, 0x10
.byte 0xe1, 0x10, 0xf2, 0x10, 0xf7, 0x10, 0x1f, 0x10, 0x20, 0x10, 0x21, 0x10, 0x22, 0x10, 0x01, 0x10
.byte 0x02, 0x10, 0x04, 0x10, 0x05, 0x10, 0x3a, 0x10, 0x73, 0x10, 0x74, 0x10, 0x1a, 0x30, 0x1b, 0x30
.byte 0x1c, 0x30, 0x00, 0x00, 0x00, 0x00, 0x00, 0x00, 0x00, 0x00, 0x00, 0x00, 0x00, 0x00, 0x00, 0x00
.byte 0x00, 0x00, 0xff, 0xff, 0xff, 0xff
.globl _sym_00c495b0
_sym_00c495b0:
.byte 0xff, 0xff, 0xff, 0xff
.globl _sym_00c495b4
_sym_00c495b4:
.byte 0x00, 0x00, 0x80, 0x3f
.globl _sym_00c495b8
_sym_00c495b8:
.byte 0x00, 0x00, 0x00, 0x3f
.globl _sym_00c495bc
_sym_00c495bc:
.byte 0x02, 0x00, 0x00, 0x00
.globl _sym_00c495c0
_sym_00c495c0:
.byte 0x00, 0x00, 0x80, 0x3f
.globl _sym_00c495c4
_sym_00c495c4:
.byte 0xcd, 0xcc, 0x4c, 0x3e
.globl _sym_00c495c8
_sym_00c495c8:
.byte 0x06, 0x00, 0x00, 0x00
.globl _sym_00c495cc
_sym_00c495cc:
.byte 0xcd, 0xcc, 0xcc, 0x3f
.globl _sym_00c495d0
_sym_00c495d0:
.byte 0x9a, 0x99, 0x19, 0x3e
.globl _sym_00c495d4
_sym_00c495d4:
.byte 0x07, 0x00, 0x00, 0x00
.globl _sym_00c495d8
_sym_00c495d8:
.byte 0x00, 0x00, 0x80, 0x3f
.globl _sym_00c495dc
_sym_00c495dc:
.byte 0x9a, 0x99, 0x99, 0x3e
.globl _sym_00c495e0
_sym_00c495e0:
.byte 0x29, 0x00, 0x00, 0x00
.globl _sym_00c495e4
_sym_00c495e4:
.byte 0x00, 0x00, 0x80, 0x3f
.globl _sym_00c495e8
_sym_00c495e8:
.byte 0xcd, 0xcc, 0x4c, 0x3e
.globl _sym_00c495ec
_sym_00c495ec:
.byte 0x2b, 0x00, 0x00, 0x00
.globl _sym_00c495f0
_sym_00c495f0:
.byte 0x00, 0x00, 0x80, 0x3f
.globl _sym_00c495f4
_sym_00c495f4:
.byte 0xcd, 0xcc, 0x4c, 0x3d, 0x2c, 0x00, 0x00, 0x00, 0x00, 0x00, 0x80, 0x3f, 0xcd, 0xcc, 0xcc, 0x3d
.byte 0x2d, 0x00, 0x00, 0x00, 0x00, 0x00, 0x80, 0x3f, 0xcd, 0xcc, 0xcc, 0x3d, 0x79, 0x00, 0x00, 0x00
.byte 0x00, 0x00, 0x80, 0x3f, 0xcd, 0xcc, 0x4c, 0x3d, 0x7a, 0x00, 0x00, 0x00, 0x00, 0x00, 0x80, 0x3f
.byte 0xcd, 0xcc, 0xcc, 0x3d, 0x66, 0x00, 0x00, 0x00, 0x00, 0x00, 0x80, 0x3f, 0xcd, 0xcc, 0xcc, 0x3d
.byte 0x6a, 0x00, 0x00, 0x00, 0xcd, 0xcc, 0xcc, 0x3f, 0xcd, 0xcc, 0xcc, 0x3d, 0x6b, 0x00, 0x00, 0x00
.byte 0x00, 0x00, 0x80, 0x3f, 0x9a, 0x99, 0x99, 0x3e, 0x01, 0x00, 0x00, 0x00, 0x01, 0x00, 0x00, 0x00
.byte 0x01, 0x00, 0x00, 0x00, 0x01, 0x00, 0x00, 0x00, 0x02, 0x00, 0x00, 0x00
.globl _sym_00c49660
_sym_00c49660:
.byte 0x1c, 0x00, 0x1d, 0x00, 0x1e, 0x00, 0x1f, 0x00, 0x20, 0x00, 0x21, 0x00, 0x22, 0x00, 0x00, 0x00
.byte 0x01, 0x02, 0x02, 0x03, 0x02, 0x03, 0x03, 0x04, 0x02, 0x03, 0x03, 0x04, 0x03, 0x04, 0x04
.globl _sym_00c4967f
_sym_00c4967f:
.byte 0x05
.globl _sym_00c49680
_sym_00c49680:
.byte 0x00, 0x00, 0x00, 0x00, 0x01, 0x00, 0x00, 0x00, 0x02, 0x00, 0x00, 0x00, 0x00, 0x00, 0x00, 0x00
.byte 0x00, 0x00, 0x00, 0x00, 0x00, 0x00, 0x00, 0x00, 0x00, 0x00, 0x00, 0x00, 0x00, 0x00, 0x00, 0x00
.byte 0x00, 0x00, 0x00, 0x00, 0x00, 0x00, 0x00, 0x00, 0x00, 0x00, 0x00, 0x00, 0x00, 0x00, 0x00, 0x00
.byte 0x00, 0x00, 0x00, 0x00, 0x00, 0x00, 0x00, 0x00, 0x00, 0x00, 0x00, 0x00, 0x00, 0x00, 0x00, 0x00
.byte 0x00, 0x00, 0x00, 0x00, 0x01, 0x00, 0x00, 0x00, 0x02, 0x00, 0x00, 0x00, 0x03, 0x00, 0x00, 0x00
.globl _sym_00c496d0
_sym_00c496d0:
.byte 0xff, 0xff, 0xff, 0xff
.globl _sym_00c496d4
_sym_00c496d4:
.byte 0x01
.globl _sym_00c496d5
_sym_00c496d5:
.byte 0x03, 0x00, 0x00
.globl _sym_00c496d8
_sym_00c496d8:
.byte 0x01, 0x00, 0x00, 0x00
.globl _sym_00c496dc
_sym_00c496dc:
.byte 0x01, 0x00, 0x00, 0x00
.globl _sym_00c496e0
_sym_00c496e0:
.byte 0x01, 0x00, 0x00, 0x00, 0x01, 0x04, 0x05, 0x06, 0x07, 0x08
.globl _sym_00c496ea
_sym_00c496ea:
.byte 0x01, 0x00
.globl _sym_00c496ec
_sym_00c496ec:
.byte 0x00, 0x00, 0x80, 0x3f
.globl _sym_00c496f0
_sym_00c496f0:
.byte 0x00, 0x00, 0x00, 0x40, 0x00, 0x00, 0x00, 0x40, 0x00, 0x00, 0x00, 0x40, 0x00, 0x00, 0x00, 0x00
.globl _sym_00c49700
_sym_00c49700:
.byte 0x00, 0x00, 0x00, 0x40
.globl _sym_00c49704
_sym_00c49704:
.byte 0x00, 0x00, 0x80, 0xbf, 0x00, 0x00, 0x80, 0xbf, 0x00, 0x00, 0x80, 0x3f, 0x00, 0x00, 0x00, 0x00
.globl _sym_00c49714
_sym_00c49714:
.byte 0xf0, 0x23, 0x74, 0x49
.globl _sym_00c49718
_sym_00c49718:
.byte 0x0a, 0x00, 0x00, 0x00
.globl _sym_00c4971c
_sym_00c4971c:
.byte 0x3c, 0x46, 0x78, 0xc8
.globl _sym_00c49720
_sym_00c49720:
.byte 0x01, 0x00, 0x00, 0x00
.globl _sym_00c49724
_sym_00c49724:
.byte 0x00, 0x00, 0x80, 0x3f
.globl _sym_00c49728
_sym_00c49728:
.byte 0x00, 0x00, 0x80, 0x3f
.globl _sym_00c4972c
_sym_00c4972c:
.byte 0x00, 0x00, 0x00, 0x00
.globl _sym_00c49730
_sym_00c49730:
.byte 0x00, 0x00, 0x00, 0x00
.globl _sym_00c49734
_sym_00c49734:
.byte 0x00, 0x00, 0x80, 0xbf
.globl _sym_00c49738
_sym_00c49738:
.byte 0x00, 0x00, 0x80, 0x3f
.globl _sym_00c4973c
_sym_00c4973c:
.byte 0x00, 0x00, 0x00, 0x00
.globl _sym_00c49740
_sym_00c49740:
.byte 0x00, 0x00, 0x00, 0x00
.globl _sym_00c49744
_sym_00c49744:
.byte 0x00, 0x00, 0x80, 0x3f
.globl _sym_00c49748
_sym_00c49748:
.byte 0x00, 0x00, 0x80, 0x3f
.globl _sym_00c4974c
_sym_00c4974c:
.byte 0x00, 0x00, 0x80, 0x3f
.globl _sym_00c49750
_sym_00c49750:
.byte 0x00, 0x00, 0x80, 0x3f
.globl _sym_00c49754
_sym_00c49754:
.byte 0x00, 0x00, 0x80, 0x3f
.globl _sym_00c49758
_sym_00c49758:
.byte 0x00, 0x00, 0x80, 0x3f
.globl _sym_00c4975c
_sym_00c4975c:
.byte 0x00, 0x00, 0x80, 0x3f
.globl _sym_00c49760
_sym_00c49760:
.byte 0x00, 0x00, 0x80, 0x3f
.globl _sym_00c49764
_sym_00c49764:
.byte 0x00, 0x00, 0x00, 0x00
.globl _sym_00c49768
_sym_00c49768:
.byte 0x00, 0x00, 0x00, 0x00
.globl _sym_00c4976c
_sym_00c4976c:
.byte 0x00, 0x00, 0x00, 0x00
.globl _sym_00c49770
_sym_00c49770:
.byte 0x00, 0x00, 0x80, 0x3f
.globl _sym_00c49774
_sym_00c49774:
.byte 0xcd, 0xcc, 0x4c, 0x3e
.globl _sym_00c49778
_sym_00c49778:
.byte 0xcd, 0xcc, 0x4c, 0x3e
.globl _sym_00c4977c
_sym_00c4977c:
.byte 0xcd, 0xcc, 0x4c, 0x3e
.globl _sym_00c49780
_sym_00c49780:
.byte 0x00, 0x00, 0x80, 0x3f
.globl _sym_00c49784
_sym_00c49784:
.byte 0x05, 0x06, 0x07, 0x08, 0x02
.globl _sym_00c49789
_sym_00c49789:
.byte 0x00, 0x00, 0x00
.long _sym_00838300
.long _sym_008384f0
.long _sym_008382c0
.globl _sym_00c49798
_sym_00c49798:
.byte 0x01, 0x00, 0x00, 0x00
.globl _sym_00c4979c
_sym_00c4979c:
.byte 0x42, 0x4d, 0x36, 0x80, 0x0a, 0x00, 0x00, 0x00, 0x00, 0x00, 0x36, 0x00, 0x00, 0x00, 0x28, 0x00
.byte 0x00, 0x00, 0x00, 0x02, 0x00, 0x00
.globl _sym_00c497b2
_sym_00c497b2:
.byte 0xc0, 0x01, 0x00, 0x00, 0x01, 0x00, 0x18, 0x00, 0x00, 0x00, 0x00, 0x00, 0x00, 0x80, 0x0a, 0x00
.byte 0x00, 0x00, 0x00, 0x00, 0x00, 0x00, 0x00, 0x00, 0x00, 0x00, 0x00, 0x00, 0x00, 0x00, 0x00, 0x00
.globl _sym_00c497d2
_sym_00c497d2:
.byte 0x02
.globl _sym_00c497d3
_sym_00c497d3:
.byte 0x01
.globl _sym_00c497d4
_sym_00c497d4:
.byte 0x01, 0x00, 0x00, 0x00, 0x00
.globl _sym_00c497d9
_sym_00c497d9:
.byte 0x00, 0x00, 0x00, 0x00, 0x00, 0x00, 0x00, 0x00, 0x00, 0x00, 0x00, 0x00, 0x00, 0x00, 0x00, 0x00
.byte 0x00, 0x00, 0x00, 0x00, 0x00, 0x00, 0x00, 0x00, 0x00, 0x00, 0x00, 0x00, 0x00, 0x00, 0x00, 0x00
.byte 0x00, 0x00, 0x00, 0x00, 0x00, 0x00, 0x00, 0x00, 0x00, 0x00, 0x00, 0x00, 0x00, 0x00, 0x00, 0x00
.byte 0x00, 0x00, 0x00, 0x00, 0x00, 0x00, 0x00, 0x00, 0x00, 0x00, 0x00, 0x00, 0x00, 0x00, 0x00, 0x00
.byte 0x08, 0x08, 0x08, 0x08, 0x08, 0x08, 0x08, 0x08, 0x08, 0x08, 0x08, 0x08, 0x08, 0x08, 0x08, 0x08
.byte 0x08, 0x08, 0x08, 0x08, 0x08, 0x08, 0x08, 0x08, 0x08, 0x08, 0x08, 0x08, 0x08, 0x08, 0x08, 0x08
.byte 0x08, 0x08, 0x08, 0x08, 0x08, 0x08, 0x08, 0x08, 0x08, 0x08, 0x08, 0x08, 0x08, 0x08, 0x08, 0x08
.byte 0x08, 0x08, 0x08, 0x08, 0x08, 0x08, 0x08, 0x08, 0x08, 0x08, 0x08, 0x08, 0x08, 0x08, 0x08, 0x00
.byte 0x08, 0x0c, 0x0c, 0x0c, 0x0c, 0x0c, 0x0c, 0x0c, 0x0c, 0x0c, 0x0c, 0x0c, 0x0c, 0x0c, 0x0c, 0x0c
.byte 0x0c, 0x0c, 0x0c, 0x0c, 0x0c, 0x0c, 0x0c, 0x0c, 0x0c, 0x0c, 0x0c, 0x0c, 0x0c, 0x0c, 0x0c, 0x0c
.byte 0x08, 0x0a, 0x0a, 0x0a, 0x0a, 0x0a, 0x09, 0x09, 0x09, 0x09, 0x09, 0x09, 0x09, 0x09, 0x09, 0x09
.byte 0x09, 0x09, 0x09, 0x09, 0x09, 0x09, 0x09, 0x09, 0x09, 0x09, 0x09, 0x09, 0x09, 0x09, 0x09, 0x09
.byte 0x09, 0x09, 0x09, 0x09, 0x09, 0x09, 0x09, 0x09, 0x09, 0x09, 0x09, 0x09, 0x09, 0x09, 0x09, 0x09
.byte 0x09, 0x09, 0x09, 0x09, 0x09, 0x09, 0x09, 0x09, 0x09, 0x09, 0x09, 0x09, 0x09, 0x09, 0x09, 0x09
.byte 0x0c, 0x0c, 0x0c, 0x0c, 0x0c, 0x0c, 0x0c, 0x0c, 0x0c, 0x0c, 0x0c, 0x0c, 0x0c, 0x0c, 0x0c, 0x0c
.byte 0x0c, 0x0c, 0x0c, 0x0c, 0x0c, 0x0c, 0x0c, 0x0c, 0x0c, 0x0c, 0x0c, 0x0c, 0x0c, 0x00, 0x00, 0x00
.byte 0x00, 0x00, 0x00
.globl _sym_00c498dc
_sym_00c498dc:
.byte 0x00, 0x00, 0xf0, 0x01
.globl _sym_00c498e0
_sym_00c498e0:
.long _sym_00b55268
.long _sym_00b59ec0
.long _sym_00b59ec8
.long _sym_00b59ed0
.long _sym_00b59ed8
.long _sym_00b59ee0
.long _sym_00b59ee8
.long _sym_00b59ef0
.long _sym_00b59ef8
.long _sym_00b59f00
.long _sym_00b59f08
.long _sym_00b59f10
.long _sym_00b59f18
.long _sym_00b59f20
.long _sym_00b59f28
.long _sym_00b59f28
.byte 0x00, 0x00, 0x00, 0x00, 0x00, 0x00, 0x00, 0x00, 0x00, 0x00, 0x00, 0x00, 0x00, 0x00, 0x00, 0x00
.byte 0x00, 0x00, 0x00, 0x00, 0x00, 0x00, 0x00, 0x00, 0x00, 0x00, 0x00, 0x00, 0x00, 0x00, 0x00, 0x00
.byte 0x00, 0x00, 0x00, 0x00, 0x00, 0x00, 0x00, 0x00, 0x00, 0x00, 0x00, 0x00, 0x00, 0x00, 0x00, 0x00
.byte 0x00, 0x00, 0x00, 0x00, 0x00, 0x00, 0x00, 0x00, 0x00, 0x00, 0x00, 0x00, 0x00, 0x00, 0x00, 0x00
.byte 0x00, 0x00, 0x00, 0x00, 0x00, 0x00, 0x00, 0x00, 0x00, 0x00, 0x00, 0x00, 0x00, 0x00, 0x00, 0x00
.byte 0x00, 0x00, 0x00, 0x00, 0x00, 0x00, 0x00, 0x00, 0x00, 0x00, 0x00, 0x00, 0x00, 0x00, 0x00, 0x00
.globl _sym_00c49980
_sym_00c49980:
.byte 0x00, 0x00, 0x00, 0x00, 0x01, 0x00, 0x00, 0x00, 0x01, 0x00, 0x00, 0x00, 0x01, 0x00, 0x00, 0x00
.byte 0x26, 0x11, 0x00, 0x00, 0x00, 0x45, 0x00, 0x00, 0x10, 0x45, 0x00, 0x00, 0x18, 0x45, 0x00, 0x00
.byte 0x00, 0x00, 0x00, 0x00, 0x77, 0x77, 0x77, 0x77, 0x77, 0x77, 0x77, 0x77, 0x77, 0x77, 0x77, 0x77
.byte 0x77, 0x77, 0x77, 0x77, 0x77, 0x77, 0x77, 0x77, 0x77, 0x77, 0x77, 0x77, 0x77, 0x77, 0x77, 0x77
.byte 0x77, 0x77, 0x77, 0x77, 0x77, 0x77, 0x77, 0x77, 0x77, 0x77, 0x77, 0x77, 0x77, 0x77, 0x77, 0x77
.byte 0x77, 0x77, 0x77, 0x77, 0x77, 0x77, 0x77, 0x77, 0x77, 0x77, 0x77, 0x77, 0x77, 0x77, 0x77, 0x77
.byte 0x00, 0x00, 0x00, 0x00, 0x00, 0x00, 0x00, 0x00, 0x00, 0x00, 0x00, 0x00, 0x41, 0x00, 0x00, 0x50
.byte 0x40, 0x80, 0x00, 0x00, 0x00, 0x00, 0x00, 0x08, 0x00, 0x00, 0x00, 0x00, 0x00, 0x00, 0x00, 0x00
.byte 0x00, 0x00, 0x00, 0x00, 0x00, 0x00, 0x08, 0x80, 0x00, 0x08, 0x00, 0x80, 0x08, 0x00, 0x00, 0x80
.byte 0x00, 0x08, 0x08, 0x80, 0x08, 0x00, 0x08, 0x80, 0x08, 0x08, 0x00, 0x80, 0x08, 0x08, 0x08, 0x80
.byte 0x18, 0x10, 0x10, 0x80, 0x10, 0x18, 0x10, 0x80, 0x18, 0x10, 0x18, 0x80, 0x10, 0x18, 0x18, 0x80
.byte 0x18, 0x18, 0x10, 0x80, 0x18, 0x18, 0x18, 0x80, 0x18, 0x20, 0x18, 0x80, 0x20, 0x18, 0x18, 0x80
.byte 0x10, 0x08, 0x08, 0x80, 0x08, 0x10, 0x08, 0x80, 0x08, 0x08, 0x10, 0x80, 0x10, 0x10, 0x08, 0x80
.byte 0x10, 0x08, 0x10, 0x80, 0x08, 0x10, 0x10, 0x80, 0x10, 0x10, 0x10, 0x80, 0x10, 0x10, 0x18, 0x80
.byte 0x18, 0x18, 0x20, 0x80, 0x20, 0x20, 0x18, 0x80, 0x20, 0x18, 0x20, 0x80, 0x18, 0x20, 0x20, 0x80
.byte 0x20, 0x20, 0x20, 0x80, 0x20, 0x20, 0x28, 0x80, 0x28, 0x20, 0x20, 0x80, 0x20, 0x28, 0x20, 0x80
.byte 0x28, 0x20, 0x28, 0x80, 0x20, 0x28, 0x28, 0x80, 0x28, 0x28, 0x20, 0x80, 0x28, 0x28, 0x28, 0x80
.byte 0x28, 0x30, 0x28, 0x80, 0x28, 0x28, 0x30, 0x80, 0x30, 0x28, 0x28, 0x80, 0x28, 0x30, 0x30, 0x80
.byte 0x38, 0x38, 0x30, 0x80, 0x38, 0x38, 0x38, 0x80, 0x38, 0x40, 0x38, 0x80, 0x40, 0x38, 0x38, 0x80
.byte 0x38, 0x38, 0x40, 0x80, 0x40, 0x40, 0x38, 0x80, 0x40, 0x38, 0x40, 0x80, 0x38, 0x40, 0x40, 0x80
.byte 0x30, 0x28, 0x30, 0x80, 0x30, 0x30, 0x28, 0x80, 0x30, 0x30, 0x30, 0x80, 0x38, 0x30, 0x30, 0x80
.byte 0x30, 0x30, 0x38, 0x80, 0x30, 0x38, 0x30, 0x80, 0x38, 0x30, 0x38, 0x80, 0x30, 0x38, 0x38, 0x80
.byte 0x40, 0x40, 0x40, 0x80, 0x40, 0x40, 0x48, 0x80, 0x40, 0x48, 0x40, 0x80, 0x48, 0x40, 0x40, 0x80
.byte 0x40, 0x48, 0x48, 0x80, 0x48, 0x40, 0x48, 0x80, 0x48, 0x48, 0x40, 0x80, 0x48, 0x48, 0x48, 0x80
.byte 0x50, 0x48, 0x48, 0x80, 0x48, 0x48, 0x50, 0x80, 0x48, 0x50, 0x48, 0x80, 0x50, 0x48, 0x50, 0x80
.byte 0x48, 0x50, 0x50, 0x80, 0x50, 0x50, 0x48, 0x80, 0x50, 0x50, 0x50, 0x80, 0x50, 0x58, 0x50, 0x80
.byte 0x60, 0x58, 0x58, 0x80, 0x58, 0x60, 0x60, 0x80, 0x60, 0x58, 0x60, 0x80, 0x60, 0x60, 0x58, 0x80
.byte 0x60, 0x60, 0x60, 0x80, 0x68, 0x60, 0x60, 0x80, 0x60, 0x60, 0x68, 0x80, 0x60, 0x68, 0x60, 0x80
.byte 0x58, 0x50, 0x50, 0x80, 0x50, 0x50, 0x58, 0x80, 0x58, 0x58, 0x50, 0x80, 0x58, 0x50, 0x58, 0x80
.byte 0x50, 0x58, 0x58, 0x80, 0x58, 0x58, 0x58, 0x80, 0x58, 0x58, 0x60, 0x80, 0x58, 0x60, 0x58, 0x80
.byte 0x68, 0x60, 0x68, 0x80, 0x60, 0x68, 0x68, 0x80, 0x68, 0x68, 0x60, 0x80, 0x68, 0x68, 0x68, 0x80
.byte 0x68, 0x70, 0x68, 0x80, 0x70, 0x68, 0x68, 0x80, 0x68, 0x68, 0x70, 0x80, 0x70, 0x70, 0x68, 0x80
.byte 0x70, 0x68, 0x70, 0x80, 0x68, 0x70, 0x70, 0x80, 0x70, 0x70, 0x70, 0x80, 0x70, 0x70, 0x78, 0x80
.byte 0x70, 0x78, 0x70, 0x80, 0x78, 0x70, 0x70, 0x80, 0x70, 0x78, 0x78, 0x80, 0x78, 0x78, 0x70, 0x80
.byte 0x80, 0x88, 0x80, 0x80, 0x88, 0x80, 0x88, 0x80, 0x80, 0x88, 0x88, 0x80, 0x88, 0x88, 0x80, 0x80
.byte 0x88, 0x88, 0x88, 0x80, 0x88, 0x90, 0x88, 0x80, 0x90, 0x88, 0x88, 0x80, 0x88, 0x88, 0x90, 0x80
.byte 0x78, 0x78, 0x78, 0x80, 0x80, 0x78, 0x78, 0x80, 0x78, 0x80, 0x78, 0x80, 0x78, 0x78, 0x80, 0x80
.byte 0x78, 0x80, 0x80, 0x80, 0x80, 0x80, 0x80, 0x80, 0x80, 0x80, 0x88, 0x80, 0x88, 0x80, 0x80, 0x80
.byte 0x90, 0x90, 0x88, 0x80, 0x90, 0x88, 0x90, 0x80, 0x88, 0x90, 0x90, 0x80, 0x90, 0x90, 0x90, 0x80
.byte 0x90, 0x90, 0x98, 0x80, 0x98, 0x90, 0x90, 0x80, 0x98, 0x90, 0x98, 0x80, 0x98, 0x98, 0x90, 0x80
.byte 0x90, 0x98, 0x98, 0x80, 0x98, 0x98, 0x98, 0x80, 0xa0, 0x98, 0x98, 0x80, 0x98, 0x98, 0xa0, 0x80
.byte 0x98, 0xa0, 0x98, 0x80, 0xa0, 0x98, 0xa0, 0x80, 0x98, 0xa0, 0xa0, 0x80, 0xa0, 0xa0, 0xa0, 0x80
.byte 0xa8, 0xb0, 0xa8, 0x80, 0xa8, 0xa8, 0xb0, 0x80, 0xb0, 0xb0, 0xa8, 0x80, 0xa8, 0xb0, 0xb0, 0x80
.byte 0xb0, 0xb0, 0xb0, 0x80, 0xb0, 0xb0, 0xb8, 0x80, 0xb8, 0xb0, 0xb0, 0x80, 0xb0, 0xb8, 0xb0, 0x80
.byte 0xa0, 0xa8, 0xa0, 0x80, 0xa0, 0xa0, 0xa8, 0x80, 0xa8, 0xa0, 0xa0, 0x80, 0xa0, 0xa8, 0xa8, 0x80
.byte 0xa8, 0xa0, 0xa8, 0x80, 0xa8, 0xa8, 0xa0, 0x80, 0xa8, 0xa8, 0xa8, 0x80, 0xb0, 0xa8, 0xa8, 0x80
.byte 0xb8, 0xb0, 0xb8, 0x80, 0xb0, 0xb8, 0xb8, 0x80, 0xb8, 0xb8, 0xb0, 0x80, 0xb8, 0xb8, 0xb8, 0x80
.byte 0xb8, 0xc0, 0xb8, 0x80, 0xb8, 0xb8, 0xc0, 0x80, 0xc0, 0xb8, 0xb8, 0x80, 0xb8, 0xc0, 0xc0, 0x80
.byte 0xc0, 0xb8, 0xc0, 0x80, 0xc0, 0xc0, 0xb8, 0x80, 0xc0, 0xc0, 0xc0, 0x80, 0xc8, 0xc8, 0xc8, 0x80
.byte 0xc8, 0xd0, 0xc8, 0x80, 0xc8, 0xd0, 0xd0, 0x80, 0xd0, 0xc8, 0xd0, 0x80, 0xd0, 0xd0, 0xc8, 0x80
.byte 0xe8, 0xe0, 0xe0, 0x80, 0xe0, 0xe8, 0xe8, 0x80, 0xe8, 0xe8, 0xe8, 0x80, 0xf0, 0xf0, 0xf0, 0x80
.byte 0xf8, 0xf8, 0xf8, 0x80, 0x00, 0x00, 0x00, 0x00, 0x00, 0x00, 0x00, 0x00, 0x00, 0x00, 0x00, 0x00
.byte 0xd0, 0xd0, 0xd0, 0x80, 0xd8, 0xd0, 0xd0, 0x80, 0xd8, 0xd8, 0xd0, 0x80, 0xd8, 0xd8, 0xd8, 0x80
.byte 0xe0, 0xd8, 0xd8, 0x80, 0xd8, 0xd8, 0xe0, 0x80, 0xe0, 0xe0, 0xd8, 0x80, 0xe0, 0xe0, 0xe0, 0x80
.byte 0x00, 0x00, 0x00, 0x00, 0x00, 0x00, 0x00, 0x00, 0x00, 0x00, 0x00, 0x00, 0x00, 0x00, 0x00, 0x00
.byte 0x00, 0x00, 0x00, 0x00, 0x00, 0x00, 0x00, 0x00, 0x00, 0x00, 0x00, 0x00, 0x00, 0x00, 0x00, 0x00
.byte 0x00, 0x00, 0x00, 0x00, 0x00, 0x00, 0x00, 0x00, 0x00, 0x00, 0x00, 0x00, 0x00, 0x00, 0x00, 0x00
.byte 0x00, 0x00, 0x00, 0x00, 0x00, 0x00, 0x00, 0x00, 0x00, 0x00, 0x00, 0x00, 0x00, 0x00, 0x00, 0x00
.byte 0x00, 0x00, 0x00, 0x00, 0x00, 0x00, 0x00, 0x00, 0x00, 0x00, 0x00, 0x00, 0x00, 0x00, 0x00, 0x00
.byte 0x00, 0x00, 0x00, 0x00, 0x00, 0x00, 0x00, 0x00, 0x00, 0x00, 0x00, 0x00, 0x00, 0x00, 0x00, 0x00
.byte 0x00, 0x00, 0x00, 0x00, 0x00, 0x00, 0x00, 0x00, 0x00, 0x00, 0x00, 0x00, 0x00, 0x00, 0x00, 0x00
.byte 0x00, 0x00, 0x00, 0x00, 0x00, 0x00, 0x00, 0x00, 0x00, 0x00, 0x00, 0x00, 0x00, 0x00, 0x00, 0x00
.byte 0x00, 0x00, 0x00, 0x00, 0x00, 0x00, 0x00, 0x00, 0x00, 0x00, 0x00, 0x00, 0x00, 0x00, 0x00, 0x00
.byte 0x00, 0x00, 0x00, 0x00, 0x00, 0x00, 0x00, 0x00, 0x00, 0x00, 0x00, 0x00, 0x00, 0x00, 0x00, 0x00
.byte 0x00, 0x00, 0x00, 0x00, 0x00, 0x00, 0x00, 0x00, 0x00, 0x00, 0x00, 0x00, 0x00, 0x00, 0x00, 0x00
.byte 0x00, 0x00, 0x00, 0x00, 0x00, 0x00, 0x00, 0x00, 0x00, 0x00, 0x00, 0x00, 0x00, 0x00, 0x00, 0x00
.byte 0x00, 0x00, 0x00, 0x00, 0x00, 0x00, 0x00, 0x00, 0x00, 0x00, 0x00, 0x00, 0x00, 0x00, 0x00, 0x00
.byte 0x00, 0x00, 0x00, 0x00, 0x00, 0x00, 0x00, 0x00, 0x00, 0x00, 0x00, 0x00, 0x00, 0x00, 0x00, 0x00
.byte 0x00, 0x00, 0x00, 0x00, 0x00, 0x00, 0x00, 0x00, 0x00, 0x00, 0x00, 0x00, 0x00, 0x00, 0x00, 0x00
.byte 0x00, 0x00, 0x00, 0x00, 0x00, 0x00, 0x00, 0x00, 0x00, 0x00, 0x00, 0x00, 0x00, 0x00, 0x00, 0x00
.byte 0x00, 0x00, 0x00, 0x00, 0x00, 0x00, 0x00, 0x00, 0x00, 0x00, 0x00, 0x00, 0x00, 0x00, 0x00, 0x00
.byte 0x00, 0x00, 0x00, 0x00, 0x00, 0x00, 0x00, 0x00, 0x00, 0x00, 0x00, 0x00, 0x00, 0x00, 0x00, 0x00
.byte 0x77, 0x77, 0x77, 0x77, 0x77, 0x77, 0x77, 0x77, 0x77, 0x77, 0x77, 0x77, 0x77, 0x77, 0x77, 0x77
.byte 0x77, 0x77, 0x77, 0x77, 0x77, 0x77, 0x77, 0x77, 0x77, 0x77, 0x77, 0x77, 0x77, 0x77, 0x77, 0x77
.byte 0x77, 0x77, 0x77, 0x77, 0x77, 0x77, 0x77, 0x77, 0x77, 0x77, 0x77, 0x77, 0x77, 0x77, 0x77, 0x77
.byte 0x77, 0x77, 0x77, 0x77, 0x77, 0x77, 0x77, 0x77, 0x77, 0x77, 0x77, 0x77, 0x77, 0x77, 0x77, 0x77
.byte 0x77, 0x77, 0x77, 0x77, 0x77, 0x77, 0x77, 0x77, 0x77, 0x77, 0x77, 0x77, 0x77, 0x77, 0x77, 0x77
.byte 0x77, 0x77, 0x77, 0x77, 0x77, 0x77, 0x77, 0x77, 0x77, 0x77, 0x77, 0x77, 0x77, 0x77, 0x77, 0x77
.byte 0x00, 0x00, 0x00, 0x00, 0x00, 0x00, 0x00, 0x00, 0x00, 0x00, 0x00, 0x00, 0x01, 0x04, 0x00, 0x50
.byte 0x00, 0x84, 0x00, 0x00, 0x00, 0x00, 0x00, 0x08, 0x00, 0x00, 0x00, 0x00, 0x00, 0x00, 0x00, 0x00
.byte 0x00, 0x00, 0x00, 0x00, 0x00, 0x00, 0x00, 0x00, 0x00, 0x00, 0x00, 0x00, 0x00, 0x00, 0x00, 0x00
.byte 0x00, 0x00, 0x00, 0x00, 0x00, 0x00, 0x00, 0x00, 0x00, 0x00, 0x00, 0x00, 0x00, 0x00, 0x00, 0x00
.byte 0x00, 0x00, 0x00, 0x00, 0x00, 0x00, 0x00, 0x00, 0x00, 0x00, 0x00, 0x00, 0x00, 0x00, 0x00, 0x00
.byte 0x00, 0x00, 0x00, 0x00, 0x00, 0x00, 0x00, 0x00, 0x00, 0x00, 0x00, 0x00, 0x00, 0x00, 0x00, 0x00
.byte 0x00, 0x00, 0x00, 0x00, 0x00, 0x00, 0x00, 0x00, 0x00, 0x00, 0x00, 0x00, 0x00, 0x00, 0x00, 0x00
.byte 0x00, 0x00, 0x00, 0x00, 0x00, 0x00, 0x00, 0x00, 0x00, 0x00, 0x00, 0x00, 0x00, 0x00, 0x00, 0x00
.byte 0x00, 0x00, 0x00, 0x00, 0x00, 0x00, 0x00, 0x00, 0x00, 0x00, 0x00, 0x00, 0x00, 0x00, 0x00, 0x00
.byte 0x00, 0x00, 0x00, 0x00, 0x00, 0x00, 0x00, 0x00, 0x00, 0x00, 0x00, 0x00, 0x00, 0x00, 0x00, 0x00
.byte 0x00, 0x00, 0x00, 0x00, 0x00, 0x00, 0x00, 0x00, 0x00, 0x00, 0x00, 0x00, 0x00, 0x00, 0x00, 0x00
.byte 0x00, 0x00, 0x00, 0x00, 0x00, 0x00, 0x00, 0x00, 0x00, 0x00, 0x00, 0x00, 0x00, 0x00, 0x00, 0x00
.byte 0x00, 0x00, 0x00, 0x00, 0x00, 0x00, 0x00, 0x00, 0x00, 0x00, 0x00, 0x00, 0x00, 0x00, 0x00, 0x00
.byte 0x00, 0x00, 0x00, 0x00, 0x00, 0x00, 0x00, 0x00, 0x00, 0x00, 0x00, 0x00, 0x00, 0x00, 0x00, 0x00
.byte 0x00, 0x00, 0x00, 0x00, 0x00, 0x00, 0x00, 0x00, 0x00, 0x00, 0x00, 0x00, 0x00, 0x00, 0x00, 0x00
.byte 0x00, 0x00, 0x00, 0x00, 0x00, 0x00, 0x00, 0x00, 0x00, 0x00, 0x00, 0x00, 0x00, 0x00, 0x00, 0x00
.byte 0x00, 0x00, 0x00, 0x00, 0x00, 0x00, 0x00, 0x00, 0x00, 0x00, 0x00, 0x00, 0x00, 0x00, 0x00, 0x00
.byte 0x00, 0x00, 0x00, 0x00, 0x00, 0x00, 0x00, 0x00, 0x00, 0x00, 0x00, 0x00, 0x00, 0x00, 0x00, 0x00
.byte 0x00, 0x00, 0x00, 0x00, 0x00, 0x00, 0x00, 0x00, 0x00, 0x00, 0x00, 0x00, 0x00, 0x00, 0x00, 0x00
.byte 0x00, 0x00, 0x00, 0x00, 0x00, 0x00, 0x00, 0x00, 0x00, 0x00, 0x00, 0x00, 0x00, 0x00, 0x00, 0x00
.byte 0x00, 0x00, 0x00, 0x00, 0x00, 0x00, 0x00, 0x00, 0x00, 0x00, 0x00, 0x00, 0x00, 0x00, 0x00, 0x00
.byte 0x00, 0x00, 0x00, 0x00, 0x00, 0x00, 0x00, 0x00, 0x00, 0x00, 0x00, 0x00, 0x00, 0x00, 0x01, 0x03
.byte 0x00, 0x00, 0x00, 0x00, 0x00, 0x00, 0x00, 0x00, 0x00, 0x00, 0x00, 0x00, 0x00, 0x00, 0x00, 0x00
.byte 0x00, 0x00, 0x00, 0x00, 0x00, 0x00, 0x00, 0x00, 0x00, 0x00, 0x00, 0x00, 0x00, 0x00, 0x00, 0x00
.byte 0x00, 0x00, 0x00, 0x00, 0x00, 0x00, 0x00, 0x00, 0x00, 0x00, 0x00, 0x00, 0x00, 0x00, 0x00, 0x00
.byte 0x00, 0x00, 0x00, 0x00, 0x00, 0x00, 0x00, 0x00, 0x00, 0x00, 0x00, 0x00, 0x00, 0x00, 0x00, 0x00
