.code32
.section d085a000,"dw"
.long _sym_008b35a0
.long _sym_008b35b0
.byte 0x00, 0x00, 0x00, 0x00
.globl _sym_00c5a00c
_sym_00c5a00c:
.byte 0x00, 0x00, 0x00, 0x00, 0x00, 0x00, 0x00, 0x00
.globl _sym_00c5a014
_sym_00c5a014:
.long _sym_008b1580
.long _sym_008b3490
.long _sym_008b34b0
.long _sym_008b3530
.long _sym_008b35a0
.long _sym_008b35b0
.byte 0x00, 0x00, 0x00, 0x00, 0x00, 0x00, 0x00, 0x00, 0x00, 0x00, 0x00, 0x00
.globl _sym_00c5a038
_sym_00c5a038:
.byte 0xff, 0xff, 0xff, 0xff
.globl _sym_00c5a03c
_sym_00c5a03c:
.byte 0xff
.globl _sym_00c5a03d
_sym_00c5a03d:
.byte 0x01, 0x00, 0x00
.globl _sym_00c5a040
_sym_00c5a040:
.byte 0x3b, 0x3b, 0x3b, 0x00
.globl _sym_00c5a044
_sym_00c5a044:
.byte 0x01, 0x00, 0x00, 0x00
.globl _sym_00c5a048
_sym_00c5a048:
.byte 0x0a, 0x00, 0x00, 0x00
.globl _sym_00c5a04c
_sym_00c5a04c:
.byte 0x64, 0x00, 0x00, 0x00
.globl _sym_00c5a050
_sym_00c5a050:
.byte 0xe8, 0x03, 0x00, 0x00
.globl _sym_00c5a054
_sym_00c5a054:
.byte 0x10, 0x27, 0x00, 0x00
.globl _sym_00c5a058
_sym_00c5a058:
.byte 0xa0, 0x86, 0x01, 0x00
.globl _sym_00c5a05c
_sym_00c5a05c:
.byte 0x40, 0x42, 0x0f, 0x00
.globl _sym_00c5a060
_sym_00c5a060:
.byte 0x80, 0x96, 0x98, 0x00, 0x00, 0xe1, 0xf5, 0x05
.globl _sym_00c5a068
_sym_00c5a068:
.byte 0x01, 0x00, 0x00, 0x00
.globl _sym_00c5a06c
_sym_00c5a06c:
.long _sym_008be220
.long _sym_008be220
.long _sym_008be230
.long _sym_008be1a0
.long _sym_008be1a0
.long _sym_008be240
.globl _sym_00c5a084
_sym_00c5a084:
.byte 0x01, 0x00, 0x00, 0x00
.globl _sym_00c5a088
_sym_00c5a088:
.byte 0xff, 0xff, 0xff, 0xff
.globl _sym_00c5a08c
_sym_00c5a08c:
.long _sym_008bef20
.long _sym_008befc0
.long _sym_008bf020
.long _sym_008bf040
.long _sym_008bf070
.byte 0x00, 0x00, 0x00, 0x00, 0x00, 0x00, 0x00, 0x00, 0x00, 0x00, 0x00, 0x00, 0x00, 0x00, 0x00, 0x00
.globl _sym_00c5a0b0
_sym_00c5a0b0:
.long _sym_008c3320
.long _sym_008c3340
.long _sym_008c3360
.long _sym_008c3370
.long _sym_008c33b0
.long _sym_008c33c0
.byte 0x00, 0x00, 0x00, 0x00
.globl _sym_00c5a0cc
_sym_00c5a0cc:
.byte 0x00, 0x00, 0x00, 0x00, 0x00, 0x00, 0x00, 0x00
.globl _sym_00c5a0d4
_sym_00c5a0d4:
.byte 0x0d, 0x20, 0x08, 0x00
.globl _sym_00c5a0d8
_sym_00c5a0d8:
.byte 0x0d, 0x20, 0x08, 0x00, 0x0d, 0x20, 0x08, 0x00, 0x0d, 0x20, 0x08, 0x00, 0x0d, 0x20, 0x08, 0x00
.byte 0x0d, 0x20, 0x08, 0x00, 0x0d, 0x20, 0x08, 0x00, 0x0d, 0x20, 0x08, 0x00, 0x0d, 0x20, 0x08, 0x00
.byte 0x0e, 0x20, 0x08, 0x00, 0x0f, 0x20, 0x08, 0x00, 0x10, 0x20, 0x08, 0x00, 0x11, 0x20, 0x08, 0x00
.byte 0x12, 0x20, 0x08, 0x00, 0x13, 0x20, 0x08, 0x00, 0x14, 0x20, 0x08, 0x00, 0x15, 0x20, 0x08, 0x00
.byte 0x16, 0x20, 0x08, 0x00, 0x17, 0x20, 0x08, 0x00
.globl _sym_00c5a120
_sym_00c5a120:
.byte 0x0d, 0x20, 0x08, 0x00, 0x0d, 0x20, 0x08, 0x00, 0x0d, 0x20, 0x08, 0x00, 0x0d, 0x20, 0x08, 0x00
.byte 0x0d, 0x20, 0x08, 0x00, 0x0d, 0x20, 0x08, 0x00, 0x0d, 0x20, 0x08, 0x00, 0x0d, 0x20, 0x08, 0x00
.byte 0x0e, 0x20, 0x08, 0x00, 0x0f, 0x20, 0x08, 0x00, 0x10, 0x20, 0x08, 0x00
.globl _sym_00c5a14c
_sym_00c5a14c:
.byte 0x11, 0x20, 0x08, 0x00, 0x12, 0x20, 0x08, 0x00, 0x13, 0x20, 0x08, 0x00, 0x14, 0x20, 0x08, 0x00
.byte 0x15, 0x20, 0x08, 0x00, 0x16, 0x20, 0x08, 0x00, 0x17, 0x20, 0x08, 0x00
.globl _sym_00c5a168
_sym_00c5a168:
.byte 0x0d, 0x20, 0x0a, 0x00, 0x00, 0x20, 0x00, 0x00, 0x01, 0x20, 0x01, 0x00, 0x02, 0x20, 0x02, 0x00
.byte 0x03, 0x20, 0x03, 0x00, 0x04, 0x20, 0x04, 0x00, 0x05, 0x20, 0x05, 0x00, 0x00, 0x00, 0x00, 0x00
.globl _sym_00c5a188
_sym_00c5a188:
.byte 0x00, 0x20, 0x00, 0x00, 0x03, 0x20, 0x03, 0x00, 0x04, 0x20, 0x04, 0x00, 0x05, 0x20, 0x05, 0x00
.byte 0x00, 0x00, 0x00, 0x00
.globl _sym_00c5a19c
_sym_00c5a19c:
.byte 0x00, 0x20, 0x00, 0x00, 0x01, 0x20, 0x01, 0x00, 0x02, 0x20, 0x02, 0x00, 0x03, 0x20, 0x03, 0x00
.byte 0x04, 0x20, 0x04, 0x00, 0x05, 0x20, 0x05, 0x00, 0x00, 0x00, 0x00, 0x00, 0x00, 0x20, 0x00, 0x00
.byte 0x03, 0x20, 0x03, 0x00, 0x04, 0x20, 0x04, 0x00, 0x05, 0x20, 0x05, 0x00, 0x00, 0x00, 0x00, 0x00
.globl _sym_00c5a1cc
_sym_00c5a1cc:
.byte 0x00, 0x20, 0x00, 0x00, 0x01, 0x20, 0x01, 0x00, 0x02, 0x20, 0x02, 0x00, 0x03, 0x20, 0x03, 0x00
.byte 0x04, 0x20, 0x04, 0x00, 0x00, 0x00, 0x00, 0x00
.globl _sym_00c5a1e4
_sym_00c5a1e4:
.byte 0x00, 0x20, 0x00, 0x00, 0x03, 0x20, 0x03, 0x00, 0x04, 0x20, 0x04, 0x00, 0x00, 0x00, 0x00, 0x00
.globl _sym_00c5a1f4
_sym_00c5a1f4:
.byte 0x18, 0x20, 0x19, 0x20, 0x1a, 0x20, 0x1b, 0x20, 0x1c, 0x20, 0x1d, 0x20, 0x1e, 0x20, 0x1f, 0x20
.byte 0x20, 0x20, 0x21, 0x20, 0x22, 0x20, 0x23, 0x20, 0x24, 0x20, 0x25, 0x20, 0x26, 0x20, 0x27, 0x20
.byte 0x28, 0x20, 0x29, 0x20, 0x00, 0x00, 0x00, 0x00
.globl _sym_00c5a21c
_sym_00c5a21c:
.byte 0x2a, 0x20, 0x2b, 0x20, 0x2c, 0x20, 0x2d, 0x20, 0x2e, 0x20, 0x2f, 0x20, 0x30, 0x20, 0x31, 0x20
.byte 0x32, 0x20, 0x33, 0x20, 0x34, 0x20, 0x35, 0x20, 0x36, 0x20, 0x37, 0x20, 0x38, 0x20, 0x39, 0x20
.byte 0x3a, 0x20, 0x3b, 0x20, 0x00, 0x00, 0x00, 0x00
.globl _sym_00c5a244
_sym_00c5a244:
.byte 0x3c, 0x20, 0x3d, 0x20, 0x3e, 0x20, 0x3f, 0x20, 0x40, 0x20, 0x41, 0x20, 0x42, 0x20, 0x43, 0x20
.byte 0x44, 0x20, 0x45, 0x20, 0x46, 0x20, 0x47, 0x20, 0x00, 0x00, 0x00, 0x00
.globl _sym_00c5a260
_sym_00c5a260:
.byte 0x3c, 0x20, 0x3d, 0x20, 0x3e, 0x20, 0x3f, 0x20, 0x40, 0x20, 0x41, 0x20, 0x48, 0x20, 0x49, 0x20
.byte 0x4a, 0x20, 0x4b, 0x20, 0x4c, 0x20, 0x4d, 0x20, 0x42, 0x20, 0x43, 0x20, 0x44, 0x20, 0x45, 0x20
.byte 0x46, 0x20, 0x47, 0x20, 0x00, 0x00, 0x00, 0x00
.globl _sym_00c5a288
_sym_00c5a288:
.byte 0x18, 0x20, 0x19, 0x20, 0x1a, 0x20, 0x1b, 0x20, 0x1c, 0x20, 0x1d, 0x20, 0x1e, 0x20, 0x1f, 0x20
.byte 0x20, 0x20, 0x21, 0x20, 0x22, 0x20, 0x23, 0x20, 0x24, 0x20, 0x25, 0x20, 0x26, 0x20, 0x27, 0x20
.byte 0x28, 0x20, 0x29, 0x20, 0x2a, 0x20, 0x2b, 0x20, 0x2c, 0x20, 0x2d, 0x20, 0x2e, 0x20, 0x2f, 0x20
.byte 0x30, 0x20, 0x31, 0x20, 0x32, 0x20, 0x33, 0x20, 0x34, 0x20, 0x35, 0x20, 0x00, 0x00, 0x00, 0x00
.globl _sym_00c5a2c8
_sym_00c5a2c8:
.byte 0x18, 0x20, 0x19, 0x20, 0x1a, 0x20, 0x1b, 0x20, 0x1c, 0x20, 0x1d, 0x20, 0x1e, 0x20, 0x1f, 0x20
.byte 0x20, 0x20, 0x21, 0x20, 0x22, 0x20, 0x23, 0x20, 0x30, 0x20, 0x31, 0x20, 0x32, 0x20, 0x33, 0x20
.byte 0x34, 0x20, 0x35, 0x20, 0x00, 0x00, 0x00, 0x00
.globl _sym_00c5a2f0
_sym_00c5a2f0:
.long _sym_00c5a21c
.long _sym_00c5a1f4
.long _sym_00c5a244
.globl _sym_00c5a2fc
_sym_00c5a2fc:
.long _sym_008c5420
.long _sym_008c5eb0
.long _sym_008c5ec0
.long _sym_008c5ef0
.long _sym_008c6020
.long _sym_008c6070
.byte 0x00, 0x00, 0x00, 0x00, 0x00, 0x00, 0x00, 0x00, 0x00, 0x00, 0x00, 0x00
.globl _sym_00c5a320
_sym_00c5a320:
.long _sym_008c6080
.long _sym_008c6470
.long _sym_008c64c0
.long _sym_008c64f0
.long _sym_008c6690
.long _sym_008c66c0
.byte 0x00, 0x00, 0x00, 0x00, 0x00, 0x00, 0x00, 0x00, 0x00, 0x00, 0x00, 0x00, 0x00, 0x00, 0x00, 0x00
.byte 0x02, 0x00, 0x00, 0x00, 0x00, 0x00, 0x00, 0x00, 0x01, 0x00, 0x00, 0x00
.long _sym_008cb400
.long _sym_008cb430
.byte 0x00, 0x00, 0x03, 0x00, 0x02, 0x00, 0x00, 0x00, 0x01, 0x00, 0x00, 0x00, 0x03, 0x00, 0x4a, 0x00
.byte 0x00, 0x00, 0x00, 0x00, 0x00, 0x00, 0x00, 0x00, 0x02, 0x00, 0x00, 0x00, 0x00, 0x00, 0x00, 0x00
.byte 0x01, 0x00, 0x00, 0x00
.long _sym_008cb460
.long _sym_008cb490
.byte 0x07, 0x00, 0x03, 0x00, 0x08, 0x00, 0x00, 0x00, 0x09, 0x00, 0x00, 0x00, 0x00, 0x00, 0x00, 0x00
.byte 0x00, 0x00, 0x00, 0x00
.globl _sym_00c5a39c
_sym_00c5a39c:
.byte 0x00, 0x00, 0x00, 0x00, 0x02, 0x00, 0x00, 0x00, 0x00, 0x00, 0x00, 0x00, 0x01, 0x00, 0x00, 0x00
.long _sym_008cb4d0
.long _sym_008cad80
.byte 0x0a, 0x00, 0x03, 0x00, 0x0b, 0x00, 0x00, 0x00, 0x0c, 0x00, 0x00, 0x00, 0x00, 0x00, 0x00, 0x00
.byte 0x00, 0x00, 0x00, 0x00
.globl _sym_00c5a3c8
_sym_00c5a3c8:
.byte 0x00, 0x00, 0x00, 0x00, 0x02, 0x00, 0x00, 0x00, 0x00, 0x00, 0x00, 0x00, 0x01, 0x00, 0x00, 0x00
.long _sym_008cadb0
.long _sym_008cadf0
.byte 0x0d, 0x00, 0x03, 0x00, 0x0e, 0x00, 0x00, 0x00, 0x0f, 0x00, 0x00, 0x00, 0x00, 0x00, 0x00, 0x00
.byte 0x00, 0x00, 0x00, 0x00
.globl _sym_00c5a3f4
_sym_00c5a3f4:
.byte 0x00, 0x00, 0x00, 0x00, 0x02, 0x00, 0x00, 0x00, 0x00, 0x00, 0x00, 0x00, 0x01, 0x00, 0x00, 0x00
.long _sym_008cae10
.long _sym_008cae30
.byte 0x04, 0x00, 0x03, 0x00, 0x06, 0x00, 0x00, 0x00, 0x05, 0x00, 0x00, 0x00, 0x00, 0x00, 0x00, 0x00
.byte 0x00, 0x00, 0x00, 0x00
.globl _sym_00c5a420
_sym_00c5a420:
.byte 0x00, 0x00, 0x00, 0x00, 0x02, 0x00, 0x00, 0x00, 0x00, 0x00, 0x00, 0x00, 0x01, 0x00, 0x00, 0x00
.long _sym_008cae50
.long _sym_008cae70
.byte 0x10, 0x00, 0x03, 0x00, 0x11, 0x00, 0x00, 0x00, 0x12, 0x00, 0x00, 0x00, 0x00, 0x00, 0x00, 0x00
.byte 0x00, 0x00, 0x00, 0x00
.globl _sym_00c5a44c
_sym_00c5a44c:
.byte 0x00, 0x00, 0x00, 0x00, 0x02, 0x00, 0x00, 0x00, 0x00, 0x00, 0x00, 0x00, 0x01, 0x00, 0x00, 0x00
.long _sym_008caea0
.long _sym_008caec0
.byte 0x16, 0x00, 0x03, 0x00, 0x17, 0x00, 0x00, 0x00, 0x18, 0x00, 0x00, 0x00, 0x00, 0x00, 0x00, 0x00
.byte 0x00, 0x00, 0x00, 0x00
.globl _sym_00c5a478
_sym_00c5a478:
.byte 0x00, 0x00, 0x00, 0x00, 0x02, 0x00, 0x00, 0x00, 0x00, 0x00, 0x00, 0x00, 0x01, 0x00, 0x00, 0x00
.long _sym_008caef0
.long _sym_008caf10
.byte 0x13, 0x00, 0x03, 0x00, 0x14, 0x00, 0x00, 0x00, 0x15, 0x00, 0x00, 0x00, 0x00, 0x00, 0x00, 0x00
.byte 0x00, 0x00, 0x00, 0x00
.globl _sym_00c5a4a4
_sym_00c5a4a4:
.byte 0x00, 0x00, 0x00, 0x00, 0x02, 0x00, 0x00, 0x00, 0x00, 0x00, 0x00, 0x00, 0x01, 0x00, 0x00, 0x00
.long _sym_008cafa0
.long _sym_008cafc0
.byte 0x23, 0x00, 0x03, 0x00, 0x24, 0x00, 0x00, 0x00, 0x25, 0x00, 0x00, 0x00, 0x00, 0x00, 0x00, 0x00
.byte 0x00, 0x00, 0x00, 0x00
.globl _sym_00c5a4d0
_sym_00c5a4d0:
.byte 0x00, 0x00, 0x00, 0x00, 0x02, 0x00, 0x00, 0x00, 0x00, 0x00, 0x00, 0x00
.globl _sym_00c5a4dc
_sym_00c5a4dc:
.byte 0x01, 0x00, 0x00, 0x00
.long _sym_008caf30
.long _sym_008caf70
.byte 0x19, 0x00, 0x03, 0x00, 0x1a, 0x00, 0x00, 0x00, 0x1b, 0x00, 0x00, 0x00, 0x00, 0x00, 0x00, 0x00
.byte 0x00, 0x00, 0x00, 0x00
.globl _sym_00c5a4fc
_sym_00c5a4fc:
.byte 0x00, 0x00, 0x00, 0x00, 0x02, 0x00, 0x00, 0x00, 0x00, 0x00, 0x00, 0x00, 0x01, 0x00, 0x00, 0x00
.long _sym_008caff0
.long _sym_008cb030
.byte 0x1f, 0x00, 0x03, 0x00, 0x20, 0x00, 0x00, 0x00, 0x21, 0x00, 0x00, 0x00, 0x00, 0x00, 0x00, 0x00
.byte 0x00, 0x00, 0x00, 0x00
.globl _sym_00c5a528
_sym_00c5a528:
.byte 0x00, 0x00, 0x00, 0x00, 0x02, 0x00, 0x00, 0x00, 0x00, 0x00, 0x00, 0x00, 0x01, 0x00, 0x00, 0x00
.long _sym_008cb060
.long _sym_008cb080
.byte 0x04, 0x00, 0x03, 0x00, 0x06, 0x00, 0x00, 0x00, 0x05, 0x00, 0x00, 0x00, 0x00, 0x00, 0x00, 0x00
.byte 0x00, 0x00, 0x00, 0x00
.globl _sym_00c5a554
_sym_00c5a554:
.long _sym_00c5a528
.long _sym_00c5a39c
.long _sym_00c5a3c8
.long _sym_00c5a3f4
.long _sym_00c5a420
.long _sym_00c5a44c
.long _sym_00c5a478
.long _sym_00c5a4d0
.long _sym_00c5a4fc
.globl _sym_00c5a578
_sym_00c5a578:
.long _sym_00c5a528
.long _sym_00c5a39c
.long _sym_00c5a3c8
.long _sym_00c5a3f4
.long _sym_00c5a420
.long _sym_00c5a44c
.long _sym_00c5a478
.long _sym_00c5a4d0
.globl _sym_00c5a598
_sym_00c5a598:
.long _sym_00c5a528
.long _sym_00c5a39c
.long _sym_00c5a3c8
.long _sym_00c5a3f4
.long _sym_00c5a420
.long _sym_00c5a44c
.long _sym_00c5a478
.long _sym_00c5a4d0
.long _sym_00c5a4a4
.long _sym_00c5a4fc
.globl _sym_00c5a5c0
_sym_00c5a5c0:
.long _sym_00c5a528
.long _sym_00c5a39c
.long _sym_00c5a3c8
.long _sym_00c5a3f4
.long _sym_00c5a420
.long _sym_00c5a44c
.long _sym_00c5a478
.long _sym_00c5a4d0
.long _sym_00c5a4a4
.globl _sym_00c5a5e4
_sym_00c5a5e4:
.long _sym_008cb0b0
.long _sym_008cb2f0
.long _sym_008cb320
.long _sym_008cb390
.long _sym_008cb3e0
.long _sym_008cb3f0
.byte 0x00, 0x00, 0x00, 0x00
.globl _sym_00c5a600
_sym_00c5a600:
.byte 0x00, 0x00, 0x00, 0x00, 0x00, 0x00, 0x00, 0x00
.globl _sym_00c5a608
_sym_00c5a608:
.byte 0x00, 0x00, 0x00, 0x00
.globl _sym_00c5a60c
_sym_00c5a60c:
.byte 0x10, 0x00, 0x00, 0x00
.globl _sym_00c5a610
_sym_00c5a610:
.byte 0x00, 0x00, 0x00, 0x00, 0x24, 0x00, 0x04, 0x00, 0x04, 0x00, 0x00, 0x00, 0x9f, 0x86, 0x01, 0x00
.long _sym_00a5c7b0
.byte 0x01, 0x00, 0x00, 0x00, 0x11, 0x00, 0x00, 0x00, 0x01, 0x00, 0x00, 0x00, 0x28, 0x00, 0x08, 0x00
.byte 0x04, 0x00, 0x00, 0x00, 0x0f, 0x27, 0x00, 0x00
.long _sym_00a5c8d0
.byte 0x02, 0x00, 0x00, 0x00, 0x12, 0x00, 0x00, 0x00, 0x07, 0x00, 0x00, 0x00, 0x2f, 0x00, 0x0c, 0x00
.byte 0x01, 0x00, 0x00, 0x00, 0xff, 0x00, 0x00, 0x00
.long _sym_00a5c660
.byte 0x03, 0x00, 0x00, 0x00, 0x13, 0x00, 0x00, 0x00, 0x08, 0x00, 0x00, 0x00, 0x30, 0x00, 0x0d, 0x00
.byte 0x01, 0x00, 0x00, 0x00, 0xff, 0x00, 0x00, 0x00
.long _sym_00a5c740
.byte 0x04, 0x00, 0x00, 0x00, 0x14, 0x00, 0x00, 0x00, 0x09, 0x00, 0x00, 0x00, 0x31, 0x00, 0x0e, 0x00
.byte 0x01, 0x00, 0x00, 0x00, 0xff, 0x00, 0x00, 0x00
.long _sym_00a5c910
.byte 0x05, 0x00, 0x00, 0x00, 0x15, 0x00, 0x00, 0x00, 0x0a, 0x00, 0x00, 0x00, 0x32, 0x00, 0x0f, 0x00
.byte 0x01, 0x00, 0x00, 0x00, 0xff, 0x00, 0x00, 0x00
.long _sym_00a5c980
.byte 0x06, 0x00, 0x00, 0x00, 0x16, 0x00, 0x00, 0x00, 0x0b, 0x00, 0x00, 0x00, 0x33, 0x00, 0x10, 0x00
.byte 0x01, 0x00, 0x00, 0x00, 0xff, 0x00, 0x00, 0x00
.long _sym_00a5c9f0
.byte 0x07, 0x00, 0x00, 0x00, 0x17, 0x00, 0x00, 0x00, 0x0c, 0x00, 0x00, 0x00, 0x34, 0x00, 0x11, 0x00
.byte 0x01, 0x00, 0x00, 0x00, 0xff, 0x00, 0x00, 0x00
.long _sym_00a5c860
.byte 0x08, 0x00, 0x00, 0x00, 0x18, 0x00, 0x00, 0x00, 0x0d, 0x00, 0x00, 0x00, 0x35, 0x00, 0x12, 0x00
.byte 0x01, 0x00, 0x00, 0x00, 0xff, 0x00, 0x00, 0x00
.long _sym_00a5c6d0
.byte 0x09, 0x00, 0x00, 0x00, 0x19, 0x00, 0x00, 0x00, 0x0e, 0x00, 0x00, 0x00, 0x36, 0x00, 0x13, 0x00
.byte 0x01, 0x00, 0x00, 0x00, 0xff, 0x00, 0x00, 0x00
.long _sym_00a5c7f0
.globl _sym_00c5a720
_sym_00c5a720:
.long _sym_008cc300
.long _sym_008cc160
.long _sym_008cc170
.long _sym_008cc180
.long _sym_008cc2d0
.long _sym_008cc2f0
.byte 0x00, 0x00, 0x00, 0x00
.globl _sym_00c5a73c
_sym_00c5a73c:
.byte 0x00, 0x00, 0x00, 0x00, 0x00, 0x00, 0x00, 0x00
.globl _sym_00c5a744
_sym_00c5a744:
.long _sym_008ceff0
.long _sym_008cf640
.long _sym_008cf7f0
.long _sym_008cf800
.long _sym_008cf8e0
.long _sym_008cf910
.byte 0x00, 0x00, 0x00, 0x00
.globl _sym_00c5a760
_sym_00c5a760:
.byte 0x00, 0x00, 0x00, 0x00, 0x00, 0x00, 0x00, 0x00
.globl _sym_00c5a768
_sym_00c5a768:
.long _sym_008d0430
.long _sym_008d0980
.long _sym_008d09e0
.long _sym_008d09f0
.long _sym_008d0c40
.long _sym_008d0c50
.byte 0x00, 0x00, 0x00, 0x00
.globl _sym_00c5a784
_sym_00c5a784:
.byte 0x00, 0x00, 0x00, 0x00, 0x00, 0x00, 0x00, 0x00, 0x00, 0x00, 0x00, 0x00
.globl _sym_00c5a790
_sym_00c5a790:
.byte 0x07, 0x00, 0x00, 0x00
.globl _sym_00c5a794
_sym_00c5a794:
.byte 0x2f, 0x00, 0x00, 0x00, 0x08, 0x00, 0x00, 0x00, 0x30, 0x00, 0x00, 0x00, 0x09, 0x00, 0x00, 0x00
.byte 0x31, 0x00, 0x00, 0x00, 0x0a, 0x00, 0x00, 0x00, 0x32, 0x00, 0x00, 0x00, 0x0b, 0x00, 0x00, 0x00
.byte 0x33, 0x00, 0x00, 0x00, 0x0c, 0x00, 0x00, 0x00, 0x34, 0x00, 0x00, 0x00, 0x0d, 0x00, 0x00, 0x00
.byte 0x35, 0x00, 0x00, 0x00, 0x0e, 0x00, 0x00, 0x00, 0x36, 0x00, 0x00, 0x00, 0xff, 0xff, 0xff, 0xff
.byte 0x00, 0x00, 0x00, 0x00
.globl _sym_00c5a7d8
_sym_00c5a7d8:
.long _sym_008d1dd0
.long _sym_008d1cf0
.long _sym_008d1d00
.long _sym_008d1d50
.long _sym_008d1da0
.long _sym_008d1dc0
.byte 0x00, 0x00, 0x00, 0x00
.globl _sym_00c5a7f4
_sym_00c5a7f4:
.byte 0x00, 0x00, 0x00, 0x00, 0x00, 0x00, 0x00, 0x00
.globl _sym_00c5a7fc
_sym_00c5a7fc:
.long _sym_008d5510
.long _sym_008d5590
.long _sym_008d55a0
.long _sym_008d55b0
.long _sym_008d5620
.long _sym_008d5640
.byte 0x00, 0x00, 0x00, 0x00
.globl _sym_00c5a818
_sym_00c5a818:
.byte 0x00, 0x00, 0x00, 0x00, 0x00, 0x00, 0x00, 0x00
.globl _sym_00c5a820
_sym_00c5a820:
.long _sym_008d6e10
.long _sym_008d7530
.long _sym_008d7550
.long _sym_008d7560
.long _sym_008d7580
.long _sym_008d7590
.byte 0x00, 0x00, 0x00, 0x00
.globl _sym_00c5a83c
_sym_00c5a83c:
.byte 0x00, 0x00, 0x00, 0x00, 0x00, 0x00, 0x00, 0x00
.globl _sym_00c5a844
_sym_00c5a844:
.long _sym_008d95d0
.long _sym_008d9a70
.long _sym_008d9a90
.long _sym_008d9aa0
.long _sym_008d9ab0
.long _sym_008d9ac0
.byte 0x00, 0x00, 0x00, 0x00
.globl _sym_00c5a860
_sym_00c5a860:
.byte 0x00, 0x00, 0x00, 0x00, 0x00, 0x00, 0x00, 0x00
.globl _sym_00c5a868
_sym_00c5a868:
.byte 0x07, 0x00, 0x00, 0x00
.globl _sym_00c5a86c
_sym_00c5a86c:
.byte 0x05, 0x00, 0x00, 0x00
.globl _sym_00c5a870
_sym_00c5a870:
.byte 0x2a, 0x00, 0x00, 0x00
.globl _sym_00c5a874
_sym_00c5a874:
.byte 0x04, 0x00, 0x00, 0x00, 0x13, 0x00, 0x00, 0x00, 0x02, 0x00, 0x00, 0x00, 0x2a, 0x00, 0x00, 0x00
.byte 0x05, 0x00, 0x00, 0x00, 0x13, 0x00, 0x00, 0x00, 0x03, 0x00, 0x00, 0x00, 0x2a, 0x00, 0x00, 0x00
.byte 0x06, 0x00, 0x00, 0x00, 0x09, 0x00, 0x00, 0x00, 0x04, 0x00, 0x00, 0x00, 0x2a, 0x00, 0x00, 0x00
.byte 0x07, 0x00, 0x00, 0x00, 0x07, 0x00, 0x00, 0x00, 0x05, 0x00, 0x00, 0x00, 0x2a, 0x00, 0x00, 0x00
.byte 0x08, 0x00, 0x00, 0x00, 0x07, 0x00, 0x00, 0x00, 0x06, 0x00, 0x00, 0x00, 0x2a, 0x00, 0x00, 0x00
.byte 0x09, 0x00, 0x00, 0x00, 0x15, 0x00, 0x00, 0x00, 0x07, 0x00, 0x00, 0x00, 0x2a, 0x00, 0x00, 0x00
.byte 0x0a, 0x00, 0x00, 0x00
.globl _sym_00c5a8d8
_sym_00c5a8d8:
.long _sym_008db4c0
.long _sym_008db760
.long _sym_008db770
.long _sym_008db780
.long _sym_008db7a0
.long _sym_008db7b0
.byte 0x00, 0x00, 0x00, 0x00
.globl _sym_00c5a8f4
_sym_00c5a8f4:
.byte 0x00, 0x00, 0x00, 0x00, 0x00, 0x00, 0x00, 0x00, 0x00, 0x00, 0x00, 0x00
.globl _sym_00c5a900
_sym_00c5a900:
.byte 0x4b, 0x00, 0x00, 0x00, 0x30, 0x01, 0x00, 0x00, 0x40, 0x01, 0x00, 0x00, 0x5c, 0x01, 0x00, 0x00
.byte 0x78, 0x01, 0x00, 0x00, 0xa0, 0x01, 0x00, 0x00, 0xbc, 0x01, 0x00, 0x00, 0xd8, 0x01, 0x00, 0x00
.byte 0xf4, 0x01, 0x00, 0x00, 0x10, 0x02, 0x00, 0x00, 0x4c, 0x03, 0x00, 0x00, 0x5c, 0x03, 0x00, 0x00
.byte 0x6c, 0x03, 0x00, 0x00, 0x7c, 0x03, 0x00, 0x00, 0x8c, 0x03, 0x00, 0x00, 0x9c, 0x03, 0x00, 0x00
.byte 0xac, 0x03, 0x00, 0x00, 0xbc, 0x03, 0x00, 0x00, 0xd8, 0x03, 0x00, 0x00, 0xf4, 0x03, 0x00, 0x00
.byte 0x10, 0x04, 0x00, 0x00, 0x20, 0x04, 0x00, 0x00, 0x30, 0x04, 0x00, 0x00, 0x40, 0x04, 0x00, 0x00
.byte 0x50, 0x04, 0x00, 0x00, 0x60, 0x04, 0x00, 0x00, 0x70, 0x04, 0x00, 0x00, 0x80, 0x04, 0x00, 0x00
.byte 0x90, 0x04, 0x00, 0x00, 0xa0, 0x04, 0x00, 0x00, 0xb0, 0x04, 0x00, 0x00, 0xc0, 0x04, 0x00, 0x00
.byte 0xd0, 0x04, 0x00, 0x00, 0xe0, 0x04, 0x00, 0x00, 0xf0, 0x04, 0x00, 0x00, 0x00, 0x05, 0x00, 0x00
.byte 0x10, 0x05, 0x00, 0x00, 0x20, 0x05, 0x00, 0x00, 0x30, 0x05, 0x00, 0x00, 0x40, 0x05, 0x00, 0x00
.byte 0x50, 0x05, 0x00, 0x00, 0x60, 0x05, 0x00, 0x00, 0x70, 0x05, 0x00, 0x00, 0x80, 0x05, 0x00, 0x00
.byte 0x90, 0x05, 0x00, 0x00, 0xa0, 0x05, 0x00, 0x00, 0xb0, 0x05, 0x00, 0x00, 0xc0, 0x05, 0x00, 0x00
.byte 0xd0, 0x05, 0x00, 0x00, 0xe0, 0x05, 0x00, 0x00, 0xf0, 0x05, 0x00, 0x00, 0x00, 0x06, 0x00, 0x00
.byte 0x10, 0x06, 0x00, 0x00, 0x20, 0x06, 0x00, 0x00, 0x30, 0x06, 0x00, 0x00, 0x40, 0x06, 0x00, 0x00
.byte 0x50, 0x06, 0x00, 0x00, 0x60, 0x06, 0x00, 0x00, 0x70, 0x06, 0x00, 0x00, 0x80, 0x06, 0x00, 0x00
.byte 0x90, 0x06, 0x00, 0x00, 0xa0, 0x06, 0x00, 0x00, 0xb0, 0x06, 0x00, 0x00, 0xc0, 0x06, 0x00, 0x00
.byte 0xd0, 0x06, 0x00, 0x00, 0xe0, 0x06, 0x00, 0x00, 0xf0, 0x06, 0x00, 0x00, 0x00, 0x07, 0x00, 0x00
.byte 0x10, 0x07, 0x00, 0x00, 0x20, 0x07, 0x00, 0x00, 0x30, 0x07, 0x00, 0x00, 0x40, 0x07, 0x00, 0x00
.byte 0x50, 0x07, 0x00, 0x00, 0x60, 0x07, 0x00, 0x00, 0x70, 0x07, 0x00, 0x00, 0x80, 0x07, 0x00, 0x00
.byte 0x01, 0x00, 0x00, 0x00, 0x40, 0x00, 0xde, 0xfd, 0x28, 0x00, 0x18, 0x00, 0x28, 0x00, 0x18, 0x00
.byte 0x02, 0x00, 0x00, 0x00, 0xb0, 0x00, 0x00, 0x00, 0x38, 0x00, 0x08, 0x00, 0x38, 0x00, 0x08, 0x00
.byte 0x30, 0x28, 0x04, 0x01, 0x18, 0x00, 0x08, 0x00, 0x18, 0x00, 0x08, 0x00, 0x02, 0x00, 0x00, 0x00
.byte 0xb0, 0x00, 0x00, 0x00, 0x38, 0x00, 0x08, 0x00, 0x38, 0x00, 0x08, 0x00, 0x30, 0x30, 0x04, 0x01
.byte 0x18, 0x00, 0x08, 0x00, 0x18, 0x00, 0x08, 0x00, 0x03, 0x00, 0x00, 0x00, 0x00, 0x38, 0x14, 0xfd
.byte 0x30, 0x00, 0x20, 0x00, 0x30, 0x00, 0x20, 0x00, 0xb0, 0x00, 0x00, 0x00, 0x38, 0x00, 0x08, 0x00
.byte 0x38, 0x00, 0x08, 0x00, 0x30, 0x38, 0x04, 0x01, 0x18, 0x00, 0x08, 0x00, 0x18, 0x00, 0x08, 0x00
.byte 0x02, 0x00, 0x00, 0x00, 0xb0, 0x00, 0x00, 0x00, 0x38, 0x00, 0x08, 0x00, 0x38, 0x00, 0x08, 0x00
.byte 0x30, 0x40, 0x04, 0x00, 0x18, 0x00, 0x08, 0x00, 0x18, 0x00, 0x08, 0x00, 0x02, 0x00, 0x00, 0x00
.byte 0xb0, 0x08, 0x00, 0x00, 0x38, 0x00, 0x10, 0x00, 0x38, 0x00, 0x10, 0x00, 0x30, 0x48, 0x0f, 0x02
.byte 0x18, 0x00, 0x10, 0x00, 0x18, 0x00, 0x10, 0x00, 0x02, 0x00, 0x00, 0x00, 0xb0, 0x08, 0x00, 0x00
.byte 0x38, 0x00, 0x10, 0x00, 0x38, 0x00, 0x10, 0x00, 0x30, 0x40, 0x10, 0x03, 0x18, 0x00, 0x08, 0x00
.byte 0x18, 0x00, 0x08, 0x00, 0x02, 0x00, 0x00, 0x00, 0xb0, 0x00, 0x00, 0x00, 0x38, 0x00, 0x08, 0x00
.byte 0x38, 0x00, 0x08, 0x00, 0x30, 0x48, 0x04, 0x00, 0x18, 0x00, 0x10, 0x00, 0x18, 0x00, 0x10, 0x00
.byte 0x1a, 0x00, 0x00, 0x00, 0x70, 0x50, 0x4c, 0xfd, 0x30, 0x00, 0x20, 0x00, 0x30, 0x00, 0x20, 0x00
.byte 0x68, 0x58, 0x44, 0x05, 0x08, 0x00, 0x08, 0x00, 0x08, 0x00, 0x08, 0x00, 0x68, 0x58, 0x3c, 0x05
.byte 0x08, 0x00, 0x08, 0x00, 0x08, 0x00, 0x08, 0x00, 0x68, 0x58, 0x34, 0x05, 0x08, 0x00, 0x08, 0x00
.byte 0x08, 0x00, 0x08, 0x00, 0x68, 0x58, 0x2c, 0x05, 0x08, 0x00, 0x08, 0x00, 0x08, 0x00, 0x08, 0x00
.byte 0x68, 0x58, 0x24, 0x05, 0x08, 0x00, 0x08, 0x00, 0x08, 0x00, 0x08, 0x00, 0x68, 0x58, 0x1c, 0x05
.byte 0x08, 0x00, 0x08, 0x00, 0x08, 0x00, 0x08, 0x00, 0x68, 0x58, 0x14, 0x05, 0x08, 0x00, 0x08, 0x00
.byte 0x08, 0x00, 0x08, 0x00, 0x68, 0x58, 0x0c, 0x05, 0x08, 0x00, 0x08, 0x00, 0x08, 0x00, 0x08, 0x00
.byte 0x68, 0x58, 0x04, 0x05, 0x08, 0x00, 0x08, 0x00, 0x08, 0x00, 0x08, 0x00, 0x68, 0x58, 0xfc, 0x05
.byte 0x08, 0x00, 0x08, 0x00, 0x08, 0x00, 0x08, 0x00, 0x68, 0x58, 0xf4, 0x05, 0x08, 0x00, 0x08, 0x00
.byte 0x08, 0x00, 0x08, 0x00, 0x68, 0x58, 0xec, 0x05, 0x08, 0x00, 0x08, 0x00, 0x08, 0x00, 0x08, 0x00
.byte 0x68, 0x58, 0xe4, 0x05, 0x08, 0x00, 0x08, 0x00, 0x08, 0x00, 0x08, 0x00, 0x68, 0x58, 0xdc, 0x05
.byte 0x08, 0x00, 0x08, 0x00, 0x08, 0x00, 0x08, 0x00, 0x68, 0x58, 0xd4, 0x05, 0x08, 0x00, 0x08, 0x00
.byte 0x08, 0x00, 0x08, 0x00, 0x68, 0x58, 0xcc, 0x05, 0x08, 0x00, 0x08, 0x00, 0x08, 0x00, 0x08, 0x00
.byte 0x68, 0x58, 0xc4, 0x05, 0x08, 0x00, 0x08, 0x00, 0x08, 0x00, 0x08, 0x00, 0x68, 0x58, 0xbc, 0x05
.byte 0x08, 0x00, 0x08, 0x00, 0x08, 0x00, 0x08, 0x00, 0x68, 0x58, 0xb4, 0x05, 0x08, 0x00, 0x08, 0x00
.byte 0x08, 0x00, 0x08, 0x00, 0x68, 0x58, 0xac, 0x05, 0x08, 0x00, 0x08, 0x00, 0x08, 0x00, 0x08, 0x00
.byte 0x68, 0x58, 0xa4, 0x05, 0x08, 0x00, 0x08, 0x00, 0x08, 0x00, 0x08, 0x00, 0x68, 0x58, 0x9c, 0x05
.byte 0x08, 0x00, 0x08, 0x00, 0x08, 0x00, 0x08, 0x00, 0x68, 0x58, 0x94, 0x05, 0x08, 0x00, 0x08, 0x00
.byte 0x08, 0x00, 0x08, 0x00, 0x68, 0x58, 0x8c, 0x05, 0x08, 0x00, 0x08, 0x00, 0x08, 0x00, 0x08, 0x00
.byte 0x68, 0x58, 0x84, 0x05, 0x08, 0x00, 0x08, 0x00, 0x08, 0x00, 0x08, 0x00, 0x01, 0x00, 0x00, 0x00
.byte 0x00, 0x10, 0x00, 0x00, 0x08, 0x00, 0x08, 0x00, 0x08, 0x00, 0x08, 0x00, 0x01, 0x00, 0x00, 0x00
.byte 0x00, 0x10, 0x00, 0x00, 0x08, 0x00, 0x08, 0x00, 0x08, 0x00, 0x08, 0x00, 0x01, 0x00, 0x00, 0x00
.byte 0x00, 0x10, 0x00, 0x00, 0x08, 0x00, 0x08, 0x00, 0x08, 0x00, 0x08, 0x00, 0x01, 0x00, 0x00, 0x00
.byte 0x00, 0x10, 0x00, 0x00, 0x08, 0x00, 0x08, 0x00, 0x08, 0x00, 0x08, 0x00, 0x01, 0x00, 0x00, 0x00
.byte 0x00, 0x10, 0x00, 0x00, 0x08, 0x00, 0x08, 0x00, 0x08, 0x00, 0x08, 0x00, 0x01, 0x00, 0x00, 0x00
.byte 0x00, 0x10, 0x00, 0x00, 0x08, 0x00, 0x08, 0x00, 0x08, 0x00, 0x08, 0x00, 0x01, 0x00, 0x00, 0x00
.byte 0x00, 0x10, 0x00, 0x00, 0x08, 0x00, 0x08, 0x00, 0x08, 0x00, 0x08, 0x00, 0x02, 0x00, 0x00, 0x00
.byte 0x88, 0x40, 0x00, 0x00, 0x18, 0x00, 0x10, 0x00, 0x18, 0x00, 0x10, 0x00, 0x20, 0x18, 0x03, 0x03
.byte 0x10, 0x00, 0x10, 0x00, 0x10, 0x00, 0x10, 0x00, 0x02, 0x00, 0x00, 0x00, 0x00, 0x28, 0x00, 0x00
.byte 0x30, 0x00, 0x10, 0x00, 0x30, 0x00, 0x10, 0x00, 0x10, 0x18, 0x03, 0x03, 0x20, 0x00, 0x10, 0x00
.byte 0x20, 0x00, 0x10, 0x00, 0x02, 0x00, 0x00, 0x00, 0x20, 0x58, 0x00, 0x00, 0x48, 0x00, 0x10, 0x00
.byte 0x48, 0x00, 0x10, 0x00, 0x00, 0x18, 0x03, 0x03, 0x30, 0x00, 0x10, 0x00, 0x30, 0x00, 0x10, 0x00
.byte 0x01, 0x00, 0x00, 0x00, 0x00, 0x10, 0x00, 0x00, 0x08, 0x00, 0x08, 0x00, 0x08, 0x00, 0x08, 0x00
.byte 0x01, 0x00, 0x00, 0x00, 0x00, 0x10, 0x00, 0x00, 0x08, 0x00, 0x08, 0x00, 0x08, 0x00, 0x08, 0x00
.byte 0x01, 0x00, 0x00, 0x00, 0x00, 0x10, 0x00, 0x00, 0x08, 0x00, 0x08, 0x00, 0x08, 0x00, 0x08, 0x00
.byte 0x01, 0x00, 0x00, 0x00, 0x00, 0x10, 0x00, 0x00, 0x08, 0x00, 0x08, 0x00, 0x08, 0x00, 0x08, 0x00
.byte 0x01, 0x00, 0x00, 0x00, 0x00, 0x10, 0x00, 0x00, 0x08, 0x00, 0x08, 0x00, 0x08, 0x00, 0x08, 0x00
.byte 0x01, 0x00, 0x00, 0x00, 0x00, 0x10, 0x00, 0x00, 0x08, 0x00, 0x08, 0x00, 0x08, 0x00, 0x08, 0x00
.byte 0x01, 0x00, 0x00, 0x00, 0x00, 0x10, 0x00, 0x00, 0x08, 0x00, 0x08, 0x00, 0x08, 0x00, 0x08, 0x00
.byte 0x01, 0x00, 0x00, 0x00, 0x00, 0x10, 0x00, 0x00, 0x08, 0x00, 0x08, 0x00, 0x08, 0x00, 0x08, 0x00
.byte 0x01, 0x00, 0x00, 0x00, 0x00, 0x10, 0x00, 0x00, 0x08, 0x00, 0x08, 0x00, 0x08, 0x00, 0x08, 0x00
.byte 0x01, 0x00, 0x00, 0x00, 0x00, 0x10, 0x00, 0x00, 0x08, 0x00, 0x08, 0x00, 0x08, 0x00, 0x08, 0x00
.byte 0x01, 0x00, 0x00, 0x00, 0x00, 0x10, 0x00, 0x00, 0x08, 0x00, 0x08, 0x00, 0x08, 0x00, 0x08, 0x00
.byte 0x01, 0x00, 0x00, 0x00, 0x00, 0x10, 0x00, 0x00, 0x08, 0x00, 0x08, 0x00, 0x08, 0x00, 0x08, 0x00
.byte 0x01, 0x00, 0x00, 0x00, 0x00, 0x10, 0x00, 0x00, 0x08, 0x00, 0x08, 0x00, 0x08, 0x00, 0x08, 0x00
.byte 0x01, 0x00, 0x00, 0x00, 0x28, 0x68, 0x00, 0x00, 0x18, 0x00, 0x18, 0x00, 0x18, 0x00, 0x18, 0x00
.byte 0x01, 0x00, 0x00, 0x00, 0x40, 0x68, 0x00, 0x00, 0x10, 0x00, 0x18, 0x00, 0x10, 0x00, 0x18, 0x00
.byte 0x01, 0x00, 0x00, 0x00, 0x00, 0x58, 0x06, 0x00, 0x10, 0x00, 0x10, 0x00, 0x10, 0x00, 0x10, 0x00
.byte 0x01, 0x00, 0x00, 0x00, 0x10, 0x58, 0xfe, 0x00, 0x10, 0x00, 0x10, 0x00, 0x10, 0x00, 0x10, 0x00
.byte 0x01, 0x00, 0x00, 0x00, 0x00, 0x68, 0x00, 0x00, 0x18, 0x00, 0x18, 0x00, 0x18, 0x00, 0x18, 0x00
.byte 0x01, 0x00, 0x00, 0x00, 0x18, 0x68, 0x00, 0x00, 0x10, 0x00, 0x10, 0x00, 0x10, 0x00, 0x10, 0x00
.byte 0x01, 0x00, 0x00, 0x00, 0x80, 0x70, 0x06, 0x00, 0x10, 0x00, 0x10, 0x00, 0x10, 0x00, 0x10, 0x00
.byte 0x01, 0x00, 0x00, 0x00, 0x90, 0x70, 0xfe, 0x00, 0x10, 0x00, 0x10, 0x00, 0x10, 0x00, 0x10, 0x00
.byte 0x01, 0x00, 0x00, 0x00, 0x30, 0x18, 0xc7, 0xf7, 0xa8, 0x00, 0x10, 0x00, 0xa8, 0x00, 0x10, 0x00
.byte 0x01, 0x00, 0x00, 0x00, 0x48, 0x28, 0x00, 0x00, 0x10, 0x00, 0x18, 0x00, 0x10, 0x00, 0x18, 0x00
.byte 0x01, 0x00, 0x00, 0x00, 0x58, 0x28, 0x00, 0x00, 0x10, 0x00, 0x18, 0x00, 0x10, 0x00, 0x18, 0x00
.byte 0x01, 0x00, 0x00, 0x00, 0x68, 0x28, 0x00, 0x00, 0x08, 0x00, 0x18, 0x00, 0x08, 0x00, 0x18, 0x00
.byte 0x01, 0x00, 0x00, 0x00, 0xe0, 0x18, 0x00, 0x00, 0x10, 0x00, 0x08, 0x00, 0x10, 0x00, 0x08, 0x00
.byte 0x01, 0x00, 0x00, 0x00, 0xe0, 0x20, 0x00, 0xfe, 0x10, 0x00, 0x08, 0x00, 0x10, 0x00, 0x08, 0x00
.byte 0x01, 0x00, 0x00, 0x00, 0xf0, 0x00, 0x00, 0x00, 0x10, 0x00, 0x10, 0x00, 0x10, 0x00, 0x10, 0x00
.byte 0x01, 0x00, 0x00, 0x00, 0x00, 0x10, 0x00, 0x00, 0x08, 0x00, 0x08, 0x00, 0x08, 0x00, 0x08, 0x00
.byte 0x01, 0x00, 0x00, 0x00, 0xd0, 0x80, 0x00, 0x00, 0x30, 0x00, 0x20, 0x00, 0x30, 0x00, 0x20, 0x00
.byte 0x01, 0x00, 0x00, 0x00, 0xa0, 0x80, 0x00, 0x00, 0x30, 0x00, 0x20, 0x00, 0x30, 0x00, 0x20, 0x00
.byte 0x01, 0x00, 0x00, 0x00, 0xa8, 0xa0, 0x04, 0x00, 0x28, 0x00, 0x20, 0x00, 0x28, 0x00, 0x20, 0x00
.byte 0x01, 0x00, 0x00, 0x00, 0xd0, 0xa0, 0x00, 0x00, 0x30, 0x00, 0x20, 0x00, 0x30, 0x00, 0x20, 0x00
.byte 0x01, 0x00, 0x00, 0x00, 0xa8, 0xc0, 0x04, 0x00, 0x28, 0x00, 0x20, 0x00, 0x28, 0x00, 0x20, 0x00
.byte 0x01, 0x00, 0x00, 0x00, 0xd0, 0xc0, 0x00, 0x00, 0x30, 0x00, 0x20, 0x00, 0x30, 0x00, 0x20, 0x00
.byte 0x01, 0x00, 0x00, 0x00, 0xd0, 0xe0, 0x00, 0x04, 0x30, 0x00, 0x18, 0x00, 0x30, 0x00, 0x18, 0x00
.byte 0x01, 0x00, 0x00, 0x00, 0x00, 0x00, 0x00, 0x00, 0x08, 0x00, 0x08, 0x00, 0x08, 0x00, 0x08, 0x00
.byte 0x01, 0x00, 0x00, 0x00, 0x28, 0x80, 0x00, 0x00, 0x10, 0x00, 0x10, 0x00, 0x10, 0x00, 0x10, 0x00
.byte 0x01, 0x00, 0x00, 0x00, 0x40, 0x80, 0x00, 0x00, 0x10, 0x00, 0x10, 0x00, 0x10, 0x00, 0x10, 0x00
.byte 0x01, 0x00, 0x00, 0x00, 0x28, 0x98, 0x00, 0x00, 0x10, 0x00, 0x10, 0x00, 0x10, 0x00, 0x10, 0x00
.byte 0x01, 0x00, 0x00, 0x00, 0x40, 0x98, 0x00, 0x00, 0x10, 0x00, 0x10, 0x00, 0x10, 0x00, 0x10, 0x00
.byte 0x01, 0x00, 0x00, 0x00, 0x38, 0x80, 0x00, 0x00, 0x08, 0x00, 0x10, 0x00, 0x08, 0x00, 0x10, 0x00
.byte 0x01, 0x00, 0x00, 0x00, 0x28, 0x90, 0x00, 0x00, 0x10, 0x00, 0x08, 0x00, 0x10, 0x00, 0x08, 0x00
.byte 0x01, 0x00, 0x00, 0x00, 0x38, 0x90, 0x00, 0x00, 0x08, 0x00, 0x08, 0x00, 0x08, 0x00, 0x08, 0x00
.byte 0x01, 0x00, 0x00, 0x00, 0x40, 0x90, 0x00, 0x00, 0x10, 0x00, 0x08, 0x00, 0x10, 0x00, 0x08, 0x00
.byte 0x01, 0x00, 0x00, 0x00, 0x38, 0x98, 0x00, 0x00, 0x08, 0x00, 0x10, 0x00, 0x08, 0x00, 0x10, 0x00
.byte 0x01, 0x00, 0x00, 0x00, 0x00, 0x80, 0x00, 0x00, 0x10, 0x00, 0x10, 0x00, 0x10, 0x00, 0x10, 0x00
.byte 0x01, 0x00, 0x00, 0x00, 0x18, 0x80, 0x00, 0x00, 0x10, 0x00, 0x10, 0x00, 0x10, 0x00, 0x10, 0x00
.byte 0x01, 0x00, 0x00, 0x00, 0x00, 0x98, 0x00, 0x00, 0x10, 0x00, 0x10, 0x00, 0x10, 0x00, 0x10, 0x00
.byte 0x01, 0x00, 0x00, 0x00, 0x18, 0x98, 0x00, 0x00, 0x10, 0x00, 0x10, 0x00, 0x10, 0x00, 0x10, 0x00
.byte 0x01, 0x00, 0x00, 0x00, 0x10, 0x80, 0x00, 0x00, 0x08, 0x00, 0x10, 0x00, 0x08, 0x00, 0x10, 0x00
.byte 0x01, 0x00, 0x00, 0x00, 0x00, 0x90, 0x00, 0x00, 0x10, 0x00, 0x08, 0x00, 0x10, 0x00, 0x08, 0x00
.byte 0x01, 0x00, 0x00, 0x00, 0x10, 0x90, 0x00, 0x00, 0x08, 0x00, 0x08, 0x00, 0x08, 0x00, 0x08, 0x00
.byte 0x01, 0x00, 0x00, 0x00, 0x18, 0x90, 0x00, 0x00, 0x10, 0x00, 0x08, 0x00, 0x10, 0x00, 0x08, 0x00
.byte 0x01, 0x00, 0x00, 0x00, 0x10, 0x98, 0x00, 0x00, 0x08, 0x00, 0x10, 0x00, 0x08, 0x00, 0x10, 0x00
.byte 0x01, 0x00, 0x00, 0x00, 0x00, 0xa8, 0x00, 0x00, 0x40, 0x00, 0x10, 0x00, 0x40, 0x00, 0x10, 0x00
.byte 0x07, 0x00, 0x00, 0x00, 0x20, 0x00, 0x00, 0x00, 0x30, 0x00, 0x00, 0x00, 0x40, 0x00, 0x00, 0x00
.byte 0x50, 0x00, 0x00, 0x00, 0x60, 0x00, 0x00, 0x00, 0x70, 0x00, 0x00, 0x00, 0x80, 0x00, 0x00, 0x00
.byte 0x01, 0x00, 0x00, 0x00, 0x00, 0x00, 0x00, 0x00, 0x60, 0x00, 0x40, 0x00, 0x60, 0x00, 0x40, 0x00
.byte 0x01, 0x00, 0x00, 0x00, 0x00, 0x40, 0x00, 0x00, 0x60, 0x00, 0x40, 0x00, 0x60, 0x00, 0x40, 0x00
.byte 0x01, 0x00, 0x00, 0x00, 0x60, 0x00, 0x00, 0x00, 0x60, 0x00, 0x40, 0x00, 0x60, 0x00, 0x40, 0x00
.byte 0x01, 0x00, 0x00, 0x00, 0x00, 0x80, 0x00, 0x00, 0x60, 0x00, 0x40, 0x00, 0x60, 0x00, 0x40, 0x00
.byte 0x01, 0x00, 0x00, 0x00, 0x60, 0x40, 0x00, 0x00, 0x60, 0x00, 0x40, 0x00, 0x60, 0x00, 0x40, 0x00
.byte 0x01, 0x00, 0x00, 0x00, 0x60, 0x80, 0x00, 0x00, 0x60, 0x00, 0x40, 0x00, 0x60, 0x00, 0x40, 0x00
.byte 0x01, 0x00, 0x00, 0x00, 0x00, 0xc0, 0x00, 0x00, 0x60, 0x00, 0x40, 0x00, 0x60, 0x00, 0x40, 0x00
.byte 0x07, 0x00, 0x00, 0x00, 0x20, 0x00, 0x00, 0x00, 0x30, 0x00, 0x00, 0x00, 0x40, 0x00, 0x00, 0x00
.byte 0x50, 0x00, 0x00, 0x00, 0x60, 0x00, 0x00, 0x00, 0x70, 0x00, 0x00, 0x00, 0x80, 0x00, 0x00, 0x00
.byte 0x01, 0x00, 0x00, 0x00, 0x00, 0x00, 0x00, 0x00, 0x60, 0x00, 0x40, 0x00, 0x60, 0x00, 0x40, 0x00
.byte 0x01, 0x00, 0x00, 0x00, 0x60, 0x00, 0x00, 0x00, 0x60, 0x00, 0x40, 0x00, 0x60, 0x00, 0x40, 0x00
.byte 0x01, 0x00, 0x00, 0x00, 0x00, 0x40, 0x00, 0x00, 0x60, 0x00, 0x40, 0x00, 0x60, 0x00, 0x40, 0x00
.byte 0x01, 0x00, 0x00, 0x00, 0x60, 0x40, 0x00, 0x00, 0x60, 0x00, 0x40, 0x00, 0x60, 0x00, 0x40, 0x00
.byte 0x01, 0x00, 0x00, 0x00, 0x00, 0x80, 0x00, 0x00, 0x60, 0x00, 0x40, 0x00, 0x60, 0x00, 0x40, 0x00
.byte 0x01, 0x00, 0x00, 0x00, 0x60, 0x80, 0x00, 0x00, 0x60, 0x00, 0x40, 0x00, 0x60, 0x00, 0x40, 0x00
.byte 0x01, 0x00, 0x00, 0x00, 0x00, 0xc0, 0x00, 0x00, 0x60, 0x00, 0x40, 0x00, 0x60, 0x00, 0x40, 0x00
.globl _sym_00c5b1b0
_sym_00c5b1b0:
.long _sym_008de8a0
.globl _sym_00c5b1b4
_sym_00c5b1b4:
.byte 0x00, 0x00, 0x00, 0x00
.globl _sym_00c5b1b8
_sym_00c5b1b8:
.long _sym_008de950
.globl _sym_00c5b1bc
_sym_00c5b1bc:
.long _sym_008de9e0
.globl _sym_00c5b1c0
_sym_00c5b1c0:
.long _sym_008dea00
.globl _sym_00c5b1c4
_sym_00c5b1c4:
.long _sym_008dea20
.globl _sym_00c5b1c8
_sym_00c5b1c8:
.long _sym_008de1f0
.globl _sym_00c5b1cc
_sym_00c5b1cc:
.long _sym_008de350
.byte 0x00, 0x00, 0x00, 0x00
.long _sym_008de8a0
.byte 0x00, 0x00, 0x00, 0x00
.long _sym_008de950
.long _sym_008de9e0
.long _sym_008dea00
.long _sym_008dea20
.long _sym_008de1f0
.long _sym_008de350
.byte 0x00, 0x00, 0x00, 0x00
.long _sym_008dece0
.byte 0x00, 0x00, 0x00, 0x00
.long _sym_008ded40
.long _sym_008df4b0
.long _sym_008dea00
.long _sym_008dedf0
.long _sym_008de230
.long _sym_008de5b0
.byte 0x00, 0x00, 0x00, 0x00
.long _sym_008dece0
.byte 0x00, 0x00, 0x00, 0x00
.long _sym_008ded40
.long _sym_008df4b0
.long _sym_008dea00
.long _sym_008dedf0
.long _sym_008de230
.long _sym_008de5b0
.byte 0x00, 0x00, 0x00, 0x00, 0x61, 0x7a, 0x69, 0x74, 0x30, 0x36, 0x30, 0x30, 0x00, 0x00, 0x00, 0x00
.globl _sym_00c5b24c
_sym_00c5b24c:
.byte 0x55, 0x00, 0x00, 0x00, 0x61, 0x7a, 0x69, 0x74, 0x30, 0x37, 0x30, 0x30, 0x00, 0x00, 0x00, 0x00
.byte 0x13, 0x00, 0x00, 0x00, 0x62, 0x6a, 0x79, 0x74, 0x30, 0x30, 0x30, 0x30, 0x00, 0x00, 0x00, 0x00
.byte 0x0d, 0x00, 0x00, 0x00, 0x68, 0x69, 0x6b, 0x75, 0x30, 0x35, 0x30, 0x30, 0x00, 0x00, 0x00, 0x00
.byte 0xa3, 0x00, 0x00, 0x00, 0x6d, 0x61, 0x63, 0x61, 0x30, 0x31, 0x30, 0x30, 0x00, 0x00, 0x00, 0x00
.byte 0x54, 0x00, 0x00, 0x00, 0x6d, 0x69, 0x68, 0x6e, 0x30, 0x33, 0x30, 0x30, 0x00, 0x00, 0x00, 0x00
.byte 0x6e, 0x00, 0x00, 0x00, 0x6e, 0x61, 0x67, 0x69, 0x30, 0x31, 0x30, 0x30, 0x00, 0x00, 0x00, 0x00
.byte 0x56, 0x00, 0x00, 0x00
.globl _sym_00c5b2b0
_sym_00c5b2b0:
.long _sym_008e0340
.long _sym_008e0ba0
.long _sym_008e1910
.globl _sym_00c5b2bc
_sym_00c5b2bc:
.long _sym_008e1950
.long _sym_008e19b0
.long _sym_008e19d0
.byte 0x00, 0x00, 0x00, 0x00, 0x00, 0x00, 0x00, 0x00, 0x00, 0x00, 0x00, 0x00
.globl _sym_00c5b2d4
_sym_00c5b2d4:
.byte 0x01, 0x02, 0x04, 0x00, 0x05, 0x06, 0x07, 0x08, 0x09, 0x0a, 0x14, 0x15, 0x16, 0x17, 0x18, 0x03
.byte 0x1e, 0x1f, 0x20, 0x21, 0x0b, 0x00, 0x00, 0x00, 0x00, 0x00, 0x00, 0x00, 0x00, 0x00, 0x00, 0x00
.globl _sym_00c5b2f4
_sym_00c5b2f4:
.long _sym_008e26d0
.long _sym_008e2720
.long _sym_008e27d0
.long _sym_008e2790
.long _sym_008e27b0
.long _sym_008e27c0
.byte 0x00, 0x00, 0x00, 0x00, 0x00, 0x00, 0x00, 0x00, 0x00, 0x00, 0x00, 0x00
.globl _sym_00c5b318
_sym_00c5b318:
.long _sym_008e2870
.long _sym_008e28c0
.long _sym_008e28d0
.long _sym_008e28e0
.long _sym_008e28f0
.long _sym_008e2900
.byte 0x00, 0x00, 0x00, 0x00, 0x00, 0x00, 0x00, 0x00, 0x00, 0x00, 0x00, 0x00
.globl _sym_00c5b33c
_sym_00c5b33c:
.long _sym_008e2960
.long _sym_008e2ab0
.long _sym_008e2ac0
.long _sym_008e2ad0
.long _sym_008e2ae0
.long _sym_008e2af0
.byte 0x00, 0x00, 0x00, 0x00, 0x00, 0x00, 0x00, 0x00, 0x00, 0x00, 0x00, 0x00
.globl _sym_00c5b360
_sym_00c5b360:
.byte 0x42, 0x49, 0x53, 0x4c, 0x50, 0x53, 0x2d, 0x32, 0x35, 0x30, 0x38, 0x38, 0x00, 0x00, 0x00, 0x00
.globl _sym_00c5b370
_sym_00c5b370:
.byte 0x42, 0x41, 0x53, 0x4c, 0x55, 0x53, 0x2d, 0x32, 0x30, 0x33, 0x31, 0x32, 0x00, 0x00, 0x00, 0x00
.globl _sym_00c5b380
_sym_00c5b380:
.byte 0x42, 0x45, 0x53, 0x43, 0x45, 0x53, 0x2d, 0x35, 0x30, 0x34, 0x39, 0x30, 0x00, 0x00, 0x00, 0x00
.globl _sym_00c5b390
_sym_00c5b390:
.byte 0x42, 0x45, 0x53, 0x43, 0x45, 0x53, 0x2d, 0x35, 0x30, 0x34, 0x39, 0x32, 0x00, 0x00, 0x00, 0x00
.globl _sym_00c5b3a0
_sym_00c5b3a0:
.byte 0x42, 0x45, 0x53, 0x43, 0x45, 0x53, 0x2d, 0x35, 0x30, 0x34, 0x39, 0x34, 0x00, 0x00, 0x00, 0x00
.globl _sym_00c5b3b0
_sym_00c5b3b0:
.byte 0x42, 0x45, 0x53, 0x43, 0x45, 0x53, 0x2d, 0x35, 0x30, 0x34, 0x39, 0x33, 0x00, 0x00, 0x00, 0x00
.globl _sym_00c5b3c0
_sym_00c5b3c0:
.byte 0x42, 0x45, 0x53, 0x43, 0x45, 0x53, 0x2d, 0x35, 0x30, 0x34, 0x39, 0x31, 0x00, 0x00, 0x00, 0x00
.globl _sym_00c5b3d0
_sym_00c5b3d0:
.byte 0x42, 0x49, 0x53, 0x4c, 0x50, 0x4d, 0x2d, 0x36, 0x35, 0x31, 0x31, 0x35, 0x00, 0x00, 0x00, 0x00
.globl _sym_00c5b3e0
_sym_00c5b3e0:
.byte 0x42, 0x4b, 0x53, 0x4c, 0x50, 0x4d, 0x2d, 0x36, 0x37, 0x35, 0x31, 0x33, 0x00, 0x00, 0x00, 0x00
.globl _sym_00c5b3f0
_sym_00c5b3f0:
.byte 0x46, 0x46, 0x30, 0x39, 0x30, 0x36, 0x25, 0x30, 0x32, 0x64, 0x00, 0x00
.globl _sym_00c5b3fc
_sym_00c5b3fc:
.byte 0x30, 0x31, 0x30, 0x39, 0x30, 0x36, 0x25, 0x30, 0x32, 0x64, 0x2e, 0x69, 0x63, 0x6f, 0x00, 0x00
.byte 0x82, 0x65, 0x82, 0x65, 0x82, 0x50, 0x82, 0x4f, 0x00, 0x00, 0x00, 0x00, 0x83, 0x43, 0x83, 0x93
.byte 0x83, 0x5e, 0x81, 0x5b, 0x00, 0x00, 0x00, 0x00, 0x82, 0x4f, 0x00, 0x00, 0x81, 0x46, 0x00, 0x00
.byte 0x81, 0x46, 0x00, 0x00, 0x81, 0x40, 0x00, 0x00, 0x81, 0x5e, 0x00, 0x00, 0x81, 0x6d, 0x00, 0x00
.byte 0x81, 0x6e, 0x00, 0x00
.globl _sym_00c5b440
_sym_00c5b440:
.byte 0x46, 0x72, 0x61, 0x6d, 0x65, 0x42, 0x75, 0x66, 0x66, 0x65, 0x72, 0x00
.globl _sym_00c5b44c
_sym_00c5b44c:
.long _sym_00b66938
.globl _sym_00c5b450
_sym_00c5b450:
.long _sym_00b66988
.globl _sym_00c5b454
_sym_00c5b454:
.long _sym_00b669d0
.globl _sym_00c5b458
_sym_00c5b458:
.long _sym_00b66a18
.globl _sym_00c5b45c
_sym_00c5b45c:
.long _sym_00b66a60
.globl _sym_00c5b460
_sym_00c5b460:
.byte 0x55, 0x00, 0x00, 0x00, 0x58, 0x01, 0x00, 0x00, 0x68, 0x01, 0x00, 0x00, 0x78, 0x01, 0x00, 0x00
.byte 0x88, 0x01, 0x00, 0x00, 0x98, 0x01, 0x00, 0x00, 0xa8, 0x01, 0x00, 0x00, 0xb8, 0x01, 0x00, 0x00
.byte 0xc8, 0x01, 0x00, 0x00, 0xd8, 0x01, 0x00, 0x00, 0xf4, 0x01, 0x00, 0x00, 0x10, 0x02, 0x00, 0x00
.byte 0x20, 0x02, 0x00, 0x00, 0x30, 0x02, 0x00, 0x00, 0x48, 0x03, 0x00, 0x00, 0xe8, 0x03, 0x00, 0x00
.byte 0xf8, 0x03, 0x00, 0x00, 0x28, 0x05, 0x00, 0x00, 0x38, 0x05, 0x00, 0x00, 0x48, 0x05, 0x00, 0x00
.byte 0x58, 0x05, 0x00, 0x00, 0x68, 0x05, 0x00, 0x00, 0x78, 0x05, 0x00, 0x00, 0x88, 0x05, 0x00, 0x00
.byte 0x98, 0x05, 0x00, 0x00, 0xa8, 0x05, 0x00, 0x00, 0xb8, 0x05, 0x00, 0x00, 0xc8, 0x05, 0x00, 0x00
.byte 0xd8, 0x05, 0x00, 0x00, 0xe8, 0x05, 0x00, 0x00, 0xf8, 0x05, 0x00, 0x00, 0x08, 0x06, 0x00, 0x00
.byte 0x18, 0x06, 0x00, 0x00, 0x28, 0x06, 0x00, 0x00, 0x38, 0x06, 0x00, 0x00, 0x48, 0x06, 0x00, 0x00
.byte 0x58, 0x06, 0x00, 0x00, 0x68, 0x06, 0x00, 0x00, 0x78, 0x06, 0x00, 0x00, 0x88, 0x06, 0x00, 0x00
.byte 0x98, 0x06, 0x00, 0x00, 0xa8, 0x06, 0x00, 0x00, 0xd0, 0x06, 0x00, 0x00, 0xe0, 0x06, 0x00, 0x00
.byte 0xf0, 0x06, 0x00, 0x00, 0x00, 0x07, 0x00, 0x00, 0x10, 0x07, 0x00, 0x00, 0x2c, 0x07, 0x00, 0x00
.byte 0x3c, 0x07, 0x00, 0x00, 0x4c, 0x07, 0x00, 0x00, 0x5c, 0x07, 0x00, 0x00, 0x6c, 0x07, 0x00, 0x00
.byte 0x7c, 0x07, 0x00, 0x00, 0x8c, 0x07, 0x00, 0x00, 0xb4, 0x07, 0x00, 0x00, 0xc4, 0x07, 0x00, 0x00
.byte 0xd4, 0x07, 0x00, 0x00, 0xfc, 0x07, 0x00, 0x00, 0x0c, 0x08, 0x00, 0x00, 0x1c, 0x08, 0x00, 0x00
.byte 0x2c, 0x08, 0x00, 0x00, 0x3c, 0x08, 0x00, 0x00, 0x4c, 0x08, 0x00, 0x00, 0x74, 0x08, 0x00, 0x00
.byte 0x44, 0x09, 0x00, 0x00, 0x2c, 0x0a, 0x00, 0x00, 0x48, 0x0a, 0x00, 0x00, 0x7c, 0x0a, 0x00, 0x00
.byte 0x94, 0x0b, 0x00, 0x00, 0xb8, 0x0c, 0x00, 0x00, 0xc8, 0x0c, 0x00, 0x00, 0xd8, 0x0c, 0x00, 0x00
.byte 0xe8, 0x0c, 0x00, 0x00, 0x4c, 0x0d, 0x00, 0x00, 0x5c, 0x0d, 0x00, 0x00, 0x6c, 0x0d, 0x00, 0x00
.byte 0x7c, 0x0d, 0x00, 0x00, 0x8c, 0x0d, 0x00, 0x00, 0x9c, 0x0d, 0x00, 0x00, 0xac, 0x0d, 0x00, 0x00
.byte 0xbc, 0x0d, 0x00, 0x00, 0xcc, 0x0d, 0x00, 0x00, 0xdc, 0x0d, 0x00, 0x00, 0xec, 0x0d, 0x00, 0x00
.byte 0x2c, 0x0e, 0x00, 0x00, 0x48, 0x0e, 0x00, 0x00, 0x01, 0x00, 0x00, 0x00, 0xa0, 0x38, 0x00, 0x00
.byte 0x10, 0x00, 0x18, 0x00, 0x00, 0x00, 0x00, 0x00, 0x01, 0x00, 0x00, 0x00, 0xb0, 0x38, 0x00, 0x00
.byte 0x08, 0x00, 0x18, 0x00, 0x00, 0x00, 0x00, 0x00, 0x01, 0x00, 0x00, 0x00, 0xa0, 0x50, 0x00, 0x00
.byte 0x10, 0x00, 0x08, 0x00, 0x00, 0x00, 0x00, 0x00, 0x01, 0x00, 0x00, 0x00, 0xb0, 0x50, 0x00, 0x00
.byte 0x08, 0x00, 0x08, 0x00, 0x00, 0x00, 0x00, 0x00, 0x01, 0x00, 0x00, 0x00, 0x00, 0x00, 0x00, 0x00
.byte 0x08, 0x00, 0x28, 0x00, 0x00, 0x00, 0x00, 0x00, 0x01, 0x00, 0x00, 0x00, 0x08, 0x00, 0x00, 0x00
.byte 0x28, 0x00, 0x28, 0x00, 0x00, 0x00, 0x00, 0x00, 0x01, 0x00, 0x00, 0x00, 0x00, 0x48, 0x00, 0x00
.byte 0x08, 0x00, 0x20, 0x00, 0x00, 0x00, 0x00, 0x00, 0x01, 0x00, 0x00, 0x00, 0x08, 0x48, 0x00, 0x00
.byte 0x40, 0x00, 0x20, 0x00, 0x00, 0x00, 0x00, 0x00, 0x02, 0x00, 0x00, 0x00, 0x50, 0x90, 0xd6, 0xee
.byte 0x28, 0x00, 0x28, 0x00, 0x00, 0x00, 0x00, 0x00, 0x00, 0xa8, 0xde, 0xf6, 0x28, 0x00, 0x18, 0x00
.byte 0x00, 0x00, 0x00, 0x00, 0x02, 0x00, 0x00, 0x00, 0x50, 0x90, 0x02, 0xef, 0x28, 0x00, 0x28, 0x00
.byte 0x00, 0x00, 0x00, 0x00, 0xc0, 0x98, 0x00, 0xf6, 0x28, 0x00, 0x18, 0x00, 0x00, 0x00, 0x00, 0x00
.byte 0x01, 0x00, 0x00, 0x00, 0x28, 0x90, 0x00, 0x00, 0x08, 0x00, 0x18, 0x00, 0x00, 0x00, 0x00, 0x00
.byte 0x01, 0x00, 0x00, 0x00, 0x30, 0x90, 0x00, 0x00, 0x20, 0x00, 0x18, 0x00, 0x00, 0x00, 0x00, 0x00
.byte 0x17, 0x00, 0x00, 0x00, 0x68, 0x48, 0x48, 0x0b, 0x38, 0x00, 0x10, 0x00, 0x00, 0x00, 0x00, 0x00
.byte 0x60, 0x48, 0xa0, 0x0b, 0x08, 0x00, 0x10, 0x00, 0x00, 0x00, 0x00, 0x00, 0x60, 0x48, 0x40, 0x0b
.byte 0x08, 0x00, 0x10, 0x00, 0x00, 0x00, 0x00, 0x00, 0x60, 0x48, 0x38, 0x0b, 0x08, 0x00, 0x10, 0x00
.byte 0x00, 0x00, 0x00, 0x00, 0x60, 0x48, 0x28, 0x0b, 0x08, 0x00, 0x10, 0x00, 0x00, 0x00, 0x00, 0x00
.byte 0x60, 0x48, 0x20, 0x0b, 0x08, 0x00, 0x10, 0x00, 0x00, 0x00, 0x00, 0x00, 0x60, 0x48, 0x18, 0x0b
.byte 0x08, 0x00, 0x10, 0x00, 0x00, 0x00, 0x00, 0x00, 0x60, 0x48, 0x10, 0x0b, 0x08, 0x00, 0x10, 0x00
.byte 0x00, 0x00, 0x00, 0x00, 0x60, 0x48, 0x08, 0x0b, 0x08, 0x00, 0x10, 0x00, 0x00, 0x00, 0x00, 0x00
.byte 0x60, 0x48, 0x00, 0x0b, 0x08, 0x00, 0x10, 0x00, 0x00, 0x00, 0x00, 0x00, 0x60, 0x48, 0xf8, 0x0b
.byte 0x08, 0x00, 0x10, 0x00, 0x00, 0x00, 0x00, 0x00, 0x60, 0x48, 0xf0, 0x0b, 0x08, 0x00, 0x10, 0x00
.byte 0x00, 0x00, 0x00, 0x00, 0x60, 0x48, 0xe8, 0x0b, 0x08, 0x00, 0x10, 0x00, 0x00, 0x00, 0x00, 0x00
.byte 0x60, 0x48, 0xe0, 0x0b, 0x08, 0x00, 0x10, 0x00, 0x00, 0x00, 0x00, 0x00, 0x60, 0x48, 0xd8, 0x0b
.byte 0x08, 0x00, 0x10, 0x00, 0x00, 0x00, 0x00, 0x00, 0x60, 0x48, 0xd0, 0x0b, 0x08, 0x00, 0x10, 0x00
.byte 0x00, 0x00, 0x00, 0x00, 0x60, 0x48, 0xc8, 0x0b, 0x08, 0x00, 0x10, 0x00, 0x00, 0x00, 0x00, 0x00
.byte 0x60, 0x48, 0xc0, 0x0b, 0x08, 0x00, 0x10, 0x00, 0x00, 0x00, 0x00, 0x00, 0x60, 0x48, 0xb8, 0x0b
.byte 0x08, 0x00, 0x10, 0x00, 0x00, 0x00, 0x00, 0x00, 0x60, 0x48, 0xb0, 0x0b, 0x08, 0x00, 0x10, 0x00
.byte 0x00, 0x00, 0x00, 0x00, 0x60, 0x48, 0xa8, 0x0b, 0x08, 0x00, 0x10, 0x00, 0x00, 0x00, 0x00, 0x00
.byte 0x60, 0x48, 0x30, 0x0b, 0x08, 0x00, 0x10, 0x00, 0x00, 0x00, 0x00, 0x00, 0xa0, 0x20, 0x22, 0x00
.byte 0x60, 0x00, 0x18, 0x00, 0x00, 0x00, 0x00, 0x00, 0x0d, 0x00, 0x00, 0x00, 0xc0, 0xb0, 0xf8, 0x00
.byte 0x08, 0x00, 0x18, 0x00, 0x00, 0x00, 0x00, 0x00, 0xc0, 0xb0, 0xf0, 0x00, 0x08, 0x00, 0x18, 0x00
.byte 0x00, 0x00, 0x00, 0x00, 0xc0, 0xb0, 0xe8, 0x00, 0x08, 0x00, 0x18, 0x00, 0x00, 0x00, 0x00, 0x00
.byte 0xc0, 0xb0, 0xe0, 0x00, 0x08, 0x00, 0x18, 0x00, 0x00, 0x00, 0x00, 0x00, 0xc0, 0xb0, 0xd8, 0x00
.byte 0x08, 0x00, 0x18, 0x00, 0x00, 0x00, 0x00, 0x00, 0xc0, 0xb0, 0xd0, 0x00, 0x08, 0x00, 0x18, 0x00
.byte 0x00, 0x00, 0x00, 0x00, 0xc0, 0xb0, 0xc8, 0x00, 0x08, 0x00, 0x18, 0x00, 0x00, 0x00, 0x00, 0x00
.byte 0xc0, 0xb0, 0xc0, 0x00, 0x08, 0x00, 0x18, 0x00, 0x00, 0x00, 0x00, 0x00, 0xc0, 0xb0, 0xb8, 0x00
.byte 0x08, 0x00, 0x18, 0x00, 0x00, 0x00, 0x00, 0x00, 0xc0, 0xb0, 0xb0, 0x00, 0x08, 0x00, 0x18, 0x00
.byte 0x00, 0x00, 0x00, 0x00, 0xc0, 0xb0, 0xa8, 0x00, 0x08, 0x00, 0x18, 0x00, 0x00, 0x00, 0x00, 0x00
.byte 0xc0, 0xb0, 0xa0, 0x00, 0x08, 0x00, 0x18, 0x00, 0x00, 0x00, 0x00, 0x00, 0xc8, 0xb0, 0x00, 0x00
.byte 0x38, 0x00, 0x18, 0x00, 0x00, 0x00, 0x00, 0x00, 0x01, 0x00, 0x00, 0x00, 0x78, 0x10, 0x19, 0x04
.byte 0x28, 0x00, 0x10, 0x00, 0x00, 0x00, 0x00, 0x00, 0x19, 0x00, 0x00, 0x00, 0x60, 0x48, 0x28, 0x0b
.byte 0x08, 0x00, 0x10, 0x00, 0x00, 0x00, 0x00, 0x00, 0x60, 0x48, 0x20, 0x0b, 0x08, 0x00, 0x10, 0x00
.byte 0x00, 0x00, 0x00, 0x00, 0x60, 0x48, 0x18, 0x0b, 0x08, 0x00, 0x10, 0x00, 0x00, 0x00, 0x00, 0x00
.byte 0x60, 0x48, 0x10, 0x0b, 0x08, 0x00, 0x10, 0x00, 0x00, 0x00, 0x00, 0x00, 0x60, 0x48, 0x08, 0x0b
.byte 0x08, 0x00, 0x10, 0x00, 0x00, 0x00, 0x00, 0x00, 0x60, 0x48, 0x00, 0x0b, 0x08, 0x00, 0x10, 0x00
.byte 0x00, 0x00, 0x00, 0x00, 0x60, 0x48, 0xf8, 0x0b, 0x08, 0x00, 0x10, 0x00, 0x00, 0x00, 0x00, 0x00
.byte 0x60, 0x48, 0xf0, 0x0b, 0x08, 0x00, 0x10, 0x00, 0x00, 0x00, 0x00, 0x00, 0x60, 0x48, 0xe8, 0x0b
.byte 0x08, 0x00, 0x10, 0x00, 0x00, 0x00, 0x00, 0x00, 0x60, 0x48, 0xe0, 0x0b, 0x08, 0x00, 0x10, 0x00
.byte 0x00, 0x00, 0x00, 0x00, 0x60, 0x48, 0xd8, 0x0b, 0x08, 0x00, 0x10, 0x00, 0x00, 0x00, 0x00, 0x00
.byte 0x60, 0x48, 0xd0, 0x0b, 0x08, 0x00, 0x10, 0x00, 0x00, 0x00, 0x00, 0x00, 0x60, 0x48, 0xc8, 0x0b
.byte 0x08, 0x00, 0x10, 0x00, 0x00, 0x00, 0x00, 0x00, 0x60, 0x48, 0xc0, 0x0b, 0x08, 0x00, 0x10, 0x00
.byte 0x00, 0x00, 0x00, 0x00, 0x60, 0x48, 0xb8, 0x0b, 0x08, 0x00, 0x10, 0x00, 0x00, 0x00, 0x00, 0x00
.byte 0x60, 0x48, 0xb0, 0x0b, 0x08, 0x00, 0x10, 0x00, 0x00, 0x00, 0x00, 0x00, 0x60, 0x48, 0xa8, 0x0b
.byte 0x08, 0x00, 0x10, 0x00, 0x00, 0x00, 0x00, 0x00, 0x60, 0x48, 0x30, 0x0b, 0x08, 0x00, 0x10, 0x00
.byte 0x00, 0x00, 0x00, 0x00, 0x60, 0x48, 0x38, 0x0b, 0x08, 0x00, 0x10, 0x00, 0x00, 0x00, 0x00, 0x00
.byte 0x60, 0x48, 0x40, 0x0b, 0x08, 0x00, 0x10, 0x00, 0x00, 0x00, 0x00, 0x00, 0x60, 0x48, 0x48, 0x0b
.byte 0x08, 0x00, 0x10, 0x00, 0x00, 0x00, 0x00, 0x00, 0x60, 0x48, 0x50, 0x0b, 0x08, 0x00, 0x10, 0x00
.byte 0x00, 0x00, 0x00, 0x00, 0x60, 0x48, 0x58, 0x0b, 0x08, 0x00, 0x10, 0x00, 0x00, 0x00, 0x00, 0x00
.byte 0x60, 0x48, 0x60, 0x0b, 0x08, 0x00, 0x10, 0x00, 0x00, 0x00, 0x00, 0x00, 0x60, 0x48, 0x68, 0x0b
.byte 0x08, 0x00, 0x10, 0x00, 0x00, 0x00, 0x00, 0x00, 0x01, 0x00, 0x00, 0x00, 0x48, 0x48, 0x00, 0x00
.byte 0x10, 0x00, 0x20, 0x00, 0x00, 0x00, 0x00, 0x00, 0x01, 0x00, 0x00, 0x00, 0x58, 0x48, 0x00, 0x00
.byte 0x08, 0x00, 0x20, 0x00, 0x00, 0x00, 0x00, 0x00, 0x01, 0x00, 0x00, 0x00, 0x60, 0x58, 0x00, 0x00
.byte 0x10, 0x00, 0x18, 0x00, 0x00, 0x00, 0x00, 0x00, 0x01, 0x00, 0x00, 0x00, 0x70, 0x58, 0x00, 0x00
.byte 0x08, 0x00, 0x18, 0x00, 0x00, 0x00, 0x00, 0x00, 0x01, 0x00, 0x00, 0x00, 0x60, 0x38, 0x00, 0x00
.byte 0x18, 0x00, 0x10, 0x00, 0x00, 0x00, 0x00, 0x00, 0x01, 0x00, 0x00, 0x00, 0x78, 0x38, 0x00, 0x00
.byte 0x28, 0x00, 0x10, 0x00, 0x00, 0x00, 0x00, 0x00, 0x01, 0x00, 0x00, 0x00, 0x60, 0x48, 0x00, 0x00
.byte 0x08, 0x00, 0x10, 0x00, 0x00, 0x00, 0x00, 0x00, 0x01, 0x00, 0x00, 0x00, 0x68, 0x48, 0x00, 0x00
.byte 0x38, 0x00, 0x10, 0x00, 0x00, 0x00, 0x00, 0x00, 0x01, 0x00, 0x00, 0x00, 0x00, 0x90, 0x00, 0x00
.byte 0x08, 0x00, 0x18, 0x00, 0x00, 0x00, 0x00, 0x00, 0x01, 0x00, 0x00, 0x00, 0x08, 0x90, 0x00, 0x00
.byte 0x20, 0x00, 0x18, 0x00, 0x00, 0x00, 0x00, 0x00, 0x01, 0x00, 0x00, 0x00, 0x30, 0x38, 0x00, 0x0b
.byte 0x10, 0x00, 0x10, 0x00, 0x00, 0x00, 0x00, 0x00, 0x01, 0x00, 0x00, 0x00, 0x40, 0x38, 0x00, 0x0b
.byte 0x08, 0x00, 0x10, 0x00, 0x00, 0x00, 0x00, 0x00, 0x01, 0x00, 0x00, 0x00, 0x48, 0x38, 0x00, 0x0b
.byte 0x08, 0x00, 0x10, 0x00, 0x00, 0x00, 0x00, 0x00, 0x01, 0x00, 0x00, 0x00, 0x00, 0x28, 0x00, 0x00
.byte 0x08, 0x00, 0x20, 0x00, 0x00, 0x00, 0x00, 0x00, 0x01, 0x00, 0x00, 0x00, 0x08, 0x28, 0x00, 0x00
.byte 0x28, 0x00, 0x20, 0x00, 0x00, 0x00, 0x00, 0x00, 0x01, 0x00, 0x00, 0x00, 0xd8, 0xc8, 0x00, 0x00
.byte 0x08, 0x00, 0x28, 0x00, 0x00, 0x00, 0x00, 0x00, 0x01, 0x00, 0x00, 0x00, 0x50, 0x38, 0x00, 0x00
.byte 0x10, 0x00, 0x10, 0x00, 0x00, 0x00, 0x00, 0x00, 0x01, 0x00, 0x00, 0x00, 0x60, 0x00, 0x00, 0x00
.byte 0x20, 0x00, 0x10, 0x00, 0x00, 0x00, 0x00, 0x00, 0x01, 0x00, 0x00, 0x00, 0x80, 0x00, 0x00, 0x00
.byte 0x20, 0x00, 0x10, 0x00, 0x00, 0x00, 0x00, 0x00, 0x01, 0x00, 0x00, 0x00, 0x60, 0x10, 0x00, 0x00
.byte 0x18, 0x00, 0x10, 0x00, 0x00, 0x00, 0x00, 0x00, 0x01, 0x00, 0x00, 0x00, 0xd0, 0x10, 0x00, 0x00
.byte 0x30, 0x00, 0x10, 0x00, 0x00, 0x00, 0x00, 0x00, 0x01, 0x00, 0x00, 0x00, 0x78, 0x10, 0x00, 0x00
.byte 0x28, 0x00, 0x10, 0x00, 0x00, 0x00, 0x00, 0x00, 0x01, 0x00, 0x00, 0x00, 0xa8, 0xf0, 0x00, 0x00
.byte 0x58, 0x00, 0x08, 0x00, 0x00, 0x00, 0x00, 0x00, 0x01, 0x00, 0x00, 0x00, 0x88, 0x70, 0x00, 0x00
.byte 0x78, 0x00, 0x10, 0x00, 0x00, 0x00, 0x00, 0x00, 0x03, 0x00, 0x00, 0x00, 0x90, 0xb8, 0xff, 0xb8
.byte 0x28, 0x00, 0x38, 0x00, 0x00, 0x00, 0x00, 0x00, 0x90, 0xf0, 0xff, 0xf0, 0x18, 0x00, 0x10, 0x00
.byte 0x00, 0x00, 0x00, 0x00, 0xb8, 0xc8, 0x0c, 0xa0, 0x20, 0x00, 0x18, 0x00, 0x00, 0x00, 0x00, 0x00
.byte 0x01, 0x00, 0x00, 0x00, 0x58, 0x80, 0x00, 0x00, 0x40, 0x00, 0x10, 0x00, 0x00, 0x00, 0x00, 0x00
.byte 0x01, 0x00, 0x00, 0x00, 0xc0, 0x38, 0x00, 0x00, 0x20, 0x00, 0x20, 0x00, 0x00, 0x00, 0x00, 0x00
.byte 0x01, 0x00, 0x00, 0x00, 0xe0, 0x38, 0x00, 0x00, 0x20, 0x00, 0x20, 0x00, 0x00, 0x00, 0x00, 0x00
.byte 0x01, 0x00, 0x00, 0x00, 0x98, 0x80, 0x00, 0x00, 0x20, 0x00, 0x18, 0x00, 0x00, 0x00, 0x00, 0x00
.byte 0x02, 0x00, 0x00, 0x00, 0x50, 0x90, 0xd6, 0xf5, 0x28, 0x00, 0x28, 0x00, 0x00, 0x00, 0x00, 0x00
.byte 0x00, 0xa8, 0xde, 0xfd, 0x28, 0x00, 0x18, 0x00, 0x00, 0x00, 0x00, 0x00, 0x01, 0x00, 0x00, 0x00
.byte 0x50, 0x90, 0xd6, 0xf5, 0x28, 0x00, 0x28, 0x00, 0x00, 0x00, 0x00, 0x00, 0x01, 0x00, 0x00, 0x00
.byte 0xa0, 0x20, 0x00, 0x00, 0x60, 0x00, 0x18, 0x00, 0x00, 0x00, 0x00, 0x00, 0x01, 0x00, 0x00, 0x00
.byte 0x00, 0xc0, 0x00, 0x00, 0x28, 0x00, 0x10, 0x00, 0x00, 0x00, 0x00, 0x00, 0x01, 0x00, 0x00, 0x00
.byte 0x98, 0x98, 0x00, 0x00, 0x28, 0x00, 0x10, 0x00, 0x00, 0x00, 0x00, 0x00, 0x01, 0x00, 0x00, 0x00
.byte 0xe8, 0x80, 0x00, 0x00, 0x18, 0x00, 0x18, 0x00, 0x00, 0x00, 0x00, 0x00, 0x01, 0x00, 0x00, 0x00
.byte 0xb8, 0x80, 0x00, 0x00, 0x30, 0x00, 0x18, 0x00, 0x00, 0x00, 0x00, 0x00, 0x03, 0x00, 0x00, 0x00
.byte 0x00, 0x78, 0x00, 0x00, 0x58, 0x00, 0x18, 0x00, 0x00, 0x00, 0x00, 0x00, 0xd0, 0x10, 0x02, 0x02
.byte 0x30, 0x00, 0x10, 0x00, 0x00, 0x00, 0x00, 0x00, 0x98, 0x98, 0x32, 0x02, 0x20, 0x00, 0x10, 0x00
.byte 0x00, 0x00, 0x00, 0x00, 0x01, 0x00, 0x00, 0x00, 0x30, 0x00, 0x00, 0x00, 0x30, 0x00, 0x38, 0x00
.byte 0x00, 0x00, 0x00, 0x00, 0x01, 0x00, 0x00, 0x00, 0x78, 0x90, 0x00, 0x00, 0x20, 0x00, 0x28, 0x00
.byte 0x00, 0x00, 0x00, 0x00, 0x03, 0x00, 0x00, 0x00, 0x30, 0x00, 0xf0, 0x00, 0x30, 0x00, 0x38, 0x00
.byte 0x00, 0x00, 0x00, 0x00, 0x98, 0x80, 0x26, 0x0c, 0x20, 0x00, 0x18, 0x00, 0x00, 0x00, 0x00, 0x00
.byte 0x30, 0x00, 0x4c, 0x00, 0x30, 0x00, 0x38, 0x00, 0x00, 0x00, 0x00, 0x00, 0x01, 0x00, 0x00, 0x00
.byte 0x28, 0xb8, 0x00, 0x00, 0x50, 0x00, 0x18, 0x00, 0x00, 0x00, 0x00, 0x00, 0x01, 0x00, 0x00, 0x00
.byte 0xa0, 0x10, 0x00, 0x00, 0x30, 0x00, 0x10, 0x00, 0x00, 0x00, 0x00, 0x00, 0x01, 0x00, 0x00, 0x00
.byte 0xa0, 0x00, 0x00, 0x00, 0x60, 0x00, 0x10, 0x00, 0x00, 0x00, 0x00, 0x00, 0x01, 0x00, 0x00, 0x00
.byte 0x00, 0xe0, 0x00, 0x00, 0x88, 0x00, 0x10, 0x00, 0x00, 0x00, 0x00, 0x00, 0x01, 0x00, 0x00, 0x00
.byte 0x78, 0x58, 0xf8, 0x00, 0x88, 0x00, 0x18, 0x00, 0x00, 0x00, 0x00, 0x00, 0x03, 0x00, 0x00, 0x00
.byte 0x60, 0x48, 0xef, 0xf6, 0x40, 0x00, 0x10, 0x00, 0x00, 0x00, 0x00, 0x00, 0x30, 0x00, 0x15, 0xd7
.byte 0x30, 0x00, 0x38, 0x00, 0x00, 0x00, 0x00, 0x00, 0xd0, 0x10, 0x00, 0xf4, 0x30, 0x00, 0x10, 0x00
.byte 0x00, 0x00, 0x00, 0x00, 0x11, 0x00, 0x00, 0x00, 0x00, 0x68, 0xf8, 0x00, 0x08, 0x00, 0x10, 0x00
.byte 0x00, 0x00, 0x00, 0x00, 0x00, 0x68, 0x00, 0x00, 0x08, 0x00, 0x10, 0x00, 0x00, 0x00, 0x00, 0x00
.byte 0x00, 0x68, 0x08, 0x00, 0x08, 0x00, 0x10, 0x00, 0x00, 0x00, 0x00, 0x00, 0x00, 0x68, 0x10, 0x00
.byte 0x08, 0x00, 0x10, 0x00, 0x00, 0x00, 0x00, 0x00, 0x00, 0x68, 0x18, 0x00, 0x08, 0x00, 0x10, 0x00
.byte 0x00, 0x00, 0x00, 0x00, 0x00, 0x68, 0x20, 0x00, 0x08, 0x00, 0x10, 0x00, 0x00, 0x00, 0x00, 0x00
.byte 0x00, 0x68, 0x28, 0x00, 0x58, 0x00, 0x10, 0x00, 0x00, 0x00, 0x00, 0x00, 0x00, 0x68, 0xf0, 0x00
.byte 0x08, 0x00, 0x10, 0x00, 0x00, 0x00, 0x00, 0x00, 0x00, 0x68, 0xe8, 0x00, 0x08, 0x00, 0x10, 0x00
.byte 0x00, 0x00, 0x00, 0x00, 0x00, 0x68, 0xe0, 0x00, 0x08, 0x00, 0x10, 0x00, 0x00, 0x00, 0x00, 0x00
.byte 0x00, 0x68, 0xd8, 0x00, 0x08, 0x00, 0x10, 0x00, 0x00, 0x00, 0x00, 0x00, 0x00, 0x68, 0xd0, 0x00
.byte 0x08, 0x00, 0x10, 0x00, 0x00, 0x00, 0x00, 0x00, 0x00, 0x68, 0xc8, 0x00, 0x08, 0x00, 0x10, 0x00
.byte 0x00, 0x00, 0x00, 0x00, 0x00, 0x68, 0xc0, 0x00, 0x08, 0x00, 0x10, 0x00, 0x00, 0x00, 0x00, 0x00
.byte 0x00, 0x68, 0xb8, 0x00, 0x08, 0x00, 0x10, 0x00, 0x00, 0x00, 0x00, 0x00, 0x00, 0x68, 0xb0, 0x00
.byte 0x08, 0x00, 0x10, 0x00, 0x00, 0x00, 0x00, 0x00, 0xa8, 0xf0, 0xbd, 0x07, 0x58, 0x00, 0x08, 0x00
.byte 0x00, 0x00, 0x00, 0x00, 0x13, 0x00, 0x00, 0x00, 0x00, 0xd0, 0xd0, 0xe4, 0x90, 0x00, 0x10, 0x00
.byte 0x00, 0x00, 0x00, 0x00, 0x00, 0x68, 0x25, 0xe2, 0x58, 0x00, 0x10, 0x00, 0x00, 0x00, 0x00, 0x00
.byte 0x00, 0x68, 0x1d, 0xe2, 0x08, 0x00, 0x10, 0x00, 0x00, 0x00, 0x00, 0x00, 0x00, 0x68, 0x15, 0xe2
.byte 0x08, 0x00, 0x10, 0x00, 0x00, 0x00, 0x00, 0x00, 0x00, 0x68, 0x0d, 0xe2, 0x08, 0x00, 0x10, 0x00
.byte 0x00, 0x00, 0x00, 0x00, 0x00, 0x68, 0x05, 0xe2, 0x08, 0x00, 0x10, 0x00, 0x00, 0x00, 0x00, 0x00
.byte 0x00, 0x68, 0xfd, 0xe2, 0x08, 0x00, 0x10, 0x00, 0x00, 0x00, 0x00, 0x00, 0x00, 0x68, 0xf5, 0xe2
.byte 0x08, 0x00, 0x10, 0x00, 0x00, 0x00, 0x00, 0x00, 0x00, 0x68, 0xed, 0xe2, 0x08, 0x00, 0x10, 0x00
.byte 0x00, 0x00, 0x00, 0x00, 0x00, 0x68, 0xe5, 0xe2, 0x08, 0x00, 0x10, 0x00, 0x00, 0x00, 0x00, 0x00
.byte 0x00, 0x68, 0xdd, 0xe2, 0x08, 0x00, 0x10, 0x00, 0x00, 0x00, 0x00, 0x00, 0x00, 0x68, 0xd5, 0xe2
.byte 0x08, 0x00, 0x10, 0x00, 0x00, 0x00, 0x00, 0x00, 0x00, 0x68, 0xcd, 0xe2, 0x08, 0x00, 0x10, 0x00
.byte 0x00, 0x00, 0x00, 0x00, 0x00, 0x68, 0xc5, 0xe2, 0x08, 0x00, 0x10, 0x00, 0x00, 0x00, 0x00, 0x00
.byte 0xa0, 0x00, 0xea, 0xe5, 0x60, 0x00, 0x10, 0x00, 0x00, 0x00, 0x00, 0x00, 0x60, 0x48, 0x87, 0xf6
.byte 0x40, 0x00, 0x10, 0x00, 0x00, 0x00, 0x00, 0x00, 0x30, 0x00, 0xad, 0xd7, 0x30, 0x00, 0x38, 0x00
.byte 0x00, 0x00, 0x00, 0x00, 0xd0, 0x10, 0x98, 0xf4, 0x30, 0x00, 0x10, 0x00, 0x00, 0x00, 0x00, 0x00
.byte 0x60, 0x10, 0x26, 0xf2, 0x18, 0x00, 0x10, 0x00, 0x00, 0x00, 0x00, 0x00, 0x02, 0x00, 0x00, 0x00
.byte 0x78, 0x58, 0xf0, 0x05, 0x88, 0x00, 0x18, 0x00, 0x00, 0x00, 0x00, 0x00, 0x00, 0xe0, 0x1c, 0x03
.byte 0x88, 0x00, 0x10, 0x00, 0x00, 0x00, 0x00, 0x00, 0x04, 0x00, 0x00, 0x00, 0x60, 0x38, 0x00, 0x00
.byte 0x18, 0x00, 0x10, 0x00, 0x00, 0x00, 0x00, 0x00, 0x60, 0x38, 0x18, 0x00, 0x18, 0x00, 0x10, 0x00
.byte 0x00, 0x00, 0x00, 0x00, 0x78, 0x38, 0x30, 0x00, 0x28, 0x00, 0x10, 0x00, 0x00, 0x00, 0x00, 0x00
.byte 0xa0, 0x10, 0x0b, 0x00, 0x30, 0x00, 0x10, 0x00, 0x00, 0x00, 0x00, 0x00, 0x17, 0x00, 0x00, 0x00
.byte 0x60, 0x48, 0x28, 0x0b, 0x08, 0x00, 0x10, 0x00, 0x00, 0x00, 0x00, 0x00, 0x60, 0x48, 0x20, 0x0b
.byte 0x08, 0x00, 0x10, 0x00, 0x00, 0x00, 0x00, 0x00, 0x60, 0x48, 0x18, 0x0b, 0x08, 0x00, 0x10, 0x00
.byte 0x00, 0x00, 0x00, 0x00, 0x60, 0x48, 0x10, 0x0b, 0x08, 0x00, 0x10, 0x00, 0x00, 0x00, 0x00, 0x00
.byte 0x60, 0x48, 0x08, 0x0b, 0x08, 0x00, 0x10, 0x00, 0x00, 0x00, 0x00, 0x00, 0x60, 0x48, 0x00, 0x0b
.byte 0x08, 0x00, 0x10, 0x00, 0x00, 0x00, 0x00, 0x00, 0x60, 0x48, 0xf8, 0x0b, 0x08, 0x00, 0x10, 0x00
.byte 0x00, 0x00, 0x00, 0x00, 0x60, 0x48, 0xf0, 0x0b, 0x08, 0x00, 0x10, 0x00, 0x00, 0x00, 0x00, 0x00
.byte 0x60, 0x48, 0xe8, 0x0b, 0x08, 0x00, 0x10, 0x00, 0x00, 0x00, 0x00, 0x00, 0x60, 0x48, 0xe0, 0x0b
.byte 0x08, 0x00, 0x10, 0x00, 0x00, 0x00, 0x00, 0x00, 0x60, 0x48, 0xd8, 0x0b, 0x08, 0x00, 0x10, 0x00
.byte 0x00, 0x00, 0x00, 0x00, 0x60, 0x48, 0xd0, 0x0b, 0x08, 0x00, 0x10, 0x00, 0x00, 0x00, 0x00, 0x00
.byte 0x60, 0x48, 0xc8, 0x0b, 0x08, 0x00, 0x10, 0x00, 0x00, 0x00, 0x00, 0x00, 0x60, 0x48, 0xc0, 0x0b
.byte 0x08, 0x00, 0x10, 0x00, 0x00, 0x00, 0x00, 0x00, 0x60, 0x48, 0xb8, 0x0b, 0x08, 0x00, 0x10, 0x00
.byte 0x00, 0x00, 0x00, 0x00, 0x60, 0x48, 0xb0, 0x0b, 0x08, 0x00, 0x10, 0x00, 0x00, 0x00, 0x00, 0x00
.byte 0x60, 0x48, 0xa8, 0x0b, 0x08, 0x00, 0x10, 0x00, 0x00, 0x00, 0x00, 0x00, 0x60, 0x48, 0x30, 0x0b
.byte 0x08, 0x00, 0x10, 0x00, 0x00, 0x00, 0x00, 0x00, 0x60, 0x48, 0x38, 0x0b, 0x08, 0x00, 0x10, 0x00
.byte 0x00, 0x00, 0x00, 0x00, 0x60, 0x48, 0x40, 0x0b, 0x08, 0x00, 0x10, 0x00, 0x00, 0x00, 0x00, 0x00
.byte 0x60, 0x48, 0x48, 0x0b, 0x08, 0x00, 0x10, 0x00, 0x00, 0x00, 0x00, 0x00, 0x60, 0x48, 0x50, 0x0b
.byte 0x08, 0x00, 0x10, 0x00, 0x00, 0x00, 0x00, 0x00, 0x30, 0x00, 0x4e, 0xf2, 0x30, 0x00, 0x38, 0x00
.byte 0x00, 0x00, 0x00, 0x00, 0x18, 0x00, 0x00, 0x00, 0x78, 0x90, 0x59, 0xfc, 0x20, 0x00, 0x28, 0x00
.byte 0x00, 0x00, 0x00, 0x00, 0x60, 0x48, 0x28, 0x0b, 0x08, 0x00, 0x10, 0x00, 0x00, 0x00, 0x00, 0x00
.byte 0x60, 0x48, 0x20, 0x0b, 0x08, 0x00, 0x10, 0x00, 0x00, 0x00, 0x00, 0x00, 0x60, 0x48, 0x18, 0x0b
.byte 0x08, 0x00, 0x10, 0x00, 0x00, 0x00, 0x00, 0x00, 0x60, 0x48, 0x10, 0x0b, 0x08, 0x00, 0x10, 0x00
.byte 0x00, 0x00, 0x00, 0x00, 0x60, 0x48, 0x08, 0x0b, 0x08, 0x00, 0x10, 0x00, 0x00, 0x00, 0x00, 0x00
.byte 0x60, 0x48, 0x00, 0x0b, 0x08, 0x00, 0x10, 0x00, 0x00, 0x00, 0x00, 0x00, 0x60, 0x48, 0xf8, 0x0b
.byte 0x08, 0x00, 0x10, 0x00, 0x00, 0x00, 0x00, 0x00, 0x60, 0x48, 0xf0, 0x0b, 0x08, 0x00, 0x10, 0x00
.byte 0x00, 0x00, 0x00, 0x00, 0x60, 0x48, 0xe8, 0x0b, 0x08, 0x00, 0x10, 0x00, 0x00, 0x00, 0x00, 0x00
.byte 0x60, 0x48, 0xe0, 0x0b, 0x08, 0x00, 0x10, 0x00, 0x00, 0x00, 0x00, 0x00, 0x60, 0x48, 0xd8, 0x0b
.byte 0x08, 0x00, 0x10, 0x00, 0x00, 0x00, 0x00, 0x00, 0x60, 0x48, 0xd0, 0x0b, 0x08, 0x00, 0x10, 0x00
.byte 0x00, 0x00, 0x00, 0x00, 0x60, 0x48, 0xc8, 0x0b, 0x08, 0x00, 0x10, 0x00, 0x00, 0x00, 0x00, 0x00
.byte 0x60, 0x48, 0xc0, 0x0b, 0x08, 0x00, 0x10, 0x00, 0x00, 0x00, 0x00, 0x00, 0x60, 0x48, 0xb8, 0x0b
.byte 0x08, 0x00, 0x10, 0x00, 0x00, 0x00, 0x00, 0x00, 0x60, 0x48, 0xb0, 0x0b, 0x08, 0x00, 0x10, 0x00
.byte 0x00, 0x00, 0x00, 0x00, 0x60, 0x48, 0xa8, 0x0b, 0x08, 0x00, 0x10, 0x00, 0x00, 0x00, 0x00, 0x00
.byte 0x60, 0x48, 0x30, 0x0b, 0x08, 0x00, 0x10, 0x00, 0x00, 0x00, 0x00, 0x00, 0x60, 0x48, 0x38, 0x0b
.byte 0x08, 0x00, 0x10, 0x00, 0x00, 0x00, 0x00, 0x00, 0x60, 0x48, 0x40, 0x0b, 0x08, 0x00, 0x10, 0x00
.byte 0x00, 0x00, 0x00, 0x00, 0x60, 0x48, 0x48, 0x0b, 0x08, 0x00, 0x10, 0x00, 0x00, 0x00, 0x00, 0x00
.byte 0x60, 0x48, 0x50, 0x0b, 0x08, 0x00, 0x10, 0x00, 0x00, 0x00, 0x00, 0x00, 0x60, 0x48, 0x58, 0x0b
.byte 0x08, 0x00, 0x10, 0x00, 0x00, 0x00, 0x00, 0x00, 0x01, 0x00, 0x00, 0x00, 0x00, 0xc0, 0xdd, 0x00
.byte 0x28, 0x00, 0x10, 0x00, 0x00, 0x00, 0x00, 0x00, 0x01, 0x00, 0x00, 0x00, 0x98, 0xa8, 0x00, 0x02
.byte 0x08, 0x00, 0x10, 0x00, 0x00, 0x00, 0x00, 0x00, 0x01, 0x00, 0x00, 0x00, 0xa0, 0xa8, 0x00, 0x02
.byte 0x18, 0x00, 0x10, 0x00, 0x00, 0x00, 0x00, 0x00, 0x08, 0x00, 0x00, 0x00, 0x60, 0x20, 0x38, 0x00
.byte 0x40, 0x00, 0x18, 0x00, 0x00, 0x00, 0x00, 0x00, 0x60, 0x20, 0x00, 0x00, 0x08, 0x00, 0x18, 0x00
.byte 0x00, 0x00, 0x00, 0x00, 0x60, 0x20, 0x08, 0x00, 0x08, 0x00, 0x18, 0x00, 0x00, 0x00, 0x00, 0x00
.byte 0x60, 0x20, 0x10, 0x00, 0x08, 0x00, 0x18, 0x00, 0x00, 0x00, 0x00, 0x00, 0x60, 0x20, 0x18, 0x00
.byte 0x08, 0x00, 0x18, 0x00, 0x00, 0x00, 0x00, 0x00, 0x60, 0x20, 0x20, 0x00, 0x08, 0x00, 0x18, 0x00
.byte 0x00, 0x00, 0x00, 0x00, 0x60, 0x20, 0x28, 0x00, 0x08, 0x00, 0x18, 0x00, 0x00, 0x00, 0x00, 0x00
.byte 0x60, 0x20, 0x30, 0x00, 0x08, 0x00, 0x18, 0x00, 0x00, 0x00, 0x00, 0x00, 0x01, 0x00, 0x00, 0x00
.byte 0x58, 0x70, 0x08, 0x01, 0x40, 0x00, 0x10, 0x00, 0x00, 0x00, 0x00, 0x00, 0x01, 0x00, 0x00, 0x00
.byte 0x58, 0x80, 0x08, 0x01, 0x40, 0x00, 0x10, 0x00, 0x00, 0x00, 0x00, 0x00, 0x01, 0x00, 0x00, 0x00
.byte 0x50, 0x90, 0xd6, 0xee, 0x28, 0x00, 0x28, 0x00, 0x00, 0x00, 0x00, 0x00, 0x01, 0x00, 0x00, 0x00
.byte 0x00, 0xa8, 0xde, 0xf6, 0x28, 0x00, 0x18, 0x00, 0x00, 0x00, 0x00, 0x00, 0x01, 0x00, 0x00, 0x00
.byte 0x50, 0x90, 0x02, 0xef, 0x28, 0x00, 0x28, 0x00, 0x00, 0x00, 0x00, 0x00, 0x01, 0x00, 0x00, 0x00
.byte 0xc0, 0x98, 0x00, 0xf6, 0x28, 0x00, 0x18, 0x00, 0x00, 0x00, 0x00, 0x00, 0x01, 0x00, 0x00, 0x00
.byte 0x50, 0x90, 0xd6, 0xf5, 0x28, 0x00, 0x28, 0x00, 0x00, 0x00, 0x00, 0x00, 0x01, 0x00, 0x00, 0x00
.byte 0x00, 0xa8, 0xde, 0xfd, 0x28, 0x00, 0x18, 0x00, 0x00, 0x00, 0x00, 0x00, 0x01, 0x00, 0x00, 0x00
.byte 0x50, 0x90, 0x02, 0xf6, 0x28, 0x00, 0x28, 0x00, 0x00, 0x00, 0x00, 0x00, 0x01, 0x00, 0x00, 0x00
.byte 0xc0, 0x98, 0x00, 0xfd, 0x28, 0x00, 0x18, 0x00, 0x00, 0x00, 0x00, 0x00, 0x05, 0x00, 0x00, 0x00
.byte 0xe8, 0x98, 0x00, 0x00, 0x18, 0x00, 0x08, 0x00, 0x00, 0x00, 0x00, 0x00, 0xe8, 0x98, 0x18, 0x00
.byte 0x18, 0x00, 0x08, 0x00, 0x00, 0x00, 0x00, 0x00, 0xe8, 0x98, 0x30, 0x00, 0x18, 0x00, 0x08, 0x00
.byte 0x00, 0x00, 0x00, 0x00, 0xe8, 0x98, 0x60, 0x00, 0x10, 0x00, 0x08, 0x00, 0x00, 0x00, 0x00, 0x00
.byte 0xe8, 0x98, 0x48, 0x00, 0x18, 0x00, 0x08, 0x00, 0x00, 0x00, 0x00, 0x00, 0x02, 0x00, 0x00, 0x00
.byte 0x00, 0xf0, 0x00, 0x00, 0x60, 0x00, 0x10, 0x00, 0x00, 0x00, 0x00, 0x00, 0xa8, 0xf8, 0x0d, 0x01
.byte 0x58, 0x00, 0x08, 0x00, 0x00, 0x00, 0x00, 0x00, 0x02, 0x00, 0x00, 0x00, 0x00, 0xf0, 0x00, 0x00
.byte 0x60, 0x00, 0x10, 0x00, 0x00, 0x00, 0x00, 0x00, 0x60, 0xf8, 0x0d, 0x01, 0x30, 0x00, 0x08, 0x00
.byte 0x00, 0x00, 0x00, 0x00, 0x00, 0x00, 0x00, 0x00
.globl _sym_00c5c2c8
_sym_00c5c2c8:
.byte 0x6e, 0x00, 0x00, 0x00, 0xbc, 0x01, 0x00, 0x00, 0xcc, 0x01, 0x00, 0x00, 0xdc, 0x01, 0x00, 0x00
.byte 0xec, 0x01, 0x00, 0x00, 0xfc, 0x01, 0x00, 0x00, 0x0c, 0x02, 0x00, 0x00, 0x1c, 0x02, 0x00, 0x00
.byte 0x2c, 0x02, 0x00, 0x00, 0x3c, 0x02, 0x00, 0x00, 0x4c, 0x02, 0x00, 0x00, 0x5c, 0x02, 0x00, 0x00
.byte 0x6c, 0x02, 0x00, 0x00, 0x7c, 0x02, 0x00, 0x00, 0x8c, 0x02, 0x00, 0x00, 0x9c, 0x02, 0x00, 0x00
.byte 0xac, 0x02, 0x00, 0x00, 0x28, 0x03, 0x00, 0x00, 0x5c, 0x03, 0x00, 0x00, 0x90, 0x03, 0x00, 0x00
.byte 0x54, 0x04, 0x00, 0x00, 0xdc, 0x04, 0x00, 0x00, 0xec, 0x04, 0x00, 0x00, 0xfc, 0x04, 0x00, 0x00
.byte 0x0c, 0x05, 0x00, 0x00, 0x58, 0x05, 0x00, 0x00, 0xec, 0x05, 0x00, 0x00, 0x20, 0x06, 0x00, 0x00
.byte 0x84, 0x06, 0x00, 0x00, 0x0c, 0x07, 0x00, 0x00, 0x88, 0x07, 0x00, 0x00, 0x98, 0x07, 0x00, 0x00
.byte 0xa8, 0x07, 0x00, 0x00, 0xc4, 0x07, 0x00, 0x00, 0xe0, 0x07, 0x00, 0x00, 0xfc, 0x07, 0x00, 0x00
.byte 0x18, 0x08, 0x00, 0x00, 0x28, 0x08, 0x00, 0x00, 0x8c, 0x08, 0x00, 0x00, 0xc0, 0x08, 0x00, 0x00
.byte 0x18, 0x09, 0x00, 0x00, 0x70, 0x09, 0x00, 0x00, 0x80, 0x09, 0x00, 0x00, 0x90, 0x09, 0x00, 0x00
.byte 0xa0, 0x09, 0x00, 0x00, 0xb0, 0x09, 0x00, 0x00, 0xc0, 0x09, 0x00, 0x00, 0xd0, 0x09, 0x00, 0x00
.byte 0xe0, 0x09, 0x00, 0x00, 0xf0, 0x09, 0x00, 0x00, 0x00, 0x0a, 0x00, 0x00, 0x10, 0x0a, 0x00, 0x00
.byte 0x20, 0x0a, 0x00, 0x00, 0x3c, 0x0a, 0x00, 0x00, 0x58, 0x0a, 0x00, 0x00, 0x74, 0x0a, 0x00, 0x00
.byte 0x90, 0x0a, 0x00, 0x00, 0xac, 0x0a, 0x00, 0x00, 0xc8, 0x0a, 0x00, 0x00, 0xe4, 0x0a, 0x00, 0x00
.byte 0x00, 0x0b, 0x00, 0x00, 0x1c, 0x0b, 0x00, 0x00, 0x38, 0x0b, 0x00, 0x00, 0x54, 0x0b, 0x00, 0x00
.byte 0x70, 0x0b, 0x00, 0x00, 0x8c, 0x0b, 0x00, 0x00, 0xa8, 0x0b, 0x00, 0x00, 0xc4, 0x0b, 0x00, 0x00
.byte 0xe0, 0x0b, 0x00, 0x00, 0xf0, 0x0b, 0x00, 0x00, 0x00, 0x0c, 0x00, 0x00, 0x10, 0x0c, 0x00, 0x00
.byte 0x20, 0x0c, 0x00, 0x00, 0x30, 0x0c, 0x00, 0x00, 0x40, 0x0c, 0x00, 0x00, 0x50, 0x0c, 0x00, 0x00
.byte 0x60, 0x0c, 0x00, 0x00, 0x70, 0x0c, 0x00, 0x00, 0x80, 0x0c, 0x00, 0x00, 0x9c, 0x0c, 0x00, 0x00
.byte 0xe8, 0x0c, 0x00, 0x00, 0x04, 0x0d, 0x00, 0x00, 0x50, 0x0d, 0x00, 0x00, 0x6c, 0x0d, 0x00, 0x00
.byte 0xac, 0x0d, 0x00, 0x00, 0xec, 0x0d, 0x00, 0x00, 0x20, 0x0e, 0x00, 0x00, 0x60, 0x0e, 0x00, 0x00
.byte 0xac, 0x0e, 0x00, 0x00, 0xe0, 0x0e, 0x00, 0x00, 0x38, 0x0f, 0x00, 0x00, 0x84, 0x0f, 0x00, 0x00
.byte 0xd0, 0x0f, 0x00, 0x00, 0xec, 0x0f, 0x00, 0x00, 0x2c, 0x10, 0x00, 0x00, 0x6c, 0x10, 0x00, 0x00
.byte 0xa0, 0x10, 0x00, 0x00, 0xe0, 0x10, 0x00, 0x00, 0x2c, 0x11, 0x00, 0x00, 0x60, 0x11, 0x00, 0x00
.byte 0xb8, 0x11, 0x00, 0x00, 0x04, 0x12, 0x00, 0x00, 0x14, 0x12, 0x00, 0x00, 0x24, 0x12, 0x00, 0x00
.byte 0x34, 0x12, 0x00, 0x00, 0x44, 0x12, 0x00, 0x00, 0x54, 0x12, 0x00, 0x00, 0x64, 0x12, 0x00, 0x00
.byte 0x74, 0x12, 0x00, 0x00, 0x90, 0x12, 0x00, 0x00, 0xa0, 0x12, 0x00, 0x00, 0x01, 0x00, 0x00, 0x00
.byte 0x80, 0xb8, 0xf0, 0xf0, 0x10, 0x00, 0x10, 0x00, 0x00, 0x00, 0x00, 0x00, 0x01, 0x00, 0x00, 0x00
.byte 0x80, 0xc8, 0xf0, 0x00, 0x10, 0x00, 0x08, 0x00, 0x00, 0x00, 0x00, 0x00, 0x01, 0x00, 0x00, 0x00
.byte 0x80, 0xd0, 0xf0, 0x00, 0x10, 0x00, 0x10, 0x00, 0x00, 0x00, 0x00, 0x00, 0x01, 0x00, 0x00, 0x00
.byte 0x90, 0xb8, 0x00, 0xf0, 0x08, 0x00, 0x10, 0x00, 0x00, 0x00, 0x00, 0x00, 0x01, 0x00, 0x00, 0x00
.byte 0x90, 0xc8, 0x00, 0x00, 0x08, 0x00, 0x08, 0x00, 0x00, 0x00, 0x00, 0x00, 0x01, 0x00, 0x00, 0x00
.byte 0x90, 0xd0, 0x00, 0x00, 0x08, 0x00, 0x10, 0x00, 0x00, 0x00, 0x00, 0x00, 0x01, 0x00, 0x00, 0x00
.byte 0x98, 0xb8, 0x00, 0xf0, 0x10, 0x00, 0x10, 0x00, 0x00, 0x00, 0x00, 0x00, 0x01, 0x00, 0x00, 0x00
.byte 0x98, 0xc8, 0x00, 0x00, 0x10, 0x00, 0x08, 0x00, 0x00, 0x00, 0x00, 0x00, 0x01, 0x00, 0x00, 0x00
.byte 0x98, 0xd0, 0x00, 0x00, 0x10, 0x00, 0x10, 0x00, 0x00, 0x00, 0x00, 0x00, 0x01, 0x00, 0x00, 0x00
.byte 0x90, 0xa0, 0x00, 0x00, 0x18, 0x00, 0x13, 0x00, 0x00, 0x00, 0x00, 0x00, 0x01, 0x00, 0x00, 0x00
.byte 0xa8, 0xa0, 0x00, 0x00, 0x08, 0x00, 0x13, 0x00, 0x00, 0x00, 0x00, 0x00, 0x01, 0x00, 0x00, 0x00
.byte 0x00, 0x60, 0x00, 0x00, 0x60, 0x00, 0x10, 0x00, 0x00, 0x00, 0x00, 0x00, 0x01, 0x00, 0x00, 0x00
.byte 0x60, 0x60, 0x00, 0x00, 0x60, 0x00, 0x10, 0x00, 0x00, 0x00, 0x00, 0x00, 0x01, 0x00, 0x00, 0x00
.byte 0x00, 0x70, 0xe0, 0x00, 0xa0, 0x00, 0x10, 0x00, 0x00, 0x00, 0x00, 0x00, 0x01, 0x00, 0x00, 0x00
.byte 0x00, 0x80, 0xd0, 0x00, 0xb0, 0x00, 0x10, 0x00, 0x00, 0x00, 0x00, 0x00, 0x0a, 0x00, 0x00, 0x00
.byte 0x00, 0xc8, 0x00, 0x00, 0x28, 0x00, 0x18, 0x00, 0x00, 0x00, 0x00, 0x00, 0x28, 0xc8, 0x28, 0x00
.byte 0x08, 0x00, 0x18, 0x00, 0x00, 0x00, 0x00, 0x00, 0x28, 0xc8, 0x30, 0x00, 0x08, 0x00, 0x18, 0x00
.byte 0x00, 0x00, 0x00, 0x00, 0x28, 0xc8, 0x38, 0x00, 0x08, 0x00, 0x18, 0x00, 0x00, 0x00, 0x00, 0x00
.byte 0x28, 0xc8, 0x40, 0x00, 0x08, 0x00, 0x18, 0x00, 0x00, 0x00, 0x00, 0x00, 0x28, 0xc8, 0x48, 0x00
.byte 0x08, 0x00, 0x18, 0x00, 0x00, 0x00, 0x00, 0x00, 0x28, 0xc8, 0x50, 0x00, 0x08, 0x00, 0x18, 0x00
.byte 0x00, 0x00, 0x00, 0x00, 0x28, 0xc8, 0x58, 0x00, 0x08, 0x00, 0x18, 0x00, 0x00, 0x00, 0x00, 0x00
.byte 0x28, 0xc8, 0x60, 0x00, 0x08, 0x00, 0x18, 0x00, 0x00, 0x00, 0x00, 0x00, 0x58, 0x90, 0x14, 0x05
.byte 0x50, 0x00, 0x10, 0x00, 0x00, 0x00, 0x00, 0x00, 0x04, 0x00, 0x00, 0x00, 0x68, 0xb0, 0xe8, 0xe8
.byte 0x18, 0x00, 0x18, 0x00, 0x00, 0x00, 0x00, 0x00, 0x68, 0xb0, 0x00, 0x00, 0x18, 0x00, 0x18, 0x00
.byte 0x01, 0x00, 0x01, 0x00, 0x68, 0xb0, 0x00, 0xe8, 0x18, 0x00, 0x18, 0x00, 0x01, 0x00, 0x00, 0x00
.byte 0x68, 0xb0, 0xe8, 0x00, 0x18, 0x00, 0x18, 0x00, 0x00, 0x00, 0x01, 0x00, 0x04, 0x00, 0x00, 0x00
.byte 0x50, 0xb0, 0xe8, 0xe8, 0x18, 0x00, 0x18, 0x00, 0x00, 0x00, 0x00, 0x00, 0x50, 0xb0, 0x00, 0xe8
.byte 0x18, 0x00, 0x18, 0x00, 0x01, 0x00, 0x00, 0x00, 0x50, 0xb0, 0x00, 0x00, 0x18, 0x00, 0x18, 0x00
.byte 0x01, 0x00, 0x01, 0x00, 0x50, 0xb0, 0xe8, 0x00, 0x18, 0x00, 0x18, 0x00, 0x00, 0x00, 0x01, 0x00
.byte 0x10, 0x00, 0x00, 0x00, 0x18, 0xb0, 0xa9, 0x00, 0x18, 0x00, 0x18, 0x00, 0x00, 0x00, 0x00, 0x00
.byte 0x30, 0xb0, 0xc0, 0x00, 0x08, 0x00, 0x18, 0x00, 0x00, 0x00, 0x00, 0x00, 0x30, 0xb0, 0xc8, 0x00
.byte 0x08, 0x00, 0x18, 0x00, 0x00, 0x00, 0x00, 0x00, 0x30, 0xb0, 0xd0, 0x00, 0x08, 0x00, 0x18, 0x00
.byte 0x00, 0x00, 0x00, 0x00, 0x30, 0xb0, 0xd8, 0x00, 0x08, 0x00, 0x18, 0x00, 0x00, 0x00, 0x00, 0x00
.byte 0x30, 0xb0, 0xe0, 0x00, 0x08, 0x00, 0x18, 0x00, 0x00, 0x00, 0x00, 0x00, 0x30, 0xb0, 0xe8, 0x00
.byte 0x08, 0x00, 0x18, 0x00, 0x00, 0x00, 0x00, 0x00, 0x30, 0xb0, 0xf0, 0x00, 0x08, 0x00, 0x18, 0x00
.byte 0x00, 0x00, 0x00, 0x00, 0x30, 0xb0, 0xf8, 0x00, 0x08, 0x00, 0x18, 0x00, 0x00, 0x00, 0x00, 0x00
.byte 0x30, 0xb0, 0x00, 0x00, 0x08, 0x00, 0x18, 0x00, 0x00, 0x00, 0x00, 0x00, 0x30, 0xb0, 0x08, 0x00
.byte 0x08, 0x00, 0x18, 0x00, 0x00, 0x00, 0x00, 0x00, 0x30, 0xb0, 0x10, 0x00, 0x08, 0x00, 0x18, 0x00
.byte 0x00, 0x00, 0x00, 0x00, 0x30, 0xb0, 0x18, 0x00, 0x08, 0x00, 0x18, 0x00, 0x00, 0x00, 0x00, 0x00
.byte 0x30, 0xb0, 0x20, 0x00, 0x08, 0x00, 0x18, 0x00, 0x00, 0x00, 0x00, 0x00, 0x30, 0xb0, 0x28, 0x00
.byte 0x08, 0x00, 0x18, 0x00, 0x00, 0x00, 0x00, 0x00, 0x38, 0xb0, 0x30, 0x00, 0x18, 0x00, 0x18, 0x00
.byte 0x00, 0x00, 0x00, 0x00, 0x0b, 0x00, 0x00, 0x00, 0x00, 0xc8, 0xb0, 0x00, 0x28, 0x00, 0x18, 0x00
.byte 0x00, 0x00, 0x00, 0x00, 0x28, 0xc8, 0xd8, 0x00, 0x08, 0x00, 0x18, 0x00, 0x00, 0x00, 0x00, 0x00
.byte 0x28, 0xc8, 0xe0, 0x00, 0x08, 0x00, 0x18, 0x00, 0x00, 0x00, 0x00, 0x00, 0x28, 0xc8, 0xe8, 0x00
.byte 0x08, 0x00, 0x18, 0x00, 0x00, 0x00, 0x00, 0x00, 0x28, 0xc8, 0xf0, 0x00, 0x08, 0x00, 0x18, 0x00
.byte 0x00, 0x00, 0x00, 0x00, 0x28, 0xc8, 0xf8, 0x00, 0x08, 0x00, 0x18, 0x00, 0x00, 0x00, 0x00, 0x00
.byte 0x28, 0xc8, 0x00, 0x00, 0x08, 0x00, 0x18, 0x00, 0x00, 0x00, 0x00, 0x00, 0x28, 0xc8, 0x08, 0x00
.byte 0x08, 0x00, 0x18, 0x00, 0x00, 0x00, 0x00, 0x00, 0x28, 0xc8, 0x10, 0x00, 0x08, 0x00, 0x18, 0x00
.byte 0x00, 0x00, 0x00, 0x00, 0x00, 0x60, 0x08, 0x0a, 0x60, 0x00, 0x10, 0x00, 0x00, 0x00, 0x00, 0x00
.byte 0x58, 0x90, 0xc4, 0x05, 0x58, 0x00, 0x10, 0x00, 0x00, 0x00, 0x00, 0x00, 0x01, 0x00, 0x00, 0x00
.byte 0x00, 0xb0, 0x00, 0x00, 0x18, 0x00, 0x18, 0x00, 0x00, 0x00, 0x00, 0x00, 0x01, 0x00, 0x00, 0x00
.byte 0x00, 0x70, 0xd0, 0xf8, 0xb0, 0x00, 0x20, 0x00, 0x00, 0x00, 0x00, 0x00, 0x01, 0x00, 0x00, 0x00
.byte 0x58, 0x90, 0x00, 0x00, 0x58, 0x00, 0x10, 0x00, 0x00, 0x00, 0x00, 0x00, 0x06, 0x00, 0x00, 0x00
.byte 0x00, 0xc8, 0x00, 0x00, 0x30, 0x00, 0x18, 0x00, 0x00, 0x00, 0x00, 0x00, 0x28, 0xc8, 0x30, 0x00
.byte 0x08, 0x00, 0x18, 0x00, 0x00, 0x00, 0x00, 0x00, 0x28, 0xc8, 0x38, 0x00, 0x08, 0x00, 0x18, 0x00
.byte 0x00, 0x00, 0x00, 0x00, 0x28, 0xc8, 0x40, 0x00, 0x08, 0x00, 0x18, 0x00, 0x00, 0x00, 0x00, 0x00
.byte 0x28, 0xc8, 0x48, 0x00, 0x08, 0x00, 0x18, 0x00, 0x00, 0x00, 0x00, 0x00, 0x00, 0xc8, 0xb2, 0x0c
.byte 0x80, 0x00, 0x18, 0x00, 0x00, 0x00, 0x00, 0x00, 0x0c, 0x00, 0x00, 0x00, 0x00, 0xc8, 0xb0, 0x00
.byte 0x28, 0x00, 0x19, 0x00, 0x00, 0x00, 0x00, 0x00, 0x28, 0xc8, 0xd8, 0x00, 0x08, 0x00, 0x19, 0x00
.byte 0x00, 0x00, 0x00, 0x00, 0x28, 0xc8, 0xe0, 0x00, 0x08, 0x00, 0x19, 0x00, 0x00, 0x00, 0x00, 0x00
.byte 0x28, 0xc8, 0xe8, 0x00, 0x08, 0x00, 0x19, 0x00, 0x00, 0x00, 0x00, 0x00, 0x28, 0xc8, 0xf0, 0x00
.byte 0x08, 0x00, 0x19, 0x00, 0x00, 0x00, 0x00, 0x00, 0x28, 0xc8, 0xf8, 0x00, 0x08, 0x00, 0x19, 0x00
.byte 0x00, 0x00, 0x00, 0x00, 0x28, 0xc8, 0x00, 0x00, 0x08, 0x00, 0x19, 0x00, 0x00, 0x00, 0x00, 0x00
.byte 0x28, 0xc8, 0x08, 0x00, 0x08, 0x00, 0x19, 0x00, 0x00, 0x00, 0x00, 0x00, 0x28, 0xc8, 0x10, 0x00
.byte 0x08, 0x00, 0x19, 0x00, 0x00, 0x00, 0x00, 0x00, 0x00, 0x60, 0x08, 0x0a, 0x60, 0x00, 0x10, 0x00
.byte 0x00, 0x00, 0x00, 0x00, 0x58, 0x90, 0xc4, 0x05, 0x58, 0x00, 0x10, 0x00, 0x00, 0x00, 0x00, 0x00
.byte 0xc0, 0xc0, 0x23, 0x0c, 0x28, 0x00, 0x10, 0x00, 0x00, 0x00, 0x00, 0x00, 0x04, 0x00, 0x00, 0x00
.byte 0xe0, 0xc0, 0xe8, 0xf0, 0x18, 0x00, 0x10, 0x00, 0x00, 0x00, 0x00, 0x00, 0xe0, 0xc0, 0x00, 0xf0
.byte 0x18, 0x00, 0x10, 0x00, 0x01, 0x00, 0x00, 0x00, 0xe0, 0xc0, 0x00, 0x00, 0x18, 0x00, 0x10, 0x00
.byte 0x01, 0x00, 0x01, 0x00, 0xe0, 0xc0, 0xe8, 0x00, 0x18, 0x00, 0x10, 0x00, 0x00, 0x00, 0x01, 0x00
.byte 0x08, 0x00, 0x00, 0x00, 0x00, 0xc8, 0xc8, 0xe7, 0x28, 0x00, 0x18, 0x00, 0x00, 0x00, 0x00, 0x00
.byte 0x28, 0xc8, 0xf0, 0xe7, 0x08, 0x00, 0x18, 0x00, 0x00, 0x00, 0x00, 0x00, 0x28, 0xc8, 0x00, 0xe7
.byte 0x08, 0x00, 0x18, 0x00, 0x00, 0x00, 0x00, 0x00, 0x28, 0xc8, 0x08, 0xe7, 0x08, 0x00, 0x18, 0x00
.byte 0x00, 0x00, 0x00, 0x00, 0x28, 0xc8, 0x10, 0xe7, 0x08, 0x00, 0x18, 0x00, 0x00, 0x00, 0x00, 0x00
.byte 0x28, 0xc8, 0xf8, 0xe7, 0x08, 0x00, 0x18, 0x00, 0x00, 0x00, 0x00, 0x00, 0x30, 0xc8, 0x18, 0xe7
.byte 0x50, 0x00, 0x18, 0x00, 0x00, 0x00, 0x00, 0x00, 0x78, 0x30, 0xdf, 0xef, 0x48, 0x00, 0x10, 0x00
.byte 0x00, 0x00, 0x00, 0x00, 0x0b, 0x00, 0x00, 0x00, 0x00, 0xc8, 0xc8, 0xe6, 0x28, 0x00, 0x18, 0x00
.byte 0x00, 0x00, 0x00, 0x00, 0x28, 0xc8, 0xf0, 0xe6, 0x08, 0x00, 0x18, 0x00, 0x00, 0x00, 0x00, 0x00
.byte 0x28, 0xc8, 0xf8, 0xe6, 0x08, 0x00, 0x18, 0x00, 0x00, 0x00, 0x00, 0x00, 0x28, 0xc8, 0x00, 0xe6
.byte 0x08, 0x00, 0x18, 0x00, 0x00, 0x00, 0x00, 0x00, 0x28, 0xc8, 0x08, 0xe6, 0x08, 0x00, 0x18, 0x00
.byte 0x00, 0x00, 0x00, 0x00, 0x28, 0xc8, 0x10, 0xe6, 0x08, 0x00, 0x18, 0x00, 0x00, 0x00, 0x00, 0x00
.byte 0x28, 0xc8, 0x18, 0xe6, 0x08, 0x00, 0x18, 0x00, 0x00, 0x00, 0x00, 0x00, 0x28, 0xc8, 0x20, 0xe6
.byte 0x08, 0x00, 0x18, 0x00, 0x00, 0x00, 0x00, 0x00, 0x28, 0xc8, 0x28, 0xe6, 0x08, 0x00, 0x18, 0x00
.byte 0x00, 0x00, 0x00, 0x00, 0x30, 0xc8, 0x30, 0xe6, 0x50, 0x00, 0x18, 0x00, 0x00, 0x00, 0x00, 0x00
.byte 0x18, 0xa0, 0xdf, 0xef, 0x70, 0x00, 0x10, 0x00, 0x00, 0x00, 0x00, 0x00, 0x0a, 0x00, 0x00, 0x00
.byte 0x00, 0xc8, 0xc8, 0xe7, 0x28, 0x00, 0x18, 0x00, 0x00, 0x00, 0x00, 0x00, 0x28, 0xc8, 0xf0, 0xe7
.byte 0x08, 0x00, 0x18, 0x00, 0x00, 0x00, 0x00, 0x00, 0x28, 0xc8, 0xf8, 0xe7, 0x08, 0x00, 0x18, 0x00
.byte 0x00, 0x00, 0x00, 0x00, 0x28, 0xc8, 0x00, 0xe7, 0x08, 0x00, 0x18, 0x00, 0x00, 0x00, 0x00, 0x00
.byte 0x28, 0xc8, 0x08, 0xe7, 0x08, 0x00, 0x18, 0x00, 0x00, 0x00, 0x00, 0x00, 0x28, 0xc8, 0x10, 0xe7
.byte 0x08, 0x00, 0x18, 0x00, 0x00, 0x00, 0x00, 0x00, 0x28, 0xc8, 0x18, 0xe7, 0x08, 0x00, 0x18, 0x00
.byte 0x00, 0x00, 0x00, 0x00, 0x28, 0xc8, 0x20, 0xe7, 0x08, 0x00, 0x18, 0x00, 0x00, 0x00, 0x00, 0x00
.byte 0x30, 0xc8, 0x28, 0xe7, 0x50, 0x00, 0x18, 0x00, 0x00, 0x00, 0x00, 0x00, 0x00, 0x90, 0xdf, 0xef
.byte 0x58, 0x00, 0x10, 0x00, 0x00, 0x00, 0x00, 0x00, 0x01, 0x00, 0x00, 0x00, 0x00, 0xb0, 0xf3, 0xff
.byte 0x18, 0x00, 0x18, 0x00, 0x00, 0x00, 0x00, 0x00, 0x01, 0x00, 0x00, 0x00, 0x00, 0xa0, 0xf6, 0x03
.byte 0x18, 0x00, 0x10, 0x00, 0x00, 0x00, 0x00, 0x00, 0x02, 0x00, 0x00, 0x00, 0x00, 0xf0, 0xf9, 0x00
.byte 0x30, 0x00, 0x10, 0x00, 0x00, 0x00, 0x00, 0x00, 0x30, 0xf0, 0x26, 0x00, 0x58, 0x00, 0x10, 0x00
.byte 0x00, 0x00, 0x00, 0x00, 0x02, 0x00, 0x00, 0x00, 0x00, 0xe0, 0xf9, 0x00, 0x30, 0x00, 0x10, 0x00
.byte 0x00, 0x00, 0x00, 0x00, 0x30, 0xf0, 0x26, 0x00, 0x58, 0x00, 0x10, 0x00, 0x00, 0x00, 0x00, 0x00
.byte 0x02, 0x00, 0x00, 0x00, 0x30, 0xe0, 0xf9, 0x00, 0x30, 0x00, 0x10, 0x00, 0x00, 0x00, 0x00, 0x00
.byte 0x30, 0xf0, 0x26, 0x00, 0x58, 0x00, 0x10, 0x00, 0x00, 0x00, 0x00, 0x00, 0x02, 0x00, 0x00, 0x00
.byte 0x60, 0xe0, 0xf9, 0x00, 0x30, 0x00, 0x10, 0x00, 0x00, 0x00, 0x00, 0x00, 0x30, 0xf0, 0x26, 0x00
.byte 0x58, 0x00, 0x10, 0x00, 0x00, 0x00, 0x00, 0x00, 0x01, 0x00, 0x00, 0x00, 0x88, 0xf0, 0x00, 0x00
.byte 0x10, 0x00, 0x10, 0x00, 0x00, 0x00, 0x00, 0x00, 0x08, 0x00, 0x00, 0x00, 0xb0, 0xb0, 0xe8, 0xe8
.byte 0x10, 0x00, 0x08, 0x00, 0x00, 0x00, 0x00, 0x00, 0xa8, 0xb8, 0xe0, 0xf0, 0x08, 0x00, 0x10, 0x00
.byte 0x00, 0x00, 0x00, 0x00, 0xb0, 0xb8, 0xe8, 0xf0, 0x08, 0x00, 0x10, 0x00, 0x00, 0x00, 0x00, 0x00
.byte 0xb0, 0xb8, 0xf0, 0xf0, 0x08, 0x00, 0x10, 0x00, 0x00, 0x00, 0x00, 0x00, 0xb8, 0xb8, 0xf8, 0xf0
.byte 0x08, 0x00, 0x10, 0x00, 0x00, 0x00, 0x00, 0x00, 0xa8, 0xb8, 0x21, 0xb2, 0x18, 0x00, 0x10, 0x00
.byte 0x00, 0x00, 0x00, 0x00, 0xb8, 0xe0, 0xf5, 0x05, 0x08, 0x00, 0x10, 0x00, 0x00, 0x00, 0x00, 0x00
.byte 0xb0, 0xf0, 0xec, 0x05, 0x08, 0x00, 0x10, 0x00, 0x00, 0x00, 0x00, 0x00, 0x04, 0x00, 0x00, 0x00
.byte 0xb0, 0xd8, 0xec, 0x11, 0x10, 0x00, 0x08, 0x00, 0x00, 0x00, 0x00, 0x00, 0xa8, 0xb8, 0xe9, 0x02
.byte 0x18, 0x00, 0x10, 0x00, 0x00, 0x00, 0x00, 0x00, 0xb8, 0xe0, 0xf5, 0x04, 0x08, 0x00, 0x10, 0x00
.byte 0x00, 0x00, 0x00, 0x00, 0xb0, 0xf0, 0xec, 0x04, 0x08, 0x00, 0x10, 0x00, 0x00, 0x00, 0x00, 0x00
.byte 0x07, 0x00, 0x00, 0x00, 0xb0, 0xb0, 0xe8, 0xe8, 0x10, 0x00, 0x08, 0x00, 0x00, 0x00, 0x00, 0x00
.byte 0xa8, 0xb8, 0xe0, 0xf0, 0x08, 0x00, 0x10, 0x00, 0x00, 0x00, 0x00, 0x00, 0xb0, 0xb8, 0xe8, 0xf0
.byte 0x08, 0x00, 0x10, 0x00, 0x00, 0x00, 0x00, 0x00, 0xb0, 0xb8, 0xf0, 0xf0, 0x08, 0x00, 0x10, 0x00
.byte 0x00, 0x00, 0x00, 0x00, 0xb8, 0xb8, 0xf8, 0xf0, 0x08, 0x00, 0x10, 0x00, 0x00, 0x00, 0x00, 0x00
.byte 0xb8, 0xe0, 0xf1, 0xf2, 0x08, 0x00, 0x10, 0x00, 0x00, 0x00, 0x00, 0x00, 0xb8, 0xf0, 0xe5, 0xf2
.byte 0x08, 0x00, 0x10, 0x00, 0x00, 0x00, 0x00, 0x00, 0x07, 0x00, 0x00, 0x00, 0xa8, 0xb8, 0xe0, 0x02
.byte 0x08, 0x00, 0x10, 0x00, 0x00, 0x00, 0x00, 0x00, 0xb0, 0xb8, 0xe8, 0x02, 0x08, 0x00, 0x10, 0x00
.byte 0x00, 0x00, 0x00, 0x00, 0xb0, 0xb8, 0xf0, 0x02, 0x08, 0x00, 0x10, 0x00, 0x00, 0x00, 0x00, 0x00
.byte 0xb8, 0xb8, 0xf8, 0x02, 0x08, 0x00, 0x10, 0x00, 0x00, 0x00, 0x00, 0x00, 0xb0, 0xe0, 0xf1, 0x04
.byte 0x08, 0x00, 0x10, 0x00, 0x00, 0x00, 0x00, 0x00, 0xb0, 0xd8, 0xe8, 0x10, 0x10, 0x00, 0x08, 0x00
.byte 0x00, 0x00, 0x00, 0x00, 0xb8, 0xf0, 0xe5, 0x04, 0x08, 0x00, 0x10, 0x00, 0x00, 0x00, 0x00, 0x00
.byte 0x01, 0x00, 0x00, 0x00, 0xc0, 0x00, 0x00, 0x00, 0x20, 0x00, 0x18, 0x00, 0x00, 0x00, 0x00, 0x00
.byte 0x01, 0x00, 0x00, 0x00, 0xe0, 0x00, 0x00, 0x00, 0x20, 0x00, 0x18, 0x00, 0x00, 0x00, 0x00, 0x00
.byte 0x01, 0x00, 0x00, 0x00, 0xc0, 0x18, 0x00, 0x00, 0x20, 0x00, 0x18, 0x00, 0x00, 0x00, 0x00, 0x00
.byte 0x01, 0x00, 0x00, 0x00, 0xe0, 0x18, 0x00, 0x00, 0x20, 0x00, 0x18, 0x00, 0x00, 0x00, 0x00, 0x00
.byte 0x01, 0x00, 0x00, 0x00, 0xc0, 0x30, 0x00, 0x00, 0x20, 0x00, 0x18, 0x00, 0x00, 0x00, 0x00, 0x00
.byte 0x01, 0x00, 0x00, 0x00, 0xe0, 0x30, 0x00, 0x00, 0x20, 0x00, 0x18, 0x00, 0x00, 0x00, 0x00, 0x00
.byte 0x01, 0x00, 0x00, 0x00, 0xc0, 0x48, 0x00, 0x00, 0x20, 0x00, 0x18, 0x00, 0x00, 0x00, 0x00, 0x00
.byte 0x01, 0x00, 0x00, 0x00, 0xe0, 0x48, 0x00, 0x00, 0x20, 0x00, 0x18, 0x00, 0x00, 0x00, 0x00, 0x00
.byte 0x01, 0x00, 0x00, 0x00, 0xc0, 0x60, 0x00, 0x00, 0x20, 0x00, 0x18, 0x00, 0x00, 0x00, 0x00, 0x00
.byte 0x01, 0x00, 0x00, 0x00, 0xe0, 0x60, 0x00, 0x00, 0x20, 0x00, 0x18, 0x00, 0x00, 0x00, 0x00, 0x00
.byte 0x01, 0x00, 0x00, 0x00, 0xc0, 0x78, 0x00, 0x00, 0x20, 0x00, 0x18, 0x00, 0x00, 0x00, 0x00, 0x00
.byte 0x02, 0x00, 0x00, 0x00, 0xe0, 0x78, 0x00, 0x00, 0x20, 0x00, 0x18, 0x00, 0x00, 0x00, 0x00, 0x00
.byte 0xc0, 0xd0, 0x0c, 0x04, 0x08, 0x00, 0x10, 0x00, 0x00, 0x00, 0x00, 0x00, 0x02, 0x00, 0x00, 0x00
.byte 0xe0, 0x78, 0x00, 0x00, 0x20, 0x00, 0x18, 0x00, 0x00, 0x00, 0x00, 0x00, 0xc8, 0xd0, 0x0c, 0x04
.byte 0x08, 0x00, 0x10, 0x00, 0x00, 0x00, 0x00, 0x00, 0x02, 0x00, 0x00, 0x00, 0xe0, 0x78, 0x00, 0x00
.byte 0x20, 0x00, 0x18, 0x00, 0x00, 0x00, 0x00, 0x00, 0xd0, 0xd0, 0x0c, 0x04, 0x08, 0x00, 0x10, 0x00
.byte 0x00, 0x00, 0x00, 0x00, 0x02, 0x00, 0x00, 0x00, 0xe0, 0x78, 0x00, 0x00, 0x20, 0x00, 0x18, 0x00
.byte 0x00, 0x00, 0x00, 0x00, 0xd8, 0xd0, 0x0c, 0x04, 0x08, 0x00, 0x10, 0x00, 0x00, 0x00, 0x00, 0x00
.byte 0x02, 0x00, 0x00, 0x00, 0xe0, 0x78, 0x00, 0x00, 0x20, 0x00, 0x18, 0x00, 0x00, 0x00, 0x00, 0x00
.byte 0xe0, 0xd0, 0x0c, 0x04, 0x08, 0x00, 0x10, 0x00, 0x00, 0x00, 0x00, 0x00, 0x02, 0x00, 0x00, 0x00
.byte 0xe0, 0x78, 0x00, 0x00, 0x20, 0x00, 0x18, 0x00, 0x00, 0x00, 0x00, 0x00, 0xe8, 0xd0, 0x0d, 0x04
.byte 0x08, 0x00, 0x10, 0x00, 0x00, 0x00, 0x00, 0x00, 0x02, 0x00, 0x00, 0x00, 0xe0, 0x78, 0x00, 0x00
.byte 0x20, 0x00, 0x18, 0x00, 0x00, 0x00, 0x00, 0x00, 0xf0, 0xd0, 0x0c, 0x04, 0x08, 0x00, 0x10, 0x00
.byte 0x00, 0x00, 0x00, 0x00, 0x02, 0x00, 0x00, 0x00, 0xe0, 0x78, 0x00, 0x00, 0x20, 0x00, 0x18, 0x00
.byte 0x00, 0x00, 0x00, 0x00, 0xf8, 0xd0, 0x0c, 0x04, 0x08, 0x00, 0x10, 0x00, 0x00, 0x00, 0x00, 0x00
.byte 0x02, 0x00, 0x00, 0x00, 0xc0, 0x90, 0x00, 0x00, 0x20, 0x00, 0x18, 0x00, 0x00, 0x00, 0x00, 0x00
.byte 0xc0, 0xe0, 0x10, 0x08, 0x10, 0x00, 0x10, 0x00, 0x00, 0x00, 0x00, 0x00, 0x02, 0x00, 0x00, 0x00
.byte 0xc0, 0x90, 0x00, 0x00, 0x20, 0x00, 0x18, 0x00, 0x00, 0x00, 0x00, 0x00, 0xd0, 0xe0, 0x10, 0x08
.byte 0x10, 0x00, 0x10, 0x00, 0x00, 0x00, 0x00, 0x00, 0x02, 0x00, 0x00, 0x00, 0xc0, 0x90, 0x00, 0x00
.byte 0x20, 0x00, 0x18, 0x00, 0x00, 0x00, 0x00, 0x00, 0xe0, 0xe0, 0x10, 0x08, 0x10, 0x00, 0x10, 0x00
.byte 0x00, 0x00, 0x00, 0x00, 0x02, 0x00, 0x00, 0x00, 0xc0, 0x90, 0x00, 0x00, 0x20, 0x00, 0x18, 0x00
.byte 0x00, 0x00, 0x00, 0x00, 0xf0, 0xe0, 0x10, 0x08, 0x10, 0x00, 0x10, 0x00, 0x00, 0x00, 0x00, 0x00
.byte 0x02, 0x00, 0x00, 0x00, 0xc0, 0x90, 0x00, 0x00, 0x20, 0x00, 0x18, 0x00, 0x00, 0x00, 0x00, 0x00
.byte 0xc0, 0xf0, 0x10, 0x08, 0x10, 0x00, 0x10, 0x00, 0x00, 0x00, 0x00, 0x00, 0x02, 0x00, 0x00, 0x00
.byte 0xc0, 0x90, 0x00, 0x00, 0x20, 0x00, 0x18, 0x00, 0x00, 0x00, 0x00, 0x00, 0xd0, 0xf0, 0x10, 0x08
.byte 0x10, 0x00, 0x10, 0x00, 0x00, 0x00, 0x00, 0x00, 0x02, 0x00, 0x00, 0x00, 0xc0, 0x90, 0x00, 0x00
.byte 0x20, 0x00, 0x18, 0x00, 0x00, 0x00, 0x00, 0x00, 0xe0, 0xf0, 0x10, 0x08, 0x10, 0x00, 0x10, 0x00
.byte 0x00, 0x00, 0x00, 0x00, 0x02, 0x00, 0x00, 0x00, 0xc0, 0x90, 0x00, 0x00, 0x20, 0x00, 0x18, 0x00
.byte 0x00, 0x00, 0x00, 0x00, 0xf0, 0xf0, 0x10, 0x08, 0x10, 0x00, 0x10, 0x00, 0x00, 0x00, 0x00, 0x00
.byte 0x01, 0x00, 0x00, 0x00, 0xe0, 0x90, 0x00, 0x00, 0x20, 0x00, 0x18, 0x00, 0x00, 0x00, 0x00, 0x00
.byte 0x01, 0x00, 0x00, 0x00, 0xc0, 0xa8, 0x00, 0x00, 0x20, 0x00, 0x18, 0x00, 0x00, 0x00, 0x00, 0x00
.byte 0x01, 0x00, 0x00, 0x00, 0xb0, 0xc8, 0x00, 0x00, 0x10, 0x00, 0x10, 0x00, 0x00, 0x00, 0x00, 0x00
.byte 0x01, 0x00, 0x00, 0x00, 0x78, 0xd0, 0x00, 0x00, 0x08, 0x00, 0x08, 0x00, 0x00, 0x00, 0x00, 0x00
.byte 0x01, 0x00, 0x00, 0x00, 0x98, 0x00, 0x00, 0x00, 0x28, 0x00, 0x48, 0x00, 0x00, 0x00, 0x00, 0x00
.byte 0x01, 0x00, 0x00, 0x00, 0xa8, 0x48, 0x1b, 0x02, 0x18, 0x00, 0x10, 0x00, 0x00, 0x00, 0x00, 0x00
.byte 0x01, 0x00, 0x00, 0x00, 0x88, 0xf0, 0x2d, 0x00, 0x10, 0x00, 0x10, 0x00, 0x00, 0x00, 0x00, 0x00
.byte 0x01, 0x00, 0x00, 0x00, 0x88, 0xf0, 0x41, 0x00, 0x10, 0x00, 0x10, 0x00, 0x00, 0x00, 0x00, 0x00
.byte 0x01, 0x00, 0x00, 0x00, 0x88, 0xf0, 0x55, 0x00, 0x10, 0x00, 0x10, 0x00, 0x00, 0x00, 0x00, 0x00
.byte 0x01, 0x00, 0x00, 0x00, 0x88, 0xf0, 0x69, 0x00, 0x10, 0x00, 0x10, 0x00, 0x00, 0x00, 0x00, 0x00
.byte 0x02, 0x00, 0x00, 0x00, 0xb0, 0x98, 0xfb, 0x08, 0x10, 0x00, 0x08, 0x00, 0x00, 0x00, 0x00, 0x00
.byte 0xb0, 0x90, 0xfb, 0xf9, 0x10, 0x00, 0x08, 0x00, 0x00, 0x00, 0x00, 0x00, 0x06, 0x00, 0x00, 0x00
.byte 0xb8, 0x00, 0xfe, 0xfe, 0x08, 0x00, 0x30, 0x00, 0x00, 0x00, 0x00, 0x00, 0xb8, 0x00, 0x3b, 0x00
.byte 0x08, 0x00, 0x30, 0x00, 0x00, 0x00, 0x00, 0x00, 0x70, 0x00, 0xfe, 0x2a, 0x48, 0x00, 0x08, 0x00
.byte 0x00, 0x00, 0x00, 0x00, 0x70, 0x00, 0xfe, 0xfe, 0x48, 0x00, 0x08, 0x00, 0x00, 0x00, 0x00, 0x00
.byte 0xb0, 0x98, 0x1b, 0x2a, 0x10, 0x00, 0x08, 0x00, 0x00, 0x00, 0x00, 0x00, 0xb0, 0x90, 0x1b, 0xf8
.byte 0x10, 0x00, 0x08, 0x00, 0x00, 0x00, 0x00, 0x00, 0x02, 0x00, 0x00, 0x00, 0x08, 0x08, 0x06, 0x04
.byte 0x08, 0x00, 0x08, 0x00, 0x00, 0x00, 0x00, 0x00, 0x08, 0x08, 0x06, 0x11, 0x08, 0x00, 0x08, 0x00
.byte 0x00, 0x00, 0x00, 0x00, 0x06, 0x00, 0x00, 0x00, 0x00, 0x00, 0x04, 0x00, 0x10, 0x00, 0x08, 0x00
.byte 0x00, 0x00, 0x00, 0x00, 0x00, 0x08, 0x00, 0x03, 0x08, 0x00, 0x10, 0x00, 0x00, 0x00, 0x00, 0x00
.byte 0x00, 0x08, 0x00, 0x0e, 0x08, 0x00, 0x10, 0x00, 0x00, 0x00, 0x00, 0x00, 0x00, 0x00, 0x04, 0x16
.byte 0x10, 0x00, 0x08, 0x00, 0x00, 0x00, 0x00, 0x00, 0x00, 0x08, 0x0d, 0x03, 0x08, 0x00, 0x10, 0x00
.byte 0x00, 0x00, 0x00, 0x00, 0x00, 0x08, 0x0d, 0x0e, 0x08, 0x00, 0x10, 0x00, 0x00, 0x00, 0x00, 0x00
.byte 0x02, 0x00, 0x00, 0x00, 0x00, 0x08, 0x0d, 0x03, 0x08, 0x00, 0x10, 0x00, 0x00, 0x00, 0x00, 0x00
.byte 0x00, 0x08, 0x0d, 0x0e, 0x08, 0x00, 0x10, 0x00, 0x00, 0x00, 0x00, 0x00, 0x05, 0x00, 0x00, 0x00
.byte 0x00, 0x00, 0x04, 0x00, 0x10, 0x00, 0x08, 0x00, 0x00, 0x00, 0x00, 0x00, 0x00, 0x08, 0x00, 0x0e
.byte 0x08, 0x00, 0x10, 0x00, 0x00, 0x00, 0x00, 0x00, 0x00, 0x00, 0x04, 0x16, 0x10, 0x00, 0x08, 0x00
.byte 0x00, 0x00, 0x00, 0x00, 0x00, 0x00, 0x04, 0x0b, 0x10, 0x00, 0x08, 0x00, 0x00, 0x00, 0x00, 0x00
.byte 0x00, 0x08, 0x0d, 0x03, 0x08, 0x00, 0x10, 0x00, 0x00, 0x00, 0x00, 0x00, 0x05, 0x00, 0x00, 0x00
.byte 0x00, 0x00, 0x04, 0x00, 0x10, 0x00, 0x08, 0x00, 0x00, 0x00, 0x00, 0x00, 0x00, 0x00, 0x04, 0x16
.byte 0x10, 0x00, 0x08, 0x00, 0x00, 0x00, 0x00, 0x00, 0x00, 0x00, 0x04, 0x0b, 0x10, 0x00, 0x08, 0x00
.byte 0x00, 0x00, 0x00, 0x00, 0x00, 0x08, 0x0d, 0x03, 0x08, 0x00, 0x10, 0x00, 0x00, 0x00, 0x00, 0x00
.byte 0x00, 0x08, 0x0d, 0x0e, 0x08, 0x00, 0x10, 0x00, 0x00, 0x00, 0x00, 0x00, 0x04, 0x00, 0x00, 0x00
.byte 0x00, 0x08, 0x00, 0x03, 0x08, 0x00, 0x10, 0x00, 0x00, 0x00, 0x00, 0x00, 0x00, 0x00, 0x04, 0x0b
.byte 0x10, 0x00, 0x08, 0x00, 0x00, 0x00, 0x00, 0x00, 0x00, 0x08, 0x0d, 0x03, 0x08, 0x00, 0x10, 0x00
.byte 0x00, 0x00, 0x00, 0x00, 0x00, 0x08, 0x0d, 0x0e, 0x08, 0x00, 0x10, 0x00, 0x00, 0x00, 0x00, 0x00
.byte 0x05, 0x00, 0x00, 0x00, 0x00, 0x00, 0x04, 0x00, 0x10, 0x00, 0x08, 0x00, 0x00, 0x00, 0x00, 0x00
.byte 0x00, 0x08, 0x00, 0x03, 0x08, 0x00, 0x10, 0x00, 0x00, 0x00, 0x00, 0x00, 0x00, 0x00, 0x04, 0x16
.byte 0x10, 0x00, 0x08, 0x00, 0x00, 0x00, 0x00, 0x00, 0x00, 0x00, 0x04, 0x0b, 0x10, 0x00, 0x08, 0x00
.byte 0x00, 0x00, 0x00, 0x00, 0x00, 0x08, 0x0d, 0x0e, 0x08, 0x00, 0x10, 0x00, 0x00, 0x00, 0x00, 0x00
.byte 0x06, 0x00, 0x00, 0x00, 0x00, 0x00, 0x04, 0x00, 0x10, 0x00, 0x08, 0x00, 0x00, 0x00, 0x00, 0x00
.byte 0x00, 0x08, 0x00, 0x03, 0x08, 0x00, 0x10, 0x00, 0x00, 0x00, 0x00, 0x00, 0x00, 0x08, 0x00, 0x0e
.byte 0x08, 0x00, 0x10, 0x00, 0x00, 0x00, 0x00, 0x00, 0x00, 0x00, 0x04, 0x16, 0x10, 0x00, 0x08, 0x00
.byte 0x00, 0x00, 0x00, 0x00, 0x00, 0x00, 0x04, 0x0b, 0x10, 0x00, 0x08, 0x00, 0x00, 0x00, 0x00, 0x00
.byte 0x00, 0x08, 0x0d, 0x0e, 0x08, 0x00, 0x10, 0x00, 0x00, 0x00, 0x00, 0x00, 0x04, 0x00, 0x00, 0x00
.byte 0x00, 0x00, 0x04, 0x00, 0x10, 0x00, 0x08, 0x00, 0x00, 0x00, 0x00, 0x00, 0x00, 0x08, 0x00, 0x03
.byte 0x08, 0x00, 0x10, 0x00, 0x00, 0x00, 0x00, 0x00, 0x00, 0x08, 0x0d, 0x03, 0x08, 0x00, 0x10, 0x00
.byte 0x00, 0x00, 0x00, 0x00, 0x00, 0x08, 0x0d, 0x0e, 0x08, 0x00, 0x10, 0x00, 0x00, 0x00, 0x00, 0x00
.byte 0x07, 0x00, 0x00, 0x00, 0x00, 0x00, 0x04, 0x00, 0x10, 0x00, 0x08, 0x00, 0x00, 0x00, 0x00, 0x00
.byte 0x00, 0x08, 0x00, 0x03, 0x08, 0x00, 0x10, 0x00, 0x00, 0x00, 0x00, 0x00, 0x00, 0x08, 0x00, 0x0e
.byte 0x08, 0x00, 0x10, 0x00, 0x00, 0x00, 0x00, 0x00, 0x00, 0x00, 0x04, 0x16, 0x10, 0x00, 0x08, 0x00
.byte 0x00, 0x00, 0x00, 0x00, 0x00, 0x00, 0x04, 0x0b, 0x10, 0x00, 0x08, 0x00, 0x00, 0x00, 0x00, 0x00
.byte 0x00, 0x08, 0x0d, 0x03, 0x08, 0x00, 0x10, 0x00, 0x00, 0x00, 0x00, 0x00, 0x00, 0x08, 0x0d, 0x0e
.byte 0x08, 0x00, 0x10, 0x00, 0x00, 0x00, 0x00, 0x00, 0x06, 0x00, 0x00, 0x00, 0x00, 0x00, 0x04, 0x00
.byte 0x10, 0x00, 0x08, 0x00, 0x00, 0x00, 0x00, 0x00, 0x00, 0x08, 0x00, 0x03, 0x08, 0x00, 0x10, 0x00
.byte 0x00, 0x00, 0x00, 0x00, 0x00, 0x00, 0x04, 0x16, 0x10, 0x00, 0x08, 0x00, 0x00, 0x00, 0x00, 0x00
.byte 0x00, 0x00, 0x04, 0x0b, 0x10, 0x00, 0x08, 0x00, 0x00, 0x00, 0x00, 0x00, 0x00, 0x08, 0x0d, 0x03
.byte 0x08, 0x00, 0x10, 0x00, 0x00, 0x00, 0x00, 0x00, 0x00, 0x08, 0x0d, 0x0e, 0x08, 0x00, 0x10, 0x00
.byte 0x00, 0x00, 0x00, 0x00, 0x06, 0x00, 0x00, 0x00, 0x40, 0x00, 0x03, 0x0e, 0x08, 0x00, 0x08, 0x00
.byte 0x00, 0x00, 0x00, 0x00, 0x40, 0x00, 0x03, 0x00, 0x08, 0x00, 0x08, 0x00, 0x00, 0x00, 0x00, 0x00
.byte 0x40, 0x08, 0x00, 0x02, 0x08, 0x00, 0x08, 0x00, 0x00, 0x00, 0x00, 0x00, 0x40, 0x08, 0x09, 0x09
.byte 0x08, 0x00, 0x08, 0x00, 0x00, 0x00, 0x00, 0x00, 0x40, 0x08, 0x09, 0x02, 0x08, 0x00, 0x08, 0x00
.byte 0x00, 0x00, 0x00, 0x00, 0x40, 0x08, 0x00, 0x09, 0x08, 0x00, 0x08, 0x00, 0x00, 0x00, 0x00, 0x00
.byte 0x02, 0x00, 0x00, 0x00, 0x40, 0x08, 0x09, 0x09, 0x08, 0x00, 0x08, 0x00, 0x00, 0x00, 0x00, 0x00
.byte 0x40, 0x08, 0x09, 0x02, 0x08, 0x00, 0x08, 0x00, 0x00, 0x00, 0x00, 0x00, 0x05, 0x00, 0x00, 0x00
.byte 0x40, 0x00, 0x03, 0x07, 0x08, 0x00, 0x08, 0x00, 0x00, 0x00, 0x00, 0x00, 0x40, 0x00, 0x03, 0x0e
.byte 0x08, 0x00, 0x08, 0x00, 0x00, 0x00, 0x00, 0x00, 0x40, 0x00, 0x03, 0x00, 0x08, 0x00, 0x08, 0x00
.byte 0x00, 0x00, 0x00, 0x00, 0x40, 0x08, 0x09, 0x02, 0x08, 0x00, 0x08, 0x00, 0x00, 0x00, 0x00, 0x00
.byte 0x40, 0x08, 0x00, 0x09, 0x08, 0x00, 0x08, 0x00, 0x00, 0x00, 0x00, 0x00, 0x05, 0x00, 0x00, 0x00
.byte 0x40, 0x00, 0x03, 0x07, 0x08, 0x00, 0x08, 0x00, 0x00, 0x00, 0x00, 0x00, 0x40, 0x00, 0x03, 0x0e
.byte 0x08, 0x00, 0x08, 0x00, 0x00, 0x00, 0x00, 0x00, 0x40, 0x00, 0x03, 0x00, 0x08, 0x00, 0x08, 0x00
.byte 0x00, 0x00, 0x00, 0x00, 0x40, 0x08, 0x09, 0x09, 0x08, 0x00, 0x08, 0x00, 0x00, 0x00, 0x00, 0x00
.byte 0x40, 0x08, 0x09, 0x02, 0x08, 0x00, 0x08, 0x00, 0x00, 0x00, 0x00, 0x00, 0x04, 0x00, 0x00, 0x00
.byte 0x40, 0x00, 0x03, 0x07, 0x08, 0x00, 0x08, 0x00, 0x00, 0x00, 0x00, 0x00, 0x40, 0x08, 0x00, 0x02
.byte 0x08, 0x00, 0x08, 0x00, 0x00, 0x00, 0x00, 0x00, 0x40, 0x08, 0x09, 0x09, 0x08, 0x00, 0x08, 0x00
.byte 0x00, 0x00, 0x00, 0x00, 0x40, 0x08, 0x09, 0x02, 0x08, 0x00, 0x08, 0x00, 0x00, 0x00, 0x00, 0x00
.byte 0x05, 0x00, 0x00, 0x00, 0x40, 0x00, 0x03, 0x07, 0x08, 0x00, 0x08, 0x00, 0x00, 0x00, 0x00, 0x00
.byte 0x40, 0x00, 0x03, 0x0e, 0x08, 0x00, 0x08, 0x00, 0x00, 0x00, 0x00, 0x00, 0x40, 0x00, 0x03, 0x00
.byte 0x08, 0x00, 0x08, 0x00, 0x00, 0x00, 0x00, 0x00, 0x40, 0x08, 0x00, 0x02, 0x08, 0x00, 0x08, 0x00
.byte 0x00, 0x00, 0x00, 0x00, 0x40, 0x08, 0x09, 0x09, 0x08, 0x00, 0x08, 0x00, 0x00, 0x00, 0x00, 0x00
.byte 0x06, 0x00, 0x00, 0x00, 0x40, 0x00, 0x03, 0x07, 0x08, 0x00, 0x08, 0x00, 0x00, 0x00, 0x00, 0x00
.byte 0x40, 0x00, 0x03, 0x0e, 0x08, 0x00, 0x08, 0x00, 0x00, 0x00, 0x00, 0x00, 0x40, 0x00, 0x03, 0x00
.byte 0x08, 0x00, 0x08, 0x00, 0x00, 0x00, 0x00, 0x00, 0x40, 0x08, 0x00, 0x02, 0x08, 0x00, 0x08, 0x00
.byte 0x00, 0x00, 0x00, 0x00, 0x40, 0x08, 0x09, 0x09, 0x08, 0x00, 0x08, 0x00, 0x00, 0x00, 0x00, 0x00
.byte 0x40, 0x08, 0x00, 0x09, 0x08, 0x00, 0x08, 0x00, 0x00, 0x00, 0x00, 0x00, 0x04, 0x00, 0x00, 0x00
.byte 0x40, 0x00, 0x03, 0x00, 0x08, 0x00, 0x08, 0x00, 0x00, 0x00, 0x00, 0x00, 0x40, 0x08, 0x00, 0x02
.byte 0x08, 0x00, 0x08, 0x00, 0x00, 0x00, 0x00, 0x00, 0x40, 0x08, 0x09, 0x09, 0x08, 0x00, 0x08, 0x00
.byte 0x00, 0x00, 0x00, 0x00, 0x40, 0x08, 0x09, 0x02, 0x08, 0x00, 0x08, 0x00, 0x00, 0x00, 0x00, 0x00
.byte 0x07, 0x00, 0x00, 0x00, 0x40, 0x00, 0x03, 0x07, 0x08, 0x00, 0x08, 0x00, 0x00, 0x00, 0x00, 0x00
.byte 0x40, 0x00, 0x03, 0x0e, 0x08, 0x00, 0x08, 0x00, 0x00, 0x00, 0x00, 0x00, 0x40, 0x00, 0x03, 0x00
.byte 0x08, 0x00, 0x08, 0x00, 0x00, 0x00, 0x00, 0x00, 0x40, 0x08, 0x00, 0x02, 0x08, 0x00, 0x08, 0x00
.byte 0x00, 0x00, 0x00, 0x00, 0x40, 0x08, 0x09, 0x09, 0x08, 0x00, 0x08, 0x00, 0x00, 0x00, 0x00, 0x00
.byte 0x40, 0x08, 0x09, 0x02, 0x08, 0x00, 0x08, 0x00, 0x00, 0x00, 0x00, 0x00, 0x40, 0x08, 0x00, 0x09
.byte 0x08, 0x00, 0x08, 0x00, 0x00, 0x00, 0x00, 0x00, 0x06, 0x00, 0x00, 0x00, 0x40, 0x00, 0x03, 0x07
.byte 0x08, 0x00, 0x08, 0x00, 0x00, 0x00, 0x00, 0x00, 0x40, 0x00, 0x03, 0x0e, 0x08, 0x00, 0x08, 0x00
.byte 0x00, 0x00, 0x00, 0x00, 0x40, 0x00, 0x03, 0x00, 0x08, 0x00, 0x08, 0x00, 0x00, 0x00, 0x00, 0x00
.byte 0x40, 0x08, 0x00, 0x02, 0x08, 0x00, 0x08, 0x00, 0x00, 0x00, 0x00, 0x00, 0x40, 0x08, 0x09, 0x09
.byte 0x08, 0x00, 0x08, 0x00, 0x00, 0x00, 0x00, 0x00, 0x40, 0x08, 0x09, 0x02, 0x08, 0x00, 0x08, 0x00
.byte 0x00, 0x00, 0x00, 0x00, 0x01, 0x00, 0x00, 0x00, 0x10, 0x00, 0x00, 0x00, 0x10, 0x00, 0x18, 0x00
.byte 0x00, 0x00, 0x00, 0x00, 0x01, 0x00, 0x00, 0x00, 0x20, 0x00, 0x00, 0x00, 0x08, 0x00, 0x18, 0x00
.byte 0x00, 0x00, 0x00, 0x00, 0x01, 0x00, 0x00, 0x00, 0x28, 0x00, 0x00, 0x00, 0x10, 0x00, 0x18, 0x00
.byte 0x00, 0x00, 0x00, 0x00, 0x01, 0x00, 0x00, 0x00, 0xb0, 0xa0, 0x00, 0x00, 0x10, 0x00, 0x10, 0x00
.byte 0x00, 0x00, 0x00, 0x00, 0x01, 0x00, 0x00, 0x00, 0x00, 0x50, 0x00, 0x00, 0x70, 0x00, 0x10, 0x00
.byte 0x00, 0x00, 0x00, 0x00, 0x01, 0x00, 0x00, 0x00, 0x00, 0x40, 0x00, 0x00, 0x60, 0x00, 0x10, 0x00
.byte 0x00, 0x00, 0x00, 0x00, 0x01, 0x00, 0x00, 0x00, 0x00, 0x30, 0x00, 0x00, 0x58, 0x00, 0x10, 0x00
.byte 0x00, 0x00, 0x00, 0x00, 0x02, 0x00, 0x00, 0x00, 0x00, 0x60, 0x00, 0x0a, 0x60, 0x00, 0x10, 0x00
.byte 0x00, 0x00, 0x00, 0x00, 0xc0, 0xc0, 0x17, 0x0d, 0x28, 0x00, 0x10, 0x00, 0x00, 0x00, 0x00, 0x00
.byte 0x01, 0x00, 0x00, 0x00, 0x00, 0x18, 0xd8, 0x00, 0xa8, 0x00, 0x18, 0x00, 0x00, 0x00, 0x00, 0x00
.byte 0x01, 0x00, 0x00, 0x00, 0x48, 0x00, 0xd8, 0xf4, 0x50, 0x00, 0x18, 0x00, 0x00, 0x00, 0x00, 0x00
.globl _sym_00c5d578
_sym_00c5d578:
.byte 0x19, 0x00, 0x00, 0x00, 0x68, 0x00, 0x00, 0x00, 0x78, 0x00, 0x00, 0x00, 0x88, 0x00, 0x00, 0x00
.byte 0x98, 0x00, 0x00, 0x00, 0xa8, 0x00, 0x00, 0x00, 0xb8, 0x00, 0x00, 0x00, 0xc8, 0x00, 0x00, 0x00
.byte 0xd8, 0x00, 0x00, 0x00, 0xe8, 0x00, 0x00, 0x00, 0xf8, 0x00, 0x00, 0x00, 0x08, 0x01, 0x00, 0x00
.byte 0x18, 0x01, 0x00, 0x00, 0x28, 0x01, 0x00, 0x00, 0x38, 0x01, 0x00, 0x00, 0x48, 0x01, 0x00, 0x00
.byte 0x58, 0x01, 0x00, 0x00, 0x68, 0x01, 0x00, 0x00, 0x78, 0x01, 0x00, 0x00, 0x88, 0x01, 0x00, 0x00
.byte 0x98, 0x01, 0x00, 0x00, 0xa8, 0x01, 0x00, 0x00, 0xb8, 0x01, 0x00, 0x00, 0xc8, 0x01, 0x00, 0x00
.byte 0xd8, 0x01, 0x00, 0x00, 0xe8, 0x01, 0x00, 0x00, 0x01, 0x00, 0x00, 0x00, 0x60, 0x38, 0x05, 0x02
.byte 0x08, 0x00, 0x08, 0x00, 0x00, 0x00, 0x00, 0x00, 0x01, 0x00, 0x00, 0x00, 0x68, 0x38, 0x05, 0x02
.byte 0x08, 0x00, 0x08, 0x00, 0x00, 0x00, 0x00, 0x00, 0x01, 0x00, 0x00, 0x00, 0x60, 0x40, 0x09, 0x07
.byte 0x08, 0x00, 0x08, 0x00, 0x00, 0x00, 0x00, 0x00, 0x01, 0x00, 0x00, 0x00, 0x68, 0x40, 0x09, 0x07
.byte 0x08, 0x00, 0x08, 0x00, 0x00, 0x00, 0x00, 0x00, 0x01, 0x00, 0x00, 0x00, 0x70, 0x38, 0x05, 0x0a
.byte 0x08, 0x00, 0x10, 0x00, 0x00, 0x00, 0x00, 0x00, 0x01, 0x00, 0x00, 0x00, 0x78, 0x38, 0x05, 0x0a
.byte 0x08, 0x00, 0x10, 0x00, 0x00, 0x00, 0x00, 0x00, 0x01, 0x00, 0x00, 0x00, 0x60, 0x48, 0x00, 0x07
.byte 0x08, 0x00, 0x08, 0x00, 0x00, 0x00, 0x00, 0x00, 0x01, 0x00, 0x00, 0x00, 0x68, 0x48, 0x00, 0x07
.byte 0x08, 0x00, 0x08, 0x00, 0x00, 0x00, 0x00, 0x00, 0x01, 0x00, 0x00, 0x00, 0x00, 0x38, 0x00, 0x01
.byte 0x18, 0x00, 0x18, 0x00, 0x00, 0x00, 0x00, 0x00, 0x01, 0x00, 0x00, 0x00, 0x18, 0x38, 0x00, 0x01
.byte 0x18, 0x00, 0x18, 0x00, 0x00, 0x00, 0x00, 0x00, 0x01, 0x00, 0x00, 0x00, 0x30, 0x38, 0x00, 0x01
.byte 0x18, 0x00, 0x18, 0x00, 0x00, 0x00, 0x00, 0x00, 0x01, 0x00, 0x00, 0x00, 0x48, 0x38, 0x00, 0x01
.byte 0x18, 0x00, 0x18, 0x00, 0x00, 0x00, 0x00, 0x00, 0x01, 0x00, 0x00, 0x00, 0x80, 0x38, 0x00, 0x02
.byte 0x18, 0x00, 0x10, 0x00, 0x00, 0x00, 0x00, 0x00, 0x01, 0x00, 0x00, 0x00, 0xb0, 0x38, 0x00, 0x02
.byte 0x18, 0x00, 0x10, 0x00, 0x00, 0x00, 0x00, 0x00, 0x01, 0x00, 0x00, 0x00, 0x98, 0x38, 0x00, 0x02
.byte 0x18, 0x00, 0x10, 0x00, 0x00, 0x00, 0x00, 0x00, 0x01, 0x00, 0x00, 0x00, 0xc8, 0x38, 0x00, 0x02
.byte 0x18, 0x00, 0x10, 0x00, 0x00, 0x00, 0x00, 0x00, 0x01, 0x00, 0x00, 0x00, 0x30, 0x50, 0x00, 0x02
.byte 0x30, 0x00, 0x10, 0x00, 0x00, 0x00, 0x00, 0x00, 0x01, 0x00, 0x00, 0x00, 0x00, 0x50, 0x00, 0x02
.byte 0x30, 0x00, 0x10, 0x00, 0x00, 0x00, 0x00, 0x00, 0x01, 0x00, 0x00, 0x00, 0xe0, 0x38, 0x00, 0x00
.byte 0x18, 0x00, 0x10, 0x00, 0x00, 0x00, 0x00, 0x00, 0x01, 0x00, 0x00, 0x00, 0xf8, 0x38, 0x07, 0x06
.byte 0x08, 0x00, 0x08, 0x00, 0x00, 0x00, 0x00, 0x00, 0x01, 0x00, 0x00, 0x00, 0x00, 0x58, 0x00, 0x00
.byte 0x38, 0x00, 0x10, 0x00, 0x00, 0x00, 0x00, 0x00, 0x01, 0x00, 0x00, 0x00, 0x38, 0x58, 0x00, 0x00
.byte 0x68, 0x00, 0x10, 0x00, 0x00, 0x00, 0x00, 0x00, 0x01, 0x00, 0x00, 0x00, 0xa8, 0x58, 0x00, 0x00
.byte 0x48, 0x00, 0x20, 0x00, 0x00, 0x00, 0x00, 0x00, 0x01, 0x00, 0x00, 0x00, 0x00, 0x68, 0xd8, 0x00
.byte 0xa8, 0x00, 0x18, 0x00, 0x00, 0x00, 0x00, 0x00, 0x01, 0x00, 0x00, 0x00, 0xa8, 0x28, 0x00, 0x00
.byte 0x38, 0x00, 0x10, 0x00, 0x00, 0x00, 0x00, 0x00
.globl _sym_00c5d770
_sym_00c5d770:
.byte 0x00, 0x02, 0x00, 0x00
.globl _sym_00c5d774
_sym_00c5d774:
.byte 0xa0, 0x01, 0x00, 0x00
.globl _sym_00c5d778
_sym_00c5d778:
.byte 0x00, 0x00, 0x80, 0x3f
.globl _sym_00c5d77c
_sym_00c5d77c:
.byte 0x00, 0x00, 0x80, 0x3f
.globl _sym_00c5d780
_sym_00c5d780:
.byte 0x01, 0x00, 0x00, 0x00
.globl _sym_00c5d784
_sym_00c5d784:
.byte 0x00, 0x00, 0x80, 0x3f
.globl _sym_00c5d788
_sym_00c5d788:
.long _sym_00907cc0
.globl _sym_00c5d78c
_sym_00c5d78c:
.long _sym_00907cf0
.globl _sym_00c5d790
_sym_00c5d790:
.long _sym_00907d70
.globl _sym_00c5d794
_sym_00c5d794:
.long _sym_00906fc0
.globl _sym_00c5d798
_sym_00c5d798:
.long _sym_00907040
.globl _sym_00c5d79c
_sym_00c5d79c:
.long _sym_00907060
.long _sym_00907160
.long _sym_00907190
.long _sym_009071b0
.long _sym_009071c0
.long _sym_009071f0
.long _sym_00907210
.long _sym_00907160
.long _sym_00907190
.long _sym_009071b0
.long _sym_009071c0
.long _sym_009071f0
.long _sym_00907210
.long _sym_00907450
.long _sym_009072e0
.long _sym_00907320
.long _sym_00907330
.long _sym_00907370
.long _sym_00907390
.long _sym_009074b0
.long _sym_00907520
.long _sym_00907560
.long _sym_00907570
.long _sym_009075b0
.long _sym_009075d0
.long _sym_00907690
.long _sym_00907520
.long _sym_00907560
.long _sym_00907570
.long _sym_009075b0
.long _sym_009075d0
.long _sym_009076f0
.long _sym_00907750
.long _sym_00907790
.long _sym_009077a0
.long _sym_009077e0
.long _sym_00907800
.long _sym_009078c0
.long _sym_00907750
.long _sym_00907790
.long _sym_009077a0
.long _sym_009077e0
.long _sym_00907800
.long _sym_00907920
.long _sym_00907990
.long _sym_009079d0
.long _sym_009079e0
.long _sym_00907a20
.long _sym_00907a40
.long _sym_00907b00
.long _sym_00907990
.long _sym_009079d0
.long _sym_009079e0
.long _sym_00907a20
.long _sym_00907a40
.long _sym_00907b60
.long _sym_00907ba0
.long _sym_00907bc0
.long _sym_00907bd0
.long _sym_00907bf0
.long _sym_00907c10
.byte 0x00, 0x00, 0x00, 0x00, 0x00, 0x00, 0x00, 0x00, 0x00, 0x00, 0x00, 0x00, 0x00, 0x00, 0x00, 0x00
.byte 0x00, 0x00, 0x00, 0x00, 0x00, 0x00, 0x00, 0x00, 0x00, 0x00, 0x00, 0x00, 0x00, 0x00, 0x00, 0x00
.byte 0x00, 0x00, 0x00, 0x00, 0x00, 0x00, 0x00, 0x00, 0x00, 0x00, 0x00, 0x00, 0x00, 0x00, 0x00, 0x00
.globl _sym_00c5d8c0
_sym_00c5d8c0:
.byte 0x00, 0x00, 0x00, 0x00, 0x00, 0x00, 0x00, 0x00, 0x00, 0x00, 0x00, 0x00
.long _sym_00907e60
.byte 0x01, 0x00, 0x00, 0x20, 0x00, 0x00, 0x00, 0x00, 0x00, 0x00, 0x00, 0x00, 0x00, 0x00, 0x00, 0x00
.byte 0x00, 0x00, 0x00, 0x11, 0x00, 0x00, 0x00, 0x07, 0x60, 0x00, 0x00, 0x03, 0xd0, 0x01, 0x00, 0x02
.byte 0x01, 0x00, 0x00, 0x20, 0x00, 0x00, 0x00, 0x00, 0x00, 0x00, 0x00, 0x00, 0x00, 0x00, 0x00, 0x00
.byte 0x00, 0x00, 0x00, 0x11, 0x00, 0x00, 0x00, 0x11, 0x00, 0x00, 0x00, 0x10, 0x00, 0x00, 0x00, 0x10
.byte 0x01, 0x00, 0x00, 0x20, 0x00, 0x00, 0x00, 0x00, 0x00, 0x00, 0x00, 0x00, 0x00, 0x00, 0x00, 0x00
.byte 0x00, 0x00, 0x00, 0x11, 0x00, 0x00, 0x00, 0x11, 0x00, 0x00, 0x00, 0x10, 0x00, 0x00, 0x00, 0x10
.byte 0x01, 0x00, 0x00, 0x20, 0x00, 0x00, 0x00, 0x00, 0x00, 0x00, 0x00, 0x00, 0x00, 0x00, 0x00, 0x00
.byte 0x00, 0x00, 0x00, 0x11, 0x0c, 0x00, 0x00, 0x14, 0x00, 0x00, 0x00, 0x11, 0x00, 0x00, 0x00, 0x00
.byte 0x01, 0x00, 0x00, 0x20, 0x00, 0x00, 0x00, 0x00, 0x00, 0x00, 0x00, 0x00, 0x00, 0x00, 0x00, 0x00
.byte 0x00, 0x00, 0x00, 0x11, 0x0a, 0x00, 0x00, 0x14, 0x00, 0x00, 0x00, 0x11, 0x00, 0x00, 0x00, 0x00
.byte 0x00, 0x80, 0x00, 0x00, 0x00, 0x00, 0x00, 0x00, 0x00, 0x00, 0x00, 0x00, 0x00, 0x00, 0x00, 0x00
.byte 0x00, 0x44, 0x08, 0x4c, 0x10, 0x54, 0x18, 0x5c, 0x01, 0x45, 0x09, 0x4d, 0x11, 0x55, 0x19, 0x5d
.byte 0x02, 0x46, 0x0a, 0x4e, 0x12, 0x56, 0x1a, 0x5e, 0x03, 0x47, 0x0b, 0x4f, 0x13, 0x57, 0x1b, 0x5f
.byte 0x04, 0x40, 0x0c, 0x48, 0x14, 0x50, 0x1c, 0x58, 0x05, 0x41, 0x0d, 0x49, 0x15, 0x51, 0x1d, 0x59
.byte 0x06, 0x42, 0x0e, 0x4a, 0x16, 0x52, 0x1e, 0x5a, 0x07, 0x43, 0x0f, 0x4b, 0x17, 0x53, 0x1f, 0x5b
.byte 0x20, 0x64, 0x28, 0x6c, 0x30, 0x74, 0x38, 0x7c, 0x21, 0x65, 0x29, 0x6d, 0x31, 0x75, 0x39, 0x7d
.byte 0x22, 0x66, 0x2a, 0x6e, 0x32, 0x76, 0x3a, 0x7e, 0x23, 0x67, 0x2b, 0x6f, 0x33, 0x77, 0x3b, 0x7f
.byte 0x24, 0x60, 0x2c, 0x68, 0x34, 0x70, 0x3c, 0x78, 0x25, 0x61, 0x2d, 0x69, 0x35, 0x71, 0x3d, 0x79
.byte 0x26, 0x62, 0x2e, 0x6a, 0x36, 0x72, 0x3e, 0x7a, 0x27, 0x63, 0x2f, 0x6b, 0x37, 0x73, 0x3f, 0x7b
.byte 0x04, 0x40, 0x0c, 0x48, 0x14, 0x50, 0x1c, 0x58, 0x05, 0x41, 0x0d, 0x49, 0x15, 0x51, 0x1d, 0x59
.byte 0x06, 0x42, 0x0e, 0x4a, 0x16, 0x52, 0x1e, 0x5a, 0x07, 0x43, 0x0f, 0x4b, 0x17, 0x53, 0x1f, 0x5b
.byte 0x00, 0x44, 0x08, 0x4c, 0x10, 0x54, 0x18, 0x5c, 0x01, 0x45, 0x09, 0x4d, 0x11, 0x55, 0x19, 0x5d
.byte 0x02, 0x46, 0x0a, 0x4e, 0x12, 0x56, 0x1a, 0x5e, 0x03, 0x47, 0x0b, 0x4f, 0x13, 0x57, 0x1b, 0x5f
.byte 0x24, 0x60, 0x2c, 0x68, 0x34, 0x70, 0x3c, 0x78, 0x25, 0x61, 0x2d, 0x69, 0x35, 0x71, 0x3d, 0x79
.byte 0x26, 0x62, 0x2e, 0x6a, 0x36, 0x72, 0x3e, 0x7a, 0x27, 0x63, 0x2f, 0x6b, 0x37, 0x73, 0x3f, 0x7b
.byte 0x20, 0x64, 0x28, 0x6c, 0x30, 0x74, 0x38, 0x7c, 0x21, 0x65, 0x29, 0x6d, 0x31, 0x75, 0x39, 0x7d
.byte 0x22, 0x66, 0x2a, 0x6e, 0x32, 0x76, 0x3a, 0x7e, 0x23, 0x67, 0x2b, 0x6f, 0x33, 0x77, 0x3b, 0x7f
.byte 0x00
.globl _sym_00c5da81
_sym_00c5da81:
.byte 0x24, 0x08, 0x2c, 0x01, 0x25, 0x09, 0x2d, 0x02, 0x26, 0x0a, 0x2e, 0x03, 0x27, 0x0b, 0x2f, 0x04
.byte 0x20, 0x0c, 0x28, 0x05, 0x21, 0x0d, 0x29, 0x06, 0x22, 0x0e, 0x2a, 0x07, 0x23, 0x0f, 0x2b, 0x10
.byte 0x34, 0x18, 0x3c, 0x11, 0x35, 0x19, 0x3d, 0x12, 0x36, 0x1a, 0x3e, 0x13, 0x37, 0x1b, 0x3f, 0x14
.byte 0x30, 0x1c, 0x38, 0x15, 0x31, 0x1d, 0x39, 0x16, 0x32, 0x1e, 0x3a, 0x17, 0x33, 0x1f, 0x3b, 0x04
.byte 0x20, 0x0c, 0x28, 0x05, 0x21, 0x0d, 0x29, 0x06, 0x22, 0x0e, 0x2a, 0x07, 0x23, 0x0f, 0x2b, 0x00
.byte 0x24, 0x08, 0x2c, 0x01, 0x25, 0x09, 0x2d, 0x02, 0x26, 0x0a, 0x2e, 0x03, 0x27, 0x0b, 0x2f, 0x14
.byte 0x30, 0x1c, 0x38, 0x15, 0x31, 0x1d, 0x39, 0x16, 0x32, 0x1e, 0x3a, 0x17, 0x33, 0x1f, 0x3b, 0x10
.byte 0x34, 0x18, 0x3c, 0x11, 0x35, 0x19, 0x3d, 0x12, 0x36, 0x1a, 0x3e, 0x13, 0x37, 0x1b, 0x3f, 0x00
.byte 0x02, 0x08, 0x0a, 0x01, 0x03, 0x09, 0x0b, 0x04, 0x06, 0x0c, 0x0e, 0x05, 0x07, 0x0d, 0x0f, 0x10
.byte 0x12, 0x18, 0x1a, 0x11, 0x13, 0x19, 0x1b, 0x14, 0x16, 0x1c, 0x1e, 0x15, 0x17, 0x1d, 0x1f, 0x00
.byte 0x01, 0x04, 0x05, 0x10, 0x11, 0x14, 0x15, 0x02, 0x03, 0x06, 0x07, 0x12, 0x13, 0x16, 0x17, 0x08
.byte 0x09, 0x0c, 0x0d, 0x18, 0x19, 0x1c, 0x1d, 0x0a, 0x0b, 0x0e, 0x0f, 0x1a, 0x1b, 0x1e, 0x1f
.globl _sym_00c5db40
_sym_00c5db40:
.byte 0x00, 0x01, 0x04, 0x05, 0x10, 0x11, 0x14, 0x15, 0x02, 0x03, 0x06, 0x07, 0x12, 0x13, 0x16, 0x17
.byte 0x08, 0x09, 0x0c, 0x0d, 0x18, 0x19, 0x1c, 0x1d, 0x0a, 0x0b, 0x0e, 0x0f, 0x1a, 0x1b, 0x1e, 0x1f
.byte 0x00
.globl _sym_00c5db61
_sym_00c5db61:
.byte 0x01, 0x04, 0x05, 0x10, 0x11, 0x14, 0x15, 0x02, 0x03, 0x06, 0x07, 0x12, 0x13, 0x16, 0x17, 0x08
.byte 0x09, 0x0c, 0x0d, 0x18, 0x19, 0x1c, 0x1d, 0x0a, 0x0b, 0x0e, 0x0f, 0x1a, 0x1b, 0x1e, 0x1f
.globl _sym_00c5db80
_sym_00c5db80:
.byte 0x00, 0x00, 0x00, 0x07, 0x60, 0x00, 0x00, 0x03, 0xd0, 0x01, 0x00, 0x02, 0x00, 0x00, 0x00, 0x00
.byte 0x00, 0x00, 0x80, 0xbf, 0x00, 0x00, 0x00, 0x3f, 0x00, 0x00, 0x00, 0x40, 0x00, 0x00, 0x80, 0x40
.byte 0x00, 0x00, 0x70, 0x42, 0x00, 0x00, 0x00, 0x00, 0x00, 0x00, 0x00, 0x00, 0x00, 0x00, 0x00, 0x00
.byte 0x00, 0x00, 0x70, 0x42, 0x00, 0x00, 0x00, 0x3f, 0x00, 0x00, 0x00, 0x40, 0x00, 0x00, 0x80, 0x40
.byte 0x00, 0x00, 0x70, 0x42, 0x00, 0x00, 0x00, 0x00, 0x00, 0x00, 0x00, 0x00, 0x00, 0x00, 0x00, 0x00
.globl _sym_00c5dbd0
_sym_00c5dbd0:
.byte 0x00, 0x04, 0x00, 0x00, 0x00, 0x05, 0x00, 0x00, 0x00, 0x06, 0x00, 0x00, 0x00, 0x07, 0x00, 0x00
.globl _sym_00c5dbe0
_sym_00c5dbe0:
.byte 0x00, 0x01, 0x00, 0x00, 0x00, 0x03, 0x00, 0x00, 0x00, 0x05, 0x00, 0x00, 0x00, 0x07, 0x00, 0x00
.globl _sym_00c5dbf0
_sym_00c5dbf0:
.byte 0x00, 0x00, 0x00, 0x00, 0x02, 0x00, 0x00, 0x00, 0x01, 0x00, 0x00, 0x00, 0x00, 0x00, 0x00, 0x00
.byte 0x00, 0x00, 0x00, 0x00
.globl _sym_00c5dc04
_sym_00c5dc04:
.byte 0x00, 0x00, 0x00, 0x00, 0x02, 0x00, 0x00, 0x00, 0x01, 0x00, 0x00, 0x00, 0x00, 0x00, 0x00, 0x00
.byte 0x14, 0x00, 0x00, 0x00, 0x13, 0x00, 0x00, 0x00, 0x00, 0x00, 0x00, 0x00
.globl _sym_00c5dc20
_sym_00c5dc20:
.long _sym_00b6717c
.globl _sym_00c5dc24
_sym_00c5dc24:
.byte 0x00, 0x00, 0x00, 0x00
.long _sym_00b6718c
.byte 0x01, 0x00, 0x00, 0x00
.long _sym_00b6719c
.byte 0x02, 0x00, 0x00, 0x00
.long _sym_00b671ac
.byte 0x0a, 0x00, 0x00, 0x00
.long _sym_00b671bc
.byte 0x13, 0x00, 0x00, 0x00
.long _sym_00b671cc
.byte 0x14, 0x00, 0x00, 0x00
.long _sym_00b671dc
.byte 0x1b, 0x00, 0x00, 0x00
.long _sym_00b671ec
.byte 0x24, 0x00, 0x00, 0x00
.long _sym_00b671fc
.byte 0x2c, 0x00, 0x00, 0x00
.long _sym_00b6720c
.byte 0x30, 0x00, 0x00, 0x00
.long _sym_00b6721c
.byte 0x31, 0x00, 0x00, 0x00
.long _sym_00b6722c
.byte 0x32, 0x00, 0x00, 0x00
.long _sym_00b6723c
.byte 0x3a, 0x00, 0x00, 0x00, 0x00, 0x00, 0x00, 0x00, 0xff, 0x00, 0x00, 0x00
.globl _sym_00c5dc90
_sym_00c5dc90:
.byte 0x00, 0x00, 0x00, 0x00, 0x00, 0x00, 0x00, 0x00, 0x00, 0x00, 0x00, 0x00
.long _sym_0091c530
.byte 0x00, 0x00, 0x00, 0x00, 0x00, 0x00, 0x00, 0x00, 0x00, 0x00, 0x00, 0x00
.long _sym_0091c5b0
.byte 0x00, 0x00, 0x00, 0x00, 0x00, 0x00, 0x00, 0x00, 0x00, 0x00, 0x00, 0x00
.long _sym_0091c670
.byte 0x00, 0x00, 0x00, 0x00, 0x00, 0x00, 0x00, 0x00, 0x00, 0x00, 0x00, 0x00
.long _sym_0091c7a0
.long _sym_0091af60
.long _sym_0091afa0
.byte 0x00, 0x00, 0x00, 0x00, 0x00, 0x00, 0x00, 0x00
.long _sym_0091c7e0
.long _sym_0091c860
.byte 0x00, 0x00, 0x00, 0x00, 0x00, 0x00, 0x00, 0x00
.long _sym_0091aff0
.long _sym_0091b040
.byte 0x00, 0x00, 0x00, 0x00, 0x00, 0x00, 0x00, 0x00, 0x00, 0x00, 0x00, 0x00, 0x00, 0x00, 0x00, 0x00
.byte 0x00, 0x00, 0x00, 0x00
.long _sym_0091b050
.byte 0x00, 0x00, 0x00, 0x00, 0x00, 0x00, 0x00, 0x00, 0x00, 0x00, 0x00, 0x00
.long _sym_0091b060
.byte 0x00, 0x00, 0x00, 0x00, 0x00, 0x00, 0x00, 0x00, 0x00, 0x00, 0x00, 0x00
.long _sym_0091b070
.byte 0x00, 0x00, 0x00, 0x00, 0x00, 0x00, 0x00, 0x00, 0x00, 0x00, 0x00, 0x00
.long _sym_0091b0a0
.byte 0x00, 0x00, 0x00, 0x00, 0x00, 0x00, 0x00, 0x00, 0x00, 0x00, 0x00, 0x00
.long _sym_0091b130
.byte 0x00, 0x00, 0x00, 0x00, 0x00, 0x00, 0x00, 0x00, 0x00, 0x00, 0x00, 0x00
.long _sym_0091b160
.byte 0x00, 0x00, 0x00, 0x00, 0x00, 0x00, 0x00, 0x00, 0x00, 0x00, 0x00, 0x00
.long _sym_0091c740
.byte 0x00, 0x00, 0x00, 0x00, 0x00, 0x00, 0x00, 0x00, 0x00, 0x00, 0x00, 0x00
.long _sym_0091b190
.byte 0x00, 0x00, 0x00, 0x00, 0x00, 0x00, 0x00, 0x00, 0x00, 0x00, 0x00, 0x00
.long _sym_0091b1a0
.byte 0x00, 0x00, 0x00, 0x00, 0x00, 0x00, 0x00, 0x00, 0x00, 0x00, 0x00, 0x00
.long _sym_0091b1e0
.byte 0x00, 0x00, 0x00, 0x00, 0x00, 0x00, 0x00, 0x00, 0x00, 0x00, 0x00, 0x00
.long _sym_0091b200
.byte 0x00, 0x00, 0x00, 0x00, 0x00, 0x00, 0x00, 0x00, 0x00, 0x00, 0x00, 0x00
.long _sym_0091b240
.byte 0x00, 0x00, 0x00, 0x00, 0x00, 0x00, 0x00, 0x00, 0x00, 0x00, 0x00, 0x00
.long _sym_0091b260
.byte 0x00, 0x00, 0x00, 0x00, 0x00, 0x00, 0x00, 0x00, 0x00, 0x00, 0x00, 0x00
.long _sym_0091b280
.byte 0x00, 0x00, 0x00, 0x00, 0x00, 0x00, 0x00, 0x00
.long _sym_0091b2c0
.byte 0x00, 0x00, 0x00, 0x00, 0x00, 0x00, 0x00, 0x00, 0x00, 0x00, 0x00, 0x00, 0x00, 0x00, 0x00, 0x00
.long _sym_0091b2e0
.byte 0x00, 0x00, 0x00, 0x00, 0x00, 0x00, 0x00, 0x00, 0x00, 0x00, 0x00, 0x00
.long _sym_0091b320
.byte 0x00, 0x00, 0x00, 0x00, 0x00, 0x00, 0x00, 0x00, 0x00, 0x00, 0x00, 0x00
.long _sym_0091b340
.byte 0x00, 0x00, 0x00, 0x00, 0x00, 0x00, 0x00, 0x00, 0x00, 0x00, 0x00, 0x00
.long _sym_0091b360
.byte 0x00, 0x00, 0x00, 0x00, 0x00, 0x00, 0x00, 0x00, 0x00, 0x00, 0x00, 0x00
.long _sym_0091b3a0
.byte 0x00, 0x00, 0x00, 0x00, 0x00, 0x00, 0x00, 0x00, 0x00, 0x00, 0x00, 0x00
.long _sym_0091b3c0
.byte 0x00, 0x00, 0x00, 0x00, 0x00, 0x00, 0x00, 0x00, 0x00, 0x00, 0x00, 0x00
.long _sym_0091b3e0
.byte 0x00, 0x00, 0x00, 0x00, 0x00, 0x00, 0x00, 0x00, 0x00, 0x00, 0x00, 0x00
.long _sym_0091b400
.byte 0x00, 0x00, 0x00, 0x00, 0x00, 0x00, 0x00, 0x00, 0x00, 0x00, 0x00, 0x00
.long _sym_0091b430
.byte 0x00, 0x00, 0x00, 0x00, 0x00, 0x00, 0x00, 0x00, 0x00, 0x00, 0x00, 0x00
.long _sym_0091b450
.byte 0x00, 0x00, 0x00, 0x00, 0x00, 0x00, 0x00, 0x00, 0x00, 0x00, 0x00, 0x00
.long _sym_0091b470
.byte 0x00, 0x00, 0x00, 0x00, 0x00, 0x00, 0x00, 0x00, 0x00, 0x00, 0x00, 0x00
.long _sym_0091b490
.byte 0x00, 0x00, 0x00, 0x00, 0x00, 0x00, 0x00, 0x00, 0x00, 0x00, 0x00, 0x00
.long _sym_0091b4b0
.byte 0x00, 0x00, 0x00, 0x00, 0x00, 0x00, 0x00, 0x00, 0x00, 0x00, 0x00, 0x00
.long _sym_0091b4e0
.byte 0x00, 0x00, 0x00, 0x00, 0x00, 0x00, 0x00, 0x00
.long _sym_0091b530
.byte 0x00, 0x00, 0x00, 0x00, 0x00, 0x00, 0x00, 0x00, 0x00, 0x00, 0x00, 0x00
.long _sym_0091b540
.byte 0x00, 0x00, 0x00, 0x00, 0x00, 0x00, 0x00, 0x00, 0x00, 0x00, 0x00, 0x00, 0x00, 0x00, 0x00, 0x00
.long _sym_0091b550
.byte 0x00, 0x00, 0x00, 0x00, 0x00, 0x00, 0x00, 0x00, 0x00, 0x00, 0x00, 0x00
.long _sym_0091b5c0
.byte 0x00, 0x00, 0x00, 0x00, 0x00, 0x00, 0x00, 0x00, 0x00, 0x00, 0x00, 0x00
.long _sym_0091b5d0
.byte 0x00, 0x00, 0x00, 0x00, 0x00, 0x00, 0x00, 0x00
.long _sym_0091b600
.byte 0x00, 0x00, 0x00, 0x00, 0x00, 0x00, 0x00, 0x00, 0x00, 0x00, 0x00, 0x00, 0x00, 0x00, 0x00, 0x00
.long _sym_0091b610
.byte 0x00, 0x00, 0x00, 0x00, 0x00, 0x00, 0x00, 0x00, 0x00, 0x00, 0x00, 0x00
.long _sym_0091b670
.byte 0x00, 0x00, 0x00, 0x00, 0x00, 0x00, 0x00, 0x00, 0x00, 0x00, 0x00, 0x00
.long _sym_0091b680
.byte 0x00, 0x00, 0x00, 0x00, 0x00, 0x00, 0x00, 0x00, 0x00, 0x00, 0x00, 0x00
.long _sym_0091b690
.byte 0x00, 0x00, 0x00, 0x00, 0x00, 0x00, 0x00, 0x00, 0x00, 0x00, 0x00, 0x00
.long _sym_0091b6a0
.byte 0x00, 0x00, 0x00, 0x00, 0x00, 0x00, 0x00, 0x00, 0x00, 0x00, 0x00, 0x00
.long _sym_0091b6d0
.byte 0x00, 0x00, 0x00, 0x00, 0x00, 0x00, 0x00, 0x00, 0x00, 0x00, 0x00, 0x00
.long _sym_0091b6f0
.byte 0x00, 0x00, 0x00, 0x00, 0x00, 0x00, 0x00, 0x00, 0x00, 0x00, 0x00, 0x00
.long _sym_0091b720
.byte 0x00, 0x00, 0x00, 0x00, 0x00, 0x00, 0x00, 0x00, 0x00, 0x00, 0x00, 0x00
.long _sym_0091b740
.byte 0x00, 0x00, 0x00, 0x00, 0x00, 0x00, 0x00, 0x00
.long _sym_0091b770
.byte 0x00, 0x00, 0x00, 0x00, 0x00, 0x00, 0x00, 0x00, 0x00, 0x00, 0x00, 0x00, 0x00, 0x00, 0x00, 0x00
.long _sym_0091b780
.byte 0x00, 0x00, 0x00, 0x00, 0x00, 0x00, 0x00, 0x00, 0x00, 0x00, 0x00, 0x00
.long _sym_0091b790
.byte 0x00, 0x00, 0x00, 0x00, 0x00, 0x00, 0x00, 0x00, 0x00, 0x00, 0x00, 0x00
.long _sym_0091b7d0
.byte 0x00, 0x00, 0x00, 0x00, 0x00, 0x00, 0x00, 0x00, 0x00, 0x00, 0x00, 0x00
.long _sym_0091b810
.byte 0x00, 0x00, 0x00, 0x00, 0x00, 0x00, 0x00, 0x00, 0x00, 0x00, 0x00, 0x00
.long _sym_0091b8b0
.byte 0x00, 0x00, 0x00, 0x00, 0x00, 0x00, 0x00, 0x00
.long _sym_0091b930
.byte 0x00, 0x00, 0x00, 0x00, 0x00, 0x00, 0x00, 0x00, 0x00, 0x00, 0x00, 0x00, 0x00, 0x00, 0x00, 0x00
.long _sym_0091b960
.byte 0x00, 0x00, 0x00, 0x00, 0x00, 0x00, 0x00, 0x00
.long _sym_0091b9e0
.byte 0x00, 0x00, 0x00, 0x00, 0x00, 0x00, 0x00, 0x00, 0x00, 0x00, 0x00, 0x00, 0x00, 0x00, 0x00, 0x00
.long _sym_0091ba10
.byte 0x00, 0x00, 0x00, 0x00, 0x00, 0x00, 0x00, 0x00
.long _sym_0091baa0
.byte 0x00, 0x00, 0x00, 0x00, 0x00, 0x00, 0x00, 0x00, 0x00, 0x00, 0x00, 0x00, 0x00, 0x00, 0x00, 0x00
.long _sym_0091bad0
.byte 0x00, 0x00, 0x00, 0x00, 0x00, 0x00, 0x00, 0x00, 0x00, 0x00, 0x00, 0x00
.long _sym_0091bbb0
.byte 0x00, 0x00, 0x00, 0x00, 0x00, 0x00, 0x00, 0x00, 0x00, 0x00, 0x00, 0x00
.long _sym_0091bc80
.byte 0x00, 0x00, 0x00, 0x00, 0x00, 0x00, 0x00, 0x00, 0x00, 0x00, 0x00, 0x00
.long _sym_0091bd50
.byte 0x00, 0x00, 0x00, 0x00, 0x00, 0x00, 0x00, 0x00, 0x00, 0x00, 0x00, 0x00
.long _sym_0091be20
.byte 0x00, 0x00, 0x00, 0x00, 0x00, 0x00, 0x00, 0x00, 0x00, 0x00, 0x00, 0x00
.long _sym_0091be50
.byte 0x00, 0x00, 0x00, 0x00, 0x00, 0x00, 0x00, 0x00, 0x00, 0x00, 0x00, 0x00
.long _sym_0091be80
.byte 0x00, 0x00, 0x00, 0x00, 0x00, 0x00, 0x00, 0x00, 0x00, 0x00, 0x00, 0x00
.long _sym_0091beb0
.byte 0x00, 0x00, 0x00, 0x00, 0x00, 0x00, 0x00, 0x00, 0x00, 0x00, 0x00, 0x00
.long _sym_0091bf10
.byte 0x00, 0x00, 0x00, 0x00, 0x00, 0x00, 0x00, 0x00, 0x00, 0x00, 0x00, 0x00
.long _sym_0091bf60
.byte 0x00, 0x00, 0x00, 0x00, 0x00, 0x00, 0x00, 0x00, 0x00, 0x00, 0x00, 0x00
.long _sym_0091bfb0
.byte 0x00, 0x00, 0x00, 0x00, 0x00, 0x00, 0x00, 0x00, 0x00, 0x00, 0x00, 0x00
.long _sym_0091c000
.byte 0x00, 0x00, 0x00, 0x00, 0x00, 0x00, 0x00, 0x00, 0x00, 0x00, 0x00, 0x00
.long _sym_0091c030
.byte 0x00, 0x00, 0x00, 0x00, 0x00, 0x00, 0x00, 0x00, 0x00, 0x00, 0x00, 0x00
.long _sym_0091c060
.byte 0x00, 0x00, 0x00, 0x00, 0x00, 0x00, 0x00, 0x00, 0x00, 0x00, 0x00, 0x00
.long _sym_0091c090
.byte 0x00, 0x00, 0x00, 0x00, 0x00, 0x00, 0x00, 0x00, 0x00, 0x00, 0x00, 0x00
.long _sym_0091c0d0
.byte 0x00, 0x00, 0x00, 0x00, 0x00, 0x00, 0x00, 0x00, 0x00, 0x00, 0x00, 0x00
.long _sym_0091c110
.byte 0x00, 0x00, 0x00, 0x00, 0x00, 0x00, 0x00, 0x00, 0x00, 0x00, 0x00, 0x00
.long _sym_0091c150
.byte 0x00, 0x00, 0x00, 0x00, 0x00, 0x00, 0x00, 0x00
.long _sym_0091c1a0
.byte 0x00, 0x00, 0x00, 0x00, 0x00, 0x00, 0x00, 0x00, 0x00, 0x00, 0x00, 0x00
.long _sym_0091c1c0
.byte 0x00, 0x00, 0x00, 0x00, 0x00, 0x00, 0x00, 0x00, 0x00, 0x00, 0x00, 0x00, 0x00, 0x00, 0x00, 0x00
.long _sym_0091c1e0
.byte 0x00, 0x00, 0x00, 0x00, 0x00, 0x00, 0x00, 0x00, 0x00, 0x00, 0x00, 0x00
.long _sym_0091c230
.byte 0x00, 0x00, 0x00, 0x00, 0x00, 0x00, 0x00, 0x00, 0x00, 0x00, 0x00, 0x00
.long _sym_0091c280
.byte 0x00, 0x00, 0x00, 0x00, 0x00, 0x00, 0x00, 0x00, 0x00, 0x00, 0x00, 0x00
.long _sym_0091c2d0
.byte 0x00, 0x00, 0x00, 0x00, 0x00, 0x00, 0x00, 0x00
.long _sym_0091c330
.byte 0x00, 0x00, 0x00, 0x00, 0x00, 0x00, 0x00, 0x00, 0x00, 0x00, 0x00, 0x00
.long _sym_0091c350
.byte 0x00, 0x00, 0x00, 0x00, 0x00, 0x00, 0x00, 0x00, 0x00, 0x00, 0x00, 0x00, 0x00, 0x00, 0x00, 0x00
.long _sym_0091c370
.byte 0x00, 0x00, 0x00, 0x00, 0x00, 0x00, 0x00, 0x00, 0x00, 0x00, 0x00, 0x00
.long _sym_0091c3c0
.byte 0x00, 0x00, 0x00, 0x00, 0x00, 0x00, 0x00, 0x00, 0x00, 0x00, 0x00, 0x00
.long _sym_0091c3f0
.byte 0x00, 0x00, 0x00, 0x00, 0x00, 0x00, 0x00, 0x00, 0x00, 0x00, 0x00, 0x00
.long _sym_0091c410
.byte 0x00, 0x00, 0x00, 0x00, 0x00, 0x00, 0x00, 0x00, 0x00, 0x00, 0x00, 0x00
.long _sym_0091c470
.byte 0x00, 0x00, 0x00, 0x00, 0x00, 0x00, 0x00, 0x00, 0x00, 0x00, 0x00, 0x00
.long _sym_0091c4a0
.byte 0x00, 0x00, 0x00, 0x00, 0x00, 0x00, 0x00, 0x00, 0x00, 0x00, 0x00, 0x00
.long _sym_0091c4d0
.byte 0x00, 0x00, 0x00, 0x00, 0x00, 0x00, 0x00, 0x00, 0x00, 0x00, 0x00, 0x00
.long _sym_0091c4f0
.byte 0x00, 0x00, 0x00, 0x00, 0x00, 0x00, 0x00, 0x00, 0x00, 0x00, 0x00, 0x00
.long _sym_0091c510
.byte 0x00, 0x00, 0x00, 0x00, 0x00, 0x00, 0x00, 0x00, 0x00, 0x00, 0x00, 0x00
.long _sym_0091c580
.byte 0x00, 0x00, 0x00, 0x00, 0x00, 0x00, 0x00, 0x00, 0x00, 0x00, 0x00, 0x00
.long _sym_0091c5a0
.byte 0x00, 0x00, 0x00, 0x00, 0x00, 0x00, 0x00, 0x00, 0x00, 0x00, 0x00, 0x00
.long _sym_0091c600
.byte 0x00, 0x00, 0x00, 0x00, 0x00, 0x00, 0x00, 0x00, 0x00, 0x00, 0x00, 0x00
.long _sym_0091c6b0
.byte 0x00, 0x00, 0x00, 0x00, 0x00, 0x00, 0x00, 0x00, 0x00, 0x00, 0x00, 0x00
.long _sym_0091c780
.byte 0x00, 0x00, 0x00, 0x00, 0x00, 0x00, 0x00, 0x00, 0x00, 0x00, 0x00, 0x00
.long _sym_0091c7c0
.byte 0x00, 0x00, 0x00, 0x00, 0x00, 0x00, 0x00, 0x00, 0x00, 0x00, 0x00, 0x00
.long _sym_0091c810
.byte 0x00, 0x00, 0x00, 0x00, 0x00, 0x00, 0x00, 0x00, 0x00, 0x00, 0x00, 0x00
.long _sym_0091c890
.byte 0x00, 0x00, 0x00, 0x00, 0x00, 0x00, 0x00, 0x00, 0x00, 0x00, 0x00, 0x00
.long _sym_0091af30
.byte 0x00, 0x00, 0x00, 0x00, 0x00, 0x00, 0x00, 0x00, 0x00, 0x00, 0x00, 0x00
.long _sym_0091af80
.byte 0x00, 0x00, 0x00, 0x00, 0x00, 0x00, 0x00, 0x00, 0x00, 0x00, 0x00, 0x00
.long _sym_0091afc0
.globl _sym_00c5e350
_sym_00c5e350:
.byte 0x0d, 0x01, 0x00, 0x00
.globl _sym_00c5e354
_sym_00c5e354:
.byte 0x03, 0x00, 0x00, 0x00
.globl _sym_00c5e358
_sym_00c5e358:
.byte 0x80, 0x00, 0x00, 0x00
.globl _sym_00c5e35c
_sym_00c5e35c:
.byte 0xb0, 0x01, 0x00, 0x00
.globl _sym_00c5e360
_sym_00c5e360:
.byte 0x60, 0x01, 0x00, 0x00
.globl _sym_00c5e364
_sym_00c5e364:
.byte 0x02, 0x00, 0x00, 0x00
.globl _sym_00c5e368
_sym_00c5e368:
.byte 0x06, 0x00, 0x00, 0x00
.globl _sym_00c5e36c
_sym_00c5e36c:
.byte 0x00, 0x08, 0x00, 0x00
.globl _sym_00c5e370
_sym_00c5e370:
.byte 0x00, 0x00, 0x80, 0x42, 0x00, 0x00, 0x80, 0x42, 0x00, 0x00, 0x80, 0x42, 0x00, 0x00, 0x00, 0x43
.globl _sym_00c5e380
_sym_00c5e380:
.byte 0x00, 0x00, 0x40, 0x43
.globl _sym_00c5e384
_sym_00c5e384:
.byte 0x00, 0x00, 0xa0, 0x42
.globl _sym_00c5e388
_sym_00c5e388:
.byte 0x00, 0x00, 0xa0, 0x42, 0x00, 0x00, 0x00, 0x43, 0x00, 0x00, 0x80, 0x42, 0x00, 0x00, 0x40, 0x43
.byte 0x00, 0x00, 0x80, 0x42, 0x00, 0x00, 0x00, 0x43
.globl _sym_00c5e3a0
_sym_00c5e3a0:
.byte 0x00, 0x00, 0x40, 0x43, 0x00, 0x00, 0x40, 0x43, 0x00, 0x00, 0x80, 0x42, 0x00, 0x00, 0x00, 0x43
.byte 0x00, 0x00, 0x80, 0x42, 0x00, 0x00, 0x80, 0x42, 0x00, 0x00, 0x40, 0x43, 0x00, 0x00, 0x00, 0x43
.globl _sym_00c5e3c0
_sym_00c5e3c0:
.byte 0x00, 0x00, 0x40, 0x43, 0x00, 0x00, 0x80, 0x42, 0x00, 0x00, 0x40, 0x43, 0x00, 0x00, 0x00, 0x43
.byte 0x00, 0x00, 0x80, 0x42, 0x00, 0x00, 0x40, 0x43, 0x00, 0x00, 0x40, 0x43, 0x00, 0x00, 0x00, 0x43
.byte 0x00, 0x00, 0x40, 0x43, 0x00, 0x00, 0x40, 0x43, 0x00, 0x00, 0x40, 0x43, 0x00, 0x00, 0x00, 0x43
.byte 0x00, 0x00, 0x00, 0x43, 0x00, 0x00, 0x00, 0x43, 0x00, 0x00, 0x00, 0x43, 0x00, 0x00, 0x00, 0x43
.byte 0x00, 0x00, 0x7f, 0x43, 0x00, 0x00, 0x00, 0x43, 0x00, 0x00, 0x00, 0x43, 0x00, 0x00, 0x00, 0x43
.byte 0x00, 0x00, 0x00, 0x43, 0x00, 0x00, 0x7f, 0x43, 0x00, 0x00, 0x00, 0x43, 0x00, 0x00, 0x00, 0x43
.byte 0x00, 0x00, 0x7f, 0x43, 0x00, 0x00, 0x7f, 0x43, 0x00, 0x00, 0x00, 0x43, 0x00, 0x00, 0x00, 0x43
.byte 0x00, 0x00, 0x00, 0x43, 0x00, 0x00, 0x00, 0x43, 0x00, 0x00, 0x7f, 0x43, 0x00, 0x00, 0x00, 0x43
.byte 0x00, 0x00, 0x7f, 0x43, 0x00, 0x00, 0x00, 0x43, 0x00, 0x00, 0x7f, 0x43, 0x00, 0x00, 0x00, 0x43
.byte 0x00, 0x00, 0x00, 0x43, 0x00, 0x00, 0x7f, 0x43, 0x00, 0x00, 0x7f, 0x43, 0x00, 0x00, 0x00, 0x43
.byte 0x00, 0x00, 0x40, 0x43, 0x00, 0x00, 0x40, 0x43, 0x00, 0x00, 0x40, 0x43, 0x00, 0x00, 0x00, 0x43
.globl _sym_00c5e470
_sym_00c5e470:
.byte 0x00, 0x01, 0x00, 0x00
.globl _sym_00c5e474
_sym_00c5e474:
.byte 0xd0, 0x00, 0x00, 0x00
.globl _sym_00c5e478
_sym_00c5e478:
.byte 0x01, 0x00, 0x00, 0x00
.globl _sym_00c5e47c
_sym_00c5e47c:
.byte 0x80, 0x00, 0x00, 0x00
.globl _sym_00c5e480
_sym_00c5e480:
.long _sym_00b677f8
.long _sym_00b67800
.long _sym_00b67808
.long _sym_00b67810
.long _sym_00b67818
.long _sym_00b67820
.long _sym_00b67828
.long _sym_00b67830
.long _sym_00b67838
.long _sym_00b67840
.long _sym_00b67848
.long _sym_00b67850
.long _sym_00b67858
.byte 0x00, 0x00, 0x00, 0x00
.globl _sym_00c5e4b8
_sym_00c5e4b8:
.byte 0x01, 0x00
.globl _sym_00c5e4ba
_sym_00c5e4ba:
.byte 0x01, 0x00, 0xff, 0xff, 0x02, 0x00, 0x00, 0x00, 0xa0, 0x42, 0x00, 0x00, 0x00, 0x00, 0x00, 0x00
.byte 0x8c, 0x43, 0x00, 0x00, 0x00, 0x00, 0x00, 0x00, 0x00, 0x00, 0x00, 0x00, 0x34, 0x43, 0x00, 0x00
.byte 0x48, 0x42, 0x00, 0x00, 0x00, 0x00, 0x00, 0x00, 0x00, 0x3f, 0x33, 0x33, 0x33, 0x3f, 0xcd, 0xcc
.byte 0x4c, 0x3f, 0x00, 0x00, 0x00, 0x00, 0x02, 0x00, 0x00, 0x00, 0x00, 0x00, 0x03, 0x01, 0x00, 0x00
.byte 0x00, 0x00, 0x00, 0x00, 0x80, 0xc0, 0x00, 0x00, 0xaa, 0x43, 0x00, 0x00, 0x00, 0x00, 0x00, 0x00
.byte 0x00, 0x00, 0x00, 0x00, 0x34, 0x43, 0x00, 0x00, 0x00, 0x00, 0x00, 0x00, 0x00, 0x00, 0xcd, 0xcc
.byte 0x8c, 0x3f, 0xcd, 0xcc, 0x8c, 0x3f, 0xcd, 0xcc, 0x8c, 0x3f, 0x00, 0x00, 0x00, 0x00, 0x03, 0x00
.byte 0x01, 0x00, 0xff, 0xff, 0x02, 0x01, 0x00, 0x00, 0x00, 0x00, 0x00, 0x00, 0x20, 0x41, 0x00, 0x00
.byte 0x9b, 0x43, 0x00, 0x00, 0x00, 0x00, 0x00, 0x00, 0x00, 0x00, 0x00, 0x00, 0x34, 0x43, 0x00, 0x00
.byte 0x00, 0x00, 0x00, 0x00, 0x00, 0x00, 0x9a, 0x99, 0x99, 0x3f, 0x9a, 0x99, 0x99, 0x3f, 0x9a, 0x99
.byte 0x99, 0x3f, 0x00, 0x00, 0x00, 0x00, 0x04, 0x00, 0x01, 0x00, 0xff, 0xff, 0x02, 0x00, 0x00, 0x00
.byte 0xa0, 0xc2, 0x00, 0x00, 0x00, 0x00, 0x00, 0x00, 0x8c, 0x43, 0x00, 0x00, 0x00, 0x00, 0x00, 0x00
.byte 0x00, 0x00, 0x00, 0x00, 0x34, 0x43, 0x00, 0x00, 0x48, 0xc2, 0x00, 0x00, 0x00, 0x00, 0x00, 0x00
.byte 0x00, 0x3f, 0x33, 0x33, 0x33, 0x3f, 0xcd, 0xcc, 0x4c, 0x3f, 0x00, 0x00, 0x00, 0x00, 0x05, 0x00
.byte 0x71, 0x10, 0x00, 0x00, 0x04, 0x00, 0x00, 0x00, 0x58, 0xc2, 0x00, 0x00, 0x00, 0x00, 0x00, 0x00
.byte 0x19, 0xc3, 0x00, 0x00, 0x00, 0x00, 0x00, 0x00, 0x00, 0x00, 0x00, 0x00, 0x90, 0x41, 0x00, 0x00
.byte 0x00, 0x00, 0x00, 0x00, 0x00, 0x00, 0x66, 0x66, 0x66, 0x3f, 0x66, 0x66, 0x66, 0x3f, 0x66, 0x66
.byte 0x66, 0x3f, 0x00, 0x00, 0x00, 0x00, 0x06, 0x00, 0x71, 0x10, 0x00, 0x00, 0x04, 0x00, 0x00, 0x00
.byte 0xa2, 0xc2, 0x00, 0x00, 0xb4, 0x41, 0x00, 0x00, 0x6a, 0xc3, 0x00, 0x00, 0x00, 0x00, 0x00, 0x00
.byte 0x00, 0x00, 0x00, 0x00, 0x90, 0x41, 0x00, 0x00, 0x00, 0x00, 0x00, 0x00, 0x00, 0x00, 0x9a, 0x99
.byte 0x19, 0x3f, 0x9a, 0x99, 0x19, 0x3f, 0x9a, 0x99, 0x19, 0x3f, 0x00, 0x00, 0x00, 0x00, 0x07, 0x00
.byte 0x00, 0x00, 0x00, 0x00, 0x03, 0x01, 0x00, 0x00, 0x48, 0x42, 0x00, 0x00, 0x80, 0xc0, 0x00, 0x00
.byte 0x07, 0xc3, 0x00, 0x00, 0x00, 0x00, 0x00, 0x00, 0x00, 0x00, 0x00, 0x00, 0x34, 0x43, 0x00, 0x00
.byte 0x00, 0x00, 0x00, 0x00, 0x00, 0x00, 0xcd, 0xcc, 0x4c, 0x3e, 0xcd, 0xcc, 0x4c, 0x3e, 0xcd, 0xcc
.byte 0x4c, 0x3e, 0x00, 0x00, 0x00, 0x00, 0x08, 0x00, 0x00, 0x00, 0x00, 0x00, 0x03, 0x01, 0x00, 0x00
.byte 0x48, 0xc2, 0x00, 0x00, 0x80, 0xc0, 0x00, 0x00, 0x07, 0xc3, 0x00, 0x00, 0x00, 0x00, 0x00, 0x00
.byte 0x00, 0x00, 0x00, 0x00, 0x34, 0x43, 0x00, 0x00, 0x00, 0x00, 0x00, 0x00, 0x00, 0x00, 0xcd, 0xcc
.byte 0x4c, 0x3e, 0xcd, 0xcc, 0x4c, 0x3e, 0xcd, 0xcc, 0x4c, 0x3e, 0x00, 0x00, 0x00, 0x00, 0x09, 0x00
.byte 0x71, 0x10, 0x00, 0x00, 0x04, 0x00, 0x00, 0x00, 0x7c, 0xc2, 0x00, 0x00, 0x00, 0x00, 0x00, 0x00
.byte 0xa2, 0x43, 0x00, 0x00, 0x00, 0x00, 0x00, 0x00, 0x00, 0x00, 0x00, 0x00, 0x90, 0x41, 0x00, 0x00
.byte 0x00, 0x00, 0x00, 0x00, 0x00, 0x00, 0x00, 0x00, 0x00, 0x3f, 0x00, 0x00, 0x00, 0x3f, 0x00, 0x00
.byte 0x00, 0x3f, 0x00, 0x00, 0x00, 0x00
.globl _sym_00c5e6b0
_sym_00c5e6b0:
.byte 0x5a, 0x00, 0x00, 0x00, 0x00, 0x00, 0x05, 0x01, 0x00, 0x00, 0x00, 0x00, 0x00, 0x00, 0x00, 0x00
.byte 0x00, 0x00, 0x00, 0x00, 0x00, 0x00, 0x00, 0x00, 0x00, 0x00, 0x00, 0x00, 0x00, 0x00, 0x00, 0x00
.byte 0x00, 0x00, 0x00, 0x00, 0x00, 0x00, 0x00, 0x00, 0x00, 0x00, 0x80, 0x3f, 0x00, 0x00, 0x80, 0x3f
.byte 0x00, 0x00, 0x80, 0x3f, 0x00, 0x00, 0x00, 0x00, 0x5b, 0x00, 0x00, 0x00, 0x00, 0x00, 0x05, 0x01
.byte 0x00, 0x00, 0x00, 0x00, 0x00, 0x00, 0x00, 0x00, 0x00, 0x00, 0x00, 0x00, 0x00, 0x00, 0x00, 0x00
.byte 0x00, 0x00, 0x00, 0x00, 0x00, 0x00, 0x00, 0x00, 0x00, 0x00, 0x00, 0x00, 0x00, 0x00, 0x00, 0x00
.byte 0x00, 0x00, 0x80, 0x3f, 0x00, 0x00, 0x80, 0x3f, 0x00, 0x00, 0x80, 0x3f, 0x00, 0x00, 0x00, 0x00
.byte 0x5c, 0x00, 0x00, 0x00, 0x00, 0x00, 0x05, 0x01, 0x00, 0x00, 0x00, 0x00, 0x00, 0x00, 0x00, 0x00
.byte 0x00, 0x00, 0x00, 0x00, 0x00, 0x00, 0x00, 0x00, 0x00, 0x00, 0x00, 0x00, 0x00, 0x00, 0x00, 0x00
.byte 0x00, 0x00, 0x00, 0x00, 0x00, 0x00, 0x00, 0x00, 0x00, 0x00, 0x80, 0x3f, 0x00, 0x00, 0x80, 0x3f
.byte 0x00, 0x00, 0x80, 0x3f
.globl _sym_00c5e754
_sym_00c5e754:
.byte 0x00, 0x00, 0x00, 0x00, 0x02, 0x00, 0x00, 0x00, 0x01, 0x00, 0x00, 0x00, 0x00, 0x00, 0x00, 0x00
.byte 0x14, 0x00, 0x00, 0x00, 0x13, 0x00, 0x00, 0x00
.globl _sym_00c5e76c
_sym_00c5e76c:
.byte 0x00, 0x08, 0x00, 0x00
.globl _sym_00c5e770
_sym_00c5e770:
.byte 0x00, 0x01, 0x00, 0x00
.globl _sym_00c5e774
_sym_00c5e774:
.byte 0xd0, 0x00, 0x00, 0x00
.globl _sym_00c5e778
_sym_00c5e778:
.long _sym_00b67a90
.byte 0x00, 0x00, 0x90, 0x41, 0x00, 0x00, 0x90, 0x41, 0x00, 0x00, 0xd8, 0x41, 0x00, 0x00, 0x94, 0x41
.byte 0x00, 0x00, 0xc0, 0x41
.globl _sym_00c5e790
_sym_00c5e790:
.byte 0x14, 0x1c, 0x20, 0x28, 0x18, 0x20, 0x28, 0x30
.globl _sym_00c5e798
_sym_00c5e798:
.byte 0x00, 0x00, 0x00, 0x00, 0x00, 0x00, 0x00, 0x00, 0x00, 0x00, 0x00, 0x00, 0x00, 0x00, 0x00, 0x43
.globl _sym_00c5e7a8
_sym_00c5e7a8:
.byte 0x00, 0x00, 0x40, 0x43, 0x00, 0x00, 0x00, 0x00, 0x00, 0x00, 0x00, 0x00, 0x00, 0x00, 0x00, 0x43
.globl _sym_00c5e7b8
_sym_00c5e7b8:
.byte 0x00, 0x00, 0x00, 0x00, 0x00, 0x00, 0x40, 0x43, 0x00, 0x00, 0x00, 0x00, 0x00, 0x00, 0x00, 0x43
.byte 0x00, 0x00, 0x40, 0x43, 0x00, 0x00, 0x40, 0x43, 0x00, 0x00, 0x00, 0x00, 0x00, 0x00, 0x00, 0x43
.globl _sym_00c5e7d8
_sym_00c5e7d8:
.byte 0x00, 0x00, 0x00, 0x00, 0x00, 0x00, 0x00, 0x00, 0x00, 0x00, 0x40, 0x43, 0x00, 0x00, 0x00, 0x43
.byte 0x00, 0x00, 0x40, 0x43, 0x00, 0x00, 0x00, 0x00, 0x00, 0x00, 0x40, 0x43, 0x00, 0x00, 0x00, 0x43
.byte 0x00, 0x00, 0x00, 0x00, 0x00, 0x00, 0x40, 0x43, 0x00, 0x00, 0x40, 0x43, 0x00, 0x00, 0x00, 0x43
.globl _sym_00c5e808
_sym_00c5e808:
.byte 0x00, 0x00, 0x40, 0x43, 0x00, 0x00, 0x40, 0x43, 0x00, 0x00, 0x40, 0x43, 0x00, 0x00, 0x00, 0x43
.globl _sym_00c5e818
_sym_00c5e818:
.byte 0x00, 0x00, 0x20, 0xc1, 0x00, 0x00, 0x00, 0x00, 0x00, 0x00, 0x00, 0x00, 0x00, 0x00, 0x80, 0x3f
.byte 0x00, 0x00, 0x00, 0x00, 0x00, 0x00, 0x00, 0x00, 0x00, 0x00, 0x00, 0x00, 0x00, 0x00, 0x80, 0x3f
.byte 0x00, 0x00, 0x20, 0x41, 0x00, 0x00, 0x00, 0x00, 0x00, 0x00, 0x00, 0x00, 0x00, 0x00, 0x80, 0x3f
.globl _sym_00c5e848
_sym_00c5e848:
.byte 0x00, 0x00, 0x00, 0x00, 0x00, 0x00, 0x20, 0xc1, 0x00, 0x00, 0x00, 0x00, 0x00, 0x00, 0x80, 0x3f
.byte 0x00, 0x00, 0x00, 0x00, 0x00, 0x00, 0x00, 0x00, 0x00, 0x00, 0x00, 0x00, 0x00, 0x00, 0x80, 0x3f
.byte 0x00, 0x00, 0x00, 0x00, 0x00, 0x00, 0x20, 0x41, 0x00, 0x00, 0x00, 0x00, 0x00, 0x00, 0x80, 0x3f
.globl _sym_00c5e878
_sym_00c5e878:
.byte 0x00, 0x00, 0x00, 0x00, 0x00, 0x00, 0x00, 0x00, 0x00, 0x00, 0x20, 0xc1, 0x00, 0x00, 0x80, 0x3f
.byte 0x00, 0x00, 0x00, 0x00, 0x00, 0x00, 0x00, 0x00, 0x00, 0x00, 0x00, 0x00, 0x00, 0x00, 0x80, 0x3f
.byte 0x00, 0x00, 0x00, 0x00, 0x00, 0x00, 0x00, 0x00, 0x00, 0x00, 0x20, 0x41, 0x00, 0x00, 0x80, 0x3f
.globl _sym_00c5e8a8
_sym_00c5e8a8:
.long _sym_00b67e50
.long _sym_00b67e54
.long _sym_00b7c988
.globl _sym_00c5e8b4
_sym_00c5e8b4:
.long _sym_00b67e58
.long _sym_00b67e5c
.long _sym_00b67f3c
.globl _sym_00c5e8c0
_sym_00c5e8c0:
.byte 0x01, 0x00, 0x00, 0x00, 0x01, 0x00, 0x00, 0x00
.long _sym_00b67e60
.byte 0x00, 0x00, 0x00, 0x00, 0x00, 0x00, 0x00, 0x00, 0x44, 0x00, 0x00, 0x00, 0x0c, 0x00, 0x00, 0x00
.byte 0x01, 0x00, 0x00, 0x00, 0x02, 0x00, 0x00, 0x00
.long _sym_00b67e68
.byte 0x00, 0x00, 0x00, 0x00, 0x0d, 0x00, 0x00, 0x00, 0x44, 0x00, 0x00, 0x00, 0x0c, 0x00, 0x00, 0x00
.byte 0x01, 0x00, 0x00, 0x00, 0x03, 0x00, 0x00, 0x00
.long _sym_00b67e70
.byte 0x00, 0x00, 0x00, 0x00, 0x1a, 0x00, 0x00, 0x00, 0x44, 0x00, 0x00, 0x00, 0x0c, 0x00, 0x00, 0x00
.byte 0x01, 0x00, 0x00, 0x00, 0x04, 0x00, 0x00, 0x00
.long _sym_00b562e8
.byte 0x00, 0x00, 0x00, 0x00, 0x27, 0x00, 0x00, 0x00, 0x44, 0x00, 0x00, 0x00, 0x0c, 0x00, 0x00, 0x00
.byte 0x01, 0x00, 0x00, 0x00, 0x05, 0x00, 0x00, 0x00
.long _sym_00b67e78
.byte 0x00, 0x00, 0x00, 0x00, 0x34, 0x00, 0x00, 0x00, 0x44, 0x00, 0x00, 0x00, 0x0c, 0x00, 0x00, 0x00
.byte 0x01, 0x00, 0x00, 0x00, 0x06, 0x00, 0x00, 0x00
.long _sym_00b67e80
.byte 0x00, 0x00, 0x00, 0x00, 0x41, 0x00, 0x00, 0x00, 0x44, 0x00, 0x00, 0x00, 0x0c, 0x00, 0x00, 0x00
.byte 0x01, 0x00, 0x00, 0x00, 0x07, 0x00, 0x00, 0x00
.long _sym_00b67e88
.byte 0x00, 0x00, 0x00, 0x00, 0x4e, 0x00, 0x00, 0x00, 0x44, 0x00, 0x00, 0x00, 0x0c, 0x00, 0x00, 0x00
.byte 0x01, 0x00, 0x00, 0x00, 0x08, 0x00, 0x00, 0x00
.long _sym_00b67e8c
.byte 0x00, 0x00, 0x00, 0x00, 0x5b, 0x00, 0x00, 0x00, 0x44, 0x00, 0x00, 0x00, 0x0c, 0x00, 0x00, 0x00
.byte 0x01, 0x00, 0x00, 0x00, 0x09, 0x00, 0x00, 0x00
.long _sym_00b67e94
.byte 0x00, 0x00, 0x00, 0x00, 0x68, 0x00, 0x00, 0x00, 0x44, 0x00, 0x00, 0x00, 0x0c, 0x00, 0x00, 0x00
.byte 0x01, 0x00, 0x00, 0x00, 0x0a, 0x00, 0x00, 0x00
.long _sym_00b67e9c
.byte 0x00, 0x00, 0x00, 0x00, 0x75, 0x00, 0x00, 0x00, 0x44, 0x00, 0x00, 0x00, 0x0c, 0x00, 0x00, 0x00
.byte 0x01, 0x00, 0x00, 0x00, 0x0b, 0x00, 0x00, 0x00
.long _sym_00b67ea4
.byte 0x00, 0x00, 0x00, 0x00, 0x82, 0x00, 0x00, 0x00, 0x44, 0x00, 0x00, 0x00, 0x0c, 0x00, 0x00, 0x00
.byte 0x01, 0x00, 0x00, 0x00, 0x0c, 0x00, 0x00, 0x00
.long _sym_00b67eac
.byte 0x00, 0x00, 0x00, 0x00, 0x8f, 0x00, 0x00, 0x00, 0x44, 0x00, 0x00, 0x00, 0x0c, 0x00, 0x00, 0x00
.byte 0x00, 0x00, 0x00, 0x00, 0x00, 0x00, 0x00, 0x00, 0x00, 0x00, 0x00, 0x00, 0x00, 0x00, 0x00, 0x00
.byte 0x00, 0x00, 0x00, 0x00, 0x00, 0x00, 0x00, 0x00, 0x00, 0x00, 0x00, 0x00, 0x00, 0x00, 0x00, 0x00
.globl _sym_00c5ea30
_sym_00c5ea30:
.byte 0x01, 0x00, 0x00, 0x00, 0x0d, 0x00, 0x00, 0x00
.long _sym_00b684a0
.byte 0x00, 0x00, 0x00, 0x00, 0x00, 0x00, 0x00, 0x00, 0x44, 0x00, 0x00, 0x00, 0x0c, 0x00, 0x00, 0x00
.byte 0x01, 0x00, 0x00, 0x00, 0x0e, 0x00, 0x00, 0x00
.long _sym_00b5add8
.byte 0x00, 0x00, 0x00, 0x00, 0x0d, 0x00, 0x00, 0x00, 0x44, 0x00, 0x00, 0x00, 0x0c, 0x00, 0x00, 0x00
.byte 0x01, 0x00, 0x00, 0x00, 0x0f, 0x00, 0x00, 0x00
.long _sym_00b67eb4
.byte 0x00, 0x00, 0x00, 0x00, 0x1a, 0x00, 0x00, 0x00, 0x44, 0x00, 0x00, 0x00, 0x0c, 0x00, 0x00, 0x00
.byte 0x01, 0x00, 0x00, 0x00, 0x10, 0x00, 0x00, 0x00
.long _sym_00b67ebc
.byte 0x00, 0x00, 0x00, 0x00, 0x27, 0x00, 0x00, 0x00, 0x44, 0x00, 0x00, 0x00, 0x0c, 0x00, 0x00, 0x00
.byte 0x00, 0x00, 0x00, 0x00, 0x00, 0x00, 0x00, 0x00, 0x00, 0x00, 0x00, 0x00, 0x00, 0x00, 0x00, 0x00
.byte 0x00, 0x00, 0x00, 0x00, 0x00, 0x00, 0x00, 0x00, 0x00, 0x00, 0x00, 0x00, 0x00, 0x00, 0x00, 0x00
.globl _sym_00c5eac0
_sym_00c5eac0:
.byte 0x02, 0x00, 0x00, 0x00, 0x00, 0x00, 0x00, 0x00
.long _sym_00b67e70
.byte 0x02, 0x00, 0x00, 0x00, 0x00, 0x00, 0x00, 0x00, 0x28, 0x00, 0x00, 0x00, 0x0a, 0x00, 0x00, 0x00
.byte 0x02, 0x00, 0x00, 0x00, 0x00, 0x00, 0x00, 0x00
.long _sym_00b67ec4
.byte 0x02, 0x00, 0x00, 0x00, 0x0d, 0x00, 0x00, 0x00, 0x28, 0x00, 0x00, 0x00, 0x0a, 0x00, 0x00, 0x00
.byte 0x02, 0x00, 0x00, 0x00, 0x00, 0x00, 0x00, 0x00
.long _sym_00b67ecc
.byte 0x02, 0x00, 0x00, 0x00, 0x1a, 0x00, 0x00, 0x00, 0x28, 0x00, 0x00, 0x00, 0x0a, 0x00, 0x00, 0x00
.byte 0x02, 0x00, 0x00, 0x00, 0x00, 0x00, 0x00, 0x00
.long _sym_00b8f7f8
.byte 0x02, 0x00, 0x00, 0x00, 0x41, 0x00, 0x00, 0x00, 0x28, 0x00, 0x00, 0x00, 0x0a, 0x00, 0x00, 0x00
.byte 0x02, 0x00, 0x00, 0x00, 0x00, 0x00, 0x00, 0x00
.long _sym_00b67ed4
.byte 0x02, 0x00, 0x00, 0x00, 0x4e, 0x00, 0x00, 0x00, 0x28, 0x00, 0x00, 0x00, 0x0a, 0x00, 0x00, 0x00
.byte 0x02, 0x00, 0x00, 0x00, 0x00, 0x00, 0x00, 0x00
.long _sym_00b67edc
.byte 0x02, 0x00, 0x00, 0x00, 0x5b, 0x00, 0x00, 0x00, 0x28, 0x00, 0x00, 0x00, 0x0a, 0x00, 0x00, 0x00
.byte 0x02, 0x00, 0x00, 0x00, 0x00, 0x00, 0x00, 0x00
.long _sym_00b67ee4
.byte 0x02, 0x00, 0x00, 0x00, 0x68, 0x00, 0x00, 0x00, 0x28, 0x00, 0x00, 0x00, 0x0a, 0x00, 0x00, 0x00
.byte 0x02, 0x00, 0x00, 0x00, 0x00, 0x00, 0x00, 0x00
.long _sym_00b67eec
.byte 0x02, 0x00, 0x00, 0x00, 0x75, 0x00, 0x00, 0x00, 0x28, 0x00, 0x00, 0x00, 0x0a, 0x00, 0x00, 0x00
.byte 0x02, 0x00, 0x00, 0x00, 0x00, 0x00, 0x00, 0x00
.long _sym_00b67ef4
.byte 0x02, 0x00, 0x00, 0x00, 0x82, 0x00, 0x00, 0x00, 0x28, 0x00, 0x00, 0x00, 0x0a, 0x00, 0x00, 0x00
.byte 0x01, 0x00, 0x00, 0x00, 0x11, 0x00, 0x00, 0x00
.long _sym_00b8f860
.byte 0x36, 0x00, 0x00, 0x00, 0x00, 0x00, 0x00, 0x00, 0x0d, 0x00, 0x00, 0x00, 0x0a, 0x00, 0x00, 0x00
.byte 0x01, 0x00, 0x00, 0x00, 0x12, 0x00, 0x00, 0x00
.long _sym_00b40320
.byte 0x5c, 0x00, 0x00, 0x00, 0x00, 0x00, 0x00, 0x00, 0x0d, 0x00, 0x00, 0x00, 0x0a, 0x00, 0x00, 0x00
.byte 0x01, 0x00, 0x00, 0x00, 0x13, 0x00, 0x00, 0x00
.long _sym_00b8fbdb
.byte 0x36, 0x00, 0x00, 0x00, 0x0d, 0x00, 0x00, 0x00, 0x34, 0x00, 0x00, 0x00, 0x0a, 0x00, 0x00, 0x00
.byte 0x01, 0x00, 0x00, 0x00, 0x14, 0x00, 0x00, 0x00
.long _sym_00b67efc
.byte 0x49, 0x00, 0x00, 0x00, 0x1a, 0x00, 0x00, 0x00, 0x0d, 0x00, 0x00, 0x00, 0x0a, 0x00, 0x00, 0x00
.byte 0x01, 0x00, 0x00, 0x00, 0x15, 0x00, 0x00, 0x00
.long _sym_00b5b24c
.byte 0x49, 0x00, 0x00, 0x00, 0x34, 0x00, 0x00, 0x00, 0x0d, 0x00, 0x00, 0x00, 0x0a, 0x00, 0x00, 0x00
.byte 0x01, 0x00, 0x00, 0x00, 0x16, 0x00, 0x00, 0x00
.long _sym_00b55210
.byte 0x36, 0x00, 0x00, 0x00, 0x27, 0x00, 0x00, 0x00, 0x0d, 0x00, 0x00, 0x00, 0x0a, 0x00, 0x00, 0x00
.byte 0x01, 0x00, 0x00, 0x00, 0x17, 0x00, 0x00, 0x00
.long _sym_00b48258
.byte 0x5c, 0x00, 0x00, 0x00, 0x27, 0x00, 0x00, 0x00, 0x0d, 0x00, 0x00, 0x00, 0x0a, 0x00, 0x00, 0x00
.byte 0x01, 0x00, 0x00, 0x00, 0x18, 0x00, 0x00, 0x00
.long _sym_00b20b38
.byte 0x49, 0x00, 0x00, 0x00, 0x27, 0x00, 0x00, 0x00, 0x0d, 0x00, 0x00, 0x00, 0x0a, 0x00, 0x00, 0x00
.byte 0x01, 0x00, 0x00, 0x00, 0x19, 0x00, 0x00, 0x00
.long _sym_00b8fbdb
.byte 0x36, 0x00, 0x00, 0x00, 0x41, 0x00, 0x00, 0x00, 0x34, 0x00, 0x00, 0x00, 0x0a, 0x00, 0x00, 0x00
.byte 0x01, 0x00, 0x00, 0x00, 0x1c, 0x00, 0x00, 0x00
.long _sym_00b8fbdb
.byte 0x36, 0x00, 0x00, 0x00, 0x4e, 0x00, 0x00, 0x00, 0x34, 0x00, 0x00, 0x00, 0x0a, 0x00, 0x00, 0x00
.byte 0x01, 0x00, 0x00, 0x00, 0x1d, 0x00, 0x00, 0x00
.long _sym_00b8fbdb
.byte 0x36, 0x00, 0x00, 0x00, 0x5b, 0x00, 0x00, 0x00, 0x34, 0x00, 0x00, 0x00, 0x0a, 0x00, 0x00, 0x00
.byte 0x01, 0x00, 0x00, 0x00, 0x1e, 0x00, 0x00, 0x00
.long _sym_00b8fbdb
.byte 0x36, 0x00, 0x00, 0x00, 0x68, 0x00, 0x00, 0x00, 0x34, 0x00, 0x00, 0x00, 0x0a, 0x00, 0x00, 0x00
.byte 0x01, 0x00, 0x00, 0x00, 0x1f, 0x00, 0x00, 0x00
.long _sym_00b8fbdb
.byte 0x36, 0x00, 0x00, 0x00, 0x75, 0x00, 0x00, 0x00, 0x34, 0x00, 0x00, 0x00, 0x0a, 0x00, 0x00, 0x00
.byte 0x01, 0x00, 0x00, 0x00, 0x20, 0x00, 0x00, 0x00
.long _sym_00b8fbdb
.byte 0x36, 0x00, 0x00, 0x00, 0x82, 0x00, 0x00, 0x00, 0x34, 0x00, 0x00, 0x00, 0x0a, 0x00, 0x00, 0x00
.byte 0x01, 0x00, 0x00, 0x00, 0x21, 0x00, 0x00, 0x00
.long _sym_00b67f00
.byte 0x02, 0x00, 0x00, 0x00, 0x8f, 0x00, 0x00, 0x00, 0x30, 0x00, 0x00, 0x00, 0x0a, 0x00, 0x00, 0x00
.byte 0x01, 0x00, 0x00, 0x00, 0x22, 0x00, 0x00, 0x00
.long _sym_00b67f08
.byte 0x02, 0x00, 0x00, 0x00, 0x9c, 0x00, 0x00, 0x00, 0x30, 0x00, 0x00, 0x00, 0x0a, 0x00, 0x00, 0x00
.byte 0x01, 0x00, 0x00, 0x00, 0x23, 0x00, 0x00, 0x00
.long _sym_00b67f10
.byte 0x38, 0x00, 0x00, 0x00, 0x8f, 0x00, 0x00, 0x00, 0x30, 0x00, 0x00, 0x00, 0x0a, 0x00, 0x00, 0x00
.byte 0x01, 0x00, 0x00, 0x00, 0x24, 0x00, 0x00, 0x00
.long _sym_00b67f18
.byte 0x38, 0x00, 0x00, 0x00, 0x9c, 0x00, 0x00, 0x00, 0x30, 0x00, 0x00, 0x00, 0x0a, 0x00, 0x00, 0x00
.byte 0x00, 0x00, 0x00, 0x00, 0x00, 0x00, 0x00, 0x00, 0x00, 0x00, 0x00, 0x00, 0x00, 0x00, 0x00, 0x00
.byte 0x00, 0x00, 0x00, 0x00, 0x00, 0x00, 0x00, 0x00, 0x00, 0x00, 0x00, 0x00
.globl _sym_00c5edd0
_sym_00c5edd0:
.byte 0x02, 0x00, 0x00, 0x00, 0x00, 0x00, 0x00, 0x00
.long _sym_00b67ec4
.byte 0x02, 0x00, 0x00, 0x00, 0x00, 0x00, 0x00, 0x00, 0x28, 0x00, 0x00, 0x00, 0x0a, 0x00, 0x00, 0x00
.byte 0x02, 0x00, 0x00, 0x00, 0x00, 0x00, 0x00, 0x00
.long _sym_00b67f20
.byte 0x02, 0x00, 0x00, 0x00, 0x0d, 0x00, 0x00, 0x00, 0x28, 0x00, 0x00, 0x00, 0x0a, 0x00, 0x00, 0x00
.byte 0x02, 0x00, 0x00, 0x00, 0x00, 0x00, 0x00, 0x00
.long _sym_00b67e9c
.byte 0x02, 0x00, 0x00, 0x00, 0x27, 0x00, 0x00, 0x00, 0x28, 0x00, 0x00, 0x00, 0x0a, 0x00, 0x00, 0x00
.byte 0x02, 0x00, 0x00, 0x00, 0x00, 0x00, 0x00, 0x00
.long _sym_00b23e48
.byte 0x02, 0x00, 0x00, 0x00, 0x34, 0x00, 0x00, 0x00, 0x28, 0x00, 0x00, 0x00, 0x0a, 0x00, 0x00, 0x00
.byte 0x02, 0x00, 0x00, 0x00, 0x00, 0x00, 0x00, 0x00
.long _sym_00b67f28
.byte 0x02, 0x00, 0x00, 0x00, 0x4e, 0x00, 0x00, 0x00, 0x28, 0x00, 0x00, 0x00, 0x0a, 0x00, 0x00, 0x00
.byte 0x01, 0x00, 0x00, 0x00, 0x25, 0x00, 0x00, 0x00
.long _sym_00b8fbdb
.byte 0x36, 0x00, 0x00, 0x00, 0x00, 0x00, 0x00, 0x00, 0x34, 0x00, 0x00, 0x00, 0x0a, 0x00, 0x00, 0x00
.byte 0x01, 0x00, 0x00, 0x00, 0x26, 0x00, 0x00, 0x00
.long _sym_00b8fbdb
.byte 0x36, 0x00, 0x00, 0x00, 0x0d, 0x00, 0x00, 0x00, 0x34, 0x00, 0x00, 0x00, 0x0a, 0x00, 0x00, 0x00
.byte 0x01, 0x00, 0x00, 0x00, 0x27, 0x00, 0x00, 0x00
.long _sym_00b8f860
.byte 0x36, 0x00, 0x00, 0x00, 0x1a, 0x00, 0x00, 0x00, 0x0d, 0x00, 0x00, 0x00, 0x0a, 0x00, 0x00, 0x00
.byte 0x01, 0x00, 0x00, 0x00, 0x28, 0x00, 0x00, 0x00
.long _sym_00b40320
.byte 0x5c, 0x00, 0x00, 0x00, 0x1a, 0x00, 0x00, 0x00, 0x0d, 0x00, 0x00, 0x00, 0x0a, 0x00, 0x00, 0x00
.byte 0x01, 0x00, 0x00, 0x00, 0x29, 0x00, 0x00, 0x00
.long _sym_00b8f860
.byte 0x36, 0x00, 0x00, 0x00, 0x27, 0x00, 0x00, 0x00, 0x0d, 0x00, 0x00, 0x00, 0x0a, 0x00, 0x00, 0x00
.byte 0x01, 0x00, 0x00, 0x00, 0x2a, 0x00, 0x00, 0x00
.long _sym_00b40320
.byte 0x5c, 0x00, 0x00, 0x00, 0x27, 0x00, 0x00, 0x00, 0x0d, 0x00, 0x00, 0x00, 0x0a, 0x00, 0x00, 0x00
.byte 0x01, 0x00, 0x00, 0x00, 0x2b, 0x00, 0x00, 0x00
.long _sym_00b8f860
.byte 0x36, 0x00, 0x00, 0x00, 0x34, 0x00, 0x00, 0x00, 0x0d, 0x00, 0x00, 0x00, 0x0a, 0x00, 0x00, 0x00
.byte 0x01, 0x00, 0x00, 0x00, 0x2c, 0x00, 0x00, 0x00
.long _sym_00b40320
.byte 0x5c, 0x00, 0x00, 0x00, 0x34, 0x00, 0x00, 0x00, 0x0d, 0x00, 0x00, 0x00, 0x0a, 0x00, 0x00, 0x00
.byte 0x01, 0x00, 0x00, 0x00, 0x2d, 0x00, 0x00, 0x00
.long _sym_00b67f30
.byte 0x36, 0x00, 0x00, 0x00, 0x41, 0x00, 0x00, 0x00, 0x34, 0x00, 0x00, 0x00, 0x0a, 0x00, 0x00, 0x00
.byte 0x01, 0x00, 0x00, 0x00, 0x2e, 0x00, 0x00, 0x00
.long _sym_00b67efc
.byte 0x49, 0x00, 0x00, 0x00, 0x4e, 0x00, 0x00, 0x00, 0x0d, 0x00, 0x00, 0x00, 0x0a, 0x00, 0x00, 0x00
.byte 0x01, 0x00, 0x00, 0x00, 0x2f, 0x00, 0x00, 0x00
.long _sym_00b5b24c
.byte 0x49, 0x00, 0x00, 0x00, 0x68, 0x00, 0x00, 0x00, 0x0d, 0x00, 0x00, 0x00, 0x0a, 0x00, 0x00, 0x00
.byte 0x01, 0x00, 0x00, 0x00, 0x30, 0x00, 0x00, 0x00
.long _sym_00b55210
.byte 0x36, 0x00, 0x00, 0x00, 0x5b, 0x00, 0x00, 0x00, 0x0d, 0x00, 0x00, 0x00, 0x0a, 0x00, 0x00, 0x00
.byte 0x01, 0x00, 0x00, 0x00, 0x31, 0x00, 0x00, 0x00
.long _sym_00b48258
.byte 0x5c, 0x00, 0x00, 0x00, 0x5b, 0x00, 0x00, 0x00, 0x0d, 0x00, 0x00, 0x00, 0x0a, 0x00, 0x00, 0x00
.byte 0x01, 0x00, 0x00, 0x00, 0x32, 0x00, 0x00, 0x00
.long _sym_00b20b38
.byte 0x49, 0x00, 0x00, 0x00, 0x5b, 0x00, 0x00, 0x00, 0x0d, 0x00, 0x00, 0x00, 0x0a, 0x00, 0x00, 0x00
.byte 0x00, 0x00, 0x00, 0x00, 0x00, 0x00, 0x00, 0x00, 0x00, 0x00, 0x00, 0x00, 0x00, 0x00, 0x00, 0x00
.byte 0x00, 0x00, 0x00, 0x00, 0x00, 0x00, 0x00, 0x00, 0x00, 0x00, 0x00, 0x00
.globl _sym_00c5f000
_sym_00c5f000:
.byte 0x02, 0x00, 0x00, 0x00, 0x00, 0x00, 0x00, 0x00
.long _sym_00b67f34
.byte 0x02, 0x00, 0x00, 0x00, 0x00, 0x00, 0x00, 0x00, 0x28, 0x00, 0x00, 0x00, 0x0a, 0x00, 0x00, 0x00
.byte 0x02, 0x00, 0x00, 0x00, 0x00, 0x00, 0x00, 0x00
.long _sym_00b23e48
.byte 0x02, 0x00, 0x00, 0x00, 0x0d, 0x00, 0x00, 0x00, 0x28, 0x00, 0x00, 0x00, 0x0a, 0x00, 0x00, 0x00
.byte 0x01, 0x00, 0x00, 0x00, 0x33, 0x00, 0x00, 0x00
.long _sym_00b8fbdb
.byte 0x36, 0x00, 0x00, 0x00, 0x00, 0x00, 0x00, 0x00, 0x34, 0x00, 0x00, 0x00, 0x0a, 0x00, 0x00, 0x00
.byte 0x01, 0x00, 0x00, 0x00, 0x34, 0x00, 0x00, 0x00
.long _sym_00b8f860
.byte 0x36, 0x00, 0x00, 0x00, 0x0d, 0x00, 0x00, 0x00, 0x0d, 0x00, 0x00, 0x00, 0x0a, 0x00, 0x00, 0x00
.byte 0x01, 0x00, 0x00, 0x00, 0x35, 0x00, 0x00, 0x00
.long _sym_00b40320
.byte 0x5c, 0x00, 0x00, 0x00, 0x0d, 0x00, 0x00, 0x00, 0x0d, 0x00, 0x00, 0x00, 0x0a, 0x00, 0x00, 0x00
.byte 0x00, 0x00, 0x00, 0x00, 0x00, 0x00, 0x00, 0x00, 0x00, 0x00, 0x00, 0x00, 0x00, 0x00, 0x00, 0x00
.byte 0x00, 0x00, 0x00, 0x00, 0x00, 0x00, 0x00, 0x00, 0x00, 0x00, 0x00, 0x00
.globl _sym_00c5f0a8
_sym_00c5f0a8:
.byte 0x01, 0x00, 0x00, 0x00, 0x36, 0x00, 0x00, 0x00
.long _sym_00b8fbdb
.byte 0x00, 0x00, 0x00, 0x00, 0x00, 0x00, 0x00, 0x00, 0x3c, 0x00, 0x00, 0x00, 0x0a, 0x00, 0x00, 0x00
.byte 0x01, 0x00, 0x00, 0x00, 0x37, 0x00, 0x00, 0x00
.long _sym_00b8fbdb
.byte 0x80, 0x00, 0x00, 0x00, 0x00, 0x00, 0x00, 0x00, 0x3c, 0x00, 0x00, 0x00, 0x0a, 0x00, 0x00, 0x00
.byte 0x01, 0x00, 0x00, 0x00, 0x38, 0x00, 0x00, 0x00
.long _sym_00b8fbdb
.byte 0x00, 0x00, 0x00, 0x00, 0x34, 0x00, 0x00, 0x00, 0x3c, 0x00, 0x00, 0x00, 0x0a, 0x00, 0x00, 0x00
.byte 0x01, 0x00, 0x00, 0x00, 0x39, 0x00, 0x00, 0x00
.long _sym_00b8fbdb
.byte 0x80, 0x00, 0x00, 0x00, 0x34, 0x00, 0x00, 0x00, 0x3c, 0x00, 0x00, 0x00, 0x0a, 0x00, 0x00, 0x00
.byte 0x01, 0x00, 0x00, 0x00, 0x3a, 0x00, 0x00, 0x00
.long _sym_00b8fbdb
.byte 0x54, 0x00, 0x00, 0x00, 0x00, 0x00, 0x00, 0x00, 0x14, 0x00, 0x00, 0x00, 0x0a, 0x00, 0x00, 0x00
.byte 0x01, 0x00, 0x00, 0x00, 0x3b, 0x00, 0x00, 0x00
.long _sym_00b8fbdb
.byte 0x54, 0x00, 0x00, 0x00, 0x34, 0x00, 0x00, 0x00, 0x14, 0x00, 0x00, 0x00, 0x0a, 0x00, 0x00, 0x00
.byte 0x01, 0x00, 0x00, 0x00, 0x3c, 0x00, 0x00, 0x00
.long _sym_00b8fbdb
.byte 0x14, 0x00, 0x00, 0x00, 0x1a, 0x00, 0x00, 0x00, 0x14, 0x00, 0x00, 0x00, 0x0a, 0x00, 0x00, 0x00
.byte 0x01, 0x00, 0x00, 0x00, 0x3d, 0x00, 0x00, 0x00
.long _sym_00b8fbdb
.byte 0x94, 0x00, 0x00, 0x00, 0x1a, 0x00, 0x00, 0x00, 0x14, 0x00, 0x00, 0x00, 0x0a, 0x00, 0x00, 0x00
.byte 0x00, 0x00, 0x00, 0x00, 0x00, 0x00, 0x00, 0x00, 0x00, 0x00, 0x00, 0x00, 0x00, 0x00, 0x00, 0x00
.byte 0x00, 0x00, 0x00, 0x00, 0x00, 0x00, 0x00, 0x00, 0x00, 0x00, 0x00, 0x00, 0x00, 0x00, 0x00, 0x00
.globl _sym_00c5f1a8
_sym_00c5f1a8:
.byte 0x02, 0x00, 0x00, 0x00, 0x00, 0x00, 0x00, 0x00
.long _sym_00b8f798
.byte 0x02, 0x00, 0x00, 0x00, 0x00, 0x00, 0x00, 0x00, 0x28, 0x00, 0x00, 0x00, 0x0a, 0x00, 0x00, 0x00
.byte 0x02, 0x00, 0x00, 0x00, 0x00, 0x00, 0x00, 0x00
.long _sym_00b8f79c
.byte 0x02, 0x00, 0x00, 0x00, 0x0d, 0x00, 0x00, 0x00, 0x28, 0x00, 0x00, 0x00, 0x0a, 0x00, 0x00, 0x00
.byte 0x02, 0x00, 0x00, 0x00, 0x00, 0x00, 0x00, 0x00
.long _sym_00b8f794
.byte 0x02, 0x00, 0x00, 0x00, 0x1a, 0x00, 0x00, 0x00, 0x28, 0x00, 0x00, 0x00, 0x0a, 0x00, 0x00, 0x00
.byte 0x02, 0x00, 0x00, 0x00, 0x00, 0x00, 0x00, 0x00
.long _sym_00b8f7a0
.byte 0x02, 0x00, 0x00, 0x00, 0x27, 0x00, 0x00, 0x00, 0x28, 0x00, 0x00, 0x00, 0x0a, 0x00, 0x00, 0x00
.byte 0x02, 0x00, 0x00, 0x00, 0x00, 0x00, 0x00, 0x00
.long _sym_00b67f3c
.byte 0x02, 0x00, 0x00, 0x00, 0x34, 0x00, 0x00, 0x00, 0x28, 0x00, 0x00, 0x00, 0x0a, 0x00, 0x00, 0x00
.byte 0x01, 0x00, 0x00, 0x00, 0x3e, 0x00, 0x00, 0x00
.long _sym_00b8fbdb
.byte 0x36, 0x00, 0x00, 0x00, 0x00, 0x00, 0x00, 0x00, 0x34, 0x00, 0x00, 0x00, 0x0a, 0x00, 0x00, 0x00
.byte 0x01, 0x00, 0x00, 0x00, 0x3f, 0x00, 0x00, 0x00
.long _sym_00b8fbdb
.byte 0x36, 0x00, 0x00, 0x00, 0x0d, 0x00, 0x00, 0x00, 0x34, 0x00, 0x00, 0x00, 0x0a, 0x00, 0x00, 0x00
.byte 0x01, 0x00, 0x00, 0x00, 0x40, 0x00, 0x00, 0x00
.long _sym_00b8fbdb
.byte 0x36, 0x00, 0x00, 0x00, 0x1a, 0x00, 0x00, 0x00, 0x34, 0x00, 0x00, 0x00, 0x0a, 0x00, 0x00, 0x00
.byte 0x01, 0x00, 0x00, 0x00, 0x41, 0x00, 0x00, 0x00
.long _sym_00b8fbdb
.byte 0x36, 0x00, 0x00, 0x00, 0x27, 0x00, 0x00, 0x00, 0x34, 0x00, 0x00, 0x00, 0x0a, 0x00, 0x00, 0x00
.byte 0x01, 0x00, 0x00, 0x00, 0x42, 0x00, 0x00, 0x00
.long _sym_00b8fbdb
.byte 0x36, 0x00, 0x00, 0x00, 0x34, 0x00, 0x00, 0x00, 0x34, 0x00, 0x00, 0x00, 0x0a, 0x00, 0x00, 0x00
.byte 0x01, 0x00, 0x00, 0x00, 0x43, 0x00, 0x00, 0x00
.long _sym_00b13c8c
.byte 0x1a, 0x00, 0x00, 0x00, 0x41, 0x00, 0x00, 0x00, 0x3c, 0x00, 0x00, 0x00, 0x0a, 0x00, 0x00, 0x00
.byte 0x01, 0x00, 0x00, 0x00, 0x44, 0x00, 0x00, 0x00
.long _sym_00b67f40
.byte 0x1a, 0x00, 0x00, 0x00, 0x4e, 0x00, 0x00, 0x00, 0x3c, 0x00, 0x00, 0x00, 0x0a, 0x00, 0x00, 0x00
.byte 0x01, 0x00, 0x00, 0x00, 0x45, 0x00, 0x00, 0x00
.long _sym_00b67f44
.byte 0x1a, 0x00, 0x00, 0x00, 0x5b, 0x00, 0x00, 0x00, 0x3c, 0x00, 0x00, 0x00, 0x0a, 0x00, 0x00, 0x00
.byte 0x01, 0x00, 0x00, 0x00, 0x46, 0x00, 0x00, 0x00
.long _sym_00b67f48
.byte 0x1a, 0x00, 0x00, 0x00, 0x68, 0x00, 0x00, 0x00, 0x3c, 0x00, 0x00, 0x00, 0x0a, 0x00, 0x00, 0x00
.byte 0x00, 0x00, 0x00, 0x00, 0x00, 0x00, 0x00, 0x00, 0x00, 0x00, 0x00, 0x00, 0x00, 0x00, 0x00, 0x00
.byte 0x00, 0x00, 0x00, 0x00, 0x00, 0x00, 0x00, 0x00, 0x00, 0x00, 0x00, 0x00, 0x00, 0x00, 0x00, 0x00
.globl _sym_00c5f350
_sym_00c5f350:
.byte 0x02, 0x00, 0x00, 0x00, 0x00, 0x00, 0x00, 0x00
.long _sym_00b67f4c
.byte 0x02, 0x00, 0x00, 0x00, 0x00, 0x00, 0x00, 0x00, 0x28, 0x00, 0x00, 0x00, 0x0a, 0x00, 0x00, 0x00
.byte 0x02, 0x00, 0x00, 0x00, 0x00, 0x00, 0x00, 0x00
.long _sym_00b67f54
.byte 0x02, 0x00, 0x00, 0x00, 0x0d, 0x00, 0x00, 0x00, 0x28, 0x00, 0x00, 0x00, 0x0a, 0x00, 0x00, 0x00
.byte 0x02, 0x00, 0x00, 0x00, 0x00, 0x00, 0x00, 0x00
.long _sym_00b67f5c
.byte 0x02, 0x00, 0x00, 0x00, 0x1a, 0x00, 0x00, 0x00, 0x28, 0x00, 0x00, 0x00, 0x0a, 0x00, 0x00, 0x00
.byte 0x02, 0x00, 0x00, 0x00, 0x00, 0x00, 0x00, 0x00
.long _sym_00b67f64
.byte 0x02, 0x00, 0x00, 0x00, 0x27, 0x00, 0x00, 0x00, 0x28, 0x00, 0x00, 0x00, 0x0a, 0x00, 0x00, 0x00
.byte 0x02, 0x00, 0x00, 0x00, 0x00, 0x00, 0x00, 0x00
.long _sym_00b67f54
.byte 0x02, 0x00, 0x00, 0x00, 0x34, 0x00, 0x00, 0x00, 0x28, 0x00, 0x00, 0x00, 0x0a, 0x00, 0x00, 0x00
.byte 0x02, 0x00, 0x00, 0x00, 0x00, 0x00, 0x00, 0x00
.long _sym_00b67f5c
.byte 0x02, 0x00, 0x00, 0x00, 0x41, 0x00, 0x00, 0x00, 0x28, 0x00, 0x00, 0x00, 0x0a, 0x00, 0x00, 0x00
.byte 0x02, 0x00, 0x00, 0x00, 0x00, 0x00, 0x00, 0x00
.long _sym_00b67f6c
.byte 0x02, 0x00, 0x00, 0x00, 0x4e, 0x00, 0x00, 0x00, 0x28, 0x00, 0x00, 0x00, 0x0a, 0x00, 0x00, 0x00
.byte 0x02, 0x00, 0x00, 0x00, 0x00, 0x00, 0x00, 0x00
.long _sym_00b67f74
.byte 0x02, 0x00, 0x00, 0x00, 0x5b, 0x00, 0x00, 0x00, 0x28, 0x00, 0x00, 0x00, 0x0a, 0x00, 0x00, 0x00
.byte 0x02, 0x00, 0x00, 0x00, 0x00, 0x00, 0x00, 0x00
.long _sym_00b67f7c
.byte 0x02, 0x00, 0x00, 0x00, 0x68, 0x00, 0x00, 0x00, 0x28, 0x00, 0x00, 0x00, 0x0a, 0x00, 0x00, 0x00
.byte 0x02, 0x00, 0x00, 0x00, 0x00, 0x00, 0x00, 0x00
.long _sym_00b67f54
.byte 0x02, 0x00, 0x00, 0x00, 0x75, 0x00, 0x00, 0x00, 0x28, 0x00, 0x00, 0x00, 0x0a, 0x00, 0x00, 0x00
.byte 0x02, 0x00, 0x00, 0x00, 0x00, 0x00, 0x00, 0x00
.long _sym_00b67f5c
.byte 0x02, 0x00, 0x00, 0x00, 0x82, 0x00, 0x00, 0x00, 0x28, 0x00, 0x00, 0x00, 0x0a, 0x00, 0x00, 0x00
.byte 0x01, 0x00, 0x00, 0x00, 0x47, 0x00, 0x00, 0x00
.long _sym_00b8fbdb
.byte 0x36, 0x00, 0x00, 0x00, 0x00, 0x00, 0x00, 0x00, 0x50, 0x00, 0x00, 0x00, 0x0a, 0x00, 0x00, 0x00
.byte 0x01, 0x00, 0x00, 0x00, 0x48, 0x00, 0x00, 0x00
.long _sym_00b8fbdb
.byte 0x36, 0x00, 0x00, 0x00, 0x0d, 0x00, 0x00, 0x00, 0x50, 0x00, 0x00, 0x00, 0x0a, 0x00, 0x00, 0x00
.byte 0x01, 0x00, 0x00, 0x00, 0x49, 0x00, 0x00, 0x00
.long _sym_00b8fbdb
.byte 0x36, 0x00, 0x00, 0x00, 0x1a, 0x00, 0x00, 0x00, 0x50, 0x00, 0x00, 0x00, 0x0a, 0x00, 0x00, 0x00
.byte 0x01, 0x00, 0x00, 0x00, 0x4a, 0x00, 0x00, 0x00
.long _sym_00b8fbdb
.byte 0x36, 0x00, 0x00, 0x00, 0x27, 0x00, 0x00, 0x00, 0x50, 0x00, 0x00, 0x00, 0x0a, 0x00, 0x00, 0x00
.byte 0x01, 0x00, 0x00, 0x00, 0x4b, 0x00, 0x00, 0x00
.long _sym_00b8fbdb
.byte 0x36, 0x00, 0x00, 0x00, 0x34, 0x00, 0x00, 0x00, 0x50, 0x00, 0x00, 0x00, 0x0a, 0x00, 0x00, 0x00
.byte 0x01, 0x00, 0x00, 0x00, 0x4c, 0x00, 0x00, 0x00
.long _sym_00b8fbdb
.byte 0x36, 0x00, 0x00, 0x00, 0x41, 0x00, 0x00, 0x00, 0x50, 0x00, 0x00, 0x00, 0x0a, 0x00, 0x00, 0x00
.byte 0x01, 0x00, 0x00, 0x00, 0x4d, 0x00, 0x00, 0x00
.long _sym_00b8fbdb
.byte 0x36, 0x00, 0x00, 0x00, 0x4e, 0x00, 0x00, 0x00, 0x50, 0x00, 0x00, 0x00, 0x0a, 0x00, 0x00, 0x00
.byte 0x01, 0x00, 0x00, 0x00, 0x4f, 0x00, 0x00, 0x00
.long _sym_00b8fbdb
.byte 0x36, 0x00, 0x00, 0x00, 0x68, 0x00, 0x00, 0x00, 0x50, 0x00, 0x00, 0x00, 0x0a, 0x00, 0x00, 0x00
.byte 0x01, 0x00, 0x00, 0x00, 0x50, 0x00, 0x00, 0x00
.long _sym_00b8fbdb
.byte 0x36, 0x00, 0x00, 0x00, 0x75, 0x00, 0x00, 0x00, 0x50, 0x00, 0x00, 0x00, 0x0a, 0x00, 0x00, 0x00
.byte 0x01, 0x00, 0x00, 0x00, 0x51, 0x00, 0x00, 0x00
.long _sym_00b8fbdb
.byte 0x36, 0x00, 0x00, 0x00, 0x82, 0x00, 0x00, 0x00, 0x50, 0x00, 0x00, 0x00, 0x0a, 0x00, 0x00, 0x00
.byte 0x01, 0x00, 0x00, 0x00, 0x52, 0x00, 0x00, 0x00
.long _sym_00b67f84
.byte 0x36, 0x00, 0x00, 0x00, 0x8f, 0x00, 0x00, 0x00, 0x34, 0x00, 0x00, 0x00, 0x0a, 0x00, 0x00, 0x00
.byte 0x00, 0x00, 0x00, 0x00, 0x00, 0x00, 0x00, 0x00, 0x00, 0x00, 0x00, 0x00, 0x00, 0x00, 0x00, 0x00
.byte 0x00, 0x00, 0x00, 0x00, 0x00, 0x00, 0x00, 0x00, 0x00, 0x00, 0x00, 0x00, 0x00, 0x00, 0x00, 0x00
.globl _sym_00c5f5d8
_sym_00c5f5d8:
.byte 0x02, 0x00, 0x00, 0x00, 0x00, 0x00, 0x00, 0x00
.long _sym_00b67f88
.byte 0x02, 0x00, 0x00, 0x00, 0x00, 0x00, 0x00, 0x00, 0x28, 0x00, 0x00, 0x00, 0x0a, 0x00, 0x00, 0x00
.byte 0x02, 0x00, 0x00, 0x00, 0x00, 0x00, 0x00, 0x00
.long _sym_00b67ecc
.byte 0x02, 0x00, 0x00, 0x00, 0x1a, 0x00, 0x00, 0x00, 0x28, 0x00, 0x00, 0x00, 0x0a, 0x00, 0x00, 0x00
.byte 0x01, 0x00, 0x00, 0x00, 0x53, 0x00, 0x00, 0x00
.long _sym_00b67efc
.byte 0x36, 0x00, 0x00, 0x00, 0x00, 0x00, 0x00, 0x00, 0x0d, 0x00, 0x00, 0x00, 0x0a, 0x00, 0x00, 0x00
.byte 0x01, 0x00, 0x00, 0x00, 0x54, 0x00, 0x00, 0x00
.long _sym_00b5b24c
.byte 0x36, 0x00, 0x00, 0x00, 0x0d, 0x00, 0x00, 0x00, 0x0d, 0x00, 0x00, 0x00, 0x0a, 0x00, 0x00, 0x00
.byte 0x01, 0x00, 0x00, 0x00, 0x55, 0x00, 0x00, 0x00
.long _sym_00b67efc
.byte 0x49, 0x00, 0x00, 0x00, 0x1a, 0x00, 0x00, 0x00, 0x0d, 0x00, 0x00, 0x00, 0x0a, 0x00, 0x00, 0x00
.byte 0x01, 0x00, 0x00, 0x00, 0x56, 0x00, 0x00, 0x00
.long _sym_00b5b24c
.byte 0x49, 0x00, 0x00, 0x00, 0x34, 0x00, 0x00, 0x00, 0x0d, 0x00, 0x00, 0x00, 0x0a, 0x00, 0x00, 0x00
.byte 0x01, 0x00, 0x00, 0x00, 0x57, 0x00, 0x00, 0x00
.long _sym_00b55210
.byte 0x36, 0x00, 0x00, 0x00, 0x27, 0x00, 0x00, 0x00, 0x0d, 0x00, 0x00, 0x00, 0x0a, 0x00, 0x00, 0x00
.byte 0x01, 0x00, 0x00, 0x00, 0x58, 0x00, 0x00, 0x00
.long _sym_00b48258
.byte 0x5c, 0x00, 0x00, 0x00, 0x27, 0x00, 0x00, 0x00, 0x0d, 0x00, 0x00, 0x00, 0x0a, 0x00, 0x00, 0x00
.byte 0x01, 0x00, 0x00, 0x00, 0x59, 0x00, 0x00, 0x00
.long _sym_00b20b38
.byte 0x49, 0x00, 0x00, 0x00, 0x27, 0x00, 0x00, 0x00, 0x0d, 0x00, 0x00, 0x00, 0x0a, 0x00, 0x00, 0x00
.byte 0x00, 0x00, 0x00, 0x00, 0x00, 0x00, 0x00, 0x00, 0x00, 0x00, 0x00, 0x00, 0x00, 0x00, 0x00, 0x00
.byte 0x00, 0x00, 0x00, 0x00, 0x00, 0x00, 0x00, 0x00, 0x00, 0x00, 0x00, 0x00
.globl _sym_00c5f6f0
_sym_00c5f6f0:
.byte 0x02, 0x00, 0x00, 0x00, 0x00, 0x00, 0x00, 0x00
.long _sym_00b67f90
.byte 0x02, 0x00, 0x00, 0x00, 0x00, 0x00, 0x00, 0x00, 0x28, 0x00, 0x00, 0x00, 0x0a, 0x00, 0x00, 0x00
.byte 0x02, 0x00, 0x00, 0x00, 0x00, 0x00, 0x00, 0x00
.long _sym_00b67f98
.byte 0x02, 0x00, 0x00, 0x00, 0x0d, 0x00, 0x00, 0x00, 0x28, 0x00, 0x00, 0x00, 0x0a, 0x00, 0x00, 0x00
.byte 0x02, 0x00, 0x00, 0x00, 0x00, 0x00, 0x00, 0x00
.long _sym_00b67fa0
.byte 0x02, 0x00, 0x00, 0x00, 0x1a, 0x00, 0x00, 0x00, 0x28, 0x00, 0x00, 0x00, 0x0a, 0x00, 0x00, 0x00
.byte 0x02, 0x00, 0x00, 0x00, 0x00, 0x00, 0x00, 0x00
.long _sym_00b67fa8
.byte 0x02, 0x00, 0x00, 0x00, 0x27, 0x00, 0x00, 0x00, 0x28, 0x00, 0x00, 0x00, 0x0a, 0x00, 0x00, 0x00
.byte 0x02, 0x00, 0x00, 0x00, 0x00, 0x00, 0x00, 0x00
.long _sym_00b67f98
.byte 0x02, 0x00, 0x00, 0x00, 0x34, 0x00, 0x00, 0x00, 0x28, 0x00, 0x00, 0x00, 0x0a, 0x00, 0x00, 0x00
.byte 0x02, 0x00, 0x00, 0x00, 0x00, 0x00, 0x00, 0x00
.long _sym_00b67fa0
.byte 0x02, 0x00, 0x00, 0x00, 0x41, 0x00, 0x00, 0x00, 0x28, 0x00, 0x00, 0x00, 0x0a, 0x00, 0x00, 0x00
.byte 0x01, 0x00, 0x00, 0x00, 0x5a, 0x00, 0x00, 0x00
.long _sym_00b8fbdb
.byte 0x36, 0x00, 0x00, 0x00, 0x0d, 0x00, 0x00, 0x00, 0x34, 0x00, 0x00, 0x00, 0x0a, 0x00, 0x00, 0x00
.byte 0x01, 0x00, 0x00, 0x00, 0x5b, 0x00, 0x00, 0x00
.long _sym_00b8fbdb
.byte 0x36, 0x00, 0x00, 0x00, 0x1a, 0x00, 0x00, 0x00, 0x34, 0x00, 0x00, 0x00, 0x0a, 0x00, 0x00, 0x00
.byte 0x01, 0x00, 0x00, 0x00, 0x5a, 0x00, 0x00, 0x00
.long _sym_00b8fbdb
.byte 0x36, 0x00, 0x00, 0x00, 0x34, 0x00, 0x00, 0x00, 0x34, 0x00, 0x00, 0x00, 0x0a, 0x00, 0x00, 0x00
.byte 0x01, 0x00, 0x00, 0x00, 0x5b, 0x00, 0x00, 0x00
.long _sym_00b8fbdb
.byte 0x36, 0x00, 0x00, 0x00, 0x41, 0x00, 0x00, 0x00, 0x34, 0x00, 0x00, 0x00, 0x0a, 0x00, 0x00, 0x00
.byte 0x00, 0x00, 0x00, 0x00, 0x00, 0x00, 0x00, 0x00, 0x00, 0x00, 0x00, 0x00, 0x00, 0x00, 0x00, 0x00
.byte 0x00, 0x00, 0x00, 0x00, 0x00, 0x00, 0x00, 0x00, 0x00, 0x00, 0x00, 0x00, 0x00, 0x00, 0x00, 0x00
.globl _sym_00c5f828
_sym_00c5f828:
.byte 0x02, 0x00, 0x00, 0x00, 0x00, 0x00, 0x00, 0x00
.long _sym_00b55e5c
.byte 0x02, 0x00, 0x00, 0x00, 0x00, 0x00, 0x00, 0x00, 0x28, 0x00, 0x00, 0x00, 0x0a, 0x00, 0x00, 0x00
.byte 0x02, 0x00, 0x00, 0x00, 0x00, 0x00, 0x00, 0x00
.long _sym_00b40650
.byte 0x02, 0x00, 0x00, 0x00, 0x0d, 0x00, 0x00, 0x00, 0x28, 0x00, 0x00, 0x00, 0x0a, 0x00, 0x00, 0x00
.byte 0x02, 0x00, 0x00, 0x00, 0x00, 0x00, 0x00, 0x00
.long _sym_00b4064c
.byte 0x02, 0x00, 0x00, 0x00, 0x1a, 0x00, 0x00, 0x00, 0x28, 0x00, 0x00, 0x00, 0x0a, 0x00, 0x00, 0x00
.byte 0x02, 0x00, 0x00, 0x00, 0x00, 0x00, 0x00, 0x00
.long _sym_00b67fb0
.byte 0x02, 0x00, 0x00, 0x00, 0x27, 0x00, 0x00, 0x00, 0x28, 0x00, 0x00, 0x00, 0x0a, 0x00, 0x00, 0x00
.byte 0x02, 0x00, 0x00, 0x00, 0x00, 0x00, 0x00, 0x00
.long _sym_00b67fb8
.byte 0x02, 0x00, 0x00, 0x00, 0x34, 0x00, 0x00, 0x00, 0x28, 0x00, 0x00, 0x00, 0x0a, 0x00, 0x00, 0x00
.byte 0x02, 0x00, 0x00, 0x00, 0x00, 0x00, 0x00, 0x00
.long _sym_00b67fc0
.byte 0x02, 0x00, 0x00, 0x00, 0x41, 0x00, 0x00, 0x00, 0x28, 0x00, 0x00, 0x00, 0x0a, 0x00, 0x00, 0x00
.byte 0x02, 0x00, 0x00, 0x00, 0x00, 0x00, 0x00, 0x00
.long _sym_00b67fc8
.byte 0x02, 0x00, 0x00, 0x00, 0x4e, 0x00, 0x00, 0x00, 0x28, 0x00, 0x00, 0x00, 0x0a, 0x00, 0x00, 0x00
.byte 0x02, 0x00, 0x00, 0x00, 0x00, 0x00, 0x00, 0x00
.long _sym_00b67fd0
.byte 0x02, 0x00, 0x00, 0x00, 0x5b, 0x00, 0x00, 0x00, 0x28, 0x00, 0x00, 0x00, 0x0a, 0x00, 0x00, 0x00
.byte 0x01, 0x00, 0x00, 0x00, 0x6a, 0x00, 0x00, 0x00
.long _sym_00b8fbdb
.byte 0x36, 0x00, 0x00, 0x00, 0x00, 0x00, 0x00, 0x00, 0x27, 0x00, 0x00, 0x00, 0x0a, 0x00, 0x00, 0x00
.byte 0x01, 0x00, 0x00, 0x00, 0x6b, 0x00, 0x00, 0x00
.long _sym_00b8fbdb
.byte 0x5d, 0x00, 0x00, 0x00, 0x00, 0x00, 0x00, 0x00, 0x0d, 0x00, 0x00, 0x00, 0x0a, 0x00, 0x00, 0x00
.byte 0x01, 0x00, 0x00, 0x00, 0x6c, 0x00, 0x00, 0x00
.long _sym_00b8fbdb
.byte 0x36, 0x00, 0x00, 0x00, 0x0d, 0x00, 0x00, 0x00, 0x34, 0x00, 0x00, 0x00, 0x0a, 0x00, 0x00, 0x00
.byte 0x01, 0x00, 0x00, 0x00, 0x6d, 0x00, 0x00, 0x00
.long _sym_00b8fbdb
.byte 0x36, 0x00, 0x00, 0x00, 0x1a, 0x00, 0x00, 0x00, 0x34, 0x00, 0x00, 0x00, 0x0a, 0x00, 0x00, 0x00
.byte 0x01, 0x00, 0x00, 0x00, 0x6e, 0x00, 0x00, 0x00
.long _sym_00b8fbdb
.byte 0x36, 0x00, 0x00, 0x00, 0x27, 0x00, 0x00, 0x00, 0x34, 0x00, 0x00, 0x00, 0x0a, 0x00, 0x00, 0x00
.byte 0x01, 0x00, 0x00, 0x00, 0x6f, 0x00, 0x00, 0x00
.long _sym_00b8fbdb
.byte 0x36, 0x00, 0x00, 0x00, 0x34, 0x00, 0x00, 0x00, 0x34, 0x00, 0x00, 0x00, 0x0a, 0x00, 0x00, 0x00
.byte 0x01, 0x00, 0x00, 0x00, 0x70, 0x00, 0x00, 0x00
.long _sym_00b8fbdb
.byte 0x36, 0x00, 0x00, 0x00, 0x41, 0x00, 0x00, 0x00, 0x34, 0x00, 0x00, 0x00, 0x0a, 0x00, 0x00, 0x00
.byte 0x01, 0x00, 0x00, 0x00, 0x71, 0x00, 0x00, 0x00
.long _sym_00b8fbdb
.byte 0x36, 0x00, 0x00, 0x00, 0x4e, 0x00, 0x00, 0x00, 0x34, 0x00, 0x00, 0x00, 0x0a, 0x00, 0x00, 0x00
.byte 0x01, 0x00, 0x00, 0x00, 0x72, 0x00, 0x00, 0x00
.long _sym_00b8fbdb
.byte 0x36, 0x00, 0x00, 0x00, 0x5b, 0x00, 0x00, 0x00, 0x34, 0x00, 0x00, 0x00, 0x0a, 0x00, 0x00, 0x00
.byte 0x01, 0x00, 0x00, 0x00, 0x73, 0x00, 0x00, 0x00
.long _sym_00b5a3f4
.byte 0x06, 0x00, 0x00, 0x00, 0x68, 0x00, 0x00, 0x00, 0x60, 0x00, 0x00, 0x00, 0x0a, 0x00, 0x00, 0x00
.byte 0x01, 0x00, 0x00, 0x00, 0x74, 0x00, 0x00, 0x00
.long _sym_00b67fd8
.byte 0x06, 0x00, 0x00, 0x00, 0x75, 0x00, 0x00, 0x00, 0x60, 0x00, 0x00, 0x00, 0x0a, 0x00, 0x00, 0x00
.byte 0x01, 0x00, 0x00, 0x00, 0x75, 0x00, 0x00, 0x00
.long _sym_00b67eac
.byte 0x06, 0x00, 0x00, 0x00, 0x82, 0x00, 0x00, 0x00, 0x60, 0x00, 0x00, 0x00, 0x0a, 0x00, 0x00, 0x00
.byte 0x01, 0x00, 0x00, 0x00, 0x76, 0x00, 0x00, 0x00
.long _sym_00b67e94
.byte 0x06, 0x00, 0x00, 0x00, 0x8f, 0x00, 0x00, 0x00, 0x60, 0x00, 0x00, 0x00, 0x0a, 0x00, 0x00, 0x00
.byte 0x01, 0x00, 0x00, 0x00, 0x77, 0x00, 0x00, 0x00
.long _sym_00b67fe0
.byte 0x06, 0x00, 0x00, 0x00, 0x9c, 0x00, 0x00, 0x00, 0x60, 0x00, 0x00, 0x00, 0x0a, 0x00, 0x00, 0x00
.byte 0x00, 0x00, 0x00, 0x00, 0x00, 0x00, 0x00, 0x00, 0x00, 0x00, 0x00, 0x00, 0x00, 0x00, 0x00, 0x00
.byte 0x00, 0x00, 0x00, 0x00, 0x00, 0x00, 0x00, 0x00, 0x00, 0x00, 0x00, 0x00, 0x00, 0x00, 0x00, 0x00
.globl _sym_00c5fab0
_sym_00c5fab0:
.byte 0x02, 0x00, 0x00, 0x00, 0x00, 0x00, 0x00, 0x00
.long _sym_00b67e88
.byte 0x02, 0x00, 0x00, 0x00, 0x00, 0x00, 0x00, 0x00, 0x28, 0x00, 0x00, 0x00, 0x0a, 0x00, 0x00, 0x00
.byte 0x02, 0x00, 0x00, 0x00, 0x00, 0x00, 0x00, 0x00
.long _sym_00b67ec4
.byte 0x02, 0x00, 0x00, 0x00, 0x0d, 0x00, 0x00, 0x00, 0x28, 0x00, 0x00, 0x00, 0x0a, 0x00, 0x00, 0x00
.byte 0x02, 0x00, 0x00, 0x00, 0x00, 0x00, 0x00, 0x00
.long _sym_00b55e5c
.byte 0x02, 0x00, 0x00, 0x00, 0x1a, 0x00, 0x00, 0x00, 0x28, 0x00, 0x00, 0x00, 0x0a, 0x00, 0x00, 0x00
.byte 0x02, 0x00, 0x00, 0x00, 0x00, 0x00, 0x00, 0x00
.long _sym_00b67fe8
.byte 0x02, 0x00, 0x00, 0x00, 0x27, 0x00, 0x00, 0x00, 0x24, 0x00, 0x00, 0x00, 0x0a, 0x00, 0x00, 0x00
.byte 0x02, 0x00, 0x00, 0x00, 0x00, 0x00, 0x00, 0x00
.long _sym_00b8f7f0
.byte 0x02, 0x00, 0x00, 0x00, 0x34, 0x00, 0x00, 0x00, 0x24, 0x00, 0x00, 0x00, 0x0a, 0x00, 0x00, 0x00
.byte 0x02, 0x00, 0x00, 0x00, 0x00, 0x00, 0x00, 0x00
.long _sym_00b8f7f4
.byte 0x02, 0x00, 0x00, 0x00, 0x41, 0x00, 0x00, 0x00, 0x24, 0x00, 0x00, 0x00, 0x0a, 0x00, 0x00, 0x00
.byte 0x02, 0x00, 0x00, 0x00, 0x00, 0x00, 0x00, 0x00
.long _sym_00b8f7f8
.byte 0x02, 0x00, 0x00, 0x00, 0x4e, 0x00, 0x00, 0x00, 0x24, 0x00, 0x00, 0x00, 0x0a, 0x00, 0x00, 0x00
.byte 0x02, 0x00, 0x00, 0x00, 0x00, 0x00, 0x00, 0x00
.long _sym_00b67ff0
.byte 0x02, 0x00, 0x00, 0x00, 0x5b, 0x00, 0x00, 0x00, 0x24, 0x00, 0x00, 0x00, 0x0a, 0x00, 0x00, 0x00
.byte 0x02, 0x00, 0x00, 0x00, 0x00, 0x00, 0x00, 0x00
.long _sym_00b67ff4
.byte 0x02, 0x00, 0x00, 0x00, 0x68, 0x00, 0x00, 0x00, 0x24, 0x00, 0x00, 0x00, 0x0a, 0x00, 0x00, 0x00
.byte 0x02, 0x00, 0x00, 0x00, 0x00, 0x00, 0x00, 0x00
.long _sym_00b67ff8
.byte 0x02, 0x00, 0x00, 0x00, 0x75, 0x00, 0x00, 0x00, 0x24, 0x00, 0x00, 0x00, 0x0a, 0x00, 0x00, 0x00
.byte 0x02, 0x00, 0x00, 0x00, 0x00, 0x00, 0x00, 0x00
.long _sym_00b67ffc
.byte 0x02, 0x00, 0x00, 0x00, 0x82, 0x00, 0x00, 0x00, 0x24, 0x00, 0x00, 0x00, 0x0a, 0x00, 0x00, 0x00
.byte 0x02, 0x00, 0x00, 0x00, 0x00, 0x00, 0x00, 0x00
.long _sym_00b68000
.byte 0x02, 0x00, 0x00, 0x00, 0x8f, 0x00, 0x00, 0x00, 0x24, 0x00, 0x00, 0x00, 0x0a, 0x00, 0x00, 0x00
.byte 0x02, 0x00, 0x00, 0x00, 0x00, 0x00, 0x00, 0x00
.long _sym_00b68004
.byte 0x02, 0x00, 0x00, 0x00, 0x9c, 0x00, 0x00, 0x00, 0x24, 0x00, 0x00, 0x00, 0x0a, 0x00, 0x00, 0x00
.byte 0x01, 0x00, 0x00, 0x00, 0x78, 0x00, 0x00, 0x00
.long _sym_00b8fbdb
.byte 0x36, 0x00, 0x00, 0x00, 0x00, 0x00, 0x00, 0x00, 0x34, 0x00, 0x00, 0x00, 0x0a, 0x00, 0x00, 0x00
.byte 0x01, 0x00, 0x00, 0x00, 0x79, 0x00, 0x00, 0x00
.long _sym_00b8fbdb
.byte 0x36, 0x00, 0x00, 0x00, 0x0d, 0x00, 0x00, 0x00, 0x34, 0x00, 0x00, 0x00, 0x0a, 0x00, 0x00, 0x00
.byte 0x01, 0x00, 0x00, 0x00, 0x7a, 0x00, 0x00, 0x00
.long _sym_00b8fbdb
.byte 0x36, 0x00, 0x00, 0x00, 0x1a, 0x00, 0x00, 0x00, 0x34, 0x00, 0x00, 0x00, 0x0a, 0x00, 0x00, 0x00
.byte 0x01, 0x00, 0x00, 0x00, 0x7b, 0x00, 0x00, 0x00
.long _sym_00b8fbdb
.byte 0x36, 0x00, 0x00, 0x00, 0x27, 0x00, 0x00, 0x00, 0x34, 0x00, 0x00, 0x00, 0x0a, 0x00, 0x00, 0x00
.byte 0x01, 0x00, 0x00, 0x00, 0x7c, 0x00, 0x00, 0x00
.long _sym_00b8fbdb
.byte 0x2a, 0x00, 0x00, 0x00, 0x34, 0x00, 0x00, 0x00, 0x34, 0x00, 0x00, 0x00, 0x0a, 0x00, 0x00, 0x00
.byte 0x01, 0x00, 0x00, 0x00, 0x7d, 0x00, 0x00, 0x00
.long _sym_00b8fbdb
.byte 0x60, 0x00, 0x00, 0x00, 0x34, 0x00, 0x00, 0x00, 0x10, 0x00, 0x00, 0x00, 0x0a, 0x00, 0x00, 0x00
.byte 0x01, 0x00, 0x00, 0x00, 0x7e, 0x00, 0x00, 0x00
.long _sym_00b8fbdb
.byte 0x2a, 0x00, 0x00, 0x00, 0x41, 0x00, 0x00, 0x00, 0x34, 0x00, 0x00, 0x00, 0x0a, 0x00, 0x00, 0x00
.byte 0x01, 0x00, 0x00, 0x00, 0x7f, 0x00, 0x00, 0x00
.long _sym_00b8fbdb
.byte 0x60, 0x00, 0x00, 0x00, 0x41, 0x00, 0x00, 0x00, 0x10, 0x00, 0x00, 0x00, 0x0a, 0x00, 0x00, 0x00
.byte 0x01, 0x00, 0x00, 0x00, 0x80, 0x00, 0x00, 0x00
.long _sym_00b8fbdb
.byte 0x2a, 0x00, 0x00, 0x00, 0x4e, 0x00, 0x00, 0x00, 0x34, 0x00, 0x00, 0x00, 0x0a, 0x00, 0x00, 0x00
.byte 0x01, 0x00, 0x00, 0x00, 0x81, 0x00, 0x00, 0x00
.long _sym_00b8fbdb
.byte 0x60, 0x00, 0x00, 0x00, 0x4e, 0x00, 0x00, 0x00, 0x10, 0x00, 0x00, 0x00, 0x0a, 0x00, 0x00, 0x00
.byte 0x01, 0x00, 0x00, 0x00, 0x82, 0x00, 0x00, 0x00
.long _sym_00b8fbdb
.byte 0x2a, 0x00, 0x00, 0x00, 0x5b, 0x00, 0x00, 0x00, 0x34, 0x00, 0x00, 0x00, 0x0a, 0x00, 0x00, 0x00
.byte 0x01, 0x00, 0x00, 0x00, 0x83, 0x00, 0x00, 0x00
.long _sym_00b8fbdb
.byte 0x60, 0x00, 0x00, 0x00, 0x5b, 0x00, 0x00, 0x00, 0x10, 0x00, 0x00, 0x00, 0x0a, 0x00, 0x00, 0x00
.byte 0x01, 0x00, 0x00, 0x00, 0x84, 0x00, 0x00, 0x00
.long _sym_00b8fbdb
.byte 0x2a, 0x00, 0x00, 0x00, 0x68, 0x00, 0x00, 0x00, 0x34, 0x00, 0x00, 0x00, 0x0a, 0x00, 0x00, 0x00
.byte 0x01, 0x00, 0x00, 0x00, 0x85, 0x00, 0x00, 0x00
.long _sym_00b8fbdb
.byte 0x60, 0x00, 0x00, 0x00, 0x68, 0x00, 0x00, 0x00, 0x10, 0x00, 0x00, 0x00, 0x0a, 0x00, 0x00, 0x00
.byte 0x01, 0x00, 0x00, 0x00, 0x86, 0x00, 0x00, 0x00
.long _sym_00b8fbdb
.byte 0x2a, 0x00, 0x00, 0x00, 0x75, 0x00, 0x00, 0x00, 0x34, 0x00, 0x00, 0x00, 0x0a, 0x00, 0x00, 0x00
.byte 0x01, 0x00, 0x00, 0x00, 0x87, 0x00, 0x00, 0x00
.long _sym_00b8fbdb
.byte 0x60, 0x00, 0x00, 0x00, 0x75, 0x00, 0x00, 0x00, 0x10, 0x00, 0x00, 0x00, 0x0a, 0x00, 0x00, 0x00
.byte 0x01, 0x00, 0x00, 0x00, 0x88, 0x00, 0x00, 0x00
.long _sym_00b8fbdb
.byte 0x2a, 0x00, 0x00, 0x00, 0x82, 0x00, 0x00, 0x00, 0x34, 0x00, 0x00, 0x00, 0x0a, 0x00, 0x00, 0x00
.byte 0x01, 0x00, 0x00, 0x00, 0x89, 0x00, 0x00, 0x00
.long _sym_00b8fbdb
.byte 0x60, 0x00, 0x00, 0x00, 0x82, 0x00, 0x00, 0x00, 0x10, 0x00, 0x00, 0x00, 0x0a, 0x00, 0x00, 0x00
.byte 0x01, 0x00, 0x00, 0x00, 0x8a, 0x00, 0x00, 0x00
.long _sym_00b8fbdb
.byte 0x2a, 0x00, 0x00, 0x00, 0x8f, 0x00, 0x00, 0x00, 0x34, 0x00, 0x00, 0x00, 0x0a, 0x00, 0x00, 0x00
.byte 0x01, 0x00, 0x00, 0x00, 0x8b, 0x00, 0x00, 0x00
.long _sym_00b8fbdb
.byte 0x60, 0x00, 0x00, 0x00, 0x8f, 0x00, 0x00, 0x00, 0x10, 0x00, 0x00, 0x00, 0x0a, 0x00, 0x00, 0x00
.byte 0x01, 0x00, 0x00, 0x00, 0x8c, 0x00, 0x00, 0x00
.long _sym_00b8fbdb
.byte 0x2a, 0x00, 0x00, 0x00, 0x9c, 0x00, 0x00, 0x00, 0x34, 0x00, 0x00, 0x00, 0x0a, 0x00, 0x00, 0x00
.byte 0x01, 0x00, 0x00, 0x00, 0x8d, 0x00, 0x00, 0x00
.long _sym_00b8fbdb
.byte 0x60, 0x00, 0x00, 0x00, 0x9c, 0x00, 0x00, 0x00, 0x10, 0x00, 0x00, 0x00, 0x0a, 0x00, 0x00, 0x00
.byte 0x01, 0x00, 0x00, 0x00, 0x8e, 0x00, 0x00, 0x00
.long _sym_00b68008
.byte 0x08, 0x00, 0x00, 0x00, 0xa9, 0x00, 0x00, 0x00, 0x60, 0x00, 0x00, 0x00, 0x0a, 0x00, 0x00, 0x00
.byte 0x00, 0x00, 0x00, 0x00, 0x00, 0x00, 0x00, 0x00, 0x00, 0x00, 0x00, 0x00, 0x00, 0x00, 0x00, 0x00
.byte 0x00, 0x00, 0x00, 0x00, 0x00, 0x00, 0x00, 0x00, 0x00, 0x00, 0x00, 0x00, 0x00, 0x00, 0x00, 0x00
.globl _sym_00c5fec0
_sym_00c5fec0:
.byte 0x02, 0x00, 0x00, 0x00, 0x00, 0x00, 0x00, 0x00
.long _sym_00b67ec4
.byte 0x02, 0x00, 0x00, 0x00, 0x00, 0x00, 0x00, 0x00, 0x28, 0x00, 0x00, 0x00, 0x0a, 0x00, 0x00, 0x00
.byte 0x02, 0x00, 0x00, 0x00, 0x00, 0x00, 0x00, 0x00
.long _sym_00b68014
.byte 0x02, 0x00, 0x00, 0x00, 0x0d, 0x00, 0x00, 0x00, 0x28, 0x00, 0x00, 0x00, 0x0a, 0x00, 0x00, 0x00
.byte 0x01, 0x00, 0x00, 0x00, 0x8f, 0x00, 0x00, 0x00
.long _sym_00b8fbdb
.byte 0x36, 0x00, 0x00, 0x00, 0x00, 0x00, 0x00, 0x00, 0x34, 0x00, 0x00, 0x00, 0x0a, 0x00, 0x00, 0x00
.byte 0x01, 0x00, 0x00, 0x00, 0x90, 0x00, 0x00, 0x00
.long _sym_00b8fbdb
.byte 0x36, 0x00, 0x00, 0x00, 0x0d, 0x00, 0x00, 0x00, 0x34, 0x00, 0x00, 0x00, 0x0a, 0x00, 0x00, 0x00
.byte 0x01, 0x00, 0x00, 0x00, 0x91, 0x00, 0x00, 0x00
.long _sym_00b6801c
.byte 0x06, 0x00, 0x00, 0x00, 0x1a, 0x00, 0x00, 0x00, 0x60, 0x00, 0x00, 0x00, 0x0a, 0x00, 0x00, 0x00
.byte 0x00, 0x00, 0x00, 0x00, 0x00, 0x00, 0x00, 0x00, 0x00, 0x00, 0x00, 0x00, 0x00, 0x00, 0x00, 0x00
.byte 0x00, 0x00, 0x00, 0x00, 0x00, 0x00, 0x00, 0x00, 0x00, 0x00, 0x00, 0x00
.globl _sym_00c5ff68
_sym_00c5ff68:
.byte 0x02, 0x00, 0x00, 0x00, 0x00, 0x00, 0x00, 0x00
.long _sym_00b68024
.byte 0x02, 0x00, 0x00, 0x00, 0x00, 0x00, 0x00, 0x00, 0x28, 0x00, 0x00, 0x00, 0x0a, 0x00, 0x00, 0x00
.byte 0x02, 0x00, 0x00, 0x00, 0x00, 0x00, 0x00, 0x00
.long _sym_00b67ec4
.byte 0x02, 0x00, 0x00, 0x00, 0x0d, 0x00, 0x00, 0x00, 0x28, 0x00, 0x00, 0x00, 0x0a, 0x00, 0x00, 0x00
.byte 0x02, 0x00, 0x00, 0x00, 0x00, 0x00, 0x00, 0x00
.long _sym_00b67fe8
.byte 0x02, 0x00, 0x00, 0x00, 0x1a, 0x00, 0x00, 0x00, 0x28, 0x00, 0x00, 0x00, 0x0a, 0x00, 0x00, 0x00
.byte 0x02, 0x00, 0x00, 0x00, 0x00, 0x00, 0x00, 0x00
.long _sym_00b5c86c
.byte 0x02, 0x00, 0x00, 0x00, 0x34, 0x00, 0x00, 0x00, 0x28, 0x00, 0x00, 0x00, 0x0a, 0x00, 0x00, 0x00
.byte 0x02, 0x00, 0x00, 0x00, 0x00, 0x00, 0x00, 0x00
.long _sym_00b68028
.byte 0x02, 0x00, 0x00, 0x00, 0x41, 0x00, 0x00, 0x00, 0x28, 0x00, 0x00, 0x00, 0x0a, 0x00, 0x00, 0x00
.byte 0x02, 0x00, 0x00, 0x00, 0x00, 0x00, 0x00, 0x00
.long _sym_00b5c86c
.byte 0x02, 0x00, 0x00, 0x00, 0x4e, 0x00, 0x00, 0x00, 0x28, 0x00, 0x00, 0x00, 0x0a, 0x00, 0x00, 0x00
.byte 0x01, 0x00, 0x00, 0x00, 0x92, 0x00, 0x00, 0x00
.long _sym_00b8fbdb
.byte 0x36, 0x00, 0x00, 0x00, 0x00, 0x00, 0x00, 0x00, 0x34, 0x00, 0x00, 0x00, 0x0a, 0x00, 0x00, 0x00
.byte 0x01, 0x00, 0x00, 0x00, 0x93, 0x00, 0x00, 0x00
.long _sym_00b8fbdb
.byte 0x36, 0x00, 0x00, 0x00, 0x0d, 0x00, 0x00, 0x00, 0x34, 0x00, 0x00, 0x00, 0x0a, 0x00, 0x00, 0x00
.byte 0x01, 0x00, 0x00, 0x00, 0x94, 0x00, 0x00, 0x00
.long _sym_00b8fbdb
.byte 0x08, 0x00, 0x00, 0x00, 0x27, 0x00, 0x00, 0x00, 0x60, 0x00, 0x00, 0x00, 0x0a, 0x00, 0x00, 0x00
.byte 0x01, 0x00, 0x00, 0x00, 0x95, 0x00, 0x00, 0x00
.long _sym_00b8fbdb
.byte 0x36, 0x00, 0x00, 0x00, 0x34, 0x00, 0x00, 0x00, 0x34, 0x00, 0x00, 0x00, 0x0a, 0x00, 0x00, 0x00
.byte 0x01, 0x00, 0x00, 0x00, 0x96, 0x00, 0x00, 0x00
.long _sym_00b8fbdb
.byte 0x36, 0x00, 0x00, 0x00, 0x4e, 0x00, 0x00, 0x00, 0x34, 0x00, 0x00, 0x00, 0x0a, 0x00, 0x00, 0x00
.byte 0x01, 0x00, 0x00, 0x00, 0x97, 0x00, 0x00, 0x00
.long _sym_00b5ac04
.byte 0x08, 0x00, 0x00, 0x00, 0x68, 0x00, 0x00, 0x00, 0x60, 0x00, 0x00, 0x00, 0x0a, 0x00, 0x00, 0x00
.byte 0x01, 0x00, 0x00, 0x00, 0x98, 0x00, 0x00, 0x00
.long _sym_00b68030
.byte 0x08, 0x00, 0x00, 0x00, 0x75, 0x00, 0x00, 0x00, 0x60, 0x00, 0x00, 0x00, 0x0a, 0x00, 0x00, 0x00
.byte 0x00, 0x00, 0x00, 0x00, 0x00, 0x00, 0x00, 0x00, 0x00, 0x00, 0x00, 0x00, 0x00, 0x00, 0x00, 0x00
.byte 0x00, 0x00, 0x00, 0x00, 0x00, 0x00, 0x00, 0x00, 0x00, 0x00, 0x00, 0x00
.globl _sym_00c600f0
_sym_00c600f0:
.byte 0x02, 0x00, 0x00, 0x00, 0x00, 0x00, 0x00, 0x00
.long _sym_00b6803c
.byte 0x02, 0x00, 0x00, 0x00, 0x1a, 0x00, 0x00, 0x00, 0x28, 0x00, 0x00, 0x00, 0x0a, 0x00, 0x00, 0x00
.byte 0x01, 0x00, 0x00, 0x00, 0x99, 0x00, 0x00, 0x00
.long _sym_00b8fbdb
.byte 0x08, 0x00, 0x00, 0x00, 0x00, 0x00, 0x00, 0x00, 0x60, 0x00, 0x00, 0x00, 0x0a, 0x00, 0x00, 0x00
.byte 0x01, 0x00, 0x00, 0x00, 0x9a, 0x00, 0x00, 0x00
.long _sym_00b55210
.byte 0x08, 0x00, 0x00, 0x00, 0x0d, 0x00, 0x00, 0x00, 0x18, 0x00, 0x00, 0x00, 0x0a, 0x00, 0x00, 0x00
.byte 0x01, 0x00, 0x00, 0x00, 0x9b, 0x00, 0x00, 0x00
.long _sym_00b8f860
.byte 0x20, 0x00, 0x00, 0x00, 0x0d, 0x00, 0x00, 0x00, 0x18, 0x00, 0x00, 0x00, 0x0a, 0x00, 0x00, 0x00
.byte 0x01, 0x00, 0x00, 0x00, 0x9c, 0x00, 0x00, 0x00
.long _sym_00b40320
.byte 0x38, 0x00, 0x00, 0x00, 0x0d, 0x00, 0x00, 0x00, 0x18, 0x00, 0x00, 0x00, 0x0a, 0x00, 0x00, 0x00
.byte 0x01, 0x00, 0x00, 0x00, 0x9d, 0x00, 0x00, 0x00
.long _sym_00b48258
.byte 0x50, 0x00, 0x00, 0x00, 0x0d, 0x00, 0x00, 0x00, 0x18, 0x00, 0x00, 0x00, 0x0a, 0x00, 0x00, 0x00
.byte 0x01, 0x00, 0x00, 0x00, 0x9e, 0x00, 0x00, 0x00
.long _sym_00b8fbdb
.byte 0x36, 0x00, 0x00, 0x00, 0x1a, 0x00, 0x00, 0x00, 0x34, 0x00, 0x00, 0x00, 0x0a, 0x00, 0x00, 0x00
.byte 0x01, 0x00, 0x00, 0x00, 0x9f, 0x00, 0x00, 0x00
.long _sym_00b30a18
.byte 0x08, 0x00, 0x00, 0x00, 0x34, 0x00, 0x00, 0x00, 0x60, 0x00, 0x00, 0x00, 0x0a, 0x00, 0x00, 0x00
.byte 0x00, 0x00, 0x00, 0x00, 0x00, 0x00, 0x00, 0x00, 0x00, 0x00, 0x00, 0x00, 0x00, 0x00, 0x00, 0x00
.byte 0x00, 0x00, 0x00, 0x00, 0x00, 0x00, 0x00, 0x00, 0x00, 0x00, 0x00, 0x00, 0x00, 0x00, 0x00, 0x00
.globl _sym_00c601f0
_sym_00c601f0:
.byte 0x02, 0x00, 0x00, 0x00, 0x00, 0x00, 0x00, 0x00
.long _sym_00b68044
.byte 0x02, 0x00, 0x00, 0x00, 0x00, 0x00, 0x00, 0x00, 0x28, 0x00, 0x00, 0x00, 0x0a, 0x00, 0x00, 0x00
.byte 0x02, 0x00, 0x00, 0x00, 0x00, 0x00, 0x00, 0x00
.long _sym_00b6804c
.byte 0x02, 0x00, 0x00, 0x00, 0x0d, 0x00, 0x00, 0x00, 0x28, 0x00, 0x00, 0x00, 0x0a, 0x00, 0x00, 0x00
.byte 0x02, 0x00, 0x00, 0x00, 0x00, 0x00, 0x00, 0x00
.long _sym_00b67ec4
.byte 0x02, 0x00, 0x00, 0x00, 0x1a, 0x00, 0x00, 0x00, 0x28, 0x00, 0x00, 0x00, 0x0a, 0x00, 0x00, 0x00
.byte 0x02, 0x00, 0x00, 0x00, 0x00, 0x00, 0x00, 0x00
.long _sym_00b8f7f0
.byte 0x02, 0x00, 0x00, 0x00, 0x34, 0x00, 0x00, 0x00, 0x24, 0x00, 0x00, 0x00, 0x0a, 0x00, 0x00, 0x00
.byte 0x02, 0x00, 0x00, 0x00, 0x00, 0x00, 0x00, 0x00
.long _sym_00b8f7f4
.byte 0x02, 0x00, 0x00, 0x00, 0x41, 0x00, 0x00, 0x00, 0x24, 0x00, 0x00, 0x00, 0x0a, 0x00, 0x00, 0x00
.byte 0x02, 0x00, 0x00, 0x00, 0x00, 0x00, 0x00, 0x00
.long _sym_00b8f7f8
.byte 0x02, 0x00, 0x00, 0x00, 0x4e, 0x00, 0x00, 0x00, 0x24, 0x00, 0x00, 0x00, 0x0a, 0x00, 0x00, 0x00
.byte 0x02, 0x00, 0x00, 0x00, 0x00, 0x00, 0x00, 0x00
.long _sym_00b67ff0
.byte 0x02, 0x00, 0x00, 0x00, 0x5b, 0x00, 0x00, 0x00, 0x24, 0x00, 0x00, 0x00, 0x0a, 0x00, 0x00, 0x00
.byte 0x02, 0x00, 0x00, 0x00, 0x00, 0x00, 0x00, 0x00
.long _sym_00b67ff4
.byte 0x02, 0x00, 0x00, 0x00, 0x68, 0x00, 0x00, 0x00, 0x24, 0x00, 0x00, 0x00, 0x0a, 0x00, 0x00, 0x00
.byte 0x02, 0x00, 0x00, 0x00, 0x00, 0x00, 0x00, 0x00
.long _sym_00b67ff8
.byte 0x02, 0x00, 0x00, 0x00, 0x75, 0x00, 0x00, 0x00, 0x24, 0x00, 0x00, 0x00, 0x0a, 0x00, 0x00, 0x00
.byte 0x02, 0x00, 0x00, 0x00, 0x00, 0x00, 0x00, 0x00
.long _sym_00b67ffc
.byte 0x02, 0x00, 0x00, 0x00, 0x82, 0x00, 0x00, 0x00, 0x24, 0x00, 0x00, 0x00, 0x0a, 0x00, 0x00, 0x00
.byte 0x02, 0x00, 0x00, 0x00, 0x00, 0x00, 0x00, 0x00
.long _sym_00b68000
.byte 0x02, 0x00, 0x00, 0x00, 0x8f, 0x00, 0x00, 0x00, 0x24, 0x00, 0x00, 0x00, 0x0a, 0x00, 0x00, 0x00
.byte 0x02, 0x00, 0x00, 0x00, 0x00, 0x00, 0x00, 0x00
.long _sym_00b68004
.byte 0x02, 0x00, 0x00, 0x00, 0x9c, 0x00, 0x00, 0x00, 0x24, 0x00, 0x00, 0x00, 0x0a, 0x00, 0x00, 0x00
.byte 0x01, 0x00, 0x00, 0x00, 0xa0, 0x00, 0x00, 0x00
.long _sym_00b8fbdb
.byte 0x36, 0x00, 0x00, 0x00, 0x00, 0x00, 0x00, 0x00, 0x34, 0x00, 0x00, 0x00, 0x0a, 0x00, 0x00, 0x00
.byte 0x01, 0x00, 0x00, 0x00, 0xa1, 0x00, 0x00, 0x00
.long _sym_00b8fbdb
.byte 0x36, 0x00, 0x00, 0x00, 0x0d, 0x00, 0x00, 0x00, 0x34, 0x00, 0x00, 0x00, 0x0a, 0x00, 0x00, 0x00
.byte 0x01, 0x00, 0x00, 0x00, 0xa2, 0x00, 0x00, 0x00
.long _sym_00b8fbdb
.byte 0x36, 0x00, 0x00, 0x00, 0x1a, 0x00, 0x00, 0x00, 0x34, 0x00, 0x00, 0x00, 0x0a, 0x00, 0x00, 0x00
.byte 0x01, 0x00, 0x00, 0x00, 0xa3, 0x00, 0x00, 0x00
.long _sym_00b68050
.byte 0x08, 0x00, 0x00, 0x00, 0x27, 0x00, 0x00, 0x00, 0x60, 0x00, 0x00, 0x00, 0x0a, 0x00, 0x00, 0x00
.byte 0x01, 0x00, 0x00, 0x00, 0xa4, 0x00, 0x00, 0x00
.long _sym_00b8fbdb
.byte 0x2a, 0x00, 0x00, 0x00, 0x34, 0x00, 0x00, 0x00, 0x34, 0x00, 0x00, 0x00, 0x0a, 0x00, 0x00, 0x00
.byte 0x01, 0x00, 0x00, 0x00, 0xa5, 0x00, 0x00, 0x00
.long _sym_00b8fbdb
.byte 0x60, 0x00, 0x00, 0x00, 0x34, 0x00, 0x00, 0x00, 0x10, 0x00, 0x00, 0x00, 0x0a, 0x00, 0x00, 0x00
.byte 0x01, 0x00, 0x00, 0x00, 0xa6, 0x00, 0x00, 0x00
.long _sym_00b8fbdb
.byte 0x2a, 0x00, 0x00, 0x00, 0x41, 0x00, 0x00, 0x00, 0x34, 0x00, 0x00, 0x00, 0x0a, 0x00, 0x00, 0x00
.byte 0x01, 0x00, 0x00, 0x00, 0xa7, 0x00, 0x00, 0x00
.long _sym_00b8fbdb
.byte 0x60, 0x00, 0x00, 0x00, 0x41, 0x00, 0x00, 0x00, 0x10, 0x00, 0x00, 0x00, 0x0a, 0x00, 0x00, 0x00
.byte 0x01, 0x00, 0x00, 0x00, 0xa8, 0x00, 0x00, 0x00
.long _sym_00b8fbdb
.byte 0x2a, 0x00, 0x00, 0x00, 0x4e, 0x00, 0x00, 0x00, 0x34, 0x00, 0x00, 0x00, 0x0a, 0x00, 0x00, 0x00
.byte 0x01, 0x00, 0x00, 0x00, 0xa9, 0x00, 0x00, 0x00
.long _sym_00b8fbdb
.byte 0x60, 0x00, 0x00, 0x00, 0x4e, 0x00, 0x00, 0x00, 0x10, 0x00, 0x00, 0x00, 0x0a, 0x00, 0x00, 0x00
.byte 0x01, 0x00, 0x00, 0x00, 0xaa, 0x00, 0x00, 0x00
.long _sym_00b8fbdb
.byte 0x2a, 0x00, 0x00, 0x00, 0x5b, 0x00, 0x00, 0x00, 0x34, 0x00, 0x00, 0x00, 0x0a, 0x00, 0x00, 0x00
.byte 0x01, 0x00, 0x00, 0x00, 0xab, 0x00, 0x00, 0x00
.long _sym_00b8fbdb
.byte 0x60, 0x00, 0x00, 0x00, 0x5b, 0x00, 0x00, 0x00, 0x10, 0x00, 0x00, 0x00, 0x0a, 0x00, 0x00, 0x00
.byte 0x01, 0x00, 0x00, 0x00, 0xac, 0x00, 0x00, 0x00
.long _sym_00b8fbdb
.byte 0x2a, 0x00, 0x00, 0x00, 0x68, 0x00, 0x00, 0x00, 0x34, 0x00, 0x00, 0x00, 0x0a, 0x00, 0x00, 0x00
.byte 0x01, 0x00, 0x00, 0x00, 0xad, 0x00, 0x00, 0x00
.long _sym_00b8fbdb
.byte 0x60, 0x00, 0x00, 0x00, 0x68, 0x00, 0x00, 0x00, 0x10, 0x00, 0x00, 0x00, 0x0a, 0x00, 0x00, 0x00
.byte 0x01, 0x00, 0x00, 0x00, 0xae, 0x00, 0x00, 0x00
.long _sym_00b8fbdb
.byte 0x2a, 0x00, 0x00, 0x00, 0x75, 0x00, 0x00, 0x00, 0x34, 0x00, 0x00, 0x00, 0x0a, 0x00, 0x00, 0x00
.byte 0x01, 0x00, 0x00, 0x00, 0xaf, 0x00, 0x00, 0x00
.long _sym_00b8fbdb
.byte 0x60, 0x00, 0x00, 0x00, 0x75, 0x00, 0x00, 0x00, 0x10, 0x00, 0x00, 0x00, 0x0a, 0x00, 0x00, 0x00
.byte 0x01, 0x00, 0x00, 0x00, 0xb0, 0x00, 0x00, 0x00
.long _sym_00b8fbdb
.byte 0x2a, 0x00, 0x00, 0x00, 0x82, 0x00, 0x00, 0x00, 0x34, 0x00, 0x00, 0x00, 0x0a, 0x00, 0x00, 0x00
.byte 0x01, 0x00, 0x00, 0x00, 0xb1, 0x00, 0x00, 0x00
.long _sym_00b8fbdb
.byte 0x60, 0x00, 0x00, 0x00, 0x82, 0x00, 0x00, 0x00, 0x10, 0x00, 0x00, 0x00, 0x0a, 0x00, 0x00, 0x00
.byte 0x01, 0x00, 0x00, 0x00, 0xb2, 0x00, 0x00, 0x00
.long _sym_00b8fbdb
.byte 0x2a, 0x00, 0x00, 0x00, 0x8f, 0x00, 0x00, 0x00, 0x34, 0x00, 0x00, 0x00, 0x0a, 0x00, 0x00, 0x00
.byte 0x01, 0x00, 0x00, 0x00, 0xb3, 0x00, 0x00, 0x00
.long _sym_00b8fbdb
.byte 0x60, 0x00, 0x00, 0x00, 0x8f, 0x00, 0x00, 0x00, 0x10, 0x00, 0x00, 0x00, 0x0a, 0x00, 0x00, 0x00
.byte 0x01, 0x00, 0x00, 0x00, 0xb4, 0x00, 0x00, 0x00
.long _sym_00b8fbdb
.byte 0x2a, 0x00, 0x00, 0x00, 0x9c, 0x00, 0x00, 0x00, 0x34, 0x00, 0x00, 0x00, 0x0a, 0x00, 0x00, 0x00
.byte 0x01, 0x00, 0x00, 0x00, 0xb5, 0x00, 0x00, 0x00
.long _sym_00b8fbdb
.byte 0x60, 0x00, 0x00, 0x00, 0x9c, 0x00, 0x00, 0x00, 0x10, 0x00, 0x00, 0x00, 0x0a, 0x00, 0x00, 0x00
.byte 0x01, 0x00, 0x00, 0x00, 0xb6, 0x00, 0x00, 0x00
.long _sym_00b68008
.byte 0x08, 0x00, 0x00, 0x00, 0xa9, 0x00, 0x00, 0x00, 0x60, 0x00, 0x00, 0x00, 0x0a, 0x00, 0x00, 0x00
.byte 0x00, 0x00, 0x00, 0x00, 0x00, 0x00, 0x00, 0x00, 0x00, 0x00, 0x00, 0x00, 0x00, 0x00, 0x00, 0x00
.byte 0x00, 0x00, 0x00, 0x00, 0x00, 0x00, 0x00, 0x00, 0x00, 0x00, 0x00, 0x00
.globl _sym_00c605e0
_sym_00c605e0:
.byte 0x01, 0x00, 0x00, 0x00, 0xb7, 0x00, 0x00, 0x00
.long _sym_00b8fbdb
.byte 0x36, 0x00, 0x00, 0x00, 0x00, 0x00, 0x00, 0x00, 0x34, 0x00, 0x00, 0x00, 0x0a, 0x00, 0x00, 0x00
.byte 0x00, 0x00, 0x00, 0x00, 0x00, 0x00, 0x00, 0x00, 0x00, 0x00, 0x00, 0x00, 0x00, 0x00, 0x00, 0x00
.byte 0x00, 0x00, 0x00, 0x00, 0x00, 0x00, 0x00, 0x00, 0x00, 0x00, 0x00, 0x00
.globl _sym_00c60618
_sym_00c60618:
.byte 0x02, 0x00, 0x00, 0x00, 0x00, 0x00, 0x00, 0x00
.long _sym_00b68058
.byte 0x02, 0x00, 0x00, 0x00, 0x00, 0x00, 0x00, 0x00, 0x28, 0x00, 0x00, 0x00, 0x0a, 0x00, 0x00, 0x00
.byte 0x02, 0x00, 0x00, 0x00, 0x00, 0x00, 0x00, 0x00
.long _sym_00b6805c
.byte 0x02, 0x00, 0x00, 0x00, 0x1a, 0x00, 0x00, 0x00, 0x28, 0x00, 0x00, 0x00, 0x0a, 0x00, 0x00, 0x00
.byte 0x02, 0x00, 0x00, 0x00, 0x00, 0x00, 0x00, 0x00
.long _sym_00b68060
.byte 0x02, 0x00, 0x00, 0x00, 0x27, 0x00, 0x00, 0x00, 0x28, 0x00, 0x00, 0x00, 0x0a, 0x00, 0x00, 0x00
.byte 0x02, 0x00, 0x00, 0x00, 0x00, 0x00, 0x00, 0x00
.long _sym_00b68064
.byte 0x02, 0x00, 0x00, 0x00, 0x34, 0x00, 0x00, 0x00, 0x28, 0x00, 0x00, 0x00, 0x0a, 0x00, 0x00, 0x00
.byte 0x02, 0x00, 0x00, 0x00, 0x00, 0x00, 0x00, 0x00
.long _sym_00b68068
.byte 0x02, 0x00, 0x00, 0x00, 0x41, 0x00, 0x00, 0x00, 0x28, 0x00, 0x00, 0x00, 0x0a, 0x00, 0x00, 0x00
.byte 0x02, 0x00, 0x00, 0x00, 0x00, 0x00, 0x00, 0x00
.long _sym_00b6806c
.byte 0x02, 0x00, 0x00, 0x00, 0x4e, 0x00, 0x00, 0x00, 0x28, 0x00, 0x00, 0x00, 0x0a, 0x00, 0x00, 0x00
.byte 0x02, 0x00, 0x00, 0x00, 0x00, 0x00, 0x00, 0x00
.long _sym_00b8f7ec
.byte 0x02, 0x00, 0x00, 0x00, 0x68, 0x00, 0x00, 0x00, 0x28, 0x00, 0x00, 0x00, 0x0a, 0x00, 0x00, 0x00
.byte 0x02, 0x00, 0x00, 0x00, 0x00, 0x00, 0x00, 0x00
.long _sym_00b8f7b0
.byte 0x02, 0x00, 0x00, 0x00, 0x75, 0x00, 0x00, 0x00, 0x28, 0x00, 0x00, 0x00, 0x0a, 0x00, 0x00, 0x00
.byte 0x02, 0x00, 0x00, 0x00, 0x00, 0x00, 0x00, 0x00
.long _sym_00b68070
.byte 0x02, 0x00, 0x00, 0x00, 0x82, 0x00, 0x00, 0x00, 0x28, 0x00, 0x00, 0x00, 0x0a, 0x00, 0x00, 0x00
.byte 0x01, 0x00, 0x00, 0x00, 0xb8, 0x00, 0x00, 0x00
.long _sym_00b8fbdb
.byte 0x36, 0x00, 0x00, 0x00, 0x0d, 0x00, 0x00, 0x00, 0x0d, 0x00, 0x00, 0x00, 0x0a, 0x00, 0x00, 0x00
.byte 0x01, 0x00, 0x00, 0x00, 0xb9, 0x00, 0x00, 0x00
.long _sym_00b8fbdb
.byte 0x43, 0x00, 0x00, 0x00, 0x0d, 0x00, 0x00, 0x00, 0x0d, 0x00, 0x00, 0x00, 0x0a, 0x00, 0x00, 0x00
.byte 0x01, 0x00, 0x00, 0x00, 0xba, 0x00, 0x00, 0x00
.long _sym_00b8fbdb
.byte 0x50, 0x00, 0x00, 0x00, 0x0d, 0x00, 0x00, 0x00, 0x0d, 0x00, 0x00, 0x00, 0x0a, 0x00, 0x00, 0x00
.byte 0x01, 0x00, 0x00, 0x00, 0xbb, 0x00, 0x00, 0x00
.long _sym_00b8fbdb
.byte 0x5d, 0x00, 0x00, 0x00, 0x0d, 0x00, 0x00, 0x00, 0x0d, 0x00, 0x00, 0x00, 0x0a, 0x00, 0x00, 0x00
.byte 0x01, 0x00, 0x00, 0x00, 0xbc, 0x00, 0x00, 0x00
.long _sym_00b8fbdb
.byte 0x36, 0x00, 0x00, 0x00, 0x1a, 0x00, 0x00, 0x00, 0x34, 0x00, 0x00, 0x00, 0x0a, 0x00, 0x00, 0x00
.byte 0x01, 0x00, 0x00, 0x00, 0xbd, 0x00, 0x00, 0x00
.long _sym_00b8fbdb
.byte 0x36, 0x00, 0x00, 0x00, 0x27, 0x00, 0x00, 0x00, 0x34, 0x00, 0x00, 0x00, 0x0a, 0x00, 0x00, 0x00
.byte 0x01, 0x00, 0x00, 0x00, 0xbe, 0x00, 0x00, 0x00
.long _sym_00b8fbdb
.byte 0x36, 0x00, 0x00, 0x00, 0x34, 0x00, 0x00, 0x00, 0x34, 0x00, 0x00, 0x00, 0x0a, 0x00, 0x00, 0x00
.byte 0x01, 0x00, 0x00, 0x00, 0xbf, 0x00, 0x00, 0x00
.long _sym_00b8fbdb
.byte 0x36, 0x00, 0x00, 0x00, 0x41, 0x00, 0x00, 0x00, 0x34, 0x00, 0x00, 0x00, 0x0a, 0x00, 0x00, 0x00
.byte 0x01, 0x00, 0x00, 0x00, 0xc0, 0x00, 0x00, 0x00
.long _sym_00b8fbdb
.byte 0x36, 0x00, 0x00, 0x00, 0x5b, 0x00, 0x00, 0x00, 0x0d, 0x00, 0x00, 0x00, 0x0a, 0x00, 0x00, 0x00
.byte 0x01, 0x00, 0x00, 0x00, 0xc1, 0x00, 0x00, 0x00
.long _sym_00b8fbdb
.byte 0x43, 0x00, 0x00, 0x00, 0x5b, 0x00, 0x00, 0x00, 0x0d, 0x00, 0x00, 0x00, 0x0a, 0x00, 0x00, 0x00
.byte 0x01, 0x00, 0x00, 0x00, 0xc2, 0x00, 0x00, 0x00
.long _sym_00b8fbdb
.byte 0x50, 0x00, 0x00, 0x00, 0x5b, 0x00, 0x00, 0x00, 0x0d, 0x00, 0x00, 0x00, 0x0a, 0x00, 0x00, 0x00
.byte 0x01, 0x00, 0x00, 0x00, 0xc3, 0x00, 0x00, 0x00
.long _sym_00b8fbdb
.byte 0x5d, 0x00, 0x00, 0x00, 0x5b, 0x00, 0x00, 0x00, 0x0d, 0x00, 0x00, 0x00, 0x0a, 0x00, 0x00, 0x00
.byte 0x01, 0x00, 0x00, 0x00, 0xc4, 0x00, 0x00, 0x00
.long _sym_00b8fbdb
.byte 0x36, 0x00, 0x00, 0x00, 0x68, 0x00, 0x00, 0x00, 0x34, 0x00, 0x00, 0x00, 0x0a, 0x00, 0x00, 0x00
.byte 0x01, 0x00, 0x00, 0x00, 0xc5, 0x00, 0x00, 0x00
.long _sym_00b8fbdb
.byte 0x36, 0x00, 0x00, 0x00, 0x75, 0x00, 0x00, 0x00, 0x34, 0x00, 0x00, 0x00, 0x0a, 0x00, 0x00, 0x00
.byte 0x01, 0x00, 0x00, 0x00, 0xc6, 0x00, 0x00, 0x00
.long _sym_00b8fbdb
.byte 0x36, 0x00, 0x00, 0x00, 0x82, 0x00, 0x00, 0x00, 0x34, 0x00, 0x00, 0x00, 0x0a, 0x00, 0x00, 0x00
.byte 0x01, 0x00, 0x00, 0x00, 0xc7, 0x00, 0x00, 0x00
.long _sym_00b68074
.byte 0x08, 0x00, 0x00, 0x00, 0x8f, 0x00, 0x00, 0x00, 0x60, 0x00, 0x00, 0x00, 0x0a, 0x00, 0x00, 0x00
.byte 0x00, 0x00, 0x00, 0x00, 0x00, 0x00, 0x00, 0x00, 0x00, 0x00, 0x00, 0x00, 0x00, 0x00, 0x00, 0x00
.byte 0x00, 0x00, 0x00, 0x00, 0x00, 0x00, 0x00, 0x00, 0x00, 0x00, 0x00, 0x00
.globl _sym_00c608f0
_sym_00c608f0:
.byte 0x01, 0x00, 0x00, 0x00, 0xc8, 0x00, 0x00, 0x00
.long _sym_00b6807c
.byte 0x00, 0x00, 0x00, 0x00, 0x00, 0x00, 0x00, 0x00, 0x44, 0x00, 0x00, 0x00, 0x0c, 0x00, 0x00, 0x00
.byte 0x01, 0x00, 0x00, 0x00, 0xc9, 0x00, 0x00, 0x00
.long _sym_00b68014
.byte 0x00, 0x00, 0x00, 0x00, 0x0d, 0x00, 0x00, 0x00, 0x44, 0x00, 0x00, 0x00, 0x0c, 0x00, 0x00, 0x00
.byte 0x01, 0x00, 0x00, 0x00, 0xca, 0x00, 0x00, 0x00
.long _sym_00b8fbdb
.byte 0x00, 0x00, 0x00, 0x00, 0x1a, 0x00, 0x00, 0x00, 0x44, 0x00, 0x00, 0x00, 0x0c, 0x00, 0x00, 0x00
.byte 0x01, 0x00, 0x00, 0x00, 0xcb, 0x00, 0x00, 0x00
.long _sym_00b8fbdb
.byte 0x00, 0x00, 0x00, 0x00, 0x27, 0x00, 0x00, 0x00, 0x44, 0x00, 0x00, 0x00, 0x0c, 0x00, 0x00, 0x00
.byte 0x01, 0x00, 0x00, 0x00, 0xcc, 0x00, 0x00, 0x00
.long _sym_00b5b2d0
.byte 0x00, 0x00, 0x00, 0x00, 0x34, 0x00, 0x00, 0x00, 0x44, 0x00, 0x00, 0x00, 0x0c, 0x00, 0x00, 0x00
.byte 0x01, 0x00, 0x00, 0x00, 0xcd, 0x00, 0x00, 0x00
.long _sym_00b8fbdb
.byte 0x00, 0x00, 0x00, 0x00, 0x41, 0x00, 0x00, 0x00, 0x44, 0x00, 0x00, 0x00, 0x0c, 0x00, 0x00, 0x00
.byte 0x01, 0x00, 0x00, 0x00, 0xce, 0x00, 0x00, 0x00
.long _sym_00b68084
.byte 0x00, 0x00, 0x00, 0x00, 0x4e, 0x00, 0x00, 0x00, 0x44, 0x00, 0x00, 0x00, 0x0c, 0x00, 0x00, 0x00
.byte 0x01, 0x00, 0x00, 0x00, 0xcf, 0x00, 0x00, 0x00
.long _sym_00b6808c
.byte 0x00, 0x00, 0x00, 0x00, 0x5b, 0x00, 0x00, 0x00, 0x44, 0x00, 0x00, 0x00, 0x0c, 0x00, 0x00, 0x00
.byte 0x01, 0x00, 0x00, 0x00, 0xd0, 0x00, 0x00, 0x00
.long _sym_00b68094
.byte 0x00, 0x00, 0x00, 0x00, 0x68, 0x00, 0x00, 0x00, 0x44, 0x00, 0x00, 0x00, 0x0c, 0x00, 0x00, 0x00
.byte 0x01, 0x00, 0x00, 0x00, 0xd1, 0x00, 0x00, 0x00
.long _sym_00b6809c
.byte 0x00, 0x00, 0x00, 0x00, 0x75, 0x00, 0x00, 0x00, 0x44, 0x00, 0x00, 0x00, 0x0c, 0x00, 0x00, 0x00
.byte 0x01, 0x00, 0x00, 0x00, 0xd2, 0x00, 0x00, 0x00
.long _sym_00b680a4
.byte 0x00, 0x00, 0x00, 0x00, 0x82, 0x00, 0x00, 0x00, 0x44, 0x00, 0x00, 0x00, 0x0c, 0x00, 0x00, 0x00
.byte 0x01, 0x00, 0x00, 0x00, 0xd3, 0x00, 0x00, 0x00
.long _sym_00b680ac
.byte 0x00, 0x00, 0x00, 0x00, 0x8f, 0x00, 0x00, 0x00, 0x44, 0x00, 0x00, 0x00, 0x0c, 0x00, 0x00, 0x00
.byte 0x01, 0x00, 0x00, 0x00, 0xd4, 0x00, 0x00, 0x00
.long _sym_00b680b4
.byte 0x00, 0x00, 0x00, 0x00, 0x9c, 0x00, 0x00, 0x00, 0x44, 0x00, 0x00, 0x00, 0x0c, 0x00, 0x00, 0x00
.byte 0x00, 0x00, 0x00, 0x00, 0x00, 0x00, 0x00, 0x00, 0x00, 0x00, 0x00, 0x00, 0x00, 0x00, 0x00, 0x00
.byte 0x00, 0x00, 0x00, 0x00, 0x00, 0x00, 0x00, 0x00, 0x00, 0x00, 0x00, 0x00
.globl _sym_00c60a78
_sym_00c60a78:
.byte 0x08, 0x00, 0x00, 0x00
.globl _sym_00c60a7c
_sym_00c60a7c:
.long _sym_00b680bc
.byte 0x10, 0x00, 0x00, 0x00
.long _sym_00b680c8
.byte 0x11, 0x00, 0x00, 0x00
.long _sym_00b680d0
.byte 0x12, 0x00, 0x00, 0x00
.long _sym_00b680d8
.byte 0x18, 0x00, 0x00, 0x00
.long _sym_00b680e0
.byte 0x19, 0x00, 0x00, 0x00
.long _sym_00b680ec
.byte 0x1a, 0x00, 0x00, 0x00
.long _sym_00b680f8
.byte 0x20, 0x00, 0x00, 0x00
.long _sym_00b68104
.byte 0x21, 0x00, 0x00, 0x00
.long _sym_00b68110
.byte 0x22, 0x00, 0x00, 0x00
.long _sym_00b6811c
.byte 0x23, 0x00, 0x00, 0x00
.long _sym_00b68128
.byte 0x24, 0x00, 0x00, 0x00
.long _sym_00b68134
.byte 0x28, 0x00, 0x00, 0x00
.long _sym_00b68140
.byte 0x29, 0x00, 0x00, 0x00
.long _sym_00b6814c
.byte 0x2a, 0x00, 0x00, 0x00
.long _sym_00b68158
.byte 0x30, 0x00, 0x00, 0x00
.long _sym_00b68164
.byte 0x31, 0x00, 0x00, 0x00
.long _sym_00b6816c
.byte 0x32, 0x00, 0x00, 0x00
.long _sym_00b68174
.byte 0x38, 0x00, 0x00, 0x00
.long _sym_00b6817c
.byte 0x39, 0x00, 0x00, 0x00
.long _sym_00b68184
.byte 0x40, 0x00, 0x00, 0x00
.long _sym_00b6818c
.byte 0x41, 0x00, 0x00, 0x00
.long _sym_00b68194
.byte 0x42, 0x00, 0x00, 0x00
.long _sym_00b6819c
.byte 0x43, 0x00, 0x00, 0x00
.long _sym_00b681a4
.byte 0x48, 0x00, 0x00, 0x00
.long _sym_00b681ac
.byte 0x49, 0x00, 0x00, 0x00
.long _sym_00b681b4
.byte 0x4a, 0x00, 0x00, 0x00
.long _sym_00b681bc
.byte 0x4b, 0x00, 0x00, 0x00
.long _sym_00b681c4
.byte 0x4c, 0x00, 0x00, 0x00
.long _sym_00b681cc
.byte 0x50, 0x00, 0x00, 0x00
.long _sym_00b681d4
.byte 0x51, 0x00, 0x00, 0x00
.long _sym_00b681dc
.byte 0x58, 0x00, 0x00, 0x00
.long _sym_00b681e4
.byte 0x59, 0x00, 0x00, 0x00
.long _sym_00b681f0
.byte 0x5a, 0x00, 0x00, 0x00
.long _sym_00b681fc
.byte 0x5b, 0x00, 0x00, 0x00
.long _sym_00b68208
.byte 0x5c, 0x00, 0x00, 0x00
.long _sym_00b68214
.byte 0x5d, 0x00, 0x00, 0x00
.long _sym_00b6821c
.byte 0x60, 0x00, 0x00, 0x00
.long _sym_00b68228
.byte 0x61, 0x00, 0x00, 0x00
.long _sym_00b68234
.byte 0x62, 0x00, 0x00, 0x00
.long _sym_00b68240
.byte 0x68, 0x00, 0x00, 0x00
.long _sym_00b6824c
.byte 0x69, 0x00, 0x00, 0x00
.long _sym_00b68258
.byte 0x6a, 0x00, 0x00, 0x00
.long _sym_00b68264
.byte 0x70, 0x00, 0x00, 0x00
.long _sym_00b68270
.byte 0x71, 0x00, 0x00, 0x00
.long _sym_00b6827c
.byte 0x72, 0x00, 0x00, 0x00
.long _sym_00b68288
.byte 0x78, 0x00, 0x00, 0x00
.long _sym_00b68294
.byte 0x79, 0x00, 0x00, 0x00
.long _sym_00b682a0
.byte 0x7a, 0x00, 0x00, 0x00
.long _sym_00b682ac
.byte 0x80, 0x00, 0x00, 0x00
.long _sym_00b682b8
.byte 0x81, 0x00, 0x00, 0x00
.long _sym_00b682c4
.byte 0x82, 0x00, 0x00, 0x00
.long _sym_00b682d0
.byte 0x88, 0x00, 0x00, 0x00
.long _sym_00b682dc
.byte 0x89, 0x00, 0x00, 0x00
.long _sym_00b682e4
.byte 0x8a, 0x00, 0x00, 0x00
.long _sym_00b682ec
.byte 0x8b, 0x00, 0x00, 0x00
.long _sym_00b682f8
.byte 0x90, 0x00, 0x00, 0x00
.long _sym_00b68304
.byte 0x91, 0x00, 0x00, 0x00
.long _sym_00b6830c
.byte 0x98, 0x00, 0x00, 0x00
.long _sym_00b68314
.byte 0xa0, 0x00, 0x00, 0x00
.long _sym_00b68318
.byte 0xa1, 0x00, 0x00, 0x00
.long _sym_00b68324
.byte 0xa2, 0x00, 0x00, 0x00
.long _sym_00b68330
.byte 0xa3, 0x00, 0x00, 0x00
.long _sym_00b6833c
.byte 0xa8, 0x00, 0x00, 0x00
.long _sym_00b68348
.byte 0xab, 0x00, 0x00, 0x00
.long _sym_00b68354
.byte 0xb0, 0x00, 0x00, 0x00
.long _sym_00b68360
.byte 0xb1, 0x00, 0x00, 0x00
.long _sym_00b68368
.byte 0xb2, 0x00, 0x00, 0x00
.long _sym_00b68370
.byte 0xb3, 0x00, 0x00, 0x00
.long _sym_00b68378
.byte 0xb4, 0x00, 0x00, 0x00
.long _sym_00b68380
.byte 0xb5, 0x00, 0x00, 0x00
.long _sym_00b68388
.byte 0xb6, 0x00, 0x00, 0x00
.long _sym_00b68390
.byte 0xb7, 0x00, 0x00, 0x00
.long _sym_00b68398
.byte 0xb8, 0x00, 0x00, 0x00
.long _sym_00b683a0
.byte 0xb9, 0x00, 0x00, 0x00
.long _sym_00b683a8
.byte 0xba, 0x00, 0x00, 0x00
.long _sym_00b683b0
.byte 0xbb, 0x00, 0x00, 0x00
.long _sym_00b683b8
.byte 0xbc, 0x00, 0x00, 0x00
.long _sym_00b683c0
.byte 0xbd, 0x00, 0x00, 0x00
.long _sym_00b683c8
.byte 0xbe, 0x00, 0x00, 0x00
.long _sym_00b683d0
.byte 0xbf, 0x00, 0x00, 0x00
.long _sym_00b683d8
.byte 0xc0, 0x00, 0x00, 0x00
.long _sym_00b683e0
.byte 0xc1, 0x00, 0x00, 0x00
.long _sym_00b683e8
.byte 0xc2, 0x00, 0x00, 0x00
.long _sym_00b683f0
.byte 0xc3, 0x00, 0x00, 0x00
.long _sym_00b683f8
.byte 0xc4, 0x00, 0x00, 0x00
.long _sym_00b68400
.byte 0xc5, 0x00, 0x00, 0x00
.long _sym_00b68408
.byte 0xc6, 0x00, 0x00, 0x00
.long _sym_00b68410
.byte 0xc7, 0x00, 0x00, 0x00
.long _sym_00b68418
.byte 0xc8, 0x00, 0x00, 0x00
.long _sym_00b68420
.byte 0xc9, 0x00, 0x00, 0x00
.long _sym_00b68428
.byte 0xca, 0x00, 0x00, 0x00
.long _sym_00b68430
.byte 0xcb, 0x00, 0x00, 0x00
.long _sym_00b68438
.byte 0xcc, 0x00, 0x00, 0x00
.long _sym_00b68440
.byte 0xcd, 0x00, 0x00, 0x00
.long _sym_00b68448
.byte 0xce, 0x00, 0x00, 0x00
.long _sym_00b68450
.byte 0xcf, 0x00, 0x00, 0x00
.long _sym_00b68458
.byte 0xd0, 0x00, 0x00, 0x00
.long _sym_00b68460
.byte 0xd1, 0x00, 0x00, 0x00
.long _sym_00b68468
.byte 0xd2, 0x00, 0x00, 0x00
.long _sym_00b68470
.byte 0xd3, 0x00, 0x00, 0x00
.long _sym_00b68478
.byte 0xd4, 0x00, 0x00, 0x00
.long _sym_00b68480
.byte 0xd5, 0x00, 0x00, 0x00
.long _sym_00b68488
.byte 0xd6, 0x00, 0x00, 0x00
.long _sym_00b68490
.byte 0xd7, 0x00, 0x00, 0x00
.long _sym_00b68498
.globl _sym_00c60dc0
_sym_00c60dc0:
.byte 0x08, 0x00, 0x00, 0x00
.globl _sym_00c60dc4
_sym_00c60dc4:
.byte 0x10, 0x00, 0x00, 0x00, 0x18, 0x00, 0x00, 0x00, 0x20, 0x00, 0x00, 0x00, 0x28, 0x00, 0x00, 0x00
.byte 0x30, 0x00, 0x00, 0x00, 0x38, 0x00, 0x00, 0x00, 0x40, 0x00, 0x00, 0x00, 0x42, 0x00, 0x00, 0x00
.byte 0x48, 0x00, 0x00, 0x00, 0x50, 0x00, 0x00, 0x00, 0x58, 0x00, 0x00, 0x00, 0x60, 0x00, 0x00, 0x00
.byte 0x68, 0x00, 0x00, 0x00, 0x70, 0x00, 0x00, 0x00, 0x78, 0x00, 0x00, 0x00, 0x80, 0x00, 0x00, 0x00
.byte 0x88, 0x00, 0x00, 0x00, 0x90, 0x00, 0x00, 0x00, 0x98, 0x00, 0x00, 0x00, 0xa0, 0x00, 0x00, 0x00
.byte 0xa8, 0x00, 0x00, 0x00, 0xb0, 0x00, 0x00, 0x00, 0xb8, 0x00, 0x00, 0x00, 0xc0, 0x00, 0x00, 0x00
.byte 0xc8, 0x00, 0x00, 0x00, 0xd0, 0x00, 0x00, 0x00, 0xff, 0x00, 0x00, 0x00
.globl _sym_00c60e30
_sym_00c60e30:
.long _sym_00b684a0
.long _sym_00b5add8
.globl _sym_00c60e38
_sym_00c60e38:
.long _sym_00b5d864
.long _sym_00b67e70
.byte 0x00, 0x00, 0x00, 0x00
.globl _sym_00c60e44
_sym_00c60e44:
.long _sym_00b68ba8
.long _sym_00b68bb0
.long _sym_00b68bb8
.long _sym_00b56448
.byte 0x00, 0x00, 0x00, 0x00
.globl _sym_00c60e58
_sym_00c60e58:
.long _sym_00b68bc0
.long _sym_00b8f7f0
.long _sym_00b8f7f4
.long _sym_00b8f7f8
.long _sym_00b68bc8
.long _sym_00b68bd0
.long _sym_00b67f18
.long _sym_00b67f00
.long _sym_00b68bd8
.long _sym_00b56448
.byte 0x00, 0x00, 0x00, 0x00
.globl _sym_00c60e84
_sym_00c60e84:
.long _sym_00b68bdc
.long _sym_00b67f20
.long _sym_00b56448
.byte 0x00, 0x00, 0x00, 0x00
.globl _sym_00c60e94
_sym_00c60e94:
.long _sym_00b67f34
.long _sym_00b23e48
.long _sym_00b56448
.byte 0x00, 0x00, 0x00, 0x00
.globl _sym_00c60ea4
_sym_00c60ea4:
.long _sym_00b3ece8
.long _sym_00b68be4
.byte 0x00, 0x00, 0x00, 0x00
.globl _sym_00c60eb0
_sym_00c60eb0:
.byte 0x01, 0x00, 0x00, 0x00, 0x07, 0x00, 0x00, 0x00
.long _sym_00b8f804
.byte 0x00, 0x00, 0x00, 0x00, 0x0d, 0x00, 0x00, 0x00, 0x1a, 0x00, 0x00, 0x00, 0x0a, 0x00, 0x00, 0x00
.byte 0x01, 0x00, 0x00, 0x00, 0x08, 0x00, 0x00, 0x00
.long _sym_00b7c980
.byte 0x1a, 0x00, 0x00, 0x00, 0x0d, 0x00, 0x00, 0x00, 0x1a, 0x00, 0x00, 0x00, 0x0a, 0x00, 0x00, 0x00
.byte 0x01, 0x00, 0x00, 0x00, 0x09, 0x00, 0x00, 0x00
.long _sym_00b8f808
.byte 0x34, 0x00, 0x00, 0x00, 0x0d, 0x00, 0x00, 0x00, 0x1a, 0x00, 0x00, 0x00, 0x0a, 0x00, 0x00, 0x00
.byte 0x01, 0x00, 0x00, 0x00, 0x04, 0x00, 0x00, 0x00
.long _sym_00b7c97c
.byte 0x00, 0x00, 0x00, 0x00, 0x1a, 0x00, 0x00, 0x00, 0x1a, 0x00, 0x00, 0x00, 0x0a, 0x00, 0x00, 0x00
.byte 0x01, 0x00, 0x00, 0x00, 0x05, 0x00, 0x00, 0x00
.long _sym_00b8f7fc
.byte 0x1a, 0x00, 0x00, 0x00, 0x1a, 0x00, 0x00, 0x00, 0x1a, 0x00, 0x00, 0x00, 0x0a, 0x00, 0x00, 0x00
.byte 0x01, 0x00, 0x00, 0x00, 0x06, 0x00, 0x00, 0x00
.long _sym_00b8f800
.byte 0x34, 0x00, 0x00, 0x00, 0x1a, 0x00, 0x00, 0x00, 0x1a, 0x00, 0x00, 0x00, 0x0a, 0x00, 0x00, 0x00
.byte 0x01, 0x00, 0x00, 0x00, 0x01, 0x00, 0x00, 0x00
.long _sym_00b7c974
.byte 0x00, 0x00, 0x00, 0x00, 0x27, 0x00, 0x00, 0x00, 0x1a, 0x00, 0x00, 0x00, 0x0a, 0x00, 0x00, 0x00
.byte 0x01, 0x00, 0x00, 0x00, 0x02, 0x00, 0x00, 0x00
.long _sym_00b7c978
.byte 0x1a, 0x00, 0x00, 0x00, 0x27, 0x00, 0x00, 0x00, 0x1a, 0x00, 0x00, 0x00, 0x0a, 0x00, 0x00, 0x00
.byte 0x01, 0x00, 0x00, 0x00, 0x03, 0x00, 0x00, 0x00
.long _sym_00b7c98c
.byte 0x34, 0x00, 0x00, 0x00, 0x27, 0x00, 0x00, 0x00, 0x1a, 0x00, 0x00, 0x00, 0x0a, 0x00, 0x00, 0x00
.byte 0x01, 0x00, 0x00, 0x00, 0x00, 0x00, 0x00, 0x00
.long _sym_00b7c988
.byte 0x00, 0x00, 0x00, 0x00, 0x34, 0x00, 0x00, 0x00, 0x1a, 0x00, 0x00, 0x00, 0x0a, 0x00, 0x00, 0x00
.byte 0x01, 0x00, 0x00, 0x00, 0x0a, 0x00, 0x00, 0x00
.long _sym_00b8f878
.byte 0x1a, 0x00, 0x00, 0x00, 0x34, 0x00, 0x00, 0x00, 0x1a, 0x00, 0x00, 0x00, 0x0a, 0x00, 0x00, 0x00
.byte 0x01, 0x00, 0x00, 0x00, 0x0b, 0x00, 0x00, 0x00
.long _sym_00b8f860
.byte 0x34, 0x00, 0x00, 0x00, 0x34, 0x00, 0x00, 0x00, 0x1a, 0x00, 0x00, 0x00, 0x0a, 0x00, 0x00, 0x00
.byte 0x01, 0x00, 0x00, 0x00, 0x0c, 0x00, 0x00, 0x00
.long _sym_00b8f794
.byte 0x50, 0x00, 0x00, 0x00, 0x0d, 0x00, 0x00, 0x00, 0x1a, 0x00, 0x00, 0x00, 0x0a, 0x00, 0x00, 0x00
.byte 0x01, 0x00, 0x00, 0x00, 0x0d, 0x00, 0x00, 0x00
.long _sym_00b68e38
.byte 0x50, 0x00, 0x00, 0x00, 0x1a, 0x00, 0x00, 0x00, 0x1a, 0x00, 0x00, 0x00, 0x0a, 0x00, 0x00, 0x00
.byte 0x01, 0x00, 0x00, 0x00, 0x0e, 0x00, 0x00, 0x00
.long _sym_00b51c04
.byte 0x50, 0x00, 0x00, 0x00, 0x27, 0x00, 0x00, 0x00, 0x3c, 0x00, 0x00, 0x00, 0x0a, 0x00, 0x00, 0x00
.byte 0x01, 0x00, 0x00, 0x00, 0x0f, 0x00, 0x00, 0x00
.long _sym_00b68e3c
.byte 0x50, 0x00, 0x00, 0x00, 0x34, 0x00, 0x00, 0x00, 0x3c, 0x00, 0x00, 0x00, 0x0a, 0x00, 0x00, 0x00
.byte 0x00, 0x00, 0x00, 0x00, 0x00, 0x00, 0x00, 0x00, 0x00, 0x00, 0x00, 0x00, 0x00, 0x00, 0x00, 0x00
.byte 0x00, 0x00, 0x00, 0x00, 0x00, 0x00, 0x00, 0x00, 0x00, 0x00, 0x00, 0x00, 0x00, 0x00, 0x00, 0x00
.globl _sym_00c61090
_sym_00c61090:
.byte 0x02, 0x00, 0x00, 0x00, 0x00, 0x00, 0x00, 0x00
.long _sym_00b385ec
.byte 0x02, 0x00, 0x00, 0x00, 0x00, 0x00, 0x00, 0x00, 0x50, 0x00, 0x00, 0x00, 0x0a, 0x00, 0x00, 0x00
.byte 0x01, 0x00, 0x00, 0x00, 0x01, 0x00, 0x00, 0x00
.long _sym_00b55210
.byte 0x02, 0x00, 0x00, 0x00, 0x0d, 0x00, 0x00, 0x00, 0x0d, 0x00, 0x00, 0x00, 0x0a, 0x00, 0x00, 0x00
.byte 0x01, 0x00, 0x00, 0x00, 0x03, 0x00, 0x00, 0x00
.long _sym_00b8f860
.byte 0x0f, 0x00, 0x00, 0x00, 0x0d, 0x00, 0x00, 0x00, 0x0d, 0x00, 0x00, 0x00, 0x0a, 0x00, 0x00, 0x00
.byte 0x01, 0x00, 0x00, 0x00, 0x02, 0x00, 0x00, 0x00
.long _sym_00b40320
.byte 0x4a, 0x00, 0x00, 0x00, 0x0d, 0x00, 0x00, 0x00, 0x0d, 0x00, 0x00, 0x00, 0x0a, 0x00, 0x00, 0x00
.byte 0x01, 0x00, 0x00, 0x00, 0x00, 0x00, 0x00, 0x00
.long _sym_00b48258
.byte 0x57, 0x00, 0x00, 0x00, 0x0d, 0x00, 0x00, 0x00, 0x0d, 0x00, 0x00, 0x00, 0x0a, 0x00, 0x00, 0x00
.byte 0x01, 0x00, 0x00, 0x00, 0x05, 0x00, 0x00, 0x00
.long _sym_00b55210
.byte 0x02, 0x00, 0x00, 0x00, 0x1a, 0x00, 0x00, 0x00, 0x0d, 0x00, 0x00, 0x00, 0x0a, 0x00, 0x00, 0x00
.byte 0x01, 0x00, 0x00, 0x00, 0x07, 0x00, 0x00, 0x00
.long _sym_00b8f860
.byte 0x0f, 0x00, 0x00, 0x00, 0x1a, 0x00, 0x00, 0x00, 0x0d, 0x00, 0x00, 0x00, 0x0a, 0x00, 0x00, 0x00
.byte 0x01, 0x00, 0x00, 0x00, 0x06, 0x00, 0x00, 0x00
.long _sym_00b40320
.byte 0x4a, 0x00, 0x00, 0x00, 0x1a, 0x00, 0x00, 0x00, 0x0d, 0x00, 0x00, 0x00, 0x0a, 0x00, 0x00, 0x00
.byte 0x01, 0x00, 0x00, 0x00, 0x04, 0x00, 0x00, 0x00
.long _sym_00b48258
.byte 0x57, 0x00, 0x00, 0x00, 0x1a, 0x00, 0x00, 0x00, 0x0d, 0x00, 0x00, 0x00, 0x0a, 0x00, 0x00, 0x00
.byte 0x01, 0x00, 0x00, 0x00, 0x0a, 0x00, 0x00, 0x00
.long _sym_00b51c04
.byte 0x02, 0x00, 0x00, 0x00, 0x4e, 0x00, 0x00, 0x00, 0x40, 0x00, 0x00, 0x00, 0x0a, 0x00, 0x00, 0x00
.byte 0x01, 0x00, 0x00, 0x00, 0x0b, 0x00, 0x00, 0x00
.long _sym_00b68e3c
.byte 0x02, 0x00, 0x00, 0x00, 0x5b, 0x00, 0x00, 0x00, 0x40, 0x00, 0x00, 0x00, 0x0a, 0x00, 0x00, 0x00
.byte 0x00, 0x00, 0x00, 0x00, 0x00, 0x00, 0x00, 0x00, 0x00, 0x00, 0x00, 0x00, 0x00, 0x00, 0x00, 0x00
.byte 0x00, 0x00, 0x00, 0x00, 0x00, 0x00, 0x00, 0x00, 0x00, 0x00, 0x00, 0x00
.globl _sym_00c611e0
_sym_00c611e0:
.byte 0x2f, 0x00, 0x00, 0x00, 0x00, 0x00, 0x00, 0x00
.globl _sym_00c611e8
_sym_00c611e8:
.byte 0x20, 0x20, 0x20, 0x20, 0x20, 0x20, 0x20, 0x20, 0x20, 0x20, 0x20, 0x20, 0x20, 0x20, 0x20, 0x20
.byte 0x20, 0x20, 0x20, 0x20, 0x20, 0x20, 0x20, 0x20, 0x20, 0x20, 0x20, 0x20, 0x20, 0x20, 0x20, 0x20
.byte 0x20, 0x20, 0x20, 0x20, 0x20, 0x20, 0x20, 0x20, 0x20, 0x20, 0x20, 0x20, 0x20, 0x20, 0x20, 0x20
.byte 0x20, 0x20, 0x20, 0x20, 0x20, 0x20, 0x20, 0x20, 0x20, 0x20, 0x20, 0x20, 0x20, 0x20, 0x20, 0x20
.byte 0x20, 0x20, 0x20, 0x20, 0x20, 0x20, 0x20, 0x20, 0x20, 0x20, 0x20, 0x20, 0x20, 0x00, 0x00, 0x00
.globl _sym_00c61238
_sym_00c61238:
.byte 0x2f, 0x66, 0x66, 0x78, 0x2f, 0x70, 0x72, 0x6f, 0x6a, 0x2f, 0x63, 0x61, 0x6d, 0x65, 0x72, 0x61
.byte 0x2f, 0x00, 0x00, 0x00
.globl _sym_00c6124c
_sym_00c6124c:
.byte 0x00, 0x00, 0x00, 0x00, 0x00, 0x00, 0xc0, 0x3f, 0x00, 0x00, 0x00, 0x3f, 0x00, 0x00, 0x00, 0x00
.globl _sym_00c6125c
_sym_00c6125c:
.byte 0x00, 0x00, 0xc0, 0x3f, 0x00, 0x00, 0x00, 0xbf, 0x00, 0x00, 0x00, 0x3f, 0x00, 0x00, 0x00, 0x00
.globl _sym_00c6126c
_sym_00c6126c:
.byte 0x00, 0x00, 0xc0, 0xbf, 0x00, 0x00, 0x00, 0xbf, 0x00, 0x00, 0x00, 0x3f, 0x00, 0x00, 0x00, 0x00
.globl _sym_00c6127c
_sym_00c6127c:
.byte 0x9a, 0x99, 0x99, 0x3e, 0x9a, 0x99, 0x99, 0x3e, 0xcd, 0xcc, 0x4c, 0x3f, 0x00, 0x00, 0x00, 0x00
.globl _sym_00c6128c
_sym_00c6128c:
.byte 0xcd, 0xcc, 0x4c, 0x3f, 0x9a, 0x99, 0x99, 0x3e, 0x9a, 0x99, 0x99, 0x3e, 0x00, 0x00, 0x00, 0x00
.globl _sym_00c6129c
_sym_00c6129c:
.byte 0x9a, 0x99, 0x99, 0x3e, 0xcd, 0xcc, 0x4c, 0x3f, 0x9a, 0x99, 0x99, 0x3e, 0x00, 0x00, 0x00, 0x00
.globl _sym_00c612ac
_sym_00c612ac:
.byte 0xcd, 0xcc, 0x4c, 0x3e, 0xcd, 0xcc, 0x4c, 0x3e, 0xcd, 0xcc, 0x4c, 0x3e, 0x00, 0x00, 0x00, 0x00
.globl _sym_00c612bc
_sym_00c612bc:
.byte 0x20, 0x00, 0x00, 0x00
.globl _sym_00c612c0
_sym_00c612c0:
.long _sym_00b8f798
.globl _sym_00c612c4
_sym_00c612c4:
.long _sym_00b8f79c
.long _sym_00b8f794
.long _sym_00b8f7a0
.long _sym_00b8f7a4
.long _sym_00b8f7a8
.long _sym_00b8f7ac
.long _sym_00b8f7b0
.long _sym_00b8f7b4
.long _sym_00b8f7b8
.long _sym_00b8f7bc
.long _sym_00b8f7c0
.long _sym_00b8f7c4
.long _sym_00b8f7c8
.byte 0x0a, 0x00, 0x00, 0x00
.long _sym_00b8f7cc
.long _sym_00b8f7d0
.long _sym_00b8f7d4
.long _sym_00b8f7d8
.long _sym_00b8f7dc
.long _sym_00b8f7e0
.long _sym_00b8f7e4
.long _sym_00b8f7e8
.long _sym_00b8f7ec
.long _sym_00b8f7f0
.long _sym_00b8f7f4
.long _sym_00b8f7f8
.byte 0x0a, 0x00, 0x00, 0x00
.long _sym_00b7c988
.long _sym_00b7c974
.long _sym_00b7c978
.long _sym_00b7c98c
.long _sym_00b7c97c
.long _sym_00b8f7fc
.long _sym_00b8f800
.long _sym_00b8f804
.long _sym_00b7c980
.long _sym_00b8f808
.long _sym_00b20b38
.long _sym_00b55e64
.long _sym_00b8f878
.byte 0x0a, 0x00, 0x00, 0x00
.long _sym_00b68e38
.long _sym_00b68fa8
.long _sym_00b68fac
.long _sym_00b68fb0
.byte 0x00, 0x00, 0x00, 0x00
.globl _sym_00c6137c
_sym_00c6137c:
.byte 0x4e, 0x41, 0x4d, 0x45, 0x3a, 0x00, 0x00, 0x00
.globl _sym_00c61384
_sym_00c61384:
.byte 0x20, 0x20, 0x20, 0x20, 0x20, 0x20, 0x20, 0x20, 0x20, 0x20, 0x20, 0x20, 0x20, 0x20, 0x20, 0x20
.byte 0x20, 0x20, 0x20, 0x20, 0x20, 0x20, 0x20, 0x20, 0x20, 0x20, 0x20, 0x20, 0x20, 0x20, 0x20, 0x20
.byte 0x20, 0x20, 0x20, 0x20, 0x20, 0x20, 0x00, 0x00
.globl _sym_00c613ac
_sym_00c613ac:
.byte 0x01, 0x00, 0x00, 0x00
.globl _sym_00c613b0
_sym_00c613b0:
.long _sym_0193cd50
.byte 0x00, 0x00, 0x00, 0x00, 0x00, 0x00, 0x00, 0x00, 0x00, 0x00, 0x00, 0x00
.globl _sym_00c613c0
_sym_00c613c0:
.long _sym_00b69fe8
.byte 0x00, 0x00, 0x00, 0x00, 0x2e, 0x3f, 0x41, 0x56, 0x74, 0x79, 0x70, 0x65, 0x5f, 0x69, 0x6e, 0x66
.byte 0x6f, 0x40, 0x40, 0x00
.globl _sym_00c613d8
_sym_00c613d8:
.byte 0x4e, 0xe6, 0x40, 0xbb
.globl _sym_00c613dc
_sym_00c613dc:
.byte 0xb1, 0x19, 0xbf, 0x44
.globl _sym_00c613e0
_sym_00c613e0:
.byte 0x01, 0x00, 0x00, 0x00
.globl _sym_00c613e4
_sym_00c613e4:
.byte 0xfe, 0xff, 0xff, 0xff, 0xff, 0xff, 0xff, 0xff
.globl _sym_00c613ec
_sym_00c613ec:
.byte 0x01, 0x00, 0x00, 0x00
.globl _sym_00c613f0
_sym_00c613f0:
.long _sym_00b0e080
.globl _sym_00c613f4
_sym_00c613f4:
.byte 0x00, 0x00, 0x00, 0x00
.long _sym_00b6a018
.byte 0xff, 0x00, 0x00, 0x00
.globl _sym_00c61400
_sym_00c61400:
.long _sym_00b69fe8
.byte 0x00, 0x00, 0x00, 0x00, 0x2e, 0x3f, 0x41, 0x56, 0x50, 0x55, 0x74, 0x69, 0x6c, 0x69, 0x74, 0x79
.byte 0x44, 0x65, 0x76, 0x65, 0x6c, 0x6f, 0x70, 0x65, 0x72, 0x45, 0x78, 0x74, 0x65, 0x6e, 0x73, 0x69
.byte 0x6f, 0x6e, 0x73, 0x40, 0x50, 0x44, 0x65, 0x76, 0x65, 0x6c, 0x6f, 0x70, 0x65, 0x72, 0x45, 0x78
.byte 0x74, 0x65, 0x6e, 0x73, 0x69, 0x6f, 0x6e, 0x73, 0x40, 0x50, 0x68, 0x79, 0x72, 0x65, 0x40, 0x40
.byte 0x00, 0x00, 0x00, 0x00
.globl _sym_00c61448
_sym_00c61448:
.long _sym_00b6be94
.byte 0x00, 0x00, 0x00, 0x00, 0x03, 0xff, 0xff, 0x00, 0x00, 0x00, 0x00, 0x00
.long _sym_00b6bea4
.byte 0x04, 0x00, 0x00, 0x00, 0x03, 0xff, 0xff, 0x00, 0x00, 0x00, 0x00, 0x00
.long _sym_00b6beb4
.byte 0x08, 0x00, 0x00, 0x00, 0x03, 0xff, 0xff, 0x80, 0x00, 0x00, 0x00, 0x00, 0x00, 0x00, 0x00, 0x00
.byte 0x0c, 0x00, 0x00, 0x00, 0x0c, 0xff, 0xff, 0x00, 0x00, 0x00, 0x00, 0x00, 0x00, 0x00, 0x00, 0x00
.byte 0x0d, 0x00, 0x00, 0x00, 0x0c, 0xff, 0xff, 0x00, 0x00, 0x00, 0x00, 0x00, 0x00, 0x00, 0x00, 0x00
.byte 0x0e, 0x00, 0x00, 0x00, 0x0c, 0xff, 0xff, 0x80, 0x00, 0x00, 0x00, 0x00, 0x00, 0x00, 0x00, 0x00
.byte 0x0f, 0x00, 0x00, 0x00, 0x0c, 0xff, 0xff, 0x80, 0x00, 0x00, 0x00, 0x00, 0x00, 0x00, 0x00, 0x00
.byte 0x10, 0x00, 0x00, 0x00, 0x0c, 0xff, 0xff, 0x80, 0x00, 0x00, 0x00, 0x00, 0x00, 0x00, 0x00, 0x00
.byte 0x11, 0x00, 0x00, 0x00, 0x0c, 0xff, 0xff, 0x80, 0x00, 0x00, 0x00, 0x00, 0x00, 0x00, 0x00, 0x00
.byte 0x12, 0x00, 0x00, 0x00, 0x0c, 0xff, 0xff, 0x80, 0x00, 0x00, 0x00, 0x00, 0x00, 0x00, 0x00, 0x00
.byte 0x13, 0x00, 0x00, 0x00, 0x0c, 0xff, 0xff, 0x80, 0x00, 0x00, 0x00, 0x00
.globl _sym_00c614f8
_sym_00c614f8:
.long _sym_00b6bf14
.byte 0x00, 0x00, 0x00, 0x00, 0x0c, 0x00, 0x00, 0x80, 0x00, 0x00, 0x00, 0x00
.long _sym_00b6bf14
.byte 0x01, 0x00, 0x00, 0x00, 0x0c, 0x01, 0x00, 0x80, 0x00, 0x00, 0x00, 0x00
.long _sym_00b6bf14
.byte 0x02, 0x00, 0x00, 0x00, 0x0c, 0x02, 0x00, 0x80, 0x00, 0x00, 0x00, 0x00
.long _sym_00b6bf14
.byte 0x03, 0x00, 0x00, 0x00, 0x0c, 0x03, 0x00, 0x80, 0x00, 0x00, 0x00, 0x00
.long _sym_00b6bf14
.byte 0x04, 0x00, 0x00, 0x00, 0x0c, 0x04, 0x00, 0x80, 0x00, 0x00, 0x00, 0x00
.long _sym_00b6bf14
.byte 0x05, 0x00, 0x00, 0x00, 0x0c, 0x05, 0x00, 0x80, 0x00, 0x00, 0x00, 0x00
.long _sym_00b6bf14
.byte 0x06, 0x00, 0x00, 0x00, 0x0c, 0x06, 0x00, 0x80, 0x00, 0x00, 0x00, 0x00
.long _sym_00b6bf14
.byte 0x07, 0x00, 0x00, 0x00, 0x0c, 0x07, 0x00, 0x80, 0x00, 0x00, 0x00, 0x00
.long _sym_00b6bf14
.byte 0x08, 0x00, 0x00, 0x00, 0x0c, 0x08, 0x00, 0x80, 0x00, 0x00, 0x00, 0x00
.long _sym_00b6bf14
.byte 0x09, 0x00, 0x00, 0x00, 0x0c, 0x09, 0x00, 0x80, 0x00, 0x00, 0x00, 0x00
.long _sym_00b6bf14
.byte 0x0a, 0x00, 0x00, 0x00, 0x0c, 0x0a, 0x00, 0x80, 0x00, 0x00, 0x00, 0x00
.long _sym_00b6bf14
.byte 0x0b, 0x00, 0x00, 0x00, 0x0c, 0x0b, 0x00, 0x80, 0x00, 0x00, 0x00, 0x00
.long _sym_00b6bf14
.byte 0x0c, 0x00, 0x00, 0x00, 0x0c, 0x0c, 0x00, 0x80, 0x00, 0x00, 0x00, 0x00
.long _sym_00b6bf14
.byte 0x0d, 0x00, 0x00, 0x00, 0x0c, 0x0d, 0x00, 0x80, 0x00, 0x00, 0x00, 0x00
.long _sym_00b6bf14
.byte 0x0e, 0x00, 0x00, 0x00, 0x0c, 0x0e, 0x00, 0x80, 0x00, 0x00, 0x00, 0x00
.long _sym_00b6bf14
.byte 0x0f, 0x00, 0x00, 0x00, 0x0c, 0x0f, 0x00, 0x80, 0x00, 0x00, 0x00, 0x00
.long _sym_00b6bf14
.byte 0x10, 0x00, 0x00, 0x00, 0x0c, 0x10, 0x00, 0x80, 0x00, 0x00, 0x00, 0x00
.long _sym_00b6bf14
.byte 0x11, 0x00, 0x00, 0x00, 0x0c, 0x11, 0x00, 0x80, 0x00, 0x00, 0x00, 0x00
.long _sym_00b6bf14
.byte 0x12, 0x00, 0x00, 0x00, 0x0c, 0x12, 0x00, 0x80, 0x00, 0x00, 0x00, 0x00
.long _sym_00b6bf14
.byte 0x13, 0x00, 0x00, 0x00, 0x0c, 0x13, 0x00, 0x80, 0x00, 0x00, 0x00, 0x00
.long _sym_00b6bf14
.byte 0x14, 0x00, 0x00, 0x00, 0x0c, 0x14, 0x00, 0x80, 0x00, 0x00, 0x00, 0x00
.long _sym_00b6bf14
.byte 0x15, 0x00, 0x00, 0x00, 0x0c, 0x15, 0x00, 0x80, 0x00, 0x00, 0x00, 0x00
.long _sym_00b6bf14
.byte 0x16, 0x00, 0x00, 0x00, 0x0c, 0x16, 0x00, 0x80, 0x00, 0x00, 0x00, 0x00
.long _sym_00b6bf14
.byte 0x17, 0x00, 0x00, 0x00, 0x0c, 0x17, 0x00, 0x80, 0x00, 0x00, 0x00, 0x00
.long _sym_00b6bf14
.byte 0x18, 0x00, 0x00, 0x00, 0x0c, 0x18, 0x00, 0x80, 0x00, 0x00, 0x00, 0x00
.long _sym_00b6bf14
.byte 0x19, 0x00, 0x00, 0x00, 0x0c, 0x19, 0x00, 0x80, 0x00, 0x00, 0x00, 0x00
.long _sym_00b6bf14
.byte 0x1a, 0x00, 0x00, 0x00, 0x0c, 0x1a, 0x00, 0x80, 0x00, 0x00, 0x00, 0x00
.long _sym_00b6bf14
.byte 0x1b, 0x00, 0x00, 0x00, 0x0c, 0x1b, 0x00, 0x80, 0x00, 0x00, 0x00, 0x00
.long _sym_00b6bf14
.byte 0x1c, 0x00, 0x00, 0x00, 0x0c, 0x1c, 0x00, 0x80, 0x00, 0x00, 0x00, 0x00
.long _sym_00b6bf14
.byte 0x1d, 0x00, 0x00, 0x00, 0x0c, 0x1d, 0x00, 0x80, 0x00, 0x00, 0x00, 0x00
.long _sym_00b6bf14
.byte 0x1e, 0x00, 0x00, 0x00, 0x0c, 0x1e, 0x00, 0x80, 0x00, 0x00, 0x00, 0x00
.long _sym_00b6bf14
.byte 0x1f, 0x00, 0x00, 0x00, 0x0c, 0x1f, 0x00, 0x80, 0x00, 0x00, 0x00, 0x00
.long _sym_00b6bf14
.byte 0x20, 0x00, 0x00, 0x00, 0x0c, 0x20, 0x00, 0x80, 0x00, 0x00, 0x00, 0x00
.long _sym_00b6bf14
.byte 0x21, 0x00, 0x00, 0x00, 0x0c, 0x21, 0x00, 0x80, 0x00, 0x00, 0x00, 0x00
.long _sym_00b6bf14
.byte 0x22, 0x00, 0x00, 0x00, 0x0c, 0x22, 0x00, 0x80, 0x00, 0x00, 0x00, 0x00
.long _sym_00b6bf14
.byte 0x23, 0x00, 0x00, 0x00, 0x0c, 0x23, 0x00, 0x80, 0x00, 0x00, 0x00, 0x00
.long _sym_00b6bf14
.byte 0x24, 0x00, 0x00, 0x00, 0x0c, 0x24, 0x00, 0x80, 0x00, 0x00, 0x00, 0x00
.long _sym_00b6bf14
.byte 0x25, 0x00, 0x00, 0x00, 0x0c, 0x25, 0x00, 0x80, 0x00, 0x00, 0x00, 0x00
.long _sym_00b6bf14
.byte 0x26, 0x00, 0x00, 0x00, 0x0c, 0x26, 0x00, 0x80, 0x00, 0x00, 0x00, 0x00
.long _sym_00b6bf14
.byte 0x27, 0x00, 0x00, 0x00, 0x0c, 0x27, 0x00, 0x80, 0x00, 0x00, 0x00, 0x00
.long _sym_00b6bf14
.byte 0x28, 0x00, 0x00, 0x00, 0x0c, 0x28, 0x00, 0x80, 0x00, 0x00, 0x00, 0x00
.long _sym_00b6bf14
.byte 0x29, 0x00, 0x00, 0x00, 0x0c, 0x29, 0x00, 0x80, 0x00, 0x00, 0x00, 0x00
.long _sym_00b6bf14
.byte 0x2a, 0x00, 0x00, 0x00, 0x0c, 0x2a, 0x00, 0x80, 0x00, 0x00, 0x00, 0x00
.long _sym_00b6bf14
.byte 0x2b, 0x00, 0x00, 0x00, 0x0c, 0x2b, 0x00, 0x80, 0x00, 0x00, 0x00, 0x00
.long _sym_00b6bf14
.byte 0x2c, 0x00, 0x00, 0x00, 0x0c, 0x2c, 0x00, 0x80, 0x00, 0x00, 0x00, 0x00
.long _sym_00b6bf14
.byte 0x2d, 0x00, 0x00, 0x00, 0x0c, 0x2d, 0x00, 0x80, 0x00, 0x00, 0x00, 0x00
.long _sym_00b6bf14
.byte 0x2e, 0x00, 0x00, 0x00, 0x0c, 0x2e, 0x00, 0x80, 0x00, 0x00, 0x00, 0x00
.long _sym_00b6bf14
.byte 0x2f, 0x00, 0x00, 0x00, 0x0c, 0x2f, 0x00, 0x80, 0x00, 0x00, 0x00, 0x00
.long _sym_00b6bf14
.byte 0x30, 0x00, 0x00, 0x00, 0x0c, 0x30, 0x00, 0x80, 0x00, 0x00, 0x00, 0x00
.long _sym_00b6bf14
.byte 0x31, 0x00, 0x00, 0x00, 0x0c, 0x31, 0x00, 0x80, 0x00, 0x00, 0x00, 0x00
.long _sym_00b6bf14
.byte 0x32, 0x00, 0x00, 0x00, 0x0c, 0x32, 0x00, 0x80, 0x00, 0x00, 0x00, 0x00
.long _sym_00b6bf14
.byte 0x33, 0x00, 0x00, 0x00, 0x0c, 0x33, 0x00, 0x80, 0x00, 0x00, 0x00, 0x00
.long _sym_00b6bf14
.byte 0x34, 0x00, 0x00, 0x00, 0x0c, 0x34, 0x00, 0x80, 0x00, 0x00, 0x00, 0x00
.long _sym_00b6bf14
.byte 0x35, 0x00, 0x00, 0x00, 0x0c, 0x35, 0x00, 0x80, 0x00, 0x00, 0x00, 0x00
.long _sym_00b6bf14
.byte 0x36, 0x00, 0x00, 0x00, 0x0c, 0x36, 0x00, 0x80, 0x00, 0x00, 0x00, 0x00
.long _sym_00b6bf14
.byte 0x37, 0x00, 0x00, 0x00, 0x0c, 0x37, 0x00, 0x80, 0x00, 0x00, 0x00, 0x00
.long _sym_00b6bf14
.byte 0x38, 0x00, 0x00, 0x00, 0x0c, 0x38, 0x00, 0x80, 0x00, 0x00, 0x00, 0x00
.long _sym_00b6bf14
.byte 0x39, 0x00, 0x00, 0x00, 0x0c, 0x39, 0x00, 0x80, 0x00, 0x00, 0x00, 0x00
.long _sym_00b6bf14
.byte 0x3a, 0x00, 0x00, 0x00, 0x0c, 0x3a, 0x00, 0x80, 0x00, 0x00, 0x00, 0x00
.long _sym_00b6bf14
.byte 0x3b, 0x00, 0x00, 0x00, 0x0c, 0x3b, 0x00, 0x80, 0x00, 0x00, 0x00, 0x00
.long _sym_00b6bf14
.byte 0x3c, 0x00, 0x00, 0x00, 0x0c, 0x3c, 0x00, 0x80, 0x00, 0x00, 0x00, 0x00
.long _sym_00b6bf14
.byte 0x3d, 0x00, 0x00, 0x00, 0x0c, 0x3d, 0x00, 0x80, 0x00, 0x00, 0x00, 0x00
.long _sym_00b6bf14
.byte 0x3e, 0x00, 0x00, 0x00, 0x0c, 0x3e, 0x00, 0x80, 0x00, 0x00, 0x00, 0x00
.long _sym_00b6bf14
.byte 0x3f, 0x00, 0x00, 0x00, 0x0c, 0x3f, 0x00, 0x80, 0x00, 0x00, 0x00, 0x00
.long _sym_00b6bf14
.byte 0x40, 0x00, 0x00, 0x00, 0x0c, 0x40, 0x00, 0x80, 0x00, 0x00, 0x00, 0x00
.long _sym_00b6bf14
.byte 0x41, 0x00, 0x00, 0x00, 0x0c, 0x41, 0x00, 0x80, 0x00, 0x00, 0x00, 0x00
.long _sym_00b6bf14
.byte 0x42, 0x00, 0x00, 0x00, 0x0c, 0x42, 0x00, 0x80, 0x00, 0x00, 0x00, 0x00
.long _sym_00b6bf14
.byte 0x43, 0x00, 0x00, 0x00, 0x0c, 0x43, 0x00, 0x80, 0x00, 0x00, 0x00, 0x00
.long _sym_00b6bf14
.byte 0x44, 0x00, 0x00, 0x00, 0x0c, 0x44, 0x00, 0x80, 0x00, 0x00, 0x00, 0x00
.long _sym_00b6bf14
.byte 0x45, 0x00, 0x00, 0x00, 0x0c, 0x45, 0x00, 0x80, 0x00, 0x00, 0x00, 0x00
.long _sym_00b6bf14
.byte 0x46, 0x00, 0x00, 0x00, 0x0c, 0x46, 0x00, 0x80, 0x00, 0x00, 0x00, 0x00
.long _sym_00b6bf14
.byte 0x47, 0x00, 0x00, 0x00, 0x0c, 0x47, 0x00, 0x80, 0x00, 0x00, 0x00, 0x00
.long _sym_00b6bf14
.byte 0x48, 0x00, 0x00, 0x00, 0x0c, 0x48, 0x00, 0x80, 0x00, 0x00, 0x00, 0x00
.long _sym_00b6bf14
.byte 0x49, 0x00, 0x00, 0x00, 0x0c, 0x49, 0x00, 0x80, 0x00, 0x00, 0x00, 0x00
.long _sym_00b6bf14
.byte 0x4a, 0x00, 0x00, 0x00, 0x0c, 0x4a, 0x00, 0x80, 0x00, 0x00, 0x00, 0x00
.long _sym_00b6bf14
.byte 0x4b, 0x00, 0x00, 0x00, 0x0c, 0x4b, 0x00, 0x80, 0x00, 0x00, 0x00, 0x00
.long _sym_00b6bf14
.byte 0x4c, 0x00, 0x00, 0x00, 0x0c, 0x4c, 0x00, 0x80, 0x00, 0x00, 0x00, 0x00
.long _sym_00b6bf14
.byte 0x4d, 0x00, 0x00, 0x00, 0x0c, 0x4d, 0x00, 0x80, 0x00, 0x00, 0x00, 0x00
.long _sym_00b6bf14
.byte 0x4e, 0x00, 0x00, 0x00, 0x0c, 0x4e, 0x00, 0x80, 0x00, 0x00, 0x00, 0x00
.long _sym_00b6bf14
.byte 0x4f, 0x00, 0x00, 0x00, 0x0c, 0x4f, 0x00, 0x80, 0x00, 0x00, 0x00, 0x00
.long _sym_00b6bf14
.byte 0x50, 0x00, 0x00, 0x00, 0x0c, 0x50, 0x00, 0x80, 0x00, 0x00, 0x00, 0x00
.long _sym_00b6bf14
.byte 0x51, 0x00, 0x00, 0x00, 0x0c, 0x51, 0x00, 0x80, 0x00, 0x00, 0x00, 0x00
.long _sym_00b6bf14
.byte 0x52, 0x00, 0x00, 0x00, 0x0c, 0x52, 0x00, 0x80, 0x00, 0x00, 0x00, 0x00
.long _sym_00b6bf14
.byte 0x53, 0x00, 0x00, 0x00, 0x0c, 0x53, 0x00, 0x80, 0x00, 0x00, 0x00, 0x00
.long _sym_00b6bf14
.byte 0x54, 0x00, 0x00, 0x00, 0x0c, 0x54, 0x00, 0x80, 0x00, 0x00, 0x00, 0x00
.long _sym_00b6bf14
.byte 0x55, 0x00, 0x00, 0x00, 0x0c, 0x55, 0x00, 0x80, 0x00, 0x00, 0x00, 0x00
.long _sym_00b6bf14
.byte 0x56, 0x00, 0x00, 0x00, 0x0c, 0x56, 0x00, 0x80, 0x00, 0x00, 0x00, 0x00
.long _sym_00b6bf14
.byte 0x57, 0x00, 0x00, 0x00, 0x0c, 0x57, 0x00, 0x80, 0x00, 0x00, 0x00, 0x00
.long _sym_00b6bf14
.byte 0x58, 0x00, 0x00, 0x00, 0x0c, 0x58, 0x00, 0x80, 0x00, 0x00, 0x00, 0x00
.long _sym_00b6bf14
.byte 0x59, 0x00, 0x00, 0x00, 0x0c, 0x59, 0x00, 0x80, 0x00, 0x00, 0x00, 0x00
.long _sym_00b6bf14
.byte 0x5a, 0x00, 0x00, 0x00, 0x0c, 0x5a, 0x00, 0x80, 0x00, 0x00, 0x00, 0x00
.long _sym_00b6bf14
.byte 0x5b, 0x00, 0x00, 0x00, 0x0c, 0x5b, 0x00, 0x80, 0x00, 0x00, 0x00, 0x00
.long _sym_00b6bf14
.byte 0x5c, 0x00, 0x00, 0x00, 0x0c, 0x5c, 0x00, 0x80, 0x00, 0x00, 0x00, 0x00
.long _sym_00b6bf14
.byte 0x5d, 0x00, 0x00, 0x00, 0x0c, 0x5d, 0x00, 0x80, 0x00, 0x00, 0x00, 0x00
.long _sym_00b6bf14
.byte 0x5e, 0x00, 0x00, 0x00, 0x0c, 0x5e, 0x00, 0x80, 0x00, 0x00, 0x00, 0x00
.long _sym_00b6bf14
.byte 0x5f, 0x00, 0x00, 0x00, 0x0c, 0x5f, 0x00, 0x80, 0x00, 0x00, 0x00, 0x00
.long _sym_00b6bf14
.byte 0x60, 0x00, 0x00, 0x00, 0x0c, 0x60, 0x00, 0x80, 0x00, 0x00, 0x00, 0x00
.long _sym_00b6bf14
.byte 0x61, 0x00, 0x00, 0x00, 0x0c, 0x61, 0x00, 0x80, 0x00, 0x00, 0x00, 0x00
.long _sym_00b6bf14
.byte 0x62, 0x00, 0x00, 0x00, 0x0c, 0x62, 0x00, 0x80, 0x00, 0x00, 0x00, 0x00
.long _sym_00b6bf14
.byte 0x63, 0x00, 0x00, 0x00, 0x0c, 0x63, 0x00, 0x80, 0x00, 0x00, 0x00, 0x00
.long _sym_00b6bf14
.byte 0x64, 0x00, 0x00, 0x00, 0x0c, 0x64, 0x00, 0x80, 0x00, 0x00, 0x00, 0x00
.long _sym_00b6bf14
.byte 0x65, 0x00, 0x00, 0x00, 0x0c, 0x65, 0x00, 0x80, 0x00, 0x00, 0x00, 0x00
.long _sym_00b6bf14
.byte 0x66, 0x00, 0x00, 0x00, 0x0c, 0x66, 0x00, 0x80, 0x00, 0x00, 0x00, 0x00
.long _sym_00b6bf14
.byte 0x67, 0x00, 0x00, 0x00, 0x0c, 0x67, 0x00, 0x80, 0x00, 0x00, 0x00, 0x00
.long _sym_00b6bf14
.byte 0x68, 0x00, 0x00, 0x00, 0x0c, 0x68, 0x00, 0x80, 0x00, 0x00, 0x00, 0x00
.long _sym_00b6bf14
.byte 0x69, 0x00, 0x00, 0x00, 0x0c, 0x69, 0x00, 0x80, 0x00, 0x00, 0x00, 0x00
.long _sym_00b6bf14
.byte 0x6a, 0x00, 0x00, 0x00, 0x0c, 0x6a, 0x00, 0x80, 0x00, 0x00, 0x00, 0x00
.long _sym_00b6bf14
.byte 0x6b, 0x00, 0x00, 0x00, 0x0c, 0x6b, 0x00, 0x80, 0x00, 0x00, 0x00, 0x00
.long _sym_00b6bf14
.byte 0x6c, 0x00, 0x00, 0x00, 0x0c, 0x6c, 0x00, 0x80, 0x00, 0x00, 0x00, 0x00
.long _sym_00b6bf14
.byte 0x6d, 0x00, 0x00, 0x00, 0x0c, 0x6d, 0x00, 0x80, 0x00, 0x00, 0x00, 0x00
.long _sym_00b6bf14
.byte 0x6e, 0x00, 0x00, 0x00, 0x0c, 0x6e, 0x00, 0x80, 0x00, 0x00, 0x00, 0x00
.long _sym_00b6bf14
.byte 0x6f, 0x00, 0x00, 0x00, 0x0c, 0x6f, 0x00, 0x80, 0x00, 0x00, 0x00, 0x00
.long _sym_00b6bf14
.byte 0x70, 0x00, 0x00, 0x00, 0x0c, 0x70, 0x00, 0x80, 0x00, 0x00, 0x00, 0x00
.long _sym_00b6bf14
.byte 0x71, 0x00, 0x00, 0x00, 0x0c, 0x71, 0x00, 0x80, 0x00, 0x00, 0x00, 0x00
.long _sym_00b6bf14
.byte 0x72, 0x00, 0x00, 0x00, 0x0c, 0x72, 0x00, 0x80, 0x00, 0x00, 0x00, 0x00
.long _sym_00b6bf14
.byte 0x73, 0x00, 0x00, 0x00, 0x0c, 0x73, 0x00, 0x80, 0x00, 0x00, 0x00, 0x00
.long _sym_00b6bf14
.byte 0x74, 0x00, 0x00, 0x00, 0x0c, 0x74, 0x00, 0x80, 0x00, 0x00, 0x00, 0x00
.long _sym_00b6bf14
.byte 0x75, 0x00, 0x00, 0x00, 0x0c, 0x75, 0x00, 0x80, 0x00, 0x00, 0x00, 0x00
.long _sym_00b6bf14
.byte 0x76, 0x00, 0x00, 0x00, 0x0c, 0x76, 0x00, 0x80, 0x00, 0x00, 0x00, 0x00
.long _sym_00b6bf14
.byte 0x77, 0x00, 0x00, 0x00, 0x0c, 0x77, 0x00, 0x80, 0x00, 0x00, 0x00, 0x00
.long _sym_00b6bf14
.byte 0x78, 0x00, 0x00, 0x00, 0x0c, 0x78, 0x00, 0x80, 0x00, 0x00, 0x00, 0x00
.long _sym_00b6bf14
.byte 0x79, 0x00, 0x00, 0x00, 0x0c, 0x79, 0x00, 0x80, 0x00, 0x00, 0x00, 0x00
.long _sym_00b6bf14
.byte 0x7a, 0x00, 0x00, 0x00, 0x0c, 0x7a, 0x00, 0x80, 0x00, 0x00, 0x00, 0x00
.long _sym_00b6bf14
.byte 0x7b, 0x00, 0x00, 0x00, 0x0c, 0x7b, 0x00, 0x80, 0x00, 0x00, 0x00, 0x00
.long _sym_00b6bf14
.byte 0x7c, 0x00, 0x00, 0x00, 0x0c, 0x7c, 0x00, 0x80, 0x00, 0x00, 0x00, 0x00
.long _sym_00b6bf14
.byte 0x7d, 0x00, 0x00, 0x00, 0x0c, 0x7d, 0x00, 0x80, 0x00, 0x00, 0x00, 0x00
.long _sym_00b6bf14
.byte 0x7e, 0x00, 0x00, 0x00, 0x0c, 0x7e, 0x00, 0x80, 0x00, 0x00, 0x00, 0x00
.long _sym_00b6bf14
.byte 0x7f, 0x00, 0x00, 0x00, 0x0c, 0x7f, 0x00, 0x80, 0x00, 0x00, 0x00, 0x00
.long _sym_00b6bf14
.byte 0x80, 0x00, 0x00, 0x00, 0x0c, 0x80, 0x00, 0x80, 0x00, 0x00, 0x00, 0x00
.long _sym_00b6bf14
.byte 0x81, 0x00, 0x00, 0x00, 0x0c, 0x81, 0x00, 0x80, 0x00, 0x00, 0x00, 0x00
.long _sym_00b6bf14
.byte 0x82, 0x00, 0x00, 0x00, 0x0c, 0x82, 0x00, 0x80, 0x00, 0x00, 0x00, 0x00
.long _sym_00b6bf14
.byte 0x83, 0x00, 0x00, 0x00, 0x0c, 0x83, 0x00, 0x80, 0x00, 0x00, 0x00, 0x00
.long _sym_00b6bf14
.byte 0x84, 0x00, 0x00, 0x00, 0x0c, 0x84, 0x00, 0x80, 0x00, 0x00, 0x00, 0x00
.long _sym_00b6bf14
.byte 0x85, 0x00, 0x00, 0x00, 0x0c, 0x85, 0x00, 0x80, 0x00, 0x00, 0x00, 0x00
.long _sym_00b6bf14
.byte 0x86, 0x00, 0x00, 0x00, 0x0c, 0x86, 0x00, 0x80, 0x00, 0x00, 0x00, 0x00
.long _sym_00b6bf14
.byte 0x87, 0x00, 0x00, 0x00, 0x0c, 0x87, 0x00, 0x80, 0x00, 0x00, 0x00, 0x00
.long _sym_00b6bf14
.byte 0x88, 0x00, 0x00, 0x00, 0x0c, 0x88, 0x00, 0x80, 0x00, 0x00, 0x00, 0x00
.long _sym_00b6bf14
.byte 0x89, 0x00, 0x00, 0x00, 0x0c, 0x89, 0x00, 0x80, 0x00, 0x00, 0x00, 0x00
.long _sym_00b6bf14
.byte 0x8a, 0x00, 0x00, 0x00, 0x0c, 0x8a, 0x00, 0x80, 0x00, 0x00, 0x00, 0x00
.long _sym_00b6bf14
.byte 0x8b, 0x00, 0x00, 0x00, 0x0c, 0x8b, 0x00, 0x80, 0x00, 0x00, 0x00, 0x00
.long _sym_00b6bf14
.byte 0x8c, 0x00, 0x00, 0x00, 0x0c, 0x8c, 0x00, 0x80, 0x00, 0x00, 0x00, 0x00
.long _sym_00b6bf14
.byte 0x8d, 0x00, 0x00, 0x00, 0x0c, 0x8d, 0x00, 0x80, 0x00, 0x00, 0x00, 0x00
.long _sym_00b6bf14
.byte 0x8e, 0x00, 0x00, 0x00, 0x0c, 0x8e, 0x00, 0x80, 0x00, 0x00, 0x00, 0x00
.long _sym_00b6bf14
.byte 0x8f, 0x00, 0x00, 0x00, 0x0c, 0x8f, 0x00, 0x80, 0x00, 0x00, 0x00, 0x00
.long _sym_00b6bf14
.byte 0x90, 0x00, 0x00, 0x00, 0x0c, 0x90, 0x00, 0x80, 0x00, 0x00, 0x00, 0x00
.long _sym_00b6bf14
.byte 0x91, 0x00, 0x00, 0x00, 0x0c, 0x91, 0x00, 0x80, 0x00, 0x00, 0x00, 0x00
.long _sym_00b6bf14
.byte 0x92, 0x00, 0x00, 0x00, 0x0c, 0x92, 0x00, 0x80, 0x00, 0x00, 0x00, 0x00
.long _sym_00b6bf14
.byte 0x93, 0x00, 0x00, 0x00, 0x0c, 0x93, 0x00, 0x80, 0x00, 0x00, 0x00, 0x00
.long _sym_00b6bf14
.byte 0x94, 0x00, 0x00, 0x00, 0x0c, 0x94, 0x00, 0x80, 0x00, 0x00, 0x00, 0x00
.long _sym_00b6bf14
.byte 0x95, 0x00, 0x00, 0x00, 0x0c, 0x95, 0x00, 0x80, 0x00, 0x00, 0x00, 0x00
.long _sym_00b6bf14
.byte 0x96, 0x00, 0x00, 0x00, 0x0c, 0x96, 0x00, 0x80, 0x00, 0x00, 0x00, 0x00
.long _sym_00b6bf14
.byte 0x97, 0x00, 0x00, 0x00, 0x0c, 0x97, 0x00, 0x80, 0x00, 0x00, 0x00, 0x00
.long _sym_00b6bf14
.byte 0x98, 0x00, 0x00, 0x00, 0x0c, 0x98, 0x00, 0x80, 0x00, 0x00, 0x00, 0x00
.long _sym_00b6bf14
.byte 0x99, 0x00, 0x00, 0x00, 0x0c, 0x99, 0x00, 0x80, 0x00, 0x00, 0x00, 0x00
.long _sym_00b6bf14
.byte 0x9a, 0x00, 0x00, 0x00, 0x0c, 0x9a, 0x00, 0x80, 0x00, 0x00, 0x00, 0x00
.long _sym_00b6bf14
.byte 0x9b, 0x00, 0x00, 0x00, 0x0c, 0x9b, 0x00, 0x80, 0x00, 0x00, 0x00, 0x00
.long _sym_00b6bf14
.byte 0x9c, 0x00, 0x00, 0x00, 0x0c, 0x9c, 0x00, 0x80, 0x00, 0x00, 0x00, 0x00
.long _sym_00b6bf14
.byte 0x9d, 0x00, 0x00, 0x00, 0x0c, 0x9d, 0x00, 0x80, 0x00, 0x00, 0x00, 0x00
.long _sym_00b6bf14
.byte 0x9e, 0x00, 0x00, 0x00, 0x0c, 0x9e, 0x00, 0x80, 0x00, 0x00, 0x00, 0x00
.long _sym_00b6bf14
.byte 0x9f, 0x00, 0x00, 0x00, 0x0c, 0x9f, 0x00, 0x80, 0x00, 0x00, 0x00, 0x00
.long _sym_00b6bf14
.byte 0xa0, 0x00, 0x00, 0x00, 0x0c, 0xa0, 0x00, 0x80, 0x00, 0x00, 0x00, 0x00
.long _sym_00b6bf14
.byte 0xa1, 0x00, 0x00, 0x00, 0x0c, 0xa1, 0x00, 0x80, 0x00, 0x00, 0x00, 0x00
.long _sym_00b6bf14
.byte 0xa2, 0x00, 0x00, 0x00, 0x0c, 0xa2, 0x00, 0x80, 0x00, 0x00, 0x00, 0x00
.long _sym_00b6bf14
.byte 0xa3, 0x00, 0x00, 0x00, 0x0c, 0xa3, 0x00, 0x80, 0x00, 0x00, 0x00, 0x00
.long _sym_00b6bf14
.byte 0xa4, 0x00, 0x00, 0x00, 0x0c, 0xa4, 0x00, 0x80, 0x00, 0x00, 0x00, 0x00
.long _sym_00b6bf14
.byte 0xa5, 0x00, 0x00, 0x00, 0x0c, 0xa5, 0x00, 0x80, 0x00, 0x00, 0x00, 0x00
.long _sym_00b6bf14
.byte 0xa6, 0x00, 0x00, 0x00, 0x0c, 0xa6, 0x00, 0x80, 0x00, 0x00, 0x00, 0x00
.long _sym_00b6bf14
.byte 0xa7, 0x00, 0x00, 0x00, 0x0c, 0xa7, 0x00, 0x80, 0x00, 0x00, 0x00, 0x00
.long _sym_00b6bf14
.byte 0xa8, 0x00, 0x00, 0x00, 0x0c, 0xa8, 0x00, 0x80, 0x00, 0x00, 0x00, 0x00
.long _sym_00b6bf14
.byte 0xa9, 0x00, 0x00, 0x00, 0x0c, 0xa9, 0x00, 0x80, 0x00, 0x00, 0x00, 0x00
.long _sym_00b6bf14
.byte 0xaa, 0x00, 0x00, 0x00, 0x0c, 0xaa, 0x00, 0x80, 0x00, 0x00, 0x00, 0x00
.long _sym_00b6bf14
.byte 0xab, 0x00, 0x00, 0x00, 0x0c, 0xab, 0x00, 0x80, 0x00, 0x00, 0x00, 0x00
.long _sym_00b6bf14
.byte 0xac, 0x00, 0x00, 0x00, 0x0c, 0xac, 0x00, 0x80, 0x00, 0x00, 0x00, 0x00
.long _sym_00b6bf14
.byte 0xad, 0x00, 0x00, 0x00, 0x0c, 0xad, 0x00, 0x80, 0x00, 0x00, 0x00, 0x00
.long _sym_00b6bf14
.byte 0xae, 0x00, 0x00, 0x00, 0x0c, 0xae, 0x00, 0x80, 0x00, 0x00, 0x00, 0x00
.long _sym_00b6bf14
.byte 0xaf, 0x00, 0x00, 0x00, 0x0c, 0xaf, 0x00, 0x80, 0x00, 0x00, 0x00, 0x00
.long _sym_00b6bf14
.byte 0xb0, 0x00, 0x00, 0x00, 0x0c, 0xb0, 0x00, 0x80, 0x00, 0x00, 0x00, 0x00
.long _sym_00b6bf14
.byte 0xb1, 0x00, 0x00, 0x00, 0x0c, 0xb1, 0x00, 0x80, 0x00, 0x00, 0x00, 0x00
.long _sym_00b6bf14
.byte 0xb2, 0x00, 0x00, 0x00, 0x0c, 0xb2, 0x00, 0x80, 0x00, 0x00, 0x00, 0x00
.long _sym_00b6bf14
.byte 0xb3, 0x00, 0x00, 0x00, 0x0c, 0xb3, 0x00, 0x80, 0x00, 0x00, 0x00, 0x00
.long _sym_00b6bf14
.byte 0xb4, 0x00, 0x00, 0x00, 0x0c, 0xb4, 0x00, 0x80, 0x00, 0x00, 0x00, 0x00
.long _sym_00b6bf14
.byte 0xb5, 0x00, 0x00, 0x00, 0x0c, 0xb5, 0x00, 0x80, 0x00, 0x00, 0x00, 0x00
.long _sym_00b6bf14
.byte 0xb6, 0x00, 0x00, 0x00, 0x0c, 0xb6, 0x00, 0x80, 0x00, 0x00, 0x00, 0x00
.long _sym_00b6bf14
.byte 0xb7, 0x00, 0x00, 0x00, 0x0c, 0xb7, 0x00, 0x80, 0x00, 0x00, 0x00, 0x00
.long _sym_00b6bf14
.byte 0xb8, 0x00, 0x00, 0x00, 0x0c, 0xb8, 0x00, 0x80, 0x00, 0x00, 0x00, 0x00
.long _sym_00b6bf14
.byte 0xb9, 0x00, 0x00, 0x00, 0x0c, 0xb9, 0x00, 0x80, 0x00, 0x00, 0x00, 0x00
.long _sym_00b6bf14
.byte 0xba, 0x00, 0x00, 0x00, 0x0c, 0xba, 0x00, 0x80, 0x00, 0x00, 0x00, 0x00
.long _sym_00b6bf14
.byte 0xbb, 0x00, 0x00, 0x00, 0x0c, 0xbb, 0x00, 0x80, 0x00, 0x00, 0x00, 0x00
.long _sym_00b6bf14
.byte 0xbc, 0x00, 0x00, 0x00, 0x0c, 0xbc, 0x00, 0x80, 0x00, 0x00, 0x00, 0x00
.long _sym_00b6bf14
.byte 0xbd, 0x00, 0x00, 0x00, 0x0c, 0xbd, 0x00, 0x80, 0x00, 0x00, 0x00, 0x00
.long _sym_00b6bf14
.byte 0xbe, 0x00, 0x00, 0x00, 0x0c, 0xbe, 0x00, 0x80, 0x00, 0x00, 0x00, 0x00
.long _sym_00b6bf14
.byte 0xbf, 0x00, 0x00, 0x00, 0x0c, 0xbf, 0x00, 0x80, 0x00, 0x00, 0x00, 0x00
.long _sym_00b6bf14
.byte 0xc0, 0x00, 0x00, 0x00, 0x0c, 0xc0, 0x00, 0x80, 0x00, 0x00, 0x00, 0x00
.long _sym_00b6bf14
.byte 0xc1, 0x00, 0x00, 0x00, 0x0c, 0xc1, 0x00, 0x80, 0x00, 0x00, 0x00, 0x00
.long _sym_00b6bf14
.byte 0xc2, 0x00, 0x00, 0x00, 0x0c, 0xc2, 0x00, 0x80, 0x00, 0x00, 0x00, 0x00
.long _sym_00b6bf14
.byte 0xc3, 0x00, 0x00, 0x00, 0x0c, 0xc3, 0x00, 0x80, 0x00, 0x00, 0x00, 0x00
.long _sym_00b6bf14
.byte 0xc4, 0x00, 0x00, 0x00, 0x0c, 0xc4, 0x00, 0x80, 0x00, 0x00, 0x00, 0x00
.long _sym_00b6bf14
.byte 0xc5, 0x00, 0x00, 0x00, 0x0c, 0xc5, 0x00, 0x80, 0x00, 0x00, 0x00, 0x00
.long _sym_00b6bf14
.byte 0xc6, 0x00, 0x00, 0x00, 0x0c, 0xc6, 0x00, 0x80, 0x00, 0x00, 0x00, 0x00
.long _sym_00b6bf14
.byte 0xc7, 0x00, 0x00, 0x00, 0x0c, 0xc7, 0x00, 0x80, 0x00, 0x00, 0x00, 0x00
.long _sym_00b6bf14
.byte 0xc8, 0x00, 0x00, 0x00, 0x0c, 0xc8, 0x00, 0x80, 0x00, 0x00, 0x00, 0x00
.long _sym_00b6bf14
.byte 0xc9, 0x00, 0x00, 0x00, 0x0c, 0xc9, 0x00, 0x80, 0x00, 0x00, 0x00, 0x00
.long _sym_00b6bf14
.byte 0xca, 0x00, 0x00, 0x00, 0x0c, 0xca, 0x00, 0x80, 0x00, 0x00, 0x00, 0x00
.long _sym_00b6bf14
.byte 0xcb, 0x00, 0x00, 0x00, 0x0c, 0xcb, 0x00, 0x80, 0x00, 0x00, 0x00, 0x00
.long _sym_00b6bf14
.byte 0xcc, 0x00, 0x00, 0x00, 0x0c, 0xcc, 0x00, 0x80, 0x00, 0x00, 0x00, 0x00
.long _sym_00b6bf14
.byte 0xcd, 0x00, 0x00, 0x00, 0x0c, 0xcd, 0x00, 0x80, 0x00, 0x00, 0x00, 0x00
.long _sym_00b6bf14
.byte 0xce, 0x00, 0x00, 0x00, 0x0c, 0xce, 0x00, 0x80, 0x00, 0x00, 0x00, 0x00
.long _sym_00b6bf14
.byte 0xcf, 0x00, 0x00, 0x00, 0x0c, 0xcf, 0x00, 0x80, 0x00, 0x00, 0x00, 0x00
.long _sym_00b6bf14
.byte 0xd0, 0x00, 0x00, 0x00, 0x0c, 0xd0, 0x00, 0x80, 0x00, 0x00, 0x00, 0x00
.long _sym_00b6bf14
.byte 0xd1, 0x00, 0x00, 0x00, 0x0c, 0xd1, 0x00, 0x80, 0x00, 0x00, 0x00, 0x00
.long _sym_00b6bf14
.byte 0xd2, 0x00, 0x00, 0x00, 0x0c, 0xd2, 0x00, 0x80, 0x00, 0x00, 0x00, 0x00
.long _sym_00b6bf14
.byte 0xd3, 0x00, 0x00, 0x00, 0x0c, 0xd3, 0x00, 0x80, 0x00, 0x00, 0x00, 0x00
.long _sym_00b6bf14
.byte 0xd4, 0x00, 0x00, 0x00, 0x0c, 0xd4, 0x00, 0x80, 0x00, 0x00, 0x00, 0x00
.long _sym_00b6bf14
.byte 0xd5, 0x00, 0x00, 0x00, 0x0c, 0xd5, 0x00, 0x80, 0x00, 0x00, 0x00, 0x00
.long _sym_00b6bf14
.byte 0xd6, 0x00, 0x00, 0x00, 0x0c, 0xd6, 0x00, 0x80, 0x00, 0x00, 0x00, 0x00
.long _sym_00b6bf14
.byte 0xd7, 0x00, 0x00, 0x00, 0x0c, 0xd7, 0x00, 0x80, 0x00, 0x00, 0x00, 0x00
.long _sym_00b6bf14
.byte 0xd8, 0x00, 0x00, 0x00, 0x0c, 0xd8, 0x00, 0x80, 0x00, 0x00, 0x00, 0x00
.long _sym_00b6bf14
.byte 0xd9, 0x00, 0x00, 0x00, 0x0c, 0xd9, 0x00, 0x80, 0x00, 0x00, 0x00, 0x00
.long _sym_00b6bf14
.byte 0xda, 0x00, 0x00, 0x00, 0x0c, 0xda, 0x00, 0x80, 0x00, 0x00, 0x00, 0x00
.long _sym_00b6bf14
.byte 0xdb, 0x00, 0x00, 0x00, 0x0c, 0xdb, 0x00, 0x80, 0x00, 0x00, 0x00, 0x00
.long _sym_00b6bf14
.byte 0xdc, 0x00, 0x00, 0x00, 0x0c, 0xdc, 0x00, 0x80, 0x00, 0x00, 0x00, 0x00
.long _sym_00b6bf14
.byte 0xdd, 0x00, 0x00, 0x00, 0x0c, 0xdd, 0x00, 0x80, 0x00, 0x00, 0x00, 0x00
.long _sym_00b6bf14
.byte 0xde, 0x00, 0x00, 0x00, 0x0c, 0xde, 0x00, 0x80, 0x00, 0x00, 0x00, 0x00
.long _sym_00b6bf14
.byte 0xdf, 0x00, 0x00, 0x00, 0x0c, 0xdf, 0x00, 0x80, 0x00, 0x00, 0x00, 0x00
.long _sym_00b6bf14
.byte 0xe0, 0x00, 0x00, 0x00, 0x0c, 0xe0, 0x00, 0x80, 0x00, 0x00, 0x00, 0x00
.long _sym_00b6bf14
.byte 0xe1, 0x00, 0x00, 0x00, 0x0c, 0xe1, 0x00, 0x80, 0x00, 0x00, 0x00, 0x00
.long _sym_00b6bf14
.byte 0xe2, 0x00, 0x00, 0x00, 0x0c, 0xe2, 0x00, 0x80, 0x00, 0x00, 0x00, 0x00
.long _sym_00b6bf14
.byte 0xe3, 0x00, 0x00, 0x00, 0x0c, 0xe3, 0x00, 0x80, 0x00, 0x00, 0x00, 0x00
.long _sym_00b6bf14
.byte 0xe4, 0x00, 0x00, 0x00, 0x0c, 0xe4, 0x00, 0x80, 0x00, 0x00, 0x00, 0x00
.long _sym_00b6bf14
.byte 0xe5, 0x00, 0x00, 0x00, 0x0c, 0xe5, 0x00, 0x80, 0x00, 0x00, 0x00, 0x00
.long _sym_00b6bf14
.byte 0xe6, 0x00, 0x00, 0x00, 0x0c, 0xe6, 0x00, 0x80, 0x00, 0x00, 0x00, 0x00
.long _sym_00b6bf14
.byte 0xe7, 0x00, 0x00, 0x00, 0x0c, 0xe7, 0x00, 0x80, 0x00, 0x00, 0x00, 0x00
.long _sym_00b6bf14
.byte 0xe8, 0x00, 0x00, 0x00, 0x0c, 0xe8, 0x00, 0x80, 0x00, 0x00, 0x00, 0x00
.long _sym_00b6bf14
.byte 0xe9, 0x00, 0x00, 0x00, 0x0c, 0xe9, 0x00, 0x80, 0x00, 0x00, 0x00, 0x00
.long _sym_00b6bf14
.byte 0xea, 0x00, 0x00, 0x00, 0x0c, 0xea, 0x00, 0x80, 0x00, 0x00, 0x00, 0x00
.long _sym_00b6bf14
.byte 0xeb, 0x00, 0x00, 0x00, 0x0c, 0xeb, 0x00, 0x80, 0x00, 0x00, 0x00, 0x00
.long _sym_00b6bf14
.byte 0xec, 0x00, 0x00, 0x00, 0x0c, 0xec, 0x00, 0x80, 0x00, 0x00, 0x00, 0x00
.long _sym_00b6bf14
.byte 0xed, 0x00, 0x00, 0x00, 0x0c, 0xed, 0x00, 0x80, 0x00, 0x00, 0x00, 0x00
.long _sym_00b6bf14
.byte 0xee, 0x00, 0x00, 0x00, 0x0c, 0xee, 0x00, 0x80, 0x00, 0x00, 0x00, 0x00
.long _sym_00b6bf14
.byte 0xef, 0x00, 0x00, 0x00, 0x0c, 0xef, 0x00, 0x80, 0x00, 0x00, 0x00, 0x00
.long _sym_00b6bf14
.byte 0xf0, 0x00, 0x00, 0x00, 0x0c, 0xf0, 0x00, 0x80, 0x00, 0x00, 0x00, 0x00
.long _sym_00b6bf14
.byte 0xf1, 0x00, 0x00, 0x00, 0x0c, 0xf1, 0x00, 0x80, 0x00, 0x00, 0x00, 0x00
.long _sym_00b6bf14
.byte 0xf2, 0x00, 0x00, 0x00, 0x0c, 0xf2, 0x00, 0x80, 0x00, 0x00, 0x00, 0x00
.long _sym_00b6bf14
.byte 0xf3, 0x00, 0x00, 0x00, 0x0c, 0xf3, 0x00, 0x80, 0x00, 0x00, 0x00, 0x00
.long _sym_00b6bf14
.byte 0xf4, 0x00, 0x00, 0x00, 0x0c, 0xf4, 0x00, 0x80, 0x00, 0x00, 0x00, 0x00
.long _sym_00b6bf14
.byte 0xf5, 0x00, 0x00, 0x00, 0x0c, 0xf5, 0x00, 0x80, 0x00, 0x00, 0x00, 0x00
.long _sym_00b6bf14
.byte 0xf6, 0x00, 0x00, 0x00, 0x0c, 0xf6, 0x00, 0x80, 0x00, 0x00, 0x00, 0x00
.long _sym_00b6bf14
.byte 0xf7, 0x00, 0x00, 0x00, 0x0c, 0xf7, 0x00, 0x80, 0x00, 0x00, 0x00, 0x00
.long _sym_00b6bf14
.byte 0xf8, 0x00, 0x00, 0x00, 0x0c, 0xf8, 0x00, 0x80, 0x00, 0x00, 0x00, 0x00
.long _sym_00b6bf14
.byte 0xf9, 0x00, 0x00, 0x00, 0x0c, 0xf9, 0x00, 0x80, 0x00, 0x00, 0x00, 0x00
.long _sym_00b6bf14
.byte 0xfa, 0x00, 0x00, 0x00, 0x0c, 0xfa, 0x00, 0x80, 0x00, 0x00, 0x00, 0x00
.long _sym_00b6bf14
.byte 0xfb, 0x00, 0x00, 0x00, 0x0c, 0xfb, 0x00, 0x80, 0x00, 0x00, 0x00, 0x00
.long _sym_00b6bf14
.byte 0xfc, 0x00, 0x00, 0x00, 0x0c, 0xfc, 0x00, 0x80, 0x00, 0x00, 0x00, 0x00
.long _sym_00b6bf14
.byte 0xfd, 0x00, 0x00, 0x00, 0x0c, 0xfd, 0x00, 0x80, 0x00, 0x00, 0x00, 0x00
.long _sym_00b6bf14
.byte 0xfe, 0x00, 0x00, 0x00, 0x0c, 0xfe, 0x00, 0x80, 0x00, 0x00, 0x00, 0x00
.long _sym_00b6bf14
.byte 0xff, 0x00, 0x00, 0x00, 0x0c, 0xff, 0x00, 0x80, 0x00, 0x00, 0x00, 0x00
.globl _sym_00c624f8
_sym_00c624f8:
.long _sym_00b6be94
.byte 0x00, 0x00, 0x00, 0x00, 0x03, 0xff, 0xff, 0x80, 0x00, 0x01, 0x00, 0x00
.long _sym_00b6bea4
.byte 0x04, 0x00, 0x00, 0x00, 0x03, 0xff, 0xff, 0x80, 0x00, 0x01, 0x00, 0x00
.long _sym_00b6beb4
.byte 0x08, 0x00, 0x00, 0x00, 0x03, 0xff, 0xff, 0x80, 0x00, 0x01, 0x00, 0x00
.long _sym_00b6bec4
.byte 0x0c, 0x00, 0x00, 0x00, 0x03, 0xff, 0xff, 0x80, 0x00, 0x01, 0x00, 0x00
.long _sym_00b6bed4
.byte 0x10, 0x00, 0x00, 0x00, 0x03, 0xff, 0xff, 0x80, 0x00, 0x01, 0x00, 0x00
.long _sym_00b6bee4
.byte 0x14, 0x00, 0x00, 0x00, 0x03, 0xff, 0xff, 0x80, 0x00, 0x01, 0x00, 0x00
.long _sym_00b6bef4
.byte 0x18, 0x00, 0x00, 0x00, 0x03, 0xff, 0xff, 0x80, 0x00, 0x01, 0x00, 0x00
.long _sym_00b6bef4
.byte 0x1c, 0x00, 0x00, 0x00, 0x03, 0xff, 0xff, 0x80, 0x00, 0x01, 0x00, 0x00
.long _sym_00b6bf24
.byte 0x20, 0x00, 0x00, 0x00, 0x10, 0xff, 0xff, 0x80, 0x00, 0x00, 0x00, 0x00
.long _sym_00b6bf24
.byte 0x24, 0x00, 0x00, 0x00, 0x10, 0xff, 0xff, 0x80, 0x00, 0x00, 0x00, 0x00
.long _sym_00b6bf24
.byte 0x28, 0x00, 0x00, 0x00, 0x10, 0xff, 0xff, 0x80, 0x00, 0x00, 0x00, 0x00
.long _sym_00b6bf24
.byte 0x2c, 0x00, 0x00, 0x00, 0x10, 0xff, 0xff, 0x80, 0x00, 0x00, 0x00, 0x00, 0x00, 0x00, 0x00, 0x00
.byte 0x30, 0x00, 0x00, 0x00, 0x0c, 0xff, 0xff, 0x80, 0x00, 0x00, 0x00, 0x00, 0x00, 0x00, 0x00, 0x00
.byte 0x31, 0x00, 0x00, 0x00, 0x0c, 0xff, 0xff, 0x80, 0x00, 0x00, 0x00, 0x00, 0x00, 0x00, 0x00, 0x00
.byte 0x32, 0x00, 0x00, 0x00, 0x0c, 0xff, 0xff, 0x80, 0x00, 0x00, 0x00, 0x00, 0x00, 0x00, 0x00, 0x00
.byte 0x33, 0x00, 0x00, 0x00, 0x0c, 0xff, 0xff, 0x80, 0x00, 0x00, 0x00, 0x00, 0x00, 0x00, 0x00, 0x00
.byte 0x34, 0x00, 0x00, 0x00, 0x0c, 0xff, 0xff, 0x80, 0x00, 0x00, 0x00, 0x00, 0x00, 0x00, 0x00, 0x00
.byte 0x35, 0x00, 0x00, 0x00, 0x0c, 0xff, 0xff, 0x80, 0x00, 0x00, 0x00, 0x00, 0x00, 0x00, 0x00, 0x00
.byte 0x36, 0x00, 0x00, 0x00, 0x0c, 0xff, 0xff, 0x80, 0x00, 0x00, 0x00, 0x00, 0x00, 0x00, 0x00, 0x00
.byte 0x37, 0x00, 0x00, 0x00, 0x0c, 0xff, 0xff, 0x80, 0x00, 0x00, 0x00, 0x00, 0x00, 0x00, 0x00, 0x00
.byte 0x38, 0x00, 0x00, 0x00, 0x0c, 0xff, 0xff, 0x80, 0x00, 0x00, 0x00, 0x00, 0x00, 0x00, 0x00, 0x00
.byte 0x39, 0x00, 0x00, 0x00, 0x0c, 0xff, 0xff, 0x80, 0x00, 0x00, 0x00, 0x00, 0x00, 0x00, 0x00, 0x00
.byte 0x3a, 0x00, 0x00, 0x00, 0x0c, 0xff, 0xff, 0x80, 0x00, 0x00, 0x00, 0x00, 0x00, 0x00, 0x00, 0x00
.byte 0x3b, 0x00, 0x00, 0x00, 0x0c, 0xff, 0xff, 0x80, 0x00, 0x00, 0x00, 0x00, 0x00, 0x00, 0x00, 0x00
.byte 0x3c, 0x00, 0x00, 0x00, 0x0c, 0xff, 0xff, 0x80, 0x00, 0x00, 0x00, 0x00, 0x00, 0x00, 0x00, 0x00
.byte 0x3d, 0x00, 0x00, 0x00, 0x0c, 0xff, 0xff, 0x80, 0x00, 0x00, 0x00, 0x00, 0x00, 0x00, 0x00, 0x00
.byte 0x3e, 0x00, 0x00, 0x00, 0x0c, 0xff, 0xff, 0x80, 0x00, 0x00, 0x00, 0x00, 0x00, 0x00, 0x00, 0x00
.byte 0x3f, 0x00, 0x00, 0x00, 0x0c, 0xff, 0xff, 0x80, 0x00, 0x00, 0x00, 0x00, 0x00, 0x00, 0x00, 0x00
.byte 0x40, 0x00, 0x00, 0x00, 0x0c, 0xff, 0xff, 0x80, 0x00, 0x00, 0x00, 0x00, 0x00, 0x00, 0x00, 0x00
.byte 0x41, 0x00, 0x00, 0x00, 0x0c, 0xff, 0xff, 0x80, 0x00, 0x00, 0x00, 0x00, 0x00, 0x00, 0x00, 0x00
.byte 0x42, 0x00, 0x00, 0x00, 0x0c, 0xff, 0xff, 0x80, 0x00, 0x00, 0x00, 0x00, 0x00, 0x00, 0x00, 0x00
.byte 0x43, 0x00, 0x00, 0x00, 0x0c, 0xff, 0xff, 0x80, 0x00, 0x00, 0x00, 0x00, 0x00, 0x00, 0x00, 0x00
.byte 0x44, 0x00, 0x00, 0x00, 0x0c, 0xff, 0xff, 0x80, 0x00, 0x00, 0x00, 0x00, 0x00, 0x00, 0x00, 0x00
.byte 0x45, 0x00, 0x00, 0x00, 0x0c, 0xff, 0xff, 0x80, 0x00, 0x00, 0x00, 0x00, 0x00, 0x00, 0x00, 0x00
.byte 0x46, 0x00, 0x00, 0x00, 0x0c, 0xff, 0xff, 0x80, 0x00, 0x00, 0x00, 0x00, 0x00, 0x00, 0x00, 0x00
.byte 0x47, 0x00, 0x00, 0x00, 0x0c, 0xff, 0xff, 0x80, 0x00, 0x00, 0x00, 0x00, 0x00, 0x00, 0x00, 0x00
.byte 0x48, 0x00, 0x00, 0x00, 0x0c, 0xff, 0xff, 0x80, 0x00, 0x00, 0x00, 0x00, 0x00, 0x00, 0x00, 0x00
.byte 0x49, 0x00, 0x00, 0x00, 0x0c, 0xff, 0xff, 0x80, 0x00, 0x00, 0x00, 0x00, 0x00, 0x00, 0x00, 0x00
.byte 0x4a, 0x00, 0x00, 0x00, 0x0c, 0xff, 0xff, 0x80, 0x00, 0x00, 0x00, 0x00, 0x00, 0x00, 0x00, 0x00
.byte 0x4b, 0x00, 0x00, 0x00, 0x0c, 0xff, 0xff, 0x80, 0x00, 0x00, 0x00, 0x00, 0x00, 0x00, 0x00, 0x00
.byte 0x4c, 0x00, 0x00, 0x00, 0x0c, 0xff, 0xff, 0x80, 0x00, 0x00, 0x00, 0x00, 0x00, 0x00, 0x00, 0x00
.byte 0x4d, 0x00, 0x00, 0x00, 0x0c, 0xff, 0xff, 0x80, 0x00, 0x00, 0x00, 0x00, 0x00, 0x00, 0x00, 0x00
.byte 0x4e, 0x00, 0x00, 0x00, 0x0c, 0xff, 0xff, 0x80, 0x00, 0x00, 0x00, 0x00, 0x00, 0x00, 0x00, 0x00
.byte 0x4f, 0x00, 0x00, 0x00, 0x0c, 0xff, 0xff, 0x80, 0x00, 0x00, 0x00, 0x00, 0x00, 0x00, 0x00, 0x00
.byte 0x50, 0x00, 0x00, 0x00, 0x0c, 0xff, 0xff, 0x80, 0x00, 0x00, 0x00, 0x00, 0x00, 0x00, 0x00, 0x00
.byte 0x51, 0x00, 0x00, 0x00, 0x0c, 0xff, 0xff, 0x80, 0x00, 0x00, 0x00, 0x00, 0x00, 0x00, 0x00, 0x00
.byte 0x52, 0x00, 0x00, 0x00, 0x0c, 0xff, 0xff, 0x80, 0x00, 0x00, 0x00, 0x00, 0x00, 0x00, 0x00, 0x00
.byte 0x53, 0x00, 0x00, 0x00, 0x0c, 0xff, 0xff, 0x80, 0x00, 0x00, 0x00, 0x00, 0x00, 0x00, 0x00, 0x00
.byte 0x54, 0x00, 0x00, 0x00, 0x0c, 0xff, 0xff, 0x80, 0x00, 0x00, 0x00, 0x00, 0x00, 0x00, 0x00, 0x00
.byte 0x55, 0x00, 0x00, 0x00, 0x0c, 0xff, 0xff, 0x80, 0x00, 0x00, 0x00, 0x00, 0x00, 0x00, 0x00, 0x00
.byte 0x56, 0x00, 0x00, 0x00, 0x0c, 0xff, 0xff, 0x80, 0x00, 0x00, 0x00, 0x00, 0x00, 0x00, 0x00, 0x00
.byte 0x57, 0x00, 0x00, 0x00, 0x0c, 0xff, 0xff, 0x80, 0x00, 0x00, 0x00, 0x00, 0x00, 0x00, 0x00, 0x00
.byte 0x58, 0x00, 0x00, 0x00, 0x0c, 0xff, 0xff, 0x80, 0x00, 0x00, 0x00, 0x00, 0x00, 0x00, 0x00, 0x00
.byte 0x59, 0x00, 0x00, 0x00, 0x0c, 0xff, 0xff, 0x80, 0x00, 0x00, 0x00, 0x00, 0x00, 0x00, 0x00, 0x00
.byte 0x5a, 0x00, 0x00, 0x00, 0x0c, 0xff, 0xff, 0x80, 0x00, 0x00, 0x00, 0x00, 0x00, 0x00, 0x00, 0x00
.byte 0x5b, 0x00, 0x00, 0x00, 0x0c, 0xff, 0xff, 0x80, 0x00, 0x00, 0x00, 0x00, 0x00, 0x00, 0x00, 0x00
.byte 0x5c, 0x00, 0x00, 0x00, 0x0c, 0xff, 0xff, 0x80, 0x00, 0x00, 0x00, 0x00, 0x00, 0x00, 0x00, 0x00
.byte 0x5d, 0x00, 0x00, 0x00, 0x0c, 0xff, 0xff, 0x80, 0x00, 0x00, 0x00, 0x00, 0x00, 0x00, 0x00, 0x00
.byte 0x5e, 0x00, 0x00, 0x00, 0x0c, 0xff, 0xff, 0x80, 0x00, 0x00, 0x00, 0x00, 0x00, 0x00, 0x00, 0x00
.byte 0x5f, 0x00, 0x00, 0x00, 0x0c, 0xff, 0xff, 0x80, 0x00, 0x00, 0x00, 0x00, 0x00, 0x00, 0x00, 0x00
.byte 0x60, 0x00, 0x00, 0x00, 0x0c, 0xff, 0xff, 0x80, 0x00, 0x00, 0x00, 0x00, 0x00, 0x00, 0x00, 0x00
.byte 0x61, 0x00, 0x00, 0x00, 0x0c, 0xff, 0xff, 0x80, 0x00, 0x00, 0x00, 0x00, 0x00, 0x00, 0x00, 0x00
.byte 0x62, 0x00, 0x00, 0x00, 0x0c, 0xff, 0xff, 0x80, 0x00, 0x00, 0x00, 0x00, 0x00, 0x00, 0x00, 0x00
.byte 0x63, 0x00, 0x00, 0x00, 0x0c, 0xff, 0xff, 0x80, 0x00, 0x00, 0x00, 0x00, 0x00, 0x00, 0x00, 0x00
.byte 0x64, 0x00, 0x00, 0x00, 0x0c, 0xff, 0xff, 0x80, 0x00, 0x00, 0x00, 0x00, 0x00, 0x00, 0x00, 0x00
.byte 0x65, 0x00, 0x00, 0x00, 0x0c, 0xff, 0xff, 0x80, 0x00, 0x00, 0x00, 0x00, 0x00, 0x00, 0x00, 0x00
.byte 0x66, 0x00, 0x00, 0x00, 0x0c, 0xff, 0xff, 0x80, 0x00, 0x00, 0x00, 0x00, 0x00, 0x00, 0x00, 0x00
.byte 0x67, 0x00, 0x00, 0x00, 0x0c, 0xff, 0xff, 0x80, 0x00, 0x00, 0x00, 0x00, 0x00, 0x00, 0x00, 0x00
.byte 0x68, 0x00, 0x00, 0x00, 0x0c, 0xff, 0xff, 0x80, 0x00, 0x00, 0x00, 0x00, 0x00, 0x00, 0x00, 0x00
.byte 0x69, 0x00, 0x00, 0x00, 0x0c, 0xff, 0xff, 0x80, 0x00, 0x00, 0x00, 0x00, 0x00, 0x00, 0x00, 0x00
.byte 0x6a, 0x00, 0x00, 0x00, 0x0c, 0xff, 0xff, 0x80, 0x00, 0x00, 0x00, 0x00, 0x00, 0x00, 0x00, 0x00
.byte 0x6b, 0x00, 0x00, 0x00, 0x0c, 0xff, 0xff, 0x80, 0x00, 0x00, 0x00, 0x00, 0x00, 0x00, 0x00, 0x00
.byte 0x6c, 0x00, 0x00, 0x00, 0x0c, 0xff, 0xff, 0x80, 0x00, 0x00, 0x00, 0x00, 0x00, 0x00, 0x00, 0x00
.byte 0x6d, 0x00, 0x00, 0x00, 0x0c, 0xff, 0xff, 0x80, 0x00, 0x00, 0x00, 0x00, 0x00, 0x00, 0x00, 0x00
.byte 0x6e, 0x00, 0x00, 0x00, 0x0c, 0xff, 0xff, 0x80, 0x00, 0x00, 0x00, 0x00, 0x00, 0x00, 0x00, 0x00
.byte 0x6f, 0x00, 0x00, 0x00, 0x0c, 0xff, 0xff, 0x80, 0x00, 0x00, 0x00, 0x00, 0x00, 0x00, 0x00, 0x00
.byte 0x70, 0x00, 0x00, 0x00, 0x0c, 0xff, 0xff, 0x80, 0x00, 0x00, 0x00, 0x00, 0x00, 0x00, 0x00, 0x00
.byte 0x71, 0x00, 0x00, 0x00, 0x0c, 0xff, 0xff, 0x80, 0x00, 0x00, 0x00, 0x00, 0x00, 0x00, 0x00, 0x00
.byte 0x72, 0x00, 0x00, 0x00, 0x0c, 0xff, 0xff, 0x80, 0x00, 0x00, 0x00, 0x00, 0x00, 0x00, 0x00, 0x00
.byte 0x73, 0x00, 0x00, 0x00, 0x0c, 0xff, 0xff, 0x80, 0x00, 0x00, 0x00, 0x00, 0x00, 0x00, 0x00, 0x00
.byte 0x74, 0x00, 0x00, 0x00, 0x0c, 0xff, 0xff, 0x80, 0x00, 0x00, 0x00, 0x00, 0x00, 0x00, 0x00, 0x00
.byte 0x75, 0x00, 0x00, 0x00, 0x0c, 0xff, 0xff, 0x80, 0x00, 0x00, 0x00, 0x00, 0x00, 0x00, 0x00, 0x00
.byte 0x76, 0x00, 0x00, 0x00, 0x0c, 0xff, 0xff, 0x80, 0x00, 0x00, 0x00, 0x00, 0x00, 0x00, 0x00, 0x00
.byte 0x77, 0x00, 0x00, 0x00, 0x0c, 0xff, 0xff, 0x80, 0x00, 0x00, 0x00, 0x00, 0x00, 0x00, 0x00, 0x00
.byte 0x78, 0x00, 0x00, 0x00, 0x0c, 0xff, 0xff, 0x80, 0x00, 0x00, 0x00, 0x00, 0x00, 0x00, 0x00, 0x00
.byte 0x79, 0x00, 0x00, 0x00, 0x0c, 0xff, 0xff, 0x80, 0x00, 0x00, 0x00, 0x00, 0x00, 0x00, 0x00, 0x00
.byte 0x7a, 0x00, 0x00, 0x00, 0x0c, 0xff, 0xff, 0x80, 0x00, 0x00, 0x00, 0x00, 0x00, 0x00, 0x00, 0x00
.byte 0x7b, 0x00, 0x00, 0x00, 0x0c, 0xff, 0xff, 0x80, 0x00, 0x00, 0x00, 0x00, 0x00, 0x00, 0x00, 0x00
.byte 0x7c, 0x00, 0x00, 0x00, 0x0c, 0xff, 0xff, 0x80, 0x00, 0x00, 0x00, 0x00, 0x00, 0x00, 0x00, 0x00
.byte 0x7d, 0x00, 0x00, 0x00, 0x0c, 0xff, 0xff, 0x80, 0x00, 0x00, 0x00, 0x00, 0x00, 0x00, 0x00, 0x00
.byte 0x7e, 0x00, 0x00, 0x00, 0x0c, 0xff, 0xff, 0x80, 0x00, 0x00, 0x00, 0x00, 0x00, 0x00, 0x00, 0x00
.byte 0x7f, 0x00, 0x00, 0x00, 0x0c, 0xff, 0xff, 0x80, 0x00, 0x00, 0x00, 0x00, 0x00, 0x00, 0x00, 0x00
.byte 0x80, 0x00, 0x00, 0x00, 0x0c, 0xff, 0xff, 0x80, 0x00, 0x00, 0x00, 0x00, 0x00, 0x00, 0x00, 0x00
.byte 0x81, 0x00, 0x00, 0x00, 0x0c, 0xff, 0xff, 0x80, 0x00, 0x00, 0x00, 0x00, 0x00, 0x00, 0x00, 0x00
.byte 0x82, 0x00, 0x00, 0x00, 0x0c, 0xff, 0xff, 0x80, 0x00, 0x00, 0x00, 0x00, 0x00, 0x00, 0x00, 0x00
.byte 0x83, 0x00, 0x00, 0x00, 0x0c, 0xff, 0xff, 0x80, 0x00, 0x00, 0x00, 0x00, 0x00, 0x00, 0x00, 0x00
.byte 0x84, 0x00, 0x00, 0x00, 0x0c, 0xff, 0xff, 0x80, 0x00, 0x00, 0x00, 0x00, 0x00, 0x00, 0x00, 0x00
.byte 0x85, 0x00, 0x00, 0x00, 0x0c, 0xff, 0xff, 0x80, 0x00, 0x00, 0x00, 0x00, 0x00, 0x00, 0x00, 0x00
.byte 0x86, 0x00, 0x00, 0x00, 0x0c, 0xff, 0xff, 0x80, 0x00, 0x00, 0x00, 0x00, 0x00, 0x00, 0x00, 0x00
.byte 0x87, 0x00, 0x00, 0x00, 0x0c, 0xff, 0xff, 0x80, 0x00, 0x00, 0x00, 0x00, 0x00, 0x00, 0x00, 0x00
.byte 0x88, 0x00, 0x00, 0x00, 0x0c, 0xff, 0xff, 0x80, 0x00, 0x00, 0x00, 0x00, 0x00, 0x00, 0x00, 0x00
.byte 0x89, 0x00, 0x00, 0x00, 0x0c, 0xff, 0xff, 0x80, 0x00, 0x00, 0x00, 0x00, 0x00, 0x00, 0x00, 0x00
.byte 0x8a, 0x00, 0x00, 0x00, 0x0c, 0xff, 0xff, 0x80, 0x00, 0x00, 0x00, 0x00, 0x00, 0x00, 0x00, 0x00
.byte 0x8b, 0x00, 0x00, 0x00, 0x0c, 0xff, 0xff, 0x80, 0x00, 0x00, 0x00, 0x00, 0x00, 0x00, 0x00, 0x00
.byte 0x8c, 0x00, 0x00, 0x00, 0x0c, 0xff, 0xff, 0x80, 0x00, 0x00, 0x00, 0x00, 0x00, 0x00, 0x00, 0x00
.byte 0x8d, 0x00, 0x00, 0x00, 0x0c, 0xff, 0xff, 0x80, 0x00, 0x00, 0x00, 0x00, 0x00, 0x00, 0x00, 0x00
.byte 0x8e, 0x00, 0x00, 0x00, 0x0c, 0xff, 0xff, 0x80, 0x00, 0x00, 0x00, 0x00, 0x00, 0x00, 0x00, 0x00
.byte 0x8f, 0x00, 0x00, 0x00, 0x0c, 0xff, 0xff, 0x80, 0x00, 0x00, 0x00, 0x00, 0x00, 0x00, 0x00, 0x00
.byte 0x90, 0x00, 0x00, 0x00, 0x0c, 0xff, 0xff, 0x80, 0x00, 0x00, 0x00, 0x00, 0x00, 0x00, 0x00, 0x00
.byte 0x91, 0x00, 0x00, 0x00, 0x0c, 0xff, 0xff, 0x80, 0x00, 0x00, 0x00, 0x00, 0x00, 0x00, 0x00, 0x00
.byte 0x92, 0x00, 0x00, 0x00, 0x0c, 0xff, 0xff, 0x80, 0x00, 0x00, 0x00, 0x00, 0x00, 0x00, 0x00, 0x00
.byte 0x93, 0x00, 0x00, 0x00, 0x0c, 0xff, 0xff, 0x80, 0x00, 0x00, 0x00, 0x00, 0x00, 0x00, 0x00, 0x00
.byte 0x94, 0x00, 0x00, 0x00, 0x0c, 0xff, 0xff, 0x80, 0x00, 0x00, 0x00, 0x00, 0x00, 0x00, 0x00, 0x00
.byte 0x95, 0x00, 0x00, 0x00, 0x0c, 0xff, 0xff, 0x80, 0x00, 0x00, 0x00, 0x00, 0x00, 0x00, 0x00, 0x00
.byte 0x96, 0x00, 0x00, 0x00, 0x0c, 0xff, 0xff, 0x80, 0x00, 0x00, 0x00, 0x00, 0x00, 0x00, 0x00, 0x00
.byte 0x97, 0x00, 0x00, 0x00, 0x0c, 0xff, 0xff, 0x80, 0x00, 0x00, 0x00, 0x00, 0x00, 0x00, 0x00, 0x00
.byte 0x98, 0x00, 0x00, 0x00, 0x0c, 0xff, 0xff, 0x80, 0x00, 0x00, 0x00, 0x00, 0x00, 0x00, 0x00, 0x00
.byte 0x99, 0x00, 0x00, 0x00, 0x0c, 0xff, 0xff, 0x80, 0x00, 0x00, 0x00, 0x00, 0x00, 0x00, 0x00, 0x00
.byte 0x9a, 0x00, 0x00, 0x00, 0x0c, 0xff, 0xff, 0x80, 0x00, 0x00, 0x00, 0x00, 0x00, 0x00, 0x00, 0x00
.byte 0x9b, 0x00, 0x00, 0x00, 0x0c, 0xff, 0xff, 0x80, 0x00, 0x00, 0x00, 0x00, 0x00, 0x00, 0x00, 0x00
.byte 0x9c, 0x00, 0x00, 0x00, 0x0c, 0xff, 0xff, 0x80, 0x00, 0x00, 0x00, 0x00, 0x00, 0x00, 0x00, 0x00
.byte 0x9d, 0x00, 0x00, 0x00, 0x0c, 0xff, 0xff, 0x80, 0x00, 0x00, 0x00, 0x00, 0x00, 0x00, 0x00, 0x00
.byte 0x9e, 0x00, 0x00, 0x00, 0x0c, 0xff, 0xff, 0x80, 0x00, 0x00, 0x00, 0x00, 0x00, 0x00, 0x00, 0x00
.byte 0x9f, 0x00, 0x00, 0x00, 0x0c, 0xff, 0xff, 0x80, 0x00, 0x00, 0x00, 0x00, 0x00, 0x00, 0x00, 0x00
.byte 0xa0, 0x00, 0x00, 0x00, 0x0c, 0xff, 0xff, 0x80, 0x00, 0x00, 0x00, 0x00, 0x00, 0x00, 0x00, 0x00
.byte 0xa1, 0x00, 0x00, 0x00, 0x0c, 0xff, 0xff, 0x80, 0x00, 0x00, 0x00, 0x00, 0x00, 0x00, 0x00, 0x00
.byte 0xa2, 0x00, 0x00, 0x00, 0x0c, 0xff, 0xff, 0x80, 0x00, 0x00, 0x00, 0x00, 0x00, 0x00, 0x00, 0x00
.byte 0xa3, 0x00, 0x00, 0x00, 0x0c, 0xff, 0xff, 0x80, 0x00, 0x00, 0x00, 0x00, 0x00, 0x00, 0x00, 0x00
.byte 0xa4, 0x00, 0x00, 0x00, 0x0c, 0xff, 0xff, 0x80, 0x00, 0x00, 0x00, 0x00, 0x00, 0x00, 0x00, 0x00
.byte 0xa5, 0x00, 0x00, 0x00, 0x0c, 0xff, 0xff, 0x80, 0x00, 0x00, 0x00, 0x00, 0x00, 0x00, 0x00, 0x00
.byte 0xa6, 0x00, 0x00, 0x00, 0x0c, 0xff, 0xff, 0x80, 0x00, 0x00, 0x00, 0x00, 0x00, 0x00, 0x00, 0x00
.byte 0xa7, 0x00, 0x00, 0x00, 0x0c, 0xff, 0xff, 0x80, 0x00, 0x00, 0x00, 0x00, 0x00, 0x00, 0x00, 0x00
.byte 0xa8, 0x00, 0x00, 0x00, 0x0c, 0xff, 0xff, 0x80, 0x00, 0x00, 0x00, 0x00, 0x00, 0x00, 0x00, 0x00
.byte 0xa9, 0x00, 0x00, 0x00, 0x0c, 0xff, 0xff, 0x80, 0x00, 0x00, 0x00, 0x00, 0x00, 0x00, 0x00, 0x00
.byte 0xaa, 0x00, 0x00, 0x00, 0x0c, 0xff, 0xff, 0x80, 0x00, 0x00, 0x00, 0x00, 0x00, 0x00, 0x00, 0x00
.byte 0xab, 0x00, 0x00, 0x00, 0x0c, 0xff, 0xff, 0x80, 0x00, 0x00, 0x00, 0x00, 0x00, 0x00, 0x00, 0x00
.byte 0xac, 0x00, 0x00, 0x00, 0x0c, 0xff, 0xff, 0x80, 0x00, 0x00, 0x00, 0x00, 0x00, 0x00, 0x00, 0x00
.byte 0xad, 0x00, 0x00, 0x00, 0x0c, 0xff, 0xff, 0x80, 0x00, 0x00, 0x00, 0x00, 0x00, 0x00, 0x00, 0x00
.byte 0xae, 0x00, 0x00, 0x00, 0x0c, 0xff, 0xff, 0x80, 0x00, 0x00, 0x00, 0x00, 0x00, 0x00, 0x00, 0x00
.byte 0xaf, 0x00, 0x00, 0x00, 0x0c, 0xff, 0xff, 0x80, 0x00, 0x00, 0x00, 0x00
.long _sym_00b6be94
.byte 0xb0, 0x00, 0x00, 0x00, 0x03, 0xff, 0xff, 0x80, 0x00, 0x02, 0x00, 0x00
.long _sym_00b6bea4
.byte 0xb4, 0x00, 0x00, 0x00, 0x03, 0xff, 0xff, 0x80, 0x00, 0x02, 0x00, 0x00
.long _sym_00b6beb4
.byte 0xb8, 0x00, 0x00, 0x00, 0x03, 0xff, 0xff, 0x80, 0x00, 0x02, 0x00, 0x00
.long _sym_00b6bec4
.byte 0xbc, 0x00, 0x00, 0x00, 0x03, 0xff, 0xff, 0x80, 0x00, 0x02, 0x00, 0x00
.long _sym_00b6bed4
.byte 0xc0, 0x00, 0x00, 0x00, 0x03, 0xff, 0xff, 0x80, 0x00, 0x02, 0x00, 0x00
.long _sym_00b6bee4
.byte 0xc4, 0x00, 0x00, 0x00, 0x03, 0xff, 0xff, 0x80, 0x00, 0x02, 0x00, 0x00
.long _sym_00b6bef4
.byte 0x18, 0x00, 0x00, 0x00, 0x03, 0xff, 0xff, 0x80, 0x00, 0x02, 0x00, 0x00
.long _sym_00b6bef4
.byte 0x1c, 0x00, 0x00, 0x00, 0x03, 0xff, 0xff, 0x80, 0x00, 0x02, 0x00, 0x00
.long _sym_00b6be94
.byte 0xd0, 0x00, 0x00, 0x00, 0x03, 0xff, 0xff, 0x80, 0x00, 0x03, 0x00, 0x00
.long _sym_00b6bea4
.byte 0xd4, 0x00, 0x00, 0x00, 0x03, 0xff, 0xff, 0x80, 0x00, 0x03, 0x00, 0x00
.long _sym_00b6beb4
.byte 0xd8, 0x00, 0x00, 0x00, 0x03, 0xff, 0xff, 0x80, 0x00, 0x03, 0x00, 0x00
.long _sym_00b6bec4
.byte 0xdc, 0x00, 0x00, 0x00, 0x03, 0xff, 0xff, 0x80, 0x00, 0x03, 0x00, 0x00
.long _sym_00b6bed4
.byte 0xe0, 0x00, 0x00, 0x00, 0x03, 0xff, 0xff, 0x80, 0x00, 0x03, 0x00, 0x00
.long _sym_00b6bee4
.byte 0xe4, 0x00, 0x00, 0x00, 0x03, 0xff, 0xff, 0x80, 0x00, 0x03, 0x00, 0x00
.long _sym_00b6bef4
.byte 0x18, 0x00, 0x00, 0x00, 0x03, 0xff, 0xff, 0x80, 0x00, 0x03, 0x00, 0x00
.long _sym_00b6bef4
.byte 0x1c, 0x00, 0x00, 0x00, 0x03, 0xff, 0xff, 0x80, 0x00, 0x03, 0x00, 0x00
.long _sym_00b6be94
.byte 0xf0, 0x00, 0x00, 0x00, 0x03, 0xff, 0xff, 0x80, 0x00, 0x04, 0x00, 0x00
.long _sym_00b6bea4
.byte 0xf4, 0x00, 0x00, 0x00, 0x03, 0xff, 0xff, 0x80, 0x00, 0x04, 0x00, 0x00
.long _sym_00b6beb4
.byte 0xf8, 0x00, 0x00, 0x00, 0x03, 0xff, 0xff, 0x80, 0x00, 0x04, 0x00, 0x00
.long _sym_00b6bec4
.byte 0xfc, 0x00, 0x00, 0x00, 0x03, 0xff, 0xff, 0x80, 0x00, 0x04, 0x00, 0x00
.long _sym_00b6bed4
.byte 0x00, 0x01, 0x00, 0x00, 0x03, 0xff, 0xff, 0x80, 0x00, 0x04, 0x00, 0x00
.long _sym_00b6bee4
.byte 0x04, 0x01, 0x00, 0x00, 0x03, 0xff, 0xff, 0x80, 0x00, 0x04, 0x00, 0x00
.long _sym_00b6bef4
.byte 0x18, 0x00, 0x00, 0x00, 0x03, 0xff, 0xff, 0x80, 0x00, 0x04, 0x00, 0x00
.long _sym_00b6bef4
.byte 0x1c, 0x00, 0x00, 0x00, 0x03, 0xff, 0xff, 0x80, 0x00, 0x04, 0x00, 0x00, 0xbc, 0x82, 0xc7, 0xbc
.byte 0x92, 0x64, 0x22, 0x4c, 0x8c, 0x35, 0xf5, 0xd7, 0x2f, 0xe7, 0x3c, 0x6e, 0x0d, 0xd8, 0xcd, 0x9e
.byte 0x81, 0x0e, 0xd8, 0x40, 0x89, 0x03, 0x2b, 0xf7, 0xb1, 0x31, 0xac, 0x43, 0x30, 0x06, 0x86, 0x02
.byte 0x3b, 0xbf, 0xa8, 0x42, 0xb1, 0x4e, 0x91, 0xed, 0xa2, 0xf5, 0x1e, 0xa5, 0x6a, 0x67, 0xee, 0xb1
.byte 0xcd, 0xd9, 0x2a, 0x4d, 0x89, 0xa8, 0xfa, 0x53, 0xeb, 0x9e, 0x48, 0x0b, 0x85, 0x86, 0x50, 0x5a
.byte 0x54, 0xa2, 0xba, 0x4f, 0x9b, 0x82, 0x9a, 0x24, 0xb0, 0x03, 0x06, 0xaf, 0x35, 0xea, 0x05, 0xdb
.byte 0x29, 0x03, 0x4b, 0x4d, 0xa5, 0x3a, 0x6d, 0xea, 0xd0, 0x3d, 0x38, 0x52, 0x58, 0x1f, 0xcf, 0x8b
.byte 0xe7, 0x9f, 0x83, 0x45, 0x8a, 0xc6, 0xe2, 0xad, 0xc4, 0x65, 0xc8, 0xbb, 0x5f, 0x10, 0xc1, 0xca
.byte 0x9b, 0x61, 0x04, 0x4d, 0x83, 0x1a, 0x44, 0xe1, 0xcb, 0xf1, 0x2d, 0x57, 0x9c, 0x0f, 0x9a, 0x2d
.byte 0x7b, 0xe6, 0x24, 0x4b, 0xab, 0x44, 0x92, 0xb3, 0xe7, 0x70, 0xc0, 0x20, 0x0e, 0x13, 0x93, 0x6a
.byte 0x53, 0x1d, 0xd1, 0x41, 0xa9, 0xcf, 0xe7, 0x58, 0x80, 0x0b, 0xb1, 0x79, 0xd4, 0x2d, 0xf8, 0xc4
.byte 0x4e, 0xcb, 0xe1, 0x4c, 0x8b, 0xdb, 0xee, 0x32, 0xd4, 0x19, 0x82, 0x69
.globl _sym_00c62fe8
_sym_00c62fe8:
.long _sym_00b69fe8
.byte 0x00, 0x00, 0x00, 0x00, 0x2e, 0x3f, 0x41, 0x56, 0x62, 0x74, 0x43, 0x6f, 0x6e, 0x76, 0x65, 0x78
.byte 0x49, 0x6e, 0x74, 0x65, 0x72, 0x6e, 0x61, 0x6c, 0x41, 0x61, 0x62, 0x62, 0x43, 0x61, 0x63, 0x68
.byte 0x69, 0x6e, 0x67, 0x53, 0x68, 0x61, 0x70, 0x65, 0x40, 0x40, 0x00, 0x00
.globl _sym_00c63018
_sym_00c63018:
.long _sym_00b69fe8
.byte 0x00, 0x00, 0x00, 0x00, 0x2e, 0x3f, 0x41, 0x56, 0x62, 0x74, 0x50, 0x6f, 0x6c, 0x79, 0x68, 0x65
.byte 0x64, 0x72, 0x61, 0x6c, 0x43, 0x6f, 0x6e, 0x76, 0x65, 0x78, 0x41, 0x61, 0x62, 0x62, 0x43, 0x61
.byte 0x63, 0x68, 0x69, 0x6e, 0x67, 0x53, 0x68, 0x61, 0x70, 0x65, 0x40, 0x40, 0x00, 0x00, 0x00, 0x00
.globl _sym_00c6304c
_sym_00c6304c:
.long _sym_00b69fe8
.byte 0x00, 0x00, 0x00, 0x00, 0x2e, 0x3f, 0x41, 0x56, 0x62, 0x74, 0x43, 0x6f, 0x6d, 0x70, 0x6f, 0x75
.byte 0x6e, 0x64, 0x53, 0x68, 0x61, 0x70, 0x65, 0x40, 0x40, 0x00, 0x00, 0x00
.globl _sym_00c6306c
_sym_00c6306c:
.long _sym_00b69fe8
.byte 0x00, 0x00, 0x00, 0x00, 0x2e, 0x3f, 0x41, 0x56, 0x62, 0x74, 0x43, 0x6f, 0x6e, 0x76, 0x65, 0x78
.byte 0x48, 0x75, 0x6c, 0x6c, 0x53, 0x68, 0x61, 0x70, 0x65, 0x40, 0x40, 0x00
.globl _sym_00c6308c
_sym_00c6308c:
.long _sym_00b69fe8
.byte 0x00, 0x00, 0x00, 0x00, 0x2e, 0x3f, 0x41, 0x56, 0x62, 0x74, 0x43, 0x61, 0x70, 0x73, 0x75, 0x6c
.byte 0x65, 0x53, 0x68, 0x61, 0x70, 0x65, 0x40, 0x40, 0x00, 0x00, 0x00, 0x00
.globl _sym_00c630ac
_sym_00c630ac:
.long _sym_00b69fe8
.byte 0x00, 0x00, 0x00, 0x00, 0x2e, 0x3f, 0x41, 0x56, 0x62, 0x74, 0x43, 0x61, 0x70, 0x73, 0x75, 0x6c
.byte 0x65, 0x53, 0x68, 0x61, 0x70, 0x65, 0x58, 0x40, 0x40, 0x00, 0x00, 0x00
.globl _sym_00c630cc
_sym_00c630cc:
.long _sym_00b69fe8
.byte 0x00, 0x00, 0x00, 0x00, 0x2e, 0x3f, 0x41, 0x56, 0x62, 0x74, 0x43, 0x61, 0x70, 0x73, 0x75, 0x6c
.byte 0x65, 0x53, 0x68, 0x61, 0x70, 0x65, 0x5a, 0x40, 0x40, 0x00, 0x00, 0x00
.globl _sym_00c630ec
_sym_00c630ec:
.long _sym_00b69fe8
.byte 0x00, 0x00, 0x00, 0x00, 0x2e, 0x3f, 0x41, 0x56, 0x62, 0x74, 0x43, 0x79, 0x6c, 0x69, 0x6e, 0x64
.byte 0x65, 0x72, 0x53, 0x68, 0x61, 0x70, 0x65, 0x40, 0x40, 0x00, 0x00, 0x00
.globl _sym_00c6310c
_sym_00c6310c:
.long _sym_00b69fe8
.byte 0x00, 0x00, 0x00, 0x00, 0x2e, 0x3f, 0x41, 0x56, 0x62, 0x74, 0x43, 0x79, 0x6c, 0x69, 0x6e, 0x64
.byte 0x65, 0x72, 0x53, 0x68, 0x61, 0x70, 0x65, 0x58, 0x40, 0x40, 0x00, 0x00
.globl _sym_00c6312c
_sym_00c6312c:
.long _sym_00b69fe8
.byte 0x00, 0x00, 0x00, 0x00, 0x2e, 0x3f, 0x41, 0x56, 0x62, 0x74, 0x43, 0x79, 0x6c, 0x69, 0x6e, 0x64
.byte 0x65, 0x72, 0x53, 0x68, 0x61, 0x70, 0x65, 0x5a, 0x40, 0x40, 0x00, 0x00
.globl _sym_00c6314c
_sym_00c6314c:
.long _sym_00b69fe8
.byte 0x00, 0x00, 0x00, 0x00, 0x2e, 0x3f, 0x41, 0x56, 0x62, 0x74, 0x49, 0x6e, 0x74, 0x65, 0x72, 0x6e
.byte 0x61, 0x6c, 0x54, 0x72, 0x69, 0x61, 0x6e, 0x67, 0x6c, 0x65, 0x49, 0x6e, 0x64, 0x65, 0x78, 0x43
.byte 0x61, 0x6c, 0x6c, 0x62, 0x61, 0x63, 0x6b, 0x40, 0x40, 0x00, 0x00, 0x00, 0x00, 0x00, 0x00, 0x00
.globl _sym_00c63180
_sym_00c63180:
.long _sym_00b69fe8
.byte 0x00, 0x00, 0x00, 0x00, 0x2e, 0x3f, 0x41, 0x55, 0x41, 0x61, 0x62, 0x62, 0x43, 0x61, 0x6c, 0x63
.byte 0x75, 0x6c, 0x61, 0x74, 0x69, 0x6f, 0x6e, 0x43, 0x61, 0x6c, 0x6c, 0x62, 0x61, 0x63, 0x6b, 0x40
.byte 0x3f, 0x31, 0x3f, 0x3f, 0x63, 0x61, 0x6c, 0x63, 0x75, 0x6c, 0x61, 0x74, 0x65, 0x41, 0x61, 0x62
.byte 0x62, 0x42, 0x72, 0x75, 0x74, 0x65, 0x46, 0x6f, 0x72, 0x63, 0x65, 0x40, 0x62, 0x74, 0x53, 0x74
.byte 0x72, 0x69, 0x64, 0x69, 0x6e, 0x67, 0x4d, 0x65, 0x73, 0x68, 0x49, 0x6e, 0x74, 0x65, 0x72, 0x66
.byte 0x61, 0x63, 0x65, 0x40, 0x40, 0x51, 0x41, 0x45, 0x58, 0x41, 0x41, 0x56, 0x62, 0x74, 0x56, 0x65
.byte 0x63, 0x74, 0x6f, 0x72, 0x33, 0x40, 0x40, 0x30, 0x40, 0x5a, 0x40, 0x00
.globl _sym_00c631f0
_sym_00c631f0:
.long _sym_00b69fe8
.byte 0x00, 0x00, 0x00, 0x00, 0x2e, 0x3f, 0x41, 0x56, 0x62, 0x74, 0x4e, 0x6f, 0x64, 0x65, 0x4f, 0x76
.byte 0x65, 0x72, 0x6c, 0x61, 0x70, 0x43, 0x61, 0x6c, 0x6c, 0x62, 0x61, 0x63, 0x6b, 0x40, 0x40, 0x00
.globl _sym_00c63214
_sym_00c63214:
.long _sym_00b69fe8
.byte 0x00, 0x00, 0x00, 0x00, 0x2e, 0x3f, 0x41, 0x56, 0x62, 0x74, 0x42, 0x76, 0x68, 0x54, 0x72, 0x69
.byte 0x61, 0x6e, 0x67, 0x6c, 0x65, 0x4d, 0x65, 0x73, 0x68, 0x53, 0x68, 0x61, 0x70, 0x65, 0x40, 0x40
.byte 0x00, 0x00, 0x00, 0x00
.globl _sym_00c6323c
_sym_00c6323c:
.long _sym_00b69fe8
.byte 0x00, 0x00, 0x00, 0x00, 0x2e, 0x3f, 0x41, 0x56, 0x62, 0x74, 0x54, 0x72, 0x69, 0x61, 0x6e, 0x67
.byte 0x6c, 0x65, 0x4d, 0x65, 0x73, 0x68, 0x53, 0x68, 0x61, 0x70, 0x65, 0x40, 0x40, 0x00, 0x00, 0x00
.globl _sym_00c63260
_sym_00c63260:
.long _sym_00b69fe8
.byte 0x00, 0x00, 0x00, 0x00, 0x2e, 0x3f, 0x41, 0x56, 0x62, 0x74, 0x43, 0x6f, 0x6e, 0x63, 0x61, 0x76
.byte 0x65, 0x53, 0x68, 0x61, 0x70, 0x65, 0x40, 0x40, 0x00, 0x00, 0x00, 0x00
.globl _sym_00c63280
_sym_00c63280:
.long _sym_00b69fe8
.byte 0x00, 0x00, 0x00, 0x00, 0x2e, 0x3f, 0x41, 0x55, 0x4d, 0x79, 0x4e, 0x6f, 0x64, 0x65, 0x4f, 0x76
.byte 0x65, 0x72, 0x6c, 0x61, 0x70, 0x43, 0x61, 0x6c, 0x6c, 0x62, 0x61, 0x63, 0x6b, 0x40, 0x3f, 0x31
.byte 0x3f, 0x3f, 0x70, 0x65, 0x72, 0x66, 0x6f, 0x72, 0x6d, 0x52, 0x61, 0x79, 0x63, 0x61, 0x73, 0x74
.byte 0x40, 0x62, 0x74, 0x42, 0x76, 0x68, 0x54, 0x72, 0x69, 0x61, 0x6e, 0x67, 0x6c, 0x65, 0x4d, 0x65
.byte 0x73, 0x68, 0x53, 0x68, 0x61, 0x70, 0x65, 0x40, 0x40, 0x51, 0x41, 0x45, 0x58, 0x50, 0x41, 0x56
.byte 0x62, 0x74, 0x54, 0x72, 0x69, 0x61, 0x6e, 0x67, 0x6c, 0x65, 0x43, 0x61, 0x6c, 0x6c, 0x62, 0x61
.byte 0x63, 0x6b, 0x40, 0x40, 0x41, 0x42, 0x56, 0x62, 0x74, 0x56, 0x65, 0x63, 0x74, 0x6f, 0x72, 0x33
.byte 0x40, 0x40, 0x31, 0x40, 0x5a, 0x40, 0x00, 0x00, 0x00, 0x00, 0x00, 0x00
.globl _sym_00c63300
_sym_00c63300:
.long _sym_00b69fe8
.byte 0x00, 0x00, 0x00, 0x00, 0x2e, 0x3f, 0x41, 0x55, 0x4d, 0x79, 0x4e, 0x6f, 0x64, 0x65, 0x4f, 0x76
.byte 0x65, 0x72, 0x6c, 0x61, 0x70, 0x43, 0x61, 0x6c, 0x6c, 0x62, 0x61, 0x63, 0x6b, 0x40, 0x3f, 0x31
.byte 0x3f, 0x3f, 0x70, 0x65, 0x72, 0x66, 0x6f, 0x72, 0x6d, 0x43, 0x6f, 0x6e, 0x76, 0x65, 0x78, 0x63
.byte 0x61, 0x73, 0x74, 0x40, 0x62, 0x74, 0x42, 0x76, 0x68, 0x54, 0x72, 0x69, 0x61, 0x6e, 0x67, 0x6c
.byte 0x65, 0x4d, 0x65, 0x73, 0x68, 0x53, 0x68, 0x61, 0x70, 0x65, 0x40, 0x40, 0x51, 0x41, 0x45, 0x58
.byte 0x50, 0x41, 0x56, 0x62, 0x74, 0x54, 0x72, 0x69, 0x61, 0x6e, 0x67, 0x6c, 0x65, 0x43, 0x61, 0x6c
.byte 0x6c, 0x62, 0x61, 0x63, 0x6b, 0x40, 0x40, 0x41, 0x42, 0x56, 0x62, 0x74, 0x56, 0x65, 0x63, 0x74
.byte 0x6f, 0x72, 0x33, 0x40, 0x40, 0x31, 0x31, 0x31, 0x40, 0x5a, 0x40, 0x00
.globl _sym_00c63380
_sym_00c63380:
.long _sym_00b69fe8
.byte 0x00, 0x00, 0x00, 0x00, 0x2e, 0x3f, 0x41, 0x55, 0x4d, 0x79, 0x4e, 0x6f, 0x64, 0x65, 0x4f, 0x76
.byte 0x65, 0x72, 0x6c, 0x61, 0x70, 0x43, 0x61, 0x6c, 0x6c, 0x62, 0x61, 0x63, 0x6b, 0x40, 0x3f, 0x31
.byte 0x3f, 0x3f, 0x70, 0x72, 0x6f, 0x63, 0x65, 0x73, 0x73, 0x41, 0x6c, 0x6c, 0x54, 0x72, 0x69, 0x61
.byte 0x6e, 0x67, 0x6c, 0x65, 0x73, 0x40, 0x62, 0x74, 0x42, 0x76, 0x68, 0x54, 0x72, 0x69, 0x61, 0x6e
.byte 0x67, 0x6c, 0x65, 0x4d, 0x65, 0x73, 0x68, 0x53, 0x68, 0x61, 0x70, 0x65, 0x40, 0x40, 0x55, 0x42
.byte 0x45, 0x58, 0x50, 0x41, 0x56, 0x62, 0x74, 0x54, 0x72, 0x69, 0x61, 0x6e, 0x67, 0x6c, 0x65, 0x43
.byte 0x61, 0x6c, 0x6c, 0x62, 0x61, 0x63, 0x6b, 0x40, 0x40, 0x41, 0x42, 0x56, 0x62, 0x74, 0x56, 0x65
.byte 0x63, 0x74, 0x6f, 0x72, 0x33, 0x40, 0x40, 0x31, 0x40, 0x5a, 0x40, 0x00
.globl _sym_00c63400
_sym_00c63400:
.long _sym_00b69fe8
.byte 0x00, 0x00, 0x00, 0x00, 0x2e, 0x3f, 0x41, 0x56, 0x62, 0x74, 0x53, 0x74, 0x61, 0x74, 0x69, 0x63
.byte 0x50, 0x6c, 0x61, 0x6e, 0x65, 0x53, 0x68, 0x61, 0x70, 0x65, 0x40, 0x40, 0x00, 0x00, 0x00, 0x00
.globl _sym_00c63424
_sym_00c63424:
.long _sym_00b69fe8
.byte 0x00, 0x00, 0x00, 0x00, 0x2e, 0x3f, 0x41, 0x55, 0x62, 0x74, 0x43, 0x6f, 0x6c, 0x6c, 0x69, 0x73
.byte 0x69, 0x6f, 0x6e, 0x41, 0x6c, 0x67, 0x6f, 0x72, 0x69, 0x74, 0x68, 0x6d, 0x43, 0x72, 0x65, 0x61
.byte 0x74, 0x65, 0x46, 0x75, 0x6e, 0x63, 0x40, 0x40, 0x00, 0x00, 0x00, 0x00
.globl _sym_00c63454
_sym_00c63454:
.long _sym_00b69fe8
.byte 0x00, 0x00, 0x00, 0x00, 0x2e, 0x3f, 0x41, 0x56, 0x62, 0x74, 0x43, 0x6f, 0x6c, 0x6c, 0x69, 0x73
.byte 0x69, 0x6f, 0x6e, 0x43, 0x6f, 0x6e, 0x66, 0x69, 0x67, 0x75, 0x72, 0x61, 0x74, 0x69, 0x6f, 0x6e
.byte 0x40, 0x40, 0x00, 0x00
.globl _sym_00c6347c
_sym_00c6347c:
.long _sym_00b69fe8
.byte 0x00, 0x00, 0x00, 0x00, 0x2e, 0x3f, 0x41, 0x56, 0x62, 0x74, 0x43, 0x6f, 0x6e, 0x76, 0x65, 0x78
.byte 0x50, 0x65, 0x6e, 0x65, 0x74, 0x72, 0x61, 0x74, 0x69, 0x6f, 0x6e, 0x44, 0x65, 0x70, 0x74, 0x68
.byte 0x53, 0x6f, 0x6c, 0x76, 0x65, 0x72, 0x40, 0x40, 0x00, 0x00, 0x00, 0x00
.globl _sym_00c634ac
_sym_00c634ac:
.long _sym_00b69fe8
.byte 0x00, 0x00, 0x00, 0x00, 0x2e, 0x3f, 0x41, 0x56, 0x62, 0x74, 0x44, 0x65, 0x66, 0x61, 0x75, 0x6c
.byte 0x74, 0x43, 0x6f, 0x6c, 0x6c, 0x69, 0x73, 0x69, 0x6f, 0x6e, 0x43, 0x6f, 0x6e, 0x66, 0x69, 0x67
.byte 0x75, 0x72, 0x61, 0x74, 0x69, 0x6f, 0x6e, 0x40, 0x40, 0x00, 0x00, 0x00
.globl _sym_00c634dc
_sym_00c634dc:
.long _sym_00b69fe8
.byte 0x00, 0x00, 0x00, 0x00, 0x2e, 0x3f, 0x41, 0x55, 0x43, 0x72, 0x65, 0x61, 0x74, 0x65, 0x46, 0x75
.byte 0x6e, 0x63, 0x40, 0x62, 0x74, 0x45, 0x6d, 0x70, 0x74, 0x79, 0x41, 0x6c, 0x67, 0x6f, 0x72, 0x69
.byte 0x74, 0x68, 0x6d, 0x40, 0x40, 0x00, 0x00, 0x00
.globl _sym_00c63508
_sym_00c63508:
.long _sym_00b69fe8
.byte 0x00, 0x00, 0x00, 0x00, 0x2e, 0x3f, 0x41, 0x55, 0x43, 0x72, 0x65, 0x61, 0x74, 0x65, 0x46, 0x75
.byte 0x6e, 0x63, 0x40, 0x62, 0x74, 0x43, 0x6f, 0x6e, 0x76, 0x65, 0x78, 0x43, 0x6f, 0x6e, 0x63, 0x61
.byte 0x76, 0x65, 0x43, 0x6f, 0x6c, 0x6c, 0x69, 0x73, 0x69, 0x6f, 0x6e, 0x41, 0x6c, 0x67, 0x6f, 0x72
.byte 0x69, 0x74, 0x68, 0x6d, 0x40, 0x40, 0x00, 0x00, 0x00, 0x00, 0x00, 0x00
.globl _sym_00c63548
_sym_00c63548:
.long _sym_00b69fe8
.byte 0x00, 0x00, 0x00, 0x00, 0x2e, 0x3f, 0x41, 0x55, 0x53, 0x77, 0x61, 0x70, 0x70, 0x65, 0x64, 0x43
.byte 0x72, 0x65, 0x61, 0x74, 0x65, 0x46, 0x75, 0x6e, 0x63, 0x40, 0x62, 0x74, 0x43, 0x6f, 0x6e, 0x76
.byte 0x65, 0x78, 0x43, 0x6f, 0x6e, 0x63, 0x61, 0x76, 0x65, 0x43, 0x6f, 0x6c, 0x6c, 0x69, 0x73, 0x69
.byte 0x6f, 0x6e, 0x41, 0x6c, 0x67, 0x6f, 0x72, 0x69, 0x74, 0x68, 0x6d, 0x40, 0x40, 0x00, 0x00, 0x00
.globl _sym_00c6358c
_sym_00c6358c:
.long _sym_00b69fe8
.byte 0x00, 0x00, 0x00, 0x00, 0x2e, 0x3f, 0x41, 0x55, 0x43, 0x72, 0x65, 0x61, 0x74, 0x65, 0x46, 0x75
.byte 0x6e, 0x63, 0x40, 0x62, 0x74, 0x43, 0x6f, 0x6d, 0x70, 0x6f, 0x75, 0x6e, 0x64, 0x43, 0x6f, 0x6c
.byte 0x6c, 0x69, 0x73, 0x69, 0x6f, 0x6e, 0x41, 0x6c, 0x67, 0x6f, 0x72, 0x69, 0x74, 0x68, 0x6d, 0x40
.byte 0x40, 0x00, 0x00, 0x00
.globl _sym_00c635c4
_sym_00c635c4:
.long _sym_00b69fe8
.byte 0x00, 0x00, 0x00, 0x00, 0x2e, 0x3f, 0x41, 0x55, 0x53, 0x77, 0x61, 0x70, 0x70, 0x65, 0x64, 0x43
.byte 0x72, 0x65, 0x61, 0x74, 0x65, 0x46, 0x75, 0x6e, 0x63, 0x40, 0x62, 0x74, 0x43, 0x6f, 0x6d, 0x70
.byte 0x6f, 0x75, 0x6e, 0x64, 0x43, 0x6f, 0x6c, 0x6c, 0x69, 0x73, 0x69, 0x6f, 0x6e, 0x41, 0x6c, 0x67
.byte 0x6f, 0x72, 0x69, 0x74, 0x68, 0x6d, 0x40, 0x40, 0x00, 0x00, 0x00, 0x00
.globl _sym_00c63604
_sym_00c63604:
.long _sym_00b69fe8
.byte 0x00, 0x00, 0x00, 0x00, 0x2e, 0x3f, 0x41, 0x55, 0x43, 0x72, 0x65, 0x61, 0x74, 0x65, 0x46, 0x75
.byte 0x6e, 0x63, 0x40, 0x62, 0x74, 0x43, 0x6f, 0x6e, 0x76, 0x65, 0x78, 0x50, 0x6c, 0x61, 0x6e, 0x65
.byte 0x43, 0x6f, 0x6c, 0x6c, 0x69, 0x73, 0x69, 0x6f, 0x6e, 0x41, 0x6c, 0x67, 0x6f, 0x72, 0x69, 0x74
.byte 0x68, 0x6d, 0x40, 0x40, 0x00, 0x00, 0x00, 0x00
.globl _sym_00c63640
_sym_00c63640:
.long _sym_00b69fe8
.byte 0x00, 0x00, 0x00, 0x00, 0x2e, 0x3f, 0x41, 0x55, 0x43, 0x72, 0x65, 0x61, 0x74, 0x65, 0x46, 0x75
.byte 0x6e, 0x63, 0x40, 0x62, 0x74, 0x42, 0x6f, 0x78, 0x42, 0x6f, 0x78, 0x43, 0x6f, 0x6c, 0x6c, 0x69
.byte 0x73, 0x69, 0x6f, 0x6e, 0x41, 0x6c, 0x67, 0x6f, 0x72, 0x69, 0x74, 0x68, 0x6d, 0x40, 0x40, 0x00
.globl _sym_00c63674
_sym_00c63674:
.long _sym_00b69fe8
.byte 0x00, 0x00, 0x00, 0x00, 0x2e, 0x3f, 0x41, 0x55, 0x43, 0x72, 0x65, 0x61, 0x74, 0x65, 0x46, 0x75
.byte 0x6e, 0x63, 0x40, 0x62, 0x74, 0x53, 0x70, 0x68, 0x65, 0x72, 0x65, 0x53, 0x70, 0x68, 0x65, 0x72
.byte 0x65, 0x43, 0x6f, 0x6c, 0x6c, 0x69, 0x73, 0x69, 0x6f, 0x6e, 0x41, 0x6c, 0x67, 0x6f, 0x72, 0x69
.byte 0x74, 0x68, 0x6d, 0x40, 0x40, 0x00, 0x00, 0x00
.globl _sym_00c636b0
_sym_00c636b0:
.long _sym_00b69fe8
.byte 0x00, 0x00, 0x00, 0x00, 0x2e, 0x3f, 0x41, 0x55, 0x43, 0x72, 0x65, 0x61, 0x74, 0x65, 0x46, 0x75
.byte 0x6e, 0x63, 0x40, 0x62, 0x74, 0x53, 0x70, 0x68, 0x65, 0x72, 0x65, 0x54, 0x72, 0x69, 0x61, 0x6e
.byte 0x67, 0x6c, 0x65, 0x43, 0x6f, 0x6c, 0x6c, 0x69, 0x73, 0x69, 0x6f, 0x6e, 0x41, 0x6c, 0x67, 0x6f
.byte 0x72, 0x69, 0x74, 0x68, 0x6d, 0x40, 0x40, 0x00
.globl _sym_00c636ec
_sym_00c636ec:
.long _sym_00b69fe8
.byte 0x00, 0x00, 0x00, 0x00, 0x2e, 0x3f, 0x41, 0x56, 0x62, 0x74, 0x47, 0x6a, 0x6b, 0x45, 0x70, 0x61
.byte 0x50, 0x65, 0x6e, 0x65, 0x74, 0x72, 0x61, 0x74, 0x69, 0x6f, 0x6e, 0x44, 0x65, 0x70, 0x74, 0x68
.byte 0x53, 0x6f, 0x6c, 0x76, 0x65, 0x72, 0x40, 0x40, 0x00, 0x00, 0x00, 0x00
.globl _sym_00c6371c
_sym_00c6371c:
.long _sym_00b69fe8
.byte 0x00, 0x00, 0x00, 0x00, 0x2e, 0x3f, 0x41, 0x56, 0x62, 0x74, 0x4d, 0x69, 0x6e, 0x6b, 0x6f, 0x77
.byte 0x73, 0x6b, 0x69, 0x50, 0x65, 0x6e, 0x65, 0x74, 0x72, 0x61, 0x74, 0x69, 0x6f, 0x6e, 0x44, 0x65
.byte 0x70, 0x74, 0x68, 0x53, 0x6f, 0x6c, 0x76, 0x65, 0x72, 0x40, 0x40, 0x00
.globl _sym_00c6374c
_sym_00c6374c:
.long _sym_00b69fe8
.byte 0x00, 0x00, 0x00, 0x00, 0x2e, 0x3f, 0x41, 0x56, 0x62, 0x74, 0x4f, 0x76, 0x65, 0x72, 0x6c, 0x61
.byte 0x70, 0x70, 0x69, 0x6e, 0x67, 0x50, 0x61, 0x69, 0x72, 0x43, 0x61, 0x63, 0x68, 0x65, 0x40, 0x40
.byte 0x00, 0x00, 0x00, 0x00
.globl _sym_00c63774
_sym_00c63774:
.long _sym_00b69fe8
.byte 0x00, 0x00, 0x00, 0x00, 0x2e, 0x3f, 0x41, 0x56, 0x62, 0x74, 0x42, 0x72, 0x6f, 0x61, 0x64, 0x70
.byte 0x68, 0x61, 0x73, 0x65, 0x49, 0x6e, 0x74, 0x65, 0x72, 0x66, 0x61, 0x63, 0x65, 0x40, 0x40, 0x00
.globl _sym_00c63798
_sym_00c63798:
.long _sym_00b69fe8
.byte 0x00, 0x00, 0x00, 0x00, 0x2e, 0x3f, 0x41, 0x56, 0x62, 0x74, 0x4e, 0x75, 0x6c, 0x6c, 0x50, 0x61
.byte 0x69, 0x72, 0x43, 0x61, 0x63, 0x68, 0x65, 0x40, 0x40, 0x00, 0x00, 0x00
.globl _sym_00c637b8
_sym_00c637b8:
.long _sym_00b69fe8
.byte 0x00, 0x00, 0x00, 0x00, 0x2e, 0x3f, 0x41, 0x56, 0x62, 0x74, 0x41, 0x78, 0x69, 0x73, 0x53, 0x77
.byte 0x65, 0x65, 0x70, 0x33, 0x40, 0x40, 0x00, 0x00
.globl _sym_00c637d4
_sym_00c637d4:
.long _sym_00b69fe8
.byte 0x00, 0x00, 0x00, 0x00, 0x2e, 0x3f, 0x41, 0x56, 0x3f, 0x24, 0x62, 0x74, 0x41, 0x78, 0x69, 0x73
.byte 0x53, 0x77, 0x65, 0x65, 0x70, 0x33, 0x49, 0x6e, 0x74, 0x65, 0x72, 0x6e, 0x61, 0x6c, 0x40, 0x47
.byte 0x40, 0x40, 0x00, 0x00
.globl _sym_00c637fc
_sym_00c637fc:
.long _sym_00b69fe8
.byte 0x00, 0x00, 0x00, 0x00, 0x2e, 0x3f, 0x41, 0x56, 0x62, 0x74, 0x33, 0x32, 0x42, 0x69, 0x74, 0x41
.byte 0x78, 0x69, 0x73, 0x53, 0x77, 0x65, 0x65, 0x70, 0x33, 0x40, 0x40, 0x00
.globl _sym_00c6381c
_sym_00c6381c:
.long _sym_00b69fe8
.byte 0x00, 0x00, 0x00, 0x00, 0x2e, 0x3f, 0x41, 0x56, 0x3f, 0x24, 0x62, 0x74, 0x41, 0x78, 0x69, 0x73
.byte 0x53, 0x77, 0x65, 0x65, 0x70, 0x33, 0x49, 0x6e, 0x74, 0x65, 0x72, 0x6e, 0x61, 0x6c, 0x40, 0x49
.byte 0x40, 0x40, 0x00, 0x00
.globl _sym_00c63844
_sym_00c63844:
.long _sym_00b69fe8
.byte 0x00, 0x00, 0x00, 0x00, 0x2e, 0x3f, 0x41, 0x56, 0x62, 0x74, 0x43, 0x6f, 0x6c, 0x6c, 0x69, 0x73
.byte 0x69, 0x6f, 0x6e, 0x4f, 0x62, 0x6a, 0x65, 0x63, 0x74, 0x40, 0x40, 0x00
.globl _sym_00c63864
_sym_00c63864:
.long _sym_00b69fe8
.byte 0x00, 0x00, 0x00, 0x00, 0x2e, 0x3f, 0x41, 0x56, 0x62, 0x74, 0x44, 0x69, 0x73, 0x70, 0x61, 0x74
.byte 0x63, 0x68, 0x65, 0x72, 0x40, 0x40, 0x00, 0x00
.globl _sym_00c63880
_sym_00c63880:
.long _sym_00b69fe8
.byte 0x00, 0x00, 0x00, 0x00, 0x2e, 0x3f, 0x41, 0x55, 0x52, 0x65, 0x73, 0x75, 0x6c, 0x74, 0x40, 0x62
.byte 0x74, 0x44, 0x69, 0x73, 0x63, 0x72, 0x65, 0x74, 0x65, 0x43, 0x6f, 0x6c, 0x6c, 0x69, 0x73, 0x69
.byte 0x6f, 0x6e, 0x44, 0x65, 0x74, 0x65, 0x63, 0x74, 0x6f, 0x72, 0x49, 0x6e, 0x74, 0x65, 0x72, 0x66
.byte 0x61, 0x63, 0x65, 0x40, 0x40, 0x00, 0x00, 0x00
.globl _sym_00c638bc
_sym_00c638bc:
.long _sym_00b69fe8
.byte 0x00, 0x00, 0x00, 0x00, 0x2e, 0x3f, 0x41, 0x56, 0x62, 0x74, 0x4d, 0x61, 0x6e, 0x69, 0x66, 0x6f
.byte 0x6c, 0x64, 0x52, 0x65, 0x73, 0x75, 0x6c, 0x74, 0x40, 0x40, 0x00, 0x00
.globl _sym_00c638dc
_sym_00c638dc:
.long _sym_00b69fe8
.byte 0x00, 0x00, 0x00, 0x00, 0x2e, 0x3f, 0x41, 0x56, 0x62, 0x74, 0x43, 0x6f, 0x6c, 0x6c, 0x69, 0x73
.byte 0x69, 0x6f, 0x6e, 0x44, 0x69, 0x73, 0x70, 0x61, 0x74, 0x63, 0x68, 0x65, 0x72, 0x40, 0x40, 0x00
.globl _sym_00c63900
_sym_00c63900:
.long _sym_00b69fe8
.byte 0x00, 0x00, 0x00, 0x00, 0x2e, 0x3f, 0x41, 0x55, 0x62, 0x74, 0x4f, 0x76, 0x65, 0x72, 0x6c, 0x61
.byte 0x70, 0x43, 0x61, 0x6c, 0x6c, 0x62, 0x61, 0x63, 0x6b, 0x40, 0x40, 0x00
.globl _sym_00c63920
_sym_00c63920:
.long _sym_00b69fe8
.byte 0x00, 0x00, 0x00, 0x00, 0x2e, 0x3f, 0x41, 0x56, 0x62, 0x74, 0x43, 0x6f, 0x6c, 0x6c, 0x69, 0x73
.byte 0x69, 0x6f, 0x6e, 0x50, 0x61, 0x69, 0x72, 0x43, 0x61, 0x6c, 0x6c, 0x62, 0x61, 0x63, 0x6b, 0x40
.byte 0x40, 0x00
.globl _sym_00c63946
_sym_00c63946:
.byte 0x01, 0x00
.globl _sym_00c63948
_sym_00c63948:
.long _sym_00b69fe8
.byte 0x00, 0x00, 0x00, 0x00, 0x2e, 0x3f, 0x41, 0x55, 0x62, 0x74, 0x42, 0x72, 0x6f, 0x61, 0x64, 0x70
.byte 0x68, 0x61, 0x73, 0x65, 0x41, 0x61, 0x62, 0x62, 0x43, 0x61, 0x6c, 0x6c, 0x62, 0x61, 0x63, 0x6b
.byte 0x40, 0x40, 0x00, 0x00
.globl _sym_00c63970
_sym_00c63970:
.long _sym_00b69fe8
.byte 0x00, 0x00, 0x00, 0x00, 0x2e, 0x3f, 0x41, 0x55, 0x62, 0x74, 0x42, 0x72, 0x6f, 0x61, 0x64, 0x70
.byte 0x68, 0x61, 0x73, 0x65, 0x52, 0x61, 0x79, 0x43, 0x61, 0x6c, 0x6c, 0x62, 0x61, 0x63, 0x6b, 0x40
.byte 0x40, 0x00, 0x00, 0x00
.globl _sym_00c63998
_sym_00c63998:
.long _sym_00b69fe8
.byte 0x00, 0x00, 0x00, 0x00, 0x2e, 0x3f, 0x41, 0x56, 0x62, 0x74, 0x43, 0x6f, 0x6c, 0x6c, 0x69, 0x73
.byte 0x69, 0x6f, 0x6e, 0x57, 0x6f, 0x72, 0x6c, 0x64, 0x40, 0x40, 0x00, 0x00
.globl _sym_00c639b8
_sym_00c639b8:
.long _sym_00b69fe8
.byte 0x00, 0x00, 0x00, 0x00, 0x2e, 0x3f, 0x41, 0x56, 0x62, 0x74, 0x54, 0x72, 0x69, 0x61, 0x6e, 0x67
.byte 0x6c, 0x65, 0x43, 0x61, 0x6c, 0x6c, 0x62, 0x61, 0x63, 0x6b, 0x40, 0x40, 0x00, 0x00, 0x00, 0x00
.globl _sym_00c639dc
_sym_00c639dc:
.long _sym_00b69fe8
.byte 0x00, 0x00, 0x00, 0x00, 0x2e, 0x3f, 0x41, 0x55, 0x43, 0x61, 0x73, 0x74, 0x52, 0x65, 0x73, 0x75
.byte 0x6c, 0x74, 0x40, 0x62, 0x74, 0x43, 0x6f, 0x6e, 0x76, 0x65, 0x78, 0x43, 0x61, 0x73, 0x74, 0x40
.byte 0x40, 0x00, 0x00, 0x00, 0x00, 0x00, 0x00, 0x00
.globl _sym_00c63a08
_sym_00c63a08:
.long _sym_00b69fe8
.byte 0x00, 0x00, 0x00, 0x00, 0x2e, 0x3f, 0x41, 0x55, 0x42, 0x72, 0x69, 0x64, 0x67, 0x65, 0x54, 0x72
.byte 0x69, 0x61, 0x6e, 0x67, 0x6c, 0x65, 0x52, 0x61, 0x79, 0x63, 0x61, 0x73, 0x74, 0x43, 0x61, 0x6c
.byte 0x6c, 0x62, 0x61, 0x63, 0x6b, 0x40, 0x3f, 0x42, 0x47, 0x40, 0x3f, 0x3f, 0x72, 0x61, 0x79, 0x54
.byte 0x65, 0x73, 0x74, 0x53, 0x69, 0x6e, 0x67, 0x6c, 0x65, 0x40, 0x62, 0x74, 0x43, 0x6f, 0x6c, 0x6c
.byte 0x69, 0x73, 0x69, 0x6f, 0x6e, 0x57, 0x6f, 0x72, 0x6c, 0x64, 0x40, 0x40, 0x53, 0x41, 0x58, 0x41
.byte 0x42, 0x56, 0x62, 0x74, 0x54, 0x72, 0x61, 0x6e, 0x73, 0x66, 0x6f, 0x72, 0x6d, 0x40, 0x40, 0x30
.byte 0x50, 0x41, 0x56, 0x62, 0x74, 0x43, 0x6f, 0x6c, 0x6c, 0x69, 0x73, 0x69, 0x6f, 0x6e, 0x4f, 0x62
.byte 0x6a, 0x65, 0x63, 0x74, 0x40, 0x40, 0x50, 0x42, 0x56, 0x62, 0x74, 0x43, 0x6f, 0x6c, 0x6c, 0x69
.byte 0x73, 0x69, 0x6f, 0x6e, 0x53, 0x68, 0x61, 0x70, 0x65, 0x40, 0x40, 0x30, 0x41, 0x41, 0x55, 0x52
.byte 0x61, 0x79, 0x52, 0x65, 0x73, 0x75, 0x6c, 0x74, 0x43, 0x61, 0x6c, 0x6c, 0x62, 0x61, 0x63, 0x6b
.byte 0x40, 0x32, 0x40, 0x40, 0x5a, 0x40, 0x00, 0x00
.globl _sym_00c63ab4
_sym_00c63ab4:
.long _sym_00b69fe8
.byte 0x00, 0x00, 0x00, 0x00, 0x2e, 0x3f, 0x41, 0x56, 0x62, 0x74, 0x54, 0x72, 0x69, 0x61, 0x6e, 0x67
.byte 0x6c, 0x65, 0x52, 0x61, 0x79, 0x63, 0x61, 0x73, 0x74, 0x43, 0x61, 0x6c, 0x6c, 0x62, 0x61, 0x63
.byte 0x6b, 0x40, 0x40, 0x00, 0x00, 0x00, 0x00, 0x00
.globl _sym_00c63ae0
_sym_00c63ae0:
.long _sym_00b69fe8
.byte 0x00, 0x00, 0x00, 0x00, 0x2e, 0x3f, 0x41, 0x55, 0x42, 0x72, 0x69, 0x64, 0x67, 0x65, 0x54, 0x72
.byte 0x69, 0x61, 0x6e, 0x67, 0x6c, 0x65, 0x52, 0x61, 0x79, 0x63, 0x61, 0x73, 0x74, 0x43, 0x61, 0x6c
.byte 0x6c, 0x62, 0x61, 0x63, 0x6b, 0x40, 0x3f, 0x42, 0x4a, 0x40, 0x3f, 0x3f, 0x72, 0x61, 0x79, 0x54
.byte 0x65, 0x73, 0x74, 0x53, 0x69, 0x6e, 0x67, 0x6c, 0x65, 0x40, 0x62, 0x74, 0x43, 0x6f, 0x6c, 0x6c
.byte 0x69, 0x73, 0x69, 0x6f, 0x6e, 0x57, 0x6f, 0x72, 0x6c, 0x64, 0x40, 0x40, 0x53, 0x41, 0x58, 0x41
.byte 0x42, 0x56, 0x62, 0x74, 0x54, 0x72, 0x61, 0x6e, 0x73, 0x66, 0x6f, 0x72, 0x6d, 0x40, 0x40, 0x30
.byte 0x50, 0x41, 0x56, 0x62, 0x74, 0x43, 0x6f, 0x6c, 0x6c, 0x69, 0x73, 0x69, 0x6f, 0x6e, 0x4f, 0x62
.byte 0x6a, 0x65, 0x63, 0x74, 0x40, 0x40, 0x50, 0x42, 0x56, 0x62, 0x74, 0x43, 0x6f, 0x6c, 0x6c, 0x69
.byte 0x73, 0x69, 0x6f, 0x6e, 0x53, 0x68, 0x61, 0x70, 0x65, 0x40, 0x40, 0x30, 0x41, 0x41, 0x55, 0x52
.byte 0x61, 0x79, 0x52, 0x65, 0x73, 0x75, 0x6c, 0x74, 0x43, 0x61, 0x6c, 0x6c, 0x62, 0x61, 0x63, 0x6b
.byte 0x40, 0x32, 0x40, 0x40, 0x5a, 0x40, 0x00, 0x00, 0x00, 0x00, 0x00, 0x00
.globl _sym_00c63b90
_sym_00c63b90:
.long _sym_00b69fe8
.byte 0x00, 0x00, 0x00, 0x00, 0x2e, 0x3f, 0x41, 0x55, 0x4c, 0x6f, 0x63, 0x61, 0x6c, 0x49, 0x6e, 0x66
.byte 0x6f, 0x41, 0x64, 0x64, 0x65, 0x72, 0x32, 0x40, 0x3f, 0x43, 0x42, 0x40, 0x3f, 0x3f, 0x72, 0x61
.byte 0x79, 0x54, 0x65, 0x73, 0x74, 0x53, 0x69, 0x6e, 0x67, 0x6c, 0x65, 0x40, 0x62, 0x74, 0x43, 0x6f
.byte 0x6c, 0x6c, 0x69, 0x73, 0x69, 0x6f, 0x6e, 0x57, 0x6f, 0x72, 0x6c, 0x64, 0x40, 0x40, 0x53, 0x41
.byte 0x58, 0x41, 0x42, 0x56, 0x62, 0x74, 0x54, 0x72, 0x61, 0x6e, 0x73, 0x66, 0x6f, 0x72, 0x6d, 0x40
.byte 0x40, 0x30, 0x50, 0x41, 0x56, 0x62, 0x74, 0x43, 0x6f, 0x6c, 0x6c, 0x69, 0x73, 0x69, 0x6f, 0x6e
.byte 0x4f, 0x62, 0x6a, 0x65, 0x63, 0x74, 0x40, 0x40, 0x50, 0x42, 0x56, 0x62, 0x74, 0x43, 0x6f, 0x6c
.byte 0x6c, 0x69, 0x73, 0x69, 0x6f, 0x6e, 0x53, 0x68, 0x61, 0x70, 0x65, 0x40, 0x40, 0x30, 0x41, 0x41
.byte 0x55, 0x52, 0x61, 0x79, 0x52, 0x65, 0x73, 0x75, 0x6c, 0x74, 0x43, 0x61, 0x6c, 0x6c, 0x62, 0x61
.byte 0x63, 0x6b, 0x40, 0x32, 0x40, 0x40, 0x5a, 0x40, 0x00, 0x00, 0x00, 0x00
.globl _sym_00c63c30
_sym_00c63c30:
.long _sym_00b69fe8
.byte 0x00, 0x00, 0x00, 0x00, 0x2e, 0x3f, 0x41, 0x55, 0x42, 0x72, 0x69, 0x64, 0x67, 0x65, 0x54, 0x72
.byte 0x69, 0x61, 0x6e, 0x67, 0x6c, 0x65, 0x43, 0x6f, 0x6e, 0x76, 0x65, 0x78, 0x63, 0x61, 0x73, 0x74
.byte 0x43, 0x61, 0x6c, 0x6c, 0x62, 0x61, 0x63, 0x6b, 0x40, 0x3f, 0x42, 0x47, 0x40, 0x3f, 0x3f, 0x6f
.byte 0x62, 0x6a, 0x65, 0x63, 0x74, 0x51, 0x75, 0x65, 0x72, 0x79, 0x53, 0x69, 0x6e, 0x67, 0x6c, 0x65
.byte 0x40, 0x62, 0x74, 0x43, 0x6f, 0x6c, 0x6c, 0x69, 0x73, 0x69, 0x6f, 0x6e, 0x57, 0x6f, 0x72, 0x6c
.byte 0x64, 0x40, 0x40, 0x53, 0x41, 0x58, 0x50, 0x42, 0x56, 0x62, 0x74, 0x43, 0x6f, 0x6e, 0x76, 0x65
.byte 0x78, 0x53, 0x68, 0x61, 0x70, 0x65, 0x40, 0x40, 0x41, 0x42, 0x56, 0x62, 0x74, 0x54, 0x72, 0x61
.byte 0x6e, 0x73, 0x66, 0x6f, 0x72, 0x6d, 0x40, 0x40, 0x31, 0x50, 0x41, 0x56, 0x62, 0x74, 0x43, 0x6f
.byte 0x6c, 0x6c, 0x69, 0x73, 0x69, 0x6f, 0x6e, 0x4f, 0x62, 0x6a, 0x65, 0x63, 0x74, 0x40, 0x40, 0x50
.byte 0x42, 0x56, 0x62, 0x74, 0x43, 0x6f, 0x6c, 0x6c, 0x69, 0x73, 0x69, 0x6f, 0x6e, 0x53, 0x68, 0x61
.byte 0x70, 0x65, 0x40, 0x40, 0x31, 0x41, 0x41, 0x55, 0x43, 0x6f, 0x6e, 0x76, 0x65, 0x78, 0x52, 0x65
.byte 0x73, 0x75, 0x6c, 0x74, 0x43, 0x61, 0x6c, 0x6c, 0x62, 0x61, 0x63, 0x6b, 0x40, 0x32, 0x40, 0x4d
.byte 0x40, 0x5a, 0x40, 0x00
.globl _sym_00c63cf8
_sym_00c63cf8:
.long _sym_00b69fe8
.byte 0x00, 0x00, 0x00, 0x00, 0x2e, 0x3f, 0x41, 0x56, 0x62, 0x74, 0x54, 0x72, 0x69, 0x61, 0x6e, 0x67
.byte 0x6c, 0x65, 0x43, 0x6f, 0x6e, 0x76, 0x65, 0x78, 0x63, 0x61, 0x73, 0x74, 0x43, 0x61, 0x6c, 0x6c
.byte 0x62, 0x61, 0x63, 0x6b, 0x40, 0x40, 0x00, 0x00, 0x00, 0x00, 0x00, 0x00
.globl _sym_00c63d28
_sym_00c63d28:
.long _sym_00b69fe8
.byte 0x00, 0x00, 0x00, 0x00, 0x2e, 0x3f, 0x41, 0x55, 0x42, 0x72, 0x69, 0x64, 0x67, 0x65, 0x54, 0x72
.byte 0x69, 0x61, 0x6e, 0x67, 0x6c, 0x65, 0x43, 0x6f, 0x6e, 0x76, 0x65, 0x78, 0x63, 0x61, 0x73, 0x74
.byte 0x43, 0x61, 0x6c, 0x6c, 0x62, 0x61, 0x63, 0x6b, 0x40, 0x3f, 0x42, 0x4a, 0x40, 0x3f, 0x3f, 0x6f
.byte 0x62, 0x6a, 0x65, 0x63, 0x74, 0x51, 0x75, 0x65, 0x72, 0x79, 0x53, 0x69, 0x6e, 0x67, 0x6c, 0x65
.byte 0x40, 0x62, 0x74, 0x43, 0x6f, 0x6c, 0x6c, 0x69, 0x73, 0x69, 0x6f, 0x6e, 0x57, 0x6f, 0x72, 0x6c
.byte 0x64, 0x40, 0x40, 0x53, 0x41, 0x58, 0x50, 0x42, 0x56, 0x62, 0x74, 0x43, 0x6f, 0x6e, 0x76, 0x65
.byte 0x78, 0x53, 0x68, 0x61, 0x70, 0x65, 0x40, 0x40, 0x41, 0x42, 0x56, 0x62, 0x74, 0x54, 0x72, 0x61
.byte 0x6e, 0x73, 0x66, 0x6f, 0x72, 0x6d, 0x40, 0x40, 0x31, 0x50, 0x41, 0x56, 0x62, 0x74, 0x43, 0x6f
.byte 0x6c, 0x6c, 0x69, 0x73, 0x69, 0x6f, 0x6e, 0x4f, 0x62, 0x6a, 0x65, 0x63, 0x74, 0x40, 0x40, 0x50
.byte 0x42, 0x56, 0x62, 0x74, 0x43, 0x6f, 0x6c, 0x6c, 0x69, 0x73, 0x69, 0x6f, 0x6e, 0x53, 0x68, 0x61
.byte 0x70, 0x65, 0x40, 0x40, 0x31, 0x41, 0x41, 0x55, 0x43, 0x6f, 0x6e, 0x76, 0x65, 0x78, 0x52, 0x65
.byte 0x73, 0x75, 0x6c, 0x74, 0x43, 0x61, 0x6c, 0x6c, 0x62, 0x61, 0x63, 0x6b, 0x40, 0x32, 0x40, 0x4d
.byte 0x40, 0x5a, 0x40, 0x00
.globl _sym_00c63df0
_sym_00c63df0:
.long _sym_00b69fe8
.byte 0x00, 0x00, 0x00, 0x00, 0x2e, 0x3f, 0x41, 0x55, 0x4c, 0x6f, 0x63, 0x61, 0x6c, 0x49, 0x6e, 0x66
.byte 0x6f, 0x41, 0x64, 0x64, 0x65, 0x72, 0x40, 0x3f, 0x43, 0x42, 0x40, 0x3f, 0x3f, 0x6f, 0x62, 0x6a
.byte 0x65, 0x63, 0x74, 0x51, 0x75, 0x65, 0x72, 0x79, 0x53, 0x69, 0x6e, 0x67, 0x6c, 0x65, 0x40, 0x62
.byte 0x74, 0x43, 0x6f, 0x6c, 0x6c, 0x69, 0x73, 0x69, 0x6f, 0x6e, 0x57, 0x6f, 0x72, 0x6c, 0x64, 0x40
.byte 0x40, 0x53, 0x41, 0x58, 0x50, 0x42, 0x56, 0x62, 0x74, 0x43, 0x6f, 0x6e, 0x76, 0x65, 0x78, 0x53
.byte 0x68, 0x61, 0x70, 0x65, 0x40, 0x40, 0x41, 0x42, 0x56, 0x62, 0x74, 0x54, 0x72, 0x61, 0x6e, 0x73
.byte 0x66, 0x6f, 0x72, 0x6d, 0x40, 0x40, 0x31, 0x50, 0x41, 0x56, 0x62, 0x74, 0x43, 0x6f, 0x6c, 0x6c
.byte 0x69, 0x73, 0x69, 0x6f, 0x6e, 0x4f, 0x62, 0x6a, 0x65, 0x63, 0x74, 0x40, 0x40, 0x50, 0x42, 0x56
.byte 0x62, 0x74, 0x43, 0x6f, 0x6c, 0x6c, 0x69, 0x73, 0x69, 0x6f, 0x6e, 0x53, 0x68, 0x61, 0x70, 0x65
.byte 0x40, 0x40, 0x31, 0x41, 0x41, 0x55, 0x43, 0x6f, 0x6e, 0x76, 0x65, 0x78, 0x52, 0x65, 0x73, 0x75
.byte 0x6c, 0x74, 0x43, 0x61, 0x6c, 0x6c, 0x62, 0x61, 0x63, 0x6b, 0x40, 0x32, 0x40, 0x4d, 0x40, 0x5a
.byte 0x40, 0x00, 0x00, 0x00
.globl _sym_00c63ea8
_sym_00c63ea8:
.long _sym_00b69fe8
.byte 0x00, 0x00, 0x00, 0x00, 0x2e, 0x3f, 0x41, 0x55, 0x62, 0x74, 0x53, 0x69, 0x6e, 0x67, 0x6c, 0x65
.byte 0x52, 0x61, 0x79, 0x43, 0x61, 0x6c, 0x6c, 0x62, 0x61, 0x63, 0x6b, 0x40, 0x40, 0x00, 0x00, 0x00
.globl _sym_00c63ecc
_sym_00c63ecc:
.long _sym_00b69fe8
.byte 0x00, 0x00, 0x00, 0x00, 0x2e, 0x3f, 0x41, 0x55, 0x62, 0x74, 0x53, 0x69, 0x6e, 0x67, 0x6c, 0x65
.byte 0x53, 0x77, 0x65, 0x65, 0x70, 0x43, 0x61, 0x6c, 0x6c, 0x62, 0x61, 0x63, 0x6b, 0x40, 0x40, 0x00
.globl _sym_00c63ef0
_sym_00c63ef0:
.long _sym_00b69fe8
.byte 0x00, 0x00, 0x00, 0x00, 0x2e, 0x3f, 0x41, 0x55, 0x62, 0x74, 0x42, 0x72, 0x69, 0x64, 0x67, 0x65
.byte 0x64, 0x4d, 0x61, 0x6e, 0x69, 0x66, 0x6f, 0x6c, 0x64, 0x52, 0x65, 0x73, 0x75, 0x6c, 0x74, 0x40
.byte 0x40, 0x00, 0x00, 0x00
.globl _sym_00c63f18
_sym_00c63f18:
.long _sym_00b69fe8
.byte 0x00, 0x00, 0x00, 0x00, 0x2e, 0x3f, 0x41, 0x55, 0x62, 0x74, 0x53, 0x69, 0x6e, 0x67, 0x6c, 0x65
.byte 0x43, 0x6f, 0x6e, 0x74, 0x61, 0x63, 0x74, 0x43, 0x61, 0x6c, 0x6c, 0x62, 0x61, 0x63, 0x6b, 0x40
.byte 0x40, 0x00, 0x00, 0x00
.globl _sym_00c63f40
_sym_00c63f40:
.long _sym_00b69fe8
.byte 0x00, 0x00, 0x00, 0x00, 0x2e, 0x3f, 0x41, 0x56, 0x44, 0x65, 0x62, 0x75, 0x67, 0x44, 0x72, 0x61
.byte 0x77, 0x63, 0x61, 0x6c, 0x6c, 0x62, 0x61, 0x63, 0x6b, 0x40, 0x40, 0x00
.globl _sym_00c63f60
_sym_00c63f60:
.long _sym_00b69fe8
.byte 0x00, 0x00, 0x00, 0x00, 0x2e, 0x3f, 0x41, 0x56, 0x62, 0x74, 0x47, 0x68, 0x6f, 0x73, 0x74, 0x4f
.byte 0x62, 0x6a, 0x65, 0x63, 0x74, 0x40, 0x40, 0x00
.globl _sym_00c63f7c
_sym_00c63f7c:
.long _sym_00b69fe8
.byte 0x00, 0x00, 0x00, 0x00, 0x2e, 0x3f, 0x41, 0x56, 0x62, 0x74, 0x50, 0x61, 0x69, 0x72, 0x43, 0x61
.byte 0x63, 0x68, 0x69, 0x6e, 0x67, 0x47, 0x68, 0x6f, 0x73, 0x74, 0x4f, 0x62, 0x6a, 0x65, 0x63, 0x74
.byte 0x40, 0x40, 0x00, 0x00
.globl _sym_00c63fa4
_sym_00c63fa4:
.long _sym_00b69fe8
.byte 0x00, 0x00, 0x00, 0x00, 0x2e, 0x3f, 0x41, 0x56, 0x53, 0x75, 0x70, 0x70, 0x6f, 0x72, 0x74, 0x56
.byte 0x65, 0x72, 0x74, 0x65, 0x78, 0x43, 0x61, 0x6c, 0x6c, 0x62, 0x61, 0x63, 0x6b, 0x40, 0x40, 0x00
.globl _sym_00c63fc8
_sym_00c63fc8:
.long _sym_00b69fe8
.byte 0x00, 0x00, 0x00, 0x00, 0x2e, 0x3f, 0x41, 0x55, 0x46, 0x69, 0x6c, 0x74, 0x65, 0x72, 0x65, 0x64
.byte 0x43, 0x61, 0x6c, 0x6c, 0x62, 0x61, 0x63, 0x6b, 0x40, 0x3f, 0x31, 0x3f, 0x3f, 0x70, 0x72, 0x6f
.byte 0x63, 0x65, 0x73, 0x73, 0x41, 0x6c, 0x6c, 0x54, 0x72, 0x69, 0x61, 0x6e, 0x67, 0x6c, 0x65, 0x73
.byte 0x40, 0x62, 0x74, 0x54, 0x72, 0x69, 0x61, 0x6e, 0x67, 0x6c, 0x65, 0x4d, 0x65, 0x73, 0x68, 0x53
.byte 0x68, 0x61, 0x70, 0x65, 0x40, 0x40, 0x55, 0x42, 0x45, 0x58, 0x50, 0x41, 0x56, 0x62, 0x74, 0x54
.byte 0x72, 0x69, 0x61, 0x6e, 0x67, 0x6c, 0x65, 0x43, 0x61, 0x6c, 0x6c, 0x62, 0x61, 0x63, 0x6b, 0x40
.byte 0x40, 0x41, 0x42, 0x56, 0x62, 0x74, 0x56, 0x65, 0x63, 0x74, 0x6f, 0x72, 0x33, 0x40, 0x40, 0x31
.byte 0x40, 0x5a, 0x40, 0x00
.globl _sym_00c64040
_sym_00c64040:
.long _sym_00b69fe8
.byte 0x00, 0x00, 0x00, 0x00, 0x2e, 0x3f, 0x41, 0x56, 0x62, 0x74, 0x51, 0x75, 0x61, 0x6e, 0x74, 0x69
.byte 0x7a, 0x65, 0x64, 0x42, 0x76, 0x68, 0x40, 0x40, 0x00, 0x00, 0x00, 0x00
.globl _sym_00c64060
_sym_00c64060:
.long _sym_00b69fe8
.byte 0x00, 0x00, 0x00, 0x00, 0x2e, 0x3f, 0x41, 0x56, 0x62, 0x74, 0x4f, 0x70, 0x74, 0x69, 0x6d, 0x69
.byte 0x7a, 0x65, 0x64, 0x42, 0x76, 0x68, 0x40, 0x40, 0x00, 0x00, 0x00, 0x00
.globl _sym_00c64080
_sym_00c64080:
.long _sym_00b69fe8
.byte 0x00, 0x00, 0x00, 0x00, 0x2e, 0x3f, 0x41, 0x55, 0x4e, 0x6f, 0x64, 0x65, 0x54, 0x72, 0x69, 0x61
.byte 0x6e, 0x67, 0x6c, 0x65, 0x43, 0x61, 0x6c, 0x6c, 0x62, 0x61, 0x63, 0x6b, 0x40, 0x3f, 0x31, 0x3f
.byte 0x3f, 0x62, 0x75, 0x69, 0x6c, 0x64, 0x40, 0x62, 0x74, 0x4f, 0x70, 0x74, 0x69, 0x6d, 0x69, 0x7a
.byte 0x65, 0x64, 0x42, 0x76, 0x68, 0x40, 0x40, 0x51, 0x41, 0x45, 0x58, 0x50, 0x41, 0x56, 0x62, 0x74
.byte 0x53, 0x74, 0x72, 0x69, 0x64, 0x69, 0x6e, 0x67, 0x4d, 0x65, 0x73, 0x68, 0x49, 0x6e, 0x74, 0x65
.byte 0x72, 0x66, 0x61, 0x63, 0x65, 0x40, 0x40, 0x5f, 0x4e, 0x41, 0x42, 0x56, 0x62, 0x74, 0x56, 0x65
.byte 0x63, 0x74, 0x6f, 0x72, 0x33, 0x40, 0x40, 0x32, 0x40, 0x5a, 0x40, 0x00
.globl _sym_00c640f0
_sym_00c640f0:
.long _sym_00b69fe8
.byte 0x00, 0x00, 0x00, 0x00, 0x2e, 0x3f, 0x41, 0x55, 0x51, 0x75, 0x61, 0x6e, 0x74, 0x69, 0x7a, 0x65
.byte 0x64, 0x4e, 0x6f, 0x64, 0x65, 0x54, 0x72, 0x69, 0x61, 0x6e, 0x67, 0x6c, 0x65, 0x43, 0x61, 0x6c
.byte 0x6c, 0x62, 0x61, 0x63, 0x6b, 0x40, 0x3f, 0x32, 0x3f, 0x3f, 0x62, 0x75, 0x69, 0x6c, 0x64, 0x40
.byte 0x62, 0x74, 0x4f, 0x70, 0x74, 0x69, 0x6d, 0x69, 0x7a, 0x65, 0x64, 0x42, 0x76, 0x68, 0x40, 0x40
.byte 0x51, 0x41, 0x45, 0x58, 0x50, 0x41, 0x56, 0x62, 0x74, 0x53, 0x74, 0x72, 0x69, 0x64, 0x69, 0x6e
.byte 0x67, 0x4d, 0x65, 0x73, 0x68, 0x49, 0x6e, 0x74, 0x65, 0x72, 0x66, 0x61, 0x63, 0x65, 0x40, 0x40
.byte 0x5f, 0x4e, 0x41, 0x42, 0x56, 0x62, 0x74, 0x56, 0x65, 0x63, 0x74, 0x6f, 0x72, 0x33, 0x40, 0x40
.byte 0x32, 0x40, 0x5a, 0x40, 0x00, 0x00, 0x00, 0x00
.globl _sym_00c6416c
_sym_00c6416c:
.long _sym_00b69fe8
.byte 0x00, 0x00, 0x00, 0x00, 0x2e, 0x3f, 0x41, 0x56, 0x62, 0x74, 0x43, 0x6f, 0x6c, 0x6c, 0x69, 0x73
.byte 0x69, 0x6f, 0x6e, 0x41, 0x6c, 0x67, 0x6f, 0x72, 0x69, 0x74, 0x68, 0x6d, 0x40, 0x40, 0x00, 0x00
.globl _sym_00c64190
_sym_00c64190:
.long _sym_00b69fe8
.byte 0x00, 0x00, 0x00, 0x00, 0x2e, 0x3f, 0x41, 0x55, 0x62, 0x74, 0x44, 0x69, 0x73, 0x63, 0x72, 0x65
.byte 0x74, 0x65, 0x43, 0x6f, 0x6c, 0x6c, 0x69, 0x73, 0x69, 0x6f, 0x6e, 0x44, 0x65, 0x74, 0x65, 0x63
.byte 0x74, 0x6f, 0x72, 0x49, 0x6e, 0x74, 0x65, 0x72, 0x66, 0x61, 0x63, 0x65, 0x40, 0x40, 0x00, 0x00
.globl _sym_00c641c4
_sym_00c641c4:
.long _sym_00b69fe8
.byte 0x00, 0x00, 0x00, 0x00, 0x2e, 0x3f, 0x41, 0x56, 0x62, 0x74, 0x43, 0x6f, 0x6e, 0x76, 0x65, 0x78
.byte 0x43, 0x6f, 0x6e, 0x76, 0x65, 0x78, 0x41, 0x6c, 0x67, 0x6f, 0x72, 0x69, 0x74, 0x68, 0x6d, 0x40
.byte 0x40, 0x00, 0x00, 0x00
.globl _sym_00c641ec
_sym_00c641ec:
.long _sym_00b69fe8
.byte 0x00, 0x00, 0x00, 0x00, 0x2e, 0x3f, 0x41, 0x56, 0x62, 0x74, 0x41, 0x63, 0x74, 0x69, 0x76, 0x61
.byte 0x74, 0x69, 0x6e, 0x67, 0x43, 0x6f, 0x6c, 0x6c, 0x69, 0x73, 0x69, 0x6f, 0x6e, 0x41, 0x6c, 0x67
.byte 0x6f, 0x72, 0x69, 0x74, 0x68, 0x6d, 0x40, 0x40, 0x00, 0x00, 0x00, 0x00
.globl _sym_00c6421c
_sym_00c6421c:
.long _sym_00b69fe8
.byte 0x00, 0x00, 0x00, 0x00, 0x2e, 0x3f, 0x41, 0x55, 0x43, 0x72, 0x65, 0x61, 0x74, 0x65, 0x46, 0x75
.byte 0x6e, 0x63, 0x40, 0x62, 0x74, 0x43, 0x6f, 0x6e, 0x76, 0x65, 0x78, 0x43, 0x6f, 0x6e, 0x76, 0x65
.byte 0x78, 0x41, 0x6c, 0x67, 0x6f, 0x72, 0x69, 0x74, 0x68, 0x6d, 0x40, 0x40, 0x00, 0x00, 0x00, 0x00
.globl _sym_00c64250
_sym_00c64250:
.long _sym_00b69fe8
.byte 0x00, 0x00, 0x00, 0x00, 0x2e, 0x3f, 0x41, 0x55, 0x62, 0x74, 0x50, 0x65, 0x72, 0x74, 0x75, 0x72
.byte 0x62, 0x65, 0x64, 0x43, 0x6f, 0x6e, 0x74, 0x61, 0x63, 0x74, 0x52, 0x65, 0x73, 0x75, 0x6c, 0x74
.byte 0x40, 0x40, 0x00, 0x00
.globl _sym_00c64278
_sym_00c64278:
.long _sym_00b69fe8
.byte 0x00, 0x00, 0x00, 0x00, 0x2e, 0x3f, 0x41, 0x56, 0x62, 0x74, 0x45, 0x6d, 0x70, 0x74, 0x79, 0x41
.byte 0x6c, 0x67, 0x6f, 0x72, 0x69, 0x74, 0x68, 0x6d, 0x40, 0x40, 0x00, 0x00
.globl _sym_00c64298
_sym_00c64298:
.long _sym_00b69fe8
.byte 0x00, 0x00, 0x00, 0x00, 0x2e, 0x3f, 0x41, 0x56, 0x62, 0x74, 0x43, 0x6f, 0x6e, 0x76, 0x65, 0x78
.byte 0x54, 0x72, 0x69, 0x61, 0x6e, 0x67, 0x6c, 0x65, 0x43, 0x61, 0x6c, 0x6c, 0x62, 0x61, 0x63, 0x6b
.byte 0x40, 0x40, 0x00, 0x00
.globl _sym_00c642c0
_sym_00c642c0:
.long _sym_00b69fe8
.byte 0x00, 0x00, 0x00, 0x00, 0x2e, 0x3f, 0x41, 0x56, 0x62, 0x74, 0x43, 0x6f, 0x6e, 0x76, 0x65, 0x78
.byte 0x43, 0x6f, 0x6e, 0x63, 0x61, 0x76, 0x65, 0x43, 0x6f, 0x6c, 0x6c, 0x69, 0x73, 0x69, 0x6f, 0x6e
.byte 0x41, 0x6c, 0x67, 0x6f, 0x72, 0x69, 0x74, 0x68, 0x6d, 0x40, 0x40, 0x00
.globl _sym_00c642f0
_sym_00c642f0:
.long _sym_00b69fe8
.byte 0x00, 0x00, 0x00, 0x00, 0x2e, 0x3f, 0x41, 0x56, 0x62, 0x74, 0x54, 0x72, 0x69, 0x61, 0x6e, 0x67
.byte 0x6c, 0x65, 0x53, 0x68, 0x61, 0x70, 0x65, 0x40, 0x40, 0x00, 0x00, 0x00
.globl _sym_00c64310
_sym_00c64310:
.long _sym_00b69fe8
.byte 0x00, 0x00, 0x00, 0x00, 0x2e, 0x3f, 0x41, 0x55, 0x4c, 0x6f, 0x63, 0x61, 0x6c, 0x54, 0x72, 0x69
.byte 0x61, 0x6e, 0x67, 0x6c, 0x65, 0x53, 0x70, 0x68, 0x65, 0x72, 0x65, 0x43, 0x61, 0x73, 0x74, 0x43
.byte 0x61, 0x6c, 0x6c, 0x62, 0x61, 0x63, 0x6b, 0x40, 0x3f, 0x34, 0x3f, 0x3f, 0x63, 0x61, 0x6c, 0x63
.byte 0x75, 0x6c, 0x61, 0x74, 0x65, 0x54, 0x69, 0x6d, 0x65, 0x4f, 0x66, 0x49, 0x6d, 0x70, 0x61, 0x63
.byte 0x74, 0x40, 0x62, 0x74, 0x43, 0x6f, 0x6e, 0x76, 0x65, 0x78, 0x43, 0x6f, 0x6e, 0x63, 0x61, 0x76
.byte 0x65, 0x43, 0x6f, 0x6c, 0x6c, 0x69, 0x73, 0x69, 0x6f, 0x6e, 0x41, 0x6c, 0x67, 0x6f, 0x72, 0x69
.byte 0x74, 0x68, 0x6d, 0x40, 0x40, 0x55, 0x41, 0x45, 0x4d, 0x50, 0x41, 0x56, 0x62, 0x74, 0x43, 0x6f
.byte 0x6c, 0x6c, 0x69, 0x73, 0x69, 0x6f, 0x6e, 0x4f, 0x62, 0x6a, 0x65, 0x63, 0x74, 0x40, 0x40, 0x30
.byte 0x41, 0x42, 0x55, 0x62, 0x74, 0x44, 0x69, 0x73, 0x70, 0x61, 0x74, 0x63, 0x68, 0x65, 0x72, 0x49
.byte 0x6e, 0x66, 0x6f, 0x40, 0x40, 0x50, 0x41, 0x56, 0x62, 0x74, 0x4d, 0x61, 0x6e, 0x69, 0x66, 0x6f
.byte 0x6c, 0x64, 0x52, 0x65, 0x73, 0x75, 0x6c, 0x74, 0x40, 0x40, 0x40, 0x5a, 0x40, 0x00, 0x00, 0x00
.globl _sym_00c643c4
_sym_00c643c4:
.long _sym_00b69fe8
.byte 0x00, 0x00, 0x00, 0x00, 0x2e, 0x3f, 0x41, 0x56, 0x62, 0x74, 0x43, 0x6f, 0x6d, 0x70, 0x6f, 0x75
.byte 0x6e, 0x64, 0x43, 0x6f, 0x6c, 0x6c, 0x69, 0x73, 0x69, 0x6f, 0x6e, 0x41, 0x6c, 0x67, 0x6f, 0x72
.byte 0x69, 0x74, 0x68, 0x6d, 0x40, 0x40, 0x00, 0x00
.globl _sym_00c643f0
_sym_00c643f0:
.long _sym_00b69fe8
.byte 0x00, 0x00, 0x00, 0x00, 0x2e, 0x3f, 0x41, 0x56, 0x62, 0x74, 0x43, 0x6f, 0x6e, 0x76, 0x65, 0x78
.byte 0x50, 0x6c, 0x61, 0x6e, 0x65, 0x43, 0x6f, 0x6c, 0x6c, 0x69, 0x73, 0x69, 0x6f, 0x6e, 0x41, 0x6c
.byte 0x67, 0x6f, 0x72, 0x69, 0x74, 0x68, 0x6d, 0x40, 0x40, 0x00, 0x00, 0x00
.globl _sym_00c64420
_sym_00c64420:
.long _sym_00b69fe8
.byte 0x00, 0x00, 0x00, 0x00, 0x2e, 0x3f, 0x41, 0x56, 0x62, 0x74, 0x42, 0x6f, 0x78, 0x42, 0x6f, 0x78
.byte 0x43, 0x6f, 0x6c, 0x6c, 0x69, 0x73, 0x69, 0x6f, 0x6e, 0x41, 0x6c, 0x67, 0x6f, 0x72, 0x69, 0x74
.byte 0x68, 0x6d, 0x40, 0x40, 0x00, 0x00, 0x00, 0x00
.globl _sym_00c6444c
_sym_00c6444c:
.long _sym_00b69fe8
.byte 0x00, 0x00, 0x00, 0x00, 0x2e, 0x3f, 0x41, 0x56, 0x62, 0x74, 0x53, 0x70, 0x68, 0x65, 0x72, 0x65
.byte 0x53, 0x70, 0x68, 0x65, 0x72, 0x65, 0x43, 0x6f, 0x6c, 0x6c, 0x69, 0x73, 0x69, 0x6f, 0x6e, 0x41
.byte 0x6c, 0x67, 0x6f, 0x72, 0x69, 0x74, 0x68, 0x6d, 0x40, 0x40, 0x00, 0x00
.globl _sym_00c6447c
_sym_00c6447c:
.long _sym_00b69fe8
.byte 0x00, 0x00, 0x00, 0x00, 0x2e, 0x3f, 0x41, 0x56, 0x62, 0x74, 0x53, 0x70, 0x68, 0x65, 0x72, 0x65
.byte 0x54, 0x72, 0x69, 0x61, 0x6e, 0x67, 0x6c, 0x65, 0x43, 0x6f, 0x6c, 0x6c, 0x69, 0x73, 0x69, 0x6f
.byte 0x6e, 0x41, 0x6c, 0x67, 0x6f, 0x72, 0x69, 0x74, 0x68, 0x6d, 0x40, 0x40, 0x00, 0x00, 0x00, 0x00
.globl _sym_00c644b0
_sym_00c644b0:
.long _sym_00b69fe8
.byte 0x00, 0x00, 0x00, 0x00, 0x2e, 0x3f, 0x41, 0x55, 0x62, 0x74, 0x49, 0x6e, 0x74, 0x65, 0x72, 0x6d
.byte 0x65, 0x64, 0x69, 0x61, 0x74, 0x65, 0x52, 0x65, 0x73, 0x75, 0x6c, 0x74, 0x40, 0x3f, 0x31, 0x3f
.byte 0x3f, 0x63, 0x61, 0x6c, 0x63, 0x50, 0x65, 0x6e, 0x44, 0x65, 0x70, 0x74, 0x68, 0x40, 0x62, 0x74
.byte 0x4d, 0x69, 0x6e, 0x6b, 0x6f, 0x77, 0x73, 0x6b, 0x69, 0x50, 0x65, 0x6e, 0x65, 0x74, 0x72, 0x61
.byte 0x74, 0x69, 0x6f, 0x6e, 0x44, 0x65, 0x70, 0x74, 0x68, 0x53, 0x6f, 0x6c, 0x76, 0x65, 0x72, 0x40
.byte 0x40, 0x55, 0x41, 0x45, 0x5f, 0x4e, 0x41, 0x41, 0x56, 0x62, 0x74, 0x56, 0x6f, 0x72, 0x6f, 0x6e
.byte 0x6f, 0x69, 0x53, 0x69, 0x6d, 0x70, 0x6c, 0x65, 0x78, 0x53, 0x6f, 0x6c, 0x76, 0x65, 0x72, 0x40
.byte 0x40, 0x50, 0x42, 0x56, 0x62, 0x74, 0x43, 0x6f, 0x6e, 0x76, 0x65, 0x78, 0x53, 0x68, 0x61, 0x70
.byte 0x65, 0x40, 0x40, 0x31, 0x41, 0x42, 0x56, 0x62, 0x74, 0x54, 0x72, 0x61, 0x6e, 0x73, 0x66, 0x6f
.byte 0x72, 0x6d, 0x40, 0x40, 0x32, 0x41, 0x41, 0x56, 0x62, 0x74, 0x56, 0x65, 0x63, 0x74, 0x6f, 0x72
.byte 0x33, 0x40, 0x40, 0x33, 0x33, 0x50, 0x41, 0x56, 0x62, 0x74, 0x49, 0x44, 0x65, 0x62, 0x75, 0x67
.byte 0x44, 0x72, 0x61, 0x77, 0x40, 0x40, 0x50, 0x41, 0x56, 0x62, 0x74, 0x53, 0x74, 0x61, 0x63, 0x6b
.byte 0x41, 0x6c, 0x6c, 0x6f, 0x63, 0x40, 0x40, 0x40, 0x5a, 0x40, 0x00, 0x00
.globl _sym_00c64580
_sym_00c64580:
.long _sym_00b69fe8
.byte 0x00, 0x00, 0x00, 0x00, 0x2e, 0x3f, 0x41, 0x56, 0x62, 0x74, 0x48, 0x61, 0x73, 0x68, 0x65, 0x64
.byte 0x4f, 0x76, 0x65, 0x72, 0x6c, 0x61, 0x70, 0x70, 0x69, 0x6e, 0x67, 0x50, 0x61, 0x69, 0x72, 0x43
.byte 0x61, 0x63, 0x68, 0x65, 0x40, 0x40, 0x00, 0x00
.globl _sym_00c645ac
_sym_00c645ac:
.long _sym_00b69fe8
.byte 0x00, 0x00, 0x00, 0x00, 0x2e, 0x3f, 0x41, 0x56, 0x62, 0x74, 0x53, 0x6f, 0x72, 0x74, 0x65, 0x64
.byte 0x4f, 0x76, 0x65, 0x72, 0x6c, 0x61, 0x70, 0x70, 0x69, 0x6e, 0x67, 0x50, 0x61, 0x69, 0x72, 0x43
.byte 0x61, 0x63, 0x68, 0x65, 0x40, 0x40, 0x00, 0x00
.globl _sym_00c645d8
_sym_00c645d8:
.long _sym_00b69fe8
.byte 0x00, 0x00, 0x00, 0x00, 0x2e, 0x3f, 0x41, 0x56, 0x43, 0x6c, 0x65, 0x61, 0x6e, 0x50, 0x61, 0x69
.byte 0x72, 0x43, 0x61, 0x6c, 0x6c, 0x62, 0x61, 0x63, 0x6b, 0x40, 0x3f, 0x31, 0x3f, 0x3f, 0x63, 0x6c
.byte 0x65, 0x61, 0x6e, 0x50, 0x72, 0x6f, 0x78, 0x79, 0x46, 0x72, 0x6f, 0x6d, 0x50, 0x61, 0x69, 0x72
.byte 0x73, 0x40, 0x62, 0x74, 0x48, 0x61, 0x73, 0x68, 0x65, 0x64, 0x4f, 0x76, 0x65, 0x72, 0x6c, 0x61
.byte 0x70, 0x70, 0x69, 0x6e, 0x67, 0x50, 0x61, 0x69, 0x72, 0x43, 0x61, 0x63, 0x68, 0x65, 0x40, 0x40
.byte 0x55, 0x41, 0x45, 0x58, 0x50, 0x41, 0x55, 0x62, 0x74, 0x42, 0x72, 0x6f, 0x61, 0x64, 0x70, 0x68
.byte 0x61, 0x73, 0x65, 0x50, 0x72, 0x6f, 0x78, 0x79, 0x40, 0x40, 0x50, 0x41, 0x56, 0x62, 0x74, 0x44
.byte 0x69, 0x73, 0x70, 0x61, 0x74, 0x63, 0x68, 0x65, 0x72, 0x40, 0x40, 0x40, 0x5a, 0x40, 0x00, 0x00
.byte 0x00, 0x00, 0x00, 0x00
.globl _sym_00c64660
_sym_00c64660:
.long _sym_00b69fe8
.byte 0x00, 0x00, 0x00, 0x00, 0x2e, 0x3f, 0x41, 0x56, 0x52, 0x65, 0x6d, 0x6f, 0x76, 0x65, 0x50, 0x61
.byte 0x69, 0x72, 0x43, 0x61, 0x6c, 0x6c, 0x62, 0x61, 0x63, 0x6b, 0x40, 0x3f, 0x31, 0x3f, 0x3f, 0x72
.byte 0x65, 0x6d, 0x6f, 0x76, 0x65, 0x4f, 0x76, 0x65, 0x72, 0x6c, 0x61, 0x70, 0x70, 0x69, 0x6e, 0x67
.byte 0x50, 0x61, 0x69, 0x72, 0x73, 0x43, 0x6f, 0x6e, 0x74, 0x61, 0x69, 0x6e, 0x69, 0x6e, 0x67, 0x50
.byte 0x72, 0x6f, 0x78, 0x79, 0x40, 0x62, 0x74, 0x48, 0x61, 0x73, 0x68, 0x65, 0x64, 0x4f, 0x76, 0x65
.byte 0x72, 0x6c, 0x61, 0x70, 0x70, 0x69, 0x6e, 0x67, 0x50, 0x61, 0x69, 0x72, 0x43, 0x61, 0x63, 0x68
.byte 0x65, 0x40, 0x40, 0x55, 0x41, 0x45, 0x58, 0x50, 0x41, 0x55, 0x62, 0x74, 0x42, 0x72, 0x6f, 0x61
.byte 0x64, 0x70, 0x68, 0x61, 0x73, 0x65, 0x50, 0x72, 0x6f, 0x78, 0x79, 0x40, 0x40, 0x50, 0x41, 0x56
.byte 0x62, 0x74, 0x44, 0x69, 0x73, 0x70, 0x61, 0x74, 0x63, 0x68, 0x65, 0x72, 0x40, 0x40, 0x40, 0x5a
.byte 0x40, 0x00, 0x00, 0x00
.globl _sym_00c646f8
_sym_00c646f8:
.long _sym_00b69fe8
.byte 0x00, 0x00, 0x00, 0x00, 0x2e, 0x3f, 0x41, 0x56, 0x43, 0x6c, 0x65, 0x61, 0x6e, 0x50, 0x61, 0x69
.byte 0x72, 0x43, 0x61, 0x6c, 0x6c, 0x62, 0x61, 0x63, 0x6b, 0x40, 0x3f, 0x31, 0x3f, 0x3f, 0x63, 0x6c
.byte 0x65, 0x61, 0x6e, 0x50, 0x72, 0x6f, 0x78, 0x79, 0x46, 0x72, 0x6f, 0x6d, 0x50, 0x61, 0x69, 0x72
.byte 0x73, 0x40, 0x62, 0x74, 0x53, 0x6f, 0x72, 0x74, 0x65, 0x64, 0x4f, 0x76, 0x65, 0x72, 0x6c, 0x61
.byte 0x70, 0x70, 0x69, 0x6e, 0x67, 0x50, 0x61, 0x69, 0x72, 0x43, 0x61, 0x63, 0x68, 0x65, 0x40, 0x40
.byte 0x55, 0x41, 0x45, 0x58, 0x50, 0x41, 0x55, 0x62, 0x74, 0x42, 0x72, 0x6f, 0x61, 0x64, 0x70, 0x68
.byte 0x61, 0x73, 0x65, 0x50, 0x72, 0x6f, 0x78, 0x79, 0x40, 0x40, 0x50, 0x41, 0x56, 0x62, 0x74, 0x44
.byte 0x69, 0x73, 0x70, 0x61, 0x74, 0x63, 0x68, 0x65, 0x72, 0x40, 0x40, 0x40, 0x5a, 0x40, 0x00, 0x00
.byte 0x00, 0x00, 0x00, 0x00
.globl _sym_00c64780
_sym_00c64780:
.long _sym_00b69fe8
.byte 0x00, 0x00, 0x00, 0x00, 0x2e, 0x3f, 0x41, 0x56, 0x52, 0x65, 0x6d, 0x6f, 0x76, 0x65, 0x50, 0x61
.byte 0x69, 0x72, 0x43, 0x61, 0x6c, 0x6c, 0x62, 0x61, 0x63, 0x6b, 0x40, 0x3f, 0x31, 0x3f, 0x3f, 0x72
.byte 0x65, 0x6d, 0x6f, 0x76, 0x65, 0x4f, 0x76, 0x65, 0x72, 0x6c, 0x61, 0x70, 0x70, 0x69, 0x6e, 0x67
.byte 0x50, 0x61, 0x69, 0x72, 0x73, 0x43, 0x6f, 0x6e, 0x74, 0x61, 0x69, 0x6e, 0x69, 0x6e, 0x67, 0x50
.byte 0x72, 0x6f, 0x78, 0x79, 0x40, 0x62, 0x74, 0x53, 0x6f, 0x72, 0x74, 0x65, 0x64, 0x4f, 0x76, 0x65
.byte 0x72, 0x6c, 0x61, 0x70, 0x70, 0x69, 0x6e, 0x67, 0x50, 0x61, 0x69, 0x72, 0x43, 0x61, 0x63, 0x68
.byte 0x65, 0x40, 0x40, 0x55, 0x41, 0x45, 0x58, 0x50, 0x41, 0x55, 0x62, 0x74, 0x42, 0x72, 0x6f, 0x61
.byte 0x64, 0x70, 0x68, 0x61, 0x73, 0x65, 0x50, 0x72, 0x6f, 0x78, 0x79, 0x40, 0x40, 0x50, 0x41, 0x56
.byte 0x62, 0x74, 0x44, 0x69, 0x73, 0x70, 0x61, 0x74, 0x63, 0x68, 0x65, 0x72, 0x40, 0x40, 0x40, 0x5a
.byte 0x40, 0x00, 0x00, 0x00
.globl _sym_00c64818
_sym_00c64818:
.long _sym_00b69fe8
.byte 0x00, 0x00, 0x00, 0x00, 0x2e, 0x3f, 0x41, 0x55, 0x62, 0x74, 0x44, 0x62, 0x76, 0x74, 0x42, 0x72
.byte 0x6f, 0x61, 0x64, 0x70, 0x68, 0x61, 0x73, 0x65, 0x40, 0x40, 0x00, 0x00
.globl _sym_00c64838
_sym_00c64838:
.byte 0x0a, 0xd7, 0xa3, 0x3c
.globl _sym_00c6483c
_sym_00c6483c:
.long _sym_00b69fe8
.byte 0x00, 0x00, 0x00, 0x00, 0x2e, 0x3f, 0x41, 0x56, 0x62, 0x74, 0x43, 0x6f, 0x6e, 0x76, 0x65, 0x78
.byte 0x43, 0x61, 0x73, 0x74, 0x40, 0x40, 0x00, 0x00
.globl _sym_00c64858
_sym_00c64858:
.long _sym_00b69fe8
.byte 0x00, 0x00, 0x00, 0x00, 0x2e, 0x3f, 0x41, 0x56, 0x62, 0x74, 0x53, 0x75, 0x62, 0x73, 0x69, 0x6d
.byte 0x70, 0x6c, 0x65, 0x78, 0x43, 0x6f, 0x6e, 0x76, 0x65, 0x78, 0x43, 0x61, 0x73, 0x74, 0x40, 0x40
.byte 0x00, 0x00, 0x00, 0x00
.globl _sym_00c64880
_sym_00c64880:
.long _sym_00b69fe8
.byte 0x00, 0x00, 0x00, 0x00, 0x2e, 0x3f, 0x41, 0x56, 0x62, 0x74, 0x43, 0x6f, 0x6e, 0x74, 0x69, 0x6e
.byte 0x75, 0x6f, 0x75, 0x73, 0x43, 0x6f, 0x6e, 0x76, 0x65, 0x78, 0x43, 0x6f, 0x6c, 0x6c, 0x69, 0x73
.byte 0x69, 0x6f, 0x6e, 0x40, 0x40, 0x00, 0x00, 0x00
.globl _sym_00c648ac
_sym_00c648ac:
.long _sym_00b69fe8
.byte 0x00, 0x00, 0x00, 0x00, 0x2e, 0x3f, 0x41, 0x55, 0x62, 0x74, 0x50, 0x6f, 0x69, 0x6e, 0x74, 0x43
.byte 0x6f, 0x6c, 0x6c, 0x65, 0x63, 0x74, 0x6f, 0x72, 0x40, 0x40, 0x00, 0x00
.globl _sym_00c648cc
_sym_00c648cc:
.long _sym_00b69fe8
.byte 0x00, 0x00, 0x00, 0x00, 0x2e, 0x3f, 0x41, 0x56, 0x62, 0x74, 0x47, 0x6a, 0x6b, 0x50, 0x61, 0x69
.byte 0x72, 0x44, 0x65, 0x74, 0x65, 0x63, 0x74, 0x6f, 0x72, 0x40, 0x40, 0x00
.globl _sym_00c648ec
_sym_00c648ec:
.long _sym_00b69fe8
.byte 0x00, 0x00, 0x00, 0x00, 0x2e, 0x3f, 0x41, 0x56, 0x62, 0x74, 0x47, 0x6a, 0x6b, 0x43, 0x6f, 0x6e
.byte 0x76, 0x65, 0x78, 0x43, 0x61, 0x73, 0x74, 0x40, 0x40, 0x00, 0x00, 0x00
.globl _sym_00c6490c
_sym_00c6490c:
.long _sym_00b69fe8
.byte 0x00, 0x00, 0x00, 0x00, 0x2e, 0x3f, 0x41, 0x55, 0x62, 0x74, 0x42, 0x6f, 0x78, 0x42, 0x6f, 0x78
.byte 0x44, 0x65, 0x74, 0x65, 0x63, 0x74, 0x6f, 0x72, 0x40, 0x40, 0x00, 0x00
.globl _sym_00c6492c
_sym_00c6492c:
.long _sym_00b69fe8
.byte 0x00, 0x00, 0x00, 0x00, 0x2e, 0x3f, 0x41, 0x55, 0x53, 0x70, 0x68, 0x65, 0x72, 0x65, 0x54, 0x72
.byte 0x69, 0x61, 0x6e, 0x67, 0x6c, 0x65, 0x44, 0x65, 0x74, 0x65, 0x63, 0x74, 0x6f, 0x72, 0x40, 0x40
.byte 0x00, 0x00, 0x00, 0x00
.globl _sym_00c64954
_sym_00c64954:
.byte 0x00, 0x00, 0x00, 0x40
.globl _sym_00c64958
_sym_00c64958:
.long _sym_00b69fe8
.byte 0x00, 0x00, 0x00, 0x00, 0x2e, 0x3f, 0x41, 0x56, 0x62, 0x74, 0x52, 0x69, 0x67, 0x69, 0x64, 0x42
.byte 0x6f, 0x64, 0x79, 0x40, 0x40, 0x00, 0x00, 0x00
.globl _sym_00c64974
_sym_00c64974:
.byte 0x20, 0x00, 0x00, 0x00
.globl _sym_00c64978
_sym_00c64978:
.long _sym_00b69fe8
.byte 0x00, 0x00, 0x00, 0x00, 0x2e, 0x3f, 0x41, 0x56, 0x62, 0x74, 0x44, 0x79, 0x6e, 0x61, 0x6d, 0x69
.byte 0x63, 0x73, 0x57, 0x6f, 0x72, 0x6c, 0x64, 0x40, 0x40, 0x00, 0x00, 0x00
.globl _sym_00c64998
_sym_00c64998:
.long _sym_00b69fe8
.byte 0x00, 0x00, 0x00, 0x00, 0x2e, 0x3f, 0x41, 0x56, 0x62, 0x74, 0x44, 0x69, 0x73, 0x63, 0x72, 0x65
.byte 0x74, 0x65, 0x44, 0x79, 0x6e, 0x61, 0x6d, 0x69, 0x63, 0x73, 0x57, 0x6f, 0x72, 0x6c, 0x64, 0x40
.byte 0x40, 0x00, 0x00, 0x00
.globl _sym_00c649c0
_sym_00c649c0:
.long _sym_00b69fe8
.byte 0x00, 0x00, 0x00, 0x00, 0x2e, 0x3f, 0x41, 0x55, 0x49, 0x73, 0x6c, 0x61, 0x6e, 0x64, 0x43, 0x61
.byte 0x6c, 0x6c, 0x62, 0x61, 0x63, 0x6b, 0x40, 0x62, 0x74, 0x53, 0x69, 0x6d, 0x75, 0x6c, 0x61, 0x74
.byte 0x69, 0x6f, 0x6e, 0x49, 0x73, 0x6c, 0x61, 0x6e, 0x64, 0x4d, 0x61, 0x6e, 0x61, 0x67, 0x65, 0x72
.byte 0x40, 0x40, 0x00, 0x00
.globl _sym_00c649f8
_sym_00c649f8:
.long _sym_00b69fe8
.byte 0x00, 0x00, 0x00, 0x00, 0x2e, 0x3f, 0x41, 0x55, 0x49, 0x6e, 0x70, 0x6c, 0x61, 0x63, 0x65, 0x53
.byte 0x6f, 0x6c, 0x76, 0x65, 0x72, 0x49, 0x73, 0x6c, 0x61, 0x6e, 0x64, 0x43, 0x61, 0x6c, 0x6c, 0x62
.byte 0x61, 0x63, 0x6b, 0x40, 0x3f, 0x31, 0x3f, 0x3f, 0x73, 0x6f, 0x6c, 0x76, 0x65, 0x43, 0x6f, 0x6e
.byte 0x73, 0x74, 0x72, 0x61, 0x69, 0x6e, 0x74, 0x73, 0x40, 0x62, 0x74, 0x44, 0x69, 0x73, 0x63, 0x72
.byte 0x65, 0x74, 0x65, 0x44, 0x79, 0x6e, 0x61, 0x6d, 0x69, 0x63, 0x73, 0x57, 0x6f, 0x72, 0x6c, 0x64
.byte 0x40, 0x40, 0x4d, 0x41, 0x45, 0x58, 0x41, 0x41, 0x55, 0x62, 0x74, 0x43, 0x6f, 0x6e, 0x74, 0x61
.byte 0x63, 0x74, 0x53, 0x6f, 0x6c, 0x76, 0x65, 0x72, 0x49, 0x6e, 0x66, 0x6f, 0x40, 0x40, 0x40, 0x5a
.byte 0x40, 0x00, 0x00, 0x00
.globl _sym_00c64a70
_sym_00c64a70:
.long _sym_00b69fe8
.byte 0x00, 0x00, 0x00, 0x00, 0x2e, 0x3f, 0x41, 0x56, 0x62, 0x74, 0x43, 0x6c, 0x6f, 0x73, 0x65, 0x73
.byte 0x74, 0x4e, 0x6f, 0x74, 0x4d, 0x65, 0x43, 0x6f, 0x6e, 0x76, 0x65, 0x78, 0x52, 0x65, 0x73, 0x75
.byte 0x6c, 0x74, 0x43, 0x61, 0x6c, 0x6c, 0x62, 0x61, 0x63, 0x6b, 0x40, 0x40, 0x00, 0x00, 0x00, 0x00
.globl _sym_00c64aa4
_sym_00c64aa4:
.long _sym_00b69fe8
.byte 0x00, 0x00, 0x00, 0x00, 0x2e, 0x3f, 0x41, 0x56, 0x62, 0x74, 0x43, 0x6f, 0x6e, 0x73, 0x74, 0x72
.byte 0x61, 0x69, 0x6e, 0x74, 0x53, 0x6f, 0x6c, 0x76, 0x65, 0x72, 0x40, 0x40, 0x00, 0x00, 0x00, 0x00
.globl _sym_00c64ac8
_sym_00c64ac8:
.long _sym_00b69fe8
.byte 0x00, 0x00, 0x00, 0x00, 0x2e, 0x3f, 0x41, 0x56, 0x62, 0x74, 0x53, 0x65, 0x71, 0x75, 0x65, 0x6e
.byte 0x74, 0x69, 0x61, 0x6c, 0x49, 0x6d, 0x70, 0x75, 0x6c, 0x73, 0x65, 0x43, 0x6f, 0x6e, 0x73, 0x74
.byte 0x72, 0x61, 0x69, 0x6e, 0x74, 0x53, 0x6f, 0x6c, 0x76, 0x65, 0x72, 0x40, 0x40, 0x00, 0x00, 0x00
.globl _sym_00c64afc
_sym_00c64afc:
.long _sym_00b69fe8
.byte 0x00, 0x00, 0x00, 0x00, 0x2e, 0x3f, 0x41, 0x56, 0x62, 0x74, 0x4b, 0x69, 0x6e, 0x65, 0x6d, 0x61
.byte 0x74, 0x69, 0x63, 0x43, 0x6c, 0x6f, 0x73, 0x65, 0x73, 0x74, 0x4e, 0x6f, 0x74, 0x4d, 0x65, 0x43
.byte 0x6f, 0x6e, 0x76, 0x65, 0x78, 0x52, 0x65, 0x73, 0x75, 0x6c, 0x74, 0x43, 0x61, 0x6c, 0x6c, 0x62
.byte 0x61, 0x63, 0x6b, 0x40, 0x40, 0x00
.globl _sym_00c64b36
_sym_00c64b36:
.byte 0x01, 0x00, 0x00, 0x00, 0x00, 0x00, 0x00, 0x00, 0x00, 0x00
.globl _sym_00c64b40
_sym_00c64b40:
.byte 0x00, 0x00, 0x80, 0x3f
.globl _sym_00c64b44
_sym_00c64b44:
.byte 0x00, 0x00, 0x00, 0x00
.globl _sym_00c64b48
_sym_00c64b48:
.byte 0x00, 0x00, 0x00, 0x00, 0x00, 0x00, 0x00, 0x00
.globl _sym_00c64b50
_sym_00c64b50:
.long _sym_00b69fe8
.byte 0x00, 0x00, 0x00, 0x00, 0x2e, 0x3f, 0x41, 0x56, 0x62, 0x74, 0x54, 0x79, 0x70, 0x65, 0x64, 0x43
.byte 0x6f, 0x6e, 0x73, 0x74, 0x72, 0x61, 0x69, 0x6e, 0x74, 0x40, 0x40, 0x00
.globl _sym_00c64b70
_sym_00c64b70:
.long _sym_00b69fe8
.byte 0x00, 0x00, 0x00, 0x00, 0x2e, 0x3f, 0x41, 0x55, 0x62, 0x74, 0x54, 0x79, 0x70, 0x65, 0x64, 0x4f
.byte 0x62, 0x6a, 0x65, 0x63, 0x74, 0x40, 0x40, 0x00
.globl _sym_00c64b8c
_sym_00c64b8c:
.long _sym_00b69fe8
.byte 0x00, 0x00, 0x00, 0x00, 0x2e, 0x3f, 0x41, 0x56, 0x62, 0x74, 0x43, 0x6f, 0x6e, 0x65, 0x54, 0x77
.byte 0x69, 0x73, 0x74, 0x43, 0x6f, 0x6e, 0x73, 0x74, 0x72, 0x61, 0x69, 0x6e, 0x74, 0x40, 0x40, 0x00
.globl _sym_00c64bb0
_sym_00c64bb0:
.long _sym_00b69fe8
.byte 0x00, 0x00, 0x00, 0x00, 0x2e, 0x3f, 0x41, 0x56, 0x62, 0x74, 0x47, 0x65, 0x6e, 0x65, 0x72, 0x69
.byte 0x63, 0x36, 0x44, 0x6f, 0x66, 0x43, 0x6f, 0x6e, 0x73, 0x74, 0x72, 0x61, 0x69, 0x6e, 0x74, 0x40
.byte 0x40, 0x00, 0x00, 0x00
.globl _sym_00c64bd8
_sym_00c64bd8:
.long _sym_009d4c60
.globl _sym_00c64bdc
_sym_00c64bdc:
.long _sym_009d4c70
.globl _sym_00c64be0
_sym_00c64be0:
.long _sym_009d4c80
.globl _sym_00c64be4
_sym_00c64be4:
.long _sym_009d4cc0
.globl _sym_00c64be8
_sym_00c64be8:
.byte 0x6f, 0x12, 0x83, 0x3a
.globl _sym_00c64bec
_sym_00c64bec:
.byte 0xff, 0xff, 0xff, 0xff
.globl _sym_00c64bf0
_sym_00c64bf0:
.long _sym_00b702b4
.long _sym_0193fcfc
.long _sym_00c64bf0
.byte 0x00, 0x00, 0x00, 0x00, 0x00, 0x00, 0x00, 0x00, 0x02, 0x00, 0x00, 0x00, 0x00, 0x00, 0x00, 0x00
.byte 0x00, 0x00, 0x00, 0x00
.globl _sym_00c64c10
_sym_00c64c10:
.byte 0x4f, 0x1b, 0x00, 0x00
.globl _sym_00c64c14
_sym_00c64c14:
.byte 0x38, 0x02, 0x00, 0x00
.globl _sym_00c64c18
_sym_00c64c18:
.byte 0x77, 0x02, 0x00, 0x00, 0x4f, 0x1b, 0x00, 0x00, 0x4c, 0x02, 0x00, 0x00
.globl _sym_00c64c24
_sym_00c64c24:
.byte 0x7b, 0x02, 0x00, 0x00, 0x4f, 0x1b, 0x00, 0x00, 0x76, 0x02, 0x00, 0x00, 0x6e, 0x02, 0x00, 0x00
.byte 0x4f, 0x1b, 0x00, 0x00, 0x38, 0x02, 0x00, 0x00, 0x6f, 0x02, 0x00, 0x00, 0x4f, 0x1b, 0x00, 0x00
.byte 0x79, 0x02, 0x00, 0x00, 0x71, 0x02, 0x00, 0x00, 0x4f, 0x1b, 0x00, 0x00, 0x78, 0x02, 0x00, 0x00
.byte 0x70, 0x02, 0x00, 0x00, 0x4f, 0x1b, 0x00, 0x00, 0x7a, 0x02, 0x00, 0x00, 0x72, 0x02, 0x00, 0x00
.byte 0x4f, 0x1b, 0x00, 0x00, 0x7c, 0x02, 0x00, 0x00, 0x74, 0x02, 0x00, 0x00, 0x4f, 0x1b, 0x00, 0x00
.byte 0x4c, 0x02, 0x00, 0x00, 0x73, 0x02, 0x00, 0x00, 0x4f, 0x1b, 0x00, 0x00, 0x7d, 0x02, 0x00, 0x00
.byte 0x75, 0x02, 0x00, 0x00, 0xcd, 0x18, 0x00, 0x00, 0x68, 0x02, 0x00, 0x00, 0x5c, 0x01, 0x00, 0x00
.byte 0xcd, 0x18, 0x00, 0x00, 0x4f, 0x02, 0x00, 0x00, 0x5e, 0x01, 0x00, 0x00
.globl _sym_00c64ca0
_sym_00c64ca0:
.byte 0xff, 0xff, 0xff, 0xff
.globl _sym_00c64ca4
_sym_00c64ca4:
.byte 0xff, 0xff, 0xff, 0xff
.globl _sym_00c64ca8
_sym_00c64ca8:
.byte 0xff, 0xff, 0xff, 0xff
.globl _sym_00c64cac
_sym_00c64cac:
.byte 0xff, 0xff, 0xff, 0xff
.globl _sym_00c64cb0
_sym_00c64cb0:
.byte 0x00, 0x00, 0x00, 0x00
.globl _sym_00c64cb4
_sym_00c64cb4:
.byte 0xb5, 0x02, 0x00, 0x00, 0xb6, 0x02, 0x00, 0x00, 0xb7, 0x02, 0x00, 0x00, 0xb8, 0x02, 0x00, 0x00
.byte 0x2c, 0x00, 0x00, 0x00, 0xc8, 0x02, 0x00, 0x00, 0xc9, 0x02, 0x00, 0x00, 0xd5, 0x02, 0x00, 0x00
.byte 0xff, 0xff, 0xff, 0xff
.globl _sym_00c64cd8
_sym_00c64cd8:
.byte 0xff, 0xff, 0xff, 0xff, 0x00, 0x00, 0x00, 0x00
.globl _sym_00c64ce0
_sym_00c64ce0:
.byte 0x01, 0x00, 0x00, 0x00, 0x00, 0x00, 0x00, 0x00
.globl _sym_00c64ce8
_sym_00c64ce8:
.long _sym_00825010
.long _sym_008327e0
.long _sym_008246e0
.long _sym_00824700
.long _sym_00829f70
.long _sym_0082a0c0
.long _sym_0082ebe0
.long _sym_0082aa20
.long _sym_0082aa50
.long _sym_00833eb0
.long _sym_0082aab0
.long _sym_0082ac40
.long _sym_0082acc0
.long _sym_00834040
.long _sym_0082ad80
.long _sym_0082adb0
.long _sym_0082adc0
.long _sym_0082add0
.long _sym_00836b70
.long _sym_0082ae10
.long _sym_00839340
.long _sym_0082aeb0
.long _sym_008398e0
.long _sym_0082b090
.long _sym_00824f90
.long _sym_008368b0
.long _sym_008368f0
.long _sym_00836ac0
.long _sym_00836ad0
.long _sym_00835680
.long _sym_0082b100
.long _sym_0082b480
.long _sym_0082b4c0
.long _sym_0082b500
.long _sym_0082b5a0
.long _sym_0082b5e0
.long _sym_00837b40
.long _sym_00837d80
.long _sym_0082b980
.long _sym_00740f70
.long _sym_0075b830
.long _sym_0075b900
.long _sym_0075b940
.long _sym_0075b9b0
.long _sym_0075b9f0
.long _sym_0075bac0
.long _sym_0075bb30
.long _sym_0075bbb0
.long _sym_0075bed0
.long _sym_0075bfa0
.long _sym_0075bfe0
.long _sym_0075c050
.long _sym_0075c090
.long _sym_0075c160
.long _sym_0075c480
.long _sym_0075c500
.long _sym_0075d0d0
.long _sym_0075d140
.long _sym_0075d2e0
.long _sym_0075d330
.long _sym_0075e520
.long _sym_0075e560
.long _sym_00730ba0
.long _sym_00730dd0
.long _sym_00730fd0
.long _sym_007311e0
.long _sym_007326c0
.long _sym_0072d470
.long _sym_0072d830
.long _sym_00734200
.long _sym_00734240
.long _sym_00734950
.long _sym_00734c40
.long _sym_00734ca0
.long _sym_00734fc0
.long _sym_00736e40
.long _sym_00736f20
.long _sym_00736f50
.long _sym_007371f0
.long _sym_00736110
.long _sym_00736640
.long _sym_00736520
.long _sym_007365a0
.long _sym_00736630
.long _sym_00737830
.long _sym_00738000
.long _sym_007385b0
.long _sym_00740aa0
.long _sym_0072e870
.long _sym_0072e810
.long _sym_0072e840
.long _sym_00757930
.long _sym_00757c20
.long _sym_00758a50
.long _sym_00758ac0
.long _sym_00759010
.long _sym_00759080
.long _sym_007592f0
.long _sym_00759360
.long _sym_0075c540
.long _sym_0075c5b0
.long _sym_0075cf20
.long _sym_0075cf70
.long _sym_00736a20
.long _sym_007598a0
.long _sym_007598f0
.long _sym_00759740
.long _sym_00759890
.long _sym_00732200
.long _sym_00732c10
.long _sym_00735230
.long _sym_00735590
.long _sym_007385f0
.long _sym_00739580
.long _sym_00740f90
.long _sym_00741510
.long _sym_0074c570
.long _sym_0074c650
.long _sym_0074c620
.long _sym_00757580
.long _sym_00757840
.long _sym_0072ec00
.long _sym_0072ee50
.long _sym_0072eec0
.long _sym_007588a0
.long _sym_00758910
.long _sym_007550f0
.long _sym_00755100
.long _sym_00755130
.long _sym_00734710
.long _sym_007580e0
.long _sym_00758340
.long _sym_0075e400
.long _sym_00734f80
.long _sym_00738f80
.long _sym_00739540
.long _sym_0073a430
.long _sym_0073ab80
.long _sym_007574b0
.long _sym_00757560
.long _sym_0075a0c0
.long _sym_0075a0e0
.long _sym_0075ac20
.long _sym_0075ac40
.long _sym_0075b020
.long _sym_0075b050
.long _sym_0075b070
.long _sym_0075a020
.long _sym_0075a0a0
.long _sym_0074e570
.long _sym_0074e620
.long _sym_0074e650
.long _sym_00750390
.long _sym_007505e0
.long _sym_00750670
.long _sym_00750700
.long _sym_00731f90
.long _sym_0075d430
.long _sym_007583d0
.long _sym_007585a0
.long _sym_007167f0
.long _sym_00734dc0
.long _sym_00734e60
.long _sym_0074f5b0
.long _sym_0074f690
.long _sym_0074f660
.long _sym_00759ce0
.long _sym_00759e60
.long _sym_00788ea0
.long _sym_007948b0
.long _sym_00795e30
.long _sym_0075a490
.long _sym_0075a460
.long _sym_007e3a80
.long _sym_0072f590
.long _sym_0072da10
.long _sym_007367e0
.long _sym_00736c00
.long _sym_0075a850
.long _sym_0075a830
.long _sym_0072dbf0
.long _sym_00732980
.long _sym_0072ddd0
.long _sym_007498e0
.long _sym_007498b0
.long _sym_0074a0c0
.long _sym_0074a060
.long _sym_00736cc0
.long _sym_0072ee90
.long _sym_00751d80
.long _sym_007520b0
.long _sym_00751f90
.long _sym_00752020
.long _sym_00732460
.long _sym_00734d20
.long _sym_00739df0
.long _sym_0075a280
.long _sym_0075a1e0
.long _sym_0075a230
.long _sym_0075a630
.long _sym_0075a590
.long _sym_0075a5e0
.long _sym_0075a9f0
.long _sym_0075a960
.long _sym_0075a9a0
.long _sym_0075adf0
.long _sym_0075ad50
.long _sym_0075ada0
.long _sym_007e45c0
.long _sym_007e4f40
.long _sym_00834000
.long _sym_0082b460
.long _sym_0082b8a0
.long _sym_00787a10
.long _sym_007889e0
.long _sym_00795090
.long _sym_00795100
.long _sym_007956f0
.long _sym_007b7010
.long _sym_00795b50
.long _sym_007ffd30
.long _sym_008001e0
.long _sym_007e4740
.long _sym_00736870
.long _sym_007fcaf0
.long _sym_007fcd30
.long _sym_007882c0
.long _sym_00787d60
.long _sym_00788380
.long _sym_006ed420
.long _sym_006ed4a0
.long _sym_006ed700
.long _sym_006ed830
.long _sym_006eda30
.long _sym_006eda80
.long _sym_006edae0
.long _sym_00833cb0
.long _sym_00833d90
.long _sym_007966b0
.long _sym_0078da40
.long _sym_007902b0
.long _sym_009dbb20
.long _sym_007ecfe0
.long _sym_0072c820
.long _sym_0072cc00
.long _sym_00820640
.long _sym_0082ac00
.long _sym_0072ca10
.long _sym_006ed3d0
.long _sym_0082b400
.long _sym_007bc040
.long _sym_00795a30
.long _sym_007ea9d0
.long _sym_0082d860
.long _sym_0082aa70
.long _sym_00796160
.long _sym_0082b650
.long _sym_0082b320
.long _sym_007174f0
.long _sym_007176d0
.long _sym_0086ae70
.long _sym_0086afc0
.long _sym_0082ad10
.long _sym_00830470
.long _sym_007e6910
.long _sym_007e6970
.long _sym_006ed860
.long _sym_00909e10
.long _sym_00835570
.long _sym_007ea1e0
.long _sym_007ea030
.long _sym_00909e20
.long _sym_0074d570
.long _sym_0074d650
.long _sym_0074d620
.long _sym_008269d0
.long _sym_008301e0
.long _sym_0082abe0
.long _sym_0082af20
.long _sym_00887ba0
.long _sym_00781780
.long _sym_0079ddd0
.long _sym_007bd490
.long _sym_007bece0
.long _sym_007bf8c0
.long _sym_007bfa00
.long _sym_007bfb50
.long _sym_00787890
.long _sym_007b6bd0
.long _sym_00794fc0
.long _sym_00795730
.long _sym_0079a690
.long _sym_00782ba0
.long _sym_0079af00
.long _sym_00788ed0
.long _sym_007962c0
.long _sym_00796670
.long _sym_009db250
.long _sym_009db470
.long _sym_009db9f0
.long _sym_009dbdf0
.long _sym_009db170
.long _sym_00888ce0
.long _sym_00888dc0
.long _sym_00888df0
.long _sym_00887d30
.long _sym_00875f30
.long _sym_00798940
.long _sym_00a65750
.long _sym_007fb960
.long _sym_007fb9d0
.long _sym_007eb210
.long _sym_007eb230
.long _sym_007e45e0
.long _sym_007e6610
.long _sym_007ec700
.long _sym_007340f0
.long _sym_007341c0
.long _sym_00749f30
.long _sym_00749f60
.long _sym_007499c0
.long _sym_00749a20
.long _sym_00736900
.long _sym_0072d650
.long _sym_007989b0
.long _sym_006ed4b0
.long _sym_0062ff20
.long _sym_006ed590
.long _sym_006ed8c0
.long _sym_006ed900
.long _sym_006ed940
.long _sym_009086d0
.long _sym_0090a040
.long _sym_0082ad60
.long _sym_00787820
.long _sym_007fcbe0
.long _sym_007fcc30
.long _sym_0072c570
.long _sym_0074a2b0
.long _sym_0074af40
.long _sym_0074b5d0
.long _sym_0075d6c0
.long _sym_0075d7b0
.long _sym_0075d7f0
.long _sym_0075d8b0
.long _sym_0083c790
.long _sym_0083c890
.long _sym_00795670
.long _sym_00807790
.long _sym_00807ae0
.long _sym_00807c90
.long _sym_00716b10
.long _sym_007ea9e0
.long _sym_0090a270
.long _sym_00831250
.long _sym_00831380
.long _sym_00831410
.long _sym_00831440
.long _sym_009dbad0
.long _sym_009dbd70
.long _sym_00a68e10
.long _sym_00a6a3a0
.long _sym_00803280
.long _sym_008036e0
.long _sym_0082ac20
.long _sym_0082ae30
.long _sym_00794c30
.long _sym_0079aa60
.long _sym_007b6f30
.long _sym_0078f9a0
.long _sym_0082cdb0
.long _sym_0082cea0
.long _sym_00890e30
.long _sym_008976e0
.long _sym_00897d30
.long _sym_00898b40
.long _sym_007eb2b0
.long _sym_007eb2d0
.long _sym_007e4b40
.long _sym_007e4d50
.long _sym_007e4d90
.long _sym_007ec6f0
.long _sym_0062fa30
.long _sym_007ea610
.long _sym_00826770
.long _sym_0082b260
.long _sym_0082b2c0
.long _sym_0082b420
.long _sym_0078cae0
.long _sym_007b7ed0
.long _sym_00795620
.long _sym_0082cca0
.long _sym_00a8d87a
.long _sym_007ffc40
.long _sym_0062fe90
.long _sym_0093d830
.long _sym_00738b00
.long _sym_00909ff0
.long _sym_00830b60
.long _sym_008357d0
.long _sym_008319d0
.long _sym_00831a30
.long _sym_00831ab0
.long _sym_00889af0
.long _sym_007e6690
.long _sym_0086afe0
.long _sym_00908df0
.long _sym_007b7240
.long _sym_007ffb80
.long _sym_00736960
.long _sym_00835660
.long _sym_00787900
.long _sym_007b70f0
.long _sym_0086ae20
.long _sym_007337b0
.long _sym_007a9a40
.long _sym_00736d20
.long _sym_007eb280
.long _sym_007eb260
.long _sym_00736c60
.long _sym_0082cd20
.long _sym_0062f670
.long _sym_0075b770
.long _sym_0062f950
.long _sym_0062f960
.long _sym_0062f9d0
.long _sym_0062f9e0
.long _sym_00930430
.long _sym_00930490
.long _sym_009304b0
.long _sym_009304d0
.long _sym_00930520
.long _sym_0092df90
.long _sym_0092dfb0
.long _sym_00925170
.long _sym_009251c0
.long _sym_00925210
.long _sym_00925440
.long _sym_009254f0
.long _sym_00925510
.long _sym_009256d0
.long _sym_0092f970
.long _sym_0092f9a0
.long _sym_00930200
.long _sym_0092e680
.long _sym_0092e6b0
.long _sym_0092e9a0
.long _sym_0092eb10
.long _sym_0092ebf0
.long _sym_0092ecb0
.long _sym_0092ee20
.long _sym_0092ee60
.long _sym_00949cea
.long _sym_00921250
.long _sym_0092d860
.long _sym_0092d870
.long _sym_0092e2f0
.long _sym_0092e340
.long _sym_00925590
.long _sym_0092e750
.long _sym_0092e960
.long _sym_0092ee40
.long _sym_00930500
.long _sym_0092e270
.long _sym_00921360
.long _sym_00930550
.long _sym_00930600
.long _sym_00930630
.long _sym_00930800
.long _sym_0092e4f0
.long _sym_00736ae0
.long _sym_009303c0
.long _sym_0092e770
.long _sym_0092e9c0
.long _sym_0092e0a0
.long _sym_00737be0
.long _sym_0092e020
.long _sym_0092dfd0
.long _sym_0092d880
.long _sym_0092d9a0
.long _sym_0092e000
.long _sym_0092e1c0
.long _sym_0092e580
.long _sym_0092e730
.long _sym_0092e830
.long _sym_0092ea40
.long _sym_0092eb20
.long _sym_00930350
.long _sym_0092e110
.long _sym_0092e3a0
.long _sym_00925690
.long _sym_0092eba0
.long _sym_00795850
.long _sym_0079e7e0
.long _sym_007e9940
.long _sym_00930460
.long _sym_0092d7e0
.long _sym_0092d810
.long _sym_0092d8c0
.long _sym_0092dd30
.long _sym_0092de50
.long _sym_0092deb0
.long _sym_0092df10
.long _sym_0092e170
.long _sym_0092e630
.long _sym_009301e0
.long _sym_0092e980
.long _sym_0092e990
.long _sym_0092eb70
.long _sym_007344d0
.long _sym_0075ce20
.long _sym_0075cee0
.long _sym_009212c0
.long _sym_0092e360
.long _sym_0092e400
.long _sym_009249a0
.long _sym_009249c0
.long _sym_009249e0
.long _sym_00924a00
.long _sym_00924a20
.long _sym_00782a30
.long _sym_0092e7a0
.long _sym_0092ec60
.long _sym_007b7eb0
.long _sym_0092e780
.long _sym_007fbbf0
.long _sym_00925130
.long _sym_00925710
.long _sym_0079fd40
.long _sym_00787cf0
.long _sym_007884f0
.long _sym_007948f0
.long _sym_00794d80
.long _sym_00794dc0
.long _sym_00794f80
.long _sym_00795650
.long _sym_007956b0
.long _sym_00795ec0
.long _sym_00796080
.long _sym_007960e0
.long _sym_00796120
.long _sym_00796490
.long _sym_007968f0
.long _sym_0082bf60
.long _sym_00836170
.long _sym_008362c0
.long _sym_007fb1b0
.long _sym_007fc050
.long _sym_007fc0b0
.long _sym_00800010
.long _sym_00800250
.long _sym_008002b0
.long _sym_0062fe50
.long _sym_006ed630
.long _sym_0093d550
.long _sym_00908660
.long _sym_009088d0
.long _sym_00908960
.long _sym_00908980
.long _sym_00908bb0
.long _sym_0090a2b0
.long _sym_008206f0
.long _sym_0083b6d0
.long _sym_007ec350
.long _sym_006ed560
.long _sym_006ed980
.long _sym_0079eb00
.long _sym_00a68c90
.long _sym_007fefb0
.long _sym_00736750
.long _sym_00737280
.long _sym_00737370
.long _sym_00737380
.long _sym_00731640
.long _sym_007fc830
.long _sym_007fc820
.long _sym_00796000
.long _sym_00909d30
.long _sym_00909d70
.long _sym_008339c0
.long _sym_0079ada0
.long _sym_007ec340
.long _sym_00757460
.long _sym_0082cc20
.long _sym_0083c9d0
.long _sym_0083cd20
.long _sym_0083cd90
.long _sym_0083d070
.long _sym_00836240
.long _sym_00836390
.long _sym_008364b0
.long _sym_00731430
.long _sym_007b7ea0
.long _sym_007b2b80
.long _sym_007b2bf0
.long _sym_007b2bb0
.long _sym_007ab160
.long _sym_007ab0d0
.long _sym_007ab030
.long _sym_00794290
.long _sym_00795d50
.long _sym_00794d30
.long _sym_0082aaf0
.long _sym_00768e40
.long _sym_00767870
.long _sym_00736780
.long _sym_0082b9f0
.long _sym_00749c10
.long _sym_00749be0
.long _sym_007342b0
.long _sym_007350f0
.long _sym_00754000
.long _sym_007543f0
.long _sym_00754270
.long _sym_00754350
.long _sym_00749d60
.long _sym_00749d00
.long _sym_007b7200
.long _sym_0079a770
.long _sym_00729660
.long _sym_00a69de0
.long _sym_00835730
.long _sym_0079a870
.long _sym_007fc8d0
.long _sym_007fc960
.long _sym_00795db0
.long _sym_00788f50
.long _sym_007b7c80
.long _sym_00821dd0
.long _sym_007afdf0
.long _sym_007afd40
.long _sym_007fc8c0
.long _sym_008326b0
.long _sym_007fc8b0
.long _sym_0082b230
.long _sym_007b7cf0
.long _sym_007b7da0
.long _sym_007b7e00
.long _sym_00733ad0
.long _sym_0082cc60
.long _sym_00795790
.long _sym_007abbc0
.long _sym_00741630
.long _sym_00741660
.long _sym_00736d80
.long _sym_007b1920
.long _sym_007b1a00
.long _sym_007b1a80
.long _sym_00890de0
.long _sym_00890e80
.long _sym_00897410
.long _sym_008976f0
.long _sym_00897730
.long _sym_00897750
.long _sym_00897e70
.long _sym_008981a0
.long _sym_00898d30
.long _sym_0089a210
.long _sym_0089a240
.long _sym_0089aa90
.long _sym_0089aac0
.long _sym_0089aaf0
.long _sym_0089ab10
.long _sym_007ffd00
.long _sym_007949a0
.long _sym_00795990
.long _sym_00795de0
.long _sym_006ed4e0
.long _sym_006ed710
.long _sym_0090a2c0
.long _sym_0082b030
.long _sym_0082b340
.long _sym_007bd3f0
.long _sym_007e6a30
.long _sym_007bc060
.long _sym_0075b780
.long _sym_00764ca0
.long _sym_007645c0
.long _sym_007648f0
.long _sym_00764a90
.long _sym_007646d0
.long _sym_00736cf0
.long _sym_00736b40
.long _sym_00733de0
.long _sym_00787cd0
.long _sym_0075eed0
.long _sym_007bcf80
.long _sym_007bd090
.long _sym_007884b0
.long _sym_00788e90
.long _sym_007bc6d0
.long _sym_007bc810
.long _sym_007bc8d0
.long _sym_0082bd90
.long _sym_0082be40
.long _sym_007fbab0
.long _sym_007902e0
.long _sym_00a69300
.long _sym_007850b0
.long _sym_00759e70
.long _sym_0075a000
.long _sym_007ab560
.long _sym_00795ca0
.long _sym_00794e90
.long _sym_00803140
.long _sym_00836120
.long _sym_0075fe90
.long _sym_0082cbe0
.long _sym_00729750
.long _sym_007297f0
.long _sym_00716ab0
.long _sym_00712080
.long _sym_00712330
.long _sym_00712000
.long _sym_007124a0
.long _sym_007fd9a0
.long _sym_0080cd60
.long _sym_007fdba0
.long _sym_007e3d40
.long _sym_007e3720
.long _sym_009dbe80
.long _sym_0080bea0
.long _sym_007ff1d0
.long _sym_007bb9d0
.long _sym_007bfff0
.long _sym_0094964c
.long _sym_00949f50
.long _sym_0062f6c0
.long _sym_00a73810
.long _sym_00a74410
.long _sym_00a73d90
.long _sym_00a74a00
.long _sym_00a74c60
.long _sym_00a74d30
.long _sym_00a756e0
.long _sym_007f5e90
.long _sym_00a6f4d0
.long _sym_00a76720
.long _sym_00a76b60
.long _sym_00a6dbe0
.long _sym_00a70910
.long _sym_0230ffe0
.long _sym_02332e8c
.long _sym_012a4080
.long _sym_0113fcb0
.long _sym_0113fcf0
.long _sym_02321540
.long _sym_0119fe70
.long _sym_02322780
.long _sym_022fb450
.long _sym_011a0040
.long _sym_00c44be0
.long _sym_0230ff60
.long _sym_0230fd2c
.long _sym_0230ffa0
.long _sym_0230fe20
.long _sym_0230fe60
.long _sym_0230ff20
.long _sym_0230fd34
.long _sym_00c498dc
.long _sym_025d5a20
.long _sym_0230fd30
.long _sym_0230fd50
.long _sym_011a06f0
.long _sym_023cbbf0
.long _sym_00c3e6b0
.long _sym_009db1d0
.long _sym_009db180
.long _sym_009db190
.long _sym_00c64ce0
.long _sym_00643ab0
.long _sym_009db210
.long _sym_009db230
.long _sym_00645580
.long _sym_0071b980
.long _sym_00645a50
.long _sym_00712d10
.long _sym_00712de0
.long _sym_00711540
.long _sym_00645430
.long _sym_00643b30
.long _sym_00643300
.long _sym_00643390
.long _sym_00643350
.long _sym_00643330
.long _sym_00643370
.long _sym_00641310
.long _sym_00641380
.long _sym_00641360
.long _sym_00641350
.long _sym_00641370
.long _sym_00643420
.long _sym_006413e0
.long _sym_006434d0
.long _sym_00643490
.long _sym_00643470
.long _sym_006434b0
.long _sym_00641450
.long _sym_00641430
.long _sym_00641420
.long _sym_00641440
.long _sym_006437e0
.long _sym_008ab520
.long _sym_009dbe70
.long _sym_009dbe60
.long _sym_009db1a0
.long _sym_009db1e0
.long _sym_009db1f0
.long _sym_007b1b60
.long _sym_009066d0
.long _sym_009066b0
.long _sym_00906680
.long _sym_00906420
.long _sym_008e8980
.long _sym_008e5cd0
.long _sym_00711910
.long _sym_0080a600
.long _sym_0080a5c0
.long _sym_006422c0
.long _sym_007186f0
.long _sym_00711260
.long _sym_006392c0
.long _sym_006439e0
.long _sym_00643a40
.long _sym_00643a10
.long _sym_00826bf0
.long _sym_009db1b0
.long _sym_0113335c
.long _sym_007118a0
.long _sym_00712fa0
.long _sym_00712770
.long _sym_00713240
.long _sym_007129b0
.long _sym_0063b9d0
.long _sym_0063bba0
.long _sym_0063cba0
.long _sym_0063cc10
.long _sym_0063ccc0
.long _sym_0063cf90
.long _sym_0063d200
.long _sym_006455b0
.long _sym_00643850
.long _sym_0063c5f0
.long _sym_0063c5a0
.long _sym_00830d50
.long _sym_0063e100
.long _sym_00639500
.long _sym_0063b9b0
.long _sym_00643d30
.long _sym_0082b2e0
.long _sym_00ccca50
.long _sym_009db200
.long _sym_00826e30
.long _sym_00826df0
.byte 0x00, 0x00, 0x00, 0x00
.long _sym_0063d9c0
.long _sym_0063da20
.long _sym_0063daf0
.long _sym_00643190
.long _sym_00643a70
.long _sym_007117b0
.long _sym_009db160
.long _sym_00711830
.long _sym_00642ba0
.long _sym_00646010
.long _sym_00645d50
.long _sym_009db1c0
.long _sym_00a5bf50
.long _sym_00643a90
.long _sym_007bd280
.long _sym_006457b0
.long _sym_007110b0
.long _sym_00711110
.long _sym_007115e0
.long _sym_007111b0
.long _sym_0071c190
.long _sym_006991c0
.long _sym_008e5f60
.long _sym_00641ff0
.long _sym_00643920
.long _sym_0230fca0
.long _sym_00644f90
.long _sym_006451f0
.long _sym_00645930
.long _sym_006458c0
.long _sym_00645600
.long _sym_0063ff60
.long _sym_0063fe00
.long _sym_0063fe20
.long _sym_0063fee0
.long _sym_0063fdf0
.long _sym_0063fde0
.long _sym_0063ff00
.long _sym_0063fe30
.long _sym_0063fea0
.long _sym_0063fec0
.long _sym_0063fe60
.long _sym_0063feb0
.long _sym_0063fe90
.long _sym_0063fe70
.long _sym_0063fe40
.long _sym_0063fe80
.long _sym_0063fe50
.long _sym_0063fed0
.long _sym_00644d90
.long _sym_00642fb0
.long _sym_0063da90
.long _sym_007114b0
.long _sym_0071a5c0
.long _sym_00713370
.long _sym_00712cb0
.long _sym_007fa5f0
.long _sym_00642ff0
.long _sym_00639320
.long _sym_00642010
.long _sym_006393f0
.long _sym_007bd7e0
.long _sym_009db150
.long _sym_00643990
.long _sym_01133398
.long _sym_0063a470
.long _sym_00c3bba8
.long _sym_0063c550
.long _sym_009dafb0
.long _sym_0063a5d0
.long _sym_00794030
.long _sym_00793660
.long _sym_00639470
.long _sym_00644f80
.long _sym_0063dc70
.long _sym_0063d8c0
.long _sym_00644e50
.long _sym_006459f0
.long _sym_00643820
.long _sym_0063a7d0
.long _sym_01940ac4
.long _sym_012fb790
.long _sym_00713400
.long _sym_00644ea0
.long _sym_006412b0
.long _sym_00a44660
.long _sym_00a44650
.long _sym_00a44700
.long _sym_00a446b0
.long _sym_00a446a0
.long _sym_00644e20
.long _sym_00829ce0
.byte 0x00, 0x00, 0x00, 0x00
.globl _sym_00c65bb8
_sym_00c65bb8:
.long _sym_00b69fe8
.byte 0x00, 0x00, 0x00, 0x00, 0x2e, 0x3f, 0x41, 0x56, 0x3f, 0x24, 0x50, 0x43, 0x6c, 0x61, 0x73, 0x73
.byte 0x44, 0x65, 0x73, 0x63, 0x72, 0x69, 0x70, 0x74, 0x6f, 0x72, 0x41, 0x62, 0x73, 0x74, 0x72, 0x61
.byte 0x63, 0x74, 0x40, 0x56, 0x50, 0x49, 0x6e, 0x70, 0x75, 0x74, 0x53, 0x6f, 0x75, 0x72, 0x63, 0x65
.byte 0x40, 0x50, 0x49, 0x6e, 0x70, 0x75, 0x74, 0x73, 0x40, 0x50, 0x68, 0x79, 0x72, 0x65, 0x40, 0x40
.byte 0x40, 0x50, 0x68, 0x79, 0x72, 0x65, 0x40, 0x40, 0x00, 0x00, 0x00, 0x00
.globl _sym_00c65c08
_sym_00c65c08:
.long _sym_00b69fe8
.byte 0x00, 0x00, 0x00, 0x00, 0x2e, 0x3f, 0x41, 0x56, 0x3f, 0x24, 0x50, 0x43, 0x6c, 0x61, 0x73, 0x73
.byte 0x44, 0x65, 0x73, 0x63, 0x72, 0x69, 0x70, 0x74, 0x6f, 0x72, 0x46, 0x6f, 0x72, 0x54, 0x79, 0x70
.byte 0x65, 0x40, 0x56, 0x50, 0x49, 0x6e, 0x70, 0x75, 0x74, 0x53, 0x6f, 0x75, 0x72, 0x63, 0x65, 0x40
.byte 0x50, 0x49, 0x6e, 0x70, 0x75, 0x74, 0x73, 0x40, 0x50, 0x68, 0x79, 0x72, 0x65, 0x40, 0x40, 0x40
.byte 0x50, 0x68, 0x79, 0x72, 0x65, 0x40, 0x40, 0x00, 0x00, 0x00, 0x00, 0x00
.globl _sym_00c65c58
_sym_00c65c58:
.long _sym_00b69fe8
.byte 0x00, 0x00, 0x00, 0x00, 0x2e, 0x3f, 0x41, 0x56, 0x3f, 0x24, 0x50, 0x43, 0x6c, 0x61, 0x73, 0x73
.byte 0x44, 0x65, 0x73, 0x63, 0x72, 0x69, 0x70, 0x74, 0x6f, 0x72, 0x43, 0x6f, 0x6e, 0x63, 0x72, 0x65
.byte 0x74, 0x65, 0x40, 0x56, 0x50, 0x49, 0x6e, 0x70, 0x75, 0x74, 0x53, 0x6f, 0x75, 0x72, 0x63, 0x65
.byte 0x4b, 0x65, 0x79, 0x40, 0x50, 0x49, 0x6e, 0x70, 0x75, 0x74, 0x73, 0x40, 0x50, 0x68, 0x79, 0x72
.byte 0x65, 0x40, 0x40, 0x40, 0x50, 0x68, 0x79, 0x72, 0x65, 0x40, 0x40, 0x00
.globl _sym_00c65ca8
_sym_00c65ca8:
.long _sym_00b69fe8
.byte 0x00, 0x00, 0x00, 0x00, 0x2e, 0x3f, 0x41, 0x56, 0x3f, 0x24, 0x50, 0x43, 0x6c, 0x61, 0x73, 0x73
.byte 0x44, 0x65, 0x73, 0x63, 0x72, 0x69, 0x70, 0x74, 0x6f, 0x72, 0x41, 0x62, 0x73, 0x74, 0x72, 0x61
.byte 0x63, 0x74, 0x40, 0x56, 0x50, 0x49, 0x6e, 0x70, 0x75, 0x74, 0x53, 0x6f, 0x75, 0x72, 0x63, 0x65
.byte 0x4b, 0x65, 0x79, 0x40, 0x50, 0x49, 0x6e, 0x70, 0x75, 0x74, 0x73, 0x40, 0x50, 0x68, 0x79, 0x72
.byte 0x65, 0x40, 0x40, 0x40, 0x50, 0x68, 0x79, 0x72, 0x65, 0x40, 0x40, 0x00
.globl _sym_00c65cf8
_sym_00c65cf8:
.long _sym_00b69fe8
.byte 0x00, 0x00, 0x00, 0x00, 0x2e, 0x3f, 0x41, 0x56, 0x3f, 0x24, 0x50, 0x43, 0x6c, 0x61, 0x73, 0x73
.byte 0x44, 0x65, 0x73, 0x63, 0x72, 0x69, 0x70, 0x74, 0x6f, 0x72, 0x46, 0x6f, 0x72, 0x54, 0x79, 0x70
.byte 0x65, 0x40, 0x56, 0x50, 0x49, 0x6e, 0x70, 0x75, 0x74, 0x53, 0x6f, 0x75, 0x72, 0x63, 0x65, 0x4b
.byte 0x65, 0x79, 0x40, 0x50, 0x49, 0x6e, 0x70, 0x75, 0x74, 0x73, 0x40, 0x50, 0x68, 0x79, 0x72, 0x65
.byte 0x40, 0x40, 0x40, 0x50, 0x68, 0x79, 0x72, 0x65, 0x40, 0x40, 0x00, 0x00
.globl _sym_00c65d48
_sym_00c65d48:
.long _sym_00b69fe8
.byte 0x00, 0x00, 0x00, 0x00, 0x2e, 0x3f, 0x41, 0x56, 0x3f, 0x24, 0x50, 0x43, 0x6c, 0x61, 0x73, 0x73
.byte 0x44, 0x65, 0x73, 0x63, 0x72, 0x69, 0x70, 0x74, 0x6f, 0x72, 0x43, 0x6f, 0x6e, 0x63, 0x72, 0x65
.byte 0x74, 0x65, 0x40, 0x56, 0x50, 0x49, 0x6e, 0x70, 0x75, 0x74, 0x53, 0x6f, 0x75, 0x72, 0x63, 0x65
.byte 0x4a, 0x6f, 0x79, 0x70, 0x61, 0x64, 0x42, 0x75, 0x74, 0x74, 0x6f, 0x6e, 0x40, 0x50, 0x49, 0x6e
.byte 0x70, 0x75, 0x74, 0x73, 0x40, 0x50, 0x68, 0x79, 0x72, 0x65, 0x40, 0x40, 0x40, 0x50, 0x68, 0x79
.byte 0x72, 0x65, 0x40, 0x40, 0x00, 0x00, 0x00, 0x00, 0x00, 0x00, 0x00, 0x00
.globl _sym_00c65da8
_sym_00c65da8:
.long _sym_00b69fe8
.byte 0x00, 0x00, 0x00, 0x00, 0x2e, 0x3f, 0x41, 0x56, 0x3f, 0x24, 0x50, 0x43, 0x6c, 0x61, 0x73, 0x73
.byte 0x44, 0x65, 0x73, 0x63, 0x72, 0x69, 0x70, 0x74, 0x6f, 0x72, 0x41, 0x62, 0x73, 0x74, 0x72, 0x61
.byte 0x63, 0x74, 0x40, 0x56, 0x50, 0x49, 0x6e, 0x70, 0x75, 0x74, 0x53, 0x6f, 0x75, 0x72, 0x63, 0x65
.byte 0x4a, 0x6f, 0x79, 0x70, 0x61, 0x64, 0x42, 0x75, 0x74, 0x74, 0x6f, 0x6e, 0x40, 0x50, 0x49, 0x6e
.byte 0x70, 0x75, 0x74, 0x73, 0x40, 0x50, 0x68, 0x79, 0x72, 0x65, 0x40, 0x40, 0x40, 0x50, 0x68, 0x79
.byte 0x72, 0x65, 0x40, 0x40, 0x00, 0x00, 0x00, 0x00, 0x00, 0x00, 0x00, 0x00
.globl _sym_00c65e08
_sym_00c65e08:
.long _sym_00b69fe8
.byte 0x00, 0x00, 0x00, 0x00, 0x2e, 0x3f, 0x41, 0x56, 0x3f, 0x24, 0x50, 0x43, 0x6c, 0x61, 0x73, 0x73
.byte 0x44, 0x65, 0x73, 0x63, 0x72, 0x69, 0x70, 0x74, 0x6f, 0x72, 0x46, 0x6f, 0x72, 0x54, 0x79, 0x70
.byte 0x65, 0x40, 0x56, 0x50, 0x49, 0x6e, 0x70, 0x75, 0x74, 0x53, 0x6f, 0x75, 0x72, 0x63, 0x65, 0x4a
.byte 0x6f, 0x79, 0x70, 0x61, 0x64, 0x42, 0x75, 0x74, 0x74, 0x6f, 0x6e, 0x40, 0x50, 0x49, 0x6e, 0x70
.byte 0x75, 0x74, 0x73, 0x40, 0x50, 0x68, 0x79, 0x72, 0x65, 0x40, 0x40, 0x40, 0x50, 0x68, 0x79, 0x72
.byte 0x65, 0x40, 0x40, 0x00
.globl _sym_00c65e60
_sym_00c65e60:
.long _sym_00b69fe8
.byte 0x00, 0x00, 0x00, 0x00, 0x2e, 0x3f, 0x41, 0x56, 0x3f, 0x24, 0x50, 0x43, 0x6c, 0x61, 0x73, 0x73
.byte 0x44, 0x65, 0x73, 0x63, 0x72, 0x69, 0x70, 0x74, 0x6f, 0x72, 0x43, 0x6f, 0x6e, 0x63, 0x72, 0x65
.byte 0x74, 0x65, 0x40, 0x56, 0x50, 0x49, 0x6e, 0x70, 0x75, 0x74, 0x53, 0x6f, 0x75, 0x72, 0x63, 0x65
.byte 0x4a, 0x6f, 0x79, 0x70, 0x61, 0x64, 0x41, 0x78, 0x69, 0x73, 0x40, 0x50, 0x49, 0x6e, 0x70, 0x75
.byte 0x74, 0x73, 0x40, 0x50, 0x68, 0x79, 0x72, 0x65, 0x40, 0x40, 0x40, 0x50, 0x68, 0x79, 0x72, 0x65
.byte 0x40, 0x40, 0x00, 0x00
.globl _sym_00c65eb8
_sym_00c65eb8:
.long _sym_00b69fe8
.byte 0x00, 0x00, 0x00, 0x00, 0x2e, 0x3f, 0x41, 0x56, 0x3f, 0x24, 0x50, 0x43, 0x6c, 0x61, 0x73, 0x73
.byte 0x44, 0x65, 0x73, 0x63, 0x72, 0x69, 0x70, 0x74, 0x6f, 0x72, 0x41, 0x62, 0x73, 0x74, 0x72, 0x61
.byte 0x63, 0x74, 0x40, 0x56, 0x50, 0x49, 0x6e, 0x70, 0x75, 0x74, 0x53, 0x6f, 0x75, 0x72, 0x63, 0x65
.byte 0x4a, 0x6f, 0x79, 0x70, 0x61, 0x64, 0x41, 0x78, 0x69, 0x73, 0x40, 0x50, 0x49, 0x6e, 0x70, 0x75
.byte 0x74, 0x73, 0x40, 0x50, 0x68, 0x79, 0x72, 0x65, 0x40, 0x40, 0x40, 0x50, 0x68, 0x79, 0x72, 0x65
.byte 0x40, 0x40, 0x00, 0x00
.globl _sym_00c65f10
_sym_00c65f10:
.long _sym_00b69fe8
.byte 0x00, 0x00, 0x00, 0x00, 0x2e, 0x3f, 0x41, 0x56, 0x3f, 0x24, 0x50, 0x43, 0x6c, 0x61, 0x73, 0x73
.byte 0x44, 0x65, 0x73, 0x63, 0x72, 0x69, 0x70, 0x74, 0x6f, 0x72, 0x46, 0x6f, 0x72, 0x54, 0x79, 0x70
.byte 0x65, 0x40, 0x56, 0x50, 0x49, 0x6e, 0x70, 0x75, 0x74, 0x53, 0x6f, 0x75, 0x72, 0x63, 0x65, 0x4a
.byte 0x6f, 0x79, 0x70, 0x61, 0x64, 0x41, 0x78, 0x69, 0x73, 0x40, 0x50, 0x49, 0x6e, 0x70, 0x75, 0x74
.byte 0x73, 0x40, 0x50, 0x68, 0x79, 0x72, 0x65, 0x40, 0x40, 0x40, 0x50, 0x68, 0x79, 0x72, 0x65, 0x40
.byte 0x40, 0x00, 0x00, 0x00
.globl _sym_00c65f68
_sym_00c65f68:
.long _sym_00b69fe8
.byte 0x00, 0x00, 0x00, 0x00, 0x2e, 0x3f, 0x41, 0x56, 0x3f, 0x24, 0x50, 0x43, 0x6c, 0x61, 0x73, 0x73
.byte 0x44, 0x65, 0x73, 0x63, 0x72, 0x69, 0x70, 0x74, 0x6f, 0x72, 0x43, 0x6f, 0x6e, 0x63, 0x72, 0x65
.byte 0x74, 0x65, 0x40, 0x56, 0x50, 0x49, 0x6e, 0x70, 0x75, 0x74, 0x53, 0x6f, 0x75, 0x72, 0x63, 0x65
.byte 0x4d, 0x6f, 0x75, 0x73, 0x65, 0x42, 0x75, 0x74, 0x74, 0x6f, 0x6e, 0x40, 0x50, 0x49, 0x6e, 0x70
.byte 0x75, 0x74, 0x73, 0x40, 0x50, 0x68, 0x79, 0x72, 0x65, 0x40, 0x40, 0x40, 0x50, 0x68, 0x79, 0x72
.byte 0x65, 0x40, 0x40, 0x00
.globl _sym_00c65fc0
_sym_00c65fc0:
.long _sym_00b69fe8
.byte 0x00, 0x00, 0x00, 0x00, 0x2e, 0x3f, 0x41, 0x56, 0x3f, 0x24, 0x50, 0x43, 0x6c, 0x61, 0x73, 0x73
.byte 0x44, 0x65, 0x73, 0x63, 0x72, 0x69, 0x70, 0x74, 0x6f, 0x72, 0x41, 0x62, 0x73, 0x74, 0x72, 0x61
.byte 0x63, 0x74, 0x40, 0x56, 0x50, 0x49, 0x6e, 0x70, 0x75, 0x74, 0x53, 0x6f, 0x75, 0x72, 0x63, 0x65
.byte 0x4d, 0x6f, 0x75, 0x73, 0x65, 0x42, 0x75, 0x74, 0x74, 0x6f, 0x6e, 0x40, 0x50, 0x49, 0x6e, 0x70
.byte 0x75, 0x74, 0x73, 0x40, 0x50, 0x68, 0x79, 0x72, 0x65, 0x40, 0x40, 0x40, 0x50, 0x68, 0x79, 0x72
.byte 0x65, 0x40, 0x40, 0x00
.globl _sym_00c66018
_sym_00c66018:
.long _sym_00b69fe8
.byte 0x00, 0x00, 0x00, 0x00, 0x2e, 0x3f, 0x41, 0x56, 0x3f, 0x24, 0x50, 0x43, 0x6c, 0x61, 0x73, 0x73
.byte 0x44, 0x65, 0x73, 0x63, 0x72, 0x69, 0x70, 0x74, 0x6f, 0x72, 0x46, 0x6f, 0x72, 0x54, 0x79, 0x70
.byte 0x65, 0x40, 0x56, 0x50, 0x49, 0x6e, 0x70, 0x75, 0x74, 0x53, 0x6f, 0x75, 0x72, 0x63, 0x65, 0x4d
.byte 0x6f, 0x75, 0x73, 0x65, 0x42, 0x75, 0x74, 0x74, 0x6f, 0x6e, 0x40, 0x50, 0x49, 0x6e, 0x70, 0x75
.byte 0x74, 0x73, 0x40, 0x50, 0x68, 0x79, 0x72, 0x65, 0x40, 0x40, 0x40, 0x50, 0x68, 0x79, 0x72, 0x65
.byte 0x40, 0x40, 0x00, 0x00
.globl _sym_00c66070
_sym_00c66070:
.long _sym_00b69fe8
.byte 0x00, 0x00, 0x00, 0x00, 0x2e, 0x3f, 0x41, 0x56, 0x3f, 0x24, 0x50, 0x43, 0x6c, 0x61, 0x73, 0x73
.byte 0x44, 0x65, 0x73, 0x63, 0x72, 0x69, 0x70, 0x74, 0x6f, 0x72, 0x43, 0x6f, 0x6e, 0x63, 0x72, 0x65
.byte 0x74, 0x65, 0x40, 0x56, 0x50, 0x49, 0x6e, 0x70, 0x75, 0x74, 0x53, 0x6f, 0x75, 0x72, 0x63, 0x65
.byte 0x4d, 0x6f, 0x75, 0x73, 0x65, 0x44, 0x65, 0x6c, 0x74, 0x61, 0x58, 0x40, 0x50, 0x49, 0x6e, 0x70
.byte 0x75, 0x74, 0x73, 0x40, 0x50, 0x68, 0x79, 0x72, 0x65, 0x40, 0x40, 0x40, 0x50, 0x68, 0x79, 0x72
.byte 0x65, 0x40, 0x40, 0x00
.globl _sym_00c660c8
_sym_00c660c8:
.long _sym_00b69fe8
.byte 0x00, 0x00, 0x00, 0x00, 0x2e, 0x3f, 0x41, 0x56, 0x3f, 0x24, 0x50, 0x43, 0x6c, 0x61, 0x73, 0x73
.byte 0x44, 0x65, 0x73, 0x63, 0x72, 0x69, 0x70, 0x74, 0x6f, 0x72, 0x41, 0x62, 0x73, 0x74, 0x72, 0x61
.byte 0x63, 0x74, 0x40, 0x56, 0x50, 0x49, 0x6e, 0x70, 0x75, 0x74, 0x53, 0x6f, 0x75, 0x72, 0x63, 0x65
.byte 0x4d, 0x6f, 0x75, 0x73, 0x65, 0x44, 0x65, 0x6c, 0x74, 0x61, 0x58, 0x40, 0x50, 0x49, 0x6e, 0x70
.byte 0x75, 0x74, 0x73, 0x40, 0x50, 0x68, 0x79, 0x72, 0x65, 0x40, 0x40, 0x40, 0x50, 0x68, 0x79, 0x72
.byte 0x65, 0x40, 0x40, 0x00
.globl _sym_00c66120
_sym_00c66120:
.long _sym_00b69fe8
.byte 0x00, 0x00, 0x00, 0x00, 0x2e, 0x3f, 0x41, 0x56, 0x3f, 0x24, 0x50, 0x43, 0x6c, 0x61, 0x73, 0x73
.byte 0x44, 0x65, 0x73, 0x63, 0x72, 0x69, 0x70, 0x74, 0x6f, 0x72, 0x46, 0x6f, 0x72, 0x54, 0x79, 0x70
.byte 0x65, 0x40, 0x56, 0x50, 0x49, 0x6e, 0x70, 0x75, 0x74, 0x53, 0x6f, 0x75, 0x72, 0x63, 0x65, 0x4d
.byte 0x6f, 0x75, 0x73, 0x65, 0x44, 0x65, 0x6c, 0x74, 0x61, 0x58, 0x40, 0x50, 0x49, 0x6e, 0x70, 0x75
.byte 0x74, 0x73, 0x40, 0x50, 0x68, 0x79, 0x72, 0x65, 0x40, 0x40, 0x40, 0x50, 0x68, 0x79, 0x72, 0x65
.byte 0x40, 0x40, 0x00, 0x00
.globl _sym_00c66178
_sym_00c66178:
.long _sym_00b69fe8
.byte 0x00, 0x00, 0x00, 0x00, 0x2e, 0x3f, 0x41, 0x56, 0x3f, 0x24, 0x50, 0x43, 0x6c, 0x61, 0x73, 0x73
.byte 0x44, 0x65, 0x73, 0x63, 0x72, 0x69, 0x70, 0x74, 0x6f, 0x72, 0x43, 0x6f, 0x6e, 0x63, 0x72, 0x65
.byte 0x74, 0x65, 0x40, 0x56, 0x50, 0x49, 0x6e, 0x70, 0x75, 0x74, 0x53, 0x6f, 0x75, 0x72, 0x63, 0x65
.byte 0x4d, 0x6f, 0x75, 0x73, 0x65, 0x44, 0x65, 0x6c, 0x74, 0x61, 0x59, 0x40, 0x50, 0x49, 0x6e, 0x70
.byte 0x75, 0x74, 0x73, 0x40, 0x50, 0x68, 0x79, 0x72, 0x65, 0x40, 0x40, 0x40, 0x50, 0x68, 0x79, 0x72
.byte 0x65, 0x40, 0x40, 0x00
.globl _sym_00c661d0
_sym_00c661d0:
.long _sym_00b69fe8
.byte 0x00, 0x00, 0x00, 0x00, 0x2e, 0x3f, 0x41, 0x56, 0x3f, 0x24, 0x50, 0x43, 0x6c, 0x61, 0x73, 0x73
.byte 0x44, 0x65, 0x73, 0x63, 0x72, 0x69, 0x70, 0x74, 0x6f, 0x72, 0x41, 0x62, 0x73, 0x74, 0x72, 0x61
.byte 0x63, 0x74, 0x40, 0x56, 0x50, 0x49, 0x6e, 0x70, 0x75, 0x74, 0x53, 0x6f, 0x75, 0x72, 0x63, 0x65
.byte 0x4d, 0x6f, 0x75, 0x73, 0x65, 0x44, 0x65, 0x6c, 0x74, 0x61, 0x59, 0x40, 0x50, 0x49, 0x6e, 0x70
.byte 0x75, 0x74, 0x73, 0x40, 0x50, 0x68, 0x79, 0x72, 0x65, 0x40, 0x40, 0x40, 0x50, 0x68, 0x79, 0x72
.byte 0x65, 0x40, 0x40, 0x00
.globl _sym_00c66228
_sym_00c66228:
.long _sym_00b69fe8
.byte 0x00, 0x00, 0x00, 0x00, 0x2e, 0x3f, 0x41, 0x56, 0x3f, 0x24, 0x50, 0x43, 0x6c, 0x61, 0x73, 0x73
.byte 0x44, 0x65, 0x73, 0x63, 0x72, 0x69, 0x70, 0x74, 0x6f, 0x72, 0x46, 0x6f, 0x72, 0x54, 0x79, 0x70
.byte 0x65, 0x40, 0x56, 0x50, 0x49, 0x6e, 0x70, 0x75, 0x74, 0x53, 0x6f, 0x75, 0x72, 0x63, 0x65, 0x4d
.byte 0x6f, 0x75, 0x73, 0x65, 0x44, 0x65, 0x6c, 0x74, 0x61, 0x59, 0x40, 0x50, 0x49, 0x6e, 0x70, 0x75
.byte 0x74, 0x73, 0x40, 0x50, 0x68, 0x79, 0x72, 0x65, 0x40, 0x40, 0x40, 0x50, 0x68, 0x79, 0x72, 0x65
.byte 0x40, 0x40, 0x00, 0x00
.globl _sym_00c66280
_sym_00c66280:
.long _sym_00b69fe8
.byte 0x00, 0x00, 0x00, 0x00, 0x2e, 0x3f, 0x41, 0x56, 0x3f, 0x24, 0x50, 0x43, 0x6c, 0x61, 0x73, 0x73
.byte 0x44, 0x65, 0x73, 0x63, 0x72, 0x69, 0x70, 0x74, 0x6f, 0x72, 0x43, 0x6f, 0x6e, 0x63, 0x72, 0x65
.byte 0x74, 0x65, 0x40, 0x56, 0x50, 0x49, 0x6e, 0x70, 0x75, 0x74, 0x53, 0x6f, 0x75, 0x72, 0x63, 0x65
.byte 0x54, 0x6f, 0x75, 0x63, 0x68, 0x52, 0x6f, 0x74, 0x61, 0x74, 0x65, 0x40, 0x50, 0x49, 0x6e, 0x70
.byte 0x75, 0x74, 0x73, 0x40, 0x50, 0x68, 0x79, 0x72, 0x65, 0x40, 0x40, 0x40, 0x50, 0x68, 0x79, 0x72
.byte 0x65, 0x40, 0x40, 0x00
.globl _sym_00c662d8
_sym_00c662d8:
.long _sym_00b69fe8
.byte 0x00, 0x00, 0x00, 0x00, 0x2e, 0x3f, 0x41, 0x56, 0x3f, 0x24, 0x50, 0x43, 0x6c, 0x61, 0x73, 0x73
.byte 0x44, 0x65, 0x73, 0x63, 0x72, 0x69, 0x70, 0x74, 0x6f, 0x72, 0x41, 0x62, 0x73, 0x74, 0x72, 0x61
.byte 0x63, 0x74, 0x40, 0x56, 0x50, 0x49, 0x6e, 0x70, 0x75, 0x74, 0x53, 0x6f, 0x75, 0x72, 0x63, 0x65
.byte 0x54, 0x6f, 0x75, 0x63, 0x68, 0x52, 0x6f, 0x74, 0x61, 0x74, 0x65, 0x40, 0x50, 0x49, 0x6e, 0x70
.byte 0x75, 0x74, 0x73, 0x40, 0x50, 0x68, 0x79, 0x72, 0x65, 0x40, 0x40, 0x40, 0x50, 0x68, 0x79, 0x72
.byte 0x65, 0x40, 0x40, 0x00
.globl _sym_00c66330
_sym_00c66330:
.long _sym_00b69fe8
.byte 0x00, 0x00, 0x00, 0x00, 0x2e, 0x3f, 0x41, 0x56, 0x3f, 0x24, 0x50, 0x43, 0x6c, 0x61, 0x73, 0x73
.byte 0x44, 0x65, 0x73, 0x63, 0x72, 0x69, 0x70, 0x74, 0x6f, 0x72, 0x46, 0x6f, 0x72, 0x54, 0x79, 0x70
.byte 0x65, 0x40, 0x56, 0x50, 0x49, 0x6e, 0x70, 0x75, 0x74, 0x53, 0x6f, 0x75, 0x72, 0x63, 0x65, 0x54
.byte 0x6f, 0x75, 0x63, 0x68, 0x52, 0x6f, 0x74, 0x61, 0x74, 0x65, 0x40, 0x50, 0x49, 0x6e, 0x70, 0x75
.byte 0x74, 0x73, 0x40, 0x50, 0x68, 0x79, 0x72, 0x65, 0x40, 0x40, 0x40, 0x50, 0x68, 0x79, 0x72, 0x65
.byte 0x40, 0x40, 0x00, 0x00
.globl _sym_00c66388
_sym_00c66388:
.long _sym_00b69fe8
.byte 0x00, 0x00, 0x00, 0x00, 0x2e, 0x3f, 0x41, 0x56, 0x3f, 0x24, 0x50, 0x43, 0x6c, 0x61, 0x73, 0x73
.byte 0x44, 0x65, 0x73, 0x63, 0x72, 0x69, 0x70, 0x74, 0x6f, 0x72, 0x43, 0x6f, 0x6e, 0x63, 0x72, 0x65
.byte 0x74, 0x65, 0x40, 0x56, 0x50, 0x49, 0x6e, 0x70, 0x75, 0x74, 0x53, 0x6f, 0x75, 0x72, 0x63, 0x65
.byte 0x54, 0x6f, 0x75, 0x63, 0x68, 0x50, 0x69, 0x6e, 0x63, 0x68, 0x40, 0x50, 0x49, 0x6e, 0x70, 0x75
.byte 0x74, 0x73, 0x40, 0x50, 0x68, 0x79, 0x72, 0x65, 0x40, 0x40, 0x40, 0x50, 0x68, 0x79, 0x72, 0x65
.byte 0x40, 0x40, 0x00, 0x00
.globl _sym_00c663e0
_sym_00c663e0:
.long _sym_00b69fe8
.byte 0x00, 0x00, 0x00, 0x00, 0x2e, 0x3f, 0x41, 0x56, 0x3f, 0x24, 0x50, 0x43, 0x6c, 0x61, 0x73, 0x73
.byte 0x44, 0x65, 0x73, 0x63, 0x72, 0x69, 0x70, 0x74, 0x6f, 0x72, 0x41, 0x62, 0x73, 0x74, 0x72, 0x61
.byte 0x63, 0x74, 0x40, 0x56, 0x50, 0x49, 0x6e, 0x70, 0x75, 0x74, 0x53, 0x6f, 0x75, 0x72, 0x63, 0x65
.byte 0x54, 0x6f, 0x75, 0x63, 0x68, 0x50, 0x69, 0x6e, 0x63, 0x68, 0x40, 0x50, 0x49, 0x6e, 0x70, 0x75
.byte 0x74, 0x73, 0x40, 0x50, 0x68, 0x79, 0x72, 0x65, 0x40, 0x40, 0x40, 0x50, 0x68, 0x79, 0x72, 0x65
.byte 0x40, 0x40, 0x00, 0x00
.globl _sym_00c66438
_sym_00c66438:
.long _sym_00b69fe8
.byte 0x00, 0x00, 0x00, 0x00, 0x2e, 0x3f, 0x41, 0x56, 0x3f, 0x24, 0x50, 0x43, 0x6c, 0x61, 0x73, 0x73
.byte 0x44, 0x65, 0x73, 0x63, 0x72, 0x69, 0x70, 0x74, 0x6f, 0x72, 0x46, 0x6f, 0x72, 0x54, 0x79, 0x70
.byte 0x65, 0x40, 0x56, 0x50, 0x49, 0x6e, 0x70, 0x75, 0x74, 0x53, 0x6f, 0x75, 0x72, 0x63, 0x65, 0x54
.byte 0x6f, 0x75, 0x63, 0x68, 0x50, 0x69, 0x6e, 0x63, 0x68, 0x40, 0x50, 0x49, 0x6e, 0x70, 0x75, 0x74
.byte 0x73, 0x40, 0x50, 0x68, 0x79, 0x72, 0x65, 0x40, 0x40, 0x40, 0x50, 0x68, 0x79, 0x72, 0x65, 0x40
.byte 0x40, 0x00, 0x00, 0x00
.globl _sym_00c66490
_sym_00c66490:
.long _sym_00b69fe8
.byte 0x00, 0x00, 0x00, 0x00, 0x2e, 0x3f, 0x41, 0x56, 0x3f, 0x24, 0x50, 0x43, 0x6c, 0x61, 0x73, 0x73
.byte 0x44, 0x65, 0x73, 0x63, 0x72, 0x69, 0x70, 0x74, 0x6f, 0x72, 0x43, 0x6f, 0x6e, 0x63, 0x72, 0x65
.byte 0x74, 0x65, 0x40, 0x56, 0x50, 0x49, 0x6e, 0x70, 0x75, 0x74, 0x53, 0x6f, 0x75, 0x72, 0x63, 0x65
.byte 0x54, 0x6f, 0x75, 0x63, 0x68, 0x54, 0x77, 0x6f, 0x46, 0x69, 0x6e, 0x67, 0x65, 0x72, 0x44, 0x72
.byte 0x61, 0x67, 0x58, 0x40, 0x50, 0x49, 0x6e, 0x70, 0x75, 0x74, 0x73, 0x40, 0x50, 0x68, 0x79, 0x72
.byte 0x65, 0x40, 0x40, 0x40, 0x50, 0x68, 0x79, 0x72, 0x65, 0x40, 0x40, 0x00
.globl _sym_00c664f0
_sym_00c664f0:
.long _sym_00b69fe8
.byte 0x00, 0x00, 0x00, 0x00, 0x2e, 0x3f, 0x41, 0x56, 0x3f, 0x24, 0x50, 0x43, 0x6c, 0x61, 0x73, 0x73
.byte 0x44, 0x65, 0x73, 0x63, 0x72, 0x69, 0x70, 0x74, 0x6f, 0x72, 0x41, 0x62, 0x73, 0x74, 0x72, 0x61
.byte 0x63, 0x74, 0x40, 0x56, 0x50, 0x49, 0x6e, 0x70, 0x75, 0x74, 0x53, 0x6f, 0x75, 0x72, 0x63, 0x65
.byte 0x54, 0x6f, 0x75, 0x63, 0x68, 0x54, 0x77, 0x6f, 0x46, 0x69, 0x6e, 0x67, 0x65, 0x72, 0x44, 0x72
.byte 0x61, 0x67, 0x58, 0x40, 0x50, 0x49, 0x6e, 0x70, 0x75, 0x74, 0x73, 0x40, 0x50, 0x68, 0x79, 0x72
.byte 0x65, 0x40, 0x40, 0x40, 0x50, 0x68, 0x79, 0x72, 0x65, 0x40, 0x40, 0x00
.globl _sym_00c66550
_sym_00c66550:
.long _sym_00b69fe8
.byte 0x00, 0x00, 0x00, 0x00, 0x2e, 0x3f, 0x41, 0x56, 0x3f, 0x24, 0x50, 0x43, 0x6c, 0x61, 0x73, 0x73
.byte 0x44, 0x65, 0x73, 0x63, 0x72, 0x69, 0x70, 0x74, 0x6f, 0x72, 0x46, 0x6f, 0x72, 0x54, 0x79, 0x70
.byte 0x65, 0x40, 0x56, 0x50, 0x49, 0x6e, 0x70, 0x75, 0x74, 0x53, 0x6f, 0x75, 0x72, 0x63, 0x65, 0x54
.byte 0x6f, 0x75, 0x63, 0x68, 0x54, 0x77, 0x6f, 0x46, 0x69, 0x6e, 0x67, 0x65, 0x72, 0x44, 0x72, 0x61
.byte 0x67, 0x58, 0x40, 0x50, 0x49, 0x6e, 0x70, 0x75, 0x74, 0x73, 0x40, 0x50, 0x68, 0x79, 0x72, 0x65
.byte 0x40, 0x40, 0x40, 0x50, 0x68, 0x79, 0x72, 0x65, 0x40, 0x40, 0x00, 0x00
.globl _sym_00c665b0
_sym_00c665b0:
.long _sym_00b69fe8
.byte 0x00, 0x00, 0x00, 0x00, 0x2e, 0x3f, 0x41, 0x56, 0x3f, 0x24, 0x50, 0x43, 0x6c, 0x61, 0x73, 0x73
.byte 0x44, 0x65, 0x73, 0x63, 0x72, 0x69, 0x70, 0x74, 0x6f, 0x72, 0x43, 0x6f, 0x6e, 0x63, 0x72, 0x65
.byte 0x74, 0x65, 0x40, 0x56, 0x50, 0x49, 0x6e, 0x70, 0x75, 0x74, 0x53, 0x6f, 0x75, 0x72, 0x63, 0x65
.byte 0x54, 0x6f, 0x75, 0x63, 0x68, 0x54, 0x77, 0x6f, 0x46, 0x69, 0x6e, 0x67, 0x65, 0x72, 0x44, 0x72
.byte 0x61, 0x67, 0x59, 0x40, 0x50, 0x49, 0x6e, 0x70, 0x75, 0x74, 0x73, 0x40, 0x50, 0x68, 0x79, 0x72
.byte 0x65, 0x40, 0x40, 0x40, 0x50, 0x68, 0x79, 0x72, 0x65, 0x40, 0x40, 0x00
.globl _sym_00c66610
_sym_00c66610:
.long _sym_00b69fe8
.byte 0x00, 0x00, 0x00, 0x00, 0x2e, 0x3f, 0x41, 0x56, 0x3f, 0x24, 0x50, 0x43, 0x6c, 0x61, 0x73, 0x73
.byte 0x44, 0x65, 0x73, 0x63, 0x72, 0x69, 0x70, 0x74, 0x6f, 0x72, 0x41, 0x62, 0x73, 0x74, 0x72, 0x61
.byte 0x63, 0x74, 0x40, 0x56, 0x50, 0x49, 0x6e, 0x70, 0x75, 0x74, 0x53, 0x6f, 0x75, 0x72, 0x63, 0x65
.byte 0x54, 0x6f, 0x75, 0x63, 0x68, 0x54, 0x77, 0x6f, 0x46, 0x69, 0x6e, 0x67, 0x65, 0x72, 0x44, 0x72
.byte 0x61, 0x67, 0x59, 0x40, 0x50, 0x49, 0x6e, 0x70, 0x75, 0x74, 0x73, 0x40, 0x50, 0x68, 0x79, 0x72
.byte 0x65, 0x40, 0x40, 0x40, 0x50, 0x68, 0x79, 0x72, 0x65, 0x40, 0x40, 0x00
.globl _sym_00c66670
_sym_00c66670:
.long _sym_00b69fe8
.byte 0x00, 0x00, 0x00, 0x00, 0x2e, 0x3f, 0x41, 0x56, 0x3f, 0x24, 0x50, 0x43, 0x6c, 0x61, 0x73, 0x73
.byte 0x44, 0x65, 0x73, 0x63, 0x72, 0x69, 0x70, 0x74, 0x6f, 0x72, 0x46, 0x6f, 0x72, 0x54, 0x79, 0x70
.byte 0x65, 0x40, 0x56, 0x50, 0x49, 0x6e, 0x70, 0x75, 0x74, 0x53, 0x6f, 0x75, 0x72, 0x63, 0x65, 0x54
.byte 0x6f, 0x75, 0x63, 0x68, 0x54, 0x77, 0x6f, 0x46, 0x69, 0x6e, 0x67, 0x65, 0x72, 0x44, 0x72, 0x61
.byte 0x67, 0x59, 0x40, 0x50, 0x49, 0x6e, 0x70, 0x75, 0x74, 0x73, 0x40, 0x50, 0x68, 0x79, 0x72, 0x65
.byte 0x40, 0x40, 0x40, 0x50, 0x68, 0x79, 0x72, 0x65, 0x40, 0x40, 0x00, 0x00
.globl _sym_00c666d0
_sym_00c666d0:
.long _sym_00b69fe8
.byte 0x00, 0x00, 0x00, 0x00, 0x2e, 0x3f, 0x41, 0x56, 0x3f, 0x24, 0x50, 0x43, 0x6c, 0x61, 0x73, 0x73
.byte 0x44, 0x65, 0x73, 0x63, 0x72, 0x69, 0x70, 0x74, 0x6f, 0x72, 0x43, 0x6f, 0x6e, 0x63, 0x72, 0x65
.byte 0x74, 0x65, 0x40, 0x56, 0x50, 0x49, 0x6e, 0x70, 0x75, 0x74, 0x53, 0x6f, 0x75, 0x72, 0x63, 0x65
.byte 0x54, 0x6f, 0x75, 0x63, 0x68, 0x44, 0x72, 0x61, 0x67, 0x58, 0x40, 0x50, 0x49, 0x6e, 0x70, 0x75
.byte 0x74, 0x73, 0x40, 0x50, 0x68, 0x79, 0x72, 0x65, 0x40, 0x40, 0x40, 0x50, 0x68, 0x79, 0x72, 0x65
.byte 0x40, 0x40, 0x00, 0x00
.globl _sym_00c66728
_sym_00c66728:
.long _sym_00b69fe8
.byte 0x00, 0x00, 0x00, 0x00, 0x2e, 0x3f, 0x41, 0x56, 0x3f, 0x24, 0x50, 0x43, 0x6c, 0x61, 0x73, 0x73
.byte 0x44, 0x65, 0x73, 0x63, 0x72, 0x69, 0x70, 0x74, 0x6f, 0x72, 0x41, 0x62, 0x73, 0x74, 0x72, 0x61
.byte 0x63, 0x74, 0x40, 0x56, 0x50, 0x49, 0x6e, 0x70, 0x75, 0x74, 0x53, 0x6f, 0x75, 0x72, 0x63, 0x65
.byte 0x54, 0x6f, 0x75, 0x63, 0x68, 0x44, 0x72, 0x61, 0x67, 0x58, 0x40, 0x50, 0x49, 0x6e, 0x70, 0x75
.byte 0x74, 0x73, 0x40, 0x50, 0x68, 0x79, 0x72, 0x65, 0x40, 0x40, 0x40, 0x50, 0x68, 0x79, 0x72, 0x65
.byte 0x40, 0x40, 0x00, 0x00
.globl _sym_00c66780
_sym_00c66780:
.long _sym_00b69fe8
.byte 0x00, 0x00, 0x00, 0x00, 0x2e, 0x3f, 0x41, 0x56, 0x3f, 0x24, 0x50, 0x43, 0x6c, 0x61, 0x73, 0x73
.byte 0x44, 0x65, 0x73, 0x63, 0x72, 0x69, 0x70, 0x74, 0x6f, 0x72, 0x46, 0x6f, 0x72, 0x54, 0x79, 0x70
.byte 0x65, 0x40, 0x56, 0x50, 0x49, 0x6e, 0x70, 0x75, 0x74, 0x53, 0x6f, 0x75, 0x72, 0x63, 0x65, 0x54
.byte 0x6f, 0x75, 0x63, 0x68, 0x44, 0x72, 0x61, 0x67, 0x58, 0x40, 0x50, 0x49, 0x6e, 0x70, 0x75, 0x74
.byte 0x73, 0x40, 0x50, 0x68, 0x79, 0x72, 0x65, 0x40, 0x40, 0x40, 0x50, 0x68, 0x79, 0x72, 0x65, 0x40
.byte 0x40, 0x00, 0x00, 0x00
.globl _sym_00c667d8
_sym_00c667d8:
.long _sym_00b69fe8
.byte 0x00, 0x00, 0x00, 0x00, 0x2e, 0x3f, 0x41, 0x56, 0x3f, 0x24, 0x50, 0x43, 0x6c, 0x61, 0x73, 0x73
.byte 0x44, 0x65, 0x73, 0x63, 0x72, 0x69, 0x70, 0x74, 0x6f, 0x72, 0x43, 0x6f, 0x6e, 0x63, 0x72, 0x65
.byte 0x74, 0x65, 0x40, 0x56, 0x50, 0x49, 0x6e, 0x70, 0x75, 0x74, 0x53, 0x6f, 0x75, 0x72, 0x63, 0x65
.byte 0x54, 0x6f, 0x75, 0x63, 0x68, 0x44, 0x72, 0x61, 0x67, 0x59, 0x40, 0x50, 0x49, 0x6e, 0x70, 0x75
.byte 0x74, 0x73, 0x40, 0x50, 0x68, 0x79, 0x72, 0x65, 0x40, 0x40, 0x40, 0x50, 0x68, 0x79, 0x72, 0x65
.byte 0x40, 0x40, 0x00, 0x00
.globl _sym_00c66830
_sym_00c66830:
.long _sym_00b69fe8
.byte 0x00, 0x00, 0x00, 0x00, 0x2e, 0x3f, 0x41, 0x56, 0x3f, 0x24, 0x50, 0x43, 0x6c, 0x61, 0x73, 0x73
.byte 0x44, 0x65, 0x73, 0x63, 0x72, 0x69, 0x70, 0x74, 0x6f, 0x72, 0x41, 0x62, 0x73, 0x74, 0x72, 0x61
.byte 0x63, 0x74, 0x40, 0x56, 0x50, 0x49, 0x6e, 0x70, 0x75, 0x74, 0x53, 0x6f, 0x75, 0x72, 0x63, 0x65
.byte 0x54, 0x6f, 0x75, 0x63, 0x68, 0x44, 0x72, 0x61, 0x67, 0x59, 0x40, 0x50, 0x49, 0x6e, 0x70, 0x75
.byte 0x74, 0x73, 0x40, 0x50, 0x68, 0x79, 0x72, 0x65, 0x40, 0x40, 0x40, 0x50, 0x68, 0x79, 0x72, 0x65
.byte 0x40, 0x40, 0x00, 0x00
.globl _sym_00c66888
_sym_00c66888:
.long _sym_00b69fe8
.byte 0x00, 0x00, 0x00, 0x00, 0x2e, 0x3f, 0x41, 0x56, 0x3f, 0x24, 0x50, 0x43, 0x6c, 0x61, 0x73, 0x73
.byte 0x44, 0x65, 0x73, 0x63, 0x72, 0x69, 0x70, 0x74, 0x6f, 0x72, 0x46, 0x6f, 0x72, 0x54, 0x79, 0x70
.byte 0x65, 0x40, 0x56, 0x50, 0x49, 0x6e, 0x70, 0x75, 0x74, 0x53, 0x6f, 0x75, 0x72, 0x63, 0x65, 0x54
.byte 0x6f, 0x75, 0x63, 0x68, 0x44, 0x72, 0x61, 0x67, 0x59, 0x40, 0x50, 0x49, 0x6e, 0x70, 0x75, 0x74
.byte 0x73, 0x40, 0x50, 0x68, 0x79, 0x72, 0x65, 0x40, 0x40, 0x40, 0x50, 0x68, 0x79, 0x72, 0x65, 0x40
.byte 0x40, 0x00, 0x00, 0x00
.globl _sym_00c668e0
_sym_00c668e0:
.long _sym_00b69fe8
.byte 0x00, 0x00, 0x00, 0x00, 0x2e, 0x3f, 0x41, 0x56, 0x3f, 0x24, 0x50, 0x43, 0x6c, 0x61, 0x73, 0x73
.byte 0x44, 0x65, 0x73, 0x63, 0x72, 0x69, 0x70, 0x74, 0x6f, 0x72, 0x43, 0x6f, 0x6e, 0x63, 0x72, 0x65
.byte 0x74, 0x65, 0x40, 0x56, 0x50, 0x49, 0x6e, 0x70, 0x75, 0x74, 0x53, 0x6f, 0x75, 0x72, 0x63, 0x65
.byte 0x4d, 0x6f, 0x74, 0x69, 0x6f, 0x6e, 0x51, 0x75, 0x61, 0x74, 0x58, 0x40, 0x50, 0x49, 0x6e, 0x70
.byte 0x75, 0x74, 0x73, 0x40, 0x50, 0x68, 0x79, 0x72, 0x65, 0x40, 0x40, 0x40, 0x50, 0x68, 0x79, 0x72
.byte 0x65, 0x40, 0x40, 0x00
.globl _sym_00c66938
_sym_00c66938:
.long _sym_00b69fe8
.byte 0x00, 0x00, 0x00, 0x00, 0x2e, 0x3f, 0x41, 0x56, 0x3f, 0x24, 0x50, 0x43, 0x6c, 0x61, 0x73, 0x73
.byte 0x44, 0x65, 0x73, 0x63, 0x72, 0x69, 0x70, 0x74, 0x6f, 0x72, 0x41, 0x62, 0x73, 0x74, 0x72, 0x61
.byte 0x63, 0x74, 0x40, 0x56, 0x50, 0x49, 0x6e, 0x70, 0x75, 0x74, 0x53, 0x6f, 0x75, 0x72, 0x63, 0x65
.byte 0x4d, 0x6f, 0x74, 0x69, 0x6f, 0x6e, 0x51, 0x75, 0x61, 0x74, 0x58, 0x40, 0x50, 0x49, 0x6e, 0x70
.byte 0x75, 0x74, 0x73, 0x40, 0x50, 0x68, 0x79, 0x72, 0x65, 0x40, 0x40, 0x40, 0x50, 0x68, 0x79, 0x72
.byte 0x65, 0x40, 0x40, 0x00
.globl _sym_00c66990
_sym_00c66990:
.long _sym_00b69fe8
.byte 0x00, 0x00, 0x00, 0x00, 0x2e, 0x3f, 0x41, 0x56, 0x3f, 0x24, 0x50, 0x43, 0x6c, 0x61, 0x73, 0x73
.byte 0x44, 0x65, 0x73, 0x63, 0x72, 0x69, 0x70, 0x74, 0x6f, 0x72, 0x46, 0x6f, 0x72, 0x54, 0x79, 0x70
.byte 0x65, 0x40, 0x56, 0x50, 0x49, 0x6e, 0x70, 0x75, 0x74, 0x53, 0x6f, 0x75, 0x72, 0x63, 0x65, 0x4d
.byte 0x6f, 0x74, 0x69, 0x6f, 0x6e, 0x51, 0x75, 0x61, 0x74, 0x58, 0x40, 0x50, 0x49, 0x6e, 0x70, 0x75
.byte 0x74, 0x73, 0x40, 0x50, 0x68, 0x79, 0x72, 0x65, 0x40, 0x40, 0x40, 0x50, 0x68, 0x79, 0x72, 0x65
.byte 0x40, 0x40, 0x00, 0x00
.globl _sym_00c669e8
_sym_00c669e8:
.long _sym_00b69fe8
.byte 0x00, 0x00, 0x00, 0x00, 0x2e, 0x3f, 0x41, 0x56, 0x3f, 0x24, 0x50, 0x43, 0x6c, 0x61, 0x73, 0x73
.byte 0x44, 0x65, 0x73, 0x63, 0x72, 0x69, 0x70, 0x74, 0x6f, 0x72, 0x43, 0x6f, 0x6e, 0x63, 0x72, 0x65
.byte 0x74, 0x65, 0x40, 0x56, 0x50, 0x49, 0x6e, 0x70, 0x75, 0x74, 0x53, 0x6f, 0x75, 0x72, 0x63, 0x65
.byte 0x4d, 0x6f, 0x74, 0x69, 0x6f, 0x6e, 0x51, 0x75, 0x61, 0x74, 0x59, 0x40, 0x50, 0x49, 0x6e, 0x70
.byte 0x75, 0x74, 0x73, 0x40, 0x50, 0x68, 0x79, 0x72, 0x65, 0x40, 0x40, 0x40, 0x50, 0x68, 0x79, 0x72
.byte 0x65, 0x40, 0x40, 0x00
.globl _sym_00c66a40
_sym_00c66a40:
.long _sym_00b69fe8
.byte 0x00, 0x00, 0x00, 0x00, 0x2e, 0x3f, 0x41, 0x56, 0x3f, 0x24, 0x50, 0x43, 0x6c, 0x61, 0x73, 0x73
.byte 0x44, 0x65, 0x73, 0x63, 0x72, 0x69, 0x70, 0x74, 0x6f, 0x72, 0x41, 0x62, 0x73, 0x74, 0x72, 0x61
.byte 0x63, 0x74, 0x40, 0x56, 0x50, 0x49, 0x6e, 0x70, 0x75, 0x74, 0x53, 0x6f, 0x75, 0x72, 0x63, 0x65
.byte 0x4d, 0x6f, 0x74, 0x69, 0x6f, 0x6e, 0x51, 0x75, 0x61, 0x74, 0x59, 0x40, 0x50, 0x49, 0x6e, 0x70
.byte 0x75, 0x74, 0x73, 0x40, 0x50, 0x68, 0x79, 0x72, 0x65, 0x40, 0x40, 0x40, 0x50, 0x68, 0x79, 0x72
.byte 0x65, 0x40, 0x40, 0x00
.globl _sym_00c66a98
_sym_00c66a98:
.long _sym_00b69fe8
.byte 0x00, 0x00, 0x00, 0x00, 0x2e, 0x3f, 0x41, 0x56, 0x3f, 0x24, 0x50, 0x43, 0x6c, 0x61, 0x73, 0x73
.byte 0x44, 0x65, 0x73, 0x63, 0x72, 0x69, 0x70, 0x74, 0x6f, 0x72, 0x46, 0x6f, 0x72, 0x54, 0x79, 0x70
.byte 0x65, 0x40, 0x56, 0x50, 0x49, 0x6e, 0x70, 0x75, 0x74, 0x53, 0x6f, 0x75, 0x72, 0x63, 0x65, 0x4d
.byte 0x6f, 0x74, 0x69, 0x6f, 0x6e, 0x51, 0x75, 0x61, 0x74, 0x59, 0x40, 0x50, 0x49, 0x6e, 0x70, 0x75
.byte 0x74, 0x73, 0x40, 0x50, 0x68, 0x79, 0x72, 0x65, 0x40, 0x40, 0x40, 0x50, 0x68, 0x79, 0x72, 0x65
.byte 0x40, 0x40, 0x00, 0x00
.globl _sym_00c66af0
_sym_00c66af0:
.long _sym_00b69fe8
.byte 0x00, 0x00, 0x00, 0x00, 0x2e, 0x3f, 0x41, 0x56, 0x3f, 0x24, 0x50, 0x43, 0x6c, 0x61, 0x73, 0x73
.byte 0x44, 0x65, 0x73, 0x63, 0x72, 0x69, 0x70, 0x74, 0x6f, 0x72, 0x43, 0x6f, 0x6e, 0x63, 0x72, 0x65
.byte 0x74, 0x65, 0x40, 0x56, 0x50, 0x49, 0x6e, 0x70, 0x75, 0x74, 0x53, 0x6f, 0x75, 0x72, 0x63, 0x65
.byte 0x4d, 0x6f, 0x74, 0x69, 0x6f, 0x6e, 0x51, 0x75, 0x61, 0x74, 0x5a, 0x40, 0x50, 0x49, 0x6e, 0x70
.byte 0x75, 0x74, 0x73, 0x40, 0x50, 0x68, 0x79, 0x72, 0x65, 0x40, 0x40, 0x40, 0x50, 0x68, 0x79, 0x72
.byte 0x65, 0x40, 0x40, 0x00
.globl _sym_00c66b48
_sym_00c66b48:
.long _sym_00b69fe8
.byte 0x00, 0x00, 0x00, 0x00, 0x2e, 0x3f, 0x41, 0x56, 0x3f, 0x24, 0x50, 0x43, 0x6c, 0x61, 0x73, 0x73
.byte 0x44, 0x65, 0x73, 0x63, 0x72, 0x69, 0x70, 0x74, 0x6f, 0x72, 0x41, 0x62, 0x73, 0x74, 0x72, 0x61
.byte 0x63, 0x74, 0x40, 0x56, 0x50, 0x49, 0x6e, 0x70, 0x75, 0x74, 0x53, 0x6f, 0x75, 0x72, 0x63, 0x65
.byte 0x4d, 0x6f, 0x74, 0x69, 0x6f, 0x6e, 0x51, 0x75, 0x61, 0x74, 0x5a, 0x40, 0x50, 0x49, 0x6e, 0x70
.byte 0x75, 0x74, 0x73, 0x40, 0x50, 0x68, 0x79, 0x72, 0x65, 0x40, 0x40, 0x40, 0x50, 0x68, 0x79, 0x72
.byte 0x65, 0x40, 0x40, 0x00
.globl _sym_00c66ba0
_sym_00c66ba0:
.long _sym_00b69fe8
.byte 0x00, 0x00, 0x00, 0x00, 0x2e, 0x3f, 0x41, 0x56, 0x3f, 0x24, 0x50, 0x43, 0x6c, 0x61, 0x73, 0x73
.byte 0x44, 0x65, 0x73, 0x63, 0x72, 0x69, 0x70, 0x74, 0x6f, 0x72, 0x46, 0x6f, 0x72, 0x54, 0x79, 0x70
.byte 0x65, 0x40, 0x56, 0x50, 0x49, 0x6e, 0x70, 0x75, 0x74, 0x53, 0x6f, 0x75, 0x72, 0x63, 0x65, 0x4d
.byte 0x6f, 0x74, 0x69, 0x6f, 0x6e, 0x51, 0x75, 0x61, 0x74, 0x5a, 0x40, 0x50, 0x49, 0x6e, 0x70, 0x75
.byte 0x74, 0x73, 0x40, 0x50, 0x68, 0x79, 0x72, 0x65, 0x40, 0x40, 0x40, 0x50, 0x68, 0x79, 0x72, 0x65
.byte 0x40, 0x40, 0x00, 0x00
.globl _sym_00c66bf8
_sym_00c66bf8:
.long _sym_00b69fe8
.byte 0x00, 0x00, 0x00, 0x00, 0x2e, 0x3f, 0x41, 0x56, 0x3f, 0x24, 0x50, 0x43, 0x6c, 0x61, 0x73, 0x73
.byte 0x44, 0x65, 0x73, 0x63, 0x72, 0x69, 0x70, 0x74, 0x6f, 0x72, 0x43, 0x6f, 0x6e, 0x63, 0x72, 0x65
.byte 0x74, 0x65, 0x40, 0x56, 0x50, 0x49, 0x6e, 0x70, 0x75, 0x74, 0x53, 0x6f, 0x75, 0x72, 0x63, 0x65
.byte 0x4d, 0x6f, 0x74, 0x69, 0x6f, 0x6e, 0x51, 0x75, 0x61, 0x74, 0x57, 0x40, 0x50, 0x49, 0x6e, 0x70
.byte 0x75, 0x74, 0x73, 0x40, 0x50, 0x68, 0x79, 0x72, 0x65, 0x40, 0x40, 0x40, 0x50, 0x68, 0x79, 0x72
.byte 0x65, 0x40, 0x40, 0x00
.globl _sym_00c66c50
_sym_00c66c50:
.long _sym_00b69fe8
.byte 0x00, 0x00, 0x00, 0x00, 0x2e, 0x3f, 0x41, 0x56, 0x3f, 0x24, 0x50, 0x43, 0x6c, 0x61, 0x73, 0x73
.byte 0x44, 0x65, 0x73, 0x63, 0x72, 0x69, 0x70, 0x74, 0x6f, 0x72, 0x41, 0x62, 0x73, 0x74, 0x72, 0x61
.byte 0x63, 0x74, 0x40, 0x56, 0x50, 0x49, 0x6e, 0x70, 0x75, 0x74, 0x53, 0x6f, 0x75, 0x72, 0x63, 0x65
.byte 0x4d, 0x6f, 0x74, 0x69, 0x6f, 0x6e, 0x51, 0x75, 0x61, 0x74, 0x57, 0x40, 0x50, 0x49, 0x6e, 0x70
.byte 0x75, 0x74, 0x73, 0x40, 0x50, 0x68, 0x79, 0x72, 0x65, 0x40, 0x40, 0x40, 0x50, 0x68, 0x79, 0x72
.byte 0x65, 0x40, 0x40, 0x00
.globl _sym_00c66ca8
_sym_00c66ca8:
.long _sym_00b69fe8
.byte 0x00, 0x00, 0x00, 0x00, 0x2e, 0x3f, 0x41, 0x56, 0x3f, 0x24, 0x50, 0x43, 0x6c, 0x61, 0x73, 0x73
.byte 0x44, 0x65, 0x73, 0x63, 0x72, 0x69, 0x70, 0x74, 0x6f, 0x72, 0x46, 0x6f, 0x72, 0x54, 0x79, 0x70
.byte 0x65, 0x40, 0x56, 0x50, 0x49, 0x6e, 0x70, 0x75, 0x74, 0x53, 0x6f, 0x75, 0x72, 0x63, 0x65, 0x4d
.byte 0x6f, 0x74, 0x69, 0x6f, 0x6e, 0x51, 0x75, 0x61, 0x74, 0x57, 0x40, 0x50, 0x49, 0x6e, 0x70, 0x75
.byte 0x74, 0x73, 0x40, 0x50, 0x68, 0x79, 0x72, 0x65, 0x40, 0x40, 0x40, 0x50, 0x68, 0x79, 0x72, 0x65
.byte 0x40, 0x40, 0x00, 0x00
.globl _sym_00c66d00
_sym_00c66d00:
.long _sym_00b69fe8
.byte 0x00, 0x00, 0x00, 0x00, 0x2e, 0x3f, 0x41, 0x56, 0x3f, 0x24, 0x50, 0x43, 0x6c, 0x61, 0x73, 0x73
.byte 0x44, 0x65, 0x73, 0x63, 0x72, 0x69, 0x70, 0x74, 0x6f, 0x72, 0x43, 0x6f, 0x6e, 0x63, 0x72, 0x65
.byte 0x74, 0x65, 0x40, 0x56, 0x50, 0x49, 0x6e, 0x70, 0x75, 0x74, 0x53, 0x6f, 0x75, 0x72, 0x63, 0x65
.byte 0x4d, 0x6f, 0x74, 0x69, 0x6f, 0x6e, 0x41, 0x6e, 0x67, 0x75, 0x6c, 0x61, 0x72, 0x56, 0x65, 0x6c
.byte 0x6f, 0x63, 0x69, 0x74, 0x79, 0x58, 0x40, 0x50, 0x49, 0x6e, 0x70, 0x75, 0x74, 0x73, 0x40, 0x50
.byte 0x68, 0x79, 0x72, 0x65, 0x40, 0x40, 0x40, 0x50, 0x68, 0x79, 0x72, 0x65, 0x40, 0x40, 0x00, 0x00
.byte 0x00, 0x00, 0x00, 0x00
.globl _sym_00c66d68
_sym_00c66d68:
.long _sym_00b69fe8
.byte 0x00, 0x00, 0x00, 0x00, 0x2e, 0x3f, 0x41, 0x56, 0x3f, 0x24, 0x50, 0x43, 0x6c, 0x61, 0x73, 0x73
.byte 0x44, 0x65, 0x73, 0x63, 0x72, 0x69, 0x70, 0x74, 0x6f, 0x72, 0x41, 0x62, 0x73, 0x74, 0x72, 0x61
.byte 0x63, 0x74, 0x40, 0x56, 0x50, 0x49, 0x6e, 0x70, 0x75, 0x74, 0x53, 0x6f, 0x75, 0x72, 0x63, 0x65
.byte 0x4d, 0x6f, 0x74, 0x69, 0x6f, 0x6e, 0x41, 0x6e, 0x67, 0x75, 0x6c, 0x61, 0x72, 0x56, 0x65, 0x6c
.byte 0x6f, 0x63, 0x69, 0x74, 0x79, 0x58, 0x40, 0x50, 0x49, 0x6e, 0x70, 0x75, 0x74, 0x73, 0x40, 0x50
.byte 0x68, 0x79, 0x72, 0x65, 0x40, 0x40, 0x40, 0x50, 0x68, 0x79, 0x72, 0x65, 0x40, 0x40, 0x00, 0x00
.byte 0x00, 0x00, 0x00, 0x00
.globl _sym_00c66dd0
_sym_00c66dd0:
.long _sym_00b69fe8
.byte 0x00, 0x00, 0x00, 0x00, 0x2e, 0x3f, 0x41, 0x56, 0x3f, 0x24, 0x50, 0x43, 0x6c, 0x61, 0x73, 0x73
.byte 0x44, 0x65, 0x73, 0x63, 0x72, 0x69, 0x70, 0x74, 0x6f, 0x72, 0x46, 0x6f, 0x72, 0x54, 0x79, 0x70
.byte 0x65, 0x40, 0x56, 0x50, 0x49, 0x6e, 0x70, 0x75, 0x74, 0x53, 0x6f, 0x75, 0x72, 0x63, 0x65, 0x4d
.byte 0x6f, 0x74, 0x69, 0x6f, 0x6e, 0x41, 0x6e, 0x67, 0x75, 0x6c, 0x61, 0x72, 0x56, 0x65, 0x6c, 0x6f
.byte 0x63, 0x69, 0x74, 0x79, 0x58, 0x40, 0x50, 0x49, 0x6e, 0x70, 0x75, 0x74, 0x73, 0x40, 0x50, 0x68
.byte 0x79, 0x72, 0x65, 0x40, 0x40, 0x40, 0x50, 0x68, 0x79, 0x72, 0x65, 0x40, 0x40, 0x00, 0x00, 0x00
.byte 0x00, 0x00, 0x00, 0x00
.globl _sym_00c66e38
_sym_00c66e38:
.long _sym_00b69fe8
.byte 0x00, 0x00, 0x00, 0x00, 0x2e, 0x3f, 0x41, 0x56, 0x3f, 0x24, 0x50, 0x43, 0x6c, 0x61, 0x73, 0x73
.byte 0x44, 0x65, 0x73, 0x63, 0x72, 0x69, 0x70, 0x74, 0x6f, 0x72, 0x43, 0x6f, 0x6e, 0x63, 0x72, 0x65
.byte 0x74, 0x65, 0x40, 0x56, 0x50, 0x49, 0x6e, 0x70, 0x75, 0x74, 0x53, 0x6f, 0x75, 0x72, 0x63, 0x65
.byte 0x4d, 0x6f, 0x74, 0x69, 0x6f, 0x6e, 0x41, 0x6e, 0x67, 0x75, 0x6c, 0x61, 0x72, 0x56, 0x65, 0x6c
.byte 0x6f, 0x63, 0x69, 0x74, 0x79, 0x59, 0x40, 0x50, 0x49, 0x6e, 0x70, 0x75, 0x74, 0x73, 0x40, 0x50
.byte 0x68, 0x79, 0x72, 0x65, 0x40, 0x40, 0x40, 0x50, 0x68, 0x79, 0x72, 0x65, 0x40, 0x40, 0x00, 0x00
.byte 0x00, 0x00, 0x00, 0x00
.globl _sym_00c66ea0
_sym_00c66ea0:
.long _sym_00b69fe8
.byte 0x00, 0x00, 0x00, 0x00, 0x2e, 0x3f, 0x41, 0x56, 0x3f, 0x24, 0x50, 0x43, 0x6c, 0x61, 0x73, 0x73
.byte 0x44, 0x65, 0x73, 0x63, 0x72, 0x69, 0x70, 0x74, 0x6f, 0x72, 0x41, 0x62, 0x73, 0x74, 0x72, 0x61
.byte 0x63, 0x74, 0x40, 0x56, 0x50, 0x49, 0x6e, 0x70, 0x75, 0x74, 0x53, 0x6f, 0x75, 0x72, 0x63, 0x65
.byte 0x4d, 0x6f, 0x74, 0x69, 0x6f, 0x6e, 0x41, 0x6e, 0x67, 0x75, 0x6c, 0x61, 0x72, 0x56, 0x65, 0x6c
.byte 0x6f, 0x63, 0x69, 0x74, 0x79, 0x59, 0x40, 0x50, 0x49, 0x6e, 0x70, 0x75, 0x74, 0x73, 0x40, 0x50
.byte 0x68, 0x79, 0x72, 0x65, 0x40, 0x40, 0x40, 0x50, 0x68, 0x79, 0x72, 0x65, 0x40, 0x40, 0x00, 0x00
.byte 0x00, 0x00, 0x00, 0x00
.globl _sym_00c66f08
_sym_00c66f08:
.long _sym_00b69fe8
.byte 0x00, 0x00, 0x00, 0x00, 0x2e, 0x3f, 0x41, 0x56, 0x3f, 0x24, 0x50, 0x43, 0x6c, 0x61, 0x73, 0x73
.byte 0x44, 0x65, 0x73, 0x63, 0x72, 0x69, 0x70, 0x74, 0x6f, 0x72, 0x46, 0x6f, 0x72, 0x54, 0x79, 0x70
.byte 0x65, 0x40, 0x56, 0x50, 0x49, 0x6e, 0x70, 0x75, 0x74, 0x53, 0x6f, 0x75, 0x72, 0x63, 0x65, 0x4d
.byte 0x6f, 0x74, 0x69, 0x6f, 0x6e, 0x41, 0x6e, 0x67, 0x75, 0x6c, 0x61, 0x72, 0x56, 0x65, 0x6c, 0x6f
.byte 0x63, 0x69, 0x74, 0x79, 0x59, 0x40, 0x50, 0x49, 0x6e, 0x70, 0x75, 0x74, 0x73, 0x40, 0x50, 0x68
.byte 0x79, 0x72, 0x65, 0x40, 0x40, 0x40, 0x50, 0x68, 0x79, 0x72, 0x65, 0x40, 0x40, 0x00, 0x00, 0x00
.byte 0x00, 0x00, 0x00, 0x00
.globl _sym_00c66f70
_sym_00c66f70:
.long _sym_00b69fe8
.byte 0x00, 0x00, 0x00, 0x00, 0x2e, 0x3f, 0x41, 0x56, 0x3f, 0x24, 0x50, 0x43, 0x6c, 0x61, 0x73, 0x73
.byte 0x44, 0x65, 0x73, 0x63, 0x72, 0x69, 0x70, 0x74, 0x6f, 0x72, 0x43, 0x6f, 0x6e, 0x63, 0x72, 0x65
.byte 0x74, 0x65, 0x40, 0x56, 0x50, 0x49, 0x6e, 0x70, 0x75, 0x74, 0x53, 0x6f, 0x75, 0x72, 0x63, 0x65
.byte 0x4d, 0x6f, 0x74, 0x69, 0x6f, 0x6e, 0x41, 0x6e, 0x67, 0x75, 0x6c, 0x61, 0x72, 0x56, 0x65, 0x6c
.byte 0x6f, 0x63, 0x69, 0x74, 0x79, 0x5a, 0x40, 0x50, 0x49, 0x6e, 0x70, 0x75, 0x74, 0x73, 0x40, 0x50
.byte 0x68, 0x79, 0x72, 0x65, 0x40, 0x40, 0x40, 0x50, 0x68, 0x79, 0x72, 0x65, 0x40, 0x40, 0x00, 0x00
.byte 0x00, 0x00, 0x00, 0x00
.globl _sym_00c66fd8
_sym_00c66fd8:
.long _sym_00b69fe8
.byte 0x00, 0x00, 0x00, 0x00, 0x2e, 0x3f, 0x41, 0x56, 0x3f, 0x24, 0x50, 0x43, 0x6c, 0x61, 0x73, 0x73
.byte 0x44, 0x65, 0x73, 0x63, 0x72, 0x69, 0x70, 0x74, 0x6f, 0x72, 0x41, 0x62, 0x73, 0x74, 0x72, 0x61
.byte 0x63, 0x74, 0x40, 0x56, 0x50, 0x49, 0x6e, 0x70, 0x75, 0x74, 0x53, 0x6f, 0x75, 0x72, 0x63, 0x65
.byte 0x4d, 0x6f, 0x74, 0x69, 0x6f, 0x6e, 0x41, 0x6e, 0x67, 0x75, 0x6c, 0x61, 0x72, 0x56, 0x65, 0x6c
.byte 0x6f, 0x63, 0x69, 0x74, 0x79, 0x5a, 0x40, 0x50, 0x49, 0x6e, 0x70, 0x75, 0x74, 0x73, 0x40, 0x50
.byte 0x68, 0x79, 0x72, 0x65, 0x40, 0x40, 0x40, 0x50, 0x68, 0x79, 0x72, 0x65, 0x40, 0x40, 0x00, 0x00
.byte 0x00, 0x00, 0x00, 0x00
.globl _sym_00c67040
_sym_00c67040:
.long _sym_00b69fe8
.byte 0x00, 0x00, 0x00, 0x00, 0x2e, 0x3f, 0x41, 0x56, 0x3f, 0x24, 0x50, 0x43, 0x6c, 0x61, 0x73, 0x73
.byte 0x44, 0x65, 0x73, 0x63, 0x72, 0x69, 0x70, 0x74, 0x6f, 0x72, 0x46, 0x6f, 0x72, 0x54, 0x79, 0x70
.byte 0x65, 0x40, 0x56, 0x50, 0x49, 0x6e, 0x70, 0x75, 0x74, 0x53, 0x6f, 0x75, 0x72, 0x63, 0x65, 0x4d
.byte 0x6f, 0x74, 0x69, 0x6f, 0x6e, 0x41, 0x6e, 0x67, 0x75, 0x6c, 0x61, 0x72, 0x56, 0x65, 0x6c, 0x6f
.byte 0x63, 0x69, 0x74, 0x79, 0x5a, 0x40, 0x50, 0x49, 0x6e, 0x70, 0x75, 0x74, 0x73, 0x40, 0x50, 0x68
.byte 0x79, 0x72, 0x65, 0x40, 0x40, 0x40, 0x50, 0x68, 0x79, 0x72, 0x65, 0x40, 0x40, 0x00, 0x00, 0x00
.byte 0x00, 0x00, 0x00, 0x00
.globl _sym_00c670a8
_sym_00c670a8:
.long _sym_00b69fe8
.byte 0x00, 0x00, 0x00, 0x00, 0x2e, 0x3f, 0x41, 0x56, 0x3f, 0x24, 0x50, 0x43, 0x6c, 0x61, 0x73, 0x73
.byte 0x44, 0x65, 0x73, 0x63, 0x72, 0x69, 0x70, 0x74, 0x6f, 0x72, 0x43, 0x6f, 0x6e, 0x63, 0x72, 0x65
.byte 0x74, 0x65, 0x40, 0x56, 0x50, 0x49, 0x6e, 0x70, 0x75, 0x74, 0x53, 0x6f, 0x75, 0x72, 0x63, 0x65
.byte 0x4d, 0x6f, 0x74, 0x69, 0x6f, 0x6e, 0x4c, 0x69, 0x6e, 0x65, 0x61, 0x72, 0x41, 0x63, 0x63, 0x65
.byte 0x6c, 0x65, 0x72, 0x61, 0x74, 0x69, 0x6f, 0x6e, 0x58, 0x40, 0x50, 0x49, 0x6e, 0x70, 0x75, 0x74
.byte 0x73, 0x40, 0x50, 0x68, 0x79, 0x72, 0x65, 0x40, 0x40, 0x40, 0x50, 0x68, 0x79, 0x72, 0x65, 0x40
.byte 0x40, 0x00, 0x00, 0x00
.globl _sym_00c67110
_sym_00c67110:
.long _sym_00b69fe8
.byte 0x00, 0x00, 0x00, 0x00, 0x2e, 0x3f, 0x41, 0x56, 0x3f, 0x24, 0x50, 0x43, 0x6c, 0x61, 0x73, 0x73
.byte 0x44, 0x65, 0x73, 0x63, 0x72, 0x69, 0x70, 0x74, 0x6f, 0x72, 0x41, 0x62, 0x73, 0x74, 0x72, 0x61
.byte 0x63, 0x74, 0x40, 0x56, 0x50, 0x49, 0x6e, 0x70, 0x75, 0x74, 0x53, 0x6f, 0x75, 0x72, 0x63, 0x65
.byte 0x4d, 0x6f, 0x74, 0x69, 0x6f, 0x6e, 0x4c, 0x69, 0x6e, 0x65, 0x61, 0x72, 0x41, 0x63, 0x63, 0x65
.byte 0x6c, 0x65, 0x72, 0x61, 0x74, 0x69, 0x6f, 0x6e, 0x58, 0x40, 0x50, 0x49, 0x6e, 0x70, 0x75, 0x74
.byte 0x73, 0x40, 0x50, 0x68, 0x79, 0x72, 0x65, 0x40, 0x40, 0x40, 0x50, 0x68, 0x79, 0x72, 0x65, 0x40
.byte 0x40, 0x00, 0x00, 0x00
.globl _sym_00c67178
_sym_00c67178:
.long _sym_00b69fe8
.byte 0x00, 0x00, 0x00, 0x00, 0x2e, 0x3f, 0x41, 0x56, 0x3f, 0x24, 0x50, 0x43, 0x6c, 0x61, 0x73, 0x73
.byte 0x44, 0x65, 0x73, 0x63, 0x72, 0x69, 0x70, 0x74, 0x6f, 0x72, 0x46, 0x6f, 0x72, 0x54, 0x79, 0x70
.byte 0x65, 0x40, 0x56, 0x50, 0x49, 0x6e, 0x70, 0x75, 0x74, 0x53, 0x6f, 0x75, 0x72, 0x63, 0x65, 0x4d
.byte 0x6f, 0x74, 0x69, 0x6f, 0x6e, 0x4c, 0x69, 0x6e, 0x65, 0x61, 0x72, 0x41, 0x63, 0x63, 0x65, 0x6c
.byte 0x65, 0x72, 0x61, 0x74, 0x69, 0x6f, 0x6e, 0x58, 0x40, 0x50, 0x49, 0x6e, 0x70, 0x75, 0x74, 0x73
.byte 0x40, 0x50, 0x68, 0x79, 0x72, 0x65, 0x40, 0x40, 0x40, 0x50, 0x68, 0x79, 0x72, 0x65, 0x40, 0x40
.byte 0x00, 0x00, 0x00, 0x00
.globl _sym_00c671e0
_sym_00c671e0:
.long _sym_00b69fe8
.byte 0x00, 0x00, 0x00, 0x00, 0x2e, 0x3f, 0x41, 0x56, 0x3f, 0x24, 0x50, 0x43, 0x6c, 0x61, 0x73, 0x73
.byte 0x44, 0x65, 0x73, 0x63, 0x72, 0x69, 0x70, 0x74, 0x6f, 0x72, 0x43, 0x6f, 0x6e, 0x63, 0x72, 0x65
.byte 0x74, 0x65, 0x40, 0x56, 0x50, 0x49, 0x6e, 0x70, 0x75, 0x74, 0x53, 0x6f, 0x75, 0x72, 0x63, 0x65
.byte 0x4d, 0x6f, 0x74, 0x69, 0x6f, 0x6e, 0x4c, 0x69, 0x6e, 0x65, 0x61, 0x72, 0x41, 0x63, 0x63, 0x65
.byte 0x6c, 0x65, 0x72, 0x61, 0x74, 0x69, 0x6f, 0x6e, 0x59, 0x40, 0x50, 0x49, 0x6e, 0x70, 0x75, 0x74
.byte 0x73, 0x40, 0x50, 0x68, 0x79, 0x72, 0x65, 0x40, 0x40, 0x40, 0x50, 0x68, 0x79, 0x72, 0x65, 0x40
.byte 0x40, 0x00, 0x00, 0x00
.globl _sym_00c67248
_sym_00c67248:
.long _sym_00b69fe8
.byte 0x00, 0x00, 0x00, 0x00, 0x2e, 0x3f, 0x41, 0x56, 0x3f, 0x24, 0x50, 0x43, 0x6c, 0x61, 0x73, 0x73
.byte 0x44, 0x65, 0x73, 0x63, 0x72, 0x69, 0x70, 0x74, 0x6f, 0x72, 0x41, 0x62, 0x73, 0x74, 0x72, 0x61
.byte 0x63, 0x74, 0x40, 0x56, 0x50, 0x49, 0x6e, 0x70, 0x75, 0x74, 0x53, 0x6f, 0x75, 0x72, 0x63, 0x65
.byte 0x4d, 0x6f, 0x74, 0x69, 0x6f, 0x6e, 0x4c, 0x69, 0x6e, 0x65, 0x61, 0x72, 0x41, 0x63, 0x63, 0x65
.byte 0x6c, 0x65, 0x72, 0x61, 0x74, 0x69, 0x6f, 0x6e, 0x59, 0x40, 0x50, 0x49, 0x6e, 0x70, 0x75, 0x74
.byte 0x73, 0x40, 0x50, 0x68, 0x79, 0x72, 0x65, 0x40, 0x40, 0x40, 0x50, 0x68, 0x79, 0x72, 0x65, 0x40
.byte 0x40, 0x00, 0x00, 0x00
.globl _sym_00c672b0
_sym_00c672b0:
.long _sym_00b69fe8
.byte 0x00, 0x00, 0x00, 0x00, 0x2e, 0x3f, 0x41, 0x56, 0x3f, 0x24, 0x50, 0x43, 0x6c, 0x61, 0x73, 0x73
.byte 0x44, 0x65, 0x73, 0x63, 0x72, 0x69, 0x70, 0x74, 0x6f, 0x72, 0x46, 0x6f, 0x72, 0x54, 0x79, 0x70
.byte 0x65, 0x40, 0x56, 0x50, 0x49, 0x6e, 0x70, 0x75, 0x74, 0x53, 0x6f, 0x75, 0x72, 0x63, 0x65, 0x4d
.byte 0x6f, 0x74, 0x69, 0x6f, 0x6e, 0x4c, 0x69, 0x6e, 0x65, 0x61, 0x72, 0x41, 0x63, 0x63, 0x65, 0x6c
.byte 0x65, 0x72, 0x61, 0x74, 0x69, 0x6f, 0x6e, 0x59, 0x40, 0x50, 0x49, 0x6e, 0x70, 0x75, 0x74, 0x73
.byte 0x40, 0x50, 0x68, 0x79, 0x72, 0x65, 0x40, 0x40, 0x40, 0x50, 0x68, 0x79, 0x72, 0x65, 0x40, 0x40
.byte 0x00, 0x00, 0x00, 0x00
.globl _sym_00c67318
_sym_00c67318:
.long _sym_00b69fe8
.byte 0x00, 0x00, 0x00, 0x00, 0x2e, 0x3f, 0x41, 0x56, 0x3f, 0x24, 0x50, 0x43, 0x6c, 0x61, 0x73, 0x73
.byte 0x44, 0x65, 0x73, 0x63, 0x72, 0x69, 0x70, 0x74, 0x6f, 0x72, 0x43, 0x6f, 0x6e, 0x63, 0x72, 0x65
.byte 0x74, 0x65, 0x40, 0x56, 0x50, 0x49, 0x6e, 0x70, 0x75, 0x74, 0x53, 0x6f, 0x75, 0x72, 0x63, 0x65
.byte 0x4d, 0x6f, 0x74, 0x69, 0x6f, 0x6e, 0x4c, 0x69, 0x6e, 0x65, 0x61, 0x72, 0x41, 0x63, 0x63, 0x65
.byte 0x6c, 0x65, 0x72, 0x61, 0x74, 0x69, 0x6f, 0x6e, 0x5a, 0x40, 0x50, 0x49, 0x6e, 0x70, 0x75, 0x74
.byte 0x73, 0x40, 0x50, 0x68, 0x79, 0x72, 0x65, 0x40, 0x40, 0x40, 0x50, 0x68, 0x79, 0x72, 0x65, 0x40
.byte 0x40, 0x00, 0x00, 0x00
.globl _sym_00c67380
_sym_00c67380:
.long _sym_00b69fe8
.byte 0x00, 0x00, 0x00, 0x00, 0x2e, 0x3f, 0x41, 0x56, 0x3f, 0x24, 0x50, 0x43, 0x6c, 0x61, 0x73, 0x73
.byte 0x44, 0x65, 0x73, 0x63, 0x72, 0x69, 0x70, 0x74, 0x6f, 0x72, 0x41, 0x62, 0x73, 0x74, 0x72, 0x61
.byte 0x63, 0x74, 0x40, 0x56, 0x50, 0x49, 0x6e, 0x70, 0x75, 0x74, 0x53, 0x6f, 0x75, 0x72, 0x63, 0x65
.byte 0x4d, 0x6f, 0x74, 0x69, 0x6f, 0x6e, 0x4c, 0x69, 0x6e, 0x65, 0x61, 0x72, 0x41, 0x63, 0x63, 0x65
.byte 0x6c, 0x65, 0x72, 0x61, 0x74, 0x69, 0x6f, 0x6e, 0x5a, 0x40, 0x50, 0x49, 0x6e, 0x70, 0x75, 0x74
.byte 0x73, 0x40, 0x50, 0x68, 0x79, 0x72, 0x65, 0x40, 0x40, 0x40, 0x50, 0x68, 0x79, 0x72, 0x65, 0x40
.byte 0x40, 0x00, 0x00, 0x00
.globl _sym_00c673e8
_sym_00c673e8:
.long _sym_00b69fe8
.byte 0x00, 0x00, 0x00, 0x00, 0x2e, 0x3f, 0x41, 0x56, 0x3f, 0x24, 0x50, 0x43, 0x6c, 0x61, 0x73, 0x73
.byte 0x44, 0x65, 0x73, 0x63, 0x72, 0x69, 0x70, 0x74, 0x6f, 0x72, 0x46, 0x6f, 0x72, 0x54, 0x79, 0x70
.byte 0x65, 0x40, 0x56, 0x50, 0x49, 0x6e, 0x70, 0x75, 0x74, 0x53, 0x6f, 0x75, 0x72, 0x63, 0x65, 0x4d
.byte 0x6f, 0x74, 0x69, 0x6f, 0x6e, 0x4c, 0x69, 0x6e, 0x65, 0x61, 0x72, 0x41, 0x63, 0x63, 0x65, 0x6c
.byte 0x65, 0x72, 0x61, 0x74, 0x69, 0x6f, 0x6e, 0x5a, 0x40, 0x50, 0x49, 0x6e, 0x70, 0x75, 0x74, 0x73
.byte 0x40, 0x50, 0x68, 0x79, 0x72, 0x65, 0x40, 0x40, 0x40, 0x50, 0x68, 0x79, 0x72, 0x65, 0x40, 0x40
.byte 0x00, 0x00, 0x00, 0x00
.globl _sym_00c67450
_sym_00c67450:
.long _sym_00b69fe8
.byte 0x00, 0x00, 0x00, 0x00, 0x2e, 0x3f, 0x41, 0x56, 0x3f, 0x24, 0x50, 0x43, 0x6c, 0x61, 0x73, 0x73
.byte 0x44, 0x65, 0x73, 0x63, 0x72, 0x69, 0x70, 0x74, 0x6f, 0x72, 0x43, 0x6f, 0x6e, 0x63, 0x72, 0x65
.byte 0x74, 0x65, 0x40, 0x56, 0x50, 0x49, 0x6e, 0x70, 0x75, 0x74, 0x41, 0x63, 0x74, 0x69, 0x6f, 0x6e
.byte 0x40, 0x50, 0x49, 0x6e, 0x70, 0x75, 0x74, 0x73, 0x40, 0x50, 0x68, 0x79, 0x72, 0x65, 0x40, 0x40
.byte 0x40, 0x50, 0x68, 0x79, 0x72, 0x65, 0x40, 0x40, 0x00, 0x00, 0x00, 0x00
.globl _sym_00c674a0
_sym_00c674a0:
.long _sym_00b69fe8
.byte 0x00, 0x00, 0x00, 0x00, 0x2e, 0x3f, 0x41, 0x56, 0x3f, 0x24, 0x50, 0x43, 0x6c, 0x61, 0x73, 0x73
.byte 0x44, 0x65, 0x73, 0x63, 0x72, 0x69, 0x70, 0x74, 0x6f, 0x72, 0x41, 0x62, 0x73, 0x74, 0x72, 0x61
.byte 0x63, 0x74, 0x40, 0x56, 0x50, 0x49, 0x6e, 0x70, 0x75, 0x74, 0x41, 0x63, 0x74, 0x69, 0x6f, 0x6e
.byte 0x40, 0x50, 0x49, 0x6e, 0x70, 0x75, 0x74, 0x73, 0x40, 0x50, 0x68, 0x79, 0x72, 0x65, 0x40, 0x40
.byte 0x40, 0x50, 0x68, 0x79, 0x72, 0x65, 0x40, 0x40, 0x00, 0x00, 0x00, 0x00
.globl _sym_00c674f0
_sym_00c674f0:
.long _sym_00b69fe8
.byte 0x00, 0x00, 0x00, 0x00, 0x2e, 0x3f, 0x41, 0x56, 0x3f, 0x24, 0x50, 0x43, 0x6c, 0x61, 0x73, 0x73
.byte 0x44, 0x65, 0x73, 0x63, 0x72, 0x69, 0x70, 0x74, 0x6f, 0x72, 0x46, 0x6f, 0x72, 0x54, 0x79, 0x70
.byte 0x65, 0x40, 0x56, 0x50, 0x49, 0x6e, 0x70, 0x75, 0x74, 0x41, 0x63, 0x74, 0x69, 0x6f, 0x6e, 0x40
.byte 0x50, 0x49, 0x6e, 0x70, 0x75, 0x74, 0x73, 0x40, 0x50, 0x68, 0x79, 0x72, 0x65, 0x40, 0x40, 0x40
.byte 0x50, 0x68, 0x79, 0x72, 0x65, 0x40, 0x40, 0x00, 0x00, 0x00, 0x00, 0x00
.globl _sym_00c67540
_sym_00c67540:
.long _sym_00b69fe8
.byte 0x00, 0x00, 0x00, 0x00, 0x2e, 0x3f, 0x41, 0x56, 0x3f, 0x24, 0x50, 0x43, 0x6c, 0x61, 0x73, 0x73
.byte 0x44, 0x65, 0x73, 0x63, 0x72, 0x69, 0x70, 0x74, 0x6f, 0x72, 0x43, 0x6f, 0x6e, 0x63, 0x72, 0x65
.byte 0x74, 0x65, 0x40, 0x56, 0x50, 0x49, 0x6e, 0x70, 0x75, 0x74, 0x4d, 0x61, 0x70, 0x40, 0x50, 0x49
.byte 0x6e, 0x70, 0x75, 0x74, 0x73, 0x40, 0x50, 0x68, 0x79, 0x72, 0x65, 0x40, 0x40, 0x40, 0x50, 0x68
.byte 0x79, 0x72, 0x65, 0x40, 0x40, 0x00, 0x00, 0x00, 0x00, 0x00, 0x00, 0x00
.globl _sym_00c67590
_sym_00c67590:
.long _sym_00b69fe8
.byte 0x00, 0x00, 0x00, 0x00, 0x2e, 0x3f, 0x41, 0x56, 0x3f, 0x24, 0x50, 0x43, 0x6c, 0x61, 0x73, 0x73
.byte 0x44, 0x65, 0x73, 0x63, 0x72, 0x69, 0x70, 0x74, 0x6f, 0x72, 0x41, 0x62, 0x73, 0x74, 0x72, 0x61
.byte 0x63, 0x74, 0x40, 0x56, 0x50, 0x49, 0x6e, 0x70, 0x75, 0x74, 0x4d, 0x61, 0x70, 0x40, 0x50, 0x49
.byte 0x6e, 0x70, 0x75, 0x74, 0x73, 0x40, 0x50, 0x68, 0x79, 0x72, 0x65, 0x40, 0x40, 0x40, 0x50, 0x68
.byte 0x79, 0x72, 0x65, 0x40, 0x40, 0x00, 0x00, 0x00, 0x00, 0x00, 0x00, 0x00
.globl _sym_00c675e0
_sym_00c675e0:
.long _sym_00b69fe8
.byte 0x00, 0x00, 0x00, 0x00, 0x2e, 0x3f, 0x41, 0x56, 0x3f, 0x24, 0x50, 0x43, 0x6c, 0x61, 0x73, 0x73
.byte 0x44, 0x65, 0x73, 0x63, 0x72, 0x69, 0x70, 0x74, 0x6f, 0x72, 0x46, 0x6f, 0x72, 0x54, 0x79, 0x70
.byte 0x65, 0x40, 0x56, 0x50, 0x49, 0x6e, 0x70, 0x75, 0x74, 0x4d, 0x61, 0x70, 0x40, 0x50, 0x49, 0x6e
.byte 0x70, 0x75, 0x74, 0x73, 0x40, 0x50, 0x68, 0x79, 0x72, 0x65, 0x40, 0x40, 0x40, 0x50, 0x68, 0x79
.byte 0x72, 0x65, 0x40, 0x40, 0x00, 0x00, 0x00, 0x00
.globl _sym_00c6762c
_sym_00c6762c:
.long _sym_00b73820
.globl _sym_00c67630
_sym_00c67630:
.long _sym_00b73894
.globl _sym_00c67634
_sym_00c67634:
.long _sym_00b69fe8
.byte 0x00, 0x00, 0x00, 0x00, 0x2e, 0x3f, 0x41, 0x56, 0x50, 0x49, 0x6e, 0x70, 0x75, 0x74, 0x53, 0x6f
.byte 0x75, 0x72, 0x63, 0x65, 0x40, 0x50, 0x49, 0x6e, 0x70, 0x75, 0x74, 0x73, 0x40, 0x50, 0x68, 0x79
.byte 0x72, 0x65, 0x40, 0x40, 0x00, 0x00, 0x00, 0x00
.globl _sym_00c67660
_sym_00c67660:
.long _sym_00b69fe8
.byte 0x00, 0x00, 0x00, 0x00, 0x2e, 0x3f, 0x41, 0x56, 0x50, 0x49, 0x6e, 0x70, 0x75, 0x74, 0x53, 0x6f
.byte 0x75, 0x72, 0x63, 0x65, 0x4b, 0x65, 0x79, 0x40, 0x50, 0x49, 0x6e, 0x70, 0x75, 0x74, 0x73, 0x40
.byte 0x50, 0x68, 0x79, 0x72, 0x65, 0x40, 0x40, 0x00
.globl _sym_00c6768c
_sym_00c6768c:
.long _sym_00b69fe8
.byte 0x00, 0x00, 0x00, 0x00, 0x2e, 0x3f, 0x41, 0x56, 0x50, 0x49, 0x6e, 0x70, 0x75, 0x74, 0x53, 0x6f
.byte 0x75, 0x72, 0x63, 0x65, 0x4a, 0x6f, 0x79, 0x70, 0x61, 0x64, 0x42, 0x75, 0x74, 0x74, 0x6f, 0x6e
.byte 0x40, 0x50, 0x49, 0x6e, 0x70, 0x75, 0x74, 0x73, 0x40, 0x50, 0x68, 0x79, 0x72, 0x65, 0x40, 0x40
.byte 0x00, 0x00, 0x00, 0x00
.globl _sym_00c676c4
_sym_00c676c4:
.long _sym_00b69fe8
.byte 0x00, 0x00, 0x00, 0x00, 0x2e, 0x3f, 0x41, 0x56, 0x50, 0x49, 0x6e, 0x70, 0x75, 0x74, 0x53, 0x6f
.byte 0x75, 0x72, 0x63, 0x65, 0x4a, 0x6f, 0x79, 0x70, 0x61, 0x64, 0x41, 0x78, 0x69, 0x73, 0x40, 0x50
.byte 0x49, 0x6e, 0x70, 0x75, 0x74, 0x73, 0x40, 0x50, 0x68, 0x79, 0x72, 0x65, 0x40, 0x40, 0x00, 0x00
.globl _sym_00c676f8
_sym_00c676f8:
.long _sym_00b69fe8
.byte 0x00, 0x00, 0x00, 0x00, 0x2e, 0x3f, 0x41, 0x56, 0x50, 0x49, 0x6e, 0x70, 0x75, 0x74, 0x53, 0x6f
.byte 0x75, 0x72, 0x63, 0x65, 0x4d, 0x6f, 0x75, 0x73, 0x65, 0x42, 0x75, 0x74, 0x74, 0x6f, 0x6e, 0x40
.byte 0x50, 0x49, 0x6e, 0x70, 0x75, 0x74, 0x73, 0x40, 0x50, 0x68, 0x79, 0x72, 0x65, 0x40, 0x40, 0x00
.globl _sym_00c6772c
_sym_00c6772c:
.long _sym_00b69fe8
.byte 0x00, 0x00, 0x00, 0x00, 0x2e, 0x3f, 0x41, 0x56, 0x50, 0x49, 0x6e, 0x70, 0x75, 0x74, 0x53, 0x6f
.byte 0x75, 0x72, 0x63, 0x65, 0x4d, 0x6f, 0x75, 0x73, 0x65, 0x44, 0x65, 0x6c, 0x74, 0x61, 0x58, 0x40
.byte 0x50, 0x49, 0x6e, 0x70, 0x75, 0x74, 0x73, 0x40, 0x50, 0x68, 0x79, 0x72, 0x65, 0x40, 0x40, 0x00
.globl _sym_00c67760
_sym_00c67760:
.long _sym_00b69fe8
.byte 0x00, 0x00, 0x00, 0x00, 0x2e, 0x3f, 0x41, 0x56, 0x50, 0x49, 0x6e, 0x70, 0x75, 0x74, 0x53, 0x6f
.byte 0x75, 0x72, 0x63, 0x65, 0x4d, 0x6f, 0x75, 0x73, 0x65, 0x44, 0x65, 0x6c, 0x74, 0x61, 0x59, 0x40
.byte 0x50, 0x49, 0x6e, 0x70, 0x75, 0x74, 0x73, 0x40, 0x50, 0x68, 0x79, 0x72, 0x65, 0x40, 0x40, 0x00
.globl _sym_00c67794
_sym_00c67794:
.long _sym_00b69fe8
.byte 0x00, 0x00, 0x00, 0x00, 0x2e, 0x3f, 0x41, 0x56, 0x50, 0x49, 0x6e, 0x70, 0x75, 0x74, 0x53, 0x6f
.byte 0x75, 0x72, 0x63, 0x65, 0x54, 0x6f, 0x75, 0x63, 0x68, 0x52, 0x6f, 0x74, 0x61, 0x74, 0x65, 0x40
.byte 0x50, 0x49, 0x6e, 0x70, 0x75, 0x74, 0x73, 0x40, 0x50, 0x68, 0x79, 0x72, 0x65, 0x40, 0x40, 0x00
.globl _sym_00c677c8
_sym_00c677c8:
.long _sym_00b69fe8
.byte 0x00, 0x00, 0x00, 0x00, 0x2e, 0x3f, 0x41, 0x56, 0x50, 0x49, 0x6e, 0x70, 0x75, 0x74, 0x53, 0x6f
.byte 0x75, 0x72, 0x63, 0x65, 0x54, 0x6f, 0x75, 0x63, 0x68, 0x50, 0x69, 0x6e, 0x63, 0x68, 0x40, 0x50
.byte 0x49, 0x6e, 0x70, 0x75, 0x74, 0x73, 0x40, 0x50, 0x68, 0x79, 0x72, 0x65, 0x40, 0x40, 0x00, 0x00
.globl _sym_00c677fc
_sym_00c677fc:
.long _sym_00b69fe8
.byte 0x00, 0x00, 0x00, 0x00, 0x2e, 0x3f, 0x41, 0x56, 0x50, 0x49, 0x6e, 0x70, 0x75, 0x74, 0x53, 0x6f
.byte 0x75, 0x72, 0x63, 0x65, 0x54, 0x6f, 0x75, 0x63, 0x68, 0x54, 0x77, 0x6f, 0x46, 0x69, 0x6e, 0x67
.byte 0x65, 0x72, 0x44, 0x72, 0x61, 0x67, 0x58, 0x40, 0x50, 0x49, 0x6e, 0x70, 0x75, 0x74, 0x73, 0x40
.byte 0x50, 0x68, 0x79, 0x72, 0x65, 0x40, 0x40, 0x00
.globl _sym_00c67838
_sym_00c67838:
.long _sym_00b69fe8
.byte 0x00, 0x00, 0x00, 0x00, 0x2e, 0x3f, 0x41, 0x56, 0x50, 0x49, 0x6e, 0x70, 0x75, 0x74, 0x53, 0x6f
.byte 0x75, 0x72, 0x63, 0x65, 0x54, 0x6f, 0x75, 0x63, 0x68, 0x54, 0x77, 0x6f, 0x46, 0x69, 0x6e, 0x67
.byte 0x65, 0x72, 0x44, 0x72, 0x61, 0x67, 0x59, 0x40, 0x50, 0x49, 0x6e, 0x70, 0x75, 0x74, 0x73, 0x40
.byte 0x50, 0x68, 0x79, 0x72, 0x65, 0x40, 0x40, 0x00
.globl _sym_00c67874
_sym_00c67874:
.long _sym_00b69fe8
.byte 0x00, 0x00, 0x00, 0x00, 0x2e, 0x3f, 0x41, 0x56, 0x50, 0x49, 0x6e, 0x70, 0x75, 0x74, 0x53, 0x6f
.byte 0x75, 0x72, 0x63, 0x65, 0x54, 0x6f, 0x75, 0x63, 0x68, 0x44, 0x72, 0x61, 0x67, 0x58, 0x40, 0x50
.byte 0x49, 0x6e, 0x70, 0x75, 0x74, 0x73, 0x40, 0x50, 0x68, 0x79, 0x72, 0x65, 0x40, 0x40, 0x00, 0x00
.globl _sym_00c678a8
_sym_00c678a8:
.long _sym_00b69fe8
.byte 0x00, 0x00, 0x00, 0x00, 0x2e, 0x3f, 0x41, 0x56, 0x50, 0x49, 0x6e, 0x70, 0x75, 0x74, 0x53, 0x6f
.byte 0x75, 0x72, 0x63, 0x65, 0x54, 0x6f, 0x75, 0x63, 0x68, 0x44, 0x72, 0x61, 0x67, 0x59, 0x40, 0x50
.byte 0x49, 0x6e, 0x70, 0x75, 0x74, 0x73, 0x40, 0x50, 0x68, 0x79, 0x72, 0x65, 0x40, 0x40, 0x00, 0x00
.globl _sym_00c678dc
_sym_00c678dc:
.long _sym_00b69fe8
.byte 0x00, 0x00, 0x00, 0x00, 0x2e, 0x3f, 0x41, 0x56, 0x50, 0x49, 0x6e, 0x70, 0x75, 0x74, 0x53, 0x6f
.byte 0x75, 0x72, 0x63, 0x65, 0x4d, 0x6f, 0x74, 0x69, 0x6f, 0x6e, 0x51, 0x75, 0x61, 0x74, 0x58, 0x40
.byte 0x50, 0x49, 0x6e, 0x70, 0x75, 0x74, 0x73, 0x40, 0x50, 0x68, 0x79, 0x72, 0x65, 0x40, 0x40, 0x00
.globl _sym_00c67910
_sym_00c67910:
.long _sym_00b69fe8
.byte 0x00, 0x00, 0x00, 0x00, 0x2e, 0x3f, 0x41, 0x56, 0x50, 0x49, 0x6e, 0x70, 0x75, 0x74, 0x53, 0x6f
.byte 0x75, 0x72, 0x63, 0x65, 0x4d, 0x6f, 0x74, 0x69, 0x6f, 0x6e, 0x51, 0x75, 0x61, 0x74, 0x59, 0x40
.byte 0x50, 0x49, 0x6e, 0x70, 0x75, 0x74, 0x73, 0x40, 0x50, 0x68, 0x79, 0x72, 0x65, 0x40, 0x40, 0x00
.globl _sym_00c67944
_sym_00c67944:
.long _sym_00b69fe8
.byte 0x00, 0x00, 0x00, 0x00, 0x2e, 0x3f, 0x41, 0x56, 0x50, 0x49, 0x6e, 0x70, 0x75, 0x74, 0x53, 0x6f
.byte 0x75, 0x72, 0x63, 0x65, 0x4d, 0x6f, 0x74, 0x69, 0x6f, 0x6e, 0x51, 0x75, 0x61, 0x74, 0x5a, 0x40
.byte 0x50, 0x49, 0x6e, 0x70, 0x75, 0x74, 0x73, 0x40, 0x50, 0x68, 0x79, 0x72, 0x65, 0x40, 0x40, 0x00
.globl _sym_00c67978
_sym_00c67978:
.long _sym_00b69fe8
.byte 0x00, 0x00, 0x00, 0x00, 0x2e, 0x3f, 0x41, 0x56, 0x50, 0x49, 0x6e, 0x70, 0x75, 0x74, 0x53, 0x6f
.byte 0x75, 0x72, 0x63, 0x65, 0x4d, 0x6f, 0x74, 0x69, 0x6f, 0x6e, 0x51, 0x75, 0x61, 0x74, 0x57, 0x40
.byte 0x50, 0x49, 0x6e, 0x70, 0x75, 0x74, 0x73, 0x40, 0x50, 0x68, 0x79, 0x72, 0x65, 0x40, 0x40, 0x00
.globl _sym_00c679ac
_sym_00c679ac:
.long _sym_00b69fe8
.byte 0x00, 0x00, 0x00, 0x00, 0x2e, 0x3f, 0x41, 0x56, 0x50, 0x49, 0x6e, 0x70, 0x75, 0x74, 0x53, 0x6f
.byte 0x75, 0x72, 0x63, 0x65, 0x4d, 0x6f, 0x74, 0x69, 0x6f, 0x6e, 0x41, 0x6e, 0x67, 0x75, 0x6c, 0x61
.byte 0x72, 0x56, 0x65, 0x6c, 0x6f, 0x63, 0x69, 0x74, 0x79, 0x58, 0x40, 0x50, 0x49, 0x6e, 0x70, 0x75
.byte 0x74, 0x73, 0x40, 0x50, 0x68, 0x79, 0x72, 0x65, 0x40, 0x40, 0x00, 0x00
.globl _sym_00c679ec
_sym_00c679ec:
.long _sym_00b69fe8
.byte 0x00, 0x00, 0x00, 0x00, 0x2e, 0x3f, 0x41, 0x56, 0x50, 0x49, 0x6e, 0x70, 0x75, 0x74, 0x53, 0x6f
.byte 0x75, 0x72, 0x63, 0x65, 0x4d, 0x6f, 0x74, 0x69, 0x6f, 0x6e, 0x41, 0x6e, 0x67, 0x75, 0x6c, 0x61
.byte 0x72, 0x56, 0x65, 0x6c, 0x6f, 0x63, 0x69, 0x74, 0x79, 0x59, 0x40, 0x50, 0x49, 0x6e, 0x70, 0x75
.byte 0x74, 0x73, 0x40, 0x50, 0x68, 0x79, 0x72, 0x65, 0x40, 0x40, 0x00, 0x00
.globl _sym_00c67a2c
_sym_00c67a2c:
.long _sym_00b69fe8
.byte 0x00, 0x00, 0x00, 0x00, 0x2e, 0x3f, 0x41, 0x56, 0x50, 0x49, 0x6e, 0x70, 0x75, 0x74, 0x53, 0x6f
.byte 0x75, 0x72, 0x63, 0x65, 0x4d, 0x6f, 0x74, 0x69, 0x6f, 0x6e, 0x41, 0x6e, 0x67, 0x75, 0x6c, 0x61
.byte 0x72, 0x56, 0x65, 0x6c, 0x6f, 0x63, 0x69, 0x74, 0x79, 0x5a, 0x40, 0x50, 0x49, 0x6e, 0x70, 0x75
.byte 0x74, 0x73, 0x40, 0x50, 0x68, 0x79, 0x72, 0x65, 0x40, 0x40, 0x00, 0x00, 0x00, 0x00, 0x00, 0x00
.globl _sym_00c67a70
_sym_00c67a70:
.long _sym_00b69fe8
.byte 0x00, 0x00, 0x00, 0x00, 0x2e, 0x3f, 0x41, 0x56, 0x50, 0x49, 0x6e, 0x70, 0x75, 0x74, 0x53, 0x6f
.byte 0x75, 0x72, 0x63, 0x65, 0x4d, 0x6f, 0x74, 0x69, 0x6f, 0x6e, 0x4c, 0x69, 0x6e, 0x65, 0x61, 0x72
.byte 0x41, 0x63, 0x63, 0x65, 0x6c, 0x65, 0x72, 0x61, 0x74, 0x69, 0x6f, 0x6e, 0x58, 0x40, 0x50, 0x49
.byte 0x6e, 0x70, 0x75, 0x74, 0x73, 0x40, 0x50, 0x68, 0x79, 0x72, 0x65, 0x40, 0x40, 0x00, 0x00, 0x00
.byte 0x00, 0x00, 0x00, 0x00
.globl _sym_00c67ab8
_sym_00c67ab8:
.long _sym_00b69fe8
.byte 0x00, 0x00, 0x00, 0x00, 0x2e, 0x3f, 0x41, 0x56, 0x50, 0x49, 0x6e, 0x70, 0x75, 0x74, 0x53, 0x6f
.byte 0x75, 0x72, 0x63, 0x65, 0x4d, 0x6f, 0x74, 0x69, 0x6f, 0x6e, 0x4c, 0x69, 0x6e, 0x65, 0x61, 0x72
.byte 0x41, 0x63, 0x63, 0x65, 0x6c, 0x65, 0x72, 0x61, 0x74, 0x69, 0x6f, 0x6e, 0x59, 0x40, 0x50, 0x49
.byte 0x6e, 0x70, 0x75, 0x74, 0x73, 0x40, 0x50, 0x68, 0x79, 0x72, 0x65, 0x40, 0x40, 0x00, 0x00, 0x00
.byte 0x00, 0x00, 0x00, 0x00
.globl _sym_00c67b00
_sym_00c67b00:
.long _sym_00b69fe8
.byte 0x00, 0x00, 0x00, 0x00, 0x2e, 0x3f, 0x41, 0x56, 0x50, 0x49, 0x6e, 0x70, 0x75, 0x74, 0x53, 0x6f
.byte 0x75, 0x72, 0x63, 0x65, 0x4d, 0x6f, 0x74, 0x69, 0x6f, 0x6e, 0x4c, 0x69, 0x6e, 0x65, 0x61, 0x72
.byte 0x41, 0x63, 0x63, 0x65, 0x6c, 0x65, 0x72, 0x61, 0x74, 0x69, 0x6f, 0x6e, 0x5a, 0x40, 0x50, 0x49
.byte 0x6e, 0x70, 0x75, 0x74, 0x73, 0x40, 0x50, 0x68, 0x79, 0x72, 0x65, 0x40, 0x40, 0x00, 0x00, 0x00
.globl _sym_00c67b44
_sym_00c67b44:
.long _sym_00b69fe8
.byte 0x00, 0x00, 0x00, 0x00, 0x2e, 0x3f, 0x41, 0x56, 0x50, 0x49, 0x6e, 0x70, 0x75, 0x74, 0x41, 0x63
.byte 0x74, 0x69, 0x6f, 0x6e, 0x40, 0x50, 0x49, 0x6e, 0x70, 0x75, 0x74, 0x73, 0x40, 0x50, 0x68, 0x79
.byte 0x72, 0x65, 0x40, 0x40, 0x00, 0x00, 0x00, 0x00
.globl _sym_00c67b70
_sym_00c67b70:
.long _sym_00b69fe8
.byte 0x00, 0x00, 0x00, 0x00, 0x2e, 0x3f, 0x41, 0x56, 0x3f, 0x24, 0x50, 0x43, 0x6c, 0x61, 0x73, 0x73
.byte 0x44, 0x61, 0x74, 0x61, 0x4d, 0x65, 0x6d, 0x62, 0x65, 0x72, 0x50, 0x68, 0x79, 0x72, 0x65, 0x41
.byte 0x72, 0x72, 0x61, 0x79, 0x40, 0x50, 0x41, 0x56, 0x50, 0x49, 0x6e, 0x70, 0x75, 0x74, 0x53, 0x6f
.byte 0x75, 0x72, 0x63, 0x65, 0x40, 0x50, 0x49, 0x6e, 0x70, 0x75, 0x74, 0x73, 0x40, 0x50, 0x68, 0x79
.byte 0x72, 0x65, 0x40, 0x40, 0x40, 0x50, 0x68, 0x79, 0x72, 0x65, 0x40, 0x40, 0x00, 0x00, 0x00, 0x00
.byte 0x00, 0x00, 0x00, 0x00
.globl _sym_00c67bc8
_sym_00c67bc8:
.long _sym_00b69fe8
.byte 0x00, 0x00, 0x00, 0x00, 0x2e, 0x3f, 0x41, 0x56, 0x3f, 0x24, 0x50, 0x43, 0x6c, 0x61, 0x73, 0x73
.byte 0x44, 0x61, 0x74, 0x61, 0x4d, 0x65, 0x6d, 0x62, 0x65, 0x72, 0x50, 0x68, 0x79, 0x72, 0x65, 0x41
.byte 0x72, 0x72, 0x61, 0x79, 0x40, 0x50, 0x41, 0x56, 0x50, 0x49, 0x6e, 0x70, 0x75, 0x74, 0x41, 0x63
.byte 0x74, 0x69, 0x6f, 0x6e, 0x40, 0x50, 0x49, 0x6e, 0x70, 0x75, 0x74, 0x73, 0x40, 0x50, 0x68, 0x79
.byte 0x72, 0x65, 0x40, 0x40, 0x40, 0x50, 0x68, 0x79, 0x72, 0x65, 0x40, 0x40, 0x00, 0x00, 0x00, 0x00
.byte 0x00, 0x00, 0x00, 0x00
.globl _sym_00c67c20
_sym_00c67c20:
.long _sym_00b69fe8
.byte 0x00, 0x00, 0x00, 0x00, 0x2e, 0x3f, 0x41, 0x56, 0x3f, 0x24, 0x50, 0x43, 0x6c, 0x61, 0x73, 0x73
.byte 0x44, 0x65, 0x73, 0x63, 0x72, 0x69, 0x70, 0x74, 0x6f, 0x72, 0x43, 0x6f, 0x6e, 0x63, 0x72, 0x65
.byte 0x74, 0x65, 0x40, 0x56, 0x3f, 0x24, 0x50, 0x41, 0x72, 0x72, 0x61, 0x79, 0x40, 0x50, 0x41, 0x56
.byte 0x50, 0x49, 0x6e, 0x70, 0x75, 0x74, 0x53, 0x6f, 0x75, 0x72, 0x63, 0x65, 0x40, 0x50, 0x49, 0x6e
.byte 0x70, 0x75, 0x74, 0x73, 0x40, 0x50, 0x68, 0x79, 0x72, 0x65, 0x40, 0x40, 0x24, 0x30, 0x33, 0x40
.byte 0x50, 0x68, 0x79, 0x72, 0x65, 0x40, 0x40, 0x40, 0x50, 0x68, 0x79, 0x72, 0x65, 0x40, 0x40, 0x00
.byte 0x00, 0x00, 0x00, 0x00
.globl _sym_00c67c88
_sym_00c67c88:
.long _sym_00b69fe8
.byte 0x00, 0x00, 0x00, 0x00, 0x2e, 0x3f, 0x41, 0x56, 0x3f, 0x24, 0x50, 0x43, 0x6c, 0x61, 0x73, 0x73
.byte 0x44, 0x65, 0x73, 0x63, 0x72, 0x69, 0x70, 0x74, 0x6f, 0x72, 0x41, 0x62, 0x73, 0x74, 0x72, 0x61
.byte 0x63, 0x74, 0x40, 0x56, 0x3f, 0x24, 0x50, 0x41, 0x72, 0x72, 0x61, 0x79, 0x40, 0x50, 0x41, 0x56
.byte 0x50, 0x49, 0x6e, 0x70, 0x75, 0x74, 0x53, 0x6f, 0x75, 0x72, 0x63, 0x65, 0x40, 0x50, 0x49, 0x6e
.byte 0x70, 0x75, 0x74, 0x73, 0x40, 0x50, 0x68, 0x79, 0x72, 0x65, 0x40, 0x40, 0x24, 0x30, 0x33, 0x40
.byte 0x50, 0x68, 0x79, 0x72, 0x65, 0x40, 0x40, 0x40, 0x50, 0x68, 0x79, 0x72, 0x65, 0x40, 0x40, 0x00
.byte 0x00, 0x00, 0x00, 0x00
.globl _sym_00c67cf0
_sym_00c67cf0:
.long _sym_00b69fe8
.byte 0x00, 0x00, 0x00, 0x00, 0x2e, 0x3f, 0x41, 0x56, 0x3f, 0x24, 0x50, 0x43, 0x6c, 0x61, 0x73, 0x73
.byte 0x44, 0x65, 0x73, 0x63, 0x72, 0x69, 0x70, 0x74, 0x6f, 0x72, 0x46, 0x6f, 0x72, 0x54, 0x79, 0x70
.byte 0x65, 0x40, 0x56, 0x3f, 0x24, 0x50, 0x41, 0x72, 0x72, 0x61, 0x79, 0x40, 0x50, 0x41, 0x56, 0x50
.byte 0x49, 0x6e, 0x70, 0x75, 0x74, 0x53, 0x6f, 0x75, 0x72, 0x63, 0x65, 0x40, 0x50, 0x49, 0x6e, 0x70
.byte 0x75, 0x74, 0x73, 0x40, 0x50, 0x68, 0x79, 0x72, 0x65, 0x40, 0x40, 0x24, 0x30, 0x33, 0x40, 0x50
.byte 0x68, 0x79, 0x72, 0x65, 0x40, 0x40, 0x40, 0x50, 0x68, 0x79, 0x72, 0x65, 0x40, 0x40, 0x00, 0x00
.byte 0x00, 0x00, 0x00, 0x00
.globl _sym_00c67d58
_sym_00c67d58:
.long _sym_00b69fe8
.byte 0x00, 0x00, 0x00, 0x00, 0x2e, 0x3f, 0x41, 0x56, 0x3f, 0x24, 0x50, 0x43, 0x6c, 0x61, 0x73, 0x73
.byte 0x44, 0x61, 0x74, 0x61, 0x4d, 0x65, 0x6d, 0x62, 0x65, 0x72, 0x41, 0x72, 0x72, 0x61, 0x79, 0x44
.byte 0x79, 0x6e, 0x61, 0x6d, 0x69, 0x63, 0x40, 0x56, 0x3f, 0x24, 0x50, 0x41, 0x72, 0x72, 0x61, 0x79
.byte 0x40, 0x50, 0x41, 0x56, 0x50, 0x49, 0x6e, 0x70, 0x75, 0x74, 0x53, 0x6f, 0x75, 0x72, 0x63, 0x65
.byte 0x40, 0x50, 0x49, 0x6e, 0x70, 0x75, 0x74, 0x73, 0x40, 0x50, 0x68, 0x79, 0x72, 0x65, 0x40, 0x40
.byte 0x24, 0x30, 0x33, 0x40, 0x50, 0x68, 0x79, 0x72, 0x65, 0x40, 0x40, 0x40, 0x50, 0x68, 0x79, 0x72
.byte 0x65, 0x40, 0x40, 0x00
.globl _sym_00c67dc0
_sym_00c67dc0:
.long _sym_00b69fe8
.byte 0x00, 0x00, 0x00, 0x00, 0x2e, 0x3f, 0x41, 0x56, 0x3f, 0x24, 0x50, 0x4d, 0x65, 0x74, 0x68, 0x6f
.byte 0x64, 0x43, 0x61, 0x6c, 0x6c, 0x65, 0x72, 0x43, 0x6f, 0x6e, 0x63, 0x72, 0x65, 0x74, 0x65, 0x40
.byte 0x56, 0x50, 0x49, 0x6e, 0x70, 0x75, 0x74, 0x41, 0x63, 0x74, 0x69, 0x6f, 0x6e, 0x40, 0x50, 0x49
.byte 0x6e, 0x70, 0x75, 0x74, 0x73, 0x40, 0x50, 0x68, 0x79, 0x72, 0x65, 0x40, 0x40, 0x50, 0x41, 0x56
.byte 0x50, 0x42, 0x61, 0x73, 0x65, 0x40, 0x33, 0x40, 0x49, 0x40, 0x50, 0x43, 0x61, 0x6c, 0x6c, 0x65
.byte 0x72, 0x49, 0x6d, 0x70, 0x6c, 0x65, 0x6d, 0x65, 0x6e, 0x74, 0x61, 0x74, 0x69, 0x6f, 0x6e, 0x31
.byte 0x40, 0x50, 0x43, 0x61, 0x6c, 0x6c, 0x65, 0x72, 0x49, 0x6d, 0x70, 0x6c, 0x65, 0x6d, 0x65, 0x6e
.byte 0x74, 0x61, 0x74, 0x69, 0x6f, 0x6e, 0x40, 0x50, 0x49, 0x6e, 0x74, 0x65, 0x72, 0x6e, 0x61, 0x6c
.byte 0x40, 0x50, 0x68, 0x79, 0x72, 0x65, 0x40, 0x40, 0x00, 0x00, 0x00, 0x00
.globl _sym_00c67e50
_sym_00c67e50:
.long _sym_00b69fe8
.byte 0x00, 0x00, 0x00, 0x00, 0x2e, 0x3f, 0x41, 0x56, 0x3f, 0x24, 0x50, 0x4d, 0x65, 0x74, 0x68, 0x6f
.byte 0x64, 0x43, 0x61, 0x6c, 0x6c, 0x65, 0x72, 0x43, 0x6f, 0x6e, 0x63, 0x72, 0x65, 0x74, 0x65, 0x40
.byte 0x56, 0x50, 0x49, 0x6e, 0x70, 0x75, 0x74, 0x41, 0x63, 0x74, 0x69, 0x6f, 0x6e, 0x40, 0x50, 0x49
.byte 0x6e, 0x70, 0x75, 0x74, 0x73, 0x40, 0x50, 0x68, 0x79, 0x72, 0x65, 0x40, 0x40, 0x50, 0x42, 0x56
.byte 0x50, 0x43, 0x6c, 0x61, 0x73, 0x73, 0x44, 0x65, 0x73, 0x63, 0x72, 0x69, 0x70, 0x74, 0x6f, 0x72
.byte 0x40, 0x33, 0x40, 0x49, 0x40, 0x50, 0x43, 0x61, 0x6c, 0x6c, 0x65, 0x72, 0x49, 0x6d, 0x70, 0x6c
.byte 0x65, 0x6d, 0x65, 0x6e, 0x74, 0x61, 0x74, 0x69, 0x6f, 0x6e, 0x31, 0x40, 0x50, 0x43, 0x61, 0x6c
.byte 0x6c, 0x65, 0x72, 0x49, 0x6d, 0x70, 0x6c, 0x65, 0x6d, 0x65, 0x6e, 0x74, 0x61, 0x74, 0x69, 0x6f
.byte 0x6e, 0x40, 0x50, 0x49, 0x6e, 0x74, 0x65, 0x72, 0x6e, 0x61, 0x6c, 0x40, 0x50, 0x68, 0x79, 0x72
.byte 0x65, 0x40, 0x40, 0x00
.globl _sym_00c67ee8
_sym_00c67ee8:
.long _sym_00b69fe8
.byte 0x00, 0x00, 0x00, 0x00, 0x2e, 0x3f, 0x41, 0x56, 0x3f, 0x24, 0x50, 0x43, 0x6c, 0x61, 0x73, 0x73
.byte 0x44, 0x65, 0x73, 0x63, 0x72, 0x69, 0x70, 0x74, 0x6f, 0x72, 0x43, 0x6f, 0x6e, 0x63, 0x72, 0x65
.byte 0x74, 0x65, 0x40, 0x56, 0x3f, 0x24, 0x50, 0x41, 0x72, 0x72, 0x61, 0x79, 0x40, 0x50, 0x41, 0x56
.byte 0x50, 0x49, 0x6e, 0x70, 0x75, 0x74, 0x41, 0x63, 0x74, 0x69, 0x6f, 0x6e, 0x40, 0x50, 0x49, 0x6e
.byte 0x70, 0x75, 0x74, 0x73, 0x40, 0x50, 0x68, 0x79, 0x72, 0x65, 0x40, 0x40, 0x24, 0x30, 0x33, 0x40
.byte 0x50, 0x68, 0x79, 0x72, 0x65, 0x40, 0x40, 0x40, 0x50, 0x68, 0x79, 0x72, 0x65, 0x40, 0x40, 0x00
.byte 0x00, 0x00, 0x00, 0x00
.globl _sym_00c67f50
_sym_00c67f50:
.long _sym_00b69fe8
.byte 0x00, 0x00, 0x00, 0x00, 0x2e, 0x3f, 0x41, 0x56, 0x3f, 0x24, 0x50, 0x43, 0x6c, 0x61, 0x73, 0x73
.byte 0x44, 0x65, 0x73, 0x63, 0x72, 0x69, 0x70, 0x74, 0x6f, 0x72, 0x41, 0x62, 0x73, 0x74, 0x72, 0x61
.byte 0x63, 0x74, 0x40, 0x56, 0x3f, 0x24, 0x50, 0x41, 0x72, 0x72, 0x61, 0x79, 0x40, 0x50, 0x41, 0x56
.byte 0x50, 0x49, 0x6e, 0x70, 0x75, 0x74, 0x41, 0x63, 0x74, 0x69, 0x6f, 0x6e, 0x40, 0x50, 0x49, 0x6e
.byte 0x70, 0x75, 0x74, 0x73, 0x40, 0x50, 0x68, 0x79, 0x72, 0x65, 0x40, 0x40, 0x24, 0x30, 0x33, 0x40
.byte 0x50, 0x68, 0x79, 0x72, 0x65, 0x40, 0x40, 0x40, 0x50, 0x68, 0x79, 0x72, 0x65, 0x40, 0x40, 0x00
.byte 0x00, 0x00, 0x00, 0x00
.globl _sym_00c67fb8
_sym_00c67fb8:
.long _sym_00b69fe8
.byte 0x00, 0x00, 0x00, 0x00, 0x2e, 0x3f, 0x41, 0x56, 0x3f, 0x24, 0x50, 0x43, 0x6c, 0x61, 0x73, 0x73
.byte 0x44, 0x65, 0x73, 0x63, 0x72, 0x69, 0x70, 0x74, 0x6f, 0x72, 0x46, 0x6f, 0x72, 0x54, 0x79, 0x70
.byte 0x65, 0x40, 0x56, 0x3f, 0x24, 0x50, 0x41, 0x72, 0x72, 0x61, 0x79, 0x40, 0x50, 0x41, 0x56, 0x50
.byte 0x49, 0x6e, 0x70, 0x75, 0x74, 0x41, 0x63, 0x74, 0x69, 0x6f, 0x6e, 0x40, 0x50, 0x49, 0x6e, 0x70
.byte 0x75, 0x74, 0x73, 0x40, 0x50, 0x68, 0x79, 0x72, 0x65, 0x40, 0x40, 0x24, 0x30, 0x33, 0x40, 0x50
.byte 0x68, 0x79, 0x72, 0x65, 0x40, 0x40, 0x40, 0x50, 0x68, 0x79, 0x72, 0x65, 0x40, 0x40, 0x00, 0x00
.byte 0x00, 0x00, 0x00, 0x00
.globl _sym_00c68020
_sym_00c68020:
.long _sym_00b69fe8
.byte 0x00, 0x00, 0x00, 0x00, 0x2e, 0x3f, 0x41, 0x56, 0x3f, 0x24, 0x50, 0x43, 0x6c, 0x61, 0x73, 0x73
.byte 0x44, 0x61, 0x74, 0x61, 0x4d, 0x65, 0x6d, 0x62, 0x65, 0x72, 0x41, 0x72, 0x72, 0x61, 0x79, 0x44
.byte 0x79, 0x6e, 0x61, 0x6d, 0x69, 0x63, 0x40, 0x56, 0x3f, 0x24, 0x50, 0x41, 0x72, 0x72, 0x61, 0x79
.byte 0x40, 0x50, 0x41, 0x56, 0x50, 0x49, 0x6e, 0x70, 0x75, 0x74, 0x41, 0x63, 0x74, 0x69, 0x6f, 0x6e
.byte 0x40, 0x50, 0x49, 0x6e, 0x70, 0x75, 0x74, 0x73, 0x40, 0x50, 0x68, 0x79, 0x72, 0x65, 0x40, 0x40
.byte 0x24, 0x30, 0x33, 0x40, 0x50, 0x68, 0x79, 0x72, 0x65, 0x40, 0x40, 0x40, 0x50, 0x68, 0x79, 0x72
.byte 0x65, 0x40, 0x40, 0x00
.globl _sym_00c68088
_sym_00c68088:
.long _sym_00b69fe8
.byte 0x00, 0x00, 0x00, 0x00, 0x2e, 0x3f, 0x41, 0x56, 0x50, 0x53, 0x74, 0x72, 0x65, 0x61, 0x6d, 0x57
.byte 0x72, 0x69, 0x74, 0x65, 0x72, 0x40, 0x50, 0x53, 0x65, 0x72, 0x69, 0x61, 0x6c, 0x69, 0x7a, 0x61
.byte 0x74, 0x69, 0x6f, 0x6e, 0x40, 0x50, 0x68, 0x79, 0x72, 0x65, 0x40, 0x40, 0x00, 0x00, 0x00, 0x00
.globl _sym_00c680bc
_sym_00c680bc:
.long _sym_00b69fe8
.byte 0x00, 0x00, 0x00, 0x00, 0x2e, 0x3f, 0x41, 0x56, 0x50, 0x53, 0x74, 0x72, 0x65, 0x61, 0x6d, 0x57
.byte 0x72, 0x69, 0x74, 0x65, 0x72, 0x46, 0x69, 0x6c, 0x65, 0x40, 0x50, 0x53, 0x65, 0x72, 0x69, 0x61
.byte 0x6c, 0x69, 0x7a, 0x61, 0x74, 0x69, 0x6f, 0x6e, 0x40, 0x50, 0x68, 0x79, 0x72, 0x65, 0x40, 0x40
.byte 0x00, 0x00, 0x00, 0x00, 0x00, 0x00, 0x00, 0x00
.globl _sym_00c680f8
_sym_00c680f8:
.long _sym_00b69fe8
.byte 0x00, 0x00, 0x00, 0x00, 0x2e, 0x3f, 0x41, 0x56, 0x50, 0x43, 0x68, 0x65, 0x63, 0x6b, 0x56, 0x69
.byte 0x73, 0x69, 0x62, 0x6c, 0x65, 0x42, 0x6f, 0x75, 0x6e, 0x64, 0x73, 0x4a, 0x6f, 0x62, 0x40, 0x50
.byte 0x49, 0x6e, 0x74, 0x65, 0x72, 0x6e, 0x61, 0x6c, 0x40, 0x50, 0x52, 0x65, 0x6e, 0x64, 0x65, 0x72
.byte 0x69, 0x6e, 0x67, 0x40, 0x50, 0x68, 0x79, 0x72, 0x65, 0x40, 0x40, 0x00
.globl _sym_00c68138
_sym_00c68138:
.long _sym_00b69fe8
.byte 0x00, 0x00, 0x00, 0x00, 0x2e, 0x3f, 0x41, 0x56, 0x50, 0x43, 0x68, 0x65, 0x63, 0x6b, 0x56, 0x69
.byte 0x73, 0x69, 0x62, 0x6c, 0x65, 0x42, 0x6f, 0x75, 0x6e, 0x64, 0x73, 0x4a, 0x6f, 0x62, 0x43, 0x6f
.byte 0x6d, 0x6d, 0x6f, 0x6e, 0x40, 0x50, 0x52, 0x65, 0x6e, 0x64, 0x65, 0x72, 0x69, 0x6e, 0x67, 0x40
.byte 0x50, 0x68, 0x79, 0x72, 0x65, 0x40, 0x40, 0x00, 0x00, 0x00, 0x00, 0x00
.globl _sym_00c68178
_sym_00c68178:
.long _sym_00b69fe8
.byte 0x00, 0x00, 0x00, 0x00, 0x2e, 0x3f, 0x41, 0x56, 0x3f, 0x24, 0x50, 0x50, 0x72, 0x6f, 0x63, 0x65
.byte 0x73, 0x73, 0x4f, 0x62, 0x6a, 0x65, 0x63, 0x74, 0x42, 0x6c, 0x6f, 0x63, 0x6b, 0x54, 0x68, 0x72
.byte 0x65, 0x61, 0x64, 0x50, 0x6f, 0x6f, 0x6c, 0x4a, 0x6f, 0x62, 0x44, 0x61, 0x74, 0x61, 0x40, 0x24
.byte 0x24, 0x43, 0x42, 0x56, 0x50, 0x4d, 0x65, 0x73, 0x68, 0x49, 0x6e, 0x73, 0x74, 0x61, 0x6e, 0x63
.byte 0x65, 0x42, 0x6f, 0x75, 0x6e, 0x64, 0x73, 0x40, 0x50, 0x52, 0x65, 0x6e, 0x64, 0x65, 0x72, 0x69
.byte 0x6e, 0x67, 0x40, 0x50, 0x68, 0x79, 0x72, 0x65, 0x40, 0x40, 0x40, 0x50, 0x52, 0x65, 0x6e, 0x64
.byte 0x65, 0x72, 0x69, 0x6e, 0x67, 0x40, 0x50, 0x68, 0x79, 0x72, 0x65, 0x40, 0x40, 0x00, 0x00, 0x00
.globl _sym_00c681ec
_sym_00c681ec:
.long _sym_00b0e080
.globl _sym_00c681f0
_sym_00c681f0:
.byte 0x00, 0x00, 0x00, 0x00
.long _sym_00b73d98
.byte 0xff, 0x00, 0x00, 0x00
.globl _sym_00c681fc
_sym_00c681fc:
.long _sym_00b69fe8
.byte 0x00, 0x00, 0x00, 0x00, 0x2e, 0x3f, 0x41, 0x56, 0x50, 0x55, 0x74, 0x69, 0x6c, 0x69, 0x74, 0x79
.byte 0x49, 0x6e, 0x70, 0x75, 0x74, 0x73, 0x40, 0x50, 0x49, 0x6e, 0x70, 0x75, 0x74, 0x73, 0x40, 0x50
.byte 0x68, 0x79, 0x72, 0x65, 0x40, 0x40, 0x00, 0x00
.globl _sym_00c68228
_sym_00c68228:
.long _sym_00b73da4
.long _sym_00b73dbc
.globl _sym_00c68230
_sym_00c68230:
.byte 0x00, 0x00, 0x00, 0x00
.globl _sym_00c68234
_sym_00c68234:
.long _sym_00b73da4
.long _sym_00b73dc0
.globl _sym_00c6823c
_sym_00c6823c:
.byte 0x00, 0x00, 0x00, 0x00
.globl _sym_00c68240
_sym_00c68240:
.long _sym_00b73da4
.long _sym_00b73dd0
.globl _sym_00c68248
_sym_00c68248:
.byte 0x00, 0x00, 0x00, 0x00
.globl _sym_00c6824c
_sym_00c6824c:
.long _sym_00b73da4
.long _sym_00b73ddc
.globl _sym_00c68254
_sym_00c68254:
.byte 0x00, 0x00, 0x00, 0x00
.globl _sym_00c68258
_sym_00c68258:
.long _sym_00b73da4
.long _sym_00b73de8
.globl _sym_00c68260
_sym_00c68260:
.byte 0x00, 0x00, 0x00, 0x00
.globl _sym_00c68264
_sym_00c68264:
.long _sym_00b73da4
.long _sym_00b73df4
.globl _sym_00c6826c
_sym_00c6826c:
.byte 0x00, 0x00, 0x00, 0x00
.globl _sym_00c68270
_sym_00c68270:
.long _sym_00b73da4
.long _sym_00b73e00
.globl _sym_00c68278
_sym_00c68278:
.byte 0x00, 0x00, 0x00, 0x00
.globl _sym_00c6827c
_sym_00c6827c:
.long _sym_00b73da4
.long _sym_00b73e0c
.globl _sym_00c68284
_sym_00c68284:
.byte 0x00, 0x00, 0x00, 0x00
.globl _sym_00c68288
_sym_00c68288:
.long _sym_00b73da4
.long _sym_00b73e18
.globl _sym_00c68290
_sym_00c68290:
.byte 0x00, 0x00, 0x00, 0x00
.globl _sym_00c68294
_sym_00c68294:
.long _sym_00b73da4
.long _sym_00b73e2c
.globl _sym_00c6829c
_sym_00c6829c:
.byte 0x00, 0x00, 0x00, 0x00
.globl _sym_00c682a0
_sym_00c682a0:
.long _sym_00b73da4
.long _sym_00b73e40
.globl _sym_00c682a8
_sym_00c682a8:
.byte 0x00, 0x00, 0x00, 0x00
.globl _sym_00c682ac
_sym_00c682ac:
.long _sym_00b73da4
.long _sym_00b73e4c
.globl _sym_00c682b4
_sym_00c682b4:
.byte 0x00, 0x00, 0x00, 0x00
.globl _sym_00c682b8
_sym_00c682b8:
.long _sym_00b73da4
.long _sym_00b73e58
.globl _sym_00c682c0
_sym_00c682c0:
.byte 0x00, 0x00, 0x00, 0x00
.globl _sym_00c682c4
_sym_00c682c4:
.long _sym_00b73da4
.long _sym_00b73e64
.globl _sym_00c682cc
_sym_00c682cc:
.byte 0x00, 0x00, 0x00, 0x00
.globl _sym_00c682d0
_sym_00c682d0:
.long _sym_00b73da4
.long _sym_00b73e70
.globl _sym_00c682d8
_sym_00c682d8:
.byte 0x00, 0x00, 0x00, 0x00
.globl _sym_00c682dc
_sym_00c682dc:
.long _sym_00b73da4
.long _sym_00b73e7c
.globl _sym_00c682e4
_sym_00c682e4:
.byte 0x00, 0x00, 0x00, 0x00
.globl _sym_00c682e8
_sym_00c682e8:
.long _sym_00b73da4
.long _sym_00b73e88
.globl _sym_00c682f0
_sym_00c682f0:
.byte 0x00, 0x00, 0x00, 0x00
.globl _sym_00c682f4
_sym_00c682f4:
.long _sym_00b73da4
.long _sym_00b73ea0
.globl _sym_00c682fc
_sym_00c682fc:
.byte 0x00, 0x00, 0x00, 0x00
.globl _sym_00c68300
_sym_00c68300:
.long _sym_00b73da4
.long _sym_00b73eb8
.globl _sym_00c68308
_sym_00c68308:
.byte 0x00, 0x00, 0x00, 0x00
.globl _sym_00c6830c
_sym_00c6830c:
.long _sym_00b73da4
.long _sym_00b73ed0
.globl _sym_00c68314
_sym_00c68314:
.byte 0x00, 0x00, 0x00, 0x00
.globl _sym_00c68318
_sym_00c68318:
.long _sym_00b73da4
.long _sym_00b73eec
.globl _sym_00c68320
_sym_00c68320:
.byte 0x00, 0x00, 0x00, 0x00
.globl _sym_00c68324
_sym_00c68324:
.long _sym_00b73da4
.long _sym_00b73f08
.globl _sym_00c6832c
_sym_00c6832c:
.byte 0x00, 0x00, 0x00, 0x00
.globl _sym_00c68330
_sym_00c68330:
.long _sym_00b69fe8
.byte 0x00, 0x00, 0x00, 0x00, 0x2e, 0x3f, 0x41, 0x56, 0x50, 0x49, 0x6e, 0x70, 0x75, 0x74, 0x54, 0x79
.byte 0x70, 0x65, 0x53, 0x65, 0x6d, 0x61, 0x6e, 0x74, 0x69, 0x63, 0x40, 0x50, 0x49, 0x6e, 0x70, 0x75
.byte 0x74, 0x73, 0x40, 0x50, 0x68, 0x79, 0x72, 0x65, 0x40, 0x40, 0x00, 0x00
.globl _sym_00c68360
_sym_00c68360:
.long _sym_00b69fe8
.byte 0x00, 0x00, 0x00, 0x00, 0x2e, 0x3f, 0x41, 0x56, 0x3f, 0x24, 0x50, 0x4e, 0x61, 0x6d, 0x65, 0x64
.byte 0x53, 0x65, 0x6d, 0x61, 0x6e, 0x74, 0x69, 0x63, 0x40, 0x56, 0x50, 0x49, 0x6e, 0x70, 0x75, 0x74
.byte 0x54, 0x79, 0x70, 0x65, 0x53, 0x65, 0x6d, 0x61, 0x6e, 0x74, 0x69, 0x63, 0x40, 0x50, 0x49, 0x6e
.byte 0x70, 0x75, 0x74, 0x73, 0x40, 0x50, 0x68, 0x79, 0x72, 0x65, 0x40, 0x40, 0x40, 0x50, 0x68, 0x79
.byte 0x72, 0x65, 0x40, 0x40, 0x00, 0x00, 0x00, 0x00, 0x00, 0x00, 0x00, 0x00
.globl _sym_00c683b0
_sym_00c683b0:
.long _sym_00b69fe8
.byte 0x00, 0x00, 0x00, 0x00, 0x2e, 0x3f, 0x41, 0x56, 0x3f, 0x24, 0x50, 0x53, 0x69, 0x6d, 0x70, 0x6c
.byte 0x65, 0x4c, 0x69, 0x73, 0x74, 0x45, 0x6c, 0x65, 0x6d, 0x65, 0x6e, 0x74, 0x40, 0x56, 0x50, 0x49
.byte 0x6e, 0x70, 0x75, 0x74, 0x54, 0x79, 0x70, 0x65, 0x53, 0x65, 0x6d, 0x61, 0x6e, 0x74, 0x69, 0x63
.byte 0x40, 0x50, 0x49, 0x6e, 0x70, 0x75, 0x74, 0x73, 0x40, 0x50, 0x68, 0x79, 0x72, 0x65, 0x40, 0x40
.byte 0x40, 0x50, 0x68, 0x79, 0x72, 0x65, 0x40, 0x40, 0x00, 0x00, 0x00, 0x00
.globl _sym_00c68400
_sym_00c68400:
.long _sym_00b69fe8
.byte 0x00, 0x00, 0x00, 0x00, 0x2e, 0x3f, 0x41, 0x56, 0x3f, 0x24, 0x50, 0x4e, 0x61, 0x6d, 0x65, 0x64
.byte 0x53, 0x65, 0x6d, 0x61, 0x6e, 0x74, 0x69, 0x63, 0x44, 0x65, 0x73, 0x63, 0x72, 0x69, 0x70, 0x74
.byte 0x6f, 0x72, 0x46, 0x6f, 0x72, 0x54, 0x79, 0x70, 0x65, 0x40, 0x56, 0x50, 0x49, 0x6e, 0x70, 0x75
.byte 0x74, 0x54, 0x79, 0x70, 0x65, 0x53, 0x65, 0x6d, 0x61, 0x6e, 0x74, 0x69, 0x63, 0x40, 0x50, 0x49
.byte 0x6e, 0x70, 0x75, 0x74, 0x73, 0x40, 0x50, 0x68, 0x79, 0x72, 0x65, 0x40, 0x40, 0x40, 0x50, 0x68
.byte 0x79, 0x72, 0x65, 0x40, 0x40, 0x00, 0x00, 0x00
.globl _sym_00c6845c
_sym_00c6845c:
.long _sym_00b0e080
.globl _sym_00c68460
_sym_00c68460:
.byte 0x00, 0x00, 0x00, 0x00
.long _sym_00b73f64
.byte 0xff, 0x00, 0x00, 0x00
.globl _sym_00c6846c
_sym_00c6846c:
.long _sym_00b69fe8
.byte 0x00, 0x00, 0x00, 0x00, 0x2e, 0x3f, 0x41, 0x56, 0x50, 0x55, 0x74, 0x69, 0x6c, 0x69, 0x74, 0x79
.byte 0x47, 0x61, 0x6d, 0x65, 0x40, 0x50, 0x47, 0x61, 0x6d, 0x65, 0x40, 0x50, 0x68, 0x79, 0x72, 0x65
.byte 0x40, 0x40, 0x00, 0x00
.globl _sym_00c68494
_sym_00c68494:
.long _sym_00b0e080
.globl _sym_00c68498
_sym_00c68498:
.byte 0x00, 0x00, 0x00, 0x00
.long _sym_00b76884
.byte 0xff, 0x00, 0x00, 0x00
.globl _sym_00c684a4
_sym_00c684a4:
.long _sym_00b76c64
.globl _sym_00c684a8
_sym_00c684a8:
.long _sym_00b69fe8
.byte 0x00, 0x00, 0x00, 0x00, 0x2e, 0x3f, 0x41, 0x56, 0x50, 0x55, 0x74, 0x69, 0x6c, 0x69, 0x74, 0x79
.byte 0x50, 0x6f, 0x73, 0x74, 0x50, 0x72, 0x6f, 0x63, 0x65, 0x73, 0x73, 0x69, 0x6e, 0x67, 0x40, 0x50
.byte 0x50, 0x6f, 0x73, 0x74, 0x50, 0x72, 0x6f, 0x63, 0x65, 0x73, 0x73, 0x69, 0x6e, 0x67, 0x40, 0x50
.byte 0x68, 0x79, 0x72, 0x65, 0x40, 0x40, 0x00, 0x00
.globl _sym_00c684e4
_sym_00c684e4:
.long _sym_00b69fe8
.byte 0x00, 0x00, 0x00, 0x00, 0x2e, 0x3f, 0x41, 0x56, 0x50, 0x50, 0x6f, 0x73, 0x74, 0x45, 0x66, 0x66
.byte 0x65, 0x63, 0x74, 0x42, 0x61, 0x73, 0x65, 0x40, 0x50, 0x50, 0x6f, 0x73, 0x74, 0x50, 0x72, 0x6f
.byte 0x63, 0x65, 0x73, 0x73, 0x69, 0x6e, 0x67, 0x40, 0x50, 0x68, 0x79, 0x72, 0x65, 0x40, 0x40, 0x00
.globl _sym_00c68518
_sym_00c68518:
.long _sym_00b69fe8
.byte 0x00, 0x00, 0x00, 0x00, 0x2e, 0x3f, 0x41, 0x56, 0x3f, 0x24, 0x50, 0x43, 0x6c, 0x61, 0x73, 0x73
.byte 0x44, 0x65, 0x73, 0x63, 0x72, 0x69, 0x70, 0x74, 0x6f, 0x72, 0x43, 0x6f, 0x6e, 0x63, 0x72, 0x65
.byte 0x74, 0x65, 0x40, 0x56, 0x50, 0x50, 0x6f, 0x73, 0x74, 0x45, 0x66, 0x66, 0x65, 0x63, 0x74, 0x42
.byte 0x61, 0x73, 0x65, 0x40, 0x50, 0x50, 0x6f, 0x73, 0x74, 0x50, 0x72, 0x6f, 0x63, 0x65, 0x73, 0x73
.byte 0x69, 0x6e, 0x67, 0x40, 0x50, 0x68, 0x79, 0x72, 0x65, 0x40, 0x40, 0x40, 0x50, 0x68, 0x79, 0x72
.byte 0x65, 0x40, 0x40, 0x00
.globl _sym_00c68570
_sym_00c68570:
.long _sym_00b69fe8
.byte 0x00, 0x00, 0x00, 0x00, 0x2e, 0x3f, 0x41, 0x56, 0x3f, 0x24, 0x50, 0x43, 0x6c, 0x61, 0x73, 0x73
.byte 0x44, 0x65, 0x73, 0x63, 0x72, 0x69, 0x70, 0x74, 0x6f, 0x72, 0x41, 0x62, 0x73, 0x74, 0x72, 0x61
.byte 0x63, 0x74, 0x40, 0x56, 0x50, 0x50, 0x6f, 0x73, 0x74, 0x45, 0x66, 0x66, 0x65, 0x63, 0x74, 0x42
.byte 0x61, 0x73, 0x65, 0x40, 0x50, 0x50, 0x6f, 0x73, 0x74, 0x50, 0x72, 0x6f, 0x63, 0x65, 0x73, 0x73
.byte 0x69, 0x6e, 0x67, 0x40, 0x50, 0x68, 0x79, 0x72, 0x65, 0x40, 0x40, 0x40, 0x50, 0x68, 0x79, 0x72
.byte 0x65, 0x40, 0x40, 0x00
.globl _sym_00c685c8
_sym_00c685c8:
.long _sym_00b69fe8
.byte 0x00, 0x00, 0x00, 0x00, 0x2e, 0x3f, 0x41, 0x56, 0x3f, 0x24, 0x50, 0x43, 0x6c, 0x61, 0x73, 0x73
.byte 0x44, 0x65, 0x73, 0x63, 0x72, 0x69, 0x70, 0x74, 0x6f, 0x72, 0x46, 0x6f, 0x72, 0x54, 0x79, 0x70
.byte 0x65, 0x40, 0x56, 0x50, 0x50, 0x6f, 0x73, 0x74, 0x45, 0x66, 0x66, 0x65, 0x63, 0x74, 0x42, 0x61
.byte 0x73, 0x65, 0x40, 0x50, 0x50, 0x6f, 0x73, 0x74, 0x50, 0x72, 0x6f, 0x63, 0x65, 0x73, 0x73, 0x69
.byte 0x6e, 0x67, 0x40, 0x50, 0x68, 0x79, 0x72, 0x65, 0x40, 0x40, 0x40, 0x50, 0x68, 0x79, 0x72, 0x65
.byte 0x40, 0x40, 0x00, 0x00
.globl _sym_00c68620
_sym_00c68620:
.long _sym_00b69fe8
.byte 0x00, 0x00, 0x00, 0x00, 0x2e, 0x3f, 0x41, 0x56, 0x50, 0x44, 0x65, 0x66, 0x65, 0x72, 0x72, 0x65
.byte 0x64, 0x4c, 0x69, 0x67, 0x68, 0x74, 0x69, 0x6e, 0x67, 0x42, 0x61, 0x73, 0x65, 0x40, 0x50, 0x50
.byte 0x6f, 0x73, 0x74, 0x50, 0x72, 0x6f, 0x63, 0x65, 0x73, 0x73, 0x69, 0x6e, 0x67, 0x40, 0x50, 0x68
.byte 0x79, 0x72, 0x65, 0x40, 0x40, 0x00, 0x00, 0x00, 0x00, 0x00, 0x00, 0x00
.globl _sym_00c68660
_sym_00c68660:
.long _sym_00b69fe8
.byte 0x00, 0x00, 0x00, 0x00, 0x2e, 0x3f, 0x41, 0x56, 0x3f, 0x24, 0x50, 0x43, 0x6c, 0x61, 0x73, 0x73
.byte 0x44, 0x65, 0x73, 0x63, 0x72, 0x69, 0x70, 0x74, 0x6f, 0x72, 0x43, 0x6f, 0x6e, 0x63, 0x72, 0x65
.byte 0x74, 0x65, 0x40, 0x56, 0x50, 0x44, 0x65, 0x66, 0x65, 0x72, 0x72, 0x65, 0x64, 0x4c, 0x69, 0x67
.byte 0x68, 0x74, 0x69, 0x6e, 0x67, 0x42, 0x61, 0x73, 0x65, 0x40, 0x50, 0x50, 0x6f, 0x73, 0x74, 0x50
.byte 0x72, 0x6f, 0x63, 0x65, 0x73, 0x73, 0x69, 0x6e, 0x67, 0x40, 0x50, 0x68, 0x79, 0x72, 0x65, 0x40
.byte 0x40, 0x40, 0x50, 0x68, 0x79, 0x72, 0x65, 0x40, 0x40, 0x00, 0x00, 0x00
.globl _sym_00c686c0
_sym_00c686c0:
.long _sym_00b69fe8
.byte 0x00, 0x00, 0x00, 0x00, 0x2e, 0x3f, 0x41, 0x56, 0x3f, 0x24, 0x50, 0x43, 0x6c, 0x61, 0x73, 0x73
.byte 0x44, 0x65, 0x73, 0x63, 0x72, 0x69, 0x70, 0x74, 0x6f, 0x72, 0x41, 0x62, 0x73, 0x74, 0x72, 0x61
.byte 0x63, 0x74, 0x40, 0x56, 0x50, 0x44, 0x65, 0x66, 0x65, 0x72, 0x72, 0x65, 0x64, 0x4c, 0x69, 0x67
.byte 0x68, 0x74, 0x69, 0x6e, 0x67, 0x42, 0x61, 0x73, 0x65, 0x40, 0x50, 0x50, 0x6f, 0x73, 0x74, 0x50
.byte 0x72, 0x6f, 0x63, 0x65, 0x73, 0x73, 0x69, 0x6e, 0x67, 0x40, 0x50, 0x68, 0x79, 0x72, 0x65, 0x40
.byte 0x40, 0x40, 0x50, 0x68, 0x79, 0x72, 0x65, 0x40, 0x40, 0x00, 0x00, 0x00
.globl _sym_00c68720
_sym_00c68720:
.long _sym_00b69fe8
.byte 0x00, 0x00, 0x00, 0x00, 0x2e, 0x3f, 0x41, 0x56, 0x3f, 0x24, 0x50, 0x43, 0x6c, 0x61, 0x73, 0x73
.byte 0x44, 0x65, 0x73, 0x63, 0x72, 0x69, 0x70, 0x74, 0x6f, 0x72, 0x46, 0x6f, 0x72, 0x54, 0x79, 0x70
.byte 0x65, 0x40, 0x56, 0x50, 0x44, 0x65, 0x66, 0x65, 0x72, 0x72, 0x65, 0x64, 0x4c, 0x69, 0x67, 0x68
.byte 0x74, 0x69, 0x6e, 0x67, 0x42, 0x61, 0x73, 0x65, 0x40, 0x50, 0x50, 0x6f, 0x73, 0x74, 0x50, 0x72
.byte 0x6f, 0x63, 0x65, 0x73, 0x73, 0x69, 0x6e, 0x67, 0x40, 0x50, 0x68, 0x79, 0x72, 0x65, 0x40, 0x40
.byte 0x40, 0x50, 0x68, 0x79, 0x72, 0x65, 0x40, 0x40, 0x00, 0x00, 0x00, 0x00
.globl _sym_00c68780
_sym_00c68780:
.long _sym_00b69fe8
.byte 0x00, 0x00, 0x00, 0x00, 0x2e, 0x3f, 0x41, 0x56, 0x50, 0x44, 0x65, 0x66, 0x65, 0x72, 0x72, 0x65
.byte 0x64, 0x4c, 0x69, 0x67, 0x68, 0x74, 0x69, 0x6e, 0x67, 0x44, 0x33, 0x44, 0x31, 0x31, 0x40, 0x50
.byte 0x50, 0x6f, 0x73, 0x74, 0x50, 0x72, 0x6f, 0x63, 0x65, 0x73, 0x73, 0x69, 0x6e, 0x67, 0x40, 0x50
.byte 0x68, 0x79, 0x72, 0x65, 0x40, 0x40, 0x00, 0x00, 0x00, 0x00, 0x00, 0x00
.globl _sym_00c687c0
_sym_00c687c0:
.long _sym_00b69fe8
.byte 0x00, 0x00, 0x00, 0x00, 0x2e, 0x3f, 0x41, 0x56, 0x3f, 0x24, 0x50, 0x43, 0x6c, 0x61, 0x73, 0x73
.byte 0x44, 0x65, 0x73, 0x63, 0x72, 0x69, 0x70, 0x74, 0x6f, 0x72, 0x43, 0x6f, 0x6e, 0x63, 0x72, 0x65
.byte 0x74, 0x65, 0x40, 0x56, 0x50, 0x44, 0x65, 0x66, 0x65, 0x72, 0x72, 0x65, 0x64, 0x4c, 0x69, 0x67
.byte 0x68, 0x74, 0x69, 0x6e, 0x67, 0x44, 0x33, 0x44, 0x31, 0x31, 0x40, 0x50, 0x50, 0x6f, 0x73, 0x74
.byte 0x50, 0x72, 0x6f, 0x63, 0x65, 0x73, 0x73, 0x69, 0x6e, 0x67, 0x40, 0x50, 0x68, 0x79, 0x72, 0x65
.byte 0x40, 0x40, 0x40, 0x50, 0x68, 0x79, 0x72, 0x65, 0x40, 0x40, 0x00, 0x00
.globl _sym_00c68820
_sym_00c68820:
.long _sym_00b69fe8
.byte 0x00, 0x00, 0x00, 0x00, 0x2e, 0x3f, 0x41, 0x56, 0x3f, 0x24, 0x50, 0x43, 0x6c, 0x61, 0x73, 0x73
.byte 0x44, 0x65, 0x73, 0x63, 0x72, 0x69, 0x70, 0x74, 0x6f, 0x72, 0x41, 0x62, 0x73, 0x74, 0x72, 0x61
.byte 0x63, 0x74, 0x40, 0x56, 0x50, 0x44, 0x65, 0x66, 0x65, 0x72, 0x72, 0x65, 0x64, 0x4c, 0x69, 0x67
.byte 0x68, 0x74, 0x69, 0x6e, 0x67, 0x44, 0x33, 0x44, 0x31, 0x31, 0x40, 0x50, 0x50, 0x6f, 0x73, 0x74
.byte 0x50, 0x72, 0x6f, 0x63, 0x65, 0x73, 0x73, 0x69, 0x6e, 0x67, 0x40, 0x50, 0x68, 0x79, 0x72, 0x65
.byte 0x40, 0x40, 0x40, 0x50, 0x68, 0x79, 0x72, 0x65, 0x40, 0x40, 0x00, 0x00
.globl _sym_00c68880
_sym_00c68880:
.long _sym_00b69fe8
.byte 0x00, 0x00, 0x00, 0x00, 0x2e, 0x3f, 0x41, 0x56, 0x3f, 0x24, 0x50, 0x43, 0x6c, 0x61, 0x73, 0x73
.byte 0x44, 0x65, 0x73, 0x63, 0x72, 0x69, 0x70, 0x74, 0x6f, 0x72, 0x46, 0x6f, 0x72, 0x54, 0x79, 0x70
.byte 0x65, 0x40, 0x56, 0x50, 0x44, 0x65, 0x66, 0x65, 0x72, 0x72, 0x65, 0x64, 0x4c, 0x69, 0x67, 0x68
.byte 0x74, 0x69, 0x6e, 0x67, 0x44, 0x33, 0x44, 0x31, 0x31, 0x40, 0x50, 0x50, 0x6f, 0x73, 0x74, 0x50
.byte 0x72, 0x6f, 0x63, 0x65, 0x73, 0x73, 0x69, 0x6e, 0x67, 0x40, 0x50, 0x68, 0x79, 0x72, 0x65, 0x40
.byte 0x40, 0x40, 0x50, 0x68, 0x79, 0x72, 0x65, 0x40, 0x40, 0x00, 0x00, 0x00
.globl _sym_00c688e0
_sym_00c688e0:
.long _sym_00b69fe8
.byte 0x00, 0x00, 0x00, 0x00, 0x2e, 0x3f, 0x41, 0x56, 0x50, 0x44, 0x65, 0x66, 0x65, 0x72, 0x72, 0x65
.byte 0x64, 0x4c, 0x69, 0x67, 0x68, 0x74, 0x69, 0x6e, 0x67, 0x40, 0x50, 0x50, 0x6f, 0x73, 0x74, 0x50
.byte 0x72, 0x6f, 0x63, 0x65, 0x73, 0x73, 0x69, 0x6e, 0x67, 0x40, 0x50, 0x68, 0x79, 0x72, 0x65, 0x40
.byte 0x40, 0x00, 0x00, 0x00
.globl _sym_00c68918
_sym_00c68918:
.long _sym_00b69fe8
.byte 0x00, 0x00, 0x00, 0x00, 0x2e, 0x3f, 0x41, 0x56, 0x3f, 0x24, 0x50, 0x43, 0x6c, 0x61, 0x73, 0x73
.byte 0x44, 0x65, 0x73, 0x63, 0x72, 0x69, 0x70, 0x74, 0x6f, 0x72, 0x43, 0x6f, 0x6e, 0x63, 0x72, 0x65
.byte 0x74, 0x65, 0x40, 0x56, 0x50, 0x44, 0x65, 0x66, 0x65, 0x72, 0x72, 0x65, 0x64, 0x4c, 0x69, 0x67
.byte 0x68, 0x74, 0x69, 0x6e, 0x67, 0x40, 0x50, 0x50, 0x6f, 0x73, 0x74, 0x50, 0x72, 0x6f, 0x63, 0x65
.byte 0x73, 0x73, 0x69, 0x6e, 0x67, 0x40, 0x50, 0x68, 0x79, 0x72, 0x65, 0x40, 0x40, 0x40, 0x50, 0x68
.byte 0x79, 0x72, 0x65, 0x40, 0x40, 0x00, 0x00, 0x00, 0x00, 0x00, 0x00, 0x00
.globl _sym_00c68978
_sym_00c68978:
.long _sym_00b69fe8
.byte 0x00, 0x00, 0x00, 0x00, 0x2e, 0x3f, 0x41, 0x56, 0x3f, 0x24, 0x50, 0x43, 0x6c, 0x61, 0x73, 0x73
.byte 0x44, 0x65, 0x73, 0x63, 0x72, 0x69, 0x70, 0x74, 0x6f, 0x72, 0x41, 0x62, 0x73, 0x74, 0x72, 0x61
.byte 0x63, 0x74, 0x40, 0x56, 0x50, 0x44, 0x65, 0x66, 0x65, 0x72, 0x72, 0x65, 0x64, 0x4c, 0x69, 0x67
.byte 0x68, 0x74, 0x69, 0x6e, 0x67, 0x40, 0x50, 0x50, 0x6f, 0x73, 0x74, 0x50, 0x72, 0x6f, 0x63, 0x65
.byte 0x73, 0x73, 0x69, 0x6e, 0x67, 0x40, 0x50, 0x68, 0x79, 0x72, 0x65, 0x40, 0x40, 0x40, 0x50, 0x68
.byte 0x79, 0x72, 0x65, 0x40, 0x40, 0x00, 0x00, 0x00, 0x00, 0x00, 0x00, 0x00
.globl _sym_00c689d8
_sym_00c689d8:
.long _sym_00b69fe8
.byte 0x00, 0x00, 0x00, 0x00, 0x2e, 0x3f, 0x41, 0x56, 0x3f, 0x24, 0x50, 0x43, 0x6c, 0x61, 0x73, 0x73
.byte 0x44, 0x65, 0x73, 0x63, 0x72, 0x69, 0x70, 0x74, 0x6f, 0x72, 0x46, 0x6f, 0x72, 0x54, 0x79, 0x70
.byte 0x65, 0x40, 0x56, 0x50, 0x44, 0x65, 0x66, 0x65, 0x72, 0x72, 0x65, 0x64, 0x4c, 0x69, 0x67, 0x68
.byte 0x74, 0x69, 0x6e, 0x67, 0x40, 0x50, 0x50, 0x6f, 0x73, 0x74, 0x50, 0x72, 0x6f, 0x63, 0x65, 0x73
.byte 0x73, 0x69, 0x6e, 0x67, 0x40, 0x50, 0x68, 0x79, 0x72, 0x65, 0x40, 0x40, 0x40, 0x50, 0x68, 0x79
.byte 0x72, 0x65, 0x40, 0x40, 0x00, 0x00, 0x00, 0x00
.globl _sym_00c68a34
_sym_00c68a34:
.long _sym_00b69fe8
.byte 0x00, 0x00, 0x00, 0x00, 0x2e, 0x3f, 0x41, 0x56, 0x50, 0x44, 0x65, 0x70, 0x74, 0x68, 0x4f, 0x66
.byte 0x46, 0x69, 0x65, 0x6c, 0x64, 0x42, 0x61, 0x73, 0x65, 0x40, 0x50, 0x50, 0x6f, 0x73, 0x74, 0x50
.byte 0x72, 0x6f, 0x63, 0x65, 0x73, 0x73, 0x69, 0x6e, 0x67, 0x40, 0x50, 0x68, 0x79, 0x72, 0x65, 0x40
.byte 0x40, 0x00, 0x00, 0x00, 0x00, 0x00, 0x00, 0x00
.globl _sym_00c68a70
_sym_00c68a70:
.long _sym_00b69fe8
.byte 0x00, 0x00, 0x00, 0x00, 0x2e, 0x3f, 0x41, 0x56, 0x3f, 0x24, 0x50, 0x43, 0x6c, 0x61, 0x73, 0x73
.byte 0x44, 0x65, 0x73, 0x63, 0x72, 0x69, 0x70, 0x74, 0x6f, 0x72, 0x43, 0x6f, 0x6e, 0x63, 0x72, 0x65
.byte 0x74, 0x65, 0x40, 0x56, 0x50, 0x44, 0x65, 0x70, 0x74, 0x68, 0x4f, 0x66, 0x46, 0x69, 0x65, 0x6c
.byte 0x64, 0x42, 0x61, 0x73, 0x65, 0x40, 0x50, 0x50, 0x6f, 0x73, 0x74, 0x50, 0x72, 0x6f, 0x63, 0x65
.byte 0x73, 0x73, 0x69, 0x6e, 0x67, 0x40, 0x50, 0x68, 0x79, 0x72, 0x65, 0x40, 0x40, 0x40, 0x50, 0x68
.byte 0x79, 0x72, 0x65, 0x40, 0x40, 0x00, 0x00, 0x00, 0x00, 0x00, 0x00, 0x00
.globl _sym_00c68ad0
_sym_00c68ad0:
.long _sym_00b69fe8
.byte 0x00, 0x00, 0x00, 0x00, 0x2e, 0x3f, 0x41, 0x56, 0x3f, 0x24, 0x50, 0x43, 0x6c, 0x61, 0x73, 0x73
.byte 0x44, 0x65, 0x73, 0x63, 0x72, 0x69, 0x70, 0x74, 0x6f, 0x72, 0x41, 0x62, 0x73, 0x74, 0x72, 0x61
.byte 0x63, 0x74, 0x40, 0x56, 0x50, 0x44, 0x65, 0x70, 0x74, 0x68, 0x4f, 0x66, 0x46, 0x69, 0x65, 0x6c
.byte 0x64, 0x42, 0x61, 0x73, 0x65, 0x40, 0x50, 0x50, 0x6f, 0x73, 0x74, 0x50, 0x72, 0x6f, 0x63, 0x65
.byte 0x73, 0x73, 0x69, 0x6e, 0x67, 0x40, 0x50, 0x68, 0x79, 0x72, 0x65, 0x40, 0x40, 0x40, 0x50, 0x68
.byte 0x79, 0x72, 0x65, 0x40, 0x40, 0x00, 0x00, 0x00, 0x00, 0x00, 0x00, 0x00
.globl _sym_00c68b30
_sym_00c68b30:
.long _sym_00b69fe8
.byte 0x00, 0x00, 0x00, 0x00, 0x2e, 0x3f, 0x41, 0x56, 0x3f, 0x24, 0x50, 0x43, 0x6c, 0x61, 0x73, 0x73
.byte 0x44, 0x65, 0x73, 0x63, 0x72, 0x69, 0x70, 0x74, 0x6f, 0x72, 0x46, 0x6f, 0x72, 0x54, 0x79, 0x70
.byte 0x65, 0x40, 0x56, 0x50, 0x44, 0x65, 0x70, 0x74, 0x68, 0x4f, 0x66, 0x46, 0x69, 0x65, 0x6c, 0x64
.byte 0x42, 0x61, 0x73, 0x65, 0x40, 0x50, 0x50, 0x6f, 0x73, 0x74, 0x50, 0x72, 0x6f, 0x63, 0x65, 0x73
.byte 0x73, 0x69, 0x6e, 0x67, 0x40, 0x50, 0x68, 0x79, 0x72, 0x65, 0x40, 0x40, 0x40, 0x50, 0x68, 0x79
.byte 0x72, 0x65, 0x40, 0x40, 0x00, 0x00, 0x00, 0x00
.globl _sym_00c68b8c
_sym_00c68b8c:
.long _sym_00b69fe8
.byte 0x00, 0x00, 0x00, 0x00, 0x2e, 0x3f, 0x41, 0x56, 0x50, 0x44, 0x65, 0x70, 0x74, 0x68, 0x4f, 0x66
.byte 0x46, 0x69, 0x65, 0x6c, 0x64, 0x44, 0x33, 0x44, 0x31, 0x31, 0x40, 0x50, 0x50, 0x6f, 0x73, 0x74
.byte 0x50, 0x72, 0x6f, 0x63, 0x65, 0x73, 0x73, 0x69, 0x6e, 0x67, 0x40, 0x50, 0x68, 0x79, 0x72, 0x65
.byte 0x40, 0x40, 0x00, 0x00, 0x00, 0x00, 0x00, 0x00
.globl _sym_00c68bc8
_sym_00c68bc8:
.long _sym_00b69fe8
.byte 0x00, 0x00, 0x00, 0x00, 0x2e, 0x3f, 0x41, 0x56, 0x3f, 0x24, 0x50, 0x43, 0x6c, 0x61, 0x73, 0x73
.byte 0x44, 0x65, 0x73, 0x63, 0x72, 0x69, 0x70, 0x74, 0x6f, 0x72, 0x43, 0x6f, 0x6e, 0x63, 0x72, 0x65
.byte 0x74, 0x65, 0x40, 0x56, 0x50, 0x44, 0x65, 0x70, 0x74, 0x68, 0x4f, 0x66, 0x46, 0x69, 0x65, 0x6c
.byte 0x64, 0x44, 0x33, 0x44, 0x31, 0x31, 0x40, 0x50, 0x50, 0x6f, 0x73, 0x74, 0x50, 0x72, 0x6f, 0x63
.byte 0x65, 0x73, 0x73, 0x69, 0x6e, 0x67, 0x40, 0x50, 0x68, 0x79, 0x72, 0x65, 0x40, 0x40, 0x40, 0x50
.byte 0x68, 0x79, 0x72, 0x65, 0x40, 0x40, 0x00, 0x00, 0x00, 0x00, 0x00, 0x00
.globl _sym_00c68c28
_sym_00c68c28:
.long _sym_00b69fe8
.byte 0x00, 0x00, 0x00, 0x00, 0x2e, 0x3f, 0x41, 0x56, 0x3f, 0x24, 0x50, 0x43, 0x6c, 0x61, 0x73, 0x73
.byte 0x44, 0x65, 0x73, 0x63, 0x72, 0x69, 0x70, 0x74, 0x6f, 0x72, 0x41, 0x62, 0x73, 0x74, 0x72, 0x61
.byte 0x63, 0x74, 0x40, 0x56, 0x50, 0x44, 0x65, 0x70, 0x74, 0x68, 0x4f, 0x66, 0x46, 0x69, 0x65, 0x6c
.byte 0x64, 0x44, 0x33, 0x44, 0x31, 0x31, 0x40, 0x50, 0x50, 0x6f, 0x73, 0x74, 0x50, 0x72, 0x6f, 0x63
.byte 0x65, 0x73, 0x73, 0x69, 0x6e, 0x67, 0x40, 0x50, 0x68, 0x79, 0x72, 0x65, 0x40, 0x40, 0x40, 0x50
.byte 0x68, 0x79, 0x72, 0x65, 0x40, 0x40, 0x00, 0x00, 0x00, 0x00, 0x00, 0x00
.globl _sym_00c68c88
_sym_00c68c88:
.long _sym_00b69fe8
.byte 0x00, 0x00, 0x00, 0x00, 0x2e, 0x3f, 0x41, 0x56, 0x3f, 0x24, 0x50, 0x43, 0x6c, 0x61, 0x73, 0x73
.byte 0x44, 0x65, 0x73, 0x63, 0x72, 0x69, 0x70, 0x74, 0x6f, 0x72, 0x46, 0x6f, 0x72, 0x54, 0x79, 0x70
.byte 0x65, 0x40, 0x56, 0x50, 0x44, 0x65, 0x70, 0x74, 0x68, 0x4f, 0x66, 0x46, 0x69, 0x65, 0x6c, 0x64
.byte 0x44, 0x33, 0x44, 0x31, 0x31, 0x40, 0x50, 0x50, 0x6f, 0x73, 0x74, 0x50, 0x72, 0x6f, 0x63, 0x65
.byte 0x73, 0x73, 0x69, 0x6e, 0x67, 0x40, 0x50, 0x68, 0x79, 0x72, 0x65, 0x40, 0x40, 0x40, 0x50, 0x68
.byte 0x79, 0x72, 0x65, 0x40, 0x40, 0x00, 0x00, 0x00
.globl _sym_00c68ce4
_sym_00c68ce4:
.long _sym_00b69fe8
.byte 0x00, 0x00, 0x00, 0x00, 0x2e, 0x3f, 0x41, 0x56, 0x50, 0x44, 0x65, 0x70, 0x74, 0x68, 0x4f, 0x66
.byte 0x46, 0x69, 0x65, 0x6c, 0x64, 0x40, 0x50, 0x50, 0x6f, 0x73, 0x74, 0x50, 0x72, 0x6f, 0x63, 0x65
.byte 0x73, 0x73, 0x69, 0x6e, 0x67, 0x40, 0x50, 0x68, 0x79, 0x72, 0x65, 0x40, 0x40, 0x00, 0x00, 0x00
.globl _sym_00c68d18
_sym_00c68d18:
.long _sym_00b69fe8
.byte 0x00, 0x00, 0x00, 0x00, 0x2e, 0x3f, 0x41, 0x56, 0x3f, 0x24, 0x50, 0x43, 0x6c, 0x61, 0x73, 0x73
.byte 0x44, 0x65, 0x73, 0x63, 0x72, 0x69, 0x70, 0x74, 0x6f, 0x72, 0x43, 0x6f, 0x6e, 0x63, 0x72, 0x65
.byte 0x74, 0x65, 0x40, 0x56, 0x50, 0x44, 0x65, 0x70, 0x74, 0x68, 0x4f, 0x66, 0x46, 0x69, 0x65, 0x6c
.byte 0x64, 0x40, 0x50, 0x50, 0x6f, 0x73, 0x74, 0x50, 0x72, 0x6f, 0x63, 0x65, 0x73, 0x73, 0x69, 0x6e
.byte 0x67, 0x40, 0x50, 0x68, 0x79, 0x72, 0x65, 0x40, 0x40, 0x40, 0x50, 0x68, 0x79, 0x72, 0x65, 0x40
.byte 0x40, 0x00, 0x00, 0x00
.globl _sym_00c68d70
_sym_00c68d70:
.long _sym_00b69fe8
.byte 0x00, 0x00, 0x00, 0x00, 0x2e, 0x3f, 0x41, 0x56, 0x3f, 0x24, 0x50, 0x43, 0x6c, 0x61, 0x73, 0x73
.byte 0x44, 0x65, 0x73, 0x63, 0x72, 0x69, 0x70, 0x74, 0x6f, 0x72, 0x41, 0x62, 0x73, 0x74, 0x72, 0x61
.byte 0x63, 0x74, 0x40, 0x56, 0x50, 0x44, 0x65, 0x70, 0x74, 0x68, 0x4f, 0x66, 0x46, 0x69, 0x65, 0x6c
.byte 0x64, 0x40, 0x50, 0x50, 0x6f, 0x73, 0x74, 0x50, 0x72, 0x6f, 0x63, 0x65, 0x73, 0x73, 0x69, 0x6e
.byte 0x67, 0x40, 0x50, 0x68, 0x79, 0x72, 0x65, 0x40, 0x40, 0x40, 0x50, 0x68, 0x79, 0x72, 0x65, 0x40
.byte 0x40, 0x00, 0x00, 0x00
.globl _sym_00c68dc8
_sym_00c68dc8:
.long _sym_00b69fe8
.byte 0x00, 0x00, 0x00, 0x00, 0x2e, 0x3f, 0x41, 0x56, 0x3f, 0x24, 0x50, 0x43, 0x6c, 0x61, 0x73, 0x73
.byte 0x44, 0x65, 0x73, 0x63, 0x72, 0x69, 0x70, 0x74, 0x6f, 0x72, 0x46, 0x6f, 0x72, 0x54, 0x79, 0x70
.byte 0x65, 0x40, 0x56, 0x50, 0x44, 0x65, 0x70, 0x74, 0x68, 0x4f, 0x66, 0x46, 0x69, 0x65, 0x6c, 0x64
.byte 0x40, 0x50, 0x50, 0x6f, 0x73, 0x74, 0x50, 0x72, 0x6f, 0x63, 0x65, 0x73, 0x73, 0x69, 0x6e, 0x67
.byte 0x40, 0x50, 0x68, 0x79, 0x72, 0x65, 0x40, 0x40, 0x40, 0x50, 0x68, 0x79, 0x72, 0x65, 0x40, 0x40
.byte 0x00, 0x00, 0x00, 0x00
.globl _sym_00c68e20
_sym_00c68e20:
.long _sym_00b69fe8
.byte 0x00, 0x00, 0x00, 0x00, 0x2e, 0x3f, 0x41, 0x56, 0x50, 0x44, 0x58, 0x54, 0x42, 0x61, 0x73, 0x65
.byte 0x40, 0x50, 0x50, 0x6f, 0x73, 0x74, 0x50, 0x72, 0x6f, 0x63, 0x65, 0x73, 0x73, 0x69, 0x6e, 0x67
.byte 0x40, 0x50, 0x68, 0x79, 0x72, 0x65, 0x40, 0x40, 0x00, 0x00, 0x00, 0x00
.globl _sym_00c68e50
_sym_00c68e50:
.long _sym_00b69fe8
.byte 0x00, 0x00, 0x00, 0x00, 0x2e, 0x3f, 0x41, 0x56, 0x50, 0x44, 0x58, 0x54, 0x44, 0x33, 0x44, 0x31
.byte 0x31, 0x40, 0x50, 0x50, 0x6f, 0x73, 0x74, 0x50, 0x72, 0x6f, 0x63, 0x65, 0x73, 0x73, 0x69, 0x6e
.byte 0x67, 0x40, 0x50, 0x68, 0x79, 0x72, 0x65, 0x40, 0x40, 0x00, 0x00, 0x00
.globl _sym_00c68e80
_sym_00c68e80:
.long _sym_00b69fe8
.byte 0x00, 0x00, 0x00, 0x00, 0x2e, 0x3f, 0x41, 0x56, 0x50, 0x45, 0x78, 0x70, 0x6f, 0x6e, 0x65, 0x6e
.byte 0x74, 0x69, 0x61, 0x6c, 0x53, 0x68, 0x61, 0x64, 0x6f, 0x77, 0x42, 0x61, 0x73, 0x65, 0x40, 0x50
.byte 0x50, 0x6f, 0x73, 0x74, 0x50, 0x72, 0x6f, 0x63, 0x65, 0x73, 0x73, 0x69, 0x6e, 0x67, 0x40, 0x50
.byte 0x68, 0x79, 0x72, 0x65, 0x40, 0x40, 0x00, 0x00
.globl _sym_00c68ebc
_sym_00c68ebc:
.long _sym_00b69fe8
.byte 0x00, 0x00, 0x00, 0x00, 0x2e, 0x3f, 0x41, 0x56, 0x50, 0x45, 0x78, 0x70, 0x6f, 0x6e, 0x65, 0x6e
.byte 0x74, 0x69, 0x61, 0x6c, 0x53, 0x68, 0x61, 0x64, 0x6f, 0x77, 0x44, 0x33, 0x44, 0x31, 0x31, 0x40
.byte 0x50, 0x50, 0x6f, 0x73, 0x74, 0x50, 0x72, 0x6f, 0x63, 0x65, 0x73, 0x73, 0x69, 0x6e, 0x67, 0x40
.byte 0x50, 0x68, 0x79, 0x72, 0x65, 0x40, 0x40, 0x00
.globl _sym_00c68ef8
_sym_00c68ef8:
.long _sym_00b69fe8
.byte 0x00, 0x00, 0x00, 0x00, 0x2e, 0x3f, 0x41, 0x56, 0x50, 0x4d, 0x6f, 0x74, 0x69, 0x6f, 0x6e, 0x42
.byte 0x6c, 0x75, 0x72, 0x42, 0x61, 0x73, 0x65, 0x40, 0x50, 0x50, 0x6f, 0x73, 0x74, 0x50, 0x72, 0x6f
.byte 0x63, 0x65, 0x73, 0x73, 0x69, 0x6e, 0x67, 0x40, 0x50, 0x68, 0x79, 0x72, 0x65, 0x40, 0x40, 0x00
.byte 0x00, 0x00, 0x00, 0x00
.globl _sym_00c68f30
_sym_00c68f30:
.long _sym_00b69fe8
.byte 0x00, 0x00, 0x00, 0x00, 0x2e, 0x3f, 0x41, 0x56, 0x3f, 0x24, 0x50, 0x43, 0x6c, 0x61, 0x73, 0x73
.byte 0x44, 0x65, 0x73, 0x63, 0x72, 0x69, 0x70, 0x74, 0x6f, 0x72, 0x43, 0x6f, 0x6e, 0x63, 0x72, 0x65
.byte 0x74, 0x65, 0x40, 0x56, 0x50, 0x4d, 0x6f, 0x74, 0x69, 0x6f, 0x6e, 0x42, 0x6c, 0x75, 0x72, 0x42
.byte 0x61, 0x73, 0x65, 0x40, 0x50, 0x50, 0x6f, 0x73, 0x74, 0x50, 0x72, 0x6f, 0x63, 0x65, 0x73, 0x73
.byte 0x69, 0x6e, 0x67, 0x40, 0x50, 0x68, 0x79, 0x72, 0x65, 0x40, 0x40, 0x40, 0x50, 0x68, 0x79, 0x72
.byte 0x65, 0x40, 0x40, 0x00
.globl _sym_00c68f88
_sym_00c68f88:
.long _sym_00b69fe8
.byte 0x00, 0x00, 0x00, 0x00, 0x2e, 0x3f, 0x41, 0x56, 0x3f, 0x24, 0x50, 0x43, 0x6c, 0x61, 0x73, 0x73
.byte 0x44, 0x65, 0x73, 0x63, 0x72, 0x69, 0x70, 0x74, 0x6f, 0x72, 0x41, 0x62, 0x73, 0x74, 0x72, 0x61
.byte 0x63, 0x74, 0x40, 0x56, 0x50, 0x4d, 0x6f, 0x74, 0x69, 0x6f, 0x6e, 0x42, 0x6c, 0x75, 0x72, 0x42
.byte 0x61, 0x73, 0x65, 0x40, 0x50, 0x50, 0x6f, 0x73, 0x74, 0x50, 0x72, 0x6f, 0x63, 0x65, 0x73, 0x73
.byte 0x69, 0x6e, 0x67, 0x40, 0x50, 0x68, 0x79, 0x72, 0x65, 0x40, 0x40, 0x40, 0x50, 0x68, 0x79, 0x72
.byte 0x65, 0x40, 0x40, 0x00
.globl _sym_00c68fe0
_sym_00c68fe0:
.long _sym_00b69fe8
.byte 0x00, 0x00, 0x00, 0x00, 0x2e, 0x3f, 0x41, 0x56, 0x3f, 0x24, 0x50, 0x43, 0x6c, 0x61, 0x73, 0x73
.byte 0x44, 0x65, 0x73, 0x63, 0x72, 0x69, 0x70, 0x74, 0x6f, 0x72, 0x46, 0x6f, 0x72, 0x54, 0x79, 0x70
.byte 0x65, 0x40, 0x56, 0x50, 0x4d, 0x6f, 0x74, 0x69, 0x6f, 0x6e, 0x42, 0x6c, 0x75, 0x72, 0x42, 0x61
.byte 0x73, 0x65, 0x40, 0x50, 0x50, 0x6f, 0x73, 0x74, 0x50, 0x72, 0x6f, 0x63, 0x65, 0x73, 0x73, 0x69
.byte 0x6e, 0x67, 0x40, 0x50, 0x68, 0x79, 0x72, 0x65, 0x40, 0x40, 0x40, 0x50, 0x68, 0x79, 0x72, 0x65
.byte 0x40, 0x40, 0x00, 0x00
.globl _sym_00c69038
_sym_00c69038:
.long _sym_00b69fe8
.byte 0x00, 0x00, 0x00, 0x00, 0x2e, 0x3f, 0x41, 0x56, 0x50, 0x4d, 0x6f, 0x74, 0x69, 0x6f, 0x6e, 0x42
.byte 0x6c, 0x75, 0x72, 0x44, 0x33, 0x44, 0x31, 0x31, 0x40, 0x50, 0x50, 0x6f, 0x73, 0x74, 0x50, 0x72
.byte 0x6f, 0x63, 0x65, 0x73, 0x73, 0x69, 0x6e, 0x67, 0x40, 0x50, 0x68, 0x79, 0x72, 0x65, 0x40, 0x40
.byte 0x00, 0x00, 0x00, 0x00
.globl _sym_00c69070
_sym_00c69070:
.long _sym_00b69fe8
.byte 0x00, 0x00, 0x00, 0x00, 0x2e, 0x3f, 0x41, 0x56, 0x3f, 0x24, 0x50, 0x43, 0x6c, 0x61, 0x73, 0x73
.byte 0x44, 0x65, 0x73, 0x63, 0x72, 0x69, 0x70, 0x74, 0x6f, 0x72, 0x43, 0x6f, 0x6e, 0x63, 0x72, 0x65
.byte 0x74, 0x65, 0x40, 0x56, 0x50, 0x4d, 0x6f, 0x74, 0x69, 0x6f, 0x6e, 0x42, 0x6c, 0x75, 0x72, 0x44
.byte 0x33, 0x44, 0x31, 0x31, 0x40, 0x50, 0x50, 0x6f, 0x73, 0x74, 0x50, 0x72, 0x6f, 0x63, 0x65, 0x73
.byte 0x73, 0x69, 0x6e, 0x67, 0x40, 0x50, 0x68, 0x79, 0x72, 0x65, 0x40, 0x40, 0x40, 0x50, 0x68, 0x79
.byte 0x72, 0x65, 0x40, 0x40, 0x00, 0x00, 0x00, 0x00, 0x00, 0x00, 0x00, 0x00
.globl _sym_00c690d0
_sym_00c690d0:
.long _sym_00b69fe8
.byte 0x00, 0x00, 0x00, 0x00, 0x2e, 0x3f, 0x41, 0x56, 0x3f, 0x24, 0x50, 0x43, 0x6c, 0x61, 0x73, 0x73
.byte 0x44, 0x65, 0x73, 0x63, 0x72, 0x69, 0x70, 0x74, 0x6f, 0x72, 0x41, 0x62, 0x73, 0x74, 0x72, 0x61
.byte 0x63, 0x74, 0x40, 0x56, 0x50, 0x4d, 0x6f, 0x74, 0x69, 0x6f, 0x6e, 0x42, 0x6c, 0x75, 0x72, 0x44
.byte 0x33, 0x44, 0x31, 0x31, 0x40, 0x50, 0x50, 0x6f, 0x73, 0x74, 0x50, 0x72, 0x6f, 0x63, 0x65, 0x73
.byte 0x73, 0x69, 0x6e, 0x67, 0x40, 0x50, 0x68, 0x79, 0x72, 0x65, 0x40, 0x40, 0x40, 0x50, 0x68, 0x79
.byte 0x72, 0x65, 0x40, 0x40, 0x00, 0x00, 0x00, 0x00, 0x00, 0x00, 0x00, 0x00
.globl _sym_00c69130
_sym_00c69130:
.long _sym_00b69fe8
.byte 0x00, 0x00, 0x00, 0x00, 0x2e, 0x3f, 0x41, 0x56, 0x3f, 0x24, 0x50, 0x43, 0x6c, 0x61, 0x73, 0x73
.byte 0x44, 0x65, 0x73, 0x63, 0x72, 0x69, 0x70, 0x74, 0x6f, 0x72, 0x46, 0x6f, 0x72, 0x54, 0x79, 0x70
.byte 0x65, 0x40, 0x56, 0x50, 0x4d, 0x6f, 0x74, 0x69, 0x6f, 0x6e, 0x42, 0x6c, 0x75, 0x72, 0x44, 0x33
.byte 0x44, 0x31, 0x31, 0x40, 0x50, 0x50, 0x6f, 0x73, 0x74, 0x50, 0x72, 0x6f, 0x63, 0x65, 0x73, 0x73
.byte 0x69, 0x6e, 0x67, 0x40, 0x50, 0x68, 0x79, 0x72, 0x65, 0x40, 0x40, 0x40, 0x50, 0x68, 0x79, 0x72
.byte 0x65, 0x40, 0x40, 0x00
.globl _sym_00c69188
_sym_00c69188:
.long _sym_00b69fe8
.byte 0x00, 0x00, 0x00, 0x00, 0x2e, 0x3f, 0x41, 0x56, 0x50, 0x4d, 0x6f, 0x74, 0x69, 0x6f, 0x6e, 0x42
.byte 0x6c, 0x75, 0x72, 0x40, 0x50, 0x50, 0x6f, 0x73, 0x74, 0x50, 0x72, 0x6f, 0x63, 0x65, 0x73, 0x73
.byte 0x69, 0x6e, 0x67, 0x40, 0x50, 0x68, 0x79, 0x72, 0x65, 0x40, 0x40, 0x00
.globl _sym_00c691b8
_sym_00c691b8:
.long _sym_00b69fe8
.byte 0x00, 0x00, 0x00, 0x00, 0x2e, 0x3f, 0x41, 0x56, 0x3f, 0x24, 0x50, 0x43, 0x6c, 0x61, 0x73, 0x73
.byte 0x44, 0x65, 0x73, 0x63, 0x72, 0x69, 0x70, 0x74, 0x6f, 0x72, 0x43, 0x6f, 0x6e, 0x63, 0x72, 0x65
.byte 0x74, 0x65, 0x40, 0x56, 0x50, 0x4d, 0x6f, 0x74, 0x69, 0x6f, 0x6e, 0x42, 0x6c, 0x75, 0x72, 0x40
.byte 0x50, 0x50, 0x6f, 0x73, 0x74, 0x50, 0x72, 0x6f, 0x63, 0x65, 0x73, 0x73, 0x69, 0x6e, 0x67, 0x40
.byte 0x50, 0x68, 0x79, 0x72, 0x65, 0x40, 0x40, 0x40, 0x50, 0x68, 0x79, 0x72, 0x65, 0x40, 0x40, 0x00
.byte 0x00, 0x00, 0x00, 0x00
.globl _sym_00c69210
_sym_00c69210:
.long _sym_00b69fe8
.byte 0x00, 0x00, 0x00, 0x00, 0x2e, 0x3f, 0x41, 0x56, 0x3f, 0x24, 0x50, 0x43, 0x6c, 0x61, 0x73, 0x73
.byte 0x44, 0x65, 0x73, 0x63, 0x72, 0x69, 0x70, 0x74, 0x6f, 0x72, 0x41, 0x62, 0x73, 0x74, 0x72, 0x61
.byte 0x63, 0x74, 0x40, 0x56, 0x50, 0x4d, 0x6f, 0x74, 0x69, 0x6f, 0x6e, 0x42, 0x6c, 0x75, 0x72, 0x40
.byte 0x50, 0x50, 0x6f, 0x73, 0x74, 0x50, 0x72, 0x6f, 0x63, 0x65, 0x73, 0x73, 0x69, 0x6e, 0x67, 0x40
.byte 0x50, 0x68, 0x79, 0x72, 0x65, 0x40, 0x40, 0x40, 0x50, 0x68, 0x79, 0x72, 0x65, 0x40, 0x40, 0x00
.byte 0x00, 0x00, 0x00, 0x00
.globl _sym_00c69268
_sym_00c69268:
.long _sym_00b69fe8
.byte 0x00, 0x00, 0x00, 0x00, 0x2e, 0x3f, 0x41, 0x56, 0x3f, 0x24, 0x50, 0x43, 0x6c, 0x61, 0x73, 0x73
.byte 0x44, 0x65, 0x73, 0x63, 0x72, 0x69, 0x70, 0x74, 0x6f, 0x72, 0x46, 0x6f, 0x72, 0x54, 0x79, 0x70
.byte 0x65, 0x40, 0x56, 0x50, 0x4d, 0x6f, 0x74, 0x69, 0x6f, 0x6e, 0x42, 0x6c, 0x75, 0x72, 0x40, 0x50
.byte 0x50, 0x6f, 0x73, 0x74, 0x50, 0x72, 0x6f, 0x63, 0x65, 0x73, 0x73, 0x69, 0x6e, 0x67, 0x40, 0x50
.byte 0x68, 0x79, 0x72, 0x65, 0x40, 0x40, 0x40, 0x50, 0x68, 0x79, 0x72, 0x65, 0x40, 0x40, 0x00, 0x00
.byte 0x00, 0x00, 0x00, 0x00
.globl _sym_00c692c0
_sym_00c692c0:
.long _sym_00b69fe8
.byte 0x00, 0x00, 0x00, 0x00, 0x2e, 0x3f, 0x41, 0x56, 0x50, 0x53, 0x63, 0x72, 0x65, 0x65, 0x6e, 0x53
.byte 0x70, 0x61, 0x63, 0x65, 0x41, 0x6d, 0x62, 0x69, 0x65, 0x6e, 0x74, 0x4f, 0x63, 0x63, 0x6c, 0x75
.byte 0x73, 0x69, 0x6f, 0x6e, 0x42, 0x61, 0x73, 0x65, 0x40, 0x50, 0x50, 0x6f, 0x73, 0x74, 0x50, 0x72
.byte 0x6f, 0x63, 0x65, 0x73, 0x73, 0x69, 0x6e, 0x67, 0x40, 0x50, 0x68, 0x79, 0x72, 0x65, 0x40, 0x40
.byte 0x00, 0x00, 0x00, 0x00
.globl _sym_00c69308
_sym_00c69308:
.long _sym_00b69fe8
.byte 0x00, 0x00, 0x00, 0x00, 0x2e, 0x3f, 0x41, 0x56, 0x3f, 0x24, 0x50, 0x43, 0x6c, 0x61, 0x73, 0x73
.byte 0x44, 0x65, 0x73, 0x63, 0x72, 0x69, 0x70, 0x74, 0x6f, 0x72, 0x43, 0x6f, 0x6e, 0x63, 0x72, 0x65
.byte 0x74, 0x65, 0x40, 0x56, 0x50, 0x53, 0x63, 0x72, 0x65, 0x65, 0x6e, 0x53, 0x70, 0x61, 0x63, 0x65
.byte 0x41, 0x6d, 0x62, 0x69, 0x65, 0x6e, 0x74, 0x4f, 0x63, 0x63, 0x6c, 0x75, 0x73, 0x69, 0x6f, 0x6e
.byte 0x42, 0x61, 0x73, 0x65, 0x40, 0x50, 0x50, 0x6f, 0x73, 0x74, 0x50, 0x72, 0x6f, 0x63, 0x65, 0x73
.byte 0x73, 0x69, 0x6e, 0x67, 0x40, 0x50, 0x68, 0x79, 0x72, 0x65, 0x40, 0x40, 0x40, 0x50, 0x68, 0x79
.byte 0x72, 0x65, 0x40, 0x40, 0x00, 0x00, 0x00, 0x00, 0x00, 0x00, 0x00, 0x00
.globl _sym_00c69378
_sym_00c69378:
.long _sym_00b69fe8
.byte 0x00, 0x00, 0x00, 0x00, 0x2e, 0x3f, 0x41, 0x56, 0x3f, 0x24, 0x50, 0x43, 0x6c, 0x61, 0x73, 0x73
.byte 0x44, 0x65, 0x73, 0x63, 0x72, 0x69, 0x70, 0x74, 0x6f, 0x72, 0x41, 0x62, 0x73, 0x74, 0x72, 0x61
.byte 0x63, 0x74, 0x40, 0x56, 0x50, 0x53, 0x63, 0x72, 0x65, 0x65, 0x6e, 0x53, 0x70, 0x61, 0x63, 0x65
.byte 0x41, 0x6d, 0x62, 0x69, 0x65, 0x6e, 0x74, 0x4f, 0x63, 0x63, 0x6c, 0x75, 0x73, 0x69, 0x6f, 0x6e
.byte 0x42, 0x61, 0x73, 0x65, 0x40, 0x50, 0x50, 0x6f, 0x73, 0x74, 0x50, 0x72, 0x6f, 0x63, 0x65, 0x73
.byte 0x73, 0x69, 0x6e, 0x67, 0x40, 0x50, 0x68, 0x79, 0x72, 0x65, 0x40, 0x40, 0x40, 0x50, 0x68, 0x79
.byte 0x72, 0x65, 0x40, 0x40, 0x00, 0x00, 0x00, 0x00, 0x00, 0x00, 0x00, 0x00
.globl _sym_00c693e8
_sym_00c693e8:
.long _sym_00b69fe8
.byte 0x00, 0x00, 0x00, 0x00, 0x2e, 0x3f, 0x41, 0x56, 0x3f, 0x24, 0x50, 0x43, 0x6c, 0x61, 0x73, 0x73
.byte 0x44, 0x65, 0x73, 0x63, 0x72, 0x69, 0x70, 0x74, 0x6f, 0x72, 0x46, 0x6f, 0x72, 0x54, 0x79, 0x70
.byte 0x65, 0x40, 0x56, 0x50, 0x53, 0x63, 0x72, 0x65, 0x65, 0x6e, 0x53, 0x70, 0x61, 0x63, 0x65, 0x41
.byte 0x6d, 0x62, 0x69, 0x65, 0x6e, 0x74, 0x4f, 0x63, 0x63, 0x6c, 0x75, 0x73, 0x69, 0x6f, 0x6e, 0x42
.byte 0x61, 0x73, 0x65, 0x40, 0x50, 0x50, 0x6f, 0x73, 0x74, 0x50, 0x72, 0x6f, 0x63, 0x65, 0x73, 0x73
.byte 0x69, 0x6e, 0x67, 0x40, 0x50, 0x68, 0x79, 0x72, 0x65, 0x40, 0x40, 0x40, 0x50, 0x68, 0x79, 0x72
.byte 0x65, 0x40, 0x40, 0x00
.globl _sym_00c69450
_sym_00c69450:
.long _sym_00b69fe8
.byte 0x00, 0x00, 0x00, 0x00, 0x2e, 0x3f, 0x41, 0x56, 0x50, 0x53, 0x63, 0x72, 0x65, 0x65, 0x6e, 0x53
.byte 0x70, 0x61, 0x63, 0x65, 0x41, 0x6d, 0x62, 0x69, 0x65, 0x6e, 0x74, 0x4f, 0x63, 0x63, 0x6c, 0x75
.byte 0x73, 0x69, 0x6f, 0x6e, 0x44, 0x33, 0x44, 0x31, 0x31, 0x40, 0x50, 0x50, 0x6f, 0x73, 0x74, 0x50
.byte 0x72, 0x6f, 0x63, 0x65, 0x73, 0x73, 0x69, 0x6e, 0x67, 0x40, 0x50, 0x68, 0x79, 0x72, 0x65, 0x40
.byte 0x40, 0x00, 0x00, 0x00
.globl _sym_00c69498
_sym_00c69498:
.long _sym_00b69fe8
.byte 0x00, 0x00, 0x00, 0x00, 0x2e, 0x3f, 0x41, 0x56, 0x3f, 0x24, 0x50, 0x43, 0x6c, 0x61, 0x73, 0x73
.byte 0x44, 0x65, 0x73, 0x63, 0x72, 0x69, 0x70, 0x74, 0x6f, 0x72, 0x43, 0x6f, 0x6e, 0x63, 0x72, 0x65
.byte 0x74, 0x65, 0x40, 0x56, 0x50, 0x53, 0x63, 0x72, 0x65, 0x65, 0x6e, 0x53, 0x70, 0x61, 0x63, 0x65
.byte 0x41, 0x6d, 0x62, 0x69, 0x65, 0x6e, 0x74, 0x4f, 0x63, 0x63, 0x6c, 0x75, 0x73, 0x69, 0x6f, 0x6e
.byte 0x44, 0x33, 0x44, 0x31, 0x31, 0x40, 0x50, 0x50, 0x6f, 0x73, 0x74, 0x50, 0x72, 0x6f, 0x63, 0x65
.byte 0x73, 0x73, 0x69, 0x6e, 0x67, 0x40, 0x50, 0x68, 0x79, 0x72, 0x65, 0x40, 0x40, 0x40, 0x50, 0x68
.byte 0x79, 0x72, 0x65, 0x40, 0x40, 0x00, 0x00, 0x00, 0x00, 0x00, 0x00, 0x00
.globl _sym_00c69508
_sym_00c69508:
.long _sym_00b69fe8
.byte 0x00, 0x00, 0x00, 0x00, 0x2e, 0x3f, 0x41, 0x56, 0x3f, 0x24, 0x50, 0x43, 0x6c, 0x61, 0x73, 0x73
.byte 0x44, 0x65, 0x73, 0x63, 0x72, 0x69, 0x70, 0x74, 0x6f, 0x72, 0x41, 0x62, 0x73, 0x74, 0x72, 0x61
.byte 0x63, 0x74, 0x40, 0x56, 0x50, 0x53, 0x63, 0x72, 0x65, 0x65, 0x6e, 0x53, 0x70, 0x61, 0x63, 0x65
.byte 0x41, 0x6d, 0x62, 0x69, 0x65, 0x6e, 0x74, 0x4f, 0x63, 0x63, 0x6c, 0x75, 0x73, 0x69, 0x6f, 0x6e
.byte 0x44, 0x33, 0x44, 0x31, 0x31, 0x40, 0x50, 0x50, 0x6f, 0x73, 0x74, 0x50, 0x72, 0x6f, 0x63, 0x65
.byte 0x73, 0x73, 0x69, 0x6e, 0x67, 0x40, 0x50, 0x68, 0x79, 0x72, 0x65, 0x40, 0x40, 0x40, 0x50, 0x68
.byte 0x79, 0x72, 0x65, 0x40, 0x40, 0x00, 0x00, 0x00, 0x00, 0x00, 0x00, 0x00
.globl _sym_00c69578
_sym_00c69578:
.long _sym_00b69fe8
.byte 0x00, 0x00, 0x00, 0x00, 0x2e, 0x3f, 0x41, 0x56, 0x3f, 0x24, 0x50, 0x43, 0x6c, 0x61, 0x73, 0x73
.byte 0x44, 0x65, 0x73, 0x63, 0x72, 0x69, 0x70, 0x74, 0x6f, 0x72, 0x46, 0x6f, 0x72, 0x54, 0x79, 0x70
.byte 0x65, 0x40, 0x56, 0x50, 0x53, 0x63, 0x72, 0x65, 0x65, 0x6e, 0x53, 0x70, 0x61, 0x63, 0x65, 0x41
.byte 0x6d, 0x62, 0x69, 0x65, 0x6e, 0x74, 0x4f, 0x63, 0x63, 0x6c, 0x75, 0x73, 0x69, 0x6f, 0x6e, 0x44
.byte 0x33, 0x44, 0x31, 0x31, 0x40, 0x50, 0x50, 0x6f, 0x73, 0x74, 0x50, 0x72, 0x6f, 0x63, 0x65, 0x73
.byte 0x73, 0x69, 0x6e, 0x67, 0x40, 0x50, 0x68, 0x79, 0x72, 0x65, 0x40, 0x40, 0x40, 0x50, 0x68, 0x79
.byte 0x72, 0x65, 0x40, 0x40, 0x00, 0x00, 0x00, 0x00, 0x00, 0x00, 0x00, 0x00
.globl _sym_00c695e8
_sym_00c695e8:
.long _sym_00b69fe8
.byte 0x00, 0x00, 0x00, 0x00, 0x2e, 0x3f, 0x41, 0x56, 0x50, 0x53, 0x63, 0x72, 0x65, 0x65, 0x6e, 0x53
.byte 0x70, 0x61, 0x63, 0x65, 0x41, 0x6d, 0x62, 0x69, 0x65, 0x6e, 0x74, 0x4f, 0x63, 0x63, 0x6c, 0x75
.byte 0x73, 0x69, 0x6f, 0x6e, 0x40, 0x50, 0x50, 0x6f, 0x73, 0x74, 0x50, 0x72, 0x6f, 0x63, 0x65, 0x73
.byte 0x73, 0x69, 0x6e, 0x67, 0x40, 0x50, 0x68, 0x79, 0x72, 0x65, 0x40, 0x40, 0x00, 0x00, 0x00, 0x00
.byte 0x00, 0x00, 0x00, 0x00
.globl _sym_00c69630
_sym_00c69630:
.long _sym_00b69fe8
.byte 0x00, 0x00, 0x00, 0x00, 0x2e, 0x3f, 0x41, 0x56, 0x3f, 0x24, 0x50, 0x43, 0x6c, 0x61, 0x73, 0x73
.byte 0x44, 0x65, 0x73, 0x63, 0x72, 0x69, 0x70, 0x74, 0x6f, 0x72, 0x43, 0x6f, 0x6e, 0x63, 0x72, 0x65
.byte 0x74, 0x65, 0x40, 0x56, 0x50, 0x53, 0x63, 0x72, 0x65, 0x65, 0x6e, 0x53, 0x70, 0x61, 0x63, 0x65
.byte 0x41, 0x6d, 0x62, 0x69, 0x65, 0x6e, 0x74, 0x4f, 0x63, 0x63, 0x6c, 0x75, 0x73, 0x69, 0x6f, 0x6e
.byte 0x40, 0x50, 0x50, 0x6f, 0x73, 0x74, 0x50, 0x72, 0x6f, 0x63, 0x65, 0x73, 0x73, 0x69, 0x6e, 0x67
.byte 0x40, 0x50, 0x68, 0x79, 0x72, 0x65, 0x40, 0x40, 0x40, 0x50, 0x68, 0x79, 0x72, 0x65, 0x40, 0x40
.byte 0x00, 0x00, 0x00, 0x00
.globl _sym_00c69698
_sym_00c69698:
.long _sym_00b69fe8
.byte 0x00, 0x00, 0x00, 0x00, 0x2e, 0x3f, 0x41, 0x56, 0x3f, 0x24, 0x50, 0x43, 0x6c, 0x61, 0x73, 0x73
.byte 0x44, 0x65, 0x73, 0x63, 0x72, 0x69, 0x70, 0x74, 0x6f, 0x72, 0x41, 0x62, 0x73, 0x74, 0x72, 0x61
.byte 0x63, 0x74, 0x40, 0x56, 0x50, 0x53, 0x63, 0x72, 0x65, 0x65, 0x6e, 0x53, 0x70, 0x61, 0x63, 0x65
.byte 0x41, 0x6d, 0x62, 0x69, 0x65, 0x6e, 0x74, 0x4f, 0x63, 0x63, 0x6c, 0x75, 0x73, 0x69, 0x6f, 0x6e
.byte 0x40, 0x50, 0x50, 0x6f, 0x73, 0x74, 0x50, 0x72, 0x6f, 0x63, 0x65, 0x73, 0x73, 0x69, 0x6e, 0x67
.byte 0x40, 0x50, 0x68, 0x79, 0x72, 0x65, 0x40, 0x40, 0x40, 0x50, 0x68, 0x79, 0x72, 0x65, 0x40, 0x40
.byte 0x00, 0x00, 0x00, 0x00
.globl _sym_00c69700
_sym_00c69700:
.long _sym_00b69fe8
.byte 0x00, 0x00, 0x00, 0x00, 0x2e, 0x3f, 0x41, 0x56, 0x3f, 0x24, 0x50, 0x43, 0x6c, 0x61, 0x73, 0x73
.byte 0x44, 0x65, 0x73, 0x63, 0x72, 0x69, 0x70, 0x74, 0x6f, 0x72, 0x46, 0x6f, 0x72, 0x54, 0x79, 0x70
.byte 0x65, 0x40, 0x56, 0x50, 0x53, 0x63, 0x72, 0x65, 0x65, 0x6e, 0x53, 0x70, 0x61, 0x63, 0x65, 0x41
.byte 0x6d, 0x62, 0x69, 0x65, 0x6e, 0x74, 0x4f, 0x63, 0x63, 0x6c, 0x75, 0x73, 0x69, 0x6f, 0x6e, 0x40
.byte 0x50, 0x50, 0x6f, 0x73, 0x74, 0x50, 0x72, 0x6f, 0x63, 0x65, 0x73, 0x73, 0x69, 0x6e, 0x67, 0x40
.byte 0x50, 0x68, 0x79, 0x72, 0x65, 0x40, 0x40, 0x40, 0x50, 0x68, 0x79, 0x72, 0x65, 0x40, 0x40, 0x00
.globl _sym_00c69764
_sym_00c69764:
.long _sym_00b69fe8
.byte 0x00, 0x00, 0x00, 0x00, 0x2e, 0x3f, 0x41, 0x56, 0x50, 0x56, 0x6f, 0x6c, 0x75, 0x6d, 0x65, 0x74
.byte 0x72, 0x69, 0x63, 0x4c, 0x69, 0x67, 0x68, 0x74, 0x42, 0x61, 0x73, 0x65, 0x40, 0x50, 0x50, 0x6f
.byte 0x73, 0x74, 0x50, 0x72, 0x6f, 0x63, 0x65, 0x73, 0x73, 0x69, 0x6e, 0x67, 0x40, 0x50, 0x68, 0x79
.byte 0x72, 0x65, 0x40, 0x40, 0x00, 0x00, 0x00, 0x00
.globl _sym_00c697a0
_sym_00c697a0:
.long _sym_00b69fe8
.byte 0x00, 0x00, 0x00, 0x00, 0x2e, 0x3f, 0x41, 0x56, 0x50, 0x56, 0x6f, 0x6c, 0x75, 0x6d, 0x65, 0x74
.byte 0x72, 0x69, 0x63, 0x4c, 0x69, 0x67, 0x68, 0x74, 0x44, 0x33, 0x44, 0x31, 0x31, 0x40, 0x50, 0x50
.byte 0x6f, 0x73, 0x74, 0x50, 0x72, 0x6f, 0x63, 0x65, 0x73, 0x73, 0x69, 0x6e, 0x67, 0x40, 0x50, 0x68
.byte 0x79, 0x72, 0x65, 0x40, 0x40, 0x00, 0x00, 0x00
.globl _sym_00c697dc
_sym_00c697dc:
.long _sym_00b69fe8
.byte 0x00, 0x00, 0x00, 0x00, 0x2e, 0x3f, 0x41, 0x56, 0x50, 0x4d, 0x4c, 0x41, 0x41, 0x42, 0x61, 0x73
.byte 0x65, 0x40, 0x50, 0x50, 0x6f, 0x73, 0x74, 0x50, 0x72, 0x6f, 0x63, 0x65, 0x73, 0x73, 0x69, 0x6e
.byte 0x67, 0x40, 0x50, 0x68, 0x79, 0x72, 0x65, 0x40, 0x40, 0x00, 0x00, 0x00, 0x00, 0x00, 0x00, 0x00
.globl _sym_00c69810
_sym_00c69810:
.long _sym_00b69fe8
.byte 0x00, 0x00, 0x00, 0x00, 0x2e, 0x3f, 0x41, 0x56, 0x3f, 0x24, 0x50, 0x43, 0x6c, 0x61, 0x73, 0x73
.byte 0x44, 0x65, 0x73, 0x63, 0x72, 0x69, 0x70, 0x74, 0x6f, 0x72, 0x43, 0x6f, 0x6e, 0x63, 0x72, 0x65
.byte 0x74, 0x65, 0x40, 0x56, 0x50, 0x4d, 0x4c, 0x41, 0x41, 0x42, 0x61, 0x73, 0x65, 0x40, 0x50, 0x50
.byte 0x6f, 0x73, 0x74, 0x50, 0x72, 0x6f, 0x63, 0x65, 0x73, 0x73, 0x69, 0x6e, 0x67, 0x40, 0x50, 0x68
.byte 0x79, 0x72, 0x65, 0x40, 0x40, 0x40, 0x50, 0x68, 0x79, 0x72, 0x65, 0x40, 0x40, 0x00, 0x00, 0x00
.byte 0x00, 0x00, 0x00, 0x00
.globl _sym_00c69868
_sym_00c69868:
.long _sym_00b69fe8
.byte 0x00, 0x00, 0x00, 0x00, 0x2e, 0x3f, 0x41, 0x56, 0x3f, 0x24, 0x50, 0x43, 0x6c, 0x61, 0x73, 0x73
.byte 0x44, 0x65, 0x73, 0x63, 0x72, 0x69, 0x70, 0x74, 0x6f, 0x72, 0x41, 0x62, 0x73, 0x74, 0x72, 0x61
.byte 0x63, 0x74, 0x40, 0x56, 0x50, 0x4d, 0x4c, 0x41, 0x41, 0x42, 0x61, 0x73, 0x65, 0x40, 0x50, 0x50
.byte 0x6f, 0x73, 0x74, 0x50, 0x72, 0x6f, 0x63, 0x65, 0x73, 0x73, 0x69, 0x6e, 0x67, 0x40, 0x50, 0x68
.byte 0x79, 0x72, 0x65, 0x40, 0x40, 0x40, 0x50, 0x68, 0x79, 0x72, 0x65, 0x40, 0x40, 0x00, 0x00, 0x00
.byte 0x00, 0x00, 0x00, 0x00
.globl _sym_00c698c0
_sym_00c698c0:
.long _sym_00b69fe8
.byte 0x00, 0x00, 0x00, 0x00, 0x2e, 0x3f, 0x41, 0x56, 0x3f, 0x24, 0x50, 0x43, 0x6c, 0x61, 0x73, 0x73
.byte 0x44, 0x65, 0x73, 0x63, 0x72, 0x69, 0x70, 0x74, 0x6f, 0x72, 0x46, 0x6f, 0x72, 0x54, 0x79, 0x70
.byte 0x65, 0x40, 0x56, 0x50, 0x4d, 0x4c, 0x41, 0x41, 0x42, 0x61, 0x73, 0x65, 0x40, 0x50, 0x50, 0x6f
.byte 0x73, 0x74, 0x50, 0x72, 0x6f, 0x63, 0x65, 0x73, 0x73, 0x69, 0x6e, 0x67, 0x40, 0x50, 0x68, 0x79
.byte 0x72, 0x65, 0x40, 0x40, 0x40, 0x50, 0x68, 0x79, 0x72, 0x65, 0x40, 0x40, 0x00, 0x00, 0x00, 0x00
.globl _sym_00c69914
_sym_00c69914:
.long _sym_00b69fe8
.byte 0x00, 0x00, 0x00, 0x00, 0x2e, 0x3f, 0x41, 0x56, 0x50, 0x4d, 0x4c, 0x41, 0x41, 0x44, 0x33, 0x44
.byte 0x31, 0x31, 0x40, 0x50, 0x50, 0x6f, 0x73, 0x74, 0x50, 0x72, 0x6f, 0x63, 0x65, 0x73, 0x73, 0x69
.byte 0x6e, 0x67, 0x40, 0x50, 0x68, 0x79, 0x72, 0x65, 0x40, 0x40, 0x00, 0x00, 0x00, 0x00, 0x00, 0x00
.globl _sym_00c69948
_sym_00c69948:
.long _sym_00b69fe8
.byte 0x00, 0x00, 0x00, 0x00, 0x2e, 0x3f, 0x41, 0x56, 0x3f, 0x24, 0x50, 0x43, 0x6c, 0x61, 0x73, 0x73
.byte 0x44, 0x65, 0x73, 0x63, 0x72, 0x69, 0x70, 0x74, 0x6f, 0x72, 0x43, 0x6f, 0x6e, 0x63, 0x72, 0x65
.byte 0x74, 0x65, 0x40, 0x56, 0x50, 0x4d, 0x4c, 0x41, 0x41, 0x44, 0x33, 0x44, 0x31, 0x31, 0x40, 0x50
.byte 0x50, 0x6f, 0x73, 0x74, 0x50, 0x72, 0x6f, 0x63, 0x65, 0x73, 0x73, 0x69, 0x6e, 0x67, 0x40, 0x50
.byte 0x68, 0x79, 0x72, 0x65, 0x40, 0x40, 0x40, 0x50, 0x68, 0x79, 0x72, 0x65, 0x40, 0x40, 0x00, 0x00
.byte 0x00, 0x00, 0x00, 0x00
.globl _sym_00c699a0
_sym_00c699a0:
.long _sym_00b69fe8
.byte 0x00, 0x00, 0x00, 0x00, 0x2e, 0x3f, 0x41, 0x56, 0x3f, 0x24, 0x50, 0x43, 0x6c, 0x61, 0x73, 0x73
.byte 0x44, 0x65, 0x73, 0x63, 0x72, 0x69, 0x70, 0x74, 0x6f, 0x72, 0x41, 0x62, 0x73, 0x74, 0x72, 0x61
.byte 0x63, 0x74, 0x40, 0x56, 0x50, 0x4d, 0x4c, 0x41, 0x41, 0x44, 0x33, 0x44, 0x31, 0x31, 0x40, 0x50
.byte 0x50, 0x6f, 0x73, 0x74, 0x50, 0x72, 0x6f, 0x63, 0x65, 0x73, 0x73, 0x69, 0x6e, 0x67, 0x40, 0x50
.byte 0x68, 0x79, 0x72, 0x65, 0x40, 0x40, 0x40, 0x50, 0x68, 0x79, 0x72, 0x65, 0x40, 0x40, 0x00, 0x00
.byte 0x00, 0x00, 0x00, 0x00
.globl _sym_00c699f8
_sym_00c699f8:
.long _sym_00b69fe8
.byte 0x00, 0x00, 0x00, 0x00, 0x2e, 0x3f, 0x41, 0x56, 0x3f, 0x24, 0x50, 0x43, 0x6c, 0x61, 0x73, 0x73
.byte 0x44, 0x65, 0x73, 0x63, 0x72, 0x69, 0x70, 0x74, 0x6f, 0x72, 0x46, 0x6f, 0x72, 0x54, 0x79, 0x70
.byte 0x65, 0x40, 0x56, 0x50, 0x4d, 0x4c, 0x41, 0x41, 0x44, 0x33, 0x44, 0x31, 0x31, 0x40, 0x50, 0x50
.byte 0x6f, 0x73, 0x74, 0x50, 0x72, 0x6f, 0x63, 0x65, 0x73, 0x73, 0x69, 0x6e, 0x67, 0x40, 0x50, 0x68
.byte 0x79, 0x72, 0x65, 0x40, 0x40, 0x40, 0x50, 0x68, 0x79, 0x72, 0x65, 0x40, 0x40, 0x00, 0x00, 0x00
.globl _sym_00c69a4c
_sym_00c69a4c:
.long _sym_00b69fe8
.byte 0x00, 0x00, 0x00, 0x00, 0x2e, 0x3f, 0x41, 0x56, 0x50, 0x4d, 0x4c, 0x41, 0x41, 0x40, 0x50, 0x50
.byte 0x6f, 0x73, 0x74, 0x50, 0x72, 0x6f, 0x63, 0x65, 0x73, 0x73, 0x69, 0x6e, 0x67, 0x40, 0x50, 0x68
.byte 0x79, 0x72, 0x65, 0x40, 0x40, 0x00, 0x00, 0x00
.globl _sym_00c69a78
_sym_00c69a78:
.long _sym_00b69fe8
.byte 0x00, 0x00, 0x00, 0x00, 0x2e, 0x3f, 0x41, 0x56, 0x3f, 0x24, 0x50, 0x43, 0x6c, 0x61, 0x73, 0x73
.byte 0x44, 0x65, 0x73, 0x63, 0x72, 0x69, 0x70, 0x74, 0x6f, 0x72, 0x43, 0x6f, 0x6e, 0x63, 0x72, 0x65
.byte 0x74, 0x65, 0x40, 0x56, 0x50, 0x4d, 0x4c, 0x41, 0x41, 0x40, 0x50, 0x50, 0x6f, 0x73, 0x74, 0x50
.byte 0x72, 0x6f, 0x63, 0x65, 0x73, 0x73, 0x69, 0x6e, 0x67, 0x40, 0x50, 0x68, 0x79, 0x72, 0x65, 0x40
.byte 0x40, 0x40, 0x50, 0x68, 0x79, 0x72, 0x65, 0x40, 0x40, 0x00, 0x00, 0x00
.globl _sym_00c69ac8
_sym_00c69ac8:
.long _sym_00b69fe8
.byte 0x00, 0x00, 0x00, 0x00, 0x2e, 0x3f, 0x41, 0x56, 0x3f, 0x24, 0x50, 0x43, 0x6c, 0x61, 0x73, 0x73
.byte 0x44, 0x65, 0x73, 0x63, 0x72, 0x69, 0x70, 0x74, 0x6f, 0x72, 0x41, 0x62, 0x73, 0x74, 0x72, 0x61
.byte 0x63, 0x74, 0x40, 0x56, 0x50, 0x4d, 0x4c, 0x41, 0x41, 0x40, 0x50, 0x50, 0x6f, 0x73, 0x74, 0x50
.byte 0x72, 0x6f, 0x63, 0x65, 0x73, 0x73, 0x69, 0x6e, 0x67, 0x40, 0x50, 0x68, 0x79, 0x72, 0x65, 0x40
.byte 0x40, 0x40, 0x50, 0x68, 0x79, 0x72, 0x65, 0x40, 0x40, 0x00, 0x00, 0x00
.globl _sym_00c69b18
_sym_00c69b18:
.long _sym_00b69fe8
.byte 0x00, 0x00, 0x00, 0x00, 0x2e, 0x3f, 0x41, 0x56, 0x3f, 0x24, 0x50, 0x43, 0x6c, 0x61, 0x73, 0x73
.byte 0x44, 0x65, 0x73, 0x63, 0x72, 0x69, 0x70, 0x74, 0x6f, 0x72, 0x46, 0x6f, 0x72, 0x54, 0x79, 0x70
.byte 0x65, 0x40, 0x56, 0x50, 0x4d, 0x4c, 0x41, 0x41, 0x40, 0x50, 0x50, 0x6f, 0x73, 0x74, 0x50, 0x72
.byte 0x6f, 0x63, 0x65, 0x73, 0x73, 0x69, 0x6e, 0x67, 0x40, 0x50, 0x68, 0x79, 0x72, 0x65, 0x40, 0x40
.byte 0x40, 0x50, 0x68, 0x79, 0x72, 0x65, 0x40, 0x40, 0x00, 0x00, 0x00, 0x00
.globl _sym_00c69b68
_sym_00c69b68:
.long _sym_00b69fe8
.byte 0x00, 0x00, 0x00, 0x00, 0x2e, 0x3f, 0x41, 0x56, 0x50, 0x4d, 0x65, 0x73, 0x68, 0x50, 0x61, 0x72
.byte 0x74, 0x69, 0x63, 0x6c, 0x65, 0x53, 0x79, 0x73, 0x74, 0x65, 0x6d, 0x42, 0x61, 0x73, 0x65, 0x40
.byte 0x50, 0x50, 0x6f, 0x73, 0x74, 0x50, 0x72, 0x6f, 0x63, 0x65, 0x73, 0x73, 0x69, 0x6e, 0x67, 0x40
.byte 0x50, 0x68, 0x79, 0x72, 0x65, 0x40, 0x40, 0x00, 0x00, 0x00, 0x00, 0x00
.globl _sym_00c69ba8
_sym_00c69ba8:
.long _sym_00b69fe8
.byte 0x00, 0x00, 0x00, 0x00, 0x2e, 0x3f, 0x41, 0x56, 0x3f, 0x24, 0x50, 0x43, 0x6c, 0x61, 0x73, 0x73
.byte 0x44, 0x65, 0x73, 0x63, 0x72, 0x69, 0x70, 0x74, 0x6f, 0x72, 0x43, 0x6f, 0x6e, 0x63, 0x72, 0x65
.byte 0x74, 0x65, 0x40, 0x56, 0x50, 0x4d, 0x65, 0x73, 0x68, 0x50, 0x61, 0x72, 0x74, 0x69, 0x63, 0x6c
.byte 0x65, 0x53, 0x79, 0x73, 0x74, 0x65, 0x6d, 0x42, 0x61, 0x73, 0x65, 0x40, 0x50, 0x50, 0x6f, 0x73
.byte 0x74, 0x50, 0x72, 0x6f, 0x63, 0x65, 0x73, 0x73, 0x69, 0x6e, 0x67, 0x40, 0x50, 0x68, 0x79, 0x72
.byte 0x65, 0x40, 0x40, 0x40, 0x50, 0x68, 0x79, 0x72, 0x65, 0x40, 0x40, 0x00
.globl _sym_00c69c08
_sym_00c69c08:
.long _sym_00b69fe8
.byte 0x00, 0x00, 0x00, 0x00, 0x2e, 0x3f, 0x41, 0x56, 0x3f, 0x24, 0x50, 0x43, 0x6c, 0x61, 0x73, 0x73
.byte 0x44, 0x65, 0x73, 0x63, 0x72, 0x69, 0x70, 0x74, 0x6f, 0x72, 0x41, 0x62, 0x73, 0x74, 0x72, 0x61
.byte 0x63, 0x74, 0x40, 0x56, 0x50, 0x4d, 0x65, 0x73, 0x68, 0x50, 0x61, 0x72, 0x74, 0x69, 0x63, 0x6c
.byte 0x65, 0x53, 0x79, 0x73, 0x74, 0x65, 0x6d, 0x42, 0x61, 0x73, 0x65, 0x40, 0x50, 0x50, 0x6f, 0x73
.byte 0x74, 0x50, 0x72, 0x6f, 0x63, 0x65, 0x73, 0x73, 0x69, 0x6e, 0x67, 0x40, 0x50, 0x68, 0x79, 0x72
.byte 0x65, 0x40, 0x40, 0x40, 0x50, 0x68, 0x79, 0x72, 0x65, 0x40, 0x40, 0x00
.globl _sym_00c69c68
_sym_00c69c68:
.long _sym_00b69fe8
.byte 0x00, 0x00, 0x00, 0x00, 0x2e, 0x3f, 0x41, 0x56, 0x3f, 0x24, 0x50, 0x43, 0x6c, 0x61, 0x73, 0x73
.byte 0x44, 0x65, 0x73, 0x63, 0x72, 0x69, 0x70, 0x74, 0x6f, 0x72, 0x46, 0x6f, 0x72, 0x54, 0x79, 0x70
.byte 0x65, 0x40, 0x56, 0x50, 0x4d, 0x65, 0x73, 0x68, 0x50, 0x61, 0x72, 0x74, 0x69, 0x63, 0x6c, 0x65
.byte 0x53, 0x79, 0x73, 0x74, 0x65, 0x6d, 0x42, 0x61, 0x73, 0x65, 0x40, 0x50, 0x50, 0x6f, 0x73, 0x74
.byte 0x50, 0x72, 0x6f, 0x63, 0x65, 0x73, 0x73, 0x69, 0x6e, 0x67, 0x40, 0x50, 0x68, 0x79, 0x72, 0x65
.byte 0x40, 0x40, 0x40, 0x50, 0x68, 0x79, 0x72, 0x65, 0x40, 0x40, 0x00, 0x00
.globl _sym_00c69cc8
_sym_00c69cc8:
.long _sym_00b69fe8
.byte 0x00, 0x00, 0x00, 0x00, 0x2e, 0x3f, 0x41, 0x56, 0x50, 0x4d, 0x65, 0x73, 0x68, 0x50, 0x61, 0x72
.byte 0x74, 0x69, 0x63, 0x6c, 0x65, 0x53, 0x79, 0x73, 0x74, 0x65, 0x6d, 0x44, 0x33, 0x44, 0x31, 0x31
.byte 0x40, 0x50, 0x50, 0x6f, 0x73, 0x74, 0x50, 0x72, 0x6f, 0x63, 0x65, 0x73, 0x73, 0x69, 0x6e, 0x67
.byte 0x40, 0x50, 0x68, 0x79, 0x72, 0x65, 0x40, 0x40, 0x00, 0x00, 0x00, 0x00
.globl _sym_00c69d08
_sym_00c69d08:
.long _sym_00b69fe8
.byte 0x00, 0x00, 0x00, 0x00, 0x2e, 0x3f, 0x41, 0x56, 0x50, 0x47, 0x6c, 0x6f, 0x77, 0x42, 0x61, 0x73
.byte 0x65, 0x40, 0x50, 0x50, 0x6f, 0x73, 0x74, 0x50, 0x72, 0x6f, 0x63, 0x65, 0x73, 0x73, 0x69, 0x6e
.byte 0x67, 0x40, 0x50, 0x68, 0x79, 0x72, 0x65, 0x40, 0x40, 0x00, 0x00, 0x00
.globl _sym_00c69d38
_sym_00c69d38:
.long _sym_00b69fe8
.byte 0x00, 0x00, 0x00, 0x00, 0x2e, 0x3f, 0x41, 0x56, 0x3f, 0x24, 0x50, 0x43, 0x6c, 0x61, 0x73, 0x73
.byte 0x44, 0x65, 0x73, 0x63, 0x72, 0x69, 0x70, 0x74, 0x6f, 0x72, 0x43, 0x6f, 0x6e, 0x63, 0x72, 0x65
.byte 0x74, 0x65, 0x40, 0x56, 0x50, 0x47, 0x6c, 0x6f, 0x77, 0x42, 0x61, 0x73, 0x65, 0x40, 0x50, 0x50
.byte 0x6f, 0x73, 0x74, 0x50, 0x72, 0x6f, 0x63, 0x65, 0x73, 0x73, 0x69, 0x6e, 0x67, 0x40, 0x50, 0x68
.byte 0x79, 0x72, 0x65, 0x40, 0x40, 0x40, 0x50, 0x68, 0x79, 0x72, 0x65, 0x40, 0x40, 0x00, 0x00, 0x00
.byte 0x00, 0x00, 0x00, 0x00
.globl _sym_00c69d90
_sym_00c69d90:
.long _sym_00b69fe8
.byte 0x00, 0x00, 0x00, 0x00, 0x2e, 0x3f, 0x41, 0x56, 0x3f, 0x24, 0x50, 0x43, 0x6c, 0x61, 0x73, 0x73
.byte 0x44, 0x65, 0x73, 0x63, 0x72, 0x69, 0x70, 0x74, 0x6f, 0x72, 0x41, 0x62, 0x73, 0x74, 0x72, 0x61
.byte 0x63, 0x74, 0x40, 0x56, 0x50, 0x47, 0x6c, 0x6f, 0x77, 0x42, 0x61, 0x73, 0x65, 0x40, 0x50, 0x50
.byte 0x6f, 0x73, 0x74, 0x50, 0x72, 0x6f, 0x63, 0x65, 0x73, 0x73, 0x69, 0x6e, 0x67, 0x40, 0x50, 0x68
.byte 0x79, 0x72, 0x65, 0x40, 0x40, 0x40, 0x50, 0x68, 0x79, 0x72, 0x65, 0x40, 0x40, 0x00, 0x00, 0x00
.byte 0x00, 0x00, 0x00, 0x00
.globl _sym_00c69de8
_sym_00c69de8:
.long _sym_00b69fe8
.byte 0x00, 0x00, 0x00, 0x00, 0x2e, 0x3f, 0x41, 0x56, 0x3f, 0x24, 0x50, 0x43, 0x6c, 0x61, 0x73, 0x73
.byte 0x44, 0x65, 0x73, 0x63, 0x72, 0x69, 0x70, 0x74, 0x6f, 0x72, 0x46, 0x6f, 0x72, 0x54, 0x79, 0x70
.byte 0x65, 0x40, 0x56, 0x50, 0x47, 0x6c, 0x6f, 0x77, 0x42, 0x61, 0x73, 0x65, 0x40, 0x50, 0x50, 0x6f
.byte 0x73, 0x74, 0x50, 0x72, 0x6f, 0x63, 0x65, 0x73, 0x73, 0x69, 0x6e, 0x67, 0x40, 0x50, 0x68, 0x79
.byte 0x72, 0x65, 0x40, 0x40, 0x40, 0x50, 0x68, 0x79, 0x72, 0x65, 0x40, 0x40, 0x00, 0x00, 0x00, 0x00
.globl _sym_00c69e3c
_sym_00c69e3c:
.long _sym_00b69fe8
.byte 0x00, 0x00, 0x00, 0x00, 0x2e, 0x3f, 0x41, 0x56, 0x50, 0x47, 0x6c, 0x6f, 0x77, 0x47, 0x50, 0x55
.byte 0x42, 0x61, 0x73, 0x65, 0x40, 0x50, 0x50, 0x6f, 0x73, 0x74, 0x50, 0x72, 0x6f, 0x63, 0x65, 0x73
.byte 0x73, 0x69, 0x6e, 0x67, 0x40, 0x50, 0x68, 0x79, 0x72, 0x65, 0x40, 0x40, 0x00, 0x00, 0x00, 0x00
.globl _sym_00c69e70
_sym_00c69e70:
.long _sym_00b69fe8
.byte 0x00, 0x00, 0x00, 0x00, 0x2e, 0x3f, 0x41, 0x56, 0x3f, 0x24, 0x50, 0x43, 0x6c, 0x61, 0x73, 0x73
.byte 0x44, 0x65, 0x73, 0x63, 0x72, 0x69, 0x70, 0x74, 0x6f, 0x72, 0x43, 0x6f, 0x6e, 0x63, 0x72, 0x65
.byte 0x74, 0x65, 0x40, 0x56, 0x50, 0x47, 0x6c, 0x6f, 0x77, 0x47, 0x50, 0x55, 0x42, 0x61, 0x73, 0x65
.byte 0x40, 0x50, 0x50, 0x6f, 0x73, 0x74, 0x50, 0x72, 0x6f, 0x63, 0x65, 0x73, 0x73, 0x69, 0x6e, 0x67
.byte 0x40, 0x50, 0x68, 0x79, 0x72, 0x65, 0x40, 0x40, 0x40, 0x50, 0x68, 0x79, 0x72, 0x65, 0x40, 0x40
.byte 0x00, 0x00, 0x00, 0x00
.globl _sym_00c69ec8
_sym_00c69ec8:
.long _sym_00b69fe8
.byte 0x00, 0x00, 0x00, 0x00, 0x2e, 0x3f, 0x41, 0x56, 0x3f, 0x24, 0x50, 0x43, 0x6c, 0x61, 0x73, 0x73
.byte 0x44, 0x65, 0x73, 0x63, 0x72, 0x69, 0x70, 0x74, 0x6f, 0x72, 0x41, 0x62, 0x73, 0x74, 0x72, 0x61
.byte 0x63, 0x74, 0x40, 0x56, 0x50, 0x47, 0x6c, 0x6f, 0x77, 0x47, 0x50, 0x55, 0x42, 0x61, 0x73, 0x65
.byte 0x40, 0x50, 0x50, 0x6f, 0x73, 0x74, 0x50, 0x72, 0x6f, 0x63, 0x65, 0x73, 0x73, 0x69, 0x6e, 0x67
.byte 0x40, 0x50, 0x68, 0x79, 0x72, 0x65, 0x40, 0x40, 0x40, 0x50, 0x68, 0x79, 0x72, 0x65, 0x40, 0x40
.byte 0x00, 0x00, 0x00, 0x00
.globl _sym_00c69f20
_sym_00c69f20:
.long _sym_00b69fe8
.byte 0x00, 0x00, 0x00, 0x00, 0x2e, 0x3f, 0x41, 0x56, 0x3f, 0x24, 0x50, 0x43, 0x6c, 0x61, 0x73, 0x73
.byte 0x44, 0x65, 0x73, 0x63, 0x72, 0x69, 0x70, 0x74, 0x6f, 0x72, 0x46, 0x6f, 0x72, 0x54, 0x79, 0x70
.byte 0x65, 0x40, 0x56, 0x50, 0x47, 0x6c, 0x6f, 0x77, 0x47, 0x50, 0x55, 0x42, 0x61, 0x73, 0x65, 0x40
.byte 0x50, 0x50, 0x6f, 0x73, 0x74, 0x50, 0x72, 0x6f, 0x63, 0x65, 0x73, 0x73, 0x69, 0x6e, 0x67, 0x40
.byte 0x50, 0x68, 0x79, 0x72, 0x65, 0x40, 0x40, 0x40, 0x50, 0x68, 0x79, 0x72, 0x65, 0x40, 0x40, 0x00
.globl _sym_00c69f74
_sym_00c69f74:
.long _sym_00b69fe8
.byte 0x00, 0x00, 0x00, 0x00, 0x2e, 0x3f, 0x41, 0x56, 0x50, 0x47, 0x6c, 0x6f, 0x77, 0x44, 0x33, 0x44
.byte 0x31, 0x31, 0x40, 0x50, 0x50, 0x6f, 0x73, 0x74, 0x50, 0x72, 0x6f, 0x63, 0x65, 0x73, 0x73, 0x69
.byte 0x6e, 0x67, 0x40, 0x50, 0x68, 0x79, 0x72, 0x65, 0x40, 0x40, 0x00, 0x00, 0x00, 0x00, 0x00, 0x00
.globl _sym_00c69fa8
_sym_00c69fa8:
.long _sym_00b69fe8
.byte 0x00, 0x00, 0x00, 0x00, 0x2e, 0x3f, 0x41, 0x56, 0x3f, 0x24, 0x50, 0x43, 0x6c, 0x61, 0x73, 0x73
.byte 0x44, 0x65, 0x73, 0x63, 0x72, 0x69, 0x70, 0x74, 0x6f, 0x72, 0x43, 0x6f, 0x6e, 0x63, 0x72, 0x65
.byte 0x74, 0x65, 0x40, 0x56, 0x50, 0x47, 0x6c, 0x6f, 0x77, 0x44, 0x33, 0x44, 0x31, 0x31, 0x40, 0x50
.byte 0x50, 0x6f, 0x73, 0x74, 0x50, 0x72, 0x6f, 0x63, 0x65, 0x73, 0x73, 0x69, 0x6e, 0x67, 0x40, 0x50
.byte 0x68, 0x79, 0x72, 0x65, 0x40, 0x40, 0x40, 0x50, 0x68, 0x79, 0x72, 0x65, 0x40, 0x40, 0x00, 0x00
.byte 0x00, 0x00, 0x00, 0x00
