.code32
.section d21e9000,"dw"
.byte 0xac, 0xac, 0xac, 0xff, 0xac, 0xac, 0xac, 0xff, 0xac, 0xac, 0xac, 0xff, 0xac, 0xac, 0xac, 0xff
.byte 0xac, 0xac, 0xac, 0xff, 0xac, 0xac, 0xac, 0xff, 0xac, 0xac, 0xac, 0xff, 0xac, 0xac, 0xac, 0xff
.byte 0xac, 0xac, 0xac, 0xff, 0xac, 0xac, 0xac, 0xff, 0xac, 0xaa, 0xab, 0xff, 0xac, 0xab, 0xac, 0xff
.byte 0xa9, 0xa5, 0xa8, 0xff, 0xac, 0xac, 0xac, 0xff, 0x8c, 0x72, 0x8d, 0xff, 0xa2, 0x9d, 0xa4, 0xff
.byte 0xae, 0xae, 0xad, 0xff, 0x8d, 0x7e, 0x95, 0xff, 0x83, 0x72, 0x90, 0xff, 0x83, 0x78, 0x92, 0xff
.byte 0xa5, 0xa3, 0xa8, 0xff, 0xad, 0xad, 0xae, 0xff, 0xaf, 0xaf, 0xae, 0xff, 0x86, 0x84, 0x9a, 0xff
.byte 0x77, 0x77, 0x94, 0xff, 0x87, 0x89, 0x9c, 0xff, 0x98, 0x9a, 0xa4, 0xff, 0x9c, 0x9e, 0xa6, 0xff
.byte 0xa9, 0xa9, 0xab, 0xff, 0xb1, 0xb1, 0xb0, 0xff, 0xb5, 0xb5, 0xb5, 0xff, 0xb0, 0xaf, 0xae, 0xff
.byte 0xa6, 0xa8, 0xab, 0xff, 0x8e, 0x99, 0xa6, 0xff, 0x75, 0x89, 0xa0, 0xff, 0x64, 0x82, 0x9e, 0xff
.byte 0x6d, 0x88, 0xa1, 0xff, 0x8f, 0x9d, 0xa8, 0xff, 0xa8, 0xa9, 0xab, 0xff, 0xb1, 0xb0, 0xb0, 0xff
.byte 0xab, 0xac, 0xac, 0xff, 0xad, 0xad, 0xad, 0xff, 0xa0, 0xa7, 0xab, 0xff, 0x97, 0xa3, 0xa9, 0xff
.byte 0xa0, 0xa8, 0xab, 0xff, 0xa6, 0xaa, 0xac, 0xff, 0x7d, 0x98, 0xa8, 0xff, 0x61, 0x8d, 0xa5, 0xff
.byte 0x5f, 0x8c, 0xa5, 0xff, 0x5e, 0x8d, 0xa5, 0xff, 0x5e, 0x8d, 0xa5, 0xff, 0x5e, 0x8c, 0xa5, 0xff
.byte 0x5b, 0x8b, 0xa5, 0xff, 0x60, 0x8e, 0xa5, 0xff, 0x5e, 0x8d, 0xa5, 0xff, 0x5e, 0x8d, 0xa5, 0xff
.byte 0x5e, 0x8d, 0xa5, 0xff, 0x5e, 0x8c, 0xa5, 0xff, 0x60, 0x8d, 0xa5, 0xff, 0x61, 0x8c, 0xa5, 0xff
.byte 0x61, 0x8b, 0xa3, 0xff, 0x62, 0x8c, 0xa3, 0xff, 0x81, 0x98, 0xa7, 0xff, 0x76, 0x92, 0xa5, 0xff
.byte 0x94, 0xa0, 0xa9, 0xff, 0xad, 0xad, 0xad, 0xff, 0xac, 0xac, 0xac, 0xff, 0xac, 0xac, 0xac, 0xff
.byte 0xac, 0xac, 0xac, 0xff, 0xac, 0xac, 0xac, 0xff, 0xac, 0xac, 0xac, 0xff, 0xac, 0xac, 0xac, 0xff
.byte 0xac, 0xac, 0xac, 0xff, 0xa9, 0xa9, 0xa9, 0xff, 0xdd, 0xdd, 0xdd, 0xff, 0xff, 0xff, 0xff, 0xff
.byte 0xfd, 0xfd, 0xfd, 0xff, 0xe0, 0xe0, 0xe0, 0xff, 0x95, 0x95, 0x95, 0xfe, 0x5c, 0x5c, 0x5c, 0xe9
.byte 0x4b, 0x4b, 0x4b, 0x80, 0x48, 0x48, 0x48, 0x15, 0x47, 0x47, 0x47, 0x15, 0x4c, 0x4c, 0x4c, 0x7f
.byte 0x5b, 0x5b, 0x5b, 0xea, 0x95, 0x95, 0x95, 0xfe, 0xe0, 0xe0, 0xe0, 0xff, 0xfd, 0xfd, 0xfd, 0xff
.byte 0xff, 0xff, 0xff, 0xff, 0xff, 0xff, 0xff, 0xff, 0xff, 0xff, 0xff, 0xff, 0xff, 0xff, 0xff, 0xff
.byte 0xff, 0xff, 0xff, 0xff, 0xff, 0xff, 0xff, 0xff, 0xff, 0xff, 0xff, 0xff, 0xfe, 0xfe, 0xfe, 0xff
.byte 0xe2, 0xb1, 0x52, 0xff, 0xfe, 0xfd, 0xfa, 0xff, 0xfe, 0xfe, 0xfd, 0xff, 0xfe, 0xfe, 0xfd, 0xff
.byte 0xfe, 0xfe, 0xfe, 0xff, 0xf7, 0xe8, 0xcb, 0xff, 0xdc, 0x9e, 0x28, 0xff, 0xf0, 0xd5, 0xa2, 0xff
.byte 0xe3, 0xb4, 0x56, 0xff, 0xe0, 0xaa, 0x42, 0xff, 0xe0, 0xab, 0x45, 0xff, 0xff, 0xff, 0xff, 0xff
.byte 0xf4, 0xe3, 0xc0, 0xff, 0xde, 0xa3, 0x33, 0xff, 0xd9, 0x90, 0x07, 0xff, 0xae, 0x8a, 0x46, 0xff
.byte 0xa1, 0x7d, 0x3b, 0xff, 0xa1, 0x7f, 0x41, 0xff, 0xa8, 0x94, 0x6e, 0xff, 0x9f, 0x7a, 0x37, 0xff
.byte 0xa2, 0x7e, 0x43, 0xff, 0xa0, 0x7a, 0x3f, 0xff, 0xa1, 0x77, 0x3d, 0xff, 0xb3, 0xb3, 0xb2, 0xff
.byte 0xa8, 0x91, 0x72, 0xff, 0xb1, 0xad, 0xaa, 0xff, 0xb3, 0xb3, 0xb3, 0xff, 0xb3, 0xb3, 0xb3, 0xff
.byte 0xb3, 0xb3, 0xb3, 0xff, 0xb1, 0xb1, 0xb1, 0xff, 0xb2, 0xb2, 0xb2, 0xff, 0xb3, 0xb3, 0xb3, 0xff
.byte 0xb1, 0xb1, 0xb1, 0xff, 0xb2, 0xb2, 0xb2, 0xff, 0xb3, 0xb3, 0xb3, 0xff, 0xb2, 0xb2, 0xb2, 0xff
.byte 0xb1, 0xb1, 0xb1, 0xff, 0xb2, 0xb2, 0xb2, 0xff, 0xb1, 0xb1, 0xb1, 0xff, 0xb2, 0xb2, 0xb2, 0xff
.byte 0xb3, 0xb3, 0xb3, 0xff, 0xb3, 0xb3, 0xb3, 0xff, 0xb0, 0xb0, 0xb0, 0xff, 0xb3, 0xb3, 0xb3, 0xff
.byte 0xb0, 0xad, 0xb0, 0xff, 0xae, 0xa9, 0xaf, 0xff, 0xb3, 0xb3, 0xb3, 0xff, 0xb2, 0xb0, 0xb2, 0xff
.byte 0xb0, 0xae, 0xb2, 0xff, 0xae, 0xac, 0xaf, 0xff, 0x87, 0x7a, 0x97, 0xff, 0x89, 0x7f, 0x9a, 0xff
.byte 0x83, 0x7a, 0x97, 0xff, 0x82, 0x7d, 0x99, 0xff, 0x8a, 0x88, 0xa1, 0xff, 0xb2, 0xb2, 0xb3, 0xff
.byte 0xad, 0xad, 0xb1, 0xff, 0xa0, 0xa2, 0xac, 0xff, 0xa0, 0xa2, 0xad, 0xff, 0xb2, 0xb2, 0xb2, 0xff
.byte 0xb8, 0xb8, 0xb8, 0xff, 0xb8, 0xb8, 0xb8, 0xff, 0xb4, 0xb3, 0xb3, 0xff, 0xac, 0xaf, 0xb1, 0xff
.byte 0xad, 0xb0, 0xb1, 0xff, 0xaf, 0xb2, 0xb2, 0xff, 0xb0, 0xb0, 0xb0, 0xff, 0xb0, 0xb0, 0xb1, 0xff
.byte 0xb1, 0xb1, 0xb2, 0xff, 0xaf, 0xb0, 0xb1, 0xff, 0xb1, 0xb2, 0xb2, 0xff, 0xb2, 0xb2, 0xb2, 0xff
.byte 0xb1, 0xb1, 0xb1, 0xff, 0xb2, 0xb2, 0xb2, 0xff, 0xb3, 0xb3, 0xb3, 0xff, 0xb2, 0xb2, 0xb2, 0xff
.byte 0xb2, 0xb2, 0xb2, 0xff, 0xb0, 0xb0, 0xb0, 0xff, 0xb0, 0xb1, 0xb2, 0xff, 0xac, 0xaf, 0xb0, 0xff
.byte 0x74, 0x9c, 0xb0, 0xff, 0x57, 0x92, 0xae, 0xff, 0x5c, 0x94, 0xae, 0xff, 0x5c, 0x94, 0xad, 0xff
.byte 0x57, 0x93, 0xae, 0xff, 0x57, 0x93, 0xae, 0xff, 0x5c, 0x93, 0xad, 0xff, 0x5c, 0x93, 0xad, 0xff
.byte 0x5e, 0x93, 0xad, 0xff, 0x5d, 0x92, 0xad, 0xff, 0x5b, 0x90, 0xac, 0xff, 0x5c, 0x90, 0xab, 0xff
.byte 0x5e, 0x90, 0xac, 0xff, 0x69, 0x94, 0xac, 0xff, 0x62, 0x90, 0xab, 0xff, 0x7f, 0x9e, 0xaf, 0xff
.byte 0x7d, 0x9b, 0xaf, 0xff, 0xba, 0xba, 0xba, 0xff, 0xb1, 0xb1, 0xb1, 0xff, 0xb2, 0xb2, 0xb2, 0xff
.byte 0xb3, 0xb3, 0xb3, 0xff, 0xb3, 0xb3, 0xb3, 0xff, 0xb3, 0xb3, 0xb3, 0xff, 0xb2, 0xb2, 0xb2, 0xff
.byte 0xb1, 0xb1, 0xb1, 0xff, 0xaf, 0xaf, 0xaf, 0xff, 0xdf, 0xdf, 0xdf, 0xff, 0xff, 0xff, 0xff, 0xff
.byte 0xfd, 0xfd, 0xfd, 0xff, 0xe0, 0xe0, 0xe0, 0xff, 0x95, 0x95, 0x95, 0xfe, 0x5c, 0x5c, 0x5c, 0xe9
.byte 0x4b, 0x4b, 0x4b, 0x80, 0x48, 0x48, 0x48, 0x15, 0x47, 0x47, 0x47, 0x15, 0x4c, 0x4c, 0x4c, 0x7f
.byte 0x5b, 0x5b, 0x5b, 0xea, 0x95, 0x95, 0x95, 0xfe, 0xe0, 0xe0, 0xe0, 0xff, 0xfd, 0xfd, 0xfd, 0xff
.byte 0xff, 0xff, 0xff, 0xff, 0xff, 0xff, 0xff, 0xff, 0xff, 0xff, 0xff, 0xff, 0xff, 0xff, 0xff, 0xff
.byte 0xff, 0xff, 0xff, 0xff, 0xff, 0xff, 0xff, 0xff, 0xff, 0xff, 0xff, 0xff, 0xec, 0xcc, 0x8e, 0xff
.byte 0xf4, 0xe0, 0xbb, 0xff, 0xfe, 0xfd, 0xfc, 0xff, 0xff, 0xff, 0xff, 0xff, 0xfb, 0xf5, 0xea, 0xff
.byte 0xe9, 0xc5, 0x7d, 0xff, 0xd8, 0x93, 0x0e, 0xff, 0xd5, 0x8b, 0x00, 0xff, 0xd8, 0x94, 0x0e, 0xff
.byte 0xe6, 0xb9, 0x63, 0xff, 0xf5, 0xe3, 0xc1, 0xff, 0xe0, 0xa9, 0x3f, 0xff, 0xe5, 0xb7, 0x60, 0xff
.byte 0xff, 0xff, 0xff, 0xff, 0xf8, 0xec, 0xd4, 0xff, 0xdf, 0xa7, 0x3b, 0xff, 0xd4, 0x8b, 0x04, 0xff
.byte 0xd7, 0x94, 0x16, 0xff, 0x96, 0x84, 0x61, 0xff, 0x8d, 0x83, 0x71, 0xff, 0x96, 0x83, 0x60, 0xff
.byte 0xd7, 0x8a, 0x0e, 0xff, 0xd4, 0x82, 0x05, 0xff, 0xe3, 0xae, 0x64, 0xff, 0xe6, 0xe6, 0xe6, 0xff
.byte 0x8e, 0x8f, 0x91, 0xff, 0x8a, 0x88, 0x85, 0xff, 0xf2, 0xf0, 0xed, 0xff, 0xf9, 0xf9, 0xf9, 0xff
.byte 0xde, 0xde, 0xde, 0xff, 0x88, 0x88, 0x88, 0xff, 0xb8, 0xb8, 0xb8, 0xff, 0xee, 0xee, 0xee, 0xff
.byte 0x8a, 0x8a, 0x8a, 0xff, 0xe3, 0xe3, 0xe3, 0xff, 0xfd, 0xfd, 0xfd, 0xff, 0xa3, 0xa3, 0xa3, 0xff
.byte 0x8c, 0x8c, 0x8c, 0xff, 0xac, 0xac, 0xac, 0xff, 0x94, 0x94, 0x94, 0xff, 0xa0, 0xa0, 0xa0, 0xff
.byte 0xfe, 0xfe, 0xfe, 0xff, 0xd8, 0xd8, 0xd8, 0xff, 0x8f, 0x8f, 0x8f, 0xff, 0x92, 0x92, 0x92, 0xff
.byte 0x92, 0x91, 0x91, 0xff, 0x92, 0x90, 0x92, 0xff, 0xed, 0xe6, 0xef, 0xff, 0xf7, 0xf6, 0xf7, 0xff
.byte 0xf5, 0xf3, 0xf7, 0xff, 0xf8, 0xf6, 0xfa, 0xff, 0xb2, 0xab, 0xba, 0xff, 0x70, 0x69, 0x7c, 0xff
.byte 0x6c, 0x67, 0x7a, 0xff, 0xa3, 0x9e, 0xc2, 0xff, 0x9d, 0x9a, 0xce, 0xff, 0xce, 0xcf, 0xea, 0xff
.byte 0xad, 0xad, 0xac, 0xff, 0x8f, 0x8f, 0x8f, 0xff, 0xbf, 0xbf, 0xbe, 0xff, 0x8d, 0x8d, 0x8e, 0xff
.byte 0x91, 0x93, 0x95, 0xff, 0xf5, 0xf6, 0xf9, 0xff, 0xe6, 0xe7, 0xea, 0xff, 0x86, 0x87, 0x88, 0xff
.byte 0xa2, 0xa2, 0xa3, 0xff, 0xf9, 0xf9, 0xf9, 0xff, 0x8c, 0x8c, 0x8c, 0xff, 0xd9, 0xd9, 0xd9, 0xff
.byte 0xf9, 0xf9, 0xfa, 0xff, 0xfc, 0xfc, 0xfc, 0xff, 0xff, 0xff, 0xff, 0xff, 0xac, 0xab, 0xab, 0xff
.byte 0x8d, 0x8e, 0x8e, 0xff, 0xd3, 0xd5, 0xd6, 0xff, 0xf6, 0xf9, 0xfa, 0xff, 0xfc, 0xfe, 0xfe, 0xff
.byte 0x9f, 0x9f, 0x9f, 0xff, 0x8d, 0x8d, 0x8d, 0xff, 0xc1, 0xc1, 0xc1, 0xff, 0x92, 0x92, 0x92, 0xff
.byte 0xac, 0xac, 0xac, 0xff, 0xe6, 0xf7, 0xfe, 0xff, 0x74, 0xcb, 0xf2, 0xff, 0x59, 0xc4, 0xf3, 0xff
.byte 0x52, 0x67, 0x70, 0xff, 0x47, 0x57, 0x5e, 0xff, 0x5e, 0xb1, 0xd6, 0xff, 0x3f, 0xba, 0xf1, 0xff
.byte 0x41, 0xb8, 0xef, 0xff, 0x58, 0xc0, 0xf1, 0xff, 0x67, 0x89, 0x99, 0xff, 0x57, 0x7b, 0x8d, 0xff
.byte 0x7d, 0xab, 0xc5, 0xff, 0x68, 0xab, 0xce, 0xff, 0x7c, 0xa5, 0xbb, 0xff, 0x97, 0xd4, 0xf6, 0xff
.byte 0xd5, 0xeb, 0xf8, 0xff, 0xa2, 0xa2, 0xa2, 0xff, 0x95, 0x95, 0x95, 0xff, 0xb1, 0xb1, 0xb1, 0xff
.byte 0xfe, 0xfe, 0xfe, 0xff, 0xfb, 0xfb, 0xfb, 0xff, 0xfb, 0xfb, 0xfb, 0xff, 0xd6, 0xd6, 0xd6, 0xff
.byte 0x8d, 0x8d, 0x8d, 0xff, 0x8b, 0x8b, 0x8b, 0xff, 0xd6, 0xd6, 0xd6, 0xff, 0xff, 0xff, 0xff, 0xff
.byte 0xfd, 0xfd, 0xfd, 0xff, 0xe0, 0xe0, 0xe0, 0xff, 0x95, 0x95, 0x95, 0xfe, 0x5c, 0x5c, 0x5c, 0xe9
.byte 0x4b, 0x4b, 0x4b, 0x80, 0x48, 0x48, 0x48, 0x15, 0x47, 0x47, 0x47, 0x15, 0x4c, 0x4c, 0x4c, 0x7f
.byte 0x5b, 0x5b, 0x5b, 0xea, 0x95, 0x95, 0x95, 0xfe, 0xe0, 0xe0, 0xe0, 0xff, 0xfd, 0xfd, 0xfd, 0xff
.byte 0xff, 0xff, 0xff, 0xff, 0xff, 0xff, 0xff, 0xff, 0xff, 0xff, 0xff, 0xff, 0xff, 0xff, 0xff, 0xff
.byte 0xff, 0xff, 0xff, 0xff, 0xfe, 0xfe, 0xfe, 0xff, 0xfd, 0xf9, 0xf3, 0xff, 0xe4, 0xb5, 0x5a, 0xff
.byte 0xff, 0xff, 0xff, 0xff, 0xfa, 0xf5, 0xe8, 0xff, 0xe3, 0xaf, 0x4e, 0xff, 0xd7, 0x8e, 0x03, 0xff
.byte 0xd6, 0x8c, 0x01, 0xff, 0xdb, 0x9d, 0x25, 0xff, 0xda, 0x9b, 0x1f, 0xff, 0xd7, 0x8f, 0x05, 0xff
.byte 0xd6, 0x8e, 0x03, 0xff, 0xdb, 0x9a, 0x1f, 0xff, 0xf8, 0xed, 0xd8, 0xff, 0xd9, 0x96, 0x14, 0xff
.byte 0xe7, 0xbe, 0x6d, 0xff, 0xff, 0xff, 0xff, 0xff, 0xef, 0xd2, 0x9b, 0xff, 0xe5, 0xb8, 0x63, 0xff
.byte 0xd7, 0x8b, 0x00, 0xff, 0x9b, 0x82, 0x51, 0xff, 0x01, 0x00, 0x00, 0xff, 0xb3, 0x97, 0x69, 0xff
.byte 0xd7, 0x86, 0x04, 0xff, 0xd9, 0x85, 0x08, 0xff, 0xfd, 0xfa, 0xf5, 0xff, 0xff, 0xff, 0xfc, 0xff
.byte 0x10, 0x0f, 0x0f, 0xff, 0x3f, 0x3f, 0x3f, 0xff, 0xff, 0xff, 0xff, 0xff, 0xfb, 0xf4, 0xef, 0xff
.byte 0xfb, 0xe2, 0xd4, 0xff, 0x08, 0x08, 0x08, 0xff, 0xc4, 0xc4, 0xc4, 0xff, 0xb6, 0xb6, 0xb6, 0xff
.byte 0x00, 0x00, 0x00, 0xff, 0xc6, 0xc6, 0xc6, 0xff, 0xfb, 0xfb, 0xfb, 0xff, 0xb0, 0xb0, 0xb0, 0xff
.byte 0x0a, 0x0a, 0x0a, 0xff, 0xf6, 0xf6, 0xf6, 0xff, 0x00, 0x00, 0x00, 0xff, 0xa6, 0xa6, 0xa6, 0xff
.byte 0xfc, 0xfc, 0xfc, 0xff, 0xff, 0xff, 0xff, 0xff, 0x01, 0x01, 0x01, 0xff, 0x22, 0x22, 0x22, 0xff
.byte 0x10, 0x10, 0x10, 0xff, 0x01, 0x01, 0x01, 0xff, 0xf9, 0xf6, 0xfa, 0xff, 0xf3, 0xee, 0xf5, 0xff
.byte 0xf0, 0xe9, 0xf4, 0xff, 0xb3, 0x9e, 0xcc, 0xff, 0xb3, 0xa1, 0xd1, 0xff, 0x0f, 0x0f, 0x0f, 0xff
.byte 0x2b, 0x2b, 0x2c, 0xff, 0xa3, 0x9f, 0xd8, 0xff, 0x8b, 0x8b, 0xcb, 0xff, 0x87, 0x8e, 0xcc, 0xff
.byte 0xa1, 0xa5, 0xc0, 0xff, 0x00, 0x00, 0x00, 0xff, 0xff, 0xff, 0xff, 0xff, 0x03, 0x03, 0x03, 0xff
.byte 0x73, 0x73, 0x73, 0xff, 0xff, 0xff, 0xff, 0xff, 0xff, 0xff, 0xff, 0xff, 0x27, 0x27, 0x27, 0xff
.byte 0x93, 0x93, 0x93, 0xff, 0xd6, 0xd6, 0xd6, 0xff, 0x01, 0x01, 0x00, 0xff, 0xa9, 0xaa, 0xaa, 0xff
.byte 0xd9, 0xed, 0xfa, 0xff, 0xa2, 0xd5, 0xf4, 0xff, 0xa3, 0xd7, 0xf4, 0xff, 0x88, 0x99, 0xa2, 0xff
.byte 0x00, 0x00, 0x00, 0xff, 0xad, 0xd5, 0xe9, 0xff, 0x5b, 0xc0, 0xf2, 0xff, 0x47, 0xbb, 0xf1, 0xff
.byte 0x6e, 0x91, 0xa3, 0xff, 0x18, 0x1b, 0x1c, 0xff, 0xff, 0xff, 0xff, 0xff, 0x00, 0x00, 0x00, 0xff
.byte 0x9d, 0x9e, 0x9e, 0xff, 0xfa, 0xfb, 0xfc, 0xff, 0xff, 0xff, 0xff, 0xff, 0x61, 0x64, 0x65, 0xff
.byte 0x16, 0x1a, 0x1b, 0xff, 0x2f, 0x32, 0x34, 0xff, 0x34, 0x35, 0x35, 0xff, 0x4e, 0xca, 0xfc, 0xff
.byte 0x3c, 0xbe, 0xf4, 0xff, 0x3e, 0xc3, 0xfa, 0xff, 0x59, 0x70, 0x7a, 0xff, 0x00, 0x00, 0x00, 0xff
.byte 0x7a, 0xcb, 0xf2, 0xff, 0x9d, 0x9a, 0x98, 0xff, 0x8b, 0x8d, 0x8e, 0xff, 0xb5, 0xcb, 0xd8, 0xff
.byte 0xcd, 0xe9, 0xf7, 0xff, 0xe8, 0xea, 0xeb, 0xff, 0x01, 0x02, 0x02, 0xff, 0x7a, 0x7a, 0x7a, 0xff
.byte 0xff, 0xff, 0xff, 0xff, 0xff, 0xff, 0xff, 0xff, 0xfc, 0xfc, 0xfc, 0xff, 0xe2, 0xe2, 0xe2, 0xff
.byte 0x00, 0x00, 0x00, 0xff, 0x6c, 0x6c, 0x6c, 0xff, 0xff, 0xff, 0xff, 0xff, 0xff, 0xff, 0xff, 0xff
.byte 0xfd, 0xfd, 0xfd, 0xff, 0xe0, 0xe0, 0xe0, 0xff, 0x95, 0x95, 0x95, 0xfe, 0x5c, 0x5c, 0x5c, 0xe9
.byte 0x4b, 0x4b, 0x4b, 0x80, 0x48, 0x48, 0x48, 0x15, 0x47, 0x47, 0x47, 0x15, 0x4c, 0x4c, 0x4c, 0x7f
.byte 0x5b, 0x5b, 0x5b, 0xea, 0x95, 0x95, 0x95, 0xfe, 0xe0, 0xe0, 0xe0, 0xff, 0xfd, 0xfd, 0xfd, 0xff
.byte 0xff, 0xff, 0xff, 0xff, 0xff, 0xff, 0xff, 0xff, 0xff, 0xff, 0xff, 0xff, 0xff, 0xff, 0xff, 0xff
.byte 0xff, 0xff, 0xff, 0xff, 0xff, 0xff, 0xff, 0xff, 0xfa, 0xf1, 0xe1, 0xff, 0xff, 0xff, 0xff, 0xff
.byte 0xea, 0xc7, 0x82, 0xff, 0xd6, 0x8e, 0x01, 0xff, 0xd5, 0x8d, 0x04, 0xff, 0xdc, 0x9f, 0x29, 0xff
.byte 0xf0, 0xd5, 0xa3, 0xff, 0xff, 0xff, 0xff, 0xff, 0xe5, 0xb9, 0x62, 0xff, 0xd6, 0x8d, 0x00, 0xff
.byte 0xea, 0xc4, 0x7b, 0xff, 0xd6, 0x8c, 0x00, 0xff, 0xf4, 0xe3, 0xc0, 0xff, 0xec, 0xcb, 0x8c, 0xff
.byte 0xd9, 0x96, 0x17, 0xff, 0xdf, 0xa6, 0x3a, 0xff, 0xff, 0xfe, 0xfd, 0xff, 0xe5, 0xb7, 0x61, 0xff
.byte 0xe1, 0xae, 0x4e, 0xff, 0xa4, 0x85, 0x4c, 0xff, 0x00, 0x00, 0x00, 0xff, 0xb8, 0x93, 0x58, 0xff
.byte 0xd8, 0x86, 0x04, 0xff, 0xdf, 0x97, 0x2d, 0xff, 0xef, 0xcf, 0xa3, 0xff, 0xff, 0xff, 0xff, 0xff
.byte 0x15, 0x15, 0x14, 0xff, 0x48, 0x47, 0x47, 0xff, 0xff, 0xff, 0xff, 0xff, 0xfd, 0xfc, 0xfc, 0xff
.byte 0xf3, 0xcc, 0xb9, 0xff, 0x12, 0x12, 0x12, 0xff, 0xce, 0xce, 0xce, 0xff, 0x82, 0x82, 0x82, 0xff
.byte 0x00, 0x00, 0x00, 0xff, 0xc7, 0xc7, 0xc7, 0xff, 0xfa, 0xfa, 0xfa, 0xff, 0xce, 0xce, 0xce, 0xff
.byte 0x03, 0x03, 0x03, 0xff, 0xed, 0xed, 0xed, 0xff, 0x00, 0x00, 0x00, 0xff, 0xc2, 0xc2, 0xc2, 0xff
.byte 0xfc, 0xfc, 0xfc, 0xff, 0xff, 0xff, 0xff, 0xff, 0x0a, 0x0a, 0x0a, 0xff, 0x4d, 0x4d, 0x4d, 0xff
.byte 0xc3, 0xc3, 0xc3, 0xff, 0x01, 0x01, 0x01, 0xff, 0xfa, 0xfb, 0xfa, 0xff, 0xfa, 0xf9, 0xfc, 0xff
.byte 0xf9, 0xf8, 0xfc, 0xff, 0xfd, 0xfc, 0xfd, 0xff, 0xf1, 0xef, 0xf7, 0xff, 0x16, 0x16, 0x16, 0xff
.byte 0x36, 0x36, 0x37, 0xff, 0x98, 0x96, 0xd3, 0xff, 0x89, 0x8e, 0xcd, 0xff, 0x85, 0x91, 0xce, 0xff
.byte 0xa2, 0xae, 0xd4, 0xff, 0x00, 0x00, 0x00, 0xff, 0xdc, 0xe7, 0xfc, 0xff, 0x00, 0x00, 0x00, 0xff
.byte 0x91, 0x92, 0x92, 0xff, 0xf8, 0xfa, 0xfb, 0xff, 0xff, 0xff, 0xff, 0xff, 0x2d, 0x2d, 0x2d, 0xff
.byte 0x9a, 0x9c, 0x9e, 0xff, 0x95, 0x9e, 0xa5, 0xff, 0x00, 0x00, 0x00, 0xff, 0x8f, 0x9e, 0xa7, 0xff
.byte 0xae, 0xda, 0xf5, 0xff, 0xbc, 0xe3, 0xf9, 0xff, 0xb4, 0xe0, 0xf6, 0xff, 0x94, 0xa3, 0xab, 0xff
.byte 0x00, 0x00, 0x00, 0xff, 0x96, 0xd2, 0xee, 0xff, 0x4f, 0xbf, 0xf3, 0xff, 0x4a, 0xbf, 0xf1, 0xff
.byte 0x79, 0xb1, 0xc9, 0xff, 0x0d, 0x0d, 0x0d, 0xff, 0xdc, 0xf9, 0xff, 0xff, 0x00, 0x00, 0x00, 0xff
.byte 0xba, 0xba, 0xba, 0xff, 0xfa, 0xfa, 0xfa, 0xff, 0xff, 0xff, 0xff, 0xff, 0x20, 0x22, 0x22, 0xff
.byte 0x42, 0x50, 0x55, 0xff, 0x61, 0x7a, 0x83, 0xff, 0x0f, 0x0f, 0x0f, 0xff, 0x5f, 0xc6, 0xed, 0xff
.byte 0x36, 0xbf, 0xf5, 0xff, 0x38, 0xc2, 0xf9, 0xff, 0x5e, 0x7b, 0x86, 0xff, 0x00, 0x00, 0x00, 0xff
.byte 0x7f, 0xd0, 0xf2, 0xff, 0x60, 0xa8, 0xc7, 0xff, 0x8a, 0xa9, 0xb6, 0xff, 0x9b, 0xda, 0xf9, 0xff
.byte 0xa6, 0xdc, 0xf7, 0xff, 0xf7, 0xfd, 0xff, 0xff, 0x5d, 0x5d, 0x5d, 0xff, 0x12, 0x12, 0x12, 0xff
.byte 0xff, 0xff, 0xff, 0xff, 0xfe, 0xfe, 0xfe, 0xff, 0xff, 0xff, 0xff, 0xff, 0x64, 0x64, 0x64, 0xff
.byte 0x03, 0x03, 0x03, 0xff, 0xed, 0xed, 0xed, 0xff, 0xfd, 0xfd, 0xfd, 0xff, 0xff, 0xff, 0xff, 0xff
.byte 0xfd, 0xfd, 0xfd, 0xff, 0xe0, 0xe0, 0xe0, 0xff, 0x95, 0x95, 0x95, 0xfe, 0x5c, 0x5c, 0x5c, 0xe9
.byte 0x4b, 0x4b, 0x4b, 0x80, 0x48, 0x48, 0x48, 0x15, 0x47, 0x47, 0x47, 0x15, 0x4c, 0x4c, 0x4c, 0x7f
.byte 0x5b, 0x5b, 0x5b, 0xea, 0x95, 0x95, 0x95, 0xfe, 0xe0, 0xe0, 0xe0, 0xff, 0xfd, 0xfd, 0xfd, 0xff
.byte 0xff, 0xff, 0xff, 0xff, 0xff, 0xff, 0xff, 0xff, 0xff, 0xff, 0xff, 0xff, 0xfe, 0xfe, 0xfe, 0xff
.byte 0xff, 0xff, 0xff, 0xff, 0xfd, 0xf9, 0xf2, 0xff, 0xff, 0xff, 0xff, 0xff, 0xec, 0xcd, 0x8f, 0xff
.byte 0xed, 0xcf, 0x95, 0xff, 0xd7, 0x8f, 0x06, 0xff, 0xe5, 0xb5, 0x59, 0xff, 0xff, 0xff, 0xff, 0xff
.byte 0xfe, 0xfe, 0xfe, 0xff, 0xfe, 0xfe, 0xfd, 0xff, 0xff, 0xff, 0xff, 0xff, 0xdd, 0xa2, 0x30, 0xff
.byte 0xf3, 0xdd, 0xb4, 0xff, 0xd6, 0x8c, 0x00, 0xff, 0xda, 0x9b, 0x22, 0xff, 0xea, 0xc5, 0x7f, 0xff
.byte 0xda, 0x9a, 0x1c, 0xff, 0xda, 0x97, 0x1a, 0xff, 0xe1, 0xac, 0x47, 0xff, 0xfb, 0xf2, 0xe3, 0xff
.byte 0xde, 0xa8, 0x42, 0xff, 0xaa, 0x93, 0x68, 0xff, 0x00, 0x00, 0x00, 0xff, 0xb9, 0x94, 0x58, 0xff
.byte 0xd7, 0x84, 0x04, 0xff, 0xe8, 0xb6, 0x71, 0xff, 0xe9, 0xb9, 0x78, 0xff, 0xf8, 0xc6, 0x8a, 0xff
.byte 0x1b, 0x1b, 0x1b, 0xff, 0x48, 0x48, 0x48, 0xff, 0xff, 0xff, 0xff, 0xff, 0xfa, 0xf1, 0xeb, 0xff
.byte 0xff, 0xff, 0xff, 0xff, 0x09, 0x09, 0x09, 0xff, 0xd5, 0xd5, 0xd5, 0xff, 0x4d, 0x4d, 0x4d, 0xff
.byte 0x00, 0x00, 0x00, 0xff, 0xc7, 0xc7, 0xc7, 0xff, 0xfb, 0xfb, 0xfb, 0xff, 0xe2, 0xe2, 0xe2, 0xff
.byte 0x01, 0x01, 0x01, 0xff, 0x49, 0x49, 0x49, 0xff, 0x00, 0x00, 0x00, 0xff, 0xd7, 0xd7, 0xd7, 0xff
.byte 0xfc, 0xfc, 0xfc, 0xff, 0xff, 0xff, 0xff, 0xff, 0x0a, 0x0a, 0x0a, 0xff, 0x4c, 0x4c, 0x4c, 0xff
.byte 0xff, 0xff, 0xff, 0xff, 0x06, 0x06, 0x06, 0xff, 0xfc, 0xfc, 0xfc, 0xff, 0xfd, 0xfd, 0xfd, 0xff
.byte 0xff, 0xff, 0xff, 0xff, 0xf3, 0xf1, 0xf7, 0xff, 0xf7, 0xf5, 0xfb, 0xff, 0x16, 0x16, 0x16, 0xff
.byte 0x37, 0x37, 0x38, 0xff, 0xdd, 0xde, 0xf3, 0xff, 0xe6, 0xe8, 0xf5, 0xff, 0xd8, 0xdc, 0xef, 0xff
.byte 0xd6, 0xde, 0xf3, 0xff, 0x01, 0x00, 0x00, 0xff, 0x55, 0x55, 0x55, 0xff, 0x00, 0x00, 0x00, 0xff
.byte 0xa6, 0xa8, 0xa9, 0xff, 0xf4, 0xf7, 0xfa, 0xff, 0xff, 0xff, 0xff, 0xff, 0x2f, 0x2f, 0x2f, 0xff
.byte 0xa2, 0xa2, 0xa3, 0xff, 0x76, 0x76, 0x77, 0xff, 0x00, 0x00, 0x00, 0xff, 0xae, 0xae, 0xae, 0xff
.byte 0xfc, 0xfc, 0xfc, 0xff, 0xfd, 0xfe, 0xfe, 0xff, 0xf9, 0xfa, 0xfa, 0xff, 0xb0, 0xb1, 0xb1, 0xff
.byte 0x00, 0x00, 0x00, 0xff, 0xaf, 0xdc, 0xf1, 0xff, 0x65, 0xcb, 0xf6, 0xff, 0x6d, 0xcf, 0xf6, 0xff
.byte 0x93, 0xcc, 0xe2, 0xff, 0x00, 0x00, 0x00, 0xff, 0x4d, 0x55, 0x57, 0xff, 0x00, 0x00, 0x00, 0xff
.byte 0xcb, 0xcb, 0xcb, 0xff, 0xfa, 0xfa, 0xfa, 0xff, 0xfb, 0xfb, 0xfb, 0xff, 0x0f, 0x10, 0x10, 0xff
.byte 0x4e, 0x56, 0x59, 0xff, 0x7a, 0x8f, 0x97, 0xff, 0x01, 0x01, 0x01, 0xff, 0x63, 0xbe, 0xdf, 0xff
.byte 0x30, 0xc2, 0xf8, 0xff, 0x54, 0xce, 0xfa, 0xff, 0x5f, 0x7d, 0x89, 0xff, 0x02, 0x04, 0x05, 0xff
.byte 0xb0, 0xe1, 0xf5, 0xff, 0x3b, 0xbe, 0xf4, 0xff, 0x50, 0xc6, 0xf9, 0xff, 0xa0, 0xdd, 0xf8, 0xff
.byte 0x5c, 0xc3, 0xf2, 0xff, 0xfc, 0xfd, 0xfd, 0xff, 0xdd, 0xdd, 0xdd, 0xff, 0x00, 0x00, 0x00, 0xff
.byte 0xab, 0xab, 0xab, 0xff, 0xfb, 0xfb, 0xfb, 0xff, 0xee, 0xee, 0xee, 0xff, 0x04, 0x04, 0x04, 0xff
.byte 0x66, 0x66, 0x66, 0xff, 0xff, 0xff, 0xff, 0xff, 0xff, 0xff, 0xff, 0xff, 0xff, 0xff, 0xff, 0xff
.byte 0xfd, 0xfd, 0xfd, 0xff, 0xe0, 0xe0, 0xe0, 0xff, 0x95, 0x95, 0x95, 0xfe, 0x5c, 0x5c, 0x5c, 0xe9
.byte 0x4b, 0x4b, 0x4b, 0x80, 0x48, 0x48, 0x48, 0x15, 0x47, 0x47, 0x47, 0x15, 0x4c, 0x4c, 0x4c, 0x7f
.byte 0x5b, 0x5b, 0x5b, 0xea, 0x95, 0x95, 0x95, 0xfe, 0xe0, 0xe0, 0xe0, 0xff, 0xfd, 0xfd, 0xfd, 0xff
.byte 0xff, 0xff, 0xff, 0xff, 0xff, 0xff, 0xff, 0xff, 0xff, 0xff, 0xff, 0xff, 0xfd, 0xfc, 0xf9, 0xff
.byte 0xf8, 0xed, 0xd7, 0xff, 0xfd, 0xf8, 0xf0, 0xff, 0xf2, 0xdd, 0xb2, 0xff, 0xe2, 0xb0, 0x52, 0xff
.byte 0xe6, 0xb8, 0x62, 0xff, 0xdf, 0xa4, 0x35, 0xff, 0xf6, 0xe8, 0xcc, 0xff, 0xf0, 0xd7, 0xa7, 0xff
.byte 0xfe, 0xfe, 0xfd, 0xff, 0xfe, 0xfe, 0xfe, 0xff, 0xfe, 0xfd, 0xfc, 0xff, 0xf7, 0xe8, 0xcd, 0xff
.byte 0xea, 0xc6, 0x80, 0xff, 0xd6, 0x8c, 0x00, 0xff, 0xd7, 0x93, 0x0c, 0xff, 0xda, 0x99, 0x1d, 0xff
.byte 0xdb, 0x9c, 0x21, 0xff, 0xdb, 0x9c, 0x22, 0xff, 0xdb, 0x9c, 0x25, 0xff, 0xec, 0xc9, 0x87, 0xff
.byte 0xf0, 0xda, 0xb3, 0xff, 0xac, 0x99, 0x74, 0xff, 0x00, 0x00, 0x00, 0xff, 0xb8, 0x94, 0x5a, 0xff
.byte 0xe0, 0x99, 0x2c, 0xff, 0xf4, 0xdb, 0xb8, 0xff, 0xda, 0x83, 0x14, 0xff, 0xf0, 0xa5, 0x51, 0xff
.byte 0x20, 0x20, 0x20, 0xff, 0x47, 0x47, 0x47, 0xff, 0xff, 0xff, 0xff, 0xff, 0xfe, 0xfd, 0xfd, 0xff
.byte 0xfe, 0xfe, 0xfe, 0xff, 0x0a, 0x0a, 0x0a, 0xff, 0xd5, 0xd5, 0xd5, 0xff, 0x25, 0x25, 0x25, 0xff
.byte 0x00, 0x00, 0x00, 0xff, 0xc7, 0xc7, 0xc7, 0xff, 0xfc, 0xfc, 0xfc, 0xff, 0xf5, 0xf5, 0xf5, 0xff
.byte 0x01, 0x01, 0x01, 0xff, 0x85, 0x85, 0x85, 0xff, 0x00, 0x00, 0x00, 0xff, 0xe8, 0xe8, 0xe8, 0xff
.byte 0xfd, 0xfd, 0xfd, 0xff, 0xff, 0xff, 0xff, 0xff, 0x0a, 0x0a, 0x0a, 0xff, 0x4c, 0x4c, 0x4c, 0xff
.byte 0xff, 0xff, 0xff, 0xff, 0x3f, 0x3f, 0x3f, 0xff, 0xfe, 0xfe, 0xfe, 0xff, 0xfe, 0xfe, 0xfe, 0xff
.byte 0xff, 0xff, 0xff, 0xff, 0xfb, 0xfb, 0xfc, 0xff, 0xf1, 0xef, 0xf8, 0xff, 0x19, 0x19, 0x19, 0xff
.byte 0x38, 0x38, 0x38, 0xff, 0xff, 0xff, 0xff, 0xff, 0xf3, 0xf4, 0xfb, 0xff, 0xe5, 0xe9, 0xf6, 0xff
.byte 0xff, 0xff, 0xff, 0xff, 0x02, 0x02, 0x02, 0xff, 0x95, 0x95, 0x95, 0xff, 0x00, 0x00, 0x00, 0xff
.byte 0xbd, 0xbd, 0xbd, 0xff, 0xfc, 0xfc, 0xfc, 0xff, 0xff, 0xff, 0xff, 0xff, 0x2e, 0x2e, 0x2e, 0xff
.byte 0xa4, 0xa4, 0xa4, 0xff, 0x47, 0x47, 0x47, 0xff, 0x00, 0x00, 0x00, 0xff, 0xad, 0xad, 0xad, 0xff
.byte 0xfd, 0xfd, 0xfd, 0xff, 0xfe, 0xfe, 0xfe, 0xff, 0xff, 0xff, 0xff, 0xff, 0xb2, 0xb1, 0xb0, 0xff
.byte 0x00, 0x00, 0x00, 0xff, 0xee, 0xf3, 0xf5, 0xff, 0xb7, 0xe7, 0xfb, 0xff, 0x53, 0xc9, 0xf6, 0xff
.byte 0x66, 0xcd, 0xf3, 0xff, 0x00, 0x00, 0x00, 0xff, 0x89, 0x95, 0x9a, 0xff, 0x00, 0x00, 0x00, 0xff
.byte 0xd0, 0xdd, 0xdd, 0xff, 0xea, 0xf6, 0xfb, 0xff, 0xff, 0xff, 0xff, 0xff, 0x0f, 0x10, 0x10, 0xff
.byte 0x54, 0x53, 0x53, 0xff, 0x9a, 0x99, 0x99, 0xff, 0x03, 0x03, 0x03, 0xff, 0x5f, 0xc1, 0xe2, 0xff
.byte 0x2b, 0xc4, 0xf9, 0xff, 0x69, 0xd5, 0xfc, 0xff, 0x7c, 0x86, 0x89, 0xff, 0x02, 0x02, 0x02, 0xff
.byte 0xad, 0xe2, 0xf5, 0xff, 0x45, 0xc5, 0xf7, 0xff, 0x38, 0xc1, 0xf7, 0xff, 0x5c, 0xc9, 0xf6, 0xff
.byte 0x41, 0xbc, 0xf5, 0xff, 0xa7, 0xdf, 0xf9, 0xff, 0xff, 0xff, 0xff, 0xff, 0x3b, 0x3b, 0x3b, 0xff
.byte 0x2e, 0x2e, 0x2e, 0xff, 0xff, 0xff, 0xff, 0xff, 0x78, 0x78, 0x78, 0xff, 0x00, 0x00, 0x00, 0xff
.byte 0xe1, 0xe1, 0xe1, 0xff, 0xfd, 0xfd, 0xfd, 0xff, 0xff, 0xff, 0xff, 0xff, 0xff, 0xff, 0xff, 0xff
.byte 0xfd, 0xfd, 0xfd, 0xff, 0xe0, 0xe0, 0xe0, 0xff, 0x95, 0x95, 0x95, 0xfe, 0x5c, 0x5c, 0x5c, 0xe9
.byte 0x4b, 0x4b, 0x4b, 0x80, 0x48, 0x48, 0x48, 0x15, 0x47, 0x47, 0x47, 0x15, 0x4c, 0x4c, 0x4c, 0x7f
.byte 0x5b, 0x5b, 0x5b, 0xea, 0x95, 0x95, 0x95, 0xfe, 0xe0, 0xe0, 0xe0, 0xff, 0xfd, 0xfd, 0xfd, 0xff
.byte 0xff, 0xff, 0xff, 0xff, 0xfe, 0xfe, 0xfe, 0xff, 0xfc, 0xf8, 0xef, 0xff, 0xf5, 0xe3, 0xc0, 0xff
.byte 0xfe, 0xfd, 0xfb, 0xff, 0xff, 0xff, 0xff, 0xff, 0xe2, 0xaf, 0x4c, 0xff, 0xe9, 0xc6, 0x7f, 0xff
.byte 0xf4, 0xe2, 0xbf, 0xff, 0xff, 0xff, 0xff, 0xff, 0xf7, 0xea, 0xd1, 0xff, 0xf7, 0xe9, 0xce, 0xff
.byte 0xff, 0xff, 0xff, 0xff, 0xff, 0xff, 0xff, 0xff, 0xfe, 0xfe, 0xfe, 0xff, 0xff, 0xff, 0xff, 0xff
.byte 0xf5, 0xe4, 0xc2, 0xff, 0xe0, 0xa8, 0x3e, 0xff, 0xde, 0xa3, 0x32, 0xff, 0xd7, 0x92, 0x0a, 0xff
.byte 0xde, 0xa4, 0x34, 0xff, 0xd7, 0x8f, 0x08, 0xff, 0xde, 0xa5, 0x38, 0xff, 0xde, 0xa1, 0x2f, 0xff
.byte 0xf4, 0xe3, 0xc5, 0xff, 0xaf, 0xa3, 0x8b, 0xff, 0x00, 0x00, 0x00, 0xff, 0xc6, 0x9d, 0x5e, 0xff
.byte 0x99, 0x97, 0x91, 0xff, 0xf3, 0xcb, 0x96, 0xff, 0xe7, 0xae, 0x67, 0xff, 0xff, 0xff, 0xff, 0xff
.byte 0x16, 0x15, 0x15, 0xff, 0x47, 0x47, 0x47, 0xff, 0xff, 0xff, 0xff, 0xff, 0xfe, 0xfe, 0xfe, 0xff
.byte 0xfe, 0xfe, 0xfe, 0xff, 0x08, 0x08, 0x08, 0xff, 0xca, 0xca, 0xca, 0xff, 0x09, 0x09, 0x09, 0xff
.byte 0x00, 0x00, 0x00, 0xff, 0xc7, 0xc7, 0xc7, 0xff, 0xfc, 0xfc, 0xfc, 0xff, 0xff, 0xff, 0xff, 0xff
.byte 0x02, 0x02, 0x02, 0xff, 0xab, 0xab, 0xab, 0xff, 0x01, 0x01, 0x01, 0xff, 0xf5, 0xf5, 0xf5, 0xff
.byte 0xfd, 0xfd, 0xfd, 0xff, 0xff, 0xff, 0xff, 0xff, 0x0a, 0x0a, 0x0a, 0xff, 0x4c, 0x4c, 0x4c, 0xff
.byte 0xff, 0xff, 0xff, 0xff, 0x75, 0x75, 0x75, 0xff, 0xf7, 0xf7, 0xf7, 0xff, 0xfe, 0xfe, 0xfe, 0xff
.byte 0xff, 0xff, 0xff, 0xff, 0xff, 0xff, 0xff, 0xff, 0xf2, 0xf1, 0xf8, 0xff, 0x16, 0x16, 0x16, 0xff
.byte 0x36, 0x36, 0x36, 0xff, 0xd5, 0xd5, 0xd6, 0xff, 0xc9, 0xcd, 0xd9, 0xff, 0x94, 0xa7, 0xdb, 0xff
.byte 0x9b, 0xb6, 0xee, 0xff, 0x0c, 0x0c, 0x0c, 0xff, 0xbd, 0xbd, 0xbe, 0xff, 0x00, 0x00, 0x00, 0xff
.byte 0xd4, 0xd3, 0xd3, 0xff, 0xff, 0xff, 0xff, 0xff, 0xff, 0xff, 0xff, 0xff, 0x2d, 0x2d, 0x2d, 0xff
.byte 0xa1, 0xa1, 0xa1, 0xff, 0x25, 0x25, 0x25, 0xff, 0x00, 0x00, 0x00, 0xff, 0xae, 0xae, 0xae, 0xff
.byte 0xfb, 0xfc, 0xfd, 0xff, 0xee, 0xf9, 0xfe, 0xff, 0xc1, 0xe7, 0xf9, 0xff, 0x8e, 0xa5, 0xae, 0xff
.byte 0x00, 0x00, 0x00, 0xff, 0xb8, 0xe3, 0xf3, 0xff, 0x9f, 0xe2, 0xfa, 0xff, 0xc2, 0xee, 0xfd, 0xff
.byte 0xa9, 0xeb, 0xff, 0xff, 0x00, 0x00, 0x00, 0xff, 0xb7, 0xc6, 0xcb, 0xff, 0x00, 0x00, 0x00, 0xff
.byte 0x6b, 0xd0, 0xed, 0xff, 0x87, 0xdf, 0xfa, 0xff, 0x90, 0xe5, 0xff, 0xff, 0x49, 0x43, 0x43, 0xff
.byte 0x39, 0x3a, 0x3a, 0xff, 0x77, 0x77, 0x77, 0xff, 0x18, 0x18, 0x18, 0xff, 0x4d, 0xce, 0xf4, 0xff
.byte 0x29, 0xc7, 0xfb, 0xff, 0x56, 0xd5, 0xfc, 0xff, 0x8d, 0x8a, 0x8a, 0xff, 0x01, 0x00, 0x00, 0xff
.byte 0x99, 0xde, 0xf7, 0xff, 0x36, 0xc3, 0xf8, 0xff, 0x3a, 0xc3, 0xf8, 0xff, 0x3f, 0xc3, 0xf7, 0xff
.byte 0x40, 0xc0, 0xf6, 0xff, 0x41, 0xbd, 0xf5, 0xff, 0xec, 0xf7, 0xfc, 0xff, 0xba, 0xbb, 0xbc, 0xff
.byte 0x00, 0x00, 0x00, 0xff, 0xc7, 0xc7, 0xc7, 0xff, 0x0b, 0x0b, 0x0b, 0xff, 0x53, 0x53, 0x53, 0xff
.byte 0xff, 0xff, 0xff, 0xff, 0xff, 0xff, 0xff, 0xff, 0xff, 0xff, 0xff, 0xff, 0xff, 0xff, 0xff, 0xff
.byte 0xfd, 0xfd, 0xfd, 0xff, 0xe0, 0xe0, 0xe0, 0xff, 0x95, 0x95, 0x95, 0xfe, 0x5c, 0x5c, 0x5c, 0xe9
.byte 0x4b, 0x4b, 0x4b, 0x80, 0x48, 0x48, 0x48, 0x15, 0x47, 0x47, 0x47, 0x15, 0x4c, 0x4c, 0x4c, 0x7f
.byte 0x5b, 0x5b, 0x5b, 0xea, 0x95, 0x95, 0x95, 0xfe, 0xe0, 0xe0, 0xe0, 0xff, 0xfd, 0xfd, 0xfd, 0xff
.byte 0xff, 0xff, 0xff, 0xff, 0xff, 0xff, 0xff, 0xff, 0xff, 0xff, 0xff, 0xff, 0xff, 0xff, 0xff, 0xff
.byte 0xfe, 0xfe, 0xfd, 0xff, 0xfc, 0xf8, 0xf0, 0xff, 0xe1, 0xaf, 0x4d, 0xff, 0xe3, 0xb0, 0x4f, 0xff
.byte 0xff, 0xff, 0xff, 0xff, 0xff, 0xff, 0xff, 0xff, 0xfe, 0xfd, 0xfc, 0xff, 0xfe, 0xfd, 0xfc, 0xff
.byte 0xff, 0xff, 0xff, 0xff, 0xff, 0xff, 0xff, 0xff, 0xfe, 0xfb, 0xf6, 0xff, 0xff, 0xff, 0xff, 0xff
.byte 0xf9, 0xef, 0xdc, 0xff, 0xe1, 0xae, 0x4a, 0xff, 0xe8, 0xc0, 0x74, 0xff, 0xd8, 0x95, 0x13, 0xff
.byte 0xe0, 0xab, 0x44, 0xff, 0xd7, 0x8d, 0x04, 0xff, 0xda, 0x9a, 0x1f, 0xff, 0xe5, 0xb9, 0x65, 0xff
.byte 0xe2, 0xb3, 0x5c, 0xff, 0xb6, 0xb3, 0xaf, 0xff, 0x00, 0x00, 0x00, 0xff, 0xd3, 0xba, 0x92, 0xff
.byte 0x4f, 0x51, 0x52, 0xff, 0xe7, 0xa3, 0x49, 0xff, 0xee, 0xc6, 0x96, 0xff, 0xfa, 0xcb, 0x98, 0xff
.byte 0x1c, 0x1c, 0x1c, 0xff, 0x47, 0x47, 0x47, 0xff, 0xff, 0xff, 0xff, 0xff, 0xfe, 0xfe, 0xfe, 0xff
.byte 0xff, 0xff, 0xff, 0xff, 0x08, 0x08, 0x08, 0xff, 0xb2, 0xb2, 0xb2, 0xff, 0x02, 0x02, 0x02, 0xff
.byte 0x03, 0x03, 0x03, 0xff, 0xc8, 0xc8, 0xc8, 0xff, 0xfc, 0xfc, 0xfc, 0xff, 0xff, 0xff, 0xff, 0xff
.byte 0x07, 0x07, 0x07, 0xff, 0x8b, 0x8b, 0x8b, 0xff, 0x01, 0x01, 0x01, 0xff, 0xfe, 0xfe, 0xfe, 0xff
.byte 0xfe, 0xfe, 0xfe, 0xff, 0xff, 0xff, 0xff, 0xff, 0x0a, 0x0a, 0x0a, 0xff, 0x4c, 0x4c, 0x4c, 0xff
.byte 0xff, 0xff, 0xff, 0xff, 0xd2, 0xd2, 0xd2, 0xff, 0xfa, 0xfa, 0xfa, 0xff, 0xfe, 0xfe, 0xfe, 0xff
.byte 0xff, 0xff, 0xff, 0xff, 0xfe, 0xfe, 0xfe, 0xff, 0xfd, 0xfd, 0xfd, 0xff, 0x16, 0x16, 0x16, 0xff
.byte 0x38, 0x38, 0x38, 0xff, 0xa2, 0xa2, 0xa1, 0xff, 0xad, 0xb5, 0xca, 0xff, 0x9a, 0xae, 0xdf, 0xff
.byte 0xa2, 0xbd, 0xef, 0xff, 0x24, 0x22, 0x22, 0xff, 0x99, 0x99, 0x99, 0xff, 0x00, 0x00, 0x00, 0xff
.byte 0xa5, 0xc0, 0xda, 0xff, 0xa0, 0xc9, 0xec, 0xff, 0xc6, 0xe4, 0xfb, 0xff, 0x2f, 0x2e, 0x2e, 0xff
.byte 0x99, 0x99, 0x99, 0xff, 0x04, 0x04, 0x04, 0xff, 0x03, 0x02, 0x03, 0xff, 0xa6, 0xaa, 0xac, 0xff
.byte 0xf0, 0xfa, 0xfd, 0xff, 0xee, 0xf9, 0xfe, 0xff, 0xfa, 0xfb, 0xfb, 0xff, 0xb2, 0xb0, 0xb0, 0xff
.byte 0x00, 0x00, 0x00, 0xff, 0xf3, 0xf6, 0xf7, 0xff, 0xec, 0xf9, 0xfd, 0xff, 0xd9, 0xf4, 0xfe, 0xff
.byte 0xc1, 0xf9, 0xff, 0xff, 0x03, 0x03, 0x03, 0xff, 0xa7, 0xa7, 0xa7, 0xff, 0x00, 0x00, 0x00, 0xff
.byte 0x60, 0xd9, 0xfb, 0xff, 0x24, 0xca, 0xfd, 0xff, 0x38, 0xd1, 0xfe, 0xff, 0x9c, 0xee, 0xff, 0xff
.byte 0xc2, 0xbf, 0xbf, 0xff, 0x20, 0x21, 0x22, 0xff, 0x38, 0x3d, 0x3f, 0xff, 0x30, 0xd4, 0xff, 0xff
.byte 0x24, 0xca, 0xfd, 0xff, 0x33, 0xd0, 0xff, 0xff, 0x82, 0x80, 0x80, 0xff, 0x00, 0x00, 0x00, 0xff
.byte 0x88, 0xd5, 0xf0, 0xff, 0x2e, 0xc4, 0xfa, 0xff, 0x33, 0xc4, 0xf8, 0xff, 0x3f, 0xc5, 0xf9, 0xff
.byte 0x4c, 0xc7, 0xf8, 0xff, 0x3f, 0xc0, 0xf6, 0xff, 0x85, 0xd5, 0xf7, 0xff, 0xff, 0xff, 0xff, 0xff
.byte 0x1c, 0x1c, 0x1c, 0xff, 0x10, 0x10, 0x10, 0xff, 0x00, 0x00, 0x00, 0xff, 0xd3, 0xd3, 0xd3, 0xff
.byte 0xfd, 0xfd, 0xfd, 0xff, 0xff, 0xff, 0xff, 0xff, 0xff, 0xff, 0xff, 0xff, 0xff, 0xff, 0xff, 0xff
.byte 0xfd, 0xfd, 0xfd, 0xff, 0xe0, 0xe0, 0xe0, 0xff, 0x95, 0x95, 0x95, 0xfe, 0x5c, 0x5c, 0x5c, 0xe9
.byte 0x4b, 0x4b, 0x4b, 0x80, 0x48, 0x48, 0x48, 0x15, 0x47, 0x47, 0x47, 0x15, 0x4c, 0x4c, 0x4c, 0x7f
.byte 0x5b, 0x5b, 0x5b, 0xea, 0x95, 0x95, 0x95, 0xfe, 0xe0, 0xe0, 0xe0, 0xff, 0xfd, 0xfd, 0xfd, 0xff
.byte 0xff, 0xff, 0xff, 0xff, 0xff, 0xff, 0xff, 0xff, 0xff, 0xff, 0xff, 0xff, 0xff, 0xff, 0xff, 0xff
.byte 0xfe, 0xfd, 0xfc, 0xff, 0xf8, 0xed, 0xd7, 0xff, 0xe2, 0xae, 0x4a, 0xff, 0xf5, 0xe5, 0xc4, 0xff
.byte 0xfe, 0xfe, 0xfe, 0xff, 0xff, 0xff, 0xff, 0xff, 0xff, 0xff, 0xff, 0xff, 0xff, 0xff, 0xff, 0xff
.byte 0xff, 0xff, 0xff, 0xff, 0xff, 0xff, 0xff, 0xff, 0xfc, 0xf9, 0xf1, 0xff, 0xf1, 0xd8, 0xa8, 0xff
.byte 0xf6, 0xe6, 0xc9, 0xff, 0xe3, 0xb6, 0x5d, 0xff, 0xdb, 0x9b, 0x1f, 0xff, 0xdc, 0x9d, 0x24, 0xff
.byte 0xd9, 0x95, 0x13, 0xff, 0xdf, 0xa5, 0x38, 0xff, 0xd6, 0x8c, 0x02, 0xff, 0xe8, 0xbe, 0x6f, 0xff
.byte 0xdf, 0xaa, 0x4a, 0xff, 0xab, 0x94, 0x6b, 0xff, 0x00, 0x00, 0x00, 0xff, 0x7b, 0x79, 0x75, 0xff
.byte 0x35, 0x37, 0x3b, 0xff, 0xe0, 0x8c, 0x1d, 0xff, 0xe9, 0xb4, 0x76, 0xff, 0xff, 0xfd, 0xf2, 0xff
.byte 0x16, 0x17, 0x17, 0xff, 0x47, 0x47, 0x47, 0xff, 0xff, 0xff, 0xff, 0xff, 0xfe, 0xfe, 0xfe, 0xff
.byte 0xff, 0xff, 0xff, 0xff, 0x0c, 0x0c, 0x0c, 0xff, 0x88, 0x88, 0x88, 0xff, 0x02, 0x02, 0x02, 0xff
.byte 0x10, 0x10, 0x10, 0xff, 0xc7, 0xc4, 0xc5, 0xff, 0xfc, 0xfc, 0xfc, 0xff, 0xff, 0xff, 0xff, 0xff
.byte 0x1e, 0x1e, 0x1e, 0xff, 0x69, 0x69, 0x69, 0xff, 0x03, 0x03, 0x03, 0xff, 0xff, 0xff, 0xff, 0xff
.byte 0xfe, 0xfe, 0xfe, 0xff, 0xff, 0xff, 0xff, 0xff, 0x0a, 0x0a, 0x0a, 0xff, 0x4c, 0x4c, 0x4c, 0xff
.byte 0xff, 0xff, 0xff, 0xff, 0xff, 0xff, 0xff, 0xff, 0xff, 0xff, 0xff, 0xff, 0xff, 0xff, 0xff, 0xff
.byte 0xff, 0xff, 0xff, 0xff, 0xfe, 0xfe, 0xfe, 0xff, 0xfc, 0xfc, 0xfc, 0xff, 0x16, 0x16, 0x16, 0xff
.byte 0x34, 0x34, 0x34, 0xff, 0x2c, 0x2b, 0x2b, 0xff, 0xb2, 0xba, 0xce, 0xff, 0xb8, 0xc8, 0xe9, 0xff
.byte 0x8b, 0xae, 0xe6, 0xff, 0x3f, 0x3f, 0x40, 0xff, 0x70, 0x70, 0x71, 0xff, 0x00, 0x00, 0x00, 0xff
.byte 0xdd, 0xe7, 0xf0, 0xff, 0xd2, 0xe5, 0xf5, 0xff, 0xdb, 0xef, 0xfe, 0xff, 0x2e, 0x2d, 0x2d, 0xff
.byte 0x81, 0x81, 0x81, 0xff, 0x01, 0x01, 0x01, 0xff, 0x1a, 0x1a, 0x1a, 0xff, 0xae, 0xae, 0xae, 0xff
.byte 0xff, 0xff, 0xff, 0xff, 0xfe, 0xfe, 0xfe, 0xff, 0xfb, 0xfb, 0xfb, 0xff, 0xb0, 0xb0, 0xb0, 0xff
.byte 0x00, 0x00, 0x00, 0xff, 0xfc, 0xfc, 0xfc, 0xff, 0xff, 0xff, 0xff, 0xff, 0xff, 0xff, 0xff, 0xff
.byte 0xff, 0xff, 0xff, 0xff, 0x13, 0x13, 0x13, 0xff, 0x7d, 0x7d, 0x7d, 0xff, 0x00, 0x00, 0x00, 0xff
.byte 0x57, 0xe0, 0xff, 0xff, 0x20, 0xcd, 0xfe, 0xff, 0x1e, 0xce, 0xff, 0xff, 0x49, 0xd6, 0xff, 0xff
.byte 0x83, 0x9d, 0xa5, 0xff, 0x00, 0x01, 0x01, 0xff, 0x61, 0xa2, 0xb5, 0xff, 0x1f, 0xcf, 0xfe, 0xff
.byte 0x1f, 0xcd, 0xff, 0xff, 0x2b, 0xd8, 0xff, 0xff, 0x4c, 0x50, 0x53, 0xff, 0x00, 0x00, 0x01, 0xff
.byte 0x78, 0xbc, 0xd2, 0xff, 0x37, 0xc9, 0xfa, 0xff, 0x53, 0xcf, 0xfb, 0xff, 0x49, 0xcb, 0xfa, 0xff
.byte 0x49, 0xc9, 0xf8, 0xff, 0x42, 0xc3, 0xf7, 0xff, 0x55, 0xc8, 0xf6, 0xff, 0xff, 0xff, 0xff, 0xff
.byte 0x99, 0x99, 0x99, 0xff, 0x00, 0x00, 0x00, 0xff, 0x42, 0x42, 0x42, 0xff, 0xff, 0xff, 0xff, 0xff
.byte 0xff, 0xff, 0xff, 0xff, 0xff, 0xff, 0xff, 0xff, 0xff, 0xff, 0xff, 0xff, 0xff, 0xff, 0xff, 0xff
.byte 0xfd, 0xfd, 0xfd, 0xff, 0xe0, 0xe0, 0xe0, 0xff, 0x95, 0x95, 0x95, 0xfe, 0x5c, 0x5c, 0x5c, 0xe9
.byte 0x4b, 0x4b, 0x4b, 0x80, 0x48, 0x48, 0x48, 0x15, 0x47, 0x47, 0x47, 0x15, 0x4c, 0x4c, 0x4c, 0x7f
.byte 0x5b, 0x5b, 0x5b, 0xea, 0x95, 0x95, 0x95, 0xfe, 0xe0, 0xe0, 0xe0, 0xff, 0xfd, 0xfd, 0xfd, 0xff
.byte 0xff, 0xff, 0xff, 0xff, 0xff, 0xff, 0xff, 0xff, 0xff, 0xff, 0xff, 0xff, 0xff, 0xff, 0xff, 0xff
.byte 0xfe, 0xfd, 0xfd, 0xff, 0xf5, 0xe3, 0xbe, 0xff, 0xe0, 0xa7, 0x3b, 0xff, 0xff, 0xff, 0xff, 0xff
.byte 0xfe, 0xfe, 0xfe, 0xff, 0xff, 0xff, 0xff, 0xff, 0xff, 0xff, 0xff, 0xff, 0xff, 0xff, 0xff, 0xff
.byte 0xff, 0xff, 0xff, 0xff, 0xff, 0xff, 0xff, 0xff, 0xff, 0xff, 0xff, 0xff, 0xf7, 0xe9, 0xce, 0xff
.byte 0xd8, 0x93, 0x0f, 0xff, 0xf4, 0xe2, 0xbc, 0xff, 0xd7, 0x8e, 0x02, 0xff, 0xe0, 0xa8, 0x3e, 0xff
.byte 0xe8, 0xc0, 0x74, 0xff, 0xde, 0xa2, 0x32, 0xff, 0xd7, 0x91, 0x0a, 0xff, 0xd8, 0x93, 0x11, 0xff
.byte 0xe7, 0xc0, 0x78, 0xff, 0xab, 0x92, 0x68, 0xff, 0x00, 0x00, 0x00, 0xff, 0x01, 0x00, 0x00, 0xff
.byte 0x3f, 0x41, 0x44, 0xff, 0xe6, 0xa3, 0x4b, 0xff, 0xe7, 0xae, 0x6c, 0xff, 0xff, 0xf8, 0xe8, 0xff
.byte 0x15, 0x15, 0x16, 0xff, 0x49, 0x49, 0x49, 0xff, 0xff, 0xff, 0xff, 0xff, 0xfd, 0xfc, 0xfc, 0xff
.byte 0xff, 0xff, 0xff, 0xff, 0x0f, 0x0f, 0x0f, 0xff, 0x54, 0x54, 0x54, 0xff, 0x1f, 0x1f, 0x1f, 0xff
.byte 0x21, 0x21, 0x21, 0xff, 0xc9, 0xc9, 0xc9, 0xff, 0xfd, 0xfd, 0xfd, 0xff, 0xff, 0xff, 0xff, 0xff
.byte 0x41, 0x41, 0x41, 0xff, 0x43, 0x43, 0x43, 0xff, 0x0a, 0x0a, 0x0a, 0xff, 0xff, 0xff, 0xff, 0xff
.byte 0xfe, 0xfe, 0xfe, 0xff, 0xff, 0xff, 0xff, 0xff, 0x0a, 0x0a, 0x0a, 0xff, 0x4c, 0x4c, 0x4c, 0xff
.byte 0xff, 0xff, 0xff, 0xff, 0xff, 0xff, 0xff, 0xff, 0xff, 0xff, 0xff, 0xff, 0xff, 0xff, 0xff, 0xff
.byte 0xff, 0xff, 0xff, 0xff, 0xfe, 0xfe, 0xfe, 0xff, 0xfc, 0xfc, 0xfc, 0xff, 0x13, 0x13, 0x13, 0xff
.byte 0x00, 0x00, 0x00, 0xff, 0x00, 0x00, 0x00, 0xff, 0xa4, 0xb0, 0xcc, 0xff, 0x78, 0x9a, 0xd7, 0xff
.byte 0x76, 0x9f, 0xdf, 0xff, 0x54, 0x59, 0x5e, 0xff, 0x46, 0x47, 0x47, 0xff, 0x00, 0x00, 0x00, 0xff
.byte 0xc2, 0xde, 0xf5, 0xff, 0xbf, 0xdd, 0xf4, 0xff, 0xbe, 0xe2, 0xfa, 0xff, 0x30, 0x30, 0x30, 0xff
.byte 0x57, 0x57, 0x57, 0xff, 0x07, 0x07, 0x07, 0xff, 0x32, 0x32, 0x32, 0xff, 0xad, 0xad, 0xad, 0xff
.byte 0xfc, 0xfd, 0xfd, 0xff, 0xff, 0xff, 0xff, 0xff, 0xfb, 0xfb, 0xfb, 0xff, 0xae, 0xaf, 0xb0, 0xff
.byte 0x00, 0x00, 0x00, 0xff, 0x6b, 0xd1, 0xf3, 0xff, 0x7a, 0xdb, 0xfb, 0xff, 0xbe, 0xef, 0xff, 0xff
.byte 0xf9, 0xff, 0xff, 0xff, 0x34, 0x32, 0x32, 0xff, 0x52, 0x52, 0x52, 0xff, 0x04, 0x04, 0x04, 0xff
.byte 0xbb, 0xfc, 0xff, 0xff, 0x1f, 0xce, 0xff, 0xff, 0x1f, 0xce, 0xfe, 0xff, 0x50, 0xd2, 0xf3, 0xff
.byte 0x18, 0x17, 0x17, 0xff, 0x4c, 0x4a, 0x4a, 0xff, 0x96, 0xee, 0xff, 0xff, 0x1e, 0xce, 0xff, 0xff
.byte 0x1f, 0xce, 0xff, 0xff, 0x3a, 0xe1, 0xff, 0xff, 0x2b, 0x2a, 0x2b, 0xff, 0x00, 0x02, 0x03, 0xff
.byte 0x8d, 0xa4, 0xaa, 0xff, 0xc3, 0xee, 0xfb, 0xff, 0x70, 0xda, 0xfd, 0xff, 0x37, 0xc8, 0xfb, 0xff
.byte 0x45, 0xca, 0xfa, 0xff, 0x46, 0xc7, 0xf9, 0xff, 0x5d, 0xcb, 0xf8, 0xff, 0xff, 0xff, 0xff, 0xff
.byte 0xa4, 0xa5, 0xa5, 0xff, 0x00, 0x00, 0x00, 0xff, 0x75, 0x75, 0x75, 0xff, 0xff, 0xff, 0xff, 0xff
.byte 0xff, 0xff, 0xff, 0xff, 0xff, 0xff, 0xff, 0xff, 0xff, 0xff, 0xff, 0xff, 0xff, 0xff, 0xff, 0xff
.byte 0xfd, 0xfd, 0xfd, 0xff, 0xe0, 0xe0, 0xe0, 0xff, 0x95, 0x95, 0x95, 0xfe, 0x5c, 0x5c, 0x5c, 0xe9
.byte 0x4b, 0x4b, 0x4b, 0x80, 0x48, 0x48, 0x48, 0x15, 0x47, 0x47, 0x47, 0x15, 0x4c, 0x4c, 0x4c, 0x7f
.byte 0x5b, 0x5b, 0x5b, 0xea, 0x95, 0x95, 0x95, 0xfe, 0xe0, 0xe0, 0xe0, 0xff, 0xfd, 0xfd, 0xfd, 0xff
.byte 0xff, 0xff, 0xff, 0xff, 0xff, 0xff, 0xff, 0xff, 0xff, 0xff, 0xff, 0xff, 0xff, 0xff, 0xff, 0xff
.byte 0xfe, 0xfe, 0xfd, 0xff, 0xfa, 0xf0, 0xde, 0xff, 0xdc, 0xa1, 0x2e, 0xff, 0xfe, 0xfd, 0xfc, 0xff
.byte 0xfe, 0xfe, 0xfe, 0xff, 0xff, 0xff, 0xff, 0xff, 0xff, 0xff, 0xff, 0xff, 0xff, 0xff, 0xff, 0xff
.byte 0xff, 0xff, 0xff, 0xff, 0xff, 0xff, 0xff, 0xff, 0xff, 0xff, 0xff, 0xff, 0xff, 0xff, 0xff, 0xff
.byte 0xe6, 0xb8, 0x61, 0xff, 0xd7, 0x90, 0x09, 0xff, 0xd6, 0x8d, 0x00, 0xff, 0xd9, 0x95, 0x12, 0xff
.byte 0xe7, 0xbd, 0x6d, 0xff, 0xda, 0x9a, 0x22, 0xff, 0xde, 0xa6, 0x3b, 0xff, 0xd6, 0x8b, 0x00, 0xff
.byte 0xd5, 0x8a, 0x04, 0xff, 0xaf, 0x9f, 0x84, 0xff, 0x00, 0x00, 0x00, 0xff, 0xb6, 0xa6, 0x91, 0xff
.byte 0x3d, 0x3e, 0x41, 0xff, 0xe3, 0x9c, 0x40, 0xff, 0xf2, 0xd3, 0xb1, 0xff, 0xff, 0xfa, 0xed, 0xff
.byte 0x16, 0x16, 0x16, 0xff, 0x48, 0x46, 0x46, 0xff, 0xf7, 0xc2, 0xa6, 0xff, 0xef, 0xc4, 0xb3, 0xff
.byte 0xf1, 0xc7, 0xbd, 0xff, 0x18, 0x18, 0x18, 0xff, 0x1d, 0x1d, 0x1d, 0xff, 0x49, 0x49, 0x49, 0xff
.byte 0x29, 0x29, 0x29, 0xff, 0xc9, 0xc9, 0xc9, 0xff, 0xfd, 0xfd, 0xfd, 0xff, 0xff, 0xff, 0xff, 0xff
.byte 0x65, 0x65, 0x65, 0xff, 0x1a, 0x1a, 0x1a, 0xff, 0x1e, 0x1e, 0x1e, 0xff, 0xff, 0xff, 0xff, 0xff
.byte 0xfe, 0xfe, 0xfe, 0xff, 0xff, 0xff, 0xff, 0xff, 0x0a, 0x0a, 0x0a, 0xff, 0x4c, 0x4c, 0x4c, 0xff
.byte 0xff, 0xff, 0xff, 0xff, 0xff, 0xff, 0xff, 0xff, 0xff, 0xff, 0xff, 0xff, 0xff, 0xff, 0xff, 0xff
.byte 0xff, 0xff, 0xff, 0xff, 0xfe, 0xfe, 0xfe, 0xff, 0xfc, 0xfc, 0xfc, 0xff, 0x16, 0x16, 0x16, 0xff
.byte 0x3c, 0x3c, 0x3c, 0xff, 0x5e, 0x5d, 0x5d, 0xff, 0xba, 0xc2, 0xd1, 0xff, 0x93, 0xaf, 0xdd, 0xff
.byte 0x71, 0x9e, 0xdc, 0xff, 0x67, 0x6f, 0x7b, 0xff, 0x1b, 0x1b, 0x1c, 0xff, 0x05, 0x05, 0x05, 0xff
.byte 0x8c, 0xc7, 0xf5, 0xff, 0x66, 0xb1, 0xe8, 0xff, 0x5a, 0xb4, 0xee, 0xff, 0x33, 0x33, 0x33, 0xff
.byte 0x25, 0x25, 0x25, 0xff, 0x24, 0x24, 0x24, 0xff, 0x3f, 0x40, 0x40, 0xff, 0xa9, 0xaf, 0xb1, 0xff
.byte 0xb5, 0xe6, 0xfa, 0xff, 0xb4, 0xe7, 0xfb, 0xff, 0xe1, 0xe7, 0xe8, 0xff, 0x91, 0xa7, 0xaf, 0xff
.byte 0x02, 0x02, 0x02, 0xff, 0x8e, 0xdc, 0xf5, 0xff, 0xe2, 0xe6, 0xe5, 0xff, 0xfd, 0xff, 0xff, 0xff
.byte 0xf3, 0xff, 0xff, 0xff, 0x4f, 0x4f, 0x4f, 0xff, 0x23, 0x23, 0x23, 0xff, 0x15, 0x16, 0x16, 0xff
.byte 0xfa, 0xff, 0xff, 0xff, 0x5c, 0xdc, 0xff, 0xff, 0x1e, 0xd4, 0xff, 0xff, 0x5a, 0x75, 0x7d, 0xff
.byte 0x01, 0x04, 0x04, 0xff, 0xea, 0xea, 0xea, 0xff, 0x90, 0xe5, 0xf9, 0xff, 0x1e, 0xd0, 0xff, 0xff
.byte 0x20, 0xce, 0xff, 0xff, 0x4d, 0xe0, 0xff, 0xff, 0x0c, 0x0c, 0x0c, 0xff, 0x0d, 0x0e, 0x0e, 0xff
.byte 0x81, 0x81, 0x81, 0xff, 0xf8, 0xfc, 0xfd, 0xff, 0x4d, 0xd3, 0xfd, 0xff, 0x32, 0xc9, 0xfc, 0xff
.byte 0x72, 0xd9, 0xfc, 0xff, 0x4f, 0xcc, 0xfa, 0xff, 0x99, 0xe0, 0xfb, 0xff, 0xff, 0xff, 0xff, 0xff
.byte 0x1e, 0x1e, 0x1e, 0xff, 0x04, 0x04, 0x04, 0xff, 0x0e, 0x0e, 0x0e, 0xff, 0xf8, 0xf8, 0xf8, 0xff
.byte 0xfe, 0xfe, 0xfe, 0xff, 0xff, 0xff, 0xff, 0xff, 0xff, 0xff, 0xff, 0xff, 0xff, 0xff, 0xff, 0xff
.byte 0xfd, 0xfd, 0xfd, 0xff, 0xe0, 0xe0, 0xe0, 0xff, 0x95, 0x95, 0x95, 0xfe, 0x5c, 0x5c, 0x5c, 0xe9
.byte 0x4b, 0x4b, 0x4b, 0x80, 0x48, 0x48, 0x48, 0x15, 0x47, 0x47, 0x47, 0x15, 0x4c, 0x4c, 0x4c, 0x7f
.byte 0x5b, 0x5b, 0x5b, 0xea, 0x95, 0x95, 0x95, 0xfe, 0xe0, 0xe0, 0xe0, 0xff, 0xfd, 0xfd, 0xfd, 0xff
.byte 0xff, 0xff, 0xff, 0xff, 0xff, 0xff, 0xff, 0xff, 0xff, 0xff, 0xff, 0xff, 0xff, 0xff, 0xff, 0xff
.byte 0xfe, 0xfe, 0xfe, 0xff, 0xfd, 0xfa, 0xf4, 0xff, 0xef, 0xd4, 0xa1, 0xff, 0xfb, 0xf3, 0xe5, 0xff
.byte 0xfe, 0xfe, 0xfe, 0xff, 0xff, 0xff, 0xff, 0xff, 0xff, 0xff, 0xff, 0xff, 0xff, 0xff, 0xff, 0xff
.byte 0xff, 0xff, 0xff, 0xff, 0xff, 0xff, 0xff, 0xff, 0xff, 0xff, 0xff, 0xff, 0xfe, 0xfd, 0xfc, 0xff
.byte 0xf2, 0xdb, 0xae, 0xff, 0xd6, 0x8d, 0x02, 0xff, 0xd7, 0x8f, 0x04, 0xff, 0xdc, 0x9c, 0x21, 0xff
.byte 0xde, 0xa5, 0x35, 0xff, 0xda, 0x96, 0x18, 0xff, 0xd6, 0x8d, 0x02, 0xff, 0xd8, 0x91, 0x0d, 0xff
.byte 0xd4, 0x88, 0x00, 0xff, 0xa5, 0x86, 0x4f, 0xff, 0x00, 0x00, 0x00, 0xff, 0xd3, 0xb6, 0x8c, 0xff
.byte 0x7c, 0x7c, 0x7e, 0xff, 0x6e, 0x6f, 0x70, 0xff, 0xff, 0xff, 0xff, 0xff, 0xff, 0xff, 0xff, 0xff
.byte 0x15, 0x15, 0x15, 0xff, 0x49, 0x49, 0x49, 0xff, 0xff, 0xfa, 0xf4, 0xff, 0xef, 0xc6, 0xb7, 0xff
.byte 0xf5, 0xd8, 0xd0, 0xff, 0x1a, 0x1a, 0x1a, 0xff, 0x00, 0x00, 0x00, 0xff, 0x7c, 0x7c, 0x7c, 0xff
.byte 0x25, 0x25, 0x25, 0xff, 0xc9, 0xc9, 0xc9, 0xff, 0xfd, 0xfd, 0xfd, 0xff, 0xff, 0xff, 0xff, 0xff
.byte 0x85, 0x85, 0x85, 0xff, 0x02, 0x02, 0x02, 0xff, 0x32, 0x32, 0x32, 0xff, 0xff, 0xff, 0xff, 0xff
.byte 0xfe, 0xfe, 0xfe, 0xff, 0xff, 0xff, 0xff, 0xff, 0x0a, 0x0a, 0x0a, 0xff, 0x4c, 0x4c, 0x4c, 0xff
.byte 0xff, 0xff, 0xff, 0xff, 0xff, 0xff, 0xff, 0xff, 0xff, 0xff, 0xff, 0xff, 0xff, 0xff, 0xff, 0xff
.byte 0xff, 0xff, 0xff, 0xff, 0xfe, 0xfe, 0xfe, 0xff, 0xfc, 0xfc, 0xfc, 0xff, 0x17, 0x17, 0x17, 0xff
.byte 0x34, 0x34, 0x34, 0xff, 0xb8, 0xb8, 0xb7, 0xff, 0xab, 0xaf, 0xb6, 0xff, 0x7a, 0x85, 0x97, 0xff
.byte 0x6e, 0x9e, 0xdb, 0xff, 0x73, 0x82, 0x95, 0xff, 0x02, 0x02, 0x03, 0xff, 0x15, 0x15, 0x15, 0xff
.byte 0x7f, 0xc4, 0xf9, 0xff, 0x59, 0xae, 0xe9, 0xff, 0x88, 0xcc, 0xf5, 0xff, 0x34, 0x34, 0x34, 0xff
.byte 0x03, 0x03, 0x03, 0xff, 0x51, 0x51, 0x51, 0xff, 0x43, 0x43, 0x43, 0xff, 0x87, 0xa0, 0xac, 0xff
.byte 0x90, 0xda, 0xf9, 0xff, 0x7e, 0xd8, 0xf9, 0xff, 0x4d, 0x5b, 0x5f, 0xff, 0x70, 0xa4, 0xb6, 0xff
.byte 0x06, 0x06, 0x06, 0xff, 0x8e, 0xe0, 0xf9, 0xff, 0x4f, 0x5b, 0x5e, 0xff, 0x8a, 0xe7, 0xff, 0xff
.byte 0xf3, 0xfc, 0xff, 0xff, 0x73, 0x6f, 0x6e, 0xff, 0x05, 0x05, 0x05, 0xff, 0x29, 0x2a, 0x2a, 0xff
.byte 0xff, 0xff, 0xff, 0xff, 0xb6, 0xee, 0xfe, 0xff, 0x44, 0xda, 0xff, 0xff, 0x2c, 0x29, 0x29, 0xff
.byte 0x3f, 0x40, 0x40, 0xff, 0x70, 0x6f, 0x70, 0xff, 0x8b, 0xc8, 0xd7, 0xff, 0x20, 0xd1, 0xff, 0xff
.byte 0x20, 0xce, 0xfd, 0xff, 0x57, 0xd4, 0xf1, 0xff, 0x00, 0x00, 0x00, 0xff, 0x4c, 0x4c, 0x4c, 0xff
.byte 0x5c, 0x5c, 0x5c, 0xff, 0xec, 0xfc, 0xff, 0xff, 0x66, 0xd9, 0xfd, 0xff, 0x31, 0xcd, 0xfd, 0xff
.byte 0x70, 0xda, 0xfd, 0xff, 0x85, 0xdc, 0xfb, 0xff, 0xfc, 0xfd, 0xfd, 0xff, 0xb8, 0xb8, 0xb9, 0xff
.byte 0x00, 0x00, 0x00, 0xff, 0x95, 0x95, 0x95, 0xff, 0x00, 0x00, 0x00, 0xff, 0xa0, 0xa0, 0xa0, 0xff
.byte 0xff, 0xff, 0xff, 0xff, 0xff, 0xff, 0xff, 0xff, 0xff, 0xff, 0xff, 0xff, 0xff, 0xff, 0xff, 0xff
.byte 0xfd, 0xfd, 0xfd, 0xff, 0xe0, 0xe0, 0xe0, 0xff, 0x95, 0x95, 0x95, 0xfe, 0x5c, 0x5c, 0x5c, 0xe9
.byte 0x4b, 0x4b, 0x4b, 0x80, 0x48, 0x48, 0x48, 0x15, 0x47, 0x47, 0x47, 0x15, 0x4c, 0x4c, 0x4c, 0x7f
.byte 0x5b, 0x5b, 0x5b, 0xea, 0x95, 0x95, 0x95, 0xfe, 0xe0, 0xe0, 0xe0, 0xff, 0xfd, 0xfd, 0xfd, 0xff
.byte 0xff, 0xff, 0xff, 0xff, 0xff, 0xff, 0xff, 0xff, 0xff, 0xff, 0xff, 0xff, 0xff, 0xff, 0xff, 0xff
.byte 0xff, 0xff, 0xff, 0xff, 0xff, 0xff, 0xff, 0xff, 0xf5, 0xe2, 0xbf, 0xff, 0xfe, 0xfd, 0xfa, 0xff
.byte 0xff, 0xff, 0xff, 0xff, 0xff, 0xff, 0xff, 0xff, 0xff, 0xff, 0xff, 0xff, 0xff, 0xff, 0xff, 0xff
.byte 0xff, 0xff, 0xff, 0xff, 0xff, 0xff, 0xff, 0xff, 0xfe, 0xfd, 0xfb, 0xff, 0xfd, 0xfb, 0xf7, 0xff
.byte 0xf2, 0xdd, 0xb3, 0xff, 0xd7, 0x8e, 0x00, 0xff, 0xd9, 0x97, 0x18, 0xff, 0xdb, 0x9c, 0x24, 0xff
.byte 0xdf, 0xa4, 0x36, 0xff, 0xe7, 0xbc, 0x6b, 0xff, 0xe2, 0xac, 0x48, 0xff, 0xd8, 0x94, 0x14, 0xff
.byte 0xd5, 0x8c, 0x09, 0xff, 0xa8, 0x8a, 0x57, 0xff, 0x00, 0x00, 0x00, 0xff, 0xc9, 0xc0, 0xb3, 0xff
.byte 0xe8, 0xc2, 0x8e, 0xff, 0x40, 0x42, 0x42, 0xff, 0xff, 0xff, 0xff, 0xff, 0xff, 0xff, 0xff, 0xff
.byte 0x15, 0x15, 0x15, 0xff, 0x48, 0x48, 0x48, 0xff, 0xff, 0xff, 0xff, 0xff, 0xfe, 0xfe, 0xfe, 0xff
.byte 0xfe, 0xfe, 0xfe, 0xff, 0x15, 0x15, 0x15, 0xff, 0x00, 0x00, 0x00, 0xff, 0xb1, 0xb1, 0xb1, 0xff
.byte 0x1e, 0x1e, 0x1e, 0xff, 0xc9, 0xc9, 0xc9, 0xff, 0xfd, 0xfd, 0xfd, 0xff, 0xfd, 0xfd, 0xfd, 0xff
.byte 0xa2, 0xa2, 0xa2, 0xff, 0x01, 0x01, 0x01, 0xff, 0x43, 0x43, 0x43, 0xff, 0xff, 0xff, 0xff, 0xff
.byte 0xff, 0xff, 0xff, 0xff, 0xff, 0xff, 0xff, 0xff, 0x0a, 0x0a, 0x0a, 0xff, 0x4c, 0x4c, 0x4c, 0xff
.byte 0xff, 0xff, 0xff, 0xff, 0xff, 0xff, 0xff, 0xff, 0xff, 0xff, 0xff, 0xff, 0xff, 0xff, 0xff, 0xff
.byte 0xff, 0xff, 0xff, 0xff, 0xfe, 0xfe, 0xfe, 0xff, 0xfc, 0xfc, 0xfc, 0xff, 0x17, 0x17, 0x17, 0xff
.byte 0x37, 0x37, 0x37, 0xff, 0xf4, 0xf4, 0xf4, 0xff, 0xae, 0xaf, 0xb0, 0xff, 0x75, 0x84, 0x97, 0xff
.byte 0x6b, 0x9d, 0xda, 0xff, 0x7f, 0x95, 0xad, 0xff, 0x01, 0x01, 0x02, 0xff, 0x21, 0x21, 0x21, 0xff
.byte 0x74, 0xc1, 0xf9, 0xff, 0xa3, 0xd3, 0xf3, 0xff, 0xbd, 0xe4, 0xfb, 0xff, 0x34, 0x34, 0x34, 0xff
.byte 0x01, 0x01, 0x01, 0xff, 0x83, 0x82, 0x82, 0xff, 0x3c, 0x3c, 0x3c, 0xff, 0x96, 0xa6, 0xad, 0xff
.byte 0x81, 0xd8, 0xf9, 0xff, 0x57, 0xd4, 0xff, 0xff, 0x2d, 0x2c, 0x2c, 0xff, 0x7d, 0xa6, 0xb4, 0xff
.byte 0x00, 0x00, 0x00, 0xff, 0x95, 0xc5, 0xd3, 0xff, 0x50, 0x5e, 0x62, 0xff, 0x4d, 0xd8, 0xff, 0xff
.byte 0x4f, 0xd8, 0xfc, 0xff, 0x67, 0x83, 0x8b, 0xff, 0x00, 0x02, 0x02, 0xff, 0x3e, 0x3f, 0x3f, 0xff
.byte 0xed, 0xff, 0xff, 0xff, 0xfd, 0xfe, 0xfd, 0xff, 0x67, 0xde, 0xfa, 0xff, 0x19, 0x19, 0x19, 0xff
.byte 0x5f, 0x78, 0x7f, 0xff, 0x35, 0x48, 0x4d, 0xff, 0x37, 0x45, 0x48, 0xff, 0x2e, 0xdc, 0xff, 0xff
.byte 0x1f, 0xcd, 0xfc, 0xff, 0x5e, 0xc0, 0xd3, 0xff, 0x00, 0x00, 0x00, 0xff, 0x81, 0x82, 0x82, 0xff
.byte 0x31, 0x31, 0x31, 0xff, 0x8f, 0xed, 0xff, 0xff, 0x85, 0xe3, 0xff, 0xff, 0x3f, 0xd1, 0xfe, 0xff
.byte 0x73, 0xdb, 0xfd, 0xff, 0xae, 0xe8, 0xfd, 0xff, 0xff, 0xff, 0xff, 0xff, 0x2f, 0x2f, 0x2f, 0xff
.byte 0x21, 0x21, 0x21, 0xff, 0xff, 0xff, 0xff, 0xff, 0x49, 0x49, 0x49, 0xff, 0x27, 0x27, 0x27, 0xff
.byte 0xff, 0xff, 0xff, 0xff, 0xff, 0xff, 0xff, 0xff, 0xff, 0xff, 0xff, 0xff, 0xff, 0xff, 0xff, 0xff
.byte 0xfd, 0xfd, 0xfd, 0xff, 0xe0, 0xe0, 0xe0, 0xff, 0x95, 0x95, 0x95, 0xfe, 0x5c, 0x5c, 0x5c, 0xe9
.byte 0x4b, 0x4b, 0x4b, 0x80, 0x48, 0x48, 0x48, 0x15, 0x47, 0x47, 0x47, 0x15, 0x4c, 0x4c, 0x4c, 0x7f
.byte 0x5b, 0x5b, 0x5b, 0xea, 0x95, 0x95, 0x95, 0xfe, 0xe0, 0xe0, 0xe0, 0xff, 0xfd, 0xfd, 0xfd, 0xff
.byte 0xff, 0xff, 0xff, 0xff, 0xff, 0xff, 0xff, 0xff, 0xff, 0xff, 0xff, 0xff, 0xff, 0xff, 0xff, 0xff
.byte 0xff, 0xff, 0xff, 0xff, 0xfe, 0xfe, 0xfd, 0xff, 0xf9, 0xee, 0xd9, 0xff, 0xf6, 0xe7, 0xca, 0xff
.byte 0xff, 0xff, 0xff, 0xff, 0xff, 0xff, 0xff, 0xff, 0xff, 0xff, 0xff, 0xff, 0xff, 0xff, 0xff, 0xff
.byte 0xff, 0xff, 0xff, 0xff, 0xfe, 0xfd, 0xfb, 0xff, 0xff, 0xff, 0xff, 0xff, 0xe9, 0xc3, 0x78, 0xff
.byte 0xf6, 0xe6, 0xc7, 0xff, 0xd6, 0x8c, 0x00, 0xff, 0xd8, 0x94, 0x0f, 0xff, 0xe1, 0xae, 0x4c, 0xff
.byte 0xe1, 0xac, 0x45, 0xff, 0xe1, 0xac, 0x4a, 0xff, 0xdb, 0x9b, 0x23, 0xff, 0xde, 0xa3, 0x37, 0xff
.byte 0xdc, 0x9e, 0x31, 0xff, 0xa9, 0x8e, 0x60, 0xff, 0x00, 0x00, 0x00, 0xff, 0xba, 0xa3, 0x83, 0xff
.byte 0xcf, 0xa9, 0x75, 0xff, 0x2d, 0x2d, 0x2d, 0xff, 0xff, 0xff, 0xff, 0xff, 0xff, 0xff, 0xff, 0xff
.byte 0x15, 0x15, 0x15, 0xff, 0x47, 0x47, 0x47, 0xff, 0xff, 0xff, 0xff, 0xff, 0xfe, 0xfe, 0xfe, 0xff
.byte 0xfe, 0xfe, 0xfe, 0xff, 0x16, 0x16, 0x16, 0xff, 0x01, 0x01, 0x01, 0xff, 0xdc, 0xdc, 0xdc, 0xff
.byte 0x19, 0x19, 0x19, 0xff, 0xc9, 0xc9, 0xc9, 0xff, 0xfd, 0xfd, 0xfd, 0xff, 0xfb, 0xfb, 0xfb, 0xff
.byte 0xba, 0xba, 0xba, 0xff, 0x02, 0x02, 0x02, 0xff, 0x53, 0x53, 0x53, 0xff, 0xff, 0xff, 0xff, 0xff
.byte 0xff, 0xff, 0xff, 0xff, 0xff, 0xff, 0xff, 0xff, 0x0a, 0x0a, 0x0a, 0xff, 0x4c, 0x4c, 0x4c, 0xff
.byte 0xff, 0xff, 0xff, 0xff, 0xff, 0xff, 0xff, 0xff, 0xff, 0xff, 0xff, 0xff, 0xff, 0xff, 0xff, 0xff
.byte 0xff, 0xff, 0xff, 0xff, 0xfe, 0xfe, 0xfe, 0xff, 0xfc, 0xfc, 0xfc, 0xff, 0x17, 0x17, 0x17, 0xff
.byte 0x38, 0x38, 0x38, 0xff, 0xff, 0xff, 0xff, 0xff, 0x54, 0x54, 0x54, 0xff, 0xa0, 0xa2, 0xa4, 0xff
.byte 0x82, 0xad, 0xe0, 0xff, 0x84, 0xa3, 0xc3, 0xff, 0x00, 0x00, 0x01, 0xff, 0x30, 0x2d, 0x2d, 0xff
.byte 0x6a, 0xbe, 0xf8, 0xff, 0x7b, 0xc2, 0xee, 0xff, 0xe6, 0xf6, 0xff, 0xff, 0x34, 0x34, 0x34, 0xff
.byte 0x01, 0x01, 0x01, 0xff, 0x8c, 0xa4, 0xaf, 0xff, 0x2b, 0x34, 0x36, 0xff, 0x8c, 0xa3, 0xac, 0xff
.byte 0x36, 0xc4, 0xf8, 0xff, 0x51, 0xd2, 0xff, 0xff, 0x0c, 0x0c, 0x0c, 0xff, 0x93, 0x99, 0x9a, 0xff
.byte 0x00, 0x00, 0x00, 0xff, 0x85, 0x86, 0x86, 0xff, 0x64, 0x6e, 0x70, 0xff, 0x98, 0xe9, 0xff, 0xff
.byte 0xd6, 0xf4, 0xfb, 0xff, 0x9f, 0xa4, 0xa6, 0xff, 0x00, 0x00, 0x00, 0xff, 0x4e, 0x53, 0x55, 0xff
.byte 0xff, 0xff, 0xff, 0xff, 0xa5, 0xec, 0xfe, 0xff, 0xbb, 0xee, 0xf8, 0xff, 0x11, 0x11, 0x11, 0xff
.byte 0x65, 0x87, 0x90, 0xff, 0x30, 0x46, 0x4c, 0xff, 0x3b, 0x4b, 0x4f, 0xff, 0x2d, 0xdc, 0xff, 0xff
.byte 0x1e, 0xcf, 0xfc, 0xff, 0x66, 0xa4, 0xb4, 0xff, 0x01, 0x00, 0x00, 0xff, 0xad, 0xb0, 0xb1, 0xff
.byte 0x19, 0x19, 0x19, 0xff, 0x48, 0xe0, 0xff, 0xff, 0x66, 0xdd, 0xff, 0xff, 0x22, 0xcc, 0xfe, 0xff
.byte 0x6c, 0xdc, 0xfd, 0xff, 0x59, 0xd4, 0xfb, 0xff, 0xcc, 0xcb, 0xcb, 0xff, 0x00, 0x01, 0x01, 0xff
.byte 0xa0, 0xa0, 0xa0, 0xff, 0xfb, 0xfb, 0xfb, 0xff, 0xc4, 0xc4, 0xc4, 0xff, 0x01, 0x01, 0x01, 0xff
.byte 0xc3, 0xc3, 0xc3, 0xff, 0xfd, 0xfd, 0xfd, 0xff, 0xff, 0xff, 0xff, 0xff, 0xff, 0xff, 0xff, 0xff
.byte 0xfd, 0xfd, 0xfd, 0xff, 0xe0, 0xe0, 0xe0, 0xff, 0x95, 0x95, 0x95, 0xfe, 0x5c, 0x5c, 0x5c, 0xe9
.byte 0x4b, 0x4b, 0x4b, 0x80, 0x48, 0x48, 0x48, 0x15, 0x47, 0x47, 0x47, 0x15, 0x4c, 0x4c, 0x4c, 0x7f
.byte 0x5b, 0x5b, 0x5b, 0xea, 0x95, 0x95, 0x95, 0xfe, 0xe0, 0xe0, 0xe0, 0xff, 0xfd, 0xfd, 0xfd, 0xff
.byte 0xff, 0xff, 0xff, 0xff, 0xff, 0xff, 0xff, 0xff, 0xff, 0xff, 0xff, 0xff, 0xff, 0xff, 0xff, 0xff
.byte 0xff, 0xff, 0xff, 0xff, 0xff, 0xff, 0xff, 0xff, 0xff, 0xff, 0xff, 0xff, 0xef, 0xd2, 0x9b, 0xff
.byte 0xfd, 0xf8, 0xf0, 0xff, 0xfe, 0xfe, 0xfe, 0xff, 0xff, 0xff, 0xff, 0xff, 0xfe, 0xfe, 0xfe, 0xff
.byte 0xfe, 0xfd, 0xfb, 0xff, 0xff, 0xff, 0xff, 0xff, 0xdb, 0x9b, 0x21, 0xff, 0xfc, 0xf8, 0xf1, 0xff
.byte 0xed, 0xd0, 0x97, 0xff, 0xd6, 0x8c, 0x00, 0xff, 0xd6, 0x8f, 0x03, 0xff, 0xd9, 0x94, 0x11, 0xff
.byte 0xe4, 0xb7, 0x60, 0xff, 0xe1, 0xac, 0x47, 0xff, 0xe4, 0xb4, 0x58, 0xff, 0xdf, 0xa6, 0x3d, 0xff
.byte 0xd8, 0x91, 0x16, 0xff, 0xab, 0x8e, 0x5c, 0xff, 0x00, 0x00, 0x00, 0xff, 0xd0, 0xc9, 0xbf, 0xff
.byte 0x45, 0x3f, 0x37, 0xff, 0x3b, 0x3b, 0x3b, 0xff, 0xff, 0xff, 0xff, 0xff, 0xff, 0xff, 0xff, 0xff
.byte 0x18, 0x18, 0x18, 0xff, 0x4a, 0x4a, 0x4a, 0xff, 0xff, 0xff, 0xff, 0xff, 0xfe, 0xfe, 0xfe, 0xff
.byte 0xff, 0xff, 0xff, 0xff, 0x19, 0x19, 0x19, 0xff, 0x09, 0x09, 0x09, 0xff, 0xfa, 0xfa, 0xfa, 0xff
.byte 0x1d, 0x1d, 0x1d, 0xff, 0xce, 0xce, 0xce, 0xff, 0xfd, 0xfd, 0xfd, 0xff, 0xfc, 0xfc, 0xfc, 0xff
.byte 0xcf, 0xcf, 0xcf, 0xff, 0x02, 0x02, 0x02, 0xff, 0x68, 0x68, 0x68, 0xff, 0xff, 0xff, 0xff, 0xff
.byte 0xff, 0xff, 0xff, 0xff, 0xff, 0xff, 0xff, 0xff, 0x0c, 0x0c, 0x0c, 0xff, 0x4f, 0x4f, 0x4f, 0xff
.byte 0xff, 0xff, 0xff, 0xff, 0xff, 0xff, 0xff, 0xff, 0xff, 0xff, 0xff, 0xff, 0xff, 0xff, 0xff, 0xff
.byte 0xff, 0xff, 0xff, 0xff, 0xfe, 0xfe, 0xfe, 0xff, 0xfc, 0xfc, 0xfc, 0xff, 0x19, 0x19, 0x19, 0xff
.byte 0x3a, 0x3a, 0x3a, 0xff, 0xdb, 0xdb, 0xdb, 0xff, 0x00, 0x00, 0x00, 0xff, 0xa4, 0xa4, 0xa5, 0xff
.byte 0xff, 0xff, 0xff, 0xff, 0xcc, 0xd9, 0xe4, 0xff, 0x00, 0x00, 0x00, 0xff, 0x42, 0x41, 0x41, 0xff
.byte 0x5c, 0xb6, 0xf3, 0xff, 0xb3, 0xdc, 0xf6, 0xff, 0xfc, 0xff, 0xff, 0xff, 0x34, 0x34, 0x34, 0xff
.byte 0x08, 0x08, 0x08, 0xff, 0x77, 0xb8, 0xd4, 0xff, 0x2d, 0x36, 0x39, 0xff, 0x65, 0x99, 0xae, 0xff
.byte 0x6c, 0xd4, 0xfa, 0xff, 0xff, 0xff, 0xff, 0xff, 0x17, 0x17, 0x16, 0xff, 0x22, 0x22, 0x22, 0xff
.byte 0x03, 0x03, 0x03, 0xff, 0x15, 0x16, 0x16, 0xff, 0x6b, 0x75, 0x78, 0xff, 0x28, 0xd1, 0xff, 0xff
.byte 0x2a, 0xd0, 0xfc, 0xff, 0xa6, 0xbd, 0xc2, 0xff, 0x00, 0x02, 0x03, 0xff, 0x4f, 0x64, 0x6b, 0xff
.byte 0xaf, 0xf2, 0xff, 0xff, 0xcc, 0xf4, 0xfe, 0xff, 0x89, 0xe8, 0xfd, 0xff, 0x1a, 0x19, 0x19, 0xff
.byte 0x6b, 0x7a, 0x7e, 0xff, 0x29, 0x34, 0x36, 0xff, 0x4e, 0x64, 0x6c, 0xff, 0x27, 0xdb, 0xff, 0xff
.byte 0x22, 0xd5, 0xfe, 0xff, 0x81, 0x8b, 0x8f, 0xff, 0x1b, 0x1b, 0x1b, 0xff, 0x82, 0xc3, 0xd5, 0xff
.byte 0x01, 0x01, 0x01, 0xff, 0x53, 0xdc, 0xff, 0xff, 0x59, 0xda, 0xfe, 0xff, 0x28, 0xcf, 0xff, 0xff
.byte 0x51, 0xd6, 0xff, 0xff, 0xe4, 0xff, 0xff, 0xff, 0x39, 0x3f, 0x40, 0xff, 0x16, 0x17, 0x17, 0xff
.byte 0xff, 0xff, 0xff, 0xff, 0xfe, 0xfe, 0xfe, 0xff, 0xff, 0xff, 0xff, 0xff, 0x29, 0x29, 0x29, 0xff
.byte 0x4b, 0x4b, 0x4b, 0xff, 0xff, 0xff, 0xff, 0xff, 0xff, 0xff, 0xff, 0xff, 0xff, 0xff, 0xff, 0xff
.byte 0xfd, 0xfd, 0xfd, 0xff, 0xe0, 0xe0, 0xe0, 0xff, 0x95, 0x95, 0x95, 0xfe, 0x5c, 0x5c, 0x5c, 0xe9
.byte 0x4b, 0x4b, 0x4b, 0x80, 0x48, 0x48, 0x48, 0x15, 0x47, 0x47, 0x47, 0x15, 0x4c, 0x4c, 0x4c, 0x7f
.byte 0x5b, 0x5b, 0x5b, 0xea, 0x95, 0x95, 0x95, 0xfe, 0xe0, 0xe0, 0xe0, 0xff, 0xfd, 0xfd, 0xfd, 0xff
.byte 0xff, 0xff, 0xff, 0xff, 0xff, 0xff, 0xff, 0xff, 0xff, 0xff, 0xff, 0xff, 0xff, 0xff, 0xff, 0xff
.byte 0xff, 0xff, 0xff, 0xff, 0xff, 0xff, 0xff, 0xff, 0xfe, 0xfe, 0xfd, 0xff, 0xfc, 0xf7, 0xee, 0xff
.byte 0xe0, 0xab, 0x43, 0xff, 0xf7, 0xec, 0xd5, 0xff, 0xff, 0xff, 0xff, 0xff, 0xff, 0xff, 0xff, 0xff
.byte 0xf2, 0xda, 0xae, 0xff, 0xe0, 0xab, 0x42, 0xff, 0xee, 0xcf, 0x94, 0xff, 0xff, 0xff, 0xff, 0xff
.byte 0xef, 0xd3, 0x9f, 0xff, 0xd6, 0x8c, 0x00, 0xff, 0xd6, 0x8d, 0x01, 0xff, 0xdb, 0x9e, 0x26, 0xff
.byte 0xd9, 0x97, 0x18, 0xff, 0xd8, 0x92, 0x0e, 0xff, 0xe1, 0xae, 0x4c, 0xff, 0xd9, 0x96, 0x1c, 0xff
.byte 0xdf, 0xa0, 0x31, 0xff, 0x6f, 0x6a, 0x62, 0xff, 0x0e, 0x0e, 0x0e, 0xff, 0x0d, 0x0d, 0x0d, 0xff
.byte 0x13, 0x13, 0x13, 0xff, 0x43, 0x43, 0x43, 0xff, 0xfd, 0xf0, 0xe1, 0xff, 0xe5, 0xe5, 0xe5, 0xff
.byte 0x0c, 0x0c, 0x0c, 0xff, 0x1e, 0x1e, 0x1e, 0xff, 0xff, 0xff, 0xff, 0xff, 0xfd, 0xfd, 0xfd, 0xff
.byte 0xe4, 0xe4, 0xe4, 0xff, 0x0c, 0x0c, 0x0c, 0xff, 0x28, 0x28, 0x28, 0xff, 0xf3, 0xf3, 0xf3, 0xff
.byte 0x16, 0x16, 0x16, 0xff, 0x8f, 0x8f, 0x8f, 0xff, 0xff, 0xff, 0xff, 0xff, 0xfd, 0xfd, 0xfd, 0xff
.byte 0xe5, 0xe5, 0xe5, 0xff, 0x0c, 0x0c, 0x0c, 0xff, 0x83, 0x83, 0x83, 0xff, 0xff, 0xff, 0xff, 0xff
.byte 0xfd, 0xfd, 0xfd, 0xff, 0xbd, 0xbd, 0xbd, 0xff, 0x0c, 0x0c, 0x0c, 0xff, 0x1c, 0x1c, 0x1c, 0xff
.byte 0xfa, 0xfa, 0xfa, 0xff, 0xfe, 0xfe, 0xfe, 0xff, 0xff, 0xff, 0xff, 0xff, 0xff, 0xff, 0xff, 0xff
.byte 0xff, 0xff, 0xff, 0xff, 0xff, 0xff, 0xff, 0xff, 0xcc, 0xcc, 0xcc, 0xff, 0x12, 0x12, 0x12, 0xff
.byte 0x0f, 0x0f, 0x0f, 0xff, 0x08, 0x08, 0x08, 0xff, 0x0b, 0x0b, 0x0b, 0xff, 0xaa, 0xaa, 0xaa, 0xff
.byte 0xfc, 0xfc, 0xfc, 0xff, 0xf9, 0xfa, 0xfa, 0xff, 0x0b, 0x0c, 0x0c, 0xff, 0x5b, 0x5d, 0x5e, 0xff
.byte 0x6e, 0xbd, 0xf1, 0xff, 0x62, 0xb9, 0xee, 0xff, 0xdf, 0xed, 0xf5, 0xff, 0x1c, 0x1a, 0x1a, 0xff
.byte 0x27, 0x27, 0x27, 0xff, 0x99, 0xce, 0xe6, 0xff, 0x29, 0x27, 0x27, 0xff, 0x6e, 0x71, 0x71, 0xff
.byte 0xa1, 0xe8, 0xff, 0xff, 0x5f, 0xdb, 0xff, 0xff, 0x2a, 0x2a, 0x2b, 0xff, 0x12, 0x12, 0x13, 0xff
.byte 0x10, 0x10, 0x10, 0xff, 0x11, 0x12, 0x12, 0xff, 0x6f, 0x7f, 0x82, 0xff, 0xad, 0xee, 0xff, 0xff
.byte 0xba, 0xef, 0xfc, 0xff, 0xb4, 0xd4, 0xdd, 0xff, 0x0a, 0x0a, 0x0a, 0xff, 0x66, 0x7f, 0x85, 0xff
.byte 0x3a, 0xd9, 0xff, 0xff, 0xf7, 0xfd, 0xff, 0xff, 0x2b, 0xd8, 0xff, 0xff, 0x67, 0x81, 0x87, 0xff
.byte 0x01, 0x01, 0x01, 0xff, 0x0e, 0x0d, 0x0d, 0xff, 0x5f, 0xba, 0xce, 0xff, 0x1f, 0xd3, 0xfe, 0xff
.byte 0x67, 0xe7, 0xff, 0xff, 0x42, 0x42, 0x42, 0xff, 0x22, 0x21, 0x21, 0xff, 0x8e, 0x98, 0x9a, 0xff
.byte 0x16, 0x16, 0x16, 0xff, 0x88, 0x99, 0x9d, 0xff, 0x4c, 0xd8, 0xff, 0xff, 0x2a, 0xd0, 0xff, 0xff
.byte 0x86, 0xe4, 0xff, 0xff, 0x85, 0x81, 0x81, 0xff, 0x0a, 0x0a, 0x0a, 0xff, 0x44, 0x44, 0x44, 0xff
.byte 0xff, 0xff, 0xff, 0xff, 0xff, 0xff, 0xff, 0xff, 0xff, 0xff, 0xff, 0xff, 0x5c, 0x5c, 0x5c, 0xff
.byte 0x10, 0x10, 0x10, 0xff, 0x92, 0x92, 0x92, 0xff, 0xff, 0xff, 0xff, 0xff, 0xff, 0xff, 0xff, 0xff
.byte 0xfd, 0xfd, 0xfd, 0xff, 0xe0, 0xe0, 0xe0, 0xff, 0x95, 0x95, 0x95, 0xfe, 0x5c, 0x5c, 0x5c, 0xe9
.byte 0x4b, 0x4b, 0x4b, 0x80, 0x48, 0x48, 0x48, 0x15, 0x47, 0x47, 0x47, 0x15, 0x4c, 0x4c, 0x4c, 0x7f
.byte 0x5b, 0x5b, 0x5b, 0xea, 0x95, 0x95, 0x95, 0xfe, 0xe0, 0xe0, 0xe0, 0xff, 0xfd, 0xfd, 0xfd, 0xff
.byte 0xff, 0xff, 0xff, 0xff, 0xff, 0xff, 0xff, 0xff, 0xff, 0xff, 0xff, 0xff, 0xff, 0xff, 0xff, 0xff
.byte 0xff, 0xff, 0xff, 0xff, 0xff, 0xff, 0xff, 0xff, 0xff, 0xff, 0xff, 0xff, 0xff, 0xff, 0xff, 0xff
.byte 0xf8, 0xed, 0xd7, 0xff, 0xdf, 0xa6, 0x38, 0xff, 0xdb, 0x9f, 0x28, 0xff, 0xda, 0x99, 0x1a, 0xff
.byte 0xe0, 0xaa, 0x41, 0xff, 0xf0, 0xd8, 0xa8, 0xff, 0xe8, 0xc2, 0x76, 0xff, 0xfb, 0xf6, 0xeb, 0xff
.byte 0xd6, 0x8f, 0x07, 0xff, 0xd6, 0x8d, 0x00, 0xff, 0xdd, 0xa1, 0x2d, 0xff, 0xd6, 0x8e, 0x03, 0xff
.byte 0xeb, 0xca, 0x8c, 0xff, 0xe3, 0xb3, 0x57, 0xff, 0xd9, 0x92, 0x0d, 0xff, 0xd8, 0x94, 0x16, 0xff
.byte 0xe0, 0xa5, 0x3e, 0xff, 0xf4, 0xc5, 0x77, 0xff, 0xfa, 0xd4, 0x97, 0xff, 0xfa, 0xce, 0x91, 0xff
.byte 0xf9, 0xcb, 0x8e, 0xff, 0xff, 0xea, 0xd0, 0xff, 0xef, 0xc9, 0xa1, 0xff, 0xff, 0xfb, 0xf8, 0xff
.byte 0xff, 0xff, 0xff, 0xff, 0xff, 0xff, 0xff, 0xff, 0xff, 0xff, 0xff, 0xff, 0xff, 0xff, 0xff, 0xff
.byte 0xff, 0xff, 0xff, 0xff, 0xff, 0xff, 0xff, 0xff, 0xff, 0xff, 0xff, 0xff, 0xff, 0xff, 0xff, 0xff
.byte 0xff, 0xff, 0xff, 0xff, 0xff, 0xff, 0xff, 0xff, 0xff, 0xff, 0xff, 0xff, 0xff, 0xff, 0xff, 0xff
.byte 0xff, 0xff, 0xff, 0xff, 0xff, 0xff, 0xff, 0xff, 0xff, 0xff, 0xff, 0xff, 0xff, 0xff, 0xff, 0xff
.byte 0xff, 0xff, 0xff, 0xff, 0xff, 0xff, 0xff, 0xff, 0xff, 0xff, 0xff, 0xff, 0xff, 0xff, 0xff, 0xff
.byte 0xff, 0xff, 0xff, 0xff, 0xff, 0xff, 0xff, 0xff, 0xff, 0xff, 0xff, 0xff, 0xff, 0xff, 0xff, 0xff
.byte 0xff, 0xff, 0xff, 0xff, 0xff, 0xff, 0xff, 0xff, 0xff, 0xff, 0xff, 0xff, 0xff, 0xff, 0xff, 0xff
.byte 0xff, 0xff, 0xff, 0xff, 0xff, 0xff, 0xff, 0xff, 0xff, 0xff, 0xff, 0xff, 0xff, 0xff, 0xff, 0xff
.byte 0xff, 0xff, 0xff, 0xff, 0xff, 0xff, 0xff, 0xff, 0xff, 0xff, 0xff, 0xff, 0xff, 0xff, 0xff, 0xff
.byte 0xff, 0xff, 0xff, 0xff, 0xea, 0xf6, 0xfc, 0xff, 0xc5, 0xe9, 0xfd, 0xff, 0xec, 0xff, 0xff, 0xff
.byte 0xbb, 0xef, 0xff, 0xff, 0xce, 0xf0, 0xff, 0xff, 0xff, 0xff, 0xff, 0xff, 0xff, 0xff, 0xff, 0xff
.byte 0xff, 0xff, 0xff, 0xff, 0xff, 0xff, 0xff, 0xff, 0xff, 0xff, 0xff, 0xff, 0xff, 0xff, 0xff, 0xff
.byte 0xff, 0xff, 0xff, 0xff, 0xff, 0xff, 0xff, 0xff, 0xff, 0xff, 0xff, 0xff, 0xfd, 0xfe, 0xfe, 0xff
.byte 0xe5, 0xfa, 0xff, 0xff, 0xd1, 0xf8, 0xff, 0xff, 0xcc, 0xff, 0xff, 0xff, 0x7b, 0xeb, 0xff, 0xff
.byte 0x24, 0xd5, 0xff, 0xff, 0x9f, 0xed, 0xff, 0xff, 0x2a, 0xd6, 0xff, 0xff, 0x26, 0xd9, 0xff, 0xff
.byte 0x4d, 0xde, 0xff, 0xff, 0x7c, 0xeb, 0xff, 0xff, 0x20, 0xd5, 0xff, 0xff, 0x20, 0xd4, 0xff, 0xff
.byte 0xd1, 0xf7, 0xff, 0xff, 0x99, 0xf7, 0xff, 0xff, 0x3b, 0xe3, 0xff, 0xff, 0x35, 0xe0, 0xff, 0xff
.byte 0x45, 0xe4, 0xff, 0xff, 0x30, 0xdd, 0xff, 0xff, 0x45, 0xd7, 0xfe, 0xff, 0x48, 0xd7, 0xff, 0xff
.byte 0xb0, 0xee, 0xff, 0xff, 0xee, 0xff, 0xff, 0xff, 0xff, 0xff, 0xff, 0xff, 0xff, 0xff, 0xff, 0xff
.byte 0xef, 0xfa, 0xfe, 0xff, 0xec, 0xfa, 0xfe, 0xff, 0xfd, 0xfe, 0xfe, 0xff, 0xff, 0xff, 0xff, 0xff
.byte 0xff, 0xff, 0xff, 0xff, 0xff, 0xff, 0xff, 0xff, 0xff, 0xff, 0xff, 0xff, 0xff, 0xff, 0xff, 0xff
.byte 0xfd, 0xfd, 0xfd, 0xff, 0xe0, 0xe0, 0xe0, 0xff, 0x95, 0x95, 0x95, 0xfe, 0x5c, 0x5c, 0x5c, 0xe9
.byte 0x4b, 0x4b, 0x4b, 0x80, 0x48, 0x48, 0x48, 0x15, 0x47, 0x47, 0x47, 0x15, 0x4c, 0x4c, 0x4c, 0x7f
.byte 0x5b, 0x5b, 0x5b, 0xea, 0x95, 0x95, 0x95, 0xfe, 0xe0, 0xe0, 0xe0, 0xff, 0xfd, 0xfd, 0xfd, 0xff
.byte 0xff, 0xff, 0xff, 0xff, 0xff, 0xff, 0xff, 0xff, 0xff, 0xff, 0xff, 0xff, 0xff, 0xff, 0xff, 0xff
.byte 0xff, 0xff, 0xff, 0xff, 0xff, 0xff, 0xff, 0xff, 0xff, 0xff, 0xff, 0xff, 0xff, 0xff, 0xff, 0xff
.byte 0xfe, 0xfe, 0xfd, 0xff, 0xff, 0xff, 0xff, 0xff, 0xff, 0xff, 0xff, 0xff, 0xff, 0xfe, 0xfe, 0xff
.byte 0xff, 0xff, 0xff, 0xff, 0xd7, 0x8f, 0x07, 0xff, 0xe9, 0xc1, 0x76, 0xff, 0xf4, 0xe0, 0xbb, 0xff
.byte 0xd6, 0x8d, 0x01, 0xff, 0xd7, 0x8f, 0x05, 0xff, 0xf1, 0xd9, 0xaa, 0xff, 0xe0, 0xaa, 0x40, 0xff
.byte 0xf7, 0xe8, 0xcc, 0xff, 0xfc, 0xf8, 0xef, 0xff, 0xfc, 0xf9, 0xf1, 0xff, 0xdb, 0x99, 0x22, 0xff
.byte 0xd6, 0x89, 0x02, 0xff, 0xdb, 0x96, 0x21, 0xff, 0xde, 0x99, 0x2c, 0xff, 0xdd, 0x90, 0x23, 0xff
.byte 0xde, 0x97, 0x36, 0xff, 0xde, 0x90, 0x33, 0xff, 0xdd, 0x8a, 0x35, 0xff, 0xee, 0xc2, 0x9c, 0xff
.byte 0xf2, 0xd1, 0xb9, 0xff, 0xfe, 0xfc, 0xfc, 0xff, 0xff, 0xff, 0xff, 0xff, 0xff, 0xff, 0xff, 0xff
.byte 0xff, 0xff, 0xff, 0xff, 0xff, 0xff, 0xff, 0xff, 0xff, 0xff, 0xff, 0xff, 0xff, 0xff, 0xff, 0xff
.byte 0xff, 0xff, 0xff, 0xff, 0xff, 0xff, 0xff, 0xff, 0xff, 0xff, 0xff, 0xff, 0xff, 0xff, 0xff, 0xff
.byte 0xff, 0xff, 0xff, 0xff, 0xff, 0xff, 0xff, 0xff, 0xff, 0xff, 0xff, 0xff, 0xff, 0xff, 0xff, 0xff
.byte 0xff, 0xff, 0xff, 0xff, 0xff, 0xff, 0xff, 0xff, 0xff, 0xff, 0xff, 0xff, 0xff, 0xff, 0xff, 0xff
.byte 0xff, 0xff, 0xff, 0xff, 0xff, 0xff, 0xff, 0xff, 0xff, 0xff, 0xff, 0xff, 0xff, 0xff, 0xff, 0xff
.byte 0xff, 0xff, 0xff, 0xff, 0xff, 0xff, 0xff, 0xff, 0xff, 0xff, 0xff, 0xff, 0xff, 0xff, 0xff, 0xff
.byte 0xff, 0xff, 0xff, 0xff, 0xff, 0xff, 0xff, 0xff, 0xff, 0xff, 0xff, 0xff, 0xff, 0xff, 0xff, 0xff
.byte 0xff, 0xff, 0xff, 0xff, 0xff, 0xff, 0xff, 0xff, 0xff, 0xff, 0xff, 0xff, 0xff, 0xff, 0xff, 0xff
.byte 0xfe, 0xfe, 0xfe, 0xff, 0xfd, 0xfe, 0xfe, 0xff, 0xff, 0xff, 0xff, 0xff, 0xff, 0xff, 0xff, 0xff
.byte 0xff, 0xff, 0xff, 0xff, 0xfd, 0xfe, 0xfe, 0xff, 0xff, 0xff, 0xff, 0xff, 0xff, 0xff, 0xff, 0xff
.byte 0xff, 0xff, 0xff, 0xff, 0xfe, 0xfe, 0xff, 0xff, 0xff, 0xff, 0xff, 0xff, 0xff, 0xff, 0xff, 0xff
.byte 0xff, 0xff, 0xff, 0xff, 0xff, 0xff, 0xff, 0xff, 0xff, 0xff, 0xff, 0xff, 0xfd, 0xfe, 0xff, 0xff
.byte 0xc6, 0xf4, 0xff, 0xff, 0x71, 0xe3, 0xff, 0xff, 0x76, 0xe4, 0xff, 0xff, 0x3b, 0xda, 0xff, 0xff
.byte 0x37, 0xd9, 0xff, 0xff, 0x39, 0xda, 0xff, 0xff, 0x2e, 0xd7, 0xff, 0xff, 0x22, 0xd5, 0xff, 0xff
.byte 0x26, 0xd6, 0xfe, 0xff, 0x48, 0xdc, 0xfe, 0xff, 0x1f, 0xd5, 0xff, 0xff, 0x3e, 0xdb, 0xff, 0xff
.byte 0xff, 0xff, 0xff, 0xff, 0x4e, 0xdc, 0xff, 0xff, 0x70, 0xe2, 0xff, 0xff, 0x9f, 0xeb, 0xff, 0xff
.byte 0x33, 0xd4, 0xff, 0xff, 0x4b, 0xd9, 0xff, 0xff, 0x6d, 0xe0, 0xff, 0xff, 0x74, 0xe0, 0xff, 0xff
.byte 0x7e, 0xe2, 0xff, 0xff, 0xe2, 0xf8, 0xfe, 0xff, 0xf7, 0xfd, 0xfe, 0xff, 0xd5, 0xf3, 0xfe, 0xff
.byte 0x91, 0xdf, 0xfb, 0xff, 0xf9, 0xfd, 0xff, 0xff, 0xfe, 0xfe, 0xfe, 0xff, 0xff, 0xff, 0xff, 0xff
.byte 0xff, 0xff, 0xff, 0xff, 0xff, 0xff, 0xff, 0xff, 0xff, 0xff, 0xff, 0xff, 0xff, 0xff, 0xff, 0xff
.byte 0xfd, 0xfd, 0xfd, 0xff, 0xe0, 0xe0, 0xe0, 0xff, 0x95, 0x95, 0x95, 0xfe, 0x5c, 0x5c, 0x5c, 0xe9
.byte 0x4b, 0x4b, 0x4b, 0x80, 0x48, 0x48, 0x48, 0x15, 0x47, 0x47, 0x47, 0x15, 0x4c, 0x4c, 0x4c, 0x7f
.byte 0x5b, 0x5b, 0x5b, 0xea, 0x95, 0x95, 0x95, 0xfe, 0xe0, 0xe0, 0xe0, 0xff, 0xfd, 0xfd, 0xfd, 0xff
.byte 0xff, 0xff, 0xff, 0xff, 0xff, 0xff, 0xff, 0xff, 0xff, 0xff, 0xff, 0xff, 0xff, 0xff, 0xff, 0xff
.byte 0xff, 0xff, 0xff, 0xff, 0xff, 0xff, 0xff, 0xff, 0xff, 0xff, 0xff, 0xff, 0xff, 0xff, 0xff, 0xff
.byte 0xff, 0xff, 0xff, 0xff, 0xff, 0xff, 0xff, 0xff, 0xff, 0xff, 0xff, 0xff, 0xfe, 0xfe, 0xfe, 0xff
.byte 0xfe, 0xfe, 0xfd, 0xff, 0xf3, 0xde, 0xb6, 0xff, 0xf7, 0xe9, 0xcc, 0xff, 0xe7, 0xbe, 0x6e, 0xff
.byte 0xdc, 0xa0, 0x2c, 0xff, 0xd9, 0x98, 0x1b, 0xff, 0xf4, 0xe2, 0xbf, 0xff, 0xf0, 0xd6, 0xa3, 0xff
.byte 0xf3, 0xde, 0xb6, 0xff, 0xff, 0xff, 0xff, 0xff, 0xf3, 0xdd, 0xb5, 0xff, 0xf9, 0xee, 0xda, 0xff
.byte 0xdb, 0x94, 0x1a, 0xff, 0xd7, 0x88, 0x03, 0xff, 0xd7, 0x87, 0x05, 0xff, 0xda, 0x8c, 0x1c, 0xff
.byte 0xdf, 0x94, 0x32, 0xff, 0xe2, 0x9d, 0x4b, 0xff, 0xe7, 0xad, 0x6f, 0xff, 0xe5, 0x9e, 0x61, 0xff
.byte 0xf7, 0xe5, 0xd7, 0xff, 0xf0, 0xc7, 0xaf, 0xff, 0xf8, 0xe5, 0xdc, 0xff, 0xff, 0xff, 0xff, 0xff
.byte 0xff, 0xff, 0xff, 0xff, 0xff, 0xff, 0xff, 0xff, 0xff, 0xff, 0xff, 0xff, 0xff, 0xff, 0xff, 0xff
.byte 0xff, 0xff, 0xff, 0xff, 0xff, 0xff, 0xff, 0xff, 0xff, 0xff, 0xff, 0xff, 0xff, 0xff, 0xff, 0xff
.byte 0xff, 0xff, 0xff, 0xff, 0xff, 0xff, 0xff, 0xff, 0xff, 0xff, 0xff, 0xff, 0xff, 0xff, 0xff, 0xff
.byte 0xff, 0xff, 0xff, 0xff, 0xff, 0xff, 0xff, 0xff, 0xff, 0xff, 0xff, 0xff, 0xff, 0xff, 0xff, 0xff
.byte 0xff, 0xff, 0xff, 0xff, 0xff, 0xff, 0xff, 0xff, 0xff, 0xff, 0xff, 0xff, 0xff, 0xff, 0xff, 0xff
.byte 0xff, 0xff, 0xff, 0xff, 0xff, 0xff, 0xff, 0xff, 0xff, 0xff, 0xff, 0xff, 0xff, 0xff, 0xff, 0xff
.byte 0xff, 0xff, 0xff, 0xff, 0xff, 0xff, 0xff, 0xff, 0xff, 0xff, 0xff, 0xff, 0xff, 0xff, 0xff, 0xff
.byte 0xff, 0xff, 0xff, 0xff, 0xff, 0xff, 0xff, 0xff, 0xff, 0xff, 0xff, 0xff, 0xff, 0xff, 0xff, 0xff
.byte 0xff, 0xff, 0xff, 0xff, 0xff, 0xff, 0xff, 0xff, 0xff, 0xff, 0xff, 0xff, 0xff, 0xff, 0xff, 0xff
.byte 0xff, 0xff, 0xff, 0xff, 0xff, 0xff, 0xff, 0xff, 0xff, 0xff, 0xff, 0xff, 0xff, 0xff, 0xff, 0xff
.byte 0xff, 0xff, 0xff, 0xff, 0xff, 0xff, 0xff, 0xff, 0xff, 0xff, 0xff, 0xff, 0xff, 0xff, 0xff, 0xff
.byte 0xff, 0xff, 0xff, 0xff, 0xff, 0xff, 0xff, 0xff, 0xff, 0xff, 0xff, 0xff, 0xff, 0xff, 0xff, 0xff
.byte 0xff, 0xff, 0xff, 0xff, 0x81, 0xe6, 0xff, 0xff, 0x80, 0xe5, 0xff, 0xff, 0x62, 0xe0, 0xff, 0xff
.byte 0x29, 0xd7, 0xff, 0xff, 0x22, 0xd5, 0xff, 0xff, 0x25, 0xd6, 0xff, 0xff, 0x27, 0xd7, 0xff, 0xff
.byte 0x27, 0xd7, 0xff, 0xff, 0x21, 0xd6, 0xff, 0xff, 0x21, 0xd5, 0xff, 0xff, 0xb9, 0xf2, 0xff, 0xff
.byte 0xd0, 0xf6, 0xff, 0xff, 0xd2, 0xf6, 0xff, 0xff, 0xef, 0xfc, 0xff, 0xff, 0xa9, 0xed, 0xff, 0xff
.byte 0x24, 0xd3, 0xff, 0xff, 0x32, 0xd5, 0xff, 0xff, 0x25, 0xd0, 0xff, 0xff, 0x22, 0xcf, 0xff, 0xff
.byte 0xf1, 0xfc, 0xff, 0xff, 0xfb, 0xfe, 0xff, 0xff, 0xfe, 0xfe, 0xff, 0xff, 0xff, 0xff, 0xff, 0xff
.byte 0xfd, 0xfe, 0xff, 0xff, 0xfc, 0xfe, 0xff, 0xff, 0xff, 0xff, 0xff, 0xff, 0xff, 0xff, 0xff, 0xff
.byte 0xff, 0xff, 0xff, 0xff, 0xff, 0xff, 0xff, 0xff, 0xff, 0xff, 0xff, 0xff, 0xff, 0xff, 0xff, 0xff
.byte 0xfd, 0xfd, 0xfd, 0xff, 0xe0, 0xe0, 0xe0, 0xff, 0x95, 0x95, 0x95, 0xfe, 0x5c, 0x5c, 0x5c, 0xe9
.byte 0x4b, 0x4b, 0x4b, 0x80, 0x48, 0x48, 0x48, 0x15, 0x47, 0x47, 0x47, 0x15, 0x4c, 0x4c, 0x4c, 0x7f
.byte 0x5b, 0x5b, 0x5b, 0xea, 0x95, 0x95, 0x95, 0xfe, 0xe0, 0xe0, 0xe0, 0xff, 0xfd, 0xfd, 0xfd, 0xff
.byte 0xff, 0xff, 0xff, 0xff, 0xff, 0xff, 0xff, 0xff, 0xff, 0xff, 0xff, 0xff, 0xff, 0xff, 0xff, 0xff
.byte 0xff, 0xff, 0xff, 0xff, 0xff, 0xff, 0xff, 0xff, 0xff, 0xff, 0xff, 0xff, 0xfe, 0xfe, 0xfd, 0xff
.byte 0xfd, 0xf9, 0xf2, 0xff, 0xdf, 0xa8, 0x3e, 0xff, 0xea, 0xc6, 0x7f, 0xff, 0xff, 0xff, 0xff, 0xff
.byte 0xff, 0xff, 0xff, 0xff, 0xf7, 0xe7, 0xc8, 0xff, 0xeb, 0xca, 0x8c, 0xff, 0xed, 0xce, 0x94, 0xff
.byte 0xd9, 0x98, 0x1b, 0xff, 0xe7, 0xbf, 0x71, 0xff, 0xf5, 0xe3, 0xc0, 0xff, 0xec, 0xc9, 0x87, 0xff
.byte 0xef, 0xd4, 0x9f, 0xff, 0xfe, 0xfd, 0xfd, 0xff, 0xe9, 0xc5, 0x7f, 0xff, 0xf2, 0xd9, 0xae, 0xff
.byte 0xfb, 0xf3, 0xe6, 0xff, 0xdb, 0x93, 0x1c, 0xff, 0xda, 0x8f, 0x17, 0xff, 0xde, 0x94, 0x2a, 0xff
.byte 0xdf, 0x95, 0x31, 0xff, 0xdc, 0x89, 0x27, 0xff, 0xdc, 0x86, 0x2c, 0xff, 0xe7, 0xa6, 0x6d, 0xff
.byte 0xeb, 0xb9, 0x93, 0xff, 0xfc, 0xf4, 0xf1, 0xff, 0xf5, 0xda, 0xce, 0xff, 0xfc, 0xf3, 0xf1, 0xff
.byte 0xfe, 0xfe, 0xfe, 0xff, 0xff, 0xff, 0xff, 0xff, 0xff, 0xff, 0xff, 0xff, 0xff, 0xff, 0xff, 0xff
.byte 0xff, 0xff, 0xff, 0xff, 0xff, 0xff, 0xff, 0xff, 0xff, 0xff, 0xff, 0xff, 0xff, 0xff, 0xff, 0xff
.byte 0xff, 0xff, 0xff, 0xff, 0xff, 0xff, 0xff, 0xff, 0xff, 0xff, 0xff, 0xff, 0xff, 0xff, 0xff, 0xff
.byte 0xff, 0xff, 0xff, 0xff, 0xff, 0xff, 0xff, 0xff, 0xff, 0xff, 0xff, 0xff, 0xff, 0xff, 0xff, 0xff
.byte 0xff, 0xff, 0xff, 0xff, 0xff, 0xff, 0xff, 0xff, 0xff, 0xff, 0xff, 0xff, 0xff, 0xff, 0xff, 0xff
.byte 0xff, 0xff, 0xff, 0xff, 0xff, 0xff, 0xff, 0xff, 0xff, 0xff, 0xff, 0xff, 0xff, 0xff, 0xff, 0xff
.byte 0xff, 0xff, 0xff, 0xff, 0xff, 0xff, 0xff, 0xff, 0xff, 0xff, 0xff, 0xff, 0xff, 0xff, 0xff, 0xff
.byte 0xff, 0xff, 0xff, 0xff, 0xff, 0xff, 0xff, 0xff, 0xff, 0xff, 0xff, 0xff, 0xff, 0xff, 0xff, 0xff
.byte 0xff, 0xff, 0xff, 0xff, 0xff, 0xff, 0xff, 0xff, 0xff, 0xff, 0xff, 0xff, 0xff, 0xff, 0xff, 0xff
.byte 0xff, 0xff, 0xff, 0xff, 0xff, 0xff, 0xff, 0xff, 0xff, 0xff, 0xff, 0xff, 0xff, 0xff, 0xff, 0xff
.byte 0xff, 0xff, 0xff, 0xff, 0xff, 0xff, 0xff, 0xff, 0xff, 0xff, 0xff, 0xff, 0xff, 0xff, 0xff, 0xff
.byte 0xff, 0xff, 0xff, 0xff, 0xff, 0xff, 0xff, 0xff, 0xff, 0xff, 0xff, 0xff, 0xff, 0xff, 0xff, 0xff
.byte 0xff, 0xff, 0xff, 0xff, 0xff, 0xff, 0xff, 0xff, 0xd1, 0xf6, 0xff, 0xff, 0x6e, 0xe4, 0xff, 0xff
.byte 0x31, 0xd8, 0xff, 0xff, 0x36, 0xdb, 0xff, 0xff, 0x44, 0xdc, 0xff, 0xff, 0x4e, 0xdf, 0xff, 0xff
.byte 0x25, 0xd8, 0xff, 0xff, 0x20, 0xd6, 0xff, 0xff, 0x58, 0xe1, 0xff, 0xff, 0xfd, 0xfe, 0xff, 0xff
.byte 0xb8, 0xf2, 0xff, 0xff, 0x7c, 0xe6, 0xff, 0xff, 0x3e, 0xd9, 0xff, 0xff, 0x27, 0xd5, 0xff, 0xff
.byte 0x25, 0xd3, 0xff, 0xff, 0x8a, 0xe7, 0xff, 0xff, 0x24, 0xd2, 0xff, 0xff, 0x70, 0xdf, 0xff, 0xff
.byte 0x4c, 0xd8, 0xff, 0xff, 0xff, 0xff, 0xff, 0xff, 0xff, 0xff, 0xff, 0xff, 0xff, 0xff, 0xff, 0xff
.byte 0xfe, 0xfe, 0xfe, 0xff, 0xff, 0xff, 0xff, 0xff, 0xff, 0xff, 0xff, 0xff, 0xff, 0xff, 0xff, 0xff
.byte 0xff, 0xff, 0xff, 0xff, 0xff, 0xff, 0xff, 0xff, 0xff, 0xff, 0xff, 0xff, 0xff, 0xff, 0xff, 0xff
.byte 0xfd, 0xfd, 0xfd, 0xff, 0xe0, 0xe0, 0xe0, 0xff, 0x95, 0x95, 0x95, 0xfe, 0x5c, 0x5c, 0x5c, 0xe9
.byte 0x4b, 0x4b, 0x4b, 0x80, 0x48, 0x48, 0x48, 0x15, 0x47, 0x47, 0x47, 0x15, 0x4c, 0x4c, 0x4c, 0x7f
.byte 0x5b, 0x5b, 0x5b, 0xea, 0x95, 0x95, 0x95, 0xfe, 0xe0, 0xe0, 0xe0, 0xff, 0xfd, 0xfd, 0xfd, 0xff
.byte 0xff, 0xff, 0xff, 0xff, 0xff, 0xff, 0xff, 0xff, 0xff, 0xff, 0xff, 0xff, 0xff, 0xff, 0xff, 0xff
.byte 0xff, 0xff, 0xff, 0xff, 0xff, 0xff, 0xff, 0xff, 0xff, 0xff, 0xff, 0xff, 0xff, 0xff, 0xff, 0xff
.byte 0xeb, 0xc9, 0x88, 0xff, 0xde, 0xa4, 0x32, 0xff, 0xfc, 0xf7, 0xee, 0xff, 0xfe, 0xfd, 0xfc, 0xff
.byte 0xfe, 0xfe, 0xfe, 0xff, 0xff, 0xff, 0xff, 0xff, 0xef, 0xd4, 0xa1, 0xff, 0xf1, 0xd7, 0xa6, 0xff
.byte 0xf2, 0xdb, 0xaf, 0xff, 0xf9, 0xef, 0xdc, 0xff, 0xf3, 0xde, 0xb7, 0xff, 0xeb, 0xca, 0x88, 0xff
.byte 0xff, 0xff, 0xff, 0xff, 0xf5, 0xe5, 0xc7, 0xff, 0xf3, 0xde, 0xb5, 0xff, 0xfe, 0xfc, 0xf9, 0xff
.byte 0xfe, 0xfd, 0xfd, 0xff, 0xf7, 0xe7, 0xcc, 0xff, 0xd9, 0x89, 0x0d, 0xff, 0xdc, 0x91, 0x25, 0xff
.byte 0xdb, 0x8e, 0x25, 0xff, 0xde, 0x8e, 0x31, 0xff, 0xdc, 0x86, 0x2e, 0xff, 0xdf, 0x89, 0x40, 0xff
.byte 0xf3, 0xd3, 0xbc, 0xff, 0xf7, 0xe1, 0xd4, 0xff, 0xf6, 0xdd, 0xd2, 0xff, 0xff, 0xfe, 0xfe, 0xff
.byte 0xfe, 0xfe, 0xfe, 0xff, 0xfe, 0xfe, 0xfe, 0xff, 0xfe, 0xfe, 0xfe, 0xff, 0xfe, 0xfe, 0xfe, 0xff
.byte 0xfe, 0xfd, 0xfe, 0xff, 0xfe, 0xfe, 0xfe, 0xff, 0xff, 0xff, 0xff, 0xff, 0xff, 0xff, 0xff, 0xff
.byte 0xff, 0xff, 0xff, 0xff, 0xff, 0xff, 0xff, 0xff, 0xff, 0xff, 0xff, 0xff, 0xff, 0xff, 0xff, 0xff
.byte 0xff, 0xff, 0xff, 0xff, 0xff, 0xff, 0xff, 0xff, 0xff, 0xff, 0xff, 0xff, 0xff, 0xff, 0xff, 0xff
.byte 0xff, 0xff, 0xff, 0xff, 0xff, 0xff, 0xff, 0xff, 0xff, 0xff, 0xff, 0xff, 0xff, 0xff, 0xff, 0xff
.byte 0xff, 0xff, 0xff, 0xff, 0xff, 0xff, 0xff, 0xff, 0xff, 0xff, 0xff, 0xff, 0xff, 0xff, 0xff, 0xff
.byte 0xff, 0xff, 0xff, 0xff, 0xff, 0xff, 0xff, 0xff, 0xff, 0xff, 0xff, 0xff, 0xff, 0xff, 0xff, 0xff
.byte 0xff, 0xff, 0xff, 0xff, 0xff, 0xff, 0xff, 0xff, 0xff, 0xff, 0xff, 0xff, 0xff, 0xff, 0xff, 0xff
.byte 0xff, 0xff, 0xff, 0xff, 0xff, 0xff, 0xff, 0xff, 0xff, 0xff, 0xff, 0xff, 0xff, 0xff, 0xff, 0xff
.byte 0xff, 0xff, 0xff, 0xff, 0xff, 0xff, 0xff, 0xff, 0xff, 0xff, 0xff, 0xff, 0xff, 0xff, 0xff, 0xff
.byte 0xff, 0xff, 0xff, 0xff, 0xff, 0xff, 0xff, 0xff, 0xff, 0xff, 0xff, 0xff, 0xff, 0xff, 0xff, 0xff
.byte 0xff, 0xff, 0xff, 0xff, 0xff, 0xff, 0xff, 0xff, 0xff, 0xff, 0xff, 0xff, 0xff, 0xff, 0xff, 0xff
.byte 0xff, 0xff, 0xff, 0xff, 0xff, 0xff, 0xff, 0xff, 0xf9, 0xfe, 0xff, 0xff, 0xe6, 0xfa, 0xff, 0xff
.byte 0x22, 0xd6, 0xff, 0xff, 0x58, 0xe1, 0xff, 0xff, 0x5d, 0xe1, 0xff, 0xff, 0x28, 0xd8, 0xff, 0xff
.byte 0x21, 0xd7, 0xff, 0xff, 0x27, 0xd8, 0xff, 0xff, 0xf0, 0xfc, 0xff, 0xff, 0xc2, 0xf3, 0xff, 0xff
.byte 0x83, 0xe7, 0xff, 0xff, 0x21, 0xd5, 0xff, 0xff, 0x20, 0xd4, 0xff, 0xff, 0x1e, 0xd3, 0xff, 0xff
.byte 0x81, 0xe5, 0xff, 0xff, 0x23, 0xd2, 0xff, 0xff, 0x33, 0xd3, 0xff, 0xff, 0xde, 0xf7, 0xff, 0xff
.byte 0x1e, 0xce, 0xff, 0xff, 0xea, 0xfa, 0xff, 0xff, 0xfd, 0xfe, 0xff, 0xff, 0xff, 0xff, 0xff, 0xff
.byte 0xff, 0xff, 0xff, 0xff, 0xff, 0xff, 0xff, 0xff, 0xff, 0xff, 0xff, 0xff, 0xff, 0xff, 0xff, 0xff
.byte 0xff, 0xff, 0xff, 0xff, 0xff, 0xff, 0xff, 0xff, 0xff, 0xff, 0xff, 0xff, 0xff, 0xff, 0xff, 0xff
.byte 0xfd, 0xfd, 0xfd, 0xff, 0xe0, 0xe0, 0xe0, 0xff, 0x95, 0x95, 0x95, 0xfe, 0x5c, 0x5c, 0x5c, 0xe9
.byte 0x4b, 0x4b, 0x4b, 0x80, 0x48, 0x48, 0x48, 0x15, 0x47, 0x47, 0x47, 0x15, 0x4c, 0x4c, 0x4c, 0x7f
.byte 0x5b, 0x5b, 0x5b, 0xea, 0x95, 0x95, 0x95, 0xfe, 0xe0, 0xe0, 0xe0, 0xff, 0xfd, 0xfd, 0xfd, 0xff
.byte 0xff, 0xff, 0xff, 0xff, 0xff, 0xff, 0xff, 0xff, 0xff, 0xff, 0xff, 0xff, 0xff, 0xff, 0xff, 0xff
.byte 0xff, 0xff, 0xff, 0xff, 0xff, 0xff, 0xff, 0xff, 0xff, 0xff, 0xff, 0xff, 0xff, 0xff, 0xff, 0xff
.byte 0xf2, 0xdd, 0xb3, 0xff, 0xee, 0xd1, 0x9a, 0xff, 0xfd, 0xfb, 0xf5, 0xff, 0xfe, 0xfd, 0xfc, 0xff
.byte 0xfc, 0xf8, 0xf1, 0xff, 0xf5, 0xe3, 0xc1, 0xff, 0xf9, 0xf1, 0xdf, 0xff, 0xee, 0xd0, 0x96, 0xff
.byte 0xec, 0xcd, 0x8f, 0xff, 0xf1, 0xd7, 0xa6, 0xff, 0xef, 0xd3, 0x9d, 0xff, 0xf5, 0xe3, 0xc1, 0xff
.byte 0xff, 0xff, 0xff, 0xff, 0xff, 0xff, 0xff, 0xff, 0xff, 0xff, 0xff, 0xff, 0xfe, 0xfe, 0xfe, 0xff
.byte 0xff, 0xff, 0xff, 0xff, 0xf5, 0xe3, 0xc4, 0xff, 0xf3, 0xdb, 0xb5, 0xff, 0xdc, 0x90, 0x21, 0xff
.byte 0xda, 0x8b, 0x1e, 0xff, 0xde, 0x8e, 0x2f, 0xff, 0xdd, 0x8b, 0x36, 0xff, 0xe1, 0x95, 0x51, 0xff
.byte 0xe6, 0xa2, 0x73, 0xff, 0xe9, 0xaf, 0x8d, 0xff, 0xf3, 0xd3, 0xc6, 0xff, 0xf1, 0xca, 0xbf, 0xff
.byte 0xf5, 0xdc, 0xd8, 0xff, 0xfc, 0xf5, 0xf5, 0xff, 0xfd, 0xf7, 0xf7, 0xff, 0xfc, 0xf7, 0xf8, 0xff
.byte 0xf8, 0xea, 0xed, 0xff, 0xfe, 0xfc, 0xfd, 0xff, 0xff, 0xff, 0xff, 0xff, 0xff, 0xff, 0xff, 0xff
.byte 0xff, 0xff, 0xff, 0xff, 0xff, 0xff, 0xff, 0xff, 0xff, 0xff, 0xff, 0xff, 0xff, 0xff, 0xff, 0xff
.byte 0xff, 0xff, 0xff, 0xff, 0xff, 0xff, 0xff, 0xff, 0xff, 0xff, 0xff, 0xff, 0xff, 0xff, 0xff, 0xff
.byte 0xff, 0xff, 0xff, 0xff, 0xff, 0xff, 0xff, 0xff, 0xff, 0xff, 0xff, 0xff, 0xff, 0xff, 0xff, 0xff
.byte 0xff, 0xff, 0xff, 0xff, 0xff, 0xff, 0xff, 0xff, 0xff, 0xff, 0xff, 0xff, 0xff, 0xff, 0xff, 0xff
.byte 0xff, 0xff, 0xff, 0xff, 0xff, 0xff, 0xff, 0xff, 0xff, 0xff, 0xff, 0xff, 0xff, 0xff, 0xff, 0xff
.byte 0xff, 0xff, 0xff, 0xff, 0xff, 0xff, 0xff, 0xff, 0xff, 0xff, 0xff, 0xff, 0xff, 0xff, 0xff, 0xff
.byte 0xff, 0xff, 0xff, 0xff, 0xff, 0xff, 0xff, 0xff, 0xff, 0xff, 0xff, 0xff, 0xff, 0xff, 0xff, 0xff
.byte 0xff, 0xff, 0xff, 0xff, 0xff, 0xff, 0xff, 0xff, 0xff, 0xff, 0xff, 0xff, 0xfe, 0xfe, 0xff, 0xff
.byte 0xfe, 0xfe, 0xfe, 0xff, 0xff, 0xff, 0xff, 0xff, 0xff, 0xff, 0xff, 0xff, 0xff, 0xff, 0xff, 0xff
.byte 0xff, 0xff, 0xff, 0xff, 0xff, 0xff, 0xff, 0xff, 0xff, 0xff, 0xff, 0xff, 0xff, 0xff, 0xff, 0xff
.byte 0xff, 0xff, 0xff, 0xff, 0xff, 0xff, 0xff, 0xff, 0xff, 0xff, 0xff, 0xff, 0x83, 0xe7, 0xff, 0xff
.byte 0x30, 0xd8, 0xff, 0xff, 0x4e, 0xde, 0xff, 0xff, 0x1c, 0xd6, 0xff, 0xff, 0x22, 0xd7, 0xff, 0xff
.byte 0x21, 0xd7, 0xff, 0xff, 0x95, 0xec, 0xff, 0xff, 0xfe, 0xfe, 0xff, 0xff, 0x56, 0xdf, 0xff, 0xff
.byte 0x42, 0xdb, 0xff, 0xff, 0x20, 0xd4, 0xff, 0xff, 0x20, 0xd4, 0xff, 0xff, 0x1e, 0xd3, 0xff, 0xff
.byte 0xbb, 0xf1, 0xff, 0xff, 0x30, 0xd5, 0xff, 0xff, 0x6b, 0xe0, 0xff, 0xff, 0xff, 0xff, 0xff, 0xff
.byte 0x37, 0xd2, 0xff, 0xff, 0xd4, 0xf5, 0xff, 0xff, 0xfc, 0xfe, 0xff, 0xff, 0xff, 0xff, 0xff, 0xff
.byte 0xff, 0xff, 0xff, 0xff, 0xff, 0xff, 0xff, 0xff, 0xff, 0xff, 0xff, 0xff, 0xff, 0xff, 0xff, 0xff
.byte 0xff, 0xff, 0xff, 0xff, 0xff, 0xff, 0xff, 0xff, 0xff, 0xff, 0xff, 0xff, 0xff, 0xff, 0xff, 0xff
.byte 0xfd, 0xfd, 0xfd, 0xff, 0xe0, 0xe0, 0xe0, 0xff, 0x95, 0x95, 0x95, 0xfe, 0x5c, 0x5c, 0x5c, 0xe9
.byte 0x4b, 0x4b, 0x4b, 0x80, 0x48, 0x48, 0x48, 0x15, 0x47, 0x47, 0x47, 0x15, 0x4c, 0x4c, 0x4c, 0x7f
.byte 0x5b, 0x5b, 0x5b, 0xea, 0x95, 0x95, 0x95, 0xfe, 0xe0, 0xe0, 0xe0, 0xff, 0xfd, 0xfd, 0xfd, 0xff
.byte 0xff, 0xff, 0xff, 0xff, 0xff, 0xff, 0xff, 0xff, 0xff, 0xff, 0xff, 0xff, 0xff, 0xff, 0xff, 0xff
.byte 0xff, 0xff, 0xff, 0xff, 0xff, 0xff, 0xff, 0xff, 0xff, 0xff, 0xff, 0xff, 0xff, 0xff, 0xff, 0xff
.byte 0xff, 0xff, 0xff, 0xff, 0xfa, 0xf2, 0xe1, 0xff, 0xf4, 0xe1, 0xbc, 0xff, 0xf0, 0xd6, 0xa3, 0xff
.byte 0xfc, 0xf4, 0xe6, 0xff, 0xf0, 0xd7, 0xa5, 0xff, 0xe2, 0xb0, 0x4e, 0xff, 0xf7, 0xe9, 0xcd, 0xff
.byte 0xf1, 0xd8, 0xa7, 0xff, 0xe9, 0xc1, 0x75, 0xff, 0xf2, 0xdd, 0xb4, 0xff, 0xfe, 0xfe, 0xfd, 0xff
.byte 0xff, 0xff, 0xff, 0xff, 0xff, 0xff, 0xff, 0xff, 0xff, 0xff, 0xff, 0xff, 0xff, 0xff, 0xff, 0xff
.byte 0xff, 0xff, 0xff, 0xff, 0xec, 0xc6, 0x86, 0xff, 0xf2, 0xd9, 0xb1, 0xff, 0xeb, 0xc1, 0x84, 0xff
.byte 0xde, 0x97, 0x37, 0xff, 0xde, 0x8b, 0x2a, 0xff, 0xda, 0x7f, 0x1e, 0xff, 0xe5, 0xa4, 0x69, 0xff
.byte 0xee, 0xc2, 0xa0, 0xff, 0xef, 0xc4, 0xac, 0xff, 0xf4, 0xd7, 0xcb, 0xff, 0xf4, 0xd6, 0xcd, 0xff
.byte 0xf9, 0xe9, 0xe6, 0xff, 0xf2, 0xd1, 0xd0, 0xff, 0xf5, 0xde, 0xdf, 0xff, 0xf6, 0xe3, 0xe6, 0xff
.byte 0xea, 0xbf, 0xca, 0xff, 0xec, 0xc9, 0xd5, 0xff, 0xfe, 0xfc, 0xfd, 0xff, 0xff, 0xff, 0xff, 0xff
.byte 0xff, 0xff, 0xff, 0xff, 0xff, 0xff, 0xff, 0xff, 0xff, 0xff, 0xff, 0xff, 0xff, 0xff, 0xff, 0xff
.byte 0xff, 0xff, 0xff, 0xff, 0xff, 0xff, 0xff, 0xff, 0xff, 0xff, 0xff, 0xff, 0xff, 0xff, 0xff, 0xff
.byte 0xff, 0xff, 0xff, 0xff, 0xff, 0xff, 0xff, 0xff, 0xff, 0xff, 0xff, 0xff, 0xff, 0xff, 0xff, 0xff
.byte 0xff, 0xff, 0xff, 0xff, 0xff, 0xff, 0xff, 0xff, 0xff, 0xff, 0xff, 0xff, 0xff, 0xff, 0xff, 0xff
.byte 0xff, 0xff, 0xff, 0xff, 0xff, 0xff, 0xff, 0xff, 0xff, 0xff, 0xff, 0xff, 0xff, 0xff, 0xff, 0xff
.byte 0xff, 0xff, 0xff, 0xff, 0xff, 0xff, 0xff, 0xff, 0xff, 0xff, 0xff, 0xff, 0xff, 0xff, 0xff, 0xff
.byte 0xff, 0xff, 0xff, 0xff, 0xff, 0xff, 0xff, 0xff, 0xff, 0xff, 0xff, 0xff, 0xff, 0xff, 0xff, 0xff
.byte 0xff, 0xff, 0xff, 0xff, 0xff, 0xff, 0xff, 0xff, 0xfe, 0xfe, 0xfe, 0xff, 0xf4, 0xfc, 0xff, 0xff
.byte 0xd6, 0xf4, 0xfe, 0xff, 0xff, 0xff, 0xff, 0xff, 0xff, 0xff, 0xff, 0xff, 0xfe, 0xfe, 0xff, 0xff
.byte 0xf3, 0xfc, 0xfe, 0xff, 0xff, 0xff, 0xff, 0xff, 0xfe, 0xfe, 0xff, 0xff, 0xff, 0xff, 0xff, 0xff
.byte 0xff, 0xff, 0xff, 0xff, 0xff, 0xff, 0xff, 0xff, 0xb6, 0xf1, 0xff, 0xff, 0x34, 0xd8, 0xff, 0xff
.byte 0x35, 0xd9, 0xff, 0xff, 0x3c, 0xdb, 0xff, 0xff, 0x7a, 0xe7, 0xff, 0xff, 0x71, 0xe6, 0xff, 0xff
.byte 0x37, 0xdb, 0xff, 0xff, 0xff, 0xff, 0xff, 0xff, 0x94, 0xec, 0xff, 0xff, 0x31, 0xd9, 0xff, 0xff
.byte 0x27, 0xd7, 0xff, 0xff, 0x20, 0xd4, 0xff, 0xff, 0x20, 0xd4, 0xff, 0xff, 0x1e, 0xd2, 0xff, 0xff
.byte 0xa6, 0xee, 0xff, 0xff, 0x3f, 0xd7, 0xff, 0xff, 0xdb, 0xf7, 0xff, 0xff, 0xff, 0xff, 0xff, 0xff
.byte 0x51, 0xd9, 0xff, 0xff, 0xf9, 0xfd, 0xff, 0xff, 0xfd, 0xfe, 0xff, 0xff, 0xff, 0xff, 0xff, 0xff
.byte 0xff, 0xff, 0xff, 0xff, 0xff, 0xff, 0xff, 0xff, 0xff, 0xff, 0xff, 0xff, 0xff, 0xff, 0xff, 0xff
.byte 0xff, 0xff, 0xff, 0xff, 0xff, 0xff, 0xff, 0xff, 0xff, 0xff, 0xff, 0xff, 0xff, 0xff, 0xff, 0xff
.byte 0xfd, 0xfd, 0xfd, 0xff, 0xe0, 0xe0, 0xe0, 0xff, 0x95, 0x95, 0x95, 0xfe, 0x5c, 0x5c, 0x5c, 0xe9
.byte 0x4b, 0x4b, 0x4b, 0x80, 0x48, 0x48, 0x48, 0x15, 0x47, 0x47, 0x47, 0x15, 0x4c, 0x4c, 0x4c, 0x7f
.byte 0x5b, 0x5b, 0x5b, 0xea, 0x95, 0x95, 0x95, 0xfe, 0xe0, 0xe0, 0xe0, 0xff, 0xfd, 0xfd, 0xfd, 0xff
.byte 0xff, 0xff, 0xff, 0xff, 0xff, 0xff, 0xff, 0xff, 0xff, 0xff, 0xff, 0xff, 0xff, 0xff, 0xff, 0xff
.byte 0xff, 0xff, 0xff, 0xff, 0xff, 0xff, 0xff, 0xff, 0xff, 0xff, 0xff, 0xff, 0xff, 0xff, 0xff, 0xff
.byte 0xff, 0xff, 0xff, 0xff, 0xfe, 0xfe, 0xfd, 0xff, 0xff, 0xff, 0xff, 0xff, 0xff, 0xff, 0xff, 0xff
.byte 0xec, 0xce, 0x92, 0xff, 0xec, 0xcb, 0x89, 0xff, 0xff, 0xff, 0xff, 0xff, 0xfe, 0xfb, 0xf7, 0xff
.byte 0xf3, 0xe0, 0xb9, 0xff, 0xfb, 0xf3, 0xe5, 0xff, 0xff, 0xff, 0xff, 0xff, 0xff, 0xff, 0xff, 0xff
.byte 0xff, 0xff, 0xff, 0xff, 0xfe, 0xfe, 0xfd, 0xff, 0xff, 0xff, 0xff, 0xff, 0xff, 0xff, 0xff, 0xff
.byte 0xfe, 0xfe, 0xfd, 0xff, 0xfd, 0xf9, 0xf3, 0xff, 0xee, 0xc9, 0x91, 0xff, 0xe3, 0xa9, 0x53, 0xff
.byte 0xdd, 0x90, 0x26, 0xff, 0xd9, 0x7f, 0x13, 0xff, 0xdf, 0x90, 0x3d, 0xff, 0xdc, 0x84, 0x33, 0xff
.byte 0xef, 0xc4, 0xa6, 0xff, 0xf1, 0xcb, 0xb3, 0xff, 0xff, 0xff, 0xff, 0xff, 0xfc, 0xf4, 0xf2, 0xff
.byte 0xec, 0xbb, 0xb2, 0xff, 0xe8, 0xad, 0xaa, 0xff, 0xfa, 0xee, 0xef, 0xff, 0xfe, 0xfc, 0xfc, 0xff
.byte 0xfe, 0xfe, 0xfe, 0xff, 0xff, 0xff, 0xff, 0xff, 0xff, 0xff, 0xff, 0xff, 0xff, 0xff, 0xff, 0xff
.byte 0xff, 0xff, 0xff, 0xff, 0xff, 0xff, 0xff, 0xff, 0xff, 0xff, 0xff, 0xff, 0xff, 0xff, 0xff, 0xff
.byte 0xff, 0xff, 0xff, 0xff, 0xff, 0xff, 0xff, 0xff, 0xff, 0xff, 0xff, 0xff, 0xff, 0xff, 0xff, 0xff
.byte 0xff, 0xff, 0xff, 0xff, 0xff, 0xff, 0xff, 0xff, 0xff, 0xff, 0xff, 0xff, 0xff, 0xff, 0xff, 0xff
.byte 0xff, 0xff, 0xff, 0xff, 0xff, 0xff, 0xff, 0xff, 0xff, 0xff, 0xff, 0xff, 0xff, 0xff, 0xff, 0xff
.byte 0xff, 0xff, 0xff, 0xff, 0xff, 0xff, 0xff, 0xff, 0xff, 0xff, 0xff, 0xff, 0xff, 0xff, 0xff, 0xff
.byte 0xff, 0xff, 0xff, 0xff, 0xff, 0xff, 0xff, 0xff, 0xff, 0xff, 0xff, 0xff, 0xff, 0xff, 0xff, 0xff
.byte 0xff, 0xff, 0xff, 0xff, 0xff, 0xff, 0xff, 0xff, 0xff, 0xff, 0xff, 0xff, 0xff, 0xff, 0xff, 0xff
.byte 0xff, 0xff, 0xff, 0xff, 0xff, 0xff, 0xff, 0xff, 0xff, 0xff, 0xff, 0xff, 0xff, 0xff, 0xff, 0xff
.byte 0x8c, 0xe1, 0xfd, 0xff, 0xfc, 0xfe, 0xfe, 0xff, 0xfd, 0xfe, 0xff, 0xff, 0xfe, 0xfe, 0xff, 0xff
.byte 0xff, 0xff, 0xff, 0xff, 0xb2, 0xef, 0xff, 0xff, 0xff, 0xff, 0xff, 0xff, 0xff, 0xff, 0xff, 0xff
.byte 0xff, 0xff, 0xff, 0xff, 0xce, 0xf5, 0xff, 0xff, 0x30, 0xd7, 0xff, 0xff, 0x44, 0xda, 0xff, 0xff
.byte 0x51, 0xde, 0xff, 0xff, 0xd3, 0xf6, 0xff, 0xff, 0x93, 0xeb, 0xff, 0xff, 0x1f, 0xd6, 0xff, 0xff
.byte 0xda, 0xf8, 0xff, 0xff, 0xe2, 0xfa, 0xff, 0xff, 0x2d, 0xd8, 0xff, 0xff, 0x1f, 0xd5, 0xff, 0xff
.byte 0x20, 0xd5, 0xff, 0xff, 0x20, 0xd4, 0xff, 0xff, 0x20, 0xd4, 0xff, 0xff, 0x1e, 0xd2, 0xff, 0xff
.byte 0x75, 0xe2, 0xff, 0xff, 0x6f, 0xe2, 0xff, 0xff, 0xdc, 0xf8, 0xff, 0xff, 0xff, 0xff, 0xff, 0xff
.byte 0x91, 0xe8, 0xff, 0xff, 0xff, 0xff, 0xff, 0xff, 0xff, 0xff, 0xff, 0xff, 0xff, 0xff, 0xff, 0xff
.byte 0xff, 0xff, 0xff, 0xff, 0xff, 0xff, 0xff, 0xff, 0xff, 0xff, 0xff, 0xff, 0xff, 0xff, 0xff, 0xff
.byte 0xff, 0xff, 0xff, 0xff, 0xff, 0xff, 0xff, 0xff, 0xff, 0xff, 0xff, 0xff, 0xff, 0xff, 0xff, 0xff
.byte 0xfd, 0xfd, 0xfd, 0xff, 0xe0, 0xe0, 0xe0, 0xff, 0x95, 0x95, 0x95, 0xfe, 0x5c, 0x5c, 0x5c, 0xe9
.byte 0x4b, 0x4b, 0x4b, 0x80, 0x48, 0x48, 0x48, 0x15, 0x47, 0x47, 0x47, 0x15, 0x4c, 0x4c, 0x4c, 0x7f
.byte 0x5b, 0x5b, 0x5b, 0xea, 0x95, 0x95, 0x95, 0xfe, 0xe0, 0xe0, 0xe0, 0xff, 0xfd, 0xfd, 0xfd, 0xff
.byte 0xff, 0xff, 0xff, 0xff, 0xff, 0xff, 0xff, 0xff, 0xff, 0xff, 0xff, 0xff, 0xff, 0xff, 0xff, 0xff
.byte 0xff, 0xff, 0xff, 0xff, 0xff, 0xff, 0xff, 0xff, 0xff, 0xff, 0xff, 0xff, 0xff, 0xff, 0xff, 0xff
.byte 0xff, 0xff, 0xff, 0xff, 0xff, 0xff, 0xff, 0xff, 0xff, 0xff, 0xff, 0xff, 0xfb, 0xf5, 0xe9, 0xff
.byte 0xf3, 0xdc, 0xaf, 0xff, 0xff, 0xff, 0xff, 0xff, 0xfe, 0xfe, 0xfe, 0xff, 0xff, 0xff, 0xff, 0xff
.byte 0xe2, 0xaf, 0x4d, 0xff, 0xdf, 0xa6, 0x38, 0xff, 0xdf, 0xa7, 0x3a, 0xff, 0xe2, 0xaf, 0x4c, 0xff
.byte 0xf1, 0xd9, 0xac, 0xff, 0xfc, 0xf9, 0xf2, 0xff, 0xff, 0xff, 0xff, 0xff, 0xfe, 0xfd, 0xfb, 0xff
.byte 0xfb, 0xf6, 0xeb, 0xff, 0xda, 0x93, 0x19, 0xff, 0xd9, 0x89, 0x0c, 0xff, 0xee, 0xcc, 0x98, 0xff
.byte 0xd9, 0x82, 0x0a, 0xff, 0xd8, 0x7d, 0x0e, 0xff, 0xd9, 0x7c, 0x18, 0xff, 0xdf, 0x8f, 0x46, 0xff
.byte 0xee, 0xc1, 0x9f, 0xff, 0xeb, 0xb8, 0x98, 0xff, 0xfa, 0xec, 0xe6, 0xff, 0xfe, 0xfe, 0xfd, 0xff
.byte 0xff, 0xff, 0xff, 0xff, 0xff, 0xff, 0xff, 0xff, 0xff, 0xff, 0xff, 0xff, 0xff, 0xff, 0xff, 0xff
.byte 0xff, 0xff, 0xff, 0xff, 0xff, 0xff, 0xff, 0xff, 0xff, 0xff, 0xff, 0xff, 0xff, 0xff, 0xff, 0xff
.byte 0xff, 0xff, 0xff, 0xff, 0xff, 0xff, 0xff, 0xff, 0xff, 0xff, 0xff, 0xff, 0xff, 0xff, 0xff, 0xff
.byte 0xff, 0xff, 0xff, 0xff, 0xff, 0xff, 0xff, 0xff, 0xff, 0xff, 0xff, 0xff, 0xff, 0xff, 0xff, 0xff
.byte 0xff, 0xff, 0xff, 0xff, 0xff, 0xff, 0xff, 0xff, 0xff, 0xff, 0xff, 0xff, 0xff, 0xff, 0xff, 0xff
.byte 0xff, 0xff, 0xff, 0xff, 0xff, 0xff, 0xff, 0xff, 0xff, 0xff, 0xff, 0xff, 0xff, 0xff, 0xff, 0xff
.byte 0xff, 0xff, 0xff, 0xff, 0xff, 0xff, 0xff, 0xff, 0xff, 0xff, 0xff, 0xff, 0xff, 0xff, 0xff, 0xff
.byte 0xff, 0xff, 0xff, 0xff, 0xff, 0xff, 0xff, 0xff, 0xff, 0xff, 0xff, 0xff, 0xff, 0xff, 0xff, 0xff
.byte 0xff, 0xff, 0xff, 0xff, 0xff, 0xff, 0xff, 0xff, 0xff, 0xff, 0xff, 0xff, 0xff, 0xff, 0xff, 0xff
.byte 0xff, 0xff, 0xff, 0xff, 0xff, 0xff, 0xff, 0xff, 0xff, 0xff, 0xff, 0xff, 0xfc, 0xfe, 0xfe, 0xff
.byte 0xd5, 0xf4, 0xfe, 0xff, 0x6c, 0xda, 0xfd, 0xff, 0xff, 0xff, 0xff, 0xff, 0xfc, 0xfe, 0xff, 0xff
.byte 0xff, 0xff, 0xff, 0xff, 0xd6, 0xf6, 0xff, 0xff, 0x80, 0xe4, 0xff, 0xff, 0xd9, 0xf7, 0xff, 0xff
.byte 0xcc, 0xf5, 0xff, 0xff, 0xc3, 0xf3, 0xff, 0xff, 0x99, 0xeb, 0xff, 0xff, 0x29, 0xd6, 0xff, 0xff
.byte 0x69, 0xe1, 0xff, 0xff, 0xf9, 0xfd, 0xff, 0xff, 0xa1, 0xee, 0xff, 0xff, 0x9e, 0xed, 0xff, 0xff
.byte 0xff, 0xff, 0xff, 0xff, 0x6d, 0xe4, 0xff, 0xff, 0x2a, 0xd6, 0xff, 0xff, 0x20, 0xd5, 0xff, 0xff
.byte 0x20, 0xd4, 0xff, 0xff, 0x20, 0xd4, 0xff, 0xff, 0x20, 0xd3, 0xff, 0xff, 0x1f, 0xd2, 0xff, 0xff
.byte 0xce, 0xf5, 0xff, 0xff, 0x70, 0xe1, 0xff, 0xff, 0xfb, 0xfe, 0xff, 0xff, 0xe4, 0xf9, 0xff, 0xff
.byte 0xd8, 0xf6, 0xff, 0xff, 0xfe, 0xfe, 0xff, 0xff, 0xff, 0xff, 0xff, 0xff, 0xff, 0xff, 0xff, 0xff
.byte 0xff, 0xff, 0xff, 0xff, 0xff, 0xff, 0xff, 0xff, 0xff, 0xff, 0xff, 0xff, 0xff, 0xff, 0xff, 0xff
.byte 0xff, 0xff, 0xff, 0xff, 0xff, 0xff, 0xff, 0xff, 0xff, 0xff, 0xff, 0xff, 0xff, 0xff, 0xff, 0xff
.byte 0xfd, 0xfd, 0xfd, 0xff, 0xe0, 0xe0, 0xe0, 0xff, 0x95, 0x95, 0x95, 0xfe, 0x5c, 0x5c, 0x5c, 0xe9
.byte 0x4b, 0x4b, 0x4b, 0x80, 0x48, 0x48, 0x48, 0x15, 0x47, 0x47, 0x47, 0x15, 0x4c, 0x4c, 0x4c, 0x7f
.byte 0x5b, 0x5b, 0x5b, 0xea, 0x95, 0x95, 0x95, 0xfe, 0xe0, 0xe0, 0xe0, 0xff, 0xfd, 0xfd, 0xfd, 0xff
.byte 0xff, 0xff, 0xff, 0xff, 0xff, 0xff, 0xff, 0xff, 0xff, 0xff, 0xff, 0xff, 0xff, 0xff, 0xff, 0xff
.byte 0xff, 0xff, 0xff, 0xff, 0xff, 0xff, 0xff, 0xff, 0xff, 0xff, 0xff, 0xff, 0xff, 0xff, 0xff, 0xff
.byte 0xff, 0xff, 0xff, 0xff, 0xff, 0xff, 0xff, 0xff, 0xfb, 0xf7, 0xee, 0xff, 0xfb, 0xf2, 0xe4, 0xff
.byte 0xff, 0xff, 0xff, 0xff, 0xff, 0xff, 0xff, 0xff, 0xfe, 0xfe, 0xfe, 0xff, 0xef, 0xd0, 0x98, 0xff
.byte 0xe9, 0xc5, 0x7e, 0xff, 0xff, 0xff, 0xff, 0xff, 0xfd, 0xfb, 0xf7, 0xff, 0xf1, 0xd9, 0xa9, 0xff
.byte 0xdb, 0x9b, 0x22, 0xff, 0xd7, 0x90, 0x07, 0xff, 0xe1, 0xaf, 0x4d, 0xff, 0xf7, 0xe7, 0xcb, 0xff
.byte 0xe9, 0xc0, 0x77, 0xff, 0xdf, 0x9f, 0x35, 0xff, 0xd7, 0x86, 0x03, 0xff, 0xe5, 0xaf, 0x5e, 0xff
.byte 0xd9, 0x88, 0x17, 0xff, 0xda, 0x84, 0x1a, 0xff, 0xe3, 0x9f, 0x56, 0xff, 0xf0, 0xc8, 0xa4, 0xff
.byte 0xe4, 0x9b, 0x63, 0xff, 0xfa, 0xee, 0xe6, 0xff, 0xe5, 0x9e, 0x7d, 0xff, 0xf7, 0xe3, 0xdb, 0xff
.byte 0xfe, 0xfd, 0xfc, 0xff, 0xff, 0xff, 0xff, 0xff, 0xff, 0xff, 0xff, 0xff, 0xff, 0xff, 0xff, 0xff
.byte 0xff, 0xff, 0xff, 0xff, 0xff, 0xff, 0xff, 0xff, 0xff, 0xff, 0xff, 0xff, 0xff, 0xff, 0xff, 0xff
.byte 0xff, 0xff, 0xff, 0xff, 0xff, 0xff, 0xff, 0xff, 0xff, 0xff, 0xff, 0xff, 0xff, 0xff, 0xff, 0xff
.byte 0xff, 0xff, 0xff, 0xff, 0xff, 0xff, 0xff, 0xff, 0xff, 0xff, 0xff, 0xff, 0xff, 0xff, 0xff, 0xff
.byte 0xff, 0xff, 0xff, 0xff, 0xff, 0xff, 0xff, 0xff, 0xff, 0xff, 0xff, 0xff, 0xff, 0xff, 0xff, 0xff
.byte 0xff, 0xff, 0xff, 0xff, 0xff, 0xff, 0xff, 0xff, 0xff, 0xff, 0xff, 0xff, 0xff, 0xff, 0xff, 0xff
.byte 0xff, 0xff, 0xff, 0xff, 0xff, 0xff, 0xff, 0xff, 0xff, 0xff, 0xff, 0xff, 0xff, 0xff, 0xff, 0xff
.byte 0xff, 0xff, 0xff, 0xff, 0xff, 0xff, 0xff, 0xff, 0xff, 0xff, 0xff, 0xff, 0xff, 0xff, 0xff, 0xff
.byte 0xff, 0xff, 0xff, 0xff, 0xff, 0xff, 0xff, 0xff, 0xff, 0xff, 0xff, 0xff, 0xff, 0xff, 0xff, 0xff
.byte 0xff, 0xff, 0xff, 0xff, 0xfe, 0xfe, 0xfe, 0xff, 0xff, 0xff, 0xff, 0xff, 0xff, 0xff, 0xff, 0xff
.byte 0xff, 0xff, 0xff, 0xff, 0x6f, 0xdb, 0xfd, 0xff, 0x61, 0xda, 0xff, 0xff, 0xfe, 0xfe, 0xff, 0xff
.byte 0xce, 0xf4, 0xff, 0xff, 0xff, 0xff, 0xff, 0xff, 0x4e, 0xd9, 0xff, 0xff, 0x1e, 0xd1, 0xff, 0xff
.byte 0x2e, 0xd4, 0xff, 0xff, 0x65, 0xe0, 0xff, 0xff, 0x1d, 0xd3, 0xff, 0xff, 0x22, 0xd5, 0xff, 0xff
.byte 0x9b, 0xec, 0xff, 0xff, 0xcb, 0xf5, 0xff, 0xff, 0x9e, 0xed, 0xff, 0xff, 0xff, 0xff, 0xff, 0xff
.byte 0xc6, 0xf4, 0xff, 0xff, 0x20, 0xd5, 0xff, 0xff, 0x20, 0xd5, 0xff, 0xff, 0x20, 0xd4, 0xff, 0xff
.byte 0x20, 0xd4, 0xff, 0xff, 0x20, 0xd3, 0xff, 0xff, 0x20, 0xd3, 0xff, 0xff, 0x23, 0xd2, 0xff, 0xff
.byte 0xff, 0xff, 0xff, 0xff, 0x4c, 0xd9, 0xff, 0xff, 0xd1, 0xf5, 0xff, 0xff, 0xa8, 0xec, 0xff, 0xff
.byte 0xd8, 0xf6, 0xff, 0xff, 0xfc, 0xfe, 0xff, 0xff, 0xff, 0xff, 0xff, 0xff, 0xff, 0xff, 0xff, 0xff
.byte 0xff, 0xff, 0xff, 0xff, 0xff, 0xff, 0xff, 0xff, 0xff, 0xff, 0xff, 0xff, 0xff, 0xff, 0xff, 0xff
.byte 0xff, 0xff, 0xff, 0xff, 0xff, 0xff, 0xff, 0xff, 0xff, 0xff, 0xff, 0xff, 0xff, 0xff, 0xff, 0xff
.byte 0xfd, 0xfd, 0xfd, 0xff, 0xe0, 0xe0, 0xe0, 0xff, 0x95, 0x95, 0x95, 0xfe, 0x5c, 0x5c, 0x5c, 0xe9
.byte 0x4b, 0x4b, 0x4b, 0x80, 0x48, 0x48, 0x48, 0x15, 0x47, 0x47, 0x47, 0x15, 0x4c, 0x4c, 0x4c, 0x7f
.byte 0x5b, 0x5b, 0x5b, 0xea, 0x95, 0x95, 0x95, 0xfe, 0xe0, 0xe0, 0xe0, 0xff, 0xfd, 0xfd, 0xfd, 0xff
.byte 0xff, 0xff, 0xff, 0xff, 0xff, 0xff, 0xff, 0xff, 0xff, 0xff, 0xff, 0xff, 0xff, 0xff, 0xff, 0xff
.byte 0xff, 0xff, 0xff, 0xff, 0xff, 0xff, 0xff, 0xff, 0xff, 0xff, 0xff, 0xff, 0xff, 0xff, 0xff, 0xff
.byte 0xff, 0xff, 0xff, 0xff, 0xff, 0xff, 0xff, 0xff, 0xff, 0xff, 0xff, 0xff, 0xff, 0xff, 0xff, 0xff
.byte 0xff, 0xff, 0xff, 0xff, 0xff, 0xff, 0xff, 0xff, 0xff, 0xff, 0xff, 0xff, 0xef, 0xd4, 0x9e, 0xff
.byte 0xfd, 0xfb, 0xf7, 0xff, 0xfe, 0xfe, 0xfd, 0xff, 0xfe, 0xfe, 0xfd, 0xff, 0xff, 0xff, 0xff, 0xff
.byte 0xff, 0xff, 0xff, 0xff, 0xf7, 0xe8, 0xcf, 0xff, 0xe8, 0xc0, 0x74, 0xff, 0xdc, 0x9d, 0x29, 0xff
.byte 0xdd, 0xa0, 0x33, 0xff, 0xec, 0xc8, 0x8b, 0xff, 0xdb, 0x93, 0x20, 0xff, 0xd9, 0x89, 0x11, 0xff
.byte 0xd8, 0x83, 0x0d, 0xff, 0xdc, 0x8a, 0x24, 0xff, 0xea, 0xb9, 0x81, 0xff, 0xf3, 0xd8, 0xbd, 0xff
.byte 0xec, 0xbc, 0x96, 0xff, 0xf4, 0xda, 0xc9, 0xff, 0xef, 0xc3, 0xad, 0xff, 0xf4, 0xd7, 0xcb, 0xff
.byte 0xfe, 0xfe, 0xfe, 0xff, 0xff, 0xff, 0xff, 0xff, 0xff, 0xff, 0xff, 0xff, 0xff, 0xff, 0xff, 0xff
.byte 0xff, 0xff, 0xff, 0xff, 0xff, 0xff, 0xff, 0xff, 0xff, 0xff, 0xff, 0xff, 0xff, 0xff, 0xff, 0xff
.byte 0xff, 0xff, 0xff, 0xff, 0xff, 0xff, 0xff, 0xff, 0xff, 0xff, 0xff, 0xff, 0xff, 0xff, 0xff, 0xff
.byte 0xff, 0xff, 0xff, 0xff, 0xff, 0xff, 0xff, 0xff, 0xff, 0xff, 0xff, 0xff, 0xff, 0xff, 0xff, 0xff
.byte 0xff, 0xff, 0xff, 0xff, 0xff, 0xff, 0xff, 0xff, 0xff, 0xff, 0xff, 0xff, 0xff, 0xff, 0xff, 0xff
.byte 0xff, 0xff, 0xff, 0xff, 0xff, 0xff, 0xff, 0xff, 0xff, 0xff, 0xff, 0xff, 0xff, 0xff, 0xff, 0xff
.byte 0xff, 0xff, 0xff, 0xff, 0xff, 0xff, 0xff, 0xff, 0xff, 0xff, 0xff, 0xff, 0xff, 0xff, 0xff, 0xff
.byte 0xff, 0xff, 0xff, 0xff, 0xff, 0xff, 0xff, 0xff, 0xff, 0xff, 0xff, 0xff, 0xff, 0xff, 0xff, 0xff
.byte 0xff, 0xff, 0xff, 0xff, 0xff, 0xff, 0xff, 0xff, 0xff, 0xff, 0xff, 0xff, 0xff, 0xff, 0xff, 0xff
.byte 0xff, 0xff, 0xff, 0xff, 0xfa, 0xfd, 0xfe, 0xff, 0xa6, 0xe3, 0xfb, 0xff, 0x5b, 0xce, 0xf9, 0xff
.byte 0x52, 0xce, 0xfb, 0xff, 0xb2, 0xeb, 0xfd, 0xff, 0x4a, 0xd3, 0xfd, 0xff, 0x2f, 0xd0, 0xfe, 0xff
.byte 0xad, 0xed, 0xff, 0xff, 0x68, 0xde, 0xff, 0xff, 0x94, 0xe8, 0xff, 0xff, 0x25, 0xd2, 0xff, 0xff
.byte 0x49, 0xda, 0xff, 0xff, 0x1e, 0xd1, 0xff, 0xff, 0x23, 0xd4, 0xff, 0xff, 0x3e, 0xd9, 0xff, 0xff
.byte 0x45, 0xdb, 0xff, 0xff, 0x65, 0xe0, 0xff, 0xff, 0xfd, 0xff, 0xff, 0xff, 0xef, 0xfc, 0xff, 0xff
.byte 0x47, 0xdb, 0xff, 0xff, 0x32, 0xd7, 0xff, 0xff, 0x22, 0xd4, 0xff, 0xff, 0x20, 0xd4, 0xff, 0xff
.byte 0x20, 0xd3, 0xff, 0xff, 0x20, 0xd3, 0xff, 0xff, 0x1f, 0xd2, 0xff, 0xff, 0x93, 0xe9, 0xff, 0xff
.byte 0x7b, 0xe3, 0xff, 0xff, 0xd4, 0xf6, 0xff, 0xff, 0xe0, 0xf8, 0xff, 0xff, 0x46, 0xd6, 0xff, 0xff
.byte 0xf4, 0xfc, 0xff, 0xff, 0xfd, 0xfe, 0xff, 0xff, 0xff, 0xff, 0xff, 0xff, 0xff, 0xff, 0xff, 0xff
.byte 0xff, 0xff, 0xff, 0xff, 0xff, 0xff, 0xff, 0xff, 0xff, 0xff, 0xff, 0xff, 0xff, 0xff, 0xff, 0xff
.byte 0xff, 0xff, 0xff, 0xff, 0xff, 0xff, 0xff, 0xff, 0xff, 0xff, 0xff, 0xff, 0xff, 0xff, 0xff, 0xff
.byte 0xfd, 0xfd, 0xfd, 0xff, 0xe0, 0xe0, 0xe0, 0xff, 0x95, 0x95, 0x95, 0xfe, 0x5c, 0x5c, 0x5c, 0xe9
.byte 0x4b, 0x4b, 0x4b, 0x80, 0x48, 0x48, 0x48, 0x15, 0x47, 0x47, 0x47, 0x15, 0x4c, 0x4c, 0x4c, 0x7f
.byte 0x5b, 0x5b, 0x5b, 0xea, 0x95, 0x95, 0x95, 0xfe, 0xe0, 0xe0, 0xe0, 0xff, 0xfd, 0xfd, 0xfd, 0xff
.byte 0xff, 0xff, 0xff, 0xff, 0xff, 0xff, 0xff, 0xff, 0xff, 0xff, 0xff, 0xff, 0xff, 0xff, 0xff, 0xff
.byte 0xff, 0xff, 0xff, 0xff, 0xff, 0xff, 0xff, 0xff, 0xff, 0xff, 0xff, 0xff, 0xff, 0xff, 0xff, 0xff
.byte 0xff, 0xff, 0xff, 0xff, 0xff, 0xff, 0xff, 0xff, 0xff, 0xff, 0xff, 0xff, 0xff, 0xff, 0xff, 0xff
.byte 0xff, 0xff, 0xff, 0xff, 0xff, 0xff, 0xff, 0xff, 0xff, 0xff, 0xff, 0xff, 0xf7, 0xe9, 0xce, 0xff
.byte 0xff, 0xff, 0xff, 0xff, 0xff, 0xff, 0xff, 0xff, 0xff, 0xff, 0xff, 0xff, 0xff, 0xff, 0xff, 0xff
.byte 0xfe, 0xfe, 0xfe, 0xff, 0xfe, 0xfe, 0xfe, 0xff, 0xff, 0xff, 0xff, 0xff, 0xff, 0xfe, 0xfd, 0xff
.byte 0xf7, 0xeb, 0xd5, 0xff, 0xf0, 0xd4, 0xa3, 0xff, 0xe4, 0xae, 0x57, 0xff, 0xd8, 0x87, 0x0b, 0xff
.byte 0xda, 0x8d, 0x1e, 0xff, 0xdf, 0x97, 0x39, 0xff, 0xef, 0xcb, 0xa2, 0xff, 0xfb, 0xf0, 0xe6, 0xff
.byte 0xed, 0xc0, 0x9a, 0xff, 0xef, 0xc4, 0xa7, 0xff, 0xf3, 0xd2, 0xc1, 0xff, 0xfc, 0xf5, 0xf2, 0xff
.byte 0xfe, 0xfe, 0xfe, 0xff, 0xff, 0xff, 0xff, 0xff, 0xff, 0xff, 0xff, 0xff, 0xff, 0xff, 0xff, 0xff
.byte 0xff, 0xff, 0xff, 0xff, 0xff, 0xff, 0xff, 0xff, 0xff, 0xff, 0xff, 0xff, 0xff, 0xff, 0xff, 0xff
.byte 0xff, 0xff, 0xff, 0xff, 0xff, 0xff, 0xff, 0xff, 0xff, 0xff, 0xff, 0xff, 0xff, 0xff, 0xff, 0xff
.byte 0xff, 0xff, 0xff, 0xff, 0xff, 0xff, 0xff, 0xff, 0xff, 0xff, 0xff, 0xff, 0xff, 0xff, 0xff, 0xff
.byte 0xff, 0xff, 0xff, 0xff, 0xff, 0xff, 0xff, 0xff, 0xff, 0xff, 0xff, 0xff, 0xff, 0xff, 0xff, 0xff
.byte 0xff, 0xff, 0xff, 0xff, 0xff, 0xff, 0xff, 0xff, 0xff, 0xff, 0xff, 0xff, 0xff, 0xff, 0xff, 0xff
.byte 0xff, 0xff, 0xff, 0xff, 0xff, 0xff, 0xff, 0xff, 0xff, 0xff, 0xff, 0xff, 0xff, 0xff, 0xff, 0xff
.byte 0xff, 0xff, 0xff, 0xff, 0xff, 0xff, 0xff, 0xff, 0xff, 0xff, 0xff, 0xff, 0xff, 0xff, 0xff, 0xff
.byte 0xff, 0xff, 0xff, 0xff, 0xff, 0xff, 0xff, 0xff, 0xff, 0xff, 0xff, 0xff, 0xff, 0xff, 0xff, 0xff
.byte 0xff, 0xff, 0xff, 0xff, 0xfc, 0xfe, 0xfe, 0xff, 0xf5, 0xfc, 0xfe, 0xff, 0xf8, 0xfd, 0xff, 0xff
.byte 0xb7, 0xeb, 0xfd, 0xff, 0x32, 0xc9, 0xfb, 0xff, 0x76, 0xde, 0xfe, 0xff, 0xaf, 0xec, 0xff, 0xff
.byte 0xe1, 0xf8, 0xff, 0xff, 0xff, 0xff, 0xff, 0xff, 0xb3, 0xef, 0xff, 0xff, 0x85, 0xe4, 0xff, 0xff
.byte 0x44, 0xd7, 0xff, 0xff, 0x21, 0xd1, 0xff, 0xff, 0x35, 0xd6, 0xff, 0xff, 0x39, 0xd7, 0xff, 0xff
.byte 0x71, 0xe3, 0xff, 0xff, 0xff, 0xff, 0xff, 0xff, 0xfe, 0xfe, 0xfe, 0xff, 0x6b, 0xe3, 0xff, 0xff
.byte 0x4f, 0xdd, 0xff, 0xff, 0x83, 0xe6, 0xff, 0xff, 0x23, 0xd4, 0xff, 0xff, 0x21, 0xd3, 0xff, 0xff
.byte 0x20, 0xd3, 0xff, 0xff, 0x20, 0xd2, 0xff, 0xff, 0x20, 0xd1, 0xff, 0xff, 0x65, 0xde, 0xff, 0xff
.byte 0x9a, 0xea, 0xff, 0xff, 0xff, 0xff, 0xff, 0xff, 0xff, 0xff, 0xff, 0xff, 0x76, 0xe1, 0xff, 0xff
.byte 0xfd, 0xff, 0xff, 0xff, 0xfe, 0xfe, 0xff, 0xff, 0xff, 0xff, 0xff, 0xff, 0xff, 0xff, 0xff, 0xff
.byte 0xff, 0xff, 0xff, 0xff, 0xff, 0xff, 0xff, 0xff, 0xff, 0xff, 0xff, 0xff, 0xff, 0xff, 0xff, 0xff
.byte 0xff, 0xff, 0xff, 0xff, 0xff, 0xff, 0xff, 0xff, 0xff, 0xff, 0xff, 0xff, 0xff, 0xff, 0xff, 0xff
.byte 0xfd, 0xfd, 0xfd, 0xff, 0xe0, 0xe0, 0xe0, 0xff, 0x95, 0x95, 0x95, 0xfe, 0x5c, 0x5c, 0x5c, 0xe9
.byte 0x4b, 0x4b, 0x4b, 0x80, 0x48, 0x48, 0x48, 0x15, 0x47, 0x47, 0x47, 0x15, 0x4c, 0x4c, 0x4c, 0x7f
.byte 0x5b, 0x5b, 0x5b, 0xea, 0x95, 0x95, 0x95, 0xfe, 0xe0, 0xe0, 0xe0, 0xff, 0xfd, 0xfd, 0xfd, 0xff
.byte 0xff, 0xff, 0xff, 0xff, 0xff, 0xff, 0xff, 0xff, 0xff, 0xff, 0xff, 0xff, 0xff, 0xff, 0xff, 0xff
.byte 0xff, 0xff, 0xff, 0xff, 0xff, 0xff, 0xff, 0xff, 0xff, 0xff, 0xff, 0xff, 0xff, 0xff, 0xff, 0xff
.byte 0xff, 0xff, 0xff, 0xff, 0xff, 0xff, 0xff, 0xff, 0xff, 0xff, 0xff, 0xff, 0xff, 0xff, 0xff, 0xff
.byte 0xff, 0xff, 0xff, 0xff, 0xff, 0xff, 0xff, 0xff, 0xfe, 0xfe, 0xfe, 0xff, 0xfe, 0xfe, 0xfc, 0xff
.byte 0xf9, 0xf0, 0xde, 0xff, 0xff, 0xff, 0xff, 0xff, 0xfe, 0xfe, 0xfe, 0xff, 0xfe, 0xff, 0xff, 0xff
.byte 0xfe, 0xfe, 0xfd, 0xff, 0xff, 0xff, 0xff, 0xff, 0xff, 0xff, 0xff, 0xff, 0xfe, 0xfd, 0xfb, 0xff
.byte 0xfe, 0xfe, 0xfd, 0xff, 0xff, 0xff, 0xff, 0xff, 0xff, 0xff, 0xff, 0xff, 0xf9, 0xee, 0xde, 0xff
.byte 0xe3, 0xa6, 0x4f, 0xff, 0xdb, 0x8c, 0x23, 0xff, 0xe3, 0xa3, 0x59, 0xff, 0xed, 0xc4, 0x99, 0xff
.byte 0xf1, 0xcf, 0xb0, 0xff, 0xff, 0xff, 0xff, 0xff, 0xff, 0xff, 0xff, 0xff, 0xff, 0xff, 0xff, 0xff
.byte 0xff, 0xff, 0xff, 0xff, 0xff, 0xff, 0xff, 0xff, 0xff, 0xff, 0xff, 0xff, 0xff, 0xff, 0xff, 0xff
.byte 0xff, 0xff, 0xff, 0xff, 0xfe, 0xfe, 0xfe, 0xff, 0xff, 0xff, 0xff, 0xff, 0xff, 0xff, 0xff, 0xff
.byte 0xff, 0xff, 0xff, 0xff, 0xff, 0xff, 0xff, 0xff, 0xff, 0xff, 0xff, 0xff, 0xff, 0xff, 0xff, 0xff
.byte 0xff, 0xff, 0xff, 0xff, 0xff, 0xff, 0xff, 0xff, 0xff, 0xff, 0xff, 0xff, 0xff, 0xff, 0xff, 0xff
.byte 0xff, 0xff, 0xff, 0xff, 0xff, 0xff, 0xff, 0xff, 0xff, 0xff, 0xff, 0xff, 0xff, 0xff, 0xff, 0xff
.byte 0xff, 0xff, 0xff, 0xff, 0xff, 0xff, 0xff, 0xff, 0xff, 0xff, 0xff, 0xff, 0xff, 0xff, 0xff, 0xff
.byte 0xff, 0xff, 0xff, 0xff, 0xff, 0xff, 0xff, 0xff, 0xff, 0xff, 0xff, 0xff, 0xff, 0xff, 0xff, 0xff
.byte 0xff, 0xff, 0xff, 0xff, 0xff, 0xff, 0xff, 0xff, 0xff, 0xff, 0xff, 0xff, 0xff, 0xff, 0xff, 0xff
.byte 0xff, 0xff, 0xff, 0xff, 0xff, 0xff, 0xff, 0xff, 0xff, 0xff, 0xff, 0xff, 0xff, 0xff, 0xff, 0xff
.byte 0xff, 0xff, 0xff, 0xff, 0xff, 0xff, 0xff, 0xff, 0xfe, 0xfe, 0xfe, 0xff, 0xfd, 0xfe, 0xfe, 0xff
.byte 0xff, 0xff, 0xff, 0xff, 0xf7, 0xfc, 0xfe, 0xff, 0x80, 0xde, 0xfc, 0xff, 0xc0, 0xef, 0xff, 0xff
.byte 0x70, 0xdf, 0xff, 0xff, 0x37, 0xd2, 0xff, 0xff, 0x41, 0xd6, 0xff, 0xff, 0x37, 0xd4, 0xff, 0xff
.byte 0x27, 0xd2, 0xff, 0xff, 0x21, 0xd1, 0xff, 0xff, 0x41, 0xd8, 0xff, 0xff, 0xf4, 0xfd, 0xff, 0xff
.byte 0xfe, 0xff, 0xff, 0xff, 0xd5, 0xf7, 0xff, 0xff, 0x5f, 0xdf, 0xff, 0xff, 0x49, 0xdb, 0xff, 0xff
.byte 0xd5, 0xf6, 0xff, 0xff, 0x4e, 0xdc, 0xff, 0xff, 0xa2, 0xed, 0xff, 0xff, 0x21, 0xd3, 0xff, 0xff
.byte 0x20, 0xd2, 0xff, 0xff, 0x20, 0xd1, 0xff, 0xff, 0x2d, 0xd4, 0xff, 0xff, 0xa3, 0xec, 0xff, 0xff
.byte 0xff, 0xff, 0xff, 0xff, 0xff, 0xff, 0xff, 0xff, 0xff, 0xff, 0xff, 0xff, 0x6f, 0xde, 0xff, 0xff
.byte 0xff, 0xff, 0xff, 0xff, 0xff, 0xff, 0xff, 0xff, 0xff, 0xff, 0xff, 0xff, 0xff, 0xff, 0xff, 0xff
.byte 0xff, 0xff, 0xff, 0xff, 0xff, 0xff, 0xff, 0xff, 0xff, 0xff, 0xff, 0xff, 0xff, 0xff, 0xff, 0xff
.byte 0xff, 0xff, 0xff, 0xff, 0xff, 0xff, 0xff, 0xff, 0xff, 0xff, 0xff, 0xff, 0xff, 0xff, 0xff, 0xff
.byte 0xfd, 0xfd, 0xfd, 0xff, 0xe0, 0xe0, 0xe0, 0xff, 0x95, 0x95, 0x95, 0xfe, 0x5c, 0x5c, 0x5c, 0xe9
.byte 0x4b, 0x4b, 0x4b, 0x80, 0x48, 0x48, 0x48, 0x15, 0x47, 0x47, 0x47, 0x15, 0x4c, 0x4c, 0x4c, 0x7f
.byte 0x5b, 0x5b, 0x5b, 0xea, 0x95, 0x95, 0x95, 0xfe, 0xe0, 0xe0, 0xe0, 0xff, 0xfd, 0xfd, 0xfd, 0xff
.byte 0xff, 0xff, 0xff, 0xff, 0xff, 0xff, 0xff, 0xff, 0xff, 0xff, 0xff, 0xff, 0xff, 0xff, 0xff, 0xff
.byte 0xff, 0xff, 0xff, 0xff, 0xff, 0xff, 0xff, 0xff, 0xff, 0xff, 0xff, 0xff, 0xff, 0xff, 0xff, 0xff
.byte 0xff, 0xff, 0xff, 0xff, 0xff, 0xff, 0xff, 0xff, 0xff, 0xff, 0xff, 0xff, 0xff, 0xff, 0xff, 0xff
.byte 0xff, 0xff, 0xff, 0xff, 0xff, 0xff, 0xff, 0xff, 0xff, 0xff, 0xff, 0xff, 0xfe, 0xfe, 0xfe, 0xff
.byte 0xfc, 0xf6, 0xea, 0xff, 0xf6, 0xe6, 0xc7, 0xff, 0xfe, 0xfc, 0xf9, 0xff, 0xff, 0xff, 0xff, 0xff
.byte 0xfd, 0xf9, 0xf2, 0xff, 0xfa, 0xf2, 0xe0, 0xff, 0xf6, 0xe5, 0xc7, 0xff, 0xf6, 0xe8, 0xcc, 0xff
.byte 0xfd, 0xf9, 0xf2, 0xff, 0xff, 0xff, 0xff, 0xff, 0xfe, 0xfe, 0xfd, 0xff, 0xfe, 0xfe, 0xfe, 0xff
.byte 0xff, 0xff, 0xff, 0xff, 0xf7, 0xe7, 0xd1, 0xff, 0xea, 0xb8, 0x7c, 0xff, 0xf5, 0xde, 0xc7, 0xff
.byte 0xff, 0xff, 0xff, 0xff, 0xfe, 0xfc, 0xfb, 0xff, 0xfe, 0xfe, 0xfe, 0xff, 0xff, 0xff, 0xff, 0xff
.byte 0xff, 0xff, 0xff, 0xff, 0xff, 0xff, 0xff, 0xff, 0xff, 0xff, 0xff, 0xff, 0xff, 0xff, 0xff, 0xff
.byte 0xff, 0xff, 0xff, 0xff, 0xff, 0xff, 0xff, 0xff, 0xe7, 0xbe, 0xcd, 0xff, 0xfd, 0xfa, 0xfb, 0xff
.byte 0xfe, 0xfe, 0xfe, 0xff, 0xff, 0xff, 0xff, 0xff, 0xff, 0xff, 0xff, 0xff, 0xff, 0xff, 0xff, 0xff
.byte 0xff, 0xff, 0xff, 0xff, 0xff, 0xff, 0xff, 0xff, 0xff, 0xff, 0xff, 0xff, 0xff, 0xff, 0xff, 0xff
.byte 0xff, 0xff, 0xff, 0xff, 0xff, 0xff, 0xff, 0xff, 0xff, 0xff, 0xff, 0xff, 0xff, 0xff, 0xff, 0xff
.byte 0xff, 0xff, 0xff, 0xff, 0xff, 0xff, 0xff, 0xff, 0xff, 0xff, 0xff, 0xff, 0xff, 0xff, 0xff, 0xff
.byte 0xff, 0xff, 0xff, 0xff, 0xff, 0xff, 0xff, 0xff, 0xff, 0xff, 0xff, 0xff, 0xff, 0xff, 0xff, 0xff
.byte 0xff, 0xff, 0xff, 0xff, 0xff, 0xff, 0xff, 0xff, 0xff, 0xff, 0xff, 0xff, 0xff, 0xff, 0xff, 0xff
.byte 0xff, 0xff, 0xff, 0xff, 0xff, 0xff, 0xff, 0xff, 0xff, 0xff, 0xff, 0xff, 0xff, 0xff, 0xff, 0xff
.byte 0xff, 0xff, 0xff, 0xff, 0xff, 0xff, 0xff, 0xff, 0xff, 0xff, 0xff, 0xff, 0xff, 0xff, 0xff, 0xff
.byte 0xff, 0xff, 0xff, 0xff, 0xfe, 0xfe, 0xfe, 0xff, 0xed, 0xfa, 0xff, 0xff, 0xab, 0xea, 0xfe, 0xff
.byte 0x9f, 0xe7, 0xfe, 0xff, 0xe9, 0xfb, 0xff, 0xff, 0x87, 0xe4, 0xff, 0xff, 0x5e, 0xdc, 0xff, 0xff
.byte 0x5c, 0xdc, 0xff, 0xff, 0x5f, 0xdd, 0xff, 0xff, 0xa9, 0xec, 0xff, 0xff, 0xd5, 0xf6, 0xff, 0xff
.byte 0x6d, 0xe1, 0xff, 0xff, 0x4c, 0xdb, 0xff, 0xff, 0x42, 0xd9, 0xff, 0xff, 0x82, 0xe6, 0xff, 0xff
.byte 0xc9, 0xf5, 0xff, 0xff, 0xf0, 0xfc, 0xfe, 0xff, 0xe4, 0xf9, 0xff, 0xff, 0x23, 0xd2, 0xff, 0xff
.byte 0x22, 0xd1, 0xff, 0xff, 0x22, 0xd1, 0xff, 0xff, 0x6f, 0xe1, 0xff, 0xff, 0xe3, 0xf9, 0xff, 0xff
.byte 0xfd, 0xfe, 0xff, 0xff, 0xfe, 0xfe, 0xff, 0xff, 0xfb, 0xfe, 0xff, 0xff, 0x9f, 0xe9, 0xff, 0xff
.byte 0xff, 0xff, 0xff, 0xff, 0xff, 0xff, 0xff, 0xff, 0xff, 0xff, 0xff, 0xff, 0xff, 0xff, 0xff, 0xff
.byte 0xff, 0xff, 0xff, 0xff, 0xff, 0xff, 0xff, 0xff, 0xff, 0xff, 0xff, 0xff, 0xff, 0xff, 0xff, 0xff
.byte 0xff, 0xff, 0xff, 0xff, 0xff, 0xff, 0xff, 0xff, 0xff, 0xff, 0xff, 0xff, 0xff, 0xff, 0xff, 0xff
.byte 0xfd, 0xfd, 0xfd, 0xff, 0xe0, 0xe0, 0xe0, 0xff, 0x95, 0x95, 0x95, 0xfe, 0x5c, 0x5c, 0x5c, 0xe9
.byte 0x4b, 0x4b, 0x4b, 0x80, 0x48, 0x48, 0x48, 0x15, 0x47, 0x47, 0x47, 0x15, 0x4c, 0x4c, 0x4c, 0x7f
.byte 0x5b, 0x5b, 0x5b, 0xea, 0x95, 0x95, 0x95, 0xfe, 0xe0, 0xe0, 0xe0, 0xff, 0xfd, 0xfd, 0xfd, 0xff
.byte 0xff, 0xff, 0xff, 0xff, 0xff, 0xff, 0xff, 0xff, 0xff, 0xff, 0xff, 0xff, 0xff, 0xff, 0xff, 0xff
.byte 0xff, 0xff, 0xff, 0xff, 0xff, 0xff, 0xff, 0xff, 0xff, 0xff, 0xff, 0xff, 0xff, 0xff, 0xff, 0xff
.byte 0xff, 0xff, 0xff, 0xff, 0xff, 0xff, 0xff, 0xff, 0xff, 0xff, 0xff, 0xff, 0xff, 0xff, 0xff, 0xff
.byte 0xff, 0xff, 0xff, 0xff, 0xff, 0xff, 0xff, 0xff, 0xff, 0xff, 0xff, 0xff, 0xff, 0xff, 0xff, 0xff
.byte 0xff, 0xff, 0xff, 0xff, 0xff, 0xff, 0xff, 0xff, 0xf7, 0xe9, 0xcf, 0xff, 0xf7, 0xeb, 0xd2, 0xff
.byte 0xf9, 0xef, 0xdc, 0xff, 0xfa, 0xf2, 0xe2, 0xff, 0xee, 0xd0, 0x98, 0xff, 0xe5, 0xb8, 0x60, 0xff
.byte 0xe7, 0xbc, 0x6d, 0xff, 0xee, 0xd0, 0x9a, 0xff, 0xf8, 0xed, 0xd9, 0xff, 0xff, 0xff, 0xfe, 0xff
.byte 0xff, 0xff, 0xff, 0xff, 0xfe, 0xfe, 0xfd, 0xff, 0xff, 0xff, 0xff, 0xff, 0xf8, 0xe7, 0xd4, 0xff
.byte 0xef, 0xca, 0xa8, 0xff, 0xf6, 0xde, 0xcc, 0xff, 0xff, 0xff, 0xff, 0xff, 0xff, 0xff, 0xff, 0xff
.byte 0xfe, 0xfc, 0xfc, 0xff, 0xfe, 0xfe, 0xfe, 0xff, 0xfe, 0xfd, 0xfd, 0xff, 0xff, 0xff, 0xff, 0xff
.byte 0xf5, 0xe0, 0xe2, 0xff, 0xec, 0xc8, 0xd1, 0xff, 0xe1, 0xab, 0xbd, 0xff, 0xfe, 0xfd, 0xfe, 0xff
.byte 0xfe, 0xfe, 0xfe, 0xff, 0xff, 0xff, 0xff, 0xff, 0xff, 0xff, 0xff, 0xff, 0xff, 0xff, 0xff, 0xff
.byte 0xff, 0xff, 0xff, 0xff, 0xff, 0xff, 0xff, 0xff, 0xff, 0xff, 0xff, 0xff, 0xff, 0xff, 0xff, 0xff
.byte 0xff, 0xff, 0xff, 0xff, 0xff, 0xff, 0xff, 0xff, 0xff, 0xff, 0xff, 0xff, 0xff, 0xff, 0xff, 0xff
.byte 0xff, 0xff, 0xff, 0xff, 0xff, 0xff, 0xff, 0xff, 0xff, 0xff, 0xff, 0xff, 0xff, 0xff, 0xff, 0xff
.byte 0xff, 0xff, 0xff, 0xff, 0xff, 0xff, 0xff, 0xff, 0xff, 0xff, 0xff, 0xff, 0xff, 0xff, 0xff, 0xff
.byte 0xff, 0xff, 0xff, 0xff, 0xff, 0xff, 0xff, 0xff, 0xff, 0xff, 0xff, 0xff, 0xff, 0xff, 0xff, 0xff
.byte 0xff, 0xff, 0xff, 0xff, 0xff, 0xff, 0xff, 0xff, 0xff, 0xff, 0xff, 0xff, 0xff, 0xff, 0xff, 0xff
.byte 0xff, 0xff, 0xff, 0xff, 0xff, 0xff, 0xff, 0xff, 0xff, 0xff, 0xff, 0xff, 0xff, 0xff, 0xff, 0xff
.byte 0xff, 0xff, 0xff, 0xff, 0xff, 0xff, 0xff, 0xff, 0xa3, 0xe5, 0xfd, 0xff, 0xea, 0xfa, 0xfe, 0xff
.byte 0x90, 0xe2, 0xfd, 0xff, 0x28, 0xcd, 0xfe, 0xff, 0x40, 0xd4, 0xff, 0xff, 0x73, 0xe0, 0xff, 0xff
.byte 0x5f, 0xdc, 0xff, 0xff, 0x41, 0xd7, 0xff, 0xff, 0xcf, 0xf4, 0xff, 0xff, 0xe0, 0xf8, 0xff, 0xff
.byte 0xa4, 0xed, 0xff, 0xff, 0x6b, 0xe0, 0xff, 0xff, 0x44, 0xd9, 0xff, 0xff, 0x3d, 0xd6, 0xff, 0xff
.byte 0xfc, 0xfe, 0xff, 0xff, 0xff, 0xff, 0xff, 0xff, 0x5e, 0xdd, 0xff, 0xff, 0x1d, 0xd0, 0xff, 0xff
.byte 0x36, 0xd5, 0xff, 0xff, 0x7b, 0xe3, 0xff, 0xff, 0x26, 0xd1, 0xff, 0xff, 0xee, 0xfb, 0xff, 0xff
.byte 0xfd, 0xfe, 0xff, 0xff, 0xf9, 0xfd, 0xff, 0xff, 0xd5, 0xf5, 0xff, 0xff, 0xff, 0xff, 0xff, 0xff
.byte 0xff, 0xff, 0xff, 0xff, 0xff, 0xff, 0xff, 0xff, 0xff, 0xff, 0xff, 0xff, 0xff, 0xff, 0xff, 0xff
.byte 0xff, 0xff, 0xff, 0xff, 0xff, 0xff, 0xff, 0xff, 0xff, 0xff, 0xff, 0xff, 0xff, 0xff, 0xff, 0xff
.byte 0xff, 0xff, 0xff, 0xff, 0xff, 0xff, 0xff, 0xff, 0xff, 0xff, 0xff, 0xff, 0xff, 0xff, 0xff, 0xff
.byte 0xfd, 0xfd, 0xfd, 0xff, 0xe0, 0xe0, 0xe0, 0xff, 0x95, 0x95, 0x95, 0xfe, 0x5c, 0x5c, 0x5c, 0xe9
.byte 0x4b, 0x4b, 0x4b, 0x80, 0x48, 0x48, 0x48, 0x15, 0x47, 0x47, 0x47, 0x15, 0x4c, 0x4c, 0x4c, 0x7f
.byte 0x5b, 0x5b, 0x5b, 0xea, 0x95, 0x95, 0x95, 0xfe, 0xe0, 0xe0, 0xe0, 0xff, 0xfd, 0xfd, 0xfd, 0xff
.byte 0xff, 0xff, 0xff, 0xff, 0xff, 0xff, 0xff, 0xff, 0xff, 0xff, 0xff, 0xff, 0xff, 0xff, 0xff, 0xff
.byte 0xff, 0xff, 0xff, 0xff, 0xff, 0xff, 0xff, 0xff, 0xff, 0xff, 0xff, 0xff, 0xff, 0xff, 0xff, 0xff
.byte 0xff, 0xff, 0xff, 0xff, 0xff, 0xff, 0xff, 0xff, 0xff, 0xff, 0xff, 0xff, 0xff, 0xff, 0xff, 0xff
.byte 0xff, 0xff, 0xff, 0xff, 0xff, 0xff, 0xff, 0xff, 0xff, 0xff, 0xff, 0xff, 0xff, 0xff, 0xff, 0xff
.byte 0xff, 0xff, 0xff, 0xff, 0xfe, 0xfe, 0xfe, 0xff, 0xff, 0xff, 0xff, 0xff, 0xff, 0xff, 0xff, 0xff
.byte 0xff, 0xff, 0xfe, 0xff, 0xfe, 0xfb, 0xf8, 0xff, 0xfa, 0xf2, 0xe2, 0xff, 0xe4, 0xb7, 0x60, 0xff
.byte 0xf8, 0xec, 0xd5, 0xff, 0xf3, 0xdc, 0xb4, 0xff, 0xec, 0xc7, 0x89, 0xff, 0xe5, 0xb3, 0x61, 0xff
.byte 0xf6, 0xe4, 0xc9, 0xff, 0xfe, 0xfe, 0xfe, 0xff, 0xff, 0xff, 0xff, 0xff, 0xfe, 0xfd, 0xfd, 0xff
.byte 0xff, 0xff, 0xff, 0xff, 0xfc, 0xf4, 0xed, 0xff, 0xf1, 0xcd, 0xb6, 0xff, 0xef, 0xc3, 0xae, 0xff
.byte 0xf2, 0xcf, 0xc2, 0xff, 0xf3, 0xd7, 0xd0, 0xff, 0xfc, 0xf7, 0xf6, 0xff, 0xef, 0xc7, 0xc6, 0xff
.byte 0xfe, 0xfb, 0xfc, 0xff, 0xf9, 0xee, 0xf0, 0xff, 0xfc, 0xf6, 0xf8, 0xff, 0xff, 0xff, 0xff, 0xff
.byte 0xff, 0xff, 0xff, 0xff, 0xff, 0xff, 0xff, 0xff, 0xff, 0xff, 0xff, 0xff, 0xff, 0xff, 0xff, 0xff
.byte 0xff, 0xff, 0xff, 0xff, 0xff, 0xff, 0xff, 0xff, 0xff, 0xff, 0xff, 0xff, 0xff, 0xff, 0xff, 0xff
.byte 0xff, 0xff, 0xff, 0xff, 0xff, 0xff, 0xff, 0xff, 0xff, 0xff, 0xff, 0xff, 0xff, 0xff, 0xff, 0xff
.byte 0xff, 0xff, 0xff, 0xff, 0xff, 0xff, 0xff, 0xff, 0xff, 0xff, 0xff, 0xff, 0xff, 0xff, 0xff, 0xff
.byte 0xff, 0xff, 0xff, 0xff, 0xff, 0xff, 0xff, 0xff, 0xff, 0xff, 0xff, 0xff, 0xff, 0xff, 0xff, 0xff
.byte 0xff, 0xff, 0xff, 0xff, 0xff, 0xff, 0xff, 0xff, 0xff, 0xff, 0xff, 0xff, 0xff, 0xff, 0xff, 0xff
.byte 0xff, 0xff, 0xff, 0xff, 0xff, 0xff, 0xff, 0xff, 0xff, 0xff, 0xff, 0xff, 0xff, 0xff, 0xff, 0xff
.byte 0xff, 0xff, 0xff, 0xff, 0xff, 0xff, 0xff, 0xff, 0xff, 0xff, 0xff, 0xff, 0xff, 0xff, 0xff, 0xff
.byte 0xfd, 0xfe, 0xfe, 0xff, 0xf1, 0xfb, 0xfe, 0xff, 0x43, 0xc8, 0xfa, 0xff, 0xf5, 0xfc, 0xfe, 0xff
.byte 0xbc, 0xee, 0xfe, 0xff, 0x59, 0xd6, 0xfe, 0xff, 0x30, 0xce, 0xfe, 0xff, 0x1e, 0xcc, 0xff, 0xff
.byte 0x22, 0xce, 0xff, 0xff, 0x27, 0xd1, 0xff, 0xff, 0xeb, 0xfb, 0xff, 0xff, 0xcf, 0xf5, 0xff, 0xff
.byte 0x7b, 0xe3, 0xff, 0xff, 0xad, 0xed, 0xff, 0xff, 0x1f, 0xd0, 0xff, 0xff, 0x65, 0xdf, 0xff, 0xff
.byte 0xff, 0xff, 0xff, 0xff, 0xa1, 0xec, 0xff, 0xff, 0x23, 0xd1, 0xff, 0xff, 0x84, 0xe5, 0xff, 0xff
.byte 0xcd, 0xf4, 0xff, 0xff, 0x3e, 0xd5, 0xff, 0xff, 0x58, 0xdb, 0xff, 0xff, 0xff, 0xff, 0xff, 0xff
.byte 0xff, 0xff, 0xff, 0xff, 0xff, 0xff, 0xff, 0xff, 0xff, 0xff, 0xff, 0xff, 0xff, 0xff, 0xff, 0xff
.byte 0xff, 0xff, 0xff, 0xff, 0xff, 0xff, 0xff, 0xff, 0xff, 0xff, 0xff, 0xff, 0xff, 0xff, 0xff, 0xff
.byte 0xff, 0xff, 0xff, 0xff, 0xff, 0xff, 0xff, 0xff, 0xff, 0xff, 0xff, 0xff, 0xff, 0xff, 0xff, 0xff
.byte 0xff, 0xff, 0xff, 0xff, 0xff, 0xff, 0xff, 0xff, 0xff, 0xff, 0xff, 0xff, 0xff, 0xff, 0xff, 0xff
.byte 0xfd, 0xfd, 0xfd, 0xff, 0xe0, 0xe0, 0xe0, 0xff, 0x95, 0x95, 0x95, 0xfe, 0x5c, 0x5c, 0x5c, 0xe9
.byte 0x4b, 0x4b, 0x4b, 0x80, 0x48, 0x48, 0x48, 0x15, 0x47, 0x47, 0x47, 0x15, 0x4c, 0x4c, 0x4c, 0x7f
.byte 0x5b, 0x5b, 0x5b, 0xea, 0x95, 0x95, 0x95, 0xfe, 0xe0, 0xe0, 0xe0, 0xff, 0xfd, 0xfd, 0xfd, 0xff
.byte 0xff, 0xff, 0xff, 0xff, 0xff, 0xff, 0xff, 0xff, 0xff, 0xff, 0xff, 0xff, 0xff, 0xff, 0xff, 0xff
.byte 0xff, 0xff, 0xff, 0xff, 0xff, 0xff, 0xff, 0xff, 0xff, 0xff, 0xff, 0xff, 0xff, 0xff, 0xff, 0xff
.byte 0xfe, 0xfe, 0xfd, 0xff, 0xff, 0xff, 0xff, 0xff, 0xff, 0xff, 0xff, 0xff, 0xff, 0xff, 0xff, 0xff
.byte 0xff, 0xff, 0xff, 0xff, 0xff, 0xff, 0xff, 0xff, 0xff, 0xff, 0xff, 0xff, 0xff, 0xff, 0xff, 0xff
.byte 0xff, 0xff, 0xff, 0xff, 0xff, 0xff, 0xff, 0xff, 0xff, 0xff, 0xff, 0xff, 0xff, 0xff, 0xff, 0xff
.byte 0xff, 0xff, 0xff, 0xff, 0xf7, 0xe8, 0xcc, 0xff, 0xf2, 0xdc, 0xb2, 0xff, 0xd7, 0x8e, 0x05, 0xff
.byte 0xde, 0xa5, 0x3a, 0xff, 0xf3, 0xdf, 0xbb, 0xff, 0xf8, 0xed, 0xd9, 0xff, 0xf1, 0xd6, 0xaa, 0xff
.byte 0xed, 0xca, 0x93, 0xff, 0xff, 0xff, 0xff, 0xff, 0xf9, 0xed, 0xdd, 0xff, 0xfc, 0xf6, 0xef, 0xff
.byte 0xff, 0xff, 0xff, 0xff, 0xff, 0xff, 0xff, 0xff, 0xff, 0xff, 0xff, 0xff, 0xff, 0xff, 0xff, 0xff
.byte 0xf2, 0xd0, 0xc3, 0xff, 0xde, 0x88, 0x71, 0xff, 0xd6, 0x75, 0x66, 0xff, 0xf5, 0xdd, 0xdc, 0xff
.byte 0xf8, 0xe8, 0xe9, 0xff, 0xff, 0xff, 0xff, 0xff, 0xfe, 0xfe, 0xfe, 0xff, 0xff, 0xff, 0xff, 0xff
.byte 0xff, 0xff, 0xff, 0xff, 0xff, 0xff, 0xff, 0xff, 0xff, 0xff, 0xff, 0xff, 0xff, 0xff, 0xff, 0xff
.byte 0xff, 0xff, 0xff, 0xff, 0xff, 0xff, 0xff, 0xff, 0xff, 0xff, 0xff, 0xff, 0xff, 0xff, 0xff, 0xff
.byte 0xff, 0xff, 0xff, 0xff, 0xff, 0xff, 0xff, 0xff, 0xff, 0xff, 0xff, 0xff, 0xff, 0xff, 0xff, 0xff
.byte 0xff, 0xff, 0xff, 0xff, 0xff, 0xff, 0xff, 0xff, 0xff, 0xff, 0xff, 0xff, 0xff, 0xff, 0xff, 0xff
.byte 0xff, 0xff, 0xff, 0xff, 0xff, 0xff, 0xff, 0xff, 0xff, 0xff, 0xff, 0xff, 0xff, 0xff, 0xff, 0xff
.byte 0xff, 0xff, 0xff, 0xff, 0xff, 0xff, 0xff, 0xff, 0xff, 0xff, 0xff, 0xff, 0xff, 0xff, 0xff, 0xff
.byte 0xff, 0xff, 0xff, 0xff, 0xff, 0xff, 0xff, 0xff, 0xff, 0xff, 0xff, 0xff, 0xff, 0xff, 0xff, 0xff
.byte 0xff, 0xff, 0xff, 0xff, 0xff, 0xff, 0xff, 0xff, 0xff, 0xff, 0xff, 0xff, 0xff, 0xff, 0xff, 0xff
.byte 0xfd, 0xfe, 0xfe, 0xff, 0xf1, 0xfb, 0xfe, 0xff, 0x33, 0xc3, 0xf8, 0xff, 0x94, 0xe0, 0xfc, 0xff
.byte 0xff, 0xff, 0xff, 0xff, 0x8f, 0xe3, 0xfd, 0xff, 0x26, 0xca, 0xfd, 0xff, 0x8e, 0xe6, 0xff, 0xff
.byte 0x69, 0xdc, 0xff, 0xff, 0x30, 0xd1, 0xff, 0xff, 0xdc, 0xf7, 0xff, 0xff, 0xc9, 0xf3, 0xff, 0xff
.byte 0x7d, 0xe3, 0xff, 0xff, 0x7e, 0xe4, 0xff, 0xff, 0x28, 0xd1, 0xff, 0xff, 0xa1, 0xea, 0xff, 0xff
.byte 0xbb, 0xf0, 0xff, 0xff, 0x25, 0xd1, 0xff, 0xff, 0x6f, 0xe1, 0xff, 0xff, 0xff, 0xff, 0xff, 0xff
.byte 0x7a, 0xe1, 0xff, 0xff, 0x1e, 0xce, 0xff, 0xff, 0xb4, 0xef, 0xff, 0xff, 0xfe, 0xfe, 0xff, 0xff
.byte 0xff, 0xff, 0xff, 0xff, 0xff, 0xff, 0xff, 0xff, 0xff, 0xff, 0xff, 0xff, 0xff, 0xff, 0xff, 0xff
.byte 0xff, 0xff, 0xff, 0xff, 0xff, 0xff, 0xff, 0xff, 0xff, 0xff, 0xff, 0xff, 0xff, 0xff, 0xff, 0xff
.byte 0xff, 0xff, 0xff, 0xff, 0xff, 0xff, 0xff, 0xff, 0xff, 0xff, 0xff, 0xff, 0xff, 0xff, 0xff, 0xff
.byte 0xff, 0xff, 0xff, 0xff, 0xff, 0xff, 0xff, 0xff, 0xff, 0xff, 0xff, 0xff, 0xff, 0xff, 0xff, 0xff
.byte 0xfd, 0xfd, 0xfd, 0xff, 0xe0, 0xe0, 0xe0, 0xff, 0x95, 0x95, 0x95, 0xfe, 0x5c, 0x5c, 0x5c, 0xe9
.byte 0x4b, 0x4b, 0x4b, 0x80, 0x48, 0x48, 0x48, 0x15, 0x47, 0x47, 0x47, 0x15, 0x4c, 0x4c, 0x4c, 0x7f
.byte 0x5b, 0x5b, 0x5b, 0xea, 0x95, 0x95, 0x95, 0xfe, 0xe0, 0xe0, 0xe0, 0xff, 0xfd, 0xfd, 0xfd, 0xff
.byte 0xff, 0xff, 0xff, 0xff, 0xff, 0xff, 0xff, 0xff, 0xff, 0xff, 0xff, 0xff, 0xff, 0xff, 0xff, 0xff
.byte 0xff, 0xff, 0xff, 0xff, 0xff, 0xff, 0xff, 0xff, 0xff, 0xff, 0xff, 0xff, 0xfe, 0xfe, 0xfe, 0xff
.byte 0xf6, 0xe7, 0xc9, 0xff, 0xe6, 0xbb, 0x67, 0xff, 0xed, 0xcd, 0x8f, 0xff, 0xff, 0xfe, 0xfe, 0xff
.byte 0xff, 0xff, 0xff, 0xff, 0xff, 0xff, 0xff, 0xff, 0xff, 0xff, 0xff, 0xff, 0xff, 0xff, 0xff, 0xff
.byte 0xff, 0xff, 0xff, 0xff, 0xff, 0xff, 0xff, 0xff, 0xff, 0xff, 0xff, 0xff, 0xff, 0xff, 0xff, 0xff
.byte 0xfe, 0xfe, 0xfe, 0xff, 0xff, 0xff, 0xff, 0xff, 0xfa, 0xf0, 0xdd, 0xff, 0xd9, 0x96, 0x16, 0xff
.byte 0xd6, 0x8a, 0x01, 0xff, 0xdd, 0xa1, 0x33, 0xff, 0xf2, 0xdc, 0xb4, 0xff, 0xe5, 0xb2, 0x5f, 0xff
.byte 0xd8, 0x87, 0x08, 0xff, 0xe2, 0xa0, 0x42, 0xff, 0xf5, 0xde, 0xc0, 0xff, 0xf7, 0xe4, 0xcd, 0xff
.byte 0xf4, 0xd9, 0xbe, 0xff, 0xef, 0xc3, 0x9e, 0xff, 0xf0, 0xca, 0xaf, 0xff, 0xf2, 0xd2, 0xbf, 0xff
.byte 0xf7, 0xe1, 0xd7, 0xff, 0xf9, 0xee, 0xea, 0xff, 0xfa, 0xed, 0xea, 0xff, 0xf6, 0xe2, 0xe1, 0xff
.byte 0xff, 0xff, 0xff, 0xff, 0xff, 0xff, 0xff, 0xff, 0xff, 0xff, 0xff, 0xff, 0xff, 0xff, 0xff, 0xff
.byte 0xff, 0xff, 0xff, 0xff, 0xff, 0xff, 0xff, 0xff, 0xff, 0xff, 0xff, 0xff, 0xff, 0xff, 0xff, 0xff
.byte 0xff, 0xff, 0xff, 0xff, 0xff, 0xff, 0xff, 0xff, 0xff, 0xff, 0xff, 0xff, 0xff, 0xff, 0xff, 0xff
.byte 0xff, 0xff, 0xff, 0xff, 0xff, 0xff, 0xff, 0xff, 0xff, 0xff, 0xff, 0xff, 0xff, 0xff, 0xff, 0xff
.byte 0xff, 0xff, 0xff, 0xff, 0xff, 0xff, 0xff, 0xff, 0xff, 0xff, 0xff, 0xff, 0xff, 0xff, 0xff, 0xff
.byte 0xff, 0xff, 0xff, 0xff, 0xff, 0xff, 0xff, 0xff, 0xff, 0xff, 0xff, 0xff, 0xff, 0xff, 0xff, 0xff
.byte 0xff, 0xff, 0xff, 0xff, 0xff, 0xff, 0xff, 0xff, 0xff, 0xff, 0xff, 0xff, 0xff, 0xff, 0xff, 0xff
.byte 0xff, 0xff, 0xff, 0xff, 0xff, 0xff, 0xff, 0xff, 0xff, 0xff, 0xff, 0xff, 0xff, 0xff, 0xff, 0xff
.byte 0xff, 0xff, 0xff, 0xff, 0xff, 0xff, 0xff, 0xff, 0xff, 0xff, 0xff, 0xff, 0xff, 0xff, 0xff, 0xff
.byte 0xff, 0xff, 0xff, 0xff, 0xff, 0xff, 0xff, 0xff, 0x7c, 0xd6, 0xf9, 0xff, 0x30, 0xc3, 0xf9, 0xff
.byte 0x47, 0xcb, 0xfb, 0xff, 0x8d, 0xdf, 0xfc, 0xff, 0xad, 0xea, 0xfe, 0xff, 0x2b, 0xca, 0xfc, 0xff
.byte 0x30, 0xcd, 0xfe, 0xff, 0xcd, 0xf4, 0xff, 0xff, 0xde, 0xf7, 0xff, 0xff, 0x89, 0xe4, 0xff, 0xff
.byte 0xd9, 0xf6, 0xff, 0xff, 0xb4, 0xef, 0xff, 0xff, 0xc0, 0xf1, 0xff, 0xff, 0x3e, 0xd5, 0xff, 0xff
.byte 0x2e, 0xd0, 0xff, 0xff, 0x58, 0xdb, 0xff, 0xff, 0xff, 0xff, 0xff, 0xff, 0xff, 0xff, 0xff, 0xff
.byte 0x49, 0xd7, 0xff, 0xff, 0x20, 0xce, 0xff, 0xff, 0xf0, 0xfb, 0xff, 0xff, 0xfd, 0xfe, 0xff, 0xff
.byte 0xff, 0xff, 0xff, 0xff, 0xff, 0xff, 0xff, 0xff, 0xff, 0xff, 0xff, 0xff, 0xff, 0xff, 0xff, 0xff
.byte 0xff, 0xff, 0xff, 0xff, 0xff, 0xff, 0xff, 0xff, 0xff, 0xff, 0xff, 0xff, 0xff, 0xff, 0xff, 0xff
.byte 0xff, 0xff, 0xff, 0xff, 0xff, 0xff, 0xff, 0xff, 0xff, 0xff, 0xff, 0xff, 0xff, 0xff, 0xff, 0xff
.byte 0xff, 0xff, 0xff, 0xff, 0xff, 0xff, 0xff, 0xff, 0xff, 0xff, 0xff, 0xff, 0xff, 0xff, 0xff, 0xff
.byte 0xfd, 0xfd, 0xfd, 0xff, 0xe0, 0xe0, 0xe0, 0xff, 0x95, 0x95, 0x95, 0xfe, 0x5c, 0x5c, 0x5c, 0xe9
.byte 0x4b, 0x4b, 0x4b, 0x80, 0x48, 0x48, 0x48, 0x15, 0x47, 0x47, 0x47, 0x15, 0x4c, 0x4c, 0x4c, 0x7f
.byte 0x5b, 0x5b, 0x5b, 0xea, 0x95, 0x95, 0x95, 0xfe, 0xe0, 0xe0, 0xe0, 0xff, 0xfd, 0xfd, 0xfd, 0xff
.byte 0xff, 0xff, 0xff, 0xff, 0xff, 0xff, 0xff, 0xff, 0xff, 0xff, 0xff, 0xff, 0xff, 0xff, 0xff, 0xff
.byte 0xff, 0xff, 0xff, 0xff, 0xff, 0xff, 0xff, 0xff, 0xff, 0xff, 0xff, 0xff, 0xff, 0xff, 0xff, 0xff
.byte 0xe9, 0xc6, 0x7f, 0xff, 0xff, 0xff, 0xff, 0xff, 0xff, 0xff, 0xff, 0xff, 0xf4, 0xe1, 0xbc, 0xff
.byte 0xff, 0xff, 0xff, 0xff, 0xff, 0xff, 0xff, 0xff, 0xff, 0xff, 0xff, 0xff, 0xff, 0xff, 0xff, 0xff
.byte 0xff, 0xff, 0xff, 0xff, 0xff, 0xff, 0xff, 0xff, 0xff, 0xff, 0xff, 0xff, 0xff, 0xff, 0xff, 0xff
.byte 0xff, 0xff, 0xff, 0xff, 0xff, 0xff, 0xff, 0xff, 0xff, 0xff, 0xff, 0xff, 0xe5, 0xb8, 0x61, 0xff
.byte 0xd6, 0x89, 0x00, 0xff, 0xdb, 0x9e, 0x2c, 0xff, 0xfc, 0xf8, 0xf0, 0xff, 0xfb, 0xf5, 0xeb, 0xff
.byte 0xdc, 0x95, 0x24, 0xff, 0xe0, 0xa0, 0x41, 0xff, 0xe5, 0xab, 0x5d, 0xff, 0xea, 0xb9, 0x7d, 0xff
.byte 0xf1, 0xcf, 0xaa, 0xff, 0xf7, 0xe5, 0xd4, 0xff, 0xfc, 0xf5, 0xef, 0xff, 0xff, 0xff, 0xff, 0xff
.byte 0xff, 0xff, 0xff, 0xff, 0xff, 0xff, 0xff, 0xff, 0xfe, 0xfe, 0xfd, 0xff, 0xfe, 0xfd, 0xfd, 0xff
.byte 0xff, 0xff, 0xff, 0xff, 0xff, 0xff, 0xff, 0xff, 0xff, 0xff, 0xff, 0xff, 0xff, 0xff, 0xff, 0xff
.byte 0xff, 0xff, 0xff, 0xff, 0xff, 0xff, 0xff, 0xff, 0xff, 0xff, 0xff, 0xff, 0xff, 0xff, 0xff, 0xff
.byte 0xff, 0xff, 0xff, 0xff, 0xff, 0xff, 0xff, 0xff, 0xff, 0xff, 0xff, 0xff, 0xff, 0xff, 0xff, 0xff
.byte 0xff, 0xff, 0xff, 0xff, 0xff, 0xff, 0xff, 0xff, 0xff, 0xff, 0xff, 0xff, 0xff, 0xff, 0xff, 0xff
.byte 0xff, 0xff, 0xff, 0xff, 0xff, 0xff, 0xff, 0xff, 0xff, 0xff, 0xff, 0xff, 0xff, 0xff, 0xff, 0xff
.byte 0xff, 0xff, 0xff, 0xff, 0xff, 0xff, 0xff, 0xff, 0xff, 0xff, 0xff, 0xff, 0xff, 0xff, 0xff, 0xff
.byte 0xff, 0xff, 0xff, 0xff, 0xff, 0xff, 0xff, 0xff, 0xff, 0xff, 0xff, 0xff, 0xff, 0xff, 0xff, 0xff
.byte 0xff, 0xff, 0xff, 0xff, 0xff, 0xff, 0xff, 0xff, 0xff, 0xff, 0xff, 0xff, 0xff, 0xff, 0xff, 0xff
.byte 0xff, 0xff, 0xff, 0xff, 0xff, 0xff, 0xff, 0xff, 0xff, 0xff, 0xff, 0xff, 0xff, 0xff, 0xff, 0xff
.byte 0xff, 0xff, 0xff, 0xff, 0xfe, 0xfe, 0xfe, 0xff, 0xff, 0xff, 0xff, 0xff, 0x96, 0xde, 0xfb, 0xff
.byte 0x33, 0xc2, 0xf8, 0xff, 0x69, 0xd4, 0xfb, 0xff, 0x5c, 0xd2, 0xfb, 0xff, 0x33, 0xc9, 0xfc, 0xff
.byte 0x30, 0xca, 0xfc, 0xff, 0x3c, 0xcf, 0xfe, 0xff, 0x9e, 0xe7, 0xfd, 0xff, 0x69, 0xdc, 0xff, 0xff
.byte 0x34, 0xd1, 0xff, 0xff, 0xd5, 0xf5, 0xff, 0xff, 0x7f, 0xe1, 0xff, 0xff, 0x42, 0xd5, 0xff, 0xff
.byte 0x2f, 0xd1, 0xff, 0xff, 0xfd, 0xfe, 0xfe, 0xff, 0xfc, 0xfe, 0xff, 0xff, 0xff, 0xff, 0xff, 0xff
.byte 0x67, 0xdc, 0xfe, 0xff, 0x34, 0xcf, 0xfe, 0xff, 0xff, 0xff, 0xff, 0xff, 0xfe, 0xfe, 0xff, 0xff
.byte 0xff, 0xff, 0xff, 0xff, 0xff, 0xff, 0xff, 0xff, 0xff, 0xff, 0xff, 0xff, 0xff, 0xff, 0xff, 0xff
.byte 0xff, 0xff, 0xff, 0xff, 0xff, 0xff, 0xff, 0xff, 0xff, 0xff, 0xff, 0xff, 0xff, 0xff, 0xff, 0xff
.byte 0xff, 0xff, 0xff, 0xff, 0xff, 0xff, 0xff, 0xff, 0xff, 0xff, 0xff, 0xff, 0xff, 0xff, 0xff, 0xff
.byte 0xff, 0xff, 0xff, 0xff, 0xff, 0xff, 0xff, 0xff, 0xff, 0xff, 0xff, 0xff, 0xff, 0xff, 0xff, 0xff
.byte 0xfd, 0xfd, 0xfd, 0xff, 0xe0, 0xe0, 0xe0, 0xff, 0x95, 0x95, 0x95, 0xfe, 0x5c, 0x5c, 0x5c, 0xe9
.byte 0x4b, 0x4b, 0x4b, 0x80, 0x48, 0x48, 0x48, 0x15, 0x47, 0x47, 0x47, 0x15, 0x4c, 0x4c, 0x4c, 0x7f
.byte 0x5b, 0x5b, 0x5b, 0xea, 0x95, 0x95, 0x95, 0xfe, 0xe0, 0xe0, 0xe0, 0xff, 0xfd, 0xfd, 0xfd, 0xff
.byte 0xff, 0xff, 0xff, 0xff, 0xff, 0xff, 0xff, 0xff, 0xff, 0xff, 0xff, 0xff, 0xff, 0xff, 0xff, 0xff
.byte 0xff, 0xff, 0xff, 0xff, 0xff, 0xff, 0xff, 0xff, 0xff, 0xff, 0xff, 0xff, 0xf4, 0xe2, 0xbe, 0xff
.byte 0xfc, 0xf6, 0xec, 0xff, 0xfe, 0xfe, 0xfe, 0xff, 0xfe, 0xfe, 0xfc, 0xff, 0xfe, 0xfc, 0xf9, 0xff
.byte 0xfe, 0xfe, 0xfc, 0xff, 0xff, 0xff, 0xff, 0xff, 0xff, 0xff, 0xff, 0xff, 0xff, 0xff, 0xff, 0xff
.byte 0xff, 0xff, 0xff, 0xff, 0xff, 0xff, 0xff, 0xff, 0xff, 0xff, 0xff, 0xff, 0xff, 0xff, 0xff, 0xff
.byte 0xff, 0xff, 0xff, 0xff, 0xff, 0xff, 0xff, 0xff, 0xff, 0xff, 0xff, 0xff, 0xe7, 0xbe, 0x72, 0xff
.byte 0xe3, 0xb2, 0x52, 0xff, 0xe4, 0xb4, 0x5b, 0xff, 0xf6, 0xe8, 0xce, 0xff, 0xfd, 0xf9, 0xf2, 0xff
.byte 0xd9, 0x8c, 0x10, 0xff, 0xdc, 0x94, 0x29, 0xff, 0xe3, 0xa7, 0x50, 0xff, 0xf4, 0xda, 0xba, 0xff
.byte 0xfa, 0xf0, 0xe4, 0xff, 0xff, 0xff, 0xff, 0xff, 0xfe, 0xfe, 0xfe, 0xff, 0xfe, 0xfe, 0xfe, 0xff
.byte 0xff, 0xff, 0xff, 0xff, 0xff, 0xff, 0xff, 0xff, 0xff, 0xff, 0xff, 0xff, 0xff, 0xff, 0xff, 0xff
.byte 0xff, 0xff, 0xff, 0xff, 0xff, 0xff, 0xff, 0xff, 0xff, 0xff, 0xff, 0xff, 0xff, 0xff, 0xff, 0xff
.byte 0xff, 0xff, 0xff, 0xff, 0xff, 0xff, 0xff, 0xff, 0xff, 0xff, 0xff, 0xff, 0xff, 0xff, 0xff, 0xff
.byte 0xff, 0xff, 0xff, 0xff, 0xff, 0xff, 0xff, 0xff, 0xff, 0xff, 0xff, 0xff, 0xff, 0xff, 0xff, 0xff
.byte 0xff, 0xff, 0xff, 0xff, 0xff, 0xff, 0xff, 0xff, 0xff, 0xff, 0xff, 0xff, 0xff, 0xff, 0xff, 0xff
.byte 0xff, 0xff, 0xff, 0xff, 0xff, 0xff, 0xff, 0xff, 0xff, 0xff, 0xff, 0xff, 0xff, 0xff, 0xff, 0xff
.byte 0xff, 0xff, 0xff, 0xff, 0xff, 0xff, 0xff, 0xff, 0xff, 0xff, 0xff, 0xff, 0xff, 0xff, 0xff, 0xff
.byte 0xff, 0xff, 0xff, 0xff, 0xff, 0xff, 0xff, 0xff, 0xff, 0xff, 0xff, 0xff, 0xff, 0xff, 0xff, 0xff
.byte 0xff, 0xff, 0xff, 0xff, 0xff, 0xff, 0xff, 0xff, 0xff, 0xff, 0xff, 0xff, 0xff, 0xff, 0xff, 0xff
.byte 0xff, 0xff, 0xff, 0xff, 0xff, 0xff, 0xff, 0xff, 0xff, 0xff, 0xff, 0xff, 0xff, 0xff, 0xff, 0xff
.byte 0xff, 0xff, 0xff, 0xff, 0xff, 0xff, 0xff, 0xff, 0xff, 0xff, 0xff, 0xff, 0xff, 0xff, 0xff, 0xff
.byte 0xc8, 0xee, 0xfd, 0xff, 0x63, 0xd1, 0xf9, 0xff, 0x3b, 0xc6, 0xfa, 0xff, 0x3f, 0xc9, 0xfb, 0xff
.byte 0x72, 0xd8, 0xfc, 0xff, 0x6f, 0xd9, 0xfc, 0xff, 0x79, 0xdc, 0xfc, 0xff, 0x30, 0xcc, 0xfd, 0xff
.byte 0x8f, 0xe4, 0xff, 0xff, 0x4f, 0xd5, 0xfe, 0xff, 0xc5, 0xf1, 0xfe, 0xff, 0x3e, 0xd1, 0xfd, 0xff
.byte 0x40, 0xd1, 0xfd, 0xff, 0xff, 0xff, 0xff, 0xff, 0xff, 0xff, 0xff, 0xff, 0xff, 0xff, 0xff, 0xff
.byte 0xb4, 0xec, 0xfe, 0xff, 0x37, 0xce, 0xfe, 0xff, 0xff, 0xff, 0xff, 0xff, 0xfe, 0xfe, 0xfe, 0xff
.byte 0xff, 0xff, 0xff, 0xff, 0xff, 0xff, 0xff, 0xff, 0xff, 0xff, 0xff, 0xff, 0xff, 0xff, 0xff, 0xff
.byte 0xff, 0xff, 0xff, 0xff, 0xff, 0xff, 0xff, 0xff, 0xff, 0xff, 0xff, 0xff, 0xff, 0xff, 0xff, 0xff
.byte 0xff, 0xff, 0xff, 0xff, 0xff, 0xff, 0xff, 0xff, 0xff, 0xff, 0xff, 0xff, 0xff, 0xff, 0xff, 0xff
.byte 0xff, 0xff, 0xff, 0xff, 0xff, 0xff, 0xff, 0xff, 0xff, 0xff, 0xff, 0xff, 0xff, 0xff, 0xff, 0xff
.byte 0xfd, 0xfd, 0xfd, 0xff, 0xe0, 0xe0, 0xe0, 0xff, 0x95, 0x95, 0x95, 0xfe, 0x5c, 0x5c, 0x5c, 0xe9
.byte 0x4b, 0x4b, 0x4b, 0x80, 0x48, 0x48, 0x48, 0x15, 0x47, 0x47, 0x47, 0x15, 0x4c, 0x4c, 0x4c, 0x7f
.byte 0x5b, 0x5b, 0x5b, 0xea, 0x95, 0x95, 0x95, 0xfe, 0xe0, 0xe0, 0xe0, 0xff, 0xfd, 0xfd, 0xfd, 0xff
.byte 0xff, 0xff, 0xff, 0xff, 0xff, 0xff, 0xff, 0xff, 0xff, 0xff, 0xff, 0xff, 0xff, 0xff, 0xff, 0xff
.byte 0xff, 0xff, 0xff, 0xff, 0xff, 0xff, 0xff, 0xff, 0xf5, 0xe4, 0xc2, 0xff, 0xf1, 0xda, 0xae, 0xff
.byte 0xfe, 0xfe, 0xfd, 0xff, 0xff, 0xff, 0xff, 0xff, 0xff, 0xff, 0xff, 0xff, 0xff, 0xff, 0xff, 0xff
.byte 0xfa, 0xf2, 0xe4, 0xff, 0xff, 0xff, 0xff, 0xff, 0xff, 0xff, 0xff, 0xff, 0xff, 0xff, 0xff, 0xff
.byte 0xff, 0xff, 0xff, 0xff, 0xff, 0xff, 0xff, 0xff, 0xff, 0xff, 0xff, 0xff, 0xff, 0xff, 0xff, 0xff
.byte 0xfe, 0xfe, 0xfe, 0xff, 0xff, 0xff, 0xff, 0xff, 0xff, 0xff, 0xff, 0xff, 0xde, 0xa2, 0x31, 0xff
.byte 0xdd, 0xa4, 0x35, 0xff, 0xeb, 0xc7, 0x85, 0xff, 0xfc, 0xf8, 0xee, 0xff, 0xeb, 0xc5, 0x83, 0xff
.byte 0xd8, 0x8b, 0x0a, 0xff, 0xf5, 0xe2, 0xc4, 0xff, 0xfc, 0xf7, 0xef, 0xff, 0xff, 0xff, 0xfe, 0xff
.byte 0xff, 0xfe, 0xff, 0xff, 0xfe, 0xfe, 0xfd, 0xff, 0xff, 0xff, 0xff, 0xff, 0xff, 0xff, 0xff, 0xff
.byte 0xff, 0xff, 0xff, 0xff, 0xff, 0xff, 0xff, 0xff, 0xff, 0xff, 0xff, 0xff, 0xff, 0xff, 0xff, 0xff
.byte 0xff, 0xff, 0xff, 0xff, 0xff, 0xff, 0xff, 0xff, 0xff, 0xff, 0xff, 0xff, 0xff, 0xff, 0xff, 0xff
.byte 0xff, 0xff, 0xff, 0xff, 0xff, 0xff, 0xff, 0xff, 0xff, 0xff, 0xff, 0xff, 0xff, 0xff, 0xff, 0xff
.byte 0xff, 0xff, 0xff, 0xff, 0xff, 0xff, 0xff, 0xff, 0xff, 0xff, 0xff, 0xff, 0xff, 0xff, 0xff, 0xff
.byte 0xff, 0xff, 0xff, 0xff, 0xff, 0xff, 0xff, 0xff, 0xff, 0xff, 0xff, 0xff, 0xff, 0xff, 0xff, 0xff
.byte 0xff, 0xff, 0xff, 0xff, 0xff, 0xff, 0xff, 0xff, 0xff, 0xff, 0xff, 0xff, 0xff, 0xff, 0xff, 0xff
.byte 0xff, 0xff, 0xff, 0xff, 0xff, 0xff, 0xff, 0xff, 0xff, 0xff, 0xff, 0xff, 0xff, 0xff, 0xff, 0xff
.byte 0xff, 0xff, 0xff, 0xff, 0xff, 0xff, 0xff, 0xff, 0xff, 0xff, 0xff, 0xff, 0xff, 0xff, 0xff, 0xff
.byte 0xff, 0xff, 0xff, 0xff, 0xff, 0xff, 0xff, 0xff, 0xff, 0xff, 0xff, 0xff, 0xff, 0xff, 0xff, 0xff
.byte 0xff, 0xff, 0xff, 0xff, 0xff, 0xff, 0xff, 0xff, 0xff, 0xff, 0xff, 0xff, 0xff, 0xff, 0xff, 0xff
.byte 0xff, 0xff, 0xff, 0xff, 0xff, 0xff, 0xff, 0xff, 0xff, 0xff, 0xff, 0xff, 0xff, 0xff, 0xff, 0xff
.byte 0xfd, 0xfe, 0xfe, 0xff, 0xff, 0xff, 0xff, 0xff, 0xff, 0xff, 0xff, 0xff, 0xff, 0xff, 0xff, 0xff
.byte 0xff, 0xff, 0xff, 0xff, 0x62, 0xd3, 0xfb, 0xff, 0xef, 0xfa, 0xff, 0xff, 0x6a, 0xd7, 0xfc, 0xff
.byte 0xfe, 0xff, 0xfe, 0xff, 0x69, 0xd8, 0xfd, 0xff, 0xca, 0xf1, 0xff, 0xff, 0x34, 0xcb, 0xfc, 0xff
.byte 0x9d, 0xe6, 0xfe, 0xff, 0xff, 0xff, 0xff, 0xff, 0xff, 0xff, 0xff, 0xff, 0xfe, 0xfe, 0xff, 0xff
.byte 0xfa, 0xfe, 0xff, 0xff, 0x41, 0xcc, 0xfb, 0xff, 0xf0, 0xfb, 0xfe, 0xff, 0xfd, 0xfe, 0xfe, 0xff
.byte 0xff, 0xff, 0xff, 0xff, 0xff, 0xff, 0xff, 0xff, 0xff, 0xff, 0xff, 0xff, 0xff, 0xff, 0xff, 0xff
.byte 0xff, 0xff, 0xff, 0xff, 0xff, 0xff, 0xff, 0xff, 0xff, 0xff, 0xff, 0xff, 0xff, 0xff, 0xff, 0xff
.byte 0xff, 0xff, 0xff, 0xff, 0xff, 0xff, 0xff, 0xff, 0xff, 0xff, 0xff, 0xff, 0xff, 0xff, 0xff, 0xff
.byte 0xff, 0xff, 0xff, 0xff, 0xff, 0xff, 0xff, 0xff, 0xff, 0xff, 0xff, 0xff, 0xff, 0xff, 0xff, 0xff
.byte 0xfd, 0xfd, 0xfd, 0xff, 0xe0, 0xe0, 0xe0, 0xff, 0x95, 0x95, 0x95, 0xfe, 0x5c, 0x5c, 0x5c, 0xe9
.byte 0x4b, 0x4b, 0x4b, 0x80, 0x48, 0x48, 0x48, 0x15, 0x47, 0x47, 0x47, 0x15, 0x4c, 0x4c, 0x4c, 0x7f
.byte 0x5b, 0x5b, 0x5b, 0xea, 0x95, 0x95, 0x95, 0xfe, 0xe0, 0xe0, 0xe0, 0xff, 0xfd, 0xfd, 0xfd, 0xff
.byte 0xff, 0xff, 0xff, 0xff, 0xff, 0xff, 0xff, 0xff, 0xff, 0xff, 0xff, 0xff, 0xff, 0xff, 0xff, 0xff
.byte 0xfe, 0xfe, 0xfe, 0xff, 0xfd, 0xf9, 0xf1, 0xff, 0xf8, 0xec, 0xd6, 0xff, 0xfe, 0xfb, 0xf6, 0xff
.byte 0xff, 0xff, 0xff, 0xff, 0xff, 0xff, 0xff, 0xff, 0xff, 0xff, 0xff, 0xff, 0xff, 0xff, 0xff, 0xff
.byte 0xfc, 0xf7, 0xed, 0xff, 0xf8, 0xee, 0xda, 0xff, 0xff, 0xff, 0xff, 0xff, 0xff, 0xff, 0xff, 0xff
.byte 0xff, 0xff, 0xff, 0xff, 0xff, 0xff, 0xff, 0xff, 0xfe, 0xfe, 0xfe, 0xff, 0xff, 0xff, 0xff, 0xff
.byte 0xf6, 0xe7, 0xcc, 0xff, 0xdd, 0xa3, 0x32, 0xff, 0xdc, 0xa0, 0x2a, 0xff, 0xf5, 0xe4, 0xc4, 0xff
.byte 0xde, 0xa2, 0x31, 0xff, 0xe2, 0xae, 0x4f, 0xff, 0xe1, 0xaa, 0x46, 0xff, 0xde, 0xa2, 0x36, 0xff
.byte 0xf2, 0xdb, 0xb4, 0xff, 0xfe, 0xfd, 0xfa, 0xff, 0xff, 0xff, 0xff, 0xff, 0xff, 0xff, 0xff, 0xff
.byte 0xff, 0xff, 0xff, 0xff, 0xff, 0xff, 0xff, 0xff, 0xff, 0xff, 0xff, 0xff, 0xff, 0xff, 0xff, 0xff
.byte 0xff, 0xff, 0xff, 0xff, 0xff, 0xff, 0xff, 0xff, 0xff, 0xff, 0xff, 0xff, 0xff, 0xff, 0xff, 0xff
.byte 0xff, 0xff, 0xff, 0xff, 0xff, 0xff, 0xff, 0xff, 0xff, 0xff, 0xff, 0xff, 0xff, 0xff, 0xff, 0xff
.byte 0xff, 0xff, 0xff, 0xff, 0xff, 0xff, 0xff, 0xff, 0xff, 0xff, 0xff, 0xff, 0xff, 0xff, 0xff, 0xff
.byte 0xff, 0xff, 0xff, 0xff, 0xff, 0xff, 0xff, 0xff, 0xff, 0xff, 0xff, 0xff, 0xff, 0xff, 0xff, 0xff
.byte 0xff, 0xff, 0xff, 0xff, 0xff, 0xff, 0xff, 0xff, 0xff, 0xff, 0xff, 0xff, 0xff, 0xff, 0xff, 0xff
.byte 0xff, 0xff, 0xff, 0xff, 0xff, 0xff, 0xff, 0xff, 0xff, 0xff, 0xff, 0xff, 0xff, 0xff, 0xff, 0xff
.byte 0xff, 0xff, 0xff, 0xff, 0xff, 0xff, 0xff, 0xff, 0xff, 0xff, 0xff, 0xff, 0xff, 0xff, 0xff, 0xff
.byte 0xff, 0xff, 0xff, 0xff, 0xff, 0xff, 0xff, 0xff, 0xff, 0xff, 0xff, 0xff, 0xff, 0xff, 0xff, 0xff
.byte 0xff, 0xff, 0xff, 0xff, 0xff, 0xff, 0xff, 0xff, 0xff, 0xff, 0xff, 0xff, 0xff, 0xff, 0xff, 0xff
.byte 0xff, 0xff, 0xff, 0xff, 0xff, 0xff, 0xff, 0xff, 0xff, 0xff, 0xff, 0xff, 0xff, 0xff, 0xff, 0xff
.byte 0xff, 0xff, 0xff, 0xff, 0xff, 0xff, 0xff, 0xff, 0xff, 0xff, 0xff, 0xff, 0xff, 0xff, 0xff, 0xff
.byte 0xff, 0xff, 0xff, 0xff, 0xff, 0xff, 0xff, 0xff, 0xff, 0xff, 0xff, 0xff, 0xff, 0xff, 0xff, 0xff
.byte 0xed, 0xfa, 0xfe, 0xff, 0xfc, 0xfe, 0xfe, 0xff, 0xff, 0xff, 0xff, 0xff, 0xc8, 0xef, 0xfe, 0xff
.byte 0xff, 0xff, 0xff, 0xff, 0xca, 0xf0, 0xff, 0xff, 0x95, 0xe1, 0xfc, 0xff, 0x2f, 0xc7, 0xfc, 0xff
.byte 0xdf, 0xf6, 0xfe, 0xff, 0xfc, 0xfe, 0xfe, 0xff, 0xff, 0xff, 0xff, 0xff, 0xff, 0xff, 0xff, 0xff
.byte 0xff, 0xff, 0xff, 0xff, 0xe8, 0xf8, 0xfe, 0xff, 0xbd, 0xeb, 0xfd, 0xff, 0xff, 0xff, 0xff, 0xff
.byte 0xff, 0xff, 0xff, 0xff, 0xff, 0xff, 0xff, 0xff, 0xff, 0xff, 0xff, 0xff, 0xff, 0xff, 0xff, 0xff
.byte 0xff, 0xff, 0xff, 0xff, 0xff, 0xff, 0xff, 0xff, 0xff, 0xff, 0xff, 0xff, 0xff, 0xff, 0xff, 0xff
.byte 0xff, 0xff, 0xff, 0xff, 0xff, 0xff, 0xff, 0xff, 0xff, 0xff, 0xff, 0xff, 0xff, 0xff, 0xff, 0xff
.byte 0xff, 0xff, 0xff, 0xff, 0xff, 0xff, 0xff, 0xff, 0xff, 0xff, 0xff, 0xff, 0xff, 0xff, 0xff, 0xff
.byte 0xfd, 0xfd, 0xfd, 0xff, 0xe0, 0xe0, 0xe0, 0xff, 0x95, 0x95, 0x95, 0xfe, 0x5c, 0x5c, 0x5c, 0xe9
.byte 0x4b, 0x4b, 0x4b, 0x80, 0x48, 0x48, 0x48, 0x15, 0x47, 0x47, 0x47, 0x15, 0x4c, 0x4c, 0x4c, 0x7f
.byte 0x5b, 0x5b, 0x5b, 0xea, 0x95, 0x95, 0x95, 0xfe, 0xe0, 0xe0, 0xe0, 0xff, 0xfd, 0xfd, 0xfd, 0xff
.byte 0xff, 0xff, 0xff, 0xff, 0xff, 0xff, 0xff, 0xff, 0xff, 0xff, 0xff, 0xff, 0xff, 0xff, 0xff, 0xff
.byte 0xfe, 0xfe, 0xfe, 0xff, 0xfd, 0xfa, 0xf5, 0xff, 0xfa, 0xf0, 0xde, 0xff, 0xff, 0xff, 0xff, 0xff
.byte 0xfe, 0xfc, 0xf9, 0xff, 0xff, 0xff, 0xff, 0xff, 0xff, 0xff, 0xff, 0xff, 0xff, 0xff, 0xff, 0xff
.byte 0xff, 0xff, 0xff, 0xff, 0xfa, 0xf4, 0xe6, 0xff, 0xf6, 0xe8, 0xcc, 0xff, 0xff, 0xff, 0xff, 0xff
.byte 0xff, 0xff, 0xff, 0xff, 0xff, 0xff, 0xff, 0xff, 0xff, 0xff, 0xff, 0xff, 0xee, 0xce, 0x94, 0xff
.byte 0xd6, 0x8e, 0x03, 0xff, 0xef, 0xd3, 0x9d, 0xff, 0xfe, 0xfe, 0xfd, 0xff, 0xfb, 0xf5, 0xe8, 0xff
.byte 0xf5, 0xe6, 0xc8, 0xff, 0xe4, 0xb3, 0x59, 0xff, 0xe0, 0xa9, 0x44, 0xff, 0xf5, 0xe1, 0xc1, 0xff
.byte 0xfb, 0xf2, 0xe3, 0xff, 0xff, 0xff, 0xff, 0xff, 0xff, 0xff, 0xff, 0xff, 0xff, 0xff, 0xff, 0xff
.byte 0xff, 0xff, 0xff, 0xff, 0xff, 0xff, 0xff, 0xff, 0xff, 0xff, 0xff, 0xff, 0xff, 0xff, 0xff, 0xff
.byte 0xff, 0xff, 0xff, 0xff, 0xff, 0xff, 0xff, 0xff, 0xff, 0xff, 0xff, 0xff, 0xff, 0xff, 0xff, 0xff
.byte 0xff, 0xff, 0xff, 0xff, 0xff, 0xff, 0xff, 0xff, 0xff, 0xff, 0xff, 0xff, 0xff, 0xff, 0xff, 0xff
.byte 0xff, 0xff, 0xff, 0xff, 0xff, 0xff, 0xff, 0xff, 0xff, 0xff, 0xff, 0xff, 0xff, 0xff, 0xff, 0xff
.byte 0xff, 0xff, 0xff, 0xff, 0xff, 0xff, 0xff, 0xff, 0xff, 0xff, 0xff, 0xff, 0xff, 0xff, 0xff, 0xff
.byte 0xff, 0xff, 0xff, 0xff, 0xff, 0xff, 0xff, 0xff, 0xff, 0xff, 0xff, 0xff, 0xff, 0xff, 0xff, 0xff
.byte 0xff, 0xff, 0xff, 0xff, 0xff, 0xff, 0xff, 0xff, 0xff, 0xff, 0xff, 0xff, 0xff, 0xff, 0xff, 0xff
.byte 0xff, 0xff, 0xff, 0xff, 0xff, 0xff, 0xff, 0xff, 0xff, 0xff, 0xff, 0xff, 0xff, 0xff, 0xff, 0xff
.byte 0xff, 0xff, 0xff, 0xff, 0xff, 0xff, 0xff, 0xff, 0xff, 0xff, 0xff, 0xff, 0xff, 0xff, 0xff, 0xff
.byte 0xff, 0xff, 0xff, 0xff, 0xff, 0xff, 0xff, 0xff, 0xff, 0xff, 0xff, 0xff, 0xff, 0xff, 0xff, 0xff
.byte 0xff, 0xff, 0xff, 0xff, 0xff, 0xff, 0xff, 0xff, 0xff, 0xff, 0xff, 0xff, 0xff, 0xff, 0xff, 0xff
.byte 0xff, 0xff, 0xff, 0xff, 0xff, 0xff, 0xff, 0xff, 0xff, 0xff, 0xff, 0xff, 0xff, 0xff, 0xff, 0xff
.byte 0xff, 0xff, 0xff, 0xff, 0xff, 0xff, 0xff, 0xff, 0xff, 0xff, 0xff, 0xff, 0xff, 0xff, 0xff, 0xff
.byte 0xff, 0xff, 0xff, 0xff, 0xfe, 0xfe, 0xfe, 0xff, 0xfb, 0xfe, 0xff, 0xff, 0xe9, 0xf8, 0xfe, 0xff
.byte 0xdb, 0xf4, 0xfe, 0xff, 0xff, 0xff, 0xff, 0xff, 0x5e, 0xd0, 0xfa, 0xff, 0x67, 0xd3, 0xfa, 0xff
.byte 0xff, 0xff, 0xff, 0xff, 0xfe, 0xfe, 0xff, 0xff, 0xff, 0xff, 0xff, 0xff, 0xff, 0xff, 0xff, 0xff
.byte 0xff, 0xff, 0xff, 0xff, 0xff, 0xff, 0xff, 0xff, 0xd1, 0xf1, 0xfd, 0xff, 0xff, 0xff, 0xff, 0xff
.byte 0xff, 0xff, 0xff, 0xff, 0xff, 0xff, 0xff, 0xff, 0xff, 0xff, 0xff, 0xff, 0xff, 0xff, 0xff, 0xff
.byte 0xff, 0xff, 0xff, 0xff, 0xff, 0xff, 0xff, 0xff, 0xff, 0xff, 0xff, 0xff, 0xff, 0xff, 0xff, 0xff
.byte 0xff, 0xff, 0xff, 0xff, 0xff, 0xff, 0xff, 0xff, 0xff, 0xff, 0xff, 0xff, 0xff, 0xff, 0xff, 0xff
.byte 0xff, 0xff, 0xff, 0xff, 0xff, 0xff, 0xff, 0xff, 0xff, 0xff, 0xff, 0xff, 0xff, 0xff, 0xff, 0xff
.byte 0xfd, 0xfd, 0xfd, 0xff, 0xe0, 0xe0, 0xe0, 0xff, 0x95, 0x95, 0x95, 0xfe, 0x5c, 0x5c, 0x5c, 0xe9
.byte 0x4b, 0x4b, 0x4b, 0x80, 0x48, 0x48, 0x48, 0x15, 0x47, 0x47, 0x47, 0x15, 0x4c, 0x4c, 0x4c, 0x7f
.byte 0x5b, 0x5b, 0x5b, 0xea, 0x95, 0x95, 0x95, 0xfe, 0xe0, 0xe0, 0xe0, 0xff, 0xfd, 0xfd, 0xfd, 0xff
.byte 0xff, 0xff, 0xff, 0xff, 0xff, 0xff, 0xff, 0xff, 0xff, 0xff, 0xff, 0xff, 0xff, 0xff, 0xff, 0xff
.byte 0xff, 0xff, 0xff, 0xff, 0xff, 0xff, 0xff, 0xff, 0xf6, 0xe6, 0xc7, 0xff, 0xff, 0xff, 0xff, 0xff
.byte 0xfd, 0xfb, 0xf7, 0xff, 0xfd, 0xf8, 0xf0, 0xff, 0xff, 0xff, 0xff, 0xff, 0xfe, 0xfe, 0xfe, 0xff
.byte 0xff, 0xff, 0xff, 0xff, 0xff, 0xff, 0xff, 0xff, 0xfa, 0xf0, 0xde, 0xff, 0xeb, 0xc7, 0x83, 0xff
.byte 0xea, 0xc6, 0x7f, 0xff, 0xf0, 0xd8, 0xa7, 0xff, 0xdc, 0x9f, 0x28, 0xff, 0xdc, 0x9d, 0x25, 0xff
.byte 0xf8, 0xec, 0xd5, 0xff, 0xfe, 0xfd, 0xfc, 0xff, 0xfb, 0xf4, 0xe7, 0xff, 0xff, 0xfe, 0xfd, 0xff
.byte 0xf9, 0xf0, 0xdd, 0xff, 0xff, 0xff, 0xff, 0xff, 0xff, 0xfe, 0xff, 0xff, 0xfc, 0xf8, 0xf0, 0xff
.byte 0xfe, 0xfe, 0xfe, 0xff, 0xfe, 0xfe, 0xfe, 0xff, 0xff, 0xff, 0xff, 0xff, 0xff, 0xff, 0xff, 0xff
.byte 0xff, 0xff, 0xff, 0xff, 0xff, 0xff, 0xff, 0xff, 0xff, 0xff, 0xff, 0xff, 0xff, 0xff, 0xff, 0xff
.byte 0xff, 0xff, 0xff, 0xff, 0xff, 0xff, 0xff, 0xff, 0xff, 0xff, 0xff, 0xff, 0xff, 0xff, 0xff, 0xff
.byte 0xff, 0xff, 0xff, 0xff, 0xff, 0xff, 0xff, 0xff, 0xff, 0xff, 0xff, 0xff, 0xff, 0xff, 0xff, 0xff
.byte 0xff, 0xff, 0xff, 0xff, 0xff, 0xff, 0xff, 0xff, 0xff, 0xff, 0xff, 0xff, 0xff, 0xff, 0xff, 0xff
.byte 0xff, 0xff, 0xff, 0xff, 0xff, 0xff, 0xff, 0xff, 0xff, 0xff, 0xff, 0xff, 0xff, 0xff, 0xff, 0xff
.byte 0xff, 0xff, 0xff, 0xff, 0xff, 0xff, 0xff, 0xff, 0xff, 0xff, 0xff, 0xff, 0xff, 0xff, 0xff, 0xff
.byte 0xff, 0xff, 0xff, 0xff, 0xff, 0xff, 0xff, 0xff, 0xff, 0xff, 0xff, 0xff, 0xff, 0xff, 0xff, 0xff
.byte 0xff, 0xff, 0xff, 0xff, 0xff, 0xff, 0xff, 0xff, 0xff, 0xff, 0xff, 0xff, 0xff, 0xff, 0xff, 0xff
.byte 0xff, 0xff, 0xff, 0xff, 0xff, 0xff, 0xff, 0xff, 0xff, 0xff, 0xff, 0xff, 0xff, 0xff, 0xff, 0xff
.byte 0xff, 0xff, 0xff, 0xff, 0xff, 0xff, 0xff, 0xff, 0xff, 0xff, 0xff, 0xff, 0xff, 0xff, 0xff, 0xff
.byte 0xff, 0xff, 0xff, 0xff, 0xff, 0xff, 0xff, 0xff, 0xff, 0xff, 0xff, 0xff, 0xff, 0xff, 0xff, 0xff
.byte 0xff, 0xff, 0xff, 0xff, 0xff, 0xff, 0xff, 0xff, 0xff, 0xff, 0xff, 0xff, 0xff, 0xff, 0xff, 0xff
.byte 0xff, 0xff, 0xff, 0xff, 0xff, 0xff, 0xff, 0xff, 0xff, 0xff, 0xff, 0xff, 0xff, 0xff, 0xff, 0xff
.byte 0xff, 0xff, 0xff, 0xff, 0xfe, 0xfe, 0xfe, 0xff, 0xf7, 0xfc, 0xfe, 0xff, 0xfb, 0xfe, 0xff, 0xff
.byte 0xff, 0xff, 0xff, 0xff, 0xea, 0xf9, 0xfe, 0xff, 0x69, 0xd0, 0xf8, 0xff, 0xfa, 0xfd, 0xfe, 0xff
.byte 0xfe, 0xfe, 0xfe, 0xff, 0xff, 0xff, 0xff, 0xff, 0xff, 0xff, 0xff, 0xff, 0xff, 0xff, 0xff, 0xff
.byte 0xff, 0xff, 0xff, 0xff, 0xff, 0xff, 0xff, 0xff, 0xfb, 0xfd, 0xfe, 0xff, 0xf3, 0xfb, 0xfe, 0xff
.byte 0xff, 0xff, 0xff, 0xff, 0xff, 0xff, 0xff, 0xff, 0xff, 0xff, 0xff, 0xff, 0xff, 0xff, 0xff, 0xff
.byte 0xff, 0xff, 0xff, 0xff, 0xff, 0xff, 0xff, 0xff, 0xff, 0xff, 0xff, 0xff, 0xff, 0xff, 0xff, 0xff
.byte 0xff, 0xff, 0xff, 0xff, 0xff, 0xff, 0xff, 0xff, 0xff, 0xff, 0xff, 0xff, 0xff, 0xff, 0xff, 0xff
.byte 0xff, 0xff, 0xff, 0xff, 0xff, 0xff, 0xff, 0xff, 0xff, 0xff, 0xff, 0xff, 0xff, 0xff, 0xff, 0xff
.byte 0xfd, 0xfd, 0xfd, 0xff, 0xe0, 0xe0, 0xe0, 0xff, 0x95, 0x95, 0x95, 0xfe, 0x5c, 0x5c, 0x5c, 0xe9
.byte 0x4b, 0x4b, 0x4b, 0x80, 0x48, 0x48, 0x48, 0x15, 0x47, 0x47, 0x47, 0x15, 0x4c, 0x4c, 0x4c, 0x7f
.byte 0x5b, 0x5b, 0x5b, 0xea, 0x95, 0x95, 0x95, 0xfe, 0xe0, 0xe0, 0xe0, 0xff, 0xfd, 0xfd, 0xfd, 0xff
.byte 0xff, 0xff, 0xff, 0xff, 0xff, 0xff, 0xff, 0xff, 0xff, 0xff, 0xff, 0xff, 0xff, 0xff, 0xff, 0xff
.byte 0xff, 0xff, 0xff, 0xff, 0xfe, 0xfe, 0xfe, 0xff, 0xfb, 0xf5, 0xe8, 0xff, 0xf8, 0xec, 0xd6, 0xff
.byte 0xff, 0xff, 0xff, 0xff, 0xfb, 0xf5, 0xe9, 0xff, 0xfa, 0xf2, 0xe2, 0xff, 0xfe, 0xfe, 0xfc, 0xff
.byte 0xff, 0xff, 0xff, 0xff, 0xff, 0xff, 0xff, 0xff, 0xfe, 0xfe, 0xfd, 0xff, 0xff, 0xff, 0xff, 0xff
.byte 0xfa, 0xf0, 0xe0, 0xff, 0xf5, 0xe1, 0xbe, 0xff, 0xf5, 0xe2, 0xbe, 0xff, 0xfa, 0xf2, 0xe2, 0xff
.byte 0xfe, 0xfd, 0xfc, 0xff, 0xff, 0xff, 0xff, 0xff, 0xff, 0xff, 0xff, 0xff, 0xfa, 0xf4, 0xe7, 0xff
.byte 0xfe, 0xfc, 0xf8, 0xff, 0xfe, 0xfe, 0xfe, 0xff, 0xfe, 0xfe, 0xfe, 0xff, 0xfe, 0xfe, 0xfd, 0xff
.byte 0xff, 0xff, 0xff, 0xff, 0xff, 0xff, 0xff, 0xff, 0xff, 0xff, 0xff, 0xff, 0xff, 0xff, 0xff, 0xff
.byte 0xff, 0xff, 0xff, 0xff, 0xff, 0xff, 0xff, 0xff, 0xff, 0xff, 0xff, 0xff, 0xff, 0xff, 0xff, 0xff
.byte 0xff, 0xff, 0xff, 0xff, 0xff, 0xff, 0xff, 0xff, 0xff, 0xff, 0xff, 0xff, 0xff, 0xff, 0xff, 0xff
.byte 0xff, 0xff, 0xff, 0xff, 0xff, 0xff, 0xff, 0xff, 0xff, 0xff, 0xff, 0xff, 0xff, 0xff, 0xff, 0xff
.byte 0xff, 0xff, 0xff, 0xff, 0xff, 0xff, 0xff, 0xff, 0xff, 0xff, 0xff, 0xff, 0xff, 0xff, 0xff, 0xff
.byte 0xff, 0xff, 0xff, 0xff, 0xff, 0xff, 0xff, 0xff, 0xff, 0xff, 0xff, 0xff, 0xff, 0xff, 0xff, 0xff
.byte 0xff, 0xff, 0xff, 0xff, 0xff, 0xff, 0xff, 0xff, 0xff, 0xff, 0xff, 0xff, 0xff, 0xff, 0xff, 0xff
.byte 0xff, 0xff, 0xff, 0xff, 0xff, 0xff, 0xff, 0xff, 0xff, 0xff, 0xff, 0xff, 0xff, 0xff, 0xff, 0xff
.byte 0xff, 0xff, 0xff, 0xff, 0xff, 0xff, 0xff, 0xff, 0xff, 0xff, 0xff, 0xff, 0xff, 0xff, 0xff, 0xff
.byte 0xff, 0xff, 0xff, 0xff, 0xff, 0xff, 0xff, 0xff, 0xff, 0xff, 0xff, 0xff, 0xff, 0xff, 0xff, 0xff
.byte 0xff, 0xff, 0xff, 0xff, 0xff, 0xff, 0xff, 0xff, 0xff, 0xff, 0xff, 0xff, 0xff, 0xff, 0xff, 0xff
.byte 0xff, 0xff, 0xff, 0xff, 0xff, 0xff, 0xff, 0xff, 0xff, 0xff, 0xff, 0xff, 0xff, 0xff, 0xff, 0xff
.byte 0xff, 0xff, 0xff, 0xff, 0xff, 0xff, 0xff, 0xff, 0xff, 0xff, 0xff, 0xff, 0xff, 0xff, 0xff, 0xff
.byte 0xff, 0xff, 0xff, 0xff, 0xff, 0xff, 0xff, 0xff, 0xff, 0xff, 0xff, 0xff, 0xff, 0xff, 0xff, 0xff
.byte 0xff, 0xff, 0xff, 0xff, 0xff, 0xff, 0xff, 0xff, 0xfe, 0xfe, 0xfe, 0xff, 0xfe, 0xfe, 0xff, 0xff
.byte 0xff, 0xff, 0xff, 0xff, 0xe7, 0xf7, 0xfe, 0xff, 0xff, 0xff, 0xff, 0xff, 0xfd, 0xfe, 0xfe, 0xff
.byte 0xff, 0xff, 0xff, 0xff, 0xff, 0xff, 0xff, 0xff, 0xff, 0xff, 0xff, 0xff, 0xff, 0xff, 0xff, 0xff
.byte 0xff, 0xff, 0xff, 0xff, 0xff, 0xff, 0xff, 0xff, 0xfe, 0xfe, 0xfe, 0xff, 0xff, 0xff, 0xff, 0xff
.byte 0xff, 0xff, 0xff, 0xff, 0xff, 0xff, 0xff, 0xff, 0xff, 0xff, 0xff, 0xff, 0xff, 0xff, 0xff, 0xff
.byte 0xff, 0xff, 0xff, 0xff, 0xff, 0xff, 0xff, 0xff, 0xff, 0xff, 0xff, 0xff, 0xff, 0xff, 0xff, 0xff
.byte 0xff, 0xff, 0xff, 0xff, 0xff, 0xff, 0xff, 0xff, 0xff, 0xff, 0xff, 0xff, 0xff, 0xff, 0xff, 0xff
.byte 0xff, 0xff, 0xff, 0xff, 0xff, 0xff, 0xff, 0xff, 0xff, 0xff, 0xff, 0xff, 0xff, 0xff, 0xff, 0xff
.byte 0xfd, 0xfd, 0xfd, 0xff, 0xe0, 0xe0, 0xe0, 0xff, 0x95, 0x95, 0x95, 0xfe, 0x5c, 0x5c, 0x5c, 0xe9
.byte 0x4b, 0x4b, 0x4b, 0x80, 0x48, 0x48, 0x48, 0x15, 0x47, 0x47, 0x47, 0x15, 0x4c, 0x4c, 0x4c, 0x7f
.byte 0x5b, 0x5b, 0x5b, 0xea, 0x95, 0x95, 0x95, 0xfe, 0xe0, 0xe0, 0xe0, 0xff, 0xfd, 0xfd, 0xfd, 0xff
.byte 0xff, 0xff, 0xff, 0xff, 0xff, 0xff, 0xff, 0xff, 0xff, 0xff, 0xff, 0xff, 0xff, 0xff, 0xff, 0xff
.byte 0xff, 0xff, 0xff, 0xff, 0xff, 0xff, 0xff, 0xff, 0xff, 0xff, 0xff, 0xff, 0xfb, 0xf6, 0xeb, 0xff
.byte 0xf7, 0xe9, 0xcf, 0xff, 0xfb, 0xf3, 0xe4, 0xff, 0xfd, 0xfb, 0xf7, 0xff, 0xfc, 0xf6, 0xeb, 0xff
.byte 0xfe, 0xff, 0xfe, 0xff, 0xff, 0xff, 0xff, 0xff, 0xfe, 0xfe, 0xfe, 0xff, 0xfe, 0xfe, 0xfe, 0xff
.byte 0xfe, 0xfd, 0xfc, 0xff, 0xfe, 0xfd, 0xfa, 0xff, 0xfe, 0xfc, 0xfb, 0xff, 0xfe, 0xfd, 0xfc, 0xff
.byte 0xff, 0xff, 0xff, 0xff, 0xfe, 0xfc, 0xfa, 0xff, 0xfa, 0xf1, 0xdf, 0xff, 0xfd, 0xfb, 0xf6, 0xff
.byte 0xfe, 0xfe, 0xfe, 0xff, 0xff, 0xff, 0xff, 0xff, 0xff, 0xff, 0xff, 0xff, 0xff, 0xff, 0xff, 0xff
.byte 0xff, 0xff, 0xff, 0xff, 0xff, 0xff, 0xff, 0xff, 0xff, 0xff, 0xff, 0xff, 0xff, 0xff, 0xff, 0xff
.byte 0xff, 0xff, 0xff, 0xff, 0xff, 0xff, 0xff, 0xff, 0xff, 0xff, 0xff, 0xff, 0xff, 0xff, 0xff, 0xff
.byte 0xff, 0xff, 0xff, 0xff, 0xff, 0xff, 0xff, 0xff, 0xff, 0xff, 0xff, 0xff, 0xff, 0xff, 0xff, 0xff
.byte 0xff, 0xff, 0xff, 0xff, 0xff, 0xff, 0xff, 0xff, 0xff, 0xff, 0xff, 0xff, 0xff, 0xff, 0xff, 0xff
.byte 0xff, 0xff, 0xff, 0xff, 0xff, 0xff, 0xff, 0xff, 0xff, 0xff, 0xff, 0xff, 0xff, 0xff, 0xff, 0xff
.byte 0xff, 0xff, 0xff, 0xff, 0xff, 0xff, 0xff, 0xff, 0xff, 0xff, 0xff, 0xff, 0xff, 0xff, 0xff, 0xff
.byte 0xff, 0xff, 0xff, 0xff, 0xff, 0xff, 0xff, 0xff, 0xff, 0xff, 0xff, 0xff, 0xff, 0xff, 0xff, 0xff
.byte 0xff, 0xff, 0xff, 0xff, 0xff, 0xff, 0xff, 0xff, 0xff, 0xff, 0xff, 0xff, 0xff, 0xff, 0xff, 0xff
.byte 0xff, 0xff, 0xff, 0xff, 0xff, 0xff, 0xff, 0xff, 0xff, 0xff, 0xff, 0xff, 0xff, 0xff, 0xff, 0xff
.byte 0xff, 0xff, 0xff, 0xff, 0xff, 0xff, 0xff, 0xff, 0xff, 0xff, 0xff, 0xff, 0xff, 0xff, 0xff, 0xff
.byte 0xff, 0xff, 0xff, 0xff, 0xff, 0xff, 0xff, 0xff, 0xff, 0xff, 0xff, 0xff, 0xff, 0xff, 0xff, 0xff
.byte 0xff, 0xff, 0xff, 0xff, 0xff, 0xff, 0xff, 0xff, 0xff, 0xff, 0xff, 0xff, 0xff, 0xff, 0xff, 0xff
.byte 0xff, 0xff, 0xff, 0xff, 0xff, 0xff, 0xff, 0xff, 0xff, 0xff, 0xff, 0xff, 0xff, 0xff, 0xff, 0xff
.byte 0xff, 0xff, 0xff, 0xff, 0xff, 0xff, 0xff, 0xff, 0xff, 0xff, 0xff, 0xff, 0xff, 0xff, 0xff, 0xff
.byte 0xff, 0xff, 0xff, 0xff, 0xff, 0xff, 0xff, 0xff, 0xff, 0xff, 0xff, 0xff, 0xff, 0xff, 0xff, 0xff
.byte 0xff, 0xff, 0xff, 0xff, 0xff, 0xff, 0xff, 0xff, 0xff, 0xff, 0xff, 0xff, 0xff, 0xff, 0xff, 0xff
.byte 0xff, 0xff, 0xff, 0xff, 0xff, 0xff, 0xff, 0xff, 0xff, 0xff, 0xff, 0xff, 0xff, 0xff, 0xff, 0xff
.byte 0xff, 0xff, 0xff, 0xff, 0xff, 0xff, 0xff, 0xff, 0xff, 0xff, 0xff, 0xff, 0xff, 0xff, 0xff, 0xff
.byte 0xff, 0xff, 0xff, 0xff, 0xff, 0xff, 0xff, 0xff, 0xff, 0xff, 0xff, 0xff, 0xff, 0xff, 0xff, 0xff
.byte 0xff, 0xff, 0xff, 0xff, 0xff, 0xff, 0xff, 0xff, 0xff, 0xff, 0xff, 0xff, 0xff, 0xff, 0xff, 0xff
.byte 0xff, 0xff, 0xff, 0xff, 0xff, 0xff, 0xff, 0xff, 0xff, 0xff, 0xff, 0xff, 0xff, 0xff, 0xff, 0xff
.byte 0xff, 0xff, 0xff, 0xff, 0xff, 0xff, 0xff, 0xff, 0xff, 0xff, 0xff, 0xff, 0xff, 0xff, 0xff, 0xff
.byte 0xfd, 0xfd, 0xfd, 0xff, 0xe0, 0xe0, 0xe0, 0xff, 0x95, 0x95, 0x95, 0xfe, 0x5c, 0x5c, 0x5c, 0xe9
.byte 0x4b, 0x4b, 0x4b, 0x80, 0x48, 0x48, 0x48, 0x15, 0x47, 0x47, 0x47, 0x15, 0x4c, 0x4c, 0x4c, 0x7f
.byte 0x5b, 0x5b, 0x5b, 0xea, 0x95, 0x95, 0x95, 0xfe, 0xe0, 0xe0, 0xe0, 0xff, 0xfd, 0xfd, 0xfd, 0xff
.byte 0xff, 0xff, 0xff, 0xff, 0xff, 0xff, 0xff, 0xff, 0xff, 0xff, 0xff, 0xff, 0xff, 0xff, 0xff, 0xff
.byte 0xff, 0xff, 0xff, 0xff, 0xff, 0xff, 0xff, 0xff, 0xff, 0xff, 0xff, 0xff, 0xfe, 0xfe, 0xfe, 0xff
.byte 0xff, 0xff, 0xff, 0xff, 0xfc, 0xf9, 0xf3, 0xff, 0xfc, 0xf8, 0xef, 0xff, 0xfa, 0xf0, 0xdf, 0xff
.byte 0xfa, 0xf1, 0xdf, 0xff, 0xfc, 0xf7, 0xee, 0xff, 0xfd, 0xfa, 0xf4, 0xff, 0xfd, 0xfa, 0xf4, 0xff
.byte 0xfd, 0xfb, 0xf6, 0xff, 0xfc, 0xf7, 0xed, 0xff, 0xfa, 0xf2, 0xe4, 0xff, 0xfa, 0xf2, 0xe0, 0xff
.byte 0xf6, 0xe7, 0xcb, 0xff, 0xfc, 0xf8, 0xf0, 0xff, 0xff, 0xff, 0xff, 0xff, 0xfe, 0xfe, 0xfe, 0xff
.byte 0xff, 0xff, 0xff, 0xff, 0xff, 0xff, 0xff, 0xff, 0xff, 0xff, 0xff, 0xff, 0xff, 0xff, 0xff, 0xff
.byte 0xff, 0xff, 0xff, 0xff, 0xff, 0xff, 0xff, 0xff, 0xff, 0xff, 0xff, 0xff, 0xff, 0xff, 0xff, 0xff
.byte 0xff, 0xff, 0xff, 0xff, 0xff, 0xff, 0xff, 0xff, 0xff, 0xff, 0xff, 0xff, 0xff, 0xff, 0xff, 0xff
.byte 0xff, 0xff, 0xff, 0xff, 0xff, 0xff, 0xff, 0xff, 0xff, 0xff, 0xff, 0xff, 0xff, 0xff, 0xff, 0xff
.byte 0xff, 0xff, 0xff, 0xff, 0xff, 0xff, 0xff, 0xff, 0xff, 0xff, 0xff, 0xff, 0xff, 0xff, 0xff, 0xff
.byte 0xff, 0xff, 0xff, 0xff, 0xff, 0xff, 0xff, 0xff, 0xff, 0xff, 0xff, 0xff, 0xff, 0xff, 0xff, 0xff
.byte 0xff, 0xff, 0xff, 0xff, 0xff, 0xff, 0xff, 0xff, 0xff, 0xff, 0xff, 0xff, 0xff, 0xff, 0xff, 0xff
.byte 0xff, 0xff, 0xff, 0xff, 0xff, 0xff, 0xff, 0xff, 0xff, 0xff, 0xff, 0xff, 0xff, 0xff, 0xff, 0xff
.byte 0xff, 0xff, 0xff, 0xff, 0xff, 0xff, 0xff, 0xff, 0xff, 0xff, 0xff, 0xff, 0xff, 0xff, 0xff, 0xff
.byte 0xff, 0xff, 0xff, 0xff, 0xff, 0xff, 0xff, 0xff, 0xff, 0xff, 0xff, 0xff, 0xff, 0xff, 0xff, 0xff
.byte 0xff, 0xff, 0xff, 0xff, 0xff, 0xff, 0xff, 0xff, 0xff, 0xff, 0xff, 0xff, 0xff, 0xff, 0xff, 0xff
.byte 0xff, 0xff, 0xff, 0xff, 0xff, 0xff, 0xff, 0xff, 0xff, 0xff, 0xff, 0xff, 0xff, 0xff, 0xff, 0xff
.byte 0xff, 0xff, 0xff, 0xff, 0xff, 0xff, 0xff, 0xff, 0xff, 0xff, 0xff, 0xff, 0xff, 0xff, 0xff, 0xff
.byte 0xff, 0xff, 0xff, 0xff, 0xff, 0xff, 0xff, 0xff, 0xff, 0xff, 0xff, 0xff, 0xff, 0xff, 0xff, 0xff
.byte 0xff, 0xff, 0xff, 0xff, 0xff, 0xff, 0xff, 0xff, 0xff, 0xff, 0xff, 0xff, 0xff, 0xff, 0xff, 0xff
.byte 0xff, 0xff, 0xff, 0xff, 0xff, 0xff, 0xff, 0xff, 0xff, 0xff, 0xff, 0xff, 0xff, 0xff, 0xff, 0xff
.byte 0xff, 0xff, 0xff, 0xff, 0xff, 0xff, 0xff, 0xff, 0xff, 0xff, 0xff, 0xff, 0xff, 0xff, 0xff, 0xff
.byte 0xff, 0xff, 0xff, 0xff, 0xff, 0xff, 0xff, 0xff, 0xff, 0xff, 0xff, 0xff, 0xff, 0xff, 0xff, 0xff
.byte 0xff, 0xff, 0xff, 0xff, 0xff, 0xff, 0xff, 0xff, 0xff, 0xff, 0xff, 0xff, 0xff, 0xff, 0xff, 0xff
.byte 0xff, 0xff, 0xff, 0xff, 0xff, 0xff, 0xff, 0xff, 0xff, 0xff, 0xff, 0xff, 0xff, 0xff, 0xff, 0xff
.byte 0xff, 0xff, 0xff, 0xff, 0xff, 0xff, 0xff, 0xff, 0xff, 0xff, 0xff, 0xff, 0xff, 0xff, 0xff, 0xff
.byte 0xff, 0xff, 0xff, 0xff, 0xff, 0xff, 0xff, 0xff, 0xff, 0xff, 0xff, 0xff, 0xff, 0xff, 0xff, 0xff
.byte 0xff, 0xff, 0xff, 0xff, 0xff, 0xff, 0xff, 0xff, 0xff, 0xff, 0xff, 0xff, 0xff, 0xff, 0xff, 0xff
.byte 0xfd, 0xfd, 0xfd, 0xff, 0xe0, 0xe0, 0xe0, 0xff, 0x95, 0x95, 0x95, 0xfe, 0x5c, 0x5c, 0x5c, 0xe9
.byte 0x4b, 0x4b, 0x4b, 0x80, 0x48, 0x48, 0x48, 0x15, 0x47, 0x47, 0x47, 0x15, 0x4c, 0x4c, 0x4c, 0x7f
.byte 0x5b, 0x5b, 0x5b, 0xea, 0x95, 0x95, 0x95, 0xfe, 0xe0, 0xe0, 0xe0, 0xff, 0xfd, 0xfd, 0xfd, 0xff
.byte 0xff, 0xff, 0xff, 0xff, 0xff, 0xff, 0xff, 0xff, 0xff, 0xff, 0xff, 0xff, 0xff, 0xff, 0xff, 0xff
.byte 0xff, 0xff, 0xff, 0xff, 0xff, 0xff, 0xff, 0xff, 0xff, 0xff, 0xff, 0xff, 0xff, 0xff, 0xff, 0xff
.byte 0xff, 0xff, 0xff, 0xff, 0xfe, 0xfe, 0xfe, 0xff, 0xfe, 0xfe, 0xfe, 0xff, 0xff, 0xff, 0xff, 0xff
.byte 0xff, 0xff, 0xff, 0xff, 0xfd, 0xf9, 0xf2, 0xff, 0xfb, 0xf5, 0xea, 0xff, 0xfb, 0xf4, 0xe5, 0xff
.byte 0xef, 0xd6, 0xa5, 0xff, 0xea, 0xc6, 0x80, 0xff, 0xf6, 0xe8, 0xcd, 0xff, 0xf8, 0xea, 0xd2, 0xff
.byte 0xfc, 0xf7, 0xee, 0xff, 0xff, 0xff, 0xff, 0xff, 0xff, 0xff, 0xff, 0xff, 0xff, 0xff, 0xff, 0xff
.byte 0xff, 0xff, 0xff, 0xff, 0xff, 0xff, 0xff, 0xff, 0xff, 0xff, 0xff, 0xff, 0xff, 0xff, 0xff, 0xff
.byte 0xff, 0xff, 0xff, 0xff, 0xff, 0xff, 0xff, 0xff, 0xff, 0xff, 0xff, 0xff, 0xff, 0xff, 0xff, 0xff
.byte 0xff, 0xff, 0xff, 0xff, 0xff, 0xff, 0xff, 0xff, 0xff, 0xff, 0xff, 0xff, 0xff, 0xff, 0xff, 0xff
.byte 0xff, 0xff, 0xff, 0xff, 0xff, 0xff, 0xff, 0xff, 0xff, 0xff, 0xff, 0xff, 0xff, 0xff, 0xff, 0xff
.byte 0xff, 0xff, 0xff, 0xff, 0xff, 0xff, 0xff, 0xff, 0xff, 0xff, 0xff, 0xff, 0xff, 0xff, 0xff, 0xff
.byte 0xff, 0xff, 0xff, 0xff, 0xff, 0xff, 0xff, 0xff, 0xff, 0xff, 0xff, 0xff, 0xff, 0xff, 0xff, 0xff
.byte 0xff, 0xff, 0xff, 0xff, 0xff, 0xff, 0xff, 0xff, 0xff, 0xff, 0xff, 0xff, 0xff, 0xff, 0xff, 0xff
.byte 0xff, 0xff, 0xff, 0xff, 0xff, 0xff, 0xff, 0xff, 0xff, 0xff, 0xff, 0xff, 0xff, 0xff, 0xff, 0xff
.byte 0xff, 0xff, 0xff, 0xff, 0xff, 0xff, 0xff, 0xff, 0xff, 0xff, 0xff, 0xff, 0xff, 0xff, 0xff, 0xff
.byte 0xff, 0xff, 0xff, 0xff, 0xff, 0xff, 0xff, 0xff, 0xff, 0xff, 0xff, 0xff, 0xff, 0xff, 0xff, 0xff
.byte 0xff, 0xff, 0xff, 0xff, 0xff, 0xff, 0xff, 0xff, 0xff, 0xff, 0xff, 0xff, 0xff, 0xff, 0xff, 0xff
.byte 0xff, 0xff, 0xff, 0xff, 0xff, 0xff, 0xff, 0xff, 0xff, 0xff, 0xff, 0xff, 0xff, 0xff, 0xff, 0xff
.byte 0xff, 0xff, 0xff, 0xff, 0xff, 0xff, 0xff, 0xff, 0xff, 0xff, 0xff, 0xff, 0xff, 0xff, 0xff, 0xff
.byte 0xff, 0xff, 0xff, 0xff, 0xff, 0xff, 0xff, 0xff, 0xff, 0xff, 0xff, 0xff, 0xff, 0xff, 0xff, 0xff
.byte 0xff, 0xff, 0xff, 0xff, 0xff, 0xff, 0xff, 0xff, 0xff, 0xff, 0xff, 0xff, 0xff, 0xff, 0xff, 0xff
.byte 0xff, 0xff, 0xff, 0xff, 0xff, 0xff, 0xff, 0xff, 0xff, 0xff, 0xff, 0xff, 0xff, 0xff, 0xff, 0xff
.byte 0xff, 0xff, 0xff, 0xff, 0xff, 0xff, 0xff, 0xff, 0xff, 0xff, 0xff, 0xff, 0xff, 0xff, 0xff, 0xff
.byte 0xff, 0xff, 0xff, 0xff, 0xff, 0xff, 0xff, 0xff, 0xff, 0xff, 0xff, 0xff, 0xff, 0xff, 0xff, 0xff
.byte 0xff, 0xff, 0xff, 0xff, 0xff, 0xff, 0xff, 0xff, 0xff, 0xff, 0xff, 0xff, 0xff, 0xff, 0xff, 0xff
.byte 0xff, 0xff, 0xff, 0xff, 0xff, 0xff, 0xff, 0xff, 0xff, 0xff, 0xff, 0xff, 0xff, 0xff, 0xff, 0xff
.byte 0xff, 0xff, 0xff, 0xff, 0xff, 0xff, 0xff, 0xff, 0xff, 0xff, 0xff, 0xff, 0xff, 0xff, 0xff, 0xff
.byte 0xff, 0xff, 0xff, 0xff, 0xff, 0xff, 0xff, 0xff, 0xff, 0xff, 0xff, 0xff, 0xff, 0xff, 0xff, 0xff
.byte 0xff, 0xff, 0xff, 0xff, 0xff, 0xff, 0xff, 0xff, 0xff, 0xff, 0xff, 0xff, 0xff, 0xff, 0xff, 0xff
.byte 0xfd, 0xfd, 0xfd, 0xff, 0xe0, 0xe0, 0xe0, 0xff, 0x95, 0x95, 0x95, 0xfe, 0x5c, 0x5c, 0x5c, 0xe9
.byte 0x4b, 0x4b, 0x4b, 0x80, 0x48, 0x48, 0x48, 0x15, 0x47, 0x47, 0x47, 0x15, 0x4c, 0x4c, 0x4c, 0x7f
.byte 0x5b, 0x5b, 0x5b, 0xea, 0x95, 0x95, 0x95, 0xfe, 0xe0, 0xe0, 0xe0, 0xff, 0xfd, 0xfd, 0xfd, 0xff
.byte 0xff, 0xff, 0xff, 0xff, 0xff, 0xff, 0xff, 0xff, 0xff, 0xff, 0xff, 0xff, 0xff, 0xff, 0xff, 0xff
.byte 0xff, 0xff, 0xff, 0xff, 0xff, 0xff, 0xff, 0xff, 0xff, 0xff, 0xff, 0xff, 0xff, 0xff, 0xff, 0xff
.byte 0xff, 0xff, 0xff, 0xff, 0xff, 0xff, 0xff, 0xff, 0xff, 0xff, 0xff, 0xff, 0xff, 0xff, 0xff, 0xff
.byte 0xff, 0xff, 0xff, 0xff, 0xfe, 0xfe, 0xfe, 0xff, 0xff, 0xff, 0xff, 0xff, 0xf8, 0xeb, 0xd2, 0xff
.byte 0xec, 0xcc, 0x8d, 0xff, 0xef, 0xd2, 0x9a, 0xff, 0xfb, 0xf6, 0xec, 0xff, 0xfe, 0xfd, 0xfa, 0xff
.byte 0xfe, 0xfe, 0xfe, 0xff, 0xff, 0xff, 0xff, 0xff, 0xff, 0xff, 0xff, 0xff, 0xff, 0xff, 0xff, 0xff
.byte 0xff, 0xff, 0xff, 0xff, 0xff, 0xff, 0xff, 0xff, 0xff, 0xff, 0xff, 0xff, 0xff, 0xff, 0xff, 0xff
.byte 0xff, 0xff, 0xff, 0xff, 0xff, 0xff, 0xff, 0xff, 0xff, 0xff, 0xff, 0xff, 0xff, 0xff, 0xff, 0xff
.byte 0xff, 0xff, 0xff, 0xff, 0xff, 0xff, 0xff, 0xff, 0xff, 0xff, 0xff, 0xff, 0xff, 0xff, 0xff, 0xff
.byte 0xff, 0xff, 0xff, 0xff, 0xff, 0xff, 0xff, 0xff, 0xff, 0xff, 0xff, 0xff, 0xff, 0xff, 0xff, 0xff
.byte 0xff, 0xff, 0xff, 0xff, 0xff, 0xff, 0xff, 0xff, 0xff, 0xff, 0xff, 0xff, 0xff, 0xff, 0xff, 0xff
.byte 0xff, 0xff, 0xff, 0xff, 0xff, 0xff, 0xff, 0xff, 0xff, 0xff, 0xff, 0xff, 0xff, 0xff, 0xff, 0xff
.byte 0xff, 0xff, 0xff, 0xff, 0xff, 0xff, 0xff, 0xff, 0xff, 0xff, 0xff, 0xff, 0xff, 0xff, 0xff, 0xff
.byte 0xff, 0xff, 0xff, 0xff, 0xff, 0xff, 0xff, 0xff, 0xff, 0xff, 0xff, 0xff, 0xff, 0xff, 0xff, 0xff
.byte 0xff, 0xff, 0xff, 0xff, 0xff, 0xff, 0xff, 0xff, 0xff, 0xff, 0xff, 0xff, 0xff, 0xff, 0xff, 0xff
.byte 0xff, 0xff, 0xff, 0xff, 0xff, 0xff, 0xff, 0xff, 0xff, 0xff, 0xff, 0xff, 0xff, 0xff, 0xff, 0xff
.byte 0xff, 0xff, 0xff, 0xff, 0xff, 0xff, 0xff, 0xff, 0xff, 0xff, 0xff, 0xff, 0xff, 0xff, 0xff, 0xff
.byte 0xff, 0xff, 0xff, 0xff, 0xff, 0xff, 0xff, 0xff, 0xff, 0xff, 0xff, 0xff, 0xff, 0xff, 0xff, 0xff
.byte 0xff, 0xff, 0xff, 0xff, 0xff, 0xff, 0xff, 0xff, 0xff, 0xff, 0xff, 0xff, 0xff, 0xff, 0xff, 0xff
.byte 0xff, 0xff, 0xff, 0xff, 0xff, 0xff, 0xff, 0xff, 0xff, 0xff, 0xff, 0xff, 0xff, 0xff, 0xff, 0xff
.byte 0xff, 0xff, 0xff, 0xff, 0xff, 0xff, 0xff, 0xff, 0xff, 0xff, 0xff, 0xff, 0xff, 0xff, 0xff, 0xff
.byte 0xff, 0xff, 0xff, 0xff, 0xff, 0xff, 0xff, 0xff, 0xff, 0xff, 0xff, 0xff, 0xff, 0xff, 0xff, 0xff
.byte 0xff, 0xff, 0xff, 0xff, 0xff, 0xff, 0xff, 0xff, 0xff, 0xff, 0xff, 0xff, 0xff, 0xff, 0xff, 0xff
.byte 0xff, 0xff, 0xff, 0xff, 0xff, 0xff, 0xff, 0xff, 0xff, 0xff, 0xff, 0xff, 0xff, 0xff, 0xff, 0xff
.byte 0xff, 0xff, 0xff, 0xff, 0xff, 0xff, 0xff, 0xff, 0xff, 0xff, 0xff, 0xff, 0xff, 0xff, 0xff, 0xff
.byte 0xff, 0xff, 0xff, 0xff, 0xff, 0xff, 0xff, 0xff, 0xff, 0xff, 0xff, 0xff, 0xff, 0xff, 0xff, 0xff
.byte 0xff, 0xff, 0xff, 0xff, 0xff, 0xff, 0xff, 0xff, 0xff, 0xff, 0xff, 0xff, 0xff, 0xff, 0xff, 0xff
.byte 0xff, 0xff, 0xff, 0xff, 0xff, 0xff, 0xff, 0xff, 0xff, 0xff, 0xff, 0xff, 0xff, 0xff, 0xff, 0xff
.byte 0xff, 0xff, 0xff, 0xff, 0xff, 0xff, 0xff, 0xff, 0xff, 0xff, 0xff, 0xff, 0xff, 0xff, 0xff, 0xff
.byte 0xfd, 0xfd, 0xfd, 0xff, 0xe0, 0xe0, 0xe0, 0xff, 0x95, 0x95, 0x95, 0xfe, 0x5c, 0x5c, 0x5c, 0xe9
.byte 0x4b, 0x4b, 0x4b, 0x80, 0x48, 0x48, 0x48, 0x15, 0x47, 0x47, 0x47, 0x15, 0x4c, 0x4c, 0x4c, 0x7f
.byte 0x5b, 0x5b, 0x5b, 0xea, 0x95, 0x95, 0x95, 0xfe, 0xe0, 0xe0, 0xe0, 0xff, 0xfd, 0xfd, 0xfd, 0xff
.byte 0xff, 0xff, 0xff, 0xff, 0xff, 0xff, 0xff, 0xff, 0xff, 0xff, 0xff, 0xff, 0xff, 0xff, 0xff, 0xff
.byte 0xff, 0xff, 0xff, 0xff, 0xff, 0xff, 0xff, 0xff, 0xff, 0xff, 0xff, 0xff, 0xff, 0xff, 0xff, 0xff
.byte 0xff, 0xff, 0xff, 0xff, 0xff, 0xff, 0xff, 0xff, 0xff, 0xff, 0xff, 0xff, 0xff, 0xff, 0xff, 0xff
.byte 0xff, 0xff, 0xff, 0xff, 0xff, 0xff, 0xff, 0xff, 0xff, 0xff, 0xff, 0xff, 0xff, 0xff, 0xff, 0xff
.byte 0xff, 0xff, 0xff, 0xff, 0xff, 0xff, 0xff, 0xff, 0xfe, 0xfe, 0xfe, 0xff, 0xff, 0xff, 0xff, 0xff
.byte 0xff, 0xff, 0xff, 0xff, 0xff, 0xff, 0xff, 0xff, 0xff, 0xff, 0xff, 0xff, 0xff, 0xff, 0xff, 0xff
.byte 0xff, 0xff, 0xff, 0xff, 0xff, 0xff, 0xff, 0xff, 0xff, 0xff, 0xff, 0xff, 0xff, 0xff, 0xff, 0xff
.byte 0xff, 0xff, 0xff, 0xff, 0xff, 0xff, 0xff, 0xff, 0xff, 0xff, 0xff, 0xff, 0xff, 0xff, 0xff, 0xff
.byte 0xff, 0xff, 0xff, 0xff, 0xff, 0xff, 0xff, 0xff, 0xff, 0xff, 0xff, 0xff, 0xff, 0xff, 0xff, 0xff
.byte 0xff, 0xff, 0xff, 0xff, 0xff, 0xff, 0xff, 0xff, 0xff, 0xff, 0xff, 0xff, 0xff, 0xff, 0xff, 0xff
.byte 0xff, 0xff, 0xff, 0xff, 0xff, 0xff, 0xff, 0xff, 0xff, 0xff, 0xff, 0xff, 0xff, 0xff, 0xff, 0xff
.byte 0xff, 0xff, 0xff, 0xff, 0xff, 0xff, 0xff, 0xff, 0xff, 0xff, 0xff, 0xff, 0xff, 0xff, 0xff, 0xff
.byte 0xff, 0xff, 0xff, 0xff, 0xff, 0xff, 0xff, 0xff, 0xff, 0xff, 0xff, 0xff, 0xff, 0xff, 0xff, 0xff
.byte 0xff, 0xff, 0xff, 0xff, 0xff, 0xff, 0xff, 0xff, 0xff, 0xff, 0xff, 0xff, 0xff, 0xff, 0xff, 0xff
.byte 0xff, 0xff, 0xff, 0xff, 0xff, 0xff, 0xff, 0xff, 0xff, 0xff, 0xff, 0xff, 0xff, 0xff, 0xff, 0xff
.byte 0xff, 0xff, 0xff, 0xff, 0xff, 0xff, 0xff, 0xff, 0xff, 0xff, 0xff, 0xff, 0xff, 0xff, 0xff, 0xff
.byte 0xff, 0xff, 0xff, 0xff, 0xff, 0xff, 0xff, 0xff, 0xff, 0xff, 0xff, 0xff, 0xff, 0xff, 0xff, 0xff
.byte 0xff, 0xff, 0xff, 0xff, 0xff, 0xff, 0xff, 0xff, 0xff, 0xff, 0xff, 0xff, 0xff, 0xff, 0xff, 0xff
.byte 0xff, 0xff, 0xff, 0xff, 0xff, 0xff, 0xff, 0xff, 0xff, 0xff, 0xff, 0xff, 0xff, 0xff, 0xff, 0xff
.byte 0xff, 0xff, 0xff, 0xff, 0xff, 0xff, 0xff, 0xff, 0xff, 0xff, 0xff, 0xff, 0xff, 0xff, 0xff, 0xff
.byte 0xff, 0xff, 0xff, 0xff, 0xff, 0xff, 0xff, 0xff, 0xff, 0xff, 0xff, 0xff, 0xff, 0xff, 0xff, 0xff
.byte 0xff, 0xff, 0xff, 0xff, 0xff, 0xff, 0xff, 0xff, 0xff, 0xff, 0xff, 0xff, 0xff, 0xff, 0xff, 0xff
.byte 0xff, 0xff, 0xff, 0xff, 0xff, 0xff, 0xff, 0xff, 0xff, 0xff, 0xff, 0xff, 0xff, 0xff, 0xff, 0xff
.byte 0xff, 0xff, 0xff, 0xff, 0xff, 0xff, 0xff, 0xff, 0xff, 0xff, 0xff, 0xff, 0xff, 0xff, 0xff, 0xff
.byte 0xff, 0xff, 0xff, 0xff, 0xff, 0xff, 0xff, 0xff, 0xff, 0xff, 0xff, 0xff, 0xff, 0xff, 0xff, 0xff
.byte 0xff, 0xff, 0xff, 0xff, 0xff, 0xff, 0xff, 0xff, 0xff, 0xff, 0xff, 0xff, 0xff, 0xff, 0xff, 0xff
.byte 0xff, 0xff, 0xff, 0xff, 0xff, 0xff, 0xff, 0xff, 0xff, 0xff, 0xff, 0xff, 0xff, 0xff, 0xff, 0xff
.byte 0xff, 0xff, 0xff, 0xff, 0xff, 0xff, 0xff, 0xff, 0xff, 0xff, 0xff, 0xff, 0xff, 0xff, 0xff, 0xff
.byte 0xff, 0xff, 0xff, 0xff, 0xff, 0xff, 0xff, 0xff, 0xff, 0xff, 0xff, 0xff, 0xff, 0xff, 0xff, 0xff
.byte 0xfd, 0xfd, 0xfd, 0xff, 0xe0, 0xe0, 0xe0, 0xff, 0x95, 0x95, 0x95, 0xfe, 0x5c, 0x5c, 0x5c, 0xe9
.byte 0x4b, 0x4b, 0x4b, 0x80, 0x48, 0x48, 0x48, 0x15, 0x47, 0x47, 0x47, 0x15, 0x4c, 0x4c, 0x4c, 0x7f
.byte 0x5b, 0x5b, 0x5b, 0xea, 0x95, 0x95, 0x95, 0xfe, 0xe0, 0xe0, 0xe0, 0xff, 0xfd, 0xfd, 0xfd, 0xff
.byte 0xff, 0xff, 0xff, 0xff, 0xff, 0xff, 0xff, 0xff, 0xff, 0xff, 0xff, 0xff, 0xff, 0xff, 0xff, 0xff
.byte 0xff, 0xff, 0xff, 0xff, 0xff, 0xff, 0xff, 0xff, 0xff, 0xff, 0xff, 0xff, 0xff, 0xff, 0xff, 0xff
.byte 0xff, 0xff, 0xff, 0xff, 0xff, 0xff, 0xff, 0xff, 0xff, 0xff, 0xff, 0xff, 0xff, 0xff, 0xff, 0xff
.byte 0xff, 0xff, 0xff, 0xff, 0xff, 0xff, 0xff, 0xff, 0xff, 0xff, 0xff, 0xff, 0xff, 0xff, 0xff, 0xff
.byte 0xff, 0xff, 0xff, 0xff, 0xff, 0xff, 0xff, 0xff, 0xff, 0xff, 0xff, 0xff, 0xff, 0xff, 0xff, 0xff
.byte 0xff, 0xff, 0xff, 0xff, 0xff, 0xff, 0xff, 0xff, 0xff, 0xff, 0xff, 0xff, 0xff, 0xff, 0xff, 0xff
.byte 0xff, 0xff, 0xff, 0xff, 0xff, 0xff, 0xff, 0xff, 0xff, 0xff, 0xff, 0xff, 0xff, 0xff, 0xff, 0xff
.byte 0xff, 0xff, 0xff, 0xff, 0xff, 0xff, 0xff, 0xff, 0xff, 0xff, 0xff, 0xff, 0xff, 0xff, 0xff, 0xff
.byte 0xff, 0xff, 0xff, 0xff, 0xff, 0xff, 0xff, 0xff, 0xff, 0xff, 0xff, 0xff, 0xff, 0xff, 0xff, 0xff
.byte 0xff, 0xff, 0xff, 0xff, 0xff, 0xff, 0xff, 0xff, 0xff, 0xff, 0xff, 0xff, 0xff, 0xff, 0xff, 0xff
.byte 0xff, 0xff, 0xff, 0xff, 0xff, 0xff, 0xff, 0xff, 0xff, 0xff, 0xff, 0xff, 0xff, 0xff, 0xff, 0xff
.byte 0xff, 0xff, 0xff, 0xff, 0xff, 0xff, 0xff, 0xff, 0xff, 0xff, 0xff, 0xff, 0xff, 0xff, 0xff, 0xff
.byte 0xff, 0xff, 0xff, 0xff, 0xff, 0xff, 0xff, 0xff, 0xff, 0xff, 0xff, 0xff, 0xff, 0xff, 0xff, 0xff
.byte 0xff, 0xff, 0xff, 0xff, 0xff, 0xff, 0xff, 0xff, 0xff, 0xff, 0xff, 0xff, 0xff, 0xff, 0xff, 0xff
.byte 0xff, 0xff, 0xff, 0xff, 0xff, 0xff, 0xff, 0xff, 0xff, 0xff, 0xff, 0xff, 0xff, 0xff, 0xff, 0xff
.byte 0xff, 0xff, 0xff, 0xff, 0xff, 0xff, 0xff, 0xff, 0xff, 0xff, 0xff, 0xff, 0xff, 0xff, 0xff, 0xff
.byte 0xff, 0xff, 0xff, 0xff, 0xff, 0xff, 0xff, 0xff, 0xff, 0xff, 0xff, 0xff, 0xff, 0xff, 0xff, 0xff
.byte 0xff, 0xff, 0xff, 0xff, 0xff, 0xff, 0xff, 0xff, 0xff, 0xff, 0xff, 0xff, 0xff, 0xff, 0xff, 0xff
.byte 0xff, 0xff, 0xff, 0xff, 0xff, 0xff, 0xff, 0xff, 0xff, 0xff, 0xff, 0xff, 0xff, 0xff, 0xff, 0xff
.byte 0xff, 0xff, 0xff, 0xff, 0xff, 0xff, 0xff, 0xff, 0xff, 0xff, 0xff, 0xff, 0xff, 0xff, 0xff, 0xff
.byte 0xff, 0xff, 0xff, 0xff, 0xff, 0xff, 0xff, 0xff, 0xff, 0xff, 0xff, 0xff, 0xff, 0xff, 0xff, 0xff
.byte 0xff, 0xff, 0xff, 0xff, 0xff, 0xff, 0xff, 0xff, 0xff, 0xff, 0xff, 0xff, 0xff, 0xff, 0xff, 0xff
.byte 0xff, 0xff, 0xff, 0xff, 0xff, 0xff, 0xff, 0xff, 0xff, 0xff, 0xff, 0xff, 0xff, 0xff, 0xff, 0xff
.byte 0xff, 0xff, 0xff, 0xff, 0xff, 0xff, 0xff, 0xff, 0xff, 0xff, 0xff, 0xff, 0xff, 0xff, 0xff, 0xff
.byte 0xff, 0xff, 0xff, 0xff, 0xff, 0xff, 0xff, 0xff, 0xff, 0xff, 0xff, 0xff, 0xff, 0xff, 0xff, 0xff
.byte 0xff, 0xff, 0xff, 0xff, 0xff, 0xff, 0xff, 0xff, 0xff, 0xff, 0xff, 0xff, 0xff, 0xff, 0xff, 0xff
.byte 0xff, 0xff, 0xff, 0xff, 0xff, 0xff, 0xff, 0xff, 0xff, 0xff, 0xff, 0xff, 0xff, 0xff, 0xff, 0xff
.byte 0xff, 0xff, 0xff, 0xff, 0xff, 0xff, 0xff, 0xff, 0xff, 0xff, 0xff, 0xff, 0xff, 0xff, 0xff, 0xff
.byte 0xff, 0xff, 0xff, 0xff, 0xff, 0xff, 0xff, 0xff, 0xff, 0xff, 0xff, 0xff, 0xff, 0xff, 0xff, 0xff
.byte 0xfd, 0xfd, 0xfd, 0xff, 0xe0, 0xe0, 0xe0, 0xff, 0x95, 0x95, 0x95, 0xfe, 0x5c, 0x5c, 0x5c, 0xe9
.byte 0x4b, 0x4b, 0x4b, 0x80, 0x48, 0x48, 0x48, 0x15, 0x47, 0x47, 0x47, 0x15, 0x4c, 0x4c, 0x4c, 0x7f
.byte 0x5b, 0x5b, 0x5b, 0xea, 0x95, 0x95, 0x95, 0xfe, 0xe0, 0xe0, 0xe0, 0xff, 0xfd, 0xfd, 0xfd, 0xff
.byte 0xff, 0xff, 0xff, 0xff, 0xff, 0xff, 0xff, 0xff, 0xff, 0xff, 0xff, 0xff, 0xff, 0xff, 0xff, 0xff
.byte 0xff, 0xff, 0xff, 0xff, 0xff, 0xff, 0xff, 0xff, 0xff, 0xff, 0xff, 0xff, 0xff, 0xff, 0xff, 0xff
.byte 0xff, 0xff, 0xff, 0xff, 0xff, 0xff, 0xff, 0xff, 0xff, 0xff, 0xff, 0xff, 0xff, 0xff, 0xff, 0xff
.byte 0xff, 0xff, 0xff, 0xff, 0xff, 0xff, 0xff, 0xff, 0xff, 0xff, 0xff, 0xff, 0xff, 0xff, 0xff, 0xff
.byte 0xff, 0xff, 0xff, 0xff, 0xff, 0xff, 0xff, 0xff, 0xff, 0xff, 0xff, 0xff, 0xff, 0xff, 0xff, 0xff
.byte 0xff, 0xff, 0xff, 0xff, 0xff, 0xff, 0xff, 0xff, 0xff, 0xff, 0xff, 0xff, 0xff, 0xff, 0xff, 0xff
.byte 0xff, 0xff, 0xff, 0xff, 0xff, 0xff, 0xff, 0xff, 0xff, 0xff, 0xff, 0xff, 0xff, 0xff, 0xff, 0xff
.byte 0xff, 0xff, 0xff, 0xff, 0xff, 0xff, 0xff, 0xff, 0xff, 0xff, 0xff, 0xff, 0xff, 0xff, 0xff, 0xff
.byte 0xff, 0xff, 0xff, 0xff, 0xff, 0xff, 0xff, 0xff, 0xff, 0xff, 0xff, 0xff, 0xff, 0xff, 0xff, 0xff
.byte 0xff, 0xff, 0xff, 0xff, 0xff, 0xff, 0xff, 0xff, 0xff, 0xff, 0xff, 0xff, 0xff, 0xff, 0xff, 0xff
.byte 0xff, 0xff, 0xff, 0xff, 0xff, 0xff, 0xff, 0xff, 0xff, 0xff, 0xff, 0xff, 0xff, 0xff, 0xff, 0xff
.byte 0xff, 0xff, 0xff, 0xff, 0xff, 0xff, 0xff, 0xff, 0xff, 0xff, 0xff, 0xff, 0xff, 0xff, 0xff, 0xff
.byte 0xff, 0xff, 0xff, 0xff, 0xff, 0xff, 0xff, 0xff, 0xff, 0xff, 0xff, 0xff, 0xff, 0xff, 0xff, 0xff
.byte 0xff, 0xff, 0xff, 0xff, 0xff, 0xff, 0xff, 0xff, 0xff, 0xff, 0xff, 0xff, 0xff, 0xff, 0xff, 0xff
.byte 0xff, 0xff, 0xff, 0xff, 0xff, 0xff, 0xff, 0xff, 0xff, 0xff, 0xff, 0xff, 0xff, 0xff, 0xff, 0xff
.byte 0xff, 0xff, 0xff, 0xff, 0xff, 0xff, 0xff, 0xff, 0xff, 0xff, 0xff, 0xff, 0xff, 0xff, 0xff, 0xff
.byte 0xff, 0xff, 0xff, 0xff, 0xff, 0xff, 0xff, 0xff, 0xff, 0xff, 0xff, 0xff, 0xff, 0xff, 0xff, 0xff
.byte 0xff, 0xff, 0xff, 0xff, 0xff, 0xff, 0xff, 0xff, 0xff, 0xff, 0xff, 0xff, 0xff, 0xff, 0xff, 0xff
.byte 0xff, 0xff, 0xff, 0xff, 0xff, 0xff, 0xff, 0xff, 0xff, 0xff, 0xff, 0xff, 0xff, 0xff, 0xff, 0xff
.byte 0xff, 0xff, 0xff, 0xff, 0xff, 0xff, 0xff, 0xff, 0xff, 0xff, 0xff, 0xff, 0xff, 0xff, 0xff, 0xff
.byte 0xff, 0xff, 0xff, 0xff, 0xff, 0xff, 0xff, 0xff, 0xff, 0xff, 0xff, 0xff, 0xff, 0xff, 0xff, 0xff
.byte 0xff, 0xff, 0xff, 0xff, 0xff, 0xff, 0xff, 0xff, 0xff, 0xff, 0xff, 0xff, 0xff, 0xff, 0xff, 0xff
.byte 0xff, 0xff, 0xff, 0xff, 0xff, 0xff, 0xff, 0xff, 0xff, 0xff, 0xff, 0xff, 0xff, 0xff, 0xff, 0xff
.byte 0xff, 0xff, 0xff, 0xff, 0xff, 0xff, 0xff, 0xff, 0xff, 0xff, 0xff, 0xff, 0xff, 0xff, 0xff, 0xff
.byte 0xff, 0xff, 0xff, 0xff, 0xff, 0xff, 0xff, 0xff, 0xff, 0xff, 0xff, 0xff, 0xff, 0xff, 0xff, 0xff
.byte 0xff, 0xff, 0xff, 0xff, 0xff, 0xff, 0xff, 0xff, 0xff, 0xff, 0xff, 0xff, 0xff, 0xff, 0xff, 0xff
.byte 0xff, 0xff, 0xff, 0xff, 0xff, 0xff, 0xff, 0xff, 0xff, 0xff, 0xff, 0xff, 0xff, 0xff, 0xff, 0xff
.byte 0xff, 0xff, 0xff, 0xff, 0xff, 0xff, 0xff, 0xff, 0xff, 0xff, 0xff, 0xff, 0xff, 0xff, 0xff, 0xff
.byte 0xff, 0xff, 0xff, 0xff, 0xff, 0xff, 0xff, 0xff, 0xff, 0xff, 0xff, 0xff, 0xff, 0xff, 0xff, 0xff
.byte 0xfd, 0xfd, 0xfd, 0xff, 0xe0, 0xe0, 0xe0, 0xff, 0x95, 0x95, 0x95, 0xfe, 0x5c, 0x5c, 0x5c, 0xe9
.byte 0x4b, 0x4b, 0x4b, 0x80, 0x48, 0x48, 0x48, 0x15, 0x47, 0x47, 0x47, 0x15, 0x4c, 0x4c, 0x4c, 0x7f
.byte 0x5b, 0x5b, 0x5b, 0xea, 0x95, 0x95, 0x95, 0xfe, 0xe0, 0xe0, 0xe0, 0xff, 0xfd, 0xfd, 0xfd, 0xff
.byte 0xff, 0xff, 0xff, 0xff, 0xff, 0xff, 0xff, 0xff, 0xff, 0xff, 0xff, 0xff, 0xff, 0xff, 0xff, 0xff
.byte 0xff, 0xff, 0xff, 0xff, 0xff, 0xff, 0xff, 0xff, 0xff, 0xff, 0xff, 0xff, 0xff, 0xff, 0xff, 0xff
.byte 0xff, 0xff, 0xff, 0xff, 0xff, 0xff, 0xff, 0xff, 0xff, 0xff, 0xff, 0xff, 0xff, 0xff, 0xff, 0xff
.byte 0xff, 0xff, 0xff, 0xff, 0xff, 0xff, 0xff, 0xff, 0xff, 0xff, 0xff, 0xff, 0xff, 0xff, 0xff, 0xff
.byte 0xff, 0xff, 0xff, 0xff, 0xff, 0xff, 0xff, 0xff, 0xff, 0xff, 0xff, 0xff, 0xff, 0xff, 0xff, 0xff
.byte 0xff, 0xff, 0xff, 0xff, 0xff, 0xff, 0xff, 0xff, 0xff, 0xff, 0xff, 0xff, 0xff, 0xff, 0xff, 0xff
.byte 0xff, 0xff, 0xff, 0xff, 0xff, 0xff, 0xff, 0xff, 0xff, 0xff, 0xff, 0xff, 0xff, 0xff, 0xff, 0xff
.byte 0xff, 0xff, 0xff, 0xff, 0xff, 0xff, 0xff, 0xff, 0xff, 0xff, 0xff, 0xff, 0xff, 0xff, 0xff, 0xff
.byte 0xff, 0xff, 0xff, 0xff, 0xff, 0xff, 0xff, 0xff, 0xff, 0xff, 0xff, 0xff, 0xff, 0xff, 0xff, 0xff
.byte 0xff, 0xff, 0xff, 0xff, 0xff, 0xff, 0xff, 0xff, 0xff, 0xff, 0xff, 0xff, 0xff, 0xff, 0xff, 0xff
.byte 0xff, 0xff, 0xff, 0xff, 0xff, 0xff, 0xff, 0xff, 0xff, 0xff, 0xff, 0xff, 0xff, 0xff, 0xff, 0xff
.byte 0xff, 0xff, 0xff, 0xff, 0xff, 0xff, 0xff, 0xff, 0xff, 0xff, 0xff, 0xff, 0xff, 0xff, 0xff, 0xff
.byte 0xff, 0xff, 0xff, 0xff, 0xff, 0xff, 0xff, 0xff, 0xff, 0xff, 0xff, 0xff, 0xff, 0xff, 0xff, 0xff
.byte 0xff, 0xff, 0xff, 0xff, 0xff, 0xff, 0xff, 0xff, 0xff, 0xff, 0xff, 0xff, 0xff, 0xff, 0xff, 0xff
.byte 0xff, 0xff, 0xff, 0xff, 0xff, 0xff, 0xff, 0xff, 0xff, 0xff, 0xff, 0xff, 0xff, 0xff, 0xff, 0xff
.byte 0xff, 0xff, 0xff, 0xff, 0xff, 0xff, 0xff, 0xff, 0xff, 0xff, 0xff, 0xff, 0xff, 0xff, 0xff, 0xff
.byte 0xff, 0xff, 0xff, 0xff, 0xff, 0xff, 0xff, 0xff, 0xff, 0xff, 0xff, 0xff, 0xff, 0xff, 0xff, 0xff
.byte 0xff, 0xff, 0xff, 0xff, 0xff, 0xff, 0xff, 0xff, 0xff, 0xff, 0xff, 0xff, 0xff, 0xff, 0xff, 0xff
.byte 0xff, 0xff, 0xff, 0xff, 0xff, 0xff, 0xff, 0xff, 0xff, 0xff, 0xff, 0xff, 0xff, 0xff, 0xff, 0xff
.byte 0xff, 0xff, 0xff, 0xff, 0xff, 0xff, 0xff, 0xff, 0xff, 0xff, 0xff, 0xff, 0xff, 0xff, 0xff, 0xff
.byte 0xff, 0xff, 0xff, 0xff, 0xff, 0xff, 0xff, 0xff, 0xff, 0xff, 0xff, 0xff, 0xff, 0xff, 0xff, 0xff
.byte 0xff, 0xff, 0xff, 0xff, 0xff, 0xff, 0xff, 0xff, 0xff, 0xff, 0xff, 0xff, 0xff, 0xff, 0xff, 0xff
.byte 0xff, 0xff, 0xff, 0xff, 0xff, 0xff, 0xff, 0xff, 0xff, 0xff, 0xff, 0xff, 0xff, 0xff, 0xff, 0xff
.byte 0xff, 0xff, 0xff, 0xff, 0xff, 0xff, 0xff, 0xff, 0xff, 0xff, 0xff, 0xff, 0xff, 0xff, 0xff, 0xff
.byte 0xff, 0xff, 0xff, 0xff, 0xff, 0xff, 0xff, 0xff, 0xff, 0xff, 0xff, 0xff, 0xff, 0xff, 0xff, 0xff
.byte 0xff, 0xff, 0xff, 0xff, 0xff, 0xff, 0xff, 0xff, 0xff, 0xff, 0xff, 0xff, 0xff, 0xff, 0xff, 0xff
.byte 0xff, 0xff, 0xff, 0xff, 0xff, 0xff, 0xff, 0xff, 0xff, 0xff, 0xff, 0xff, 0xff, 0xff, 0xff, 0xff
.byte 0xff, 0xff, 0xff, 0xff, 0xff, 0xff, 0xff, 0xff, 0xff, 0xff, 0xff, 0xff, 0xff, 0xff, 0xff, 0xff
.byte 0xff, 0xff, 0xff, 0xff, 0xff, 0xff, 0xff, 0xff, 0xff, 0xff, 0xff, 0xff, 0xff, 0xff, 0xff, 0xff
.byte 0xfd, 0xfd, 0xfd, 0xff, 0xe0, 0xe0, 0xe0, 0xff, 0x95, 0x95, 0x95, 0xfe, 0x5c, 0x5c, 0x5c, 0xe9
.byte 0x4b, 0x4b, 0x4b, 0x80, 0x48, 0x48, 0x48, 0x15, 0x47, 0x47, 0x47, 0x15, 0x4c, 0x4c, 0x4c, 0x7f
.byte 0x5b, 0x5b, 0x5b, 0xea, 0x95, 0x95, 0x95, 0xfe, 0xe0, 0xe0, 0xe0, 0xff, 0xfd, 0xfd, 0xfd, 0xff
.byte 0xff, 0xff, 0xff, 0xff, 0xff, 0xff, 0xff, 0xff, 0xff, 0xff, 0xff, 0xff, 0xff, 0xff, 0xff, 0xff
.byte 0xff, 0xff, 0xff, 0xff, 0xff, 0xff, 0xff, 0xff, 0xff, 0xff, 0xff, 0xff, 0xff, 0xff, 0xff, 0xff
.byte 0xff, 0xff, 0xff, 0xff, 0xff, 0xff, 0xff, 0xff, 0xff, 0xff, 0xff, 0xff, 0xff, 0xff, 0xff, 0xff
.byte 0xff, 0xff, 0xff, 0xff, 0xff, 0xff, 0xff, 0xff, 0xff, 0xff, 0xff, 0xff, 0xff, 0xff, 0xff, 0xff
.byte 0xff, 0xff, 0xff, 0xff, 0xff, 0xff, 0xff, 0xff, 0xff, 0xff, 0xff, 0xff, 0xff, 0xff, 0xff, 0xff
.byte 0xff, 0xff, 0xff, 0xff, 0xff, 0xff, 0xff, 0xff, 0xff, 0xff, 0xff, 0xff, 0xff, 0xff, 0xff, 0xff
.byte 0xff, 0xff, 0xff, 0xff, 0xff, 0xff, 0xff, 0xff, 0xff, 0xff, 0xff, 0xff, 0xff, 0xff, 0xff, 0xff
.byte 0xff, 0xff, 0xff, 0xff, 0xff, 0xff, 0xff, 0xff, 0xff, 0xff, 0xff, 0xff, 0xff, 0xff, 0xff, 0xff
.byte 0xff, 0xff, 0xff, 0xff, 0xff, 0xff, 0xff, 0xff, 0xff, 0xff, 0xff, 0xff, 0xff, 0xff, 0xff, 0xff
.byte 0xff, 0xff, 0xff, 0xff, 0xff, 0xff, 0xff, 0xff, 0xff, 0xff, 0xff, 0xff, 0xff, 0xff, 0xff, 0xff
.byte 0xff, 0xff, 0xff, 0xff, 0xff, 0xff, 0xff, 0xff, 0xff, 0xff, 0xff, 0xff, 0xff, 0xff, 0xff, 0xff
.byte 0xff, 0xff, 0xff, 0xff, 0xff, 0xff, 0xff, 0xff, 0xff, 0xff, 0xff, 0xff, 0xff, 0xff, 0xff, 0xff
.byte 0xff, 0xff, 0xff, 0xff, 0xff, 0xff, 0xff, 0xff, 0xff, 0xff, 0xff, 0xff, 0xff, 0xff, 0xff, 0xff
.byte 0xff, 0xff, 0xff, 0xff, 0xff, 0xff, 0xff, 0xff, 0xff, 0xff, 0xff, 0xff, 0xff, 0xff, 0xff, 0xff
.byte 0xff, 0xff, 0xff, 0xff, 0xff, 0xff, 0xff, 0xff, 0xff, 0xff, 0xff, 0xff, 0xff, 0xff, 0xff, 0xff
.byte 0xff, 0xff, 0xff, 0xff, 0xff, 0xff, 0xff, 0xff, 0xff, 0xff, 0xff, 0xff, 0xff, 0xff, 0xff, 0xff
.byte 0xff, 0xff, 0xff, 0xff, 0xff, 0xff, 0xff, 0xff, 0xff, 0xff, 0xff, 0xff, 0xff, 0xff, 0xff, 0xff
.byte 0xff, 0xff, 0xff, 0xff, 0xff, 0xff, 0xff, 0xff, 0xff, 0xff, 0xff, 0xff, 0xff, 0xff, 0xff, 0xff
.byte 0xff, 0xff, 0xff, 0xff, 0xff, 0xff, 0xff, 0xff, 0xff, 0xff, 0xff, 0xff, 0xff, 0xff, 0xff, 0xff
.byte 0xff, 0xff, 0xff, 0xff, 0xff, 0xff, 0xff, 0xff, 0xff, 0xff, 0xff, 0xff, 0xff, 0xff, 0xff, 0xff
.byte 0xff, 0xff, 0xff, 0xff, 0xff, 0xff, 0xff, 0xff, 0xff, 0xff, 0xff, 0xff, 0xff, 0xff, 0xff, 0xff
.byte 0xff, 0xff, 0xff, 0xff, 0xff, 0xff, 0xff, 0xff, 0xff, 0xff, 0xff, 0xff, 0xff, 0xff, 0xff, 0xff
.byte 0xff, 0xff, 0xff, 0xff, 0xff, 0xff, 0xff, 0xff, 0xff, 0xff, 0xff, 0xff, 0xff, 0xff, 0xff, 0xff
.byte 0xff, 0xff, 0xff, 0xff, 0xff, 0xff, 0xff, 0xff, 0xff, 0xff, 0xff, 0xff, 0xff, 0xff, 0xff, 0xff
.byte 0xff, 0xff, 0xff, 0xff, 0xff, 0xff, 0xff, 0xff, 0xff, 0xff, 0xff, 0xff, 0xff, 0xff, 0xff, 0xff
.byte 0xff, 0xff, 0xff, 0xff, 0xff, 0xff, 0xff, 0xff, 0xff, 0xff, 0xff, 0xff, 0xff, 0xff, 0xff, 0xff
.byte 0xff, 0xff, 0xff, 0xff, 0xff, 0xff, 0xff, 0xff, 0xff, 0xff, 0xff, 0xff, 0xff, 0xff, 0xff, 0xff
.byte 0xff, 0xff, 0xff, 0xff, 0xff, 0xff, 0xff, 0xff, 0xff, 0xff, 0xff, 0xff, 0xff, 0xff, 0xff, 0xff
.byte 0xff, 0xff, 0xff, 0xff, 0xff, 0xff, 0xff, 0xff, 0xff, 0xff, 0xff, 0xff, 0xff, 0xff, 0xff, 0xff
.byte 0xfd, 0xfd, 0xfd, 0xff, 0xe0, 0xe0, 0xe0, 0xff, 0x95, 0x95, 0x95, 0xfe, 0x5c, 0x5c, 0x5c, 0xe9
.byte 0x4b, 0x4b, 0x4b, 0x80, 0x48, 0x48, 0x48, 0x15, 0x47, 0x47, 0x47, 0x15, 0x4c, 0x4c, 0x4c, 0x7f
.byte 0x5b, 0x5b, 0x5b, 0xea, 0x95, 0x95, 0x95, 0xfe, 0xe0, 0xe0, 0xe0, 0xff, 0xfd, 0xfd, 0xfd, 0xff
.byte 0xff, 0xff, 0xff, 0xff, 0xff, 0xff, 0xff, 0xff, 0xff, 0xff, 0xff, 0xff, 0xff, 0xff, 0xff, 0xff
.byte 0xff, 0xff, 0xff, 0xff, 0xff, 0xff, 0xff, 0xff, 0xff, 0xff, 0xff, 0xff, 0xff, 0xff, 0xff, 0xff
.byte 0xff, 0xff, 0xff, 0xff, 0xff, 0xff, 0xff, 0xff, 0xff, 0xff, 0xff, 0xff, 0xff, 0xff, 0xff, 0xff
.byte 0xff, 0xff, 0xff, 0xff, 0xff, 0xff, 0xff, 0xff, 0xff, 0xff, 0xff, 0xff, 0xff, 0xff, 0xff, 0xff
.byte 0xff, 0xff, 0xff, 0xff, 0xff, 0xff, 0xff, 0xff, 0xff, 0xff, 0xff, 0xff, 0xff, 0xff, 0xff, 0xff
.byte 0xff, 0xff, 0xff, 0xff, 0xff, 0xff, 0xff, 0xff, 0xff, 0xff, 0xff, 0xff, 0xff, 0xff, 0xff, 0xff
.byte 0xff, 0xff, 0xff, 0xff, 0xff, 0xff, 0xff, 0xff, 0xff, 0xff, 0xff, 0xff, 0xff, 0xff, 0xff, 0xff
.byte 0xff, 0xff, 0xff, 0xff, 0xff, 0xff, 0xff, 0xff, 0xff, 0xff, 0xff, 0xff, 0xff, 0xff, 0xff, 0xff
.byte 0xff, 0xff, 0xff, 0xff, 0xff, 0xff, 0xff, 0xff, 0xff, 0xff, 0xff, 0xff, 0xff, 0xff, 0xff, 0xff
.byte 0xff, 0xff, 0xff, 0xff, 0xff, 0xff, 0xff, 0xff, 0xff, 0xff, 0xff, 0xff, 0xff, 0xff, 0xff, 0xff
.byte 0xff, 0xff, 0xff, 0xff, 0xff, 0xff, 0xff, 0xff, 0xff, 0xff, 0xff, 0xff, 0xff, 0xff, 0xff, 0xff
.byte 0xff, 0xff, 0xff, 0xff, 0xff, 0xff, 0xff, 0xff, 0xff, 0xff, 0xff, 0xff, 0xff, 0xff, 0xff, 0xff
.byte 0xff, 0xff, 0xff, 0xff, 0xff, 0xff, 0xff, 0xff, 0xff, 0xff, 0xff, 0xff, 0xff, 0xff, 0xff, 0xff
.byte 0xff, 0xff, 0xff, 0xff, 0xff, 0xff, 0xff, 0xff, 0xff, 0xff, 0xff, 0xff, 0xff, 0xff, 0xff, 0xff
.byte 0xff, 0xff, 0xff, 0xff, 0xff, 0xff, 0xff, 0xff, 0xff, 0xff, 0xff, 0xff, 0xff, 0xff, 0xff, 0xff
.byte 0xff, 0xff, 0xff, 0xff, 0xff, 0xff, 0xff, 0xff, 0xff, 0xff, 0xff, 0xff, 0xff, 0xff, 0xff, 0xff
.byte 0xff, 0xff, 0xff, 0xff, 0xff, 0xff, 0xff, 0xff, 0xff, 0xff, 0xff, 0xff, 0xff, 0xff, 0xff, 0xff
.byte 0xff, 0xff, 0xff, 0xff, 0xff, 0xff, 0xff, 0xff, 0xff, 0xff, 0xff, 0xff, 0xff, 0xff, 0xff, 0xff
.byte 0xff, 0xff, 0xff, 0xff, 0xff, 0xff, 0xff, 0xff, 0xff, 0xff, 0xff, 0xff, 0xff, 0xff, 0xff, 0xff
.byte 0xff, 0xff, 0xff, 0xff, 0xff, 0xff, 0xff, 0xff, 0xff, 0xff, 0xff, 0xff, 0xff, 0xff, 0xff, 0xff
.byte 0xff, 0xff, 0xff, 0xff, 0xff, 0xff, 0xff, 0xff, 0xff, 0xff, 0xff, 0xff, 0xff, 0xff, 0xff, 0xff
.byte 0xff, 0xff, 0xff, 0xff, 0xff, 0xff, 0xff, 0xff, 0xff, 0xff, 0xff, 0xff, 0xff, 0xff, 0xff, 0xff
.byte 0xff, 0xff, 0xff, 0xff, 0xff, 0xff, 0xff, 0xff, 0xff, 0xff, 0xff, 0xff, 0xff, 0xff, 0xff, 0xff
.byte 0xff, 0xff, 0xff, 0xff, 0xff, 0xff, 0xff, 0xff, 0xff, 0xff, 0xff, 0xff, 0xff, 0xff, 0xff, 0xff
.byte 0xff, 0xff, 0xff, 0xff, 0xff, 0xff, 0xff, 0xff, 0xff, 0xff, 0xff, 0xff, 0xff, 0xff, 0xff, 0xff
.byte 0xff, 0xff, 0xff, 0xff, 0xff, 0xff, 0xff, 0xff, 0xff, 0xff, 0xff, 0xff, 0xff, 0xff, 0xff, 0xff
.byte 0xff, 0xff, 0xff, 0xff, 0xff, 0xff, 0xff, 0xff, 0xff, 0xff, 0xff, 0xff, 0xff, 0xff, 0xff, 0xff
.byte 0xff, 0xff, 0xff, 0xff, 0xff, 0xff, 0xff, 0xff, 0xff, 0xff, 0xff, 0xff, 0xff, 0xff, 0xff, 0xff
.byte 0xff, 0xff, 0xff, 0xff, 0xff, 0xff, 0xff, 0xff, 0xff, 0xff, 0xff, 0xff, 0xff, 0xff, 0xff, 0xff
.byte 0xfd, 0xfd, 0xfd, 0xff, 0xe0, 0xe0, 0xe0, 0xff, 0x95, 0x95, 0x95, 0xfe, 0x5c, 0x5c, 0x5c, 0xe9
.byte 0x4b, 0x4b, 0x4b, 0x80, 0x48, 0x48, 0x48, 0x15, 0x47, 0x47, 0x47, 0x15, 0x4c, 0x4c, 0x4c, 0x7f
.byte 0x5b, 0x5b, 0x5b, 0xea, 0x95, 0x95, 0x95, 0xfe, 0xe0, 0xe0, 0xe0, 0xff, 0xfd, 0xfd, 0xfd, 0xff
.byte 0xff, 0xff, 0xff, 0xff, 0xff, 0xff, 0xff, 0xff, 0xff, 0xff, 0xff, 0xff, 0xff, 0xff, 0xff, 0xff
.byte 0xff, 0xff, 0xff, 0xff, 0xff, 0xff, 0xff, 0xff, 0xff, 0xff, 0xff, 0xff, 0xff, 0xff, 0xff, 0xff
.byte 0xff, 0xff, 0xff, 0xff, 0xff, 0xff, 0xff, 0xff, 0xff, 0xff, 0xff, 0xff, 0xff, 0xff, 0xff, 0xff
.byte 0xff, 0xff, 0xff, 0xff, 0xff, 0xff, 0xff, 0xff, 0xff, 0xff, 0xff, 0xff, 0xff, 0xff, 0xff, 0xff
.byte 0xff, 0xff, 0xff, 0xff, 0xff, 0xff, 0xff, 0xff, 0xff, 0xff, 0xff, 0xff, 0xff, 0xff, 0xff, 0xff
.byte 0xff, 0xff, 0xff, 0xff, 0xff, 0xff, 0xff, 0xff, 0xff, 0xff, 0xff, 0xff, 0xff, 0xff, 0xff, 0xff
.byte 0xff, 0xff, 0xff, 0xff, 0xff, 0xff, 0xff, 0xff, 0xff, 0xff, 0xff, 0xff, 0xff, 0xff, 0xff, 0xff
.byte 0xff, 0xff, 0xff, 0xff, 0xff, 0xff, 0xff, 0xff, 0xff, 0xff, 0xff, 0xff, 0xff, 0xff, 0xff, 0xff
.byte 0xff, 0xff, 0xff, 0xff, 0xff, 0xff, 0xff, 0xff, 0xff, 0xff, 0xff, 0xff, 0xff, 0xff, 0xff, 0xff
.byte 0xff, 0xff, 0xff, 0xff, 0xff, 0xff, 0xff, 0xff, 0xff, 0xff, 0xff, 0xff, 0xff, 0xff, 0xff, 0xff
.byte 0xff, 0xff, 0xff, 0xff, 0xff, 0xff, 0xff, 0xff, 0xff, 0xff, 0xff, 0xff, 0xff, 0xff, 0xff, 0xff
.byte 0xff, 0xff, 0xff, 0xff, 0xff, 0xff, 0xff, 0xff, 0xff, 0xff, 0xff, 0xff, 0xff, 0xff, 0xff, 0xff
.byte 0xff, 0xff, 0xff, 0xff, 0xff, 0xff, 0xff, 0xff, 0xff, 0xff, 0xff, 0xff, 0xff, 0xff, 0xff, 0xff
.byte 0xff, 0xff, 0xff, 0xff, 0xff, 0xff, 0xff, 0xff, 0xff, 0xff, 0xff, 0xff, 0xff, 0xff, 0xff, 0xff
.byte 0xff, 0xff, 0xff, 0xff, 0xff, 0xff, 0xff, 0xff, 0xff, 0xff, 0xff, 0xff, 0xff, 0xff, 0xff, 0xff
.byte 0xff, 0xff, 0xff, 0xff, 0xff, 0xff, 0xff, 0xff, 0xff, 0xff, 0xff, 0xff, 0xff, 0xff, 0xff, 0xff
.byte 0xff, 0xff, 0xff, 0xff, 0xff, 0xff, 0xff, 0xff, 0xff, 0xff, 0xff, 0xff, 0xff, 0xff, 0xff, 0xff
.byte 0xff, 0xff, 0xff, 0xff, 0xff, 0xff, 0xff, 0xff, 0xff, 0xff, 0xff, 0xff, 0xff, 0xff, 0xff, 0xff
.byte 0xff, 0xff, 0xff, 0xff, 0xff, 0xff, 0xff, 0xff, 0xff, 0xff, 0xff, 0xff, 0xff, 0xff, 0xff, 0xff
.byte 0xff, 0xff, 0xff, 0xff, 0xff, 0xff, 0xff, 0xff, 0xff, 0xff, 0xff, 0xff, 0xff, 0xff, 0xff, 0xff
.byte 0xff, 0xff, 0xff, 0xff, 0xff, 0xff, 0xff, 0xff, 0xff, 0xff, 0xff, 0xff, 0xff, 0xff, 0xff, 0xff
.byte 0xff, 0xff, 0xff, 0xff, 0xff, 0xff, 0xff, 0xff, 0xff, 0xff, 0xff, 0xff, 0xff, 0xff, 0xff, 0xff
.byte 0xff, 0xff, 0xff, 0xff, 0xff, 0xff, 0xff, 0xff, 0xff, 0xff, 0xff, 0xff, 0xff, 0xff, 0xff, 0xff
.byte 0xff, 0xff, 0xff, 0xff, 0xff, 0xff, 0xff, 0xff, 0xff, 0xff, 0xff, 0xff, 0xff, 0xff, 0xff, 0xff
.byte 0xff, 0xff, 0xff, 0xff, 0xff, 0xff, 0xff, 0xff, 0xff, 0xff, 0xff, 0xff, 0xff, 0xff, 0xff, 0xff
.byte 0xff, 0xff, 0xff, 0xff, 0xff, 0xff, 0xff, 0xff, 0xff, 0xff, 0xff, 0xff, 0xff, 0xff, 0xff, 0xff
.byte 0xff, 0xff, 0xff, 0xff, 0xff, 0xff, 0xff, 0xff, 0xff, 0xff, 0xff, 0xff, 0xff, 0xff, 0xff, 0xff
.byte 0xff, 0xff, 0xff, 0xff, 0xff, 0xff, 0xff, 0xff, 0xff, 0xff, 0xff, 0xff, 0xff, 0xff, 0xff, 0xff
.byte 0xff, 0xff, 0xff, 0xff, 0xff, 0xff, 0xff, 0xff, 0xff, 0xff, 0xff, 0xff, 0xff, 0xff, 0xff, 0xff
.byte 0xfd, 0xfd, 0xfd, 0xff, 0xe0, 0xe0, 0xe0, 0xff, 0x95, 0x95, 0x95, 0xfe, 0x5c, 0x5c, 0x5c, 0xe9
.byte 0x4b, 0x4b, 0x4b, 0x80, 0x48, 0x48, 0x48, 0x15, 0x47, 0x47, 0x47, 0x15, 0x4c, 0x4c, 0x4c, 0x7f
.byte 0x5b, 0x5b, 0x5b, 0xea, 0x95, 0x95, 0x95, 0xfe, 0xe0, 0xe0, 0xe0, 0xff, 0xfd, 0xfd, 0xfd, 0xff
.byte 0xff, 0xff, 0xff, 0xff, 0xff, 0xff, 0xff, 0xff, 0xff, 0xff, 0xff, 0xff, 0xff, 0xff, 0xff, 0xff
.byte 0xff, 0xff, 0xff, 0xff, 0xff, 0xff, 0xff, 0xff, 0xff, 0xff, 0xff, 0xff, 0xff, 0xff, 0xff, 0xff
.byte 0xff, 0xff, 0xff, 0xff, 0xff, 0xff, 0xff, 0xff, 0xff, 0xff, 0xff, 0xff, 0xff, 0xff, 0xff, 0xff
.byte 0xff, 0xff, 0xff, 0xff, 0xff, 0xff, 0xff, 0xff, 0xff, 0xff, 0xff, 0xff, 0xff, 0xff, 0xff, 0xff
.byte 0xff, 0xff, 0xff, 0xff, 0xff, 0xff, 0xff, 0xff, 0xff, 0xff, 0xff, 0xff, 0xff, 0xff, 0xff, 0xff
.byte 0xff, 0xff, 0xff, 0xff, 0xff, 0xff, 0xff, 0xff, 0xff, 0xff, 0xff, 0xff, 0xff, 0xff, 0xff, 0xff
.byte 0xff, 0xff, 0xff, 0xff, 0xff, 0xff, 0xff, 0xff, 0xff, 0xff, 0xff, 0xff, 0xff, 0xff, 0xff, 0xff
.byte 0xff, 0xff, 0xff, 0xff, 0xff, 0xff, 0xff, 0xff, 0xff, 0xff, 0xff, 0xff, 0xff, 0xff, 0xff, 0xff
.byte 0xff, 0xff, 0xff, 0xff, 0xff, 0xff, 0xff, 0xff, 0xff, 0xff, 0xff, 0xff, 0xff, 0xff, 0xff, 0xff
.byte 0xff, 0xff, 0xff, 0xff, 0xff, 0xff, 0xff, 0xff, 0xff, 0xff, 0xff, 0xff, 0xff, 0xff, 0xff, 0xff
.byte 0xff, 0xff, 0xff, 0xff, 0xff, 0xff, 0xff, 0xff, 0xff, 0xff, 0xff, 0xff, 0xff, 0xff, 0xff, 0xff
.byte 0xff, 0xff, 0xff, 0xff, 0xff, 0xff, 0xff, 0xff, 0xff, 0xff, 0xff, 0xff, 0xff, 0xff, 0xff, 0xff
.byte 0xff, 0xff, 0xff, 0xff, 0xff, 0xff, 0xff, 0xff, 0xff, 0xff, 0xff, 0xff, 0xff, 0xff, 0xff, 0xff
.byte 0xff, 0xff, 0xff, 0xff, 0xff, 0xff, 0xff, 0xff, 0xff, 0xff, 0xff, 0xff, 0xff, 0xff, 0xff, 0xff
.byte 0xff, 0xff, 0xff, 0xff, 0xff, 0xff, 0xff, 0xff, 0xff, 0xff, 0xff, 0xff, 0xff, 0xff, 0xff, 0xff
.byte 0xff, 0xff, 0xff, 0xff, 0xff, 0xff, 0xff, 0xff, 0xff, 0xff, 0xff, 0xff, 0xff, 0xff, 0xff, 0xff
.byte 0xff, 0xff, 0xff, 0xff, 0xff, 0xff, 0xff, 0xff, 0xff, 0xff, 0xff, 0xff, 0xff, 0xff, 0xff, 0xff
.byte 0xff, 0xff, 0xff, 0xff, 0xff, 0xff, 0xff, 0xff, 0xff, 0xff, 0xff, 0xff, 0xff, 0xff, 0xff, 0xff
.byte 0xff, 0xff, 0xff, 0xff, 0xff, 0xff, 0xff, 0xff, 0xff, 0xff, 0xff, 0xff, 0xff, 0xff, 0xff, 0xff
.byte 0xff, 0xff, 0xff, 0xff, 0xff, 0xff, 0xff, 0xff, 0xff, 0xff, 0xff, 0xff, 0xff, 0xff, 0xff, 0xff
.byte 0xff, 0xff, 0xff, 0xff, 0xff, 0xff, 0xff, 0xff, 0xff, 0xff, 0xff, 0xff, 0xff, 0xff, 0xff, 0xff
.byte 0xff, 0xff, 0xff, 0xff, 0xff, 0xff, 0xff, 0xff, 0xff, 0xff, 0xff, 0xff, 0xff, 0xff, 0xff, 0xff
.byte 0xff, 0xff, 0xff, 0xff, 0xff, 0xff, 0xff, 0xff, 0xff, 0xff, 0xff, 0xff, 0xff, 0xff, 0xff, 0xff
.byte 0xff, 0xff, 0xff, 0xff, 0xff, 0xff, 0xff, 0xff, 0xff, 0xff, 0xff, 0xff, 0xff, 0xff, 0xff, 0xff
.byte 0xff, 0xff, 0xff, 0xff, 0xff, 0xff, 0xff, 0xff, 0xff, 0xff, 0xff, 0xff, 0xff, 0xff, 0xff, 0xff
.byte 0xff, 0xff, 0xff, 0xff, 0xff, 0xff, 0xff, 0xff, 0xff, 0xff, 0xff, 0xff, 0xff, 0xff, 0xff, 0xff
.byte 0xff, 0xff, 0xff, 0xff, 0xff, 0xff, 0xff, 0xff, 0xff, 0xff, 0xff, 0xff, 0xff, 0xff, 0xff, 0xff
.byte 0xff, 0xff, 0xff, 0xff, 0xff, 0xff, 0xff, 0xff, 0xff, 0xff, 0xff, 0xff, 0xff, 0xff, 0xff, 0xff
.byte 0xff, 0xff, 0xff, 0xff, 0xff, 0xff, 0xff, 0xff, 0xff, 0xff, 0xff, 0xff, 0xff, 0xff, 0xff, 0xff
.byte 0xfd, 0xfd, 0xfd, 0xff, 0xe0, 0xe0, 0xe0, 0xff, 0x95, 0x95, 0x95, 0xfe, 0x5c, 0x5c, 0x5c, 0xe9
.byte 0x4b, 0x4b, 0x4b, 0x80, 0x48, 0x48, 0x48, 0x15, 0x48, 0x48, 0x48, 0x15, 0x4c, 0x4c, 0x4c, 0x7f
.byte 0x5b, 0x5b, 0x5b, 0xea, 0x94, 0x94, 0x94, 0xfe, 0xde, 0xde, 0xde, 0xff, 0xfc, 0xfc, 0xfc, 0xff
.byte 0xff, 0xff, 0xff, 0xff, 0xff, 0xff, 0xff, 0xff, 0xff, 0xff, 0xff, 0xff, 0xff, 0xff, 0xff, 0xff
.byte 0xff, 0xff, 0xff, 0xff, 0xff, 0xff, 0xff, 0xff, 0xff, 0xff, 0xff, 0xff, 0xff, 0xff, 0xff, 0xff
.byte 0xff, 0xff, 0xff, 0xff, 0xff, 0xff, 0xff, 0xff, 0xff, 0xff, 0xff, 0xff, 0xff, 0xff, 0xff, 0xff
.byte 0xff, 0xff, 0xff, 0xff, 0xff, 0xff, 0xff, 0xff, 0xff, 0xff, 0xff, 0xff, 0xff, 0xff, 0xff, 0xff
.byte 0xff, 0xff, 0xff, 0xff, 0xff, 0xff, 0xff, 0xff, 0xff, 0xff, 0xff, 0xff, 0xff, 0xff, 0xff, 0xff
.byte 0xff, 0xff, 0xff, 0xff, 0xff, 0xff, 0xff, 0xff, 0xff, 0xff, 0xff, 0xff, 0xff, 0xff, 0xff, 0xff
.byte 0xff, 0xff, 0xff, 0xff, 0xff, 0xff, 0xff, 0xff, 0xff, 0xff, 0xff, 0xff, 0xff, 0xff, 0xff, 0xff
.byte 0xff, 0xff, 0xff, 0xff, 0xff, 0xff, 0xff, 0xff, 0xff, 0xff, 0xff, 0xff, 0xff, 0xff, 0xff, 0xff
.byte 0xff, 0xff, 0xff, 0xff, 0xff, 0xff, 0xff, 0xff, 0xff, 0xff, 0xff, 0xff, 0xff, 0xff, 0xff, 0xff
.byte 0xff, 0xff, 0xff, 0xff, 0xff, 0xff, 0xff, 0xff, 0xff, 0xff, 0xff, 0xff, 0xff, 0xff, 0xff, 0xff
.byte 0xff, 0xff, 0xff, 0xff, 0xff, 0xff, 0xff, 0xff, 0xff, 0xff, 0xff, 0xff, 0xff, 0xff, 0xff, 0xff
.byte 0xff, 0xff, 0xff, 0xff, 0xff, 0xff, 0xff, 0xff, 0xff, 0xff, 0xff, 0xff, 0xff, 0xff, 0xff, 0xff
.byte 0xff, 0xff, 0xff, 0xff, 0xff, 0xff, 0xff, 0xff, 0xff, 0xff, 0xff, 0xff, 0xff, 0xff, 0xff, 0xff
.byte 0xff, 0xff, 0xff, 0xff, 0xff, 0xff, 0xff, 0xff, 0xff, 0xff, 0xff, 0xff, 0xff, 0xff, 0xff, 0xff
.byte 0xff, 0xff, 0xff, 0xff, 0xff, 0xff, 0xff, 0xff, 0xff, 0xff, 0xff, 0xff, 0xff, 0xff, 0xff, 0xff
.byte 0xff, 0xff, 0xff, 0xff, 0xff, 0xff, 0xff, 0xff, 0xff, 0xff, 0xff, 0xff, 0xff, 0xff, 0xff, 0xff
.byte 0xff, 0xff, 0xff, 0xff, 0xff, 0xff, 0xff, 0xff, 0xff, 0xff, 0xff, 0xff, 0xff, 0xff, 0xff, 0xff
.byte 0xff, 0xff, 0xff, 0xff, 0xff, 0xff, 0xff, 0xff, 0xff, 0xff, 0xff, 0xff, 0xff, 0xff, 0xff, 0xff
.byte 0xff, 0xff, 0xff, 0xff, 0xff, 0xff, 0xff, 0xff, 0xff, 0xff, 0xff, 0xff, 0xff, 0xff, 0xff, 0xff
.byte 0xff, 0xff, 0xff, 0xff, 0xff, 0xff, 0xff, 0xff, 0xff, 0xff, 0xff, 0xff, 0xff, 0xff, 0xff, 0xff
.byte 0xff, 0xff, 0xff, 0xff, 0xff, 0xff, 0xff, 0xff, 0xff, 0xff, 0xff, 0xff, 0xff, 0xff, 0xff, 0xff
.byte 0xff, 0xff, 0xff, 0xff, 0xff, 0xff, 0xff, 0xff, 0xff, 0xff, 0xff, 0xff, 0xff, 0xff, 0xff, 0xff
.byte 0xff, 0xff, 0xff, 0xff, 0xff, 0xff, 0xff, 0xff, 0xff, 0xff, 0xff, 0xff, 0xff, 0xff, 0xff, 0xff
.byte 0xff, 0xff, 0xff, 0xff, 0xff, 0xff, 0xff, 0xff, 0xff, 0xff, 0xff, 0xff, 0xff, 0xff, 0xff, 0xff
.byte 0xff, 0xff, 0xff, 0xff, 0xff, 0xff, 0xff, 0xff, 0xff, 0xff, 0xff, 0xff, 0xff, 0xff, 0xff, 0xff
.byte 0xff, 0xff, 0xff, 0xff, 0xff, 0xff, 0xff, 0xff, 0xff, 0xff, 0xff, 0xff, 0xff, 0xff, 0xff, 0xff
.byte 0xff, 0xff, 0xff, 0xff, 0xff, 0xff, 0xff, 0xff, 0xff, 0xff, 0xff, 0xff, 0xff, 0xff, 0xff, 0xff
.byte 0xff, 0xff, 0xff, 0xff, 0xff, 0xff, 0xff, 0xff, 0xff, 0xff, 0xff, 0xff, 0xff, 0xff, 0xff, 0xff
.byte 0xff, 0xff, 0xff, 0xff, 0xff, 0xff, 0xff, 0xff, 0xff, 0xff, 0xff, 0xff, 0xff, 0xff, 0xff, 0xff
.byte 0xfc, 0xfc, 0xfc, 0xff, 0xde, 0xde, 0xde, 0xff, 0x94, 0x94, 0x94, 0xfe, 0x5c, 0x5c, 0x5c, 0xe9
.byte 0x4b, 0x4b, 0x4b, 0x7f, 0x48, 0x48, 0x48, 0x15, 0x4a, 0x4a, 0x4a, 0x14, 0x4b, 0x4b, 0x4b, 0x7e
.byte 0x5a, 0x5a, 0x5a, 0xe8, 0x8d, 0x8d, 0x8d, 0xfe, 0xd8, 0xd8, 0xd8, 0xff, 0xfb, 0xfb, 0xfb, 0xff
.byte 0xff, 0xff, 0xff, 0xff, 0xff, 0xff, 0xff, 0xff, 0xff, 0xff, 0xff, 0xff, 0xff, 0xff, 0xff, 0xff
.byte 0xff, 0xff, 0xff, 0xff, 0xff, 0xff, 0xff, 0xff, 0xff, 0xff, 0xff, 0xff, 0xff, 0xff, 0xff, 0xff
.byte 0xff, 0xff, 0xff, 0xff, 0xff, 0xff, 0xff, 0xff, 0xff, 0xff, 0xff, 0xff, 0xff, 0xff, 0xff, 0xff
.byte 0xff, 0xff, 0xff, 0xff, 0xff, 0xff, 0xff, 0xff, 0xff, 0xff, 0xff, 0xff, 0xff, 0xff, 0xff, 0xff
.byte 0xff, 0xff, 0xff, 0xff, 0xff, 0xff, 0xff, 0xff, 0xff, 0xff, 0xff, 0xff, 0xff, 0xff, 0xff, 0xff
.byte 0xff, 0xff, 0xff, 0xff, 0xff, 0xff, 0xff, 0xff, 0xff, 0xff, 0xff, 0xff, 0xff, 0xff, 0xff, 0xff
.byte 0xff, 0xff, 0xff, 0xff, 0xff, 0xff, 0xff, 0xff, 0xff, 0xff, 0xff, 0xff, 0xff, 0xff, 0xff, 0xff
.byte 0xff, 0xff, 0xff, 0xff, 0xff, 0xff, 0xff, 0xff, 0xff, 0xff, 0xff, 0xff, 0xff, 0xff, 0xff, 0xff
.byte 0xff, 0xff, 0xff, 0xff, 0xff, 0xff, 0xff, 0xff, 0xff, 0xff, 0xff, 0xff, 0xff, 0xff, 0xff, 0xff
.byte 0xff, 0xff, 0xff, 0xff, 0xff, 0xff, 0xff, 0xff, 0xff, 0xff, 0xff, 0xff, 0xff, 0xff, 0xff, 0xff
.byte 0xff, 0xff, 0xff, 0xff, 0xff, 0xff, 0xff, 0xff, 0xff, 0xff, 0xff, 0xff, 0xff, 0xff, 0xff, 0xff
.byte 0xff, 0xff, 0xff, 0xff, 0xff, 0xff, 0xff, 0xff, 0xff, 0xff, 0xff, 0xff, 0xff, 0xff, 0xff, 0xff
.byte 0xff, 0xff, 0xff, 0xff, 0xff, 0xff, 0xff, 0xff, 0xff, 0xff, 0xff, 0xff, 0xff, 0xff, 0xff, 0xff
.byte 0xff, 0xff, 0xff, 0xff, 0xff, 0xff, 0xff, 0xff, 0xff, 0xff, 0xff, 0xff, 0xff, 0xff, 0xff, 0xff
.byte 0xff, 0xff, 0xff, 0xff, 0xff, 0xff, 0xff, 0xff, 0xff, 0xff, 0xff, 0xff, 0xff, 0xff, 0xff, 0xff
.byte 0xff, 0xff, 0xff, 0xff, 0xff, 0xff, 0xff, 0xff, 0xff, 0xff, 0xff, 0xff, 0xff, 0xff, 0xff, 0xff
.byte 0xff, 0xff, 0xff, 0xff, 0xff, 0xff, 0xff, 0xff, 0xff, 0xff, 0xff, 0xff, 0xff, 0xff, 0xff, 0xff
.byte 0xff, 0xff, 0xff, 0xff, 0xff, 0xff, 0xff, 0xff, 0xff, 0xff, 0xff, 0xff, 0xff, 0xff, 0xff, 0xff
.byte 0xff, 0xff, 0xff, 0xff, 0xff, 0xff, 0xff, 0xff, 0xff, 0xff, 0xff, 0xff, 0xff, 0xff, 0xff, 0xff
.byte 0xff, 0xff, 0xff, 0xff, 0xff, 0xff, 0xff, 0xff, 0xff, 0xff, 0xff, 0xff, 0xff, 0xff, 0xff, 0xff
.byte 0xff, 0xff, 0xff, 0xff, 0xff, 0xff, 0xff, 0xff, 0xff, 0xff, 0xff, 0xff, 0xff, 0xff, 0xff, 0xff
.byte 0xff, 0xff, 0xff, 0xff, 0xff, 0xff, 0xff, 0xff, 0xff, 0xff, 0xff, 0xff, 0xff, 0xff, 0xff, 0xff
.byte 0xff, 0xff, 0xff, 0xff, 0xff, 0xff, 0xff, 0xff, 0xff, 0xff, 0xff, 0xff, 0xff, 0xff, 0xff, 0xff
.byte 0xff, 0xff, 0xff, 0xff, 0xff, 0xff, 0xff, 0xff, 0xff, 0xff, 0xff, 0xff, 0xff, 0xff, 0xff, 0xff
.byte 0xff, 0xff, 0xff, 0xff, 0xff, 0xff, 0xff, 0xff, 0xff, 0xff, 0xff, 0xff, 0xff, 0xff, 0xff, 0xff
.byte 0xff, 0xff, 0xff, 0xff, 0xff, 0xff, 0xff, 0xff, 0xff, 0xff, 0xff, 0xff, 0xff, 0xff, 0xff, 0xff
.byte 0xff, 0xff, 0xff, 0xff, 0xff, 0xff, 0xff, 0xff, 0xff, 0xff, 0xff, 0xff, 0xff, 0xff, 0xff, 0xff
.byte 0xff, 0xff, 0xff, 0xff, 0xff, 0xff, 0xff, 0xff, 0xff, 0xff, 0xff, 0xff, 0xff, 0xff, 0xff, 0xff
.byte 0xff, 0xff, 0xff, 0xff, 0xff, 0xff, 0xff, 0xff, 0xff, 0xff, 0xff, 0xff, 0xff, 0xff, 0xff, 0xff
.byte 0xfb, 0xfb, 0xfb, 0xff, 0xd9, 0xd9, 0xd9, 0xff, 0x8d, 0x8d, 0x8d, 0xfe, 0x59, 0x59, 0x59, 0xe8
.byte 0x4b, 0x4b, 0x4b, 0x7e, 0x49, 0x49, 0x49, 0x15, 0x46, 0x46, 0x46, 0x11, 0x4a, 0x4a, 0x4a, 0x73
.byte 0x55, 0x55, 0x55, 0xe1, 0x82, 0x82, 0x82, 0xfd, 0xcd, 0xcd, 0xcd, 0xff, 0xf8, 0xf8, 0xf8, 0xff
.byte 0xfe, 0xfe, 0xfe, 0xff, 0xff, 0xff, 0xff, 0xff, 0xff, 0xff, 0xff, 0xff, 0xff, 0xff, 0xff, 0xff
.byte 0xff, 0xff, 0xff, 0xff, 0xff, 0xff, 0xff, 0xff, 0xff, 0xff, 0xff, 0xff, 0xff, 0xff, 0xff, 0xff
.byte 0xff, 0xff, 0xff, 0xff, 0xff, 0xff, 0xff, 0xff, 0xff, 0xff, 0xff, 0xff, 0xff, 0xff, 0xff, 0xff
.byte 0xff, 0xff, 0xff, 0xff, 0xff, 0xff, 0xff, 0xff, 0xff, 0xff, 0xff, 0xff, 0xff, 0xff, 0xff, 0xff
.byte 0xff, 0xff, 0xff, 0xff, 0xff, 0xff, 0xff, 0xff, 0xff, 0xff, 0xff, 0xff, 0xff, 0xff, 0xff, 0xff
.byte 0xff, 0xff, 0xff, 0xff, 0xff, 0xff, 0xff, 0xff, 0xff, 0xff, 0xff, 0xff, 0xff, 0xff, 0xff, 0xff
.byte 0xff, 0xff, 0xff, 0xff, 0xff, 0xff, 0xff, 0xff, 0xff, 0xff, 0xff, 0xff, 0xff, 0xff, 0xff, 0xff
.byte 0xff, 0xff, 0xff, 0xff, 0xff, 0xff, 0xff, 0xff, 0xff, 0xff, 0xff, 0xff, 0xff, 0xff, 0xff, 0xff
.byte 0xff, 0xff, 0xff, 0xff, 0xff, 0xff, 0xff, 0xff, 0xff, 0xff, 0xff, 0xff, 0xff, 0xff, 0xff, 0xff
.byte 0xff, 0xff, 0xff, 0xff, 0xff, 0xff, 0xff, 0xff, 0xff, 0xff, 0xff, 0xff, 0xff, 0xff, 0xff, 0xff
.byte 0xff, 0xff, 0xff, 0xff, 0xff, 0xff, 0xff, 0xff, 0xff, 0xff, 0xff, 0xff, 0xff, 0xff, 0xff, 0xff
.byte 0xff, 0xff, 0xff, 0xff, 0xff, 0xff, 0xff, 0xff, 0xff, 0xff, 0xff, 0xff, 0xff, 0xff, 0xff, 0xff
.byte 0xff, 0xff, 0xff, 0xff, 0xff, 0xff, 0xff, 0xff, 0xff, 0xff, 0xff, 0xff, 0xff, 0xff, 0xff, 0xff
.byte 0xff, 0xff, 0xff, 0xff, 0xff, 0xff, 0xff, 0xff, 0xff, 0xff, 0xff, 0xff, 0xff, 0xff, 0xff, 0xff
.byte 0xff, 0xff, 0xff, 0xff, 0xff, 0xff, 0xff, 0xff, 0xff, 0xff, 0xff, 0xff, 0xff, 0xff, 0xff, 0xff
.byte 0xff, 0xff, 0xff, 0xff, 0xff, 0xff, 0xff, 0xff, 0xff, 0xff, 0xff, 0xff, 0xff, 0xff, 0xff, 0xff
.byte 0xff, 0xff, 0xff, 0xff, 0xff, 0xff, 0xff, 0xff, 0xff, 0xff, 0xff, 0xff, 0xff, 0xff, 0xff, 0xff
.byte 0xff, 0xff, 0xff, 0xff, 0xff, 0xff, 0xff, 0xff, 0xff, 0xff, 0xff, 0xff, 0xff, 0xff, 0xff, 0xff
.byte 0xff, 0xff, 0xff, 0xff, 0xff, 0xff, 0xff, 0xff, 0xff, 0xff, 0xff, 0xff, 0xff, 0xff, 0xff, 0xff
.byte 0xff, 0xff, 0xff, 0xff, 0xff, 0xff, 0xff, 0xff, 0xff, 0xff, 0xff, 0xff, 0xff, 0xff, 0xff, 0xff
.byte 0xff, 0xff, 0xff, 0xff, 0xff, 0xff, 0xff, 0xff, 0xff, 0xff, 0xff, 0xff, 0xff, 0xff, 0xff, 0xff
.byte 0xff, 0xff, 0xff, 0xff, 0xff, 0xff, 0xff, 0xff, 0xff, 0xff, 0xff, 0xff, 0xff, 0xff, 0xff, 0xff
.byte 0xff, 0xff, 0xff, 0xff, 0xff, 0xff, 0xff, 0xff, 0xff, 0xff, 0xff, 0xff, 0xff, 0xff, 0xff, 0xff
.byte 0xff, 0xff, 0xff, 0xff, 0xff, 0xff, 0xff, 0xff, 0xff, 0xff, 0xff, 0xff, 0xff, 0xff, 0xff, 0xff
.byte 0xff, 0xff, 0xff, 0xff, 0xff, 0xff, 0xff, 0xff, 0xff, 0xff, 0xff, 0xff, 0xff, 0xff, 0xff, 0xff
.byte 0xff, 0xff, 0xff, 0xff, 0xff, 0xff, 0xff, 0xff, 0xff, 0xff, 0xff, 0xff, 0xff, 0xff, 0xff, 0xff
.byte 0xff, 0xff, 0xff, 0xff, 0xff, 0xff, 0xff, 0xff, 0xff, 0xff, 0xff, 0xff, 0xff, 0xff, 0xff, 0xff
.byte 0xff, 0xff, 0xff, 0xff, 0xff, 0xff, 0xff, 0xff, 0xff, 0xff, 0xff, 0xff, 0xff, 0xff, 0xff, 0xff
.byte 0xff, 0xff, 0xff, 0xff, 0xff, 0xff, 0xff, 0xff, 0xff, 0xff, 0xff, 0xff, 0xff, 0xff, 0xff, 0xff
.byte 0xf8, 0xf8, 0xf8, 0xff, 0xcd, 0xcd, 0xcd, 0xff, 0x82, 0x82, 0x82, 0xfe, 0x56, 0x56, 0x56, 0xe2
.byte 0x4a, 0x4a, 0x4a, 0x73, 0x4a, 0x4a, 0x4a, 0x12, 0x4b, 0x4b, 0x4b, 0x0c, 0x4b, 0x4b, 0x4b, 0x5d
.byte 0x51, 0x51, 0x51, 0xd3, 0x75, 0x75, 0x75, 0xfc, 0xbe, 0xbe, 0xbe, 0xff, 0xf3, 0xf3, 0xf3, 0xff
.byte 0xff, 0xff, 0xff, 0xff, 0xff, 0xff, 0xff, 0xff, 0xff, 0xff, 0xff, 0xff, 0xff, 0xff, 0xff, 0xff
.byte 0xff, 0xff, 0xff, 0xff, 0xff, 0xff, 0xff, 0xff, 0xff, 0xff, 0xff, 0xff, 0xff, 0xff, 0xff, 0xff
.byte 0xff, 0xff, 0xff, 0xff, 0xff, 0xff, 0xff, 0xff, 0xff, 0xff, 0xff, 0xff, 0xff, 0xff, 0xff, 0xff
.byte 0xff, 0xff, 0xff, 0xff, 0xff, 0xff, 0xff, 0xff, 0xff, 0xff, 0xff, 0xff, 0xff, 0xff, 0xff, 0xff
.byte 0xff, 0xff, 0xff, 0xff, 0xff, 0xff, 0xff, 0xff, 0xff, 0xff, 0xff, 0xff, 0xff, 0xff, 0xff, 0xff
.byte 0xff, 0xff, 0xff, 0xff, 0xff, 0xff, 0xff, 0xff, 0xff, 0xff, 0xff, 0xff, 0xff, 0xff, 0xff, 0xff
.byte 0xff, 0xff, 0xff, 0xff, 0xff, 0xff, 0xff, 0xff, 0xff, 0xff, 0xff, 0xff, 0xff, 0xff, 0xff, 0xff
.byte 0xff, 0xff, 0xff, 0xff, 0xff, 0xff, 0xff, 0xff, 0xff, 0xff, 0xff, 0xff, 0xff, 0xff, 0xff, 0xff
.byte 0xff, 0xff, 0xff, 0xff, 0xff, 0xff, 0xff, 0xff, 0xff, 0xff, 0xff, 0xff, 0xff, 0xff, 0xff, 0xff
.byte 0xff, 0xff, 0xff, 0xff, 0xff, 0xff, 0xff, 0xff, 0xff, 0xff, 0xff, 0xff, 0xff, 0xff, 0xff, 0xff
.byte 0xff, 0xff, 0xff, 0xff, 0xff, 0xff, 0xff, 0xff, 0xff, 0xff, 0xff, 0xff, 0xff, 0xff, 0xff, 0xff
.byte 0xff, 0xff, 0xff, 0xff, 0xff, 0xff, 0xff, 0xff, 0xff, 0xff, 0xff, 0xff, 0xff, 0xff, 0xff, 0xff
.byte 0xff, 0xff, 0xff, 0xff, 0xff, 0xff, 0xff, 0xff, 0xff, 0xff, 0xff, 0xff, 0xff, 0xff, 0xff, 0xff
.byte 0xff, 0xff, 0xff, 0xff, 0xff, 0xff, 0xff, 0xff, 0xff, 0xff, 0xff, 0xff, 0xff, 0xff, 0xff, 0xff
.byte 0xff, 0xff, 0xff, 0xff, 0xff, 0xff, 0xff, 0xff, 0xff, 0xff, 0xff, 0xff, 0xff, 0xff, 0xff, 0xff
.byte 0xff, 0xff, 0xff, 0xff, 0xff, 0xff, 0xff, 0xff, 0xff, 0xff, 0xff, 0xff, 0xff, 0xff, 0xff, 0xff
.byte 0xff, 0xff, 0xff, 0xff, 0xff, 0xff, 0xff, 0xff, 0xff, 0xff, 0xff, 0xff, 0xff, 0xff, 0xff, 0xff
.byte 0xff, 0xff, 0xff, 0xff, 0xff, 0xff, 0xff, 0xff, 0xff, 0xff, 0xff, 0xff, 0xff, 0xff, 0xff, 0xff
.byte 0xff, 0xff, 0xff, 0xff, 0xff, 0xff, 0xff, 0xff, 0xff, 0xff, 0xff, 0xff, 0xff, 0xff, 0xff, 0xff
.byte 0xff, 0xff, 0xff, 0xff, 0xff, 0xff, 0xff, 0xff, 0xff, 0xff, 0xff, 0xff, 0xff, 0xff, 0xff, 0xff
.byte 0xff, 0xff, 0xff, 0xff, 0xff, 0xff, 0xff, 0xff, 0xff, 0xff, 0xff, 0xff, 0xff, 0xff, 0xff, 0xff
.byte 0xff, 0xff, 0xff, 0xff, 0xff, 0xff, 0xff, 0xff, 0xff, 0xff, 0xff, 0xff, 0xff, 0xff, 0xff, 0xff
.byte 0xff, 0xff, 0xff, 0xff, 0xff, 0xff, 0xff, 0xff, 0xff, 0xff, 0xff, 0xff, 0xff, 0xff, 0xff, 0xff
.byte 0xff, 0xff, 0xff, 0xff, 0xff, 0xff, 0xff, 0xff, 0xff, 0xff, 0xff, 0xff, 0xff, 0xff, 0xff, 0xff
.byte 0xff, 0xff, 0xff, 0xff, 0xff, 0xff, 0xff, 0xff, 0xff, 0xff, 0xff, 0xff, 0xff, 0xff, 0xff, 0xff
.byte 0xff, 0xff, 0xff, 0xff, 0xff, 0xff, 0xff, 0xff, 0xff, 0xff, 0xff, 0xff, 0xff, 0xff, 0xff, 0xff
.byte 0xff, 0xff, 0xff, 0xff, 0xff, 0xff, 0xff, 0xff, 0xff, 0xff, 0xff, 0xff, 0xff, 0xff, 0xff, 0xff
.byte 0xff, 0xff, 0xff, 0xff, 0xff, 0xff, 0xff, 0xff, 0xff, 0xff, 0xff, 0xff, 0xff, 0xff, 0xff, 0xff
.byte 0xff, 0xff, 0xff, 0xff, 0xff, 0xff, 0xff, 0xff, 0xff, 0xff, 0xff, 0xff, 0xfe, 0xfe, 0xfe, 0xff
.byte 0xf3, 0xf3, 0xf3, 0xff, 0xbe, 0xbe, 0xbe, 0xff, 0x76, 0x76, 0x76, 0xfc, 0x51, 0x51, 0x51, 0xd3
.byte 0x4b, 0x4b, 0x4b, 0x5c, 0x4f, 0x4f, 0x4f, 0x0c, 0x00, 0x00, 0x00, 0x07, 0x4a, 0x4a, 0x4a, 0x45
.byte 0x4e, 0x4e, 0x4e, 0xc2, 0x69, 0x69, 0x69, 0xfa, 0xa9, 0xa9, 0xa9, 0xff, 0xe9, 0xe9, 0xe9, 0xff
.byte 0xfd, 0xfd, 0xfd, 0xff, 0xff, 0xff, 0xff, 0xff, 0xff, 0xff, 0xff, 0xff, 0xff, 0xff, 0xff, 0xff
.byte 0xff, 0xff, 0xff, 0xff, 0xff, 0xff, 0xff, 0xff, 0xff, 0xff, 0xff, 0xff, 0xff, 0xff, 0xff, 0xff
.byte 0xff, 0xff, 0xff, 0xff, 0xff, 0xff, 0xff, 0xff, 0xff, 0xff, 0xff, 0xff, 0xff, 0xff, 0xff, 0xff
.byte 0xff, 0xff, 0xff, 0xff, 0xff, 0xff, 0xff, 0xff, 0xff, 0xff, 0xff, 0xff, 0xff, 0xff, 0xff, 0xff
.byte 0xff, 0xff, 0xff, 0xff, 0xff, 0xff, 0xff, 0xff, 0xff, 0xff, 0xff, 0xff, 0xff, 0xff, 0xff, 0xff
.byte 0xff, 0xff, 0xff, 0xff, 0xff, 0xff, 0xff, 0xff, 0xff, 0xff, 0xff, 0xff, 0xff, 0xff, 0xff, 0xff
.byte 0xff, 0xff, 0xff, 0xff, 0xff, 0xff, 0xff, 0xff, 0xff, 0xff, 0xff, 0xff, 0xff, 0xff, 0xff, 0xff
.byte 0xff, 0xff, 0xff, 0xff, 0xff, 0xff, 0xff, 0xff, 0xff, 0xff, 0xff, 0xff, 0xff, 0xff, 0xff, 0xff
.byte 0xff, 0xff, 0xff, 0xff, 0xff, 0xff, 0xff, 0xff, 0xff, 0xff, 0xff, 0xff, 0xff, 0xff, 0xff, 0xff
.byte 0xff, 0xff, 0xff, 0xff, 0xff, 0xff, 0xff, 0xff, 0xff, 0xff, 0xff, 0xff, 0xff, 0xff, 0xff, 0xff
.byte 0xff, 0xff, 0xff, 0xff, 0xff, 0xff, 0xff, 0xff, 0xff, 0xff, 0xff, 0xff, 0xff, 0xff, 0xff, 0xff
.byte 0xff, 0xff, 0xff, 0xff, 0xff, 0xff, 0xff, 0xff, 0xff, 0xff, 0xff, 0xff, 0xff, 0xff, 0xff, 0xff
.byte 0xff, 0xff, 0xff, 0xff, 0xff, 0xff, 0xff, 0xff, 0xff, 0xff, 0xff, 0xff, 0xff, 0xff, 0xff, 0xff
.byte 0xff, 0xff, 0xff, 0xff, 0xff, 0xff, 0xff, 0xff, 0xff, 0xff, 0xff, 0xff, 0xff, 0xff, 0xff, 0xff
.byte 0xff, 0xff, 0xff, 0xff, 0xff, 0xff, 0xff, 0xff, 0xff, 0xff, 0xff, 0xff, 0xff, 0xff, 0xff, 0xff
.byte 0xff, 0xff, 0xff, 0xff, 0xff, 0xff, 0xff, 0xff, 0xff, 0xff, 0xff, 0xff, 0xff, 0xff, 0xff, 0xff
.byte 0xff, 0xff, 0xff, 0xff, 0xff, 0xff, 0xff, 0xff, 0xff, 0xff, 0xff, 0xff, 0xff, 0xff, 0xff, 0xff
.byte 0xff, 0xff, 0xff, 0xff, 0xff, 0xff, 0xff, 0xff, 0xff, 0xff, 0xff, 0xff, 0xff, 0xff, 0xff, 0xff
.byte 0xff, 0xff, 0xff, 0xff, 0xff, 0xff, 0xff, 0xff, 0xff, 0xff, 0xff, 0xff, 0xff, 0xff, 0xff, 0xff
.byte 0xff, 0xff, 0xff, 0xff, 0xff, 0xff, 0xff, 0xff, 0xff, 0xff, 0xff, 0xff, 0xff, 0xff, 0xff, 0xff
.byte 0xff, 0xff, 0xff, 0xff, 0xff, 0xff, 0xff, 0xff, 0xff, 0xff, 0xff, 0xff, 0xff, 0xff, 0xff, 0xff
.byte 0xff, 0xff, 0xff, 0xff, 0xff, 0xff, 0xff, 0xff, 0xff, 0xff, 0xff, 0xff, 0xff, 0xff, 0xff, 0xff
.byte 0xff, 0xff, 0xff, 0xff, 0xff, 0xff, 0xff, 0xff, 0xff, 0xff, 0xff, 0xff, 0xff, 0xff, 0xff, 0xff
.byte 0xff, 0xff, 0xff, 0xff, 0xff, 0xff, 0xff, 0xff, 0xff, 0xff, 0xff, 0xff, 0xff, 0xff, 0xff, 0xff
.byte 0xff, 0xff, 0xff, 0xff, 0xff, 0xff, 0xff, 0xff, 0xff, 0xff, 0xff, 0xff, 0xff, 0xff, 0xff, 0xff
.byte 0xff, 0xff, 0xff, 0xff, 0xff, 0xff, 0xff, 0xff, 0xff, 0xff, 0xff, 0xff, 0xff, 0xff, 0xff, 0xff
.byte 0xff, 0xff, 0xff, 0xff, 0xff, 0xff, 0xff, 0xff, 0xff, 0xff, 0xff, 0xff, 0xff, 0xff, 0xff, 0xff
.byte 0xff, 0xff, 0xff, 0xff, 0xff, 0xff, 0xff, 0xff, 0xff, 0xff, 0xff, 0xff, 0xff, 0xff, 0xff, 0xff
.byte 0xff, 0xff, 0xff, 0xff, 0xff, 0xff, 0xff, 0xff, 0xff, 0xff, 0xff, 0xff, 0xfd, 0xfd, 0xfd, 0xff
.byte 0xe9, 0xe9, 0xe9, 0xff, 0xa9, 0xa9, 0xa9, 0xff, 0x6a, 0x6a, 0x6a, 0xf9, 0x4e, 0x4e, 0x4e, 0xc3
.byte 0x49, 0x49, 0x49, 0x45, 0x00, 0x00, 0x00, 0x07, 0x00, 0x00, 0x00, 0x03, 0x48, 0x48, 0x48, 0x30
.byte 0x4c, 0x4c, 0x4c, 0xa8, 0x5c, 0x5c, 0x5c, 0xf3, 0x8f, 0x8f, 0x8f, 0xfe, 0xd4, 0xd4, 0xd4, 0xff
.byte 0xf9, 0xf9, 0xf9, 0xff, 0xff, 0xff, 0xff, 0xff, 0xff, 0xff, 0xff, 0xff, 0xff, 0xff, 0xff, 0xff
.byte 0xff, 0xff, 0xff, 0xff, 0xff, 0xff, 0xff, 0xff, 0xff, 0xff, 0xff, 0xff, 0xff, 0xff, 0xff, 0xff
.byte 0xff, 0xff, 0xff, 0xff, 0xff, 0xff, 0xff, 0xff, 0xff, 0xff, 0xff, 0xff, 0xff, 0xff, 0xff, 0xff
.byte 0xff, 0xff, 0xff, 0xff, 0xff, 0xff, 0xff, 0xff, 0xff, 0xff, 0xff, 0xff, 0xff, 0xff, 0xff, 0xff
.byte 0xff, 0xff, 0xff, 0xff, 0xff, 0xff, 0xff, 0xff, 0xff, 0xff, 0xff, 0xff, 0xff, 0xff, 0xff, 0xff
.byte 0xff, 0xff, 0xff, 0xff, 0xff, 0xff, 0xff, 0xff, 0xff, 0xff, 0xff, 0xff, 0xff, 0xff, 0xff, 0xff
.byte 0xff, 0xff, 0xff, 0xff, 0xff, 0xff, 0xff, 0xff, 0xff, 0xff, 0xff, 0xff, 0xff, 0xff, 0xff, 0xff
.byte 0xff, 0xff, 0xff, 0xff, 0xff, 0xff, 0xff, 0xff, 0xff, 0xff, 0xff, 0xff, 0xff, 0xff, 0xff, 0xff
.byte 0xff, 0xff, 0xff, 0xff, 0xff, 0xff, 0xff, 0xff, 0xff, 0xff, 0xff, 0xff, 0xff, 0xff, 0xff, 0xff
.byte 0xff, 0xff, 0xff, 0xff, 0xff, 0xff, 0xff, 0xff, 0xff, 0xff, 0xff, 0xff, 0xff, 0xff, 0xff, 0xff
.byte 0xff, 0xff, 0xff, 0xff, 0xff, 0xff, 0xff, 0xff, 0xff, 0xff, 0xff, 0xff, 0xff, 0xff, 0xff, 0xff
.byte 0xff, 0xff, 0xff, 0xff, 0xff, 0xff, 0xff, 0xff, 0xff, 0xff, 0xff, 0xff, 0xff, 0xff, 0xff, 0xff
.byte 0xff, 0xff, 0xff, 0xff, 0xff, 0xff, 0xff, 0xff, 0xff, 0xff, 0xff, 0xff, 0xff, 0xff, 0xff, 0xff
.byte 0xff, 0xff, 0xff, 0xff, 0xff, 0xff, 0xff, 0xff, 0xff, 0xff, 0xff, 0xff, 0xff, 0xff, 0xff, 0xff
.byte 0xff, 0xff, 0xff, 0xff, 0xff, 0xff, 0xff, 0xff, 0xff, 0xff, 0xff, 0xff, 0xff, 0xff, 0xff, 0xff
.byte 0xff, 0xff, 0xff, 0xff, 0xff, 0xff, 0xff, 0xff, 0xff, 0xff, 0xff, 0xff, 0xff, 0xff, 0xff, 0xff
.byte 0xff, 0xff, 0xff, 0xff, 0xff, 0xff, 0xff, 0xff, 0xff, 0xff, 0xff, 0xff, 0xff, 0xff, 0xff, 0xff
.byte 0xff, 0xff, 0xff, 0xff, 0xff, 0xff, 0xff, 0xff, 0xff, 0xff, 0xff, 0xff, 0xff, 0xff, 0xff, 0xff
.byte 0xff, 0xff, 0xff, 0xff, 0xff, 0xff, 0xff, 0xff, 0xff, 0xff, 0xff, 0xff, 0xff, 0xff, 0xff, 0xff
.byte 0xff, 0xff, 0xff, 0xff, 0xff, 0xff, 0xff, 0xff, 0xff, 0xff, 0xff, 0xff, 0xff, 0xff, 0xff, 0xff
.byte 0xff, 0xff, 0xff, 0xff, 0xff, 0xff, 0xff, 0xff, 0xff, 0xff, 0xff, 0xff, 0xff, 0xff, 0xff, 0xff
.byte 0xff, 0xff, 0xff, 0xff, 0xff, 0xff, 0xff, 0xff, 0xff, 0xff, 0xff, 0xff, 0xff, 0xff, 0xff, 0xff
.byte 0xff, 0xff, 0xff, 0xff, 0xff, 0xff, 0xff, 0xff, 0xff, 0xff, 0xff, 0xff, 0xff, 0xff, 0xff, 0xff
.byte 0xff, 0xff, 0xff, 0xff, 0xff, 0xff, 0xff, 0xff, 0xff, 0xff, 0xff, 0xff, 0xff, 0xff, 0xff, 0xff
.byte 0xff, 0xff, 0xff, 0xff, 0xff, 0xff, 0xff, 0xff, 0xff, 0xff, 0xff, 0xff, 0xff, 0xff, 0xff, 0xff
.byte 0xff, 0xff, 0xff, 0xff, 0xff, 0xff, 0xff, 0xff, 0xff, 0xff, 0xff, 0xff, 0xff, 0xff, 0xff, 0xff
.byte 0xff, 0xff, 0xff, 0xff, 0xff, 0xff, 0xff, 0xff, 0xff, 0xff, 0xff, 0xff, 0xff, 0xff, 0xff, 0xff
.byte 0xff, 0xff, 0xff, 0xff, 0xff, 0xff, 0xff, 0xff, 0xff, 0xff, 0xff, 0xff, 0xff, 0xff, 0xff, 0xff
.byte 0xff, 0xff, 0xff, 0xff, 0xff, 0xff, 0xff, 0xff, 0xff, 0xff, 0xff, 0xff, 0xf9, 0xf9, 0xf9, 0xff
.byte 0xd4, 0xd4, 0xd4, 0xff, 0x8e, 0x8e, 0x8e, 0xff, 0x5c, 0x5c, 0x5c, 0xf4, 0x4b, 0x4b, 0x4b, 0xa8
.byte 0x4b, 0x4b, 0x4b, 0x30, 0x00, 0x00, 0x00, 0x04, 0x00, 0x00, 0x00, 0x01, 0x48, 0x48, 0x48, 0x19
.byte 0x4a, 0x4a, 0x4a, 0x7c, 0x51, 0x51, 0x51, 0xe2, 0x73, 0x73, 0x73, 0xfd, 0xb2, 0xb2, 0xb2, 0xff
.byte 0xea, 0xea, 0xea, 0xff, 0xfd, 0xfd, 0xfd, 0xff, 0xff, 0xff, 0xff, 0xff, 0xff, 0xff, 0xff, 0xff
.byte 0xff, 0xff, 0xff, 0xff, 0xff, 0xff, 0xff, 0xff, 0xff, 0xff, 0xff, 0xff, 0xff, 0xff, 0xff, 0xff
.byte 0xff, 0xff, 0xff, 0xff, 0xff, 0xff, 0xff, 0xff, 0xff, 0xff, 0xff, 0xff, 0xff, 0xff, 0xff, 0xff
.byte 0xff, 0xff, 0xff, 0xff, 0xff, 0xff, 0xff, 0xff, 0xff, 0xff, 0xff, 0xff, 0xff, 0xff, 0xff, 0xff
.byte 0xff, 0xff, 0xff, 0xff, 0xff, 0xff, 0xff, 0xff, 0xff, 0xff, 0xff, 0xff, 0xff, 0xff, 0xff, 0xff
.byte 0xff, 0xff, 0xff, 0xff, 0xff, 0xff, 0xff, 0xff, 0xff, 0xff, 0xff, 0xff, 0xff, 0xff, 0xff, 0xff
.byte 0xff, 0xff, 0xff, 0xff, 0xff, 0xff, 0xff, 0xff, 0xff, 0xff, 0xff, 0xff, 0xff, 0xff, 0xff, 0xff
.byte 0xff, 0xff, 0xff, 0xff, 0xff, 0xff, 0xff, 0xff, 0xff, 0xff, 0xff, 0xff, 0xff, 0xff, 0xff, 0xff
.byte 0xff, 0xff, 0xff, 0xff, 0xff, 0xff, 0xff, 0xff, 0xff, 0xff, 0xff, 0xff, 0xff, 0xff, 0xff, 0xff
.byte 0xff, 0xff, 0xff, 0xff, 0xff, 0xff, 0xff, 0xff, 0xff, 0xff, 0xff, 0xff, 0xff, 0xff, 0xff, 0xff
.byte 0xff, 0xff, 0xff, 0xff, 0xff, 0xff, 0xff, 0xff, 0xff, 0xff, 0xff, 0xff, 0xff, 0xff, 0xff, 0xff
.byte 0xff, 0xff, 0xff, 0xff, 0xff, 0xff, 0xff, 0xff, 0xff, 0xff, 0xff, 0xff, 0xff, 0xff, 0xff, 0xff
.byte 0xff, 0xff, 0xff, 0xff, 0xff, 0xff, 0xff, 0xff, 0xff, 0xff, 0xff, 0xff, 0xff, 0xff, 0xff, 0xff
.byte 0xff, 0xff, 0xff, 0xff, 0xff, 0xff, 0xff, 0xff, 0xff, 0xff, 0xff, 0xff, 0xff, 0xff, 0xff, 0xff
.byte 0xff, 0xff, 0xff, 0xff, 0xff, 0xff, 0xff, 0xff, 0xff, 0xff, 0xff, 0xff, 0xff, 0xff, 0xff, 0xff
.byte 0xff, 0xff, 0xff, 0xff, 0xff, 0xff, 0xff, 0xff, 0xff, 0xff, 0xff, 0xff, 0xff, 0xff, 0xff, 0xff
.byte 0xff, 0xff, 0xff, 0xff, 0xff, 0xff, 0xff, 0xff, 0xff, 0xff, 0xff, 0xff, 0xff, 0xff, 0xff, 0xff
.byte 0xff, 0xff, 0xff, 0xff, 0xff, 0xff, 0xff, 0xff, 0xff, 0xff, 0xff, 0xff, 0xff, 0xff, 0xff, 0xff
.byte 0xff, 0xff, 0xff, 0xff, 0xff, 0xff, 0xff, 0xff, 0xff, 0xff, 0xff, 0xff, 0xff, 0xff, 0xff, 0xff
.byte 0xff, 0xff, 0xff, 0xff, 0xff, 0xff, 0xff, 0xff, 0xff, 0xff, 0xff, 0xff, 0xff, 0xff, 0xff, 0xff
.byte 0xff, 0xff, 0xff, 0xff, 0xff, 0xff, 0xff, 0xff, 0xff, 0xff, 0xff, 0xff, 0xff, 0xff, 0xff, 0xff
.byte 0xff, 0xff, 0xff, 0xff, 0xff, 0xff, 0xff, 0xff, 0xff, 0xff, 0xff, 0xff, 0xff, 0xff, 0xff, 0xff
.byte 0xff, 0xff, 0xff, 0xff, 0xff, 0xff, 0xff, 0xff, 0xff, 0xff, 0xff, 0xff, 0xff, 0xff, 0xff, 0xff
.byte 0xff, 0xff, 0xff, 0xff, 0xff, 0xff, 0xff, 0xff, 0xff, 0xff, 0xff, 0xff, 0xff, 0xff, 0xff, 0xff
.byte 0xff, 0xff, 0xff, 0xff, 0xff, 0xff, 0xff, 0xff, 0xff, 0xff, 0xff, 0xff, 0xff, 0xff, 0xff, 0xff
.byte 0xff, 0xff, 0xff, 0xff, 0xff, 0xff, 0xff, 0xff, 0xff, 0xff, 0xff, 0xff, 0xff, 0xff, 0xff, 0xff
.byte 0xff, 0xff, 0xff, 0xff, 0xff, 0xff, 0xff, 0xff, 0xff, 0xff, 0xff, 0xff, 0xff, 0xff, 0xff, 0xff
.byte 0xff, 0xff, 0xff, 0xff, 0xff, 0xff, 0xff, 0xff, 0xff, 0xff, 0xff, 0xff, 0xff, 0xff, 0xff, 0xff
.byte 0xff, 0xff, 0xff, 0xff, 0xff, 0xff, 0xff, 0xff, 0xfc, 0xfc, 0xfc, 0xff, 0xeb, 0xeb, 0xeb, 0xff
.byte 0xb3, 0xb3, 0xb3, 0xff, 0x73, 0x73, 0x73, 0xfd, 0x52, 0x52, 0x52, 0xe3, 0x4b, 0x4b, 0x4b, 0x7c
.byte 0x45, 0x45, 0x45, 0x1a, 0x00, 0x00, 0x00, 0x01, 0x00, 0x00, 0x00, 0x00, 0x00, 0x00, 0x00, 0x09
.byte 0x48, 0x48, 0x48, 0x49, 0x4c, 0x4c, 0x4c, 0xbc, 0x5d, 0x5d, 0x5d, 0xf6, 0x8c, 0x8c, 0x8c, 0xfe
.byte 0xcb, 0xcb, 0xcb, 0xff, 0xf3, 0xf3, 0xf3, 0xff, 0xfe, 0xfe, 0xfe, 0xff, 0xff, 0xff, 0xff, 0xff
.byte 0xff, 0xff, 0xff, 0xff, 0xff, 0xff, 0xff, 0xff, 0xff, 0xff, 0xff, 0xff, 0xff, 0xff, 0xff, 0xff
.byte 0xff, 0xff, 0xff, 0xff, 0xff, 0xff, 0xff, 0xff, 0xff, 0xff, 0xff, 0xff, 0xff, 0xff, 0xff, 0xff
.byte 0xff, 0xff, 0xff, 0xff, 0xff, 0xff, 0xff, 0xff, 0xff, 0xff, 0xff, 0xff, 0xff, 0xff, 0xff, 0xff
.byte 0xff, 0xff, 0xff, 0xff, 0xff, 0xff, 0xff, 0xff, 0xff, 0xff, 0xff, 0xff, 0xff, 0xff, 0xff, 0xff
.byte 0xff, 0xff, 0xff, 0xff, 0xff, 0xff, 0xff, 0xff, 0xff, 0xff, 0xff, 0xff, 0xff, 0xff, 0xff, 0xff
.byte 0xff, 0xff, 0xff, 0xff, 0xff, 0xff, 0xff, 0xff, 0xff, 0xff, 0xff, 0xff, 0xff, 0xff, 0xff, 0xff
.byte 0xff, 0xff, 0xff, 0xff, 0xff, 0xff, 0xff, 0xff, 0xff, 0xff, 0xff, 0xff, 0xff, 0xff, 0xff, 0xff
.byte 0xff, 0xff, 0xff, 0xff, 0xff, 0xff, 0xff, 0xff, 0xff, 0xff, 0xff, 0xff, 0xff, 0xff, 0xff, 0xff
.byte 0xff, 0xff, 0xff, 0xff, 0xff, 0xff, 0xff, 0xff, 0xff, 0xff, 0xff, 0xff, 0xff, 0xff, 0xff, 0xff
.byte 0xff, 0xff, 0xff, 0xff, 0xff, 0xff, 0xff, 0xff, 0xff, 0xff, 0xff, 0xff, 0xff, 0xff, 0xff, 0xff
.byte 0xff, 0xff, 0xff, 0xff, 0xff, 0xff, 0xff, 0xff, 0xff, 0xff, 0xff, 0xff, 0xff, 0xff, 0xff, 0xff
.byte 0xff, 0xff, 0xff, 0xff, 0xff, 0xff, 0xff, 0xff, 0xff, 0xff, 0xff, 0xff, 0xff, 0xff, 0xff, 0xff
.byte 0xff, 0xff, 0xff, 0xff, 0xff, 0xff, 0xff, 0xff, 0xff, 0xff, 0xff, 0xff, 0xff, 0xff, 0xff, 0xff
.byte 0xff, 0xff, 0xff, 0xff, 0xff, 0xff, 0xff, 0xff, 0xff, 0xff, 0xff, 0xff, 0xff, 0xff, 0xff, 0xff
.byte 0xff, 0xff, 0xff, 0xff, 0xff, 0xff, 0xff, 0xff, 0xff, 0xff, 0xff, 0xff, 0xff, 0xff, 0xff, 0xff
.byte 0xff, 0xff, 0xff, 0xff, 0xff, 0xff, 0xff, 0xff, 0xff, 0xff, 0xff, 0xff, 0xff, 0xff, 0xff, 0xff
.byte 0xff, 0xff, 0xff, 0xff, 0xff, 0xff, 0xff, 0xff, 0xff, 0xff, 0xff, 0xff, 0xff, 0xff, 0xff, 0xff
.byte 0xff, 0xff, 0xff, 0xff, 0xff, 0xff, 0xff, 0xff, 0xff, 0xff, 0xff, 0xff, 0xff, 0xff, 0xff, 0xff
.byte 0xff, 0xff, 0xff, 0xff, 0xff, 0xff, 0xff, 0xff, 0xff, 0xff, 0xff, 0xff, 0xff, 0xff, 0xff, 0xff
.byte 0xff, 0xff, 0xff, 0xff, 0xff, 0xff, 0xff, 0xff, 0xff, 0xff, 0xff, 0xff, 0xff, 0xff, 0xff, 0xff
.byte 0xff, 0xff, 0xff, 0xff, 0xff, 0xff, 0xff, 0xff, 0xff, 0xff, 0xff, 0xff, 0xff, 0xff, 0xff, 0xff
.byte 0xff, 0xff, 0xff, 0xff, 0xff, 0xff, 0xff, 0xff, 0xff, 0xff, 0xff, 0xff, 0xff, 0xff, 0xff, 0xff
.byte 0xff, 0xff, 0xff, 0xff, 0xff, 0xff, 0xff, 0xff, 0xff, 0xff, 0xff, 0xff, 0xff, 0xff, 0xff, 0xff
.byte 0xff, 0xff, 0xff, 0xff, 0xff, 0xff, 0xff, 0xff, 0xff, 0xff, 0xff, 0xff, 0xff, 0xff, 0xff, 0xff
.byte 0xff, 0xff, 0xff, 0xff, 0xff, 0xff, 0xff, 0xff, 0xff, 0xff, 0xff, 0xff, 0xff, 0xff, 0xff, 0xff
.byte 0xff, 0xff, 0xff, 0xff, 0xff, 0xff, 0xff, 0xff, 0xff, 0xff, 0xff, 0xff, 0xff, 0xff, 0xff, 0xff
.byte 0xff, 0xff, 0xff, 0xff, 0xff, 0xff, 0xff, 0xff, 0xff, 0xff, 0xff, 0xff, 0xff, 0xff, 0xff, 0xff
.byte 0xff, 0xff, 0xff, 0xff, 0xfe, 0xfe, 0xfe, 0xff, 0xf3, 0xf3, 0xf3, 0xff, 0xcc, 0xcc, 0xcc, 0xff
.byte 0x8b, 0x8b, 0x8b, 0xff, 0x5d, 0x5d, 0x5d, 0xf6, 0x4d, 0x4d, 0x4d, 0xbc, 0x47, 0x47, 0x47, 0x49
.byte 0x54, 0x54, 0x54, 0x0a, 0x00, 0x00, 0x00, 0x00, 0x00, 0x00, 0x00, 0x00, 0x00, 0x00, 0x00, 0x02
.byte 0x4a, 0x4a, 0x4a, 0x1e, 0x4a, 0x4a, 0x4a, 0x7d, 0x50, 0x50, 0x50, 0xdc, 0x68, 0x68, 0x68, 0xfb
.byte 0x9b, 0x9b, 0x9b, 0xff, 0xd5, 0xd5, 0xd5, 0xff, 0xf5, 0xf5, 0xf5, 0xff, 0xfe, 0xfe, 0xfe, 0xff
.byte 0xff, 0xff, 0xff, 0xff, 0xff, 0xff, 0xff, 0xff, 0xff, 0xff, 0xff, 0xff, 0xff, 0xff, 0xff, 0xff
.byte 0xff, 0xff, 0xff, 0xff, 0xff, 0xff, 0xff, 0xff, 0xff, 0xff, 0xff, 0xff, 0xff, 0xff, 0xff, 0xff
.byte 0xff, 0xff, 0xff, 0xff, 0xff, 0xff, 0xff, 0xff, 0xff, 0xff, 0xff, 0xff, 0xff, 0xff, 0xff, 0xff
.byte 0xff, 0xff, 0xff, 0xff, 0xff, 0xff, 0xff, 0xff, 0xff, 0xff, 0xff, 0xff, 0xff, 0xff, 0xff, 0xff
.byte 0xff, 0xff, 0xff, 0xff, 0xff, 0xff, 0xff, 0xff, 0xff, 0xff, 0xff, 0xff, 0xff, 0xff, 0xff, 0xff
.byte 0xff, 0xff, 0xff, 0xff, 0xff, 0xff, 0xff, 0xff, 0xff, 0xff, 0xff, 0xff, 0xff, 0xff, 0xff, 0xff
.byte 0xff, 0xff, 0xff, 0xff, 0xff, 0xff, 0xff, 0xff, 0xff, 0xff, 0xff, 0xff, 0xff, 0xff, 0xff, 0xff
.byte 0xff, 0xff, 0xff, 0xff, 0xff, 0xff, 0xff, 0xff, 0xff, 0xff, 0xff, 0xff, 0xff, 0xff, 0xff, 0xff
.byte 0xff, 0xff, 0xff, 0xff, 0xff, 0xff, 0xff, 0xff, 0xff, 0xff, 0xff, 0xff, 0xff, 0xff, 0xff, 0xff
.byte 0xff, 0xff, 0xff, 0xff, 0xff, 0xff, 0xff, 0xff, 0xff, 0xff, 0xff, 0xff, 0xff, 0xff, 0xff, 0xff
.byte 0xff, 0xff, 0xff, 0xff, 0xff, 0xff, 0xff, 0xff, 0xff, 0xff, 0xff, 0xff, 0xff, 0xff, 0xff, 0xff
.byte 0xff, 0xff, 0xff, 0xff, 0xff, 0xff, 0xff, 0xff, 0xff, 0xff, 0xff, 0xff, 0xff, 0xff, 0xff, 0xff
.byte 0xff, 0xff, 0xff, 0xff, 0xff, 0xff, 0xff, 0xff, 0xff, 0xff, 0xff, 0xff, 0xff, 0xff, 0xff, 0xff
.byte 0xff, 0xff, 0xff, 0xff, 0xff, 0xff, 0xff, 0xff, 0xff, 0xff, 0xff, 0xff, 0xff, 0xff, 0xff, 0xff
.byte 0xff, 0xff, 0xff, 0xff, 0xff, 0xff, 0xff, 0xff, 0xff, 0xff, 0xff, 0xff, 0xff, 0xff, 0xff, 0xff
.byte 0xff, 0xff, 0xff, 0xff, 0xff, 0xff, 0xff, 0xff, 0xff, 0xff, 0xff, 0xff, 0xff, 0xff, 0xff, 0xff
.byte 0xff, 0xff, 0xff, 0xff, 0xff, 0xff, 0xff, 0xff, 0xff, 0xff, 0xff, 0xff, 0xff, 0xff, 0xff, 0xff
.byte 0xff, 0xff, 0xff, 0xff, 0xff, 0xff, 0xff, 0xff, 0xff, 0xff, 0xff, 0xff, 0xff, 0xff, 0xff, 0xff
.byte 0xff, 0xff, 0xff, 0xff, 0xff, 0xff, 0xff, 0xff, 0xff, 0xff, 0xff, 0xff, 0xff, 0xff, 0xff, 0xff
.byte 0xff, 0xff, 0xff, 0xff, 0xff, 0xff, 0xff, 0xff, 0xff, 0xff, 0xff, 0xff, 0xff, 0xff, 0xff, 0xff
.byte 0xff, 0xff, 0xff, 0xff, 0xff, 0xff, 0xff, 0xff, 0xff, 0xff, 0xff, 0xff, 0xff, 0xff, 0xff, 0xff
.byte 0xff, 0xff, 0xff, 0xff, 0xff, 0xff, 0xff, 0xff, 0xff, 0xff, 0xff, 0xff, 0xff, 0xff, 0xff, 0xff
.byte 0xff, 0xff, 0xff, 0xff, 0xff, 0xff, 0xff, 0xff, 0xff, 0xff, 0xff, 0xff, 0xff, 0xff, 0xff, 0xff
.byte 0xff, 0xff, 0xff, 0xff, 0xff, 0xff, 0xff, 0xff, 0xff, 0xff, 0xff, 0xff, 0xff, 0xff, 0xff, 0xff
.byte 0xff, 0xff, 0xff, 0xff, 0xff, 0xff, 0xff, 0xff, 0xff, 0xff, 0xff, 0xff, 0xff, 0xff, 0xff, 0xff
.byte 0xff, 0xff, 0xff, 0xff, 0xff, 0xff, 0xff, 0xff, 0xff, 0xff, 0xff, 0xff, 0xff, 0xff, 0xff, 0xff
.byte 0xff, 0xff, 0xff, 0xff, 0xff, 0xff, 0xff, 0xff, 0xff, 0xff, 0xff, 0xff, 0xff, 0xff, 0xff, 0xff
.byte 0xfe, 0xfe, 0xfe, 0xff, 0xf5, 0xf5, 0xf5, 0xff, 0xd4, 0xd4, 0xd4, 0xff, 0x9c, 0x9c, 0x9c, 0xff
.byte 0x68, 0x68, 0x68, 0xfb, 0x50, 0x50, 0x50, 0xdc, 0x4a, 0x4a, 0x4a, 0x7d, 0x4a, 0x4a, 0x4a, 0x1e
.byte 0x00, 0x00, 0x00, 0x03, 0x00, 0x00, 0x00, 0x00, 0x00, 0x00, 0x00, 0x00, 0x00, 0x00, 0x00, 0x00
.byte 0x00, 0x00, 0x00, 0x07, 0x48, 0x48, 0x48, 0x38, 0x4a, 0x4a, 0x4a, 0x9b, 0x53, 0x53, 0x53, 0xe5
.byte 0x6e, 0x6e, 0x6e, 0xfc, 0xa1, 0xa1, 0xa1, 0xff, 0xd5, 0xd5, 0xd5, 0xff, 0xf3, 0xf3, 0xf3, 0xff
.byte 0xfc, 0xfc, 0xfc, 0xff, 0xff, 0xff, 0xff, 0xff, 0xff, 0xff, 0xff, 0xff, 0xff, 0xff, 0xff, 0xff
.byte 0xff, 0xff, 0xff, 0xff, 0xff, 0xff, 0xff, 0xff, 0xff, 0xff, 0xff, 0xff, 0xff, 0xff, 0xff, 0xff
.byte 0xff, 0xff, 0xff, 0xff, 0xff, 0xff, 0xff, 0xff, 0xff, 0xff, 0xff, 0xff, 0xff, 0xff, 0xff, 0xff
.byte 0xff, 0xff, 0xff, 0xff, 0xff, 0xff, 0xff, 0xff, 0xff, 0xff, 0xff, 0xff, 0xff, 0xff, 0xff, 0xff
.byte 0xff, 0xff, 0xff, 0xff, 0xff, 0xff, 0xff, 0xff, 0xff, 0xff, 0xff, 0xff, 0xff, 0xff, 0xff, 0xff
.byte 0xff, 0xff, 0xff, 0xff, 0xff, 0xff, 0xff, 0xff, 0xff, 0xff, 0xff, 0xff, 0xff, 0xff, 0xff, 0xff
.byte 0xff, 0xff, 0xff, 0xff, 0xff, 0xff, 0xff, 0xff, 0xff, 0xff, 0xff, 0xff, 0xff, 0xff, 0xff, 0xff
.byte 0xff, 0xff, 0xff, 0xff, 0xff, 0xff, 0xff, 0xff, 0xff, 0xff, 0xff, 0xff, 0xff, 0xff, 0xff, 0xff
.byte 0xff, 0xff, 0xff, 0xff, 0xff, 0xff, 0xff, 0xff, 0xff, 0xff, 0xff, 0xff, 0xff, 0xff, 0xff, 0xff
.byte 0xff, 0xff, 0xff, 0xff, 0xff, 0xff, 0xff, 0xff, 0xff, 0xff, 0xff, 0xff, 0xff, 0xff, 0xff, 0xff
.byte 0xff, 0xff, 0xff, 0xff, 0xff, 0xff, 0xff, 0xff, 0xff, 0xff, 0xff, 0xff, 0xff, 0xff, 0xff, 0xff
.byte 0xff, 0xff, 0xff, 0xff, 0xff, 0xff, 0xff, 0xff, 0xff, 0xff, 0xff, 0xff, 0xff, 0xff, 0xff, 0xff
.byte 0xff, 0xff, 0xff, 0xff, 0xff, 0xff, 0xff, 0xff, 0xff, 0xff, 0xff, 0xff, 0xff, 0xff, 0xff, 0xff
.byte 0xff, 0xff, 0xff, 0xff, 0xff, 0xff, 0xff, 0xff, 0xff, 0xff, 0xff, 0xff, 0xff, 0xff, 0xff, 0xff
.byte 0xff, 0xff, 0xff, 0xff, 0xff, 0xff, 0xff, 0xff, 0xff, 0xff, 0xff, 0xff, 0xff, 0xff, 0xff, 0xff
.byte 0xff, 0xff, 0xff, 0xff, 0xff, 0xff, 0xff, 0xff, 0xff, 0xff, 0xff, 0xff, 0xff, 0xff, 0xff, 0xff
.byte 0xff, 0xff, 0xff, 0xff, 0xff, 0xff, 0xff, 0xff, 0xff, 0xff, 0xff, 0xff, 0xff, 0xff, 0xff, 0xff
.byte 0xff, 0xff, 0xff, 0xff, 0xff, 0xff, 0xff, 0xff, 0xff, 0xff, 0xff, 0xff, 0xff, 0xff, 0xff, 0xff
.byte 0xff, 0xff, 0xff, 0xff, 0xff, 0xff, 0xff, 0xff, 0xff, 0xff, 0xff, 0xff, 0xff, 0xff, 0xff, 0xff
.byte 0xff, 0xff, 0xff, 0xff, 0xff, 0xff, 0xff, 0xff, 0xff, 0xff, 0xff, 0xff, 0xff, 0xff, 0xff, 0xff
.byte 0xff, 0xff, 0xff, 0xff, 0xff, 0xff, 0xff, 0xff, 0xff, 0xff, 0xff, 0xff, 0xff, 0xff, 0xff, 0xff
.byte 0xff, 0xff, 0xff, 0xff, 0xff, 0xff, 0xff, 0xff, 0xff, 0xff, 0xff, 0xff, 0xff, 0xff, 0xff, 0xff
.byte 0xff, 0xff, 0xff, 0xff, 0xff, 0xff, 0xff, 0xff, 0xff, 0xff, 0xff, 0xff, 0xff, 0xff, 0xff, 0xff
.byte 0xff, 0xff, 0xff, 0xff, 0xff, 0xff, 0xff, 0xff, 0xff, 0xff, 0xff, 0xff, 0xff, 0xff, 0xff, 0xff
.byte 0xff, 0xff, 0xff, 0xff, 0xff, 0xff, 0xff, 0xff, 0xff, 0xff, 0xff, 0xff, 0xff, 0xff, 0xff, 0xff
.byte 0xff, 0xff, 0xff, 0xff, 0xff, 0xff, 0xff, 0xff, 0xff, 0xff, 0xff, 0xff, 0xff, 0xff, 0xff, 0xff
.byte 0xff, 0xff, 0xff, 0xff, 0xff, 0xff, 0xff, 0xff, 0xff, 0xff, 0xff, 0xff, 0xfd, 0xfd, 0xfd, 0xff
.byte 0xf3, 0xf3, 0xf3, 0xff, 0xd4, 0xd4, 0xd4, 0xff, 0xa0, 0xa0, 0xa0, 0xff, 0x6f, 0x6f, 0x6f, 0xfc
.byte 0x53, 0x53, 0x53, 0xe5, 0x4b, 0x4b, 0x4b, 0x9b, 0x4a, 0x4a, 0x4a, 0x38, 0x00, 0x00, 0x00, 0x08
.byte 0x00, 0x00, 0x00, 0x00, 0x00, 0x00, 0x00, 0x00, 0x00, 0x00, 0x00, 0x00, 0x00, 0x00, 0x00, 0x00
.byte 0x00, 0x00, 0x00, 0x01, 0x48, 0x48, 0x48, 0x0d, 0x48, 0x48, 0x48, 0x45, 0x4c, 0x4c, 0x4c, 0xa3
.byte 0x54, 0x54, 0x54, 0xe7, 0x6e, 0x6e, 0x6e, 0xfc, 0x9b, 0x9b, 0x9b, 0xff, 0xcb, 0xcb, 0xcb, 0xff
.byte 0xea, 0xea, 0xea, 0xff, 0xf9, 0xf9, 0xf9, 0xff, 0xfd, 0xfd, 0xfd, 0xff, 0xff, 0xff, 0xff, 0xff
.byte 0xfe, 0xfe, 0xfe, 0xff, 0xff, 0xff, 0xff, 0xff, 0xff, 0xff, 0xff, 0xff, 0xff, 0xff, 0xff, 0xff
.byte 0xff, 0xff, 0xff, 0xff, 0xff, 0xff, 0xff, 0xff, 0xff, 0xff, 0xff, 0xff, 0xff, 0xff, 0xff, 0xff
.byte 0xff, 0xff, 0xff, 0xff, 0xff, 0xff, 0xff, 0xff, 0xff, 0xff, 0xff, 0xff, 0xff, 0xff, 0xff, 0xff
.byte 0xff, 0xff, 0xff, 0xff, 0xff, 0xff, 0xff, 0xff, 0xff, 0xff, 0xff, 0xff, 0xff, 0xff, 0xff, 0xff
.byte 0xff, 0xff, 0xff, 0xff, 0xff, 0xff, 0xff, 0xff, 0xff, 0xff, 0xff, 0xff, 0xff, 0xff, 0xff, 0xff
.byte 0xff, 0xff, 0xff, 0xff, 0xff, 0xff, 0xff, 0xff, 0xff, 0xff, 0xff, 0xff, 0xff, 0xff, 0xff, 0xff
.byte 0xff, 0xff, 0xff, 0xff, 0xff, 0xff, 0xff, 0xff, 0xff, 0xff, 0xff, 0xff, 0xff, 0xff, 0xff, 0xff
.byte 0xff, 0xff, 0xff, 0xff, 0xff, 0xff, 0xff, 0xff, 0xff, 0xff, 0xff, 0xff, 0xff, 0xff, 0xff, 0xff
.byte 0xff, 0xff, 0xff, 0xff, 0xff, 0xff, 0xff, 0xff, 0xff, 0xff, 0xff, 0xff, 0xff, 0xff, 0xff, 0xff
.byte 0xff, 0xff, 0xff, 0xff, 0xff, 0xff, 0xff, 0xff, 0xff, 0xff, 0xff, 0xff, 0xff, 0xff, 0xff, 0xff
.byte 0xff, 0xff, 0xff, 0xff, 0xff, 0xff, 0xff, 0xff, 0xff, 0xff, 0xff, 0xff, 0xff, 0xff, 0xff, 0xff
.byte 0xff, 0xff, 0xff, 0xff, 0xff, 0xff, 0xff, 0xff, 0xff, 0xff, 0xff, 0xff, 0xff, 0xff, 0xff, 0xff
.byte 0xff, 0xff, 0xff, 0xff, 0xff, 0xff, 0xff, 0xff, 0xff, 0xff, 0xff, 0xff, 0xff, 0xff, 0xff, 0xff
.byte 0xff, 0xff, 0xff, 0xff, 0xff, 0xff, 0xff, 0xff, 0xff, 0xff, 0xff, 0xff, 0xff, 0xff, 0xff, 0xff
.byte 0xff, 0xff, 0xff, 0xff, 0xff, 0xff, 0xff, 0xff, 0xff, 0xff, 0xff, 0xff, 0xff, 0xff, 0xff, 0xff
.byte 0xff, 0xff, 0xff, 0xff, 0xff, 0xff, 0xff, 0xff, 0xff, 0xff, 0xff, 0xff, 0xff, 0xff, 0xff, 0xff
.byte 0xff, 0xff, 0xff, 0xff, 0xff, 0xff, 0xff, 0xff, 0xff, 0xff, 0xff, 0xff, 0xff, 0xff, 0xff, 0xff
.byte 0xff, 0xff, 0xff, 0xff, 0xff, 0xff, 0xff, 0xff, 0xff, 0xff, 0xff, 0xff, 0xff, 0xff, 0xff, 0xff
.byte 0xff, 0xff, 0xff, 0xff, 0xff, 0xff, 0xff, 0xff, 0xff, 0xff, 0xff, 0xff, 0xff, 0xff, 0xff, 0xff
.byte 0xff, 0xff, 0xff, 0xff, 0xff, 0xff, 0xff, 0xff, 0xff, 0xff, 0xff, 0xff, 0xff, 0xff, 0xff, 0xff
.byte 0xff, 0xff, 0xff, 0xff, 0xff, 0xff, 0xff, 0xff, 0xff, 0xff, 0xff, 0xff, 0xff, 0xff, 0xff, 0xff
.byte 0xff, 0xff, 0xff, 0xff, 0xff, 0xff, 0xff, 0xff, 0xff, 0xff, 0xff, 0xff, 0xff, 0xff, 0xff, 0xff
.byte 0xff, 0xff, 0xff, 0xff, 0xff, 0xff, 0xff, 0xff, 0xff, 0xff, 0xff, 0xff, 0xff, 0xff, 0xff, 0xff
.byte 0xff, 0xff, 0xff, 0xff, 0xff, 0xff, 0xff, 0xff, 0xff, 0xff, 0xff, 0xff, 0xff, 0xff, 0xff, 0xff
.byte 0xff, 0xff, 0xff, 0xff, 0xff, 0xff, 0xff, 0xff, 0xff, 0xff, 0xff, 0xff, 0xfe, 0xfe, 0xfe, 0xff
.byte 0xfe, 0xfe, 0xfe, 0xff, 0xfd, 0xfd, 0xfd, 0xff, 0xf9, 0xf9, 0xf9, 0xff, 0xea, 0xea, 0xea, 0xff
.byte 0xcb, 0xcb, 0xcb, 0xff, 0x9c, 0x9c, 0x9c, 0xff, 0x6f, 0x6f, 0x6f, 0xfc, 0x54, 0x54, 0x54, 0xe7
.byte 0x4b, 0x4b, 0x4b, 0xa4, 0x49, 0x49, 0x49, 0x46, 0x44, 0x44, 0x44, 0x0e, 0x00, 0x00, 0x00, 0x01
.byte 0x00, 0x00, 0x00, 0x00, 0x00, 0x00, 0x00, 0x00, 0x00, 0x00, 0x00, 0x00, 0x00, 0x00, 0x00, 0x00
.byte 0x00, 0x00, 0x00, 0x00, 0x00, 0x00, 0x00, 0x01, 0x50, 0x50, 0x50, 0x10, 0x48, 0x48, 0x48, 0x49
.byte 0x4c, 0x4c, 0x4c, 0xa3, 0x53, 0x53, 0x53, 0xe6, 0x68, 0x68, 0x68, 0xfb, 0x8b, 0x8b, 0x8b, 0xff
.byte 0xb3, 0xb3, 0xb3, 0xff, 0xd4, 0xd4, 0xd4, 0xff, 0xe8, 0xe8, 0xe8, 0xff, 0xf3, 0xf3, 0xf3, 0xff
.byte 0xf8, 0xf8, 0xf8, 0xff, 0xfa, 0xfa, 0xfa, 0xff, 0xfc, 0xfc, 0xfc, 0xff, 0xfd, 0xfd, 0xfd, 0xff
.byte 0xfd, 0xfd, 0xfd, 0xff, 0xfd, 0xfd, 0xfd, 0xff, 0xfd, 0xfd, 0xfd, 0xff, 0xfd, 0xfd, 0xfd, 0xff
.byte 0xfd, 0xfd, 0xfd, 0xff, 0xfd, 0xfd, 0xfd, 0xff, 0xfd, 0xfd, 0xfd, 0xff, 0xfd, 0xfd, 0xfd, 0xff
.byte 0xfd, 0xfd, 0xfd, 0xff, 0xfd, 0xfd, 0xfd, 0xff, 0xfd, 0xfd, 0xfd, 0xff, 0xfd, 0xfd, 0xfd, 0xff
.byte 0xfd, 0xfd, 0xfd, 0xff, 0xfd, 0xfd, 0xfd, 0xff, 0xfd, 0xfd, 0xfd, 0xff, 0xfd, 0xfd, 0xfd, 0xff
.byte 0xfd, 0xfd, 0xfd, 0xff, 0xfd, 0xfd, 0xfd, 0xff, 0xfd, 0xfd, 0xfd, 0xff, 0xfd, 0xfd, 0xfd, 0xff
.byte 0xfd, 0xfd, 0xfd, 0xff, 0xfd, 0xfd, 0xfd, 0xff, 0xfd, 0xfd, 0xfd, 0xff, 0xfd, 0xfd, 0xfd, 0xff
.byte 0xfd, 0xfd, 0xfd, 0xff, 0xfd, 0xfd, 0xfd, 0xff, 0xfd, 0xfd, 0xfd, 0xff, 0xfd, 0xfd, 0xfd, 0xff
.byte 0xfd, 0xfd, 0xfd, 0xff, 0xfd, 0xfd, 0xfd, 0xff, 0xfd, 0xfd, 0xfd, 0xff, 0xfd, 0xfd, 0xfd, 0xff
.byte 0xfd, 0xfd, 0xfd, 0xff, 0xfd, 0xfd, 0xfd, 0xff, 0xfd, 0xfd, 0xfd, 0xff, 0xfd, 0xfd, 0xfd, 0xff
.byte 0xfd, 0xfd, 0xfd, 0xff, 0xfd, 0xfd, 0xfd, 0xff, 0xfd, 0xfd, 0xfd, 0xff, 0xfd, 0xfd, 0xfd, 0xff
.byte 0xfd, 0xfd, 0xfd, 0xff, 0xfd, 0xfd, 0xfd, 0xff, 0xfd, 0xfd, 0xfd, 0xff, 0xfd, 0xfd, 0xfd, 0xff
.byte 0xfd, 0xfd, 0xfd, 0xff, 0xfd, 0xfd, 0xfd, 0xff, 0xfd, 0xfd, 0xfd, 0xff, 0xfd, 0xfd, 0xfd, 0xff
.byte 0xfd, 0xfd, 0xfd, 0xff, 0xfd, 0xfd, 0xfd, 0xff, 0xfd, 0xfd, 0xfd, 0xff, 0xfd, 0xfd, 0xfd, 0xff
.byte 0xfd, 0xfd, 0xfd, 0xff, 0xfd, 0xfd, 0xfd, 0xff, 0xfd, 0xfd, 0xfd, 0xff, 0xfd, 0xfd, 0xfd, 0xff
.byte 0xfd, 0xfd, 0xfd, 0xff, 0xfd, 0xfd, 0xfd, 0xff, 0xfd, 0xfd, 0xfd, 0xff, 0xfd, 0xfd, 0xfd, 0xff
.byte 0xfd, 0xfd, 0xfd, 0xff, 0xfd, 0xfd, 0xfd, 0xff, 0xfd, 0xfd, 0xfd, 0xff, 0xfd, 0xfd, 0xfd, 0xff
.byte 0xfd, 0xfd, 0xfd, 0xff, 0xfd, 0xfd, 0xfd, 0xff, 0xfd, 0xfd, 0xfd, 0xff, 0xfd, 0xfd, 0xfd, 0xff
.byte 0xfd, 0xfd, 0xfd, 0xff, 0xfd, 0xfd, 0xfd, 0xff, 0xfd, 0xfd, 0xfd, 0xff, 0xfd, 0xfd, 0xfd, 0xff
.byte 0xfd, 0xfd, 0xfd, 0xff, 0xfd, 0xfd, 0xfd, 0xff, 0xfd, 0xfd, 0xfd, 0xff, 0xfd, 0xfd, 0xfd, 0xff
.byte 0xfd, 0xfd, 0xfd, 0xff, 0xfd, 0xfd, 0xfd, 0xff, 0xfd, 0xfd, 0xfd, 0xff, 0xfd, 0xfd, 0xfd, 0xff
.byte 0xfd, 0xfd, 0xfd, 0xff, 0xfd, 0xfd, 0xfd, 0xff, 0xfd, 0xfd, 0xfd, 0xff, 0xfd, 0xfd, 0xfd, 0xff
.byte 0xfd, 0xfd, 0xfd, 0xff, 0xfd, 0xfd, 0xfd, 0xff, 0xfd, 0xfd, 0xfd, 0xff, 0xfd, 0xfd, 0xfd, 0xff
.byte 0xfd, 0xfd, 0xfd, 0xff, 0xfd, 0xfd, 0xfd, 0xff, 0xfd, 0xfd, 0xfd, 0xff, 0xfd, 0xfd, 0xfd, 0xff
.byte 0xfd, 0xfd, 0xfd, 0xff, 0xfd, 0xfd, 0xfd, 0xff, 0xfa, 0xfa, 0xfa, 0xff, 0xf8, 0xf8, 0xf8, 0xff
.byte 0xf3, 0xf3, 0xf3, 0xff, 0xe9, 0xe9, 0xe9, 0xff, 0xd4, 0xd4, 0xd4, 0xff, 0xb3, 0xb3, 0xb3, 0xff
.byte 0x8c, 0x8c, 0x8c, 0xff, 0x68, 0x68, 0x68, 0xfb, 0x53, 0x53, 0x53, 0xe5, 0x4b, 0x4b, 0x4b, 0xa4
.byte 0x48, 0x48, 0x48, 0x49, 0x50, 0x50, 0x50, 0x10, 0x00, 0x00, 0x00, 0x02, 0x00, 0x00, 0x00, 0x00
.byte 0x00, 0x00, 0x00, 0x00, 0x00, 0x00, 0x00, 0x00, 0x00, 0x00, 0x00, 0x00, 0x00, 0x00, 0x00, 0x00
.byte 0x00, 0x00, 0x00, 0x00, 0x00, 0x00, 0x00, 0x00, 0x00, 0x00, 0x00, 0x02, 0x51, 0x51, 0x51, 0x10
.byte 0x49, 0x49, 0x49, 0x45, 0x4a, 0x4a, 0x4a, 0x9b, 0x50, 0x50, 0x50, 0xdc, 0x5e, 0x5e, 0x5e, 0xf6
.byte 0x72, 0x72, 0x72, 0xfd, 0x8e, 0x8e, 0x8e, 0xff, 0xa9, 0xa9, 0xa9, 0xff, 0xbe, 0xbe, 0xbe, 0xff
.byte 0xcd, 0xcd, 0xcd, 0xff, 0xd8, 0xd8, 0xd8, 0xff, 0xde, 0xde, 0xde, 0xff, 0xe0, 0xe0, 0xe0, 0xff
.byte 0xe0, 0xe0, 0xe0, 0xff, 0xe0, 0xe0, 0xe0, 0xff, 0xe0, 0xe0, 0xe0, 0xff, 0xe0, 0xe0, 0xe0, 0xff
.byte 0xe0, 0xe0, 0xe0, 0xff, 0xe0, 0xe0, 0xe0, 0xff, 0xe0, 0xe0, 0xe0, 0xff, 0xe0, 0xe0, 0xe0, 0xff
.byte 0xe0, 0xe0, 0xe0, 0xff, 0xe0, 0xe0, 0xe0, 0xff, 0xe0, 0xe0, 0xe0, 0xff, 0xe0, 0xe0, 0xe0, 0xff
.byte 0xe0, 0xe0, 0xe0, 0xff, 0xe0, 0xe0, 0xe0, 0xff, 0xe0, 0xe0, 0xe0, 0xff, 0xe0, 0xe0, 0xe0, 0xff
.byte 0xe0, 0xe0, 0xe0, 0xff, 0xe0, 0xe0, 0xe0, 0xff, 0xe0, 0xe0, 0xe0, 0xff, 0xe0, 0xe0, 0xe0, 0xff
.byte 0xe0, 0xe0, 0xe0, 0xff, 0xe0, 0xe0, 0xe0, 0xff, 0xe0, 0xe0, 0xe0, 0xff, 0xe0, 0xe0, 0xe0, 0xff
.byte 0xe0, 0xe0, 0xe0, 0xff, 0xe0, 0xe0, 0xe0, 0xff, 0xe0, 0xe0, 0xe0, 0xff, 0xe0, 0xe0, 0xe0, 0xff
.byte 0xe0, 0xe0, 0xe0, 0xff, 0xe0, 0xe0, 0xe0, 0xff, 0xe0, 0xe0, 0xe0, 0xff, 0xe0, 0xe0, 0xe0, 0xff
.byte 0xe0, 0xe0, 0xe0, 0xff, 0xe0, 0xe0, 0xe0, 0xff, 0xe0, 0xe0, 0xe0, 0xff, 0xe0, 0xe0, 0xe0, 0xff
.byte 0xe0, 0xe0, 0xe0, 0xff, 0xe0, 0xe0, 0xe0, 0xff, 0xe0, 0xe0, 0xe0, 0xff, 0xe0, 0xe0, 0xe0, 0xff
.byte 0xe0, 0xe0, 0xe0, 0xff, 0xe0, 0xe0, 0xe0, 0xff, 0xe0, 0xe0, 0xe0, 0xff, 0xe0, 0xe0, 0xe0, 0xff
.byte 0xe0, 0xe0, 0xe0, 0xff, 0xe0, 0xe0, 0xe0, 0xff, 0xe0, 0xe0, 0xe0, 0xff, 0xe0, 0xe0, 0xe0, 0xff
.byte 0xe0, 0xe0, 0xe0, 0xff, 0xe0, 0xe0, 0xe0, 0xff, 0xe0, 0xe0, 0xe0, 0xff, 0xe0, 0xe0, 0xe0, 0xff
.byte 0xe0, 0xe0, 0xe0, 0xff, 0xe0, 0xe0, 0xe0, 0xff, 0xe0, 0xe0, 0xe0, 0xff, 0xe0, 0xe0, 0xe0, 0xff
.byte 0xe0, 0xe0, 0xe0, 0xff, 0xe0, 0xe0, 0xe0, 0xff, 0xe0, 0xe0, 0xe0, 0xff, 0xe0, 0xe0, 0xe0, 0xff
.byte 0xe0, 0xe0, 0xe0, 0xff, 0xe0, 0xe0, 0xe0, 0xff, 0xe0, 0xe0, 0xe0, 0xff, 0xe0, 0xe0, 0xe0, 0xff
.byte 0xe0, 0xe0, 0xe0, 0xff, 0xe0, 0xe0, 0xe0, 0xff, 0xe0, 0xe0, 0xe0, 0xff, 0xe0, 0xe0, 0xe0, 0xff
.byte 0xe0, 0xe0, 0xe0, 0xff, 0xe0, 0xe0, 0xe0, 0xff, 0xe0, 0xe0, 0xe0, 0xff, 0xe0, 0xe0, 0xe0, 0xff
.byte 0xe0, 0xe0, 0xe0, 0xff, 0xe0, 0xe0, 0xe0, 0xff, 0xe0, 0xe0, 0xe0, 0xff, 0xe0, 0xe0, 0xe0, 0xff
.byte 0xe0, 0xe0, 0xe0, 0xff, 0xe0, 0xe0, 0xe0, 0xff, 0xe0, 0xe0, 0xe0, 0xff, 0xe0, 0xe0, 0xe0, 0xff
.byte 0xe0, 0xe0, 0xe0, 0xff, 0xe0, 0xe0, 0xe0, 0xff, 0xe0, 0xe0, 0xe0, 0xff, 0xe0, 0xe0, 0xe0, 0xff
.byte 0xe0, 0xe0, 0xe0, 0xff, 0xe0, 0xe0, 0xe0, 0xff, 0xe0, 0xe0, 0xe0, 0xff, 0xe0, 0xe0, 0xe0, 0xff
.byte 0xe0, 0xe0, 0xe0, 0xff, 0xe0, 0xe0, 0xe0, 0xff, 0xe0, 0xe0, 0xe0, 0xff, 0xe0, 0xe0, 0xe0, 0xff
.byte 0xe0, 0xe0, 0xe0, 0xff, 0xdf, 0xdf, 0xdf, 0xff, 0xd8, 0xd8, 0xd8, 0xff, 0xcd, 0xcd, 0xcd, 0xff
.byte 0xbe, 0xbe, 0xbe, 0xff, 0xa9, 0xa9, 0xa9, 0xff, 0x8e, 0x8e, 0x8e, 0xff, 0x73, 0x73, 0x73, 0xfd
.byte 0x5d, 0x5d, 0x5d, 0xf6, 0x4f, 0x4f, 0x4f, 0xdc, 0x4c, 0x4c, 0x4c, 0x9b, 0x49, 0x49, 0x49, 0x45
.byte 0x4e, 0x4e, 0x4e, 0x11, 0x00, 0x00, 0x00, 0x02, 0x00, 0x00, 0x00, 0x00, 0x00, 0x00, 0x00, 0x00
.byte 0x00, 0x00, 0x00, 0x00, 0x00, 0x00, 0x00, 0x00, 0x00, 0x00, 0x00, 0x00, 0x00, 0x00, 0x00, 0x00
.byte 0x00, 0x00, 0x00, 0x00, 0x00, 0x00, 0x00, 0x00, 0x00, 0x00, 0x00, 0x00, 0x00, 0x00, 0x00, 0x02
.byte 0x49, 0x49, 0x49, 0x0e, 0x4a, 0x4a, 0x4a, 0x38, 0x4a, 0x4a, 0x4a, 0x7d, 0x4c, 0x4c, 0x4c, 0xbc
.byte 0x51, 0x51, 0x51, 0xe2, 0x5c, 0x5c, 0x5c, 0xf3, 0x69, 0x69, 0x69, 0xfa, 0x75, 0x75, 0x75, 0xfc
.byte 0x82, 0x82, 0x82, 0xfd, 0x8d, 0x8d, 0x8d, 0xfe, 0x93, 0x93, 0x93, 0xfe, 0x95, 0x95, 0x95, 0xfe
.byte 0x95, 0x95, 0x95, 0xfe, 0x95, 0x95, 0x95, 0xfe, 0x95, 0x95, 0x95, 0xfe, 0x95, 0x95, 0x95, 0xfe
.byte 0x95, 0x95, 0x95, 0xfe, 0x95, 0x95, 0x95, 0xfe, 0x95, 0x95, 0x95, 0xfe, 0x95, 0x95, 0x95, 0xfe
.byte 0x95, 0x95, 0x95, 0xfe, 0x95, 0x95, 0x95, 0xfe, 0x95, 0x95, 0x95, 0xfe, 0x95, 0x95, 0x95, 0xfe
.byte 0x95, 0x95, 0x95, 0xfe, 0x95, 0x95, 0x95, 0xfe, 0x95, 0x95, 0x95, 0xfe, 0x95, 0x95, 0x95, 0xfe
.byte 0x95, 0x95, 0x95, 0xfe, 0x95, 0x95, 0x95, 0xfe, 0x95, 0x95, 0x95, 0xfe, 0x95, 0x95, 0x95, 0xfe
.byte 0x95, 0x95, 0x95, 0xfe, 0x95, 0x95, 0x95, 0xfe, 0x95, 0x95, 0x95, 0xfe, 0x95, 0x95, 0x95, 0xfe
.byte 0x95, 0x95, 0x95, 0xfe, 0x95, 0x95, 0x95, 0xfe, 0x95, 0x95, 0x95, 0xfe, 0x95, 0x95, 0x95, 0xfe
.byte 0x95, 0x95, 0x95, 0xfe, 0x95, 0x95, 0x95, 0xfe, 0x95, 0x95, 0x95, 0xfe, 0x95, 0x95, 0x95, 0xfe
.byte 0x95, 0x95, 0x95, 0xfe, 0x95, 0x95, 0x95, 0xfe, 0x95, 0x95, 0x95, 0xfe, 0x95, 0x95, 0x95, 0xfe
.byte 0x95, 0x95, 0x95, 0xfe, 0x95, 0x95, 0x95, 0xfe, 0x95, 0x95, 0x95, 0xfe, 0x95, 0x95, 0x95, 0xfe
.byte 0x95, 0x95, 0x95, 0xfe, 0x95, 0x95, 0x95, 0xfe, 0x95, 0x95, 0x95, 0xfe, 0x95, 0x95, 0x95, 0xfe
.byte 0x95, 0x95, 0x95, 0xfe, 0x95, 0x95, 0x95, 0xfe, 0x95, 0x95, 0x95, 0xfe, 0x95, 0x95, 0x95, 0xfe
.byte 0x95, 0x95, 0x95, 0xfe, 0x95, 0x95, 0x95, 0xfe, 0x95, 0x95, 0x95, 0xfe, 0x95, 0x95, 0x95, 0xfe
.byte 0x95, 0x95, 0x95, 0xfe, 0x95, 0x95, 0x95, 0xfe, 0x95, 0x95, 0x95, 0xfe, 0x95, 0x95, 0x95, 0xfe
.byte 0x95, 0x95, 0x95, 0xfe, 0x95, 0x95, 0x95, 0xfe, 0x95, 0x95, 0x95, 0xfe, 0x95, 0x95, 0x95, 0xfe
.byte 0x95, 0x95, 0x95, 0xfe, 0x95, 0x95, 0x95, 0xfe, 0x95, 0x95, 0x95, 0xfe, 0x95, 0x95, 0x95, 0xfe
.byte 0x95, 0x95, 0x95, 0xfe, 0x95, 0x95, 0x95, 0xfe, 0x95, 0x95, 0x95, 0xfe, 0x95, 0x95, 0x95, 0xfe
.byte 0x95, 0x95, 0x95, 0xfe, 0x95, 0x95, 0x95, 0xfe, 0x95, 0x95, 0x95, 0xfe, 0x95, 0x95, 0x95, 0xfe
.byte 0x95, 0x95, 0x95, 0xfe, 0x95, 0x95, 0x95, 0xfe, 0x95, 0x95, 0x95, 0xfe, 0x95, 0x95, 0x95, 0xfe
.byte 0x95, 0x95, 0x95, 0xfe, 0x95, 0x95, 0x95, 0xfe, 0x95, 0x95, 0x95, 0xfe, 0x95, 0x95, 0x95, 0xfe
.byte 0x95, 0x95, 0x95, 0xfe, 0x95, 0x95, 0x95, 0xfe, 0x95, 0x95, 0x95, 0xfe, 0x95, 0x95, 0x95, 0xfe
.byte 0x95, 0x95, 0x95, 0xfe, 0x95, 0x95, 0x95, 0xfe, 0x95, 0x95, 0x95, 0xfe, 0x95, 0x95, 0x95, 0xfe
.byte 0x95, 0x95, 0x95, 0xfe, 0x95, 0x95, 0x95, 0xfe, 0x95, 0x95, 0x95, 0xfe, 0x95, 0x95, 0x95, 0xfe
.byte 0x95, 0x95, 0x95, 0xfe, 0x94, 0x94, 0x94, 0xfe, 0x8d, 0x8d, 0x8d, 0xfe, 0x82, 0x82, 0x82, 0xfe
.byte 0x75, 0x75, 0x75, 0xfc, 0x69, 0x69, 0x69, 0xfa, 0x5c, 0x5c, 0x5c, 0xf3, 0x52, 0x52, 0x52, 0xe3
.byte 0x4d, 0x4d, 0x4d, 0xbc, 0x49, 0x49, 0x49, 0x7d, 0x4a, 0x4a, 0x4a, 0x38, 0x47, 0x47, 0x47, 0x0e
.byte 0x00, 0x00, 0x00, 0x02, 0x00, 0x00, 0x00, 0x00, 0x00, 0x00, 0x00, 0x00, 0x00, 0x00, 0x00, 0x00
.byte 0x00, 0x00, 0x00, 0x00, 0x00, 0x00, 0x00, 0x00, 0x00, 0x00, 0x00, 0x00, 0x00, 0x00, 0x00, 0x00
.byte 0x00, 0x00, 0x00, 0x00, 0x00, 0x00, 0x00, 0x00, 0x00, 0x00, 0x00, 0x00, 0x00, 0x00, 0x00, 0x00
.byte 0x00, 0x00, 0x00, 0x01, 0x00, 0x00, 0x00, 0x07, 0x4b, 0x4b, 0x4b, 0x1e, 0x48, 0x48, 0x48, 0x49
.byte 0x4b, 0x4b, 0x4b, 0x7c, 0x4c, 0x4c, 0x4c, 0xa8, 0x4e, 0x4e, 0x4e, 0xc2, 0x52, 0x52, 0x52, 0xd3
.byte 0x56, 0x56, 0x56, 0xe1, 0x5a, 0x5a, 0x5a, 0xe8, 0x5b, 0x5b, 0x5b, 0xea, 0x5b, 0x5b, 0x5b, 0xea
.byte 0x5b, 0x5b, 0x5b, 0xea, 0x5b, 0x5b, 0x5b, 0xea, 0x5b, 0x5b, 0x5b, 0xea, 0x5b, 0x5b, 0x5b, 0xea
.byte 0x5b, 0x5b, 0x5b, 0xea, 0x5b, 0x5b, 0x5b, 0xea, 0x5b, 0x5b, 0x5b, 0xea, 0x5b, 0x5b, 0x5b, 0xea
.byte 0x5b, 0x5b, 0x5b, 0xea, 0x5b, 0x5b, 0x5b, 0xea, 0x5b, 0x5b, 0x5b, 0xea, 0x5b, 0x5b, 0x5b, 0xea
.byte 0x5b, 0x5b, 0x5b, 0xea, 0x5b, 0x5b, 0x5b, 0xea, 0x5b, 0x5b, 0x5b, 0xea, 0x5b, 0x5b, 0x5b, 0xea
.byte 0x5b, 0x5b, 0x5b, 0xea, 0x5b, 0x5b, 0x5b, 0xea, 0x5b, 0x5b, 0x5b, 0xea, 0x5b, 0x5b, 0x5b, 0xea
.byte 0x5b, 0x5b, 0x5b, 0xea, 0x5b, 0x5b, 0x5b, 0xea, 0x5b, 0x5b, 0x5b, 0xea, 0x5b, 0x5b, 0x5b, 0xea
.byte 0x5b, 0x5b, 0x5b, 0xea, 0x5b, 0x5b, 0x5b, 0xea, 0x5b, 0x5b, 0x5b, 0xea, 0x5b, 0x5b, 0x5b, 0xea
.byte 0x5b, 0x5b, 0x5b, 0xea, 0x5b, 0x5b, 0x5b, 0xea, 0x5b, 0x5b, 0x5b, 0xea, 0x5b, 0x5b, 0x5b, 0xea
.byte 0x5b, 0x5b, 0x5b, 0xea, 0x5b, 0x5b, 0x5b, 0xea, 0x5b, 0x5b, 0x5b, 0xea, 0x5b, 0x5b, 0x5b, 0xea
.byte 0x5b, 0x5b, 0x5b, 0xea, 0x5b, 0x5b, 0x5b, 0xea, 0x5b, 0x5b, 0x5b, 0xea, 0x5b, 0x5b, 0x5b, 0xea
.byte 0x5b, 0x5b, 0x5b, 0xea, 0x5b, 0x5b, 0x5b, 0xea, 0x5b, 0x5b, 0x5b, 0xea, 0x5b, 0x5b, 0x5b, 0xea
.byte 0x5b, 0x5b, 0x5b, 0xea, 0x5b, 0x5b, 0x5b, 0xea, 0x5b, 0x5b, 0x5b, 0xea, 0x5b, 0x5b, 0x5b, 0xea
.byte 0x5b, 0x5b, 0x5b, 0xea, 0x5b, 0x5b, 0x5b, 0xea, 0x5b, 0x5b, 0x5b, 0xea, 0x5b, 0x5b, 0x5b, 0xea
.byte 0x5b, 0x5b, 0x5b, 0xea, 0x5b, 0x5b, 0x5b, 0xea, 0x5b, 0x5b, 0x5b, 0xea, 0x5b, 0x5b, 0x5b, 0xea
.byte 0x5b, 0x5b, 0x5b, 0xea, 0x5b, 0x5b, 0x5b, 0xea, 0x5b, 0x5b, 0x5b, 0xea, 0x5b, 0x5b, 0x5b, 0xea
.byte 0x5b, 0x5b, 0x5b, 0xea, 0x5b, 0x5b, 0x5b, 0xea, 0x5b, 0x5b, 0x5b, 0xea, 0x5b, 0x5b, 0x5b, 0xea
.byte 0x5b, 0x5b, 0x5b, 0xea, 0x5b, 0x5b, 0x5b, 0xea, 0x5b, 0x5b, 0x5b, 0xea, 0x5b, 0x5b, 0x5b, 0xea
.byte 0x5b, 0x5b, 0x5b, 0xea, 0x5b, 0x5b, 0x5b, 0xea, 0x5b, 0x5b, 0x5b, 0xea, 0x5b, 0x5b, 0x5b, 0xea
.byte 0x5b, 0x5b, 0x5b, 0xea, 0x5b, 0x5b, 0x5b, 0xea, 0x5b, 0x5b, 0x5b, 0xea, 0x5b, 0x5b, 0x5b, 0xea
.byte 0x5b, 0x5b, 0x5b, 0xea, 0x5b, 0x5b, 0x5b, 0xea, 0x5b, 0x5b, 0x5b, 0xea, 0x5b, 0x5b, 0x5b, 0xea
.byte 0x5b, 0x5b, 0x5b, 0xea, 0x5b, 0x5b, 0x5b, 0xea, 0x5b, 0x5b, 0x5b, 0xea, 0x5b, 0x5b, 0x5b, 0xea
.byte 0x5b, 0x5b, 0x5b, 0xea, 0x5b, 0x5b, 0x5b, 0xea, 0x5b, 0x5b, 0x5b, 0xea, 0x5b, 0x5b, 0x5b, 0xea
.byte 0x5b, 0x5b, 0x5b, 0xea, 0x5b, 0x5b, 0x5b, 0xea, 0x5b, 0x5b, 0x5b, 0xea, 0x5b, 0x5b, 0x5b, 0xea
.byte 0x5b, 0x5b, 0x5b, 0xea, 0x5b, 0x5b, 0x5b, 0xea, 0x59, 0x59, 0x59, 0xe9, 0x55, 0x55, 0x55, 0xe2
.byte 0x51, 0x51, 0x51, 0xd3, 0x4e, 0x4e, 0x4e, 0xc3, 0x4c, 0x4c, 0x4c, 0xa7, 0x4b, 0x4b, 0x4b, 0x7c
.byte 0x48, 0x48, 0x48, 0x49, 0x4b, 0x4b, 0x4b, 0x1e, 0x00, 0x00, 0x00, 0x08, 0x00, 0x00, 0x00, 0x01
.byte 0x00, 0x00, 0x00, 0x00, 0x00, 0x00, 0x00, 0x00, 0x00, 0x00, 0x00, 0x00, 0x00, 0x00, 0x00, 0x00
.byte 0x00, 0x00, 0x00, 0x00, 0x00, 0x00, 0x00, 0x00, 0x00, 0x00, 0x00, 0x00, 0x00, 0x00, 0x00, 0x00
.byte 0x00, 0x00, 0x00, 0x00, 0x00, 0x00, 0x00, 0x00, 0x00, 0x00, 0x00, 0x00, 0x00, 0x00, 0x00, 0x00
.byte 0x00, 0x00, 0x00, 0x00, 0x00, 0x00, 0x00, 0x00, 0x00, 0x00, 0x00, 0x02, 0x00, 0x00, 0x00, 0x09
.byte 0x46, 0x46, 0x46, 0x19, 0x48, 0x48, 0x48, 0x30, 0x4a, 0x4a, 0x4a, 0x46, 0x4a, 0x4a, 0x4a, 0x5c
.byte 0x4a, 0x4a, 0x4a, 0x73, 0x4b, 0x4b, 0x4b, 0x7d, 0x4c, 0x4c, 0x4c, 0x7f, 0x4c, 0x4c, 0x4c, 0x7f
.byte 0x4c, 0x4c, 0x4c, 0x7f, 0x4c, 0x4c, 0x4c, 0x7f, 0x4c, 0x4c, 0x4c, 0x7f, 0x4c, 0x4c, 0x4c, 0x7f
.byte 0x4c, 0x4c, 0x4c, 0x7f, 0x4c, 0x4c, 0x4c, 0x7f, 0x4c, 0x4c, 0x4c, 0x7f, 0x4c, 0x4c, 0x4c, 0x7f
.byte 0x4c, 0x4c, 0x4c, 0x7f, 0x4c, 0x4c, 0x4c, 0x7f, 0x4c, 0x4c, 0x4c, 0x7f, 0x4c, 0x4c, 0x4c, 0x7f
.byte 0x4c, 0x4c, 0x4c, 0x7f, 0x4c, 0x4c, 0x4c, 0x7f, 0x4c, 0x4c, 0x4c, 0x7f, 0x4c, 0x4c, 0x4c, 0x7f
.byte 0x4c, 0x4c, 0x4c, 0x7f, 0x4c, 0x4c, 0x4c, 0x7f, 0x4c, 0x4c, 0x4c, 0x7f, 0x4c, 0x4c, 0x4c, 0x7f
.byte 0x4c, 0x4c, 0x4c, 0x7f, 0x4c, 0x4c, 0x4c, 0x7f, 0x4c, 0x4c, 0x4c, 0x7f, 0x4c, 0x4c, 0x4c, 0x7f
.byte 0x4c, 0x4c, 0x4c, 0x7f, 0x4c, 0x4c, 0x4c, 0x7f, 0x4c, 0x4c, 0x4c, 0x7f, 0x4c, 0x4c, 0x4c, 0x7f
.byte 0x4c, 0x4c, 0x4c, 0x7f, 0x4c, 0x4c, 0x4c, 0x7f, 0x4c, 0x4c, 0x4c, 0x7f, 0x4c, 0x4c, 0x4c, 0x7f
.byte 0x4c, 0x4c, 0x4c, 0x7f, 0x4c, 0x4c, 0x4c, 0x7f, 0x4c, 0x4c, 0x4c, 0x7f, 0x4c, 0x4c, 0x4c, 0x7f
.byte 0x4c, 0x4c, 0x4c, 0x7f, 0x4c, 0x4c, 0x4c, 0x7f, 0x4c, 0x4c, 0x4c, 0x7f, 0x4c, 0x4c, 0x4c, 0x7f
.byte 0x4c, 0x4c, 0x4c, 0x7f, 0x4c, 0x4c, 0x4c, 0x7f, 0x4c, 0x4c, 0x4c, 0x7f, 0x4c, 0x4c, 0x4c, 0x7f
.byte 0x4c, 0x4c, 0x4c, 0x7f, 0x4c, 0x4c, 0x4c, 0x7f, 0x4c, 0x4c, 0x4c, 0x7f, 0x4c, 0x4c, 0x4c, 0x7f
.byte 0x4c, 0x4c, 0x4c, 0x7f, 0x4c, 0x4c, 0x4c, 0x7f, 0x4c, 0x4c, 0x4c, 0x7f, 0x4c, 0x4c, 0x4c, 0x7f
.byte 0x4c, 0x4c, 0x4c, 0x7f, 0x4c, 0x4c, 0x4c, 0x7f, 0x4c, 0x4c, 0x4c, 0x7f, 0x4c, 0x4c, 0x4c, 0x7f
.byte 0x4c, 0x4c, 0x4c, 0x7f, 0x4c, 0x4c, 0x4c, 0x7f, 0x4c, 0x4c, 0x4c, 0x7f, 0x4c, 0x4c, 0x4c, 0x7f
.byte 0x4c, 0x4c, 0x4c, 0x7f, 0x4c, 0x4c, 0x4c, 0x7f, 0x4c, 0x4c, 0x4c, 0x7f, 0x4c, 0x4c, 0x4c, 0x7f
.byte 0x4c, 0x4c, 0x4c, 0x7f, 0x4c, 0x4c, 0x4c, 0x7f, 0x4c, 0x4c, 0x4c, 0x7f, 0x4c, 0x4c, 0x4c, 0x7f
.byte 0x4c, 0x4c, 0x4c, 0x7f, 0x4c, 0x4c, 0x4c, 0x7f, 0x4c, 0x4c, 0x4c, 0x7f, 0x4c, 0x4c, 0x4c, 0x7f
.byte 0x4c, 0x4c, 0x4c, 0x7f, 0x4c, 0x4c, 0x4c, 0x7f, 0x4c, 0x4c, 0x4c, 0x7f, 0x4c, 0x4c, 0x4c, 0x7f
.byte 0x4c, 0x4c, 0x4c, 0x7f, 0x4c, 0x4c, 0x4c, 0x7f, 0x4c, 0x4c, 0x4c, 0x7f, 0x4c, 0x4c, 0x4c, 0x7f
.byte 0x4c, 0x4c, 0x4c, 0x7f, 0x4c, 0x4c, 0x4c, 0x7f, 0x4c, 0x4c, 0x4c, 0x7f, 0x4c, 0x4c, 0x4c, 0x7f
.byte 0x4c, 0x4c, 0x4c, 0x7f, 0x4c, 0x4c, 0x4c, 0x7f, 0x4c, 0x4c, 0x4c, 0x7f, 0x4c, 0x4c, 0x4c, 0x7f
.byte 0x4c, 0x4c, 0x4c, 0x7f, 0x4c, 0x4c, 0x4c, 0x7f, 0x4c, 0x4c, 0x4c, 0x7f, 0x4c, 0x4c, 0x4c, 0x7f
.byte 0x4c, 0x4c, 0x4c, 0x7f, 0x4c, 0x4c, 0x4c, 0x7f, 0x4b, 0x4b, 0x4b, 0x7d, 0x4b, 0x4b, 0x4b, 0x74
.byte 0x4b, 0x4b, 0x4b, 0x5c, 0x4a, 0x4a, 0x4a, 0x45, 0x48, 0x48, 0x48, 0x30, 0x45, 0x45, 0x45, 0x1a
.byte 0x00, 0x00, 0x00, 0x09, 0x00, 0x00, 0x00, 0x02, 0x00, 0x00, 0x00, 0x00, 0x00, 0x00, 0x00, 0x00
.byte 0x00, 0x00, 0x00, 0x00, 0x00, 0x00, 0x00, 0x00, 0x00, 0x00, 0x00, 0x00, 0x00, 0x00, 0x00, 0x00
.byte 0x00, 0x00, 0x00, 0x00, 0x00, 0x00, 0x00, 0x00, 0x00, 0x00, 0x00, 0x00, 0x00, 0x00, 0x00, 0x00
.byte 0x00, 0x00, 0x00, 0x00, 0x00, 0x00, 0x00, 0x00, 0x00, 0x00, 0x00, 0x00, 0x00, 0x00, 0x00, 0x00
.byte 0x00, 0x00, 0x00, 0x00, 0x00, 0x00, 0x00, 0x00, 0x00, 0x00, 0x00, 0x00, 0x00, 0x00, 0x00, 0x00
.byte 0x00, 0x00, 0x00, 0x01, 0x00, 0x00, 0x00, 0x04, 0x00, 0x00, 0x00, 0x07, 0x4f, 0x4f, 0x4f, 0x0c
.byte 0x46, 0x46, 0x46, 0x12, 0x48, 0x48, 0x48, 0x15, 0x48, 0x48, 0x48, 0x15, 0x47, 0x47, 0x47, 0x15
.byte 0x47, 0x47, 0x47, 0x15, 0x47, 0x47, 0x47, 0x15, 0x47, 0x47, 0x47, 0x15, 0x47, 0x47, 0x47, 0x15
.byte 0x47, 0x47, 0x47, 0x15, 0x47, 0x47, 0x47, 0x15, 0x47, 0x47, 0x47, 0x15, 0x47, 0x47, 0x47, 0x15
.byte 0x47, 0x47, 0x47, 0x15, 0x47, 0x47, 0x47, 0x15, 0x47, 0x47, 0x47, 0x15, 0x47, 0x47, 0x47, 0x15
.byte 0x47, 0x47, 0x47, 0x15, 0x47, 0x47, 0x47, 0x15, 0x47, 0x47, 0x47, 0x15, 0x47, 0x47, 0x47, 0x15
.byte 0x47, 0x47, 0x47, 0x15, 0x47, 0x47, 0x47, 0x15, 0x47, 0x47, 0x47, 0x15, 0x47, 0x47, 0x47, 0x15
.byte 0x47, 0x47, 0x47, 0x15, 0x47, 0x47, 0x47, 0x15, 0x47, 0x47, 0x47, 0x15, 0x47, 0x47, 0x47, 0x15
.byte 0x47, 0x47, 0x47, 0x15, 0x47, 0x47, 0x47, 0x15, 0x47, 0x47, 0x47, 0x15, 0x47, 0x47, 0x47, 0x15
.byte 0x47, 0x47, 0x47, 0x15, 0x47, 0x47, 0x47, 0x15, 0x47, 0x47, 0x47, 0x15, 0x47, 0x47, 0x47, 0x15
.byte 0x47, 0x47, 0x47, 0x15, 0x47, 0x47, 0x47, 0x15, 0x47, 0x47, 0x47, 0x15, 0x47, 0x47, 0x47, 0x15
.byte 0x47, 0x47, 0x47, 0x15, 0x47, 0x47, 0x47, 0x15, 0x47, 0x47, 0x47, 0x15, 0x47, 0x47, 0x47, 0x15
.byte 0x47, 0x47, 0x47, 0x15, 0x47, 0x47, 0x47, 0x15, 0x47, 0x47, 0x47, 0x15, 0x47, 0x47, 0x47, 0x15
.byte 0x47, 0x47, 0x47, 0x15, 0x47, 0x47, 0x47, 0x15, 0x47, 0x47, 0x47, 0x15, 0x47, 0x47, 0x47, 0x15
.byte 0x47, 0x47, 0x47, 0x15, 0x47, 0x47, 0x47, 0x15, 0x47, 0x47, 0x47, 0x15, 0x47, 0x47, 0x47, 0x15
.byte 0x47, 0x47, 0x47, 0x15, 0x47, 0x47, 0x47, 0x15, 0x47, 0x47, 0x47, 0x15, 0x47, 0x47, 0x47, 0x15
.byte 0x47, 0x47, 0x47, 0x15, 0x47, 0x47, 0x47, 0x15, 0x47, 0x47, 0x47, 0x15, 0x47, 0x47, 0x47, 0x15
.byte 0x47, 0x47, 0x47, 0x15, 0x47, 0x47, 0x47, 0x15, 0x47, 0x47, 0x47, 0x15, 0x47, 0x47, 0x47, 0x15
.byte 0x47, 0x47, 0x47, 0x15, 0x47, 0x47, 0x47, 0x15, 0x47, 0x47, 0x47, 0x15, 0x47, 0x47, 0x47, 0x15
.byte 0x47, 0x47, 0x47, 0x15, 0x47, 0x47, 0x47, 0x15, 0x47, 0x47, 0x47, 0x15, 0x47, 0x47, 0x47, 0x15
.byte 0x47, 0x47, 0x47, 0x15, 0x47, 0x47, 0x47, 0x15, 0x47, 0x47, 0x47, 0x15, 0x47, 0x47, 0x47, 0x15
.byte 0x47, 0x47, 0x47, 0x15, 0x47, 0x47, 0x47, 0x15, 0x47, 0x47, 0x47, 0x15, 0x47, 0x47, 0x47, 0x15
.byte 0x47, 0x47, 0x47, 0x15, 0x47, 0x47, 0x47, 0x15, 0x47, 0x47, 0x47, 0x15, 0x47, 0x47, 0x47, 0x15
.byte 0x47, 0x47, 0x47, 0x15, 0x47, 0x47, 0x47, 0x15, 0x47, 0x47, 0x47, 0x15, 0x47, 0x47, 0x47, 0x15
.byte 0x47, 0x47, 0x47, 0x15, 0x47, 0x47, 0x47, 0x15, 0x47, 0x47, 0x47, 0x15, 0x47, 0x47, 0x47, 0x15
.byte 0x47, 0x47, 0x47, 0x15, 0x48, 0x48, 0x48, 0x15, 0x48, 0x48, 0x48, 0x15, 0x45, 0x45, 0x45, 0x12
.byte 0x51, 0x51, 0x51, 0x0c, 0x00, 0x00, 0x00, 0x07, 0x00, 0x00, 0x00, 0x04, 0x00, 0x00, 0x00, 0x01
.byte 0x00, 0x00, 0x00, 0x00, 0x00, 0x00, 0x00, 0x00, 0x00, 0x00, 0x00, 0x00, 0x00, 0x00, 0x00, 0x00
.byte 0x00, 0x00, 0x00, 0x00, 0x00, 0x00, 0x00, 0x00, 0x00, 0x00, 0x00, 0x00, 0x00, 0x00, 0x00, 0x00
.byte 0x00, 0x00, 0x00, 0x00, 0x00, 0x00, 0x00, 0x00, 0xff, 0xf8, 0x00, 0x00, 0x00, 0x00, 0x00, 0x00
.byte 0x00, 0x00, 0x00, 0x00, 0x00, 0x00, 0x1f, 0xff, 0xff, 0x80, 0x00, 0x00, 0x00, 0x00, 0x00, 0x00
.byte 0x00, 0x00, 0x00, 0x00, 0x00, 0x00, 0x01, 0xff, 0xff, 0x00, 0x00, 0x00, 0x00, 0x00, 0x00, 0x00
.byte 0x00, 0x00, 0x00, 0x00, 0x00, 0x00, 0x00, 0xff, 0xfc, 0x00, 0x00, 0x00, 0x00, 0x00, 0x00, 0x00
.byte 0x00, 0x00, 0x00, 0x00, 0x00, 0x00, 0x00, 0x3f, 0xf8, 0x00, 0x00, 0x00, 0x00, 0x00, 0x00, 0x00
.byte 0x00, 0x00, 0x00, 0x00, 0x00, 0x00, 0x00, 0x1f, 0xf0, 0x00, 0x00, 0x00, 0x00, 0x00, 0x00, 0x00
.byte 0x00, 0x00, 0x00, 0x00, 0x00, 0x00, 0x00, 0x0f, 0xe0, 0x00, 0x00, 0x00, 0x00, 0x00, 0x00, 0x00
.byte 0x00, 0x00, 0x00, 0x00, 0x00, 0x00, 0x00, 0x07, 0xe0, 0x00, 0x00, 0x00, 0x00, 0x00, 0x00, 0x00
.byte 0x00, 0x00, 0x00, 0x00, 0x00, 0x00, 0x00, 0x07, 0xc0, 0x00, 0x00, 0x00, 0x00, 0x00, 0x00, 0x00
.byte 0x00, 0x00, 0x00, 0x00, 0x00, 0x00, 0x00, 0x03, 0xc0, 0x00, 0x00, 0x00, 0x00, 0x00, 0x00, 0x00
.byte 0x00, 0x00, 0x00, 0x00, 0x00, 0x00, 0x00, 0x01, 0x80, 0x00, 0x00, 0x00, 0x00, 0x00, 0x00, 0x00
.byte 0x00, 0x00, 0x00, 0x00, 0x00, 0x00, 0x00, 0x01, 0x80, 0x00, 0x00, 0x00, 0x00, 0x00, 0x00, 0x00
.byte 0x00, 0x00, 0x00, 0x00, 0x00, 0x00, 0x00, 0x01, 0x80, 0x00, 0x00, 0x00, 0x00, 0x00, 0x00, 0x00
.byte 0x00, 0x00, 0x00, 0x00, 0x00, 0x00, 0x00, 0x01, 0x00, 0x00, 0x00, 0x00, 0x00, 0x00, 0x00, 0x00
.byte 0x00, 0x00, 0x00, 0x00, 0x00, 0x00, 0x00, 0x00, 0x00, 0x00, 0x00, 0x00, 0x00, 0x00, 0x00, 0x00
.byte 0x00, 0x00, 0x00, 0x00, 0x00, 0x00, 0x00, 0x00, 0x00, 0x00, 0x00, 0x00, 0x00, 0x00, 0x00, 0x00
.byte 0x00, 0x00, 0x00, 0x00, 0x00, 0x00, 0x00, 0x00, 0x00, 0x00, 0x00, 0x00, 0x00, 0x00, 0x00, 0x00
.byte 0x00, 0x00, 0x00, 0x00, 0x00, 0x00, 0x00, 0x00, 0x00, 0x00, 0x00, 0x00, 0x00, 0x00, 0x00, 0x00
.byte 0x00, 0x00, 0x00, 0x00, 0x00, 0x00, 0x00, 0x00, 0x00, 0x00, 0x00, 0x00, 0x00, 0x00, 0x00, 0x00
.byte 0x00, 0x00, 0x00, 0x00, 0x00, 0x00, 0x00, 0x00, 0x00, 0x00, 0x00, 0x00, 0x00, 0x00, 0x00, 0x00
.byte 0x00, 0x00, 0x00, 0x00, 0x00, 0x00, 0x00, 0x00, 0x00, 0x00, 0x00, 0x00, 0x00, 0x00, 0x00, 0x00
.byte 0x00, 0x00, 0x00, 0x00, 0x00, 0x00, 0x00, 0x00, 0x00, 0x00, 0x00, 0x00, 0x00, 0x00, 0x00, 0x00
.byte 0x00, 0x00, 0x00, 0x00, 0x00, 0x00, 0x00, 0x00, 0x00, 0x00, 0x00, 0x00, 0x00, 0x00, 0x00, 0x00
.byte 0x00, 0x00, 0x00, 0x00, 0x00, 0x00, 0x00, 0x00, 0x00, 0x00, 0x00, 0x00, 0x00, 0x00, 0x00, 0x00
.byte 0x00, 0x00, 0x00, 0x00, 0x00, 0x00, 0x00, 0x00, 0x00, 0x00, 0x00, 0x00, 0x00, 0x00, 0x00, 0x00
.byte 0x00, 0x00, 0x00, 0x00, 0x00, 0x00, 0x00, 0x00, 0x00, 0x00, 0x00, 0x00, 0x00, 0x00, 0x00, 0x00
.byte 0x00, 0x00, 0x00, 0x00, 0x00, 0x00, 0x00, 0x00, 0x00, 0x00, 0x00, 0x00, 0x00, 0x00, 0x00, 0x00
.byte 0x00, 0x00, 0x00, 0x00, 0x00, 0x00, 0x00, 0x00, 0x00, 0x00, 0x00, 0x00, 0x00, 0x00, 0x00, 0x00
.byte 0x00, 0x00, 0x00, 0x00, 0x00, 0x00, 0x00, 0x00, 0x00, 0x00, 0x00, 0x00, 0x00, 0x00, 0x00, 0x00
.byte 0x00, 0x00, 0x00, 0x00, 0x00, 0x00, 0x00, 0x00, 0x00, 0x00, 0x00, 0x00, 0x00, 0x00, 0x00, 0x00
.byte 0x00, 0x00, 0x00, 0x00, 0x00, 0x00, 0x00, 0x00, 0x00, 0x00, 0x00, 0x00, 0x00, 0x00, 0x00, 0x00
.byte 0x00, 0x00, 0x00, 0x00, 0x00, 0x00, 0x00, 0x00, 0x00, 0x00, 0x00, 0x00, 0x00, 0x00, 0x00, 0x00
.byte 0x00, 0x00, 0x00, 0x00, 0x00, 0x00, 0x00, 0x00, 0x00, 0x00, 0x00, 0x00, 0x00, 0x00, 0x00, 0x00
.byte 0x00, 0x00, 0x00, 0x00, 0x00, 0x00, 0x00, 0x00, 0x00, 0x00, 0x00, 0x00, 0x00, 0x00, 0x00, 0x00
.byte 0x00, 0x00, 0x00, 0x00, 0x00, 0x00, 0x00, 0x00, 0x00, 0x00, 0x00, 0x00, 0x00, 0x00, 0x00, 0x00
.byte 0x00, 0x00, 0x00, 0x00, 0x00, 0x00, 0x00, 0x00, 0x00, 0x00, 0x00, 0x00, 0x00, 0x00, 0x00, 0x00
.byte 0x00, 0x00, 0x00, 0x00, 0x00, 0x00, 0x00, 0x00, 0x00, 0x00, 0x00, 0x00, 0x00, 0x00, 0x00, 0x00
.byte 0x00, 0x00, 0x00, 0x00, 0x00, 0x00, 0x00, 0x00, 0x00, 0x00, 0x00, 0x00, 0x00, 0x00, 0x00, 0x00
.byte 0x00, 0x00, 0x00, 0x00, 0x00, 0x00, 0x00, 0x00, 0x00, 0x00, 0x00, 0x00, 0x00, 0x00, 0x00, 0x00
.byte 0x00, 0x00, 0x00, 0x00, 0x00, 0x00, 0x00, 0x00, 0x00, 0x00, 0x00, 0x00, 0x00, 0x00, 0x00, 0x00
.byte 0x00, 0x00, 0x00, 0x00, 0x00, 0x00, 0x00, 0x00, 0x00, 0x00, 0x00, 0x00, 0x00, 0x00, 0x00, 0x00
.byte 0x00, 0x00, 0x00, 0x00, 0x00, 0x00, 0x00, 0x00, 0x00, 0x00, 0x00, 0x00, 0x00, 0x00, 0x00, 0x00
.byte 0x00, 0x00, 0x00, 0x00, 0x00, 0x00, 0x00, 0x00, 0x00, 0x00, 0x00, 0x00, 0x00, 0x00, 0x00, 0x00
.byte 0x00, 0x00, 0x00, 0x00, 0x00, 0x00, 0x00, 0x00, 0x00, 0x00, 0x00, 0x00, 0x00, 0x00, 0x00, 0x00
.byte 0x00, 0x00, 0x00, 0x00, 0x00, 0x00, 0x00, 0x00, 0x00, 0x00, 0x00, 0x00, 0x00, 0x00, 0x00, 0x00
.byte 0x00, 0x00, 0x00, 0x00, 0x00, 0x00, 0x00, 0x00, 0x00, 0x00, 0x00, 0x00, 0x00, 0x00, 0x00, 0x00
.byte 0x00, 0x00, 0x00, 0x00, 0x00, 0x00, 0x00, 0x00, 0x00, 0x00, 0x00, 0x00, 0x00, 0x00, 0x00, 0x00
.byte 0x00, 0x00, 0x00, 0x00, 0x00, 0x00, 0x00, 0x00, 0x00, 0x00, 0x00, 0x00, 0x00, 0x00, 0x00, 0x00
.byte 0x00, 0x00, 0x00, 0x00, 0x00, 0x00, 0x00, 0x00, 0x00, 0x00, 0x00, 0x00, 0x00, 0x00, 0x00, 0x00
.byte 0x00, 0x00, 0x00, 0x00, 0x00, 0x00, 0x00, 0x00, 0x00, 0x00, 0x00, 0x00, 0x00, 0x00, 0x00, 0x00
.byte 0x00, 0x00, 0x00, 0x00, 0x00, 0x00, 0x00, 0x00, 0x00, 0x00, 0x00, 0x00, 0x00, 0x00, 0x00, 0x00
.byte 0x00, 0x00, 0x00, 0x00, 0x00, 0x00, 0x00, 0x00, 0x00, 0x00, 0x00, 0x00, 0x00, 0x00, 0x00, 0x00
.byte 0x00, 0x00, 0x00, 0x00, 0x00, 0x00, 0x00, 0x00, 0x00, 0x00, 0x00, 0x00, 0x00, 0x00, 0x00, 0x00
.byte 0x00, 0x00, 0x00, 0x00, 0x00, 0x00, 0x00, 0x00, 0x00, 0x00, 0x00, 0x00, 0x00, 0x00, 0x00, 0x00
.byte 0x00, 0x00, 0x00, 0x00, 0x00, 0x00, 0x00, 0x00, 0x00, 0x00, 0x00, 0x00, 0x00, 0x00, 0x00, 0x00
.byte 0x00, 0x00, 0x00, 0x00, 0x00, 0x00, 0x00, 0x00, 0x00, 0x00, 0x00, 0x00, 0x00, 0x00, 0x00, 0x00
.byte 0x00, 0x00, 0x00, 0x00, 0x00, 0x00, 0x00, 0x00, 0x00, 0x00, 0x00, 0x00, 0x00, 0x00, 0x00, 0x00
.byte 0x00, 0x00, 0x00, 0x00, 0x00, 0x00, 0x00, 0x00, 0x00, 0x00, 0x00, 0x00, 0x00, 0x00, 0x00, 0x00
.byte 0x00, 0x00, 0x00, 0x00, 0x00, 0x00, 0x00, 0x00, 0x00, 0x00, 0x00, 0x00, 0x00, 0x00, 0x00, 0x00
.byte 0x00, 0x00, 0x00, 0x00, 0x00, 0x00, 0x00, 0x00, 0x00, 0x00, 0x00, 0x00, 0x00, 0x00, 0x00, 0x00
.byte 0x00, 0x00, 0x00, 0x00, 0x00, 0x00, 0x00, 0x00, 0x00, 0x00, 0x00, 0x00, 0x00, 0x00, 0x00, 0x00
.byte 0x00, 0x00, 0x00, 0x00, 0x00, 0x00, 0x00, 0x00, 0x00, 0x00, 0x00, 0x00, 0x00, 0x00, 0x00, 0x00
.byte 0x00, 0x00, 0x00, 0x00, 0x00, 0x00, 0x00, 0x00, 0x00, 0x00, 0x00, 0x00, 0x00, 0x00, 0x00, 0x00
.byte 0x00, 0x00, 0x00, 0x00, 0x00, 0x00, 0x00, 0x00, 0x00, 0x00, 0x00, 0x00, 0x00, 0x00, 0x00, 0x00
.byte 0x00, 0x00, 0x00, 0x00, 0x00, 0x00, 0x00, 0x00, 0x00, 0x00, 0x00, 0x00, 0x00, 0x00, 0x00, 0x00
.byte 0x00, 0x00, 0x00, 0x00, 0x00, 0x00, 0x00, 0x00, 0x00, 0x00, 0x00, 0x00, 0x00, 0x00, 0x00, 0x00
.byte 0x00, 0x00, 0x00, 0x00, 0x00, 0x00, 0x00, 0x00, 0x00, 0x00, 0x00, 0x00, 0x00, 0x00, 0x00, 0x00
.byte 0x00, 0x00, 0x00, 0x00, 0x00, 0x00, 0x00, 0x00, 0x00, 0x00, 0x00, 0x00, 0x00, 0x00, 0x00, 0x00
.byte 0x00, 0x00, 0x00, 0x00, 0x00, 0x00, 0x00, 0x00, 0x00, 0x00, 0x00, 0x00, 0x00, 0x00, 0x00, 0x00
.byte 0x00, 0x00, 0x00, 0x00, 0x00, 0x00, 0x00, 0x00, 0x00, 0x00, 0x00, 0x00, 0x00, 0x00, 0x00, 0x00
.byte 0x00, 0x00, 0x00, 0x00, 0x00, 0x00, 0x00, 0x00, 0x00, 0x00, 0x00, 0x00, 0x00, 0x00, 0x00, 0x00
.byte 0x00, 0x00, 0x00, 0x00, 0x00, 0x00, 0x00, 0x00, 0x00, 0x00, 0x00, 0x00, 0x00, 0x00, 0x00, 0x00
.byte 0x00, 0x00, 0x00, 0x00, 0x00, 0x00, 0x00, 0x00, 0x00, 0x00, 0x00, 0x00, 0x00, 0x00, 0x00, 0x00
.byte 0x00, 0x00, 0x00, 0x00, 0x00, 0x00, 0x00, 0x00, 0x00, 0x00, 0x00, 0x00, 0x00, 0x00, 0x00, 0x00
.byte 0x00, 0x00, 0x00, 0x00, 0x00, 0x00, 0x00, 0x00, 0x00, 0x00, 0x00, 0x00, 0x00, 0x00, 0x00, 0x00
.byte 0x00, 0x00, 0x00, 0x00, 0x00, 0x00, 0x00, 0x00, 0x00, 0x00, 0x00, 0x00, 0x00, 0x00, 0x00, 0x00
.byte 0x00, 0x00, 0x00, 0x00, 0x00, 0x00, 0x00, 0x00, 0x00, 0x00, 0x00, 0x00, 0x00, 0x00, 0x00, 0x00
.byte 0x00, 0x00, 0x00, 0x00, 0x00, 0x00, 0x00, 0x00, 0x00, 0x00, 0x00, 0x00, 0x00, 0x00, 0x00, 0x00
.byte 0x00, 0x00, 0x00, 0x00, 0x00, 0x00, 0x00, 0x00, 0x00, 0x00, 0x00, 0x00, 0x00, 0x00, 0x00, 0x00
.byte 0x00, 0x00, 0x00, 0x00, 0x00, 0x00, 0x00, 0x00, 0x00, 0x00, 0x00, 0x00, 0x00, 0x00, 0x00, 0x00
.byte 0x00, 0x00, 0x00, 0x00, 0x00, 0x00, 0x00, 0x00, 0x00, 0x00, 0x00, 0x00, 0x00, 0x00, 0x00, 0x00
.byte 0x00, 0x00, 0x00, 0x00, 0x00, 0x00, 0x00, 0x00, 0x00, 0x00, 0x00, 0x00, 0x00, 0x00, 0x00, 0x00
.byte 0x00, 0x00, 0x00, 0x00, 0x00, 0x00, 0x00, 0x00, 0x00, 0x00, 0x00, 0x00, 0x00, 0x00, 0x00, 0x00
.byte 0x00, 0x00, 0x00, 0x00, 0x00, 0x00, 0x00, 0x00, 0x00, 0x00, 0x00, 0x00, 0x00, 0x00, 0x00, 0x00
.byte 0x00, 0x00, 0x00, 0x00, 0x00, 0x00, 0x00, 0x00, 0x00, 0x00, 0x00, 0x00, 0x00, 0x00, 0x00, 0x00
.byte 0x00, 0x00, 0x00, 0x00, 0x00, 0x00, 0x00, 0x00, 0x00, 0x00, 0x00, 0x00, 0x00, 0x00, 0x00, 0x00
.byte 0x00, 0x00, 0x00, 0x00, 0x00, 0x00, 0x00, 0x00, 0x00, 0x00, 0x00, 0x00, 0x00, 0x00, 0x00, 0x00
.byte 0x00, 0x00, 0x00, 0x00, 0x00, 0x00, 0x00, 0x00, 0x00, 0x00, 0x00, 0x00, 0x00, 0x00, 0x00, 0x00
.byte 0x00, 0x00, 0x00, 0x00, 0x00, 0x00, 0x00, 0x00, 0x00, 0x00, 0x00, 0x00, 0x00, 0x00, 0x00, 0x00
.byte 0x00, 0x00, 0x00, 0x00, 0x00, 0x00, 0x00, 0x00, 0x00, 0x00, 0x00, 0x00, 0x00, 0x00, 0x00, 0x00
.byte 0x00, 0x00, 0x00, 0x00, 0x00, 0x00, 0x00, 0x00, 0x00, 0x00, 0x00, 0x00, 0x00, 0x00, 0x00, 0x00
.byte 0x00, 0x00, 0x00, 0x00, 0x00, 0x00, 0x00, 0x00, 0x00, 0x00, 0x00, 0x00, 0x00, 0x00, 0x00, 0x00
.byte 0x00, 0x00, 0x00, 0x00, 0x00, 0x00, 0x00, 0x00, 0x00, 0x00, 0x00, 0x00, 0x00, 0x00, 0x00, 0x00
.byte 0x00, 0x00, 0x00, 0x00, 0x00, 0x00, 0x00, 0x00, 0x00, 0x00, 0x00, 0x00, 0x00, 0x00, 0x00, 0x00
.byte 0x00, 0x00, 0x00, 0x00, 0x00, 0x00, 0x00, 0x00, 0x00, 0x00, 0x00, 0x00, 0x00, 0x00, 0x00, 0x00
.byte 0x00, 0x00, 0x00, 0x00, 0x00, 0x00, 0x00, 0x00, 0x00, 0x00, 0x00, 0x00, 0x00, 0x00, 0x00, 0x00
.byte 0x00, 0x00, 0x00, 0x00, 0x00, 0x00, 0x00, 0x00, 0x00, 0x00, 0x00, 0x00, 0x00, 0x00, 0x00, 0x00
.byte 0x00, 0x00, 0x00, 0x00, 0x00, 0x00, 0x00, 0x00, 0x00, 0x00, 0x00, 0x00, 0x00, 0x00, 0x00, 0x00
.byte 0x00, 0x00, 0x00, 0x00, 0x00, 0x00, 0x00, 0x00, 0x00, 0x00, 0x00, 0x00, 0x00, 0x00, 0x00, 0x00
.byte 0x00, 0x00, 0x00, 0x00, 0x00, 0x00, 0x00, 0x00, 0x00, 0x00, 0x00, 0x00, 0x00, 0x00, 0x00, 0x00
.byte 0x00, 0x00, 0x00, 0x00, 0x00, 0x00, 0x00, 0x00, 0x00, 0x00, 0x00, 0x00, 0x00, 0x00, 0x00, 0x00
.byte 0x00, 0x00, 0x00, 0x00, 0x00, 0x00, 0x00, 0x00, 0x00, 0x00, 0x00, 0x00, 0x00, 0x00, 0x00, 0x00
.byte 0x00, 0x00, 0x00, 0x00, 0x00, 0x00, 0x00, 0x00, 0x00, 0x00, 0x00, 0x00, 0x00, 0x00, 0x00, 0x00
.byte 0x00, 0x00, 0x00, 0x00, 0x00, 0x00, 0x00, 0x00, 0x00, 0x00, 0x00, 0x00, 0x00, 0x00, 0x00, 0x00
.byte 0x00, 0x00, 0x00, 0x00, 0x00, 0x00, 0x00, 0x00, 0x00, 0x00, 0x00, 0x00, 0x00, 0x00, 0x00, 0x00
.byte 0x00, 0x00, 0x00, 0x00, 0x00, 0x00, 0x00, 0x00, 0x00, 0x00, 0x00, 0x00, 0x00, 0x00, 0x00, 0x00
.byte 0x00, 0x00, 0x00, 0x00, 0x00, 0x00, 0x00, 0x00, 0x00, 0x00, 0x00, 0x00, 0x00, 0x00, 0x00, 0x00
.byte 0x00, 0x00, 0x00, 0x00, 0x00, 0x00, 0x00, 0x00, 0x00, 0x00, 0x00, 0x00, 0x00, 0x00, 0x00, 0x00
.byte 0x00, 0x00, 0x00, 0x00, 0x00, 0x00, 0x00, 0x00, 0x00, 0x00, 0x00, 0x00, 0x00, 0x00, 0x00, 0x00
.byte 0x00, 0x00, 0x00, 0x00, 0x00, 0x00, 0x00, 0x00, 0x00, 0x00, 0x00, 0x00, 0x00, 0x00, 0x00, 0x00
.byte 0x00, 0x00, 0x00, 0x00, 0x00, 0x00, 0x00, 0x00, 0x00, 0x00, 0x00, 0x00, 0x00, 0x00, 0x00, 0x00
.byte 0x00, 0x00, 0x00, 0x00, 0x00, 0x00, 0x00, 0x00, 0x00, 0x00, 0x00, 0x00, 0x00, 0x00, 0x00, 0x00
.byte 0x00, 0x00, 0x00, 0x00, 0x00, 0x00, 0x00, 0x00, 0x00, 0x00, 0x00, 0x00, 0x00, 0x00, 0x00, 0x00
.byte 0x00, 0x00, 0x00, 0x00, 0x00, 0x00, 0x00, 0x00, 0x00, 0x00, 0x00, 0x00, 0x00, 0x00, 0x00, 0x00
.byte 0x00, 0x00, 0x00, 0x00, 0x00, 0x00, 0x00, 0x00, 0x00, 0x00, 0x00, 0x00, 0x00, 0x00, 0x00, 0x00
.byte 0x00, 0x00, 0x00, 0x00, 0x00, 0x00, 0x00, 0x00, 0x80, 0x00, 0x00, 0x00, 0x00, 0x00, 0x00, 0x00
.byte 0x00, 0x00, 0x00, 0x00, 0x00, 0x00, 0x00, 0x01, 0x80, 0x00, 0x00, 0x00, 0x00, 0x00, 0x00, 0x00
.byte 0x00, 0x00, 0x00, 0x00, 0x00, 0x00, 0x00, 0x01, 0x80, 0x00, 0x00, 0x00, 0x00, 0x00, 0x00, 0x00
.byte 0x00, 0x00, 0x00, 0x00, 0x00, 0x00, 0x00, 0x01, 0xc0, 0x00, 0x00, 0x00, 0x00, 0x00, 0x00, 0x00
.byte 0x00, 0x00, 0x00, 0x00, 0x00, 0x00, 0x00, 0x01, 0xc0, 0x00, 0x00, 0x00, 0x00, 0x00, 0x00, 0x00
.byte 0x00, 0x00, 0x00, 0x00, 0x00, 0x00, 0x00, 0x03, 0xe0, 0x00, 0x00, 0x00, 0x00, 0x00, 0x00, 0x00
.byte 0x00, 0x00, 0x00, 0x00, 0x00, 0x00, 0x00, 0x07, 0xe0, 0x00, 0x00, 0x00, 0x00, 0x00, 0x00, 0x00
.byte 0x00, 0x00, 0x00, 0x00, 0x00, 0x00, 0x00, 0x07, 0xf0, 0x00, 0x00, 0x00, 0x00, 0x00, 0x00, 0x00
.byte 0x00, 0x00, 0x00, 0x00, 0x00, 0x00, 0x00, 0x0f, 0xf8, 0x00, 0x00, 0x00, 0x00, 0x00, 0x00, 0x00
.byte 0x00, 0x00, 0x00, 0x00, 0x00, 0x00, 0x00, 0x1f, 0xfc, 0x00, 0x00, 0x00, 0x00, 0x00, 0x00, 0x00
.byte 0x00, 0x00, 0x00, 0x00, 0x00, 0x00, 0x00, 0x3f, 0xff, 0x00, 0x00, 0x00, 0x00, 0x00, 0x00, 0x00
.byte 0x00, 0x00, 0x00, 0x00, 0x00, 0x00, 0x00, 0xff, 0xff, 0xc0, 0x00, 0x00, 0x00, 0x00, 0x00, 0x00
.byte 0x00, 0x00, 0x00, 0x00, 0x00, 0x00, 0x03, 0xff, 0xff, 0xf8, 0x00, 0x00, 0x00, 0x00, 0x00, 0x00
.byte 0x00, 0x00, 0x00, 0x00, 0x00, 0x00, 0x1f, 0xff, 0x28, 0x00, 0x00, 0x00, 0x00, 0x01, 0x00, 0x00
.byte 0x00, 0x02, 0x00, 0x00, 0x01, 0x00, 0x20, 0x00, 0x00, 0x00, 0x00, 0x00, 0x00, 0x20, 0x04, 0x00
.byte 0x00, 0x00, 0x00, 0x00, 0x00, 0x00, 0x00, 0x00, 0x00, 0x00, 0x00, 0x00, 0x00, 0x00, 0x00, 0x00
.byte 0x00, 0x00, 0x00, 0x00, 0x00, 0x00, 0x00, 0x00, 0x00, 0x00, 0x00, 0x00, 0x00, 0x00, 0x00, 0x00
.byte 0x00, 0x00, 0x00, 0x00, 0x00, 0x00, 0x00, 0x00, 0x00, 0x00, 0x00, 0x00, 0x00, 0x00, 0x00, 0x00
.byte 0x00, 0x00, 0x00, 0x00, 0x00, 0x00, 0x00, 0x00, 0x00, 0x00, 0x00, 0x00, 0x00, 0x00, 0x00, 0x00
.byte 0x00, 0x00, 0x00, 0x00, 0x00, 0x00, 0x00, 0x00, 0x00, 0x00, 0x00, 0x00, 0x00, 0x00, 0x00, 0x00
.byte 0x00, 0x00, 0x00, 0x00, 0x00, 0x00, 0x00, 0x00, 0x00, 0x00, 0x00, 0x00, 0x00, 0x00, 0x00, 0x00
.byte 0x00, 0x00, 0x00, 0x00, 0x00, 0x00, 0x00, 0x01, 0x00, 0x00, 0x00, 0x01, 0x80, 0x80, 0x80, 0x02
.byte 0x55, 0x55, 0x55, 0x03, 0x40, 0x40, 0x40, 0x04, 0x66, 0x66, 0x66, 0x05, 0x49, 0x49, 0x49, 0x07
.byte 0x39, 0x39, 0x39, 0x09, 0x4d, 0x4d, 0x4d, 0x0a, 0x46, 0x46, 0x46, 0x0b, 0x46, 0x46, 0x46, 0x0b
.byte 0x46, 0x46, 0x46, 0x0b, 0x46, 0x46, 0x46, 0x0b, 0x46, 0x46, 0x46, 0x0b, 0x46, 0x46, 0x46, 0x0b
.byte 0x46, 0x46, 0x46, 0x0b, 0x46, 0x46, 0x46, 0x0b, 0x46, 0x46, 0x46, 0x0b, 0x46, 0x46, 0x46, 0x0b
.byte 0x46, 0x46, 0x46, 0x0b, 0x46, 0x46, 0x46, 0x0b, 0x46, 0x46, 0x46, 0x0b, 0x46, 0x46, 0x46, 0x0b
.byte 0x46, 0x46, 0x46, 0x0b, 0x46, 0x46, 0x46, 0x0b, 0x46, 0x46, 0x46, 0x0b, 0x46, 0x46, 0x46, 0x0b
.byte 0x46, 0x46, 0x46, 0x0b, 0x46, 0x46, 0x46, 0x0b, 0x46, 0x46, 0x46, 0x0b, 0x46, 0x46, 0x46, 0x0b
.byte 0x46, 0x46, 0x46, 0x0b, 0x46, 0x46, 0x46, 0x0b, 0x46, 0x46, 0x46, 0x0b, 0x46, 0x46, 0x46, 0x0b
.byte 0x46, 0x46, 0x46, 0x0b, 0x46, 0x46, 0x46, 0x0b, 0x46, 0x46, 0x46, 0x0b, 0x46, 0x46, 0x46, 0x0b
.byte 0x46, 0x46, 0x46, 0x0b, 0x46, 0x46, 0x46, 0x0b, 0x46, 0x46, 0x46, 0x0b, 0x46, 0x46, 0x46, 0x0b
.byte 0x46, 0x46, 0x46, 0x0b, 0x46, 0x46, 0x46, 0x0b, 0x46, 0x46, 0x46, 0x0b, 0x46, 0x46, 0x46, 0x0b
.byte 0x46, 0x46, 0x46, 0x0b, 0x46, 0x46, 0x46, 0x0b, 0x46, 0x46, 0x46, 0x0b, 0x46, 0x46, 0x46, 0x0b
.byte 0x46, 0x46, 0x46, 0x0b, 0x46, 0x46, 0x46, 0x0b, 0x46, 0x46, 0x46, 0x0b, 0x46, 0x46, 0x46, 0x0b
.byte 0x46, 0x46, 0x46, 0x0b, 0x46, 0x46, 0x46, 0x0b, 0x46, 0x46, 0x46, 0x0b, 0x46, 0x46, 0x46, 0x0b
.byte 0x46, 0x46, 0x46, 0x0b, 0x46, 0x46, 0x46, 0x0b, 0x46, 0x46, 0x46, 0x0b, 0x46, 0x46, 0x46, 0x0b
.byte 0x46, 0x46, 0x46, 0x0b, 0x46, 0x46, 0x46, 0x0b, 0x46, 0x46, 0x46, 0x0b, 0x46, 0x46, 0x46, 0x0b
.byte 0x46, 0x46, 0x46, 0x0b, 0x46, 0x46, 0x46, 0x0b, 0x46, 0x46, 0x46, 0x0b, 0x46, 0x46, 0x46, 0x0b
.byte 0x46, 0x46, 0x46, 0x0b, 0x46, 0x46, 0x46, 0x0b, 0x46, 0x46, 0x46, 0x0b, 0x46, 0x46, 0x46, 0x0b
.byte 0x46, 0x46, 0x46, 0x0b, 0x46, 0x46, 0x46, 0x0b, 0x46, 0x46, 0x46, 0x0b, 0x46, 0x46, 0x46, 0x0b
.byte 0x46, 0x46, 0x46, 0x0b, 0x46, 0x46, 0x46, 0x0b, 0x46, 0x46, 0x46, 0x0b, 0x46, 0x46, 0x46, 0x0b
.byte 0x46, 0x46, 0x46, 0x0b, 0x46, 0x46, 0x46, 0x0b, 0x46, 0x46, 0x46, 0x0b, 0x46, 0x46, 0x46, 0x0b
.byte 0x46, 0x46, 0x46, 0x0b, 0x46, 0x46, 0x46, 0x0b, 0x46, 0x46, 0x46, 0x0b, 0x46, 0x46, 0x46, 0x0b
.byte 0x46, 0x46, 0x46, 0x0b, 0x46, 0x46, 0x46, 0x0b, 0x46, 0x46, 0x46, 0x0b, 0x46, 0x46, 0x46, 0x0b
.byte 0x46, 0x46, 0x46, 0x0b, 0x46, 0x46, 0x46, 0x0b, 0x46, 0x46, 0x46, 0x0b, 0x46, 0x46, 0x46, 0x0b
.byte 0x46, 0x46, 0x46, 0x0b, 0x46, 0x46, 0x46, 0x0b, 0x46, 0x46, 0x46, 0x0b, 0x46, 0x46, 0x46, 0x0b
.byte 0x46, 0x46, 0x46, 0x0b, 0x46, 0x46, 0x46, 0x0b, 0x46, 0x46, 0x46, 0x0b, 0x46, 0x46, 0x46, 0x0b
.byte 0x46, 0x46, 0x46, 0x0b, 0x46, 0x46, 0x46, 0x0b, 0x46, 0x46, 0x46, 0x0b, 0x46, 0x46, 0x46, 0x0b
.byte 0x46, 0x46, 0x46, 0x0b, 0x46, 0x46, 0x46, 0x0b, 0x46, 0x46, 0x46, 0x0b, 0x46, 0x46, 0x46, 0x0b
.byte 0x46, 0x46, 0x46, 0x0b, 0x46, 0x46, 0x46, 0x0b, 0x46, 0x46, 0x46, 0x0b, 0x46, 0x46, 0x46, 0x0b
.byte 0x46, 0x46, 0x46, 0x0b, 0x46, 0x46, 0x46, 0x0b, 0x46, 0x46, 0x46, 0x0b, 0x46, 0x46, 0x46, 0x0b
.byte 0x46, 0x46, 0x46, 0x0b, 0x46, 0x46, 0x46, 0x0b, 0x46, 0x46, 0x46, 0x0b, 0x46, 0x46, 0x46, 0x0b
.byte 0x46, 0x46, 0x46, 0x0b, 0x46, 0x46, 0x46, 0x0b, 0x46, 0x46, 0x46, 0x0b, 0x46, 0x46, 0x46, 0x0b
.byte 0x46, 0x46, 0x46, 0x0b, 0x46, 0x46, 0x46, 0x0b, 0x46, 0x46, 0x46, 0x0b, 0x46, 0x46, 0x46, 0x0b
.byte 0x46, 0x46, 0x46, 0x0b, 0x46, 0x46, 0x46, 0x0b, 0x46, 0x46, 0x46, 0x0b, 0x46, 0x46, 0x46, 0x0b
.byte 0x46, 0x46, 0x46, 0x0b, 0x46, 0x46, 0x46, 0x0b, 0x46, 0x46, 0x46, 0x0b, 0x46, 0x46, 0x46, 0x0b
.byte 0x46, 0x46, 0x46, 0x0b, 0x46, 0x46, 0x46, 0x0b, 0x46, 0x46, 0x46, 0x0b, 0x46, 0x46, 0x46, 0x0b
.byte 0x46, 0x46, 0x46, 0x0b, 0x46, 0x46, 0x46, 0x0b, 0x46, 0x46, 0x46, 0x0b, 0x46, 0x46, 0x46, 0x0b
.byte 0x46, 0x46, 0x46, 0x0b, 0x46, 0x46, 0x46, 0x0b, 0x46, 0x46, 0x46, 0x0b, 0x46, 0x46, 0x46, 0x0b
.byte 0x46, 0x46, 0x46, 0x0b, 0x46, 0x46, 0x46, 0x0b, 0x46, 0x46, 0x46, 0x0b, 0x46, 0x46, 0x46, 0x0b
.byte 0x46, 0x46, 0x46, 0x0b, 0x46, 0x46, 0x46, 0x0b, 0x46, 0x46, 0x46, 0x0b, 0x46, 0x46, 0x46, 0x0b
.byte 0x46, 0x46, 0x46, 0x0b, 0x46, 0x46, 0x46, 0x0b, 0x46, 0x46, 0x46, 0x0b, 0x46, 0x46, 0x46, 0x0b
.byte 0x46, 0x46, 0x46, 0x0b, 0x46, 0x46, 0x46, 0x0b, 0x46, 0x46, 0x46, 0x0b, 0x46, 0x46, 0x46, 0x0b
.byte 0x46, 0x46, 0x46, 0x0b, 0x46, 0x46, 0x46, 0x0b, 0x46, 0x46, 0x46, 0x0b, 0x46, 0x46, 0x46, 0x0b
.byte 0x46, 0x46, 0x46, 0x0b, 0x46, 0x46, 0x46, 0x0b, 0x46, 0x46, 0x46, 0x0b, 0x46, 0x46, 0x46, 0x0b
.byte 0x46, 0x46, 0x46, 0x0b, 0x46, 0x46, 0x46, 0x0b, 0x46, 0x46, 0x46, 0x0b, 0x46, 0x46, 0x46, 0x0b
.byte 0x46, 0x46, 0x46, 0x0b, 0x46, 0x46, 0x46, 0x0b, 0x46, 0x46, 0x46, 0x0b, 0x46, 0x46, 0x46, 0x0b
.byte 0x46, 0x46, 0x46, 0x0b, 0x46, 0x46, 0x46, 0x0b, 0x46, 0x46, 0x46, 0x0b, 0x46, 0x46, 0x46, 0x0b
.byte 0x46, 0x46, 0x46, 0x0b, 0x46, 0x46, 0x46, 0x0b, 0x46, 0x46, 0x46, 0x0b, 0x46, 0x46, 0x46, 0x0b
.byte 0x46, 0x46, 0x46, 0x0b, 0x46, 0x46, 0x46, 0x0b, 0x46, 0x46, 0x46, 0x0b, 0x46, 0x46, 0x46, 0x0b
.byte 0x46, 0x46, 0x46, 0x0b, 0x46, 0x46, 0x46, 0x0b, 0x46, 0x46, 0x46, 0x0b, 0x46, 0x46, 0x46, 0x0b
.byte 0x46, 0x46, 0x46, 0x0b, 0x46, 0x46, 0x46, 0x0b, 0x4d, 0x4d, 0x4d, 0x0a, 0x39, 0x39, 0x39, 0x09
.byte 0x49, 0x49, 0x49, 0x07, 0x66, 0x66, 0x66, 0x05, 0x40, 0x40, 0x40, 0x04, 0x55, 0x55, 0x55, 0x03
.byte 0x80, 0x80, 0x80, 0x02, 0x00, 0x00, 0x00, 0x01, 0x00, 0x00, 0x00, 0x01, 0x00, 0x00, 0x00, 0x00
.byte 0x00, 0x00, 0x00, 0x00, 0x00, 0x00, 0x00, 0x00, 0x00, 0x00, 0x00, 0x00, 0x00, 0x00, 0x00, 0x00
.byte 0x00, 0x00, 0x00, 0x00, 0x00, 0x00, 0x00, 0x00, 0x00, 0x00, 0x00, 0x00, 0x00, 0x00, 0x00, 0x00
.byte 0x00, 0x00, 0x00, 0x00, 0x00, 0x00, 0x00, 0x00, 0x00, 0x00, 0x00, 0x00, 0x00, 0x00, 0x00, 0x00
.byte 0x00, 0x00, 0x00, 0x00, 0x00, 0x00, 0x00, 0x00, 0x00, 0x00, 0x00, 0x00, 0x00, 0x00, 0x00, 0x00
.byte 0x00, 0x00, 0x00, 0x00, 0x00, 0x00, 0x00, 0x00, 0x00, 0x00, 0x00, 0x00, 0x00, 0x00, 0x00, 0x00
.byte 0x00, 0x00, 0x00, 0x00, 0x00, 0x00, 0x00, 0x00, 0x00, 0x00, 0x00, 0x00, 0x00, 0x00, 0x00, 0x00
.byte 0x00, 0x00, 0x00, 0x00, 0x00, 0x00, 0x00, 0x00, 0x00, 0x00, 0x00, 0x00, 0x00, 0x00, 0x00, 0x00
.byte 0x00, 0x00, 0x00, 0x00, 0x00, 0x00, 0x00, 0x00, 0x00, 0x00, 0x00, 0x00, 0x00, 0x00, 0x00, 0x00
.byte 0x00, 0x00, 0x00, 0x00, 0x00, 0x00, 0x00, 0x00, 0x00, 0x00, 0x00, 0x00, 0x00, 0x00, 0x00, 0x00
.byte 0x00, 0x00, 0x00, 0x00, 0x00, 0x00, 0x00, 0x00, 0x00, 0x00, 0x00, 0x01, 0x00, 0x00, 0x00, 0x01
.byte 0x55, 0x55, 0x55, 0x03, 0x40, 0x40, 0x40, 0x04, 0x49, 0x49, 0x49, 0x07, 0x4d, 0x4d, 0x4d, 0x0a
.byte 0x4e, 0x4e, 0x4e, 0x0d, 0x50, 0x50, 0x50, 0x10, 0x49, 0x49, 0x49, 0x15, 0x4c, 0x4c, 0x4c, 0x1b
.byte 0x48, 0x48, 0x48, 0x20, 0x49, 0x49, 0x49, 0x23, 0x4a, 0x4a, 0x4a, 0x26, 0x48, 0x48, 0x48, 0x27
.byte 0x48, 0x48, 0x48, 0x27, 0x48, 0x48, 0x48, 0x27, 0x48, 0x48, 0x48, 0x27, 0x48, 0x48, 0x48, 0x27
.byte 0x48, 0x48, 0x48, 0x27, 0x48, 0x48, 0x48, 0x27, 0x48, 0x48, 0x48, 0x27, 0x48, 0x48, 0x48, 0x27
.byte 0x48, 0x48, 0x48, 0x27, 0x48, 0x48, 0x48, 0x27, 0x48, 0x48, 0x48, 0x27, 0x48, 0x48, 0x48, 0x27
.byte 0x48, 0x48, 0x48, 0x27, 0x48, 0x48, 0x48, 0x27, 0x48, 0x48, 0x48, 0x27, 0x48, 0x48, 0x48, 0x27
.byte 0x48, 0x48, 0x48, 0x27, 0x48, 0x48, 0x48, 0x27, 0x48, 0x48, 0x48, 0x27, 0x48, 0x48, 0x48, 0x27
.byte 0x48, 0x48, 0x48, 0x27, 0x48, 0x48, 0x48, 0x27, 0x48, 0x48, 0x48, 0x27, 0x48, 0x48, 0x48, 0x27
.byte 0x48, 0x48, 0x48, 0x27, 0x48, 0x48, 0x48, 0x27, 0x48, 0x48, 0x48, 0x27, 0x48, 0x48, 0x48, 0x27
.byte 0x48, 0x48, 0x48, 0x27, 0x48, 0x48, 0x48, 0x27, 0x48, 0x48, 0x48, 0x27, 0x48, 0x48, 0x48, 0x27
.byte 0x48, 0x48, 0x48, 0x27, 0x48, 0x48, 0x48, 0x27, 0x48, 0x48, 0x48, 0x27, 0x48, 0x48, 0x48, 0x27
.byte 0x48, 0x48, 0x48, 0x27, 0x48, 0x48, 0x48, 0x27, 0x48, 0x48, 0x48, 0x27, 0x48, 0x48, 0x48, 0x27
.byte 0x48, 0x48, 0x48, 0x27, 0x48, 0x48, 0x48, 0x27, 0x48, 0x48, 0x48, 0x27, 0x48, 0x48, 0x48, 0x27
.byte 0x48, 0x48, 0x48, 0x27, 0x48, 0x48, 0x48, 0x27, 0x48, 0x48, 0x48, 0x27, 0x48, 0x48, 0x48, 0x27
.byte 0x48, 0x48, 0x48, 0x27, 0x48, 0x48, 0x48, 0x27, 0x48, 0x48, 0x48, 0x27, 0x48, 0x48, 0x48, 0x27
.byte 0x48, 0x48, 0x48, 0x27, 0x48, 0x48, 0x48, 0x27, 0x48, 0x48, 0x48, 0x27, 0x48, 0x48, 0x48, 0x27
.byte 0x48, 0x48, 0x48, 0x27, 0x48, 0x48, 0x48, 0x27, 0x48, 0x48, 0x48, 0x27, 0x48, 0x48, 0x48, 0x27
.byte 0x48, 0x48, 0x48, 0x27, 0x48, 0x48, 0x48, 0x27, 0x48, 0x48, 0x48, 0x27, 0x48, 0x48, 0x48, 0x27
.byte 0x48, 0x48, 0x48, 0x27, 0x48, 0x48, 0x48, 0x27, 0x48, 0x48, 0x48, 0x27, 0x48, 0x48, 0x48, 0x27
.byte 0x48, 0x48, 0x48, 0x27, 0x48, 0x48, 0x48, 0x27, 0x48, 0x48, 0x48, 0x27, 0x48, 0x48, 0x48, 0x27
.byte 0x48, 0x48, 0x48, 0x27, 0x48, 0x48, 0x48, 0x27, 0x48, 0x48, 0x48, 0x27, 0x48, 0x48, 0x48, 0x27
.byte 0x48, 0x48, 0x48, 0x27, 0x48, 0x48, 0x48, 0x27, 0x48, 0x48, 0x48, 0x27, 0x48, 0x48, 0x48, 0x27
.byte 0x48, 0x48, 0x48, 0x27, 0x48, 0x48, 0x48, 0x27, 0x48, 0x48, 0x48, 0x27, 0x48, 0x48, 0x48, 0x27
.byte 0x48, 0x48, 0x48, 0x27, 0x48, 0x48, 0x48, 0x27, 0x48, 0x48, 0x48, 0x27, 0x48, 0x48, 0x48, 0x27
.byte 0x48, 0x48, 0x48, 0x27, 0x48, 0x48, 0x48, 0x27, 0x48, 0x48, 0x48, 0x27, 0x48, 0x48, 0x48, 0x27
.byte 0x48, 0x48, 0x48, 0x27, 0x48, 0x48, 0x48, 0x27, 0x48, 0x48, 0x48, 0x27, 0x48, 0x48, 0x48, 0x27
.byte 0x48, 0x48, 0x48, 0x27, 0x48, 0x48, 0x48, 0x27, 0x48, 0x48, 0x48, 0x27, 0x48, 0x48, 0x48, 0x27
.byte 0x48, 0x48, 0x48, 0x27, 0x48, 0x48, 0x48, 0x27, 0x48, 0x48, 0x48, 0x27, 0x48, 0x48, 0x48, 0x27
.byte 0x48, 0x48, 0x48, 0x27, 0x48, 0x48, 0x48, 0x27, 0x48, 0x48, 0x48, 0x27, 0x48, 0x48, 0x48, 0x27
.byte 0x48, 0x48, 0x48, 0x27, 0x48, 0x48, 0x48, 0x27, 0x48, 0x48, 0x48, 0x27, 0x48, 0x48, 0x48, 0x27
.byte 0x48, 0x48, 0x48, 0x27, 0x48, 0x48, 0x48, 0x27, 0x48, 0x48, 0x48, 0x27, 0x48, 0x48, 0x48, 0x27
.byte 0x48, 0x48, 0x48, 0x27, 0x48, 0x48, 0x48, 0x27, 0x48, 0x48, 0x48, 0x27, 0x48, 0x48, 0x48, 0x27
.byte 0x48, 0x48, 0x48, 0x27, 0x48, 0x48, 0x48, 0x27, 0x48, 0x48, 0x48, 0x27, 0x48, 0x48, 0x48, 0x27
.byte 0x48, 0x48, 0x48, 0x27, 0x48, 0x48, 0x48, 0x27, 0x48, 0x48, 0x48, 0x27, 0x48, 0x48, 0x48, 0x27
.byte 0x48, 0x48, 0x48, 0x27, 0x48, 0x48, 0x48, 0x27, 0x48, 0x48, 0x48, 0x27, 0x48, 0x48, 0x48, 0x27
.byte 0x48, 0x48, 0x48, 0x27, 0x48, 0x48, 0x48, 0x27, 0x48, 0x48, 0x48, 0x27, 0x48, 0x48, 0x48, 0x27
.byte 0x48, 0x48, 0x48, 0x27, 0x48, 0x48, 0x48, 0x27, 0x48, 0x48, 0x48, 0x27, 0x48, 0x48, 0x48, 0x27
.byte 0x48, 0x48, 0x48, 0x27, 0x48, 0x48, 0x48, 0x27, 0x48, 0x48, 0x48, 0x27, 0x48, 0x48, 0x48, 0x27
.byte 0x48, 0x48, 0x48, 0x27, 0x48, 0x48, 0x48, 0x27, 0x48, 0x48, 0x48, 0x27, 0x48, 0x48, 0x48, 0x27
.byte 0x48, 0x48, 0x48, 0x27, 0x48, 0x48, 0x48, 0x27, 0x48, 0x48, 0x48, 0x27, 0x48, 0x48, 0x48, 0x27
.byte 0x48, 0x48, 0x48, 0x27, 0x48, 0x48, 0x48, 0x27, 0x48, 0x48, 0x48, 0x27, 0x48, 0x48, 0x48, 0x27
.byte 0x48, 0x48, 0x48, 0x27, 0x48, 0x48, 0x48, 0x27, 0x48, 0x48, 0x48, 0x27, 0x48, 0x48, 0x48, 0x27
.byte 0x48, 0x48, 0x48, 0x27, 0x48, 0x48, 0x48, 0x27, 0x48, 0x48, 0x48, 0x27, 0x48, 0x48, 0x48, 0x27
.byte 0x48, 0x48, 0x48, 0x27, 0x48, 0x48, 0x48, 0x27, 0x48, 0x48, 0x48, 0x27, 0x48, 0x48, 0x48, 0x27
.byte 0x48, 0x48, 0x48, 0x27, 0x48, 0x48, 0x48, 0x27, 0x48, 0x48, 0x48, 0x27, 0x48, 0x48, 0x48, 0x27
.byte 0x48, 0x48, 0x48, 0x27, 0x48, 0x48, 0x48, 0x27, 0x48, 0x48, 0x48, 0x27, 0x48, 0x48, 0x48, 0x27
.byte 0x48, 0x48, 0x48, 0x27, 0x48, 0x48, 0x48, 0x27, 0x48, 0x48, 0x48, 0x27, 0x48, 0x48, 0x48, 0x27
.byte 0x48, 0x48, 0x48, 0x27, 0x48, 0x48, 0x48, 0x27, 0x48, 0x48, 0x48, 0x27, 0x48, 0x48, 0x48, 0x27
.byte 0x48, 0x48, 0x48, 0x27, 0x48, 0x48, 0x48, 0x27, 0x48, 0x48, 0x48, 0x27, 0x48, 0x48, 0x48, 0x27
.byte 0x48, 0x48, 0x48, 0x27, 0x48, 0x48, 0x48, 0x27, 0x48, 0x48, 0x48, 0x27, 0x48, 0x48, 0x48, 0x27
.byte 0x48, 0x48, 0x48, 0x27, 0x4a, 0x4a, 0x4a, 0x26, 0x47, 0x47, 0x47, 0x24, 0x48, 0x48, 0x48, 0x20
.byte 0x4c, 0x4c, 0x4c, 0x1b, 0x49, 0x49, 0x49, 0x15, 0x4b, 0x4b, 0x4b, 0x11, 0x4e, 0x4e, 0x4e, 0x0d
.byte 0x4d, 0x4d, 0x4d, 0x0a, 0x49, 0x49, 0x49, 0x07, 0x40, 0x40, 0x40, 0x04, 0x55, 0x55, 0x55, 0x03
.byte 0x00, 0x00, 0x00, 0x01, 0x00, 0x00, 0x00, 0x01, 0x00, 0x00, 0x00, 0x00, 0x00, 0x00, 0x00, 0x00
.byte 0x00, 0x00, 0x00, 0x00, 0x00, 0x00, 0x00, 0x00, 0x00, 0x00, 0x00, 0x00, 0x00, 0x00, 0x00, 0x00
.byte 0x00, 0x00, 0x00, 0x00, 0x00, 0x00, 0x00, 0x00, 0x00, 0x00, 0x00, 0x00, 0x00, 0x00, 0x00, 0x00
.byte 0x00, 0x00, 0x00, 0x00, 0x00, 0x00, 0x00, 0x00, 0x00, 0x00, 0x00, 0x00, 0x00, 0x00, 0x00, 0x00
.byte 0x00, 0x00, 0x00, 0x00, 0x00, 0x00, 0x00, 0x00, 0x00, 0x00, 0x00, 0x00, 0x00, 0x00, 0x00, 0x00
.byte 0x00, 0x00, 0x00, 0x00, 0x00, 0x00, 0x00, 0x00, 0x00, 0x00, 0x00, 0x00, 0x00, 0x00, 0x00, 0x00
.byte 0x00, 0x00, 0x00, 0x00, 0x00, 0x00, 0x00, 0x00, 0x00, 0x00, 0x00, 0x00, 0x00, 0x00, 0x00, 0x00
.byte 0x00, 0x00, 0x00, 0x00, 0x00, 0x00, 0x00, 0x00, 0x00, 0x00, 0x00, 0x00, 0x00, 0x00, 0x00, 0x00
.byte 0x00, 0x00, 0x00, 0x00, 0x00, 0x00, 0x00, 0x00, 0x00, 0x00, 0x00, 0x00, 0x00, 0x00, 0x00, 0x00
.byte 0x00, 0x00, 0x00, 0x01, 0x00, 0x00, 0x00, 0x02, 0x55, 0x55, 0x55, 0x03, 0x49, 0x49, 0x49, 0x07
.byte 0x46, 0x46, 0x46, 0x0b, 0x4b, 0x4b, 0x4b, 0x11, 0x47, 0x47, 0x47, 0x19, 0x4d, 0x4d, 0x4d, 0x21
.byte 0x4b, 0x4b, 0x4b, 0x29, 0x49, 0x49, 0x49, 0x31, 0x49, 0x49, 0x49, 0x3b, 0x4a, 0x4a, 0x4a, 0x45
.byte 0x4a, 0x4a, 0x4a, 0x4f, 0x4a, 0x4a, 0x4a, 0x56, 0x49, 0x49, 0x49, 0x5b, 0x4a, 0x4a, 0x4a, 0x5d
.byte 0x49, 0x49, 0x49, 0x5e, 0x49, 0x49, 0x49, 0x5e, 0x49, 0x49, 0x49, 0x5e, 0x49, 0x49, 0x49, 0x5e
.byte 0x49, 0x49, 0x49, 0x5e, 0x49, 0x49, 0x49, 0x5e, 0x49, 0x49, 0x49, 0x5e, 0x49, 0x49, 0x49, 0x5e
.byte 0x49, 0x49, 0x49, 0x5e, 0x49, 0x49, 0x49, 0x5e, 0x49, 0x49, 0x49, 0x5e, 0x49, 0x49, 0x49, 0x5e
.byte 0x49, 0x49, 0x49, 0x5e, 0x49, 0x49, 0x49, 0x5e, 0x49, 0x49, 0x49, 0x5e, 0x49, 0x49, 0x49, 0x5e
.byte 0x49, 0x49, 0x49, 0x5e, 0x49, 0x49, 0x49, 0x5e, 0x49, 0x49, 0x49, 0x5e, 0x49, 0x49, 0x49, 0x5e
.byte 0x49, 0x49, 0x49, 0x5e, 0x49, 0x49, 0x49, 0x5e, 0x49, 0x49, 0x49, 0x5e, 0x49, 0x49, 0x49, 0x5e
.byte 0x49, 0x49, 0x49, 0x5e, 0x49, 0x49, 0x49, 0x5e, 0x49, 0x49, 0x49, 0x5e, 0x49, 0x49, 0x49, 0x5e
.byte 0x49, 0x49, 0x49, 0x5e, 0x49, 0x49, 0x49, 0x5e, 0x49, 0x49, 0x49, 0x5e, 0x49, 0x49, 0x49, 0x5e
.byte 0x49, 0x49, 0x49, 0x5e, 0x49, 0x49, 0x49, 0x5e, 0x49, 0x49, 0x49, 0x5e, 0x49, 0x49, 0x49, 0x5e
.byte 0x49, 0x49, 0x49, 0x5e, 0x49, 0x49, 0x49, 0x5e, 0x49, 0x49, 0x49, 0x5e, 0x49, 0x49, 0x49, 0x5e
.byte 0x49, 0x49, 0x49, 0x5e, 0x49, 0x49, 0x49, 0x5e, 0x49, 0x49, 0x49, 0x5e, 0x49, 0x49, 0x49, 0x5e
.byte 0x49, 0x49, 0x49, 0x5e, 0x49, 0x49, 0x49, 0x5e, 0x49, 0x49, 0x49, 0x5e, 0x49, 0x49, 0x49, 0x5e
.byte 0x49, 0x49, 0x49, 0x5e, 0x49, 0x49, 0x49, 0x5e, 0x49, 0x49, 0x49, 0x5e, 0x49, 0x49, 0x49, 0x5e
.byte 0x49, 0x49, 0x49, 0x5e, 0x49, 0x49, 0x49, 0x5e, 0x49, 0x49, 0x49, 0x5e, 0x49, 0x49, 0x49, 0x5e
.byte 0x49, 0x49, 0x49, 0x5e, 0x49, 0x49, 0x49, 0x5e, 0x49, 0x49, 0x49, 0x5e, 0x49, 0x49, 0x49, 0x5e
.byte 0x49, 0x49, 0x49, 0x5e, 0x49, 0x49, 0x49, 0x5e, 0x49, 0x49, 0x49, 0x5e, 0x49, 0x49, 0x49, 0x5e
.byte 0x49, 0x49, 0x49, 0x5e, 0x49, 0x49, 0x49, 0x5e, 0x49, 0x49, 0x49, 0x5e, 0x49, 0x49, 0x49, 0x5e
.byte 0x49, 0x49, 0x49, 0x5e, 0x49, 0x49, 0x49, 0x5e, 0x49, 0x49, 0x49, 0x5e, 0x49, 0x49, 0x49, 0x5e
.byte 0x49, 0x49, 0x49, 0x5e, 0x49, 0x49, 0x49, 0x5e, 0x49, 0x49, 0x49, 0x5e, 0x49, 0x49, 0x49, 0x5e
.byte 0x49, 0x49, 0x49, 0x5e, 0x49, 0x49, 0x49, 0x5e, 0x49, 0x49, 0x49, 0x5e, 0x49, 0x49, 0x49, 0x5e
.byte 0x49, 0x49, 0x49, 0x5e, 0x49, 0x49, 0x49, 0x5e, 0x49, 0x49, 0x49, 0x5e, 0x49, 0x49, 0x49, 0x5e
.byte 0x49, 0x49, 0x49, 0x5e, 0x49, 0x49, 0x49, 0x5e, 0x49, 0x49, 0x49, 0x5e, 0x49, 0x49, 0x49, 0x5e
.byte 0x49, 0x49, 0x49, 0x5e, 0x49, 0x49, 0x49, 0x5e, 0x49, 0x49, 0x49, 0x5e, 0x49, 0x49, 0x49, 0x5e
.byte 0x49, 0x49, 0x49, 0x5e, 0x49, 0x49, 0x49, 0x5e, 0x49, 0x49, 0x49, 0x5e, 0x49, 0x49, 0x49, 0x5e
.byte 0x49, 0x49, 0x49, 0x5e, 0x49, 0x49, 0x49, 0x5e, 0x49, 0x49, 0x49, 0x5e, 0x49, 0x49, 0x49, 0x5e
.byte 0x49, 0x49, 0x49, 0x5e, 0x49, 0x49, 0x49, 0x5e, 0x49, 0x49, 0x49, 0x5e, 0x49, 0x49, 0x49, 0x5e
.byte 0x49, 0x49, 0x49, 0x5e, 0x49, 0x49, 0x49, 0x5e, 0x49, 0x49, 0x49, 0x5e, 0x49, 0x49, 0x49, 0x5e
.byte 0x49, 0x49, 0x49, 0x5e, 0x49, 0x49, 0x49, 0x5e, 0x49, 0x49, 0x49, 0x5e, 0x49, 0x49, 0x49, 0x5e
.byte 0x49, 0x49, 0x49, 0x5e, 0x49, 0x49, 0x49, 0x5e, 0x49, 0x49, 0x49, 0x5e, 0x49, 0x49, 0x49, 0x5e
.byte 0x49, 0x49, 0x49, 0x5e, 0x49, 0x49, 0x49, 0x5e, 0x49, 0x49, 0x49, 0x5e, 0x49, 0x49, 0x49, 0x5e
.byte 0x49, 0x49, 0x49, 0x5e, 0x49, 0x49, 0x49, 0x5e, 0x49, 0x49, 0x49, 0x5e, 0x49, 0x49, 0x49, 0x5e
.byte 0x49, 0x49, 0x49, 0x5e, 0x49, 0x49, 0x49, 0x5e, 0x49, 0x49, 0x49, 0x5e, 0x49, 0x49, 0x49, 0x5e
.byte 0x49, 0x49, 0x49, 0x5e, 0x49, 0x49, 0x49, 0x5e, 0x49, 0x49, 0x49, 0x5e, 0x49, 0x49, 0x49, 0x5e
.byte 0x49, 0x49, 0x49, 0x5e, 0x49, 0x49, 0x49, 0x5e, 0x49, 0x49, 0x49, 0x5e, 0x49, 0x49, 0x49, 0x5e
.byte 0x49, 0x49, 0x49, 0x5e, 0x49, 0x49, 0x49, 0x5e, 0x49, 0x49, 0x49, 0x5e, 0x49, 0x49, 0x49, 0x5e
.byte 0x49, 0x49, 0x49, 0x5e, 0x49, 0x49, 0x49, 0x5e, 0x49, 0x49, 0x49, 0x5e, 0x49, 0x49, 0x49, 0x5e
.byte 0x49, 0x49, 0x49, 0x5e, 0x49, 0x49, 0x49, 0x5e, 0x49, 0x49, 0x49, 0x5e, 0x49, 0x49, 0x49, 0x5e
.byte 0x49, 0x49, 0x49, 0x5e, 0x49, 0x49, 0x49, 0x5e, 0x49, 0x49, 0x49, 0x5e, 0x49, 0x49, 0x49, 0x5e
.byte 0x49, 0x49, 0x49, 0x5e, 0x49, 0x49, 0x49, 0x5e, 0x49, 0x49, 0x49, 0x5e, 0x49, 0x49, 0x49, 0x5e
.byte 0x49, 0x49, 0x49, 0x5e, 0x49, 0x49, 0x49, 0x5e, 0x49, 0x49, 0x49, 0x5e, 0x49, 0x49, 0x49, 0x5e
.byte 0x49, 0x49, 0x49, 0x5e, 0x49, 0x49, 0x49, 0x5e, 0x49, 0x49, 0x49, 0x5e, 0x49, 0x49, 0x49, 0x5e
.byte 0x49, 0x49, 0x49, 0x5e, 0x49, 0x49, 0x49, 0x5e, 0x49, 0x49, 0x49, 0x5e, 0x49, 0x49, 0x49, 0x5e
.byte 0x49, 0x49, 0x49, 0x5e, 0x49, 0x49, 0x49, 0x5e, 0x49, 0x49, 0x49, 0x5e, 0x49, 0x49, 0x49, 0x5e
.byte 0x49, 0x49, 0x49, 0x5e, 0x49, 0x49, 0x49, 0x5e, 0x49, 0x49, 0x49, 0x5e, 0x49, 0x49, 0x49, 0x5e
.byte 0x49, 0x49, 0x49, 0x5e, 0x49, 0x49, 0x49, 0x5e, 0x49, 0x49, 0x49, 0x5e, 0x49, 0x49, 0x49, 0x5e
.byte 0x49, 0x49, 0x49, 0x5e, 0x49, 0x49, 0x49, 0x5e, 0x49, 0x49, 0x49, 0x5e, 0x49, 0x49, 0x49, 0x5e
.byte 0x49, 0x49, 0x49, 0x5e, 0x49, 0x49, 0x49, 0x5e, 0x49, 0x49, 0x49, 0x5e, 0x49, 0x49, 0x49, 0x5e
.byte 0x49, 0x49, 0x49, 0x5e, 0x49, 0x49, 0x49, 0x5e, 0x49, 0x49, 0x49, 0x5e, 0x49, 0x49, 0x49, 0x5e
.byte 0x4a, 0x4a, 0x4a, 0x5d, 0x48, 0x48, 0x48, 0x5c, 0x49, 0x49, 0x49, 0x57, 0x49, 0x49, 0x49, 0x50
.byte 0x49, 0x49, 0x49, 0x46, 0x49, 0x49, 0x49, 0x3b, 0x49, 0x49, 0x49, 0x31, 0x4b, 0x4b, 0x4b, 0x29
.byte 0x4b, 0x4b, 0x4b, 0x22, 0x47, 0x47, 0x47, 0x19, 0x47, 0x47, 0x47, 0x12, 0x46, 0x46, 0x46, 0x0b
.byte 0x49, 0x49, 0x49, 0x07, 0x55, 0x55, 0x55, 0x03, 0x00, 0x00, 0x00, 0x02, 0x00, 0x00, 0x00, 0x01
.byte 0x00, 0x00, 0x00, 0x00, 0x00, 0x00, 0x00, 0x00, 0x00, 0x00, 0x00, 0x00, 0x00, 0x00, 0x00, 0x00
.byte 0x00, 0x00, 0x00, 0x00, 0x00, 0x00, 0x00, 0x00, 0x00, 0x00, 0x00, 0x00, 0x00, 0x00, 0x00, 0x00
.byte 0x00, 0x00, 0x00, 0x00, 0x00, 0x00, 0x00, 0x00, 0x00, 0x00, 0x00, 0x00, 0x00, 0x00, 0x00, 0x00
.byte 0x00, 0x00, 0x00, 0x00, 0x00, 0x00, 0x00, 0x00, 0x00, 0x00, 0x00, 0x00, 0x00, 0x00, 0x00, 0x00
.byte 0x00, 0x00, 0x00, 0x00, 0x00, 0x00, 0x00, 0x00, 0x00, 0x00, 0x00, 0x00, 0x00, 0x00, 0x00, 0x00
.byte 0x00, 0x00, 0x00, 0x00, 0x00, 0x00, 0x00, 0x00, 0x00, 0x00, 0x00, 0x00, 0x00, 0x00, 0x00, 0x00
.byte 0x00, 0x00, 0x00, 0x00, 0x00, 0x00, 0x00, 0x00, 0x00, 0x00, 0x00, 0x00, 0x00, 0x00, 0x00, 0x00
.byte 0x00, 0x00, 0x00, 0x00, 0x00, 0x00, 0x00, 0x00, 0x00, 0x00, 0x00, 0x00, 0x00, 0x00, 0x00, 0x01
.byte 0x55, 0x55, 0x55, 0x03, 0x49, 0x49, 0x49, 0x07, 0x49, 0x49, 0x49, 0x0e, 0x4e, 0x4e, 0x4e, 0x17
.byte 0x47, 0x47, 0x47, 0x24, 0x47, 0x47, 0x47, 0x32, 0x49, 0x49, 0x49, 0x42, 0x4b, 0x4b, 0x4b, 0x52
.byte 0x4b, 0x4b, 0x4b, 0x5f, 0x4b, 0x4b, 0x4b, 0x6a, 0x4c, 0x4c, 0x4c, 0x76, 0x4c, 0x4c, 0x4c, 0x83
.byte 0x4b, 0x4b, 0x4b, 0x8f, 0x4d, 0x4d, 0x4d, 0x99, 0x4d, 0x4d, 0x4d, 0x9e, 0x4e, 0x4e, 0x4e, 0xa1
.byte 0x4d, 0x4d, 0x4d, 0xa2, 0x4d, 0x4d, 0x4d, 0xa2, 0x4d, 0x4d, 0x4d, 0xa2, 0x4d, 0x4d, 0x4d, 0xa2
.byte 0x4d, 0x4d, 0x4d, 0xa2, 0x4d, 0x4d, 0x4d, 0xa2, 0x4d, 0x4d, 0x4d, 0xa2, 0x4d, 0x4d, 0x4d, 0xa2
.byte 0x4d, 0x4d, 0x4d, 0xa2, 0x4d, 0x4d, 0x4d, 0xa2, 0x4d, 0x4d, 0x4d, 0xa2, 0x4d, 0x4d, 0x4d, 0xa2
.byte 0x4d, 0x4d, 0x4d, 0xa2, 0x4d, 0x4d, 0x4d, 0xa2, 0x4d, 0x4d, 0x4d, 0xa2, 0x4d, 0x4d, 0x4d, 0xa2
.byte 0x4d, 0x4d, 0x4d, 0xa2, 0x4d, 0x4d, 0x4d, 0xa2, 0x4d, 0x4d, 0x4d, 0xa2, 0x4d, 0x4d, 0x4d, 0xa2
.byte 0x4d, 0x4d, 0x4d, 0xa2, 0x4d, 0x4d, 0x4d, 0xa2, 0x4d, 0x4d, 0x4d, 0xa2, 0x4d, 0x4d, 0x4d, 0xa2
.byte 0x4d, 0x4d, 0x4d, 0xa2, 0x4d, 0x4d, 0x4d, 0xa2, 0x4d, 0x4d, 0x4d, 0xa2, 0x4d, 0x4d, 0x4d, 0xa2
.byte 0x4d, 0x4d, 0x4d, 0xa2, 0x4d, 0x4d, 0x4d, 0xa2, 0x4d, 0x4d, 0x4d, 0xa2, 0x4d, 0x4d, 0x4d, 0xa2
.byte 0x4d, 0x4d, 0x4d, 0xa2, 0x4d, 0x4d, 0x4d, 0xa2, 0x4d, 0x4d, 0x4d, 0xa2, 0x4d, 0x4d, 0x4d, 0xa2
.byte 0x4d, 0x4d, 0x4d, 0xa2, 0x4d, 0x4d, 0x4d, 0xa2, 0x4d, 0x4d, 0x4d, 0xa2, 0x4d, 0x4d, 0x4d, 0xa2
.byte 0x4d, 0x4d, 0x4d, 0xa2, 0x4d, 0x4d, 0x4d, 0xa2, 0x4d, 0x4d, 0x4d, 0xa2, 0x4d, 0x4d, 0x4d, 0xa2
.byte 0x4d, 0x4d, 0x4d, 0xa2, 0x4d, 0x4d, 0x4d, 0xa2, 0x4d, 0x4d, 0x4d, 0xa2, 0x4d, 0x4d, 0x4d, 0xa2
.byte 0x4d, 0x4d, 0x4d, 0xa2, 0x4d, 0x4d, 0x4d, 0xa2, 0x4d, 0x4d, 0x4d, 0xa2, 0x4d, 0x4d, 0x4d, 0xa2
.byte 0x4d, 0x4d, 0x4d, 0xa2, 0x4d, 0x4d, 0x4d, 0xa2, 0x4d, 0x4d, 0x4d, 0xa2, 0x4d, 0x4d, 0x4d, 0xa2
.byte 0x4d, 0x4d, 0x4d, 0xa2, 0x4d, 0x4d, 0x4d, 0xa2, 0x4d, 0x4d, 0x4d, 0xa2, 0x4d, 0x4d, 0x4d, 0xa2
.byte 0x4d, 0x4d, 0x4d, 0xa2, 0x4d, 0x4d, 0x4d, 0xa2, 0x4d, 0x4d, 0x4d, 0xa2, 0x4d, 0x4d, 0x4d, 0xa2
.byte 0x4d, 0x4d, 0x4d, 0xa2, 0x4d, 0x4d, 0x4d, 0xa2, 0x4d, 0x4d, 0x4d, 0xa2, 0x4d, 0x4d, 0x4d, 0xa2
.byte 0x4d, 0x4d, 0x4d, 0xa2, 0x4d, 0x4d, 0x4d, 0xa2, 0x4d, 0x4d, 0x4d, 0xa2, 0x4d, 0x4d, 0x4d, 0xa2
.byte 0x4d, 0x4d, 0x4d, 0xa2, 0x4d, 0x4d, 0x4d, 0xa2, 0x4d, 0x4d, 0x4d, 0xa2, 0x4d, 0x4d, 0x4d, 0xa2
.byte 0x4d, 0x4d, 0x4d, 0xa2, 0x4d, 0x4d, 0x4d, 0xa2, 0x4d, 0x4d, 0x4d, 0xa2, 0x4d, 0x4d, 0x4d, 0xa2
.byte 0x4d, 0x4d, 0x4d, 0xa2, 0x4d, 0x4d, 0x4d, 0xa2, 0x4d, 0x4d, 0x4d, 0xa2, 0x4d, 0x4d, 0x4d, 0xa2
.byte 0x4d, 0x4d, 0x4d, 0xa2, 0x4d, 0x4d, 0x4d, 0xa2, 0x4d, 0x4d, 0x4d, 0xa2, 0x4d, 0x4d, 0x4d, 0xa2
.byte 0x4d, 0x4d, 0x4d, 0xa2, 0x4d, 0x4d, 0x4d, 0xa2, 0x4d, 0x4d, 0x4d, 0xa2, 0x4d, 0x4d, 0x4d, 0xa2
.byte 0x4d, 0x4d, 0x4d, 0xa2, 0x4d, 0x4d, 0x4d, 0xa2, 0x4d, 0x4d, 0x4d, 0xa2, 0x4d, 0x4d, 0x4d, 0xa2
.byte 0x4d, 0x4d, 0x4d, 0xa2, 0x4d, 0x4d, 0x4d, 0xa2, 0x4d, 0x4d, 0x4d, 0xa2, 0x4d, 0x4d, 0x4d, 0xa2
.byte 0x4d, 0x4d, 0x4d, 0xa2, 0x4d, 0x4d, 0x4d, 0xa2, 0x4d, 0x4d, 0x4d, 0xa2, 0x4d, 0x4d, 0x4d, 0xa2
.byte 0x4d, 0x4d, 0x4d, 0xa2, 0x4d, 0x4d, 0x4d, 0xa2, 0x4d, 0x4d, 0x4d, 0xa2, 0x4d, 0x4d, 0x4d, 0xa2
.byte 0x4d, 0x4d, 0x4d, 0xa2, 0x4d, 0x4d, 0x4d, 0xa2, 0x4d, 0x4d, 0x4d, 0xa2, 0x4d, 0x4d, 0x4d, 0xa2
.byte 0x4d, 0x4d, 0x4d, 0xa2, 0x4d, 0x4d, 0x4d, 0xa2, 0x4d, 0x4d, 0x4d, 0xa2, 0x4d, 0x4d, 0x4d, 0xa2
.byte 0x4d, 0x4d, 0x4d, 0xa2, 0x4d, 0x4d, 0x4d, 0xa2, 0x4d, 0x4d, 0x4d, 0xa2, 0x4d, 0x4d, 0x4d, 0xa2
.byte 0x4d, 0x4d, 0x4d, 0xa2, 0x4d, 0x4d, 0x4d, 0xa2, 0x4d, 0x4d, 0x4d, 0xa2, 0x4d, 0x4d, 0x4d, 0xa2
.byte 0x4d, 0x4d, 0x4d, 0xa2, 0x4d, 0x4d, 0x4d, 0xa2, 0x4d, 0x4d, 0x4d, 0xa2, 0x4d, 0x4d, 0x4d, 0xa2
.byte 0x4d, 0x4d, 0x4d, 0xa2, 0x4d, 0x4d, 0x4d, 0xa2, 0x4d, 0x4d, 0x4d, 0xa2, 0x4d, 0x4d, 0x4d, 0xa2
.byte 0x4d, 0x4d, 0x4d, 0xa2, 0x4d, 0x4d, 0x4d, 0xa2, 0x4d, 0x4d, 0x4d, 0xa2, 0x4d, 0x4d, 0x4d, 0xa2
.byte 0x4d, 0x4d, 0x4d, 0xa2, 0x4d, 0x4d, 0x4d, 0xa2, 0x4d, 0x4d, 0x4d, 0xa2, 0x4d, 0x4d, 0x4d, 0xa2
.byte 0x4d, 0x4d, 0x4d, 0xa2, 0x4d, 0x4d, 0x4d, 0xa2, 0x4d, 0x4d, 0x4d, 0xa2, 0x4d, 0x4d, 0x4d, 0xa2
.byte 0x4d, 0x4d, 0x4d, 0xa2, 0x4d, 0x4d, 0x4d, 0xa2, 0x4d, 0x4d, 0x4d, 0xa2, 0x4d, 0x4d, 0x4d, 0xa2
.byte 0x4d, 0x4d, 0x4d, 0xa2, 0x4d, 0x4d, 0x4d, 0xa2, 0x4d, 0x4d, 0x4d, 0xa2, 0x4d, 0x4d, 0x4d, 0xa2
.byte 0x4d, 0x4d, 0x4d, 0xa2, 0x4d, 0x4d, 0x4d, 0xa2, 0x4d, 0x4d, 0x4d, 0xa2, 0x4d, 0x4d, 0x4d, 0xa2
.byte 0x4d, 0x4d, 0x4d, 0xa2, 0x4d, 0x4d, 0x4d, 0xa2, 0x4d, 0x4d, 0x4d, 0xa2, 0x4d, 0x4d, 0x4d, 0xa2
.byte 0x4d, 0x4d, 0x4d, 0xa2, 0x4d, 0x4d, 0x4d, 0xa2, 0x4d, 0x4d, 0x4d, 0xa2, 0x4d, 0x4d, 0x4d, 0xa2
.byte 0x4d, 0x4d, 0x4d, 0xa2, 0x4d, 0x4d, 0x4d, 0xa2, 0x4d, 0x4d, 0x4d, 0xa2, 0x4d, 0x4d, 0x4d, 0xa2
.byte 0x4d, 0x4d, 0x4d, 0xa2, 0x4d, 0x4d, 0x4d, 0xa2, 0x4d, 0x4d, 0x4d, 0xa2, 0x4d, 0x4d, 0x4d, 0xa2
.byte 0x4d, 0x4d, 0x4d, 0xa2, 0x4d, 0x4d, 0x4d, 0xa2, 0x4d, 0x4d, 0x4d, 0xa2, 0x4d, 0x4d, 0x4d, 0xa2
.byte 0x4d, 0x4d, 0x4d, 0xa2, 0x4d, 0x4d, 0x4d, 0xa2, 0x4d, 0x4d, 0x4d, 0xa2, 0x4d, 0x4d, 0x4d, 0xa2
.byte 0x4d, 0x4d, 0x4d, 0xa2, 0x4d, 0x4d, 0x4d, 0xa2, 0x4d, 0x4d, 0x4d, 0xa2, 0x4d, 0x4d, 0x4d, 0xa2
.byte 0x4d, 0x4d, 0x4d, 0xa2, 0x4d, 0x4d, 0x4d, 0xa2, 0x4d, 0x4d, 0x4d, 0xa2, 0x4d, 0x4d, 0x4d, 0xa2
.byte 0x4d, 0x4d, 0x4d, 0xa2, 0x4d, 0x4d, 0x4d, 0xa2, 0x4d, 0x4d, 0x4d, 0xa2, 0x4d, 0x4d, 0x4d, 0xa2
.byte 0x4e, 0x4e, 0x4e, 0xa1, 0x4d, 0x4d, 0x4d, 0x9f, 0x4c, 0x4c, 0x4c, 0x9a, 0x4c, 0x4c, 0x4c, 0x90
.byte 0x4b, 0x4b, 0x4b, 0x84, 0x4c, 0x4c, 0x4c, 0x76, 0x4b, 0x4b, 0x4b, 0x6a, 0x4b, 0x4b, 0x4b, 0x5f
.byte 0x4b, 0x4b, 0x4b, 0x52, 0x48, 0x48, 0x48, 0x43, 0x46, 0x46, 0x46, 0x33, 0x47, 0x47, 0x47, 0x24
.byte 0x4a, 0x4a, 0x4a, 0x18, 0x49, 0x49, 0x49, 0x0e, 0x49, 0x49, 0x49, 0x07, 0x40, 0x40, 0x40, 0x04
.byte 0x00, 0x00, 0x00, 0x01, 0x00, 0x00, 0x00, 0x00, 0x00, 0x00, 0x00, 0x00, 0x00, 0x00, 0x00, 0x00
.byte 0x00, 0x00, 0x00, 0x00, 0x00, 0x00, 0x00, 0x00, 0x00, 0x00, 0x00, 0x00, 0x00, 0x00, 0x00, 0x00
.byte 0x00, 0x00, 0x00, 0x00, 0x00, 0x00, 0x00, 0x00, 0x00, 0x00, 0x00, 0x00, 0x00, 0x00, 0x00, 0x00
.byte 0x00, 0x00, 0x00, 0x00, 0x00, 0x00, 0x00, 0x00, 0x00, 0x00, 0x00, 0x00, 0x00, 0x00, 0x00, 0x00
.byte 0x00, 0x00, 0x00, 0x00, 0x00, 0x00, 0x00, 0x00, 0x00, 0x00, 0x00, 0x00, 0x00, 0x00, 0x00, 0x00
.byte 0x00, 0x00, 0x00, 0x00, 0x00, 0x00, 0x00, 0x00, 0x00, 0x00, 0x00, 0x00, 0x00, 0x00, 0x00, 0x00
.byte 0x00, 0x00, 0x00, 0x00, 0x00, 0x00, 0x00, 0x00, 0x00, 0x00, 0x00, 0x00, 0x00, 0x00, 0x00, 0x00
.byte 0x00, 0x00, 0x00, 0x00, 0x00, 0x00, 0x00, 0x01, 0x80, 0x80, 0x80, 0x02, 0x55, 0x55, 0x55, 0x06
.byte 0x4e, 0x4e, 0x4e, 0x0d, 0x4a, 0x4a, 0x4a, 0x18, 0x46, 0x46, 0x46, 0x28, 0x48, 0x48, 0x48, 0x3c
.byte 0x4b, 0x4b, 0x4b, 0x52, 0x49, 0x49, 0x49, 0x69, 0x4a, 0x4a, 0x4a, 0x7f, 0x4b, 0x4b, 0x4b, 0x92
.byte 0x4b, 0x4b, 0x4b, 0xa0, 0x4c, 0x4c, 0x4c, 0xab, 0x4d, 0x4d, 0x4d, 0xb5, 0x4e, 0x4e, 0x4e, 0xc0
.byte 0x50, 0x50, 0x50, 0xca, 0x52, 0x52, 0x52, 0xd1, 0x53, 0x53, 0x53, 0xd5, 0x54, 0x54, 0x54, 0xd7
.byte 0x55, 0x55, 0x55, 0xd8, 0x55, 0x55, 0x55, 0xd8, 0x55, 0x55, 0x55, 0xd8, 0x55, 0x55, 0x55, 0xd8
.byte 0x55, 0x55, 0x55, 0xd8, 0x55, 0x55, 0x55, 0xd8, 0x55, 0x55, 0x55, 0xd8, 0x55, 0x55, 0x55, 0xd8
.byte 0x55, 0x55, 0x55, 0xd8, 0x55, 0x55, 0x55, 0xd8, 0x55, 0x55, 0x55, 0xd8, 0x55, 0x55, 0x55, 0xd8
.byte 0x55, 0x55, 0x55, 0xd8, 0x55, 0x55, 0x55, 0xd8, 0x55, 0x55, 0x55, 0xd8, 0x55, 0x55, 0x55, 0xd8
.byte 0x55, 0x55, 0x55, 0xd8, 0x55, 0x55, 0x55, 0xd8, 0x55, 0x55, 0x55, 0xd8, 0x55, 0x55, 0x55, 0xd8
.byte 0x55, 0x55, 0x55, 0xd8, 0x55, 0x55, 0x55, 0xd8, 0x55, 0x55, 0x55, 0xd8, 0x55, 0x55, 0x55, 0xd8
.byte 0x55, 0x55, 0x55, 0xd8, 0x55, 0x55, 0x55, 0xd8, 0x55, 0x55, 0x55, 0xd8, 0x55, 0x55, 0x55, 0xd8
.byte 0x55, 0x55, 0x55, 0xd8, 0x55, 0x55, 0x55, 0xd8, 0x55, 0x55, 0x55, 0xd8, 0x55, 0x55, 0x55, 0xd8
.byte 0x55, 0x55, 0x55, 0xd8, 0x55, 0x55, 0x55, 0xd8, 0x55, 0x55, 0x55, 0xd8, 0x55, 0x55, 0x55, 0xd8
.byte 0x55, 0x55, 0x55, 0xd8, 0x55, 0x55, 0x55, 0xd8, 0x55, 0x55, 0x55, 0xd8, 0x55, 0x55, 0x55, 0xd8
.byte 0x55, 0x55, 0x55, 0xd8, 0x55, 0x55, 0x55, 0xd8, 0x55, 0x55, 0x55, 0xd8, 0x55, 0x55, 0x55, 0xd8
.byte 0x55, 0x55, 0x55, 0xd8, 0x55, 0x55, 0x55, 0xd8, 0x55, 0x55, 0x55, 0xd8, 0x55, 0x55, 0x55, 0xd8
.byte 0x55, 0x55, 0x55, 0xd8, 0x55, 0x55, 0x55, 0xd8, 0x55, 0x55, 0x55, 0xd8, 0x55, 0x55, 0x55, 0xd8
.byte 0x55, 0x55, 0x55, 0xd8, 0x55, 0x55, 0x55, 0xd8, 0x55, 0x55, 0x55, 0xd8, 0x55, 0x55, 0x55, 0xd8
.byte 0x55, 0x55, 0x55, 0xd8, 0x55, 0x55, 0x55, 0xd8, 0x55, 0x55, 0x55, 0xd8, 0x55, 0x55, 0x55, 0xd8
.byte 0x55, 0x55, 0x55, 0xd8, 0x55, 0x55, 0x55, 0xd8, 0x55, 0x55, 0x55, 0xd8, 0x55, 0x55, 0x55, 0xd8
.byte 0x55, 0x55, 0x55, 0xd8, 0x55, 0x55, 0x55, 0xd8, 0x55, 0x55, 0x55, 0xd8, 0x55, 0x55, 0x55, 0xd8
.byte 0x55, 0x55, 0x55, 0xd8, 0x55, 0x55, 0x55, 0xd8, 0x55, 0x55, 0x55, 0xd8, 0x55, 0x55, 0x55, 0xd8
.byte 0x55, 0x55, 0x55, 0xd8, 0x55, 0x55, 0x55, 0xd8, 0x55, 0x55, 0x55, 0xd8, 0x55, 0x55, 0x55, 0xd8
.byte 0x55, 0x55, 0x55, 0xd8, 0x55, 0x55, 0x55, 0xd8, 0x55, 0x55, 0x55, 0xd8, 0x55, 0x55, 0x55, 0xd8
.byte 0x55, 0x55, 0x55, 0xd8, 0x55, 0x55, 0x55, 0xd8, 0x55, 0x55, 0x55, 0xd8, 0x55, 0x55, 0x55, 0xd8
.byte 0x55, 0x55, 0x55, 0xd8, 0x55, 0x55, 0x55, 0xd8, 0x55, 0x55, 0x55, 0xd8, 0x55, 0x55, 0x55, 0xd8
.byte 0x55, 0x55, 0x55, 0xd8, 0x55, 0x55, 0x55, 0xd8, 0x55, 0x55, 0x55, 0xd8, 0x55, 0x55, 0x55, 0xd8
.byte 0x55, 0x55, 0x55, 0xd8, 0x55, 0x55, 0x55, 0xd8, 0x55, 0x55, 0x55, 0xd8, 0x55, 0x55, 0x55, 0xd8
.byte 0x55, 0x55, 0x55, 0xd8, 0x55, 0x55, 0x55, 0xd8, 0x55, 0x55, 0x55, 0xd8, 0x55, 0x55, 0x55, 0xd8
.byte 0x55, 0x55, 0x55, 0xd8, 0x55, 0x55, 0x55, 0xd8, 0x55, 0x55, 0x55, 0xd8, 0x55, 0x55, 0x55, 0xd8
.byte 0x55, 0x55, 0x55, 0xd8, 0x55, 0x55, 0x55, 0xd8, 0x55, 0x55, 0x55, 0xd8, 0x55, 0x55, 0x55, 0xd8
.byte 0x55, 0x55, 0x55, 0xd8, 0x55, 0x55, 0x55, 0xd8, 0x55, 0x55, 0x55, 0xd8, 0x55, 0x55, 0x55, 0xd8
.byte 0x55, 0x55, 0x55, 0xd8, 0x55, 0x55, 0x55, 0xd8, 0x55, 0x55, 0x55, 0xd8, 0x55, 0x55, 0x55, 0xd8
.byte 0x55, 0x55, 0x55, 0xd8, 0x55, 0x55, 0x55, 0xd8, 0x55, 0x55, 0x55, 0xd8, 0x55, 0x55, 0x55, 0xd8
.byte 0x55, 0x55, 0x55, 0xd8, 0x55, 0x55, 0x55, 0xd8, 0x55, 0x55, 0x55, 0xd8, 0x55, 0x55, 0x55, 0xd8
.byte 0x55, 0x55, 0x55, 0xd8, 0x55, 0x55, 0x55, 0xd8, 0x55, 0x55, 0x55, 0xd8, 0x55, 0x55, 0x55, 0xd8
.byte 0x55, 0x55, 0x55, 0xd8, 0x55, 0x55, 0x55, 0xd8, 0x55, 0x55, 0x55, 0xd8, 0x55, 0x55, 0x55, 0xd8
.byte 0x55, 0x55, 0x55, 0xd8, 0x55, 0x55, 0x55, 0xd8, 0x55, 0x55, 0x55, 0xd8, 0x55, 0x55, 0x55, 0xd8
.byte 0x55, 0x55, 0x55, 0xd8, 0x55, 0x55, 0x55, 0xd8, 0x55, 0x55, 0x55, 0xd8, 0x55, 0x55, 0x55, 0xd8
.byte 0x55, 0x55, 0x55, 0xd8, 0x55, 0x55, 0x55, 0xd8, 0x55, 0x55, 0x55, 0xd8, 0x55, 0x55, 0x55, 0xd8
.byte 0x55, 0x55, 0x55, 0xd8, 0x55, 0x55, 0x55, 0xd8, 0x55, 0x55, 0x55, 0xd8, 0x55, 0x55, 0x55, 0xd8
.byte 0x55, 0x55, 0x55, 0xd8, 0x55, 0x55, 0x55, 0xd8, 0x55, 0x55, 0x55, 0xd8, 0x55, 0x55, 0x55, 0xd8
.byte 0x55, 0x55, 0x55, 0xd8, 0x55, 0x55, 0x55, 0xd8, 0x55, 0x55, 0x55, 0xd8, 0x55, 0x55, 0x55, 0xd8
.byte 0x55, 0x55, 0x55, 0xd8, 0x55, 0x55, 0x55, 0xd8, 0x55, 0x55, 0x55, 0xd8, 0x55, 0x55, 0x55, 0xd8
.byte 0x55, 0x55, 0x55, 0xd8, 0x55, 0x55, 0x55, 0xd8, 0x55, 0x55, 0x55, 0xd8, 0x55, 0x55, 0x55, 0xd8
.byte 0x55, 0x55, 0x55, 0xd8, 0x55, 0x55, 0x55, 0xd8, 0x55, 0x55, 0x55, 0xd8, 0x55, 0x55, 0x55, 0xd8
.byte 0x55, 0x55, 0x55, 0xd8, 0x55, 0x55, 0x55, 0xd8, 0x55, 0x55, 0x55, 0xd8, 0x55, 0x55, 0x55, 0xd8
.byte 0x55, 0x55, 0x55, 0xd8, 0x55, 0x55, 0x55, 0xd8, 0x55, 0x55, 0x55, 0xd8, 0x55, 0x55, 0x55, 0xd8
.byte 0x55, 0x55, 0x55, 0xd8, 0x55, 0x55, 0x55, 0xd8, 0x55, 0x55, 0x55, 0xd8, 0x55, 0x55, 0x55, 0xd8
.byte 0x55, 0x55, 0x55, 0xd8, 0x55, 0x55, 0x55, 0xd8, 0x55, 0x55, 0x55, 0xd8, 0x55, 0x55, 0x55, 0xd8
.byte 0x55, 0x55, 0x55, 0xd8, 0x55, 0x55, 0x55, 0xd8, 0x55, 0x55, 0x55, 0xd8, 0x55, 0x55, 0x55, 0xd8
.byte 0x55, 0x55, 0x55, 0xd8, 0x55, 0x55, 0x55, 0xd8, 0x55, 0x55, 0x55, 0xd8, 0x55, 0x55, 0x55, 0xd8
.byte 0x54, 0x54, 0x54, 0xd7, 0x53, 0x53, 0x53, 0xd6, 0x51, 0x51, 0x51, 0xd2, 0x50, 0x50, 0x50, 0xca
.byte 0x4e, 0x4e, 0x4e, 0xc0, 0x4d, 0x4d, 0x4d, 0xb5, 0x4c, 0x4c, 0x4c, 0xab, 0x4b, 0x4b, 0x4b, 0xa0
.byte 0x4b, 0x4b, 0x4b, 0x92, 0x4a, 0x4a, 0x4a, 0x7f, 0x49, 0x49, 0x49, 0x69, 0x4a, 0x4a, 0x4a, 0x53
.byte 0x48, 0x48, 0x48, 0x3c, 0x46, 0x46, 0x46, 0x28, 0x4a, 0x4a, 0x4a, 0x18, 0x4e, 0x4e, 0x4e, 0x0d
.byte 0x55, 0x55, 0x55, 0x06, 0x80, 0x80, 0x80, 0x02, 0x00, 0x00, 0x00, 0x01, 0x00, 0x00, 0x00, 0x00
.byte 0x00, 0x00, 0x00, 0x00, 0x00, 0x00, 0x00, 0x00, 0x00, 0x00, 0x00, 0x00, 0x00, 0x00, 0x00, 0x00
.byte 0x00, 0x00, 0x00, 0x00, 0x00, 0x00, 0x00, 0x00, 0x00, 0x00, 0x00, 0x00, 0x00, 0x00, 0x00, 0x00
.byte 0x00, 0x00, 0x00, 0x00, 0x00, 0x00, 0x00, 0x00, 0x00, 0x00, 0x00, 0x00, 0x00, 0x00, 0x00, 0x00
.byte 0x00, 0x00, 0x00, 0x00, 0x00, 0x00, 0x00, 0x00, 0x00, 0x00, 0x00, 0x00, 0x00, 0x00, 0x00, 0x00
.byte 0x00, 0x00, 0x00, 0x00, 0x00, 0x00, 0x00, 0x00, 0x00, 0x00, 0x00, 0x00, 0x00, 0x00, 0x00, 0x00
.byte 0x00, 0x00, 0x00, 0x00, 0x00, 0x00, 0x00, 0x00, 0x00, 0x00, 0x00, 0x00, 0x00, 0x00, 0x00, 0x00
.byte 0x00, 0x00, 0x00, 0x01, 0x40, 0x40, 0x40, 0x04, 0x4d, 0x4d, 0x4d, 0x0a, 0x49, 0x49, 0x49, 0x15
.byte 0x4a, 0x4a, 0x4a, 0x26, 0x48, 0x48, 0x48, 0x3c, 0x49, 0x49, 0x49, 0x57, 0x4b, 0x4b, 0x4b, 0x74
.byte 0x4b, 0x4b, 0x4b, 0x8f, 0x4b, 0x4b, 0x4b, 0xa7, 0x4c, 0x4c, 0x4c, 0xbb, 0x4e, 0x4e, 0x4e, 0xca
.byte 0x50, 0x50, 0x50, 0xd5, 0x53, 0x53, 0x53, 0xdc, 0x56, 0x56, 0x56, 0xe2, 0x58, 0x58, 0x58, 0xe8
.byte 0x5a, 0x5a, 0x5a, 0xed, 0x5f, 0x5f, 0x5f, 0xf0, 0x61, 0x61, 0x61, 0xf3, 0x63, 0x63, 0x63, 0xf4
.byte 0x65, 0x65, 0x65, 0xf4, 0x65, 0x65, 0x65, 0xf4, 0x66, 0x66, 0x66, 0xf4, 0x66, 0x66, 0x66, 0xf4
.byte 0x66, 0x66, 0x66, 0xf4, 0x66, 0x66, 0x66, 0xf4, 0x66, 0x66, 0x66, 0xf4, 0x66, 0x66, 0x66, 0xf4
.byte 0x66, 0x66, 0x66, 0xf4, 0x66, 0x66, 0x66, 0xf4, 0x66, 0x66, 0x66, 0xf4, 0x66, 0x66, 0x66, 0xf4
.byte 0x66, 0x66, 0x66, 0xf4, 0x66, 0x66, 0x66, 0xf4, 0x66, 0x66, 0x66, 0xf4, 0x66, 0x66, 0x66, 0xf4
.byte 0x66, 0x66, 0x66, 0xf4, 0x66, 0x66, 0x66, 0xf4, 0x66, 0x66, 0x66, 0xf4, 0x66, 0x66, 0x66, 0xf4
.byte 0x66, 0x66, 0x66, 0xf4, 0x66, 0x66, 0x66, 0xf4, 0x66, 0x66, 0x66, 0xf4, 0x66, 0x66, 0x66, 0xf4
.byte 0x66, 0x66, 0x66, 0xf4, 0x66, 0x66, 0x66, 0xf4, 0x66, 0x66, 0x66, 0xf4, 0x66, 0x66, 0x66, 0xf4
.byte 0x66, 0x66, 0x66, 0xf4, 0x66, 0x66, 0x66, 0xf4, 0x66, 0x66, 0x66, 0xf4, 0x66, 0x66, 0x66, 0xf4
.byte 0x66, 0x66, 0x66, 0xf4, 0x66, 0x66, 0x66, 0xf4, 0x66, 0x66, 0x66, 0xf4, 0x66, 0x66, 0x66, 0xf4
.byte 0x66, 0x66, 0x66, 0xf4, 0x66, 0x66, 0x66, 0xf4, 0x66, 0x66, 0x66, 0xf4, 0x66, 0x66, 0x66, 0xf4
.byte 0x66, 0x66, 0x66, 0xf4, 0x66, 0x66, 0x66, 0xf4, 0x66, 0x66, 0x66, 0xf4, 0x66, 0x66, 0x66, 0xf4
.byte 0x66, 0x66, 0x66, 0xf4, 0x66, 0x66, 0x66, 0xf4, 0x66, 0x66, 0x66, 0xf4, 0x66, 0x66, 0x66, 0xf4
.byte 0x66, 0x66, 0x66, 0xf4, 0x66, 0x66, 0x66, 0xf4, 0x66, 0x66, 0x66, 0xf4, 0x66, 0x66, 0x66, 0xf4
.byte 0x66, 0x66, 0x66, 0xf4, 0x66, 0x66, 0x66, 0xf4, 0x66, 0x66, 0x66, 0xf4, 0x66, 0x66, 0x66, 0xf4
.byte 0x66, 0x66, 0x66, 0xf4, 0x66, 0x66, 0x66, 0xf4, 0x66, 0x66, 0x66, 0xf4, 0x66, 0x66, 0x66, 0xf4
.byte 0x66, 0x66, 0x66, 0xf4, 0x66, 0x66, 0x66, 0xf4, 0x66, 0x66, 0x66, 0xf4, 0x66, 0x66, 0x66, 0xf4
.byte 0x66, 0x66, 0x66, 0xf4, 0x66, 0x66, 0x66, 0xf4, 0x66, 0x66, 0x66, 0xf4, 0x66, 0x66, 0x66, 0xf4
.byte 0x66, 0x66, 0x66, 0xf4, 0x66, 0x66, 0x66, 0xf4, 0x66, 0x66, 0x66, 0xf4, 0x66, 0x66, 0x66, 0xf4
.byte 0x66, 0x66, 0x66, 0xf4, 0x66, 0x66, 0x66, 0xf4, 0x66, 0x66, 0x66, 0xf4, 0x66, 0x66, 0x66, 0xf4
.byte 0x66, 0x66, 0x66, 0xf4, 0x66, 0x66, 0x66, 0xf4, 0x66, 0x66, 0x66, 0xf4, 0x66, 0x66, 0x66, 0xf4
.byte 0x66, 0x66, 0x66, 0xf4, 0x66, 0x66, 0x66, 0xf4, 0x66, 0x66, 0x66, 0xf4, 0x66, 0x66, 0x66, 0xf4
.byte 0x66, 0x66, 0x66, 0xf4, 0x66, 0x66, 0x66, 0xf4, 0x66, 0x66, 0x66, 0xf4, 0x66, 0x66, 0x66, 0xf4
.byte 0x66, 0x66, 0x66, 0xf4, 0x66, 0x66, 0x66, 0xf4, 0x66, 0x66, 0x66, 0xf4, 0x66, 0x66, 0x66, 0xf4
.byte 0x66, 0x66, 0x66, 0xf4, 0x66, 0x66, 0x66, 0xf4, 0x66, 0x66, 0x66, 0xf4, 0x66, 0x66, 0x66, 0xf4
.byte 0x66, 0x66, 0x66, 0xf4, 0x66, 0x66, 0x66, 0xf4, 0x66, 0x66, 0x66, 0xf4, 0x66, 0x66, 0x66, 0xf4
.byte 0x66, 0x66, 0x66, 0xf4, 0x66, 0x66, 0x66, 0xf4, 0x66, 0x66, 0x66, 0xf4, 0x66, 0x66, 0x66, 0xf4
.byte 0x66, 0x66, 0x66, 0xf4, 0x66, 0x66, 0x66, 0xf4, 0x66, 0x66, 0x66, 0xf4, 0x66, 0x66, 0x66, 0xf4
.byte 0x66, 0x66, 0x66, 0xf4, 0x66, 0x66, 0x66, 0xf4, 0x66, 0x66, 0x66, 0xf4, 0x66, 0x66, 0x66, 0xf4
.byte 0x66, 0x66, 0x66, 0xf4, 0x66, 0x66, 0x66, 0xf4, 0x66, 0x66, 0x66, 0xf4, 0x66, 0x66, 0x66, 0xf4
.byte 0x66, 0x66, 0x66, 0xf4, 0x66, 0x66, 0x66, 0xf4, 0x66, 0x66, 0x66, 0xf4, 0x66, 0x66, 0x66, 0xf4
.byte 0x66, 0x66, 0x66, 0xf4, 0x66, 0x66, 0x66, 0xf4, 0x66, 0x66, 0x66, 0xf4, 0x66, 0x66, 0x66, 0xf4
.byte 0x66, 0x66, 0x66, 0xf4, 0x66, 0x66, 0x66, 0xf4, 0x66, 0x66, 0x66, 0xf4, 0x66, 0x66, 0x66, 0xf4
.byte 0x66, 0x66, 0x66, 0xf4, 0x66, 0x66, 0x66, 0xf4, 0x66, 0x66, 0x66, 0xf4, 0x66, 0x66, 0x66, 0xf4
.byte 0x66, 0x66, 0x66, 0xf4, 0x66, 0x66, 0x66, 0xf4, 0x66, 0x66, 0x66, 0xf4, 0x66, 0x66, 0x66, 0xf4
.byte 0x66, 0x66, 0x66, 0xf4, 0x66, 0x66, 0x66, 0xf4, 0x66, 0x66, 0x66, 0xf4, 0x66, 0x66, 0x66, 0xf4
.byte 0x66, 0x66, 0x66, 0xf4, 0x66, 0x66, 0x66, 0xf4, 0x66, 0x66, 0x66, 0xf4, 0x66, 0x66, 0x66, 0xf4
.byte 0x66, 0x66, 0x66, 0xf4, 0x66, 0x66, 0x66, 0xf4, 0x66, 0x66, 0x66, 0xf4, 0x66, 0x66, 0x66, 0xf4
.byte 0x66, 0x66, 0x66, 0xf4, 0x66, 0x66, 0x66, 0xf4, 0x66, 0x66, 0x66, 0xf4, 0x66, 0x66, 0x66, 0xf4
.byte 0x66, 0x66, 0x66, 0xf4, 0x66, 0x66, 0x66, 0xf4, 0x66, 0x66, 0x66, 0xf4, 0x66, 0x66, 0x66, 0xf4
.byte 0x66, 0x66, 0x66, 0xf4, 0x66, 0x66, 0x66, 0xf4, 0x66, 0x66, 0x66, 0xf4, 0x66, 0x66, 0x66, 0xf4
.byte 0x66, 0x66, 0x66, 0xf4, 0x66, 0x66, 0x66, 0xf4, 0x66, 0x66, 0x66, 0xf4, 0x66, 0x66, 0x66, 0xf4
.byte 0x66, 0x66, 0x66, 0xf4, 0x66, 0x66, 0x66, 0xf4, 0x66, 0x66, 0x66, 0xf4, 0x66, 0x66, 0x66, 0xf4
.byte 0x66, 0x66, 0x66, 0xf4, 0x66, 0x66, 0x66, 0xf4, 0x66, 0x66, 0x66, 0xf4, 0x66, 0x66, 0x66, 0xf4
.byte 0x66, 0x66, 0x66, 0xf4, 0x66, 0x66, 0x66, 0xf4, 0x66, 0x66, 0x66, 0xf4, 0x66, 0x66, 0x66, 0xf4
.byte 0x66, 0x66, 0x66, 0xf4, 0x66, 0x66, 0x66, 0xf4, 0x66, 0x66, 0x66, 0xf4, 0x66, 0x66, 0x66, 0xf4
.byte 0x66, 0x66, 0x66, 0xf4, 0x66, 0x66, 0x66, 0xf4, 0x66, 0x66, 0x66, 0xf4, 0x66, 0x66, 0x66, 0xf4
.byte 0x66, 0x66, 0x66, 0xf4, 0x66, 0x66, 0x66, 0xf4, 0x66, 0x66, 0x66, 0xf4, 0x66, 0x66, 0x66, 0xf4
.byte 0x66, 0x66, 0x66, 0xf4, 0x66, 0x66, 0x66, 0xf4, 0x66, 0x66, 0x66, 0xf4, 0x65, 0x65, 0x65, 0xf4
.byte 0x63, 0x63, 0x63, 0xf4, 0x62, 0x62, 0x62, 0xf3, 0x5e, 0x5e, 0x5e, 0xf1, 0x5a, 0x5a, 0x5a, 0xed
.byte 0x58, 0x58, 0x58, 0xe8, 0x56, 0x56, 0x56, 0xe2, 0x53, 0x53, 0x53, 0xdc, 0x51, 0x51, 0x51, 0xd5
.byte 0x4e, 0x4e, 0x4e, 0xca, 0x4c, 0x4c, 0x4c, 0xbb, 0x4b, 0x4b, 0x4b, 0xa7, 0x4a, 0x4a, 0x4a, 0x90
.byte 0x4b, 0x4b, 0x4b, 0x74, 0x48, 0x48, 0x48, 0x58, 0x48, 0x48, 0x48, 0x3c, 0x4a, 0x4a, 0x4a, 0x26
.byte 0x49, 0x49, 0x49, 0x15, 0x4d, 0x4d, 0x4d, 0x0a, 0x40, 0x40, 0x40, 0x04, 0x00, 0x00, 0x00, 0x01
.byte 0x00, 0x00, 0x00, 0x00, 0x00, 0x00, 0x00, 0x00, 0x00, 0x00, 0x00, 0x00, 0x00, 0x00, 0x00, 0x00
.byte 0x00, 0x00, 0x00, 0x00, 0x00, 0x00, 0x00, 0x00, 0x00, 0x00, 0x00, 0x00, 0x00, 0x00, 0x00, 0x00
.byte 0x00, 0x00, 0x00, 0x00, 0x00, 0x00, 0x00, 0x00, 0x00, 0x00, 0x00, 0x00, 0x00, 0x00, 0x00, 0x00
.byte 0x00, 0x00, 0x00, 0x00, 0x00, 0x00, 0x00, 0x00, 0x00, 0x00, 0x00, 0x00, 0x00, 0x00, 0x00, 0x00
.byte 0x00, 0x00, 0x00, 0x00, 0x00, 0x00, 0x00, 0x00, 0x00, 0x00, 0x00, 0x00, 0x00, 0x00, 0x00, 0x00
.byte 0x00, 0x00, 0x00, 0x00, 0x00, 0x00, 0x00, 0x00, 0x00, 0x00, 0x00, 0x00, 0x00, 0x00, 0x00, 0x01
.byte 0x33, 0x33, 0x33, 0x05, 0x55, 0x55, 0x55, 0x0c, 0x4c, 0x4c, 0x4c, 0x1b, 0x4d, 0x4d, 0x4d, 0x32
.byte 0x49, 0x49, 0x49, 0x50, 0x4a, 0x4a, 0x4a, 0x71, 0x4b, 0x4b, 0x4b, 0x92, 0x4c, 0x4c, 0x4c, 0xaf
.byte 0x4d, 0x4d, 0x4d, 0xc7, 0x50, 0x50, 0x50, 0xd8, 0x53, 0x53, 0x53, 0xe4, 0x57, 0x57, 0x57, 0xed
.byte 0x5d, 0x5d, 0x5d, 0xf2, 0x62, 0x62, 0x62, 0xf5, 0x66, 0x66, 0x66, 0xf7, 0x6b, 0x6b, 0x6b, 0xf9
.byte 0x70, 0x70, 0x70, 0xfb, 0x75, 0x75, 0x75, 0xfc, 0x7a, 0x7a, 0x7a, 0xfd, 0x7e, 0x7e, 0x7e, 0xfd
.byte 0x81, 0x81, 0x81, 0xfd, 0x82, 0x82, 0x82, 0xfd, 0x83, 0x83, 0x83, 0xfd, 0x83, 0x83, 0x83, 0xfd
.byte 0x83, 0x83, 0x83, 0xfd, 0x83, 0x83, 0x83, 0xfd, 0x83, 0x83, 0x83, 0xfd, 0x83, 0x83, 0x83, 0xfd
.byte 0x83, 0x83, 0x83, 0xfd, 0x83, 0x83, 0x83, 0xfd, 0x83, 0x83, 0x83, 0xfd, 0x83, 0x83, 0x83, 0xfd
.byte 0x83, 0x83, 0x83, 0xfd, 0x83, 0x83, 0x83, 0xfd, 0x83, 0x83, 0x83, 0xfd, 0x83, 0x83, 0x83, 0xfd
.byte 0x83, 0x83, 0x83, 0xfd, 0x83, 0x83, 0x83, 0xfd, 0x83, 0x83, 0x83, 0xfd, 0x83, 0x83, 0x83, 0xfd
.byte 0x83, 0x83, 0x83, 0xfd, 0x83, 0x83, 0x83, 0xfd, 0x83, 0x83, 0x83, 0xfd, 0x83, 0x83, 0x83, 0xfd
.byte 0x83, 0x83, 0x83, 0xfd, 0x83, 0x83, 0x83, 0xfd, 0x83, 0x83, 0x83, 0xfd, 0x83, 0x83, 0x83, 0xfd
.byte 0x83, 0x83, 0x83, 0xfd, 0x83, 0x83, 0x83, 0xfd, 0x83, 0x83, 0x83, 0xfd, 0x83, 0x83, 0x83, 0xfd
.byte 0x83, 0x83, 0x83, 0xfd, 0x83, 0x83, 0x83, 0xfd, 0x83, 0x83, 0x83, 0xfd, 0x83, 0x83, 0x83, 0xfd
.byte 0x83, 0x83, 0x83, 0xfd, 0x83, 0x83, 0x83, 0xfd, 0x83, 0x83, 0x83, 0xfd, 0x83, 0x83, 0x83, 0xfd
.byte 0x83, 0x83, 0x83, 0xfd, 0x83, 0x83, 0x83, 0xfd, 0x83, 0x83, 0x83, 0xfd, 0x83, 0x83, 0x83, 0xfd
.byte 0x83, 0x83, 0x83, 0xfd, 0x83, 0x83, 0x83, 0xfd, 0x83, 0x83, 0x83, 0xfd, 0x83, 0x83, 0x83, 0xfd
.byte 0x83, 0x83, 0x83, 0xfd, 0x83, 0x83, 0x83, 0xfd, 0x83, 0x83, 0x83, 0xfd, 0x83, 0x83, 0x83, 0xfd
.byte 0x83, 0x83, 0x83, 0xfd, 0x83, 0x83, 0x83, 0xfd, 0x83, 0x83, 0x83, 0xfd, 0x83, 0x83, 0x83, 0xfd
.byte 0x83, 0x83, 0x83, 0xfd, 0x83, 0x83, 0x83, 0xfd, 0x83, 0x83, 0x83, 0xfd, 0x83, 0x83, 0x83, 0xfd
.byte 0x83, 0x83, 0x83, 0xfd, 0x83, 0x83, 0x83, 0xfd, 0x83, 0x83, 0x83, 0xfd, 0x83, 0x83, 0x83, 0xfd
.byte 0x83, 0x83, 0x83, 0xfd, 0x83, 0x83, 0x83, 0xfd, 0x83, 0x83, 0x83, 0xfd, 0x83, 0x83, 0x83, 0xfd
.byte 0x83, 0x83, 0x83, 0xfd, 0x83, 0x83, 0x83, 0xfd, 0x83, 0x83, 0x83, 0xfd, 0x83, 0x83, 0x83, 0xfd
.byte 0x83, 0x83, 0x83, 0xfd, 0x83, 0x83, 0x83, 0xfd, 0x83, 0x83, 0x83, 0xfd, 0x83, 0x83, 0x83, 0xfd
.byte 0x83, 0x83, 0x83, 0xfd, 0x83, 0x83, 0x83, 0xfd, 0x83, 0x83, 0x83, 0xfd, 0x83, 0x83, 0x83, 0xfd
.byte 0x83, 0x83, 0x83, 0xfd, 0x83, 0x83, 0x83, 0xfd, 0x83, 0x83, 0x83, 0xfd, 0x83, 0x83, 0x83, 0xfd
.byte 0x83, 0x83, 0x83, 0xfd, 0x83, 0x83, 0x83, 0xfd, 0x83, 0x83, 0x83, 0xfd, 0x83, 0x83, 0x83, 0xfd
.byte 0x83, 0x83, 0x83, 0xfd, 0x83, 0x83, 0x83, 0xfd, 0x83, 0x83, 0x83, 0xfd, 0x83, 0x83, 0x83, 0xfd
.byte 0x83, 0x83, 0x83, 0xfd, 0x83, 0x83, 0x83, 0xfd, 0x83, 0x83, 0x83, 0xfd, 0x83, 0x83, 0x83, 0xfd
.byte 0x83, 0x83, 0x83, 0xfd, 0x83, 0x83, 0x83, 0xfd, 0x83, 0x83, 0x83, 0xfd, 0x83, 0x83, 0x83, 0xfd
.byte 0x83, 0x83, 0x83, 0xfd, 0x83, 0x83, 0x83, 0xfd, 0x83, 0x83, 0x83, 0xfd, 0x83, 0x83, 0x83, 0xfd
.byte 0x83, 0x83, 0x83, 0xfd, 0x83, 0x83, 0x83, 0xfd, 0x83, 0x83, 0x83, 0xfd, 0x83, 0x83, 0x83, 0xfd
.byte 0x83, 0x83, 0x83, 0xfd, 0x83, 0x83, 0x83, 0xfd, 0x83, 0x83, 0x83, 0xfd, 0x83, 0x83, 0x83, 0xfd
.byte 0x83, 0x83, 0x83, 0xfd, 0x83, 0x83, 0x83, 0xfd, 0x83, 0x83, 0x83, 0xfd, 0x83, 0x83, 0x83, 0xfd
.byte 0x83, 0x83, 0x83, 0xfd, 0x83, 0x83, 0x83, 0xfd, 0x83, 0x83, 0x83, 0xfd, 0x83, 0x83, 0x83, 0xfd
.byte 0x83, 0x83, 0x83, 0xfd, 0x83, 0x83, 0x83, 0xfd, 0x83, 0x83, 0x83, 0xfd, 0x83, 0x83, 0x83, 0xfd
.byte 0x83, 0x83, 0x83, 0xfd, 0x83, 0x83, 0x83, 0xfd, 0x83, 0x83, 0x83, 0xfd, 0x83, 0x83, 0x83, 0xfd
.byte 0x83, 0x83, 0x83, 0xfd, 0x83, 0x83, 0x83, 0xfd, 0x83, 0x83, 0x83, 0xfd, 0x83, 0x83, 0x83, 0xfd
.byte 0x83, 0x83, 0x83, 0xfd, 0x83, 0x83, 0x83, 0xfd, 0x83, 0x83, 0x83, 0xfd, 0x83, 0x83, 0x83, 0xfd
.byte 0x83, 0x83, 0x83, 0xfd, 0x83, 0x83, 0x83, 0xfd, 0x83, 0x83, 0x83, 0xfd, 0x83, 0x83, 0x83, 0xfd
.byte 0x83, 0x83, 0x83, 0xfd, 0x83, 0x83, 0x83, 0xfd, 0x83, 0x83, 0x83, 0xfd, 0x83, 0x83, 0x83, 0xfd
.byte 0x83, 0x83, 0x83, 0xfd, 0x83, 0x83, 0x83, 0xfd, 0x83, 0x83, 0x83, 0xfd, 0x83, 0x83, 0x83, 0xfd
.byte 0x83, 0x83, 0x83, 0xfd, 0x83, 0x83, 0x83, 0xfd, 0x83, 0x83, 0x83, 0xfd, 0x83, 0x83, 0x83, 0xfd
.byte 0x83, 0x83, 0x83, 0xfd, 0x83, 0x83, 0x83, 0xfd, 0x83, 0x83, 0x83, 0xfd, 0x83, 0x83, 0x83, 0xfd
.byte 0x83, 0x83, 0x83, 0xfd, 0x83, 0x83, 0x83, 0xfd, 0x83, 0x83, 0x83, 0xfd, 0x83, 0x83, 0x83, 0xfd
.byte 0x83, 0x83, 0x83, 0xfd, 0x83, 0x83, 0x83, 0xfd, 0x83, 0x83, 0x83, 0xfd, 0x83, 0x83, 0x83, 0xfd
.byte 0x83, 0x83, 0x83, 0xfd, 0x83, 0x83, 0x83, 0xfd, 0x83, 0x83, 0x83, 0xfd, 0x83, 0x83, 0x83, 0xfd
.byte 0x83, 0x83, 0x83, 0xfd, 0x83, 0x83, 0x83, 0xfd, 0x83, 0x83, 0x83, 0xfd, 0x83, 0x83, 0x83, 0xfd
.byte 0x83, 0x83, 0x83, 0xfd, 0x83, 0x83, 0x83, 0xfd, 0x83, 0x83, 0x83, 0xfd, 0x83, 0x83, 0x83, 0xfd
.byte 0x83, 0x83, 0x83, 0xfd, 0x83, 0x83, 0x83, 0xfd, 0x83, 0x83, 0x83, 0xfd, 0x83, 0x83, 0x83, 0xfd
.byte 0x83, 0x83, 0x83, 0xfd, 0x83, 0x83, 0x83, 0xfd, 0x83, 0x83, 0x83, 0xfd, 0x83, 0x83, 0x83, 0xfd
.byte 0x83, 0x83, 0x83, 0xfd, 0x83, 0x83, 0x83, 0xfd, 0x83, 0x83, 0x83, 0xfd, 0x83, 0x83, 0x83, 0xfd
.byte 0x83, 0x83, 0x83, 0xfd, 0x83, 0x83, 0x83, 0xfd, 0x82, 0x82, 0x82, 0xfd, 0x81, 0x81, 0x81, 0xfd
.byte 0x7f, 0x7f, 0x7f, 0xfd, 0x7a, 0x7a, 0x7a, 0xfd, 0x75, 0x75, 0x75, 0xfc, 0x70, 0x70, 0x70, 0xfb
.byte 0x6b, 0x6b, 0x6b, 0xf9, 0x66, 0x66, 0x66, 0xf7, 0x62, 0x62, 0x62, 0xf5, 0x5d, 0x5d, 0x5d, 0xf2
.byte 0x57, 0x57, 0x57, 0xed, 0x53, 0x53, 0x53, 0xe4, 0x50, 0x50, 0x50, 0xd8, 0x4d, 0x4d, 0x4d, 0xc7
.byte 0x4c, 0x4c, 0x4c, 0xaf, 0x4b, 0x4b, 0x4b, 0x92, 0x4a, 0x4a, 0x4a, 0x71, 0x49, 0x49, 0x49, 0x50
.byte 0x4b, 0x4b, 0x4b, 0x33, 0x4c, 0x4c, 0x4c, 0x1b, 0x4e, 0x4e, 0x4e, 0x0d, 0x33, 0x33, 0x33, 0x05
.byte 0x00, 0x00, 0x00, 0x02, 0x00, 0x00, 0x00, 0x00, 0x00, 0x00, 0x00, 0x00, 0x00, 0x00, 0x00, 0x00
.byte 0x00, 0x00, 0x00, 0x00, 0x00, 0x00, 0x00, 0x00, 0x00, 0x00, 0x00, 0x00, 0x00, 0x00, 0x00, 0x00
.byte 0x00, 0x00, 0x00, 0x00, 0x00, 0x00, 0x00, 0x00, 0x00, 0x00, 0x00, 0x00, 0x00, 0x00, 0x00, 0x00
.byte 0x00, 0x00, 0x00, 0x00, 0x00, 0x00, 0x00, 0x00, 0x00, 0x00, 0x00, 0x00, 0x00, 0x00, 0x00, 0x00
.byte 0x00, 0x00, 0x00, 0x00, 0x00, 0x00, 0x00, 0x00, 0x00, 0x00, 0x00, 0x00, 0x00, 0x00, 0x00, 0x00
.byte 0x00, 0x00, 0x00, 0x00, 0x00, 0x00, 0x00, 0x00, 0x00, 0x00, 0x00, 0x02, 0x2b, 0x2b, 0x2b, 0x06
.byte 0x44, 0x44, 0x44, 0x0f, 0x46, 0x46, 0x46, 0x21, 0x47, 0x47, 0x47, 0x3d, 0x4a, 0x4a, 0x4a, 0x61
.byte 0x4a, 0x4a, 0x4a, 0x87, 0x4b, 0x4b, 0x4b, 0xaa, 0x4d, 0x4d, 0x4d, 0xc7, 0x50, 0x50, 0x50, 0xdc
.byte 0x54, 0x54, 0x54, 0xea, 0x5b, 0x5b, 0x5b, 0xf2, 0x61, 0x61, 0x61, 0xf8, 0x69, 0x69, 0x69, 0xfb
.byte 0x71, 0x71, 0x71, 0xfc, 0x7a, 0x7a, 0x7a, 0xfd, 0x82, 0x82, 0x82, 0xfe, 0x8a, 0x8a, 0x8a, 0xfe
.byte 0x90, 0x90, 0x90, 0xff, 0x97, 0x97, 0x97, 0xff, 0x9e, 0x9e, 0x9e, 0xff, 0xa3, 0xa3, 0xa3, 0xff
.byte 0xa6, 0xa6, 0xa6, 0xff, 0xa8, 0xa8, 0xa8, 0xff, 0xa9, 0xa9, 0xa9, 0xff, 0xa9, 0xa9, 0xa9, 0xff
.byte 0xa9, 0xa9, 0xa9, 0xff, 0xa9, 0xa9, 0xa9, 0xff, 0xa9, 0xa9, 0xa9, 0xff, 0xa9, 0xa9, 0xa9, 0xff
.byte 0xa9, 0xa9, 0xa9, 0xff, 0xa9, 0xa9, 0xa9, 0xff, 0xa9, 0xa9, 0xa9, 0xff, 0xa9, 0xa9, 0xa9, 0xff
.byte 0xa9, 0xa9, 0xa9, 0xff, 0xa9, 0xa9, 0xa9, 0xff, 0xa9, 0xa9, 0xa9, 0xff, 0xa9, 0xa9, 0xa9, 0xff
.byte 0xa9, 0xa9, 0xa9, 0xff, 0xa9, 0xa9, 0xa9, 0xff, 0xa9, 0xa9, 0xa9, 0xff, 0xa9, 0xa9, 0xa9, 0xff
.byte 0xa9, 0xa9, 0xa9, 0xff, 0xa9, 0xa9, 0xa9, 0xff, 0xa9, 0xa9, 0xa9, 0xff, 0xa9, 0xa9, 0xa9, 0xff
.byte 0xa9, 0xa9, 0xa9, 0xff, 0xa9, 0xa9, 0xa9, 0xff, 0xa9, 0xa9, 0xa9, 0xff, 0xa9, 0xa9, 0xa9, 0xff
.byte 0xa9, 0xa9, 0xa9, 0xff, 0xa9, 0xa9, 0xa9, 0xff, 0xa9, 0xa9, 0xa9, 0xff, 0xa9, 0xa9, 0xa9, 0xff
.byte 0xa9, 0xa9, 0xa9, 0xff, 0xa9, 0xa9, 0xa9, 0xff, 0xa9, 0xa9, 0xa9, 0xff, 0xa9, 0xa9, 0xa9, 0xff
.byte 0xa9, 0xa9, 0xa9, 0xff, 0xa9, 0xa9, 0xa9, 0xff, 0xa9, 0xa9, 0xa9, 0xff, 0xa9, 0xa9, 0xa9, 0xff
.byte 0xa9, 0xa9, 0xa9, 0xff, 0xa9, 0xa9, 0xa9, 0xff, 0xa9, 0xa9, 0xa9, 0xff, 0xa9, 0xa9, 0xa9, 0xff
.byte 0xa9, 0xa9, 0xa9, 0xff, 0xa9, 0xa9, 0xa9, 0xff, 0xa9, 0xa9, 0xa9, 0xff, 0xa9, 0xa9, 0xa9, 0xff
.byte 0xa9, 0xa9, 0xa9, 0xff, 0xa9, 0xa9, 0xa9, 0xff, 0xa9, 0xa9, 0xa9, 0xff, 0xa9, 0xa9, 0xa9, 0xff
.byte 0xa9, 0xa9, 0xa9, 0xff, 0xa9, 0xa9, 0xa9, 0xff, 0xa9, 0xa9, 0xa9, 0xff, 0xa9, 0xa9, 0xa9, 0xff
.byte 0xa9, 0xa9, 0xa9, 0xff, 0xa9, 0xa9, 0xa9, 0xff, 0xa9, 0xa9, 0xa9, 0xff, 0xa9, 0xa9, 0xa9, 0xff
.byte 0xa9, 0xa9, 0xa9, 0xff, 0xa9, 0xa9, 0xa9, 0xff, 0xa9, 0xa9, 0xa9, 0xff, 0xa9, 0xa9, 0xa9, 0xff
.byte 0xa9, 0xa9, 0xa9, 0xff, 0xa9, 0xa9, 0xa9, 0xff, 0xa9, 0xa9, 0xa9, 0xff, 0xa9, 0xa9, 0xa9, 0xff
.byte 0xa9, 0xa9, 0xa9, 0xff, 0xa9, 0xa9, 0xa9, 0xff, 0xa9, 0xa9, 0xa9, 0xff, 0xa9, 0xa9, 0xa9, 0xff
.byte 0xa9, 0xa9, 0xa9, 0xff, 0xa9, 0xa9, 0xa9, 0xff, 0xa9, 0xa9, 0xa9, 0xff, 0xa9, 0xa9, 0xa9, 0xff
.byte 0xa9, 0xa9, 0xa9, 0xff, 0xa9, 0xa9, 0xa9, 0xff, 0xa9, 0xa9, 0xa9, 0xff, 0xa9, 0xa9, 0xa9, 0xff
.byte 0xa9, 0xa9, 0xa9, 0xff, 0xa9, 0xa9, 0xa9, 0xff, 0xa9, 0xa9, 0xa9, 0xff, 0xa9, 0xa9, 0xa9, 0xff
.byte 0xa9, 0xa9, 0xa9, 0xff, 0xa9, 0xa9, 0xa9, 0xff, 0xa9, 0xa9, 0xa9, 0xff, 0xa9, 0xa9, 0xa9, 0xff
.byte 0xa9, 0xa9, 0xa9, 0xff, 0xa9, 0xa9, 0xa9, 0xff, 0xa9, 0xa9, 0xa9, 0xff, 0xa9, 0xa9, 0xa9, 0xff
.byte 0xa9, 0xa9, 0xa9, 0xff, 0xa9, 0xa9, 0xa9, 0xff, 0xa9, 0xa9, 0xa9, 0xff, 0xa9, 0xa9, 0xa9, 0xff
.byte 0xa9, 0xa9, 0xa9, 0xff, 0xa9, 0xa9, 0xa9, 0xff, 0xa9, 0xa9, 0xa9, 0xff, 0xa9, 0xa9, 0xa9, 0xff
.byte 0xa9, 0xa9, 0xa9, 0xff, 0xa9, 0xa9, 0xa9, 0xff, 0xa9, 0xa9, 0xa9, 0xff, 0xa9, 0xa9, 0xa9, 0xff
.byte 0xa9, 0xa9, 0xa9, 0xff, 0xa9, 0xa9, 0xa9, 0xff, 0xa9, 0xa9, 0xa9, 0xff, 0xa9, 0xa9, 0xa9, 0xff
.byte 0xa9, 0xa9, 0xa9, 0xff, 0xa9, 0xa9, 0xa9, 0xff, 0xa9, 0xa9, 0xa9, 0xff, 0xa9, 0xa9, 0xa9, 0xff
.byte 0xa9, 0xa9, 0xa9, 0xff, 0xa9, 0xa9, 0xa9, 0xff, 0xa9, 0xa9, 0xa9, 0xff, 0xa9, 0xa9, 0xa9, 0xff
.byte 0xa9, 0xa9, 0xa9, 0xff, 0xa9, 0xa9, 0xa9, 0xff, 0xa9, 0xa9, 0xa9, 0xff, 0xa9, 0xa9, 0xa9, 0xff
.byte 0xa9, 0xa9, 0xa9, 0xff, 0xa9, 0xa9, 0xa9, 0xff, 0xa9, 0xa9, 0xa9, 0xff, 0xa9, 0xa9, 0xa9, 0xff
.byte 0xa9, 0xa9, 0xa9, 0xff, 0xa9, 0xa9, 0xa9, 0xff, 0xa9, 0xa9, 0xa9, 0xff, 0xa9, 0xa9, 0xa9, 0xff
.byte 0xa9, 0xa9, 0xa9, 0xff, 0xa9, 0xa9, 0xa9, 0xff, 0xa9, 0xa9, 0xa9, 0xff, 0xa9, 0xa9, 0xa9, 0xff
.byte 0xa9, 0xa9, 0xa9, 0xff, 0xa9, 0xa9, 0xa9, 0xff, 0xa9, 0xa9, 0xa9, 0xff, 0xa9, 0xa9, 0xa9, 0xff
.byte 0xa9, 0xa9, 0xa9, 0xff, 0xa9, 0xa9, 0xa9, 0xff, 0xa9, 0xa9, 0xa9, 0xff, 0xa9, 0xa9, 0xa9, 0xff
.byte 0xa9, 0xa9, 0xa9, 0xff, 0xa9, 0xa9, 0xa9, 0xff, 0xa9, 0xa9, 0xa9, 0xff, 0xa9, 0xa9, 0xa9, 0xff
.byte 0xa9, 0xa9, 0xa9, 0xff, 0xa9, 0xa9, 0xa9, 0xff, 0xa9, 0xa9, 0xa9, 0xff, 0xa9, 0xa9, 0xa9, 0xff
.byte 0xa9, 0xa9, 0xa9, 0xff, 0xa9, 0xa9, 0xa9, 0xff, 0xa9, 0xa9, 0xa9, 0xff, 0xa9, 0xa9, 0xa9, 0xff
.byte 0xa9, 0xa9, 0xa9, 0xff, 0xa9, 0xa9, 0xa9, 0xff, 0xa9, 0xa9, 0xa9, 0xff, 0xa9, 0xa9, 0xa9, 0xff
.byte 0xa9, 0xa9, 0xa9, 0xff, 0xa9, 0xa9, 0xa9, 0xff, 0xa9, 0xa9, 0xa9, 0xff, 0xa9, 0xa9, 0xa9, 0xff
.byte 0xa9, 0xa9, 0xa9, 0xff, 0xa9, 0xa9, 0xa9, 0xff, 0xa9, 0xa9, 0xa9, 0xff, 0xa9, 0xa9, 0xa9, 0xff
.byte 0xa9, 0xa9, 0xa9, 0xff, 0xa9, 0xa9, 0xa9, 0xff, 0xa9, 0xa9, 0xa9, 0xff, 0xa9, 0xa9, 0xa9, 0xff
.byte 0xa9, 0xa9, 0xa9, 0xff, 0xa9, 0xa9, 0xa9, 0xff, 0xa9, 0xa9, 0xa9, 0xff, 0xa9, 0xa9, 0xa9, 0xff
.byte 0xa9, 0xa9, 0xa9, 0xff, 0xa9, 0xa9, 0xa9, 0xff, 0xa9, 0xa9, 0xa9, 0xff, 0xa9, 0xa9, 0xa9, 0xff
.byte 0xa9, 0xa9, 0xa9, 0xff, 0xa9, 0xa9, 0xa9, 0xff, 0xa9, 0xa9, 0xa9, 0xff, 0xa9, 0xa9, 0xa9, 0xff
.byte 0xa9, 0xa9, 0xa9, 0xff, 0xa9, 0xa9, 0xa9, 0xff, 0xa9, 0xa9, 0xa9, 0xff, 0xa9, 0xa9, 0xa9, 0xff
.byte 0xa9, 0xa9, 0xa9, 0xff, 0xa9, 0xa9, 0xa9, 0xff, 0xa9, 0xa9, 0xa9, 0xff, 0xa9, 0xa9, 0xa9, 0xff
.byte 0xa9, 0xa9, 0xa9, 0xff, 0xa9, 0xa9, 0xa9, 0xff, 0xa8, 0xa8, 0xa8, 0xff, 0xa7, 0xa7, 0xa7, 0xff
.byte 0xa4, 0xa4, 0xa4, 0xff, 0x9e, 0x9e, 0x9e, 0xff, 0x97, 0x97, 0x97, 0xff, 0x90, 0x90, 0x90, 0xff
.byte 0x8a, 0x8a, 0x8a, 0xfe, 0x83, 0x83, 0x83, 0xfe, 0x7b, 0x7b, 0x7b, 0xfd, 0x72, 0x72, 0x72, 0xfc
.byte 0x69, 0x69, 0x69, 0xfb, 0x61, 0x61, 0x61, 0xf8, 0x5a, 0x5a, 0x5a, 0xf3, 0x55, 0x55, 0x55, 0xea
.byte 0x50, 0x50, 0x50, 0xdc, 0x4d, 0x4d, 0x4d, 0xc7, 0x4b, 0x4b, 0x4b, 0xab, 0x49, 0x49, 0x49, 0x88
.byte 0x4a, 0x4a, 0x4a, 0x61, 0x47, 0x47, 0x47, 0x3d, 0x46, 0x46, 0x46, 0x21, 0x44, 0x44, 0x44, 0x0f
.byte 0x2b, 0x2b, 0x2b, 0x06, 0x00, 0x00, 0x00, 0x02, 0x00, 0x00, 0x00, 0x00, 0x00, 0x00, 0x00, 0x00
.byte 0x00, 0x00, 0x00, 0x00, 0x00, 0x00, 0x00, 0x00, 0x00, 0x00, 0x00, 0x00, 0x00, 0x00, 0x00, 0x00
.byte 0x00, 0x00, 0x00, 0x00, 0x00, 0x00, 0x00, 0x00, 0x00, 0x00, 0x00, 0x00, 0x00, 0x00, 0x00, 0x00
.byte 0x00, 0x00, 0x00, 0x00, 0x00, 0x00, 0x00, 0x00, 0x00, 0x00, 0x00, 0x00, 0x00, 0x00, 0x00, 0x00
.byte 0x00, 0x00, 0x00, 0x00, 0x00, 0x00, 0x00, 0x00, 0x00, 0x00, 0x00, 0x00, 0x00, 0x00, 0x00, 0x00
.byte 0x00, 0x00, 0x00, 0x00, 0x00, 0x00, 0x00, 0x02, 0x55, 0x55, 0x55, 0x06, 0x50, 0x50, 0x50, 0x10
.byte 0x47, 0x47, 0x47, 0x24, 0x47, 0x47, 0x47, 0x44, 0x49, 0x49, 0x49, 0x6c, 0x4b, 0x4b, 0x4b, 0x96
.byte 0x4c, 0x4c, 0x4c, 0xbb, 0x4f, 0x4f, 0x4f, 0xd7, 0x54, 0x54, 0x54, 0xe8, 0x5a, 0x5a, 0x5a, 0xf3
.byte 0x63, 0x63, 0x63, 0xf9, 0x6d, 0x6d, 0x6d, 0xfc, 0x78, 0x78, 0x78, 0xfe, 0x86, 0x86, 0x86, 0xfe
.byte 0x91, 0x91, 0x91, 0xff, 0x9d, 0x9d, 0x9d, 0xff, 0xa7, 0xa7, 0xa7, 0xff, 0xaf, 0xaf, 0xaf, 0xff
.byte 0xb7, 0xb7, 0xb7, 0xff, 0xbe, 0xbe, 0xbe, 0xff, 0xc5, 0xc5, 0xc5, 0xff, 0xca, 0xca, 0xca, 0xff
.byte 0xcd, 0xcd, 0xcd, 0xff, 0xcf, 0xcf, 0xcf, 0xff, 0xd0, 0xd0, 0xd0, 0xff, 0xd0, 0xd0, 0xd0, 0xff
.byte 0xd0, 0xd0, 0xd0, 0xff, 0xd0, 0xd0, 0xd0, 0xff, 0xd0, 0xd0, 0xd0, 0xff, 0xd0, 0xd0, 0xd0, 0xff
.byte 0xd0, 0xd0, 0xd0, 0xff, 0xd0, 0xd0, 0xd0, 0xff, 0xd0, 0xd0, 0xd0, 0xff, 0xd0, 0xd0, 0xd0, 0xff
.byte 0xd0, 0xd0, 0xd0, 0xff, 0xd0, 0xd0, 0xd0, 0xff, 0xd0, 0xd0, 0xd0, 0xff, 0xd0, 0xd0, 0xd0, 0xff
.byte 0xd0, 0xd0, 0xd0, 0xff, 0xd0, 0xd0, 0xd0, 0xff, 0xd0, 0xd0, 0xd0, 0xff, 0xd0, 0xd0, 0xd0, 0xff
.byte 0xd0, 0xd0, 0xd0, 0xff, 0xd0, 0xd0, 0xd0, 0xff, 0xd0, 0xd0, 0xd0, 0xff, 0xd0, 0xd0, 0xd0, 0xff
.byte 0xd0, 0xd0, 0xd0, 0xff, 0xd0, 0xd0, 0xd0, 0xff, 0xd0, 0xd0, 0xd0, 0xff, 0xd0, 0xd0, 0xd0, 0xff
.byte 0xd0, 0xd0, 0xd0, 0xff, 0xd0, 0xd0, 0xd0, 0xff, 0xd0, 0xd0, 0xd0, 0xff, 0xd0, 0xd0, 0xd0, 0xff
.byte 0xd0, 0xd0, 0xd0, 0xff, 0xd0, 0xd0, 0xd0, 0xff, 0xd0, 0xd0, 0xd0, 0xff, 0xd0, 0xd0, 0xd0, 0xff
.byte 0xd0, 0xd0, 0xd0, 0xff, 0xd0, 0xd0, 0xd0, 0xff, 0xd0, 0xd0, 0xd0, 0xff, 0xd0, 0xd0, 0xd0, 0xff
.byte 0xd0, 0xd0, 0xd0, 0xff, 0xd0, 0xd0, 0xd0, 0xff, 0xd0, 0xd0, 0xd0, 0xff, 0xd0, 0xd0, 0xd0, 0xff
.byte 0xd0, 0xd0, 0xd0, 0xff, 0xd0, 0xd0, 0xd0, 0xff, 0xd0, 0xd0, 0xd0, 0xff, 0xd0, 0xd0, 0xd0, 0xff
.byte 0xd0, 0xd0, 0xd0, 0xff, 0xd0, 0xd0, 0xd0, 0xff, 0xd0, 0xd0, 0xd0, 0xff, 0xd0, 0xd0, 0xd0, 0xff
.byte 0xd0, 0xd0, 0xd0, 0xff, 0xd0, 0xd0, 0xd0, 0xff, 0xd0, 0xd0, 0xd0, 0xff, 0xd0, 0xd0, 0xd0, 0xff
.byte 0xd0, 0xd0, 0xd0, 0xff, 0xd0, 0xd0, 0xd0, 0xff, 0xd0, 0xd0, 0xd0, 0xff, 0xd0, 0xd0, 0xd0, 0xff
.byte 0xd0, 0xd0, 0xd0, 0xff, 0xd0, 0xd0, 0xd0, 0xff, 0xd0, 0xd0, 0xd0, 0xff, 0xd0, 0xd0, 0xd0, 0xff
.byte 0xd0, 0xd0, 0xd0, 0xff, 0xd0, 0xd0, 0xd0, 0xff, 0xd0, 0xd0, 0xd0, 0xff, 0xd0, 0xd0, 0xd0, 0xff
.byte 0xd0, 0xd0, 0xd0, 0xff, 0xd0, 0xd0, 0xd0, 0xff, 0xd0, 0xd0, 0xd0, 0xff, 0xd0, 0xd0, 0xd0, 0xff
.byte 0xd0, 0xd0, 0xd0, 0xff, 0xd0, 0xd0, 0xd0, 0xff, 0xd0, 0xd0, 0xd0, 0xff, 0xd0, 0xd0, 0xd0, 0xff
.byte 0xd0, 0xd0, 0xd0, 0xff, 0xd0, 0xd0, 0xd0, 0xff, 0xd0, 0xd0, 0xd0, 0xff, 0xd0, 0xd0, 0xd0, 0xff
.byte 0xd0, 0xd0, 0xd0, 0xff, 0xd0, 0xd0, 0xd0, 0xff, 0xd0, 0xd0, 0xd0, 0xff, 0xd0, 0xd0, 0xd0, 0xff
.byte 0xd0, 0xd0, 0xd0, 0xff, 0xd0, 0xd0, 0xd0, 0xff, 0xd0, 0xd0, 0xd0, 0xff, 0xd0, 0xd0, 0xd0, 0xff
.byte 0xd0, 0xd0, 0xd0, 0xff, 0xd0, 0xd0, 0xd0, 0xff, 0xd0, 0xd0, 0xd0, 0xff, 0xd0, 0xd0, 0xd0, 0xff
.byte 0xd0, 0xd0, 0xd0, 0xff, 0xd0, 0xd0, 0xd0, 0xff, 0xd0, 0xd0, 0xd0, 0xff, 0xd0, 0xd0, 0xd0, 0xff
.byte 0xd0, 0xd0, 0xd0, 0xff, 0xd0, 0xd0, 0xd0, 0xff, 0xd0, 0xd0, 0xd0, 0xff, 0xd0, 0xd0, 0xd0, 0xff
.byte 0xd0, 0xd0, 0xd0, 0xff, 0xd0, 0xd0, 0xd0, 0xff, 0xd0, 0xd0, 0xd0, 0xff, 0xd0, 0xd0, 0xd0, 0xff
.byte 0xd0, 0xd0, 0xd0, 0xff, 0xd0, 0xd0, 0xd0, 0xff, 0xd0, 0xd0, 0xd0, 0xff, 0xd0, 0xd0, 0xd0, 0xff
.byte 0xd0, 0xd0, 0xd0, 0xff, 0xd0, 0xd0, 0xd0, 0xff, 0xd0, 0xd0, 0xd0, 0xff, 0xd0, 0xd0, 0xd0, 0xff
.byte 0xd0, 0xd0, 0xd0, 0xff, 0xd0, 0xd0, 0xd0, 0xff, 0xd0, 0xd0, 0xd0, 0xff, 0xd0, 0xd0, 0xd0, 0xff
.byte 0xd0, 0xd0, 0xd0, 0xff, 0xd0, 0xd0, 0xd0, 0xff, 0xd0, 0xd0, 0xd0, 0xff, 0xd0, 0xd0, 0xd0, 0xff
.byte 0xd0, 0xd0, 0xd0, 0xff, 0xd0, 0xd0, 0xd0, 0xff, 0xd0, 0xd0, 0xd0, 0xff, 0xd0, 0xd0, 0xd0, 0xff
.byte 0xd0, 0xd0, 0xd0, 0xff, 0xd0, 0xd0, 0xd0, 0xff, 0xd0, 0xd0, 0xd0, 0xff, 0xd0, 0xd0, 0xd0, 0xff
.byte 0xd0, 0xd0, 0xd0, 0xff, 0xd0, 0xd0, 0xd0, 0xff, 0xd0, 0xd0, 0xd0, 0xff, 0xd0, 0xd0, 0xd0, 0xff
.byte 0xd0, 0xd0, 0xd0, 0xff, 0xd0, 0xd0, 0xd0, 0xff, 0xd0, 0xd0, 0xd0, 0xff, 0xd0, 0xd0, 0xd0, 0xff
.byte 0xd0, 0xd0, 0xd0, 0xff, 0xd0, 0xd0, 0xd0, 0xff, 0xd0, 0xd0, 0xd0, 0xff, 0xd0, 0xd0, 0xd0, 0xff
.byte 0xd0, 0xd0, 0xd0, 0xff, 0xd0, 0xd0, 0xd0, 0xff, 0xd0, 0xd0, 0xd0, 0xff, 0xd0, 0xd0, 0xd0, 0xff
.byte 0xd0, 0xd0, 0xd0, 0xff, 0xd0, 0xd0, 0xd0, 0xff, 0xd0, 0xd0, 0xd0, 0xff, 0xd0, 0xd0, 0xd0, 0xff
.byte 0xd0, 0xd0, 0xd0, 0xff, 0xd0, 0xd0, 0xd0, 0xff, 0xd0, 0xd0, 0xd0, 0xff, 0xd0, 0xd0, 0xd0, 0xff
.byte 0xd0, 0xd0, 0xd0, 0xff, 0xd0, 0xd0, 0xd0, 0xff, 0xd0, 0xd0, 0xd0, 0xff, 0xd0, 0xd0, 0xd0, 0xff
.byte 0xd0, 0xd0, 0xd0, 0xff, 0xd0, 0xd0, 0xd0, 0xff, 0xd0, 0xd0, 0xd0, 0xff, 0xd0, 0xd0, 0xd0, 0xff
.byte 0xd0, 0xd0, 0xd0, 0xff, 0xd0, 0xd0, 0xd0, 0xff, 0xd0, 0xd0, 0xd0, 0xff, 0xd0, 0xd0, 0xd0, 0xff
.byte 0xd0, 0xd0, 0xd0, 0xff, 0xd0, 0xd0, 0xd0, 0xff, 0xd0, 0xd0, 0xd0, 0xff, 0xd0, 0xd0, 0xd0, 0xff
.byte 0xd0, 0xd0, 0xd0, 0xff, 0xd0, 0xd0, 0xd0, 0xff, 0xd0, 0xd0, 0xd0, 0xff, 0xd0, 0xd0, 0xd0, 0xff
.byte 0xd0, 0xd0, 0xd0, 0xff, 0xd0, 0xd0, 0xd0, 0xff, 0xd0, 0xd0, 0xd0, 0xff, 0xd0, 0xd0, 0xd0, 0xff
.byte 0xd0, 0xd0, 0xd0, 0xff, 0xd0, 0xd0, 0xd0, 0xff, 0xd0, 0xd0, 0xd0, 0xff, 0xd0, 0xd0, 0xd0, 0xff
.byte 0xd0, 0xd0, 0xd0, 0xff, 0xd0, 0xd0, 0xd0, 0xff, 0xd0, 0xd0, 0xd0, 0xff, 0xd0, 0xd0, 0xd0, 0xff
.byte 0xd0, 0xd0, 0xd0, 0xff, 0xd0, 0xd0, 0xd0, 0xff, 0xd0, 0xd0, 0xd0, 0xff, 0xd0, 0xd0, 0xd0, 0xff
.byte 0xd0, 0xd0, 0xd0, 0xff, 0xd0, 0xd0, 0xd0, 0xff, 0xcf, 0xcf, 0xcf, 0xff, 0xce, 0xce, 0xce, 0xff
.byte 0xca, 0xca, 0xca, 0xff, 0xc5, 0xc5, 0xc5, 0xff, 0xbe, 0xbe, 0xbe, 0xff, 0xb7, 0xb7, 0xb7, 0xff
.byte 0xaf, 0xaf, 0xaf, 0xff, 0xa7, 0xa7, 0xa7, 0xff, 0x9d, 0x9d, 0x9d, 0xff, 0x91, 0x91, 0x91, 0xff
.byte 0x86, 0x86, 0x86, 0xfe, 0x78, 0x78, 0x78, 0xfe, 0x6d, 0x6d, 0x6d, 0xfc, 0x63, 0x63, 0x63, 0xf9
.byte 0x5a, 0x5a, 0x5a, 0xf3, 0x54, 0x54, 0x54, 0xe9, 0x4f, 0x4f, 0x4f, 0xd7, 0x4c, 0x4c, 0x4c, 0xbc
.byte 0x4a, 0x4a, 0x4a, 0x97, 0x49, 0x49, 0x49, 0x6c, 0x47, 0x47, 0x47, 0x44, 0x45, 0x45, 0x45, 0x25
.byte 0x4b, 0x4b, 0x4b, 0x11, 0x55, 0x55, 0x55, 0x06, 0x00, 0x00, 0x00, 0x02, 0x00, 0x00, 0x00, 0x00
.byte 0x00, 0x00, 0x00, 0x00, 0x00, 0x00, 0x00, 0x00, 0x00, 0x00, 0x00, 0x00, 0x00, 0x00, 0x00, 0x00
.byte 0x00, 0x00, 0x00, 0x00, 0x00, 0x00, 0x00, 0x00, 0x00, 0x00, 0x00, 0x00, 0x00, 0x00, 0x00, 0x00
.byte 0x00, 0x00, 0x00, 0x00, 0x00, 0x00, 0x00, 0x00, 0x00, 0x00, 0x00, 0x00, 0x00, 0x00, 0x00, 0x00
.byte 0x00, 0x00, 0x00, 0x00, 0x00, 0x00, 0x00, 0x00, 0x00, 0x00, 0x00, 0x00, 0x00, 0x00, 0x00, 0x00
.byte 0x00, 0x00, 0x00, 0x02, 0x55, 0x55, 0x55, 0x06, 0x4b, 0x4b, 0x4b, 0x11, 0x4a, 0x4a, 0x4a, 0x26
.byte 0x4b, 0x4b, 0x4b, 0x47, 0x4a, 0x4a, 0x4a, 0x72, 0x4a, 0x4a, 0x4a, 0x9f, 0x4c, 0x4c, 0x4c, 0xc5
.byte 0x51, 0x51, 0x51, 0xe0, 0x57, 0x57, 0x57, 0xf0, 0x61, 0x61, 0x61, 0xf8, 0x6c, 0x6c, 0x6c, 0xfc
.byte 0x79, 0x79, 0x79, 0xfe, 0x89, 0x89, 0x89, 0xff, 0x98, 0x98, 0x98, 0xff, 0xa7, 0xa7, 0xa7, 0xff
.byte 0xb5, 0xb5, 0xb5, 0xff, 0xc2, 0xc2, 0xc2, 0xff, 0xcc, 0xcc, 0xcc, 0xff, 0xd4, 0xd4, 0xd4, 0xff
.byte 0xda, 0xda, 0xda, 0xff, 0xdf, 0xdf, 0xdf, 0xff, 0xe4, 0xe4, 0xe4, 0xff, 0xe7, 0xe7, 0xe7, 0xff
.byte 0xea, 0xea, 0xea, 0xff, 0xeb, 0xeb, 0xeb, 0xff, 0xec, 0xec, 0xec, 0xff, 0xec, 0xec, 0xec, 0xff
.byte 0xec, 0xec, 0xec, 0xff, 0xec, 0xec, 0xec, 0xff, 0xec, 0xec, 0xec, 0xff, 0xec, 0xec, 0xec, 0xff
.byte 0xec, 0xec, 0xec, 0xff, 0xec, 0xec, 0xec, 0xff, 0xec, 0xec, 0xec, 0xff, 0xec, 0xec, 0xec, 0xff
.byte 0xec, 0xec, 0xec, 0xff, 0xec, 0xec, 0xec, 0xff, 0xec, 0xec, 0xec, 0xff, 0xec, 0xec, 0xec, 0xff
.byte 0xec, 0xec, 0xec, 0xff, 0xec, 0xec, 0xec, 0xff, 0xec, 0xec, 0xec, 0xff, 0xec, 0xec, 0xec, 0xff
.byte 0xec, 0xec, 0xec, 0xff, 0xec, 0xec, 0xec, 0xff, 0xec, 0xec, 0xec, 0xff, 0xec, 0xec, 0xec, 0xff
.byte 0xec, 0xec, 0xec, 0xff, 0xec, 0xec, 0xec, 0xff, 0xec, 0xec, 0xec, 0xff, 0xec, 0xec, 0xec, 0xff
.byte 0xec, 0xec, 0xec, 0xff, 0xec, 0xec, 0xec, 0xff, 0xec, 0xec, 0xec, 0xff, 0xec, 0xec, 0xec, 0xff
.byte 0xec, 0xec, 0xec, 0xff, 0xec, 0xec, 0xec, 0xff, 0xec, 0xec, 0xec, 0xff, 0xec, 0xec, 0xec, 0xff
.byte 0xec, 0xec, 0xec, 0xff, 0xec, 0xec, 0xec, 0xff, 0xec, 0xec, 0xec, 0xff, 0xec, 0xec, 0xec, 0xff
.byte 0xec, 0xec, 0xec, 0xff, 0xec, 0xec, 0xec, 0xff, 0xec, 0xec, 0xec, 0xff, 0xec, 0xec, 0xec, 0xff
.byte 0xec, 0xec, 0xec, 0xff, 0xec, 0xec, 0xec, 0xff, 0xec, 0xec, 0xec, 0xff, 0xec, 0xec, 0xec, 0xff
.byte 0xec, 0xec, 0xec, 0xff, 0xec, 0xec, 0xec, 0xff, 0xec, 0xec, 0xec, 0xff, 0xec, 0xec, 0xec, 0xff
.byte 0xec, 0xec, 0xec, 0xff, 0xec, 0xec, 0xec, 0xff, 0xec, 0xec, 0xec, 0xff, 0xec, 0xec, 0xec, 0xff
.byte 0xec, 0xec, 0xec, 0xff, 0xec, 0xec, 0xec, 0xff, 0xec, 0xec, 0xec, 0xff, 0xec, 0xec, 0xec, 0xff
.byte 0xec, 0xec, 0xec, 0xff, 0xec, 0xec, 0xec, 0xff, 0xec, 0xec, 0xec, 0xff, 0xec, 0xec, 0xec, 0xff
.byte 0xec, 0xec, 0xec, 0xff, 0xec, 0xec, 0xec, 0xff, 0xec, 0xec, 0xec, 0xff, 0xec, 0xec, 0xec, 0xff
.byte 0xec, 0xec, 0xec, 0xff, 0xec, 0xec, 0xec, 0xff, 0xec, 0xec, 0xec, 0xff, 0xec, 0xec, 0xec, 0xff
.byte 0xec, 0xec, 0xec, 0xff, 0xec, 0xec, 0xec, 0xff, 0xec, 0xec, 0xec, 0xff, 0xec, 0xec, 0xec, 0xff
.byte 0xec, 0xec, 0xec, 0xff, 0xec, 0xec, 0xec, 0xff, 0xec, 0xec, 0xec, 0xff, 0xec, 0xec, 0xec, 0xff
.byte 0xec, 0xec, 0xec, 0xff, 0xec, 0xec, 0xec, 0xff, 0xec, 0xec, 0xec, 0xff, 0xec, 0xec, 0xec, 0xff
.byte 0xec, 0xec, 0xec, 0xff, 0xec, 0xec, 0xec, 0xff, 0xec, 0xec, 0xec, 0xff, 0xec, 0xec, 0xec, 0xff
.byte 0xec, 0xec, 0xec, 0xff, 0xec, 0xec, 0xec, 0xff, 0xec, 0xec, 0xec, 0xff, 0xec, 0xec, 0xec, 0xff
.byte 0xec, 0xec, 0xec, 0xff, 0xec, 0xec, 0xec, 0xff, 0xec, 0xec, 0xec, 0xff, 0xec, 0xec, 0xec, 0xff
.byte 0xec, 0xec, 0xec, 0xff, 0xec, 0xec, 0xec, 0xff, 0xec, 0xec, 0xec, 0xff, 0xec, 0xec, 0xec, 0xff
.byte 0xec, 0xec, 0xec, 0xff, 0xec, 0xec, 0xec, 0xff, 0xec, 0xec, 0xec, 0xff, 0xec, 0xec, 0xec, 0xff
.byte 0xec, 0xec, 0xec, 0xff, 0xec, 0xec, 0xec, 0xff, 0xec, 0xec, 0xec, 0xff, 0xec, 0xec, 0xec, 0xff
.byte 0xec, 0xec, 0xec, 0xff, 0xec, 0xec, 0xec, 0xff, 0xec, 0xec, 0xec, 0xff, 0xec, 0xec, 0xec, 0xff
.byte 0xec, 0xec, 0xec, 0xff, 0xec, 0xec, 0xec, 0xff, 0xec, 0xec, 0xec, 0xff, 0xec, 0xec, 0xec, 0xff
.byte 0xec, 0xec, 0xec, 0xff, 0xec, 0xec, 0xec, 0xff, 0xec, 0xec, 0xec, 0xff, 0xec, 0xec, 0xec, 0xff
.byte 0xec, 0xec, 0xec, 0xff, 0xec, 0xec, 0xec, 0xff, 0xec, 0xec, 0xec, 0xff, 0xec, 0xec, 0xec, 0xff
.byte 0xec, 0xec, 0xec, 0xff, 0xec, 0xec, 0xec, 0xff, 0xec, 0xec, 0xec, 0xff, 0xec, 0xec, 0xec, 0xff
.byte 0xec, 0xec, 0xec, 0xff, 0xec, 0xec, 0xec, 0xff, 0xec, 0xec, 0xec, 0xff, 0xec, 0xec, 0xec, 0xff
.byte 0xec, 0xec, 0xec, 0xff, 0xec, 0xec, 0xec, 0xff, 0xec, 0xec, 0xec, 0xff, 0xec, 0xec, 0xec, 0xff
.byte 0xec, 0xec, 0xec, 0xff, 0xec, 0xec, 0xec, 0xff, 0xec, 0xec, 0xec, 0xff, 0xec, 0xec, 0xec, 0xff
.byte 0xec, 0xec, 0xec, 0xff, 0xec, 0xec, 0xec, 0xff, 0xec, 0xec, 0xec, 0xff, 0xec, 0xec, 0xec, 0xff
.byte 0xec, 0xec, 0xec, 0xff, 0xec, 0xec, 0xec, 0xff, 0xec, 0xec, 0xec, 0xff, 0xec, 0xec, 0xec, 0xff
.byte 0xec, 0xec, 0xec, 0xff, 0xec, 0xec, 0xec, 0xff, 0xec, 0xec, 0xec, 0xff, 0xec, 0xec, 0xec, 0xff
.byte 0xec, 0xec, 0xec, 0xff, 0xec, 0xec, 0xec, 0xff, 0xec, 0xec, 0xec, 0xff, 0xec, 0xec, 0xec, 0xff
.byte 0xec, 0xec, 0xec, 0xff, 0xec, 0xec, 0xec, 0xff, 0xec, 0xec, 0xec, 0xff, 0xec, 0xec, 0xec, 0xff
.byte 0xec, 0xec, 0xec, 0xff, 0xec, 0xec, 0xec, 0xff, 0xec, 0xec, 0xec, 0xff, 0xec, 0xec, 0xec, 0xff
.byte 0xec, 0xec, 0xec, 0xff, 0xec, 0xec, 0xec, 0xff, 0xec, 0xec, 0xec, 0xff, 0xec, 0xec, 0xec, 0xff
.byte 0xec, 0xec, 0xec, 0xff, 0xec, 0xec, 0xec, 0xff, 0xec, 0xec, 0xec, 0xff, 0xec, 0xec, 0xec, 0xff
.byte 0xec, 0xec, 0xec, 0xff, 0xec, 0xec, 0xec, 0xff, 0xec, 0xec, 0xec, 0xff, 0xec, 0xec, 0xec, 0xff
.byte 0xec, 0xec, 0xec, 0xff, 0xec, 0xec, 0xec, 0xff, 0xec, 0xec, 0xec, 0xff, 0xec, 0xec, 0xec, 0xff
.byte 0xec, 0xec, 0xec, 0xff, 0xec, 0xec, 0xec, 0xff, 0xec, 0xec, 0xec, 0xff, 0xec, 0xec, 0xec, 0xff
.byte 0xec, 0xec, 0xec, 0xff, 0xec, 0xec, 0xec, 0xff, 0xec, 0xec, 0xec, 0xff, 0xec, 0xec, 0xec, 0xff
.byte 0xec, 0xec, 0xec, 0xff, 0xec, 0xec, 0xec, 0xff, 0xeb, 0xeb, 0xeb, 0xff, 0xea, 0xea, 0xea, 0xff
.byte 0xe8, 0xe8, 0xe8, 0xff, 0xe4, 0xe4, 0xe4, 0xff, 0xdf, 0xdf, 0xdf, 0xff, 0xda, 0xda, 0xda, 0xff
.byte 0xd4, 0xd4, 0xd4, 0xff, 0xcc, 0xcc, 0xcc, 0xff, 0xc2, 0xc2, 0xc2, 0xff, 0xb6, 0xb6, 0xb6, 0xff
.byte 0xa8, 0xa8, 0xa8, 0xff, 0x98, 0x98, 0x98, 0xff, 0x89, 0x89, 0x89, 0xff, 0x79, 0x79, 0x79, 0xfe
.byte 0x6c, 0x6c, 0x6c, 0xfc, 0x61, 0x61, 0x61, 0xf8, 0x57, 0x57, 0x57, 0xf0, 0x51, 0x51, 0x51, 0xe0
.byte 0x4e, 0x4e, 0x4e, 0xc5, 0x4b, 0x4b, 0x4b, 0x9f, 0x4a, 0x4a, 0x4a, 0x72, 0x4a, 0x4a, 0x4a, 0x48
.byte 0x4a, 0x4a, 0x4a, 0x26, 0x4b, 0x4b, 0x4b, 0x11, 0x49, 0x49, 0x49, 0x07, 0x00, 0x00, 0x00, 0x02
.byte 0x00, 0x00, 0x00, 0x00, 0x00, 0x00, 0x00, 0x00, 0x00, 0x00, 0x00, 0x00, 0x00, 0x00, 0x00, 0x00
.byte 0x00, 0x00, 0x00, 0x00, 0x00, 0x00, 0x00, 0x00, 0x00, 0x00, 0x00, 0x00, 0x00, 0x00, 0x00, 0x00
.byte 0x00, 0x00, 0x00, 0x00, 0x00, 0x00, 0x00, 0x00, 0x00, 0x00, 0x00, 0x00, 0x00, 0x00, 0x00, 0x00
.byte 0x00, 0x00, 0x00, 0x00, 0x00, 0x00, 0x00, 0x00, 0x00, 0x00, 0x00, 0x00, 0x00, 0x00, 0x00, 0x02
.byte 0x55, 0x55, 0x55, 0x06, 0x4b, 0x4b, 0x4b, 0x11, 0x48, 0x48, 0x48, 0x27, 0x49, 0x49, 0x49, 0x49
.byte 0x4a, 0x4a, 0x4a, 0x75, 0x4c, 0x4c, 0x4c, 0xa2, 0x4d, 0x4d, 0x4d, 0xc9, 0x53, 0x53, 0x53, 0xe4
.byte 0x5a, 0x5a, 0x5a, 0xf3, 0x66, 0x66, 0x66, 0xfa, 0x75, 0x75, 0x75, 0xfd, 0x86, 0x86, 0x86, 0xff
.byte 0x98, 0x98, 0x98, 0xff, 0xab, 0xab, 0xab, 0xff, 0xbc, 0xbc, 0xbc, 0xff, 0xcb, 0xcb, 0xcb, 0xff
.byte 0xd7, 0xd7, 0xd7, 0xff, 0xe1, 0xe1, 0xe1, 0xff, 0xe8, 0xe8, 0xe8, 0xff, 0xed, 0xed, 0xed, 0xff
.byte 0xf1, 0xf1, 0xf1, 0xff, 0xf3, 0xf3, 0xf3, 0xff, 0xf6, 0xf6, 0xf6, 0xff, 0xf7, 0xf7, 0xf7, 0xff
.byte 0xf9, 0xf9, 0xf9, 0xff, 0xf9, 0xf9, 0xf9, 0xff, 0xfa, 0xfa, 0xfa, 0xff, 0xfa, 0xfa, 0xfa, 0xff
.byte 0xfa, 0xfa, 0xfa, 0xff, 0xfa, 0xfa, 0xfa, 0xff, 0xfa, 0xfa, 0xfa, 0xff, 0xfa, 0xfa, 0xfa, 0xff
.byte 0xfa, 0xfa, 0xfa, 0xff, 0xfa, 0xfa, 0xfa, 0xff, 0xfa, 0xfa, 0xfa, 0xff, 0xfa, 0xfa, 0xfa, 0xff
.byte 0xfa, 0xfa, 0xfa, 0xff, 0xfa, 0xfa, 0xfa, 0xff, 0xfa, 0xfa, 0xfa, 0xff, 0xfa, 0xfa, 0xfa, 0xff
.byte 0xfa, 0xfa, 0xfa, 0xff, 0xfa, 0xfa, 0xfa, 0xff, 0xfa, 0xfa, 0xfa, 0xff, 0xfa, 0xfa, 0xfa, 0xff
.byte 0xfa, 0xfa, 0xfa, 0xff, 0xfa, 0xfa, 0xfa, 0xff, 0xfa, 0xfa, 0xfa, 0xff, 0xfa, 0xfa, 0xfa, 0xff
.byte 0xfa, 0xfa, 0xfa, 0xff, 0xfa, 0xfa, 0xfa, 0xff, 0xfa, 0xfa, 0xfa, 0xff, 0xfa, 0xfa, 0xfa, 0xff
.byte 0xfa, 0xfa, 0xfa, 0xff, 0xfa, 0xfa, 0xfa, 0xff, 0xfa, 0xfa, 0xfa, 0xff, 0xfa, 0xfa, 0xfa, 0xff
.byte 0xfa, 0xfa, 0xfa, 0xff, 0xfa, 0xfa, 0xfa, 0xff, 0xfa, 0xfa, 0xfa, 0xff, 0xfa, 0xfa, 0xfa, 0xff
.byte 0xfa, 0xfa, 0xfa, 0xff, 0xfa, 0xfa, 0xfa, 0xff, 0xfa, 0xfa, 0xfa, 0xff, 0xfa, 0xfa, 0xfa, 0xff
.byte 0xfa, 0xfa, 0xfa, 0xff, 0xfa, 0xfa, 0xfa, 0xff, 0xfa, 0xfa, 0xfa, 0xff, 0xfa, 0xfa, 0xfa, 0xff
.byte 0xfa, 0xfa, 0xfa, 0xff, 0xfa, 0xfa, 0xfa, 0xff, 0xfa, 0xfa, 0xfa, 0xff, 0xfa, 0xfa, 0xfa, 0xff
.byte 0xfa, 0xfa, 0xfa, 0xff, 0xfa, 0xfa, 0xfa, 0xff, 0xfa, 0xfa, 0xfa, 0xff, 0xfa, 0xfa, 0xfa, 0xff
.byte 0xfa, 0xfa, 0xfa, 0xff, 0xfa, 0xfa, 0xfa, 0xff, 0xfa, 0xfa, 0xfa, 0xff, 0xfa, 0xfa, 0xfa, 0xff
.byte 0xfa, 0xfa, 0xfa, 0xff, 0xfa, 0xfa, 0xfa, 0xff, 0xfa, 0xfa, 0xfa, 0xff, 0xfa, 0xfa, 0xfa, 0xff
.byte 0xfa, 0xfa, 0xfa, 0xff, 0xfa, 0xfa, 0xfa, 0xff, 0xfa, 0xfa, 0xfa, 0xff, 0xfa, 0xfa, 0xfa, 0xff
.byte 0xfa, 0xfa, 0xfa, 0xff, 0xfa, 0xfa, 0xfa, 0xff, 0xfa, 0xfa, 0xfa, 0xff, 0xfa, 0xfa, 0xfa, 0xff
.byte 0xfa, 0xfa, 0xfa, 0xff, 0xfa, 0xfa, 0xfa, 0xff, 0xfa, 0xfa, 0xfa, 0xff, 0xfa, 0xfa, 0xfa, 0xff
.byte 0xfa, 0xfa, 0xfa, 0xff, 0xfa, 0xfa, 0xfa, 0xff, 0xfa, 0xfa, 0xfa, 0xff, 0xfa, 0xfa, 0xfa, 0xff
.byte 0xfa, 0xfa, 0xfa, 0xff, 0xfa, 0xfa, 0xfa, 0xff, 0xfa, 0xfa, 0xfa, 0xff, 0xfa, 0xfa, 0xfa, 0xff
.byte 0xfa, 0xfa, 0xfa, 0xff, 0xfa, 0xfa, 0xfa, 0xff, 0xfa, 0xfa, 0xfa, 0xff, 0xfa, 0xfa, 0xfa, 0xff
.byte 0xfa, 0xfa, 0xfa, 0xff, 0xfa, 0xfa, 0xfa, 0xff, 0xfa, 0xfa, 0xfa, 0xff, 0xfa, 0xfa, 0xfa, 0xff
.byte 0xfa, 0xfa, 0xfa, 0xff, 0xfa, 0xfa, 0xfa, 0xff, 0xfa, 0xfa, 0xfa, 0xff, 0xfa, 0xfa, 0xfa, 0xff
.byte 0xfa, 0xfa, 0xfa, 0xff, 0xfa, 0xfa, 0xfa, 0xff, 0xfa, 0xfa, 0xfa, 0xff, 0xfa, 0xfa, 0xfa, 0xff
.byte 0xfa, 0xfa, 0xfa, 0xff, 0xfa, 0xfa, 0xfa, 0xff, 0xfa, 0xfa, 0xfa, 0xff, 0xfa, 0xfa, 0xfa, 0xff
.byte 0xfa, 0xfa, 0xfa, 0xff, 0xfa, 0xfa, 0xfa, 0xff, 0xfa, 0xfa, 0xfa, 0xff, 0xfa, 0xfa, 0xfa, 0xff
.byte 0xfa, 0xfa, 0xfa, 0xff, 0xfa, 0xfa, 0xfa, 0xff, 0xfa, 0xfa, 0xfa, 0xff, 0xfa, 0xfa, 0xfa, 0xff
.byte 0xfa, 0xfa, 0xfa, 0xff, 0xfa, 0xfa, 0xfa, 0xff, 0xfa, 0xfa, 0xfa, 0xff, 0xfa, 0xfa, 0xfa, 0xff
.byte 0xfa, 0xfa, 0xfa, 0xff, 0xfa, 0xfa, 0xfa, 0xff, 0xfa, 0xfa, 0xfa, 0xff, 0xfa, 0xfa, 0xfa, 0xff
.byte 0xfa, 0xfa, 0xfa, 0xff, 0xfa, 0xfa, 0xfa, 0xff, 0xfa, 0xfa, 0xfa, 0xff, 0xfa, 0xfa, 0xfa, 0xff
.byte 0xfa, 0xfa, 0xfa, 0xff, 0xfa, 0xfa, 0xfa, 0xff, 0xfa, 0xfa, 0xfa, 0xff, 0xfa, 0xfa, 0xfa, 0xff
.byte 0xfa, 0xfa, 0xfa, 0xff, 0xfa, 0xfa, 0xfa, 0xff, 0xfa, 0xfa, 0xfa, 0xff, 0xfa, 0xfa, 0xfa, 0xff
.byte 0xfa, 0xfa, 0xfa, 0xff, 0xfa, 0xfa, 0xfa, 0xff, 0xfa, 0xfa, 0xfa, 0xff, 0xfa, 0xfa, 0xfa, 0xff
.byte 0xfa, 0xfa, 0xfa, 0xff, 0xfa, 0xfa, 0xfa, 0xff, 0xfa, 0xfa, 0xfa, 0xff, 0xfa, 0xfa, 0xfa, 0xff
.byte 0xfa, 0xfa, 0xfa, 0xff, 0xfa, 0xfa, 0xfa, 0xff, 0xfa, 0xfa, 0xfa, 0xff, 0xfa, 0xfa, 0xfa, 0xff
.byte 0xfa, 0xfa, 0xfa, 0xff, 0xfa, 0xfa, 0xfa, 0xff, 0xfa, 0xfa, 0xfa, 0xff, 0xfa, 0xfa, 0xfa, 0xff
.byte 0xfa, 0xfa, 0xfa, 0xff, 0xfa, 0xfa, 0xfa, 0xff, 0xfa, 0xfa, 0xfa, 0xff, 0xfa, 0xfa, 0xfa, 0xff
.byte 0xfa, 0xfa, 0xfa, 0xff, 0xfa, 0xfa, 0xfa, 0xff, 0xfa, 0xfa, 0xfa, 0xff, 0xfa, 0xfa, 0xfa, 0xff
.byte 0xfa, 0xfa, 0xfa, 0xff, 0xfa, 0xfa, 0xfa, 0xff, 0xfa, 0xfa, 0xfa, 0xff, 0xfa, 0xfa, 0xfa, 0xff
.byte 0xfa, 0xfa, 0xfa, 0xff, 0xfa, 0xfa, 0xfa, 0xff, 0xfa, 0xfa, 0xfa, 0xff, 0xfa, 0xfa, 0xfa, 0xff
.byte 0xfa, 0xfa, 0xfa, 0xff, 0xfa, 0xfa, 0xfa, 0xff, 0xfa, 0xfa, 0xfa, 0xff, 0xfa, 0xfa, 0xfa, 0xff
.byte 0xfa, 0xfa, 0xfa, 0xff, 0xfa, 0xfa, 0xfa, 0xff, 0xfa, 0xfa, 0xfa, 0xff, 0xfa, 0xfa, 0xfa, 0xff
.byte 0xfa, 0xfa, 0xfa, 0xff, 0xfa, 0xfa, 0xfa, 0xff, 0xfa, 0xfa, 0xfa, 0xff, 0xfa, 0xfa, 0xfa, 0xff
.byte 0xfa, 0xfa, 0xfa, 0xff, 0xfa, 0xfa, 0xfa, 0xff, 0xfa, 0xfa, 0xfa, 0xff, 0xfa, 0xfa, 0xfa, 0xff
.byte 0xfa, 0xfa, 0xfa, 0xff, 0xfa, 0xfa, 0xfa, 0xff, 0xfa, 0xfa, 0xfa, 0xff, 0xfa, 0xfa, 0xfa, 0xff
.byte 0xfa, 0xfa, 0xfa, 0xff, 0xfa, 0xfa, 0xfa, 0xff, 0xfa, 0xfa, 0xfa, 0xff, 0xfa, 0xfa, 0xfa, 0xff
.byte 0xfa, 0xfa, 0xfa, 0xff, 0xfa, 0xfa, 0xfa, 0xff, 0xfa, 0xfa, 0xfa, 0xff, 0xfa, 0xfa, 0xfa, 0xff
.byte 0xfa, 0xfa, 0xfa, 0xff, 0xfa, 0xfa, 0xfa, 0xff, 0xfa, 0xfa, 0xfa, 0xff, 0xf9, 0xf9, 0xf9, 0xff
.byte 0xf8, 0xf8, 0xf8, 0xff, 0xf6, 0xf6, 0xf6, 0xff, 0xf3, 0xf3, 0xf3, 0xff, 0xf1, 0xf1, 0xf1, 0xff
.byte 0xed, 0xed, 0xed, 0xff, 0xe8, 0xe8, 0xe8, 0xff, 0xe1, 0xe1, 0xe1, 0xff, 0xd7, 0xd7, 0xd7, 0xff
.byte 0xcb, 0xcb, 0xcb, 0xff, 0xbc, 0xbc, 0xbc, 0xff, 0xab, 0xab, 0xab, 0xff, 0x98, 0x98, 0x98, 0xff
.byte 0x86, 0x86, 0x86, 0xff, 0x76, 0x76, 0x76, 0xfd, 0x67, 0x67, 0x67, 0xfb, 0x5b, 0x5b, 0x5b, 0xf3
.byte 0x53, 0x53, 0x53, 0xe4, 0x4d, 0x4d, 0x4d, 0xc9, 0x4b, 0x4b, 0x4b, 0xa3, 0x4a, 0x4a, 0x4a, 0x75
.byte 0x49, 0x49, 0x49, 0x49, 0x48, 0x48, 0x48, 0x27, 0x4b, 0x4b, 0x4b, 0x11, 0x55, 0x55, 0x55, 0x06
.byte 0x00, 0x00, 0x00, 0x02, 0x00, 0x00, 0x00, 0x00, 0x00, 0x00, 0x00, 0x00, 0x00, 0x00, 0x00, 0x00
.byte 0x00, 0x00, 0x00, 0x00, 0x00, 0x00, 0x00, 0x00, 0x00, 0x00, 0x00, 0x00, 0x00, 0x00, 0x00, 0x00
.byte 0x00, 0x00, 0x00, 0x00, 0x00, 0x00, 0x00, 0x00, 0x00, 0x00, 0x00, 0x00, 0x00, 0x00, 0x00, 0x00
.byte 0x00, 0x00, 0x00, 0x00, 0x00, 0x00, 0x00, 0x00, 0x00, 0x00, 0x00, 0x01, 0x66, 0x66, 0x66, 0x05
.byte 0x50, 0x50, 0x50, 0x10, 0x4a, 0x4a, 0x4a, 0x26, 0x49, 0x49, 0x49, 0x49, 0x49, 0x49, 0x49, 0x76
.byte 0x4b, 0x4b, 0x4b, 0xa4, 0x4e, 0x4e, 0x4e, 0xcb, 0x54, 0x54, 0x54, 0xe6, 0x5d, 0x5d, 0x5d, 0xf5
.byte 0x6a, 0x6a, 0x6a, 0xfc, 0x7c, 0x7c, 0x7c, 0xfe, 0x91, 0x91, 0x91, 0xff, 0xa6, 0xa6, 0xa6, 0xff
.byte 0xba, 0xba, 0xba, 0xff, 0xcc, 0xcc, 0xcc, 0xff, 0xdb, 0xdb, 0xdb, 0xff, 0xe6, 0xe6, 0xe6, 0xff
.byte 0xee, 0xee, 0xee, 0xff, 0xf4, 0xf4, 0xf4, 0xff, 0xf8, 0xf8, 0xf8, 0xff, 0xfa, 0xfa, 0xfa, 0xff
.byte 0xfb, 0xfb, 0xfb, 0xff, 0xfc, 0xfc, 0xfc, 0xff, 0xfd, 0xfd, 0xfd, 0xff, 0xfd, 0xfd, 0xfd, 0xff
.byte 0xfe, 0xfe, 0xfe, 0xff, 0xfe, 0xfe, 0xfe, 0xff, 0xfe, 0xfe, 0xfe, 0xff, 0xfe, 0xfe, 0xfe, 0xff
.byte 0xfe, 0xfe, 0xfe, 0xff, 0xfe, 0xfe, 0xfe, 0xff, 0xfe, 0xfe, 0xfe, 0xff, 0xfe, 0xfe, 0xfe, 0xff
.byte 0xfe, 0xfe, 0xfe, 0xff, 0xfe, 0xfe, 0xfe, 0xff, 0xfe, 0xfe, 0xfe, 0xff, 0xfe, 0xfe, 0xfe, 0xff
.byte 0xfe, 0xfe, 0xfe, 0xff, 0xfe, 0xfe, 0xfe, 0xff, 0xfe, 0xfe, 0xfe, 0xff, 0xfe, 0xfe, 0xfe, 0xff
.byte 0xfe, 0xfe, 0xfe, 0xff, 0xfe, 0xfe, 0xfe, 0xff, 0xfe, 0xfe, 0xfe, 0xff, 0xfe, 0xfe, 0xfe, 0xff
.byte 0xfe, 0xfe, 0xfe, 0xff, 0xfe, 0xfe, 0xfe, 0xff, 0xfe, 0xfe, 0xfe, 0xff, 0xfe, 0xfe, 0xfe, 0xff
.byte 0xfe, 0xfe, 0xfe, 0xff, 0xfe, 0xfe, 0xfe, 0xff, 0xfe, 0xfe, 0xfe, 0xff, 0xfe, 0xfe, 0xfe, 0xff
.byte 0xfe, 0xfe, 0xfe, 0xff, 0xfe, 0xfe, 0xfe, 0xff, 0xfe, 0xfe, 0xfe, 0xff, 0xfe, 0xfe, 0xfe, 0xff
.byte 0xfe, 0xfe, 0xfe, 0xff, 0xfe, 0xfe, 0xfe, 0xff, 0xfe, 0xfe, 0xfe, 0xff, 0xfe, 0xfe, 0xfe, 0xff
.byte 0xfe, 0xfe, 0xfe, 0xff, 0xfe, 0xfe, 0xfe, 0xff, 0xfe, 0xfe, 0xfe, 0xff, 0xfe, 0xfe, 0xfe, 0xff
.byte 0xfe, 0xfe, 0xfe, 0xff, 0xfe, 0xfe, 0xfe, 0xff, 0xfe, 0xfe, 0xfe, 0xff, 0xfe, 0xfe, 0xfe, 0xff
.byte 0xfe, 0xfe, 0xfe, 0xff, 0xfe, 0xfe, 0xfe, 0xff, 0xfe, 0xfe, 0xfe, 0xff, 0xfe, 0xfe, 0xfe, 0xff
.byte 0xfe, 0xfe, 0xfe, 0xff, 0xfe, 0xfe, 0xfe, 0xff, 0xfe, 0xfe, 0xfe, 0xff, 0xfe, 0xfe, 0xfe, 0xff
.byte 0xfe, 0xfe, 0xfe, 0xff, 0xfe, 0xfe, 0xfe, 0xff, 0xfe, 0xfe, 0xfe, 0xff, 0xfe, 0xfe, 0xfe, 0xff
.byte 0xfe, 0xfe, 0xfe, 0xff, 0xfe, 0xfe, 0xfe, 0xff, 0xfe, 0xfe, 0xfe, 0xff, 0xfe, 0xfe, 0xfe, 0xff
.byte 0xfe, 0xfe, 0xfe, 0xff, 0xfe, 0xfe, 0xfe, 0xff, 0xfe, 0xfe, 0xfe, 0xff, 0xfe, 0xfe, 0xfe, 0xff
.byte 0xfe, 0xfe, 0xfe, 0xff, 0xfe, 0xfe, 0xfe, 0xff, 0xfe, 0xfe, 0xfe, 0xff, 0xfe, 0xfe, 0xfe, 0xff
.byte 0xfe, 0xfe, 0xfe, 0xff, 0xfe, 0xfe, 0xfe, 0xff, 0xfe, 0xfe, 0xfe, 0xff, 0xfe, 0xfe, 0xfe, 0xff
.byte 0xfe, 0xfe, 0xfe, 0xff, 0xfe, 0xfe, 0xfe, 0xff, 0xfe, 0xfe, 0xfe, 0xff, 0xfe, 0xfe, 0xfe, 0xff
.byte 0xfe, 0xfe, 0xfe, 0xff, 0xfe, 0xfe, 0xfe, 0xff, 0xfe, 0xfe, 0xfe, 0xff, 0xfe, 0xfe, 0xfe, 0xff
.byte 0xfe, 0xfe, 0xfe, 0xff, 0xfe, 0xfe, 0xfe, 0xff, 0xfe, 0xfe, 0xfe, 0xff, 0xfe, 0xfe, 0xfe, 0xff
.byte 0xfe, 0xfe, 0xfe, 0xff, 0xfe, 0xfe, 0xfe, 0xff, 0xfe, 0xfe, 0xfe, 0xff, 0xfe, 0xfe, 0xfe, 0xff
.byte 0xfe, 0xfe, 0xfe, 0xff, 0xfe, 0xfe, 0xfe, 0xff, 0xfe, 0xfe, 0xfe, 0xff, 0xfe, 0xfe, 0xfe, 0xff
.byte 0xfe, 0xfe, 0xfe, 0xff, 0xfe, 0xfe, 0xfe, 0xff, 0xfe, 0xfe, 0xfe, 0xff, 0xfe, 0xfe, 0xfe, 0xff
.byte 0xfe, 0xfe, 0xfe, 0xff, 0xfe, 0xfe, 0xfe, 0xff, 0xfe, 0xfe, 0xfe, 0xff, 0xfe, 0xfe, 0xfe, 0xff
.byte 0xfe, 0xfe, 0xfe, 0xff, 0xfe, 0xfe, 0xfe, 0xff, 0xfe, 0xfe, 0xfe, 0xff, 0xfe, 0xfe, 0xfe, 0xff
.byte 0xfe, 0xfe, 0xfe, 0xff, 0xfe, 0xfe, 0xfe, 0xff, 0xfe, 0xfe, 0xfe, 0xff, 0xfe, 0xfe, 0xfe, 0xff
.byte 0xfe, 0xfe, 0xfe, 0xff, 0xfe, 0xfe, 0xfe, 0xff, 0xfe, 0xfe, 0xfe, 0xff, 0xfe, 0xfe, 0xfe, 0xff
.byte 0xfe, 0xfe, 0xfe, 0xff, 0xfe, 0xfe, 0xfe, 0xff, 0xfe, 0xfe, 0xfe, 0xff, 0xfe, 0xfe, 0xfe, 0xff
.byte 0xfe, 0xfe, 0xfe, 0xff, 0xfe, 0xfe, 0xfe, 0xff, 0xfe, 0xfe, 0xfe, 0xff, 0xfe, 0xfe, 0xfe, 0xff
.byte 0xfe, 0xfe, 0xfe, 0xff, 0xfe, 0xfe, 0xfe, 0xff, 0xfe, 0xfe, 0xfe, 0xff, 0xfe, 0xfe, 0xfe, 0xff
.byte 0xfe, 0xfe, 0xfe, 0xff, 0xfe, 0xfe, 0xfe, 0xff, 0xfe, 0xfe, 0xfe, 0xff, 0xfe, 0xfe, 0xfe, 0xff
.byte 0xfe, 0xfe, 0xfe, 0xff, 0xfe, 0xfe, 0xfe, 0xff, 0xfe, 0xfe, 0xfe, 0xff, 0xfe, 0xfe, 0xfe, 0xff
.byte 0xfe, 0xfe, 0xfe, 0xff, 0xfe, 0xfe, 0xfe, 0xff, 0xfe, 0xfe, 0xfe, 0xff, 0xfe, 0xfe, 0xfe, 0xff
.byte 0xfe, 0xfe, 0xfe, 0xff, 0xfe, 0xfe, 0xfe, 0xff, 0xfe, 0xfe, 0xfe, 0xff, 0xfe, 0xfe, 0xfe, 0xff
.byte 0xfe, 0xfe, 0xfe, 0xff, 0xfe, 0xfe, 0xfe, 0xff, 0xfe, 0xfe, 0xfe, 0xff, 0xfe, 0xfe, 0xfe, 0xff
.byte 0xfe, 0xfe, 0xfe, 0xff, 0xfe, 0xfe, 0xfe, 0xff, 0xfe, 0xfe, 0xfe, 0xff, 0xfe, 0xfe, 0xfe, 0xff
.byte 0xfe, 0xfe, 0xfe, 0xff, 0xfe, 0xfe, 0xfe, 0xff, 0xfe, 0xfe, 0xfe, 0xff, 0xfe, 0xfe, 0xfe, 0xff
.byte 0xfe, 0xfe, 0xfe, 0xff, 0xfe, 0xfe, 0xfe, 0xff, 0xfe, 0xfe, 0xfe, 0xff, 0xfe, 0xfe, 0xfe, 0xff
.byte 0xfe, 0xfe, 0xfe, 0xff, 0xfe, 0xfe, 0xfe, 0xff, 0xfe, 0xfe, 0xfe, 0xff, 0xfe, 0xfe, 0xfe, 0xff
.byte 0xfe, 0xfe, 0xfe, 0xff, 0xfe, 0xfe, 0xfe, 0xff, 0xfe, 0xfe, 0xfe, 0xff, 0xfe, 0xfe, 0xfe, 0xff
.byte 0xfe, 0xfe, 0xfe, 0xff, 0xfe, 0xfe, 0xfe, 0xff, 0xfe, 0xfe, 0xfe, 0xff, 0xfe, 0xfe, 0xfe, 0xff
.byte 0xfe, 0xfe, 0xfe, 0xff, 0xfe, 0xfe, 0xfe, 0xff, 0xfe, 0xfe, 0xfe, 0xff, 0xfe, 0xfe, 0xfe, 0xff
.byte 0xfe, 0xfe, 0xfe, 0xff, 0xfe, 0xfe, 0xfe, 0xff, 0xfe, 0xfe, 0xfe, 0xff, 0xfe, 0xfe, 0xfe, 0xff
.byte 0xfe, 0xfe, 0xfe, 0xff, 0xfe, 0xfe, 0xfe, 0xff, 0xfe, 0xfe, 0xfe, 0xff, 0xfe, 0xfe, 0xfe, 0xff
.byte 0xfe, 0xfe, 0xfe, 0xff, 0xfe, 0xfe, 0xfe, 0xff, 0xfe, 0xfe, 0xfe, 0xff, 0xfe, 0xfe, 0xfe, 0xff
.byte 0xfe, 0xfe, 0xfe, 0xff, 0xfe, 0xfe, 0xfe, 0xff, 0xfe, 0xfe, 0xfe, 0xff, 0xfe, 0xfe, 0xfe, 0xff
.byte 0xfe, 0xfe, 0xfe, 0xff, 0xfe, 0xfe, 0xfe, 0xff, 0xfe, 0xfe, 0xfe, 0xff, 0xfe, 0xfe, 0xfe, 0xff
.byte 0xfd, 0xfd, 0xfd, 0xff, 0xfd, 0xfd, 0xfd, 0xff, 0xfc, 0xfc, 0xfc, 0xff, 0xfb, 0xfb, 0xfb, 0xff
.byte 0xfa, 0xfa, 0xfa, 0xff, 0xf8, 0xf8, 0xf8, 0xff, 0xf4, 0xf4, 0xf4, 0xff, 0xef, 0xef, 0xef, 0xff
.byte 0xe7, 0xe7, 0xe7, 0xff, 0xdb, 0xdb, 0xdb, 0xff, 0xcd, 0xcd, 0xcd, 0xff, 0xbb, 0xbb, 0xbb, 0xff
.byte 0xa6, 0xa6, 0xa6, 0xff, 0x91, 0x91, 0x91, 0xff, 0x7c, 0x7c, 0x7c, 0xfe, 0x6a, 0x6a, 0x6a, 0xfc
.byte 0x5d, 0x5d, 0x5d, 0xf5, 0x54, 0x54, 0x54, 0xe6, 0x4f, 0x4f, 0x4f, 0xcc, 0x4c, 0x4c, 0x4c, 0xa5
.byte 0x49, 0x49, 0x49, 0x76, 0x49, 0x49, 0x49, 0x49, 0x4a, 0x4a, 0x4a, 0x26, 0x50, 0x50, 0x50, 0x10
.byte 0x55, 0x55, 0x55, 0x06, 0x00, 0x00, 0x00, 0x02, 0x00, 0x00, 0x00, 0x00, 0x00, 0x00, 0x00, 0x00
.byte 0x00, 0x00, 0x00, 0x00, 0x00, 0x00, 0x00, 0x00, 0x00, 0x00, 0x00, 0x00, 0x00, 0x00, 0x00, 0x00
.byte 0x00, 0x00, 0x00, 0x00, 0x00, 0x00, 0x00, 0x00, 0x00, 0x00, 0x00, 0x00, 0x00, 0x00, 0x00, 0x00
.byte 0x00, 0x00, 0x00, 0x00, 0x00, 0x00, 0x00, 0x01, 0x33, 0x33, 0x33, 0x05, 0x44, 0x44, 0x44, 0x0f
.byte 0x47, 0x47, 0x47, 0x24, 0x48, 0x48, 0x48, 0x47, 0x4a, 0x4a, 0x4a, 0x75, 0x4a, 0x4a, 0x4a, 0xa5
.byte 0x4f, 0x4f, 0x4f, 0xcc, 0x54, 0x54, 0x54, 0xe7, 0x5f, 0x5f, 0x5f, 0xf5, 0x6d, 0x6d, 0x6d, 0xfc
.byte 0x82, 0x82, 0x82, 0xfe, 0x99, 0x99, 0x99, 0xff, 0xb0, 0xb0, 0xb0, 0xff, 0xc6, 0xc6, 0xc6, 0xff
.byte 0xd8, 0xd8, 0xd8, 0xff, 0xe6, 0xe6, 0xe6, 0xff, 0xf0, 0xf0, 0xf0, 0xff, 0xf6, 0xf6, 0xf6, 0xff
.byte 0xfa, 0xfa, 0xfa, 0xff, 0xfc, 0xfc, 0xfc, 0xff, 0xfd, 0xfd, 0xfd, 0xff, 0xfe, 0xfe, 0xfe, 0xff
.byte 0xfe, 0xfe, 0xfe, 0xff, 0xff, 0xff, 0xff, 0xff, 0xff, 0xff, 0xff, 0xff, 0xff, 0xff, 0xff, 0xff
.byte 0xff, 0xff, 0xff, 0xff, 0xff, 0xff, 0xff, 0xff, 0xff, 0xff, 0xff, 0xff, 0xff, 0xff, 0xff, 0xff
.byte 0xff, 0xff, 0xff, 0xff, 0xff, 0xff, 0xff, 0xff, 0xff, 0xff, 0xff, 0xff, 0xff, 0xff, 0xff, 0xff
.byte 0xff, 0xff, 0xff, 0xff, 0xff, 0xff, 0xff, 0xff, 0xff, 0xff, 0xff, 0xff, 0xff, 0xff, 0xff, 0xff
.byte 0xff, 0xff, 0xff, 0xff, 0xff, 0xff, 0xff, 0xff, 0xff, 0xff, 0xff, 0xff, 0xff, 0xff, 0xff, 0xff
.byte 0xff, 0xff, 0xff, 0xff, 0xff, 0xff, 0xff, 0xff, 0xff, 0xff, 0xff, 0xff, 0xff, 0xff, 0xff, 0xff
.byte 0xff, 0xff, 0xff, 0xff, 0xff, 0xff, 0xff, 0xff, 0xff, 0xff, 0xff, 0xff, 0xff, 0xff, 0xff, 0xff
.byte 0xff, 0xff, 0xff, 0xff, 0xff, 0xff, 0xff, 0xff, 0xff, 0xff, 0xff, 0xff, 0xff, 0xff, 0xff, 0xff
.byte 0xff, 0xff, 0xff, 0xff, 0xff, 0xff, 0xff, 0xff, 0xff, 0xff, 0xff, 0xff, 0xff, 0xff, 0xff, 0xff
.byte 0xff, 0xff, 0xff, 0xff, 0xff, 0xff, 0xff, 0xff, 0xff, 0xff, 0xff, 0xff, 0xff, 0xff, 0xff, 0xff
.byte 0xff, 0xff, 0xff, 0xff, 0xff, 0xff, 0xff, 0xff, 0xff, 0xff, 0xff, 0xff, 0xff, 0xff, 0xff, 0xff
.byte 0xff, 0xff, 0xff, 0xff, 0xff, 0xff, 0xff, 0xff, 0xff, 0xff, 0xff, 0xff, 0xff, 0xff, 0xff, 0xff
.byte 0xff, 0xff, 0xff, 0xff, 0xff, 0xff, 0xff, 0xff, 0xff, 0xff, 0xff, 0xff, 0xff, 0xff, 0xff, 0xff
.byte 0xff, 0xff, 0xff, 0xff, 0xff, 0xff, 0xff, 0xff, 0xff, 0xff, 0xff, 0xff, 0xff, 0xff, 0xff, 0xff
.byte 0xff, 0xff, 0xff, 0xff, 0xff, 0xff, 0xff, 0xff, 0xff, 0xff, 0xff, 0xff, 0xff, 0xff, 0xff, 0xff
.byte 0xff, 0xff, 0xff, 0xff, 0xff, 0xff, 0xff, 0xff, 0xff, 0xff, 0xff, 0xff, 0xff, 0xff, 0xff, 0xff
.byte 0xff, 0xff, 0xff, 0xff, 0xff, 0xff, 0xff, 0xff, 0xff, 0xff, 0xff, 0xff, 0xff, 0xff, 0xff, 0xff
.byte 0xff, 0xff, 0xff, 0xff, 0xff, 0xff, 0xff, 0xff, 0xff, 0xff, 0xff, 0xff, 0xff, 0xff, 0xff, 0xff
.byte 0xff, 0xff, 0xff, 0xff, 0xff, 0xff, 0xff, 0xff, 0xff, 0xff, 0xff, 0xff, 0xff, 0xff, 0xff, 0xff
.byte 0xff, 0xff, 0xff, 0xff, 0xff, 0xff, 0xff, 0xff, 0xff, 0xff, 0xff, 0xff, 0xff, 0xff, 0xff, 0xff
.byte 0xff, 0xff, 0xff, 0xff, 0xff, 0xff, 0xff, 0xff, 0xff, 0xff, 0xff, 0xff, 0xff, 0xff, 0xff, 0xff
.byte 0xff, 0xff, 0xff, 0xff, 0xff, 0xff, 0xff, 0xff, 0xff, 0xff, 0xff, 0xff, 0xff, 0xff, 0xff, 0xff
.byte 0xff, 0xff, 0xff, 0xff, 0xff, 0xff, 0xff, 0xff, 0xff, 0xff, 0xff, 0xff, 0xff, 0xff, 0xff, 0xff
.byte 0xff, 0xff, 0xff, 0xff, 0xff, 0xff, 0xff, 0xff, 0xff, 0xff, 0xff, 0xff, 0xff, 0xff, 0xff, 0xff
.byte 0xff, 0xff, 0xff, 0xff, 0xff, 0xff, 0xff, 0xff, 0xff, 0xff, 0xff, 0xff, 0xff, 0xff, 0xff, 0xff
.byte 0xff, 0xff, 0xff, 0xff, 0xff, 0xff, 0xff, 0xff, 0xff, 0xff, 0xff, 0xff, 0xff, 0xff, 0xff, 0xff
.byte 0xff, 0xff, 0xff, 0xff, 0xff, 0xff, 0xff, 0xff, 0xff, 0xff, 0xff, 0xff, 0xff, 0xff, 0xff, 0xff
.byte 0xff, 0xff, 0xff, 0xff, 0xff, 0xff, 0xff, 0xff, 0xff, 0xff, 0xff, 0xff, 0xff, 0xff, 0xff, 0xff
.byte 0xff, 0xff, 0xff, 0xff, 0xff, 0xff, 0xff, 0xff, 0xff, 0xff, 0xff, 0xff, 0xff, 0xff, 0xff, 0xff
.byte 0xff, 0xff, 0xff, 0xff, 0xff, 0xff, 0xff, 0xff, 0xff, 0xff, 0xff, 0xff, 0xff, 0xff, 0xff, 0xff
.byte 0xff, 0xff, 0xff, 0xff, 0xff, 0xff, 0xff, 0xff, 0xff, 0xff, 0xff, 0xff, 0xff, 0xff, 0xff, 0xff
.byte 0xff, 0xff, 0xff, 0xff, 0xff, 0xff, 0xff, 0xff, 0xff, 0xff, 0xff, 0xff, 0xff, 0xff, 0xff, 0xff
.byte 0xff, 0xff, 0xff, 0xff, 0xff, 0xff, 0xff, 0xff, 0xff, 0xff, 0xff, 0xff, 0xff, 0xff, 0xff, 0xff
.byte 0xff, 0xff, 0xff, 0xff, 0xff, 0xff, 0xff, 0xff, 0xff, 0xff, 0xff, 0xff, 0xff, 0xff, 0xff, 0xff
.byte 0xff, 0xff, 0xff, 0xff, 0xff, 0xff, 0xff, 0xff, 0xff, 0xff, 0xff, 0xff, 0xff, 0xff, 0xff, 0xff
.byte 0xff, 0xff, 0xff, 0xff, 0xff, 0xff, 0xff, 0xff, 0xff, 0xff, 0xff, 0xff, 0xff, 0xff, 0xff, 0xff
.byte 0xff, 0xff, 0xff, 0xff, 0xff, 0xff, 0xff, 0xff, 0xff, 0xff, 0xff, 0xff, 0xff, 0xff, 0xff, 0xff
.byte 0xff, 0xff, 0xff, 0xff, 0xff, 0xff, 0xff, 0xff, 0xff, 0xff, 0xff, 0xff, 0xff, 0xff, 0xff, 0xff
.byte 0xff, 0xff, 0xff, 0xff, 0xff, 0xff, 0xff, 0xff, 0xff, 0xff, 0xff, 0xff, 0xff, 0xff, 0xff, 0xff
.byte 0xff, 0xff, 0xff, 0xff, 0xff, 0xff, 0xff, 0xff, 0xff, 0xff, 0xff, 0xff, 0xff, 0xff, 0xff, 0xff
.byte 0xff, 0xff, 0xff, 0xff, 0xff, 0xff, 0xff, 0xff, 0xff, 0xff, 0xff, 0xff, 0xff, 0xff, 0xff, 0xff
.byte 0xff, 0xff, 0xff, 0xff, 0xff, 0xff, 0xff, 0xff, 0xff, 0xff, 0xff, 0xff, 0xff, 0xff, 0xff, 0xff
.byte 0xff, 0xff, 0xff, 0xff, 0xff, 0xff, 0xff, 0xff, 0xff, 0xff, 0xff, 0xff, 0xff, 0xff, 0xff, 0xff
.byte 0xff, 0xff, 0xff, 0xff, 0xff, 0xff, 0xff, 0xff, 0xff, 0xff, 0xff, 0xff, 0xff, 0xff, 0xff, 0xff
.byte 0xff, 0xff, 0xff, 0xff, 0xff, 0xff, 0xff, 0xff, 0xff, 0xff, 0xff, 0xff, 0xff, 0xff, 0xff, 0xff
.byte 0xff, 0xff, 0xff, 0xff, 0xff, 0xff, 0xff, 0xff, 0xff, 0xff, 0xff, 0xff, 0xff, 0xff, 0xff, 0xff
.byte 0xff, 0xff, 0xff, 0xff, 0xff, 0xff, 0xff, 0xff, 0xff, 0xff, 0xff, 0xff, 0xff, 0xff, 0xff, 0xff
.byte 0xff, 0xff, 0xff, 0xff, 0xff, 0xff, 0xff, 0xff, 0xff, 0xff, 0xff, 0xff, 0xff, 0xff, 0xff, 0xff
.byte 0xff, 0xff, 0xff, 0xff, 0xff, 0xff, 0xff, 0xff, 0xff, 0xff, 0xff, 0xff, 0xff, 0xff, 0xff, 0xff
.byte 0xff, 0xff, 0xff, 0xff, 0xff, 0xff, 0xff, 0xff, 0xff, 0xff, 0xff, 0xff, 0xfe, 0xfe, 0xfe, 0xff
.byte 0xfe, 0xfe, 0xfe, 0xff, 0xfd, 0xfd, 0xfd, 0xff, 0xfc, 0xfc, 0xfc, 0xff, 0xfa, 0xfa, 0xfa, 0xff
.byte 0xf6, 0xf6, 0xf6, 0xff, 0xf0, 0xf0, 0xf0, 0xff, 0xe6, 0xe6, 0xe6, 0xff, 0xd9, 0xd9, 0xd9, 0xff
.byte 0xc6, 0xc6, 0xc6, 0xff, 0xb1, 0xb1, 0xb1, 0xff, 0x99, 0x99, 0x99, 0xff, 0x82, 0x82, 0x82, 0xfe
.byte 0x6d, 0x6d, 0x6d, 0xfc, 0x5e, 0x5e, 0x5e, 0xf6, 0x54, 0x54, 0x54, 0xe7, 0x4f, 0x4f, 0x4f, 0xcc
.byte 0x4c, 0x4c, 0x4c, 0xa5, 0x4a, 0x4a, 0x4a, 0x75, 0x4a, 0x4a, 0x4a, 0x48, 0x47, 0x47, 0x47, 0x24
.byte 0x44, 0x44, 0x44, 0x0f, 0x33, 0x33, 0x33, 0x05, 0x00, 0x00, 0x00, 0x01, 0x00, 0x00, 0x00, 0x00
.byte 0x00, 0x00, 0x00, 0x00, 0x00, 0x00, 0x00, 0x00, 0x00, 0x00, 0x00, 0x00, 0x00, 0x00, 0x00, 0x00
.byte 0x00, 0x00, 0x00, 0x00, 0x00, 0x00, 0x00, 0x00, 0x00, 0x00, 0x00, 0x00, 0x00, 0x00, 0x00, 0x00
.byte 0x00, 0x00, 0x00, 0x01, 0x40, 0x40, 0x40, 0x04, 0x4e, 0x4e, 0x4e, 0x0d, 0x46, 0x46, 0x46, 0x21
.byte 0x47, 0x47, 0x47, 0x44, 0x4a, 0x4a, 0x4a, 0x72, 0x4b, 0x4b, 0x4b, 0xa3, 0x4e, 0x4e, 0x4e, 0xcc
.byte 0x54, 0x54, 0x54, 0xe7, 0x5e, 0x5e, 0x5e, 0xf6, 0x6f, 0x6f, 0x6f, 0xfc, 0x85, 0x85, 0x85, 0xfe
.byte 0x9e, 0x9e, 0x9e, 0xff, 0xb8, 0xb8, 0xb8, 0xff, 0xcf, 0xcf, 0xcf, 0xff, 0xe1, 0xe1, 0xe1, 0xff
.byte 0xee, 0xee, 0xee, 0xff, 0xf6, 0xf6, 0xf6, 0xff, 0xfa, 0xfa, 0xfa, 0xff, 0xfd, 0xfd, 0xfd, 0xff
.byte 0xfe, 0xfe, 0xfe, 0xff, 0xff, 0xff, 0xff, 0xff, 0xff, 0xff, 0xff, 0xff, 0xff, 0xff, 0xff, 0xff
.byte 0xff, 0xff, 0xff, 0xff, 0xff, 0xff, 0xff, 0xff, 0xff, 0xff, 0xff, 0xff, 0xff, 0xff, 0xff, 0xff
.byte 0xff, 0xff, 0xff, 0xff, 0xff, 0xff, 0xff, 0xff, 0xff, 0xff, 0xff, 0xff, 0xff, 0xff, 0xff, 0xff
.byte 0xff, 0xff, 0xff, 0xff, 0xff, 0xff, 0xff, 0xff, 0xff, 0xff, 0xff, 0xff, 0xff, 0xff, 0xff, 0xff
.byte 0xff, 0xff, 0xff, 0xff, 0xff, 0xff, 0xff, 0xff, 0xff, 0xff, 0xff, 0xff, 0xff, 0xff, 0xff, 0xff
.byte 0xff, 0xff, 0xff, 0xff, 0xff, 0xff, 0xff, 0xff, 0xff, 0xff, 0xff, 0xff, 0xff, 0xff, 0xff, 0xff
.byte 0xff, 0xff, 0xff, 0xff, 0xff, 0xff, 0xff, 0xff, 0xff, 0xff, 0xff, 0xff, 0xff, 0xff, 0xff, 0xff
.byte 0xff, 0xff, 0xff, 0xff, 0xff, 0xff, 0xff, 0xff, 0xff, 0xff, 0xff, 0xff, 0xff, 0xff, 0xff, 0xff
.byte 0xff, 0xff, 0xff, 0xff, 0xff, 0xff, 0xff, 0xff, 0xff, 0xff, 0xff, 0xff, 0xff, 0xff, 0xff, 0xff
.byte 0xff, 0xff, 0xff, 0xff, 0xff, 0xff, 0xff, 0xff, 0xff, 0xff, 0xff, 0xff, 0xff, 0xff, 0xff, 0xff
.byte 0xff, 0xff, 0xff, 0xff, 0xff, 0xff, 0xff, 0xff, 0xff, 0xff, 0xff, 0xff, 0xff, 0xff, 0xff, 0xff
.byte 0xff, 0xff, 0xff, 0xff, 0xff, 0xff, 0xff, 0xff, 0xff, 0xff, 0xff, 0xff, 0xff, 0xff, 0xff, 0xff
.byte 0xff, 0xff, 0xff, 0xff, 0xff, 0xff, 0xff, 0xff, 0xff, 0xff, 0xff, 0xff, 0xff, 0xff, 0xff, 0xff
.byte 0xff, 0xff, 0xff, 0xff, 0xff, 0xff, 0xff, 0xff, 0xff, 0xff, 0xff, 0xff, 0xff, 0xff, 0xff, 0xff
.byte 0xff, 0xff, 0xff, 0xff, 0xff, 0xff, 0xff, 0xff, 0xff, 0xff, 0xff, 0xff, 0xff, 0xff, 0xff, 0xff
.byte 0xff, 0xff, 0xff, 0xff, 0xff, 0xff, 0xff, 0xff, 0xff, 0xff, 0xff, 0xff, 0xff, 0xff, 0xff, 0xff
.byte 0xff, 0xff, 0xff, 0xff, 0xff, 0xff, 0xff, 0xff, 0xff, 0xff, 0xff, 0xff, 0xff, 0xff, 0xff, 0xff
.byte 0xff, 0xff, 0xff, 0xff, 0xff, 0xff, 0xff, 0xff, 0xff, 0xff, 0xff, 0xff, 0xff, 0xff, 0xff, 0xff
.byte 0xff, 0xff, 0xff, 0xff, 0xff, 0xff, 0xff, 0xff, 0xff, 0xff, 0xff, 0xff, 0xff, 0xff, 0xff, 0xff
.byte 0xff, 0xff, 0xff, 0xff, 0xff, 0xff, 0xff, 0xff, 0xff, 0xff, 0xff, 0xff, 0xff, 0xff, 0xff, 0xff
.byte 0xff, 0xff, 0xff, 0xff, 0xff, 0xff, 0xff, 0xff, 0xff, 0xff, 0xff, 0xff, 0xff, 0xff, 0xff, 0xff
.byte 0xff, 0xff, 0xff, 0xff, 0xff, 0xff, 0xff, 0xff, 0xff, 0xff, 0xff, 0xff, 0xff, 0xff, 0xff, 0xff
.byte 0xff, 0xff, 0xff, 0xff, 0xff, 0xff, 0xff, 0xff, 0xff, 0xff, 0xff, 0xff, 0xff, 0xff, 0xff, 0xff
.byte 0xff, 0xff, 0xff, 0xff, 0xff, 0xff, 0xff, 0xff, 0xff, 0xff, 0xff, 0xff, 0xff, 0xff, 0xff, 0xff
.byte 0xff, 0xff, 0xff, 0xff, 0xff, 0xff, 0xff, 0xff, 0xff, 0xff, 0xff, 0xff, 0xff, 0xff, 0xff, 0xff
.byte 0xff, 0xff, 0xff, 0xff, 0xff, 0xff, 0xff, 0xff, 0xff, 0xff, 0xff, 0xff, 0xff, 0xff, 0xff, 0xff
.byte 0xff, 0xff, 0xff, 0xff, 0xff, 0xff, 0xff, 0xff, 0xff, 0xff, 0xff, 0xff, 0xff, 0xff, 0xff, 0xff
.byte 0xff, 0xff, 0xff, 0xff, 0xff, 0xff, 0xff, 0xff, 0xff, 0xff, 0xff, 0xff, 0xff, 0xff, 0xff, 0xff
.byte 0xff, 0xff, 0xff, 0xff, 0xff, 0xff, 0xff, 0xff, 0xff, 0xff, 0xff, 0xff, 0xff, 0xff, 0xff, 0xff
.byte 0xff, 0xff, 0xff, 0xff, 0xff, 0xff, 0xff, 0xff, 0xff, 0xff, 0xff, 0xff, 0xff, 0xff, 0xff, 0xff
.byte 0xff, 0xff, 0xff, 0xff, 0xff, 0xff, 0xff, 0xff, 0xff, 0xff, 0xff, 0xff, 0xff, 0xff, 0xff, 0xff
.byte 0xff, 0xff, 0xff, 0xff, 0xff, 0xff, 0xff, 0xff, 0xff, 0xff, 0xff, 0xff, 0xff, 0xff, 0xff, 0xff
.byte 0xff, 0xff, 0xff, 0xff, 0xff, 0xff, 0xff, 0xff, 0xff, 0xff, 0xff, 0xff, 0xff, 0xff, 0xff, 0xff
.byte 0xff, 0xff, 0xff, 0xff, 0xff, 0xff, 0xff, 0xff, 0xff, 0xff, 0xff, 0xff, 0xff, 0xff, 0xff, 0xff
.byte 0xff, 0xff, 0xff, 0xff, 0xff, 0xff, 0xff, 0xff, 0xff, 0xff, 0xff, 0xff, 0xff, 0xff, 0xff, 0xff
.byte 0xff, 0xff, 0xff, 0xff, 0xff, 0xff, 0xff, 0xff, 0xff, 0xff, 0xff, 0xff, 0xff, 0xff, 0xff, 0xff
.byte 0xff, 0xff, 0xff, 0xff, 0xff, 0xff, 0xff, 0xff, 0xff, 0xff, 0xff, 0xff, 0xff, 0xff, 0xff, 0xff
.byte 0xff, 0xff, 0xff, 0xff, 0xff, 0xff, 0xff, 0xff, 0xff, 0xff, 0xff, 0xff, 0xff, 0xff, 0xff, 0xff
.byte 0xff, 0xff, 0xff, 0xff, 0xff, 0xff, 0xff, 0xff, 0xff, 0xff, 0xff, 0xff, 0xff, 0xff, 0xff, 0xff
.byte 0xff, 0xff, 0xff, 0xff, 0xff, 0xff, 0xff, 0xff, 0xff, 0xff, 0xff, 0xff, 0xff, 0xff, 0xff, 0xff
.byte 0xff, 0xff, 0xff, 0xff, 0xff, 0xff, 0xff, 0xff, 0xff, 0xff, 0xff, 0xff, 0xff, 0xff, 0xff, 0xff
.byte 0xff, 0xff, 0xff, 0xff, 0xff, 0xff, 0xff, 0xff, 0xff, 0xff, 0xff, 0xff, 0xff, 0xff, 0xff, 0xff
.byte 0xff, 0xff, 0xff, 0xff, 0xff, 0xff, 0xff, 0xff, 0xff, 0xff, 0xff, 0xff, 0xff, 0xff, 0xff, 0xff
.byte 0xff, 0xff, 0xff, 0xff, 0xff, 0xff, 0xff, 0xff, 0xff, 0xff, 0xff, 0xff, 0xff, 0xff, 0xff, 0xff
.byte 0xff, 0xff, 0xff, 0xff, 0xff, 0xff, 0xff, 0xff, 0xff, 0xff, 0xff, 0xff, 0xff, 0xff, 0xff, 0xff
.byte 0xff, 0xff, 0xff, 0xff, 0xff, 0xff, 0xff, 0xff, 0xff, 0xff, 0xff, 0xff, 0xff, 0xff, 0xff, 0xff
.byte 0xff, 0xff, 0xff, 0xff, 0xff, 0xff, 0xff, 0xff, 0xff, 0xff, 0xff, 0xff, 0xff, 0xff, 0xff, 0xff
.byte 0xff, 0xff, 0xff, 0xff, 0xff, 0xff, 0xff, 0xff, 0xff, 0xff, 0xff, 0xff, 0xff, 0xff, 0xff, 0xff
.byte 0xff, 0xff, 0xff, 0xff, 0xff, 0xff, 0xff, 0xff, 0xff, 0xff, 0xff, 0xff, 0xff, 0xff, 0xff, 0xff
.byte 0xff, 0xff, 0xff, 0xff, 0xff, 0xff, 0xff, 0xff, 0xff, 0xff, 0xff, 0xff, 0xff, 0xff, 0xff, 0xff
.byte 0xff, 0xff, 0xff, 0xff, 0xff, 0xff, 0xff, 0xff, 0xff, 0xff, 0xff, 0xff, 0xff, 0xff, 0xff, 0xff
.byte 0xff, 0xff, 0xff, 0xff, 0xff, 0xff, 0xff, 0xff, 0xff, 0xff, 0xff, 0xff, 0xfe, 0xfe, 0xfe, 0xff
.byte 0xfd, 0xfd, 0xfd, 0xff, 0xfa, 0xfa, 0xfa, 0xff, 0xf6, 0xf6, 0xf6, 0xff, 0xee, 0xee, 0xee, 0xff
.byte 0xe1, 0xe1, 0xe1, 0xff, 0xcf, 0xcf, 0xcf, 0xff, 0xb8, 0xb8, 0xb8, 0xff, 0x9e, 0x9e, 0x9e, 0xff
.byte 0x86, 0x86, 0x86, 0xfe, 0x6f, 0x6f, 0x6f, 0xfc, 0x5f, 0x5f, 0x5f, 0xf6, 0x54, 0x54, 0x54, 0xe7
.byte 0x4e, 0x4e, 0x4e, 0xcc, 0x4b, 0x4b, 0x4b, 0xa3, 0x4a, 0x4a, 0x4a, 0x72, 0x47, 0x47, 0x47, 0x44
.byte 0x46, 0x46, 0x46, 0x21, 0x4e, 0x4e, 0x4e, 0x0d, 0x40, 0x40, 0x40, 0x04, 0x00, 0x00, 0x00, 0x01
.byte 0x00, 0x00, 0x00, 0x00, 0x00, 0x00, 0x00, 0x00, 0x00, 0x00, 0x00, 0x00, 0x00, 0x00, 0x00, 0x00
.byte 0x00, 0x00, 0x00, 0x00, 0x00, 0x00, 0x00, 0x00, 0x00, 0x00, 0x00, 0x00, 0x00, 0x00, 0x00, 0x00
.byte 0x80, 0x80, 0x80, 0x02, 0x4d, 0x4d, 0x4d, 0x0a, 0x49, 0x49, 0x49, 0x1c, 0x47, 0x47, 0x47, 0x3d
.byte 0x49, 0x49, 0x49, 0x6c, 0x4a, 0x4a, 0x4a, 0x9e, 0x4d, 0x4d, 0x4d, 0xc9, 0x53, 0x53, 0x53, 0xe6
.byte 0x5e, 0x5e, 0x5e, 0xf6, 0x6f, 0x6f, 0x6f, 0xfc, 0x86, 0x86, 0x86, 0xfe, 0xa0, 0xa0, 0xa0, 0xff
.byte 0xbb, 0xbb, 0xbb, 0xff, 0xd3, 0xd3, 0xd3, 0xff, 0xe6, 0xe6, 0xe6, 0xff, 0xf2, 0xf2, 0xf2, 0xff
.byte 0xf9, 0xf9, 0xf9, 0xff, 0xfc, 0xfc, 0xfc, 0xff, 0xfe, 0xfe, 0xfe, 0xff, 0xff, 0xff, 0xff, 0xff
.byte 0xff, 0xff, 0xff, 0xff, 0xff, 0xff, 0xff, 0xff, 0xff, 0xff, 0xff, 0xff, 0xff, 0xff, 0xff, 0xff
.byte 0xff, 0xff, 0xff, 0xff, 0xff, 0xff, 0xff, 0xff, 0xff, 0xff, 0xff, 0xff, 0xff, 0xff, 0xff, 0xff
.byte 0xff, 0xff, 0xff, 0xff, 0xff, 0xff, 0xff, 0xff, 0xff, 0xff, 0xff, 0xff, 0xff, 0xff, 0xff, 0xff
.byte 0xff, 0xff, 0xff, 0xff, 0xff, 0xff, 0xff, 0xff, 0xff, 0xff, 0xff, 0xff, 0xff, 0xff, 0xff, 0xff
.byte 0xff, 0xff, 0xff, 0xff, 0xff, 0xff, 0xff, 0xff, 0xff, 0xff, 0xff, 0xff, 0xff, 0xff, 0xff, 0xff
.byte 0xff, 0xff, 0xff, 0xff, 0xff, 0xff, 0xff, 0xff, 0xff, 0xff, 0xff, 0xff, 0xff, 0xff, 0xff, 0xff
.byte 0xff, 0xff, 0xff, 0xff, 0xff, 0xff, 0xff, 0xff, 0xff, 0xff, 0xff, 0xff, 0xff, 0xff, 0xff, 0xff
.byte 0xff, 0xff, 0xff, 0xff, 0xff, 0xff, 0xff, 0xff, 0xff, 0xff, 0xff, 0xff, 0xff, 0xff, 0xff, 0xff
.byte 0xff, 0xff, 0xff, 0xff, 0xff, 0xff, 0xff, 0xff, 0xff, 0xff, 0xff, 0xff, 0xff, 0xff, 0xff, 0xff
.byte 0xff, 0xff, 0xff, 0xff, 0xff, 0xff, 0xff, 0xff, 0xff, 0xff, 0xff, 0xff, 0xff, 0xff, 0xff, 0xff
.byte 0xff, 0xff, 0xff, 0xff, 0xff, 0xff, 0xff, 0xff, 0xff, 0xff, 0xff, 0xff, 0xff, 0xff, 0xff, 0xff
.byte 0xff, 0xff, 0xff, 0xff, 0xff, 0xff, 0xff, 0xff, 0xff, 0xff, 0xff, 0xff, 0xff, 0xff, 0xff, 0xff
.byte 0xff, 0xff, 0xff, 0xff, 0xff, 0xff, 0xff, 0xff, 0xff, 0xff, 0xff, 0xff, 0xff, 0xff, 0xff, 0xff
.byte 0xff, 0xff, 0xff, 0xff, 0xff, 0xff, 0xff, 0xff, 0xff, 0xff, 0xff, 0xff, 0xff, 0xff, 0xff, 0xff
.byte 0xff, 0xff, 0xff, 0xff, 0xff, 0xff, 0xff, 0xff, 0xff, 0xff, 0xff, 0xff, 0xff, 0xff, 0xff, 0xff
.byte 0xff, 0xff, 0xff, 0xff, 0xff, 0xff, 0xff, 0xff, 0xff, 0xff, 0xff, 0xff, 0xff, 0xff, 0xff, 0xff
.byte 0xff, 0xff, 0xff, 0xff, 0xff, 0xff, 0xff, 0xff, 0xff, 0xff, 0xff, 0xff, 0xff, 0xff, 0xff, 0xff
.byte 0xff, 0xff, 0xff, 0xff, 0xff, 0xff, 0xff, 0xff, 0xff, 0xff, 0xff, 0xff, 0xff, 0xff, 0xff, 0xff
.byte 0xff, 0xff, 0xff, 0xff, 0xff, 0xff, 0xff, 0xff, 0xff, 0xff, 0xff, 0xff, 0xff, 0xff, 0xff, 0xff
.byte 0xff, 0xff, 0xff, 0xff, 0xff, 0xff, 0xff, 0xff, 0xff, 0xff, 0xff, 0xff, 0xff, 0xff, 0xff, 0xff
.byte 0xff, 0xff, 0xff, 0xff, 0xff, 0xff, 0xff, 0xff, 0xff, 0xff, 0xff, 0xff, 0xff, 0xff, 0xff, 0xff
.byte 0xff, 0xff, 0xff, 0xff, 0xff, 0xff, 0xff, 0xff, 0xff, 0xff, 0xff, 0xff, 0xff, 0xff, 0xff, 0xff
.byte 0xff, 0xff, 0xff, 0xff, 0xff, 0xff, 0xff, 0xff, 0xff, 0xff, 0xff, 0xff, 0xff, 0xff, 0xff, 0xff
.byte 0xff, 0xff, 0xff, 0xff, 0xff, 0xff, 0xff, 0xff, 0xff, 0xff, 0xff, 0xff, 0xff, 0xff, 0xff, 0xff
.byte 0xff, 0xff, 0xff, 0xff, 0xff, 0xff, 0xff, 0xff, 0xff, 0xff, 0xff, 0xff, 0xff, 0xff, 0xff, 0xff
.byte 0xff, 0xff, 0xff, 0xff, 0xff, 0xff, 0xff, 0xff, 0xff, 0xff, 0xff, 0xff, 0xff, 0xff, 0xff, 0xff
.byte 0xff, 0xff, 0xff, 0xff, 0xff, 0xff, 0xff, 0xff, 0xff, 0xff, 0xff, 0xff, 0xff, 0xff, 0xff, 0xff
.byte 0xff, 0xff, 0xff, 0xff, 0xff, 0xff, 0xff, 0xff, 0xff, 0xff, 0xff, 0xff, 0xff, 0xff, 0xff, 0xff
.byte 0xff, 0xff, 0xff, 0xff, 0xff, 0xff, 0xff, 0xff, 0xff, 0xff, 0xff, 0xff, 0xff, 0xff, 0xff, 0xff
.byte 0xff, 0xff, 0xff, 0xff, 0xff, 0xff, 0xff, 0xff, 0xff, 0xff, 0xff, 0xff, 0xff, 0xff, 0xff, 0xff
.byte 0xff, 0xff, 0xff, 0xff, 0xff, 0xff, 0xff, 0xff, 0xff, 0xff, 0xff, 0xff, 0xff, 0xff, 0xff, 0xff
.byte 0xff, 0xff, 0xff, 0xff, 0xff, 0xff, 0xff, 0xff, 0xff, 0xff, 0xff, 0xff, 0xff, 0xff, 0xff, 0xff
.byte 0xff, 0xff, 0xff, 0xff, 0xff, 0xff, 0xff, 0xff, 0xff, 0xff, 0xff, 0xff, 0xff, 0xff, 0xff, 0xff
.byte 0xff, 0xff, 0xff, 0xff, 0xff, 0xff, 0xff, 0xff, 0xff, 0xff, 0xff, 0xff, 0xff, 0xff, 0xff, 0xff
.byte 0xff, 0xff, 0xff, 0xff, 0xff, 0xff, 0xff, 0xff, 0xff, 0xff, 0xff, 0xff, 0xff, 0xff, 0xff, 0xff
.byte 0xff, 0xff, 0xff, 0xff, 0xff, 0xff, 0xff, 0xff, 0xff, 0xff, 0xff, 0xff, 0xff, 0xff, 0xff, 0xff
.byte 0xff, 0xff, 0xff, 0xff, 0xff, 0xff, 0xff, 0xff, 0xff, 0xff, 0xff, 0xff, 0xff, 0xff, 0xff, 0xff
.byte 0xff, 0xff, 0xff, 0xff, 0xff, 0xff, 0xff, 0xff, 0xff, 0xff, 0xff, 0xff, 0xff, 0xff, 0xff, 0xff
.byte 0xff, 0xff, 0xff, 0xff, 0xff, 0xff, 0xff, 0xff, 0xff, 0xff, 0xff, 0xff, 0xff, 0xff, 0xff, 0xff
.byte 0xff, 0xff, 0xff, 0xff, 0xff, 0xff, 0xff, 0xff, 0xff, 0xff, 0xff, 0xff, 0xff, 0xff, 0xff, 0xff
.byte 0xff, 0xff, 0xff, 0xff, 0xff, 0xff, 0xff, 0xff, 0xff, 0xff, 0xff, 0xff, 0xff, 0xff, 0xff, 0xff
.byte 0xff, 0xff, 0xff, 0xff, 0xff, 0xff, 0xff, 0xff, 0xff, 0xff, 0xff, 0xff, 0xff, 0xff, 0xff, 0xff
.byte 0xff, 0xff, 0xff, 0xff, 0xff, 0xff, 0xff, 0xff, 0xff, 0xff, 0xff, 0xff, 0xff, 0xff, 0xff, 0xff
.byte 0xff, 0xff, 0xff, 0xff, 0xff, 0xff, 0xff, 0xff, 0xff, 0xff, 0xff, 0xff, 0xff, 0xff, 0xff, 0xff
.byte 0xff, 0xff, 0xff, 0xff, 0xff, 0xff, 0xff, 0xff, 0xff, 0xff, 0xff, 0xff, 0xff, 0xff, 0xff, 0xff
.byte 0xff, 0xff, 0xff, 0xff, 0xff, 0xff, 0xff, 0xff, 0xff, 0xff, 0xff, 0xff, 0xff, 0xff, 0xff, 0xff
.byte 0xff, 0xff, 0xff, 0xff, 0xff, 0xff, 0xff, 0xff, 0xff, 0xff, 0xff, 0xff, 0xff, 0xff, 0xff, 0xff
.byte 0xff, 0xff, 0xff, 0xff, 0xff, 0xff, 0xff, 0xff, 0xff, 0xff, 0xff, 0xff, 0xff, 0xff, 0xff, 0xff
.byte 0xff, 0xff, 0xff, 0xff, 0xff, 0xff, 0xff, 0xff, 0xff, 0xff, 0xff, 0xff, 0xff, 0xff, 0xff, 0xff
.byte 0xff, 0xff, 0xff, 0xff, 0xff, 0xff, 0xff, 0xff, 0xff, 0xff, 0xff, 0xff, 0xff, 0xff, 0xff, 0xff
.byte 0xff, 0xff, 0xff, 0xff, 0xff, 0xff, 0xff, 0xff, 0xff, 0xff, 0xff, 0xff, 0xff, 0xff, 0xff, 0xff
.byte 0xff, 0xff, 0xff, 0xff, 0xff, 0xff, 0xff, 0xff, 0xff, 0xff, 0xff, 0xff, 0xff, 0xff, 0xff, 0xff
.byte 0xff, 0xff, 0xff, 0xff, 0xfe, 0xfe, 0xfe, 0xff, 0xfc, 0xfc, 0xfc, 0xff, 0xf9, 0xf9, 0xf9, 0xff
.byte 0xf2, 0xf2, 0xf2, 0xff, 0xe6, 0xe6, 0xe6, 0xff, 0xd3, 0xd3, 0xd3, 0xff, 0xbb, 0xbb, 0xbb, 0xff
.byte 0xa0, 0xa0, 0xa0, 0xff, 0x86, 0x86, 0x86, 0xfe, 0x6f, 0x6f, 0x6f, 0xfc, 0x5e, 0x5e, 0x5e, 0xf6
.byte 0x54, 0x54, 0x54, 0xe6, 0x4d, 0x4d, 0x4d, 0xca, 0x4b, 0x4b, 0x4b, 0x9f, 0x49, 0x49, 0x49, 0x6c
.byte 0x4b, 0x4b, 0x4b, 0x3d, 0x49, 0x49, 0x49, 0x1c, 0x4d, 0x4d, 0x4d, 0x0a, 0x55, 0x55, 0x55, 0x03
.byte 0x00, 0x00, 0x00, 0x01, 0x00, 0x00, 0x00, 0x00, 0x00, 0x00, 0x00, 0x00, 0x00, 0x00, 0x00, 0x00
.byte 0x00, 0x00, 0x00, 0x00, 0x00, 0x00, 0x00, 0x00, 0x00, 0x00, 0x00, 0x00, 0x00, 0x00, 0x00, 0x01
.byte 0x55, 0x55, 0x55, 0x06, 0x4d, 0x4d, 0x4d, 0x14, 0x46, 0x46, 0x46, 0x33, 0x4a, 0x4a, 0x4a, 0x61
.byte 0x4b, 0x4b, 0x4b, 0x96, 0x4c, 0x4c, 0x4c, 0xc5, 0x53, 0x53, 0x53, 0xe4, 0x5d, 0x5d, 0x5d, 0xf5
.byte 0x6d, 0x6d, 0x6d, 0xfc, 0x85, 0x85, 0x85, 0xfe, 0xa0, 0xa0, 0xa0, 0xff, 0xbc, 0xbc, 0xbc, 0xff
.byte 0xd5, 0xd5, 0xd5, 0xff, 0xe8, 0xe8, 0xe8, 0xff, 0xf4, 0xf4, 0xf4, 0xff, 0xfa, 0xfa, 0xfa, 0xff
.byte 0xfd, 0xfd, 0xfd, 0xff, 0xfe, 0xfe, 0xfe, 0xff, 0xff, 0xff, 0xff, 0xff, 0xff, 0xff, 0xff, 0xff
.byte 0xff, 0xff, 0xff, 0xff, 0xff, 0xff, 0xff, 0xff, 0xff, 0xff, 0xff, 0xff, 0xff, 0xff, 0xff, 0xff
.byte 0xff, 0xff, 0xff, 0xff, 0xff, 0xff, 0xff, 0xff, 0xff, 0xff, 0xff, 0xff, 0xff, 0xff, 0xff, 0xff
.byte 0xff, 0xff, 0xff, 0xff, 0xff, 0xff, 0xff, 0xff, 0xff, 0xff, 0xff, 0xff, 0xff, 0xff, 0xff, 0xff
.byte 0xff, 0xff, 0xff, 0xff, 0xff, 0xff, 0xff, 0xff, 0xff, 0xff, 0xff, 0xff, 0xff, 0xff, 0xff, 0xff
.byte 0xff, 0xff, 0xff, 0xff, 0xff, 0xff, 0xff, 0xff, 0xff, 0xff, 0xff, 0xff, 0xff, 0xff, 0xff, 0xff
.byte 0xff, 0xff, 0xff, 0xff, 0xff, 0xff, 0xff, 0xff, 0xff, 0xff, 0xff, 0xff, 0xff, 0xff, 0xff, 0xff
.byte 0xff, 0xff, 0xff, 0xff, 0xff, 0xff, 0xff, 0xff, 0xff, 0xff, 0xff, 0xff, 0xff, 0xff, 0xff, 0xff
.byte 0xff, 0xff, 0xff, 0xff, 0xff, 0xff, 0xff, 0xff, 0xff, 0xff, 0xff, 0xff, 0xff, 0xff, 0xff, 0xff
.byte 0xff, 0xff, 0xff, 0xff, 0xff, 0xff, 0xff, 0xff, 0xff, 0xff, 0xff, 0xff, 0xff, 0xff, 0xff, 0xff
.byte 0xff, 0xff, 0xff, 0xff, 0xff, 0xff, 0xff, 0xff, 0xff, 0xff, 0xff, 0xff, 0xff, 0xff, 0xff, 0xff
.byte 0xff, 0xff, 0xff, 0xff, 0xff, 0xff, 0xff, 0xff, 0xff, 0xff, 0xff, 0xff, 0xff, 0xff, 0xff, 0xff
.byte 0xff, 0xff, 0xff, 0xff, 0xff, 0xff, 0xff, 0xff, 0xff, 0xff, 0xff, 0xff, 0xff, 0xff, 0xff, 0xff
.byte 0xff, 0xff, 0xff, 0xff, 0xff, 0xff, 0xff, 0xff, 0xff, 0xff, 0xff, 0xff, 0xff, 0xff, 0xff, 0xff
.byte 0xff, 0xff, 0xff, 0xff, 0xff, 0xff, 0xff, 0xff, 0xff, 0xff, 0xff, 0xff, 0xff, 0xff, 0xff, 0xff
.byte 0xff, 0xff, 0xff, 0xff, 0xff, 0xff, 0xff, 0xff, 0xff, 0xff, 0xff, 0xff, 0xff, 0xff, 0xff, 0xff
.byte 0xff, 0xff, 0xff, 0xff, 0xff, 0xff, 0xff, 0xff, 0xff, 0xff, 0xff, 0xff, 0xff, 0xff, 0xff, 0xff
.byte 0xff, 0xff, 0xff, 0xff, 0xff, 0xff, 0xff, 0xff, 0xff, 0xff, 0xff, 0xff, 0xff, 0xff, 0xff, 0xff
.byte 0xff, 0xff, 0xff, 0xff, 0xff, 0xff, 0xff, 0xff, 0xff, 0xff, 0xff, 0xff, 0xff, 0xff, 0xff, 0xff
.byte 0xff, 0xff, 0xff, 0xff, 0xff, 0xff, 0xff, 0xff, 0xff, 0xff, 0xff, 0xff, 0xff, 0xff, 0xff, 0xff
.byte 0xff, 0xff, 0xff, 0xff, 0xff, 0xff, 0xff, 0xff, 0xff, 0xff, 0xff, 0xff, 0xff, 0xff, 0xff, 0xff
.byte 0xff, 0xff, 0xff, 0xff, 0xff, 0xff, 0xff, 0xff, 0xff, 0xff, 0xff, 0xff, 0xff, 0xff, 0xff, 0xff
.byte 0xff, 0xff, 0xff, 0xff, 0xff, 0xff, 0xff, 0xff, 0xff, 0xff, 0xff, 0xff, 0xff, 0xff, 0xff, 0xff
.byte 0xff, 0xff, 0xff, 0xff, 0xff, 0xff, 0xff, 0xff, 0xff, 0xff, 0xff, 0xff, 0xff, 0xff, 0xff, 0xff
.byte 0xff, 0xff, 0xff, 0xff, 0xff, 0xff, 0xff, 0xff, 0xff, 0xff, 0xff, 0xff, 0xff, 0xff, 0xff, 0xff
.byte 0xff, 0xff, 0xff, 0xff, 0xff, 0xff, 0xff, 0xff, 0xff, 0xff, 0xff, 0xff, 0xff, 0xff, 0xff, 0xff
.byte 0xff, 0xff, 0xff, 0xff, 0xff, 0xff, 0xff, 0xff, 0xff, 0xff, 0xff, 0xff, 0xff, 0xff, 0xff, 0xff
.byte 0xff, 0xff, 0xff, 0xff, 0xff, 0xff, 0xff, 0xff, 0xff, 0xff, 0xff, 0xff, 0xff, 0xff, 0xff, 0xff
.byte 0xff, 0xff, 0xff, 0xff, 0xff, 0xff, 0xff, 0xff, 0xff, 0xff, 0xff, 0xff, 0xff, 0xff, 0xff, 0xff
.byte 0xff, 0xff, 0xff, 0xff, 0xff, 0xff, 0xff, 0xff, 0xff, 0xff, 0xff, 0xff, 0xff, 0xff, 0xff, 0xff
.byte 0xff, 0xff, 0xff, 0xff, 0xff, 0xff, 0xff, 0xff, 0xff, 0xff, 0xff, 0xff, 0xff, 0xff, 0xff, 0xff
.byte 0xff, 0xff, 0xff, 0xff, 0xff, 0xff, 0xff, 0xff, 0xff, 0xff, 0xff, 0xff, 0xff, 0xff, 0xff, 0xff
.byte 0xff, 0xff, 0xff, 0xff, 0xff, 0xff, 0xff, 0xff, 0xff, 0xff, 0xff, 0xff, 0xff, 0xff, 0xff, 0xff
.byte 0xff, 0xff, 0xff, 0xff, 0xff, 0xff, 0xff, 0xff, 0xff, 0xff, 0xff, 0xff, 0xff, 0xff, 0xff, 0xff
.byte 0xff, 0xff, 0xff, 0xff, 0xff, 0xff, 0xff, 0xff, 0xff, 0xff, 0xff, 0xff, 0xff, 0xff, 0xff, 0xff
.byte 0xff, 0xff, 0xff, 0xff, 0xff, 0xff, 0xff, 0xff, 0xff, 0xff, 0xff, 0xff, 0xff, 0xff, 0xff, 0xff
.byte 0xff, 0xff, 0xff, 0xff, 0xff, 0xff, 0xff, 0xff, 0xff, 0xff, 0xff, 0xff, 0xff, 0xff, 0xff, 0xff
.byte 0xff, 0xff, 0xff, 0xff, 0xff, 0xff, 0xff, 0xff, 0xff, 0xff, 0xff, 0xff, 0xff, 0xff, 0xff, 0xff
.byte 0xff, 0xff, 0xff, 0xff, 0xff, 0xff, 0xff, 0xff, 0xff, 0xff, 0xff, 0xff, 0xff, 0xff, 0xff, 0xff
.byte 0xff, 0xff, 0xff, 0xff, 0xff, 0xff, 0xff, 0xff, 0xff, 0xff, 0xff, 0xff, 0xff, 0xff, 0xff, 0xff
.byte 0xff, 0xff, 0xff, 0xff, 0xff, 0xff, 0xff, 0xff, 0xff, 0xff, 0xff, 0xff, 0xff, 0xff, 0xff, 0xff
.byte 0xff, 0xff, 0xff, 0xff, 0xff, 0xff, 0xff, 0xff, 0xff, 0xff, 0xff, 0xff, 0xff, 0xff, 0xff, 0xff
.byte 0xff, 0xff, 0xff, 0xff, 0xff, 0xff, 0xff, 0xff, 0xff, 0xff, 0xff, 0xff, 0xff, 0xff, 0xff, 0xff
.byte 0xff, 0xff, 0xff, 0xff, 0xff, 0xff, 0xff, 0xff, 0xff, 0xff, 0xff, 0xff, 0xff, 0xff, 0xff, 0xff
.byte 0xff, 0xff, 0xff, 0xff, 0xff, 0xff, 0xff, 0xff, 0xff, 0xff, 0xff, 0xff, 0xff, 0xff, 0xff, 0xff
.byte 0xff, 0xff, 0xff, 0xff, 0xff, 0xff, 0xff, 0xff, 0xff, 0xff, 0xff, 0xff, 0xff, 0xff, 0xff, 0xff
.byte 0xff, 0xff, 0xff, 0xff, 0xff, 0xff, 0xff, 0xff, 0xff, 0xff, 0xff, 0xff, 0xff, 0xff, 0xff, 0xff
.byte 0xff, 0xff, 0xff, 0xff, 0xff, 0xff, 0xff, 0xff, 0xff, 0xff, 0xff, 0xff, 0xff, 0xff, 0xff, 0xff
.byte 0xff, 0xff, 0xff, 0xff, 0xff, 0xff, 0xff, 0xff, 0xff, 0xff, 0xff, 0xff, 0xff, 0xff, 0xff, 0xff
.byte 0xff, 0xff, 0xff, 0xff, 0xff, 0xff, 0xff, 0xff, 0xff, 0xff, 0xff, 0xff, 0xff, 0xff, 0xff, 0xff
.byte 0xff, 0xff, 0xff, 0xff, 0xff, 0xff, 0xff, 0xff, 0xff, 0xff, 0xff, 0xff, 0xff, 0xff, 0xff, 0xff
.byte 0xff, 0xff, 0xff, 0xff, 0xff, 0xff, 0xff, 0xff, 0xff, 0xff, 0xff, 0xff, 0xff, 0xff, 0xff, 0xff
.byte 0xff, 0xff, 0xff, 0xff, 0xff, 0xff, 0xff, 0xff, 0xff, 0xff, 0xff, 0xff, 0xff, 0xff, 0xff, 0xff
.byte 0xff, 0xff, 0xff, 0xff, 0xff, 0xff, 0xff, 0xff, 0xfe, 0xfe, 0xfe, 0xff, 0xfd, 0xfd, 0xfd, 0xff
.byte 0xfa, 0xfa, 0xfa, 0xff, 0xf4, 0xf4, 0xf4, 0xff, 0xe8, 0xe8, 0xe8, 0xff, 0xd5, 0xd5, 0xd5, 0xff
.byte 0xbd, 0xbd, 0xbd, 0xff, 0xa0, 0xa0, 0xa0, 0xff, 0x85, 0x85, 0x85, 0xfe, 0x6e, 0x6e, 0x6e, 0xfc
.byte 0x5e, 0x5e, 0x5e, 0xf5, 0x53, 0x53, 0x53, 0xe4, 0x4e, 0x4e, 0x4e, 0xc5, 0x4a, 0x4a, 0x4a, 0x97
.byte 0x4a, 0x4a, 0x4a, 0x61, 0x46, 0x46, 0x46, 0x33, 0x49, 0x49, 0x49, 0x15, 0x55, 0x55, 0x55, 0x06
.byte 0x00, 0x00, 0x00, 0x01, 0x00, 0x00, 0x00, 0x00, 0x00, 0x00, 0x00, 0x00, 0x00, 0x00, 0x00, 0x00
.byte 0x00, 0x00, 0x00, 0x00, 0x00, 0x00, 0x00, 0x00, 0x00, 0x00, 0x00, 0x00, 0x55, 0x55, 0x55, 0x03
.byte 0x4e, 0x4e, 0x4e, 0x0d, 0x4c, 0x4c, 0x4c, 0x25, 0x49, 0x49, 0x49, 0x50, 0x4a, 0x4a, 0x4a, 0x87
.byte 0x4c, 0x4c, 0x4c, 0xbb, 0x51, 0x51, 0x51, 0xe0, 0x5b, 0x5b, 0x5b, 0xf3, 0x6a, 0x6a, 0x6a, 0xfc
.byte 0x82, 0x82, 0x82, 0xfe, 0x9e, 0x9e, 0x9e, 0xff, 0xbb, 0xbb, 0xbb, 0xff, 0xd5, 0xd5, 0xd5, 0xff
.byte 0xe9, 0xe9, 0xe9, 0xff, 0xf5, 0xf5, 0xf5, 0xff, 0xfb, 0xfb, 0xfb, 0xff, 0xfe, 0xfe, 0xfe, 0xff
.byte 0xff, 0xff, 0xff, 0xff, 0xff, 0xff, 0xff, 0xff, 0xff, 0xff, 0xff, 0xff, 0xff, 0xff, 0xff, 0xff
.byte 0xff, 0xff, 0xff, 0xff, 0xff, 0xff, 0xff, 0xff, 0xff, 0xff, 0xff, 0xff, 0xff, 0xff, 0xff, 0xff
.byte 0xff, 0xff, 0xff, 0xff, 0xff, 0xff, 0xff, 0xff, 0xff, 0xff, 0xff, 0xff, 0xff, 0xff, 0xff, 0xff
.byte 0xff, 0xff, 0xff, 0xff, 0xff, 0xff, 0xff, 0xff, 0xff, 0xff, 0xff, 0xff, 0xff, 0xff, 0xff, 0xff
.byte 0xff, 0xff, 0xff, 0xff, 0xff, 0xff, 0xff, 0xff, 0xff, 0xff, 0xff, 0xff, 0xff, 0xff, 0xff, 0xff
.byte 0xff, 0xff, 0xff, 0xff, 0xff, 0xff, 0xff, 0xff, 0xff, 0xff, 0xff, 0xff, 0xff, 0xff, 0xff, 0xff
.byte 0xff, 0xff, 0xff, 0xff, 0xff, 0xff, 0xff, 0xff, 0xff, 0xff, 0xff, 0xff, 0xff, 0xff, 0xff, 0xff
.byte 0xff, 0xff, 0xff, 0xff, 0xff, 0xff, 0xff, 0xff, 0xff, 0xff, 0xff, 0xff, 0xff, 0xff, 0xff, 0xff
.byte 0xff, 0xff, 0xff, 0xff, 0xff, 0xff, 0xff, 0xff, 0xff, 0xff, 0xff, 0xff, 0xff, 0xff, 0xff, 0xff
.byte 0xff, 0xff, 0xff, 0xff, 0xff, 0xff, 0xff, 0xff, 0xff, 0xff, 0xff, 0xff, 0xff, 0xff, 0xff, 0xff
.byte 0xff, 0xff, 0xff, 0xff, 0xff, 0xff, 0xff, 0xff, 0xff, 0xff, 0xff, 0xff, 0xff, 0xff, 0xff, 0xff
.byte 0xff, 0xff, 0xff, 0xff, 0xff, 0xff, 0xff, 0xff, 0xff, 0xff, 0xff, 0xff, 0xff, 0xff, 0xff, 0xff
.byte 0xff, 0xff, 0xff, 0xff, 0xff, 0xff, 0xff, 0xff, 0xff, 0xff, 0xff, 0xff, 0xff, 0xff, 0xff, 0xff
.byte 0xff, 0xff, 0xff, 0xff, 0xff, 0xff, 0xff, 0xff, 0xff, 0xff, 0xff, 0xff, 0xff, 0xff, 0xff, 0xff
.byte 0xff, 0xff, 0xff, 0xff, 0xff, 0xff, 0xff, 0xff, 0xff, 0xff, 0xff, 0xff, 0xff, 0xff, 0xff, 0xff
.byte 0xff, 0xff, 0xff, 0xff, 0xff, 0xff, 0xff, 0xff, 0xff, 0xff, 0xff, 0xff, 0xff, 0xff, 0xff, 0xff
.byte 0xff, 0xff, 0xff, 0xff, 0xff, 0xff, 0xff, 0xff, 0xff, 0xff, 0xff, 0xff, 0xff, 0xff, 0xff, 0xff
.byte 0xff, 0xff, 0xff, 0xff, 0xff, 0xff, 0xff, 0xff, 0xff, 0xff, 0xff, 0xff, 0xff, 0xff, 0xff, 0xff
.byte 0xff, 0xff, 0xff, 0xff, 0xff, 0xff, 0xff, 0xff, 0xff, 0xff, 0xff, 0xff, 0xff, 0xff, 0xff, 0xff
.byte 0xff, 0xff, 0xff, 0xff, 0xff, 0xff, 0xff, 0xff, 0xff, 0xff, 0xff, 0xff, 0xff, 0xff, 0xff, 0xff
.byte 0xff, 0xff, 0xff, 0xff, 0xff, 0xff, 0xff, 0xff, 0xff, 0xff, 0xff, 0xff, 0xff, 0xff, 0xff, 0xff
.byte 0xff, 0xff, 0xff, 0xff, 0xff, 0xff, 0xff, 0xff, 0xff, 0xff, 0xff, 0xff, 0xff, 0xff, 0xff, 0xff
.byte 0xff, 0xff, 0xff, 0xff, 0xff, 0xff, 0xff, 0xff, 0xff, 0xff, 0xff, 0xff, 0xff, 0xff, 0xff, 0xff
.byte 0xff, 0xff, 0xff, 0xff, 0xff, 0xff, 0xff, 0xff, 0xff, 0xff, 0xff, 0xff, 0xff, 0xff, 0xff, 0xff
.byte 0xff, 0xff, 0xff, 0xff, 0xff, 0xff, 0xff, 0xff, 0xff, 0xff, 0xff, 0xff, 0xff, 0xff, 0xff, 0xff
.byte 0xff, 0xff, 0xff, 0xff, 0xff, 0xff, 0xff, 0xff, 0xff, 0xff, 0xff, 0xff, 0xff, 0xff, 0xff, 0xff
.byte 0xff, 0xff, 0xff, 0xff, 0xff, 0xff, 0xff, 0xff, 0xff, 0xff, 0xff, 0xff, 0xff, 0xff, 0xff, 0xff
.byte 0xff, 0xff, 0xff, 0xff, 0xff, 0xff, 0xff, 0xff, 0xff, 0xff, 0xff, 0xff, 0xff, 0xff, 0xff, 0xff
.byte 0xff, 0xff, 0xff, 0xff, 0xff, 0xff, 0xff, 0xff, 0xff, 0xff, 0xff, 0xff, 0xff, 0xff, 0xff, 0xff
.byte 0xff, 0xff, 0xff, 0xff, 0xff, 0xff, 0xff, 0xff, 0xff, 0xff, 0xff, 0xff, 0xff, 0xff, 0xff, 0xff
.byte 0xff, 0xff, 0xff, 0xff, 0xff, 0xff, 0xff, 0xff, 0xff, 0xff, 0xff, 0xff, 0xff, 0xff, 0xff, 0xff
.byte 0xff, 0xff, 0xff, 0xff, 0xff, 0xff, 0xff, 0xff, 0xff, 0xff, 0xff, 0xff, 0xff, 0xff, 0xff, 0xff
.byte 0xff, 0xff, 0xff, 0xff, 0xff, 0xff, 0xff, 0xff, 0xff, 0xff, 0xff, 0xff, 0xff, 0xff, 0xff, 0xff
.byte 0xff, 0xff, 0xff, 0xff, 0xff, 0xff, 0xff, 0xff, 0xff, 0xff, 0xff, 0xff, 0xff, 0xff, 0xff, 0xff
.byte 0xff, 0xff, 0xff, 0xff, 0xff, 0xff, 0xff, 0xff, 0xff, 0xff, 0xff, 0xff, 0xff, 0xff, 0xff, 0xff
.byte 0xff, 0xff, 0xff, 0xff, 0xff, 0xff, 0xff, 0xff, 0xff, 0xff, 0xff, 0xff, 0xff, 0xff, 0xff, 0xff
.byte 0xff, 0xff, 0xff, 0xff, 0xff, 0xff, 0xff, 0xff, 0xff, 0xff, 0xff, 0xff, 0xff, 0xff, 0xff, 0xff
.byte 0xff, 0xff, 0xff, 0xff, 0xff, 0xff, 0xff, 0xff, 0xff, 0xff, 0xff, 0xff, 0xff, 0xff, 0xff, 0xff
.byte 0xff, 0xff, 0xff, 0xff, 0xff, 0xff, 0xff, 0xff, 0xff, 0xff, 0xff, 0xff, 0xff, 0xff, 0xff, 0xff
.byte 0xff, 0xff, 0xff, 0xff, 0xff, 0xff, 0xff, 0xff, 0xff, 0xff, 0xff, 0xff, 0xff, 0xff, 0xff, 0xff
.byte 0xff, 0xff, 0xff, 0xff, 0xff, 0xff, 0xff, 0xff, 0xff, 0xff, 0xff, 0xff, 0xff, 0xff, 0xff, 0xff
.byte 0xff, 0xff, 0xff, 0xff, 0xff, 0xff, 0xff, 0xff, 0xff, 0xff, 0xff, 0xff, 0xff, 0xff, 0xff, 0xff
.byte 0xff, 0xff, 0xff, 0xff, 0xff, 0xff, 0xff, 0xff, 0xff, 0xff, 0xff, 0xff, 0xff, 0xff, 0xff, 0xff
.byte 0xff, 0xff, 0xff, 0xff, 0xff, 0xff, 0xff, 0xff, 0xff, 0xff, 0xff, 0xff, 0xff, 0xff, 0xff, 0xff
.byte 0xff, 0xff, 0xff, 0xff, 0xff, 0xff, 0xff, 0xff, 0xff, 0xff, 0xff, 0xff, 0xff, 0xff, 0xff, 0xff
.byte 0xff, 0xff, 0xff, 0xff, 0xff, 0xff, 0xff, 0xff, 0xff, 0xff, 0xff, 0xff, 0xff, 0xff, 0xff, 0xff
.byte 0xff, 0xff, 0xff, 0xff, 0xff, 0xff, 0xff, 0xff, 0xff, 0xff, 0xff, 0xff, 0xff, 0xff, 0xff, 0xff
.byte 0xff, 0xff, 0xff, 0xff, 0xff, 0xff, 0xff, 0xff, 0xff, 0xff, 0xff, 0xff, 0xff, 0xff, 0xff, 0xff
.byte 0xff, 0xff, 0xff, 0xff, 0xff, 0xff, 0xff, 0xff, 0xff, 0xff, 0xff, 0xff, 0xff, 0xff, 0xff, 0xff
.byte 0xff, 0xff, 0xff, 0xff, 0xff, 0xff, 0xff, 0xff, 0xff, 0xff, 0xff, 0xff, 0xff, 0xff, 0xff, 0xff
.byte 0xff, 0xff, 0xff, 0xff, 0xff, 0xff, 0xff, 0xff, 0xff, 0xff, 0xff, 0xff, 0xff, 0xff, 0xff, 0xff
.byte 0xff, 0xff, 0xff, 0xff, 0xff, 0xff, 0xff, 0xff, 0xff, 0xff, 0xff, 0xff, 0xff, 0xff, 0xff, 0xff
.byte 0xff, 0xff, 0xff, 0xff, 0xff, 0xff, 0xff, 0xff, 0xff, 0xff, 0xff, 0xff, 0xff, 0xff, 0xff, 0xff
.byte 0xff, 0xff, 0xff, 0xff, 0xff, 0xff, 0xff, 0xff, 0xff, 0xff, 0xff, 0xff, 0xff, 0xff, 0xff, 0xff
.byte 0xfe, 0xfe, 0xfe, 0xff, 0xfb, 0xfb, 0xfb, 0xff, 0xf5, 0xf5, 0xf5, 0xff, 0xe9, 0xe9, 0xe9, 0xff
.byte 0xd6, 0xd6, 0xd6, 0xff, 0xbb, 0xbb, 0xbb, 0xff, 0x9e, 0x9e, 0x9e, 0xff, 0x82, 0x82, 0x82, 0xfe
.byte 0x6a, 0x6a, 0x6a, 0xfc, 0x5b, 0x5b, 0x5b, 0xf4, 0x51, 0x51, 0x51, 0xe0, 0x4c, 0x4c, 0x4c, 0xbb
.byte 0x4b, 0x4b, 0x4b, 0x88, 0x48, 0x48, 0x48, 0x51, 0x4a, 0x4a, 0x4a, 0x26, 0x4e, 0x4e, 0x4e, 0x0d
.byte 0x55, 0x55, 0x55, 0x03, 0x00, 0x00, 0x00, 0x01, 0x00, 0x00, 0x00, 0x00, 0x00, 0x00, 0x00, 0x00
.byte 0x00, 0x00, 0x00, 0x00, 0x00, 0x00, 0x00, 0x00, 0x00, 0x00, 0x00, 0x01, 0x49, 0x49, 0x49, 0x07
.byte 0x4a, 0x4a, 0x4a, 0x18, 0x48, 0x48, 0x48, 0x3c, 0x4a, 0x4a, 0x4a, 0x71, 0x4b, 0x4b, 0x4b, 0xaa
.byte 0x4f, 0x4f, 0x4f, 0xd6, 0x57, 0x57, 0x57, 0xf0, 0x66, 0x66, 0x66, 0xfb, 0x7c, 0x7c, 0x7c, 0xfe
.byte 0x98, 0x98, 0x98, 0xff, 0xb7, 0xb7, 0xb7, 0xff, 0xd3, 0xd3, 0xd3, 0xff, 0xe8, 0xe8, 0xe8, 0xff
.byte 0xf5, 0xf5, 0xf5, 0xff, 0xfb, 0xfb, 0xfb, 0xff, 0xfe, 0xfe, 0xfe, 0xff, 0xff, 0xff, 0xff, 0xff
.byte 0xff, 0xff, 0xff, 0xff, 0xff, 0xff, 0xff, 0xff, 0xff, 0xff, 0xff, 0xff, 0xff, 0xff, 0xff, 0xff
.byte 0xff, 0xff, 0xff, 0xff, 0xff, 0xff, 0xff, 0xff, 0xff, 0xff, 0xff, 0xff, 0xff, 0xff, 0xff, 0xff
.byte 0xff, 0xff, 0xff, 0xff, 0xff, 0xff, 0xff, 0xff, 0xff, 0xff, 0xff, 0xff, 0xff, 0xff, 0xff, 0xff
.byte 0xff, 0xff, 0xff, 0xff, 0xff, 0xff, 0xff, 0xff, 0xff, 0xff, 0xff, 0xff, 0xff, 0xff, 0xff, 0xff
.byte 0xff, 0xff, 0xff, 0xff, 0xff, 0xff, 0xff, 0xff, 0xff, 0xff, 0xff, 0xff, 0xff, 0xff, 0xff, 0xff
.byte 0xff, 0xff, 0xff, 0xff, 0xff, 0xff, 0xff, 0xff, 0xff, 0xff, 0xff, 0xff, 0xff, 0xff, 0xff, 0xff
.byte 0xff, 0xff, 0xff, 0xff, 0xff, 0xff, 0xff, 0xff, 0xff, 0xff, 0xff, 0xff, 0xff, 0xff, 0xff, 0xff
.byte 0xff, 0xff, 0xff, 0xff, 0xff, 0xff, 0xff, 0xff, 0xff, 0xff, 0xff, 0xff, 0xff, 0xff, 0xff, 0xff
.byte 0xff, 0xff, 0xff, 0xff, 0xff, 0xff, 0xff, 0xff, 0xff, 0xff, 0xff, 0xff, 0xff, 0xff, 0xff, 0xff
.byte 0xff, 0xff, 0xff, 0xff, 0xff, 0xff, 0xff, 0xff, 0xff, 0xff, 0xff, 0xff, 0xff, 0xff, 0xff, 0xff
.byte 0xff, 0xff, 0xff, 0xff, 0xff, 0xff, 0xff, 0xff, 0xff, 0xff, 0xff, 0xff, 0xff, 0xff, 0xff, 0xff
.byte 0xff, 0xff, 0xff, 0xff, 0xff, 0xff, 0xff, 0xff, 0xff, 0xff, 0xff, 0xff, 0xff, 0xff, 0xff, 0xff
.byte 0xff, 0xff, 0xff, 0xff, 0xff, 0xff, 0xff, 0xff, 0xff, 0xff, 0xff, 0xff, 0xff, 0xff, 0xff, 0xff
.byte 0xff, 0xff, 0xff, 0xff, 0xff, 0xff, 0xff, 0xff, 0xff, 0xff, 0xff, 0xff, 0xff, 0xff, 0xff, 0xff
.byte 0xff, 0xff, 0xff, 0xff, 0xff, 0xff, 0xff, 0xff, 0xff, 0xff, 0xff, 0xff, 0xff, 0xff, 0xff, 0xff
.byte 0xff, 0xff, 0xff, 0xff, 0xff, 0xff, 0xff, 0xff, 0xff, 0xff, 0xff, 0xff, 0xff, 0xff, 0xff, 0xff
.byte 0xff, 0xff, 0xff, 0xff, 0xff, 0xff, 0xff, 0xff, 0xff, 0xff, 0xff, 0xff, 0xff, 0xff, 0xff, 0xff
.byte 0xff, 0xff, 0xff, 0xff, 0xff, 0xff, 0xff, 0xff, 0xff, 0xff, 0xff, 0xff, 0xff, 0xff, 0xff, 0xff
.byte 0xff, 0xff, 0xff, 0xff, 0xff, 0xff, 0xff, 0xff, 0xff, 0xff, 0xff, 0xff, 0xff, 0xff, 0xff, 0xff
.byte 0xff, 0xff, 0xff, 0xff, 0xff, 0xff, 0xff, 0xff, 0xff, 0xff, 0xff, 0xff, 0xff, 0xff, 0xff, 0xff
.byte 0xff, 0xff, 0xff, 0xff, 0xff, 0xff, 0xff, 0xff, 0xff, 0xff, 0xff, 0xff, 0xff, 0xff, 0xff, 0xff
.byte 0xff, 0xff, 0xff, 0xff, 0xff, 0xff, 0xff, 0xff, 0xff, 0xff, 0xff, 0xff, 0xff, 0xff, 0xff, 0xff
.byte 0xff, 0xff, 0xff, 0xff, 0xff, 0xff, 0xff, 0xff, 0xff, 0xff, 0xff, 0xff, 0xff, 0xff, 0xff, 0xff
.byte 0xff, 0xff, 0xff, 0xff, 0xff, 0xff, 0xff, 0xff, 0xff, 0xff, 0xff, 0xff, 0xff, 0xff, 0xff, 0xff
.byte 0xff, 0xff, 0xff, 0xff, 0xff, 0xff, 0xff, 0xff, 0xff, 0xff, 0xff, 0xff, 0xff, 0xff, 0xff, 0xff
.byte 0xff, 0xff, 0xff, 0xff, 0xff, 0xff, 0xff, 0xff, 0xff, 0xff, 0xff, 0xff, 0xff, 0xff, 0xff, 0xff
.byte 0xff, 0xff, 0xff, 0xff, 0xff, 0xff, 0xff, 0xff, 0xff, 0xff, 0xff, 0xff, 0xff, 0xff, 0xff, 0xff
.byte 0xff, 0xff, 0xff, 0xff, 0xff, 0xff, 0xff, 0xff, 0xff, 0xff, 0xff, 0xff, 0xff, 0xff, 0xff, 0xff
.byte 0xff, 0xff, 0xff, 0xff, 0xff, 0xff, 0xff, 0xff, 0xff, 0xff, 0xff, 0xff, 0xff, 0xff, 0xff, 0xff
.byte 0xff, 0xff, 0xff, 0xff, 0xff, 0xff, 0xff, 0xff, 0xff, 0xff, 0xff, 0xff, 0xff, 0xff, 0xff, 0xff
.byte 0xff, 0xff, 0xff, 0xff, 0xff, 0xff, 0xff, 0xff, 0xff, 0xff, 0xff, 0xff, 0xff, 0xff, 0xff, 0xff
.byte 0xff, 0xff, 0xff, 0xff, 0xff, 0xff, 0xff, 0xff, 0xff, 0xff, 0xff, 0xff, 0xff, 0xff, 0xff, 0xff
.byte 0xff, 0xff, 0xff, 0xff, 0xff, 0xff, 0xff, 0xff, 0xff, 0xff, 0xff, 0xff, 0xff, 0xff, 0xff, 0xff
.byte 0xff, 0xff, 0xff, 0xff, 0xff, 0xff, 0xff, 0xff, 0xff, 0xff, 0xff, 0xff, 0xff, 0xff, 0xff, 0xff
.byte 0xff, 0xff, 0xff, 0xff, 0xff, 0xff, 0xff, 0xff, 0xff, 0xff, 0xff, 0xff, 0xff, 0xff, 0xff, 0xff
.byte 0xff, 0xff, 0xff, 0xff, 0xff, 0xff, 0xff, 0xff, 0xff, 0xff, 0xff, 0xff, 0xff, 0xff, 0xff, 0xff
.byte 0xff, 0xff, 0xff, 0xff, 0xff, 0xff, 0xff, 0xff, 0xff, 0xff, 0xff, 0xff, 0xff, 0xff, 0xff, 0xff
.byte 0xff, 0xff, 0xff, 0xff, 0xff, 0xff, 0xff, 0xff, 0xff, 0xff, 0xff, 0xff, 0xff, 0xff, 0xff, 0xff
.byte 0xff, 0xff, 0xff, 0xff, 0xff, 0xff, 0xff, 0xff, 0xff, 0xff, 0xff, 0xff, 0xff, 0xff, 0xff, 0xff
.byte 0xff, 0xff, 0xff, 0xff, 0xff, 0xff, 0xff, 0xff, 0xff, 0xff, 0xff, 0xff, 0xff, 0xff, 0xff, 0xff
.byte 0xff, 0xff, 0xff, 0xff, 0xff, 0xff, 0xff, 0xff, 0xff, 0xff, 0xff, 0xff, 0xff, 0xff, 0xff, 0xff
.byte 0xff, 0xff, 0xff, 0xff, 0xff, 0xff, 0xff, 0xff, 0xff, 0xff, 0xff, 0xff, 0xff, 0xff, 0xff, 0xff
.byte 0xff, 0xff, 0xff, 0xff, 0xff, 0xff, 0xff, 0xff, 0xff, 0xff, 0xff, 0xff, 0xff, 0xff, 0xff, 0xff
.byte 0xff, 0xff, 0xff, 0xff, 0xff, 0xff, 0xff, 0xff, 0xff, 0xff, 0xff, 0xff, 0xff, 0xff, 0xff, 0xff
.byte 0xff, 0xff, 0xff, 0xff, 0xff, 0xff, 0xff, 0xff, 0xff, 0xff, 0xff, 0xff, 0xff, 0xff, 0xff, 0xff
.byte 0xff, 0xff, 0xff, 0xff, 0xff, 0xff, 0xff, 0xff, 0xff, 0xff, 0xff, 0xff, 0xff, 0xff, 0xff, 0xff
.byte 0xff, 0xff, 0xff, 0xff, 0xff, 0xff, 0xff, 0xff, 0xff, 0xff, 0xff, 0xff, 0xff, 0xff, 0xff, 0xff
.byte 0xff, 0xff, 0xff, 0xff, 0xff, 0xff, 0xff, 0xff, 0xff, 0xff, 0xff, 0xff, 0xff, 0xff, 0xff, 0xff
.byte 0xff, 0xff, 0xff, 0xff, 0xff, 0xff, 0xff, 0xff, 0xff, 0xff, 0xff, 0xff, 0xff, 0xff, 0xff, 0xff
.byte 0xff, 0xff, 0xff, 0xff, 0xff, 0xff, 0xff, 0xff, 0xff, 0xff, 0xff, 0xff, 0xff, 0xff, 0xff, 0xff
.byte 0xff, 0xff, 0xff, 0xff, 0xff, 0xff, 0xff, 0xff, 0xff, 0xff, 0xff, 0xff, 0xff, 0xff, 0xff, 0xff
.byte 0xff, 0xff, 0xff, 0xff, 0xff, 0xff, 0xff, 0xff, 0xff, 0xff, 0xff, 0xff, 0xff, 0xff, 0xff, 0xff
.byte 0xff, 0xff, 0xff, 0xff, 0xff, 0xff, 0xff, 0xff, 0xff, 0xff, 0xff, 0xff, 0xff, 0xff, 0xff, 0xff
.byte 0xff, 0xff, 0xff, 0xff, 0xff, 0xff, 0xff, 0xff, 0xff, 0xff, 0xff, 0xff, 0xff, 0xff, 0xff, 0xff
.byte 0xff, 0xff, 0xff, 0xff, 0xfe, 0xfe, 0xfe, 0xff, 0xfb, 0xfb, 0xfb, 0xff, 0xf5, 0xf5, 0xf5, 0xff
.byte 0xe8, 0xe8, 0xe8, 0xff, 0xd3, 0xd3, 0xd3, 0xff, 0xb7, 0xb7, 0xb7, 0xff, 0x99, 0x99, 0x99, 0xff
.byte 0x7c, 0x7c, 0x7c, 0xfe, 0x66, 0x66, 0x66, 0xfb, 0x57, 0x57, 0x57, 0xf0, 0x4f, 0x4f, 0x4f, 0xd7
.byte 0x4b, 0x4b, 0x4b, 0xaa, 0x4a, 0x4a, 0x4a, 0x71, 0x48, 0x48, 0x48, 0x3c, 0x4a, 0x4a, 0x4a, 0x18
.byte 0x49, 0x49, 0x49, 0x07, 0x00, 0x00, 0x00, 0x02, 0x00, 0x00, 0x00, 0x00, 0x00, 0x00, 0x00, 0x00
.byte 0x00, 0x00, 0x00, 0x00, 0x00, 0x00, 0x00, 0x00, 0x55, 0x55, 0x55, 0x03, 0x49, 0x49, 0x49, 0x0e
.byte 0x4d, 0x4d, 0x4d, 0x28, 0x49, 0x49, 0x49, 0x57, 0x49, 0x49, 0x49, 0x92, 0x4d, 0x4d, 0x4d, 0xc7
.byte 0x54, 0x54, 0x54, 0xe8, 0x60, 0x60, 0x60, 0xf8, 0x75, 0x75, 0x75, 0xfd, 0x91, 0x91, 0x91, 0xff
.byte 0xb1, 0xb1, 0xb1, 0xff, 0xcf, 0xcf, 0xcf, 0xff, 0xe6, 0xe6, 0xe6, 0xff, 0xf4, 0xf4, 0xf4, 0xff
.byte 0xfb, 0xfb, 0xfb, 0xff, 0xfe, 0xfe, 0xfe, 0xff, 0xff, 0xff, 0xff, 0xff, 0xff, 0xff, 0xff, 0xff
.byte 0xff, 0xff, 0xff, 0xff, 0xff, 0xff, 0xff, 0xff, 0xff, 0xff, 0xff, 0xff, 0xff, 0xff, 0xff, 0xff
.byte 0xff, 0xff, 0xff, 0xff, 0xff, 0xff, 0xff, 0xff, 0xff, 0xff, 0xff, 0xff, 0xff, 0xff, 0xff, 0xff
.byte 0xff, 0xff, 0xff, 0xff, 0xff, 0xff, 0xff, 0xff, 0xff, 0xff, 0xff, 0xff, 0xff, 0xff, 0xff, 0xff
.byte 0xff, 0xff, 0xff, 0xff, 0xff, 0xff, 0xff, 0xff, 0xff, 0xff, 0xff, 0xff, 0xff, 0xff, 0xff, 0xff
.byte 0xff, 0xff, 0xff, 0xff, 0xff, 0xff, 0xff, 0xff, 0xff, 0xff, 0xff, 0xff, 0xff, 0xff, 0xff, 0xff
.byte 0xff, 0xff, 0xff, 0xff, 0xff, 0xff, 0xff, 0xff, 0xff, 0xff, 0xff, 0xff, 0xff, 0xff, 0xff, 0xff
.byte 0xff, 0xff, 0xff, 0xff, 0xff, 0xff, 0xff, 0xff, 0xff, 0xff, 0xff, 0xff, 0xff, 0xff, 0xff, 0xff
.byte 0xff, 0xff, 0xff, 0xff, 0xff, 0xff, 0xff, 0xff, 0xff, 0xff, 0xff, 0xff, 0xff, 0xff, 0xff, 0xff
.byte 0xff, 0xff, 0xff, 0xff, 0xff, 0xff, 0xff, 0xff, 0xff, 0xff, 0xff, 0xff, 0xff, 0xff, 0xff, 0xff
.byte 0xff, 0xff, 0xff, 0xff, 0xff, 0xff, 0xff, 0xff, 0xff, 0xff, 0xff, 0xff, 0xff, 0xff, 0xff, 0xff
.byte 0xff, 0xff, 0xff, 0xff, 0xff, 0xff, 0xff, 0xff, 0xff, 0xff, 0xff, 0xff, 0xff, 0xff, 0xff, 0xff
.byte 0xff, 0xff, 0xff, 0xff, 0xff, 0xff, 0xff, 0xff, 0xff, 0xff, 0xff, 0xff, 0xff, 0xff, 0xff, 0xff
.byte 0xff, 0xff, 0xff, 0xff, 0xff, 0xff, 0xff, 0xff, 0xff, 0xff, 0xff, 0xff, 0xff, 0xff, 0xff, 0xff
.byte 0xff, 0xff, 0xff, 0xff, 0xff, 0xff, 0xff, 0xff, 0xff, 0xff, 0xff, 0xff, 0xff, 0xff, 0xff, 0xff
.byte 0xff, 0xff, 0xff, 0xff, 0xff, 0xff, 0xff, 0xff, 0xff, 0xff, 0xff, 0xff, 0xff, 0xff, 0xff, 0xff
.byte 0xff, 0xff, 0xff, 0xff, 0xff, 0xff, 0xff, 0xff, 0xff, 0xff, 0xff, 0xff, 0xff, 0xff, 0xff, 0xff
.byte 0xff, 0xff, 0xff, 0xff, 0xff, 0xff, 0xff, 0xff, 0xff, 0xff, 0xff, 0xff, 0xff, 0xff, 0xff, 0xff
.byte 0xff, 0xff, 0xff, 0xff, 0xff, 0xff, 0xff, 0xff, 0xff, 0xff, 0xff, 0xff, 0xff, 0xff, 0xff, 0xff
.byte 0xff, 0xff, 0xff, 0xff, 0xff, 0xff, 0xff, 0xff, 0xff, 0xff, 0xff, 0xff, 0xff, 0xff, 0xff, 0xff
.byte 0xff, 0xff, 0xff, 0xff, 0xff, 0xff, 0xff, 0xff, 0xff, 0xff, 0xff, 0xff, 0xff, 0xff, 0xff, 0xff
.byte 0xff, 0xff, 0xff, 0xff, 0xff, 0xff, 0xff, 0xff, 0xff, 0xff, 0xff, 0xff, 0xff, 0xff, 0xff, 0xff
.byte 0xff, 0xff, 0xff, 0xff, 0xff, 0xff, 0xff, 0xff, 0xff, 0xff, 0xff, 0xff, 0xff, 0xff, 0xff, 0xff
.byte 0xff, 0xff, 0xff, 0xff, 0xff, 0xff, 0xff, 0xff, 0xff, 0xff, 0xff, 0xff, 0xff, 0xff, 0xff, 0xff
.byte 0xff, 0xff, 0xff, 0xff, 0xff, 0xff, 0xff, 0xff, 0xff, 0xff, 0xff, 0xff, 0xff, 0xff, 0xff, 0xff
.byte 0xff, 0xff, 0xff, 0xff, 0xff, 0xff, 0xff, 0xff, 0xff, 0xff, 0xff, 0xff, 0xff, 0xff, 0xff, 0xff
.byte 0xff, 0xff, 0xff, 0xff, 0xff, 0xff, 0xff, 0xff, 0xff, 0xff, 0xff, 0xff, 0xff, 0xff, 0xff, 0xff
.byte 0xff, 0xff, 0xff, 0xff, 0xff, 0xff, 0xff, 0xff, 0xff, 0xff, 0xff, 0xff, 0xff, 0xff, 0xff, 0xff
.byte 0xff, 0xff, 0xff, 0xff, 0xff, 0xff, 0xff, 0xff, 0xff, 0xff, 0xff, 0xff, 0xff, 0xff, 0xff, 0xff
.byte 0xff, 0xff, 0xff, 0xff, 0xff, 0xff, 0xff, 0xff, 0xff, 0xff, 0xff, 0xff, 0xff, 0xff, 0xff, 0xff
.byte 0xff, 0xff, 0xff, 0xff, 0xff, 0xff, 0xff, 0xff, 0xff, 0xff, 0xff, 0xff, 0xff, 0xff, 0xff, 0xff
.byte 0xff, 0xff, 0xff, 0xff, 0xff, 0xff, 0xff, 0xff, 0xff, 0xff, 0xff, 0xff, 0xff, 0xff, 0xff, 0xff
.byte 0xff, 0xff, 0xff, 0xff, 0xff, 0xff, 0xff, 0xff, 0xff, 0xff, 0xff, 0xff, 0xff, 0xff, 0xff, 0xff
.byte 0xff, 0xff, 0xff, 0xff, 0xff, 0xff, 0xff, 0xff, 0xff, 0xff, 0xff, 0xff, 0xff, 0xff, 0xff, 0xff
.byte 0xff, 0xff, 0xff, 0xff, 0xff, 0xff, 0xff, 0xff, 0xff, 0xff, 0xff, 0xff, 0xff, 0xff, 0xff, 0xff
.byte 0xff, 0xff, 0xff, 0xff, 0xff, 0xff, 0xff, 0xff, 0xff, 0xff, 0xff, 0xff, 0xff, 0xff, 0xff, 0xff
.byte 0xff, 0xff, 0xff, 0xff, 0xff, 0xff, 0xff, 0xff, 0xff, 0xff, 0xff, 0xff, 0xff, 0xff, 0xff, 0xff
.byte 0xff, 0xff, 0xff, 0xff, 0xff, 0xff, 0xff, 0xff, 0xff, 0xff, 0xff, 0xff, 0xff, 0xff, 0xff, 0xff
.byte 0xff, 0xff, 0xff, 0xff, 0xff, 0xff, 0xff, 0xff, 0xff, 0xff, 0xff, 0xff, 0xff, 0xff, 0xff, 0xff
.byte 0xff, 0xff, 0xff, 0xff, 0xff, 0xff, 0xff, 0xff, 0xff, 0xff, 0xff, 0xff, 0xff, 0xff, 0xff, 0xff
.byte 0xff, 0xff, 0xff, 0xff, 0xff, 0xff, 0xff, 0xff, 0xff, 0xff, 0xff, 0xff, 0xff, 0xff, 0xff, 0xff
.byte 0xff, 0xff, 0xff, 0xff, 0xff, 0xff, 0xff, 0xff, 0xff, 0xff, 0xff, 0xff, 0xff, 0xff, 0xff, 0xff
.byte 0xff, 0xff, 0xff, 0xff, 0xff, 0xff, 0xff, 0xff, 0xff, 0xff, 0xff, 0xff, 0xff, 0xff, 0xff, 0xff
.byte 0xff, 0xff, 0xff, 0xff, 0xff, 0xff, 0xff, 0xff, 0xff, 0xff, 0xff, 0xff, 0xff, 0xff, 0xff, 0xff
.byte 0xff, 0xff, 0xff, 0xff, 0xff, 0xff, 0xff, 0xff, 0xff, 0xff, 0xff, 0xff, 0xff, 0xff, 0xff, 0xff
.byte 0xff, 0xff, 0xff, 0xff, 0xff, 0xff, 0xff, 0xff, 0xff, 0xff, 0xff, 0xff, 0xff, 0xff, 0xff, 0xff
.byte 0xff, 0xff, 0xff, 0xff, 0xff, 0xff, 0xff, 0xff, 0xff, 0xff, 0xff, 0xff, 0xff, 0xff, 0xff, 0xff
.byte 0xff, 0xff, 0xff, 0xff, 0xff, 0xff, 0xff, 0xff, 0xff, 0xff, 0xff, 0xff, 0xff, 0xff, 0xff, 0xff
.byte 0xff, 0xff, 0xff, 0xff, 0xff, 0xff, 0xff, 0xff, 0xff, 0xff, 0xff, 0xff, 0xff, 0xff, 0xff, 0xff
.byte 0xff, 0xff, 0xff, 0xff, 0xff, 0xff, 0xff, 0xff, 0xff, 0xff, 0xff, 0xff, 0xff, 0xff, 0xff, 0xff
.byte 0xff, 0xff, 0xff, 0xff, 0xff, 0xff, 0xff, 0xff, 0xff, 0xff, 0xff, 0xff, 0xff, 0xff, 0xff, 0xff
.byte 0xff, 0xff, 0xff, 0xff, 0xff, 0xff, 0xff, 0xff, 0xff, 0xff, 0xff, 0xff, 0xff, 0xff, 0xff, 0xff
.byte 0xff, 0xff, 0xff, 0xff, 0xff, 0xff, 0xff, 0xff, 0xff, 0xff, 0xff, 0xff, 0xff, 0xff, 0xff, 0xff
.byte 0xff, 0xff, 0xff, 0xff, 0xff, 0xff, 0xff, 0xff, 0xff, 0xff, 0xff, 0xff, 0xff, 0xff, 0xff, 0xff
.byte 0xff, 0xff, 0xff, 0xff, 0xff, 0xff, 0xff, 0xff, 0xff, 0xff, 0xff, 0xff, 0xff, 0xff, 0xff, 0xff
.byte 0xff, 0xff, 0xff, 0xff, 0xff, 0xff, 0xff, 0xff, 0xfe, 0xfe, 0xfe, 0xff, 0xfb, 0xfb, 0xfb, 0xff
.byte 0xf4, 0xf4, 0xf4, 0xff, 0xe6, 0xe6, 0xe6, 0xff, 0xcf, 0xcf, 0xcf, 0xff, 0xb1, 0xb1, 0xb1, 0xff
.byte 0x91, 0x91, 0x91, 0xff, 0x74, 0x74, 0x74, 0xfe, 0x61, 0x61, 0x61, 0xf8, 0x53, 0x53, 0x53, 0xe9
.byte 0x4d, 0x4d, 0x4d, 0xc7, 0x4b, 0x4b, 0x4b, 0x92, 0x49, 0x49, 0x49, 0x57, 0x4d, 0x4d, 0x4d, 0x28
.byte 0x49, 0x49, 0x49, 0x0e, 0x55, 0x55, 0x55, 0x03, 0x00, 0x00, 0x00, 0x01, 0x00, 0x00, 0x00, 0x00
.byte 0x00, 0x00, 0x00, 0x00, 0x00, 0x00, 0x00, 0x01, 0x55, 0x55, 0x55, 0x06, 0x4e, 0x4e, 0x4e, 0x17
.byte 0x48, 0x48, 0x48, 0x3c, 0x4b, 0x4b, 0x4b, 0x74, 0x4c, 0x4c, 0x4c, 0xaf, 0x50, 0x50, 0x50, 0xdb
.byte 0x5a, 0x5a, 0x5a, 0xf3, 0x6c, 0x6c, 0x6c, 0xfc, 0x87, 0x87, 0x87, 0xfe, 0xa6, 0xa6, 0xa6, 0xff
.byte 0xc7, 0xc7, 0xc7, 0xff, 0xe1, 0xe1, 0xe1, 0xff, 0xf2, 0xf2, 0xf2, 0xff, 0xfa, 0xfa, 0xfa, 0xff
.byte 0xfe, 0xfe, 0xfe, 0xff, 0xff, 0xff, 0xff, 0xff, 0xff, 0xff, 0xff, 0xff, 0xff, 0xff, 0xff, 0xff
.byte 0xff, 0xff, 0xff, 0xff, 0xff, 0xff, 0xff, 0xff, 0xff, 0xff, 0xff, 0xff, 0xff, 0xff, 0xff, 0xff
.byte 0xff, 0xff, 0xff, 0xff, 0xff, 0xff, 0xff, 0xff, 0xff, 0xff, 0xff, 0xff, 0xff, 0xff, 0xff, 0xff
.byte 0xff, 0xff, 0xff, 0xff, 0xff, 0xff, 0xff, 0xff, 0xff, 0xff, 0xff, 0xff, 0xff, 0xff, 0xff, 0xff
.byte 0xff, 0xff, 0xff, 0xff, 0xff, 0xff, 0xff, 0xff, 0xff, 0xff, 0xff, 0xff, 0xff, 0xff, 0xff, 0xff
.byte 0xff, 0xff, 0xff, 0xff, 0xff, 0xff, 0xff, 0xff, 0xff, 0xff, 0xff, 0xff, 0xff, 0xff, 0xff, 0xff
.byte 0xff, 0xff, 0xff, 0xff, 0xff, 0xff, 0xff, 0xff, 0xff, 0xff, 0xff, 0xff, 0xff, 0xff, 0xff, 0xff
.byte 0xff, 0xff, 0xff, 0xff, 0xff, 0xff, 0xff, 0xff, 0xff, 0xff, 0xff, 0xff, 0xff, 0xff, 0xff, 0xff
.byte 0xff, 0xff, 0xff, 0xff, 0xff, 0xff, 0xff, 0xff, 0xff, 0xff, 0xff, 0xff, 0xff, 0xff, 0xff, 0xff
.byte 0xff, 0xff, 0xff, 0xff, 0xff, 0xff, 0xff, 0xff, 0xff, 0xff, 0xff, 0xff, 0xff, 0xff, 0xff, 0xff
.byte 0xff, 0xff, 0xff, 0xff, 0xff, 0xff, 0xff, 0xff, 0xff, 0xff, 0xff, 0xff, 0xff, 0xff, 0xff, 0xff
.byte 0xff, 0xff, 0xff, 0xff, 0xff, 0xff, 0xff, 0xff, 0xff, 0xff, 0xff, 0xff, 0xff, 0xff, 0xff, 0xff
.byte 0xff, 0xff, 0xff, 0xff, 0xff, 0xff, 0xff, 0xff, 0xff, 0xff, 0xff, 0xff, 0xff, 0xff, 0xff, 0xff
.byte 0xff, 0xff, 0xff, 0xff, 0xff, 0xff, 0xff, 0xff, 0xff, 0xff, 0xff, 0xff, 0xff, 0xff, 0xff, 0xff
.byte 0xff, 0xff, 0xff, 0xff, 0xff, 0xff, 0xff, 0xff, 0xff, 0xff, 0xff, 0xff, 0xff, 0xff, 0xff, 0xff
.byte 0xff, 0xff, 0xff, 0xff, 0xff, 0xff, 0xff, 0xff, 0xff, 0xff, 0xff, 0xff, 0xff, 0xff, 0xff, 0xff
.byte 0xff, 0xff, 0xff, 0xff, 0xff, 0xff, 0xff, 0xff, 0xff, 0xff, 0xff, 0xff, 0xff, 0xff, 0xff, 0xff
.byte 0xff, 0xff, 0xff, 0xff, 0xff, 0xff, 0xff, 0xff, 0xff, 0xff, 0xff, 0xff, 0xff, 0xff, 0xff, 0xff
.byte 0xff, 0xff, 0xff, 0xff, 0xff, 0xff, 0xff, 0xff, 0xff, 0xff, 0xff, 0xff, 0xff, 0xff, 0xff, 0xff
.byte 0xff, 0xff, 0xff, 0xff, 0xff, 0xff, 0xff, 0xff, 0xff, 0xff, 0xff, 0xff, 0xff, 0xff, 0xff, 0xff
.byte 0xff, 0xff, 0xff, 0xff, 0xff, 0xff, 0xff, 0xff, 0xff, 0xff, 0xff, 0xff, 0xff, 0xff, 0xff, 0xff
.byte 0xff, 0xff, 0xff, 0xff, 0xff, 0xff, 0xff, 0xff, 0xff, 0xff, 0xff, 0xff, 0xff, 0xff, 0xff, 0xff
.byte 0xff, 0xff, 0xff, 0xff, 0xff, 0xff, 0xff, 0xff, 0xff, 0xff, 0xff, 0xff, 0xff, 0xff, 0xff, 0xff
.byte 0xff, 0xff, 0xff, 0xff, 0xff, 0xff, 0xff, 0xff, 0xff, 0xff, 0xff, 0xff, 0xff, 0xff, 0xff, 0xff
.byte 0xff, 0xff, 0xff, 0xff, 0xff, 0xff, 0xff, 0xff, 0xff, 0xff, 0xff, 0xff, 0xff, 0xff, 0xff, 0xff
.byte 0xff, 0xff, 0xff, 0xff, 0xff, 0xff, 0xff, 0xff, 0xff, 0xff, 0xff, 0xff, 0xff, 0xff, 0xff, 0xff
.byte 0xff, 0xff, 0xff, 0xff, 0xff, 0xff, 0xff, 0xff, 0xff, 0xff, 0xff, 0xff, 0xff, 0xff, 0xff, 0xff
.byte 0xff, 0xff, 0xff, 0xff, 0xff, 0xff, 0xff, 0xff, 0xff, 0xff, 0xff, 0xff, 0xff, 0xff, 0xff, 0xff
.byte 0xff, 0xff, 0xff, 0xff, 0xff, 0xff, 0xff, 0xff, 0xff, 0xff, 0xff, 0xff, 0xff, 0xff, 0xff, 0xff
.byte 0xff, 0xff, 0xff, 0xff, 0xff, 0xff, 0xff, 0xff, 0xff, 0xff, 0xff, 0xff, 0xff, 0xff, 0xff, 0xff
.byte 0xff, 0xff, 0xff, 0xff, 0xff, 0xff, 0xff, 0xff, 0xff, 0xff, 0xff, 0xff, 0xff, 0xff, 0xff, 0xff
.byte 0xff, 0xff, 0xff, 0xff, 0xff, 0xff, 0xff, 0xff, 0xff, 0xff, 0xff, 0xff, 0xff, 0xff, 0xff, 0xff
.byte 0xff, 0xff, 0xff, 0xff, 0xff, 0xff, 0xff, 0xff, 0xff, 0xff, 0xff, 0xff, 0xff, 0xff, 0xff, 0xff
.byte 0xff, 0xff, 0xff, 0xff, 0xff, 0xff, 0xff, 0xff, 0xff, 0xff, 0xff, 0xff, 0xff, 0xff, 0xff, 0xff
.byte 0xff, 0xff, 0xff, 0xff, 0xff, 0xff, 0xff, 0xff, 0xff, 0xff, 0xff, 0xff, 0xff, 0xff, 0xff, 0xff
.byte 0xff, 0xff, 0xff, 0xff, 0xff, 0xff, 0xff, 0xff, 0xff, 0xff, 0xff, 0xff, 0xff, 0xff, 0xff, 0xff
.byte 0xff, 0xff, 0xff, 0xff, 0xff, 0xff, 0xff, 0xff, 0xff, 0xff, 0xff, 0xff, 0xff, 0xff, 0xff, 0xff
.byte 0xff, 0xff, 0xff, 0xff, 0xff, 0xff, 0xff, 0xff, 0xff, 0xff, 0xff, 0xff, 0xff, 0xff, 0xff, 0xff
.byte 0xff, 0xff, 0xff, 0xff, 0xff, 0xff, 0xff, 0xff, 0xff, 0xff, 0xff, 0xff, 0xff, 0xff, 0xff, 0xff
.byte 0xff, 0xff, 0xff, 0xff, 0xff, 0xff, 0xff, 0xff, 0xff, 0xff, 0xff, 0xff, 0xff, 0xff, 0xff, 0xff
.byte 0xff, 0xff, 0xff, 0xff, 0xff, 0xff, 0xff, 0xff, 0xff, 0xff, 0xff, 0xff, 0xff, 0xff, 0xff, 0xff
.byte 0xff, 0xff, 0xff, 0xff, 0xff, 0xff, 0xff, 0xff, 0xff, 0xff, 0xff, 0xff, 0xff, 0xff, 0xff, 0xff
.byte 0xff, 0xff, 0xff, 0xff, 0xff, 0xff, 0xff, 0xff, 0xff, 0xff, 0xff, 0xff, 0xff, 0xff, 0xff, 0xff
.byte 0xff, 0xff, 0xff, 0xff, 0xff, 0xff, 0xff, 0xff, 0xff, 0xff, 0xff, 0xff, 0xff, 0xff, 0xff, 0xff
.byte 0xff, 0xff, 0xff, 0xff, 0xff, 0xff, 0xff, 0xff, 0xff, 0xff, 0xff, 0xff, 0xff, 0xff, 0xff, 0xff
.byte 0xff, 0xff, 0xff, 0xff, 0xff, 0xff, 0xff, 0xff, 0xff, 0xff, 0xff, 0xff, 0xff, 0xff, 0xff, 0xff
.byte 0xff, 0xff, 0xff, 0xff, 0xff, 0xff, 0xff, 0xff, 0xff, 0xff, 0xff, 0xff, 0xff, 0xff, 0xff, 0xff
.byte 0xff, 0xff, 0xff, 0xff, 0xff, 0xff, 0xff, 0xff, 0xff, 0xff, 0xff, 0xff, 0xff, 0xff, 0xff, 0xff
.byte 0xff, 0xff, 0xff, 0xff, 0xff, 0xff, 0xff, 0xff, 0xff, 0xff, 0xff, 0xff, 0xff, 0xff, 0xff, 0xff
.byte 0xff, 0xff, 0xff, 0xff, 0xff, 0xff, 0xff, 0xff, 0xff, 0xff, 0xff, 0xff, 0xff, 0xff, 0xff, 0xff
.byte 0xff, 0xff, 0xff, 0xff, 0xff, 0xff, 0xff, 0xff, 0xff, 0xff, 0xff, 0xff, 0xff, 0xff, 0xff, 0xff
.byte 0xff, 0xff, 0xff, 0xff, 0xff, 0xff, 0xff, 0xff, 0xff, 0xff, 0xff, 0xff, 0xff, 0xff, 0xff, 0xff
.byte 0xff, 0xff, 0xff, 0xff, 0xff, 0xff, 0xff, 0xff, 0xff, 0xff, 0xff, 0xff, 0xff, 0xff, 0xff, 0xff
.byte 0xff, 0xff, 0xff, 0xff, 0xff, 0xff, 0xff, 0xff, 0xff, 0xff, 0xff, 0xff, 0xff, 0xff, 0xff, 0xff
.byte 0xff, 0xff, 0xff, 0xff, 0xff, 0xff, 0xff, 0xff, 0xff, 0xff, 0xff, 0xff, 0xff, 0xff, 0xff, 0xff
.byte 0xff, 0xff, 0xff, 0xff, 0xff, 0xff, 0xff, 0xff, 0xff, 0xff, 0xff, 0xff, 0xfe, 0xfe, 0xfe, 0xff
.byte 0xfb, 0xfb, 0xfb, 0xff, 0xf2, 0xf2, 0xf2, 0xff, 0xe1, 0xe1, 0xe1, 0xff, 0xc7, 0xc7, 0xc7, 0xff
.byte 0xa6, 0xa6, 0xa6, 0xff, 0x86, 0x86, 0x86, 0xff, 0x6c, 0x6c, 0x6c, 0xfc, 0x5a, 0x5a, 0x5a, 0xf3
.byte 0x50, 0x50, 0x50, 0xdc, 0x4c, 0x4c, 0x4c, 0xaf, 0x4b, 0x4b, 0x4b, 0x74, 0x48, 0x48, 0x48, 0x3c
.byte 0x4e, 0x4e, 0x4e, 0x17, 0x49, 0x49, 0x49, 0x07, 0x00, 0x00, 0x00, 0x01, 0x00, 0x00, 0x00, 0x00
.byte 0x00, 0x00, 0x00, 0x00, 0x80, 0x80, 0x80, 0x02, 0x46, 0x46, 0x46, 0x0b, 0x49, 0x49, 0x49, 0x23
.byte 0x48, 0x48, 0x48, 0x52, 0x4b, 0x4b, 0x4b, 0x8f, 0x4d, 0x4d, 0x4d, 0xc6, 0x54, 0x54, 0x54, 0xea
.byte 0x62, 0x62, 0x62, 0xf9, 0x79, 0x79, 0x79, 0xfe, 0x98, 0x98, 0x98, 0xff, 0xba, 0xba, 0xba, 0xff
.byte 0xd9, 0xd9, 0xd9, 0xff, 0xee, 0xee, 0xee, 0xff, 0xf9, 0xf9, 0xf9, 0xff, 0xfd, 0xfd, 0xfd, 0xff
.byte 0xff, 0xff, 0xff, 0xff, 0xff, 0xff, 0xff, 0xff, 0xff, 0xff, 0xff, 0xff, 0xff, 0xff, 0xff, 0xff
.byte 0xff, 0xff, 0xff, 0xff, 0xff, 0xff, 0xff, 0xff, 0xff, 0xff, 0xff, 0xff, 0xff, 0xff, 0xff, 0xff
.byte 0xff, 0xff, 0xff, 0xff, 0xff, 0xff, 0xff, 0xff, 0xff, 0xff, 0xff, 0xff, 0xff, 0xff, 0xff, 0xff
.byte 0xff, 0xff, 0xff, 0xff, 0xff, 0xff, 0xff, 0xff, 0xff, 0xff, 0xff, 0xff, 0xff, 0xff, 0xff, 0xff
.byte 0xff, 0xff, 0xff, 0xff, 0xff, 0xff, 0xff, 0xff, 0xff, 0xff, 0xff, 0xff, 0xff, 0xff, 0xff, 0xff
.byte 0xff, 0xff, 0xff, 0xff, 0xff, 0xff, 0xff, 0xff, 0xff, 0xff, 0xff, 0xff, 0xff, 0xff, 0xff, 0xff
.byte 0xff, 0xff, 0xff, 0xff, 0xff, 0xff, 0xff, 0xff, 0xff, 0xff, 0xff, 0xff, 0xff, 0xff, 0xff, 0xff
.byte 0xff, 0xff, 0xff, 0xff, 0xff, 0xff, 0xff, 0xff, 0xff, 0xff, 0xff, 0xff, 0xff, 0xff, 0xff, 0xff
.byte 0xff, 0xff, 0xff, 0xff, 0xff, 0xff, 0xff, 0xff, 0xff, 0xff, 0xff, 0xff, 0xff, 0xff, 0xff, 0xff
.byte 0xff, 0xff, 0xff, 0xff, 0xff, 0xff, 0xff, 0xff, 0xff, 0xff, 0xff, 0xff, 0xff, 0xff, 0xff, 0xff
.byte 0xff, 0xff, 0xff, 0xff, 0xff, 0xff, 0xff, 0xff, 0xff, 0xff, 0xff, 0xff, 0xff, 0xff, 0xff, 0xff
.byte 0xff, 0xff, 0xff, 0xff, 0xff, 0xff, 0xff, 0xff, 0xff, 0xff, 0xff, 0xff, 0xff, 0xff, 0xff, 0xff
.byte 0xff, 0xff, 0xff, 0xff, 0xff, 0xff, 0xff, 0xff, 0xff, 0xff, 0xff, 0xff, 0xff, 0xff, 0xff, 0xff
.byte 0xff, 0xff, 0xff, 0xff, 0xff, 0xff, 0xff, 0xff, 0xff, 0xff, 0xff, 0xff, 0xff, 0xff, 0xff, 0xff
.byte 0xff, 0xff, 0xff, 0xff, 0xff, 0xff, 0xff, 0xff, 0xff, 0xff, 0xff, 0xff, 0xff, 0xff, 0xff, 0xff
.byte 0xff, 0xff, 0xff, 0xff, 0xff, 0xff, 0xff, 0xff, 0xff, 0xff, 0xff, 0xff, 0xff, 0xff, 0xff, 0xff
.byte 0xff, 0xff, 0xff, 0xff, 0xff, 0xff, 0xff, 0xff, 0xff, 0xff, 0xff, 0xff, 0xff, 0xff, 0xff, 0xff
.byte 0xff, 0xff, 0xff, 0xff, 0xff, 0xff, 0xff, 0xff, 0xff, 0xff, 0xff, 0xff, 0xff, 0xff, 0xff, 0xff
.byte 0xff, 0xff, 0xff, 0xff, 0xff, 0xff, 0xff, 0xff, 0xff, 0xff, 0xff, 0xff, 0xff, 0xff, 0xff, 0xff
.byte 0xff, 0xff, 0xff, 0xff, 0xff, 0xff, 0xff, 0xff, 0xff, 0xff, 0xff, 0xff, 0xff, 0xff, 0xff, 0xff
.byte 0xff, 0xff, 0xff, 0xff, 0xff, 0xff, 0xff, 0xff, 0xff, 0xff, 0xff, 0xff, 0xff, 0xff, 0xff, 0xff
.byte 0xff, 0xff, 0xff, 0xff, 0xff, 0xff, 0xff, 0xff, 0xff, 0xff, 0xff, 0xff, 0xff, 0xff, 0xff, 0xff
.byte 0xff, 0xff, 0xff, 0xff, 0xff, 0xff, 0xff, 0xff, 0xff, 0xff, 0xff, 0xff, 0xff, 0xff, 0xff, 0xff
.byte 0xff, 0xff, 0xff, 0xff, 0xff, 0xff, 0xff, 0xff, 0xff, 0xff, 0xff, 0xff, 0xff, 0xff, 0xff, 0xff
.byte 0xff, 0xff, 0xff, 0xff, 0xff, 0xff, 0xff, 0xff, 0xff, 0xff, 0xff, 0xff, 0xff, 0xff, 0xff, 0xff
.byte 0xff, 0xff, 0xff, 0xff, 0xff, 0xff, 0xff, 0xff, 0xff, 0xff, 0xff, 0xff, 0xff, 0xff, 0xff, 0xff
.byte 0xff, 0xff, 0xff, 0xff, 0xff, 0xff, 0xff, 0xff, 0xff, 0xff, 0xff, 0xff, 0xff, 0xff, 0xff, 0xff
.byte 0xff, 0xff, 0xff, 0xff, 0xff, 0xff, 0xff, 0xff, 0xff, 0xff, 0xff, 0xff, 0xff, 0xff, 0xff, 0xff
.byte 0xff, 0xff, 0xff, 0xff, 0xff, 0xff, 0xff, 0xff, 0xff, 0xff, 0xff, 0xff, 0xff, 0xff, 0xff, 0xff
.byte 0xff, 0xff, 0xff, 0xff, 0xff, 0xff, 0xff, 0xff, 0xff, 0xff, 0xff, 0xff, 0xff, 0xff, 0xff, 0xff
.byte 0xff, 0xff, 0xff, 0xff, 0xff, 0xff, 0xff, 0xff, 0xff, 0xff, 0xff, 0xff, 0xff, 0xff, 0xff, 0xff
.byte 0xff, 0xff, 0xff, 0xff, 0xff, 0xff, 0xff, 0xff, 0xff, 0xff, 0xff, 0xff, 0xff, 0xff, 0xff, 0xff
.byte 0xff, 0xff, 0xff, 0xff, 0xff, 0xff, 0xff, 0xff, 0xff, 0xff, 0xff, 0xff, 0xff, 0xff, 0xff, 0xff
.byte 0xff, 0xff, 0xff, 0xff, 0xff, 0xff, 0xff, 0xff, 0xff, 0xff, 0xff, 0xff, 0xff, 0xff, 0xff, 0xff
.byte 0xff, 0xff, 0xff, 0xff, 0xff, 0xff, 0xff, 0xff, 0xff, 0xff, 0xff, 0xff, 0xff, 0xff, 0xff, 0xff
.byte 0xff, 0xff, 0xff, 0xff, 0xff, 0xff, 0xff, 0xff, 0xff, 0xff, 0xff, 0xff, 0xff, 0xff, 0xff, 0xff
.byte 0xff, 0xff, 0xff, 0xff, 0xff, 0xff, 0xff, 0xff, 0xff, 0xff, 0xff, 0xff, 0xff, 0xff, 0xff, 0xff
.byte 0xff, 0xff, 0xff, 0xff, 0xff, 0xff, 0xff, 0xff, 0xff, 0xff, 0xff, 0xff, 0xff, 0xff, 0xff, 0xff
.byte 0xff, 0xff, 0xff, 0xff, 0xff, 0xff, 0xff, 0xff, 0xff, 0xff, 0xff, 0xff, 0xff, 0xff, 0xff, 0xff
.byte 0xff, 0xff, 0xff, 0xff, 0xff, 0xff, 0xff, 0xff, 0xff, 0xff, 0xff, 0xff, 0xff, 0xff, 0xff, 0xff
.byte 0xff, 0xff, 0xff, 0xff, 0xff, 0xff, 0xff, 0xff, 0xff, 0xff, 0xff, 0xff, 0xff, 0xff, 0xff, 0xff
.byte 0xff, 0xff, 0xff, 0xff, 0xff, 0xff, 0xff, 0xff, 0xff, 0xff, 0xff, 0xff, 0xff, 0xff, 0xff, 0xff
.byte 0xff, 0xff, 0xff, 0xff, 0xff, 0xff, 0xff, 0xff, 0xff, 0xff, 0xff, 0xff, 0xff, 0xff, 0xff, 0xff
.byte 0xff, 0xff, 0xff, 0xff, 0xff, 0xff, 0xff, 0xff, 0xff, 0xff, 0xff, 0xff, 0xff, 0xff, 0xff, 0xff
.byte 0xff, 0xff, 0xff, 0xff, 0xff, 0xff, 0xff, 0xff, 0xff, 0xff, 0xff, 0xff, 0xff, 0xff, 0xff, 0xff
.byte 0xff, 0xff, 0xff, 0xff, 0xff, 0xff, 0xff, 0xff, 0xff, 0xff, 0xff, 0xff, 0xff, 0xff, 0xff, 0xff
.byte 0xff, 0xff, 0xff, 0xff, 0xff, 0xff, 0xff, 0xff, 0xff, 0xff, 0xff, 0xff, 0xff, 0xff, 0xff, 0xff
.byte 0xff, 0xff, 0xff, 0xff, 0xff, 0xff, 0xff, 0xff, 0xff, 0xff, 0xff, 0xff, 0xff, 0xff, 0xff, 0xff
.byte 0xff, 0xff, 0xff, 0xff, 0xff, 0xff, 0xff, 0xff, 0xff, 0xff, 0xff, 0xff, 0xff, 0xff, 0xff, 0xff
.byte 0xff, 0xff, 0xff, 0xff, 0xff, 0xff, 0xff, 0xff, 0xff, 0xff, 0xff, 0xff, 0xff, 0xff, 0xff, 0xff
.byte 0xff, 0xff, 0xff, 0xff, 0xff, 0xff, 0xff, 0xff, 0xff, 0xff, 0xff, 0xff, 0xff, 0xff, 0xff, 0xff
.byte 0xff, 0xff, 0xff, 0xff, 0xff, 0xff, 0xff, 0xff, 0xff, 0xff, 0xff, 0xff, 0xff, 0xff, 0xff, 0xff
.byte 0xff, 0xff, 0xff, 0xff, 0xff, 0xff, 0xff, 0xff, 0xff, 0xff, 0xff, 0xff, 0xff, 0xff, 0xff, 0xff
.byte 0xff, 0xff, 0xff, 0xff, 0xff, 0xff, 0xff, 0xff, 0xff, 0xff, 0xff, 0xff, 0xff, 0xff, 0xff, 0xff
.byte 0xff, 0xff, 0xff, 0xff, 0xff, 0xff, 0xff, 0xff, 0xff, 0xff, 0xff, 0xff, 0xff, 0xff, 0xff, 0xff
.byte 0xff, 0xff, 0xff, 0xff, 0xff, 0xff, 0xff, 0xff, 0xff, 0xff, 0xff, 0xff, 0xff, 0xff, 0xff, 0xff
.byte 0xfd, 0xfd, 0xfd, 0xff, 0xf9, 0xf9, 0xf9, 0xff, 0xee, 0xee, 0xee, 0xff, 0xd9, 0xd9, 0xd9, 0xff
.byte 0xbb, 0xbb, 0xbb, 0xff, 0x99, 0x99, 0x99, 0xff, 0x79, 0x79, 0x79, 0xfe, 0x63, 0x63, 0x63, 0xf9
.byte 0x54, 0x54, 0x54, 0xea, 0x4d, 0x4d, 0x4d, 0xc7, 0x4b, 0x4b, 0x4b, 0x8f, 0x4b, 0x4b, 0x4b, 0x52
.byte 0x47, 0x47, 0x47, 0x24, 0x46, 0x46, 0x46, 0x0b, 0x55, 0x55, 0x55, 0x03, 0x00, 0x00, 0x00, 0x00
.byte 0x00, 0x00, 0x00, 0x01, 0x40, 0x40, 0x40, 0x04, 0x47, 0x47, 0x47, 0x12, 0x47, 0x47, 0x47, 0x32
.byte 0x49, 0x49, 0x49, 0x69, 0x4b, 0x4b, 0x4b, 0xa7, 0x50, 0x50, 0x50, 0xd8, 0x5b, 0x5b, 0x5b, 0xf2
.byte 0x6d, 0x6d, 0x6d, 0xfc, 0x8a, 0x8a, 0x8a, 0xfe, 0xab, 0xab, 0xab, 0xff, 0xcc, 0xcc, 0xcc, 0xff
.byte 0xe6, 0xe6, 0xe6, 0xff, 0xf5, 0xf5, 0xf5, 0xff, 0xfc, 0xfc, 0xfc, 0xff, 0xfe, 0xfe, 0xfe, 0xff
.byte 0xff, 0xff, 0xff, 0xff, 0xff, 0xff, 0xff, 0xff, 0xff, 0xff, 0xff, 0xff, 0xff, 0xff, 0xff, 0xff
.byte 0xff, 0xff, 0xff, 0xff, 0xff, 0xff, 0xff, 0xff, 0xff, 0xff, 0xff, 0xff, 0xff, 0xff, 0xff, 0xff
.byte 0xff, 0xff, 0xff, 0xff, 0xff, 0xff, 0xff, 0xff, 0xff, 0xff, 0xff, 0xff, 0xff, 0xff, 0xff, 0xff
.byte 0xff, 0xff, 0xff, 0xff, 0xff, 0xff, 0xff, 0xff, 0xff, 0xff, 0xff, 0xff, 0xff, 0xff, 0xff, 0xff
.byte 0xff, 0xff, 0xff, 0xff, 0xff, 0xff, 0xff, 0xff, 0xff, 0xff, 0xff, 0xff, 0xff, 0xff, 0xff, 0xff
.byte 0xff, 0xff, 0xff, 0xff, 0xff, 0xff, 0xff, 0xff, 0xff, 0xff, 0xff, 0xff, 0xff, 0xff, 0xff, 0xff
.byte 0xff, 0xff, 0xff, 0xff, 0xff, 0xff, 0xff, 0xff, 0xff, 0xff, 0xff, 0xff, 0xff, 0xff, 0xff, 0xff
.byte 0xff, 0xff, 0xff, 0xff, 0xff, 0xff, 0xff, 0xff, 0xff, 0xff, 0xff, 0xff, 0xff, 0xff, 0xff, 0xff
.byte 0xff, 0xff, 0xff, 0xff, 0xff, 0xff, 0xff, 0xff, 0xff, 0xff, 0xff, 0xff, 0xff, 0xff, 0xff, 0xff
.byte 0xff, 0xff, 0xff, 0xff, 0xff, 0xff, 0xff, 0xff, 0xff, 0xff, 0xff, 0xff, 0xff, 0xff, 0xff, 0xff
.byte 0xff, 0xff, 0xff, 0xff, 0xff, 0xff, 0xff, 0xff, 0xff, 0xff, 0xff, 0xff, 0xff, 0xff, 0xff, 0xff
.byte 0xff, 0xff, 0xff, 0xff, 0xff, 0xff, 0xff, 0xff, 0xff, 0xff, 0xff, 0xff, 0xff, 0xff, 0xff, 0xff
.byte 0xff, 0xff, 0xff, 0xff, 0xff, 0xff, 0xff, 0xff, 0xff, 0xff, 0xff, 0xff, 0xff, 0xff, 0xff, 0xff
.byte 0xff, 0xff, 0xff, 0xff, 0xff, 0xff, 0xff, 0xff, 0xff, 0xff, 0xff, 0xff, 0xff, 0xff, 0xff, 0xff
.byte 0xff, 0xff, 0xff, 0xff, 0xff, 0xff, 0xff, 0xff, 0xff, 0xff, 0xff, 0xff, 0xff, 0xff, 0xff, 0xff
.byte 0xff, 0xff, 0xff, 0xff, 0xff, 0xff, 0xff, 0xff, 0xff, 0xff, 0xff, 0xff, 0xff, 0xff, 0xff, 0xff
.byte 0xff, 0xff, 0xff, 0xff, 0xff, 0xff, 0xff, 0xff, 0xff, 0xff, 0xff, 0xff, 0xff, 0xff, 0xff, 0xff
.byte 0xff, 0xff, 0xff, 0xff, 0xff, 0xff, 0xff, 0xff, 0xff, 0xff, 0xff, 0xff, 0xff, 0xff, 0xff, 0xff
.byte 0xff, 0xff, 0xff, 0xff, 0xff, 0xff, 0xff, 0xff, 0xff, 0xff, 0xff, 0xff, 0xff, 0xff, 0xff, 0xff
.byte 0xff, 0xff, 0xff, 0xff, 0xff, 0xff, 0xff, 0xff, 0xff, 0xff, 0xff, 0xff, 0xff, 0xff, 0xff, 0xff
.byte 0xff, 0xff, 0xff, 0xff, 0xff, 0xff, 0xff, 0xff, 0xff, 0xff, 0xff, 0xff, 0xff, 0xff, 0xff, 0xff
.byte 0xff, 0xff, 0xff, 0xff, 0xff, 0xff, 0xff, 0xff, 0xff, 0xff, 0xff, 0xff, 0xff, 0xff, 0xff, 0xff
.byte 0xff, 0xff, 0xff, 0xff, 0xff, 0xff, 0xff, 0xff, 0xff, 0xff, 0xff, 0xff, 0xff, 0xff, 0xff, 0xff
.byte 0xff, 0xff, 0xff, 0xff, 0xff, 0xff, 0xff, 0xff, 0xff, 0xff, 0xff, 0xff, 0xff, 0xff, 0xff, 0xff
.byte 0xff, 0xff, 0xff, 0xff, 0xff, 0xff, 0xff, 0xff, 0xff, 0xff, 0xff, 0xff, 0xff, 0xff, 0xff, 0xff
.byte 0xff, 0xff, 0xff, 0xff, 0xff, 0xff, 0xff, 0xff, 0xff, 0xff, 0xff, 0xff, 0xff, 0xff, 0xff, 0xff
.byte 0xff, 0xff, 0xff, 0xff, 0xff, 0xff, 0xff, 0xff, 0xff, 0xff, 0xff, 0xff, 0xff, 0xff, 0xff, 0xff
.byte 0xff, 0xff, 0xff, 0xff, 0xff, 0xff, 0xff, 0xff, 0xff, 0xff, 0xff, 0xff, 0xff, 0xff, 0xff, 0xff
.byte 0xff, 0xff, 0xff, 0xff, 0xff, 0xff, 0xff, 0xff, 0xff, 0xff, 0xff, 0xff, 0xff, 0xff, 0xff, 0xff
.byte 0xff, 0xff, 0xff, 0xff, 0xff, 0xff, 0xff, 0xff, 0xff, 0xff, 0xff, 0xff, 0xff, 0xff, 0xff, 0xff
.byte 0xff, 0xff, 0xff, 0xff, 0xff, 0xff, 0xff, 0xff, 0xff, 0xff, 0xff, 0xff, 0xff, 0xff, 0xff, 0xff
.byte 0xff, 0xff, 0xff, 0xff, 0xff, 0xff, 0xff, 0xff, 0xff, 0xff, 0xff, 0xff, 0xff, 0xff, 0xff, 0xff
.byte 0xff, 0xff, 0xff, 0xff, 0xff, 0xff, 0xff, 0xff, 0xff, 0xff, 0xff, 0xff, 0xff, 0xff, 0xff, 0xff
.byte 0xff, 0xff, 0xff, 0xff, 0xff, 0xff, 0xff, 0xff, 0xff, 0xff, 0xff, 0xff, 0xff, 0xff, 0xff, 0xff
.byte 0xff, 0xff, 0xff, 0xff, 0xff, 0xff, 0xff, 0xff, 0xff, 0xff, 0xff, 0xff, 0xff, 0xff, 0xff, 0xff
.byte 0xff, 0xff, 0xff, 0xff, 0xff, 0xff, 0xff, 0xff, 0xff, 0xff, 0xff, 0xff, 0xff, 0xff, 0xff, 0xff
.byte 0xff, 0xff, 0xff, 0xff, 0xff, 0xff, 0xff, 0xff, 0xff, 0xff, 0xff, 0xff, 0xff, 0xff, 0xff, 0xff
.byte 0xff, 0xff, 0xff, 0xff, 0xff, 0xff, 0xff, 0xff, 0xff, 0xff, 0xff, 0xff, 0xff, 0xff, 0xff, 0xff
.byte 0xff, 0xff, 0xff, 0xff, 0xff, 0xff, 0xff, 0xff, 0xff, 0xff, 0xff, 0xff, 0xff, 0xff, 0xff, 0xff
.byte 0xff, 0xff, 0xff, 0xff, 0xff, 0xff, 0xff, 0xff, 0xff, 0xff, 0xff, 0xff, 0xff, 0xff, 0xff, 0xff
.byte 0xff, 0xff, 0xff, 0xff, 0xff, 0xff, 0xff, 0xff, 0xff, 0xff, 0xff, 0xff, 0xff, 0xff, 0xff, 0xff
.byte 0xff, 0xff, 0xff, 0xff, 0xff, 0xff, 0xff, 0xff, 0xff, 0xff, 0xff, 0xff, 0xff, 0xff, 0xff, 0xff
.byte 0xff, 0xff, 0xff, 0xff, 0xff, 0xff, 0xff, 0xff, 0xff, 0xff, 0xff, 0xff, 0xff, 0xff, 0xff, 0xff
.byte 0xff, 0xff, 0xff, 0xff, 0xff, 0xff, 0xff, 0xff, 0xff, 0xff, 0xff, 0xff, 0xff, 0xff, 0xff, 0xff
.byte 0xff, 0xff, 0xff, 0xff, 0xff, 0xff, 0xff, 0xff, 0xff, 0xff, 0xff, 0xff, 0xff, 0xff, 0xff, 0xff
.byte 0xff, 0xff, 0xff, 0xff, 0xff, 0xff, 0xff, 0xff, 0xff, 0xff, 0xff, 0xff, 0xff, 0xff, 0xff, 0xff
.byte 0xff, 0xff, 0xff, 0xff, 0xff, 0xff, 0xff, 0xff, 0xff, 0xff, 0xff, 0xff, 0xff, 0xff, 0xff, 0xff
.byte 0xff, 0xff, 0xff, 0xff, 0xff, 0xff, 0xff, 0xff, 0xff, 0xff, 0xff, 0xff, 0xff, 0xff, 0xff, 0xff
.byte 0xff, 0xff, 0xff, 0xff, 0xff, 0xff, 0xff, 0xff, 0xff, 0xff, 0xff, 0xff, 0xff, 0xff, 0xff, 0xff
.byte 0xff, 0xff, 0xff, 0xff, 0xff, 0xff, 0xff, 0xff, 0xff, 0xff, 0xff, 0xff, 0xff, 0xff, 0xff, 0xff
.byte 0xff, 0xff, 0xff, 0xff, 0xff, 0xff, 0xff, 0xff, 0xff, 0xff, 0xff, 0xff, 0xff, 0xff, 0xff, 0xff
.byte 0xff, 0xff, 0xff, 0xff, 0xff, 0xff, 0xff, 0xff, 0xff, 0xff, 0xff, 0xff, 0xff, 0xff, 0xff, 0xff
.byte 0xff, 0xff, 0xff, 0xff, 0xff, 0xff, 0xff, 0xff, 0xff, 0xff, 0xff, 0xff, 0xff, 0xff, 0xff, 0xff
.byte 0xff, 0xff, 0xff, 0xff, 0xff, 0xff, 0xff, 0xff, 0xff, 0xff, 0xff, 0xff, 0xff, 0xff, 0xff, 0xff
.byte 0xff, 0xff, 0xff, 0xff, 0xff, 0xff, 0xff, 0xff, 0xff, 0xff, 0xff, 0xff, 0xff, 0xff, 0xff, 0xff
.byte 0xff, 0xff, 0xff, 0xff, 0xff, 0xff, 0xff, 0xff, 0xff, 0xff, 0xff, 0xff, 0xff, 0xff, 0xff, 0xff
.byte 0xfe, 0xfe, 0xfe, 0xff, 0xfc, 0xfc, 0xfc, 0xff, 0xf6, 0xf6, 0xf6, 0xff, 0xe6, 0xe6, 0xe6, 0xff
.byte 0xcc, 0xcc, 0xcc, 0xff, 0xab, 0xab, 0xab, 0xff, 0x89, 0x89, 0x89, 0xff, 0x6d, 0x6d, 0x6d, 0xfc
.byte 0x5b, 0x5b, 0x5b, 0xf2, 0x50, 0x50, 0x50, 0xd8, 0x4b, 0x4b, 0x4b, 0xa7, 0x49, 0x49, 0x49, 0x69
.byte 0x46, 0x46, 0x46, 0x33, 0x47, 0x47, 0x47, 0x12, 0x40, 0x40, 0x40, 0x04, 0x00, 0x00, 0x00, 0x01
.byte 0x00, 0x00, 0x00, 0x01, 0x49, 0x49, 0x49, 0x07, 0x47, 0x47, 0x47, 0x19, 0x49, 0x49, 0x49, 0x42
.byte 0x4b, 0x4b, 0x4b, 0x7e, 0x4c, 0x4c, 0x4c, 0xbb, 0x54, 0x54, 0x54, 0xe4, 0x61, 0x61, 0x61, 0xf7
.byte 0x79, 0x79, 0x79, 0xfd, 0x98, 0x98, 0x98, 0xff, 0xbc, 0xbc, 0xbc, 0xff, 0xdb, 0xdb, 0xdb, 0xff
.byte 0xf0, 0xf0, 0xf0, 0xff, 0xfa, 0xfa, 0xfa, 0xff, 0xfe, 0xfe, 0xfe, 0xff, 0xff, 0xff, 0xff, 0xff
.byte 0xff, 0xff, 0xff, 0xff, 0xff, 0xff, 0xff, 0xff, 0xff, 0xff, 0xff, 0xff, 0xff, 0xff, 0xff, 0xff
.byte 0xff, 0xff, 0xff, 0xff, 0xff, 0xff, 0xff, 0xff, 0xff, 0xff, 0xff, 0xff, 0xff, 0xff, 0xff, 0xff
.byte 0xff, 0xff, 0xff, 0xff, 0xff, 0xff, 0xff, 0xff, 0xff, 0xff, 0xff, 0xff, 0xff, 0xff, 0xff, 0xff
.byte 0xff, 0xff, 0xff, 0xff, 0xff, 0xff, 0xff, 0xff, 0xff, 0xff, 0xff, 0xff, 0xff, 0xff, 0xff, 0xff
.byte 0xff, 0xff, 0xff, 0xff, 0xff, 0xff, 0xff, 0xff, 0xff, 0xff, 0xff, 0xff, 0xff, 0xff, 0xff, 0xff
.byte 0xff, 0xff, 0xff, 0xff, 0xff, 0xff, 0xff, 0xff, 0xff, 0xff, 0xff, 0xff, 0xff, 0xff, 0xff, 0xff
.byte 0xff, 0xff, 0xff, 0xff, 0xff, 0xff, 0xff, 0xff, 0xff, 0xff, 0xff, 0xff, 0xff, 0xff, 0xff, 0xff
.byte 0xff, 0xff, 0xff, 0xff, 0xff, 0xff, 0xff, 0xff, 0xff, 0xff, 0xff, 0xff, 0xff, 0xff, 0xff, 0xff
.byte 0xff, 0xff, 0xff, 0xff, 0xff, 0xff, 0xff, 0xff, 0xff, 0xff, 0xff, 0xff, 0xff, 0xff, 0xff, 0xff
.byte 0xff, 0xff, 0xff, 0xff, 0xff, 0xff, 0xff, 0xff, 0xff, 0xff, 0xff, 0xff, 0xff, 0xff, 0xff, 0xff
.byte 0xff, 0xff, 0xff, 0xff, 0xff, 0xff, 0xff, 0xff, 0xff, 0xff, 0xff, 0xff, 0xff, 0xff, 0xff, 0xff
.byte 0xff, 0xff, 0xff, 0xff, 0xff, 0xff, 0xff, 0xff, 0xff, 0xff, 0xff, 0xff, 0xff, 0xff, 0xff, 0xff
.byte 0xff, 0xff, 0xff, 0xff, 0xff, 0xff, 0xff, 0xff, 0xff, 0xff, 0xff, 0xff, 0xff, 0xff, 0xff, 0xff
.byte 0xff, 0xff, 0xff, 0xff, 0xff, 0xff, 0xff, 0xff, 0xff, 0xff, 0xff, 0xff, 0xff, 0xff, 0xff, 0xff
.byte 0xff, 0xff, 0xff, 0xff, 0xff, 0xff, 0xff, 0xff, 0xff, 0xff, 0xff, 0xff, 0xff, 0xff, 0xff, 0xff
.byte 0xff, 0xff, 0xff, 0xff, 0xff, 0xff, 0xff, 0xff, 0xff, 0xff, 0xff, 0xff, 0xff, 0xff, 0xff, 0xff
.byte 0xff, 0xff, 0xff, 0xff, 0xff, 0xff, 0xff, 0xff, 0xff, 0xff, 0xff, 0xff, 0xff, 0xff, 0xff, 0xff
.byte 0xff, 0xff, 0xff, 0xff, 0xff, 0xff, 0xff, 0xff, 0xff, 0xff, 0xff, 0xff, 0xff, 0xff, 0xff, 0xff
.byte 0xff, 0xff, 0xff, 0xff, 0xff, 0xff, 0xff, 0xff, 0xff, 0xff, 0xff, 0xff, 0xff, 0xff, 0xff, 0xff
.byte 0xff, 0xff, 0xff, 0xff, 0xff, 0xff, 0xff, 0xff, 0xff, 0xff, 0xff, 0xff, 0xff, 0xff, 0xff, 0xff
.byte 0xff, 0xff, 0xff, 0xff, 0xff, 0xff, 0xff, 0xff, 0xff, 0xff, 0xff, 0xff, 0xff, 0xff, 0xff, 0xff
.byte 0xff, 0xff, 0xff, 0xff, 0xff, 0xff, 0xff, 0xff, 0xff, 0xff, 0xff, 0xff, 0xff, 0xff, 0xff, 0xff
.byte 0xff, 0xff, 0xff, 0xff, 0xff, 0xff, 0xff, 0xff, 0xff, 0xff, 0xff, 0xff, 0xff, 0xff, 0xff, 0xff
.byte 0xff, 0xff, 0xff, 0xff, 0xff, 0xff, 0xff, 0xff, 0xff, 0xff, 0xff, 0xff, 0xff, 0xff, 0xff, 0xff
.byte 0xff, 0xff, 0xff, 0xff, 0xff, 0xff, 0xff, 0xff, 0xff, 0xff, 0xff, 0xff, 0xff, 0xff, 0xff, 0xff
.byte 0xff, 0xff, 0xff, 0xff, 0xff, 0xff, 0xff, 0xff, 0xff, 0xff, 0xff, 0xff, 0xff, 0xff, 0xff, 0xff
.byte 0xff, 0xff, 0xff, 0xff, 0xff, 0xff, 0xff, 0xff, 0xff, 0xff, 0xff, 0xff, 0xff, 0xff, 0xff, 0xff
.byte 0xff, 0xff, 0xff, 0xff, 0xff, 0xff, 0xff, 0xff, 0xff, 0xff, 0xff, 0xff, 0xff, 0xff, 0xff, 0xff
.byte 0xff, 0xff, 0xff, 0xff, 0xff, 0xff, 0xff, 0xff, 0xff, 0xff, 0xff, 0xff, 0xff, 0xff, 0xff, 0xff
.byte 0xff, 0xff, 0xff, 0xff, 0xff, 0xff, 0xff, 0xff, 0xff, 0xff, 0xff, 0xff, 0xff, 0xff, 0xff, 0xff
.byte 0xff, 0xff, 0xff, 0xff, 0xff, 0xff, 0xff, 0xff, 0xff, 0xff, 0xff, 0xff, 0xff, 0xff, 0xff, 0xff
.byte 0xff, 0xff, 0xff, 0xff, 0xff, 0xff, 0xff, 0xff, 0xff, 0xff, 0xff, 0xff, 0xff, 0xff, 0xff, 0xff
.byte 0xff, 0xff, 0xff, 0xff, 0xff, 0xff, 0xff, 0xff, 0xff, 0xff, 0xff, 0xff, 0xff, 0xff, 0xff, 0xff
.byte 0xff, 0xff, 0xff, 0xff, 0xff, 0xff, 0xff, 0xff, 0xff, 0xff, 0xff, 0xff, 0xff, 0xff, 0xff, 0xff
.byte 0xff, 0xff, 0xff, 0xff, 0xff, 0xff, 0xff, 0xff, 0xff, 0xff, 0xff, 0xff, 0xff, 0xff, 0xff, 0xff
.byte 0xff, 0xff, 0xff, 0xff, 0xff, 0xff, 0xff, 0xff, 0xff, 0xff, 0xff, 0xff, 0xff, 0xff, 0xff, 0xff
.byte 0xff, 0xff, 0xff, 0xff, 0xff, 0xff, 0xff, 0xff, 0xff, 0xff, 0xff, 0xff, 0xff, 0xff, 0xff, 0xff
.byte 0xff, 0xff, 0xff, 0xff, 0xff, 0xff, 0xff, 0xff, 0xff, 0xff, 0xff, 0xff, 0xff, 0xff, 0xff, 0xff
.byte 0xff, 0xff, 0xff, 0xff, 0xff, 0xff, 0xff, 0xff, 0xff, 0xff, 0xff, 0xff, 0xff, 0xff, 0xff, 0xff
.byte 0xff, 0xff, 0xff, 0xff, 0xff, 0xff, 0xff, 0xff, 0xff, 0xff, 0xff, 0xff, 0xff, 0xff, 0xff, 0xff
.byte 0xff, 0xff, 0xff, 0xff, 0xff, 0xff, 0xff, 0xff, 0xff, 0xff, 0xff, 0xff, 0xff, 0xff, 0xff, 0xff
.byte 0xff, 0xff, 0xff, 0xff, 0xff, 0xff, 0xff, 0xff, 0xff, 0xff, 0xff, 0xff, 0xff, 0xff, 0xff, 0xff
.byte 0xff, 0xff, 0xff, 0xff, 0xff, 0xff, 0xff, 0xff, 0xff, 0xff, 0xff, 0xff, 0xff, 0xff, 0xff, 0xff
.byte 0xff, 0xff, 0xff, 0xff, 0xff, 0xff, 0xff, 0xff, 0xff, 0xff, 0xff, 0xff, 0xff, 0xff, 0xff, 0xff
.byte 0xff, 0xff, 0xff, 0xff, 0xff, 0xff, 0xff, 0xff, 0xff, 0xff, 0xff, 0xff, 0xff, 0xff, 0xff, 0xff
.byte 0xff, 0xff, 0xff, 0xff, 0xff, 0xff, 0xff, 0xff, 0xff, 0xff, 0xff, 0xff, 0xff, 0xff, 0xff, 0xff
.byte 0xff, 0xff, 0xff, 0xff, 0xff, 0xff, 0xff, 0xff, 0xff, 0xff, 0xff, 0xff, 0xff, 0xff, 0xff, 0xff
.byte 0xff, 0xff, 0xff, 0xff, 0xff, 0xff, 0xff, 0xff, 0xff, 0xff, 0xff, 0xff, 0xff, 0xff, 0xff, 0xff
.byte 0xff, 0xff, 0xff, 0xff, 0xff, 0xff, 0xff, 0xff, 0xff, 0xff, 0xff, 0xff, 0xff, 0xff, 0xff, 0xff
.byte 0xff, 0xff, 0xff, 0xff, 0xff, 0xff, 0xff, 0xff, 0xff, 0xff, 0xff, 0xff, 0xff, 0xff, 0xff, 0xff
.byte 0xff, 0xff, 0xff, 0xff, 0xff, 0xff, 0xff, 0xff, 0xff, 0xff, 0xff, 0xff, 0xff, 0xff, 0xff, 0xff
.byte 0xff, 0xff, 0xff, 0xff, 0xff, 0xff, 0xff, 0xff, 0xff, 0xff, 0xff, 0xff, 0xff, 0xff, 0xff, 0xff
.byte 0xff, 0xff, 0xff, 0xff, 0xff, 0xff, 0xff, 0xff, 0xff, 0xff, 0xff, 0xff, 0xff, 0xff, 0xff, 0xff
.byte 0xff, 0xff, 0xff, 0xff, 0xff, 0xff, 0xff, 0xff, 0xff, 0xff, 0xff, 0xff, 0xff, 0xff, 0xff, 0xff
.byte 0xff, 0xff, 0xff, 0xff, 0xff, 0xff, 0xff, 0xff, 0xff, 0xff, 0xff, 0xff, 0xff, 0xff, 0xff, 0xff
.byte 0xff, 0xff, 0xff, 0xff, 0xff, 0xff, 0xff, 0xff, 0xff, 0xff, 0xff, 0xff, 0xff, 0xff, 0xff, 0xff
.byte 0xff, 0xff, 0xff, 0xff, 0xfe, 0xfe, 0xfe, 0xff, 0xfa, 0xfa, 0xfa, 0xff, 0xf0, 0xf0, 0xf0, 0xff
.byte 0xdb, 0xdb, 0xdb, 0xff, 0xbc, 0xbc, 0xbc, 0xff, 0x99, 0x99, 0x99, 0xff, 0x78, 0x78, 0x78, 0xfe
.byte 0x62, 0x62, 0x62, 0xf8, 0x54, 0x54, 0x54, 0xe4, 0x4c, 0x4c, 0x4c, 0xbb, 0x4a, 0x4a, 0x4a, 0x7f
.byte 0x49, 0x49, 0x49, 0x42, 0x47, 0x47, 0x47, 0x19, 0x49, 0x49, 0x49, 0x07, 0x00, 0x00, 0x00, 0x01
.byte 0x80, 0x80, 0x80, 0x02, 0x4d, 0x4d, 0x4d, 0x0a, 0x4b, 0x4b, 0x4b, 0x22, 0x4c, 0x4c, 0x4c, 0x51
.byte 0x4c, 0x4c, 0x4c, 0x91, 0x4e, 0x4e, 0x4e, 0xca, 0x58, 0x58, 0x58, 0xec, 0x69, 0x69, 0x69, 0xfa
.byte 0x85, 0x85, 0x85, 0xfe, 0xa7, 0xa7, 0xa7, 0xff, 0xcb, 0xcb, 0xcb, 0xff, 0xe6, 0xe6, 0xe6, 0xff
.byte 0xf6, 0xf6, 0xf6, 0xff, 0xfd, 0xfd, 0xfd, 0xff, 0xff, 0xff, 0xff, 0xff, 0xff, 0xff, 0xff, 0xff
.byte 0xff, 0xff, 0xff, 0xff, 0xff, 0xff, 0xff, 0xff, 0xff, 0xff, 0xff, 0xff, 0xff, 0xff, 0xff, 0xff
.byte 0xff, 0xff, 0xff, 0xff, 0xff, 0xff, 0xff, 0xff, 0xff, 0xff, 0xff, 0xff, 0xff, 0xff, 0xff, 0xff
.byte 0xff, 0xff, 0xff, 0xff, 0xff, 0xff, 0xff, 0xff, 0xff, 0xff, 0xff, 0xff, 0xff, 0xff, 0xff, 0xff
.byte 0xff, 0xff, 0xff, 0xff, 0xff, 0xff, 0xff, 0xff, 0xff, 0xff, 0xff, 0xff, 0xff, 0xff, 0xff, 0xff
.byte 0xff, 0xff, 0xff, 0xff, 0xff, 0xff, 0xff, 0xff, 0xff, 0xff, 0xff, 0xff, 0xff, 0xff, 0xff, 0xff
.byte 0xff, 0xff, 0xff, 0xff, 0xff, 0xff, 0xff, 0xff, 0xff, 0xff, 0xff, 0xff, 0xff, 0xff, 0xff, 0xff
.byte 0xff, 0xff, 0xff, 0xff, 0xff, 0xff, 0xff, 0xff, 0xff, 0xff, 0xff, 0xff, 0xff, 0xff, 0xff, 0xff
.byte 0xff, 0xff, 0xff, 0xff, 0xff, 0xff, 0xff, 0xff, 0xff, 0xff, 0xff, 0xff, 0xff, 0xff, 0xff, 0xff
.byte 0xff, 0xff, 0xff, 0xff, 0xff, 0xff, 0xff, 0xff, 0xff, 0xff, 0xff, 0xff, 0xff, 0xff, 0xff, 0xff
.byte 0xff, 0xff, 0xff, 0xff, 0xff, 0xff, 0xff, 0xff, 0xff, 0xff, 0xff, 0xff, 0xff, 0xff, 0xff, 0xff
.byte 0xff, 0xff, 0xff, 0xff, 0xff, 0xff, 0xff, 0xff, 0xff, 0xff, 0xff, 0xff, 0xff, 0xff, 0xff, 0xff
.byte 0xff, 0xff, 0xff, 0xff, 0xff, 0xff, 0xff, 0xff, 0xff, 0xff, 0xff, 0xff, 0xff, 0xff, 0xff, 0xff
.byte 0xff, 0xff, 0xff, 0xff, 0xff, 0xff, 0xff, 0xff, 0xff, 0xff, 0xff, 0xff, 0xff, 0xff, 0xff, 0xff
.byte 0xff, 0xff, 0xff, 0xff, 0xff, 0xff, 0xff, 0xff, 0xff, 0xff, 0xff, 0xff, 0xff, 0xff, 0xff, 0xff
.byte 0xff, 0xff, 0xff, 0xff, 0xff, 0xff, 0xff, 0xff, 0xff, 0xff, 0xff, 0xff, 0xff, 0xff, 0xff, 0xff
.byte 0xff, 0xff, 0xff, 0xff, 0xff, 0xff, 0xff, 0xff, 0xff, 0xff, 0xff, 0xff, 0xff, 0xff, 0xff, 0xff
.byte 0xff, 0xff, 0xff, 0xff, 0xff, 0xff, 0xff, 0xff, 0xff, 0xff, 0xff, 0xff, 0xff, 0xff, 0xff, 0xff
.byte 0xff, 0xff, 0xff, 0xff, 0xff, 0xff, 0xff, 0xff, 0xff, 0xff, 0xff, 0xff, 0xff, 0xff, 0xff, 0xff
.byte 0xff, 0xff, 0xff, 0xff, 0xff, 0xff, 0xff, 0xff, 0xff, 0xff, 0xff, 0xff, 0xff, 0xff, 0xff, 0xff
.byte 0xff, 0xff, 0xff, 0xff, 0xff, 0xff, 0xff, 0xff, 0xff, 0xff, 0xff, 0xff, 0xff, 0xff, 0xff, 0xff
.byte 0xff, 0xff, 0xff, 0xff, 0xff, 0xff, 0xff, 0xff, 0xff, 0xff, 0xff, 0xff, 0xff, 0xff, 0xff, 0xff
.byte 0xff, 0xff, 0xff, 0xff, 0xff, 0xff, 0xff, 0xff, 0xff, 0xff, 0xff, 0xff, 0xff, 0xff, 0xff, 0xff
.byte 0xff, 0xff, 0xff, 0xff, 0xff, 0xff, 0xff, 0xff, 0xff, 0xff, 0xff, 0xff, 0xff, 0xff, 0xff, 0xff
.byte 0xff, 0xff, 0xff, 0xff, 0xff, 0xff, 0xff, 0xff, 0xff, 0xff, 0xff, 0xff, 0xff, 0xff, 0xff, 0xff
.byte 0xff, 0xff, 0xff, 0xff, 0xff, 0xff, 0xff, 0xff, 0xff, 0xff, 0xff, 0xff, 0xff, 0xff, 0xff, 0xff
.byte 0xff, 0xff, 0xff, 0xff, 0xff, 0xff, 0xff, 0xff, 0xff, 0xff, 0xff, 0xff, 0xff, 0xff, 0xff, 0xff
.byte 0xff, 0xff, 0xff, 0xff, 0xff, 0xff, 0xff, 0xff, 0xff, 0xff, 0xff, 0xff, 0xff, 0xff, 0xff, 0xff
.byte 0xff, 0xff, 0xff, 0xff, 0xff, 0xff, 0xff, 0xff, 0xff, 0xff, 0xff, 0xff, 0xff, 0xff, 0xff, 0xff
.byte 0xff, 0xff, 0xff, 0xff, 0xff, 0xff, 0xff, 0xff, 0xff, 0xff, 0xff, 0xff, 0xff, 0xff, 0xff, 0xff
.byte 0xff, 0xff, 0xff, 0xff, 0xff, 0xff, 0xff, 0xff, 0xff, 0xff, 0xff, 0xff, 0xff, 0xff, 0xff, 0xff
.byte 0xff, 0xff, 0xff, 0xff, 0xff, 0xff, 0xff, 0xff, 0xff, 0xff, 0xff, 0xff, 0xff, 0xff, 0xff, 0xff
.byte 0xff, 0xff, 0xff, 0xff, 0xff, 0xff, 0xff, 0xff, 0xff, 0xff, 0xff, 0xff, 0xff, 0xff, 0xff, 0xff
.byte 0xff, 0xff, 0xff, 0xff, 0xff, 0xff, 0xff, 0xff, 0xff, 0xff, 0xff, 0xff, 0xff, 0xff, 0xff, 0xff
.byte 0xff, 0xff, 0xff, 0xff, 0xff, 0xff, 0xff, 0xff, 0xff, 0xff, 0xff, 0xff, 0xff, 0xff, 0xff, 0xff
.byte 0xff, 0xff, 0xff, 0xff, 0xff, 0xff, 0xff, 0xff, 0xff, 0xff, 0xff, 0xff, 0xff, 0xff, 0xff, 0xff
.byte 0xff, 0xff, 0xff, 0xff, 0xff, 0xff, 0xff, 0xff, 0xff, 0xff, 0xff, 0xff, 0xff, 0xff, 0xff, 0xff
.byte 0xff, 0xff, 0xff, 0xff, 0xff, 0xff, 0xff, 0xff, 0xff, 0xff, 0xff, 0xff, 0xff, 0xff, 0xff, 0xff
.byte 0xff, 0xff, 0xff, 0xff, 0xff, 0xff, 0xff, 0xff, 0xff, 0xff, 0xff, 0xff, 0xff, 0xff, 0xff, 0xff
.byte 0xff, 0xff, 0xff, 0xff, 0xff, 0xff, 0xff, 0xff, 0xff, 0xff, 0xff, 0xff, 0xff, 0xff, 0xff, 0xff
.byte 0xff, 0xff, 0xff, 0xff, 0xff, 0xff, 0xff, 0xff, 0xff, 0xff, 0xff, 0xff, 0xff, 0xff, 0xff, 0xff
.byte 0xff, 0xff, 0xff, 0xff, 0xff, 0xff, 0xff, 0xff, 0xff, 0xff, 0xff, 0xff, 0xff, 0xff, 0xff, 0xff
.byte 0xff, 0xff, 0xff, 0xff, 0xff, 0xff, 0xff, 0xff, 0xff, 0xff, 0xff, 0xff, 0xff, 0xff, 0xff, 0xff
.byte 0xff, 0xff, 0xff, 0xff, 0xff, 0xff, 0xff, 0xff, 0xff, 0xff, 0xff, 0xff, 0xff, 0xff, 0xff, 0xff
.byte 0xff, 0xff, 0xff, 0xff, 0xff, 0xff, 0xff, 0xff, 0xff, 0xff, 0xff, 0xff, 0xff, 0xff, 0xff, 0xff
.byte 0xff, 0xff, 0xff, 0xff, 0xff, 0xff, 0xff, 0xff, 0xff, 0xff, 0xff, 0xff, 0xff, 0xff, 0xff, 0xff
.byte 0xff, 0xff, 0xff, 0xff, 0xff, 0xff, 0xff, 0xff, 0xff, 0xff, 0xff, 0xff, 0xff, 0xff, 0xff, 0xff
.byte 0xff, 0xff, 0xff, 0xff, 0xff, 0xff, 0xff, 0xff, 0xff, 0xff, 0xff, 0xff, 0xff, 0xff, 0xff, 0xff
.byte 0xff, 0xff, 0xff, 0xff, 0xff, 0xff, 0xff, 0xff, 0xff, 0xff, 0xff, 0xff, 0xff, 0xff, 0xff, 0xff
.byte 0xff, 0xff, 0xff, 0xff, 0xff, 0xff, 0xff, 0xff, 0xff, 0xff, 0xff, 0xff, 0xff, 0xff, 0xff, 0xff
.byte 0xff, 0xff, 0xff, 0xff, 0xff, 0xff, 0xff, 0xff, 0xff, 0xff, 0xff, 0xff, 0xff, 0xff, 0xff, 0xff
.byte 0xff, 0xff, 0xff, 0xff, 0xff, 0xff, 0xff, 0xff, 0xff, 0xff, 0xff, 0xff, 0xff, 0xff, 0xff, 0xff
.byte 0xff, 0xff, 0xff, 0xff, 0xff, 0xff, 0xff, 0xff, 0xff, 0xff, 0xff, 0xff, 0xff, 0xff, 0xff, 0xff
.byte 0xff, 0xff, 0xff, 0xff, 0xff, 0xff, 0xff, 0xff, 0xff, 0xff, 0xff, 0xff, 0xff, 0xff, 0xff, 0xff
.byte 0xff, 0xff, 0xff, 0xff, 0xff, 0xff, 0xff, 0xff, 0xff, 0xff, 0xff, 0xff, 0xff, 0xff, 0xff, 0xff
.byte 0xff, 0xff, 0xff, 0xff, 0xff, 0xff, 0xff, 0xff, 0xff, 0xff, 0xff, 0xff, 0xff, 0xff, 0xff, 0xff
.byte 0xff, 0xff, 0xff, 0xff, 0xff, 0xff, 0xff, 0xff, 0xff, 0xff, 0xff, 0xff, 0xff, 0xff, 0xff, 0xff
.byte 0xff, 0xff, 0xff, 0xff, 0xff, 0xff, 0xff, 0xff, 0xfd, 0xfd, 0xfd, 0xff, 0xf6, 0xf6, 0xf6, 0xff
.byte 0xe6, 0xe6, 0xe6, 0xff, 0xcb, 0xcb, 0xcb, 0xff, 0xa7, 0xa7, 0xa7, 0xff, 0x85, 0x85, 0x85, 0xfe
.byte 0x69, 0x69, 0x69, 0xfb, 0x57, 0x57, 0x57, 0xed, 0x50, 0x50, 0x50, 0xca, 0x4b, 0x4b, 0x4b, 0x92
.byte 0x4b, 0x4b, 0x4b, 0x52, 0x4b, 0x4b, 0x4b, 0x22, 0x4d, 0x4d, 0x4d, 0x0a, 0x80, 0x80, 0x80, 0x02
.byte 0x55, 0x55, 0x55, 0x03, 0x4e, 0x4e, 0x4e, 0x0d, 0x4b, 0x4b, 0x4b, 0x29, 0x49, 0x49, 0x49, 0x5e
.byte 0x4b, 0x4b, 0x4b, 0xa0, 0x51, 0x51, 0x51, 0xd5, 0x5d, 0x5d, 0x5d, 0xf2, 0x71, 0x71, 0x71, 0xfc
.byte 0x91, 0x91, 0x91, 0xff, 0xb5, 0xb5, 0xb5, 0xff, 0xd7, 0xd7, 0xd7, 0xff, 0xee, 0xee, 0xee, 0xff
.byte 0xfa, 0xfa, 0xfa, 0xff, 0xfe, 0xfe, 0xfe, 0xff, 0xff, 0xff, 0xff, 0xff, 0xff, 0xff, 0xff, 0xff
.byte 0xff, 0xff, 0xff, 0xff, 0xff, 0xff, 0xff, 0xff, 0xff, 0xff, 0xff, 0xff, 0xff, 0xff, 0xff, 0xff
.byte 0xff, 0xff, 0xff, 0xff, 0xff, 0xff, 0xff, 0xff, 0xff, 0xff, 0xff, 0xff, 0xff, 0xff, 0xff, 0xff
.byte 0xff, 0xff, 0xff, 0xff, 0xff, 0xff, 0xff, 0xff, 0xff, 0xff, 0xff, 0xff, 0xff, 0xff, 0xff, 0xff
.byte 0xff, 0xff, 0xff, 0xff, 0xff, 0xff, 0xff, 0xff, 0xff, 0xff, 0xff, 0xff, 0xff, 0xff, 0xff, 0xff
.byte 0xff, 0xff, 0xff, 0xff, 0xff, 0xff, 0xff, 0xff, 0xff, 0xff, 0xff, 0xff, 0xff, 0xff, 0xff, 0xff
.byte 0xff, 0xff, 0xff, 0xff, 0xff, 0xff, 0xff, 0xff, 0xff, 0xff, 0xff, 0xff, 0xff, 0xff, 0xff, 0xff
.byte 0xff, 0xff, 0xff, 0xff, 0xff, 0xff, 0xff, 0xff, 0xff, 0xff, 0xff, 0xff, 0xff, 0xff, 0xff, 0xff
.byte 0xff, 0xff, 0xff, 0xff, 0xff, 0xff, 0xff, 0xff, 0xff, 0xff, 0xff, 0xff, 0xff, 0xff, 0xff, 0xff
.byte 0xff, 0xff, 0xff, 0xff, 0xff, 0xff, 0xff, 0xff, 0xff, 0xff, 0xff, 0xff, 0xff, 0xff, 0xff, 0xff
.byte 0xff, 0xff, 0xff, 0xff, 0xff, 0xff, 0xff, 0xff, 0xff, 0xff, 0xff, 0xff, 0xff, 0xff, 0xff, 0xff
.byte 0xff, 0xff, 0xff, 0xff, 0xff, 0xff, 0xff, 0xff, 0xff, 0xff, 0xff, 0xff, 0xff, 0xff, 0xff, 0xff
.byte 0xff, 0xff, 0xff, 0xff, 0xff, 0xff, 0xff, 0xff, 0xff, 0xff, 0xff, 0xff, 0xff, 0xff, 0xff, 0xff
.byte 0xff, 0xff, 0xff, 0xff, 0xff, 0xff, 0xff, 0xff, 0xff, 0xff, 0xff, 0xff, 0xff, 0xff, 0xff, 0xff
.byte 0xff, 0xff, 0xff, 0xff, 0xff, 0xff, 0xff, 0xff, 0xff, 0xff, 0xff, 0xff, 0xff, 0xff, 0xff, 0xff
.byte 0xff, 0xff, 0xff, 0xff, 0xff, 0xff, 0xff, 0xff, 0xff, 0xff, 0xff, 0xff, 0xff, 0xff, 0xff, 0xff
.byte 0xff, 0xff, 0xff, 0xff, 0xff, 0xff, 0xff, 0xff, 0xff, 0xff, 0xff, 0xff, 0xff, 0xff, 0xff, 0xff
.byte 0xff, 0xff, 0xff, 0xff, 0xff, 0xff, 0xff, 0xff, 0xff, 0xff, 0xff, 0xff, 0xff, 0xff, 0xff, 0xff
.byte 0xff, 0xff, 0xff, 0xff, 0xff, 0xff, 0xff, 0xff, 0xff, 0xff, 0xff, 0xff, 0xff, 0xff, 0xff, 0xff
.byte 0xff, 0xff, 0xff, 0xff, 0xff, 0xff, 0xff, 0xff, 0xff, 0xff, 0xff, 0xff, 0xff, 0xff, 0xff, 0xff
.byte 0xff, 0xff, 0xff, 0xff, 0xff, 0xff, 0xff, 0xff, 0xff, 0xff, 0xff, 0xff, 0xff, 0xff, 0xff, 0xff
.byte 0xff, 0xff, 0xff, 0xff, 0xff, 0xff, 0xff, 0xff, 0xff, 0xff, 0xff, 0xff, 0xff, 0xff, 0xff, 0xff
.byte 0xff, 0xff, 0xff, 0xff, 0xff, 0xff, 0xff, 0xff, 0xff, 0xff, 0xff, 0xff, 0xff, 0xff, 0xff, 0xff
.byte 0xff, 0xff, 0xff, 0xff, 0xff, 0xff, 0xff, 0xff, 0xff, 0xff, 0xff, 0xff, 0xff, 0xff, 0xff, 0xff
.byte 0xff, 0xff, 0xff, 0xff, 0xff, 0xff, 0xff, 0xff, 0xff, 0xff, 0xff, 0xff, 0xff, 0xff, 0xff, 0xff
.byte 0xff, 0xff, 0xff, 0xff, 0xff, 0xff, 0xff, 0xff, 0xff, 0xff, 0xff, 0xff, 0xff, 0xff, 0xff, 0xff
.byte 0xff, 0xff, 0xff, 0xff, 0xff, 0xff, 0xff, 0xff, 0xff, 0xff, 0xff, 0xff, 0xff, 0xff, 0xff, 0xff
.byte 0xff, 0xff, 0xff, 0xff, 0xff, 0xff, 0xff, 0xff, 0xff, 0xff, 0xff, 0xff, 0xff, 0xff, 0xff, 0xff
.byte 0xff, 0xff, 0xff, 0xff, 0xff, 0xff, 0xff, 0xff, 0xff, 0xff, 0xff, 0xff, 0xff, 0xff, 0xff, 0xff
.byte 0xff, 0xff, 0xff, 0xff, 0xff, 0xff, 0xff, 0xff, 0xff, 0xff, 0xff, 0xff, 0xff, 0xff, 0xff, 0xff
.byte 0xff, 0xff, 0xff, 0xff, 0xff, 0xff, 0xff, 0xff, 0xff, 0xff, 0xff, 0xff, 0xff, 0xff, 0xff, 0xff
.byte 0xff, 0xff, 0xff, 0xff, 0xff, 0xff, 0xff, 0xff, 0xff, 0xff, 0xff, 0xff, 0xff, 0xff, 0xff, 0xff
.byte 0xff, 0xff, 0xff, 0xff, 0xff, 0xff, 0xff, 0xff, 0xff, 0xff, 0xff, 0xff, 0xff, 0xff, 0xff, 0xff
.byte 0xff, 0xff, 0xff, 0xff, 0xff, 0xff, 0xff, 0xff, 0xff, 0xff, 0xff, 0xff, 0xff, 0xff, 0xff, 0xff
.byte 0xff, 0xff, 0xff, 0xff, 0xff, 0xff, 0xff, 0xff, 0xff, 0xff, 0xff, 0xff, 0xff, 0xff, 0xff, 0xff
.byte 0xff, 0xff, 0xff, 0xff, 0xff, 0xff, 0xff, 0xff, 0xff, 0xff, 0xff, 0xff, 0xff, 0xff, 0xff, 0xff
.byte 0xff, 0xff, 0xff, 0xff, 0xff, 0xff, 0xff, 0xff, 0xff, 0xff, 0xff, 0xff, 0xff, 0xff, 0xff, 0xff
.byte 0xff, 0xff, 0xff, 0xff, 0xff, 0xff, 0xff, 0xff, 0xff, 0xff, 0xff, 0xff, 0xff, 0xff, 0xff, 0xff
.byte 0xff, 0xff, 0xff, 0xff, 0xff, 0xff, 0xff, 0xff, 0xff, 0xff, 0xff, 0xff, 0xff, 0xff, 0xff, 0xff
.byte 0xff, 0xff, 0xff, 0xff, 0xff, 0xff, 0xff, 0xff, 0xff, 0xff, 0xff, 0xff, 0xff, 0xff, 0xff, 0xff
.byte 0xff, 0xff, 0xff, 0xff, 0xff, 0xff, 0xff, 0xff, 0xff, 0xff, 0xff, 0xff, 0xff, 0xff, 0xff, 0xff
.byte 0xff, 0xff, 0xff, 0xff, 0xff, 0xff, 0xff, 0xff, 0xff, 0xff, 0xff, 0xff, 0xff, 0xff, 0xff, 0xff
.byte 0xff, 0xff, 0xff, 0xff, 0xff, 0xff, 0xff, 0xff, 0xff, 0xff, 0xff, 0xff, 0xff, 0xff, 0xff, 0xff
.byte 0xff, 0xff, 0xff, 0xff, 0xff, 0xff, 0xff, 0xff, 0xff, 0xff, 0xff, 0xff, 0xff, 0xff, 0xff, 0xff
.byte 0xff, 0xff, 0xff, 0xff, 0xff, 0xff, 0xff, 0xff, 0xff, 0xff, 0xff, 0xff, 0xff, 0xff, 0xff, 0xff
.byte 0xff, 0xff, 0xff, 0xff, 0xff, 0xff, 0xff, 0xff, 0xff, 0xff, 0xff, 0xff, 0xff, 0xff, 0xff, 0xff
.byte 0xff, 0xff, 0xff, 0xff, 0xff, 0xff, 0xff, 0xff, 0xff, 0xff, 0xff, 0xff, 0xff, 0xff, 0xff, 0xff
.byte 0xff, 0xff, 0xff, 0xff, 0xff, 0xff, 0xff, 0xff, 0xff, 0xff, 0xff, 0xff, 0xff, 0xff, 0xff, 0xff
.byte 0xff, 0xff, 0xff, 0xff, 0xff, 0xff, 0xff, 0xff, 0xff, 0xff, 0xff, 0xff, 0xff, 0xff, 0xff, 0xff
.byte 0xff, 0xff, 0xff, 0xff, 0xff, 0xff, 0xff, 0xff, 0xff, 0xff, 0xff, 0xff, 0xff, 0xff, 0xff, 0xff
.byte 0xff, 0xff, 0xff, 0xff, 0xff, 0xff, 0xff, 0xff, 0xff, 0xff, 0xff, 0xff, 0xff, 0xff, 0xff, 0xff
.byte 0xff, 0xff, 0xff, 0xff, 0xff, 0xff, 0xff, 0xff, 0xff, 0xff, 0xff, 0xff, 0xff, 0xff, 0xff, 0xff
.byte 0xff, 0xff, 0xff, 0xff, 0xff, 0xff, 0xff, 0xff, 0xff, 0xff, 0xff, 0xff, 0xff, 0xff, 0xff, 0xff
.byte 0xff, 0xff, 0xff, 0xff, 0xff, 0xff, 0xff, 0xff, 0xff, 0xff, 0xff, 0xff, 0xff, 0xff, 0xff, 0xff
.byte 0xff, 0xff, 0xff, 0xff, 0xff, 0xff, 0xff, 0xff, 0xff, 0xff, 0xff, 0xff, 0xff, 0xff, 0xff, 0xff
.byte 0xff, 0xff, 0xff, 0xff, 0xff, 0xff, 0xff, 0xff, 0xff, 0xff, 0xff, 0xff, 0xff, 0xff, 0xff, 0xff
.byte 0xff, 0xff, 0xff, 0xff, 0xff, 0xff, 0xff, 0xff, 0xff, 0xff, 0xff, 0xff, 0xff, 0xff, 0xff, 0xff
.byte 0xff, 0xff, 0xff, 0xff, 0xff, 0xff, 0xff, 0xff, 0xfe, 0xfe, 0xfe, 0xff, 0xfa, 0xfa, 0xfa, 0xff
.byte 0xee, 0xee, 0xee, 0xff, 0xd7, 0xd7, 0xd7, 0xff, 0xb6, 0xb6, 0xb6, 0xff, 0x91, 0x91, 0x91, 0xff
.byte 0x72, 0x72, 0x72, 0xfc, 0x5d, 0x5d, 0x5d, 0xf2, 0x51, 0x51, 0x51, 0xd5, 0x4d, 0x4d, 0x4d, 0xa0
.byte 0x4b, 0x4b, 0x4b, 0x5f, 0x49, 0x49, 0x49, 0x2a, 0x4e, 0x4e, 0x4e, 0x0d, 0x55, 0x55, 0x55, 0x03
.byte 0x40, 0x40, 0x40, 0x04, 0x50, 0x50, 0x50, 0x10, 0x49, 0x49, 0x49, 0x31, 0x4b, 0x4b, 0x4b, 0x6a
.byte 0x4c, 0x4c, 0x4c, 0xab, 0x53, 0x53, 0x53, 0xdc, 0x61, 0x61, 0x61, 0xf5, 0x7a, 0x7a, 0x7a, 0xfd
.byte 0x9c, 0x9c, 0x9c, 0xff, 0xc2, 0xc2, 0xc2, 0xff, 0xe1, 0xe1, 0xe1, 0xff, 0xf4, 0xf4, 0xf4, 0xff
.byte 0xfc, 0xfc, 0xfc, 0xff, 0xfe, 0xfe, 0xfe, 0xff, 0xff, 0xff, 0xff, 0xff, 0xff, 0xff, 0xff, 0xff
.byte 0xff, 0xff, 0xff, 0xff, 0xff, 0xff, 0xff, 0xff, 0xff, 0xff, 0xff, 0xff, 0xff, 0xff, 0xff, 0xff
.byte 0xff, 0xff, 0xff, 0xff, 0xff, 0xff, 0xff, 0xff, 0xff, 0xff, 0xff, 0xff, 0xff, 0xff, 0xff, 0xff
.byte 0xff, 0xff, 0xff, 0xff, 0xff, 0xff, 0xff, 0xff, 0xff, 0xff, 0xff, 0xff, 0xff, 0xff, 0xff, 0xff
.byte 0xff, 0xff, 0xff, 0xff, 0xff, 0xff, 0xff, 0xff, 0xff, 0xff, 0xff, 0xff, 0xff, 0xff, 0xff, 0xff
.byte 0xff, 0xff, 0xff, 0xff, 0xff, 0xff, 0xff, 0xff, 0xff, 0xff, 0xff, 0xff, 0xff, 0xff, 0xff, 0xff
.byte 0xff, 0xff, 0xff, 0xff, 0xff, 0xff, 0xff, 0xff, 0xff, 0xff, 0xff, 0xff, 0xff, 0xff, 0xff, 0xff
.byte 0xff, 0xff, 0xff, 0xff, 0xff, 0xff, 0xff, 0xff, 0xff, 0xff, 0xff, 0xff, 0xff, 0xff, 0xff, 0xff
.byte 0xff, 0xff, 0xff, 0xff, 0xff, 0xff, 0xff, 0xff, 0xff, 0xff, 0xff, 0xff, 0xff, 0xff, 0xff, 0xff
.byte 0xff, 0xff, 0xff, 0xff, 0xff, 0xff, 0xff, 0xff, 0xff, 0xff, 0xff, 0xff, 0xff, 0xff, 0xff, 0xff
.byte 0xff, 0xff, 0xff, 0xff, 0xff, 0xff, 0xff, 0xff, 0xff, 0xff, 0xff, 0xff, 0xff, 0xff, 0xff, 0xff
.byte 0xff, 0xff, 0xff, 0xff, 0xff, 0xff, 0xff, 0xff, 0xff, 0xff, 0xff, 0xff, 0xff, 0xff, 0xff, 0xff
.byte 0xff, 0xff, 0xff, 0xff, 0xff, 0xff, 0xff, 0xff, 0xff, 0xff, 0xff, 0xff, 0xff, 0xff, 0xff, 0xff
.byte 0xff, 0xff, 0xff, 0xff, 0xff, 0xff, 0xff, 0xff, 0xff, 0xff, 0xff, 0xff, 0xff, 0xff, 0xff, 0xff
.byte 0xff, 0xff, 0xff, 0xff, 0xff, 0xff, 0xff, 0xff, 0xff, 0xff, 0xff, 0xff, 0xff, 0xff, 0xff, 0xff
.byte 0xff, 0xff, 0xff, 0xff, 0xff, 0xff, 0xff, 0xff, 0xff, 0xff, 0xff, 0xff, 0xff, 0xff, 0xff, 0xff
.byte 0xff, 0xff, 0xff, 0xff, 0xff, 0xff, 0xff, 0xff, 0xff, 0xff, 0xff, 0xff, 0xff, 0xff, 0xff, 0xff
.byte 0xff, 0xff, 0xff, 0xff, 0xff, 0xff, 0xff, 0xff, 0xff, 0xff, 0xff, 0xff, 0xff, 0xff, 0xff, 0xff
.byte 0xff, 0xff, 0xff, 0xff, 0xff, 0xff, 0xff, 0xff, 0xff, 0xff, 0xff, 0xff, 0xff, 0xff, 0xff, 0xff
.byte 0xff, 0xff, 0xff, 0xff, 0xff, 0xff, 0xff, 0xff, 0xff, 0xff, 0xff, 0xff, 0xff, 0xff, 0xff, 0xff
.byte 0xff, 0xff, 0xff, 0xff, 0xff, 0xff, 0xff, 0xff, 0xff, 0xff, 0xff, 0xff, 0xff, 0xff, 0xff, 0xff
.byte 0xff, 0xff, 0xff, 0xff, 0xff, 0xff, 0xff, 0xff, 0xff, 0xff, 0xff, 0xff, 0xff, 0xff, 0xff, 0xff
.byte 0xff, 0xff, 0xff, 0xff, 0xff, 0xff, 0xff, 0xff, 0xff, 0xff, 0xff, 0xff, 0xff, 0xff, 0xff, 0xff
.byte 0xff, 0xff, 0xff, 0xff, 0xff, 0xff, 0xff, 0xff, 0xff, 0xff, 0xff, 0xff, 0xff, 0xff, 0xff, 0xff
.byte 0xff, 0xff, 0xff, 0xff, 0xff, 0xff, 0xff, 0xff, 0xff, 0xff, 0xff, 0xff, 0xff, 0xff, 0xff, 0xff
.byte 0xff, 0xff, 0xff, 0xff, 0xff, 0xff, 0xff, 0xff, 0xff, 0xff, 0xff, 0xff, 0xff, 0xff, 0xff, 0xff
.byte 0xff, 0xff, 0xff, 0xff, 0xff, 0xff, 0xff, 0xff, 0xff, 0xff, 0xff, 0xff, 0xff, 0xff, 0xff, 0xff
.byte 0xff, 0xff, 0xff, 0xff, 0xff, 0xff, 0xff, 0xff, 0xff, 0xff, 0xff, 0xff, 0xff, 0xff, 0xff, 0xff
.byte 0xff, 0xff, 0xff, 0xff, 0xff, 0xff, 0xff, 0xff, 0xff, 0xff, 0xff, 0xff, 0xff, 0xff, 0xff, 0xff
.byte 0xff, 0xff, 0xff, 0xff, 0xff, 0xff, 0xff, 0xff, 0xff, 0xff, 0xff, 0xff, 0xff, 0xff, 0xff, 0xff
.byte 0xff, 0xff, 0xff, 0xff, 0xff, 0xff, 0xff, 0xff, 0xff, 0xff, 0xff, 0xff, 0xff, 0xff, 0xff, 0xff
.byte 0xff, 0xff, 0xff, 0xff, 0xff, 0xff, 0xff, 0xff, 0xff, 0xff, 0xff, 0xff, 0xff, 0xff, 0xff, 0xff
.byte 0xff, 0xff, 0xff, 0xff, 0xff, 0xff, 0xff, 0xff, 0xff, 0xff, 0xff, 0xff, 0xff, 0xff, 0xff, 0xff
.byte 0xff, 0xff, 0xff, 0xff, 0xff, 0xff, 0xff, 0xff, 0xff, 0xff, 0xff, 0xff, 0xff, 0xff, 0xff, 0xff
.byte 0xff, 0xff, 0xff, 0xff, 0xff, 0xff, 0xff, 0xff, 0xff, 0xff, 0xff, 0xff, 0xff, 0xff, 0xff, 0xff
.byte 0xff, 0xff, 0xff, 0xff, 0xff, 0xff, 0xff, 0xff, 0xff, 0xff, 0xff, 0xff, 0xff, 0xff, 0xff, 0xff
.byte 0xff, 0xff, 0xff, 0xff, 0xff, 0xff, 0xff, 0xff, 0xff, 0xff, 0xff, 0xff, 0xff, 0xff, 0xff, 0xff
.byte 0xff, 0xff, 0xff, 0xff, 0xff, 0xff, 0xff, 0xff, 0xff, 0xff, 0xff, 0xff, 0xff, 0xff, 0xff, 0xff
.byte 0xff, 0xff, 0xff, 0xff, 0xff, 0xff, 0xff, 0xff, 0xff, 0xff, 0xff, 0xff, 0xff, 0xff, 0xff, 0xff
.byte 0xff, 0xff, 0xff, 0xff, 0xff, 0xff, 0xff, 0xff, 0xff, 0xff, 0xff, 0xff, 0xff, 0xff, 0xff, 0xff
.byte 0xff, 0xff, 0xff, 0xff, 0xff, 0xff, 0xff, 0xff, 0xff, 0xff, 0xff, 0xff, 0xff, 0xff, 0xff, 0xff
.byte 0xff, 0xff, 0xff, 0xff, 0xff, 0xff, 0xff, 0xff, 0xff, 0xff, 0xff, 0xff, 0xff, 0xff, 0xff, 0xff
.byte 0xff, 0xff, 0xff, 0xff, 0xff, 0xff, 0xff, 0xff, 0xff, 0xff, 0xff, 0xff, 0xff, 0xff, 0xff, 0xff
.byte 0xff, 0xff, 0xff, 0xff, 0xff, 0xff, 0xff, 0xff, 0xff, 0xff, 0xff, 0xff, 0xff, 0xff, 0xff, 0xff
.byte 0xff, 0xff, 0xff, 0xff, 0xff, 0xff, 0xff, 0xff, 0xff, 0xff, 0xff, 0xff, 0xff, 0xff, 0xff, 0xff
.byte 0xff, 0xff, 0xff, 0xff, 0xff, 0xff, 0xff, 0xff, 0xff, 0xff, 0xff, 0xff, 0xff, 0xff, 0xff, 0xff
.byte 0xff, 0xff, 0xff, 0xff, 0xff, 0xff, 0xff, 0xff, 0xff, 0xff, 0xff, 0xff, 0xff, 0xff, 0xff, 0xff
.byte 0xff, 0xff, 0xff, 0xff, 0xff, 0xff, 0xff, 0xff, 0xff, 0xff, 0xff, 0xff, 0xff, 0xff, 0xff, 0xff
.byte 0xff, 0xff, 0xff, 0xff, 0xff, 0xff, 0xff, 0xff, 0xff, 0xff, 0xff, 0xff, 0xff, 0xff, 0xff, 0xff
.byte 0xff, 0xff, 0xff, 0xff, 0xff, 0xff, 0xff, 0xff, 0xff, 0xff, 0xff, 0xff, 0xff, 0xff, 0xff, 0xff
.byte 0xff, 0xff, 0xff, 0xff, 0xff, 0xff, 0xff, 0xff, 0xff, 0xff, 0xff, 0xff, 0xff, 0xff, 0xff, 0xff
.byte 0xff, 0xff, 0xff, 0xff, 0xff, 0xff, 0xff, 0xff, 0xff, 0xff, 0xff, 0xff, 0xff, 0xff, 0xff, 0xff
.byte 0xff, 0xff, 0xff, 0xff, 0xff, 0xff, 0xff, 0xff, 0xff, 0xff, 0xff, 0xff, 0xff, 0xff, 0xff, 0xff
.byte 0xff, 0xff, 0xff, 0xff, 0xff, 0xff, 0xff, 0xff, 0xff, 0xff, 0xff, 0xff, 0xff, 0xff, 0xff, 0xff
.byte 0xff, 0xff, 0xff, 0xff, 0xff, 0xff, 0xff, 0xff, 0xff, 0xff, 0xff, 0xff, 0xff, 0xff, 0xff, 0xff
.byte 0xff, 0xff, 0xff, 0xff, 0xff, 0xff, 0xff, 0xff, 0xff, 0xff, 0xff, 0xff, 0xff, 0xff, 0xff, 0xff
.byte 0xff, 0xff, 0xff, 0xff, 0xff, 0xff, 0xff, 0xff, 0xff, 0xff, 0xff, 0xff, 0xff, 0xff, 0xff, 0xff
.byte 0xff, 0xff, 0xff, 0xff, 0xff, 0xff, 0xff, 0xff, 0xff, 0xff, 0xff, 0xff, 0xfc, 0xfc, 0xfc, 0xff
.byte 0xf4, 0xf4, 0xf4, 0xff, 0xe1, 0xe1, 0xe1, 0xff, 0xc2, 0xc2, 0xc2, 0xff, 0x9c, 0x9c, 0x9c, 0xff
.byte 0x7a, 0x7a, 0x7a, 0xfd, 0x62, 0x62, 0x62, 0xf5, 0x53, 0x53, 0x53, 0xdc, 0x4c, 0x4c, 0x4c, 0xab
.byte 0x4b, 0x4b, 0x4b, 0x6a, 0x47, 0x47, 0x47, 0x32, 0x4b, 0x4b, 0x4b, 0x11, 0x40, 0x40, 0x40, 0x04
.byte 0x33, 0x33, 0x33, 0x05, 0x49, 0x49, 0x49, 0x15, 0x49, 0x49, 0x49, 0x3b, 0x4c, 0x4c, 0x4c, 0x76
.byte 0x4d, 0x4d, 0x4d, 0xb5, 0x56, 0x56, 0x56, 0xe2, 0x66, 0x66, 0x66, 0xf7, 0x82, 0x82, 0x82, 0xfe
.byte 0xa6, 0xa6, 0xa6, 0xff, 0xcc, 0xcc, 0xcc, 0xff, 0xe8, 0xe8, 0xe8, 0xff, 0xf7, 0xf7, 0xf7, 0xff
.byte 0xfd, 0xfd, 0xfd, 0xff, 0xff, 0xff, 0xff, 0xff, 0xff, 0xff, 0xff, 0xff, 0xff, 0xff, 0xff, 0xff
.byte 0xff, 0xff, 0xff, 0xff, 0xff, 0xff, 0xff, 0xff, 0xff, 0xff, 0xff, 0xff, 0xff, 0xff, 0xff, 0xff
.byte 0xff, 0xff, 0xff, 0xff, 0xff, 0xff, 0xff, 0xff, 0xff, 0xff, 0xff, 0xff, 0xff, 0xff, 0xff, 0xff
.byte 0xff, 0xff, 0xff, 0xff, 0xff, 0xff, 0xff, 0xff, 0xff, 0xff, 0xff, 0xff, 0xff, 0xff, 0xff, 0xff
.byte 0xff, 0xff, 0xff, 0xff, 0xff, 0xff, 0xff, 0xff, 0xff, 0xff, 0xff, 0xff, 0xff, 0xff, 0xff, 0xff
.byte 0xff, 0xff, 0xff, 0xff, 0xff, 0xff, 0xff, 0xff, 0xff, 0xff, 0xff, 0xff, 0xff, 0xff, 0xff, 0xff
.byte 0xff, 0xff, 0xff, 0xff, 0xff, 0xff, 0xff, 0xff, 0xff, 0xff, 0xff, 0xff, 0xff, 0xff, 0xff, 0xff
.byte 0xff, 0xff, 0xff, 0xff, 0xff, 0xff, 0xff, 0xff, 0xff, 0xff, 0xff, 0xff, 0xff, 0xff, 0xff, 0xff
.byte 0xff, 0xff, 0xff, 0xff, 0xff, 0xff, 0xff, 0xff, 0xff, 0xff, 0xff, 0xff, 0xff, 0xff, 0xff, 0xff
.byte 0xff, 0xff, 0xff, 0xff, 0xff, 0xff, 0xff, 0xff, 0xff, 0xff, 0xff, 0xff, 0xff, 0xff, 0xff, 0xff
.byte 0xff, 0xff, 0xff, 0xff, 0xff, 0xff, 0xff, 0xff, 0xff, 0xff, 0xff, 0xff, 0xff, 0xff, 0xff, 0xff
.byte 0xff, 0xff, 0xff, 0xff, 0xff, 0xff, 0xff, 0xff, 0xff, 0xff, 0xff, 0xff, 0xff, 0xff, 0xff, 0xff
.byte 0xff, 0xff, 0xff, 0xff, 0xff, 0xff, 0xff, 0xff, 0xff, 0xff, 0xff, 0xff, 0xff, 0xff, 0xff, 0xff
.byte 0xff, 0xff, 0xff, 0xff, 0xff, 0xff, 0xff, 0xff, 0xff, 0xff, 0xff, 0xff, 0xff, 0xff, 0xff, 0xff
.byte 0xff, 0xff, 0xff, 0xff, 0xff, 0xff, 0xff, 0xff, 0xff, 0xff, 0xff, 0xff, 0xff, 0xff, 0xff, 0xff
.byte 0xff, 0xff, 0xff, 0xff, 0xff, 0xff, 0xff, 0xff, 0xff, 0xff, 0xff, 0xff, 0xff, 0xff, 0xff, 0xff
.byte 0xff, 0xff, 0xff, 0xff, 0xff, 0xff, 0xff, 0xff, 0xff, 0xff, 0xff, 0xff, 0xff, 0xff, 0xff, 0xff
.byte 0xff, 0xff, 0xff, 0xff, 0xff, 0xff, 0xff, 0xff, 0xff, 0xff, 0xff, 0xff, 0xff, 0xff, 0xff, 0xff
.byte 0xff, 0xff, 0xff, 0xff, 0xff, 0xff, 0xff, 0xff, 0xff, 0xff, 0xff, 0xff, 0xff, 0xff, 0xff, 0xff
.byte 0xff, 0xff, 0xff, 0xff, 0xff, 0xff, 0xff, 0xff, 0xff, 0xff, 0xff, 0xff, 0xff, 0xff, 0xff, 0xff
.byte 0xff, 0xff, 0xff, 0xff, 0xff, 0xff, 0xff, 0xff, 0xff, 0xff, 0xff, 0xff, 0xff, 0xff, 0xff, 0xff
.byte 0xff, 0xff, 0xff, 0xff, 0xff, 0xff, 0xff, 0xff, 0xff, 0xff, 0xff, 0xff, 0xff, 0xff, 0xff, 0xff
.byte 0xff, 0xff, 0xff, 0xff, 0xff, 0xff, 0xff, 0xff, 0xff, 0xff, 0xff, 0xff, 0xff, 0xff, 0xff, 0xff
.byte 0xff, 0xff, 0xff, 0xff, 0xff, 0xff, 0xff, 0xff, 0xff, 0xff, 0xff, 0xff, 0xff, 0xff, 0xff, 0xff
.byte 0xff, 0xff, 0xff, 0xff, 0xff, 0xff, 0xff, 0xff, 0xff, 0xff, 0xff, 0xff, 0xff, 0xff, 0xff, 0xff
.byte 0xff, 0xff, 0xff, 0xff, 0xff, 0xff, 0xff, 0xff, 0xff, 0xff, 0xff, 0xff, 0xff, 0xff, 0xff, 0xff
.byte 0xff, 0xff, 0xff, 0xff, 0xff, 0xff, 0xff, 0xff, 0xff, 0xff, 0xff, 0xff, 0xff, 0xff, 0xff, 0xff
.byte 0xff, 0xff, 0xff, 0xff, 0xff, 0xff, 0xff, 0xff, 0xff, 0xff, 0xff, 0xff, 0xff, 0xff, 0xff, 0xff
.byte 0xff, 0xff, 0xff, 0xff, 0xff, 0xff, 0xff, 0xff, 0xff, 0xff, 0xff, 0xff, 0xff, 0xff, 0xff, 0xff
.byte 0xff, 0xff, 0xff, 0xff, 0xff, 0xff, 0xff, 0xff, 0xff, 0xff, 0xff, 0xff, 0xff, 0xff, 0xff, 0xff
.byte 0xff, 0xff, 0xff, 0xff, 0xff, 0xff, 0xff, 0xff, 0xff, 0xff, 0xff, 0xff, 0xff, 0xff, 0xff, 0xff
.byte 0xff, 0xff, 0xff, 0xff, 0xff, 0xff, 0xff, 0xff, 0xff, 0xff, 0xff, 0xff, 0xff, 0xff, 0xff, 0xff
.byte 0xff, 0xff, 0xff, 0xff, 0xff, 0xff, 0xff, 0xff, 0xff, 0xff, 0xff, 0xff, 0xff, 0xff, 0xff, 0xff
.byte 0xff, 0xff, 0xff, 0xff, 0xff, 0xff, 0xff, 0xff, 0xff, 0xff, 0xff, 0xff, 0xff, 0xff, 0xff, 0xff
.byte 0xff, 0xff, 0xff, 0xff, 0xff, 0xff, 0xff, 0xff, 0xff, 0xff, 0xff, 0xff, 0xff, 0xff, 0xff, 0xff
.byte 0xff, 0xff, 0xff, 0xff, 0xff, 0xff, 0xff, 0xff, 0xff, 0xff, 0xff, 0xff, 0xff, 0xff, 0xff, 0xff
.byte 0xff, 0xff, 0xff, 0xff, 0xff, 0xff, 0xff, 0xff, 0xff, 0xff, 0xff, 0xff, 0xff, 0xff, 0xff, 0xff
.byte 0xff, 0xff, 0xff, 0xff, 0xff, 0xff, 0xff, 0xff, 0xff, 0xff, 0xff, 0xff, 0xff, 0xff, 0xff, 0xff
